{
  "metadata": {
    "run_name": "noise8__homogeneous__global-dp__fedavg__nm0p01",
    "data_module": "experiments.reproduce.dataset.alzheimer:create_data_module",
    "partition_mode": "homogeneous",
    "partition_profile": "auto",
    "privacy": "global-dp",
    "aggregation": "fedavg",
    "seed": 42,
    "num_clients": 8,
    "rounds": 20,
    "local_epochs": 5,
    "noise_multiplier": 0.01,
    "clipping_norm": 5.0,
    "initialization_pretrained": false,
    "initialization_epochs": 0,
    "initialization_final_loss": null
  },
  "train_metrics": {
    "1": {
      "train_loss": 1.0449264668859541,
      "train_loss_mean": 1.078122192900628
    },
    "2": {
      "train_loss": 1.0094129769131541,
      "train_loss_mean": 1.0455840920098125
    },
    "3": {
      "train_loss": 0.9531351341865957,
      "train_loss_mean": 0.9933942312374711
    },
    "4": {
      "train_loss": 0.8995919409208,
      "train_loss_mean": 0.9470982558093964
    },
    "5": {
      "train_loss": 0.8403929090127349,
      "train_loss_mean": 0.897008467745036
    },
    "6": {
      "train_loss": 0.7864275868050754,
      "train_loss_mean": 0.8497521899640559
    },
    "7": {
      "train_loss": 0.6938112741336226,
      "train_loss_mean": 0.7928397231269628
    },
    "8": {
      "train_loss": 0.5823149052448571,
      "train_loss_mean": 0.7083969192579389
    },
    "9": {
      "train_loss": 0.4820071735884994,
      "train_loss_mean": 0.6237914687488229
    },
    "10": {
      "train_loss": 0.3721670306986198,
      "train_loss_mean": 0.5267498958623036
    },
    "11": {
      "train_loss": 0.2867493987432681,
      "train_loss_mean": 0.44739354547346016
    },
    "12": {
      "train_loss": 0.2206524793873541,
      "train_loss_mean": 0.3768984251422807
    },
    "13": {
      "train_loss": 0.16512799836345948,
      "train_loss_mean": 0.30737594967940823
    },
    "14": {
      "train_loss": 0.12998243609035853,
      "train_loss_mean": 0.25203516058682
    },
    "15": {
      "train_loss": 0.11257221986306831,
      "train_loss_mean": 0.2103288208862068
    },
    "16": {
      "train_loss": 0.09472000721143559,
      "train_loss_mean": 0.17246532263379777
    },
    "17": {
      "train_loss": 0.07565445489308331,
      "train_loss_mean": 0.14549915784737094
    },
    "18": {
      "train_loss": 0.0645121283523622,
      "train_loss_mean": 0.12246889261950857
    },
    "19": {
      "train_loss": 0.06675873510175734,
      "train_loss_mean": 0.10751379063804051
    },
    "20": {
      "train_loss": 0.060768200830352725,
      "train_loss_mean": 0.10100228111950856
    }
  },
  "client_evaluate_metrics": {
    "1": {
      "eval_loss": 1.1712488681077957,
      "eval_acc": 0.5
    },
    "2": {
      "eval_loss": 1.0630002599209547,
      "eval_acc": 0.5185546875
    },
    "3": {
      "eval_loss": 0.9541787747293711,
      "eval_acc": 0.533203125
    },
    "4": {
      "eval_loss": 0.9045242723077536,
      "eval_acc": 0.5478515625
    },
    "5": {
      "eval_loss": 0.8559982981532812,
      "eval_acc": 0.6005859375
    },
    "6": {
      "eval_loss": 0.8111983202397823,
      "eval_acc": 0.6259765625
    },
    "7": {
      "eval_loss": 0.7611908260732889,
      "eval_acc": 0.6513671875
    },
    "8": {
      "eval_loss": 0.7018125206232071,
      "eval_acc": 0.6875
    },
    "9": {
      "eval_loss": 0.6484918417409062,
      "eval_acc": 0.70703125
    },
    "10": {
      "eval_loss": 0.6066400678828359,
      "eval_acc": 0.7255859375
    },
    "11": {
      "eval_loss": 0.5545285306870937,
      "eval_acc": 0.7734375
    },
    "12": {
      "eval_loss": 0.5100585292093456,
      "eval_acc": 0.7802734375
    },
    "13": {
      "eval_loss": 0.4699227539822459,
      "eval_acc": 0.8056640625
    },
    "14": {
      "eval_loss": 0.411736459704116,
      "eval_acc": 0.830078125
    },
    "15": {
      "eval_loss": 0.3787118997424841,
      "eval_acc": 0.8486328125
    },
    "16": {
      "eval_loss": 0.3227846948429942,
      "eval_acc": 0.8779296875
    },
    "17": {
      "eval_loss": 0.2910388349555433,
      "eval_acc": 0.8984375
    },
    "18": {
      "eval_loss": 0.27769594627898186,
      "eval_acc": 0.8974609375
    },
    "19": {
      "eval_loss": 0.24190806201659143,
      "eval_acc": 0.9091796875
    },
    "20": {
      "eval_loss": 0.22267542756162584,
      "eval_acc": 0.9267578125
    }
  },
  "server_evaluate_metrics": {
    "0": {
      "loss": 1.4405663669109345,
      "accuracy": 0.0109375,
      "f1": 0.0002366692426584235,
      "precision": 0.00011962890624999998,
      "auc": 0.22917846679687504
    },
    "1": {
      "loss": 1.172312593460083,
      "accuracy": 0.4953125,
      "f1": 0.3281380616509927,
      "precision": 0.24533447265625,
      "auc": 0.8043221028645833
    },
    "2": {
      "loss": 1.0654805243015288,
      "accuracy": 0.5140625,
      "f1": 0.37722134815421665,
      "precision": 0.42927392870385084,
      "auc": 0.8078914388020834
    },
    "3": {
      "loss": 0.9653686970472336,
      "accuracy": 0.4984375,
      "f1": 0.3818477546035325,
      "precision": 0.36250039160401004,
      "auc": 0.8248282877604167
    },
    "4": {
      "loss": 0.9244131922721863,
      "accuracy": 0.5171875,
      "f1": 0.429109887718844,
      "precision": 0.5412506444406255,
      "auc": 0.8319864908854167
    },
    "5": {
      "loss": 0.8870033472776413,
      "accuracy": 0.5828125,
      "f1": 0.551447016966998,
      "precision": 0.5911345354721886,
      "auc": 0.8499365234374999
    },
    "6": {
      "loss": 0.8583418786525726,
      "accuracy": 0.609375,
      "f1": 0.601195270937254,
      "precision": 0.5973605374867015,
      "auc": 0.8621712239583332
    },
    "7": {
      "loss": 0.8224569976329803,
      "accuracy": 0.628125,
      "f1": 0.6157611398424694,
      "precision": 0.6132393387862137,
      "auc": 0.8747216796874999
    },
    "8": {
      "loss": 0.7742675602436065,
      "accuracy": 0.6578125,
      "f1": 0.6514580841095237,
      "precision": 0.6472640987484738,
      "auc": 0.89026611328125
    },
    "9": {
      "loss": 0.7255728155374527,
      "accuracy": 0.6875,
      "f1": 0.6814906936874969,
      "precision": 0.6850758304195803,
      "auc": 0.9063761393229167
    },
    "10": {
      "loss": 0.6962539955973626,
      "accuracy": 0.715625,
      "f1": 0.7057631963815132,
      "precision": 0.7034781431481022,
      "auc": 0.91861328125
    },
    "11": {
      "loss": 0.6503235921263695,
      "accuracy": 0.7453125,
      "f1": 0.7386945906716524,
      "precision": 0.7358132089226407,
      "auc": 0.93177734375
    },
    "12": {
      "loss": 0.6177097499370575,
      "accuracy": 0.7578125,
      "f1": 0.7493691515979909,
      "precision": 0.7484483082531627,
      "auc": 0.9404833984375001
    },
    "13": {
      "loss": 0.5952313050627709,
      "accuracy": 0.775,
      "f1": 0.7689943274663656,
      "precision": 0.7646628394074833,
      "auc": 0.9496968587239584
    },
    "14": {
      "loss": 0.5544437676668167,
      "accuracy": 0.8078125,
      "f1": 0.8022024931446788,
      "precision": 0.7978527845066162,
      "auc": 0.9582438151041667
    },
    "15": {
      "loss": 0.5224288545548916,
      "accuracy": 0.8328125,
      "f1": 0.8268414837571914,
      "precision": 0.8228544218967606,
      "auc": 0.9643611653645833
    },
    "16": {
      "loss": 0.44829104989767077,
      "accuracy": 0.859375,
      "f1": 0.8590548278427699,
      "precision": 0.8604499992222514,
      "auc": 0.9718579101562499
    },
    "17": {
      "loss": 0.4234965030103922,
      "accuracy": 0.8671875,
      "f1": 0.8666264910165783,
      "precision": 0.8674962700071015,
      "auc": 0.9750830078125
    },
    "18": {
      "loss": 0.41998550966382026,
      "accuracy": 0.8875,
      "f1": 0.887106820991707,
      "precision": 0.8887306073249672,
      "auc": 0.9769409179687499
    },
    "19": {
      "loss": 0.3742200840264559,
      "accuracy": 0.9109375,