{
  "metadata": {
    "run_name": "noise8__homogeneous__global-dp__fedavg__nm0p1",
    "data_module": "experiments.reproduce.dataset.alzheimer:create_data_module",
    "partition_mode": "homogeneous",
    "partition_profile": "auto",
    "privacy": "global-dp",
    "aggregation": "fedavg",
    "seed": 42,
    "num_clients": 8,
    "rounds": 20,
    "local_epochs": 5,
    "noise_multiplier": 0.1,
    "clipping_norm": 5.0,
    "initialization_pretrained": false,
    "initialization_epochs": 0,
    "initialization_final_loss": null
  },
  "train_metrics": {
    "1": {
      "train_loss": 1.0449264668859541,
      "train_loss_mean": 1.078122192900628
    },
    "2": {
      "train_loss": 1.016216340009123,
      "train_loss_mean": 1.0761734128929674
    },
    "3": {
      "train_loss": 0.972241832409054,
      "train_loss_mean": 1.071995999291539
    },
    "4": {
      "train_loss": 0.9740764051675797,
      "train_loss_mean": 1.0621351088397204
    },
    "5": {
      "train_loss": 0.9707493744790554,
      "train_loss_mean": 1.0825357642956077
    },
    "6": {
      "train_loss": 0.9919280833564699,
      "train_loss_mean": 1.0767286267131566
    },
    "7": {
      "train_loss": 1.0360496048815548,
      "train_loss_mean": 1.094838355574757
    },
    "8": {
      "train_loss": 1.0936148748733103,
      "train_loss_mean": 1.132876854389906
    },
    "9": {
      "train_loss": 1.0503398631699383,
      "train_loss_mean": 1.0658617134205997
    },
    "10": {
      "train_loss": 1.040395895484835,
      "train_loss_mean": 1.049325487483293
    },
    "11": {
      "train_loss": 1.0424309931695461,
      "train_loss_mean": 1.052337305061519
    },
    "12": {
      "train_loss": 1.0373850469477475,
      "train_loss_mean": 1.070829474274069
    },
    "13": {
      "train_loss": 1.0387216601520777,
      "train_loss_mean": 1.0423901150934398
    },
    "14": {
      "train_loss": 1.0391877004876733,
      "train_loss_mean": 1.0649354428052902
    },
    "15": {
      "train_loss": 1.0392197570763528,
      "train_loss_mean": 1.0422516592778266
    },
    "16": {
      "train_loss": 1.03833102947101,
      "train_loss_mean": 1.0533558354713022
    },
    "17": {
      "train_loss": 1.0377154177986085,
      "train_loss_mean": 1.0819036387838423
    },
    "18": {
      "train_loss": 1.0381111069582403,
      "train_loss_mean": 1.0407598961144686
    },
    "19": {
      "train_loss": 1.0384481227956712,
      "train_loss_mean": 1.0482179532758893
    },
    "20": {
      "train_loss": 1.038501504343003,
      "train_loss_mean": 1.041875992156565
    }
  },
  "client_evaluate_metrics": {
    "1": {
      "eval_loss": 1.0658854320645332,
      "eval_acc": 0.5
    },
    "2": {
      "eval_loss": 2.2816467359662056,
      "eval_acc": 0.3515625
    },
    "3": {
      "eval_loss": 1.251017702743411,
      "eval_acc": 0.46875
    },
    "4": {
      "eval_loss": 1.2758696042001247,
      "eval_acc": 0.35546875
    },
    "5": {
      "eval_loss": 1.1167022082954645,
      "eval_acc": 0.484375
    },
    "6": {
      "eval_loss": 1.232891708612442,
      "eval_acc": 0.353515625
    },
    "7": {
      "eval_loss": 1.16838064417243,
      "eval_acc": 0.37109375
    },
    "8": {
      "eval_loss": 1.0722287651151419,
      "eval_acc": 0.49609375
    },
    "9": {
      "eval_loss": 1.0421217400580645,
      "eval_acc": 0.5
    },
    "10": {
      "eval_loss": 1.0900383833795786,
      "eval_acc": 0.490234375
    },
    "11": {
      "eval_loss": 1.2415168900042772,
      "eval_acc": 0.5009765625
    },
    "12": {
      "eval_loss": 1.0386975388973951,
      "eval_acc": 0.5
    },
    "13": {
      "eval_loss": 1.0777797903865576,
      "eval_acc": 0.5
    },
    "14": {
      "eval_loss": 1.0284883342683315,
      "eval_acc": 0.5
    },
    "15": {
      "eval_loss": 1.033065415918827,
      "eval_acc": 0.505859375
    },
    "16": {
      "eval_loss": 3.9291737899184227,
      "eval_acc": 0.4990234375
    },
    "17": {
      "eval_loss": 1.031632585451007,
      "eval_acc": 0.5
    },
    "18": {
      "eval_loss": 1.1891496963799,
      "eval_acc": 0.5
    },
    "19": {
      "eval_loss": 1.0352508518844843,
      "eval_acc": 0.5
    },
    "20": {
      "eval_loss": 1.043383264914155,
      "eval_acc": 0.5
    }
  },
  "server_evaluate_metrics": {
    "0": {
      "loss": 1.4405663669109345,
      "accuracy": 0.0109375,
      "f1": 0.0002366692426584235,
      "precision": 0.00011962890624999998,
      "auc": 0.22917846679687504
    },
    "1": {
      "loss": 1.0689716398715974,
      "accuracy": 0.4953125,
      "f1": 0.3281380616509927,
      "precision": 0.24533447265625,
      "auc": 0.7814786783854167
    },
    "2": {
      "loss": 2.241082453727722,
      "accuracy": 0.359375,
      "f1": 0.19001436781609196,
      "precision": 0.129150390625,
      "auc": 0.7329597981770832
    },
    "3": {
      "loss": 1.2597605407238006,
      "accuracy": 0.4140625,
      "f1": 0.36992216747052986,
      "precision": 0.39354876435669117,
      "auc": 0.7618001302083333
    },
    "4": {
      "loss": 1.2893660128116609,
      "accuracy": 0.3375,
      "f1": 0.2553945918980688,
      "precision": 0.3477479438800194,
      "auc": 0.6348527018229166
    },
    "5": {
      "loss": 1.1324595749378203,
      "accuracy": 0.490625,
      "f1": 0.3826079623857981,
      "precision": 0.4250982509421483,
      "auc": 0.7582828776041667
    },
    "6": {
      "loss": 1.2318301677703858,
      "accuracy": 0.3625,
      "f1": 0.2046898602887212,
      "precision": 0.4044574859130129,
      "auc": 0.7342692057291667
    },
    "7": {
      "loss": 1.1612100720405578,
      "accuracy": 0.3859375,
      "f1": 0.2692955732300944,
      "precision": 0.44415406327770457,
      "auc": 0.7462972005208333
    },
    "8": {
      "loss": 1.0742303848266601,
      "accuracy": 0.4921875,
      "f1": 0.3267506544502618,
      "precision": 0.24455084247648906,
      "auc": 0.7797631835937501
    },
    "9": {
      "loss": 1.0456802487373351,
      "accuracy": 0.4953125,
      "f1": 0.3281380616509927,
      "precision": 0.24533447265625,
      "auc": 0.7798445638020833
    },
    "10": {
      "loss": 1.074408659338951,
      "accuracy": 0.484375,
      "f1": 0.3576740728272457,
      "precision": 0.36258789100541466,
      "auc": 0.7711458333333333
    },
    "11": {
      "loss": 1.25722776055336,
      "accuracy": 0.4953125,
      "f1": 0.34277346288834,
      "precision": 0.36705166666666666,
      "auc": 0.7675244140624999
    },
    "12": {
      "loss": 1.0446943163871765,
      "accuracy": 0.4953125,
      "f1": 0.3281380616509927,
      "precision": 0.24533447265625,
      "auc": 0.7796875000000001
    },
    "13": {
      "loss": 1.0557751417160035,
      "accuracy": 0.4953125,
      "f1": 0.3281380616509927,
      "precision": 0.24533447265625,
      "auc": 0.7832194010416667
    },
    "14": {
      "loss": 1.0373491406440736,
      "accuracy": 0.49375,
      "f1": 0.3274450836820083,
      "precision": 0.24494327073552427,
      "auc": 0.7787931315104167
    },
    "15": {
      "loss": 1.0552990555763244,
      "accuracy": 0.4984375,
      "f1": 0.3379964352762381,
      "precision": 0.462111220472441,
      "auc": 0.7803499348958333
    },
    "16": {
      "loss": 4.562384217977524,
      "accuracy": 0.4953125,
      "f1": 0.3281380616509927,
      "precision": 0.24533447265625,
      "auc": 0.714693603515625
    },
    "17": {
      "loss": 1.0382298976182938,
      "accuracy": 0.4953125,
      "f1": 0.3281380616509927,
      "precision": 0.24533447265625,
      "auc": 0.7796875000000001
    },
    "18": {
      "loss": 1.1032256603240966,
      "accuracy": 0.4953125,
      "f1": 0.3281380616509927,
      "precision": 0.24533447265625,
      "auc": 0.7735847981770834
    },
    "19": {
      "loss": 1.0445033013820648,
      "accuracy": 0.4953125,
      "f1": 0.3281380616509927,
      "precision": 0.24533447265625,
      "auc": 0.7796875000000001
    },