{
  "metadata": {
    "run_name": "noise8__non-iid__global-dp__fedavg__nm0p05",
    "data_module": "experiments.reproduce.dataset.alzheimer:create_data_module",
    "partition_mode": "non-iid",
    "partition_profile": "auto",
    "privacy": "global-dp",
    "aggregation": "fedavg",
    "seed": 42,
    "num_clients": 8,
    "rounds": 20,
    "local_epochs": 5,
    "noise_multiplier": 0.05,
    "clipping_norm": 5.0,
    "initialization_pretrained": false,
    "initialization_epochs": 0,
    "initialization_final_loss": null
  },
  "train_metrics": {
    "1": {
      "train_loss": 1.0137197144973784,
      "train_loss_mean": 1.0642336435066413
    },
    "2": {
      "train_loss": 0.9748173925896418,
      "train_loss_mean": 1.0321566003732816
    },
    "3": {
      "train_loss": 0.9239981679812722,
      "train_loss_mean": 0.985136762000784
    },
    "4": {
      "train_loss": 0.8802851139479984,
      "train_loss_mean": 0.9446439824368701
    },
    "5": {
      "train_loss": 0.7960486245201923,
      "train_loss_mean": 0.8953611067754207
    },
    "6": {
      "train_loss": 0.748804214615675,
      "train_loss_mean": 0.8637556779046844
    },
    "7": {
      "train_loss": 0.66325701409919,
      "train_loss_mean": 0.8026570471193829
    },
    "8": {
      "train_loss": 0.5817645766936573,
      "train_loss_mean": 0.7499292518927169
    },
    "9": {
      "train_loss": 0.5142328420396427,
      "train_loss_mean": 0.6944382178547561
    },
    "10": {
      "train_loss": 0.4460671259191308,
      "train_loss_mean": 0.6583324183071597
    },
    "11": {
      "train_loss": 0.37882136125126636,
      "train_loss_mean": 0.6010910446447573
    },
    "12": {
      "train_loss": 0.3601298011515452,
      "train_loss_mean": 0.5865720860663716
    },
    "13": {
      "train_loss": 0.2605473737532212,
      "train_loss_mean": 0.48217898846349605
    },
    "14": {
      "train_loss": 0.24785756215482266,
      "train_loss_mean": 0.475880365936303
    },
    "15": {
      "train_loss": 0.23737168160294927,
      "train_loss_mean": 0.450166191978714
    },
    "16": {
      "train_loss": 0.26686865569223817,
      "train_loss_mean": 0.4834781486747588
    },
    "17": {
      "train_loss": 0.2438998658685027,
      "train_loss_mean": 0.4446866106330774
    },
    "18": {
      "train_loss": 0.20335768927916933,
      "train_loss_mean": 0.4175301719844545
    },
    "19": {
      "train_loss": 0.18264926859356453,
      "train_loss_mean": 0.3818840049152614
    },
    "20": {
      "train_loss": 0.19667279248957992,
      "train_loss_mean": 0.37238084126516824
    }
  },
  "client_evaluate_metrics": {
    "1": {
      "eval_loss": 1.1106477456483226,
      "eval_acc": 0.39473684210526305
    },
    "2": {
      "eval_loss": 1.0692294140075846,
      "eval_acc": 0.347953216374269
    },
    "3": {
      "eval_loss": 1.0036277798881306,
      "eval_acc": 0.5107212475633528
    },
    "4": {
      "eval_loss": 1.0257804128858778,
      "eval_acc": 0.4873294346978557
    },
    "5": {
      "eval_loss": 1.118622891967989,
      "eval_acc": 0.3752436647173489
    },
    "6": {
      "eval_loss": 0.9317290010856605,
      "eval_acc": 0.5175438596491228
    },
    "7": {
      "eval_loss": 0.8140660796249122,
      "eval_acc": 0.6111111111111109
    },
    "8": {
      "eval_loss": 0.8672161455870719,
      "eval_acc": 0.5857699805068226
    },
    "9": {
      "eval_loss": 0.8113007933104712,
      "eval_acc": 0.6354775828460038
    },
    "10": {
      "eval_loss": 0.7941449930778837,
      "eval_acc": 0.6237816764132553
    },
    "11": {
      "eval_loss": 0.8130173008402419,
      "eval_acc": 0.6549707602339182
    },
    "12": {
      "eval_loss": 0.7317380048697686,
      "eval_acc": 0.6861598440545809
    },
    "13": {
      "eval_loss": 0.8128991873524574,
      "eval_acc": 0.6773879142300194
    },
    "14": {
      "eval_loss": 0.8400471261384775,
      "eval_acc": 0.7270955165692008
    },
    "15": {
      "eval_loss": 1.0938303891558483,
      "eval_acc": 0.6559454191033138
    },
    "16": {
      "eval_loss": 1.0144749481267736,
      "eval_acc": 0.6959064327485378
    },
    "17": {
      "eval_loss": 0.730175185091721,
      "eval_acc": 0.7339181286549707
    },
    "18": {
      "eval_loss": 0.8257236609536769,
      "eval_acc": 0.7290448343079922
    },
    "19": {
      "eval_loss": 0.9839324733461605,
      "eval_acc": 0.7212475633528264
    },
    "20": {
      "eval_loss": 0.8944991735081581,
      "eval_acc": 0.7153996101364521
    }
  },
  "server_evaluate_metrics": {
    "0": {
      "loss": 1.4405663669109345,
      "accuracy": 0.0109375,
      "f1": 0.0002366692426584235,
      "precision": 0.00011962890624999998,
      "auc": 0.22917846679687504
    },
    "1": {
      "loss": 1.1064409375190736,
      "accuracy": 0.44375,
      "f1": 0.4030607556878434,
      "precision": 0.37302103694424343,
      "auc": 0.7882246907552083
    },
    "2": {
      "loss": 1.0633126139640807,
      "accuracy": 0.359375,
      "f1": 0.19001436781609196,
      "precision": 0.129150390625,
      "auc": 0.7660091145833333
    },
    "3": {
      "loss": 1.0064224123954773,
      "accuracy": 0.5171875,
      "f1": 0.3812411027439654,
      "precision": 0.43630499588815785,
      "auc": 0.82253173828125
    },
    "4": {
      "loss": 1.0258892923593521,
      "accuracy": 0.5,
      "f1": 0.4515139695561686,
      "precision": 0.6679011355616862,
      "auc": 0.81143310546875
    },
    "5": {
      "loss": 1.1229832768440247,
      "accuracy": 0.3921875,
      "f1": 0.2563101362915345,
      "precision": 0.6065462728008238,
      "auc": 0.7381339518229166
    },
    "6": {
      "loss": 0.9468611001968383,
      "accuracy": 0.521875,
      "f1": 0.38799161641305413,
      "precision": 0.6112784376571142,
      "auc": 0.8355322265624999
    },
    "7": {
      "loss": 0.8370611995458603,
      "accuracy": 0.584375,
      "f1": 0.5443953669976953,
      "precision": 0.5926747840655524,
      "auc": 0.8663777669270833
    },
    "8": {
      "loss": 0.9166416168212891,
      "accuracy": 0.584375,
      "f1": 0.517192381861733,
      "precision": 0.5998932515547832,
      "auc": 0.8479508463541666
    },
    "9": {
      "loss": 0.8456135869026185,
      "accuracy": 0.6078125,
      "f1": 0.5939324901978196,
      "precision": 0.5934396120749721,
      "auc": 0.8686824544270833
    },
    "10": {
      "loss": 0.8002681106328964,
      "accuracy": 0.6390625,
      "f1": 0.6224132928158896,
      "precision": 0.6500755910755911,
      "auc": 0.8840974934895833
    },
    "11": {
      "loss": 0.8386895835399628,
      "accuracy": 0.65625,
      "f1": 0.6524485354713792,
      "precision": 0.703666012296527,
      "auc": 0.8867830403645833
    },
    "12": {
      "loss": 0.7661029130220414,
      "accuracy": 0.684375,
      "f1": 0.6811970317068943,
      "precision": 0.6787060245913074,
      "auc": 0.8984627278645834
    },
    "13": {
      "loss": 0.8250247716903687,
      "accuracy": 0.6765625,
      "f1": 0.6741790162678096,
      "precision": 0.6907992410446623,
      "auc": 0.8949251302083334
    },
    "14": {
      "loss": 0.82110625654459,
      "accuracy": 0.740625,
      "f1": 0.7301742942399738,
      "precision": 0.7289422635758502,
      "auc": 0.9197688802083334
    },
    "15": {
      "loss": 1.0452763736248016,
      "accuracy": 0.6734375,
      "f1": 0.6485145116440736,
      "precision": 0.6886313254108591,
      "auc": 0.9021248372395834
    },
    "16": {
      "loss": 1.0815634548664093,
      "accuracy": 0.684375,
      "f1": 0.6513859659098721,
      "precision": 0.6944807443381366,
      "auc": 0.9063134765625
    },
    "17": {
      "loss": 0.7396540716290474,
      "accuracy": 0.7390625,
      "f1": 0.7303235815433345,
      "precision": 0.7263952752976189,
      "auc": 0.9312109375
    },
    "18": {
      "loss": 0.7998555123805999,
      "accuracy": 0.734375,
      "f1": 0.7267122081108651,