{
  "metadata": {
    "run_name": "noise8__non-iid__metric-privacy__fedavg__nm0p1",
    "data_module": "experiments.reproduce.dataset.alzheimer:create_data_module",
    "partition_mode": "non-iid",
    "partition_profile": "auto",
    "privacy": "metric-privacy",
    "aggregation": "fedavg",
    "seed": 42,
    "num_clients": 8,
    "rounds": 20,
    "local_epochs": 5,
    "noise_multiplier": 0.1,
    "clipping_norm": 5.0,
    "initialization_pretrained": false,
    "initialization_epochs": 0,
    "initialization_final_loss": null
  },
  "train_metrics": {
    "1": {
      "train_loss": 1.0137197144973784,
      "train_loss_mean": 1.0642336435066413,
      "metric-dp-distance": 1.4649773473308112,
      "metric-dp-noise-stdv": 0.042662775717232086
    },
    "2": {
      "train_loss": 0.9985752127260247,
      "train_loss_mean": 1.0452458390999726,
      "metric-dp-distance": 1.381598868407309,
      "metric-dp-noise-stdv": 0.045237442957701074
    },
    "3": {
      "train_loss": 0.9676558789271636,
      "train_loss_mean": 1.0166663534447924,
      "metric-dp-distance": 1.297873205660532,
      "metric-dp-noise-stdv": 0.048155705601605064
    },
    "4": {
      "train_loss": 0.9326014243717826,
      "train_loss_mean": 1.0048562886427248,
      "metric-dp-distance": 1.4045986118726432,
      "metric-dp-noise-stdv": 0.04449669782648693
    },
    "5": {
      "train_loss": 0.9082417369296507,
      "train_loss_mean": 0.9881007442138925,
      "metric-dp-distance": 1.1393395466729999,
      "metric-dp-noise-stdv": 0.05485634215235227
    },
    "6": {
      "train_loss": 0.9001829529833549,
      "train_loss_mean": 0.9781348620529109,
      "metric-dp-distance": 1.233791555588444,
      "metric-dp-noise-stdv": 0.050656855055383546
    },
    "7": {
      "train_loss": 0.8981857169938191,
      "train_loss_mean": 0.9727161423922401,
      "metric-dp-distance": 1.130724089841048,
      "metric-dp-noise-stdv": 0.05527431542454001
    },
    "8": {
      "train_loss": 0.8742747510358888,
      "train_loss_mean": 0.9494079612759654,
      "metric-dp-distance": 1.2121542228075366,
      "metric-dp-noise-stdv": 0.05156109579459314
    },
    "9": {
      "train_loss": 0.852161301815865,
      "train_loss_mean": 0.9360904359240967,
      "metric-dp-distance": 1.0769149147284527,
      "metric-dp-noise-stdv": 0.058036154152215046
    },
    "10": {
      "train_loss": 0.9648615930886401,
      "train_loss_mean": 1.024748759748415,
      "metric-dp-distance": 0.9277012725360692,
      "metric-dp-noise-stdv": 0.06737082490912503
    },
    "11": {
      "train_loss": 0.975085886210771,
      "train_loss_mean": 1.0162394114220847,
      "metric-dp-distance": 0.8049434619024396,
      "metric-dp-noise-stdv": 0.07764520485983537
    },
    "12": {
      "train_loss": 1.0373733532708274,
      "train_loss_mean": 1.048878695199591,
      "metric-dp-distance": 0.388003897969611,
      "metric-dp-noise-stdv": 0.16108085595803756
    },
    "13": {
      "train_loss": 1.0464682112569395,
      "train_loss_mean": 1.2635213034614214,
      "metric-dp-distance": 0.5829625853026906,
      "metric-dp-noise-stdv": 0.10721099702744771
    },
    "14": {
      "train_loss": 1.0679986134033175,
      "train_loss_mean": 1.5813289156324641,
      "metric-dp-distance": 0.616647933376953,
      "metric-dp-noise-stdv": 0.10135443032741691
    },
    "15": {
      "train_loss": 1.039701209935434,
      "train_loss_mean": 1.2067047763028025,
      "metric-dp-distance": 0.5102672216016799,
      "metric-dp-noise-stdv": 0.12248484196930873
    },
    "16": {
      "train_loss": 1.050720272060715,
      "train_loss_mean": 1.2318253666963237,
      "metric-dp-distance": 0.4180592169286683,
      "metric-dp-noise-stdv": 0.1495003517902683
    },
    "17": {
      "train_loss": 1.0438704957860705,
      "train_loss_mean": 1.9136937843658426,
      "metric-dp-distance": 0.37227379720813286,
      "metric-dp-noise-stdv": 0.16788718536925973
    },
    "18": {
      "train_loss": 1.1116581427130863,
      "train_loss_mean": 1.765162323731938,
      "metric-dp-distance": 0.6975654913112521,
      "metric-dp-noise-stdv": 0.08959732208443301
    },
    "19": {
      "train_loss": 1.1261584883092612,
      "train_loss_mean": 1.3070670596902172,
      "metric-dp-distance": 0.573518529223899,
      "metric-dp-noise-stdv": 0.10897642676789662
    },
    "20": {
      "train_loss": 1.043184964174635,
      "train_loss_mean": 1.0473559819988116,
      "metric-dp-distance": 0.025363432864348095,
      "metric-dp-noise-stdv": 2.46417747685301
    }
  },
  "client_evaluate_metrics": {
    "1": {
      "eval_loss": 1.0611857524973143,
      "eval_acc": 0.4980506822612085
    },
    "2": {
      "eval_loss": 1.309267158745325,
      "eval_acc": 0.347953216374269
    },
    "3": {
      "eval_loss": 1.0301488492107764,
      "eval_acc": 0.5048732943469785
    },
    "4": {
      "eval_loss": 1.0629881930339637,
      "eval_acc": 0.5009746588693956
    },
    "5": {
      "eval_loss": 1.2708596893918445,
      "eval_acc": 0.32261208576998046
    },
    "6": {
      "eval_loss": 0.9857457651961848,
      "eval_acc": 0.5019493177387913
    },
    "7": {
      "eval_loss": 1.1153427505644207,
      "eval_acc": 0.5048732943469785
    },
    "8": {
      "eval_loss": 0.9314264486640053,
      "eval_acc": 0.5565302144249512
    },
    "9": {
      "eval_loss": 0.9802617835022551,
      "eval_acc": 0.564327485380117
    },
    "10": {
      "eval_loss": 1.0437363410553737,
      "eval_acc": 0.5009746588693957
    },
    "11": {
      "eval_loss": 1.0509785642633196,
      "eval_acc": 0.5009746588693957
    },
    "12": {
      "eval_loss": 7.9438741095581955,
      "eval_acc": 0.37037037037037035
    },
    "13": {
      "eval_loss": 18.80292937072397,
      "eval_acc": 0.5029239766081871
    },
    "14": {
      "eval_loss": 4.747935504534556,
      "eval_acc": 0.5038986354775828
    },
    "15": {
      "eval_loss": 2.812816778573681,
      "eval_acc": 0.5009746588693957
    },
    "16": {
      "eval_loss": 41.254825644093415,
      "eval_acc": 0.5009746588693956
    },
    "17": {
      "eval_loss": 26.675099174472095,
      "eval_acc": 0.5048732943469786
    },
    "18": {
      "eval_loss": 13.564960234346447,
      "eval_acc": 0.4551656920077972
    },
    "19": {
      "eval_loss": 1.052879599916075,
      "eval_acc": 0.5009746588693956
    },
    "20": {
      "eval_loss": 43.58315058479531,
      "eval_acc": 0.5009746588693957
    }
  },
  "server_evaluate_metrics": {
    "0": {
      "loss": 1.4405663669109345,
      "accuracy": 0.0109375,
      "f1": 0.0002366692426584235,
      "precision": 0.00011962890624999998,
      "auc": 0.22917846679687504
    },
    "1": {
      "loss": 1.055812907218933,
      "accuracy": 0.4953125,
      "f1": 0.3281380616509927,
      "precision": 0.24533447265625,
      "auc": 0.7837898763020833
    },
    "2": {
      "loss": 1.291163444519043,
      "accuracy": 0.359375,
      "f1": 0.19001436781609196,
      "precision": 0.129150390625,
      "auc": 0.7377189127604168
    },
    "3": {
      "loss": 1.0227665841579436,
      "accuracy": 0.5046875,
      "f1": 0.41057447063610863,
      "precision": 0.41360238172697505,
      "auc": 0.8068286132812499
    },
    "4": {
      "loss": 1.0776987075805664,
      "accuracy": 0.4953125,
      "f1": 0.3281380616509927,
      "precision": 0.24533447265625,
      "auc": 0.8124381510416666
    },
    "5": {
      "loss": 1.279449999332428,
      "accuracy": 0.3390625,
      "f1": 0.21980760027712104,
      "precision": 0.6586626410340672,
      "auc": 0.6514331054687501
    },
    "6": {
      "loss": 0.9927929073572159,
      "accuracy": 0.5,
      "f1": 0.3419402112794538,
      "precision": 0.42734375,
      "auc": 0.8146752929687501
    },
    "7": {
      "loss": 1.1268823593854904,
      "accuracy": 0.5,
      "f1": 0.338424234193502,
      "precision": 0.6058648940345369,
      "auc": 0.8178312174479165
    },