{
  "metadata": {
    "run_name": "noise8__non-iid__metric-privacy__fedavg__nm0p05",
    "data_module": "experiments.reproduce.dataset.alzheimer:create_data_module",
    "partition_mode": "non-iid",
    "partition_profile": "auto",
    "privacy": "metric-privacy",
    "aggregation": "fedavg",
    "seed": 42,
    "num_clients": 8,
    "rounds": 20,
    "local_epochs": 5,
    "noise_multiplier": 0.05,
    "clipping_norm": 5.0,
    "initialization_pretrained": false,
    "initialization_epochs": 0,
    "initialization_final_loss": null
  },
  "train_metrics": {
    "1": {
      "train_loss": 1.0137197144973784,
      "train_loss_mean": 1.0642336435066413,
      "metric-dp-distance": 1.4649773473308112,
      "metric-dp-noise-stdv": 0.021331387858616043
    },
    "2": {
      "train_loss": 0.976609059366064,
      "train_loss_mean": 1.0291033748422649,
      "metric-dp-distance": 1.3274842812679708,
      "metric-dp-noise-stdv": 0.023540768384956688
    },
    "3": {
      "train_loss": 0.929593810481331,
      "train_loss_mean": 0.9793835971229647,
      "metric-dp-distance": 1.3235189733871568,
      "metric-dp-noise-stdv": 0.023611297328080483
    },
    "4": {
      "train_loss": 0.8606947271865812,
      "train_loss_mean": 0.9256226755201845,
      "metric-dp-distance": 1.3181711592090626,
      "metric-dp-noise-stdv": 0.02370708825001969
    },
    "5": {
      "train_loss": 0.7898851218430892,
      "train_loss_mean": 0.8789929695081642,
      "metric-dp-distance": 1.4400068119478722,
      "metric-dp-noise-stdv": 0.021701286230534335
    },
    "6": {
      "train_loss": 0.7112246784251903,
      "train_loss_mean": 0.8219463981677104,
      "metric-dp-distance": 1.448932940683638,
      "metric-dp-noise-stdv": 0.021567595795879673
    },
    "7": {
      "train_loss": 0.5883642776555764,
      "train_loss_mean": 0.7335259454056409,
      "metric-dp-distance": 1.541034097628047,
      "metric-dp-noise-stdv": 0.020278590881343813
    },
    "8": {
      "train_loss": 0.49720793291307624,
      "train_loss_mean": 0.6640534395494866,
      "metric-dp-distance": 1.4414850142784417,
      "metric-dp-noise-stdv": 0.02167903217200124
    },
    "9": {
      "train_loss": 0.3646813516696605,
      "train_loss_mean": 0.5619077025490035,
      "metric-dp-distance": 1.473405536885063,
      "metric-dp-noise-stdv": 0.021209367833696247
    },
    "10": {
      "train_loss": 0.281624959915527,
      "train_loss_mean": 0.47930935178266887,
      "metric-dp-distance": 1.3039572436052065,
      "metric-dp-noise-stdv": 0.02396550972300241
    },
    "11": {
      "train_loss": 0.2327383314225228,
      "train_loss_mean": 0.4192960051578548,
      "metric-dp-distance": 1.3792942070091765,
      "metric-dp-noise-stdv": 0.02265651507937646
    },
    "12": {
      "train_loss": 0.18482578864833407,
      "train_loss_mean": 0.37238585598289997,
      "metric-dp-distance": 1.3187996689230204,
      "metric-dp-noise-stdv": 0.02369578999479116
    },
    "13": {
      "train_loss": 0.16741378109812968,
      "train_loss_mean": 0.335144668029149,
      "metric-dp-distance": 1.3147882781922817,
      "metric-dp-noise-stdv": 0.023768085339919524
    },
    "14": {
      "train_loss": 0.1383660541684469,
      "train_loss_mean": 0.2958360377280565,
      "metric-dp-distance": 1.3280658967172105,
      "metric-dp-noise-stdv": 0.023530458900605414
    },
    "15": {
      "train_loss": 0.13957090428691407,
      "train_loss_mean": 0.2917336145517602,
      "metric-dp-distance": 1.3306090729311109,
      "metric-dp-noise-stdv": 0.023485485433495084
    },
    "16": {
      "train_loss": 0.11398485502474734,
      "train_loss_mean": 0.2492771079182341,
      "metric-dp-distance": 1.3615709412454937,
      "metric-dp-noise-stdv": 0.02295142989127995
    },
    "17": {
      "train_loss": 0.10067865170964278,
      "train_loss_mean": 0.2119453876426719,
      "metric-dp-distance": 1.3876868643953155,
      "metric-dp-noise-stdv": 0.022519489664274646
    },
    "18": {
      "train_loss": 0.10778976570674717,
      "train_loss_mean": 0.23584757184508084,
      "metric-dp-distance": 1.3579186041218538,
      "metric-dp-noise-stdv": 0.023013161396524883
    },
    "19": {
      "train_loss": 0.0966098867329479,
      "train_loss_mean": 0.19129443652742473,
      "metric-dp-distance": 1.4661014157657821,
      "metric-dp-noise-stdv": 0.02131503296017031
    },
    "20": {
      "train_loss": 0.09066077279910613,
      "train_loss_mean": 0.1840183586192931,
      "metric-dp-distance": 1.491577109011511,
      "metric-dp-noise-stdv": 0.02095097853889016
    }
  },
  "client_evaluate_metrics": {
    "1": {
      "eval_loss": 1.158795065117626,
      "eval_acc": 0.347953216374269
    },
    "2": {
      "eval_loss": 1.0546467695784616,
      "eval_acc": 0.5292397660818713
    },
    "3": {
      "eval_loss": 0.9996481669111791,
      "eval_acc": 0.5497076023391813
    },
    "4": {
      "eval_loss": 0.9991176034274851,
      "eval_acc": 0.5477582846003898
    },
    "5": {
      "eval_loss": 0.9975036319933439,
      "eval_acc": 0.530214424951267
    },
    "6": {
      "eval_loss": 0.9661329414179914,
      "eval_acc": 0.5886939571150097
    },
    "7": {
      "eval_loss": 0.7799218231067788,
      "eval_acc": 0.6569200779727096
    },
    "8": {
      "eval_loss": 0.7438446963623485,
      "eval_acc": 0.6871345029239767
    },
    "9": {
      "eval_loss": 0.6943054087387422,
      "eval_acc": 0.6929824561403508
    },
    "10": {
      "eval_loss": 0.684173615090186,
      "eval_acc": 0.7251461988304092
    },
    "11": {
      "eval_loss": 0.580597030656089,
      "eval_acc": 0.7621832358674465
    },
    "12": {
      "eval_loss": 0.5613777568349596,
      "eval_acc": 0.767056530214425
    },
    "13": {
      "eval_loss": 0.5109331788491551,
      "eval_acc": 0.7943469785575048
    },
    "14": {
      "eval_loss": 0.5624573312356675,
      "eval_acc": 0.8079922027290448
    },
    "15": {
      "eval_loss": 0.46610702614465155,
      "eval_acc": 0.8157894736842104
    },
    "16": {
      "eval_loss": 0.4997286327300343,
      "eval_acc": 0.8313840155945418
    },
    "17": {
      "eval_loss": 0.5649365377694107,
      "eval_acc": 0.8313840155945419
    },
    "18": {
      "eval_loss": 0.4463288054394069,
      "eval_acc": 0.8391812865497077
    },
    "19": {
      "eval_loss": 0.45834233714944994,
      "eval_acc": 0.850877192982456
    },
    "20": {
      "eval_loss": 0.43558401862376034,
      "eval_acc": 0.8489278752436646
    }
  },
  "server_evaluate_metrics": {
    "0": {
      "loss": 1.4405663669109345,
      "accuracy": 0.0109375,
      "f1": 0.0002366692426584235,
      "precision": 0.00011962890624999998,
      "auc": 0.22917846679687504
    },
    "1": {
      "loss": 1.1554877161979675,
      "accuracy": 0.359375,
      "f1": 0.19001436781609196,
      "precision": 0.129150390625,
      "auc": 0.7618416341145833
    },
    "2": {
      "loss": 1.049746572971344,
      "accuracy": 0.521875,
      "f1": 0.478544978297103,
      "precision": 0.5534392453627793,
      "auc": 0.80921142578125
    },
    "3": {
      "loss": 0.9975459307432175,
      "accuracy": 0.5453125,
      "f1": 0.4913364549485257,
      "precision": 0.45337414311849766,
      "auc": 0.8360408528645834
    },
    "4": {
      "loss": 1.0069424778223037,
      "accuracy": 0.5421875,
      "f1": 0.5287339715210784,
      "precision": 0.6246426055276139,
      "auc": 0.8187443033854167
    },
    "5": {
      "loss": 1.0107792526483537,
      "accuracy": 0.5234375,
      "f1": 0.4781088762765541,
      "precision": 0.567232301520496,
      "auc": 0.8007364908854167
    },
    "6": {
      "loss": 0.9895350217819214,
      "accuracy": 0.571875,
      "f1": 0.5740838323262972,
      "precision": 0.6371905545112782,
      "auc": 0.8200789388020834
    },
    "7": {
      "loss": 0.8121703654527664,
      "accuracy": 0.615625,
      "f1": 0.6039250227117874,
      "precision": 0.6208893783211844,