{
  "metadata": {
    "run_name": "noise8__homogeneous__metric-privacy__fedavg__nm0p01",
    "data_module": "experiments.reproduce.dataset.alzheimer:create_data_module",
    "partition_mode": "homogeneous",
    "partition_profile": "auto",
    "privacy": "metric-privacy",
    "aggregation": "fedavg",
    "seed": 42,
    "num_clients": 8,
    "rounds": 20,
    "local_epochs": 5,
    "noise_multiplier": 0.01,
    "clipping_norm": 5.0,
    "initialization_pretrained": false,
    "initialization_epochs": 0,
    "initialization_final_loss": null
  },
  "train_metrics": {
    "1": {
      "train_loss": 1.0449264668859541,
      "train_loss_mean": 1.078122192900628,
      "metric-dp-distance": 1.2477258237777278,
      "metric-dp-noise-stdv": 0.005009113285062045
    },
    "2": {
      "train_loss": 1.0136359496973455,
      "train_loss_mean": 1.0484606004320085,
      "metric-dp-distance": 1.0706073426020641,
      "metric-dp-noise-stdv": 0.005837807897720606
    },
    "3": {
      "train_loss": 0.9454966466873884,
      "train_loss_mean": 0.990590759459883,
      "metric-dp-distance": 1.0206109397889425,
      "metric-dp-noise-stdv": 0.006123783075745269
    },
    "4": {
      "train_loss": 0.897780803963542,
      "train_loss_mean": 0.94711644500494,
      "metric-dp-distance": 0.9683644507701198,
      "metric-dp-noise-stdv": 0.006454181579083688
    },
    "5": {
      "train_loss": 0.8472498971968889,
      "train_loss_mean": 0.900617304816842,
      "metric-dp-distance": 0.9959238336111108,
      "metric-dp-noise-stdv": 0.006275580309528474
    },
    "6": {
      "train_loss": 0.7831764277070761,
      "train_loss_mean": 0.8541384242940694,
      "metric-dp-distance": 0.99887147724318,
      "metric-dp-noise-stdv": 0.0062570612359956375
    },
    "7": {
      "train_loss": 0.7022094808053225,
      "train_loss_mean": 0.7926049794070422,
      "metric-dp-distance": 0.9664438828670731,
      "metric-dp-noise-stdv": 0.006467007666765521
    },
    "8": {
      "train_loss": 0.6016675301361829,
      "train_loss_mean": 0.711259601265192,
      "metric-dp-distance": 0.9837081778484086,
      "metric-dp-noise-stdv": 0.0063535102591808865
    },
    "9": {
      "train_loss": 0.49570823705289513,
      "train_loss_mean": 0.6283368319971486,
      "metric-dp-distance": 0.9663101789386322,
      "metric-dp-noise-stdv": 0.006467902477095733
    },
    "10": {
      "train_loss": 0.3756188884144649,
      "train_loss_mean": 0.5312138378154486,
      "metric-dp-distance": 0.9348627481764803,
      "metric-dp-noise-stdv": 0.006685473361935848
    },
    "11": {
      "train_loss": 0.2964014031458646,
      "train_loss_mean": 0.44951892120298,
      "metric-dp-distance": 0.8953239807548622,
      "metric-dp-noise-stdv": 0.006980713277366393
    },
    "12": {
      "train_loss": 0.2124963053211104,
      "train_loss_mean": 0.35987168705905787,
      "metric-dp-distance": 0.8906924000475556,
      "metric-dp-noise-stdv": 0.007017012831440239
    },
    "13": {
      "train_loss": 0.15742405541823246,
      "train_loss_mean": 0.29310896760434846,
      "metric-dp-distance": 0.8647462500569721,
      "metric-dp-noise-stdv": 0.007227553747227272
    },
    "14": {
      "train_loss": 0.12003652664861875,
      "train_loss_mean": 0.24057860879256626,
      "metric-dp-distance": 0.8043284725863487,
      "metric-dp-noise-stdv": 0.00777045723608775
    },
    "15": {
      "train_loss": 0.10593366164539475,
      "train_loss_mean": 0.20243564537086056,
      "metric-dp-distance": 0.7778266541815052,
      "metric-dp-noise-stdv": 0.008035209344396634
    },
    "16": {
      "train_loss": 0.09544248664315091,
      "train_loss_mean": 0.17263520555279682,
      "metric-dp-distance": 0.7607767001415292,
      "metric-dp-noise-stdv": 0.00821528840044299
    },
    "17": {
      "train_loss": 0.07967013756933738,
      "train_loss_mean": 0.14361291405002702,
      "metric-dp-distance": 0.760194310064738,
      "metric-dp-noise-stdv": 0.008221582189253365
    },
    "18": {
      "train_loss": 0.06321026705336408,
      "train_loss_mean": 0.13005681250288037,
      "metric-dp-distance": 0.7797609749250114,
      "metric-dp-noise-stdv": 0.008015276733490099
    },
    "19": {
      "train_loss": 0.0638628884935315,
      "train_loss_mean": 0.10878255919196818,
      "metric-dp-distance": 0.8204728811203191,
      "metric-dp-noise-stdv": 0.007617558293292892
    },
    "20": {
      "train_loss": 0.06074149401138129,
      "train_loss_mean": 0.10187547432797146,
      "metric-dp-distance": 0.8228396323975176,
      "metric-dp-noise-stdv": 0.00759564774704556
    }
  },
  "client_evaluate_metrics": {
    "1": {
      "eval_loss": 1.1704322956502438,
      "eval_acc": 0.5
    },
    "2": {
      "eval_loss": 1.056405110284686,
      "eval_acc": 0.5126953125
    },
    "3": {
      "eval_loss": 0.9604724254459143,
      "eval_acc": 0.5478515625
    },
    "4": {
      "eval_loss": 0.8983770441263914,
      "eval_acc": 0.568359375
    },
    "5": {
      "eval_loss": 0.8630539737641811,
      "eval_acc": 0.5869140625
    },
    "6": {
      "eval_loss": 0.8222524113953114,
      "eval_acc": 0.6123046875
    },
    "7": {
      "eval_loss": 0.7688601203262806,
      "eval_acc": 0.6416015625
    },
    "8": {
      "eval_loss": 0.7073624953627586,
      "eval_acc": 0.6845703125
    },
    "9": {
      "eval_loss": 0.6565854884684086,
      "eval_acc": 0.703125
    },
    "10": {
      "eval_loss": 0.6104367133229971,
      "eval_acc": 0.744140625
    },
    "11": {
      "eval_loss": 0.5550670716911554,
      "eval_acc": 0.76953125
    },
    "12": {
      "eval_loss": 0.5028153639286757,
      "eval_acc": 0.7880859375
    },
    "13": {
      "eval_loss": 0.4590202602557838,
      "eval_acc": 0.8095703125
    },
    "14": {
      "eval_loss": 0.434610707918182,
      "eval_acc": 0.833984375
    },
    "15": {
      "eval_loss": 0.4126091378275305,
      "eval_acc": 0.837890625
    },
    "16": {
      "eval_loss": 0.36133513296954334,
      "eval_acc": 0.865234375
    },
    "17": {
      "eval_loss": 0.338180182967335,
      "eval_acc": 0.8779296875
    },
    "18": {
      "eval_loss": 0.30617714836262167,
      "eval_acc": 0.8916015625
    },
    "19": {
      "eval_loss": 0.26240113429958,
      "eval_acc": 0.90234375
    },
    "20": {
      "eval_loss": 0.26984432188328356,
      "eval_acc": 0.9111328125
    }
  },
  "server_evaluate_metrics": {
    "0": {
      "loss": 1.4405663669109345,
      "accuracy": 0.0109375,
      "f1": 0.0002366692426584235,
      "precision": 0.00011962890624999998,
      "auc": 0.22917846679687504
    },
    "1": {
      "loss": 1.171586459875107,
      "accuracy": 0.4953125,
      "f1": 0.3281380616509927,
      "precision": 0.24533447265625,
      "auc": 0.8039737955729167
    },
    "2": {
      "loss": 1.0589270651340486,
      "accuracy": 0.5109375,
      "f1": 0.3624666437772717,
      "precision": 0.5075176146736651,
      "auc": 0.8203344726562499
    },
    "3": {
      "loss": 0.9706512361764907,
      "accuracy": 0.5109375,
      "f1": 0.43393463006595984,
      "precision": 0.40766788486227823,
      "auc": 0.82726806640625
    },
    "4": {
      "loss": 0.9175544500350952,
      "accuracy": 0.534375,
      "f1": 0.47475357723311956,
      "precision": 0.43905571759992484,
      "auc": 0.8363932291666667
    },
    "5": {
      "loss": 0.8909671425819397,
      "accuracy": 0.5671875,
      "f1": 0.5250384244830937,
      "precision": 0.6189137308039747,
      "auc": 0.8481225585937501
    },
    "6": {
      "loss": 0.8651892751455307,
      "accuracy": 0.6015625,
      "f1": 0.5767614607519406,
      "precision": 0.5837168123275344,
      "auc": 0.8591170247395833
    },
    "7": {
      "loss": 0.8303382337093353,
      "accuracy": 0.63125,
      "f1": 0.6167016721072962,
      "precision": 0.6308836075097848,
      "auc": 0.8724886067708332
    },
    "8": {
      "loss": 0.7785979300737381,
      "accuracy": 0.6625,