{
  "metadata": {
    "run_name": "noise8__homogeneous__metric-privacy__fedavg__nm0p05",
    "data_module": "experiments.reproduce.dataset.alzheimer:create_data_module",
    "partition_mode": "homogeneous",
    "partition_profile": "auto",
    "privacy": "metric-privacy",
    "aggregation": "fedavg",
    "seed": 42,
    "num_clients": 8,
    "rounds": 20,
    "local_epochs": 5,
    "noise_multiplier": 0.05,
    "clipping_norm": 5.0,
    "initialization_pretrained": false,
    "initialization_epochs": 0,
    "initialization_final_loss": null
  },
  "train_metrics": {
    "1": {
      "train_loss": 1.0449264668859541,
      "train_loss_mean": 1.078122192900628,
      "metric-dp-distance": 1.2477258237777278,
      "metric-dp-noise-stdv": 0.025045566425310226
    },
    "2": {
      "train_loss": 1.0134775890037417,
      "train_loss_mean": 1.049341977853328,
      "metric-dp-distance": 1.213376412090535,
      "metric-dp-noise-stdv": 0.02575458010277219
    },
    "3": {
      "train_loss": 0.9562869016081095,
      "train_loss_mean": 1.006424407940358,
      "metric-dp-distance": 1.1890172747856316,
      "metric-dp-noise-stdv": 0.026282208562221333
    },
    "4": {
      "train_loss": 0.905517051462084,
      "train_loss_mean": 0.9727467617951334,
      "metric-dp-distance": 1.3808180446115632,
      "metric-dp-noise-stdv": 0.02263151189394466
    },
    "5": {
      "train_loss": 0.8706168923527002,
      "train_loss_mean": 0.9395174297504127,
      "metric-dp-distance": 1.3944644451451798,
      "metric-dp-noise-stdv": 0.022410037135616262
    },
    "6": {
      "train_loss": 0.805742378346622,
      "train_loss_mean": 0.8903159045614302,
      "metric-dp-distance": 1.358600979282831,
      "metric-dp-noise-stdv": 0.02300160273437756
    },
    "7": {
      "train_loss": 0.7054882470984012,
      "train_loss_mean": 0.8189193795900792,
      "metric-dp-distance": 1.40803923473383,
      "metric-dp-noise-stdv": 0.022193983824539788
    },
    "8": {
      "train_loss": 0.5737190693616867,
      "train_loss_mean": 0.7365727431606501,
      "metric-dp-distance": 1.369250229637449,
      "metric-dp-noise-stdv": 0.022822709336535515
    },
    "9": {
      "train_loss": 0.45740812562871724,
      "train_loss_mean": 0.6431033550528811,
      "metric-dp-distance": 1.379544199289133,
      "metric-dp-noise-stdv": 0.022652409408921333
    },
    "10": {
      "train_loss": 0.34604389255400747,
      "train_loss_mean": 0.5499188942369074,
      "metric-dp-distance": 1.343797604398181,
      "metric-dp-noise-stdv": 0.023254990109909668
    },
    "11": {
      "train_loss": 0.30455484497360885,
      "train_loss_mean": 0.5236923002870754,
      "metric-dp-distance": 1.3366050580516458,
      "metric-dp-noise-stdv": 0.023380129988100434
    },
    "12": {
      "train_loss": 0.2294850644248072,
      "train_loss_mean": 0.4315461939841043,
      "metric-dp-distance": 1.314252250905459,
      "metric-dp-noise-stdv": 0.023777779325445475
    },
    "13": {
      "train_loss": 0.18680682331614662,
      "train_loss_mean": 0.3835447575809667,
      "metric-dp-distance": 1.342617762973532,
      "metric-dp-noise-stdv": 0.023275425710732274
    },
    "14": {
      "train_loss": 0.16021137744246516,
      "train_loss_mean": 0.35193171026476194,
      "metric-dp-distance": 1.3736660128148894,
      "metric-dp-noise-stdv": 0.022749343514704215
    },
    "15": {
      "train_loss": 0.13230619415116962,
      "train_loss_mean": 0.3063883740949677,
      "metric-dp-distance": 1.3242761299479753,
      "metric-dp-noise-stdv": 0.023597797538816676
    },
    "16": {
      "train_loss": 0.15261632483452559,
      "train_loss_mean": 0.3369148522731848,
      "metric-dp-distance": 1.3341425592079759,
      "metric-dp-noise-stdv": 0.023423283954416244
    },
    "17": {
      "train_loss": 0.11076502489595441,
      "train_loss_mean": 0.2540109385954566,
      "metric-dp-distance": 1.3737121322192252,
      "metric-dp-noise-stdv": 0.022748579754854302
    },
    "18": {
      "train_loss": 0.11160708257375518,
      "train_loss_mean": 0.2559446616840433,
      "metric-dp-distance": 1.3356663552112877,
      "metric-dp-noise-stdv": 0.023396561482644067
    },
    "19": {
      "train_loss": 0.1022910341998795,
      "train_loss_mean": 0.22600625866034535,
      "metric-dp-distance": 1.287574584595859,
      "metric-dp-noise-stdv": 0.024270438678943542
    },
    "20": {
      "train_loss": 0.08543009347886255,
      "train_loss_mean": 0.19662720397718658,
      "metric-dp-distance": 1.3102508815936744,
      "metric-dp-noise-stdv": 0.0238503941794645
    }
  },
  "client_evaluate_metrics": {
    "1": {
      "eval_loss": 1.1428398862481117,
      "eval_acc": 0.404296875
    },
    "2": {
      "eval_loss": 1.0870451759546995,
      "eval_acc": 0.3515625
    },
    "3": {
      "eval_loss": 1.0423006806522608,
      "eval_acc": 0.5
    },
    "4": {
      "eval_loss": 1.0085733775049448,
      "eval_acc": 0.5
    },
    "5": {
      "eval_loss": 0.9892347455024719,
      "eval_acc": 0.5693359375
    },
    "6": {
      "eval_loss": 0.9348207227885723,
      "eval_acc": 0.548828125
    },
    "7": {
      "eval_loss": 0.8473104480654001,
      "eval_acc": 0.611328125
    },
    "8": {
      "eval_loss": 0.8154183551669121,
      "eval_acc": 0.6005859375
    },
    "9": {
      "eval_loss": 0.82296490855515,
      "eval_acc": 0.609375
    },
    "10": {
      "eval_loss": 0.7411241410300136,
      "eval_acc": 0.685546875
    },
    "11": {
      "eval_loss": 0.7484798142686486,
      "eval_acc": 0.681640625
    },
    "12": {
      "eval_loss": 0.7494030445814133,
      "eval_acc": 0.6982421875
    },
    "13": {
      "eval_loss": 0.5637002531439066,
      "eval_acc": 0.76171875
    },
    "14": {
      "eval_loss": 0.62242173217237,
      "eval_acc": 0.7861328125
    },
    "15": {
      "eval_loss": 0.6544881090521812,
      "eval_acc": 0.78125
    },
    "16": {
      "eval_loss": 0.4934137063100934,
      "eval_acc": 0.7998046875
    },
    "17": {
      "eval_loss": 0.5984050510451198,
      "eval_acc": 0.79296875
    },
    "18": {
      "eval_loss": 0.5202150642871857,
      "eval_acc": 0.80078125
    },
    "19": {
      "eval_loss": 0.513257184997201,
      "eval_acc": 0.8251953125
    },
    "20": {
      "eval_loss": 0.4782804739661515,
      "eval_acc": 0.833984375
    }
  },
  "server_evaluate_metrics": {
    "0": {
      "loss": 1.4405663669109345,
      "accuracy": 0.0109375,
      "f1": 0.0002366692426584235,
      "precision": 0.00011962890624999998,
      "auc": 0.22917846679687504
    },
    "1": {
      "loss": 1.1422451913356781,
      "accuracy": 0.428125,
      "f1": 0.39532848824003725,
      "precision": 0.38041448749950474,
      "auc": 0.7856559244791669
    },
    "2": {
      "loss": 1.085313320159912,
      "accuracy": 0.359375,
      "f1": 0.19001436781609196,
      "precision": 0.129150390625,
      "auc": 0.75735107421875
    },
    "3": {
      "loss": 1.0497604370117188,
      "accuracy": 0.4953125,
      "f1": 0.3281380616509927,
      "precision": 0.24533447265625,
      "auc": 0.80470947265625
    },
    "4": {
      "loss": 1.0218955397605896,
      "accuracy": 0.4953125,
      "f1": 0.3281380616509927,
      "precision": 0.24533447265625,
      "auc": 0.8069018554687499
    },
    "5": {
      "loss": 1.0070769965648652,
      "accuracy": 0.5453125,
      "f1": 0.5128711434229727,
      "precision": 0.5456528465346534,
      "auc": 0.8353597005208333
    },
    "6": {
      "loss": 0.9548249244689941,
      "accuracy": 0.546875,
      "f1": 0.4491074905220994,
      "precision": 0.5351497857565012,
      "auc": 0.8496874999999999
    },
    "7": {
      "loss": 0.8719994693994522,
      "accuracy": 0.596875,
      "f1": 0.5586022698242761,
      "precision": 0.6432055995475113,
      "auc": 0.8583666992187499
    },
    "8": {
      "loss": 0.8579712092876435,
      "accuracy": 0.584375,
      "f1": 0.5226099019489452,