{
  "metadata": {
    "run_name": "noise8__homogeneous__global-dp__fedavg__nm0p05",
    "data_module": "experiments.reproduce.dataset.alzheimer:create_data_module",
    "partition_mode": "homogeneous",
    "partition_profile": "auto",
    "privacy": "global-dp",
    "aggregation": "fedavg",
    "seed": 42,
    "num_clients": 8,
    "rounds": 20,
    "local_epochs": 5,
    "noise_multiplier": 0.05,
    "clipping_norm": 5.0,
    "initialization_pretrained": false,
    "initialization_epochs": 0,
    "initialization_final_loss": null
  },
  "train_metrics": {
    "1": {
      "train_loss": 1.0449264668859541,
      "train_loss_mean": 1.0781221929006277
    },
    "2": {
      "train_loss": 1.0098949489183724,
      "train_loss_mean": 1.0504481895826756
    },
    "3": {
      "train_loss": 0.9612813876010478,
      "train_loss_mean": 1.0137982949614526
    },
    "4": {
      "train_loss": 0.9326146524399519,
      "train_loss_mean": 0.99254577383399
    },
    "5": {
      "train_loss": 0.8663397273048759,
      "train_loss_mean": 0.9422809275798499
    },
    "6": {
      "train_loss": 0.7883930932730436,
      "train_loss_mean": 0.8946098425425589
    },
    "7": {
      "train_loss": 0.774993765167892,
      "train_loss_mean": 0.8720695606898515
    },
    "8": {
      "train_loss": 0.6603695398662239,
      "train_loss_mean": 0.7984129244461655
    },
    "9": {
      "train_loss": 0.5355291638989002,
      "train_loss_mean": 0.7111320490948857
    },
    "10": {
      "train_loss": 0.4665648116497323,
      "train_loss_mean": 0.6704474878264591
    },
    "11": {
      "train_loss": 0.44763379089999944,
      "train_loss_mean": 0.6591768631944434
    },
    "12": {
      "train_loss": 0.38672104105353355,
      "train_loss_mean": 0.6098807088565081
    },
    "13": {
      "train_loss": 0.31961641553789377,
      "train_loss_mean": 0.5448088888544589
    },
    "14": {
      "train_loss": 0.2944912915700115,
      "train_loss_mean": 0.5294130109366961
    },
    "15": {
      "train_loss": 0.29026230197632685,
      "train_loss_mean": 0.5033546938910148
    },
    "16": {
      "train_loss": 0.3221663979929872,
      "train_loss_mean": 0.511047407973092
    },
    "17": {
      "train_loss": 0.31967866147169843,
      "train_loss_mean": 0.52809842802817
    },
    "18": {
      "train_loss": 0.2996999971801415,
      "train_loss_mean": 0.5061019113636576
    },
    "19": {
      "train_loss": 0.2533366694697179,
      "train_loss_mean": 0.46823040110757574
    },
    "20": {
      "train_loss": 0.23370144126238301,
      "train_loss_mean": 0.4300574987544678
    }
  },
  "client_evaluate_metrics": {
    "1": {
      "eval_loss": 1.1108002215623856,
      "eval_acc": 0.4111328125
    },
    "2": {
      "eval_loss": 1.1168576776981354,
      "eval_acc": 0.3515625
    },
    "3": {
      "eval_loss": 1.0464810244739056,
      "eval_acc": 0.5
    },
    "4": {
      "eval_loss": 1.0664900466799736,
      "eval_acc": 0.5
    },
    "5": {
      "eval_loss": 1.0810834430158138,
      "eval_acc": 0.4970703125
    },
    "6": {
      "eval_loss": 1.0401618275791407,
      "eval_acc": 0.40625
    },
    "7": {
      "eval_loss": 0.862594923004508,
      "eval_acc": 0.53515625
    },
    "8": {
      "eval_loss": 0.9879910685122013,
      "eval_acc": 0.501953125
    },
    "9": {
      "eval_loss": 1.0774716828018427,
      "eval_acc": 0.5166015625
    },
    "10": {
      "eval_loss": 0.8317219400778413,
      "eval_acc": 0.6220703125
    },
    "11": {
      "eval_loss": 0.8104429170489311,
      "eval_acc": 0.6533203125
    },
    "12": {
      "eval_loss": 0.8300471715629101,
      "eval_acc": 0.6279296875
    },
    "13": {
      "eval_loss": 0.7544182417914271,
      "eval_acc": 0.63671875
    },
    "14": {
      "eval_loss": 0.8838779404759407,
      "eval_acc": 0.6591796875
    },
    "15": {
      "eval_loss": 1.0372041454538703,
      "eval_acc": 0.6630859375
    },
    "16": {
      "eval_loss": 0.8023321582004428,
      "eval_acc": 0.7294921875
    },
    "17": {
      "eval_loss": 0.7978242337703705,
      "eval_acc": 0.689453125
    },
    "18": {
      "eval_loss": 0.8914689756929874,
      "eval_acc": 0.671875
    },
    "19": {
      "eval_loss": 0.8173525696620345,
      "eval_acc": 0.748046875
    },
    "20": {
      "eval_loss": 0.7384786996990442,
      "eval_acc": 0.7333984375
    }
  },
  "server_evaluate_metrics": {
    "0": {
      "loss": 1.4405663669109345,
      "accuracy": 0.0109375,
      "f1": 0.0002366692426584235,
      "precision": 0.00011962890624999998,
      "auc": 0.22917846679687504
    },
    "1": {
      "loss": 1.1097197711467743,
      "accuracy": 0.440625,
      "f1": 0.407850803841174,
      "precision": 0.380725175018423,
      "auc": 0.7887837727864584
    },
    "2": {
      "loss": 1.1133277505636214,
      "accuracy": 0.359375,
      "f1": 0.19001436781609196,
      "precision": 0.129150390625,
      "auc": 0.7511808268229165
    },
    "3": {
      "loss": 1.0559123933315278,
      "accuracy": 0.4953125,
      "f1": 0.3281380616509927,
      "precision": 0.24533447265625,
      "auc": 0.8228068033854168
    },
    "4": {
      "loss": 1.076449102163315,
      "accuracy": 0.4953125,
      "f1": 0.3281380616509927,
      "precision": 0.24533447265625,
      "auc": 0.8109847005208334
    },
    "5": {
      "loss": 1.0946579694747924,
      "accuracy": 0.4984375,
      "f1": 0.47634754981538074,
      "precision": 0.6444042886919725,
      "auc": 0.7929671223958332
    },
    "6": {
      "loss": 1.0518179684877396,
      "accuracy": 0.39375,
      "f1": 0.2592734087436628,
      "precision": 0.6077419226974843,
      "auc": 0.7786791992187502
    },
    "7": {
      "loss": 0.8944076508283615,
      "accuracy": 0.5078125,
      "f1": 0.38687207931855616,
      "precision": 0.45601750177989064,
      "auc": 0.8448095703125
    },
    "8": {
      "loss": 1.0560776978731155,
      "accuracy": 0.4953125,
      "f1": 0.3284813023012553,
      "precision": 0.24571840766823164,
      "auc": 0.8312809244791666
    },
    "9": {
      "loss": 1.1622706174850463,
      "accuracy": 0.509375,
      "f1": 0.3647435099253455,
      "precision": 0.5852732487922705,
      "auc": 0.8361490885416666
    },
    "10": {
      "loss": 0.8873577296733857,
      "accuracy": 0.5984375,
      "f1": 0.5622009779092072,
      "precision": 0.603414157617191,
      "auc": 0.8755322265625001
    },
    "11": {
      "loss": 0.855471384525299,
      "accuracy": 0.640625,
      "f1": 0.5957254630400015,
      "precision": 0.6761533575672296,
      "auc": 0.8843253580729167
    },
    "12": {
      "loss": 0.890876653790474,
      "accuracy": 0.6078125,
      "f1": 0.5809830215468657,
      "precision": 0.6655624678919281,
      "auc": 0.88162841796875
    },
    "13": {
      "loss": 0.7748699158430099,
      "accuracy": 0.6265625,
      "f1": 0.626928754669147,
      "precision": 0.6424480207563661,
      "auc": 0.8930078124999999
    },
    "14": {
      "loss": 0.9672379434108734,
      "accuracy": 0.684375,
      "f1": 0.6572908062926134,
      "precision": 0.6958033853913899,
      "auc": 0.8981681315104167
    },
    "15": {
      "loss": 1.077726709842682,
      "accuracy": 0.675,
      "f1": 0.6440907270564796,
      "precision": 0.6937701126962412,
      "auc": 0.9017338053385416
    },
    "16": {
      "loss": 0.8776223957538605,
      "accuracy": 0.7328125,
      "f1": 0.7257630414165368,
      "precision": 0.7289715607579332,
      "auc": 0.9185205078124999
    },
    "17": {
      "loss": 0.8367998659610748,
      "accuracy": 0.6875,
      "f1": 0.6839206031627001,
      "precision": 0.7042842029447656,
      "auc": 0.9086669921874999
    },
    "18": {
      "loss": 0.910044476389885,
      "accuracy": 0.671875,
      "f1": 0.6552988536673603,
      "precision": 0.7254523100497503,
      "auc": 0.9089762369791666
    },
    "19": {
      "loss": 0.8447612166404724,
      "accuracy": 0.75625,