{
  "metadata": {
    "run_name": "noise8__non-iid__metric-privacy__fedavg__nm0p01",
    "data_module": "experiments.reproduce.dataset.alzheimer:create_data_module",
    "partition_mode": "non-iid",
    "partition_profile": "auto",
    "privacy": "metric-privacy",
    "aggregation": "fedavg",
    "seed": 42,
    "num_clients": 8,
    "rounds": 20,
    "local_epochs": 5,
    "noise_multiplier": 0.01,
    "clipping_norm": 5.0,
    "initialization_pretrained": false,
    "initialization_epochs": 0,
    "initialization_final_loss": null
  },
  "train_metrics": {
    "1": {
      "train_loss": 1.0137197144973784,
      "train_loss_mean": 1.0642336435066413,
      "metric-dp-distance": 1.4649773473308112,
      "metric-dp-noise-stdv": 0.0042662775717232084
    },
    "2": {
      "train_loss": 0.982428790958672,
      "train_loss_mean": 1.0270396639850004,
      "metric-dp-distance": 1.0812586354246985,
      "metric-dp-noise-stdv": 0.005780300656322726
    },
    "3": {
      "train_loss": 0.9212279866454538,
      "train_loss_mean": 0.9658700560440245,
      "metric-dp-distance": 1.086320425500162,
      "metric-dp-noise-stdv": 0.005753366919454161
    },
    "4": {
      "train_loss": 0.8686671296037227,
      "train_loss_mean": 0.9138330908100023,
      "metric-dp-distance": 1.0616462577600032,
      "metric-dp-noise-stdv": 0.005887083342795413
    },
    "5": {
      "train_loss": 0.7935084862626349,
      "train_loss_mean": 0.8649272464925508,
      "metric-dp-distance": 1.079171710414812,
      "metric-dp-noise-stdv": 0.005791478723620011
    },
    "6": {
      "train_loss": 0.7049038133274129,
      "train_loss_mean": 0.7983728861307948,
      "metric-dp-distance": 1.0641147053102031,
      "metric-dp-noise-stdv": 0.005873426961220354
    },
    "7": {
      "train_loss": 0.6038830387021602,
      "train_loss_mean": 0.7198196262339587,
      "metric-dp-distance": 1.0347917259205133,
      "metric-dp-noise-stdv": 0.006039862750584159
    },
    "8": {
      "train_loss": 0.47998960143656744,
      "train_loss_mean": 0.6219343559271426,
      "metric-dp-distance": 1.0708956301677972,
      "metric-dp-noise-stdv": 0.005836236346412858
    },
    "9": {
      "train_loss": 0.37793729260279957,
      "train_loss_mean": 0.5302187020990053,
      "metric-dp-distance": 1.0356758960988373,
      "metric-dp-noise-stdv": 0.006034706440057524
    },
    "10": {
      "train_loss": 0.28127159515662375,
      "train_loss_mean": 0.4300490102828509,
      "metric-dp-distance": 1.0094028496338676,
      "metric-dp-noise-stdv": 0.0061917796271994
    },
    "11": {
      "train_loss": 0.2052357050635259,
      "train_loss_mean": 0.3506722837984998,
      "metric-dp-distance": 0.9393337581617137,
      "metric-dp-noise-stdv": 0.006653652065301387
    },
    "12": {
      "train_loss": 0.14691425406960493,
      "train_loss_mean": 0.2790269329903704,
      "metric-dp-distance": 0.8922310669440776,
      "metric-dp-noise-stdv": 0.0070049118793929326
    },
    "13": {
      "train_loss": 0.11957906656109185,
      "train_loss_mean": 0.23319523672454523,
      "metric-dp-distance": 0.9016743923226992,
      "metric-dp-noise-stdv": 0.006931548742224006
    },
    "14": {
      "train_loss": 0.09299343660506582,
      "train_loss_mean": 0.187110390989715,
      "metric-dp-distance": 0.865913379820995,
      "metric-dp-noise-stdv": 0.007217812018670996
    },
    "15": {
      "train_loss": 0.08641182601226209,
      "train_loss_mean": 0.1613263539066494,
      "metric-dp-distance": 0.8665428925305605,
      "metric-dp-noise-stdv": 0.007212568533968537
    },
    "16": {
      "train_loss": 0.08303427468197311,
      "train_loss_mean": 0.13728252508952002,
      "metric-dp-distance": 0.8670727884552131,
      "metric-dp-noise-stdv": 0.007208160702557708
    },
    "17": {
      "train_loss": 0.06877061941091775,
      "train_loss_mean": 0.11523042814032088,
      "metric-dp-distance": 0.8869878487894312,
      "metric-dp-noise-stdv": 0.007046319753455535
    },
    "18": {
      "train_loss": 0.06572817201381727,
      "train_loss_mean": 0.10242229160320641,
      "metric-dp-distance": 0.9155364641919732,
      "metric-dp-noise-stdv": 0.006826598660399697
    },
    "19": {
      "train_loss": 0.06067296916447874,
      "train_loss_mean": 0.0953548294295121,
      "metric-dp-distance": 0.9589649634047722,
      "metric-dp-noise-stdv": 0.006517443533921812
    },
    "20": {
      "train_loss": 0.043023162603316414,
      "train_loss_mean": 0.07323743883833385,
      "metric-dp-distance": 0.9333922727964818,
      "metric-dp-noise-stdv": 0.006696005722518724
    }
  },
  "client_evaluate_metrics": {
    "1": {
      "eval_loss": 1.175341165089003,
      "eval_acc": 0.5068226120857698
    },
    "2": {
      "eval_loss": 1.0585604551707557,
      "eval_acc": 0.5409356725146198
    },
    "3": {
      "eval_loss": 0.9515312485992327,
      "eval_acc": 0.5682261208576997
    },
    "4": {
      "eval_loss": 0.889036767838294,
      "eval_acc": 0.5857699805068226
    },
    "5": {
      "eval_loss": 0.8568474750305012,
      "eval_acc": 0.6023391812865497
    },
    "6": {
      "eval_loss": 0.794643816427413,
      "eval_acc": 0.6296296296296297
    },
    "7": {
      "eval_loss": 0.7313223172698105,
      "eval_acc": 0.675438596491228
    },
    "8": {
      "eval_loss": 0.6637288086827967,
      "eval_acc": 0.7115009746588694
    },
    "9": {
      "eval_loss": 0.6090495221563713,
      "eval_acc": 0.7387914230019492
    },
    "10": {
      "eval_loss": 0.5510777576479763,
      "eval_acc": 0.7729044834307991
    },
    "11": {
      "eval_loss": 0.5065474925711606,
      "eval_acc": 0.7972709551656919
    },
    "12": {
      "eval_loss": 0.45619898122421243,
      "eval_acc": 0.8167641325536062
    },
    "13": {
      "eval_loss": 0.4016167483679209,
      "eval_acc": 0.8411306042884991
    },
    "14": {
      "eval_loss": 0.34927629916266073,
      "eval_acc": 0.868421052631579
    },
    "15": {
      "eval_loss": 0.3255906792540924,
      "eval_acc": 0.884990253411306
    },
    "16": {
      "eval_loss": 0.30313220058320917,
      "eval_acc": 0.8976608187134504
    },
    "17": {
      "eval_loss": 0.28680269846413103,
      "eval_acc": 0.9103313840155944
    },
    "18": {
      "eval_loss": 0.26622882816254306,
      "eval_acc": 0.9191033138401559
    },
    "19": {
      "eval_loss": 0.2591474988864513,
      "eval_acc": 0.9269005847953216
    },
    "20": {
      "eval_loss": 0.23412133178689115,
      "eval_acc": 0.928849902534113
    }
  },
  "server_evaluate_metrics": {
    "0": {
      "loss": 1.4405663669109345,
      "accuracy": 0.0109375,
      "f1": 0.0002366692426584235,
      "precision": 0.00011962890624999998,
      "auc": 0.22917846679687504
    },
    "1": {
      "loss": 1.1731948912143708,
      "accuracy": 0.5,
      "f1": 0.338424234193502,
      "precision": 0.6058648940345369,
      "auc": 0.8094938151041666
    },
    "2": {
      "loss": 1.0548988610506058,
      "accuracy": 0.54375,
      "f1": 0.49921919001173365,
      "precision": 0.46171529739106587,
      "auc": 0.8275703938802084
    },
    "3": {
      "loss": 0.9521614730358123,
      "accuracy": 0.5828125,
      "f1": 0.5431340415913202,
      "precision": 0.5148800309597523,
      "auc": 0.8404052734375
    },
    "4": {
      "loss": 0.9014715552330017,
      "accuracy": 0.5859375,
      "f1": 0.555206793033516,
      "precision": 0.5946468403499653,
      "auc": 0.8497477213541667
    },
    "5": {
      "loss": 0.8799240291118622,
      "accuracy": 0.6109375,
      "f1": 0.5960345204357292,
      "precision": 0.6332647711979007,
      "auc": 0.8582942708333333
    },
    "6": {
      "loss": 0.8306444257497787,
      "accuracy": 0.6296875,
      "f1": 0.6272359045652018,
      "precision": 0.6473623991673401,
      "auc": 0.8739778645833334
    },
    "7": {
      "loss": 0.7668614029884339,
      "accuracy": 0.678125,
      "f1": 0.675333030616285,