{
  "metadata": {
    "run_name": "noise8__non-iid__global-dp__fedavg__nm0p1",
    "data_module": "experiments.reproduce.dataset.alzheimer:create_data_module",
    "partition_mode": "non-iid",
    "partition_profile": "auto",
    "privacy": "global-dp",
    "aggregation": "fedavg",
    "seed": 42,
    "num_clients": 8,
    "rounds": 20,
    "local_epochs": 5,
    "noise_multiplier": 0.1,
    "clipping_norm": 5.0,
    "initialization_pretrained": false,
    "initialization_epochs": 0,
    "initialization_final_loss": null
  },
  "train_metrics": {
    "1": {
      "train_loss": 1.0137197144973784,
      "train_loss_mean": 1.0642336435066413
    },
    "2": {
      "train_loss": 0.9938305236388254,
      "train_loss_mean": 1.0649925573837715
    },
    "3": {
      "train_loss": 0.9784166579661162,
      "train_loss_mean": 1.073035362195433
    },
    "4": {
      "train_loss": 1.0090533701687483,
      "train_loss_mean": 1.0659966198275248
    },
    "5": {
      "train_loss": 1.0257429472981983,
      "train_loss_mean": 1.1237944780964937
    },
    "6": {
      "train_loss": 0.9733442440228632,
      "train_loss_mean": 1.04998750106614
    },
    "7": {
      "train_loss": 1.0554932132399717,
      "train_loss_mean": 1.0910917629337218
    },
    "8": {
      "train_loss": 1.044173743210016,
      "train_loss_mean": 1.0575193286699147
    },
    "9": {
      "train_loss": 1.0388081378481362,
      "train_loss_mean": 1.0630104730900287
    },
    "10": {
      "train_loss": 1.0377097738097805,
      "train_loss_mean": 1.0580502620107903
    },
    "11": {
      "train_loss": 1.0391606505055746,
      "train_loss_mean": 1.0643764401332425
    },
    "12": {
      "train_loss": 1.0760989901084228,
      "train_loss_mean": 1.0514354732686506
    },
    "13": {
      "train_loss": 1.0385382163215977,
      "train_loss_mean": 1.0411645681379362
    },
    "14": {
      "train_loss": 1.0394174805721772,
      "train_loss_mean": 1.0420663711759133
    },
    "15": {
      "train_loss": 1.038887080997156,
      "train_loss_mean": 1.0926756074560173
    },
    "16": {
      "train_loss": 1.121687297711561,
      "train_loss_mean": 1.0995497548556874
    },
    "17": {
      "train_loss": 1.039256400271748,
      "train_loss_mean": 1.0745660878124619
    },
    "18": {
      "train_loss": 1.037771932354891,
      "train_loss_mean": 1.0392084900582774
    },
    "19": {
      "train_loss": 1.0386325318491862,
      "train_loss_mean": 1.1115022056936694
    },
    "20": {
      "train_loss": 1.0383401521835085,
      "train_loss_mean": 1.0404915851852516
    }
  },
  "client_evaluate_metrics": {
    "1": {
      "eval_loss": 1.0801202144190583,
      "eval_acc": 0.5009746588693957
    },
    "2": {
      "eval_loss": 2.403556122417338,
      "eval_acc": 0.347953216374269
    },
    "3": {
      "eval_loss": 1.3610772359208518,
      "eval_acc": 0.347953216374269
    },
    "4": {
      "eval_loss": 1.0895163745675633,
      "eval_acc": 0.4600389863547758
    },
    "5": {
      "eval_loss": 1.2031646325574283,
      "eval_acc": 0.3586744639376218
    },
    "6": {
      "eval_loss": 0.9855841174576483,
      "eval_acc": 0.5614035087719298
    },
    "7": {
      "eval_loss": 1.081858602764546,
      "eval_acc": 0.347953216374269
    },
    "8": {
      "eval_loss": 1.040595081117418,
      "eval_acc": 0.5
    },
    "9": {
      "eval_loss": 1.058816988101015,
      "eval_acc": 0.5009746588693956
    },
    "10": {
      "eval_loss": 1.0574506030909963,
      "eval_acc": 0.5038986354775828
    },
    "11": {
      "eval_loss": 1.035240266697216,
      "eval_acc": 0.4951267056530214
    },
    "12": {
      "eval_loss": 1.042141129224621,
      "eval_acc": 0.5009746588693956
    },
    "13": {
      "eval_loss": 1.0443852307387493,
      "eval_acc": 0.5009746588693957
    },
    "14": {
      "eval_loss": 1.1506204573150731,
      "eval_acc": 0.47953216374269
    },
    "15": {
      "eval_loss": 1.0487696994350202,
      "eval_acc": 0.49902534113060426
    },
    "16": {
      "eval_loss": 1.1780570077384889,
      "eval_acc": 0.5009746588693956
    },
    "17": {
      "eval_loss": 1.0343269850426948,
      "eval_acc": 0.5009746588693956
    },
    "18": {
      "eval_loss": 4.151124519098107,
      "eval_acc": 0.5009746588693957
    },
    "19": {
      "eval_loss": 1.0396263028329809,
      "eval_acc": 0.5009746588693957
    },
    "20": {
      "eval_loss": 1.0477802666888134,
      "eval_acc": 0.5009746588693956
    }
  },
  "server_evaluate_metrics": {
    "0": {
      "loss": 1.4405663669109345,
      "accuracy": 0.0109375,
      "f1": 0.0002366692426584235,
      "precision": 0.00011962890624999998,
      "auc": 0.22917846679687504
    },
    "1": {
      "loss": 1.0801972717046737,
      "accuracy": 0.4953125,
      "f1": 0.3281380616509927,
      "precision": 0.24533447265625,
      "auc": 0.7758227539062501
    },
    "2": {
      "loss": 2.3319699645042418,
      "accuracy": 0.359375,
      "f1": 0.19001436781609196,
      "precision": 0.129150390625,
      "auc": 0.73960205078125
    },
    "3": {
      "loss": 1.344259187579155,
      "accuracy": 0.359375,
      "f1": 0.19001436781609196,
      "precision": 0.129150390625,
      "auc": 0.72572509765625
    },
    "4": {
      "loss": 1.1109450936317444,
      "accuracy": 0.459375,
      "f1": 0.4300304403449819,
      "precision": 0.44036965224480973,
      "auc": 0.7563517252604167
    },
    "5": {
      "loss": 1.1905972719192506,
      "accuracy": 0.3609375,
      "f1": 0.21589316540075423,
      "precision": 0.37780510807504075,
      "auc": 0.7230607096354166
    },
    "6": {
      "loss": 1.0306314378976822,
      "accuracy": 0.525,
      "f1": 0.47391069515803996,
      "precision": 0.43711428852201256,
      "auc": 0.8056575520833333
    },
    "7": {
      "loss": 1.0802973419427873,
      "accuracy": 0.359375,
      "f1": 0.19001436781609196,
      "precision": 0.129150390625,
      "auc": 0.7349747721354167
    },
    "8": {
      "loss": 1.0416219681501389,
      "accuracy": 0.4953125,
      "f1": 0.3281380616509927,
      "precision": 0.24533447265625,
      "auc": 0.7796036783854167
    },
    "9": {
      "loss": 1.0618987321853637,
      "accuracy": 0.4953125,
      "f1": 0.3281380616509927,
      "precision": 0.24533447265625,
      "auc": 0.7775390625
    },
    "10": {
      "loss": 1.0403633743524552,
      "accuracy": 0.4953125,
      "f1": 0.3281380616509927,
      "precision": 0.24533447265625,
      "auc": 0.7791878255208333
    },
    "11": {
      "loss": 1.0372419506311417,
      "accuracy": 0.4921875,
      "f1": 0.3294684857086484,
      "precision": 0.33438482704402517,
      "auc": 0.7786661783854166
    },
    "12": {
      "loss": 1.0438375681638719,
      "accuracy": 0.4953125,
      "f1": 0.3281380616509927,
      "precision": 0.24533447265625,
      "auc": 0.7796875000000001
    },
    "13": {
      "loss": 1.0466457664966584,
      "accuracy": 0.4953125,
      "f1": 0.3281380616509927,
      "precision": 0.24533447265625,
      "auc": 0.7796875000000001
    },
    "14": {
      "loss": 1.1487760901451112,
      "accuracy": 0.49375,
      "f1": 0.3666792883395937,
      "precision": 0.39140625,
      "auc": 0.7759619140625
    },
    "15": {
      "loss": 1.0635120004415513,
      "accuracy": 0.496875,
      "f1": 0.33228141420948026,
      "precision": 0.6058648940345369,
      "auc": 0.7772005208333334
    },
    "16": {
      "loss": 1.1200814247131348,
      "accuracy": 0.496875,
      "f1": 0.3325869274715025,
      "precision": 0.33672120676100625,
      "auc": 0.7777262369791668
    },
    "17": {
      "loss": 1.0371339708566665,
      "accuracy": 0.4953125,
      "f1": 0.3281380616509927,
      "precision": 0.24533447265625,
      "auc": 0.7796875000000001
    },
    "18": {
      "loss": 3.9758385717868805,
      "accuracy": 0.4953125,
      "f1": 0.3281380616509927,
      "precision": 0.24533447265625,
      "auc": 0.72835693359375
    },