{
  "metadata": {
    "run_name": "noise8__non-iid__global-dp__fedavg__nm0p01",
    "data_module": "experiments.reproduce.dataset.alzheimer:create_data_module",
    "partition_mode": "non-iid",
    "partition_profile": "auto",
    "privacy": "global-dp",
    "aggregation": "fedavg",
    "seed": 42,
    "num_clients": 8,
    "rounds": 20,
    "local_epochs": 5,
    "noise_multiplier": 0.01,
    "clipping_norm": 5.0,
    "initialization_pretrained": false,
    "initialization_epochs": 0,
    "initialization_final_loss": null
  },
  "train_metrics": {
    "1": {
      "train_loss": 1.0137197144973784,
      "train_loss_mean": 1.0642336435066413
    },
    "2": {
      "train_loss": 0.9699876718860051,
      "train_loss_mean": 1.0223997136267673
    },
    "3": {
      "train_loss": 0.92658700384509,
      "train_loss_mean": 0.9652119136171103
    },
    "4": {
      "train_loss": 0.8749934650946665,
      "train_loss_mean": 0.9140672138800665
    },
    "5": {
      "train_loss": 0.7958801731459968,
      "train_loss_mean": 0.8651713728962961
    },
    "6": {
      "train_loss": 0.7032301321691223,
      "train_loss_mean": 0.797972183182115
    },
    "7": {
      "train_loss": 0.6049855821122179,
      "train_loss_mean": 0.7223313149878264
    },
    "8": {
      "train_loss": 0.5061176694860444,
      "train_loss_mean": 0.6372589163274723
    },
    "9": {
      "train_loss": 0.395581958508806,
      "train_loss_mean": 0.5403675054915661
    },
    "10": {
      "train_loss": 0.29394726592066467,
      "train_loss_mean": 0.4471665000400138
    },
    "11": {
      "train_loss": 0.21750121506710837,
      "train_loss_mean": 0.3693147830359372
    },
    "12": {
      "train_loss": 0.1729376015890777,
      "train_loss_mean": 0.29673958877670253
    },
    "13": {
      "train_loss": 0.13345279187713824,
      "train_loss_mean": 0.24283771078340238
    },
    "14": {
      "train_loss": 0.1062685268734089,
      "train_loss_mean": 0.18676159053114588
    },
    "15": {
      "train_loss": 0.08834694364550831,
      "train_loss_mean": 0.16861160477681578
    },
    "16": {
      "train_loss": 0.0919216865824711,
      "train_loss_mean": 0.15173729289384605
    },
    "17": {
      "train_loss": 0.06860338527714706,
      "train_loss_mean": 0.1273661689642402
    },
    "18": {
      "train_loss": 0.06642167205054678,
      "train_loss_mean": 0.10233271487122213
    },
    "19": {
      "train_loss": 0.05890755807734301,
      "train_loss_mean": 0.09445998740851425
    },
    "20": {
      "train_loss": 0.06304391377521784,
      "train_loss_mean": 0.08639752095487628
    }
  },
  "client_evaluate_metrics": {
    "1": {
      "eval_loss": 1.1771811932383458,
      "eval_acc": 0.5214424951267056
    },
    "2": {
      "eval_loss": 1.033643428809926,
      "eval_acc": 0.5409356725146199
    },
    "3": {
      "eval_loss": 0.9382386797817593,
      "eval_acc": 0.5594541910331383
    },
    "4": {
      "eval_loss": 0.8841735983220225,
      "eval_acc": 0.587719298245614
    },
    "5": {
      "eval_loss": 0.8483545877780132,
      "eval_acc": 0.5955165692007797
    },
    "6": {
      "eval_loss": 0.7956863347201318,
      "eval_acc": 0.6286549707602339
    },
    "7": {
      "eval_loss": 0.7427336620076124,
      "eval_acc": 0.6559454191033139
    },
    "8": {
      "eval_loss": 0.6977887956196801,
      "eval_acc": 0.6900584795321638
    },
    "9": {
      "eval_loss": 0.623757519278145,
      "eval_acc": 0.7290448343079922
    },
    "10": {
      "eval_loss": 0.567251160944182,
      "eval_acc": 0.7680311890838206
    },
    "11": {
      "eval_loss": 0.4845190797923369,
      "eval_acc": 0.800194931773879
    },
    "12": {
      "eval_loss": 0.43016407981543975,
      "eval_acc": 0.8323586744639376
    },
    "13": {
      "eval_loss": 0.40046534027911523,
      "eval_acc": 0.8615984405458089
    },
    "14": {
      "eval_loss": 0.3552389058500499,
      "eval_acc": 0.8820662768031189
    },
    "15": {
      "eval_loss": 0.3481180106233405,
      "eval_acc": 0.8869395711500974
    },
    "16": {
      "eval_loss": 0.3014009190363842,
      "eval_acc": 0.9025341130604289
    },
    "17": {
      "eval_loss": 0.2990391676161678,
      "eval_acc": 0.9074074074074076
    },
    "18": {
      "eval_loss": 0.27164539464315507,
      "eval_acc": 0.9239766081871346
    },
    "19": {
      "eval_loss": 0.254013225878725,
      "eval_acc": 0.9230019493177386
    },
    "20": {
      "eval_loss": 0.2348543173403408,
      "eval_acc": 0.9366471734892787
    }
  },
  "server_evaluate_metrics": {
    "0": {
      "loss": 1.4405663669109345,
      "accuracy": 0.0109375,
      "f1": 0.0002366692426584235,
      "precision": 0.00011962890624999998,
      "auc": 0.22917846679687504
    },
    "1": {
      "loss": 1.1749531745910644,
      "accuracy": 0.5046875,
      "f1": 0.3501251421137785,
      "precision": 0.4297098925159236,
      "auc": 0.8085262044270833
    },
    "2": {
      "loss": 1.0295355886220932,
      "accuracy": 0.5671875,
      "f1": 0.5310225147805493,
      "precision": 0.5236083550471429,
      "auc": 0.82759765625
    },
    "3": {
      "loss": 0.9394125521183014,
      "accuracy": 0.565625,
      "f1": 0.5239164011865806,
      "precision": 0.4886738478535353,
      "auc": 0.83861328125
    },
    "4": {
      "loss": 0.8972845882177353,
      "accuracy": 0.5796875,
      "f1": 0.5475263023665449,
      "precision": 0.5723823429562944,
      "auc": 0.8494474283854166
    },
    "5": {
      "loss": 0.8706366091966629,
      "accuracy": 0.60625,
      "f1": 0.5816961380791256,
      "precision": 0.6479211200354161,
      "auc": 0.8602701822916666
    },
    "6": {
      "loss": 0.8277484089136123,
      "accuracy": 0.63125,
      "f1": 0.6288463626604166,
      "precision": 0.6545930696661829,
      "auc": 0.8739607747395834
    },
    "7": {
      "loss": 0.7791043311357498,
      "accuracy": 0.65,
      "f1": 0.6484557082627572,
      "precision": 0.6695175856976437,
      "auc": 0.88759521484375
    },
    "8": {
      "loss": 0.7371100723743439,
      "accuracy": 0.665625,
      "f1": 0.6672610921024678,
      "precision": 0.6851534939236174,
      "auc": 0.90005126953125
    },
    "9": {
      "loss": 0.6580062672495842,
      "accuracy": 0.721875,
      "f1": 0.7209740581192272,
      "precision": 0.7256194584058104,
      "auc": 0.9223828125
    },
    "10": {
      "loss": 0.617230324447155,
      "accuracy": 0.75,
      "f1": 0.7485691568062091,
      "precision": 0.7536393449803356,
      "auc": 0.9336214192708333
    },
    "11": {
      "loss": 0.5531923741102218,
      "accuracy": 0.79375,
      "f1": 0.7903911026653049,
      "precision": 0.7881288680050732,
      "auc": 0.9488094075520834
    },
    "12": {
      "loss": 0.5236072793602944,
      "accuracy": 0.815625,
      "f1": 0.8118864580558613,
      "precision": 0.8093636121836424,
      "auc": 0.9575642903645833
    },
    "13": {
      "loss": 0.5050343029201031,
      "accuracy": 0.8359375,
      "f1": 0.8318073325498674,
      "precision": 0.8281945856105037,
      "auc": 0.9639355468749999
    },
    "14": {
      "loss": 0.4586400903761387,
      "accuracy": 0.859375,
      "f1": 0.8551542371175522,
      "precision": 0.8523834292763158,
      "auc": 0.9703377278645834
    },
    "15": {
      "loss": 0.447982669621706,
      "accuracy": 0.859375,
      "f1": 0.8547790553407582,
      "precision": 0.8526856592268752,
      "auc": 0.9725935872395833
    },
    "16": {
      "loss": 0.4201079666614532,
      "accuracy": 0.8859375,
      "f1": 0.8864030605823942,
      "precision": 0.8881924888749826,
      "auc": 0.9753369140624999
    },
    "17": {
      "loss": 0.4188045829534531,
      "accuracy": 0.89375,
      "f1": 0.8942007058505222,
      "precision": 0.8967867598408427,
      "auc": 0.9774593098958333
    },
    "18": {
      "loss": 0.3936543487012386,
      "accuracy": 0.903125,
      "f1": 0.9032348438955591,