{
  "metadata": {
    "run_name": "scaling8__non-iid__vanilla__fedavgm",
    "data_module": "experiments.reproduce.dataset.alzheimer:create_data_module",
    "partition_mode": "non-iid",
    "partition_profile": "auto",
    "privacy": "vanilla",
    "aggregation": "fedavgm",
    "seed": 42,
    "num_clients": 8,
    "rounds": 20,
    "local_epochs": 5,
    "noise_multiplier": 0.01,
    "clipping_norm": 5.0,
    "initialization_pretrained": true,
    "initialization_epochs": 20,
    "initialization_final_loss": 0.39617598056793213
  },
  "train_metrics": {
    "1": {
      "train_loss": 0.5571564410698956,
      "train_loss_mean": 0.7062088666570204
    },
    "2": {
      "train_loss": 0.5186295690707422,
      "train_loss_mean": 0.680139511870971
    },
    "3": {
      "train_loss": 0.48936629352129307,
      "train_loss_mean": 0.6563243099739916
    },
    "4": {
      "train_loss": 0.4414546616124303,
      "train_loss_mean": 0.6199236820930089
    },
    "5": {
      "train_loss": 0.4027533255495644,
      "train_loss_mean": 0.5853153492652997
    },
    "6": {
      "train_loss": 0.3519422853202661,
      "train_loss_mean": 0.5456278747663769
    },
    "7": {
      "train_loss": 0.2982654156000456,
      "train_loss_mean": 0.5027905094027374
    },
    "8": {
      "train_loss": 0.27060321500614964,
      "train_loss_mean": 0.4697465521220207
    },
    "9": {
      "train_loss": 0.23627600962278836,
      "train_loss_mean": 0.43358827886796314
    },
    "10": {
      "train_loss": 0.2054537501300785,
      "train_loss_mean": 0.39777994210480133
    },
    "11": {
      "train_loss": 0.19210871607047,
      "train_loss_mean": 0.3661386834194545
    },
    "12": {
      "train_loss": 0.16267713763431246,
      "train_loss_mean": 0.3391498068819832
    },
    "13": {
      "train_loss": 0.1396680751626171,
      "train_loss_mean": 0.31016310161333593
    },
    "14": {
      "train_loss": 0.12656445982608933,
      "train_loss_mean": 0.28720040606233804
    },
    "15": {
      "train_loss": 0.11260482519965129,
      "train_loss_mean": 0.2661741419512875
    },
    "16": {
      "train_loss": 0.0995648715164627,
      "train_loss_mean": 0.23957761062148086
    },
    "17": {
      "train_loss": 0.09050409621902586,
      "train_loss_mean": 0.22020521557270661
    },
    "18": {
      "train_loss": 0.08709809745233787,
      "train_loss_mean": 0.202455335691149
    },
    "19": {
      "train_loss": 0.07516032344974216,
      "train_loss_mean": 0.1863850992063764
    },
    "20": {
      "train_loss": 0.07474717622032297,
      "train_loss_mean": 0.17732020039407104
    }
  },
  "client_evaluate_metrics": {
    "1": {
      "eval_loss": 0.8592741487377104,
      "eval_acc": 0.6656920077972709
    },
    "2": {
      "eval_loss": 0.821093139011725,
      "eval_acc": 0.6793372319688108
    },
    "3": {
      "eval_loss": 0.7823309352327333,
      "eval_acc": 0.6890838206627679
    },
    "4": {
      "eval_loss": 0.7468746052310596,
      "eval_acc": 0.6978557504873295
    },
    "5": {
      "eval_loss": 0.7157827748628388,
      "eval_acc": 0.705653021442495
    },
    "6": {
      "eval_loss": 0.6869231141217734,
      "eval_acc": 0.7202729044834307
    },
    "7": {
      "eval_loss": 0.6606767173369957,
      "eval_acc": 0.7368421052631579
    },
    "8": {
      "eval_loss": 0.635395104595647,
      "eval_acc": 0.7524366471734893
    },
    "9": {
      "eval_loss": 0.6100746171810386,
      "eval_acc": 0.7592592592592593
    },
    "10": {
      "eval_loss": 0.5846019194354294,
      "eval_acc": 0.776803118908382
    },
    "11": {
      "eval_loss": 0.5581302579717444,
      "eval_acc": 0.7914230019493177
    },
    "12": {
      "eval_loss": 0.5323298041124194,
      "eval_acc": 0.8021442495126707
    },
    "13": {
      "eval_loss": 0.5068385873278548,
      "eval_acc": 0.8089668615984406
    },
    "14": {
      "eval_loss": 0.4822051393133216,
      "eval_acc": 0.8206627680311891
    },
    "15": {
      "eval_loss": 0.46013222070733995,
      "eval_acc": 0.834307992202729
    },
    "16": {
      "eval_loss": 0.43859203144332454,
      "eval_acc": 0.8450292397660819
    },
    "17": {
      "eval_loss": 0.4186750651933125,
      "eval_acc": 0.8499025341130604
    },
    "18": {
      "eval_loss": 0.4002164621491595,
      "eval_acc": 0.8635477582846005
    },
    "19": {
      "eval_loss": 0.381887139606137,
      "eval_acc": 0.8693957115009746
    },
    "20": {
      "eval_loss": 0.3664564861053443,
      "eval_acc": 0.8771929824561403
    }
  },
  "server_evaluate_metrics": {
    "0": {
      "loss": 0.8725650578737258,
      "accuracy": 0.6546875,
      "f1": 0.6532062070648121,
      "precision": 0.6609825938527724,
      "auc": 0.8883284505208333
    },
    "1": {
      "loss": 0.842184241116047,
      "accuracy": 0.6609375,
      "f1": 0.6589115804793254,
      "precision": 0.6653648090465873,
      "auc": 0.8918098958333334
    },
    "2": {
      "loss": 0.804015688598156,
      "accuracy": 0.6671875,
      "f1": 0.665068778233852,
      "precision": 0.6721370146139072,
      "auc": 0.8967000325520832
    },
    "3": {
      "loss": 0.7660083591938018,
      "accuracy": 0.6890625,
      "f1": 0.6869434512895733,
      "precision": 0.6907977180634427,
      "auc": 0.9022013346354167
    },
    "4": {
      "loss": 0.7321647629141808,
      "accuracy": 0.6984375,
      "f1": 0.6961053900087643,
      "precision": 0.6987620635190518,
      "auc": 0.9079923502604166
    },
    "5": {
      "loss": 0.7029917195439339,
      "accuracy": 0.7078125,
      "f1": 0.7053659314335491,
      "precision": 0.7055626274915949,
      "auc": 0.9138045247395834
    },
    "6": {
      "loss": 0.676612751185894,
      "accuracy": 0.7125,
      "f1": 0.7100440011596223,
      "precision": 0.7099006954745949,
      "auc": 0.91953369140625
    },
    "7": {
      "loss": 0.6513778448104859,
      "accuracy": 0.7234375,
      "f1": 0.7204005577535133,
      "precision": 0.7183626782607396,
      "auc": 0.9251863606770834
    },
    "8": {
      "loss": 0.626520398259163,
      "accuracy": 0.7375,
      "f1": 0.7342033828621769,
      "precision": 0.7317001384271921,
      "auc": 0.9306323242187499
    },
    "9": {
      "loss": 0.6012976437807083,
      "accuracy": 0.75625,
      "f1": 0.7525884575403806,
      "precision": 0.7495524003884455,
      "auc": 0.9362931315104167
    },
    "10": {
      "loss": 0.5752928540110588,
      "accuracy": 0.7671875,
      "f1": 0.7632116728157432,
      "precision": 0.7595023828360459,
      "auc": 0.9418050130208334
    },
    "11": {
      "loss": 0.5486199170351028,
      "accuracy": 0.78125,
      "f1": 0.7769006028091965,
      "precision": 0.7727516295403131,
      "auc": 0.9472330729166667
    },
    "12": {
      "loss": 0.5239747524261474,
      "accuracy": 0.7953125,
      "f1": 0.791080314569107,
      "precision": 0.7869205648956935,
      "auc": 0.9521321614583333
    },
    "13": {
      "loss": 0.5013458229601383,
      "accuracy": 0.803125,
      "f1": 0.7987993642597757,
      "precision": 0.7946086809604423,
      "auc": 0.9563557942708333
    },
    "14": {
      "loss": 0.480021908134222,
      "accuracy": 0.8140625,
      "f1": 0.8096159638801265,
      "precision": 0.8052264920895376,
      "auc": 0.9602303059895834
    },
    "15": {
      "loss": 0.4602963447570801,
      "accuracy": 0.8203125,
      "f1": 0.8157338782148228,
      "precision": 0.811272279286883,
      "auc": 0.9635131835937499
    },
    "16": {
      "loss": 0.4407613292336464,
      "accuracy": 0.834375,
      "f1": 0.8296433561528577,
      "precision": 0.8250539015889894,
      "auc": 0.9666715494791667
    },
    "17": {
      "loss": 0.4231015905737877,
      "accuracy": 0.8453125,
      "f1": 0.840519870837336,
      "precision": 0.8358410123477704,
      "auc": 0.9694010416666667
    },
    "18": {
      "loss": 0.40692908465862276,
      "accuracy": 0.8484375,
      "f1": 0.8435378246246105,