{
  "metadata": {
    "run_name": "scaling8__homogeneous__global-dp__fedavg",
    "data_module": "experiments.reproduce.dataset.alzheimer:create_data_module",
    "partition_mode": "homogeneous",
    "partition_profile": "auto",
    "privacy": "global-dp",
    "aggregation": "fedavg",
    "seed": 42,
    "num_clients": 8,
    "rounds": 20,
    "local_epochs": 5,
    "noise_multiplier": 0.01,
    "clipping_norm": 5.0,
    "initialization_pretrained": false,
    "initialization_epochs": 0,
    "initialization_final_loss": null
  },
  "train_metrics": {
    "1": {
      "train_loss": 1.0449264668859541,
      "train_loss_mean": 1.078122192900628
    },
    "2": {
      "train_loss": 1.0099241374991834,
      "train_loss_mean": 1.0454885058104992
    },
    "3": {
      "train_loss": 0.9524457100778818,
      "train_loss_mean": 0.9923977394588291
    },
    "4": {
      "train_loss": 0.9022185616195202,
      "train_loss_mean": 0.9489363719709218
    },
    "5": {
      "train_loss": 0.8359312885440886,
      "train_loss_mean": 0.9007686208002269
    },
    "6": {
      "train_loss": 0.7912537367083132,
      "train_loss_mean": 0.8588319096714259
    },
    "7": {
      "train_loss": 0.7104411439504474,
      "train_loss_mean": 0.7996762589085847
    },
    "8": {
      "train_loss": 0.6025739363394678,
      "train_loss_mean": 0.7216936952434481
    },
    "9": {
      "train_loss": 0.5132009985391051,
      "train_loss_mean": 0.6377029719762505
    },
    "10": {
      "train_loss": 0.4043168922653422,
      "train_loss_mean": 0.5512661080807448
    },
    "11": {
      "train_loss": 0.3172012805007398,
      "train_loss_mean": 0.47178860753774643
    },
    "12": {
      "train_loss": 0.2516737447003834,
      "train_loss_mean": 0.39854406130034475
    },
    "13": {
      "train_loss": 0.17949000108637847,
      "train_loss_mean": 0.3248639804834966
    },
    "14": {
      "train_loss": 0.13565764988015871,
      "train_loss_mean": 0.2612962752376916
    },
    "15": {
      "train_loss": 0.11707328223565128,
      "train_loss_mean": 0.2119764884497272
    },
    "16": {
      "train_loss": 0.09070375670125941,
      "train_loss_mean": 0.1712749152793549
    },
    "17": {
      "train_loss": 0.07842219250596827,
      "train_loss_mean": 0.15144520292815286
    },
    "18": {
      "train_loss": 0.06383450254725176,
      "train_loss_mean": 0.1226566636170901
    },
    "19": {
      "train_loss": 0.07252120443081367,
      "train_loss_mean": 0.11200559171993518
    },
    "20": {
      "train_loss": 0.05900659029248345,
      "train_loss_mean": 0.10649351310821657
    }
  },
  "client_evaluate_metrics": {
    "1": {
      "eval_loss": 1.1712488681077957,
      "eval_acc": 0.5
    },
    "2": {
      "eval_loss": 1.0659003369510174,
      "eval_acc": 0.5166015625
    },
    "3": {
      "eval_loss": 0.964586652815342,
      "eval_acc": 0.5341796875
    },
    "4": {
      "eval_loss": 0.9067763723433018,
      "eval_acc": 0.55078125
    },
    "5": {
      "eval_loss": 0.8530936595052481,
      "eval_acc": 0.5947265625
    },
    "6": {
      "eval_loss": 0.8134258724749088,
      "eval_acc": 0.619140625
    },
    "7": {
      "eval_loss": 0.7643584907054901,
      "eval_acc": 0.65234375
    },
    "8": {
      "eval_loss": 0.7098479010164738,
      "eval_acc": 0.685546875
    },
    "9": {
      "eval_loss": 0.6564180133864284,
      "eval_acc": 0.7060546875
    },
    "10": {
      "eval_loss": 0.61450619623065,
      "eval_acc": 0.720703125
    },
    "11": {
      "eval_loss": 0.550682176835835,
      "eval_acc": 0.7626953125
    },
    "12": {
      "eval_loss": 0.4958089869469404,
      "eval_acc": 0.7900390625
    },
    "13": {
      "eval_loss": 0.4557700310833752,
      "eval_acc": 0.814453125
    },
    "14": {
      "eval_loss": 0.41374083841219544,
      "eval_acc": 0.8271484375
    },
    "15": {
      "eval_loss": 0.39716243580915034,
      "eval_acc": 0.8544921875
    },
    "16": {
      "eval_loss": 0.3363562664017081,
      "eval_acc": 0.876953125
    },
    "17": {
      "eval_loss": 0.30630013498011976,
      "eval_acc": 0.884765625
    },
    "18": {
      "eval_loss": 0.279127337038517,
      "eval_acc": 0.900390625
    },
    "19": {
      "eval_loss": 0.2525713739451021,
      "eval_acc": 0.912109375
    },
    "20": {
      "eval_loss": 0.23646136926254258,
      "eval_acc": 0.91796875
    }
  },
  "server_evaluate_metrics": {
    "0": {
      "loss": 1.4405663669109345,
      "accuracy": 0.0109375,
      "f1": 0.0002366692426584235,
      "precision": 0.00011962890624999998,
      "auc": 0.22917846679687504
    },
    "1": {
      "loss": 1.1723126232624055,
      "accuracy": 0.4953125,
      "f1": 0.3281380616509927,
      "precision": 0.24533447265625,
      "auc": 0.8043221028645833
    },
    "2": {
      "loss": 1.0682567417621613,
      "accuracy": 0.5125,
      "f1": 0.3736227825195598,
      "precision": 0.4400589465893299,
      "auc": 0.8095284016927083
    },
    "3": {
      "loss": 0.9755830258131027,
      "accuracy": 0.496875,
      "f1": 0.38073092822247273,
      "precision": 0.36163142230576434,
      "auc": 0.8250154622395833
    },
    "4": {
      "loss": 0.9257012158632278,
      "accuracy": 0.5140625,
      "f1": 0.4429185191681995,
      "precision": 0.54511106271777,
      "auc": 0.8333390299479165
    },
    "5": {
      "loss": 0.8853156119585037,
      "accuracy": 0.575,
      "f1": 0.5410054092603505,
      "precision": 0.5852377598926894,
      "auc": 0.8516650390624998
    },
    "6": {
      "loss": 0.8539387941360473,
      "accuracy": 0.609375,
      "f1": 0.6021141036184211,
      "precision": 0.6080420259120196,
      "auc": 0.8630013020833334
    },
    "7": {
      "loss": 0.8232637584209442,
      "accuracy": 0.615625,
      "f1": 0.6109332498027936,
      "precision": 0.609840650407365,
      "auc": 0.87282470703125
    },
    "8": {
      "loss": 0.7758390694856644,
      "accuracy": 0.6609375,
      "f1": 0.6554589691874028,
      "precision": 0.6540303872699387,
      "auc": 0.8899820963541668
    },
    "9": {
      "loss": 0.7237635135650635,
      "accuracy": 0.69375,
      "f1": 0.6887664518387107,
      "precision": 0.6950623040568246,
      "auc": 0.9056730143229165
    },
    "10": {
      "loss": 0.6965909898281097,
      "accuracy": 0.7109375,
      "f1": 0.7025889752795303,
      "precision": 0.7031186056431243,
      "auc": 0.91744384765625
    },
    "11": {
      "loss": 0.6276342794299126,
      "accuracy": 0.74375,
      "f1": 0.7375566549509264,
      "precision": 0.7329484681496494,
      "auc": 0.9322884114583334
    },
    "12": {
      "loss": 0.587355823814869,
      "accuracy": 0.7765625,
      "f1": 0.7718995138568374,
      "precision": 0.7679576517604145,
      "auc": 0.9435367838541666
    },
    "13": {
      "loss": 0.5642944663763046,
      "accuracy": 0.76875,
      "f1": 0.7639507471440228,
      "precision": 0.7594297195391755,
      "auc": 0.9505208333333334
    },
    "14": {
      "loss": 0.5454384058713913,
      "accuracy": 0.7859375,
      "f1": 0.7796394588339315,
      "precision": 0.7767596215191588,
      "auc": 0.9559912109375
    },
    "15": {
      "loss": 0.5465851470828056,
      "accuracy": 0.8234375,
      "f1": 0.8210854208327796,
      "precision": 0.8249791098009378,
      "auc": 0.9614982096354168
    },
    "16": {
      "loss": 0.47667011618614197,
      "accuracy": 0.8609375,
      "f1": 0.8602051670291949,
      "precision": 0.8617796003731077,
      "auc": 0.9692545572916667
    },
    "17": {
      "loss": 0.45657147392630576,
      "accuracy": 0.8671875,
      "f1": 0.8665181276589629,
      "precision": 0.867505005005005,
      "auc": 0.9725577799479166
    },
    "18": {
      "loss": 0.41306142285466196,
      "accuracy": 0.89375,
      "f1": 0.8935064433323937,
      "precision": 0.894035406377909,
      "auc": 0.9773282877604167
    },
    "19": {
      "loss": 0.3961473233997822,
      "accuracy": 0.8984375,