{
  "metadata": {
    "run_name": "scaling8__non-iid__vanilla__fedavg",
    "data_module": "experiments.reproduce.dataset.alzheimer:create_data_module",
    "partition_mode": "non-iid",
    "partition_profile": "auto",
    "privacy": "vanilla",
    "aggregation": "fedavg",
    "seed": 42,
    "num_clients": 8,
    "rounds": 20,
    "local_epochs": 5,
    "noise_multiplier": 0.01,
    "clipping_norm": 5.0,
    "initialization_pretrained": false,
    "initialization_epochs": 0,
    "initialization_final_loss": null
  },
  "train_metrics": {
    "1": {
      "train_loss": 1.0137197144973784,
      "train_loss_mean": 1.0642336435066413
    },
    "2": {
      "train_loss": 0.9399654636979395,
      "train_loss_mean": 0.9860353031097882
    },
    "3": {
      "train_loss": 0.8718799651979411,
      "train_loss_mean": 0.9142667238195176
    },
    "4": {
      "train_loss": 0.7816074630459402,
      "train_loss_mean": 0.846279540359537
    },
    "5": {
      "train_loss": 0.6439350507552879,
      "train_loss_mean": 0.7478545898656235
    },
    "6": {
      "train_loss": 0.4945813747269384,
      "train_loss_mean": 0.6227250247829765
    },
    "7": {
      "train_loss": 0.34697032371889863,
      "train_loss_mean": 0.4921466048797806
    },
    "8": {
      "train_loss": 0.2390997481814931,
      "train_loss_mean": 0.37878471714843465
    },
    "9": {
      "train_loss": 0.1615713387509352,
      "train_loss_mean": 0.27759640003501296
    },
    "10": {
      "train_loss": 0.1295529825564676,
      "train_loss_mean": 0.21618169300134407
    },
    "11": {
      "train_loss": 0.08048044181823308,
      "train_loss_mean": 0.1702467617091532
    },
    "12": {
      "train_loss": 0.06722456559449667,
      "train_loss_mean": 0.1295578695597554
    },
    "13": {
      "train_loss": 0.06093098440821294,
      "train_loss_mean": 0.12097592367189511
    },
    "14": {
      "train_loss": 0.07079674157622927,
      "train_loss_mean": 0.10409963056405314
    },
    "15": {
      "train_loss": 0.05572476393816621,
      "train_loss_mean": 0.08732856058587096
    },
    "16": {
      "train_loss": 0.053624560192337016,
      "train_loss_mean": 0.07625047070589452
    },
    "17": {
      "train_loss": 0.04225798276752146,
      "train_loss_mean": 0.07186256953063469
    },
    "18": {
      "train_loss": 0.05069379911257084,
      "train_loss_mean": 0.062107043960007165
    },
    "19": {
      "train_loss": 0.04206555997943719,
      "train_loss_mean": 0.06275771820122837
    },
    "20": {
      "train_loss": 0.042469540987936996,
      "train_loss_mean": 0.04830668119403181
    }
  },
  "client_evaluate_metrics": {
    "1": {
      "eval_loss": 1.0716259724099269,
      "eval_acc": 0.5087719298245614
    },
    "2": {
      "eval_loss": 0.9265523645264362,
      "eval_acc": 0.5594541910331383
    },
    "3": {
      "eval_loss": 0.8735724764260633,
      "eval_acc": 0.5769980506822612
    },
    "4": {
      "eval_loss": 0.8066013893421164,
      "eval_acc": 0.6052631578947368
    },
    "5": {
      "eval_loss": 0.7266356368452951,
      "eval_acc": 0.6676413255360624
    },
    "6": {
      "eval_loss": 0.6711050557811358,
      "eval_acc": 0.7007797270955166
    },
    "7": {
      "eval_loss": 0.5728040574877351,
      "eval_acc": 0.7884990253411306
    },
    "8": {
      "eval_loss": 0.5097318024576059,
      "eval_acc": 0.8157894736842105
    },
    "9": {
      "eval_loss": 0.44804272421619346,
      "eval_acc": 0.8372319688109161
    },
    "10": {
      "eval_loss": 0.3951796741382769,
      "eval_acc": 0.8586744639376218
    },
    "11": {
      "eval_loss": 0.3744648917619915,
      "eval_acc": 0.8703703703703703
    },
    "12": {
      "eval_loss": 0.35362842830431734,
      "eval_acc": 0.8927875243664716
    },
    "13": {
      "eval_loss": 0.31029330377174685,
      "eval_acc": 0.9074074074074072
    },
    "14": {
      "eval_loss": 0.28973933462630846,
      "eval_acc": 0.9132553606237815
    },
    "15": {
      "eval_loss": 0.2777164576134461,
      "eval_acc": 0.9220272904483431
    },
    "16": {
      "eval_loss": 0.2941308000059634,
      "eval_acc": 0.9269005847953216
    },
    "17": {
      "eval_loss": 0.24479889330764157,
      "eval_acc": 0.9395711500974658
    },
    "18": {
      "eval_loss": 0.2662344017590497,
      "eval_acc": 0.9210526315789473
    },
    "19": {
      "eval_loss": 0.25943326826940777,
      "eval_acc": 0.9356725146198829
    },
    "20": {
      "eval_loss": 0.27491240393729843,
      "eval_acc": 0.9298245614035088
    }
  },
  "server_evaluate_metrics": {
    "0": {
      "loss": 1.4405663669109345,
      "accuracy": 0.0109375,
      "f1": 0.0002366692426584235,
      "precision": 0.00011962890624999998,
      "auc": 0.22917846679687504
    },
    "1": {
      "loss": 1.0679993987083436,
      "accuracy": 0.503125,
      "f1": 0.34515402903182546,
      "precision": 0.6066412401574803,
      "auc": 0.8114412434895834
    },
    "2": {
      "loss": 0.9273854106664657,
      "accuracy": 0.5734375,
      "f1": 0.5343569553805775,
      "precision": 0.5062900101078167,
      "auc": 0.8407145182291669
    },
    "3": {
      "loss": 0.8905452132225037,
      "accuracy": 0.575,
      "f1": 0.5380200630276002,
      "precision": 0.5158756710686155,
      "auc": 0.8511555989583333
    },
    "4": {
      "loss": 0.8450804799795151,
      "accuracy": 0.6140625,
      "f1": 0.6067284191455867,
      "precision": 0.6359723399930352,
      "auc": 0.8662166341145832
    },
    "5": {
      "loss": 0.7709631264209748,
      "accuracy": 0.6640625,
      "f1": 0.6625684584542911,
      "precision": 0.6650410587388832,
      "auc": 0.8920450846354167
    },
    "6": {
      "loss": 0.7057839125394821,
      "accuracy": 0.690625,
      "f1": 0.6890728524517773,
      "precision": 0.7150988706509539,
      "auc": 0.9101220703125001
    },
    "7": {
      "loss": 0.6039421766996383,
      "accuracy": 0.7578125,
      "f1": 0.7547978225822669,
      "precision": 0.7533428761957321,
      "auc": 0.9364322916666665
    },
    "8": {
      "loss": 0.5546443715691567,
      "accuracy": 0.803125,
      "f1": 0.799295695219549,
      "precision": 0.7965200827532939,
      "auc": 0.9505021158854167
    },
    "9": {
      "loss": 0.5117229521274567,
      "accuracy": 0.8234375,
      "f1": 0.8193391184739495,
      "precision": 0.8154915151718791,
      "auc": 0.96087890625
    },
    "10": {
      "loss": 0.46676214784383774,
      "accuracy": 0.85625,
      "f1": 0.8518873223996808,
      "precision": 0.8477137158054712,
      "auc": 0.9676424153645835
    },
    "11": {
      "loss": 0.4649547189474106,
      "accuracy": 0.8703125,
      "f1": 0.8655735168921567,
      "precision": 0.8609231890534559,
      "auc": 0.9722159830729166
    },
    "12": {
      "loss": 0.44804420694708824,
      "accuracy": 0.88125,
      "f1": 0.8810802709648907,
      "precision": 0.8866008149368698,
      "auc": 0.9752311197916668
    },
    "13": {
      "loss": 0.41085750311613084,
      "accuracy": 0.8921875,
      "f1": 0.8914886119493417,
      "precision": 0.8937227869273705,
      "auc": 0.97849365234375
    },
    "14": {
      "loss": 0.36898648999631406,
      "accuracy": 0.890625,
      "f1": 0.890276864197604,
      "precision": 0.8933410460987888,
      "auc": 0.9800252278645833
    },
    "15": {
      "loss": 0.34938952289521696,
      "accuracy": 0.9234375,
      "f1": 0.9222797558899003,
      "precision": 0.9238033605258437,
      "auc": 0.9828084309895834
    },
    "16": {
      "loss": 0.3506071623414755,
      "accuracy": 0.9171875,
      "f1": 0.9161819646780961,
      "precision": 0.9162575556214934,
      "auc": 0.9835994466145833
    },
    "17": {
      "loss": 0.3325133055448532,
      "accuracy": 0.9328125,
      "f1": 0.9318462038725596,
      "precision": 0.9327200428012243,
      "auc": 0.9851879882812501
    },
    "18": {
      "loss": 0.366388588026166,
      "accuracy": 0.9140625,