{
  "metadata": {
    "run_name": "scaling8__homogeneous__metric-privacy__fedavg",
    "data_module": "experiments.reproduce.dataset.alzheimer:create_data_module",
    "partition_mode": "homogeneous",
    "partition_profile": "auto",
    "privacy": "metric-privacy",
    "aggregation": "fedavg",
    "seed": 42,
    "num_clients": 8,
    "rounds": 20,
    "local_epochs": 5,
    "noise_multiplier": 0.01,
    "clipping_norm": 5.0,
    "initialization_pretrained": false,
    "initialization_epochs": 0,
    "initialization_final_loss": null
  },
  "train_metrics": {
    "1": {
      "train_loss": 1.0449264668859541,
      "train_loss_mean": 1.078122192900628,
      "metric-dp-distance": 1.2477258237777278,
      "metric-dp-noise-stdv": 0.005009113285062045
    },
    "2": {
      "train_loss": 1.0136359496973455,
      "train_loss_mean": 1.0484606004320085,
      "metric-dp-distance": 1.0706073426020641,
      "metric-dp-noise-stdv": 0.005837807897720606
    },
    "3": {
      "train_loss": 0.9447738430462778,
      "train_loss_mean": 0.9901824691332878,
      "metric-dp-distance": 1.029283436325689,
      "metric-dp-noise-stdv": 0.006072185541342331
    },
    "4": {
      "train_loss": 0.8995197503827512,
      "train_loss_mean": 0.9479522915557027,
      "metric-dp-distance": 1.0243015613717337,
      "metric-dp-noise-stdv": 0.00610171870833631
    },
    "5": {
      "train_loss": 0.8484808299690485,
      "train_loss_mean": 0.9003414636477828,
      "metric-dp-distance": 0.995236255422545,
      "metric-dp-noise-stdv": 0.006279915915388807
    },
    "6": {
      "train_loss": 0.7828624860849231,
      "train_loss_mean": 0.8502576262690127,
      "metric-dp-distance": 1.004527174634859,
      "metric-dp-noise-stdv": 0.006221832676922699
    },
    "7": {
      "train_loss": 0.703994739567861,
      "train_loss_mean": 0.8000625547952951,
      "metric-dp-distance": 1.010686119319871,
      "metric-dp-noise-stdv": 0.006183917915292892
    },
    "8": {
      "train_loss": 0.6100937505252659,
      "train_loss_mean": 0.7202937227673829,
      "metric-dp-distance": 1.0050206857267767,
      "metric-dp-noise-stdv": 0.00621877747270479
    },
    "9": {
      "train_loss": 0.5166587140411139,
      "train_loss_mean": 0.6424686275422574,
      "metric-dp-distance": 0.9672973284032196,
      "metric-dp-noise-stdv": 0.006461301831896176
    },
    "10": {
      "train_loss": 0.41219246038235724,
      "train_loss_mean": 0.5520834611728787,
      "metric-dp-distance": 0.9393762968635807,
      "metric-dp-noise-stdv": 0.0066533507614229765
    },
    "11": {
      "train_loss": 0.3033036167616956,
      "train_loss_mean": 0.4697060920181685,
      "metric-dp-distance": 0.9370262193648765,
      "metric-dp-noise-stdv": 0.0066700374768982424
    },
    "12": {
      "train_loss": 0.23018441040767357,
      "train_loss_mean": 0.38808168760733674,
      "metric-dp-distance": 0.90475256772091,
      "metric-dp-noise-stdv": 0.006907966026273765
    },
    "13": {
      "train_loss": 0.16928072752489243,
      "train_loss_mean": 0.32439932946872435,
      "metric-dp-distance": 0.8828032063320279,
      "metric-dp-noise-stdv": 0.0070797205483294715
    },
    "14": {
      "train_loss": 0.13725910952780396,
      "train_loss_mean": 0.2668999454355798,
      "metric-dp-distance": 0.83429006083558,
      "metric-dp-noise-stdv": 0.007491399326680624
    },
    "15": {
      "train_loss": 0.12418974367756164,
      "train_loss_mean": 0.222526972189371,
      "metric-dp-distance": 0.8218093873777738,
      "metric-dp-noise-stdv": 0.007605169880016187
    },
    "16": {
      "train_loss": 0.09470099356258288,
      "train_loss_mean": 0.1839958936427138,
      "metric-dp-distance": 0.8248157138004899,
      "metric-dp-noise-stdv": 0.007577450205454958
    },
    "17": {
      "train_loss": 0.07633327623625519,
      "train_loss_mean": 0.15710629041568608,
      "metric-dp-distance": 0.8024818144040182,
      "metric-dp-noise-stdv": 0.007788338486700422
    },
    "18": {
      "train_loss": 0.07846397253888426,
      "train_loss_mean": 0.13454174874641467,
      "metric-dp-distance": 0.7686255744968852,
      "metric-dp-noise-stdv": 0.008131397402553286
    },
    "19": {
      "train_loss": 0.05887080390129995,
      "train_loss_mean": 0.11473757518870116,
      "metric-dp-distance": 0.7956557801614205,
      "metric-dp-noise-stdv": 0.007855155653782867
    },
    "20": {
      "train_loss": 0.06501073442086636,
      "train_loss_mean": 0.09947481833660277,
      "metric-dp-distance": 0.8044181585622331,
      "metric-dp-noise-stdv": 0.007769590894331452
    }
  },
  "client_evaluate_metrics": {
    "1": {
      "eval_loss": 1.1704322956502438,
      "eval_acc": 0.5
    },
    "2": {
      "eval_loss": 1.0564051140099764,
      "eval_acc": 0.5126953125
    },
    "3": {
      "eval_loss": 0.9600322879850864,
      "eval_acc": 0.546875
    },
    "4": {
      "eval_loss": 0.903441933915019,
      "eval_acc": 0.5634765625
    },
    "5": {
      "eval_loss": 0.8628614954650402,
      "eval_acc": 0.59375
    },
    "6": {
      "eval_loss": 0.8126896414905787,
      "eval_acc": 0.609375
    },
    "7": {
      "eval_loss": 0.7703760899603367,
      "eval_acc": 0.6357421875
    },
    "8": {
      "eval_loss": 0.7155499495565891,
      "eval_acc": 0.6923828125
    },
    "9": {
      "eval_loss": 0.6556938178837299,
      "eval_acc": 0.7099609375
    },
    "10": {
      "eval_loss": 0.6209373725578189,
      "eval_acc": 0.7353515625
    },
    "11": {
      "eval_loss": 0.5630921553820372,
      "eval_acc": 0.763671875
    },
    "12": {
      "eval_loss": 0.5226339711807668,
      "eval_acc": 0.78515625
    },
    "13": {
      "eval_loss": 0.4906757059507072,
      "eval_acc": 0.8017578125
    },
    "14": {
      "eval_loss": 0.4304416347295046,
      "eval_acc": 0.8349609375
    },
    "15": {
      "eval_loss": 0.3991633793339133,
      "eval_acc": 0.8369140625
    },
    "16": {
      "eval_loss": 0.3593281847424805,
      "eval_acc": 0.8662109375
    },
    "17": {
      "eval_loss": 0.36160125967580825,
      "eval_acc": 0.8740234375
    },
    "18": {
      "eval_loss": 0.30150597263127565,
      "eval_acc": 0.904296875
    },
    "19": {
      "eval_loss": 0.27441830071620643,
      "eval_acc": 0.9052734375
    },
    "20": {
      "eval_loss": 0.2678690617904067,
      "eval_acc": 0.9140625
    }
  },
  "server_evaluate_metrics": {
    "0": {
      "loss": 1.4405663669109345,
      "accuracy": 0.0109375,
      "f1": 0.0002366692426584235,
      "precision": 0.00011962890624999998,
      "auc": 0.22917846679687504
    },
    "1": {
      "loss": 1.171586459875107,
      "accuracy": 0.4953125,
      "f1": 0.3281380616509927,
      "precision": 0.24533447265625,
      "auc": 0.8039737955729167
    },
    "2": {
      "loss": 1.0589270770549775,
      "accuracy": 0.5109375,
      "f1": 0.3624666437772717,
      "precision": 0.5075176146736651,
      "auc": 0.8203344726562499
    },
    "3": {
      "loss": 0.9701970040798187,
      "accuracy": 0.5078125,
      "f1": 0.43076422445638063,
      "precision": 0.4040426587301587,
      "auc": 0.8272021484375
    },
    "4": {
      "loss": 0.9199697971343994,
      "accuracy": 0.525,
      "f1": 0.4611929091282246,
      "precision": 0.4270900537634409,
      "auc": 0.8353336588541665
    },
    "5": {
      "loss": 0.891670224070549,
      "accuracy": 0.56875,
      "f1": 0.5227225778353152,
      "precision": 0.5479039459723725,
      "auc": 0.8477099609375001
    },
    "6": {
      "loss": 0.8576994270086289,
      "accuracy": 0.6,
      "f1": 0.5866703430634383,
      "precision": 0.5873030186300603,
      "auc": 0.86089111328125
    },
    "7": {
      "loss": 0.8296721190214157,
      "accuracy": 0.621875,
      "f1": 0.6113293301770469,
      "precision": 0.6147246831995588,
      "auc": 0.8712947591145832
    },
    "8": {
      "loss": 0.7853312522172928,
      "accuracy": 0.65,
      "f1": 0.6398462281055822,