{
  "metadata": {
    "run_name": "scaling8__non-iid__global-dp__fedavgm",
    "data_module": "experiments.reproduce.dataset.alzheimer:create_data_module",
    "partition_mode": "non-iid",
    "partition_profile": "auto",
    "privacy": "global-dp",
    "aggregation": "fedavgm",
    "seed": 42,
    "num_clients": 8,
    "rounds": 20,
    "local_epochs": 5,
    "noise_multiplier": 0.01,
    "clipping_norm": 5.0,
    "initialization_pretrained": true,
    "initialization_epochs": 20,
    "initialization_final_loss": 0.39617598056793213
  },
  "train_metrics": {
    "1": {
      "train_loss": 0.5571564410698955,
      "train_loss_mean": 0.7062088666570204
    },
    "2": {
      "train_loss": 0.5374872231911494,
      "train_loss_mean": 0.6923229883808477
    },
    "3": {
      "train_loss": 0.5171442827620213,
      "train_loss_mean": 0.6747491931771149
    },
    "4": {
      "train_loss": 0.484326007558942,
      "train_loss_mean": 0.6524736248637386
    },
    "5": {
      "train_loss": 0.4607759717584355,
      "train_loss_mean": 0.6375439515019778
    },
    "6": {
      "train_loss": 0.45083199152072356,
      "train_loss_mean": 0.6221715801501484
    },
    "7": {
      "train_loss": 0.41530206275564263,
      "train_loss_mean": 0.5952298635239274
    },
    "8": {
      "train_loss": 0.3900204615355353,
      "train_loss_mean": 0.5760962128420837
    },
    "9": {
      "train_loss": 0.37299377854656873,
      "train_loss_mean": 0.5629237958106782
    },
    "10": {
      "train_loss": 0.3432997159940124,
      "train_loss_mean": 0.5409326992379379
    },
    "11": {
      "train_loss": 0.32614086941612536,
      "train_loss_mean": 0.5181589314110785
    },
    "12": {
      "train_loss": 0.3046310536843657,
      "train_loss_mean": 0.5008709424172137
    },
    "13": {
      "train_loss": 0.2783034816839285,
      "train_loss_mean": 0.4766891615273286
    },
    "14": {
      "train_loss": 0.2677730374405835,
      "train_loss_mean": 0.46266007008978255
    },
    "15": {
      "train_loss": 0.24223428809106293,
      "train_loss_mean": 0.43832542282007325
    },
    "16": {
      "train_loss": 0.23025567805222552,
      "train_loss_mean": 0.4229214134489145
    },
    "17": {
      "train_loss": 0.20264284469689547,
      "train_loss_mean": 0.39805694266145525
    },
    "18": {
      "train_loss": 0.1970261213932465,
      "train_loss_mean": 0.3828733831778729
    },
    "19": {
      "train_loss": 0.17994084986928588,
      "train_loss_mean": 0.36943308959811066
    },
    "20": {
      "train_loss": 0.1704943896706694,
      "train_loss_mean": 0.3466829511070826
    }
  },
  "client_evaluate_metrics": {
    "1": {
      "eval_loss": 0.8951326454381439,
      "eval_acc": 0.6530214424951266
    },
    "2": {
      "eval_loss": 0.8653058343753943,
      "eval_acc": 0.6569200779727096
    },
    "3": {
      "eval_loss": 0.821543153153903,
      "eval_acc": 0.6637426900584795
    },
    "4": {
      "eval_loss": 0.8056371993299928,
      "eval_acc": 0.6842105263157894
    },
    "5": {
      "eval_loss": 0.7784869259125308,
      "eval_acc": 0.6803118908382065
    },
    "6": {
      "eval_loss": 0.7732256201783931,
      "eval_acc": 0.6851851851851852
    },
    "7": {
      "eval_loss": 0.7452949579972157,
      "eval_acc": 0.7037037037037038
    },
    "8": {
      "eval_loss": 0.7217856311506171,
      "eval_acc": 0.6998050682261208
    },
    "9": {
      "eval_loss": 0.7185917718237951,
      "eval_acc": 0.7027290448343079
    },
    "10": {
      "eval_loss": 0.6929665308801519,
      "eval_acc": 0.7153996101364523
    },
    "11": {
      "eval_loss": 0.6833335707839179,
      "eval_acc": 0.7212475633528266
    },
    "12": {
      "eval_loss": 0.6711073767858581,
      "eval_acc": 0.7387914230019492
    },
    "13": {
      "eval_loss": 0.6573940260157889,
      "eval_acc": 0.7339181286549707
    },
    "14": {
      "eval_loss": 0.6424084107153712,
      "eval_acc": 0.739766081871345
    },
    "15": {
      "eval_loss": 0.6338063939193129,
      "eval_acc": 0.7543859649122806
    },
    "16": {
      "eval_loss": 0.6149555284522662,
      "eval_acc": 0.7602339181286549
    },
    "17": {
      "eval_loss": 0.6036187469737774,
      "eval_acc": 0.7680311890838207
    },
    "18": {
      "eval_loss": 0.5939786617079528,
      "eval_acc": 0.7748538011695905
    },
    "19": {
      "eval_loss": 0.5773568158882142,
      "eval_acc": 0.7816764132553606
    },
    "20": {
      "eval_loss": 0.5608109854412271,
      "eval_acc": 0.7923976608187135
    }
  },
  "server_evaluate_metrics": {
    "0": {
      "loss": 0.8725650578737258,
      "accuracy": 0.6546875,
      "f1": 0.6532062070648121,
      "precision": 0.6609825938527724,
      "auc": 0.8883284505208333
    },
    "1": {
      "loss": 0.8801443099975585,
      "accuracy": 0.659375,
      "f1": 0.6575290667671209,
      "precision": 0.6692640218938731,
      "auc": 0.8870638020833335
    },
    "2": {
      "loss": 0.8382206842303276,
      "accuracy": 0.6609375,
      "f1": 0.6593460023571419,
      "precision": 0.6674178447420636,
      "auc": 0.89169677734375
    },
    "3": {
      "loss": 0.8053554207086563,
      "accuracy": 0.6640625,
      "f1": 0.662850407726287,
      "precision": 0.6728503247648209,
      "auc": 0.8944710286458333
    },
    "4": {
      "loss": 0.7865600824356079,
      "accuracy": 0.675,
      "f1": 0.6722209948763715,
      "precision": 0.6785003125383982,
      "auc": 0.9004654947916666
    },
    "5": {
      "loss": 0.7593412235379219,
      "accuracy": 0.6859375,
      "f1": 0.6844751951976505,
      "precision": 0.6883800281049653,
      "auc": 0.9019466145833334
    },
    "6": {
      "loss": 0.7552397549152374,
      "accuracy": 0.678125,
      "f1": 0.6761534333358863,
      "precision": 0.6818021694818972,
      "auc": 0.90376220703125
    },
    "7": {
      "loss": 0.7233534708619118,
      "accuracy": 0.6984375,
      "f1": 0.6954936422866751,
      "precision": 0.699524919164201,
      "auc": 0.9093530273437499
    },
    "8": {
      "loss": 0.7129566445946693,
      "accuracy": 0.696875,
      "f1": 0.6945714084026671,
      "precision": 0.694109987745098,
      "auc": 0.9114558919270833
    },
    "9": {
      "loss": 0.7018873780965805,
      "accuracy": 0.7140625,
      "f1": 0.711508859516554,
      "precision": 0.7109602632068452,
      "auc": 0.9143782552083334
    },
    "10": {
      "loss": 0.6787876859307289,
      "accuracy": 0.715625,
      "f1": 0.7123829642033824,
      "precision": 0.7102609822605777,
      "auc": 0.9187573242187501
    },
    "11": {
      "loss": 0.6682637438178063,
      "accuracy": 0.71875,
      "f1": 0.7164281249164282,
      "precision": 0.7166446515556254,
      "auc": 0.9209375000000001
    },
    "12": {
      "loss": 0.6573838219046593,
      "accuracy": 0.7265625,
      "f1": 0.7232363936055881,
      "precision": 0.7206902768610028,
      "auc": 0.9233479817708333
    },
    "13": {
      "loss": 0.6403934165835381,
      "accuracy": 0.7296875,
      "f1": 0.7266229077224331,
      "precision": 0.7249764221752298,
      "auc": 0.9271516927083333
    },
    "14": {
      "loss": 0.6306250512599945,
      "accuracy": 0.7359375,
      "f1": 0.7333765268175707,
      "precision": 0.7322284389495968,
      "auc": 0.92924072265625
    },
    "15": {
      "loss": 0.622375202178955,
      "accuracy": 0.7390625,
      "f1": 0.7356849813885743,
      "precision": 0.7335923217303943,
      "auc": 0.9327058919270832
    },
    "16": {
      "loss": 0.6046452417969703,
      "accuracy": 0.75,
      "f1": 0.747257490310871,
      "precision": 0.7455541475450704,
      "auc": 0.9351464843749999
    },
    "17": {
      "loss": 0.594882981479168,
      "accuracy": 0.75,
      "f1": 0.7467828691983123,
      "precision": 0.7442052440387481,
      "auc": 0.9378735351562499
    },
    "18": {
      "loss": 0.5799318283796311,
      "accuracy": 0.765625,
      "f1": 0.7618963168222039,