{
  "metadata": {
    "run_name": "scaling8__homogeneous__global-dp__fedavgm",
    "data_module": "experiments.reproduce.dataset.alzheimer:create_data_module",
    "partition_mode": "homogeneous",
    "partition_profile": "auto",
    "privacy": "global-dp",
    "aggregation": "fedavgm",
    "seed": 42,
    "num_clients": 8,
    "rounds": 20,
    "local_epochs": 5,
    "noise_multiplier": 0.01,
    "clipping_norm": 5.0,
    "initialization_pretrained": true,
    "initialization_epochs": 20,
    "initialization_final_loss": 0.39617598056793213
  },
  "train_metrics": {
    "1": {
      "train_loss": 0.5542276974301785,
      "train_loss_mean": 0.7103185816667974
    },
    "2": {
      "train_loss": 0.5554043003357947,
      "train_loss_mean": 0.7087686465121805
    },
    "3": {
      "train_loss": 0.5290333121083677,
      "train_loss_mean": 0.6857117902021855
    },
    "4": {
      "train_loss": 0.49866950139403343,
      "train_loss_mean": 0.6563077102182433
    },
    "5": {
      "train_loss": 0.47617932816501707,
      "train_loss_mean": 0.643334937421605
    },
    "6": {
      "train_loss": 0.44614212855231017,
      "train_loss_mean": 0.6190058171516284
    },
    "7": {
      "train_loss": 0.4370309179648757,
      "train_loss_mean": 0.6075675991130993
    },
    "8": {
      "train_loss": 0.404620997607708,
      "train_loss_mean": 0.5822599546983838
    },
    "9": {
      "train_loss": 0.3905823656823486,
      "train_loss_mean": 0.5650327828712761
    },
    "10": {
      "train_loss": 0.3590703997761011,
      "train_loss_mean": 0.5403121974784881
    },
    "11": {
      "train_loss": 0.34544230240862817,
      "train_loss_mean": 0.5278365180129185
    },
    "12": {
      "train_loss": 0.32502841646783054,
      "train_loss_mean": 0.5112416246673092
    },
    "13": {
      "train_loss": 0.3072524205199443,
      "train_loss_mean": 0.4925613102852367
    },
    "14": {
      "train_loss": 0.29345528094563633,
      "train_loss_mean": 0.4770370664540678
    },
    "15": {
      "train_loss": 0.271135592891369,
      "train_loss_mean": 0.4500293241231702
    },
    "16": {
      "train_loss": 0.260096549638547,
      "train_loss_mean": 0.43775436605792495
    },
    "17": {
      "train_loss": 0.2373232512618415,
      "train_loss_mean": 0.4158446981338784
    },
    "18": {
      "train_loss": 0.2185593320755288,
      "train_loss_mean": 0.39963374729268253
    },
    "19": {
      "train_loss": 0.197432604880305,
      "train_loss_mean": 0.38083467030082824
    },
    "20": {
      "train_loss": 0.18673137907171622,
      "train_loss_mean": 0.3642862778971903
    }
  },
  "client_evaluate_metrics": {
    "1": {
      "eval_loss": 0.8706813249737024,
      "eval_acc": 0.640625
    },
    "2": {
      "eval_loss": 0.8313510213047266,
      "eval_acc": 0.646484375
    },
    "3": {
      "eval_loss": 0.7912391182035208,
      "eval_acc": 0.658203125
    },
    "4": {
      "eval_loss": 0.7765121906995773,
      "eval_acc": 0.67578125
    },
    "5": {
      "eval_loss": 0.7470740210264921,
      "eval_acc": 0.677734375
    },
    "6": {
      "eval_loss": 0.7508595809340477,
      "eval_acc": 0.677734375
    },
    "7": {
      "eval_loss": 0.7191143296658993,
      "eval_acc": 0.6845703125
    },
    "8": {
      "eval_loss": 0.700000710785389,
      "eval_acc": 0.689453125
    },
    "9": {
      "eval_loss": 0.6926019415259361,
      "eval_acc": 0.6953125
    },
    "10": {
      "eval_loss": 0.6695929979905486,
      "eval_acc": 0.7138671875
    },
    "11": {
      "eval_loss": 0.6597296698018909,
      "eval_acc": 0.7158203125
    },
    "12": {
      "eval_loss": 0.6466158740222454,
      "eval_acc": 0.7099609375
    },
    "13": {
      "eval_loss": 0.6347110876813531,
      "eval_acc": 0.72265625
    },
    "14": {
      "eval_loss": 0.6206086035817862,
      "eval_acc": 0.7353515625
    },
    "15": {
      "eval_loss": 0.6241125613451004,
      "eval_acc": 0.732421875
    },
    "16": {
      "eval_loss": 0.5946651641279459,
      "eval_acc": 0.7509765625
    },
    "17": {
      "eval_loss": 0.5989362746477127,
      "eval_acc": 0.74609375
    },
    "18": {
      "eval_loss": 0.5764790251851082,
      "eval_acc": 0.7646484375
    },
    "19": {
      "eval_loss": 0.5783655298873782,
      "eval_acc": 0.763671875
    },
    "20": {
      "eval_loss": 0.5512888822704554,
      "eval_acc": 0.7802734375
    }
  },
  "server_evaluate_metrics": {
    "0": {
      "loss": 0.8725650578737258,
      "accuracy": 0.6546875,
      "f1": 0.6532062070648121,
      "precision": 0.6609825938527724,
      "auc": 0.8883284505208333
    },
    "1": {
      "loss": 0.8805921748280525,
      "accuracy": 0.659375,
      "f1": 0.6575290667671209,
      "precision": 0.6692640218938731,
      "auc": 0.8866837565104165
    },
    "2": {
      "loss": 0.8384215414524079,
      "accuracy": 0.659375,
      "f1": 0.6580546592447529,
      "precision": 0.6660124943942944,
      "auc": 0.8910766601562501
    },
    "3": {
      "loss": 0.8053217589855194,
      "accuracy": 0.6609375,
      "f1": 0.6595652702698022,
      "precision": 0.6708240037482739,
      "auc": 0.8936865234374999
    },
    "4": {
      "loss": 0.7898465499281884,
      "accuracy": 0.665625,
      "f1": 0.6628005819642288,
      "precision": 0.6736708296164139,
      "auc": 0.8986954752604167
    },
    "5": {
      "loss": 0.7613879516720772,
      "accuracy": 0.6859375,
      "f1": 0.6842162192244696,
      "precision": 0.6905089009353225,
      "auc": 0.9004459635416666
    },
    "6": {
      "loss": 0.7596812874078751,
      "accuracy": 0.6765625,
      "f1": 0.6738429978089069,
      "precision": 0.6819064670138889,
      "auc": 0.9019742838541666
    },
    "7": {
      "loss": 0.7335339277982712,
      "accuracy": 0.6828125,
      "f1": 0.67961699790916,
      "precision": 0.6907225410413527,
      "auc": 0.9060611979166667
    },
    "8": {
      "loss": 0.7192660242319107,
      "accuracy": 0.6953125,
      "f1": 0.6922722315277754,
      "precision": 0.6928963000109942,
      "auc": 0.9090327962239583
    },
    "9": {
      "loss": 0.7111905932426452,
      "accuracy": 0.7015625,
      "f1": 0.698593287101752,
      "precision": 0.7013389068265683,
      "auc": 0.911279296875
    },
    "10": {
      "loss": 0.6902305871248245,
      "accuracy": 0.7046875,
      "f1": 0.7005858176910807,
      "precision": 0.7015655547409579,
      "auc": 0.9151407877604167
    },
    "11": {
      "loss": 0.6826892763376236,
      "accuracy": 0.7125,
      "f1": 0.7094111305898003,
      "precision": 0.7101289891403524,
      "auc": 0.9170003255208331
    },
    "12": {
      "loss": 0.671686926484108,
      "accuracy": 0.721875,
      "f1": 0.7175153984666214,
      "precision": 0.7154648100010046,
      "auc": 0.9192049153645834
    },
    "13": {
      "loss": 0.6571271911263465,
      "accuracy": 0.73125,
      "f1": 0.7270295991548734,
      "precision": 0.7251845206700824,
      "auc": 0.9228898111979167
    },
    "14": {
      "loss": 0.6463919818401337,
      "accuracy": 0.7359375,
      "f1": 0.7318257921282791,
      "precision": 0.7286980512597917,
      "auc": 0.92513671875
    },
    "15": {
      "loss": 0.6495666027069091,
      "accuracy": 0.728125,
      "f1": 0.7234077854228717,
      "precision": 0.7220262886286994,
      "auc": 0.9268359374999999
    },
    "16": {
      "loss": 0.6270492762327194,
      "accuracy": 0.74375,
      "f1": 0.7391955480305492,
      "precision": 0.7358815437658317,
      "auc": 0.9301253255208333
    },
    "17": {
      "loss": 0.6254618048667908,
      "accuracy": 0.75,
      "f1": 0.7454954924243777,
      "precision": 0.7431573070676523,
      "auc": 0.9317000325520833
    },
    "18": {
      "loss": 0.6082774147391319,
      "accuracy": 0.746875,
      "f1": 0.741484959191755,
      "precision": 0.7392181011326253,
      "auc": 0.9350309244791668
    },
    "19": {
      "loss": 0.6077066764235497,
      "accuracy": 0.7546875,