{
  "metadata": {
    "run_name": "scaling8__homogeneous__vanilla__fedavgm",
    "data_module": "experiments.reproduce.dataset.alzheimer:create_data_module",
    "partition_mode": "homogeneous",
    "partition_profile": "auto",
    "privacy": "vanilla",
    "aggregation": "fedavgm",
    "seed": 42,
    "num_clients": 8,
    "rounds": 20,
    "local_epochs": 5,
    "noise_multiplier": 0.01,
    "clipping_norm": 5.0,
    "initialization_pretrained": true,
    "initialization_epochs": 20,
    "initialization_final_loss": 0.39617598056793213
  },
  "train_metrics": {
    "1": {
      "train_loss": 0.5542276974301785,
      "train_loss_mean": 0.7103185816667974
    },
    "2": {
      "train_loss": 0.53289032028988,
      "train_loss_mean": 0.6901588109787553
    },
    "3": {
      "train_loss": 0.5051619270816445,
      "train_loss_mean": 0.6637917318847031
    },
    "4": {
      "train_loss": 0.4626754989149049,
      "train_loss_mean": 0.6271460298681631
    },
    "5": {
      "train_loss": 0.4157054591923952,
      "train_loss_mean": 0.5926319290651009
    },
    "6": {
      "train_loss": 0.3906370416516438,
      "train_loss_mean": 0.5659075982868672
    },
    "7": {
      "train_loss": 0.3457924291724339,
      "train_loss_mean": 0.5312226910609752
    },
    "8": {
      "train_loss": 0.32096970814745873,
      "train_loss_mean": 0.4977850135182962
    },
    "9": {
      "train_loss": 0.2828412909875624,
      "train_loss_mean": 0.4648650741553866
    },
    "10": {
      "train_loss": 0.2631856814259663,
      "train_loss_mean": 0.4380767833208666
    },
    "11": {
      "train_loss": 0.22791746957227588,
      "train_loss_mean": 0.4036818540189415
    },
    "12": {
      "train_loss": 0.2025669618160464,
      "train_loss_mean": 0.37715359828434886
    },
    "13": {
      "train_loss": 0.18057434918591753,
      "train_loss_mean": 0.34679341833107175
    },
    "14": {
      "train_loss": 0.14832707871391904,
      "train_loss_mean": 0.31633084623899776
    },
    "15": {
      "train_loss": 0.13362856888852548,
      "train_loss_mean": 0.2934189290128415
    },
    "16": {
      "train_loss": 0.12242222463828512,
      "train_loss_mean": 0.275481066131033
    },
    "17": {
      "train_loss": 0.11180539269116707,
      "train_loss_mean": 0.25423926971270705
    },
    "18": {
      "train_loss": 0.10357500398822594,
      "train_loss_mean": 0.23840566297003535
    },
    "19": {
      "train_loss": 0.09759537479840219,
      "train_loss_mean": 0.22093951856077182
    },
    "20": {
      "train_loss": 0.09317067998927087,
      "train_loss_mean": 0.2112459334253799
    }
  },
  "client_evaluate_metrics": {
    "1": {
      "eval_loss": 0.8294796627014875,
      "eval_acc": 0.662109375
    },
    "2": {
      "eval_loss": 0.7904241140931845,
      "eval_acc": 0.673828125
    },
    "3": {
      "eval_loss": 0.7533625364303589,
      "eval_acc": 0.6826171875
    },
    "4": {
      "eval_loss": 0.7218103744089603,
      "eval_acc": 0.689453125
    },
    "5": {
      "eval_loss": 0.695189556106925,
      "eval_acc": 0.697265625
    },
    "6": {
      "eval_loss": 0.6706413989886642,
      "eval_acc": 0.703125
    },
    "7": {
      "eval_loss": 0.6482174126431346,
      "eval_acc": 0.71484375
    },
    "8": {
      "eval_loss": 0.625949589535594,
      "eval_acc": 0.728515625
    },
    "9": {
      "eval_loss": 0.6036920007318258,
      "eval_acc": 0.75
    },
    "10": {
      "eval_loss": 0.5819693729281425,
      "eval_acc": 0.7607421875
    },
    "11": {
      "eval_loss": 0.5602532718330622,
      "eval_acc": 0.7685546875
    },
    "12": {
      "eval_loss": 0.5388174429535866,
      "eval_acc": 0.77734375
    },
    "13": {
      "eval_loss": 0.5176968285813928,
      "eval_acc": 0.7861328125
    },
    "14": {
      "eval_loss": 0.49643831979483366,
      "eval_acc": 0.7978515625
    },
    "15": {
      "eval_loss": 0.47594922222197056,
      "eval_acc": 0.806640625
    },
    "16": {
      "eval_loss": 0.45647844206541777,
      "eval_acc": 0.8203125
    },
    "17": {
      "eval_loss": 0.43682342022657394,
      "eval_acc": 0.8291015625
    },
    "18": {
      "eval_loss": 0.4181015966460109,
      "eval_acc": 0.8330078125
    },
    "19": {
      "eval_loss": 0.3996998709626496,
      "eval_acc": 0.837890625
    },
    "20": {
      "eval_loss": 0.382646425627172,
      "eval_acc": 0.845703125
    }
  },
  "server_evaluate_metrics": {
    "0": {
      "loss": 0.8725650578737258,
      "accuracy": 0.6546875,
      "f1": 0.6532062070648121,
      "precision": 0.6609825938527724,
      "auc": 0.8883284505208333
    },
    "1": {
      "loss": 0.8424848780035973,
      "accuracy": 0.659375,
      "f1": 0.6577341728694515,
      "precision": 0.665093309337107,
      "auc": 0.8912524414062499
    },
    "2": {
      "loss": 0.8038208797574043,
      "accuracy": 0.6640625,
      "f1": 0.6623616952915784,
      "precision": 0.6704352744533096,
      "auc": 0.8956087239583334
    },
    "3": {
      "loss": 0.7679111763834954,
      "accuracy": 0.6703125,
      "f1": 0.6681277484075403,
      "precision": 0.6725688886463767,
      "auc": 0.9005623372395832
    },
    "4": {
      "loss": 0.7384712904691696,
      "accuracy": 0.6875,
      "f1": 0.6843130588841231,
      "precision": 0.6868269841565307,
      "auc": 0.9054313151041667
    },
    "5": {
      "loss": 0.7128969490528106,
      "accuracy": 0.6953125,
      "f1": 0.6915958140225789,
      "precision": 0.6927933504075128,
      "auc": 0.9104467773437499
    },
    "6": {
      "loss": 0.6904370844364166,
      "accuracy": 0.7046875,
      "f1": 0.7000833659626688,
      "precision": 0.6992048808399733,
      "auc": 0.9153531901041666
    },
    "7": {
      "loss": 0.6695564791560173,
      "accuracy": 0.71875,
      "f1": 0.7134385442951647,
      "precision": 0.7107423136460883,
      "auc": 0.92013671875
    },
    "8": {
      "loss": 0.6495813563466072,
      "accuracy": 0.728125,
      "f1": 0.7224114141258159,
      "precision": 0.7191475176160995,
      "auc": 0.9247452799479167
    },
    "9": {
      "loss": 0.6301928356289863,
      "accuracy": 0.7359375,
      "f1": 0.7302786177577565,
      "precision": 0.7266451496096058,
      "auc": 0.9292008463541667
    },
    "10": {
      "loss": 0.6106800854206085,
      "accuracy": 0.7453125,
      "f1": 0.7391144819658593,
      "precision": 0.735223277159468,
      "auc": 0.9335628255208334
    },
    "11": {
      "loss": 0.5896310791373253,
      "accuracy": 0.759375,
      "f1": 0.7526540728965256,
      "precision": 0.7495629419126756,
      "auc": 0.9382267252604166
    },
    "12": {
      "loss": 0.5681380659341813,
      "accuracy": 0.7625,
      "f1": 0.7555917714001901,
      "precision": 0.7522835434300166,
      "auc": 0.9427596028645833
    },
    "13": {
      "loss": 0.5467736825346947,
      "accuracy": 0.7734375,
      "f1": 0.7664469294572817,
      "precision": 0.7636453167831663,
      "auc": 0.9471931966145833
    },
    "14": {
      "loss": 0.5255269929766655,
      "accuracy": 0.7875,
      "f1": 0.7809548315481409,
      "precision": 0.777637946339211,
      "auc": 0.9513045247395833
    },
    "15": {
      "loss": 0.505263875424862,
      "accuracy": 0.79375,
      "f1": 0.7874463182664967,
      "precision": 0.7846261528326746,
      "auc": 0.9551847330729165
    },
    "16": {
      "loss": 0.48569068163633344,
      "accuracy": 0.80625,
      "f1": 0.800481170388136,
      "precision": 0.7977553164259481,
      "auc": 0.9588736979166668
    },
    "17": {
      "loss": 0.4670909821987152,
      "accuracy": 0.815625,
      "f1": 0.8099531137242701,
      "precision": 0.8071190631751026,
      "auc": 0.9621834309895833
    },
    "18": {
      "loss": 0.4499024450778961,
      "accuracy": 0.8328125,
      "f1": 0.8275964083336491,
      "precision": 0.8242929476291438,
      "auc": 0.9649625651041667
    },
    "19": {
      "loss": 0.4335474707186222,
      "accuracy": 0.8390625,