{
  "metadata": {
    "run_name": "scaling8__non-iid__global-dp__fedyogi",
    "data_module": "experiments.reproduce.dataset.alzheimer:create_data_module",
    "partition_mode": "non-iid",
    "partition_profile": "auto",
    "privacy": "global-dp",
    "aggregation": "fedyogi",
    "seed": 42,
    "num_clients": 8,
    "rounds": 20,
    "local_epochs": 5,
    "noise_multiplier": 0.01,
    "clipping_norm": 5.0,
    "initialization_pretrained": true,
    "initialization_epochs": 20,
    "initialization_final_loss": 0.39617598056793213
  },
  "train_metrics": {
    "1": {
      "train_loss": 0.5571564410698956,
      "train_loss_mean": 0.7062088666570204
    },
    "2": {
      "train_loss": 0.46297346934872724,
      "train_loss_mean": 0.6312295587952683
    },
    "3": {
      "train_loss": 0.3403321718392165,
      "train_loss_mean": 0.5276026099745565
    },
    "4": {
      "train_loss": 0.2166409977981534,
      "train_loss_mean": 0.404714056396694
    },
    "5": {
      "train_loss": 0.12562867840747455,
      "train_loss_mean": 0.28289533234044406
    },
    "6": {
      "train_loss": 0.11209217796732752,
      "train_loss_mean": 0.21316819291982236
    },
    "7": {
      "train_loss": 0.06792441216985816,
      "train_loss_mean": 0.16857206491279383
    },
    "8": {
      "train_loss": 0.05278516661193318,
      "train_loss_mean": 0.14378559923056072
    },
    "9": {
      "train_loss": 0.04647589330401083,
      "train_loss_mean": 0.11898323141730072
    },
    "10": {
      "train_loss": 0.04456148867922574,
      "train_loss_mean": 0.09334371137527929
    },
    "11": {
      "train_loss": 0.03475142726514584,
      "train_loss_mean": 0.06756288568446793
    },
    "12": {
      "train_loss": 0.032305041639676894,
      "train_loss_mean": 0.058254514658967596
    },
    "13": {
      "train_loss": 0.048741667680475886,
      "train_loss_mean": 0.048432669474886836
    },
    "14": {
      "train_loss": 0.03819049788207791,
      "train_loss_mean": 0.042863697779414456
    },
    "15": {
      "train_loss": 0.04025094617168368,
      "train_loss_mean": 0.03841093765289033
    },
    "16": {
      "train_loss": 0.0359244499473637,
      "train_loss_mean": 0.034641153824324186
    },
    "17": {
      "train_loss": 0.03145752904023473,
      "train_loss_mean": 0.026805997292455936
    },
    "18": {
      "train_loss": 0.04313303369492511,
      "train_loss_mean": 0.03679939201564611
    },
    "19": {
      "train_loss": 0.031485886758339125,
      "train_loss_mean": 0.028275444421018217
    },
    "20": {
      "train_loss": 0.03990731579310226,
      "train_loss_mean": 0.033267103674201215
    }
  },
  "client_evaluate_metrics": {
    "1": {
      "eval_loss": 0.7959582579574506,
      "eval_acc": 0.6793372319688108
    },
    "2": {
      "eval_loss": 0.6957210078545015,
      "eval_acc": 0.7046783625730992
    },
    "3": {
      "eval_loss": 0.6146146332296827,
      "eval_acc": 0.763157894736842
    },
    "4": {
      "eval_loss": 0.5575765308508283,
      "eval_acc": 0.7923976608187135
    },
    "5": {
      "eval_loss": 0.539765028635196,
      "eval_acc": 0.8128654970760234
    },
    "6": {
      "eval_loss": 0.5682755407470521,
      "eval_acc": 0.8440545808966862
    },
    "7": {
      "eval_loss": 0.6210943202526282,
      "eval_acc": 0.8674463937621832
    },
    "8": {
      "eval_loss": 0.5976747733342949,
      "eval_acc": 0.8869395711500975
    },
    "9": {
      "eval_loss": 0.4085862121996824,
      "eval_acc": 0.9200779727095515
    },
    "10": {
      "eval_loss": 0.2865741403653608,
      "eval_acc": 0.935672514619883
    },
    "11": {
      "eval_loss": 0.24986459141992914,
      "eval_acc": 0.9444444444444444
    },
    "12": {
      "eval_loss": 0.20687112708886468,
      "eval_acc": 0.9434697855750488
    },
    "13": {
      "eval_loss": 0.17948406981213522,
      "eval_acc": 0.9580896686159843
    },
    "14": {
      "eval_loss": 0.16622819568504366,
      "eval_acc": 0.9580896686159844
    },
    "15": {
      "eval_loss": 0.16288391299560287,
      "eval_acc": 0.96588693957115
    },
    "16": {
      "eval_loss": 0.18361676823221634,
      "eval_acc": 0.9688109161793371
    },
    "17": {
      "eval_loss": 0.23550189478008227,
      "eval_acc": 0.9668615984405458
    },
    "18": {
      "eval_loss": 0.2811978883409464,
      "eval_acc": 0.9688109161793371
    },
    "19": {
      "eval_loss": 0.2902581720260009,
      "eval_acc": 0.96588693957115
    },
    "20": {
      "eval_loss": 0.24533973407902576,
      "eval_acc": 0.9649122807017543
    }
  },
  "server_evaluate_metrics": {
    "0": {
      "loss": 0.8725650578737258,
      "accuracy": 0.6546875,
      "f1": 0.6532062070648121,
      "precision": 0.6609825938527724,
      "auc": 0.8883284505208333
    },
    "1": {
      "loss": 0.7797229781746864,
      "accuracy": 0.6796875,
      "f1": 0.6775833280126021,
      "precision": 0.6880612728045763,
      "auc": 0.8990372721354166
    },
    "2": {
      "loss": 0.681573462486267,
      "accuracy": 0.70625,
      "f1": 0.7040895864024757,
      "precision": 0.7060154896835973,
      "auc": 0.9167382812500001
    },
    "3": {
      "loss": 0.6147147819399834,
      "accuracy": 0.7484375,
      "f1": 0.7432022918783195,
      "precision": 0.7395246031401473,
      "auc": 0.9344449869791667
    },
    "4": {
      "loss": 0.5783285111188888,
      "accuracy": 0.7609375,
      "f1": 0.7525030803386011,
      "precision": 0.7518280804607949,
      "auc": 0.9422867838541666
    },
    "5": {
      "loss": 0.5718532636761665,
      "accuracy": 0.8078125,
      "f1": 0.7985675312966078,
      "precision": 0.8058167001551562,
      "auc": 0.9501765950520833
    },
    "6": {
      "loss": 0.646054507791996,
      "accuracy": 0.8078125,
      "f1": 0.7997118880378384,
      "precision": 0.805551377748069,
      "auc": 0.9628780110677083
    },
    "7": {
      "loss": 0.7315535396337509,
      "accuracy": 0.840625,
      "f1": 0.8341298364965001,
      "precision": 0.8334642343468147,
      "auc": 0.9720458984375
    },
    "8": {
      "loss": 0.7440799839794636,
      "accuracy": 0.8671875,
      "f1": 0.8613051674045102,
      "precision": 0.8585696079244031,
      "auc": 0.9779012044270834
    },
    "9": {
      "loss": 0.5799179811030626,
      "accuracy": 0.890625,
      "f1": 0.8855973924638805,
      "precision": 0.8809769447944055,
      "auc": 0.9846443684895834
    },
    "10": {
      "loss": 0.44370004241354766,
      "accuracy": 0.915625,
      "f1": 0.9136699085971948,
      "precision": 0.9161727849034351,
      "auc": 0.988294677734375
    },
    "11": {
      "loss": 0.35361328469589354,
      "accuracy": 0.934375,
      "f1": 0.9343185625633172,
      "precision": 0.9346330605282024,
      "auc": 0.9899666341145833
    },
    "12": {
      "loss": 0.30053106183186173,
      "accuracy": 0.9359375,
      "f1": 0.9360835499153686,
      "precision": 0.9370309949026046,
      "auc": 0.9900447591145833
    },
    "13": {
      "loss": 0.27108934000134466,
      "accuracy": 0.94375,
      "f1": 0.9438335810088135,
      "precision": 0.9441833970302594,
      "auc": 0.9903124999999999
    },
    "14": {
      "loss": 0.27216999866068364,
      "accuracy": 0.95,
      "f1": 0.9500520958299342,
      "precision": 0.950309543169722,
      "auc": 0.990899658203125
    },
    "15": {
      "loss": 0.30858275745995345,
      "accuracy": 0.95625,
      "f1": 0.9560810451744626,
      "precision": 0.9562078810598431,
      "auc": 0.9911612955729168
    },
    "16": {
      "loss": 0.34954088196682276,
      "accuracy": 0.9578125,
      "f1": 0.9576401215359283,
      "precision": 0.957856874712753,
      "auc": 0.9921329752604167
    },
    "17": {
      "loss": 0.3841742250104289,
      "accuracy": 0.965625,
      "f1": 0.9654685501479708,
      "precision": 0.9657726184871311,
      "auc": 0.9928450520833334
    },
    "18": {
      "loss": 0.3999802535487106,
      "accuracy": 0.965625,