{
  "metadata": {
    "run_name": "scaling8__homogeneous__vanilla__fedyogi",
    "data_module": "experiments.reproduce.dataset.alzheimer:create_data_module",
    "partition_mode": "homogeneous",
    "partition_profile": "auto",
    "privacy": "vanilla",
    "aggregation": "fedyogi",
    "seed": 42,
    "num_clients": 8,
    "rounds": 20,
    "local_epochs": 5,
    "noise_multiplier": 0.01,
    "clipping_norm": 5.0,
    "initialization_pretrained": true,
    "initialization_epochs": 20,
    "initialization_final_loss": 0.39617598056793213
  },
  "train_metrics": {
    "1": {
      "train_loss": 0.5542276974301785,
      "train_loss_mean": 0.7103185816667974
    },
    "2": {
      "train_loss": 0.4457604014314711,
      "train_loss_mean": 0.6094915258930995
    },
    "3": {
      "train_loss": 0.30695886170724407,
      "train_loss_mean": 0.4810474315308966
    },
    "4": {
      "train_loss": 0.18329698123852722,
      "train_loss_mean": 0.34714449721504936
    },
    "5": {
      "train_loss": 0.10760167366242968,
      "train_loss_mean": 0.23926182336872445
    },
    "6": {
      "train_loss": 0.08050576273308252,
      "train_loss_mean": 0.19024761656692135
    },
    "7": {
      "train_loss": 0.060240078213610104,
      "train_loss_mean": 0.15983300706247974
    },
    "8": {
      "train_loss": 0.04822348764355411,
      "train_loss_mean": 0.13535148028313415
    },
    "9": {
      "train_loss": 0.046721437792712095,
      "train_loss_mean": 0.09790255322041048
    },
    "10": {
      "train_loss": 0.033261903458367215,
      "train_loss_mean": 0.07794381539082451
    },
    "11": {
      "train_loss": 0.030939995675396403,
      "train_loss_mean": 0.06281772646750597
    },
    "12": {
      "train_loss": 0.031226800280421685,
      "train_loss_mean": 0.05316748837735759
    },
    "13": {
      "train_loss": 0.03301647423386811,
      "train_loss_mean": 0.04245926473650882
    },
    "14": {
      "train_loss": 0.026649690479938926,
      "train_loss_mean": 0.037731831273005986
    },
    "15": {
      "train_loss": 0.02127188123403556,
      "train_loss_mean": 0.03734854702223417
    },
    "16": {
      "train_loss": 0.02954168525295664,
      "train_loss_mean": 0.034867395640534066
    },
    "17": {
      "train_loss": 0.02724907566552104,
      "train_loss_mean": 0.028063288168623256
    },
    "18": {
      "train_loss": 0.026445402577237598,
      "train_loss_mean": 0.02811952323128614
    },
    "19": {
      "train_loss": 0.03208811567502767,
      "train_loss_mean": 0.02866481798965636
    },
    "20": {
      "train_loss": 0.040853692383331475,
      "train_loss_mean": 0.03334291743163894
    }
  },
  "client_evaluate_metrics": {
    "1": {
      "eval_loss": 0.7172968648374081,
      "eval_acc": 0.693359375
    },
    "2": {
      "eval_loss": 0.634336655959487,
      "eval_acc": 0.73046875
    },
    "3": {
      "eval_loss": 0.5795557284727693,
      "eval_acc": 0.7548828125
    },
    "4": {
      "eval_loss": 0.4993715463206172,
      "eval_acc": 0.7900390625
    },
    "5": {
      "eval_loss": 0.5623860144987702,
      "eval_acc": 0.8251953125
    },
    "6": {
      "eval_loss": 0.6750966454856098,
      "eval_acc": 0.8466796875
    },
    "7": {
      "eval_loss": 0.6873059100471437,
      "eval_acc": 0.8681640625
    },
    "8": {
      "eval_loss": 0.5974231148138642,
      "eval_acc": 0.888671875
    },
    "9": {
      "eval_loss": 0.4230440855026245,
      "eval_acc": 0.90625
    },
    "10": {
      "eval_loss": 0.3171998547622934,
      "eval_acc": 0.92578125
    },
    "11": {
      "eval_loss": 0.24872406042413786,
      "eval_acc": 0.9306640625
    },
    "12": {
      "eval_loss": 0.20654334704158828,
      "eval_acc": 0.9404296875
    },
    "13": {
      "eval_loss": 0.18756224564276636,
      "eval_acc": 0.951171875
    },
    "14": {
      "eval_loss": 0.2172582223720383,
      "eval_acc": 0.962890625
    },
    "15": {
      "eval_loss": 0.28449851927143754,
      "eval_acc": 0.9599609375
    },
    "16": {
      "eval_loss": 0.32670179920478404,
      "eval_acc": 0.955078125
    },
    "17": {
      "eval_loss": 0.3271250615216559,
      "eval_acc": 0.9560546875
    },
    "18": {
      "eval_loss": 0.3086452499337611,
      "eval_acc": 0.9560546875
    },
    "19": {
      "eval_loss": 0.2685698391251208,
      "eval_acc": 0.9560546875
    },
    "20": {
      "eval_loss": 0.23759578985482221,
      "eval_acc": 0.9521484375
    }
  },
  "server_evaluate_metrics": {
    "0": {
      "loss": 0.8725650578737258,
      "accuracy": 0.6546875,
      "f1": 0.6532062070648121,
      "precision": 0.6609825938527724,
      "auc": 0.8883284505208333
    },
    "1": {
      "loss": 0.7325470060110092,
      "accuracy": 0.68125,
      "f1": 0.678072430852442,
      "precision": 0.6797645369257885,
      "auc": 0.9047916666666667
    },
    "2": {
      "loss": 0.6561700791120529,
      "accuracy": 0.7234375,
      "f1": 0.7123337940506616,
      "precision": 0.7127843284597215,
      "auc": 0.9232926432291668
    },
    "3": {
      "loss": 0.607932037115097,
      "accuracy": 0.7515625,
      "f1": 0.7360174931755232,
      "precision": 0.7550514460280278,
      "auc": 0.9345426432291667
    },
    "4": {
      "loss": 0.5331968128681183,
      "accuracy": 0.8015625,
      "f1": 0.7933944383794275,
      "precision": 0.7969784628378378,
      "auc": 0.9523893229166666
    },
    "5": {
      "loss": 0.6021966710686684,
      "accuracy": 0.821875,
      "f1": 0.8158283959641569,
      "precision": 0.8117866417208524,
      "auc": 0.9634326171875
    },
    "6": {
      "loss": 0.7784806348383426,
      "accuracy": 0.8390625,
      "f1": 0.8339714593665839,
      "precision": 0.8301465955442332,
      "auc": 0.9689225260416666
    },
    "7": {
      "loss": 0.8178471174091101,
      "accuracy": 0.85,
      "f1": 0.8455055195230606,
      "precision": 0.8430479289343854,
      "auc": 0.9743729654947917
    },
    "8": {
      "loss": 0.7397248076274991,
      "accuracy": 0.8734375,
      "f1": 0.8690400186986282,
      "precision": 0.8680573021462106,
      "auc": 0.9789510091145833
    },
    "9": {
      "loss": 0.5825516305863857,
      "accuracy": 0.8921875,
      "f1": 0.8902342023057617,
      "precision": 0.893804270158929,
      "auc": 0.9831241861979166
    },
    "10": {
      "loss": 0.4569432673510164,
      "accuracy": 0.921875,
      "f1": 0.9217178012199092,
      "precision": 0.9221968336293187,
      "auc": 0.9854020182291667
    },
    "11": {
      "loss": 0.37951930351555346,
      "accuracy": 0.934375,
      "f1": 0.9343311979444874,
      "precision": 0.9346627717464283,
      "auc": 0.9868334960937499
    },
    "12": {
      "loss": 0.3431621753610671,
      "accuracy": 0.9375,
      "f1": 0.9375853811630985,
      "precision": 0.937803129577824,
      "auc": 0.98803466796875
    },
    "13": {
      "loss": 0.36518293228000404,
      "accuracy": 0.9421875,
      "f1": 0.9422023054946633,
      "precision": 0.9423522070056745,
      "auc": 0.9886409505208335
    },
    "14": {
      "loss": 0.4510528211481869,
      "accuracy": 0.9390625,
      "f1": 0.9390669225803923,
      "precision": 0.9392775396632199,
      "auc": 0.9883121744791667
    },
    "15": {
      "loss": 0.5558841497870162,
      "accuracy": 0.94375,
      "f1": 0.9436297884149148,
      "precision": 0.9440264159215035,
      "auc": 0.987911376953125
    },
    "16": {
      "loss": 0.576785024284618,
      "accuracy": 0.9453125,
      "f1": 0.9450941183038146,
      "precision": 0.9455894595910419,
      "auc": 0.9891984049479167
    },
    "17": {
      "loss": 0.5397426293231546,
      "accuracy": 0.94375,
      "f1": 0.9435880012289038,
      "precision": 0.9439585587581286,
      "auc": 0.9905253092447917
    },
    "18": {
      "loss": 0.46112291028257457,
      "accuracy": 0.940625,
      "f1": 0.9405438004574552,
      "precision": 0.9407183866472435,
      "auc": 0.9915376790364583
    },