{
  "metadata": {
    "run_name": "scaling8__homogeneous__global-dp__fedyogi",
    "data_module": "experiments.reproduce.dataset.alzheimer:create_data_module",
    "partition_mode": "homogeneous",
    "partition_profile": "auto",
    "privacy": "global-dp",
    "aggregation": "fedyogi",
    "seed": 42,
    "num_clients": 8,
    "rounds": 20,
    "local_epochs": 5,
    "noise_multiplier": 0.01,
    "clipping_norm": 5.0,
    "initialization_pretrained": true,
    "initialization_epochs": 20,
    "initialization_final_loss": 0.39617598056793213
  },
  "train_metrics": {
    "1": {
      "train_loss": 0.5542276974301785,
      "train_loss_mean": 0.7103185816667974
    },
    "2": {
      "train_loss": 0.4794416348449886,
      "train_loss_mean": 0.6425846395082772
    },
    "3": {
      "train_loss": 0.36820569867268205,
      "train_loss_mean": 0.53512546219863
    },
    "4": {
      "train_loss": 0.24492573936004192,
      "train_loss_mean": 0.4178420988144353
    },
    "5": {
      "train_loss": 0.15543255225929897,
      "train_loss_mean": 0.3146553258091444
    },
    "6": {
      "train_loss": 0.09589345393033,
      "train_loss_mean": 0.2222355682242778
    },
    "7": {
      "train_loss": 0.07223787620023359,
      "train_loss_mean": 0.18302282076620033
    },
    "8": {
      "train_loss": 0.05849629322983674,
      "train_loss_mean": 0.15447614356598932
    },
    "9": {
      "train_loss": 0.045435119031935756,
      "train_loss_mean": 0.12687558827474277
    },
    "10": {
      "train_loss": 0.044477141552874855,
      "train_loss_mean": 0.0969590781514171
    },
    "11": {
      "train_loss": 0.032564468879627384,
      "train_loss_mean": 0.0734849961531836
    },
    "12": {
      "train_loss": 0.03456105529741649,
      "train_loss_mean": 0.06123886275538552
    },
    "13": {
      "train_loss": 0.029430246809113214,
      "train_loss_mean": 0.050058306826497305
    },
    "14": {
      "train_loss": 0.03234223579441675,
      "train_loss_mean": 0.04138647981518595
    },
    "15": {
      "train_loss": 0.03164087967492435,
      "train_loss_mean": 0.041497402107552255
    },
    "16": {
      "train_loss": 0.029012406110265232,
      "train_loss_mean": 0.03536399468820981
    },
    "17": {
      "train_loss": 0.029283339713502166,
      "train_loss_mean": 0.03456767536180764
    },
    "18": {
      "train_loss": 0.029185689519488633,
      "train_loss_mean": 0.03578526803375546
    },
    "19": {
      "train_loss": 0.04935119406475241,
      "train_loss_mean": 0.030873221826060813
    },
    "20": {
      "train_loss": 0.03958747250281039,
      "train_loss_mean": 0.0294324671285824
    }
  },
  "client_evaluate_metrics": {
    "1": {
      "eval_loss": 0.7713345009833574,
      "eval_acc": 0.671875
    },
    "2": {
      "eval_loss": 0.6680272333323956,
      "eval_acc": 0.7001953125
    },
    "3": {
      "eval_loss": 0.5989954378455877,
      "eval_acc": 0.7548828125
    },
    "4": {
      "eval_loss": 0.5445998823270202,
      "eval_acc": 0.76953125
    },
    "5": {
      "eval_loss": 0.5038905586116016,
      "eval_acc": 0.80078125
    },
    "6": {
      "eval_loss": 0.5843132375739515,
      "eval_acc": 0.81640625
    },
    "7": {
      "eval_loss": 0.6724929660558701,
      "eval_acc": 0.8369140625
    },
    "8": {
      "eval_loss": 0.6244633044116199,
      "eval_acc": 0.8701171875
    },
    "9": {
      "eval_loss": 0.44618895812891424,
      "eval_acc": 0.892578125
    },
    "10": {
      "eval_loss": 0.32870098570128903,
      "eval_acc": 0.9208984375
    },
    "11": {
      "eval_loss": 0.2765922809485346,
      "eval_acc": 0.927734375
    },
    "12": {
      "eval_loss": 0.22007215494522825,
      "eval_acc": 0.9345703125
    },
    "13": {
      "eval_loss": 0.19371464921277948,
      "eval_acc": 0.9462890625
    },
    "14": {
      "eval_loss": 0.1817335598752834,
      "eval_acc": 0.951171875
    },
    "15": {
      "eval_loss": 0.20083661749958992,
      "eval_acc": 0.9580078125
    },
    "16": {
      "eval_loss": 0.24421513286870322,
      "eval_acc": 0.958984375
    },
    "17": {
      "eval_loss": 0.31548470039888343,
      "eval_acc": 0.9560546875
    },
    "18": {
      "eval_loss": 0.35019271222518,
      "eval_acc": 0.9609375
    },
    "19": {
      "eval_loss": 0.32116748351836577,
      "eval_acc": 0.962890625
    },
    "20": {
      "eval_loss": 0.29218099382705986,
      "eval_acc": 0.9560546875
    }
  },
  "server_evaluate_metrics": {
    "0": {
      "loss": 0.8725650578737258,
      "accuracy": 0.6546875,
      "f1": 0.6532062070648121,
      "precision": 0.6609825938527724,
      "auc": 0.8883284505208333
    },
    "1": {
      "loss": 0.7815209627151489,
      "accuracy": 0.66875,
      "f1": 0.6667026043058876,
      "precision": 0.6778454074937464,
      "auc": 0.8974845377604167
    },
    "2": {
      "loss": 0.6789452120661735,
      "accuracy": 0.7125,
      "f1": 0.7081250688806058,
      "precision": 0.7049220105288745,
      "auc": 0.9167944335937501
    },
    "3": {
      "loss": 0.6228588983416558,
      "accuracy": 0.7359375,
      "f1": 0.7260968758513848,
      "precision": 0.7253382799876178,
      "auc": 0.9315861002604165
    },
    "4": {
      "loss": 0.5773218125104904,
      "accuracy": 0.76875,
      "f1": 0.7563980110844734,
      "precision": 0.7690354778764954,
      "auc": 0.94148193359375
    },
    "5": {
      "loss": 0.5415825843811035,
      "accuracy": 0.7890625,
      "f1": 0.7793364639998692,
      "precision": 0.7880102790919246,
      "auc": 0.9528898111979166
    },
    "6": {
      "loss": 0.6144407257437706,
      "accuracy": 0.8078125,
      "f1": 0.7997128487778113,
      "precision": 0.8026172147591286,
      "auc": 0.9619116210937501
    },
    "7": {
      "loss": 0.754556731134653,
      "accuracy": 0.8375,
      "f1": 0.8307624253871394,
      "precision": 0.8298654562383613,
      "auc": 0.9676163736979168
    },
    "8": {
      "loss": 0.766027620434761,
      "accuracy": 0.853125,
      "f1": 0.8472626989661636,
      "precision": 0.8440869105465735,
      "auc": 0.9744429524739582
    },
    "9": {
      "loss": 0.6082653991878033,
      "accuracy": 0.890625,
      "f1": 0.8895375178646441,
      "precision": 0.8910898849467263,
      "auc": 0.9812618001302084
    },
    "10": {
      "loss": 0.4968456171452999,
      "accuracy": 0.896875,
      "f1": 0.8964188810690874,
      "precision": 0.8981641415134123,
      "auc": 0.9846708170572916
    },
    "11": {
      "loss": 0.42352701956406236,
      "accuracy": 0.9140625,
      "f1": 0.9138889522566617,
      "precision": 0.9156075007252079,
      "auc": 0.9862479654947917
    },
    "12": {
      "loss": 0.36953010195866226,
      "accuracy": 0.9203125,
      "f1": 0.9207724060658069,
      "precision": 0.9226672490225848,
      "auc": 0.9864322916666667
    },
    "13": {
      "loss": 0.338022799231112,
      "accuracy": 0.9359375,
      "f1": 0.9361041662947533,
      "precision": 0.9371269446675334,
      "auc": 0.9874348958333334
    },
    "14": {
      "loss": 0.3418155641295016,
      "accuracy": 0.9359375,
      "f1": 0.9360730621930594,
      "precision": 0.9366165344320683,
      "auc": 0.9885530598958333
    },
    "15": {
      "loss": 0.38738621468655765,
      "accuracy": 0.9421875,
      "f1": 0.941981877587893,
      "precision": 0.9422576332658569,
      "auc": 0.9890885416666666
    },
    "16": {
      "loss": 0.4519948384957388,
      "accuracy": 0.9421875,
      "f1": 0.9419489493258292,
      "precision": 0.9424962738986453,
      "auc": 0.990391845703125
    },
    "17": {
      "loss": 0.556650046465802,
      "accuracy": 0.94375,
      "f1": 0.9435092771164999,
      "precision": 0.9441167665829917,
      "auc": 0.9905562337239583
    },
    "18": {
      "loss": 0.5649664446653333,
      "accuracy": 0.94375,
      "f1": 0.9434973523934275,
      "precision": 0.9445952482140714,
      "auc": 0.9907096354166668
    },