{
  "metadata": {
    "run_name": "scaling8__non-iid__vanilla__fedyogi",
    "data_module": "experiments.reproduce.dataset.alzheimer:create_data_module",
    "partition_mode": "non-iid",
    "partition_profile": "auto",
    "privacy": "vanilla",
    "aggregation": "fedyogi",
    "seed": 42,
    "num_clients": 8,
    "rounds": 20,
    "local_epochs": 5,
    "noise_multiplier": 0.01,
    "clipping_norm": 5.0,
    "initialization_pretrained": true,
    "initialization_epochs": 20,
    "initialization_final_loss": 0.39617598056793213
  },
  "train_metrics": {
    "1": {
      "train_loss": 0.5571564410698956,
      "train_loss_mean": 0.7062088666570204
    },
    "2": {
      "train_loss": 0.41751774805577485,
      "train_loss_mean": 0.6003618276258998
    },
    "3": {
      "train_loss": 0.2688713557727027,
      "train_loss_mean": 0.454302666604184
    },
    "4": {
      "train_loss": 0.14388414451321946,
      "train_loss_mean": 0.3109738910446079
    },
    "5": {
      "train_loss": 0.09543174701234627,
      "train_loss_mean": 0.214246050561594
    },
    "6": {
      "train_loss": 0.06223642626234967,
      "train_loss_mean": 0.1715793036620993
    },
    "7": {
      "train_loss": 0.054028734229127434,
      "train_loss_mean": 0.14899336980073088
    },
    "8": {
      "train_loss": 0.043094624016110014,
      "train_loss_mean": 0.11431471578143561
    },
    "9": {
      "train_loss": 0.041034160335887165,
      "train_loss_mean": 0.09251932107042811
    },
    "10": {
      "train_loss": 0.04320982744729229,
      "train_loss_mean": 0.0697314414756634
    },
    "11": {
      "train_loss": 0.03789395852031488,
      "train_loss_mean": 0.05119687549485898
    },
    "12": {
      "train_loss": 0.03243367851715758,
      "train_loss_mean": 0.05124801931720426
    },
    "13": {
      "train_loss": 0.032513226226395825,
      "train_loss_mean": 0.042675900094768696
    },
    "14": {
      "train_loss": 0.04065602360061994,
      "train_loss_mean": 0.03514059801921952
    },
    "15": {
      "train_loss": 0.04108828033060821,
      "train_loss_mean": 0.03610112649010715
    },
    "16": {
      "train_loss": 0.033070682207387625,
      "train_loss_mean": 0.03366375658909128
    },
    "17": {
      "train_loss": 0.030875367206841045,
      "train_loss_mean": 0.02949799615106056
    },
    "18": {
      "train_loss": 0.033676168584447795,
      "train_loss_mean": 0.033652473270360736
    },
    "19": {
      "train_loss": 0.033793472563006556,
      "train_loss_mean": 0.03679414006263917
    },
    "20": {
      "train_loss": 0.03390210664848909,
      "train_loss_mean": 0.032029177791064525
    }
  },
  "client_evaluate_metrics": {
    "1": {
      "eval_loss": 0.7489603555617858,
      "eval_acc": 0.6998050682261209
    },
    "2": {
      "eval_loss": 0.6457270633058938,
      "eval_acc": 0.7436647173489279
    },
    "3": {
      "eval_loss": 0.5512113161566603,
      "eval_acc": 0.7914230019493177
    },
    "4": {
      "eval_loss": 0.46958496482120593,
      "eval_acc": 0.8313840155945418
    },
    "5": {
      "eval_loss": 0.5572120523141274,
      "eval_acc": 0.8333333333333334
    },
    "6": {
      "eval_loss": 0.7204626626670996,
      "eval_acc": 0.8615984405458089
    },
    "7": {
      "eval_loss": 0.6942803203246282,
      "eval_acc": 0.8801169590643274
    },
    "8": {
      "eval_loss": 0.48281683750472393,
      "eval_acc": 0.9093567251461987
    },
    "9": {
      "eval_loss": 0.334955806666023,
      "eval_acc": 0.9269005847953217
    },
    "10": {
      "eval_loss": 0.25960560561998314,
      "eval_acc": 0.9395711500974657
    },
    "11": {
      "eval_loss": 0.20942084708379954,
      "eval_acc": 0.9483430799220272
    },
    "12": {
      "eval_loss": 0.18957310880136774,
      "eval_acc": 0.9571150097465886
    },
    "13": {
      "eval_loss": 0.18393386282447952,
      "eval_acc": 0.9580896686159843
    },
    "14": {
      "eval_loss": 0.19907328348105757,
      "eval_acc": 0.9629629629629629
    },
    "15": {
      "eval_loss": 0.25893880398869135,
      "eval_acc": 0.9639376218323585
    },
    "16": {
      "eval_loss": 0.3039511505143678,
      "eval_acc": 0.9610136452241714
    },
    "17": {
      "eval_loss": 0.3098490983444193,
      "eval_acc": 0.9571150097465886
    },
    "18": {
      "eval_loss": 0.27222317613471203,
      "eval_acc": 0.9619883040935673
    },
    "19": {
      "eval_loss": 0.24575135287498331,
      "eval_acc": 0.9590643274853801
    },
    "20": {
      "eval_loss": 0.21277852876422307,
      "eval_acc": 0.9639376218323586
    }
  },
  "server_evaluate_metrics": {
    "0": {
      "loss": 0.8725650578737258,
      "accuracy": 0.6546875,
      "f1": 0.6532062070648121,
      "precision": 0.6609825938527724,
      "auc": 0.8883284505208333
    },
    "1": {
      "loss": 0.7326837062835694,
      "accuracy": 0.696875,
      "f1": 0.6942414355990856,
      "precision": 0.6977560709838107,
      "auc": 0.9060367838541665
    },
    "2": {
      "loss": 0.6390005230903626,
      "accuracy": 0.7359375,
      "f1": 0.7316817196531792,
      "precision": 0.7275014123162877,
      "auc": 0.9278914388020834
    },
    "3": {
      "loss": 0.5615648806095124,
      "accuracy": 0.784375,
      "f1": 0.7789065300556126,
      "precision": 0.7749646325186157,
      "auc": 0.9460538736979167
    },
    "4": {
      "loss": 0.5118895605206489,
      "accuracy": 0.8078125,
      "f1": 0.8008475498860115,
      "precision": 0.8001307043915823,
      "auc": 0.956630859375
    },
    "5": {
      "loss": 0.660893477499485,
      "accuracy": 0.8171875,
      "f1": 0.8105386000217731,
      "precision": 0.8102055575409146,
      "auc": 0.96308837890625
    },
    "6": {
      "loss": 0.9267767369747162,
      "accuracy": 0.8296875,
      "f1": 0.8227041595309995,
      "precision": 0.8241551962592203,
      "auc": 0.9685148111979166
    },
    "7": {
      "loss": 0.9171226441860199,
      "accuracy": 0.8609375,
      "f1": 0.8546626557318003,
      "precision": 0.8538273611999821,
      "auc": 0.9759952799479166
    },
    "8": {
      "loss": 0.6939850127324462,
      "accuracy": 0.903125,
      "f1": 0.8978417819685035,
      "precision": 0.8930910594756127,
      "auc": 0.9835404459635416
    },
    "9": {
      "loss": 0.5133977151010185,
      "accuracy": 0.9203125,
      "f1": 0.9192542389911935,
      "precision": 0.9213010523842616,
      "auc": 0.9874060058593749
    },
    "10": {
      "loss": 0.38894108883105216,
      "accuracy": 0.93125,
      "f1": 0.9310925682264101,
      "precision": 0.9316459208044922,
      "auc": 0.9893107096354167
    },
    "11": {
      "loss": 0.30456578359007835,
      "accuracy": 0.9453125,
      "f1": 0.9452644554781697,
      "precision": 0.9455304710884554,
      "auc": 0.9904243977864583
    },
    "12": {
      "loss": 0.29105459628626706,
      "accuracy": 0.9484375,
      "f1": 0.9484565632199089,
      "precision": 0.9491654787525144,
      "auc": 0.9901509602864583
    },
    "13": {
      "loss": 0.30705315168015657,
      "accuracy": 0.9515625,
      "f1": 0.9515654458334877,
      "precision": 0.9520533359704642,
      "auc": 0.9904337565104167
    },
    "14": {
      "loss": 0.37703861529007554,
      "accuracy": 0.9453125,
      "f1": 0.9451787227033133,
      "precision": 0.9454543585526316,
      "auc": 0.9903202311197916
    },
    "15": {
      "loss": 0.5015407490544022,
      "accuracy": 0.946875,
      "f1": 0.9465461706389506,
      "precision": 0.9474089424587213,
      "auc": 0.9893750000000001
    },
    "16": {
      "loss": 0.5555561758941622,
      "accuracy": 0.9453125,
      "f1": 0.9449771655459032,
      "precision": 0.9458770503553371,
      "auc": 0.9895279947916666
    },
    "17": {
      "loss": 0.5579641903044831,
      "accuracy": 0.95,
      "f1": 0.9498328453829903,
      "precision": 0.9513371451201618,
      "auc": 0.9899637858072917
    },
    "18": {
      "loss": 0.48921433762589006,