{
  "metadata": {
    "run_name": "scaling8__non-iid__global-dp__fedavg",
    "data_module": "experiments.reproduce.dataset.alzheimer:create_data_module",
    "partition_mode": "non-iid",
    "partition_profile": "auto",
    "privacy": "global-dp",
    "aggregation": "fedavg",
    "seed": 42,
    "num_clients": 8,
    "rounds": 20,
    "local_epochs": 5,
    "noise_multiplier": 0.01,
    "clipping_norm": 5.0,
    "initialization_pretrained": false,
    "initialization_epochs": 0,
    "initialization_final_loss": null
  },
  "train_metrics": {
    "1": {
      "train_loss": 1.0137197144973784,
      "train_loss_mean": 1.0642336435066413
    },
    "2": {
      "train_loss": 0.9752900717342314,
      "train_loss_mean": 1.0236410995984462
    },
    "3": {
      "train_loss": 0.9236159732444262,
      "train_loss_mean": 0.9644536481144723
    },
    "4": {
      "train_loss": 0.8706430090335618,
      "train_loss_mean": 0.9122952613821247
    },
    "5": {
      "train_loss": 0.7878240288090113,
      "train_loss_mean": 0.861231269673947
    },
    "6": {
      "train_loss": 0.7060371053236313,
      "train_loss_mean": 0.798044776184185
    },
    "7": {
      "train_loss": 0.5885256247428433,
      "train_loss_mean": 0.7136976067910382
    },
    "8": {
      "train_loss": 0.49129685771191584,
      "train_loss_mean": 0.6309329559294026
    },
    "9": {
      "train_loss": 0.3841433180036577,
      "train_loss_mean": 0.5419712807821191
    },
    "10": {
      "train_loss": 0.3103069290409568,
      "train_loss_mean": 0.46492598544229335
    },
    "11": {
      "train_loss": 0.23085714851537448,
      "train_loss_mean": 0.3777937711624617
    },
    "12": {
      "train_loss": 0.17229567158969075,
      "train_loss_mean": 0.30992879698086667
    },
    "13": {
      "train_loss": 0.14428683128126027,
      "train_loss_mean": 0.25809578670322547
    },
    "14": {
      "train_loss": 0.10747932977191868,
      "train_loss_mean": 0.20718763384238498
    },
    "15": {
      "train_loss": 0.09890781240706101,
      "train_loss_mean": 0.17554068264103773
    },
    "16": {
      "train_loss": 0.09002380890559732,
      "train_loss_mean": 0.14993385583106347
    },
    "17": {
      "train_loss": 0.06917017626721261,
      "train_loss_mean": 0.12834456207101702
    },
    "18": {
      "train_loss": 0.06957894978061151,
      "train_loss_mean": 0.11152511007338728
    },
    "19": {
      "train_loss": 0.06654870008838668,
      "train_loss_mean": 0.09754010627971987
    },
    "20": {
      "train_loss": 0.06725307713154909,
      "train_loss_mean": 0.09069167064740784
    }
  },
  "client_evaluate_metrics": {
    "1": {
      "eval_loss": 1.1771811820842601,
      "eval_acc": 0.5214424951267056
    },
    "2": {
      "eval_loss": 1.0450179661691306,
      "eval_acc": 0.5214424951267055
    },
    "3": {
      "eval_loss": 0.9487585392844142,
      "eval_acc": 0.5565302144249512
    },
    "4": {
      "eval_loss": 0.8844453095808827,
      "eval_acc": 0.5818713450292397
    },
    "5": {
      "eval_loss": 0.8429754615178582,
      "eval_acc": 0.6023391812865497
    },
    "6": {
      "eval_loss": 0.7987945226200839,
      "eval_acc": 0.6442495126705653
    },
    "7": {
      "eval_loss": 0.7333157984775873,
      "eval_acc": 0.6754385964912281
    },
    "8": {
      "eval_loss": 0.6783391455112144,
      "eval_acc": 0.7056530214424951
    },
    "9": {
      "eval_loss": 0.6216964998789001,
      "eval_acc": 0.7270955165692008
    },
    "10": {
      "eval_loss": 0.5653301604658539,
      "eval_acc": 0.7582846003898636
    },
    "11": {
      "eval_loss": 0.5357554011903776,
      "eval_acc": 0.7719298245614036
    },
    "12": {
      "eval_loss": 0.47063765474404506,
      "eval_acc": 0.804093567251462
    },
    "13": {
      "eval_loss": 0.44243595564690713,
      "eval_acc": 0.827485380116959
    },
    "14": {
      "eval_loss": 0.40078439354918327,
      "eval_acc": 0.8499025341130603
    },
    "15": {
      "eval_loss": 0.35712027629441623,
      "eval_acc": 0.871345029239766
    },
    "16": {
      "eval_loss": 0.3318184730905465,
      "eval_acc": 0.8723196881091617
    },
    "17": {
      "eval_loss": 0.31394382045362834,
      "eval_acc": 0.8937621832358673
    },
    "18": {
      "eval_loss": 0.2927701241376703,
      "eval_acc": 0.9025341130604287
    },
    "19": {
      "eval_loss": 0.27539507337672486,
      "eval_acc": 0.9103313840155944
    },
    "20": {
      "eval_loss": 0.27282446740557337,
      "eval_acc": 0.9171539961013644
    }
  },
  "server_evaluate_metrics": {
    "0": {
      "loss": 1.4405663669109345,
      "accuracy": 0.0109375,
      "f1": 0.0002366692426584235,
      "precision": 0.00011962890624999998,
      "auc": 0.22917846679687504
    },
    "1": {
      "loss": 1.174953156709671,
      "accuracy": 0.5046875,
      "f1": 0.3501251421137785,
      "precision": 0.4297098925159236,
      "auc": 0.808526611328125
    },
    "2": {
      "loss": 1.0405842453241347,
      "accuracy": 0.54375,
      "f1": 0.5060210761041578,
      "precision": 0.5374042913105413,
      "auc": 0.8189591471354167
    },
    "3": {
      "loss": 0.9494052648544311,
      "accuracy": 0.5640625,
      "f1": 0.5282135696136048,
      "precision": 0.518015948912577,
      "auc": 0.8378446451822916
    },
    "4": {
      "loss": 0.8973786801099777,
      "accuracy": 0.5859375,
      "f1": 0.5508572457802626,
      "precision": 0.6066205627353563,
      "auc": 0.8498006184895832
    },
    "5": {
      "loss": 0.8685043692588806,
      "accuracy": 0.6,
      "f1": 0.5780028247506863,
      "precision": 0.6395493793813596,
      "auc": 0.8606461588541666
    },
    "6": {
      "loss": 0.8372872829437256,
      "accuracy": 0.6171875,
      "f1": 0.6176268386186864,
      "precision": 0.6270325990899519,
      "auc": 0.8717700195312499
    },
    "7": {
      "loss": 0.7739800363779068,
      "accuracy": 0.64375,
      "f1": 0.6420892705751925,
      "precision": 0.6432832654581601,
      "auc": 0.8906339518229166
    },
    "8": {
      "loss": 0.7162667334079742,
      "accuracy": 0.684375,
      "f1": 0.6800045943388335,
      "precision": 0.678023575712462,
      "auc": 0.9080981445312498
    },
    "9": {
      "loss": 0.6567649289965629,
      "accuracy": 0.7109375,
      "f1": 0.7091005079681209,
      "precision": 0.7091681686187707,
      "auc": 0.9226814778645833
    },
    "10": {
      "loss": 0.6147430926561356,
      "accuracy": 0.740625,
      "f1": 0.7369060283687944,
      "precision": 0.7347702363535467,
      "auc": 0.9340681966145833
    },
    "11": {
      "loss": 0.581788732111454,
      "accuracy": 0.775,
      "f1": 0.7737017308124402,
      "precision": 0.7788743716513153,
      "auc": 0.9414469401041666
    },
    "12": {
      "loss": 0.5409456178545952,
      "accuracy": 0.796875,
      "f1": 0.7946975695760818,
      "precision": 0.7972536983568151,
      "auc": 0.9529850260416667
    },
    "13": {
      "loss": 0.5251362517476081,
      "accuracy": 0.8140625,
      "f1": 0.8116626747559789,
      "precision": 0.8124023754292649,
      "auc": 0.9575887044270833
    },
    "14": {
      "loss": 0.48630411326885226,
      "accuracy": 0.8421875,
      "f1": 0.8384969491816993,
      "precision": 0.837761132009448,
      "auc": 0.9638680013020834
    },
    "15": {
      "loss": 0.4707586124539375,
      "accuracy": 0.8578125,
      "f1": 0.8542662236026194,
      "precision": 0.852564465547697,
      "auc": 0.9689937337239583
    },
    "16": {
      "loss": 0.443762906268239,
      "accuracy": 0.875,
      "f1": 0.8713913168278316,
      "precision": 0.869998867910617,
      "auc": 0.9729256184895834
    },
    "17": {
      "loss": 0.44485419169068335,
      "accuracy": 0.875,
      "f1": 0.8752731955542347,
      "precision": 0.8801668144561565,
      "auc": 0.9736832682291666
    },
    "18": {
      "loss": 0.4012346249073744,
      "accuracy": 0.896875,
      "f1": 0.8974558609835028,