{
  "metadata": {
    "run_name": "scaling8__homogeneous__metric-privacy__fedyogi",
    "data_module": "experiments.reproduce.dataset.alzheimer:create_data_module",
    "partition_mode": "homogeneous",
    "partition_profile": "auto",
    "privacy": "metric-privacy",
    "aggregation": "fedyogi",
    "seed": 42,
    "num_clients": 8,
    "rounds": 20,
    "local_epochs": 5,
    "noise_multiplier": 0.01,
    "clipping_norm": 5.0,
    "initialization_pretrained": true,
    "initialization_epochs": 20,
    "initialization_final_loss": 0.39617598056793213
  },
  "train_metrics": {
    "1": {
      "train_loss": 0.5542276974301785,
      "train_loss_mean": 0.7103185816667974,
      "metric-dp-distance": 1.1414529333900039,
      "metric-dp-noise-stdv": 0.005475477627831846
    },
    "2": {
      "train_loss": 0.4785189121030271,
      "train_loss_mean": 0.6409499577945098,
      "metric-dp-distance": 1.2040891979510586,
      "metric-dp-noise-stdv": 0.005190645353048037
    },
    "3": {
      "train_loss": 0.3516726103844121,
      "train_loss_mean": 0.5298641953617335,
      "metric-dp-distance": 1.2049249667519082,
      "metric-dp-noise-stdv": 0.005187044979944269
    },
    "4": {
      "train_loss": 0.23889587732264772,
      "train_loss_mean": 0.4134495652746409,
      "metric-dp-distance": 1.1371512401577395,
      "metric-dp-noise-stdv": 0.005496190637872439
    },
    "5": {
      "train_loss": 0.15772116789594293,
      "train_loss_mean": 0.3062731337035075,
      "metric-dp-distance": 1.0695059692952782,
      "metric-dp-noise-stdv": 0.005843819650785368
    },
    "6": {
      "train_loss": 0.09680781053612009,
      "train_loss_mean": 0.22275185713078827,
      "metric-dp-distance": 1.0116381141512345,
      "metric-dp-noise-stdv": 0.006178098583448249
    },
    "7": {
      "train_loss": 0.07257446607400198,
      "train_loss_mean": 0.1858792710103444,
      "metric-dp-distance": 0.9379380481162419,
      "metric-dp-noise-stdv": 0.006663553112652293
    },
    "8": {
      "train_loss": 0.06289013166315272,
      "train_loss_mean": 0.1597035634331405,
      "metric-dp-distance": 0.8816449519557258,
      "metric-dp-noise-stdv": 0.007089021477563975
    },
    "9": {
      "train_loss": 0.04857007475402497,
      "train_loss_mean": 0.12508234475862992,
      "metric-dp-distance": 0.8572396194407096,
      "metric-dp-noise-stdv": 0.007290843608089065
    },
    "10": {
      "train_loss": 0.03546336785939275,
      "train_loss_mean": 0.09935317661365843,
      "metric-dp-distance": 0.826653303966547,
      "metric-dp-noise-stdv": 0.007560606084812703
    },
    "11": {
      "train_loss": 0.03304512094291567,
      "train_loss_mean": 0.07673476089926225,
      "metric-dp-distance": 0.8467909929653009,
      "metric-dp-noise-stdv": 0.007380805950844717
    },
    "12": {
      "train_loss": 0.04507850853897821,
      "train_loss_mean": 0.06151552543706771,
      "metric-dp-distance": 0.8560437066480517,
      "metric-dp-noise-stdv": 0.007301029084686192
    },
    "13": {
      "train_loss": 0.02193861332747815,
      "train_loss_mean": 0.046157886733175245,
      "metric-dp-distance": 0.9035252469281355,
      "metric-dp-noise-stdv": 0.0069173495939921555
    },
    "14": {
      "train_loss": 0.032312406278023786,
      "train_loss_mean": 0.041723517941643355,
      "metric-dp-distance": 0.9079442709529152,
      "metric-dp-noise-stdv": 0.006883682402049229
    },
    "15": {
      "train_loss": 0.028328839538055206,
      "train_loss_mean": 0.043067897791355135,
      "metric-dp-distance": 0.8850843919596324,
      "metric-dp-noise-stdv": 0.007061473523628756
    },
    "16": {
      "train_loss": 0.024929325684655446,
      "train_loss_mean": 0.03841923968185479,
      "metric-dp-distance": 0.9121990993153304,
      "metric-dp-noise-stdv": 0.006851574403757979
    },
    "17": {
      "train_loss": 0.023321148479834353,
      "train_loss_mean": 0.03373771159115951,
      "metric-dp-distance": 0.8583525771585604,
      "metric-dp-noise-stdv": 0.00728139014935987
    },
    "18": {
      "train_loss": 0.02655425466897133,
      "train_loss_mean": 0.03335930690662305,
      "metric-dp-distance": 0.7958852123313894,
      "metric-dp-noise-stdv": 0.007852891224969304
    },
    "19": {
      "train_loss": 0.03373780757962738,
      "train_loss_mean": 0.03159040503516718,
      "metric-dp-distance": 0.830910357957085,
      "metric-dp-noise-stdv": 0.007521870368022059
    },
    "20": {
      "train_loss": 0.03849475631442034,
      "train_loss_mean": 0.03556059410363451,
      "metric-dp-distance": 0.839211847477903,
      "metric-dp-noise-stdv": 0.007447463973230629
    }
  },
  "client_evaluate_metrics": {
    "1": {
      "eval_loss": 0.7677602171897888,
      "eval_acc": 0.669921875
    },
    "2": {
      "eval_loss": 0.6654004668816924,
      "eval_acc": 0.703125
    },
    "3": {
      "eval_loss": 0.5972815910354257,
      "eval_acc": 0.7568359375
    },
    "4": {
      "eval_loss": 0.550338352099061,
      "eval_acc": 0.765625
    },
    "5": {
      "eval_loss": 0.5303791263140738,
      "eval_acc": 0.7958984375
    },
    "6": {
      "eval_loss": 0.5771485259756446,
      "eval_acc": 0.826171875
    },
    "7": {
      "eval_loss": 0.6303844284266233,
      "eval_acc": 0.841796875
    },
    "8": {
      "eval_loss": 0.6017258153297007,
      "eval_acc": 0.87109375
    },
    "9": {
      "eval_loss": 0.44600238115526736,
      "eval_acc": 0.8984375
    },
    "10": {
      "eval_loss": 0.3516160196159035,
      "eval_acc": 0.90625
    },
    "11": {
      "eval_loss": 0.3064081339398399,
      "eval_acc": 0.9169921875
    },
    "12": {
      "eval_loss": 0.2349378583021462,
      "eval_acc": 0.9287109375
    },
    "13": {
      "eval_loss": 0.1921524612698704,
      "eval_acc": 0.939453125
    },
    "14": {
      "eval_loss": 0.18518520204816014,
      "eval_acc": 0.9423828125
    },
    "15": {
      "eval_loss": 0.2160156762402039,
      "eval_acc": 0.9521484375
    },
    "16": {
      "eval_loss": 0.27608584785775747,
      "eval_acc": 0.9599609375
    },
    "17": {
      "eval_loss": 0.34325869290205446,
      "eval_acc": 0.95703125
    },
    "18": {
      "eval_loss": 0.39502048438589554,
      "eval_acc": 0.958984375
    },
    "19": {
      "eval_loss": 0.42304575842899794,
      "eval_acc": 0.955078125
    },
    "20": {
      "eval_loss": 0.31493775162743987,
      "eval_acc": 0.95703125
    }
  },
  "server_evaluate_metrics": {
    "0": {
      "loss": 0.8725650578737258,
      "accuracy": 0.6546875,
      "f1": 0.6532062070648121,
      "precision": 0.6609825938527724,
      "auc": 0.8883284505208333
    },
    "1": {
      "loss": 0.778406748175621,
      "accuracy": 0.66875,
      "f1": 0.6667026043058876,
      "precision": 0.6778454074937464,
      "auc": 0.8979549153645834
    },
    "2": {
      "loss": 0.6785958841443062,
      "accuracy": 0.715625,
      "f1": 0.7107212602272944,
      "precision": 0.7073574581212558,
      "auc": 0.9168815104166665
    },
    "3": {
      "loss": 0.6228603988885879,
      "accuracy": 0.740625,
      "f1": 0.7298715056647316,
      "precision": 0.7315932369771112,
      "auc": 0.9314086914062499
    },
    "4": {
      "loss": 0.5874489367008209,
      "accuracy": 0.7640625,
      "f1": 0.7511974995972184,
      "precision": 0.7635095964147081,
      "auc": 0.9395638020833335
    },
    "5": {
      "loss": 0.5782221153378486,
      "accuracy": 0.7890625,
      "f1": 0.7787923805964748,
      "precision": 0.7896204655515163,
      "auc": 0.9493953450520833
    },
    "6": {
      "loss": 0.6132154747843742,
      "accuracy": 0.8203125,
      "f1": 0.8131128107557515,
      "precision": 0.8140519584467387,
      "auc": 0.9627221679687499
    },
    "7": {
      "loss": 0.6868451051414013,
      "accuracy": 0.84375,
      "f1": 0.8383869132872718,
      "precision": 0.8366469124365619,
      "auc": 0.9705712890624999
    },
    "8": {
      "loss": 0.6992644410580396,