{
  "metadata": {
    "run_name": "scaling8__homogeneous__vanilla__fedavg",
    "data_module": "experiments.reproduce.dataset.alzheimer:create_data_module",
    "partition_mode": "homogeneous",
    "partition_profile": "auto",
    "privacy": "vanilla",
    "aggregation": "fedavg",
    "seed": 42,
    "num_clients": 8,
    "rounds": 20,
    "local_epochs": 5,
    "noise_multiplier": 0.01,
    "clipping_norm": 5.0,
    "initialization_pretrained": false,
    "initialization_epochs": 0,
    "initialization_final_loss": null
  },
  "train_metrics": {
    "1": {
      "train_loss": 1.0449264668859541,
      "train_loss_mean": 1.078122192900628
    },
    "2": {
      "train_loss": 0.9755920791067183,
      "train_loss_mean": 1.0152624350041153
    },
    "3": {
      "train_loss": 0.8946296079084277,
      "train_loss_mean": 0.941225692629814
    },
    "4": {
      "train_loss": 0.8246371801942587,
      "train_loss_mean": 0.8795655625872313
    },
    "5": {
      "train_loss": 0.72415637713857,
      "train_loss_mean": 0.8018392361234873
    },
    "6": {
      "train_loss": 0.5616716805379838,
      "train_loss_mean": 0.6867171446327118
    },
    "7": {
      "train_loss": 0.4099870073841885,
      "train_loss_mean": 0.5641057235421614
    },
    "8": {
      "train_loss": 0.2732407380826771,
      "train_loss_mean": 0.43815398309379816
    },
    "9": {
      "train_loss": 0.19386258313897997,
      "train_loss_mean": 0.33915362004190686
    },
    "10": {
      "train_loss": 0.13697880288236775,
      "train_loss_mean": 0.26229729793849405
    },
    "11": {
      "train_loss": 0.1026947110221954,
      "train_loss_mean": 0.2046776981878793
    },
    "12": {
      "train_loss": 0.08638202653310145,
      "train_loss_mean": 0.1632567730084702
    },
    "13": {
      "train_loss": 0.07118467567488551,
      "train_loss_mean": 0.13656510725122642
    },
    "14": {
      "train_loss": 0.05891899691778235,
      "train_loss_mean": 0.1061488473904319
    },
    "15": {
      "train_loss": 0.0538347208785126,
      "train_loss_mean": 0.09657097935705677
    },
    "16": {
      "train_loss": 0.042847101011375344,
      "train_loss_mean": 0.07872602374345661
    },
    "17": {
      "train_loss": 0.04102642903353626,
      "train_loss_mean": 0.07046301774853418
    },
    "18": {
      "train_loss": 0.04336847822492018,
      "train_loss_mean": 0.06802338772763505
    },
    "19": {
      "train_loss": 0.04984850279925013,
      "train_loss_mean": 0.05760235512412919
    },
    "20": {
      "train_loss": 0.03524788874256046,
      "train_loss_mean": 0.051258664125953146
    }
  },
  "client_evaluate_metrics": {
    "1": {
      "eval_loss": 1.0620099157094955,
      "eval_acc": 0.5
    },
    "2": {
      "eval_loss": 0.9476687870919704,
      "eval_acc": 0.5458984375
    },
    "3": {
      "eval_loss": 0.8810821045190096,
      "eval_acc": 0.5869140625
    },
    "4": {
      "eval_loss": 0.8273041043430567,
      "eval_acc": 0.6103515625
    },
    "5": {
      "eval_loss": 0.7700957376509905,
      "eval_acc": 0.61328125
    },
    "6": {
      "eval_loss": 0.6736278422176838,
      "eval_acc": 0.68359375
    },
    "7": {
      "eval_loss": 0.6018217382952571,
      "eval_acc": 0.7314453125
    },
    "8": {
      "eval_loss": 0.5413486175239086,
      "eval_acc": 0.76953125
    },
    "9": {
      "eval_loss": 0.4816574682481587,
      "eval_acc": 0.7900390625
    },
    "10": {
      "eval_loss": 0.4193889116868377,
      "eval_acc": 0.837890625
    },
    "11": {
      "eval_loss": 0.37989562936127186,
      "eval_acc": 0.8447265625
    },
    "12": {
      "eval_loss": 0.33209759811870754,
      "eval_acc": 0.8681640625
    },
    "13": {
      "eval_loss": 0.3066582807805389,
      "eval_acc": 0.8857421875
    },
    "14": {
      "eval_loss": 0.2782420308794826,
      "eval_acc": 0.8984375
    },
    "15": {
      "eval_loss": 0.2662335579516366,
      "eval_acc": 0.90625
    },
    "16": {
      "eval_loss": 0.2401723568327725,
      "eval_acc": 0.92578125
    },
    "17": {
      "eval_loss": 0.24114335794001818,
      "eval_acc": 0.9248046875
    },
    "18": {
      "eval_loss": 0.22938117681769654,
      "eval_acc": 0.9248046875
    },
    "19": {
      "eval_loss": 0.22356662282254547,
      "eval_acc": 0.931640625
    },
    "20": {
      "eval_loss": 0.20482482959050685,
      "eval_acc": 0.939453125
    }
  },
  "server_evaluate_metrics": {
    "0": {
      "loss": 1.4405663669109345,
      "accuracy": 0.0109375,
      "f1": 0.0002366692426584235,
      "precision": 0.00011962890624999998,
      "auc": 0.22917846679687504
    },
    "1": {
      "loss": 1.0644375085830688,
      "accuracy": 0.4953125,
      "f1": 0.3281380616509927,
      "precision": 0.24533447265625,
      "auc": 0.80622314453125
    },
    "2": {
      "loss": 0.9597842127084732,
      "accuracy": 0.5015625,
      "f1": 0.41334866457389874,
      "precision": 0.3868626513702995,
      "auc": 0.8249658203125001
    },
    "3": {
      "loss": 0.9055884629487991,
      "accuracy": 0.5421875,
      "f1": 0.49303842716763546,
      "precision": 0.5863263901614781,
      "auc": 0.8407169596354167
    },
    "4": {
      "loss": 0.8704199433326721,
      "accuracy": 0.5921875,
      "f1": 0.5731016052497674,
      "precision": 0.5813905309126184,
      "auc": 0.85646728515625
    },
    "5": {
      "loss": 0.8254511028528213,
      "accuracy": 0.609375,
      "f1": 0.5772630352892054,
      "precision": 0.5898709202873649,
      "auc": 0.8715698242187501
    },
    "6": {
      "loss": 0.7356706470251083,
      "accuracy": 0.6578125,
      "f1": 0.6534704269910483,
      "precision": 0.6499351239612245,
      "auc": 0.9006095377604165
    },
    "7": {
      "loss": 0.6591445982456208,
      "accuracy": 0.7140625,
      "f1": 0.7083005500627688,
      "precision": 0.7037337136327978,
      "auc": 0.9227001953124999
    },
    "8": {
      "loss": 0.6067084267735481,
      "accuracy": 0.7484375,
      "f1": 0.7432647449742481,
      "precision": 0.7396630603242728,
      "auc": 0.9387255859375
    },
    "9": {
      "loss": 0.5654551014304161,
      "accuracy": 0.771875,
      "f1": 0.7686838998382214,
      "precision": 0.766628769175061,
      "auc": 0.9487263997395833
    },
    "10": {
      "loss": 0.5249576091766357,
      "accuracy": 0.8078125,
      "f1": 0.8083645587643756,
      "precision": 0.8127405810054056,
      "auc": 0.9581022135416667
    },
    "11": {
      "loss": 0.4843262031674385,
      "accuracy": 0.81875,
      "f1": 0.8198743925604013,
      "precision": 0.8241887358757062,
      "auc": 0.9641153971354166
    },
    "12": {
      "loss": 0.43758148699998856,
      "accuracy": 0.85,
      "f1": 0.8499861703009499,
      "precision": 0.8520449304403563,
      "auc": 0.9712638346354168
    },
    "13": {
      "loss": 0.40952067747712134,
      "accuracy": 0.86875,
      "f1": 0.8684623855660145,
      "precision": 0.8714112638431422,
      "auc": 0.9750292968750001
    },
    "14": {
      "loss": 0.3754097752273083,
      "accuracy": 0.8875,
      "f1": 0.8877916593253838,
      "precision": 0.8885495948026529,
      "auc": 0.9791300455729166
    },
    "15": {
      "loss": 0.3647227054461837,
      "accuracy": 0.9,
      "f1": 0.9003341805460436,
      "precision": 0.901218456291005,
      "auc": 0.9812886555989583
    },
    "16": {
      "loss": 0.3532366117462516,
      "accuracy": 0.9125,
      "f1": 0.9125559997925177,
      "precision": 0.912826563043985,
      "auc": 0.9825325520833332
    },
    "17": {
      "loss": 0.3384911648929119,
      "accuracy": 0.9125,
      "f1": 0.9126856150577385,
      "precision": 0.9137316901827626,
      "auc": 0.9840494791666666
    },
    "18": {
      "loss": 0.3225137325003743,
      "accuracy": 0.9234375,
      "f1": 0.9235303849154175,
      "precision": 0.9241663100425356,
      "auc": 0.9853755696614583
    },
    "19": {
      "loss": 0.31311200466006994,
      "accuracy": 0.925,