{
  "metadata": {
    "run_name": "scaling8__non-iid__metric-privacy__fedyogi",
    "data_module": "experiments.reproduce.dataset.alzheimer:create_data_module",
    "partition_mode": "non-iid",
    "partition_profile": "auto",
    "privacy": "metric-privacy",
    "aggregation": "fedyogi",
    "seed": 42,
    "num_clients": 8,
    "rounds": 20,
    "local_epochs": 5,
    "noise_multiplier": 0.01,
    "clipping_norm": 5.0,
    "initialization_pretrained": true,
    "initialization_epochs": 20,
    "initialization_final_loss": 0.39617598056793213
  },
  "train_metrics": {
    "1": {
      "train_loss": 0.5571564410698956,
      "train_loss_mean": 0.7062088666570204,
      "metric-dp-distance": 1.2912787594056379,
      "metric-dp-noise-stdv": 0.0048401632524930635
    },
    "2": {
      "train_loss": 0.45918128205600695,
      "train_loss_mean": 0.6301709974989929,
      "metric-dp-distance": 1.338069564779289,
      "metric-dp-noise-stdv": 0.004670908123548061
    },
    "3": {
      "train_loss": 0.3316506810038627,
      "train_loss_mean": 0.5227077908337145,
      "metric-dp-distance": 1.335062226979062,
      "metric-dp-noise-stdv": 0.004681429729415916
    },
    "4": {
      "train_loss": 0.21600522165531114,
      "train_loss_mean": 0.3996355603683356,
      "metric-dp-distance": 1.2936973227187991,
      "metric-dp-noise-stdv": 0.004831114581628082
    },
    "5": {
      "train_loss": 0.122404300740137,
      "train_loss_mean": 0.2810245146482644,
      "metric-dp-distance": 1.1845865607416879,
      "metric-dp-noise-stdv": 0.005276102403261083
    },
    "6": {
      "train_loss": 0.09462687399913523,
      "train_loss_mean": 0.20763677734441227,
      "metric-dp-distance": 1.1531310812570155,
      "metric-dp-noise-stdv": 0.005420025616850899
    },
    "7": {
      "train_loss": 0.06574626824601076,
      "train_loss_mean": 0.16895359822678138,
      "metric-dp-distance": 1.0235270597816755,
      "metric-dp-noise-stdv": 0.006106335870917925
    },
    "8": {
      "train_loss": 0.06038301782539222,
      "train_loss_mean": 0.14837077855264236,
      "metric-dp-distance": 1.002267178458472,
      "metric-dp-noise-stdv": 0.006235862187578323
    },
    "9": {
      "train_loss": 0.040058940862811386,
      "train_loss_mean": 0.11388790514470132,
      "metric-dp-distance": 0.9964880888971189,
      "metric-dp-noise-stdv": 0.0062720268005584485
    },
    "10": {
      "train_loss": 0.04688340730457392,
      "train_loss_mean": 0.0950441832629641,
      "metric-dp-distance": 0.9957461917462448,
      "metric-dp-noise-stdv": 0.006276699877746302
    },
    "11": {
      "train_loss": 0.03301692321604463,
      "train_loss_mean": 0.062452403690970826,
      "metric-dp-distance": 1.0046158116310835,
      "metric-dp-noise-stdv": 0.00622128372621626
    },
    "12": {
      "train_loss": 0.031126044015153433,
      "train_loss_mean": 0.05764664245039968,
      "metric-dp-distance": 1.0211585140787065,
      "metric-dp-noise-stdv": 0.006120499328783227
    },
    "13": {
      "train_loss": 0.04073582469801563,
      "train_loss_mean": 0.0473864167912969,
      "metric-dp-distance": 1.0589241318715115,
      "metric-dp-noise-stdv": 0.005902216987872335
    },
    "14": {
      "train_loss": 0.028930801378572124,
      "train_loss_mean": 0.04209494111486352,
      "metric-dp-distance": 1.0151051899107795,
      "metric-dp-noise-stdv": 0.006156997385216138
    },
    "15": {
      "train_loss": 0.027658029254883195,
      "train_loss_mean": 0.036209549540205666,
      "metric-dp-distance": 1.0132303797484685,
      "metric-dp-noise-stdv": 0.006168389859719311
    },
    "16": {
      "train_loss": 0.03035681745738635,
      "train_loss_mean": 0.03565640524565165,
      "metric-dp-distance": 1.0458723211971421,
      "metric-dp-noise-stdv": 0.005975872841577861
    },
    "17": {
      "train_loss": 0.029610528726272567,
      "train_loss_mean": 0.0302180901041831,
      "metric-dp-distance": 1.0354767395183444,
      "metric-dp-noise-stdv": 0.00603586711460772
    },
    "18": {
      "train_loss": 0.026198963285344837,
      "train_loss_mean": 0.026463719207905304,
      "metric-dp-distance": 1.0253924643620849,
      "metric-dp-noise-stdv": 0.006095227161522235
    },
    "19": {
      "train_loss": 0.0373294836840382,
      "train_loss_mean": 0.030258513503307164,
      "metric-dp-distance": 0.9478800683282316,
      "metric-dp-noise-stdv": 0.006593661169627793
    },
    "20": {
      "train_loss": 0.04176183190418986,
      "train_loss_mean": 0.02782002471466498,
      "metric-dp-distance": 0.9084565162969133,
      "metric-dp-noise-stdv": 0.006879800945758526
    }
  },
  "client_evaluate_metrics": {
    "1": {
      "eval_loss": 0.7916813227502342,
      "eval_acc": 0.6783625730994152
    },
    "2": {
      "eval_loss": 0.6927626328452056,
      "eval_acc": 0.7076023391812865
    },
    "3": {
      "eval_loss": 0.608306626253716,
      "eval_acc": 0.7690058479532162
    },
    "4": {
      "eval_loss": 0.545483107571481,
      "eval_acc": 0.7933723196881093
    },
    "5": {
      "eval_loss": 0.5354301973734391,
      "eval_acc": 0.8079922027290448
    },
    "6": {
      "eval_loss": 0.6052449925455274,
      "eval_acc": 0.8401559454191033
    },
    "7": {
      "eval_loss": 0.6207735052815212,
      "eval_acc": 0.8664717348927874
    },
    "8": {
      "eval_loss": 0.5197470173036378,
      "eval_acc": 0.8937621832358673
    },
    "9": {
      "eval_loss": 0.36134846276126176,
      "eval_acc": 0.9161793372319689
    },
    "10": {
      "eval_loss": 0.26792541093993605,
      "eval_acc": 0.935672514619883
    },
    "11": {
      "eval_loss": 0.2476805198037194,
      "eval_acc": 0.9405458089668616
    },
    "12": {
      "eval_loss": 0.21044456297949302,
      "eval_acc": 0.9483430799220274
    },
    "13": {
      "eval_loss": 0.17840169834201797,
      "eval_acc": 0.9532163742690057
    },
    "14": {
      "eval_loss": 0.15542984914695426,
      "eval_acc": 0.9629629629629629
    },
    "15": {
      "eval_loss": 0.1820550463679764,
      "eval_acc": 0.9678362573099415
    },
    "16": {
      "eval_loss": 0.23290075292696424,
      "eval_acc": 0.96588693957115
    },
    "17": {
      "eval_loss": 0.27995489338201496,
      "eval_acc": 0.9668615984405458
    },
    "18": {
      "eval_loss": 0.2812118118121145,
      "eval_acc": 0.9688109161793372
    },
    "19": {
      "eval_loss": 0.2600125042208426,
      "eval_acc": 0.9678362573099415
    },
    "20": {
      "eval_loss": 0.2574290574424343,
      "eval_acc": 0.9668615984405458
    }
  },
  "server_evaluate_metrics": {
    "0": {
      "loss": 0.8725650578737258,
      "accuracy": 0.6546875,
      "f1": 0.6532062070648121,
      "precision": 0.6609825938527724,
      "auc": 0.8883284505208333
    },
    "1": {
      "loss": 0.7751125395298004,
      "accuracy": 0.678125,
      "f1": 0.6761124547827458,
      "precision": 0.6856789149735236,
      "auc": 0.8996223958333334
    },
    "2": {
      "loss": 0.679971045255661,
      "accuracy": 0.7078125,
      "f1": 0.705573532763518,
      "precision": 0.7071947167024704,
      "auc": 0.9170662434895832
    },
    "3": {
      "loss": 0.6091387778520584,
      "accuracy": 0.7484375,
      "f1": 0.7430432460338822,
      "precision": 0.7393666386199168,
      "auc": 0.9352848307291666
    },
    "4": {
      "loss": 0.5662243202328682,
      "accuracy": 0.778125,
      "f1": 0.7696076061640287,
      "precision": 0.7706397719149316,
      "auc": 0.9444767252604167
    },
    "5": {
      "loss": 0.5760043039917946,
      "accuracy": 0.79375,
      "f1": 0.7828042539788038,
      "precision": 0.7935312637267822,
      "auc": 0.9506274414062499
    },
    "6": {
      "loss": 0.6950615346431732,
      "accuracy": 0.8046875,
      "f1": 0.7959554124376058,
      "precision": 0.8043004357051501,
      "auc": 0.9612825520833334
    },
    "7": {
      "loss": 0.7686520755290985,
      "accuracy": 0.8328125,