{
  "metadata": {
    "run_name": "scaling8__homogeneous__metric-privacy__fedavgm",
    "data_module": "experiments.reproduce.dataset.alzheimer:create_data_module",
    "partition_mode": "homogeneous",
    "partition_profile": "auto",
    "privacy": "metric-privacy",
    "aggregation": "fedavgm",
    "seed": 42,
    "num_clients": 8,
    "rounds": 20,
    "local_epochs": 5,
    "noise_multiplier": 0.01,
    "clipping_norm": 5.0,
    "initialization_pretrained": true,
    "initialization_epochs": 20,
    "initialization_final_loss": 0.39617598056793213
  },
  "train_metrics": {
    "1": {
      "train_loss": 0.5542276974301785,
      "train_loss_mean": 0.7103185816667974,
      "metric-dp-distance": 1.1414529333900039,
      "metric-dp-noise-stdv": 0.005475477627831846
    },
    "2": {
      "train_loss": 0.5552475561853498,
      "train_loss_mean": 0.7082757855765521,
      "metric-dp-distance": 1.1820826261149098,
      "metric-dp-noise-stdv": 0.0052872784540802815
    },
    "3": {
      "train_loss": 0.5317795695737004,
      "train_loss_mean": 0.6841362500563264,
      "metric-dp-distance": 1.1982947014427434,
      "metric-dp-noise-stdv": 0.005215745335830174
    },
    "4": {
      "train_loss": 0.4937004055827856,
      "train_loss_mean": 0.6562720698304474,
      "metric-dp-distance": 1.1795993498526514,
      "metric-dp-noise-stdv": 0.005298409159669944
    },
    "5": {
      "train_loss": 0.4811293547973037,
      "train_loss_mean": 0.6434061130043118,
      "metric-dp-distance": 1.166830182230721,
      "metric-dp-noise-stdv": 0.005356392125588819
    },
    "6": {
      "train_loss": 0.44865911547094584,
      "train_loss_mean": 0.618683600705117,
      "metric-dp-distance": 1.190450601473761,
      "metric-dp-noise-stdv": 0.005250112849926396
    },
    "7": {
      "train_loss": 0.43444362410809845,
      "train_loss_mean": 0.6060641934396698,
      "metric-dp-distance": 1.1744036002783105,
      "metric-dp-noise-stdv": 0.005321850170179037
    },
    "8": {
      "train_loss": 0.4057986515108496,
      "train_loss_mean": 0.5798638636013493,
      "metric-dp-distance": 1.196971364862596,
      "metric-dp-noise-stdv": 0.0052215117115332645
    },
    "9": {
      "train_loss": 0.3917491161264479,
      "train_loss_mean": 0.5651181166991591,
      "metric-dp-distance": 1.186325918417424,
      "metric-dp-noise-stdv": 0.005268366730398667
    },
    "10": {
      "train_loss": 0.36344580177683383,
      "train_loss_mean": 0.5436082943342626,
      "metric-dp-distance": 1.1698404750786722,
      "metric-dp-noise-stdv": 0.0053426087856805315
    },
    "11": {
      "train_loss": 0.3410981952911243,
      "train_loss_mean": 0.5258637869963422,
      "metric-dp-distance": 1.1905519555439241,
      "metric-dp-noise-stdv": 0.005249665897314477
    },
    "12": {
      "train_loss": 0.3215759100858122,
      "train_loss_mean": 0.5053306568413973,
      "metric-dp-distance": 1.1928187222025979,
      "metric-dp-noise-stdv": 0.005239689722893576
    },
    "13": {
      "train_loss": 0.30462724645622075,
      "train_loss_mean": 0.4927510276436806,
      "metric-dp-distance": 1.177457832886527,
      "metric-dp-noise-stdv": 0.00530804571122363
    },
    "14": {
      "train_loss": 0.2880910975509323,
      "train_loss_mean": 0.47097155411029235,
      "metric-dp-distance": 1.1666340618782367,
      "metric-dp-noise-stdv": 0.005357292577192318
    },
    "15": {
      "train_loss": 0.27504446246894076,
      "train_loss_mean": 0.4544097892357968,
      "metric-dp-distance": 1.1752710165455937,
      "metric-dp-noise-stdv": 0.005317922344728848
    },
    "16": {
      "train_loss": 0.25228374579455703,
      "train_loss_mean": 0.43352141696959734,
      "metric-dp-distance": 1.151679561395819,
      "metric-dp-noise-stdv": 0.005426856748612513
    },
    "17": {
      "train_loss": 0.2376130188931711,
      "train_loss_mean": 0.4152264942531474,
      "metric-dp-distance": 1.1544379729311913,
      "metric-dp-noise-stdv": 0.005413889829118192
    },
    "18": {
      "train_loss": 0.2072354273404926,
      "train_loss_mean": 0.3971539214253426,
      "metric-dp-distance": 1.1626153693068773,
      "metric-dp-noise-stdv": 0.005375810577599793
    },
    "19": {
      "train_loss": 0.1974251932115294,
      "train_loss_mean": 0.37732326255645604,
      "metric-dp-distance": 1.1595817627385259,
      "metric-dp-noise-stdv": 0.005389874350248222
    },
    "20": {
      "train_loss": 0.18223960540490225,
      "train_loss_mean": 0.36325485408306124,
      "metric-dp-distance": 1.1285619802074507,
      "metric-dp-noise-stdv": 0.0055380210476797505
    }
  },
  "client_evaluate_metrics": {
    "1": {
      "eval_loss": 0.8661228306591511,
      "eval_acc": 0.6416015625
    },
    "2": {
      "eval_loss": 0.8280065376311541,
      "eval_acc": 0.6513671875
    },
    "3": {
      "eval_loss": 0.7902226448059082,
      "eval_acc": 0.662109375
    },
    "4": {
      "eval_loss": 0.7740808948874474,
      "eval_acc": 0.6767578125
    },
    "5": {
      "eval_loss": 0.7465411201119423,
      "eval_acc": 0.6787109375
    },
    "6": {
      "eval_loss": 0.7460482250899076,
      "eval_acc": 0.6806640625
    },
    "7": {
      "eval_loss": 0.7165714893490076,
      "eval_acc": 0.6875
    },
    "8": {
      "eval_loss": 0.6984559427946806,
      "eval_acc": 0.693359375
    },
    "9": {
      "eval_loss": 0.6907560154795647,
      "eval_acc": 0.6962890625
    },
    "10": {
      "eval_loss": 0.6695467457175255,
      "eval_acc": 0.708984375
    },
    "11": {
      "eval_loss": 0.6590810474008322,
      "eval_acc": 0.7138671875
    },
    "12": {
      "eval_loss": 0.6452316157519817,
      "eval_acc": 0.7138671875
    },
    "13": {
      "eval_loss": 0.6336293015629053,
      "eval_acc": 0.720703125
    },
    "14": {
      "eval_loss": 0.619025413878262,
      "eval_acc": 0.734375
    },
    "15": {
      "eval_loss": 0.6198389437049627,
      "eval_acc": 0.732421875
    },
    "16": {
      "eval_loss": 0.5929116914048791,
      "eval_acc": 0.751953125
    },
    "17": {
      "eval_loss": 0.5941007006913424,
      "eval_acc": 0.751953125
    },
    "18": {
      "eval_loss": 0.5718650976195931,
      "eval_acc": 0.7626953125
    },
    "19": {
      "eval_loss": 0.5707282274961472,
      "eval_acc": 0.7646484375
    },
    "20": {
      "eval_loss": 0.5471838219091296,
      "eval_acc": 0.779296875
    }
  },
  "server_evaluate_metrics": {
    "0": {
      "loss": 0.8725650578737258,
      "accuracy": 0.6546875,
      "f1": 0.6532062070648121,
      "precision": 0.6609825938527724,
      "auc": 0.8883284505208333
    },
    "1": {
      "loss": 0.8765712901949883,
      "accuracy": 0.6578125,
      "f1": 0.6561033364642206,
      "precision": 0.6670072676176817,
      "auc": 0.8872493489583334
    },
    "2": {
      "loss": 0.8360553592443466,
      "accuracy": 0.659375,
      "f1": 0.6580775911168288,
      "precision": 0.6664165122301375,
      "auc": 0.8914737955729167
    },
    "3": {
      "loss": 0.8039198905229569,
      "accuracy": 0.6609375,
      "f1": 0.6595652702698022,
      "precision": 0.6708240037482739,
      "auc": 0.8942504882812501
    },
    "4": {
      "loss": 0.7870745062828064,
      "accuracy": 0.6671875,
      "f1": 0.6646621183169085,
      "precision": 0.6760022986495879,
      "auc": 0.898873291015625
    },
    "5": {
      "loss": 0.7604482337832451,
      "accuracy": 0.68125,
      "f1": 0.6796189139319843,
      "precision": 0.686939086892216,
      "auc": 0.9006225585937502
    },
    "6": {
      "loss": 0.7557127147912979,
      "accuracy": 0.6796875,
      "f1": 0.676996198773573,
      "precision": 0.6863254103428071,
      "auc": 0.9024121093749999
    },
    "7": {
      "loss": 0.7313034668564796,
      "accuracy": 0.6796875,
      "f1": 0.67662058304383,
      "precision": 0.686759059531915,
      "auc": 0.9063256835937499
    },
    "8": {
      "loss": 0.7171829670667649,
      "accuracy": 0.690625,