{
  "metadata": {
    "run_name": "scaling8__non-iid__metric-privacy__fedavg",
    "data_module": "experiments.reproduce.dataset.alzheimer:create_data_module",
    "partition_mode": "non-iid",
    "partition_profile": "auto",
    "privacy": "metric-privacy",
    "aggregation": "fedavg",
    "seed": 42,
    "num_clients": 8,
    "rounds": 20,
    "local_epochs": 5,
    "noise_multiplier": 0.01,
    "clipping_norm": 5.0,
    "initialization_pretrained": false,
    "initialization_epochs": 0,
    "initialization_final_loss": null
  },
  "train_metrics": {
    "1": {
      "train_loss": 1.0137197144973784,
      "train_loss_mean": 1.0642336435066413,
      "metric-dp-distance": 1.4649773473308112,
      "metric-dp-noise-stdv": 0.0042662775717232084
    },
    "2": {
      "train_loss": 0.982428790958672,
      "train_loss_mean": 1.0270396639850004,
      "metric-dp-distance": 1.0812586354246985,
      "metric-dp-noise-stdv": 0.005780300656322726
    },
    "3": {
      "train_loss": 0.9212279866454538,
      "train_loss_mean": 0.9658700560440245,
      "metric-dp-distance": 1.086320425500162,
      "metric-dp-noise-stdv": 0.005753366919454161
    },
    "4": {
      "train_loss": 0.8686671296037227,
      "train_loss_mean": 0.9138330908100023,
      "metric-dp-distance": 1.0616462577600032,
      "metric-dp-noise-stdv": 0.005887083342795413
    },
    "5": {
      "train_loss": 0.7924022813890408,
      "train_loss_mean": 0.863954569353496,
      "metric-dp-distance": 1.0842617345042527,
      "metric-dp-noise-stdv": 0.0057642908544196046
    },
    "6": {
      "train_loss": 0.7000082564546122,
      "train_loss_mean": 0.7982503917284809,
      "metric-dp-distance": 1.0631558089129005,
      "metric-dp-noise-stdv": 0.005878724404836539
    },
    "7": {
      "train_loss": 0.602966914423862,
      "train_loss_mean": 0.7176815858135354,
      "metric-dp-distance": 1.0750233783231427,
      "metric-dp-noise-stdv": 0.0058138270534627435
    },
    "8": {
      "train_loss": 0.48166933221151964,
      "train_loss_mean": 0.625991974827075,
      "metric-dp-distance": 1.0517004308446,
      "metric-dp-noise-stdv": 0.005942756907478633
    },
    "9": {
      "train_loss": 0.36973574895886707,
      "train_loss_mean": 0.5308422122865871,
      "metric-dp-distance": 1.0343309264474858,
      "metric-dp-noise-stdv": 0.006042553538900994
    },
    "10": {
      "train_loss": 0.2910663069976092,
      "train_loss_mean": 0.44733597334195885,
      "metric-dp-distance": 1.0434882808476686,
      "metric-dp-noise-stdv": 0.005989525819037342
    },
    "11": {
      "train_loss": 0.19539505871887258,
      "train_loss_mean": 0.3499572968065855,
      "metric-dp-distance": 0.9405561670816193,
      "metric-dp-noise-stdv": 0.006645004539593476
    },
    "12": {
      "train_loss": 0.15743155601290185,
      "train_loss_mean": 0.2846897069737861,
      "metric-dp-distance": 0.8967446233145893,
      "metric-dp-noise-stdv": 0.006969654277823779
    },
    "13": {
      "train_loss": 0.11914005557199805,
      "train_loss_mean": 0.22969864198167292,
      "metric-dp-distance": 0.8508179637525851,
      "metric-dp-noise-stdv": 0.007345872168041668
    },
    "14": {
      "train_loss": 0.10149502662307586,
      "train_loss_mean": 0.1964278351205242,
      "metric-dp-distance": 0.8419317510755112,
      "metric-dp-noise-stdv": 0.007423404559830467
    },
    "15": {
      "train_loss": 0.08225764067771671,
      "train_loss_mean": 0.1593242220968212,
      "metric-dp-distance": 0.8631472417619079,
      "metric-dp-noise-stdv": 0.007240943025250391
    },
    "16": {
      "train_loss": 0.0743608955411276,
      "train_loss_mean": 0.13424917490525937,
      "metric-dp-distance": 0.8884091222813973,
      "metric-dp-noise-stdv": 0.007035047078254062
    },
    "17": {
      "train_loss": 0.07060166378471405,
      "train_loss_mean": 0.11915149091211101,
      "metric-dp-distance": 0.8794180496285359,
      "metric-dp-noise-stdv": 0.007106972619722765
    },
    "18": {
      "train_loss": 0.056245948676416635,
      "train_loss_mean": 0.10159258339460803,
      "metric-dp-distance": 0.8878183360211551,
      "metric-dp-noise-stdv": 0.00703972845166725
    },
    "19": {
      "train_loss": 0.054609628237054134,
      "train_loss_mean": 0.09394409141756521,
      "metric-dp-distance": 0.932642409655576,
      "metric-dp-noise-stdv": 0.006701389444972935
    },
    "20": {
      "train_loss": 0.04934456778856738,
      "train_loss_mean": 0.08371038882112569,
      "metric-dp-distance": 0.9358337902619193,
      "metric-dp-noise-stdv": 0.006678536365149588
    }
  },
  "client_evaluate_metrics": {
    "1": {
      "eval_loss": 1.1753411650890029,
      "eval_acc": 0.50682261208577
    },
    "2": {
      "eval_loss": 1.058560455170756,
      "eval_acc": 0.5409356725146198
    },
    "3": {
      "eval_loss": 0.9515312485992327,
      "eval_acc": 0.5682261208576997
    },
    "4": {
      "eval_loss": 0.8890367641202656,
      "eval_acc": 0.5857699805068226
    },
    "5": {
      "eval_loss": 0.8519331046015199,
      "eval_acc": 0.601364522417154
    },
    "6": {
      "eval_loss": 0.7981060743331909,
      "eval_acc": 0.6325536062378168
    },
    "7": {
      "eval_loss": 0.7337101959055162,
      "eval_acc": 0.668615984405458
    },
    "8": {
      "eval_loss": 0.6818293557587656,
      "eval_acc": 0.7076023391812865
    },
    "9": {
      "eval_loss": 0.6444818865486055,
      "eval_acc": 0.7144249512670565
    },
    "10": {
      "eval_loss": 0.5822005461734405,
      "eval_acc": 0.7514619883040936
    },
    "11": {
      "eval_loss": 0.5196474459000497,
      "eval_acc": 0.7729044834307992
    },
    "12": {
      "eval_loss": 0.45062930364938736,
      "eval_acc": 0.820662768031189
    },
    "13": {
      "eval_loss": 0.41144507204420266,
      "eval_acc": 0.8460038986354774
    },
    "14": {
      "eval_loss": 0.36277779210976113,
      "eval_acc": 0.8596491228070174
    },
    "15": {
      "eval_loss": 0.3172884596190388,
      "eval_acc": 0.878167641325536
    },
    "16": {
      "eval_loss": 0.27706153500374936,
      "eval_acc": 0.9093567251461987
    },
    "17": {
      "eval_loss": 0.28647672549638076,
      "eval_acc": 0.9113060428849902
    },
    "18": {
      "eval_loss": 0.2393325666504863,
      "eval_acc": 0.9307992202729045
    },
    "19": {
      "eval_loss": 0.23614711345835596,
      "eval_acc": 0.9278752436647172
    },
    "20": {
      "eval_loss": 0.22960439479236305,
      "eval_acc": 0.9298245614035088
    }
  },
  "server_evaluate_metrics": {
    "0": {
      "loss": 1.4405663669109345,
      "accuracy": 0.0109375,
      "f1": 0.0002366692426584235,
      "precision": 0.00011962890624999998,
      "auc": 0.22917846679687504
    },
    "1": {
      "loss": 1.1731948912143708,
      "accuracy": 0.5,
      "f1": 0.338424234193502,
      "precision": 0.6058648940345369,
      "auc": 0.8094938151041666
    },
    "2": {
      "loss": 1.0548988610506058,
      "accuracy": 0.54375,
      "f1": 0.49921919001173365,
      "precision": 0.46171529739106587,
      "auc": 0.8275703938802084
    },
    "3": {
      "loss": 0.9521614730358123,
      "accuracy": 0.5828125,
      "f1": 0.5431340415913202,
      "precision": 0.5148800309597523,
      "auc": 0.8404052734375
    },
    "4": {
      "loss": 0.9014715611934662,
      "accuracy": 0.5859375,
      "f1": 0.555206793033516,
      "precision": 0.5946468403499653,
      "auc": 0.8497477213541667
    },
    "5": {
      "loss": 0.8756696850061416,
      "accuracy": 0.6046875,
      "f1": 0.585625024522854,
      "precision": 0.6353917824074073,
      "auc": 0.8588810221354166
    },
    "6": {
      "loss": 0.8321272939443588,
      "accuracy": 0.6328125,
      "f1": 0.630084679896405,
      "precision": 0.6555931975445943,
      "auc": 0.8731119791666667
    },
    "7": {
      "loss": 0.7715182632207871,
      "accuracy": 0.6671875,
      "f1": 0.6637480184472893,