{
  "metadata": {
    "run_name": "scaling8__non-iid__metric-privacy__fedavgm",
    "data_module": "experiments.reproduce.dataset.alzheimer:create_data_module",
    "partition_mode": "non-iid",
    "partition_profile": "auto",
    "privacy": "metric-privacy",
    "aggregation": "fedavgm",
    "seed": 42,
    "num_clients": 8,
    "rounds": 20,
    "local_epochs": 5,
    "noise_multiplier": 0.01,
    "clipping_norm": 5.0,
    "initialization_pretrained": true,
    "initialization_epochs": 20,
    "initialization_final_loss": 0.39617598056793213
  },
  "train_metrics": {
    "1": {
      "train_loss": 0.5571564410698956,
      "train_loss_mean": 0.7062088666570204,
      "metric-dp-distance": 1.2912787594056379,
      "metric-dp-noise-stdv": 0.0048401632524930635
    },
    "2": {
      "train_loss": 0.5378958650941551,
      "train_loss_mean": 0.6917925144907435,
      "metric-dp-distance": 1.3069523402179282,
      "metric-dp-noise-stdv": 0.004782117761813596
    },
    "3": {
      "train_loss": 0.5140252126809383,
      "train_loss_mean": 0.6756937825379864,
      "metric-dp-distance": 1.3941518252249807,
      "metric-dp-noise-stdv": 0.004483012457406788
    },
    "4": {
      "train_loss": 0.4823332284652261,
      "train_loss_mean": 0.6530878360351818,
      "metric-dp-distance": 1.3877070031594485,
      "metric-dp-noise-stdv": 0.004503832571119388
    },
    "5": {
      "train_loss": 0.46920943011961513,
      "train_loss_mean": 0.6402602726459853,
      "metric-dp-distance": 1.3362253142986447,
      "metric-dp-noise-stdv": 0.0046773548840305336
    },
    "6": {
      "train_loss": 0.4445415654332974,
      "train_loss_mean": 0.6181998903620634,
      "metric-dp-distance": 1.3757550318259746,
      "metric-dp-noise-stdv": 0.004542959942297773
    },
    "7": {
      "train_loss": 0.41597996191697173,
      "train_loss_mean": 0.5996152476335247,
      "metric-dp-distance": 1.3594734072685242,
      "metric-dp-noise-stdv": 0.00459736833878759
    },
    "8": {
      "train_loss": 0.400855607261702,
      "train_loss_mean": 0.5817419259153347,
      "metric-dp-distance": 1.3768319158504407,
      "metric-dp-noise-stdv": 0.004539406682869857
    },
    "9": {
      "train_loss": 0.37527273742015266,
      "train_loss_mean": 0.5632282993220736,
      "metric-dp-distance": 1.3807661124349881,
      "metric-dp-noise-stdv": 0.004526472618145367
    },
    "10": {
      "train_loss": 0.354585439609168,
      "train_loss_mean": 0.5454782578073221,
      "metric-dp-distance": 1.3762714985447626,
      "metric-dp-noise-stdv": 0.004541255127791722
    },
    "11": {
      "train_loss": 0.3205283148515411,
      "train_loss_mean": 0.5191042256405514,
      "metric-dp-distance": 1.4009256085846573,
      "metric-dp-noise-stdv": 0.004461336106429177
    },
    "12": {
      "train_loss": 0.3072781530265757,
      "train_loss_mean": 0.5029244408164306,
      "metric-dp-distance": 1.377546390790182,
      "metric-dp-noise-stdv": 0.004537052284979603
    },
    "13": {
      "train_loss": 0.27213042164444345,
      "train_loss_mean": 0.4720454259844279,
      "metric-dp-distance": 1.4132490106858313,
      "metric-dp-noise-stdv": 0.004422433663666219
    },
    "14": {
      "train_loss": 0.2677183900852872,
      "train_loss_mean": 0.46472548609849706,
      "metric-dp-distance": 1.3670731959864497,
      "metric-dp-noise-stdv": 0.004571810798682318
    },
    "15": {
      "train_loss": 0.23755253412823124,
      "train_loss_mean": 0.4374959450271518,
      "metric-dp-distance": 1.377040606030884,
      "metric-dp-noise-stdv": 0.004538718736853157
    },
    "16": {
      "train_loss": 0.23213356925319276,
      "train_loss_mean": 0.42351013572006674,
      "metric-dp-distance": 1.3520204966577392,
      "metric-dp-noise-stdv": 0.00462271098363546
    },
    "17": {
      "train_loss": 0.2071073780106549,
      "train_loss_mean": 0.4020381839571927,
      "metric-dp-distance": 1.340978929423727,
      "metric-dp-noise-stdv": 0.004660774202235883
    },
    "18": {
      "train_loss": 0.20500032462245177,
      "train_loss_mean": 0.38854741216102606,
      "metric-dp-distance": 1.36444950189131,
      "metric-dp-noise-stdv": 0.004580601914058865
    },
    "19": {
      "train_loss": 0.17730353097238,
      "train_loss_mean": 0.3625293738382055,
      "metric-dp-distance": 1.3086647759191692,
      "metric-dp-noise-stdv": 0.004775860185898391
    },
    "20": {
      "train_loss": 0.16546859778099865,
      "train_loss_mean": 0.3468314398225701,
      "metric-dp-distance": 1.302328497598258,
      "metric-dp-noise-stdv": 0.004799096396589793
    }
  },
  "client_evaluate_metrics": {
    "1": {
      "eval_loss": 0.8886579927311189,
      "eval_acc": 0.6500974658869396
    },
    "2": {
      "eval_loss": 0.8604199658629084,
      "eval_acc": 0.6569200779727096
    },
    "3": {
      "eval_loss": 0.8206707861593998,
      "eval_acc": 0.6695906432748537
    },
    "4": {
      "eval_loss": 0.8013069372420829,
      "eval_acc": 0.6871345029239766
    },
    "5": {
      "eval_loss": 0.7772279047129446,
      "eval_acc": 0.6871345029239766
    },
    "6": {
      "eval_loss": 0.7681669271088134,
      "eval_acc": 0.6881091617933722
    },
    "7": {
      "eval_loss": 0.74310187857097,
      "eval_acc": 0.7017543859649122
    },
    "8": {
      "eval_loss": 0.7223087857907626,
      "eval_acc": 0.702729044834308
    },
    "9": {
      "eval_loss": 0.7164611545905151,
      "eval_acc": 0.7007797270955164
    },
    "10": {
      "eval_loss": 0.694171173770351,
      "eval_acc": 0.7163742690058479
    },
    "11": {
      "eval_loss": 0.6824248834435065,
      "eval_acc": 0.7251461988304092
    },
    "12": {
      "eval_loss": 0.6706322530760169,
      "eval_acc": 0.7378167641325535
    },
    "13": {
      "eval_loss": 0.6568563034282325,
      "eval_acc": 0.7348927875243664
    },
    "14": {
      "eval_loss": 0.64105140580478,
      "eval_acc": 0.7475633528265107
    },
    "15": {
      "eval_loss": 0.6325129598749485,
      "eval_acc": 0.7485380116959065
    },
    "16": {
      "eval_loss": 0.6124095081462438,
      "eval_acc": 0.7660818713450291
    },
    "17": {
      "eval_loss": 0.6003903297119235,
      "eval_acc": 0.7670565302144249
    },
    "18": {
      "eval_loss": 0.5905793137035058,
      "eval_acc": 0.7738791423001947
    },
    "19": {
      "eval_loss": 0.5750113018910032,
      "eval_acc": 0.7807017543859649
    },
    "20": {
      "eval_loss": 0.5578720814550248,
      "eval_acc": 0.7982456140350878
    }
  },
  "server_evaluate_metrics": {
    "0": {
      "loss": 0.8725650578737258,
      "accuracy": 0.6546875,
      "f1": 0.6532062070648121,
      "precision": 0.6609825938527724,
      "auc": 0.8883284505208333
    },
    "1": {
      "loss": 0.8731748789548874,
      "accuracy": 0.659375,
      "f1": 0.6578163054374772,
      "precision": 0.6684882399901745,
      "auc": 0.8879597981770833
    },
    "2": {
      "loss": 0.8360803991556167,
      "accuracy": 0.6578125,
      "f1": 0.6563743297845569,
      "precision": 0.6635460328046721,
      "auc": 0.8921240234375001
    },
    "3": {
      "loss": 0.8050517603754997,
      "accuracy": 0.6703125,
      "f1": 0.6687807700435078,
      "precision": 0.6760666510025063,
      "auc": 0.8951790364583334
    },
    "4": {
      "loss": 0.7843899667263031,
      "accuracy": 0.678125,
      "f1": 0.6756703505917638,
      "precision": 0.6807458435960592,
      "auc": 0.9004557291666667
    },
    "5": {
      "loss": 0.76012222468853,
      "accuracy": 0.6875,
      "f1": 0.6858513963807921,
      "precision": 0.6892335752784611,
      "auc": 0.9022762044270833
    },
    "6": {
      "loss": 0.751933753490448,
      "accuracy": 0.6796875,
      "f1": 0.6778168262590671,
      "precision": 0.6832911945356349,
      "auc": 0.9044620768229166
    },
    "7": {
      "loss": 0.7243283241987228,
      "accuracy": 0.7046875,
      "f1": 0.7020089419325077,