2026-08-05 19:47:43 Starting full chunk: 2 trajectories
2026-08-05 19:47:43 START cifar-full-out-replace__non-iid__global-dp__fedavg__clients-8__seed-44__nm0p05__clip5__rounds-20__epochs-5__cifar_chunks__cifar10_cnn 
{
  "partition-mode": "non-iid",
  "partition-profile": "auto",
  "client-weights": "",
  "data-module": "experiments.cia.scripts.cifar_chunks:create_cifar_out_replace",
  "model-module": "experiments.reproduce.cifar10_cnn:create_model",
  "data-cache-dir": "",
  "privacy": "global-dp",
  "aggregation": "fedavg",
  "seed": 44,
  "num-server-rounds": 20,
  "num-clients": 8,
  "fraction-evaluate": 1.0,
  "local-epochs": 5,
  "learning-rate": 0.001,
  "batch-size": 32,
  "initialization-batch-size": 32,
  "initialization-epochs": 20,
  "initialization-learning-rate": 0.001,
  "max-client-samples": 0,
  "max-test-samples": 0,
  "noise-multiplier": 0.05,
  "clipping-norm": 5.0,
  "output-dir": "/content/metricdp-pytorch/results/planned_runs/cifar/full/out-replace/clients-8/seed-44/ratio-0p00625/runs",
  "run-name": "cifar-full-out-replace__non-iid__global-dp__fedavg__clients-8__seed-44__nm0p05__clip5__rounds-20__epochs-5__cifar_chunks__cifar10_cnn",
  "checkpoint-rounds": [
    1,
    2,
    3,
    4,
    5,
    6,
    7,
    8,
    9,
    10,
    11,
    12,
    13,
    14,
    15,
    16,
    17,
    18,
    19,
    20
  ]
}
2026-08-05 19:47:47.636139: I tensorflow/core/util/port.cc:153] oneDNN custom operations are on. You may see slightly different numerical results due to floating-point round-off errors from different computation orders. To turn them off, set the environment variable `TF_ENABLE_ONEDNN_OPTS=0`.
2026-08-05 19:47:47.704614: I tensorflow/core/platform/cpu_feature_guard.cc:210] This TensorFlow binary is optimized to use available CPU instructions in performance-critical operations.
To enable the following instructions: AVX2 AVX512F AVX512_VNNI FMA, in other operations, rebuild TensorFlow with the appropriate compiler flags.
[93mWARNING [0m:   DEPRECATED FEATURE: The `run_simulation` function is deprecated and will be removed in a future version of Flower. Please use `flwr run` in the CLI instead to run your simulation. Refer to the Flower Tutorials for more details: https://flower.ai/docs/framework/tutorial-quickstart-pytorch.html

            This is a deprecated feature. It will be removed
            entirely in future versions of Flower.
        
Warning: You are sending unauthenticated requests to the HF Hub. Please set a HF_TOKEN to enable higher rate limits and faster downloads.
Generating train split:   0%|          | 0/50000 [00:00<?, ? examples/s]Generating train split:  28%|██▊       | 14200/50000 [00:00<00:00, 120091.21 examples/s]Generating train split:  79%|███████▊  | 39300/50000 [00:00<00:00, 191033.47 examples/s]Generating train split: 100%|██████████| 50000/50000 [00:00<00:00, 186170.74 examples/s]
Generating test split:   0%|          | 0/10000 [00:00<?, ? examples/s]Generating test split: 100%|██████████| 10000/10000 [00:00<00:00, 223752.30 examples/s]
Filtering CIFAR-10 to four classes:   0%|          | 0/50000 [00:00<?, ? examples/s]Filtering CIFAR-10 to four classes: 100%|██████████| 50000/50000 [00:00<00:00, 713477.18 examples/s]
Filtering CIFAR-10 to four classes:   0%|          | 0/10000 [00:00<?, ? examples/s]Filtering CIFAR-10 to four classes: 100%|██████████| 10000/10000 [00:00<00:00, 665371.77 examples/s]
[92mINFO [0m:      Starting LoggedGlobalDPServerSideFixedClipping strategy:
[92mINFO [0m:      	├── Number of rounds: 20
[92mINFO [0m:      	├── ArrayRecord (0.87 MB)
[92mINFO [0m:      	├── ConfigRecord (train): {'lr': 0.001}
[92mINFO [0m:      	├── ConfigRecord (evaluate): (empty!)
[92mINFO [0m:      	├──> DP settings:
[92mINFO [0m:      	│	├── Noise multiplier: 0.05
[92mINFO [0m:      	│	└── Clipping norm: 5.0
[92mINFO [0m:      	├──> Sampling:
[92mINFO [0m:      	│	├──Fraction: train (1.00) | evaluate ( 1.00)
[92mINFO [0m:      	│	├──Minimum nodes: train (8) | evaluate (8)
[92mINFO [0m:      	│	└──Minimum available nodes: 8
[92mINFO [0m:      	└──> Keys in records:
[92mINFO [0m:      		├── Weighted by: 'num-examples'
[92mINFO [0m:      		├── ArrayRecord key: 'arrays'
[92mINFO [0m:      		└── ConfigRecord key: 'config'
[92mINFO [0m:      
/usr/local/lib/python3.12/dist-packages/ray/_private/worker.py:2051: FutureWarning: Tip: In future versions of Ray, Ray will no longer override accelerator visible devices env var if num_gpus=0 or num_gpus=None (default). To enable this behavior and turn off this error message, set RAY_ACCEL_ENV_VAR_OVERRIDE_ON_ZERO=0
  warnings.warn(
/usr/lib/python3.12/multiprocessing/popen_fork.py:66: DeprecationWarning: This process (pid=1282) is multi-threaded, use of fork() may lead to deadlocks in the child.
  self.pid = os.fork()
[92mINFO [0m:      Initial global evaluation results: {'loss': 1.3892939643859863, 'accuracy': 0.25, 'f1': 0.1, 'precision': 0.0625, 'auc': 0.48708850000000004}
[92mINFO [0m:      
[92mINFO [0m:      [ROUND 1/20]
[92mINFO [0m:      configure_train: Sampled 8 nodes (out of 8)
[36m(ClientAppActor pid=2088)[0m Using the latest cached version of the dataset since uoft-cs/cifar10 couldn't be found on the Hugging Face Hub (offline mode is enabled).
[36m(ClientAppActor pid=2088)[0m Found the latest cached dataset configuration 'plain_text' at /root/.cache/huggingface/datasets/uoft-cs___cifar10/plain_text/0.0.0/0b2714987fa478483af9968de7c934580d0bb9a2 (last modified on Wed Aug  5 19:48:02 2026).
[36m(ClientAppActor pid=2088)[0m /usr/lib/python3.12/multiprocessing/popen_fork.py:66: DeprecationWarning: This process (pid=2088) is multi-threaded, use of fork() may lead to deadlocks in the child.
[36m(ClientAppActor pid=2088)[0m   self.pid = os.fork()
[36m(ClientAppActor pid=2084)[0m Using the latest cached version of the dataset since uoft-cs/cifar10 couldn't be found on the Hugging Face Hub (offline mode is enabled).[32m [repeated 7x across cluster] (Ray deduplicates logs by default. Set RAY_DEDUP_LOGS=0 to disable log deduplication, or see https://docs.ray.io/en/master/ray-observability/user-guides/configure-logging.html#log-deduplication for more options.)[0m
[36m(ClientAppActor pid=2084)[0m Found the latest cached dataset configuration 'plain_text' at /root/.cache/huggingface/datasets/uoft-cs___cifar10/plain_text/0.0.0/0b2714987fa478483af9968de7c934580d0bb9a2 (last modified on Wed Aug  5 19:48:02 2026).[32m [repeated 7x across cluster][0m
[36m(ClientAppActor pid=2085)[0m /usr/lib/python3.12/multiprocessing/popen_fork.py:66: DeprecationWarning: This process (pid=2085) is multi-threaded, use of fork() may lead to deadlocks in the child.[32m [repeated 5x across cluster][0m
[36m(ClientAppActor pid=2085)[0m   self.pid = os.fork()[32m [repeated 5x across cluster][0m
[92mINFO [0m:      aggregate_train: Received 8 results and 0 failures
[92mINFO [0m:      aggregate_fit: parameters are clipped by value: 5.0000.
[92mINFO [0m:      aggregate_fit: parameters are clipped by value: 5.0000.
[92mINFO [0m:      aggregate_fit: parameters are clipped by value: 5.0000.
[92mINFO [0m:      aggregate_fit: parameters are clipped by value: 5.0000.
[92mINFO [0m:      aggregate_fit: parameters are clipped by value: 5.0000.
[92mINFO [0m:      aggregate_fit: parameters are clipped by value: 5.0000.
[92mINFO [0m:      aggregate_fit: parameters are clipped by value: 5.0000.
[92mINFO [0m:      aggregate_fit: parameters are clipped by value: 5.0000.
[92mINFO [0m:      aggregate_train: Received 8 results and 0 failures
[92mINFO [0m:      aggregate_fit: central DP noise with 0.0312 stdev added
[92mINFO [0m:      	└──> Aggregated MetricRecord: {'train_loss': 0.9097765550927785, 'train_loss_mean': 1.0905095417078996, 'client-ids': [0, 1, 2, 3, 4, 5, 6, 7], 'per-client-num-examples': [711, 1244, 2044, 1777, 977, 2311, 2844, 2577], 'per-client-train_loss': [1.0525490082433622, 0.97060700474828, 0.8804933193145199, 0.9429667159017714, 1.041124754027676, 0.9255982640500401, 0.8364633166672644, 0.858283894997398], 'per-client-train_loss_mean': [1.2303100246249705, 1.1778764918686109, 1.0597878264587686, 1.1370638394664363, 1.2075305338769755, 1.0662510428888774, 1.0268332947490921, 1.0496918068498338], 'dp-client-ids': [0, 1, 2, 3, 4, 5, 6, 7], 'dp-update-norms-before-clipping': [5.160913101161851, 5.938088236927531, 7.547542436053217, 6.811212673766085, 5.697905783037718, 7.765646359758307, 8.27033517132862, 7.408613507281323], 'dp-client-clipped': [1, 1, 1, 1, 1, 1, 1, 1], 'dp-num-clients-clipped': 8, 'dp-fraction-clipped': 1.0, 'dp-signal-update-norm': 2.502917682068166, 'dp-parameter-count': 226596, 'dp-expected-noise-l2-norm': 14.87565649811799, 'dp-noise-to-signal-ratio': 5.943326304613504, 'dp-noise-percent-of-signal': 594.3326304613505, 'global-dp-noise-stdv': 0.03125}
[92mINFO [0m:      configure_evaluate: Sampled 8 nodes (out of 8)
[92mINFO [0m:      aggregate_evaluate: Received 8 results and 0 failures
[92mINFO [0m:      	└──> Aggregated MetricRecord: {'eval_loss': 1.3708929876826181, 'eval_acc': 0.2548262548262548, 'client-ids': [0, 1, 2, 3, 4, 5, 6, 7], 'per-client-eval_acc': [0.2640449438202247, 0.26282051282051283, 0.25390625, 0.24943820224719102, 0.24081632653061225, 0.24740484429065743, 0.26019690576652604, 0.2589147286821705], 'per-client-eval_loss': [1.368315150228779, 1.3702493936587603, 1.3708841353654861, 1.3732949160457997, 1.372057311388911, 1.3715785915051364, 1.3707960989907824, 1.369315747697224], 'per-client-num-examples': [178, 312, 512, 445, 245, 578, 711, 645]}
[92mINFO [0m:      Global evaluation
[92mINFO [0m:      	└──> MetricRecord: {'loss': 1.3705601615905763, 'accuracy': 0.253, 'f1': 0.10624999774876341, 'precision': 0.4913224325874928, 'auc': 0.6367525416666666}
[92mINFO [0m:      
[92mINFO [0m:      [ROUND 2/20]
[92mINFO [0m:      configure_train: Sampled 8 nodes (out of 8)
[36m(ClientAppActor pid=2086)[0m /usr/lib/python3.12/multiprocessing/popen_fork.py:66: DeprecationWarning: This process (pid=2086) is multi-threaded, use of fork() may lead to deadlocks in the child.[32m [repeated 3x across cluster][0m
[36m(ClientAppActor pid=2086)[0m   self.pid = os.fork()[32m [repeated 3x across cluster][0m
[92mINFO [0m:      aggregate_train: Received 8 results and 0 failures
[92mINFO [0m:      aggregate_fit: parameters are clipped by value: 5.0000.
[92mINFO [0m:      aggregate_fit: parameters are clipped by value: 5.0000.
[92mINFO [0m:      aggregate_fit: parameters are clipped by value: 5.0000.
[92mINFO [0m:      aggregate_fit: parameters are clipped by value: 5.0000.
[92mINFO [0m:      aggregate_fit: parameters are clipped by value: 5.0000.
[92mINFO [0m:      aggregate_fit: parameters are clipped by value: 5.0000.
[92mINFO [0m:      aggregate_fit: parameters are clipped by value: 5.0000.
[92mINFO [0m:      aggregate_fit: parameters are clipped by value: 5.0000.
[92mINFO [0m:      aggregate_train: Received 8 results and 0 failures
[92mINFO [0m:      aggregate_fit: central DP noise with 0.0312 stdev added
[92mINFO [0m:      	└──> Aggregated MetricRecord: {'train_loss': 0.7483865151785554, 'train_loss_mean': 0.8728254256278926, 'client-ids': [0, 1, 2, 3, 4, 5, 6, 7], 'per-client-num-examples': [711, 1244, 2044, 1777, 977, 2311, 2844, 2577], 'per-client-train_loss': [0.8130018461270339, 0.814546156351206, 0.7709831267653613, 0.756065860549989, 0.838003355258563, 0.7482836671022046, 0.6984386892593695, 0.6966425808862887], 'per-client-train_loss_mean': [0.9676780569234813, 0.9216408578912546, 0.8774007162469241, 0.8926563640558525, 0.9557284770016782, 0.8610978891843327, 0.826342736568129, 0.836172237042822], 'dp-client-ids': [0, 1, 2, 3, 4, 5, 6, 7], 'dp-update-norms-before-clipping': [4.775493264412233, 5.931041331031443, 7.350166622021585, 7.601424393195077, 5.709816598005448, 8.583387682690235, 8.899327235668453, 8.279953357890374], 'dp-client-clipped': [0, 1, 1, 1, 1, 1, 1, 1], 'dp-num-clients-clipped': 7, 'dp-fraction-clipped': 0.875, 'dp-signal-update-norm': 3.343580858951112, 'dp-parameter-count': 226596, 'dp-expected-noise-l2-norm': 14.87565649811799, 'dp-noise-to-signal-ratio': 4.449019516993082, 'dp-noise-percent-of-signal': 444.90195169930826, 'global-dp-noise-stdv': 0.03125}
[92mINFO [0m:      configure_evaluate: Sampled 8 nodes (out of 8)
[92mINFO [0m:      aggregate_evaluate: Received 8 results and 0 failures
[92mINFO [0m:      	└──> Aggregated MetricRecord: {'eval_loss': 1.1521374481656708, 'eval_acc': 0.436569222283508, 'client-ids': [0, 1, 2, 3, 4, 5, 6, 7], 'per-client-eval_acc': [0.43258426966292135, 0.46794871794871795, 0.4296875, 0.43595505617977526, 0.4489795918367347, 0.43771626297577854, 0.42616033755274263, 0.43410852713178294], 'per-client-eval_loss': [1.1602297579304557, 1.158479317640647, 1.1538457460701466, 1.1517929120010204, 1.1348291513871174, 1.145924050502711, 1.1641005316196447, 1.1446734169656916], 'per-client-num-examples': [178, 312, 512, 445, 245, 578, 711, 645]}
[92mINFO [0m:      Global evaluation
[92mINFO [0m:      	└──> MetricRecord: {'loss': 1.1433632154464721, 'accuracy': 0.4395, 'f1': 0.3831476891224025, 'precision': 0.5837002133056949, 'auc': 0.7572173333333334}
[92mINFO [0m:      
[92mINFO [0m:      [ROUND 3/20]
[92mINFO [0m:      configure_train: Sampled 8 nodes (out of 8)
[36m(ClientAppActor pid=2084)[0m /usr/lib/python3.12/multiprocessing/popen_fork.py:66: DeprecationWarning: This process (pid=2084) is multi-threaded, use of fork() may lead to deadlocks in the child.[32m [repeated 8x across cluster][0m
[36m(ClientAppActor pid=2084)[0m   self.pid = os.fork()[32m [repeated 8x across cluster][0m
[92mINFO [0m:      aggregate_train: Received 8 results and 0 failures
[92mINFO [0m:      aggregate_fit: parameters are clipped by value: 5.0000.
[92mINFO [0m:      aggregate_fit: parameters are clipped by value: 5.0000.
[92mINFO [0m:      aggregate_fit: parameters are clipped by value: 5.0000.
[92mINFO [0m:      aggregate_fit: parameters are clipped by value: 5.0000.
[92mINFO [0m:      aggregate_fit: parameters are clipped by value: 5.0000.
[92mINFO [0m:      aggregate_fit: parameters are clipped by value: 5.0000.
[92mINFO [0m:      aggregate_fit: parameters are clipped by value: 5.0000.
[92mINFO [0m:      aggregate_fit: parameters are clipped by value: 5.0000.
[92mINFO [0m:      aggregate_train: Received 8 results and 0 failures
[92mINFO [0m:      aggregate_fit: central DP noise with 0.0312 stdev added
[92mINFO [0m:      	└──> Aggregated MetricRecord: {'train_loss': 0.6102002579115735, 'train_loss_mean': 0.7241684811988451, 'client-ids': [0, 1, 2, 3, 4, 5, 6, 7], 'per-client-num-examples': [711, 1244, 2044, 1777, 977, 2311, 2844, 2577], 'per-client-train_loss': [0.6715770651351886, 0.6529984458849745, 0.6027650531024149, 0.6510887761832491, 0.6747379843507842, 0.5952533439530381, 0.5745245654204056, 0.5786168022492527], 'per-client-train_loss_mean': [0.7837007411253938, 0.7569949664870259, 0.7068786266498603, 0.727646875810811, 0.8113638918377848, 0.713201981267079, 0.6963446089487035, 0.7106956557405055], 'dp-client-ids': [0, 1, 2, 3, 4, 5, 6, 7], 'dp-update-norms-before-clipping': [4.639095629777633, 6.03108779268971, 7.849632296344554, 7.340604803186371, 5.432025489567912, 8.336947666531115, 9.362768967971745, 8.940815542931588], 'dp-client-clipped': [0, 1, 1, 1, 1, 1, 1, 1], 'dp-num-clients-clipped': 7, 'dp-fraction-clipped': 0.875, 'dp-signal-update-norm': 3.0502048197459097, 'dp-parameter-count': 226596, 'dp-expected-noise-l2-norm': 14.87565649811799, 'dp-noise-to-signal-ratio': 4.8769369197171395, 'dp-noise-percent-of-signal': 487.69369197171403, 'global-dp-noise-stdv': 0.03125}
[92mINFO [0m:      configure_evaluate: Sampled 8 nodes (out of 8)
[92mINFO [0m:      aggregate_evaluate: Received 8 results and 0 failures
[92mINFO [0m:      	└──> Aggregated MetricRecord: {'eval_loss': 0.8382357222167287, 'eval_acc': 0.6439602868174297, 'client-ids': [0, 1, 2, 3, 4, 5, 6, 7], 'per-client-eval_acc': [0.6348314606741573, 0.6314102564102564, 0.658203125, 0.6449438202247191, 0.6163265306122448, 0.6557093425605537, 0.6258790436005626, 0.6604651162790698], 'per-client-eval_loss': [0.8135461378633306, 0.8214360628372583, 0.8417013622820377, 0.8736245273204332, 0.8236814927081673, 0.8115622621919044, 0.8662384069418605, 0.8245720804199692], 'per-client-num-examples': [178, 312, 512, 445, 245, 578, 711, 645]}
[92mINFO [0m:      Global evaluation
[92mINFO [0m:      	└──> MetricRecord: {'loss': 0.815841914176941, 'accuracy': 0.6535, 'f1': 0.63597466044205, 'precision': 0.6756294877276539, 'auc': 0.8879044999999999}
[92mINFO [0m:      
[92mINFO [0m:      [ROUND 4/20]
[92mINFO [0m:      configure_train: Sampled 8 nodes (out of 8)
[36m(ClientAppActor pid=2086)[0m /usr/lib/python3.12/multiprocessing/popen_fork.py:66: DeprecationWarning: This process (pid=2086) is multi-threaded, use of fork() may lead to deadlocks in the child.[32m [repeated 8x across cluster][0m
[36m(ClientAppActor pid=2086)[0m   self.pid = os.fork()[32m [repeated 8x across cluster][0m
[92mINFO [0m:      aggregate_train: Received 8 results and 0 failures
[92mINFO [0m:      aggregate_fit: parameters are clipped by value: 5.0000.
[92mINFO [0m:      aggregate_fit: parameters are clipped by value: 5.0000.
[92mINFO [0m:      aggregate_fit: parameters are clipped by value: 5.0000.
[92mINFO [0m:      aggregate_fit: parameters are clipped by value: 5.0000.
[92mINFO [0m:      aggregate_fit: parameters are clipped by value: 5.0000.
[92mINFO [0m:      aggregate_fit: parameters are clipped by value: 5.0000.
[92mINFO [0m:      aggregate_fit: parameters are clipped by value: 5.0000.
[92mINFO [0m:      aggregate_fit: parameters are clipped by value: 5.0000.
[92mINFO [0m:      aggregate_train: Received 8 results and 0 failures
[92mINFO [0m:      aggregate_fit: central DP noise with 0.0312 stdev added
[92mINFO [0m:      	└──> Aggregated MetricRecord: {'train_loss': 0.5309262632130343, 'train_loss_mean': 0.646661790781775, 'client-ids': [0, 1, 2, 3, 4, 5, 6, 7], 'per-client-num-examples': [711, 1244, 2044, 1777, 977, 2311, 2844, 2577], 'per-client-train_loss': [0.5900439832951617, 0.5159461588338257, 0.5312914949807169, 0.513898927707919, 0.5678990619636485, 0.5146047322330203, 0.5422223862967913, 0.5214517005409527], 'per-client-train_loss_mean': [0.707098953482471, 0.6574581244175841, 0.6420968673583813, 0.6416057481615478, 0.6765433922455767, 0.6426087684339385, 0.6264680841804053, 0.6464743406771689], 'dp-client-ids': [0, 1, 2, 3, 4, 5, 6, 7], 'dp-update-norms-before-clipping': [4.677925075180687, 6.327117693479275, 7.833774142287493, 7.498139411613324, 5.693786207932556, 8.454525477973428, 9.701783387004571, 9.142374536419688], 'dp-client-clipped': [0, 1, 1, 1, 1, 1, 1, 1], 'dp-num-clients-clipped': 7, 'dp-fraction-clipped': 0.875, 'dp-signal-update-norm': 2.7190931686562427, 'dp-parameter-count': 226596, 'dp-expected-noise-l2-norm': 14.87565649811799, 'dp-noise-to-signal-ratio': 5.4708152959206755, 'dp-noise-percent-of-signal': 547.0815295920676, 'global-dp-noise-stdv': 0.03125}
[92mINFO [0m:      configure_evaluate: Sampled 8 nodes (out of 8)
[92mINFO [0m:      aggregate_evaluate: Received 8 results and 0 failures
[92mINFO [0m:      	└──> Aggregated MetricRecord: {'eval_loss': 1.5937015452703192, 'eval_acc': 0.40540540540540543, 'client-ids': [0, 1, 2, 3, 4, 5, 6, 7], 'per-client-eval_acc': [0.4101123595505618, 0.40384615384615385, 0.38671875, 0.41123595505617977, 0.4448979591836735, 0.4411764705882353, 0.3924050632911392, 0.3829457364341085], 'per-client-eval_loss': [1.5380304100808133, 1.581551661858192, 1.558478020131588, 1.6175231590699615, 1.5110694573850048, 1.5940370246200826, 1.6441533991388464, 1.6019398999768635], 'per-client-num-examples': [178, 312, 512, 445, 245, 578, 711, 645]}
[92mINFO [0m:      Global evaluation
[92mINFO [0m:      	└──> MetricRecord: {'loss': 1.589064661026001, 'accuracy': 0.404, 'f1': 0.3309253535641106, 'precision': 0.5728681512483383, 'auc': 0.695219625}
[92mINFO [0m:      
[92mINFO [0m:      [ROUND 5/20]
[92mINFO [0m:      configure_train: Sampled 8 nodes (out of 8)
[36m(ClientAppActor pid=2083)[0m /usr/lib/python3.12/multiprocessing/popen_fork.py:66: DeprecationWarning: This process (pid=2083) is multi-threaded, use of fork() may lead to deadlocks in the child.[32m [repeated 8x across cluster][0m
[36m(ClientAppActor pid=2083)[0m   self.pid = os.fork()[32m [repeated 8x across cluster][0m
[92mINFO [0m:      aggregate_train: Received 8 results and 0 failures
[92mINFO [0m:      aggregate_fit: parameters are clipped by value: 5.0000.
[92mINFO [0m:      aggregate_fit: parameters are clipped by value: 5.0000.
[92mINFO [0m:      aggregate_fit: parameters are clipped by value: 5.0000.
[92mINFO [0m:      aggregate_fit: parameters are clipped by value: 5.0000.
[92mINFO [0m:      aggregate_fit: parameters are clipped by value: 5.0000.
[92mINFO [0m:      aggregate_fit: parameters are clipped by value: 5.0000.
[92mINFO [0m:      aggregate_fit: parameters are clipped by value: 5.0000.
[92mINFO [0m:      aggregate_fit: parameters are clipped by value: 5.0000.
[92mINFO [0m:      aggregate_train: Received 8 results and 0 failures
[92mINFO [0m:      aggregate_fit: central DP noise with 0.0312 stdev added
[92mINFO [0m:      	└──> Aggregated MetricRecord: {'train_loss': 0.4329486920004842, 'train_loss_mean': 0.5824660988120651, 'client-ids': [0, 1, 2, 3, 4, 5, 6, 7], 'per-client-num-examples': [711, 1244, 2044, 1777, 977, 2311, 2844, 2577], 'per-client-train_loss': [0.4299028923239889, 0.47718937623155844, 0.4326806484836422, 0.3828540645963232, 0.44503493825147195, 0.4786222569486477, 0.41210856432234017, 0.4246466501558479], 'per-client-train_loss_mean': [0.6322222763140661, 0.6282188213906488, 0.570851837748884, 0.5653891831116523, 0.6272249579978697, 0.5936497316299605, 0.5619429383725556, 0.5632908124885774], 'dp-client-ids': [0, 1, 2, 3, 4, 5, 6, 7], 'dp-update-norms-before-clipping': [4.961935140048168, 6.243421114113234, 8.250558155579665, 7.588836611222446, 5.935227715014454, 8.794318405313929, 9.396435749435717, 9.037604003629397], 'dp-client-clipped': [0, 1, 1, 1, 1, 1, 1, 1], 'dp-num-clients-clipped': 7, 'dp-fraction-clipped': 0.875, 'dp-signal-update-norm': 2.5032314476333717, 'dp-parameter-count': 226596, 'dp-expected-noise-l2-norm': 14.87565649811799, 'dp-noise-to-signal-ratio': 5.94258134308031, 'dp-noise-percent-of-signal': 594.258134308031, 'global-dp-noise-stdv': 0.03125}
[92mINFO [0m:      configure_evaluate: Sampled 8 nodes (out of 8)
[92mINFO [0m:      aggregate_evaluate: Received 8 results and 0 failures
[92mINFO [0m:      	└──> Aggregated MetricRecord: {'eval_loss': 0.7876507140494682, 'eval_acc': 0.6674020959735245, 'client-ids': [0, 1, 2, 3, 4, 5, 6, 7], 'per-client-eval_acc': [0.6460674157303371, 0.7115384615384616, 0.66015625, 0.6494382022471911, 0.6816326530612244, 0.6782006920415224, 0.6624472573839663, 0.6604651162790698], 'per-client-eval_loss': [0.8224706328317021, 0.7125523182062002, 0.8000941090285778, 0.832686576414644, 0.743728917958785, 0.7603250865705286, 0.7984858357285983, 0.8026461531025495], 'per-client-num-examples': [178, 312, 512, 445, 245, 578, 711, 645]}
[92mINFO [0m:      Global evaluation
[92mINFO [0m:      	└──> MetricRecord: {'loss': 0.7883045153617859, 'accuracy': 0.667, 'f1': 0.6503009297551549, 'precision': 0.7120597233117023, 'auc': 0.8924011666666667}
[92mINFO [0m:      
[92mINFO [0m:      [ROUND 6/20]
[92mINFO [0m:      configure_train: Sampled 8 nodes (out of 8)
[36m(ClientAppActor pid=2083)[0m /usr/lib/python3.12/multiprocessing/popen_fork.py:66: DeprecationWarning: This process (pid=2083) is multi-threaded, use of fork() may lead to deadlocks in the child.[32m [repeated 8x across cluster][0m
[36m(ClientAppActor pid=2083)[0m   self.pid = os.fork()[32m [repeated 8x across cluster][0m
[92mINFO [0m:      aggregate_train: Received 8 results and 0 failures
[92mINFO [0m:      aggregate_fit: parameters are clipped by value: 5.0000.
[92mINFO [0m:      aggregate_fit: parameters are clipped by value: 5.0000.
[92mINFO [0m:      aggregate_fit: parameters are clipped by value: 5.0000.
[92mINFO [0m:      aggregate_fit: parameters are clipped by value: 5.0000.
[92mINFO [0m:      aggregate_fit: parameters are clipped by value: 5.0000.
[92mINFO [0m:      aggregate_fit: parameters are clipped by value: 5.0000.
[92mINFO [0m:      aggregate_fit: parameters are clipped by value: 5.0000.
[92mINFO [0m:      aggregate_fit: parameters are clipped by value: 5.0000.
[92mINFO [0m:      aggregate_train: Received 8 results and 0 failures
[92mINFO [0m:      aggregate_fit: central DP noise with 0.0312 stdev added
[92mINFO [0m:      	└──> Aggregated MetricRecord: {'train_loss': 0.34302753821648024, 'train_loss_mean': 0.4967948707328157, 'client-ids': [0, 1, 2, 3, 4, 5, 6, 7], 'per-client-num-examples': [711, 1244, 2044, 1777, 977, 2311, 2844, 2577], 'per-client-train_loss': [0.3368003545473061, 0.34962791166121554, 0.32899503284471143, 0.3173467839575914, 0.31104577902395625, 0.34748113708597195, 0.3431657373737518, 0.3783766564399548], 'per-client-train_loss_mean': [0.5283018695947658, 0.5154632277427378, 0.48859108041993793, 0.47824752585701413, 0.506884431509547, 0.5045625384856693, 0.48704265084447745, 0.49835831630493627], 'dp-client-ids': [0, 1, 2, 3, 4, 5, 6, 7], 'dp-update-norms-before-clipping': [5.113993352587606, 6.540638542662521, 8.285239330883856, 7.676465584691, 5.8537385049869854, 8.601795041613471, 9.78428279438729, 9.743359998319155], 'dp-client-clipped': [1, 1, 1, 1, 1, 1, 1, 1], 'dp-num-clients-clipped': 8, 'dp-fraction-clipped': 1.0, 'dp-signal-update-norm': 2.3429515003691135, 'dp-parameter-count': 226596, 'dp-expected-noise-l2-norm': 14.87565649811799, 'dp-noise-to-signal-ratio': 6.3491098709360605, 'dp-noise-percent-of-signal': 634.9109870936061, 'global-dp-noise-stdv': 0.03125}
[92mINFO [0m:      configure_evaluate: Sampled 8 nodes (out of 8)
[92mINFO [0m:      aggregate_evaluate: Received 8 results and 0 failures
[92mINFO [0m:      	└──> Aggregated MetricRecord: {'eval_loss': 0.7449758244823238, 'eval_acc': 0.6930501930501931, 'client-ids': [0, 1, 2, 3, 4, 5, 6, 7], 'per-client-eval_acc': [0.6460674157303371, 0.6794871794871795, 0.689453125, 0.6561797752808989, 0.7183673469387755, 0.7145328719723183, 0.7032348804500703, 0.7007751937984497], 'per-client-eval_loss': [0.8397453286674585, 0.755625076783009, 0.7730971202254295, 0.79105992906549, 0.7187741415841239, 0.6929510712211108, 0.7507261472076974, 0.709788493962251], 'per-client-num-examples': [178, 312, 512, 445, 245, 578, 711, 645]}
[92mINFO [0m:      Global evaluation
[92mINFO [0m:      	└──> MetricRecord: {'loss': 0.7122147250175476, 'accuracy': 0.702, 'f1': 0.7080379499080957, 'precision': 0.7319460414485462, 'auc': 0.9147360833333333}
[92mINFO [0m:      
[92mINFO [0m:      [ROUND 7/20]
[92mINFO [0m:      configure_train: Sampled 8 nodes (out of 8)
[36m(ClientAppActor pid=2084)[0m /usr/lib/python3.12/multiprocessing/popen_fork.py:66: DeprecationWarning: This process (pid=2084) is multi-threaded, use of fork() may lead to deadlocks in the child.[32m [repeated 8x across cluster][0m
[36m(ClientAppActor pid=2084)[0m   self.pid = os.fork()[32m [repeated 8x across cluster][0m
[92mINFO [0m:      aggregate_train: Received 8 results and 0 failures
[92mINFO [0m:      aggregate_fit: parameters are clipped by value: 5.0000.
[92mINFO [0m:      aggregate_fit: parameters are clipped by value: 5.0000.
[92mINFO [0m:      aggregate_fit: parameters are clipped by value: 5.0000.
[92mINFO [0m:      aggregate_fit: parameters are clipped by value: 5.0000.
[92mINFO [0m:      aggregate_fit: parameters are clipped by value: 5.0000.
[92mINFO [0m:      aggregate_fit: parameters are clipped by value: 5.0000.
[92mINFO [0m:      aggregate_fit: parameters are clipped by value: 5.0000.
[92mINFO [0m:      aggregate_fit: parameters are clipped by value: 5.0000.
[92mINFO [0m:      aggregate_train: Received 8 results and 0 failures
[92mINFO [0m:      aggregate_fit: central DP noise with 0.0312 stdev added
[92mINFO [0m:      	└──> Aggregated MetricRecord: {'train_loss': 0.2707400819012162, 'train_loss_mean': 0.44260243603184923, 'client-ids': [0, 1, 2, 3, 4, 5, 6, 7], 'per-client-num-examples': [711, 1244, 2044, 1777, 977, 2311, 2844, 2577], 'per-client-train_loss': [0.27426237115209445, 0.26765541305879303, 0.28324631314338305, 0.23356622668820684, 0.3383536773334384, 0.264375068985606, 0.25019148641833105, 0.2897231832210251], 'per-client-train_loss_mean': [0.4757630915539509, 0.4460166871068562, 0.44679150112454435, 0.42685856651105974, 0.47299136004831066, 0.43963653048567314, 0.4336107366195711, 0.44040083523910545], 'dp-client-ids': [0, 1, 2, 3, 4, 5, 6, 7], 'dp-update-norms-before-clipping': [5.2247712776564805, 6.283044111711644, 8.190523936785475, 7.836916160498554, 5.865942941458507, 8.764416794307833, 9.639233157982494, 9.000570303636984], 'dp-client-clipped': [1, 1, 1, 1, 1, 1, 1, 1], 'dp-num-clients-clipped': 8, 'dp-fraction-clipped': 1.0, 'dp-signal-update-norm': 2.27800424812347, 'dp-parameter-count': 226596, 'dp-expected-noise-l2-norm': 14.87565649811799, 'dp-noise-to-signal-ratio': 6.53012675914541, 'dp-noise-percent-of-signal': 653.012675914541, 'global-dp-noise-stdv': 0.03125}
[92mINFO [0m:      configure_evaluate: Sampled 8 nodes (out of 8)
[92mINFO [0m:      aggregate_evaluate: Received 8 results and 0 failures
[92mINFO [0m:      	└──> Aggregated MetricRecord: {'eval_loss': 0.7054443221952267, 'eval_acc': 0.7277992277992278, 'client-ids': [0, 1, 2, 3, 4, 5, 6, 7], 'per-client-eval_acc': [0.6797752808988764, 0.7243589743589743, 0.716796875, 0.7191011235955056, 0.7224489795918367, 0.7560553633217993, 0.7257383966244726, 0.7364341085271318], 'per-client-eval_loss': [0.7808767115132192, 0.6687120902232635, 0.7199495807290077, 0.7910445738374517, 0.7233027088398836, 0.645337962361768, 0.6894533563766801, 0.6965302674345267], 'per-client-num-examples': [178, 312, 512, 445, 245, 578, 711, 645]}
[92mINFO [0m:      Global evaluation
[92mINFO [0m:      	└──> MetricRecord: {'loss': 0.6950377197265625, 'accuracy': 0.727, 'f1': 0.7289469113584226, 'precision': 0.7472197260182405, 'auc': 0.9206222500000001}
[92mINFO [0m:      
[92mINFO [0m:      [ROUND 8/20]
[92mINFO [0m:      configure_train: Sampled 8 nodes (out of 8)
[36m(ClientAppActor pid=2086)[0m /usr/lib/python3.12/multiprocessing/popen_fork.py:66: DeprecationWarning: This process (pid=2086) is multi-threaded, use of fork() may lead to deadlocks in the child.[32m [repeated 8x across cluster][0m
[36m(ClientAppActor pid=2086)[0m   self.pid = os.fork()[32m [repeated 8x across cluster][0m
[92mINFO [0m:      aggregate_train: Received 8 results and 0 failures
[92mINFO [0m:      aggregate_fit: parameters are clipped by value: 5.0000.
[92mINFO [0m:      aggregate_fit: parameters are clipped by value: 5.0000.
[92mINFO [0m:      aggregate_fit: parameters are clipped by value: 5.0000.
[92mINFO [0m:      aggregate_fit: parameters are clipped by value: 5.0000.
[92mINFO [0m:      aggregate_fit: parameters are clipped by value: 5.0000.
[92mINFO [0m:      aggregate_fit: parameters are clipped by value: 5.0000.
[92mINFO [0m:      aggregate_fit: parameters are clipped by value: 5.0000.
[92mINFO [0m:      aggregate_fit: parameters are clipped by value: 5.0000.
[92mINFO [0m:      aggregate_train: Received 8 results and 0 failures
[92mINFO [0m:      aggregate_fit: central DP noise with 0.0312 stdev added
[92mINFO [0m:      	└──> Aggregated MetricRecord: {'train_loss': 0.21243527967394077, 'train_loss_mean': 0.38931916156677604, 'client-ids': [0, 1, 2, 3, 4, 5, 6, 7], 'per-client-num-examples': [711, 1244, 2044, 1777, 977, 2311, 2844, 2577], 'per-client-train_loss': [0.22467899073109177, 0.23350882683536248, 0.1823531514627826, 0.18583776391350826, 0.1950205126005161, 0.228719936594309, 0.2250632978294637, 0.21914742014460847], 'per-client-train_loss_mean': [0.43483738520728893, 0.40439822833829375, 0.37576872364648867, 0.3769806788906195, 0.4224393774781037, 0.39469868771857586, 0.3796162765593636, 0.38206469196310144], 'dp-client-ids': [0, 1, 2, 3, 4, 5, 6, 7], 'dp-update-norms-before-clipping': [5.034310101487233, 6.315373298801715, 7.921499007837434, 7.29304695716153, 5.8794881682022275, 8.62130177679599, 9.358333448552898, 9.048796698178045], 'dp-client-clipped': [1, 1, 1, 1, 1, 1, 1, 1], 'dp-num-clients-clipped': 8, 'dp-fraction-clipped': 1.0, 'dp-signal-update-norm': 2.1806973632833215, 'dp-parameter-count': 226596, 'dp-expected-noise-l2-norm': 14.87565649811799, 'dp-noise-to-signal-ratio': 6.821513497737608, 'dp-noise-percent-of-signal': 682.1513497737609, 'global-dp-noise-stdv': 0.03125}
[92mINFO [0m:      configure_evaluate: Sampled 8 nodes (out of 8)
[92mINFO [0m:      aggregate_evaluate: Received 8 results and 0 failures
[92mINFO [0m:      	└──> Aggregated MetricRecord: {'eval_loss': 0.9810753614285739, 'eval_acc': 0.6685052399338114, 'client-ids': [0, 1, 2, 3, 4, 5, 6, 7], 'per-client-eval_acc': [0.6348314606741573, 0.6730769230769231, 0.640625, 0.6314606741573033, 0.6612244897959184, 0.6903114186851211, 0.6863572433192686, 0.6868217054263566], 'per-client-eval_loss': [1.0482744581243966, 0.9610841671625773, 1.0838021486997604, 1.0672642225629827, 0.9451010178546516, 0.8834635485414816, 0.9867237925361816, 0.9261032104492187], 'per-client-num-examples': [178, 312, 512, 445, 245, 578, 711, 645]}
[92mINFO [0m:      Global evaluation
[92mINFO [0m:      	└──> MetricRecord: {'loss': 0.972910313129425, 'accuracy': 0.68, 'f1': 0.6895878094049259, 'precision': 0.7447881608783864, 'auc': 0.8891608333333334}
[92mINFO [0m:      
[92mINFO [0m:      [ROUND 9/20]
[92mINFO [0m:      configure_train: Sampled 8 nodes (out of 8)
[36m(ClientAppActor pid=2086)[0m /usr/lib/python3.12/multiprocessing/popen_fork.py:66: DeprecationWarning: This process (pid=2086) is multi-threaded, use of fork() may lead to deadlocks in the child.[32m [repeated 8x across cluster][0m
[36m(ClientAppActor pid=2086)[0m   self.pid = os.fork()[32m [repeated 8x across cluster][0m
[92mINFO [0m:      aggregate_train: Received 8 results and 0 failures
[92mINFO [0m:      aggregate_fit: parameters are clipped by value: 5.0000.
[92mINFO [0m:      aggregate_fit: parameters are clipped by value: 5.0000.
[92mINFO [0m:      aggregate_fit: parameters are clipped by value: 5.0000.
[92mINFO [0m:      aggregate_fit: parameters are clipped by value: 5.0000.
[92mINFO [0m:      aggregate_fit: parameters are clipped by value: 5.0000.
[92mINFO [0m:      aggregate_fit: parameters are clipped by value: 5.0000.
[92mINFO [0m:      aggregate_fit: parameters are clipped by value: 5.0000.
[92mINFO [0m:      aggregate_fit: parameters are clipped by value: 5.0000.
[92mINFO [0m:      aggregate_train: Received 8 results and 0 failures
[92mINFO [0m:      aggregate_fit: central DP noise with 0.0312 stdev added
[92mINFO [0m:      	└──> Aggregated MetricRecord: {'train_loss': 0.18386625484876853, 'train_loss_mean': 0.36233578199394045, 'client-ids': [0, 1, 2, 3, 4, 5, 6, 7], 'per-client-num-examples': [711, 1244, 2044, 1777, 977, 2311, 2844, 2577], 'per-client-train_loss': [0.18749450152391456, 0.1658762555892828, 0.17836028229583734, 0.1659781575689305, 0.17161313614435303, 0.18054036965834688, 0.20869872820695912, 0.1884743634540534], 'per-client-train_loss_mean': [0.4307307340236153, 0.3698823585770904, 0.3523522863999272, 0.342989010753327, 0.38483170362431535, 0.37059865390445856, 0.35435148327494803, 0.3539547414293019], 'dp-client-ids': [0, 1, 2, 3, 4, 5, 6, 7], 'dp-update-norms-before-clipping': [4.811053531896427, 6.139273773802606, 7.779539311240754, 7.303090924145949, 5.675034919595774, 8.295686854210409, 9.250565787035361, 8.916371009566847], 'dp-client-clipped': [0, 1, 1, 1, 1, 1, 1, 1], 'dp-num-clients-clipped': 7, 'dp-fraction-clipped': 0.875, 'dp-signal-update-norm': 2.1116059406298837, 'dp-parameter-count': 226596, 'dp-expected-noise-l2-norm': 14.87565649811799, 'dp-noise-to-signal-ratio': 7.044712373597813, 'dp-noise-percent-of-signal': 704.4712373597813, 'global-dp-noise-stdv': 0.03125}
[92mINFO [0m:      configure_evaluate: Sampled 8 nodes (out of 8)
[92mINFO [0m:      aggregate_evaluate: Received 8 results and 0 failures
[92mINFO [0m:      	└──> Aggregated MetricRecord: {'eval_loss': 0.8671115938629554, 'eval_acc': 0.7038058466629895, 'client-ids': [0, 1, 2, 3, 4, 5, 6, 7], 'per-client-eval_acc': [0.6797752808988764, 0.6602564102564102, 0.68359375, 0.6966292134831461, 0.7387755102040816, 0.7370242214532872, 0.720112517580872, 0.6914728682170542], 'per-client-eval_loss': [0.9194488846853878, 0.9732506641974816, 0.9082631319761276, 0.8340369128109364, 0.7698970638975805, 0.79051952791049, 0.8753483855439306, 0.8879621875378513], 'per-client-num-examples': [178, 312, 512, 445, 245, 578, 711, 645]}
[92mINFO [0m:      Global evaluation
[92mINFO [0m:      	└──> MetricRecord: {'loss': 0.9276820945739747, 'accuracy': 0.6965, 'f1': 0.6941181357261847, 'precision': 0.735419004334047, 'auc': 0.8997325833333334}
[92mINFO [0m:      
[92mINFO [0m:      [ROUND 10/20]
[92mINFO [0m:      configure_train: Sampled 8 nodes (out of 8)
[36m(ClientAppActor pid=2083)[0m /usr/lib/python3.12/multiprocessing/popen_fork.py:66: DeprecationWarning: This process (pid=2083) is multi-threaded, use of fork() may lead to deadlocks in the child.[32m [repeated 8x across cluster][0m
[36m(ClientAppActor pid=2083)[0m   self.pid = os.fork()[32m [repeated 8x across cluster][0m
[92mINFO [0m:      aggregate_train: Received 8 results and 0 failures
[92mINFO [0m:      aggregate_fit: parameters are clipped by value: 5.0000.
[92mINFO [0m:      aggregate_fit: parameters are clipped by value: 5.0000.
[92mINFO [0m:      aggregate_fit: parameters are clipped by value: 5.0000.
[92mINFO [0m:      aggregate_fit: parameters are clipped by value: 5.0000.
[92mINFO [0m:      aggregate_fit: parameters are clipped by value: 5.0000.
[92mINFO [0m:      aggregate_fit: parameters are clipped by value: 5.0000.
[92mINFO [0m:      aggregate_fit: parameters are clipped by value: 5.0000.
[92mINFO [0m:      aggregate_fit: parameters are clipped by value: 5.0000.
[92mINFO [0m:      aggregate_train: Received 8 results and 0 failures
[92mINFO [0m:      aggregate_fit: central DP noise with 0.0312 stdev added
[92mINFO [0m:      	└──> Aggregated MetricRecord: {'train_loss': 0.1468563732640637, 'train_loss_mean': 0.3210461211925669, 'client-ids': [0, 1, 2, 3, 4, 5, 6, 7], 'per-client-num-examples': [711, 1244, 2044, 1777, 977, 2311, 2844, 2577], 'per-client-train_loss': [0.1661555198467901, 0.12843374146142572, 0.1321166006961214, 0.13174461882370672, 0.15912037458701656, 0.1594902730346603, 0.15558604366354298, 0.14692299694782734], 'per-client-train_loss_mean': [0.379772323666536, 0.3472367028043968, 0.31276222121575575, 0.3028424216234154, 0.37038557865145016, 0.31837402281533944, 0.3030762350226002, 0.3148458021714977], 'dp-client-ids': [0, 1, 2, 3, 4, 5, 6, 7], 'dp-update-norms-before-clipping': [4.801037710931902, 6.017563793018096, 7.631582019886131, 7.063783701547469, 5.297158885907487, 8.321471021199937, 9.114470796093611, 8.417750234035914], 'dp-client-clipped': [0, 1, 1, 1, 1, 1, 1, 1], 'dp-num-clients-clipped': 7, 'dp-fraction-clipped': 0.875, 'dp-signal-update-norm': 2.0754606133029174, 'dp-parameter-count': 226596, 'dp-expected-noise-l2-norm': 14.87565649811799, 'dp-noise-to-signal-ratio': 7.167400047377753, 'dp-noise-percent-of-signal': 716.7400047377754, 'global-dp-noise-stdv': 0.03125}
[92mINFO [0m:      configure_evaluate: Sampled 8 nodes (out of 8)
[92mINFO [0m:      aggregate_evaluate: Received 8 results and 0 failures
[92mINFO [0m:      	└──> Aggregated MetricRecord: {'eval_loss': 1.084635263178405, 'eval_acc': 0.6536127964699393, 'client-ids': [0, 1, 2, 3, 4, 5, 6, 7], 'per-client-eval_acc': [0.601123595505618, 0.6314102564102564, 0.642578125, 0.6831460674157304, 0.6938775510204082, 0.6384083044982699, 0.6666666666666666, 0.6511627906976745], 'per-client-eval_loss': [1.1791586929492737, 1.0851266812055538, 1.1142047569155693, 0.9954167098141788, 0.9307740736980827, 1.1411958483263696, 1.0895032611074327, 1.0987856650537298], 'per-client-num-examples': [178, 312, 512, 445, 245, 578, 711, 645]}
[92mINFO [0m:      Global evaluation
[92mINFO [0m:      	└──> MetricRecord: {'loss': 1.0511874766349794, 'accuracy': 0.6665, 'f1': 0.6561156497088994, 'precision': 0.7077123559461288, 'auc': 0.8836534166666667}
[92mINFO [0m:      
[92mINFO [0m:      [ROUND 11/20]
[92mINFO [0m:      configure_train: Sampled 8 nodes (out of 8)
[36m(ClientAppActor pid=2083)[0m /usr/lib/python3.12/multiprocessing/popen_fork.py:66: DeprecationWarning: This process (pid=2083) is multi-threaded, use of fork() may lead to deadlocks in the child.[32m [repeated 8x across cluster][0m
[36m(ClientAppActor pid=2083)[0m   self.pid = os.fork()[32m [repeated 8x across cluster][0m
[92mINFO [0m:      aggregate_train: Received 8 results and 0 failures
[92mINFO [0m:      aggregate_fit: parameters are clipped by value: 5.0000.
[92mINFO [0m:      aggregate_fit: parameters are clipped by value: 5.0000.
[92mINFO [0m:      aggregate_fit: parameters are clipped by value: 5.0000.
[92mINFO [0m:      aggregate_fit: parameters are clipped by value: 5.0000.
[92mINFO [0m:      aggregate_fit: parameters are clipped by value: 5.0000.
[92mINFO [0m:      aggregate_fit: parameters are clipped by value: 5.0000.
[92mINFO [0m:      aggregate_fit: parameters are clipped by value: 5.0000.
[92mINFO [0m:      aggregate_fit: parameters are clipped by value: 5.0000.
[92mINFO [0m:      aggregate_train: Received 8 results and 0 failures
[92mINFO [0m:      aggregate_fit: central DP noise with 0.0312 stdev added
[92mINFO [0m:      	└──> Aggregated MetricRecord: {'train_loss': 0.13083113618992326, 'train_loss_mean': 0.31055881838429006, 'client-ids': [0, 1, 2, 3, 4, 5, 6, 7], 'per-client-num-examples': [711, 1244, 2044, 1777, 977, 2311, 2844, 2577], 'per-client-train_loss': [0.15243254696266562, 0.1299908674319074, 0.11316917416750802, 0.11422391323247987, 0.17095917559389937, 0.11750485324826734, 0.13322280190162014, 0.14483533678796803], 'per-client-train_loss_mean': [0.3725608857958964, 0.32759672511620536, 0.31280391794828055, 0.2910977925977381, 0.35250156223773954, 0.3078728780218117, 0.29023403085233795, 0.30580424973217146], 'dp-client-ids': [0, 1, 2, 3, 4, 5, 6, 7], 'dp-update-norms-before-clipping': [4.707281484989043, 5.918745592041012, 7.62423436954794, 7.049428786994699, 5.5768306308658655, 8.087415334413091, 8.656185907285524, 8.323115886111461], 'dp-client-clipped': [0, 1, 1, 1, 1, 1, 1, 1], 'dp-num-clients-clipped': 7, 'dp-fraction-clipped': 0.875, 'dp-signal-update-norm': 2.0466875942692173, 'dp-parameter-count': 226596, 'dp-expected-noise-l2-norm': 14.87565649811799, 'dp-noise-to-signal-ratio': 7.2681617554971485, 'dp-noise-percent-of-signal': 726.8161755497149, 'global-dp-noise-stdv': 0.03125}
[92mINFO [0m:      configure_evaluate: Sampled 8 nodes (out of 8)
[92mINFO [0m:      aggregate_evaluate: Received 8 results and 0 failures
[92mINFO [0m:      	└──> Aggregated MetricRecord: {'eval_loss': 1.0899581074122888, 'eval_acc': 0.6731936017650303, 'client-ids': [0, 1, 2, 3, 4, 5, 6, 7], 'per-client-eval_acc': [0.6573033707865169, 0.6634615384615384, 0.67578125, 0.7168539325842697, 0.689795918367347, 0.6764705882352942, 0.6624472573839663, 0.6527131782945736], 'per-client-eval_loss': [1.159841269589542, 1.0307408907474616, 1.0822736993432045, 0.9092041251364719, 1.1062432581064652, 1.1478587624110979, 1.1308354043759374, 1.1269911448160808], 'per-client-num-examples': [178, 312, 512, 445, 245, 578, 711, 645]}
[92mINFO [0m:      Global evaluation
[92mINFO [0m:      	└──> MetricRecord: {'loss': 1.0984595656394958, 'accuracy': 0.6845, 'f1': 0.6728220954209106, 'precision': 0.7066990478088537, 'auc': 0.8928965833333334}
[92mINFO [0m:      
[92mINFO [0m:      [ROUND 12/20]
[92mINFO [0m:      configure_train: Sampled 8 nodes (out of 8)
[36m(ClientAppActor pid=2083)[0m /usr/lib/python3.12/multiprocessing/popen_fork.py:66: DeprecationWarning: This process (pid=2083) is multi-threaded, use of fork() may lead to deadlocks in the child.[32m [repeated 8x across cluster][0m
[36m(ClientAppActor pid=2083)[0m   self.pid = os.fork()[32m [repeated 8x across cluster][0m
[92mINFO [0m:      aggregate_train: Received 8 results and 0 failures
[92mINFO [0m:      aggregate_fit: parameters are clipped by value: 5.0000.
[92mINFO [0m:      aggregate_fit: parameters are clipped by value: 5.0000.
[92mINFO [0m:      aggregate_fit: parameters are clipped by value: 5.0000.
[92mINFO [0m:      aggregate_fit: parameters are clipped by value: 5.0000.
[92mINFO [0m:      aggregate_fit: parameters are clipped by value: 5.0000.
[92mINFO [0m:      aggregate_fit: parameters are clipped by value: 5.0000.
[92mINFO [0m:      aggregate_fit: parameters are clipped by value: 5.0000.
[92mINFO [0m:      aggregate_fit: parameters are clipped by value: 5.0000.
[92mINFO [0m:      aggregate_train: Received 8 results and 0 failures
[92mINFO [0m:      aggregate_fit: central DP noise with 0.0312 stdev added
[92mINFO [0m:      	└──> Aggregated MetricRecord: {'train_loss': 0.1301141122179244, 'train_loss_mean': 0.2824083586952472, 'client-ids': [0, 1, 2, 3, 4, 5, 6, 7], 'per-client-num-examples': [711, 1244, 2044, 1777, 977, 2311, 2844, 2577], 'per-client-train_loss': [0.10601528747591456, 0.10565669484843779, 0.12125917379753463, 0.12087694149344874, 0.13383159270184067, 0.12177385911442201, 0.15196520582616915, 0.1439174006833649], 'per-client-train_loss_mean': [0.3313829427655739, 0.3138021582000892, 0.278682226584149, 0.2644505619283684, 0.32794403006897493, 0.2919556302839365, 0.26337500356253024, 0.26425980202301463], 'dp-client-ids': [0, 1, 2, 3, 4, 5, 6, 7], 'dp-update-norms-before-clipping': [4.715892862576747, 6.029296060078589, 7.561563034686618, 6.7359940087476255, 5.429292103612, 8.05586478021702, 8.724549513853342, 8.236518052902104], 'dp-client-clipped': [0, 1, 1, 1, 1, 1, 1, 1], 'dp-num-clients-clipped': 7, 'dp-fraction-clipped': 0.875, 'dp-signal-update-norm': 2.0393208765552657, 'dp-parameter-count': 226596, 'dp-expected-noise-l2-norm': 14.87565649811799, 'dp-noise-to-signal-ratio': 7.294416817448227, 'dp-noise-percent-of-signal': 729.4416817448227, 'global-dp-noise-stdv': 0.03125}
[92mINFO [0m:      configure_evaluate: Sampled 8 nodes (out of 8)
[92mINFO [0m:      aggregate_evaluate: Received 8 results and 0 failures
[92mINFO [0m:      	└──> Aggregated MetricRecord: {'eval_loss': 0.8796304894361585, 'eval_acc': 0.7446221731936018, 'client-ids': [0, 1, 2, 3, 4, 5, 6, 7], 'per-client-eval_acc': [0.6797752808988764, 0.7564102564102564, 0.763671875, 0.7617977528089888, 0.7306122448979592, 0.7301038062283737, 0.7538677918424754, 0.737984496124031], 'per-client-eval_loss': [0.9319209998913025, 0.8591964978438157, 0.8064693752676249, 0.767206762078103, 1.0072715759277344, 0.9557151117951812, 0.8844904674927059, 0.888700755067574], 'per-client-num-examples': [178, 312, 512, 445, 245, 578, 711, 645]}
[92mINFO [0m:      Global evaluation
[92mINFO [0m:      	└──> MetricRecord: {'loss': 0.8989702839851379, 'accuracy': 0.7535, 'f1': 0.7499853691660172, 'precision': 0.7494956155245066, 'auc': 0.9254499166666666}
[92mINFO [0m:      
[92mINFO [0m:      [ROUND 13/20]
[92mINFO [0m:      configure_train: Sampled 8 nodes (out of 8)
[36m(ClientAppActor pid=2086)[0m /usr/lib/python3.12/multiprocessing/popen_fork.py:66: DeprecationWarning: This process (pid=2086) is multi-threaded, use of fork() may lead to deadlocks in the child.[32m [repeated 8x across cluster][0m
[36m(ClientAppActor pid=2086)[0m   self.pid = os.fork()[32m [repeated 8x across cluster][0m
[92mINFO [0m:      aggregate_train: Received 8 results and 0 failures
[92mINFO [0m:      aggregate_fit: parameters are clipped by value: 5.0000.
[92mINFO [0m:      aggregate_fit: parameters are clipped by value: 5.0000.
[92mINFO [0m:      aggregate_fit: parameters are clipped by value: 5.0000.
[92mINFO [0m:      aggregate_fit: parameters are clipped by value: 5.0000.
[92mINFO [0m:      aggregate_fit: parameters are clipped by value: 5.0000.
[92mINFO [0m:      aggregate_fit: parameters are clipped by value: 5.0000.
[92mINFO [0m:      aggregate_fit: parameters are clipped by value: 5.0000.
[92mINFO [0m:      aggregate_fit: parameters are clipped by value: 5.0000.
[92mINFO [0m:      aggregate_train: Received 8 results and 0 failures
[92mINFO [0m:      aggregate_fit: central DP noise with 0.0312 stdev added
[92mINFO [0m:      	└──> Aggregated MetricRecord: {'train_loss': 0.11717832296746593, 'train_loss_mean': 0.2760196471515648, 'client-ids': [0, 1, 2, 3, 4, 5, 6, 7], 'per-client-num-examples': [711, 1244, 2044, 1777, 977, 2311, 2844, 2577], 'per-client-train_loss': [0.12425361827288331, 0.09444696314848504, 0.11804756587061396, 0.09100608127039675, 0.08948685290976337, 0.12091372000965907, 0.1524794396699397, 0.1117473200316294], 'per-client-train_loss_mean': [0.3529812880918782, 0.3075362981803164, 0.26364177718117043, 0.2550141928487939, 0.32064808122623056, 0.2731941613546814, 0.25770137579757957, 0.26970435776218316], 'dp-client-ids': [0, 1, 2, 3, 4, 5, 6, 7], 'dp-update-norms-before-clipping': [4.431813020207564, 5.574427024928233, 7.039142256808413, 6.475917890578988, 4.997464455485474, 7.6364574238322165, 8.279127200707768, 7.790016681871528], 'dp-client-clipped': [0, 1, 1, 1, 0, 1, 1, 1], 'dp-num-clients-clipped': 6, 'dp-fraction-clipped': 0.75, 'dp-signal-update-norm': 2.0304418648552023, 'dp-parameter-count': 226596, 'dp-expected-noise-l2-norm': 14.87565649811799, 'dp-noise-to-signal-ratio': 7.326314904947463, 'dp-noise-percent-of-signal': 732.6314904947463, 'global-dp-noise-stdv': 0.03125}
[92mINFO [0m:      configure_evaluate: Sampled 8 nodes (out of 8)
[92mINFO [0m:      aggregate_evaluate: Received 8 results and 0 failures
[92mINFO [0m:      	└──> Aggregated MetricRecord: {'eval_loss': 0.8151879597288827, 'eval_acc': 0.7443463872035301, 'client-ids': [0, 1, 2, 3, 4, 5, 6, 7], 'per-client-eval_acc': [0.7134831460674157, 0.7339743589743589, 0.765625, 0.7528089887640449, 0.726530612244898, 0.759515570934256, 0.7285513361462729, 0.7457364341085271], 'per-client-eval_loss': [0.8801829520236241, 0.8190361108535376, 0.7679552640765905, 0.7309027725391174, 0.9030710804219149, 0.7672897507162655, 0.8648781266728869, 0.8457994453666746], 'per-client-num-examples': [178, 312, 512, 445, 245, 578, 711, 645]}
[92mINFO [0m:      Global evaluation
[92mINFO [0m:      	└──> MetricRecord: {'loss': 0.8688388843536377, 'accuracy': 0.746, 'f1': 0.7450066182275003, 'precision': 0.7477006599379817, 'auc': 0.9247824166666666}
[92mINFO [0m:      
[92mINFO [0m:      [ROUND 14/20]
[92mINFO [0m:      configure_train: Sampled 8 nodes (out of 8)
[36m(ClientAppActor pid=2083)[0m /usr/lib/python3.12/multiprocessing/popen_fork.py:66: DeprecationWarning: This process (pid=2083) is multi-threaded, use of fork() may lead to deadlocks in the child.[32m [repeated 8x across cluster][0m
[36m(ClientAppActor pid=2083)[0m   self.pid = os.fork()[32m [repeated 8x across cluster][0m
[92mINFO [0m:      aggregate_train: Received 8 results and 0 failures
[92mINFO [0m:      aggregate_fit: parameters are clipped by value: 5.0000.
[92mINFO [0m:      aggregate_fit: parameters are clipped by value: 5.0000.
[92mINFO [0m:      aggregate_fit: parameters are clipped by value: 5.0000.
[92mINFO [0m:      aggregate_fit: parameters are clipped by value: 5.0000.
[92mINFO [0m:      aggregate_fit: parameters are clipped by value: 5.0000.
[92mINFO [0m:      aggregate_fit: parameters are clipped by value: 5.0000.
[92mINFO [0m:      aggregate_fit: parameters are clipped by value: 5.0000.
[92mINFO [0m:      aggregate_fit: parameters are clipped by value: 5.0000.
[92mINFO [0m:      aggregate_train: Received 8 results and 0 failures
[92mINFO [0m:      aggregate_fit: central DP noise with 0.0312 stdev added
[92mINFO [0m:      	└──> Aggregated MetricRecord: {'train_loss': 0.10678174691104379, 'train_loss_mean': 0.26305760534762473, 'client-ids': [0, 1, 2, 3, 4, 5, 6, 7], 'per-client-num-examples': [711, 1244, 2044, 1777, 977, 2311, 2844, 2577], 'per-client-train_loss': [0.09722509620771462, 0.08889314941942117, 0.0965237221489214, 0.12851117937063058, 0.12161879659370121, 0.10186792011257892, 0.104236038464597, 0.11279744193460944], 'per-client-train_loss_mean': [0.35956961206578336, 0.3009011189989338, 0.2567476001620993, 0.25159358139378873, 0.31910254103317476, 0.25909606279690045, 0.23097409494849952, 0.24878386830897306], 'dp-client-ids': [0, 1, 2, 3, 4, 5, 6, 7], 'dp-update-norms-before-clipping': [4.345437895372138, 5.634389108716419, 6.962438022977633, 6.908991050880716, 5.140959474511917, 7.582433539942242, 7.907053299370689, 7.759380347461858], 'dp-client-clipped': [0, 1, 1, 1, 1, 1, 1, 1], 'dp-num-clients-clipped': 7, 'dp-fraction-clipped': 0.875, 'dp-signal-update-norm': 2.009018566083217, 'dp-parameter-count': 226596, 'dp-expected-noise-l2-norm': 14.87565649811799, 'dp-noise-to-signal-ratio': 7.404439535429269, 'dp-noise-percent-of-signal': 740.4439535429269, 'global-dp-noise-stdv': 0.03125}
[92mINFO [0m:      configure_evaluate: Sampled 8 nodes (out of 8)
[92mINFO [0m:      aggregate_evaluate: Received 8 results and 0 failures
[92mINFO [0m:      	└──> Aggregated MetricRecord: {'eval_loss': 1.0860128648624325, 'eval_acc': 0.704357418643133, 'client-ids': [0, 1, 2, 3, 4, 5, 6, 7], 'per-client-eval_acc': [0.7078651685393258, 0.6730769230769231, 0.705078125, 0.6966292134831461, 0.6938775510204082, 0.7231833910034602, 0.7116736990154712, 0.7023255813953488], 'per-client-eval_loss': [1.0692593006605513, 1.1664240482525947, 1.0805759765207767, 1.036022692048148, 1.08895622175567, 1.103045807577747, 1.0774207484034715, 1.0836345554322235], 'per-client-num-examples': [178, 312, 512, 445, 245, 578, 711, 645]}
[92mINFO [0m:      Global evaluation
[92mINFO [0m:      	└──> MetricRecord: {'loss': 1.1687263841629028, 'accuracy': 0.6965, 'f1': 0.6864339824642052, 'precision': 0.7118281839121652, 'auc': 0.8986125833333334}
[92mINFO [0m:      
[92mINFO [0m:      [ROUND 15/20]
[92mINFO [0m:      configure_train: Sampled 8 nodes (out of 8)
[36m(ClientAppActor pid=2089)[0m /usr/lib/python3.12/multiprocessing/popen_fork.py:66: DeprecationWarning: This process (pid=2089) is multi-threaded, use of fork() may lead to deadlocks in the child.[32m [repeated 8x across cluster][0m
[36m(ClientAppActor pid=2089)[0m   self.pid = os.fork()[32m [repeated 8x across cluster][0m
[92mINFO [0m:      aggregate_train: Received 8 results and 0 failures
[92mINFO [0m:      aggregate_fit: parameters are clipped by value: 5.0000.
[92mINFO [0m:      aggregate_fit: parameters are clipped by value: 5.0000.
[92mINFO [0m:      aggregate_fit: parameters are clipped by value: 5.0000.
[92mINFO [0m:      aggregate_fit: parameters are clipped by value: 5.0000.
[92mINFO [0m:      aggregate_fit: parameters are clipped by value: 5.0000.
[92mINFO [0m:      aggregate_fit: parameters are clipped by value: 5.0000.
[92mINFO [0m:      aggregate_fit: parameters are clipped by value: 5.0000.
[92mINFO [0m:      aggregate_fit: parameters are clipped by value: 5.0000.
[92mINFO [0m:      aggregate_train: Received 8 results and 0 failures
[92mINFO [0m:      aggregate_fit: central DP noise with 0.0312 stdev added
[92mINFO [0m:      	└──> Aggregated MetricRecord: {'train_loss': 0.09585477192762405, 'train_loss_mean': 0.26204290507365796, 'client-ids': [0, 1, 2, 3, 4, 5, 6, 7], 'per-client-num-examples': [711, 1244, 2044, 1777, 977, 2311, 2844, 2577], 'per-client-train_loss': [0.12211936751954289, 0.07909645374948189, 0.09476329721583313, 0.0691930989854847, 0.09615568811895599, 0.08471346834182017, 0.11654996021052118, 0.10298648689391773], 'per-client-train_loss_mean': [0.346251283631347, 0.29505725658926935, 0.2469222595751169, 0.2503863003216034, 0.3278235055388027, 0.25818212648804495, 0.2360239679509913, 0.2501417973659554], 'dp-client-ids': [0, 1, 2, 3, 4, 5, 6, 7], 'dp-update-norms-before-clipping': [4.542696607550661, 5.426202569391524, 6.869850906921828, 6.272901617079659, 5.219330414705615, 7.3344377175528965, 8.355177269798006, 7.724764431562044], 'dp-client-clipped': [0, 1, 1, 1, 1, 1, 1, 1], 'dp-num-clients-clipped': 7, 'dp-fraction-clipped': 0.875, 'dp-signal-update-norm': 2.0183724376288645, 'dp-parameter-count': 226596, 'dp-expected-noise-l2-norm': 14.87565649811799, 'dp-noise-to-signal-ratio': 7.370124671140255, 'dp-noise-percent-of-signal': 737.0124671140256, 'global-dp-noise-stdv': 0.03125}
[92mINFO [0m:      configure_evaluate: Sampled 8 nodes (out of 8)
[92mINFO [0m:      aggregate_evaluate: Received 8 results and 0 failures
[92mINFO [0m:      	└──> Aggregated MetricRecord: {'eval_loss': 1.040212999612208, 'eval_acc': 0.7118036403750689, 'client-ids': [0, 1, 2, 3, 4, 5, 6, 7], 'per-client-eval_acc': [0.7078651685393258, 0.6666666666666666, 0.705078125, 0.7280898876404495, 0.7591836734693878, 0.7145328719723183, 0.7116736990154712, 0.7085271317829457], 'per-client-eval_loss': [0.9794865940394026, 1.1157134557381654, 1.0387698262929916, 0.9431713211402465, 0.806822192912199, 1.110720813480628, 1.1223779831254532, 1.0234432902909065], 'per-client-num-examples': [178, 312, 512, 445, 245, 578, 711, 645]}
[92mINFO [0m:      Global evaluation
[92mINFO [0m:      	└──> MetricRecord: {'loss': 1.023999608039856, 'accuracy': 0.724, 'f1': 0.7210035104528812, 'precision': 0.7421422946052026, 'auc': 0.9132491666666666}
[92mINFO [0m:      
[92mINFO [0m:      [ROUND 16/20]
[92mINFO [0m:      configure_train: Sampled 8 nodes (out of 8)
[36m(ClientAppActor pid=2083)[0m /usr/lib/python3.12/multiprocessing/popen_fork.py:66: DeprecationWarning: This process (pid=2083) is multi-threaded, use of fork() may lead to deadlocks in the child.[32m [repeated 8x across cluster][0m
[36m(ClientAppActor pid=2083)[0m   self.pid = os.fork()[32m [repeated 8x across cluster][0m
[92mINFO [0m:      aggregate_train: Received 8 results and 0 failures
[92mINFO [0m:      aggregate_fit: parameters are clipped by value: 5.0000.
[92mINFO [0m:      aggregate_fit: parameters are clipped by value: 5.0000.
[92mINFO [0m:      aggregate_fit: parameters are clipped by value: 5.0000.
[92mINFO [0m:      aggregate_fit: parameters are clipped by value: 5.0000.
[92mINFO [0m:      aggregate_fit: parameters are clipped by value: 5.0000.
[92mINFO [0m:      aggregate_fit: parameters are clipped by value: 5.0000.
[92mINFO [0m:      aggregate_fit: parameters are clipped by value: 5.0000.
[92mINFO [0m:      aggregate_fit: parameters are clipped by value: 5.0000.
[92mINFO [0m:      aggregate_train: Received 8 results and 0 failures
[92mINFO [0m:      aggregate_fit: central DP noise with 0.0312 stdev added
[92mINFO [0m:      	└──> Aggregated MetricRecord: {'train_loss': 0.0995446178441032, 'train_loss_mean': 0.2561812613365679, 'client-ids': [0, 1, 2, 3, 4, 5, 6, 7], 'per-client-num-examples': [711, 1244, 2044, 1777, 977, 2311, 2844, 2577], 'per-client-train_loss': [0.1112702555755355, 0.10278405862414185, 0.0933026230389183, 0.09536370939428912, 0.08677243407026405, 0.10506326219043603, 0.08899299062149267, 0.11411775840423946], 'per-client-train_loss_mean': [0.3291867349679293, 0.32337612929451504, 0.25299793954887617, 0.2384396356691386, 0.29572875411721555, 0.2491609414706546, 0.224604458713959, 0.24451139578577688], 'dp-client-ids': [0, 1, 2, 3, 4, 5, 6, 7], 'dp-update-norms-before-clipping': [4.520900428886812, 5.6595247321246305, 6.986010660641476, 6.677832199639852, 5.1352592709797635, 7.465626516725256, 7.754010763042572, 8.080495650098081], 'dp-client-clipped': [0, 1, 1, 1, 1, 1, 1, 1], 'dp-num-clients-clipped': 7, 'dp-fraction-clipped': 0.875, 'dp-signal-update-norm': 2.0108514151910843, 'dp-parameter-count': 226596, 'dp-expected-noise-l2-norm': 14.87565649811799, 'dp-noise-to-signal-ratio': 7.397690543288803, 'dp-noise-percent-of-signal': 739.7690543288803, 'global-dp-noise-stdv': 0.03125}
[92mINFO [0m:      configure_evaluate: Sampled 8 nodes (out of 8)
[92mINFO [0m:      aggregate_evaluate: Received 8 results and 0 failures
[92mINFO [0m:      	└──> Aggregated MetricRecord: {'eval_loss': 0.8480101358279034, 'eval_acc': 0.7603419746276889, 'client-ids': [0, 1, 2, 3, 4, 5, 6, 7], 'per-client-eval_acc': [0.7303370786516854, 0.7692307692307693, 0.76171875, 0.7438202247191011, 0.7551020408163265, 0.7768166089965398, 0.7538677918424754, 0.7689922480620155], 'per-client-eval_loss': [0.9718199794212085, 0.8154535843775823, 0.9051164165139198, 0.8899874226430828, 0.8069905261604153, 0.7769949535185078, 0.8605309957861061, 0.82071623173795], 'per-client-num-examples': [178, 312, 512, 445, 245, 578, 711, 645]}
[92mINFO [0m:      Global evaluation
[92mINFO [0m:      	└──> MetricRecord: {'loss': 0.874468276977539, 'accuracy': 0.761, 'f1': 0.7612074906185496, 'precision': 0.7673881718298918, 'auc': 0.93293275}
[92mINFO [0m:      
[92mINFO [0m:      [ROUND 17/20]
[92mINFO [0m:      configure_train: Sampled 8 nodes (out of 8)
[36m(ClientAppActor pid=2085)[0m /usr/lib/python3.12/multiprocessing/popen_fork.py:66: DeprecationWarning: This process (pid=2085) is multi-threaded, use of fork() may lead to deadlocks in the child.[32m [repeated 8x across cluster][0m
[36m(ClientAppActor pid=2085)[0m   self.pid = os.fork()[32m [repeated 8x across cluster][0m
[92mINFO [0m:      aggregate_train: Received 8 results and 0 failures
[92mINFO [0m:      aggregate_fit: parameters are clipped by value: 5.0000.
[92mINFO [0m:      aggregate_fit: parameters are clipped by value: 5.0000.
[92mINFO [0m:      aggregate_fit: parameters are clipped by value: 5.0000.
[92mINFO [0m:      aggregate_fit: parameters are clipped by value: 5.0000.
[92mINFO [0m:      aggregate_fit: parameters are clipped by value: 5.0000.
[92mINFO [0m:      aggregate_fit: parameters are clipped by value: 5.0000.
[92mINFO [0m:      aggregate_fit: parameters are clipped by value: 5.0000.
[92mINFO [0m:      aggregate_fit: parameters are clipped by value: 5.0000.
[92mINFO [0m:      aggregate_train: Received 8 results and 0 failures
[92mINFO [0m:      aggregate_fit: central DP noise with 0.0312 stdev added
[92mINFO [0m:      	└──> Aggregated MetricRecord: {'train_loss': 0.09365866197170905, 'train_loss_mean': 0.24751675984250304, 'client-ids': [0, 1, 2, 3, 4, 5, 6, 7], 'per-client-num-examples': [711, 1244, 2044, 1777, 977, 2311, 2844, 2577], 'per-client-train_loss': [0.11078126899342665, 0.09394944897610275, 0.11305133367792035, 0.05795675487617596, 0.07249147059851561, 0.11426867367333017, 0.10408303703269207, 0.07606900018322917], 'per-client-train_loss_mean': [0.3557827472246649, 0.2790925235418645, 0.24730916486765073, 0.22068151589200008, 0.2876642138354991, 0.26510475129952993, 0.21518343352567296, 0.2257624931737555], 'dp-client-ids': [0, 1, 2, 3, 4, 5, 6, 7], 'dp-update-norms-before-clipping': [4.508944826516215, 5.77572307877042, 7.079419804466589, 6.205371527743828, 4.96626386946775, 7.6726335473283775, 7.930689043673516, 7.74353805106327], 'dp-client-clipped': [0, 1, 1, 1, 0, 1, 1, 1], 'dp-num-clients-clipped': 6, 'dp-fraction-clipped': 0.75, 'dp-signal-update-norm': 1.9978715293646763, 'dp-parameter-count': 226596, 'dp-expected-noise-l2-norm': 14.87565649811799, 'dp-noise-to-signal-ratio': 7.44575228160364, 'dp-noise-percent-of-signal': 744.575228160364, 'global-dp-noise-stdv': 0.03125}
[92mINFO [0m:      configure_evaluate: Sampled 8 nodes (out of 8)
[92mINFO [0m:      aggregate_evaluate: Received 8 results and 0 failures
[92mINFO [0m:      	└──> Aggregated MetricRecord: {'eval_loss': 0.9160148369562409, 'eval_acc': 0.7313844456701599, 'client-ids': [0, 1, 2, 3, 4, 5, 6, 7], 'per-client-eval_acc': [0.7134831460674157, 0.7275641025641025, 0.744140625, 0.701123595505618, 0.7510204081632653, 0.7370242214532872, 0.7313642756680732, 0.7364341085271318], 'per-client-eval_loss': [1.0183500011315507, 0.8803879909026318, 0.9217724520713091, 0.9601542312107729, 0.8708073129459303, 0.7982719530283786, 0.962808317272975, 0.9410862371903057], 'per-client-num-examples': [178, 312, 512, 445, 245, 578, 711, 645]}
[92mINFO [0m:      Global evaluation
[92mINFO [0m:      	└──> MetricRecord: {'loss': 0.9352549803256989, 'accuracy': 0.7385, 'f1': 0.7391284459420291, 'precision': 0.7460794366682273, 'auc': 0.9254539166666667}
[92mINFO [0m:      
[92mINFO [0m:      [ROUND 18/20]
[92mINFO [0m:      configure_train: Sampled 8 nodes (out of 8)
[36m(ClientAppActor pid=2088)[0m /usr/lib/python3.12/multiprocessing/popen_fork.py:66: DeprecationWarning: This process (pid=2088) is multi-threaded, use of fork() may lead to deadlocks in the child.[32m [repeated 8x across cluster][0m
[36m(ClientAppActor pid=2088)[0m   self.pid = os.fork()[32m [repeated 8x across cluster][0m
[92mINFO [0m:      aggregate_train: Received 8 results and 0 failures
[92mINFO [0m:      aggregate_fit: parameters are clipped by value: 5.0000.
[92mINFO [0m:      aggregate_fit: parameters are clipped by value: 5.0000.
[92mINFO [0m:      aggregate_fit: parameters are clipped by value: 5.0000.
[92mINFO [0m:      aggregate_fit: parameters are clipped by value: 5.0000.
[92mINFO [0m:      aggregate_fit: parameters are clipped by value: 5.0000.
[92mINFO [0m:      aggregate_fit: parameters are clipped by value: 5.0000.
[92mINFO [0m:      aggregate_fit: parameters are clipped by value: 5.0000.
[92mINFO [0m:      aggregate_fit: parameters are clipped by value: 5.0000.
[92mINFO [0m:      aggregate_train: Received 8 results and 0 failures
[92mINFO [0m:      aggregate_fit: central DP noise with 0.0312 stdev added
[92mINFO [0m:      	└──> Aggregated MetricRecord: {'train_loss': 0.10086903010125628, 'train_loss_mean': 0.24837587828258317, 'client-ids': [0, 1, 2, 3, 4, 5, 6, 7], 'per-client-num-examples': [711, 1244, 2044, 1777, 977, 2311, 2844, 2577], 'per-client-train_loss': [0.11334195860914373, 0.12073164933939072, 0.09530541814003439, 0.07586504448022846, 0.08263481444199718, 0.09207146963784056, 0.10983587068187285, 0.11440067585784656], 'per-client-train_loss_mean': [0.3913568079775479, 0.2873553641547727, 0.23393769341643073, 0.2242720191316133, 0.29432437613286166, 0.25911872879263903, 0.21211628340100858, 0.2311458294095922], 'dp-client-ids': [0, 1, 2, 3, 4, 5, 6, 7], 'dp-update-norms-before-clipping': [4.474133253713111, 5.7227987811362695, 6.601577429177023, 6.297876842530283, 4.838639829442941, 7.528104184121973, 7.848626276927071, 7.669708402909657], 'dp-client-clipped': [0, 1, 1, 1, 0, 1, 1, 1], 'dp-num-clients-clipped': 6, 'dp-fraction-clipped': 0.75, 'dp-signal-update-norm': 1.990568619763095, 'dp-parameter-count': 226596, 'dp-expected-noise-l2-norm': 14.87565649811799, 'dp-noise-to-signal-ratio': 7.473068926349496, 'dp-noise-percent-of-signal': 747.3068926349497, 'global-dp-noise-stdv': 0.03125}
[92mINFO [0m:      configure_evaluate: Sampled 8 nodes (out of 8)
[92mINFO [0m:      aggregate_evaluate: Received 8 results and 0 failures
[92mINFO [0m:      	└──> Aggregated MetricRecord: {'eval_loss': 1.0187687547050388, 'eval_acc': 0.7327633756205185, 'client-ids': [0, 1, 2, 3, 4, 5, 6, 7], 'per-client-eval_acc': [0.6910112359550562, 0.7467948717948718, 0.75, 0.7213483146067415, 0.7510204081632653, 0.7387543252595156, 0.7271448663853727, 0.7255813953488373], 'per-client-eval_loss': [1.3035200097587671, 0.9056842999580579, 1.0406531170010567, 1.0261086474643664, 0.9619672269237285, 1.004354344107288, 0.9988819922408306, 1.0288663864135743], 'per-client-num-examples': [178, 312, 512, 445, 245, 578, 711, 645]}
[92mINFO [0m:      Global evaluation
[92mINFO [0m:      	└──> MetricRecord: {'loss': 1.0049328430891038, 'accuracy': 0.7425, 'f1': 0.7415266360254881, 'precision': 0.7414154104956904, 'auc': 0.9270386666666666}
[92mINFO [0m:      
[92mINFO [0m:      [ROUND 19/20]
[92mINFO [0m:      configure_train: Sampled 8 nodes (out of 8)
[36m(ClientAppActor pid=2088)[0m /usr/lib/python3.12/multiprocessing/popen_fork.py:66: DeprecationWarning: This process (pid=2088) is multi-threaded, use of fork() may lead to deadlocks in the child.[32m [repeated 8x across cluster][0m
[36m(ClientAppActor pid=2088)[0m   self.pid = os.fork()[32m [repeated 8x across cluster][0m
[92mINFO [0m:      aggregate_train: Received 8 results and 0 failures
[92mINFO [0m:      aggregate_fit: parameters are clipped by value: 5.0000.
[92mINFO [0m:      aggregate_fit: parameters are clipped by value: 5.0000.
[92mINFO [0m:      aggregate_fit: parameters are clipped by value: 5.0000.
[92mINFO [0m:      aggregate_fit: parameters are clipped by value: 5.0000.
[92mINFO [0m:      aggregate_fit: parameters are clipped by value: 5.0000.
[92mINFO [0m:      aggregate_fit: parameters are clipped by value: 5.0000.
[92mINFO [0m:      aggregate_fit: parameters are clipped by value: 5.0000.
[92mINFO [0m:      aggregate_fit: parameters are clipped by value: 5.0000.
[92mINFO [0m:      aggregate_train: Received 8 results and 0 failures
[92mINFO [0m:      aggregate_fit: central DP noise with 0.0312 stdev added
[92mINFO [0m:      	└──> Aggregated MetricRecord: {'train_loss': 0.09705156771723962, 'train_loss_mean': 0.24423020536853482, 'client-ids': [0, 1, 2, 3, 4, 5, 6, 7], 'per-client-num-examples': [711, 1244, 2044, 1777, 977, 2311, 2844, 2577], 'per-client-train_loss': [0.12384650586945765, 0.0804415146350094, 0.09239433285891427, 0.10818768244448443, 0.06964150916865075, 0.09911186388951264, 0.10605660356507858, 0.09229804733880138], 'per-client-train_loss_mean': [0.3909727070821153, 0.2812627152662569, 0.23916347759635484, 0.2298045451994451, 0.2883129950662352, 0.23447273884892258, 0.20734205198501737, 0.23258059592754932], 'dp-client-ids': [0, 1, 2, 3, 4, 5, 6, 7], 'dp-update-norms-before-clipping': [4.487936962072864, 5.605134017303298, 6.843864315117845, 6.450684494166225, 5.075279511252407, 7.460948487078126, 8.010387205244138, 7.728764822240391], 'dp-client-clipped': [0, 1, 1, 1, 1, 1, 1, 1], 'dp-num-clients-clipped': 7, 'dp-fraction-clipped': 0.875, 'dp-signal-update-norm': 1.9956317760378568, 'dp-parameter-count': 226596, 'dp-expected-noise-l2-norm': 14.87565649811799, 'dp-noise-to-signal-ratio': 7.4541088575229235, 'dp-noise-percent-of-signal': 745.4108857522924, 'global-dp-noise-stdv': 0.03125}
[92mINFO [0m:      configure_evaluate: Sampled 8 nodes (out of 8)
[92mINFO [0m:      aggregate_evaluate: Received 8 results and 0 failures
[92mINFO [0m:      	└──> Aggregated MetricRecord: {'eval_loss': 1.2643850704483481, 'eval_acc': 0.7118036403750689, 'client-ids': [0, 1, 2, 3, 4, 5, 6, 7], 'per-client-eval_acc': [0.6741573033707865, 0.7275641025641025, 0.693359375, 0.7123595505617978, 0.710204081632653, 0.745674740484429, 0.69901547116737, 0.7131782945736435], 'per-client-eval_loss': [1.3813710909211234, 1.1613250084412403, 1.501612275838852, 1.300459280978428, 1.1306702750069755, 1.063130813486436, 1.3105938089212452, 1.2489564614702564], 'per-client-num-examples': [178, 312, 512, 445, 245, 578, 711, 645]}
[92mINFO [0m:      Global evaluation
[92mINFO [0m:      	└──> MetricRecord: {'loss': 1.3074191966056823, 'accuracy': 0.7145, 'f1': 0.7198677524447065, 'precision': 0.7428298506766913, 'auc': 0.9064106666666666}
[92mINFO [0m:      
[92mINFO [0m:      [ROUND 20/20]
[92mINFO [0m:      configure_train: Sampled 8 nodes (out of 8)
[36m(ClientAppActor pid=2086)[0m /usr/lib/python3.12/multiprocessing/popen_fork.py:66: DeprecationWarning: This process (pid=2086) is multi-threaded, use of fork() may lead to deadlocks in the child.[32m [repeated 8x across cluster][0m
[36m(ClientAppActor pid=2086)[0m   self.pid = os.fork()[32m [repeated 8x across cluster][0m
[92mINFO [0m:      aggregate_train: Received 8 results and 0 failures
[92mINFO [0m:      aggregate_fit: parameters are clipped by value: 5.0000.
[92mINFO [0m:      aggregate_fit: parameters are clipped by value: 5.0000.
[92mINFO [0m:      aggregate_fit: parameters are clipped by value: 5.0000.
[92mINFO [0m:      aggregate_fit: parameters are clipped by value: 5.0000.
[92mINFO [0m:      aggregate_fit: parameters are clipped by value: 5.0000.
[92mINFO [0m:      aggregate_fit: parameters are clipped by value: 5.0000.
[92mINFO [0m:      aggregate_fit: parameters are clipped by value: 5.0000.
[92mINFO [0m:      aggregate_fit: parameters are clipped by value: 5.0000.
[92mINFO [0m:      aggregate_train: Received 8 results and 0 failures
[92mINFO [0m:      aggregate_fit: central DP noise with 0.0312 stdev added
[92mINFO [0m:      	└──> Aggregated MetricRecord: {'train_loss': 0.08567946091109278, 'train_loss_mean': 0.2276432399109632, 'client-ids': [0, 1, 2, 3, 4, 5, 6, 7], 'per-client-num-examples': [711, 1244, 2044, 1777, 977, 2311, 2844, 2577], 'per-client-train_loss': [0.09419158045150099, 0.09883149892954197, 0.08430655751515857, 0.06185369323687518, 0.05535411264484285, 0.09732035368710977, 0.10029074337998858, 0.0794329052725225], 'per-client-train_loss_mean': [0.33300468130783817, 0.2778257400276577, 0.22926661565010448, 0.22350982637058148, 0.28366860746079053, 0.2214396900938355, 0.18678925521724168, 0.20532125033868992], 'dp-client-ids': [0, 1, 2, 3, 4, 5, 6, 7], 'dp-update-norms-before-clipping': [4.445409309685674, 5.612143088363426, 6.777931198364391, 6.229797954258856, 4.807047816952623, 7.265797452222125, 7.790047249871458, 7.372901849576909], 'dp-client-clipped': [0, 1, 1, 1, 0, 1, 1, 1], 'dp-num-clients-clipped': 6, 'dp-fraction-clipped': 0.75, 'dp-signal-update-norm': 1.9867295818922186, 'dp-parameter-count': 226596, 'dp-expected-noise-l2-norm': 14.87565649811799, 'dp-noise-to-signal-ratio': 7.4875094394829445, 'dp-noise-percent-of-signal': 748.7509439482945, 'global-dp-noise-stdv': 0.03125}
[92mINFO [0m:      configure_evaluate: Sampled 8 nodes (out of 8)
[92mINFO [0m:      aggregate_evaluate: Received 8 results and 0 failures
[92mINFO [0m:      	└──> Aggregated MetricRecord: {'eval_loss': 1.241608835752669, 'eval_acc': 0.707942636514065, 'client-ids': [0, 1, 2, 3, 4, 5, 6, 7], 'per-client-eval_acc': [0.6741573033707865, 0.6794871794871795, 0.712890625, 0.6898876404494382, 0.710204081632653, 0.7318339100346021, 0.6976090014064698, 0.7286821705426356], 'per-client-eval_loss': [1.3738538870650732, 1.2360384158599071, 1.1825780365616083, 1.3678643773111065, 1.141231139825315, 1.1773985826432911, 1.1907554229435873, 1.3192851820657419], 'per-client-num-examples': [178, 312, 512, 445, 245, 578, 711, 645]}
[92mINFO [0m:      Global evaluation
[92mINFO [0m:      	└──> MetricRecord: {'loss': 1.3252888436317445, 'accuracy': 0.708, 'f1': 0.7059145426467228, 'precision': 0.7513096197281286, 'auc': 0.9066824583333334}
[92mINFO [0m:      
[92mINFO [0m:      Strategy execution finished in 234.29s
[92mINFO [0m:      
[92mINFO [0m:      Final results:
[92mINFO [0m:      
[92mINFO [0m:      	Global Arrays:
[92mINFO [0m:      		ArrayRecord (0.866 MB)
[92mINFO [0m:      	
[92mINFO [0m:      	Aggregated ClientApp-side Train Metrics:
[92mINFO [0m:      	{ 1: { 'client-ids': "['0', '1', '2', '3', '4', '5', '6', '7']",
[92mINFO [0m:      	       'dp-client-clipped': "['1', '1', '1', '1', '1', '1', '1', '1']",
[92mINFO [0m:      	       'dp-client-ids': "['0', '1', '2', '3', '4', '5', '6', '7']",
[92mINFO [0m:      	       'dp-expected-noise-l2-norm': '1.4876e+01',
[92mINFO [0m:      	       'dp-fraction-clipped': '1.0000e+00',
[92mINFO [0m:      	       'dp-noise-percent-of-signal': '5.9433e+02',
[92mINFO [0m:      	       'dp-noise-to-signal-ratio': '5.9433e+00',
[92mINFO [0m:      	       'dp-num-clients-clipped': '8',
[92mINFO [0m:      	       'dp-parameter-count': '226596',
[92mINFO [0m:      	       'dp-signal-update-norm': '2.5029e+00',
[92mINFO [0m:      	       'dp-update-norms-before-clipping': "['5.1609e+00', '5.9381e+00', "
[92mINFO [0m:      	                                          "'7.5475e+00', '6.8112e+00', "
[92mINFO [0m:      	                                          "'5.6979e+00', '7.7656e+00', "
[92mINFO [0m:      	                                          "'8.2703e+00', '7.4086e+00']",
[92mINFO [0m:      	       'global-dp-noise-stdv': '3.1250e-02',
[92mINFO [0m:      	       'per-client-num-examples': "['711', '1244', '2044', '1777', '977', "
[92mINFO [0m:      	                                  "'2311', '2844', '2577']",
[92mINFO [0m:      	       'per-client-train_loss': "['1.0525e+00', '9.7061e-01', '8.8049e-01', "
[92mINFO [0m:      	                                "'9.4297e-01', '1.0411e+00', '9.2560e-01', "
[92mINFO [0m:      	                                "'8.3646e-01', '8.5828e-01']",
[92mINFO [0m:      	       'per-client-train_loss_mean': "['1.2303e+00', '1.1779e+00', "
[92mINFO [0m:      	                                     "'1.0598e+00', '1.1371e+00', "
[92mINFO [0m:      	                                     "'1.2075e+00', '1.0663e+00', "
[92mINFO [0m:      	                                     "'1.0268e+00', '1.0497e+00']",
[92mINFO [0m:      	       'train_loss': '9.0978e-01',
[92mINFO [0m:      	       'train_loss_mean': '1.0905e+00'},
[92mINFO [0m:      	  2: { 'client-ids': "['0', '1', '2', '3', '4', '5', '6', '7']",
[92mINFO [0m:      	       'dp-client-clipped': "['0', '1', '1', '1', '1', '1', '1', '1']",
[92mINFO [0m:      	       'dp-client-ids': "['0', '1', '2', '3', '4', '5', '6', '7']",
[92mINFO [0m:      	       'dp-expected-noise-l2-norm': '1.4876e+01',
[92mINFO [0m:      	       'dp-fraction-clipped': '8.7500e-01',
[92mINFO [0m:      	       'dp-noise-percent-of-signal': '4.4490e+02',
[92mINFO [0m:      	       'dp-noise-to-signal-ratio': '4.4490e+00',
[92mINFO [0m:      	       'dp-num-clients-clipped': '7',
[92mINFO [0m:      	       'dp-parameter-count': '226596',
[92mINFO [0m:      	       'dp-signal-update-norm': '3.3436e+00',
[92mINFO [0m:      	       'dp-update-norms-before-clipping': "['4.7755e+00', '5.9310e+00', "
[92mINFO [0m:      	                                          "'7.3502e+00', '7.6014e+00', "
[92mINFO [0m:      	                                          "'5.7098e+00', '8.5834e+00', "
[92mINFO [0m:      	                                          "'8.8993e+00', '8.2800e+00']",
[92mINFO [0m:      	       'global-dp-noise-stdv': '3.1250e-02',
[92mINFO [0m:      	       'per-client-num-examples': "['711', '1244', '2044', '1777', '977', "
[92mINFO [0m:      	                                  "'2311', '2844', '2577']",
[92mINFO [0m:      	       'per-client-train_loss': "['8.1300e-01', '8.1455e-01', '7.7098e-01', "
[92mINFO [0m:      	                                "'7.5607e-01', '8.3800e-01', '7.4828e-01', "
[92mINFO [0m:      	                                "'6.9844e-01', '6.9664e-01']",
[92mINFO [0m:      	       'per-client-train_loss_mean': "['9.6768e-01', '9.2164e-01', "
[92mINFO [0m:      	                                     "'8.7740e-01', '8.9266e-01', "
[92mINFO [0m:      	                                     "'9.5573e-01', '8.6110e-01', "
[92mINFO [0m:      	                                     "'8.2634e-01', '8.3617e-01']",
[92mINFO [0m:      	       'train_loss': '7.4839e-01',
[92mINFO [0m:      	       'train_loss_mean': '8.7283e-01'},
[92mINFO [0m:      	  3: { 'client-ids': "['0', '1', '2', '3', '4', '5', '6', '7']",
[92mINFO [0m:      	       'dp-client-clipped': "['0', '1', '1', '1', '1', '1', '1', '1']",
[92mINFO [0m:      	       'dp-client-ids': "['0', '1', '2', '3', '4', '5', '6', '7']",
[92mINFO [0m:      	       'dp-expected-noise-l2-norm': '1.4876e+01',
[92mINFO [0m:      	       'dp-fraction-clipped': '8.7500e-01',
[92mINFO [0m:      	       'dp-noise-percent-of-signal': '4.8769e+02',
[92mINFO [0m:      	       'dp-noise-to-signal-ratio': '4.8769e+00',
[92mINFO [0m:      	       'dp-num-clients-clipped': '7',
[92mINFO [0m:      	       'dp-parameter-count': '226596',
[92mINFO [0m:      	       'dp-signal-update-norm': '3.0502e+00',
[92mINFO [0m:      	       'dp-update-norms-before-clipping': "['4.6391e+00', '6.0311e+00', "
[92mINFO [0m:      	                                          "'7.8496e+00', '7.3406e+00', "
[92mINFO [0m:      	                                          "'5.4320e+00', '8.3369e+00', "
[92mINFO [0m:      	                                          "'9.3628e+00', '8.9408e+00']",
[92mINFO [0m:      	       'global-dp-noise-stdv': '3.1250e-02',
[92mINFO [0m:      	       'per-client-num-examples': "['711', '1244', '2044', '1777', '977', "
[92mINFO [0m:      	                                  "'2311', '2844', '2577']",
[92mINFO [0m:      	       'per-client-train_loss': "['6.7158e-01', '6.5300e-01', '6.0277e-01', "
[92mINFO [0m:      	                                "'6.5109e-01', '6.7474e-01', '5.9525e-01', "
[92mINFO [0m:      	                                "'5.7452e-01', '5.7862e-01']",
[92mINFO [0m:      	       'per-client-train_loss_mean': "['7.8370e-01', '7.5699e-01', "
[92mINFO [0m:      	                                     "'7.0688e-01', '7.2765e-01', "
[92mINFO [0m:      	                                     "'8.1136e-01', '7.1320e-01', "
[92mINFO [0m:      	                                     "'6.9634e-01', '7.1070e-01']",
[92mINFO [0m:      	       'train_loss': '6.1020e-01',
[92mINFO [0m:      	       'train_loss_mean': '7.2417e-01'},
[92mINFO [0m:      	  4: { 'client-ids': "['0', '1', '2', '3', '4', '5', '6', '7']",
[92mINFO [0m:      	       'dp-client-clipped': "['0', '1', '1', '1', '1', '1', '1', '1']",
[92mINFO [0m:      	       'dp-client-ids': "['0', '1', '2', '3', '4', '5', '6', '7']",
[92mINFO [0m:      	       'dp-expected-noise-l2-norm': '1.4876e+01',
[92mINFO [0m:      	       'dp-fraction-clipped': '8.7500e-01',
[92mINFO [0m:      	       'dp-noise-percent-of-signal': '5.4708e+02',
[92mINFO [0m:      	       'dp-noise-to-signal-ratio': '5.4708e+00',
[92mINFO [0m:      	       'dp-num-clients-clipped': '7',
[92mINFO [0m:      	       'dp-parameter-count': '226596',
[92mINFO [0m:      	       'dp-signal-update-norm': '2.7191e+00',
[92mINFO [0m:      	       'dp-update-norms-before-clipping': "['4.6779e+00', '6.3271e+00', "
[92mINFO [0m:      	                                          "'7.8338e+00', '7.4981e+00', "
[92mINFO [0m:      	                                          "'5.6938e+00', '8.4545e+00', "
[92mINFO [0m:      	                                          "'9.7018e+00', '9.1424e+00']",
[92mINFO [0m:      	       'global-dp-noise-stdv': '3.1250e-02',
[92mINFO [0m:      	       'per-client-num-examples': "['711', '1244', '2044', '1777', '977', "
[92mINFO [0m:      	                                  "'2311', '2844', '2577']",
[92mINFO [0m:      	       'per-client-train_loss': "['5.9004e-01', '5.1595e-01', '5.3129e-01', "
[92mINFO [0m:      	                                "'5.1390e-01', '5.6790e-01', '5.1460e-01', "
[92mINFO [0m:      	                                "'5.4222e-01', '5.2145e-01']",
[92mINFO [0m:      	       'per-client-train_loss_mean': "['7.0710e-01', '6.5746e-01', "
[92mINFO [0m:      	                                     "'6.4210e-01', '6.4161e-01', "
[92mINFO [0m:      	                                     "'6.7654e-01', '6.4261e-01', "
[92mINFO [0m:      	                                     "'6.2647e-01', '6.4647e-01']",
[92mINFO [0m:      	       'train_loss': '5.3093e-01',
[92mINFO [0m:      	       'train_loss_mean': '6.4666e-01'},
[92mINFO [0m:      	  5: { 'client-ids': "['0', '1', '2', '3', '4', '5', '6', '7']",
[92mINFO [0m:      	       'dp-client-clipped': "['0', '1', '1', '1', '1', '1', '1', '1']",
[92mINFO [0m:      	       'dp-client-ids': "['0', '1', '2', '3', '4', '5', '6', '7']",
[92mINFO [0m:      	       'dp-expected-noise-l2-norm': '1.4876e+01',
[92mINFO [0m:      	       'dp-fraction-clipped': '8.7500e-01',
[92mINFO [0m:      	       'dp-noise-percent-of-signal': '5.9426e+02',
[92mINFO [0m:      	       'dp-noise-to-signal-ratio': '5.9426e+00',
[92mINFO [0m:      	       'dp-num-clients-clipped': '7',
[92mINFO [0m:      	       'dp-parameter-count': '226596',
[92mINFO [0m:      	       'dp-signal-update-norm': '2.5032e+00',
[92mINFO [0m:      	       'dp-update-norms-before-clipping': "['4.9619e+00', '6.2434e+00', "
[92mINFO [0m:      	                                          "'8.2506e+00', '7.5888e+00', "
[92mINFO [0m:      	                                          "'5.9352e+00', '8.7943e+00', "
[92mINFO [0m:      	                                          "'9.3964e+00', '9.0376e+00']",
[92mINFO [0m:      	       'global-dp-noise-stdv': '3.1250e-02',
[92mINFO [0m:      	       'per-client-num-examples': "['711', '1244', '2044', '1777', '977', "
[92mINFO [0m:      	                                  "'2311', '2844', '2577']",
[92mINFO [0m:      	       'per-client-train_loss': "['4.2990e-01', '4.7719e-01', '4.3268e-01', "
[92mINFO [0m:      	                                "'3.8285e-01', '4.4503e-01', '4.7862e-01', "
[92mINFO [0m:      	                                "'4.1211e-01', '4.2465e-01']",
[92mINFO [0m:      	       'per-client-train_loss_mean': "['6.3222e-01', '6.2822e-01', "
[92mINFO [0m:      	                                     "'5.7085e-01', '5.6539e-01', "
[92mINFO [0m:      	                                     "'6.2722e-01', '5.9365e-01', "
[92mINFO [0m:      	                                     "'5.6194e-01', '5.6329e-01']",
[92mINFO [0m:      	       'train_loss': '4.3295e-01',
[92mINFO [0m:      	       'train_loss_mean': '5.8247e-01'},
[92mINFO [0m:      	  6: { 'client-ids': "['0', '1', '2', '3', '4', '5', '6', '7']",
[92mINFO [0m:      	       'dp-client-clipped': "['1', '1', '1', '1', '1', '1', '1', '1']",
[92mINFO [0m:      	       'dp-client-ids': "['0', '1', '2', '3', '4', '5', '6', '7']",
[92mINFO [0m:      	       'dp-expected-noise-l2-norm': '1.4876e+01',
[92mINFO [0m:      	       'dp-fraction-clipped': '1.0000e+00',
[92mINFO [0m:      	       'dp-noise-percent-of-signal': '6.3491e+02',
[92mINFO [0m:      	       'dp-noise-to-signal-ratio': '6.3491e+00',
[92mINFO [0m:      	       'dp-num-clients-clipped': '8',
[92mINFO [0m:      	       'dp-parameter-count': '226596',
[92mINFO [0m:      	       'dp-signal-update-norm': '2.3430e+00',
[92mINFO [0m:      	       'dp-update-norms-before-clipping': "['5.1140e+00', '6.5406e+00', "
[92mINFO [0m:      	                                          "'8.2852e+00', '7.6765e+00', "
[92mINFO [0m:      	                                          "'5.8537e+00', '8.6018e+00', "
[92mINFO [0m:      	                                          "'9.7843e+00', '9.7434e+00']",
[92mINFO [0m:      	       'global-dp-noise-stdv': '3.1250e-02',
[92mINFO [0m:      	       'per-client-num-examples': "['711', '1244', '2044', '1777', '977', "
[92mINFO [0m:      	                                  "'2311', '2844', '2577']",
[92mINFO [0m:      	       'per-client-train_loss': "['3.3680e-01', '3.4963e-01', '3.2900e-01', "
[92mINFO [0m:      	                                "'3.1735e-01', '3.1105e-01', '3.4748e-01', "
[92mINFO [0m:      	                                "'3.4317e-01', '3.7838e-01']",
[92mINFO [0m:      	       'per-client-train_loss_mean': "['5.2830e-01', '5.1546e-01', "
[92mINFO [0m:      	                                     "'4.8859e-01', '4.7825e-01', "
[92mINFO [0m:      	                                     "'5.0688e-01', '5.0456e-01', "
[92mINFO [0m:      	                                     "'4.8704e-01', '4.9836e-01']",
[92mINFO [0m:      	       'train_loss': '3.4303e-01',
[92mINFO [0m:      	       'train_loss_mean': '4.9679e-01'},
[92mINFO [0m:      	  7: { 'client-ids': "['0', '1', '2', '3', '4', '5', '6', '7']",
[92mINFO [0m:      	       'dp-client-clipped': "['1', '1', '1', '1', '1', '1', '1', '1']",
[92mINFO [0m:      	       'dp-client-ids': "['0', '1', '2', '3', '4', '5', '6', '7']",
[92mINFO [0m:      	       'dp-expected-noise-l2-norm': '1.4876e+01',
[92mINFO [0m:      	       'dp-fraction-clipped': '1.0000e+00',
[92mINFO [0m:      	       'dp-noise-percent-of-signal': '6.5301e+02',
[92mINFO [0m:      	       'dp-noise-to-signal-ratio': '6.5301e+00',
[92mINFO [0m:      	       'dp-num-clients-clipped': '8',
[92mINFO [0m:      	       'dp-parameter-count': '226596',
[92mINFO [0m:      	       'dp-signal-update-norm': '2.2780e+00',
[92mINFO [0m:      	       'dp-update-norms-before-clipping': "['5.2248e+00', '6.2830e+00', "
[92mINFO [0m:      	                                          "'8.1905e+00', '7.8369e+00', "
[92mINFO [0m:      	                                          "'5.8659e+00', '8.7644e+00', "
[92mINFO [0m:      	                                          "'9.6392e+00', '9.0006e+00']",
[92mINFO [0m:      	       'global-dp-noise-stdv': '3.1250e-02',
[92mINFO [0m:      	       'per-client-num-examples': "['711', '1244', '2044', '1777', '977', "
[92mINFO [0m:      	                                  "'2311', '2844', '2577']",
[92mINFO [0m:      	       'per-client-train_loss': "['2.7426e-01', '2.6766e-01', '2.8325e-01', "
[92mINFO [0m:      	                                "'2.3357e-01', '3.3835e-01', '2.6438e-01', "
[92mINFO [0m:      	                                "'2.5019e-01', '2.8972e-01']",
[92mINFO [0m:      	       'per-client-train_loss_mean': "['4.7576e-01', '4.4602e-01', "
[92mINFO [0m:      	                                     "'4.4679e-01', '4.2686e-01', "
[92mINFO [0m:      	                                     "'4.7299e-01', '4.3964e-01', "
[92mINFO [0m:      	                                     "'4.3361e-01', '4.4040e-01']",
[92mINFO [0m:      	       'train_loss': '2.7074e-01',
[92mINFO [0m:      	       'train_loss_mean': '4.4260e-01'},
[92mINFO [0m:      	  8: { 'client-ids': "['0', '1', '2', '3', '4', '5', '6', '7']",
[92mINFO [0m:      	       'dp-client-clipped': "['1', '1', '1', '1', '1', '1', '1', '1']",
[92mINFO [0m:      	       'dp-client-ids': "['0', '1', '2', '3', '4', '5', '6', '7']",
[92mINFO [0m:      	       'dp-expected-noise-l2-norm': '1.4876e+01',
[92mINFO [0m:      	       'dp-fraction-clipped': '1.0000e+00',
[92mINFO [0m:      	       'dp-noise-percent-of-signal': '6.8215e+02',
[92mINFO [0m:      	       'dp-noise-to-signal-ratio': '6.8215e+00',
[92mINFO [0m:      	       'dp-num-clients-clipped': '8',
[92mINFO [0m:      	       'dp-parameter-count': '226596',
[92mINFO [0m:      	       'dp-signal-update-norm': '2.1807e+00',
[92mINFO [0m:      	       'dp-update-norms-before-clipping': "['5.0343e+00', '6.3154e+00', "
[92mINFO [0m:      	                                          "'7.9215e+00', '7.2930e+00', "
[92mINFO [0m:      	                                          "'5.8795e+00', '8.6213e+00', "
[92mINFO [0m:      	                                          "'9.3583e+00', '9.0488e+00']",
[92mINFO [0m:      	       'global-dp-noise-stdv': '3.1250e-02',
[92mINFO [0m:      	       'per-client-num-examples': "['711', '1244', '2044', '1777', '977', "
[92mINFO [0m:      	                                  "'2311', '2844', '2577']",
[92mINFO [0m:      	       'per-client-train_loss': "['2.2468e-01', '2.3351e-01', '1.8235e-01', "
[92mINFO [0m:      	                                "'1.8584e-01', '1.9502e-01', '2.2872e-01', "
[92mINFO [0m:      	                                "'2.2506e-01', '2.1915e-01']",
[92mINFO [0m:      	       'per-client-train_loss_mean': "['4.3484e-01', '4.0440e-01', "
[92mINFO [0m:      	                                     "'3.7577e-01', '3.7698e-01', "
[92mINFO [0m:      	                                     "'4.2244e-01', '3.9470e-01', "
[92mINFO [0m:      	                                     "'3.7962e-01', '3.8206e-01']",
[92mINFO [0m:      	       'train_loss': '2.1244e-01',
[92mINFO [0m:      	       'train_loss_mean': '3.8932e-01'},
[92mINFO [0m:      	  9: { 'client-ids': "['0', '1', '2', '3', '4', '5', '6', '7']",
[92mINFO [0m:      	       'dp-client-clipped': "['0', '1', '1', '1', '1', '1', '1', '1']",
[92mINFO [0m:      	       'dp-client-ids': "['0', '1', '2', '3', '4', '5', '6', '7']",
[92mINFO [0m:      	       'dp-expected-noise-l2-norm': '1.4876e+01',
[92mINFO [0m:      	       'dp-fraction-clipped': '8.7500e-01',
[92mINFO [0m:      	       'dp-noise-percent-of-signal': '7.0447e+02',
[92mINFO [0m:      	       'dp-noise-to-signal-ratio': '7.0447e+00',
[92mINFO [0m:      	       'dp-num-clients-clipped': '7',
[92mINFO [0m:      	       'dp-parameter-count': '226596',
[92mINFO [0m:      	       'dp-signal-update-norm': '2.1116e+00',
[92mINFO [0m:      	       'dp-update-norms-before-clipping': "['4.8111e+00', '6.1393e+00', "
[92mINFO [0m:      	                                          "'7.7795e+00', '7.3031e+00', "
[92mINFO [0m:      	                                          "'5.6750e+00', '8.2957e+00', "
[92mINFO [0m:      	                                          "'9.2506e+00', '8.9164e+00']",
[92mINFO [0m:      	       'global-dp-noise-stdv': '3.1250e-02',
[92mINFO [0m:      	       'per-client-num-examples': "['711', '1244', '2044', '1777', '977', "
[92mINFO [0m:      	                                  "'2311', '2844', '2577']",
[92mINFO [0m:      	       'per-client-train_loss': "['1.8749e-01', '1.6588e-01', '1.7836e-01', "
[92mINFO [0m:      	                                "'1.6598e-01', '1.7161e-01', '1.8054e-01', "
[92mINFO [0m:      	                                "'2.0870e-01', '1.8847e-01']",
[92mINFO [0m:      	       'per-client-train_loss_mean': "['4.3073e-01', '3.6988e-01', "
[92mINFO [0m:      	                                     "'3.5235e-01', '3.4299e-01', "
[92mINFO [0m:      	                                     "'3.8483e-01', '3.7060e-01', "
[92mINFO [0m:      	                                     "'3.5435e-01', '3.5395e-01']",
[92mINFO [0m:      	       'train_loss': '1.8387e-01',
[92mINFO [0m:      	       'train_loss_mean': '3.6234e-01'},
[92mINFO [0m:      	  10: { 'client-ids': "['0', '1', '2', '3', '4', '5', '6', '7']",
[92mINFO [0m:      	        'dp-client-clipped': "['0', '1', '1', '1', '1', '1', '1', '1']",
[92mINFO [0m:      	        'dp-client-ids': "['0', '1', '2', '3', '4', '5', '6', '7']",
[92mINFO [0m:      	        'dp-expected-noise-l2-norm': '1.4876e+01',
[92mINFO [0m:      	        'dp-fraction-clipped': '8.7500e-01',
[92mINFO [0m:      	        'dp-noise-percent-of-signal': '7.1674e+02',
[92mINFO [0m:      	        'dp-noise-to-signal-ratio': '7.1674e+00',
[92mINFO [0m:      	        'dp-num-clients-clipped': '7',
[92mINFO [0m:      	        'dp-parameter-count': '226596',
[92mINFO [0m:      	        'dp-signal-update-norm': '2.0755e+00',
[92mINFO [0m:      	        'dp-update-norms-before-clipping': "['4.8010e+00', '6.0176e+00', "
[92mINFO [0m:      	                                           "'7.6316e+00', '7.0638e+00', "
[92mINFO [0m:      	                                           "'5.2972e+00', '8.3215e+00', "
[92mINFO [0m:      	                                           "'9.1145e+00', '8.4178e+00']",
[92mINFO [0m:      	        'global-dp-noise-stdv': '3.1250e-02',
[92mINFO [0m:      	        'per-client-num-examples': "['711', '1244', '2044', '1777', '977', "
[92mINFO [0m:      	                                   "'2311', '2844', '2577']",
[92mINFO [0m:      	        'per-client-train_loss': "['1.6616e-01', '1.2843e-01', '1.3212e-01', "
[92mINFO [0m:      	                                 "'1.3174e-01', '1.5912e-01', '1.5949e-01', "
[92mINFO [0m:      	                                 "'1.5559e-01', '1.4692e-01']",
[92mINFO [0m:      	        'per-client-train_loss_mean': "['3.7977e-01', '3.4724e-01', "
[92mINFO [0m:      	                                      "'3.1276e-01', '3.0284e-01', "
[92mINFO [0m:      	                                      "'3.7039e-01', '3.1837e-01', "
[92mINFO [0m:      	                                      "'3.0308e-01', '3.1485e-01']",
[92mINFO [0m:      	        'train_loss': '1.4686e-01',
[92mINFO [0m:      	        'train_loss_mean': '3.2105e-01'},
[92mINFO [0m:      	  11: { 'client-ids': "['0', '1', '2', '3', '4', '5', '6', '7']",
[92mINFO [0m:      	        'dp-client-clipped': "['0', '1', '1', '1', '1', '1', '1', '1']",
[92mINFO [0m:      	        'dp-client-ids': "['0', '1', '2', '3', '4', '5', '6', '7']",
[92mINFO [0m:      	        'dp-expected-noise-l2-norm': '1.4876e+01',
[92mINFO [0m:      	        'dp-fraction-clipped': '8.7500e-01',
[92mINFO [0m:      	        'dp-noise-percent-of-signal': '7.2682e+02',
[92mINFO [0m:      	        'dp-noise-to-signal-ratio': '7.2682e+00',
[92mINFO [0m:      	        'dp-num-clients-clipped': '7',
[92mINFO [0m:      	        'dp-parameter-count': '226596',
[92mINFO [0m:      	        'dp-signal-update-norm': '2.0467e+00',
[92mINFO [0m:      	        'dp-update-norms-before-clipping': "['4.7073e+00', '5.9187e+00', "
[92mINFO [0m:      	                                           "'7.6242e+00', '7.0494e+00', "
[92mINFO [0m:      	                                           "'5.5768e+00', '8.0874e+00', "
[92mINFO [0m:      	                                           "'8.6562e+00', '8.3231e+00']",
[92mINFO [0m:      	        'global-dp-noise-stdv': '3.1250e-02',
[92mINFO [0m:      	        'per-client-num-examples': "['711', '1244', '2044', '1777', '977', "
[92mINFO [0m:      	                                   "'2311', '2844', '2577']",
[92mINFO [0m:      	        'per-client-train_loss': "['1.5243e-01', '1.2999e-01', '1.1317e-01', "
[92mINFO [0m:      	                                 "'1.1422e-01', '1.7096e-01', '1.1750e-01', "
[92mINFO [0m:      	                                 "'1.3322e-01', '1.4484e-01']",
[92mINFO [0m:      	        'per-client-train_loss_mean': "['3.7256e-01', '3.2760e-01', "
[92mINFO [0m:      	                                      "'3.1280e-01', '2.9110e-01', "
[92mINFO [0m:      	                                      "'3.5250e-01', '3.0787e-01', "
[92mINFO [0m:      	                                      "'2.9023e-01', '3.0580e-01']",
[92mINFO [0m:      	        'train_loss': '1.3083e-01',
[92mINFO [0m:      	        'train_loss_mean': '3.1056e-01'},
[92mINFO [0m:      	  12: { 'client-ids': "['0', '1', '2', '3', '4', '5', '6', '7']",
[92mINFO [0m:      	        'dp-client-clipped': "['0', '1', '1', '1', '1', '1', '1', '1']",
[92mINFO [0m:      	        'dp-client-ids': "['0', '1', '2', '3', '4', '5', '6', '7']",
[92mINFO [0m:      	        'dp-expected-noise-l2-norm': '1.4876e+01',
[92mINFO [0m:      	        'dp-fraction-clipped': '8.7500e-01',
[92mINFO [0m:      	        'dp-noise-percent-of-signal': '7.2944e+02',
[92mINFO [0m:      	        'dp-noise-to-signal-ratio': '7.2944e+00',
[92mINFO [0m:      	        'dp-num-clients-clipped': '7',
[92mINFO [0m:      	        'dp-parameter-count': '226596',
[92mINFO [0m:      	        'dp-signal-update-norm': '2.0393e+00',
[92mINFO [0m:      	        'dp-update-norms-before-clipping': "['4.7159e+00', '6.0293e+00', "
[92mINFO [0m:      	                                           "'7.5616e+00', '6.7360e+00', "
[92mINFO [0m:      	                                           "'5.4293e+00', '8.0559e+00', "
[92mINFO [0m:      	                                           "'8.7245e+00', '8.2365e+00']",
[92mINFO [0m:      	        'global-dp-noise-stdv': '3.1250e-02',
[92mINFO [0m:      	        'per-client-num-examples': "['711', '1244', '2044', '1777', '977', "
[92mINFO [0m:      	                                   "'2311', '2844', '2577']",
[92mINFO [0m:      	        'per-client-train_loss': "['1.0602e-01', '1.0566e-01', '1.2126e-01', "
[92mINFO [0m:      	                                 "'1.2088e-01', '1.3383e-01', '1.2177e-01', "
[92mINFO [0m:      	                                 "'1.5197e-01', '1.4392e-01']",
[92mINFO [0m:      	        'per-client-train_loss_mean': "['3.3138e-01', '3.1380e-01', "
[92mINFO [0m:      	                                      "'2.7868e-01', '2.6445e-01', "
[92mINFO [0m:      	                                      "'3.2794e-01', '2.9196e-01', "
[92mINFO [0m:      	                                      "'2.6338e-01', '2.6426e-01']",
[92mINFO [0m:      	        'train_loss': '1.3011e-01',
[92mINFO [0m:      	        'train_loss_mean': '2.8241e-01'},
[92mINFO [0m:      	  13: { 'client-ids': "['0', '1', '2', '3', '4', '5', '6', '7']",
[92mINFO [0m:      	        'dp-client-clipped': "['0', '1', '1', '1', '0', '1', '1', '1']",
[92mINFO [0m:      	        'dp-client-ids': "['0', '1', '2', '3', '4', '5', '6', '7']",
[92mINFO [0m:      	        'dp-expected-noise-l2-norm': '1.4876e+01',
[92mINFO [0m:      	        'dp-fraction-clipped': '7.5000e-01',
[92mINFO [0m:      	        'dp-noise-percent-of-signal': '7.3263e+02',
[92mINFO [0m:      	        'dp-noise-to-signal-ratio': '7.3263e+00',
[92mINFO [0m:      	        'dp-num-clients-clipped': '6',
[92mINFO [0m:      	        'dp-parameter-count': '226596',
[92mINFO [0m:      	        'dp-signal-update-norm': '2.0304e+00',
[92mINFO [0m:      	        'dp-update-norms-before-clipping': "['4.4318e+00', '5.5744e+00', "
[92mINFO [0m:      	                                           "'7.0391e+00', '6.4759e+00', "
[92mINFO [0m:      	                                           "'4.9975e+00', '7.6365e+00', "
[92mINFO [0m:      	                                           "'8.2791e+00', '7.7900e+00']",
[92mINFO [0m:      	        'global-dp-noise-stdv': '3.1250e-02',
[92mINFO [0m:      	        'per-client-num-examples': "['711', '1244', '2044', '1777', '977', "
[92mINFO [0m:      	                                   "'2311', '2844', '2577']",
[92mINFO [0m:      	        'per-client-train_loss': "['1.2425e-01', '9.4447e-02', '1.1805e-01', "
[92mINFO [0m:      	                                 "'9.1006e-02', '8.9487e-02', '1.2091e-01', "
[92mINFO [0m:      	                                 "'1.5248e-01', '1.1175e-01']",
[92mINFO [0m:      	        'per-client-train_loss_mean': "['3.5298e-01', '3.0754e-01', "
[92mINFO [0m:      	                                      "'2.6364e-01', '2.5501e-01', "
[92mINFO [0m:      	                                      "'3.2065e-01', '2.7319e-01', "
[92mINFO [0m:      	                                      "'2.5770e-01', '2.6970e-01']",
[92mINFO [0m:      	        'train_loss': '1.1718e-01',
[92mINFO [0m:      	        'train_loss_mean': '2.7602e-01'},
[92mINFO [0m:      	  14: { 'client-ids': "['0', '1', '2', '3', '4', '5', '6', '7']",
[92mINFO [0m:      	        'dp-client-clipped': "['0', '1', '1', '1', '1', '1', '1', '1']",
[92mINFO [0m:      	        'dp-client-ids': "['0', '1', '2', '3', '4', '5', '6', '7']",
[92mINFO [0m:      	        'dp-expected-noise-l2-norm': '1.4876e+01',
[92mINFO [0m:      	        'dp-fraction-clipped': '8.7500e-01',
[92mINFO [0m:      	        'dp-noise-percent-of-signal': '7.4044e+02',
[92mINFO [0m:      	        'dp-noise-to-signal-ratio': '7.4044e+00',
[92mINFO [0m:      	        'dp-num-clients-clipped': '7',
[92mINFO [0m:      	        'dp-parameter-count': '226596',
[92mINFO [0m:      	        'dp-signal-update-norm': '2.0090e+00',
[92mINFO [0m:      	        'dp-update-norms-before-clipping': "['4.3454e+00', '5.6344e+00', "
[92mINFO [0m:      	                                           "'6.9624e+00', '6.9090e+00', "
[92mINFO [0m:      	                                           "'5.1410e+00', '7.5824e+00', "
[92mINFO [0m:      	                                           "'7.9071e+00', '7.7594e+00']",
[92mINFO [0m:      	        'global-dp-noise-stdv': '3.1250e-02',
[92mINFO [0m:      	        'per-client-num-examples': "['711', '1244', '2044', '1777', '977', "
[92mINFO [0m:      	                                   "'2311', '2844', '2577']",
[92mINFO [0m:      	        'per-client-train_loss': "['9.7225e-02', '8.8893e-02', '9.6524e-02', "
[92mINFO [0m:      	                                 "'1.2851e-01', '1.2162e-01', '1.0187e-01', "
[92mINFO [0m:      	                                 "'1.0424e-01', '1.1280e-01']",
[92mINFO [0m:      	        'per-client-train_loss_mean': "['3.5957e-01', '3.0090e-01', "
[92mINFO [0m:      	                                      "'2.5675e-01', '2.5159e-01', "
[92mINFO [0m:      	                                      "'3.1910e-01', '2.5910e-01', "
[92mINFO [0m:      	                                      "'2.3097e-01', '2.4878e-01']",
[92mINFO [0m:      	        'train_loss': '1.0678e-01',
[92mINFO [0m:      	        'train_loss_mean': '2.6306e-01'},
[92mINFO [0m:      	  15: { 'client-ids': "['0', '1', '2', '3', '4', '5', '6', '7']",
[92mINFO [0m:      	        'dp-client-clipped': "['0', '1', '1', '1', '1', '1', '1', '1']",
[92mINFO [0m:      	        'dp-client-ids': "['0', '1', '2', '3', '4', '5', '6', '7']",
[92mINFO [0m:      	        'dp-expected-noise-l2-norm': '1.4876e+01',
[92mINFO [0m:      	        'dp-fraction-clipped': '8.7500e-01',
[92mINFO [0m:      	        'dp-noise-percent-of-signal': '7.3701e+02',
[92mINFO [0m:      	        'dp-noise-to-signal-ratio': '7.3701e+00',
[92mINFO [0m:      	        'dp-num-clients-clipped': '7',
[92mINFO [0m:      	        'dp-parameter-count': '226596',
[92mINFO [0m:      	        'dp-signal-update-norm': '2.0184e+00',
[92mINFO [0m:      	        'dp-update-norms-before-clipping': "['4.5427e+00', '5.4262e+00', "
[92mINFO [0m:      	                                           "'6.8699e+00', '6.2729e+00', "
[92mINFO [0m:      	                                           "'5.2193e+00', '7.3344e+00', "
[92mINFO [0m:      	                                           "'8.3552e+00', '7.7248e+00']",
[92mINFO [0m:      	        'global-dp-noise-stdv': '3.1250e-02',
[92mINFO [0m:      	        'per-client-num-examples': "['711', '1244', '2044', '1777', '977', "
[92mINFO [0m:      	                                   "'2311', '2844', '2577']",
[92mINFO [0m:      	        'per-client-train_loss': "['1.2212e-01', '7.9096e-02', '9.4763e-02', "
[92mINFO [0m:      	                                 "'6.9193e-02', '9.6156e-02', '8.4713e-02', "
[92mINFO [0m:      	                                 "'1.1655e-01', '1.0299e-01']",
[92mINFO [0m:      	        'per-client-train_loss_mean': "['3.4625e-01', '2.9506e-01', "
[92mINFO [0m:      	                                      "'2.4692e-01', '2.5039e-01', "
[92mINFO [0m:      	                                      "'3.2782e-01', '2.5818e-01', "
[92mINFO [0m:      	                                      "'2.3602e-01', '2.5014e-01']",
[92mINFO [0m:      	        'train_loss': '9.5855e-02',
[92mINFO [0m:      	        'train_loss_mean': '2.6204e-01'},
[92mINFO [0m:      	  16: { 'client-ids': "['0', '1', '2', '3', '4', '5', '6', '7']",
[92mINFO [0m:      	        'dp-client-clipped': "['0', '1', '1', '1', '1', '1', '1', '1']",
[92mINFO [0m:      	        'dp-client-ids': "['0', '1', '2', '3', '4', '5', '6', '7']",
[92mINFO [0m:      	        'dp-expected-noise-l2-norm': '1.4876e+01',
[92mINFO [0m:      	        'dp-fraction-clipped': '8.7500e-01',
[92mINFO [0m:      	        'dp-noise-percent-of-signal': '7.3977e+02',
[92mINFO [0m:      	        'dp-noise-to-signal-ratio': '7.3977e+00',
[92mINFO [0m:      	        'dp-num-clients-clipped': '7',
[92mINFO [0m:      	        'dp-parameter-count': '226596',
[92mINFO [0m:      	        'dp-signal-update-norm': '2.0109e+00',
[92mINFO [0m:      	        'dp-update-norms-before-clipping': "['4.5209e+00', '5.6595e+00', "
[92mINFO [0m:      	                                           "'6.9860e+00', '6.6778e+00', "
[92mINFO [0m:      	                                           "'5.1353e+00', '7.4656e+00', "
[92mINFO [0m:      	                                           "'7.7540e+00', '8.0805e+00']",
[92mINFO [0m:      	        'global-dp-noise-stdv': '3.1250e-02',
[92mINFO [0m:      	        'per-client-num-examples': "['711', '1244', '2044', '1777', '977', "
[92mINFO [0m:      	                                   "'2311', '2844', '2577']",
[92mINFO [0m:      	        'per-client-train_loss': "['1.1127e-01', '1.0278e-01', '9.3303e-02', "
[92mINFO [0m:      	                                 "'9.5364e-02', '8.6772e-02', '1.0506e-01', "
[92mINFO [0m:      	                                 "'8.8993e-02', '1.1412e-01']",
[92mINFO [0m:      	        'per-client-train_loss_mean': "['3.2919e-01', '3.2338e-01', "
[92mINFO [0m:      	                                      "'2.5300e-01', '2.3844e-01', "
[92mINFO [0m:      	                                      "'2.9573e-01', '2.4916e-01', "
[92mINFO [0m:      	                                      "'2.2460e-01', '2.4451e-01']",
[92mINFO [0m:      	        'train_loss': '9.9545e-02',
[92mINFO [0m:      	        'train_loss_mean': '2.5618e-01'},
[92mINFO [0m:      	  17: { 'client-ids': "['0', '1', '2', '3', '4', '5', '6', '7']",
[92mINFO [0m:      	        'dp-client-clipped': "['0', '1', '1', '1', '0', '1', '1', '1']",
[92mINFO [0m:      	        'dp-client-ids': "['0', '1', '2', '3', '4', '5', '6', '7']",
[92mINFO [0m:      	        'dp-expected-noise-l2-norm': '1.4876e+01',
[92mINFO [0m:      	        'dp-fraction-clipped': '7.5000e-01',
[92mINFO [0m:      	        'dp-noise-percent-of-signal': '7.4458e+02',
[92mINFO [0m:      	        'dp-noise-to-signal-ratio': '7.4458e+00',
[92mINFO [0m:      	        'dp-num-clients-clipped': '6',
[92mINFO [0m:      	        'dp-parameter-count': '226596',
[92mINFO [0m:      	        'dp-signal-update-norm': '1.9979e+00',
[92mINFO [0m:      	        'dp-update-norms-before-clipping': "['4.5089e+00', '5.7757e+00', "
[92mINFO [0m:      	                                           "'7.0794e+00', '6.2054e+00', "
[92mINFO [0m:      	                                           "'4.9663e+00', '7.6726e+00', "
[92mINFO [0m:      	                                           "'7.9307e+00', '7.7435e+00']",
[92mINFO [0m:      	        'global-dp-noise-stdv': '3.1250e-02',
[92mINFO [0m:      	        'per-client-num-examples': "['711', '1244', '2044', '1777', '977', "
[92mINFO [0m:      	                                   "'2311', '2844', '2577']",
[92mINFO [0m:      	        'per-client-train_loss': "['1.1078e-01', '9.3949e-02', '1.1305e-01', "
[92mINFO [0m:      	                                 "'5.7957e-02', '7.2491e-02', '1.1427e-01', "
[92mINFO [0m:      	                                 "'1.0408e-01', '7.6069e-02']",
[92mINFO [0m:      	        'per-client-train_loss_mean': "['3.5578e-01', '2.7909e-01', "
[92mINFO [0m:      	                                      "'2.4731e-01', '2.2068e-01', "
[92mINFO [0m:      	                                      "'2.8766e-01', '2.6510e-01', "
[92mINFO [0m:      	                                      "'2.1518e-01', '2.2576e-01']",
[92mINFO [0m:      	        'train_loss': '9.3659e-02',
[92mINFO [0m:      	        'train_loss_mean': '2.4752e-01'},
[92mINFO [0m:      	  18: { 'client-ids': "['0', '1', '2', '3', '4', '5', '6', '7']",
[92mINFO [0m:      	        'dp-client-clipped': "['0', '1', '1', '1', '0', '1', '1', '1']",
[92mINFO [0m:      	        'dp-client-ids': "['0', '1', '2', '3', '4', '5', '6', '7']",
[92mINFO [0m:      	        'dp-expected-noise-l2-norm': '1.4876e+01',
[92mINFO [0m:      	        'dp-fraction-clipped': '7.5000e-01',
[92mINFO [0m:      	        'dp-noise-percent-of-signal': '7.4731e+02',
[92mINFO [0m:      	        'dp-noise-to-signal-ratio': '7.4731e+00',
[92mINFO [0m:      	        'dp-num-clients-clipped': '6',
[92mINFO [0m:      	        'dp-parameter-count': '226596',
[92mINFO [0m:      	        'dp-signal-update-norm': '1.9906e+00',
[92mINFO [0m:      	        'dp-update-norms-before-clipping': "['4.4741e+00', '5.7228e+00', "
[92mINFO [0m:      	                                           "'6.6016e+00', '6.2979e+00', "
[92mINFO [0m:      	                                           "'4.8386e+00', '7.5281e+00', "
[92mINFO [0m:      	                                           "'7.8486e+00', '7.6697e+00']",
[92mINFO [0m:      	        'global-dp-noise-stdv': '3.1250e-02',
[92mINFO [0m:      	        'per-client-num-examples': "['711', '1244', '2044', '1777', '977', "
[92mINFO [0m:      	                                   "'2311', '2844', '2577']",
[92mINFO [0m:      	        'per-client-train_loss': "['1.1334e-01', '1.2073e-01', '9.5305e-02', "
[92mINFO [0m:      	                                 "'7.5865e-02', '8.2635e-02', '9.2071e-02', "
[92mINFO [0m:      	                                 "'1.0984e-01', '1.1440e-01']",
[92mINFO [0m:      	        'per-client-train_loss_mean': "['3.9136e-01', '2.8736e-01', "
[92mINFO [0m:      	                                      "'2.3394e-01', '2.2427e-01', "
[92mINFO [0m:      	                                      "'2.9432e-01', '2.5912e-01', "
[92mINFO [0m:      	                                      "'2.1212e-01', '2.3115e-01']",
[92mINFO [0m:      	        'train_loss': '1.0087e-01',
[92mINFO [0m:      	        'train_loss_mean': '2.4838e-01'},
[92mINFO [0m:      	  19: { 'client-ids': "['0', '1', '2', '3', '4', '5', '6', '7']",
[92mINFO [0m:      	        'dp-client-clipped': "['0', '1', '1', '1', '1', '1', '1', '1']",
[92mINFO [0m:      	        'dp-client-ids': "['0', '1', '2', '3', '4', '5', '6', '7']",
[92mINFO [0m:      	        'dp-expected-noise-l2-norm': '1.4876e+01',
[92mINFO [0m:      	        'dp-fraction-clipped': '8.7500e-01',
[92mINFO [0m:      	        'dp-noise-percent-of-signal': '7.4541e+02',
[92mINFO [0m:      	        'dp-noise-to-signal-ratio': '7.4541e+00',
[92mINFO [0m:      	        'dp-num-clients-clipped': '7',
[92mINFO [0m:      	        'dp-parameter-count': '226596',
[92mINFO [0m:      	        'dp-signal-update-norm': '1.9956e+00',
[92mINFO [0m:      	        'dp-update-norms-before-clipping': "['4.4879e+00', '5.6051e+00', "
[92mINFO [0m:      	                                           "'6.8439e+00', '6.4507e+00', "
[92mINFO [0m:      	                                           "'5.0753e+00', '7.4609e+00', "
[92mINFO [0m:      	                                           "'8.0104e+00', '7.7288e+00']",
[92mINFO [0m:      	        'global-dp-noise-stdv': '3.1250e-02',
[92mINFO [0m:      	        'per-client-num-examples': "['711', '1244', '2044', '1777', '977', "
[92mINFO [0m:      	                                   "'2311', '2844', '2577']",
[92mINFO [0m:      	        'per-client-train_loss': "['1.2385e-01', '8.0442e-02', '9.2394e-02', "
[92mINFO [0m:      	                                 "'1.0819e-01', '6.9642e-02', '9.9112e-02', "
[92mINFO [0m:      	                                 "'1.0606e-01', '9.2298e-02']",
[92mINFO [0m:      	        'per-client-train_loss_mean': "['3.9097e-01', '2.8126e-01', "
[92mINFO [0m:      	                                      "'2.3916e-01', '2.2980e-01', "
[92mINFO [0m:      	                                      "'2.8831e-01', '2.3447e-01', "
[92mINFO [0m:      	                                      "'2.0734e-01', '2.3258e-01']",
[92mINFO [0m:      	        'train_loss': '9.7052e-02',
[92mINFO [0m:      	        'train_loss_mean': '2.4423e-01'},
[92mINFO [0m:      	  20: { 'client-ids': "['0', '1', '2', '3', '4', '5', '6', '7']",
[92mINFO [0m:      	        'dp-client-clipped': "['0', '1', '1', '1', '0', '1', '1', '1']",
[92mINFO [0m:      	        'dp-client-ids': "['0', '1', '2', '3', '4', '5', '6', '7']",
[92mINFO [0m:      	        'dp-expected-noise-l2-norm': '1.4876e+01',
[92mINFO [0m:      	        'dp-fraction-clipped': '7.5000e-01',
[92mINFO [0m:      	        'dp-noise-percent-of-signal': '7.4875e+02',
[92mINFO [0m:      	        'dp-noise-to-signal-ratio': '7.4875e+00',
[92mINFO [0m:      	        'dp-num-clients-clipped': '6',
[92mINFO [0m:      	        'dp-parameter-count': '226596',
[92mINFO [0m:      	        'dp-signal-update-norm': '1.9867e+00',
[92mINFO [0m:      	        'dp-update-norms-before-clipping': "['4.4454e+00', '5.6121e+00', "
[92mINFO [0m:      	                                           "'6.7779e+00', '6.2298e+00', "
[92mINFO [0m:      	                                           "'4.8070e+00', '7.2658e+00', "
[92mINFO [0m:      	                                           "'7.7900e+00', '7.3729e+00']",
[92mINFO [0m:      	        'global-dp-noise-stdv': '3.1250e-02',
[92mINFO [0m:      	        'per-client-num-examples': "['711', '1244', '2044', '1777', '977', "
[92mINFO [0m:      	                                   "'2311', '2844', '2577']",
[92mINFO [0m:      	        'per-client-train_loss': "['9.4192e-02', '9.8831e-02', '8.4307e-02', "
[92mINFO [0m:      	                                 "'6.1854e-02', '5.5354e-02', '9.7320e-02', "
[92mINFO [0m:      	                                 "'1.0029e-01', '7.9433e-02']",
[92mINFO [0m:      	        'per-client-train_loss_mean': "['3.3300e-01', '2.7783e-01', "
[92mINFO [0m:      	                                      "'2.2927e-01', '2.2351e-01', "
[92mINFO [0m:      	                                      "'2.8367e-01', '2.2144e-01', "
[92mINFO [0m:      	                                      "'1.8679e-01', '2.0532e-01']",
[92mINFO [0m:      	        'train_loss': '8.5679e-02',
[92mINFO [0m:      	        'train_loss_mean': '2.2764e-01'}}
[92mINFO [0m:      	
[92mINFO [0m:      	Aggregated ClientApp-side Evaluate Metrics:
[92mINFO [0m:      	{ 1: { 'client-ids': "['0', '1', '2', '3', '4', '5', '6', '7']",
[92mINFO [0m:      	       'eval_acc': '2.5483e-01',
[92mINFO [0m:      	       'eval_loss': '1.3709e+00',
[92mINFO [0m:      	       'per-client-eval_acc': "['2.6404e-01', '2.6282e-01', '2.5391e-01', "
[92mINFO [0m:      	                              "'2.4944e-01', '2.4082e-01', '2.4740e-01', "
[92mINFO [0m:      	                              "'2.6020e-01', '2.5891e-01']",
[92mINFO [0m:      	       'per-client-eval_loss': "['1.3683e+00', '1.3702e+00', '1.3709e+00', "
[92mINFO [0m:      	                               "'1.3733e+00', '1.3721e+00', '1.3716e+00', "
[92mINFO [0m:      	                               "'1.3708e+00', '1.3693e+00']",
[92mINFO [0m:      	       'per-client-num-examples': "['178', '312', '512', '445', '245', '578', "
[92mINFO [0m:      	                                  "'711', '645']"},
[92mINFO [0m:      	  2: { 'client-ids': "['0', '1', '2', '3', '4', '5', '6', '7']",
[92mINFO [0m:      	       'eval_acc': '4.3657e-01',
[92mINFO [0m:      	       'eval_loss': '1.1521e+00',
[92mINFO [0m:      	       'per-client-eval_acc': "['4.3258e-01', '4.6795e-01', '4.2969e-01', "
[92mINFO [0m:      	                              "'4.3596e-01', '4.4898e-01', '4.3772e-01', "
[92mINFO [0m:      	                              "'4.2616e-01', '4.3411e-01']",
[92mINFO [0m:      	       'per-client-eval_loss': "['1.1602e+00', '1.1585e+00', '1.1538e+00', "
[92mINFO [0m:      	                               "'1.1518e+00', '1.1348e+00', '1.1459e+00', "
[92mINFO [0m:      	                               "'1.1641e+00', '1.1447e+00']",
[92mINFO [0m:      	       'per-client-num-examples': "['178', '312', '512', '445', '245', '578', "
[92mINFO [0m:      	                                  "'711', '645']"},
[92mINFO [0m:      	  3: { 'client-ids': "['0', '1', '2', '3', '4', '5', '6', '7']",
[92mINFO [0m:      	       'eval_acc': '6.4396e-01',
[92mINFO [0m:      	       'eval_loss': '8.3824e-01',
[92mINFO [0m:      	       'per-client-eval_acc': "['6.3483e-01', '6.3141e-01', '6.5820e-01', "
[92mINFO [0m:      	                              "'6.4494e-01', '6.1633e-01', '6.5571e-01', "
[92mINFO [0m:      	                              "'6.2588e-01', '6.6047e-01']",
[92mINFO [0m:      	       'per-client-eval_loss': "['8.1355e-01', '8.2144e-01', '8.4170e-01', "
[92mINFO [0m:      	                               "'8.7362e-01', '8.2368e-01', '8.1156e-01', "
[92mINFO [0m:      	                               "'8.6624e-01', '8.2457e-01']",
[92mINFO [0m:      	       'per-client-num-examples': "['178', '312', '512', '445', '245', '578', "
[92mINFO [0m:      	                                  "'711', '645']"},
[92mINFO [0m:      	  4: { 'client-ids': "['0', '1', '2', '3', '4', '5', '6', '7']",
[92mINFO [0m:      	       'eval_acc': '4.0541e-01',
[92mINFO [0m:      	       'eval_loss': '1.5937e+00',
[92mINFO [0m:      	       'per-client-eval_acc': "['4.1011e-01', '4.0385e-01', '3.8672e-01', "
[92mINFO [0m:      	                              "'4.1124e-01', '4.4490e-01', '4.4118e-01', "
[92mINFO [0m:      	                              "'3.9241e-01', '3.8295e-01']",
[92mINFO [0m:      	       'per-client-eval_loss': "['1.5380e+00', '1.5816e+00', '1.5585e+00', "
[92mINFO [0m:      	                               "'1.6175e+00', '1.5111e+00', '1.5940e+00', "
[92mINFO [0m:      	                               "'1.6442e+00', '1.6019e+00']",
[92mINFO [0m:      	       'per-client-num-examples': "['178', '312', '512', '445', '245', '578', "
[92mINFO [0m:      	                                  "'711', '645']"},
[92mINFO [0m:      	  5: { 'client-ids': "['0', '1', '2', '3', '4', '5', '6', '7']",
[92mINFO [0m:      	       'eval_acc': '6.6740e-01',
[92mINFO [0m:      	       'eval_loss': '7.8765e-01',
[92mINFO [0m:      	       'per-client-eval_acc': "['6.4607e-01', '7.1154e-01', '6.6016e-01', "
[92mINFO [0m:      	                              "'6.4944e-01', '6.8163e-01', '6.7820e-01', "
[92mINFO [0m:      	                              "'6.6245e-01', '6.6047e-01']",
[92mINFO [0m:      	       'per-client-eval_loss': "['8.2247e-01', '7.1255e-01', '8.0009e-01', "
[92mINFO [0m:      	                               "'8.3269e-01', '7.4373e-01', '7.6033e-01', "
[92mINFO [0m:      	                               "'7.9849e-01', '8.0265e-01']",
[92mINFO [0m:      	       'per-client-num-examples': "['178', '312', '512', '445', '245', '578', "
[92mINFO [0m:      	                                  "'711', '645']"},
[92mINFO [0m:      	  6: { 'client-ids': "['0', '1', '2', '3', '4', '5', '6', '7']",
[92mINFO [0m:      	       'eval_acc': '6.9305e-01',
[92mINFO [0m:      	       'eval_loss': '7.4498e-01',
[92mINFO [0m:      	       'per-client-eval_acc': "['6.4607e-01', '6.7949e-01', '6.8945e-01', "
[92mINFO [0m:      	                              "'6.5618e-01', '7.1837e-01', '7.1453e-01', "
[92mINFO [0m:      	                              "'7.0323e-01', '7.0078e-01']",
[92mINFO [0m:      	       'per-client-eval_loss': "['8.3975e-01', '7.5563e-01', '7.7310e-01', "
[92mINFO [0m:      	                               "'7.9106e-01', '7.1877e-01', '6.9295e-01', "
[92mINFO [0m:      	                               "'7.5073e-01', '7.0979e-01']",
[92mINFO [0m:      	       'per-client-num-examples': "['178', '312', '512', '445', '245', '578', "
[92mINFO [0m:      	                                  "'711', '645']"},
[92mINFO [0m:      	  7: { 'client-ids': "['0', '1', '2', '3', '4', '5', '6', '7']",
[92mINFO [0m:      	       'eval_acc': '7.2780e-01',
[92mINFO [0m:      	       'eval_loss': '7.0544e-01',
[92mINFO [0m:      	       'per-client-eval_acc': "['6.7978e-01', '7.2436e-01', '7.1680e-01', "
[92mINFO [0m:      	                              "'7.1910e-01', '7.2245e-01', '7.5606e-01', "
[92mINFO [0m:      	                              "'7.2574e-01', '7.3643e-01']",
[92mINFO [0m:      	       'per-client-eval_loss': "['7.8088e-01', '6.6871e-01', '7.1995e-01', "
[92mINFO [0m:      	                               "'7.9104e-01', '7.2330e-01', '6.4534e-01', "
[92mINFO [0m:      	                               "'6.8945e-01', '6.9653e-01']",
[92mINFO [0m:      	       'per-client-num-examples': "['178', '312', '512', '445', '245', '578', "
[92mINFO [0m:      	                                  "'711', '645']"},
[92mINFO [0m:      	  8: { 'client-ids': "['0', '1', '2', '3', '4', '5', '6', '7']",
[92mINFO [0m:      	       'eval_acc': '6.6851e-01',
[92mINFO [0m:      	       'eval_loss': '9.8108e-01',
[92mINFO [0m:      	       'per-client-eval_acc': "['6.3483e-01', '6.7308e-01', '6.4062e-01', "
[92mINFO [0m:      	                              "'6.3146e-01', '6.6122e-01', '6.9031e-01', "
[92mINFO [0m:      	                              "'6.8636e-01', '6.8682e-01']",
[92mINFO [0m:      	       'per-client-eval_loss': "['1.0483e+00', '9.6108e-01', '1.0838e+00', "
[92mINFO [0m:      	                               "'1.0673e+00', '9.4510e-01', '8.8346e-01', "
[92mINFO [0m:      	                               "'9.8672e-01', '9.2610e-01']",
[92mINFO [0m:      	       'per-client-num-examples': "['178', '312', '512', '445', '245', '578', "
[92mINFO [0m:      	                                  "'711', '645']"},
[92mINFO [0m:      	  9: { 'client-ids': "['0', '1', '2', '3', '4', '5', '6', '7']",
[92mINFO [0m:      	       'eval_acc': '7.0381e-01',
[92mINFO [0m:      	       'eval_loss': '8.6711e-01',
[92mINFO [0m:      	       'per-client-eval_acc': "['6.7978e-01', '6.6026e-01', '6.8359e-01', "
[92mINFO [0m:      	                              "'6.9663e-01', '7.3878e-01', '7.3702e-01', "
[92mINFO [0m:      	                              "'7.2011e-01', '6.9147e-01']",
[92mINFO [0m:      	       'per-client-eval_loss': "['9.1945e-01', '9.7325e-01', '9.0826e-01', "
[92mINFO [0m:      	                               "'8.3404e-01', '7.6990e-01', '7.9052e-01', "
[92mINFO [0m:      	                               "'8.7535e-01', '8.8796e-01']",
[92mINFO [0m:      	       'per-client-num-examples': "['178', '312', '512', '445', '245', '578', "
[92mINFO [0m:      	                                  "'711', '645']"},
[92mINFO [0m:      	  10: { 'client-ids': "['0', '1', '2', '3', '4', '5', '6', '7']",
[92mINFO [0m:      	        'eval_acc': '6.5361e-01',
[92mINFO [0m:      	        'eval_loss': '1.0846e+00',
[92mINFO [0m:      	        'per-client-eval_acc': "['6.0112e-01', '6.3141e-01', '6.4258e-01', "
[92mINFO [0m:      	                               "'6.8315e-01', '6.9388e-01', '6.3841e-01', "
[92mINFO [0m:      	                               "'6.6667e-01', '6.5116e-01']",
[92mINFO [0m:      	        'per-client-eval_loss': "['1.1792e+00', '1.0851e+00', '1.1142e+00', "
[92mINFO [0m:      	                                "'9.9542e-01', '9.3077e-01', '1.1412e+00', "
[92mINFO [0m:      	                                "'1.0895e+00', '1.0988e+00']",
[92mINFO [0m:      	        'per-client-num-examples': "['178', '312', '512', '445', '245', '578', "
[92mINFO [0m:      	                                   "'711', '645']"},
[92mINFO [0m:      	  11: { 'client-ids': "['0', '1', '2', '3', '4', '5', '6', '7']",
[92mINFO [0m:      	        'eval_acc': '6.7319e-01',
[92mINFO [0m:      	        'eval_loss': '1.0900e+00',
[92mINFO [0m:      	        'per-client-eval_acc': "['6.5730e-01', '6.6346e-01', '6.7578e-01', "
[92mINFO [0m:      	                               "'7.1685e-01', '6.8980e-01', '6.7647e-01', "
[92mINFO [0m:      	                               "'6.6245e-01', '6.5271e-01']",
[92mINFO [0m:      	        'per-client-eval_loss': "['1.1598e+00', '1.0307e+00', '1.0823e+00', "
[92mINFO [0m:      	                                "'9.0920e-01', '1.1062e+00', '1.1479e+00', "
[92mINFO [0m:      	                                "'1.1308e+00', '1.1270e+00']",
[92mINFO [0m:      	        'per-client-num-examples': "['178', '312', '512', '445', '245', '578', "
[92mINFO [0m:      	                                   "'711', '645']"},
[92mINFO [0m:      	  12: { 'client-ids': "['0', '1', '2', '3', '4', '5', '6', '7']",
[92mINFO [0m:      	        'eval_acc': '7.4462e-01',
[92mINFO [0m:      	        'eval_loss': '8.7963e-01',
[92mINFO [0m:      	        'per-client-eval_acc': "['6.7978e-01', '7.5641e-01', '7.6367e-01', "
[92mINFO [0m:      	                               "'7.6180e-01', '7.3061e-01', '7.3010e-01', "
[92mINFO [0m:      	                               "'7.5387e-01', '7.3798e-01']",
[92mINFO [0m:      	        'per-client-eval_loss': "['9.3192e-01', '8.5920e-01', '8.0647e-01', "
[92mINFO [0m:      	                                "'7.6721e-01', '1.0073e+00', '9.5572e-01', "
[92mINFO [0m:      	                                "'8.8449e-01', '8.8870e-01']",
[92mINFO [0m:      	        'per-client-num-examples': "['178', '312', '512', '445', '245', '578', "
[92mINFO [0m:      	                                   "'711', '645']"},
[92mINFO [0m:      	  13: { 'client-ids': "['0', '1', '2', '3', '4', '5', '6', '7']",
[92mINFO [0m:      	        'eval_acc': '7.4435e-01',
[92mINFO [0m:      	        'eval_loss': '8.1519e-01',
[92mINFO [0m:      	        'per-client-eval_acc': "['7.1348e-01', '7.3397e-01', '7.6562e-01', "
[92mINFO [0m:      	                               "'7.5281e-01', '7.2653e-01', '7.5952e-01', "
[92mINFO [0m:      	                               "'7.2855e-01', '7.4574e-01']",
[92mINFO [0m:      	        'per-client-eval_loss': "['8.8018e-01', '8.1904e-01', '7.6796e-01', "
[92mINFO [0m:      	                                "'7.3090e-01', '9.0307e-01', '7.6729e-01', "
[92mINFO [0m:      	                                "'8.6488e-01', '8.4580e-01']",
[92mINFO [0m:      	        'per-client-num-examples': "['178', '312', '512', '445', '245', '578', "
[92mINFO [0m:      	                                   "'711', '645']"},
[92mINFO [0m:      	  14: { 'client-ids': "['0', '1', '2', '3', '4', '5', '6', '7']",
[92mINFO [0m:      	        'eval_acc': '7.0436e-01',
[92mINFO [0m:      	        'eval_loss': '1.0860e+00',
[92mINFO [0m:      	        'per-client-eval_acc': "['7.0787e-01', '6.7308e-01', '7.0508e-01', "
[92mINFO [0m:      	                               "'6.9663e-01', '6.9388e-01', '7.2318e-01', "
[92mINFO [0m:      	                               "'7.1167e-01', '7.0233e-01']",
[92mINFO [0m:      	        'per-client-eval_loss': "['1.0693e+00', '1.1664e+00', '1.0806e+00', "
[92mINFO [0m:      	                                "'1.0360e+00', '1.0890e+00', '1.1030e+00', "
[92mINFO [0m:      	                                "'1.0774e+00', '1.0836e+00']",
[92mINFO [0m:      	        'per-client-num-examples': "['178', '312', '512', '445', '245', '578', "
[92mINFO [0m:      	                                   "'711', '645']"},
[92mINFO [0m:      	  15: { 'client-ids': "['0', '1', '2', '3', '4', '5', '6', '7']",
[92mINFO [0m:      	        'eval_acc': '7.1180e-01',
[92mINFO [0m:      	        'eval_loss': '1.0402e+00',
[92mINFO [0m:      	        'per-client-eval_acc': "['7.0787e-01', '6.6667e-01', '7.0508e-01', "
[92mINFO [0m:      	                               "'7.2809e-01', '7.5918e-01', '7.1453e-01', "
[92mINFO [0m:      	                               "'7.1167e-01', '7.0853e-01']",
[92mINFO [0m:      	        'per-client-eval_loss': "['9.7949e-01', '1.1157e+00', '1.0388e+00', "
[92mINFO [0m:      	                                "'9.4317e-01', '8.0682e-01', '1.1107e+00', "
[92mINFO [0m:      	                                "'1.1224e+00', '1.0234e+00']",
[92mINFO [0m:      	        'per-client-num-examples': "['178', '312', '512', '445', '245', '578', "
[92mINFO [0m:      	                                   "'711', '645']"},
[92mINFO [0m:      	  16: { 'client-ids': "['0', '1', '2', '3', '4', '5', '6', '7']",
[92mINFO [0m:      	        'eval_acc': '7.6034e-01',
[92mINFO [0m:      	        'eval_loss': '8.4801e-01',
[92mINFO [0m:      	        'per-client-eval_acc': "['7.3034e-01', '7.6923e-01', '7.6172e-01', "
[92mINFO [0m:      	                               "'7.4382e-01', '7.5510e-01', '7.7682e-01', "
[92mINFO [0m:      	                               "'7.5387e-01', '7.6899e-01']",
[92mINFO [0m:      	        'per-client-eval_loss': "['9.7182e-01', '8.1545e-01', '9.0512e-01', "
[92mINFO [0m:      	                                "'8.8999e-01', '8.0699e-01', '7.7699e-01', "
[92mINFO [0m:      	                                "'8.6053e-01', '8.2072e-01']",
[92mINFO [0m:      	        'per-client-num-examples': "['178', '312', '512', '445', '245', '578', "
[92mINFO [0m:      	                                   "'711', '645']"},
[92mINFO [0m:      	  17: { 'client-ids': "['0', '1', '2', '3', '4', '5', '6', '7']",
[92mINFO [0m:      	        'eval_acc': '7.3138e-01',
[92mINFO [0m:      	        'eval_loss': '9.1601e-01',
[92mINFO [0m:      	        'per-client-eval_acc': "['7.1348e-01', '7.2756e-01', '7.4414e-01', "
[92mINFO [0m:      	                               "'7.0112e-01', '7.5102e-01', '7.3702e-01', "
[92mINFO [0m:      	                               "'7.3136e-01', '7.3643e-01']",
[92mINFO [0m:      	        'per-client-eval_loss': "['1.0184e+00', '8.8039e-01', '9.2177e-01', "
[92mINFO [0m:      	                                "'9.6015e-01', '8.7081e-01', '7.9827e-01', "
[92mINFO [0m:      	                                "'9.6281e-01', '9.4109e-01']",
[92mINFO [0m:      	        'per-client-num-examples': "['178', '312', '512', '445', '245', '578', "
[92mINFO [0m:      	                                   "'711', '645']"},
[92mINFO [0m:      	  18: { 'client-ids': "['0', '1', '2', '3', '4', '5', '6', '7']",
[92mINFO [0m:      	        'eval_acc': '7.3276e-01',
[92mINFO [0m:      	        'eval_loss': '1.0188e+00',
[92mINFO [0m:      	        'per-client-eval_acc': "['6.9101e-01', '7.4679e-01', '7.5000e-01', "
[92mINFO [0m:      	                               "'7.2135e-01', '7.5102e-01', '7.3875e-01', "
[92mINFO [0m:      	                               "'7.2714e-01', '7.2558e-01']",
[92mINFO [0m:      	        'per-client-eval_loss': "['1.3035e+00', '9.0568e-01', '1.0407e+00', "
[92mINFO [0m:      	                                "'1.0261e+00', '9.6197e-01', '1.0044e+00', "
[92mINFO [0m:      	                                "'9.9888e-01', '1.0289e+00']",
[92mINFO [0m:      	        'per-client-num-examples': "['178', '312', '512', '445', '245', '578', "
[92mINFO [0m:      	                                   "'711', '645']"},
[92mINFO [0m:      	  19: { 'client-ids': "['0', '1', '2', '3', '4', '5', '6', '7']",
[92mINFO [0m:      	        'eval_acc': '7.1180e-01',
[92mINFO [0m:      	        'eval_loss': '1.2644e+00',
[92mINFO [0m:      	        'per-client-eval_acc': "['6.7416e-01', '7.2756e-01', '6.9336e-01', "
[92mINFO [0m:      	                               "'7.1236e-01', '7.1020e-01', '7.4567e-01', "
[92mINFO [0m:      	                               "'6.9902e-01', '7.1318e-01']",
[92mINFO [0m:      	        'per-client-eval_loss': "['1.3814e+00', '1.1613e+00', '1.5016e+00', "
[92mINFO [0m:      	                                "'1.3005e+00', '1.1307e+00', '1.0631e+00', "
[92mINFO [0m:      	                                "'1.3106e+00', '1.2490e+00']",
[92mINFO [0m:      	        'per-client-num-examples': "['178', '312', '512', '445', '245', '578', "
[92mINFO [0m:      	                                   "'711', '645']"},
[92mINFO [0m:      	  20: { 'client-ids': "['0', '1', '2', '3', '4', '5', '6', '7']",
[92mINFO [0m:      	        'eval_acc': '7.0794e-01',
[92mINFO [0m:      	        'eval_loss': '1.2416e+00',
[92mINFO [0m:      	        'per-client-eval_acc': "['6.7416e-01', '6.7949e-01', '7.1289e-01', "
[92mINFO [0m:      	                               "'6.8989e-01', '7.1020e-01', '7.3183e-01', "
[92mINFO [0m:      	                               "'6.9761e-01', '7.2868e-01']",
[92mINFO [0m:      	        'per-client-eval_loss': "['1.3739e+00', '1.2360e+00', '1.1826e+00', "
[92mINFO [0m:      	                                "'1.3679e+00', '1.1412e+00', '1.1774e+00', "
[92mINFO [0m:      	                                "'1.1908e+00', '1.3193e+00']",
[92mINFO [0m:      	        'per-client-num-examples': "['178', '312', '512', '445', '245', '578', "
[92mINFO [0m:      	                                   "'711', '645']"}}
[92mINFO [0m:      	
[92mINFO [0m:      	ServerApp-side Evaluate Metrics:
[92mINFO [0m:      	{ 0: { 'accuracy': '2.5000e-01',
[92mINFO [0m:      	       'auc': '4.8709e-01',
[92mINFO [0m:      	       'f1': '1.0000e-01',
[92mINFO [0m:      	       'loss': '1.3893e+00',
[92mINFO [0m:      	       'precision': '6.2500e-02'},
[92mINFO [0m:      	  1: { 'accuracy': '2.5300e-01',
[92mINFO [0m:      	       'auc': '6.3675e-01',
[92mINFO [0m:      	       'f1': '1.0625e-01',
[92mINFO [0m:      	       'loss': '1.3706e+00',
[92mINFO [0m:      	       'precision': '4.9132e-01'},
[92mINFO [0m:      	  2: { 'accuracy': '4.3950e-01',
[92mINFO [0m:      	       'auc': '7.5722e-01',
[92mINFO [0m:      	       'f1': '3.8315e-01',
[92mINFO [0m:      	       'loss': '1.1434e+00',
[92mINFO [0m:      	       'precision': '5.8370e-01'},
[92mINFO [0m:      	  3: { 'accuracy': '6.5350e-01',
[92mINFO [0m:      	       'auc': '8.8790e-01',
[92mINFO [0m:      	       'f1': '6.3597e-01',
[92mINFO [0m:      	       'loss': '8.1584e-01',
[92mINFO [0m:      	       'precision': '6.7563e-01'},
[92mINFO [0m:      	  4: { 'accuracy': '4.0400e-01',
[92mINFO [0m:      	       'auc': '6.9522e-01',
[92mINFO [0m:      	       'f1': '3.3093e-01',
[92mINFO [0m:      	       'loss': '1.5891e+00',
[92mINFO [0m:      	       'precision': '5.7287e-01'},
[92mINFO [0m:      	  5: { 'accuracy': '6.6700e-01',
[92mINFO [0m:      	       'auc': '8.9240e-01',
[92mINFO [0m:      	       'f1': '6.5030e-01',
[92mINFO [0m:      	       'loss': '7.8830e-01',
[92mINFO [0m:      	       'precision': '7.1206e-01'},
[92mINFO [0m:      	  6: { 'accuracy': '7.0200e-01',
[92mINFO [0m:      	       'auc': '9.1474e-01',
[92mINFO [0m:      	       'f1': '7.0804e-01',
[92mINFO [0m:      	       'loss': '7.1221e-01',
[92mINFO [0m:      	       'precision': '7.3195e-01'},
[92mINFO [0m:      	  7: { 'accuracy': '7.2700e-01',
[92mINFO [0m:      	       'auc': '9.2062e-01',
[92mINFO [0m:      	       'f1': '7.2895e-01',
[92mINFO [0m:      	       'loss': '6.9504e-01',
[92mINFO [0m:      	       'precision': '7.4722e-01'},
[92mINFO [0m:      	  8: { 'accuracy': '6.8000e-01',
[92mINFO [0m:      	       'auc': '8.8916e-01',
[92mINFO [0m:      	       'f1': '6.8959e-01',
[92mINFO [0m:      	       'loss': '9.7291e-01',
[92mINFO [0m:      	       'precision': '7.4479e-01'},
[92mINFO [0m:      	  9: { 'accuracy': '6.9650e-01',
[92mINFO [0m:      	       'auc': '8.9973e-01',
[92mINFO [0m:      	       'f1': '6.9412e-01',
[92mINFO [0m:      	       'loss': '9.2768e-01',
[92mINFO [0m:      	       'precision': '7.3542e-01'},
[92mINFO [0m:      	  10: { 'accuracy': '6.6650e-01',
[92mINFO [0m:      	        'auc': '8.8365e-01',
[92mINFO [0m:      	        'f1': '6.5612e-01',
[92mINFO [0m:      	        'loss': '1.0512e+00',
[92mINFO [0m:      	        'precision': '7.0771e-01'},
[92mINFO [0m:      	  11: { 'accuracy': '6.8450e-01',
[92mINFO [0m:      	        'auc': '8.9290e-01',
[92mINFO [0m:      	        'f1': '6.7282e-01',
[92mINFO [0m:      	        'loss': '1.0985e+00',
[92mINFO [0m:      	        'precision': '7.0670e-01'},
[92mINFO [0m:      	  12: { 'accuracy': '7.5350e-01',
[92mINFO [0m:      	        'auc': '9.2545e-01',
[92mINFO [0m:      	        'f1': '7.4999e-01',
[92mINFO [0m:      	        'loss': '8.9897e-01',
[92mINFO [0m:      	        'precision': '7.4950e-01'},
[92mINFO [0m:      	  13: { 'accuracy': '7.4600e-01',
[92mINFO [0m:      	        'auc': '9.2478e-01',
[92mINFO [0m:      	        'f1': '7.4501e-01',
[92mINFO [0m:      	        'loss': '8.6884e-01',
[92mINFO [0m:      	        'precision': '7.4770e-01'},
[92mINFO [0m:      	  14: { 'accuracy': '6.9650e-01',
[92mINFO [0m:      	        'auc': '8.9861e-01',
[92mINFO [0m:      	        'f1': '6.8643e-01',
[92mINFO [0m:      	        'loss': '1.1687e+00',
[92mINFO [0m:      	        'precision': '7.1183e-01'},
[92mINFO [0m:      	  15: { 'accuracy': '7.2400e-01',
[92mINFO [0m:      	        'auc': '9.1325e-01',
[92mINFO [0m:      	        'f1': '7.2100e-01',
[92mINFO [0m:      	        'loss': '1.0240e+00',
[92mINFO [0m:      	        'precision': '7.4214e-01'},
[92mINFO [0m:      	  16: { 'accuracy': '7.6100e-01',
[92mINFO [0m:      	        'auc': '9.3293e-01',
[92mINFO [0m:      	        'f1': '7.6121e-01',
[92mINFO [0m:      	        'loss': '8.7447e-01',
[92mINFO [0m:      	        'precision': '7.6739e-01'},
[92mINFO [0m:      	  17: { 'accuracy': '7.3850e-01',
[92mINFO [0m:      	        'auc': '9.2545e-01',
[92mINFO [0m:      	        'f1': '7.3913e-01',
[92mINFO [0m:      	        'loss': '9.3525e-01',
[92mINFO [0m:      	        'precision': '7.4608e-01'},
[92mINFO [0m:      	  18: { 'accuracy': '7.4250e-01',
[92mINFO [0m:      	        'auc': '9.2704e-01',
[92mINFO [0m:      	        'f1': '7.4153e-01',
[92mINFO [0m:      	        'loss': '1.0049e+00',
[92mINFO [0m:      	        'precision': '7.4142e-01'},
[92mINFO [0m:      	  19: { 'accuracy': '7.1450e-01',
[92mINFO [0m:      	        'auc': '9.0641e-01',
[92mINFO [0m:      	        'f1': '7.1987e-01',
[92mINFO [0m:      	        'loss': '1.3074e+00',
[92mINFO [0m:      	        'precision': '7.4283e-01'},
[92mINFO [0m:      	  20: { 'accuracy': '7.0800e-01',
[92mINFO [0m:      	        'auc': '9.0668e-01',
[92mINFO [0m:      	        'f1': '7.0591e-01',
[92mINFO [0m:      	        'loss': '1.3253e+00',
[92mINFO [0m:      	        'precision': '7.5131e-01'}}
[92mINFO [0m:      
Round 1 checkpoint written to /content/metricdp-pytorch/results/planned_runs/cifar/full/out-replace/clients-8/seed-44/ratio-0p00625/runs/cifar-full-out-replace__non-iid__global-dp__fedavg__clients-8__seed-44__nm0p05__clip5__rounds-20__epochs-5__cifar_chunks__cifar10_cnn.round-1.pt
Round 2 checkpoint written to /content/metricdp-pytorch/results/planned_runs/cifar/full/out-replace/clients-8/seed-44/ratio-0p00625/runs/cifar-full-out-replace__non-iid__global-dp__fedavg__clients-8__seed-44__nm0p05__clip5__rounds-20__epochs-5__cifar_chunks__cifar10_cnn.round-2.pt
Round 3 checkpoint written to /content/metricdp-pytorch/results/planned_runs/cifar/full/out-replace/clients-8/seed-44/ratio-0p00625/runs/cifar-full-out-replace__non-iid__global-dp__fedavg__clients-8__seed-44__nm0p05__clip5__rounds-20__epochs-5__cifar_chunks__cifar10_cnn.round-3.pt
Round 4 checkpoint written to /content/metricdp-pytorch/results/planned_runs/cifar/full/out-replace/clients-8/seed-44/ratio-0p00625/runs/cifar-full-out-replace__non-iid__global-dp__fedavg__clients-8__seed-44__nm0p05__clip5__rounds-20__epochs-5__cifar_chunks__cifar10_cnn.round-4.pt
Round 5 checkpoint written to /content/metricdp-pytorch/results/planned_runs/cifar/full/out-replace/clients-8/seed-44/ratio-0p00625/runs/cifar-full-out-replace__non-iid__global-dp__fedavg__clients-8__seed-44__nm0p05__clip5__rounds-20__epochs-5__cifar_chunks__cifar10_cnn.round-5.pt
Round 6 checkpoint written to /content/metricdp-pytorch/results/planned_runs/cifar/full/out-replace/clients-8/seed-44/ratio-0p00625/runs/cifar-full-out-replace__non-iid__global-dp__fedavg__clients-8__seed-44__nm0p05__clip5__rounds-20__epochs-5__cifar_chunks__cifar10_cnn.round-6.pt
Round 7 checkpoint written to /content/metricdp-pytorch/results/planned_runs/cifar/full/out-replace/clients-8/seed-44/ratio-0p00625/runs/cifar-full-out-replace__non-iid__global-dp__fedavg__clients-8__seed-44__nm0p05__clip5__rounds-20__epochs-5__cifar_chunks__cifar10_cnn.round-7.pt
Round 8 checkpoint written to /content/metricdp-pytorch/results/planned_runs/cifar/full/out-replace/clients-8/seed-44/ratio-0p00625/runs/cifar-full-out-replace__non-iid__global-dp__fedavg__clients-8__seed-44__nm0p05__clip5__rounds-20__epochs-5__cifar_chunks__cifar10_cnn.round-8.pt
Round 9 checkpoint written to /content/metricdp-pytorch/results/planned_runs/cifar/full/out-replace/clients-8/seed-44/ratio-0p00625/runs/cifar-full-out-replace__non-iid__global-dp__fedavg__clients-8__seed-44__nm0p05__clip5__rounds-20__epochs-5__cifar_chunks__cifar10_cnn.round-9.pt
Round 10 checkpoint written to /content/metricdp-pytorch/results/planned_runs/cifar/full/out-replace/clients-8/seed-44/ratio-0p00625/runs/cifar-full-out-replace__non-iid__global-dp__fedavg__clients-8__seed-44__nm0p05__clip5__rounds-20__epochs-5__cifar_chunks__cifar10_cnn.round-10.pt
Round 11 checkpoint written to /content/metricdp-pytorch/results/planned_runs/cifar/full/out-replace/clients-8/seed-44/ratio-0p00625/runs/cifar-full-out-replace__non-iid__global-dp__fedavg__clients-8__seed-44__nm0p05__clip5__rounds-20__epochs-5__cifar_chunks__cifar10_cnn.round-11.pt
Round 12 checkpoint written to /content/metricdp-pytorch/results/planned_runs/cifar/full/out-replace/clients-8/seed-44/ratio-0p00625/runs/cifar-full-out-replace__non-iid__global-dp__fedavg__clients-8__seed-44__nm0p05__clip5__rounds-20__epochs-5__cifar_chunks__cifar10_cnn.round-12.pt
Round 13 checkpoint written to /content/metricdp-pytorch/results/planned_runs/cifar/full/out-replace/clients-8/seed-44/ratio-0p00625/runs/cifar-full-out-replace__non-iid__global-dp__fedavg__clients-8__seed-44__nm0p05__clip5__rounds-20__epochs-5__cifar_chunks__cifar10_cnn.round-13.pt
Round 14 checkpoint written to /content/metricdp-pytorch/results/planned_runs/cifar/full/out-replace/clients-8/seed-44/ratio-0p00625/runs/cifar-full-out-replace__non-iid__global-dp__fedavg__clients-8__seed-44__nm0p05__clip5__rounds-20__epochs-5__cifar_chunks__cifar10_cnn.round-14.pt
Round 15 checkpoint written to /content/metricdp-pytorch/results/planned_runs/cifar/full/out-replace/clients-8/seed-44/ratio-0p00625/runs/cifar-full-out-replace__non-iid__global-dp__fedavg__clients-8__seed-44__nm0p05__clip5__rounds-20__epochs-5__cifar_chunks__cifar10_cnn.round-15.pt
Round 16 checkpoint written to /content/metricdp-pytorch/results/planned_runs/cifar/full/out-replace/clients-8/seed-44/ratio-0p00625/runs/cifar-full-out-replace__non-iid__global-dp__fedavg__clients-8__seed-44__nm0p05__clip5__rounds-20__epochs-5__cifar_chunks__cifar10_cnn.round-16.pt
Round 17 checkpoint written to /content/metricdp-pytorch/results/planned_runs/cifar/full/out-replace/clients-8/seed-44/ratio-0p00625/runs/cifar-full-out-replace__non-iid__global-dp__fedavg__clients-8__seed-44__nm0p05__clip5__rounds-20__epochs-5__cifar_chunks__cifar10_cnn.round-17.pt
Round 18 checkpoint written to /content/metricdp-pytorch/results/planned_runs/cifar/full/out-replace/clients-8/seed-44/ratio-0p00625/runs/cifar-full-out-replace__non-iid__global-dp__fedavg__clients-8__seed-44__nm0p05__clip5__rounds-20__epochs-5__cifar_chunks__cifar10_cnn.round-18.pt
Round 19 checkpoint written to /content/metricdp-pytorch/results/planned_runs/cifar/full/out-replace/clients-8/seed-44/ratio-0p00625/runs/cifar-full-out-replace__non-iid__global-dp__fedavg__clients-8__seed-44__nm0p05__clip5__rounds-20__epochs-5__cifar_chunks__cifar10_cnn.round-19.pt
Round 20 checkpoint written to /content/metricdp-pytorch/results/planned_runs/cifar/full/out-replace/clients-8/seed-44/ratio-0p00625/runs/cifar-full-out-replace__non-iid__global-dp__fedavg__clients-8__seed-44__nm0p05__clip5__rounds-20__epochs-5__cifar_chunks__cifar10_cnn.round-20.pt
Experiment result written to /content/metricdp-pytorch/results/planned_runs/cifar/full/out-replace/clients-8/seed-44/ratio-0p00625/runs/cifar-full-out-replace__non-iid__global-dp__fedavg__clients-8__seed-44__nm0p05__clip5__rounds-20__epochs-5__cifar_chunks__cifar10_cnn.json
/usr/lib/python3.12/multiprocessing/popen_fork.py:66: DeprecationWarning: This process (pid=1282) is multi-threaded, use of fork() may lead to deadlocks in the child.
  self.pid = os.fork()
[36m(ClientAppActor pid=2086)[0m [93mWARNING [0m:   Manually terminating ClientAppActor
[36m(ClientAppActor pid=2085)[0m /usr/lib/python3.12/multiprocessing/popen_fork.py:66: DeprecationWarning: This process (pid=2085) is multi-threaded, use of fork() may lead to deadlocks in the child.[32m [repeated 7x across cluster][0m
[36m(ClientAppActor pid=2085)[0m   self.pid = os.fork()[32m [repeated 7x across cluster][0m
[36m(ClientAppActor pid=2089)[0m [93mWARNING [0m:   Manually terminating ClientAppActor[32m [repeated 3x across cluster][0m
Detailed evaluation written to /content/metricdp-pytorch/results/planned_runs/cifar/full/out-replace/clients-8/seed-44/ratio-0p00625/runs/cifar-full-out-replace__non-iid__global-dp__fedavg__clients-8__seed-44__nm0p05__clip5__rounds-20__epochs-5__cifar_chunks__cifar10_cnn.evaluation.json and /content/metricdp-pytorch/results/planned_runs/cifar/full/out-replace/clients-8/seed-44/ratio-0p00625/runs/cifar-full-out-replace__non-iid__global-dp__fedavg__clients-8__seed-44__nm0p05__clip5__rounds-20__epochs-5__cifar_chunks__cifar10_cnn.predictions.npz
Result: /content/metricdp-pytorch/results/planned_runs/cifar/full/out-replace/clients-8/seed-44/ratio-0p00625/runs/cifar-full-out-replace__non-iid__global-dp__fedavg__clients-8__seed-44__nm0p05__clip5__rounds-20__epochs-5__cifar_chunks__cifar10_cnn.json
Final server metrics: {'loss': 1.3252888436317445, 'accuracy': 0.708, 'f1': 0.7059145426467228, 'precision': 0.7513096197281286, 'auc': 0.9066824583333334}
2026-08-05 19:52:12 DONE  cifar-full-out-replace__non-iid__global-dp__fedavg__clients-8__seed-44__nm0p05__clip5__rounds-20__epochs-5__cifar_chunks__cifar10_cnn (269.3s)
Warning: You are sending unauthenticated requests to the HF Hub. Please set a HF_TOKEN to enable higher rate limits and faster downloads.
2026-08-05 19:52:20 EVALUATED cifar-full-out-replace__non-iid__global-dp__fedavg__clients-8__seed-44__nm0p05__clip5__rounds-20__epochs-5__cifar_chunks__cifar10_cnn round=1 (checkpoint deleted)
2026-08-05 19:52:24 EVALUATED cifar-full-out-replace__non-iid__global-dp__fedavg__clients-8__seed-44__nm0p05__clip5__rounds-20__epochs-5__cifar_chunks__cifar10_cnn round=2 (checkpoint deleted)
2026-08-05 19:52:28 EVALUATED cifar-full-out-replace__non-iid__global-dp__fedavg__clients-8__seed-44__nm0p05__clip5__rounds-20__epochs-5__cifar_chunks__cifar10_cnn round=3 (checkpoint deleted)
2026-08-05 19:52:33 EVALUATED cifar-full-out-replace__non-iid__global-dp__fedavg__clients-8__seed-44__nm0p05__clip5__rounds-20__epochs-5__cifar_chunks__cifar10_cnn round=4 (checkpoint deleted)
2026-08-05 19:52:37 EVALUATED cifar-full-out-replace__non-iid__global-dp__fedavg__clients-8__seed-44__nm0p05__clip5__rounds-20__epochs-5__cifar_chunks__cifar10_cnn round=5 (checkpoint deleted)
2026-08-05 19:52:42 EVALUATED cifar-full-out-replace__non-iid__global-dp__fedavg__clients-8__seed-44__nm0p05__clip5__rounds-20__epochs-5__cifar_chunks__cifar10_cnn round=6 (checkpoint deleted)
2026-08-05 19:52:46 EVALUATED cifar-full-out-replace__non-iid__global-dp__fedavg__clients-8__seed-44__nm0p05__clip5__rounds-20__epochs-5__cifar_chunks__cifar10_cnn round=7 (checkpoint deleted)
2026-08-05 19:52:50 EVALUATED cifar-full-out-replace__non-iid__global-dp__fedavg__clients-8__seed-44__nm0p05__clip5__rounds-20__epochs-5__cifar_chunks__cifar10_cnn round=8 (checkpoint deleted)
2026-08-05 19:52:55 EVALUATED cifar-full-out-replace__non-iid__global-dp__fedavg__clients-8__seed-44__nm0p05__clip5__rounds-20__epochs-5__cifar_chunks__cifar10_cnn round=9 (checkpoint deleted)
2026-08-05 19:52:59 EVALUATED cifar-full-out-replace__non-iid__global-dp__fedavg__clients-8__seed-44__nm0p05__clip5__rounds-20__epochs-5__cifar_chunks__cifar10_cnn round=10 (checkpoint deleted)
2026-08-05 19:53:04 EVALUATED cifar-full-out-replace__non-iid__global-dp__fedavg__clients-8__seed-44__nm0p05__clip5__rounds-20__epochs-5__cifar_chunks__cifar10_cnn round=11 (checkpoint deleted)
2026-08-05 19:53:08 EVALUATED cifar-full-out-replace__non-iid__global-dp__fedavg__clients-8__seed-44__nm0p05__clip5__rounds-20__epochs-5__cifar_chunks__cifar10_cnn round=12 (checkpoint deleted)
2026-08-05 19:53:13 EVALUATED cifar-full-out-replace__non-iid__global-dp__fedavg__clients-8__seed-44__nm0p05__clip5__rounds-20__epochs-5__cifar_chunks__cifar10_cnn round=13 (checkpoint deleted)
2026-08-05 19:53:17 EVALUATED cifar-full-out-replace__non-iid__global-dp__fedavg__clients-8__seed-44__nm0p05__clip5__rounds-20__epochs-5__cifar_chunks__cifar10_cnn round=14 (checkpoint deleted)
2026-08-05 19:53:21 EVALUATED cifar-full-out-replace__non-iid__global-dp__fedavg__clients-8__seed-44__nm0p05__clip5__rounds-20__epochs-5__cifar_chunks__cifar10_cnn round=15 (checkpoint deleted)
2026-08-05 19:53:26 EVALUATED cifar-full-out-replace__non-iid__global-dp__fedavg__clients-8__seed-44__nm0p05__clip5__rounds-20__epochs-5__cifar_chunks__cifar10_cnn round=16 (checkpoint deleted)
2026-08-05 19:53:30 EVALUATED cifar-full-out-replace__non-iid__global-dp__fedavg__clients-8__seed-44__nm0p05__clip5__rounds-20__epochs-5__cifar_chunks__cifar10_cnn round=17 (checkpoint deleted)
2026-08-05 19:53:34 EVALUATED cifar-full-out-replace__non-iid__global-dp__fedavg__clients-8__seed-44__nm0p05__clip5__rounds-20__epochs-5__cifar_chunks__cifar10_cnn round=18 (checkpoint deleted)
2026-08-05 19:53:39 EVALUATED cifar-full-out-replace__non-iid__global-dp__fedavg__clients-8__seed-44__nm0p05__clip5__rounds-20__epochs-5__cifar_chunks__cifar10_cnn round=19 (checkpoint deleted)
2026-08-05 19:53:43 EVALUATED cifar-full-out-replace__non-iid__global-dp__fedavg__clients-8__seed-44__nm0p05__clip5__rounds-20__epochs-5__cifar_chunks__cifar10_cnn round=20 (checkpoint deleted)
2026-08-05 19:53:43 PROGRESS 1/2 (0 failed so far)
2026-08-05 19:53:43 START cifar-full-out-replace__non-iid__metric-privacy__fedavg__clients-8__seed-44__nm0p05__clip5__rounds-20__epochs-5__cifar_chunks__cifar10_cnn 
{
  "partition-mode": "non-iid",
  "partition-profile": "auto",
  "client-weights": "",
  "data-module": "experiments.cia.scripts.cifar_chunks:create_cifar_out_replace",
  "model-module": "experiments.reproduce.cifar10_cnn:create_model",
  "data-cache-dir": "",
  "privacy": "metric-privacy",
  "aggregation": "fedavg",
  "seed": 44,
  "num-server-rounds": 20,
  "num-clients": 8,
  "fraction-evaluate": 1.0,
  "local-epochs": 5,
  "learning-rate": 0.001,
  "batch-size": 32,
  "initialization-batch-size": 32,
  "initialization-epochs": 20,
  "initialization-learning-rate": 0.001,
  "max-client-samples": 0,
  "max-test-samples": 0,
  "noise-multiplier": 0.05,
  "clipping-norm": 5.0,
  "output-dir": "/content/metricdp-pytorch/results/planned_runs/cifar/full/out-replace/clients-8/seed-44/ratio-0p00625/runs",
  "run-name": "cifar-full-out-replace__non-iid__metric-privacy__fedavg__clients-8__seed-44__nm0p05__clip5__rounds-20__epochs-5__cifar_chunks__cifar10_cnn",
  "checkpoint-rounds": [
    1,
    2,
    3,
    4,
    5,
    6,
    7,
    8,
    9,
    10,
    11,
    12,
    13,
    14,
    15,
    16,
    17,
    18,
    19,
    20
  ]
}
2026-08-05 19:53:47.059490: I tensorflow/core/util/port.cc:153] oneDNN custom operations are on. You may see slightly different numerical results due to floating-point round-off errors from different computation orders. To turn them off, set the environment variable `TF_ENABLE_ONEDNN_OPTS=0`.
2026-08-05 19:53:47.128889: I tensorflow/core/platform/cpu_feature_guard.cc:210] This TensorFlow binary is optimized to use available CPU instructions in performance-critical operations.
To enable the following instructions: AVX2 AVX512F AVX512_VNNI FMA, in other operations, rebuild TensorFlow with the appropriate compiler flags.
[93mWARNING [0m:   DEPRECATED FEATURE: The `run_simulation` function is deprecated and will be removed in a future version of Flower. Please use `flwr run` in the CLI instead to run your simulation. Refer to the Flower Tutorials for more details: https://flower.ai/docs/framework/tutorial-quickstart-pytorch.html

            This is a deprecated feature. It will be removed
            entirely in future versions of Flower.
        
Warning: You are sending unauthenticated requests to the HF Hub. Please set a HF_TOKEN to enable higher rate limits and faster downloads.
[92mINFO [0m:      Starting MetricPrivacyServerSideFixedClipping strategy:
[92mINFO [0m:      	├── Number of rounds: 20
[92mINFO [0m:      	├── ArrayRecord (0.87 MB)
[92mINFO [0m:      	├── ConfigRecord (train): {'lr': 0.001}
[92mINFO [0m:      	├── ConfigRecord (evaluate): (empty!)
[92mINFO [0m:      	├──> Metric-aware DP settings:
[92mINFO [0m:      	│	├── Base noise multiplier: 0.05
[92mINFO [0m:      	│	└── Clipping norm: 5.0
[92mINFO [0m:      	├──> Sampling:
[92mINFO [0m:      	│	├──Fraction: train (1.00) | evaluate ( 1.00)
[92mINFO [0m:      	│	├──Minimum nodes: train (8) | evaluate (8)
[92mINFO [0m:      	│	└──Minimum available nodes: 8
[92mINFO [0m:      	└──> Keys in records:
[92mINFO [0m:      		├── Weighted by: 'num-examples'
[92mINFO [0m:      		├── ArrayRecord key: 'arrays'
[92mINFO [0m:      		└── ConfigRecord key: 'config'
[92mINFO [0m:      
/usr/lib/python3.12/multiprocessing/popen_fork.py:66: DeprecationWarning: This process (pid=7888) is multi-threaded, use of fork() may lead to deadlocks in the child.
  self.pid = os.fork()
[92mINFO [0m:      Initial global evaluation results: {'loss': 1.3892939643859863, 'accuracy': 0.25, 'f1': 0.1, 'precision': 0.0625, 'auc': 0.48708850000000004}
[92mINFO [0m:      
[92mINFO [0m:      [ROUND 1/20]
[92mINFO [0m:      configure_train: Sampled 8 nodes (out of 8)
/usr/local/lib/python3.12/dist-packages/ray/_private/worker.py:2051: FutureWarning: Tip: In future versions of Ray, Ray will no longer override accelerator visible devices env var if num_gpus=0 or num_gpus=None (default). To enable this behavior and turn off this error message, set RAY_ACCEL_ENV_VAR_OVERRIDE_ON_ZERO=0
  warnings.warn(
[36m(ClientAppActor pid=8645)[0m Warning: You are sending unauthenticated requests to the HF Hub. Please set a HF_TOKEN to enable higher rate limits and faster downloads.
[36m(ClientAppActor pid=8645)[0m /usr/lib/python3.12/multiprocessing/popen_fork.py:66: DeprecationWarning: This process (pid=8645) is multi-threaded, use of fork() may lead to deadlocks in the child.
[36m(ClientAppActor pid=8645)[0m   self.pid = os.fork()
[36m(ClientAppActor pid=8655)[0m Warning: You are sending unauthenticated requests to the HF Hub. Please set a HF_TOKEN to enable higher rate limits and faster downloads.[32m [repeated 7x across cluster] (Ray deduplicates logs by default. Set RAY_DEDUP_LOGS=0 to disable log deduplication, or see https://docs.ray.io/en/master/ray-observability/user-guides/configure-logging.html#log-deduplication for more options.)[0m
[92mINFO [0m:      aggregate_train: maximum pairwise model distance: 1.788858
[92mINFO [0m:      aggregate_train: Received 8 results and 0 failures
[92mINFO [0m:      aggregate_fit: parameters are clipped by value: 5.0000.
[92mINFO [0m:      aggregate_fit: parameters are clipped by value: 5.0000.
[92mINFO [0m:      aggregate_fit: parameters are clipped by value: 5.0000.
[92mINFO [0m:      aggregate_fit: parameters are clipped by value: 5.0000.
[92mINFO [0m:      aggregate_fit: parameters are clipped by value: 5.0000.
[92mINFO [0m:      aggregate_fit: parameters are clipped by value: 5.0000.
[92mINFO [0m:      aggregate_fit: parameters are clipped by value: 5.0000.
[92mINFO [0m:      aggregate_fit: parameters are clipped by value: 5.0000.
[92mINFO [0m:      aggregate_train: Received 8 results and 0 failures
[92mINFO [0m:      aggregate_train: metric-aware noise with 0.017469 stdev added
[92mINFO [0m:      	└──> Aggregated MetricRecord: {'train_loss': 0.9097765550927785, 'train_loss_mean': 1.0905095417078996, 'client-ids': [0, 1, 2, 3, 4, 5, 6, 7], 'per-client-num-examples': [711, 1244, 2044, 1777, 977, 2311, 2844, 2577], 'per-client-train_loss': [1.0525490082433622, 0.97060700474828, 0.8804933193145199, 0.9429667159017714, 1.041124754027676, 0.9255982640500401, 0.8364633166672644, 0.858283894997398], 'per-client-train_loss_mean': [1.2303100246249705, 1.1778764918686109, 1.0597878264587686, 1.1370638394664363, 1.2075305338769755, 1.0662510428888774, 1.0268332947490921, 1.0496918068498338], 'dp-client-ids': [0, 1, 2, 3, 4, 5, 6, 7], 'dp-update-norms-before-clipping': [5.160913101161851, 5.938088236927531, 7.547542436053217, 6.811212673766085, 5.697905783037718, 7.765646359758307, 8.27033517132862, 7.408613507281323], 'dp-client-clipped': [1, 1, 1, 1, 1, 1, 1, 1], 'dp-num-clients-clipped': 8, 'dp-fraction-clipped': 1.0, 'metric-dp-pairwise-distances': [1.1439337000871699, 1.4353148931016524, 1.2425774376218517, 1.1528362374131877, 1.4703945422855516, 1.5274634435772896, 1.4289637103987236, 1.5087817447880905, 1.3695924238612254, 1.2004783569524686, 1.5219427423241239, 1.6140053475586076, 1.4871723232790828, 1.5628267260423552, 1.4503133935698618, 1.6994324798385303, 1.7706204800245662, 1.6940905939166744, 1.3773991470225155, 1.6408101944252849, 1.6216326515811186, 1.5723975182821353, 1.5552311210582654, 1.5973570157463353, 1.534094398530821, 1.7888584916169445, 1.7281853137537837, 1.7468236417820056], 'metric-dp-pairwise-client-i': [0, 0, 0, 0, 0, 0, 0, 1, 1, 1, 1, 1, 1, 2, 2, 2, 2, 2, 3, 3, 3, 3, 4, 4, 4, 5, 5, 6], 'metric-dp-pairwise-client-j': [1, 2, 3, 4, 5, 6, 7, 2, 3, 4, 5, 6, 7, 3, 4, 5, 6, 7, 4, 5, 6, 7, 5, 6, 7, 6, 7, 7], 'metric-dp-distance-min': 1.1439337000871699, 'metric-dp-distance-median': 1.5307789210540554, 'metric-dp-distance-mean': 1.5158403596585792, 'metric-dp-distance': 1.7888584916169445, 'dp-signal-update-norm': 2.502917682068166, 'dp-parameter-count': 226596, 'dp-expected-noise-l2-norm': 8.315725680834554, 'dp-noise-to-signal-ratio': 3.322412774663549, 'dp-noise-percent-of-signal': 332.2412774663549, 'metric-dp-noise-stdv': 0.01746924094132969}
[92mINFO [0m:      configure_evaluate: Sampled 8 nodes (out of 8)
[92mINFO [0m:      aggregate_evaluate: Received 8 results and 0 failures
[92mINFO [0m:      	└──> Aggregated MetricRecord: {'eval_loss': 1.365556791548037, 'eval_acc': 0.2945394373965803, 'client-ids': [0, 1, 2, 3, 4, 5, 6, 7], 'per-client-eval_acc': [0.3089887640449438, 0.30128205128205127, 0.287109375, 0.28314606741573034, 0.27755102040816326, 0.28546712802768165, 0.3037974683544304, 0.3054263565891473], 'per-client-eval_loss': [1.365498424915785, 1.365032623975705, 1.3659937232732773, 1.3674450220686667, 1.3670498906349648, 1.3654998384132517, 1.365521903111797, 1.3636992306672326], 'per-client-num-examples': [178, 312, 512, 445, 245, 578, 711, 645]}
[92mINFO [0m:      Global evaluation
[92mINFO [0m:      	└──> MetricRecord: {'loss': 1.3651774072647094, 'accuracy': 0.2905, 'f1': 0.17547853472529443, 'precision': 0.5163030432779951, 'auc': 0.6692315833333334}
[92mINFO [0m:      
[92mINFO [0m:      [ROUND 2/20]
[92mINFO [0m:      configure_train: Sampled 8 nodes (out of 8)
[36m(ClientAppActor pid=8645)[0m /usr/lib/python3.12/multiprocessing/popen_fork.py:66: DeprecationWarning: This process (pid=8645) is multi-threaded, use of fork() may lead to deadlocks in the child.[32m [repeated 8x across cluster][0m
[36m(ClientAppActor pid=8645)[0m   self.pid = os.fork()[32m [repeated 8x across cluster][0m
[92mINFO [0m:      aggregate_train: maximum pairwise model distance: 1.441904
[92mINFO [0m:      aggregate_train: Received 8 results and 0 failures
[92mINFO [0m:      aggregate_fit: parameters are clipped by value: 5.0000.
[92mINFO [0m:      aggregate_fit: parameters are clipped by value: 5.0000.
[92mINFO [0m:      aggregate_fit: parameters are clipped by value: 5.0000.
[92mINFO [0m:      aggregate_fit: parameters are clipped by value: 5.0000.
[92mINFO [0m:      aggregate_fit: parameters are clipped by value: 5.0000.
[92mINFO [0m:      aggregate_fit: parameters are clipped by value: 5.0000.
[92mINFO [0m:      aggregate_fit: parameters are clipped by value: 5.0000.
[92mINFO [0m:      aggregate_fit: parameters are clipped by value: 5.0000.
[92mINFO [0m:      aggregate_train: Received 8 results and 0 failures
[92mINFO [0m:      aggregate_train: metric-aware noise with 0.021673 stdev added
[92mINFO [0m:      	└──> Aggregated MetricRecord: {'train_loss': 0.7501742988691109, 'train_loss_mean': 0.8666145171603131, 'client-ids': [0, 1, 2, 3, 4, 5, 6, 7], 'per-client-num-examples': [711, 1244, 2044, 1777, 977, 2311, 2844, 2577], 'per-client-train_loss': [0.8276547714124752, 0.8050417850255199, 0.7746297251688291, 0.763955678205914, 0.8615105647513663, 0.7284535574015474, 0.6981261798433446, 0.7081198871806467], 'per-client-train_loss_mean': [0.9612430597324076, 0.9006941190486553, 0.8735194960918913, 0.8916350464573991, 0.9638261446689267, 0.8500210727334074, 0.8178197533269472, 0.8332007889188813], 'dp-client-ids': [0, 1, 2, 3, 4, 5, 6, 7], 'dp-update-norms-before-clipping': [4.503074431753908, 6.032273082053073, 7.293077512829689, 7.107795455246165, 5.352059899245361, 8.117954471328568, 9.033999591724777, 8.758448693572797], 'dp-client-clipped': [0, 1, 1, 1, 1, 1, 1, 1], 'dp-num-clients-clipped': 7, 'dp-fraction-clipped': 0.875, 'metric-dp-pairwise-distances': [0.8279688585316762, 0.995451835100539, 0.9546877310300866, 0.7569767416959318, 1.1435784598191578, 1.2430739995713036, 1.2246156740002334, 1.022947259945795, 1.0060192479286343, 0.8933454358484596, 1.1591160933797557, 1.2522887784677248, 1.2443236919740837, 1.0684223700469981, 1.0220875698917855, 1.2032472944507997, 1.307652521878481, 1.2679204622594018, 1.008851259558772, 1.2049324916054804, 1.2441338075635333, 1.2631331489731867, 1.1479203773972888, 1.2821251524922748, 1.2205158447225888, 1.3297139856343467, 1.3402579018535714, 1.4419036383430164], 'metric-dp-pairwise-client-i': [0, 0, 0, 0, 0, 0, 0, 1, 1, 1, 1, 1, 1, 2, 2, 2, 2, 2, 3, 3, 3, 3, 4, 4, 4, 5, 5, 6], 'metric-dp-pairwise-client-j': [1, 2, 3, 4, 5, 6, 7, 2, 3, 4, 5, 6, 7, 3, 4, 5, 6, 7, 4, 5, 6, 7, 5, 6, 7, 6, 7, 7], 'metric-dp-distance-min': 0.7569767416959318, 'metric-dp-distance-median': 1.20408989302814, 'metric-dp-distance-mean': 1.1456147012130324, 'metric-dp-distance': 1.4419036383430164, 'dp-signal-update-norm': 3.6136131324349208, 'dp-parameter-count': 226596, 'dp-expected-noise-l2-norm': 10.316678661836626, 'dp-noise-to-signal-ratio': 2.854948297933889, 'dp-noise-percent-of-signal': 285.49482979338893, 'metric-dp-noise-stdv': 0.021672738156005608}
[92mINFO [0m:      configure_evaluate: Sampled 8 nodes (out of 8)
[92mINFO [0m:      aggregate_evaluate: Received 8 results and 0 failures
[92mINFO [0m:      	└──> Aggregated MetricRecord: {'eval_loss': 1.0653037227324473, 'eval_acc': 0.5499172642029785, 'client-ids': [0, 1, 2, 3, 4, 5, 6, 7], 'per-client-eval_acc': [0.5786516853932584, 0.5576923076923077, 0.572265625, 0.5325842696629214, 0.5551020408163265, 0.5553633217993079, 0.5358649789029536, 0.5410852713178295], 'per-client-eval_loss': [1.0682404764582603, 1.0694664074824407, 1.0715523771941662, 1.0696890841709095, 1.0433206986407844, 1.0605546120541318, 1.0778183085338309, 1.05330474543017], 'per-client-num-examples': [178, 312, 512, 445, 245, 578, 711, 645]}
[92mINFO [0m:      Global evaluation
[92mINFO [0m:      	└──> MetricRecord: {'loss': 1.0528852229118346, 'accuracy': 0.549, 'f1': 0.5082966448083656, 'precision': 0.5972871380152047, 'auc': 0.8219491666666667}
[92mINFO [0m:      
[92mINFO [0m:      [ROUND 3/20]
[92mINFO [0m:      configure_train: Sampled 8 nodes (out of 8)
[36m(ClientAppActor pid=8651)[0m /usr/lib/python3.12/multiprocessing/popen_fork.py:66: DeprecationWarning: This process (pid=8651) is multi-threaded, use of fork() may lead to deadlocks in the child.[32m [repeated 8x across cluster][0m
[36m(ClientAppActor pid=8651)[0m   self.pid = os.fork()[32m [repeated 8x across cluster][0m
[92mINFO [0m:      aggregate_train: maximum pairwise model distance: 1.437502
[92mINFO [0m:      aggregate_train: Received 8 results and 0 failures
[92mINFO [0m:      aggregate_fit: parameters are clipped by value: 5.0000.
[92mINFO [0m:      aggregate_fit: parameters are clipped by value: 5.0000.
[92mINFO [0m:      aggregate_fit: parameters are clipped by value: 5.0000.
[92mINFO [0m:      aggregate_fit: parameters are clipped by value: 5.0000.
[92mINFO [0m:      aggregate_fit: parameters are clipped by value: 5.0000.
[92mINFO [0m:      aggregate_fit: parameters are clipped by value: 5.0000.
[92mINFO [0m:      aggregate_fit: parameters are clipped by value: 5.0000.
[92mINFO [0m:      aggregate_fit: parameters are clipped by value: 5.0000.
[92mINFO [0m:      aggregate_train: Received 8 results and 0 failures
[92mINFO [0m:      aggregate_train: metric-aware noise with 0.021739 stdev added
[92mINFO [0m:      	└──> Aggregated MetricRecord: {'train_loss': 0.6212160182217297, 'train_loss_mean': 0.7253869614524597, 'client-ids': [0, 1, 2, 3, 4, 5, 6, 7], 'per-client-num-examples': [711, 1244, 2044, 1777, 977, 2311, 2844, 2577], 'per-client-train_loss': [0.6875318466527217, 0.6764135763192867, 0.5866032725677565, 0.6411712450396163, 0.6817295911246215, 0.6283633085697155, 0.5867118707186059, 0.5986946152539784], 'per-client-train_loss_mean': [0.7788093223015131, 0.759437468235899, 0.7073521147268859, 0.7342180286221244, 0.7989578211563758, 0.7200339656947031, 0.6975538966524952, 0.7100503572230659], 'dp-client-ids': [0, 1, 2, 3, 4, 5, 6, 7], 'dp-update-norms-before-clipping': [4.356838307648795, 5.718921898177642, 7.740521154865922, 7.138528416445892, 4.942486535799676, 7.918302589803047, 8.820690505746576, 8.445909223660797], 'dp-client-clipped': [0, 1, 1, 1, 0, 1, 1, 1], 'dp-num-clients-clipped': 6, 'dp-fraction-clipped': 0.75, 'metric-dp-pairwise-distances': [0.897641391105329, 1.1367853459281225, 1.049445877239729, 0.8193164693172245, 1.1733200326561928, 1.2744692407237987, 1.2344944341263424, 1.1753789028152823, 1.106093003647402, 0.9317721338011324, 1.1930631279634933, 1.3075783010572195, 1.2529832234916587, 1.2406471766686689, 1.1497797057963908, 1.2990422904646646, 1.402993440317611, 1.3368752100504935, 1.060847714698563, 1.2848406544265647, 1.3341367452715833, 1.2819017625879496, 1.179945988735805, 1.2842127101806302, 1.2188916637872655, 1.4007070942316204, 1.3832388271111995, 1.4375019042442243], 'metric-dp-pairwise-client-i': [0, 0, 0, 0, 0, 0, 0, 1, 1, 1, 1, 1, 1, 2, 2, 2, 2, 2, 3, 3, 3, 3, 4, 4, 4, 5, 5, 6], 'metric-dp-pairwise-client-j': [1, 2, 3, 4, 5, 6, 7, 2, 3, 4, 5, 6, 7, 3, 4, 5, 6, 7, 4, 5, 6, 7, 5, 6, 7, 6, 7, 7], 'metric-dp-distance-min': 0.8193164693172245, 'metric-dp-distance-median': 1.2375708053975056, 'metric-dp-distance-mean': 1.2088537275873628, 'metric-dp-distance': 1.4375019042442243, 'dp-signal-update-norm': 3.1894022798328443, 'dp-parameter-count': 226596, 'dp-expected-noise-l2-norm': 10.348269073034002, 'dp-noise-to-signal-ratio': 3.244579443135142, 'dp-noise-percent-of-signal': 324.4579443135142, 'metric-dp-noise-stdv': 0.021739101637176534}
[92mINFO [0m:      configure_evaluate: Sampled 8 nodes (out of 8)
[92mINFO [0m:      aggregate_evaluate: Received 8 results and 0 failures
[92mINFO [0m:      	└──> Aggregated MetricRecord: {'eval_loss': 0.7530298208046275, 'eval_acc': 0.6911196911196912, 'client-ids': [0, 1, 2, 3, 4, 5, 6, 7], 'per-client-eval_acc': [0.6853932584269663, 0.6955128205128205, 0.68359375, 0.651685393258427, 0.6979591836734694, 0.7110726643598616, 0.6933895921237694, 0.7007751937984497], 'per-client-eval_loss': [0.7346639847487546, 0.7564039108080741, 0.7511308938264847, 0.7863852897386873, 0.7294792642398756, 0.7307836250450371, 0.7755294684451676, 0.7390397552371949], 'per-client-num-examples': [178, 312, 512, 445, 245, 578, 711, 645]}
[92mINFO [0m:      Global evaluation
[92mINFO [0m:      	└──> MetricRecord: {'loss': 0.7322638607025147, 'accuracy': 0.7015, 'f1': 0.6910834465858766, 'precision': 0.7106280199836049, 'auc': 0.9120545833333333}
[92mINFO [0m:      
[92mINFO [0m:      [ROUND 4/20]
[92mINFO [0m:      configure_train: Sampled 8 nodes (out of 8)
[36m(ClientAppActor pid=8655)[0m /usr/lib/python3.12/multiprocessing/popen_fork.py:66: DeprecationWarning: This process (pid=8655) is multi-threaded, use of fork() may lead to deadlocks in the child.[32m [repeated 8x across cluster][0m
[36m(ClientAppActor pid=8655)[0m   self.pid = os.fork()[32m [repeated 8x across cluster][0m
[92mINFO [0m:      aggregate_train: maximum pairwise model distance: 1.560204
[92mINFO [0m:      aggregate_train: Received 8 results and 0 failures
[92mINFO [0m:      aggregate_fit: parameters are clipped by value: 5.0000.
[92mINFO [0m:      aggregate_fit: parameters are clipped by value: 5.0000.
[92mINFO [0m:      aggregate_fit: parameters are clipped by value: 5.0000.
[92mINFO [0m:      aggregate_fit: parameters are clipped by value: 5.0000.
[92mINFO [0m:      aggregate_fit: parameters are clipped by value: 5.0000.
[92mINFO [0m:      aggregate_fit: parameters are clipped by value: 5.0000.
[92mINFO [0m:      aggregate_fit: parameters are clipped by value: 5.0000.
[92mINFO [0m:      aggregate_fit: parameters are clipped by value: 5.0000.
[92mINFO [0m:      aggregate_train: Received 8 results and 0 failures
[92mINFO [0m:      aggregate_train: metric-aware noise with 0.020029 stdev added
[92mINFO [0m:      	└──> Aggregated MetricRecord: {'train_loss': 0.5500181927099119, 'train_loss_mean': 0.6483596829833925, 'client-ids': [0, 1, 2, 3, 4, 5, 6, 7], 'per-client-num-examples': [711, 1244, 2044, 1777, 977, 2311, 2844, 2577], 'per-client-train_loss': [0.6130150898180263, 0.5617753092882334, 0.5462203154125326, 0.5328231845669487, 0.5694963653536633, 0.5253648956530748, 0.5559822803392022, 0.5499729747845306], 'per-client-train_loss_mean': [0.7169362508211122, 0.6658605910382469, 0.6364633194854348, 0.6394234730074362, 0.6744694867239027, 0.634795149963483, 0.6330532720404167, 0.6557467738024061], 'dp-client-ids': [0, 1, 2, 3, 4, 5, 6, 7], 'dp-update-norms-before-clipping': [4.491930010218298, 5.828114753196835, 7.715134606808233, 7.2269286812121365, 5.3154664002256755, 8.296315918387611, 8.994544429706007, 8.479954982990577], 'dp-client-clipped': [0, 1, 1, 1, 1, 1, 1, 1], 'dp-num-clients-clipped': 7, 'dp-fraction-clipped': 0.875, 'metric-dp-pairwise-distances': [0.9900354801211506, 1.210473145513485, 1.150055013441791, 0.9257935683320587, 1.2860426375021536, 1.3726248442350577, 1.3138278139134247, 1.2680676432404046, 1.2150832038993638, 1.0283505677167948, 1.3459316707837086, 1.4395001924131066, 1.349327485387524, 1.3345756245156128, 1.239080022322014, 1.433973125453728, 1.5041265645219635, 1.4564950740896165, 1.1751579927125324, 1.4125377327824633, 1.4637463276740164, 1.4161893149333384, 1.3140500276349485, 1.382860229893898, 1.3130113009829074, 1.5446392785136898, 1.5043040995951742, 1.5602040267161403], 'metric-dp-pairwise-client-i': [0, 0, 0, 0, 0, 0, 0, 1, 1, 1, 1, 1, 1, 2, 2, 2, 2, 2, 3, 3, 3, 3, 4, 4, 4, 5, 5, 6], 'metric-dp-pairwise-client-j': [1, 2, 3, 4, 5, 6, 7, 2, 3, 4, 5, 6, 7, 3, 4, 5, 6, 7, 4, 5, 6, 7, 5, 6, 7, 6, 7, 7], 'metric-dp-distance-min': 0.9257935683320587, 'metric-dp-distance-median': 1.3402536476496607, 'metric-dp-distance-mean': 1.319645143172931, 'metric-dp-distance': 1.5602040267161403, 'dp-signal-update-norm': 2.7646500530485256, 'dp-parameter-count': 226596, 'dp-expected-noise-l2-norm': 9.53443026898714, 'dp-noise-to-signal-ratio': 3.4486933557734405, 'dp-noise-percent-of-signal': 344.86933557734403, 'metric-dp-noise-stdv': 0.02002943170565573}
[92mINFO [0m:      configure_evaluate: Sampled 8 nodes (out of 8)
[92mINFO [0m:      aggregate_evaluate: Received 8 results and 0 failures
[92mINFO [0m:      	└──> Aggregated MetricRecord: {'eval_loss': 0.9655773797484964, 'eval_acc': 0.6138996138996138, 'client-ids': [0, 1, 2, 3, 4, 5, 6, 7], 'per-client-eval_acc': [0.6292134831460674, 0.6282051282051282, 0.611328125, 0.5955056179775281, 0.6448979591836734, 0.6072664359861591, 0.6019690576652602, 0.6248062015503876], 'per-client-eval_loss': [0.9308406208338362, 0.9817761885814178, 0.9494663774967194, 0.9931655583756693, 0.9364048471256178, 0.9719374868696536, 0.9916761193094374, 0.937695415629897], 'per-client-num-examples': [178, 312, 512, 445, 245, 578, 711, 645]}
[92mINFO [0m:      Global evaluation
[92mINFO [0m:      	└──> MetricRecord: {'loss': 0.9534707112312317, 'accuracy': 0.6185, 'f1': 0.6071690273952763, 'precision': 0.669816516924061, 'auc': 0.8446918333333334}
[92mINFO [0m:      
[92mINFO [0m:      [ROUND 5/20]
[92mINFO [0m:      configure_train: Sampled 8 nodes (out of 8)
[36m(ClientAppActor pid=8655)[0m /usr/lib/python3.12/multiprocessing/popen_fork.py:66: DeprecationWarning: This process (pid=8655) is multi-threaded, use of fork() may lead to deadlocks in the child.[32m [repeated 8x across cluster][0m
[36m(ClientAppActor pid=8655)[0m   self.pid = os.fork()[32m [repeated 8x across cluster][0m
[92mINFO [0m:      aggregate_train: maximum pairwise model distance: 1.641366
[92mINFO [0m:      aggregate_train: Received 8 results and 0 failures
[92mINFO [0m:      aggregate_fit: parameters are clipped by value: 5.0000.
[92mINFO [0m:      aggregate_fit: parameters are clipped by value: 5.0000.
[92mINFO [0m:      aggregate_fit: parameters are clipped by value: 5.0000.
[92mINFO [0m:      aggregate_fit: parameters are clipped by value: 5.0000.
[92mINFO [0m:      aggregate_fit: parameters are clipped by value: 5.0000.
[92mINFO [0m:      aggregate_fit: parameters are clipped by value: 5.0000.
[92mINFO [0m:      aggregate_fit: parameters are clipped by value: 5.0000.
[92mINFO [0m:      aggregate_fit: parameters are clipped by value: 5.0000.
[92mINFO [0m:      aggregate_train: Received 8 results and 0 failures
[92mINFO [0m:      aggregate_train: metric-aware noise with 0.019039 stdev added
[92mINFO [0m:      	└──> Aggregated MetricRecord: {'train_loss': 0.43591054792666706, 'train_loss_mean': 0.5657478575238204, 'client-ids': [0, 1, 2, 3, 4, 5, 6, 7], 'per-client-num-examples': [711, 1244, 2044, 1777, 977, 2311, 2844, 2577], 'per-client-train_loss': [0.4623029002325109, 0.45348273260800404, 0.4029696022111142, 0.3918137581045197, 0.44972659719148944, 0.4857424332988773, 0.42373841495872716, 0.44018850960979455], 'per-client-train_loss_mean': [0.6045744226158252, 0.5872828705709463, 0.5479539943884497, 0.5451896394949383, 0.594206901558102, 0.5805149277468256, 0.5530192066806613, 0.5629447777279598], 'dp-client-ids': [0, 1, 2, 3, 4, 5, 6, 7], 'dp-update-norms-before-clipping': [4.960200330510996, 6.237947685231011, 7.913227145118978, 7.612399486424051, 5.683247926905077, 8.4719259731832, 9.212724011346035, 8.916489358824325], 'dp-client-clipped': [0, 1, 1, 1, 1, 1, 1, 1], 'dp-num-clients-clipped': 7, 'dp-fraction-clipped': 0.875, 'metric-dp-pairwise-distances': [1.0665964779133599, 1.2742269391504426, 1.2174148643389344, 1.0149312845120828, 1.3355754690710455, 1.4224313738135, 1.3860041880398057, 1.3287363487761468, 1.2818068128544837, 1.1188965484810371, 1.3960416022843372, 1.4664043487670522, 1.434984216466546, 1.4272581395537902, 1.3124551376483093, 1.5199322724559654, 1.5728495982475579, 1.5619122499289613, 1.2617012993432581, 1.4844510012771934, 1.5421555027520906, 1.5212914746565123, 1.3721047901781276, 1.4476383961349104, 1.4241773966156568, 1.6003547257860191, 1.5796766920636098, 1.6413661860860884], 'metric-dp-pairwise-client-i': [0, 0, 0, 0, 0, 0, 0, 1, 1, 1, 1, 1, 1, 2, 2, 2, 2, 2, 3, 3, 3, 3, 4, 4, 4, 5, 5, 6], 'metric-dp-pairwise-client-j': [1, 2, 3, 4, 5, 6, 7, 2, 3, 4, 5, 6, 7, 3, 4, 5, 6, 7, 4, 5, 6, 7, 5, 6, 7, 6, 7, 7], 'metric-dp-distance-min': 1.0149312845120828, 'metric-dp-distance-median': 1.4233043852145784, 'metric-dp-distance-mean': 1.393334833471315, 'metric-dp-distance': 1.6413661860860884, 'dp-signal-update-norm': 2.5590919425037844, 'dp-parameter-count': 226596, 'dp-expected-noise-l2-norm': 9.062972433707596, 'dp-noise-to-signal-ratio': 3.5414798050751135, 'dp-noise-percent-of-signal': 354.14798050751136, 'metric-dp-noise-stdv': 0.019039017779766156}
[92mINFO [0m:      configure_evaluate: Sampled 8 nodes (out of 8)
[92mINFO [0m:      aggregate_evaluate: Received 8 results and 0 failures
[92mINFO [0m:      	└──> Aggregated MetricRecord: {'eval_loss': 0.65509950391377, 'eval_acc': 0.7402095973524545, 'client-ids': [0, 1, 2, 3, 4, 5, 6, 7], 'per-client-eval_acc': [0.7191011235955056, 0.7724358974358975, 0.748046875, 0.7348314606741573, 0.763265306122449, 0.7491349480968859, 0.720112517580872, 0.7333333333333333], 'per-client-eval_loss': [0.6938469704617275, 0.6287043002935556, 0.6510922722518444, 0.7084537677550584, 0.6167034810903121, 0.6271060841306271, 0.6613371301803911, 0.6563391622646835], 'per-client-num-examples': [178, 312, 512, 445, 245, 578, 711, 645]}
[92mINFO [0m:      Global evaluation
[92mINFO [0m:      	└──> MetricRecord: {'loss': 0.6483112754821777, 'accuracy': 0.7405, 'f1': 0.7353272838986056, 'precision': 0.7546831823637579, 'auc': 0.9269882916666666}
[92mINFO [0m:      
[92mINFO [0m:      [ROUND 6/20]
[92mINFO [0m:      configure_train: Sampled 8 nodes (out of 8)
[36m(ClientAppActor pid=8645)[0m /usr/lib/python3.12/multiprocessing/popen_fork.py:66: DeprecationWarning: This process (pid=8645) is multi-threaded, use of fork() may lead to deadlocks in the child.[32m [repeated 8x across cluster][0m
[36m(ClientAppActor pid=8645)[0m   self.pid = os.fork()[32m [repeated 8x across cluster][0m
[92mINFO [0m:      aggregate_train: maximum pairwise model distance: 1.719867
[92mINFO [0m:      aggregate_train: Received 8 results and 0 failures
[92mINFO [0m:      aggregate_fit: parameters are clipped by value: 5.0000.
[92mINFO [0m:      aggregate_fit: parameters are clipped by value: 5.0000.
[92mINFO [0m:      aggregate_fit: parameters are clipped by value: 5.0000.
[92mINFO [0m:      aggregate_fit: parameters are clipped by value: 5.0000.
[92mINFO [0m:      aggregate_fit: parameters are clipped by value: 5.0000.
[92mINFO [0m:      aggregate_fit: parameters are clipped by value: 5.0000.
[92mINFO [0m:      aggregate_fit: parameters are clipped by value: 5.0000.
[92mINFO [0m:      aggregate_fit: parameters are clipped by value: 5.0000.
[92mINFO [0m:      aggregate_train: Received 8 results and 0 failures
[92mINFO [0m:      aggregate_train: metric-aware noise with 0.018170 stdev added
[92mINFO [0m:      	└──> Aggregated MetricRecord: {'train_loss': 0.35448009763035154, 'train_loss_mean': 0.4911868268507573, 'client-ids': [0, 1, 2, 3, 4, 5, 6, 7], 'per-client-num-examples': [711, 1244, 2044, 1777, 977, 2311, 2844, 2577], 'per-client-train_loss': [0.3489205186607633, 0.3957859832565884, 0.33840701893817654, 0.33922717828863314, 0.33492450768408294, 0.35124168088816815, 0.3487733672942793, 0.37595696336176676], 'per-client-train_loss_mean': [0.5347249741062166, 0.5139797111991135, 0.47009355462577246, 0.47774818999316493, 0.510049287628615, 0.4969163569574591, 0.48320358016655246, 0.4906900944522892], 'dp-client-ids': [0, 1, 2, 3, 4, 5, 6, 7], 'dp-update-norms-before-clipping': [4.93167738607621, 6.208038976545687, 7.967076955179109, 7.564700687461486, 5.757444816202003, 8.69185982998154, 9.389260903102306, 9.219550228871007], 'dp-client-clipped': [0, 1, 1, 1, 1, 1, 1, 1], 'dp-num-clients-clipped': 7, 'dp-fraction-clipped': 0.875, 'metric-dp-pairwise-distances': [1.0847737195435911, 1.2892346758550655, 1.2360427084689338, 1.0268863661913201, 1.3696694823447615, 1.4587378981523216, 1.4442631071433425, 1.3627939918854584, 1.3156012386704485, 1.147401022957638, 1.4378785432005923, 1.523051619452114, 1.498827815754339, 1.4715192347454529, 1.3433904581858467, 1.5592407626099885, 1.6424309234910954, 1.619492749683559, 1.2953839084754388, 1.53186057942609, 1.5871183414322634, 1.576750345217685, 1.4223442205693573, 1.5159642493041854, 1.4816751118050888, 1.6812468911521137, 1.661488282494247, 1.7198669098628063], 'metric-dp-pairwise-client-i': [0, 0, 0, 0, 0, 0, 0, 1, 1, 1, 1, 1, 1, 2, 2, 2, 2, 2, 3, 3, 3, 3, 4, 4, 4, 5, 5, 6], 'metric-dp-pairwise-client-j': [1, 2, 3, 4, 5, 6, 7, 2, 3, 4, 5, 6, 7, 3, 4, 5, 6, 7, 4, 5, 6, 7, 5, 6, 7, 6, 7, 7], 'metric-dp-distance-min': 1.0268863661913201, 'metric-dp-distance-median': 1.4651285664488873, 'metric-dp-distance-mean': 1.4394619699312552, 'metric-dp-distance': 1.7198669098628063, 'dp-signal-update-norm': 2.414990114218061, 'dp-parameter-count': 226596, 'dp-expected-noise-l2-norm': 8.649306764849975, 'dp-noise-to-signal-ratio': 3.5815081452830273, 'dp-noise-percent-of-signal': 358.1508145283027, 'metric-dp-noise-stdv': 0.018170010610002847}
[92mINFO [0m:      configure_evaluate: Sampled 8 nodes (out of 8)
[92mINFO [0m:      aggregate_evaluate: Received 8 results and 0 failures
[92mINFO [0m:      	└──> Aggregated MetricRecord: {'eval_loss': 0.5964279473649818, 'eval_acc': 0.7639271924986211, 'client-ids': [0, 1, 2, 3, 4, 5, 6, 7], 'per-client-eval_acc': [0.7415730337078652, 0.7532051282051282, 0.759765625, 0.7640449438202247, 0.7918367346938775, 0.7889273356401384, 0.7524613220815752, 0.7581395348837209], 'per-client-eval_loss': [0.6917465617147724, 0.6122935429597512, 0.582965862005949, 0.6297900982117385, 0.5470438665273238, 0.5702116637906401, 0.6042001599500954, 0.583801156605861], 'per-client-num-examples': [178, 312, 512, 445, 245, 578, 711, 645]}
[92mINFO [0m:      Global evaluation
[92mINFO [0m:      	└──> MetricRecord: {'loss': 0.5795005946159363, 'accuracy': 0.763, 'f1': 0.7643736377705042, 'precision': 0.7674167572907492, 'auc': 0.9421231666666667}
[92mINFO [0m:      
[92mINFO [0m:      [ROUND 7/20]
[92mINFO [0m:      configure_train: Sampled 8 nodes (out of 8)
[36m(ClientAppActor pid=8649)[0m /usr/lib/python3.12/multiprocessing/popen_fork.py:66: DeprecationWarning: This process (pid=8649) is multi-threaded, use of fork() may lead to deadlocks in the child.[32m [repeated 8x across cluster][0m
[36m(ClientAppActor pid=8649)[0m   self.pid = os.fork()[32m [repeated 8x across cluster][0m
[92mINFO [0m:      aggregate_train: maximum pairwise model distance: 1.709955
[92mINFO [0m:      aggregate_train: Received 8 results and 0 failures
[92mINFO [0m:      aggregate_fit: parameters are clipped by value: 5.0000.
[92mINFO [0m:      aggregate_fit: parameters are clipped by value: 5.0000.
[92mINFO [0m:      aggregate_fit: parameters are clipped by value: 5.0000.
[92mINFO [0m:      aggregate_fit: parameters are clipped by value: 5.0000.
[92mINFO [0m:      aggregate_fit: parameters are clipped by value: 5.0000.
[92mINFO [0m:      aggregate_fit: parameters are clipped by value: 5.0000.
[92mINFO [0m:      aggregate_fit: parameters are clipped by value: 5.0000.
[92mINFO [0m:      aggregate_fit: parameters are clipped by value: 5.0000.
[92mINFO [0m:      aggregate_train: Received 8 results and 0 failures
[92mINFO [0m:      aggregate_train: metric-aware noise with 0.018275 stdev added
[92mINFO [0m:      	└──> Aggregated MetricRecord: {'train_loss': 0.26641681043107757, 'train_loss_mean': 0.4229381153879904, 'client-ids': [0, 1, 2, 3, 4, 5, 6, 7], 'per-client-num-examples': [711, 1244, 2044, 1777, 977, 2311, 2844, 2577], 'per-client-train_loss': [0.2809434349945997, 0.2672266747407208, 0.2620894747062672, 0.23410131287125302, 0.2799113809970897, 0.2919345386680949, 0.25766755357573307, 0.26938965995273806], 'per-client-train_loss_mean': [0.466169254081494, 0.4333792957558126, 0.4164020738256421, 0.4056612870685828, 0.43620929791226964, 0.4306128187249332, 0.4148789839821694, 0.42004809205412724], 'dp-client-ids': [0, 1, 2, 3, 4, 5, 6, 7], 'dp-update-norms-before-clipping': [4.98055497226431, 6.27739027351017, 7.7503008808497365, 7.355329186842777, 5.738580341777152, 8.479479732451102, 9.30675948510018, 8.79138837280792], 'dp-client-clipped': [0, 1, 1, 1, 1, 1, 1, 1], 'dp-num-clients-clipped': 7, 'dp-fraction-clipped': 0.875, 'metric-dp-pairwise-distances': [1.1166383329158027, 1.2854600294182699, 1.2190491317305714, 1.0387260232043143, 1.3633367719400364, 1.473344042353953, 1.4104692069037508, 1.3621151184197515, 1.3072422434343025, 1.1604981337829183, 1.4345029769465327, 1.5277511538588442, 1.475059909086364, 1.4434311895941694, 1.3319105855189264, 1.552685698416705, 1.6283251293934882, 1.5773351739626378, 1.2580670403161396, 1.513701296101014, 1.5799362319133554, 1.5363198605676491, 1.411176690288509, 1.5033209641308833, 1.4343531225652744, 1.6850712597370148, 1.6347888171828042, 1.70995459627981], 'metric-dp-pairwise-client-i': [0, 0, 0, 0, 0, 0, 0, 1, 1, 1, 1, 1, 1, 2, 2, 2, 2, 2, 3, 3, 3, 3, 4, 4, 4, 5, 5, 6], 'metric-dp-pairwise-client-j': [1, 2, 3, 4, 5, 6, 7, 2, 3, 4, 5, 6, 7, 3, 4, 5, 6, 7, 4, 5, 6, 7, 5, 6, 7, 6, 7, 7], 'metric-dp-distance-min': 1.0387260232043143, 'metric-dp-distance-median': 1.438967083270351, 'metric-dp-distance-mean': 1.4276632403558498, 'metric-dp-distance': 1.70995459627981, 'dp-signal-update-norm': 2.300647936494361, 'dp-parameter-count': 226596, 'dp-expected-noise-l2-norm': 8.69944531304023, 'dp-noise-to-signal-ratio': 3.7813022909955145, 'dp-noise-percent-of-signal': 378.13022909955146, 'metric-dp-noise-stdv': 0.0182753390458365}
[92mINFO [0m:      configure_evaluate: Sampled 8 nodes (out of 8)
[92mINFO [0m:      aggregate_evaluate: Received 8 results and 0 failures
[92mINFO [0m:      	└──> Aggregated MetricRecord: {'eval_loss': 0.574133963822924, 'eval_acc': 0.7746828461114175, 'client-ids': [0, 1, 2, 3, 4, 5, 6, 7], 'per-client-eval_acc': [0.6966292134831461, 0.7628205128205128, 0.787109375, 0.7842696629213484, 0.8122448979591836, 0.7681660899653979, 0.7693389592123769, 0.7829457364341085], 'per-client-eval_loss': [0.6547393316633245, 0.5786923873118865, 0.5568394977599382, 0.6239731006408006, 0.5090625412610112, 0.5546727632156293, 0.5704419944859758, 0.5752540100452512], 'per-client-num-examples': [178, 312, 512, 445, 245, 578, 711, 645]}
[92mINFO [0m:      Global evaluation
[92mINFO [0m:      	└──> MetricRecord: {'loss': 0.5658479843139649, 'accuracy': 0.776, 'f1': 0.7773024834086011, 'precision': 0.7824428565967065, 'auc': 0.9454187499999999}
[92mINFO [0m:      
[92mINFO [0m:      [ROUND 8/20]
[92mINFO [0m:      configure_train: Sampled 8 nodes (out of 8)
[36m(ClientAppActor pid=8655)[0m /usr/lib/python3.12/multiprocessing/popen_fork.py:66: DeprecationWarning: This process (pid=8655) is multi-threaded, use of fork() may lead to deadlocks in the child.[32m [repeated 8x across cluster][0m
[36m(ClientAppActor pid=8655)[0m   self.pid = os.fork()[32m [repeated 8x across cluster][0m
[92mINFO [0m:      aggregate_train: maximum pairwise model distance: 1.693522
[92mINFO [0m:      aggregate_train: Received 8 results and 0 failures
[92mINFO [0m:      aggregate_fit: parameters are clipped by value: 5.0000.
[92mINFO [0m:      aggregate_fit: parameters are clipped by value: 5.0000.
[92mINFO [0m:      aggregate_fit: parameters are clipped by value: 5.0000.
[92mINFO [0m:      aggregate_fit: parameters are clipped by value: 5.0000.
[92mINFO [0m:      aggregate_fit: parameters are clipped by value: 5.0000.
[92mINFO [0m:      aggregate_fit: parameters are clipped by value: 5.0000.
[92mINFO [0m:      aggregate_fit: parameters are clipped by value: 5.0000.
[92mINFO [0m:      aggregate_fit: parameters are clipped by value: 5.0000.
[92mINFO [0m:      aggregate_train: Received 8 results and 0 failures
[92mINFO [0m:      aggregate_train: metric-aware noise with 0.018453 stdev added
[92mINFO [0m:      	└──> Aggregated MetricRecord: {'train_loss': 0.2041522865423796, 'train_loss_mean': 0.3576038497316043, 'client-ids': [0, 1, 2, 3, 4, 5, 6, 7], 'per-client-num-examples': [711, 1244, 2044, 1777, 977, 2311, 2844, 2577], 'per-client-train_loss': [0.2382223171020862, 0.27062691273796596, 0.20301857791884773, 0.18675496317257556, 0.17273129652442074, 0.20689022128378762, 0.20873856492099546, 0.17995425848291047], 'per-client-train_loss_mean': [0.4041568132287675, 0.3754223096409028, 0.3509700945970363, 0.342050047935766, 0.35766567666552573, 0.3660084623084188, 0.3484417201555563, 0.3546961322490402], 'dp-client-ids': [0, 1, 2, 3, 4, 5, 6, 7], 'dp-update-norms-before-clipping': [4.867995915683522, 6.062704781407416, 7.560138273673148, 7.149089385067677, 5.736934051413774, 8.092037149859534, 8.944081809539725, 8.732281071302614], 'dp-client-clipped': [0, 1, 1, 1, 1, 1, 1, 1], 'dp-num-clients-clipped': 7, 'dp-fraction-clipped': 0.875, 'metric-dp-pairwise-distances': [1.0930790916706126, 1.2730812390800565, 1.2071556490845978, 1.0445874219294637, 1.3251111657979588, 1.4375971381862958, 1.4162498488246154, 1.3446666582021862, 1.2903508469462395, 1.1532829476054758, 1.4030355213908479, 1.4983264432521537, 1.47628142288886, 1.4283093487222989, 1.3336598816482972, 1.5196822658957292, 1.6048756619760145, 1.5747026794900496, 1.262852595653385, 1.4793867489788681, 1.533889432476523, 1.5414817516381543, 1.389714242114375, 1.4867802339916427, 1.453516203793697, 1.62431818456389, 1.6105864235626843, 1.6935216715404142], 'metric-dp-pairwise-client-i': [0, 0, 0, 0, 0, 0, 0, 1, 1, 1, 1, 1, 1, 2, 2, 2, 2, 2, 3, 3, 3, 3, 4, 4, 4, 5, 5, 6], 'metric-dp-pairwise-client-j': [1, 2, 3, 4, 5, 6, 7, 2, 3, 4, 5, 6, 7, 3, 4, 5, 6, 7, 4, 5, 6, 7, 5, 6, 7, 6, 7, 7], 'metric-dp-distance-min': 1.0445874219294637, 'metric-dp-distance-median': 1.4329532434542973, 'metric-dp-distance-mean': 1.4107172400323356, 'metric-dp-distance': 1.6935216715404142, 'dp-signal-update-norm': 2.1823093458489105, 'dp-parameter-count': 226596, 'dp-expected-noise-l2-norm': 8.783859544346551, 'dp-noise-to-signal-ratio': 4.025029522535295, 'dp-noise-percent-of-signal': 402.50295225352943, 'metric-dp-noise-stdv': 0.018452672041436143}
[92mINFO [0m:      configure_evaluate: Sampled 8 nodes (out of 8)
[92mINFO [0m:      aggregate_evaluate: Received 8 results and 0 failures
[92mINFO [0m:      	└──> Aggregated MetricRecord: {'eval_loss': 0.6648425600572113, 'eval_acc': 0.761996690568119, 'client-ids': [0, 1, 2, 3, 4, 5, 6, 7], 'per-client-eval_acc': [0.7303370786516854, 0.7596153846153846, 0.744140625, 0.7415730337078652, 0.7959183673469388, 0.7837370242214533, 0.759493670886076, 0.7705426356589147], 'per-client-eval_loss': [0.7180418914623474, 0.6965474562767224, 0.6929739862680435, 0.7090921487701073, 0.5776242937360491, 0.6060480978662167, 0.6697417395359688, 0.662381462348524], 'per-client-num-examples': [178, 312, 512, 445, 245, 578, 711, 645]}
[92mINFO [0m:      Global evaluation
[92mINFO [0m:      	└──> MetricRecord: {'loss': 0.6746857936382293, 'accuracy': 0.7605, 'f1': 0.7656082463353616, 'precision': 0.7805502788464795, 'auc': 0.9349688333333334}
[92mINFO [0m:      
[92mINFO [0m:      [ROUND 9/20]
[92mINFO [0m:      configure_train: Sampled 8 nodes (out of 8)
[36m(ClientAppActor pid=8651)[0m /usr/lib/python3.12/multiprocessing/popen_fork.py:66: DeprecationWarning: This process (pid=8651) is multi-threaded, use of fork() may lead to deadlocks in the child.[32m [repeated 8x across cluster][0m
[36m(ClientAppActor pid=8651)[0m   self.pid = os.fork()[32m [repeated 8x across cluster][0m
[92mINFO [0m:      aggregate_train: maximum pairwise model distance: 1.664083
[92mINFO [0m:      aggregate_train: Received 8 results and 0 failures
[92mINFO [0m:      aggregate_fit: parameters are clipped by value: 5.0000.
[92mINFO [0m:      aggregate_fit: parameters are clipped by value: 5.0000.
[92mINFO [0m:      aggregate_fit: parameters are clipped by value: 5.0000.
[92mINFO [0m:      aggregate_fit: parameters are clipped by value: 5.0000.
[92mINFO [0m:      aggregate_fit: parameters are clipped by value: 5.0000.
[92mINFO [0m:      aggregate_fit: parameters are clipped by value: 5.0000.
[92mINFO [0m:      aggregate_fit: parameters are clipped by value: 5.0000.
[92mINFO [0m:      aggregate_fit: parameters are clipped by value: 5.0000.
[92mINFO [0m:      aggregate_train: Received 8 results and 0 failures
[92mINFO [0m:      aggregate_train: metric-aware noise with 0.018779 stdev added
[92mINFO [0m:      	└──> Aggregated MetricRecord: {'train_loss': 0.15812759600093665, 'train_loss_mean': 0.308547197280977, 'client-ids': [0, 1, 2, 3, 4, 5, 6, 7], 'per-client-num-examples': [711, 1244, 2044, 1777, 977, 2311, 2844, 2577], 'per-client-train_loss': [0.15555818617846895, 0.16997028393760755, 0.16912316772977434, 0.15641278486340382, 0.12049960684385856, 0.16981945867915785, 0.15057069667825887, 0.15770124357524748], 'per-client-train_loss_mean': [0.36861856403418736, 0.3151821299045799, 0.3017943960025819, 0.29686033450020927, 0.31721711724905055, 0.3110493851034918, 0.2978658836455453, 0.3084425295051513], 'dp-client-ids': [0, 1, 2, 3, 4, 5, 6, 7], 'dp-update-norms-before-clipping': [4.746570583200422, 6.0679603497086445, 7.468999605670157, 6.96552054829769, 5.571778179010024, 7.974980266810621, 8.621469640514018, 8.42305559488631], 'dp-client-clipped': [0, 1, 1, 1, 1, 1, 1, 1], 'dp-num-clients-clipped': 7, 'dp-fraction-clipped': 0.875, 'metric-dp-pairwise-distances': [1.088786005973816, 1.251398712862283, 1.17892718858396, 1.0213334431561332, 1.3155498920629423, 1.4065275906274717, 1.3715412941140432, 1.3486386271348845, 1.2762681322249894, 1.1501673908593755, 1.3968217299940686, 1.4813194503076375, 1.4365176226322849, 1.4113843501545489, 1.3106727368431166, 1.511891765985638, 1.5773018835267674, 1.5504782984498888, 1.2316464682420094, 1.4640053743108485, 1.529939785366878, 1.51264477839383, 1.3645105024334043, 1.452620801826318, 1.411875335732475, 1.6120386979697894, 1.5969327595472957, 1.6640826672470819], 'metric-dp-pairwise-client-i': [0, 0, 0, 0, 0, 0, 0, 1, 1, 1, 1, 1, 1, 2, 2, 2, 2, 2, 3, 3, 3, 3, 4, 4, 4, 5, 5, 6], 'metric-dp-pairwise-client-j': [1, 2, 3, 4, 5, 6, 7, 2, 3, 4, 5, 6, 7, 3, 4, 5, 6, 7, 4, 5, 6, 7, 5, 6, 7, 6, 7, 7], 'metric-dp-distance-min': 1.0213334431561332, 'metric-dp-distance-median': 1.4089559703910104, 'metric-dp-distance-mean': 1.3902079745201346, 'metric-dp-distance': 1.6640826672470819, 'dp-signal-update-norm': 2.102753323121514, 'dp-parameter-count': 226596, 'dp-expected-noise-l2-norm': 8.939253314095883, 'dp-noise-to-signal-ratio': 4.251213499843939, 'dp-noise-percent-of-signal': 425.1213499843938, 'metric-dp-noise-stdv': 0.018779115133563267}
[92mINFO [0m:      configure_evaluate: Sampled 8 nodes (out of 8)
[92mINFO [0m:      aggregate_evaluate: Received 8 results and 0 failures
[92mINFO [0m:      	└──> Aggregated MetricRecord: {'eval_loss': 0.6034357664141942, 'eval_acc': 0.7835079977937122, 'client-ids': [0, 1, 2, 3, 4, 5, 6, 7], 'per-client-eval_acc': [0.7191011235955056, 0.7692307692307693, 0.77734375, 0.7910112359550562, 0.8122448979591836, 0.7785467128027682, 0.7862165963431786, 0.7984496124031008], 'per-client-eval_loss': [0.6801909864618537, 0.6532968618930914, 0.6014194954186678, 0.5950666234734353, 0.5489341852616291, 0.5833485823601587, 0.5964742152835079, 0.6118860780730728], 'per-client-num-examples': [178, 312, 512, 445, 245, 578, 711, 645]}
[92mINFO [0m:      Global evaluation
[92mINFO [0m:      	└──> MetricRecord: {'loss': 0.6137765330076218, 'accuracy': 0.7835, 'f1': 0.7834461193139375, 'precision': 0.7863458396535229, 'auc': 0.9448334166666666}
[92mINFO [0m:      
[92mINFO [0m:      [ROUND 10/20]
[92mINFO [0m:      configure_train: Sampled 8 nodes (out of 8)
[36m(ClientAppActor pid=8655)[0m /usr/lib/python3.12/multiprocessing/popen_fork.py:66: DeprecationWarning: This process (pid=8655) is multi-threaded, use of fork() may lead to deadlocks in the child.[32m [repeated 8x across cluster][0m
[36m(ClientAppActor pid=8655)[0m   self.pid = os.fork()[32m [repeated 8x across cluster][0m
[92mINFO [0m:      aggregate_train: maximum pairwise model distance: 1.627332
[92mINFO [0m:      aggregate_train: Received 8 results and 0 failures
[92mINFO [0m:      aggregate_fit: parameters are clipped by value: 5.0000.
[92mINFO [0m:      aggregate_fit: parameters are clipped by value: 5.0000.
[92mINFO [0m:      aggregate_fit: parameters are clipped by value: 5.0000.
[92mINFO [0m:      aggregate_fit: parameters are clipped by value: 5.0000.
[92mINFO [0m:      aggregate_fit: parameters are clipped by value: 5.0000.
[92mINFO [0m:      aggregate_fit: parameters are clipped by value: 5.0000.
[92mINFO [0m:      aggregate_fit: parameters are clipped by value: 5.0000.
[92mINFO [0m:      aggregate_fit: parameters are clipped by value: 5.0000.
[92mINFO [0m:      aggregate_train: Received 8 results and 0 failures
[92mINFO [0m:      aggregate_train: metric-aware noise with 0.019203 stdev added
[92mINFO [0m:      	└──> Aggregated MetricRecord: {'train_loss': 0.12076237544772295, 'train_loss_mean': 0.2640809938689121, 'client-ids': [0, 1, 2, 3, 4, 5, 6, 7], 'per-client-num-examples': [711, 1244, 2044, 1777, 977, 2311, 2844, 2577], 'per-client-train_loss': [0.11456832197480396, 0.10005973049490398, 0.09727274213868345, 0.10676806764734818, 0.12989609334675048, 0.13224789981251928, 0.14085752977013755, 0.12480639938957523], 'per-client-train_loss_mean': [0.32757321562403197, 0.28280921557325256, 0.2503928156456602, 0.23586548948110192, 0.3170643191513898, 0.2614410425073293, 0.24781164158497176, 0.26807127978607903], 'dp-client-ids': [0, 1, 2, 3, 4, 5, 6, 7], 'dp-update-norms-before-clipping': [4.448036223752055, 5.723245865978468, 7.049966649954389, 6.690551799773642, 5.146170006342396, 7.831053757516242, 8.469078173662396, 8.01086824879256], 'dp-client-clipped': [0, 1, 1, 1, 1, 1, 1, 1], 'dp-num-clients-clipped': 7, 'dp-fraction-clipped': 0.875, 'metric-dp-pairwise-distances': [1.0310342932740848, 1.1984959548184027, 1.1453232215717435, 0.9586648647285377, 1.2829234289626281, 1.3779789622252185, 1.3156345085396122, 1.2789466954612483, 1.2382403121640284, 1.0805987206598122, 1.3678837234620005, 1.4505254841254402, 1.3870923963453, 1.3687426570492487, 1.2425814321419846, 1.4762334671492379, 1.5504144697915763, 1.4880305236050237, 1.1920155940266948, 1.4322468232518684, 1.4913475750945508, 1.4540500336637099, 1.3297482791046302, 1.4146248676503699, 1.345063165916751, 1.603496930251519, 1.5525076054812719, 1.6273316939671834], 'metric-dp-pairwise-client-i': [0, 0, 0, 0, 0, 0, 0, 1, 1, 1, 1, 1, 1, 2, 2, 2, 2, 2, 3, 3, 3, 3, 4, 4, 4, 5, 5, 6], 'metric-dp-pairwise-client-j': [1, 2, 3, 4, 5, 6, 7, 2, 3, 4, 5, 6, 7, 3, 4, 5, 6, 7, 4, 5, 6, 7, 5, 6, 7, 6, 7, 7], 'metric-dp-distance-min': 0.9586648647285377, 'metric-dp-distance-median': 1.3683131902556247, 'metric-dp-distance-mean': 1.3457777744458457, 'metric-dp-distance': 1.6273316939671834, 'dp-signal-update-norm': 2.0177517439975556, 'dp-parameter-count': 226596, 'dp-expected-noise-l2-norm': 9.141133644274719, 'dp-noise-to-signal-ratio': 4.530355962505263, 'dp-noise-percent-of-signal': 453.0355962505263, 'metric-dp-noise-stdv': 0.01920321475692354}
[92mINFO [0m:      configure_evaluate: Sampled 8 nodes (out of 8)
[92mINFO [0m:      aggregate_evaluate: Received 8 results and 0 failures
[92mINFO [0m:      	└──> Aggregated MetricRecord: {'eval_loss': 0.8141690649285346, 'eval_acc': 0.7291781577495864, 'client-ids': [0, 1, 2, 3, 4, 5, 6, 7], 'per-client-eval_acc': [0.6573033707865169, 0.7083333333333334, 0.734375, 0.7393258426966293, 0.7755102040816326, 0.7145328719723183, 0.739803094233474, 0.7317829457364341], 'per-client-eval_loss': [0.9863327433553974, 0.8414633640876183, 0.7779480796307325, 0.785990309983157, 0.6876284171123894, 0.8627386794370764, 0.8117968983288053, 0.8088040514509808], 'per-client-num-examples': [178, 312, 512, 445, 245, 578, 711, 645]}
[92mINFO [0m:      Global evaluation
[92mINFO [0m:      	└──> MetricRecord: {'loss': 0.8171719717979431, 'accuracy': 0.735, 'f1': 0.7282648043876206, 'precision': 0.7528948012143543, 'auc': 0.92071775}
[92mINFO [0m:      
[92mINFO [0m:      [ROUND 11/20]
[92mINFO [0m:      configure_train: Sampled 8 nodes (out of 8)
[36m(ClientAppActor pid=8655)[0m /usr/lib/python3.12/multiprocessing/popen_fork.py:66: DeprecationWarning: This process (pid=8655) is multi-threaded, use of fork() may lead to deadlocks in the child.[32m [repeated 8x across cluster][0m
[36m(ClientAppActor pid=8655)[0m   self.pid = os.fork()[32m [repeated 8x across cluster][0m
[92mINFO [0m:      aggregate_train: maximum pairwise model distance: 1.560906
[92mINFO [0m:      aggregate_train: Received 8 results and 0 failures
[92mINFO [0m:      aggregate_fit: parameters are clipped by value: 5.0000.
[92mINFO [0m:      aggregate_fit: parameters are clipped by value: 5.0000.
[92mINFO [0m:      aggregate_fit: parameters are clipped by value: 5.0000.
[92mINFO [0m:      aggregate_fit: parameters are clipped by value: 5.0000.
[92mINFO [0m:      aggregate_fit: parameters are clipped by value: 5.0000.
[92mINFO [0m:      aggregate_fit: parameters are clipped by value: 5.0000.
[92mINFO [0m:      aggregate_fit: parameters are clipped by value: 5.0000.
[92mINFO [0m:      aggregate_fit: parameters are clipped by value: 5.0000.
[92mINFO [0m:      aggregate_train: Received 8 results and 0 failures
[92mINFO [0m:      aggregate_train: metric-aware noise with 0.020020 stdev added
[92mINFO [0m:      	└──> Aggregated MetricRecord: {'train_loss': 0.10603892005463078, 'train_loss_mean': 0.24313390557210238, 'client-ids': [0, 1, 2, 3, 4, 5, 6, 7], 'per-client-num-examples': [711, 1244, 2044, 1777, 977, 2311, 2844, 2577], 'per-client-train_loss': [0.09185419984046585, 0.14615483934185514, 0.10084478641676109, 0.07302801995698024, 0.12288156716093925, 0.08287428603485414, 0.11759842320249721, 0.11910111918253263], 'per-client-train_loss_mean': [0.2924406694853482, 0.26165873974178383, 0.2485651019413877, 0.22177868263149234, 0.2640766039063645, 0.2378496377407692, 0.2330567030170631, 0.23892566098126505], 'dp-client-ids': [0, 1, 2, 3, 4, 5, 6, 7], 'dp-update-norms-before-clipping': [4.597283071293823, 5.696484683528866, 7.152730631297225, 6.275572004019281, 5.3536104865079475, 7.375568499329737, 7.986259213807859, 7.914436833067262], 'dp-client-clipped': [0, 1, 1, 1, 1, 1, 1, 1], 'dp-num-clients-clipped': 7, 'dp-fraction-clipped': 0.875, 'metric-dp-pairwise-distances': [1.0413700124869745, 1.211310249287635, 1.0964138880372047, 0.9925868010614067, 1.232497267657891, 1.312493530722956, 1.2998405299149454, 1.2925575870710115, 1.1909577819363524, 1.094163104115675, 1.316425775915074, 1.3903302400528144, 1.3769651913704972, 1.3363277243139844, 1.2680131425149739, 1.4401003055972978, 1.5042926056000094, 1.4891434285867338, 1.1531038906735678, 1.3546008048579097, 1.4176605069078505, 1.4101414715405554, 1.290848441965257, 1.3657513316720724, 1.3377255179608862, 1.5067853300521772, 1.499174082108463, 1.5609059497558821], 'metric-dp-pairwise-client-i': [0, 0, 0, 0, 0, 0, 0, 1, 1, 1, 1, 1, 1, 2, 2, 2, 2, 2, 3, 3, 3, 3, 4, 4, 4, 5, 5, 6], 'metric-dp-pairwise-client-j': [1, 2, 3, 4, 5, 6, 7, 2, 3, 4, 5, 6, 7, 3, 4, 5, 6, 7, 4, 5, 6, 7, 5, 6, 7, 6, 7, 7], 'metric-dp-distance-min': 0.9925868010614067, 'metric-dp-distance-median': 1.3263767501145292, 'metric-dp-distance-mean': 1.3136602319192163, 'metric-dp-distance': 1.5609059497558821, 'dp-signal-update-norm': 1.9908924753132557, 'dp-parameter-count': 226596, 'dp-expected-noise-l2-norm': 9.53014273566224, 'dp-noise-to-signal-ratio': 4.786869634515408, 'dp-noise-percent-of-signal': 478.6869634515408, 'metric-dp-noise-stdv': 0.020020424680223265}
[92mINFO [0m:      configure_evaluate: Sampled 8 nodes (out of 8)
[92mINFO [0m:      aggregate_evaluate: Received 8 results and 0 failures
[92mINFO [0m:      	└──> Aggregated MetricRecord: {'eval_loss': 0.769208220293426, 'eval_acc': 0.7506894649751792, 'client-ids': [0, 1, 2, 3, 4, 5, 6, 7], 'per-client-eval_acc': [0.6910112359550562, 0.717948717948718, 0.76171875, 0.7685393258426966, 0.7714285714285715, 0.7318339100346021, 0.7580872011251758, 0.7627906976744186], 'per-client-eval_loss': [0.9338991829518521, 0.8412179702367538, 0.7543529979884624, 0.6886232611838351, 0.7604203827527105, 0.8175383777354416, 0.7545219506392499, 0.7325326764306357], 'per-client-num-examples': [178, 312, 512, 445, 245, 578, 711, 645]}
[92mINFO [0m:      Global evaluation
[92mINFO [0m:      	└──> MetricRecord: {'loss': 0.8090240572690963, 'accuracy': 0.7645, 'f1': 0.7590224989445326, 'precision': 0.7739638483081417, 'auc': 0.930108}
[92mINFO [0m:      
[92mINFO [0m:      [ROUND 12/20]
[92mINFO [0m:      configure_train: Sampled 8 nodes (out of 8)
[36m(ClientAppActor pid=8647)[0m /usr/lib/python3.12/multiprocessing/popen_fork.py:66: DeprecationWarning: This process (pid=8647) is multi-threaded, use of fork() may lead to deadlocks in the child.[32m [repeated 8x across cluster][0m
[36m(ClientAppActor pid=8647)[0m   self.pid = os.fork()[32m [repeated 8x across cluster][0m
[92mINFO [0m:      aggregate_train: maximum pairwise model distance: 1.527660
[92mINFO [0m:      aggregate_train: Received 8 results and 0 failures
[92mINFO [0m:      aggregate_fit: parameters are clipped by value: 5.0000.
[92mINFO [0m:      aggregate_fit: parameters are clipped by value: 5.0000.
[92mINFO [0m:      aggregate_fit: parameters are clipped by value: 5.0000.
[92mINFO [0m:      aggregate_fit: parameters are clipped by value: 5.0000.
[92mINFO [0m:      aggregate_fit: parameters are clipped by value: 5.0000.
[92mINFO [0m:      aggregate_fit: parameters are clipped by value: 5.0000.
[92mINFO [0m:      aggregate_fit: parameters are clipped by value: 5.0000.
[92mINFO [0m:      aggregate_fit: parameters are clipped by value: 5.0000.
[92mINFO [0m:      aggregate_train: Received 8 results and 0 failures
[92mINFO [0m:      aggregate_train: metric-aware noise with 0.020456 stdev added
[92mINFO [0m:      	└──> Aggregated MetricRecord: {'train_loss': 0.08364459562379306, 'train_loss_mean': 0.21132088456893114, 'client-ids': [0, 1, 2, 3, 4, 5, 6, 7], 'per-client-num-examples': [711, 1244, 2044, 1777, 977, 2311, 2844, 2577], 'per-client-train_loss': [0.06397590165598903, 0.06699413791825917, 0.0893745732488231, 0.10408454526951626, 0.06295723984343979, 0.07231161315421272, 0.07498331413553234, 0.10603438982169759], 'per-client-train_loss_mean': [0.26561150521239063, 0.24608677445979749, 0.20819269172891014, 0.2035537436759633, 0.23707113300231852, 0.20525283752495285, 0.19411916219630657, 0.20205965044282648], 'dp-client-ids': [0, 1, 2, 3, 4, 5, 6, 7], 'dp-update-norms-before-clipping': [4.590344152221962, 5.613650892781953, 6.801922477351026, 6.5032226644671685, 4.828671596530499, 7.183772232680303, 7.715543189016155, 7.7560347857312255], 'dp-client-clipped': [0, 1, 1, 1, 0, 1, 1, 1], 'dp-num-clients-clipped': 6, 'dp-fraction-clipped': 0.75, 'metric-dp-pairwise-distances': [1.0400073661779363, 1.1777602386039991, 1.1268474874086678, 0.9458789280615747, 1.217197318173324, 1.29316802128839, 1.2890869037558634, 1.2481340800489609, 1.2160199387387063, 1.041719051116767, 1.2832509386741247, 1.358366800704971, 1.3523557021593053, 1.3218945042851071, 1.1911766917910427, 1.3974289355489116, 1.4537313831970096, 1.4471874499383073, 1.1398212919011712, 1.3543636901304126, 1.4176504688803107, 1.418142128114899, 1.2314735253651936, 1.2991481656984736, 1.2896945619722828, 1.4719171643567581, 1.4713239644964535, 1.5276604600949213], 'metric-dp-pairwise-client-i': [0, 0, 0, 0, 0, 0, 0, 1, 1, 1, 1, 1, 1, 2, 2, 2, 2, 2, 3, 3, 3, 3, 4, 4, 4, 5, 5, 6], 'metric-dp-pairwise-client-j': [1, 2, 3, 4, 5, 6, 7, 2, 3, 4, 5, 6, 7, 3, 4, 5, 6, 7, 4, 5, 6, 7, 5, 6, 7, 6, 7, 7], 'metric-dp-distance-min': 0.9458789280615747, 'metric-dp-distance-median': 1.2914312916303365, 'metric-dp-distance-mean': 1.2865145414529946, 'metric-dp-distance': 1.5276604600949213, 'dp-signal-update-norm': 1.961835962814451, 'dp-parameter-count': 226596, 'dp-expected-noise-l2-norm': 9.737541087627347, 'dp-noise-to-signal-ratio': 4.963483834631039, 'dp-noise-percent-of-signal': 496.34838346310386, 'metric-dp-noise-stdv': 0.020456116274723955}
[92mINFO [0m:      configure_evaluate: Sampled 8 nodes (out of 8)
[92mINFO [0m:      aggregate_evaluate: Received 8 results and 0 failures
[92mINFO [0m:      	└──> Aggregated MetricRecord: {'eval_loss': 0.7663080656004095, 'eval_acc': 0.7757859900717043, 'client-ids': [0, 1, 2, 3, 4, 5, 6, 7], 'per-client-eval_acc': [0.7359550561797753, 0.7435897435897436, 0.783203125, 0.7932584269662921, 0.8081632653061225, 0.7716262975778547, 0.7876230661040787, 0.7627906976744186], 'per-client-eval_loss': [0.8748405542266503, 0.7683352140279917, 0.7029462046921253, 0.7521638505914238, 0.7001454100316885, 0.8187040494800026, 0.7512777950902864, 0.7901773515597794], 'per-client-num-examples': [178, 312, 512, 445, 245, 578, 711, 645]}
[92mINFO [0m:      Global evaluation
[92mINFO [0m:      	└──> MetricRecord: {'loss': 0.8111086196899414, 'accuracy': 0.77, 'f1': 0.7663434832787206, 'precision': 0.770231428193853, 'auc': 0.9403091666666665}
[92mINFO [0m:      
[92mINFO [0m:      [ROUND 13/20]
[92mINFO [0m:      configure_train: Sampled 8 nodes (out of 8)
[36m(ClientAppActor pid=8651)[0m /usr/lib/python3.12/multiprocessing/popen_fork.py:66: DeprecationWarning: This process (pid=8651) is multi-threaded, use of fork() may lead to deadlocks in the child.[32m [repeated 8x across cluster][0m
[36m(ClientAppActor pid=8651)[0m   self.pid = os.fork()[32m [repeated 8x across cluster][0m
[92mINFO [0m:      aggregate_train: maximum pairwise model distance: 1.524241
[92mINFO [0m:      aggregate_train: Received 8 results and 0 failures
[92mINFO [0m:      aggregate_fit: parameters are clipped by value: 5.0000.
[92mINFO [0m:      aggregate_fit: parameters are clipped by value: 5.0000.
[92mINFO [0m:      aggregate_fit: parameters are clipped by value: 5.0000.
[92mINFO [0m:      aggregate_fit: parameters are clipped by value: 5.0000.
[92mINFO [0m:      aggregate_fit: parameters are clipped by value: 5.0000.
[92mINFO [0m:      aggregate_fit: parameters are clipped by value: 5.0000.
[92mINFO [0m:      aggregate_fit: parameters are clipped by value: 5.0000.
[92mINFO [0m:      aggregate_fit: parameters are clipped by value: 5.0000.
[92mINFO [0m:      aggregate_train: Received 8 results and 0 failures
[92mINFO [0m:      aggregate_train: metric-aware noise with 0.020502 stdev added
[92mINFO [0m:      	└──> Aggregated MetricRecord: {'train_loss': 0.0759332711349634, 'train_loss_mean': 0.19610439842971267, 'client-ids': [0, 1, 2, 3, 4, 5, 6, 7], 'per-client-num-examples': [711, 1244, 2044, 1777, 977, 2311, 2844, 2577], 'per-client-train_loss': [0.06733231616642656, 0.054008716717362404, 0.08690689352510493, 0.047733368826888556, 0.047709692065568764, 0.09758802987909172, 0.09526761127675133, 0.06957471189708916], 'per-client-train_loss_mean': [0.2718526316138637, 0.22197849183579926, 0.19663273843475518, 0.18464623746547595, 0.21811728707515657, 0.18608969700595662, 0.18224350470321254, 0.18612947550146536], 'dp-client-ids': [0, 1, 2, 3, 4, 5, 6, 7], 'dp-update-norms-before-clipping': [4.381534160303849, 5.204448547272727, 6.688612760968693, 5.903807741083206, 4.725596415886395, 7.075184929475923, 7.786696506912032, 7.441038143512744], 'dp-client-clipped': [0, 1, 1, 1, 0, 1, 1, 1], 'dp-num-clients-clipped': 6, 'dp-fraction-clipped': 0.75, 'metric-dp-pairwise-distances': [0.9706271294659624, 1.1405666316859424, 1.0425183749757707, 0.9167032851061473, 1.1805756903098275, 1.2840818540814023, 1.2322901198640466, 1.2024617595598102, 1.1163997018787388, 0.9952020409206549, 1.243812815984711, 1.3391762146105368, 1.2926094050829608, 1.2584275235421956, 1.1636933397967368, 1.3683143079591293, 1.4510379722341895, 1.4108277055590104, 1.0760990191095818, 1.3053823309019208, 1.3798359903351713, 1.3404363800073043, 1.2132049751623224, 1.3034659408343334, 1.2497440800070763, 1.4866630321679015, 1.4343321781295042, 1.5242410673138995], 'metric-dp-pairwise-client-i': [0, 0, 0, 0, 0, 0, 0, 1, 1, 1, 1, 1, 1, 2, 2, 2, 2, 2, 3, 3, 3, 3, 4, 4, 4, 5, 5, 6], 'metric-dp-pairwise-client-j': [1, 2, 3, 4, 5, 6, 7, 2, 3, 4, 5, 6, 7, 3, 4, 5, 6, 7, 4, 5, 6, 7, 5, 6, 7, 6, 7, 7], 'metric-dp-distance-min': 0.9167032851061473, 'metric-dp-distance-median': 1.254085801774636, 'metric-dp-distance-mean': 1.2472403880923852, 'metric-dp-distance': 1.5242410673138995, 'dp-signal-update-norm': 1.9387109040352624, 'dp-parameter-count': 226596, 'dp-expected-noise-l2-norm': 9.75938571471026, 'dp-noise-to-signal-ratio': 5.033956168708252, 'dp-noise-percent-of-signal': 503.39561687082517, 'metric-dp-noise-stdv': 0.020502006323101143}
[92mINFO [0m:      configure_evaluate: Sampled 8 nodes (out of 8)
[92mINFO [0m:      aggregate_evaluate: Received 8 results and 0 failures
[92mINFO [0m:      	└──> Aggregated MetricRecord: {'eval_loss': 0.7270136167348188, 'eval_acc': 0.7937120794263651, 'client-ids': [0, 1, 2, 3, 4, 5, 6, 7], 'per-client-eval_acc': [0.7528089887640449, 0.7884615384615384, 0.791015625, 0.7910112359550562, 0.8163265306122449, 0.8114186851211073, 0.8059071729957806, 0.7736434108527132], 'per-client-eval_loss': [0.900940027129784, 0.6557886157280359, 0.6817360166460276, 0.7556790876924322, 0.6796116653753786, 0.7231181132958422, 0.6827388706757214, 0.799934112009152], 'per-client-num-examples': [178, 312, 512, 445, 245, 578, 711, 645]}
[92mINFO [0m:      Global evaluation
[92mINFO [0m:      	└──> MetricRecord: {'loss': 0.7764213296175003, 'accuracy': 0.788, 'f1': 0.787615615958806, 'precision': 0.7922134294143487, 'auc': 0.9454905833333334}
[92mINFO [0m:      
[92mINFO [0m:      [ROUND 14/20]
[92mINFO [0m:      configure_train: Sampled 8 nodes (out of 8)
[36m(ClientAppActor pid=8655)[0m /usr/lib/python3.12/multiprocessing/popen_fork.py:66: DeprecationWarning: This process (pid=8655) is multi-threaded, use of fork() may lead to deadlocks in the child.[32m [repeated 8x across cluster][0m
[36m(ClientAppActor pid=8655)[0m   self.pid = os.fork()[32m [repeated 8x across cluster][0m
[92mINFO [0m:      aggregate_train: maximum pairwise model distance: 1.435253
[92mINFO [0m:      aggregate_train: Received 8 results and 0 failures
[92mINFO [0m:      aggregate_fit: parameters are clipped by value: 5.0000.
[92mINFO [0m:      aggregate_fit: parameters are clipped by value: 5.0000.
[92mINFO [0m:      aggregate_fit: parameters are clipped by value: 5.0000.
[92mINFO [0m:      aggregate_fit: parameters are clipped by value: 5.0000.
[92mINFO [0m:      aggregate_fit: parameters are clipped by value: 5.0000.
[92mINFO [0m:      aggregate_fit: parameters are clipped by value: 5.0000.
[92mINFO [0m:      aggregate_fit: parameters are clipped by value: 5.0000.
[92mINFO [0m:      aggregate_fit: parameters are clipped by value: 5.0000.
[92mINFO [0m:      aggregate_train: Received 8 results and 0 failures
[92mINFO [0m:      aggregate_train: metric-aware noise with 0.021773 stdev added
[92mINFO [0m:      	└──> Aggregated MetricRecord: {'train_loss': 0.0767877531351382, 'train_loss_mean': 0.181540294071048, 'client-ids': [0, 1, 2, 3, 4, 5, 6, 7], 'per-client-num-examples': [711, 1244, 2044, 1777, 977, 2311, 2844, 2577], 'per-client-train_loss': [0.12454089723558869, 0.06260113582206692, 0.08227176643514353, 0.11558004002860911, 0.04912873030379948, 0.07153829235191832, 0.06729162703418866, 0.06503525072709448], 'per-client-train_loss_mean': [0.24532637921399036, 0.22550730900030427, 0.18271472679775522, 0.1672227961086177, 0.21084951065030774, 0.1838373921340882, 0.14942422235350525, 0.17393035616662078], 'dp-client-ids': [0, 1, 2, 3, 4, 5, 6, 7], 'dp-update-norms-before-clipping': [4.549791605679727, 5.226305896687106, 6.508974678603989, 6.206702830273332, 4.6672918735387805, 7.0014417869720065, 7.155246616703786, 7.088089687649235], 'dp-client-clipped': [0, 1, 1, 1, 0, 1, 1, 1], 'dp-num-clients-clipped': 6, 'dp-fraction-clipped': 0.75, 'metric-dp-pairwise-distances': [0.9848909545689821, 1.1413131876227756, 1.1046674000099301, 0.9305355223671844, 1.2028732419324417, 1.223981005915751, 1.2171114638137321, 1.1836515067455669, 1.1567221523728222, 0.9871096850838512, 1.2414497153367847, 1.260324473803242, 1.262448542440931, 1.2834109960434337, 1.1453861827030778, 1.3699498799008627, 1.386323460843414, 1.3689422412620236, 1.1013565746834502, 1.3343860025051981, 1.3396500286956627, 1.3447637550222378, 1.2128574172966182, 1.2253965698958684, 1.2098958420877655, 1.433287725939105, 1.4218447500218947, 1.4352526139312733], 'metric-dp-pairwise-client-i': [0, 0, 0, 0, 0, 0, 0, 1, 1, 1, 1, 1, 1, 2, 2, 2, 2, 2, 3, 3, 3, 3, 4, 4, 4, 5, 5, 6], 'metric-dp-pairwise-client-j': [1, 2, 3, 4, 5, 6, 7, 2, 3, 4, 5, 6, 7, 3, 4, 5, 6, 7, 4, 5, 6, 7, 5, 6, 7, 6, 7, 7], 'metric-dp-distance-min': 0.9305355223671844, 'metric-dp-distance-median': 1.2246887879058097, 'metric-dp-distance-mean': 1.2324922461730672, 'metric-dp-distance': 1.4352526139312733, 'dp-signal-update-norm': 1.9300269379706985, 'dp-parameter-count': 226596, 'dp-expected-noise-l2-norm': 10.36448660934493, 'dp-noise-to-signal-ratio': 5.370125362209987, 'dp-noise-percent-of-signal': 537.0125362209986, 'metric-dp-noise-stdv': 0.02177317058800103}
[92mINFO [0m:      configure_evaluate: Sampled 8 nodes (out of 8)
[92mINFO [0m:      aggregate_evaluate: Received 8 results and 0 failures
[92mINFO [0m:      	└──> Aggregated MetricRecord: {'eval_loss': 0.8670683456302282, 'eval_acc': 0.757584114726972, 'client-ids': [0, 1, 2, 3, 4, 5, 6, 7], 'per-client-eval_acc': [0.7247191011235955, 0.7692307692307693, 0.78515625, 0.748314606741573, 0.7755102040816326, 0.7318339100346021, 0.7749648382559775, 0.7426356589147287], 'per-client-eval_loss': [1.0601983981186085, 0.7297529990856464, 0.8410080354660749, 0.814109279332536, 0.80760721284516, 0.9470928057667294, 0.8303308953883444, 0.9287878321122753], 'per-client-num-examples': [178, 312, 512, 445, 245, 578, 711, 645]}
[92mINFO [0m:      Global evaluation
[92mINFO [0m:      	└──> MetricRecord: {'loss': 0.9311731803417206, 'accuracy': 0.758, 'f1': 0.7544800317166989, 'precision': 0.7600260351941115, 'auc': 0.9281744166666667}
[92mINFO [0m:      
[92mINFO [0m:      [ROUND 15/20]
[92mINFO [0m:      configure_train: Sampled 8 nodes (out of 8)
[36m(ClientAppActor pid=8645)[0m /usr/lib/python3.12/multiprocessing/popen_fork.py:66: DeprecationWarning: This process (pid=8645) is multi-threaded, use of fork() may lead to deadlocks in the child.[32m [repeated 8x across cluster][0m
[36m(ClientAppActor pid=8645)[0m   self.pid = os.fork()[32m [repeated 8x across cluster][0m
[92mINFO [0m:      aggregate_train: maximum pairwise model distance: 1.478172
[92mINFO [0m:      aggregate_train: Received 8 results and 0 failures
[92mINFO [0m:      aggregate_fit: parameters are clipped by value: 5.0000.
[92mINFO [0m:      aggregate_fit: parameters are clipped by value: 5.0000.
[92mINFO [0m:      aggregate_fit: parameters are clipped by value: 5.0000.
[92mINFO [0m:      aggregate_fit: parameters are clipped by value: 5.0000.
[92mINFO [0m:      aggregate_fit: parameters are clipped by value: 5.0000.
[92mINFO [0m:      aggregate_fit: parameters are clipped by value: 5.0000.
[92mINFO [0m:      aggregate_fit: parameters are clipped by value: 5.0000.
[92mINFO [0m:      aggregate_fit: parameters are clipped by value: 5.0000.
[92mINFO [0m:      aggregate_train: Received 8 results and 0 failures
[92mINFO [0m:      aggregate_train: metric-aware noise with 0.021141 stdev added
[92mINFO [0m:      	└──> Aggregated MetricRecord: {'train_loss': 0.061458698165508786, 'train_loss_mean': 0.17512236683339158, 'client-ids': [0, 1, 2, 3, 4, 5, 6, 7], 'per-client-num-examples': [711, 1244, 2044, 1777, 977, 2311, 2844, 2577], 'per-client-train_loss': [0.07811351912685588, 0.07125117881313398, 0.06125898230565737, 0.0550489089119976, 0.035629476682724336, 0.056777795941952966, 0.08014540812039929, 0.050082176010860555], 'per-client-train_loss_mean': [0.2440837359818225, 0.22035224144122417, 0.16282532407871197, 0.16289871339987572, 0.20479140627381898, 0.17282053809701647, 0.14979875077835367, 0.1712078650104338], 'dp-client-ids': [0, 1, 2, 3, 4, 5, 6, 7], 'dp-update-norms-before-clipping': [4.291065101968093, 5.132536344903542, 6.2284477794245126, 5.954245893979132, 4.673985221407872, 6.758870539457291, 7.547582187573612, 7.151843714655073], 'dp-client-clipped': [0, 1, 1, 1, 0, 1, 1, 1], 'dp-num-clients-clipped': 6, 'dp-fraction-clipped': 0.75, 'metric-dp-pairwise-distances': [0.9510128747982284, 1.0844997530803084, 1.0542395146330819, 0.906716503862602, 1.1467075312975794, 1.2494284025548648, 1.209120975729699, 1.1491572520074744, 1.1217612002510577, 0.9752057098085061, 1.198553208494559, 1.308997549698688, 1.2588378138219316, 1.2268241945809375, 1.116784539539367, 1.3023974321161707, 1.3915058329390984, 1.347952314070426, 1.0793055400718004, 1.2866678544475387, 1.3651750716380775, 1.3218269947683439, 1.1670423392982532, 1.269008759331579, 1.2203804244442533, 1.4452421333796035, 1.392998982356706, 1.4781724058557302], 'metric-dp-pairwise-client-i': [0, 0, 0, 0, 0, 0, 0, 1, 1, 1, 1, 1, 1, 2, 2, 2, 2, 2, 3, 3, 3, 3, 4, 4, 4, 5, 5, 6], 'metric-dp-pairwise-client-j': [1, 2, 3, 4, 5, 6, 7, 2, 3, 4, 5, 6, 7, 3, 4, 5, 6, 7, 4, 5, 6, 7, 5, 6, 7, 6, 7, 7], 'metric-dp-distance-min': 0.906716503862602, 'metric-dp-distance-median': 1.2236023095125954, 'metric-dp-distance-mean': 1.2151972538884455, 'metric-dp-distance': 1.4781724058557302, 'dp-signal-update-norm': 1.9230707863574061, 'dp-parameter-count': 226596, 'dp-expected-noise-l2-norm': 10.06354633545355, 'dp-noise-to-signal-ratio': 5.2330607936255245, 'dp-noise-percent-of-signal': 523.3060793625525, 'metric-dp-noise-stdv': 0.021140971023545143}
[92mINFO [0m:      configure_evaluate: Sampled 8 nodes (out of 8)
[92mINFO [0m:      aggregate_evaluate: Received 8 results and 0 failures
[92mINFO [0m:      	└──> Aggregated MetricRecord: {'eval_loss': 0.8476781324332943, 'eval_acc': 0.7581356867071153, 'client-ids': [0, 1, 2, 3, 4, 5, 6, 7], 'per-client-eval_acc': [0.7303370786516854, 0.7051282051282052, 0.775390625, 0.7775280898876404, 0.763265306122449, 0.7577854671280276, 0.7665260196905767, 0.7534883720930232], 'per-client-eval_loss': [1.0498781418532468, 0.8015276346451197, 0.7766058072447777, 0.8028484280189772, 0.7440569585683394, 0.9305153883039745, 0.8845565329121134, 0.8260228046151095], 'per-client-num-examples': [178, 312, 512, 445, 245, 578, 711, 645]}
[92mINFO [0m:      Global evaluation
[92mINFO [0m:      	└──> MetricRecord: {'loss': 0.8495314331054687, 'accuracy': 0.769, 'f1': 0.7653436264263515, 'precision': 0.7836477047784467, 'auc': 0.9345725416666665}
[92mINFO [0m:      
[92mINFO [0m:      [ROUND 16/20]
[92mINFO [0m:      configure_train: Sampled 8 nodes (out of 8)
[36m(ClientAppActor pid=8645)[0m /usr/lib/python3.12/multiprocessing/popen_fork.py:66: DeprecationWarning: This process (pid=8645) is multi-threaded, use of fork() may lead to deadlocks in the child.[32m [repeated 8x across cluster][0m
[36m(ClientAppActor pid=8645)[0m   self.pid = os.fork()[32m [repeated 8x across cluster][0m
[92mINFO [0m:      aggregate_train: maximum pairwise model distance: 1.444903
[92mINFO [0m:      aggregate_train: Received 8 results and 0 failures
[92mINFO [0m:      aggregate_fit: parameters are clipped by value: 5.0000.
[92mINFO [0m:      aggregate_fit: parameters are clipped by value: 5.0000.
[92mINFO [0m:      aggregate_fit: parameters are clipped by value: 5.0000.
[92mINFO [0m:      aggregate_fit: parameters are clipped by value: 5.0000.
[92mINFO [0m:      aggregate_fit: parameters are clipped by value: 5.0000.
[92mINFO [0m:      aggregate_fit: parameters are clipped by value: 5.0000.
[92mINFO [0m:      aggregate_fit: parameters are clipped by value: 5.0000.
[92mINFO [0m:      aggregate_fit: parameters are clipped by value: 5.0000.
[92mINFO [0m:      aggregate_train: Received 8 results and 0 failures
[92mINFO [0m:      aggregate_train: metric-aware noise with 0.021628 stdev added
[92mINFO [0m:      	└──> Aggregated MetricRecord: {'train_loss': 0.06445335554316496, 'train_loss_mean': 0.16378367600803712, 'client-ids': [0, 1, 2, 3, 4, 5, 6, 7], 'per-client-num-examples': [711, 1244, 2044, 1777, 977, 2311, 2844, 2577], 'per-client-train_loss': [0.06280120140473383, 0.059259817327621284, 0.07239377586109064, 0.04301605963126689, 0.03348720943824052, 0.06499587309098234, 0.08859750779369209, 0.060508263005008056], 'per-client-train_loss_mean': [0.24639778680648816, 0.19682931178324284, 0.15710903544875623, 0.15554613732624345, 0.19383339337440267, 0.1565718655190775, 0.14297608214885038, 0.1540508024990096], 'dp-client-ids': [0, 1, 2, 3, 4, 5, 6, 7], 'dp-update-norms-before-clipping': [4.383288489153403, 5.049667249889759, 6.368729567717885, 5.829831791809051, 4.452729761069154, 6.859764297964121, 7.396347568631924, 7.035218120209425], 'dp-client-clipped': [0, 1, 1, 1, 0, 1, 1, 1], 'dp-num-clients-clipped': 6, 'dp-fraction-clipped': 0.75, 'metric-dp-pairwise-distances': [0.9628187087364495, 1.1109105148352683, 1.0548902105074376, 0.9008603409553567, 1.1784048550762236, 1.232719140748183, 1.1998984524980187, 1.1600202668923885, 1.0992136496740084, 0.9591107613717517, 1.2099403624112408, 1.2772340108640492, 1.2334172412132223, 1.23022248238946, 1.109092839062214, 1.3397181957649689, 1.379346726462245, 1.344780875214686, 1.041100134452184, 1.27919545241942, 1.327598273443679, 1.2970042589586228, 1.1709485192162294, 1.2293760762549937, 1.1813846297251682, 1.4328744097923238, 1.3999600252136588, 1.444903302161644], 'metric-dp-pairwise-client-i': [0, 0, 0, 0, 0, 0, 0, 1, 1, 1, 1, 1, 1, 2, 2, 2, 2, 2, 3, 3, 3, 3, 4, 4, 4, 5, 5, 6], 'metric-dp-pairwise-client-j': [1, 2, 3, 4, 5, 6, 7, 2, 3, 4, 5, 6, 7, 3, 4, 5, 6, 7, 4, 5, 6, 7, 5, 6, 7, 6, 7, 7], 'metric-dp-distance-min': 0.9008603409553567, 'metric-dp-distance-median': 1.2196582193331174, 'metric-dp-distance-mean': 1.2066765970112534, 'metric-dp-distance': 1.444903302161644, 'dp-signal-update-norm': 1.9139187725330895, 'dp-parameter-count': 226596, 'dp-expected-noise-l2-norm': 10.295260918750273, 'dp-noise-to-signal-ratio': 5.3791524836367, 'dp-noise-percent-of-signal': 537.91524836367, 'metric-dp-noise-stdv': 0.02162774488316866}
[92mINFO [0m:      configure_evaluate: Sampled 8 nodes (out of 8)
[92mINFO [0m:      aggregate_evaluate: Received 8 results and 0 failures
[92mINFO [0m:      	└──> Aggregated MetricRecord: {'eval_loss': 0.8649500738962934, 'eval_acc': 0.7851627137341423, 'client-ids': [0, 1, 2, 3, 4, 5, 6, 7], 'per-client-eval_acc': [0.7303370786516854, 0.782051282051282, 0.78125, 0.7662921348314606, 0.7714285714285715, 0.7958477508650519, 0.8030942334739803, 0.7937984496124031], 'per-client-eval_loss': [0.9506485221091281, 0.858227842893356, 0.8883129470050335, 0.9340557119819556, 0.9727040738475566, 0.805209905424745, 0.7677660813311484, 0.8980618853901707], 'per-client-num-examples': [178, 312, 512, 445, 245, 578, 711, 645]}
[92mINFO [0m:      Global evaluation
[92mINFO [0m:      	└──> MetricRecord: {'loss': 0.9279821124076844, 'accuracy': 0.7775, 'f1': 0.7804304575013327, 'precision': 0.792366899728515, 'auc': 0.9421975416666667}
[92mINFO [0m:      
[92mINFO [0m:      [ROUND 17/20]
[92mINFO [0m:      configure_train: Sampled 8 nodes (out of 8)
[36m(ClientAppActor pid=8645)[0m /usr/lib/python3.12/multiprocessing/popen_fork.py:66: DeprecationWarning: This process (pid=8645) is multi-threaded, use of fork() may lead to deadlocks in the child.[32m [repeated 8x across cluster][0m
[36m(ClientAppActor pid=8645)[0m   self.pid = os.fork()[32m [repeated 8x across cluster][0m
[92mINFO [0m:      aggregate_train: maximum pairwise model distance: 1.389241
[92mINFO [0m:      aggregate_train: Received 8 results and 0 failures
[92mINFO [0m:      aggregate_fit: parameters are clipped by value: 5.0000.
[92mINFO [0m:      aggregate_fit: parameters are clipped by value: 5.0000.
[92mINFO [0m:      aggregate_fit: parameters are clipped by value: 5.0000.
[92mINFO [0m:      aggregate_fit: parameters are clipped by value: 5.0000.
[92mINFO [0m:      aggregate_fit: parameters are clipped by value: 5.0000.
[92mINFO [0m:      aggregate_fit: parameters are clipped by value: 5.0000.
[92mINFO [0m:      aggregate_fit: parameters are clipped by value: 5.0000.
[92mINFO [0m:      aggregate_fit: parameters are clipped by value: 5.0000.
[92mINFO [0m:      aggregate_train: Received 8 results and 0 failures
[92mINFO [0m:      aggregate_train: metric-aware noise with 0.022494 stdev added
[92mINFO [0m:      	└──> Aggregated MetricRecord: {'train_loss': 0.06277891940195827, 'train_loss_mean': 0.15258434901878748, 'client-ids': [0, 1, 2, 3, 4, 5, 6, 7], 'per-client-num-examples': [711, 1244, 2044, 1777, 977, 2311, 2844, 2577], 'per-client-train_loss': [0.02538903004918169, 0.07613082296571357, 0.10241139699101681, 0.06385427442540194, 0.023899745264737853, 0.05593200187770668, 0.07920545539733562, 0.037224346017237314], 'per-client-train_loss_mean': [0.2369535598707413, 0.1743976150450695, 0.16438489830278138, 0.14336824397093703, 0.18846965632692145, 0.15037553859951175, 0.12568068163031937, 0.1338389589422703], 'dp-client-ids': [0, 1, 2, 3, 4, 5, 6, 7], 'dp-update-norms-before-clipping': [3.837501312553713, 5.085648390523896, 6.426735230971561, 6.003322357618362, 4.2861913359432835, 6.630788930403248, 7.090639817256921, 6.508781921891114], 'dp-client-clipped': [0, 1, 1, 1, 0, 1, 1, 1], 'dp-num-clients-clipped': 6, 'dp-fraction-clipped': 0.75, 'metric-dp-pairwise-distances': [0.9150450595188886, 1.0828442368656397, 1.0203499804095675, 0.8313785577969005, 1.1033603289009382, 1.1648041262912254, 1.0868358212367941, 1.1682056135808427, 1.124691996568193, 0.9423741980766257, 1.195935964739571, 1.2550250235944986, 1.1734002258939047, 1.253262475443383, 1.1115372277175386, 1.3191827047461022, 1.3651201964045565, 1.3127824341257412, 1.0507440209621564, 1.2785934935867165, 1.322595456847921, 1.2592348247223224, 1.1331969902385026, 1.1912947546225041, 1.1028036311035976, 1.389240657755484, 1.3220376493409276, 1.3730401361050706], 'metric-dp-pairwise-client-i': [0, 0, 0, 0, 0, 0, 0, 1, 1, 1, 1, 1, 1, 2, 2, 2, 2, 2, 3, 3, 3, 3, 4, 4, 4, 5, 5, 6], 'metric-dp-pairwise-client-j': [1, 2, 3, 4, 5, 6, 7, 2, 3, 4, 5, 6, 7, 3, 4, 5, 6, 7, 4, 5, 6, 7, 5, 6, 7, 6, 7, 7], 'metric-dp-distance-min': 0.8313785577969005, 'metric-dp-distance-median': 1.1708029197373737, 'metric-dp-distance-mean': 1.1731756352570042, 'metric-dp-distance': 1.389240657755484, 'dp-signal-update-norm': 1.9154298412277762, 'dp-parameter-count': 226596, 'dp-expected-noise-l2-norm': 10.707760685720018, 'dp-noise-to-signal-ratio': 5.590265148451704, 'dp-noise-percent-of-signal': 559.0265148451704, 'metric-dp-noise-stdv': 0.022494302787314634}
[92mINFO [0m:      configure_evaluate: Sampled 8 nodes (out of 8)
[92mINFO [0m:      aggregate_evaluate: Received 8 results and 0 failures
[92mINFO [0m:      	└──> Aggregated MetricRecord: {'eval_loss': 0.8894410080184479, 'eval_acc': 0.7788196359624932, 'client-ids': [0, 1, 2, 3, 4, 5, 6, 7], 'per-client-eval_acc': [0.7359550561797753, 0.7852564102564102, 0.783203125, 0.7752808988764045, 0.7918367346938775, 0.78719723183391, 0.7791842475386779, 0.7736434108527132], 'per-client-eval_loss': [1.0508659662825337, 0.7610265169388208, 0.7880624122917652, 0.8849926830677504, 0.8722198875582948, 0.8843311995886601, 0.902869946175319, 0.9868699894394986], 'per-client-num-examples': [178, 312, 512, 445, 245, 578, 711, 645]}
[92mINFO [0m:      Global evaluation
[92mINFO [0m:      	└──> MetricRecord: {'loss': 0.9100012292861939, 'accuracy': 0.783, 'f1': 0.7794795671006224, 'precision': 0.7876075932290353, 'auc': 0.9435490833333334}
[92mINFO [0m:      
[92mINFO [0m:      [ROUND 18/20]
[92mINFO [0m:      configure_train: Sampled 8 nodes (out of 8)
[36m(ClientAppActor pid=8647)[0m /usr/lib/python3.12/multiprocessing/popen_fork.py:66: DeprecationWarning: This process (pid=8647) is multi-threaded, use of fork() may lead to deadlocks in the child.[32m [repeated 8x across cluster][0m
[36m(ClientAppActor pid=8647)[0m   self.pid = os.fork()[32m [repeated 8x across cluster][0m
[92mINFO [0m:      aggregate_train: maximum pairwise model distance: 1.359296
[92mINFO [0m:      aggregate_train: Received 8 results and 0 failures
[92mINFO [0m:      aggregate_fit: parameters are clipped by value: 5.0000.
[92mINFO [0m:      aggregate_fit: parameters are clipped by value: 5.0000.
[92mINFO [0m:      aggregate_fit: parameters are clipped by value: 5.0000.
[92mINFO [0m:      aggregate_fit: parameters are clipped by value: 5.0000.
[92mINFO [0m:      aggregate_fit: parameters are clipped by value: 5.0000.
[92mINFO [0m:      aggregate_fit: parameters are clipped by value: 5.0000.
[92mINFO [0m:      aggregate_fit: parameters are clipped by value: 5.0000.
[92mINFO [0m:      aggregate_fit: parameters are clipped by value: 5.0000.
[92mINFO [0m:      aggregate_train: Received 8 results and 0 failures
[92mINFO [0m:      aggregate_train: metric-aware noise with 0.022990 stdev added
[92mINFO [0m:      	└──> Aggregated MetricRecord: {'train_loss': 0.048326379003851616, 'train_loss_mean': 0.14995009581158972, 'client-ids': [0, 1, 2, 3, 4, 5, 6, 7], 'per-client-num-examples': [711, 1244, 2044, 1777, 977, 2311, 2844, 2577], 'per-client-train_loss': [0.03975814526426474, 0.04518386961179531, 0.04210936713147245, 0.034260419358278706, 0.044373806939196285, 0.07917904277965435, 0.05470216783803643, 0.033631963756182624], 'per-client-train_loss_mean': [0.25926866155515954, 0.18231911994397065, 0.14359346129065798, 0.13821551058405762, 0.22967037204776947, 0.14362505454476762, 0.11448457919993815, 0.13188534702391566], 'dp-client-ids': [0, 1, 2, 3, 4, 5, 6, 7], 'dp-update-norms-before-clipping': [3.9034708725540077, 4.993339488378215, 6.176456670627872, 5.645852367395363, 4.58222492513962, 6.745580018020341, 6.841873258922176, 6.609659406725856], 'dp-client-clipped': [0, 0, 1, 1, 0, 1, 1, 1], 'dp-num-clients-clipped': 5, 'dp-fraction-clipped': 0.625, 'metric-dp-pairwise-distances': [0.9175759894230092, 1.0658058251719922, 0.9868683942283193, 0.868416670554628, 1.1220847842438768, 1.1475485133317609, 1.1112111530189093, 1.1439253226465855, 1.0763960136876751, 0.9739304864779115, 1.1995244948969532, 1.2272353588292997, 1.187678246293217, 1.2102896611516674, 1.1098693739622831, 1.3157149358691338, 1.3283879857820768, 1.306787200504914, 1.037246381553511, 1.2479504487322022, 1.25439455298086, 1.2448637056319665, 1.1619986294147868, 1.1767418249316204, 1.1468723312330742, 1.3592963984701782, 1.3419434683552633, 1.3558011761245627], 'metric-dp-pairwise-client-i': [0, 0, 0, 0, 0, 0, 0, 1, 1, 1, 1, 1, 1, 2, 2, 2, 2, 2, 3, 3, 3, 3, 4, 4, 4, 5, 5, 6], 'metric-dp-pairwise-client-j': [1, 2, 3, 4, 5, 6, 7, 2, 3, 4, 5, 6, 7, 3, 4, 5, 6, 7, 4, 5, 6, 7, 5, 6, 7, 6, 7, 7], 'metric-dp-distance-min': 0.868416670554628, 'metric-dp-distance-median': 1.1693702271732036, 'metric-dp-distance-mean': 1.1652271188393655, 'metric-dp-distance': 1.3592963984701782, 'dp-signal-update-norm': 1.9136727420758521, 'dp-parameter-count': 226596, 'dp-expected-noise-l2-norm': 10.943644458162192, 'dp-noise-to-signal-ratio': 5.718660363156502, 'dp-noise-percent-of-signal': 571.8660363156501, 'metric-dp-noise-stdv': 0.022989835061117174}
[92mINFO [0m:      configure_evaluate: Sampled 8 nodes (out of 8)
[92mINFO [0m:      aggregate_evaluate: Received 8 results and 0 failures
[92mINFO [0m:      	└──> Aggregated MetricRecord: {'eval_loss': 0.9859387738495589, 'eval_acc': 0.7749586321014893, 'client-ids': [0, 1, 2, 3, 4, 5, 6, 7], 'per-client-eval_acc': [0.7528089887640449, 0.7660256410256411, 0.783203125, 0.7707865168539326, 0.7795918367346939, 0.773356401384083, 0.7876230661040787, 0.7674418604651163], 'per-client-eval_loss': [1.1631274705522516, 0.892792148467822, 0.8915064595639706, 1.0100929324546557, 0.8814088237528899, 1.0398411134122565, 0.9507141425136776, 1.0706238929615464], 'per-client-num-examples': [178, 312, 512, 445, 245, 578, 711, 645]}
[92mINFO [0m:      Global evaluation
[92mINFO [0m:      	└──> MetricRecord: {'loss': 0.9916423170566558, 'accuracy': 0.79, 'f1': 0.7871553971284712, 'precision': 0.7928591362713063, 'auc': 0.9437483333333334}
[92mINFO [0m:      
[92mINFO [0m:      [ROUND 19/20]
[92mINFO [0m:      configure_train: Sampled 8 nodes (out of 8)
[36m(ClientAppActor pid=8645)[0m /usr/lib/python3.12/multiprocessing/popen_fork.py:66: DeprecationWarning: This process (pid=8645) is multi-threaded, use of fork() may lead to deadlocks in the child.[32m [repeated 8x across cluster][0m
[36m(ClientAppActor pid=8645)[0m   self.pid = os.fork()[32m [repeated 8x across cluster][0m
[92mINFO [0m:      aggregate_train: maximum pairwise model distance: 1.429128
[92mINFO [0m:      aggregate_train: Received 8 results and 0 failures
[92mINFO [0m:      aggregate_fit: parameters are clipped by value: 5.0000.
[92mINFO [0m:      aggregate_fit: parameters are clipped by value: 5.0000.
[92mINFO [0m:      aggregate_fit: parameters are clipped by value: 5.0000.
[92mINFO [0m:      aggregate_fit: parameters are clipped by value: 5.0000.
[92mINFO [0m:      aggregate_fit: parameters are clipped by value: 5.0000.
[92mINFO [0m:      aggregate_fit: parameters are clipped by value: 5.0000.
[92mINFO [0m:      aggregate_fit: parameters are clipped by value: 5.0000.
[92mINFO [0m:      aggregate_fit: parameters are clipped by value: 5.0000.
[92mINFO [0m:      aggregate_train: Received 8 results and 0 failures
[92mINFO [0m:      aggregate_train: metric-aware noise with 0.021866 stdev added
[92mINFO [0m:      	└──> Aggregated MetricRecord: {'train_loss': 0.05833039057766069, 'train_loss_mean': 0.14667814904705598, 'client-ids': [0, 1, 2, 3, 4, 5, 6, 7], 'per-client-num-examples': [711, 1244, 2044, 1777, 977, 2311, 2844, 2577], 'per-client-train_loss': [0.04641092179864435, 0.052908670708201704, 0.06670245591645838, 0.033998389438541, 0.04393966780821035, 0.051353612562463374, 0.04925858283627637, 0.09609838345564749], 'per-client-train_loss_mean': [0.24653857397924162, 0.1754839221422839, 0.14125836904537944, 0.1447004761263837, 0.21712785726651443, 0.13511974440753777, 0.11107374405181861, 0.13383307618876508], 'dp-client-ids': [0, 1, 2, 3, 4, 5, 6, 7], 'dp-update-norms-before-clipping': [4.001008936595834, 5.11665805534007, 6.211853480656232, 5.591480584412793, 4.3843620644056065, 6.3741441039143565, 6.806631906870973, 7.301591907268345], 'dp-client-clipped': [0, 1, 1, 1, 0, 1, 1, 1], 'dp-num-clients-clipped': 6, 'dp-fraction-clipped': 0.75, 'metric-dp-pairwise-distances': [0.9367528023431078, 1.0715841968388606, 0.9883439833453546, 0.8527094218879938, 1.0748595537152141, 1.1432536021651079, 1.198888174801444, 1.1585415942439188, 1.0864363501314074, 0.9696327146763603, 1.170239397091791, 1.2275991756469011, 1.2825457633007318, 1.195643795072101, 1.0893554605233173, 1.2741328722525698, 1.321312294031183, 1.3724030350955825, 1.006993634160608, 1.211960715513366, 1.2564981680285807, 1.3188526284260054, 1.108283332393815, 1.1625475900558133, 1.2221870079326134, 1.336786127416417, 1.3802157251629978, 1.4291275854532917], 'metric-dp-pairwise-client-i': [0, 0, 0, 0, 0, 0, 0, 1, 1, 1, 1, 1, 1, 2, 2, 2, 2, 2, 3, 3, 3, 3, 4, 4, 4, 5, 5, 6], 'metric-dp-pairwise-client-j': [1, 2, 3, 4, 5, 6, 7, 2, 3, 4, 5, 6, 7, 3, 4, 5, 6, 7, 4, 5, 6, 7, 5, 6, 7, 6, 7, 7], 'metric-dp-distance-min': 0.8527094218879938, 'metric-dp-distance-median': 1.182941596081946, 'metric-dp-distance-mean': 1.1731316679180879, 'metric-dp-distance': 1.4291275854532917, 'dp-signal-update-norm': 1.9080440447426361, 'dp-parameter-count': 226596, 'dp-expected-noise-l2-norm': 10.408907258899294, 'dp-noise-to-signal-ratio': 5.455276196364369, 'dp-noise-percent-of-signal': 545.527619636437, 'metric-dp-noise-stdv': 0.021866487161877925}
[92mINFO [0m:      configure_evaluate: Sampled 8 nodes (out of 8)
[92mINFO [0m:      aggregate_evaluate: Received 8 results and 0 failures
[92mINFO [0m:      	└──> Aggregated MetricRecord: {'eval_loss': 0.987015818799982, 'eval_acc': 0.7677881963596249, 'client-ids': [0, 1, 2, 3, 4, 5, 6, 7], 'per-client-eval_acc': [0.7359550561797753, 0.7371794871794872, 0.755859375, 0.7640449438202247, 0.7877551020408163, 0.7768166089965398, 0.7819971870604782, 0.772093023255814], 'per-client-eval_loss': [1.1452006650774667, 1.0299314963511932, 1.0679960884153843, 1.0297830260201786, 0.8591219220842634, 0.876518820808833, 0.9401954142520867, 1.028024621712145], 'per-client-num-examples': [178, 312, 512, 445, 245, 578, 711, 645]}
[92mINFO [0m:      Global evaluation
[92mINFO [0m:      	└──> MetricRecord: {'loss': 1.0161538174152374, 'accuracy': 0.7775, 'f1': 0.7807337216215516, 'precision': 0.7872190585290907, 'auc': 0.9412040416666666}
[92mINFO [0m:      
[92mINFO [0m:      [ROUND 20/20]
[92mINFO [0m:      configure_train: Sampled 8 nodes (out of 8)
[36m(ClientAppActor pid=8657)[0m /usr/lib/python3.12/multiprocessing/popen_fork.py:66: DeprecationWarning: This process (pid=8657) is multi-threaded, use of fork() may lead to deadlocks in the child.[32m [repeated 8x across cluster][0m
[36m(ClientAppActor pid=8657)[0m   self.pid = os.fork()[32m [repeated 8x across cluster][0m
[92mINFO [0m:      aggregate_train: maximum pairwise model distance: 1.439365
[92mINFO [0m:      aggregate_train: Received 8 results and 0 failures
[92mINFO [0m:      aggregate_fit: parameters are clipped by value: 5.0000.
[92mINFO [0m:      aggregate_fit: parameters are clipped by value: 5.0000.
[92mINFO [0m:      aggregate_fit: parameters are clipped by value: 5.0000.
[92mINFO [0m:      aggregate_fit: parameters are clipped by value: 5.0000.
[92mINFO [0m:      aggregate_fit: parameters are clipped by value: 5.0000.
[92mINFO [0m:      aggregate_fit: parameters are clipped by value: 5.0000.
[92mINFO [0m:      aggregate_fit: parameters are clipped by value: 5.0000.
[92mINFO [0m:      aggregate_fit: parameters are clipped by value: 5.0000.
[92mINFO [0m:      aggregate_train: Received 8 results and 0 failures
[92mINFO [0m:      aggregate_train: metric-aware noise with 0.021711 stdev added
[92mINFO [0m:      	└──> Aggregated MetricRecord: {'train_loss': 0.06292092685202252, 'train_loss_mean': 0.13685561769635668, 'client-ids': [0, 1, 2, 3, 4, 5, 6, 7], 'per-client-num-examples': [711, 1244, 2044, 1777, 977, 2311, 2844, 2577], 'per-client-train_loss': [0.055522420386614806, 0.06475498626709368, 0.049050173188200666, 0.03244361162319838, 0.01871916196502539, 0.06462762941643016, 0.06882559062465082, 0.10480561786247031], 'per-client-train_loss_mean': [0.25299124882743806, 0.17114931750036416, 0.12222447030377481, 0.13514391019495942, 0.19078553635770018, 0.12311102349994392, 0.1115362130728997, 0.12086671067847732], 'dp-client-ids': [0, 1, 2, 3, 4, 5, 6, 7], 'dp-update-norms-before-clipping': [4.181618664816957, 5.1121896990285265, 6.051270998792472, 5.568707675526152, 4.344310935589346, 6.505946198055911, 7.273434400326355, 7.022286081933662], 'dp-client-clipped': [0, 1, 1, 1, 0, 1, 1, 1], 'dp-num-clients-clipped': 6, 'dp-fraction-clipped': 0.75, 'metric-dp-pairwise-distances': [0.9542729954700917, 1.0649777937214822, 1.0021004191755007, 0.8722539896455904, 1.1095585965861876, 1.205885861845066, 1.1731866541473817, 1.1360996714017044, 1.080328737385571, 0.9591726010354856, 1.1809010932532449, 1.280386964790523, 1.244706790195778, 1.1845796040336911, 1.0741988173685968, 1.2697004506674905, 1.3524869985412806, 1.3283908245308946, 1.0106799012670915, 1.2310926858335733, 1.3044337809551507, 1.286419391244029, 1.1244502477541876, 1.2172433511198808, 1.1763509174343199, 1.393917459063232, 1.3672159655640523, 1.4393653467607994], 'metric-dp-pairwise-client-i': [0, 0, 0, 0, 0, 0, 0, 1, 1, 1, 1, 1, 1, 2, 2, 2, 2, 2, 3, 3, 3, 3, 4, 4, 4, 5, 5, 6], 'metric-dp-pairwise-client-j': [1, 2, 3, 4, 5, 6, 7, 2, 3, 4, 5, 6, 7, 3, 4, 5, 6, 7, 4, 5, 6, 7, 5, 6, 7, 6, 7, 7], 'metric-dp-distance-min': 0.8722539896455904, 'metric-dp-distance-median': 1.182740348643468, 'metric-dp-distance-mean': 1.1794413539568527, 'metric-dp-distance': 1.4393653467607994, 'dp-signal-update-norm': 1.9019957526543818, 'dp-parameter-count': 226596, 'dp-expected-noise-l2-norm': 10.334871915316509, 'dp-noise-to-signal-ratio': 5.433698735075195, 'dp-noise-percent-of-signal': 543.3698735075195, 'metric-dp-noise-stdv': 0.021710957589972657}
[92mINFO [0m:      configure_evaluate: Sampled 8 nodes (out of 8)
[92mINFO [0m:      aggregate_evaluate: Received 8 results and 0 failures
[92mINFO [0m:      	└──> Aggregated MetricRecord: {'eval_loss': 0.8728827324799137, 'eval_acc': 0.7804743519029234, 'client-ids': [0, 1, 2, 3, 4, 5, 6, 7], 'per-client-eval_acc': [0.7808988764044944, 0.7788461538461539, 0.787109375, 0.7662921348314606, 0.7918367346938775, 0.7716262975778547, 0.7946554149085795, 0.7736434108527132], 'per-client-eval_loss': [0.8672000584977396, 0.8313627212475507, 0.7459847712889314, 0.9893407628777322, 0.8442561908644073, 0.9209346277832624, 0.8053424846270919, 0.9571839968363444], 'per-client-num-examples': [178, 312, 512, 445, 245, 578, 711, 645]}
[92mINFO [0m:      Global evaluation
[92mINFO [0m:      	└──> MetricRecord: {'loss': 0.8924899854660034, 'accuracy': 0.779, 'f1': 0.7788368739999874, 'precision': 0.7860726705415597, 'auc': 0.942836125}
[92mINFO [0m:      
[92mINFO [0m:      Strategy execution finished in 244.67s
[92mINFO [0m:      
[92mINFO [0m:      Final results:
[92mINFO [0m:      
[92mINFO [0m:      	Global Arrays:
[92mINFO [0m:      		ArrayRecord (0.866 MB)
[92mINFO [0m:      	
[92mINFO [0m:      	Aggregated ClientApp-side Train Metrics:
[92mINFO [0m:      	{ 1: { 'client-ids': "['0', '1', '2', '3', '4', '5', '6', '7']",
[92mINFO [0m:      	       'dp-client-clipped': "['1', '1', '1', '1', '1', '1', '1', '1']",
[92mINFO [0m:      	       'dp-client-ids': "['0', '1', '2', '3', '4', '5', '6', '7']",
[92mINFO [0m:      	       'dp-expected-noise-l2-norm': '8.3157e+00',
[92mINFO [0m:      	       'dp-fraction-clipped': '1.0000e+00',
[92mINFO [0m:      	       'dp-noise-percent-of-signal': '3.3224e+02',
[92mINFO [0m:      	       'dp-noise-to-signal-ratio': '3.3224e+00',
[92mINFO [0m:      	       'dp-num-clients-clipped': '8',
[92mINFO [0m:      	       'dp-parameter-count': '226596',
[92mINFO [0m:      	       'dp-signal-update-norm': '2.5029e+00',
[92mINFO [0m:      	       'dp-update-norms-before-clipping': "['5.1609e+00', '5.9381e+00', "
[92mINFO [0m:      	                                          "'7.5475e+00', '6.8112e+00', "
[92mINFO [0m:      	                                          "'5.6979e+00', '7.7656e+00', "
[92mINFO [0m:      	                                          "'8.2703e+00', '7.4086e+00']",
[92mINFO [0m:      	       'metric-dp-distance': '1.7889e+00',
[92mINFO [0m:      	       'metric-dp-distance-mean': '1.5158e+00',
[92mINFO [0m:      	       'metric-dp-distance-median': '1.5308e+00',
[92mINFO [0m:      	       'metric-dp-distance-min': '1.1439e+00',
[92mINFO [0m:      	       'metric-dp-noise-stdv': '1.7469e-02',
[92mINFO [0m:      	       'metric-dp-pairwise-client-i': "['0', '0', '0', '0', '0', '0', '0', "
[92mINFO [0m:      	                                      "'1', '1', '1', '1', '1', '1', '2', '2', "
[92mINFO [0m:      	                                      "'2', '2', '2', '3', '3', '3', '3', '4', "
[92mINFO [0m:      	                                      "'4', '4', '5', '5', '6']",
[92mINFO [0m:      	       'metric-dp-pairwise-client-j': "['1', '2', '3', '4', '5', '6', '7', "
[92mINFO [0m:      	                                      "'2', '3', '4', '5', '6', '7', '3', '4', "
[92mINFO [0m:      	                                      "'5', '6', '7', '4', '5', '6', '7', '5', "
[92mINFO [0m:      	                                      "'6', '7', '6', '7', '7']",
[92mINFO [0m:      	       'metric-dp-pairwise-distances': "['1.1439e+00', '1.4353e+00', "
[92mINFO [0m:      	                                       "'1.2426e+00', '1.1528e+00', "
[92mINFO [0m:      	                                       "'1.4704e+00', '1.5275e+00', "
[92mINFO [0m:      	                                       "'1.4290e+00', '1.5088e+00', "
[92mINFO [0m:      	                                       "'1.3696e+00', '1.2005e+00', "
[92mINFO [0m:      	                                       "'1.5219e+00', '1.6140e+00', "
[92mINFO [0m:      	                                       "'1.4872e+00', '1.5628e+00', "
[92mINFO [0m:      	                                       "'1.4503e+00', '1.6994e+00', "
[92mINFO [0m:      	                                       "'1.7706e+00', '1.6941e+00', "
[92mINFO [0m:      	                                       "'1.3774e+00', '1.6408e+00', "
[92mINFO [0m:      	                                       "'1.6216e+00', '1.5724e+00', "
[92mINFO [0m:      	                                       "'1.5552e+00', '1.5974e+00', "
[92mINFO [0m:      	                                       "'1.5341e+00', '1.7889e+00', "
[92mINFO [0m:      	                                       "'1.7282e+00', '1.7468e+00']",
[92mINFO [0m:      	       'per-client-num-examples': "['711', '1244', '2044', '1777', '977', "
[92mINFO [0m:      	                                  "'2311', '2844', '2577']",
[92mINFO [0m:      	       'per-client-train_loss': "['1.0525e+00', '9.7061e-01', '8.8049e-01', "
[92mINFO [0m:      	                                "'9.4297e-01', '1.0411e+00', '9.2560e-01', "
[92mINFO [0m:      	                                "'8.3646e-01', '8.5828e-01']",
[92mINFO [0m:      	       'per-client-train_loss_mean': "['1.2303e+00', '1.1779e+00', "
[92mINFO [0m:      	                                     "'1.0598e+00', '1.1371e+00', "
[92mINFO [0m:      	                                     "'1.2075e+00', '1.0663e+00', "
[92mINFO [0m:      	                                     "'1.0268e+00', '1.0497e+00']",
[92mINFO [0m:      	       'train_loss': '9.0978e-01',
[92mINFO [0m:      	       'train_loss_mean': '1.0905e+00'},
[92mINFO [0m:      	  2: { 'client-ids': "['0', '1', '2', '3', '4', '5', '6', '7']",
[92mINFO [0m:      	       'dp-client-clipped': "['0', '1', '1', '1', '1', '1', '1', '1']",
[92mINFO [0m:      	       'dp-client-ids': "['0', '1', '2', '3', '4', '5', '6', '7']",
[92mINFO [0m:      	       'dp-expected-noise-l2-norm': '1.0317e+01',
[92mINFO [0m:      	       'dp-fraction-clipped': '8.7500e-01',
[92mINFO [0m:      	       'dp-noise-percent-of-signal': '2.8549e+02',
[92mINFO [0m:      	       'dp-noise-to-signal-ratio': '2.8549e+00',
[92mINFO [0m:      	       'dp-num-clients-clipped': '7',
[92mINFO [0m:      	       'dp-parameter-count': '226596',
[92mINFO [0m:      	       'dp-signal-update-norm': '3.6136e+00',
[92mINFO [0m:      	       'dp-update-norms-before-clipping': "['4.5031e+00', '6.0323e+00', "
[92mINFO [0m:      	                                          "'7.2931e+00', '7.1078e+00', "
[92mINFO [0m:      	                                          "'5.3521e+00', '8.1180e+00', "
[92mINFO [0m:      	                                          "'9.0340e+00', '8.7584e+00']",
[92mINFO [0m:      	       'metric-dp-distance': '1.4419e+00',
[92mINFO [0m:      	       'metric-dp-distance-mean': '1.1456e+00',
[92mINFO [0m:      	       'metric-dp-distance-median': '1.2041e+00',
[92mINFO [0m:      	       'metric-dp-distance-min': '7.5698e-01',
[92mINFO [0m:      	       'metric-dp-noise-stdv': '2.1673e-02',
[92mINFO [0m:      	       'metric-dp-pairwise-client-i': "['0', '0', '0', '0', '0', '0', '0', "
[92mINFO [0m:      	                                      "'1', '1', '1', '1', '1', '1', '2', '2', "
[92mINFO [0m:      	                                      "'2', '2', '2', '3', '3', '3', '3', '4', "
[92mINFO [0m:      	                                      "'4', '4', '5', '5', '6']",
[92mINFO [0m:      	       'metric-dp-pairwise-client-j': "['1', '2', '3', '4', '5', '6', '7', "
[92mINFO [0m:      	                                      "'2', '3', '4', '5', '6', '7', '3', '4', "
[92mINFO [0m:      	                                      "'5', '6', '7', '4', '5', '6', '7', '5', "
[92mINFO [0m:      	                                      "'6', '7', '6', '7', '7']",
[92mINFO [0m:      	       'metric-dp-pairwise-distances': "['8.2797e-01', '9.9545e-01', "
[92mINFO [0m:      	                                       "'9.5469e-01', '7.5698e-01', "
[92mINFO [0m:      	                                       "'1.1436e+00', '1.2431e+00', "
[92mINFO [0m:      	                                       "'1.2246e+00', '1.0229e+00', "
[92mINFO [0m:      	                                       "'1.0060e+00', '8.9335e-01', "
[92mINFO [0m:      	                                       "'1.1591e+00', '1.2523e+00', "
[92mINFO [0m:      	                                       "'1.2443e+00', '1.0684e+00', "
[92mINFO [0m:      	                                       "'1.0221e+00', '1.2032e+00', "
[92mINFO [0m:      	                                       "'1.3077e+00', '1.2679e+00', "
[92mINFO [0m:      	                                       "'1.0089e+00', '1.2049e+00', "
[92mINFO [0m:      	                                       "'1.2441e+00', '1.2631e+00', "
[92mINFO [0m:      	                                       "'1.1479e+00', '1.2821e+00', "
[92mINFO [0m:      	                                       "'1.2205e+00', '1.3297e+00', "
[92mINFO [0m:      	                                       "'1.3403e+00', '1.4419e+00']",
[92mINFO [0m:      	       'per-client-num-examples': "['711', '1244', '2044', '1777', '977', "
[92mINFO [0m:      	                                  "'2311', '2844', '2577']",
[92mINFO [0m:      	       'per-client-train_loss': "['8.2765e-01', '8.0504e-01', '7.7463e-01', "
[92mINFO [0m:      	                                "'7.6396e-01', '8.6151e-01', '7.2845e-01', "
[92mINFO [0m:      	                                "'6.9813e-01', '7.0812e-01']",
[92mINFO [0m:      	       'per-client-train_loss_mean': "['9.6124e-01', '9.0069e-01', "
[92mINFO [0m:      	                                     "'8.7352e-01', '8.9164e-01', "
[92mINFO [0m:      	                                     "'9.6383e-01', '8.5002e-01', "
[92mINFO [0m:      	                                     "'8.1782e-01', '8.3320e-01']",
[92mINFO [0m:      	       'train_loss': '7.5017e-01',
[92mINFO [0m:      	       'train_loss_mean': '8.6661e-01'},
[92mINFO [0m:      	  3: { 'client-ids': "['0', '1', '2', '3', '4', '5', '6', '7']",
[92mINFO [0m:      	       'dp-client-clipped': "['0', '1', '1', '1', '0', '1', '1', '1']",
[92mINFO [0m:      	       'dp-client-ids': "['0', '1', '2', '3', '4', '5', '6', '7']",
[92mINFO [0m:      	       'dp-expected-noise-l2-norm': '1.0348e+01',
[92mINFO [0m:      	       'dp-fraction-clipped': '7.5000e-01',
[92mINFO [0m:      	       'dp-noise-percent-of-signal': '3.2446e+02',
[92mINFO [0m:      	       'dp-noise-to-signal-ratio': '3.2446e+00',
[92mINFO [0m:      	       'dp-num-clients-clipped': '6',
[92mINFO [0m:      	       'dp-parameter-count': '226596',
[92mINFO [0m:      	       'dp-signal-update-norm': '3.1894e+00',
[92mINFO [0m:      	       'dp-update-norms-before-clipping': "['4.3568e+00', '5.7189e+00', "
[92mINFO [0m:      	                                          "'7.7405e+00', '7.1385e+00', "
[92mINFO [0m:      	                                          "'4.9425e+00', '7.9183e+00', "
[92mINFO [0m:      	                                          "'8.8207e+00', '8.4459e+00']",
[92mINFO [0m:      	       'metric-dp-distance': '1.4375e+00',
[92mINFO [0m:      	       'metric-dp-distance-mean': '1.2089e+00',
[92mINFO [0m:      	       'metric-dp-distance-median': '1.2376e+00',
[92mINFO [0m:      	       'metric-dp-distance-min': '8.1932e-01',
[92mINFO [0m:      	       'metric-dp-noise-stdv': '2.1739e-02',
[92mINFO [0m:      	       'metric-dp-pairwise-client-i': "['0', '0', '0', '0', '0', '0', '0', "
[92mINFO [0m:      	                                      "'1', '1', '1', '1', '1', '1', '2', '2', "
[92mINFO [0m:      	                                      "'2', '2', '2', '3', '3', '3', '3', '4', "
[92mINFO [0m:      	                                      "'4', '4', '5', '5', '6']",
[92mINFO [0m:      	       'metric-dp-pairwise-client-j': "['1', '2', '3', '4', '5', '6', '7', "
[92mINFO [0m:      	                                      "'2', '3', '4', '5', '6', '7', '3', '4', "
[92mINFO [0m:      	                                      "'5', '6', '7', '4', '5', '6', '7', '5', "
[92mINFO [0m:      	                                      "'6', '7', '6', '7', '7']",
[92mINFO [0m:      	       'metric-dp-pairwise-distances': "['8.9764e-01', '1.1368e+00', "
[92mINFO [0m:      	                                       "'1.0494e+00', '8.1932e-01', "
[92mINFO [0m:      	                                       "'1.1733e+00', '1.2745e+00', "
[92mINFO [0m:      	                                       "'1.2345e+00', '1.1754e+00', "
[92mINFO [0m:      	                                       "'1.1061e+00', '9.3177e-01', "
[92mINFO [0m:      	                                       "'1.1931e+00', '1.3076e+00', "
[92mINFO [0m:      	                                       "'1.2530e+00', '1.2406e+00', "
[92mINFO [0m:      	                                       "'1.1498e+00', '1.2990e+00', "
[92mINFO [0m:      	                                       "'1.4030e+00', '1.3369e+00', "
[92mINFO [0m:      	                                       "'1.0608e+00', '1.2848e+00', "
[92mINFO [0m:      	                                       "'1.3341e+00', '1.2819e+00', "
[92mINFO [0m:      	                                       "'1.1799e+00', '1.2842e+00', "
[92mINFO [0m:      	                                       "'1.2189e+00', '1.4007e+00', "
[92mINFO [0m:      	                                       "'1.3832e+00', '1.4375e+00']",
[92mINFO [0m:      	       'per-client-num-examples': "['711', '1244', '2044', '1777', '977', "
[92mINFO [0m:      	                                  "'2311', '2844', '2577']",
[92mINFO [0m:      	       'per-client-train_loss': "['6.8753e-01', '6.7641e-01', '5.8660e-01', "
[92mINFO [0m:      	                                "'6.4117e-01', '6.8173e-01', '6.2836e-01', "
[92mINFO [0m:      	                                "'5.8671e-01', '5.9869e-01']",
[92mINFO [0m:      	       'per-client-train_loss_mean': "['7.7881e-01', '7.5944e-01', "
[92mINFO [0m:      	                                     "'7.0735e-01', '7.3422e-01', "
[92mINFO [0m:      	                                     "'7.9896e-01', '7.2003e-01', "
[92mINFO [0m:      	                                     "'6.9755e-01', '7.1005e-01']",
[92mINFO [0m:      	       'train_loss': '6.2122e-01',
[92mINFO [0m:      	       'train_loss_mean': '7.2539e-01'},
[92mINFO [0m:      	  4: { 'client-ids': "['0', '1', '2', '3', '4', '5', '6', '7']",
[92mINFO [0m:      	       'dp-client-clipped': "['0', '1', '1', '1', '1', '1', '1', '1']",
[92mINFO [0m:      	       'dp-client-ids': "['0', '1', '2', '3', '4', '5', '6', '7']",
[92mINFO [0m:      	       'dp-expected-noise-l2-norm': '9.5344e+00',
[92mINFO [0m:      	       'dp-fraction-clipped': '8.7500e-01',
[92mINFO [0m:      	       'dp-noise-percent-of-signal': '3.4487e+02',
[92mINFO [0m:      	       'dp-noise-to-signal-ratio': '3.4487e+00',
[92mINFO [0m:      	       'dp-num-clients-clipped': '7',
[92mINFO [0m:      	       'dp-parameter-count': '226596',
[92mINFO [0m:      	       'dp-signal-update-norm': '2.7647e+00',
[92mINFO [0m:      	       'dp-update-norms-before-clipping': "['4.4919e+00', '5.8281e+00', "
[92mINFO [0m:      	                                          "'7.7151e+00', '7.2269e+00', "
[92mINFO [0m:      	                                          "'5.3155e+00', '8.2963e+00', "
[92mINFO [0m:      	                                          "'8.9945e+00', '8.4800e+00']",
[92mINFO [0m:      	       'metric-dp-distance': '1.5602e+00',
[92mINFO [0m:      	       'metric-dp-distance-mean': '1.3196e+00',
[92mINFO [0m:      	       'metric-dp-distance-median': '1.3403e+00',
[92mINFO [0m:      	       'metric-dp-distance-min': '9.2579e-01',
[92mINFO [0m:      	       'metric-dp-noise-stdv': '2.0029e-02',
[92mINFO [0m:      	       'metric-dp-pairwise-client-i': "['0', '0', '0', '0', '0', '0', '0', "
[92mINFO [0m:      	                                      "'1', '1', '1', '1', '1', '1', '2', '2', "
[92mINFO [0m:      	                                      "'2', '2', '2', '3', '3', '3', '3', '4', "
[92mINFO [0m:      	                                      "'4', '4', '5', '5', '6']",
[92mINFO [0m:      	       'metric-dp-pairwise-client-j': "['1', '2', '3', '4', '5', '6', '7', "
[92mINFO [0m:      	                                      "'2', '3', '4', '5', '6', '7', '3', '4', "
[92mINFO [0m:      	                                      "'5', '6', '7', '4', '5', '6', '7', '5', "
[92mINFO [0m:      	                                      "'6', '7', '6', '7', '7']",
[92mINFO [0m:      	       'metric-dp-pairwise-distances': "['9.9004e-01', '1.2105e+00', "
[92mINFO [0m:      	                                       "'1.1501e+00', '9.2579e-01', "
[92mINFO [0m:      	                                       "'1.2860e+00', '1.3726e+00', "
[92mINFO [0m:      	                                       "'1.3138e+00', '1.2681e+00', "
[92mINFO [0m:      	                                       "'1.2151e+00', '1.0284e+00', "
[92mINFO [0m:      	                                       "'1.3459e+00', '1.4395e+00', "
[92mINFO [0m:      	                                       "'1.3493e+00', '1.3346e+00', "
[92mINFO [0m:      	                                       "'1.2391e+00', '1.4340e+00', "
[92mINFO [0m:      	                                       "'1.5041e+00', '1.4565e+00', "
[92mINFO [0m:      	                                       "'1.1752e+00', '1.4125e+00', "
[92mINFO [0m:      	                                       "'1.4637e+00', '1.4162e+00', "
[92mINFO [0m:      	                                       "'1.3141e+00', '1.3829e+00', "
[92mINFO [0m:      	                                       "'1.3130e+00', '1.5446e+00', "
[92mINFO [0m:      	                                       "'1.5043e+00', '1.5602e+00']",
[92mINFO [0m:      	       'per-client-num-examples': "['711', '1244', '2044', '1777', '977', "
[92mINFO [0m:      	                                  "'2311', '2844', '2577']",
[92mINFO [0m:      	       'per-client-train_loss': "['6.1302e-01', '5.6178e-01', '5.4622e-01', "
[92mINFO [0m:      	                                "'5.3282e-01', '5.6950e-01', '5.2536e-01', "
[92mINFO [0m:      	                                "'5.5598e-01', '5.4997e-01']",
[92mINFO [0m:      	       'per-client-train_loss_mean': "['7.1694e-01', '6.6586e-01', "
[92mINFO [0m:      	                                     "'6.3646e-01', '6.3942e-01', "
[92mINFO [0m:      	                                     "'6.7447e-01', '6.3480e-01', "
[92mINFO [0m:      	                                     "'6.3305e-01', '6.5575e-01']",
[92mINFO [0m:      	       'train_loss': '5.5002e-01',
[92mINFO [0m:      	       'train_loss_mean': '6.4836e-01'},
[92mINFO [0m:      	  5: { 'client-ids': "['0', '1', '2', '3', '4', '5', '6', '7']",
[92mINFO [0m:      	       'dp-client-clipped': "['0', '1', '1', '1', '1', '1', '1', '1']",
[92mINFO [0m:      	       'dp-client-ids': "['0', '1', '2', '3', '4', '5', '6', '7']",
[92mINFO [0m:      	       'dp-expected-noise-l2-norm': '9.0630e+00',
[92mINFO [0m:      	       'dp-fraction-clipped': '8.7500e-01',
[92mINFO [0m:      	       'dp-noise-percent-of-signal': '3.5415e+02',
[92mINFO [0m:      	       'dp-noise-to-signal-ratio': '3.5415e+00',
[92mINFO [0m:      	       'dp-num-clients-clipped': '7',
[92mINFO [0m:      	       'dp-parameter-count': '226596',
[92mINFO [0m:      	       'dp-signal-update-norm': '2.5591e+00',
[92mINFO [0m:      	       'dp-update-norms-before-clipping': "['4.9602e+00', '6.2379e+00', "
[92mINFO [0m:      	                                          "'7.9132e+00', '7.6124e+00', "
[92mINFO [0m:      	                                          "'5.6832e+00', '8.4719e+00', "
[92mINFO [0m:      	                                          "'9.2127e+00', '8.9165e+00']",
[92mINFO [0m:      	       'metric-dp-distance': '1.6414e+00',
[92mINFO [0m:      	       'metric-dp-distance-mean': '1.3933e+00',
[92mINFO [0m:      	       'metric-dp-distance-median': '1.4233e+00',
[92mINFO [0m:      	       'metric-dp-distance-min': '1.0149e+00',
[92mINFO [0m:      	       'metric-dp-noise-stdv': '1.9039e-02',
[92mINFO [0m:      	       'metric-dp-pairwise-client-i': "['0', '0', '0', '0', '0', '0', '0', "
[92mINFO [0m:      	                                      "'1', '1', '1', '1', '1', '1', '2', '2', "
[92mINFO [0m:      	                                      "'2', '2', '2', '3', '3', '3', '3', '4', "
[92mINFO [0m:      	                                      "'4', '4', '5', '5', '6']",
[92mINFO [0m:      	       'metric-dp-pairwise-client-j': "['1', '2', '3', '4', '5', '6', '7', "
[92mINFO [0m:      	                                      "'2', '3', '4', '5', '6', '7', '3', '4', "
[92mINFO [0m:      	                                      "'5', '6', '7', '4', '5', '6', '7', '5', "
[92mINFO [0m:      	                                      "'6', '7', '6', '7', '7']",
[92mINFO [0m:      	       'metric-dp-pairwise-distances': "['1.0666e+00', '1.2742e+00', "
[92mINFO [0m:      	                                       "'1.2174e+00', '1.0149e+00', "
[92mINFO [0m:      	                                       "'1.3356e+00', '1.4224e+00', "
[92mINFO [0m:      	                                       "'1.3860e+00', '1.3287e+00', "
[92mINFO [0m:      	                                       "'1.2818e+00', '1.1189e+00', "
[92mINFO [0m:      	                                       "'1.3960e+00', '1.4664e+00', "
[92mINFO [0m:      	                                       "'1.4350e+00', '1.4273e+00', "
[92mINFO [0m:      	                                       "'1.3125e+00', '1.5199e+00', "
[92mINFO [0m:      	                                       "'1.5728e+00', '1.5619e+00', "
[92mINFO [0m:      	                                       "'1.2617e+00', '1.4845e+00', "
[92mINFO [0m:      	                                       "'1.5422e+00', '1.5213e+00', "
[92mINFO [0m:      	                                       "'1.3721e+00', '1.4476e+00', "
[92mINFO [0m:      	                                       "'1.4242e+00', '1.6004e+00', "
[92mINFO [0m:      	                                       "'1.5797e+00', '1.6414e+00']",
[92mINFO [0m:      	       'per-client-num-examples': "['711', '1244', '2044', '1777', '977', "
[92mINFO [0m:      	                                  "'2311', '2844', '2577']",
[92mINFO [0m:      	       'per-client-train_loss': "['4.6230e-01', '4.5348e-01', '4.0297e-01', "
[92mINFO [0m:      	                                "'3.9181e-01', '4.4973e-01', '4.8574e-01', "
[92mINFO [0m:      	                                "'4.2374e-01', '4.4019e-01']",
[92mINFO [0m:      	       'per-client-train_loss_mean': "['6.0457e-01', '5.8728e-01', "
[92mINFO [0m:      	                                     "'5.4795e-01', '5.4519e-01', "
[92mINFO [0m:      	                                     "'5.9421e-01', '5.8051e-01', "
[92mINFO [0m:      	                                     "'5.5302e-01', '5.6294e-01']",
[92mINFO [0m:      	       'train_loss': '4.3591e-01',
[92mINFO [0m:      	       'train_loss_mean': '5.6575e-01'},
[92mINFO [0m:      	  6: { 'client-ids': "['0', '1', '2', '3', '4', '5', '6', '7']",
[92mINFO [0m:      	       'dp-client-clipped': "['0', '1', '1', '1', '1', '1', '1', '1']",
[92mINFO [0m:      	       'dp-client-ids': "['0', '1', '2', '3', '4', '5', '6', '7']",
[92mINFO [0m:      	       'dp-expected-noise-l2-norm': '8.6493e+00',
[92mINFO [0m:      	       'dp-fraction-clipped': '8.7500e-01',
[92mINFO [0m:      	       'dp-noise-percent-of-signal': '3.5815e+02',
[92mINFO [0m:      	       'dp-noise-to-signal-ratio': '3.5815e+00',
[92mINFO [0m:      	       'dp-num-clients-clipped': '7',
[92mINFO [0m:      	       'dp-parameter-count': '226596',
[92mINFO [0m:      	       'dp-signal-update-norm': '2.4150e+00',
[92mINFO [0m:      	       'dp-update-norms-before-clipping': "['4.9317e+00', '6.2080e+00', "
[92mINFO [0m:      	                                          "'7.9671e+00', '7.5647e+00', "
[92mINFO [0m:      	                                          "'5.7574e+00', '8.6919e+00', "
[92mINFO [0m:      	                                          "'9.3893e+00', '9.2196e+00']",
[92mINFO [0m:      	       'metric-dp-distance': '1.7199e+00',
[92mINFO [0m:      	       'metric-dp-distance-mean': '1.4395e+00',
[92mINFO [0m:      	       'metric-dp-distance-median': '1.4651e+00',
[92mINFO [0m:      	       'metric-dp-distance-min': '1.0269e+00',
[92mINFO [0m:      	       'metric-dp-noise-stdv': '1.8170e-02',
[92mINFO [0m:      	       'metric-dp-pairwise-client-i': "['0', '0', '0', '0', '0', '0', '0', "
[92mINFO [0m:      	                                      "'1', '1', '1', '1', '1', '1', '2', '2', "
[92mINFO [0m:      	                                      "'2', '2', '2', '3', '3', '3', '3', '4', "
[92mINFO [0m:      	                                      "'4', '4', '5', '5', '6']",
[92mINFO [0m:      	       'metric-dp-pairwise-client-j': "['1', '2', '3', '4', '5', '6', '7', "
[92mINFO [0m:      	                                      "'2', '3', '4', '5', '6', '7', '3', '4', "
[92mINFO [0m:      	                                      "'5', '6', '7', '4', '5', '6', '7', '5', "
[92mINFO [0m:      	                                      "'6', '7', '6', '7', '7']",
[92mINFO [0m:      	       'metric-dp-pairwise-distances': "['1.0848e+00', '1.2892e+00', "
[92mINFO [0m:      	                                       "'1.2360e+00', '1.0269e+00', "
[92mINFO [0m:      	                                       "'1.3697e+00', '1.4587e+00', "
[92mINFO [0m:      	                                       "'1.4443e+00', '1.3628e+00', "
[92mINFO [0m:      	                                       "'1.3156e+00', '1.1474e+00', "
[92mINFO [0m:      	                                       "'1.4379e+00', '1.5231e+00', "
[92mINFO [0m:      	                                       "'1.4988e+00', '1.4715e+00', "
[92mINFO [0m:      	                                       "'1.3434e+00', '1.5592e+00', "
[92mINFO [0m:      	                                       "'1.6424e+00', '1.6195e+00', "
[92mINFO [0m:      	                                       "'1.2954e+00', '1.5319e+00', "
[92mINFO [0m:      	                                       "'1.5871e+00', '1.5768e+00', "
[92mINFO [0m:      	                                       "'1.4223e+00', '1.5160e+00', "
[92mINFO [0m:      	                                       "'1.4817e+00', '1.6812e+00', "
[92mINFO [0m:      	                                       "'1.6615e+00', '1.7199e+00']",
[92mINFO [0m:      	       'per-client-num-examples': "['711', '1244', '2044', '1777', '977', "
[92mINFO [0m:      	                                  "'2311', '2844', '2577']",
[92mINFO [0m:      	       'per-client-train_loss': "['3.4892e-01', '3.9579e-01', '3.3841e-01', "
[92mINFO [0m:      	                                "'3.3923e-01', '3.3492e-01', '3.5124e-01', "
[92mINFO [0m:      	                                "'3.4877e-01', '3.7596e-01']",
[92mINFO [0m:      	       'per-client-train_loss_mean': "['5.3472e-01', '5.1398e-01', "
[92mINFO [0m:      	                                     "'4.7009e-01', '4.7775e-01', "
[92mINFO [0m:      	                                     "'5.1005e-01', '4.9692e-01', "
[92mINFO [0m:      	                                     "'4.8320e-01', '4.9069e-01']",
[92mINFO [0m:      	       'train_loss': '3.5448e-01',
[92mINFO [0m:      	       'train_loss_mean': '4.9119e-01'},
[92mINFO [0m:      	  7: { 'client-ids': "['0', '1', '2', '3', '4', '5', '6', '7']",
[92mINFO [0m:      	       'dp-client-clipped': "['0', '1', '1', '1', '1', '1', '1', '1']",
[92mINFO [0m:      	       'dp-client-ids': "['0', '1', '2', '3', '4', '5', '6', '7']",
[92mINFO [0m:      	       'dp-expected-noise-l2-norm': '8.6994e+00',
[92mINFO [0m:      	       'dp-fraction-clipped': '8.7500e-01',
[92mINFO [0m:      	       'dp-noise-percent-of-signal': '3.7813e+02',
[92mINFO [0m:      	       'dp-noise-to-signal-ratio': '3.7813e+00',
[92mINFO [0m:      	       'dp-num-clients-clipped': '7',
[92mINFO [0m:      	       'dp-parameter-count': '226596',
[92mINFO [0m:      	       'dp-signal-update-norm': '2.3006e+00',
[92mINFO [0m:      	       'dp-update-norms-before-clipping': "['4.9806e+00', '6.2774e+00', "
[92mINFO [0m:      	                                          "'7.7503e+00', '7.3553e+00', "
[92mINFO [0m:      	                                          "'5.7386e+00', '8.4795e+00', "
[92mINFO [0m:      	                                          "'9.3068e+00', '8.7914e+00']",
[92mINFO [0m:      	       'metric-dp-distance': '1.7100e+00',
[92mINFO [0m:      	       'metric-dp-distance-mean': '1.4277e+00',
[92mINFO [0m:      	       'metric-dp-distance-median': '1.4390e+00',
[92mINFO [0m:      	       'metric-dp-distance-min': '1.0387e+00',
[92mINFO [0m:      	       'metric-dp-noise-stdv': '1.8275e-02',
[92mINFO [0m:      	       'metric-dp-pairwise-client-i': "['0', '0', '0', '0', '0', '0', '0', "
[92mINFO [0m:      	                                      "'1', '1', '1', '1', '1', '1', '2', '2', "
[92mINFO [0m:      	                                      "'2', '2', '2', '3', '3', '3', '3', '4', "
[92mINFO [0m:      	                                      "'4', '4', '5', '5', '6']",
[92mINFO [0m:      	       'metric-dp-pairwise-client-j': "['1', '2', '3', '4', '5', '6', '7', "
[92mINFO [0m:      	                                      "'2', '3', '4', '5', '6', '7', '3', '4', "
[92mINFO [0m:      	                                      "'5', '6', '7', '4', '5', '6', '7', '5', "
[92mINFO [0m:      	                                      "'6', '7', '6', '7', '7']",
[92mINFO [0m:      	       'metric-dp-pairwise-distances': "['1.1166e+00', '1.2855e+00', "
[92mINFO [0m:      	                                       "'1.2190e+00', '1.0387e+00', "
[92mINFO [0m:      	                                       "'1.3633e+00', '1.4733e+00', "
[92mINFO [0m:      	                                       "'1.4105e+00', '1.3621e+00', "
[92mINFO [0m:      	                                       "'1.3072e+00', '1.1605e+00', "
[92mINFO [0m:      	                                       "'1.4345e+00', '1.5278e+00', "
[92mINFO [0m:      	                                       "'1.4751e+00', '1.4434e+00', "
[92mINFO [0m:      	                                       "'1.3319e+00', '1.5527e+00', "
[92mINFO [0m:      	                                       "'1.6283e+00', '1.5773e+00', "
[92mINFO [0m:      	                                       "'1.2581e+00', '1.5137e+00', "
[92mINFO [0m:      	                                       "'1.5799e+00', '1.5363e+00', "
[92mINFO [0m:      	                                       "'1.4112e+00', '1.5033e+00', "
[92mINFO [0m:      	                                       "'1.4344e+00', '1.6851e+00', "
[92mINFO [0m:      	                                       "'1.6348e+00', '1.7100e+00']",
[92mINFO [0m:      	       'per-client-num-examples': "['711', '1244', '2044', '1777', '977', "
[92mINFO [0m:      	                                  "'2311', '2844', '2577']",
[92mINFO [0m:      	       'per-client-train_loss': "['2.8094e-01', '2.6723e-01', '2.6209e-01', "
[92mINFO [0m:      	                                "'2.3410e-01', '2.7991e-01', '2.9193e-01', "
[92mINFO [0m:      	                                "'2.5767e-01', '2.6939e-01']",
[92mINFO [0m:      	       'per-client-train_loss_mean': "['4.6617e-01', '4.3338e-01', "
[92mINFO [0m:      	                                     "'4.1640e-01', '4.0566e-01', "
[92mINFO [0m:      	                                     "'4.3621e-01', '4.3061e-01', "
[92mINFO [0m:      	                                     "'4.1488e-01', '4.2005e-01']",
[92mINFO [0m:      	       'train_loss': '2.6642e-01',
[92mINFO [0m:      	       'train_loss_mean': '4.2294e-01'},
[92mINFO [0m:      	  8: { 'client-ids': "['0', '1', '2', '3', '4', '5', '6', '7']",
[92mINFO [0m:      	       'dp-client-clipped': "['0', '1', '1', '1', '1', '1', '1', '1']",
[92mINFO [0m:      	       'dp-client-ids': "['0', '1', '2', '3', '4', '5', '6', '7']",
[92mINFO [0m:      	       'dp-expected-noise-l2-norm': '8.7839e+00',
[92mINFO [0m:      	       'dp-fraction-clipped': '8.7500e-01',
[92mINFO [0m:      	       'dp-noise-percent-of-signal': '4.0250e+02',
[92mINFO [0m:      	       'dp-noise-to-signal-ratio': '4.0250e+00',
[92mINFO [0m:      	       'dp-num-clients-clipped': '7',
[92mINFO [0m:      	       'dp-parameter-count': '226596',
[92mINFO [0m:      	       'dp-signal-update-norm': '2.1823e+00',
[92mINFO [0m:      	       'dp-update-norms-before-clipping': "['4.8680e+00', '6.0627e+00', "
[92mINFO [0m:      	                                          "'7.5601e+00', '7.1491e+00', "
[92mINFO [0m:      	                                          "'5.7369e+00', '8.0920e+00', "
[92mINFO [0m:      	                                          "'8.9441e+00', '8.7323e+00']",
[92mINFO [0m:      	       'metric-dp-distance': '1.6935e+00',
[92mINFO [0m:      	       'metric-dp-distance-mean': '1.4107e+00',
[92mINFO [0m:      	       'metric-dp-distance-median': '1.4330e+00',
[92mINFO [0m:      	       'metric-dp-distance-min': '1.0446e+00',
[92mINFO [0m:      	       'metric-dp-noise-stdv': '1.8453e-02',
[92mINFO [0m:      	       'metric-dp-pairwise-client-i': "['0', '0', '0', '0', '0', '0', '0', "
[92mINFO [0m:      	                                      "'1', '1', '1', '1', '1', '1', '2', '2', "
[92mINFO [0m:      	                                      "'2', '2', '2', '3', '3', '3', '3', '4', "
[92mINFO [0m:      	                                      "'4', '4', '5', '5', '6']",
[92mINFO [0m:      	       'metric-dp-pairwise-client-j': "['1', '2', '3', '4', '5', '6', '7', "
[92mINFO [0m:      	                                      "'2', '3', '4', '5', '6', '7', '3', '4', "
[92mINFO [0m:      	                                      "'5', '6', '7', '4', '5', '6', '7', '5', "
[92mINFO [0m:      	                                      "'6', '7', '6', '7', '7']",
[92mINFO [0m:      	       'metric-dp-pairwise-distances': "['1.0931e+00', '1.2731e+00', "
[92mINFO [0m:      	                                       "'1.2072e+00', '1.0446e+00', "
[92mINFO [0m:      	                                       "'1.3251e+00', '1.4376e+00', "
[92mINFO [0m:      	                                       "'1.4162e+00', '1.3447e+00', "
[92mINFO [0m:      	                                       "'1.2904e+00', '1.1533e+00', "
[92mINFO [0m:      	                                       "'1.4030e+00', '1.4983e+00', "
[92mINFO [0m:      	                                       "'1.4763e+00', '1.4283e+00', "
[92mINFO [0m:      	                                       "'1.3337e+00', '1.5197e+00', "
[92mINFO [0m:      	                                       "'1.6049e+00', '1.5747e+00', "
[92mINFO [0m:      	                                       "'1.2629e+00', '1.4794e+00', "
[92mINFO [0m:      	                                       "'1.5339e+00', '1.5415e+00', "
[92mINFO [0m:      	                                       "'1.3897e+00', '1.4868e+00', "
[92mINFO [0m:      	                                       "'1.4535e+00', '1.6243e+00', "
[92mINFO [0m:      	                                       "'1.6106e+00', '1.6935e+00']",
[92mINFO [0m:      	       'per-client-num-examples': "['711', '1244', '2044', '1777', '977', "
[92mINFO [0m:      	                                  "'2311', '2844', '2577']",
[92mINFO [0m:      	       'per-client-train_loss': "['2.3822e-01', '2.7063e-01', '2.0302e-01', "
[92mINFO [0m:      	                                "'1.8675e-01', '1.7273e-01', '2.0689e-01', "
[92mINFO [0m:      	                                "'2.0874e-01', '1.7995e-01']",
[92mINFO [0m:      	       'per-client-train_loss_mean': "['4.0416e-01', '3.7542e-01', "
[92mINFO [0m:      	                                     "'3.5097e-01', '3.4205e-01', "
[92mINFO [0m:      	                                     "'3.5767e-01', '3.6601e-01', "
[92mINFO [0m:      	                                     "'3.4844e-01', '3.5470e-01']",
[92mINFO [0m:      	       'train_loss': '2.0415e-01',
[92mINFO [0m:      	       'train_loss_mean': '3.5760e-01'},
[92mINFO [0m:      	  9: { 'client-ids': "['0', '1', '2', '3', '4', '5', '6', '7']",
[92mINFO [0m:      	       'dp-client-clipped': "['0', '1', '1', '1', '1', '1', '1', '1']",
[92mINFO [0m:      	       'dp-client-ids': "['0', '1', '2', '3', '4', '5', '6', '7']",
[92mINFO [0m:      	       'dp-expected-noise-l2-norm': '8.9393e+00',
[92mINFO [0m:      	       'dp-fraction-clipped': '8.7500e-01',
[92mINFO [0m:      	       'dp-noise-percent-of-signal': '4.2512e+02',
[92mINFO [0m:      	       'dp-noise-to-signal-ratio': '4.2512e+00',
[92mINFO [0m:      	       'dp-num-clients-clipped': '7',
[92mINFO [0m:      	       'dp-parameter-count': '226596',
[92mINFO [0m:      	       'dp-signal-update-norm': '2.1028e+00',
[92mINFO [0m:      	       'dp-update-norms-before-clipping': "['4.7466e+00', '6.0680e+00', "
[92mINFO [0m:      	                                          "'7.4690e+00', '6.9655e+00', "
[92mINFO [0m:      	                                          "'5.5718e+00', '7.9750e+00', "
[92mINFO [0m:      	                                          "'8.6215e+00', '8.4231e+00']",
[92mINFO [0m:      	       'metric-dp-distance': '1.6641e+00',
[92mINFO [0m:      	       'metric-dp-distance-mean': '1.3902e+00',
[92mINFO [0m:      	       'metric-dp-distance-median': '1.4090e+00',
[92mINFO [0m:      	       'metric-dp-distance-min': '1.0213e+00',
[92mINFO [0m:      	       'metric-dp-noise-stdv': '1.8779e-02',
[92mINFO [0m:      	       'metric-dp-pairwise-client-i': "['0', '0', '0', '0', '0', '0', '0', "
[92mINFO [0m:      	                                      "'1', '1', '1', '1', '1', '1', '2', '2', "
[92mINFO [0m:      	                                      "'2', '2', '2', '3', '3', '3', '3', '4', "
[92mINFO [0m:      	                                      "'4', '4', '5', '5', '6']",
[92mINFO [0m:      	       'metric-dp-pairwise-client-j': "['1', '2', '3', '4', '5', '6', '7', "
[92mINFO [0m:      	                                      "'2', '3', '4', '5', '6', '7', '3', '4', "
[92mINFO [0m:      	                                      "'5', '6', '7', '4', '5', '6', '7', '5', "
[92mINFO [0m:      	                                      "'6', '7', '6', '7', '7']",
[92mINFO [0m:      	       'metric-dp-pairwise-distances': "['1.0888e+00', '1.2514e+00', "
[92mINFO [0m:      	                                       "'1.1789e+00', '1.0213e+00', "
[92mINFO [0m:      	                                       "'1.3155e+00', '1.4065e+00', "
[92mINFO [0m:      	                                       "'1.3715e+00', '1.3486e+00', "
[92mINFO [0m:      	                                       "'1.2763e+00', '1.1502e+00', "
[92mINFO [0m:      	                                       "'1.3968e+00', '1.4813e+00', "
[92mINFO [0m:      	                                       "'1.4365e+00', '1.4114e+00', "
[92mINFO [0m:      	                                       "'1.3107e+00', '1.5119e+00', "
[92mINFO [0m:      	                                       "'1.5773e+00', '1.5505e+00', "
[92mINFO [0m:      	                                       "'1.2316e+00', '1.4640e+00', "
[92mINFO [0m:      	                                       "'1.5299e+00', '1.5126e+00', "
[92mINFO [0m:      	                                       "'1.3645e+00', '1.4526e+00', "
[92mINFO [0m:      	                                       "'1.4119e+00', '1.6120e+00', "
[92mINFO [0m:      	                                       "'1.5969e+00', '1.6641e+00']",
[92mINFO [0m:      	       'per-client-num-examples': "['711', '1244', '2044', '1777', '977', "
[92mINFO [0m:      	                                  "'2311', '2844', '2577']",
[92mINFO [0m:      	       'per-client-train_loss': "['1.5556e-01', '1.6997e-01', '1.6912e-01', "
[92mINFO [0m:      	                                "'1.5641e-01', '1.2050e-01', '1.6982e-01', "
[92mINFO [0m:      	                                "'1.5057e-01', '1.5770e-01']",
[92mINFO [0m:      	       'per-client-train_loss_mean': "['3.6862e-01', '3.1518e-01', "
[92mINFO [0m:      	                                     "'3.0179e-01', '2.9686e-01', "
[92mINFO [0m:      	                                     "'3.1722e-01', '3.1105e-01', "
[92mINFO [0m:      	                                     "'2.9787e-01', '3.0844e-01']",
[92mINFO [0m:      	       'train_loss': '1.5813e-01',
[92mINFO [0m:      	       'train_loss_mean': '3.0855e-01'},
[92mINFO [0m:      	  10: { 'client-ids': "['0', '1', '2', '3', '4', '5', '6', '7']",
[92mINFO [0m:      	        'dp-client-clipped': "['0', '1', '1', '1', '1', '1', '1', '1']",
[92mINFO [0m:      	        'dp-client-ids': "['0', '1', '2', '3', '4', '5', '6', '7']",
[92mINFO [0m:      	        'dp-expected-noise-l2-norm': '9.1411e+00',
[92mINFO [0m:      	        'dp-fraction-clipped': '8.7500e-01',
[92mINFO [0m:      	        'dp-noise-percent-of-signal': '4.5304e+02',
[92mINFO [0m:      	        'dp-noise-to-signal-ratio': '4.5304e+00',
[92mINFO [0m:      	        'dp-num-clients-clipped': '7',
[92mINFO [0m:      	        'dp-parameter-count': '226596',
[92mINFO [0m:      	        'dp-signal-update-norm': '2.0178e+00',
[92mINFO [0m:      	        'dp-update-norms-before-clipping': "['4.4480e+00', '5.7232e+00', "
[92mINFO [0m:      	                                           "'7.0500e+00', '6.6906e+00', "
[92mINFO [0m:      	                                           "'5.1462e+00', '7.8311e+00', "
[92mINFO [0m:      	                                           "'8.4691e+00', '8.0109e+00']",
[92mINFO [0m:      	        'metric-dp-distance': '1.6273e+00',
[92mINFO [0m:      	        'metric-dp-distance-mean': '1.3458e+00',
[92mINFO [0m:      	        'metric-dp-distance-median': '1.3683e+00',
[92mINFO [0m:      	        'metric-dp-distance-min': '9.5866e-01',
[92mINFO [0m:      	        'metric-dp-noise-stdv': '1.9203e-02',
[92mINFO [0m:      	        'metric-dp-pairwise-client-i': "['0', '0', '0', '0', '0', '0', '0', "
[92mINFO [0m:      	                                       "'1', '1', '1', '1', '1', '1', '2', "
[92mINFO [0m:      	                                       "'2', '2', '2', '2', '3', '3', '3', "
[92mINFO [0m:      	                                       "'3', '4', '4', '4', '5', '5', '6']",
[92mINFO [0m:      	        'metric-dp-pairwise-client-j': "['1', '2', '3', '4', '5', '6', '7', "
[92mINFO [0m:      	                                       "'2', '3', '4', '5', '6', '7', '3', "
[92mINFO [0m:      	                                       "'4', '5', '6', '7', '4', '5', '6', "
[92mINFO [0m:      	                                       "'7', '5', '6', '7', '6', '7', '7']",
[92mINFO [0m:      	        'metric-dp-pairwise-distances': "['1.0310e+00', '1.1985e+00', "
[92mINFO [0m:      	                                        "'1.1453e+00', '9.5866e-01', "
[92mINFO [0m:      	                                        "'1.2829e+00', '1.3780e+00', "
[92mINFO [0m:      	                                        "'1.3156e+00', '1.2789e+00', "
[92mINFO [0m:      	                                        "'1.2382e+00', '1.0806e+00', "
[92mINFO [0m:      	                                        "'1.3679e+00', '1.4505e+00', "
[92mINFO [0m:      	                                        "'1.3871e+00', '1.3687e+00', "
[92mINFO [0m:      	                                        "'1.2426e+00', '1.4762e+00', "
[92mINFO [0m:      	                                        "'1.5504e+00', '1.4880e+00', "
[92mINFO [0m:      	                                        "'1.1920e+00', '1.4322e+00', "
[92mINFO [0m:      	                                        "'1.4913e+00', '1.4541e+00', "
[92mINFO [0m:      	                                        "'1.3297e+00', '1.4146e+00', "
[92mINFO [0m:      	                                        "'1.3451e+00', '1.6035e+00', "
[92mINFO [0m:      	                                        "'1.5525e+00', '1.6273e+00']",
[92mINFO [0m:      	        'per-client-num-examples': "['711', '1244', '2044', '1777', '977', "
[92mINFO [0m:      	                                   "'2311', '2844', '2577']",
[92mINFO [0m:      	        'per-client-train_loss': "['1.1457e-01', '1.0006e-01', '9.7273e-02', "
[92mINFO [0m:      	                                 "'1.0677e-01', '1.2990e-01', '1.3225e-01', "
[92mINFO [0m:      	                                 "'1.4086e-01', '1.2481e-01']",
[92mINFO [0m:      	        'per-client-train_loss_mean': "['3.2757e-01', '2.8281e-01', "
[92mINFO [0m:      	                                      "'2.5039e-01', '2.3587e-01', "
[92mINFO [0m:      	                                      "'3.1706e-01', '2.6144e-01', "
[92mINFO [0m:      	                                      "'2.4781e-01', '2.6807e-01']",
[92mINFO [0m:      	        'train_loss': '1.2076e-01',
[92mINFO [0m:      	        'train_loss_mean': '2.6408e-01'},
[92mINFO [0m:      	  11: { 'client-ids': "['0', '1', '2', '3', '4', '5', '6', '7']",
[92mINFO [0m:      	        'dp-client-clipped': "['0', '1', '1', '1', '1', '1', '1', '1']",
[92mINFO [0m:      	        'dp-client-ids': "['0', '1', '2', '3', '4', '5', '6', '7']",
[92mINFO [0m:      	        'dp-expected-noise-l2-norm': '9.5301e+00',
[92mINFO [0m:      	        'dp-fraction-clipped': '8.7500e-01',
[92mINFO [0m:      	        'dp-noise-percent-of-signal': '4.7869e+02',
[92mINFO [0m:      	        'dp-noise-to-signal-ratio': '4.7869e+00',
[92mINFO [0m:      	        'dp-num-clients-clipped': '7',
[92mINFO [0m:      	        'dp-parameter-count': '226596',
[92mINFO [0m:      	        'dp-signal-update-norm': '1.9909e+00',
[92mINFO [0m:      	        'dp-update-norms-before-clipping': "['4.5973e+00', '5.6965e+00', "
[92mINFO [0m:      	                                           "'7.1527e+00', '6.2756e+00', "
[92mINFO [0m:      	                                           "'5.3536e+00', '7.3756e+00', "
[92mINFO [0m:      	                                           "'7.9863e+00', '7.9144e+00']",
[92mINFO [0m:      	        'metric-dp-distance': '1.5609e+00',
[92mINFO [0m:      	        'metric-dp-distance-mean': '1.3137e+00',
[92mINFO [0m:      	        'metric-dp-distance-median': '1.3264e+00',
[92mINFO [0m:      	        'metric-dp-distance-min': '9.9259e-01',
[92mINFO [0m:      	        'metric-dp-noise-stdv': '2.0020e-02',
[92mINFO [0m:      	        'metric-dp-pairwise-client-i': "['0', '0', '0', '0', '0', '0', '0', "
[92mINFO [0m:      	                                       "'1', '1', '1', '1', '1', '1', '2', "
[92mINFO [0m:      	                                       "'2', '2', '2', '2', '3', '3', '3', "
[92mINFO [0m:      	                                       "'3', '4', '4', '4', '5', '5', '6']",
[92mINFO [0m:      	        'metric-dp-pairwise-client-j': "['1', '2', '3', '4', '5', '6', '7', "
[92mINFO [0m:      	                                       "'2', '3', '4', '5', '6', '7', '3', "
[92mINFO [0m:      	                                       "'4', '5', '6', '7', '4', '5', '6', "
[92mINFO [0m:      	                                       "'7', '5', '6', '7', '6', '7', '7']",
[92mINFO [0m:      	        'metric-dp-pairwise-distances': "['1.0414e+00', '1.2113e+00', "
[92mINFO [0m:      	                                        "'1.0964e+00', '9.9259e-01', "
[92mINFO [0m:      	                                        "'1.2325e+00', '1.3125e+00', "
[92mINFO [0m:      	                                        "'1.2998e+00', '1.2926e+00', "
[92mINFO [0m:      	                                        "'1.1910e+00', '1.0942e+00', "
[92mINFO [0m:      	                                        "'1.3164e+00', '1.3903e+00', "
[92mINFO [0m:      	                                        "'1.3770e+00', '1.3363e+00', "
[92mINFO [0m:      	                                        "'1.2680e+00', '1.4401e+00', "
[92mINFO [0m:      	                                        "'1.5043e+00', '1.4891e+00', "
[92mINFO [0m:      	                                        "'1.1531e+00', '1.3546e+00', "
[92mINFO [0m:      	                                        "'1.4177e+00', '1.4101e+00', "
[92mINFO [0m:      	                                        "'1.2908e+00', '1.3658e+00', "
[92mINFO [0m:      	                                        "'1.3377e+00', '1.5068e+00', "
[92mINFO [0m:      	                                        "'1.4992e+00', '1.5609e+00']",
[92mINFO [0m:      	        'per-client-num-examples': "['711', '1244', '2044', '1777', '977', "
[92mINFO [0m:      	                                   "'2311', '2844', '2577']",
[92mINFO [0m:      	        'per-client-train_loss': "['9.1854e-02', '1.4615e-01', '1.0084e-01', "
[92mINFO [0m:      	                                 "'7.3028e-02', '1.2288e-01', '8.2874e-02', "
[92mINFO [0m:      	                                 "'1.1760e-01', '1.1910e-01']",
[92mINFO [0m:      	        'per-client-train_loss_mean': "['2.9244e-01', '2.6166e-01', "
[92mINFO [0m:      	                                      "'2.4857e-01', '2.2178e-01', "
[92mINFO [0m:      	                                      "'2.6408e-01', '2.3785e-01', "
[92mINFO [0m:      	                                      "'2.3306e-01', '2.3893e-01']",
[92mINFO [0m:      	        'train_loss': '1.0604e-01',
[92mINFO [0m:      	        'train_loss_mean': '2.4313e-01'},
[92mINFO [0m:      	  12: { 'client-ids': "['0', '1', '2', '3', '4', '5', '6', '7']",
[92mINFO [0m:      	        'dp-client-clipped': "['0', '1', '1', '1', '0', '1', '1', '1']",
[92mINFO [0m:      	        'dp-client-ids': "['0', '1', '2', '3', '4', '5', '6', '7']",
[92mINFO [0m:      	        'dp-expected-noise-l2-norm': '9.7375e+00',
[92mINFO [0m:      	        'dp-fraction-clipped': '7.5000e-01',
[92mINFO [0m:      	        'dp-noise-percent-of-signal': '4.9635e+02',
[92mINFO [0m:      	        'dp-noise-to-signal-ratio': '4.9635e+00',
[92mINFO [0m:      	        'dp-num-clients-clipped': '6',
[92mINFO [0m:      	        'dp-parameter-count': '226596',
[92mINFO [0m:      	        'dp-signal-update-norm': '1.9618e+00',
[92mINFO [0m:      	        'dp-update-norms-before-clipping': "['4.5903e+00', '5.6137e+00', "
[92mINFO [0m:      	                                           "'6.8019e+00', '6.5032e+00', "
[92mINFO [0m:      	                                           "'4.8287e+00', '7.1838e+00', "
[92mINFO [0m:      	                                           "'7.7155e+00', '7.7560e+00']",
[92mINFO [0m:      	        'metric-dp-distance': '1.5277e+00',
[92mINFO [0m:      	        'metric-dp-distance-mean': '1.2865e+00',
[92mINFO [0m:      	        'metric-dp-distance-median': '1.2914e+00',
[92mINFO [0m:      	        'metric-dp-distance-min': '9.4588e-01',
[92mINFO [0m:      	        'metric-dp-noise-stdv': '2.0456e-02',
[92mINFO [0m:      	        'metric-dp-pairwise-client-i': "['0', '0', '0', '0', '0', '0', '0', "
[92mINFO [0m:      	                                       "'1', '1', '1', '1', '1', '1', '2', "
[92mINFO [0m:      	                                       "'2', '2', '2', '2', '3', '3', '3', "
[92mINFO [0m:      	                                       "'3', '4', '4', '4', '5', '5', '6']",
[92mINFO [0m:      	        'metric-dp-pairwise-client-j': "['1', '2', '3', '4', '5', '6', '7', "
[92mINFO [0m:      	                                       "'2', '3', '4', '5', '6', '7', '3', "
[92mINFO [0m:      	                                       "'4', '5', '6', '7', '4', '5', '6', "
[92mINFO [0m:      	                                       "'7', '5', '6', '7', '6', '7', '7']",
[92mINFO [0m:      	        'metric-dp-pairwise-distances': "['1.0400e+00', '1.1778e+00', "
[92mINFO [0m:      	                                        "'1.1268e+00', '9.4588e-01', "
[92mINFO [0m:      	                                        "'1.2172e+00', '1.2932e+00', "
[92mINFO [0m:      	                                        "'1.2891e+00', '1.2481e+00', "
[92mINFO [0m:      	                                        "'1.2160e+00', '1.0417e+00', "
[92mINFO [0m:      	                                        "'1.2833e+00', '1.3584e+00', "
[92mINFO [0m:      	                                        "'1.3524e+00', '1.3219e+00', "
[92mINFO [0m:      	                                        "'1.1912e+00', '1.3974e+00', "
[92mINFO [0m:      	                                        "'1.4537e+00', '1.4472e+00', "
[92mINFO [0m:      	                                        "'1.1398e+00', '1.3544e+00', "
[92mINFO [0m:      	                                        "'1.4177e+00', '1.4181e+00', "
[92mINFO [0m:      	                                        "'1.2315e+00', '1.2991e+00', "
[92mINFO [0m:      	                                        "'1.2897e+00', '1.4719e+00', "
[92mINFO [0m:      	                                        "'1.4713e+00', '1.5277e+00']",
[92mINFO [0m:      	        'per-client-num-examples': "['711', '1244', '2044', '1777', '977', "
[92mINFO [0m:      	                                   "'2311', '2844', '2577']",
[92mINFO [0m:      	        'per-client-train_loss': "['6.3976e-02', '6.6994e-02', '8.9375e-02', "
[92mINFO [0m:      	                                 "'1.0408e-01', '6.2957e-02', '7.2312e-02', "
[92mINFO [0m:      	                                 "'7.4983e-02', '1.0603e-01']",
[92mINFO [0m:      	        'per-client-train_loss_mean': "['2.6561e-01', '2.4609e-01', "
[92mINFO [0m:      	                                      "'2.0819e-01', '2.0355e-01', "
[92mINFO [0m:      	                                      "'2.3707e-01', '2.0525e-01', "
[92mINFO [0m:      	                                      "'1.9412e-01', '2.0206e-01']",
[92mINFO [0m:      	        'train_loss': '8.3645e-02',
[92mINFO [0m:      	        'train_loss_mean': '2.1132e-01'},
[92mINFO [0m:      	  13: { 'client-ids': "['0', '1', '2', '3', '4', '5', '6', '7']",
[92mINFO [0m:      	        'dp-client-clipped': "['0', '1', '1', '1', '0', '1', '1', '1']",
[92mINFO [0m:      	        'dp-client-ids': "['0', '1', '2', '3', '4', '5', '6', '7']",
[92mINFO [0m:      	        'dp-expected-noise-l2-norm': '9.7594e+00',
[92mINFO [0m:      	        'dp-fraction-clipped': '7.5000e-01',
[92mINFO [0m:      	        'dp-noise-percent-of-signal': '5.0340e+02',
[92mINFO [0m:      	        'dp-noise-to-signal-ratio': '5.0340e+00',
[92mINFO [0m:      	        'dp-num-clients-clipped': '6',
[92mINFO [0m:      	        'dp-parameter-count': '226596',
[92mINFO [0m:      	        'dp-signal-update-norm': '1.9387e+00',
[92mINFO [0m:      	        'dp-update-norms-before-clipping': "['4.3815e+00', '5.2044e+00', "
[92mINFO [0m:      	                                           "'6.6886e+00', '5.9038e+00', "
[92mINFO [0m:      	                                           "'4.7256e+00', '7.0752e+00', "
[92mINFO [0m:      	                                           "'7.7867e+00', '7.4410e+00']",
[92mINFO [0m:      	        'metric-dp-distance': '1.5242e+00',
[92mINFO [0m:      	        'metric-dp-distance-mean': '1.2472e+00',
[92mINFO [0m:      	        'metric-dp-distance-median': '1.2541e+00',
[92mINFO [0m:      	        'metric-dp-distance-min': '9.1670e-01',
[92mINFO [0m:      	        'metric-dp-noise-stdv': '2.0502e-02',
[92mINFO [0m:      	        'metric-dp-pairwise-client-i': "['0', '0', '0', '0', '0', '0', '0', "
[92mINFO [0m:      	                                       "'1', '1', '1', '1', '1', '1', '2', "
[92mINFO [0m:      	                                       "'2', '2', '2', '2', '3', '3', '3', "
[92mINFO [0m:      	                                       "'3', '4', '4', '4', '5', '5', '6']",
[92mINFO [0m:      	        'metric-dp-pairwise-client-j': "['1', '2', '3', '4', '5', '6', '7', "
[92mINFO [0m:      	                                       "'2', '3', '4', '5', '6', '7', '3', "
[92mINFO [0m:      	                                       "'4', '5', '6', '7', '4', '5', '6', "
[92mINFO [0m:      	                                       "'7', '5', '6', '7', '6', '7', '7']",
[92mINFO [0m:      	        'metric-dp-pairwise-distances': "['9.7063e-01', '1.1406e+00', "
[92mINFO [0m:      	                                        "'1.0425e+00', '9.1670e-01', "
[92mINFO [0m:      	                                        "'1.1806e+00', '1.2841e+00', "
[92mINFO [0m:      	                                        "'1.2323e+00', '1.2025e+00', "
[92mINFO [0m:      	                                        "'1.1164e+00', '9.9520e-01', "
[92mINFO [0m:      	                                        "'1.2438e+00', '1.3392e+00', "
[92mINFO [0m:      	                                        "'1.2926e+00', '1.2584e+00', "
[92mINFO [0m:      	                                        "'1.1637e+00', '1.3683e+00', "
[92mINFO [0m:      	                                        "'1.4510e+00', '1.4108e+00', "
[92mINFO [0m:      	                                        "'1.0761e+00', '1.3054e+00', "
[92mINFO [0m:      	                                        "'1.3798e+00', '1.3404e+00', "
[92mINFO [0m:      	                                        "'1.2132e+00', '1.3035e+00', "
[92mINFO [0m:      	                                        "'1.2497e+00', '1.4867e+00', "
[92mINFO [0m:      	                                        "'1.4343e+00', '1.5242e+00']",
[92mINFO [0m:      	        'per-client-num-examples': "['711', '1244', '2044', '1777', '977', "
[92mINFO [0m:      	                                   "'2311', '2844', '2577']",
[92mINFO [0m:      	        'per-client-train_loss': "['6.7332e-02', '5.4009e-02', '8.6907e-02', "
[92mINFO [0m:      	                                 "'4.7733e-02', '4.7710e-02', '9.7588e-02', "
[92mINFO [0m:      	                                 "'9.5268e-02', '6.9575e-02']",
[92mINFO [0m:      	        'per-client-train_loss_mean': "['2.7185e-01', '2.2198e-01', "
[92mINFO [0m:      	                                      "'1.9663e-01', '1.8465e-01', "
[92mINFO [0m:      	                                      "'2.1812e-01', '1.8609e-01', "
[92mINFO [0m:      	                                      "'1.8224e-01', '1.8613e-01']",
[92mINFO [0m:      	        'train_loss': '7.5933e-02',
[92mINFO [0m:      	        'train_loss_mean': '1.9610e-01'},
[92mINFO [0m:      	  14: { 'client-ids': "['0', '1', '2', '3', '4', '5', '6', '7']",
[92mINFO [0m:      	        'dp-client-clipped': "['0', '1', '1', '1', '0', '1', '1', '1']",
[92mINFO [0m:      	        'dp-client-ids': "['0', '1', '2', '3', '4', '5', '6', '7']",
[92mINFO [0m:      	        'dp-expected-noise-l2-norm': '1.0364e+01',
[92mINFO [0m:      	        'dp-fraction-clipped': '7.5000e-01',
[92mINFO [0m:      	        'dp-noise-percent-of-signal': '5.3701e+02',
[92mINFO [0m:      	        'dp-noise-to-signal-ratio': '5.3701e+00',
[92mINFO [0m:      	        'dp-num-clients-clipped': '6',
[92mINFO [0m:      	        'dp-parameter-count': '226596',
[92mINFO [0m:      	        'dp-signal-update-norm': '1.9300e+00',
[92mINFO [0m:      	        'dp-update-norms-before-clipping': "['4.5498e+00', '5.2263e+00', "
[92mINFO [0m:      	                                           "'6.5090e+00', '6.2067e+00', "
[92mINFO [0m:      	                                           "'4.6673e+00', '7.0014e+00', "
[92mINFO [0m:      	                                           "'7.1552e+00', '7.0881e+00']",
[92mINFO [0m:      	        'metric-dp-distance': '1.4353e+00',
[92mINFO [0m:      	        'metric-dp-distance-mean': '1.2325e+00',
[92mINFO [0m:      	        'metric-dp-distance-median': '1.2247e+00',
[92mINFO [0m:      	        'metric-dp-distance-min': '9.3054e-01',
[92mINFO [0m:      	        'metric-dp-noise-stdv': '2.1773e-02',
[92mINFO [0m:      	        'metric-dp-pairwise-client-i': "['0', '0', '0', '0', '0', '0', '0', "
[92mINFO [0m:      	                                       "'1', '1', '1', '1', '1', '1', '2', "
[92mINFO [0m:      	                                       "'2', '2', '2', '2', '3', '3', '3', "
[92mINFO [0m:      	                                       "'3', '4', '4', '4', '5', '5', '6']",
[92mINFO [0m:      	        'metric-dp-pairwise-client-j': "['1', '2', '3', '4', '5', '6', '7', "
[92mINFO [0m:      	                                       "'2', '3', '4', '5', '6', '7', '3', "
[92mINFO [0m:      	                                       "'4', '5', '6', '7', '4', '5', '6', "
[92mINFO [0m:      	                                       "'7', '5', '6', '7', '6', '7', '7']",
[92mINFO [0m:      	        'metric-dp-pairwise-distances': "['9.8489e-01', '1.1413e+00', "
[92mINFO [0m:      	                                        "'1.1047e+00', '9.3054e-01', "
[92mINFO [0m:      	                                        "'1.2029e+00', '1.2240e+00', "
[92mINFO [0m:      	                                        "'1.2171e+00', '1.1837e+00', "
[92mINFO [0m:      	                                        "'1.1567e+00', '9.8711e-01', "
[92mINFO [0m:      	                                        "'1.2414e+00', '1.2603e+00', "
[92mINFO [0m:      	                                        "'1.2624e+00', '1.2834e+00', "
[92mINFO [0m:      	                                        "'1.1454e+00', '1.3699e+00', "
[92mINFO [0m:      	                                        "'1.3863e+00', '1.3689e+00', "
[92mINFO [0m:      	                                        "'1.1014e+00', '1.3344e+00', "
[92mINFO [0m:      	                                        "'1.3397e+00', '1.3448e+00', "
[92mINFO [0m:      	                                        "'1.2129e+00', '1.2254e+00', "
[92mINFO [0m:      	                                        "'1.2099e+00', '1.4333e+00', "
[92mINFO [0m:      	                                        "'1.4218e+00', '1.4353e+00']",
[92mINFO [0m:      	        'per-client-num-examples': "['711', '1244', '2044', '1777', '977', "
[92mINFO [0m:      	                                   "'2311', '2844', '2577']",
[92mINFO [0m:      	        'per-client-train_loss': "['1.2454e-01', '6.2601e-02', '8.2272e-02', "
[92mINFO [0m:      	                                 "'1.1558e-01', '4.9129e-02', '7.1538e-02', "
[92mINFO [0m:      	                                 "'6.7292e-02', '6.5035e-02']",
[92mINFO [0m:      	        'per-client-train_loss_mean': "['2.4533e-01', '2.2551e-01', "
[92mINFO [0m:      	                                      "'1.8271e-01', '1.6722e-01', "
[92mINFO [0m:      	                                      "'2.1085e-01', '1.8384e-01', "
[92mINFO [0m:      	                                      "'1.4942e-01', '1.7393e-01']",
[92mINFO [0m:      	        'train_loss': '7.6788e-02',
[92mINFO [0m:      	        'train_loss_mean': '1.8154e-01'},
[92mINFO [0m:      	  15: { 'client-ids': "['0', '1', '2', '3', '4', '5', '6', '7']",
[92mINFO [0m:      	        'dp-client-clipped': "['0', '1', '1', '1', '0', '1', '1', '1']",
[92mINFO [0m:      	        'dp-client-ids': "['0', '1', '2', '3', '4', '5', '6', '7']",
[92mINFO [0m:      	        'dp-expected-noise-l2-norm': '1.0064e+01',
[92mINFO [0m:      	        'dp-fraction-clipped': '7.5000e-01',
[92mINFO [0m:      	        'dp-noise-percent-of-signal': '5.2331e+02',
[92mINFO [0m:      	        'dp-noise-to-signal-ratio': '5.2331e+00',
[92mINFO [0m:      	        'dp-num-clients-clipped': '6',
[92mINFO [0m:      	        'dp-parameter-count': '226596',
[92mINFO [0m:      	        'dp-signal-update-norm': '1.9231e+00',
[92mINFO [0m:      	        'dp-update-norms-before-clipping': "['4.2911e+00', '5.1325e+00', "
[92mINFO [0m:      	                                           "'6.2284e+00', '5.9542e+00', "
[92mINFO [0m:      	                                           "'4.6740e+00', '6.7589e+00', "
[92mINFO [0m:      	                                           "'7.5476e+00', '7.1518e+00']",
[92mINFO [0m:      	        'metric-dp-distance': '1.4782e+00',
[92mINFO [0m:      	        'metric-dp-distance-mean': '1.2152e+00',
[92mINFO [0m:      	        'metric-dp-distance-median': '1.2236e+00',
[92mINFO [0m:      	        'metric-dp-distance-min': '9.0672e-01',
[92mINFO [0m:      	        'metric-dp-noise-stdv': '2.1141e-02',
[92mINFO [0m:      	        'metric-dp-pairwise-client-i': "['0', '0', '0', '0', '0', '0', '0', "
[92mINFO [0m:      	                                       "'1', '1', '1', '1', '1', '1', '2', "
[92mINFO [0m:      	                                       "'2', '2', '2', '2', '3', '3', '3', "
[92mINFO [0m:      	                                       "'3', '4', '4', '4', '5', '5', '6']",
[92mINFO [0m:      	        'metric-dp-pairwise-client-j': "['1', '2', '3', '4', '5', '6', '7', "
[92mINFO [0m:      	                                       "'2', '3', '4', '5', '6', '7', '3', "
[92mINFO [0m:      	                                       "'4', '5', '6', '7', '4', '5', '6', "
[92mINFO [0m:      	                                       "'7', '5', '6', '7', '6', '7', '7']",
[92mINFO [0m:      	        'metric-dp-pairwise-distances': "['9.5101e-01', '1.0845e+00', "
[92mINFO [0m:      	                                        "'1.0542e+00', '9.0672e-01', "
[92mINFO [0m:      	                                        "'1.1467e+00', '1.2494e+00', "
[92mINFO [0m:      	                                        "'1.2091e+00', '1.1492e+00', "
[92mINFO [0m:      	                                        "'1.1218e+00', '9.7521e-01', "
[92mINFO [0m:      	                                        "'1.1986e+00', '1.3090e+00', "
[92mINFO [0m:      	                                        "'1.2588e+00', '1.2268e+00', "
[92mINFO [0m:      	                                        "'1.1168e+00', '1.3024e+00', "
[92mINFO [0m:      	                                        "'1.3915e+00', '1.3480e+00', "
[92mINFO [0m:      	                                        "'1.0793e+00', '1.2867e+00', "
[92mINFO [0m:      	                                        "'1.3652e+00', '1.3218e+00', "
[92mINFO [0m:      	                                        "'1.1670e+00', '1.2690e+00', "
[92mINFO [0m:      	                                        "'1.2204e+00', '1.4452e+00', "
[92mINFO [0m:      	                                        "'1.3930e+00', '1.4782e+00']",
[92mINFO [0m:      	        'per-client-num-examples': "['711', '1244', '2044', '1777', '977', "
[92mINFO [0m:      	                                   "'2311', '2844', '2577']",
[92mINFO [0m:      	        'per-client-train_loss': "['7.8114e-02', '7.1251e-02', '6.1259e-02', "
[92mINFO [0m:      	                                 "'5.5049e-02', '3.5629e-02', '5.6778e-02', "
[92mINFO [0m:      	                                 "'8.0145e-02', '5.0082e-02']",
[92mINFO [0m:      	        'per-client-train_loss_mean': "['2.4408e-01', '2.2035e-01', "
[92mINFO [0m:      	                                      "'1.6283e-01', '1.6290e-01', "
[92mINFO [0m:      	                                      "'2.0479e-01', '1.7282e-01', "
[92mINFO [0m:      	                                      "'1.4980e-01', '1.7121e-01']",
[92mINFO [0m:      	        'train_loss': '6.1459e-02',
[92mINFO [0m:      	        'train_loss_mean': '1.7512e-01'},
[92mINFO [0m:      	  16: { 'client-ids': "['0', '1', '2', '3', '4', '5', '6', '7']",
[92mINFO [0m:      	        'dp-client-clipped': "['0', '1', '1', '1', '0', '1', '1', '1']",
[92mINFO [0m:      	        'dp-client-ids': "['0', '1', '2', '3', '4', '5', '6', '7']",
[92mINFO [0m:      	        'dp-expected-noise-l2-norm': '1.0295e+01',
[92mINFO [0m:      	        'dp-fraction-clipped': '7.5000e-01',
[92mINFO [0m:      	        'dp-noise-percent-of-signal': '5.3792e+02',
[92mINFO [0m:      	        'dp-noise-to-signal-ratio': '5.3792e+00',
[92mINFO [0m:      	        'dp-num-clients-clipped': '6',
[92mINFO [0m:      	        'dp-parameter-count': '226596',
[92mINFO [0m:      	        'dp-signal-update-norm': '1.9139e+00',
[92mINFO [0m:      	        'dp-update-norms-before-clipping': "['4.3833e+00', '5.0497e+00', "
[92mINFO [0m:      	                                           "'6.3687e+00', '5.8298e+00', "
[92mINFO [0m:      	                                           "'4.4527e+00', '6.8598e+00', "
[92mINFO [0m:      	                                           "'7.3963e+00', '7.0352e+00']",
[92mINFO [0m:      	        'metric-dp-distance': '1.4449e+00',
[92mINFO [0m:      	        'metric-dp-distance-mean': '1.2067e+00',
[92mINFO [0m:      	        'metric-dp-distance-median': '1.2197e+00',
[92mINFO [0m:      	        'metric-dp-distance-min': '9.0086e-01',
[92mINFO [0m:      	        'metric-dp-noise-stdv': '2.1628e-02',
[92mINFO [0m:      	        'metric-dp-pairwise-client-i': "['0', '0', '0', '0', '0', '0', '0', "
[92mINFO [0m:      	                                       "'1', '1', '1', '1', '1', '1', '2', "
[92mINFO [0m:      	                                       "'2', '2', '2', '2', '3', '3', '3', "
[92mINFO [0m:      	                                       "'3', '4', '4', '4', '5', '5', '6']",
[92mINFO [0m:      	        'metric-dp-pairwise-client-j': "['1', '2', '3', '4', '5', '6', '7', "
[92mINFO [0m:      	                                       "'2', '3', '4', '5', '6', '7', '3', "
[92mINFO [0m:      	                                       "'4', '5', '6', '7', '4', '5', '6', "
[92mINFO [0m:      	                                       "'7', '5', '6', '7', '6', '7', '7']",
[92mINFO [0m:      	        'metric-dp-pairwise-distances': "['9.6282e-01', '1.1109e+00', "
[92mINFO [0m:      	                                        "'1.0549e+00', '9.0086e-01', "
[92mINFO [0m:      	                                        "'1.1784e+00', '1.2327e+00', "
[92mINFO [0m:      	                                        "'1.1999e+00', '1.1600e+00', "
[92mINFO [0m:      	                                        "'1.0992e+00', '9.5911e-01', "
[92mINFO [0m:      	                                        "'1.2099e+00', '1.2772e+00', "
[92mINFO [0m:      	                                        "'1.2334e+00', '1.2302e+00', "
[92mINFO [0m:      	                                        "'1.1091e+00', '1.3397e+00', "
[92mINFO [0m:      	                                        "'1.3793e+00', '1.3448e+00', "
[92mINFO [0m:      	                                        "'1.0411e+00', '1.2792e+00', "
[92mINFO [0m:      	                                        "'1.3276e+00', '1.2970e+00', "
[92mINFO [0m:      	                                        "'1.1709e+00', '1.2294e+00', "
[92mINFO [0m:      	                                        "'1.1814e+00', '1.4329e+00', "
[92mINFO [0m:      	                                        "'1.4000e+00', '1.4449e+00']",
[92mINFO [0m:      	        'per-client-num-examples': "['711', '1244', '2044', '1777', '977', "
[92mINFO [0m:      	                                   "'2311', '2844', '2577']",
[92mINFO [0m:      	        'per-client-train_loss': "['6.2801e-02', '5.9260e-02', '7.2394e-02', "
[92mINFO [0m:      	                                 "'4.3016e-02', '3.3487e-02', '6.4996e-02', "
[92mINFO [0m:      	                                 "'8.8598e-02', '6.0508e-02']",
[92mINFO [0m:      	        'per-client-train_loss_mean': "['2.4640e-01', '1.9683e-01', "
[92mINFO [0m:      	                                      "'1.5711e-01', '1.5555e-01', "
[92mINFO [0m:      	                                      "'1.9383e-01', '1.5657e-01', "
[92mINFO [0m:      	                                      "'1.4298e-01', '1.5405e-01']",
[92mINFO [0m:      	        'train_loss': '6.4453e-02',
[92mINFO [0m:      	        'train_loss_mean': '1.6378e-01'},
[92mINFO [0m:      	  17: { 'client-ids': "['0', '1', '2', '3', '4', '5', '6', '7']",
[92mINFO [0m:      	        'dp-client-clipped': "['0', '1', '1', '1', '0', '1', '1', '1']",
[92mINFO [0m:      	        'dp-client-ids': "['0', '1', '2', '3', '4', '5', '6', '7']",
[92mINFO [0m:      	        'dp-expected-noise-l2-norm': '1.0708e+01',
[92mINFO [0m:      	        'dp-fraction-clipped': '7.5000e-01',
[92mINFO [0m:      	        'dp-noise-percent-of-signal': '5.5903e+02',
[92mINFO [0m:      	        'dp-noise-to-signal-ratio': '5.5903e+00',
[92mINFO [0m:      	        'dp-num-clients-clipped': '6',
[92mINFO [0m:      	        'dp-parameter-count': '226596',
[92mINFO [0m:      	        'dp-signal-update-norm': '1.9154e+00',
[92mINFO [0m:      	        'dp-update-norms-before-clipping': "['3.8375e+00', '5.0856e+00', "
[92mINFO [0m:      	                                           "'6.4267e+00', '6.0033e+00', "
[92mINFO [0m:      	                                           "'4.2862e+00', '6.6308e+00', "
[92mINFO [0m:      	                                           "'7.0906e+00', '6.5088e+00']",
[92mINFO [0m:      	        'metric-dp-distance': '1.3892e+00',
[92mINFO [0m:      	        'metric-dp-distance-mean': '1.1732e+00',
[92mINFO [0m:      	        'metric-dp-distance-median': '1.1708e+00',
[92mINFO [0m:      	        'metric-dp-distance-min': '8.3138e-01',
[92mINFO [0m:      	        'metric-dp-noise-stdv': '2.2494e-02',
[92mINFO [0m:      	        'metric-dp-pairwise-client-i': "['0', '0', '0', '0', '0', '0', '0', "
[92mINFO [0m:      	                                       "'1', '1', '1', '1', '1', '1', '2', "
[92mINFO [0m:      	                                       "'2', '2', '2', '2', '3', '3', '3', "
[92mINFO [0m:      	                                       "'3', '4', '4', '4', '5', '5', '6']",
[92mINFO [0m:      	        'metric-dp-pairwise-client-j': "['1', '2', '3', '4', '5', '6', '7', "
[92mINFO [0m:      	                                       "'2', '3', '4', '5', '6', '7', '3', "
[92mINFO [0m:      	                                       "'4', '5', '6', '7', '4', '5', '6', "
[92mINFO [0m:      	                                       "'7', '5', '6', '7', '6', '7', '7']",
[92mINFO [0m:      	        'metric-dp-pairwise-distances': "['9.1505e-01', '1.0828e+00', "
[92mINFO [0m:      	                                        "'1.0203e+00', '8.3138e-01', "
[92mINFO [0m:      	                                        "'1.1034e+00', '1.1648e+00', "
[92mINFO [0m:      	                                        "'1.0868e+00', '1.1682e+00', "
[92mINFO [0m:      	                                        "'1.1247e+00', '9.4237e-01', "
[92mINFO [0m:      	                                        "'1.1959e+00', '1.2550e+00', "
[92mINFO [0m:      	                                        "'1.1734e+00', '1.2533e+00', "
[92mINFO [0m:      	                                        "'1.1115e+00', '1.3192e+00', "
[92mINFO [0m:      	                                        "'1.3651e+00', '1.3128e+00', "
[92mINFO [0m:      	                                        "'1.0507e+00', '1.2786e+00', "
[92mINFO [0m:      	                                        "'1.3226e+00', '1.2592e+00', "
[92mINFO [0m:      	                                        "'1.1332e+00', '1.1913e+00', "
[92mINFO [0m:      	                                        "'1.1028e+00', '1.3892e+00', "
[92mINFO [0m:      	                                        "'1.3220e+00', '1.3730e+00']",
[92mINFO [0m:      	        'per-client-num-examples': "['711', '1244', '2044', '1777', '977', "
[92mINFO [0m:      	                                   "'2311', '2844', '2577']",
[92mINFO [0m:      	        'per-client-train_loss': "['2.5389e-02', '7.6131e-02', '1.0241e-01', "
[92mINFO [0m:      	                                 "'6.3854e-02', '2.3900e-02', '5.5932e-02', "
[92mINFO [0m:      	                                 "'7.9205e-02', '3.7224e-02']",
[92mINFO [0m:      	        'per-client-train_loss_mean': "['2.3695e-01', '1.7440e-01', "
[92mINFO [0m:      	                                      "'1.6438e-01', '1.4337e-01', "
[92mINFO [0m:      	                                      "'1.8847e-01', '1.5038e-01', "
[92mINFO [0m:      	                                      "'1.2568e-01', '1.3384e-01']",
[92mINFO [0m:      	        'train_loss': '6.2779e-02',
[92mINFO [0m:      	        'train_loss_mean': '1.5258e-01'},
[92mINFO [0m:      	  18: { 'client-ids': "['0', '1', '2', '3', '4', '5', '6', '7']",
[92mINFO [0m:      	        'dp-client-clipped': "['0', '0', '1', '1', '0', '1', '1', '1']",
[92mINFO [0m:      	        'dp-client-ids': "['0', '1', '2', '3', '4', '5', '6', '7']",
[92mINFO [0m:      	        'dp-expected-noise-l2-norm': '1.0944e+01',
[92mINFO [0m:      	        'dp-fraction-clipped': '6.2500e-01',
[92mINFO [0m:      	        'dp-noise-percent-of-signal': '5.7187e+02',
[92mINFO [0m:      	        'dp-noise-to-signal-ratio': '5.7187e+00',
[92mINFO [0m:      	        'dp-num-clients-clipped': '5',
[92mINFO [0m:      	        'dp-parameter-count': '226596',
[92mINFO [0m:      	        'dp-signal-update-norm': '1.9137e+00',
[92mINFO [0m:      	        'dp-update-norms-before-clipping': "['3.9035e+00', '4.9933e+00', "
[92mINFO [0m:      	                                           "'6.1765e+00', '5.6459e+00', "
[92mINFO [0m:      	                                           "'4.5822e+00', '6.7456e+00', "
[92mINFO [0m:      	                                           "'6.8419e+00', '6.6097e+00']",
[92mINFO [0m:      	        'metric-dp-distance': '1.3593e+00',
[92mINFO [0m:      	        'metric-dp-distance-mean': '1.1652e+00',
[92mINFO [0m:      	        'metric-dp-distance-median': '1.1694e+00',
[92mINFO [0m:      	        'metric-dp-distance-min': '8.6842e-01',
[92mINFO [0m:      	        'metric-dp-noise-stdv': '2.2990e-02',
[92mINFO [0m:      	        'metric-dp-pairwise-client-i': "['0', '0', '0', '0', '0', '0', '0', "
[92mINFO [0m:      	                                       "'1', '1', '1', '1', '1', '1', '2', "
[92mINFO [0m:      	                                       "'2', '2', '2', '2', '3', '3', '3', "
[92mINFO [0m:      	                                       "'3', '4', '4', '4', '5', '5', '6']",
[92mINFO [0m:      	        'metric-dp-pairwise-client-j': "['1', '2', '3', '4', '5', '6', '7', "
[92mINFO [0m:      	                                       "'2', '3', '4', '5', '6', '7', '3', "
[92mINFO [0m:      	                                       "'4', '5', '6', '7', '4', '5', '6', "
[92mINFO [0m:      	                                       "'7', '5', '6', '7', '6', '7', '7']",
[92mINFO [0m:      	        'metric-dp-pairwise-distances': "['9.1758e-01', '1.0658e+00', "
[92mINFO [0m:      	                                        "'9.8687e-01', '8.6842e-01', "
[92mINFO [0m:      	                                        "'1.1221e+00', '1.1475e+00', "
[92mINFO [0m:      	                                        "'1.1112e+00', '1.1439e+00', "
[92mINFO [0m:      	                                        "'1.0764e+00', '9.7393e-01', "
[92mINFO [0m:      	                                        "'1.1995e+00', '1.2272e+00', "
[92mINFO [0m:      	                                        "'1.1877e+00', '1.2103e+00', "
[92mINFO [0m:      	                                        "'1.1099e+00', '1.3157e+00', "
[92mINFO [0m:      	                                        "'1.3284e+00', '1.3068e+00', "
[92mINFO [0m:      	                                        "'1.0372e+00', '1.2480e+00', "
[92mINFO [0m:      	                                        "'1.2544e+00', '1.2449e+00', "
[92mINFO [0m:      	                                        "'1.1620e+00', '1.1767e+00', "
[92mINFO [0m:      	                                        "'1.1469e+00', '1.3593e+00', "
[92mINFO [0m:      	                                        "'1.3419e+00', '1.3558e+00']",
[92mINFO [0m:      	        'per-client-num-examples': "['711', '1244', '2044', '1777', '977', "
[92mINFO [0m:      	                                   "'2311', '2844', '2577']",
[92mINFO [0m:      	        'per-client-train_loss': "['3.9758e-02', '4.5184e-02', '4.2109e-02', "
[92mINFO [0m:      	                                 "'3.4260e-02', '4.4374e-02', '7.9179e-02', "
[92mINFO [0m:      	                                 "'5.4702e-02', '3.3632e-02']",
[92mINFO [0m:      	        'per-client-train_loss_mean': "['2.5927e-01', '1.8232e-01', "
[92mINFO [0m:      	                                      "'1.4359e-01', '1.3822e-01', "
[92mINFO [0m:      	                                      "'2.2967e-01', '1.4363e-01', "
[92mINFO [0m:      	                                      "'1.1448e-01', '1.3189e-01']",
[92mINFO [0m:      	        'train_loss': '4.8326e-02',
[92mINFO [0m:      	        'train_loss_mean': '1.4995e-01'},
[92mINFO [0m:      	  19: { 'client-ids': "['0', '1', '2', '3', '4', '5', '6', '7']",
[92mINFO [0m:      	        'dp-client-clipped': "['0', '1', '1', '1', '0', '1', '1', '1']",
[92mINFO [0m:      	        'dp-client-ids': "['0', '1', '2', '3', '4', '5', '6', '7']",
[92mINFO [0m:      	        'dp-expected-noise-l2-norm': '1.0409e+01',
[92mINFO [0m:      	        'dp-fraction-clipped': '7.5000e-01',
[92mINFO [0m:      	        'dp-noise-percent-of-signal': '5.4553e+02',
[92mINFO [0m:      	        'dp-noise-to-signal-ratio': '5.4553e+00',
[92mINFO [0m:      	        'dp-num-clients-clipped': '6',
[92mINFO [0m:      	        'dp-parameter-count': '226596',
[92mINFO [0m:      	        'dp-signal-update-norm': '1.9080e+00',
[92mINFO [0m:      	        'dp-update-norms-before-clipping': "['4.0010e+00', '5.1167e+00', "
[92mINFO [0m:      	                                           "'6.2119e+00', '5.5915e+00', "
[92mINFO [0m:      	                                           "'4.3844e+00', '6.3741e+00', "
[92mINFO [0m:      	                                           "'6.8066e+00', '7.3016e+00']",
[92mINFO [0m:      	        'metric-dp-distance': '1.4291e+00',
[92mINFO [0m:      	        'metric-dp-distance-mean': '1.1731e+00',
[92mINFO [0m:      	        'metric-dp-distance-median': '1.1829e+00',
[92mINFO [0m:      	        'metric-dp-distance-min': '8.5271e-01',
[92mINFO [0m:      	        'metric-dp-noise-stdv': '2.1866e-02',
[92mINFO [0m:      	        'metric-dp-pairwise-client-i': "['0', '0', '0', '0', '0', '0', '0', "
[92mINFO [0m:      	                                       "'1', '1', '1', '1', '1', '1', '2', "
[92mINFO [0m:      	                                       "'2', '2', '2', '2', '3', '3', '3', "
[92mINFO [0m:      	                                       "'3', '4', '4', '4', '5', '5', '6']",
[92mINFO [0m:      	        'metric-dp-pairwise-client-j': "['1', '2', '3', '4', '5', '6', '7', "
[92mINFO [0m:      	                                       "'2', '3', '4', '5', '6', '7', '3', "
[92mINFO [0m:      	                                       "'4', '5', '6', '7', '4', '5', '6', "
[92mINFO [0m:      	                                       "'7', '5', '6', '7', '6', '7', '7']",
[92mINFO [0m:      	        'metric-dp-pairwise-distances': "['9.3675e-01', '1.0716e+00', "
[92mINFO [0m:      	                                        "'9.8834e-01', '8.5271e-01', "
[92mINFO [0m:      	                                        "'1.0749e+00', '1.1433e+00', "
[92mINFO [0m:      	                                        "'1.1989e+00', '1.1585e+00', "
[92mINFO [0m:      	                                        "'1.0864e+00', '9.6963e-01', "
[92mINFO [0m:      	                                        "'1.1702e+00', '1.2276e+00', "
[92mINFO [0m:      	                                        "'1.2825e+00', '1.1956e+00', "
[92mINFO [0m:      	                                        "'1.0894e+00', '1.2741e+00', "
[92mINFO [0m:      	                                        "'1.3213e+00', '1.3724e+00', "
[92mINFO [0m:      	                                        "'1.0070e+00', '1.2120e+00', "
[92mINFO [0m:      	                                        "'1.2565e+00', '1.3189e+00', "
[92mINFO [0m:      	                                        "'1.1083e+00', '1.1625e+00', "
[92mINFO [0m:      	                                        "'1.2222e+00', '1.3368e+00', "
[92mINFO [0m:      	                                        "'1.3802e+00', '1.4291e+00']",
[92mINFO [0m:      	        'per-client-num-examples': "['711', '1244', '2044', '1777', '977', "
[92mINFO [0m:      	                                   "'2311', '2844', '2577']",
[92mINFO [0m:      	        'per-client-train_loss': "['4.6411e-02', '5.2909e-02', '6.6702e-02', "
[92mINFO [0m:      	                                 "'3.3998e-02', '4.3940e-02', '5.1354e-02', "
[92mINFO [0m:      	                                 "'4.9259e-02', '9.6098e-02']",
[92mINFO [0m:      	        'per-client-train_loss_mean': "['2.4654e-01', '1.7548e-01', "
[92mINFO [0m:      	                                      "'1.4126e-01', '1.4470e-01', "
[92mINFO [0m:      	                                      "'2.1713e-01', '1.3512e-01', "
[92mINFO [0m:      	                                      "'1.1107e-01', '1.3383e-01']",
[92mINFO [0m:      	        'train_loss': '5.8330e-02',
[92mINFO [0m:      	        'train_loss_mean': '1.4668e-01'},
[92mINFO [0m:      	  20: { 'client-ids': "['0', '1', '2', '3', '4', '5', '6', '7']",
[92mINFO [0m:      	        'dp-client-clipped': "['0', '1', '1', '1', '0', '1', '1', '1']",
[92mINFO [0m:      	        'dp-client-ids': "['0', '1', '2', '3', '4', '5', '6', '7']",
[92mINFO [0m:      	        'dp-expected-noise-l2-norm': '1.0335e+01',
[92mINFO [0m:      	        'dp-fraction-clipped': '7.5000e-01',
[92mINFO [0m:      	        'dp-noise-percent-of-signal': '5.4337e+02',
[92mINFO [0m:      	        'dp-noise-to-signal-ratio': '5.4337e+00',
[92mINFO [0m:      	        'dp-num-clients-clipped': '6',
[92mINFO [0m:      	        'dp-parameter-count': '226596',
[92mINFO [0m:      	        'dp-signal-update-norm': '1.9020e+00',
[92mINFO [0m:      	        'dp-update-norms-before-clipping': "['4.1816e+00', '5.1122e+00', "
[92mINFO [0m:      	                                           "'6.0513e+00', '5.5687e+00', "
[92mINFO [0m:      	                                           "'4.3443e+00', '6.5059e+00', "
[92mINFO [0m:      	                                           "'7.2734e+00', '7.0223e+00']",
[92mINFO [0m:      	        'metric-dp-distance': '1.4394e+00',
[92mINFO [0m:      	        'metric-dp-distance-mean': '1.1794e+00',
[92mINFO [0m:      	        'metric-dp-distance-median': '1.1827e+00',
[92mINFO [0m:      	        'metric-dp-distance-min': '8.7225e-01',
[92mINFO [0m:      	        'metric-dp-noise-stdv': '2.1711e-02',
[92mINFO [0m:      	        'metric-dp-pairwise-client-i': "['0', '0', '0', '0', '0', '0', '0', "
[92mINFO [0m:      	                                       "'1', '1', '1', '1', '1', '1', '2', "
[92mINFO [0m:      	                                       "'2', '2', '2', '2', '3', '3', '3', "
[92mINFO [0m:      	                                       "'3', '4', '4', '4', '5', '5', '6']",
[92mINFO [0m:      	        'metric-dp-pairwise-client-j': "['1', '2', '3', '4', '5', '6', '7', "
[92mINFO [0m:      	                                       "'2', '3', '4', '5', '6', '7', '3', "
[92mINFO [0m:      	                                       "'4', '5', '6', '7', '4', '5', '6', "
[92mINFO [0m:      	                                       "'7', '5', '6', '7', '6', '7', '7']",
[92mINFO [0m:      	        'metric-dp-pairwise-distances': "['9.5427e-01', '1.0650e+00', "
[92mINFO [0m:      	                                        "'1.0021e+00', '8.7225e-01', "
[92mINFO [0m:      	                                        "'1.1096e+00', '1.2059e+00', "
[92mINFO [0m:      	                                        "'1.1732e+00', '1.1361e+00', "
[92mINFO [0m:      	                                        "'1.0803e+00', '9.5917e-01', "
[92mINFO [0m:      	                                        "'1.1809e+00', '1.2804e+00', "
[92mINFO [0m:      	                                        "'1.2447e+00', '1.1846e+00', "
[92mINFO [0m:      	                                        "'1.0742e+00', '1.2697e+00', "
[92mINFO [0m:      	                                        "'1.3525e+00', '1.3284e+00', "
[92mINFO [0m:      	                                        "'1.0107e+00', '1.2311e+00', "
[92mINFO [0m:      	                                        "'1.3044e+00', '1.2864e+00', "
[92mINFO [0m:      	                                        "'1.1245e+00', '1.2172e+00', "
[92mINFO [0m:      	                                        "'1.1764e+00', '1.3939e+00', "
[92mINFO [0m:      	                                        "'1.3672e+00', '1.4394e+00']",
[92mINFO [0m:      	        'per-client-num-examples': "['711', '1244', '2044', '1777', '977', "
[92mINFO [0m:      	                                   "'2311', '2844', '2577']",
[92mINFO [0m:      	        'per-client-train_loss': "['5.5522e-02', '6.4755e-02', '4.9050e-02', "
[92mINFO [0m:      	                                 "'3.2444e-02', '1.8719e-02', '6.4628e-02', "
[92mINFO [0m:      	                                 "'6.8826e-02', '1.0481e-01']",
[92mINFO [0m:      	        'per-client-train_loss_mean': "['2.5299e-01', '1.7115e-01', "
[92mINFO [0m:      	                                      "'1.2222e-01', '1.3514e-01', "
[92mINFO [0m:      	                                      "'1.9079e-01', '1.2311e-01', "
[92mINFO [0m:      	                                      "'1.1154e-01', '1.2087e-01']",
[92mINFO [0m:      	        'train_loss': '6.2921e-02',
[92mINFO [0m:      	        'train_loss_mean': '1.3686e-01'}}
[92mINFO [0m:      	
[92mINFO [0m:      	Aggregated ClientApp-side Evaluate Metrics:
[92mINFO [0m:      	{ 1: { 'client-ids': "['0', '1', '2', '3', '4', '5', '6', '7']",
[92mINFO [0m:      	       'eval_acc': '2.9454e-01',
[92mINFO [0m:      	       'eval_loss': '1.3656e+00',
[92mINFO [0m:      	       'per-client-eval_acc': "['3.0899e-01', '3.0128e-01', '2.8711e-01', "
[92mINFO [0m:      	                              "'2.8315e-01', '2.7755e-01', '2.8547e-01', "
[92mINFO [0m:      	                              "'3.0380e-01', '3.0543e-01']",
[92mINFO [0m:      	       'per-client-eval_loss': "['1.3655e+00', '1.3650e+00', '1.3660e+00', "
[92mINFO [0m:      	                               "'1.3674e+00', '1.3670e+00', '1.3655e+00', "
[92mINFO [0m:      	                               "'1.3655e+00', '1.3637e+00']",
[92mINFO [0m:      	       'per-client-num-examples': "['178', '312', '512', '445', '245', '578', "
[92mINFO [0m:      	                                  "'711', '645']"},
[92mINFO [0m:      	  2: { 'client-ids': "['0', '1', '2', '3', '4', '5', '6', '7']",
[92mINFO [0m:      	       'eval_acc': '5.4992e-01',
[92mINFO [0m:      	       'eval_loss': '1.0653e+00',
[92mINFO [0m:      	       'per-client-eval_acc': "['5.7865e-01', '5.5769e-01', '5.7227e-01', "
[92mINFO [0m:      	                              "'5.3258e-01', '5.5510e-01', '5.5536e-01', "
[92mINFO [0m:      	                              "'5.3586e-01', '5.4109e-01']",
[92mINFO [0m:      	       'per-client-eval_loss': "['1.0682e+00', '1.0695e+00', '1.0716e+00', "
[92mINFO [0m:      	                               "'1.0697e+00', '1.0433e+00', '1.0606e+00', "
[92mINFO [0m:      	                               "'1.0778e+00', '1.0533e+00']",
[92mINFO [0m:      	       'per-client-num-examples': "['178', '312', '512', '445', '245', '578', "
[92mINFO [0m:      	                                  "'711', '645']"},
[92mINFO [0m:      	  3: { 'client-ids': "['0', '1', '2', '3', '4', '5', '6', '7']",
[92mINFO [0m:      	       'eval_acc': '6.9112e-01',
[92mINFO [0m:      	       'eval_loss': '7.5303e-01',
[92mINFO [0m:      	       'per-client-eval_acc': "['6.8539e-01', '6.9551e-01', '6.8359e-01', "
[92mINFO [0m:      	                              "'6.5169e-01', '6.9796e-01', '7.1107e-01', "
[92mINFO [0m:      	                              "'6.9339e-01', '7.0078e-01']",
[92mINFO [0m:      	       'per-client-eval_loss': "['7.3466e-01', '7.5640e-01', '7.5113e-01', "
[92mINFO [0m:      	                               "'7.8639e-01', '7.2948e-01', '7.3078e-01', "
[92mINFO [0m:      	                               "'7.7553e-01', '7.3904e-01']",
[92mINFO [0m:      	       'per-client-num-examples': "['178', '312', '512', '445', '245', '578', "
[92mINFO [0m:      	                                  "'711', '645']"},
[92mINFO [0m:      	  4: { 'client-ids': "['0', '1', '2', '3', '4', '5', '6', '7']",
[92mINFO [0m:      	       'eval_acc': '6.1390e-01',
[92mINFO [0m:      	       'eval_loss': '9.6558e-01',
[92mINFO [0m:      	       'per-client-eval_acc': "['6.2921e-01', '6.2821e-01', '6.1133e-01', "
[92mINFO [0m:      	                              "'5.9551e-01', '6.4490e-01', '6.0727e-01', "
[92mINFO [0m:      	                              "'6.0197e-01', '6.2481e-01']",
[92mINFO [0m:      	       'per-client-eval_loss': "['9.3084e-01', '9.8178e-01', '9.4947e-01', "
[92mINFO [0m:      	                               "'9.9317e-01', '9.3640e-01', '9.7194e-01', "
[92mINFO [0m:      	                               "'9.9168e-01', '9.3770e-01']",
[92mINFO [0m:      	       'per-client-num-examples': "['178', '312', '512', '445', '245', '578', "
[92mINFO [0m:      	                                  "'711', '645']"},
[92mINFO [0m:      	  5: { 'client-ids': "['0', '1', '2', '3', '4', '5', '6', '7']",
[92mINFO [0m:      	       'eval_acc': '7.4021e-01',
[92mINFO [0m:      	       'eval_loss': '6.5510e-01',
[92mINFO [0m:      	       'per-client-eval_acc': "['7.1910e-01', '7.7244e-01', '7.4805e-01', "
[92mINFO [0m:      	                              "'7.3483e-01', '7.6327e-01', '7.4913e-01', "
[92mINFO [0m:      	                              "'7.2011e-01', '7.3333e-01']",
[92mINFO [0m:      	       'per-client-eval_loss': "['6.9385e-01', '6.2870e-01', '6.5109e-01', "
[92mINFO [0m:      	                               "'7.0845e-01', '6.1670e-01', '6.2711e-01', "
[92mINFO [0m:      	                               "'6.6134e-01', '6.5634e-01']",
[92mINFO [0m:      	       'per-client-num-examples': "['178', '312', '512', '445', '245', '578', "
[92mINFO [0m:      	                                  "'711', '645']"},
[92mINFO [0m:      	  6: { 'client-ids': "['0', '1', '2', '3', '4', '5', '6', '7']",
[92mINFO [0m:      	       'eval_acc': '7.6393e-01',
[92mINFO [0m:      	       'eval_loss': '5.9643e-01',
[92mINFO [0m:      	       'per-client-eval_acc': "['7.4157e-01', '7.5321e-01', '7.5977e-01', "
[92mINFO [0m:      	                              "'7.6404e-01', '7.9184e-01', '7.8893e-01', "
[92mINFO [0m:      	                              "'7.5246e-01', '7.5814e-01']",
[92mINFO [0m:      	       'per-client-eval_loss': "['6.9175e-01', '6.1229e-01', '5.8297e-01', "
[92mINFO [0m:      	                               "'6.2979e-01', '5.4704e-01', '5.7021e-01', "
[92mINFO [0m:      	                               "'6.0420e-01', '5.8380e-01']",
[92mINFO [0m:      	       'per-client-num-examples': "['178', '312', '512', '445', '245', '578', "
[92mINFO [0m:      	                                  "'711', '645']"},
[92mINFO [0m:      	  7: { 'client-ids': "['0', '1', '2', '3', '4', '5', '6', '7']",
[92mINFO [0m:      	       'eval_acc': '7.7468e-01',
[92mINFO [0m:      	       'eval_loss': '5.7413e-01',
[92mINFO [0m:      	       'per-client-eval_acc': "['6.9663e-01', '7.6282e-01', '7.8711e-01', "
[92mINFO [0m:      	                              "'7.8427e-01', '8.1224e-01', '7.6817e-01', "
[92mINFO [0m:      	                              "'7.6934e-01', '7.8295e-01']",
[92mINFO [0m:      	       'per-client-eval_loss': "['6.5474e-01', '5.7869e-01', '5.5684e-01', "
[92mINFO [0m:      	                               "'6.2397e-01', '5.0906e-01', '5.5467e-01', "
[92mINFO [0m:      	                               "'5.7044e-01', '5.7525e-01']",
[92mINFO [0m:      	       'per-client-num-examples': "['178', '312', '512', '445', '245', '578', "
[92mINFO [0m:      	                                  "'711', '645']"},
[92mINFO [0m:      	  8: { 'client-ids': "['0', '1', '2', '3', '4', '5', '6', '7']",
[92mINFO [0m:      	       'eval_acc': '7.6200e-01',
[92mINFO [0m:      	       'eval_loss': '6.6484e-01',
[92mINFO [0m:      	       'per-client-eval_acc': "['7.3034e-01', '7.5962e-01', '7.4414e-01', "
[92mINFO [0m:      	                              "'7.4157e-01', '7.9592e-01', '7.8374e-01', "
[92mINFO [0m:      	                              "'7.5949e-01', '7.7054e-01']",
[92mINFO [0m:      	       'per-client-eval_loss': "['7.1804e-01', '6.9655e-01', '6.9297e-01', "
[92mINFO [0m:      	                               "'7.0909e-01', '5.7762e-01', '6.0605e-01', "
[92mINFO [0m:      	                               "'6.6974e-01', '6.6238e-01']",
[92mINFO [0m:      	       'per-client-num-examples': "['178', '312', '512', '445', '245', '578', "
[92mINFO [0m:      	                                  "'711', '645']"},
[92mINFO [0m:      	  9: { 'client-ids': "['0', '1', '2', '3', '4', '5', '6', '7']",
[92mINFO [0m:      	       'eval_acc': '7.8351e-01',
[92mINFO [0m:      	       'eval_loss': '6.0344e-01',
[92mINFO [0m:      	       'per-client-eval_acc': "['7.1910e-01', '7.6923e-01', '7.7734e-01', "
[92mINFO [0m:      	                              "'7.9101e-01', '8.1224e-01', '7.7855e-01', "
[92mINFO [0m:      	                              "'7.8622e-01', '7.9845e-01']",
[92mINFO [0m:      	       'per-client-eval_loss': "['6.8019e-01', '6.5330e-01', '6.0142e-01', "
[92mINFO [0m:      	                               "'5.9507e-01', '5.4893e-01', '5.8335e-01', "
[92mINFO [0m:      	                               "'5.9647e-01', '6.1189e-01']",
[92mINFO [0m:      	       'per-client-num-examples': "['178', '312', '512', '445', '245', '578', "
[92mINFO [0m:      	                                  "'711', '645']"},
[92mINFO [0m:      	  10: { 'client-ids': "['0', '1', '2', '3', '4', '5', '6', '7']",
[92mINFO [0m:      	        'eval_acc': '7.2918e-01',
[92mINFO [0m:      	        'eval_loss': '8.1417e-01',
[92mINFO [0m:      	        'per-client-eval_acc': "['6.5730e-01', '7.0833e-01', '7.3438e-01', "
[92mINFO [0m:      	                               "'7.3933e-01', '7.7551e-01', '7.1453e-01', "
[92mINFO [0m:      	                               "'7.3980e-01', '7.3178e-01']",
[92mINFO [0m:      	        'per-client-eval_loss': "['9.8633e-01', '8.4146e-01', '7.7795e-01', "
[92mINFO [0m:      	                                "'7.8599e-01', '6.8763e-01', '8.6274e-01', "
[92mINFO [0m:      	                                "'8.1180e-01', '8.0880e-01']",
[92mINFO [0m:      	        'per-client-num-examples': "['178', '312', '512', '445', '245', '578', "
[92mINFO [0m:      	                                   "'711', '645']"},
[92mINFO [0m:      	  11: { 'client-ids': "['0', '1', '2', '3', '4', '5', '6', '7']",
[92mINFO [0m:      	        'eval_acc': '7.5069e-01',
[92mINFO [0m:      	        'eval_loss': '7.6921e-01',
[92mINFO [0m:      	        'per-client-eval_acc': "['6.9101e-01', '7.1795e-01', '7.6172e-01', "
[92mINFO [0m:      	                               "'7.6854e-01', '7.7143e-01', '7.3183e-01', "
[92mINFO [0m:      	                               "'7.5809e-01', '7.6279e-01']",
[92mINFO [0m:      	        'per-client-eval_loss': "['9.3390e-01', '8.4122e-01', '7.5435e-01', "
[92mINFO [0m:      	                                "'6.8862e-01', '7.6042e-01', '8.1754e-01', "
[92mINFO [0m:      	                                "'7.5452e-01', '7.3253e-01']",
[92mINFO [0m:      	        'per-client-num-examples': "['178', '312', '512', '445', '245', '578', "
[92mINFO [0m:      	                                   "'711', '645']"},
[92mINFO [0m:      	  12: { 'client-ids': "['0', '1', '2', '3', '4', '5', '6', '7']",
[92mINFO [0m:      	        'eval_acc': '7.7579e-01',
[92mINFO [0m:      	        'eval_loss': '7.6631e-01',
[92mINFO [0m:      	        'per-client-eval_acc': "['7.3596e-01', '7.4359e-01', '7.8320e-01', "
[92mINFO [0m:      	                               "'7.9326e-01', '8.0816e-01', '7.7163e-01', "
[92mINFO [0m:      	                               "'7.8762e-01', '7.6279e-01']",
[92mINFO [0m:      	        'per-client-eval_loss': "['8.7484e-01', '7.6834e-01', '7.0295e-01', "
[92mINFO [0m:      	                                "'7.5216e-01', '7.0015e-01', '8.1870e-01', "
[92mINFO [0m:      	                                "'7.5128e-01', '7.9018e-01']",
[92mINFO [0m:      	        'per-client-num-examples': "['178', '312', '512', '445', '245', '578', "
[92mINFO [0m:      	                                   "'711', '645']"},
[92mINFO [0m:      	  13: { 'client-ids': "['0', '1', '2', '3', '4', '5', '6', '7']",
[92mINFO [0m:      	        'eval_acc': '7.9371e-01',
[92mINFO [0m:      	        'eval_loss': '7.2701e-01',
[92mINFO [0m:      	        'per-client-eval_acc': "['7.5281e-01', '7.8846e-01', '7.9102e-01', "
[92mINFO [0m:      	                               "'7.9101e-01', '8.1633e-01', '8.1142e-01', "
[92mINFO [0m:      	                               "'8.0591e-01', '7.7364e-01']",
[92mINFO [0m:      	        'per-client-eval_loss': "['9.0094e-01', '6.5579e-01', '6.8174e-01', "
[92mINFO [0m:      	                                "'7.5568e-01', '6.7961e-01', '7.2312e-01', "
[92mINFO [0m:      	                                "'6.8274e-01', '7.9993e-01']",
[92mINFO [0m:      	        'per-client-num-examples': "['178', '312', '512', '445', '245', '578', "
[92mINFO [0m:      	                                   "'711', '645']"},
[92mINFO [0m:      	  14: { 'client-ids': "['0', '1', '2', '3', '4', '5', '6', '7']",
[92mINFO [0m:      	        'eval_acc': '7.5758e-01',
[92mINFO [0m:      	        'eval_loss': '8.6707e-01',
[92mINFO [0m:      	        'per-client-eval_acc': "['7.2472e-01', '7.6923e-01', '7.8516e-01', "
[92mINFO [0m:      	                               "'7.4831e-01', '7.7551e-01', '7.3183e-01', "
[92mINFO [0m:      	                               "'7.7496e-01', '7.4264e-01']",
[92mINFO [0m:      	        'per-client-eval_loss': "['1.0602e+00', '7.2975e-01', '8.4101e-01', "
[92mINFO [0m:      	                                "'8.1411e-01', '8.0761e-01', '9.4709e-01', "
[92mINFO [0m:      	                                "'8.3033e-01', '9.2879e-01']",
[92mINFO [0m:      	        'per-client-num-examples': "['178', '312', '512', '445', '245', '578', "
[92mINFO [0m:      	                                   "'711', '645']"},
[92mINFO [0m:      	  15: { 'client-ids': "['0', '1', '2', '3', '4', '5', '6', '7']",
[92mINFO [0m:      	        'eval_acc': '7.5814e-01',
[92mINFO [0m:      	        'eval_loss': '8.4768e-01',
[92mINFO [0m:      	        'per-client-eval_acc': "['7.3034e-01', '7.0513e-01', '7.7539e-01', "
[92mINFO [0m:      	                               "'7.7753e-01', '7.6327e-01', '7.5779e-01', "
[92mINFO [0m:      	                               "'7.6653e-01', '7.5349e-01']",
[92mINFO [0m:      	        'per-client-eval_loss': "['1.0499e+00', '8.0153e-01', '7.7661e-01', "
[92mINFO [0m:      	                                "'8.0285e-01', '7.4406e-01', '9.3052e-01', "
[92mINFO [0m:      	                                "'8.8456e-01', '8.2602e-01']",
[92mINFO [0m:      	        'per-client-num-examples': "['178', '312', '512', '445', '245', '578', "
[92mINFO [0m:      	                                   "'711', '645']"},
[92mINFO [0m:      	  16: { 'client-ids': "['0', '1', '2', '3', '4', '5', '6', '7']",
[92mINFO [0m:      	        'eval_acc': '7.8516e-01',
[92mINFO [0m:      	        'eval_loss': '8.6495e-01',
[92mINFO [0m:      	        'per-client-eval_acc': "['7.3034e-01', '7.8205e-01', '7.8125e-01', "
[92mINFO [0m:      	                               "'7.6629e-01', '7.7143e-01', '7.9585e-01', "
[92mINFO [0m:      	                               "'8.0309e-01', '7.9380e-01']",
[92mINFO [0m:      	        'per-client-eval_loss': "['9.5065e-01', '8.5823e-01', '8.8831e-01', "
[92mINFO [0m:      	                                "'9.3406e-01', '9.7270e-01', '8.0521e-01', "
[92mINFO [0m:      	                                "'7.6777e-01', '8.9806e-01']",
[92mINFO [0m:      	        'per-client-num-examples': "['178', '312', '512', '445', '245', '578', "
[92mINFO [0m:      	                                   "'711', '645']"},
[92mINFO [0m:      	  17: { 'client-ids': "['0', '1', '2', '3', '4', '5', '6', '7']",
[92mINFO [0m:      	        'eval_acc': '7.7882e-01',
[92mINFO [0m:      	        'eval_loss': '8.8944e-01',
[92mINFO [0m:      	        'per-client-eval_acc': "['7.3596e-01', '7.8526e-01', '7.8320e-01', "
[92mINFO [0m:      	                               "'7.7528e-01', '7.9184e-01', '7.8720e-01', "
[92mINFO [0m:      	                               "'7.7918e-01', '7.7364e-01']",
[92mINFO [0m:      	        'per-client-eval_loss': "['1.0509e+00', '7.6103e-01', '7.8806e-01', "
[92mINFO [0m:      	                                "'8.8499e-01', '8.7222e-01', '8.8433e-01', "
[92mINFO [0m:      	                                "'9.0287e-01', '9.8687e-01']",
[92mINFO [0m:      	        'per-client-num-examples': "['178', '312', '512', '445', '245', '578', "
[92mINFO [0m:      	                                   "'711', '645']"},
[92mINFO [0m:      	  18: { 'client-ids': "['0', '1', '2', '3', '4', '5', '6', '7']",
[92mINFO [0m:      	        'eval_acc': '7.7496e-01',
[92mINFO [0m:      	        'eval_loss': '9.8594e-01',
[92mINFO [0m:      	        'per-client-eval_acc': "['7.5281e-01', '7.6603e-01', '7.8320e-01', "
[92mINFO [0m:      	                               "'7.7079e-01', '7.7959e-01', '7.7336e-01', "
[92mINFO [0m:      	                               "'7.8762e-01', '7.6744e-01']",
[92mINFO [0m:      	        'per-client-eval_loss': "['1.1631e+00', '8.9279e-01', '8.9151e-01', "
[92mINFO [0m:      	                                "'1.0101e+00', '8.8141e-01', '1.0398e+00', "
[92mINFO [0m:      	                                "'9.5071e-01', '1.0706e+00']",
[92mINFO [0m:      	        'per-client-num-examples': "['178', '312', '512', '445', '245', '578', "
[92mINFO [0m:      	                                   "'711', '645']"},
[92mINFO [0m:      	  19: { 'client-ids': "['0', '1', '2', '3', '4', '5', '6', '7']",
[92mINFO [0m:      	        'eval_acc': '7.6779e-01',
[92mINFO [0m:      	        'eval_loss': '9.8702e-01',
[92mINFO [0m:      	        'per-client-eval_acc': "['7.3596e-01', '7.3718e-01', '7.5586e-01', "
[92mINFO [0m:      	                               "'7.6404e-01', '7.8776e-01', '7.7682e-01', "
[92mINFO [0m:      	                               "'7.8200e-01', '7.7209e-01']",
[92mINFO [0m:      	        'per-client-eval_loss': "['1.1452e+00', '1.0299e+00', '1.0680e+00', "
[92mINFO [0m:      	                                "'1.0298e+00', '8.5912e-01', '8.7652e-01', "
[92mINFO [0m:      	                                "'9.4020e-01', '1.0280e+00']",
[92mINFO [0m:      	        'per-client-num-examples': "['178', '312', '512', '445', '245', '578', "
[92mINFO [0m:      	                                   "'711', '645']"},
[92mINFO [0m:      	  20: { 'client-ids': "['0', '1', '2', '3', '4', '5', '6', '7']",
[92mINFO [0m:      	        'eval_acc': '7.8047e-01',
[92mINFO [0m:      	        'eval_loss': '8.7288e-01',
[92mINFO [0m:      	        'per-client-eval_acc': "['7.8090e-01', '7.7885e-01', '7.8711e-01', "
[92mINFO [0m:      	                               "'7.6629e-01', '7.9184e-01', '7.7163e-01', "
[92mINFO [0m:      	                               "'7.9466e-01', '7.7364e-01']",
[92mINFO [0m:      	        'per-client-eval_loss': "['8.6720e-01', '8.3136e-01', '7.4598e-01', "
[92mINFO [0m:      	                                "'9.8934e-01', '8.4426e-01', '9.2093e-01', "
[92mINFO [0m:      	                                "'8.0534e-01', '9.5718e-01']",
[92mINFO [0m:      	        'per-client-num-examples': "['178', '312', '512', '445', '245', '578', "
[92mINFO [0m:      	                                   "'711', '645']"}}
[92mINFO [0m:      	
[92mINFO [0m:      	ServerApp-side Evaluate Metrics:
[92mINFO [0m:      	{ 0: { 'accuracy': '2.5000e-01',
[92mINFO [0m:      	       'auc': '4.8709e-01',
[92mINFO [0m:      	       'f1': '1.0000e-01',
[92mINFO [0m:      	       'loss': '1.3893e+00',
[92mINFO [0m:      	       'precision': '6.2500e-02'},
[92mINFO [0m:      	  1: { 'accuracy': '2.9050e-01',
[92mINFO [0m:      	       'auc': '6.6923e-01',
[92mINFO [0m:      	       'f1': '1.7548e-01',
[92mINFO [0m:      	       'loss': '1.3652e+00',
[92mINFO [0m:      	       'precision': '5.1630e-01'},
[92mINFO [0m:      	  2: { 'accuracy': '5.4900e-01',
[92mINFO [0m:      	       'auc': '8.2195e-01',
[92mINFO [0m:      	       'f1': '5.0830e-01',
[92mINFO [0m:      	       'loss': '1.0529e+00',
[92mINFO [0m:      	       'precision': '5.9729e-01'},
[92mINFO [0m:      	  3: { 'accuracy': '7.0150e-01',
[92mINFO [0m:      	       'auc': '9.1205e-01',
[92mINFO [0m:      	       'f1': '6.9108e-01',
[92mINFO [0m:      	       'loss': '7.3226e-01',
[92mINFO [0m:      	       'precision': '7.1063e-01'},
[92mINFO [0m:      	  4: { 'accuracy': '6.1850e-01',
[92mINFO [0m:      	       'auc': '8.4469e-01',
[92mINFO [0m:      	       'f1': '6.0717e-01',
[92mINFO [0m:      	       'loss': '9.5347e-01',
[92mINFO [0m:      	       'precision': '6.6982e-01'},
[92mINFO [0m:      	  5: { 'accuracy': '7.4050e-01',
[92mINFO [0m:      	       'auc': '9.2699e-01',
[92mINFO [0m:      	       'f1': '7.3533e-01',
[92mINFO [0m:      	       'loss': '6.4831e-01',
[92mINFO [0m:      	       'precision': '7.5468e-01'},
[92mINFO [0m:      	  6: { 'accuracy': '7.6300e-01',
[92mINFO [0m:      	       'auc': '9.4212e-01',
[92mINFO [0m:      	       'f1': '7.6437e-01',
[92mINFO [0m:      	       'loss': '5.7950e-01',
[92mINFO [0m:      	       'precision': '7.6742e-01'},
[92mINFO [0m:      	  7: { 'accuracy': '7.7600e-01',
[92mINFO [0m:      	       'auc': '9.4542e-01',
[92mINFO [0m:      	       'f1': '7.7730e-01',
[92mINFO [0m:      	       'loss': '5.6585e-01',
[92mINFO [0m:      	       'precision': '7.8244e-01'},
[92mINFO [0m:      	  8: { 'accuracy': '7.6050e-01',
[92mINFO [0m:      	       'auc': '9.3497e-01',
[92mINFO [0m:      	       'f1': '7.6561e-01',
[92mINFO [0m:      	       'loss': '6.7469e-01',
[92mINFO [0m:      	       'precision': '7.8055e-01'},
[92mINFO [0m:      	  9: { 'accuracy': '7.8350e-01',
[92mINFO [0m:      	       'auc': '9.4483e-01',
[92mINFO [0m:      	       'f1': '7.8345e-01',
[92mINFO [0m:      	       'loss': '6.1378e-01',
[92mINFO [0m:      	       'precision': '7.8635e-01'},
[92mINFO [0m:      	  10: { 'accuracy': '7.3500e-01',
[92mINFO [0m:      	        'auc': '9.2072e-01',
[92mINFO [0m:      	        'f1': '7.2826e-01',
[92mINFO [0m:      	        'loss': '8.1717e-01',
[92mINFO [0m:      	        'precision': '7.5289e-01'},
[92mINFO [0m:      	  11: { 'accuracy': '7.6450e-01',
[92mINFO [0m:      	        'auc': '9.3011e-01',
[92mINFO [0m:      	        'f1': '7.5902e-01',
[92mINFO [0m:      	        'loss': '8.0902e-01',
[92mINFO [0m:      	        'precision': '7.7396e-01'},
[92mINFO [0m:      	  12: { 'accuracy': '7.7000e-01',
[92mINFO [0m:      	        'auc': '9.4031e-01',
[92mINFO [0m:      	        'f1': '7.6634e-01',
[92mINFO [0m:      	        'loss': '8.1111e-01',
[92mINFO [0m:      	        'precision': '7.7023e-01'},
[92mINFO [0m:      	  13: { 'accuracy': '7.8800e-01',
[92mINFO [0m:      	        'auc': '9.4549e-01',
[92mINFO [0m:      	        'f1': '7.8762e-01',
[92mINFO [0m:      	        'loss': '7.7642e-01',
[92mINFO [0m:      	        'precision': '7.9221e-01'},
[92mINFO [0m:      	  14: { 'accuracy': '7.5800e-01',
[92mINFO [0m:      	        'auc': '9.2817e-01',
[92mINFO [0m:      	        'f1': '7.5448e-01',
[92mINFO [0m:      	        'loss': '9.3117e-01',
[92mINFO [0m:      	        'precision': '7.6003e-01'},
[92mINFO [0m:      	  15: { 'accuracy': '7.6900e-01',
[92mINFO [0m:      	        'auc': '9.3457e-01',
[92mINFO [0m:      	        'f1': '7.6534e-01',
[92mINFO [0m:      	        'loss': '8.4953e-01',
[92mINFO [0m:      	        'precision': '7.8365e-01'},
[92mINFO [0m:      	  16: { 'accuracy': '7.7750e-01',
[92mINFO [0m:      	        'auc': '9.4220e-01',
[92mINFO [0m:      	        'f1': '7.8043e-01',
[92mINFO [0m:      	        'loss': '9.2798e-01',
[92mINFO [0m:      	        'precision': '7.9237e-01'},
[92mINFO [0m:      	  17: { 'accuracy': '7.8300e-01',
[92mINFO [0m:      	        'auc': '9.4355e-01',
[92mINFO [0m:      	        'f1': '7.7948e-01',
[92mINFO [0m:      	        'loss': '9.1000e-01',
[92mINFO [0m:      	        'precision': '7.8761e-01'},
[92mINFO [0m:      	  18: { 'accuracy': '7.9000e-01',
[92mINFO [0m:      	        'auc': '9.4375e-01',
[92mINFO [0m:      	        'f1': '7.8716e-01',
[92mINFO [0m:      	        'loss': '9.9164e-01',
[92mINFO [0m:      	        'precision': '7.9286e-01'},
[92mINFO [0m:      	  19: { 'accuracy': '7.7750e-01',
[92mINFO [0m:      	        'auc': '9.4120e-01',
[92mINFO [0m:      	        'f1': '7.8073e-01',
[92mINFO [0m:      	        'loss': '1.0162e+00',
[92mINFO [0m:      	        'precision': '7.8722e-01'},
[92mINFO [0m:      	  20: { 'accuracy': '7.7900e-01',
[92mINFO [0m:      	        'auc': '9.4284e-01',
[92mINFO [0m:      	        'f1': '7.7884e-01',
[92mINFO [0m:      	        'loss': '8.9249e-01',
[92mINFO [0m:      	        'precision': '7.8607e-01'}}
[92mINFO [0m:      
Round 1 checkpoint written to /content/metricdp-pytorch/results/planned_runs/cifar/full/out-replace/clients-8/seed-44/ratio-0p00625/runs/cifar-full-out-replace__non-iid__metric-privacy__fedavg__clients-8__seed-44__nm0p05__clip5__rounds-20__epochs-5__cifar_chunks__cifar10_cnn.round-1.pt
Round 2 checkpoint written to /content/metricdp-pytorch/results/planned_runs/cifar/full/out-replace/clients-8/seed-44/ratio-0p00625/runs/cifar-full-out-replace__non-iid__metric-privacy__fedavg__clients-8__seed-44__nm0p05__clip5__rounds-20__epochs-5__cifar_chunks__cifar10_cnn.round-2.pt
Round 3 checkpoint written to /content/metricdp-pytorch/results/planned_runs/cifar/full/out-replace/clients-8/seed-44/ratio-0p00625/runs/cifar-full-out-replace__non-iid__metric-privacy__fedavg__clients-8__seed-44__nm0p05__clip5__rounds-20__epochs-5__cifar_chunks__cifar10_cnn.round-3.pt
Round 4 checkpoint written to /content/metricdp-pytorch/results/planned_runs/cifar/full/out-replace/clients-8/seed-44/ratio-0p00625/runs/cifar-full-out-replace__non-iid__metric-privacy__fedavg__clients-8__seed-44__nm0p05__clip5__rounds-20__epochs-5__cifar_chunks__cifar10_cnn.round-4.pt
Round 5 checkpoint written to /content/metricdp-pytorch/results/planned_runs/cifar/full/out-replace/clients-8/seed-44/ratio-0p00625/runs/cifar-full-out-replace__non-iid__metric-privacy__fedavg__clients-8__seed-44__nm0p05__clip5__rounds-20__epochs-5__cifar_chunks__cifar10_cnn.round-5.pt
Round 6 checkpoint written to /content/metricdp-pytorch/results/planned_runs/cifar/full/out-replace/clients-8/seed-44/ratio-0p00625/runs/cifar-full-out-replace__non-iid__metric-privacy__fedavg__clients-8__seed-44__nm0p05__clip5__rounds-20__epochs-5__cifar_chunks__cifar10_cnn.round-6.pt
Round 7 checkpoint written to /content/metricdp-pytorch/results/planned_runs/cifar/full/out-replace/clients-8/seed-44/ratio-0p00625/runs/cifar-full-out-replace__non-iid__metric-privacy__fedavg__clients-8__seed-44__nm0p05__clip5__rounds-20__epochs-5__cifar_chunks__cifar10_cnn.round-7.pt
Round 8 checkpoint written to /content/metricdp-pytorch/results/planned_runs/cifar/full/out-replace/clients-8/seed-44/ratio-0p00625/runs/cifar-full-out-replace__non-iid__metric-privacy__fedavg__clients-8__seed-44__nm0p05__clip5__rounds-20__epochs-5__cifar_chunks__cifar10_cnn.round-8.pt
Round 9 checkpoint written to /content/metricdp-pytorch/results/planned_runs/cifar/full/out-replace/clients-8/seed-44/ratio-0p00625/runs/cifar-full-out-replace__non-iid__metric-privacy__fedavg__clients-8__seed-44__nm0p05__clip5__rounds-20__epochs-5__cifar_chunks__cifar10_cnn.round-9.pt
Round 10 checkpoint written to /content/metricdp-pytorch/results/planned_runs/cifar/full/out-replace/clients-8/seed-44/ratio-0p00625/runs/cifar-full-out-replace__non-iid__metric-privacy__fedavg__clients-8__seed-44__nm0p05__clip5__rounds-20__epochs-5__cifar_chunks__cifar10_cnn.round-10.pt
Round 11 checkpoint written to /content/metricdp-pytorch/results/planned_runs/cifar/full/out-replace/clients-8/seed-44/ratio-0p00625/runs/cifar-full-out-replace__non-iid__metric-privacy__fedavg__clients-8__seed-44__nm0p05__clip5__rounds-20__epochs-5__cifar_chunks__cifar10_cnn.round-11.pt
Round 12 checkpoint written to /content/metricdp-pytorch/results/planned_runs/cifar/full/out-replace/clients-8/seed-44/ratio-0p00625/runs/cifar-full-out-replace__non-iid__metric-privacy__fedavg__clients-8__seed-44__nm0p05__clip5__rounds-20__epochs-5__cifar_chunks__cifar10_cnn.round-12.pt
Round 13 checkpoint written to /content/metricdp-pytorch/results/planned_runs/cifar/full/out-replace/clients-8/seed-44/ratio-0p00625/runs/cifar-full-out-replace__non-iid__metric-privacy__fedavg__clients-8__seed-44__nm0p05__clip5__rounds-20__epochs-5__cifar_chunks__cifar10_cnn.round-13.pt
Round 14 checkpoint written to /content/metricdp-pytorch/results/planned_runs/cifar/full/out-replace/clients-8/seed-44/ratio-0p00625/runs/cifar-full-out-replace__non-iid__metric-privacy__fedavg__clients-8__seed-44__nm0p05__clip5__rounds-20__epochs-5__cifar_chunks__cifar10_cnn.round-14.pt
Round 15 checkpoint written to /content/metricdp-pytorch/results/planned_runs/cifar/full/out-replace/clients-8/seed-44/ratio-0p00625/runs/cifar-full-out-replace__non-iid__metric-privacy__fedavg__clients-8__seed-44__nm0p05__clip5__rounds-20__epochs-5__cifar_chunks__cifar10_cnn.round-15.pt
Round 16 checkpoint written to /content/metricdp-pytorch/results/planned_runs/cifar/full/out-replace/clients-8/seed-44/ratio-0p00625/runs/cifar-full-out-replace__non-iid__metric-privacy__fedavg__clients-8__seed-44__nm0p05__clip5__rounds-20__epochs-5__cifar_chunks__cifar10_cnn.round-16.pt
Round 17 checkpoint written to /content/metricdp-pytorch/results/planned_runs/cifar/full/out-replace/clients-8/seed-44/ratio-0p00625/runs/cifar-full-out-replace__non-iid__metric-privacy__fedavg__clients-8__seed-44__nm0p05__clip5__rounds-20__epochs-5__cifar_chunks__cifar10_cnn.round-17.pt
Round 18 checkpoint written to /content/metricdp-pytorch/results/planned_runs/cifar/full/out-replace/clients-8/seed-44/ratio-0p00625/runs/cifar-full-out-replace__non-iid__metric-privacy__fedavg__clients-8__seed-44__nm0p05__clip5__rounds-20__epochs-5__cifar_chunks__cifar10_cnn.round-18.pt
Round 19 checkpoint written to /content/metricdp-pytorch/results/planned_runs/cifar/full/out-replace/clients-8/seed-44/ratio-0p00625/runs/cifar-full-out-replace__non-iid__metric-privacy__fedavg__clients-8__seed-44__nm0p05__clip5__rounds-20__epochs-5__cifar_chunks__cifar10_cnn.round-19.pt
Round 20 checkpoint written to /content/metricdp-pytorch/results/planned_runs/cifar/full/out-replace/clients-8/seed-44/ratio-0p00625/runs/cifar-full-out-replace__non-iid__metric-privacy__fedavg__clients-8__seed-44__nm0p05__clip5__rounds-20__epochs-5__cifar_chunks__cifar10_cnn.round-20.pt
Experiment result written to /content/metricdp-pytorch/results/planned_runs/cifar/full/out-replace/clients-8/seed-44/ratio-0p00625/runs/cifar-full-out-replace__non-iid__metric-privacy__fedavg__clients-8__seed-44__nm0p05__clip5__rounds-20__epochs-5__cifar_chunks__cifar10_cnn.json
/usr/lib/python3.12/multiprocessing/popen_fork.py:66: DeprecationWarning: This process (pid=7888) is multi-threaded, use of fork() may lead to deadlocks in the child.
  self.pid = os.fork()
[36m(ClientAppActor pid=8641)[0m /usr/lib/python3.12/multiprocessing/popen_fork.py:66: DeprecationWarning: This process (pid=8641) is multi-threaded, use of fork() may lead to deadlocks in the child.[32m [repeated 7x across cluster][0m
[36m(ClientAppActor pid=8641)[0m   self.pid = os.fork()[32m [repeated 7x across cluster][0m
Detailed evaluation written to /content/metricdp-pytorch/results/planned_runs/cifar/full/out-replace/clients-8/seed-44/ratio-0p00625/runs/cifar-full-out-replace__non-iid__metric-privacy__fedavg__clients-8__seed-44__nm0p05__clip5__rounds-20__epochs-5__cifar_chunks__cifar10_cnn.evaluation.json and /content/metricdp-pytorch/results/planned_runs/cifar/full/out-replace/clients-8/seed-44/ratio-0p00625/runs/cifar-full-out-replace__non-iid__metric-privacy__fedavg__clients-8__seed-44__nm0p05__clip5__rounds-20__epochs-5__cifar_chunks__cifar10_cnn.predictions.npz
Result: /content/metricdp-pytorch/results/planned_runs/cifar/full/out-replace/clients-8/seed-44/ratio-0p00625/runs/cifar-full-out-replace__non-iid__metric-privacy__fedavg__clients-8__seed-44__nm0p05__clip5__rounds-20__epochs-5__cifar_chunks__cifar10_cnn.json
Final server metrics: {'loss': 0.8924899854660034, 'accuracy': 0.779, 'f1': 0.7788368739999874, 'precision': 0.7860726705415597, 'auc': 0.942836125}
2026-08-05 19:58:17 DONE  cifar-full-out-replace__non-iid__metric-privacy__fedavg__clients-8__seed-44__nm0p05__clip5__rounds-20__epochs-5__cifar_chunks__cifar10_cnn (274.1s)
2026-08-05 19:58:22 EVALUATED cifar-full-out-replace__non-iid__metric-privacy__fedavg__clients-8__seed-44__nm0p05__clip5__rounds-20__epochs-5__cifar_chunks__cifar10_cnn round=1 (checkpoint deleted)
2026-08-05 19:58:26 EVALUATED cifar-full-out-replace__non-iid__metric-privacy__fedavg__clients-8__seed-44__nm0p05__clip5__rounds-20__epochs-5__cifar_chunks__cifar10_cnn round=2 (checkpoint deleted)
2026-08-05 19:58:30 EVALUATED cifar-full-out-replace__non-iid__metric-privacy__fedavg__clients-8__seed-44__nm0p05__clip5__rounds-20__epochs-5__cifar_chunks__cifar10_cnn round=3 (checkpoint deleted)
2026-08-05 19:58:35 EVALUATED cifar-full-out-replace__non-iid__metric-privacy__fedavg__clients-8__seed-44__nm0p05__clip5__rounds-20__epochs-5__cifar_chunks__cifar10_cnn round=4 (checkpoint deleted)
2026-08-05 19:58:39 EVALUATED cifar-full-out-replace__non-iid__metric-privacy__fedavg__clients-8__seed-44__nm0p05__clip5__rounds-20__epochs-5__cifar_chunks__cifar10_cnn round=5 (checkpoint deleted)
2026-08-05 19:58:44 EVALUATED cifar-full-out-replace__non-iid__metric-privacy__fedavg__clients-8__seed-44__nm0p05__clip5__rounds-20__epochs-5__cifar_chunks__cifar10_cnn round=6 (checkpoint deleted)
2026-08-05 19:58:48 EVALUATED cifar-full-out-replace__non-iid__metric-privacy__fedavg__clients-8__seed-44__nm0p05__clip5__rounds-20__epochs-5__cifar_chunks__cifar10_cnn round=7 (checkpoint deleted)
2026-08-05 19:58:53 EVALUATED cifar-full-out-replace__non-iid__metric-privacy__fedavg__clients-8__seed-44__nm0p05__clip5__rounds-20__epochs-5__cifar_chunks__cifar10_cnn round=8 (checkpoint deleted)
2026-08-05 19:58:57 EVALUATED cifar-full-out-replace__non-iid__metric-privacy__fedavg__clients-8__seed-44__nm0p05__clip5__rounds-20__epochs-5__cifar_chunks__cifar10_cnn round=9 (checkpoint deleted)
2026-08-05 19:59:01 EVALUATED cifar-full-out-replace__non-iid__metric-privacy__fedavg__clients-8__seed-44__nm0p05__clip5__rounds-20__epochs-5__cifar_chunks__cifar10_cnn round=10 (checkpoint deleted)
2026-08-05 19:59:06 EVALUATED cifar-full-out-replace__non-iid__metric-privacy__fedavg__clients-8__seed-44__nm0p05__clip5__rounds-20__epochs-5__cifar_chunks__cifar10_cnn round=11 (checkpoint deleted)
2026-08-05 19:59:10 EVALUATED cifar-full-out-replace__non-iid__metric-privacy__fedavg__clients-8__seed-44__nm0p05__clip5__rounds-20__epochs-5__cifar_chunks__cifar10_cnn round=12 (checkpoint deleted)
2026-08-05 19:59:15 EVALUATED cifar-full-out-replace__non-iid__metric-privacy__fedavg__clients-8__seed-44__nm0p05__clip5__rounds-20__epochs-5__cifar_chunks__cifar10_cnn round=13 (checkpoint deleted)
2026-08-05 19:59:19 EVALUATED cifar-full-out-replace__non-iid__metric-privacy__fedavg__clients-8__seed-44__nm0p05__clip5__rounds-20__epochs-5__cifar_chunks__cifar10_cnn round=14 (checkpoint deleted)
2026-08-05 19:59:23 EVALUATED cifar-full-out-replace__non-iid__metric-privacy__fedavg__clients-8__seed-44__nm0p05__clip5__rounds-20__epochs-5__cifar_chunks__cifar10_cnn round=15 (checkpoint deleted)
2026-08-05 19:59:28 EVALUATED cifar-full-out-replace__non-iid__metric-privacy__fedavg__clients-8__seed-44__nm0p05__clip5__rounds-20__epochs-5__cifar_chunks__cifar10_cnn round=16 (checkpoint deleted)
2026-08-05 19:59:32 EVALUATED cifar-full-out-replace__non-iid__metric-privacy__fedavg__clients-8__seed-44__nm0p05__clip5__rounds-20__epochs-5__cifar_chunks__cifar10_cnn round=17 (checkpoint deleted)
2026-08-05 19:59:37 EVALUATED cifar-full-out-replace__non-iid__metric-privacy__fedavg__clients-8__seed-44__nm0p05__clip5__rounds-20__epochs-5__cifar_chunks__cifar10_cnn round=18 (checkpoint deleted)
2026-08-05 19:59:41 EVALUATED cifar-full-out-replace__non-iid__metric-privacy__fedavg__clients-8__seed-44__nm0p05__clip5__rounds-20__epochs-5__cifar_chunks__cifar10_cnn round=19 (checkpoint deleted)
2026-08-05 19:59:46 EVALUATED cifar-full-out-replace__non-iid__metric-privacy__fedavg__clients-8__seed-44__nm0p05__clip5__rounds-20__epochs-5__cifar_chunks__cifar10_cnn round=20 (checkpoint deleted)
2026-08-05 19:59:46 PROGRESS 2/2 (0 failed so far)
2026-08-05 19:59:46 Sweep finished: 2/2 attempted, 0 failed
