{
  "metadata": {
    "run_name": "main__homogeneous__vanilla__fedavg__noise-0.01__seed-43",
    "data_module": "experiments.reproduce.dataset.alzheimer:create_data_module",
    "partition_mode": "homogeneous",
    "partition_profile": "auto",
    "privacy": "vanilla",
    "aggregation": "fedavg",
    "seed": 43,
    "num_clients": 4,
    "rounds": 20,
    "local_epochs": 5,
    "noise_multiplier": 0.01,
    "clipping_norm": 5.0,
    "initialization_pretrained": false,
    "initialization_epochs": 0,
    "initialization_final_loss": null
  },
  "train_metrics": {
    "1": {
      "train_loss": 0.9557437086477876,
      "train_loss_mean": 1.0237936242483556
    },
    "2": {
      "train_loss": 0.8248863336630166,
      "train_loss_mean": 0.9042829760350287
    },
    "3": {
      "train_loss": 0.5908890317659825,
      "train_loss_mean": 0.727996835578233
    },
    "4": {
      "train_loss": 0.3222713014110923,
      "train_loss_mean": 0.4840371697908268
    },
    "5": {
      "train_loss": 0.15445915730379056,
      "train_loss_mean": 0.2666919231618522
    },
    "6": {
      "train_loss": 0.09565973004282569,
      "train_loss_mean": 0.1677712420154421
    },
    "7": {
      "train_loss": 0.056511938862968236,
      "train_loss_mean": 0.10905307126231491
    },
    "8": {
      "train_loss": 0.06212141211381095,
      "train_loss_mean": 0.08415644764772877
    },
    "9": {
      "train_loss": 0.05831142189936145,
      "train_loss_mean": 0.06807428089969107
    },
    "10": {
      "train_loss": 0.05655468537861452,
      "train_loss_mean": 0.06012122494066717
    },
    "11": {
      "train_loss": 0.04461520760219173,
      "train_loss_mean": 0.05176026155245381
    },
    "12": {
      "train_loss": 0.037660256840581496,
      "train_loss_mean": 0.03518652341075494
    },
    "13": {
      "train_loss": 0.028889334975474412,
      "train_loss_mean": 0.030024112702619735
    },
    "14": {
      "train_loss": 0.04595185391121959,
      "train_loss_mean": 0.03214026322147836
    },
    "15": {
      "train_loss": 0.028392664780348298,
      "train_loss_mean": 0.026790244826776187
    },
    "16": {
      "train_loss": 0.03010139112123511,
      "train_loss_mean": 0.02633792458144697
    },
    "17": {
      "train_loss": 0.02596894057549548,
      "train_loss_mean": 0.020575329308031964
    },
    "18": {
      "train_loss": 0.027607760447430962,
      "train_loss_mean": 0.018856982474100947
    },
    "19": {
      "train_loss": 0.020787643000566902,
      "train_loss_mean": 0.01347470077932229
    },
    "20": {
      "train_loss": 0.015970129922660448,
      "train_loss_mean": 0.017162614276970255
    }
  },
  "client_evaluate_metrics": {
    "1": {
      "eval_loss": 1.0316915735602379,
      "eval_acc": 0.5234375
    },
    "2": {
      "eval_loss": 0.8665704075247049,
      "eval_acc": 0.5771484375
    },
    "3": {
      "eval_loss": 0.686953216791153,
      "eval_acc": 0.693359375
    },
    "4": {
      "eval_loss": 0.5124490931630135,
      "eval_acc": 0.80078125
    },
    "5": {
      "eval_loss": 0.3685551369562745,
      "eval_acc": 0.8671875
    },
    "6": {
      "eval_loss": 0.3151822998188436,
      "eval_acc": 0.896484375
    },
    "7": {
      "eval_loss": 0.2676154912915081,
      "eval_acc": 0.9228515625
    },
    "8": {
      "eval_loss": 0.22858002257999033,
      "eval_acc": 0.9306640625
    },
    "9": {
      "eval_loss": 0.22084689588518813,
      "eval_acc": 0.9462890625
    },
    "10": {
      "eval_loss": 0.22948190534953028,
      "eval_acc": 0.9384765625
    },
    "11": {
      "eval_loss": 0.1883781220531091,
      "eval_acc": 0.955078125
    },
    "12": {
      "eval_loss": 0.18603441450977698,
      "eval_acc": 0.9609375
    },
    "13": {
      "eval_loss": 0.188355758524267,
      "eval_acc": 0.9638671875
    },
    "14": {
      "eval_loss": 0.17793610956869088,
      "eval_acc": 0.9638671875
    },
    "15": {
      "eval_loss": 0.19231380822020583,
      "eval_acc": 0.9580078125
    },
    "16": {
      "eval_loss": 0.1937409301608568,
      "eval_acc": 0.9580078125
    },
    "17": {
      "eval_loss": 0.182390383008169,
      "eval_acc": 0.95703125
    },
    "18": {
      "eval_loss": 0.18159691276377998,
      "eval_acc": 0.9541015625
    },
    "19": {
      "eval_loss": 0.18482324547949247,
      "eval_acc": 0.9560546875
    },
    "20": {
      "eval_loss": 0.18837178977810254,
      "eval_acc": 0.966796875
    }
  },
  "server_evaluate_metrics": {
    "0": {
      "loss": 1.3831083536148072,
      "accuracy": 0.134375
    },
    "1": {
      "loss": 1.0347259014844894,
      "accuracy": 0.50625
    },
    "2": {
      "loss": 0.8972014367580414,
      "accuracy": 0.5453125
    },
    "3": {
      "loss": 0.7459702670574189,
      "accuracy": 0.6765625
    },
    "4": {
      "loss": 0.6072123363614083,
      "accuracy": 0.7609375
    },
    "5": {
      "loss": 0.5015415072441101,
      "accuracy": 0.821875
    },
    "6": {
      "loss": 0.45625218860805034,
      "accuracy": 0.878125
    },
    "7": {
      "loss": 0.40989783927798273,
      "accuracy": 0.9015625
    },
    "8": {
      "loss": 0.33964424692094325,
      "accuracy": 0.909375
    },
    "9": {
      "loss": 0.35070296078920365,
      "accuracy": 0.9234375
    },
    "10": {
      "loss": 0.3584343997761607,
      "accuracy": 0.91875
    },
    "11": {
      "loss": 0.3569560781121254,
      "accuracy": 0.9296875
    },
    "12": {
      "loss": 0.33352764723822476,
      "accuracy": 0.928125
    },
    "13": {
      "loss": 0.38058075290173293,
      "accuracy": 0.9359375
    },
    "14": {
      "loss": 0.36158871380612256,
      "accuracy": 0.934375
    },
    "15": {
      "loss": 0.40821302551776173,
      "accuracy": 0.934375
    },
    "16": {
      "loss": 0.36926997171249243,
      "accuracy": 0.9359375
    },
    "17": {
      "loss": 0.3956900051678531,
      "accuracy": 0.940625
    },
    "18": {
      "loss": 0.3561427657026798,
      "accuracy": 0.9296875
    },
    "19": {
      "loss": 0.35864549269899726,
      "accuracy": 0.9375
    },
    "20": {
      "loss": 0.3629816941800527,
      "accuracy": 0.94375
    }
  }
}
