{
  "metadata": {
    "run_name": "main__homogeneous__global-dp__fedavg__noise-0.01__seed-43",
    "data_module": "experiments.reproduce.dataset.alzheimer:create_data_module",
    "partition_mode": "homogeneous",
    "partition_profile": "auto",
    "privacy": "global-dp",
    "aggregation": "fedavg",
    "seed": 43,
    "num_clients": 4,
    "rounds": 20,
    "local_epochs": 5,
    "noise_multiplier": 0.01,
    "clipping_norm": 5.0,
    "initialization_pretrained": false,
    "initialization_epochs": 0,
    "initialization_final_loss": null
  },
  "train_metrics": {
    "1": {
      "train_loss": 0.9650312936864793,
      "train_loss_mean": 1.0249617925845085
    },
    "2": {
      "train_loss": 0.9147810651920736,
      "train_loss_mean": 0.9806085183285176
    },
    "3": {
      "train_loss": 0.7836993609089404,
      "train_loss_mean": 0.8865623564925045
    },
    "4": {
      "train_loss": 0.6336107610259205,
      "train_loss_mean": 0.7847996489610523
    },
    "5": {
      "train_loss": 0.478571338346228,
      "train_loss_mean": 0.6665999480523169
    },
    "6": {
      "train_loss": 0.33502483321353793,
      "train_loss_mean": 0.5285759726306424
    },
    "7": {
      "train_loss": 0.23963644314790145,
      "train_loss_mean": 0.42299213515361767
    },
    "8": {
      "train_loss": 0.14962801402725745,
      "train_loss_mean": 0.2986969621764729
    },
    "9": {
      "train_loss": 0.12886353000067174,
      "train_loss_mean": 0.2369974289322272
    },
    "10": {
      "train_loss": 0.10401250312133925,
      "train_loss_mean": 0.17457226093247302
    },
    "11": {
      "train_loss": 0.0916940620772948,
      "train_loss_mean": 0.14028281632854486
    },
    "12": {
      "train_loss": 0.07297729801211972,
      "train_loss_mean": 0.11302065543895878
    },
    "13": {
      "train_loss": 0.05040507524245186,
      "train_loss_mean": 0.09917772268818226
    },
    "14": {
      "train_loss": 0.03681474937002349,
      "train_loss_mean": 0.07742988353711552
    },
    "15": {
      "train_loss": 0.04348536559336935,
      "train_loss_mean": 0.07543346448092052
    },
    "16": {
      "train_loss": 0.0502360766640777,
      "train_loss_mean": 0.07406701586560302
    },
    "17": {
      "train_loss": 0.04204071073013438,
      "train_loss_mean": 0.062070637382248606
    },
    "18": {
      "train_loss": 0.048940668191335135,
      "train_loss_mean": 0.06405082700284766
    },
    "19": {
      "train_loss": 0.04299373863659639,
      "train_loss_mean": 0.051215907489699924
    },
    "20": {
      "train_loss": 0.0435748853621476,
      "train_loss_mean": 0.048487876242779754
    }
  },
  "client_evaluate_metrics": {
    "1": {
      "eval_loss": 1.1737888418138027,
      "eval_acc": 0.501953125
    },
    "2": {
      "eval_loss": 1.062218565493822,
      "eval_acc": 0.5126953125
    },
    "3": {
      "eval_loss": 0.9821483585983515,
      "eval_acc": 0.5380859375
    },
    "4": {
      "eval_loss": 0.9300491325557232,
      "eval_acc": 0.6005859375
    },
    "5": {
      "eval_loss": 0.8068990148603916,
      "eval_acc": 0.6533203125
    },
    "6": {
      "eval_loss": 0.6708473544567823,
      "eval_acc": 0.724609375
    },
    "7": {
      "eval_loss": 0.5534754740074277,
      "eval_acc": 0.7705078125
    },
    "8": {
      "eval_loss": 0.4356601694598794,
      "eval_acc": 0.8359375
    },
    "9": {
      "eval_loss": 0.3691427237354219,
      "eval_acc": 0.8603515625
    },
    "10": {
      "eval_loss": 0.3051514416001737,
      "eval_acc": 0.88671875
    },
    "11": {
      "eval_loss": 0.28780402592383325,
      "eval_acc": 0.9013671875
    },
    "12": {
      "eval_loss": 0.2620014080312103,
      "eval_acc": 0.91015625
    },
    "13": {
      "eval_loss": 0.25154277158435434,
      "eval_acc": 0.9228515625
    },
    "14": {
      "eval_loss": 0.27681166294496506,
      "eval_acc": 0.9228515625
    },
    "15": {
      "eval_loss": 0.2252315873047337,
      "eval_acc": 0.927734375
    },
    "16": {
      "eval_loss": 0.20257874490926042,
      "eval_acc": 0.943359375
    },
    "17": {
      "eval_loss": 0.17954188384464942,
      "eval_acc": 0.94921875
    },
    "18": {
      "eval_loss": 0.18108780909096822,
      "eval_acc": 0.9501953125
    },
    "19": {
      "eval_loss": 0.18582927470561117,
      "eval_acc": 0.9521484375
    },
    "20": {
      "eval_loss": 0.17798461765050888,
      "eval_acc": 0.9462890625
    }
  },
  "server_evaluate_metrics": {
    "0": {
      "loss": 1.3831083536148072,
      "accuracy": 0.134375
    },
    "1": {
      "loss": 1.172324550151825,
      "accuracy": 0.4953125
    },
    "2": {
      "loss": 1.0627274811267853,
      "accuracy": 0.5046875
    },
    "3": {
      "loss": 0.9931932806968689,
      "accuracy": 0.521875
    },
    "4": {
      "loss": 0.9389035016298294,
      "accuracy": 0.5828125
    },
    "5": {
      "loss": 0.8195273607969285,
      "accuracy": 0.6375
    },
    "6": {
      "loss": 0.6971120029687882,
      "accuracy": 0.696875
    },
    "7": {
      "loss": 0.5953216671943664,
      "accuracy": 0.746875
    },
    "8": {
      "loss": 0.5052191540598869,
      "accuracy": 0.8046875
    },
    "9": {
      "loss": 0.44507641047239305,
      "accuracy": 0.8390625
    },
    "10": {
      "loss": 0.376496197283268,
      "accuracy": 0.8828125
    },
    "11": {
      "loss": 0.37238015457987783,
      "accuracy": 0.8890625
    },
    "12": {
      "loss": 0.3457727748900652,
      "accuracy": 0.9125
    },
    "13": {
      "loss": 0.34120812825858593,
      "accuracy": 0.9140625
    },
    "14": {
      "loss": 0.34907384030520916,
      "accuracy": 0.91875
    },
    "15": {
      "loss": 0.33874262515455483,
      "accuracy": 0.928125
    },
    "16": {
      "loss": 0.3110236236359924,
      "accuracy": 0.9421875
    },
    "17": {
      "loss": 0.2978946903720498,
      "accuracy": 0.9359375
    },
    "18": {
      "loss": 0.2962311787996441,
      "accuracy": 0.9375
    },
    "19": {
      "loss": 0.30300782797858117,
      "accuracy": 0.9328125
    },
    "20": {
      "loss": 0.30373870697803795,
      "accuracy": 0.934375
    }
  }
}
