{
  "metadata": {
    "run_name": "main__homogeneous__global-dp__fedmedian__noise-0.01__seed-42",
    "data_module": "experiments.reproduce.dataset.alzheimer:create_data_module",
    "partition_mode": "homogeneous",
    "partition_profile": "auto",
    "privacy": "global-dp",
    "aggregation": "fedmedian",
    "seed": 42,
    "num_clients": 4,
    "rounds": 20,
    "local_epochs": 5,
    "noise_multiplier": 0.01,
    "clipping_norm": 5.0,
    "initialization_pretrained": false,
    "initialization_epochs": 0,
    "initialization_final_loss": null
  },
  "train_metrics": {
    "1": {
      "train_loss": 0.9765923274680972,
      "train_loss_mean": 1.0366191117092967
    },
    "2": {
      "train_loss": 0.9557773661799729,
      "train_loss_mean": 0.9959243165329098
    },
    "3": {
      "train_loss": 0.8931735879741609,
      "train_loss_mean": 0.9242517714388669
    },
    "4": {
      "train_loss": 0.7879480430856347,
      "train_loss_mean": 0.858125020749867
    },
    "5": {
      "train_loss": 0.6569871879182756,
      "train_loss_mean": 0.7631297575309872
    },
    "6": {
      "train_loss": 0.48656552471220493,
      "train_loss_mean": 0.6278647786471993
    },
    "7": {
      "train_loss": 0.34206745447590947,
      "train_loss_mean": 0.4788445468759164
    },
    "8": {
      "train_loss": 0.20721754265832715,
      "train_loss_mean": 0.3536013705830555
    },
    "9": {
      "train_loss": 0.14806069133919664,
      "train_loss_mean": 0.2573008833336644
    },
    "10": {
      "train_loss": 0.11559737520656199,
      "train_loss_mean": 0.18944489191271716
    },
    "11": {
      "train_loss": 0.09991931964759715,
      "train_loss_mean": 0.1554153018267243
    },
    "12": {
      "train_loss": 0.08519928865280235,
      "train_loss_mean": 0.11894123388046864
    },
    "13": {
      "train_loss": 0.08609490872186143,
      "train_loss_mean": 0.11218332875760097
    },
    "14": {
      "train_loss": 0.06355148093416574,
      "train_loss_mean": 0.08560775706728235
    },
    "15": {
      "train_loss": 0.05764235027709219,
      "train_loss_mean": 0.07953947348487417
    },
    "16": {
      "train_loss": 0.05234705547673002,
      "train_loss_mean": 0.07062035157259744
    },
    "17": {
      "train_loss": 0.04724482002256991,
      "train_loss_mean": 0.06453368930651777
    },
    "18": {
      "train_loss": 0.047258698401947186,
      "train_loss_mean": 0.058441821988162695
    },
    "19": {
      "train_loss": 0.03584052664473347,
      "train_loss_mean": 0.053107861130320094
    },
    "20": {
      "train_loss": 0.038904250233372295,
      "train_loss_mean": 0.04937415454676284
    }
  },
  "client_evaluate_metrics": {
    "1": {
      "eval_loss": 1.2339850589632988,
      "eval_acc": 0.5
    },
    "2": {
      "eval_loss": 1.1369457617402077,
      "eval_acc": 0.4228515625
    },
    "3": {
      "eval_loss": 1.0372164100408554,
      "eval_acc": 0.5263671875
    },
    "4": {
      "eval_loss": 0.8963795192539692,
      "eval_acc": 0.595703125
    },
    "5": {
      "eval_loss": 0.8233832642436028,
      "eval_acc": 0.6328125
    },
    "6": {
      "eval_loss": 0.7486417256295681,
      "eval_acc": 0.642578125
    },
    "7": {
      "eval_loss": 0.6285806093364954,
      "eval_acc": 0.701171875
    },
    "8": {
      "eval_loss": 0.5257868943735957,
      "eval_acc": 0.765625
    },
    "9": {
      "eval_loss": 0.42437321320176125,
      "eval_acc": 0.8232421875
    },
    "10": {
      "eval_loss": 0.36234185146167874,
      "eval_acc": 0.8544921875
    },
    "11": {
      "eval_loss": 0.30600148532539606,
      "eval_acc": 0.88671875
    },
    "12": {
      "eval_loss": 0.25450278352946043,
      "eval_acc": 0.912109375
    },
    "13": {
      "eval_loss": 0.2664604445453733,
      "eval_acc": 0.921875
    },
    "14": {
      "eval_loss": 0.25782056676689535,
      "eval_acc": 0.916015625
    },
    "15": {
      "eval_loss": 0.24047279090154916,
      "eval_acc": 0.92578125
    },
    "16": {
      "eval_loss": 0.23255354183493182,
      "eval_acc": 0.9365234375
    },
    "17": {
      "eval_loss": 0.27365319919772446,
      "eval_acc": 0.9345703125
    },
    "18": {
      "eval_loss": 0.1853750771842897,
      "eval_acc": 0.951171875
    },
    "19": {
      "eval_loss": 0.19257459638174623,
      "eval_acc": 0.953125
    },
    "20": {
      "eval_loss": 0.18418977994588204,
      "eval_acc": 0.9560546875
    }
  },
  "server_evaluate_metrics": {
    "0": {
      "loss": 1.4405660927295685,
      "accuracy": 0.0109375
    },
    "1": {
      "loss": 1.2317804634571075,
      "accuracy": 0.4953125
    },
    "2": {
      "loss": 1.128966647386551,
      "accuracy": 0.44375
    },
    "3": {
      "loss": 1.0296271383762359,
      "accuracy": 0.5375
    },
    "4": {
      "loss": 0.8967061370611191,
      "accuracy": 0.5984375
    },
    "5": {
      "loss": 0.8271236091852188,
      "accuracy": 0.6375
    },
    "6": {
      "loss": 0.7429395616054535,
      "accuracy": 0.6703125
    },
    "7": {
      "loss": 0.646477097272873,
      "accuracy": 0.7140625
    },
    "8": {
      "loss": 0.5668127954006195,
      "accuracy": 0.7640625
    },
    "9": {
      "loss": 0.49316841512918475,
      "accuracy": 0.8171875
    },
    "10": {
      "loss": 0.4380052022635937,
      "accuracy": 0.8453125
    },
    "11": {
      "loss": 0.3909407526254654,
      "accuracy": 0.890625
    },
    "12": {
      "loss": 0.3422942582517862,
      "accuracy": 0.903125
    },
    "13": {
      "loss": 0.30714202728122475,
      "accuracy": 0.9171875
    },
    "14": {
      "loss": 0.3137805433012545,
      "accuracy": 0.9171875
    },
    "15": {
      "loss": 0.30532055646181105,
      "accuracy": 0.915625
    },
    "16": {
      "loss": 0.3136021040380001,
      "accuracy": 0.925
    },
    "17": {
      "loss": 0.3401128102093935,
      "accuracy": 0.921875
    },
    "18": {
      "loss": 0.3111479131737724,
      "accuracy": 0.9421875
    },
    "19": {
      "loss": 0.3073904896620661,
      "accuracy": 0.940625
    },
    "20": {
      "loss": 0.2835912951501086,
      "accuracy": 0.940625
    }
  }
}
