{
  "metadata": {
    "run_name": "main__homogeneous__global-dp__fedyogi__noise-0.01__seed-42",
    "data_module": "experiments.reproduce.dataset.alzheimer:create_data_module",
    "partition_mode": "homogeneous",
    "partition_profile": "auto",
    "privacy": "global-dp",
    "aggregation": "fedyogi",
    "seed": 42,
    "num_clients": 4,
    "rounds": 20,
    "local_epochs": 5,
    "noise_multiplier": 0.01,
    "clipping_norm": 5.0,
    "initialization_pretrained": true,
    "initialization_epochs": 20,
    "initialization_final_loss": 0.5613089352846146
  },
  "train_metrics": {
    "1": {
      "train_loss": 0.5395849291235209,
      "train_loss_mean": 0.7015841763000935
    },
    "2": {
      "train_loss": 0.4509794666664675,
      "train_loss_mean": 0.6354994312627241
    },
    "3": {
      "train_loss": 0.31954003393184394,
      "train_loss_mean": 0.5209469789173454
    },
    "4": {
      "train_loss": 0.20677252166206017,
      "train_loss_mean": 0.3938021648325958
    },
    "5": {
      "train_loss": 0.13094388812896796,
      "train_loss_mean": 0.28088815955561586
    },
    "6": {
      "train_loss": 0.10153793000790756,
      "train_loss_mean": 0.2054383743176004
    },
    "7": {
      "train_loss": 0.07508878646331141,
      "train_loss_mean": 0.1561461173274438
    },
    "8": {
      "train_loss": 0.06571270183212619,
      "train_loss_mean": 0.12900309791348263
    },
    "9": {
      "train_loss": 0.04371332708706177,
      "train_loss_mean": 0.10119585506308795
    },
    "10": {
      "train_loss": 0.033602872283154284,
      "train_loss_mean": 0.08349862498698712
    },
    "11": {
      "train_loss": 0.03610172536156142,
      "train_loss_mean": 0.06961222181484175
    },
    "12": {
      "train_loss": 0.04484065127616077,
      "train_loss_mean": 0.05594615610959295
    },
    "13": {
      "train_loss": 0.031374041246920115,
      "train_loss_mean": 0.045537703177791405
    },
    "14": {
      "train_loss": 0.049428798316625944,
      "train_loss_mean": 0.04210501796515728
    },
    "15": {
      "train_loss": 0.030853846167005372,
      "train_loss_mean": 0.031241250793209073
    },
    "16": {
      "train_loss": 0.03255088461318323,
      "train_loss_mean": 0.027707841283127976
    },
    "17": {
      "train_loss": 0.04985065611598394,
      "train_loss_mean": 0.029547750999522913
    },
    "18": {
      "train_loss": 0.030781636101478327,
      "train_loss_mean": 0.027428629930998132
    },
    "19": {
      "train_loss": 0.04292894001827331,
      "train_loss_mean": 0.02508459684145276
    },
    "20": {
      "train_loss": 0.01781618289283549,
      "train_loss_mean": 0.018001144485420995
    }
  },
  "client_evaluate_metrics": {
    "1": {
      "eval_loss": 0.7883778605610132,
      "eval_acc": 0.6533203125
    },
    "2": {
      "eval_loss": 0.7069389224052429,
      "eval_acc": 0.689453125
    },
    "3": {
      "eval_loss": 0.6317755691707134,
      "eval_acc": 0.7431640625
    },
    "4": {
      "eval_loss": 0.5853834738954902,
      "eval_acc": 0.75390625
    },
    "5": {
      "eval_loss": 0.5654278406873345,
      "eval_acc": 0.7763671875
    },
    "6": {
      "eval_loss": 0.5684075588360429,
      "eval_acc": 0.7919921875
    },
    "7": {
      "eval_loss": 0.6058966941200197,
      "eval_acc": 0.828125
    },
    "8": {
      "eval_loss": 0.6652867631055415,
      "eval_acc": 0.8623046875
    },
    "9": {
      "eval_loss": 0.6799450262915343,
      "eval_acc": 0.880859375
    },
    "10": {
      "eval_loss": 0.5189651594555471,
      "eval_acc": 0.912109375
    },
    "11": {
      "eval_loss": 0.38984437548788264,
      "eval_acc": 0.9326171875
    },
    "12": {
      "eval_loss": 0.3222664748259376,
      "eval_acc": 0.9453125
    },
    "13": {
      "eval_loss": 0.3115867946553408,
      "eval_acc": 0.9462890625
    },
    "14": {
      "eval_loss": 0.2529546178484452,
      "eval_acc": 0.9580078125
    },
    "15": {
      "eval_loss": 0.21524132649210515,
      "eval_acc": 0.9658203125
    },
    "16": {
      "eval_loss": 0.1641000785457436,
      "eval_acc": 0.9638671875
    },
    "17": {
      "eval_loss": 0.15114456928859,
      "eval_acc": 0.962890625
    },
    "18": {
      "eval_loss": 0.1255491773627,
      "eval_acc": 0.966796875
    },
    "19": {
      "eval_loss": 0.18678927692280922,
      "eval_acc": 0.9609375
    },
    "20": {
      "eval_loss": 0.21234955510863074,
      "eval_acc": 0.96484375
    }
  },
  "server_evaluate_metrics": {
    "0": {
      "loss": 0.8508210569620133,
      "accuracy": 0.634375
    },
    "1": {
      "loss": 0.8066396385431289,
      "accuracy": 0.646875
    },
    "2": {
      "loss": 0.7271935522556305,
      "accuracy": 0.6828125
    },
    "3": {
      "loss": 0.6620615854859352,
      "accuracy": 0.71875
    },
    "4": {
      "loss": 0.6268237218260765,
      "accuracy": 0.753125
    },
    "5": {
      "loss": 0.585752809792757,
      "accuracy": 0.7703125
    },
    "6": {
      "loss": 0.5691933788359165,
      "accuracy": 0.803125
    },
    "7": {
      "loss": 0.5789965339004993,
      "accuracy": 0.8609375
    },
    "8": {
      "loss": 0.7068575516343116,
      "accuracy": 0.871875
    },
    "9": {
      "loss": 0.758847201243043,
      "accuracy": 0.8828125
    },
    "10": {
      "loss": 0.6752512913197279,
      "accuracy": 0.9046875
    },
    "11": {
      "loss": 0.627241463214159,
      "accuracy": 0.9234375
    },
    "12": {
      "loss": 0.571761993871769,
      "accuracy": 0.9296875
    },
    "13": {
      "loss": 0.5577608904568478,
      "accuracy": 0.9328125
    },
    "14": {
      "loss": 0.5134641474345699,
      "accuracy": 0.934375
    },
    "15": {
      "loss": 0.44185264515690503,
      "accuracy": 0.9390625
    },
    "16": {
      "loss": 0.3461088598705828,
      "accuracy": 0.946875
    },
    "17": {
      "loss": 0.3501563684782013,
      "accuracy": 0.953125
    },
    "18": {
      "loss": 0.37117055114358666,
      "accuracy": 0.95
    },
    "19": {
      "loss": 0.43767050073947755,
      "accuracy": 0.9453125
    },
    "20": {
      "loss": 0.4574632991664657,
      "accuracy": 0.9546875
    }
  }
}
