{
  "metadata": {
    "run_name": "main__homogeneous__metric-privacy__fedavg__noise-0.01__seed-43",
    "data_module": "experiments.reproduce.dataset.alzheimer:create_data_module",
    "partition_mode": "homogeneous",
    "partition_profile": "auto",
    "privacy": "metric-privacy",
    "aggregation": "fedavg",
    "seed": 43,
    "num_clients": 4,
    "rounds": 20,
    "local_epochs": 5,
    "noise_multiplier": 0.01,
    "clipping_norm": 5.0,
    "initialization_pretrained": false,
    "initialization_epochs": 0,
    "initialization_final_loss": null
  },
  "train_metrics": {
    "1": {
      "train_loss": 0.9595365216955543,
      "train_loss_mean": 1.0250838939100504,
      "metric-dp-distance": 1.8234002554478745,
      "metric-dp-noise-stdv": 0.006855324256236695
    },
    "2": {
      "train_loss": 0.9132933472283185,
      "train_loss_mean": 0.9790083223953843,
      "metric-dp-distance": 1.4678068648402889,
      "metric-dp-noise-stdv": 0.008516106784498599
    },
    "3": {
      "train_loss": 0.8025565510615706,
      "train_loss_mean": 0.8908227200619876,
      "metric-dp-distance": 1.553713316253076,
      "metric-dp-noise-stdv": 0.008045242239504589
    },
    "4": {
      "train_loss": 0.6708529631141573,
      "train_loss_mean": 0.7987535138614477,
      "metric-dp-distance": 1.5309998031395178,
      "metric-dp-noise-stdv": 0.008164599351591747
    },
    "5": {
      "train_loss": 0.5049322766717523,
      "train_loss_mean": 0.6733030388597399,
      "metric-dp-distance": 1.5214252001605928,
      "metric-dp-noise-stdv": 0.008215980646751856
    },
    "6": {
      "train_loss": 0.35986581939505413,
      "train_loss_mean": 0.544536362553481,
      "metric-dp-distance": 1.4565125908702612,
      "metric-dp-noise-stdv": 0.00858214345578111
    },
    "7": {
      "train_loss": 0.21671396523015574,
      "train_loss_mean": 0.3964565280009993,
      "metric-dp-distance": 1.3767813004863758,
      "metric-dp-noise-stdv": 0.009079147135121694
    },
    "8": {
      "train_loss": 0.1539758757862728,
      "train_loss_mean": 0.286501420813147,
      "metric-dp-distance": 1.3060348330376048,
      "metric-dp-noise-stdv": 0.00957095452877564
    },
    "9": {
      "train_loss": 0.11316360954515403,
      "train_loss_mean": 0.2251445050482289,
      "metric-dp-distance": 1.247467178773756,
      "metric-dp-noise-stdv": 0.01002030371034478
    },
    "10": {
      "train_loss": 0.07954400321978028,
      "train_loss_mean": 0.1585596301818441,
      "metric-dp-distance": 1.2123136771842837,
      "metric-dp-noise-stdv": 0.010310862803290698
    },
    "11": {
      "train_loss": 0.07561940873711137,
      "train_loss_mean": 0.12771562523630564,
      "metric-dp-distance": 1.1517117981954168,
      "metric-dp-noise-stdv": 0.01085340969814313
    },
    "12": {
      "train_loss": 0.07275130818015896,
      "train_loss_mean": 0.10568608163739555,
      "metric-dp-distance": 1.2078412814686696,
      "metric-dp-noise-stdv": 0.01034904187477404
    },
    "13": {
      "train_loss": 0.06546234845154686,
      "train_loss_mean": 0.09210911954796758,
      "metric-dp-distance": 1.1956196211588879,
      "metric-dp-noise-stdv": 0.010454830097120709
    },
    "14": {
      "train_loss": 0.05158504015616927,
      "train_loss_mean": 0.07017166714704218,
      "metric-dp-distance": 1.1937377559176336,
      "metric-dp-noise-stdv": 0.010471311590870452
    },
    "15": {
      "train_loss": 0.03765721668150945,
      "train_loss_mean": 0.06057685657942784,
      "metric-dp-distance": 1.2418454138872523,
      "metric-dp-noise-stdv": 0.010065665066050548
    },
    "16": {
      "train_loss": 0.04197339063830441,
      "train_loss_mean": 0.059045843010062535,
      "metric-dp-distance": 1.2957365702216823,
      "metric-dp-noise-stdv": 0.009647022618078477
    },
    "17": {
      "train_loss": 0.03358308125734766,
      "train_loss_mean": 0.057347838564805895,
      "metric-dp-distance": 1.3367727354634553,
      "metric-dp-noise-stdv": 0.009350878925329282
    },
    "18": {
      "train_loss": 0.025373665186180006,
      "train_loss_mean": 0.0483414627241018,
      "metric-dp-distance": 1.3851711054642994,
      "metric-dp-noise-stdv": 0.009024155897195163
    },
    "19": {
      "train_loss": 0.029058236275432137,
      "train_loss_mean": 0.045649983994860574,
      "metric-dp-distance": 1.306200498715043,
      "metric-dp-noise-stdv": 0.009569740642647668
    },
    "20": {
      "train_loss": 0.032970243048794146,
      "train_loss_mean": 0.04436240471327437,
      "metric-dp-distance": 1.446955500325809,
      "metric-dp-noise-stdv": 0.008638828213573528
    }
  },
  "client_evaluate_metrics": {
    "1": {
      "eval_loss": 1.2037258967757225,
      "eval_acc": 0.5087890625
    },
    "2": {
      "eval_loss": 1.0726230815052986,
      "eval_acc": 0.521484375
    },
    "3": {
      "eval_loss": 0.9830250944942236,
      "eval_acc": 0.55078125
    },
    "4": {
      "eval_loss": 0.9201406501233578,
      "eval_acc": 0.6025390625
    },
    "5": {
      "eval_loss": 0.8073239829391241,
      "eval_acc": 0.6396484375
    },
    "6": {
      "eval_loss": 0.6767459027469158,
      "eval_acc": 0.7080078125
    },
    "7": {
      "eval_loss": 0.5509196678176522,
      "eval_acc": 0.7783203125
    },
    "8": {
      "eval_loss": 0.44074040092527866,
      "eval_acc": 0.828125
    },
    "9": {
      "eval_loss": 0.3726993375457823,
      "eval_acc": 0.849609375
    },
    "10": {
      "eval_loss": 0.2933344121556729,
      "eval_acc": 0.896484375
    },
    "11": {
      "eval_loss": 0.25142535544000566,
      "eval_acc": 0.9140625
    },
    "12": {
      "eval_loss": 0.2509875889518298,
      "eval_acc": 0.9189453125
    },
    "13": {
      "eval_loss": 0.2232074870262295,
      "eval_acc": 0.93359375
    },
    "14": {
      "eval_loss": 0.2027558673871681,
      "eval_acc": 0.9365234375
    },
    "15": {
      "eval_loss": 0.20808735338505358,
      "eval_acc": 0.9365234375
    },
    "16": {
      "eval_loss": 0.2001928351528477,
      "eval_acc": 0.9443359375
    },
    "17": {
      "eval_loss": 0.18744080152828246,
      "eval_acc": 0.9462890625
    },
    "18": {
      "eval_loss": 0.16353784946841188,
      "eval_acc": 0.9638671875
    },
    "19": {
      "eval_loss": 0.16089554943027906,
      "eval_acc": 0.9609375
    },
    "20": {
      "eval_loss": 0.16174661606783047,
      "eval_acc": 0.9677734375
    }
  },
  "server_evaluate_metrics": {
    "0": {
      "loss": 1.3831083536148072,
      "accuracy": 0.134375
    },
    "1": {
      "loss": 1.2022330462932587,
      "accuracy": 0.5046875
    },
    "2": {
      "loss": 1.0746788680553436,
      "accuracy": 0.50625
    },
    "3": {
      "loss": 0.99430533349514,
      "accuracy": 0.553125
    },
    "4": {
      "loss": 0.9315104573965073,
      "accuracy": 0.5703125
    },
    "5": {
      "loss": 0.8225174009799957,
      "accuracy": 0.6359375
    },
    "6": {
      "loss": 0.7065187066793441,
      "accuracy": 0.6875
    },
    "7": {
      "loss": 0.6017008349299431,
      "accuracy": 0.7484375
    },
    "8": {
      "loss": 0.5256746396422386,
      "accuracy": 0.7921875
    },
    "9": {
      "loss": 0.4778072200715542,
      "accuracy": 0.81875
    },
    "10": {
      "loss": 0.39149641394615176,
      "accuracy": 0.8796875
    },
    "11": {
      "loss": 0.3373920857906342,
      "accuracy": 0.9
    },
    "12": {
      "loss": 0.3483846182003617,
      "accuracy": 0.90625
    },
    "13": {
      "loss": 0.31675587557256224,
      "accuracy": 0.9203125
    },
    "14": {
      "loss": 0.2852843512780964,
      "accuracy": 0.9265625
    },
    "15": {
      "loss": 0.3360958186909556,
      "accuracy": 0.9234375
    },
    "16": {
      "loss": 0.3265546549111605,
      "accuracy": 0.928125
    },
    "17": {
      "loss": 0.30810444080270827,
      "accuracy": 0.928125
    },
    "18": {
      "loss": 0.2992111950181425,
      "accuracy": 0.928125
    },