{
  "metadata": {
    "run_name": "main__homogeneous__vanilla__fedmedian__noise-0.01__seed-42",
    "data_module": "experiments.reproduce.dataset.alzheimer:create_data_module",
    "partition_mode": "homogeneous",
    "partition_profile": "auto",
    "privacy": "vanilla",
    "aggregation": "fedmedian",
    "seed": 42,
    "num_clients": 4,
    "rounds": 20,
    "local_epochs": 5,
    "noise_multiplier": 0.01,
    "clipping_norm": 5.0,
    "initialization_pretrained": false,
    "initialization_epochs": 0,
    "initialization_final_loss": null
  },
  "train_metrics": {
    "1": {
      "train_loss": 0.9800311531871557,
      "train_loss_mean": 1.037051926739514
    },
    "2": {
      "train_loss": 0.8915277919732034,
      "train_loss_mean": 0.9364988370798528
    },
    "3": {
      "train_loss": 0.7613336986396462,
      "train_loss_mean": 0.8314138705376536
    },
    "4": {
      "train_loss": 0.524342728080228,
      "train_loss_mean": 0.6442215124610811
    },
    "5": {
      "train_loss": 0.30190028552897274,
      "train_loss_mean": 0.4449396898970008
    },
    "6": {
      "train_loss": 0.16446166866808198,
      "train_loss_mean": 0.27749919863999817
    },
    "7": {
      "train_loss": 0.11072370133479126,
      "train_loss_mean": 0.17810092415893453
    },
    "8": {
      "train_loss": 0.07903808579430915,
      "train_loss_mean": 0.12671060452921665
    },
    "9": {
      "train_loss": 0.06832221809600014,
      "train_loss_mean": 0.09815109695482532
    },
    "10": {
      "train_loss": 0.04191050116241968,
      "train_loss_mean": 0.07461073565245896
    },
    "11": {
      "train_loss": 0.0898117555079807,
      "train_loss_mean": 0.0656962751523224
    },
    "12": {
      "train_loss": 0.04242161561433022,
      "train_loss_mean": 0.05572999414557671
    },
    "13": {
      "train_loss": 0.03370159082169266,
      "train_loss_mean": 0.04701705546294761
    },
    "14": {
      "train_loss": 0.03998797820202071,
      "train_loss_mean": 0.04315496245396844
    },
    "15": {
      "train_loss": 0.04031713180336283,
      "train_loss_mean": 0.037817467192371626
    },
    "16": {
      "train_loss": 0.02859967375661654,
      "train_loss_mean": 0.03143669767213737
    },
    "17": {
      "train_loss": 0.02718816631431764,
      "train_loss_mean": 0.029412632244958558
    },
    "18": {
      "train_loss": 0.03526004644135128,
      "train_loss_mean": 0.03308310005130251
    },
    "19": {
      "train_loss": 0.024836956102888053,
      "train_loss_mean": 0.029564328349287197
    },
    "20": {
      "train_loss": 0.026547193001292158,
      "train_loss_mean": 0.02207162889299328
    }
  },
  "client_evaluate_metrics": {
    "1": {
      "eval_loss": 1.0400702711194754,
      "eval_acc": 0.5107421875
    },
    "2": {
      "eval_loss": 0.902819374576211,
      "eval_acc": 0.5625
    },
    "3": {
      "eval_loss": 0.7905001621693373,
      "eval_acc": 0.62890625
    },
    "4": {
      "eval_loss": 0.625956323929131,
      "eval_acc": 0.7177734375
    },
    "5": {
      "eval_loss": 0.4923099968582392,
      "eval_acc": 0.7919921875
    },
    "6": {
      "eval_loss": 0.3677343921735883,
      "eval_acc": 0.861328125
    },
    "7": {
      "eval_loss": 0.3040650982875377,
      "eval_acc": 0.8896484375
    },
    "8": {
      "eval_loss": 0.24659801833331585,
      "eval_acc": 0.9091796875
    },
    "9": {
      "eval_loss": 0.20356556144542992,
      "eval_acc": 0.93359375
    },
    "10": {
      "eval_loss": 0.19515581580344588,
      "eval_acc": 0.9423828125
    },
    "11": {
      "eval_loss": 0.1795444096205756,
      "eval_acc": 0.947265625
    },
    "12": {
      "eval_loss": 0.16152011955273338,
      "eval_acc": 0.9609375
    },
    "13": {
      "eval_loss": 0.14616542484145612,
      "eval_acc": 0.962890625
    },
    "14": {
      "eval_loss": 0.14908243680838495,
      "eval_acc": 0.96484375
    },
    "15": {
      "eval_loss": 0.14104261246393435,
      "eval_acc": 0.96875
    },
    "16": {
      "eval_loss": 0.1501591264968738,
      "eval_acc": 0.962890625
    },
    "17": {
      "eval_loss": 0.18219700432382524,
      "eval_acc": 0.953125
    },
    "18": {
      "eval_loss": 0.1338286860845983,
      "eval_acc": 0.9697265625
    },
    "19": {
      "eval_loss": 0.14853690599557012,
      "eval_acc": 0.96875
    },
    "20": {
      "eval_loss": 0.1360206978461065,
      "eval_acc": 0.97265625
    }
  },
  "server_evaluate_metrics": {
    "0": {
      "loss": 1.4405660927295685,
      "accuracy": 0.0109375
    },
    "1": {
      "loss": 1.0299510449171065,
      "accuracy": 0.5109375
    },
    "2": {
      "loss": 0.8970757275819778,
      "accuracy": 0.578125
    },
    "3": {
      "loss": 0.8069952398538589,
      "accuracy": 0.6421875
    },
    "4": {
      "loss": 0.6747592598199844,
      "accuracy": 0.7125
    },
    "5": {
      "loss": 0.5650867372751236,
      "accuracy": 0.7640625
    },
    "6": {
      "loss": 0.507749991118908,
      "accuracy": 0.834375
    },
    "7": {
      "loss": 0.42477967217564583,
      "accuracy": 0.884375
    },
    "8": {
      "loss": 0.3627387799322605,
      "accuracy": 0.896875
    },
    "9": {
      "loss": 0.32500602919608357,
      "accuracy": 0.9203125
    },
    "10": {
      "loss": 0.3180998731404543,
      "accuracy": 0.934375
    },
    "11": {
      "loss": 0.27385993450880053,
      "accuracy": 0.928125
    },
    "12": {
      "loss": 0.2642261140048504,
      "accuracy": 0.94375
    },
    "13": {
      "loss": 0.2573956593871117,
      "accuracy": 0.9484375
    },
    "14": {
      "loss": 0.2706514199730009,
      "accuracy": 0.9515625
    },
    "15": {
      "loss": 0.2521258950233459,
      "accuracy": 0.946875
    },
    "16": {
      "loss": 0.24709520610049368,
      "accuracy": 0.953125
    },
    "17": {
      "loss": 0.2846957901492715,
      "accuracy": 0.940625
    },
    "18": {
      "loss": 0.24187678825110198,
      "accuracy": 0.953125
    },
    "19": {
      "loss": 0.2715627827506978,
      "accuracy": 0.9515625
    },
    "20": {
      "loss": 0.24632993377745152,
      "accuracy": 0.9578125
    }
  }
}
