{
  "metadata": {
    "run_name": "main__homogeneous__metric-privacy__fedmedian__noise-0.01__seed-42",
    "data_module": "experiments.reproduce.dataset.alzheimer:create_data_module",
    "partition_mode": "homogeneous",
    "partition_profile": "auto",
    "privacy": "metric-privacy",
    "aggregation": "fedmedian",
    "seed": 42,
    "num_clients": 4,
    "rounds": 20,
    "local_epochs": 5,
    "noise_multiplier": 0.01,
    "clipping_norm": 5.0,
    "initialization_pretrained": false,
    "initialization_epochs": 0,
    "initialization_final_loss": null
  },
  "train_metrics": {
    "1": {
      "train_loss": 0.9861311609856784,
      "train_loss_mean": 1.0387896255590023,
      "metric-dp-distance": 1.6895639207214117,
      "metric-dp-noise-stdv": 0.007398358740202464
    },
    "2": {
      "train_loss": 0.9468230665661395,
      "train_loss_mean": 0.9896967941895127,
      "metric-dp-distance": 1.3447335654248793,
      "metric-dp-noise-stdv": 0.00929552167164841
    },
    "3": {
      "train_loss": 0.8993705911561847,
      "train_loss_mean": 0.9283232158981264,
      "metric-dp-distance": 1.1867142005357891,
      "metric-dp-noise-stdv": 0.010533285937217553
    },
    "4": {
      "train_loss": 0.8119203555397689,
      "train_loss_mean": 0.8653399877250194,
      "metric-dp-distance": 1.2820049400130908,
      "metric-dp-noise-stdv": 0.009750352443940161
    },
    "5": {
      "train_loss": 0.6634052861481905,
      "train_loss_mean": 0.7698154012672603,
      "metric-dp-distance": 1.2773082943167537,
      "metric-dp-noise-stdv": 0.00978620436085588
    },
    "6": {
      "train_loss": 0.5017982237040997,
      "train_loss_mean": 0.6314425468444824,
      "metric-dp-distance": 1.2856079800985754,
      "metric-dp-noise-stdv": 0.009723026142884979
    },
    "7": {
      "train_loss": 0.3542353231459856,
      "train_loss_mean": 0.49387055691331627,
      "metric-dp-distance": 1.1748314838235576,
      "metric-dp-noise-stdv": 0.010639823814831743
    },
    "8": {
      "train_loss": 0.2409764871117659,
      "train_loss_mean": 0.36475945942802357,
      "metric-dp-distance": 1.1416103371108572,
      "metric-dp-noise-stdv": 0.01094944535246108
    },
    "9": {
      "train_loss": 0.15065090340794995,
      "train_loss_mean": 0.2581785559421405,
      "metric-dp-distance": 1.1335890226376553,
      "metric-dp-noise-stdv": 0.011026924000123763
    },
    "10": {
      "train_loss": 0.11937084576493362,
      "train_loss_mean": 0.20365965451637746,
      "metric-dp-distance": 1.0317826964892447,
      "metric-dp-noise-stdv": 0.012114954091140159
    },
    "11": {
      "train_loss": 0.10145488668786129,
      "train_loss_mean": 0.16657395620641183,
      "metric-dp-distance": 1.0502489816086988,
      "metric-dp-noise-stdv": 0.01190193965325571
    },
    "12": {
      "train_loss": 0.08932326885224029,
      "train_loss_mean": 0.12854278067206903,
      "metric-dp-distance": 1.0368398451246321,
      "metric-dp-noise-stdv": 0.012055863843173824
    },
    "13": {
      "train_loss": 0.08446890069171786,
      "train_loss_mean": 0.10606870079864165,
      "metric-dp-distance": 1.0114988756831735,
      "metric-dp-noise-stdv": 0.012357898066428804
    },
    "14": {
      "train_loss": 0.08025512967651593,
      "train_loss_mean": 0.09394527838740033,
      "metric-dp-distance": 1.069104366702959,
      "metric-dp-noise-stdv": 0.011692029692619349
    },
    "15": {
      "train_loss": 0.05980243214798975,
      "train_loss_mean": 0.08164711042318232,
      "metric-dp-distance": 1.0414627500188847,
      "metric-dp-noise-stdv": 0.012002349579736135
    },
    "16": {
      "train_loss": 0.042665080210099404,
      "train_loss_mean": 0.06857552198516714,
      "metric-dp-distance": 1.065701366091768,
      "metric-dp-noise-stdv": 0.011729364714846034
    },
    "17": {
      "train_loss": 0.06389593248331948,
      "train_loss_mean": 0.06899015680173762,
      "metric-dp-distance": 1.0350243863649666,
      "metric-dp-noise-stdv": 0.012077010131036946
    },
    "18": {
      "train_loss": 0.050398765711179294,
      "train_loss_mean": 0.05748345248857731,
      "metric-dp-distance": 1.1088348402020831,
      "metric-dp-noise-stdv": 0.01127309455547221
    },
    "19": {
      "train_loss": 0.05360869525338785,
      "train_loss_mean": 0.05285960919068202,
      "metric-dp-distance": 1.1208618339151144,
      "metric-dp-noise-stdv": 0.011152132780128773
    },
    "20": {
      "train_loss": 0.03958239370922456,
      "train_loss_mean": 0.04968108727016158,
      "metric-dp-distance": 1.0972899238889415,
      "metric-dp-noise-stdv": 0.011391702163543375
    }
  },
  "client_evaluate_metrics": {
    "1": {
      "eval_loss": 1.2398974299430847,
      "eval_acc": 0.5
    },
    "2": {
      "eval_loss": 1.1192814335227013,
      "eval_acc": 0.4765625
    },
    "3": {
      "eval_loss": 1.0317628215998411,
      "eval_acc": 0.4951171875
    },
    "4": {
      "eval_loss": 0.922751946374774,
      "eval_acc": 0.5458984375
    },
    "5": {
      "eval_loss": 0.8389967102557421,
      "eval_acc": 0.576171875
    },
    "6": {
      "eval_loss": 0.7679563444107771,
      "eval_acc": 0.6220703125
    },
    "7": {
      "eval_loss": 0.6111186491325498,
      "eval_acc": 0.7275390625
    },
    "8": {
      "eval_loss": 0.4905340727418661,
      "eval_acc": 0.7861328125
    },
    "9": {
      "eval_loss": 0.4269352671690285,
      "eval_acc": 0.8203125
    },
    "10": {
      "eval_loss": 0.3760223723948002,
      "eval_acc": 0.8564453125
    },
    "11": {
      "eval_loss": 0.33198383660055697,
      "eval_acc": 0.8779296875
    },
    "12": {
      "eval_loss": 0.2525172436144203,
      "eval_acc": 0.91796875
    },
    "13": {
      "eval_loss": 0.23588063870556653,
      "eval_acc": 0.921875
    },
    "14": {
      "eval_loss": 0.22697324596811086,
      "eval_acc": 0.9287109375
    },
    "15": {
      "eval_loss": 0.21575753937941045,
      "eval_acc": 0.9384765625
    },
    "16": {
      "eval_loss": 0.20213735906872898,
      "eval_acc": 0.9375
    },
    "17": {
      "eval_loss": 0.2000045469030738,
      "eval_acc": 0.9423828125
    },
    "18": {
      "eval_loss": 0.1816717681940645,
      "eval_acc": 0.94921875
    },
    "19": {
      "eval_loss": 0.171131445618812,
      "eval_acc": 0.9501953125
    },
    "20": {
      "eval_loss": 0.1857318957336247,
      "eval_acc": 0.9541015625
    }
  },
  "server_evaluate_metrics": {
    "0": {
      "loss": 1.4405660927295685,
      "accuracy": 0.0109375
    },
    "1": {
      "loss": 1.237851732969284,
      "accuracy": 0.4953125
    },
    "2": {
      "loss": 1.1082434952259064,
      "accuracy": 0.49375
    },
    "3": {
      "loss": 1.022764202952385,
      "accuracy": 0.5
    },
    "4": {
      "loss": 0.9158049494028091,
      "accuracy": 0.5625
    },
    "5": {
      "loss": 0.8396883904933929,
      "accuracy": 0.6078125
    },
    "6": {
      "loss": 0.7756872445344924,
      "accuracy": 0.646875
    },
    "7": {
      "loss": 0.6375160306692124,
      "accuracy": 0.7328125
    },
    "8": {
      "loss": 0.5471878796815872,
      "accuracy": 0.775
    },
    "9": {
      "loss": 0.47751987278461455,
      "accuracy": 0.81875
    },
    "10": {
      "loss": 0.4462488524615765,
      "accuracy": 0.8453125
    },
    "11": {
      "loss": 0.4204309657216072,
      "accuracy": 0.8765625
    },
    "12": {
      "loss": 0.3580413706600666,
      "accuracy": 0.896875
    },
    "13": {
      "loss": 0.31393978409469125,
      "accuracy": 0.9171875
    },
    "14": {
      "loss": 0.32009016871452334,
      "accuracy": 0.9140625
    },
    "15": {
      "loss": 0.30423590652644633,
      "accuracy": 0.91875
    },
    "16": {
      "loss": 0.32054850794374945,
      "accuracy": 0.928125
    },
    "17": {
      "loss": 0.29709540829062464,
      "accuracy": 0.928125
    },
    "18": {
      "loss": 0.2741799233481288,
      "accuracy": 0.9421875
    },