{
  "metadata": {
    "run_name": "main__homogeneous__metric-privacy__fedavg__noise-0.01__seed-45",
    "data_module": "experiments.reproduce.dataset.alzheimer:create_data_module",
    "partition_mode": "homogeneous",
    "partition_profile": "auto",
    "privacy": "metric-privacy",
    "aggregation": "fedavg",
    "seed": 45,
    "num_clients": 4,
    "rounds": 20,
    "local_epochs": 5,
    "noise_multiplier": 0.01,
    "clipping_norm": 5.0,
    "initialization_pretrained": false,
    "initialization_epochs": 0,
    "initialization_final_loss": null
  },
  "train_metrics": {
    "1": {
      "train_loss": 1.0109185324981809,
      "train_loss_mean": 1.0610556013882162,
      "metric-dp-distance": 1.7547871394393344,
      "metric-dp-noise-stdv": 0.007123371102431164
    },
    "2": {
      "train_loss": 0.9225395284593105,
      "train_loss_mean": 0.9938905560411513,
      "metric-dp-distance": 1.8417667370134343,
      "metric-dp-noise-stdv": 0.006786961534699941
    },
    "3": {
      "train_loss": 0.8468656903132796,
      "train_loss_mean": 0.9319227796047926,
      "metric-dp-distance": 1.8420651771205787,
      "metric-dp-noise-stdv": 0.006785861952799822
    },
    "4": {
      "train_loss": 0.7229815511964262,
      "train_loss_mean": 0.844856516364962,
      "metric-dp-distance": 1.7487438204698265,
      "metric-dp-noise-stdv": 0.0071479880893255635
    },
    "5": {
      "train_loss": 0.5743024835828692,
      "train_loss_mean": 0.7376627883873881,
      "metric-dp-distance": 1.7929074986216922,
      "metric-dp-noise-stdv": 0.006971915734419899
    },
    "6": {
      "train_loss": 0.41486171644646674,
      "train_loss_mean": 0.6154853411251678,
      "metric-dp-distance": 1.6993771937753384,
      "metric-dp-noise-stdv": 0.007355635962272735
    },
    "7": {
      "train_loss": 0.26927259826334193,
      "train_loss_mean": 0.4825066133285873,
      "metric-dp-distance": 1.6885368014142539,
      "metric-dp-noise-stdv": 0.007402859084581679
    },
    "8": {
      "train_loss": 0.18891611651633866,
      "train_loss_mean": 0.3842776261211839,
      "metric-dp-distance": 1.5912534677578758,
      "metric-dp-noise-stdv": 0.007855442425280542
    },
    "9": {
      "train_loss": 0.16847456962568685,
      "train_loss_mean": 0.30793647104292177,
      "metric-dp-distance": 1.473335593085115,
      "metric-dp-noise-stdv": 0.008484149883208496
    },
    "10": {
      "train_loss": 0.1142919241101481,
      "train_loss_mean": 0.22477500668319408,
      "metric-dp-distance": 1.4150962040293962,
      "metric-dp-noise-stdv": 0.008833321695307391
    },
    "11": {
      "train_loss": 0.10089608352427604,
      "train_loss_mean": 0.17651165014103753,
      "metric-dp-distance": 1.3618923695757985,
      "metric-dp-noise-stdv": 0.009178405195040113
    },
    "12": {
      "train_loss": 0.08130686476943083,
      "train_loss_mean": 0.1398138969507272,
      "metric-dp-distance": 1.291312115965411,
      "metric-dp-noise-stdv": 0.00968007644740075
    },
    "13": {
      "train_loss": 0.072301338217585,
      "train_loss_mean": 0.11855315253415029,
      "metric-dp-distance": 1.3284947633898507,
      "metric-dp-noise-stdv": 0.009409145105024278
    },
    "14": {
      "train_loss": 0.0571791373195083,
      "train_loss_mean": 0.0933877525088974,
      "metric-dp-distance": 1.3201890180353075,
      "metric-dp-noise-stdv": 0.009468341146029513
    },
    "15": {
      "train_loss": 0.04719852900097976,
      "train_loss_mean": 0.08225082153321636,
      "metric-dp-distance": 1.3748896619460236,
      "metric-dp-noise-stdv": 0.009091638657248654
    },
    "16": {
      "train_loss": 0.03479036608496244,
      "train_loss_mean": 0.07273304811806156,
      "metric-dp-distance": 1.292960447569688,
      "metric-dp-noise-stdv": 0.009667735794622035
    },
    "17": {
      "train_loss": 0.04333399043116515,
      "train_loss_mean": 0.06430275188517953,
      "metric-dp-distance": 1.3926750016398728,
      "metric-dp-noise-stdv": 0.008975532687296941
    },
    "18": {
      "train_loss": 0.039854180045040266,
      "train_loss_mean": 0.06138760204403298,
      "metric-dp-distance": 1.4210628284296642,
      "metric-dp-noise-stdv": 0.00879623317838314
    },
    "19": {
      "train_loss": 0.044554017326163375,
      "train_loss_mean": 0.053538344957360096,
      "metric-dp-distance": 1.491556371639793,
      "metric-dp-noise-stdv": 0.00838050792961831
    },
    "20": {
      "train_loss": 0.0506187647634988,
      "train_loss_mean": 0.051820266569075096,
      "metric-dp-distance": 1.5032672938735534,
      "metric-dp-noise-stdv": 0.008315221152580621
    }
  },
  "client_evaluate_metrics": {
    "1": {
      "eval_loss": 1.1935144625604153,
      "eval_acc": 0.5
    },
    "2": {
      "eval_loss": 1.054579857736826,
      "eval_acc": 0.51171875
    },
    "3": {
      "eval_loss": 0.9958793967962265,
      "eval_acc": 0.54296875
    },
    "4": {
      "eval_loss": 0.9124819524586201,
      "eval_acc": 0.5771484375
    },
    "5": {
      "eval_loss": 0.8382271658629179,
      "eval_acc": 0.609375
    },
    "6": {
      "eval_loss": 0.7423342168331146,
      "eval_acc": 0.6669921875
    },
    "7": {
      "eval_loss": 0.6428071893751621,
      "eval_acc": 0.7099609375
    },
    "8": {
      "eval_loss": 0.5414714915677905,
      "eval_acc": 0.7744140625
    },
    "9": {
      "eval_loss": 0.4628066411241889,
      "eval_acc": 0.8037109375
    },
    "10": {
      "eval_loss": 0.40754578076303005,
      "eval_acc": 0.837890625
    },
    "11": {
      "eval_loss": 0.3349291146732867,
      "eval_acc": 0.876953125
    },
    "12": {
      "eval_loss": 0.31955499667674303,
      "eval_acc": 0.9013671875
    },
    "13": {
      "eval_loss": 0.295003870036453,
      "eval_acc": 0.900390625
    },
    "14": {
      "eval_loss": 0.25096665683668107,
      "eval_acc": 0.923828125
    },
    "15": {
      "eval_loss": 0.23720209492603317,
      "eval_acc": 0.9267578125
    },
    "16": {
      "eval_loss": 0.21477213365142234,
      "eval_acc": 0.9423828125
    },
    "17": {
      "eval_loss": 0.1977393968263641,
      "eval_acc": 0.9443359375
    },
    "18": {
      "eval_loss": 0.20002961705904454,
      "eval_acc": 0.9462890625
    },
    "19": {
      "eval_loss": 0.1799015802971553,
      "eval_acc": 0.9501953125
    },
    "20": {
      "eval_loss": 0.17821503887535073,
      "eval_acc": 0.9501953125
    }
  },
  "server_evaluate_metrics": {
    "0": {
      "loss": 1.444567507505417,
      "accuracy": 0.0109375
    },
    "1": {
      "loss": 1.1929876446723937,
      "accuracy": 0.4953125
    },
    "2": {
      "loss": 1.054124441742897,
      "accuracy": 0.5015625
    },
    "3": {
      "loss": 0.9963419497013092,
      "accuracy": 0.51875
    },
    "4": {
      "loss": 0.920220348238945,
      "accuracy": 0.54375
    },
    "5": {
      "loss": 0.8554927557706833,
      "accuracy": 0.590625
    },
    "6": {
      "loss": 0.7748792171478271,
      "accuracy": 0.634375
    },
    "7": {
      "loss": 0.6824887365102768,
      "accuracy": 0.709375
    },
    "8": {
      "loss": 0.5978962242603302,
      "accuracy": 0.7546875
    },
    "9": {
      "loss": 0.5158346101641655,
      "accuracy": 0.803125
    },
    "10": {
      "loss": 0.47289095669984815,
      "accuracy": 0.83125
    },
    "11": {
      "loss": 0.3972140081226826,
      "accuracy": 0.853125
    },
    "12": {
      "loss": 0.4152124717831612,
      "accuracy": 0.8703125
    },
    "13": {
      "loss": 0.37107916437089444,
      "accuracy": 0.890625
    },
    "14": {
      "loss": 0.33554941937327387,
      "accuracy": 0.90625
    },
    "15": {
      "loss": 0.3381987700238824,
      "accuracy": 0.9234375
    },
    "16": {
      "loss": 0.2609969980083406,
      "accuracy": 0.93125
    },
    "17": {
      "loss": 0.2457766905426979,
      "accuracy": 0.9359375
    },
    "18": {
      "loss": 0.2609440661966801,
      "accuracy": 0.9328125
    },