{
  "metadata": {
    "run_name": "main__homogeneous__metric-privacy__fedavg__noise-0.01__seed-42",
    "data_module": "experiments.reproduce.dataset.alzheimer:create_data_module",
    "partition_mode": "homogeneous",
    "partition_profile": "auto",
    "privacy": "metric-privacy",
    "aggregation": "fedavg",
    "seed": 42,
    "num_clients": 4,
    "rounds": 20,
    "local_epochs": 5,
    "noise_multiplier": 0.01,
    "clipping_norm": 5.0,
    "initialization_pretrained": false,
    "initialization_epochs": 0,
    "initialization_final_loss": null
  },
  "train_metrics": {
    "1": {
      "train_loss": 0.979467888828367,
      "train_loss_mean": 1.0348003969527781,
      "metric-dp-distance": 1.7698472649790347,
      "metric-dp-noise-stdv": 0.007062756344767452
    },
    "2": {
      "train_loss": 0.9516540244221687,
      "train_loss_mean": 0.9916289168410004,
      "metric-dp-distance": 1.2968866008644302,
      "metric-dp-noise-stdv": 0.009638467998411131
    },
    "3": {
      "train_loss": 0.8742916290648282,
      "train_loss_mean": 0.9190441857092082,
      "metric-dp-distance": 1.3962789751434077,
      "metric-dp-noise-stdv": 0.008952365696630334
    },
    "4": {
      "train_loss": 0.7558149169199169,
      "train_loss_mean": 0.8413187293335795,
      "metric-dp-distance": 1.470940346053491,
      "metric-dp-noise-stdv": 0.008497965286992974
    },
    "5": {
      "train_loss": 0.5959463675972074,
      "train_loss_mean": 0.7383992955088615,
      "metric-dp-distance": 1.4059792408564438,
      "metric-dp-noise-stdv": 0.00889060068368129
    },
    "6": {
      "train_loss": 0.4710231119534001,
      "train_loss_mean": 0.6086982040898874,
      "metric-dp-distance": 1.369497193256393,
      "metric-dp-noise-stdv": 0.009127437472345215
    },
    "7": {
      "train_loss": 0.3335984123405069,
      "train_loss_mean": 0.4802128059789538,
      "metric-dp-distance": 1.3313590597050886,
      "metric-dp-noise-stdv": 0.009388902196503545
    },
    "8": {
      "train_loss": 0.20967976871179417,
      "train_loss_mean": 0.3463584857061505,
      "metric-dp-distance": 1.2377549971376236,
      "metric-dp-noise-stdv": 0.01009892913291155
    },
    "9": {
      "train_loss": 0.14602725403528893,
      "train_loss_mean": 0.2511043032878661,
      "metric-dp-distance": 1.1896981170478587,
      "metric-dp-noise-stdv": 0.010506867095845926
    },
    "10": {
      "train_loss": 0.09931316454458283,
      "train_loss_mean": 0.19209275959146907,
      "metric-dp-distance": 1.1663057960104197,
      "metric-dp-noise-stdv": 0.010717600857990013
    },
    "11": {
      "train_loss": 0.07087740177485102,
      "train_loss_mean": 0.14322400075725455,
      "metric-dp-distance": 1.060560306456561,
      "metric-dp-noise-stdv": 0.011786222738963107
    },
    "12": {
      "train_loss": 0.09494802439803607,
      "train_loss_mean": 0.12609162533553897,
      "metric-dp-distance": 1.1294405542624493,
      "metric-dp-noise-stdv": 0.01106742621630298
    },
    "13": {
      "train_loss": 0.08156444730775547,
      "train_loss_mean": 0.10804699621075997,
      "metric-dp-distance": 1.099286934050421,
      "metric-dp-noise-stdv": 0.01137100752570817
    },
    "14": {
      "train_loss": 0.06105087891955918,
      "train_loss_mean": 0.09086044172145193,
      "metric-dp-distance": 1.2150709135457873,
      "metric-dp-noise-stdv": 0.010287465415103086
    },
    "15": {
      "train_loss": 0.04098283931398328,
      "train_loss_mean": 0.06655560413037165,
      "metric-dp-distance": 1.0431289137341082,
      "metric-dp-noise-stdv": 0.011983178527046591
    },
    "16": {
      "train_loss": 0.06805480808498032,
      "train_loss_mean": 0.0732773111273673,
      "metric-dp-distance": 1.2055892730131745,
      "metric-dp-noise-stdv": 0.010368373607670116
    },
    "17": {
      "train_loss": 0.04706056601025921,
      "train_loss_mean": 0.06237702481030282,
      "metric-dp-distance": 1.2003891210382183,
      "metric-dp-noise-stdv": 0.010413289974828106
    },
    "18": {
      "train_loss": 0.05485270489020877,
      "train_loss_mean": 0.055363084550799614,
      "metric-dp-distance": 1.1695075305954863,
      "metric-dp-noise-stdv": 0.010688259522053087
    },
    "19": {
      "train_loss": 0.05907969277313896,
      "train_loss_mean": 0.05130271314299079,
      "metric-dp-distance": 1.273749028487752,
      "metric-dp-noise-stdv": 0.009813550173883565
    },
    "20": {
      "train_loss": 0.03706738484606831,
      "train_loss_mean": 0.04735486169040541,
      "metric-dp-distance": 1.261732185414682,
      "metric-dp-noise-stdv": 0.009907015248161986
    }
  },
  "client_evaluate_metrics": {
    "1": {
      "eval_loss": 1.2339805960655212,
      "eval_acc": 0.5
    },
    "2": {
      "eval_loss": 1.13298699259758,
      "eval_acc": 0.51953125
    },
    "3": {
      "eval_loss": 1.0299289096146822,
      "eval_acc": 0.5380859375
    },
    "4": {
      "eval_loss": 0.899958323687315,
      "eval_acc": 0.607421875
    },
    "5": {
      "eval_loss": 0.8369112964719534,
      "eval_acc": 0.5908203125
    },
    "6": {
      "eval_loss": 0.7601403761655092,
      "eval_acc": 0.63671875
    },
    "7": {
      "eval_loss": 0.6319324057549238,
      "eval_acc": 0.712890625
    },
    "8": {
      "eval_loss": 0.4963144212961197,
      "eval_acc": 0.78515625
    },
    "9": {
      "eval_loss": 0.39680536836385727,
      "eval_acc": 0.830078125
    },
    "10": {
      "eval_loss": 0.32598530407994986,
      "eval_acc": 0.875
    },
    "11": {
      "eval_loss": 0.2692185463383794,
      "eval_acc": 0.8974609375
    },
    "12": {
      "eval_loss": 0.22943106153979897,
      "eval_acc": 0.923828125
    },
    "13": {
      "eval_loss": 0.21247147908434272,
      "eval_acc": 0.93359375
    },
    "14": {
      "eval_loss": 0.21117126801982522,
      "eval_acc": 0.93359375
    },
    "15": {
      "eval_loss": 0.2027365984977223,
      "eval_acc": 0.9375
    },
    "16": {
      "eval_loss": 0.18321271880995482,
      "eval_acc": 0.947265625
    },
    "17": {
      "eval_loss": 0.20874566861311905,
      "eval_acc": 0.9443359375
    },
    "18": {
      "eval_loss": 0.17434991835034452,
      "eval_acc": 0.9501953125
    },
    "19": {
      "eval_loss": 0.15424642109428532,
      "eval_acc": 0.9580078125
    },
    "20": {
      "eval_loss": 0.1427536383853294,
      "eval_acc": 0.96875
    }
  },
  "server_evaluate_metrics": {
    "0": {
      "loss": 1.4405660927295685,
      "accuracy": 0.0109375
    },
    "1": {
      "loss": 1.2316149652004242,
      "accuracy": 0.4953125
    },
    "2": {
      "loss": 1.1232535183429717,
      "accuracy": 0.53125
    },
    "3": {
      "loss": 1.0203566998243332,
      "accuracy": 0.5640625
    },
    "4": {
      "loss": 0.8961034506559372,
      "accuracy": 0.6125
    },
    "5": {
      "loss": 0.8391188114881516,
      "accuracy": 0.621875
    },
    "6": {
      "loss": 0.7583926916122437,
      "accuracy": 0.665625
    },
    "7": {
      "loss": 0.6516335546970368,
      "accuracy": 0.7109375
    },
    "8": {
      "loss": 0.5597513452172279,
      "accuracy": 0.7765625
    },
    "9": {
      "loss": 0.4855257585644722,
      "accuracy": 0.815625
    },
    "10": {
      "loss": 0.4475450962781906,
      "accuracy": 0.853125
    },
    "11": {
      "loss": 0.3828717827796936,
      "accuracy": 0.890625
    },
    "12": {
      "loss": 0.34584416039288046,
      "accuracy": 0.9140625
    },
    "13": {
      "loss": 0.3070877410471439,
      "accuracy": 0.925
    },
    "14": {
      "loss": 0.3041106045246124,
      "accuracy": 0.9265625
    },
    "15": {
      "loss": 0.323969423212111,
      "accuracy": 0.9359375
    },
    "16": {
      "loss": 0.29948052763938904,
      "accuracy": 0.946875
    },
    "17": {
      "loss": 0.2938715904019773,
      "accuracy": 0.946875
    },
    "18": {
      "loss": 0.2805293102748692,
      "accuracy": 0.9453125
    },