{
  "metadata": {
    "run_name": "main__homogeneous__vanilla__fedavg__noise-0.01__seed-42",
    "data_module": "experiments.reproduce.dataset.alzheimer:create_data_module",
    "partition_mode": "homogeneous",
    "partition_profile": "auto",
    "privacy": "vanilla",
    "aggregation": "fedavg",
    "seed": 42,
    "num_clients": 4,
    "rounds": 20,
    "local_epochs": 5,
    "noise_multiplier": 0.01,
    "clipping_norm": 5.0,
    "initialization_pretrained": false,
    "initialization_epochs": 0,
    "initialization_final_loss": null
  },
  "train_metrics": {
    "1": {
      "train_loss": 0.9753848831169307,
      "train_loss_mean": 1.0359275944530963
    },
    "2": {
      "train_loss": 0.87962746899575,
      "train_loss_mean": 0.9291267044842244
    },
    "3": {
      "train_loss": 0.6959129415918142,
      "train_loss_mean": 0.8040899770800024
    },
    "4": {
      "train_loss": 0.4061121930135414,
      "train_loss_mean": 0.577720557875
    },
    "5": {
      "train_loss": 0.183849218825344,
      "train_loss_mean": 0.3238179803360254
    },
    "6": {
      "train_loss": 0.08912720467196777,
      "train_loss_mean": 0.18392128983978182
    },
    "7": {
      "train_loss": 0.06201659592807118,
      "train_loss_mean": 0.11938990456001193
    },
    "8": {
      "train_loss": 0.05371383224883175,
      "train_loss_mean": 0.09151036110815768
    },
    "9": {
      "train_loss": 0.04903255939916562,
      "train_loss_mean": 0.06259808852937568
    },
    "10": {
      "train_loss": 0.03503574976775781,
      "train_loss_mean": 0.05229102412904467
    },
    "11": {
      "train_loss": 0.04658242559253267,
      "train_loss_mean": 0.049116510448766346
    },
    "12": {
      "train_loss": 0.03971038967415552,
      "train_loss_mean": 0.04308679163839315
    },
    "13": {
      "train_loss": 0.03953200571419302,
      "train_loss_mean": 0.0378370621949216
    },
    "14": {
      "train_loss": 0.02898598894512361,
      "train_loss_mean": 0.03100073781077981
    },
    "15": {
      "train_loss": 0.021573379407698212,
      "train_loss_mean": 0.026466574212219738
    },
    "16": {
      "train_loss": 0.036687764998177386,
      "train_loss_mean": 0.033620958000129875
    },
    "17": {
      "train_loss": 0.040999710034213876,
      "train_loss_mean": 0.026000402631154176
    },
    "18": {
      "train_loss": 0.02679072283365258,
      "train_loss_mean": 0.021039147333506845
    },
    "19": {
      "train_loss": 0.0276200937639679,
      "train_loss_mean": 0.025383134059007717
    },
    "20": {
      "train_loss": 0.029098551283681218,
      "train_loss_mean": 0.0220035165837686
    }
  },
  "client_evaluate_metrics": {
    "1": {
      "eval_loss": 1.0595669113099575,
      "eval_acc": 0.5107421875
    },
    "2": {
      "eval_loss": 0.8961910381913185,
      "eval_acc": 0.5712890625
    },
    "3": {
      "eval_loss": 0.7800695728510618,
      "eval_acc": 0.6357421875
    },
    "4": {
      "eval_loss": 0.5613664444535971,
      "eval_acc": 0.744140625
    },
    "5": {
      "eval_loss": 0.3651733724400401,
      "eval_acc": 0.8427734375
    },
    "6": {
      "eval_loss": 0.28769148350693285,
      "eval_acc": 0.8876953125
    },
    "7": {
      "eval_loss": 0.21533849404659122,
      "eval_acc": 0.916015625
    },
    "8": {
      "eval_loss": 0.18807930801995099,
      "eval_acc": 0.9306640625
    },
    "9": {
      "eval_loss": 0.16391955432482064,
      "eval_acc": 0.9443359375
    },
    "10": {
      "eval_loss": 0.130485068395501,
      "eval_acc": 0.958984375
    },
    "11": {
      "eval_loss": 0.12549567309906706,
      "eval_acc": 0.96484375
    },
    "12": {
      "eval_loss": 0.1330867783690337,
      "eval_acc": 0.9658203125
    },
    "13": {
      "eval_loss": 0.12086839415133,
      "eval_acc": 0.970703125
    },
    "14": {
      "eval_loss": 0.1223938188777538,
      "eval_acc": 0.966796875
    },
    "15": {
      "eval_loss": 0.14526753758764244,
      "eval_acc": 0.9677734375
    },
    "16": {
      "eval_loss": 0.1054026928904932,
      "eval_acc": 0.9736328125
    },
    "17": {
      "eval_loss": 0.10917595977662131,
      "eval_acc": 0.9736328125
    },
    "18": {
      "eval_loss": 0.12158271635144047,
      "eval_acc": 0.97265625
    },
    "19": {
      "eval_loss": 0.11452624408411793,
      "eval_acc": 0.9765625
    },
    "20": {
      "eval_loss": 0.1287318122049328,
      "eval_acc": 0.9638671875
    }
  },
  "server_evaluate_metrics": {
    "0": {
      "loss": 1.4405660927295685,
      "accuracy": 0.0109375
    },
    "1": {
      "loss": 1.0498127043247223,
      "accuracy": 0.5125
    },
    "2": {
      "loss": 0.8922192454338074,
      "accuracy": 0.584375
    },
    "3": {
      "loss": 0.8064815491437912,
      "accuracy": 0.6421875
    },
    "4": {
      "loss": 0.6252628207206726,
      "accuracy": 0.7390625
    },
    "5": {
      "loss": 0.47903323620557786,
      "accuracy": 0.828125
    },
    "6": {
      "loss": 0.42562560737133026,
      "accuracy": 0.89375
    },
    "7": {
      "loss": 0.3352483566850424,
      "accuracy": 0.91875
    },
    "8": {
      "loss": 0.34954171907156706,
      "accuracy": 0.921875
    },
    "9": {
      "loss": 0.3194185424596071,
      "accuracy": 0.9390625
    },
    "10": {
      "loss": 0.28867647228762505,
      "accuracy": 0.9421875
    },
    "11": {
      "loss": 0.3098830135539174,
      "accuracy": 0.9453125
    },
    "12": {
      "loss": 0.27632805514149367,
      "accuracy": 0.940625
    },
    "13": {
      "loss": 0.25927734659053386,
      "accuracy": 0.95
    },
    "14": {
      "loss": 0.28018131097778676,
      "accuracy": 0.946875
    },
    "15": {
      "loss": 0.3075522042578086,
      "accuracy": 0.9453125
    },
    "16": {
      "loss": 0.22936260662972927,
      "accuracy": 0.959375
    },
    "17": {
      "loss": 0.24028498539701104,
      "accuracy": 0.9609375
    },
    "18": {
      "loss": 0.20041770938551054,
      "accuracy": 0.965625
    },
    "19": {
      "loss": 0.2018503815517761,
      "accuracy": 0.9578125
    },
    "20": {
      "loss": 0.15919359670951963,
      "accuracy": 0.9609375
    }
  }
}
