{
  "metadata": {
    "run_name": "main__homogeneous__vanilla__fedprox__noise-0.01__seed-44",
    "data_module": "experiments.reproduce.dataset.alzheimer:create_data_module",
    "partition_mode": "homogeneous",
    "partition_profile": "auto",
    "privacy": "vanilla",
    "aggregation": "fedprox",
    "seed": 44,
    "num_clients": 4,
    "rounds": 20,
    "local_epochs": 5,
    "noise_multiplier": 0.01,
    "clipping_norm": 5.0,
    "initialization_pretrained": false,
    "initialization_epochs": 0,
    "initialization_final_loss": null
  },
  "train_metrics": {
    "1": {
      "train_loss": 1.1878588614054024,
      "train_loss_mean": 1.2221489031799138
    },
    "2": {
      "train_loss": 1.1009106049314141,
      "train_loss_mean": 1.100150408130139
    },
    "3": {
      "train_loss": 1.0817869203165174,
      "train_loss_mean": 1.0776984381489456
    },
    "4": {
      "train_loss": 1.0709759574383497,
      "train_loss_mean": 1.06733260108158
    },
    "5": {
      "train_loss": 1.0652739806100726,
      "train_loss_mean": 1.0623086595907807
    },
    "6": {
      "train_loss": 1.0621560346335173,
      "train_loss_mean": 1.0589690227992832
    },
    "7": {
      "train_loss": 1.0601112078875303,
      "train_loss_mean": 1.0577942293137312
    },
    "8": {
      "train_loss": 1.0534757454879582,
      "train_loss_mean": 1.0540273987688125
    },
    "9": {
      "train_loss": 1.0537617513909936,
      "train_loss_mean": 1.0534004706889393
    },
    "10": {
      "train_loss": 1.0510354358702898,
      "train_loss_mean": 1.0510208009742201
    },
    "11": {
      "train_loss": 1.05016652867198,
      "train_loss_mean": 1.0494024770334365
    },
    "12": {
      "train_loss": 1.048708122689277,
      "train_loss_mean": 1.0474182780832053
    },
    "13": {
      "train_loss": 1.044889665208757,
      "train_loss_mean": 1.0449829077348114
    },
    "14": {
      "train_loss": 1.0473988964222372,
      "train_loss_mean": 1.0444832069799304
    },
    "15": {
      "train_loss": 1.0455880030058324,
      "train_loss_mean": 1.042722593434155
    },
    "16": {
      "train_loss": 1.042890153825283,
      "train_loss_mean": 1.0396708369255065
    },
    "17": {
      "train_loss": 1.0391820804215968,
      "train_loss_mean": 1.035528707690537
    },
    "18": {
      "train_loss": 1.0317468508146703,
      "train_loss_mean": 1.03076586201787
    },
    "19": {
      "train_loss": 1.0296203019097447,
      "train_loss_mean": 1.026173203997314
    },
    "20": {
      "train_loss": 1.0262089115567505,
      "train_loss_mean": 1.0198175247758627
    }
  },
  "client_evaluate_metrics": {
    "1": {
      "eval_loss": 1.0453590974211693,
      "eval_acc": 0.5
    },
    "2": {
      "eval_loss": 1.0369681250303984,
      "eval_acc": 0.5
    },
    "3": {
      "eval_loss": 1.0362105444073677,
      "eval_acc": 0.5
    },
    "4": {
      "eval_loss": 1.036024173721671,
      "eval_acc": 0.5
    },
    "5": {
      "eval_loss": 1.0350442994385958,
      "eval_acc": 0.5
    },
    "6": {
      "eval_loss": 1.0336260627955198,
      "eval_acc": 0.5
    },
    "7": {
      "eval_loss": 1.034145688638091,
      "eval_acc": 0.5
    },
    "8": {
      "eval_loss": 1.0325469858944416,
      "eval_acc": 0.5
    },
    "9": {
      "eval_loss": 1.031230067834258,
      "eval_acc": 0.5
    },
    "10": {
      "eval_loss": 1.0300861708819866,
      "eval_acc": 0.5
    },
    "11": {
      "eval_loss": 1.0280720572918653,
      "eval_acc": 0.5
    },
    "12": {
      "eval_loss": 1.0255828630179167,
      "eval_acc": 0.5
    },
    "13": {
      "eval_loss": 1.0225636810064316,
      "eval_acc": 0.5
    },
    "14": {
      "eval_loss": 1.0188915748149157,
      "eval_acc": 0.5
    },
    "15": {
      "eval_loss": 1.0137728229165077,
      "eval_acc": 0.5
    },
    "16": {
      "eval_loss": 1.0067917965352535,
      "eval_acc": 0.5009765625
    },
    "17": {
      "eval_loss": 0.9992852229624987,
      "eval_acc": 0.5009765625
    },
    "18": {
      "eval_loss": 0.9922520574182272,
      "eval_acc": 0.5048828125
    },
    "19": {
      "eval_loss": 0.9836323596537113,
      "eval_acc": 0.509765625
    },
    "20": {
      "eval_loss": 0.9733473546802998,
      "eval_acc": 0.5126953125
    }
  },
  "server_evaluate_metrics": {
    "0": {
      "loss": 1.390574312210083,
      "accuracy": 0.4953125
    },
    "1": {
      "loss": 1.0394424229860306,
      "accuracy": 0.4953125
    },
    "2": {
      "loss": 1.0288840711116791,
      "accuracy": 0.4953125
    },
    "3": {
      "loss": 1.0291061341762542,
      "accuracy": 0.4953125
    },
    "4": {
      "loss": 1.028537929058075,
      "accuracy": 0.4953125
    },
    "5": {
      "loss": 1.0282576888799668,
      "accuracy": 0.4953125
    },
    "6": {
      "loss": 1.0268623739480973,
      "accuracy": 0.4953125
    },
    "7": {
      "loss": 1.0272027403116226,
      "accuracy": 0.4953125
    },
    "8": {
      "loss": 1.0261038303375245,
      "accuracy": 0.4953125
    },
    "9": {
      "loss": 1.0251022666692733,
      "accuracy": 0.4953125
    },
    "10": {
      "loss": 1.0237711727619172,
      "accuracy": 0.4953125
    },
    "11": {
      "loss": 1.022062423825264,
      "accuracy": 0.4953125
    },
    "12": {
      "loss": 1.0197875261306764,
      "accuracy": 0.4953125
    },
    "13": {
      "loss": 1.017129945755005,
      "accuracy": 0.4953125
    },
    "14": {
      "loss": 1.0139958441257477,
      "accuracy": 0.4953125
    },
    "15": {
      "loss": 1.0098282992839813,
      "accuracy": 0.4953125
    },
    "16": {
      "loss": 1.0038154184818269,
      "accuracy": 0.4953125
    },
    "17": {
      "loss": 0.9980428397655488,
      "accuracy": 0.496875
    },
    "18": {
      "loss": 0.9926281601190567,
      "accuracy": 0.5046875
    },
    "19": {
      "loss": 0.986181965470314,
      "accuracy": 0.509375
    },
    "20": {
      "loss": 0.9785351395606995,
      "accuracy": 0.5078125
    }
  }
}
