{
  "metadata": {
    "run_name": "main__homogeneous__metric-privacy__fedavgm__noise-0.01__seed-42",
    "data_module": "experiments.reproduce.dataset.alzheimer:create_data_module",
    "partition_mode": "homogeneous",
    "partition_profile": "auto",
    "privacy": "metric-privacy",
    "aggregation": "fedavgm",
    "seed": 42,
    "num_clients": 4,
    "rounds": 20,
    "local_epochs": 5,
    "noise_multiplier": 0.01,
    "clipping_norm": 5.0,
    "initialization_pretrained": true,
    "initialization_epochs": 20,
    "initialization_final_loss": 0.4636210426688194
  },
  "train_metrics": {
    "1": {
      "train_loss": 0.5107987560331821,
      "train_loss_mean": 0.6715079188812524,
      "metric-dp-distance": 1.805803815368563,
      "metric-dp-noise-stdv": 0.006922125146495364
    },
    "2": {
      "train_loss": 0.5039584181504324,
      "train_loss_mean": 0.66895803574007,
      "metric-dp-distance": 1.7556660828801494,
      "metric-dp-noise-stdv": 0.007119804911588826
    },
    "3": {
      "train_loss": 0.4673953027231619,
      "train_loss_mean": 0.6448485186090693,
      "metric-dp-distance": 1.7956391336241115,
      "metric-dp-noise-stdv": 0.006961309633952696
    },
    "4": {
      "train_loss": 0.44025837257504463,
      "train_loss_mean": 0.6202430282719433,
      "metric-dp-distance": 1.7818631095190842,
      "metric-dp-noise-stdv": 0.007015129239290266
    },
    "5": {
      "train_loss": 0.41839999717194587,
      "train_loss_mean": 0.6048610436962918,
      "metric-dp-distance": 1.8287743668382366,
      "metric-dp-noise-stdv": 0.00683517891909827
    },
    "6": {
      "train_loss": 0.387885969132185,
      "train_loss_mean": 0.5836726986337453,
      "metric-dp-distance": 1.8166903126984835,
      "metric-dp-noise-stdv": 0.0068806443853563
    },
    "7": {
      "train_loss": 0.3774802781990729,
      "train_loss_mean": 0.5719453246681951,
      "metric-dp-distance": 1.7567048631608486,
      "metric-dp-noise-stdv": 0.0071155948060100905
    },
    "8": {
      "train_loss": 0.3274097490357235,
      "train_loss_mean": 0.5367165055591613,
      "metric-dp-distance": 1.7659474070339154,
      "metric-dp-noise-stdv": 0.007078353494680227
    },
    "9": {
      "train_loss": 0.30755283957114443,
      "train_loss_mean": 0.5160651298123412,
      "metric-dp-distance": 1.7575427206854026,
      "metric-dp-noise-stdv": 0.007112202652533691
    },
    "10": {
      "train_loss": 0.2764791795052588,
      "train_loss_mean": 0.4883874627528712,
      "metric-dp-distance": 1.7560368386718135,
      "metric-dp-noise-stdv": 0.00711830169203878
    },
    "11": {
      "train_loss": 0.2640387141145766,
      "train_loss_mean": 0.4713713437551632,
      "metric-dp-distance": 1.7112325492004554,
      "metric-dp-noise-stdv": 0.0073046763900326776
    },
    "12": {
      "train_loss": 0.2274082216899842,
      "train_loss_mean": 0.44251167525071655,
      "metric-dp-distance": 1.7525910845336814,
      "metric-dp-noise-stdv": 0.007132296923287113
    },
    "13": {
      "train_loss": 0.22366890823468566,
      "train_loss_mean": 0.4191988657810725,
      "metric-dp-distance": 1.7390515027412523,
      "metric-dp-noise-stdv": 0.007187826226133242
    },
    "14": {
      "train_loss": 0.20945040514925495,
      "train_loss_mean": 0.4030727611505427,
      "metric-dp-distance": 1.6876075409430389,
      "metric-dp-noise-stdv": 0.007406935378479628
    },
    "15": {
      "train_loss": 0.20224277500528842,
      "train_loss_mean": 0.3812117609078996,
      "metric-dp-distance": 1.6946941973486294,
      "metric-dp-noise-stdv": 0.0073759619992541485
    },
    "16": {
      "train_loss": 0.19261923056910746,
      "train_loss_mean": 0.356422775745159,
      "metric-dp-distance": 1.6793352529251326,
      "metric-dp-noise-stdv": 0.007443421424177814
    },
    "17": {
      "train_loss": 0.16306627244193805,
      "train_loss_mean": 0.3300965555696166,
      "metric-dp-distance": 1.6179337108818193,
      "metric-dp-noise-stdv": 0.007725903673264307
    },
    "18": {
      "train_loss": 0.16541334619978443,
      "train_loss_mean": 0.31570912001188844,
      "metric-dp-distance": 1.641248074748243,
      "metric-dp-noise-stdv": 0.007616155164061607
    },
    "19": {
      "train_loss": 0.14662967197364196,
      "train_loss_mean": 0.30241470580804164,
      "metric-dp-distance": 1.618635439624389,
      "metric-dp-noise-stdv": 0.007722554254033062
    },
    "20": {
      "train_loss": 0.14001421768625733,
      "train_loss_mean": 0.28209549360035446,
      "metric-dp-distance": 1.5716405993637939,
      "metric-dp-noise-stdv": 0.007953472317436983
    }
  },
  "client_evaluate_metrics": {
    "1": {
      "eval_loss": 0.8317623138427734,
      "eval_acc": 0.6416015625
    },
    "2": {
      "eval_loss": 0.8126557413488626,
      "eval_acc": 0.6484375
    },
    "3": {
      "eval_loss": 0.8081463687121868,
      "eval_acc": 0.6513671875
    },
    "4": {
      "eval_loss": 0.7846031412482262,
      "eval_acc": 0.6689453125
    },
    "5": {
      "eval_loss": 0.7608007751405239,
      "eval_acc": 0.6728515625
    },
    "6": {
      "eval_loss": 0.7488261386752129,
      "eval_acc": 0.6767578125
    },
    "7": {
      "eval_loss": 0.7257150784134865,
      "eval_acc": 0.6796875
    },
    "8": {
      "eval_loss": 0.7143432982265949,
      "eval_acc": 0.6953125
    },
    "9": {
      "eval_loss": 0.6998992767184973,
      "eval_acc": 0.697265625
    },
    "10": {
      "eval_loss": 0.6901466762647033,
      "eval_acc": 0.7138671875
    },
    "11": {
      "eval_loss": 0.6725734686478972,
      "eval_acc": 0.708984375
    },
    "12": {
      "eval_loss": 0.6525932513177395,
      "eval_acc": 0.7265625
    },
    "13": {
      "eval_loss": 0.6432356368750334,
      "eval_acc": 0.7255859375
    },
    "14": {
      "eval_loss": 0.6277543185278773,
      "eval_acc": 0.73828125
    },
    "15": {
      "eval_loss": 0.6156868552789092,
      "eval_acc": 0.7353515625
    },
    "16": {
      "eval_loss": 0.6015802165493369,
      "eval_acc": 0.7431640625
    },
    "17": {
      "eval_loss": 0.6016595875844359,
      "eval_acc": 0.736328125
    },
    "18": {
      "eval_loss": 0.56213463190943,
      "eval_acc": 0.7578125
    },
    "19": {
      "eval_loss": 0.5542102130129933,
      "eval_acc": 0.7607421875
    },
    "20": {
      "eval_loss": 0.5392156671732664,
      "eval_acc": 0.7685546875
    }
  },
  "server_evaluate_metrics": {
    "0": {
      "loss": 0.8617744147777557,
      "accuracy": 0.634375
    },
    "1": {
      "loss": 0.8598015666007995,
      "accuracy": 0.640625
    },
    "2": {
      "loss": 0.838824263215065,
      "accuracy": 0.640625
    },
    "3": {
      "loss": 0.8376266688108445,
      "accuracy": 0.6390625
    },
    "4": {
      "loss": 0.8171114549040794,
      "accuracy": 0.659375
    },
    "5": {
      "loss": 0.7857642650604248,
      "accuracy": 0.6609375
    },
    "6": {
      "loss": 0.7652107924222946,
      "accuracy": 0.6625
    },
    "7": {
      "loss": 0.7449251115322113,
      "accuracy": 0.671875
    },
    "8": {
      "loss": 0.7403268083930016,
      "accuracy": 0.671875
    },
    "9": {
      "loss": 0.7190525561571122,
      "accuracy": 0.6890625
    },
    "10": {
      "loss": 0.7225410208106041,
      "accuracy": 0.6859375
    },
    "11": {
      "loss": 0.6938197493553162,
      "accuracy": 0.703125
    },
    "12": {
      "loss": 0.6807824566960334,
      "accuracy": 0.703125
    },
    "13": {
      "loss": 0.6607579708099365,
      "accuracy": 0.71875
    },
    "14": {
      "loss": 0.6513621285557747,
      "accuracy": 0.7203125
    },
    "15": {
      "loss": 0.6402560159564018,
      "accuracy": 0.725
    },
    "16": {
      "loss": 0.625863827764988,
      "accuracy": 0.7390625
    },
    "17": {
      "loss": 0.6197762995958328,
      "accuracy": 0.7421875
    },
    "18": {
      "loss": 0.5924600854516029,
      "accuracy": 0.7484375
    },