{
  "metadata": {
    "run_name": "main__homogeneous__vanilla__fedopt__noise-0.01__seed-42",
    "data_module": "experiments.reproduce.dataset.alzheimer:create_data_module",
    "partition_mode": "homogeneous",
    "partition_profile": "auto",
    "privacy": "vanilla",
    "aggregation": "fedopt",
    "seed": 42,
    "num_clients": 4,
    "rounds": 20,
    "local_epochs": 5,
    "noise_multiplier": 0.01,
    "clipping_norm": 5.0,
    "initialization_pretrained": true,
    "initialization_epochs": 20,
    "initialization_final_loss": 0.6008081838488579
  },
  "train_metrics": {
    "1": {
      "train_loss": 0.5105854028370231,
      "train_loss_mean": 0.6845873462501912
    },
    "2": {
      "train_loss": 9.65652755415067,
      "train_loss_mean": 36.73504790915176
    },
    "3": {
      "train_loss": 39.035505905747414,
      "train_loss_mean": 39.7737089112401
    },
    "4": {
      "train_loss": 22.410549499094486,
      "train_loss_mean": 33.754106695577505
    },
    "5": {
      "train_loss": 1.0427902834489942,
      "train_loss_mean": 4.011304007750004
    },
    "6": {
      "train_loss": 1.0388383194804192,
      "train_loss_mean": 2.504306726809591
    },
    "7": {
      "train_loss": 1.038393685594201,
      "train_loss_mean": 3.706984858494252
    },
    "8": {
      "train_loss": 1.0397675447165966,
      "train_loss_mean": 1.8499745709821582
    },
    "9": {
      "train_loss": 1.0366278560832143,
      "train_loss_mean": 1.0439761049114167
    },
    "10": {
      "train_loss": 1.0362111004069448,
      "train_loss_mean": 1.0496059389784933
    },
    "11": {
      "train_loss": 1.0366152813658118,
      "train_loss_mean": 1.0436319298110903
    },
    "12": {
      "train_loss": 1.0362866031937301,
      "train_loss_mean": 1.049491961672902
    },
    "13": {
      "train_loss": 1.0366245764307678,
      "train_loss_mean": 1.0430096809752285
    },
    "14": {
      "train_loss": 1.0360857057385147,
      "train_loss_mean": 1.0507937939837575
    },
    "15": {
      "train_loss": 1.0364788547158241,
      "train_loss_mean": 1.0450343898497523
    },
    "16": {
      "train_loss": 1.0360106970183551,
      "train_loss_mean": 1.0505689744837583
    },
    "17": {
      "train_loss": 1.0365057522431016,
      "train_loss_mean": 1.0461983618326487
    },
    "18": {
      "train_loss": 1.0360107030719519,
      "train_loss_mean": 1.0505689724348484
    },
    "19": {
      "train_loss": 1.0365047729574144,
      "train_loss_mean": 1.0462957348674535
    },
    "20": {
      "train_loss": 1.0360107072629035,
      "train_loss_mean": 1.0505689692683517
    }
  },
  "client_evaluate_metrics": {
    "1": {
      "eval_loss": 56.973451018333435,
      "eval_acc": 0.34765625
    },
    "2": {
      "eval_loss": 43.66827392578125,
      "eval_acc": 0.5
    },
    "3": {
      "eval_loss": 43.66827392578125,
      "eval_acc": 0.5
    },
    "4": {
      "eval_loss": 43.66827392578125,
      "eval_acc": 0.5
    },
    "5": {
      "eval_loss": 47.83970892429352,
      "eval_acc": 0.34765625
    },
    "6": {
      "eval_loss": 75.05484557151794,
      "eval_acc": 0.140625
    },
    "7": {
      "eval_loss": 43.66827392578125,
      "eval_acc": 0.5
    },
    "8": {
      "eval_loss": 1.092729091644287,
      "eval_acc": 0.34765625
    },
    "9": {
      "eval_loss": 1.1237004790455103,
      "eval_acc": 0.5
    },
    "10": {
      "eval_loss": 1.0960762947797775,
      "eval_acc": 0.34765625
    },
    "11": {
      "eval_loss": 1.121265647932887,
      "eval_acc": 0.5
    },
    "12": {
      "eval_loss": 1.0933083072304726,
      "eval_acc": 0.34765625
    },
    "13": {
      "eval_loss": 1.1332986410707235,
      "eval_acc": 0.5
    },
    "14": {
      "eval_loss": 1.107187107205391,
      "eval_acc": 0.34765625
    },
    "15": {
      "eval_loss": 1.1331094484776258,
      "eval_acc": 0.5
    },
    "16": {
      "eval_loss": 1.1152469497174025,
      "eval_acc": 0.34765625
    },
    "17": {
      "eval_loss": 1.1331094484776258,
      "eval_acc": 0.5
    },
    "18": {
      "eval_loss": 1.1166142020374537,
      "eval_acc": 0.34765625
    },
    "19": {
      "eval_loss": 1.1331094093620777,
      "eval_acc": 0.5
    },
    "20": {
      "eval_loss": 1.1147693861275911,
      "eval_acc": 0.34765625
    }
  },
  "server_evaluate_metrics": {
    "0": {
      "loss": 0.915451380610466,
      "accuracy": 0.596875
    },
    "1": {
      "loss": 55.94997577667236,
      "accuracy": 0.359375
    },
    "2": {
      "loss": 44.07766399383545,
      "accuracy": 0.4953125
    },
    "3": {
      "loss": 44.07766399383545,
      "accuracy": 0.4953125
    },
    "4": {
      "loss": 44.07766399383545,
      "accuracy": 0.4953125
    },
    "5": {
      "loss": 47.228207397460935,
      "accuracy": 0.359375
    },
    "6": {
      "loss": 75.59189434051514,
      "accuracy": 0.134375
    },
    "7": {
      "loss": 44.07766399383545,
      "accuracy": 0.4953125
    },
    "8": {
      "loss": 1.0836237758398055,
      "accuracy": 0.359375
    },
    "9": {
      "loss": 1.1217761993408204,
      "accuracy": 0.4953125
    },
    "10": {
      "loss": 1.0855583161115647,
      "accuracy": 0.359375
    },
    "11": {
      "loss": 1.1190423488616943,
      "accuracy": 0.4953125
    },
    "12": {
      "loss": 1.0828784942626952,
      "accuracy": 0.359375
    },
    "13": {
      "loss": 1.1313056975603104,
      "accuracy": 0.4953125
    },
    "14": {
      "loss": 1.0958661943674088,
      "accuracy": 0.359375
    },
    "15": {
      "loss": 1.131087750196457,
      "accuracy": 0.4953125
    },
    "16": {
      "loss": 1.1033750027418137,
      "accuracy": 0.359375
    },
    "17": {
      "loss": 1.131087750196457,
      "accuracy": 0.4953125
    },
    "18": {
      "loss": 1.1046026229858399,
      "accuracy": 0.359375
    },
    "19": {
      "loss": 1.1310876995325088,
      "accuracy": 0.4953125
    },
    "20": {
      "loss": 1.1029120802879333,
      "accuracy": 0.359375
    }
  }
}
