{
  "metadata": {
    "run_name": "main__homogeneous__vanilla__fedyogi__noise-0.01__seed-43",
    "data_module": "experiments.reproduce.dataset.alzheimer:create_data_module",
    "partition_mode": "homogeneous",
    "partition_profile": "auto",
    "privacy": "vanilla",
    "aggregation": "fedyogi",
    "seed": 43,
    "num_clients": 4,
    "rounds": 20,
    "local_epochs": 5,
    "noise_multiplier": 0.01,
    "clipping_norm": 5.0,
    "initialization_pretrained": true,
    "initialization_epochs": 20,
    "initialization_final_loss": 0.34748019725084306
  },
  "train_metrics": {
    "1": {
      "train_loss": 0.5353979725623503,
      "train_loss_mean": 0.7105339114321396
    },
    "2": {
      "train_loss": 0.407547217910178,
      "train_loss_mean": 0.5856496564345435
    },
    "3": {
      "train_loss": 0.2532792917336337,
      "train_loss_mean": 0.4297433221014217
    },
    "4": {
      "train_loss": 0.16066232649609447,
      "train_loss_mean": 0.2908166744105984
    },
    "5": {
      "train_loss": 0.10886702651623636,
      "train_loss_mean": 0.19363532909483183
    },
    "6": {
      "train_loss": 0.09200364805292338,
      "train_loss_mean": 0.1422149900441582
    },
    "7": {
      "train_loss": 0.0682812699196802,
      "train_loss_mean": 0.11958698287562584
    },
    "8": {
      "train_loss": 0.04319448708406526,
      "train_loss_mean": 0.10209720199704862
    },
    "9": {
      "train_loss": 0.05312307277381478,
      "train_loss_mean": 0.0889052183990316
    },
    "10": {
      "train_loss": 0.037109046058958484,
      "train_loss_mean": 0.0626570310663368
    },
    "11": {
      "train_loss": 0.04801201729975446,
      "train_loss_mean": 0.05377714759239183
    },
    "12": {
      "train_loss": 0.048322740082939575,
      "train_loss_mean": 0.05109380020486575
    },
    "13": {
      "train_loss": 0.0481968636218546,
      "train_loss_mean": 0.05264428638827759
    },
    "14": {
      "train_loss": 0.04295463187724735,
      "train_loss_mean": 0.03929168878667122
    },
    "15": {
      "train_loss": 0.05701354553351523,
      "train_loss_mean": 0.0349532616968648
    },
    "16": {
      "train_loss": 0.02706339928204926,
      "train_loss_mean": 0.02997022475556506
    },
    "17": {
      "train_loss": 0.023054247422633622,
      "train_loss_mean": 0.02452821532125382
    },
    "18": {
      "train_loss": 0.03146016835342985,
      "train_loss_mean": 0.026213788973352276
    },
    "19": {
      "train_loss": 0.02377073747816522,
      "train_loss_mean": 0.026339625433227445
    },
    "20": {
      "train_loss": 0.04545169907291041,
      "train_loss_mean": 0.029721271640307703
    }
  },
  "client_evaluate_metrics": {
    "1": {
      "eval_loss": 0.7589484518393874,
      "eval_acc": 0.669921875
    },
    "2": {
      "eval_loss": 0.6683390066027641,
      "eval_acc": 0.7109375
    },
    "3": {
      "eval_loss": 0.6203611372038722,
      "eval_acc": 0.7373046875
    },
    "4": {
      "eval_loss": 0.49559370055794716,
      "eval_acc": 0.7822265625
    },
    "5": {
      "eval_loss": 0.3888132250867784,
      "eval_acc": 0.849609375
    },
    "6": {
      "eval_loss": 0.4771019098116085,
      "eval_acc": 0.8759765625
    },
    "7": {
      "eval_loss": 0.7728070826269686,
      "eval_acc": 0.869140625
    },
    "8": {
      "eval_loss": 1.058677466120571,
      "eval_acc": 0.8662109375
    },
    "9": {
      "eval_loss": 0.9552986410126323,
      "eval_acc": 0.8828125
    },
    "10": {
      "eval_loss": 0.5795116395511286,
      "eval_acc": 0.9091796875
    },
    "11": {
      "eval_loss": 0.3480759055419185,
      "eval_acc": 0.9306640625
    },
    "12": {
      "eval_loss": 0.23057273423910374,
      "eval_acc": 0.935546875
    },
    "13": {
      "eval_loss": 0.22838173597119749,
      "eval_acc": 0.9365234375
    },
    "14": {
      "eval_loss": 0.2580175644252449,
      "eval_acc": 0.9287109375
    },
    "15": {
      "eval_loss": 0.25759155733976513,
      "eval_acc": 0.9345703125
    },
    "16": {
      "eval_loss": 0.26195695326896384,
      "eval_acc": 0.9453125
    },
    "17": {
      "eval_loss": 0.259873248214717,
      "eval_acc": 0.9580078125
    },
    "18": {
      "eval_loss": 0.273189250343421,
      "eval_acc": 0.958984375
    },
    "19": {
      "eval_loss": 0.28646583763475064,
      "eval_acc": 0.966796875
    },
    "20": {
      "eval_loss": 0.292723115077024,
      "eval_acc": 0.958984375
    }
  },
  "server_evaluate_metrics": {
    "0": {
      "loss": 1.1986923813819885,
      "accuracy": 0.6328125
    },
    "1": {
      "loss": 0.7778780996799469,
      "accuracy": 0.6609375
    },
    "2": {
      "loss": 0.6769242256879806,
      "accuracy": 0.6953125
    },
    "3": {
      "loss": 0.6241715878248215,
      "accuracy": 0.728125
    },
    "4": {
      "loss": 0.5100428879261016,
      "accuracy": 0.790625
    },
    "5": {
      "loss": 0.5080764070153236,
      "accuracy": 0.8171875
    },
    "6": {
      "loss": 0.7285979699343443,
      "accuracy": 0.8375
    },
    "7": {
      "loss": 1.1582376807928085,
      "accuracy": 0.846875
    },
    "8": {
      "loss": 1.5461352460086346,
      "accuracy": 0.8375
    },
    "9": {
      "loss": 1.3637244703480973,
      "accuracy": 0.8609375
    },
    "10": {
      "loss": 0.886022504081484,
      "accuracy": 0.90625
    },
    "11": {
      "loss": 0.5906758628145325,
      "accuracy": 0.9203125
    },
    "12": {
      "loss": 0.4246888012625277,
      "accuracy": 0.921875
    },
    "13": {
      "loss": 0.39030890478752556,
      "accuracy": 0.928125
    },
    "14": {
      "loss": 0.3913412135094404,
      "accuracy": 0.91875
    },
    "15": {
      "loss": 0.3950276113115251,
      "accuracy": 0.9296875
    },
    "16": {
      "loss": 0.4291640082374215,
      "accuracy": 0.9359375
    },
    "17": {
      "loss": 0.4437937475100625,
      "accuracy": 0.940625
    },
    "18": {
      "loss": 0.44239204371988305,
      "accuracy": 0.9484375
    },
    "19": {
      "loss": 0.47913765208977566,
      "accuracy": 0.9453125
    },
    "20": {
      "loss": 0.4779103420863976,
      "accuracy": 0.9390625
    }
  }
}
