{
  "metadata": {
    "run_name": "main__homogeneous__metric-privacy__fedprox__noise-0.01__seed-44",
    "data_module": "experiments.reproduce.dataset.alzheimer:create_data_module",
    "partition_mode": "homogeneous",
    "partition_profile": "auto",
    "privacy": "metric-privacy",
    "aggregation": "fedprox",
    "seed": 44,
    "num_clients": 4,
    "rounds": 20,
    "local_epochs": 5,
    "noise_multiplier": 0.01,
    "clipping_norm": 5.0,
    "initialization_pretrained": false,
    "initialization_epochs": 0,
    "initialization_final_loss": null
  },
  "train_metrics": {
    "1": {
      "train_loss": 1.1836434686556458,
      "train_loss_mean": 1.2175036144442857,
      "metric-dp-distance": 0.14692042372189462,
      "metric-dp-noise-stdv": 0.08508007044453687
    },
    "2": {
      "train_loss": 1.3675476144999266,
      "train_loss_mean": 2.0082054974511263,
      "metric-dp-distance": 0.19124767712006965,
      "metric-dp-noise-stdv": 0.06536027097548597
    },
    "3": {
      "train_loss": 1.3049895092844963,
      "train_loss_mean": 1.686784567218274,
      "metric-dp-distance": 0.19664938910864294,
      "metric-dp-noise-stdv": 0.0635649063374111
    },
    "4": {
      "train_loss": 1.405675608664751,
      "train_loss_mean": 1.7942114340141415,
      "metric-dp-distance": 0.22688473962868252,
      "metric-dp-noise-stdv": 0.05509405357300533
    },
    "5": {
      "train_loss": 1.3180516227148473,
      "train_loss_mean": 1.6579265286214648,
      "metric-dp-distance": 0.2106305817142129,
      "metric-dp-noise-stdv": 0.05934560830753537
    },
    "6": {
      "train_loss": 1.3162078568711877,
      "train_loss_mean": 1.6601566582918168,
      "metric-dp-distance": 0.21942834478492537,
      "metric-dp-noise-stdv": 0.056966204672655146
    },
    "7": {
      "train_loss": 1.3783664721995592,
      "train_loss_mean": 1.8767637871205807,
      "metric-dp-distance": 0.20386900566518307,
      "metric-dp-noise-stdv": 0.06131388123081802
    },
    "8": {
      "train_loss": 1.415144489146769,
      "train_loss_mean": 1.8668069126084446,
      "metric-dp-distance": 0.22121324917922416,
      "metric-dp-noise-stdv": 0.05650656118645343
    },
    "9": {
      "train_loss": 1.3920353781431913,
      "train_loss_mean": 1.709205940179527,
      "metric-dp-distance": 0.21541798285519084,
      "metric-dp-noise-stdv": 0.05802672476235561
    },
    "10": {
      "train_loss": 1.3488246351480484,
      "train_loss_mean": 1.7145583217963576,
      "metric-dp-distance": 0.20895992661826313,
      "metric-dp-noise-stdv": 0.05982008226311991
    },
    "11": {
      "train_loss": 1.4564111800864339,
      "train_loss_mean": 1.6987232480198144,
      "metric-dp-distance": 0.227740797563456,
      "metric-dp-noise-stdv": 0.05488695979699067
    },
    "12": {
      "train_loss": 1.4412845242768526,
      "train_loss_mean": 1.648103918135166,
      "metric-dp-distance": 0.2184458264382556,
      "metric-dp-noise-stdv": 0.05722242536656183
    },
    "13": {
      "train_loss": 1.6061838082969189,
      "train_loss_mean": 1.5951891377568246,
      "metric-dp-distance": 0.40696996947129566,
      "metric-dp-noise-stdv": 0.03071479700637137
    },
    "14": {
      "train_loss": 1.2676007868722081,
      "train_loss_mean": 1.2887700768187642,
      "metric-dp-distance": 0.22159569283636907,
      "metric-dp-noise-stdv": 0.05640903864151486
    },
    "15": {
      "train_loss": 1.3161763292737305,
      "train_loss_mean": 1.7013547101058064,
      "metric-dp-distance": 0.18658342763471106,
      "metric-dp-noise-stdv": 0.06699415997690977
    },
    "16": {
      "train_loss": 1.4840164920315146,
      "train_loss_mean": 1.6635545695200562,
      "metric-dp-distance": 0.28098300533990067,
      "metric-dp-noise-stdv": 0.04448667628449254
    },
    "17": {
      "train_loss": 1.2644148720428348,
      "train_loss_mean": 1.3609789919108155,
      "metric-dp-distance": 0.14706312670993307,
      "metric-dp-noise-stdv": 0.0849975128344372
    },
    "18": {
      "train_loss": 1.372091706842184,
      "train_loss_mean": 2.0307386668398975,
      "metric-dp-distance": 0.24347817505865046,
      "metric-dp-noise-stdv": 0.051339303808191135
    },
    "19": {
      "train_loss": 1.5070407837629318,
      "train_loss_mean": 1.6396174736320972,
      "metric-dp-distance": 0.30514126158474636,
      "metric-dp-noise-stdv": 0.04096463367517538
    },
    "20": {
      "train_loss": 1.8713423148728907,
      "train_loss_mean": 1.482594884838909,
      "metric-dp-distance": 0.47935729489351314,
      "metric-dp-noise-stdv": 0.026076582401393964
    }
  },
  "client_evaluate_metrics": {
    "1": {
      "eval_loss": 4.257739990949631,
      "eval_acc": 0.0126953125
    },
    "2": {
      "eval_loss": 1.3012209702283144,
      "eval_acc": 0.4765625
    },
    "3": {
      "eval_loss": 2.1498294472694397,
      "eval_acc": 0.5
    },
    "4": {
      "eval_loss": 1.5027307905256748,
      "eval_acc": 0.384765625
    },
    "5": {
      "eval_loss": 2.771709468215704,
      "eval_acc": 0.4912109375
    },
    "6": {
      "eval_loss": 5.529289603233337,
      "eval_acc": 0.4931640625
    },
    "7": {
      "eval_loss": 7.170505002140999,
      "eval_acc": 0.146484375
    },
    "8": {
      "eval_loss": 4.841821007430553,
      "eval_acc": 0.4990234375
    },
    "9": {
      "eval_loss": 5.271991543471813,
      "eval_acc": 0.4970703125
    },
    "10": {
      "eval_loss": 2.0238067656755447,
      "eval_acc": 0.3837890625
    },
    "11": {
      "eval_loss": 3.319898873567581,
      "eval_acc": 0.2421875
    },
    "12": {
      "eval_loss": 1.8626175541430712,
      "eval_acc": 0.4609375
    },
    "13": {
      "eval_loss": 1.1017627120018005,
      "eval_acc": 0.50390625
    },
    "14": {
      "eval_loss": 5.251372158527374,
      "eval_acc": 0.498046875
    },
    "15": {
      "eval_loss": 2.071330364793539,
      "eval_acc": 0.38671875
    },
    "16": {
      "eval_loss": 1.150378379970789,
      "eval_acc": 0.4052734375
    },
    "17": {
      "eval_loss": 8.593867167830467,
      "eval_acc": 0.4970703125
    },
    "18": {
      "eval_loss": 1.2971449978649616,
      "eval_acc": 0.5009765625
    },
    "19": {
      "eval_loss": 1.0778248943388462,
      "eval_acc": 0.5
    },
    "20": {
      "eval_loss": 1.0634496975690126,
      "eval_acc": 0.5
    }
  },
  "server_evaluate_metrics": {
    "0": {
      "loss": 1.390574312210083,
      "accuracy": 0.4953125
    },
    "1": {
      "loss": 4.325148820877075,
      "accuracy": 0.0109375
    },
    "2": {
      "loss": 1.2534344881772994,
      "accuracy": 0.48125
    },
    "3": {
      "loss": 2.121626782417297,
      "accuracy": 0.4984375
    },
    "4": {
      "loss": 1.4661071479320527,
      "accuracy": 0.434375
    },
    "5": {
      "loss": 2.6149678111076353,
      "accuracy": 0.4953125
    },
    "6": {
      "loss": 5.317885613441467,
      "accuracy": 0.4953125
    },
    "7": {
      "loss": 6.966164541244507,
      "accuracy": 0.1359375
    },
    "8": {
      "loss": 4.690144717693329,
      "accuracy": 0.496875
    },
    "9": {
      "loss": 5.238451111316681,
      "accuracy": 0.4953125
    },
    "10": {
      "loss": 2.04621964097023,
      "accuracy": 0.36875
    },
    "11": {
      "loss": 3.482080173492432,
      "accuracy": 0.234375
    },
    "12": {
      "loss": 1.798212456703186,
      "accuracy": 0.4671875
    },
    "13": {
      "loss": 1.1074899762868882,
      "accuracy": 0.496875
    },
    "14": {
      "loss": 5.463671326637268,
      "accuracy": 0.49375
    },
    "15": {
      "loss": 1.9914662301540376,
      "accuracy": 0.3875
    },
    "16": {
      "loss": 1.1476797342300415,
      "accuracy": 0.4125
    },
    "17": {
      "loss": 8.64823112487793,
      "accuracy": 0.4765625
    },
    "18": {
      "loss": 1.3496092289686203,
      "accuracy": 0.49375
    },
    "19": {
      "loss": 1.0745476305484771,
      "accuracy": 0.4953125
    },