{
  "metadata": {
    "run_name": "main__homogeneous__global-dp__fedyogi__noise-0.01__seed-45",
    "data_module": "experiments.reproduce.dataset.alzheimer:create_data_module",
    "partition_mode": "homogeneous",
    "partition_profile": "auto",
    "privacy": "global-dp",
    "aggregation": "fedyogi",
    "seed": 45,
    "num_clients": 4,
    "rounds": 20,
    "local_epochs": 5,
    "noise_multiplier": 0.01,
    "clipping_norm": 5.0,
    "initialization_pretrained": true,
    "initialization_epochs": 20,
    "initialization_final_loss": 0.3237261734902859
  },
  "train_metrics": {
    "1": {
      "train_loss": 0.3969753711717203,
      "train_loss_mean": 0.62266067143064
    },
    "2": {
      "train_loss": 0.3366852249018848,
      "train_loss_mean": 0.570171056187246
    },
    "3": {
      "train_loss": 0.25313302769791335,
      "train_loss_mean": 0.47297997290734206
    },
    "4": {
      "train_loss": 0.15381159339449368,
      "train_loss_mean": 0.3467271627159789
    },
    "5": {
      "train_loss": 0.1286590060699382,
      "train_loss_mean": 0.23785270529187985
    },
    "6": {
      "train_loss": 0.07874991621065419,
      "train_loss_mean": 0.16347236020083072
    },
    "7": {
      "train_loss": 0.06138400280724454,
      "train_loss_mean": 0.12032182649054449
    },
    "8": {
      "train_loss": 0.048835836922989984,
      "train_loss_mean": 0.10599592457238032
    },
    "9": {
      "train_loss": 0.046007571651898616,
      "train_loss_mean": 0.09873259802643589
    },
    "10": {
      "train_loss": 0.03863650887615222,
      "train_loss_mean": 0.0822424025014243
    },
    "11": {
      "train_loss": 0.039906364504020075,
      "train_loss_mean": 0.06226480660344293
    },
    "12": {
      "train_loss": 0.028014920046857128,
      "train_loss_mean": 0.0503033512288738
    },
    "13": {
      "train_loss": 0.0405091627431684,
      "train_loss_mean": 0.04844209702140176
    },
    "14": {
      "train_loss": 0.03531919013747142,
      "train_loss_mean": 0.04224109367566609
    },
    "15": {
      "train_loss": 0.03711747625439088,
      "train_loss_mean": 0.04118659620505376
    },
    "16": {
      "train_loss": 0.0506457496960806,
      "train_loss_mean": 0.037049962404084875
    },
    "17": {
      "train_loss": 0.03163580412464295,
      "train_loss_mean": 0.030255480137173288
    },
    "18": {
      "train_loss": 0.0210039445050684,
      "train_loss_mean": 0.0251325008136502
    },
    "19": {
      "train_loss": 0.0242133193727625,
      "train_loss_mean": 0.019008094501759443
    },
    "20": {
      "train_loss": 0.013737245455151648,
      "train_loss_mean": 0.017086339341915772
    }
  },
  "client_evaluate_metrics": {
    "1": {
      "eval_loss": 0.9021130055189133,
      "eval_acc": 0.6376953125
    },
    "2": {
      "eval_loss": 0.7480039950460196,
      "eval_acc": 0.68359375
    },
    "3": {
      "eval_loss": 0.5979361934587359,
      "eval_acc": 0.7353515625
    },
    "4": {
      "eval_loss": 0.5172636425122619,
      "eval_acc": 0.7734375
    },
    "5": {
      "eval_loss": 0.6080335369333625,
      "eval_acc": 0.7568359375
    },
    "6": {
      "eval_loss": 0.6914847744628787,
      "eval_acc": 0.791015625
    },
    "7": {
      "eval_loss": 0.6146929217502475,
      "eval_acc": 0.873046875
    },
    "8": {
      "eval_loss": 0.7834052748512477,
      "eval_acc": 0.876953125
    },
    "9": {
      "eval_loss": 1.0178141766227782,
      "eval_acc": 0.873046875
    },
    "10": {
      "eval_loss": 0.7612577164545655,
      "eval_acc": 0.9052734375
    },
    "11": {
      "eval_loss": 0.46004643300693715,
      "eval_acc": 0.9423828125
    },
    "12": {
      "eval_loss": 0.39597282448085025,
      "eval_acc": 0.9443359375
    },
    "13": {
      "eval_loss": 0.3179380345973186,
      "eval_acc": 0.94921875
    },
    "14": {
      "eval_loss": 0.2377969905064674,
      "eval_acc": 0.955078125
    },
    "15": {
      "eval_loss": 0.17224794859066606,
      "eval_acc": 0.958984375
    },
    "16": {
      "eval_loss": 0.14825711166486144,
      "eval_acc": 0.9609375
    },
    "17": {
      "eval_loss": 0.14104309024696704,
      "eval_acc": 0.96875
    },
    "18": {
      "eval_loss": 0.16007398293459119,
      "eval_acc": 0.96875
    },
    "19": {
      "eval_loss": 0.18302008885984833,
      "eval_acc": 0.966796875
    },
    "20": {
      "eval_loss": 0.19467640553091314,
      "eval_acc": 0.9697265625
    }
  },
  "server_evaluate_metrics": {
    "0": {
      "loss": 0.9821551293134689,
      "accuracy": 0.621875
    },
    "1": {
      "loss": 0.9491988271474838,
      "accuracy": 0.6328125
    },
    "2": {
      "loss": 0.8038743898272515,
      "accuracy": 0.675
    },
    "3": {
      "loss": 0.6465821087360382,
      "accuracy": 0.721875
    },
    "4": {
      "loss": 0.5581860214471817,
      "accuracy": 0.7609375
    },
    "5": {
      "loss": 0.6194854006171227,
      "accuracy": 0.7640625
    },
    "6": {
      "loss": 0.6947256118059159,
      "accuracy": 0.7984375
    },
    "7": {
      "loss": 0.6915145112201572,
      "accuracy": 0.8875
    },
    "8": {
      "loss": 0.9921186067163944,
      "accuracy": 0.878125
    },
    "9": {
      "loss": 1.3102420352399349,
      "accuracy": 0.8671875
    },
    "10": {
      "loss": 1.0016858100891113,
      "accuracy": 0.9015625
    },
    "11": {
      "loss": 0.670077092689462,
      "accuracy": 0.9328125
    },
    "12": {
      "loss": 0.6261067666113377,
      "accuracy": 0.934375
    },
    "13": {
      "loss": 0.5149590270593762,
      "accuracy": 0.9375
    },
    "14": {
      "loss": 0.40259858113713565,
      "accuracy": 0.9546875
    },
    "15": {
      "loss": 0.34933307906612754,
      "accuracy": 0.953125
    },
    "16": {
      "loss": 0.3013472232967615,
      "accuracy": 0.953125
    },
    "17": {
      "loss": 0.3099478132091463,
      "accuracy": 0.95625
    },
    "18": {
      "loss": 0.36479880679980853,
      "accuracy": 0.9546875
    },
    "19": {
      "loss": 0.4118415503020515,
      "accuracy": 0.95625
    },
    "20": {
      "loss": 0.4711193893803284,
      "accuracy": 0.95625
    }
  }
}
