{
  "metadata": {
    "run_name": "main__homogeneous__global-dp__fedmedian__noise-0.01__seed-45",
    "data_module": "experiments.reproduce.dataset.alzheimer:create_data_module",
    "partition_mode": "homogeneous",
    "partition_profile": "auto",
    "privacy": "global-dp",
    "aggregation": "fedmedian",
    "seed": 45,
    "num_clients": 4,
    "rounds": 20,
    "local_epochs": 5,
    "noise_multiplier": 0.01,
    "clipping_norm": 5.0,
    "initialization_pretrained": false,
    "initialization_epochs": 0,
    "initialization_final_loss": null
  },
  "train_metrics": {
    "1": {
      "train_loss": 1.009774902369827,
      "train_loss_mean": 1.060163042973727
    },
    "2": {
      "train_loss": 0.9349998133257031,
      "train_loss_mean": 0.998854479752481
    },
    "3": {
      "train_loss": 0.842586585553363,
      "train_loss_mean": 0.9262561010662467
    },
    "4": {
      "train_loss": 0.7167351748794317,
      "train_loss_mean": 0.8445193417370319
    },
    "5": {
      "train_loss": 0.5706037592608482,
      "train_loss_mean": 0.7461739862337708
    },
    "6": {
      "train_loss": 0.4146364553598687,
      "train_loss_mean": 0.6267096000490711
    },
    "7": {
      "train_loss": 0.29950053396169096,
      "train_loss_mean": 0.5124271118314937
    },
    "8": {
      "train_loss": 0.22581480501685292,
      "train_loss_mean": 0.40083403165917847
    },
    "9": {
      "train_loss": 0.1707106580142863,
      "train_loss_mean": 0.32223404141841455
    },
    "10": {
      "train_loss": 0.14873744928627275,
      "train_loss_mean": 0.2570023338834289
    },
    "11": {
      "train_loss": 0.12411407496256288,
      "train_loss_mean": 0.19834173799608834
    },
    "12": {
      "train_loss": 0.10263785585266305,
      "train_loss_mean": 0.16547744611452797
    },
    "13": {
      "train_loss": 0.11366578796150861,
      "train_loss_mean": 0.14562851145674358
    },
    "14": {
      "train_loss": 0.09485755866626278,
      "train_loss_mean": 0.1266930314428464
    },
    "15": {
      "train_loss": 0.07089902293591877,
      "train_loss_mean": 0.10415180715208408
    },
    "16": {
      "train_loss": 0.08644795838699793,
      "train_loss_mean": 0.10480432909207593
    },
    "17": {
      "train_loss": 0.06640545549180388,
      "train_loss_mean": 0.09144540173365384
    },
    "18": {
      "train_loss": 0.09881553148079547,
      "train_loss_mean": 0.0819405957014169
    },
    "19": {
      "train_loss": 0.07841379306955787,
      "train_loss_mean": 0.07781228792264301
    },
    "20": {
      "train_loss": 0.053483227719425486,
      "train_loss_mean": 0.06753797463179581
    }
  },
  "client_evaluate_metrics": {
    "1": {
      "eval_loss": 1.1899364963173866,
      "eval_acc": 0.5
    },
    "2": {
      "eval_loss": 1.0354746337980032,
      "eval_acc": 0.5
    },
    "3": {
      "eval_loss": 0.9827756863087416,
      "eval_acc": 0.52734375
    },
    "4": {
      "eval_loss": 0.9278169367462397,
      "eval_acc": 0.5400390625
    },
    "5": {
      "eval_loss": 0.8591189086437225,
      "eval_acc": 0.6025390625
    },
    "6": {
      "eval_loss": 0.7638911195099354,
      "eval_acc": 0.658203125
    },
    "7": {
      "eval_loss": 0.6737915929406881,
      "eval_acc": 0.70703125
    },
    "8": {
      "eval_loss": 0.575503246858716,
      "eval_acc": 0.765625
    },
    "9": {
      "eval_loss": 0.47826192807406187,
      "eval_acc": 0.806640625
    },
    "10": {
      "eval_loss": 0.3949556201696396,
      "eval_acc": 0.8447265625
    },
    "11": {
      "eval_loss": 0.34918972942978144,
      "eval_acc": 0.8818359375
    },
    "12": {
      "eval_loss": 0.3190099853090942,
      "eval_acc": 0.9013671875
    },
    "13": {
      "eval_loss": 0.2546414351090789,
      "eval_acc": 0.9140625
    },
    "14": {
      "eval_loss": 0.2169442125596106,
      "eval_acc": 0.927734375
    },
    "15": {
      "eval_loss": 0.19951770617626607,
      "eval_acc": 0.9365234375
    },
    "16": {
      "eval_loss": 0.20366380270570517,
      "eval_acc": 0.9365234375
    },
    "17": {
      "eval_loss": 0.1929660972673446,
      "eval_acc": 0.9443359375
    },
    "18": {
      "eval_loss": 0.17429319652728736,
      "eval_acc": 0.9462890625
    },
    "19": {
      "eval_loss": 0.16250476014101878,
      "eval_acc": 0.955078125
    },
    "20": {
      "eval_loss": 0.16216734348563477,
      "eval_acc": 0.94921875
    }
  },
  "server_evaluate_metrics": {
    "0": {
      "loss": 1.444567507505417,
      "accuracy": 0.0109375
    },
    "1": {
      "loss": 1.1883980631828308,
      "accuracy": 0.4953125
    },
    "2": {
      "loss": 1.0370907753705978,
      "accuracy": 0.4953125
    },
    "3": {
      "loss": 0.9857161283493042,
      "accuracy": 0.5140625
    },
    "4": {
      "loss": 0.9362334072589874,
      "accuracy": 0.5234375
    },
    "5": {
      "loss": 0.8762680977582932,
      "accuracy": 0.584375
    },
    "6": {
      "loss": 0.7941036343574523,
      "accuracy": 0.634375
    },
    "7": {
      "loss": 0.7110417157411575,
      "accuracy": 0.69375
    },
    "8": {
      "loss": 0.631309300661087,
      "accuracy": 0.740625
    },
    "9": {
      "loss": 0.5474784553050995,
      "accuracy": 0.778125
    },
    "10": {
      "loss": 0.4706494599580765,
      "accuracy": 0.8234375
    },
    "11": {
      "loss": 0.437901271879673,
      "accuracy": 0.8640625
    },
    "12": {
      "loss": 0.42533850818872454,
      "accuracy": 0.8765625
    },
    "13": {
      "loss": 0.3526493009179831,
      "accuracy": 0.9015625
    },
    "14": {
      "loss": 0.3327497774735093,
      "accuracy": 0.903125
    },
    "15": {
      "loss": 0.3279816111549735,
      "accuracy": 0.9125
    },
    "16": {
      "loss": 0.3149142380803823,
      "accuracy": 0.90625
    },
    "17": {
      "loss": 0.2890274699777365,
      "accuracy": 0.91875
    },
    "18": {
      "loss": 0.2678288333117962,
      "accuracy": 0.934375
    },
    "19": {
      "loss": 0.25924580283463,
      "accuracy": 0.93125
    },
    "20": {
      "loss": 0.250091852247715,
      "accuracy": 0.940625
    }
  }
}
