{
  "metadata": {
    "run_name": "main__homogeneous__global-dp__fedprox__noise-0.01__seed-45",
    "data_module": "experiments.reproduce.dataset.alzheimer:create_data_module",
    "partition_mode": "homogeneous",
    "partition_profile": "auto",
    "privacy": "global-dp",
    "aggregation": "fedprox",
    "seed": 45,
    "num_clients": 4,
    "rounds": 20,
    "local_epochs": 5,
    "noise_multiplier": 0.01,
    "clipping_norm": 5.0,
    "initialization_pretrained": false,
    "initialization_epochs": 0,
    "initialization_final_loss": null
  },
  "train_metrics": {
    "1": {
      "train_loss": 1.1903355936519802,
      "train_loss_mean": 1.2349742976948619
    },
    "2": {
      "train_loss": 1.1079857721924782,
      "train_loss_mean": 1.12894567027688
    },
    "3": {
      "train_loss": 1.1020866823382676,
      "train_loss_mean": 1.1133174704387785
    },
    "4": {
      "train_loss": 1.0924650430679321,
      "train_loss_mean": 1.1011542509309948
    },
    "5": {
      "train_loss": 1.0870304997079074,
      "train_loss_mean": 1.0961093749850987
    },
    "6": {
      "train_loss": 1.072686258237809,
      "train_loss_mean": 1.0863335080444811
    },
    "7": {
      "train_loss": 1.0804535583592951,
      "train_loss_mean": 1.0925969784148037
    },
    "8": {
      "train_loss": 1.0751048806123435,
      "train_loss_mean": 1.085652725957334
    },
    "9": {
      "train_loss": 1.068895947188139,
      "train_loss_mean": 1.0811792404390872
    },
    "10": {
      "train_loss": 1.0745095140300691,
      "train_loss_mean": 1.0831569243222474
    },
    "11": {
      "train_loss": 1.0611132588237524,
      "train_loss_mean": 1.0799397572875022
    },
    "12": {
      "train_loss": 1.0702110938727856,
      "train_loss_mean": 1.0835159654729067
    },
    "13": {
      "train_loss": 1.0492489854805171,
      "train_loss_mean": 1.0690016244538127
    },
    "14": {
      "train_loss": 1.0500779571011662,
      "train_loss_mean": 1.0688263036310672
    },
    "15": {
      "train_loss": 1.031782336998731,
      "train_loss_mean": 1.060228362865746
    },
    "16": {
      "train_loss": 1.0211756001226604,
      "train_loss_mean": 1.05559761794284
    },
    "17": {
      "train_loss": 1.0108544314280152,
      "train_loss_mean": 1.0433587696403264
    },
    "18": {
      "train_loss": 0.9987986981868744,
      "train_loss_mean": 1.04120560772717
    },
    "19": {
      "train_loss": 0.9927047532983124,
      "train_loss_mean": 1.033867613878101
    },
    "20": {
      "train_loss": 0.9840400218963623,
      "train_loss_mean": 1.0324115472845734
    }
  },
  "client_evaluate_metrics": {
    "1": {
      "eval_loss": 1.041068347170949,
      "eval_acc": 0.5
    },
    "2": {
      "eval_loss": 1.0492764748632908,
      "eval_acc": 0.5
    },
    "3": {
      "eval_loss": 1.0357930902391672,
      "eval_acc": 0.5
    },
    "4": {
      "eval_loss": 1.0454717632383108,
      "eval_acc": 0.5
    },
    "5": {
      "eval_loss": 1.041927881538868,
      "eval_acc": 0.5
    },
    "6": {
      "eval_loss": 1.0377699974924326,
      "eval_acc": 0.5
    },
    "7": {
      "eval_loss": 1.0339769087731838,
      "eval_acc": 0.5
    },
    "8": {
      "eval_loss": 1.0371903125196695,
      "eval_acc": 0.5
    },
    "9": {
      "eval_loss": 1.0709843896329403,
      "eval_acc": 0.5
    },
    "10": {
      "eval_loss": 1.0191017668694258,
      "eval_acc": 0.5
    },
    "11": {
      "eval_loss": 1.0091722309589386,
      "eval_acc": 0.5009765625
    },
    "12": {
      "eval_loss": 1.0103984717279673,
      "eval_acc": 0.5068359375
    },
    "13": {
      "eval_loss": 1.000679887831211,
      "eval_acc": 0.5244140625
    },
    "14": {
      "eval_loss": 0.9711113199591637,
      "eval_acc": 0.5224609375
    },
    "15": {
      "eval_loss": 0.9607808254659176,
      "eval_acc": 0.5234375
    },
    "16": {
      "eval_loss": 0.9398188441991806,
      "eval_acc": 0.5322265625
    },
    "17": {
      "eval_loss": 0.9316797945648432,
      "eval_acc": 0.5673828125
    },
    "18": {
      "eval_loss": 0.9386138897389174,
      "eval_acc": 0.552734375
    },
    "19": {
      "eval_loss": 0.9088790565729141,
      "eval_acc": 0.5546875
    },
    "20": {
      "eval_loss": 0.9014588445425034,
      "eval_acc": 0.564453125
    }
  },
  "server_evaluate_metrics": {
    "0": {
      "loss": 1.444567507505417,
      "accuracy": 0.0109375
    },
    "1": {
      "loss": 1.0336635053157806,
      "accuracy": 0.4953125
    },
    "2": {
      "loss": 1.037737739086151,
      "accuracy": 0.4953125
    },
    "3": {
      "loss": 1.0273354053497314,
      "accuracy": 0.4953125
    },
    "4": {
      "loss": 1.0384550124406815,
      "accuracy": 0.4953125
    },
    "5": {
      "loss": 1.0323326200246812,
      "accuracy": 0.4953125
    },
    "6": {
      "loss": 1.0305047780275345,
      "accuracy": 0.4953125
    },
    "7": {
      "loss": 1.0241174399852753,
      "accuracy": 0.4953125
    },
    "8": {
      "loss": 1.0248296856880188,
      "accuracy": 0.4953125
    },
    "9": {
      "loss": 1.0579644650220872,
      "accuracy": 0.4953125
    },
    "10": {
      "loss": 1.0080675929784775,
      "accuracy": 0.4953125
    },
    "11": {
      "loss": 1.0024085074663163,
      "accuracy": 0.4953125
    },
    "12": {
      "loss": 0.9995379328727723,
      "accuracy": 0.5046875
    },
    "13": {
      "loss": 0.9923593461513519,
      "accuracy": 0.5078125
    },
    "14": {
      "loss": 0.9699329972267151,
      "accuracy": 0.5
    },
    "15": {
      "loss": 0.9611175328493118,
      "accuracy": 0.4984375
    },
    "16": {
      "loss": 0.9436357080936432,
      "accuracy": 0.515625
    },
    "17": {
      "loss": 0.9332289010286331,
      "accuracy": 0.5546875
    },
    "18": {
      "loss": 0.9428697794675827,
      "accuracy": 0.55
    },
    "19": {
      "loss": 0.9181836605072021,
      "accuracy": 0.559375
    },
    "20": {
      "loss": 0.9120569586753845,
      "accuracy": 0.5609375
    }
  }
}
