{
  "metadata": {
    "run_name": "appendix-b__homogeneous__global-dp__fedmedian__noise-0.003__seed-42",
    "data_module": "experiments.reproduce.dataset.alzheimer:create_data_module",
    "partition_mode": "homogeneous",
    "partition_profile": "auto",
    "privacy": "global-dp",
    "aggregation": "fedmedian",
    "seed": 42,
    "num_clients": 4,
    "rounds": 20,
    "local_epochs": 5,
    "noise_multiplier": 0.003,
    "clipping_norm": 5.0,
    "initialization_pretrained": false,
    "initialization_epochs": 0,
    "initialization_final_loss": null
  },
  "train_metrics": {
    "1": {
      "train_loss": 0.9688718896359205,
      "train_loss_mean": 1.0305053101852537
    },
    "2": {
      "train_loss": 0.9490245743654668,
      "train_loss_mean": 0.9950999482534826
    },
    "3": {
      "train_loss": 0.8942017862573266,
      "train_loss_mean": 0.9371305346488953
    },
    "4": {
      "train_loss": 0.8279479001648724,
      "train_loss_mean": 0.8826639140024781
    },
    "5": {
      "train_loss": 0.7313150255940855,
      "train_loss_mean": 0.8196616395376624
    },
    "6": {
      "train_loss": 0.600720580201596,
      "train_loss_mean": 0.7186588285956531
    },
    "7": {
      "train_loss": 0.4386999170528725,
      "train_loss_mean": 0.5850839814171195
    },
    "8": {
      "train_loss": 0.30247228872030973,
      "train_loss_mean": 0.4494152436964214
    },
    "9": {
      "train_loss": 0.21069044986506924,
      "train_loss_mean": 0.3344450941076502
    },
    "10": {
      "train_loss": 0.13710722915129736,
      "train_loss_mean": 0.24583154100691898
    },
    "11": {
      "train_loss": 0.10074947419707314,
      "train_loss_mean": 0.17771192111613346
    },
    "12": {
      "train_loss": 0.0788020989530196,
      "train_loss_mean": 0.14456451464575368
    },
    "13": {
      "train_loss": 0.0747967036877526,
      "train_loss_mean": 0.10402726338033971
    },
    "14": {
      "train_loss": 0.06823053573589277,
      "train_loss_mean": 0.09040712649675696
    },
    "15": {
      "train_loss": 0.06067277420879691,
      "train_loss_mean": 0.07265621831375028
    },
    "16": {
      "train_loss": 0.04189988321195415,
      "train_loss_mean": 0.06305418651663786
    },
    "17": {
      "train_loss": 0.04644579173373131,
      "train_loss_mean": 0.05308307076211349
    },
    "18": {
      "train_loss": 0.045252018456722,
      "train_loss_mean": 0.05198445558221465
    },
    "19": {
      "train_loss": 0.055847168388481805,
      "train_loss_mean": 0.04707598373579458
    },
    "20": {
      "train_loss": 0.037317955877142595,
      "train_loss_mean": 0.037344919699739874
    }
  },
  "client_evaluate_metrics": {
    "1": {
      "eval_loss": 1.2441097684204578,
      "eval_acc": 0.5
    },
    "2": {
      "eval_loss": 1.1063402891159058,
      "eval_acc": 0.5361328125
    },
    "3": {
      "eval_loss": 0.9909353032708168,
      "eval_acc": 0.54296875
    },
    "4": {
      "eval_loss": 0.9346508458256721,
      "eval_acc": 0.5634765625
    },
    "5": {
      "eval_loss": 0.8584681022912264,
      "eval_acc": 0.5966796875
    },
    "6": {
      "eval_loss": 0.7974842172116041,
      "eval_acc": 0.64453125
    },
    "7": {
      "eval_loss": 0.6953344196081161,
      "eval_acc": 0.6826171875
    },
    "8": {
      "eval_loss": 0.5594038460403681,
      "eval_acc": 0.75
    },
    "9": {
      "eval_loss": 0.47167941834777594,
      "eval_acc": 0.796875
    },
    "10": {
      "eval_loss": 0.40676387352868915,
      "eval_acc": 0.83203125
    },
    "11": {
      "eval_loss": 0.30753604834899306,
      "eval_acc": 0.8837890625
    },
    "12": {
      "eval_loss": 0.2425109506584704,
      "eval_acc": 0.923828125
    },
    "13": {
      "eval_loss": 0.227453833213076,
      "eval_acc": 0.931640625
    },
    "14": {
      "eval_loss": 0.2033752598799765,
      "eval_acc": 0.9345703125
    },
    "15": {
      "eval_loss": 0.17912562482524663,
      "eval_acc": 0.9423828125
    },
    "16": {
      "eval_loss": 0.16390914117801003,
      "eval_acc": 0.958984375
    },
    "17": {
      "eval_loss": 0.16433134564431384,
      "eval_acc": 0.953125
    },
    "18": {
      "eval_loss": 0.18011601193575189,
      "eval_acc": 0.94921875
    },
    "19": {
      "eval_loss": 0.14926731277955696,
      "eval_acc": 0.962890625
    },
    "20": {
      "eval_loss": 0.17101904840092175,
      "eval_acc": 0.9599609375
    }
  },
  "server_evaluate_metrics": {
    "0": {
      "loss": 1.44056636095047,
      "accuracy": 0.0109375
    },
    "1": {
      "loss": 1.2422088265419007,
      "accuracy": 0.4953125
    },
    "2": {
      "loss": 1.0990002751350403,
      "accuracy": 0.5484375
    },
    "3": {
      "loss": 0.983066177368164,
      "accuracy": 0.56875
    },
    "4": {
      "loss": 0.9332049340009689,
      "accuracy": 0.5765625
    },
    "5": {
      "loss": 0.8679063588380813,
      "accuracy": 0.6078125
    },
    "6": {
      "loss": 0.81035335958004,
      "accuracy": 0.640625
    },
    "7": {
      "loss": 0.7240658044815064,
      "accuracy": 0.6875
    },
    "8": {
      "loss": 0.6196761667728424,
      "accuracy": 0.7375
    },
    "9": {
      "loss": 0.5598898023366928,
      "accuracy": 0.775
    },
    "10": {
      "loss": 0.5223887145519257,
      "accuracy": 0.7859375
    },
    "11": {
      "loss": 0.4337097145617008,
      "accuracy": 0.86875
    },
    "12": {
      "loss": 0.3816926710307598,
      "accuracy": 0.8828125
    },
    "13": {
      "loss": 0.35355984345078467,
      "accuracy": 0.8984375
    },
    "14": {
      "loss": 0.32326405867934227,
      "accuracy": 0.9171875
    },
    "15": {
      "loss": 0.3120982635766268,
      "accuracy": 0.9203125
    },
    "16": {
      "loss": 0.3128620032221079,
      "accuracy": 0.925
    },
    "17": {
      "loss": 0.27299986518919467,
      "accuracy": 0.9328125
    },
    "18": {
      "loss": 0.2632272232323885,
      "accuracy": 0.940625
    },
    "19": {
      "loss": 0.241928437538445,
      "accuracy": 0.9390625
    },
    "20": {
      "loss": 0.2421787677332759,
      "accuracy": 0.940625
    }
  }
}
