{
  "metadata": {
    "run_name": "appendix-b__homogeneous__global-dp__fedavg__noise-0.003__seed-42",
    "data_module": "experiments.reproduce.dataset.alzheimer:create_data_module",
    "partition_mode": "homogeneous",
    "partition_profile": "auto",
    "privacy": "global-dp",
    "aggregation": "fedavg",
    "seed": 42,
    "num_clients": 4,
    "rounds": 20,
    "local_epochs": 5,
    "noise_multiplier": 0.003,
    "clipping_norm": 5.0,
    "initialization_pretrained": false,
    "initialization_epochs": 0,
    "initialization_final_loss": null
  },
  "train_metrics": {
    "1": {
      "train_loss": 0.9754999899305403,
      "train_loss_mean": 1.031691856775433
    },
    "2": {
      "train_loss": 0.9425751552917063,
      "train_loss_mean": 0.9899463392794133
    },
    "3": {
      "train_loss": 0.8863634942099452,
      "train_loss_mean": 0.9344984101131558
    },
    "4": {
      "train_loss": 0.8189733219332993,
      "train_loss_mean": 0.878424566332251
    },
    "5": {
      "train_loss": 0.7102908547967672,
      "train_loss_mean": 0.8028883793391288
    },
    "6": {
      "train_loss": 0.5662831710651517,
      "train_loss_mean": 0.6966696297284215
    },
    "7": {
      "train_loss": 0.41555802745278925,
      "train_loss_mean": 0.5717149403877556
    },
    "8": {
      "train_loss": 0.2861273094895296,
      "train_loss_mean": 0.4339819410466589
    },
    "9": {
      "train_loss": 0.20182012376608327,
      "train_loss_mean": 0.32098660825286063
    },
    "10": {
      "train_loss": 0.15779987882706337,
      "train_loss_mean": 0.2313575499429135
    },
    "11": {
      "train_loss": 0.100165672825824,
      "train_loss_mean": 0.17594195572382887
    },
    "12": {
      "train_loss": 0.08419527611113153,
      "train_loss_mean": 0.13873091564673815
    },
    "13": {
      "train_loss": 0.06122777940981905,
      "train_loss_mean": 0.10982783670788193
    },
    "14": {
      "train_loss": 0.07188971292271162,
      "train_loss_mean": 0.10019201413342671
    },
    "15": {
      "train_loss": 0.056601055246574106,
      "train_loss_mean": 0.08103214255324928
    },
    "16": {
      "train_loss": 0.06230209644763818,
      "train_loss_mean": 0.07261051500831855
    },
    "17": {
      "train_loss": 0.05400299673783593,
      "train_loss_mean": 0.05971711514876006
    },
    "18": {
      "train_loss": 0.04201387054126826,
      "train_loss_mean": 0.05550231958227414
    },
    "19": {
      "train_loss": 0.045851497228568405,
      "train_loss_mean": 0.0507786180301764
    },
    "20": {
      "train_loss": 0.030598884496498613,
      "train_loss_mean": 0.039413433757636084
    }
  },
  "client_evaluate_metrics": {
    "1": {
      "eval_loss": 1.2386601604521275,
      "eval_acc": 0.5
    },
    "2": {
      "eval_loss": 1.1227223463356495,
      "eval_acc": 0.5361328125
    },
    "3": {
      "eval_loss": 1.0230692736804485,
      "eval_acc": 0.556640625
    },
    "4": {
      "eval_loss": 0.9338052403181791,
      "eval_acc": 0.57421875
    },
    "5": {
      "eval_loss": 0.8904115986078978,
      "eval_acc": 0.591796875
    },
    "6": {
      "eval_loss": 0.8153055291622877,
      "eval_acc": 0.6220703125
    },
    "7": {
      "eval_loss": 0.7124184984713793,
      "eval_acc": 0.6787109375
    },
    "8": {
      "eval_loss": 0.5822152709588408,
      "eval_acc": 0.7431640625
    },
    "9": {
      "eval_loss": 0.44899679627269506,
      "eval_acc": 0.814453125
    },
    "10": {
      "eval_loss": 0.344453951343894,
      "eval_acc": 0.8515625
    },
    "11": {
      "eval_loss": 0.27428001491352916,
      "eval_acc": 0.890625
    },
    "12": {
      "eval_loss": 0.23757907841354609,
      "eval_acc": 0.908203125
    },
    "13": {
      "eval_loss": 0.20138625404797494,
      "eval_acc": 0.93359375
    },
    "14": {
      "eval_loss": 0.19389336835592985,
      "eval_acc": 0.939453125
    },
    "15": {
      "eval_loss": 0.16034297371516004,
      "eval_acc": 0.9521484375
    },
    "16": {
      "eval_loss": 0.15801283722976223,
      "eval_acc": 0.9541015625
    },
    "17": {
      "eval_loss": 0.1441102628596127,
      "eval_acc": 0.962890625
    },
    "18": {
      "eval_loss": 0.1462495607265737,
      "eval_acc": 0.966796875
    },
    "19": {
      "eval_loss": 0.1419600419467315,
      "eval_acc": 0.96484375
    },
    "20": {
      "eval_loss": 0.1416547678236384,
      "eval_acc": 0.966796875
    }
  },
  "server_evaluate_metrics": {
    "0": {
      "loss": 1.44056636095047,
      "accuracy": 0.0109375
    },
    "1": {
      "loss": 1.2366729855537415,
      "accuracy": 0.4953125
    },
    "2": {
      "loss": 1.1163836419582367,
      "accuracy": 0.5328125
    },
    "3": {
      "loss": 1.0160449475049973,
      "accuracy": 0.5734375
    },
    "4": {
      "loss": 0.9318247228860855,
      "accuracy": 0.596875
    },
    "5": {
      "loss": 0.8950681298971176,
      "accuracy": 0.6125
    },
    "6": {
      "loss": 0.8260967195034027,
      "accuracy": 0.6453125
    },
    "7": {
      "loss": 0.7375953972339631,
      "accuracy": 0.6796875
    },
    "8": {
      "loss": 0.6324189364910126,
      "accuracy": 0.7328125
    },
    "9": {
      "loss": 0.5308610394597053,
      "accuracy": 0.79375
    },
    "10": {
      "loss": 0.4682044342160225,
      "accuracy": 0.8203125
    },
    "11": {
      "loss": 0.40820261761546134,
      "accuracy": 0.8734375
    },
    "12": {
      "loss": 0.36655779778957365,
      "accuracy": 0.8875
    },
    "13": {
      "loss": 0.32844029404222963,
      "accuracy": 0.9125
    },
    "14": {
      "loss": 0.30938177518546583,
      "accuracy": 0.915625
    },
    "15": {
      "loss": 0.29133767280727624,
      "accuracy": 0.9328125
    },
    "16": {
      "loss": 0.27740997429937125,
      "accuracy": 0.928125
    },
    "17": {
      "loss": 0.2641651378944516,
      "accuracy": 0.940625
    },
    "18": {
      "loss": 0.262622803915292,
      "accuracy": 0.9421875
    },
    "19": {
      "loss": 0.2617909461259842,
      "accuracy": 0.9484375
    },
    "20": {
      "loss": 0.2636281423270702,
      "accuracy": 0.95
    }
  }
}
