{
  "metadata": {
    "run_name": "appendix-b__homogeneous__global-dp__fedopt__noise-0.003__seed-42",
    "data_module": "experiments.reproduce.dataset.alzheimer:create_data_module",
    "partition_mode": "homogeneous",
    "partition_profile": "auto",
    "privacy": "global-dp",
    "aggregation": "fedopt",
    "seed": 42,
    "num_clients": 4,
    "rounds": 20,
    "local_epochs": 5,
    "noise_multiplier": 0.003,
    "clipping_norm": 5.0,
    "initialization_pretrained": true,
    "initialization_epochs": 20,
    "initialization_final_loss": 0.69656822681427
  },
  "train_metrics": {
    "1": {
      "train_loss": 0.6284135121386498,
      "train_loss_mean": 0.7339017868041993
    },
    "2": {
      "train_loss": 0.9810685757547617,
      "train_loss_mean": 5.07112893499434
    },
    "3": {
      "train_loss": 1.0536168362013996,
      "train_loss_mean": 13.116663051489741
    },
    "4": {
      "train_loss": 1.0389692978933454,
      "train_loss_mean": 1.0433206414803862
    },
    "5": {
      "train_loss": 1.0369127760641277,
      "train_loss_mean": 1.0622744118794798
    },
    "6": {
      "train_loss": 1.0364766931161284,
      "train_loss_mean": 1.0392098758369683
    },
    "7": {
      "train_loss": 1.0370446480810642,
      "train_loss_mean": 1.1150472225621342
    },
    "8": {
      "train_loss": 1.0362874013371766,
      "train_loss_mean": 1.03921557655558
    },
    "9": {
      "train_loss": 1.0362716973759234,
      "train_loss_mean": 1.0570410169661046
    },
    "10": {
      "train_loss": 1.0361978425644338,
      "train_loss_mean": 1.0397963989526033
    },
    "11": {
      "train_loss": 1.0364732439629734,
      "train_loss_mean": 1.0564513449557125
    },
    "12": {
      "train_loss": 1.0361427403986454,
      "train_loss_mean": 1.0393089498393238
    },
    "13": {
      "train_loss": 1.0364665114320815,
      "train_loss_mean": 1.0573525963351131
    },
    "14": {
      "train_loss": 1.0361284031532705,
      "train_loss_mean": 1.039231055881828
    },
    "15": {
      "train_loss": 1.0370919252745807,
      "train_loss_mean": 1.0854901907965542
    },
    "16": {
      "train_loss": 1.0360444393008947,
      "train_loss_mean": 1.0393887843936682
    },
    "17": {
      "train_loss": 1.0362109178677201,
      "train_loss_mean": 1.2044415017589927
    },
    "18": {
      "train_loss": 30.67384323105216,
      "train_loss_mean": 31.93814851455391
    },
    "19": {
      "train_loss": 43.48098060488701,
      "train_loss_mean": 43.60686939656735
    },
    "20": {
      "train_loss": 43.54033952951431,
      "train_loss_mean": 43.54033952355385
    }
  },
  "client_evaluate_metrics": {
    "1": {
      "eval_loss": 31.274656176567078,
      "eval_acc": 0.4404296875
    },
    "2": {
      "eval_loss": 56.973451018333435,
      "eval_acc": 0.34765625
    },
    "3": {
      "eval_loss": 1.061850095167756,
      "eval_acc": 0.5
    },
    "4": {
      "eval_loss": 1.1779810320585966,
      "eval_acc": 0.34765625
    },
    "5": {
      "eval_loss": 1.0659410078078508,
      "eval_acc": 0.5
    },
    "6": {
      "eval_loss": 8.845895022153854,
      "eval_acc": 0.34765625
    },
    "7": {
      "eval_loss": 1.0678946431726217,
      "eval_acc": 0.5
    },
    "8": {
      "eval_loss": 1.1532885245978832,
      "eval_acc": 0.34765625
    },
    "9": {
      "eval_loss": 1.0747573543339968,
      "eval_acc": 0.5
    },
    "10": {
      "eval_loss": 1.1467594373971224,
      "eval_acc": 0.34765625
    },
    "11": {
      "eval_loss": 1.0702822897583246,
      "eval_acc": 0.5
    },
    "12": {
      "eval_loss": 1.1499134711921215,
      "eval_acc": 0.34765625
    },
    "13": {
      "eval_loss": 1.069392191246152,
      "eval_acc": 0.5
    },
    "14": {
      "eval_loss": 4.409010298550129,
      "eval_acc": 0.34765625
    },
    "15": {
      "eval_loss": 1.0700684320181608,
      "eval_acc": 0.5
    },
    "16": {
      "eval_loss": 1.1478445511311293,
      "eval_acc": 0.34765625
    },
    "17": {
      "eval_loss": 43.66827392578125,
      "eval_acc": 0.5
    },
    "18": {
      "eval_loss": 43.66827392578125,
      "eval_acc": 0.5
    },
    "19": {
      "eval_loss": 43.66827392578125,
      "eval_acc": 0.5
    },
    "20": {
      "eval_loss": 43.66827392578125,
      "eval_acc": 0.5
    }
  },
  "server_evaluate_metrics": {
    "0": {
      "loss": 0.9586330324411392,
      "accuracy": 0.571875
    },
    "1": {
      "loss": 30.58110294342041,
      "accuracy": 0.440625
    },
    "2": {
      "loss": 55.94997577667236,
      "accuracy": 0.359375
    },
    "3": {
      "loss": 1.0591688722372055,
      "accuracy": 0.4953125
    },
    "4": {
      "loss": 1.1612630546092988,
      "accuracy": 0.359375
    },
    "5": {
      "loss": 1.0646433740854264,
      "accuracy": 0.4953125
    },
    "6": {
      "loss": 8.655474424362183,
      "accuracy": 0.359375
    },
    "7": {
      "loss": 1.0668610215187073,
      "accuracy": 0.4953125
    },
    "8": {
      "loss": 1.1370064109563827,
      "accuracy": 0.359375
    },
    "9": {
      "loss": 1.0739782571792602,
      "accuracy": 0.4953125
    },
    "10": {
      "loss": 1.1310551345348359,
      "accuracy": 0.359375
    },
    "11": {
      "loss": 1.0693961441516877,
      "accuracy": 0.4953125
    },
    "12": {
      "loss": 1.1341431617736817,
      "accuracy": 0.359375
    },
    "13": {
      "loss": 1.0684650748968125,
      "accuracy": 0.4953125
    },
    "14": {
      "loss": 4.452596306800842,
      "accuracy": 0.359375
    },
    "15": {
      "loss": 1.0694465458393096,
      "accuracy": 0.4953125
    },
    "16": {
      "loss": 1.1448186725378036,
      "accuracy": 0.359375
    },
    "17": {
      "loss": 44.07766399383545,
      "accuracy": 0.4953125
    },
    "18": {
      "loss": 44.07766399383545,
      "accuracy": 0.4953125
    },
    "19": {
      "loss": 44.07766399383545,
      "accuracy": 0.4953125
    },
    "20": {
      "loss": 44.07766399383545,
      "accuracy": 0.4953125
    }
  }
}
