{
  "metadata": {
    "run_name": "appendix-b__homogeneous__global-dp__fedprox__noise-0.003__seed-42",
    "data_module": "experiments.reproduce.dataset.alzheimer:create_data_module",
    "partition_mode": "homogeneous",
    "partition_profile": "auto",
    "privacy": "global-dp",
    "aggregation": "fedprox",
    "seed": 42,
    "num_clients": 4,
    "rounds": 20,
    "local_epochs": 5,
    "noise_multiplier": 0.003,
    "clipping_norm": 5.0,
    "initialization_pretrained": false,
    "initialization_epochs": 0,
    "initialization_final_loss": null
  },
  "train_metrics": {
    "1": {
      "train_loss": 1.1865143715403974,
      "train_loss_mean": 1.234641667548567
    },
    "2": {
      "train_loss": 1.1022375184111297,
      "train_loss_mean": 1.1281410242430865
    },
    "3": {
      "train_loss": 1.0738591104745865,
      "train_loss_mean": 1.092128728609532
    },
    "4": {
      "train_loss": 1.0677262684330344,
      "train_loss_mean": 1.0862106483429672
    },
    "5": {
      "train_loss": 1.0602890360169113,
      "train_loss_mean": 1.0744422980584203
    },
    "6": {
      "train_loss": 1.0484493654221296,
      "train_loss_mean": 1.0667692505754531
    },
    "7": {
      "train_loss": 1.0418674941174686,
      "train_loss_mean": 1.063881215080619
    },
    "8": {
      "train_loss": 1.0392214758321643,
      "train_loss_mean": 1.0630965996533632
    },
    "9": {
      "train_loss": 1.0358471376821399,
      "train_loss_mean": 1.057673391792923
    },
    "10": {
      "train_loss": 1.0243941224180162,
      "train_loss_mean": 1.0498962501063942
    },
    "11": {
      "train_loss": 1.016006232239306,
      "train_loss_mean": 1.0493895716033876
    },
    "12": {
      "train_loss": 1.0030360613018274,
      "train_loss_mean": 1.0377772121690214
    },
    "13": {
      "train_loss": 0.9945199699141085,
      "train_loss_mean": 1.0341387654654683
    },
    "14": {
      "train_loss": 0.9865149650722742,
      "train_loss_mean": 1.0252468162216246
    },
    "15": {
      "train_loss": 0.9779956769198179,
      "train_loss_mean": 1.0177529181353748
    },
    "16": {
      "train_loss": 0.9804637716151774,
      "train_loss_mean": 1.011620191950351
    },
    "17": {
      "train_loss": 0.9697736101225019,
      "train_loss_mean": 1.0034682428464294
    },
    "18": {
      "train_loss": 0.9636259097605944,
      "train_loss_mean": 0.9948607134632765
    },
    "19": {
      "train_loss": 0.9573185541667044,
      "train_loss_mean": 0.9844649012200535
    },
    "20": {
      "train_loss": 0.9553718427196145,
      "train_loss_mean": 0.9769294855184854
    }
  },
  "client_evaluate_metrics": {
    "1": {
      "eval_loss": 1.0472652819007635,
      "eval_acc": 0.5
    },
    "2": {
      "eval_loss": 1.0347329322248697,
      "eval_acc": 0.5
    },
    "3": {
      "eval_loss": 1.0340080596506596,
      "eval_acc": 0.5
    },
    "4": {
      "eval_loss": 1.030798902735114,
      "eval_acc": 0.5
    },
    "5": {
      "eval_loss": 1.0258952379226685,
      "eval_acc": 0.5
    },
    "6": {
      "eval_loss": 1.0210505779832602,
      "eval_acc": 0.5
    },
    "7": {
      "eval_loss": 1.0125325731933117,
      "eval_acc": 0.5
    },
    "8": {
      "eval_loss": 1.0027764607220888,
      "eval_acc": 0.5048828125
    },
    "9": {
      "eval_loss": 0.9934032112360001,
      "eval_acc": 0.5126953125
    },
    "10": {
      "eval_loss": 0.9854352325201035,
      "eval_acc": 0.517578125
    },
    "11": {
      "eval_loss": 0.9754905682057142,
      "eval_acc": 0.51171875
    },
    "12": {
      "eval_loss": 0.9676064215600491,
      "eval_acc": 0.5224609375
    },
    "13": {
      "eval_loss": 0.9568785727024078,
      "eval_acc": 0.5263671875
    },
    "14": {
      "eval_loss": 0.9497869964689016,
      "eval_acc": 0.53515625
    },
    "15": {
      "eval_loss": 0.9493202082812786,
      "eval_acc": 0.53515625
    },
    "16": {
      "eval_loss": 0.9421406500041485,
      "eval_acc": 0.5419921875
    },
    "17": {
      "eval_loss": 0.9433222096413374,
      "eval_acc": 0.5380859375
    },
    "18": {
      "eval_loss": 0.9340071398764849,
      "eval_acc": 0.544921875
    },
    "19": {
      "eval_loss": 0.9294952657073736,
      "eval_acc": 0.5419921875
    },
    "20": {
      "eval_loss": 0.922226907685399,
      "eval_acc": 0.5400390625
    }
  },
  "server_evaluate_metrics": {
    "0": {
      "loss": 1.44056636095047,
      "accuracy": 0.0109375
    },
    "1": {
      "loss": 1.0392790347337724,
      "accuracy": 0.4953125
    },
    "2": {
      "loss": 1.0249400109052658,
      "accuracy": 0.4953125
    },
    "3": {
      "loss": 1.024581927061081,
      "accuracy": 0.4953125
    },
    "4": {
      "loss": 1.020152857899666,
      "accuracy": 0.4953125
    },
    "5": {
      "loss": 1.013636875152588,
      "accuracy": 0.4953125
    },
    "6": {
      "loss": 1.0068166613578797,
      "accuracy": 0.4953125
    },
    "7": {
      "loss": 0.9972002983093262,
      "accuracy": 0.496875
    },
    "8": {
      "loss": 0.9874454617500306,
      "accuracy": 0.5078125
    },
    "9": {
      "loss": 0.9771250307559967,
      "accuracy": 0.5171875
    },
    "10": {
      "loss": 0.9696943402290344,
      "accuracy": 0.51875
    },
    "11": {
      "loss": 0.9596892416477203,
      "accuracy": 0.5140625
    },
    "12": {
      "loss": 0.9522672593593597,
      "accuracy": 0.50625
    },
    "13": {
      "loss": 0.9432425320148468,
      "accuracy": 0.53125
    },
    "14": {
      "loss": 0.9372250825166702,
      "accuracy": 0.528125
    },
    "15": {
      "loss": 0.9371306031942368,
      "accuracy": 0.5453125
    },
    "16": {
      "loss": 0.9323279589414597,
      "accuracy": 0.55
    },
    "17": {
      "loss": 0.9342432767152786,
      "accuracy": 0.54375
    },
    "18": {
      "loss": 0.9288010150194168,
      "accuracy": 0.5390625
    },
    "19": {
      "loss": 0.9223166167736053,
      "accuracy": 0.5421875
    },
    "20": {
      "loss": 0.9171089053153991,
      "accuracy": 0.553125
    }
  }
}
