{
  "metadata": {
    "run_name": "appendix-b__homogeneous__metric-privacy__fedavgm__noise-0.003__seed-42",
    "data_module": "experiments.reproduce.dataset.alzheimer:create_data_module",
    "partition_mode": "homogeneous",
    "partition_profile": "auto",
    "privacy": "metric-privacy",
    "aggregation": "fedavgm",
    "seed": 42,
    "num_clients": 4,
    "rounds": 20,
    "local_epochs": 5,
    "noise_multiplier": 0.003,
    "clipping_norm": 5.0,
    "initialization_pretrained": true,
    "initialization_epochs": 20,
    "initialization_final_loss": 0.6395339161157608
  },
  "train_metrics": {
    "1": {
      "train_loss": 0.5718997775111347,
      "train_loss_mean": 0.7054828346241265,
      "metric-dp-distance": 1.6013952697006364,
      "metric-dp-noise-stdv": 0.0023417079286746126
    },
    "2": {
      "train_loss": 0.5641842391341925,
      "train_loss_mean": 0.6968033730983734,
      "metric-dp-distance": 1.5279157511734713,
      "metric-dp-noise-stdv": 0.002454323804908695
    },
    "3": {
      "train_loss": 0.5345936655066907,
      "train_loss_mean": 0.6790900718420744,
      "metric-dp-distance": 1.6056765291529398,
      "metric-dp-noise-stdv": 0.0023354641684762488
    },
    "4": {
      "train_loss": 0.5154828072991222,
      "train_loss_mean": 0.6627594645600766,
      "metric-dp-distance": 1.5665837295042973,
      "metric-dp-noise-stdv": 0.0023937437427532745
    },
    "5": {
      "train_loss": 0.48323105252347887,
      "train_loss_mean": 0.6378687084652483,
      "metric-dp-distance": 1.5893665249459445,
      "metric-dp-noise-stdv": 0.002359430591460041
    },
    "6": {
      "train_loss": 0.4386551162460819,
      "train_loss_mean": 0.6103610753780231,
      "metric-dp-distance": 1.6192417774970334,
      "metric-dp-noise-stdv": 0.002315898744779558
    },
    "7": {
      "train_loss": 0.4136115174042061,
      "train_loss_mean": 0.5861201571067796,
      "metric-dp-distance": 1.6375238023077447,
      "metric-dp-noise-stdv": 0.0022900430483606803
    },
    "8": {
      "train_loss": 0.3880456378683448,
      "train_loss_mean": 0.5598683000076563,
      "metric-dp-distance": 1.638546556700021,
      "metric-dp-noise-stdv": 0.0022886136403425586
    },
    "9": {
      "train_loss": 0.3554244685219601,
      "train_loss_mean": 0.5365214936668052,
      "metric-dp-distance": 1.5964454886658739,
      "metric-dp-noise-stdv": 0.0023489683967435806
    },
    "10": {
      "train_loss": 0.33269423013553023,
      "train_loss_mean": 0.5099321345798671,
      "metric-dp-distance": 1.6084734927862883,
      "metric-dp-noise-stdv": 0.0023314030456939886
    },
    "11": {
      "train_loss": 0.31021351215895265,
      "train_loss_mean": 0.4927612062776462,
      "metric-dp-distance": 1.5936201877581577,
      "metric-dp-noise-stdv": 0.0023531328410663225
    },
    "12": {
      "train_loss": 0.29629987687803805,
      "train_loss_mean": 0.4638780347420834,
      "metric-dp-distance": 1.571684719917054,
      "metric-dp-noise-stdv": 0.002385974713934934
    },
    "13": {
      "train_loss": 0.26037228817585856,
      "train_loss_mean": 0.4390739591908641,
      "metric-dp-distance": 1.5528192406830688,
      "metric-dp-noise-stdv": 0.002414962348322278
    },
    "14": {
      "train_loss": 0.23874917585635558,
      "train_loss_mean": 0.4160392898367718,
      "metric-dp-distance": 1.5491113866058488,
      "metric-dp-noise-stdv": 0.0024207426479617884
    },
    "15": {
      "train_loss": 0.2266455000208225,
      "train_loss_mean": 0.3935467872361187,
      "metric-dp-distance": 1.5152710039013375,
      "metric-dp-noise-stdv": 0.002474804830518733
    },
    "16": {
      "train_loss": 0.19809353031450883,
      "train_loss_mean": 0.3705427906126715,
      "metric-dp-distance": 1.4873772487820436,
      "metric-dp-noise-stdv": 0.002521216458750281
    },
    "17": {
      "train_loss": 0.18912394676590338,
      "train_loss_mean": 0.3509398015565239,
      "metric-dp-distance": 1.4808285378385335,
      "metric-dp-noise-stdv": 0.0025323661073371967
    },
    "18": {
      "train_loss": 0.17522174620535225,
      "train_loss_mean": 0.3361583277233876,
      "metric-dp-distance": 1.4074328444742907,
      "metric-dp-noise-stdv": 0.0026644255281684246
    },
    "19": {
      "train_loss": 0.17907952202949673,
      "train_loss_mean": 0.3158454261603765,
      "metric-dp-distance": 1.4279971758369356,
      "metric-dp-noise-stdv": 0.0026260556137319814
    },
    "20": {
      "train_loss": 0.15503820969024673,
      "train_loss_mean": 0.2953759083407931,
      "metric-dp-distance": 1.4230435247688245,
      "metric-dp-noise-stdv": 0.002635196980787494
    }
  },
  "client_evaluate_metrics": {
    "1": {
      "eval_loss": 0.8000655565410852,
      "eval_acc": 0.6396484375
    },
    "2": {
      "eval_loss": 0.7934901155531406,
      "eval_acc": 0.6396484375
    },
    "3": {
      "eval_loss": 0.7852730751037598,
      "eval_acc": 0.6416015625
    },
    "4": {
      "eval_loss": 0.7716731149703264,
      "eval_acc": 0.650390625
    },
    "5": {
      "eval_loss": 0.7664989624172449,
      "eval_acc": 0.6552734375
    },
    "6": {
      "eval_loss": 0.7598450910300016,
      "eval_acc": 0.6611328125
    },
    "7": {
      "eval_loss": 0.7450193054974079,
      "eval_acc": 0.6630859375
    },
    "8": {
      "eval_loss": 0.7319913078099489,
      "eval_acc": 0.673828125
    },
    "9": {
      "eval_loss": 0.7227741647511721,
      "eval_acc": 0.6796875
    },
    "10": {
      "eval_loss": 0.7046556305140257,
      "eval_acc": 0.6904296875
    },
    "11": {
      "eval_loss": 0.696111086755991,
      "eval_acc": 0.689453125
    },
    "12": {
      "eval_loss": 0.6741743851453066,
      "eval_acc": 0.7021484375
    },
    "13": {
      "eval_loss": 0.6625287160277367,
      "eval_acc": 0.7138671875
    },
    "14": {
      "eval_loss": 0.6455171722918749,
      "eval_acc": 0.7265625
    },
    "15": {
      "eval_loss": 0.6217639446258545,
      "eval_acc": 0.7353515625
    },
    "16": {
      "eval_loss": 0.6047421135008335,
      "eval_acc": 0.740234375
    },
    "17": {
      "eval_loss": 0.5803230218589306,
      "eval_acc": 0.7451171875
    },
    "18": {
      "eval_loss": 0.5517322812229395,
      "eval_acc": 0.759765625
    },
    "19": {
      "eval_loss": 0.5308246547356248,
      "eval_acc": 0.76953125
    },
    "20": {
      "eval_loss": 0.5062815779820085,
      "eval_acc": 0.7841796875
    }
  },
  "server_evaluate_metrics": {
    "0": {
      "loss": 0.8020545303821563,
      "accuracy": 0.634375
    },
    "1": {
      "loss": 0.796852958202362,
      "accuracy": 0.6328125
    },
    "2": {
      "loss": 0.7892365545034409,
      "accuracy": 0.646875
    },
    "3": {
      "loss": 0.7799583613872528,
      "accuracy": 0.653125
    },
    "4": {
      "loss": 0.7687818974256515,
      "accuracy": 0.6609375
    },
    "5": {
      "loss": 0.7613542318344116,
      "accuracy": 0.665625
    },
    "6": {
      "loss": 0.7539713054895401,
      "accuracy": 0.678125
    },
    "7": {
      "loss": 0.7401849210262299,
      "accuracy": 0.6796875
    },
    "8": {
      "loss": 0.7294275492429734,
      "accuracy": 0.684375
    },
    "9": {
      "loss": 0.7198233887553215,
      "accuracy": 0.69375
    },
    "10": {
      "loss": 0.7069957479834557,
      "accuracy": 0.69375
    },
    "11": {
      "loss": 0.695113830268383,
      "accuracy": 0.703125
    },
    "12": {
      "loss": 0.6789364069700241,
      "accuracy": 0.7171875
    },
    "13": {
      "loss": 0.6657730787992477,
      "accuracy": 0.7109375
    },
    "14": {
      "loss": 0.6487282097339631,
      "accuracy": 0.7140625
    },
    "15": {
      "loss": 0.6290957719087601,
      "accuracy": 0.7234375
    },
    "16": {
      "loss": 0.6146619975566864,
      "accuracy": 0.7234375
    },
    "17": {
      "loss": 0.5944409862160682,
      "accuracy": 0.7328125
    },
    "18": {
      "loss": 0.5705541506409645,