{
  "metadata": {
    "run_name": "appendix-b__homogeneous__metric-privacy__fedavg__noise-0.003__seed-42",
    "data_module": "experiments.reproduce.dataset.alzheimer:create_data_module",
    "partition_mode": "homogeneous",
    "partition_profile": "auto",
    "privacy": "metric-privacy",
    "aggregation": "fedavg",
    "seed": 42,
    "num_clients": 4,
    "rounds": 20,
    "local_epochs": 5,
    "noise_multiplier": 0.003,
    "clipping_norm": 5.0,
    "initialization_pretrained": false,
    "initialization_epochs": 0,
    "initialization_final_loss": null
  },
  "train_metrics": {
    "1": {
      "train_loss": 0.974641949404031,
      "train_loss_mean": 1.0323358320631086,
      "metric-dp-distance": 1.661093601801743,
      "metric-dp-noise-stdv": 0.002257548879805736
    },
    "2": {
      "train_loss": 0.9405403765849769,
      "train_loss_mean": 0.9910729536786675,
      "metric-dp-distance": 1.389940739609301,
      "metric-dp-noise-stdv": 0.002697956749619476
    },
    "3": {
      "train_loss": 0.8909273413009942,
      "train_loss_mean": 0.9344957100227476,
      "metric-dp-distance": 1.3520343322306871,
      "metric-dp-noise-stdv": 0.0027735982072385475
    },
    "4": {
      "train_loss": 0.8209476715419441,
      "train_loss_mean": 0.8858094315510243,
      "metric-dp-distance": 1.2869405495390918,
      "metric-dp-noise-stdv": 0.0029138875151171785
    },
    "5": {
      "train_loss": 0.7025032404344529,
      "train_loss_mean": 0.8009025235194712,
      "metric-dp-distance": 1.3463741419060777,
      "metric-dp-noise-stdv": 0.0027852584829734482
    },
    "6": {
      "train_loss": 0.5762971276417375,
      "train_loss_mean": 0.6996681838296355,
      "metric-dp-distance": 1.286211379027615,
      "metric-dp-noise-stdv": 0.0029155394370986103
    },
    "7": {
      "train_loss": 0.43118859676178545,
      "train_loss_mean": 0.5738030169624835,
      "metric-dp-distance": 1.2762760495146115,
      "metric-dp-noise-stdv": 0.0029382358161670324
    },
    "8": {
      "train_loss": 0.28900320088723674,
      "train_loss_mean": 0.4378427454154007,
      "metric-dp-distance": 1.2007101638009772,
      "metric-dp-noise-stdv": 0.003123151708926134
    },
    "9": {
      "train_loss": 0.2030225702037569,
      "train_loss_mean": 0.3266782413527835,
      "metric-dp-distance": 1.157030210752661,
      "metric-dp-noise-stdv": 0.003241056253458225
    },
    "10": {
      "train_loss": 0.14945931796682999,
      "train_loss_mean": 0.24186437789758203,
      "metric-dp-distance": 1.0836268576482933,
      "metric-dp-noise-stdv": 0.003460600827242616
    },
    "11": {
      "train_loss": 0.10748632279137382,
      "train_loss_mean": 0.1795403391777654,
      "metric-dp-distance": 1.0395027017220855,
      "metric-dp-noise-stdv": 0.0036074942314123734
    },
    "12": {
      "train_loss": 0.09114235088782152,
      "train_loss_mean": 0.1383652319738758,
      "metric-dp-distance": 1.0201404788531363,
      "metric-dp-noise-stdv": 0.0036759643183807682
    },
    "13": {
      "train_loss": 0.0681733337296464,
      "train_loss_mean": 0.1056158317172958,
      "metric-dp-distance": 1.0073200575231265,
      "metric-dp-noise-stdv": 0.0037227492612633755
    },
    "14": {
      "train_loss": 0.05573476693825796,
      "train_loss_mean": 0.08394544427765141,
      "metric-dp-distance": 0.969203032553196,
      "metric-dp-noise-stdv": 0.00386915834355293
    },
    "15": {
      "train_loss": 0.05210544658075378,
      "train_loss_mean": 0.07311587969898029,
      "metric-dp-distance": 0.9910959181142971,
      "metric-dp-noise-stdv": 0.0037836902881558786
    },
    "16": {
      "train_loss": 0.04353252067357971,
      "train_loss_mean": 0.06572114365990274,
      "metric-dp-distance": 1.0734318281368662,
      "metric-dp-noise-stdv": 0.003493468240557762
    },
    "17": {
      "train_loss": 0.03744847712397359,
      "train_loss_mean": 0.05854389153251986,
      "metric-dp-distance": 0.9858740860751519,
      "metric-dp-noise-stdv": 0.003803731179231079
    },
    "18": {
      "train_loss": 0.044176782301292405,
      "train_loss_mean": 0.04890321916479934,
      "metric-dp-distance": 1.059501448723798,
      "metric-dp-noise-stdv": 0.003539400540241819
    },
    "19": {
      "train_loss": 0.034314737777435766,
      "train_loss_mean": 0.04508521427781034,
      "metric-dp-distance": 1.0194472890192021,
      "metric-dp-noise-stdv": 0.003678463850355451
    },
    "20": {
      "train_loss": 0.046231054249687986,
      "train_loss_mean": 0.04336364117373251,
      "metric-dp-distance": 1.1021486601481836,
      "metric-dp-noise-stdv": 0.0034024448203709774
    }
  },
  "client_evaluate_metrics": {
    "1": {
      "eval_loss": 1.2314305789768696,
      "eval_acc": 0.5
    },
    "2": {
      "eval_loss": 1.118665136396885,
      "eval_acc": 0.5146484375
    },
    "3": {
      "eval_loss": 1.0404838994145393,
      "eval_acc": 0.5556640625
    },
    "4": {
      "eval_loss": 0.9458940103650093,
      "eval_acc": 0.5751953125
    },
    "5": {
      "eval_loss": 0.8658457882702351,
      "eval_acc": 0.623046875
    },
    "6": {
      "eval_loss": 0.7882910426706076,
      "eval_acc": 0.6611328125
    },
    "7": {
      "eval_loss": 0.6897052731364965,
      "eval_acc": 0.6982421875
    },
    "8": {
      "eval_loss": 0.5718161938712001,
      "eval_acc": 0.7451171875
    },
    "9": {
      "eval_loss": 0.47963259741663933,
      "eval_acc": 0.787109375
    },
    "10": {
      "eval_loss": 0.36986265052109957,
      "eval_acc": 0.8466796875
    },
    "11": {
      "eval_loss": 0.3254202250391245,
      "eval_acc": 0.873046875
    },
    "12": {
      "eval_loss": 0.2920331812929362,
      "eval_acc": 0.8974609375
    },
    "13": {
      "eval_loss": 0.2507547882851213,
      "eval_acc": 0.916015625
    },
    "14": {
      "eval_loss": 0.21718028548639268,
      "eval_acc": 0.9296875
    },
    "15": {
      "eval_loss": 0.20517887745518237,
      "eval_acc": 0.9365234375
    },
    "16": {
      "eval_loss": 0.19682863948401064,
      "eval_acc": 0.9453125
    },
    "17": {
      "eval_loss": 0.16535123658832163,
      "eval_acc": 0.951171875
    },
    "18": {
      "eval_loss": 0.15219738977611996,
      "eval_acc": 0.9599609375
    },
    "19": {
      "eval_loss": 0.15216123388381675,
      "eval_acc": 0.9609375
    },
    "20": {
      "eval_loss": 0.1356433044275036,
      "eval_acc": 0.966796875
    }
  },
  "server_evaluate_metrics": {
    "0": {
      "loss": 1.44056636095047,
      "accuracy": 0.0109375
    },
    "1": {
      "loss": 1.2290124893188477,
      "accuracy": 0.4953125
    },
    "2": {
      "loss": 1.1116988956928253,
      "accuracy": 0.5265625
    },
    "3": {
      "loss": 1.0335986226797105,
      "accuracy": 0.584375
    },
    "4": {
      "loss": 0.9423839747905731,
      "accuracy": 0.6
    },
    "5": {
      "loss": 0.8720635920763016,
      "accuracy": 0.6203125
    },
    "6": {
      "loss": 0.8053416341543198,
      "accuracy": 0.6546875
    },
    "7": {
      "loss": 0.7189269721508026,
      "accuracy": 0.6953125
    },
    "8": {
      "loss": 0.6163221299648285,
      "accuracy": 0.75
    },
    "9": {
      "loss": 0.5365844041109085,
      "accuracy": 0.78125
    },
    "10": {
      "loss": 0.44784347265958785,
      "accuracy": 0.8421875
    },
    "11": {
      "loss": 0.41588490903377534,
      "accuracy": 0.86875
    },
    "12": {
      "loss": 0.3968828096985817,
      "accuracy": 0.884375
    },
    "13": {
      "loss": 0.33468052968382833,
      "accuracy": 0.9015625
    },
    "14": {
      "loss": 0.32966079078614713,
      "accuracy": 0.925
    },
    "15": {
      "loss": 0.30663296654820443,
      "accuracy": 0.93125
    },
    "16": {
      "loss": 0.28706412501633166,
      "accuracy": 0.9421875
    },
    "17": {
      "loss": 0.3020266491919756,
      "accuracy": 0.9375
    },
    "18": {
      "loss": 0.2728778004646301,
      "accuracy": 0.946875
    },