{
  "metadata": {
    "run_name": "appendix-b__homogeneous__global-dp__fedavg__noise-0.1__seed-42",
    "data_module": "experiments.reproduce.dataset.alzheimer:create_data_module",
    "partition_mode": "homogeneous",
    "partition_profile": "auto",
    "privacy": "global-dp",
    "aggregation": "fedavg",
    "seed": 42,
    "num_clients": 4,
    "rounds": 20,
    "local_epochs": 5,
    "noise_multiplier": 0.1,
    "clipping_norm": 5.0,
    "initialization_pretrained": false,
    "initialization_epochs": 0,
    "initialization_final_loss": null
  },
  "train_metrics": {
    "1": {
      "train_loss": 0.9725949615240097,
      "train_loss_mean": 1.0316273615695535
    },
    "2": {
      "train_loss": 0.990695409476757,
      "train_loss_mean": 1.847509959805757
    },
    "3": {
      "train_loss": 1.1650728322565556,
      "train_loss_mean": 4.460304243303836
    },
    "4": {
      "train_loss": 1.1228117663413286,
      "train_loss_mean": 1.361937787849456
    },
    "5": {
      "train_loss": 1.0553425610996783,
      "train_loss_mean": 1.7763568862341343
    },
    "6": {
      "train_loss": 13.393126528244466,
      "train_loss_mean": 17.600759710744022
    },
    "7": {
      "train_loss": 13.708834296558052,
      "train_loss_mean": 13.741807361971588
    },
    "8": {
      "train_loss": 1.0439488077536225,
      "train_loss_mean": 1.2987128033302726
    },
    "9": {
      "train_loss": 1.0500628352165222,
      "train_loss_mean": 1.4228101084008813
    },
    "10": {
      "train_loss": 1.0558292684145272,
      "train_loss_mean": 1.1650108280591667
    },
    "11": {
      "train_loss": 1.0819758689031005,
      "train_loss_mean": 1.1023122511804104
    },
    "12": {
      "train_loss": 1.0626017688773572,
      "train_loss_mean": 1.1085489807650448
    },
    "13": {
      "train_loss": 1.0628805155865848,
      "train_loss_mean": 1.0818685989826917
    },
    "14": {
      "train_loss": 1.084845774807036,
      "train_loss_mean": 1.335538609046489
    },
    "15": {
      "train_loss": 1.0603967192582786,
      "train_loss_mean": 1.172346720006317
    },
    "16": {
      "train_loss": 21.24198160879314,
      "train_loss_mean": 21.630381492618472
    },
    "17": {
      "train_loss": 13.087624667212367,
      "train_loss_mean": 13.70276890769601
    },
    "18": {
      "train_loss": 1.059148418251425,
      "train_loss_mean": 1.2931019949726759
    },
    "19": {
      "train_loss": 1.204091324005276,
      "train_loss_mean": 1.214940095320344
    },
    "20": {
      "train_loss": 1.055595949292183,
      "train_loss_mean": 1.4328099329024553
    }
  },
  "client_evaluate_metrics": {
    "1": {
      "eval_loss": 11.546720385551453,
      "eval_acc": 0.1396484375
    },
    "2": {
      "eval_loss": 56.973451018333435,
      "eval_acc": 0.34765625
    },
    "3": {
      "eval_loss": 15.93031758069992,
      "eval_acc": 0.1787109375
    },
    "4": {
      "eval_loss": 18.52810037136078,
      "eval_acc": 0.51171875
    },
    "5": {
      "eval_loss": 30.521686732769012,
      "eval_acc": 0.4072265625
    },
    "6": {
      "eval_loss": 9.123793113976717,
      "eval_acc": 0.47265625
    },
    "7": {
      "eval_loss": 28.424133598804474,
      "eval_acc": 0.34765625
    },
    "8": {
      "eval_loss": 55.36227476596832,
      "eval_acc": 0.3447265625
    },
    "9": {
      "eval_loss": 5.438228700309992,
      "eval_acc": 0.4853515625
    },
    "10": {
      "eval_loss": 1.056386537849903,
      "eval_acc": 0.5
    },
    "11": {
      "eval_loss": 1.2981154974550009,
      "eval_acc": 0.5068359375
    },
    "12": {
      "eval_loss": 1.98397327773273,
      "eval_acc": 0.349609375
    },
    "13": {
      "eval_loss": 12.984364926815033,
      "eval_acc": 0.34765625
    },
    "14": {
      "eval_loss": 1.4516631700098515,
      "eval_acc": 0.5
    },
    "15": {
      "eval_loss": 23.660280495882034,
      "eval_acc": 0.5
    },
    "16": {
      "eval_loss": 45.8525687456131,
      "eval_acc": 0.3720703125
    },
    "17": {
      "eval_loss": 11.215835832059383,
      "eval_acc": 0.34765625
    },
    "18": {
      "eval_loss": 1.229410907253623,
      "eval_acc": 0.5
    },
    "19": {
      "eval_loss": 19.52339042723179,
      "eval_acc": 0.376953125
    },
    "20": {
      "eval_loss": 1.1722298562526703,
      "eval_acc": 0.5
    }
  },
  "server_evaluate_metrics": {
    "0": {
      "loss": 1.44056636095047,
      "accuracy": 0.0109375
    },
    "1": {
      "loss": 11.6838294506073,
      "accuracy": 0.140625
    },
    "2": {
      "loss": 55.94997577667236,
      "accuracy": 0.359375
    },
    "3": {
      "loss": 14.790091037750244,
      "accuracy": 0.178125
    },
    "4": {
      "loss": 19.427527809143065,
      "accuracy": 0.5046875
    },
    "5": {
      "loss": 30.064403772354126,
      "accuracy": 0.421875
    },
    "6": {
      "loss": 8.13568959236145,
      "accuracy": 0.490625
    },
    "7": {
      "loss": 28.988390827178954,
      "accuracy": 0.359375
    },
    "8": {
      "loss": 54.031656455993655,
      "accuracy": 0.359375
    },
    "9": {
      "loss": 4.4390850305557255,
      "accuracy": 0.4875
    },
    "10": {
      "loss": 1.052734699845314,
      "accuracy": 0.4953125
    },
    "11": {
      "loss": 1.5739106476306914,
      "accuracy": 0.4953125
    },
    "12": {
      "loss": 1.5181216955184937,
      "accuracy": 0.3609375
    },
    "13": {
      "loss": 10.949243855476379,
      "accuracy": 0.3609375
    },
    "14": {
      "loss": 1.1756721407175064,
      "accuracy": 0.496875
    },
    "15": {
      "loss": 24.303954315185546,
      "accuracy": 0.4953125
    },
    "16": {
      "loss": 46.61850490570068,
      "accuracy": 0.375
    },
    "17": {
      "loss": 11.08944900035858,
      "accuracy": 0.359375
    },
    "18": {
      "loss": 1.1175689071416854,
      "accuracy": 0.4953125
    },
    "19": {
      "loss": 17.518884301185608,
      "accuracy": 0.3984375
    },
    "20": {
      "loss": 1.3045972794294358,
      "accuracy": 0.4953125
    }
  }
}
