{
  "metadata": {
    "run_name": "appendix-b__homogeneous__metric-privacy__fedyogi__noise-0.003__seed-42",
    "data_module": "experiments.reproduce.dataset.alzheimer:create_data_module",
    "partition_mode": "homogeneous",
    "partition_profile": "auto",
    "privacy": "metric-privacy",
    "aggregation": "fedyogi",
    "seed": 42,
    "num_clients": 4,
    "rounds": 20,
    "local_epochs": 5,
    "noise_multiplier": 0.003,
    "clipping_norm": 5.0,
    "initialization_pretrained": true,
    "initialization_epochs": 20,
    "initialization_final_loss": 0.6835099279880523
  },
  "train_metrics": {
    "1": {
      "train_loss": 0.6493004749063402,
      "train_loss_mean": 0.7498124851845205,
      "metric-dp-distance": 1.4764447932442029,
      "metric-dp-noise-stdv": 0.0025398850110474485
    },
    "2": {
      "train_loss": 0.5802219458855689,
      "train_loss_mean": 0.6993614652194082,
      "metric-dp-distance": 1.5469931575935334,
      "metric-dp-noise-stdv": 0.0024240572633387808
    },
    "3": {
      "train_loss": 0.44387845729943365,
      "train_loss_mean": 0.5996127540478483,
      "metric-dp-distance": 1.5733998011176784,
      "metric-dp-noise-stdv": 0.0023833738871303746
    },
    "4": {
      "train_loss": 0.29159274796256796,
      "train_loss_mean": 0.4550676054903306,
      "metric-dp-distance": 1.5227598740408819,
      "metric-dp-noise-stdv": 0.0024626338426220725
    },
    "5": {
      "train_loss": 0.19738184369634837,
      "train_loss_mean": 0.32948425547801885,
      "metric-dp-distance": 1.4346412128458421,
      "metric-dp-noise-stdv": 0.0026138939592856604
    },
    "6": {
      "train_loss": 0.143069721350912,
      "train_loss_mean": 0.24186716869589872,
      "metric-dp-distance": 1.3496461821875225,
      "metric-dp-noise-stdv": 0.0027785059888229043
    },
    "7": {
      "train_loss": 0.10648176375980256,
      "train_loss_mean": 0.18294897350424433,
      "metric-dp-distance": 1.267039858813708,
      "metric-dp-noise-stdv": 0.0029596543265110967
    },
    "8": {
      "train_loss": 0.08790039636369329,
      "train_loss_mean": 0.15501772010902642,
      "metric-dp-distance": 1.1835840689018369,
      "metric-dp-noise-stdv": 0.0031683427468564675
    },
    "9": {
      "train_loss": 0.07311151811700256,
      "train_loss_mean": 0.12063435324689636,
      "metric-dp-distance": 1.1012795250862837,
      "metric-dp-noise-stdv": 0.003405130046076352
    },
    "10": {
      "train_loss": 0.05802706794838741,
      "train_loss_mean": 0.10102788289141244,
      "metric-dp-distance": 1.1126057133854677,
      "metric-dp-noise-stdv": 0.0033704662441372832
    },
    "11": {
      "train_loss": 0.050694060827481735,
      "train_loss_mean": 0.08367271117754171,
      "metric-dp-distance": 1.0921059895772487,
      "metric-dp-noise-stdv": 0.0034337326557943477
    },
    "12": {
      "train_loss": 0.042661839130119006,
      "train_loss_mean": 0.07020443696662255,
      "metric-dp-distance": 1.1209601433947682,
      "metric-dp-noise-stdv": 0.0033453464176195634
    },
    "13": {
      "train_loss": 0.05895103595702267,
      "train_loss_mean": 0.06570308033570954,
      "metric-dp-distance": 1.21056865931799,
      "metric-dp-noise-stdv": 0.0030977177305355603
    },
    "14": {
      "train_loss": 0.052799004948965944,
      "train_loss_mean": 0.05065274939636168,
      "metric-dp-distance": 1.21616316998067,
      "metric-dp-noise-stdv": 0.003083467821229616
    },
    "15": {
      "train_loss": 0.04157940375744573,
      "train_loss_mean": 0.0537019621356503,
      "metric-dp-distance": 1.2782381243693333,
      "metric-dp-noise-stdv": 0.0029337256716937647
    },
    "16": {
      "train_loss": 0.03710174153769952,
      "train_loss_mean": 0.040920290700226715,
      "metric-dp-distance": 1.2153045047695439,
      "metric-dp-noise-stdv": 0.003085646424647382
    },
    "17": {
      "train_loss": 0.028686699576907948,
      "train_loss_mean": 0.03504998420060322,
      "metric-dp-distance": 1.183898303968211,
      "metric-dp-noise-stdv": 0.0031675017925363058
    },
    "18": {
      "train_loss": 0.02761988848417052,
      "train_loss_mean": 0.030459711498227113,
      "metric-dp-distance": 1.1757297171279788,
      "metric-dp-noise-stdv": 0.003189508562529436
    },
    "19": {
      "train_loss": 0.037184594451065145,
      "train_loss_mean": 0.03317605421561737,
      "metric-dp-distance": 1.2315601877247293,
      "metric-dp-noise-stdv": 0.0030449181756419174
    },
    "20": {
      "train_loss": 0.03222908195691154,
      "train_loss_mean": 0.03261432957569063,
      "metric-dp-distance": 1.2085482333786786,
      "metric-dp-noise-stdv": 0.0031028964309652005
    }
  },
  "client_evaluate_metrics": {
    "1": {
      "eval_loss": 0.8012129403650761,
      "eval_acc": 0.63671875
    },
    "2": {
      "eval_loss": 0.7525366190820932,
      "eval_acc": 0.67578125
    },
    "3": {
      "eval_loss": 0.6892501302063465,
      "eval_acc": 0.712890625
    },
    "4": {
      "eval_loss": 0.5836045937612653,
      "eval_acc": 0.76171875
    },
    "5": {
      "eval_loss": 0.4948206450790167,
      "eval_acc": 0.78515625
    },
    "6": {
      "eval_loss": 0.494377878960222,
      "eval_acc": 0.8154296875
    },
    "7": {
      "eval_loss": 0.4737914940342307,
      "eval_acc": 0.84765625
    },
    "8": {
      "eval_loss": 0.43527685111621395,
      "eval_acc": 0.8759765625
    },
    "9": {
      "eval_loss": 0.4337513767895871,
      "eval_acc": 0.9052734375
    },
    "10": {
      "eval_loss": 0.45653258116590223,
      "eval_acc": 0.9111328125
    },
    "11": {
      "eval_loss": 0.3716996489761186,
      "eval_acc": 0.923828125
    },
    "12": {
      "eval_loss": 0.30430372919954607,
      "eval_acc": 0.9267578125
    },
    "13": {
      "eval_loss": 0.22406848870014073,
      "eval_acc": 0.94921875
    },
    "14": {
      "eval_loss": 0.16497990336210933,
      "eval_acc": 0.9560546875
    },
    "15": {
      "eval_loss": 0.14945813330996316,
      "eval_acc": 0.962890625
    },
    "16": {
      "eval_loss": 0.1448775729513727,
      "eval_acc": 0.9609375
    },
    "17": {
      "eval_loss": 0.14100398689333815,
      "eval_acc": 0.96484375
    },
    "18": {
      "eval_loss": 0.13886664277561067,
      "eval_acc": 0.9716796875
    },
    "19": {
      "eval_loss": 0.1407995157737787,
      "eval_acc": 0.9765625
    },
    "20": {
      "eval_loss": 0.13091533677652478,
      "eval_acc": 0.9765625
    }
  },
  "server_evaluate_metrics": {
    "0": {
      "loss": 0.8503127306699753,
      "accuracy": 0.596875
    },
    "1": {
      "loss": 0.7976915627717972,
      "accuracy": 0.61875
    },
    "2": {
      "loss": 0.7416668057441711,
      "accuracy": 0.66875
    },
    "3": {
      "loss": 0.6848541125655174,
      "accuracy": 0.7015625
    },
    "4": {
      "loss": 0.6022088825702667,
      "accuracy": 0.740625
    },
    "5": {
      "loss": 0.5385673388838768,
      "accuracy": 0.784375
    },
    "6": {
      "loss": 0.5557732716202736,
      "accuracy": 0.8
    },
    "7": {
      "loss": 0.5930056318640708,
      "accuracy": 0.8421875
    },
    "8": {
      "loss": 0.6519600734114647,
      "accuracy": 0.8859375
    },
    "9": {
      "loss": 0.801282924413681,
      "accuracy": 0.8875
    },
    "10": {
      "loss": 0.9374668758362532,
      "accuracy": 0.89375
    },
    "11": {
      "loss": 0.8221941195777618,
      "accuracy": 0.9125
    },
    "12": {
      "loss": 0.6788195812841877,
      "accuracy": 0.928125
    },
    "13": {
      "loss": 0.49937365695368496,
      "accuracy": 0.9421875
    },
    "14": {
      "loss": 0.3596156588406302,
      "accuracy": 0.95
    },
    "15": {
      "loss": 0.32161058313213287,
      "accuracy": 0.94375
    },
    "16": {
      "loss": 0.3377838986925781,
      "accuracy": 0.9484375
    },
    "17": {
      "loss": 0.36175830343272536,
      "accuracy": 0.95
    },
    "18": {
      "loss": 0.4225057153671514,