{
  "metadata": {
    "run_name": "appendix-b__homogeneous__metric-privacy__fedmedian__noise-0.003__seed-42",
    "data_module": "experiments.reproduce.dataset.alzheimer:create_data_module",
    "partition_mode": "homogeneous",
    "partition_profile": "auto",
    "privacy": "metric-privacy",
    "aggregation": "fedmedian",
    "seed": 42,
    "num_clients": 4,
    "rounds": 20,
    "local_epochs": 5,
    "noise_multiplier": 0.003,
    "clipping_norm": 5.0,
    "initialization_pretrained": false,
    "initialization_epochs": 0,
    "initialization_final_loss": null
  },
  "train_metrics": {
    "1": {
      "train_loss": 0.9767649113200605,
      "train_loss_mean": 1.0315167360939086,
      "metric-dp-distance": 1.736607557317863,
      "metric-dp-noise-stdv": 0.0021593825180582305
    },
    "2": {
      "train_loss": 0.946390787139535,
      "train_loss_mean": 0.9927657346241177,
      "metric-dp-distance": 1.140502692743515,
      "metric-dp-noise-stdv": 0.003288023802012477
    },
    "3": {
      "train_loss": 0.8855024063959718,
      "train_loss_mean": 0.9324342302978039,
      "metric-dp-distance": 1.067806782744204,
      "metric-dp-noise-stdv": 0.003511871305371098
    },
    "4": {
      "train_loss": 0.8288088394328952,
      "train_loss_mean": 0.876268676482141,
      "metric-dp-distance": 1.0949806858164568,
      "metric-dp-noise-stdv": 0.0034247179412154344
    },
    "5": {
      "train_loss": 0.7420241760555655,
      "train_loss_mean": 0.8116012528073042,
      "metric-dp-distance": 1.088798906110848,
      "metric-dp-noise-stdv": 0.0034441621670937106
    },
    "6": {
      "train_loss": 0.6117768441326916,
      "train_loss_mean": 0.7148680158890783,
      "metric-dp-distance": 1.1107778175889205,
      "metric-dp-noise-stdv": 0.0033760126828422223
    },
    "7": {
      "train_loss": 0.4648369287606329,
      "train_loss_mean": 0.5896096307784319,
      "metric-dp-distance": 1.03770982598265,
      "metric-dp-noise-stdv": 0.0036137269842742127
    },
    "8": {
      "train_loss": 0.33893566904589534,
      "train_loss_mean": 0.4636975547997281,
      "metric-dp-distance": 1.0247218916968752,
      "metric-dp-noise-stdv": 0.003659529507845524
    },
    "9": {
      "train_loss": 0.23577568226028234,
      "train_loss_mean": 0.33492679493501787,
      "metric-dp-distance": 0.9781621502479538,
      "metric-dp-noise-stdv": 0.0038337202058466627
    },
    "10": {
      "train_loss": 0.15851405111607164,
      "train_loss_mean": 0.23908510883920828,
      "metric-dp-distance": 0.8829503899905831,
      "metric-dp-noise-stdv": 0.004247124235417117
    },
    "11": {
      "train_loss": 0.11797717967419885,
      "train_loss_mean": 0.17541884616657627,
      "metric-dp-distance": 0.8416009380792578,
      "metric-dp-noise-stdv": 0.004455793512491122
    },
    "12": {
      "train_loss": 0.09767169658880448,
      "train_loss_mean": 0.13616801774187481,
      "metric-dp-distance": 0.8052762653678656,
      "metric-dp-noise-stdv": 0.0046567869453931175
    },
    "13": {
      "train_loss": 0.10291368708203663,
      "train_loss_mean": 0.11633052625838901,
      "metric-dp-distance": 0.857398851464192,
      "metric-dp-noise-stdv": 0.004373693752442136
    },
    "14": {
      "train_loss": 0.08060295154427877,
      "train_loss_mean": 0.0938015556330356,
      "metric-dp-distance": 0.7880481365912905,
      "metric-dp-noise-stdv": 0.004758592560374116
    },
    "15": {
      "train_loss": 0.06462645228930342,
      "train_loss_mean": 0.07417483357894525,
      "metric-dp-distance": 0.8077435260638595,
      "metric-dp-noise-stdv": 0.004642562742995638
    },
    "16": {
      "train_loss": 0.05435126193924589,
      "train_loss_mean": 0.06412119354972673,
      "metric-dp-distance": 0.8477557909209281,
      "metric-dp-noise-stdv": 0.0044234436852697
    },
    "17": {
      "train_loss": 0.0592521844591829,
      "train_loss_mean": 0.06374862528373343,
      "metric-dp-distance": 0.8802317070464293,
      "metric-dp-noise-stdv": 0.004260241899923062
    },
    "18": {
      "train_loss": 0.039437046269995335,
      "train_loss_mean": 0.055497025997919995,
      "metric-dp-distance": 0.8916207483659188,
      "metric-dp-noise-stdv": 0.004205824064629113
    },
    "19": {
      "train_loss": 0.06041581244880945,
      "train_loss_mean": 0.05187840834155395,
      "metric-dp-distance": 0.9967889944091439,
      "metric-dp-noise-stdv": 0.0037620800601062495
    },
    "20": {
      "train_loss": 0.04182215180208004,
      "train_loss_mean": 0.04431370828681338,
      "metric-dp-distance": 0.9883959309663624,
      "metric-dp-noise-stdv": 0.0037940261412585906
    }
  },
  "client_evaluate_metrics": {
    "1": {
      "eval_loss": 1.2371743358671665,
      "eval_acc": 0.5
    },
    "2": {
      "eval_loss": 1.1028629876673222,
      "eval_acc": 0.5341796875
    },
    "3": {
      "eval_loss": 0.9772620350122452,
      "eval_acc": 0.5556640625
    },
    "4": {
      "eval_loss": 0.9048404525965452,
      "eval_acc": 0.5712890625
    },
    "5": {
      "eval_loss": 0.8642440792173147,
      "eval_acc": 0.576171875
    },
    "6": {
      "eval_loss": 0.794293811544776,
      "eval_acc": 0.607421875
    },
    "7": {
      "eval_loss": 0.681585805490613,
      "eval_acc": 0.66015625
    },
    "8": {
      "eval_loss": 0.5895251678302884,
      "eval_acc": 0.71875
    },
    "9": {
      "eval_loss": 0.471029763109982,
      "eval_acc": 0.798828125
    },
    "10": {
      "eval_loss": 0.3973800139501691,
      "eval_acc": 0.8447265625
    },
    "11": {
      "eval_loss": 0.35848943423479795,
      "eval_acc": 0.869140625
    },
    "12": {
      "eval_loss": 0.26004491094499826,
      "eval_acc": 0.9150390625
    },
    "13": {
      "eval_loss": 0.24267344060353935,
      "eval_acc": 0.91796875
    },
    "14": {
      "eval_loss": 0.22213405813090503,
      "eval_acc": 0.931640625
    },
    "15": {
      "eval_loss": 0.1956851003342308,
      "eval_acc": 0.939453125
    },
    "16": {
      "eval_loss": 0.21780699800001457,
      "eval_acc": 0.9365234375
    },
    "17": {
      "eval_loss": 0.1953666233457625,
      "eval_acc": 0.9453125
    },
    "18": {
      "eval_loss": 0.2006537345587276,
      "eval_acc": 0.943359375
    },
    "19": {
      "eval_loss": 0.1934910102863796,
      "eval_acc": 0.947265625
    },
    "20": {
      "eval_loss": 0.17347124124353286,
      "eval_acc": 0.9541015625
    }
  },
  "server_evaluate_metrics": {
    "0": {
      "loss": 1.44056636095047,
      "accuracy": 0.0109375
    },
    "1": {
      "loss": 1.2351081430912019,
      "accuracy": 0.4953125
    },
    "2": {
      "loss": 1.095178920030594,
      "accuracy": 0.559375
    },
    "3": {
      "loss": 0.971366998553276,
      "accuracy": 0.5734375
    },
    "4": {
      "loss": 0.9068178325891495,
      "accuracy": 0.5875
    },
    "5": {
      "loss": 0.8722732901573181,
      "accuracy": 0.6015625
    },
    "6": {
      "loss": 0.811180779337883,
      "accuracy": 0.6140625
    },
    "7": {
      "loss": 0.722419935464859,
      "accuracy": 0.6734375
    },
    "8": {
      "loss": 0.6395639628171921,
      "accuracy": 0.725
    },
    "9": {
      "loss": 0.542557668685913,
      "accuracy": 0.784375
    },
    "10": {
      "loss": 0.480211167037487,
      "accuracy": 0.8375
    },
    "11": {
      "loss": 0.46009550541639327,
      "accuracy": 0.86875
    },
    "12": {
      "loss": 0.36585383862257004,
      "accuracy": 0.8921875
    },
    "13": {
      "loss": 0.31665050350129603,
      "accuracy": 0.909375
    },
    "14": {
      "loss": 0.29443899877369406,
      "accuracy": 0.9203125
    },
    "15": {
      "loss": 0.3071369294077158,
      "accuracy": 0.934375
    },
    "16": {
      "loss": 0.3406721618026495,
      "accuracy": 0.921875
    },
    "17": {
      "loss": 0.29051488228142264,
      "accuracy": 0.934375
    },
    "18": {
      "loss": 0.2758607367053628,
      "accuracy": 0.9375
    },