{
  "metadata": {
    "run_name": "appendix-b__homogeneous__metric-privacy__fedprox__noise-0.003__seed-42",
    "data_module": "experiments.reproduce.dataset.alzheimer:create_data_module",
    "partition_mode": "homogeneous",
    "partition_profile": "auto",
    "privacy": "metric-privacy",
    "aggregation": "fedprox",
    "seed": 42,
    "num_clients": 4,
    "rounds": 20,
    "local_epochs": 5,
    "noise_multiplier": 0.003,
    "clipping_norm": 5.0,
    "initialization_pretrained": false,
    "initialization_epochs": 0,
    "initialization_final_loss": null
  },
  "train_metrics": {
    "1": {
      "train_loss": 1.194897644687444,
      "train_loss_mean": 1.2354195409454405,
      "metric-dp-distance": 0.12673763666922847,
      "metric-dp-noise-stdv": 0.029588684928590667
    },
    "2": {
      "train_loss": 1.1837307326495647,
      "train_loss_mean": 1.2345073788426817,
      "metric-dp-distance": 0.1330587932219108,
      "metric-dp-noise-stdv": 0.028183030292074578
    },
    "3": {
      "train_loss": 1.14975256472826,
      "train_loss_mean": 1.191153303999454,
      "metric-dp-distance": 0.1300891372569216,
      "metric-dp-noise-stdv": 0.028826388421608784
    },
    "4": {
      "train_loss": 1.162570715881884,
      "train_loss_mean": 1.2116212544962763,
      "metric-dp-distance": 0.14375216335368654,
      "metric-dp-noise-stdv": 0.0260865639341617
    },
    "5": {
      "train_loss": 1.1524099269881845,
      "train_loss_mean": 1.2039452547207474,
      "metric-dp-distance": 0.1577127225076159,
      "metric-dp-noise-stdv": 0.02377740958608405
    },
    "6": {
      "train_loss": 1.1191123770549893,
      "train_loss_mean": 1.168407303933054,
      "metric-dp-distance": 0.15363954046430686,
      "metric-dp-noise-stdv": 0.024407779329899716
    },
    "7": {
      "train_loss": 1.1035524816252291,
      "train_loss_mean": 1.1604305993765593,
      "metric-dp-distance": 0.1527183837412546,
      "metric-dp-noise-stdv": 0.02455500057120493
    },
    "8": {
      "train_loss": 1.1133620515465736,
      "train_loss_mean": 1.167779626697302,
      "metric-dp-distance": 0.15431245230138302,
      "metric-dp-noise-stdv": 0.02430134408515515
    },
    "9": {
      "train_loss": 1.0944783249869943,
      "train_loss_mean": 1.1471772596240042,
      "metric-dp-distance": 0.1460966463200748,
      "metric-dp-noise-stdv": 0.025667940328926782
    },
    "10": {
      "train_loss": 1.078439806587994,
      "train_loss_mean": 1.138348918315023,
      "metric-dp-distance": 0.1544290982807676,
      "metric-dp-noise-stdv": 0.024282988385920145
    },
    "11": {
      "train_loss": 1.0726317488588393,
      "train_loss_mean": 1.1269461888819934,
      "metric-dp-distance": 0.1508596227504313,
      "metric-dp-noise-stdv": 0.024857545920048237
    },
    "12": {
      "train_loss": 1.0454583368264139,
      "train_loss_mean": 1.1095164117403329,
      "metric-dp-distance": 0.15220751791882017,
      "metric-dp-noise-stdv": 0.02463741641198079
    },
    "13": {
      "train_loss": 1.0536101115867496,
      "train_loss_mean": 1.101513417996466,
      "metric-dp-distance": 0.16353271604748443,
      "metric-dp-noise-stdv": 0.02293119132755751
    },
    "14": {
      "train_loss": 1.0457808640785515,
      "train_loss_mean": 1.0929958366788926,
      "metric-dp-distance": 0.1746095745669057,
      "metric-dp-noise-stdv": 0.02147648552091913
    },
    "15": {
      "train_loss": 1.0485742008313537,
      "train_loss_mean": 1.1071448002941908,
      "metric-dp-distance": 0.17114150465931743,
      "metric-dp-noise-stdv": 0.021911692359284394
    },
    "16": {
      "train_loss": 1.0481037301942706,
      "train_loss_mean": 1.1003917859867216,
      "metric-dp-distance": 0.16311292280443013,
      "metric-dp-noise-stdv": 0.022990207860453776
    },
    "17": {
      "train_loss": 1.0311398282647133,
      "train_loss_mean": 1.0927259158343077,
      "metric-dp-distance": 0.1657754498301074,
      "metric-dp-noise-stdv": 0.022620961088286196
    },
    "18": {
      "train_loss": 1.038057517260313,
      "train_loss_mean": 1.0680667587555943,
      "metric-dp-distance": 0.1845744604167218,
      "metric-dp-noise-stdv": 0.020317003725940534
    },
    "19": {
      "train_loss": 1.0213132053613663,
      "train_loss_mean": 1.0561280916444957,
      "metric-dp-distance": 0.17207264884685478,
      "metric-dp-noise-stdv": 0.021793120668105202
    },
    "20": {
      "train_loss": 1.0324286934919655,
      "train_loss_mean": 1.0612071857787668,
      "metric-dp-distance": 0.17890089156571776,
      "metric-dp-noise-stdv": 0.020961326504191673
    }
  },
  "client_evaluate_metrics": {
    "1": {
      "eval_loss": 1.1733838059008121,
      "eval_acc": 0.34765625
    },
    "2": {
      "eval_loss": 1.1096009500324726,
      "eval_acc": 0.34765625
    },
    "3": {
      "eval_loss": 1.0297908689826727,
      "eval_acc": 0.5
    },
    "4": {
      "eval_loss": 1.1104288846254349,
      "eval_acc": 0.4658203125
    },
    "5": {
      "eval_loss": 1.029555544257164,
      "eval_acc": 0.5087890625
    },
    "6": {
      "eval_loss": 1.0630505084991455,
      "eval_acc": 0.3916015625
    },
    "7": {
      "eval_loss": 1.0069058053195477,
      "eval_acc": 0.50390625
    },
    "8": {
      "eval_loss": 1.0480706468224525,
      "eval_acc": 0.5048828125
    },
    "9": {
      "eval_loss": 1.0135099068284035,
      "eval_acc": 0.501953125
    },
    "10": {
      "eval_loss": 0.9765291027724743,
      "eval_acc": 0.5263671875
    },
    "11": {
      "eval_loss": 1.0191949345171452,
      "eval_acc": 0.513671875
    },
    "12": {
      "eval_loss": 0.9849781934171915,
      "eval_acc": 0.50390625
    },
    "13": {
      "eval_loss": 1.0285033602267504,
      "eval_acc": 0.509765625
    },
    "14": {
      "eval_loss": 0.9819787796586752,
      "eval_acc": 0.517578125
    },
    "15": {
      "eval_loss": 1.004936184734106,
      "eval_acc": 0.515625
    },
    "16": {
      "eval_loss": 0.9290701728314161,
      "eval_acc": 0.5546875
    },
    "17": {
      "eval_loss": 0.974804237484932,
      "eval_acc": 0.533203125
    },
    "18": {
      "eval_loss": 0.941552396863699,
      "eval_acc": 0.5498046875
    },
    "19": {
      "eval_loss": 0.9857160747051239,
      "eval_acc": 0.5087890625
    },
    "20": {
      "eval_loss": 0.9007758349180222,
      "eval_acc": 0.5576171875
    }
  },
  "server_evaluate_metrics": {
    "0": {
      "loss": 1.44056636095047,
      "accuracy": 0.0109375
    },
    "1": {
      "loss": 1.1664173126220703,
      "accuracy": 0.359375
    },
    "2": {
      "loss": 1.0922442108392716,
      "accuracy": 0.359375
    },
    "3": {
      "loss": 1.0244401782751082,
      "accuracy": 0.4953125
    },
    "4": {
      "loss": 1.1022345185279847,
      "accuracy": 0.434375
    },
    "5": {
      "loss": 1.0101662665605544,
      "accuracy": 0.5484375
    },
    "6": {
      "loss": 1.0426998078823089,
      "accuracy": 0.4390625
    },
    "7": {
      "loss": 0.9884509116411209,
      "accuracy": 0.5015625
    },
    "8": {
      "loss": 1.0351724952459336,
      "accuracy": 0.509375
    },
    "9": {
      "loss": 0.9948272734880448,
      "accuracy": 0.50625
    },
    "10": {
      "loss": 0.9629032731056213,
      "accuracy": 0.5203125
    },
    "11": {
      "loss": 1.0021514326334,
      "accuracy": 0.521875
    },
    "12": {
      "loss": 0.966375082731247,
      "accuracy": 0.515625
    },
    "13": {
      "loss": 1.0123468965291977,
      "accuracy": 0.528125
    },
    "14": {
      "loss": 0.9624782890081406,
      "accuracy": 0.5421875
    },
    "15": {
      "loss": 0.9930685102939606,
      "accuracy": 0.50625
    },
    "16": {
      "loss": 0.9145852148532867,
      "accuracy": 0.5609375
    },
    "17": {
      "loss": 0.9619108825922013,
      "accuracy": 0.5296875
    },
    "18": {
      "loss": 0.9202660739421844,
      "accuracy": 0.559375
    },
    "19": {
      "loss": 0.9711732238531112,