{
  "metadata": {
    "run_name": "main__homogeneous__metric-privacy__fedavg__noise-0.01__seed-42",
    "data_module": "experiments.reproduce.dataset.alzheimer:create_data_module",
    "partition_mode": "homogeneous",
    "partition_profile": "auto",
    "privacy": "metric-privacy",
    "aggregation": "fedavg",
    "seed": 42,
    "num_clients": 4,
    "rounds": 20,
    "local_epochs": 5,
    "noise_multiplier": 0.01,
    "clipping_norm": 5.0,
    "initialization_pretrained": false,
    "initialization_epochs": 0,
    "initialization_final_loss": null
  },
  "train_metrics": {
    "1": {
      "train_loss": 0.9712225385010242,
      "train_loss_mean": 1.0303918701596557,
      "metric-dp-distance": 1.7510259021849681,
      "metric-dp-noise-stdv": 0.0071386722403147945
    },
    "2": {
      "train_loss": 0.9378222730010748,
      "train_loss_mean": 0.9919501278549433,
      "metric-dp-distance": 1.3193407864309847,
      "metric-dp-noise-stdv": 0.009474428539281637
    },
    "3": {
      "train_loss": 0.8865841780789196,
      "train_loss_mean": 0.933040262479335,
      "metric-dp-distance": 1.2107121386410047,
      "metric-dp-noise-stdv": 0.010324502085219818
    },
    "4": {
      "train_loss": 0.8148609232157469,
      "train_loss_mean": 0.873819871339947,
      "metric-dp-distance": 1.2611446271184832,
      "metric-dp-noise-stdv": 0.009911630855979247
    },
    "5": {
      "train_loss": 0.6717707163188607,
      "train_loss_mean": 0.7838753633666784,
      "metric-dp-distance": 1.349664675615107,
      "metric-dp-noise-stdv": 0.009261559723568485
    },
    "6": {
      "train_loss": 0.5374851718079299,
      "train_loss_mean": 0.682054765848443,
      "metric-dp-distance": 1.3725643115273367,
      "metric-dp-noise-stdv": 0.009107041393266652
    },
    "7": {
      "train_loss": 0.40640087809879333,
      "train_loss_mean": 0.555643377150409,
      "metric-dp-distance": 1.2606544885784388,
      "metric-dp-noise-stdv": 0.009915484467195661
    },
    "8": {
      "train_loss": 0.27117148600518703,
      "train_loss_mean": 0.4193167278077453,
      "metric-dp-distance": 1.2330347716342658,
      "metric-dp-noise-stdv": 0.01013758921285933
    },
    "9": {
      "train_loss": 0.18519545899471268,
      "train_loss_mean": 0.3074458049261011,
      "metric-dp-distance": 1.1809835274859022,
      "metric-dp-noise-stdv": 0.010584398265579718
    },
    "10": {
      "train_loss": 0.13395734288496897,
      "train_loss_mean": 0.2352110350213479,
      "metric-dp-distance": 1.16579477636454,
      "metric-dp-noise-stdv": 0.010722298858621145
    },
    "11": {
      "train_loss": 0.11575808763882378,
      "train_loss_mean": 0.1855856425856473,
      "metric-dp-distance": 1.0906943091346573,
      "metric-dp-noise-stdv": 0.011460589731982133
    },
    "12": {
      "train_loss": 0.09453505217970815,
      "train_loss_mean": 0.1447541011395515,
      "metric-dp-distance": 1.0073567704918485,
      "metric-dp-noise-stdv": 0.012408711954054566
    },
    "13": {
      "train_loss": 0.07304276891954942,
      "train_loss_mean": 0.11918693027400877,
      "metric-dp-distance": 1.093558199936524,
      "metric-dp-noise-stdv": 0.011430575895023755
    },
    "14": {
      "train_loss": 0.07543429928045953,
      "train_loss_mean": 0.09923911050427706,
      "metric-dp-distance": 1.1084781418709706,
      "metric-dp-noise-stdv": 0.011276722136262953
    },
    "15": {
      "train_loss": 0.07132553606061265,
      "train_loss_mean": 0.0915606754282635,
      "metric-dp-distance": 1.1176899690181017,
      "metric-dp-noise-stdv": 0.011183781143693484
    },
    "16": {
      "train_loss": 0.05974074475670932,
      "train_loss_mean": 0.08033615784115682,
      "metric-dp-distance": 1.1492894149074953,
      "metric-dp-noise-stdv": 0.010876285675184876
    },
    "17": {
      "train_loss": 0.05129587071041897,
      "train_loss_mean": 0.07191978354203457,
      "metric-dp-distance": 1.1851921360939741,
      "metric-dp-noise-stdv": 0.010546813144741346
    },
    "18": {
      "train_loss": 0.041290618219591124,
      "train_loss_mean": 0.06140440781937286,
      "metric-dp-distance": 1.150935239546622,
      "metric-dp-noise-stdv": 0.01086073270718865
    },
    "19": {
      "train_loss": 0.04155790762251854,
      "train_loss_mean": 0.053143551964876676,
      "metric-dp-distance": 1.17568017464752,
      "metric-dp-noise-stdv": 0.010632143221899287
    },
    "20": {
      "train_loss": 0.06509512929937955,
      "train_loss_mean": 0.05793060794044322,
      "metric-dp-distance": 1.2751190926258762,
      "metric-dp-noise-stdv": 0.009803005909242971
    }
  },
  "client_evaluate_metrics": {
    "1": {
      "eval_loss": 1.2356061600148678,
      "eval_acc": 0.5
    },
    "2": {
      "eval_loss": 1.108230747282505,
      "eval_acc": 0.5361328125
    },
    "3": {
      "eval_loss": 1.0256793890148401,
      "eval_acc": 0.5439453125
    },
    "4": {
      "eval_loss": 0.9252495262771845,
      "eval_acc": 0.58984375
    },
    "5": {
      "eval_loss": 0.8620599564164877,
      "eval_acc": 0.5888671875
    },
    "6": {
      "eval_loss": 0.7874117530882359,
      "eval_acc": 0.62890625
    },
    "7": {
      "eval_loss": 0.6720554977655411,
      "eval_acc": 0.69140625
    },
    "8": {
      "eval_loss": 0.5433150418102741,
      "eval_acc": 0.767578125
    },
    "9": {
      "eval_loss": 0.44508696906268597,
      "eval_acc": 0.8134765625
    },
    "10": {
      "eval_loss": 0.35164767084643245,
      "eval_acc": 0.8583984375
    },
    "11": {
      "eval_loss": 0.29940404230728745,
      "eval_acc": 0.89453125
    },
    "12": {
      "eval_loss": 0.258451821282506,
      "eval_acc": 0.9111328125
    },
    "13": {
      "eval_loss": 0.23629520763643086,
      "eval_acc": 0.9296875
    },
    "14": {
      "eval_loss": 0.21550617564935237,
      "eval_acc": 0.92578125
    },
    "15": {
      "eval_loss": 0.23407613788731396,
      "eval_acc": 0.9287109375
    },
    "16": {
      "eval_loss": 0.23160196735989302,
      "eval_acc": 0.92578125
    },
    "17": {
      "eval_loss": 0.21822781290393323,
      "eval_acc": 0.9326171875
    },
    "18": {
      "eval_loss": 0.18811680551152676,
      "eval_acc": 0.9453125
    },
    "19": {
      "eval_loss": 0.18129983989638276,
      "eval_acc": 0.9521484375
    },
    "20": {
      "eval_loss": 0.15713185470667668,
      "eval_acc": 0.95703125
    }
  },
  "server_evaluate_metrics": {
    "0": {
      "loss": 1.44056636095047,
      "accuracy": 0.0109375
    },
    "1": {
      "loss": 1.2332282721996308,
      "accuracy": 0.4953125
    },
    "2": {
      "loss": 1.0998947679996491,
      "accuracy": 0.5671875
    },
    "3": {
      "loss": 1.0201357424259185,
      "accuracy": 0.571875
    },
    "4": {
      "loss": 0.9253943771123886,
      "accuracy": 0.6015625
    },
    "5": {
      "loss": 0.8686361908912659,
      "accuracy": 0.6171875
    },
    "6": {
      "loss": 0.7941742151975631,
      "accuracy": 0.6421875
    },
    "7": {
      "loss": 0.6983218610286712,
      "accuracy": 0.7
    },
    "8": {
      "loss": 0.6047492519021034,
      "accuracy": 0.740625
    },
    "9": {
      "loss": 0.5265901759266853,
      "accuracy": 0.8046875
    },
    "10": {
      "loss": 0.4818612217903137,
      "accuracy": 0.8328125
    },
    "11": {
      "loss": 0.4127560995519161,
      "accuracy": 0.8671875
    },
    "12": {
      "loss": 0.38421399891376495,
      "accuracy": 0.8890625
    },
    "13": {
      "loss": 0.3636561453342438,
      "accuracy": 0.9109375
    },
    "14": {
      "loss": 0.337581604719162,
      "accuracy": 0.9234375
    },
    "15": {
      "loss": 0.3193714715540409,
      "accuracy": 0.91875
    },
    "16": {
      "loss": 0.3312922094017267,
      "accuracy": 0.91875
    },
    "17": {
      "loss": 0.35486700721085074,
      "accuracy": 0.925
    },
    "18": {
      "loss": 0.3369950890541077,
      "accuracy": 0.9328125
    },