{
  "metadata": {
    "run_name": "main__homogeneous__metric-privacy__fedprox__noise-0.01__seed-44",
    "data_module": "experiments.reproduce.dataset.alzheimer:create_data_module",
    "partition_mode": "homogeneous",
    "partition_profile": "auto",
    "privacy": "metric-privacy",
    "aggregation": "fedprox",
    "seed": 44,
    "num_clients": 4,
    "rounds": 20,
    "local_epochs": 5,
    "noise_multiplier": 0.01,
    "clipping_norm": 5.0,
    "initialization_pretrained": false,
    "initialization_epochs": 0,
    "initialization_final_loss": null
  },
  "train_metrics": {
    "1": {
      "train_loss": 1.173378032632172,
      "train_loss_mean": 1.2230342522263526,
      "metric-dp-distance": 0.12344132693639646,
      "metric-dp-noise-stdv": 0.10126268333489856
    },
    "2": {
      "train_loss": 1.4132075300440192,
      "train_loss_mean": 2.7883067678660156,
      "metric-dp-distance": 0.203387017090184,
      "metric-dp-noise-stdv": 0.06145918347608867
    },
    "3": {
      "train_loss": 1.3267640704289079,
      "train_loss_mean": 1.758016343601048,
      "metric-dp-distance": 0.18456259598800293,
      "metric-dp-noise-stdv": 0.0677276992831881
    },
    "4": {
      "train_loss": 1.3853798415511847,
      "train_loss_mean": 2.0393094232305886,
      "metric-dp-distance": 0.1948705908531944,
      "metric-dp-noise-stdv": 0.06414513316386908
    },
    "5": {
      "train_loss": 1.2724973941221833,
      "train_loss_mean": 1.7509372833184897,
      "metric-dp-distance": 0.18019606110950312,
      "metric-dp-noise-stdv": 0.0693688858848246
    },
    "6": {
      "train_loss": 1.374933261424303,
      "train_loss_mean": 1.8738819416612387,
      "metric-dp-distance": 0.20865762777005634,
      "metric-dp-noise-stdv": 0.05990674835896811
    },
    "7": {
      "train_loss": 1.3520966293290257,
      "train_loss_mean": 1.973176149278879,
      "metric-dp-distance": 0.18876893302270523,
      "metric-dp-noise-stdv": 0.06621852335466924
    },
    "8": {
      "train_loss": 1.4354109559208155,
      "train_loss_mean": 2.1748628482222556,
      "metric-dp-distance": 0.21543932193890214,
      "metric-dp-noise-stdv": 0.05802097726405283
    },
    "9": {
      "train_loss": 1.3163026422262192,
      "train_loss_mean": 2.07841520011425,
      "metric-dp-distance": 0.18153838836587965,
      "metric-dp-noise-stdv": 0.0688559599571139
    },
    "10": {
      "train_loss": 1.389646202325821,
      "train_loss_mean": 1.9946839619427918,
      "metric-dp-distance": 0.20289926161058247,
      "metric-dp-noise-stdv": 0.06160692700790019
    },
    "11": {
      "train_loss": 1.5338618205860257,
      "train_loss_mean": 1.8570827931165697,
      "metric-dp-distance": 0.2788368366503467,
      "metric-dp-noise-stdv": 0.044829084098650274
    },
    "12": {
      "train_loss": 1.4108352912589908,
      "train_loss_mean": 1.5577272758819163,
      "metric-dp-distance": 0.22376986717184386,
      "metric-dp-noise-stdv": 0.05586096179071617
    },
    "13": {
      "train_loss": 1.3928333977237344,
      "train_loss_mean": 1.5016610635444523,
      "metric-dp-distance": 0.2436430377808089,
      "metric-dp-noise-stdv": 0.05130456471834629
    },
    "14": {
      "train_loss": 1.2458690642379224,
      "train_loss_mean": 1.4601268456317484,
      "metric-dp-distance": 0.1606166825707381,
      "metric-dp-noise-stdv": 0.07782504158305477
    },
    "15": {
      "train_loss": 1.6865052431821823,
      "train_loss_mean": 2.5324890699237588,
      "metric-dp-distance": 0.3356107488895456,
      "metric-dp-noise-stdv": 0.037245529356134933
    },
    "16": {
      "train_loss": 1.3574533527716994,
      "train_loss_mean": 1.5300472827628253,
      "metric-dp-distance": 0.25418560340767726,
      "metric-dp-noise-stdv": 0.049176663951151445
    },
    "17": {
      "train_loss": 1.3915007822215557,
      "train_loss_mean": 1.4704095558263361,
      "metric-dp-distance": 0.2333714843650038,
      "metric-dp-noise-stdv": 0.053562670837922176
    },
    "18": {
      "train_loss": 1.457549087703228,
      "train_loss_mean": 1.4644641884602605,
      "metric-dp-distance": 0.30200492972896126,
      "metric-dp-noise-stdv": 0.04139005284191324
    },
    "19": {
      "train_loss": 1.2669513863511384,
      "train_loss_mean": 1.4548641187138855,
      "metric-dp-distance": 0.26433687715810567,
      "metric-dp-noise-stdv": 0.04728814282134186
    },
    "20": {
      "train_loss": 1.5289902221411467,
      "train_loss_mean": 1.62963347658515,
      "metric-dp-distance": 0.38141830381937325,
      "metric-dp-noise-stdv": 0.032772417775523366
    }
  },
  "client_evaluate_metrics": {
    "1": {
      "eval_loss": 7.361462265253067,
      "eval_acc": 0.01171875
    },
    "2": {
      "eval_loss": 1.646462470293045,
      "eval_acc": 0.345703125
    },
    "3": {
      "eval_loss": 3.5687829852104187,
      "eval_acc": 0.51171875
    },
    "4": {
      "eval_loss": 1.810675173997879,
      "eval_acc": 0.423828125
    },
    "5": {
      "eval_loss": 5.142277963459492,
      "eval_acc": 0.5009765625
    },
    "6": {
      "eval_loss": 8.577519878745079,
      "eval_acc": 0.5
    },
    "7": {
      "eval_loss": 17.290823578834534,
      "eval_acc": 0.140625
    },
    "8": {
      "eval_loss": 6.536965698003769,
      "eval_acc": 0.35546875
    },
    "9": {
      "eval_loss": 10.490917786955833,
      "eval_acc": 0.4990234375
    },
    "10": {
      "eval_loss": 1.3997607007622719,
      "eval_acc": 0.4814453125
    },
    "11": {
      "eval_loss": 1.1588889732956886,
      "eval_acc": 0.5029296875
    },
    "12": {
      "eval_loss": 1.0742691233754158,
      "eval_acc": 0.4921875
    },
    "13": {
      "eval_loss": 1.1633509788662195,
      "eval_acc": 0.498046875
    },
    "14": {
      "eval_loss": 4.966979488730431,
      "eval_acc": 0.478515625
    },
    "15": {
      "eval_loss": 1.0917203351855278,
      "eval_acc": 0.5
    },
    "16": {
      "eval_loss": 1.0767865162342787,
      "eval_acc": 0.5
    },
    "17": {
      "eval_loss": 1.0708677247166634,
      "eval_acc": 0.5
    },
    "18": {
      "eval_loss": 1.0612524170428514,
      "eval_acc": 0.5
    },
    "19": {
      "eval_loss": 1.0586020424962044,
      "eval_acc": 0.5
    },
    "20": {
      "eval_loss": 1.050839014351368,
      "eval_acc": 0.5
    }
  },
  "server_evaluate_metrics": {
    "0": {
      "loss": 1.390574324131012,
      "accuracy": 0.4953125
    },
    "1": {
      "loss": 7.536931419372559,
      "accuracy": 0.0125
    },
    "2": {
      "loss": 1.6828703820705413,
      "accuracy": 0.3484375
    },
    "3": {
      "loss": 3.4700677394866943,
      "accuracy": 0.5109375
    },
    "4": {
      "loss": 1.798899531364441,
      "accuracy": 0.4125
    },
    "5": {
      "loss": 4.807238447666168,
      "accuracy": 0.490625
    },
    "6": {
      "loss": 8.313342952728272,
      "accuracy": 0.4953125
    },
    "7": {
      "loss": 17.073598051071166,
      "accuracy": 0.134375
    },
    "8": {
      "loss": 6.5257474184036255,
      "accuracy": 0.365625
    },
    "9": {
      "loss": 10.55875072479248,
      "accuracy": 0.4921875
    },
    "10": {
      "loss": 1.3764874517917634,
      "accuracy": 0.4578125
    },
    "11": {
      "loss": 1.1859914988279343,
      "accuracy": 0.496875
    },
    "12": {
      "loss": 1.0938906818628311,
      "accuracy": 0.4890625
    },
    "13": {
      "loss": 1.1641686737537384,
      "accuracy": 0.4953125
    },
    "14": {
      "loss": 4.961856532096863,
      "accuracy": 0.46875
    },
    "15": {
      "loss": 1.0858353435993195,
      "accuracy": 0.4953125
    },
    "16": {
      "loss": 1.0732998430728913,
      "accuracy": 0.4953125
    },
    "17": {
      "loss": 1.0675620764493943,
      "accuracy": 0.4953125
    },
    "18": {
      "loss": 1.0566800624132155,
      "accuracy": 0.4953125
    },
    "19": {
      "loss": 1.053967335820198,
      "accuracy": 0.4953125
    },