{
  "metadata": {
    "run_name": "main__homogeneous__metric-privacy__fedavgm__noise-0.01__seed-44",
    "data_module": "experiments.reproduce.dataset.alzheimer:create_data_module",
    "partition_mode": "homogeneous",
    "partition_profile": "auto",
    "privacy": "metric-privacy",
    "aggregation": "fedavgm",
    "seed": 44,
    "num_clients": 4,
    "rounds": 20,
    "local_epochs": 5,
    "noise_multiplier": 0.01,
    "clipping_norm": 5.0,
    "initialization_pretrained": true,
    "initialization_epochs": 20,
    "initialization_final_loss": 0.549750842154026
  },
  "train_metrics": {
    "1": {
      "train_loss": 0.5647884412901476,
      "train_loss_mean": 0.7045804120833055,
      "metric-dp-distance": 1.216230243832494,
      "metric-dp-noise-stdv": 0.010277659237128436
    },
    "2": {
      "train_loss": 0.557165069039911,
      "train_loss_mean": 0.6989103203173727,
      "metric-dp-distance": 1.2471112822337698,
      "metric-dp-noise-stdv": 0.010023163271853784
    },
    "3": {
      "train_loss": 0.5309396125376225,
      "train_loss_mean": 0.6769199573434889,
      "metric-dp-distance": 1.2849985293578357,
      "metric-dp-noise-stdv": 0.009727637592119847
    },
    "4": {
      "train_loss": 0.48159311211202294,
      "train_loss_mean": 0.6436207175953315,
      "metric-dp-distance": 1.302090495203932,
      "metric-dp-noise-stdv": 0.009599947197250882
    },
    "5": {
      "train_loss": 0.4692120859399438,
      "train_loss_mean": 0.628457165742293,
      "metric-dp-distance": 1.2508949828334153,
      "metric-dp-noise-stdv": 0.00999284526002824
    },
    "6": {
      "train_loss": 0.4473502319306135,
      "train_loss_mean": 0.6089906946755946,
      "metric-dp-distance": 1.2456239184054236,
      "metric-dp-noise-stdv": 0.010035131643908849
    },
    "7": {
      "train_loss": 0.4099002103321254,
      "train_loss_mean": 0.5779516387498006,
      "metric-dp-distance": 1.219044651137665,
      "metric-dp-noise-stdv": 0.01025393121436074
    },
    "8": {
      "train_loss": 0.3823639111360535,
      "train_loss_mean": 0.5512188929133117,
      "metric-dp-distance": 1.1777719549524288,
      "metric-dp-noise-stdv": 0.010613260018154266
    },
    "9": {
      "train_loss": 0.35130614368245006,
      "train_loss_mean": 0.5235205267556012,
      "metric-dp-distance": 1.1442302263652284,
      "metric-dp-noise-stdv": 0.010924374930828045
    },
    "10": {
      "train_loss": 0.3237336918246001,
      "train_loss_mean": 0.4923291039885953,
      "metric-dp-distance": 1.1682304226172466,
      "metric-dp-noise-stdv": 0.010699943913458108
    },
    "11": {
      "train_loss": 0.2955317081650719,
      "train_loss_mean": 0.4617956004221923,
      "metric-dp-distance": 1.1408638087256502,
      "metric-dp-noise-stdv": 0.010956610161875985
    },
    "12": {
      "train_loss": 0.2723239653278142,
      "train_loss_mean": 0.4339208896970376,
      "metric-dp-distance": 1.1166881391157706,
      "metric-dp-noise-stdv": 0.01119381460422594
    },
    "13": {
      "train_loss": 0.24192840338218957,
      "train_loss_mean": 0.41132104021962734,
      "metric-dp-distance": 1.1017817030272756,
      "metric-dp-noise-stdv": 0.011345260105204842
    },
    "14": {
      "train_loss": 0.21763301006285474,
      "train_loss_mean": 0.3842395390267484,
      "metric-dp-distance": 1.0911554230066638,
      "metric-dp-noise-stdv": 0.011455746575090487
    },
    "15": {
      "train_loss": 0.21225658390903845,
      "train_loss_mean": 0.35646319467341525,
      "metric-dp-distance": 1.063374306463326,
      "metric-dp-noise-stdv": 0.011755032939975499
    },
    "16": {
      "train_loss": 0.17888672128901817,
      "train_loss_mean": 0.3369234893179964,
      "metric-dp-distance": 1.0357683489564806,
      "metric-dp-noise-stdv": 0.012068335562284309
    },
    "17": {
      "train_loss": 0.1717903871613089,
      "train_loss_mean": 0.3167402406048495,
      "metric-dp-distance": 1.0292012421802308,
      "metric-dp-noise-stdv": 0.012145340957343147
    },
    "18": {
      "train_loss": 0.15083084141951986,
      "train_loss_mean": 0.29218276182655245,
      "metric-dp-distance": 1.0221207161666825,
      "metric-dp-noise-stdv": 0.012229475249146169
    },
    "19": {
      "train_loss": 0.1397277532814769,
      "train_loss_mean": 0.26826970126421656,
      "metric-dp-distance": 0.9930624845437706,
      "metric-dp-noise-stdv": 0.012587324760075604
    },
    "20": {
      "train_loss": 0.1255488591559697,
      "train_loss_mean": 0.2440950110380072,
      "metric-dp-distance": 0.9641564191163828,
      "metric-dp-noise-stdv": 0.012964701320410056
    }
  },
  "client_evaluate_metrics": {
    "1": {
      "eval_loss": 1.0264411270618439,
      "eval_acc": 0.5234375
    },
    "2": {
      "eval_loss": 0.8972046915441751,
      "eval_acc": 0.5751953125
    },
    "3": {
      "eval_loss": 0.8328643888235092,
      "eval_acc": 0.5908203125
    },
    "4": {
      "eval_loss": 0.8377809580415487,
      "eval_acc": 0.5927734375
    },
    "5": {
      "eval_loss": 0.8429391998797655,
      "eval_acc": 0.6064453125
    },
    "6": {
      "eval_loss": 0.7817304879426956,
      "eval_acc": 0.6435546875
    },
    "7": {
      "eval_loss": 0.780817961320281,
      "eval_acc": 0.6328125
    },
    "8": {
      "eval_loss": 0.7244657976552844,
      "eval_acc": 0.66796875
    },
    "9": {
      "eval_loss": 0.7236531935632229,
      "eval_acc": 0.6591796875
    },
    "10": {
      "eval_loss": 0.7036504652351141,
      "eval_acc": 0.677734375
    },
    "11": {
      "eval_loss": 0.6921667465940118,
      "eval_acc": 0.6845703125
    },
    "12": {
      "eval_loss": 0.6665406348183751,
      "eval_acc": 0.6962890625
    },
    "13": {
      "eval_loss": 0.6273958487436175,
      "eval_acc": 0.7021484375
    },
    "14": {
      "eval_loss": 0.631979419849813,
      "eval_acc": 0.712890625
    },
    "15": {
      "eval_loss": 0.5873799677938223,
      "eval_acc": 0.744140625
    },
    "16": {
      "eval_loss": 0.5521510606631637,
      "eval_acc": 0.75390625
    },
    "17": {
      "eval_loss": 0.5417252061888576,
      "eval_acc": 0.763671875
    },
    "18": {
      "eval_loss": 0.5223105456680059,
      "eval_acc": 0.7890625
    },
    "19": {
      "eval_loss": 0.547433964908123,
      "eval_acc": 0.7890625
    },
    "20": {
      "eval_loss": 0.4672446823678911,
      "eval_acc": 0.79296875
    }
  },
  "server_evaluate_metrics": {
    "0": {
      "loss": 0.935992830991745,
      "accuracy": 0.5765625
    },
    "1": {
      "loss": 1.0315720349550248,
      "accuracy": 0.540625
    },
    "2": {
      "loss": 0.9093529880046844,
      "accuracy": 0.59375
    },
    "3": {
      "loss": 0.842319256067276,
      "accuracy": 0.615625
    },
    "4": {
      "loss": 0.847169753909111,
      "accuracy": 0.615625
    },
    "5": {
      "loss": 0.8413741797208786,
      "accuracy": 0.6171875
    },
    "6": {
      "loss": 0.7951817989349366,
      "accuracy": 0.653125
    },
    "7": {
      "loss": 0.7927222579717637,
      "accuracy": 0.6578125
    },
    "8": {
      "loss": 0.7295091450214386,
      "accuracy": 0.6734375
    },
    "9": {
      "loss": 0.7172610074281692,
      "accuracy": 0.6921875
    },
    "10": {
      "loss": 0.7113640367984772,
      "accuracy": 0.690625
    },
    "11": {
      "loss": 0.7032354682683944,
      "accuracy": 0.690625
    },
    "12": {
      "loss": 0.679349561035633,
      "accuracy": 0.696875
    },
    "13": {
      "loss": 0.6419891968369484,
      "accuracy": 0.7125
    },
    "14": {
      "loss": 0.6287883639335632,
      "accuracy": 0.7359375
    },
    "15": {
      "loss": 0.5989417374134064,
      "accuracy": 0.7515625
    },
    "16": {
      "loss": 0.5671774700284005,
      "accuracy": 0.7625
    },
    "17": {
      "loss": 0.5517439424991608,
      "accuracy": 0.771875
    },
    "18": {
      "loss": 0.5535099640488624,
      "accuracy": 0.775
    },