{
  "metadata": {
    "run_name": "main__homogeneous__metric-privacy__fedprox__noise-0.01__seed-42",
    "data_module": "experiments.reproduce.dataset.alzheimer:create_data_module",
    "partition_mode": "homogeneous",
    "partition_profile": "auto",
    "privacy": "metric-privacy",
    "aggregation": "fedprox",
    "seed": 42,
    "num_clients": 4,
    "rounds": 20,
    "local_epochs": 5,
    "noise_multiplier": 0.01,
    "clipping_norm": 5.0,
    "initialization_pretrained": false,
    "initialization_epochs": 0,
    "initialization_final_loss": null
  },
  "train_metrics": {
    "1": {
      "train_loss": 1.1944109587930143,
      "train_loss_mean": 1.2366613395512105,
      "metric-dp-distance": 0.12409514347867419,
      "metric-dp-noise-stdv": 0.10072916352401923
    },
    "2": {
      "train_loss": 1.405568154528737,
      "train_loss_mean": 2.7380561711266638,
      "metric-dp-distance": 0.18759229220449924,
      "metric-dp-noise-stdv": 0.06663386780504513
    },
    "3": {
      "train_loss": 1.3061425257474184,
      "train_loss_mean": 2.1201789382845164,
      "metric-dp-distance": 0.1860373019396017,
      "metric-dp-noise-stdv": 0.06719082608528806
    },
    "4": {
      "train_loss": 1.3458050126209855,
      "train_loss_mean": 1.69686775021255,
      "metric-dp-distance": 0.2199039914800475,
      "metric-dp-noise-stdv": 0.05684298823259041
    },
    "5": {
      "train_loss": 1.312830317299813,
      "train_loss_mean": 1.5957849998958409,
      "metric-dp-distance": 0.2290878384374082,
      "metric-dp-noise-stdv": 0.05456422342303986
    },
    "6": {
      "train_loss": 1.262261301279068,
      "train_loss_mean": 1.575284129753709,
      "metric-dp-distance": 0.18367273391534886,
      "metric-dp-noise-stdv": 0.06805582806733308
    },
    "7": {
      "train_loss": 1.3314113118685782,
      "train_loss_mean": 1.6506686775945125,
      "metric-dp-distance": 0.2073397255347421,
      "metric-dp-noise-stdv": 0.060287530369598594
    },
    "8": {
      "train_loss": 1.3508960595354438,
      "train_loss_mean": 1.6393656441941857,
      "metric-dp-distance": 0.2000550931164374,
      "metric-dp-noise-stdv": 0.06248278814238769
    },
    "9": {
      "train_loss": 1.3258742289617658,
      "train_loss_mean": 1.6905873587355018,
      "metric-dp-distance": 0.21441224566660821,
      "metric-dp-noise-stdv": 0.05829890900651439
    },
    "10": {
      "train_loss": 1.3723570313304663,
      "train_loss_mean": 1.9113720551133158,
      "metric-dp-distance": 0.21971211520334086,
      "metric-dp-noise-stdv": 0.05689262965053795
    },
    "11": {
      "train_loss": 1.3516892157495022,
      "train_loss_mean": 1.7599667200818658,
      "metric-dp-distance": 0.22103242219115296,
      "metric-dp-noise-stdv": 0.056552789297082254
    },
    "12": {
      "train_loss": 1.421034717001021,
      "train_loss_mean": 1.6544214550405743,
      "metric-dp-distance": 0.23322309801975885,
      "metric-dp-noise-stdv": 0.05359674966216678
    },
    "13": {
      "train_loss": 1.3069794876500964,
      "train_loss_mean": 1.4417119905352591,
      "metric-dp-distance": 0.19932169211097062,
      "metric-dp-noise-stdv": 0.06271269257056444
    },
    "14": {
      "train_loss": 1.4003504239954054,
      "train_loss_mean": 1.6581404282711445,
      "metric-dp-distance": 0.24762050691060722,
      "metric-dp-noise-stdv": 0.05048047173456676
    },
    "15": {
      "train_loss": 1.441690650768578,
      "train_loss_mean": 1.6602833611890673,
      "metric-dp-distance": 0.23395123348260918,
      "metric-dp-noise-stdv": 0.05342993842744236
    },
    "16": {
      "train_loss": 1.2825628481805325,
      "train_loss_mean": 1.5834525372833013,
      "metric-dp-distance": 0.1553418222659578,
      "metric-dp-noise-stdv": 0.08046770546182332
    },
    "17": {
      "train_loss": 1.3482676884159446,
      "train_loss_mean": 2.0805304404348135,
      "metric-dp-distance": 0.16441201554456106,
      "metric-dp-noise-stdv": 0.07602850654556989
    },
    "18": {
      "train_loss": 1.4345950400456786,
      "train_loss_mean": 1.7807145157828927,
      "metric-dp-distance": 0.1784703352410967,
      "metric-dp-noise-stdv": 0.07003965103283787
    },
    "19": {
      "train_loss": 1.3215440139174461,
      "train_loss_mean": 1.5774553451687097,
      "metric-dp-distance": 0.1907253630536919,
      "metric-dp-noise-stdv": 0.06553926441592917
    },
    "20": {
      "train_loss": 1.4102534428238869,
      "train_loss_mean": 1.8493182083591817,
      "metric-dp-distance": 0.19316425826400518,
      "metric-dp-noise-stdv": 0.06471176454867628
    }
  },
  "client_evaluate_metrics": {
    "1": {
      "eval_loss": 18.73983433842659,
      "eval_acc": 0.140625
    },
    "2": {
      "eval_loss": 10.727757677435875,
      "eval_acc": 0.34765625
    },
    "3": {
      "eval_loss": 1.8001136370003223,
      "eval_acc": 0.33984375
    },
    "4": {
      "eval_loss": 1.8029061257839203,
      "eval_acc": 0.4736328125
    },
    "5": {
      "eval_loss": 7.22675558924675,
      "eval_acc": 0.140625
    },
    "6": {
      "eval_loss": 2.374773748219013,
      "eval_acc": 0.3046875
    },
    "7": {
      "eval_loss": 2.8262446224689484,
      "eval_acc": 0.390625
    },
    "8": {
      "eval_loss": 2.643439471721649,
      "eval_acc": 0.4794921875
    },
    "9": {
      "eval_loss": 4.9720429033041,
      "eval_acc": 0.49609375
    },
    "10": {
      "eval_loss": 8.62220025062561,
      "eval_acc": 0.3466796875
    },
    "11": {
      "eval_loss": 3.2959539219737053,
      "eval_acc": 0.376953125
    },
    "12": {
      "eval_loss": 1.890589527785778,
      "eval_acc": 0.3759765625
    },
    "13": {
      "eval_loss": 3.7092481032013893,
      "eval_acc": 0.5
    },
    "14": {
      "eval_loss": 1.9962943084537983,
      "eval_acc": 0.4755859375
    },
    "15": {
      "eval_loss": 2.9568170197308064,
      "eval_acc": 0.494140625
    },
    "16": {
      "eval_loss": 14.557193875312805,
      "eval_acc": 0.47265625
    },
    "17": {
      "eval_loss": 3.205275658518076,
      "eval_acc": 0.4013671875
    },
    "18": {
      "eval_loss": 1.6854900047183037,
      "eval_acc": 0.4189453125
    },
    "19": {
      "eval_loss": 7.170038685202599,
      "eval_acc": 0.5068359375
    },
    "20": {
      "eval_loss": 1.1871936433017254,
      "eval_acc": 0.4990234375
    }
  },
  "server_evaluate_metrics": {
    "0": {
      "loss": 1.44056636095047,
      "accuracy": 0.0109375
    },
    "1": {
      "loss": 18.784778690338136,
      "accuracy": 0.134375
    },
    "2": {
      "loss": 10.695360040664672,
      "accuracy": 0.359375
    },
    "3": {
      "loss": 1.6783483862876891,
      "accuracy": 0.4125
    },
    "4": {
      "loss": 1.776872393488884,
      "accuracy": 0.453125
    },
    "5": {
      "loss": 7.2064344644546505,
      "accuracy": 0.134375
    },
    "6": {
      "loss": 2.098498123884201,
      "accuracy": 0.3265625
    },
    "7": {
      "loss": 2.8296764135360717,
      "accuracy": 0.4125
    },
    "8": {
      "loss": 2.6208542346954347,
      "accuracy": 0.49375
    },
    "9": {
      "loss": 5.061059999465942,
      "accuracy": 0.503125
    },
    "10": {
      "loss": 8.620084357261657,
      "accuracy": 0.3609375
    },
    "11": {
      "loss": 3.3289416670799254,
      "accuracy": 0.3859375
    },
    "12": {
      "loss": 1.7235448837280274,
      "accuracy": 0.3859375
    },
    "13": {
      "loss": 3.7434654593467713,
      "accuracy": 0.496875
    },
    "14": {
      "loss": 1.9295669138431548,
      "accuracy": 0.4625
    },
    "15": {
      "loss": 2.8763173639774324,
      "accuracy": 0.4890625
    },
    "16": {
      "loss": 14.20180697441101,
      "accuracy": 0.4796875
    },
    "17": {
      "loss": 3.379487669467926,
      "accuracy": 0.3703125
    },
    "18": {
      "loss": 1.6525486946105956,
      "accuracy": 0.4140625
    },
    "19": {
      "loss": 6.69017219543457,
      "accuracy": 0.4890625
    },