{
  "metadata": {
    "run_name": "main__homogeneous__metric-privacy__fedyogi__noise-0.01__seed-42",
    "data_module": "experiments.reproduce.dataset.alzheimer:create_data_module",
    "partition_mode": "homogeneous",
    "partition_profile": "auto",
    "privacy": "metric-privacy",
    "aggregation": "fedyogi",
    "seed": 42,
    "num_clients": 4,
    "rounds": 20,
    "local_epochs": 5,
    "noise_multiplier": 0.01,
    "clipping_norm": 5.0,
    "initialization_pretrained": true,
    "initialization_epochs": 20,
    "initialization_final_loss": 0.6745963603258133
  },
  "train_metrics": {
    "1": {
      "train_loss": 0.5519259399734437,
      "train_loss_mean": 0.6934702043421567,
      "metric-dp-distance": 1.8627982609129201,
      "metric-dp-noise-stdv": 0.006710334802370924
    },
    "2": {
      "train_loss": 0.4639202794060111,
      "train_loss_mean": 0.6347690237686039,
      "metric-dp-distance": 1.9142313156432162,
      "metric-dp-noise-stdv": 0.0065300363116250525
    },
    "3": {
      "train_loss": 0.33774640929186717,
      "train_loss_mean": 0.5180437358445489,
      "metric-dp-distance": 1.8374211208429188,
      "metric-dp-noise-stdv": 0.006803013124321556
    },
    "4": {
      "train_loss": 0.20928441814612597,
      "train_loss_mean": 0.379734922980424,
      "metric-dp-distance": 1.6918859174863126,
      "metric-dp-noise-stdv": 0.007388205002954122
    },
    "5": {
      "train_loss": 0.13422387215541676,
      "train_loss_mean": 0.26874107152980287,
      "metric-dp-distance": 1.5387205020912613,
      "metric-dp-noise-stdv": 0.008123632578503608
    },
    "6": {
      "train_loss": 0.08906858956470387,
      "train_loss_mean": 0.18362168982130242,
      "metric-dp-distance": 1.461788270312051,
      "metric-dp-noise-stdv": 0.008551169997643776
    },
    "7": {
      "train_loss": 0.06821700046020851,
      "train_loss_mean": 0.15521283462185237,
      "metric-dp-distance": 1.352898023556918,
      "metric-dp-noise-stdv": 0.009239425132085066
    },
    "8": {
      "train_loss": 0.05655751793892705,
      "train_loss_mean": 0.13418856515618244,
      "metric-dp-distance": 1.2507349696631234,
      "metric-dp-noise-stdv": 0.009994123697818082
    },
    "9": {
      "train_loss": 0.06454312280061458,
      "train_loss_mean": 0.1073719192844237,
      "metric-dp-distance": 1.2476722189070035,
      "metric-dp-noise-stdv": 0.010018656992259038
    },
    "10": {
      "train_loss": 0.04466295680259691,
      "train_loss_mean": 0.0851745988929565,
      "metric-dp-distance": 1.2817955682985485,
      "metric-dp-noise-stdv": 0.009751945091051034
    },
    "11": {
      "train_loss": 0.03898786777403984,
      "train_loss_mean": 0.06427569934742508,
      "metric-dp-distance": 1.326660302079593,
      "metric-dp-noise-stdv": 0.009422155754872406
    },
    "12": {
      "train_loss": 0.04077575927908583,
      "train_loss_mean": 0.05476033907511422,
      "metric-dp-distance": 1.3039275074067216,
      "metric-dp-noise-stdv": 0.009586422503548731
    },
    "13": {
      "train_loss": 0.030835656040199666,
      "train_loss_mean": 0.04689556403498445,
      "metric-dp-distance": 1.269708566988508,
      "metric-dp-noise-stdv": 0.009844778813808805
    },
    "14": {
      "train_loss": 0.054496544483569664,
      "train_loss_mean": 0.047692466006550485,
      "metric-dp-distance": 1.4699982268114884,
      "metric-dp-noise-stdv": 0.008503411617790333
    },
    "15": {
      "train_loss": 0.045966712430036694,
      "train_loss_mean": 0.04280613351429228,
      "metric-dp-distance": 1.42788294578592,
      "metric-dp-noise-stdv": 0.008754218990352801
    },
    "16": {
      "train_loss": 0.026780279394186507,
      "train_loss_mean": 0.030033977591781332,
      "metric-dp-distance": 1.3052816068132718,
      "metric-dp-noise-stdv": 0.009576477546877897
    },
    "17": {
      "train_loss": 0.05560623945856663,
      "train_loss_mean": 0.03363494841312832,
      "metric-dp-distance": 1.2822404302035768,
      "metric-dp-noise-stdv": 0.009748561740496218
    },
    "18": {
      "train_loss": 0.03569931147226921,
      "train_loss_mean": 0.031686149575657345,
      "metric-dp-distance": 1.2438309960998595,
      "metric-dp-noise-stdv": 0.010049596801490587
    },
    "19": {
      "train_loss": 0.04250753703547805,
      "train_loss_mean": 0.026980138184022943,
      "metric-dp-distance": 1.2549313066216807,
      "metric-dp-noise-stdv": 0.00996070456928072
    },
    "20": {
      "train_loss": 0.07712174694203178,
      "train_loss_mean": 0.03771015594290574,
      "metric-dp-distance": 1.3972178103091817,
      "metric-dp-noise-stdv": 0.008946350316872895
    }
  },
  "client_evaluate_metrics": {
    "1": {
      "eval_loss": 0.8295101020485163,
      "eval_acc": 0.6357421875
    },
    "2": {
      "eval_loss": 0.7233118256554008,
      "eval_acc": 0.6767578125
    },
    "3": {
      "eval_loss": 0.6315047852694988,
      "eval_acc": 0.7255859375
    },
    "4": {
      "eval_loss": 0.5051999539136887,
      "eval_acc": 0.794921875
    },
    "5": {
      "eval_loss": 0.4488252867013216,
      "eval_acc": 0.8134765625
    },
    "6": {
      "eval_loss": 0.6449519442394376,
      "eval_acc": 0.78515625
    },
    "7": {
      "eval_loss": 0.7237261682748795,
      "eval_acc": 0.8232421875
    },
    "8": {
      "eval_loss": 0.5536431689979509,
      "eval_acc": 0.8662109375
    },
    "9": {
      "eval_loss": 0.2962998669827357,
      "eval_acc": 0.9267578125
    },
    "10": {
      "eval_loss": 0.2283396876300685,
      "eval_acc": 0.951171875
    },
    "11": {
      "eval_loss": 0.29115676501533017,
      "eval_acc": 0.9423828125
    },
    "12": {
      "eval_loss": 0.2688770226377528,
      "eval_acc": 0.9384765625
    },
    "13": {
      "eval_loss": 0.21338192124676425,
      "eval_acc": 0.9443359375
    },
    "14": {
      "eval_loss": 0.1878050240848097,
      "eval_acc": 0.9580078125
    },
    "15": {
      "eval_loss": 0.1932700604229467,
      "eval_acc": 0.9619140625
    },
    "16": {
      "eval_loss": 0.16998201987007633,
      "eval_acc": 0.9677734375
    },
    "17": {
      "eval_loss": 0.15753071162907872,
      "eval_acc": 0.9716796875
    },
    "18": {
      "eval_loss": 0.15827943192562088,
      "eval_acc": 0.97265625
    },
    "19": {
      "eval_loss": 0.1973332176949043,
      "eval_acc": 0.970703125
    },
    "20": {
      "eval_loss": 0.14121830265503377,
      "eval_acc": 0.9755859375
    }
  },
  "server_evaluate_metrics": {
    "0": {
      "loss": 0.9589628159999848,
      "accuracy": 0.5859375
    },
    "1": {
      "loss": 0.860816952586174,
      "accuracy": 0.6046875
    },
    "2": {
      "loss": 0.7465411484241485,
      "accuracy": 0.671875
    },
    "3": {
      "loss": 0.6488002166152,
      "accuracy": 0.71875
    },
    "4": {
      "loss": 0.5418053492903709,
      "accuracy": 0.7703125
    },
    "5": {
      "loss": 0.4961691826581955,
      "accuracy": 0.7953125
    },
    "6": {
      "loss": 0.7241172805428505,
      "accuracy": 0.775
    },
    "7": {
      "loss": 0.9138051256537437,
      "accuracy": 0.8203125
    },
    "8": {
      "loss": 0.8704286247491837,
      "accuracy": 0.84375
    },
    "9": {
      "loss": 0.57031988222152,
      "accuracy": 0.915625
    },
    "10": {
      "loss": 0.5594915975641925,
      "accuracy": 0.940625
    },
    "11": {
      "loss": 0.5775643264409155,
      "accuracy": 0.9375
    },
    "12": {
      "loss": 0.5080501374788582,
      "accuracy": 0.93125
    },
    "13": {
      "loss": 0.42753861444070934,
      "accuracy": 0.9359375
    },
    "14": {
      "loss": 0.36158443163149057,
      "accuracy": 0.946875
    },
    "15": {
      "loss": 0.33451814721920525,
      "accuracy": 0.946875
    },
    "16": {
      "loss": 0.2969342519179918,
      "accuracy": 0.95
    },
    "17": {
      "loss": 0.2953893457131926,
      "accuracy": 0.9515625
    },
    "18": {
      "loss": 0.43748944441849746,