{
  "metadata": {
    "run_name": "main__homogeneous__vanilla__fedprox__noise-0.01__seed-43",
    "data_module": "experiments.reproduce.dataset.alzheimer:create_data_module",
    "partition_mode": "homogeneous",
    "partition_profile": "auto",
    "privacy": "vanilla",
    "aggregation": "fedprox",
    "seed": 43,
    "num_clients": 4,
    "rounds": 20,
    "local_epochs": 5,
    "noise_multiplier": 0.01,
    "clipping_norm": 5.0,
    "initialization_pretrained": false,
    "initialization_epochs": 0,
    "initialization_final_loss": null
  },
  "train_metrics": {
    "1": {
      "train_loss": 1.1823540274053812,
      "train_loss_mean": 1.2444568695500493
    },
    "2": {
      "train_loss": 1.0852742199786007,
      "train_loss_mean": 1.1114095003344118
    },
    "3": {
      "train_loss": 1.0743392170406878,
      "train_loss_mean": 1.0848217063583434
    },
    "4": {
      "train_loss": 1.057601811364293,
      "train_loss_mean": 1.0716262944042683
    },
    "5": {
      "train_loss": 1.0544103207066655,
      "train_loss_mean": 1.0649442213587461
    },
    "6": {
      "train_loss": 1.0474911942146719,
      "train_loss_mean": 1.0586006694473324
    },
    "7": {
      "train_loss": 1.0372414854355156,
      "train_loss_mean": 1.0524998785927893
    },
    "8": {
      "train_loss": 1.0266889980994165,
      "train_loss_mean": 1.0454075754620136
    },
    "9": {
      "train_loss": 1.0172447878867388,
      "train_loss_mean": 1.0399503932334482
    },
    "10": {
      "train_loss": 1.0071995975449681,
      "train_loss_mean": 1.0307907855138183
    },
    "11": {
      "train_loss": 1.0004773857071996,
      "train_loss_mean": 1.0205384014174341
    },
    "12": {
      "train_loss": 0.9984868480823934,
      "train_loss_mean": 1.012736595980823
    },
    "13": {
      "train_loss": 0.9773836815729737,
      "train_loss_mean": 0.9980381749570368
    },
    "14": {
      "train_loss": 0.9708437672816217,
      "train_loss_mean": 0.9894610072486103
    },
    "15": {
      "train_loss": 0.9586224062368274,
      "train_loss_mean": 0.9810364116914572
    },
    "16": {
      "train_loss": 0.9567588651552796,
      "train_loss_mean": 0.9733599961735309
    },
    "17": {
      "train_loss": 0.9424533862620592,
      "train_loss_mean": 0.9643752398900689
    },
    "18": {
      "train_loss": 0.9429003628902137,
      "train_loss_mean": 0.9598752356134355
    },
    "19": {
      "train_loss": 0.9323307638987899,
      "train_loss_mean": 0.9518098469823599
    },
    "20": {
      "train_loss": 0.9318221802823246,
      "train_loss_mean": 0.9451228316873312
    }
  },
  "client_evaluate_metrics": {
    "1": {
      "eval_loss": 1.0396788828074932,
      "eval_acc": 0.5
    },
    "2": {
      "eval_loss": 1.030750086531043,
      "eval_acc": 0.5
    },
    "3": {
      "eval_loss": 1.0257722344249487,
      "eval_acc": 0.5
    },
    "4": {
      "eval_loss": 1.0221738182008266,
      "eval_acc": 0.5
    },
    "5": {
      "eval_loss": 1.0164772141724825,
      "eval_acc": 0.5
    },
    "6": {
      "eval_loss": 1.0096306037157774,
      "eval_acc": 0.501953125
    },
    "7": {
      "eval_loss": 1.0020852163434029,
      "eval_acc": 0.501953125
    },
    "8": {
      "eval_loss": 0.9942821282893419,
      "eval_acc": 0.5087890625
    },
    "9": {
      "eval_loss": 0.983525762334466,
      "eval_acc": 0.521484375
    },
    "10": {
      "eval_loss": 0.971424512565136,
      "eval_acc": 0.517578125
    },
    "11": {
      "eval_loss": 0.9606069531291723,
      "eval_acc": 0.515625
    },
    "12": {
      "eval_loss": 0.9520262815058231,
      "eval_acc": 0.521484375
    },
    "13": {
      "eval_loss": 0.9423516243696213,
      "eval_acc": 0.5263671875
    },
    "14": {
      "eval_loss": 0.9345807861536741,
      "eval_acc": 0.529296875
    },
    "15": {
      "eval_loss": 0.928542010486126,
      "eval_acc": 0.5283203125
    },
    "16": {
      "eval_loss": 0.9215542040765285,
      "eval_acc": 0.541015625
    },
    "17": {
      "eval_loss": 0.9163133203983307,
      "eval_acc": 0.5439453125
    },
    "18": {
      "eval_loss": 0.9110457953065634,
      "eval_acc": 0.5478515625
    },
    "19": {
      "eval_loss": 0.9049956854432821,
      "eval_acc": 0.5546875
    },
    "20": {
      "eval_loss": 0.9025947917252779,
      "eval_acc": 0.556640625
    }
  },
  "server_evaluate_metrics": {
    "0": {
      "loss": 1.3831079185009003,
      "accuracy": 0.134375
    },
    "1": {
      "loss": 1.0367432951927185,
      "accuracy": 0.4953125
    },
    "2": {
      "loss": 1.0254624217748642,
      "accuracy": 0.4953125
    },
    "3": {
      "loss": 1.020303076505661,
      "accuracy": 0.4953125
    },
    "4": {
      "loss": 1.017394781112671,
      "accuracy": 0.4953125
    },
    "5": {
      "loss": 1.0129063457250596,
      "accuracy": 0.4953125
    },
    "6": {
      "loss": 1.0075083047151565,
      "accuracy": 0.4953125
    },
    "7": {
      "loss": 1.0028085321187974,
      "accuracy": 0.496875
    },
    "8": {
      "loss": 0.9981854915618896,
      "accuracy": 0.5015625
    },
    "9": {
      "loss": 0.9906498610973358,
      "accuracy": 0.5078125
    },
    "10": {
      "loss": 0.9817092895507813,
      "accuracy": 0.5015625
    },
    "11": {
      "loss": 0.9738436132669449,
      "accuracy": 0.5078125
    },
    "12": {
      "loss": 0.9690117180347443,
      "accuracy": 0.503125
    },
    "13": {
      "loss": 0.9609933793544769,
      "accuracy": 0.5015625
    },
    "14": {
      "loss": 0.9547691166400909,
      "accuracy": 0.50625
    },
    "15": {
      "loss": 0.9527003943920136,
      "accuracy": 0.50625
    },
    "16": {
      "loss": 0.9475023090839386,
      "accuracy": 0.515625
    },
    "17": {
      "loss": 0.9456910043954849,
      "accuracy": 0.51875
    },
    "18": {
      "loss": 0.9411618113517761,
      "accuracy": 0.5234375
    },
    "19": {
      "loss": 0.9333723783493042,
      "accuracy": 0.5234375
    },
    "20": {
      "loss": 0.9329842895269393,
      "accuracy": 0.5328125
    }
  }
}
