{
  "metadata": {
    "run_name": "main__homogeneous__vanilla__fedyogi__noise-0.01__seed-45",
    "data_module": "experiments.reproduce.dataset.alzheimer:create_data_module",
    "partition_mode": "homogeneous",
    "partition_profile": "auto",
    "privacy": "vanilla",
    "aggregation": "fedyogi",
    "seed": 45,
    "num_clients": 4,
    "rounds": 20,
    "local_epochs": 5,
    "noise_multiplier": 0.01,
    "clipping_norm": 5.0,
    "initialization_pretrained": true,
    "initialization_epochs": 20,
    "initialization_final_loss": 0.4451466605067253
  },
  "train_metrics": {
    "1": {
      "train_loss": 0.4398748620878905,
      "train_loss_mean": 0.6459023468196392
    },
    "2": {
      "train_loss": 0.2971516288816929,
      "train_loss_mean": 0.516160751087591
    },
    "3": {
      "train_loss": 0.17645261934376322,
      "train_loss_mean": 0.34929178348393175
    },
    "4": {
      "train_loss": 0.11229735298547894,
      "train_loss_mean": 0.22280620423844083
    },
    "5": {
      "train_loss": 0.09146416605290142,
      "train_loss_mean": 0.14788029101109712
    },
    "6": {
      "train_loss": 0.06764166574794217,
      "train_loss_mean": 0.119262193205941
    },
    "7": {
      "train_loss": 0.0637624189807866,
      "train_loss_mean": 0.10531180804819087
    },
    "8": {
      "train_loss": 0.05462252144775448,
      "train_loss_mean": 0.08818693995094691
    },
    "9": {
      "train_loss": 0.03583941509873512,
      "train_loss_mean": 0.07239503056770644
    },
    "10": {
      "train_loss": 0.0778429469683104,
      "train_loss_mean": 0.0631720978742492
    },
    "11": {
      "train_loss": 0.08198717276114209,
      "train_loss_mean": 0.05939050047045358
    },
    "12": {
      "train_loss": 0.02750259407802036,
      "train_loss_mean": 0.042182902128655025
    },
    "13": {
      "train_loss": 0.02891367950807,
      "train_loss_mean": 0.040702981899135765
    },
    "14": {
      "train_loss": 0.042308193376110914,
      "train_loss_mean": 0.04488311584400813
    },
    "15": {
      "train_loss": 0.03388131111467782,
      "train_loss_mean": 0.03487713682697098
    },
    "16": {
      "train_loss": 0.02732973249211257,
      "train_loss_mean": 0.03583619508088017
    },
    "17": {
      "train_loss": 0.03057102184579663,
      "train_loss_mean": 0.03953623418080905
    },
    "18": {
      "train_loss": 0.03327029893983113,
      "train_loss_mean": 0.033397893179176755
    },
    "19": {
      "train_loss": 0.0600776369069039,
      "train_loss_mean": 0.038784675464918594
    },
    "20": {
      "train_loss": 0.05042529804492757,
      "train_loss_mean": 0.05294146917429285
    }
  },
  "client_evaluate_metrics": {
    "1": {
      "eval_loss": 0.7307598451152444,
      "eval_acc": 0.6845703125
    },
    "2": {
      "eval_loss": 0.5814121179282665,
      "eval_acc": 0.7509765625
    },
    "3": {
      "eval_loss": 0.48524461034685373,
      "eval_acc": 0.8017578125
    },
    "4": {
      "eval_loss": 0.4107549129985273,
      "eval_acc": 0.8486328125
    },
    "5": {
      "eval_loss": 0.49011191981844604,
      "eval_acc": 0.8623046875
    },
    "6": {
      "eval_loss": 0.652220499352552,
      "eval_acc": 0.884765625
    },
    "7": {
      "eval_loss": 0.7446421314380132,
      "eval_acc": 0.8994140625
    },
    "8": {
      "eval_loss": 0.6681681614500121,
      "eval_acc": 0.9228515625
    },
    "9": {
      "eval_loss": 0.4978263272978438,
      "eval_acc": 0.931640625
    },
    "10": {
      "eval_loss": 0.3025718992705606,
      "eval_acc": 0.9443359375
    },
    "11": {
      "eval_loss": 0.2332689828472212,
      "eval_acc": 0.9365234375
    },
    "12": {
      "eval_loss": 0.23710989695973694,
      "eval_acc": 0.9375
    },
    "13": {
      "eval_loss": 0.24218386318534613,
      "eval_acc": 0.93359375
    },
    "14": {
      "eval_loss": 0.22840618761256337,
      "eval_acc": 0.94140625
    },
    "15": {
      "eval_loss": 0.229383357684128,
      "eval_acc": 0.95703125
    },
    "16": {
      "eval_loss": 0.25495746319938917,
      "eval_acc": 0.96484375
    },
    "17": {
      "eval_loss": 0.27665648561378475,
      "eval_acc": 0.966796875
    },
    "18": {
      "eval_loss": 0.25262132070292864,
      "eval_acc": 0.96484375
    },
    "19": {
      "eval_loss": 0.22209894853313017,
      "eval_acc": 0.9619140625
    },
    "20": {
      "eval_loss": 0.23230429433169775,
      "eval_acc": 0.9384765625
    }
  },
  "server_evaluate_metrics": {
    "0": {
      "loss": 1.0164297387003898,
      "accuracy": 0.61875
    },
    "1": {
      "loss": 0.789896211028099,
      "accuracy": 0.6546875
    },
    "2": {
      "loss": 0.6073829397559166,
      "accuracy": 0.734375
    },
    "3": {
      "loss": 0.4951572984457016,
      "accuracy": 0.8046875
    },
    "4": {
      "loss": 0.4367996372282505,
      "accuracy": 0.853125
    },
    "5": {
      "loss": 0.5448958031833172,
      "accuracy": 0.8453125
    },
    "6": {
      "loss": 0.6835268122144044,
      "accuracy": 0.89375
    },
    "7": {
      "loss": 0.8612747929990292,
      "accuracy": 0.9015625
    },
    "8": {
      "loss": 0.8759501278400421,
      "accuracy": 0.90625
    },
    "9": {
      "loss": 0.765827139094472,
      "accuracy": 0.909375
    },
    "10": {
      "loss": 0.5017192006111145,
      "accuracy": 0.93125
    },
    "11": {
      "loss": 0.34084342774003745,
      "accuracy": 0.934375
    },
    "12": {
      "loss": 0.31529606096446516,
      "accuracy": 0.9203125
    },
    "13": {
      "loss": 0.30123073123395444,
      "accuracy": 0.9234375
    },
    "14": {
      "loss": 0.30028437338769437,
      "accuracy": 0.940625
    },
    "15": {
      "loss": 0.3708698753849603,
      "accuracy": 0.9484375
    },
    "16": {
      "loss": 0.45615575577830897,
      "accuracy": 0.959375
    },
    "17": {
      "loss": 0.49876092344347855,
      "accuracy": 0.9640625
    },
    "18": {
      "loss": 0.46476627042284235,
      "accuracy": 0.9640625
    },
    "19": {
      "loss": 0.3962825886090286,
      "accuracy": 0.9609375
    },
    "20": {
      "loss": 0.37893257648684087,
      "accuracy": 0.93125
    }
  }
}
