{
  "metadata": {
    "run_name": "main__homogeneous__global-dp__fedprox__noise-0.01__seed-42",
    "data_module": "experiments.reproduce.dataset.alzheimer:create_data_module",
    "partition_mode": "homogeneous",
    "partition_profile": "auto",
    "privacy": "global-dp",
    "aggregation": "fedprox",
    "seed": 42,
    "num_clients": 4,
    "rounds": 20,
    "local_epochs": 5,
    "noise_multiplier": 0.01,
    "clipping_norm": 5.0,
    "initialization_pretrained": false,
    "initialization_epochs": 0,
    "initialization_final_loss": null
  },
  "train_metrics": {
    "1": {
      "train_loss": 1.1837153853848577,
      "train_loss_mean": 1.2295828676782548
    },
    "2": {
      "train_loss": 1.1215167953632772,
      "train_loss_mean": 1.1553709043189884
    },
    "3": {
      "train_loss": 1.0862296465784311,
      "train_loss_mean": 1.1148629302158952
    },
    "4": {
      "train_loss": 1.0835442962124944,
      "train_loss_mean": 1.1134858396835625
    },
    "5": {
      "train_loss": 1.0799707029946148,
      "train_loss_mean": 1.1063098444603383
    },
    "6": {
      "train_loss": 1.071633375249803,
      "train_loss_mean": 1.0996230667456985
    },
    "7": {
      "train_loss": 1.0727960295043886,
      "train_loss_mean": 1.099738939013332
    },
    "8": {
      "train_loss": 1.0604987037368119,
      "train_loss_mean": 1.0929462244734167
    },
    "9": {
      "train_loss": 1.0497067077085376,
      "train_loss_mean": 1.0838711826130747
    },
    "10": {
      "train_loss": 1.0363331837579608,
      "train_loss_mean": 1.076205104123801
    },
    "11": {
      "train_loss": 1.0307008801028132,
      "train_loss_mean": 1.0628310402855277
    },
    "12": {
      "train_loss": 1.0151988142170012,
      "train_loss_mean": 1.047168766334653
    },
    "13": {
      "train_loss": 1.0036090947687626,
      "train_loss_mean": 1.0446721265092491
    },
    "14": {
      "train_loss": 1.0022058552131057,
      "train_loss_mean": 1.0358442654833198
    },
    "15": {
      "train_loss": 0.9921045335941017,
      "train_loss_mean": 1.0370091313496232
    },
    "16": {
      "train_loss": 0.9871506132185459,
      "train_loss_mean": 1.02619840009138
    },
    "17": {
      "train_loss": 0.9825337924994528,
      "train_loss_mean": 1.0166557809337973
    },
    "18": {
      "train_loss": 0.9809571127407253,
      "train_loss_mean": 1.0060490229167045
    },
    "19": {
      "train_loss": 0.9767690235748887,
      "train_loss_mean": 1.0030062990263104
    },
    "20": {
      "train_loss": 0.9656849773600698,
      "train_loss_mean": 0.9917313793674112
    }
  },
  "client_evaluate_metrics": {
    "1": {
      "eval_loss": 1.0717854984104633,
      "eval_acc": 0.5
    },
    "2": {
      "eval_loss": 1.0383261516690254,
      "eval_acc": 0.5
    },
    "3": {
      "eval_loss": 1.0330951325595379,
      "eval_acc": 0.5
    },
    "4": {
      "eval_loss": 1.0319898314774036,
      "eval_acc": 0.5
    },
    "5": {
      "eval_loss": 1.0278057772666216,
      "eval_acc": 0.5
    },
    "6": {
      "eval_loss": 1.0115138925611973,
      "eval_acc": 0.50390625
    },
    "7": {
      "eval_loss": 1.0022545736283064,
      "eval_acc": 0.515625
    },
    "8": {
      "eval_loss": 0.990280281752348,
      "eval_acc": 0.5126953125
    },
    "9": {
      "eval_loss": 0.9873016458004713,
      "eval_acc": 0.5185546875
    },
    "10": {
      "eval_loss": 0.9786689262837172,
      "eval_acc": 0.51953125
    },
    "11": {
      "eval_loss": 0.9629018269479275,
      "eval_acc": 0.5185546875
    },
    "12": {
      "eval_loss": 0.9592565018683672,
      "eval_acc": 0.53125
    },
    "13": {
      "eval_loss": 0.9639576878398657,
      "eval_acc": 0.533203125
    },
    "14": {
      "eval_loss": 0.9589083530008793,
      "eval_acc": 0.5205078125
    },
    "15": {
      "eval_loss": 0.9740067645907402,
      "eval_acc": 0.51953125
    },
    "16": {
      "eval_loss": 0.9703260455280542,
      "eval_acc": 0.5146484375
    },
    "17": {
      "eval_loss": 0.978714894503355,
      "eval_acc": 0.51953125
    },
    "18": {
      "eval_loss": 0.926354892551899,
      "eval_acc": 0.552734375
    },
    "19": {
      "eval_loss": 0.9218936674296856,
      "eval_acc": 0.5439453125
    },
    "20": {
      "eval_loss": 0.9234905056655407,
      "eval_acc": 0.55078125
    }
  },
  "server_evaluate_metrics": {
    "0": {
      "loss": 1.44056636095047,
      "accuracy": 0.0109375
    },
    "1": {
      "loss": 1.0652137249708176,
      "accuracy": 0.4953125
    },
    "2": {
      "loss": 1.02650945186615,
      "accuracy": 0.4953125
    },
    "3": {
      "loss": 1.0227603614330292,
      "accuracy": 0.4953125
    },
    "4": {
      "loss": 1.021245938539505,
      "accuracy": 0.4953125
    },
    "5": {
      "loss": 1.0151000916957855,
      "accuracy": 0.4953125
    },
    "6": {
      "loss": 0.9984809011220932,
      "accuracy": 0.50625
    },
    "7": {
      "loss": 0.9878740549087525,
      "accuracy": 0.5140625
    },
    "8": {
      "loss": 0.9806294560432434,
      "accuracy": 0.5171875
    },
    "9": {
      "loss": 0.9756820976734162,
      "accuracy": 0.515625
    },
    "10": {
      "loss": 0.9703194081783295,
      "accuracy": 0.515625
    },
    "11": {
      "loss": 0.9518048822879791,
      "accuracy": 0.5078125
    },
    "12": {
      "loss": 0.9447339594364166,
      "accuracy": 0.525
    },
    "13": {
      "loss": 0.9530894994735718,
      "accuracy": 0.5375
    },
    "14": {
      "loss": 0.9498346716165542,
      "accuracy": 0.5171875
    },
    "15": {
      "loss": 0.961230680346489,
      "accuracy": 0.5453125
    },
    "16": {
      "loss": 0.9590463191270828,
      "accuracy": 0.53125
    },
    "17": {
      "loss": 0.9691958039999008,
      "accuracy": 0.5375
    },
    "18": {
      "loss": 0.9194375336170196,
      "accuracy": 0.559375
    },
    "19": {
      "loss": 0.9136002540588379,
      "accuracy": 0.54375
    },
    "20": {
      "loss": 0.9156841337680817,
      "accuracy": 0.5546875
    }
  }
}
