{
  "metadata": {
    "run_name": "main__homogeneous__global-dp__fedavgm__noise-0.01__seed-45",
    "data_module": "experiments.reproduce.dataset.alzheimer:create_data_module",
    "partition_mode": "homogeneous",
    "partition_profile": "auto",
    "privacy": "global-dp",
    "aggregation": "fedavgm",
    "seed": 45,
    "num_clients": 4,
    "rounds": 20,
    "local_epochs": 5,
    "noise_multiplier": 0.01,
    "clipping_norm": 5.0,
    "initialization_pretrained": true,
    "initialization_epochs": 20,
    "initialization_final_loss": 0.42924394458532333
  },
  "train_metrics": {
    "1": {
      "train_loss": 0.4780839130980894,
      "train_loss_mean": 0.6649489777395502
    },
    "2": {
      "train_loss": 0.4753398923203349,
      "train_loss_mean": 0.6641703284578397
    },
    "3": {
      "train_loss": 0.44537882041186094,
      "train_loss_mean": 0.6433938136324286
    },
    "4": {
      "train_loss": 0.40215617942158133,
      "train_loss_mean": 0.6157840007916093
    },
    "5": {
      "train_loss": 0.3851261689560488,
      "train_loss_mean": 0.5984783960040658
    },
    "6": {
      "train_loss": 0.36417186085600406,
      "train_loss_mean": 0.5791789448587223
    },
    "7": {
      "train_loss": 0.35047293221578,
      "train_loss_mean": 0.5619466497795657
    },
    "8": {
      "train_loss": 0.30965483898762614,
      "train_loss_mean": 0.5328506360528991
    },
    "9": {
      "train_loss": 0.29495217034127563,
      "train_loss_mean": 0.5107467625988646
    },
    "10": {
      "train_loss": 0.27628708456177264,
      "train_loss_mean": 0.4912412974983454
    },
    "11": {
      "train_loss": 0.25631048530340195,
      "train_loss_mean": 0.4732212725793943
    },
    "12": {
      "train_loss": 0.2440058490028605,
      "train_loss_mean": 0.4611645031953231
    },
    "13": {
      "train_loss": 0.22589359484845772,
      "train_loss_mean": 0.4404819500749
    },
    "14": {
      "train_loss": 0.22338495339499786,
      "train_loss_mean": 0.42234452095581215
    },
    "15": {
      "train_loss": 0.2011114977649413,
      "train_loss_mean": 0.39780525946989653
    },
    "16": {
      "train_loss": 0.19240424409508705,
      "train_loss_mean": 0.3790147155756131
    },
    "17": {
      "train_loss": 0.18015640586963855,
      "train_loss_mean": 0.36352209894103
    },
    "18": {
      "train_loss": 0.1856535075348802,
      "train_loss_mean": 0.3584929249365814
    },
    "19": {
      "train_loss": 0.15815291870967485,
      "train_loss_mean": 0.3298001677321736
    },
    "20": {
      "train_loss": 0.15217997797299176,
      "train_loss_mean": 0.3181360641377978
    }
  },
  "client_evaluate_metrics": {
    "1": {
      "eval_loss": 1.0500427465885878,
      "eval_acc": 0.65625
    },
    "2": {
      "eval_loss": 1.0036534145474434,
      "eval_acc": 0.66015625
    },
    "3": {
      "eval_loss": 0.895388625562191,
      "eval_acc": 0.67578125
    },
    "4": {
      "eval_loss": 1.0103695057332516,
      "eval_acc": 0.6484375
    },
    "5": {
      "eval_loss": 0.969523137435317,
      "eval_acc": 0.662109375
    },
    "6": {
      "eval_loss": 0.8876764215528965,
      "eval_acc": 0.6845703125
    },
    "7": {
      "eval_loss": 0.8044863026589155,
      "eval_acc": 0.6796875
    },
    "8": {
      "eval_loss": 0.7893628384917974,
      "eval_acc": 0.69140625
    },
    "9": {
      "eval_loss": 0.784405454993248,
      "eval_acc": 0.6943359375
    },
    "10": {
      "eval_loss": 0.7294535925611854,
      "eval_acc": 0.7119140625
    },
    "11": {
      "eval_loss": 0.7413210365921259,
      "eval_acc": 0.703125
    },
    "12": {
      "eval_loss": 0.7238278081640601,
      "eval_acc": 0.7333984375
    },
    "13": {
      "eval_loss": 0.670284690335393,
      "eval_acc": 0.73046875
    },
    "14": {
      "eval_loss": 0.6780507741495967,
      "eval_acc": 0.72265625
    },
    "15": {
      "eval_loss": 0.6646025748923421,
      "eval_acc": 0.7294921875
    },
    "16": {
      "eval_loss": 0.6243761647492647,
      "eval_acc": 0.7470703125
    },
    "17": {
      "eval_loss": 0.6356577994301915,
      "eval_acc": 0.75
    },
    "18": {
      "eval_loss": 0.5818357588723302,
      "eval_acc": 0.7666015625
    },
    "19": {
      "eval_loss": 0.5722082620486617,
      "eval_acc": 0.7685546875
    },
    "20": {
      "eval_loss": 0.5399675890803337,
      "eval_acc": 0.77734375
    }
  },
  "server_evaluate_metrics": {
    "0": {
      "loss": 1.0803822860121728,
      "accuracy": 0.61875
    },
    "1": {
      "loss": 1.1236736103892326,
      "accuracy": 0.64375
    },
    "2": {
      "loss": 1.078702062368393,
      "accuracy": 0.621875
    },
    "3": {
      "loss": 0.9678842753171921,
      "accuracy": 0.646875
    },
    "4": {
      "loss": 1.083530330657959,
      "accuracy": 0.6234375
    },
    "5": {
      "loss": 1.0502338245511056,
      "accuracy": 0.6390625
    },
    "6": {
      "loss": 0.9727230191230773,
      "accuracy": 0.6375
    },
    "7": {
      "loss": 0.8604166656732559,
      "accuracy": 0.65625
    },
    "8": {
      "loss": 0.8476196929812432,
      "accuracy": 0.65625
    },
    "9": {
      "loss": 0.8401898354291916,
      "accuracy": 0.671875
    },
    "10": {
      "loss": 0.7891343474388123,
      "accuracy": 0.671875
    },
    "11": {
      "loss": 0.7947797924280167,
      "accuracy": 0.6734375
    },
    "12": {
      "loss": 0.7872418627142906,
      "accuracy": 0.6921875
    },
    "13": {
      "loss": 0.7213121205568314,
      "accuracy": 0.6953125
    },
    "14": {
      "loss": 0.7363834798336029,
      "accuracy": 0.6953125
    },
    "15": {
      "loss": 0.7244508236646652,
      "accuracy": 0.69375
    },
    "16": {
      "loss": 0.6786402523517608,
      "accuracy": 0.7078125
    },
    "17": {
      "loss": 0.6891520634293556,
      "accuracy": 0.734375
    },
    "18": {
      "loss": 0.6436422795057297,
      "accuracy": 0.740625
    },
    "19": {
      "loss": 0.6257300600409508,
      "accuracy": 0.74375
    },
    "20": {
      "loss": 0.5997085988521575,
      "accuracy": 0.7546875
    }
  }
}
