{
  "metadata": {
    "run_name": "main__homogeneous__global-dp__fedprox__noise-0.01__seed-44",
    "data_module": "experiments.reproduce.dataset.alzheimer:create_data_module",
    "partition_mode": "homogeneous",
    "partition_profile": "auto",
    "privacy": "global-dp",
    "aggregation": "fedprox",
    "seed": 44,
    "num_clients": 4,
    "rounds": 20,
    "local_epochs": 5,
    "noise_multiplier": 0.01,
    "clipping_norm": 5.0,
    "initialization_pretrained": false,
    "initialization_epochs": 0,
    "initialization_final_loss": null
  },
  "train_metrics": {
    "1": {
      "train_loss": 1.1730338232591748,
      "train_loss_mean": 1.2212073875591158
    },
    "2": {
      "train_loss": 1.1051618224009871,
      "train_loss_mean": 1.1347099816426636
    },
    "3": {
      "train_loss": 1.0912938015535474,
      "train_loss_mean": 1.1171643598936498
    },
    "4": {
      "train_loss": 1.0889110332354903,
      "train_loss_mean": 1.1109428931027652
    },
    "5": {
      "train_loss": 1.0954291294328868,
      "train_loss_mean": 1.1125472662970424
    },
    "6": {
      "train_loss": 1.0763494442217052,
      "train_loss_mean": 1.1090800744481384
    },
    "7": {
      "train_loss": 1.0998336193151772,
      "train_loss_mean": 1.119838486984372
    },
    "8": {
      "train_loss": 1.077536877244711,
      "train_loss_mean": 1.109279500413686
    },
    "9": {
      "train_loss": 1.0787472580559552,
      "train_loss_mean": 1.108323332015425
    },
    "10": {
      "train_loss": 1.0738572380505502,
      "train_loss_mean": 1.1069337262772023
    },
    "11": {
      "train_loss": 1.0589725826866925,
      "train_loss_mean": 1.0929440463893116
    },
    "12": {
      "train_loss": 1.054845564533025,
      "train_loss_mean": 1.0830607198178768
    },
    "13": {
      "train_loss": 1.0355522413738072,
      "train_loss_mean": 1.0750505542382598
    },
    "14": {
      "train_loss": 1.0380405192263424,
      "train_loss_mean": 1.0696785147301853
    },
    "15": {
      "train_loss": 1.0258084330707788,
      "train_loss_mean": 1.0568998539820313
    },
    "16": {
      "train_loss": 1.0310936900787055,
      "train_loss_mean": 1.051930454466492
    },
    "17": {
      "train_loss": 1.0145755703561008,
      "train_loss_mean": 1.0441647881641984
    },
    "18": {
      "train_loss": 1.0036495537497103,
      "train_loss_mean": 1.0374128276482224
    },
    "19": {
      "train_loss": 0.998583473265171,
      "train_loss_mean": 1.0308483426459134
    },
    "20": {
      "train_loss": 1.0035516251809895,
      "train_loss_mean": 1.0360079157166182
    }
  },
  "client_evaluate_metrics": {
    "1": {
      "eval_loss": 1.044585833325982,
      "eval_acc": 0.5
    },
    "2": {
      "eval_loss": 1.0377091616392136,
      "eval_acc": 0.5
    },
    "3": {
      "eval_loss": 1.057859854772687,
      "eval_acc": 0.5
    },
    "4": {
      "eval_loss": 1.0382594354450703,
      "eval_acc": 0.5
    },
    "5": {
      "eval_loss": 1.029769441112876,
      "eval_acc": 0.5
    },
    "6": {
      "eval_loss": 1.0281853061169386,
      "eval_acc": 0.5
    },
    "7": {
      "eval_loss": 1.0235921572893858,
      "eval_acc": 0.5
    },
    "8": {
      "eval_loss": 1.023484956473112,
      "eval_acc": 0.5
    },
    "9": {
      "eval_loss": 1.0035400707274675,
      "eval_acc": 0.5009765625
    },
    "10": {
      "eval_loss": 0.9972399063408375,
      "eval_acc": 0.5009765625
    },
    "11": {
      "eval_loss": 0.9857802297919989,
      "eval_acc": 0.5107421875
    },
    "12": {
      "eval_loss": 0.9679564032703638,
      "eval_acc": 0.5146484375
    },
    "13": {
      "eval_loss": 0.9956126697361469,
      "eval_acc": 0.517578125
    },
    "14": {
      "eval_loss": 0.9340303130447865,
      "eval_acc": 0.546875
    },
    "15": {
      "eval_loss": 0.9726043567061424,
      "eval_acc": 0.513671875
    },
    "16": {
      "eval_loss": 0.9749915078282356,
      "eval_acc": 0.517578125
    },
    "17": {
      "eval_loss": 0.9154947530478239,
      "eval_acc": 0.5498046875
    },
    "18": {
      "eval_loss": 0.9061395861208439,
      "eval_acc": 0.552734375
    },
    "19": {
      "eval_loss": 0.9656643122434616,
      "eval_acc": 0.525390625
    },
    "20": {
      "eval_loss": 0.9222889207303524,
      "eval_acc": 0.552734375
    }
  },
  "server_evaluate_metrics": {
    "0": {
      "loss": 1.390574324131012,
      "accuracy": 0.4953125
    },
    "1": {
      "loss": 1.0379921197891235,
      "accuracy": 0.4953125
    },
    "2": {
      "loss": 1.0293787449598313,
      "accuracy": 0.4953125
    },
    "3": {
      "loss": 1.0499136418104171,
      "accuracy": 0.4953125
    },
    "4": {
      "loss": 1.0312485218048095,
      "accuracy": 0.4953125
    },
    "5": {
      "loss": 1.02523512840271,
      "accuracy": 0.4953125
    },
    "6": {
      "loss": 1.0218402594327927,
      "accuracy": 0.4953125
    },
    "7": {
      "loss": 1.0196287006139755,
      "accuracy": 0.4953125
    },
    "8": {
      "loss": 1.0173811167478561,
      "accuracy": 0.4953125
    },
    "9": {
      "loss": 0.998427477478981,
      "accuracy": 0.4984375
    },
    "10": {
      "loss": 0.9929742157459259,
      "accuracy": 0.496875
    },
    "11": {
      "loss": 0.9853773415088654,
      "accuracy": 0.509375
    },
    "12": {
      "loss": 0.9768751084804534,
      "accuracy": 0.521875
    },
    "13": {
      "loss": 0.9998727530241013,
      "accuracy": 0.5078125
    },
    "14": {
      "loss": 0.9433478057384491,
      "accuracy": 0.55
    },
    "15": {
      "loss": 0.9822579234838485,
      "accuracy": 0.5234375
    },
    "16": {
      "loss": 0.9873797029256821,
      "accuracy": 0.528125
    },
    "17": {
      "loss": 0.9271086543798447,
      "accuracy": 0.5546875
    },
    "18": {
      "loss": 0.9271464228630066,
      "accuracy": 0.55
    },
    "19": {
      "loss": 0.9798080682754516,
      "accuracy": 0.53125
    },
    "20": {
      "loss": 0.9358896434307098,
      "accuracy": 0.5515625
    }
  }
}
