{
  "metadata": {
    "run_name": "main__homogeneous__metric-privacy__fedmedian__noise-0.01__seed-42",
    "data_module": "experiments.reproduce.dataset.alzheimer:create_data_module",
    "partition_mode": "homogeneous",
    "partition_profile": "auto",
    "privacy": "metric-privacy",
    "aggregation": "fedmedian",
    "seed": 42,
    "num_clients": 4,
    "rounds": 20,
    "local_epochs": 5,
    "noise_multiplier": 0.01,
    "clipping_norm": 5.0,
    "initialization_pretrained": false,
    "initialization_epochs": 0,
    "initialization_final_loss": null
  },
  "train_metrics": {
    "1": {
      "train_loss": 0.9670635014772415,
      "train_loss_mean": 1.0311942234635354,
      "metric-dp-distance": 1.7069941201868157,
      "metric-dp-noise-stdv": 0.007322813741521256
    },
    "2": {
      "train_loss": 0.9381317687220871,
      "train_loss_mean": 0.9934079565107822,
      "metric-dp-distance": 1.2441138226228456,
      "metric-dp-noise-stdv": 0.010047312209462839
    },
    "3": {
      "train_loss": 0.8982849381864071,
      "train_loss_mean": 0.9399957134388388,
      "metric-dp-distance": 1.072244388051331,
      "metric-dp-noise-stdv": 0.011657790088990042
    },
    "4": {
      "train_loss": 0.8359554656781256,
      "train_loss_mean": 0.8878156315535307,
      "metric-dp-distance": 1.0502333287149668,
      "metric-dp-noise-stdv": 0.011902117042214434
    },
    "5": {
      "train_loss": 0.7475912598893046,
      "train_loss_mean": 0.819317388255149,
      "metric-dp-distance": 1.063857100205496,
      "metric-dp-noise-stdv": 0.011749698335975277
    },
    "6": {
      "train_loss": 0.6223301715217531,
      "train_loss_mean": 0.7136362869758158,
      "metric-dp-distance": 1.1121293893471982,
      "metric-dp-noise-stdv": 0.011239699372873597
    },
    "7": {
      "train_loss": 0.4879225231707096,
      "train_loss_mean": 0.5891951131867246,
      "metric-dp-distance": 1.0774125138608117,
      "metric-dp-noise-stdv": 0.011601870072222723
    },
    "8": {
      "train_loss": 0.33783517486881465,
      "train_loss_mean": 0.45803637658245866,
      "metric-dp-distance": 1.0596552683661382,
      "metric-dp-noise-stdv": 0.011796289201934046
    },
    "9": {
      "train_loss": 0.2472457304247655,
      "train_loss_mean": 0.35329278263961894,
      "metric-dp-distance": 0.9677248898272713,
      "metric-dp-noise-stdv": 0.01291689418284066
    },
    "10": {
      "train_loss": 0.1865927452163305,
      "train_loss_mean": 0.26294894173915967,
      "metric-dp-distance": 1.000930199942862,
      "metric-dp-noise-stdv": 0.012488383306561799
    },
    "11": {
      "train_loss": 0.15326746909704525,
      "train_loss_mean": 0.21082376911654138,
      "metric-dp-distance": 0.9028140328203639,
      "metric-dp-noise-stdv": 0.013845597814812843
    },
    "12": {
      "train_loss": 0.1138401688367594,
      "train_loss_mean": 0.16133563477851565,
      "metric-dp-distance": 0.8928687451407313,
      "metric-dp-noise-stdv": 0.013999818078557321
    },
    "13": {
      "train_loss": 0.10758137407174218,
      "train_loss_mean": 0.14229579590828506,
      "metric-dp-distance": 1.0003350236608337,
      "metric-dp-noise-stdv": 0.01249581360678036
    },
    "14": {
      "train_loss": 0.09074323447566712,
      "train_loss_mean": 0.1216113904454687,
      "metric-dp-distance": 0.8966560397141924,
      "metric-dp-noise-stdv": 0.01394068566580375
    },
    "15": {
      "train_loss": 0.09029990727867698,
      "train_loss_mean": 0.10417137643707974,
      "metric-dp-distance": 0.9353573651363453,
      "metric-dp-noise-stdv": 0.013363876167455952
    },
    "16": {
      "train_loss": 0.07661993780493503,
      "train_loss_mean": 0.09164182615822937,
      "metric-dp-distance": 0.9276421987451613,
      "metric-dp-noise-stdv": 0.013475023038957241
    },
    "17": {
      "train_loss": 0.06437713287323277,
      "train_loss_mean": 0.09134777303802366,
      "metric-dp-distance": 0.9565376486474028,
      "metric-dp-noise-stdv": 0.013067964462952079
    },
    "18": {
      "train_loss": 0.07594708643318882,
      "train_loss_mean": 0.07849414235333824,
      "metric-dp-distance": 1.022008878023674,
      "metric-dp-noise-stdv": 0.012230813517170296
    },
    "19": {
      "train_loss": 0.05590557775258276,
      "train_loss_mean": 0.07281360514807603,
      "metric-dp-distance": 1.05202037973019,
      "metric-dp-noise-stdv": 0.011881899097055379
    },
    "20": {
      "train_loss": 0.08491660444587978,
      "train_loss_mean": 0.07431874007497755,
      "metric-dp-distance": 1.056047005423655,
      "metric-dp-noise-stdv": 0.011836594333209029
    }
  },
  "client_evaluate_metrics": {
    "1": {
      "eval_loss": 1.2298077903687954,
      "eval_acc": 0.5
    },
    "2": {
      "eval_loss": 1.1341341249644756,
      "eval_acc": 0.5439453125
    },
    "3": {
      "eval_loss": 0.9975318554788828,
      "eval_acc": 0.5478515625
    },
    "4": {
      "eval_loss": 0.9105393104255199,
      "eval_acc": 0.5712890625
    },
    "5": {
      "eval_loss": 0.8695287611335516,
      "eval_acc": 0.59765625
    },
    "6": {
      "eval_loss": 0.8148522544652224,
      "eval_acc": 0.6279296875
    },
    "7": {
      "eval_loss": 0.6694000847637653,
      "eval_acc": 0.7060546875
    },
    "8": {
      "eval_loss": 0.5887390626594424,
      "eval_acc": 0.728515625
    },
    "9": {
      "eval_loss": 0.4993337243795395,
      "eval_acc": 0.7890625
    },
    "10": {
      "eval_loss": 0.3848597747273743,
      "eval_acc": 0.8447265625
    },
    "11": {
      "eval_loss": 0.35401539551094174,
      "eval_acc": 0.8544921875
    },
    "12": {
      "eval_loss": 0.28601848520338535,
      "eval_acc": 0.8798828125
    },
    "13": {
      "eval_loss": 0.2639741604216397,
      "eval_acc": 0.9130859375
    },
    "14": {
      "eval_loss": 0.23859901097603142,
      "eval_acc": 0.9150390625
    },
    "15": {
      "eval_loss": 0.23616068297997117,
      "eval_acc": 0.9208984375
    },
    "16": {
      "eval_loss": 0.2186180941062048,
      "eval_acc": 0.9365234375
    },
    "17": {
      "eval_loss": 0.18694076471729204,
      "eval_acc": 0.9404296875
    },
    "18": {
      "eval_loss": 0.16428028873633593,
      "eval_acc": 0.953125
    },
    "19": {
      "eval_loss": 0.16728712164331228,
      "eval_acc": 0.951171875
    },
    "20": {
      "eval_loss": 0.13833427676581778,
      "eval_acc": 0.9599609375
    }
  },
  "server_evaluate_metrics": {
    "0": {
      "loss": 1.44056636095047,
      "accuracy": 0.0109375
    },
    "1": {
      "loss": 1.22715225815773,
      "accuracy": 0.4953125
    },
    "2": {
      "loss": 1.1268537044525146,
      "accuracy": 0.5765625
    },
    "3": {
      "loss": 0.9901628136634827,
      "accuracy": 0.5734375
    },
    "4": {
      "loss": 0.9117745161056519,
      "accuracy": 0.578125
    },
    "5": {
      "loss": 0.8753662526607513,
      "accuracy": 0.6046875
    },
    "6": {
      "loss": 0.8245219826698303,
      "accuracy": 0.6265625
    },
    "7": {
      "loss": 0.7108811378479004,
      "accuracy": 0.7
    },
    "8": {
      "loss": 0.6339740455150604,
      "accuracy": 0.7359375
    },
    "9": {
      "loss": 0.557660274207592,
      "accuracy": 0.7953125
    },
    "10": {
      "loss": 0.4715328857302666,
      "accuracy": 0.825
    },
    "11": {
      "loss": 0.45189116448163985,
      "accuracy": 0.8390625
    },
    "12": {
      "loss": 0.40232048779726026,
      "accuracy": 0.875
    },
    "13": {
      "loss": 0.3692124105989933,
      "accuracy": 0.8921875
    },
    "14": {
      "loss": 0.3536313746124506,
      "accuracy": 0.903125
    },
    "15": {
      "loss": 0.33994620218873023,
      "accuracy": 0.9109375
    },
    "16": {
      "loss": 0.32488384917378427,
      "accuracy": 0.928125
    },
    "17": {
      "loss": 0.34093646742403505,
      "accuracy": 0.91875
    },
    "18": {
      "loss": 0.3438351482152939,
      "accuracy": 0.9265625
    },