{
  "metadata": {
    "run_name": "main__homogeneous__global-dp__fedmedian__noise-0.01__seed-44",
    "data_module": "experiments.reproduce.dataset.alzheimer:create_data_module",
    "partition_mode": "homogeneous",
    "partition_profile": "auto",
    "privacy": "global-dp",
    "aggregation": "fedmedian",
    "seed": 44,
    "num_clients": 4,
    "rounds": 20,
    "local_epochs": 5,
    "noise_multiplier": 0.01,
    "clipping_norm": 5.0,
    "initialization_pretrained": false,
    "initialization_epochs": 0,
    "initialization_final_loss": null
  },
  "train_metrics": {
    "1": {
      "train_loss": 1.0157585721462965,
      "train_loss_mean": 1.05425046114251
    },
    "2": {
      "train_loss": 0.9283851846121252,
      "train_loss_mean": 0.9979088650085032
    },
    "3": {
      "train_loss": 0.8457324323244393,
      "train_loss_mean": 0.9247995432466269
    },
    "4": {
      "train_loss": 0.7130137749481946,
      "train_loss_mean": 0.8447021095547824
    },
    "5": {
      "train_loss": 0.570326941087842,
      "train_loss_mean": 0.7409166510682553
    },
    "6": {
      "train_loss": 0.43240279413294047,
      "train_loss_mean": 0.62258023112081
    },
    "7": {
      "train_loss": 0.326680647500325,
      "train_loss_mean": 0.5074336328892968
    },
    "8": {
      "train_loss": 0.23540672368835658,
      "train_loss_mean": 0.40187520596664394
    },
    "9": {
      "train_loss": 0.17026584886480123,
      "train_loss_mean": 0.3259321453573648
    },
    "10": {
      "train_loss": 0.1355880883638747,
      "train_loss_mean": 0.253101331659127
    },
    "11": {
      "train_loss": 0.11718982472666539,
      "train_loss_mean": 0.20081348556559533
    },
    "12": {
      "train_loss": 0.07630082130708615,
      "train_loss_mean": 0.17244202589572522
    },
    "13": {
      "train_loss": 0.11761739503708668,
      "train_loss_mean": 0.15874826827057403
    },
    "14": {
      "train_loss": 0.06730246779989102,
      "train_loss_mean": 0.11540603928769998
    },
    "15": {
      "train_loss": 0.05826620779498626,
      "train_loss_mean": 0.11014253376761189
    },
    "16": {
      "train_loss": 0.06690975926903775,
      "train_loss_mean": 0.09408340285226587
    },
    "17": {
      "train_loss": 0.05053707379374828,
      "train_loss_mean": 0.08451617281752988
    },
    "18": {
      "train_loss": 0.04971647619640862,
      "train_loss_mean": 0.0724545582432711
    },
    "19": {
      "train_loss": 0.06284895637872978,
      "train_loss_mean": 0.07152625563667245
    },
    "20": {
      "train_loss": 0.0379268927092653,
      "train_loss_mean": 0.05965430924238717
    }
  },
  "client_evaluate_metrics": {
    "1": {
      "eval_loss": 1.1636638008058071,
      "eval_acc": 0.5
    },
    "2": {
      "eval_loss": 1.0400080997496843,
      "eval_acc": 0.5
    },
    "3": {
      "eval_loss": 0.9726054929196835,
      "eval_acc": 0.5
    },
    "4": {
      "eval_loss": 0.8963044788688421,
      "eval_acc": 0.5419921875
    },
    "5": {
      "eval_loss": 0.8182905185967684,
      "eval_acc": 0.6015625
    },
    "6": {
      "eval_loss": 0.73161780834198,
      "eval_acc": 0.642578125
    },
    "7": {
      "eval_loss": 0.6541663575917482,
      "eval_acc": 0.7109375
    },
    "8": {
      "eval_loss": 0.581168063916266,
      "eval_acc": 0.751953125
    },
    "9": {
      "eval_loss": 0.4968137629330158,
      "eval_acc": 0.7978515625
    },
    "10": {
      "eval_loss": 0.4318612553179264,
      "eval_acc": 0.84375
    },
    "11": {
      "eval_loss": 0.3728592712432146,
      "eval_acc": 0.8701171875
    },
    "12": {
      "eval_loss": 0.3363333595916629,
      "eval_acc": 0.8837890625
    },
    "13": {
      "eval_loss": 0.31425785808824,
      "eval_acc": 0.8994140625
    },
    "14": {
      "eval_loss": 0.2811258805450052,
      "eval_acc": 0.919921875
    },
    "15": {
      "eval_loss": 0.2632988868281245,
      "eval_acc": 0.9306640625
    },
    "16": {
      "eval_loss": 0.26885646814480424,
      "eval_acc": 0.9326171875
    },
    "17": {
      "eval_loss": 0.2477172662038356,
      "eval_acc": 0.9365234375
    },
    "18": {
      "eval_loss": 0.26631508162245154,
      "eval_acc": 0.9453125
    },
    "19": {
      "eval_loss": 0.30001345521304756,
      "eval_acc": 0.947265625
    },
    "20": {
      "eval_loss": 0.25234931765589863,
      "eval_acc": 0.9541015625
    }
  },
  "server_evaluate_metrics": {
    "0": {
      "loss": 1.390574324131012,
      "accuracy": 0.4953125
    },
    "1": {
      "loss": 1.161811739206314,
      "accuracy": 0.4953125
    },
    "2": {
      "loss": 1.0406634986400605,
      "accuracy": 0.4953125
    },
    "3": {
      "loss": 0.9805523931980134,
      "accuracy": 0.4953125
    },
    "4": {
      "loss": 0.9097147762775422,
      "accuracy": 0.5453125
    },
    "5": {
      "loss": 0.8367114633321762,
      "accuracy": 0.615625
    },
    "6": {
      "loss": 0.7526336520910263,
      "accuracy": 0.6484375
    },
    "7": {
      "loss": 0.6809476688504219,
      "accuracy": 0.7203125
    },
    "8": {
      "loss": 0.6199934870004654,
      "accuracy": 0.7578125
    },
    "9": {
      "loss": 0.5617738202214241,
      "accuracy": 0.7875
    },
    "10": {
      "loss": 0.5105644121766091,
      "accuracy": 0.821875
    },
    "11": {
      "loss": 0.450891076028347,
      "accuracy": 0.84375
    },
    "12": {
      "loss": 0.40918933413922787,
      "accuracy": 0.8734375
    },
    "13": {
      "loss": 0.4120848232880235,
      "accuracy": 0.8796875
    },
    "14": {
      "loss": 0.37063955552875993,
      "accuracy": 0.8984375
    },
    "15": {
      "loss": 0.32359754033386706,
      "accuracy": 0.9109375
    },
    "16": {
      "loss": 0.3164917424321175,
      "accuracy": 0.9203125
    },
    "17": {
      "loss": 0.31025785133242606,
      "accuracy": 0.9296875
    },
    "18": {
      "loss": 0.30510674603283405,
      "accuracy": 0.940625
    },
    "19": {
      "loss": 0.3272773439064622,
      "accuracy": 0.9296875
    },
    "20": {
      "loss": 0.2730882553383708,
      "accuracy": 0.9390625
    }
  }
}
