{
  "metadata": {
    "run_name": "main__homogeneous__metric-privacy__fedprox__noise-0.01__seed-46",
    "data_module": "experiments.reproduce.dataset.alzheimer:create_data_module",
    "partition_mode": "homogeneous",
    "partition_profile": "auto",
    "privacy": "metric-privacy",
    "aggregation": "fedprox",
    "seed": 46,
    "num_clients": 4,
    "rounds": 20,
    "local_epochs": 5,
    "noise_multiplier": 0.01,
    "clipping_norm": 5.0,
    "initialization_pretrained": false,
    "initialization_epochs": 0,
    "initialization_final_loss": null
  },
  "train_metrics": {
    "1": {
      "train_loss": 1.182147216051817,
      "train_loss_mean": 1.2332545986399055,
      "metric-dp-distance": 0.120985840796493,
      "metric-dp-noise-stdv": 0.1033178751968663
    },
    "2": {
      "train_loss": 1.3602673672139645,
      "train_loss_mean": 2.8627969002351166,
      "metric-dp-distance": 0.17346451679865518,
      "metric-dp-noise-stdv": 0.07206084697142458
    },
    "3": {
      "train_loss": 1.4816279783844948,
      "train_loss_mean": 2.7366058802232147,
      "metric-dp-distance": 0.2050037990168979,
      "metric-dp-noise-stdv": 0.06097447978985823
    },
    "4": {
      "train_loss": 1.3997271675616503,
      "train_loss_mean": 1.9713861608877778,
      "metric-dp-distance": 0.2307754058856517,
      "metric-dp-noise-stdv": 0.05416521726840207
    },
    "5": {
      "train_loss": 1.3149712039157748,
      "train_loss_mean": 1.6706682803109287,
      "metric-dp-distance": 0.20383589093883833,
      "metric-dp-noise-stdv": 0.061323842147851526
    },
    "6": {
      "train_loss": 1.3663048883900046,
      "train_loss_mean": 1.8631485743448137,
      "metric-dp-distance": 0.22391922950434187,
      "metric-dp-noise-stdv": 0.05582370048195267
    },
    "7": {
      "train_loss": 1.325621398165822,
      "train_loss_mean": 1.5597925436683,
      "metric-dp-distance": 0.224488839157857,
      "metric-dp-noise-stdv": 0.05568205549501816
    },
    "8": {
      "train_loss": 1.3175815101712942,
      "train_loss_mean": 1.5134765243157744,
      "metric-dp-distance": 0.22069950215518475,
      "metric-dp-noise-stdv": 0.05663809785674384
    },
    "9": {
      "train_loss": 1.2960017402656376,
      "train_loss_mean": 1.6650865240953863,
      "metric-dp-distance": 0.19924262585118413,
      "metric-dp-noise-stdv": 0.06273757910285899
    },
    "10": {
      "train_loss": 1.319040572270751,
      "train_loss_mean": 1.7446838648989798,
      "metric-dp-distance": 0.21166315868807337,
      "metric-dp-noise-stdv": 0.05905609685444206
    },
    "11": {
      "train_loss": 1.408309143036604,
      "train_loss_mean": 1.7148722324520351,
      "metric-dp-distance": 0.24044144890892008,
      "metric-dp-noise-stdv": 0.05198770867802845
    },
    "12": {
      "train_loss": 1.3124623531475663,
      "train_loss_mean": 1.6078169040381907,
      "metric-dp-distance": 0.21342813619412482,
      "metric-dp-noise-stdv": 0.058567723182619894
    },
    "13": {
      "train_loss": 1.3008309677243233,
      "train_loss_mean": 1.5710010481998324,
      "metric-dp-distance": 0.18926296930294484,
      "metric-dp-noise-stdv": 0.06604567204053427
    },
    "14": {
      "train_loss": 1.286345498636365,
      "train_loss_mean": 1.6437082505784928,
      "metric-dp-distance": 0.20485758075180152,
      "metric-dp-noise-stdv": 0.06101800067210876
    },
    "15": {
      "train_loss": 1.314985872246325,
      "train_loss_mean": 1.6301950242370367,
      "metric-dp-distance": 0.18469372352895638,
      "metric-dp-noise-stdv": 0.06767961445122006
    },
    "16": {
      "train_loss": 1.5733501575887203,
      "train_loss_mean": 2.0330221021547916,
      "metric-dp-distance": 0.24881337272624174,
      "metric-dp-noise-stdv": 0.05023845729446862
    },
    "17": {
      "train_loss": 1.3980916840955615,
      "train_loss_mean": 1.761285261437297,
      "metric-dp-distance": 0.20638666926727942,
      "metric-dp-noise-stdv": 0.060565927268354594
    },
    "18": {
      "train_loss": 1.7329632174223661,
      "train_loss_mean": 2.4989862652495503,
      "metric-dp-distance": 0.2535582184791565,
      "metric-dp-noise-stdv": 0.049298342901188785
    },
    "19": {
      "train_loss": 1.4106923211365938,
      "train_loss_mean": 1.548213520552963,
      "metric-dp-distance": 0.24615640899476907,
      "metric-dp-noise-stdv": 0.050780721294425575
    },
    "20": {
      "train_loss": 1.3213437576778233,
      "train_loss_mean": 1.3785648453980683,
      "metric-dp-distance": 0.20781903756627193,
      "metric-dp-noise-stdv": 0.060148483730773916
    }
  },
  "client_evaluate_metrics": {
    "1": {
      "eval_loss": 15.228358089923859,
      "eval_acc": 0.140625
    },
    "2": {
      "eval_loss": 6.562426418066025,
      "eval_acc": 0.1875
    },
    "3": {
      "eval_loss": 4.0045057609677315,
      "eval_acc": 0.501953125
    },
    "4": {
      "eval_loss": 1.5984264053404331,
      "eval_acc": 0.4345703125
    },
    "5": {
      "eval_loss": 4.0994261503219604,
      "eval_acc": 0.21484375
    },
    "6": {
      "eval_loss": 2.3778175860643387,
      "eval_acc": 0.373046875
    },
    "7": {
      "eval_loss": 1.6586552243679762,
      "eval_acc": 0.484375
    },
    "8": {
      "eval_loss": 4.919097974896431,
      "eval_acc": 0.5009765625
    },
    "9": {
      "eval_loss": 6.2052067667245865,
      "eval_acc": 0.49609375
    },
    "10": {
      "eval_loss": 2.820645473897457,
      "eval_acc": 0.373046875
    },
    "11": {
      "eval_loss": 3.2574181519448757,
      "eval_acc": 0.4443359375
    },
    "12": {
      "eval_loss": 1.648093156516552,
      "eval_acc": 0.4267578125
    },
    "13": {
      "eval_loss": 1.4236840512603521,
      "eval_acc": 0.49609375
    },
    "14": {
      "eval_loss": 2.3963842280209064,
      "eval_acc": 0.412109375
    },
    "15": {
      "eval_loss": 3.923869550228119,
      "eval_acc": 0.4267578125
    },
    "16": {
      "eval_loss": 3.8519843593239784,
      "eval_acc": 0.3447265625
    },
    "17": {
      "eval_loss": 9.280009165406227,
      "eval_acc": 0.3076171875
    },
    "18": {
      "eval_loss": 1.4670497700572014,
      "eval_acc": 0.216796875
    },
    "19": {
      "eval_loss": 1.1880048532038927,
      "eval_acc": 0.48828125
    },
    "20": {
      "eval_loss": 3.0072147734463215,
      "eval_acc": 0.5
    }
  },
  "server_evaluate_metrics": {
    "0": {
      "loss": 1.395263397693634,
      "accuracy": 0.0109375
    },
    "1": {
      "loss": 15.332643842697143,
      "accuracy": 0.134375
    },
    "2": {
      "loss": 6.651230573654175,
      "accuracy": 0.18125
    },
    "3": {
      "loss": 3.972642946243286,
      "accuracy": 0.4921875
    },
    "4": {
      "loss": 1.5657972037792205,
      "accuracy": 0.45625
    },
    "5": {
      "loss": 4.081472003459931,
      "accuracy": 0.2046875
    },
    "6": {
      "loss": 2.4303625226020813,
      "accuracy": 0.3765625
    },
    "7": {
      "loss": 1.6743440449237823,
      "accuracy": 0.484375
    },
    "8": {
      "loss": 5.093148708343506,
      "accuracy": 0.490625
    },
    "9": {
      "loss": 6.189593756198883,
      "accuracy": 0.4953125
    },
    "10": {
      "loss": 2.4718988299369813,
      "accuracy": 0.4
    },
    "11": {
      "loss": 3.0178031086921693,
      "accuracy": 0.45
    },
    "12": {
      "loss": 1.544698464870453,
      "accuracy": 0.4359375
    },
    "13": {
      "loss": 1.3576542049646378,
      "accuracy": 0.4640625
    },
    "14": {
      "loss": 2.3176413595676424,
      "accuracy": 0.4078125
    },
    "15": {
      "loss": 3.6351322412490843,
      "accuracy": 0.40625
    },
    "16": {
      "loss": 3.896093022823334,
      "accuracy": 0.359375
    },
    "17": {
      "loss": 8.751398158073425,
      "accuracy": 0.325
    },
    "18": {
      "loss": 1.4086865067481995,
      "accuracy": 0.228125
    },
    "19": {
      "loss": 1.2085414171218871,
      "accuracy": 0.4875
    },