{
  "metadata": {
    "run_name": "main__homogeneous__metric-privacy__fedyogi__noise-0.01__seed-43",
    "data_module": "experiments.reproduce.dataset.alzheimer:create_data_module",
    "partition_mode": "homogeneous",
    "partition_profile": "auto",
    "privacy": "metric-privacy",
    "aggregation": "fedyogi",
    "seed": 43,
    "num_clients": 4,
    "rounds": 20,
    "local_epochs": 5,
    "noise_multiplier": 0.01,
    "clipping_norm": 5.0,
    "initialization_pretrained": true,
    "initialization_epochs": 20,
    "initialization_final_loss": 0.17578764036297798
  },
  "train_metrics": {
    "1": {
      "train_loss": 0.5787677248008549,
      "train_loss_mean": 0.7369227797724307,
      "metric-dp-distance": 1.2762394807456683,
      "metric-dp-noise-stdv": 0.009794400023337804
    },
    "2": {
      "train_loss": 0.4599085650406778,
      "train_loss_mean": 0.6257957061054185,
      "metric-dp-distance": 1.4049673050952454,
      "metric-dp-noise-stdv": 0.00889700418982533
    },
    "3": {
      "train_loss": 0.32780218444531783,
      "train_loss_mean": 0.5058462794986553,
      "metric-dp-distance": 1.404736135698234,
      "metric-dp-noise-stdv": 0.008898468318953572
    },
    "4": {
      "train_loss": 0.22433581843506545,
      "train_loss_mean": 0.3928077818243765,
      "metric-dp-distance": 1.3087415516686935,
      "metric-dp-noise-stdv": 0.009551160031605966
    },
    "5": {
      "train_loss": 0.1540020670654485,
      "train_loss_mean": 0.27644893679826055,
      "metric-dp-distance": 1.1950869281232979,
      "metric-dp-noise-stdv": 0.010459490189244516
    },
    "6": {
      "train_loss": 0.10743351020937553,
      "train_loss_mean": 0.1957895052662934,
      "metric-dp-distance": 1.104604729373629,
      "metric-dp-noise-stdv": 0.011316265146798874
    },
    "7": {
      "train_loss": 0.08591559575870633,
      "train_loss_mean": 0.14875129921492772,
      "metric-dp-distance": 1.0290459394843008,
      "metric-dp-noise-stdv": 0.012147173921374481
    },
    "8": {
      "train_loss": 0.0653881362050015,
      "train_loss_mean": 0.12504819573368878,
      "metric-dp-distance": 0.9861228608060628,
      "metric-dp-noise-stdv": 0.012675905302289032
    },
    "9": {
      "train_loss": 0.06886152810784552,
      "train_loss_mean": 0.1083436557890309,
      "metric-dp-distance": 1.041672276313572,
      "metric-dp-noise-stdv": 0.011999935377215661
    },
    "10": {
      "train_loss": 0.05518165954129017,
      "train_loss_mean": 0.08888510452181891,
      "metric-dp-distance": 0.926136601328229,
      "metric-dp-noise-stdv": 0.013496929051365628
    },
    "11": {
      "train_loss": 0.06302457800234151,
      "train_loss_mean": 0.07342190589788515,
      "metric-dp-distance": 0.9896563265162209,
      "metric-dp-noise-stdv": 0.012630647291471762
    },
    "12": {
      "train_loss": 0.04070285957757136,
      "train_loss_mean": 0.06395609090926371,
      "metric-dp-distance": 1.0369731358562906,
      "metric-dp-noise-stdv": 0.012054314203306727
    },
    "13": {
      "train_loss": 0.06718078025200214,
      "train_loss_mean": 0.05967744592550854,
      "metric-dp-distance": 1.121882112735572,
      "metric-dp-noise-stdv": 0.011141990640638954
    },
    "14": {
      "train_loss": 0.04366825763757021,
      "train_loss_mean": 0.04940923414876393,
      "metric-dp-distance": 1.0066053814565141,
      "metric-dp-noise-stdv": 0.012417974541237844
    },
    "15": {
      "train_loss": 0.0457089082626112,
      "train_loss_mean": 0.04677868121361026,
      "metric-dp-distance": 1.0846603109190862,
      "metric-dp-noise-stdv": 0.011524345340347278
    },
    "16": {
      "train_loss": 0.04769756702218331,
      "train_loss_mean": 0.04080085751065905,
      "metric-dp-distance": 1.0640305013706286,
      "metric-dp-noise-stdv": 0.011747783530545555
    },
    "17": {
      "train_loss": 0.040663679353436066,
      "train_loss_mean": 0.036392398048646704,
      "metric-dp-distance": 1.0959257079909246,
      "metric-dp-noise-stdv": 0.011405882633153371
    },
    "18": {
      "train_loss": 0.04346696786417681,
      "train_loss_mean": 0.03623126235731906,
      "metric-dp-distance": 1.1177857754131157,
      "metric-dp-noise-stdv": 0.011182822572044452
    },
    "19": {
      "train_loss": 0.054660792278788506,
      "train_loss_mean": 0.03289809560470808,
      "metric-dp-distance": 1.183621829841286,
      "metric-dp-noise-stdv": 0.010560805558711391
    },
    "20": {
      "train_loss": 0.0374455390035644,
      "train_loss_mean": 0.027361779682761277,
      "metric-dp-distance": 1.1435295222327113,
      "metric-dp-noise-stdv": 0.010931068902877188
    }
  },
  "client_evaluate_metrics": {
    "1": {
      "eval_loss": 0.87504225037992,
      "eval_acc": 0.6650390625
    },
    "2": {
      "eval_loss": 0.7004666142165661,
      "eval_acc": 0.70703125
    },
    "3": {
      "eval_loss": 0.6447513569146395,
      "eval_acc": 0.7353515625
    },
    "4": {
      "eval_loss": 0.5661949720233679,
      "eval_acc": 0.7841796875
    },
    "5": {
      "eval_loss": 0.46913031488657,
      "eval_acc": 0.8115234375
    },
    "6": {
      "eval_loss": 0.4293103567324579,
      "eval_acc": 0.8369140625
    },
    "7": {
      "eval_loss": 0.5205044413451105,
      "eval_acc": 0.861328125
    },
    "8": {
      "eval_loss": 0.6819953029043972,
      "eval_acc": 0.8740234375
    },
    "9": {
      "eval_loss": 0.9275213631335646,
      "eval_acc": 0.8759765625
    },
    "10": {
      "eval_loss": 0.8346090022214412,
      "eval_acc": 0.890625
    },
    "11": {
      "eval_loss": 0.5295178740201933,
      "eval_acc": 0.919921875
    },
    "12": {
      "eval_loss": 0.43937838103374816,
      "eval_acc": 0.931640625
    },
    "13": {
      "eval_loss": 0.36342197861904424,
      "eval_acc": 0.9326171875
    },
    "14": {
      "eval_loss": 0.3626538835669635,
      "eval_acc": 0.931640625
    },
    "15": {
      "eval_loss": 0.30329847054963466,
      "eval_acc": 0.9404296875
    },
    "16": {
      "eval_loss": 0.2692369617361692,
      "eval_acc": 0.9482421875
    },
    "17": {
      "eval_loss": 0.2033161986109917,
      "eval_acc": 0.9619140625
    },
    "18": {
      "eval_loss": 0.19361521581731722,
      "eval_acc": 0.9638671875
    },
    "19": {
      "eval_loss": 0.2412604667638334,
      "eval_acc": 0.9599609375
    },
    "20": {
      "eval_loss": 0.28475587481904086,
      "eval_acc": 0.958984375
    }
  },
  "server_evaluate_metrics": {
    "0": {
      "loss": 1.37617070376873,
      "accuracy": 0.6390625
    },
    "1": {
      "loss": 0.8624717414379119,
      "accuracy": 0.6640625
    },
    "2": {
      "loss": 0.6985199898481369,
      "accuracy": 0.7078125
    },
    "3": {
      "loss": 0.6515672698616981,
      "accuracy": 0.7265625
    },
    "4": {
      "loss": 0.59123894572258,
      "accuracy": 0.740625
    },
    "5": {
      "loss": 0.5347229897975921,
      "accuracy": 0.7796875
    },
    "6": {
      "loss": 0.5729932159185409,
      "accuracy": 0.815625
    },
    "7": {
      "loss": 0.7720279283821583,
      "accuracy": 0.8328125
    },
    "8": {
      "loss": 1.0695677690207959,
      "accuracy": 0.840625
    },
    "9": {
      "loss": 1.3376839220523835,
      "accuracy": 0.8609375
    },
    "10": {
      "loss": 1.1757358644157647,
      "accuracy": 0.8734375
    },
    "11": {
      "loss": 0.7440540877985768,
      "accuracy": 0.915625
    },
    "12": {
      "loss": 0.6529346353840083,
      "accuracy": 0.91875
    },
    "13": {
      "loss": 0.5868554943241179,
      "accuracy": 0.909375
    },
    "14": {
      "loss": 0.5107378379907459,
      "accuracy": 0.9125
    },
    "15": {
      "loss": 0.4194554569199681,
      "accuracy": 0.93125
    },
    "16": {
      "loss": 0.43555565424030646,
      "accuracy": 0.9390625
    },
    "17": {
      "loss": 0.3708489731419832,
      "accuracy": 0.94375
    },
    "18": {
      "loss": 0.41696643296163527,