{
  "metadata": {
    "run_name": "main__non-iid__metric-privacy__fedavgm__noise-0.01__seed-42",
    "data_module": "experiments.reproduce.dataset.alzheimer:create_data_module",
    "partition_mode": "non-iid",
    "partition_profile": "auto",
    "privacy": "metric-privacy",
    "aggregation": "fedavgm",
    "seed": 42,
    "num_clients": 4,
    "rounds": 20,
    "local_epochs": 5,
    "noise_multiplier": 0.01,
    "clipping_norm": 5.0,
    "initialization_pretrained": true,
    "initialization_epochs": 20,
    "initialization_final_loss": 0.6877747744321823
  },
  "train_metrics": {
    "1": {
      "train_loss": 0.5821922444749822,
      "train_loss_mean": 0.7286413000249607,
      "metric-dp-distance": 1.6580499143650134,
      "metric-dp-noise-stdv": 0.00753897689792237
    },
    "2": {
      "train_loss": 0.5790745965958107,
      "train_loss_mean": 0.7259232943822072,
      "metric-dp-distance": 1.5926723971497267,
      "metric-dp-noise-stdv": 0.007848443925047115
    },
    "3": {
      "train_loss": 0.5430220524217655,
      "train_loss_mean": 0.7026876631252464,
      "metric-dp-distance": 1.6986515982231747,
      "metric-dp-noise-stdv": 0.007358777993718819
    },
    "4": {
      "train_loss": 0.5261507923275771,
      "train_loss_mean": 0.6840888921726489,
      "metric-dp-distance": 1.6844640887187172,
      "metric-dp-noise-stdv": 0.007420757785052034
    },
    "5": {
      "train_loss": 0.48745363170365674,
      "train_loss_mean": 0.6612953637321226,
      "metric-dp-distance": 1.7390577965416014,
      "metric-dp-noise-stdv": 0.007187800212769397
    },
    "6": {
      "train_loss": 0.46160542683218186,
      "train_loss_mean": 0.6348921460644117,
      "metric-dp-distance": 1.6252999946009368,
      "metric-dp-noise-stdv": 0.00769088786164006
    },
    "7": {
      "train_loss": 0.40151948596450493,
      "train_loss_mean": 0.5931519953809719,
      "metric-dp-distance": 1.6646315632387996,
      "metric-dp-noise-stdv": 0.007509169161540652
    },
    "8": {
      "train_loss": 0.3787459655031089,
      "train_loss_mean": 0.5709237477112002,
      "metric-dp-distance": 1.6315808816968154,
      "metric-dp-noise-stdv": 0.007661281239701841
    },
    "9": {
      "train_loss": 0.3433805217554235,
      "train_loss_mean": 0.5430505693191776,
      "metric-dp-distance": 1.710241466217364,
      "metric-dp-noise-stdv": 0.0073089094416865855
    },
    "10": {
      "train_loss": 0.3188493013214529,
      "train_loss_mean": 0.5177485104495569,
      "metric-dp-distance": 1.6322170837083831,
      "metric-dp-noise-stdv": 0.007658295042225699
    },
    "11": {
      "train_loss": 0.2865963685196612,
      "train_loss_mean": 0.49036411569723576,
      "metric-dp-distance": 1.5494427034864202,
      "metric-dp-noise-stdv": 0.008067416737562219
    },
    "12": {
      "train_loss": 0.2740049907782046,
      "train_loss_mean": 0.46868342362675486,
      "metric-dp-distance": 1.5900767627172172,
      "metric-dp-noise-stdv": 0.007861255690976366
    },
    "13": {
      "train_loss": 0.2602138040349812,
      "train_loss_mean": 0.44535661753854877,
      "metric-dp-distance": 1.5445039931219071,
      "metric-dp-noise-stdv": 0.008093213132284456
    },
    "14": {
      "train_loss": 0.23813931554970824,
      "train_loss_mean": 0.4195814436366195,
      "metric-dp-distance": 1.5403602323494852,
      "metric-dp-noise-stdv": 0.008114984883071127
    },
    "15": {
      "train_loss": 0.2159296742858366,
      "train_loss_mean": 0.39366103992681417,
      "metric-dp-distance": 1.507762359532838,
      "metric-dp-noise-stdv": 0.008290431128598391
    },
    "16": {
      "train_loss": 0.1999189372319577,
      "train_loss_mean": 0.370846725402843,
      "metric-dp-distance": 1.4900182596563052,
      "metric-dp-noise-stdv": 0.008389158937477256
    },
    "17": {
      "train_loss": 0.18398362991154832,
      "train_loss_mean": 0.3454533528398247,
      "metric-dp-distance": 1.4754022994699578,
      "metric-dp-noise-stdv": 0.008472265499715338
    },
    "18": {
      "train_loss": 0.15634917010770202,
      "train_loss_mean": 0.32033566080514225,
      "metric-dp-distance": 1.4417292253735166,
      "metric-dp-noise-stdv": 0.008670144004857471
    },
    "19": {
      "train_loss": 0.1568338222238433,
      "train_loss_mean": 0.3002449269299579,
      "metric-dp-distance": 1.386955376015976,
      "metric-dp-noise-stdv": 0.009012546629947245
    },
    "20": {
      "train_loss": 0.13189447730639517,
      "train_loss_mean": 0.2811927966747122,
      "metric-dp-distance": 1.3481527110561728,
      "metric-dp-noise-stdv": 0.009271946640382618
    }
  },
  "client_evaluate_metrics": {
    "1": {
      "eval_loss": 0.8802425391957541,
      "eval_acc": 0.6101364522417153
    },
    "2": {
      "eval_loss": 0.8281079686408386,
      "eval_acc": 0.6237816764132553
    },
    "3": {
      "eval_loss": 0.8101783003258658,
      "eval_acc": 0.631578947368421
    },
    "4": {
      "eval_loss": 0.8149352863750495,
      "eval_acc": 0.6364522417153996
    },
    "5": {
      "eval_loss": 0.7777365420529252,
      "eval_acc": 0.6539961013645224
    },
    "6": {
      "eval_loss": 0.7448319440696671,
      "eval_acc": 0.658869395711501
    },
    "7": {
      "eval_loss": 0.7359646282233225,
      "eval_acc": 0.665692007797271
    },
    "8": {
      "eval_loss": 0.7168268578791479,
      "eval_acc": 0.672514619883041
    },
    "9": {
      "eval_loss": 0.6960179004055714,
      "eval_acc": 0.6890838206627681
    },
    "10": {
      "eval_loss": 0.6881966260906316,
      "eval_acc": 0.7037037037037037
    },
    "11": {
      "eval_loss": 0.6665171861183806,
      "eval_acc": 0.6998050682261208
    },
    "12": {
      "eval_loss": 0.6497284343600506,
      "eval_acc": 0.7163742690058479
    },
    "13": {
      "eval_loss": 0.6301456369154634,
      "eval_acc": 0.7270955165692008
    },
    "14": {
      "eval_loss": 0.6186923622852645,
      "eval_acc": 0.7251461988304093
    },
    "15": {
      "eval_loss": 0.6025631780977603,
      "eval_acc": 0.7378167641325535
    },
    "16": {
      "eval_loss": 0.5918815561205322,
      "eval_acc": 0.7504873294346979
    },
    "17": {
      "eval_loss": 0.5666653591754608,
      "eval_acc": 0.7651072124756335
    },
    "18": {
      "eval_loss": 0.5397706222348279,
      "eval_acc": 0.767056530214425
    },
    "19": {
      "eval_loss": 0.5258329895272357,
      "eval_acc": 0.7884990253411306
    },
    "20": {
      "eval_loss": 0.5160415205109654,
      "eval_acc": 0.7914230019493178
    }
  },
  "server_evaluate_metrics": {
    "0": {
      "loss": 0.9479079484939575,
      "accuracy": 0.5734375
    },
    "1": {
      "loss": 0.9384853094816208,
      "accuracy": 0.56875
    },
    "2": {
      "loss": 0.8821887761354447,
      "accuracy": 0.5890625
    },
    "3": {
      "loss": 0.8603397816419601,
      "accuracy": 0.6015625
    },
    "4": {
      "loss": 0.8691641807556152,
      "accuracy": 0.59375
    },
    "5": {
      "loss": 0.8228972822427749,
      "accuracy": 0.6140625
    },
    "6": {
      "loss": 0.7796484798192977,
      "accuracy": 0.64375
    },
    "7": {
      "loss": 0.77377690076828,
      "accuracy": 0.65
    },
    "8": {
      "loss": 0.7509220451116562,
      "accuracy": 0.6640625
    },
    "9": {
      "loss": 0.727175372838974,
      "accuracy": 0.68125
    },
    "10": {
      "loss": 0.7357455939054489,
      "accuracy": 0.678125
    },
    "11": {
      "loss": 0.6759066015481949,
      "accuracy": 0.7125
    },
    "12": {
      "loss": 0.6842095047235489,
      "accuracy": 0.7015625
    },
    "13": {
      "loss": 0.6397728428244591,
      "accuracy": 0.721875
    },
    "14": {
      "loss": 0.6322600394487381,
      "accuracy": 0.721875
    },
    "15": {
      "loss": 0.6263889729976654,
      "accuracy": 0.7328125
    },
    "16": {
      "loss": 0.5992495164275169,
      "accuracy": 0.7453125
    },
    "17": {
      "loss": 0.5725401654839516,