{
  "metadata": {
    "run_name": "main__homogeneous__global-dp__fedmedian__noise-0.01__seed-42",
    "data_module": "experiments.reproduce.dataset.alzheimer:create_data_module",
    "partition_mode": "homogeneous",
    "partition_profile": "auto",
    "privacy": "global-dp",
    "aggregation": "fedmedian",
    "seed": 42,
    "num_clients": 4,
    "rounds": 20,
    "local_epochs": 5,
    "noise_multiplier": 0.01,
    "clipping_norm": 5.0,
    "initialization_pretrained": false,
    "initialization_epochs": 0,
    "initialization_final_loss": null
  },
  "train_metrics": {
    "1": {
      "train_loss": 0.9751736233010888,
      "train_loss_mean": 1.031966212298721
    },
    "2": {
      "train_loss": 0.9498026892542839,
      "train_loss_mean": 0.9952557450160384
    },
    "3": {
      "train_loss": 0.8889800338074565,
      "train_loss_mean": 0.9385592145845294
    },
    "4": {
      "train_loss": 0.825009592808783,
      "train_loss_mean": 0.8890124273486435
    },
    "5": {
      "train_loss": 0.7232811206486076,
      "train_loss_mean": 0.8205829842947423
    },
    "6": {
      "train_loss": 0.6082108614500612,
      "train_loss_mean": 0.7281048718839884
    },
    "7": {
      "train_loss": 0.438413692638278,
      "train_loss_mean": 0.6061442067380994
    },
    "8": {
      "train_loss": 0.299211134260986,
      "train_loss_mean": 0.4708154889405705
    },
    "9": {
      "train_loss": 0.20058291859459132,
      "train_loss_mean": 0.3476478944183327
    },
    "10": {
      "train_loss": 0.15101063341717236,
      "train_loss_mean": 0.26162984664551914
    },
    "11": {
      "train_loss": 0.1229679667740129,
      "train_loss_mean": 0.19815025262651031
    },
    "12": {
      "train_loss": 0.09203812575287884,
      "train_loss_mean": 0.16147594150534134
    },
    "13": {
      "train_loss": 0.09720406313135754,
      "train_loss_mean": 0.1338227235508384
    },
    "14": {
      "train_loss": 0.06402977591642411,
      "train_loss_mean": 0.10239618608429737
    },
    "15": {
      "train_loss": 0.055657456101471325,
      "train_loss_mean": 0.0929478129837662
    },
    "16": {
      "train_loss": 0.04798712175215769,
      "train_loss_mean": 0.08402631266144453
    },
    "17": {
      "train_loss": 0.06371850282539526,
      "train_loss_mean": 0.07885614874903693
    },
    "18": {
      "train_loss": 0.06507449827768141,
      "train_loss_mean": 0.06773181676680906
    },
    "19": {
      "train_loss": 0.04868032472222694,
      "train_loss_mean": 0.06442233919478894
    },
    "20": {
      "train_loss": 0.040985338933751336,
      "train_loss_mean": 0.054572483094761995
    }
  },
  "client_evaluate_metrics": {
    "1": {
      "eval_loss": 1.2409491501748562,
      "eval_acc": 0.5
    },
    "2": {
      "eval_loss": 1.1662934832274914,
      "eval_acc": 0.4619140625
    },
    "3": {
      "eval_loss": 1.0410840902477503,
      "eval_acc": 0.564453125
    },
    "4": {
      "eval_loss": 0.9403865821659565,
      "eval_acc": 0.583984375
    },
    "5": {
      "eval_loss": 0.8851486369967461,
      "eval_acc": 0.6044921875
    },
    "6": {
      "eval_loss": 0.8113505356013775,
      "eval_acc": 0.6181640625
    },
    "7": {
      "eval_loss": 0.699876556172967,
      "eval_acc": 0.6826171875
    },
    "8": {
      "eval_loss": 0.5829447200521827,
      "eval_acc": 0.748046875
    },
    "9": {
      "eval_loss": 0.49736765678972006,
      "eval_acc": 0.787109375
    },
    "10": {
      "eval_loss": 0.4034891719929874,
      "eval_acc": 0.8330078125
    },
    "11": {
      "eval_loss": 0.3511766609735787,
      "eval_acc": 0.8544921875
    },
    "12": {
      "eval_loss": 0.29663303471170366,
      "eval_acc": 0.87890625
    },
    "13": {
      "eval_loss": 0.2724341854918748,
      "eval_acc": 0.9052734375
    },
    "14": {
      "eval_loss": 0.27271380042657256,
      "eval_acc": 0.896484375
    },
    "15": {
      "eval_loss": 0.23257140698842704,
      "eval_acc": 0.931640625
    },
    "16": {
      "eval_loss": 0.22612440085504204,
      "eval_acc": 0.9326171875
    },
    "17": {
      "eval_loss": 0.23089117486961186,
      "eval_acc": 0.9296875
    },
    "18": {
      "eval_loss": 0.21915519691538066,
      "eval_acc": 0.9345703125
    },
    "19": {
      "eval_loss": 0.19820210727630183,
      "eval_acc": 0.9453125
    },
    "20": {
      "eval_loss": 0.16759712994098663,
      "eval_acc": 0.947265625
    }
  },
  "server_evaluate_metrics": {
    "0": {
      "loss": 1.44056636095047,
      "accuracy": 0.0109375
    },
    "1": {
      "loss": 1.238891416788101,
      "accuracy": 0.4953125
    },
    "2": {
      "loss": 1.1586724281311036,
      "accuracy": 0.475
    },
    "3": {
      "loss": 1.0309454590082168,
      "accuracy": 0.590625
    },
    "4": {
      "loss": 0.9353243201971054,
      "accuracy": 0.571875
    },
    "5": {
      "loss": 0.8850968927145004,
      "accuracy": 0.596875
    },
    "6": {
      "loss": 0.8132382154464721,
      "accuracy": 0.6421875
    },
    "7": {
      "loss": 0.7210337847471238,
      "accuracy": 0.6953125
    },
    "8": {
      "loss": 0.6284149169921875,
      "accuracy": 0.7484375
    },
    "9": {
      "loss": 0.5439198076725006,
      "accuracy": 0.778125
    },
    "10": {
      "loss": 0.498175872862339,
      "accuracy": 0.80625
    },
    "11": {
      "loss": 0.4471325844526291,
      "accuracy": 0.8484375
    },
    "12": {
      "loss": 0.4318386152386665,
      "accuracy": 0.8734375
    },
    "13": {
      "loss": 0.3872676193714142,
      "accuracy": 0.8859375
    },
    "14": {
      "loss": 0.37665452659130094,
      "accuracy": 0.8984375
    },
    "15": {
      "loss": 0.33859593607485294,
      "accuracy": 0.9171875
    },
    "16": {
      "loss": 0.3677959326654673,
      "accuracy": 0.9234375
    },
    "17": {
      "loss": 0.3715648055076599,
      "accuracy": 0.9171875
    },
    "18": {
      "loss": 0.37835095040500166,
      "accuracy": 0.915625
    },
    "19": {
      "loss": 0.3375083521008492,
      "accuracy": 0.9296875
    },
    "20": {
      "loss": 0.2860842335037887,
      "accuracy": 0.940625
    }
  }
}
