{
  "metadata": {
    "run_name": "main__homogeneous__global-dp__fedavg__noise-0.01__seed-45",
    "data_module": "experiments.reproduce.dataset.alzheimer:create_data_module",
    "partition_mode": "homogeneous",
    "partition_profile": "auto",
    "privacy": "global-dp",
    "aggregation": "fedavg",
    "seed": 45,
    "num_clients": 4,
    "rounds": 20,
    "local_epochs": 5,
    "noise_multiplier": 0.01,
    "clipping_norm": 5.0,
    "initialization_pretrained": false,
    "initialization_epochs": 0,
    "initialization_final_loss": null
  },
  "train_metrics": {
    "1": {
      "train_loss": 0.9833318032324314,
      "train_loss_mean": 1.054762674961239
    },
    "2": {
      "train_loss": 0.9122382644563913,
      "train_loss_mean": 0.9971600229851902
    },
    "3": {
      "train_loss": 0.8152958061546087,
      "train_loss_mean": 0.9272215889766812
    },
    "4": {
      "train_loss": 0.6827712340746075,
      "train_loss_mean": 0.8387477785814552
    },
    "5": {
      "train_loss": 0.5488141507375985,
      "train_loss_mean": 0.742030834266916
    },
    "6": {
      "train_loss": 0.4034374865004793,
      "train_loss_mean": 0.6144421988865361
    },
    "7": {
      "train_loss": 0.2775990779045969,
      "train_loss_mean": 0.4771649587899447
    },
    "8": {
      "train_loss": 0.18473023729166016,
      "train_loss_mean": 0.36417199490242635
    },
    "9": {
      "train_loss": 0.11893065967888106,
      "train_loss_mean": 0.27543601815996227
    },
    "10": {
      "train_loss": 0.0869774305538158,
      "train_loss_mean": 0.2364558148270589
    },
    "11": {
      "train_loss": 0.07027020837267628,
      "train_loss_mean": 0.18171501094038833
    },
    "12": {
      "train_loss": 0.06933765411304194,
      "train_loss_mean": 0.14037961176873068
    },
    "13": {
      "train_loss": 0.06657303938845871,
      "train_loss_mean": 0.11994258077393169
    },
    "14": {
      "train_loss": 0.046505815735145006,
      "train_loss_mean": 0.10605308956583032
    },
    "15": {
      "train_loss": 0.0461947970879919,
      "train_loss_mean": 0.08988424148465128
    },
    "16": {
      "train_loss": 0.04595551818056265,
      "train_loss_mean": 0.07370317147360765
    },
    "17": {
      "train_loss": 0.05147914726239833,
      "train_loss_mean": 0.07009358469204016
    },
    "18": {
      "train_loss": 0.060211170770344324,
      "train_loss_mean": 0.06831797150452985
    },
    "19": {
      "train_loss": 0.04985075842796505,
      "train_loss_mean": 0.05555372881426593
    },
    "20": {
      "train_loss": 0.042179349775324226,
      "train_loss_mean": 0.057124483069310374
    }
  },
  "client_evaluate_metrics": {
    "1": {
      "eval_loss": 1.1731520928442478,
      "eval_acc": 0.501953125
    },
    "2": {
      "eval_loss": 1.0283749531954527,
      "eval_acc": 0.5078125
    },
    "3": {
      "eval_loss": 0.9791402574628592,
      "eval_acc": 0.5283203125
    },
    "4": {
      "eval_loss": 0.9072739910334349,
      "eval_acc": 0.5791015625
    },
    "5": {
      "eval_loss": 0.8443964030593634,
      "eval_acc": 0.5947265625
    },
    "6": {
      "eval_loss": 0.7441392578184605,
      "eval_acc": 0.66796875
    },
    "7": {
      "eval_loss": 0.6483928002417088,
      "eval_acc": 0.7236328125
    },
    "8": {
      "eval_loss": 0.5288800355046988,
      "eval_acc": 0.7900390625
    },
    "9": {
      "eval_loss": 0.4366259789094329,
      "eval_acc": 0.8271484375
    },
    "10": {
      "eval_loss": 0.3547558574937284,
      "eval_acc": 0.8662109375
    },
    "11": {
      "eval_loss": 0.3128270136658102,
      "eval_acc": 0.89453125
    },
    "12": {
      "eval_loss": 0.32283952354919165,
      "eval_acc": 0.8955078125
    },
    "13": {
      "eval_loss": 0.27743010502308607,
      "eval_acc": 0.9072265625
    },
    "14": {
      "eval_loss": 0.21153348142979667,
      "eval_acc": 0.9404296875
    },
    "15": {
      "eval_loss": 0.20330151182133704,
      "eval_acc": 0.9384765625
    },
    "16": {
      "eval_loss": 0.188969767652452,
      "eval_acc": 0.94921875
    },
    "17": {
      "eval_loss": 0.18593277322361246,
      "eval_acc": 0.9453125
    },
    "18": {
      "eval_loss": 0.17358098647673614,
      "eval_acc": 0.9501953125
    },
    "19": {
      "eval_loss": 0.18290175675065257,
      "eval_acc": 0.953125
    },
    "20": {
      "eval_loss": 0.14297715868451633,
      "eval_acc": 0.9619140625
    }
  },
  "server_evaluate_metrics": {
    "0": {
      "loss": 1.4445670783519744,
      "accuracy": 0.0109375
    },
    "1": {
      "loss": 1.1716030657291412,
      "accuracy": 0.496875
    },
    "2": {
      "loss": 1.0296792298555375,
      "accuracy": 0.5
    },
    "3": {
      "loss": 0.9807082116603851,
      "accuracy": 0.51875
    },
    "4": {
      "loss": 0.9158223927021026,
      "accuracy": 0.546875
    },
    "5": {
      "loss": 0.864647951722145,
      "accuracy": 0.5796875
    },
    "6": {
      "loss": 0.7774087518453598,
      "accuracy": 0.634375
    },
    "7": {
      "loss": 0.6893698245286941,
      "accuracy": 0.6984375
    },
    "8": {
      "loss": 0.5967723533511162,
      "accuracy": 0.7578125
    },
    "9": {
      "loss": 0.51368977278471,
      "accuracy": 0.79375
    },
    "10": {
      "loss": 0.4489299051463604,
      "accuracy": 0.8421875
    },
    "11": {
      "loss": 0.40998087599873545,
      "accuracy": 0.8703125
    },
    "12": {
      "loss": 0.4365165073424578,
      "accuracy": 0.86875
    },
    "13": {
      "loss": 0.381045027077198,
      "accuracy": 0.8828125
    },
    "14": {
      "loss": 0.3085758205503225,
      "accuracy": 0.90625
    },
    "15": {
      "loss": 0.32016801480203866,
      "accuracy": 0.9140625
    },
    "16": {
      "loss": 0.25110069760121406,
      "accuracy": 0.9359375
    },
    "17": {
      "loss": 0.25259882351383567,
      "accuracy": 0.9328125
    },
    "18": {
      "loss": 0.2561156006529927,
      "accuracy": 0.9375
    },
    "19": {
      "loss": 0.25873294211924075,
      "accuracy": 0.9421875
    },
    "20": {
      "loss": 0.21854854365810752,
      "accuracy": 0.953125
    }
  }
}
