{
  "metadata": {
    "run_name": "main__homogeneous__metric-privacy__fedmedian__noise-0.01__seed-43",
    "data_module": "experiments.reproduce.dataset.alzheimer:create_data_module",
    "partition_mode": "homogeneous",
    "partition_profile": "auto",
    "privacy": "metric-privacy",
    "aggregation": "fedmedian",
    "seed": 43,
    "num_clients": 4,
    "rounds": 20,
    "local_epochs": 5,
    "noise_multiplier": 0.01,
    "clipping_norm": 5.0,
    "initialization_pretrained": false,
    "initialization_epochs": 0,
    "initialization_final_loss": null
  },
  "train_metrics": {
    "1": {
      "train_loss": 0.9456590712070465,
      "train_loss_mean": 1.0223110630176961,
      "metric-dp-distance": 1.9053314275418718,
      "metric-dp-noise-stdv": 0.006560538402563718
    },
    "2": {
      "train_loss": 0.9064907156862319,
      "train_loss_mean": 0.9794100796803832,
      "metric-dp-distance": 1.4516883953474462,
      "metric-dp-noise-stdv": 0.008610663307677856
    },
    "3": {
      "train_loss": 0.8083520983345807,
      "train_loss_mean": 0.8872221499681472,
      "metric-dp-distance": 1.4647187809459865,
      "metric-dp-noise-stdv": 0.008534061392950047
    },
    "4": {
      "train_loss": 0.6766391063574702,
      "train_loss_mean": 0.80259943860583,
      "metric-dp-distance": 1.5448731757157173,
      "metric-dp-noise-stdv": 0.008091279074872235
    },
    "5": {
      "train_loss": 0.5386463378090411,
      "train_loss_mean": 0.704257775330916,
      "metric-dp-distance": 1.5253496025688946,
      "metric-dp-noise-stdv": 0.008194842663575822
    },
    "6": {
      "train_loss": 0.3748689106432721,
      "train_loss_mean": 0.5735436657210812,
      "metric-dp-distance": 1.5293098313268274,
      "metric-dp-noise-stdv": 0.008173621684727558
    },
    "7": {
      "train_loss": 0.23853219399461523,
      "train_loss_mean": 0.43877889681607485,
      "metric-dp-distance": 1.4150128679660459,
      "metric-dp-noise-stdv": 0.008833841926800022
    },
    "8": {
      "train_loss": 0.1612936745514162,
      "train_loss_mean": 0.33113331273198127,
      "metric-dp-distance": 1.288289206335321,
      "metric-dp-noise-stdv": 0.00970279028849245
    },
    "9": {
      "train_loss": 0.13758809104911052,
      "train_loss_mean": 0.2488553308940027,
      "metric-dp-distance": 1.2539058152275782,
      "metric-dp-noise-stdv": 0.009968850808568352
    },
    "10": {
      "train_loss": 0.09762968662835192,
      "train_loss_mean": 0.19587156944326128,
      "metric-dp-distance": 1.1628937268008788,
      "metric-dp-noise-stdv": 0.010749047580115086
    },
    "11": {
      "train_loss": 0.11036221604445018,
      "train_loss_mean": 0.16240968099591555,
      "metric-dp-distance": 1.1959118044469506,
      "metric-dp-noise-stdv": 0.010452275789501572
    },
    "12": {
      "train_loss": 0.06432875728205545,
      "train_loss_mean": 0.1189692347041273,
      "metric-dp-distance": 1.1436694694372516,
      "metric-dp-noise-stdv": 0.010929731302655732
    },
    "13": {
      "train_loss": 0.08257912246699561,
      "train_loss_mean": 0.09816149829348433,
      "metric-dp-distance": 1.193732378538698,
      "metric-dp-noise-stdv": 0.010471358760748216
    },
    "14": {
      "train_loss": 0.05664715058901493,
      "train_loss_mean": 0.089728009915234,
      "metric-dp-distance": 1.199210400537898,
      "metric-dp-noise-stdv": 0.010423525341669156
    },
    "15": {
      "train_loss": 0.07754876026046986,
      "train_loss_mean": 0.07811026846584354,
      "metric-dp-distance": 1.232786354686444,
      "metric-dp-noise-stdv": 0.010139632023408746
    },
    "16": {
      "train_loss": 0.06221822433417401,
      "train_loss_mean": 0.06588824606678827,
      "metric-dp-distance": 1.3216052627346169,
      "metric-dp-noise-stdv": 0.00945819478210571
    },
    "17": {
      "train_loss": 0.04411816093897869,
      "train_loss_mean": 0.058779329297158255,
      "metric-dp-distance": 1.2245907941057037,
      "metric-dp-noise-stdv": 0.010207491400528224
    },
    "18": {
      "train_loss": 0.037685236964080104,
      "train_loss_mean": 0.052867390248729856,
      "metric-dp-distance": 1.2969937062977503,
      "metric-dp-noise-stdv": 0.009637672056004857
    },
    "19": {
      "train_loss": 0.04615598654606856,
      "train_loss_mean": 0.05193474110653824,
      "metric-dp-distance": 1.307319563968728,
      "metric-dp-noise-stdv": 0.009561548946802886
    },
    "20": {
      "train_loss": 0.04441456727914783,
      "train_loss_mean": 0.04445180582645207,
      "metric-dp-distance": 1.2762567343500753,
      "metric-dp-noise-stdv": 0.009794267613691015
    }
  },
  "client_evaluate_metrics": {
    "1": {
      "eval_loss": 1.2036062106490135,
      "eval_acc": 0.51953125
    },
    "2": {
      "eval_loss": 1.0485828574746847,
      "eval_acc": 0.5185546875
    },
    "3": {
      "eval_loss": 0.9511529728770256,
      "eval_acc": 0.5439453125
    },
    "4": {
      "eval_loss": 0.8906232491135597,
      "eval_acc": 0.5859375
    },
    "5": {
      "eval_loss": 0.8001780435442924,
      "eval_acc": 0.61328125
    },
    "6": {
      "eval_loss": 0.6836901558563113,
      "eval_acc": 0.681640625
    },
    "7": {
      "eval_loss": 0.5757367676123977,
      "eval_acc": 0.744140625
    },
    "8": {
      "eval_loss": 0.4616490267217159,
      "eval_acc": 0.814453125
    },
    "9": {
      "eval_loss": 0.3727432698942721,
      "eval_acc": 0.865234375
    },
    "10": {
      "eval_loss": 0.3392358091659844,
      "eval_acc": 0.8798828125
    },
    "11": {
      "eval_loss": 0.3238184698857367,
      "eval_acc": 0.89453125
    },
    "12": {
      "eval_loss": 0.281699349405244,
      "eval_acc": 0.9150390625
    },
    "13": {
      "eval_loss": 0.2519784786272794,
      "eval_acc": 0.9140625
    },
    "14": {
      "eval_loss": 0.2531777141848579,
      "eval_acc": 0.9169921875
    },
    "15": {
      "eval_loss": 0.22396659024525434,
      "eval_acc": 0.92578125
    },
    "16": {
      "eval_loss": 0.20296668517403305,
      "eval_acc": 0.9384765625
    },
    "17": {
      "eval_loss": 0.214362213620916,
      "eval_acc": 0.927734375
    },
    "18": {
      "eval_loss": 0.19625683675985783,
      "eval_acc": 0.9375
    },
    "19": {
      "eval_loss": 0.1907315175049007,
      "eval_acc": 0.9423828125
    },
    "20": {
      "eval_loss": 0.20682341163046658,
      "eval_acc": 0.9453125
    }
  },
  "server_evaluate_metrics": {
    "0": {
      "loss": 1.3831079185009003,
      "accuracy": 0.134375
    },
    "1": {
      "loss": 1.202301424741745,
      "accuracy": 0.5046875
    },
    "2": {
      "loss": 1.0523066580295564,
      "accuracy": 0.5078125
    },
    "3": {
      "loss": 0.9635014474391937,
      "accuracy": 0.534375
    },
    "4": {
      "loss": 0.9063513725996017,
      "accuracy": 0.55625
    },
    "5": {
      "loss": 0.8230893909931183,
      "accuracy": 0.6046875
    },
    "6": {
      "loss": 0.7176145911216736,
      "accuracy": 0.6859375
    },
    "7": {
      "loss": 0.6234490543603897,
      "accuracy": 0.734375
    },
    "8": {
      "loss": 0.5530274018645287,
      "accuracy": 0.790625
    },
    "9": {
      "loss": 0.48124349787831305,
      "accuracy": 0.834375
    },
    "10": {
      "loss": 0.4366015113890171,
      "accuracy": 0.8578125
    },
    "11": {
      "loss": 0.40739035829901693,
      "accuracy": 0.8734375
    },
    "12": {
      "loss": 0.3537286788225174,
      "accuracy": 0.90625
    },
    "13": {
      "loss": 0.3254640279337764,
      "accuracy": 0.9125
    },
    "14": {
      "loss": 0.345966087654233,
      "accuracy": 0.915625
    },
    "15": {
      "loss": 0.3242412582039833,
      "accuracy": 0.921875
    },
    "16": {
      "loss": 0.3154188690241426,
      "accuracy": 0.9296875
    },
    "17": {
      "loss": 0.3151101193390787,
      "accuracy": 0.9265625
    },
    "18": {
      "loss": 0.3213662190362811,
      "accuracy": 0.934375
    },