{
  "metadata": {
    "run_name": "main__homogeneous__global-dp__fedmedian__noise-0.01__seed-46",
    "data_module": "experiments.reproduce.dataset.alzheimer:create_data_module",
    "partition_mode": "homogeneous",
    "partition_profile": "auto",
    "privacy": "global-dp",
    "aggregation": "fedmedian",
    "seed": 46,
    "num_clients": 4,
    "rounds": 20,
    "local_epochs": 5,
    "noise_multiplier": 0.01,
    "clipping_norm": 5.0,
    "initialization_pretrained": false,
    "initialization_epochs": 0,
    "initialization_final_loss": null
  },
  "train_metrics": {
    "1": {
      "train_loss": 0.980028881225735,
      "train_loss_mean": 1.0389306504279376
    },
    "2": {
      "train_loss": 0.9413458318449557,
      "train_loss_mean": 1.0004539219662547
    },
    "3": {
      "train_loss": 0.854221002664417,
      "train_loss_mean": 0.9323391113430262
    },
    "4": {
      "train_loss": 0.7499350102152675,
      "train_loss_mean": 0.860828963899985
    },
    "5": {
      "train_loss": 0.6125536868348718,
      "train_loss_mean": 0.7602302022278309
    },
    "6": {
      "train_loss": 0.41881433594971895,
      "train_loss_mean": 0.6209283676929772
    },
    "7": {
      "train_loss": 0.3121573782991618,
      "train_loss_mean": 0.5007920812815427
    },
    "8": {
      "train_loss": 0.23157764208735898,
      "train_loss_mean": 0.3896348283393309
    },
    "9": {
      "train_loss": 0.16717574655194767,
      "train_loss_mean": 0.3000172508589458
    },
    "10": {
      "train_loss": 0.1436179471493233,
      "train_loss_mean": 0.22703424346400425
    },
    "11": {
      "train_loss": 0.10125566774513572,
      "train_loss_mean": 0.17652378706989114
    },
    "12": {
      "train_loss": 0.08038003452384146,
      "train_loss_mean": 0.14083646950748516
    },
    "13": {
      "train_loss": 0.07964329316018848,
      "train_loss_mean": 0.12394261699810159
    },
    "14": {
      "train_loss": 0.0880737710140238,
      "train_loss_mean": 0.11254238199799146
    },
    "15": {
      "train_loss": 0.07212649817302008,
      "train_loss_mean": 0.09309994272261975
    },
    "16": {
      "train_loss": 0.08168378565824241,
      "train_loss_mean": 0.08464588135175291
    },
    "17": {
      "train_loss": 0.05835105375535932,
      "train_loss_mean": 0.07903338540163532
    },
    "18": {
      "train_loss": 0.06866180132510635,
      "train_loss_mean": 0.06908291096399352
    },
    "19": {
      "train_loss": 0.056154775219511066,
      "train_loss_mean": 0.06778613256046812
    },
    "20": {
      "train_loss": 0.07788931231470997,
      "train_loss_mean": 0.06032884343164824
    }
  },
  "client_evaluate_metrics": {
    "1": {
      "eval_loss": 1.1894262731075287,
      "eval_acc": 0.5
    },
    "2": {
      "eval_loss": 1.0586496144533157,
      "eval_acc": 0.5
    },
    "3": {
      "eval_loss": 0.9878419674932957,
      "eval_acc": 0.515625
    },
    "4": {
      "eval_loss": 0.9371392130851746,
      "eval_acc": 0.5849609375
    },
    "5": {
      "eval_loss": 0.8699204605072737,
      "eval_acc": 0.6083984375
    },
    "6": {
      "eval_loss": 0.7597438208758831,
      "eval_acc": 0.646484375
    },
    "7": {
      "eval_loss": 0.6888927109539509,
      "eval_acc": 0.701171875
    },
    "8": {
      "eval_loss": 0.5350369606167078,
      "eval_acc": 0.7734375
    },
    "9": {
      "eval_loss": 0.3943382231518626,
      "eval_acc": 0.8203125
    },
    "10": {
      "eval_loss": 0.3451223270967603,
      "eval_acc": 0.8505859375
    },
    "11": {
      "eval_loss": 0.2754746994469315,
      "eval_acc": 0.8916015625
    },
    "12": {
      "eval_loss": 0.2634465512819588,
      "eval_acc": 0.90625
    },
    "13": {
      "eval_loss": 0.2287472039461136,
      "eval_acc": 0.9169921875
    },
    "14": {
      "eval_loss": 0.21461188048124313,
      "eval_acc": 0.931640625
    },
    "15": {
      "eval_loss": 0.22491517418529838,
      "eval_acc": 0.9306640625
    },
    "16": {
      "eval_loss": 0.19222636311315,
      "eval_acc": 0.9453125
    },
    "17": {
      "eval_loss": 0.16921144170919433,
      "eval_acc": 0.9462890625
    },
    "18": {
      "eval_loss": 0.18238805927103385,
      "eval_acc": 0.947265625
    },
    "19": {
      "eval_loss": 0.1449633215670474,
      "eval_acc": 0.9521484375
    },
    "20": {
      "eval_loss": 0.15715117065701634,
      "eval_acc": 0.9541015625
    }
  },
  "server_evaluate_metrics": {
    "0": {
      "loss": 1.395263397693634,
      "accuracy": 0.0109375
    },
    "1": {
      "loss": 1.187374234199524,
      "accuracy": 0.4953125
    },
    "2": {
      "loss": 1.0561265110969544,
      "accuracy": 0.4953125
    },
    "3": {
      "loss": 0.9849999606609344,
      "accuracy": 0.5078125
    },
    "4": {
      "loss": 0.9327343702316284,
      "accuracy": 0.5890625
    },
    "5": {
      "loss": 0.8664793133735657,
      "accuracy": 0.603125
    },
    "6": {
      "loss": 0.7701438248157502,
      "accuracy": 0.6375
    },
    "7": {
      "loss": 0.7009318888187408,
      "accuracy": 0.690625
    },
    "8": {
      "loss": 0.5741738185286522,
      "accuracy": 0.7546875
    },
    "9": {
      "loss": 0.4675273455679417,
      "accuracy": 0.8078125
    },
    "10": {
      "loss": 0.4535220742225647,
      "accuracy": 0.83125
    },
    "11": {
      "loss": 0.36373536214232444,
      "accuracy": 0.8765625
    },
    "12": {
      "loss": 0.3600207805633545,
      "accuracy": 0.8953125
    },
    "13": {
      "loss": 0.3494029201567173,
      "accuracy": 0.9046875
    },
    "14": {
      "loss": 0.3138772830367088,
      "accuracy": 0.921875
    },
    "15": {
      "loss": 0.3066518038511276,
      "accuracy": 0.921875
    },
    "16": {
      "loss": 0.29115115385502577,
      "accuracy": 0.93125
    },
    "17": {
      "loss": 0.24933205833658575,
      "accuracy": 0.94375
    },
    "18": {
      "loss": 0.24370143203996122,
      "accuracy": 0.946875
    },
    "19": {
      "loss": 0.21012077452614902,
      "accuracy": 0.9578125
    },
    "20": {
      "loss": 0.22517937971279026,
      "accuracy": 0.95
    }
  }
}
