{
  "metadata": {
    "run_name": "main__homogeneous__vanilla__fedavg__noise-0.01__seed-45",
    "data_module": "experiments.reproduce.dataset.alzheimer:create_data_module",
    "partition_mode": "homogeneous",
    "partition_profile": "auto",
    "privacy": "vanilla",
    "aggregation": "fedavg",
    "seed": 45,
    "num_clients": 4,
    "rounds": 20,
    "local_epochs": 5,
    "noise_multiplier": 0.01,
    "clipping_norm": 5.0,
    "initialization_pretrained": false,
    "initialization_epochs": 0,
    "initialization_final_loss": null
  },
  "train_metrics": {
    "1": {
      "train_loss": 0.9930965518578887,
      "train_loss_mean": 1.0570623169653117
    },
    "2": {
      "train_loss": 0.8473390499129891,
      "train_loss_mean": 0.9386306527070701
    },
    "3": {
      "train_loss": 0.6035258953925222,
      "train_loss_mean": 0.7641549452673644
    },
    "4": {
      "train_loss": 0.30108898686012253,
      "train_loss_mean": 0.4914192042429931
    },
    "5": {
      "train_loss": 0.1394187881378457,
      "train_loss_mean": 0.28141615020576866
    },
    "6": {
      "train_loss": 0.10409163860458648,
      "train_loss_mean": 0.170992882984865
    },
    "7": {
      "train_loss": 0.0711909521924099,
      "train_loss_mean": 0.10692130841343897
    },
    "8": {
      "train_loss": 0.05387804993370082,
      "train_loss_mean": 0.07920758299005684
    },
    "9": {
      "train_loss": 0.03829327098810609,
      "train_loss_mean": 0.060703802397438264
    },
    "10": {
      "train_loss": 0.046817354611448536,
      "train_loss_mean": 0.04865285095065701
    },
    "11": {
      "train_loss": 0.021160856453661836,
      "train_loss_mean": 0.036150378581623954
    },
    "12": {
      "train_loss": 0.03470567860074425,
      "train_loss_mean": 0.0375996879649307
    },
    "13": {
      "train_loss": 0.04342494940465258,
      "train_loss_mean": 0.03717598000317821
    },
    "14": {
      "train_loss": 0.03393173566524865,
      "train_loss_mean": 0.029901879057678115
    },
    "15": {
      "train_loss": 0.015646020523718107,
      "train_loss_mean": 0.024420857550089888
    },
    "16": {
      "train_loss": 0.01722730000793149,
      "train_loss_mean": 0.022755117582239758
    },
    "17": {
      "train_loss": 0.013983025576237651,
      "train_loss_mean": 0.023358767523139437
    },
    "18": {
      "train_loss": 0.02395566693336093,
      "train_loss_mean": 0.021780717678382366
    },
    "19": {
      "train_loss": 0.01345304159526961,
      "train_loss_mean": 0.017695813799457748
    },
    "20": {
      "train_loss": 0.010032523180647956,
      "train_loss_mean": 0.016162956342052115
    }
  },
  "client_evaluate_metrics": {
    "1": {
      "eval_loss": 1.0616756975650787,
      "eval_acc": 0.552734375
    },
    "2": {
      "eval_loss": 0.8736086487770081,
      "eval_acc": 0.5849609375
    },
    "3": {
      "eval_loss": 0.6871308982372284,
      "eval_acc": 0.677734375
    },
    "4": {
      "eval_loss": 0.4991801204159856,
      "eval_acc": 0.783203125
    },
    "5": {
      "eval_loss": 0.36514158733189106,
      "eval_acc": 0.8544921875
    },
    "6": {
      "eval_loss": 0.3287158799357712,
      "eval_acc": 0.8828125
    },
    "7": {
      "eval_loss": 0.23779197549447417,
      "eval_acc": 0.9248046875
    },
    "8": {
      "eval_loss": 0.19072111704736017,
      "eval_acc": 0.94140625
    },
    "9": {
      "eval_loss": 0.19141474438947625,
      "eval_acc": 0.947265625
    },
    "10": {
      "eval_loss": 0.17939670306805056,
      "eval_acc": 0.953125
    },
    "11": {
      "eval_loss": 0.19729288374946918,
      "eval_acc": 0.955078125
    },
    "12": {
      "eval_loss": 0.14400528138503432,
      "eval_acc": 0.9580078125
    },
    "13": {
      "eval_loss": 0.1504301400273107,
      "eval_acc": 0.9599609375
    },
    "14": {
      "eval_loss": 0.1673948255192954,
      "eval_acc": 0.9580078125
    },
    "15": {
      "eval_loss": 0.16200927083264105,
      "eval_acc": 0.966796875
    },
    "16": {
      "eval_loss": 0.15614786199876107,
      "eval_acc": 0.970703125
    },
    "17": {
      "eval_loss": 0.1446387266551028,
      "eval_acc": 0.96484375
    },
    "18": {
      "eval_loss": 0.1501303823897615,
      "eval_acc": 0.96484375
    },
    "19": {
      "eval_loss": 0.16799248537427047,
      "eval_acc": 0.96484375
    },
    "20": {
      "eval_loss": 0.18186314260583458,
      "eval_acc": 0.97265625
    }
  },
  "server_evaluate_metrics": {
    "0": {
      "loss": 1.4445670783519744,
      "accuracy": 0.0109375
    },
    "1": {
      "loss": 1.0601967126131058,
      "accuracy": 0.5546875
    },
    "2": {
      "loss": 0.8946781098842621,
      "accuracy": 0.5625
    },
    "3": {
      "loss": 0.7315608859062195,
      "accuracy": 0.684375
    },
    "4": {
      "loss": 0.593102777004242,
      "accuracy": 0.75
    },
    "5": {
      "loss": 0.47471634671092033,
      "accuracy": 0.803125
    },
    "6": {
      "loss": 0.4218820437788963,
      "accuracy": 0.86875
    },
    "7": {
      "loss": 0.31449572294950484,
      "accuracy": 0.8984375
    },
    "8": {
      "loss": 0.2732976531609893,
      "accuracy": 0.915625
    },
    "9": {
      "loss": 0.2548957856371999,
      "accuracy": 0.93125
    },
    "10": {
      "loss": 0.22139317439869047,
      "accuracy": 0.94375
    },
    "11": {
      "loss": 0.2527597794542089,
      "accuracy": 0.9453125
    },
    "12": {
      "loss": 0.16855682907626032,
      "accuracy": 0.95
    },
    "13": {
      "loss": 0.20337839960120618,
      "accuracy": 0.95
    },
    "14": {
      "loss": 0.2108710527420044,
      "accuracy": 0.9484375
    },
    "15": {
      "loss": 0.18541568098589778,
      "accuracy": 0.9625
    },
    "16": {
      "loss": 0.20500151633750646,
      "accuracy": 0.9625
    },
    "17": {
      "loss": 0.17040545125491918,
      "accuracy": 0.96875
    },
    "18": {
      "loss": 0.2131967088673264,
      "accuracy": 0.9453125
    },
    "19": {
      "loss": 0.20513852494768797,
      "accuracy": 0.9578125
    },
    "20": {
      "loss": 0.2290803642710671,
      "accuracy": 0.9671875
    }
  }
}
