{
  "metadata": {
    "run_name": "main__homogeneous__global-dp__fedopt__noise-0.01__seed-46",
    "data_module": "experiments.reproduce.dataset.alzheimer:create_data_module",
    "partition_mode": "homogeneous",
    "partition_profile": "auto",
    "privacy": "global-dp",
    "aggregation": "fedopt",
    "seed": 46,
    "num_clients": 4,
    "rounds": 20,
    "local_epochs": 5,
    "noise_multiplier": 0.01,
    "clipping_norm": 5.0,
    "initialization_pretrained": true,
    "initialization_epochs": 20,
    "initialization_final_loss": 0.2099020391702652
  },
  "train_metrics": {
    "1": {
      "train_loss": 0.49117957218550146,
      "train_loss_mean": 0.6677296216599644
    },
    "2": {
      "train_loss": 0.9102624570950866,
      "train_loss_mean": 2.312845417484641
    },
    "3": {
      "train_loss": 43.742749094963074,
      "train_loss_mean": 44.14013950824737
    },
    "4": {
      "train_loss": 43.54033952951431,
      "train_loss_mean": 43.54033952951431
    },
    "5": {
      "train_loss": 43.54033952951431,
      "train_loss_mean": 43.54033952951431
    },
    "6": {
      "train_loss": 43.54033952951431,
      "train_loss_mean": 43.54033952951431
    },
    "7": {
      "train_loss": 43.54033952951431,
      "train_loss_mean": 43.54033952951431
    },
    "8": {
      "train_loss": 43.54033952951431,
      "train_loss_mean": 43.54033952951431
    },
    "9": {
      "train_loss": 43.54033952951431,
      "train_loss_mean": 43.54033952951431
    },
    "10": {
      "train_loss": 43.54033952951431,
      "train_loss_mean": 43.54033952951431
    },
    "11": {
      "train_loss": 43.54033952951431,
      "train_loss_mean": 43.54033952951431
    },
    "12": {
      "train_loss": 43.54033952951431,
      "train_loss_mean": 43.54033952951431
    },
    "13": {
      "train_loss": 43.54033952951431,
      "train_loss_mean": 43.54033952951431
    },
    "14": {
      "train_loss": 43.561661928892136,
      "train_loss_mean": 43.56166192889213
    },
    "15": {
      "train_loss": 43.54033952951431,
      "train_loss_mean": 43.553132969141004
    },
    "16": {
      "train_loss": 43.710918724536896,
      "train_loss_mean": 43.70665424466134
    },
    "17": {
      "train_loss": 43.58298432826996,
      "train_loss_mean": 43.53098827600479
    },
    "18": {
      "train_loss": 44.91068360209465,
      "train_loss_mean": 46.84467214345932
    },
    "19": {
      "train_loss": 43.54033952951431,
      "train_loss_mean": 43.54460400938988
    },
    "20": {
      "train_loss": 43.54033952951431,
      "train_loss_mean": 43.54033952951431
    }
  },
  "client_evaluate_metrics": {
    "1": {
      "eval_loss": 56.41959261894226,
      "eval_acc": 0.34765625
    },
    "2": {
      "eval_loss": 43.66827392578125,
      "eval_acc": 0.5
    },
    "3": {
      "eval_loss": 43.66827392578125,
      "eval_acc": 0.5
    },
    "4": {
      "eval_loss": 43.66827392578125,
      "eval_acc": 0.5
    },
    "5": {
      "eval_loss": 43.66827392578125,
      "eval_acc": 0.5
    },
    "6": {
      "eval_loss": 43.66827392578125,
      "eval_acc": 0.5
    },
    "7": {
      "eval_loss": 43.66827392578125,
      "eval_acc": 0.5
    },
    "8": {
      "eval_loss": 43.66827392578125,
      "eval_acc": 0.5
    },
    "9": {
      "eval_loss": 43.66827392578125,
      "eval_acc": 0.5
    },
    "10": {
      "eval_loss": 43.66827392578125,
      "eval_acc": 0.5
    },
    "11": {
      "eval_loss": 43.66827392578125,
      "eval_acc": 0.5
    },
    "12": {
      "eval_loss": 43.66827392578125,
      "eval_acc": 0.5
    },
    "13": {
      "eval_loss": 43.66827392578125,
      "eval_acc": 0.5
    },
    "14": {
      "eval_loss": 43.66827392578125,
      "eval_acc": 0.5
    },
    "15": {
      "eval_loss": 43.66827392578125,
      "eval_acc": 0.5
    },
    "16": {
      "eval_loss": 43.66827392578125,
      "eval_acc": 0.5
    },
    "17": {
      "eval_loss": 43.66827392578125,
      "eval_acc": 0.5
    },
    "18": {
      "eval_loss": 43.66827392578125,
      "eval_acc": 0.5
    },
    "19": {
      "eval_loss": 43.66827392578125,
      "eval_acc": 0.5
    },
    "20": {
      "eval_loss": 43.66827392578125,
      "eval_acc": 0.5
    }
  },
  "server_evaluate_metrics": {
    "0": {
      "loss": 1.0588990956544877,
      "accuracy": 0.6765625
    },
    "1": {
      "loss": 55.14416389465332,
      "accuracy": 0.359375
    },
    "2": {
      "loss": 44.07766399383545,
      "accuracy": 0.4953125
    },
    "3": {
      "loss": 44.07766399383545,
      "accuracy": 0.4953125
    },
    "4": {
      "loss": 44.07766399383545,
      "accuracy": 0.4953125
    },
    "5": {
      "loss": 44.07766399383545,
      "accuracy": 0.4953125
    },
    "6": {
      "loss": 44.07766399383545,
      "accuracy": 0.4953125
    },
    "7": {
      "loss": 44.07766399383545,
      "accuracy": 0.4953125
    },
    "8": {
      "loss": 44.07766399383545,
      "accuracy": 0.4953125
    },
    "9": {
      "loss": 44.07766399383545,
      "accuracy": 0.4953125
    },
    "10": {
      "loss": 44.07766399383545,
      "accuracy": 0.4953125
    },
    "11": {
      "loss": 44.07766399383545,
      "accuracy": 0.4953125
    },
    "12": {
      "loss": 44.07766399383545,
      "accuracy": 0.4953125
    },
    "13": {
      "loss": 44.07766399383545,
      "accuracy": 0.4953125
    },
    "14": {
      "loss": 44.07766399383545,
      "accuracy": 0.4953125
    },
    "15": {
      "loss": 44.07766399383545,
      "accuracy": 0.4953125
    },
    "16": {
      "loss": 44.07766399383545,
      "accuracy": 0.4953125
    },
    "17": {
      "loss": 44.07766399383545,
      "accuracy": 0.4953125
    },
    "18": {
      "loss": 44.07766399383545,
      "accuracy": 0.4953125
    },
    "19": {
      "loss": 44.07766399383545,
      "accuracy": 0.4953125
    },
    "20": {
      "loss": 44.07766399383545,
      "accuracy": 0.4953125
    }
  }
}
