{
  "metadata": {
    "run_name": "main__homogeneous__metric-privacy__fedavg__noise-0.01__seed-44",
    "data_module": "experiments.reproduce.dataset.alzheimer:create_data_module",
    "partition_mode": "homogeneous",
    "partition_profile": "auto",
    "privacy": "metric-privacy",
    "aggregation": "fedavg",
    "seed": 44,
    "num_clients": 4,
    "rounds": 20,
    "local_epochs": 5,
    "noise_multiplier": 0.01,
    "clipping_norm": 5.0,
    "initialization_pretrained": false,
    "initialization_epochs": 0,
    "initialization_final_loss": null
  },
  "train_metrics": {
    "1": {
      "train_loss": 1.0094235390424728,
      "train_loss_mean": 1.0530745021998884,
      "metric-dp-distance": 1.59287631791085,
      "metric-dp-noise-stdv": 0.0078474391636348
    },
    "2": {
      "train_loss": 0.9194991593249142,
      "train_loss_mean": 0.9876620653085411,
      "metric-dp-distance": 1.6066424755069117,
      "metric-dp-noise-stdv": 0.007780200131990239
    },
    "3": {
      "train_loss": 0.8183449739590287,
      "train_loss_mean": 0.9105232747271657,
      "metric-dp-distance": 1.8269200605961184,
      "metric-dp-noise-stdv": 0.0068421165597805575
    },
    "4": {
      "train_loss": 0.6933227814733982,
      "train_loss_mean": 0.8239635712467134,
      "metric-dp-distance": 1.6542383824319888,
      "metric-dp-noise-stdv": 0.007556347460408365
    },
    "5": {
      "train_loss": 0.5277970645111054,
      "train_loss_mean": 0.7102007816545666,
      "metric-dp-distance": 1.6334687911439687,
      "metric-dp-noise-stdv": 0.0076524265830912284
    },
    "6": {
      "train_loss": 0.3710460062138736,
      "train_loss_mean": 0.582447582995519,
      "metric-dp-distance": 1.7134689829157044,
      "metric-dp-noise-stdv": 0.0072951422667304556
    },
    "7": {
      "train_loss": 0.2765574809163809,
      "train_loss_mean": 0.47528385249897837,
      "metric-dp-distance": 1.6362114468744646,
      "metric-dp-noise-stdv": 0.007639599407446903
    },
    "8": {
      "train_loss": 0.2101836396032013,
      "train_loss_mean": 0.37512504969490695,
      "metric-dp-distance": 1.5512624650727957,
      "metric-dp-noise-stdv": 0.008057952977940078
    },
    "9": {
      "train_loss": 0.1373742206778843,
      "train_loss_mean": 0.2705439293931704,
      "metric-dp-distance": 1.4960121978074312,
      "metric-dp-noise-stdv": 0.008355546845353341
    },
    "10": {
      "train_loss": 0.10832817168557085,
      "train_loss_mean": 0.2045484842703445,
      "metric-dp-distance": 1.3984476435774316,
      "metric-dp-noise-stdv": 0.008938482650679142
    },
    "11": {
      "train_loss": 0.096049824009242,
      "train_loss_mean": 0.17163246127311138,
      "metric-dp-distance": 1.3842252993490547,
      "metric-dp-noise-stdv": 0.00903032187453751
    },
    "12": {
      "train_loss": 0.08093964352156036,
      "train_loss_mean": 0.14394128211715723,
      "metric-dp-distance": 1.3390071043589462,
      "metric-dp-noise-stdv": 0.009335275338949314
    },
    "13": {
      "train_loss": 0.06556611063933815,
      "train_loss_mean": 0.12086563138509518,
      "metric-dp-distance": 1.3825956339715049,
      "metric-dp-noise-stdv": 0.009040965914302623
    },
    "14": {
      "train_loss": 0.054373867139474896,
      "train_loss_mean": 0.09500189914342627,
      "metric-dp-distance": 1.318941242992878,
      "metric-dp-noise-stdv": 0.009477298603261205
    },
    "15": {
      "train_loss": 0.04937953685384855,
      "train_loss_mean": 0.09388496719857357,
      "metric-dp-distance": 1.3996550033334643,
      "metric-dp-noise-stdv": 0.00893077220474302
    },
    "16": {
      "train_loss": 0.05806910958744993,
      "train_loss_mean": 0.08105226907755424,
      "metric-dp-distance": 1.3885933523221563,
      "metric-dp-noise-stdv": 0.009001915484541349
    },
    "17": {
      "train_loss": 0.07286292646676884,
      "train_loss_mean": 0.07852735360265796,
      "metric-dp-distance": 1.5195799684928109,
      "metric-dp-noise-stdv": 0.008225957342934754
    },
    "18": {
      "train_loss": 0.03700922106125404,
      "train_loss_mean": 0.05882510136557926,
      "metric-dp-distance": 1.3957273927517235,
      "metric-dp-noise-stdv": 0.008955903613352339
    },
    "19": {
      "train_loss": 0.04914119542536355,
      "train_loss_mean": 0.05137753680385231,
      "metric-dp-distance": 1.4433121903178592,
      "metric-dp-noise-stdv": 0.008660634950534948
    },
    "20": {
      "train_loss": 0.031510120000803,
      "train_loss_mean": 0.04683591551753352,
      "metric-dp-distance": 1.5501252830338974,
      "metric-dp-noise-stdv": 0.008063864344909634
    }
  },
  "client_evaluate_metrics": {
    "1": {
      "eval_loss": 1.1655417941510677,
      "eval_acc": 0.5
    },
    "2": {
      "eval_loss": 1.0426000766456127,
      "eval_acc": 0.5
    },
    "3": {
      "eval_loss": 0.9580763708800077,
      "eval_acc": 0.5068359375
    },
    "4": {
      "eval_loss": 0.8768926840275526,
      "eval_acc": 0.5791015625
    },
    "5": {
      "eval_loss": 0.8066521342843771,
      "eval_acc": 0.6240234375
    },
    "6": {
      "eval_loss": 0.7291373293846846,
      "eval_acc": 0.671875
    },
    "7": {
      "eval_loss": 0.6667184121906757,
      "eval_acc": 0.7216796875
    },
    "8": {
      "eval_loss": 0.5787740023806691,
      "eval_acc": 0.7666015625
    },
    "9": {
      "eval_loss": 0.4636955028399825,
      "eval_acc": 0.81640625
    },
    "10": {
      "eval_loss": 0.37687123380601406,
      "eval_acc": 0.861328125
    },
    "11": {
      "eval_loss": 0.3398690037429333,
      "eval_acc": 0.884765625
    },
    "12": {
      "eval_loss": 0.31891431915573776,
      "eval_acc": 0.8974609375
    },
    "13": {
      "eval_loss": 0.28511765506118536,
      "eval_acc": 0.916015625
    },
    "14": {
      "eval_loss": 0.28746397781651467,
      "eval_acc": 0.9228515625
    },
    "15": {
      "eval_loss": 0.26315137662459165,
      "eval_acc": 0.9326171875
    },
    "16": {
      "eval_loss": 0.23118066624738276,
      "eval_acc": 0.9443359375
    },
    "17": {
      "eval_loss": 0.23713172611314803,
      "eval_acc": 0.9501953125
    },
    "18": {
      "eval_loss": 0.24977726535871625,
      "eval_acc": 0.947265625
    },
    "19": {
      "eval_loss": 0.24760957213584334,
      "eval_acc": 0.955078125
    },
    "20": {
      "eval_loss": 0.2476151891751215,
      "eval_acc": 0.9560546875
    }
  },
  "server_evaluate_metrics": {
    "0": {
      "loss": 1.390574324131012,
      "accuracy": 0.4953125
    },
    "1": {
      "loss": 1.164821410179138,
      "accuracy": 0.4953125
    },
    "2": {
      "loss": 1.0448685169219971,
      "accuracy": 0.4953125
    },
    "3": {
      "loss": 0.9684690803289413,
      "accuracy": 0.509375
    },
    "4": {
      "loss": 0.8990103214979172,
      "accuracy": 0.5734375
    },
    "5": {
      "loss": 0.8365229815244675,
      "accuracy": 0.6078125
    },
    "6": {
      "loss": 0.7620767056941986,
      "accuracy": 0.665625
    },
    "7": {
      "loss": 0.7007688507437706,
      "accuracy": 0.6921875
    },
    "8": {
      "loss": 0.6187617138028145,
      "accuracy": 0.759375
    },
    "9": {
      "loss": 0.5092174403369427,
      "accuracy": 0.815625
    },
    "10": {
      "loss": 0.44381133466959,
      "accuracy": 0.85
    },
    "11": {
      "loss": 0.39647655189037323,
      "accuracy": 0.871875
    },
    "12": {
      "loss": 0.37305704727768896,
      "accuracy": 0.8796875
    },
    "13": {
      "loss": 0.35371848866343497,
      "accuracy": 0.9
    },
    "14": {
      "loss": 0.36720606219023466,
      "accuracy": 0.9046875
    },
    "15": {
      "loss": 0.3231147977523506,
      "accuracy": 0.9140625
    },
    "16": {
      "loss": 0.27788607943803073,
      "accuracy": 0.925
    },
    "17": {
      "loss": 0.2675994778051972,
      "accuracy": 0.934375
    },
    "18": {
      "loss": 0.27177296560257674,
      "accuracy": 0.946875
    },