{
  "metadata": {
    "run_name": "main__homogeneous__vanilla__fedopt__noise-0.01__seed-45",
    "data_module": "experiments.reproduce.dataset.alzheimer:create_data_module",
    "partition_mode": "homogeneous",
    "partition_profile": "auto",
    "privacy": "vanilla",
    "aggregation": "fedopt",
    "seed": 45,
    "num_clients": 4,
    "rounds": 20,
    "local_epochs": 5,
    "noise_multiplier": 0.01,
    "clipping_norm": 5.0,
    "initialization_pretrained": true,
    "initialization_epochs": 20,
    "initialization_final_loss": 0.3519542537629604
  },
  "train_metrics": {
    "1": {
      "train_loss": 0.4559745849110186,
      "train_loss_mean": 0.6466609242837876
    },
    "2": {
      "train_loss": 0.9001820767298341,
      "train_loss_mean": 3.640560553409159
    },
    "3": {
      "train_loss": 1.0532727744430304,
      "train_loss_mean": 1.2075897959060966
    },
    "4": {
      "train_loss": 1.0382189736701548,
      "train_loss_mean": 1.0438842833973467
    },
    "5": {
      "train_loss": 1.0353723601438105,
      "train_loss_mean": 1.0603790094144643
    },
    "6": {
      "train_loss": 1.0353623065166175,
      "train_loss_mean": 1.0384523554705083
    },
    "7": {
      "train_loss": 1.0357439597137272,
      "train_loss_mean": 1.0538145892322064
    },
    "8": {
      "train_loss": 1.0352782844565809,
      "train_loss_mean": 1.0386897285468877
    },
    "9": {
      "train_loss": 1.0358803900890052,
      "train_loss_mean": 1.0519798263907432
    },
    "10": {
      "train_loss": 1.035352386534214,
      "train_loss_mean": 1.0383209119550885
    },
    "11": {
      "train_loss": 1.0357781806960702,
      "train_loss_mean": 1.0532548438757656
    },
    "12": {
      "train_loss": 1.0351325827650726,
      "train_loss_mean": 1.0385225598700345
    },
    "13": {
      "train_loss": 1.035743158776313,
      "train_loss_mean": 1.0532365369610488
    },
    "14": {
      "train_loss": 1.0351138692349195,
      "train_loss_mean": 1.0384977291338147
    },
    "15": {
      "train_loss": 1.0357415894977748,
      "train_loss_mean": 1.0532007624395192
    },
    "16": {
      "train_loss": 1.0351138263940811,
      "train_loss_mean": 1.0384956502355636
    },
    "17": {
      "train_loss": 1.0355394636280835,
      "train_loss_mean": 1.0528468025848268
    },
    "18": {
      "train_loss": 1.035038955975324,
      "train_loss_mean": 1.03891815347597
    },
    "19": {
      "train_loss": 1.0355394654907286,
      "train_loss_mean": 1.0528468006290497
    },
    "20": {
      "train_loss": 1.0350909056141973,
      "train_loss_mean": 1.0388452177867293
    }
  },
  "client_evaluate_metrics": {
    "1": {
      "eval_loss": 30.269801139831543,
      "eval_acc": 0.5498046875
    },
    "2": {
      "eval_loss": 18.460833609104156,
      "eval_acc": 0.1630859375
    },
    "3": {
      "eval_loss": 1.060825290158391,
      "eval_acc": 0.5
    },
    "4": {
      "eval_loss": 1.162427183240652,
      "eval_acc": 0.34765625
    },
    "5": {
      "eval_loss": 1.0638416819274426,
      "eval_acc": 0.5
    },
    "6": {
      "eval_loss": 1.1390141621232033,
      "eval_acc": 0.34765625
    },
    "7": {
      "eval_loss": 1.073975071310997,
      "eval_acc": 0.5
    },
    "8": {
      "eval_loss": 1.124352440237999,
      "eval_acc": 0.34765625
    },
    "9": {
      "eval_loss": 1.0707263741642237,
      "eval_acc": 0.5
    },
    "10": {
      "eval_loss": 1.134246401488781,
      "eval_acc": 0.34765625
    },
    "11": {
      "eval_loss": 1.0740038622170687,
      "eval_acc": 0.5
    },
    "12": {
      "eval_loss": 1.1321590282022953,
      "eval_acc": 0.34765625
    },
    "13": {
      "eval_loss": 1.0736616291105747,
      "eval_acc": 0.5
    },
    "14": {
      "eval_loss": 1.1314691118896008,
      "eval_acc": 0.34765625
    },
    "15": {
      "eval_loss": 1.0735697224736214,
      "eval_acc": 0.5
    },
    "16": {
      "eval_loss": 1.1313709132373333,
      "eval_acc": 0.34765625
    },
    "17": {
      "eval_loss": 1.0775459371507168,
      "eval_acc": 0.5
    },
    "18": {
      "eval_loss": 1.1313709132373333,
      "eval_acc": 0.34765625
    },
    "19": {
      "eval_loss": 1.083063043653965,
      "eval_acc": 0.5
    },
    "20": {
      "eval_loss": 1.1363715827465057,
      "eval_acc": 0.349609375
    }
  },
  "server_evaluate_metrics": {
    "0": {
      "loss": 0.9786169499158859,
      "accuracy": 0.6609375
    },
    "1": {
      "loss": 30.186029624938964,
      "accuracy": 0.5453125
    },
    "2": {
      "loss": 18.708875036239625,
      "accuracy": 0.13125
    },
    "3": {
      "loss": 1.0542940855026246,
      "accuracy": 0.4953125
    },
    "4": {
      "loss": 1.148416242003441,
      "accuracy": 0.359375
    },
    "5": {
      "loss": 1.0565147280693055,
      "accuracy": 0.4953125
    },
    "6": {
      "loss": 1.1276572465896606,
      "accuracy": 0.359375
    },
    "7": {
      "loss": 1.068075281381607,
      "accuracy": 0.4953125
    },
    "8": {
      "loss": 1.1143012642860413,
      "accuracy": 0.359375
    },
    "9": {
      "loss": 1.0653557986021043,
      "accuracy": 0.4953125
    },
    "10": {
      "loss": 1.123308926820755,
      "accuracy": 0.359375
    },
    "11": {
      "loss": 1.0685505896806717,
      "accuracy": 0.4953125
    },
    "12": {
      "loss": 1.1212913185358047,
      "accuracy": 0.359375
    },
    "13": {
      "loss": 1.0683776527643203,
      "accuracy": 0.4953125
    },
    "14": {
      "loss": 1.1206952810287476,
      "accuracy": 0.359375
    },
    "15": {
      "loss": 1.0682764142751693,
      "accuracy": 0.4953125
    },
    "16": {
      "loss": 1.1205960810184479,
      "accuracy": 0.359375
    },
    "17": {
      "loss": 1.0723516434431075,
      "accuracy": 0.4953125
    },
    "18": {
      "loss": 1.1205960810184479,
      "accuracy": 0.359375
    },
    "19": {
      "loss": 1.0722162246704101,
      "accuracy": 0.4953125
    },
    "20": {
      "loss": 1.1292460322380067,
      "accuracy": 0.35625
    }
  }
}
