{
  "metadata": {
    "run_name": "main__homogeneous__global-dp__fedavg__noise-0.01__seed-46",
    "data_module": "experiments.reproduce.dataset.alzheimer:create_data_module",
    "partition_mode": "homogeneous",
    "partition_profile": "auto",
    "privacy": "global-dp",
    "aggregation": "fedavg",
    "seed": 46,
    "num_clients": 4,
    "rounds": 20,
    "local_epochs": 5,
    "noise_multiplier": 0.01,
    "clipping_norm": 5.0,
    "initialization_pretrained": false,
    "initialization_epochs": 0,
    "initialization_final_loss": null
  },
  "train_metrics": {
    "1": {
      "train_loss": 0.9786382308229804,
      "train_loss_mean": 1.0386670093052088
    },
    "2": {
      "train_loss": 0.9120733761228621,
      "train_loss_mean": 0.987923542689532
    },
    "3": {
      "train_loss": 0.8056305442005396,
      "train_loss_mean": 0.9048907942138613
    },
    "4": {
      "train_loss": 0.6984156670514494,
      "train_loss_mean": 0.8234120426233857
    },
    "5": {
      "train_loss": 0.5253293018322438,
      "train_loss_mean": 0.7021085497923195
    },
    "6": {
      "train_loss": 0.3636010463233106,
      "train_loss_mean": 0.5624706153175794
    },
    "7": {
      "train_loss": 0.26157663672347553,
      "train_loss_mean": 0.4421281469345558
    },
    "8": {
      "train_loss": 0.2005230195936747,
      "train_loss_mean": 0.33164462554850616
    },
    "9": {
      "train_loss": 0.16019079637771938,
      "train_loss_mean": 0.27110754619061483
    },
    "10": {
      "train_loss": 0.12883303558191983,
      "train_loss_mean": 0.2121774031620589
    },
    "11": {
      "train_loss": 0.09739581082612858,
      "train_loss_mean": 0.1681472642267181
    },
    "12": {
      "train_loss": 0.08201754687615903,
      "train_loss_mean": 0.1432962952851085
    },
    "13": {
      "train_loss": 0.07396728158710175,
      "train_loss_mean": 0.11727451023107277
    },
    "14": {
      "train_loss": 0.06391150214767549,
      "train_loss_mean": 0.10553451842679351
    },
    "15": {
      "train_loss": 0.0871326036285609,
      "train_loss_mean": 0.08905733100000361
    },
    "16": {
      "train_loss": 0.06812667637450431,
      "train_loss_mean": 0.0814162150246375
    },
    "17": {
      "train_loss": 0.05571190232421941,
      "train_loss_mean": 0.07095212253188947
    },
    "18": {
      "train_loss": 0.0375399077856855,
      "train_loss_mean": 0.06145274209998206
    },
    "19": {
      "train_loss": 0.03985123918573663,
      "train_loss_mean": 0.05909190143870546
    },
    "20": {
      "train_loss": 0.04461191103064266,
      "train_loss_mean": 0.05784484623245589
    }
  },
  "client_evaluate_metrics": {
    "1": {
      "eval_loss": 1.2046478241682053,
      "eval_acc": 0.5
    },
    "2": {
      "eval_loss": 1.0853690914809704,
      "eval_acc": 0.509765625
    },
    "3": {
      "eval_loss": 0.9978743847459555,
      "eval_acc": 0.5615234375
    },
    "4": {
      "eval_loss": 0.95078169927001,
      "eval_acc": 0.6064453125
    },
    "5": {
      "eval_loss": 0.868289465084672,
      "eval_acc": 0.61328125
    },
    "6": {
      "eval_loss": 0.7118286229670048,
      "eval_acc": 0.6806640625
    },
    "7": {
      "eval_loss": 0.6033908370882273,
      "eval_acc": 0.744140625
    },
    "8": {
      "eval_loss": 0.4525210950523615,
      "eval_acc": 0.8076171875
    },
    "9": {
      "eval_loss": 0.37326347921043634,
      "eval_acc": 0.8466796875
    },
    "10": {
      "eval_loss": 0.32083516009151936,
      "eval_acc": 0.8642578125
    },
    "11": {
      "eval_loss": 0.28012117999605834,
      "eval_acc": 0.8984375
    },
    "12": {
      "eval_loss": 0.2564779678359628,
      "eval_acc": 0.908203125
    },
    "13": {
      "eval_loss": 0.23212875379249454,
      "eval_acc": 0.9140625
    },
    "14": {
      "eval_loss": 0.2025506377685815,
      "eval_acc": 0.9296875
    },
    "15": {
      "eval_loss": 0.17704737151507288,
      "eval_acc": 0.9296875
    },
    "16": {
      "eval_loss": 0.16502088704146445,
      "eval_acc": 0.9384765625
    },
    "17": {
      "eval_loss": 0.15699111053254455,
      "eval_acc": 0.943359375
    },
    "18": {
      "eval_loss": 0.1398133144248277,
      "eval_acc": 0.95703125
    },
    "19": {
      "eval_loss": 0.12819972418947145,
      "eval_acc": 0.9619140625
    },
    "20": {
      "eval_loss": 0.12304385306197219,
      "eval_acc": 0.95703125
    }
  },
  "server_evaluate_metrics": {
    "0": {
      "loss": 1.395263397693634,
      "accuracy": 0.0109375
    },
    "1": {
      "loss": 1.2023354411125182,
      "accuracy": 0.4953125
    },
    "2": {
      "loss": 1.0809800446033477,
      "accuracy": 0.5015625
    },
    "3": {
      "loss": 0.9927899658679962,
      "accuracy": 0.5625
    },
    "4": {
      "loss": 0.9460058391094208,
      "accuracy": 0.6328125
    },
    "5": {
      "loss": 0.8667617827653885,
      "accuracy": 0.590625
    },
    "6": {
      "loss": 0.7278939783573151,
      "accuracy": 0.6828125
    },
    "7": {
      "loss": 0.6179342269897461,
      "accuracy": 0.753125
    },
    "8": {
      "loss": 0.5017756745219231,
      "accuracy": 0.80625
    },
    "9": {
      "loss": 0.45470778197050093,
      "accuracy": 0.83125
    },
    "10": {
      "loss": 0.4095048137009144,
      "accuracy": 0.85625
    },
    "11": {
      "loss": 0.36746332943439486,
      "accuracy": 0.89375
    },
    "12": {
      "loss": 0.3472992189228535,
      "accuracy": 0.91875
    },
    "13": {
      "loss": 0.3376137839630246,
      "accuracy": 0.9203125
    },
    "14": {
      "loss": 0.3044500630348921,
      "accuracy": 0.9265625
    },
    "15": {
      "loss": 0.2671741146594286,
      "accuracy": 0.928125
    },
    "16": {
      "loss": 0.2464724063873291,
      "accuracy": 0.9359375
    },
    "17": {
      "loss": 0.22384362444281578,
      "accuracy": 0.9515625
    },
    "18": {
      "loss": 0.23760152412578464,
      "accuracy": 0.95625
    },
    "19": {
      "loss": 0.20095273228362204,
      "accuracy": 0.9609375
    },
    "20": {
      "loss": 0.19536505034193397,
      "accuracy": 0.95625
    }
  }
}
