{
  "metadata": {
    "run_name": "main__non-iid__global-dp__fedmedian__noise-0.01__seed-42",
    "data_module": "experiments.reproduce.dataset.alzheimer:create_data_module",
    "partition_mode": "non-iid",
    "partition_profile": "auto",
    "privacy": "global-dp",
    "aggregation": "fedmedian",
    "seed": 42,
    "num_clients": 4,
    "rounds": 20,
    "local_epochs": 5,
    "noise_multiplier": 0.01,
    "clipping_norm": 5.0,
    "initialization_pretrained": false,
    "initialization_epochs": 0,
    "initialization_final_loss": null
  },
  "train_metrics": {
    "1": {
      "train_loss": 0.9576286802247611,
      "train_loss_mean": 1.011622403264337
    },
    "2": {
      "train_loss": 0.933912516339092,
      "train_loss_mean": 0.9855858718731605
    },
    "3": {
      "train_loss": 0.8708947021668867,
      "train_loss_mean": 0.9292879270703605
    },
    "4": {
      "train_loss": 0.7629880270086735,
      "train_loss_mean": 0.8534533509377682
    },
    "5": {
      "train_loss": 0.6105490243749381,
      "train_loss_mean": 0.7646864484739001
    },
    "6": {
      "train_loss": 0.44691531026019776,
      "train_loss_mean": 0.6336394511188712
    },
    "7": {
      "train_loss": 0.3263554840653945,
      "train_loss_mean": 0.5046901727915101
    },
    "8": {
      "train_loss": 0.21101433606149517,
      "train_loss_mean": 0.38368910963928693
    },
    "9": {
      "train_loss": 0.15850461818165004,
      "train_loss_mean": 0.2815185012853635
    },
    "10": {
      "train_loss": 0.12385809141414583,
      "train_loss_mean": 0.21786993228924578
    },
    "11": {
      "train_loss": 0.10094065844519479,
      "train_loss_mean": 0.16616037966417124
    },
    "12": {
      "train_loss": 0.07304852218786868,
      "train_loss_mean": 0.13765351031641881
    },
    "13": {
      "train_loss": 0.07909446487769223,
      "train_loss_mean": 0.11915790086974262
    },
    "14": {
      "train_loss": 0.07503932150277347,
      "train_loss_mean": 0.1012951556650904
    },
    "15": {
      "train_loss": 0.04950086686384382,
      "train_loss_mean": 0.08016898323608956
    },
    "16": {
      "train_loss": 0.053055099263101625,
      "train_loss_mean": 0.075123561395597
    },
    "17": {
      "train_loss": 0.05351326049551865,
      "train_loss_mean": 0.06549999368198334
    },
    "18": {
      "train_loss": 0.048720069846768944,
      "train_loss_mean": 0.060358721984649144
    },
    "19": {
      "train_loss": 0.04481923361733131,
      "train_loss_mean": 0.05205580880504322
    },
    "20": {
      "train_loss": 0.03753741613055093,
      "train_loss_mean": 0.048574097690404064
    }
  },
  "client_evaluate_metrics": {
    "1": {
      "eval_loss": 1.1879473587690503,
      "eval_acc": 0.5477582846003899
    },
    "2": {
      "eval_loss": 1.0907349577191745,
      "eval_acc": 0.5545808966861598
    },
    "3": {
      "eval_loss": 0.964385854802866,
      "eval_acc": 0.5594541910331384
    },
    "4": {
      "eval_loss": 0.8813192045014737,
      "eval_acc": 0.587719298245614
    },
    "5": {
      "eval_loss": 0.8313651842448214,
      "eval_acc": 0.6033138401559455
    },
    "6": {
      "eval_loss": 0.7744304283320554,
      "eval_acc": 0.6276803118908382
    },
    "7": {
      "eval_loss": 0.6252659975204319,
      "eval_acc": 0.7163742690058479
    },
    "8": {
      "eval_loss": 0.494649191232685,
      "eval_acc": 0.7787524366471734
    },
    "9": {
      "eval_loss": 0.432054537081579,
      "eval_acc": 0.8128654970760234
    },
    "10": {
      "eval_loss": 0.36114637254506754,
      "eval_acc": 0.8528265107212476
    },
    "11": {
      "eval_loss": 0.33655180185161837,
      "eval_acc": 0.8781676413255359
    },
    "12": {
      "eval_loss": 0.2716942647831482,
      "eval_acc": 0.9035087719298246
    },
    "13": {
      "eval_loss": 0.26556437226560614,
      "eval_acc": 0.9005847953216374
    },
    "14": {
      "eval_loss": 0.2242315957725745,
      "eval_acc": 0.9278752436647173
    },
    "15": {
      "eval_loss": 0.24470146041051222,
      "eval_acc": 0.9278752436647174
    },
    "16": {
      "eval_loss": 0.21353193872642737,
      "eval_acc": 0.9366471734892787
    },
    "17": {
      "eval_loss": 0.21568279703951948,
      "eval_acc": 0.9376218323586745
    },
    "18": {
      "eval_loss": 0.17869902075836563,
      "eval_acc": 0.9590643274853802
    },
    "19": {
      "eval_loss": 0.20026739855926867,
      "eval_acc": 0.9493177387914231
    },
    "20": {
      "eval_loss": 0.1895136035160483,
      "eval_acc": 0.9502923976608186
    }
  },
  "server_evaluate_metrics": {
    "0": {
      "loss": 1.44056636095047,
      "accuracy": 0.0109375
    },
    "1": {
      "loss": 1.1860523521900177,
      "accuracy": 0.55625
    },
    "2": {
      "loss": 1.0906883776187897,
      "accuracy": 0.5328125
    },
    "3": {
      "loss": 0.9722670674324035,
      "accuracy": 0.5328125
    },
    "4": {
      "loss": 0.8940191864967346,
      "accuracy": 0.5671875
    },
    "5": {
      "loss": 0.8476152211427689,
      "accuracy": 0.6046875
    },
    "6": {
      "loss": 0.7797682523727417,
      "accuracy": 0.6578125
    },
    "7": {
      "loss": 0.6240483924746514,
      "accuracy": 0.74375
    },
    "8": {
      "loss": 0.5251842245459557,
      "accuracy": 0.8
    },
    "9": {
      "loss": 0.44121781513094904,
      "accuracy": 0.828125
    },
    "10": {
      "loss": 0.40003171637654306,
      "accuracy": 0.85625
    },
    "11": {
      "loss": 0.3864100031554699,
      "accuracy": 0.8703125
    },
    "12": {
      "loss": 0.34200749583542345,
      "accuracy": 0.9
    },
    "13": {
      "loss": 0.3266243226826191,
      "accuracy": 0.8953125
    },
    "14": {
      "loss": 0.2757677504792809,
      "accuracy": 0.925
    },
    "15": {
      "loss": 0.3086112715303898,
      "accuracy": 0.925
    },
    "16": {
      "loss": 0.2820676684379578,
      "accuracy": 0.928125
    },
    "17": {
      "loss": 0.2956097688525915,
      "accuracy": 0.9265625
    },
    "18": {
      "loss": 0.24934639246203005,
      "accuracy": 0.946875
    },
    "19": {
      "loss": 0.25416149739176036,
      "accuracy": 0.94375
    },
    "20": {
      "loss": 0.26192952767014505,
      "accuracy": 0.9453125
    }
  }
}
