{
  "metadata": {
    "run_name": "main__homogeneous__global-dp__fedopt__noise-0.01__seed-44",
    "data_module": "experiments.reproduce.dataset.alzheimer:create_data_module",
    "partition_mode": "homogeneous",
    "partition_profile": "auto",
    "privacy": "global-dp",
    "aggregation": "fedopt",
    "seed": 44,
    "num_clients": 4,
    "rounds": 20,
    "local_epochs": 5,
    "noise_multiplier": 0.01,
    "clipping_norm": 5.0,
    "initialization_pretrained": true,
    "initialization_epochs": 20,
    "initialization_final_loss": 0.511180292069912
  },
  "train_metrics": {
    "1": {
      "train_loss": 0.5570908219087869,
      "train_loss_mean": 0.6916621252894402
    },
    "2": {
      "train_loss": 0.8216825043782592,
      "train_loss_mean": 4.898544887360186
    },
    "3": {
      "train_loss": 1.1563618062064052,
      "train_loss_mean": 29.593540919944644
    },
    "4": {
      "train_loss": 1.0634706122800708,
      "train_loss_mean": 1.1262670893222095
    },
    "5": {
      "train_loss": 1.0387676525861025,
      "train_loss_mean": 1.0425731068477035
    },
    "6": {
      "train_loss": 1.0356547385454178,
      "train_loss_mean": 1.0711609426885844
    },
    "7": {
      "train_loss": 1.0367808951996267,
      "train_loss_mean": 1.0519682699814439
    },
    "8": {
      "train_loss": 1.0369162019342184,
      "train_loss_mean": 5.796256825234741
    },
    "9": {
      "train_loss": 1.0365462326444685,
      "train_loss_mean": 1.0409325155429543
    },
    "10": {
      "train_loss": 1.0365221123211086,
      "train_loss_mean": 1.0430181299336254
    },
    "11": {
      "train_loss": 1.0359487850219011,
      "train_loss_mean": 1.0389054493047296
    },
    "12": {
      "train_loss": 1.0363973332569003,
      "train_loss_mean": 1.050475323200226
    },
    "13": {
      "train_loss": 1.0360068217851222,
      "train_loss_mean": 1.0404529476538302
    },
    "14": {
      "train_loss": 1.0362670472823083,
      "train_loss_mean": 1.0424194015562533
    },
    "15": {
      "train_loss": 1.0358774750493467,
      "train_loss_mean": 1.0392088423483075
    },
    "16": {
      "train_loss": 1.0363221243023872,
      "train_loss_mean": 1.0427137908525765
    },
    "17": {
      "train_loss": 1.0363127696327865,
      "train_loss_mean": 1.0422967308200894
    },
    "18": {
      "train_loss": 1.036712029017508,
      "train_loss_mean": 1.0424711935222148
    },
    "19": {
      "train_loss": 1.0365889552049339,
      "train_loss_mean": 1.0419467966072262
    },
    "20": {
      "train_loss": 1.036495584063232,
      "train_loss_mean": 1.0412237979471684
    }
  },
  "client_evaluate_metrics": {
    "1": {
      "eval_loss": 41.81649851799011,
      "eval_acc": 0.505859375
    },
    "2": {
      "eval_loss": 56.973451018333435,
      "eval_acc": 0.34765625
    },
    "3": {
      "eval_loss": 1.1274816505610943,
      "eval_acc": 0.5
    },
    "4": {
      "eval_loss": 1.0564705543220043,
      "eval_acc": 0.5
    },
    "5": {
      "eval_loss": 5.616421207785606,
      "eval_acc": 0.34765625
    },
    "6": {
      "eval_loss": 2.2393331937491894,
      "eval_acc": 0.25
    },
    "7": {
      "eval_loss": 43.66827392578125,
      "eval_acc": 0.5
    },
    "8": {
      "eval_loss": 1.0667930506169796,
      "eval_acc": 0.5
    },
    "9": {
      "eval_loss": 1.076748251914978,
      "eval_acc": 0.5
    },
    "10": {
      "eval_loss": 1.0597324781119823,
      "eval_acc": 0.5
    },
    "11": {
      "eval_loss": 2.6657454818487167,
      "eval_acc": 0.4970703125
    },
    "12": {
      "eval_loss": 1.0696241203695536,
      "eval_acc": 0.5
    },
    "13": {
      "eval_loss": 1.0742472223937511,
      "eval_acc": 0.5
    },
    "14": {
      "eval_loss": 1.0649978406727314,
      "eval_acc": 0.5
    },
    "15": {
      "eval_loss": 1.0786463897675276,
      "eval_acc": 0.5
    },
    "16": {
      "eval_loss": 1.0795173682272434,
      "eval_acc": 0.5
    },
    "17": {
      "eval_loss": 1.0752732809633017,
      "eval_acc": 0.5
    },
    "18": {
      "eval_loss": 1.0763361901044846,
      "eval_acc": 0.5
    },
    "19": {
      "eval_loss": 1.0721830017864704,
      "eval_acc": 0.5
    },
    "20": {
      "eval_loss": 1.0816908180713654,
      "eval_acc": 0.5
    }
  },
  "server_evaluate_metrics": {
    "0": {
      "loss": 0.928784093260765,
      "accuracy": 0.603125
    },
    "1": {
      "loss": 41.86820154190063,
      "accuracy": 0.4953125
    },
    "2": {
      "loss": 55.94997577667236,
      "accuracy": 0.359375
    },
    "3": {
      "loss": 1.1359968155622482,
      "accuracy": 0.4953125
    },
    "4": {
      "loss": 1.0501228630542756,
      "accuracy": 0.4953125
    },
    "5": {
      "loss": 5.445394539833069,
      "accuracy": 0.359375
    },
    "6": {
      "loss": 2.357044333219528,
      "accuracy": 0.1953125
    },
    "7": {
      "loss": 44.07766399383545,
      "accuracy": 0.4953125
    },
    "8": {
      "loss": 1.063547995686531,
      "accuracy": 0.4953125
    },
    "9": {
      "loss": 1.0630803763866425,
      "accuracy": 0.4953125
    },
    "10": {
      "loss": 1.0556043297052384,
      "accuracy": 0.4953125
    },
    "11": {
      "loss": 2.5683454513549804,
      "accuracy": 0.4984375
    },
    "12": {
      "loss": 1.066161686182022,
      "accuracy": 0.4953125
    },
    "13": {
      "loss": 1.061393365263939,
      "accuracy": 0.4953125
    },
    "14": {
      "loss": 1.0611974120140075,
      "accuracy": 0.4953125
    },
    "15": {
      "loss": 1.0655634820461273,
      "accuracy": 0.4953125
    },
    "16": {
      "loss": 1.0763786673545837,
      "accuracy": 0.4953125
    },
    "17": {
      "loss": 1.0618392080068588,
      "accuracy": 0.4953125
    },
    "18": {
      "loss": 1.072885948419571,
      "accuracy": 0.4953125
    },
    "19": {
      "loss": 1.05939362347126,
      "accuracy": 0.4953125
    },
    "20": {
      "loss": 1.0783747553825378,
      "accuracy": 0.4953125
    }
  }
}
