{
  "metadata": {
    "run_name": "main__homogeneous__metric-privacy__fedavgm__noise-0.01__seed-42",
    "data_module": "experiments.reproduce.dataset.alzheimer:create_data_module",
    "partition_mode": "homogeneous",
    "partition_profile": "auto",
    "privacy": "metric-privacy",
    "aggregation": "fedavgm",
    "seed": 42,
    "num_clients": 4,
    "rounds": 20,
    "local_epochs": 5,
    "noise_multiplier": 0.01,
    "clipping_norm": 5.0,
    "initialization_pretrained": true,
    "initialization_epochs": 20,
    "initialization_final_loss": 0.5644775122404099
  },
  "train_metrics": {
    "1": {
      "train_loss": 0.5706835122546181,
      "train_loss_mean": 0.7068809557473288,
      "metric-dp-distance": 1.3788942176227768,
      "metric-dp-noise-stdv": 0.009065234910876694
    },
    "2": {
      "train_loss": 0.5879772875923663,
      "train_loss_mean": 0.7053803370799869,
      "metric-dp-distance": 1.3496849172127743,
      "metric-dp-noise-stdv": 0.009261420825398027
    },
    "3": {
      "train_loss": 0.5422751400619745,
      "train_loss_mean": 0.6835161916911603,
      "metric-dp-distance": 1.39845108302931,
      "metric-dp-noise-stdv": 0.008938460666727528
    },
    "4": {
      "train_loss": 0.5250560056883842,
      "train_loss_mean": 0.6635808206629008,
      "metric-dp-distance": 1.4115532160115738,
      "metric-dp-noise-stdv": 0.00885549326671472
    },
    "5": {
      "train_loss": 0.48429028154350817,
      "train_loss_mean": 0.640466557117179,
      "metric-dp-distance": 1.4162321622328211,
      "metric-dp-noise-stdv": 0.008826236498041814
    },
    "6": {
      "train_loss": 0.4616615001577884,
      "train_loss_mean": 0.6171864206437021,
      "metric-dp-distance": 1.4202714473940432,
      "metric-dp-noise-stdv": 0.008801134475339468
    },
    "7": {
      "train_loss": 0.42589924461208284,
      "train_loss_mean": 0.5826770890736952,
      "metric-dp-distance": 1.3929122985961537,
      "metric-dp-noise-stdv": 0.008974003612860711
    },
    "8": {
      "train_loss": 0.38335279177408665,
      "train_loss_mean": 0.5536902487045154,
      "metric-dp-distance": 1.4014631945174187,
      "metric-dp-noise-stdv": 0.00891924957351753
    },
    "9": {
      "train_loss": 0.3583071354078129,
      "train_loss_mean": 0.5285511501599103,
      "metric-dp-distance": 1.3891536492543917,
      "metric-dp-noise-stdv": 0.008998284679818676
    },
    "10": {
      "train_loss": 0.3242702901479788,
      "train_loss_mean": 0.4966145017300732,
      "metric-dp-distance": 1.415338158685093,
      "metric-dp-noise-stdv": 0.00883181162275241
    },
    "11": {
      "train_loss": 0.28858320496510714,
      "train_loss_mean": 0.4754076400306076,
      "metric-dp-distance": 1.3884661619085819,
      "metric-dp-noise-stdv": 0.00900274010482008
    },
    "12": {
      "train_loss": 0.27873070404166356,
      "train_loss_mean": 0.4587750357226469,
      "metric-dp-distance": 1.3799023098157097,
      "metric-dp-noise-stdv": 0.009058612273552476
    },
    "13": {
      "train_loss": 0.24524572206428275,
      "train_loss_mean": 0.42236493127420544,
      "metric-dp-distance": 1.3953417588490993,
      "metric-dp-noise-stdv": 0.008958378777619474
    },
    "14": {
      "train_loss": 0.24262861630995758,
      "train_loss_mean": 0.41610998903051954,
      "metric-dp-distance": 1.3501523384669174,
      "metric-dp-noise-stdv": 0.009258214531697666
    },
    "15": {
      "train_loss": 0.21131191778113134,
      "train_loss_mean": 0.38431553090340453,
      "metric-dp-distance": 1.3709520651803662,
      "metric-dp-noise-stdv": 0.009117751318573977
    },
    "16": {
      "train_loss": 0.20185668641352095,
      "train_loss_mean": 0.36253542223130353,
      "metric-dp-distance": 1.335415434713165,
      "metric-dp-noise-stdv": 0.009360383050151645
    },
    "17": {
      "train_loss": 0.19139508507214487,
      "train_loss_mean": 0.33842598826740866,
      "metric-dp-distance": 1.306333746605863,
      "metric-dp-noise-stdv": 0.009568764515559441
    },
    "18": {
      "train_loss": 0.17393282512784936,
      "train_loss_mean": 0.3183964474941604,
      "metric-dp-distance": 1.2766594404044251,
      "metric-dp-noise-stdv": 0.009791178135995454
    },
    "19": {
      "train_loss": 0.1728885616757907,
      "train_loss_mean": 0.3027550674509257,
      "metric-dp-distance": 1.2352335487958044,
      "metric-dp-noise-stdv": 0.010119543799782568
    },
    "20": {
      "train_loss": 0.15455237514106557,
      "train_loss_mean": 0.2807710869354196,
      "metric-dp-distance": 1.2228020534384996,
      "metric-dp-noise-stdv": 0.010222423134513228
    }
  },
  "client_evaluate_metrics": {
    "1": {
      "eval_loss": 0.8201306872069836,
      "eval_acc": 0.6279296875
    },
    "2": {
      "eval_loss": 0.8081208039075136,
      "eval_acc": 0.630859375
    },
    "3": {
      "eval_loss": 0.790735550224781,
      "eval_acc": 0.6474609375
    },
    "4": {
      "eval_loss": 0.7759334892034531,
      "eval_acc": 0.6474609375
    },
    "5": {
      "eval_loss": 0.7610144633799791,
      "eval_acc": 0.6513671875
    },
    "6": {
      "eval_loss": 0.75289704836905,
      "eval_acc": 0.6591796875
    },
    "7": {
      "eval_loss": 0.7262761108577251,
      "eval_acc": 0.6787109375
    },
    "8": {
      "eval_loss": 0.7136311288923025,
      "eval_acc": 0.685546875
    },
    "9": {
      "eval_loss": 0.7018471416085958,
      "eval_acc": 0.6826171875
    },
    "10": {
      "eval_loss": 0.6840512845665216,
      "eval_acc": 0.6943359375
    },
    "11": {
      "eval_loss": 0.6794295907020569,
      "eval_acc": 0.6943359375
    },
    "12": {
      "eval_loss": 0.647131085395813,
      "eval_acc": 0.708984375
    },
    "13": {
      "eval_loss": 0.6531095746904612,
      "eval_acc": 0.712890625
    },
    "14": {
      "eval_loss": 0.6374598760157824,
      "eval_acc": 0.7236328125
    },
    "15": {
      "eval_loss": 0.6019795490428805,
      "eval_acc": 0.728515625
    },
    "16": {
      "eval_loss": 0.5975632164627314,
      "eval_acc": 0.7451171875
    },
    "17": {
      "eval_loss": 0.5752251539379358,
      "eval_acc": 0.7568359375
    },
    "18": {
      "eval_loss": 0.5302299130707979,
      "eval_acc": 0.7705078125
    },
    "19": {
      "eval_loss": 0.5400414261966944,
      "eval_acc": 0.76171875
    },
    "20": {
      "eval_loss": 0.5062223235145211,
      "eval_acc": 0.794921875
    }
  },
  "server_evaluate_metrics": {
    "0": {
      "loss": 0.8359345763921737,
      "accuracy": 0.6203125
    },
    "1": {
      "loss": 0.822329306602478,
      "accuracy": 0.63125
    },
    "2": {
      "loss": 0.8125940263271332,
      "accuracy": 0.6359375
    },
    "3": {
      "loss": 0.7952262222766876,
      "accuracy": 0.6359375
    },
    "4": {
      "loss": 0.7828833401203156,
      "accuracy": 0.6359375
    },
    "5": {
      "loss": 0.7618711680173874,
      "accuracy": 0.6515625
    },
    "6": {
      "loss": 0.746230748295784,
      "accuracy": 0.6546875
    },
    "7": {
      "loss": 0.7263135582208633,
      "accuracy": 0.671875
    },
    "8": {
      "loss": 0.7129380166530609,
      "accuracy": 0.6734375
    },
    "9": {
      "loss": 0.706301698088646,
      "accuracy": 0.678125
    },
    "10": {
      "loss": 0.6915654703974724,
      "accuracy": 0.6703125
    },
    "11": {
      "loss": 0.6729328036308289,
      "accuracy": 0.690625
    },
    "12": {
      "loss": 0.653229370713234,
      "accuracy": 0.7015625
    },
    "13": {
      "loss": 0.6413385406136513,
      "accuracy": 0.70625
    },
    "14": {
      "loss": 0.6312903344631196,
      "accuracy": 0.7140625
    },
    "15": {
      "loss": 0.6022612944245338,
      "accuracy": 0.734375
    },
    "16": {
      "loss": 0.598525908589363,
      "accuracy": 0.73125
    },
    "17": {
      "loss": 0.5748013228178024,
      "accuracy": 0.75625
    },
    "18": {
      "loss": 0.5406015902757645,
      "accuracy": 0.7703125
    },