{
  "metadata": {
    "run_name": "main__homogeneous__global-dp__fedprox__noise-0.01__seed-46",
    "data_module": "experiments.reproduce.dataset.alzheimer:create_data_module",
    "partition_mode": "homogeneous",
    "partition_profile": "auto",
    "privacy": "global-dp",
    "aggregation": "fedprox",
    "seed": 46,
    "num_clients": 4,
    "rounds": 20,
    "local_epochs": 5,
    "noise_multiplier": 0.01,
    "clipping_norm": 5.0,
    "initialization_pretrained": false,
    "initialization_epochs": 0,
    "initialization_final_loss": null
  },
  "train_metrics": {
    "1": {
      "train_loss": 1.181711621582508,
      "train_loss_mean": 1.234706657472998
    },
    "2": {
      "train_loss": 1.0991128687746823,
      "train_loss_mean": 1.1256758285686375
    },
    "3": {
      "train_loss": 1.0970407500863075,
      "train_loss_mean": 1.1189325580373406
    },
    "4": {
      "train_loss": 1.0862790830433369,
      "train_loss_mean": 1.1029759607277811
    },
    "5": {
      "train_loss": 1.079108760226518,
      "train_loss_mean": 1.10067666368559
    },
    "6": {
      "train_loss": 1.074858171865344,
      "train_loss_mean": 1.0932361184619368
    },
    "7": {
      "train_loss": 1.071675583254546,
      "train_loss_mean": 1.0877693549729883
    },
    "8": {
      "train_loss": 1.078734340146184,
      "train_loss_mean": 1.0877017827704547
    },
    "9": {
      "train_loss": 1.0659468309022486,
      "train_loss_mean": 1.0814712869003416
    },
    "10": {
      "train_loss": 1.0564476042054594,
      "train_loss_mean": 1.0733573428355159
    },
    "11": {
      "train_loss": 1.0538708185777068,
      "train_loss_mean": 1.0712907848879696
    },
    "12": {
      "train_loss": 1.040680245961994,
      "train_loss_mean": 1.0607826808467506
    },
    "13": {
      "train_loss": 1.0234385086223483,
      "train_loss_mean": 1.04796154955402
    },
    "14": {
      "train_loss": 1.0224863411858678,
      "train_loss_mean": 1.0490969654172657
    },
    "15": {
      "train_loss": 1.0133322984911501,
      "train_loss_mean": 1.0366784407757224
    },
    "16": {
      "train_loss": 1.0041923755779862,
      "train_loss_mean": 1.0335981308482587
    },
    "17": {
      "train_loss": 0.9965040921233594,
      "train_loss_mean": 1.0237127796746788
    },
    "18": {
      "train_loss": 0.9907829281874001,
      "train_loss_mean": 1.0052790712565183
    },
    "19": {
      "train_loss": 0.9742694986052811,
      "train_loss_mean": 1.0045462299138306
    },
    "20": {
      "train_loss": 0.9705680441111326,
      "train_loss_mean": 1.0017685794271527
    }
  },
  "client_evaluate_metrics": {
    "1": {
      "eval_loss": 1.0614210329949856,
      "eval_acc": 0.5
    },
    "2": {
      "eval_loss": 1.0423625763505697,
      "eval_acc": 0.5
    },
    "3": {
      "eval_loss": 1.0356996525079012,
      "eval_acc": 0.5
    },
    "4": {
      "eval_loss": 1.0267351139336824,
      "eval_acc": 0.5
    },
    "5": {
      "eval_loss": 1.0307546574622393,
      "eval_acc": 0.5
    },
    "6": {
      "eval_loss": 1.0261240135878325,
      "eval_acc": 0.5
    },
    "7": {
      "eval_loss": 1.0350789297372103,
      "eval_acc": 0.5068359375
    },
    "8": {
      "eval_loss": 1.0129337422549725,
      "eval_acc": 0.51171875
    },
    "9": {
      "eval_loss": 1.0134161375463009,
      "eval_acc": 0.513671875
    },
    "10": {
      "eval_loss": 1.012282833456993,
      "eval_acc": 0.5009765625
    },
    "11": {
      "eval_loss": 0.9724271688610315,
      "eval_acc": 0.5283203125
    },
    "12": {
      "eval_loss": 0.9686903953552246,
      "eval_acc": 0.5361328125
    },
    "13": {
      "eval_loss": 0.9370934925973415,
      "eval_acc": 0.54296875
    },
    "14": {
      "eval_loss": 0.9549267943948507,
      "eval_acc": 0.5419921875
    },
    "15": {
      "eval_loss": 0.9228705614805222,
      "eval_acc": 0.5400390625
    },
    "16": {
      "eval_loss": 0.9204696770757437,
      "eval_acc": 0.5380859375
    },
    "17": {
      "eval_loss": 0.9396057538688183,
      "eval_acc": 0.541015625
    },
    "18": {
      "eval_loss": 0.9002923350781202,
      "eval_acc": 0.5498046875
    },
    "19": {
      "eval_loss": 0.9022701419889927,
      "eval_acc": 0.5517578125
    },
    "20": {
      "eval_loss": 0.8997911550104618,
      "eval_acc": 0.564453125
    }
  },
  "server_evaluate_metrics": {
    "0": {
      "loss": 1.395263397693634,
      "accuracy": 0.0109375
    },
    "1": {
      "loss": 1.0539565801620483,
      "accuracy": 0.4953125
    },
    "2": {
      "loss": 1.0358364850282669,
      "accuracy": 0.4953125
    },
    "3": {
      "loss": 1.0276239901781081,
      "accuracy": 0.4953125
    },
    "4": {
      "loss": 1.0163895934820175,
      "accuracy": 0.4953125
    },
    "5": {
      "loss": 1.02204669713974,
      "accuracy": 0.4953125
    },
    "6": {
      "loss": 1.0182418555021286,
      "accuracy": 0.4953125
    },
    "7": {
      "loss": 1.025426623225212,
      "accuracy": 0.4984375
    },
    "8": {
      "loss": 1.0047358095645904,
      "accuracy": 0.4984375
    },
    "9": {
      "loss": 1.005251058936119,
      "accuracy": 0.5171875
    },
    "10": {
      "loss": 0.9994333982467651,
      "accuracy": 0.5390625
    },
    "11": {
      "loss": 0.9616480022668839,
      "accuracy": 0.5453125
    },
    "12": {
      "loss": 0.9603004634380341,
      "accuracy": 0.534375
    },
    "13": {
      "loss": 0.9319132983684539,
      "accuracy": 0.5421875
    },
    "14": {
      "loss": 0.9434880673885345,
      "accuracy": 0.5640625
    },
    "15": {
      "loss": 0.9176228851079941,
      "accuracy": 0.5453125
    },
    "16": {
      "loss": 0.924998939037323,
      "accuracy": 0.5375
    },
    "17": {
      "loss": 0.9278585642576218,
      "accuracy": 0.55
    },
    "18": {
      "loss": 0.9047462254762649,
      "accuracy": 0.5390625
    },
    "19": {
      "loss": 0.8955359548330307,
      "accuracy": 0.553125
    },
    "20": {
      "loss": 0.8950436502695084,
      "accuracy": 0.5609375
    }
  }
}
