{
  "metadata": {
    "run_name": "main__homogeneous__metric-privacy__fedavgm__noise-0.01__seed-46",
    "data_module": "experiments.reproduce.dataset.alzheimer:create_data_module",
    "partition_mode": "homogeneous",
    "partition_profile": "auto",
    "privacy": "metric-privacy",
    "aggregation": "fedavgm",
    "seed": 46,
    "num_clients": 4,
    "rounds": 20,
    "local_epochs": 5,
    "noise_multiplier": 0.01,
    "clipping_norm": 5.0,
    "initialization_pretrained": true,
    "initialization_epochs": 20,
    "initialization_final_loss": 0.2960405141115189
  },
  "train_metrics": {
    "1": {
      "train_loss": 0.48316165967844427,
      "train_loss_mean": 0.6646675758529454,
      "metric-dp-distance": 1.5989287303139765,
      "metric-dp-noise-stdv": 0.007817734313614726
    },
    "2": {
      "train_loss": 0.47323195240460336,
      "train_loss_mean": 0.6562088350765407,
      "metric-dp-distance": 1.6573779069197674,
      "metric-dp-noise-stdv": 0.007542033683332498
    },
    "3": {
      "train_loss": 0.4504309061449021,
      "train_loss_mean": 0.6328057447914034,
      "metric-dp-distance": 1.5612507645661633,
      "metric-dp-noise-stdv": 0.008006401203251594
    },
    "4": {
      "train_loss": 0.41016973718069494,
      "train_loss_mean": 0.6081479209708051,
      "metric-dp-distance": 1.6090364333552618,
      "metric-dp-noise-stdv": 0.0077686245885273284
    },
    "5": {
      "train_loss": 0.3813105884473771,
      "train_loss_mean": 0.5761171440593897,
      "metric-dp-distance": 1.5847762530514349,
      "metric-dp-noise-stdv": 0.00788754877916151
    },
    "6": {
      "train_loss": 0.3654199738521129,
      "train_loss_mean": 0.563080581324175,
      "metric-dp-distance": 1.5446741521979372,
      "metric-dp-noise-stdv": 0.008092321595602274
    },
    "7": {
      "train_loss": 0.33980119100306183,
      "train_loss_mean": 0.5300882461713627,
      "metric-dp-distance": 1.5435595074668527,
      "metric-dp-noise-stdv": 0.008098165272885299
    },
    "8": {
      "train_loss": 0.31900746503379196,
      "train_loss_mean": 0.5121937386924401,
      "metric-dp-distance": 1.469732765185957,
      "metric-dp-noise-stdv": 0.008504947495280508
    },
    "9": {
      "train_loss": 0.2980403222027235,
      "train_loss_mean": 0.4894566692993976,
      "metric-dp-distance": 1.4782579135304939,
      "metric-dp-noise-stdv": 0.00845589926195389
    },
    "10": {
      "train_loss": 0.26957085070898756,
      "train_loss_mean": 0.4567274644854478,
      "metric-dp-distance": 1.4517989294448246,
      "metric-dp-noise-stdv": 0.0086100077266072
    },
    "11": {
      "train_loss": 0.2512951093376614,
      "train_loss_mean": 0.4398230732302182,
      "metric-dp-distance": 1.4202535432608177,
      "metric-dp-noise-stdv": 0.008801245425025129
    },
    "12": {
      "train_loss": 0.21221019426593557,
      "train_loss_mean": 0.40967543807346374,
      "metric-dp-distance": 1.3684495832615842,
      "metric-dp-noise-stdv": 0.00913442493818976
    },
    "13": {
      "train_loss": 0.20818484289338812,
      "train_loss_mean": 0.3863120097666979,
      "metric-dp-distance": 1.398774391117816,
      "metric-dp-noise-stdv": 0.008936394660478988
    },
    "14": {
      "train_loss": 0.19729124029981904,
      "train_loss_mean": 0.3593993098998908,
      "metric-dp-distance": 1.3869627614039928,
      "metric-dp-noise-stdv": 0.009012498639362543
    },
    "15": {
      "train_loss": 0.18179635520209558,
      "train_loss_mean": 0.3476159923069645,
      "metric-dp-distance": 1.3511948011194665,
      "metric-dp-noise-stdv": 0.00925107171049188
    },
    "16": {
      "train_loss": 0.15948006947292015,
      "train_loss_mean": 0.3207437498611398,
      "metric-dp-distance": 1.2970257263320188,
      "metric-dp-noise-stdv": 0.009637434128118589
    },
    "17": {
      "train_loss": 0.16143734921934083,
      "train_loss_mean": 0.30136809404357334,
      "metric-dp-distance": 1.3182057440280914,
      "metric-dp-noise-stdv": 0.009482586505656754
    },
    "18": {
      "train_loss": 0.13831826162640937,
      "train_loss_mean": 0.28337981753866187,
      "metric-dp-distance": 1.2870168168252956,
      "metric-dp-noise-stdv": 0.009712382803850181
    },
    "19": {
      "train_loss": 0.137281544477446,
      "train_loss_mean": 0.26314595742733216,
      "metric-dp-distance": 1.276212572818622,
      "metric-dp-noise-stdv": 0.009794606530472198
    },
    "20": {
      "train_loss": 0.1274626359663671,
      "train_loss_mean": 0.24667599435779264,
      "metric-dp-distance": 1.2268722051133711,
      "metric-dp-noise-stdv": 0.010188510219648278
    }
  },
  "client_evaluate_metrics": {
    "1": {
      "eval_loss": 1.0642299894243479,
      "eval_acc": 0.6572265625
    },
    "2": {
      "eval_loss": 1.0013666693121195,
      "eval_acc": 0.6689453125
    },
    "3": {
      "eval_loss": 0.9632534291595221,
      "eval_acc": 0.6708984375
    },
    "4": {
      "eval_loss": 0.8962591458112001,
      "eval_acc": 0.681640625
    },
    "5": {
      "eval_loss": 0.8590392060577869,
      "eval_acc": 0.6845703125
    },
    "6": {
      "eval_loss": 0.809534003958106,
      "eval_acc": 0.6982421875
    },
    "7": {
      "eval_loss": 0.7929230788722634,
      "eval_acc": 0.708984375
    },
    "8": {
      "eval_loss": 0.7644671928137541,
      "eval_acc": 0.708984375
    },
    "9": {
      "eval_loss": 0.7363028340041637,
      "eval_acc": 0.7158203125
    },
    "10": {
      "eval_loss": 0.7086711684241891,
      "eval_acc": 0.7294921875
    },
    "11": {
      "eval_loss": 0.6865985253825784,
      "eval_acc": 0.734375
    },
    "12": {
      "eval_loss": 0.6690318007022142,
      "eval_acc": 0.734375
    },
    "13": {
      "eval_loss": 0.6448827423155308,
      "eval_acc": 0.74609375
    },
    "14": {
      "eval_loss": 0.6255649039521813,
      "eval_acc": 0.7421875
    },
    "15": {
      "eval_loss": 0.60919966455549,
      "eval_acc": 0.7568359375
    },
    "16": {
      "eval_loss": 0.5961477505043149,
      "eval_acc": 0.7607421875
    },
    "17": {
      "eval_loss": 0.573188497684896,
      "eval_acc": 0.7646484375
    },
    "18": {
      "eval_loss": 0.5414447002112865,
      "eval_acc": 0.7724609375
    },
    "19": {
      "eval_loss": 0.522657142020762,
      "eval_acc": 0.7841796875
    },
    "20": {
      "eval_loss": 0.5164405656978488,
      "eval_acc": 0.7880859375
    }
  },
  "server_evaluate_metrics": {
    "0": {
      "loss": 1.0957983806729317,
      "accuracy": 0.66875
    },
    "1": {
      "loss": 1.0555071070790292,
      "accuracy": 0.6671875
    },
    "2": {
      "loss": 0.9828686282038689,
      "accuracy": 0.665625
    },
    "3": {
      "loss": 0.9358254492282867,
      "accuracy": 0.6796875
    },
    "4": {
      "loss": 0.8607902854681015,
      "accuracy": 0.684375
    },
    "5": {
      "loss": 0.84340068846941,
      "accuracy": 0.6828125
    },
    "6": {
      "loss": 0.7763635769486428,
      "accuracy": 0.7078125
    },
    "7": {
      "loss": 0.7573930621147156,
      "accuracy": 0.703125
    },
    "8": {
      "loss": 0.7401306137442589,
      "accuracy": 0.71875
    },
    "9": {
      "loss": 0.6954618841409683,
      "accuracy": 0.73125
    },
    "10": {
      "loss": 0.6783658295869828,
      "accuracy": 0.7234375
    },
    "11": {
      "loss": 0.6583502978086472,
      "accuracy": 0.7265625
    },
    "12": {
      "loss": 0.632190877199173,
      "accuracy": 0.74375
    },
    "13": {
      "loss": 0.6038695871829987,
      "accuracy": 0.753125
    },
    "14": {
      "loss": 0.5869289964437485,
      "accuracy": 0.75
    },
    "15": {
      "loss": 0.5676389828324317,
      "accuracy": 0.7640625
    },
    "16": {
      "loss": 0.5460835590958595,
      "accuracy": 0.775
    },
    "17": {
      "loss": 0.510602505505085,
      "accuracy": 0.7859375
    },
    "18": {
      "loss": 0.4961470738053322,
      "accuracy": 0.803125
    },