{
  "metadata": {
    "run_name": "main__homogeneous__vanilla__fedavgm__noise-0.01__seed-43",
    "data_module": "experiments.reproduce.dataset.alzheimer:create_data_module",
    "partition_mode": "homogeneous",
    "partition_profile": "auto",
    "privacy": "vanilla",
    "aggregation": "fedavgm",
    "seed": 43,
    "num_clients": 4,
    "rounds": 20,
    "local_epochs": 5,
    "noise_multiplier": 0.01,
    "clipping_norm": 5.0,
    "initialization_pretrained": true,
    "initialization_epochs": 20,
    "initialization_final_loss": 0.33373559936881064
  },
  "train_metrics": {
    "1": {
      "train_loss": 0.5289190793409944,
      "train_loss_mean": 0.7021850162651391
    },
    "2": {
      "train_loss": 0.4875732898944989,
      "train_loss_mean": 0.6626456197118387
    },
    "3": {
      "train_loss": 0.4241622864501551,
      "train_loss_mean": 0.6126677767606452
    },
    "4": {
      "train_loss": 0.37173436861485243,
      "train_loss_mean": 0.5661879381397739
    },
    "5": {
      "train_loss": 0.30900987872155383,
      "train_loss_mean": 0.5110725153353997
    },
    "6": {
      "train_loss": 0.2763898313860409,
      "train_loss_mean": 0.4594501386745833
    },
    "7": {
      "train_loss": 0.2392032232019119,
      "train_loss_mean": 0.4111935286317021
    },
    "8": {
      "train_loss": 0.20016709182527848,
      "train_loss_mean": 0.35905175472726114
    },
    "9": {
      "train_loss": 0.1712792685138993,
      "train_loss_mean": 0.3205230534367729
    },
    "10": {
      "train_loss": 0.1466249960649293,
      "train_loss_mean": 0.2803240594104864
    },
    "11": {
      "train_loss": 0.13468963070772588,
      "train_loss_mean": 0.24724660349311306
    },
    "12": {
      "train_loss": 0.11560123919480247,
      "train_loss_mean": 0.21850442613795165
    },
    "13": {
      "train_loss": 0.12308869891421637,
      "train_loss_mean": 0.19806112257210773
    },
    "14": {
      "train_loss": 0.10202676463813987,
      "train_loss_mean": 0.17615330546541372
    },
    "15": {
      "train_loss": 0.08719424899391015,
      "train_loss_mean": 0.16098324585254886
    },
    "16": {
      "train_loss": 0.08595930034061894,
      "train_loss_mean": 0.14630552562011873
    },
    "17": {
      "train_loss": 0.08229301204664807,
      "train_loss_mean": 0.13585130662650044
    },
    "18": {
      "train_loss": 0.0787943111063214,
      "train_loss_mean": 0.12345822320930894
    },
    "19": {
      "train_loss": 0.07529192628135206,
      "train_loss_mean": 0.1161367542379594
    },
    "20": {
      "train_loss": 0.06504652501826058,
      "train_loss_mean": 0.1055861692628241
    }
  },
  "client_evaluate_metrics": {
    "1": {
      "eval_loss": 1.0607713423669338,
      "eval_acc": 0.6396484375
    },
    "2": {
      "eval_loss": 0.9212300004437566,
      "eval_acc": 0.6533203125
    },
    "3": {
      "eval_loss": 0.8210896868258715,
      "eval_acc": 0.6689453125
    },
    "4": {
      "eval_loss": 0.7465324196964502,
      "eval_acc": 0.6865234375
    },
    "5": {
      "eval_loss": 0.6839700546115637,
      "eval_acc": 0.705078125
    },
    "6": {
      "eval_loss": 0.6322000855579972,
      "eval_acc": 0.724609375
    },
    "7": {
      "eval_loss": 0.5840217787772417,
      "eval_acc": 0.748046875
    },
    "8": {
      "eval_loss": 0.5383875109255314,
      "eval_acc": 0.7724609375
    },
    "9": {
      "eval_loss": 0.4957009954378009,
      "eval_acc": 0.798828125
    },
    "10": {
      "eval_loss": 0.45636327750980854,
      "eval_acc": 0.81640625
    },
    "11": {
      "eval_loss": 0.42108411621302366,
      "eval_acc": 0.8310546875
    },
    "12": {
      "eval_loss": 0.3904751124791801,
      "eval_acc": 0.8466796875
    },
    "13": {
      "eval_loss": 0.3612268418073654,
      "eval_acc": 0.8564453125
    },
    "14": {
      "eval_loss": 0.3333348180167377,
      "eval_acc": 0.875
    },
    "15": {
      "eval_loss": 0.3090756693854928,
      "eval_acc": 0.884765625
    },
    "16": {
      "eval_loss": 0.28546371031552553,
      "eval_acc": 0.8896484375
    },
    "17": {
      "eval_loss": 0.2654417618177831,
      "eval_acc": 0.8984375
    },
    "18": {
      "eval_loss": 0.2494059301679954,
      "eval_acc": 0.91015625
    },
    "19": {
      "eval_loss": 0.23601839237380773,
      "eval_acc": 0.9130859375
    },
    "20": {
      "eval_loss": 0.22440591326449066,
      "eval_acc": 0.91796875
    }
  },
  "server_evaluate_metrics": {
    "0": {
      "loss": 1.183106017112732,
      "accuracy": 0.6078125
    },
    "1": {
      "loss": 1.0423194378614427,
      "accuracy": 0.6265625
    },
    "2": {
      "loss": 0.9082059770822525,
      "accuracy": 0.6515625
    },
    "3": {
      "loss": 0.8124417126178741,
      "accuracy": 0.675
    },
    "4": {
      "loss": 0.7433438152074814,
      "accuracy": 0.6921875
    },
    "5": {
      "loss": 0.6900097757577897,
      "accuracy": 0.715625
    },
    "6": {
      "loss": 0.6454811573028565,
      "accuracy": 0.734375
    },
    "7": {
      "loss": 0.6047198489308357,
      "accuracy": 0.7453125
    },
    "8": {
      "loss": 0.5658726647496224,
      "accuracy": 0.7609375
    },
    "9": {
      "loss": 0.5296804711222649,
      "accuracy": 0.7875
    },
    "10": {
      "loss": 0.49631540924310685,
      "accuracy": 0.80625
    },
    "11": {
      "loss": 0.4671137720346451,
      "accuracy": 0.815625
    },
    "12": {
      "loss": 0.44201947152614596,
      "accuracy": 0.825
    },
    "13": {
      "loss": 0.41952765434980394,
      "accuracy": 0.8375
    },
    "14": {
      "loss": 0.398143557459116,
      "accuracy": 0.8484375
    },
    "15": {
      "loss": 0.379251754283905,
      "accuracy": 0.853125
    },
    "16": {
      "loss": 0.3618052937090397,
      "accuracy": 0.86875
    },
    "17": {
      "loss": 0.34667818546295165,
      "accuracy": 0.878125
    },
    "18": {
      "loss": 0.3332759365439415,
      "accuracy": 0.884375
    },
    "19": {
      "loss": 0.32094994112849234,
      "accuracy": 0.8921875
    },
    "20": {
      "loss": 0.30932481586933136,
      "accuracy": 0.9
    }
  }
}
