{
  "metadata": {
    "run_name": "main__homogeneous__global-dp__fedyogi__noise-0.01__seed-42",
    "data_module": "experiments.reproduce.dataset.alzheimer:create_data_module",
    "partition_mode": "homogeneous",
    "partition_profile": "auto",
    "privacy": "global-dp",
    "aggregation": "fedyogi",
    "seed": 42,
    "num_clients": 4,
    "rounds": 20,
    "local_epochs": 5,
    "noise_multiplier": 0.01,
    "clipping_norm": 5.0,
    "initialization_pretrained": true,
    "initialization_epochs": 20,
    "initialization_final_loss": 0.7282467246055603
  },
  "train_metrics": {
    "1": {
      "train_loss": 0.6524521210230887,
      "train_loss_mean": 0.752673138678074
    },
    "2": {
      "train_loss": 0.5693393077235669,
      "train_loss_mean": 0.693170707160607
    },
    "3": {
      "train_loss": 0.44543550012167543,
      "train_loss_mean": 0.6002599744359032
    },
    "4": {
      "train_loss": 0.3139220878947526,
      "train_loss_mean": 0.46187009862624107
    },
    "5": {
      "train_loss": 0.24432904977584258,
      "train_loss_mean": 0.3521502862218767
    },
    "6": {
      "train_loss": 0.17133471436682157,
      "train_loss_mean": 0.26113442187779584
    },
    "7": {
      "train_loss": 0.1274912310182117,
      "train_loss_mean": 0.21535158544138538
    },
    "8": {
      "train_loss": 0.09331536275567487,
      "train_loss_mean": 0.1773404827050399
    },
    "9": {
      "train_loss": 0.08284043558887788,
      "train_loss_mean": 0.1556574010239274
    },
    "10": {
      "train_loss": 0.08004777432506671,
      "train_loss_mean": 0.11737114855745857
    },
    "11": {
      "train_loss": 0.07157673274059562,
      "train_loss_mean": 0.10045115121929485
    },
    "12": {
      "train_loss": 0.06574132187267878,
      "train_loss_mean": 0.08758492285501235
    },
    "13": {
      "train_loss": 0.056857200891499815,
      "train_loss_mean": 0.07502906436261014
    },
    "14": {
      "train_loss": 0.04392219412596887,
      "train_loss_mean": 0.06040108573756697
    },
    "15": {
      "train_loss": 0.060725150982534615,
      "train_loss_mean": 0.06239044487323327
    },
    "16": {
      "train_loss": 0.04882652992904468,
      "train_loss_mean": 0.04969947076342081
    },
    "17": {
      "train_loss": 0.038709025979850153,
      "train_loss_mean": 0.04533087537014806
    },
    "18": {
      "train_loss": 0.043798950039827034,
      "train_loss_mean": 0.04392694655519236
    },
    "19": {
      "train_loss": 0.04932168313368379,
      "train_loss_mean": 0.03886083088338706
    },
    "20": {
      "train_loss": 0.038606489624882556,
      "train_loss_mean": 0.03733719591727578
    }
  },
  "client_evaluate_metrics": {
    "1": {
      "eval_loss": 0.8088550213724375,
      "eval_acc": 0.6337890625
    },
    "2": {
      "eval_loss": 0.7416952233761549,
      "eval_acc": 0.6630859375
    },
    "3": {
      "eval_loss": 0.6737409867346287,
      "eval_acc": 0.701171875
    },
    "4": {
      "eval_loss": 0.5754818934947252,
      "eval_acc": 0.73828125
    },
    "5": {
      "eval_loss": 0.4804682331159711,
      "eval_acc": 0.783203125
    },
    "6": {
      "eval_loss": 0.6497914707288146,
      "eval_acc": 0.76953125
    },
    "7": {
      "eval_loss": 0.8759525660425425,
      "eval_acc": 0.7744140625
    },
    "8": {
      "eval_loss": 0.8611207511276007,
      "eval_acc": 0.8193359375
    },
    "9": {
      "eval_loss": 0.427980211970862,
      "eval_acc": 0.8955078125
    },
    "10": {
      "eval_loss": 0.6017765493597835,
      "eval_acc": 0.89453125
    },
    "11": {
      "eval_loss": 0.708013019990176,
      "eval_acc": 0.8837890625
    },
    "12": {
      "eval_loss": 0.47186399484053254,
      "eval_acc": 0.91015625
    },
    "13": {
      "eval_loss": 0.310861961756018,
      "eval_acc": 0.9326171875
    },
    "14": {
      "eval_loss": 0.22746305607142858,
      "eval_acc": 0.955078125
    },
    "15": {
      "eval_loss": 0.22472721335361712,
      "eval_acc": 0.9521484375
    },
    "16": {
      "eval_loss": 0.19873046860448085,
      "eval_acc": 0.9638671875
    },
    "17": {
      "eval_loss": 0.22874683521513361,
      "eval_acc": 0.9580078125
    },
    "18": {
      "eval_loss": 0.24101908859302057,
      "eval_acc": 0.9599609375
    },
    "19": {
      "eval_loss": 0.26955555618042126,
      "eval_acc": 0.95703125
    },
    "20": {
      "eval_loss": 0.30161715325084515,
      "eval_acc": 0.951171875
    }
  },
  "server_evaluate_metrics": {
    "0": {
      "loss": 0.9008424580097198,
      "accuracy": 0.5765625
    },
    "1": {
      "loss": 0.819044092297554,
      "accuracy": 0.5984375
    },
    "2": {
      "loss": 0.7514052271842957,
      "accuracy": 0.646875
    },
    "3": {
      "loss": 0.6917171210050583,
      "accuracy": 0.678125
    },
    "4": {
      "loss": 0.6319732651114464,
      "accuracy": 0.7
    },
    "5": {
      "loss": 0.5761539682745933,
      "accuracy": 0.7625
    },
    "6": {
      "loss": 0.7654926225543022,
      "accuracy": 0.76875
    },
    "7": {
      "loss": 0.9642023622989655,
      "accuracy": 0.784375
    },
    "8": {
      "loss": 1.038445170223713,
      "accuracy": 0.815625
    },
    "9": {
      "loss": 0.7398894470185041,
      "accuracy": 0.88125
    },
    "10": {
      "loss": 0.9934215188026428,
      "accuracy": 0.8875
    },
    "11": {
      "loss": 0.9921358533203601,
      "accuracy": 0.8796875
    },
    "12": {
      "loss": 0.753584349155426,
      "accuracy": 0.909375
    },
    "13": {
      "loss": 0.5867708270438016,
      "accuracy": 0.9265625
    },
    "14": {
      "loss": 0.4827866480685771,
      "accuracy": 0.9296875
    },
    "15": {
      "loss": 0.5047849613707512,
      "accuracy": 0.9203125
    },
    "16": {
      "loss": 0.5085765794763575,
      "accuracy": 0.9359375
    },
    "17": {
      "loss": 0.5077519986545667,
      "accuracy": 0.9421875
    },
    "18": {
      "loss": 0.7680629256894462,
      "accuracy": 0.9390625
    },
    "19": {
      "loss": 0.8264572449210391,
      "accuracy": 0.934375
    },
    "20": {
      "loss": 0.7045598860830069,
      "accuracy": 0.9421875
    }
  }
}
