{
  "metadata": {
    "run_name": "main__non-iid__global-dp__fedopt__noise-0.01__seed-42",
    "data_module": "experiments.reproduce.dataset.alzheimer:create_data_module",
    "partition_mode": "non-iid",
    "partition_profile": "auto",
    "privacy": "global-dp",
    "aggregation": "fedopt",
    "seed": 42,
    "num_clients": 4,
    "rounds": 20,
    "local_epochs": 5,
    "noise_multiplier": 0.01,
    "clipping_norm": 5.0,
    "initialization_pretrained": true,
    "initialization_epochs": 20,
    "initialization_final_loss": 0.6280764967203141
  },
  "train_metrics": {
    "1": {
      "train_loss": 0.5433629694716431,
      "train_loss_mean": 0.6954392793618822
    },
    "2": {
      "train_loss": 3.1092747993217658,
      "train_loss_mean": 13.08485245220709
    },
    "3": {
      "train_loss": 1.060206929881455,
      "train_loss_mean": 3.7871486206140874
    },
    "4": {
      "train_loss": 1.0385454823228868,
      "train_loss_mean": 1.3590946946309495
    },
    "5": {
      "train_loss": 1.0388422006796674,
      "train_loss_mean": 1.5984089045682999
    },
    "6": {
      "train_loss": 1.0373877974970491,
      "train_loss_mean": 1.0469141016661043
    },
    "7": {
      "train_loss": 1.0382227314991896,
      "train_loss_mean": 1.0470585571770326
    },
    "8": {
      "train_loss": 1.0373097259240087,
      "train_loss_mean": 1.043920097140842
    },
    "9": {
      "train_loss": 1.0378766233710235,
      "train_loss_mean": 1.0488914040250783
    },
    "10": {
      "train_loss": 1.0375081066917546,
      "train_loss_mean": 1.225419383181207
    },
    "11": {
      "train_loss": 1.0373306529779347,
      "train_loss_mean": 1.0450974584615809
    },
    "12": {
      "train_loss": 1.0376628827454697,
      "train_loss_mean": 1.0438533905167433
    },
    "13": {
      "train_loss": 1.0378283256429197,
      "train_loss_mean": 1.095371030203354
    },
    "14": {
      "train_loss": 15.949053406336857,
      "train_loss_mean": 17.84945653606521
    },
    "15": {
      "train_loss": 1.0381327885269944,
      "train_loss_mean": 9.9174771741069
    },
    "16": {
      "train_loss": 1.0371395937395957,
      "train_loss_mean": 1.0453108808093963
    },
    "17": {
      "train_loss": 1.036970150866739,
      "train_loss_mean": 1.0431858722297052
    },
    "18": {
      "train_loss": 1.0370154968400553,
      "train_loss_mean": 1.0452786594352665
    },
    "19": {
      "train_loss": 1.0371494486556732,
      "train_loss_mean": 1.0448702611717062
    },
    "20": {
      "train_loss": 1.0369101520509445,
      "train_loss_mean": 1.044569023300743
    }
  },
  "client_evaluate_metrics": {
    "1": {
      "eval_loss": 33.24341291758517,
      "eval_acc": 0.48050682261208577
    },
    "2": {
      "eval_loss": 57.032638222618175,
      "eval_acc": 0.3469785575048733
    },
    "3": {
      "eval_loss": 32.99785475703011,
      "eval_acc": 0.5019493177387914
    },
    "4": {
      "eval_loss": 74.25621472929421,
      "eval_acc": 0.14132553606237816
    },
    "5": {
      "eval_loss": 1.1066994258070084,
      "eval_acc": 0.5019493177387914
    },
    "6": {
      "eval_loss": 1.0976563531752916,
      "eval_acc": 0.3469785575048733
    },
    "7": {
      "eval_loss": 1.0818254162228829,
      "eval_acc": 0.5019493177387914
    },
    "8": {
      "eval_loss": 1.11898294898734,
      "eval_acc": 0.3469785575048733
    },
    "9": {
      "eval_loss": 28.03634991562157,
      "eval_acc": 0.5019493177387914
    },
    "10": {
      "eval_loss": 1.0965341043751142,
      "eval_acc": 0.3469785575048733
    },
    "11": {
      "eval_loss": 1.0769287391945168,
      "eval_acc": 0.5019493177387914
    },
    "12": {
      "eval_loss": 1.1082299875701844,
      "eval_acc": 0.3469785575048733
    },
    "13": {
      "eval_loss": 43.498027243809396,
      "eval_acc": 0.5019493177387914
    },
    "14": {
      "eval_loss": 57.032638222618175,
      "eval_acc": 0.3469785575048733
    },
    "15": {
      "eval_loss": 1.0925724036977071,
      "eval_acc": 0.5019493177387914
    },
    "16": {
      "eval_loss": 1.083735503183703,
      "eval_acc": 0.3469785575048733
    },
    "17": {
      "eval_loss": 1.0897334500362998,
      "eval_acc": 0.5019493177387914
    },
    "18": {
      "eval_loss": 1.091029867558916,
      "eval_acc": 0.3469785575048733
    },
    "19": {
      "eval_loss": 1.0876029053626701,
      "eval_acc": 0.5019493177387914
    },
    "20": {
      "eval_loss": 6.835116414298788,
      "eval_acc": 0.3469785575048733
    }
  },
  "server_evaluate_metrics": {
    "0": {
      "loss": 0.9219744265079498,
      "accuracy": 0.6109375
    },
    "1": {
      "loss": 30.298123168945313,
      "accuracy": 0.5203125
    },
    "2": {
      "loss": 55.94997577667236,
      "accuracy": 0.359375
    },
    "3": {
      "loss": 33.11192960739136,
      "accuracy": 0.4953125
    },
    "4": {
      "loss": 74.7194341659546,
      "accuracy": 0.134375
    },
    "5": {
      "loss": 1.1159161746501922,
      "accuracy": 0.4953125
    },
    "6": {
      "loss": 1.0885050266981124,
      "accuracy": 0.359375
    },
    "7": {
      "loss": 1.0909737527370453,
      "accuracy": 0.4953125
    },
    "8": {
      "loss": 1.1095771610736846,
      "accuracy": 0.359375
    },
    "9": {
      "loss": 28.91365556716919,
      "accuracy": 0.4953125
    },
    "10": {
      "loss": 1.0887172847986222,
      "accuracy": 0.359375
    },
    "11": {
      "loss": 1.085790178179741,
      "accuracy": 0.4953125
    },
    "12": {
      "loss": 1.116842433810234,
      "accuracy": 0.359375
    },
    "13": {
      "loss": 44.07766399383545,
      "accuracy": 0.4953125
    },
    "14": {
      "loss": 55.94997577667236,
      "accuracy": 0.359375
    },
    "15": {
      "loss": 1.0967533349990846,
      "accuracy": 0.4953125
    },
    "16": {
      "loss": 1.079959660768509,
      "accuracy": 0.359375
    },
    "17": {
      "loss": 1.0928495317697524,
      "accuracy": 0.4953125
    },
    "18": {
      "loss": 1.087398225069046,
      "accuracy": 0.359375
    },
    "19": {
      "loss": 1.0913665831089019,
      "accuracy": 0.4953125
    },
    "20": {
      "loss": 4.815858989953995,
      "accuracy": 0.359375
    }
  }
}
