{
  "metadata": {
    "run_name": "main__homogeneous__metric-privacy__fedmedian__noise-0.01__seed-45",
    "data_module": "experiments.reproduce.dataset.alzheimer:create_data_module",
    "partition_mode": "homogeneous",
    "partition_profile": "auto",
    "privacy": "metric-privacy",
    "aggregation": "fedmedian",
    "seed": 45,
    "num_clients": 4,
    "rounds": 20,
    "local_epochs": 5,
    "noise_multiplier": 0.01,
    "clipping_norm": 5.0,
    "initialization_pretrained": false,
    "initialization_epochs": 0,
    "initialization_final_loss": null
  },
  "train_metrics": {
    "1": {
      "train_loss": 0.9912468097172678,
      "train_loss_mean": 1.0567104709334671,
      "metric-dp-distance": 1.7633342233796914,
      "metric-dp-noise-stdv": 0.007088843302798206
    },
    "2": {
      "train_loss": 0.9147598305717111,
      "train_loss_mean": 0.9970649057999255,
      "metric-dp-distance": 1.747968846699223,
      "metric-dp-noise-stdv": 0.007151157198026942
    },
    "3": {
      "train_loss": 0.8189538470469415,
      "train_loss_mean": 0.928740475513041,
      "metric-dp-distance": 1.8278443887441729,
      "metric-dp-noise-stdv": 0.0068386565491979166
    },
    "4": {
      "train_loss": 0.6987568801268935,
      "train_loss_mean": 0.840444324631244,
      "metric-dp-distance": 1.826052359926204,
      "metric-dp-noise-stdv": 0.0068453677858969835
    },
    "5": {
      "train_loss": 0.5647014426067472,
      "train_loss_mean": 0.7431641051080078,
      "metric-dp-distance": 1.6387201837884884,
      "metric-dp-noise-stdv": 0.007627903850614555
    },
    "6": {
      "train_loss": 0.41408891638275236,
      "train_loss_mean": 0.6159593847813084,
      "metric-dp-distance": 1.5698846403198938,
      "metric-dp-noise-stdv": 0.007962368494447394
    },
    "7": {
      "train_loss": 0.2898588589159772,
      "train_loss_mean": 0.5003336807480082,
      "metric-dp-distance": 1.5702134944343318,
      "metric-dp-noise-stdv": 0.00796070091379715
    },
    "8": {
      "train_loss": 0.2026449202094227,
      "train_loss_mean": 0.39149850062094627,
      "metric-dp-distance": 1.4100511096961175,
      "metric-dp-noise-stdv": 0.008864926890979077
    },
    "9": {
      "train_loss": 0.12893320538569242,
      "train_loss_mean": 0.2948153012141119,
      "metric-dp-distance": 1.3807902672172834,
      "metric-dp-noise-stdv": 0.0090527868690669
    },
    "10": {
      "train_loss": 0.11478018123307265,
      "train_loss_mean": 0.23836233097827064,
      "metric-dp-distance": 1.3124093525111675,
      "metric-dp-noise-stdv": 0.009524467328796818
    },
    "11": {
      "train_loss": 0.10065178401418962,
      "train_loss_mean": 0.179222799227864,
      "metric-dp-distance": 1.2626507418074955,
      "metric-dp-noise-stdv": 0.009899808067356885
    },
    "12": {
      "train_loss": 0.08639393072917301,
      "train_loss_mean": 0.15154441192098603,
      "metric-dp-distance": 1.210005079318459,
      "metric-dp-noise-stdv": 0.010330535147043088
    },
    "13": {
      "train_loss": 0.07618242609169101,
      "train_loss_mean": 0.12246775058956699,
      "metric-dp-distance": 1.230286819782729,
      "metric-dp-noise-stdv": 0.01016023239378239
    },
    "14": {
      "train_loss": 0.06996174599225924,
      "train_loss_mean": 0.1051328710087546,
      "metric-dp-distance": 1.2404060577197622,
      "metric-dp-noise-stdv": 0.010077345174352617
    },
    "15": {
      "train_loss": 0.061278778212908946,
      "train_loss_mean": 0.08592870807788132,
      "metric-dp-distance": 1.2949626786479105,
      "metric-dp-noise-stdv": 0.009652787841771189
    },
    "16": {
      "train_loss": 0.0516464408747197,
      "train_loss_mean": 0.08626840122142312,
      "metric-dp-distance": 1.3534214172201853,
      "metric-dp-noise-stdv": 0.009235852071614144
    },
    "17": {
      "train_loss": 0.040135924832611636,
      "train_loss_mean": 0.06644890092047717,
      "metric-dp-distance": 1.3707802246014278,
      "metric-dp-noise-stdv": 0.009118894317019009
    },
    "18": {
      "train_loss": 0.05458446697866748,
      "train_loss_mean": 0.060165002110534264,
      "metric-dp-distance": 1.306561441005518,
      "metric-dp-noise-stdv": 0.009567096967426279
    },
    "19": {
      "train_loss": 0.0338688455266265,
      "train_loss_mean": 0.05702781906845757,
      "metric-dp-distance": 1.4173785191960633,
      "metric-dp-noise-stdv": 0.00881909795492738
    },
    "20": {
      "train_loss": 0.03179244071384346,
      "train_loss_mean": 0.04983941318673715,
      "metric-dp-distance": 1.3406755914911628,
      "metric-dp-noise-stdv": 0.009323657474883174
    }
  },
  "client_evaluate_metrics": {
    "1": {
      "eval_loss": 1.1816855520009995,
      "eval_acc": 0.5
    },
    "2": {
      "eval_loss": 1.0305967535823584,
      "eval_acc": 0.501953125
    },
    "3": {
      "eval_loss": 0.9671608954668045,
      "eval_acc": 0.517578125
    },
    "4": {
      "eval_loss": 0.9040343575179577,
      "eval_acc": 0.5478515625
    },
    "5": {
      "eval_loss": 0.818464670330286,
      "eval_acc": 0.6337890625
    },
    "6": {
      "eval_loss": 0.7143692672252655,
      "eval_acc": 0.69140625
    },
    "7": {
      "eval_loss": 0.610442416742444,
      "eval_acc": 0.74609375
    },
    "8": {
      "eval_loss": 0.5048254020512104,
      "eval_acc": 0.7900390625
    },
    "9": {
      "eval_loss": 0.42102835699915886,
      "eval_acc": 0.8349609375
    },
    "10": {
      "eval_loss": 0.35786827420815825,
      "eval_acc": 0.8642578125
    },
    "11": {
      "eval_loss": 0.30307230446487665,
      "eval_acc": 0.8896484375
    },
    "12": {
      "eval_loss": 0.3134935116395354,
      "eval_acc": 0.8974609375
    },
    "13": {
      "eval_loss": 0.26341810019221157,
      "eval_acc": 0.9140625
    },
    "14": {
      "eval_loss": 0.22218415886163712,
      "eval_acc": 0.9326171875
    },
    "15": {
      "eval_loss": 0.20218748890329152,
      "eval_acc": 0.9365234375
    },
    "16": {
      "eval_loss": 0.19491823634598404,
      "eval_acc": 0.94921875
    },
    "17": {
      "eval_loss": 0.196772298484575,
      "eval_acc": 0.9423828125
    },
    "18": {
      "eval_loss": 0.18590870319167152,
      "eval_acc": 0.9482421875
    },
    "19": {
      "eval_loss": 0.1798856474342756,
      "eval_acc": 0.947265625
    },
    "20": {
      "eval_loss": 0.18021144036902115,
      "eval_acc": 0.947265625
    }
  },
  "server_evaluate_metrics": {
    "0": {
      "loss": 1.4445670783519744,
      "accuracy": 0.0109375
    },
    "1": {
      "loss": 1.1808968901634216,
      "accuracy": 0.4953125
    },
    "2": {
      "loss": 1.0302609503269196,
      "accuracy": 0.496875
    },
    "3": {
      "loss": 0.9679410457611084,
      "accuracy": 0.5046875
    },
    "4": {
      "loss": 0.9116219490766525,
      "accuracy": 0.534375
    },
    "5": {
      "loss": 0.8370493292808533,
      "accuracy": 0.5984375
    },
    "6": {
      "loss": 0.7474409192800522,
      "accuracy": 0.659375
    },
    "7": {
      "loss": 0.6517055198550225,
      "accuracy": 0.728125
    },
    "8": {
      "loss": 0.5638802587985993,
      "accuracy": 0.765625
    },
    "9": {
      "loss": 0.5022616431117057,
      "accuracy": 0.8109375
    },
    "10": {
      "loss": 0.44070526733994486,
      "accuracy": 0.84375
    },
    "11": {
      "loss": 0.39464149363338946,
      "accuracy": 0.8734375
    },
    "12": {
      "loss": 0.40873361602425573,
      "accuracy": 0.8703125
    },
    "13": {
      "loss": 0.3468065533787012,
      "accuracy": 0.909375
    },
    "14": {
      "loss": 0.2957989312708378,
      "accuracy": 0.921875
    },
    "15": {
      "loss": 0.28555966205894945,
      "accuracy": 0.925
    },
    "16": {
      "loss": 0.25593776255846024,
      "accuracy": 0.9296875
    },
    "17": {
      "loss": 0.27411527186632156,
      "accuracy": 0.9234375
    },
    "18": {
      "loss": 0.2544080203399062,
      "accuracy": 0.9265625
    },