{
  "metadata": {
    "run_name": "main__homogeneous__global-dp__fedopt__noise-0.01__seed-43",
    "data_module": "experiments.reproduce.dataset.alzheimer:create_data_module",
    "partition_mode": "homogeneous",
    "partition_profile": "auto",
    "privacy": "global-dp",
    "aggregation": "fedopt",
    "seed": 43,
    "num_clients": 4,
    "rounds": 20,
    "local_epochs": 5,
    "noise_multiplier": 0.01,
    "clipping_norm": 5.0,
    "initialization_pretrained": true,
    "initialization_epochs": 20,
    "initialization_final_loss": 0.23611843436956406
  },
  "train_metrics": {
    "1": {
      "train_loss": 0.5445120534859598,
      "train_loss_mean": 0.7147618852555752
    },
    "2": {
      "train_loss": 1.1590492483228445,
      "train_loss_mean": 2.8787881979718803
    },
    "3": {
      "train_loss": 1.0441050231456757,
      "train_loss_mean": 1.0764352980069816
    },
    "4": {
      "train_loss": 1.0360151682980359,
      "train_loss_mean": 1.0384518802165985
    },
    "5": {
      "train_loss": 1.0351283415220678,
      "train_loss_mean": 1.089439942315221
    },
    "6": {
      "train_loss": 1.0347935110330582,
      "train_loss_mean": 1.0525414707139134
    },
    "7": {
      "train_loss": 1.0349462274461985,
      "train_loss_mean": 1.0415354125201701
    },
    "8": {
      "train_loss": 1.0354320625774562,
      "train_loss_mean": 1.0514348110184073
    },
    "9": {
      "train_loss": 1.035154212731868,
      "train_loss_mean": 1.0404387218877673
    },
    "10": {
      "train_loss": 1.0353108053095639,
      "train_loss_mean": 1.0502334867604075
    },
    "11": {
      "train_loss": 1.035303536336869,
      "train_loss_mean": 1.038719109352678
    },
    "12": {
      "train_loss": 1.0348541415296495,
      "train_loss_mean": 1.0492172000929714
    },
    "13": {
      "train_loss": 1.034679173026234,
      "train_loss_mean": 1.0398381589911878
    },
    "14": {
      "train_loss": 1.0349509767256677,
      "train_loss_mean": 1.0535837387666107
    },
    "15": {
      "train_loss": 1.0351137891411781,
      "train_loss_mean": 1.0400483992882075
    },
    "16": {
      "train_loss": 1.0350081957876682,
      "train_loss_mean": 1.2810866910032928
    },
    "17": {
      "train_loss": 1.0775688420981169,
      "train_loss_mean": 1.0782488715834917
    },
    "18": {
      "train_loss": 1.0772764864377677,
      "train_loss_mean": 1.0894142458215357
    },
    "19": {
      "train_loss": 17.474047439172864,
      "train_loss_mean": 12.245301885250955
    },
    "20": {
      "train_loss": 1.035015843808651,
      "train_loss_mean": 1.049499010760337
    }
  },
  "client_evaluate_metrics": {
    "1": {
      "eval_loss": 55.46266269683838,
      "eval_acc": 0.34765625
    },
    "2": {
      "eval_loss": 1.164586167782545,
      "eval_acc": 0.5
    },
    "3": {
      "eval_loss": 1.0487294904887676,
      "eval_acc": 0.5
    },
    "4": {
      "eval_loss": 7.873673155903816,
      "eval_acc": 0.5
    },
    "5": {
      "eval_loss": 1.1457199566066265,
      "eval_acc": 0.34765625
    },
    "6": {
      "eval_loss": 1.0856834668666124,
      "eval_acc": 0.5
    },
    "7": {
      "eval_loss": 1.131013309583068,
      "eval_acc": 0.34765625
    },
    "8": {
      "eval_loss": 1.0769239105284214,
      "eval_acc": 0.5
    },
    "9": {
      "eval_loss": 1.1282138228416443,
      "eval_acc": 0.34765625
    },
    "10": {
      "eval_loss": 1.0659599397331476,
      "eval_acc": 0.5
    },
    "11": {
      "eval_loss": 1.1255128905177116,
      "eval_acc": 0.34765625
    },
    "12": {
      "eval_loss": 1.0766649711877108,
      "eval_acc": 0.5
    },
    "13": {
      "eval_loss": 1.1505787763744593,
      "eval_acc": 0.34765625
    },
    "14": {
      "eval_loss": 1.0747573096305132,
      "eval_acc": 0.5
    },
    "15": {
      "eval_loss": 34.818635404109955,
      "eval_acc": 0.34765625
    },
    "16": {
      "eval_loss": 1.073444178327918,
      "eval_acc": 0.5
    },
    "17": {
      "eval_loss": 1.6854817233979702,
      "eval_acc": 0.3466796875
    },
    "18": {
      "eval_loss": 1.3201429396867752,
      "eval_acc": 0.49609375
    },
    "19": {
      "eval_loss": 1.1218776237219572,
      "eval_acc": 0.34765625
    },
    "20": {
      "eval_loss": 1.0753799341619015,
      "eval_acc": 0.5
    }
  },
  "server_evaluate_metrics": {
    "0": {
      "loss": 1.2876995623111724,
      "accuracy": 0.6171875
    },
    "1": {
      "loss": 54.37174739837646,
      "accuracy": 0.359375
    },
    "2": {
      "loss": 1.1635995864868165,
      "accuracy": 0.4953125
    },
    "3": {
      "loss": 1.0409746706485747,
      "accuracy": 0.4953125
    },
    "4": {
      "loss": 7.953415066003799,
      "accuracy": 0.4953125
    },
    "5": {
      "loss": 1.1303650349378587,
      "accuracy": 0.359375
    },
    "6": {
      "loss": 1.0865428894758224,
      "accuracy": 0.4953125
    },
    "7": {
      "loss": 1.1165961384773255,
      "accuracy": 0.359375
    },
    "8": {
      "loss": 1.0772705733776093,
      "accuracy": 0.4953125
    },
    "9": {
      "loss": 1.112454777956009,
      "accuracy": 0.359375
    },
    "10": {
      "loss": 1.0651538878679276,
      "accuracy": 0.4953125
    },
    "11": {
      "loss": 1.1101254791021347,
      "accuracy": 0.359375
    },
    "12": {
      "loss": 1.0767719358205796,
      "accuracy": 0.4953125
    },
    "13": {
      "loss": 1.1341752290725708,
      "accuracy": 0.359375
    },
    "14": {
      "loss": 1.0748690336942672,
      "accuracy": 0.4953125
    },
    "15": {
      "loss": 32.474845027923585,
      "accuracy": 0.359375
    },
    "16": {
      "loss": 1.0728027433156968,
      "accuracy": 0.4953125
    },
    "17": {
      "loss": 1.0995964258909225,
      "accuracy": 0.359375
    },
    "18": {
      "loss": 1.2389929473400116,
      "accuracy": 0.4921875
    },
    "19": {
      "loss": 1.1073877960443497,
      "accuracy": 0.359375
    },
    "20": {
      "loss": 1.074872225522995,
      "accuracy": 0.4953125
    }
  }
}
