{
  "metadata": {
    "run_name": "main__homogeneous__global-dp__fedprox__noise-0.01__seed-45",
    "data_module": "experiments.reproduce.dataset.alzheimer:create_data_module",
    "partition_mode": "homogeneous",
    "partition_profile": "auto",
    "privacy": "global-dp",
    "aggregation": "fedprox",
    "seed": 45,
    "num_clients": 4,
    "rounds": 20,
    "local_epochs": 5,
    "noise_multiplier": 0.01,
    "clipping_norm": 5.0,
    "initialization_pretrained": false,
    "initialization_epochs": 0,
    "initialization_final_loss": null
  },
  "train_metrics": {
    "1": {
      "train_loss": 1.1788763217628002,
      "train_loss_mean": 1.2348023045808079
    },
    "2": {
      "train_loss": 1.1061548637226224,
      "train_loss_mean": 1.1531883157789706
    },
    "3": {
      "train_loss": 1.0957053559832275,
      "train_loss_mean": 1.1319245521910488
    },
    "4": {
      "train_loss": 1.092943257652223,
      "train_loss_mean": 1.1154299004934727
    },
    "5": {
      "train_loss": 1.0779353566467762,
      "train_loss_mean": 1.108029683958739
    },
    "6": {
      "train_loss": 1.072382069658488,
      "train_loss_mean": 1.1021250948309897
    },
    "7": {
      "train_loss": 1.07251719199121,
      "train_loss_mean": 1.107948041986674
    },
    "8": {
      "train_loss": 1.0622642859816551,
      "train_loss_mean": 1.0988000384531915
    },
    "9": {
      "train_loss": 1.0676643955521286,
      "train_loss_mean": 1.097335398942232
    },
    "10": {
      "train_loss": 1.0605930089950562,
      "train_loss_mean": 1.0961975731886924
    },
    "11": {
      "train_loss": 1.0559302964247763,
      "train_loss_mean": 1.0911920459009707
    },
    "12": {
      "train_loss": 1.0505095650441945,
      "train_loss_mean": 1.0871117406524717
    },
    "13": {
      "train_loss": 1.0339741231873631,
      "train_loss_mean": 1.0797608291730285
    },
    "14": {
      "train_loss": 1.02931193029508,
      "train_loss_mean": 1.0686060752719642
    },
    "15": {
      "train_loss": 1.0252398243173957,
      "train_loss_mean": 1.069229566771537
    },
    "16": {
      "train_loss": 1.0161944087594748,
      "train_loss_mean": 1.0589571556076407
    },
    "17": {
      "train_loss": 1.006129240617156,
      "train_loss_mean": 1.0452207347378133
    },
    "18": {
      "train_loss": 1.0035172696225345,
      "train_loss_mean": 1.0503207318484784
    },
    "19": {
      "train_loss": 0.9886352312751114,
      "train_loss_mean": 1.030311408173293
    },
    "20": {
      "train_loss": 0.9849711987189949,
      "train_loss_mean": 1.0360029131174087
    }
  },
  "client_evaluate_metrics": {
    "1": {
      "eval_loss": 1.0398358199745417,
      "eval_acc": 0.5
    },
    "2": {
      "eval_loss": 1.0406851079314947,
      "eval_acc": 0.5
    },
    "3": {
      "eval_loss": 1.0350975170731544,
      "eval_acc": 0.5
    },
    "4": {
      "eval_loss": 1.0373508390039206,
      "eval_acc": 0.5
    },
    "5": {
      "eval_loss": 1.0437886491417885,
      "eval_acc": 0.5
    },
    "6": {
      "eval_loss": 1.0403017066419125,
      "eval_acc": 0.5
    },
    "7": {
      "eval_loss": 1.028519082814455,
      "eval_acc": 0.5
    },
    "8": {
      "eval_loss": 1.0239550154656172,
      "eval_acc": 0.5
    },
    "9": {
      "eval_loss": 1.0404435954988003,
      "eval_acc": 0.501953125
    },
    "10": {
      "eval_loss": 1.008019246160984,
      "eval_acc": 0.5498046875
    },
    "11": {
      "eval_loss": 0.9893799461424351,
      "eval_acc": 0.509765625
    },
    "12": {
      "eval_loss": 0.9758592564612627,
      "eval_acc": 0.537109375
    },
    "13": {
      "eval_loss": 0.9605001844465733,
      "eval_acc": 0.53515625
    },
    "14": {
      "eval_loss": 0.9490704573690891,
      "eval_acc": 0.5458984375
    },
    "15": {
      "eval_loss": 0.9393405131995678,
      "eval_acc": 0.5419921875
    },
    "16": {
      "eval_loss": 0.9269700311124325,
      "eval_acc": 0.548828125
    },
    "17": {
      "eval_loss": 0.9260701686143875,
      "eval_acc": 0.5625
    },
    "18": {
      "eval_loss": 0.9320237878710032,
      "eval_acc": 0.560546875
    },
    "19": {
      "eval_loss": 0.9171958118677139,
      "eval_acc": 0.5576171875
    },
    "20": {
      "eval_loss": 0.9015617556869984,
      "eval_acc": 0.572265625
    }
  },
  "server_evaluate_metrics": {
    "0": {
      "loss": 1.4445670783519744,
      "accuracy": 0.0109375
    },
    "1": {
      "loss": 1.0306870251893998,
      "accuracy": 0.4953125
    },
    "2": {
      "loss": 1.0295032620429994,
      "accuracy": 0.4953125
    },
    "3": {
      "loss": 1.024839699268341,
      "accuracy": 0.4953125
    },
    "4": {
      "loss": 1.031228020787239,
      "accuracy": 0.4953125
    },
    "5": {
      "loss": 1.035635444521904,
      "accuracy": 0.4953125
    },
    "6": {
      "loss": 1.0331568360328673,
      "accuracy": 0.4953125
    },
    "7": {
      "loss": 1.0185201197862626,
      "accuracy": 0.4953125
    },
    "8": {
      "loss": 1.015528991818428,
      "accuracy": 0.4953125
    },
    "9": {
      "loss": 1.0293000251054765,
      "accuracy": 0.496875
    },
    "10": {
      "loss": 0.9995019048452377,
      "accuracy": 0.5328125
    },
    "11": {
      "loss": 0.9845836400985718,
      "accuracy": 0.5046875
    },
    "12": {
      "loss": 0.9718239516019821,
      "accuracy": 0.54375
    },
    "13": {
      "loss": 0.9576357066631317,
      "accuracy": 0.5375
    },
    "14": {
      "loss": 0.9511016279458999,
      "accuracy": 0.540625
    },
    "15": {
      "loss": 0.947181349992752,
      "accuracy": 0.534375
    },
    "16": {
      "loss": 0.9386599510908127,
      "accuracy": 0.5421875
    },
    "17": {
      "loss": 0.934976515173912,
      "accuracy": 0.5453125
    },
    "18": {
      "loss": 0.9408934444189072,
      "accuracy": 0.5546875
    },
    "19": {
      "loss": 0.9303335517644882,
      "accuracy": 0.5578125
    },
    "20": {
      "loss": 0.9156336605548858,
      "accuracy": 0.559375
    }
  }
}
