{
  "metadata": {
    "run_name": "main__homogeneous__global-dp__fedavgm__noise-0.01__seed-46",
    "data_module": "experiments.reproduce.dataset.alzheimer:create_data_module",
    "partition_mode": "homogeneous",
    "partition_profile": "auto",
    "privacy": "global-dp",
    "aggregation": "fedavgm",
    "seed": 46,
    "num_clients": 4,
    "rounds": 20,
    "local_epochs": 5,
    "noise_multiplier": 0.01,
    "clipping_norm": 5.0,
    "initialization_pretrained": true,
    "initialization_epochs": 20,
    "initialization_final_loss": 0.2031466644257307
  },
  "train_metrics": {
    "1": {
      "train_loss": 0.46676263550762087,
      "train_loss_mean": 0.6497756339842453
    },
    "2": {
      "train_loss": 0.42421039834152907,
      "train_loss_mean": 0.6244181538233533
    },
    "3": {
      "train_loss": 0.4078854564577341,
      "train_loss_mean": 0.6122542204335332
    },
    "4": {
      "train_loss": 0.3919907343806699,
      "train_loss_mean": 0.594894677773118
    },
    "5": {
      "train_loss": 0.3577477412763983,
      "train_loss_mean": 0.5582745398161932
    },
    "6": {
      "train_loss": 0.3446498329285532,
      "train_loss_mean": 0.5457076349295675
    },
    "7": {
      "train_loss": 0.30737917067017406,
      "train_loss_mean": 0.5200151391327381
    },
    "8": {
      "train_loss": 0.2815815274952911,
      "train_loss_mean": 0.4866955012897961
    },
    "9": {
      "train_loss": 0.26387795113259926,
      "train_loss_mean": 0.46801089415093877
    },
    "10": {
      "train_loss": 0.2620594637119211,
      "train_loss_mean": 0.4500155924004503
    },
    "11": {
      "train_loss": 0.22663194220513105,
      "train_loss_mean": 0.42283757162513214
    },
    "12": {
      "train_loss": 0.2006799658993259,
      "train_loss_mean": 0.38649718514643605
    },
    "13": {
      "train_loss": 0.2016489570378326,
      "train_loss_mean": 0.3794368462404236
    },
    "14": {
      "train_loss": 0.17341368924826384,
      "train_loss_mean": 0.3560782515793108
    },
    "15": {
      "train_loss": 0.16087582017644309,
      "train_loss_mean": 0.3312950721767266
    },
    "16": {
      "train_loss": 0.1517912627023179,
      "train_loss_mean": 0.31015378004522065
    },
    "17": {
      "train_loss": 0.14392015612975229,
      "train_loss_mean": 0.29646479717630425
    },
    "18": {
      "train_loss": 0.13597662419488188,
      "train_loss_mean": 0.28601912795857065
    },
    "19": {
      "train_loss": 0.1198692839971045,
      "train_loss_mean": 0.26019464773125944
    },
    "20": {
      "train_loss": 0.11685398075496778,
      "train_loss_mean": 0.2424886073509697
    }
  },
  "client_evaluate_metrics": {
    "1": {
      "eval_loss": 1.0318024680018425,
      "eval_acc": 0.671875
    },
    "2": {
      "eval_loss": 1.0382211860269308,
      "eval_acc": 0.6796875
    },
    "3": {
      "eval_loss": 0.9877415113151073,
      "eval_acc": 0.693359375
    },
    "4": {
      "eval_loss": 0.9183398857712746,
      "eval_acc": 0.6943359375
    },
    "5": {
      "eval_loss": 0.8599917162209749,
      "eval_acc": 0.7080078125
    },
    "6": {
      "eval_loss": 0.8145961379632354,
      "eval_acc": 0.70703125
    },
    "7": {
      "eval_loss": 0.790431646630168,
      "eval_acc": 0.705078125
    },
    "8": {
      "eval_loss": 0.7617023438215256,
      "eval_acc": 0.71484375
    },
    "9": {
      "eval_loss": 0.7330306405201554,
      "eval_acc": 0.73046875
    },
    "10": {
      "eval_loss": 0.7083538547158241,
      "eval_acc": 0.740234375
    },
    "11": {
      "eval_loss": 0.6790635837242007,
      "eval_acc": 0.732421875
    },
    "12": {
      "eval_loss": 0.653276652097702,
      "eval_acc": 0.748046875
    },
    "13": {
      "eval_loss": 0.6318986592814326,
      "eval_acc": 0.7626953125
    },
    "14": {
      "eval_loss": 0.6004518792033195,
      "eval_acc": 0.7607421875
    },
    "15": {
      "eval_loss": 0.5879844799637794,
      "eval_acc": 0.7666015625
    },
    "16": {
      "eval_loss": 0.5745268240571022,
      "eval_acc": 0.7841796875
    },
    "17": {
      "eval_loss": 0.5457099294289947,
      "eval_acc": 0.79296875
    },
    "18": {
      "eval_loss": 0.5084515260532498,
      "eval_acc": 0.8037109375
    },
    "19": {
      "eval_loss": 0.4963643327355385,
      "eval_acc": 0.806640625
    },
    "20": {
      "eval_loss": 0.47474625520408154,
      "eval_acc": 0.81640625
    }
  },
  "server_evaluate_metrics": {
    "0": {
      "loss": 1.063540831208229,
      "accuracy": 0.6828125
    },
    "1": {
      "loss": 1.0160422921180725,
      "accuracy": 0.690625
    },
    "2": {
      "loss": 0.9977123782038688,
      "accuracy": 0.684375
    },
    "3": {
      "loss": 0.9247285068035126,
      "accuracy": 0.696875
    },
    "4": {
      "loss": 0.882223354279995,
      "accuracy": 0.690625
    },
    "5": {
      "loss": 0.8556161373853683,
      "accuracy": 0.7078125
    },
    "6": {
      "loss": 0.784832426905632,
      "accuracy": 0.7171875
    },
    "7": {
      "loss": 0.7596201419830322,
      "accuracy": 0.7171875
    },
    "8": {
      "loss": 0.7579996690154076,
      "accuracy": 0.7109375
    },
    "9": {
      "loss": 0.7037862405180931,
      "accuracy": 0.725
    },
    "10": {
      "loss": 0.6853750288486481,
      "accuracy": 0.7375
    },
    "11": {
      "loss": 0.6714605897665024,
      "accuracy": 0.7328125
    },
    "12": {
      "loss": 0.6268997982144355,
      "accuracy": 0.753125
    },
    "13": {
      "loss": 0.6002445638179779,
      "accuracy": 0.7640625
    },
    "14": {
      "loss": 0.5717710748314857,
      "accuracy": 0.7625
    },
    "15": {
      "loss": 0.5574393451213837,
      "accuracy": 0.7859375
    },
    "16": {
      "loss": 0.5306148961186409,
      "accuracy": 0.7890625
    },
    "17": {
      "loss": 0.5080083608627319,
      "accuracy": 0.8
    },
    "18": {
      "loss": 0.4849138602614403,
      "accuracy": 0.8125
    },
    "19": {
      "loss": 0.49442005455493926,
      "accuracy": 0.8015625
    },
    "20": {
      "loss": 0.4698443114757538,
      "accuracy": 0.8171875
    }
  }
}
