{
  "metadata": {
    "run_name": "main__homogeneous__metric-privacy__fedyogi__noise-0.01__seed-44",
    "data_module": "experiments.reproduce.dataset.alzheimer:create_data_module",
    "partition_mode": "homogeneous",
    "partition_profile": "auto",
    "privacy": "metric-privacy",
    "aggregation": "fedyogi",
    "seed": 44,
    "num_clients": 4,
    "rounds": 20,
    "local_epochs": 5,
    "noise_multiplier": 0.01,
    "clipping_norm": 5.0,
    "initialization_pretrained": true,
    "initialization_epochs": 20,
    "initialization_final_loss": 0.598015284538269
  },
  "train_metrics": {
    "1": {
      "train_loss": 0.5696744278538972,
      "train_loss_mean": 0.719078063359484,
      "metric-dp-distance": 1.4090481004677713,
      "metric-dp-noise-stdv": 0.00887123725290165
    },
    "2": {
      "train_loss": 0.4854363116901368,
      "train_loss_mean": 0.6559160167351364,
      "metric-dp-distance": 1.4481137683615088,
      "metric-dp-noise-stdv": 0.00863191848120008
    },
    "3": {
      "train_loss": 0.3590729655697942,
      "train_loss_mean": 0.5448673539794981,
      "metric-dp-distance": 1.4610027739933382,
      "metric-dp-noise-stdv": 0.008555767464995243
    },
    "4": {
      "train_loss": 0.2501409851247445,
      "train_loss_mean": 0.4273224089061841,
      "metric-dp-distance": 1.3415955886399995,
      "metric-dp-noise-stdv": 0.009317263790850329
    },
    "5": {
      "train_loss": 0.1609245529398322,
      "train_loss_mean": 0.30882079552393404,
      "metric-dp-distance": 1.2707442791822057,
      "metric-dp-noise-stdv": 0.009836754888280466
    },
    "6": {
      "train_loss": 0.11841458256094484,
      "train_loss_mean": 0.23501454933866625,
      "metric-dp-distance": 1.1865810953701537,
      "metric-dp-noise-stdv": 0.010534467512395878
    },
    "7": {
      "train_loss": 0.08506550913079991,
      "train_loss_mean": 0.18576379497462767,
      "metric-dp-distance": 1.1318099980708212,
      "metric-dp-noise-stdv": 0.01104425656365145
    },
    "8": {
      "train_loss": 0.06864389450493036,
      "train_loss_mean": 0.14335173553117786,
      "metric-dp-distance": 1.0318574177411695,
      "metric-dp-noise-stdv": 0.012114076794993293
    },
    "9": {
      "train_loss": 0.054371265052395756,
      "train_loss_mean": 0.12588393724363414,
      "metric-dp-distance": 0.9846487836912274,
      "metric-dp-noise-stdv": 0.012694881877719185
    },
    "10": {
      "train_loss": 0.04318105820220808,
      "train_loss_mean": 0.09347549087383414,
      "metric-dp-distance": 0.9864855381504943,
      "metric-dp-noise-stdv": 0.01267124505792101
    },
    "11": {
      "train_loss": 0.02676801054462885,
      "train_loss_mean": 0.0648865002214734,
      "metric-dp-distance": 0.9780736182195445,
      "metric-dp-noise-stdv": 0.012780224072247874
    },
    "12": {
      "train_loss": 0.0316825217834662,
      "train_loss_mean": 0.0607580678761451,
      "metric-dp-distance": 0.9798150147932271,
      "metric-dp-noise-stdv": 0.012757510153728262
    },
    "13": {
      "train_loss": 0.04069414406455962,
      "train_loss_mean": 0.043166287340311985,
      "metric-dp-distance": 1.0353483414898317,
      "metric-dp-noise-stdv": 0.01207323129722014
    },
    "14": {
      "train_loss": 0.018259720019635495,
      "train_loss_mean": 0.040934869295876905,
      "metric-dp-distance": 1.049118244011576,
      "metric-dp-noise-stdv": 0.011914767540599622
    },
    "15": {
      "train_loss": 0.021201381188294732,
      "train_loss_mean": 0.04085555166289474,
      "metric-dp-distance": 1.0606794915317248,
      "metric-dp-noise-stdv": 0.01178489835977575
    },
    "16": {
      "train_loss": 0.0105253382401298,
      "train_loss_mean": 0.030698427053975633,
      "metric-dp-distance": 1.0359940753939252,
      "metric-dp-noise-stdv": 0.01206570606617322
    },
    "17": {
      "train_loss": 0.027162767004163868,
      "train_loss_mean": 0.030684182954922146,
      "metric-dp-distance": 1.0690208704521258,
      "metric-dp-noise-stdv": 0.011692942902708083
    },
    "18": {
      "train_loss": 0.01244948396575829,
      "train_loss_mean": 0.02198146942704507,
      "metric-dp-distance": 0.9990683669845263,
      "metric-dp-noise-stdv": 0.01251165627206131
    },
    "19": {
      "train_loss": 0.025784686295423798,
      "train_loss_mean": 0.030362823975984277,
      "metric-dp-distance": 1.0405500842801605,
      "metric-dp-noise-stdv": 0.01201287683201462
    },
    "20": {
      "train_loss": 0.027923012377396028,
      "train_loss_mean": 0.030330894493726925,
      "metric-dp-distance": 1.0480288333104302,
      "metric-dp-noise-stdv": 0.011927152767845131
    }
  },
  "client_evaluate_metrics": {
    "1": {
      "eval_loss": 0.8913101349025965,
      "eval_acc": 0.583984375
    },
    "2": {
      "eval_loss": 0.7749371938407421,
      "eval_acc": 0.6337890625
    },
    "3": {
      "eval_loss": 0.657947015017271,
      "eval_acc": 0.69921875
    },
    "4": {
      "eval_loss": 0.5568193970248103,
      "eval_acc": 0.765625
    },
    "5": {
      "eval_loss": 0.5674263802357018,
      "eval_acc": 0.76953125
    },
    "6": {
      "eval_loss": 0.6628160374239087,
      "eval_acc": 0.7919921875
    },
    "7": {
      "eval_loss": 0.8222550498321652,
      "eval_acc": 0.8369140625
    },
    "8": {
      "eval_loss": 1.012526934267953,
      "eval_acc": 0.8486328125
    },
    "9": {
      "eval_loss": 1.0350329270586371,
      "eval_acc": 0.8662109375
    },
    "10": {
      "eval_loss": 1.0319445771165192,
      "eval_acc": 0.880859375
    },
    "11": {
      "eval_loss": 1.0049818861298263,
      "eval_acc": 0.873046875
    },
    "12": {
      "eval_loss": 0.5441719905938953,
      "eval_acc": 0.9208984375
    },
    "13": {
      "eval_loss": 0.4036717448034324,
      "eval_acc": 0.93359375
    },
    "14": {
      "eval_loss": 0.42386050103232265,
      "eval_acc": 0.9326171875
    },
    "15": {
      "eval_loss": 0.5034662714460865,
      "eval_acc": 0.9404296875
    },
    "16": {
      "eval_loss": 0.5952721808935166,
      "eval_acc": 0.947265625
    },
    "17": {
      "eval_loss": 0.5767395034176843,
      "eval_acc": 0.94921875
    },
    "18": {
      "eval_loss": 0.6263157429188482,
      "eval_acc": 0.9501953125
    },
    "19": {
      "eval_loss": 0.6116620836922948,
      "eval_acc": 0.95703125
    },
    "20": {
      "eval_loss": 0.504951557086315,
      "eval_acc": 0.9599609375
    }
  },
  "server_evaluate_metrics": {
    "0": {
      "loss": 0.923018753528595,
      "accuracy": 0.6
    },
    "1": {
      "loss": 0.8990830153226852,
      "accuracy": 0.5890625
    },
    "2": {
      "loss": 0.7788177356123924,
      "accuracy": 0.646875
    },
    "3": {
      "loss": 0.6708533421158791,
      "accuracy": 0.7015625
    },
    "4": {
      "loss": 0.5877176746726036,
      "accuracy": 0.7640625
    },
    "5": {
      "loss": 0.6244962781667709,
      "accuracy": 0.759375
    },
    "6": {
      "loss": 0.7639366671442985,
      "accuracy": 0.8
    },
    "7": {
      "loss": 0.9399281784892082,
      "accuracy": 0.8203125
    },
    "8": {
      "loss": 1.1470677137374878,
      "accuracy": 0.8390625
    },
    "9": {
      "loss": 1.2385905116796494,
      "accuracy": 0.865625
    },
    "10": {
      "loss": 1.2614639088511468,
      "accuracy": 0.8734375
    },
    "11": {
      "loss": 1.1945378363132477,
      "accuracy": 0.8765625
    },
    "12": {
      "loss": 0.6600617461372167,
      "accuracy": 0.909375
    },
    "13": {
      "loss": 0.4863898742944002,
      "accuracy": 0.921875
    },
    "14": {
      "loss": 0.4845570258796215,
      "accuracy": 0.928125
    },
    "15": {
      "loss": 0.5639958847314119,
      "accuracy": 0.9296875
    },
    "16": {
      "loss": 0.7005504477769137,
      "accuracy": 0.93125
    },
    "17": {
      "loss": 0.7157904025167227,
      "accuracy": 0.934375
    },
    "18": {
      "loss": 0.7308248956687748,