{
  "metadata": {
    "run_name": "main__homogeneous__vanilla__fedavg__noise-0.01__seed-44",
    "data_module": "experiments.reproduce.dataset.alzheimer:create_data_module",
    "partition_mode": "homogeneous",
    "partition_profile": "auto",
    "privacy": "vanilla",
    "aggregation": "fedavg",
    "seed": 44,
    "num_clients": 4,
    "rounds": 20,
    "local_epochs": 5,
    "noise_multiplier": 0.01,
    "clipping_norm": 5.0,
    "initialization_pretrained": false,
    "initialization_epochs": 0,
    "initialization_final_loss": null
  },
  "train_metrics": {
    "1": {
      "train_loss": 1.020010924898088,
      "train_loss_mean": 1.0553578328341247
    },
    "2": {
      "train_loss": 0.9071094281971455,
      "train_loss_mean": 0.9561675081029534
    },
    "3": {
      "train_loss": 0.7110756791662425,
      "train_loss_mean": 0.8196955466177314
    },
    "4": {
      "train_loss": 0.4379724374739453,
      "train_loss_mean": 0.6035560627700761
    },
    "5": {
      "train_loss": 0.216292412544135,
      "train_loss_mean": 0.3688491595908999
    },
    "6": {
      "train_loss": 0.1286520951980492,
      "train_loss_mean": 0.22224587451491967
    },
    "7": {
      "train_loss": 0.08676574243872892,
      "train_loss_mean": 0.1480752505485725
    },
    "8": {
      "train_loss": 0.07492697560155648,
      "train_loss_mean": 0.1018973164696945
    },
    "9": {
      "train_loss": 0.052602835658035474,
      "train_loss_mean": 0.08511156643544382
    },
    "10": {
      "train_loss": 0.05276739040164102,
      "train_loss_mean": 0.06415410032432192
    },
    "11": {
      "train_loss": 0.05973494431009385,
      "train_loss_mean": 0.05708756575959342
    },
    "12": {
      "train_loss": 0.04435753915163332,
      "train_loss_mean": 0.05264542130266818
    },
    "13": {
      "train_loss": 0.030305199126587468,
      "train_loss_mean": 0.043581831698293175
    },
    "14": {
      "train_loss": 0.03824033669650362,
      "train_loss_mean": 0.039581364031740306
    },
    "15": {
      "train_loss": 0.04253876217038055,
      "train_loss_mean": 0.036641335559028224
    },
    "16": {
      "train_loss": 0.032830965426114744,
      "train_loss_mean": 0.03206797617218911
    },
    "17": {
      "train_loss": 0.04646275566494751,
      "train_loss_mean": 0.028287010169008475
    },
    "18": {
      "train_loss": 0.027963407313261968,
      "train_loss_mean": 0.0287431916208547
    },
    "19": {
      "train_loss": 0.030177717915337965,
      "train_loss_mean": 0.026002620335510332
    },
    "20": {
      "train_loss": 0.029740379934375838,
      "train_loss_mean": 0.031011220349940947
    }
  },
  "client_evaluate_metrics": {
    "1": {
      "eval_loss": 1.0273697599768639,
      "eval_acc": 0.5
    },
    "2": {
      "eval_loss": 0.8831644337624311,
      "eval_acc": 0.5576171875
    },
    "3": {
      "eval_loss": 0.7517611365765333,
      "eval_acc": 0.63671875
    },
    "4": {
      "eval_loss": 0.5969960484653711,
      "eval_acc": 0.7412109375
    },
    "5": {
      "eval_loss": 0.46248347498476505,
      "eval_acc": 0.8232421875
    },
    "6": {
      "eval_loss": 0.3898025848902762,
      "eval_acc": 0.8798828125
    },
    "7": {
      "eval_loss": 0.334079307038337,
      "eval_acc": 0.90625
    },
    "8": {
      "eval_loss": 0.31406985444482416,
      "eval_acc": 0.9287109375
    },
    "9": {
      "eval_loss": 0.2890225906157866,
      "eval_acc": 0.9345703125
    },
    "10": {
      "eval_loss": 0.3029067716852296,
      "eval_acc": 0.9462890625
    },
    "11": {
      "eval_loss": 0.25507426215335727,
      "eval_acc": 0.9580078125
    },
    "12": {
      "eval_loss": 0.29011088429251686,
      "eval_acc": 0.95703125
    },
    "13": {
      "eval_loss": 0.29894461744697765,
      "eval_acc": 0.9599609375
    },
    "14": {
      "eval_loss": 0.2834956069200416,
      "eval_acc": 0.962890625
    },
    "15": {
      "eval_loss": 0.2834202804369852,
      "eval_acc": 0.9501953125
    },
    "16": {
      "eval_loss": 0.287242364276608,
      "eval_acc": 0.9609375
    },
    "17": {
      "eval_loss": 0.2552894586115144,
      "eval_acc": 0.96484375
    },
    "18": {
      "eval_loss": 0.2690528703460586,
      "eval_acc": 0.9560546875
    },
    "19": {
      "eval_loss": 0.3284817324602045,
      "eval_acc": 0.9609375
    },
    "20": {
      "eval_loss": 0.2476166790293064,
      "eval_acc": 0.9609375
    }
  },
  "server_evaluate_metrics": {
    "0": {
      "loss": 1.390574324131012,
      "accuracy": 0.4953125
    },
    "1": {
      "loss": 1.0268613040447234,
      "accuracy": 0.4953125
    },
    "2": {
      "loss": 0.9113582879304886,
      "accuracy": 0.5578125
    },
    "3": {
      "loss": 0.802325651049614,
      "accuracy": 0.625
    },
    "4": {
      "loss": 0.6685283750295639,
      "accuracy": 0.715625
    },
    "5": {
      "loss": 0.5374311253428459,
      "accuracy": 0.803125
    },
    "6": {
      "loss": 0.4732071548700333,
      "accuracy": 0.859375
    },
    "7": {
      "loss": 0.4001561142504215,
      "accuracy": 0.8875
    },
    "8": {
      "loss": 0.38950550854206084,
      "accuracy": 0.9125
    },
    "9": {
      "loss": 0.38459298573434353,
      "accuracy": 0.9171875
    },
    "10": {
      "loss": 0.39369520684704185,
      "accuracy": 0.9265625
    },
    "11": {
      "loss": 0.3003108512610197,
      "accuracy": 0.9328125
    },
    "12": {
      "loss": 0.3538118680473417,
      "accuracy": 0.940625
    },
    "13": {
      "loss": 0.3628807020373642,
      "accuracy": 0.94375
    },
    "14": {
      "loss": 0.2922761434689164,
      "accuracy": 0.946875
    },
    "15": {
      "loss": 0.3114257024601102,
      "accuracy": 0.9484375
    },
    "16": {
      "loss": 0.3077535877935588,
      "accuracy": 0.953125
    },
    "17": {
      "loss": 0.2680247829295695,
      "accuracy": 0.9453125
    },
    "18": {
      "loss": 0.2957662847824395,
      "accuracy": 0.95
    },
    "19": {
      "loss": 0.3553609205875546,
      "accuracy": 0.95
    },
    "20": {
      "loss": 0.2903430766891688,
      "accuracy": 0.94375
    }
  }
}
