{
  "metadata": {
    "run_name": "main__homogeneous__global-dp__fedavgm__noise-0.01__seed-44",
    "data_module": "experiments.reproduce.dataset.alzheimer:create_data_module",
    "partition_mode": "homogeneous",
    "partition_profile": "auto",
    "privacy": "global-dp",
    "aggregation": "fedavgm",
    "seed": 44,
    "num_clients": 4,
    "rounds": 20,
    "local_epochs": 5,
    "noise_multiplier": 0.01,
    "clipping_norm": 5.0,
    "initialization_pretrained": true,
    "initialization_epochs": 20,
    "initialization_final_loss": 0.6726955622434616
  },
  "train_metrics": {
    "1": {
      "train_loss": 0.626354088075459,
      "train_loss_mean": 0.7466086657252162
    },
    "2": {
      "train_loss": 0.6169817186892033,
      "train_loss_mean": 0.7408698675688357
    },
    "3": {
      "train_loss": 0.5887013671454042,
      "train_loss_mean": 0.7201473542489111
    },
    "4": {
      "train_loss": 0.5484359448309988,
      "train_loss_mean": 0.6928806654177606
    },
    "5": {
      "train_loss": 0.5419148178771138,
      "train_loss_mean": 0.6815364301670341
    },
    "6": {
      "train_loss": 0.5189585676416755,
      "train_loss_mean": 0.6659715918358415
    },
    "7": {
      "train_loss": 0.493337559979409,
      "train_loss_mean": 0.6436463897116482
    },
    "8": {
      "train_loss": 0.4622172749368474,
      "train_loss_mean": 0.6204438491957263
    },
    "9": {
      "train_loss": 0.4358764751232229,
      "train_loss_mean": 0.5968192903674208
    },
    "10": {
      "train_loss": 0.41182032704818994,
      "train_loss_mean": 0.5741552724968643
    },
    "11": {
      "train_loss": 0.37038461404154077,
      "train_loss_mean": 0.5439005668857135
    },
    "12": {
      "train_loss": 0.35244307428365573,
      "train_loss_mean": 0.5188368989271112
    },
    "13": {
      "train_loss": 0.32598123571369797,
      "train_loss_mean": 0.4943868480389938
    },
    "14": {
      "train_loss": 0.3005458078114316,
      "train_loss_mean": 0.47324358460027727
    },
    "15": {
      "train_loss": 0.2656397204264067,
      "train_loss_mean": 0.4401353205787018
    },
    "16": {
      "train_loss": 0.247839099902194,
      "train_loss_mean": 0.4205318367225118
    },
    "17": {
      "train_loss": 0.23440969362854958,
      "train_loss_mean": 0.395189022552222
    },
    "18": {
      "train_loss": 0.21507580214529298,
      "train_loss_mean": 0.36566645276034254
    },
    "19": {
      "train_loss": 0.1963873691856861,
      "train_loss_mean": 0.34551082495599983
    },
    "20": {
      "train_loss": 0.1717114089988172,
      "train_loss_mean": 0.32503907506470564
    }
  },
  "client_evaluate_metrics": {
    "1": {
      "eval_loss": 1.0490662660449743,
      "eval_acc": 0.52734375
    },
    "2": {
      "eval_loss": 0.9042184855788946,
      "eval_acc": 0.5654296875
    },
    "3": {
      "eval_loss": 0.8494244646281004,
      "eval_acc": 0.5859375
    },
    "4": {
      "eval_loss": 0.8837260417640209,
      "eval_acc": 0.5703125
    },
    "5": {
      "eval_loss": 0.8602316472679377,
      "eval_acc": 0.6025390625
    },
    "6": {
      "eval_loss": 0.8298452962189913,
      "eval_acc": 0.6005859375
    },
    "7": {
      "eval_loss": 0.8245404660701752,
      "eval_acc": 0.609375
    },
    "8": {
      "eval_loss": 0.7515757028013468,
      "eval_acc": 0.64453125
    },
    "9": {
      "eval_loss": 0.7627707300707698,
      "eval_acc": 0.634765625
    },
    "10": {
      "eval_loss": 0.7609024103730917,
      "eval_acc": 0.64453125
    },
    "11": {
      "eval_loss": 0.7487528566271067,
      "eval_acc": 0.64453125
    },
    "12": {
      "eval_loss": 0.693606068380177,
      "eval_acc": 0.6767578125
    },
    "13": {
      "eval_loss": 0.6799890352413058,
      "eval_acc": 0.6826171875
    },
    "14": {
      "eval_loss": 0.7054117592051625,
      "eval_acc": 0.6826171875
    },
    "15": {
      "eval_loss": 0.6474747862666845,
      "eval_acc": 0.7001953125
    },
    "16": {
      "eval_loss": 0.6150392135605216,
      "eval_acc": 0.724609375
    },
    "17": {
      "eval_loss": 0.5944911940023303,
      "eval_acc": 0.732421875
    },
    "18": {
      "eval_loss": 0.5710103241726756,
      "eval_acc": 0.7412109375
    },
    "19": {
      "eval_loss": 0.5684526115655899,
      "eval_acc": 0.751953125
    },
    "20": {
      "eval_loss": 0.5804427489638329,
      "eval_acc": 0.748046875
    }
  },
  "server_evaluate_metrics": {
    "0": {
      "loss": 0.9178521364927292,
      "accuracy": 0.58125
    },
    "1": {
      "loss": 1.0334952652454377,
      "accuracy": 0.5265625
    },
    "2": {
      "loss": 0.9087762117385865,
      "accuracy": 0.578125
    },
    "3": {
      "loss": 0.8583800584077835,
      "accuracy": 0.6
    },
    "4": {
      "loss": 0.8857772797346115,
      "accuracy": 0.59375
    },
    "5": {
      "loss": 0.8558751940727234,
      "accuracy": 0.6265625
    },
    "6": {
      "loss": 0.8337092936038971,
      "accuracy": 0.6359375
    },
    "7": {
      "loss": 0.8371172785758972,
      "accuracy": 0.628125
    },
    "8": {
      "loss": 0.767586487531662,
      "accuracy": 0.6671875
    },
    "9": {
      "loss": 0.7636028736829757,
      "accuracy": 0.678125
    },
    "10": {
      "loss": 0.7570660442113877,
      "accuracy": 0.6859375
    },
    "11": {
      "loss": 0.7569029375910759,
      "accuracy": 0.6703125
    },
    "12": {
      "loss": 0.7071273073554039,
      "accuracy": 0.6890625
    },
    "13": {
      "loss": 0.6971130296587944,
      "accuracy": 0.7109375
    },
    "14": {
      "loss": 0.6955944702029229,
      "accuracy": 0.6953125
    },
    "15": {
      "loss": 0.6821468025445938,
      "accuracy": 0.7203125
    },
    "16": {
      "loss": 0.6395007863640785,
      "accuracy": 0.7375
    },
    "17": {
      "loss": 0.6123121902346611,
      "accuracy": 0.7515625
    },
    "18": {
      "loss": 0.6031310826539993,
      "accuracy": 0.7421875
    },
    "19": {
      "loss": 0.5903349593281746,
      "accuracy": 0.76875
    },
    "20": {
      "loss": 0.5550848200917244,
      "accuracy": 0.7859375
    }
  }
}
