{
  "metadata": {
    "run_name": "main__homogeneous__global-dp__fedyogi__noise-0.01__seed-46",
    "data_module": "experiments.reproduce.dataset.alzheimer:create_data_module",
    "partition_mode": "homogeneous",
    "partition_profile": "auto",
    "privacy": "global-dp",
    "aggregation": "fedyogi",
    "seed": 46,
    "num_clients": 4,
    "rounds": 20,
    "local_epochs": 5,
    "noise_multiplier": 0.01,
    "clipping_norm": 5.0,
    "initialization_pretrained": true,
    "initialization_epochs": 20,
    "initialization_final_loss": 0.29905095472931864
  },
  "train_metrics": {
    "1": {
      "train_loss": 0.4916817336343229,
      "train_loss_mean": 0.6698907046113164
    },
    "2": {
      "train_loss": 0.4074510132195428,
      "train_loss_mean": 0.5929780315840617
    },
    "3": {
      "train_loss": 0.2915675339754671,
      "train_loss_mean": 0.4873622029786929
    },
    "4": {
      "train_loss": 0.19258715905016288,
      "train_loss_mean": 0.3550478593911976
    },
    "5": {
      "train_loss": 0.13554808500339277,
      "train_loss_mean": 0.25797153615276325
    },
    "6": {
      "train_loss": 0.10526190047312411,
      "train_loss_mean": 0.18833810579744747
    },
    "7": {
      "train_loss": 0.08351471357309492,
      "train_loss_mean": 0.14460690838459417
    },
    "8": {
      "train_loss": 0.05555691169502097,
      "train_loss_mean": 0.10920976557936228
    },
    "9": {
      "train_loss": 0.044734893470376846,
      "train_loss_mean": 0.08312930935808253
    },
    "10": {
      "train_loss": 0.03678911074939606,
      "train_loss_mean": 0.06650329639347774
    },
    "11": {
      "train_loss": 0.04666964135859075,
      "train_loss_mean": 0.06892603185613666
    },
    "12": {
      "train_loss": 0.047364394441814284,
      "train_loss_mean": 0.05795988390051434
    },
    "13": {
      "train_loss": 0.03255378051911961,
      "train_loss_mean": 0.04147683408173961
    },
    "14": {
      "train_loss": 0.03900642710800639,
      "train_loss_mean": 0.039098529834632065
    },
    "15": {
      "train_loss": 0.028351162616289116,
      "train_loss_mean": 0.035414062033046895
    },
    "16": {
      "train_loss": 0.020402534476356315,
      "train_loss_mean": 0.025218419577350472
    },
    "17": {
      "train_loss": 0.026964734798180845,
      "train_loss_mean": 0.02475943315973106
    },
    "18": {
      "train_loss": 0.03277025318581783,
      "train_loss_mean": 0.026464542202010125
    },
    "19": {
      "train_loss": 0.033948163504100015,
      "train_loss_mean": 0.022367749707742794
    },
    "20": {
      "train_loss": 0.02461139152259335,
      "train_loss_mean": 0.023505046791541653
    }
  },
  "client_evaluate_metrics": {
    "1": {
      "eval_loss": 0.7876542052254081,
      "eval_acc": 0.6953125
    },
    "2": {
      "eval_loss": 0.6770629594102502,
      "eval_acc": 0.7119140625
    },
    "3": {
      "eval_loss": 0.6153753213584423,
      "eval_acc": 0.734375
    },
    "4": {
      "eval_loss": 0.5084895864129066,
      "eval_acc": 0.7890625
    },
    "5": {
      "eval_loss": 0.49396089324727654,
      "eval_acc": 0.8193359375
    },
    "6": {
      "eval_loss": 0.6032398692332208,
      "eval_acc": 0.8388671875
    },
    "7": {
      "eval_loss": 0.5571393854916096,
      "eval_acc": 0.8740234375
    },
    "8": {
      "eval_loss": 0.40824524842901155,
      "eval_acc": 0.9169921875
    },
    "9": {
      "eval_loss": 0.26408170093782246,
      "eval_acc": 0.9345703125
    },
    "10": {
      "eval_loss": 0.22662366424629,
      "eval_acc": 0.9443359375
    },
    "11": {
      "eval_loss": 0.16016849002062372,
      "eval_acc": 0.958984375
    },
    "12": {
      "eval_loss": 0.14977576515411783,
      "eval_acc": 0.9580078125
    },
    "13": {
      "eval_loss": 0.15789105269504944,
      "eval_acc": 0.95703125
    },
    "14": {
      "eval_loss": 0.16911042650826857,
      "eval_acc": 0.962890625
    },
    "15": {
      "eval_loss": 0.18042060200241394,
      "eval_acc": 0.9599609375
    },
    "16": {
      "eval_loss": 0.17514327161097754,
      "eval_acc": 0.9697265625
    },
    "17": {
      "eval_loss": 0.1877097515175592,
      "eval_acc": 0.9755859375
    },
    "18": {
      "eval_loss": 0.1866226386412677,
      "eval_acc": 0.978515625
    },
    "19": {
      "eval_loss": 0.1774087382751759,
      "eval_acc": 0.9765625
    },
    "20": {
      "eval_loss": 0.21830429587180333,
      "eval_acc": 0.9697265625
    }
  },
  "server_evaluate_metrics": {
    "0": {
      "loss": 0.9564277529716492,
      "accuracy": 0.68125
    },
    "1": {
      "loss": 0.7373301610350609,
      "accuracy": 0.7
    },
    "2": {
      "loss": 0.6289379522204399,
      "accuracy": 0.7359375
    },
    "3": {
      "loss": 0.5966091617941857,
      "accuracy": 0.746875
    },
    "4": {
      "loss": 0.5116100609302521,
      "accuracy": 0.7984375
    },
    "5": {
      "loss": 0.5499571457505226,
      "accuracy": 0.8125
    },
    "6": {
      "loss": 0.7356228411197663,
      "accuracy": 0.8234375
    },
    "7": {
      "loss": 0.6992507867515088,
      "accuracy": 0.8671875
    },
    "8": {
      "loss": 0.5744928615167737,
      "accuracy": 0.90625
    },
    "9": {
      "loss": 0.3974129459995311,
      "accuracy": 0.928125
    },
    "10": {
      "loss": 0.34981727881095137,
      "accuracy": 0.934375
    },
    "11": {
      "loss": 0.31591222127899526,
      "accuracy": 0.93125
    },
    "12": {
      "loss": 0.2861578758340329,
      "accuracy": 0.9390625
    },
    "13": {
      "loss": 0.2589932688511908,
      "accuracy": 0.934375
    },
    "14": {
      "loss": 0.2759624055586755,
      "accuracy": 0.9390625
    },
    "15": {
      "loss": 0.28768769446760417,
      "accuracy": 0.9484375
    },
    "16": {
      "loss": 0.30852887296350673,
      "accuracy": 0.95625
    },
    "17": {
      "loss": 0.3690241426927969,
      "accuracy": 0.9640625
    },
    "18": {
      "loss": 0.41328843803785276,
      "accuracy": 0.9609375
    },
    "19": {
      "loss": 0.39066771601683287,
      "accuracy": 0.9578125
    },
    "20": {
      "loss": 0.40886710742051946,
      "accuracy": 0.9578125
    }
  }
}
