{
  "metadata": {
    "run_name": "main__homogeneous__vanilla__fedyogi__noise-0.01__seed-43",
    "data_module": "experiments.reproduce.dataset.alzheimer:create_data_module",
    "partition_mode": "homogeneous",
    "partition_profile": "auto",
    "privacy": "vanilla",
    "aggregation": "fedyogi",
    "seed": 43,
    "num_clients": 4,
    "rounds": 20,
    "local_epochs": 5,
    "noise_multiplier": 0.01,
    "clipping_norm": 5.0,
    "initialization_pretrained": true,
    "initialization_epochs": 20,
    "initialization_final_loss": 0.24694598242640495
  },
  "train_metrics": {
    "1": {
      "train_loss": 0.5299491041805595,
      "train_loss_mean": 0.6922643323428929
    },
    "2": {
      "train_loss": 0.38705326203489676,
      "train_loss_mean": 0.5659910841961391
    },
    "3": {
      "train_loss": 0.23849668161710724,
      "train_loss_mean": 0.40991036511259155
    },
    "4": {
      "train_loss": 0.14034986465412658,
      "train_loss_mean": 0.26988349604944234
    },
    "5": {
      "train_loss": 0.09211999085528078,
      "train_loss_mean": 0.17604749172023731
    },
    "6": {
      "train_loss": 0.07013903997176385,
      "train_loss_mean": 0.13534498067874667
    },
    "7": {
      "train_loss": 0.06487478716735495,
      "train_loss_mean": 0.10844221633851703
    },
    "8": {
      "train_loss": 0.03951951502341444,
      "train_loss_mean": 0.08547608265006375
    },
    "9": {
      "train_loss": 0.04178687133776293,
      "train_loss_mean": 0.07388301064009398
    },
    "10": {
      "train_loss": 0.03422267993425976,
      "train_loss_mean": 0.05835981344770365
    },
    "11": {
      "train_loss": 0.03483320596947692,
      "train_loss_mean": 0.04984101934378788
    },
    "12": {
      "train_loss": 0.02455673662444724,
      "train_loss_mean": 0.035552587675332245
    },
    "13": {
      "train_loss": 0.043047605087716434,
      "train_loss_mean": 0.034681424709251556
    },
    "14": {
      "train_loss": 0.028363066749766297,
      "train_loss_mean": 0.030340502800429367
    },
    "15": {
      "train_loss": 0.03702749438273978,
      "train_loss_mean": 0.029835847347907098
    },
    "16": {
      "train_loss": 0.021894472075230098,
      "train_loss_mean": 0.023219268330878066
    },
    "17": {
      "train_loss": 0.030215544387669713,
      "train_loss_mean": 0.02689456596461696
    },
    "18": {
      "train_loss": 0.028675050126721002,
      "train_loss_mean": 0.023584812126165706
    },
    "19": {
      "train_loss": 0.027180786741967916,
      "train_loss_mean": 0.028576567898427933
    },
    "20": {
      "train_loss": 0.02652371654811775,
      "train_loss_mean": 0.027528548505005582
    }
  },
  "client_evaluate_metrics": {
    "1": {
      "eval_loss": 0.7492819307371974,
      "eval_acc": 0.6962890625
    },
    "2": {
      "eval_loss": 0.620106260292232,
      "eval_acc": 0.740234375
    },
    "3": {
      "eval_loss": 0.5321011338382959,
      "eval_acc": 0.8037109375
    },
    "4": {
      "eval_loss": 0.41265620244666934,
      "eval_acc": 0.833984375
    },
    "5": {
      "eval_loss": 0.4290728992782533,
      "eval_acc": 0.859375
    },
    "6": {
      "eval_loss": 0.5609776536002755,
      "eval_acc": 0.880859375
    },
    "7": {
      "eval_loss": 0.7115119560621679,
      "eval_acc": 0.8876953125
    },
    "8": {
      "eval_loss": 0.7391330316313542,
      "eval_acc": 0.9111328125
    },
    "9": {
      "eval_loss": 0.6310838171557407,
      "eval_acc": 0.9248046875
    },
    "10": {
      "eval_loss": 0.4544212396587568,
      "eval_acc": 0.947265625
    },
    "11": {
      "eval_loss": 0.3037041705911179,
      "eval_acc": 0.955078125
    },
    "12": {
      "eval_loss": 0.22935712952676113,
      "eval_acc": 0.9619140625
    },
    "13": {
      "eval_loss": 0.2146645555185387,
      "eval_acc": 0.9560546875
    },
    "14": {
      "eval_loss": 0.22741063084686175,
      "eval_acc": 0.9501953125
    },
    "15": {
      "eval_loss": 0.2524840756964295,
      "eval_acc": 0.953125
    },
    "16": {
      "eval_loss": 0.29136163612135135,
      "eval_acc": 0.9599609375
    },
    "17": {
      "eval_loss": 0.32125021690095323,
      "eval_acc": 0.962890625
    },
    "18": {
      "eval_loss": 0.3370220862361606,
      "eval_acc": 0.9658203125
    },
    "19": {
      "eval_loss": 0.31890912395132887,
      "eval_acc": 0.9697265625
    },
    "20": {
      "eval_loss": 0.30041746762992716,
      "eval_acc": 0.9677734375
    }
  },
  "server_evaluate_metrics": {
    "0": {
      "loss": 1.1216643840074538,
      "accuracy": 0.653125
    },
    "1": {
      "loss": 0.7562856942415237,
      "accuracy": 0.678125
    },
    "2": {
      "loss": 0.6376228779554367,
      "accuracy": 0.734375
    },
    "3": {
      "loss": 0.5648925706744194,
      "accuracy": 0.784375
    },
    "4": {
      "loss": 0.4986566245555878,
      "accuracy": 0.796875
    },
    "5": {
      "loss": 0.5858058474957943,
      "accuracy": 0.8421875
    },
    "6": {
      "loss": 0.8102790968492627,
      "accuracy": 0.859375
    },
    "7": {
      "loss": 1.0186623124405743,
      "accuracy": 0.8765625
    },
    "8": {
      "loss": 1.1123151548206807,
      "accuracy": 0.8890625
    },
    "9": {
      "loss": 0.9972371749579907,
      "accuracy": 0.9046875
    },
    "10": {
      "loss": 0.815683639422059,
      "accuracy": 0.9203125
    },
    "11": {
      "loss": 0.6090043377596885,
      "accuracy": 0.9359375
    },
    "12": {
      "loss": 0.4924963743425906,
      "accuracy": 0.9359375
    },
    "13": {
      "loss": 0.4289951894665137,
      "accuracy": 0.925
    },
    "14": {
      "loss": 0.39939326187595725,
      "accuracy": 0.93125
    },
    "15": {
      "loss": 0.4235678673023358,
      "accuracy": 0.9421875
    },
    "16": {
      "loss": 0.4987128135631792,
      "accuracy": 0.940625
    },
    "17": {
      "loss": 0.5776711831684225,
      "accuracy": 0.9421875
    },
    "18": {
      "loss": 0.6653553514770465,
      "accuracy": 0.9421875
    },
    "19": {
      "loss": 0.6964948514272692,
      "accuracy": 0.9390625
    },
    "20": {
      "loss": 0.6498394240130437,
      "accuracy": 0.9390625
    }
  }
}
