{
  "metadata": {
    "run_name": "main__homogeneous__global-dp__fedavgm__noise-0.01__seed-42",
    "data_module": "experiments.reproduce.dataset.alzheimer:create_data_module",
    "partition_mode": "homogeneous",
    "partition_profile": "auto",
    "privacy": "global-dp",
    "aggregation": "fedavgm",
    "seed": 42,
    "num_clients": 4,
    "rounds": 20,
    "local_epochs": 5,
    "noise_multiplier": 0.01,
    "clipping_norm": 5.0,
    "initialization_pretrained": true,
    "initialization_epochs": 20,
    "initialization_final_loss": 0.6618896692991256
  },
  "train_metrics": {
    "1": {
      "train_loss": 0.6334914846811444,
      "train_loss_mean": 0.7408786460757256
    },
    "2": {
      "train_loss": 0.6187086014542729,
      "train_loss_mean": 0.737219596002251
    },
    "3": {
      "train_loss": 0.5822700513526797,
      "train_loss_mean": 0.7104587616398931
    },
    "4": {
      "train_loss": 0.5733373223338276,
      "train_loss_mean": 0.7014008932746947
    },
    "5": {
      "train_loss": 0.5429197412449867,
      "train_loss_mean": 0.6775627307593823
    },
    "6": {
      "train_loss": 0.4977482622489333,
      "train_loss_mean": 0.6508949309587478
    },
    "7": {
      "train_loss": 0.474161991965957,
      "train_loss_mean": 0.6286010698182509
    },
    "8": {
      "train_loss": 0.43793775944504887,
      "train_loss_mean": 0.6039783145301043
    },
    "9": {
      "train_loss": 0.4200207287212834,
      "train_loss_mean": 0.5814823937835172
    },
    "10": {
      "train_loss": 0.38886118319351226,
      "train_loss_mean": 0.5613759580766782
    },
    "11": {
      "train_loss": 0.34382743993774056,
      "train_loss_mean": 0.5230592491803691
    },
    "12": {
      "train_loss": 0.31861005222890526,
      "train_loss_mean": 0.49984815013594924
    },
    "13": {
      "train_loss": 0.3076977648306638,
      "train_loss_mean": 0.47834680371452126
    },
    "14": {
      "train_loss": 0.28864552377490327,
      "train_loss_mean": 0.45856405656086274
    },
    "15": {
      "train_loss": 0.24380980484420434,
      "train_loss_mean": 0.4195947191445157
    },
    "16": {
      "train_loss": 0.24070466859848239,
      "train_loss_mean": 0.4017505447089207
    },
    "17": {
      "train_loss": 0.2102243375557009,
      "train_loss_mean": 0.37203905061469417
    },
    "18": {
      "train_loss": 0.20992026384919882,
      "train_loss_mean": 0.3580165020772256
    },
    "19": {
      "train_loss": 0.18547824386041611,
      "train_loss_mean": 0.3350754483253695
    },
    "20": {
      "train_loss": 0.1898181016149465,
      "train_loss_mean": 0.3133179944939911
    }
  },
  "client_evaluate_metrics": {
    "1": {
      "eval_loss": 0.8828218951821327,
      "eval_acc": 0.607421875
    },
    "2": {
      "eval_loss": 0.8513294793665409,
      "eval_acc": 0.6123046875
    },
    "3": {
      "eval_loss": 0.8228114265948534,
      "eval_acc": 0.623046875
    },
    "4": {
      "eval_loss": 0.827127244323492,
      "eval_acc": 0.62890625
    },
    "5": {
      "eval_loss": 0.799813924357295,
      "eval_acc": 0.6357421875
    },
    "6": {
      "eval_loss": 0.7732413914054632,
      "eval_acc": 0.646484375
    },
    "7": {
      "eval_loss": 0.7577017452567816,
      "eval_acc": 0.662109375
    },
    "8": {
      "eval_loss": 0.741607503965497,
      "eval_acc": 0.6708984375
    },
    "9": {
      "eval_loss": 0.7316928245127201,
      "eval_acc": 0.66015625
    },
    "10": {
      "eval_loss": 0.7160022724419832,
      "eval_acc": 0.67578125
    },
    "11": {
      "eval_loss": 0.7194010373204947,
      "eval_acc": 0.6748046875
    },
    "12": {
      "eval_loss": 0.689887972548604,
      "eval_acc": 0.697265625
    },
    "13": {
      "eval_loss": 0.697591470554471,
      "eval_acc": 0.6884765625
    },
    "14": {
      "eval_loss": 0.6832550605759025,
      "eval_acc": 0.7001953125
    },
    "15": {
      "eval_loss": 0.6522025568410754,
      "eval_acc": 0.7177734375
    },
    "16": {
      "eval_loss": 0.6413277499377728,
      "eval_acc": 0.712890625
    },
    "17": {
      "eval_loss": 0.6256454773247242,
      "eval_acc": 0.7314453125
    },
    "18": {
      "eval_loss": 0.5784539943560958,
      "eval_acc": 0.748046875
    },
    "19": {
      "eval_loss": 0.5727326823398471,
      "eval_acc": 0.751953125
    },
    "20": {
      "eval_loss": 0.5601632203906775,
      "eval_acc": 0.759765625
    }
  },
  "server_evaluate_metrics": {
    "0": {
      "loss": 0.8943702459335328,
      "accuracy": 0.5953125
    },
    "1": {
      "loss": 0.8993580520153046,
      "accuracy": 0.6
    },
    "2": {
      "loss": 0.8709522694349289,
      "accuracy": 0.59375
    },
    "3": {
      "loss": 0.8407011449337005,
      "accuracy": 0.6140625
    },
    "4": {
      "loss": 0.8430391550064087,
      "accuracy": 0.61875
    },
    "5": {
      "loss": 0.8088715225458145,
      "accuracy": 0.628125
    },
    "6": {
      "loss": 0.7764254033565521,
      "accuracy": 0.65
    },
    "7": {
      "loss": 0.7604605436325074,
      "accuracy": 0.65625
    },
    "8": {
      "loss": 0.7439508318901062,
      "accuracy": 0.66875
    },
    "9": {
      "loss": 0.7378656953573227,
      "accuracy": 0.6671875
    },
    "10": {
      "loss": 0.7300877884030342,
      "accuracy": 0.671875
    },
    "11": {
      "loss": 0.7178779348731041,
      "accuracy": 0.690625
    },
    "12": {
      "loss": 0.696572795510292,
      "accuracy": 0.6875
    },
    "13": {
      "loss": 0.6962375253438949,
      "accuracy": 0.6890625
    },
    "14": {
      "loss": 0.6807405143976212,
      "accuracy": 0.7078125
    },
    "15": {
      "loss": 0.6637992113828659,
      "accuracy": 0.715625
    },
    "16": {
      "loss": 0.649447639286518,
      "accuracy": 0.7046875
    },
    "17": {
      "loss": 0.640012688934803,
      "accuracy": 0.7203125
    },
    "18": {
      "loss": 0.5929862782359123,
      "accuracy": 0.7421875
    },
    "19": {
      "loss": 0.5886229380965233,
      "accuracy": 0.7578125
    },
    "20": {
      "loss": 0.5904871642589569,
      "accuracy": 0.7484375
    }
  }
}
