{
  "metadata": {
    "run_name": "main__non-iid__vanilla__fedopt__noise-0.01__seed-42",
    "data_module": "experiments.reproduce.dataset.alzheimer:create_data_module",
    "partition_mode": "non-iid",
    "partition_profile": "auto",
    "privacy": "vanilla",
    "aggregation": "fedopt",
    "seed": 42,
    "num_clients": 4,
    "rounds": 20,
    "local_epochs": 5,
    "noise_multiplier": 0.01,
    "clipping_norm": 5.0,
    "initialization_pretrained": true,
    "initialization_epochs": 20,
    "initialization_final_loss": 0.5964478358626366
  },
  "train_metrics": {
    "1": {
      "train_loss": 0.46813025009241926,
      "train_loss_mean": 0.657147811883883
    },
    "2": {
      "train_loss": 10.607167890552898,
      "train_loss_mean": 27.202526948687268
    },
    "3": {
      "train_loss": 1.253615105944141,
      "train_loss_mean": 11.206494840649086
    },
    "4": {
      "train_loss": 1.005459643802121,
      "train_loss_mean": 1.9089170910377997
    },
    "5": {
      "train_loss": 1.0811976719962484,
      "train_loss_mean": 4.5699619301220356
    },
    "6": {
      "train_loss": 1.041710813714052,
      "train_loss_mean": 1.0550235072140817
    },
    "7": {
      "train_loss": 1.0377107966394616,
      "train_loss_mean": 1.0437524042015374
    },
    "8": {
      "train_loss": 1.0366082871082531,
      "train_loss_mean": 1.0432932525858625
    },
    "9": {
      "train_loss": 1.0367208426908336,
      "train_loss_mean": 1.0435373033758601
    },
    "10": {
      "train_loss": 1.0365839336753533,
      "train_loss_mean": 1.0424934757093598
    },
    "11": {
      "train_loss": 1.0366020989988742,
      "train_loss_mean": 1.0421920122346704
    },
    "12": {
      "train_loss": 1.036556760217716,
      "train_loss_mean": 1.04561610177021
    },
    "13": {
      "train_loss": 1.0364283714343352,
      "train_loss_mean": 1.0416539558533873
    },
    "14": {
      "train_loss": 1.0364825782626794,
      "train_loss_mean": 1.0440919070111057
    },
    "15": {
      "train_loss": 1.0364079091626957,
      "train_loss_mean": 1.041957462966646
    },
    "16": {
      "train_loss": 1.0369267026039817,
      "train_loss_mean": 1.146839933416933
    },
    "17": {
      "train_loss": 1.037082783350085,
      "train_loss_mean": 2.0573019781954764
    },
    "18": {
      "train_loss": 1.0360304226686619,
      "train_loss_mean": 1.0458715127862017
    },
    "19": {
      "train_loss": 1.0357430985513174,
      "train_loss_mean": 1.0460367860448145
    },
    "20": {
      "train_loss": 1.035780809481201,
      "train_loss_mean": 1.0448217659737344
    }
  },
  "client_evaluate_metrics": {
    "1": {
      "eval_loss": 39.426376015586925,
      "eval_acc": 0.5019493177387915
    },
    "2": {
      "eval_loss": 57.032638222618175,
      "eval_acc": 0.3469785575048733
    },
    "3": {
      "eval_loss": 20.076177377682214,
      "eval_acc": 0.3469785575048733
    },
    "4": {
      "eval_loss": 57.032638222618175,
      "eval_acc": 0.3469785575048733
    },
    "5": {
      "eval_loss": 1.0984018127820645,
      "eval_acc": 0.5019493177387914
    },
    "6": {
      "eval_loss": 1.2353456043592903,
      "eval_acc": 0.5019493177387914
    },
    "7": {
      "eval_loss": 1.0814623312178642,
      "eval_acc": 0.5019493177387914
    },
    "8": {
      "eval_loss": 1.0642073112621642,
      "eval_acc": 0.5019493177387915
    },
    "9": {
      "eval_loss": 1.0736866922174046,
      "eval_acc": 0.5019493177387914
    },
    "10": {
      "eval_loss": 1.0638933135287338,
      "eval_acc": 0.5019493177387914
    },
    "11": {
      "eval_loss": 1.3223540504076328,
      "eval_acc": 0.40253411306042886
    },
    "12": {
      "eval_loss": 1.0631513679236697,
      "eval_acc": 0.5019493177387914
    },
    "13": {
      "eval_loss": 1.0857765772189312,
      "eval_acc": 0.5019493177387914
    },
    "14": {
      "eval_loss": 1.0659718039440134,
      "eval_acc": 0.5019493177387914
    },
    "15": {
      "eval_loss": 3.858667691548665,
      "eval_acc": 0.2894736842105263
    },
    "16": {
      "eval_loss": 43.498027243809396,
      "eval_acc": 0.5019493177387914
    },
    "17": {
      "eval_loss": 1.101939560144733,
      "eval_acc": 0.3469785575048733
    },
    "18": {
      "eval_loss": 1.0980650156329714,
      "eval_acc": 0.5019493177387915
    },
    "19": {
      "eval_loss": 1.0962103114955373,
      "eval_acc": 0.3469785575048733
    },
    "20": {
      "eval_loss": 1.0986196000208863,
      "eval_acc": 0.5019493177387914
    }
  },
  "server_evaluate_metrics": {
    "0": {
      "loss": 0.8275184035301208,
      "accuracy": 0.6234375
    },
    "1": {
      "loss": 35.943237495422366,
      "accuracy": 0.546875
    },
    "2": {
      "loss": 55.94997577667236,
      "accuracy": 0.359375
    },
    "3": {
      "loss": 19.469785833358763,
      "accuracy": 0.359375
    },
    "4": {
      "loss": 55.94997577667236,
      "accuracy": 0.359375
    },
    "5": {
      "loss": 1.1013705909252167,
      "accuracy": 0.4953125
    },
    "6": {
      "loss": 1.1995736211538315,
      "accuracy": 0.4953125
    },
    "7": {
      "loss": 1.084079200029373,
      "accuracy": 0.4953125
    },
    "8": {
      "loss": 1.0610383093357085,
      "accuracy": 0.4953125
    },
    "9": {
      "loss": 1.0765796959400178,
      "accuracy": 0.4953125
    },
    "10": {
      "loss": 1.0608874350786208,
      "accuracy": 0.4953125
    },
    "11": {
      "loss": 1.4054622292518615,
      "accuracy": 0.3578125
    },
    "12": {
      "loss": 1.060586392879486,
      "accuracy": 0.4953125
    },
    "13": {
      "loss": 1.089321917295456,
      "accuracy": 0.4953125
    },
    "14": {
      "loss": 1.0637397289276123,
      "accuracy": 0.4953125
    },
    "15": {
      "loss": 3.936882758140564,
      "accuracy": 0.3421875
    },
    "16": {
      "loss": 44.07766399383545,
      "accuracy": 0.4953125
    },
    "17": {
      "loss": 1.1005145072937013,
      "accuracy": 0.359375
    },
    "18": {
      "loss": 1.1033834964036942,
      "accuracy": 0.4953125
    },
    "19": {
      "loss": 1.0952138006687164,
      "accuracy": 0.359375
    },
    "20": {
      "loss": 1.104142701625824,
      "accuracy": 0.4953125
    }
  }
}
