{
  "metadata": {
    "run_name": "main__homogeneous__vanilla__fedmedian__noise-0.01__seed-43",
    "data_module": "experiments.reproduce.dataset.alzheimer:create_data_module",
    "partition_mode": "homogeneous",
    "partition_profile": "auto",
    "privacy": "vanilla",
    "aggregation": "fedmedian",
    "seed": 43,
    "num_clients": 4,
    "rounds": 20,
    "local_epochs": 5,
    "noise_multiplier": 0.01,
    "clipping_norm": 5.0,
    "initialization_pretrained": false,
    "initialization_epochs": 0,
    "initialization_final_loss": null
  },
  "train_metrics": {
    "1": {
      "train_loss": 0.949000405613333,
      "train_loss_mean": 1.0223566748201847
    },
    "2": {
      "train_loss": 0.8293409487232566,
      "train_loss_mean": 0.9071806883439422
    },
    "3": {
      "train_loss": 0.6291821929626167,
      "train_loss_mean": 0.7530299757607282
    },
    "4": {
      "train_loss": 0.39881758647970855,
      "train_loss_mean": 0.551316959830001
    },
    "5": {
      "train_loss": 0.23356971360044554,
      "train_loss_mean": 0.3654902567272075
    },
    "6": {
      "train_loss": 0.14495051896665245,
      "train_loss_mean": 0.23748104728292674
    },
    "7": {
      "train_loss": 0.09115725718584144,
      "train_loss_mean": 0.15165836713567843
    },
    "8": {
      "train_loss": 0.07636951158019656,
      "train_loss_mean": 0.10770090353107663
    },
    "9": {
      "train_loss": 0.07542051918790094,
      "train_loss_mean": 0.09301351938593144
    },
    "10": {
      "train_loss": 0.05784209774355986,
      "train_loss_mean": 0.07324286975599534
    },
    "11": {
      "train_loss": 0.051535416234401055,
      "train_loss_mean": 0.05984773190193664
    },
    "12": {
      "train_loss": 0.037956082460368634,
      "train_loss_mean": 0.04939694643071562
    },
    "13": {
      "train_loss": 0.04901367821912572,
      "train_loss_mean": 0.04233605487082741
    },
    "14": {
      "train_loss": 0.028266732658948968,
      "train_loss_mean": 0.044496549702239464
    },
    "15": {
      "train_loss": 0.037803770019991134,
      "train_loss_mean": 0.0352964861439375
    },
    "16": {
      "train_loss": 0.052647813932935605,
      "train_loss_mean": 0.03628773000457386
    },
    "17": {
      "train_loss": 0.037763042053200024,
      "train_loss_mean": 0.03111308678469413
    },
    "18": {
      "train_loss": 0.02932212047437588,
      "train_loss_mean": 0.026049946939595968
    },
    "19": {
      "train_loss": 0.03757985959703092,
      "train_loss_mean": 0.02881486070342305
    },
    "20": {
      "train_loss": 0.030245641629335296,
      "train_loss_mean": 0.027945171596135767
    }
  },
  "client_evaluate_metrics": {
    "1": {
      "eval_loss": 0.9964689053595066,
      "eval_acc": 0.509765625
    },
    "2": {
      "eval_loss": 0.8587842117995024,
      "eval_acc": 0.5712890625
    },
    "3": {
      "eval_loss": 0.7345486674457788,
      "eval_acc": 0.646484375
    },
    "4": {
      "eval_loss": 0.5474424762651324,
      "eval_acc": 0.759765625
    },
    "5": {
      "eval_loss": 0.5165457269176841,
      "eval_acc": 0.7861328125
    },
    "6": {
      "eval_loss": 0.3835360174998641,
      "eval_acc": 0.8544921875
    },
    "7": {
      "eval_loss": 0.3246355182491243,
      "eval_acc": 0.89453125
    },
    "8": {
      "eval_loss": 0.29390762303955853,
      "eval_acc": 0.9091796875
    },
    "9": {
      "eval_loss": 0.2972701988182962,
      "eval_acc": 0.90625
    },
    "10": {
      "eval_loss": 0.24750493961619213,
      "eval_acc": 0.9345703125
    },
    "11": {
      "eval_loss": 0.23108912992756814,
      "eval_acc": 0.9365234375
    },
    "12": {
      "eval_loss": 0.2394228587509133,
      "eval_acc": 0.9423828125
    },
    "13": {
      "eval_loss": 0.23766482938663103,
      "eval_acc": 0.9404296875
    },
    "14": {
      "eval_loss": 0.21560842245526146,
      "eval_acc": 0.9541015625
    },
    "15": {
      "eval_loss": 0.20670788193820044,
      "eval_acc": 0.9423828125
    },
    "16": {
      "eval_loss": 0.20571801826008596,
      "eval_acc": 0.9462890625
    },
    "17": {
      "eval_loss": 0.22170608026499394,
      "eval_acc": 0.94921875
    },
    "18": {
      "eval_loss": 0.18852508114650846,
      "eval_acc": 0.9580078125
    },
    "19": {
      "eval_loss": 0.19071934759267606,
      "eval_acc": 0.9619140625
    },
    "20": {
      "eval_loss": 0.19527501304401085,
      "eval_acc": 0.95703125
    }
  },
  "server_evaluate_metrics": {
    "0": {
      "loss": 1.3831079185009003,
      "accuracy": 0.134375
    },
    "1": {
      "loss": 1.0016018122434616,
      "accuracy": 0.496875
    },
    "2": {
      "loss": 0.8984670996665954,
      "accuracy": 0.5453125
    },
    "3": {
      "loss": 0.774975024163723,
      "accuracy": 0.6484375
    },
    "4": {
      "loss": 0.6314653053879737,
      "accuracy": 0.7359375
    },
    "5": {
      "loss": 0.6046181321144104,
      "accuracy": 0.76875
    },
    "6": {
      "loss": 0.49973590672016144,
      "accuracy": 0.8359375
    },
    "7": {
      "loss": 0.4486569672822952,
      "accuracy": 0.88125
    },
    "8": {
      "loss": 0.4220594108104706,
      "accuracy": 0.89375
    },
    "9": {
      "loss": 0.4165058609098196,
      "accuracy": 0.8859375
    },
    "10": {
      "loss": 0.41008939407765865,
      "accuracy": 0.909375
    },
    "11": {
      "loss": 0.3878780139610171,
      "accuracy": 0.9203125
    },
    "12": {
      "loss": 0.42138759382069113,
      "accuracy": 0.9296875
    },
    "13": {
      "loss": 0.3748555432073772,
      "accuracy": 0.9078125
    },
    "14": {
      "loss": 0.40110403662547467,
      "accuracy": 0.9359375
    },
    "15": {
      "loss": 0.31978931752964856,
      "accuracy": 0.9296875
    },
    "16": {
      "loss": 0.34281678749248384,
      "accuracy": 0.940625
    },
    "17": {
      "loss": 0.3934957706136629,
      "accuracy": 0.9375
    },
    "18": {
      "loss": 0.4109045681543648,
      "accuracy": 0.9375
    },
    "19": {
      "loss": 0.36891136518679557,
      "accuracy": 0.940625
    },
    "20": {
      "loss": 0.3673592613195069,
      "accuracy": 0.9390625
    }
  }
}
