{
  "metadata": {
    "run_name": "main__homogeneous__metric-privacy__fedavgm__noise-0.01__seed-45",
    "data_module": "experiments.reproduce.dataset.alzheimer:create_data_module",
    "partition_mode": "homogeneous",
    "partition_profile": "auto",
    "privacy": "metric-privacy",
    "aggregation": "fedavgm",
    "seed": 45,
    "num_clients": 4,
    "rounds": 20,
    "local_epochs": 5,
    "noise_multiplier": 0.01,
    "clipping_norm": 5.0,
    "initialization_pretrained": true,
    "initialization_epochs": 20,
    "initialization_final_loss": 0.41748533099889756
  },
  "train_metrics": {
    "1": {
      "train_loss": 0.4690795545466244,
      "train_loss_mean": 0.6592738219536841,
      "metric-dp-distance": 1.8742604314271982,
      "metric-dp-noise-stdv": 0.0066692972814250745
    },
    "2": {
      "train_loss": 0.4516368575859815,
      "train_loss_mean": 0.6491712196730077,
      "metric-dp-distance": 1.8827562865335494,
      "metric-dp-noise-stdv": 0.006639202370166808
    },
    "3": {
      "train_loss": 0.4312534957425669,
      "train_loss_mean": 0.6310329140862451,
      "metric-dp-distance": 1.8777438257432852,
      "metric-dp-noise-stdv": 0.006656925097358265
    },
    "4": {
      "train_loss": 0.3985494391527027,
      "train_loss_mean": 0.6085785468108952,
      "metric-dp-distance": 1.8709018991018336,
      "metric-dp-noise-stdv": 0.006681269609059081
    },
    "5": {
      "train_loss": 0.3755879048258066,
      "train_loss_mean": 0.5880656422581524,
      "metric-dp-distance": 1.9347447577941541,
      "metric-dp-noise-stdv": 0.006460800552446789
    },
    "6": {
      "train_loss": 0.34261475584935397,
      "train_loss_mean": 0.5616738528711722,
      "metric-dp-distance": 1.9274117570991318,
      "metric-dp-noise-stdv": 0.006485381213411937
    },
    "7": {
      "train_loss": 0.31899150705430657,
      "train_loss_mean": 0.5433151345700026,
      "metric-dp-distance": 1.901670442816491,
      "metric-dp-noise-stdv": 0.006573168367431073
    },
    "8": {
      "train_loss": 0.2990529105300084,
      "train_loss_mean": 0.5171630918281153,
      "metric-dp-distance": 1.9294346067278336,
      "metric-dp-noise-stdv": 0.006478581837608375
    },
    "9": {
      "train_loss": 0.2702353920903988,
      "train_loss_mean": 0.4904996528639458,
      "metric-dp-distance": 1.944535302463919,
      "metric-dp-noise-stdv": 0.00642827105486913
    },
    "10": {
      "train_loss": 0.24752513342536986,
      "train_loss_mean": 0.4704480038257316,
      "metric-dp-distance": 1.904939203367879,
      "metric-dp-noise-stdv": 0.006561889207750228
    },
    "11": {
      "train_loss": 0.22243898501619697,
      "train_loss_mean": 0.4451686260756105,
      "metric-dp-distance": 1.8843295704573393,
      "metric-dp-noise-stdv": 0.006633659098692681
    },
    "12": {
      "train_loss": 0.2084597295615822,
      "train_loss_mean": 0.4245714929886162,
      "metric-dp-distance": 1.9137876549890886,
      "metric-dp-noise-stdv": 0.006531550126480082
    },
    "13": {
      "train_loss": 0.19791502779116854,
      "train_loss_mean": 0.4105523943668231,
      "metric-dp-distance": 1.8009523863438517,
      "metric-dp-noise-stdv": 0.006940772057487034
    },
    "14": {
      "train_loss": 0.18064728355966508,
      "train_loss_mean": 0.38690852428553624,
      "metric-dp-distance": 1.7869792977968852,
      "metric-dp-noise-stdv": 0.006995044663030448
    },
    "15": {
      "train_loss": 0.16390293452423066,
      "train_loss_mean": 0.3707787494407967,
      "metric-dp-distance": 1.7769935100028913,
      "metric-dp-noise-stdv": 0.007034353209303314
    },
    "16": {
      "train_loss": 0.15544645037152804,
      "train_loss_mean": 0.350387027009856,
      "metric-dp-distance": 1.7462905617430806,
      "metric-dp-noise-stdv": 0.007158029868479033
    },
    "17": {
      "train_loss": 0.1434464433696121,
      "train_loss_mean": 0.32667894642800094,
      "metric-dp-distance": 1.7177710827284802,
      "metric-dp-noise-stdv": 0.007276871828663689
    },
    "18": {
      "train_loss": 0.14074531040387228,
      "train_loss_mean": 0.3201821522554382,
      "metric-dp-distance": 1.6733284914710869,
      "metric-dp-noise-stdv": 0.007470141137088256
    },
    "19": {
      "train_loss": 0.12879045424051583,
      "train_loss_mean": 0.29098028829321265,
      "metric-dp-distance": 1.6485266009500872,
      "metric-dp-noise-stdv": 0.007582528539603751
    },
    "20": {
      "train_loss": 0.11365551259950735,
      "train_loss_mean": 0.2776589598041028,
      "metric-dp-distance": 1.6032109271424513,
      "metric-dp-noise-stdv": 0.007796853045581399
    }
  },
  "client_evaluate_metrics": {
    "1": {
      "eval_loss": 1.1418760996311903,
      "eval_acc": 0.6650390625
    },
    "2": {
      "eval_loss": 1.045997068285942,
      "eval_acc": 0.6728515625
    },
    "3": {
      "eval_loss": 0.9934001062065363,
      "eval_acc": 0.673828125
    },
    "4": {
      "eval_loss": 1.0323313623666763,
      "eval_acc": 0.6650390625
    },
    "5": {
      "eval_loss": 0.9533735141158104,
      "eval_acc": 0.6787109375
    },
    "6": {
      "eval_loss": 0.8860157430171967,
      "eval_acc": 0.6884765625
    },
    "7": {
      "eval_loss": 0.8471142072230577,
      "eval_acc": 0.69140625
    },
    "8": {
      "eval_loss": 0.829171571880579,
      "eval_acc": 0.689453125
    },
    "9": {
      "eval_loss": 0.8021273855119944,
      "eval_acc": 0.703125
    },
    "10": {
      "eval_loss": 0.7634981432929635,
      "eval_acc": 0.703125
    },
    "11": {
      "eval_loss": 0.7540226867422462,
      "eval_acc": 0.7099609375
    },
    "12": {
      "eval_loss": 0.7417661380022764,
      "eval_acc": 0.71875
    },
    "13": {
      "eval_loss": 0.6965767368674278,
      "eval_acc": 0.72265625
    },
    "14": {
      "eval_loss": 0.6751752402633429,
      "eval_acc": 0.7353515625
    },
    "15": {
      "eval_loss": 0.6620918065309525,
      "eval_acc": 0.7353515625
    },
    "16": {
      "eval_loss": 0.6428738078102469,
      "eval_acc": 0.744140625
    },
    "17": {
      "eval_loss": 0.6315385159105062,
      "eval_acc": 0.759765625
    },
    "18": {
      "eval_loss": 0.5952142560854554,
      "eval_acc": 0.767578125
    },
    "19": {
      "eval_loss": 0.5515007218346,
      "eval_acc": 0.7802734375
    },
    "20": {
      "eval_loss": 0.5333826765418053,
      "eval_acc": 0.77734375
    }
  },
  "server_evaluate_metrics": {
    "0": {
      "loss": 1.2104347854852677,
      "accuracy": 0.6109375
    },
    "1": {
      "loss": 1.226412945985794,
      "accuracy": 0.6171875
    },
    "2": {
      "loss": 1.1242878228425979,
      "accuracy": 0.6296875
    },
    "3": {
      "loss": 1.0632162034511565,
      "accuracy": 0.6328125
    },
    "4": {
      "loss": 1.1141682416200638,
      "accuracy": 0.61875
    },
    "5": {
      "loss": 1.029107901453972,
      "accuracy": 0.6359375
    },
    "6": {
      "loss": 0.9625920161604882,
      "accuracy": 0.6453125
    },
    "7": {
      "loss": 0.9142564952373504,
      "accuracy": 0.6546875
    },
    "8": {
      "loss": 0.900015053153038,
      "accuracy": 0.65
    },
    "9": {
      "loss": 0.8704337194561959,
      "accuracy": 0.6640625
    },
    "10": {
      "loss": 0.8311505585908889,
      "accuracy": 0.665625
    },
    "11": {
      "loss": 0.8193907618522644,
      "accuracy": 0.671875
    },
    "12": {
      "loss": 0.8076285853981972,
      "accuracy": 0.690625
    },
    "13": {
      "loss": 0.7561617165803909,
      "accuracy": 0.703125
    },
    "14": {
      "loss": 0.7413217887282372,
      "accuracy": 0.7109375
    },
    "15": {
      "loss": 0.7351156160235405,
      "accuracy": 0.7078125
    },
    "16": {
      "loss": 0.7170820102095604,
      "accuracy": 0.715625
    },
    "17": {
      "loss": 0.7049005925655365,
      "accuracy": 0.7234375
    },
    "18": {
      "loss": 0.671733883023262,
      "accuracy": 0.7359375
    },