{
  "metadata": {
    "run_name": "main__homogeneous__vanilla__fedopt__noise-0.01__seed-43",
    "data_module": "experiments.reproduce.dataset.alzheimer:create_data_module",
    "partition_mode": "homogeneous",
    "partition_profile": "auto",
    "privacy": "vanilla",
    "aggregation": "fedopt",
    "seed": 43,
    "num_clients": 4,
    "rounds": 20,
    "local_epochs": 5,
    "noise_multiplier": 0.01,
    "clipping_norm": 5.0,
    "initialization_pretrained": true,
    "initialization_epochs": 20,
    "initialization_final_loss": 0.2836913660168648
  },
  "train_metrics": {
    "1": {
      "train_loss": 0.5206281752325594,
      "train_loss_mean": 0.6958109164610505
    },
    "2": {
      "train_loss": 0.8070284151472151,
      "train_loss_mean": 1.829938926920295
    },
    "3": {
      "train_loss": 43.54033952951431,
      "train_loss_mean": 44.185172092914584
    },
    "4": {
      "train_loss": 43.51901713013649,
      "train_loss_mean": 43.53607504367828
    },
    "5": {
      "train_loss": 43.51901713013649,
      "train_loss_mean": 43.53607504367828
    },
    "6": {
      "train_loss": 43.54033952951431,
      "train_loss_mean": 43.54033952355385
    },
    "7": {
      "train_loss": 43.54033952951431,
      "train_loss_mean": 43.54033952355385
    },
    "8": {
      "train_loss": 43.51901713013649,
      "train_loss_mean": 43.53607504367828
    },
    "9": {
      "train_loss": 43.51901713013649,
      "train_loss_mean": 43.53607504367828
    },
    "10": {
      "train_loss": 43.54033952951431,
      "train_loss_mean": 43.54033952355385
    },
    "11": {
      "train_loss": 43.51901713013649,
      "train_loss_mean": 43.54886848330498
    },
    "12": {
      "train_loss": 43.58298432826996,
      "train_loss_mean": 43.56166192293167
    },
    "13": {
      "train_loss": 43.51901713013649,
      "train_loss_mean": 43.54033952355385
    },
    "14": {
      "train_loss": 43.51901713013649,
      "train_loss_mean": 43.53607504367828
    },
    "15": {
      "train_loss": 43.51901713013649,
      "train_loss_mean": 43.53607504367828
    },
    "16": {
      "train_loss": 43.54033952951431,
      "train_loss_mean": 43.54033952355385
    },
    "17": {
      "train_loss": 43.54033952951431,
      "train_loss_mean": 43.54460400342941
    },
    "18": {
      "train_loss": 43.561661928892136,
      "train_loss_mean": 43.553132963180545
    },
    "19": {
      "train_loss": 43.561661928892136,
      "train_loss_mean": 43.56166192293168
    },
    "20": {
      "train_loss": 43.54033952951431,
      "train_loss_mean": 43.54886848330498
    }
  },
  "client_evaluate_metrics": {
    "1": {
      "eval_loss": 46.109203577041626,
      "eval_acc": 0.34765625
    },
    "2": {
      "eval_loss": 43.66827392578125,
      "eval_acc": 0.5
    },
    "3": {
      "eval_loss": 43.66827392578125,
      "eval_acc": 0.5
    },
    "4": {
      "eval_loss": 43.66827392578125,
      "eval_acc": 0.5
    },
    "5": {
      "eval_loss": 43.66827392578125,
      "eval_acc": 0.5
    },
    "6": {
      "eval_loss": 43.66827392578125,
      "eval_acc": 0.5
    },
    "7": {
      "eval_loss": 43.66827392578125,
      "eval_acc": 0.5
    },
    "8": {
      "eval_loss": 43.66827392578125,
      "eval_acc": 0.5
    },
    "9": {
      "eval_loss": 43.66827392578125,
      "eval_acc": 0.5
    },
    "10": {
      "eval_loss": 43.66827392578125,
      "eval_acc": 0.5
    },
    "11": {
      "eval_loss": 43.66827392578125,
      "eval_acc": 0.5
    },
    "12": {
      "eval_loss": 43.66827392578125,
      "eval_acc": 0.5
    },
    "13": {
      "eval_loss": 43.66827392578125,
      "eval_acc": 0.5
    },
    "14": {
      "eval_loss": 43.66827392578125,
      "eval_acc": 0.5
    },
    "15": {
      "eval_loss": 43.66827392578125,
      "eval_acc": 0.5
    },
    "16": {
      "eval_loss": 43.66827392578125,
      "eval_acc": 0.5
    },
    "17": {
      "eval_loss": 43.66827392578125,
      "eval_acc": 0.5
    },
    "18": {
      "eval_loss": 43.66827392578125,
      "eval_acc": 0.5
    },
    "19": {
      "eval_loss": 43.66827392578125,
      "eval_acc": 0.5
    },
    "20": {
      "eval_loss": 43.66827392578125,
      "eval_acc": 0.5
    }
  },
  "server_evaluate_metrics": {
    "0": {
      "loss": 1.131514346599579,
      "accuracy": 0.64375
    },
    "1": {
      "loss": 45.33136177062988,
      "accuracy": 0.359375
    },
    "2": {
      "loss": 44.07766399383545,
      "accuracy": 0.4953125
    },
    "3": {
      "loss": 44.07766399383545,
      "accuracy": 0.4953125
    },
    "4": {
      "loss": 44.07766399383545,
      "accuracy": 0.4953125
    },
    "5": {
      "loss": 44.07766399383545,
      "accuracy": 0.4953125
    },
    "6": {
      "loss": 44.07766399383545,
      "accuracy": 0.4953125
    },
    "7": {
      "loss": 44.07766399383545,
      "accuracy": 0.4953125
    },
    "8": {
      "loss": 44.07766399383545,
      "accuracy": 0.4953125
    },
    "9": {
      "loss": 44.07766399383545,
      "accuracy": 0.4953125
    },
    "10": {
      "loss": 44.07766399383545,
      "accuracy": 0.4953125
    },
    "11": {
      "loss": 44.07766399383545,
      "accuracy": 0.4953125
    },
    "12": {
      "loss": 44.07766399383545,
      "accuracy": 0.4953125
    },
    "13": {
      "loss": 44.07766399383545,
      "accuracy": 0.4953125
    },
    "14": {
      "loss": 44.07766399383545,
      "accuracy": 0.4953125
    },
    "15": {
      "loss": 44.07766399383545,
      "accuracy": 0.4953125
    },
    "16": {
      "loss": 44.07766399383545,
      "accuracy": 0.4953125
    },
    "17": {
      "loss": 44.07766399383545,
      "accuracy": 0.4953125
    },
    "18": {
      "loss": 44.07766399383545,
      "accuracy": 0.4953125
    },
    "19": {
      "loss": 44.07766399383545,
      "accuracy": 0.4953125
    },
    "20": {
      "loss": 44.07766399383545,
      "accuracy": 0.4953125
    }
  }
}
