{
  "metadata": {
    "run_name": "main__non-iid__global-dp__fedavg__noise-0.01__seed-42",
    "data_module": "experiments.reproduce.dataset.alzheimer:create_data_module",
    "partition_mode": "non-iid",
    "partition_profile": "auto",
    "privacy": "global-dp",
    "aggregation": "fedavg",
    "seed": 42,
    "num_clients": 4,
    "rounds": 20,
    "local_epochs": 5,
    "noise_multiplier": 0.01,
    "clipping_norm": 5.0,
    "initialization_pretrained": false,
    "initialization_epochs": 0,
    "initialization_final_loss": null
  },
  "train_metrics": {
    "1": {
      "train_loss": 0.950649965432544,
      "train_loss_mean": 1.0139848832741678
    },
    "2": {
      "train_loss": 0.8962202030504747,
      "train_loss_mean": 0.9583970659991619
    },
    "3": {
      "train_loss": 0.791368857790449,
      "train_loss_mean": 0.8843978494915312
    },
    "4": {
      "train_loss": 0.6416564625999552,
      "train_loss_mean": 0.7840563862190983
    },
    "5": {
      "train_loss": 0.45258935718170656,
      "train_loss_mean": 0.6530591308226164
    },
    "6": {
      "train_loss": 0.29989141417265985,
      "train_loss_mean": 0.5003578658391774
    },
    "7": {
      "train_loss": 0.1831817597871474,
      "train_loss_mean": 0.3527785027014755
    },
    "8": {
      "train_loss": 0.115750574600088,
      "train_loss_mean": 0.2405736504584409
    },
    "9": {
      "train_loss": 0.09622777403529295,
      "train_loss_mean": 0.18315148094974268
    },
    "10": {
      "train_loss": 0.07862117092530496,
      "train_loss_mean": 0.1342284462189472
    },
    "11": {
      "train_loss": 0.04898504081350976,
      "train_loss_mean": 0.10320099736470592
    },
    "12": {
      "train_loss": 0.046872197773669716,
      "train_loss_mean": 0.08983220327696156
    },
    "13": {
      "train_loss": 0.057656402469434764,
      "train_loss_mean": 0.07583018785866813
    },
    "14": {
      "train_loss": 0.04051121533893842,
      "train_loss_mean": 0.060422614242834446
    },
    "15": {
      "train_loss": 0.04214648884171952,
      "train_loss_mean": 0.05278847176194911
    },
    "16": {
      "train_loss": 0.0322985234310062,
      "train_loss_mean": 0.047761863205624
    },
    "17": {
      "train_loss": 0.03853485449764929,
      "train_loss_mean": 0.04438126000886906
    },
    "18": {
      "train_loss": 0.02814283321729193,
      "train_loss_mean": 0.04451434828882165
    },
    "19": {
      "train_loss": 0.024935707005805916,
      "train_loss_mean": 0.03247507683090754
    },
    "20": {
      "train_loss": 0.03451405213635077,
      "train_loss_mean": 0.030271903879412285
    }
  },
  "client_evaluate_metrics": {
    "1": {
      "eval_loss": 1.2032337002819276,
      "eval_acc": 0.5175438596491229
    },
    "2": {
      "eval_loss": 1.1318549477798432,
      "eval_acc": 0.560428849902534
    },
    "3": {
      "eval_loss": 0.9981362029590569,
      "eval_acc": 0.6081871345029239
    },
    "4": {
      "eval_loss": 0.8778409288640607,
      "eval_acc": 0.6267056530214425
    },
    "5": {
      "eval_loss": 0.7962122679221466,
      "eval_acc": 0.6598440545808967
    },
    "6": {
      "eval_loss": 0.6958209696801319,
      "eval_acc": 0.7076023391812865
    },
    "7": {
      "eval_loss": 0.525645490743031,
      "eval_acc": 0.7836257309941521
    },
    "8": {
      "eval_loss": 0.3872743771206333,
      "eval_acc": 0.8489278752436646
    },
    "9": {
      "eval_loss": 0.31796834262026213,
      "eval_acc": 0.8820662768031189
    },
    "10": {
      "eval_loss": 0.2571606789851746,
      "eval_acc": 0.9074074074074074
    },
    "11": {
      "eval_loss": 0.23557952408756896,
      "eval_acc": 0.9220272904483431
    },
    "12": {
      "eval_loss": 0.20566837389029372,
      "eval_acc": 0.9317738791423003
    },
    "13": {
      "eval_loss": 0.17524784126593124,
      "eval_acc": 0.9415204678362572
    },
    "14": {
      "eval_loss": 0.16110323303057786,
      "eval_acc": 0.9541910331384016
    },
    "15": {
      "eval_loss": 0.15643332472396015,
      "eval_acc": 0.9551656920077972
    },
    "16": {
      "eval_loss": 0.17194484168578295,
      "eval_acc": 0.9483430799220273
    },
    "17": {
      "eval_loss": 0.14938297333433176,
      "eval_acc": 0.9532163742690057
    },
    "18": {
      "eval_loss": 0.13997980183331732,
      "eval_acc": 0.956140350877193
    },
    "19": {
      "eval_loss": 0.15930337964631544,
      "eval_acc": 0.9610136452241715
    },
    "20": {
      "eval_loss": 0.1681323026857914,
      "eval_acc": 0.95224171539961
    }
  },
  "server_evaluate_metrics": {
    "0": {
      "loss": 1.44056636095047,
      "accuracy": 0.0109375
    },
    "1": {
      "loss": 1.2019949495792388,
      "accuracy": 0.5078125
    },
    "2": {
      "loss": 1.1314257740974427,
      "accuracy": 0.5953125
    },
    "3": {
      "loss": 1.0016682952642442,
      "accuracy": 0.61875
    },
    "4": {
      "loss": 0.8844599276781082,
      "accuracy": 0.653125
    },
    "5": {
      "loss": 0.8027490675449371,
      "accuracy": 0.6796875
    },
    "6": {
      "loss": 0.6920314460992814,
      "accuracy": 0.71875
    },
    "7": {
      "loss": 0.5362644717097282,
      "accuracy": 0.7859375
    },
    "8": {
      "loss": 0.43560513854026794,
      "accuracy": 0.825
    },
    "9": {
      "loss": 0.361845239251852,
      "accuracy": 0.8546875
    },
    "10": {
      "loss": 0.3267175767570734,
      "accuracy": 0.8859375
    },
    "11": {
      "loss": 0.3130559269338846,
      "accuracy": 0.896875
    },
    "12": {
      "loss": 0.29704788578674196,
      "accuracy": 0.909375
    },
    "13": {
      "loss": 0.24462385699152947,
      "accuracy": 0.9296875
    },
    "14": {
      "loss": 0.23698929511010647,
      "accuracy": 0.9421875
    },
    "15": {
      "loss": 0.23551769889891147,
      "accuracy": 0.940625
    },
    "16": {
      "loss": 0.22302686818875372,
      "accuracy": 0.9484375
    },
    "17": {
      "loss": 0.2402093912474811,
      "accuracy": 0.94375
    },
    "18": {
      "loss": 0.23417439628392459,
      "accuracy": 0.946875
    },
    "19": {
      "loss": 0.23673511163797228,
      "accuracy": 0.9546875
    },
    "20": {
      "loss": 0.24551417510956525,
      "accuracy": 0.95
    }
  }
}
