{
  "metadata": {
    "run_name": "main__homogeneous__metric-privacy__fedmedian__noise-0.01__seed-46",
    "data_module": "experiments.reproduce.dataset.alzheimer:create_data_module",
    "partition_mode": "homogeneous",
    "partition_profile": "auto",
    "privacy": "metric-privacy",
    "aggregation": "fedmedian",
    "seed": 46,
    "num_clients": 4,
    "rounds": 20,
    "local_epochs": 5,
    "noise_multiplier": 0.01,
    "clipping_norm": 5.0,
    "initialization_pretrained": false,
    "initialization_epochs": 0,
    "initialization_final_loss": null
  },
  "train_metrics": {
    "1": {
      "train_loss": 0.9780839160084724,
      "train_loss_mean": 1.038907200563699,
      "metric-dp-distance": 1.7955047635671992,
      "metric-dp-noise-stdv": 0.006961830596965815
    },
    "2": {
      "train_loss": 0.9319000053219497,
      "train_loss_mean": 0.9936517361551522,
      "metric-dp-distance": 1.5599665722887341,
      "metric-dp-noise-stdv": 0.008012992215378302
    },
    "3": {
      "train_loss": 0.8539482788182795,
      "train_loss_mean": 0.9292171726003289,
      "metric-dp-distance": 1.6033681573656697,
      "metric-dp-noise-stdv": 0.0077960884670040306
    },
    "4": {
      "train_loss": 0.7527013788931072,
      "train_loss_mean": 0.8539463873952627,
      "metric-dp-distance": 1.548567472724244,
      "metric-dp-noise-stdv": 0.008071976339532671
    },
    "5": {
      "train_loss": 0.6076321350410581,
      "train_loss_mean": 0.755450657568872,
      "metric-dp-distance": 1.4921368358191103,
      "metric-dp-noise-stdv": 0.008377247783135191
    },
    "6": {
      "train_loss": 0.4423898006789386,
      "train_loss_mean": 0.6183830237481743,
      "metric-dp-distance": 1.441144473074625,
      "metric-dp-noise-stdv": 0.008673661963489157
    },
    "7": {
      "train_loss": 0.277762693061959,
      "train_loss_mean": 0.4777914257138036,
      "metric-dp-distance": 1.2782733778779705,
      "metric-dp-noise-stdv": 0.00977881587485686
    },
    "8": {
      "train_loss": 0.21279272515675984,
      "train_loss_mean": 0.3548983029962983,
      "metric-dp-distance": 1.1975986231894542,
      "metric-dp-noise-stdv": 0.010437553749610952
    },
    "9": {
      "train_loss": 0.15003014274407178,
      "train_loss_mean": 0.25549238416133446,
      "metric-dp-distance": 1.138381008990109,
      "metric-dp-noise-stdv": 0.01098050643965777
    },
    "10": {
      "train_loss": 0.13311410328606144,
      "train_loss_mean": 0.2021548317396082,
      "metric-dp-distance": 1.0841126070202638,
      "metric-dp-noise-stdv": 0.011530167548145075
    },
    "11": {
      "train_loss": 0.10430239674678887,
      "train_loss_mean": 0.16215418383580982,
      "metric-dp-distance": 1.043557218896846,
      "metric-dp-noise-stdv": 0.011978260294355364
    },
    "12": {
      "train_loss": 0.08274339490526472,
      "train_loss_mean": 0.12832739786754246,
      "metric-dp-distance": 1.0146561743070681,
      "metric-dp-noise-stdv": 0.012319444080194492
    },
    "13": {
      "train_loss": 0.08974050680262735,
      "train_loss_mean": 0.11838567907834657,
      "metric-dp-distance": 1.0079879161591332,
      "metric-dp-noise-stdv": 0.012400942312513397
    },
    "14": {
      "train_loss": 0.08119644896578393,
      "train_loss_mean": 0.0976703454154631,
      "metric-dp-distance": 1.0515981459369261,
      "metric-dp-noise-stdv": 0.011886669873179614
    },
    "15": {
      "train_loss": 0.06171074203120952,
      "train_loss_mean": 0.08201567598262044,
      "metric-dp-distance": 1.0041329271625727,
      "metric-dp-noise-stdv": 0.012448551045250411
    },
    "16": {
      "train_loss": 0.07528760752211383,
      "train_loss_mean": 0.0756191699795636,
      "metric-dp-distance": 1.1387724104958277,
      "metric-dp-noise-stdv": 0.010976732387253246
    },
    "17": {
      "train_loss": 0.05826548912864382,
      "train_loss_mean": 0.06742715089380909,
      "metric-dp-distance": 1.0150049631483853,
      "metric-dp-noise-stdv": 0.012315210717026417
    },
    "18": {
      "train_loss": 0.06620170289818361,
      "train_loss_mean": 0.06056024612264537,
      "metric-dp-distance": 1.094298797659576,
      "metric-dp-noise-stdv": 0.011422839928851507
    },
    "19": {
      "train_loss": 0.05303491977224439,
      "train_loss_mean": 0.05494277395785048,
      "metric-dp-distance": 1.193883922145081,
      "metric-dp-noise-stdv": 0.010470029596797768
    },
    "20": {
      "train_loss": 0.06648242360085987,
      "train_loss_mean": 0.06163768968809791,
      "metric-dp-distance": 1.236257450034221,
      "metric-dp-noise-stdv": 0.010111162524969202
    }
  },
  "client_evaluate_metrics": {
    "1": {
      "eval_loss": 1.1857389509677887,
      "eval_acc": 0.5
    },
    "2": {
      "eval_loss": 1.0541773121804,
      "eval_acc": 0.515625
    },
    "3": {
      "eval_loss": 0.9810376316308975,
      "eval_acc": 0.5693359375
    },
    "4": {
      "eval_loss": 0.9250207282602787,
      "eval_acc": 0.58203125
    },
    "5": {
      "eval_loss": 0.837272934615612,
      "eval_acc": 0.638671875
    },
    "6": {
      "eval_loss": 0.7265813238918781,
      "eval_acc": 0.6943359375
    },
    "7": {
      "eval_loss": 0.5859601367264986,
      "eval_acc": 0.7587890625
    },
    "8": {
      "eval_loss": 0.46912131551653147,
      "eval_acc": 0.7978515625
    },
    "9": {
      "eval_loss": 0.3568981923162937,
      "eval_acc": 0.8486328125
    },
    "10": {
      "eval_loss": 0.3152598002925515,
      "eval_acc": 0.869140625
    },
    "11": {
      "eval_loss": 0.2382956356741488,
      "eval_acc": 0.90625
    },
    "12": {
      "eval_loss": 0.20278174115810543,
      "eval_acc": 0.9228515625
    },
    "13": {
      "eval_loss": 0.19117921206634492,
      "eval_acc": 0.9443359375
    },
    "14": {
      "eval_loss": 0.17145165475085378,
      "eval_acc": 0.9404296875
    },
    "15": {
      "eval_loss": 0.17257056233938783,
      "eval_acc": 0.9462890625
    },
    "16": {
      "eval_loss": 0.1527891510631889,
      "eval_acc": 0.94921875
    },
    "17": {
      "eval_loss": 0.13647636189125478,
      "eval_acc": 0.958984375
    },
    "18": {
      "eval_loss": 0.1296239084622357,
      "eval_acc": 0.9609375
    },
    "19": {
      "eval_loss": 0.14008031005505472,
      "eval_acc": 0.9560546875
    },
    "20": {
      "eval_loss": 0.13660468469606712,
      "eval_acc": 0.9658203125
    }
  },
  "server_evaluate_metrics": {
    "0": {
      "loss": 1.395263397693634,
      "accuracy": 0.0109375
    },
    "1": {
      "loss": 1.1836649775505066,
      "accuracy": 0.4953125
    },
    "2": {
      "loss": 1.0493459939956664,
      "accuracy": 0.503125
    },
    "3": {
      "loss": 0.9750748485326767,
      "accuracy": 0.5625
    },
    "4": {
      "loss": 0.9188553422689438,
      "accuracy": 0.6015625
    },
    "5": {
      "loss": 0.8385359913110733,
      "accuracy": 0.6296875
    },
    "6": {
      "loss": 0.7466399103403092,
      "accuracy": 0.68125
    },
    "7": {
      "loss": 0.6151752188801766,
      "accuracy": 0.753125
    },
    "8": {
      "loss": 0.5288446769118309,
      "accuracy": 0.7796875
    },
    "9": {
      "loss": 0.4588795885443687,
      "accuracy": 0.834375
    },
    "10": {
      "loss": 0.40780253112316134,
      "accuracy": 0.853125
    },
    "11": {
      "loss": 0.35059173926711085,
      "accuracy": 0.890625
    },
    "12": {
      "loss": 0.35048922449350356,
      "accuracy": 0.9
    },
    "13": {
      "loss": 0.3344976633787155,
      "accuracy": 0.9203125
    },
    "14": {
      "loss": 0.2727956213057041,
      "accuracy": 0.9265625
    },
    "15": {
      "loss": 0.2711427440866828,
      "accuracy": 0.9375
    },
    "16": {
      "loss": 0.24363760193809866,
      "accuracy": 0.9484375
    },
    "17": {
      "loss": 0.24356211461126803,
      "accuracy": 0.9546875
    },
    "18": {
      "loss": 0.2121383128222078,
      "accuracy": 0.953125
    },