{
  "metadata": {
    "run_name": "main__homogeneous__metric-privacy__fedavg__noise-0.01__seed-46",
    "data_module": "experiments.reproduce.dataset.alzheimer:create_data_module",
    "partition_mode": "homogeneous",
    "partition_profile": "auto",
    "privacy": "metric-privacy",
    "aggregation": "fedavg",
    "seed": 46,
    "num_clients": 4,
    "rounds": 20,
    "local_epochs": 5,
    "noise_multiplier": 0.01,
    "clipping_norm": 5.0,
    "initialization_pretrained": false,
    "initialization_epochs": 0,
    "initialization_final_loss": null
  },
  "train_metrics": {
    "1": {
      "train_loss": 0.9791995608247817,
      "train_loss_mean": 1.0395430692471563,
      "metric-dp-distance": 1.8212454719468951,
      "metric-dp-noise-stdv": 0.006863435046258543
    },
    "2": {
      "train_loss": 0.916938463691622,
      "train_loss_mean": 0.9892519428394735,
      "metric-dp-distance": 1.6970671913586557,
      "metric-dp-noise-stdv": 0.007365648256974799
    },
    "3": {
      "train_loss": 0.8146611754782498,
      "train_loss_mean": 0.9128427513875067,
      "metric-dp-distance": 1.6487725424037005,
      "metric-dp-noise-stdv": 0.007581397481168987
    },
    "4": {
      "train_loss": 0.7114739511162043,
      "train_loss_mean": 0.8305251563899219,
      "metric-dp-distance": 1.6471024435013533,
      "metric-dp-noise-stdv": 0.007589084728347518
    },
    "5": {
      "train_loss": 0.5588444927707314,
      "train_loss_mean": 0.7219298194628209,
      "metric-dp-distance": 1.5800491221404325,
      "metric-dp-noise-stdv": 0.007911146447818486
    },
    "6": {
      "train_loss": 0.39228585246019065,
      "train_loss_mean": 0.5838205985026435,
      "metric-dp-distance": 1.5574749181978405,
      "metric-dp-noise-stdv": 0.008025811429736405
    },
    "7": {
      "train_loss": 0.2832265426986851,
      "train_loss_mean": 0.4533574495348148,
      "metric-dp-distance": 1.44337995396927,
      "metric-dp-noise-stdv": 0.008660228351949337
    },
    "8": {
      "train_loss": 0.20824223454110324,
      "train_loss_mean": 0.34578084049280733,
      "metric-dp-distance": 1.3147234150674194,
      "metric-dp-noise-stdv": 0.009507703184368247
    },
    "9": {
      "train_loss": 0.16272490515257232,
      "train_loss_mean": 0.2713613862550119,
      "metric-dp-distance": 1.2747963625006378,
      "metric-dp-noise-stdv": 0.00980548765881323
    },
    "10": {
      "train_loss": 0.11942687787814066,
      "train_loss_mean": 0.192727736714005,
      "metric-dp-distance": 1.2307787870522588,
      "metric-dp-noise-stdv": 0.01015617114261269
    },
    "11": {
      "train_loss": 0.09313297305925516,
      "train_loss_mean": 0.15917484697711187,
      "metric-dp-distance": 1.2616850271976243,
      "metric-dp-noise-stdv": 0.009907385544365394
    },
    "12": {
      "train_loss": 0.09165775858127745,
      "train_loss_mean": 0.13147448815034296,
      "metric-dp-distance": 1.2085022490937263,
      "metric-dp-noise-stdv": 0.010343381660542158
    },
    "13": {
      "train_loss": 0.08777007489698008,
      "train_loss_mean": 0.10778061604723918,
      "metric-dp-distance": 1.2175195321906358,
      "metric-dp-noise-stdv": 0.010266775743227078
    },
    "14": {
      "train_loss": 0.08927963042151532,
      "train_loss_mean": 0.10021738754530815,
      "metric-dp-distance": 1.2065638308413327,
      "metric-dp-noise-stdv": 0.01035999893290668
    },
    "15": {
      "train_loss": 0.05765396251263155,
      "train_loss_mean": 0.08250166435946085,
      "metric-dp-distance": 1.2074303082966555,
      "metric-dp-noise-stdv": 0.010352564379168172
    },
    "16": {
      "train_loss": 0.06497761082164288,
      "train_loss_mean": 0.0688127264481409,
      "metric-dp-distance": 1.2795930041465908,
      "metric-dp-noise-stdv": 0.009768731119577137
    },
    "17": {
      "train_loss": 0.03955620358760825,
      "train_loss_mean": 0.0629955772111316,
      "metric-dp-distance": 1.2929645515978336,
      "metric-dp-noise-stdv": 0.009667705108042301
    },
    "18": {
      "train_loss": 0.04651685416683904,
      "train_loss_mean": 0.05566070442731643,
      "metric-dp-distance": 1.3721166297327727,
      "metric-dp-noise-stdv": 0.009110012756302244
    },
    "19": {
      "train_loss": 0.050947691683632,
      "train_loss_mean": 0.05384529986475854,
      "metric-dp-distance": 1.4695087317377329,
      "metric-dp-noise-stdv": 0.00850624411412542
    },
    "20": {
      "train_loss": 0.05975708964228943,
      "train_loss_mean": 0.04931055425191744,
      "metric-dp-distance": 1.4666775733542938,
      "metric-dp-noise-stdv": 0.008522663894977599
    }
  },
  "client_evaluate_metrics": {
    "1": {
      "eval_loss": 1.2017845399677753,
      "eval_acc": 0.5
    },
    "2": {
      "eval_loss": 1.0795958265662193,
      "eval_acc": 0.5009765625
    },
    "3": {
      "eval_loss": 0.9587217271327972,
      "eval_acc": 0.5439453125
    },
    "4": {
      "eval_loss": 0.8832792565226555,
      "eval_acc": 0.61328125
    },
    "5": {
      "eval_loss": 0.8144105300307274,
      "eval_acc": 0.6201171875
    },
    "6": {
      "eval_loss": 0.7213175315409899,
      "eval_acc": 0.669921875
    },
    "7": {
      "eval_loss": 0.5878776190802455,
      "eval_acc": 0.7470703125
    },
    "8": {
      "eval_loss": 0.4648251160979271,
      "eval_acc": 0.8046875
    },
    "9": {
      "eval_loss": 0.373627794906497,
      "eval_acc": 0.837890625
    },
    "10": {
      "eval_loss": 0.30329171009361744,
      "eval_acc": 0.8779296875
    },
    "11": {
      "eval_loss": 0.25797048723325133,
      "eval_acc": 0.89453125
    },
    "12": {
      "eval_loss": 0.21565958578139544,
      "eval_acc": 0.9228515625
    },
    "13": {
      "eval_loss": 0.181855425122194,
      "eval_acc": 0.9404296875
    },
    "14": {
      "eval_loss": 0.15413734526373446,
      "eval_acc": 0.953125
    },
    "15": {
      "eval_loss": 0.13494278397411108,
      "eval_acc": 0.9580078125
    },
    "16": {
      "eval_loss": 0.1313107154564932,
      "eval_acc": 0.9619140625
    },
    "17": {
      "eval_loss": 0.10453210488776676,
      "eval_acc": 0.9677734375
    },
    "18": {
      "eval_loss": 0.1020002790610306,
      "eval_acc": 0.9697265625
    },
    "19": {
      "eval_loss": 0.0892387761559803,
      "eval_acc": 0.9736328125
    },
    "20": {
      "eval_loss": 0.08781159578938968,
      "eval_acc": 0.9755859375
    }
  },
  "server_evaluate_metrics": {
    "0": {
      "loss": 1.395263397693634,
      "accuracy": 0.0109375
    },
    "1": {
      "loss": 1.1996565759181976,
      "accuracy": 0.4953125
    },
    "2": {
      "loss": 1.0759908616542817,
      "accuracy": 0.4953125
    },
    "3": {
      "loss": 0.9560548603534699,
      "accuracy": 0.53125
    },
    "4": {
      "loss": 0.8834566920995712,
      "accuracy": 0.609375
    },
    "5": {
      "loss": 0.8278345555067063,
      "accuracy": 0.5875
    },
    "6": {
      "loss": 0.7434079229831696,
      "accuracy": 0.6640625
    },
    "7": {
      "loss": 0.6202931880950928,
      "accuracy": 0.75625
    },
    "8": {
      "loss": 0.5234472438693046,
      "accuracy": 0.796875
    },
    "9": {
      "loss": 0.46430372148752214,
      "accuracy": 0.8296875
    },
    "10": {
      "loss": 0.41972960233688356,
      "accuracy": 0.865625
    },
    "11": {
      "loss": 0.37161089330911634,
      "accuracy": 0.8828125
    },
    "12": {
      "loss": 0.3260794699192047,
      "accuracy": 0.909375
    },
    "13": {
      "loss": 0.31306196190416813,
      "accuracy": 0.9265625
    },
    "14": {
      "loss": 0.273718424513936,
      "accuracy": 0.93125
    },
    "15": {
      "loss": 0.25936255864799024,
      "accuracy": 0.94375
    },
    "16": {
      "loss": 0.2424409095197916,
      "accuracy": 0.9453125
    },
    "17": {
      "loss": 0.2150091979885474,
      "accuracy": 0.95
    },
    "18": {
      "loss": 0.19504096610471605,
      "accuracy": 0.953125
    },