{
  "metadata": {
    "run_name": "main__non-iid__global-dp__fedprox__noise-0.01__seed-42",
    "data_module": "experiments.reproduce.dataset.alzheimer:create_data_module",
    "partition_mode": "non-iid",
    "partition_profile": "auto",
    "privacy": "global-dp",
    "aggregation": "fedprox",
    "seed": 42,
    "num_clients": 4,
    "rounds": 20,
    "local_epochs": 5,
    "noise_multiplier": 0.01,
    "clipping_norm": 5.0,
    "initialization_pretrained": false,
    "initialization_epochs": 0,
    "initialization_final_loss": null
  },
  "train_metrics": {
    "1": {
      "train_loss": 1.1912591567433166,
      "train_loss_mean": 1.228192368424923
    },
    "2": {
      "train_loss": 1.1141980868988521,
      "train_loss_mean": 1.1615393423894351
    },
    "3": {
      "train_loss": 1.0987648756898898,
      "train_loss_mean": 1.11724871985203
    },
    "4": {
      "train_loss": 1.0974391904993062,
      "train_loss_mean": 1.1168297381126187
    },
    "5": {
      "train_loss": 1.081380355952132,
      "train_loss_mean": 1.100829205366828
    },
    "6": {
      "train_loss": 1.08522908886759,
      "train_loss_mean": 1.0928837249846242
    },
    "7": {
      "train_loss": 1.0731553932370705,
      "train_loss_mean": 1.0869918214878806
    },
    "8": {
      "train_loss": 1.072100542409279,
      "train_loss_mean": 1.0870460183957058
    },
    "9": {
      "train_loss": 1.0632261421893594,
      "train_loss_mean": 1.080430710065289
    },
    "10": {
      "train_loss": 1.051399146339983,
      "train_loss_mean": 1.0696934711834134
    },
    "11": {
      "train_loss": 1.039457084524614,
      "train_loss_mean": 1.0601892693775365
    },
    "12": {
      "train_loss": 1.0281762965114511,
      "train_loss_mean": 1.052689250644149
    },
    "13": {
      "train_loss": 1.0306665819769785,
      "train_loss_mean": 1.049040013674008
    },
    "14": {
      "train_loss": 1.0296052690972102,
      "train_loss_mean": 1.0404533071144066
    },
    "15": {
      "train_loss": 1.0199182302589584,
      "train_loss_mean": 1.0378761382526924
    },
    "16": {
      "train_loss": 1.0213139265062288,
      "train_loss_mean": 1.0386143034122952
    },
    "17": {
      "train_loss": 1.0117835736618312,
      "train_loss_mean": 1.0293540197258526
    },
    "18": {
      "train_loss": 1.00351955904341,
      "train_loss_mean": 1.0220441167419807
    },
    "19": {
      "train_loss": 0.998873656778494,
      "train_loss_mean": 1.016901575389232
    },
    "20": {
      "train_loss": 0.9910477938509942,
      "train_loss_mean": 1.010518210686645
    }
  },
  "client_evaluate_metrics": {
    "1": {
      "eval_loss": 1.1109489042159408,
      "eval_acc": 0.5019493177387914
    },
    "2": {
      "eval_loss": 1.0445597752725404,
      "eval_acc": 0.5116959064327485
    },
    "3": {
      "eval_loss": 1.0383564147800497,
      "eval_acc": 0.5019493177387914
    },
    "4": {
      "eval_loss": 1.0405174658777188,
      "eval_acc": 0.5019493177387914
    },
    "5": {
      "eval_loss": 1.0321705596953572,
      "eval_acc": 0.5009746588693957
    },
    "6": {
      "eval_loss": 1.0144437186666866,
      "eval_acc": 0.5019493177387914
    },
    "7": {
      "eval_loss": 1.0098310376700834,
      "eval_acc": 0.5058479532163742
    },
    "8": {
      "eval_loss": 0.9922544812133669,
      "eval_acc": 0.5087719298245614
    },
    "9": {
      "eval_loss": 0.9765741820456224,
      "eval_acc": 0.5165692007797271
    },
    "10": {
      "eval_loss": 0.9672129256451107,
      "eval_acc": 0.5155945419103314
    },
    "11": {
      "eval_loss": 0.959182732286509,
      "eval_acc": 0.5331384015594542
    },
    "12": {
      "eval_loss": 0.938479822746262,
      "eval_acc": 0.5331384015594541
    },
    "13": {
      "eval_loss": 0.9831757368864835,
      "eval_acc": 0.5536062378167641
    },
    "14": {
      "eval_loss": 0.9282008574487638,
      "eval_acc": 0.5341130604288499
    },
    "15": {
      "eval_loss": 0.9888743787248697,
      "eval_acc": 0.5477582846003898
    },
    "16": {
      "eval_loss": 0.9449667084751538,
      "eval_acc": 0.5438596491228069
    },
    "17": {
      "eval_loss": 0.9928834401143689,
      "eval_acc": 0.5458089668615984
    },
    "18": {
      "eval_loss": 0.9151391332377234,
      "eval_acc": 0.5584795321637427
    },
    "19": {
      "eval_loss": 0.9042792864013136,
      "eval_acc": 0.5662768031189084
    },
    "20": {
      "eval_loss": 0.9152019762853432,
      "eval_acc": 0.5536062378167641
    }
  },
  "server_evaluate_metrics": {
    "0": {
      "loss": 1.44056636095047,
      "accuracy": 0.0109375
    },
    "1": {
      "loss": 1.111635571718216,
      "accuracy": 0.4953125
    },
    "2": {
      "loss": 1.0389706075191498,
      "accuracy": 0.5234375
    },
    "3": {
      "loss": 1.0352875530719756,
      "accuracy": 0.4953125
    },
    "4": {
      "loss": 1.039138376712799,
      "accuracy": 0.4953125
    },
    "5": {
      "loss": 1.0290227830410004,
      "accuracy": 0.503125
    },
    "6": {
      "loss": 1.0123962223529817,
      "accuracy": 0.4953125
    },
    "7": {
      "loss": 1.0068217933177948,
      "accuracy": 0.50625
    },
    "8": {
      "loss": 0.9934283941984177,
      "accuracy": 0.5109375
    },
    "9": {
      "loss": 0.9778475046157837,
      "accuracy": 0.5140625
    },
    "10": {
      "loss": 0.971050575375557,
      "accuracy": 0.509375
    },
    "11": {
      "loss": 0.9665426343679429,
      "accuracy": 0.5046875
    },
    "12": {
      "loss": 0.948513126373291,
      "accuracy": 0.5140625
    },
    "13": {
      "loss": 0.9922282755374908,
      "accuracy": 0.55625
    },
    "14": {
      "loss": 0.9393086403608322,
      "accuracy": 0.509375
    },
    "15": {
      "loss": 1.0006423830986022,
      "accuracy": 0.55
    },
    "16": {
      "loss": 0.9555707901716233,
      "accuracy": 0.5546875
    },
    "17": {
      "loss": 1.0033263862133026,
      "accuracy": 0.5359375
    },
    "18": {
      "loss": 0.9276796072721482,
      "accuracy": 0.553125
    },
    "19": {
      "loss": 0.9175616472959518,
      "accuracy": 0.5515625
    },
    "20": {
      "loss": 0.9278836131095887,
      "accuracy": 0.56875
    }
  }
}
