{
  "metadata": {
    "run_name": "main__homogeneous__vanilla__fedavg__noise-0.01__seed-42",
    "data_module": "experiments.reproduce.dataset.alzheimer:create_data_module",
    "partition_mode": "homogeneous",
    "partition_profile": "auto",
    "privacy": "vanilla",
    "aggregation": "fedavg",
    "seed": 42,
    "num_clients": 4,
    "rounds": 20,
    "local_epochs": 5,
    "noise_multiplier": 0.01,
    "clipping_norm": 5.0,
    "initialization_pretrained": false,
    "initialization_epochs": 0,
    "initialization_final_loss": null
  },
  "train_metrics": {
    "1": {
      "train_loss": 0.9716881662607193,
      "train_loss_mean": 1.0309177775867284
    },
    "2": {
      "train_loss": 0.8763771587982774,
      "train_loss_mean": 0.9298944286070764
    },
    "3": {
      "train_loss": 0.7045098664239049,
      "train_loss_mean": 0.808623346593231
    },
    "4": {
      "train_loss": 0.42973547824658453,
      "train_loss_mean": 0.5808561551850289
    },
    "5": {
      "train_loss": 0.21357288089348003,
      "train_loss_mean": 0.3511242396198213
    },
    "6": {
      "train_loss": 0.11138428654521704,
      "train_loss_mean": 0.20883186479331928
    },
    "7": {
      "train_loss": 0.08558185178480926,
      "train_loss_mean": 0.13348703680894686
    },
    "8": {
      "train_loss": 0.04859553381265869,
      "train_loss_mean": 0.08724785835602232
    },
    "9": {
      "train_loss": 0.04633708876781384,
      "train_loss_mean": 0.06682534910496543
    },
    "10": {
      "train_loss": 0.031206143743929715,
      "train_loss_mean": 0.0539873002641798
    },
    "11": {
      "train_loss": 0.04133300621475655,
      "train_loss_mean": 0.051026777369008874
    },
    "12": {
      "train_loss": 0.020147773838743888,
      "train_loss_mean": 0.03900490636021914
    },
    "13": {
      "train_loss": 0.025536691734714623,
      "train_loss_mean": 0.03576204042062727
    },
    "14": {
      "train_loss": 0.028362455506766082,
      "train_loss_mean": 0.03042773119012452
    },
    "15": {
      "train_loss": 0.010065242422058418,
      "train_loss_mean": 0.023141088954401926
    },
    "16": {
      "train_loss": 0.015542684200653412,
      "train_loss_mean": 0.020465982822948627
    },
    "17": {
      "train_loss": 0.01864602632559098,
      "train_loss_mean": 0.019585031395102502
    },
    "18": {
      "train_loss": 0.029968500517931318,
      "train_loss_mean": 0.020435551252661742
    },
    "19": {
      "train_loss": 0.020264865676288935,
      "train_loss_mean": 0.02524847750716361
    },
    "20": {
      "train_loss": 0.03016331297544106,
      "train_loss_mean": 0.020260706905232222
    }
  },
  "client_evaluate_metrics": {
    "1": {
      "eval_loss": 1.0563933551311493,
      "eval_acc": 0.5048828125
    },
    "2": {
      "eval_loss": 0.9025797359645367,
      "eval_acc": 0.5576171875
    },
    "3": {
      "eval_loss": 0.7563398089259863,
      "eval_acc": 0.6689453125
    },
    "4": {
      "eval_loss": 0.5642417073249817,
      "eval_acc": 0.7578125
    },
    "5": {
      "eval_loss": 0.3961534919217229,
      "eval_acc": 0.8388671875
    },
    "6": {
      "eval_loss": 0.2864247355610132,
      "eval_acc": 0.8876953125
    },
    "7": {
      "eval_loss": 0.22946180985309184,
      "eval_acc": 0.919921875
    },
    "8": {
      "eval_loss": 0.20724379597231746,
      "eval_acc": 0.9248046875
    },
    "9": {
      "eval_loss": 0.18169253395171836,
      "eval_acc": 0.9423828125
    },
    "10": {
      "eval_loss": 0.1709081749431789,
      "eval_acc": 0.9482421875
    },
    "11": {
      "eval_loss": 0.15843724634032696,
      "eval_acc": 0.9560546875
    },
    "12": {
      "eval_loss": 0.17868543448275886,
      "eval_acc": 0.9541015625
    },
    "13": {
      "eval_loss": 0.12946860125521198,
      "eval_acc": 0.9638671875
    },
    "14": {
      "eval_loss": 0.16272881758050062,
      "eval_acc": 0.955078125
    },
    "15": {
      "eval_loss": 0.16451006715578842,
      "eval_acc": 0.9619140625
    },
    "16": {
      "eval_loss": 0.1422623006728827,
      "eval_acc": 0.9609375
    },
    "17": {
      "eval_loss": 0.14683405640971614,
      "eval_acc": 0.96484375
    },
    "18": {
      "eval_loss": 0.14220859531633323,
      "eval_acc": 0.9677734375
    },
    "19": {
      "eval_loss": 0.11886520800180733,
      "eval_acc": 0.9697265625
    },
    "20": {
      "eval_loss": 0.13791693807434058,
      "eval_acc": 0.9658203125
    }
  },
  "server_evaluate_metrics": {
    "0": {
      "loss": 1.44056636095047,
      "accuracy": 0.0109375
    },
    "1": {
      "loss": 1.0482031941413879,
      "accuracy": 0.503125
    },
    "2": {
      "loss": 0.901915892958641,
      "accuracy": 0.553125
    },
    "3": {
      "loss": 0.7835995495319367,
      "accuracy": 0.653125
    },
    "4": {
      "loss": 0.625251580774784,
      "accuracy": 0.746875
    },
    "5": {
      "loss": 0.5124212071299553,
      "accuracy": 0.790625
    },
    "6": {
      "loss": 0.4179351985454559,
      "accuracy": 0.8640625
    },
    "7": {
      "loss": 0.34976293072104453,
      "accuracy": 0.909375
    },
    "8": {
      "loss": 0.3295404393225908,
      "accuracy": 0.90625
    },
    "9": {
      "loss": 0.32831949796527626,
      "accuracy": 0.928125
    },
    "10": {
      "loss": 0.27927950248122213,
      "accuracy": 0.9515625
    },
    "11": {
      "loss": 0.29195656180381774,
      "accuracy": 0.946875
    },
    "12": {
      "loss": 0.2945497655775398,
      "accuracy": 0.9515625
    },
    "13": {
      "loss": 0.24476014696992934,
      "accuracy": 0.959375
    },
    "14": {
      "loss": 0.2934904520632699,
      "accuracy": 0.95
    },
    "15": {
      "loss": 0.2773485796758905,
      "accuracy": 0.9578125
    },
    "16": {
      "loss": 0.2628403821028769,
      "accuracy": 0.95
    },
    "17": {
      "loss": 0.3229246588656679,
      "accuracy": 0.9546875
    },
    "18": {
      "loss": 0.21862835177453235,
      "accuracy": 0.9625
    },
    "19": {
      "loss": 0.18774616909213365,
      "accuracy": 0.9625
    },
    "20": {
      "loss": 0.24161938562756405,
      "accuracy": 0.9625
    }
  }
}
