{
  "metadata": {
    "run_name": "main__homogeneous__metric-privacy__fedyogi__noise-0.01__seed-46",
    "data_module": "experiments.reproduce.dataset.alzheimer:create_data_module",
    "partition_mode": "homogeneous",
    "partition_profile": "auto",
    "privacy": "metric-privacy",
    "aggregation": "fedyogi",
    "seed": 46,
    "num_clients": 4,
    "rounds": 20,
    "local_epochs": 5,
    "noise_multiplier": 0.01,
    "clipping_norm": 5.0,
    "initialization_pretrained": true,
    "initialization_epochs": 20,
    "initialization_final_loss": 0.30412673354148867
  },
  "train_metrics": {
    "1": {
      "train_loss": 0.4547456679865718,
      "train_loss_mean": 0.6436969708651304,
      "metric-dp-distance": 1.4500273194474478,
      "metric-dp-noise-stdv": 0.008620527235833937
    },
    "2": {
      "train_loss": 0.3585294579388574,
      "train_loss_mean": 0.5637456639437005,
      "metric-dp-distance": 1.5111993909037362,
      "metric-dp-noise-stdv": 0.008271575594352694
    },
    "3": {
      "train_loss": 0.2578117979574017,
      "train_loss_mean": 0.4500809503137134,
      "metric-dp-distance": 1.3705769466081013,
      "metric-dp-noise-stdv": 0.009120246791641253
    },
    "4": {
      "train_loss": 0.16621073443093337,
      "train_loss_mean": 0.319155812781537,
      "metric-dp-distance": 1.2840098090625058,
      "metric-dp-noise-stdv": 0.009735128121121307
    },
    "5": {
      "train_loss": 0.1032219094777247,
      "train_loss_mean": 0.20952481289568822,
      "metric-dp-distance": 1.192949233110994,
      "metric-dp-noise-stdv": 0.010478232981802822
    },
    "6": {
      "train_loss": 0.0848459752232884,
      "train_loss_mean": 0.15567498781892936,
      "metric-dp-distance": 1.1235202698347468,
      "metric-dp-noise-stdv": 0.011125744978182337
    },
    "7": {
      "train_loss": 0.05313824574932369,
      "train_loss_mean": 0.11423398735805676,
      "metric-dp-distance": 1.0824553140749533,
      "metric-dp-noise-stdv": 0.011547820808364983
    },
    "8": {
      "train_loss": 0.039168584376966464,
      "train_loss_mean": 0.08801073760096187,
      "metric-dp-distance": 1.0125309980940074,
      "metric-dp-noise-stdv": 0.01234530105599735
    },
    "9": {
      "train_loss": 0.027203902589121753,
      "train_loss_mean": 0.06857040441514642,
      "metric-dp-distance": 1.0127794581154983,
      "metric-dp-noise-stdv": 0.01234227244622342
    },
    "10": {
      "train_loss": 0.039169500835441795,
      "train_loss_mean": 0.05918934448291111,
      "metric-dp-distance": 1.0846019618135567,
      "metric-dp-noise-stdv": 0.01152496532377539
    },
    "11": {
      "train_loss": 0.029298932159846913,
      "train_loss_mean": 0.04845504623353776,
      "metric-dp-distance": 1.0798701064971585,
      "metric-dp-noise-stdv": 0.011575466275797766
    },
    "12": {
      "train_loss": 0.021558386455694745,
      "train_loss_mean": 0.03918699736911222,
      "metric-dp-distance": 1.047379984209935,
      "metric-dp-noise-stdv": 0.011934541607102665
    },
    "13": {
      "train_loss": 0.022273349745550064,
      "train_loss_mean": 0.03669286890112726,
      "metric-dp-distance": 1.1449159761735548,
      "metric-dp-noise-stdv": 0.010917831753712167
    },
    "14": {
      "train_loss": 0.02289768959477101,
      "train_loss_mean": 0.030997903226038903,
      "metric-dp-distance": 1.0508050676435232,
      "metric-dp-noise-stdv": 0.011895641146870183
    },
    "15": {
      "train_loss": 0.029072700749716907,
      "train_loss_mean": 0.0260413297627915,
      "metric-dp-distance": 1.1697714859619737,
      "metric-dp-noise-stdv": 0.010685847748904988
    },
    "16": {
      "train_loss": 0.035868232253417176,
      "train_loss_mean": 0.02048909897754685,
      "metric-dp-distance": 1.0609141763610144,
      "metric-dp-noise-stdv": 0.01178229142236141
    },
    "17": {
      "train_loss": 0.028702200607384376,
      "train_loss_mean": 0.026233670587053403,
      "metric-dp-distance": 1.0480330927918355,
      "metric-dp-noise-stdv": 0.011927104292767594
    },
    "18": {
      "train_loss": 0.024685236886171885,
      "train_loss_mean": 0.025269617362704014,
      "metric-dp-distance": 1.1169785343421001,
      "metric-dp-noise-stdv": 0.011190904404767719
    },
    "19": {
      "train_loss": 0.06471200956208813,
      "train_loss_mean": 0.03567710569912331,
      "metric-dp-distance": 1.1784796742722392,
      "metric-dp-noise-stdv": 0.010606886374785612
    },
    "20": {
      "train_loss": 0.06611910014915989,
      "train_loss_mean": 0.04016793727090141,
      "metric-dp-distance": 1.1883561701203387,
      "metric-dp-noise-stdv": 0.010518731937693555
    }
  },
  "client_evaluate_metrics": {
    "1": {
      "eval_loss": 0.8313921950757504,
      "eval_acc": 0.681640625
    },
    "2": {
      "eval_loss": 0.687675729393959,
      "eval_acc": 0.7158203125
    },
    "3": {
      "eval_loss": 0.5850234590470791,
      "eval_acc": 0.7568359375
    },
    "4": {
      "eval_loss": 0.4766433294862509,
      "eval_acc": 0.80078125
    },
    "5": {
      "eval_loss": 0.4283123821951449,
      "eval_acc": 0.8388671875
    },
    "6": {
      "eval_loss": 0.5224535674788058,
      "eval_acc": 0.8466796875
    },
    "7": {
      "eval_loss": 0.5005198463331908,
      "eval_acc": 0.87890625
    },
    "8": {
      "eval_loss": 0.4693658951728139,
      "eval_acc": 0.90234375
    },
    "9": {
      "eval_loss": 0.295814009525202,
      "eval_acc": 0.943359375
    },
    "10": {
      "eval_loss": 0.26737603534456866,
      "eval_acc": 0.9462890625
    },
    "11": {
      "eval_loss": 0.22401016258481832,
      "eval_acc": 0.951171875
    },
    "12": {
      "eval_loss": 0.17290035653968516,
      "eval_acc": 0.9599609375
    },
    "13": {
      "eval_loss": 0.13803282072876755,
      "eval_acc": 0.9619140625
    },
    "14": {
      "eval_loss": 0.1345176691929737,
      "eval_acc": 0.96484375
    },
    "15": {
      "eval_loss": 0.15139789114391533,
      "eval_acc": 0.9697265625
    },
    "16": {
      "eval_loss": 0.17534340192287345,
      "eval_acc": 0.97265625
    },
    "17": {
      "eval_loss": 0.25015210981098335,
      "eval_acc": 0.9716796875
    },
    "18": {
      "eval_loss": 0.27303332654360446,
      "eval_acc": 0.97265625
    },
    "19": {
      "eval_loss": 0.27892643929226324,
      "eval_acc": 0.962890625
    },
    "20": {
      "eval_loss": 0.3669897694580868,
      "eval_acc": 0.9501953125
    }
  },
  "server_evaluate_metrics": {
    "0": {
      "loss": 0.942023353278637,
      "accuracy": 0.678125
    },
    "1": {
      "loss": 0.7711573705077172,
      "accuracy": 0.7078125
    },
    "2": {
      "loss": 0.6361601233482361,
      "accuracy": 0.7453125
    },
    "3": {
      "loss": 0.526625257730484,
      "accuracy": 0.775
    },
    "4": {
      "loss": 0.4147400975227356,
      "accuracy": 0.8421875
    },
    "5": {
      "loss": 0.41083442866802217,
      "accuracy": 0.853125
    },
    "6": {
      "loss": 0.5564075700938702,
      "accuracy": 0.8296875
    },
    "7": {
      "loss": 0.582615639641881,
      "accuracy": 0.875
    },
    "8": {
      "loss": 0.6265911675989628,
      "accuracy": 0.8875
    },
    "9": {
      "loss": 0.4278516869060695,
      "accuracy": 0.9203125
    },
    "10": {
      "loss": 0.39099627872928977,
      "accuracy": 0.93125
    },
    "11": {
      "loss": 0.36551905581727623,
      "accuracy": 0.9328125
    },
    "12": {
      "loss": 0.28210831438191236,
      "accuracy": 0.9421875
    },
    "13": {
      "loss": 0.2550412042066455,
      "accuracy": 0.946875
    },
    "14": {
      "loss": 0.2270342342555523,
      "accuracy": 0.95
    },
    "15": {
      "loss": 0.25582302788388916,
      "accuracy": 0.95625
    },
    "16": {
      "loss": 0.3132240511778946,
      "accuracy": 0.95625
    },
    "17": {
      "loss": 0.492482416599222,
      "accuracy": 0.9546875
    },
    "18": {
      "loss": 0.5581813636577948,