{
  "metadata": {
    "run_name": "main__homogeneous__vanilla__fedmedian__noise-0.01__seed-42",
    "data_module": "experiments.reproduce.dataset.alzheimer:create_data_module",
    "partition_mode": "homogeneous",
    "partition_profile": "auto",
    "privacy": "vanilla",
    "aggregation": "fedmedian",
    "seed": 42,
    "num_clients": 4,
    "rounds": 20,
    "local_epochs": 5,
    "noise_multiplier": 0.01,
    "clipping_norm": 5.0,
    "initialization_pretrained": false,
    "initialization_epochs": 0,
    "initialization_final_loss": null
  },
  "train_metrics": {
    "1": {
      "train_loss": 0.9738523485139012,
      "train_loss_mean": 1.031631026417017
    },
    "2": {
      "train_loss": 0.8942308565601707,
      "train_loss_mean": 0.9397380415350198
    },
    "3": {
      "train_loss": 0.7800823044963181,
      "train_loss_mean": 0.8430841201916337
    },
    "4": {
      "train_loss": 0.5974265567492694,
      "train_loss_mean": 0.7007745292037726
    },
    "5": {
      "train_loss": 0.37086910707876086,
      "train_loss_mean": 0.5036269073374569
    },
    "6": {
      "train_loss": 0.21663659892510623,
      "train_loss_mean": 0.330179473181488
    },
    "7": {
      "train_loss": 0.14902917951985728,
      "train_loss_mean": 0.22351802287448663
    },
    "8": {
      "train_loss": 0.10675153778720414,
      "train_loss_mean": 0.15318674371374075
    },
    "9": {
      "train_loss": 0.09632151104233344,
      "train_loss_mean": 0.11722145834137336
    },
    "10": {
      "train_loss": 0.07121119900693884,
      "train_loss_mean": 0.09165298490897839
    },
    "11": {
      "train_loss": 0.06344931737839943,
      "train_loss_mean": 0.07998756030829099
    },
    "12": {
      "train_loss": 0.07447657181364775,
      "train_loss_mean": 0.06889473253195319
    },
    "13": {
      "train_loss": 0.06825832616459593,
      "train_loss_mean": 0.06050130366647863
    },
    "14": {
      "train_loss": 0.05729824246577664,
      "train_loss_mean": 0.050969715044942625
    },
    "15": {
      "train_loss": 0.039683469774900004,
      "train_loss_mean": 0.0436373593762255
    },
    "16": {
      "train_loss": 0.02269605315859735,
      "train_loss_mean": 0.04001802427750363
    },
    "17": {
      "train_loss": 0.040938734560313605,
      "train_loss_mean": 0.03778642514886883
    },
    "18": {
      "train_loss": 0.03800557723525344,
      "train_loss_mean": 0.030818459752708804
    },
    "19": {
      "train_loss": 0.029482408775720614,
      "train_loss_mean": 0.031367860382496816
    },
    "20": {
      "train_loss": 0.033534619406054844,
      "train_loss_mean": 0.027949629019590815
    }
  },
  "client_evaluate_metrics": {
    "1": {
      "eval_loss": 1.0757237821817398,
      "eval_acc": 0.5
    },
    "2": {
      "eval_loss": 0.9137774761766195,
      "eval_acc": 0.560546875
    },
    "3": {
      "eval_loss": 0.81181201338768,
      "eval_acc": 0.6181640625
    },
    "4": {
      "eval_loss": 0.7019975930452347,
      "eval_acc": 0.658203125
    },
    "5": {
      "eval_loss": 0.5136743821203709,
      "eval_acc": 0.7861328125
    },
    "6": {
      "eval_loss": 0.39247586857527494,
      "eval_acc": 0.837890625
    },
    "7": {
      "eval_loss": 0.3411100544035435,
      "eval_acc": 0.8701171875
    },
    "8": {
      "eval_loss": 0.30088595766574144,
      "eval_acc": 0.888671875
    },
    "9": {
      "eval_loss": 0.2533563864417374,
      "eval_acc": 0.9140625
    },
    "10": {
      "eval_loss": 0.2216762014431879,
      "eval_acc": 0.92578125
    },
    "11": {
      "eval_loss": 0.19908193149603903,
      "eval_acc": 0.9345703125
    },
    "12": {
      "eval_loss": 0.18736769375391304,
      "eval_acc": 0.943359375
    },
    "13": {
      "eval_loss": 0.18778218945953995,
      "eval_acc": 0.9462890625
    },
    "14": {
      "eval_loss": 0.1730613805120811,
      "eval_acc": 0.94921875
    },
    "15": {
      "eval_loss": 0.16480293439235538,
      "eval_acc": 0.951171875
    },
    "16": {
      "eval_loss": 0.17069536879716907,
      "eval_acc": 0.9599609375
    },
    "17": {
      "eval_loss": 0.15878046410216484,
      "eval_acc": 0.9560546875
    },
    "18": {
      "eval_loss": 0.18175556628557388,
      "eval_acc": 0.953125
    },
    "19": {
      "eval_loss": 0.1689362283796072,
      "eval_acc": 0.9609375
    },
    "20": {
      "eval_loss": 0.17219852074049413,
      "eval_acc": 0.962890625
    }
  },
  "server_evaluate_metrics": {
    "0": {
      "loss": 1.44056636095047,
      "accuracy": 0.0109375
    },
    "1": {
      "loss": 1.068665659427643,
      "accuracy": 0.4953125
    },
    "2": {
      "loss": 0.914056858420372,
      "accuracy": 0.5703125
    },
    "3": {
      "loss": 0.838874414563179,
      "accuracy": 0.6046875
    },
    "4": {
      "loss": 0.7345215916633606,
      "accuracy": 0.6484375
    },
    "5": {
      "loss": 0.6075235456228256,
      "accuracy": 0.7453125
    },
    "6": {
      "loss": 0.5106023937463761,
      "accuracy": 0.8171875
    },
    "7": {
      "loss": 0.4482374757528305,
      "accuracy": 0.859375
    },
    "8": {
      "loss": 0.40472654551267623,
      "accuracy": 0.884375
    },
    "9": {
      "loss": 0.37430629730224607,
      "accuracy": 0.9015625
    },
    "10": {
      "loss": 0.3367241401225328,
      "accuracy": 0.91875
    },
    "11": {
      "loss": 0.2966152932494879,
      "accuracy": 0.9265625
    },
    "12": {
      "loss": 0.30075761061161754,
      "accuracy": 0.9265625
    },
    "13": {
      "loss": 0.26926141902804374,
      "accuracy": 0.9390625
    },
    "14": {
      "loss": 0.25922195371240375,
      "accuracy": 0.94375
    },
    "15": {
      "loss": 0.2996058722957969,
      "accuracy": 0.946875
    },
    "16": {
      "loss": 0.2893289359286427,
      "accuracy": 0.9421875
    },
    "17": {
      "loss": 0.2986552484333515,
      "accuracy": 0.9421875
    },
    "18": {
      "loss": 0.275031636049971,
      "accuracy": 0.94375
    },
    "19": {
      "loss": 0.25604555415920915,
      "accuracy": 0.9484375
    },
    "20": {
      "loss": 0.28748505623079834,
      "accuracy": 0.953125
    }
  }
}
