{
  "metadata": {
    "run_name": "main__homogeneous__vanilla__fedyogi__noise-0.01__seed-42",
    "data_module": "experiments.reproduce.dataset.alzheimer:create_data_module",
    "partition_mode": "homogeneous",
    "partition_profile": "auto",
    "privacy": "vanilla",
    "aggregation": "fedyogi",
    "seed": 42,
    "num_clients": 4,
    "rounds": 20,
    "local_epochs": 5,
    "noise_multiplier": 0.01,
    "clipping_norm": 5.0,
    "initialization_pretrained": true,
    "initialization_epochs": 20,
    "initialization_final_loss": 0.5251946866512298
  },
  "train_metrics": {
    "1": {
      "train_loss": 0.5216942052356899,
      "train_loss_mean": 0.6778674255590886
    },
    "2": {
      "train_loss": 0.3566447284538299,
      "train_loss_mean": 0.5523347033886239
    },
    "3": {
      "train_loss": 0.19860862381756306,
      "train_loss_mean": 0.3758094031130895
    },
    "4": {
      "train_loss": 0.10724831552943215,
      "train_loss_mean": 0.22963633617036977
    },
    "5": {
      "train_loss": 0.07701986119354842,
      "train_loss_mean": 0.16206580215803115
    },
    "6": {
      "train_loss": 0.054815362966110115,
      "train_loss_mean": 0.1265739584730909
    },
    "7": {
      "train_loss": 0.04746954544043547,
      "train_loss_mean": 0.10706830075105245
    },
    "8": {
      "train_loss": 0.03608339106040148,
      "train_loss_mean": 0.08461021985863226
    },
    "9": {
      "train_loss": 0.03994892792616156,
      "train_loss_mean": 0.0664801909818408
    },
    "10": {
      "train_loss": 0.03722043311758583,
      "train_loss_mean": 0.05740607673754159
    },
    "11": {
      "train_loss": 0.04458803282845736,
      "train_loss_mean": 0.04830142381418341
    },
    "12": {
      "train_loss": 0.044865541351335025,
      "train_loss_mean": 0.03848570098431718
    },
    "13": {
      "train_loss": 0.03774306546257525,
      "train_loss_mean": 0.03367225982516227
    },
    "14": {
      "train_loss": 0.04726714721504301,
      "train_loss_mean": 0.0327472440145342
    },
    "15": {
      "train_loss": 0.039737502104911226,
      "train_loss_mean": 0.0376504991138679
    },
    "16": {
      "train_loss": 0.0290467748465314,
      "train_loss_mean": 0.026174637959229516
    },
    "17": {
      "train_loss": 0.04350916061782846,
      "train_loss_mean": 0.037174727893426865
    },
    "18": {
      "train_loss": 0.029635856682663716,
      "train_loss_mean": 0.023387149668172923
    },
    "19": {
      "train_loss": 0.02463855363517254,
      "train_loss_mean": 0.022210051514016716
    },
    "20": {
      "train_loss": 0.014236960331505302,
      "train_loss_mean": 0.016762505885262863
    }
  },
  "client_evaluate_metrics": {
    "1": {
      "eval_loss": 0.7610139362514019,
      "eval_acc": 0.671875
    },
    "2": {
      "eval_loss": 0.6477152900770307,
      "eval_acc": 0.740234375
    },
    "3": {
      "eval_loss": 0.48117183335125446,
      "eval_acc": 0.7939453125
    },
    "4": {
      "eval_loss": 0.4233651962131262,
      "eval_acc": 0.8271484375
    },
    "5": {
      "eval_loss": 0.44836092460900545,
      "eval_acc": 0.8701171875
    },
    "6": {
      "eval_loss": 0.6442001473624259,
      "eval_acc": 0.880859375
    },
    "7": {
      "eval_loss": 0.6393771888688207,
      "eval_acc": 0.8984375
    },
    "8": {
      "eval_loss": 0.5595864305942087,
      "eval_acc": 0.91796875
    },
    "9": {
      "eval_loss": 0.4645063171919901,
      "eval_acc": 0.9326171875
    },
    "10": {
      "eval_loss": 0.2946235304698348,
      "eval_acc": 0.947265625
    },
    "11": {
      "eval_loss": 0.20126092985083233,
      "eval_acc": 0.953125
    },
    "12": {
      "eval_loss": 0.17977248728857376,
      "eval_acc": 0.958984375
    },
    "13": {
      "eval_loss": 0.1667560885543935,
      "eval_acc": 0.9599609375
    },
    "14": {
      "eval_loss": 0.16145915139895806,
      "eval_acc": 0.9697265625
    },
    "15": {
      "eval_loss": 0.18645055741694705,
      "eval_acc": 0.974609375
    },
    "16": {
      "eval_loss": 0.23185942552504457,
      "eval_acc": 0.9736328125
    },
    "17": {
      "eval_loss": 0.24406968329617484,
      "eval_acc": 0.9736328125
    },
    "18": {
      "eval_loss": 0.23871045403805624,
      "eval_acc": 0.974609375
    },
    "19": {
      "eval_loss": 0.2428460431439632,
      "eval_acc": 0.9775390625
    },
    "20": {
      "eval_loss": 0.24847963380638838,
      "eval_acc": 0.98046875
    }
  },
  "server_evaluate_metrics": {
    "0": {
      "loss": 0.909498593211174,
      "accuracy": 0.6078125
    },
    "1": {
      "loss": 0.7549042999744415,
      "accuracy": 0.6671875
    },
    "2": {
      "loss": 0.6511220306158065,
      "accuracy": 0.728125
    },
    "3": {
      "loss": 0.5410059049725533,
      "accuracy": 0.78125
    },
    "4": {
      "loss": 0.5305008098483086,
      "accuracy": 0.8
    },
    "5": {
      "loss": 0.6098408788442612,
      "accuracy": 0.8515625
    },
    "6": {
      "loss": 0.8784961976110935,
      "accuracy": 0.8765625
    },
    "7": {
      "loss": 1.0145947808283382,
      "accuracy": 0.8953125
    },
    "8": {
      "loss": 1.035690851698746,
      "accuracy": 0.9109375
    },
    "9": {
      "loss": 0.9095265821553766,
      "accuracy": 0.928125
    },
    "10": {
      "loss": 0.6129830697085709,
      "accuracy": 0.940625
    },
    "11": {
      "loss": 0.42598240288207306,
      "accuracy": 0.9515625
    },
    "12": {
      "loss": 0.3593415507581085,
      "accuracy": 0.946875
    },
    "13": {
      "loss": 0.3284868384012952,
      "accuracy": 0.9546875
    },
    "14": {
      "loss": 0.34674835168989376,
      "accuracy": 0.9578125
    },
    "15": {
      "loss": 0.3991091653886542,
      "accuracy": 0.959375
    },
    "16": {
      "loss": 0.4460710721625219,
      "accuracy": 0.9640625
    },
    "17": {
      "loss": 0.4456405242765641,
      "accuracy": 0.9640625
    },
    "18": {
      "loss": 0.433280815559705,
      "accuracy": 0.965625
    },
    "19": {
      "loss": 0.44468091580889196,
      "accuracy": 0.96875
    },
    "20": {
      "loss": 0.5126541886010955,
      "accuracy": 0.9703125
    }
  }
}
