{
  "metadata": {
    "run_name": "main__non-iid__vanilla__fedyogi__noise-0.01__seed-42",
    "data_module": "experiments.reproduce.dataset.alzheimer:create_data_module",
    "partition_mode": "non-iid",
    "partition_profile": "auto",
    "privacy": "vanilla",
    "aggregation": "fedyogi",
    "seed": 42,
    "num_clients": 4,
    "rounds": 20,
    "local_epochs": 5,
    "noise_multiplier": 0.01,
    "clipping_norm": 5.0,
    "initialization_pretrained": true,
    "initialization_epochs": 20,
    "initialization_final_loss": 0.6670547008514405
  },
  "train_metrics": {
    "1": {
      "train_loss": 0.5855450843623282,
      "train_loss_mean": 0.7269766777098674
    },
    "2": {
      "train_loss": 0.41816918565752914,
      "train_loss_mean": 0.5999881454951366
    },
    "3": {
      "train_loss": 0.27370852067826373,
      "train_loss_mean": 0.4496815652332191
    },
    "4": {
      "train_loss": 0.17527870397467,
      "train_loss_mean": 0.30551623013225426
    },
    "5": {
      "train_loss": 0.11856055000007998,
      "train_loss_mean": 0.2124202715454993
    },
    "6": {
      "train_loss": 0.08320924228955374,
      "train_loss_mean": 0.16228676112361878
    },
    "7": {
      "train_loss": 0.07267969133378778,
      "train_loss_mean": 0.12931849344142834
    },
    "8": {
      "train_loss": 0.08293222201738777,
      "train_loss_mean": 0.1148386476014902
    },
    "9": {
      "train_loss": 0.05253673952530558,
      "train_loss_mean": 0.09385436326896286
    },
    "10": {
      "train_loss": 0.052326395448778276,
      "train_loss_mean": 0.07420099713573423
    },
    "11": {
      "train_loss": 0.051110510087521,
      "train_loss_mean": 0.06820976665216996
    },
    "12": {
      "train_loss": 0.05299460275409084,
      "train_loss_mean": 0.06235542021639777
    },
    "13": {
      "train_loss": 0.049104885024069594,
      "train_loss_mean": 0.05409828440328053
    },
    "14": {
      "train_loss": 0.03960954937685504,
      "train_loss_mean": 0.05096653625358388
    },
    "15": {
      "train_loss": 0.05462195704238936,
      "train_loss_mean": 0.04620114836633843
    },
    "16": {
      "train_loss": 0.053829531216461494,
      "train_loss_mean": 0.042979672270932724
    },
    "17": {
      "train_loss": 0.045340634840966794,
      "train_loss_mean": 0.04132903086363892
    },
    "18": {
      "train_loss": 0.032477484567002425,
      "train_loss_mean": 0.038486869305284575
    },
    "19": {
      "train_loss": 0.04309596464610015,
      "train_loss_mean": 0.035702272917314044
    },
    "20": {
      "train_loss": 0.0285084998651721,
      "train_loss_mean": 0.03089489202105935
    }
  },
  "client_evaluate_metrics": {
    "1": {
      "eval_loss": 0.7553414875536169,
      "eval_acc": 0.6569200779727096
    },
    "2": {
      "eval_loss": 0.690083738656072,
      "eval_acc": 0.7037037037037036
    },
    "3": {
      "eval_loss": 0.563451509726675,
      "eval_acc": 0.7475633528265107
    },
    "4": {
      "eval_loss": 0.5055786390983106,
      "eval_acc": 0.7933723196881092
    },
    "5": {
      "eval_loss": 0.5659720908712458,
      "eval_acc": 0.8391812865497077
    },
    "6": {
      "eval_loss": 0.5899535249083595,
      "eval_acc": 0.864522417153996
    },
    "7": {
      "eval_loss": 0.5205428254069873,
      "eval_acc": 0.8996101364522417
    },
    "8": {
      "eval_loss": 0.603304996244159,
      "eval_acc": 0.9005847953216375
    },
    "9": {
      "eval_loss": 0.578954537709554,
      "eval_acc": 0.9200779727095516
    },
    "10": {
      "eval_loss": 0.46729986907435,
      "eval_acc": 0.9337231968810915
    },
    "11": {
      "eval_loss": 0.3466450501138936,
      "eval_acc": 0.9434697855750487
    },
    "12": {
      "eval_loss": 0.2787843199163588,
      "eval_acc": 0.9483430799220273
    },
    "13": {
      "eval_loss": 0.2598752768004048,
      "eval_acc": 0.9444444444444444
    },
    "14": {
      "eval_loss": 0.23715915739877588,
      "eval_acc": 0.9483430799220273
    },
    "15": {
      "eval_loss": 0.23260605789278044,
      "eval_acc": 0.9532163742690059
    },
    "16": {
      "eval_loss": 0.24904401724491826,
      "eval_acc": 0.9600389863547758
    },
    "17": {
      "eval_loss": 0.2675091555654334,
      "eval_acc": 0.9600389863547758
    },
    "18": {
      "eval_loss": 0.28737056665812377,
      "eval_acc": 0.9629629629629628
    },
    "19": {
      "eval_loss": 0.29740657364190726,
      "eval_acc": 0.962962962962963
    },
    "20": {
      "eval_loss": 0.3106475261277855,
      "eval_acc": 0.9629629629629628
    }
  },
  "server_evaluate_metrics": {
    "0": {
      "loss": 0.8477387875318527,
      "accuracy": 0.5921875
    },
    "1": {
      "loss": 0.7608802646398545,
      "accuracy": 0.6828125
    },
    "2": {
      "loss": 0.6895007714629173,
      "accuracy": 0.7015625
    },
    "3": {
      "loss": 0.5682708650827408,
      "accuracy": 0.759375
    },
    "4": {
      "loss": 0.5341811776161194,
      "accuracy": 0.803125
    },
    "5": {
      "loss": 0.6414677694439888,
      "accuracy": 0.83125
    },
    "6": {
      "loss": 0.7430797148495912,
      "accuracy": 0.8703125
    },
    "7": {
      "loss": 0.8221485135261901,
      "accuracy": 0.89375
    },
    "8": {
      "loss": 0.9413388406857848,
      "accuracy": 0.9046875
    },
    "9": {
      "loss": 0.8898237086832523,
      "accuracy": 0.9109375
    },
    "10": {
      "loss": 0.7239532445324585,
      "accuracy": 0.9265625
    },
    "11": {
      "loss": 0.5451682349725161,
      "accuracy": 0.928125
    },
    "12": {
      "loss": 0.43607029942795633,
      "accuracy": 0.9421875
    },
    "13": {
      "loss": 0.40500979106873275,
      "accuracy": 0.9375
    },
    "14": {
      "loss": 0.38583376407623293,
      "accuracy": 0.9421875
    },
    "15": {
      "loss": 0.39403868857771157,
      "accuracy": 0.9484375
    },
    "16": {
      "loss": 0.42216714611276984,
      "accuracy": 0.946875
    },
    "17": {
      "loss": 0.4635469506494701,
      "accuracy": 0.95
    },
    "18": {
      "loss": 0.5142718903924106,
      "accuracy": 0.9515625
    },
    "19": {
      "loss": 0.5245631521873293,
      "accuracy": 0.95625
    },
    "20": {
      "loss": 0.526268685310788,
      "accuracy": 0.95
    }
  }
}
