{
  "metadata": {
    "run_name": "main__non-iid__metric-privacy__fedyogi__noise-0.01__seed-42",
    "data_module": "experiments.reproduce.dataset.alzheimer:create_data_module",
    "partition_mode": "non-iid",
    "partition_profile": "auto",
    "privacy": "metric-privacy",
    "aggregation": "fedyogi",
    "seed": 42,
    "num_clients": 4,
    "rounds": 20,
    "local_epochs": 5,
    "noise_multiplier": 0.01,
    "clipping_norm": 5.0,
    "initialization_pretrained": true,
    "initialization_epochs": 20,
    "initialization_final_loss": 0.729490327835083
  },
  "train_metrics": {
    "1": {
      "train_loss": 0.5324373953972552,
      "train_loss_mean": 0.7035310706483136,
      "metric-dp-distance": 1.9897237482946366,
      "metric-dp-noise-stdv": 0.006282279140867454
    },
    "2": {
      "train_loss": 0.4346494194962772,
      "train_loss_mean": 0.6304908310866204,
      "metric-dp-distance": 2.047564672616621,
      "metric-dp-noise-stdv": 0.006104813277534242
    },
    "3": {
      "train_loss": 0.30433977650442995,
      "train_loss_mean": 0.5165577550384552,
      "metric-dp-distance": 1.9832785407391686,
      "metric-dp-noise-stdv": 0.006302695129924234
    },
    "4": {
      "train_loss": 0.18499031594513565,
      "train_loss_mean": 0.37802038766574764,
      "metric-dp-distance": 1.8814134839146088,
      "metric-dp-noise-stdv": 0.006643940902343047
    },
    "5": {
      "train_loss": 0.1171619471546552,
      "train_loss_mean": 0.26382293677240476,
      "metric-dp-distance": 1.6963725222740322,
      "metric-dp-noise-stdv": 0.007368664509634606
    },
    "6": {
      "train_loss": 0.08989642467486259,
      "train_loss_mean": 0.18060111610576488,
      "metric-dp-distance": 1.5950144234423835,
      "metric-dp-noise-stdv": 0.007836919727046929
    },
    "7": {
      "train_loss": 0.0646402008010736,
      "train_loss_mean": 0.1331164079021506,
      "metric-dp-distance": 1.500825138995424,
      "metric-dp-noise-stdv": 0.008328751748099626
    },
    "8": {
      "train_loss": 0.05021301437848128,
      "train_loss_mean": 0.1094663956478733,
      "metric-dp-distance": 1.474046198418364,
      "metric-dp-noise-stdv": 0.008480059860683042
    },
    "9": {
      "train_loss": 0.04440632103394096,
      "train_loss_mean": 0.08547126551418172,
      "metric-dp-distance": 1.4081657831557095,
      "metric-dp-noise-stdv": 0.00887679572215383
    },
    "10": {
      "train_loss": 0.04803234632411912,
      "train_loss_mean": 0.07119240694439666,
      "metric-dp-distance": 1.4307311014272273,
      "metric-dp-noise-stdv": 0.008736791971273018
    },
    "11": {
      "train_loss": 0.040981872873171496,
      "train_loss_mean": 0.06676096232883712,
      "metric-dp-distance": 1.510655228824665,
      "metric-dp-noise-stdv": 0.008274555147652966
    },
    "12": {
      "train_loss": 0.048541727419974465,
      "train_loss_mean": 0.053705026285905864,
      "metric-dp-distance": 1.3795795892365277,
      "metric-dp-noise-stdv": 0.009060731325343555
    },
    "13": {
      "train_loss": 0.03375045501057399,
      "train_loss_mean": 0.046080458052756956,
      "metric-dp-distance": 1.4634099022174876,
      "metric-dp-noise-stdv": 0.008541694286104596
    },
    "14": {
      "train_loss": 0.01753737526403819,
      "train_loss_mean": 0.035192138925242936,
      "metric-dp-distance": 1.3622057118142645,
      "metric-dp-noise-stdv": 0.009176293926525808
    },
    "15": {
      "train_loss": 0.026178846908535315,
      "train_loss_mean": 0.034598922176133785,
      "metric-dp-distance": 1.4149763300083578,
      "metric-dp-noise-stdv": 0.008834070037006321
    },
    "16": {
      "train_loss": 0.021253343729487145,
      "train_loss_mean": 0.038024053864207964,
      "metric-dp-distance": 1.5268755592405796,
      "metric-dp-noise-stdv": 0.008186652752642862
    },
    "17": {
      "train_loss": 0.03622404537081466,
      "train_loss_mean": 0.033111983876957754,
      "metric-dp-distance": 1.5667150672525167,
      "metric-dp-noise-stdv": 0.007978476917261498
    },
    "18": {
      "train_loss": 0.028451878398655296,
      "train_loss_mean": 0.023234239479330045,
      "metric-dp-distance": 1.4650643014659483,
      "metric-dp-noise-stdv": 0.008532048721337662
    },
    "19": {
      "train_loss": 0.024320038565388384,
      "train_loss_mean": 0.023789399080808078,
      "metric-dp-distance": 1.4295563126603763,
      "metric-dp-noise-stdv": 0.008743971740950691
    },
    "20": {
      "train_loss": 0.017674516857631387,
      "train_loss_mean": 0.01763517829731764,
      "metric-dp-distance": 1.2981535477253299,
      "metric-dp-noise-stdv": 0.009629061232319503
    }
  },
  "client_evaluate_metrics": {
    "1": {
      "eval_loss": 0.8443950626120464,
      "eval_acc": 0.6267056530214424
    },
    "2": {
      "eval_loss": 0.7114698064257526,
      "eval_acc": 0.682261208576998
    },
    "3": {
      "eval_loss": 0.6170285454502812,
      "eval_acc": 0.7173489278752436
    },
    "4": {
      "eval_loss": 0.506724553730985,
      "eval_acc": 0.7787524366471735
    },
    "5": {
      "eval_loss": 0.45734683033550927,
      "eval_acc": 0.8060428849902534
    },
    "6": {
      "eval_loss": 0.5669653308786611,
      "eval_acc": 0.8206627680311891
    },
    "7": {
      "eval_loss": 0.6540129084800883,
      "eval_acc": 0.8518518518518519
    },
    "8": {
      "eval_loss": 0.6502416928609211,
      "eval_acc": 0.878167641325536
    },
    "9": {
      "eval_loss": 0.5671224504941621,
      "eval_acc": 0.9035087719298246
    },
    "10": {
      "eval_loss": 0.38645108060486477,
      "eval_acc": 0.9327485380116959
    },
    "11": {
      "eval_loss": 0.3170410266870993,
      "eval_acc": 0.9415204678362573
    },
    "12": {
      "eval_loss": 0.23287290489377332,
      "eval_acc": 0.9541910331384016
    },
    "13": {
      "eval_loss": 0.22090134969195369,
      "eval_acc": 0.9561403508771931
    },
    "14": {
      "eval_loss": 0.21145427628811975,
      "eval_acc": 0.9610136452241714
    },
    "15": {
      "eval_loss": 0.19083030764004785,
      "eval_acc": 0.9688109161793372
    },
    "16": {
      "eval_loss": 0.17938670235709672,
      "eval_acc": 0.97270955165692
    },
    "17": {
      "eval_loss": 0.18057629648508908,
      "eval_acc": 0.969785575048733
    },
    "18": {
      "eval_loss": 0.19887188612120354,
      "eval_acc": 0.9756335282651072
    },
    "19": {
      "eval_loss": 0.2219353226996424,
      "eval_acc": 0.9756335282651072
    },
    "20": {
      "eval_loss": 0.21781513795502297,
      "eval_acc": 0.9746588693957114
    }
  },
  "server_evaluate_metrics": {
    "0": {
      "loss": 1.0353210896253586,
      "accuracy": 0.565625
    },
    "1": {
      "loss": 0.8728384912014008,
      "accuracy": 0.621875
    },
    "2": {
      "loss": 0.7196794778108597,
      "accuracy": 0.6890625
    },
    "3": {
      "loss": 0.6239251226186753,
      "accuracy": 0.740625
    },
    "4": {
      "loss": 0.5201750084757805,
      "accuracy": 0.790625
    },
    "5": {
      "loss": 0.4803731098771095,
      "accuracy": 0.8234375
    },
    "6": {
      "loss": 0.6656352818012238,
      "accuracy": 0.81875
    },
    "7": {
      "loss": 0.8098096653819085,
      "accuracy": 0.84375
    },
    "8": {
      "loss": 0.8018875166773796,
      "accuracy": 0.875
    },
    "9": {
      "loss": 0.7512579560512677,
      "accuracy": 0.90625
    },
    "10": {
      "loss": 0.712324335629819,
      "accuracy": 0.91875
    },
    "11": {
      "loss": 0.6140607708046446,
      "accuracy": 0.934375
    },
    "12": {
      "loss": 0.4923908477940131,
      "accuracy": 0.9453125
    },
    "13": {
      "loss": 0.4707438178593293,
      "accuracy": 0.9515625
    },
    "14": {
      "loss": 0.45475944930221884,
      "accuracy": 0.95
    },
    "15": {
      "loss": 0.4569818982068682,
      "accuracy": 0.953125
    },
    "16": {
      "loss": 0.47044490829430285,
      "accuracy": 0.959375
    },