{
  "metadata": {
    "run_name": "main__homogeneous__global-dp__fedyogi__noise-0.01__seed-43",
    "data_module": "experiments.reproduce.dataset.alzheimer:create_data_module",
    "partition_mode": "homogeneous",
    "partition_profile": "auto",
    "privacy": "global-dp",
    "aggregation": "fedyogi",
    "seed": 43,
    "num_clients": 4,
    "rounds": 20,
    "local_epochs": 5,
    "noise_multiplier": 0.01,
    "clipping_norm": 5.0,
    "initialization_pretrained": true,
    "initialization_epochs": 20,
    "initialization_final_loss": 0.29996163323521613
  },
  "train_metrics": {
    "1": {
      "train_loss": 0.5754796301480383,
      "train_loss_mean": 0.7255015935748816
    },
    "2": {
      "train_loss": 0.46898536302614957,
      "train_loss_mean": 0.6403129949467257
    },
    "3": {
      "train_loss": 0.3351162482285872,
      "train_loss_mean": 0.5236633389024064
    },
    "4": {
      "train_loss": 0.2576299865031615,
      "train_loss_mean": 0.4160772112198174
    },
    "5": {
      "train_loss": 0.17373872100142762,
      "train_loss_mean": 0.30826207557693125
    },
    "6": {
      "train_loss": 0.131289341908996,
      "train_loss_mean": 0.2311401247716276
    },
    "7": {
      "train_loss": 0.10653095698580728,
      "train_loss_mean": 0.1683685825140856
    },
    "8": {
      "train_loss": 0.08810012161302438,
      "train_loss_mean": 0.14603765370156907
    },
    "9": {
      "train_loss": 0.06767266888164158,
      "train_loss_mean": 0.12703777796650684
    },
    "10": {
      "train_loss": 0.05459263736565845,
      "train_loss_mean": 0.0989872252520172
    },
    "11": {
      "train_loss": 0.0706256694552394,
      "train_loss_mean": 0.08448411968761321
    },
    "12": {
      "train_loss": 0.045314001355805544,
      "train_loss_mean": 0.07397575416337929
    },
    "13": {
      "train_loss": 0.04683174707577109,
      "train_loss_mean": 0.071046288215922
    },
    "14": {
      "train_loss": 0.04367280426154707,
      "train_loss_mean": 0.055815641896354865
    },
    "15": {
      "train_loss": 0.0513388395297909,
      "train_loss_mean": 0.055516598050170535
    },
    "16": {
      "train_loss": 0.050129560355784974,
      "train_loss_mean": 0.04625178317953669
    },
    "17": {
      "train_loss": 0.03760125455244179,
      "train_loss_mean": 0.041570868023758666
    },
    "18": {
      "train_loss": 0.03125802836029834,
      "train_loss_mean": 0.03499275792572663
    },
    "19": {
      "train_loss": 0.04421243720746304,
      "train_loss_mean": 0.037307852408291174
    },
    "20": {
      "train_loss": 0.031839699231156704,
      "train_loss_mean": 0.03293194915370203
    }
  },
  "client_evaluate_metrics": {
    "1": {
      "eval_loss": 0.7880731271579862,
      "eval_acc": 0.685546875
    },
    "2": {
      "eval_loss": 0.6987862968817353,
      "eval_acc": 0.685546875
    },
    "3": {
      "eval_loss": 0.6367030385881662,
      "eval_acc": 0.7236328125
    },
    "4": {
      "eval_loss": 0.5738086393103004,
      "eval_acc": 0.751953125
    },
    "5": {
      "eval_loss": 0.49664087779819965,
      "eval_acc": 0.802734375
    },
    "6": {
      "eval_loss": 0.47584184585139155,
      "eval_acc": 0.8203125
    },
    "7": {
      "eval_loss": 0.5612612953409553,
      "eval_acc": 0.8427734375
    },
    "8": {
      "eval_loss": 0.7449058163911104,
      "eval_acc": 0.8583984375
    },
    "9": {
      "eval_loss": 0.6173663713270798,
      "eval_acc": 0.888671875
    },
    "10": {
      "eval_loss": 0.5795982329073013,
      "eval_acc": 0.9150390625
    },
    "11": {
      "eval_loss": 0.4542111402054161,
      "eval_acc": 0.921875
    },
    "12": {
      "eval_loss": 0.32159817306819605,
      "eval_acc": 0.9287109375
    },
    "13": {
      "eval_loss": 0.2580200981901726,
      "eval_acc": 0.9462890625
    },
    "14": {
      "eval_loss": 0.26737410679925233,
      "eval_acc": 0.9423828125
    },
    "15": {
      "eval_loss": 0.23456105805234984,
      "eval_acc": 0.953125
    },
    "16": {
      "eval_loss": 0.2083927195344586,
      "eval_acc": 0.9580078125
    },
    "17": {
      "eval_loss": 0.20228361553745344,
      "eval_acc": 0.955078125
    },
    "18": {
      "eval_loss": 0.2123094410635531,
      "eval_acc": 0.958984375
    },
    "19": {
      "eval_loss": 0.2407355100294808,
      "eval_acc": 0.958984375
    },
    "20": {
      "eval_loss": 0.26589802019589115,
      "eval_acc": 0.9560546875
    }
  },
  "server_evaluate_metrics": {
    "0": {
      "loss": 1.0399769574403763,
      "accuracy": 0.671875
    },
    "1": {
      "loss": 0.7916236311197281,
      "accuracy": 0.65625
    },
    "2": {
      "loss": 0.7101398676633834,
      "accuracy": 0.678125
    },
    "3": {
      "loss": 0.6666744440793991,
      "accuracy": 0.6984375
    },
    "4": {
      "loss": 0.6163047581911087,
      "accuracy": 0.7
    },
    "5": {
      "loss": 0.5691853389143944,
      "accuracy": 0.771875
    },
    "6": {
      "loss": 0.6210766136646271,
      "accuracy": 0.79375
    },
    "7": {
      "loss": 0.8254613056778908,
      "accuracy": 0.8140625
    },
    "8": {
      "loss": 1.1318064093589784,
      "accuracy": 0.825
    },
    "9": {
      "loss": 1.0542978152632714,
      "accuracy": 0.8609375
    },
    "10": {
      "loss": 1.0115772243589163,
      "accuracy": 0.8796875
    },
    "11": {
      "loss": 0.7808203776017762,
      "accuracy": 0.90625
    },
    "12": {
      "loss": 0.5982519237470114,
      "accuracy": 0.9203125
    },
    "13": {
      "loss": 0.5171957018785178,
      "accuracy": 0.934375
    },
    "14": {
      "loss": 0.48653569221496584,
      "accuracy": 0.9234375
    },
    "15": {
      "loss": 0.3980820905417204,
      "accuracy": 0.9296875
    },
    "16": {
      "loss": 0.3623042948544025,
      "accuracy": 0.9390625
    },
    "17": {
      "loss": 0.37026311960071323,
      "accuracy": 0.9375
    },
    "18": {
      "loss": 0.378042610315606,
      "accuracy": 0.940625
    },
    "19": {
      "loss": 0.4704979794798419,
      "accuracy": 0.9375
    },
    "20": {
      "loss": 0.5383869368350134,
      "accuracy": 0.928125
    }
  }
}
