{
  "metadata": {
    "run_name": "main__homogeneous__vanilla__fedprox__noise-0.01__seed-45",
    "data_module": "experiments.reproduce.dataset.alzheimer:create_data_module",
    "partition_mode": "homogeneous",
    "partition_profile": "auto",
    "privacy": "vanilla",
    "aggregation": "fedprox",
    "seed": 45,
    "num_clients": 4,
    "rounds": 20,
    "local_epochs": 5,
    "noise_multiplier": 0.01,
    "clipping_norm": 5.0,
    "initialization_pretrained": false,
    "initialization_epochs": 0,
    "initialization_final_loss": null
  },
  "train_metrics": {
    "1": {
      "train_loss": 1.1764833363704383,
      "train_loss_mean": 1.2331451741978525
    },
    "2": {
      "train_loss": 1.0923996814526618,
      "train_loss_mean": 1.112105258926749
    },
    "3": {
      "train_loss": 1.0644118287600577,
      "train_loss_mean": 1.0860007426701486
    },
    "4": {
      "train_loss": 1.0573910167440772,
      "train_loss_mean": 1.082264118269086
    },
    "5": {
      "train_loss": 1.0575520903803408,
      "train_loss_mean": 1.075261602923274
    },
    "6": {
      "train_loss": 1.0529720350168645,
      "train_loss_mean": 1.0738617994822564
    },
    "7": {
      "train_loss": 1.049739044625312,
      "train_loss_mean": 1.0692672069184481
    },
    "8": {
      "train_loss": 1.046768393367529,
      "train_loss_mean": 1.0662301806733012
    },
    "9": {
      "train_loss": 1.04228586377576,
      "train_loss_mean": 1.0639091031625867
    },
    "10": {
      "train_loss": 1.037332364358008,
      "train_loss_mean": 1.0601998079568147
    },
    "11": {
      "train_loss": 1.0366094936616719,
      "train_loss_mean": 1.0580198055133223
    },
    "12": {
      "train_loss": 1.0294761611148715,
      "train_loss_mean": 1.0550600878894327
    },
    "13": {
      "train_loss": 1.0272819865494967,
      "train_loss_mean": 1.0519655434414745
    },
    "14": {
      "train_loss": 1.013912373688072,
      "train_loss_mean": 1.048272568639368
    },
    "15": {
      "train_loss": 1.0077837225981057,
      "train_loss_mean": 1.044260348007083
    },
    "16": {
      "train_loss": 0.9968720646575093,
      "train_loss_mean": 1.0339155652560292
    },
    "17": {
      "train_loss": 0.9874303070828319,
      "train_loss_mean": 1.0307071726769208
    },
    "18": {
      "train_loss": 0.9832850289531052,
      "train_loss_mean": 1.0204571487382053
    },
    "19": {
      "train_loss": 0.965773340780288,
      "train_loss_mean": 1.0055012359283864
    },
    "20": {
      "train_loss": 0.9589067343622446,
      "train_loss_mean": 0.9950923391617834
    }
  },
  "client_evaluate_metrics": {
    "1": {
      "eval_loss": 1.0400985609740019,
      "eval_acc": 0.5
    },
    "2": {
      "eval_loss": 1.0382053926587105,
      "eval_acc": 0.5
    },
    "3": {
      "eval_loss": 1.0377757884562016,
      "eval_acc": 0.5
    },
    "4": {
      "eval_loss": 1.0388924460858107,
      "eval_acc": 0.5
    },
    "5": {
      "eval_loss": 1.038245489820838,
      "eval_acc": 0.5
    },
    "6": {
      "eval_loss": 1.0365295726805925,
      "eval_acc": 0.5
    },
    "7": {
      "eval_loss": 1.0359092205762863,
      "eval_acc": 0.5
    },
    "8": {
      "eval_loss": 1.0319679025560617,
      "eval_acc": 0.5
    },
    "9": {
      "eval_loss": 1.0289774872362614,
      "eval_acc": 0.5
    },
    "10": {
      "eval_loss": 1.0217112712562084,
      "eval_acc": 0.5
    },
    "11": {
      "eval_loss": 1.0160773675888777,
      "eval_acc": 0.5
    },
    "12": {
      "eval_loss": 1.0080973356962204,
      "eval_acc": 0.5
    },
    "13": {
      "eval_loss": 0.9979350827634335,
      "eval_acc": 0.501953125
    },
    "14": {
      "eval_loss": 0.9881119895726442,
      "eval_acc": 0.517578125
    },
    "15": {
      "eval_loss": 0.9754605665802956,
      "eval_acc": 0.5205078125
    },
    "16": {
      "eval_loss": 0.9657348804175854,
      "eval_acc": 0.5302734375
    },
    "17": {
      "eval_loss": 0.9551298581063747,
      "eval_acc": 0.5322265625
    },
    "18": {
      "eval_loss": 0.947869349271059,
      "eval_acc": 0.5341796875
    },
    "19": {
      "eval_loss": 0.939197039231658,
      "eval_acc": 0.5400390625
    },
    "20": {
      "eval_loss": 0.9335811268538237,
      "eval_acc": 0.5458984375
    }
  },
  "server_evaluate_metrics": {
    "0": {
      "loss": 1.4445670783519744,
      "accuracy": 0.0109375
    },
    "1": {
      "loss": 1.031171754002571,
      "accuracy": 0.4953125
    },
    "2": {
      "loss": 1.0273811161518096,
      "accuracy": 0.4953125
    },
    "3": {
      "loss": 1.0276105761528016,
      "accuracy": 0.4953125
    },
    "4": {
      "loss": 1.028099212050438,
      "accuracy": 0.4953125
    },
    "5": {
      "loss": 1.0275049924850463,
      "accuracy": 0.4953125
    },
    "6": {
      "loss": 1.0257106512784957,
      "accuracy": 0.4953125
    },
    "7": {
      "loss": 1.025052410364151,
      "accuracy": 0.4953125
    },
    "8": {
      "loss": 1.0213936179876328,
      "accuracy": 0.4953125
    },
    "9": {
      "loss": 1.0186248034238816,
      "accuracy": 0.4953125
    },
    "10": {
      "loss": 1.0120912104845048,
      "accuracy": 0.4953125
    },
    "11": {
      "loss": 1.007010680437088,
      "accuracy": 0.4953125
    },
    "12": {
      "loss": 0.9999976277351379,
      "accuracy": 0.4953125
    },
    "13": {
      "loss": 0.9916740536689759,
      "accuracy": 0.503125
    },
    "14": {
      "loss": 0.9835435599088669,
      "accuracy": 0.5109375
    },
    "15": {
      "loss": 0.9741650015115738,
      "accuracy": 0.5078125
    },
    "16": {
      "loss": 0.9676365703344345,
      "accuracy": 0.5140625
    },
    "17": {
      "loss": 0.9592083036899567,
      "accuracy": 0.525
    },
    "18": {
      "loss": 0.9546956837177276,
      "accuracy": 0.521875
    },
    "19": {
      "loss": 0.9467844307422638,
      "accuracy": 0.540625
    },
    "20": {
      "loss": 0.9421893626451492,
      "accuracy": 0.553125
    }
  }
}
