{
  "metadata": {
    "run_name": "main__homogeneous__metric-privacy__fedprox__noise-0.01__seed-43",
    "data_module": "experiments.reproduce.dataset.alzheimer:create_data_module",
    "partition_mode": "homogeneous",
    "partition_profile": "auto",
    "privacy": "metric-privacy",
    "aggregation": "fedprox",
    "seed": 43,
    "num_clients": 4,
    "rounds": 20,
    "local_epochs": 5,
    "noise_multiplier": 0.01,
    "clipping_norm": 5.0,
    "initialization_pretrained": false,
    "initialization_epochs": 0,
    "initialization_final_loss": null
  },
  "train_metrics": {
    "1": {
      "train_loss": 1.1746748532168567,
      "train_loss_mean": 1.2435660949908198,
      "metric-dp-distance": 0.12717226120488098,
      "metric-dp-noise-stdv": 0.09829187498570828
    },
    "2": {
      "train_loss": 1.4317951370030642,
      "train_loss_mean": 2.3503882328048347,
      "metric-dp-distance": 0.20886060234624892,
      "metric-dp-noise-stdv": 0.0598485298786868
    },
    "3": {
      "train_loss": 1.398311184719205,
      "train_loss_mean": 1.653832116909325,
      "metric-dp-distance": 0.23544619457485774,
      "metric-dp-noise-stdv": 0.05309068605916989
    },
    "4": {
      "train_loss": 1.2615007176063955,
      "train_loss_mean": 1.5222615167498588,
      "metric-dp-distance": 0.19755850623672208,
      "metric-dp-noise-stdv": 0.06327239579865028
    },
    "5": {
      "train_loss": 1.2937444997951388,
      "train_loss_mean": 1.7189195419661703,
      "metric-dp-distance": 0.20172781737831733,
      "metric-dp-noise-stdv": 0.06196468173032224
    },
    "6": {
      "train_loss": 1.3570366641506553,
      "train_loss_mean": 1.6502538636326791,
      "metric-dp-distance": 0.2449796642176807,
      "metric-dp-noise-stdv": 0.05102464337159398
    },
    "7": {
      "train_loss": 1.293225223198533,
      "train_loss_mean": 1.5714198844507337,
      "metric-dp-distance": 0.22477247666878006,
      "metric-dp-noise-stdv": 0.05561179102199303
    },
    "8": {
      "train_loss": 1.2439055759459734,
      "train_loss_mean": 1.5693409603089097,
      "metric-dp-distance": 0.18732720520347357,
      "metric-dp-noise-stdv": 0.0667281614884639
    },
    "9": {
      "train_loss": 1.3281520875170827,
      "train_loss_mean": 1.8582259550690652,
      "metric-dp-distance": 0.19256468404394886,
      "metric-dp-noise-stdv": 0.06491325271848465
    },
    "10": {
      "train_loss": 1.2915984578430653,
      "train_loss_mean": 1.8271359425038098,
      "metric-dp-distance": 0.20921651180833578,
      "metric-dp-noise-stdv": 0.059746718325230985
    },
    "11": {
      "train_loss": 1.282574170269072,
      "train_loss_mean": 1.5111134042963386,
      "metric-dp-distance": 0.20822761626914144,
      "metric-dp-noise-stdv": 0.060030461972168554
    },
    "12": {
      "train_loss": 1.2625158745795488,
      "train_loss_mean": 1.7153382794000207,
      "metric-dp-distance": 0.16720218669312695,
      "metric-dp-noise-stdv": 0.07475978781869501
    },
    "13": {
      "train_loss": 1.283577211201191,
      "train_loss_mean": 1.762376672308892,
      "metric-dp-distance": 0.17270068606982628,
      "metric-dp-noise-stdv": 0.07237956191410846
    },
    "14": {
      "train_loss": 1.3120926525443792,
      "train_loss_mean": 2.0281202983111144,
      "metric-dp-distance": 0.16676792409271002,
      "metric-dp-noise-stdv": 0.07495446182475096
    },
    "15": {
      "train_loss": 1.4701682748273015,
      "train_loss_mean": 2.1559600902721288,
      "metric-dp-distance": 0.21917834497677782,
      "metric-dp-noise-stdv": 0.05703118162209131
    },
    "16": {
      "train_loss": 1.2554977694526315,
      "train_loss_mean": 1.5024326787330209,
      "metric-dp-distance": 0.18916356024177125,
      "metric-dp-noise-stdv": 0.06608038030170116
    },
    "17": {
      "train_loss": 1.4864147454500198,
      "train_loss_mean": 2.0814538965001703,
      "metric-dp-distance": 0.18209006577186906,
      "metric-dp-noise-stdv": 0.06864734738280881
    },
    "18": {
      "train_loss": 1.474344301968813,
      "train_loss_mean": 1.75622214730829,
      "metric-dp-distance": 0.19479743804549798,
      "metric-dp-noise-stdv": 0.06416922175886333
    },
    "19": {
      "train_loss": 1.469604049809277,
      "train_loss_mean": 1.843630257435143,
      "metric-dp-distance": 0.2126024905980254,
      "metric-dp-noise-stdv": 0.0587951719889969
    },
    "20": {
      "train_loss": 1.6855258075520396,
      "train_loss_mean": 1.6974504327401518,
      "metric-dp-distance": 0.28722972973870736,
      "metric-dp-noise-stdv": 0.0435191719581787
    }
  },
  "client_evaluate_metrics": {
    "1": {
      "eval_loss": 4.470638446509838,
      "eval_acc": 0.5166015625
    },
    "2": {
      "eval_loss": 1.9345914535224438,
      "eval_acc": 0.5078125
    },
    "3": {
      "eval_loss": 2.3367654159665108,
      "eval_acc": 0.5009765625
    },
    "4": {
      "eval_loss": 3.718259684741497,
      "eval_acc": 0.5078125
    },
    "5": {
      "eval_loss": 3.119573749601841,
      "eval_acc": 0.46484375
    },
    "6": {
      "eval_loss": 2.0224724374711514,
      "eval_acc": 0.3134765625
    },
    "7": {
      "eval_loss": 3.1725530698895454,
      "eval_acc": 0.400390625
    },
    "8": {
      "eval_loss": 3.1005072370171547,
      "eval_acc": 0.4453125
    },
    "9": {
      "eval_loss": 4.429577589035034,
      "eval_acc": 0.515625
    },
    "10": {
      "eval_loss": 2.7071138098835945,
      "eval_acc": 0.439453125
    },
    "11": {
      "eval_loss": 7.8824484795331955,
      "eval_acc": 0.5
    },
    "12": {
      "eval_loss": 4.504913032054901,
      "eval_acc": 0.2607421875
    },
    "13": {
      "eval_loss": 11.003376454114914,
      "eval_acc": 0.2314453125
    },
    "14": {
      "eval_loss": 5.111893244087696,
      "eval_acc": 0.255859375
    },
    "15": {
      "eval_loss": 1.3581759855151176,
      "eval_acc": 0.3583984375
    },
    "16": {
      "eval_loss": 6.208908826112747,
      "eval_acc": 0.087890625
    },
    "17": {
      "eval_loss": 1.2525665760040283,
      "eval_acc": 0.33984375
    },
    "18": {
      "eval_loss": 3.5176751911640167,
      "eval_acc": 0.302734375
    },
    "19": {
      "eval_loss": 1.1432165242731571,
      "eval_acc": 0.34765625
    },
    "20": {
      "eval_loss": 1.1168593913316727,
      "eval_acc": 0.5
    }
  },
  "server_evaluate_metrics": {
    "0": {
      "loss": 1.3831079185009003,
      "accuracy": 0.134375
    },
    "1": {
      "loss": 4.402342879772187,
      "accuracy": 0.4953125
    },
    "2": {
      "loss": 1.9426368296146392,
      "accuracy": 0.4921875
    },
    "3": {
      "loss": 2.4079526603221892,
      "accuracy": 0.49375
    },
    "4": {
      "loss": 3.597624295949936,
      "accuracy": 0.5046875
    },
    "5": {
      "loss": 2.99592924118042,
      "accuracy": 0.4765625
    },
    "6": {
      "loss": 2.0380224347114564,
      "accuracy": 0.325
    },
    "7": {
      "loss": 3.1789626121520995,
      "accuracy": 0.409375
    },
    "8": {
      "loss": 2.8717176735401155,
      "accuracy": 0.4578125
    },
    "9": {
      "loss": 4.457294934988022,
      "accuracy": 0.490625
    },
    "10": {
      "loss": 2.9439195811748506,
      "accuracy": 0.4328125
    },
    "11": {
      "loss": 7.809870409965515,
      "accuracy": 0.4953125
    },
    "12": {
      "loss": 5.029090023040771,
      "accuracy": 0.225
    },
    "13": {
      "loss": 11.845488023757934,
      "accuracy": 0.215625
    },
    "14": {
      "loss": 4.88136225938797,
      "accuracy": 0.2609375
    },
    "15": {
      "loss": 1.3648311018943786,
      "accuracy": 0.353125
    },
    "16": {
      "loss": 6.172454738616944,
      "accuracy": 0.0921875
    },
    "17": {
      "loss": 1.2531282484531403,
      "accuracy": 0.3578125
    },
    "18": {
      "loss": 3.4125811100006103,
      "accuracy": 0.3109375
    },
    "19": {
      "loss": 1.1369217336177826,
      "accuracy": 0.359375
    },