{
  "metadata": {
    "run_name": "main__homogeneous__vanilla__fedprox__noise-0.01__seed-42",
    "data_module": "experiments.reproduce.dataset.alzheimer:create_data_module",
    "partition_mode": "homogeneous",
    "partition_profile": "auto",
    "privacy": "vanilla",
    "aggregation": "fedprox",
    "seed": 42,
    "num_clients": 4,
    "rounds": 20,
    "local_epochs": 5,
    "noise_multiplier": 0.01,
    "clipping_norm": 5.0,
    "initialization_pretrained": false,
    "initialization_epochs": 0,
    "initialization_final_loss": null
  },
  "train_metrics": {
    "1": {
      "train_loss": 1.1849488881416619,
      "train_loss_mean": 1.232573111448437
    },
    "2": {
      "train_loss": 1.0844431412406266,
      "train_loss_mean": 1.1116903624497354
    },
    "3": {
      "train_loss": 1.0686140041798353,
      "train_loss_mean": 1.0876204028725622
    },
    "4": {
      "train_loss": 1.0584898977540433,
      "train_loss_mean": 1.0764707633294166
    },
    "5": {
      "train_loss": 1.0482931812293828,
      "train_loss_mean": 1.0667301125824453
    },
    "6": {
      "train_loss": 1.0439771264791489,
      "train_loss_mean": 1.0594036897644399
    },
    "7": {
      "train_loss": 1.0365405906923115,
      "train_loss_mean": 1.0549811508506537
    },
    "8": {
      "train_loss": 1.0290915295481682,
      "train_loss_mean": 1.051089210342616
    },
    "9": {
      "train_loss": 1.0293156411498785,
      "train_loss_mean": 1.0474777202121914
    },
    "10": {
      "train_loss": 1.0155985252931714,
      "train_loss_mean": 1.039735135436058
    },
    "11": {
      "train_loss": 1.007213526405394,
      "train_loss_mean": 1.0309763279743491
    },
    "12": {
      "train_loss": 0.9972406625747681,
      "train_loss_mean": 1.0207738331519067
    },
    "13": {
      "train_loss": 0.991121603641659,
      "train_loss_mean": 1.0123414774425328
    },
    "14": {
      "train_loss": 0.9834621390327811,
      "train_loss_mean": 1.0044248344376683
    },
    "15": {
      "train_loss": 0.9764482323080301,
      "train_loss_mean": 0.9955717355944216
    },
    "16": {
      "train_loss": 0.9637769823893905,
      "train_loss_mean": 0.9850163148716091
    },
    "17": {
      "train_loss": 0.9578346638008952,
      "train_loss_mean": 0.9808480778709053
    },
    "18": {
      "train_loss": 0.9563436154276133,
      "train_loss_mean": 0.9746447741985321
    },
    "19": {
      "train_loss": 0.9433183930814266,
      "train_loss_mean": 0.9682110306806861
    },
    "20": {
      "train_loss": 0.9393950728699565,
      "train_loss_mean": 0.9595591400749982
    }
  },
  "client_evaluate_metrics": {
    "1": {
      "eval_loss": 1.041426558047533,
      "eval_acc": 0.5
    },
    "2": {
      "eval_loss": 1.037153324112296,
      "eval_acc": 0.5
    },
    "3": {
      "eval_loss": 1.033547267317772,
      "eval_acc": 0.5
    },
    "4": {
      "eval_loss": 1.0326233766973019,
      "eval_acc": 0.5
    },
    "5": {
      "eval_loss": 1.0244505852460861,
      "eval_acc": 0.5
    },
    "6": {
      "eval_loss": 1.018209571018815,
      "eval_acc": 0.5
    },
    "7": {
      "eval_loss": 1.0111802071332932,
      "eval_acc": 0.5
    },
    "8": {
      "eval_loss": 1.0012656040489674,
      "eval_acc": 0.5078125
    },
    "9": {
      "eval_loss": 0.9911550506949425,
      "eval_acc": 0.5205078125
    },
    "10": {
      "eval_loss": 0.9796397462487221,
      "eval_acc": 0.517578125
    },
    "11": {
      "eval_loss": 0.9707369916141033,
      "eval_acc": 0.5185546875
    },
    "12": {
      "eval_loss": 0.9641469717025757,
      "eval_acc": 0.5322265625
    },
    "13": {
      "eval_loss": 0.9574674125760794,
      "eval_acc": 0.5380859375
    },
    "14": {
      "eval_loss": 0.9514758288860321,
      "eval_acc": 0.541015625
    },
    "15": {
      "eval_loss": 0.9467802885919809,
      "eval_acc": 0.544921875
    },
    "16": {
      "eval_loss": 0.9404094722121954,
      "eval_acc": 0.5419921875
    },
    "17": {
      "eval_loss": 0.9367094151675701,
      "eval_acc": 0.548828125
    },
    "18": {
      "eval_loss": 0.931646678596735,
      "eval_acc": 0.5439453125
    },
    "19": {
      "eval_loss": 0.9255573842674494,
      "eval_acc": 0.5458984375
    },
    "20": {
      "eval_loss": 0.9228761456906796,
      "eval_acc": 0.546875
    }
  },
  "server_evaluate_metrics": {
    "0": {
      "loss": 1.44056636095047,
      "accuracy": 0.0109375
    },
    "1": {
      "loss": 1.0321201741695405,
      "accuracy": 0.4953125
    },
    "2": {
      "loss": 1.0283526539802552,
      "accuracy": 0.4953125
    },
    "3": {
      "loss": 1.023444464802742,
      "accuracy": 0.4953125
    },
    "4": {
      "loss": 1.0214866787195205,
      "accuracy": 0.4953125
    },
    "5": {
      "loss": 1.0125615268945694,
      "accuracy": 0.4953125
    },
    "6": {
      "loss": 1.0046069115400313,
      "accuracy": 0.4953125
    },
    "7": {
      "loss": 0.9962196767330169,
      "accuracy": 0.5
    },
    "8": {
      "loss": 0.9862128317356109,
      "accuracy": 0.509375
    },
    "9": {
      "loss": 0.9761736273765564,
      "accuracy": 0.51875
    },
    "10": {
      "loss": 0.9658947736024857,
      "accuracy": 0.5140625
    },
    "11": {
      "loss": 0.9590677350759507,
      "accuracy": 0.5078125
    },
    "12": {
      "loss": 0.9534938544034958,
      "accuracy": 0.521875
    },
    "13": {
      "loss": 0.947881555557251,
      "accuracy": 0.5203125
    },
    "14": {
      "loss": 0.9435876071453094,
      "accuracy": 0.5390625
    },
    "15": {
      "loss": 0.9395002514123917,
      "accuracy": 0.5359375
    },
    "16": {
      "loss": 0.9342653244733811,
      "accuracy": 0.5359375
    },
    "17": {
      "loss": 0.9313948959112167,
      "accuracy": 0.5359375
    },
    "18": {
      "loss": 0.9273922115564346,
      "accuracy": 0.5328125
    },
    "19": {
      "loss": 0.9232294946908951,
      "accuracy": 0.5390625
    },
    "20": {
      "loss": 0.9209804713726044,
      "accuracy": 0.5390625
    }
  }
}
