{
  "metadata": {
    "run_name": "main__homogeneous__global-dp__fedavgm__noise-0.01__seed-43",
    "data_module": "experiments.reproduce.dataset.alzheimer:create_data_module",
    "partition_mode": "homogeneous",
    "partition_profile": "auto",
    "privacy": "global-dp",
    "aggregation": "fedavgm",
    "seed": 43,
    "num_clients": 4,
    "rounds": 20,
    "local_epochs": 5,
    "noise_multiplier": 0.01,
    "clipping_norm": 5.0,
    "initialization_pretrained": true,
    "initialization_epochs": 20,
    "initialization_final_loss": 0.315703596919775
  },
  "train_metrics": {
    "1": {
      "train_loss": 0.5755362410563976,
      "train_loss_mean": 0.7174366145860404
    },
    "2": {
      "train_loss": 0.5335431334096938,
      "train_loss_mean": 0.6964729549828917
    },
    "3": {
      "train_loss": 0.5325747875031084,
      "train_loss_mean": 0.6797946060076356
    },
    "4": {
      "train_loss": 0.49349205382168293,
      "train_loss_mean": 0.6555305277463049
    },
    "5": {
      "train_loss": 0.4685549468267709,
      "train_loss_mean": 0.6311100626830012
    },
    "6": {
      "train_loss": 0.43805575044825673,
      "train_loss_mean": 0.6097987508866936
    },
    "7": {
      "train_loss": 0.41319839912466705,
      "train_loss_mean": 0.5821934998501093
    },
    "8": {
      "train_loss": 0.39089606527704746,
      "train_loss_mean": 0.5563049629097805
    },
    "9": {
      "train_loss": 0.3740956836845726,
      "train_loss_mean": 0.540971016138792
    },
    "10": {
      "train_loss": 0.3476640432490967,
      "train_loss_mean": 0.5119896150310523
    },
    "11": {
      "train_loss": 0.3220800650306046,
      "train_loss_mean": 0.48685403540730476
    },
    "12": {
      "train_loss": 0.29722586553543806,
      "train_loss_mean": 0.46599265560507774
    },
    "13": {
      "train_loss": 0.29048197029624134,
      "train_loss_mean": 0.4468865422997624
    },
    "14": {
      "train_loss": 0.2565131148439832,
      "train_loss_mean": 0.4201227745739743
    },
    "15": {
      "train_loss": 0.24380480183754116,
      "train_loss_mean": 0.39666852812515574
    },
    "16": {
      "train_loss": 0.2335846942733042,
      "train_loss_mean": 0.3829552655806765
    },
    "17": {
      "train_loss": 0.2304757368110586,
      "train_loss_mean": 0.3650421977450606
    },
    "18": {
      "train_loss": 0.2061822976975236,
      "train_loss_mean": 0.3375904534652363
    },
    "19": {
      "train_loss": 0.19632198271574453,
      "train_loss_mean": 0.3158874386572279
    },
    "20": {
      "train_loss": 0.18548962840577587,
      "train_loss_mean": 0.2957872510654852
    }
  },
  "client_evaluate_metrics": {
    "1": {
      "eval_loss": 1.0607109069824219,
      "eval_acc": 0.6474609375
    },
    "2": {
      "eval_loss": 1.0983727220445871,
      "eval_acc": 0.6591796875
    },
    "3": {
      "eval_loss": 0.966534499078989,
      "eval_acc": 0.6611328125
    },
    "4": {
      "eval_loss": 0.8281405661255121,
      "eval_acc": 0.666015625
    },
    "5": {
      "eval_loss": 0.7959476755931973,
      "eval_acc": 0.6689453125
    },
    "6": {
      "eval_loss": 0.7808367181569338,
      "eval_acc": 0.6826171875
    },
    "7": {
      "eval_loss": 0.7518386757001281,
      "eval_acc": 0.6962890625
    },
    "8": {
      "eval_loss": 0.7219971865415573,
      "eval_acc": 0.7060546875
    },
    "9": {
      "eval_loss": 0.7274966798722744,
      "eval_acc": 0.708984375
    },
    "10": {
      "eval_loss": 0.6640605749562383,
      "eval_acc": 0.7060546875
    },
    "11": {
      "eval_loss": 0.6405006125569344,
      "eval_acc": 0.724609375
    },
    "12": {
      "eval_loss": 0.6224951529875398,
      "eval_acc": 0.7314453125
    },
    "13": {
      "eval_loss": 0.5987756997346878,
      "eval_acc": 0.75
    },
    "14": {
      "eval_loss": 0.5914957132190466,
      "eval_acc": 0.751953125
    },
    "15": {
      "eval_loss": 0.5710938023403287,
      "eval_acc": 0.759765625
    },
    "16": {
      "eval_loss": 0.5399851119145751,
      "eval_acc": 0.77734375
    },
    "17": {
      "eval_loss": 0.5246948320418596,
      "eval_acc": 0.791015625
    },
    "18": {
      "eval_loss": 0.5154221523553133,
      "eval_acc": 0.7880859375
    },
    "19": {
      "eval_loss": 0.4796818383038044,
      "eval_acc": 0.806640625
    },
    "20": {
      "eval_loss": 0.4641465959139168,
      "eval_acc": 0.7939453125
    }
  },
  "server_evaluate_metrics": {
    "0": {
      "loss": 1.1087386429309845,
      "accuracy": 0.6546875
    },
    "1": {
      "loss": 1.0696567595005035,
      "accuracy": 0.653125
    },
    "2": {
      "loss": 1.1041235506534577,
      "accuracy": 0.65
    },
    "3": {
      "loss": 0.9822986841201782,
      "accuracy": 0.6515625
    },
    "4": {
      "loss": 0.8380043476819992,
      "accuracy": 0.665625
    },
    "5": {
      "loss": 0.8171791553497314,
      "accuracy": 0.6625
    },
    "6": {
      "loss": 0.8134556382894516,
      "accuracy": 0.6828125
    },
    "7": {
      "loss": 0.7710952430963516,
      "accuracy": 0.6984375
    },
    "8": {
      "loss": 0.7546952366828918,
      "accuracy": 0.6890625
    },
    "9": {
      "loss": 0.7703857392072677,
      "accuracy": 0.6765625
    },
    "10": {
      "loss": 0.6855443209409714,
      "accuracy": 0.69375
    },
    "11": {
      "loss": 0.6636539578437806,
      "accuracy": 0.7046875
    },
    "12": {
      "loss": 0.6600880891084671,
      "accuracy": 0.7125
    },
    "13": {
      "loss": 0.6228561580181122,
      "accuracy": 0.7265625
    },
    "14": {
      "loss": 0.6185061112046242,
      "accuracy": 0.7234375
    },
    "15": {
      "loss": 0.6120301276445389,
      "accuracy": 0.74375
    },
    "16": {
      "loss": 0.594536828994751,
      "accuracy": 0.7453125
    },
    "17": {
      "loss": 0.5683697864413262,
      "accuracy": 0.7453125
    },
    "18": {
      "loss": 0.5434041410684586,
      "accuracy": 0.75625
    },
    "19": {
      "loss": 0.5421785905957222,
      "accuracy": 0.7859375
    },
    "20": {
      "loss": 0.5190937951207161,
      "accuracy": 0.7796875
    }
  }
}
