{
  "metadata": {
    "run_name": "main__homogeneous__metric-privacy__fedyogi__noise-0.01__seed-45",
    "data_module": "experiments.reproduce.dataset.alzheimer:create_data_module",
    "partition_mode": "homogeneous",
    "partition_profile": "auto",
    "privacy": "metric-privacy",
    "aggregation": "fedyogi",
    "seed": 45,
    "num_clients": 4,
    "rounds": 20,
    "local_epochs": 5,
    "noise_multiplier": 0.01,
    "clipping_norm": 5.0,
    "initialization_pretrained": true,
    "initialization_epochs": 20,
    "initialization_final_loss": 0.49060002714395523
  },
  "train_metrics": {
    "1": {
      "train_loss": 0.5382998031564057,
      "train_loss_mean": 0.7001918907742948,
      "metric-dp-distance": 1.4486712061334401,
      "metric-dp-noise-stdv": 0.008628596983965042
    },
    "2": {
      "train_loss": 0.4697761519346386,
      "train_loss_mean": 0.636631440743804,
      "metric-dp-distance": 1.515070822943623,
      "metric-dp-noise-stdv": 0.008250439392472636
    },
    "3": {
      "train_loss": 0.3417568219010718,
      "train_loss_mean": 0.5290606704191305,
      "metric-dp-distance": 1.4492096273073305,
      "metric-dp-noise-stdv": 0.008625391223232023
    },
    "4": {
      "train_loss": 0.24092512554489076,
      "train_loss_mean": 0.4138943704077974,
      "metric-dp-distance": 1.4160462387371808,
      "metric-dp-noise-stdv": 0.00882739536185443
    },
    "5": {
      "train_loss": 0.16487090909504332,
      "train_loss_mean": 0.2900652820884716,
      "metric-dp-distance": 1.2944053139071912,
      "metric-dp-noise-stdv": 0.009656944286074099
    },
    "6": {
      "train_loss": 0.11837771580030676,
      "train_loss_mean": 0.20923515469185078,
      "metric-dp-distance": 1.2298333931248635,
      "metric-dp-noise-stdv": 0.010163978364775863
    },
    "7": {
      "train_loss": 0.08900769358297111,
      "train_loss_mean": 0.16839085756218994,
      "metric-dp-distance": 1.1348257115265976,
      "metric-dp-noise-stdv": 0.011014907287555786
    },
    "8": {
      "train_loss": 0.0835812635059483,
      "train_loss_mean": 0.14878358214291437,
      "metric-dp-distance": 1.0758975460194051,
      "metric-dp-noise-stdv": 0.01161820662780334
    },
    "9": {
      "train_loss": 0.06548106748005011,
      "train_loss_mean": 0.13243776850795258,
      "metric-dp-distance": 0.9616708086493114,
      "metric-dp-noise-stdv": 0.012998210913312982
    },
    "10": {
      "train_loss": 0.05297531320388771,
      "train_loss_mean": 0.10415694751186493,
      "metric-dp-distance": 0.9782174075953662,
      "metric-dp-noise-stdv": 0.012778345491445754
    },
    "11": {
      "train_loss": 0.05556432057335314,
      "train_loss_mean": 0.07381080906881152,
      "metric-dp-distance": 1.0381069368838023,
      "metric-dp-noise-stdv": 0.01204114870624273
    },
    "12": {
      "train_loss": 0.05667774665323577,
      "train_loss_mean": 0.06444334375823928,
      "metric-dp-distance": 1.0791190708987415,
      "metric-dp-noise-stdv": 0.011583522464846636
    },
    "13": {
      "train_loss": 0.04118085970139873,
      "train_loss_mean": 0.05308445807109479,
      "metric-dp-distance": 1.1131558512958388,
      "metric-dp-noise-stdv": 0.011229335034666162
    },
    "14": {
      "train_loss": 0.039220072777549575,
      "train_loss_mean": 0.04379897831564783,
      "metric-dp-distance": 1.0988351181149483,
      "metric-dp-noise-stdv": 0.011375683024623159
    },
    "15": {
      "train_loss": 0.03234598826139745,
      "train_loss_mean": 0.0399169004545353,
      "metric-dp-distance": 1.1662879814393818,
      "metric-dp-noise-stdv": 0.010717764564951654
    },
    "16": {
      "train_loss": 0.04327432683192001,
      "train_loss_mean": 0.03610882289670751,
      "metric-dp-distance": 1.168659384207179,
      "metric-dp-noise-stdv": 0.010696016451773949
    },
    "17": {
      "train_loss": 0.04124341668740783,
      "train_loss_mean": 0.03463860715973377,
      "metric-dp-distance": 1.157022885667781,
      "metric-dp-noise-stdv": 0.010803589241699024
    },
    "18": {
      "train_loss": 0.021830073712461484,
      "train_loss_mean": 0.028326212201934403,
      "metric-dp-distance": 1.160879353216539,
      "metric-dp-noise-stdv": 0.010767699473132393
    },
    "19": {
      "train_loss": 0.023607632695905406,
      "train_loss_mean": 0.029621768945107346,
      "metric-dp-distance": 1.1345072590435545,
      "metric-dp-noise-stdv": 0.011017999136063805
    },
    "20": {
      "train_loss": 0.032780944706546716,
      "train_loss_mean": 0.03278504719058849,
      "metric-dp-distance": 1.138557394190381,
      "metric-dp-noise-stdv": 0.010978805340672922
    }
  },
  "client_evaluate_metrics": {
    "1": {
      "eval_loss": 0.806318711489439,
      "eval_acc": 0.65625
    },
    "2": {
      "eval_loss": 0.6953579001128674,
      "eval_acc": 0.67578125
    },
    "3": {
      "eval_loss": 0.6217509042471647,
      "eval_acc": 0.724609375
    },
    "4": {
      "eval_loss": 0.5824994901195168,
      "eval_acc": 0.7666015625
    },
    "5": {
      "eval_loss": 0.579579459503293,
      "eval_acc": 0.7880859375
    },
    "6": {
      "eval_loss": 0.5958293015137315,
      "eval_acc": 0.826171875
    },
    "7": {
      "eval_loss": 0.6938762902282178,
      "eval_acc": 0.837890625
    },
    "8": {
      "eval_loss": 0.7084183259867132,
      "eval_acc": 0.8720703125
    },
    "9": {
      "eval_loss": 0.7004956459422829,
      "eval_acc": 0.8876953125
    },
    "10": {
      "eval_loss": 0.4901015935174655,
      "eval_acc": 0.916015625
    },
    "11": {
      "eval_loss": 0.41530928475549445,
      "eval_acc": 0.9287109375
    },
    "12": {
      "eval_loss": 0.3258220095958677,
      "eval_acc": 0.9375
    },
    "13": {
      "eval_loss": 0.2609547600077349,
      "eval_acc": 0.947265625
    },
    "14": {
      "eval_loss": 0.20165367287700064,
      "eval_acc": 0.9541015625
    },
    "15": {
      "eval_loss": 0.19635895753162913,
      "eval_acc": 0.9521484375
    },
    "16": {
      "eval_loss": 0.19556710337928962,
      "eval_acc": 0.9521484375
    },
    "17": {
      "eval_loss": 0.1946032589985407,
      "eval_acc": 0.95703125
    },
    "18": {
      "eval_loss": 0.24143989295475876,
      "eval_acc": 0.9619140625
    },
    "19": {
      "eval_loss": 0.22735103629838704,
      "eval_acc": 0.966796875
    },
    "20": {
      "eval_loss": 0.22151901683309916,
      "eval_acc": 0.96484375
    }
  },
  "server_evaluate_metrics": {
    "0": {
      "loss": 0.9926153033971786,
      "accuracy": 0.6078125
    },
    "1": {
      "loss": 0.8331256687641144,
      "accuracy": 0.6359375
    },
    "2": {
      "loss": 0.7238882273435593,
      "accuracy": 0.68125
    },
    "3": {
      "loss": 0.651434788107872,
      "accuracy": 0.7125
    },
    "4": {
      "loss": 0.6152878284454346,
      "accuracy": 0.7515625
    },
    "5": {
      "loss": 0.6281725466251373,
      "accuracy": 0.7734375
    },
    "6": {
      "loss": 0.7005216658115387,
      "accuracy": 0.8109375
    },
    "7": {
      "loss": 0.8692219510674477,
      "accuracy": 0.8390625
    },
    "8": {
      "loss": 0.9780288156121969,
      "accuracy": 0.8546875
    },
    "9": {
      "loss": 0.991711986809969,
      "accuracy": 0.8921875
    },
    "10": {
      "loss": 0.7850732474122196,
      "accuracy": 0.903125
    },
    "11": {
      "loss": 0.7039881962860818,
      "accuracy": 0.91875
    },
    "12": {
      "loss": 0.654059054958634,
      "accuracy": 0.91875
    },
    "13": {
      "loss": 0.5162974936130922,
      "accuracy": 0.9296875
    },
    "14": {
      "loss": 0.395768519397825,
      "accuracy": 0.9453125
    },
    "15": {
      "loss": 0.36713505601510404,
      "accuracy": 0.9390625
    },
    "16": {
      "loss": 0.340036136249546,
      "accuracy": 0.9453125
    },
    "17": {
      "loss": 0.36453105419059284,
      "accuracy": 0.9515625
    },
    "18": {
      "loss": 0.42594012675945125,