{
  "metadata": {
    "run_name": "main__non-iid__metric-privacy__fedprox__noise-0.01__seed-42",
    "data_module": "experiments.reproduce.dataset.alzheimer:create_data_module",
    "partition_mode": "non-iid",
    "partition_profile": "auto",
    "privacy": "metric-privacy",
    "aggregation": "fedprox",
    "seed": 42,
    "num_clients": 4,
    "rounds": 20,
    "local_epochs": 5,
    "noise_multiplier": 0.01,
    "clipping_norm": 5.0,
    "initialization_pretrained": false,
    "initialization_epochs": 0,
    "initialization_final_loss": null
  },
  "train_metrics": {
    "1": {
      "train_loss": 1.1796270355283776,
      "train_loss_mean": 1.2305967294709765,
      "metric-dp-distance": 0.12242470072427143,
      "metric-dp-noise-stdv": 0.10210357816722684
    },
    "2": {
      "train_loss": 1.4545983772890474,
      "train_loss_mean": 2.630643960121613,
      "metric-dp-distance": 0.23563485561559597,
      "metric-dp-noise-stdv": 0.05304817900282094
    },
    "3": {
      "train_loss": 1.280030085479101,
      "train_loss_mean": 1.7864966614746034,
      "metric-dp-distance": 0.198474011849612,
      "metric-dp-noise-stdv": 0.06298053777172358
    },
    "4": {
      "train_loss": 1.2920847906388477,
      "train_loss_mean": 1.6550012438775974,
      "metric-dp-distance": 0.20592429822621247,
      "metric-dp-noise-stdv": 0.060701918654924684
    },
    "5": {
      "train_loss": 1.306851404698581,
      "train_loss_mean": 1.657205746222777,
      "metric-dp-distance": 0.20337142903978625,
      "metric-dp-noise-stdv": 0.06146389421079684
    },
    "6": {
      "train_loss": 1.2941113201711139,
      "train_loss_mean": 1.7233905632960602,
      "metric-dp-distance": 0.20071484482226273,
      "metric-dp-noise-stdv": 0.06227740659176961
    },
    "7": {
      "train_loss": 1.3198949821005812,
      "train_loss_mean": 1.6404240444630134,
      "metric-dp-distance": 0.2354724940378219,
      "metric-dp-noise-stdv": 0.053084756464133916
    },
    "8": {
      "train_loss": 1.3890747147824745,
      "train_loss_mean": 1.552566331097948,
      "metric-dp-distance": 0.2599060474118839,
      "metric-dp-noise-stdv": 0.048094302246806636
    },
    "9": {
      "train_loss": 1.2526453432363593,
      "train_loss_mean": 1.3865600735837211,
      "metric-dp-distance": 0.19818810559809208,
      "metric-dp-noise-stdv": 0.06307139352423546
    },
    "10": {
      "train_loss": 1.3872653242722919,
      "train_loss_mean": 1.8735171221032862,
      "metric-dp-distance": 0.24653091855968037,
      "metric-dp-noise-stdv": 0.05070357938480642
    },
    "11": {
      "train_loss": 1.2609376515419704,
      "train_loss_mean": 1.5587324668560951,
      "metric-dp-distance": 0.22425792707751194,
      "metric-dp-noise-stdv": 0.05573938974152531
    },
    "12": {
      "train_loss": 1.3039777123992131,
      "train_loss_mean": 1.527467599489308,
      "metric-dp-distance": 0.2150250629056245,
      "metric-dp-noise-stdv": 0.058132758251936
    },
    "13": {
      "train_loss": 1.2408129073493819,
      "train_loss_mean": 1.4410093488667612,
      "metric-dp-distance": 0.22487950612170002,
      "metric-dp-noise-stdv": 0.05558532307179323
    },
    "14": {
      "train_loss": 1.2839619508008577,
      "train_loss_mean": 1.5380301163204717,
      "metric-dp-distance": 0.21822171883347133,
      "metric-dp-noise-stdv": 0.05728119119774215
    },
    "15": {
      "train_loss": 1.3910069040222521,
      "train_loss_mean": 1.5938345801381872,
      "metric-dp-distance": 0.25082220307861763,
      "metric-dp-noise-stdv": 0.049836098425792084
    },
    "16": {
      "train_loss": 1.2391206184188273,
      "train_loss_mean": 1.4441049350024318,
      "metric-dp-distance": 0.19018195266835392,
      "metric-dp-noise-stdv": 0.06572653095952773
    },
    "17": {
      "train_loss": 1.2973278358498608,
      "train_loss_mean": 1.671490206343404,
      "metric-dp-distance": 0.20808963865662614,
      "metric-dp-noise-stdv": 0.060070266259756255
    },
    "18": {
      "train_loss": 1.2978268835855566,
      "train_loss_mean": 1.5303061513826215,
      "metric-dp-distance": 0.20251805909598866,
      "metric-dp-noise-stdv": 0.06172289056984939
    },
    "19": {
      "train_loss": 1.2279043715350733,
      "train_loss_mean": 1.4159567614561412,
      "metric-dp-distance": 0.17990213558853915,
      "metric-dp-noise-stdv": 0.06948222131497768
    },
    "20": {
      "train_loss": 1.3170532444423737,
      "train_loss_mean": 1.5375438073639993,
      "metric-dp-distance": 0.18201345341124883,
      "metric-dp-noise-stdv": 0.06867624214434839
    }
  },
  "client_evaluate_metrics": {
    "1": {
      "eval_loss": 18.461362582201147,
      "eval_acc": 0.14132553606237816
    },
    "2": {
      "eval_loss": 5.74104490893626,
      "eval_acc": 0.3469785575048733
    },
    "3": {
      "eval_loss": 2.685651736417477,
      "eval_acc": 0.17738791423001948
    },
    "4": {
      "eval_loss": 2.049230417545311,
      "eval_acc": 0.30409356725146197
    },
    "5": {
      "eval_loss": 10.491013235051263,
      "eval_acc": 0.14132553606237816
    },
    "6": {
      "eval_loss": 2.9333112448976753,
      "eval_acc": 0.3079922027290448
    },
    "7": {
      "eval_loss": 2.690197689026652,
      "eval_acc": 0.1939571150097466
    },
    "8": {
      "eval_loss": 1.5821135666867678,
      "eval_acc": 0.4941520467836257
    },
    "9": {
      "eval_loss": 5.66642790974697,
      "eval_acc": 0.5
    },
    "10": {
      "eval_loss": 4.692197461342022,
      "eval_acc": 0.33528265107212474
    },
    "11": {
      "eval_loss": 1.706633748134442,
      "eval_acc": 0.4093567251461988
    },
    "12": {
      "eval_loss": 1.5418337678816352,
      "eval_acc": 0.36257309941520466
    },
    "13": {
      "eval_loss": 2.99683983748884,
      "eval_acc": 0.24074074074074073
    },
    "14": {
      "eval_loss": 2.092713211014954,
      "eval_acc": 0.38791423001949316
    },
    "15": {
      "eval_loss": 4.540653210169623,
      "eval_acc": 0.5019493177387914
    },
    "16": {
      "eval_loss": 4.9002440268533265,
      "eval_acc": 0.28752436647173485
    },
    "17": {
      "eval_loss": 2.676028748004757,
      "eval_acc": 0.30214424951267055
    },
    "18": {
      "eval_loss": 3.9843545768693174,
      "eval_acc": 0.26120857699805067
    },
    "19": {
      "eval_loss": 3.6929086718642923,
      "eval_acc": 0.22319688109161795
    },
    "20": {
      "eval_loss": 7.804109212715491,
      "eval_acc": 0.5009746588693957
    }
  },
  "server_evaluate_metrics": {
    "0": {
      "loss": 1.44056636095047,
      "accuracy": 0.0109375
    },
    "1": {
      "loss": 18.6447114944458,
      "accuracy": 0.134375
    },
    "2": {
      "loss": 5.696630191802979,
      "accuracy": 0.359375
    },
    "3": {
      "loss": 2.736098253726959,
      "accuracy": 0.15625
    },
    "4": {
      "loss": 2.037932562828064,
      "accuracy": 0.3171875
    },
    "5": {
      "loss": 10.371297931671142,
      "accuracy": 0.1328125
    },
    "6": {
      "loss": 2.7301336526870728,
      "accuracy": 0.3578125
    },
    "7": {
      "loss": 2.6529314160346984,
      "accuracy": 0.2453125
    },
    "8": {
      "loss": 1.4851705312728882,
      "accuracy": 0.5
    },
    "9": {
      "loss": 5.40005487203598,
      "accuracy": 0.5109375
    },
    "10": {
      "loss": 4.649852275848389,
      "accuracy": 0.3421875
    },
    "11": {
      "loss": 1.6090673506259918,
      "accuracy": 0.428125
    },
    "12": {
      "loss": 1.4653483390808106,
      "accuracy": 0.39375
    },
    "13": {
      "loss": 3.0315439224243166,
      "accuracy": 0.2171875
    },
    "14": {
      "loss": 2.069654327630997,
      "accuracy": 0.384375
    },
    "15": {
      "loss": 4.497891628742218,
      "accuracy": 0.4953125
    },
    "16": {
      "loss": 4.272920334339142,
      "accuracy": 0.309375
    },
    "17": {
      "loss": 2.704987972974777,
      "accuracy": 0.321875
    },