{
  "metadata": {
    "run_name": "main__homogeneous__vanilla__fedmedian__noise-0.01__seed-45",
    "data_module": "experiments.reproduce.dataset.alzheimer:create_data_module",
    "partition_mode": "homogeneous",
    "partition_profile": "auto",
    "privacy": "vanilla",
    "aggregation": "fedmedian",
    "seed": 45,
    "num_clients": 4,
    "rounds": 20,
    "local_epochs": 5,
    "noise_multiplier": 0.01,
    "clipping_norm": 5.0,
    "initialization_pretrained": false,
    "initialization_epochs": 0,
    "initialization_final_loss": null
  },
  "train_metrics": {
    "1": {
      "train_loss": 0.9909537937492132,
      "train_loss_mean": 1.0567616483196616
    },
    "2": {
      "train_loss": 0.849266279488802,
      "train_loss_mean": 0.9400732508860528
    },
    "3": {
      "train_loss": 0.6090384561102837,
      "train_loss_mean": 0.7605616685468704
    },
    "4": {
      "train_loss": 0.29373647255124524,
      "train_loss_mean": 0.48725095851114025
    },
    "5": {
      "train_loss": 0.1578885697235819,
      "train_loss_mean": 0.27881022525252774
    },
    "6": {
      "train_loss": 0.08688592773978598,
      "train_loss_mean": 0.16972253231215292
    },
    "7": {
      "train_loss": 0.05677991739867139,
      "train_loss_mean": 0.10939470869416255
    },
    "8": {
      "train_loss": 0.04159703404729953,
      "train_loss_mean": 0.07903146957578427
    },
    "9": {
      "train_loss": 0.03593652379822743,
      "train_loss_mean": 0.055168655179113554
    },
    "10": {
      "train_loss": 0.04167033076055304,
      "train_loss_mean": 0.05103196060651953
    },
    "11": {
      "train_loss": 0.032157937466990916,
      "train_loss_mean": 0.03863027681088624
    },
    "12": {
      "train_loss": 0.027575912720635642,
      "train_loss_mean": 0.03689366883932053
    },
    "13": {
      "train_loss": 0.021191744463749274,
      "train_loss_mean": 0.038373630824546014
    },
    "14": {
      "train_loss": 0.013605340756598139,
      "train_loss_mean": 0.026668310575923646
    },
    "15": {
      "train_loss": 0.009825051474777524,
      "train_loss_mean": 0.025973575419217455
    },
    "16": {
      "train_loss": 0.026384889744349493,
      "train_loss_mean": 0.02656945036065359
    },
    "17": {
      "train_loss": 0.012811497846996645,
      "train_loss_mean": 0.019554573177696887
    },
    "18": {
      "train_loss": 0.03972266376041489,
      "train_loss_mean": 0.027069964455906346
    },
    "19": {
      "train_loss": 0.014479413268929875,
      "train_loss_mean": 0.019503504449433027
    },
    "20": {
      "train_loss": 0.03149624517443783,
      "train_loss_mean": 0.023224381239934627
    }
  },
  "client_evaluate_metrics": {
    "1": {
      "eval_loss": 1.0670974403619766,
      "eval_acc": 0.5537109375
    },
    "2": {
      "eval_loss": 0.8658812660723925,
      "eval_acc": 0.599609375
    },
    "3": {
      "eval_loss": 0.6890006382018328,
      "eval_acc": 0.6923828125
    },
    "4": {
      "eval_loss": 0.5092194220051169,
      "eval_acc": 0.7890625
    },
    "5": {
      "eval_loss": 0.39646579790860415,
      "eval_acc": 0.845703125
    },
    "6": {
      "eval_loss": 0.3508793916553259,
      "eval_acc": 0.8798828125
    },
    "7": {
      "eval_loss": 0.30726000550203025,
      "eval_acc": 0.9033203125
    },
    "8": {
      "eval_loss": 0.2055746749683749,
      "eval_acc": 0.9345703125
    },
    "9": {
      "eval_loss": 0.202930060622748,
      "eval_acc": 0.9326171875
    },
    "10": {
      "eval_loss": 0.16698018556053285,
      "eval_acc": 0.9482421875
    },
    "11": {
      "eval_loss": 0.16203737087198533,
      "eval_acc": 0.953125
    },
    "12": {
      "eval_loss": 0.17057045692854444,
      "eval_acc": 0.953125
    },
    "13": {
      "eval_loss": 0.1613240184742608,
      "eval_acc": 0.95703125
    },
    "14": {
      "eval_loss": 0.1408414932757296,
      "eval_acc": 0.9580078125
    },
    "15": {
      "eval_loss": 0.1704482178120088,
      "eval_acc": 0.9609375
    },
    "16": {
      "eval_loss": 0.15182613974320702,
      "eval_acc": 0.958984375
    },
    "17": {
      "eval_loss": 0.1530575361357478,
      "eval_acc": 0.966796875
    },
    "18": {
      "eval_loss": 0.1715184818021953,
      "eval_acc": 0.9609375
    },
    "19": {
      "eval_loss": 0.16368836130641284,
      "eval_acc": 0.9619140625
    },
    "20": {
      "eval_loss": 0.15371558522747364,
      "eval_acc": 0.96484375
    }
  },
  "server_evaluate_metrics": {
    "0": {
      "loss": 1.4445670783519744,
      "accuracy": 0.0109375
    },
    "1": {
      "loss": 1.0646901726722717,
      "accuracy": 0.5546875
    },
    "2": {
      "loss": 0.8861621230840683,
      "accuracy": 0.5609375
    },
    "3": {
      "loss": 0.7246908336877823,
      "accuracy": 0.6703125
    },
    "4": {
      "loss": 0.6104708313941956,
      "accuracy": 0.75625
    },
    "5": {
      "loss": 0.5082448780536651,
      "accuracy": 0.7921875
    },
    "6": {
      "loss": 0.4057096790522337,
      "accuracy": 0.853125
    },
    "7": {
      "loss": 0.4073310140520334,
      "accuracy": 0.8875
    },
    "8": {
      "loss": 0.28563889404758813,
      "accuracy": 0.925
    },
    "9": {
      "loss": 0.3023527168203145,
      "accuracy": 0.9203125
    },
    "10": {
      "loss": 0.26411531465128063,
      "accuracy": 0.934375
    },
    "11": {
      "loss": 0.2600303971208632,
      "accuracy": 0.9453125
    },
    "12": {
      "loss": 0.25919280713424087,
      "accuracy": 0.94375
    },
    "13": {
      "loss": 0.21664768273476512,
      "accuracy": 0.9546875
    },
    "14": {
      "loss": 0.17618896402418613,
      "accuracy": 0.9640625
    },
    "15": {
      "loss": 0.2535622737836093,
      "accuracy": 0.946875
    },
    "16": {
      "loss": 0.16871433118358253,
      "accuracy": 0.9671875
    },
    "17": {
      "loss": 0.21778044591192156,
      "accuracy": 0.9640625
    },
    "18": {
      "loss": 0.2085469980898779,
      "accuracy": 0.959375
    },
    "19": {
      "loss": 0.19330048479605466,
      "accuracy": 0.9578125
    },
    "20": {
      "loss": 0.18494550725445152,
      "accuracy": 0.95625
    }
  }
}
