{
  "metadata": {
    "run_name": "main__homogeneous__vanilla__fedmedian__noise-0.01__seed-46",
    "data_module": "experiments.reproduce.dataset.alzheimer:create_data_module",
    "partition_mode": "homogeneous",
    "partition_profile": "auto",
    "privacy": "vanilla",
    "aggregation": "fedmedian",
    "seed": 46,
    "num_clients": 4,
    "rounds": 20,
    "local_epochs": 5,
    "noise_multiplier": 0.01,
    "clipping_norm": 5.0,
    "initialization_pretrained": false,
    "initialization_epochs": 0,
    "initialization_final_loss": null
  },
  "train_metrics": {
    "1": {
      "train_loss": 0.9753248319029808,
      "train_loss_mean": 1.038469346612692
    },
    "2": {
      "train_loss": 0.8706085016019642,
      "train_loss_mean": 0.9339750764891505
    },
    "3": {
      "train_loss": 0.7166302660480142,
      "train_loss_mean": 0.8123061369173229
    },
    "4": {
      "train_loss": 0.447801508824341,
      "train_loss_mean": 0.6038931650808081
    },
    "5": {
      "train_loss": 0.2196561021846719,
      "train_loss_mean": 0.37940611833473664
    },
    "6": {
      "train_loss": 0.13676404798752628,
      "train_loss_mean": 0.22892901492887177
    },
    "7": {
      "train_loss": 0.09455845004413277,
      "train_loss_mean": 0.1600170216683182
    },
    "8": {
      "train_loss": 0.07497398173654801,
      "train_loss_mean": 0.11315506546925462
    },
    "9": {
      "train_loss": 0.057198290995074785,
      "train_loss_mean": 0.09078002623100473
    },
    "10": {
      "train_loss": 0.06337069501569204,
      "train_loss_mean": 0.07623174935324642
    },
    "11": {
      "train_loss": 0.09886145363270771,
      "train_loss_mean": 0.06835320794561994
    },
    "12": {
      "train_loss": 0.052423805936086865,
      "train_loss_mean": 0.059548698665821576
    },
    "13": {
      "train_loss": 0.05142769871372366,
      "train_loss_mean": 0.049716334573247416
    },
    "14": {
      "train_loss": 0.04983028011474744,
      "train_loss_mean": 0.041260782904248575
    },
    "15": {
      "train_loss": 0.050436431246225766,
      "train_loss_mean": 0.04078734999360449
    },
    "16": {
      "train_loss": 0.04269416585259478,
      "train_loss_mean": 0.03519398177114681
    },
    "17": {
      "train_loss": 0.034258495166227476,
      "train_loss_mean": 0.03742737873246256
    },
    "18": {
      "train_loss": 0.07295439411620919,
      "train_loss_mean": 0.039549069083670216
    },
    "19": {
      "train_loss": 0.025989970622902092,
      "train_loss_mean": 0.029389731126287445
    },
    "20": {
      "train_loss": 0.029600045987081103,
      "train_loss_mean": 0.031139877503511694
    }
  },
  "client_evaluate_metrics": {
    "1": {
      "eval_loss": 1.0027383714914322,
      "eval_acc": 0.5126953125
    },
    "2": {
      "eval_loss": 0.8656642381101847,
      "eval_acc": 0.580078125
    },
    "3": {
      "eval_loss": 0.7278558947145939,
      "eval_acc": 0.642578125
    },
    "4": {
      "eval_loss": 0.5789192505180836,
      "eval_acc": 0.7392578125
    },
    "5": {
      "eval_loss": 0.41653631068766117,
      "eval_acc": 0.8212890625
    },
    "6": {
      "eval_loss": 0.3248995803296566,
      "eval_acc": 0.8701171875
    },
    "7": {
      "eval_loss": 0.264364494709298,
      "eval_acc": 0.90234375
    },
    "8": {
      "eval_loss": 0.22273912013042718,
      "eval_acc": 0.916015625
    },
    "9": {
      "eval_loss": 0.20581845380365849,
      "eval_acc": 0.93359375
    },
    "10": {
      "eval_loss": 0.18468114407733083,
      "eval_acc": 0.94140625
    },
    "11": {
      "eval_loss": 0.16911504918243736,
      "eval_acc": 0.943359375
    },
    "12": {
      "eval_loss": 0.18374819192104042,
      "eval_acc": 0.9453125
    },
    "13": {
      "eval_loss": 0.18653142743278295,
      "eval_acc": 0.9482421875
    },
    "14": {
      "eval_loss": 0.16226052568526939,
      "eval_acc": 0.9462890625
    },
    "15": {
      "eval_loss": 0.19300857721827924,
      "eval_acc": 0.947265625
    },
    "16": {
      "eval_loss": 0.14861169015057385,
      "eval_acc": 0.9658203125
    },
    "17": {
      "eval_loss": 0.15576502244221047,
      "eval_acc": 0.9599609375
    },
    "18": {
      "eval_loss": 0.169096571742557,
      "eval_acc": 0.9560546875
    },
    "19": {
      "eval_loss": 0.15903637846349739,
      "eval_acc": 0.9599609375
    },
    "20": {
      "eval_loss": 0.15919102236512117,
      "eval_acc": 0.9580078125
    }
  },
  "server_evaluate_metrics": {
    "0": {
      "loss": 1.395263397693634,
      "accuracy": 0.0109375
    },
    "1": {
      "loss": 0.998891732096672,
      "accuracy": 0.5015625
    },
    "2": {
      "loss": 0.8814680725336075,
      "accuracy": 0.5625
    },
    "3": {
      "loss": 0.7582004517316818,
      "accuracy": 0.6578125
    },
    "4": {
      "loss": 0.6572037816047669,
      "accuracy": 0.7265625
    },
    "5": {
      "loss": 0.5423060238361359,
      "accuracy": 0.7953125
    },
    "6": {
      "loss": 0.45718361511826516,
      "accuracy": 0.8484375
    },
    "7": {
      "loss": 0.4075297821313143,
      "accuracy": 0.8953125
    },
    "8": {
      "loss": 0.3958946973085403,
      "accuracy": 0.9078125
    },
    "9": {
      "loss": 0.3768478728830814,
      "accuracy": 0.925
    },
    "10": {
      "loss": 0.3584057603031397,
      "accuracy": 0.9296875
    },
    "11": {
      "loss": 0.27417542804032563,
      "accuracy": 0.925
    },
    "12": {
      "loss": 0.27925559747964146,
      "accuracy": 0.934375
    },
    "13": {
      "loss": 0.30716007966548203,
      "accuracy": 0.9359375
    },
    "14": {
      "loss": 0.27977176383137703,
      "accuracy": 0.9390625
    },
    "15": {
      "loss": 0.3400868405587971,
      "accuracy": 0.9484375
    },
    "16": {
      "loss": 0.31463446440175175,
      "accuracy": 0.9421875
    },
    "17": {
      "loss": 0.26547235720790924,
      "accuracy": 0.9484375
    },
    "18": {
      "loss": 0.24873713571578265,
      "accuracy": 0.94375
    },
    "19": {
      "loss": 0.2677662581671029,
      "accuracy": 0.953125
    },
    "20": {
      "loss": 0.2692230808548629,
      "accuracy": 0.9453125
    }
  }
}
