{
  "metadata": {
    "run_name": "main__homogeneous__global-dp__fedavg__noise-0.01__seed-42",
    "data_module": "experiments.reproduce.dataset.alzheimer:create_data_module",
    "partition_mode": "homogeneous",
    "partition_profile": "auto",
    "privacy": "global-dp",
    "aggregation": "fedavg",
    "seed": 42,
    "num_clients": 4,
    "rounds": 20,
    "local_epochs": 5,
    "noise_multiplier": 0.01,
    "clipping_norm": 5.0,
    "initialization_pretrained": false,
    "initialization_epochs": 0,
    "initialization_final_loss": null
  },
  "train_metrics": {
    "1": {
      "train_loss": 0.9719387185759842,
      "train_loss_mean": 1.0308003776706753
    },
    "2": {
      "train_loss": 0.9446569308638573,
      "train_loss_mean": 0.9940765753388405
    },
    "3": {
      "train_loss": 0.8919921051710844,
      "train_loss_mean": 0.9377085237763823
    },
    "4": {
      "train_loss": 0.7999628866091371,
      "train_loss_mean": 0.873736806306988
    },
    "5": {
      "train_loss": 0.6677774447016418,
      "train_loss_mean": 0.7844239555764942
    },
    "6": {
      "train_loss": 0.4917874636594206,
      "train_loss_mean": 0.6584719233680516
    },
    "7": {
      "train_loss": 0.3372808189014904,
      "train_loss_mean": 0.5098077530623414
    },
    "8": {
      "train_loss": 0.25024105177726597,
      "train_loss_mean": 0.4021349471528083
    },
    "9": {
      "train_loss": 0.1621747598692309,
      "train_loss_mean": 0.2957216655515367
    },
    "10": {
      "train_loss": 0.14054870564723387,
      "train_loss_mean": 0.21856520482106134
    },
    "11": {
      "train_loss": 0.0970267401135061,
      "train_loss_mean": 0.17089676996547495
    },
    "12": {
      "train_loss": 0.09475409071455942,
      "train_loss_mean": 0.13797525709160252
    },
    "13": {
      "train_loss": 0.06640609744135872,
      "train_loss_mean": 0.11934694131923607
    },
    "14": {
      "train_loss": 0.07336232227044093,
      "train_loss_mean": 0.09929537531734241
    },
    "15": {
      "train_loss": 0.06588925269716128,
      "train_loss_mean": 0.08856108613672405
    },
    "16": {
      "train_loss": 0.05772405863535823,
      "train_loss_mean": 0.07362219908955012
    },
    "17": {
      "train_loss": 0.056246962571549375,
      "train_loss_mean": 0.06575904535256996
    },
    "18": {
      "train_loss": 0.04828192043760282,
      "train_loss_mean": 0.06339417347453491
    },
    "19": {
      "train_loss": 0.04481002379725396,
      "train_loss_mean": 0.06027892396236893
    },
    "20": {
      "train_loss": 0.047920000822159636,
      "train_loss_mean": 0.057821121683195996
    }
  },
  "client_evaluate_metrics": {
    "1": {
      "eval_loss": 1.2315370813012123,
      "eval_acc": 0.5
    },
    "2": {
      "eval_loss": 1.1453332714736462,
      "eval_acc": 0.4892578125
    },
    "3": {
      "eval_loss": 1.0238340832293034,
      "eval_acc": 0.5556640625
    },
    "4": {
      "eval_loss": 0.9253753274679184,
      "eval_acc": 0.5791015625
    },
    "5": {
      "eval_loss": 0.8736186847090721,
      "eval_acc": 0.5830078125
    },
    "6": {
      "eval_loss": 0.8250388484448195,
      "eval_acc": 0.591796875
    },
    "7": {
      "eval_loss": 0.6965137980878353,
      "eval_acc": 0.65625
    },
    "8": {
      "eval_loss": 0.5967385629191995,
      "eval_acc": 0.716796875
    },
    "9": {
      "eval_loss": 0.46918610390275717,
      "eval_acc": 0.7900390625
    },
    "10": {
      "eval_loss": 0.37512600468471646,
      "eval_acc": 0.845703125
    },
    "11": {
      "eval_loss": 0.3292708373628557,
      "eval_acc": 0.876953125
    },
    "12": {
      "eval_loss": 0.29538888158276677,
      "eval_acc": 0.89453125
    },
    "13": {
      "eval_loss": 0.2459770201239735,
      "eval_acc": 0.916015625
    },
    "14": {
      "eval_loss": 0.25250262883491814,
      "eval_acc": 0.9111328125
    },
    "15": {
      "eval_loss": 0.23044517845846713,
      "eval_acc": 0.9208984375
    },
    "16": {
      "eval_loss": 0.22574578260537237,
      "eval_acc": 0.92578125
    },
    "17": {
      "eval_loss": 0.22654345957562327,
      "eval_acc": 0.927734375
    },
    "18": {
      "eval_loss": 0.18178518561762758,
      "eval_acc": 0.947265625
    },
    "19": {
      "eval_loss": 0.18340696205268614,
      "eval_acc": 0.947265625
    },
    "20": {
      "eval_loss": 0.16843036276986822,
      "eval_acc": 0.94921875
    }
  },
  "server_evaluate_metrics": {
    "0": {
      "loss": 1.44056636095047,
      "accuracy": 0.0109375
    },
    "1": {
      "loss": 1.2289581298828125,
      "accuracy": 0.4953125
    },
    "2": {
      "loss": 1.1383029222488403,
      "accuracy": 0.5078125
    },
    "3": {
      "loss": 1.0156207799911499,
      "accuracy": 0.575
    },
    "4": {
      "loss": 0.9245197385549545,
      "accuracy": 0.5875
    },
    "5": {
      "loss": 0.8755137830972671,
      "accuracy": 0.6109375
    },
    "6": {
      "loss": 0.8252124547958374,
      "accuracy": 0.61875
    },
    "7": {
      "loss": 0.7161106407642365,
      "accuracy": 0.6828125
    },
    "8": {
      "loss": 0.638328044116497,
      "accuracy": 0.709375
    },
    "9": {
      "loss": 0.5344889730215072,
      "accuracy": 0.79375
    },
    "10": {
      "loss": 0.4666962154209614,
      "accuracy": 0.840625
    },
    "11": {
      "loss": 0.42065021842718125,
      "accuracy": 0.8703125
    },
    "12": {
      "loss": 0.3911203406751156,
      "accuracy": 0.8703125
    },
    "13": {
      "loss": 0.35217849500477316,
      "accuracy": 0.90625
    },
    "14": {
      "loss": 0.33995301723480226,
      "accuracy": 0.896875
    },
    "15": {
      "loss": 0.30185694210231306,
      "accuracy": 0.9109375
    },
    "16": {
      "loss": 0.3109102290123701,
      "accuracy": 0.925
    },
    "17": {
      "loss": 0.3199309268966317,
      "accuracy": 0.921875
    },
    "18": {
      "loss": 0.30977230579592285,
      "accuracy": 0.9375
    },
    "19": {
      "loss": 0.2650216666050255,
      "accuracy": 0.9421875
    },
    "20": {
      "loss": 0.21700981259346008,
      "accuracy": 0.9390625
    }
  }
}
