{
  "metadata": {
    "run_name": "main__homogeneous__vanilla__fedavgm__noise-0.01__seed-42",
    "data_module": "experiments.reproduce.dataset.alzheimer:create_data_module",
    "partition_mode": "homogeneous",
    "partition_profile": "auto",
    "privacy": "vanilla",
    "aggregation": "fedavgm",
    "seed": 42,
    "num_clients": 4,
    "rounds": 20,
    "local_epochs": 5,
    "noise_multiplier": 0.01,
    "clipping_norm": 5.0,
    "initialization_pretrained": true,
    "initialization_epochs": 20,
    "initialization_final_loss": 0.5836379557847977
  },
  "train_metrics": {
    "1": {
      "train_loss": 0.5687703376170248,
      "train_loss_mean": 0.700831013219431
    },
    "2": {
      "train_loss": 0.5162754489574581,
      "train_loss_mean": 0.6718685428611935
    },
    "3": {
      "train_loss": 0.462913035415113,
      "train_loss_mean": 0.6255773951299488
    },
    "4": {
      "train_loss": 0.38548959780018777,
      "train_loss_mean": 0.5705057044513524
    },
    "5": {
      "train_loss": 0.3252216731198132,
      "train_loss_mean": 0.5165685762651264
    },
    "6": {
      "train_loss": 0.26811832189559937,
      "train_loss_mean": 0.4573290446191095
    },
    "7": {
      "train_loss": 0.23181630251929164,
      "train_loss_mean": 0.3965497317141853
    },
    "8": {
      "train_loss": 0.17816936413873918,
      "train_loss_mean": 0.33474315588246095
    },
    "9": {
      "train_loss": 0.14209110752562992,
      "train_loss_mean": 0.288114245707402
    },
    "10": {
      "train_loss": 0.1383000561618246,
      "train_loss_mean": 0.2524957959773019
    },
    "11": {
      "train_loss": 0.10984567987907212,
      "train_loss_mean": 0.22106620628619567
    },
    "12": {
      "train_loss": 0.10776197299128398,
      "train_loss_mean": 0.19741788865649143
    },
    "13": {
      "train_loss": 0.09245363104128046,
      "train_loss_mean": 0.17478352042962797
    },
    "14": {
      "train_loss": 0.09719145415874664,
      "train_loss_mean": 0.1613462630659342
    },
    "15": {
      "train_loss": 0.08222177971765632,
      "train_loss_mean": 0.14714574367244496
    },
    "16": {
      "train_loss": 0.07889427353802603,
      "train_loss_mean": 0.13444450261158636
    },
    "17": {
      "train_loss": 0.0700805711785506,
      "train_loss_mean": 0.11416104638774414
    },
    "18": {
      "train_loss": 0.08044065581998439,
      "train_loss_mean": 0.10595676332923176
    },
    "19": {
      "train_loss": 0.060648083835985744,
      "train_loss_mean": 0.09758591857753345
    },
    "20": {
      "train_loss": 0.06742297330129077,
      "train_loss_mean": 0.09516776687087258
    }
  },
  "client_evaluate_metrics": {
    "1": {
      "eval_loss": 0.8161352220922709,
      "eval_acc": 0.64453125
    },
    "2": {
      "eval_loss": 0.7800640538334846,
      "eval_acc": 0.6611328125
    },
    "3": {
      "eval_loss": 0.7422003448009491,
      "eval_acc": 0.6796875
    },
    "4": {
      "eval_loss": 0.7047468908131123,
      "eval_acc": 0.6943359375
    },
    "5": {
      "eval_loss": 0.6642928496003151,
      "eval_acc": 0.7177734375
    },
    "6": {
      "eval_loss": 0.6188637083396316,
      "eval_acc": 0.7314453125
    },
    "7": {
      "eval_loss": 0.568531209602952,
      "eval_acc": 0.751953125
    },
    "8": {
      "eval_loss": 0.5149518419057131,
      "eval_acc": 0.783203125
    },
    "9": {
      "eval_loss": 0.4608952747657895,
      "eval_acc": 0.806640625
    },
    "10": {
      "eval_loss": 0.4107615137472749,
      "eval_acc": 0.8330078125
    },
    "11": {
      "eval_loss": 0.36401078244671226,
      "eval_acc": 0.859375
    },
    "12": {
      "eval_loss": 0.32426278525963426,
      "eval_acc": 0.876953125
    },
    "13": {
      "eval_loss": 0.29013738688081503,
      "eval_acc": 0.8876953125
    },
    "14": {
      "eval_loss": 0.2636081196833402,
      "eval_acc": 0.8955078125
    },
    "15": {
      "eval_loss": 0.23875068314373493,
      "eval_acc": 0.90625
    },
    "16": {
      "eval_loss": 0.21647666417993605,
      "eval_acc": 0.9130859375
    },
    "17": {
      "eval_loss": 0.19691014802083373,
      "eval_acc": 0.92578125
    },
    "18": {
      "eval_loss": 0.180175656452775,
      "eval_acc": 0.9306640625
    },
    "19": {
      "eval_loss": 0.16538272914476693,
      "eval_acc": 0.9404296875
    },
    "20": {
      "eval_loss": 0.1514279111288488,
      "eval_acc": 0.9443359375
    }
  },
  "server_evaluate_metrics": {
    "0": {
      "loss": 0.8681193828582764,
      "accuracy": 0.6203125
    },
    "1": {
      "loss": 0.8375219017267227,
      "accuracy": 0.63125
    },
    "2": {
      "loss": 0.799242588877678,
      "accuracy": 0.646875
    },
    "3": {
      "loss": 0.7584016352891922,
      "accuracy": 0.6640625
    },
    "4": {
      "loss": 0.7191351354122162,
      "accuracy": 0.684375
    },
    "5": {
      "loss": 0.6792527943849563,
      "accuracy": 0.703125
    },
    "6": {
      "loss": 0.6372342109680176,
      "accuracy": 0.7234375
    },
    "7": {
      "loss": 0.5922719597816467,
      "accuracy": 0.7515625
    },
    "8": {
      "loss": 0.5465045884251595,
      "accuracy": 0.771875
    },
    "9": {
      "loss": 0.5009028449654579,
      "accuracy": 0.7890625
    },
    "10": {
      "loss": 0.4579856365919113,
      "accuracy": 0.81875
    },
    "11": {
      "loss": 0.417913181334734,
      "accuracy": 0.8390625
    },
    "12": {
      "loss": 0.3825940191745758,
      "accuracy": 0.8671875
    },
    "13": {
      "loss": 0.3530819796025753,
      "accuracy": 0.8796875
    },
    "14": {
      "loss": 0.3317435681819916,
      "accuracy": 0.8921875
    },
    "15": {
      "loss": 0.31299702674150465,
      "accuracy": 0.8984375
    },
    "16": {
      "loss": 0.2962128520011902,
      "accuracy": 0.90625
    },
    "17": {
      "loss": 0.2816188018769026,
      "accuracy": 0.915625
    },
    "18": {
      "loss": 0.2691579021513462,
      "accuracy": 0.9234375
    },
    "19": {
      "loss": 0.26137659661471846,
      "accuracy": 0.9296875
    },
    "20": {
      "loss": 0.25200222432613373,
      "accuracy": 0.9375
    }
  }
}
