{
  "metadata": {
    "run_name": "main__homogeneous__vanilla__fedopt__noise-0.01__seed-42",
    "data_module": "experiments.reproduce.dataset.alzheimer:create_data_module",
    "partition_mode": "homogeneous",
    "partition_profile": "auto",
    "privacy": "vanilla",
    "aggregation": "fedopt",
    "seed": 42,
    "num_clients": 4,
    "rounds": 20,
    "local_epochs": 5,
    "noise_multiplier": 0.01,
    "clipping_norm": 5.0,
    "initialization_pretrained": true,
    "initialization_epochs": 20,
    "initialization_final_loss": 0.6636625468730927
  },
  "train_metrics": {
    "1": {
      "train_loss": 0.5764537581708282,
      "train_loss_mean": 0.7151494272984564
    },
    "2": {
      "train_loss": 0.8321838930714875,
      "train_loss_mean": 16.531370313139632
    },
    "3": {
      "train_loss": 1.0542380828410387,
      "train_loss_mean": 17.86741171721369
    },
    "4": {
      "train_loss": 1.0605706963688135,
      "train_loss_mean": 1.932156625017524
    },
    "5": {
      "train_loss": 0.9471834762953222,
      "train_loss_mean": 0.9996544581837953
    },
    "6": {
      "train_loss": 0.9359213747084141,
      "train_loss_mean": 2.8876865117810664
    },
    "7": {
      "train_loss": 0.9661762868054211,
      "train_loss_mean": 1.1257554156705736
    },
    "8": {
      "train_loss": 1.0794259295798838,
      "train_loss_mean": 5.097916037030518
    },
    "9": {
      "train_loss": 1.0752041251398623,
      "train_loss_mean": 15.014826205186546
    },
    "10": {
      "train_loss": 1.0044884313829243,
      "train_loss_mean": 1.0582615290768445
    },
    "11": {
      "train_loss": 0.9219785458408296,
      "train_loss_mean": 0.9781455305404961
    },
    "12": {
      "train_loss": 0.9364481433294713,
      "train_loss_mean": 1.3211443564854561
    },
    "13": {
      "train_loss": 1.082179251126945,
      "train_loss_mean": 7.501469021942466
    },
    "14": {
      "train_loss": 1.0369239998981357,
      "train_loss_mean": 1.4533845995552839
    },
    "15": {
      "train_loss": 1.040866324212402,
      "train_loss_mean": 3.0369991973042487
    },
    "16": {
      "train_loss": 1.0378054138273,
      "train_loss_mean": 1.0450004259124397
    },
    "17": {
      "train_loss": 1.0378182320855558,
      "train_loss_mean": 1.0419686599634588
    },
    "18": {
      "train_loss": 1.0375157329253852,
      "train_loss_mean": 1.043665053602308
    },
    "19": {
      "train_loss": 1.0379347279667854,
      "train_loss_mean": 1.0417982573620974
    },
    "20": {
      "train_loss": 1.0377938807941973,
      "train_loss_mean": 1.0475406954064965
    }
  },
  "client_evaluate_metrics": {
    "1": {
      "eval_loss": 43.66827392578125,
      "eval_acc": 0.5
    },
    "2": {
      "eval_loss": 56.973451018333435,
      "eval_acc": 0.34765625
    },
    "3": {
      "eval_loss": 19.83702665567398,
      "eval_acc": 0.140625
    },
    "4": {
      "eval_loss": 1.1084642075002193,
      "eval_acc": 0.5
    },
    "5": {
      "eval_loss": 10.19586531817913,
      "eval_acc": 0.544921875
    },
    "6": {
      "eval_loss": 3.0741388387978077,
      "eval_acc": 0.4736328125
    },
    "7": {
      "eval_loss": 56.91162395477295,
      "eval_acc": 0.34765625
    },
    "8": {
      "eval_loss": 56.973451018333435,
      "eval_acc": 0.34765625
    },
    "9": {
      "eval_loss": 2.7578237913548946,
      "eval_acc": 0.5
    },
    "10": {
      "eval_loss": 1.0742117799818516,
      "eval_acc": 0.5
    },
    "11": {
      "eval_loss": 4.848593361675739,
      "eval_acc": 0.2109375
    },
    "12": {
      "eval_loss": 56.973451018333435,
      "eval_acc": 0.34765625
    },
    "13": {
      "eval_loss": 15.897363364696503,
      "eval_acc": 0.5
    },
    "14": {
      "eval_loss": 38.55003380775452,
      "eval_acc": 0.3466796875
    },
    "15": {
      "eval_loss": 1.0780729055404663,
      "eval_acc": 0.34765625
    },
    "16": {
      "eval_loss": 1.0706857424229383,
      "eval_acc": 0.5
    },
    "17": {
      "eval_loss": 1.0733601599931717,
      "eval_acc": 0.34765625
    },
    "18": {
      "eval_loss": 1.0735660530626774,
      "eval_acc": 0.5
    },
    "19": {
      "eval_loss": 1.0936413444578648,
      "eval_acc": 0.34765625
    },
    "20": {
      "eval_loss": 1.9028243236243725,
      "eval_acc": 0.345703125
    }
  },
  "server_evaluate_metrics": {
    "0": {
      "loss": 0.8453683376312255,
      "accuracy": 0.6140625
    },
    "1": {
      "loss": 44.07766399383545,
      "accuracy": 0.4953125
    },
    "2": {
      "loss": 55.94997577667236,
      "accuracy": 0.359375
    },
    "3": {
      "loss": 20.197372150421142,
      "accuracy": 0.134375
    },
    "4": {
      "loss": 1.1030461758375167,
      "accuracy": 0.4953125
    },
    "5": {
      "loss": 10.672680497169495,
      "accuracy": 0.5140625
    },
    "6": {
      "loss": 2.946418356895447,
      "accuracy": 0.4859375
    },
    "7": {
      "loss": 55.88864994049072,
      "accuracy": 0.359375
    },
    "8": {
      "loss": 55.94997577667236,
      "accuracy": 0.359375
    },
    "9": {
      "loss": 2.724754011631012,
      "accuracy": 0.4953125
    },
    "10": {
      "loss": 1.0667805314064025,
      "accuracy": 0.4953125
    },
    "11": {
      "loss": 4.680016815662384,
      "accuracy": 0.1984375
    },
    "12": {
      "loss": 55.94997577667236,
      "accuracy": 0.359375
    },
    "13": {
      "loss": 15.996540403366089,
      "accuracy": 0.4953125
    },
    "14": {
      "loss": 37.50916261672974,
      "accuracy": 0.35625
    },
    "15": {
      "loss": 1.069247955083847,
      "accuracy": 0.359375
    },
    "16": {
      "loss": 1.0637235701084138,
      "accuracy": 0.4953125
    },
    "17": {
      "loss": 1.0648705989122391,
      "accuracy": 0.359375
    },
    "18": {
      "loss": 1.0666859716176986,
      "accuracy": 0.4953125
    },
    "19": {
      "loss": 1.0848020702600478,
      "accuracy": 0.359375
    },
    "20": {
      "loss": 1.8055785089731216,
      "accuracy": 0.35
    }
  }
}
