{
  "metadata": {
    "run_name": "main__non-iid__vanilla__fedavg__noise-0.01__seed-42",
    "data_module": "experiments.reproduce.dataset.alzheimer:create_data_module",
    "partition_mode": "non-iid",
    "partition_profile": "auto",
    "privacy": "vanilla",
    "aggregation": "fedavg",
    "seed": 42,
    "num_clients": 4,
    "rounds": 20,
    "local_epochs": 5,
    "noise_multiplier": 0.01,
    "clipping_norm": 5.0,
    "initialization_pretrained": false,
    "initialization_epochs": 0,
    "initialization_final_loss": null
  },
  "train_metrics": {
    "1": {
      "train_loss": 0.9506423377268596,
      "train_loss_mean": 1.0134374737652208
    },
    "2": {
      "train_loss": 0.7728278434561937,
      "train_loss_mean": 0.8700496619686477
    },
    "3": {
      "train_loss": 0.41587371116710625,
      "train_loss_mean": 0.5969991387247049
    },
    "4": {
      "train_loss": 0.1276022030825899,
      "train_loss_mean": 0.2899291558511479
    },
    "5": {
      "train_loss": 0.06485410880808809,
      "train_loss_mean": 0.13803156421292445
    },
    "6": {
      "train_loss": 0.0358044410030413,
      "train_loss_mean": 0.0798633517269839
    },
    "7": {
      "train_loss": 0.04236870458436939,
      "train_loss_mean": 0.054212302678003685
    },
    "8": {
      "train_loss": 0.028752654974629102,
      "train_loss_mean": 0.041868955511681676
    },
    "9": {
      "train_loss": 0.032637132975169555,
      "train_loss_mean": 0.029670465140003065
    },
    "10": {
      "train_loss": 0.031218362752702837,
      "train_loss_mean": 0.030076459900618455
    },
    "11": {
      "train_loss": 0.026575247450444723,
      "train_loss_mean": 0.02622869525232977
    },
    "12": {
      "train_loss": 0.03239120317628607,
      "train_loss_mean": 0.02635933574284768
    },
    "13": {
      "train_loss": 0.013977515412532558,
      "train_loss_mean": 0.014595725739938767
    },
    "14": {
      "train_loss": 0.011300259174731542,
      "train_loss_mean": 0.016207092352651154
    },
    "15": {
      "train_loss": 0.017282816773268785,
      "train_loss_mean": 0.015576426571888922
    },
    "16": {
      "train_loss": 0.008177900925303202,
      "train_loss_mean": 0.0153024143742192
    },
    "17": {
      "train_loss": 0.0038960599660754327,
      "train_loss_mean": 0.010515969610034913
    },
    "18": {
      "train_loss": 0.011723725525915097,
      "train_loss_mean": 0.010313424317138473
    },
    "19": {
      "train_loss": 0.013085840407355491,
      "train_loss_mean": 0.014218665488198418
    },
    "20": {
      "train_loss": 0.004316154838368588,
      "train_loss_mean": 0.00962577044523134
    }
  },
  "client_evaluate_metrics": {
    "1": {
      "eval_loss": 1.0454676801930627,
      "eval_acc": 0.5555555555555555
    },
    "2": {
      "eval_loss": 0.7861505075272528,
      "eval_acc": 0.6286549707602339
    },
    "3": {
      "eval_loss": 0.5595502597779094,
      "eval_acc": 0.7563352826510721
    },
    "4": {
      "eval_loss": 0.39283578199485125,
      "eval_acc": 0.8430799220272904
    },
    "5": {
      "eval_loss": 0.30045593424280836,
      "eval_acc": 0.8879142300194932
    },
    "6": {
      "eval_loss": 0.24773470550270832,
      "eval_acc": 0.9220272904483431
    },
    "7": {
      "eval_loss": 0.22570194227468462,
      "eval_acc": 0.9415204678362573
    },
    "8": {
      "eval_loss": 0.23875120434778213,
      "eval_acc": 0.9366471734892787
    },
    "9": {
      "eval_loss": 0.19595116700298112,
      "eval_acc": 0.9473684210526315
    },
    "10": {
      "eval_loss": 0.17185300267773515,
      "eval_acc": 0.9649122807017543
    },
    "11": {
      "eval_loss": 0.15288209954374715,
      "eval_acc": 0.9639376218323586
    },
    "12": {
      "eval_loss": 0.17194674789159403,
      "eval_acc": 0.9610136452241714
    },
    "13": {
      "eval_loss": 0.16247326111489976,
      "eval_acc": 0.96588693957115
    },
    "14": {
      "eval_loss": 0.190241218680389,
      "eval_acc": 0.9619883040935672
    },
    "15": {
      "eval_loss": 0.15370349563524008,
      "eval_acc": 0.9678362573099414
    },
    "16": {
      "eval_loss": 0.16692136583952644,
      "eval_acc": 0.9707602339181286
    },
    "17": {
      "eval_loss": 0.20988224272263833,
      "eval_acc": 0.9678362573099415
    },
    "18": {
      "eval_loss": 0.22749058671399844,
      "eval_acc": 0.9668615984405458
    },
    "19": {
      "eval_loss": 0.18284953564413853,
      "eval_acc": 0.9707602339181287
    },
    "20": {
      "eval_loss": 0.19202729876092328,
      "eval_acc": 0.9658869395711501
    }
  },
  "server_evaluate_metrics": {
    "0": {
      "loss": 1.44056636095047,
      "accuracy": 0.0109375
    },
    "1": {
      "loss": 1.0445840418338777,
      "accuracy": 0.5578125
    },
    "2": {
      "loss": 0.8153113752603531,
      "accuracy": 0.6125
    },
    "3": {
      "loss": 0.5716153457760811,
      "accuracy": 0.778125
    },
    "4": {
      "loss": 0.4494264334440231,
      "accuracy": 0.8390625
    },
    "5": {
      "loss": 0.3533438991755247,
      "accuracy": 0.8921875
    },
    "6": {
      "loss": 0.32938854917883875,
      "accuracy": 0.903125
    },
    "7": {
      "loss": 0.28948305230587723,
      "accuracy": 0.93125
    },
    "8": {
      "loss": 0.30100350398570297,
      "accuracy": 0.9234375
    },
    "9": {
      "loss": 0.23862068653106688,
      "accuracy": 0.9421875
    },
    "10": {
      "loss": 0.2471387427765876,
      "accuracy": 0.95
    },
    "11": {
      "loss": 0.2276612398447469,
      "accuracy": 0.9578125
    },
    "12": {
      "loss": 0.23873523799702526,
      "accuracy": 0.95
    },
    "13": {
      "loss": 0.21575323748402297,
      "accuracy": 0.9484375
    },
    "14": {
      "loss": 0.30024853092618287,
      "accuracy": 0.9515625
    },
    "15": {
      "loss": 0.20163686238229275,
      "accuracy": 0.9640625
    },
    "16": {
      "loss": 0.24298993569100275,
      "accuracy": 0.9640625
    },
    "17": {
      "loss": 0.293916355924739,
      "accuracy": 0.9703125
    },
    "18": {
      "loss": 0.25900518813577944,
      "accuracy": 0.978125
    },
    "19": {
      "loss": 0.24031731374998344,
      "accuracy": 0.9671875
    },
    "20": {
      "loss": 0.28209288058278614,
      "accuracy": 0.9671875
    }
  }
}
