{
  "metadata": {
    "run_name": "main__homogeneous__global-dp__fedopt__noise-0.01__seed-42",
    "data_module": "experiments.reproduce.dataset.alzheimer:create_data_module",
    "partition_mode": "homogeneous",
    "partition_profile": "auto",
    "privacy": "global-dp",
    "aggregation": "fedopt",
    "seed": 42,
    "num_clients": 4,
    "rounds": 20,
    "local_epochs": 5,
    "noise_multiplier": 0.01,
    "clipping_norm": 5.0,
    "initialization_pretrained": true,
    "initialization_epochs": 20,
    "initialization_final_loss": 0.7253903299570084
  },
  "train_metrics": {
    "1": {
      "train_loss": 0.6465564859099686,
      "train_loss_mean": 0.7480967471376061
    },
    "2": {
      "train_loss": 0.878516492433846,
      "train_loss_mean": 18.91681529087946
    },
    "3": {
      "train_loss": 1.0321267088875175,
      "train_loss_mean": 6.326072343345731
    },
    "4": {
      "train_loss": 1.003428257536143,
      "train_loss_mean": 1.057773465849459
    },
    "5": {
      "train_loss": 1.0422274363227189,
      "train_loss_mean": 1.0899904113262893
    },
    "6": {
      "train_loss": 0.9884646534919739,
      "train_loss_mean": 1.0296722165308894
    },
    "7": {
      "train_loss": 1.0423291698098183,
      "train_loss_mean": 1.0899629155173898
    },
    "8": {
      "train_loss": 1.041363756172359,
      "train_loss_mean": 1.0572217013686895
    },
    "9": {
      "train_loss": 1.0415360946208239,
      "train_loss_mean": 1.0797027383930982
    },
    "10": {
      "train_loss": 1.0409255176782608,
      "train_loss_mean": 1.0523523933254182
    },
    "11": {
      "train_loss": 1.0404607215896249,
      "train_loss_mean": 1.07841223096475
    },
    "12": {
      "train_loss": 1.0260790223255754,
      "train_loss_mean": 1.0521963159553707
    },
    "13": {
      "train_loss": 1.0400313124991953,
      "train_loss_mean": 1.0708106982521712
    },
    "14": {
      "train_loss": 0.9572399193421006,
      "train_loss_mean": 1.0331997704692184
    },
    "15": {
      "train_loss": 1.030720455572009,
      "train_loss_mean": 1.0607129608280956
    },
    "16": {
      "train_loss": 43.54033952951431,
      "train_loss_mean": 43.54033952355385
    },
    "17": {
      "train_loss": 43.54033952951431,
      "train_loss_mean": 43.54033952355385
    },
    "18": {
      "train_loss": 43.54033952951431,
      "train_loss_mean": 43.54033952355385
    },
    "19": {
      "train_loss": 43.492367178201675,
      "train_loss_mean": 43.52706260681152
    },
    "20": {
      "train_loss": 44.2279172539711,
      "train_loss_mean": 44.11963160037995
    }
  },
  "client_evaluate_metrics": {
    "1": {
      "eval_loss": 56.973451018333435,
      "eval_acc": 0.34765625
    },
    "2": {
      "eval_loss": 72.63479900360107,
      "eval_acc": 0.140625
    },
    "3": {
      "eval_loss": 3.294425591826439,
      "eval_acc": 0.5
    },
    "4": {
      "eval_loss": 1.2974479272961617,
      "eval_acc": 0.34765625
    },
    "5": {
      "eval_loss": 1.3054389860481024,
      "eval_acc": 0.5
    },
    "6": {
      "eval_loss": 1.2825974486768246,
      "eval_acc": 0.34765625
    },
    "7": {
      "eval_loss": 1.23515560105443,
      "eval_acc": 0.5
    },
    "8": {
      "eval_loss": 1.2515709288418293,
      "eval_acc": 0.34765625
    },
    "9": {
      "eval_loss": 1.2035559676587582,
      "eval_acc": 0.5
    },
    "10": {
      "eval_loss": 1.2648704424500465,
      "eval_acc": 0.34765625
    },
    "11": {
      "eval_loss": 1.2382029183208942,
      "eval_acc": 0.5
    },
    "12": {
      "eval_loss": 1.2614996694028378,
      "eval_acc": 0.34765625
    },
    "13": {
      "eval_loss": 1.2963012494146824,
      "eval_acc": 0.49609375
    },
    "14": {
      "eval_loss": 1.2568469755351543,
      "eval_acc": 0.3486328125
    },
    "15": {
      "eval_loss": 43.66827392578125,
      "eval_acc": 0.5
    },
    "16": {
      "eval_loss": 43.66827392578125,
      "eval_acc": 0.5
    },
    "17": {
      "eval_loss": 43.66827392578125,
      "eval_acc": 0.5
    },
    "18": {
      "eval_loss": 43.66827392578125,
      "eval_acc": 0.5
    },
    "19": {
      "eval_loss": 43.66827392578125,
      "eval_acc": 0.5
    },
    "20": {
      "eval_loss": 43.66827392578125,
      "eval_acc": 0.5
    }
  },
  "server_evaluate_metrics": {
    "0": {
      "loss": 0.8667135298252105,
      "accuracy": 0.5875
    },
    "1": {
      "loss": 55.94997577667236,
      "accuracy": 0.359375
    },
    "2": {
      "loss": 73.60162811279297,
      "accuracy": 0.134375
    },
    "3": {
      "loss": 3.244727087020874,
      "accuracy": 0.4953125
    },
    "4": {
      "loss": 1.2841093838214874,
      "accuracy": 0.359375
    },
    "5": {
      "loss": 1.2911591351032257,
      "accuracy": 0.4953125
    },
    "6": {
      "loss": 1.270820039510727,
      "accuracy": 0.359375
    },
    "7": {
      "loss": 1.23009250164032,
      "accuracy": 0.4953125
    },
    "8": {
      "loss": 1.2412383317947389,
      "accuracy": 0.359375
    },
    "9": {
      "loss": 1.198290839791298,
      "accuracy": 0.4953125
    },
    "10": {
      "loss": 1.2559295773506165,
      "accuracy": 0.359375
    },
    "11": {
      "loss": 1.233315008878708,
      "accuracy": 0.4953125
    },
    "12": {
      "loss": 1.2535323977470398,
      "accuracy": 0.359375
    },
    "13": {
      "loss": 1.3339470088481904,
      "accuracy": 0.4859375
    },
    "14": {
      "loss": 1.25908961892128,
      "accuracy": 0.359375
    },
    "15": {
      "loss": 44.07766399383545,
      "accuracy": 0.4953125
    },
    "16": {
      "loss": 44.07766399383545,
      "accuracy": 0.4953125
    },
    "17": {
      "loss": 44.07766399383545,
      "accuracy": 0.4953125
    },
    "18": {
      "loss": 44.07766399383545,
      "accuracy": 0.4953125
    },
    "19": {
      "loss": 44.07766399383545,
      "accuracy": 0.4953125
    },
    "20": {
      "loss": 44.07766399383545,
      "accuracy": 0.4953125
    }
  }
}
