{
  "metadata": {
    "run_name": "main__homogeneous__metric-privacy__fedprox__noise-0.01__seed-45",
    "data_module": "experiments.reproduce.dataset.alzheimer:create_data_module",
    "partition_mode": "homogeneous",
    "partition_profile": "auto",
    "privacy": "metric-privacy",
    "aggregation": "fedprox",
    "seed": 45,
    "num_clients": 4,
    "rounds": 20,
    "local_epochs": 5,
    "noise_multiplier": 0.01,
    "clipping_norm": 5.0,
    "initialization_pretrained": false,
    "initialization_epochs": 0,
    "initialization_final_loss": null
  },
  "train_metrics": {
    "1": {
      "train_loss": 1.1783263278193772,
      "train_loss_mean": 1.232654867786914,
      "metric-dp-distance": 0.10007567073140915,
      "metric-dp-noise-stdv": 0.12490548310736253
    },
    "2": {
      "train_loss": 1.9379637222737074,
      "train_loss_mean": 10.425747691094875,
      "metric-dp-distance": 0.2776326240661244,
      "metric-dp-noise-stdv": 0.045023527195502955
    },
    "3": {
      "train_loss": 1.2948153256438673,
      "train_loss_mean": 2.028901947196573,
      "metric-dp-distance": 0.18987453325341144,
      "metric-dp-noise-stdv": 0.06583294655590899
    },
    "4": {
      "train_loss": 1.3587235482409596,
      "train_loss_mean": 1.9127398833632467,
      "metric-dp-distance": 0.19496252352837473,
      "metric-dp-noise-stdv": 0.06411488615236742
    },
    "5": {
      "train_loss": 1.4617758225649595,
      "train_loss_mean": 2.128958512097597,
      "metric-dp-distance": 0.21849998482502997,
      "metric-dp-noise-stdv": 0.0572082419594204
    },
    "6": {
      "train_loss": 1.319073264952749,
      "train_loss_mean": 1.7669371374882759,
      "metric-dp-distance": 0.2179693557942907,
      "metric-dp-noise-stdv": 0.05734751086660511
    },
    "7": {
      "train_loss": 1.4024416115134954,
      "train_loss_mean": 1.8215369848534464,
      "metric-dp-distance": 0.22672236687503755,
      "metric-dp-noise-stdv": 0.055133510523421886
    },
    "8": {
      "train_loss": 1.4506897600367665,
      "train_loss_mean": 1.615602506697178,
      "metric-dp-distance": 0.1906242729552711,
      "metric-dp-noise-stdv": 0.06557402059145455
    },
    "9": {
      "train_loss": 1.2946268366649747,
      "train_loss_mean": 1.6656599579378961,
      "metric-dp-distance": 0.16156102049474916,
      "metric-dp-noise-stdv": 0.07737014758709239
    },
    "10": {
      "train_loss": 1.4468430876731873,
      "train_loss_mean": 1.7502007741481065,
      "metric-dp-distance": 0.29392766459689784,
      "metric-dp-noise-stdv": 0.0425274702098658
    },
    "11": {
      "train_loss": 1.1771854618564248,
      "train_loss_mean": 1.2184044864028691,
      "metric-dp-distance": 0.178831293558081,
      "metric-dp-noise-stdv": 0.06989828095126001
    },
    "12": {
      "train_loss": 1.3142822524532676,
      "train_loss_mean": 1.5395043662749228,
      "metric-dp-distance": 0.189706484922984,
      "metric-dp-noise-stdv": 0.06589126357527884
    },
    "13": {
      "train_loss": 1.5431224862113595,
      "train_loss_mean": 1.6380727840587497,
      "metric-dp-distance": 0.3525874291469033,
      "metric-dp-noise-stdv": 0.035452199842303384
    },
    "14": {
      "train_loss": 1.076502047944814,
      "train_loss_mean": 1.0941145611926912,
      "metric-dp-distance": 0.09060559582576388,
      "metric-dp-noise-stdv": 0.13796057391463673
    },
    "15": {
      "train_loss": 45.31867888569832,
      "train_loss_mean": 45.5813989341259,
      "metric-dp-distance": 0.4504678110824898,
      "metric-dp-noise-stdv": 0.027748930539480868
    },
    "16": {
      "train_loss": 45.94213426113129,
      "train_loss_mean": 44.8504547804594,
      "metric-dp-distance": 0.7494429726308832,
      "metric-dp-noise-stdv": 0.016679054252946503
    },
    "17": {
      "train_loss": 44.42697486281395,
      "train_loss_mean": 44.59060240983963,
      "metric-dp-distance": 0.7376455705768118,
      "metric-dp-noise-stdv": 0.016945807713893625
    },
    "18": {
      "train_loss": 44.9272214025259,
      "train_loss_mean": 44.63611899316311,
      "metric-dp-distance": 0.6260895835973012,
      "metric-dp-noise-stdv": 0.01996519400335521
    },
    "19": {
      "train_loss": 43.850889921188354,
      "train_loss_mean": 44.06205633878708,
      "metric-dp-distance": 0.47849800961557776,
      "metric-dp-noise-stdv": 0.026123410649173694
    },
    "20": {
      "train_loss": 44.35637146234512,
      "train_loss_mean": 44.51696936190129,
      "metric-dp-distance": 0.37961543748194043,
      "metric-dp-noise-stdv": 0.032928060257282524
    }
  },
  "client_evaluate_metrics": {
    "1": {
      "eval_loss": 19.724204182624817,
      "eval_acc": 0.34765625
    },
    "2": {
      "eval_loss": 3.379324682056904,
      "eval_acc": 0.359375
    },
    "3": {
      "eval_loss": 7.870272859930992,
      "eval_acc": 0.3447265625
    },
    "4": {
      "eval_loss": 5.583239823579788,
      "eval_acc": 0.419921875
    },
    "5": {
      "eval_loss": 2.8080836683511734,
      "eval_acc": 0.4677734375
    },
    "6": {
      "eval_loss": 5.782882004976273,
      "eval_acc": 0.3505859375
    },
    "7": {
      "eval_loss": 1.749244749546051,
      "eval_acc": 0.345703125
    },
    "8": {
      "eval_loss": 6.009870737791061,
      "eval_acc": 0.3037109375
    },
    "9": {
      "eval_loss": 7.931326895952225,
      "eval_acc": 0.2607421875
    },
    "10": {
      "eval_loss": 1.404171958565712,
      "eval_acc": 0.4970703125
    },
    "11": {
      "eval_loss": 4.117779761552811,
      "eval_acc": 0.2666015625
    },
    "12": {
      "eval_loss": 3.59944748878479,
      "eval_acc": 0.3818359375
    },
    "13": {
      "eval_loss": 1.0480918157845736,
      "eval_acc": 0.5
    },
    "14": {
      "eval_loss": 22.077878654003143,
      "eval_acc": 0.33984375
    },
    "15": {
      "eval_loss": 43.66827392578125,
      "eval_acc": 0.5
    },
    "16": {
      "eval_loss": 43.66827392578125,
      "eval_acc": 0.5
    },
    "17": {
      "eval_loss": 43.66827392578125,
      "eval_acc": 0.5
    },
    "18": {
      "eval_loss": 43.66827392578125,
      "eval_acc": 0.5
    },
    "19": {
      "eval_loss": 43.66827392578125,
      "eval_acc": 0.5
    },
    "20": {
      "eval_loss": 43.66827392578125,
      "eval_acc": 0.5
    }
  },
  "server_evaluate_metrics": {
    "0": {
      "loss": 1.4445670783519744,
      "accuracy": 0.0109375
    },
    "1": {
      "loss": 19.220491552352904,
      "accuracy": 0.359375
    },
    "2": {
      "loss": 3.383824038505554,
      "accuracy": 0.359375
    },
    "3": {
      "loss": 7.828515362739563,
      "accuracy": 0.359375
    },
    "4": {
      "loss": 5.348669898509979,
      "accuracy": 0.43125
    },
    "5": {
      "loss": 2.4653500258922576,
      "accuracy": 0.4890625
    },
    "6": {
      "loss": 5.776122188568115,
      "accuracy": 0.3609375
    },
    "7": {
      "loss": 1.8524656116962432,
      "accuracy": 0.3515625
    },
    "8": {
      "loss": 5.8101102948188785,
      "accuracy": 0.3125
    },
    "9": {
      "loss": 7.734686708450317,
      "accuracy": 0.284375
    },
    "10": {
      "loss": 1.3009085357189178,
      "accuracy": 0.478125
    },
    "11": {
      "loss": 4.222491705417633,
      "accuracy": 0.259375
    },
    "12": {
      "loss": 4.328883838653565,
      "accuracy": 0.353125
    },
    "13": {
      "loss": 1.050683844089508,
      "accuracy": 0.4953125
    },
    "14": {
      "loss": 21.105166006088258,
      "accuracy": 0.3640625
    },
    "15": {
      "loss": 44.07766399383545,
      "accuracy": 0.4953125
    },
    "16": {
      "loss": 44.07766399383545,
      "accuracy": 0.4953125
    },
    "17": {
      "loss": 44.07766399383545,
      "accuracy": 0.4953125
    },
    "18": {
      "loss": 44.07766399383545,
      "accuracy": 0.4953125
    },
    "19": {
      "loss": 44.07766399383545,
      "accuracy": 0.4953125
    },
    "20": {
      "loss": 44.07766399383545,