{
  "metadata": {
    "run_name": "main__homogeneous__vanilla__fedprox__noise-0.01__seed-46",
    "data_module": "experiments.reproduce.dataset.alzheimer:create_data_module",
    "partition_mode": "homogeneous",
    "partition_profile": "auto",
    "privacy": "vanilla",
    "aggregation": "fedprox",
    "seed": 46,
    "num_clients": 4,
    "rounds": 20,
    "local_epochs": 5,
    "noise_multiplier": 0.01,
    "clipping_norm": 5.0,
    "initialization_pretrained": false,
    "initialization_epochs": 0,
    "initialization_final_loss": null
  },
  "train_metrics": {
    "1": {
      "train_loss": 1.1814783830195665,
      "train_loss_mean": 1.2412792865186928
    },
    "2": {
      "train_loss": 1.0956479022279382,
      "train_loss_mean": 1.1153092979453505
    },
    "3": {
      "train_loss": 1.0688388971611857,
      "train_loss_mean": 1.084286988619715
    },
    "4": {
      "train_loss": 1.0580593757331371,
      "train_loss_mean": 1.0722376062534749
    },
    "5": {
      "train_loss": 1.0524840634316206,
      "train_loss_mean": 1.0657496845349668
    },
    "6": {
      "train_loss": 1.0465631349943578,
      "train_loss_mean": 1.059974963683635
    },
    "7": {
      "train_loss": 1.0436331890523434,
      "train_loss_mean": 1.0563081324100494
    },
    "8": {
      "train_loss": 1.037261781282723,
      "train_loss_mean": 1.051286841928959
    },
    "9": {
      "train_loss": 1.0289951860904694,
      "train_loss_mean": 1.04547385443002
    },
    "10": {
      "train_loss": 1.019119270145893,
      "train_loss_mean": 1.0381266677752137
    },
    "11": {
      "train_loss": 1.0133898644708097,
      "train_loss_mean": 1.0317522094585
    },
    "12": {
      "train_loss": 1.0003760289400816,
      "train_loss_mean": 1.022912252135575
    },
    "13": {
      "train_loss": 0.9951321296393871,
      "train_loss_mean": 1.013005607947707
    },
    "14": {
      "train_loss": 0.9866657657548785,
      "train_loss_mean": 1.0073675684630872
    },
    "15": {
      "train_loss": 0.9772028350271285,
      "train_loss_mean": 0.9994243202731012
    },
    "16": {
      "train_loss": 0.975957830902189,
      "train_loss_mean": 0.9959851372987032
    },
    "17": {
      "train_loss": 0.9660019474104047,
      "train_loss_mean": 0.9887709793634712
    },
    "18": {
      "train_loss": 0.9578142985701561,
      "train_loss_mean": 0.9802005206234752
    },
    "19": {
      "train_loss": 0.9526578192599118,
      "train_loss_mean": 0.9737994725815953
    },
    "20": {
      "train_loss": 0.9419372747652233,
      "train_loss_mean": 0.9666675155982375
    }
  },
  "client_evaluate_metrics": {
    "1": {
      "eval_loss": 1.0614802464842796,
      "eval_acc": 0.5
    },
    "2": {
      "eval_loss": 1.035129800438881,
      "eval_acc": 0.5
    },
    "3": {
      "eval_loss": 1.033821264281869,
      "eval_acc": 0.5
    },
    "4": {
      "eval_loss": 1.0310026686638594,
      "eval_acc": 0.5
    },
    "5": {
      "eval_loss": 1.0274761896580458,
      "eval_acc": 0.5
    },
    "6": {
      "eval_loss": 1.0231805499643087,
      "eval_acc": 0.5
    },
    "7": {
      "eval_loss": 1.0177999436855316,
      "eval_acc": 0.5
    },
    "8": {
      "eval_loss": 1.0112980641424656,
      "eval_acc": 0.5029296875
    },
    "9": {
      "eval_loss": 1.0029661934822798,
      "eval_acc": 0.517578125
    },
    "10": {
      "eval_loss": 0.9967820029705763,
      "eval_acc": 0.5107421875
    },
    "11": {
      "eval_loss": 0.9829472042620182,
      "eval_acc": 0.5107421875
    },
    "12": {
      "eval_loss": 0.970689382404089,
      "eval_acc": 0.5244140625
    },
    "13": {
      "eval_loss": 0.9641452580690384,
      "eval_acc": 0.53515625
    },
    "14": {
      "eval_loss": 0.9542102366685867,
      "eval_acc": 0.5390625
    },
    "15": {
      "eval_loss": 0.9468199834227562,
      "eval_acc": 0.5419921875
    },
    "16": {
      "eval_loss": 0.9411251936107874,
      "eval_acc": 0.5361328125
    },
    "17": {
      "eval_loss": 0.9315177425742149,
      "eval_acc": 0.5458984375
    },
    "18": {
      "eval_loss": 0.9233044777065516,
      "eval_acc": 0.55078125
    },
    "19": {
      "eval_loss": 0.9168666508048773,
      "eval_acc": 0.552734375
    },
    "20": {
      "eval_loss": 0.9139985423535109,
      "eval_acc": 0.5478515625
    }
  },
  "server_evaluate_metrics": {
    "0": {
      "loss": 1.395263397693634,
      "accuracy": 0.0109375
    },
    "1": {
      "loss": 1.0543448090553285,
      "accuracy": 0.4953125
    },
    "2": {
      "loss": 1.0278518676757813,
      "accuracy": 0.4953125
    },
    "3": {
      "loss": 1.025881764292717,
      "accuracy": 0.4953125
    },
    "4": {
      "loss": 1.022983831167221,
      "accuracy": 0.4953125
    },
    "5": {
      "loss": 1.0195686519145966,
      "accuracy": 0.4953125
    },
    "6": {
      "loss": 1.0154593020677567,
      "accuracy": 0.4953125
    },
    "7": {
      "loss": 1.0104846805334091,
      "accuracy": 0.4953125
    },
    "8": {
      "loss": 1.0042449176311492,
      "accuracy": 0.496875
    },
    "9": {
      "loss": 0.9948154836893082,
      "accuracy": 0.509375
    },
    "10": {
      "loss": 0.9883159697055817,
      "accuracy": 0.5125
    },
    "11": {
      "loss": 0.9757778376340867,
      "accuracy": 0.50625
    },
    "12": {
      "loss": 0.9641394555568695,
      "accuracy": 0.5234375
    },
    "13": {
      "loss": 0.9581132590770721,
      "accuracy": 0.528125
    },
    "14": {
      "loss": 0.9493049114942551,
      "accuracy": 0.5296875
    },
    "15": {
      "loss": 0.9417761325836181,
      "accuracy": 0.5375
    },
    "16": {
      "loss": 0.9349170535802841,
      "accuracy": 0.5421875
    },
    "17": {
      "loss": 0.9270353704690933,
      "accuracy": 0.546875
    },
    "18": {
      "loss": 0.9209046870470047,
      "accuracy": 0.54375
    },
    "19": {
      "loss": 0.9150341719388961,
      "accuracy": 0.55625
    },
    "20": {
      "loss": 0.911056300997734,
      "accuracy": 0.5609375
    }
  }
}
