2026-08-05 14:53:53 Starting full chunk: 2 trajectories
2026-08-05 14:53:53 START cifar-full-out-replace__non-iid__global-dp__fedavg__clients-3__seed-43__nm0p0075__clip5__rounds-20__epochs-5__cifar_chunks__cifar10_cnn 
{
  "partition-mode": "non-iid",
  "partition-profile": "auto",
  "client-weights": "",
  "data-module": "experiments.cia.scripts.cifar_chunks:create_cifar_out_replace",
  "model-module": "experiments.reproduce.cifar10_cnn:create_model",
  "data-cache-dir": "",
  "privacy": "global-dp",
  "aggregation": "fedavg",
  "seed": 43,
  "num-server-rounds": 20,
  "num-clients": 3,
  "fraction-evaluate": 1.0,
  "local-epochs": 5,
  "learning-rate": 0.001,
  "batch-size": 32,
  "initialization-batch-size": 32,
  "initialization-epochs": 20,
  "initialization-learning-rate": 0.001,
  "max-client-samples": 0,
  "max-test-samples": 0,
  "noise-multiplier": 0.0075,
  "clipping-norm": 5.0,
  "output-dir": "/content/metricdp-pytorch/results/planned_runs/cifar/full/out-replace/clients-3/seed-43/ratio-0p0025/runs",
  "run-name": "cifar-full-out-replace__non-iid__global-dp__fedavg__clients-3__seed-43__nm0p0075__clip5__rounds-20__epochs-5__cifar_chunks__cifar10_cnn",
  "checkpoint-rounds": [
    1,
    2,
    3,
    4,
    5,
    6,
    7,
    8,
    9,
    10,
    11,
    12,
    13,
    14,
    15,
    16,
    17,
    18,
    19,
    20
  ]
}
2026-08-05 14:53:57.748599: I tensorflow/core/util/port.cc:153] oneDNN custom operations are on. You may see slightly different numerical results due to floating-point round-off errors from different computation orders. To turn them off, set the environment variable `TF_ENABLE_ONEDNN_OPTS=0`.
2026-08-05 14:53:57.819207: I tensorflow/core/platform/cpu_feature_guard.cc:210] This TensorFlow binary is optimized to use available CPU instructions in performance-critical operations.
To enable the following instructions: AVX2 AVX512F AVX512_VNNI FMA, in other operations, rebuild TensorFlow with the appropriate compiler flags.
[93mWARNING [0m:   DEPRECATED FEATURE: The `run_simulation` function is deprecated and will be removed in a future version of Flower. Please use `flwr run` in the CLI instead to run your simulation. Refer to the Flower Tutorials for more details: https://flower.ai/docs/framework/tutorial-quickstart-pytorch.html

            This is a deprecated feature. It will be removed
            entirely in future versions of Flower.
        
Warning: You are sending unauthenticated requests to the HF Hub. Please set a HF_TOKEN to enable higher rate limits and faster downloads.
Generating train split:   0%|          | 0/50000 [00:00<?, ? examples/s]Generating train split:  28%|██▊       | 14100/50000 [00:00<00:00, 134879.23 examples/s]Generating train split:  65%|██████▍   | 32400/50000 [00:00<00:00, 162248.72 examples/s]Generating train split: 100%|██████████| 50000/50000 [00:00<00:00, 177766.63 examples/s]
Generating test split:   0%|          | 0/10000 [00:00<?, ? examples/s]Generating test split: 100%|██████████| 10000/10000 [00:00<00:00, 219137.00 examples/s]
Filtering CIFAR-10 to four classes:   0%|          | 0/50000 [00:00<?, ? examples/s]Filtering CIFAR-10 to four classes: 100%|██████████| 50000/50000 [00:00<00:00, 747091.12 examples/s]
Filtering CIFAR-10 to four classes:   0%|          | 0/10000 [00:00<?, ? examples/s]Filtering CIFAR-10 to four classes:  90%|█████████ | 9000/10000 [00:01<00:00, 5066.68 examples/s]/usr/local/lib/python3.12/dist-packages/ray/_private/worker.py:2051: FutureWarning: Tip: In future versions of Ray, Ray will no longer override accelerator visible devices env var if num_gpus=0 or num_gpus=None (default). To enable this behavior and turn off this error message, set RAY_ACCEL_ENV_VAR_OVERRIDE_ON_ZERO=0
  warnings.warn(
Filtering CIFAR-10 to four classes: 100%|██████████| 10000/10000 [00:01<00:00, 5611.51 examples/s]
[92mINFO [0m:      Starting LoggedGlobalDPServerSideFixedClipping strategy:
[92mINFO [0m:      	├── Number of rounds: 20
[92mINFO [0m:      	├── ArrayRecord (0.87 MB)
[92mINFO [0m:      	├── ConfigRecord (train): {'lr': 0.001}
[92mINFO [0m:      	├── ConfigRecord (evaluate): (empty!)
[92mINFO [0m:      	├──> DP settings:
[92mINFO [0m:      	│	├── Noise multiplier: 0.0075
[92mINFO [0m:      	│	└── Clipping norm: 5.0
[92mINFO [0m:      	├──> Sampling:
[92mINFO [0m:      	│	├──Fraction: train (1.00) | evaluate ( 1.00)
[92mINFO [0m:      	│	├──Minimum nodes: train (3) | evaluate (3)
[92mINFO [0m:      	│	└──Minimum available nodes: 3
[92mINFO [0m:      	└──> Keys in records:
[92mINFO [0m:      		├── Weighted by: 'num-examples'
[92mINFO [0m:      		├── ArrayRecord key: 'arrays'
[92mINFO [0m:      		└── ConfigRecord key: 'config'
[92mINFO [0m:      
/usr/lib/python3.12/multiprocessing/popen_fork.py:66: DeprecationWarning: This process (pid=2632) is multi-threaded, use of fork() may lead to deadlocks in the child.
  self.pid = os.fork()
[92mINFO [0m:      Initial global evaluation results: {'loss': 1.3919111585617066, 'accuracy': 0.25, 'f1': 0.1, 'precision': 0.0625, 'auc': 0.5174013333333333}
[92mINFO [0m:      
[92mINFO [0m:      [ROUND 1/20]
[92mINFO [0m:      configure_train: Sampled 3 nodes (out of 3)
[36m(ClientAppActor pid=3218)[0m Using the latest cached version of the dataset since uoft-cs/cifar10 couldn't be found on the Hugging Face Hub (offline mode is enabled).
[36m(ClientAppActor pid=3218)[0m Found the latest cached dataset configuration 'plain_text' at /root/.cache/huggingface/datasets/uoft-cs___cifar10/plain_text/0.0.0/0b2714987fa478483af9968de7c934580d0bb9a2 (last modified on Wed Aug  5 14:54:15 2026).
[36m(ClientAppActor pid=3218)[0m /usr/lib/python3.12/multiprocessing/popen_fork.py:66: DeprecationWarning: This process (pid=3218) is multi-threaded, use of fork() may lead to deadlocks in the child.
[36m(ClientAppActor pid=3218)[0m   self.pid = os.fork()
[92mINFO [0m:      aggregate_train: Received 3 results and 0 failures
[92mINFO [0m:      aggregate_fit: parameters are clipped by value: 5.0000.
[92mINFO [0m:      aggregate_fit: parameters are clipped by value: 5.0000.
[92mINFO [0m:      aggregate_fit: parameters are clipped by value: 5.0000.
[92mINFO [0m:      aggregate_train: Received 3 results and 0 failures
[92mINFO [0m:      aggregate_fit: central DP noise with 0.0125 stdev added
[92mINFO [0m:      	└──> Aggregated MetricRecord: {'train_loss': 0.7620927863568068, 'train_loss_mean': 0.953848715543747, 'client-ids': [0, 1, 2], 'per-client-num-examples': [4800, 1600, 6400], 'per-client-train_loss': [0.7710863447189331, 0.9482247018814087, 0.7088146387040615], 'per-client-train_loss_mean': [0.9505716766913732, 1.1334852190017701, 0.9113973688185215], 'dp-client-ids': [0, 1, 2], 'dp-update-norms-before-clipping': [10.172783131419592, 7.12210485162353, 12.615506904682796], 'dp-client-clipped': [1, 1, 1], 'dp-num-clients-clipped': 3, 'dp-fraction-clipped': 1.0, 'dp-signal-update-norm': 3.306675738421829, 'dp-parameter-count': 226596, 'dp-expected-noise-l2-norm': 5.950262599247195, 'dp-noise-to-signal-ratio': 1.7994696395864527, 'dp-noise-percent-of-signal': 179.94696395864526, 'global-dp-noise-stdv': 0.012499999999999999}
[92mINFO [0m:      configure_evaluate: Sampled 3 nodes (out of 3)
[92mINFO [0m:      aggregate_evaluate: Received 3 results and 0 failures
[92mINFO [0m:      	└──> Aggregated MetricRecord: {'eval_loss': 1.3783503323793411, 'eval_acc': 0.2503125, 'client-ids': [0, 1, 2], 'per-client-eval_acc': [0.25083333333333335, 0.255, 0.24875], 'per-client-eval_loss': [1.3791309277216592, 1.3755817985534669, 1.378457019329071], 'per-client-num-examples': [1200, 400, 1600]}
[92mINFO [0m:      Global evaluation
[92mINFO [0m:      	└──> MetricRecord: {'loss': 1.3787458972930908, 'accuracy': 0.25, 'f1': 0.1, 'precision': 0.0625, 'auc': 0.6228647916666666}
[92mINFO [0m:      
[92mINFO [0m:      [ROUND 2/20]
[92mINFO [0m:      configure_train: Sampled 3 nodes (out of 3)
[36m(ClientAppActor pid=3216)[0m Using the latest cached version of the dataset since uoft-cs/cifar10 couldn't be found on the Hugging Face Hub (offline mode is enabled).[32m [repeated 2x across cluster] (Ray deduplicates logs by default. Set RAY_DEDUP_LOGS=0 to disable log deduplication, or see https://docs.ray.io/en/master/ray-observability/user-guides/configure-logging.html#log-deduplication for more options.)[0m
[36m(ClientAppActor pid=3216)[0m Found the latest cached dataset configuration 'plain_text' at /root/.cache/huggingface/datasets/uoft-cs___cifar10/plain_text/0.0.0/0b2714987fa478483af9968de7c934580d0bb9a2 (last modified on Wed Aug  5 14:54:15 2026).[32m [repeated 2x across cluster][0m
[36m(ClientAppActor pid=3218)[0m /usr/lib/python3.12/multiprocessing/popen_fork.py:66: DeprecationWarning: This process (pid=3218) is multi-threaded, use of fork() may lead to deadlocks in the child.[32m [repeated 3x across cluster][0m
[36m(ClientAppActor pid=3218)[0m   self.pid = os.fork()[32m [repeated 3x across cluster][0m
[92mINFO [0m:      aggregate_train: Received 3 results and 0 failures
[92mINFO [0m:      aggregate_fit: parameters are clipped by value: 5.0000.
[92mINFO [0m:      aggregate_fit: parameters are clipped by value: 5.0000.
[92mINFO [0m:      aggregate_fit: parameters are clipped by value: 5.0000.
[92mINFO [0m:      aggregate_train: Received 3 results and 0 failures
[92mINFO [0m:      aggregate_fit: central DP noise with 0.0125 stdev added
[92mINFO [0m:      	└──> Aggregated MetricRecord: {'train_loss': 0.6386779299378395, 'train_loss_mean': 0.758074325531721, 'client-ids': [0, 1, 2], 'per-client-num-examples': [4800, 1600, 6400], 'per-client-train_loss': [0.6235107451677322, 0.7720474982261658, 0.6167109264433384], 'per-client-train_loss_mean': [0.754002988020579, 0.8856274673938751, 0.7292395431995391], 'dp-client-ids': [0, 1, 2], 'dp-update-norms-before-clipping': [11.623072890762604, 6.657400436046474, 13.114661475497723], 'dp-client-clipped': [1, 1, 1], 'dp-num-clients-clipped': 3, 'dp-fraction-clipped': 1.0, 'dp-signal-update-norm': 4.138658232080975, 'dp-parameter-count': 226596, 'dp-expected-noise-l2-norm': 5.950262599247195, 'dp-noise-to-signal-ratio': 1.4377274627616015, 'dp-noise-percent-of-signal': 143.77274627616012, 'global-dp-noise-stdv': 0.012499999999999999}
[92mINFO [0m:      configure_evaluate: Sampled 3 nodes (out of 3)
[92mINFO [0m:      aggregate_evaluate: Received 3 results and 0 failures
[92mINFO [0m:      	└──> Aggregated MetricRecord: {'eval_loss': 1.1675843709707259, 'eval_acc': 0.6446875000000001, 'client-ids': [0, 1, 2], 'per-client-eval_acc': [0.6458333333333334, 0.6425, 0.644375], 'per-client-eval_loss': [1.1669612216949463, 1.169035325050354, 1.1676889944076538], 'per-client-num-examples': [1200, 400, 1600]}
[92mINFO [0m:      Global evaluation
[92mINFO [0m:      	└──> MetricRecord: {'loss': 1.1728472719192504, 'accuracy': 0.635, 'f1': 0.5894604652555627, 'precision': 0.7193966128502776, 'auc': 0.8850192083333333}
[92mINFO [0m:      
[92mINFO [0m:      [ROUND 3/20]
[92mINFO [0m:      configure_train: Sampled 3 nodes (out of 3)
[36m(ClientAppActor pid=3218)[0m /usr/lib/python3.12/multiprocessing/popen_fork.py:66: DeprecationWarning: This process (pid=3218) is multi-threaded, use of fork() may lead to deadlocks in the child.[32m [repeated 3x across cluster][0m
[36m(ClientAppActor pid=3218)[0m   self.pid = os.fork()[32m [repeated 3x across cluster][0m
[92mINFO [0m:      aggregate_train: Received 3 results and 0 failures
[92mINFO [0m:      aggregate_fit: parameters are clipped by value: 5.0000.
[92mINFO [0m:      aggregate_fit: parameters are clipped by value: 5.0000.
[92mINFO [0m:      aggregate_fit: parameters are clipped by value: 5.0000.
[92mINFO [0m:      aggregate_train: Received 3 results and 0 failures
[92mINFO [0m:      aggregate_fit: central DP noise with 0.0125 stdev added
[92mINFO [0m:      	└──> Aggregated MetricRecord: {'train_loss': 0.5153930781781674, 'train_loss_mean': 0.6221230563893915, 'client-ids': [0, 1, 2], 'per-client-num-examples': [4800, 1600, 6400], 'per-client-train_loss': [0.5142140833536784, 0.581025424003601, 0.4998692378401756], 'per-client-train_loss_mean': [0.6235844962000847, 0.6846253160238266, 0.6054014116227627], 'dp-client-ids': [0, 1, 2], 'dp-update-norms-before-clipping': [10.80636796084122, 5.794087158659082, 12.79784227689792], 'dp-client-clipped': [1, 1, 1], 'dp-num-clients-clipped': 3, 'dp-fraction-clipped': 1.0, 'dp-signal-update-norm': 3.985472111605068, 'dp-parameter-count': 226596, 'dp-expected-noise-l2-norm': 5.950262599247195, 'dp-noise-to-signal-ratio': 1.492988141083955, 'dp-noise-percent-of-signal': 149.2988141083955, 'global-dp-noise-stdv': 0.012499999999999999}
[92mINFO [0m:      configure_evaluate: Sampled 3 nodes (out of 3)
[92mINFO [0m:      aggregate_evaluate: Received 3 results and 0 failures
[92mINFO [0m:      	└──> Aggregated MetricRecord: {'eval_loss': 0.8281294244527817, 'eval_acc': 0.7740625000000001, 'client-ids': [0, 1, 2], 'per-client-eval_acc': [0.7883333333333333, 0.75, 0.769375], 'per-client-eval_loss': [0.8203994099299113, 0.8423218393325805, 0.8303788316249847], 'per-client-num-examples': [1200, 400, 1600]}
[92mINFO [0m:      Global evaluation
[92mINFO [0m:      	└──> MetricRecord: {'loss': 0.8397963781356812, 'accuracy': 0.7605, 'f1': 0.7572489333923045, 'precision': 0.7573187913567031, 'auc': 0.9350405416666665}
[92mINFO [0m:      
[92mINFO [0m:      [ROUND 4/20]
[92mINFO [0m:      configure_train: Sampled 3 nodes (out of 3)
[36m(ClientAppActor pid=3218)[0m /usr/lib/python3.12/multiprocessing/popen_fork.py:66: DeprecationWarning: This process (pid=3218) is multi-threaded, use of fork() may lead to deadlocks in the child.[32m [repeated 3x across cluster][0m
[36m(ClientAppActor pid=3218)[0m   self.pid = os.fork()[32m [repeated 3x across cluster][0m
[92mINFO [0m:      aggregate_train: Received 3 results and 0 failures
[92mINFO [0m:      aggregate_fit: parameters are clipped by value: 5.0000.
[92mINFO [0m:      aggregate_fit: parameters are clipped by value: 5.0000.
[92mINFO [0m:      aggregate_fit: parameters are clipped by value: 5.0000.
[92mINFO [0m:      aggregate_train: Received 3 results and 0 failures
[92mINFO [0m:      aggregate_fit: central DP noise with 0.0125 stdev added
[92mINFO [0m:      	└──> Aggregated MetricRecord: {'train_loss': 0.4009961143322289, 'train_loss_mean': 0.514616892490536, 'client-ids': [0, 1, 2], 'per-client-num-examples': [4800, 1600, 6400], 'per-client-train_loss': [0.39064367974797887, 0.41938810557127, 0.4041624424606562], 'per-client-train_loss_mean': [0.5094902725120385, 0.5433796683549881, 0.511271163508296], 'dp-client-ids': [0, 1, 2], 'dp-update-norms-before-clipping': [11.016864224914075, 6.130325559192968, 12.298309380643467], 'dp-client-clipped': [1, 1, 1], 'dp-num-clients-clipped': 3, 'dp-fraction-clipped': 1.0, 'dp-signal-update-norm': 3.816990790043035, 'dp-parameter-count': 226596, 'dp-expected-noise-l2-norm': 5.950262599247195, 'dp-noise-to-signal-ratio': 1.5588883826413709, 'dp-noise-percent-of-signal': 155.8888382641371, 'global-dp-noise-stdv': 0.012499999999999999}
[92mINFO [0m:      configure_evaluate: Sampled 3 nodes (out of 3)
[92mINFO [0m:      aggregate_evaluate: Received 3 results and 0 failures
[92mINFO [0m:      	└──> Aggregated MetricRecord: {'eval_loss': 0.6258031356334687, 'eval_acc': 0.7684375, 'client-ids': [0, 1, 2], 'per-client-eval_acc': [0.7766666666666666, 0.7475, 0.7675], 'per-client-eval_loss': [0.6141281286875407, 0.6315492105484009, 0.6331228721141815], 'per-client-num-examples': [1200, 400, 1600]}
[92mINFO [0m:      Global evaluation
[92mINFO [0m:      	└──> MetricRecord: {'loss': 0.6355534360408783, 'accuracy': 0.77, 'f1': 0.7619392903238731, 'precision': 0.7844713288436935, 'auc': 0.94217525}
[92mINFO [0m:      
[92mINFO [0m:      [ROUND 5/20]
[92mINFO [0m:      configure_train: Sampled 3 nodes (out of 3)
[36m(ClientAppActor pid=3218)[0m /usr/lib/python3.12/multiprocessing/popen_fork.py:66: DeprecationWarning: This process (pid=3218) is multi-threaded, use of fork() may lead to deadlocks in the child.[32m [repeated 3x across cluster][0m
[36m(ClientAppActor pid=3218)[0m   self.pid = os.fork()[32m [repeated 3x across cluster][0m
[92mINFO [0m:      aggregate_train: Received 3 results and 0 failures
[92mINFO [0m:      aggregate_fit: parameters are clipped by value: 5.0000.
[92mINFO [0m:      aggregate_fit: parameters are clipped by value: 5.0000.
[92mINFO [0m:      aggregate_fit: parameters are clipped by value: 5.0000.
[92mINFO [0m:      aggregate_train: Received 3 results and 0 failures
[92mINFO [0m:      aggregate_fit: central DP noise with 0.0125 stdev added
[92mINFO [0m:      	└──> Aggregated MetricRecord: {'train_loss': 0.3001925234682858, 'train_loss_mean': 0.4218844726085662, 'client-ids': [0, 1, 2], 'per-client-num-examples': [4800, 1600, 6400], 'per-client-train_loss': [0.31230203961332637, 0.2776472198963165, 0.29674671225249766], 'per-client-train_loss_mean': [0.42523164226611454, 0.42628793841600415, 0.41827322891354557], 'dp-client-ids': [0, 1, 2], 'dp-update-norms-before-clipping': [10.633807203179806, 6.195270780454217, 12.298829251495842], 'dp-client-clipped': [1, 1, 1], 'dp-num-clients-clipped': 3, 'dp-fraction-clipped': 1.0, 'dp-signal-update-norm': 3.6049094228328697, 'dp-parameter-count': 226596, 'dp-expected-noise-l2-norm': 5.950262599247195, 'dp-noise-to-signal-ratio': 1.6505997519824676, 'dp-noise-percent-of-signal': 165.05997519824675, 'global-dp-noise-stdv': 0.012499999999999999}
[92mINFO [0m:      configure_evaluate: Sampled 3 nodes (out of 3)
[92mINFO [0m:      aggregate_evaluate: Received 3 results and 0 failures
[92mINFO [0m:      	└──> Aggregated MetricRecord: {'eval_loss': 0.5146726536750793, 'eval_acc': 0.8015625, 'client-ids': [0, 1, 2], 'per-client-eval_acc': [0.8166666666666667, 0.7975, 0.79125], 'per-client-eval_loss': [0.5007422391573588, 0.5063314461708068, 0.5272057664394378], 'per-client-num-examples': [1200, 400, 1600]}
[92mINFO [0m:      Global evaluation
[92mINFO [0m:      	└──> MetricRecord: {'loss': 0.5231675605773926, 'accuracy': 0.803, 'f1': 0.7982932313221122, 'precision': 0.8091551140776987, 'auc': 0.9535042499999999}
[92mINFO [0m:      
[92mINFO [0m:      [ROUND 6/20]
[92mINFO [0m:      configure_train: Sampled 3 nodes (out of 3)
[36m(ClientAppActor pid=3218)[0m /usr/lib/python3.12/multiprocessing/popen_fork.py:66: DeprecationWarning: This process (pid=3218) is multi-threaded, use of fork() may lead to deadlocks in the child.[32m [repeated 3x across cluster][0m
[36m(ClientAppActor pid=3218)[0m   self.pid = os.fork()[32m [repeated 3x across cluster][0m
[92mINFO [0m:      aggregate_train: Received 3 results and 0 failures
[92mINFO [0m:      aggregate_fit: parameters are clipped by value: 5.0000.
[92mINFO [0m:      aggregate_fit: parameters are clipped by value: 5.0000.
[92mINFO [0m:      aggregate_fit: parameters are clipped by value: 5.0000.
[92mINFO [0m:      aggregate_train: Received 3 results and 0 failures
[92mINFO [0m:      aggregate_fit: central DP noise with 0.0125 stdev added
[92mINFO [0m:      	└──> Aggregated MetricRecord: {'train_loss': 0.22230240797623993, 'train_loss_mean': 0.33082363274134696, 'client-ids': [0, 1, 2], 'per-client-num-examples': [4800, 1600, 6400], 'per-client-train_loss': [0.21367687736948332, 0.20867427200078964, 0.23217858992516993], 'per-client-train_loss_mean': [0.3311161055366198, 0.33930964559316634, 0.32848277493193745], 'dp-client-ids': [0, 1, 2], 'dp-update-norms-before-clipping': [10.345214957454075, 6.30646932052556, 12.112787694959405], 'dp-client-clipped': [1, 1, 1], 'dp-num-clients-clipped': 3, 'dp-fraction-clipped': 1.0, 'dp-signal-update-norm': 3.4359317617956635, 'dp-parameter-count': 226596, 'dp-expected-noise-l2-norm': 5.950262599247195, 'dp-noise-to-signal-ratio': 1.7317755449652787, 'dp-noise-percent-of-signal': 173.17755449652788, 'global-dp-noise-stdv': 0.012499999999999999}
[92mINFO [0m:      configure_evaluate: Sampled 3 nodes (out of 3)
[92mINFO [0m:      aggregate_evaluate: Received 3 results and 0 failures
[92mINFO [0m:      	└──> Aggregated MetricRecord: {'eval_loss': 0.5107472966611386, 'eval_acc': 0.8009375000000001, 'client-ids': [0, 1, 2], 'per-client-eval_acc': [0.81, 0.805, 0.793125], 'per-client-eval_loss': [0.4936894003550212, 0.5122232890129089, 0.523171720802784], 'per-client-num-examples': [1200, 400, 1600]}
[92mINFO [0m:      Global evaluation
[92mINFO [0m:      	└──> MetricRecord: {'loss': 0.5267374069690705, 'accuracy': 0.8005, 'f1': 0.7945236537580941, 'precision': 0.8131002523877425, 'auc': 0.9527205833333333}
[92mINFO [0m:      
[92mINFO [0m:      [ROUND 7/20]
[92mINFO [0m:      configure_train: Sampled 3 nodes (out of 3)
[36m(ClientAppActor pid=3218)[0m /usr/lib/python3.12/multiprocessing/popen_fork.py:66: DeprecationWarning: This process (pid=3218) is multi-threaded, use of fork() may lead to deadlocks in the child.[32m [repeated 3x across cluster][0m
[36m(ClientAppActor pid=3218)[0m   self.pid = os.fork()[32m [repeated 3x across cluster][0m
[92mINFO [0m:      aggregate_train: Received 3 results and 0 failures
[92mINFO [0m:      aggregate_fit: parameters are clipped by value: 5.0000.
[92mINFO [0m:      aggregate_fit: parameters are clipped by value: 5.0000.
[92mINFO [0m:      aggregate_fit: parameters are clipped by value: 5.0000.
[92mINFO [0m:      aggregate_train: Received 3 results and 0 failures
[92mINFO [0m:      aggregate_fit: central DP noise with 0.0125 stdev added
[92mINFO [0m:      	└──> Aggregated MetricRecord: {'train_loss': 0.16116190542466938, 'train_loss_mean': 0.26506718603428453, 'client-ids': [0, 1, 2], 'per-client-num-examples': [4800, 1600, 6400], 'per-client-train_loss': [0.15828418505688507, 0.14353932939469816, 0.16772583970800042], 'per-client-train_loss_mean': [0.26416535941759745, 0.279454200103879, 0.26214680247940125], 'dp-client-ids': [0, 1, 2], 'dp-update-norms-before-clipping': [10.114319893530212, 6.122936493030369, 11.73698471768799], 'dp-client-clipped': [1, 1, 1], 'dp-num-clients-clipped': 3, 'dp-fraction-clipped': 1.0, 'dp-signal-update-norm': 3.3137631176960953, 'dp-parameter-count': 226596, 'dp-expected-noise-l2-norm': 5.950262599247195, 'dp-noise-to-signal-ratio': 1.7956209867481823, 'dp-noise-percent-of-signal': 179.5620986748182, 'global-dp-noise-stdv': 0.012499999999999999}
[92mINFO [0m:      configure_evaluate: Sampled 3 nodes (out of 3)
[92mINFO [0m:      aggregate_evaluate: Received 3 results and 0 failures
[92mINFO [0m:      	└──> Aggregated MetricRecord: {'eval_loss': 0.6086074949800968, 'eval_acc': 0.7840625, 'client-ids': [0, 1, 2], 'per-client-eval_acc': [0.7816666666666666, 0.805, 0.780625], 'per-client-eval_loss': [0.5908099464575449, 0.6308413887023926, 0.6163971829414367], 'per-client-num-examples': [1200, 400, 1600]}
[92mINFO [0m:      Global evaluation
[92mINFO [0m:      	└──> MetricRecord: {'loss': 0.6347880666255951, 'accuracy': 0.7865, 'f1': 0.7793107872413393, 'precision': 0.8180592905024996, 'auc': 0.9449110833333333}
[92mINFO [0m:      
[92mINFO [0m:      [ROUND 8/20]
[92mINFO [0m:      configure_train: Sampled 3 nodes (out of 3)
[36m(ClientAppActor pid=3218)[0m /usr/lib/python3.12/multiprocessing/popen_fork.py:66: DeprecationWarning: This process (pid=3218) is multi-threaded, use of fork() may lead to deadlocks in the child.[32m [repeated 3x across cluster][0m
[36m(ClientAppActor pid=3218)[0m   self.pid = os.fork()[32m [repeated 3x across cluster][0m
[92mINFO [0m:      aggregate_train: Received 3 results and 0 failures
[92mINFO [0m:      aggregate_fit: parameters are clipped by value: 5.0000.
[92mINFO [0m:      aggregate_fit: parameters are clipped by value: 5.0000.
[92mINFO [0m:      aggregate_fit: parameters are clipped by value: 5.0000.
[92mINFO [0m:      aggregate_train: Received 3 results and 0 failures
[92mINFO [0m:      aggregate_fit: central DP noise with 0.0125 stdev added
[92mINFO [0m:      	└──> Aggregated MetricRecord: {'train_loss': 0.1113501264550723, 'train_loss_mean': 0.20454808652447537, 'client-ids': [0, 1, 2], 'per-client-num-examples': [4800, 1600, 6400], 'per-client-train_loss': [0.10943517096961539, 0.09068616457283497, 0.11795233353972435], 'per-client-train_loss_mean': [0.204479029259334, 0.22391509473323823, 0.19975812742114069], 'dp-client-ids': [0, 1, 2], 'dp-update-norms-before-clipping': [9.584376357741997, 5.995245635617172, 11.302686719570753], 'dp-client-clipped': [1, 1, 1], 'dp-num-clients-clipped': 3, 'dp-fraction-clipped': 1.0, 'dp-signal-update-norm': 3.2430761268073605, 'dp-parameter-count': 226596, 'dp-expected-noise-l2-norm': 5.950262599247195, 'dp-noise-to-signal-ratio': 1.8347588420950571, 'dp-noise-percent-of-signal': 183.4758842095057, 'global-dp-noise-stdv': 0.012499999999999999}
[92mINFO [0m:      configure_evaluate: Sampled 3 nodes (out of 3)
[92mINFO [0m:      aggregate_evaluate: Received 3 results and 0 failures
[92mINFO [0m:      	└──> Aggregated MetricRecord: {'eval_loss': 0.5788701559603214, 'eval_acc': 0.8103125, 'client-ids': [0, 1, 2], 'per-client-eval_acc': [0.8158333333333333, 0.8075, 0.806875], 'per-client-eval_loss': [0.5627815310160319, 0.5864027380943299, 0.5890534791350365], 'per-client-num-examples': [1200, 400, 1600]}
[92mINFO [0m:      Global evaluation
[92mINFO [0m:      	└──> MetricRecord: {'loss': 0.6163537923097611, 'accuracy': 0.799, 'f1': 0.7970349602917709, 'precision': 0.8120764367127045, 'auc': 0.9536031666666668}
[92mINFO [0m:      
[92mINFO [0m:      [ROUND 9/20]
[92mINFO [0m:      configure_train: Sampled 3 nodes (out of 3)
[36m(ClientAppActor pid=3218)[0m /usr/lib/python3.12/multiprocessing/popen_fork.py:66: DeprecationWarning: This process (pid=3218) is multi-threaded, use of fork() may lead to deadlocks in the child.[32m [repeated 3x across cluster][0m
[36m(ClientAppActor pid=3218)[0m   self.pid = os.fork()[32m [repeated 3x across cluster][0m
[92mINFO [0m:      aggregate_train: Received 3 results and 0 failures
[92mINFO [0m:      aggregate_fit: parameters are clipped by value: 5.0000.
[92mINFO [0m:      aggregate_fit: parameters are clipped by value: 5.0000.
[92mINFO [0m:      aggregate_fit: parameters are clipped by value: 5.0000.
[92mINFO [0m:      aggregate_train: Received 3 results and 0 failures
[92mINFO [0m:      aggregate_fit: central DP noise with 0.0125 stdev added
[92mINFO [0m:      	└──> Aggregated MetricRecord: {'train_loss': 0.10361112096114083, 'train_loss_mean': 0.1671303908652626, 'client-ids': [0, 1, 2], 'per-client-num-examples': [4800, 1600, 6400], 'per-client-train_loss': [0.11715296275913716, 0.07449682423844933, 0.10073331379331649], 'per-client-train_loss_mean': [0.1693041670595606, 0.19221720054745675, 0.15922835629899054], 'dp-client-ids': [0, 1, 2], 'dp-update-norms-before-clipping': [9.471073542104692, 5.774625543819486, 10.724739156670601], 'dp-client-clipped': [1, 1, 1], 'dp-num-clients-clipped': 3, 'dp-fraction-clipped': 1.0, 'dp-signal-update-norm': 3.183952350238651, 'dp-parameter-count': 226596, 'dp-expected-noise-l2-norm': 5.950262599247195, 'dp-noise-to-signal-ratio': 1.8688290353344004, 'dp-noise-percent-of-signal': 186.88290353344004, 'global-dp-noise-stdv': 0.012499999999999999}
[92mINFO [0m:      configure_evaluate: Sampled 3 nodes (out of 3)
[92mINFO [0m:      aggregate_evaluate: Received 3 results and 0 failures
[92mINFO [0m:      	└──> Aggregated MetricRecord: {'eval_loss': 0.5735939906537533, 'eval_acc': 0.8256249999999999, 'client-ids': [0, 1, 2], 'per-client-eval_acc': [0.8358333333333333, 0.825, 0.818125], 'per-client-eval_loss': [0.5660969475905101, 0.5774972140789032, 0.5782409670948983], 'per-client-num-examples': [1200, 400, 1600]}
[92mINFO [0m:      Global evaluation
[92mINFO [0m:      	└──> MetricRecord: {'loss': 0.6201129901409149, 'accuracy': 0.815, 'f1': 0.8129324968811313, 'precision': 0.8174553479839916, 'auc': 0.9572065833333333}
[92mINFO [0m:      
[92mINFO [0m:      [ROUND 10/20]
[92mINFO [0m:      configure_train: Sampled 3 nodes (out of 3)
[36m(ClientAppActor pid=3218)[0m /usr/lib/python3.12/multiprocessing/popen_fork.py:66: DeprecationWarning: This process (pid=3218) is multi-threaded, use of fork() may lead to deadlocks in the child.[32m [repeated 3x across cluster][0m
[36m(ClientAppActor pid=3218)[0m   self.pid = os.fork()[32m [repeated 3x across cluster][0m
[92mINFO [0m:      aggregate_train: Received 3 results and 0 failures
[92mINFO [0m:      aggregate_fit: parameters are clipped by value: 5.0000.
[92mINFO [0m:      aggregate_fit: parameters are clipped by value: 5.0000.
[92mINFO [0m:      aggregate_fit: parameters are clipped by value: 5.0000.
[92mINFO [0m:      aggregate_train: Received 3 results and 0 failures
[92mINFO [0m:      aggregate_fit: central DP noise with 0.0125 stdev added
[92mINFO [0m:      	└──> Aggregated MetricRecord: {'train_loss': 0.07351212495763321, 'train_loss_mean': 0.13463344151165801, 'client-ids': [0, 1, 2], 'per-client-num-examples': [4800, 1600, 6400], 'per-client-train_loss': [0.08636853006357947, 0.04317180084064603, 0.07145490215742029], 'per-client-train_loss_mean': [0.13985925055357318, 0.1521642462015152, 0.12633138355775736], 'dp-client-ids': [0, 1, 2], 'dp-update-norms-before-clipping': [9.155288141298401, 5.603465211614966, 10.57184627816607], 'dp-client-clipped': [1, 1, 1], 'dp-num-clients-clipped': 3, 'dp-fraction-clipped': 1.0, 'dp-signal-update-norm': 3.1553344933644887, 'dp-parameter-count': 226596, 'dp-expected-noise-l2-norm': 5.950262599247195, 'dp-noise-to-signal-ratio': 1.8857787064288434, 'dp-noise-percent-of-signal': 188.57787064288433, 'global-dp-noise-stdv': 0.012499999999999999}
[92mINFO [0m:      configure_evaluate: Sampled 3 nodes (out of 3)
[92mINFO [0m:      aggregate_evaluate: Received 3 results and 0 failures
[92mINFO [0m:      	└──> Aggregated MetricRecord: {'eval_loss': 0.6243625389784575, 'eval_acc': 0.8259375, 'client-ids': [0, 1, 2], 'per-client-eval_acc': [0.835, 0.8175, 0.82125], 'per-client-eval_loss': [0.6115043727556865, 0.621485857963562, 0.6347253338992596], 'per-client-num-examples': [1200, 400, 1600]}
[92mINFO [0m:      Global evaluation
[92mINFO [0m:      	└──> MetricRecord: {'loss': 0.6353519569635391, 'accuracy': 0.827, 'f1': 0.8268839502835491, 'precision': 0.8304538587204842, 'auc': 0.9608975416666667}
[92mINFO [0m:      
[92mINFO [0m:      [ROUND 11/20]
[92mINFO [0m:      configure_train: Sampled 3 nodes (out of 3)
[36m(ClientAppActor pid=3218)[0m /usr/lib/python3.12/multiprocessing/popen_fork.py:66: DeprecationWarning: This process (pid=3218) is multi-threaded, use of fork() may lead to deadlocks in the child.[32m [repeated 3x across cluster][0m
[36m(ClientAppActor pid=3218)[0m   self.pid = os.fork()[32m [repeated 3x across cluster][0m
[92mINFO [0m:      aggregate_train: Received 3 results and 0 failures
[92mINFO [0m:      aggregate_fit: parameters are clipped by value: 5.0000.
[92mINFO [0m:      aggregate_fit: parameters are clipped by value: 5.0000.
[92mINFO [0m:      aggregate_fit: parameters are clipped by value: 5.0000.
[92mINFO [0m:      aggregate_train: Received 3 results and 0 failures
[92mINFO [0m:      aggregate_fit: central DP noise with 0.0125 stdev added
[92mINFO [0m:      	└──> Aggregated MetricRecord: {'train_loss': 0.07974195907183457, 'train_loss_mean': 0.12171528015343938, 'client-ids': [0, 1, 2], 'per-client-num-examples': [4800, 1600, 6400], 'per-client-train_loss': [0.08664783229740958, 0.061183378640562294, 0.0792021992604714], 'per-client-train_loss_mean': [0.12327290554468831, 0.1518090762104839, 0.11302361209574156], 'dp-client-ids': [0, 1, 2], 'dp-update-norms-before-clipping': [9.273121771520215, 5.680102726234579, 10.55905243283657], 'dp-client-clipped': [1, 1, 1], 'dp-num-clients-clipped': 3, 'dp-fraction-clipped': 1.0, 'dp-signal-update-norm': 3.142622770426691, 'dp-parameter-count': 226596, 'dp-expected-noise-l2-norm': 5.950262599247195, 'dp-noise-to-signal-ratio': 1.8934065695830542, 'dp-noise-percent-of-signal': 189.3406569583054, 'global-dp-noise-stdv': 0.012499999999999999}
[92mINFO [0m:      configure_evaluate: Sampled 3 nodes (out of 3)
[92mINFO [0m:      aggregate_evaluate: Received 3 results and 0 failures
[92mINFO [0m:      	└──> Aggregated MetricRecord: {'eval_loss': 0.6535298989713192, 'eval_acc': 0.82875, 'client-ids': [0, 1, 2], 'per-client-eval_acc': [0.8366666666666667, 0.8325, 0.821875], 'per-client-eval_loss': [0.6388442703088124, 0.6388090670108795, 0.6682243284583091], 'per-client-num-examples': [1200, 400, 1600]}
[92mINFO [0m:      Global evaluation
[92mINFO [0m:      	└──> MetricRecord: {'loss': 0.706200525522232, 'accuracy': 0.815, 'f1': 0.8132874992580506, 'precision': 0.8152333685333047, 'auc': 0.9584642083333333}
[92mINFO [0m:      
[92mINFO [0m:      [ROUND 12/20]
[92mINFO [0m:      configure_train: Sampled 3 nodes (out of 3)
[36m(ClientAppActor pid=3218)[0m /usr/lib/python3.12/multiprocessing/popen_fork.py:66: DeprecationWarning: This process (pid=3218) is multi-threaded, use of fork() may lead to deadlocks in the child.[32m [repeated 3x across cluster][0m
[36m(ClientAppActor pid=3218)[0m   self.pid = os.fork()[32m [repeated 3x across cluster][0m
[92mINFO [0m:      aggregate_train: Received 3 results and 0 failures
[92mINFO [0m:      aggregate_fit: parameters are clipped by value: 5.0000.
[92mINFO [0m:      aggregate_fit: parameters are clipped by value: 5.0000.
[92mINFO [0m:      aggregate_fit: parameters are clipped by value: 5.0000.
[92mINFO [0m:      aggregate_train: Received 3 results and 0 failures
[92mINFO [0m:      aggregate_fit: central DP noise with 0.0125 stdev added
[92mINFO [0m:      	└──> Aggregated MetricRecord: {'train_loss': 0.06602763326634886, 'train_loss_mean': 0.10118647855665769, 'client-ids': [0, 1, 2], 'per-client-num-examples': [4800, 1600, 6400], 'per-client-train_loss': [0.059608332604790724, 0.038223068688530475, 0.07779324990697205], 'per-client-train_loss_mean': [0.10075478844810278, 0.13324332863045857, 0.09349603361962364], 'dp-client-ids': [0, 1, 2], 'dp-update-norms-before-clipping': [9.154855085702607, 5.34729373442684, 10.395219959399194], 'dp-client-clipped': [1, 1, 1], 'dp-num-clients-clipped': 3, 'dp-fraction-clipped': 1.0, 'dp-signal-update-norm': 3.1187079660551102, 'dp-parameter-count': 226596, 'dp-expected-noise-l2-norm': 5.950262599247195, 'dp-noise-to-signal-ratio': 1.9079255460952156, 'dp-noise-percent-of-signal': 190.79255460952155, 'global-dp-noise-stdv': 0.012499999999999999}
[92mINFO [0m:      configure_evaluate: Sampled 3 nodes (out of 3)
[92mINFO [0m:      aggregate_evaluate: Received 3 results and 0 failures
[92mINFO [0m:      	└──> Aggregated MetricRecord: {'eval_loss': 0.6611951512098312, 'eval_acc': 0.8309375000000001, 'client-ids': [0, 1, 2], 'per-client-eval_acc': [0.8316666666666667, 0.8275, 0.83125], 'per-client-eval_loss': [0.6781262604395548, 0.6103639030456542, 0.6612046313285828], 'per-client-num-examples': [1200, 400, 1600]}
[92mINFO [0m:      Global evaluation
[92mINFO [0m:      	└──> MetricRecord: {'loss': 0.7046759752035141, 'accuracy': 0.8225, 'f1': 0.8216848820567055, 'precision': 0.8213443894636228, 'auc': 0.9586134166666668}
[92mINFO [0m:      
[92mINFO [0m:      [ROUND 13/20]
[92mINFO [0m:      configure_train: Sampled 3 nodes (out of 3)
[36m(ClientAppActor pid=3218)[0m /usr/lib/python3.12/multiprocessing/popen_fork.py:66: DeprecationWarning: This process (pid=3218) is multi-threaded, use of fork() may lead to deadlocks in the child.[32m [repeated 3x across cluster][0m
[36m(ClientAppActor pid=3218)[0m   self.pid = os.fork()[32m [repeated 3x across cluster][0m
[92mINFO [0m:      aggregate_train: Received 3 results and 0 failures
[92mINFO [0m:      aggregate_fit: parameters are clipped by value: 5.0000.
[92mINFO [0m:      aggregate_fit: parameters are clipped by value: 5.0000.
[92mINFO [0m:      aggregate_fit: parameters are clipped by value: 5.0000.
[92mINFO [0m:      aggregate_train: Received 3 results and 0 failures
[92mINFO [0m:      aggregate_fit: central DP noise with 0.0125 stdev added
[92mINFO [0m:      	└──> Aggregated MetricRecord: {'train_loss': 0.061595621883752755, 'train_loss_mean': 0.08805659551598363, 'client-ids': [0, 1, 2], 'per-client-num-examples': [4800, 1600, 6400], 'per-client-train_loss': [0.08059492889636506, 0.026529957654420285, 0.05611255768162664], 'per-client-train_loss_mean': [0.08936372088842715, 0.11441271935636177, 0.08048722052655648], 'dp-client-ids': [0, 1, 2], 'dp-update-norms-before-clipping': [9.067202455263294, 5.252834916525659, 10.371853687732411], 'dp-client-clipped': [1, 1, 1], 'dp-num-clients-clipped': 3, 'dp-fraction-clipped': 1.0, 'dp-signal-update-norm': 3.147085097275369, 'dp-parameter-count': 226596, 'dp-expected-noise-l2-norm': 5.950262599247195, 'dp-noise-to-signal-ratio': 1.8907218633518093, 'dp-noise-percent-of-signal': 189.07218633518093, 'global-dp-noise-stdv': 0.012499999999999999}
[92mINFO [0m:      configure_evaluate: Sampled 3 nodes (out of 3)
[92mINFO [0m:      aggregate_evaluate: Received 3 results and 0 failures
[92mINFO [0m:      	└──> Aggregated MetricRecord: {'eval_loss': 0.731785175949335, 'eval_acc': 0.830625, 'client-ids': [0, 1, 2], 'per-client-eval_acc': [0.8358333333333333, 0.825, 0.828125], 'per-client-eval_loss': [0.7427526485919952, 0.6882846570014953, 0.7344347012042999], 'per-client-num-examples': [1200, 400, 1600]}
[92mINFO [0m:      Global evaluation
[92mINFO [0m:      	└──> MetricRecord: {'loss': 0.7824045832157135, 'accuracy': 0.8215, 'f1': 0.8214070057387073, 'precision': 0.8217226603464072, 'auc': 0.9567232916666667}
[92mINFO [0m:      
[92mINFO [0m:      [ROUND 14/20]
[92mINFO [0m:      configure_train: Sampled 3 nodes (out of 3)
[36m(ClientAppActor pid=3218)[0m /usr/lib/python3.12/multiprocessing/popen_fork.py:66: DeprecationWarning: This process (pid=3218) is multi-threaded, use of fork() may lead to deadlocks in the child.[32m [repeated 3x across cluster][0m
[36m(ClientAppActor pid=3218)[0m   self.pid = os.fork()[32m [repeated 3x across cluster][0m
[92mINFO [0m:      aggregate_train: Received 3 results and 0 failures
[92mINFO [0m:      aggregate_fit: parameters are clipped by value: 5.0000.
[92mINFO [0m:      aggregate_fit: parameters are clipped by value: 5.0000.
[92mINFO [0m:      aggregate_fit: parameters are clipped by value: 5.0000.
[92mINFO [0m:      aggregate_train: Received 3 results and 0 failures
[92mINFO [0m:      aggregate_fit: central DP noise with 0.0125 stdev added
[92mINFO [0m:      	└──> Aggregated MetricRecord: {'train_loss': 0.06308162547065876, 'train_loss_mean': 0.08542718217370565, 'client-ids': [0, 1, 2], 'per-client-num-examples': [4800, 1600, 6400], 'per-client-train_loss': [0.05951337761866549, 0.06292955163866282, 0.0657958298176527], 'per-client-train_loss_mean': [0.08335816438092539, 0.11835736838728188, 0.0787463989648968], 'dp-client-ids': [0, 1, 2], 'dp-update-norms-before-clipping': [9.23744935352032, 5.819368502796042, 10.420614998353049], 'dp-client-clipped': [1, 1, 1], 'dp-num-clients-clipped': 3, 'dp-fraction-clipped': 1.0, 'dp-signal-update-norm': 3.1205353551470982, 'dp-parameter-count': 226596, 'dp-expected-noise-l2-norm': 5.950262599247195, 'dp-noise-to-signal-ratio': 1.9068082627016758, 'dp-noise-percent-of-signal': 190.6808262701676, 'global-dp-noise-stdv': 0.012499999999999999}
[92mINFO [0m:      configure_evaluate: Sampled 3 nodes (out of 3)
[92mINFO [0m:      aggregate_evaluate: Received 3 results and 0 failures
[92mINFO [0m:      	└──> Aggregated MetricRecord: {'eval_loss': 0.7214296133816243, 'eval_acc': 0.8321875000000001, 'client-ids': [0, 1, 2], 'per-client-eval_acc': [0.8391666666666666, 0.825, 0.82875], 'per-client-eval_loss': [0.7165676148732504, 0.6597019815444947, 0.7405080202221871], 'per-client-num-examples': [1200, 400, 1600]}
[92mINFO [0m:      Global evaluation
[92mINFO [0m:      	└──> MetricRecord: {'loss': 0.7662952107489109, 'accuracy': 0.8315, 'f1': 0.830678696130696, 'precision': 0.8304178655285245, 'auc': 0.9569617083333334}
[92mINFO [0m:      
[92mINFO [0m:      [ROUND 15/20]
[92mINFO [0m:      configure_train: Sampled 3 nodes (out of 3)
[36m(ClientAppActor pid=3218)[0m /usr/lib/python3.12/multiprocessing/popen_fork.py:66: DeprecationWarning: This process (pid=3218) is multi-threaded, use of fork() may lead to deadlocks in the child.[32m [repeated 3x across cluster][0m
[36m(ClientAppActor pid=3218)[0m   self.pid = os.fork()[32m [repeated 3x across cluster][0m
[92mINFO [0m:      aggregate_train: Received 3 results and 0 failures
[92mINFO [0m:      aggregate_fit: parameters are clipped by value: 5.0000.
[92mINFO [0m:      aggregate_fit: parameters are clipped by value: 5.0000.
[92mINFO [0m:      aggregate_fit: parameters are clipped by value: 5.0000.
[92mINFO [0m:      aggregate_train: Received 3 results and 0 failures
[92mINFO [0m:      aggregate_fit: central DP noise with 0.0125 stdev added
[92mINFO [0m:      	└──> Aggregated MetricRecord: {'train_loss': 0.06406208413493004, 'train_loss_mean': 0.07772328241469223, 'client-ids': [0, 1, 2], 'per-client-num-examples': [4800, 1600, 6400], 'per-client-train_loss': [0.10443550128800173, 0.02792251085396856, 0.04281691459036665], 'per-client-train_loss_mean': [0.08320062940117592, 0.10327933327015489, 0.06722625946096378], 'dp-client-ids': [0, 1, 2], 'dp-update-norms-before-clipping': [9.850159174345814, 5.676084643880794, 10.138544153026107], 'dp-client-clipped': [1, 1, 1], 'dp-num-clients-clipped': 3, 'dp-fraction-clipped': 1.0, 'dp-signal-update-norm': 3.140043876984064, 'dp-parameter-count': 226596, 'dp-expected-noise-l2-norm': 5.950262599247195, 'dp-noise-to-signal-ratio': 1.8949616095690607, 'dp-noise-percent-of-signal': 189.49616095690607, 'global-dp-noise-stdv': 0.012499999999999999}
[92mINFO [0m:      configure_evaluate: Sampled 3 nodes (out of 3)
[92mINFO [0m:      aggregate_evaluate: Received 3 results and 0 failures
[92mINFO [0m:      	└──> Aggregated MetricRecord: {'eval_loss': 0.7067148646712302, 'eval_acc': 0.835, 'client-ids': [0, 1, 2], 'per-client-eval_acc': [0.8391666666666666, 0.835, 0.831875], 'per-client-eval_loss': [0.6963419326146444, 0.6319876062870026, 0.7331763783097267], 'per-client-num-examples': [1200, 400, 1600]}
[92mINFO [0m:      Global evaluation
[92mINFO [0m:      	└──> MetricRecord: {'loss': 0.7628066782653332, 'accuracy': 0.822, 'f1': 0.8214583808764502, 'precision': 0.821156647148279, 'auc': 0.9579402916666666}
[92mINFO [0m:      
[92mINFO [0m:      [ROUND 16/20]
[92mINFO [0m:      configure_train: Sampled 3 nodes (out of 3)
[36m(ClientAppActor pid=3218)[0m /usr/lib/python3.12/multiprocessing/popen_fork.py:66: DeprecationWarning: This process (pid=3218) is multi-threaded, use of fork() may lead to deadlocks in the child.[32m [repeated 3x across cluster][0m
[36m(ClientAppActor pid=3218)[0m   self.pid = os.fork()[32m [repeated 3x across cluster][0m
[92mINFO [0m:      aggregate_train: Received 3 results and 0 failures
[92mINFO [0m:      aggregate_fit: parameters are clipped by value: 5.0000.
[92mINFO [0m:      aggregate_fit: parameters are clipped by value: 5.0000.
[92mINFO [0m:      aggregate_fit: parameters are clipped by value: 5.0000.
[92mINFO [0m:      aggregate_train: Received 3 results and 0 failures
[92mINFO [0m:      aggregate_fit: central DP noise with 0.0125 stdev added
[92mINFO [0m:      	└──> Aggregated MetricRecord: {'train_loss': 0.05488034374720882, 'train_loss_mean': 0.07233255663487945, 'client-ids': [0, 1, 2], 'per-client-num-examples': [4800, 1600, 6400], 'per-client-train_loss': [0.0550736937376981, 0.03963389686774463, 0.05854694297420792], 'per-client-train_loss_mean': [0.0719598053577356, 0.09610048505943268, 0.066670137986599], 'dp-client-ids': [0, 1, 2], 'dp-update-norms-before-clipping': [9.365736704360168, 5.648708862826059, 10.485312045009893], 'dp-client-clipped': [1, 1, 1], 'dp-num-clients-clipped': 3, 'dp-fraction-clipped': 1.0, 'dp-signal-update-norm': 3.140391799067505, 'dp-parameter-count': 226596, 'dp-expected-noise-l2-norm': 5.950262599247195, 'dp-noise-to-signal-ratio': 1.8947516679332947, 'dp-noise-percent-of-signal': 189.47516679332946, 'global-dp-noise-stdv': 0.012499999999999999}
[92mINFO [0m:      configure_evaluate: Sampled 3 nodes (out of 3)
[92mINFO [0m:      aggregate_evaluate: Received 3 results and 0 failures
[92mINFO [0m:      	└──> Aggregated MetricRecord: {'eval_loss': 0.7637670886516571, 'eval_acc': 0.8215625, 'client-ids': [0, 1, 2], 'per-client-eval_acc': [0.8283333333333334, 0.8275, 0.815], 'per-client-eval_loss': [0.7473303524653117, 0.7289332568645477, 0.7848030987381935], 'per-client-num-examples': [1200, 400, 1600]}
[92mINFO [0m:      Global evaluation
[92mINFO [0m:      	└──> MetricRecord: {'loss': 0.8312546425387264, 'accuracy': 0.8205, 'f1': 0.8203900681621664, 'precision': 0.821497165034248, 'auc': 0.95434925}
[92mINFO [0m:      
[92mINFO [0m:      [ROUND 17/20]
[92mINFO [0m:      configure_train: Sampled 3 nodes (out of 3)
[36m(ClientAppActor pid=3218)[0m /usr/lib/python3.12/multiprocessing/popen_fork.py:66: DeprecationWarning: This process (pid=3218) is multi-threaded, use of fork() may lead to deadlocks in the child.[32m [repeated 3x across cluster][0m
[36m(ClientAppActor pid=3218)[0m   self.pid = os.fork()[32m [repeated 3x across cluster][0m
[92mINFO [0m:      aggregate_train: Received 3 results and 0 failures
[92mINFO [0m:      aggregate_fit: parameters are clipped by value: 5.0000.
[92mINFO [0m:      aggregate_fit: parameters are clipped by value: 5.0000.
[92mINFO [0m:      aggregate_fit: parameters are clipped by value: 5.0000.
[92mINFO [0m:      aggregate_train: Received 3 results and 0 failures
[92mINFO [0m:      aggregate_fit: central DP noise with 0.0125 stdev added
[92mINFO [0m:      	└──> Aggregated MetricRecord: {'train_loss': 0.04742160135589074, 'train_loss_mean': 0.064432449756001, 'client-ids': [0, 1, 2], 'per-client-num-examples': [4800, 1600, 6400], 'per-client-train_loss': [0.058414602169456584, 0.03230235327966511, 0.04295666276477277], 'per-client-train_loss_mean': [0.06778472506503264, 0.08209372048126534, 0.05750292559291119], 'dp-client-ids': [0, 1, 2], 'dp-update-norms-before-clipping': [9.521939344431614, 5.362122527855985, 10.59797027277605], 'dp-client-clipped': [1, 1, 1], 'dp-num-clients-clipped': 3, 'dp-fraction-clipped': 1.0, 'dp-signal-update-norm': 3.147981483344723, 'dp-parameter-count': 226596, 'dp-expected-noise-l2-norm': 5.950262599247195, 'dp-noise-to-signal-ratio': 1.8901834812970548, 'dp-noise-percent-of-signal': 189.0183481297055, 'global-dp-noise-stdv': 0.012499999999999999}
[92mINFO [0m:      configure_evaluate: Sampled 3 nodes (out of 3)
[92mINFO [0m:      aggregate_evaluate: Received 3 results and 0 failures
[92mINFO [0m:      	└──> Aggregated MetricRecord: {'eval_loss': 0.8049991519749164, 'eval_acc': 0.8240624999999999, 'client-ids': [0, 1, 2], 'per-client-eval_acc': [0.8266666666666667, 0.8375, 0.81875], 'per-client-eval_loss': [0.7953279312451681, 0.7660970389842987, 0.8219780957698822], 'per-client-num-examples': [1200, 400, 1600]}
[92mINFO [0m:      Global evaluation
[92mINFO [0m:      	└──> MetricRecord: {'loss': 0.8716034566760064, 'accuracy': 0.817, 'f1': 0.8180483302652674, 'precision': 0.8204523494398476, 'auc': 0.9551710833333333}
[92mINFO [0m:      
[92mINFO [0m:      [ROUND 18/20]
[92mINFO [0m:      configure_train: Sampled 3 nodes (out of 3)
[36m(ClientAppActor pid=3218)[0m /usr/lib/python3.12/multiprocessing/popen_fork.py:66: DeprecationWarning: This process (pid=3218) is multi-threaded, use of fork() may lead to deadlocks in the child.[32m [repeated 3x across cluster][0m
[36m(ClientAppActor pid=3218)[0m   self.pid = os.fork()[32m [repeated 3x across cluster][0m
[92mINFO [0m:      aggregate_train: Received 3 results and 0 failures
[92mINFO [0m:      aggregate_fit: parameters are clipped by value: 5.0000.
[92mINFO [0m:      aggregate_fit: parameters are clipped by value: 5.0000.
[92mINFO [0m:      aggregate_fit: parameters are clipped by value: 5.0000.
[92mINFO [0m:      aggregate_train: Received 3 results and 0 failures
[92mINFO [0m:      aggregate_fit: central DP noise with 0.0125 stdev added
[92mINFO [0m:      	└──> Aggregated MetricRecord: {'train_loss': 0.041474828553327826, 'train_loss_mean': 0.06365190740238176, 'client-ids': [0, 1, 2], 'per-client-num-examples': [4800, 1600, 6400], 'per-client-train_loss': [0.05218010102553914, 0.015128521549049765, 0.04003245095023886], 'per-client-train_loss_mean': [0.06547643207261959, 0.08776041566696949, 0.05625638683355646], 'dp-client-ids': [0, 1, 2], 'dp-update-norms-before-clipping': [9.609582504194046, 5.1723917190997115, 10.562347025457115], 'dp-client-clipped': [1, 1, 1], 'dp-num-clients-clipped': 3, 'dp-fraction-clipped': 1.0, 'dp-signal-update-norm': 3.1455154888645684, 'dp-parameter-count': 226596, 'dp-expected-noise-l2-norm': 5.950262599247195, 'dp-noise-to-signal-ratio': 1.8916653312665936, 'dp-noise-percent-of-signal': 189.16653312665937, 'global-dp-noise-stdv': 0.012499999999999999}
[92mINFO [0m:      configure_evaluate: Sampled 3 nodes (out of 3)
[92mINFO [0m:      aggregate_evaluate: Received 3 results and 0 failures
[92mINFO [0m:      	└──> Aggregated MetricRecord: {'eval_loss': 0.8442631220817566, 'eval_acc': 0.82375, 'client-ids': [0, 1, 2], 'per-client-eval_acc': [0.8275, 0.84, 0.816875], 'per-client-eval_loss': [0.8012417499224345, 0.7289355552196503, 0.9053610429167748], 'per-client-num-examples': [1200, 400, 1600]}
[92mINFO [0m:      Global evaluation
[92mINFO [0m:      	└──> MetricRecord: {'loss': 0.9138430871069432, 'accuracy': 0.815, 'f1': 0.8144268390728924, 'precision': 0.8146310930552279, 'auc': 0.9537273749999999}
[92mINFO [0m:      
[92mINFO [0m:      [ROUND 19/20]
[92mINFO [0m:      configure_train: Sampled 3 nodes (out of 3)
[36m(ClientAppActor pid=3218)[0m /usr/lib/python3.12/multiprocessing/popen_fork.py:66: DeprecationWarning: This process (pid=3218) is multi-threaded, use of fork() may lead to deadlocks in the child.[32m [repeated 3x across cluster][0m
[36m(ClientAppActor pid=3218)[0m   self.pid = os.fork()[32m [repeated 3x across cluster][0m
[92mINFO [0m:      aggregate_train: Received 3 results and 0 failures
[92mINFO [0m:      aggregate_fit: parameters are clipped by value: 5.0000.
[92mINFO [0m:      aggregate_fit: parameters are clipped by value: 5.0000.
[92mINFO [0m:      aggregate_fit: parameters are clipped by value: 5.0000.
[92mINFO [0m:      aggregate_train: Received 3 results and 0 failures
[92mINFO [0m:      aggregate_fit: central DP noise with 0.0125 stdev added
[92mINFO [0m:      	└──> Aggregated MetricRecord: {'train_loss': 0.04978427846028353, 'train_loss_mean': 0.05920809910354728, 'client-ids': [0, 1, 2], 'per-client-num-examples': [4800, 1600, 6400], 'per-client-train_loss': [0.048681839240404465, 0.012864242749055848, 0.05984111680299975], 'per-client-train_loss_mean': [0.06169543137246122, 0.07735394543106668, 0.05280613831998199], 'dp-client-ids': [0, 1, 2], 'dp-update-norms-before-clipping': [9.483426393250536, 5.3007532968205915, 10.82333353516276], 'dp-client-clipped': [1, 1, 1], 'dp-num-clients-clipped': 3, 'dp-fraction-clipped': 1.0, 'dp-signal-update-norm': 3.1394928596762055, 'dp-parameter-count': 226596, 'dp-expected-noise-l2-norm': 5.950262599247195, 'dp-noise-to-signal-ratio': 1.8952941972484312, 'dp-noise-percent-of-signal': 189.5294197248431, 'global-dp-noise-stdv': 0.012499999999999999}
[92mINFO [0m:      configure_evaluate: Sampled 3 nodes (out of 3)
[92mINFO [0m:      aggregate_evaluate: Received 3 results and 0 failures
[92mINFO [0m:      	└──> Aggregated MetricRecord: {'eval_loss': 0.8473108796775342, 'eval_acc': 0.8206249999999999, 'client-ids': [0, 1, 2], 'per-client-eval_acc': [0.8275, 0.8225, 0.815], 'per-client-eval_loss': [0.8315040715535482, 0.8003561401367187, 0.8709046706557274], 'per-client-num-examples': [1200, 400, 1600]}
[92mINFO [0m:      Global evaluation
[92mINFO [0m:      	└──> MetricRecord: {'loss': 0.905260978255421, 'accuracy': 0.812, 'f1': 0.8122830166692019, 'precision': 0.8131895821811147, 'auc': 0.9553075416666668}
[92mINFO [0m:      
[92mINFO [0m:      [ROUND 20/20]
[92mINFO [0m:      configure_train: Sampled 3 nodes (out of 3)
[36m(ClientAppActor pid=3218)[0m /usr/lib/python3.12/multiprocessing/popen_fork.py:66: DeprecationWarning: This process (pid=3218) is multi-threaded, use of fork() may lead to deadlocks in the child.[32m [repeated 3x across cluster][0m
[36m(ClientAppActor pid=3218)[0m   self.pid = os.fork()[32m [repeated 3x across cluster][0m
[92mINFO [0m:      aggregate_train: Received 3 results and 0 failures
[92mINFO [0m:      aggregate_fit: parameters are clipped by value: 5.0000.
[92mINFO [0m:      aggregate_fit: parameters are clipped by value: 5.0000.
[92mINFO [0m:      aggregate_fit: parameters are clipped by value: 5.0000.
[92mINFO [0m:      aggregate_train: Received 3 results and 0 failures
[92mINFO [0m:      aggregate_fit: central DP noise with 0.0125 stdev added
[92mINFO [0m:      	└──> Aggregated MetricRecord: {'train_loss': 0.03073187499770938, 'train_loss_mean': 0.0515696486549241, 'client-ids': [0, 1, 2], 'per-client-num-examples': [4800, 1600, 6400], 'per-client-train_loss': [0.02971967250846016, 0.009695440132636577, 0.0367501355809145], 'per-client-train_loss_mean': [0.055689924731540184, 0.07369860177347437, 0.04294720331782446], 'dp-client-ids': [0, 1, 2], 'dp-update-norms-before-clipping': [9.592648071119738, 5.25442056004334, 10.194658699580597], 'dp-client-clipped': [1, 1, 1], 'dp-num-clients-clipped': 3, 'dp-fraction-clipped': 1.0, 'dp-signal-update-norm': 3.1441588747180176, 'dp-parameter-count': 226596, 'dp-expected-noise-l2-norm': 5.950262599247195, 'dp-noise-to-signal-ratio': 1.8924815304636418, 'dp-noise-percent-of-signal': 189.24815304636417, 'global-dp-noise-stdv': 0.012499999999999999}
[92mINFO [0m:      configure_evaluate: Sampled 3 nodes (out of 3)
[92mINFO [0m:      aggregate_evaluate: Received 3 results and 0 failures
[92mINFO [0m:      	└──> Aggregated MetricRecord: {'eval_loss': 0.8507524360716343, 'eval_acc': 0.8225, 'client-ids': [0, 1, 2], 'per-client-eval_acc': [0.8316666666666667, 0.82, 0.81625], 'per-client-eval_loss': [0.8227216641108195, 0.7705160355567933, 0.8918346151709556], 'per-client-num-examples': [1200, 400, 1600]}
[92mINFO [0m:      Global evaluation
[92mINFO [0m:      	└──> MetricRecord: {'loss': 0.9264654496908188, 'accuracy': 0.8225, 'f1': 0.8216882388405851, 'precision': 0.8237994624279945, 'auc': 0.9568062499999999}
[92mINFO [0m:      
[92mINFO [0m:      Strategy execution finished in 269.15s
[92mINFO [0m:      
[92mINFO [0m:      Final results:
[92mINFO [0m:      
[92mINFO [0m:      	Global Arrays:
[92mINFO [0m:      		ArrayRecord (0.866 MB)
[92mINFO [0m:      	
[92mINFO [0m:      	Aggregated ClientApp-side Train Metrics:
[92mINFO [0m:      	{ 1: { 'client-ids': "['0', '1', '2']",
[92mINFO [0m:      	       'dp-client-clipped': "['1', '1', '1']",
[92mINFO [0m:      	       'dp-client-ids': "['0', '1', '2']",
[92mINFO [0m:      	       'dp-expected-noise-l2-norm': '5.9503e+00',
[92mINFO [0m:      	       'dp-fraction-clipped': '1.0000e+00',
[92mINFO [0m:      	       'dp-noise-percent-of-signal': '1.7995e+02',
[92mINFO [0m:      	       'dp-noise-to-signal-ratio': '1.7995e+00',
[92mINFO [0m:      	       'dp-num-clients-clipped': '3',
[92mINFO [0m:      	       'dp-parameter-count': '226596',
[92mINFO [0m:      	       'dp-signal-update-norm': '3.3067e+00',
[92mINFO [0m:      	       'dp-update-norms-before-clipping': "['1.0173e+01', '7.1221e+00', "
[92mINFO [0m:      	                                          "'1.2616e+01']",
[92mINFO [0m:      	       'global-dp-noise-stdv': '1.2500e-02',
[92mINFO [0m:      	       'per-client-num-examples': "['4800', '1600', '6400']",
[92mINFO [0m:      	       'per-client-train_loss': "['7.7109e-01', '9.4822e-01', '7.0881e-01']",
[92mINFO [0m:      	       'per-client-train_loss_mean': "['9.5057e-01', '1.1335e+00', "
[92mINFO [0m:      	                                     "'9.1140e-01']",
[92mINFO [0m:      	       'train_loss': '7.6209e-01',
[92mINFO [0m:      	       'train_loss_mean': '9.5385e-01'},
[92mINFO [0m:      	  2: { 'client-ids': "['0', '1', '2']",
[92mINFO [0m:      	       'dp-client-clipped': "['1', '1', '1']",
[92mINFO [0m:      	       'dp-client-ids': "['0', '1', '2']",
[92mINFO [0m:      	       'dp-expected-noise-l2-norm': '5.9503e+00',
[92mINFO [0m:      	       'dp-fraction-clipped': '1.0000e+00',
[92mINFO [0m:      	       'dp-noise-percent-of-signal': '1.4377e+02',
[92mINFO [0m:      	       'dp-noise-to-signal-ratio': '1.4377e+00',
[92mINFO [0m:      	       'dp-num-clients-clipped': '3',
[92mINFO [0m:      	       'dp-parameter-count': '226596',
[92mINFO [0m:      	       'dp-signal-update-norm': '4.1387e+00',
[92mINFO [0m:      	       'dp-update-norms-before-clipping': "['1.1623e+01', '6.6574e+00', "
[92mINFO [0m:      	                                          "'1.3115e+01']",
[92mINFO [0m:      	       'global-dp-noise-stdv': '1.2500e-02',
[92mINFO [0m:      	       'per-client-num-examples': "['4800', '1600', '6400']",
[92mINFO [0m:      	       'per-client-train_loss': "['6.2351e-01', '7.7205e-01', '6.1671e-01']",
[92mINFO [0m:      	       'per-client-train_loss_mean': "['7.5400e-01', '8.8563e-01', "
[92mINFO [0m:      	                                     "'7.2924e-01']",
[92mINFO [0m:      	       'train_loss': '6.3868e-01',
[92mINFO [0m:      	       'train_loss_mean': '7.5807e-01'},
[92mINFO [0m:      	  3: { 'client-ids': "['0', '1', '2']",
[92mINFO [0m:      	       'dp-client-clipped': "['1', '1', '1']",
[92mINFO [0m:      	       'dp-client-ids': "['0', '1', '2']",
[92mINFO [0m:      	       'dp-expected-noise-l2-norm': '5.9503e+00',
[92mINFO [0m:      	       'dp-fraction-clipped': '1.0000e+00',
[92mINFO [0m:      	       'dp-noise-percent-of-signal': '1.4930e+02',
[92mINFO [0m:      	       'dp-noise-to-signal-ratio': '1.4930e+00',
[92mINFO [0m:      	       'dp-num-clients-clipped': '3',
[92mINFO [0m:      	       'dp-parameter-count': '226596',
[92mINFO [0m:      	       'dp-signal-update-norm': '3.9855e+00',
[92mINFO [0m:      	       'dp-update-norms-before-clipping': "['1.0806e+01', '5.7941e+00', "
[92mINFO [0m:      	                                          "'1.2798e+01']",
[92mINFO [0m:      	       'global-dp-noise-stdv': '1.2500e-02',
[92mINFO [0m:      	       'per-client-num-examples': "['4800', '1600', '6400']",
[92mINFO [0m:      	       'per-client-train_loss': "['5.1421e-01', '5.8103e-01', '4.9987e-01']",
[92mINFO [0m:      	       'per-client-train_loss_mean': "['6.2358e-01', '6.8463e-01', "
[92mINFO [0m:      	                                     "'6.0540e-01']",
[92mINFO [0m:      	       'train_loss': '5.1539e-01',
[92mINFO [0m:      	       'train_loss_mean': '6.2212e-01'},
[92mINFO [0m:      	  4: { 'client-ids': "['0', '1', '2']",
[92mINFO [0m:      	       'dp-client-clipped': "['1', '1', '1']",
[92mINFO [0m:      	       'dp-client-ids': "['0', '1', '2']",
[92mINFO [0m:      	       'dp-expected-noise-l2-norm': '5.9503e+00',
[92mINFO [0m:      	       'dp-fraction-clipped': '1.0000e+00',
[92mINFO [0m:      	       'dp-noise-percent-of-signal': '1.5589e+02',
[92mINFO [0m:      	       'dp-noise-to-signal-ratio': '1.5589e+00',
[92mINFO [0m:      	       'dp-num-clients-clipped': '3',
[92mINFO [0m:      	       'dp-parameter-count': '226596',
[92mINFO [0m:      	       'dp-signal-update-norm': '3.8170e+00',
[92mINFO [0m:      	       'dp-update-norms-before-clipping': "['1.1017e+01', '6.1303e+00', "
[92mINFO [0m:      	                                          "'1.2298e+01']",
[92mINFO [0m:      	       'global-dp-noise-stdv': '1.2500e-02',
[92mINFO [0m:      	       'per-client-num-examples': "['4800', '1600', '6400']",
[92mINFO [0m:      	       'per-client-train_loss': "['3.9064e-01', '4.1939e-01', '4.0416e-01']",
[92mINFO [0m:      	       'per-client-train_loss_mean': "['5.0949e-01', '5.4338e-01', "
[92mINFO [0m:      	                                     "'5.1127e-01']",
[92mINFO [0m:      	       'train_loss': '4.0100e-01',
[92mINFO [0m:      	       'train_loss_mean': '5.1462e-01'},
[92mINFO [0m:      	  5: { 'client-ids': "['0', '1', '2']",
[92mINFO [0m:      	       'dp-client-clipped': "['1', '1', '1']",
[92mINFO [0m:      	       'dp-client-ids': "['0', '1', '2']",
[92mINFO [0m:      	       'dp-expected-noise-l2-norm': '5.9503e+00',
[92mINFO [0m:      	       'dp-fraction-clipped': '1.0000e+00',
[92mINFO [0m:      	       'dp-noise-percent-of-signal': '1.6506e+02',
[92mINFO [0m:      	       'dp-noise-to-signal-ratio': '1.6506e+00',
[92mINFO [0m:      	       'dp-num-clients-clipped': '3',
[92mINFO [0m:      	       'dp-parameter-count': '226596',
[92mINFO [0m:      	       'dp-signal-update-norm': '3.6049e+00',
[92mINFO [0m:      	       'dp-update-norms-before-clipping': "['1.0634e+01', '6.1953e+00', "
[92mINFO [0m:      	                                          "'1.2299e+01']",
[92mINFO [0m:      	       'global-dp-noise-stdv': '1.2500e-02',
[92mINFO [0m:      	       'per-client-num-examples': "['4800', '1600', '6400']",
[92mINFO [0m:      	       'per-client-train_loss': "['3.1230e-01', '2.7765e-01', '2.9675e-01']",
[92mINFO [0m:      	       'per-client-train_loss_mean': "['4.2523e-01', '4.2629e-01', "
[92mINFO [0m:      	                                     "'4.1827e-01']",
[92mINFO [0m:      	       'train_loss': '3.0019e-01',
[92mINFO [0m:      	       'train_loss_mean': '4.2188e-01'},
[92mINFO [0m:      	  6: { 'client-ids': "['0', '1', '2']",
[92mINFO [0m:      	       'dp-client-clipped': "['1', '1', '1']",
[92mINFO [0m:      	       'dp-client-ids': "['0', '1', '2']",
[92mINFO [0m:      	       'dp-expected-noise-l2-norm': '5.9503e+00',
[92mINFO [0m:      	       'dp-fraction-clipped': '1.0000e+00',
[92mINFO [0m:      	       'dp-noise-percent-of-signal': '1.7318e+02',
[92mINFO [0m:      	       'dp-noise-to-signal-ratio': '1.7318e+00',
[92mINFO [0m:      	       'dp-num-clients-clipped': '3',
[92mINFO [0m:      	       'dp-parameter-count': '226596',
[92mINFO [0m:      	       'dp-signal-update-norm': '3.4359e+00',
[92mINFO [0m:      	       'dp-update-norms-before-clipping': "['1.0345e+01', '6.3065e+00', "
[92mINFO [0m:      	                                          "'1.2113e+01']",
[92mINFO [0m:      	       'global-dp-noise-stdv': '1.2500e-02',
[92mINFO [0m:      	       'per-client-num-examples': "['4800', '1600', '6400']",
[92mINFO [0m:      	       'per-client-train_loss': "['2.1368e-01', '2.0867e-01', '2.3218e-01']",
[92mINFO [0m:      	       'per-client-train_loss_mean': "['3.3112e-01', '3.3931e-01', "
[92mINFO [0m:      	                                     "'3.2848e-01']",
[92mINFO [0m:      	       'train_loss': '2.2230e-01',
[92mINFO [0m:      	       'train_loss_mean': '3.3082e-01'},
[92mINFO [0m:      	  7: { 'client-ids': "['0', '1', '2']",
[92mINFO [0m:      	       'dp-client-clipped': "['1', '1', '1']",
[92mINFO [0m:      	       'dp-client-ids': "['0', '1', '2']",
[92mINFO [0m:      	       'dp-expected-noise-l2-norm': '5.9503e+00',
[92mINFO [0m:      	       'dp-fraction-clipped': '1.0000e+00',
[92mINFO [0m:      	       'dp-noise-percent-of-signal': '1.7956e+02',
[92mINFO [0m:      	       'dp-noise-to-signal-ratio': '1.7956e+00',
[92mINFO [0m:      	       'dp-num-clients-clipped': '3',
[92mINFO [0m:      	       'dp-parameter-count': '226596',
[92mINFO [0m:      	       'dp-signal-update-norm': '3.3138e+00',
[92mINFO [0m:      	       'dp-update-norms-before-clipping': "['1.0114e+01', '6.1229e+00', "
[92mINFO [0m:      	                                          "'1.1737e+01']",
[92mINFO [0m:      	       'global-dp-noise-stdv': '1.2500e-02',
[92mINFO [0m:      	       'per-client-num-examples': "['4800', '1600', '6400']",
[92mINFO [0m:      	       'per-client-train_loss': "['1.5828e-01', '1.4354e-01', '1.6773e-01']",
[92mINFO [0m:      	       'per-client-train_loss_mean': "['2.6417e-01', '2.7945e-01', "
[92mINFO [0m:      	                                     "'2.6215e-01']",
[92mINFO [0m:      	       'train_loss': '1.6116e-01',
[92mINFO [0m:      	       'train_loss_mean': '2.6507e-01'},
[92mINFO [0m:      	  8: { 'client-ids': "['0', '1', '2']",
[92mINFO [0m:      	       'dp-client-clipped': "['1', '1', '1']",
[92mINFO [0m:      	       'dp-client-ids': "['0', '1', '2']",
[92mINFO [0m:      	       'dp-expected-noise-l2-norm': '5.9503e+00',
[92mINFO [0m:      	       'dp-fraction-clipped': '1.0000e+00',
[92mINFO [0m:      	       'dp-noise-percent-of-signal': '1.8348e+02',
[92mINFO [0m:      	       'dp-noise-to-signal-ratio': '1.8348e+00',
[92mINFO [0m:      	       'dp-num-clients-clipped': '3',
[92mINFO [0m:      	       'dp-parameter-count': '226596',
[92mINFO [0m:      	       'dp-signal-update-norm': '3.2431e+00',
[92mINFO [0m:      	       'dp-update-norms-before-clipping': "['9.5844e+00', '5.9952e+00', "
[92mINFO [0m:      	                                          "'1.1303e+01']",
[92mINFO [0m:      	       'global-dp-noise-stdv': '1.2500e-02',
[92mINFO [0m:      	       'per-client-num-examples': "['4800', '1600', '6400']",
[92mINFO [0m:      	       'per-client-train_loss': "['1.0944e-01', '9.0686e-02', '1.1795e-01']",
[92mINFO [0m:      	       'per-client-train_loss_mean': "['2.0448e-01', '2.2392e-01', "
[92mINFO [0m:      	                                     "'1.9976e-01']",
[92mINFO [0m:      	       'train_loss': '1.1135e-01',
[92mINFO [0m:      	       'train_loss_mean': '2.0455e-01'},
[92mINFO [0m:      	  9: { 'client-ids': "['0', '1', '2']",
[92mINFO [0m:      	       'dp-client-clipped': "['1', '1', '1']",
[92mINFO [0m:      	       'dp-client-ids': "['0', '1', '2']",
[92mINFO [0m:      	       'dp-expected-noise-l2-norm': '5.9503e+00',
[92mINFO [0m:      	       'dp-fraction-clipped': '1.0000e+00',
[92mINFO [0m:      	       'dp-noise-percent-of-signal': '1.8688e+02',
[92mINFO [0m:      	       'dp-noise-to-signal-ratio': '1.8688e+00',
[92mINFO [0m:      	       'dp-num-clients-clipped': '3',
[92mINFO [0m:      	       'dp-parameter-count': '226596',
[92mINFO [0m:      	       'dp-signal-update-norm': '3.1840e+00',
[92mINFO [0m:      	       'dp-update-norms-before-clipping': "['9.4711e+00', '5.7746e+00', "
[92mINFO [0m:      	                                          "'1.0725e+01']",
[92mINFO [0m:      	       'global-dp-noise-stdv': '1.2500e-02',
[92mINFO [0m:      	       'per-client-num-examples': "['4800', '1600', '6400']",
[92mINFO [0m:      	       'per-client-train_loss': "['1.1715e-01', '7.4497e-02', '1.0073e-01']",
[92mINFO [0m:      	       'per-client-train_loss_mean': "['1.6930e-01', '1.9222e-01', "
[92mINFO [0m:      	                                     "'1.5923e-01']",
[92mINFO [0m:      	       'train_loss': '1.0361e-01',
[92mINFO [0m:      	       'train_loss_mean': '1.6713e-01'},
[92mINFO [0m:      	  10: { 'client-ids': "['0', '1', '2']",
[92mINFO [0m:      	        'dp-client-clipped': "['1', '1', '1']",
[92mINFO [0m:      	        'dp-client-ids': "['0', '1', '2']",
[92mINFO [0m:      	        'dp-expected-noise-l2-norm': '5.9503e+00',
[92mINFO [0m:      	        'dp-fraction-clipped': '1.0000e+00',
[92mINFO [0m:      	        'dp-noise-percent-of-signal': '1.8858e+02',
[92mINFO [0m:      	        'dp-noise-to-signal-ratio': '1.8858e+00',
[92mINFO [0m:      	        'dp-num-clients-clipped': '3',
[92mINFO [0m:      	        'dp-parameter-count': '226596',
[92mINFO [0m:      	        'dp-signal-update-norm': '3.1553e+00',
[92mINFO [0m:      	        'dp-update-norms-before-clipping': "['9.1553e+00', '5.6035e+00', "
[92mINFO [0m:      	                                           "'1.0572e+01']",
[92mINFO [0m:      	        'global-dp-noise-stdv': '1.2500e-02',
[92mINFO [0m:      	        'per-client-num-examples': "['4800', '1600', '6400']",
[92mINFO [0m:      	        'per-client-train_loss': "['8.6369e-02', '4.3172e-02', '7.1455e-02']",
[92mINFO [0m:      	        'per-client-train_loss_mean': "['1.3986e-01', '1.5216e-01', "
[92mINFO [0m:      	                                      "'1.2633e-01']",
[92mINFO [0m:      	        'train_loss': '7.3512e-02',
[92mINFO [0m:      	        'train_loss_mean': '1.3463e-01'},
[92mINFO [0m:      	  11: { 'client-ids': "['0', '1', '2']",
[92mINFO [0m:      	        'dp-client-clipped': "['1', '1', '1']",
[92mINFO [0m:      	        'dp-client-ids': "['0', '1', '2']",
[92mINFO [0m:      	        'dp-expected-noise-l2-norm': '5.9503e+00',
[92mINFO [0m:      	        'dp-fraction-clipped': '1.0000e+00',
[92mINFO [0m:      	        'dp-noise-percent-of-signal': '1.8934e+02',
[92mINFO [0m:      	        'dp-noise-to-signal-ratio': '1.8934e+00',
[92mINFO [0m:      	        'dp-num-clients-clipped': '3',
[92mINFO [0m:      	        'dp-parameter-count': '226596',
[92mINFO [0m:      	        'dp-signal-update-norm': '3.1426e+00',
[92mINFO [0m:      	        'dp-update-norms-before-clipping': "['9.2731e+00', '5.6801e+00', "
[92mINFO [0m:      	                                           "'1.0559e+01']",
[92mINFO [0m:      	        'global-dp-noise-stdv': '1.2500e-02',
[92mINFO [0m:      	        'per-client-num-examples': "['4800', '1600', '6400']",
[92mINFO [0m:      	        'per-client-train_loss': "['8.6648e-02', '6.1183e-02', '7.9202e-02']",
[92mINFO [0m:      	        'per-client-train_loss_mean': "['1.2327e-01', '1.5181e-01', "
[92mINFO [0m:      	                                      "'1.1302e-01']",
[92mINFO [0m:      	        'train_loss': '7.9742e-02',
[92mINFO [0m:      	        'train_loss_mean': '1.2172e-01'},
[92mINFO [0m:      	  12: { 'client-ids': "['0', '1', '2']",
[92mINFO [0m:      	        'dp-client-clipped': "['1', '1', '1']",
[92mINFO [0m:      	        'dp-client-ids': "['0', '1', '2']",
[92mINFO [0m:      	        'dp-expected-noise-l2-norm': '5.9503e+00',
[92mINFO [0m:      	        'dp-fraction-clipped': '1.0000e+00',
[92mINFO [0m:      	        'dp-noise-percent-of-signal': '1.9079e+02',
[92mINFO [0m:      	        'dp-noise-to-signal-ratio': '1.9079e+00',
[92mINFO [0m:      	        'dp-num-clients-clipped': '3',
[92mINFO [0m:      	        'dp-parameter-count': '226596',
[92mINFO [0m:      	        'dp-signal-update-norm': '3.1187e+00',
[92mINFO [0m:      	        'dp-update-norms-before-clipping': "['9.1549e+00', '5.3473e+00', "
[92mINFO [0m:      	                                           "'1.0395e+01']",
[92mINFO [0m:      	        'global-dp-noise-stdv': '1.2500e-02',
[92mINFO [0m:      	        'per-client-num-examples': "['4800', '1600', '6400']",
[92mINFO [0m:      	        'per-client-train_loss': "['5.9608e-02', '3.8223e-02', '7.7793e-02']",
[92mINFO [0m:      	        'per-client-train_loss_mean': "['1.0075e-01', '1.3324e-01', "
[92mINFO [0m:      	                                      "'9.3496e-02']",
[92mINFO [0m:      	        'train_loss': '6.6028e-02',
[92mINFO [0m:      	        'train_loss_mean': '1.0119e-01'},
[92mINFO [0m:      	  13: { 'client-ids': "['0', '1', '2']",
[92mINFO [0m:      	        'dp-client-clipped': "['1', '1', '1']",
[92mINFO [0m:      	        'dp-client-ids': "['0', '1', '2']",
[92mINFO [0m:      	        'dp-expected-noise-l2-norm': '5.9503e+00',
[92mINFO [0m:      	        'dp-fraction-clipped': '1.0000e+00',
[92mINFO [0m:      	        'dp-noise-percent-of-signal': '1.8907e+02',
[92mINFO [0m:      	        'dp-noise-to-signal-ratio': '1.8907e+00',
[92mINFO [0m:      	        'dp-num-clients-clipped': '3',
[92mINFO [0m:      	        'dp-parameter-count': '226596',
[92mINFO [0m:      	        'dp-signal-update-norm': '3.1471e+00',
[92mINFO [0m:      	        'dp-update-norms-before-clipping': "['9.0672e+00', '5.2528e+00', "
[92mINFO [0m:      	                                           "'1.0372e+01']",
[92mINFO [0m:      	        'global-dp-noise-stdv': '1.2500e-02',
[92mINFO [0m:      	        'per-client-num-examples': "['4800', '1600', '6400']",
[92mINFO [0m:      	        'per-client-train_loss': "['8.0595e-02', '2.6530e-02', '5.6113e-02']",
[92mINFO [0m:      	        'per-client-train_loss_mean': "['8.9364e-02', '1.1441e-01', "
[92mINFO [0m:      	                                      "'8.0487e-02']",
[92mINFO [0m:      	        'train_loss': '6.1596e-02',
[92mINFO [0m:      	        'train_loss_mean': '8.8057e-02'},
[92mINFO [0m:      	  14: { 'client-ids': "['0', '1', '2']",
[92mINFO [0m:      	        'dp-client-clipped': "['1', '1', '1']",
[92mINFO [0m:      	        'dp-client-ids': "['0', '1', '2']",
[92mINFO [0m:      	        'dp-expected-noise-l2-norm': '5.9503e+00',
[92mINFO [0m:      	        'dp-fraction-clipped': '1.0000e+00',
[92mINFO [0m:      	        'dp-noise-percent-of-signal': '1.9068e+02',
[92mINFO [0m:      	        'dp-noise-to-signal-ratio': '1.9068e+00',
[92mINFO [0m:      	        'dp-num-clients-clipped': '3',
[92mINFO [0m:      	        'dp-parameter-count': '226596',
[92mINFO [0m:      	        'dp-signal-update-norm': '3.1205e+00',
[92mINFO [0m:      	        'dp-update-norms-before-clipping': "['9.2374e+00', '5.8194e+00', "
[92mINFO [0m:      	                                           "'1.0421e+01']",
[92mINFO [0m:      	        'global-dp-noise-stdv': '1.2500e-02',
[92mINFO [0m:      	        'per-client-num-examples': "['4800', '1600', '6400']",
[92mINFO [0m:      	        'per-client-train_loss': "['5.9513e-02', '6.2930e-02', '6.5796e-02']",
[92mINFO [0m:      	        'per-client-train_loss_mean': "['8.3358e-02', '1.1836e-01', "
[92mINFO [0m:      	                                      "'7.8746e-02']",
[92mINFO [0m:      	        'train_loss': '6.3082e-02',
[92mINFO [0m:      	        'train_loss_mean': '8.5427e-02'},
[92mINFO [0m:      	  15: { 'client-ids': "['0', '1', '2']",
[92mINFO [0m:      	        'dp-client-clipped': "['1', '1', '1']",
[92mINFO [0m:      	        'dp-client-ids': "['0', '1', '2']",
[92mINFO [0m:      	        'dp-expected-noise-l2-norm': '5.9503e+00',
[92mINFO [0m:      	        'dp-fraction-clipped': '1.0000e+00',
[92mINFO [0m:      	        'dp-noise-percent-of-signal': '1.8950e+02',
[92mINFO [0m:      	        'dp-noise-to-signal-ratio': '1.8950e+00',
[92mINFO [0m:      	        'dp-num-clients-clipped': '3',
[92mINFO [0m:      	        'dp-parameter-count': '226596',
[92mINFO [0m:      	        'dp-signal-update-norm': '3.1400e+00',
[92mINFO [0m:      	        'dp-update-norms-before-clipping': "['9.8502e+00', '5.6761e+00', "
[92mINFO [0m:      	                                           "'1.0139e+01']",
[92mINFO [0m:      	        'global-dp-noise-stdv': '1.2500e-02',
[92mINFO [0m:      	        'per-client-num-examples': "['4800', '1600', '6400']",
[92mINFO [0m:      	        'per-client-train_loss': "['1.0444e-01', '2.7923e-02', '4.2817e-02']",
[92mINFO [0m:      	        'per-client-train_loss_mean': "['8.3201e-02', '1.0328e-01', "
[92mINFO [0m:      	                                      "'6.7226e-02']",
[92mINFO [0m:      	        'train_loss': '6.4062e-02',
[92mINFO [0m:      	        'train_loss_mean': '7.7723e-02'},
[92mINFO [0m:      	  16: { 'client-ids': "['0', '1', '2']",
[92mINFO [0m:      	        'dp-client-clipped': "['1', '1', '1']",
[92mINFO [0m:      	        'dp-client-ids': "['0', '1', '2']",
[92mINFO [0m:      	        'dp-expected-noise-l2-norm': '5.9503e+00',
[92mINFO [0m:      	        'dp-fraction-clipped': '1.0000e+00',
[92mINFO [0m:      	        'dp-noise-percent-of-signal': '1.8948e+02',
[92mINFO [0m:      	        'dp-noise-to-signal-ratio': '1.8948e+00',
[92mINFO [0m:      	        'dp-num-clients-clipped': '3',
[92mINFO [0m:      	        'dp-parameter-count': '226596',
[92mINFO [0m:      	        'dp-signal-update-norm': '3.1404e+00',
[92mINFO [0m:      	        'dp-update-norms-before-clipping': "['9.3657e+00', '5.6487e+00', "
[92mINFO [0m:      	                                           "'1.0485e+01']",
[92mINFO [0m:      	        'global-dp-noise-stdv': '1.2500e-02',
[92mINFO [0m:      	        'per-client-num-examples': "['4800', '1600', '6400']",
[92mINFO [0m:      	        'per-client-train_loss': "['5.5074e-02', '3.9634e-02', '5.8547e-02']",
[92mINFO [0m:      	        'per-client-train_loss_mean': "['7.1960e-02', '9.6100e-02', "
[92mINFO [0m:      	                                      "'6.6670e-02']",
[92mINFO [0m:      	        'train_loss': '5.4880e-02',
[92mINFO [0m:      	        'train_loss_mean': '7.2333e-02'},
[92mINFO [0m:      	  17: { 'client-ids': "['0', '1', '2']",
[92mINFO [0m:      	        'dp-client-clipped': "['1', '1', '1']",
[92mINFO [0m:      	        'dp-client-ids': "['0', '1', '2']",
[92mINFO [0m:      	        'dp-expected-noise-l2-norm': '5.9503e+00',
[92mINFO [0m:      	        'dp-fraction-clipped': '1.0000e+00',
[92mINFO [0m:      	        'dp-noise-percent-of-signal': '1.8902e+02',
[92mINFO [0m:      	        'dp-noise-to-signal-ratio': '1.8902e+00',
[92mINFO [0m:      	        'dp-num-clients-clipped': '3',
[92mINFO [0m:      	        'dp-parameter-count': '226596',
[92mINFO [0m:      	        'dp-signal-update-norm': '3.1480e+00',
[92mINFO [0m:      	        'dp-update-norms-before-clipping': "['9.5219e+00', '5.3621e+00', "
[92mINFO [0m:      	                                           "'1.0598e+01']",
[92mINFO [0m:      	        'global-dp-noise-stdv': '1.2500e-02',
[92mINFO [0m:      	        'per-client-num-examples': "['4800', '1600', '6400']",
[92mINFO [0m:      	        'per-client-train_loss': "['5.8415e-02', '3.2302e-02', '4.2957e-02']",
[92mINFO [0m:      	        'per-client-train_loss_mean': "['6.7785e-02', '8.2094e-02', "
[92mINFO [0m:      	                                      "'5.7503e-02']",
[92mINFO [0m:      	        'train_loss': '4.7422e-02',
[92mINFO [0m:      	        'train_loss_mean': '6.4432e-02'},
[92mINFO [0m:      	  18: { 'client-ids': "['0', '1', '2']",
[92mINFO [0m:      	        'dp-client-clipped': "['1', '1', '1']",
[92mINFO [0m:      	        'dp-client-ids': "['0', '1', '2']",
[92mINFO [0m:      	        'dp-expected-noise-l2-norm': '5.9503e+00',
[92mINFO [0m:      	        'dp-fraction-clipped': '1.0000e+00',
[92mINFO [0m:      	        'dp-noise-percent-of-signal': '1.8917e+02',
[92mINFO [0m:      	        'dp-noise-to-signal-ratio': '1.8917e+00',
[92mINFO [0m:      	        'dp-num-clients-clipped': '3',
[92mINFO [0m:      	        'dp-parameter-count': '226596',
[92mINFO [0m:      	        'dp-signal-update-norm': '3.1455e+00',
[92mINFO [0m:      	        'dp-update-norms-before-clipping': "['9.6096e+00', '5.1724e+00', "
[92mINFO [0m:      	                                           "'1.0562e+01']",
[92mINFO [0m:      	        'global-dp-noise-stdv': '1.2500e-02',
[92mINFO [0m:      	        'per-client-num-examples': "['4800', '1600', '6400']",
[92mINFO [0m:      	        'per-client-train_loss': "['5.2180e-02', '1.5129e-02', '4.0032e-02']",
[92mINFO [0m:      	        'per-client-train_loss_mean': "['6.5476e-02', '8.7760e-02', "
[92mINFO [0m:      	                                      "'5.6256e-02']",
[92mINFO [0m:      	        'train_loss': '4.1475e-02',
[92mINFO [0m:      	        'train_loss_mean': '6.3652e-02'},
[92mINFO [0m:      	  19: { 'client-ids': "['0', '1', '2']",
[92mINFO [0m:      	        'dp-client-clipped': "['1', '1', '1']",
[92mINFO [0m:      	        'dp-client-ids': "['0', '1', '2']",
[92mINFO [0m:      	        'dp-expected-noise-l2-norm': '5.9503e+00',
[92mINFO [0m:      	        'dp-fraction-clipped': '1.0000e+00',
[92mINFO [0m:      	        'dp-noise-percent-of-signal': '1.8953e+02',
[92mINFO [0m:      	        'dp-noise-to-signal-ratio': '1.8953e+00',
[92mINFO [0m:      	        'dp-num-clients-clipped': '3',
[92mINFO [0m:      	        'dp-parameter-count': '226596',
[92mINFO [0m:      	        'dp-signal-update-norm': '3.1395e+00',
[92mINFO [0m:      	        'dp-update-norms-before-clipping': "['9.4834e+00', '5.3008e+00', "
[92mINFO [0m:      	                                           "'1.0823e+01']",
[92mINFO [0m:      	        'global-dp-noise-stdv': '1.2500e-02',
[92mINFO [0m:      	        'per-client-num-examples': "['4800', '1600', '6400']",
[92mINFO [0m:      	        'per-client-train_loss': "['4.8682e-02', '1.2864e-02', '5.9841e-02']",
[92mINFO [0m:      	        'per-client-train_loss_mean': "['6.1695e-02', '7.7354e-02', "
[92mINFO [0m:      	                                      "'5.2806e-02']",
[92mINFO [0m:      	        'train_loss': '4.9784e-02',
[92mINFO [0m:      	        'train_loss_mean': '5.9208e-02'},
[92mINFO [0m:      	  20: { 'client-ids': "['0', '1', '2']",
[92mINFO [0m:      	        'dp-client-clipped': "['1', '1', '1']",
[92mINFO [0m:      	        'dp-client-ids': "['0', '1', '2']",
[92mINFO [0m:      	        'dp-expected-noise-l2-norm': '5.9503e+00',
[92mINFO [0m:      	        'dp-fraction-clipped': '1.0000e+00',
[92mINFO [0m:      	        'dp-noise-percent-of-signal': '1.8925e+02',
[92mINFO [0m:      	        'dp-noise-to-signal-ratio': '1.8925e+00',
[92mINFO [0m:      	        'dp-num-clients-clipped': '3',
[92mINFO [0m:      	        'dp-parameter-count': '226596',
[92mINFO [0m:      	        'dp-signal-update-norm': '3.1442e+00',
[92mINFO [0m:      	        'dp-update-norms-before-clipping': "['9.5926e+00', '5.2544e+00', "
[92mINFO [0m:      	                                           "'1.0195e+01']",
[92mINFO [0m:      	        'global-dp-noise-stdv': '1.2500e-02',
[92mINFO [0m:      	        'per-client-num-examples': "['4800', '1600', '6400']",
[92mINFO [0m:      	        'per-client-train_loss': "['2.9720e-02', '9.6954e-03', '3.6750e-02']",
[92mINFO [0m:      	        'per-client-train_loss_mean': "['5.5690e-02', '7.3699e-02', "
[92mINFO [0m:      	                                      "'4.2947e-02']",
[92mINFO [0m:      	        'train_loss': '3.0732e-02',
[92mINFO [0m:      	        'train_loss_mean': '5.1570e-02'}}
[92mINFO [0m:      	
[92mINFO [0m:      	Aggregated ClientApp-side Evaluate Metrics:
[92mINFO [0m:      	{ 1: { 'client-ids': "['0', '1', '2']",
[92mINFO [0m:      	       'eval_acc': '2.5031e-01',
[92mINFO [0m:      	       'eval_loss': '1.3784e+00',
[92mINFO [0m:      	       'per-client-eval_acc': "['2.5083e-01', '2.5500e-01', '2.4875e-01']",
[92mINFO [0m:      	       'per-client-eval_loss': "['1.3791e+00', '1.3756e+00', '1.3785e+00']",
[92mINFO [0m:      	       'per-client-num-examples': "['1200', '400', '1600']"},
[92mINFO [0m:      	  2: { 'client-ids': "['0', '1', '2']",
[92mINFO [0m:      	       'eval_acc': '6.4469e-01',
[92mINFO [0m:      	       'eval_loss': '1.1676e+00',
[92mINFO [0m:      	       'per-client-eval_acc': "['6.4583e-01', '6.4250e-01', '6.4438e-01']",
[92mINFO [0m:      	       'per-client-eval_loss': "['1.1670e+00', '1.1690e+00', '1.1677e+00']",
[92mINFO [0m:      	       'per-client-num-examples': "['1200', '400', '1600']"},
[92mINFO [0m:      	  3: { 'client-ids': "['0', '1', '2']",
[92mINFO [0m:      	       'eval_acc': '7.7406e-01',
[92mINFO [0m:      	       'eval_loss': '8.2813e-01',
[92mINFO [0m:      	       'per-client-eval_acc': "['7.8833e-01', '7.5000e-01', '7.6938e-01']",
[92mINFO [0m:      	       'per-client-eval_loss': "['8.2040e-01', '8.4232e-01', '8.3038e-01']",
[92mINFO [0m:      	       'per-client-num-examples': "['1200', '400', '1600']"},
[92mINFO [0m:      	  4: { 'client-ids': "['0', '1', '2']",
[92mINFO [0m:      	       'eval_acc': '7.6844e-01',
[92mINFO [0m:      	       'eval_loss': '6.2580e-01',
[92mINFO [0m:      	       'per-client-eval_acc': "['7.7667e-01', '7.4750e-01', '7.6750e-01']",
[92mINFO [0m:      	       'per-client-eval_loss': "['6.1413e-01', '6.3155e-01', '6.3312e-01']",
[92mINFO [0m:      	       'per-client-num-examples': "['1200', '400', '1600']"},
[92mINFO [0m:      	  5: { 'client-ids': "['0', '1', '2']",
[92mINFO [0m:      	       'eval_acc': '8.0156e-01',
[92mINFO [0m:      	       'eval_loss': '5.1467e-01',
[92mINFO [0m:      	       'per-client-eval_acc': "['8.1667e-01', '7.9750e-01', '7.9125e-01']",
[92mINFO [0m:      	       'per-client-eval_loss': "['5.0074e-01', '5.0633e-01', '5.2721e-01']",
[92mINFO [0m:      	       'per-client-num-examples': "['1200', '400', '1600']"},
[92mINFO [0m:      	  6: { 'client-ids': "['0', '1', '2']",
[92mINFO [0m:      	       'eval_acc': '8.0094e-01',
[92mINFO [0m:      	       'eval_loss': '5.1075e-01',
[92mINFO [0m:      	       'per-client-eval_acc': "['8.1000e-01', '8.0500e-01', '7.9312e-01']",
[92mINFO [0m:      	       'per-client-eval_loss': "['4.9369e-01', '5.1222e-01', '5.2317e-01']",
[92mINFO [0m:      	       'per-client-num-examples': "['1200', '400', '1600']"},
[92mINFO [0m:      	  7: { 'client-ids': "['0', '1', '2']",
[92mINFO [0m:      	       'eval_acc': '7.8406e-01',
[92mINFO [0m:      	       'eval_loss': '6.0861e-01',
[92mINFO [0m:      	       'per-client-eval_acc': "['7.8167e-01', '8.0500e-01', '7.8063e-01']",
[92mINFO [0m:      	       'per-client-eval_loss': "['5.9081e-01', '6.3084e-01', '6.1640e-01']",
[92mINFO [0m:      	       'per-client-num-examples': "['1200', '400', '1600']"},
[92mINFO [0m:      	  8: { 'client-ids': "['0', '1', '2']",
[92mINFO [0m:      	       'eval_acc': '8.1031e-01',
[92mINFO [0m:      	       'eval_loss': '5.7887e-01',
[92mINFO [0m:      	       'per-client-eval_acc': "['8.1583e-01', '8.0750e-01', '8.0688e-01']",
[92mINFO [0m:      	       'per-client-eval_loss': "['5.6278e-01', '5.8640e-01', '5.8905e-01']",
[92mINFO [0m:      	       'per-client-num-examples': "['1200', '400', '1600']"},
[92mINFO [0m:      	  9: { 'client-ids': "['0', '1', '2']",
[92mINFO [0m:      	       'eval_acc': '8.2562e-01',
[92mINFO [0m:      	       'eval_loss': '5.7359e-01',
[92mINFO [0m:      	       'per-client-eval_acc': "['8.3583e-01', '8.2500e-01', '8.1812e-01']",
[92mINFO [0m:      	       'per-client-eval_loss': "['5.6610e-01', '5.7750e-01', '5.7824e-01']",
[92mINFO [0m:      	       'per-client-num-examples': "['1200', '400', '1600']"},
[92mINFO [0m:      	  10: { 'client-ids': "['0', '1', '2']",
[92mINFO [0m:      	        'eval_acc': '8.2594e-01',
[92mINFO [0m:      	        'eval_loss': '6.2436e-01',
[92mINFO [0m:      	        'per-client-eval_acc': "['8.3500e-01', '8.1750e-01', '8.2125e-01']",
[92mINFO [0m:      	        'per-client-eval_loss': "['6.1150e-01', '6.2149e-01', '6.3473e-01']",
[92mINFO [0m:      	        'per-client-num-examples': "['1200', '400', '1600']"},
[92mINFO [0m:      	  11: { 'client-ids': "['0', '1', '2']",
[92mINFO [0m:      	        'eval_acc': '8.2875e-01',
[92mINFO [0m:      	        'eval_loss': '6.5353e-01',
[92mINFO [0m:      	        'per-client-eval_acc': "['8.3667e-01', '8.3250e-01', '8.2188e-01']",
[92mINFO [0m:      	        'per-client-eval_loss': "['6.3884e-01', '6.3881e-01', '6.6822e-01']",
[92mINFO [0m:      	        'per-client-num-examples': "['1200', '400', '1600']"},
[92mINFO [0m:      	  12: { 'client-ids': "['0', '1', '2']",
[92mINFO [0m:      	        'eval_acc': '8.3094e-01',
[92mINFO [0m:      	        'eval_loss': '6.6120e-01',
[92mINFO [0m:      	        'per-client-eval_acc': "['8.3167e-01', '8.2750e-01', '8.3125e-01']",
[92mINFO [0m:      	        'per-client-eval_loss': "['6.7813e-01', '6.1036e-01', '6.6120e-01']",
[92mINFO [0m:      	        'per-client-num-examples': "['1200', '400', '1600']"},
[92mINFO [0m:      	  13: { 'client-ids': "['0', '1', '2']",
[92mINFO [0m:      	        'eval_acc': '8.3062e-01',
[92mINFO [0m:      	        'eval_loss': '7.3179e-01',
[92mINFO [0m:      	        'per-client-eval_acc': "['8.3583e-01', '8.2500e-01', '8.2812e-01']",
[92mINFO [0m:      	        'per-client-eval_loss': "['7.4275e-01', '6.8828e-01', '7.3443e-01']",
[92mINFO [0m:      	        'per-client-num-examples': "['1200', '400', '1600']"},
[92mINFO [0m:      	  14: { 'client-ids': "['0', '1', '2']",
[92mINFO [0m:      	        'eval_acc': '8.3219e-01',
[92mINFO [0m:      	        'eval_loss': '7.2143e-01',
[92mINFO [0m:      	        'per-client-eval_acc': "['8.3917e-01', '8.2500e-01', '8.2875e-01']",
[92mINFO [0m:      	        'per-client-eval_loss': "['7.1657e-01', '6.5970e-01', '7.4051e-01']",
[92mINFO [0m:      	        'per-client-num-examples': "['1200', '400', '1600']"},
[92mINFO [0m:      	  15: { 'client-ids': "['0', '1', '2']",
[92mINFO [0m:      	        'eval_acc': '8.3500e-01',
[92mINFO [0m:      	        'eval_loss': '7.0671e-01',
[92mINFO [0m:      	        'per-client-eval_acc': "['8.3917e-01', '8.3500e-01', '8.3188e-01']",
[92mINFO [0m:      	        'per-client-eval_loss': "['6.9634e-01', '6.3199e-01', '7.3318e-01']",
[92mINFO [0m:      	        'per-client-num-examples': "['1200', '400', '1600']"},
[92mINFO [0m:      	  16: { 'client-ids': "['0', '1', '2']",
[92mINFO [0m:      	        'eval_acc': '8.2156e-01',
[92mINFO [0m:      	        'eval_loss': '7.6377e-01',
[92mINFO [0m:      	        'per-client-eval_acc': "['8.2833e-01', '8.2750e-01', '8.1500e-01']",
[92mINFO [0m:      	        'per-client-eval_loss': "['7.4733e-01', '7.2893e-01', '7.8480e-01']",
[92mINFO [0m:      	        'per-client-num-examples': "['1200', '400', '1600']"},
[92mINFO [0m:      	  17: { 'client-ids': "['0', '1', '2']",
[92mINFO [0m:      	        'eval_acc': '8.2406e-01',
[92mINFO [0m:      	        'eval_loss': '8.0500e-01',
[92mINFO [0m:      	        'per-client-eval_acc': "['8.2667e-01', '8.3750e-01', '8.1875e-01']",
[92mINFO [0m:      	        'per-client-eval_loss': "['7.9533e-01', '7.6610e-01', '8.2198e-01']",
[92mINFO [0m:      	        'per-client-num-examples': "['1200', '400', '1600']"},
[92mINFO [0m:      	  18: { 'client-ids': "['0', '1', '2']",
[92mINFO [0m:      	        'eval_acc': '8.2375e-01',
[92mINFO [0m:      	        'eval_loss': '8.4426e-01',
[92mINFO [0m:      	        'per-client-eval_acc': "['8.2750e-01', '8.4000e-01', '8.1688e-01']",
[92mINFO [0m:      	        'per-client-eval_loss': "['8.0124e-01', '7.2894e-01', '9.0536e-01']",
[92mINFO [0m:      	        'per-client-num-examples': "['1200', '400', '1600']"},
[92mINFO [0m:      	  19: { 'client-ids': "['0', '1', '2']",
[92mINFO [0m:      	        'eval_acc': '8.2062e-01',
[92mINFO [0m:      	        'eval_loss': '8.4731e-01',
[92mINFO [0m:      	        'per-client-eval_acc': "['8.2750e-01', '8.2250e-01', '8.1500e-01']",
[92mINFO [0m:      	        'per-client-eval_loss': "['8.3150e-01', '8.0036e-01', '8.7090e-01']",
[92mINFO [0m:      	        'per-client-num-examples': "['1200', '400', '1600']"},
[92mINFO [0m:      	  20: { 'client-ids': "['0', '1', '2']",
[92mINFO [0m:      	        'eval_acc': '8.2250e-01',
[92mINFO [0m:      	        'eval_loss': '8.5075e-01',
[92mINFO [0m:      	        'per-client-eval_acc': "['8.3167e-01', '8.2000e-01', '8.1625e-01']",
[92mINFO [0m:      	        'per-client-eval_loss': "['8.2272e-01', '7.7052e-01', '8.9183e-01']",
[92mINFO [0m:      	        'per-client-num-examples': "['1200', '400', '1600']"}}
[92mINFO [0m:      	
[92mINFO [0m:      	ServerApp-side Evaluate Metrics:
[92mINFO [0m:      	{ 0: { 'accuracy': '2.5000e-01',
[92mINFO [0m:      	       'auc': '5.1740e-01',
[92mINFO [0m:      	       'f1': '1.0000e-01',
[92mINFO [0m:      	       'loss': '1.3919e+00',
[92mINFO [0m:      	       'precision': '6.2500e-02'},
[92mINFO [0m:      	  1: { 'accuracy': '2.5000e-01',
[92mINFO [0m:      	       'auc': '6.2286e-01',
[92mINFO [0m:      	       'f1': '1.0000e-01',
[92mINFO [0m:      	       'loss': '1.3787e+00',
[92mINFO [0m:      	       'precision': '6.2500e-02'},
[92mINFO [0m:      	  2: { 'accuracy': '6.3500e-01',
[92mINFO [0m:      	       'auc': '8.8502e-01',
[92mINFO [0m:      	       'f1': '5.8946e-01',
[92mINFO [0m:      	       'loss': '1.1728e+00',
[92mINFO [0m:      	       'precision': '7.1940e-01'},
[92mINFO [0m:      	  3: { 'accuracy': '7.6050e-01',
[92mINFO [0m:      	       'auc': '9.3504e-01',
[92mINFO [0m:      	       'f1': '7.5725e-01',
[92mINFO [0m:      	       'loss': '8.3980e-01',
[92mINFO [0m:      	       'precision': '7.5732e-01'},
[92mINFO [0m:      	  4: { 'accuracy': '7.7000e-01',
[92mINFO [0m:      	       'auc': '9.4218e-01',
[92mINFO [0m:      	       'f1': '7.6194e-01',
[92mINFO [0m:      	       'loss': '6.3555e-01',
[92mINFO [0m:      	       'precision': '7.8447e-01'},
[92mINFO [0m:      	  5: { 'accuracy': '8.0300e-01',
[92mINFO [0m:      	       'auc': '9.5350e-01',
[92mINFO [0m:      	       'f1': '7.9829e-01',
[92mINFO [0m:      	       'loss': '5.2317e-01',
[92mINFO [0m:      	       'precision': '8.0916e-01'},
[92mINFO [0m:      	  6: { 'accuracy': '8.0050e-01',
[92mINFO [0m:      	       'auc': '9.5272e-01',
[92mINFO [0m:      	       'f1': '7.9452e-01',
[92mINFO [0m:      	       'loss': '5.2674e-01',
[92mINFO [0m:      	       'precision': '8.1310e-01'},
[92mINFO [0m:      	  7: { 'accuracy': '7.8650e-01',
[92mINFO [0m:      	       'auc': '9.4491e-01',
[92mINFO [0m:      	       'f1': '7.7931e-01',
[92mINFO [0m:      	       'loss': '6.3479e-01',
[92mINFO [0m:      	       'precision': '8.1806e-01'},
[92mINFO [0m:      	  8: { 'accuracy': '7.9900e-01',
[92mINFO [0m:      	       'auc': '9.5360e-01',
[92mINFO [0m:      	       'f1': '7.9703e-01',
[92mINFO [0m:      	       'loss': '6.1635e-01',
[92mINFO [0m:      	       'precision': '8.1208e-01'},
[92mINFO [0m:      	  9: { 'accuracy': '8.1500e-01',
[92mINFO [0m:      	       'auc': '9.5721e-01',
[92mINFO [0m:      	       'f1': '8.1293e-01',
[92mINFO [0m:      	       'loss': '6.2011e-01',
[92mINFO [0m:      	       'precision': '8.1746e-01'},
[92mINFO [0m:      	  10: { 'accuracy': '8.2700e-01',
[92mINFO [0m:      	        'auc': '9.6090e-01',
[92mINFO [0m:      	        'f1': '8.2688e-01',
[92mINFO [0m:      	        'loss': '6.3535e-01',
[92mINFO [0m:      	        'precision': '8.3045e-01'},
[92mINFO [0m:      	  11: { 'accuracy': '8.1500e-01',
[92mINFO [0m:      	        'auc': '9.5846e-01',
[92mINFO [0m:      	        'f1': '8.1329e-01',
[92mINFO [0m:      	        'loss': '7.0620e-01',
[92mINFO [0m:      	        'precision': '8.1523e-01'},
[92mINFO [0m:      	  12: { 'accuracy': '8.2250e-01',
[92mINFO [0m:      	        'auc': '9.5861e-01',
[92mINFO [0m:      	        'f1': '8.2168e-01',
[92mINFO [0m:      	        'loss': '7.0468e-01',
[92mINFO [0m:      	        'precision': '8.2134e-01'},
[92mINFO [0m:      	  13: { 'accuracy': '8.2150e-01',
[92mINFO [0m:      	        'auc': '9.5672e-01',
[92mINFO [0m:      	        'f1': '8.2141e-01',
[92mINFO [0m:      	        'loss': '7.8240e-01',
[92mINFO [0m:      	        'precision': '8.2172e-01'},
[92mINFO [0m:      	  14: { 'accuracy': '8.3150e-01',
[92mINFO [0m:      	        'auc': '9.5696e-01',
[92mINFO [0m:      	        'f1': '8.3068e-01',
[92mINFO [0m:      	        'loss': '7.6630e-01',
[92mINFO [0m:      	        'precision': '8.3042e-01'},
[92mINFO [0m:      	  15: { 'accuracy': '8.2200e-01',
[92mINFO [0m:      	        'auc': '9.5794e-01',
[92mINFO [0m:      	        'f1': '8.2146e-01',
[92mINFO [0m:      	        'loss': '7.6281e-01',
[92mINFO [0m:      	        'precision': '8.2116e-01'},
[92mINFO [0m:      	  16: { 'accuracy': '8.2050e-01',
[92mINFO [0m:      	        'auc': '9.5435e-01',
[92mINFO [0m:      	        'f1': '8.2039e-01',
[92mINFO [0m:      	        'loss': '8.3125e-01',
[92mINFO [0m:      	        'precision': '8.2150e-01'},
[92mINFO [0m:      	  17: { 'accuracy': '8.1700e-01',
[92mINFO [0m:      	        'auc': '9.5517e-01',
[92mINFO [0m:      	        'f1': '8.1805e-01',
[92mINFO [0m:      	        'loss': '8.7160e-01',
[92mINFO [0m:      	        'precision': '8.2045e-01'},
[92mINFO [0m:      	  18: { 'accuracy': '8.1500e-01',
[92mINFO [0m:      	        'auc': '9.5373e-01',
[92mINFO [0m:      	        'f1': '8.1443e-01',
[92mINFO [0m:      	        'loss': '9.1384e-01',
[92mINFO [0m:      	        'precision': '8.1463e-01'},
[92mINFO [0m:      	  19: { 'accuracy': '8.1200e-01',
[92mINFO [0m:      	        'auc': '9.5531e-01',
[92mINFO [0m:      	        'f1': '8.1228e-01',
[92mINFO [0m:      	        'loss': '9.0526e-01',
[92mINFO [0m:      	        'precision': '8.1319e-01'},
[92mINFO [0m:      	  20: { 'accuracy': '8.2250e-01',
[92mINFO [0m:      	        'auc': '9.5681e-01',
[92mINFO [0m:      	        'f1': '8.2169e-01',
[92mINFO [0m:      	        'loss': '9.2647e-01',
[92mINFO [0m:      	        'precision': '8.2380e-01'}}
[92mINFO [0m:      
Round 1 checkpoint written to /content/metricdp-pytorch/results/planned_runs/cifar/full/out-replace/clients-3/seed-43/ratio-0p0025/runs/cifar-full-out-replace__non-iid__global-dp__fedavg__clients-3__seed-43__nm0p0075__clip5__rounds-20__epochs-5__cifar_chunks__cifar10_cnn.round-1.pt
Round 2 checkpoint written to /content/metricdp-pytorch/results/planned_runs/cifar/full/out-replace/clients-3/seed-43/ratio-0p0025/runs/cifar-full-out-replace__non-iid__global-dp__fedavg__clients-3__seed-43__nm0p0075__clip5__rounds-20__epochs-5__cifar_chunks__cifar10_cnn.round-2.pt
Round 3 checkpoint written to /content/metricdp-pytorch/results/planned_runs/cifar/full/out-replace/clients-3/seed-43/ratio-0p0025/runs/cifar-full-out-replace__non-iid__global-dp__fedavg__clients-3__seed-43__nm0p0075__clip5__rounds-20__epochs-5__cifar_chunks__cifar10_cnn.round-3.pt
Round 4 checkpoint written to /content/metricdp-pytorch/results/planned_runs/cifar/full/out-replace/clients-3/seed-43/ratio-0p0025/runs/cifar-full-out-replace__non-iid__global-dp__fedavg__clients-3__seed-43__nm0p0075__clip5__rounds-20__epochs-5__cifar_chunks__cifar10_cnn.round-4.pt
Round 5 checkpoint written to /content/metricdp-pytorch/results/planned_runs/cifar/full/out-replace/clients-3/seed-43/ratio-0p0025/runs/cifar-full-out-replace__non-iid__global-dp__fedavg__clients-3__seed-43__nm0p0075__clip5__rounds-20__epochs-5__cifar_chunks__cifar10_cnn.round-5.pt
Round 6 checkpoint written to /content/metricdp-pytorch/results/planned_runs/cifar/full/out-replace/clients-3/seed-43/ratio-0p0025/runs/cifar-full-out-replace__non-iid__global-dp__fedavg__clients-3__seed-43__nm0p0075__clip5__rounds-20__epochs-5__cifar_chunks__cifar10_cnn.round-6.pt
Round 7 checkpoint written to /content/metricdp-pytorch/results/planned_runs/cifar/full/out-replace/clients-3/seed-43/ratio-0p0025/runs/cifar-full-out-replace__non-iid__global-dp__fedavg__clients-3__seed-43__nm0p0075__clip5__rounds-20__epochs-5__cifar_chunks__cifar10_cnn.round-7.pt
Round 8 checkpoint written to /content/metricdp-pytorch/results/planned_runs/cifar/full/out-replace/clients-3/seed-43/ratio-0p0025/runs/cifar-full-out-replace__non-iid__global-dp__fedavg__clients-3__seed-43__nm0p0075__clip5__rounds-20__epochs-5__cifar_chunks__cifar10_cnn.round-8.pt
Round 9 checkpoint written to /content/metricdp-pytorch/results/planned_runs/cifar/full/out-replace/clients-3/seed-43/ratio-0p0025/runs/cifar-full-out-replace__non-iid__global-dp__fedavg__clients-3__seed-43__nm0p0075__clip5__rounds-20__epochs-5__cifar_chunks__cifar10_cnn.round-9.pt
Round 10 checkpoint written to /content/metricdp-pytorch/results/planned_runs/cifar/full/out-replace/clients-3/seed-43/ratio-0p0025/runs/cifar-full-out-replace__non-iid__global-dp__fedavg__clients-3__seed-43__nm0p0075__clip5__rounds-20__epochs-5__cifar_chunks__cifar10_cnn.round-10.pt
Round 11 checkpoint written to /content/metricdp-pytorch/results/planned_runs/cifar/full/out-replace/clients-3/seed-43/ratio-0p0025/runs/cifar-full-out-replace__non-iid__global-dp__fedavg__clients-3__seed-43__nm0p0075__clip5__rounds-20__epochs-5__cifar_chunks__cifar10_cnn.round-11.pt
Round 12 checkpoint written to /content/metricdp-pytorch/results/planned_runs/cifar/full/out-replace/clients-3/seed-43/ratio-0p0025/runs/cifar-full-out-replace__non-iid__global-dp__fedavg__clients-3__seed-43__nm0p0075__clip5__rounds-20__epochs-5__cifar_chunks__cifar10_cnn.round-12.pt
Round 13 checkpoint written to /content/metricdp-pytorch/results/planned_runs/cifar/full/out-replace/clients-3/seed-43/ratio-0p0025/runs/cifar-full-out-replace__non-iid__global-dp__fedavg__clients-3__seed-43__nm0p0075__clip5__rounds-20__epochs-5__cifar_chunks__cifar10_cnn.round-13.pt
Round 14 checkpoint written to /content/metricdp-pytorch/results/planned_runs/cifar/full/out-replace/clients-3/seed-43/ratio-0p0025/runs/cifar-full-out-replace__non-iid__global-dp__fedavg__clients-3__seed-43__nm0p0075__clip5__rounds-20__epochs-5__cifar_chunks__cifar10_cnn.round-14.pt
Round 15 checkpoint written to /content/metricdp-pytorch/results/planned_runs/cifar/full/out-replace/clients-3/seed-43/ratio-0p0025/runs/cifar-full-out-replace__non-iid__global-dp__fedavg__clients-3__seed-43__nm0p0075__clip5__rounds-20__epochs-5__cifar_chunks__cifar10_cnn.round-15.pt
Round 16 checkpoint written to /content/metricdp-pytorch/results/planned_runs/cifar/full/out-replace/clients-3/seed-43/ratio-0p0025/runs/cifar-full-out-replace__non-iid__global-dp__fedavg__clients-3__seed-43__nm0p0075__clip5__rounds-20__epochs-5__cifar_chunks__cifar10_cnn.round-16.pt
Round 17 checkpoint written to /content/metricdp-pytorch/results/planned_runs/cifar/full/out-replace/clients-3/seed-43/ratio-0p0025/runs/cifar-full-out-replace__non-iid__global-dp__fedavg__clients-3__seed-43__nm0p0075__clip5__rounds-20__epochs-5__cifar_chunks__cifar10_cnn.round-17.pt
Round 18 checkpoint written to /content/metricdp-pytorch/results/planned_runs/cifar/full/out-replace/clients-3/seed-43/ratio-0p0025/runs/cifar-full-out-replace__non-iid__global-dp__fedavg__clients-3__seed-43__nm0p0075__clip5__rounds-20__epochs-5__cifar_chunks__cifar10_cnn.round-18.pt
Round 19 checkpoint written to /content/metricdp-pytorch/results/planned_runs/cifar/full/out-replace/clients-3/seed-43/ratio-0p0025/runs/cifar-full-out-replace__non-iid__global-dp__fedavg__clients-3__seed-43__nm0p0075__clip5__rounds-20__epochs-5__cifar_chunks__cifar10_cnn.round-19.pt
Round 20 checkpoint written to /content/metricdp-pytorch/results/planned_runs/cifar/full/out-replace/clients-3/seed-43/ratio-0p0025/runs/cifar-full-out-replace__non-iid__global-dp__fedavg__clients-3__seed-43__nm0p0075__clip5__rounds-20__epochs-5__cifar_chunks__cifar10_cnn.round-20.pt
Experiment result written to /content/metricdp-pytorch/results/planned_runs/cifar/full/out-replace/clients-3/seed-43/ratio-0p0025/runs/cifar-full-out-replace__non-iid__global-dp__fedavg__clients-3__seed-43__nm0p0075__clip5__rounds-20__epochs-5__cifar_chunks__cifar10_cnn.json
/usr/lib/python3.12/multiprocessing/popen_fork.py:66: DeprecationWarning: This process (pid=2632) is multi-threaded, use of fork() may lead to deadlocks in the child.
  self.pid = os.fork()
[36m(ClientAppActor pid=3218)[0m [93mWARNING [0m:   Manually terminating ClientAppActor
[36m(ClientAppActor pid=3216)[0m /usr/lib/python3.12/multiprocessing/popen_fork.py:66: DeprecationWarning: This process (pid=3216) is multi-threaded, use of fork() may lead to deadlocks in the child.[32m [repeated 2x across cluster][0m
[36m(ClientAppActor pid=3216)[0m   self.pid = os.fork()[32m [repeated 2x across cluster][0m
[36m(ClientAppActor pid=3216)[0m [93mWARNING [0m:   Manually terminating ClientAppActor[32m [repeated 2x across cluster][0m
Detailed evaluation written to /content/metricdp-pytorch/results/planned_runs/cifar/full/out-replace/clients-3/seed-43/ratio-0p0025/runs/cifar-full-out-replace__non-iid__global-dp__fedavg__clients-3__seed-43__nm0p0075__clip5__rounds-20__epochs-5__cifar_chunks__cifar10_cnn.evaluation.json and /content/metricdp-pytorch/results/planned_runs/cifar/full/out-replace/clients-3/seed-43/ratio-0p0025/runs/cifar-full-out-replace__non-iid__global-dp__fedavg__clients-3__seed-43__nm0p0075__clip5__rounds-20__epochs-5__cifar_chunks__cifar10_cnn.predictions.npz
Result: /content/metricdp-pytorch/results/planned_runs/cifar/full/out-replace/clients-3/seed-43/ratio-0p0025/runs/cifar-full-out-replace__non-iid__global-dp__fedavg__clients-3__seed-43__nm0p0075__clip5__rounds-20__epochs-5__cifar_chunks__cifar10_cnn.json
Final server metrics: {'loss': 0.9264654496908188, 'accuracy': 0.8225, 'f1': 0.8216882388405851, 'precision': 0.8237994624279945, 'auc': 0.9568062499999999}
2026-08-05 14:58:54 DONE  cifar-full-out-replace__non-iid__global-dp__fedavg__clients-3__seed-43__nm0p0075__clip5__rounds-20__epochs-5__cifar_chunks__cifar10_cnn (301.5s)
Warning: You are sending unauthenticated requests to the HF Hub. Please set a HF_TOKEN to enable higher rate limits and faster downloads.
2026-08-05 14:59:03 EVALUATED cifar-full-out-replace__non-iid__global-dp__fedavg__clients-3__seed-43__nm0p0075__clip5__rounds-20__epochs-5__cifar_chunks__cifar10_cnn round=1 (checkpoint deleted)
2026-08-05 14:59:09 EVALUATED cifar-full-out-replace__non-iid__global-dp__fedavg__clients-3__seed-43__nm0p0075__clip5__rounds-20__epochs-5__cifar_chunks__cifar10_cnn round=2 (checkpoint deleted)
2026-08-05 14:59:14 EVALUATED cifar-full-out-replace__non-iid__global-dp__fedavg__clients-3__seed-43__nm0p0075__clip5__rounds-20__epochs-5__cifar_chunks__cifar10_cnn round=3 (checkpoint deleted)
2026-08-05 14:59:19 EVALUATED cifar-full-out-replace__non-iid__global-dp__fedavg__clients-3__seed-43__nm0p0075__clip5__rounds-20__epochs-5__cifar_chunks__cifar10_cnn round=4 (checkpoint deleted)
2026-08-05 14:59:25 EVALUATED cifar-full-out-replace__non-iid__global-dp__fedavg__clients-3__seed-43__nm0p0075__clip5__rounds-20__epochs-5__cifar_chunks__cifar10_cnn round=5 (checkpoint deleted)
2026-08-05 14:59:30 EVALUATED cifar-full-out-replace__non-iid__global-dp__fedavg__clients-3__seed-43__nm0p0075__clip5__rounds-20__epochs-5__cifar_chunks__cifar10_cnn round=6 (checkpoint deleted)
2026-08-05 14:59:36 EVALUATED cifar-full-out-replace__non-iid__global-dp__fedavg__clients-3__seed-43__nm0p0075__clip5__rounds-20__epochs-5__cifar_chunks__cifar10_cnn round=7 (checkpoint deleted)
2026-08-05 14:59:41 EVALUATED cifar-full-out-replace__non-iid__global-dp__fedavg__clients-3__seed-43__nm0p0075__clip5__rounds-20__epochs-5__cifar_chunks__cifar10_cnn round=8 (checkpoint deleted)
2026-08-05 14:59:47 EVALUATED cifar-full-out-replace__non-iid__global-dp__fedavg__clients-3__seed-43__nm0p0075__clip5__rounds-20__epochs-5__cifar_chunks__cifar10_cnn round=9 (checkpoint deleted)
2026-08-05 14:59:52 EVALUATED cifar-full-out-replace__non-iid__global-dp__fedavg__clients-3__seed-43__nm0p0075__clip5__rounds-20__epochs-5__cifar_chunks__cifar10_cnn round=10 (checkpoint deleted)
2026-08-05 14:59:58 EVALUATED cifar-full-out-replace__non-iid__global-dp__fedavg__clients-3__seed-43__nm0p0075__clip5__rounds-20__epochs-5__cifar_chunks__cifar10_cnn round=11 (checkpoint deleted)
2026-08-05 15:00:03 EVALUATED cifar-full-out-replace__non-iid__global-dp__fedavg__clients-3__seed-43__nm0p0075__clip5__rounds-20__epochs-5__cifar_chunks__cifar10_cnn round=12 (checkpoint deleted)
2026-08-05 15:00:09 EVALUATED cifar-full-out-replace__non-iid__global-dp__fedavg__clients-3__seed-43__nm0p0075__clip5__rounds-20__epochs-5__cifar_chunks__cifar10_cnn round=13 (checkpoint deleted)
2026-08-05 15:00:14 EVALUATED cifar-full-out-replace__non-iid__global-dp__fedavg__clients-3__seed-43__nm0p0075__clip5__rounds-20__epochs-5__cifar_chunks__cifar10_cnn round=14 (checkpoint deleted)
2026-08-05 15:00:20 EVALUATED cifar-full-out-replace__non-iid__global-dp__fedavg__clients-3__seed-43__nm0p0075__clip5__rounds-20__epochs-5__cifar_chunks__cifar10_cnn round=15 (checkpoint deleted)
2026-08-05 15:00:25 EVALUATED cifar-full-out-replace__non-iid__global-dp__fedavg__clients-3__seed-43__nm0p0075__clip5__rounds-20__epochs-5__cifar_chunks__cifar10_cnn round=16 (checkpoint deleted)
2026-08-05 15:00:31 EVALUATED cifar-full-out-replace__non-iid__global-dp__fedavg__clients-3__seed-43__nm0p0075__clip5__rounds-20__epochs-5__cifar_chunks__cifar10_cnn round=17 (checkpoint deleted)
2026-08-05 15:00:36 EVALUATED cifar-full-out-replace__non-iid__global-dp__fedavg__clients-3__seed-43__nm0p0075__clip5__rounds-20__epochs-5__cifar_chunks__cifar10_cnn round=18 (checkpoint deleted)
2026-08-05 15:00:42 EVALUATED cifar-full-out-replace__non-iid__global-dp__fedavg__clients-3__seed-43__nm0p0075__clip5__rounds-20__epochs-5__cifar_chunks__cifar10_cnn round=19 (checkpoint deleted)
2026-08-05 15:00:47 EVALUATED cifar-full-out-replace__non-iid__global-dp__fedavg__clients-3__seed-43__nm0p0075__clip5__rounds-20__epochs-5__cifar_chunks__cifar10_cnn round=20 (checkpoint deleted)
2026-08-05 15:00:47 PROGRESS 1/2 (0 failed so far)
2026-08-05 15:00:47 START cifar-full-out-replace__non-iid__metric-privacy__fedavg__clients-3__seed-43__nm0p0075__clip5__rounds-20__epochs-5__cifar_chunks__cifar10_cnn 
{
  "partition-mode": "non-iid",
  "partition-profile": "auto",
  "client-weights": "",
  "data-module": "experiments.cia.scripts.cifar_chunks:create_cifar_out_replace",
  "model-module": "experiments.reproduce.cifar10_cnn:create_model",
  "data-cache-dir": "",
  "privacy": "metric-privacy",
  "aggregation": "fedavg",
  "seed": 43,
  "num-server-rounds": 20,
  "num-clients": 3,
  "fraction-evaluate": 1.0,
  "local-epochs": 5,
  "learning-rate": 0.001,
  "batch-size": 32,
  "initialization-batch-size": 32,
  "initialization-epochs": 20,
  "initialization-learning-rate": 0.001,
  "max-client-samples": 0,
  "max-test-samples": 0,
  "noise-multiplier": 0.0075,
  "clipping-norm": 5.0,
  "output-dir": "/content/metricdp-pytorch/results/planned_runs/cifar/full/out-replace/clients-3/seed-43/ratio-0p0025/runs",
  "run-name": "cifar-full-out-replace__non-iid__metric-privacy__fedavg__clients-3__seed-43__nm0p0075__clip5__rounds-20__epochs-5__cifar_chunks__cifar10_cnn",
  "checkpoint-rounds": [
    1,
    2,
    3,
    4,
    5,
    6,
    7,
    8,
    9,
    10,
    11,
    12,
    13,
    14,
    15,
    16,
    17,
    18,
    19,
    20
  ]
}
2026-08-05 15:00:51.283269: I tensorflow/core/util/port.cc:153] oneDNN custom operations are on. You may see slightly different numerical results due to floating-point round-off errors from different computation orders. To turn them off, set the environment variable `TF_ENABLE_ONEDNN_OPTS=0`.
2026-08-05 15:00:51.356960: I tensorflow/core/platform/cpu_feature_guard.cc:210] This TensorFlow binary is optimized to use available CPU instructions in performance-critical operations.
To enable the following instructions: AVX2 AVX512F AVX512_VNNI FMA, in other operations, rebuild TensorFlow with the appropriate compiler flags.
[93mWARNING [0m:   DEPRECATED FEATURE: The `run_simulation` function is deprecated and will be removed in a future version of Flower. Please use `flwr run` in the CLI instead to run your simulation. Refer to the Flower Tutorials for more details: https://flower.ai/docs/framework/tutorial-quickstart-pytorch.html

            This is a deprecated feature. It will be removed
            entirely in future versions of Flower.
        
Warning: You are sending unauthenticated requests to the HF Hub. Please set a HF_TOKEN to enable higher rate limits and faster downloads.
[92mINFO [0m:      Starting MetricPrivacyServerSideFixedClipping strategy:
[92mINFO [0m:      	├── Number of rounds: 20
[92mINFO [0m:      	├── ArrayRecord (0.87 MB)
[92mINFO [0m:      	├── ConfigRecord (train): {'lr': 0.001}
[92mINFO [0m:      	├── ConfigRecord (evaluate): (empty!)
[92mINFO [0m:      	├──> Metric-aware DP settings:
[92mINFO [0m:      	│	├── Base noise multiplier: 0.0075
[92mINFO [0m:      	│	└── Clipping norm: 5.0
[92mINFO [0m:      	├──> Sampling:
[92mINFO [0m:      	│	├──Fraction: train (1.00) | evaluate ( 1.00)
[92mINFO [0m:      	│	├──Minimum nodes: train (3) | evaluate (3)
[92mINFO [0m:      	│	└──Minimum available nodes: 3
[92mINFO [0m:      	└──> Keys in records:
[92mINFO [0m:      		├── Weighted by: 'num-examples'
[92mINFO [0m:      		├── ArrayRecord key: 'arrays'
[92mINFO [0m:      		└── ConfigRecord key: 'config'
[92mINFO [0m:      
/usr/lib/python3.12/multiprocessing/popen_fork.py:66: DeprecationWarning: This process (pid=6902) is multi-threaded, use of fork() may lead to deadlocks in the child.
  self.pid = os.fork()
[92mINFO [0m:      Initial global evaluation results: {'loss': 1.3919111585617066, 'accuracy': 0.25, 'f1': 0.1, 'precision': 0.0625, 'auc': 0.5174013333333333}
[92mINFO [0m:      
[92mINFO [0m:      [ROUND 1/20]
[92mINFO [0m:      configure_train: Sampled 3 nodes (out of 3)
/usr/local/lib/python3.12/dist-packages/ray/_private/worker.py:2051: FutureWarning: Tip: In future versions of Ray, Ray will no longer override accelerator visible devices env var if num_gpus=0 or num_gpus=None (default). To enable this behavior and turn off this error message, set RAY_ACCEL_ENV_VAR_OVERRIDE_ON_ZERO=0
  warnings.warn(
[36m(ClientAppActor pid=7455)[0m Warning: You are sending unauthenticated requests to the HF Hub. Please set a HF_TOKEN to enable higher rate limits and faster downloads.
[36m(ClientAppActor pid=7455)[0m /usr/lib/python3.12/multiprocessing/popen_fork.py:66: DeprecationWarning: This process (pid=7455) is multi-threaded, use of fork() may lead to deadlocks in the child.
[36m(ClientAppActor pid=7455)[0m   self.pid = os.fork()
[92mINFO [0m:      aggregate_train: maximum pairwise model distance: 2.588075
[92mINFO [0m:      aggregate_train: Received 3 results and 0 failures
[92mINFO [0m:      aggregate_fit: parameters are clipped by value: 5.0000.
[92mINFO [0m:      aggregate_fit: parameters are clipped by value: 5.0000.
[92mINFO [0m:      aggregate_fit: parameters are clipped by value: 5.0000.
[92mINFO [0m:      aggregate_train: Received 3 results and 0 failures
[92mINFO [0m:      aggregate_train: metric-aware noise with 0.004830 stdev added
[92mINFO [0m:      	└──> Aggregated MetricRecord: {'train_loss': 0.7620927863568068, 'train_loss_mean': 0.953848715543747, 'client-ids': [0, 1, 2], 'per-client-num-examples': [4800, 1600, 6400], 'per-client-train_loss': [0.7710863447189331, 0.9482247018814087, 0.7088146387040615], 'per-client-train_loss_mean': [0.9505716766913732, 1.1334852190017701, 0.9113973688185215], 'dp-client-ids': [0, 1, 2], 'dp-update-norms-before-clipping': [10.172783131419592, 7.12210485162353, 12.615506904682796], 'dp-client-clipped': [1, 1, 1], 'dp-num-clients-clipped': 3, 'dp-fraction-clipped': 1.0, 'metric-dp-pairwise-distances': [1.9519405191143353, 2.588075429201126, 2.300936638067166], 'metric-dp-pairwise-client-i': [0, 0, 1], 'metric-dp-pairwise-client-j': [1, 2, 2], 'metric-dp-distance-min': 1.9519405191143353, 'metric-dp-distance-median': 2.300936638067166, 'metric-dp-distance-mean': 2.280317528794209, 'metric-dp-distance': 2.588075429201126, 'dp-signal-update-norm': 3.306675738421829, 'dp-parameter-count': 226596, 'dp-expected-noise-l2-norm': 2.2991071017910376, 'dp-noise-to-signal-ratio': 0.6952925789113898, 'dp-noise-percent-of-signal': 69.52925789113898, 'metric-dp-noise-stdv': 0.00482984377463003}
[92mINFO [0m:      configure_evaluate: Sampled 3 nodes (out of 3)
[92mINFO [0m:      aggregate_evaluate: Received 3 results and 0 failures
[92mINFO [0m:      	└──> Aggregated MetricRecord: {'eval_loss': 1.3757806265354158, 'eval_acc': 0.2503125, 'client-ids': [0, 1, 2], 'per-client-eval_acc': [0.25083333333333335, 0.255, 0.24875], 'per-client-eval_loss': [1.3762608591715495, 1.3737000370025634, 1.3759405994415284], 'per-client-num-examples': [1200, 400, 1600]}
[92mINFO [0m:      Global evaluation
[92mINFO [0m:      	└──> MetricRecord: {'loss': 1.3760065612792969, 'accuracy': 0.25, 'f1': 0.1, 'precision': 0.0625, 'auc': 0.634814125}
[92mINFO [0m:      
[92mINFO [0m:      [ROUND 2/20]
[92mINFO [0m:      configure_train: Sampled 3 nodes (out of 3)
[36m(ClientAppActor pid=7457)[0m Warning: You are sending unauthenticated requests to the HF Hub. Please set a HF_TOKEN to enable higher rate limits and faster downloads.[32m [repeated 2x across cluster] (Ray deduplicates logs by default. Set RAY_DEDUP_LOGS=0 to disable log deduplication, or see https://docs.ray.io/en/master/ray-observability/user-guides/configure-logging.html#log-deduplication for more options.)[0m
[36m(ClientAppActor pid=7455)[0m /usr/lib/python3.12/multiprocessing/popen_fork.py:66: DeprecationWarning: This process (pid=7455) is multi-threaded, use of fork() may lead to deadlocks in the child.[32m [repeated 3x across cluster][0m
[36m(ClientAppActor pid=7455)[0m   self.pid = os.fork()[32m [repeated 3x across cluster][0m
[92mINFO [0m:      aggregate_train: maximum pairwise model distance: 1.799683
[92mINFO [0m:      aggregate_train: Received 3 results and 0 failures
[92mINFO [0m:      aggregate_fit: parameters are clipped by value: 5.0000.
[92mINFO [0m:      aggregate_fit: parameters are clipped by value: 5.0000.
[92mINFO [0m:      aggregate_fit: parameters are clipped by value: 5.0000.
[92mINFO [0m:      aggregate_train: Received 3 results and 0 failures
[92mINFO [0m:      aggregate_train: metric-aware noise with 0.006946 stdev added
[92mINFO [0m:      	└──> Aggregated MetricRecord: {'train_loss': 0.6345392508804798, 'train_loss_mean': 0.7533939910680055, 'client-ids': [0, 1, 2], 'per-client-num-examples': [4800, 1600, 6400], 'per-client-train_loss': [0.6280881239970525, 0.7574047636985779, 0.6086612178385258], 'per-client-train_loss_mean': [0.7541816864013672, 0.8694964276552201, 0.7237776104211807], 'dp-client-ids': [0, 1, 2], 'dp-update-norms-before-clipping': [11.263972534313035, 6.641043352442297, 12.82471997673022], 'dp-client-clipped': [1, 1, 1], 'dp-num-clients-clipped': 3, 'dp-fraction-clipped': 1.0, 'metric-dp-pairwise-distances': [1.4915002631023526, 1.7996829717885703, 1.767636622612675], 'metric-dp-pairwise-client-i': [0, 0, 1], 'metric-dp-pairwise-client-j': [1, 2, 2], 'metric-dp-distance-min': 1.4915002631023526, 'metric-dp-distance-median': 1.767636622612675, 'metric-dp-distance-mean': 1.6862732858345326, 'metric-dp-distance': 1.7996829717885703, 'dp-signal-update-norm': 4.176010091691706, 'dp-parameter-count': 226596, 'dp-expected-noise-l2-norm': 3.3062837691538944, 'dp-noise-to-signal-ratio': 0.791732705754673, 'dp-noise-percent-of-signal': 79.1732705754673, 'metric-dp-noise-stdv': 0.006945667762571084}
[92mINFO [0m:      configure_evaluate: Sampled 3 nodes (out of 3)
[92mINFO [0m:      aggregate_evaluate: Received 3 results and 0 failures
[92mINFO [0m:      	└──> Aggregated MetricRecord: {'eval_loss': 1.1355914521217345, 'eval_acc': 0.6609375, 'client-ids': [0, 1, 2], 'per-client-eval_acc': [0.6575, 0.6625, 0.663125], 'per-client-eval_loss': [1.1346986548105875, 1.1364049243927001, 1.1360576820373536], 'per-client-num-examples': [1200, 400, 1600]}
[92mINFO [0m:      Global evaluation
[92mINFO [0m:      	└──> MetricRecord: {'loss': 1.1400203456878661, 'accuracy': 0.66, 'f1': 0.6228261207129143, 'precision': 0.7351946021173015, 'auc': 0.89532525}
[92mINFO [0m:      
[92mINFO [0m:      [ROUND 3/20]
[92mINFO [0m:      configure_train: Sampled 3 nodes (out of 3)
[36m(ClientAppActor pid=7455)[0m /usr/lib/python3.12/multiprocessing/popen_fork.py:66: DeprecationWarning: This process (pid=7455) is multi-threaded, use of fork() may lead to deadlocks in the child.[32m [repeated 3x across cluster][0m
[36m(ClientAppActor pid=7455)[0m   self.pid = os.fork()[32m [repeated 3x across cluster][0m
[92mINFO [0m:      aggregate_train: maximum pairwise model distance: 1.760085
[92mINFO [0m:      aggregate_train: Received 3 results and 0 failures
[92mINFO [0m:      aggregate_fit: parameters are clipped by value: 5.0000.
[92mINFO [0m:      aggregate_fit: parameters are clipped by value: 5.0000.
[92mINFO [0m:      aggregate_fit: parameters are clipped by value: 5.0000.
[92mINFO [0m:      aggregate_train: Received 3 results and 0 failures
[92mINFO [0m:      aggregate_train: metric-aware noise with 0.007102 stdev added
[92mINFO [0m:      	└──> Aggregated MetricRecord: {'train_loss': 0.5254996502399445, 'train_loss_mean': 0.6243471592068672, 'client-ids': [0, 1, 2], 'per-client-num-examples': [4800, 1600, 6400], 'per-client-train_loss': [0.5260378299156825, 0.5894765681028367, 0.509101786017418], 'per-client-train_loss_mean': [0.6271311268806458, 0.6871907945871353, 0.6065482746064663], 'dp-client-ids': [0, 1, 2], 'dp-update-norms-before-clipping': [10.266644136764032, 5.570458719845524, 12.085851399101163], 'dp-client-clipped': [1, 1, 1], 'dp-num-clients-clipped': 3, 'dp-fraction-clipped': 1.0, 'metric-dp-pairwise-distances': [1.4291873429901898, 1.7600846150889993, 1.7139116728988786], 'metric-dp-pairwise-client-i': [0, 0, 1], 'metric-dp-pairwise-client-j': [1, 2, 2], 'metric-dp-distance-min': 1.4291873429901898, 'metric-dp-distance-median': 1.7139116728988786, 'metric-dp-distance-mean': 1.6343945436593559, 'metric-dp-distance': 1.7600846150889993, 'dp-signal-update-norm': 4.050165970195218, 'dp-parameter-count': 226596, 'dp-expected-noise-l2-norm': 3.3806684907283957, 'dp-noise-to-signal-ratio': 0.8346987544723871, 'dp-noise-percent-of-signal': 83.46987544723869, 'metric-dp-noise-stdv': 0.007101931289461293}
[92mINFO [0m:      configure_evaluate: Sampled 3 nodes (out of 3)
[92mINFO [0m:      aggregate_evaluate: Received 3 results and 0 failures
[92mINFO [0m:      	└──> Aggregated MetricRecord: {'eval_loss': 0.7678005218505859, 'eval_acc': 0.7778125, 'client-ids': [0, 1, 2], 'per-client-eval_acc': [0.7916666666666666, 0.7775, 0.7675], 'per-client-eval_loss': [0.7587368329366048, 0.783759503364563, 0.7706085431575775], 'per-client-num-examples': [1200, 400, 1600]}
[92mINFO [0m:      Global evaluation
[92mINFO [0m:      	└──> MetricRecord: {'loss': 0.7782645206451416, 'accuracy': 0.7635, 'f1': 0.7624047657730774, 'precision': 0.7620364299771617, 'auc': 0.939651}
[92mINFO [0m:      
[92mINFO [0m:      [ROUND 4/20]
[92mINFO [0m:      configure_train: Sampled 3 nodes (out of 3)
[36m(ClientAppActor pid=7455)[0m /usr/lib/python3.12/multiprocessing/popen_fork.py:66: DeprecationWarning: This process (pid=7455) is multi-threaded, use of fork() may lead to deadlocks in the child.[32m [repeated 3x across cluster][0m
[36m(ClientAppActor pid=7455)[0m   self.pid = os.fork()[32m [repeated 3x across cluster][0m
[92mINFO [0m:      aggregate_train: maximum pairwise model distance: 1.831209
[92mINFO [0m:      aggregate_train: Received 3 results and 0 failures
[92mINFO [0m:      aggregate_fit: parameters are clipped by value: 5.0000.
[92mINFO [0m:      aggregate_fit: parameters are clipped by value: 5.0000.
[92mINFO [0m:      aggregate_fit: parameters are clipped by value: 5.0000.
[92mINFO [0m:      aggregate_train: Received 3 results and 0 failures
[92mINFO [0m:      aggregate_train: metric-aware noise with 0.006826 stdev added
[92mINFO [0m:      	└──> Aggregated MetricRecord: {'train_loss': 0.4185286517813802, 'train_loss_mean': 0.5193535660207271, 'client-ids': [0, 1, 2], 'per-client-num-examples': [4800, 1600, 6400], 'per-client-train_loss': [0.4138687546054522, 0.44861585050821307, 0.41450177498161794], 'per-client-train_loss_mean': [0.5170902471741041, 0.5512370305657386, 0.5130801890194416], 'dp-client-ids': [0, 1, 2], 'dp-update-norms-before-clipping': [10.278864840370817, 5.680461873941996, 11.452250783908267], 'dp-client-clipped': [1, 1, 1], 'dp-num-clients-clipped': 3, 'dp-fraction-clipped': 1.0, 'metric-dp-pairwise-distances': [1.530119101361682, 1.8312090639180194, 1.7121435760830839], 'metric-dp-pairwise-client-i': [0, 0, 1], 'metric-dp-pairwise-client-j': [1, 2, 2], 'metric-dp-distance-min': 1.530119101361682, 'metric-dp-distance-median': 1.7121435760830839, 'metric-dp-distance-mean': 1.6911572471209284, 'metric-dp-distance': 1.8312090639180194, 'dp-signal-update-norm': 3.8272428337863516, 'dp-parameter-count': 226596, 'dp-expected-noise-l2-norm': 3.2493627934082685, 'dp-noise-to-signal-ratio': 0.8490087863574685, 'dp-noise-percent-of-signal': 84.90087863574684, 'metric-dp-noise-stdv': 0.0068260911581855335}
[92mINFO [0m:      configure_evaluate: Sampled 3 nodes (out of 3)
[92mINFO [0m:      aggregate_evaluate: Received 3 results and 0 failures
[92mINFO [0m:      	└──> Aggregated MetricRecord: {'eval_loss': 0.571174098700285, 'eval_acc': 0.7921874999999999, 'client-ids': [0, 1, 2], 'per-client-eval_acc': [0.8025, 0.775, 0.78875], 'per-client-eval_loss': [0.5589973839124044, 0.5828805983066558, 0.5773800098896027], 'per-client-num-examples': [1200, 400, 1600]}
[92mINFO [0m:      Global evaluation
[92mINFO [0m:      	└──> MetricRecord: {'loss': 0.5826467015743255, 'accuracy': 0.79, 'f1': 0.7870002073099464, 'precision': 0.7944370090164868, 'auc': 0.9503827499999999}
[92mINFO [0m:      
[92mINFO [0m:      [ROUND 5/20]
[92mINFO [0m:      configure_train: Sampled 3 nodes (out of 3)
[36m(ClientAppActor pid=7455)[0m /usr/lib/python3.12/multiprocessing/popen_fork.py:66: DeprecationWarning: This process (pid=7455) is multi-threaded, use of fork() may lead to deadlocks in the child.[32m [repeated 3x across cluster][0m
[36m(ClientAppActor pid=7455)[0m   self.pid = os.fork()[32m [repeated 3x across cluster][0m
[92mINFO [0m:      aggregate_train: maximum pairwise model distance: 1.921388
[92mINFO [0m:      aggregate_train: Received 3 results and 0 failures
[92mINFO [0m:      aggregate_fit: parameters are clipped by value: 5.0000.
[92mINFO [0m:      aggregate_fit: parameters are clipped by value: 5.0000.
[92mINFO [0m:      aggregate_fit: parameters are clipped by value: 5.0000.
[92mINFO [0m:      aggregate_train: Received 3 results and 0 failures
[92mINFO [0m:      aggregate_train: metric-aware noise with 0.006506 stdev added
[92mINFO [0m:      	└──> Aggregated MetricRecord: {'train_loss': 0.30847297040745614, 'train_loss_mean': 0.42163669139519333, 'client-ids': [0, 1, 2], 'per-client-num-examples': [4800, 1600, 6400], 'per-client-train_loss': [0.31526474475860594, 0.28731158286333086, 0.30866948653012516], 'per-client-train_loss_mean': [0.42533491748571395, 0.4244833329916, 0.41815136142820125], 'dp-client-ids': [0, 1, 2], 'dp-update-norms-before-clipping': [9.876105577820354, 6.028220318204075, 11.521741001275176], 'dp-client-clipped': [1, 1, 1], 'dp-num-clients-clipped': 3, 'dp-fraction-clipped': 1.0, 'metric-dp-pairwise-distances': [1.5811520780747135, 1.9213883988559246, 1.808859059587121], 'metric-dp-pairwise-client-i': [0, 0, 1], 'metric-dp-pairwise-client-j': [1, 2, 2], 'metric-dp-distance-min': 1.5811520780747135, 'metric-dp-distance-median': 1.808859059587121, 'metric-dp-distance-mean': 1.7704665121725862, 'metric-dp-distance': 1.9213883988559246, 'dp-signal-update-norm': 3.6248032696976416, 'dp-parameter-count': 226596, 'dp-expected-noise-l2-norm': 3.0968556918477446, 'dp-noise-to-signal-ratio': 0.8543513844562562, 'dp-noise-percent-of-signal': 85.43513844562563, 'metric-dp-noise-stdv': 0.00650571222738881}
[92mINFO [0m:      configure_evaluate: Sampled 3 nodes (out of 3)
[92mINFO [0m:      aggregate_evaluate: Received 3 results and 0 failures
[92mINFO [0m:      	└──> Aggregated MetricRecord: {'eval_loss': 0.486982649564743, 'eval_acc': 0.815625, 'client-ids': [0, 1, 2], 'per-client-eval_acc': [0.8258333333333333, 0.8025, 0.81125], 'per-client-eval_loss': [0.4732308721542358, 0.49076942920684813, 0.49634978771209715], 'per-client-num-examples': [1200, 400, 1600]}
[92mINFO [0m:      Global evaluation
[92mINFO [0m:      	└──> MetricRecord: {'loss': 0.49471495604515076, 'accuracy': 0.8135, 'f1': 0.8116763031752082, 'precision': 0.8134813372089941, 'auc': 0.9578479999999998}
[92mINFO [0m:      
[92mINFO [0m:      [ROUND 6/20]
[92mINFO [0m:      configure_train: Sampled 3 nodes (out of 3)
[36m(ClientAppActor pid=7455)[0m /usr/lib/python3.12/multiprocessing/popen_fork.py:66: DeprecationWarning: This process (pid=7455) is multi-threaded, use of fork() may lead to deadlocks in the child.[32m [repeated 3x across cluster][0m
[36m(ClientAppActor pid=7455)[0m   self.pid = os.fork()[32m [repeated 3x across cluster][0m
[92mINFO [0m:      aggregate_train: maximum pairwise model distance: 1.954907
[92mINFO [0m:      aggregate_train: Received 3 results and 0 failures
[92mINFO [0m:      aggregate_fit: parameters are clipped by value: 5.0000.
[92mINFO [0m:      aggregate_fit: parameters are clipped by value: 5.0000.
[92mINFO [0m:      aggregate_fit: parameters are clipped by value: 5.0000.
[92mINFO [0m:      aggregate_train: Received 3 results and 0 failures
[92mINFO [0m:      aggregate_train: metric-aware noise with 0.006394 stdev added
[92mINFO [0m:      	└──> Aggregated MetricRecord: {'train_loss': 0.2237881742604077, 'train_loss_mean': 0.33022133392095565, 'client-ids': [0, 1, 2], 'per-client-num-examples': [4800, 1600, 6400], 'per-client-train_loss': [0.22921855847040812, 0.23783657401800157, 0.2162032861635089], 'per-client-train_loss_mean': [0.33811464547117553, 0.3379846912026406, 0.32236051093786955], 'dp-client-ids': [0, 1, 2], 'dp-update-norms-before-clipping': [9.631863528404947, 5.855009351394993, 10.907036338781207], 'dp-client-clipped': [1, 1, 1], 'dp-num-clients-clipped': 3, 'dp-fraction-clipped': 1.0, 'metric-dp-pairwise-distances': [1.6030508722178638, 1.9549070292462905, 1.7744619554529588], 'metric-dp-pairwise-client-i': [0, 0, 1], 'metric-dp-pairwise-client-j': [1, 2, 2], 'metric-dp-distance-min': 1.6030508722178638, 'metric-dp-distance-median': 1.7744619554529588, 'metric-dp-distance-mean': 1.7774732856390376, 'metric-dp-distance': 1.9549070292462905, 'dp-signal-update-norm': 3.449417057643147, 'dp-parameter-count': 226596, 'dp-expected-noise-l2-norm': 3.0437573297494893, 'dp-noise-to-signal-ratio': 0.8823975990392912, 'dp-noise-percent-of-signal': 88.23975990392913, 'metric-dp-noise-stdv': 0.006394165969529172}
[92mINFO [0m:      configure_evaluate: Sampled 3 nodes (out of 3)
[92mINFO [0m:      aggregate_evaluate: Received 3 results and 0 failures
[92mINFO [0m:      	└──> Aggregated MetricRecord: {'eval_loss': 0.46700547173619267, 'eval_acc': 0.823125, 'client-ids': [0, 1, 2], 'per-client-eval_acc': [0.83, 0.81, 0.82125], 'per-client-eval_loss': [0.44943962891896566, 0.46533455967903137, 0.48059758186340334], 'per-client-num-examples': [1200, 400, 1600]}
[92mINFO [0m:      Global evaluation
[92mINFO [0m:      	└──> MetricRecord: {'loss': 0.4868185547590256, 'accuracy': 0.8185, 'f1': 0.8159436419841152, 'precision': 0.823273113313193, 'auc': 0.9591842500000002}
[92mINFO [0m:      
[92mINFO [0m:      [ROUND 7/20]
[92mINFO [0m:      configure_train: Sampled 3 nodes (out of 3)
[36m(ClientAppActor pid=7455)[0m /usr/lib/python3.12/multiprocessing/popen_fork.py:66: DeprecationWarning: This process (pid=7455) is multi-threaded, use of fork() may lead to deadlocks in the child.[32m [repeated 3x across cluster][0m
[36m(ClientAppActor pid=7455)[0m   self.pid = os.fork()[32m [repeated 3x across cluster][0m
[92mINFO [0m:      aggregate_train: maximum pairwise model distance: 1.926255
[92mINFO [0m:      aggregate_train: Received 3 results and 0 failures
[92mINFO [0m:      aggregate_fit: parameters are clipped by value: 5.0000.
[92mINFO [0m:      aggregate_fit: parameters are clipped by value: 5.0000.
[92mINFO [0m:      aggregate_fit: parameters are clipped by value: 5.0000.
[92mINFO [0m:      aggregate_train: Received 3 results and 0 failures
[92mINFO [0m:      aggregate_train: metric-aware noise with 0.006489 stdev added
[92mINFO [0m:      	└──> Aggregated MetricRecord: {'train_loss': 0.15568975332658738, 'train_loss_mean': 0.25808481459412724, 'client-ids': [0, 1, 2], 'per-client-num-examples': [4800, 1600, 6400], 'per-client-train_loss': [0.16299397863447665, 0.13736233741044998, 0.15479343832470477], 'per-client-train_loss_mean': [0.2643961231261492, 0.27327991275489333, 0.24955255865491927], 'dp-client-ids': [0, 1, 2], 'dp-update-norms-before-clipping': [9.02324275044811, 5.541197698766554, 10.524466017936327], 'dp-client-clipped': [1, 1, 1], 'dp-num-clients-clipped': 3, 'dp-fraction-clipped': 1.0, 'metric-dp-pairwise-distances': [1.537377645727247, 1.9262546239575993, 1.7451933819490175], 'metric-dp-pairwise-client-i': [0, 0, 1], 'metric-dp-pairwise-client-j': [1, 2, 2], 'metric-dp-distance-min': 1.537377645727247, 'metric-dp-distance-median': 1.7451933819490175, 'metric-dp-distance-mean': 1.736275217211288, 'metric-dp-distance': 1.9262546239575993, 'dp-signal-update-norm': 3.3191704584784487, 'dp-parameter-count': 226596, 'dp-expected-noise-l2-norm': 3.089032220995812, 'dp-noise-to-signal-ratio': 0.9306639293276504, 'dp-noise-percent-of-signal': 93.06639293276503, 'metric-dp-noise-stdv': 0.006489277089608247}
[92mINFO [0m:      configure_evaluate: Sampled 3 nodes (out of 3)
[92mINFO [0m:      aggregate_evaluate: Received 3 results and 0 failures
[92mINFO [0m:      	└──> Aggregated MetricRecord: {'eval_loss': 0.4940100952237844, 'eval_acc': 0.8259375, 'client-ids': [0, 1, 2], 'per-client-eval_acc': [0.8225, 0.8375, 0.825625], 'per-client-eval_loss': [0.4757791531085968, 0.4783982914686203, 0.5115862527489662], 'per-client-num-examples': [1200, 400, 1600]}
[92mINFO [0m:      Global evaluation
[92mINFO [0m:      	└──> MetricRecord: {'loss': 0.5405912650823593, 'accuracy': 0.81, 'f1': 0.8073363160078063, 'precision': 0.8204262027053449, 'auc': 0.9569685}
[92mINFO [0m:      
[92mINFO [0m:      [ROUND 8/20]
[92mINFO [0m:      configure_train: Sampled 3 nodes (out of 3)
[36m(ClientAppActor pid=7455)[0m /usr/lib/python3.12/multiprocessing/popen_fork.py:66: DeprecationWarning: This process (pid=7455) is multi-threaded, use of fork() may lead to deadlocks in the child.[32m [repeated 3x across cluster][0m
[36m(ClientAppActor pid=7455)[0m   self.pid = os.fork()[32m [repeated 3x across cluster][0m
[92mINFO [0m:      aggregate_train: maximum pairwise model distance: 1.907081
[92mINFO [0m:      aggregate_train: Received 3 results and 0 failures
[92mINFO [0m:      aggregate_fit: parameters are clipped by value: 5.0000.
[92mINFO [0m:      aggregate_fit: parameters are clipped by value: 5.0000.
[92mINFO [0m:      aggregate_fit: parameters are clipped by value: 5.0000.
[92mINFO [0m:      aggregate_train: Received 3 results and 0 failures
[92mINFO [0m:      aggregate_train: metric-aware noise with 0.006555 stdev added
[92mINFO [0m:      	└──> Aggregated MetricRecord: {'train_loss': 0.13168209433089942, 'train_loss_mean': 0.2033085049865767, 'client-ids': [0, 1, 2], 'per-client-num-examples': [4800, 1600, 6400], 'per-client-train_loss': [0.13041132185608148, 0.09274397823959589, 0.14236970270983876], 'per-client-train_loss_mean': [0.20734525669862824, 0.22230606276541948, 0.1955315517578274], 'dp-client-ids': [0, 1, 2], 'dp-update-norms-before-clipping': [8.811425239623969, 5.52974784985857, 10.175177184645536], 'dp-client-clipped': [1, 1, 1], 'dp-num-clients-clipped': 3, 'dp-fraction-clipped': 1.0, 'metric-dp-pairwise-distances': [1.5168121851359804, 1.9070805008523166, 1.6908159569526713], 'metric-dp-pairwise-client-i': [0, 0, 1], 'metric-dp-pairwise-client-j': [1, 2, 2], 'metric-dp-distance-min': 1.5168121851359804, 'metric-dp-distance-median': 1.6908159569526713, 'metric-dp-distance-mean': 1.7049028809803228, 'metric-dp-distance': 1.9070805008523166, 'dp-signal-update-norm': 3.235111221253545, 'dp-parameter-count': 226596, 'dp-expected-noise-l2-norm': 3.1200898947830953, 'dp-noise-to-signal-ratio': 0.9644459437082719, 'dp-noise-percent-of-signal': 96.44459437082718, 'metric-dp-noise-stdv': 0.0065545214239322745}
[92mINFO [0m:      configure_evaluate: Sampled 3 nodes (out of 3)
[92mINFO [0m:      aggregate_evaluate: Received 3 results and 0 failures
[92mINFO [0m:      	└──> Aggregated MetricRecord: {'eval_loss': 0.5210039821267128, 'eval_acc': 0.8315625, 'client-ids': [0, 1, 2], 'per-client-eval_acc': [0.8366666666666667, 0.835, 0.826875], 'per-client-eval_loss': [0.4939881296952566, 0.5032046329975128, 0.545715708732605], 'per-client-num-examples': [1200, 400, 1600]}
[92mINFO [0m:      Global evaluation
[92mINFO [0m:      	└──> MetricRecord: {'loss': 0.5838656027317047, 'accuracy': 0.8055, 'f1': 0.8046665675570591, 'precision': 0.812844416765812, 'auc': 0.9581988333333333}
[92mINFO [0m:      
[92mINFO [0m:      [ROUND 9/20]
[92mINFO [0m:      configure_train: Sampled 3 nodes (out of 3)
[36m(ClientAppActor pid=7455)[0m /usr/lib/python3.12/multiprocessing/popen_fork.py:66: DeprecationWarning: This process (pid=7455) is multi-threaded, use of fork() may lead to deadlocks in the child.[32m [repeated 3x across cluster][0m
[36m(ClientAppActor pid=7455)[0m   self.pid = os.fork()[32m [repeated 3x across cluster][0m
[92mINFO [0m:      aggregate_train: maximum pairwise model distance: 1.842226
[92mINFO [0m:      aggregate_train: Received 3 results and 0 failures
[92mINFO [0m:      aggregate_fit: parameters are clipped by value: 5.0000.
[92mINFO [0m:      aggregate_fit: parameters are clipped by value: 5.0000.
[92mINFO [0m:      aggregate_fit: parameters are clipped by value: 5.0000.
[92mINFO [0m:      aggregate_train: Received 3 results and 0 failures
[92mINFO [0m:      aggregate_train: metric-aware noise with 0.006785 stdev added
[92mINFO [0m:      	└──> Aggregated MetricRecord: {'train_loss': 0.09279320794623346, 'train_loss_mean': 0.1571462200540118, 'client-ids': [0, 1, 2], 'per-client-num-examples': [4800, 1600, 6400], 'per-client-train_loss': [0.0979883950141569, 0.06591567413881422, 0.09561620109714568], 'per-client-train_loss_mean': [0.15594111953054865, 0.17186531968042254, 0.15437027054000646], 'dp-client-ids': [0, 1, 2], 'dp-update-norms-before-clipping': [8.273586892973617, 5.252371230601762, 9.736531558084025], 'dp-client-clipped': [1, 1, 1], 'dp-num-clients-clipped': 3, 'dp-fraction-clipped': 1.0, 'metric-dp-pairwise-distances': [1.4414751535902421, 1.8422261719436694, 1.6224958255576591], 'metric-dp-pairwise-client-i': [0, 0, 1], 'metric-dp-pairwise-client-j': [1, 2, 2], 'metric-dp-distance-min': 1.4414751535902421, 'metric-dp-distance-median': 1.6224958255576591, 'metric-dp-distance-mean': 1.635399050363857, 'metric-dp-distance': 1.8422261719436694, 'dp-signal-update-norm': 3.1607808461958875, 'dp-parameter-count': 226596, 'dp-expected-noise-l2-norm': 3.2299305535157385, 'dp-noise-to-signal-ratio': 1.0218774127928152, 'dp-noise-percent-of-signal': 102.18774127928151, 'metric-dp-noise-stdv': 0.0067852689264596}
[92mINFO [0m:      configure_evaluate: Sampled 3 nodes (out of 3)
[92mINFO [0m:      aggregate_evaluate: Received 3 results and 0 failures
[92mINFO [0m:      	└──> Aggregated MetricRecord: {'eval_loss': 0.5331277161091565, 'eval_acc': 0.8371875, 'client-ids': [0, 1, 2], 'per-client-eval_acc': [0.8416666666666667, 0.85, 0.830625], 'per-client-eval_loss': [0.517562134663264, 0.5038870716094971, 0.5521120633184909], 'per-client-num-examples': [1200, 400, 1600]}
[92mINFO [0m:      Global evaluation
[92mINFO [0m:      	└──> MetricRecord: {'loss': 0.5902846022844315, 'accuracy': 0.8175, 'f1': 0.8175440294129058, 'precision': 0.8185599432114464, 'auc': 0.96069425}
[92mINFO [0m:      
[92mINFO [0m:      [ROUND 10/20]
[92mINFO [0m:      configure_train: Sampled 3 nodes (out of 3)
[36m(ClientAppActor pid=7455)[0m /usr/lib/python3.12/multiprocessing/popen_fork.py:66: DeprecationWarning: This process (pid=7455) is multi-threaded, use of fork() may lead to deadlocks in the child.[32m [repeated 3x across cluster][0m
[36m(ClientAppActor pid=7455)[0m   self.pid = os.fork()[32m [repeated 3x across cluster][0m
[92mINFO [0m:      aggregate_train: maximum pairwise model distance: 1.848550
[92mINFO [0m:      aggregate_train: Received 3 results and 0 failures
[92mINFO [0m:      aggregate_fit: parameters are clipped by value: 5.0000.
[92mINFO [0m:      aggregate_fit: parameters are clipped by value: 5.0000.
[92mINFO [0m:      aggregate_fit: parameters are clipped by value: 5.0000.
[92mINFO [0m:      aggregate_train: Received 3 results and 0 failures
[92mINFO [0m:      aggregate_train: metric-aware noise with 0.006762 stdev added
[92mINFO [0m:      	└──> Aggregated MetricRecord: {'train_loss': 0.09199332792079076, 'train_loss_mean': 0.12874550807569174, 'client-ids': [0, 1, 2], 'per-client-num-examples': [4800, 1600, 6400], 'per-client-train_loss': [0.08073040617319445, 0.07543201059103012, 0.10458084856392816], 'per-client-train_loss_mean': [0.1262583815654119, 0.15559275124035776, 0.12389904216723516], 'dp-client-ids': [0, 1, 2], 'dp-update-norms-before-clipping': [8.355627592762259, 5.317397471025391, 9.469929025245932], 'dp-client-clipped': [1, 1, 1], 'dp-num-clients-clipped': 3, 'dp-fraction-clipped': 1.0, 'metric-dp-pairwise-distances': [1.4425637588525813, 1.848549590834106, 1.6021840188962717], 'metric-dp-pairwise-client-i': [0, 0, 1], 'metric-dp-pairwise-client-j': [1, 2, 2], 'metric-dp-distance-min': 1.4425637588525813, 'metric-dp-distance-median': 1.6021840188962717, 'metric-dp-distance-mean': 1.6310991228609864, 'metric-dp-distance': 1.848549590834106, 'dp-signal-update-norm': 3.1138347070039547, 'dp-parameter-count': 226596, 'dp-expected-noise-l2-norm': 3.2188817810196304, 'dp-noise-to-signal-ratio': 1.0337355973903795, 'dp-noise-percent-of-signal': 103.37355973903794, 'metric-dp-noise-stdv': 0.0067620582439228616}
[92mINFO [0m:      configure_evaluate: Sampled 3 nodes (out of 3)
[92mINFO [0m:      aggregate_evaluate: Received 3 results and 0 failures
[92mINFO [0m:      	└──> Aggregated MetricRecord: {'eval_loss': 0.5582334154844284, 'eval_acc': 0.8353124999999999, 'client-ids': [0, 1, 2], 'per-client-eval_acc': [0.8441666666666666, 0.85, 0.825], 'per-client-eval_loss': [0.5429650330543518, 0.4887234008312225, 0.5870622059702874], 'per-client-num-examples': [1200, 400, 1600]}
[92mINFO [0m:      Global evaluation
[92mINFO [0m:      	└──> MetricRecord: {'loss': 0.6071299475431442, 'accuracy': 0.8215, 'f1': 0.8211784409165621, 'precision': 0.8237303458833428, 'auc': 0.9615991250000001}
[92mINFO [0m:      
[92mINFO [0m:      [ROUND 11/20]
[92mINFO [0m:      configure_train: Sampled 3 nodes (out of 3)
[36m(ClientAppActor pid=7455)[0m /usr/lib/python3.12/multiprocessing/popen_fork.py:66: DeprecationWarning: This process (pid=7455) is multi-threaded, use of fork() may lead to deadlocks in the child.[32m [repeated 3x across cluster][0m
[36m(ClientAppActor pid=7455)[0m   self.pid = os.fork()[32m [repeated 3x across cluster][0m
[92mINFO [0m:      aggregate_train: maximum pairwise model distance: 1.776780
[92mINFO [0m:      aggregate_train: Received 3 results and 0 failures
[92mINFO [0m:      aggregate_fit: parameters are clipped by value: 5.0000.
[92mINFO [0m:      aggregate_fit: parameters are clipped by value: 5.0000.
[92mINFO [0m:      aggregate_fit: parameters are clipped by value: 5.0000.
[92mINFO [0m:      aggregate_train: Received 3 results and 0 failures
[92mINFO [0m:      aggregate_train: metric-aware noise with 0.007035 stdev added
[92mINFO [0m:      	└──> Aggregated MetricRecord: {'train_loss': 0.0800673826446291, 'train_loss_mean': 0.11144031055801315, 'client-ids': [0, 1, 2], 'per-client-num-examples': [4800, 1600, 6400], 'per-client-train_loss': [0.08829053921935459, 0.05901851129718125, 0.07916223305044695], 'per-client-train_loss_mean': [0.10943690105884647, 0.1408889586161822, 0.1055807056678459], 'dp-client-ids': [0, 1, 2], 'dp-update-norms-before-clipping': [7.85288148518526, 5.186491697591354, 9.158927448466487], 'dp-client-clipped': [1, 1, 1], 'dp-num-clients-clipped': 3, 'dp-fraction-clipped': 1.0, 'metric-dp-pairwise-distances': [1.3873923278103273, 1.7767804046161473, 1.5492055310557287], 'metric-dp-pairwise-client-i': [0, 0, 1], 'metric-dp-pairwise-client-j': [1, 2, 2], 'metric-dp-distance-min': 1.3873923278103273, 'metric-dp-distance-median': 1.5492055310557287, 'metric-dp-distance-mean': 1.5711260878274012, 'metric-dp-distance': 1.7767804046161473, 'dp-signal-update-norm': 3.1066863660473314, 'dp-parameter-count': 226596, 'dp-expected-noise-l2-norm': 3.3489015208565864, 'dp-noise-to-signal-ratio': 1.0779657571669934, 'dp-noise-percent-of-signal': 107.79657571669934, 'metric-dp-noise-stdv': 0.007035196903075076}
[92mINFO [0m:      configure_evaluate: Sampled 3 nodes (out of 3)
[92mINFO [0m:      aggregate_evaluate: Received 3 results and 0 failures
[92mINFO [0m:      	└──> Aggregated MetricRecord: {'eval_loss': 0.5932863411307335, 'eval_acc': 0.8296875, 'client-ids': [0, 1, 2], 'per-client-eval_acc': [0.8341666666666666, 0.8475, 0.821875], 'per-client-eval_loss': [0.5913417128721873, 0.5134595024585724, 0.6147015219926835], 'per-client-num-examples': [1200, 400, 1600]}
[92mINFO [0m:      Global evaluation
[92mINFO [0m:      	└──> MetricRecord: {'loss': 0.6287131292819976, 'accuracy': 0.826, 'f1': 0.8249516585991645, 'precision': 0.8244920701507958, 'auc': 0.95997}
[92mINFO [0m:      
[92mINFO [0m:      [ROUND 12/20]
[92mINFO [0m:      configure_train: Sampled 3 nodes (out of 3)
[36m(ClientAppActor pid=7455)[0m /usr/lib/python3.12/multiprocessing/popen_fork.py:66: DeprecationWarning: This process (pid=7455) is multi-threaded, use of fork() may lead to deadlocks in the child.[32m [repeated 3x across cluster][0m
[36m(ClientAppActor pid=7455)[0m   self.pid = os.fork()[32m [repeated 3x across cluster][0m
[92mINFO [0m:      aggregate_train: maximum pairwise model distance: 1.846855
[92mINFO [0m:      aggregate_train: Received 3 results and 0 failures
[92mINFO [0m:      aggregate_fit: parameters are clipped by value: 5.0000.
[92mINFO [0m:      aggregate_fit: parameters are clipped by value: 5.0000.
[92mINFO [0m:      aggregate_fit: parameters are clipped by value: 5.0000.
[92mINFO [0m:      aggregate_train: Received 3 results and 0 failures
[92mINFO [0m:      aggregate_train: metric-aware noise with 0.006768 stdev added
[92mINFO [0m:      	└──> Aggregated MetricRecord: {'train_loss': 0.06088367257936625, 'train_loss_mean': 0.09520227752550273, 'client-ids': [0, 1, 2], 'per-client-num-examples': [4800, 1600, 6400], 'per-client-train_loss': [0.05488669603519763, 0.021398666636087, 0.07525265647331253], 'per-client-train_loss_mean': [0.0980136438262028, 0.11479066121112555, 0.08819665687857196], 'dp-client-ids': [0, 1, 2], 'dp-update-norms-before-clipping': [8.149500725746329, 4.8312764860075665, 9.61976623061067], 'dp-client-clipped': [1, 0, 1], 'dp-num-clients-clipped': 2, 'dp-fraction-clipped': 0.6666666666666666, 'metric-dp-pairwise-distances': [1.3745349732538064, 1.8468553910497576, 1.5787345473654568], 'metric-dp-pairwise-client-i': [0, 0, 1], 'metric-dp-pairwise-client-j': [1, 2, 2], 'metric-dp-distance-min': 1.3745349732538064, 'metric-dp-distance-median': 1.5787345473654568, 'metric-dp-distance-mean': 1.6000416372230069, 'metric-dp-distance': 1.8468553910497576, 'dp-signal-update-norm': 3.109918448417607, 'dp-parameter-count': 226596, 'dp-expected-noise-l2-norm': 3.221834599548723, 'dp-noise-to-signal-ratio': 1.0359868443457292, 'dp-noise-percent-of-signal': 103.59868443457292, 'metric-dp-noise-stdv': 0.00676826137042325}
[92mINFO [0m:      configure_evaluate: Sampled 3 nodes (out of 3)
[92mINFO [0m:      aggregate_evaluate: Received 3 results and 0 failures
[92mINFO [0m:      	└──> Aggregated MetricRecord: {'eval_loss': 0.6428052231669426, 'eval_acc': 0.8315625, 'client-ids': [0, 1, 2], 'per-client-eval_acc': [0.825, 0.855, 0.830625], 'per-client-eval_loss': [0.6270379424095154, 0.555013337135315, 0.6765786552429199], 'per-client-num-examples': [1200, 400, 1600]}
[92mINFO [0m:      Global evaluation
[92mINFO [0m:      	└──> MetricRecord: {'loss': 0.6988679234981536, 'accuracy': 0.8205, 'f1': 0.8197763917375355, 'precision': 0.8194872784592335, 'auc': 0.959011875}
[92mINFO [0m:      
[92mINFO [0m:      [ROUND 13/20]
[92mINFO [0m:      configure_train: Sampled 3 nodes (out of 3)
[36m(ClientAppActor pid=7455)[0m /usr/lib/python3.12/multiprocessing/popen_fork.py:66: DeprecationWarning: This process (pid=7455) is multi-threaded, use of fork() may lead to deadlocks in the child.[32m [repeated 3x across cluster][0m
[36m(ClientAppActor pid=7455)[0m   self.pid = os.fork()[32m [repeated 3x across cluster][0m
[92mINFO [0m:      aggregate_train: maximum pairwise model distance: 1.790531
[92mINFO [0m:      aggregate_train: Received 3 results and 0 failures
[92mINFO [0m:      aggregate_fit: parameters are clipped by value: 5.0000.
[92mINFO [0m:      aggregate_fit: parameters are clipped by value: 5.0000.
[92mINFO [0m:      aggregate_fit: parameters are clipped by value: 5.0000.
[92mINFO [0m:      aggregate_train: Received 3 results and 0 failures
[92mINFO [0m:      aggregate_train: metric-aware noise with 0.006981 stdev added
[92mINFO [0m:      	└──> Aggregated MetricRecord: {'train_loss': 0.04971388338250107, 'train_loss_mean': 0.08108214947814121, 'client-ids': [0, 1, 2], 'per-client-num-examples': [4800, 1600, 6400], 'per-client-train_loss': [0.040027883081541704, 0.024929120182059707, 0.06317457440833095], 'per-client-train_loss_mean': [0.0766912756989089, 0.11204350795317441, 0.07663496519380715], 'dp-client-ids': [0, 1, 2], 'dp-update-norms-before-clipping': [8.056258596528236, 5.064432180064579, 9.288674827065245], 'dp-client-clipped': [1, 1, 1], 'dp-num-clients-clipped': 3, 'dp-fraction-clipped': 1.0, 'metric-dp-pairwise-distances': [1.3799777107778937, 1.7905312144042302, 1.5398100408104558], 'metric-dp-pairwise-client-i': [0, 0, 1], 'metric-dp-pairwise-client-j': [1, 2, 2], 'metric-dp-distance-min': 1.3799777107778937, 'metric-dp-distance-median': 1.5398100408104558, 'metric-dp-distance-mean': 1.5701063219975264, 'metric-dp-distance': 1.7905312144042302, 'dp-signal-update-norm': 3.114672260326909, 'dp-parameter-count': 226596, 'dp-expected-noise-l2-norm': 3.3231828361210938, 'dp-noise-to-signal-ratio': 1.0669446279950816, 'dp-noise-percent-of-signal': 106.69446279950816, 'metric-dp-noise-stdv': 0.0069811684373004175}
[92mINFO [0m:      configure_evaluate: Sampled 3 nodes (out of 3)
[92mINFO [0m:      aggregate_evaluate: Received 3 results and 0 failures
[92mINFO [0m:      	└──> Aggregated MetricRecord: {'eval_loss': 0.714497868269682, 'eval_acc': 0.8262499999999999, 'client-ids': [0, 1, 2], 'per-client-eval_acc': [0.8266666666666667, 0.85, 0.82], 'per-client-eval_loss': [0.6903114442030589, 0.6006248104572296, 0.7611059507727623], 'per-client-num-examples': [1200, 400, 1600]}
[92mINFO [0m:      Global evaluation
[92mINFO [0m:      	└──> MetricRecord: {'loss': 0.7722694025039673, 'accuracy': 0.808, 'f1': 0.80801820956212, 'precision': 0.8081758436886639, 'auc': 0.9581907083333333}
[92mINFO [0m:      
[92mINFO [0m:      [ROUND 14/20]
[92mINFO [0m:      configure_train: Sampled 3 nodes (out of 3)
[36m(ClientAppActor pid=7455)[0m /usr/lib/python3.12/multiprocessing/popen_fork.py:66: DeprecationWarning: This process (pid=7455) is multi-threaded, use of fork() may lead to deadlocks in the child.[32m [repeated 3x across cluster][0m
[36m(ClientAppActor pid=7455)[0m   self.pid = os.fork()[32m [repeated 3x across cluster][0m
[92mINFO [0m:      aggregate_train: maximum pairwise model distance: 1.874035
[92mINFO [0m:      aggregate_train: Received 3 results and 0 failures
[92mINFO [0m:      aggregate_fit: parameters are clipped by value: 5.0000.
[92mINFO [0m:      aggregate_fit: parameters are clipped by value: 5.0000.
[92mINFO [0m:      aggregate_fit: parameters are clipped by value: 5.0000.
[92mINFO [0m:      aggregate_train: Received 3 results and 0 failures
[92mINFO [0m:      aggregate_train: metric-aware noise with 0.006670 stdev added
[92mINFO [0m:      	└──> Aggregated MetricRecord: {'train_loss': 0.07629134580347455, 'train_loss_mean': 0.07813391820422838, 'client-ids': [0, 1, 2], 'per-client-num-examples': [4800, 1600, 6400], 'per-client-train_loss': [0.06814263543579728, 0.027683831669855864, 0.09455475711263717], 'per-client-train_loss_mean': [0.08156670711903521, 0.0943257567603141, 0.07151136687910184], 'dp-client-ids': [0, 1, 2], 'dp-update-norms-before-clipping': [8.654423957058407, 5.072752883164875, 9.670792527224513], 'dp-client-clipped': [1, 1, 1], 'dp-num-clients-clipped': 3, 'dp-fraction-clipped': 1.0, 'metric-dp-pairwise-distances': [1.4429394183680415, 1.8740348331242178, 1.5806100683597226], 'metric-dp-pairwise-client-i': [0, 0, 1], 'metric-dp-pairwise-client-j': [1, 2, 2], 'metric-dp-distance-min': 1.4429394183680415, 'metric-dp-distance-median': 1.5806100683597226, 'metric-dp-distance-mean': 1.6325281066173272, 'metric-dp-distance': 1.8740348331242178, 'dp-signal-update-norm': 3.1258706216192507, 'dp-parameter-count': 226596, 'dp-expected-noise-l2-norm': 3.1751077909941876, 'dp-noise-to-signal-ratio': 1.0157515058474913, 'dp-noise-percent-of-signal': 101.57515058474912, 'metric-dp-noise-stdv': 0.006670100138512983}
[92mINFO [0m:      configure_evaluate: Sampled 3 nodes (out of 3)
[92mINFO [0m:      aggregate_evaluate: Received 3 results and 0 failures
[92mINFO [0m:      	└──> Aggregated MetricRecord: {'eval_loss': 0.6589679877460003, 'eval_acc': 0.835625, 'client-ids': [0, 1, 2], 'per-client-eval_acc': [0.8358333333333333, 0.8575, 0.83], 'per-client-eval_loss': [0.6311263759930928, 0.5727173089981079, 0.701411866247654], 'per-client-num-examples': [1200, 400, 1600]}
[92mINFO [0m:      Global evaluation
[92mINFO [0m:      	└──> MetricRecord: {'loss': 0.7373371903896332, 'accuracy': 0.825, 'f1': 0.8242401257478523, 'precision': 0.823965617503259, 'auc': 0.9586345833333333}
[92mINFO [0m:      
[92mINFO [0m:      [ROUND 15/20]
[92mINFO [0m:      configure_train: Sampled 3 nodes (out of 3)
[36m(ClientAppActor pid=7455)[0m /usr/lib/python3.12/multiprocessing/popen_fork.py:66: DeprecationWarning: This process (pid=7455) is multi-threaded, use of fork() may lead to deadlocks in the child.[32m [repeated 3x across cluster][0m
[36m(ClientAppActor pid=7455)[0m   self.pid = os.fork()[32m [repeated 3x across cluster][0m
[92mINFO [0m:      aggregate_train: maximum pairwise model distance: 1.930628
[92mINFO [0m:      aggregate_train: Received 3 results and 0 failures
[92mINFO [0m:      aggregate_fit: parameters are clipped by value: 5.0000.
[92mINFO [0m:      aggregate_fit: parameters are clipped by value: 5.0000.
[92mINFO [0m:      aggregate_fit: parameters are clipped by value: 5.0000.
[92mINFO [0m:      aggregate_train: Received 3 results and 0 failures
[92mINFO [0m:      aggregate_train: metric-aware noise with 0.006475 stdev added
[92mINFO [0m:      	└──> Aggregated MetricRecord: {'train_loss': 0.0676335776867927, 'train_loss_mean': 0.06981419978391204, 'client-ids': [0, 1, 2], 'per-client-num-examples': [4800, 1600, 6400], 'per-client-train_loss': [0.05480774532615518, 0.05430303381290287, 0.08058558792574332], 'per-client-train_loss_mean': [0.07110113674215972, 0.10013505746144802, 0.06126878264584229], 'dp-client-ids': [0, 1, 2], 'dp-update-norms-before-clipping': [8.841863455594606, 5.624277024205588, 9.995976439898822], 'dp-client-clipped': [1, 1, 1], 'dp-num-clients-clipped': 3, 'dp-fraction-clipped': 1.0, 'metric-dp-pairwise-distances': [1.5025965397556622, 1.9306276869028807, 1.6476479379925877], 'metric-dp-pairwise-client-i': [0, 0, 1], 'metric-dp-pairwise-client-j': [1, 2, 2], 'metric-dp-distance-min': 1.5025965397556622, 'metric-dp-distance-median': 1.6476479379925877, 'metric-dp-distance-mean': 1.69362405488371, 'metric-dp-distance': 1.9306276869028807, 'dp-signal-update-norm': 3.1132850391090923, 'dp-parameter-count': 226596, 'dp-expected-noise-l2-norm': 3.082035257037377, 'dp-noise-to-signal-ratio': 0.9899624410617225, 'dp-noise-percent-of-signal': 98.99624410617224, 'metric-dp-noise-stdv': 0.006474578234217983}
[92mINFO [0m:      configure_evaluate: Sampled 3 nodes (out of 3)
[92mINFO [0m:      aggregate_evaluate: Received 3 results and 0 failures
[92mINFO [0m:      	└──> Aggregated MetricRecord: {'eval_loss': 0.7022277305275202, 'eval_acc': 0.83375, 'client-ids': [0, 1, 2], 'per-client-eval_acc': [0.8358333333333333, 0.8475, 0.82875], 'per-client-eval_loss': [0.6735086135069529, 0.5987126016616822, 0.7496458505094051], 'per-client-num-examples': [1200, 400, 1600]}
[92mINFO [0m:      Global evaluation
[92mINFO [0m:      	└──> MetricRecord: {'loss': 0.7764817776679993, 'accuracy': 0.8145, 'f1': 0.8140100198200924, 'precision': 0.8139127255385709, 'auc': 0.9584007083333331}
[92mINFO [0m:      
[92mINFO [0m:      [ROUND 16/20]
[92mINFO [0m:      configure_train: Sampled 3 nodes (out of 3)
[36m(ClientAppActor pid=7455)[0m /usr/lib/python3.12/multiprocessing/popen_fork.py:66: DeprecationWarning: This process (pid=7455) is multi-threaded, use of fork() may lead to deadlocks in the child.[32m [repeated 3x across cluster][0m
[36m(ClientAppActor pid=7455)[0m   self.pid = os.fork()[32m [repeated 3x across cluster][0m
[92mINFO [0m:      aggregate_train: maximum pairwise model distance: 1.874686
[92mINFO [0m:      aggregate_train: Received 3 results and 0 failures
[92mINFO [0m:      aggregate_fit: parameters are clipped by value: 5.0000.
[92mINFO [0m:      aggregate_fit: parameters are clipped by value: 5.0000.
[92mINFO [0m:      aggregate_fit: parameters are clipped by value: 5.0000.
[92mINFO [0m:      aggregate_train: Received 3 results and 0 failures
[92mINFO [0m:      aggregate_train: metric-aware noise with 0.006668 stdev added
[92mINFO [0m:      	└──> Aggregated MetricRecord: {'train_loss': 0.03524361533069168, 'train_loss_mean': 0.06318877659618738, 'client-ids': [0, 1, 2], 'per-client-num-examples': [4800, 1600, 6400], 'per-client-train_loss': [0.042269309891853485, 0.028547062291763722, 0.03164848266955232], 'per-client-train_loss_mean': [0.06303830399814372, 0.08490867196768523, 0.05787165720184566], 'dp-client-ids': [0, 1, 2], 'dp-update-norms-before-clipping': [8.644772724316127, 5.155392005594129, 9.516594496671415], 'dp-client-clipped': [1, 1, 1], 'dp-num-clients-clipped': 3, 'dp-fraction-clipped': 1.0, 'metric-dp-pairwise-distances': [1.4373136821280543, 1.8746863802274067, 1.571788534677277], 'metric-dp-pairwise-client-i': [0, 0, 1], 'metric-dp-pairwise-client-j': [1, 2, 2], 'metric-dp-distance-min': 1.4373136821280543, 'metric-dp-distance-median': 1.571788534677277, 'metric-dp-distance-mean': 1.627929532344246, 'metric-dp-distance': 1.8746863802274067, 'dp-signal-update-norm': 3.116670472439206, 'dp-parameter-count': 226596, 'dp-expected-noise-l2-norm': 3.1740042825325294, 'dp-noise-to-signal-ratio': 1.018395852433014, 'dp-noise-percent-of-signal': 101.83958524330139, 'metric-dp-noise-stdv': 0.006667781945737345}
[92mINFO [0m:      configure_evaluate: Sampled 3 nodes (out of 3)
[92mINFO [0m:      aggregate_evaluate: Received 3 results and 0 failures
[92mINFO [0m:      	└──> Aggregated MetricRecord: {'eval_loss': 0.7119326728582382, 'eval_acc': 0.8356250000000001, 'client-ids': [0, 1, 2], 'per-client-eval_acc': [0.835, 0.8525, 0.831875], 'per-client-eval_loss': [0.691224224170049, 0.6235078549385071, 0.7495702138543129], 'per-client-num-examples': [1200, 400, 1600]}
[92mINFO [0m:      Global evaluation
[92mINFO [0m:      	└──> MetricRecord: {'loss': 0.8155758918523789, 'accuracy': 0.8085, 'f1': 0.8082212332910489, 'precision': 0.8082729086510817, 'auc': 0.9579414166666668}
[92mINFO [0m:      
[92mINFO [0m:      [ROUND 17/20]
[92mINFO [0m:      configure_train: Sampled 3 nodes (out of 3)
[36m(ClientAppActor pid=7455)[0m /usr/lib/python3.12/multiprocessing/popen_fork.py:66: DeprecationWarning: This process (pid=7455) is multi-threaded, use of fork() may lead to deadlocks in the child.[32m [repeated 3x across cluster][0m
[36m(ClientAppActor pid=7455)[0m   self.pid = os.fork()[32m [repeated 3x across cluster][0m
[92mINFO [0m:      aggregate_train: maximum pairwise model distance: 1.903742
[92mINFO [0m:      aggregate_train: Received 3 results and 0 failures
[92mINFO [0m:      aggregate_fit: parameters are clipped by value: 5.0000.
[92mINFO [0m:      aggregate_fit: parameters are clipped by value: 5.0000.
[92mINFO [0m:      aggregate_fit: parameters are clipped by value: 5.0000.
[92mINFO [0m:      aggregate_train: Received 3 results and 0 failures
[92mINFO [0m:      aggregate_train: metric-aware noise with 0.006566 stdev added
[92mINFO [0m:      	└──> Aggregated MetricRecord: {'train_loss': 0.04943384406520636, 'train_loss_mean': 0.059888605850908785, 'client-ids': [0, 1, 2], 'per-client-num-examples': [4800, 1600, 6400], 'per-client-train_loss': [0.04750470641689996, 0.027852538912557064, 0.05627602358959848], 'per-client-train_loss_mean': [0.061161310767754905, 0.08434118397813291, 0.052820932631468163], 'dp-client-ids': [0, 1, 2], 'dp-update-norms-before-clipping': [8.78942426222113, 5.485990212067282, 9.834795467543534], 'dp-client-clipped': [1, 1, 1], 'dp-num-clients-clipped': 3, 'dp-fraction-clipped': 1.0, 'metric-dp-pairwise-distances': [1.4899909927820165, 1.9037421617346506, 1.6132749035023153], 'metric-dp-pairwise-client-i': [0, 0, 1], 'metric-dp-pairwise-client-j': [1, 2, 2], 'metric-dp-distance-min': 1.4899909927820165, 'metric-dp-distance-median': 1.6132749035023153, 'metric-dp-distance-mean': 1.6690026860063274, 'metric-dp-distance': 1.9037421617346506, 'dp-signal-update-norm': 3.1198617617102284, 'dp-parameter-count': 226596, 'dp-expected-noise-l2-norm': 3.125561180945554, 'dp-noise-to-signal-ratio': 1.0018268178754821, 'dp-noise-percent-of-signal': 100.18268178754822, 'metric-dp-noise-stdv': 0.006566015215322151}
[92mINFO [0m:      configure_evaluate: Sampled 3 nodes (out of 3)
[92mINFO [0m:      aggregate_evaluate: Received 3 results and 0 failures
[92mINFO [0m:      	└──> Aggregated MetricRecord: {'eval_loss': 0.7535714523121715, 'eval_acc': 0.8346875, 'client-ids': [0, 1, 2], 'per-client-eval_acc': [0.8341666666666666, 0.8625, 0.828125], 'per-client-eval_loss': [0.7366494727134705, 0.6164055249094963, 0.800554418861866], 'per-client-num-examples': [1200, 400, 1600]}
[92mINFO [0m:      Global evaluation
[92mINFO [0m:      	└──> MetricRecord: {'loss': 0.8409642653465271, 'accuracy': 0.818, 'f1': 0.8181750220908776, 'precision': 0.8184384234057605, 'auc': 0.9579046666666667}
[92mINFO [0m:      
[92mINFO [0m:      [ROUND 18/20]
[92mINFO [0m:      configure_train: Sampled 3 nodes (out of 3)
[36m(ClientAppActor pid=7455)[0m /usr/lib/python3.12/multiprocessing/popen_fork.py:66: DeprecationWarning: This process (pid=7455) is multi-threaded, use of fork() may lead to deadlocks in the child.[32m [repeated 3x across cluster][0m
[36m(ClientAppActor pid=7455)[0m   self.pid = os.fork()[32m [repeated 3x across cluster][0m
[92mINFO [0m:      aggregate_train: maximum pairwise model distance: 1.898725
[92mINFO [0m:      aggregate_train: Received 3 results and 0 failures
[92mINFO [0m:      aggregate_fit: parameters are clipped by value: 5.0000.
[92mINFO [0m:      aggregate_fit: parameters are clipped by value: 5.0000.
[92mINFO [0m:      aggregate_fit: parameters are clipped by value: 5.0000.
[92mINFO [0m:      aggregate_train: Received 3 results and 0 failures
[92mINFO [0m:      aggregate_train: metric-aware noise with 0.006583 stdev added
[92mINFO [0m:      	└──> Aggregated MetricRecord: {'train_loss': 0.04152254096523393, 'train_loss_mean': 0.056648417400370826, 'client-ids': [0, 1, 2], 'per-client-num-examples': [4800, 1600, 6400], 'per-client-train_loss': [0.04838144993254294, 0.03127680093515664, 0.038939794247271495], 'per-client-train_loss_mean': [0.059010074845515195, 0.07203967962763272, 0.051029358759697066], 'dp-client-ids': [0, 1, 2], 'dp-update-norms-before-clipping': [9.066057158966691, 5.179899515524693, 9.637455323559221], 'dp-client-clipped': [1, 1, 1], 'dp-num-clients-clipped': 3, 'dp-fraction-clipped': 1.0, 'metric-dp-pairwise-distances': [1.4824306276471664, 1.898725489154458, 1.5729423308124144], 'metric-dp-pairwise-client-i': [0, 0, 1], 'metric-dp-pairwise-client-j': [1, 2, 2], 'metric-dp-distance-min': 1.4824306276471664, 'metric-dp-distance-median': 1.5729423308124144, 'metric-dp-distance-mean': 1.6513661492046794, 'metric-dp-distance': 1.898725489154458, 'dp-signal-update-norm': 3.148706232733106, 'dp-parameter-count': 226596, 'dp-expected-noise-l2-norm': 3.1338193083914265, 'dp-noise-to-signal-ratio': 0.9952720504101276, 'dp-noise-percent-of-signal': 99.52720504101275, 'metric-dp-noise-stdv': 0.006583363456908408}
[92mINFO [0m:      configure_evaluate: Sampled 3 nodes (out of 3)
[92mINFO [0m:      aggregate_evaluate: Received 3 results and 0 failures
[92mINFO [0m:      	└──> Aggregated MetricRecord: {'eval_loss': 0.7978219030797482, 'eval_acc': 0.836875, 'client-ids': [0, 1, 2], 'per-client-eval_acc': [0.835, 0.8625, 0.831875], 'per-client-eval_loss': [0.8085207879543305, 0.6112172853946686, 0.8364488938450814], 'per-client-num-examples': [1200, 400, 1600]}
[92mINFO [0m:      Global evaluation
[92mINFO [0m:      	└──> MetricRecord: {'loss': 0.9009617338180542, 'accuracy': 0.813, 'f1': 0.8110710553628843, 'precision': 0.8118899154927506, 'auc': 0.956312375}
[92mINFO [0m:      
[92mINFO [0m:      [ROUND 19/20]
[92mINFO [0m:      configure_train: Sampled 3 nodes (out of 3)
[36m(ClientAppActor pid=7455)[0m /usr/lib/python3.12/multiprocessing/popen_fork.py:66: DeprecationWarning: This process (pid=7455) is multi-threaded, use of fork() may lead to deadlocks in the child.[32m [repeated 3x across cluster][0m
[36m(ClientAppActor pid=7455)[0m   self.pid = os.fork()[32m [repeated 3x across cluster][0m
[92mINFO [0m:      aggregate_train: maximum pairwise model distance: 1.920731
[92mINFO [0m:      aggregate_train: Received 3 results and 0 failures
[92mINFO [0m:      aggregate_fit: parameters are clipped by value: 5.0000.
[92mINFO [0m:      aggregate_fit: parameters are clipped by value: 5.0000.
[92mINFO [0m:      aggregate_fit: parameters are clipped by value: 5.0000.
[92mINFO [0m:      aggregate_train: Received 3 results and 0 failures
[92mINFO [0m:      aggregate_train: metric-aware noise with 0.006508 stdev added
[92mINFO [0m:      	└──> Aggregated MetricRecord: {'train_loss': 0.057661694581111075, 'train_loss_mean': 0.052743521331176456, 'client-ids': [0, 1, 2], 'per-client-num-examples': [4800, 1600, 6400], 'per-client-train_loss': [0.06867457194176192, 0.06805427653016523, 0.04680389107335941], 'per-client-train_loss_mean': [0.053248799021122985, 0.07755717840138823, 0.04616114879616361], 'dp-client-ids': [0, 1, 2], 'dp-update-norms-before-clipping': [8.778653320447845, 5.749830899368556, 10.079318683502091], 'dp-client-clipped': [1, 1, 1], 'dp-num-clients-clipped': 3, 'dp-fraction-clipped': 1.0, 'metric-dp-pairwise-distances': [1.5023914348954956, 1.9207307926068704, 1.6603286506918569], 'metric-dp-pairwise-client-i': [0, 0, 1], 'metric-dp-pairwise-client-j': [1, 2, 2], 'metric-dp-distance-min': 1.5023914348954956, 'metric-dp-distance-median': 1.6603286506918569, 'metric-dp-distance-mean': 1.6944836260647411, 'metric-dp-distance': 1.9207307926068704, 'dp-signal-update-norm': 3.138990156145145, 'dp-parameter-count': 226596, 'dp-expected-noise-l2-norm': 3.0979159714367523, 'dp-noise-to-signal-ratio': 0.9869148411861113, 'dp-noise-percent-of-signal': 98.69148411861113, 'metric-dp-noise-stdv': 0.006507939607213068}
[92mINFO [0m:      configure_evaluate: Sampled 3 nodes (out of 3)
[92mINFO [0m:      aggregate_evaluate: Received 3 results and 0 failures
[92mINFO [0m:      	└──> Aggregated MetricRecord: {'eval_loss': 0.814477662742138, 'eval_acc': 0.8353125, 'client-ids': [0, 1, 2], 'per-client-eval_acc': [0.8333333333333334, 0.8575, 0.83125], 'per-client-eval_loss': [0.8311068058013916, 0.6332726681232452, 0.8473070541024208], 'per-client-num-examples': [1200, 400, 1600]}
[92mINFO [0m:      Global evaluation
[92mINFO [0m:      	└──> MetricRecord: {'loss': 0.8792774407863617, 'accuracy': 0.8055, 'f1': 0.8040180520296833, 'precision': 0.8047790754078236, 'auc': 0.9557443750000001}
[92mINFO [0m:      
[92mINFO [0m:      [ROUND 20/20]
[92mINFO [0m:      configure_train: Sampled 3 nodes (out of 3)
[36m(ClientAppActor pid=7455)[0m /usr/lib/python3.12/multiprocessing/popen_fork.py:66: DeprecationWarning: This process (pid=7455) is multi-threaded, use of fork() may lead to deadlocks in the child.[32m [repeated 3x across cluster][0m
[36m(ClientAppActor pid=7455)[0m   self.pid = os.fork()[32m [repeated 3x across cluster][0m
[92mINFO [0m:      aggregate_train: maximum pairwise model distance: 1.915247
[92mINFO [0m:      aggregate_train: Received 3 results and 0 failures
[92mINFO [0m:      aggregate_fit: parameters are clipped by value: 5.0000.
[92mINFO [0m:      aggregate_fit: parameters are clipped by value: 5.0000.
[92mINFO [0m:      aggregate_fit: parameters are clipped by value: 5.0000.
[92mINFO [0m:      aggregate_train: Received 3 results and 0 failures
[92mINFO [0m:      aggregate_train: metric-aware noise with 0.006527 stdev added
[92mINFO [0m:      	└──> Aggregated MetricRecord: {'train_loss': 0.03473219883093406, 'train_loss_mean': 0.04887713586496102, 'client-ids': [0, 1, 2], 'per-client-num-examples': [4800, 1600, 6400], 'per-client-train_loss': [0.047038341232109815, 0.03199416617397219, 0.026187100194292726], 'per-client-train_loss_mean': [0.0533519856967032, 0.06671014040359295, 0.041062747356496405], 'dp-client-ids': [0, 1, 2], 'dp-update-norms-before-clipping': [9.219628450286878, 5.624507293030807, 9.673080888302579], 'dp-client-clipped': [1, 1, 1], 'dp-num-clients-clipped': 3, 'dp-fraction-clipped': 1.0, 'metric-dp-pairwise-distances': [1.5416939131294687, 1.9152472984666626, 1.6003649967412155], 'metric-dp-pairwise-client-i': [0, 0, 1], 'metric-dp-pairwise-client-j': [1, 2, 2], 'metric-dp-distance-min': 1.5416939131294687, 'metric-dp-distance-median': 1.6003649967412155, 'metric-dp-distance-mean': 1.685768736112449, 'metric-dp-distance': 1.9152472984666626, 'dp-signal-update-norm': 3.156086427249489, 'dp-parameter-count': 226596, 'dp-expected-noise-l2-norm': 3.10678553313243, 'dp-noise-to-signal-ratio': 0.9843791051818488, 'dp-noise-percent-of-signal': 98.43791051818488, 'metric-dp-noise-stdv': 0.006526572317845032}
[92mINFO [0m:      configure_evaluate: Sampled 3 nodes (out of 3)
[92mINFO [0m:      aggregate_evaluate: Received 3 results and 0 failures
[92mINFO [0m:      	└──> Aggregated MetricRecord: {'eval_loss': 0.8114287779480219, 'eval_acc': 0.835, 'client-ids': [0, 1, 2], 'per-client-eval_acc': [0.835, 0.86, 0.82875], 'per-client-eval_loss': [0.8233387871583303, 0.6659939736127853, 0.8388549721240998], 'per-client-num-examples': [1200, 400, 1600]}
[92mINFO [0m:      Global evaluation
[92mINFO [0m:      	└──> MetricRecord: {'loss': 0.8773329865932464, 'accuracy': 0.813, 'f1': 0.811631391878667, 'precision': 0.8109631496804706, 'auc': 0.958065875}
[92mINFO [0m:      
[92mINFO [0m:      Strategy execution finished in 278.82s
[92mINFO [0m:      
[92mINFO [0m:      Final results:
[92mINFO [0m:      
[92mINFO [0m:      	Global Arrays:
[92mINFO [0m:      		ArrayRecord (0.866 MB)
[92mINFO [0m:      	
[92mINFO [0m:      	Aggregated ClientApp-side Train Metrics:
[92mINFO [0m:      	{ 1: { 'client-ids': "['0', '1', '2']",
[92mINFO [0m:      	       'dp-client-clipped': "['1', '1', '1']",
[92mINFO [0m:      	       'dp-client-ids': "['0', '1', '2']",
[92mINFO [0m:      	       'dp-expected-noise-l2-norm': '2.2991e+00',
[92mINFO [0m:      	       'dp-fraction-clipped': '1.0000e+00',
[92mINFO [0m:      	       'dp-noise-percent-of-signal': '6.9529e+01',
[92mINFO [0m:      	       'dp-noise-to-signal-ratio': '6.9529e-01',
[92mINFO [0m:      	       'dp-num-clients-clipped': '3',
[92mINFO [0m:      	       'dp-parameter-count': '226596',
[92mINFO [0m:      	       'dp-signal-update-norm': '3.3067e+00',
[92mINFO [0m:      	       'dp-update-norms-before-clipping': "['1.0173e+01', '7.1221e+00', "
[92mINFO [0m:      	                                          "'1.2616e+01']",
[92mINFO [0m:      	       'metric-dp-distance': '2.5881e+00',
[92mINFO [0m:      	       'metric-dp-distance-mean': '2.2803e+00',
[92mINFO [0m:      	       'metric-dp-distance-median': '2.3009e+00',
[92mINFO [0m:      	       'metric-dp-distance-min': '1.9519e+00',
[92mINFO [0m:      	       'metric-dp-noise-stdv': '4.8298e-03',
[92mINFO [0m:      	       'metric-dp-pairwise-client-i': "['0', '0', '1']",
[92mINFO [0m:      	       'metric-dp-pairwise-client-j': "['1', '2', '2']",
[92mINFO [0m:      	       'metric-dp-pairwise-distances': "['1.9519e+00', '2.5881e+00', "
[92mINFO [0m:      	                                       "'2.3009e+00']",
[92mINFO [0m:      	       'per-client-num-examples': "['4800', '1600', '6400']",
[92mINFO [0m:      	       'per-client-train_loss': "['7.7109e-01', '9.4822e-01', '7.0881e-01']",
[92mINFO [0m:      	       'per-client-train_loss_mean': "['9.5057e-01', '1.1335e+00', "
[92mINFO [0m:      	                                     "'9.1140e-01']",
[92mINFO [0m:      	       'train_loss': '7.6209e-01',
[92mINFO [0m:      	       'train_loss_mean': '9.5385e-01'},
[92mINFO [0m:      	  2: { 'client-ids': "['0', '1', '2']",
[92mINFO [0m:      	       'dp-client-clipped': "['1', '1', '1']",
[92mINFO [0m:      	       'dp-client-ids': "['0', '1', '2']",
[92mINFO [0m:      	       'dp-expected-noise-l2-norm': '3.3063e+00',
[92mINFO [0m:      	       'dp-fraction-clipped': '1.0000e+00',
[92mINFO [0m:      	       'dp-noise-percent-of-signal': '7.9173e+01',
[92mINFO [0m:      	       'dp-noise-to-signal-ratio': '7.9173e-01',
[92mINFO [0m:      	       'dp-num-clients-clipped': '3',
[92mINFO [0m:      	       'dp-parameter-count': '226596',
[92mINFO [0m:      	       'dp-signal-update-norm': '4.1760e+00',
[92mINFO [0m:      	       'dp-update-norms-before-clipping': "['1.1264e+01', '6.6410e+00', "
[92mINFO [0m:      	                                          "'1.2825e+01']",
[92mINFO [0m:      	       'metric-dp-distance': '1.7997e+00',
[92mINFO [0m:      	       'metric-dp-distance-mean': '1.6863e+00',
[92mINFO [0m:      	       'metric-dp-distance-median': '1.7676e+00',
[92mINFO [0m:      	       'metric-dp-distance-min': '1.4915e+00',
[92mINFO [0m:      	       'metric-dp-noise-stdv': '6.9457e-03',
[92mINFO [0m:      	       'metric-dp-pairwise-client-i': "['0', '0', '1']",
[92mINFO [0m:      	       'metric-dp-pairwise-client-j': "['1', '2', '2']",
[92mINFO [0m:      	       'metric-dp-pairwise-distances': "['1.4915e+00', '1.7997e+00', "
[92mINFO [0m:      	                                       "'1.7676e+00']",
[92mINFO [0m:      	       'per-client-num-examples': "['4800', '1600', '6400']",
[92mINFO [0m:      	       'per-client-train_loss': "['6.2809e-01', '7.5740e-01', '6.0866e-01']",
[92mINFO [0m:      	       'per-client-train_loss_mean': "['7.5418e-01', '8.6950e-01', "
[92mINFO [0m:      	                                     "'7.2378e-01']",
[92mINFO [0m:      	       'train_loss': '6.3454e-01',
[92mINFO [0m:      	       'train_loss_mean': '7.5339e-01'},
[92mINFO [0m:      	  3: { 'client-ids': "['0', '1', '2']",
[92mINFO [0m:      	       'dp-client-clipped': "['1', '1', '1']",
[92mINFO [0m:      	       'dp-client-ids': "['0', '1', '2']",
[92mINFO [0m:      	       'dp-expected-noise-l2-norm': '3.3807e+00',
[92mINFO [0m:      	       'dp-fraction-clipped': '1.0000e+00',
[92mINFO [0m:      	       'dp-noise-percent-of-signal': '8.3470e+01',
[92mINFO [0m:      	       'dp-noise-to-signal-ratio': '8.3470e-01',
[92mINFO [0m:      	       'dp-num-clients-clipped': '3',
[92mINFO [0m:      	       'dp-parameter-count': '226596',
[92mINFO [0m:      	       'dp-signal-update-norm': '4.0502e+00',
[92mINFO [0m:      	       'dp-update-norms-before-clipping': "['1.0267e+01', '5.5705e+00', "
[92mINFO [0m:      	                                          "'1.2086e+01']",
[92mINFO [0m:      	       'metric-dp-distance': '1.7601e+00',
[92mINFO [0m:      	       'metric-dp-distance-mean': '1.6344e+00',
[92mINFO [0m:      	       'metric-dp-distance-median': '1.7139e+00',
[92mINFO [0m:      	       'metric-dp-distance-min': '1.4292e+00',
[92mINFO [0m:      	       'metric-dp-noise-stdv': '7.1019e-03',
[92mINFO [0m:      	       'metric-dp-pairwise-client-i': "['0', '0', '1']",
[92mINFO [0m:      	       'metric-dp-pairwise-client-j': "['1', '2', '2']",
[92mINFO [0m:      	       'metric-dp-pairwise-distances': "['1.4292e+00', '1.7601e+00', "
[92mINFO [0m:      	                                       "'1.7139e+00']",
[92mINFO [0m:      	       'per-client-num-examples': "['4800', '1600', '6400']",
[92mINFO [0m:      	       'per-client-train_loss': "['5.2604e-01', '5.8948e-01', '5.0910e-01']",
[92mINFO [0m:      	       'per-client-train_loss_mean': "['6.2713e-01', '6.8719e-01', "
[92mINFO [0m:      	                                     "'6.0655e-01']",
[92mINFO [0m:      	       'train_loss': '5.2550e-01',
[92mINFO [0m:      	       'train_loss_mean': '6.2435e-01'},
[92mINFO [0m:      	  4: { 'client-ids': "['0', '1', '2']",
[92mINFO [0m:      	       'dp-client-clipped': "['1', '1', '1']",
[92mINFO [0m:      	       'dp-client-ids': "['0', '1', '2']",
[92mINFO [0m:      	       'dp-expected-noise-l2-norm': '3.2494e+00',
[92mINFO [0m:      	       'dp-fraction-clipped': '1.0000e+00',
[92mINFO [0m:      	       'dp-noise-percent-of-signal': '8.4901e+01',
[92mINFO [0m:      	       'dp-noise-to-signal-ratio': '8.4901e-01',
[92mINFO [0m:      	       'dp-num-clients-clipped': '3',
[92mINFO [0m:      	       'dp-parameter-count': '226596',
[92mINFO [0m:      	       'dp-signal-update-norm': '3.8272e+00',
[92mINFO [0m:      	       'dp-update-norms-before-clipping': "['1.0279e+01', '5.6805e+00', "
[92mINFO [0m:      	                                          "'1.1452e+01']",
[92mINFO [0m:      	       'metric-dp-distance': '1.8312e+00',
[92mINFO [0m:      	       'metric-dp-distance-mean': '1.6912e+00',
[92mINFO [0m:      	       'metric-dp-distance-median': '1.7121e+00',
[92mINFO [0m:      	       'metric-dp-distance-min': '1.5301e+00',
[92mINFO [0m:      	       'metric-dp-noise-stdv': '6.8261e-03',
[92mINFO [0m:      	       'metric-dp-pairwise-client-i': "['0', '0', '1']",
[92mINFO [0m:      	       'metric-dp-pairwise-client-j': "['1', '2', '2']",
[92mINFO [0m:      	       'metric-dp-pairwise-distances': "['1.5301e+00', '1.8312e+00', "
[92mINFO [0m:      	                                       "'1.7121e+00']",
[92mINFO [0m:      	       'per-client-num-examples': "['4800', '1600', '6400']",
[92mINFO [0m:      	       'per-client-train_loss': "['4.1387e-01', '4.4862e-01', '4.1450e-01']",
[92mINFO [0m:      	       'per-client-train_loss_mean': "['5.1709e-01', '5.5124e-01', "
[92mINFO [0m:      	                                     "'5.1308e-01']",
[92mINFO [0m:      	       'train_loss': '4.1853e-01',
[92mINFO [0m:      	       'train_loss_mean': '5.1935e-01'},
[92mINFO [0m:      	  5: { 'client-ids': "['0', '1', '2']",
[92mINFO [0m:      	       'dp-client-clipped': "['1', '1', '1']",
[92mINFO [0m:      	       'dp-client-ids': "['0', '1', '2']",
[92mINFO [0m:      	       'dp-expected-noise-l2-norm': '3.0969e+00',
[92mINFO [0m:      	       'dp-fraction-clipped': '1.0000e+00',
[92mINFO [0m:      	       'dp-noise-percent-of-signal': '8.5435e+01',
[92mINFO [0m:      	       'dp-noise-to-signal-ratio': '8.5435e-01',
[92mINFO [0m:      	       'dp-num-clients-clipped': '3',
[92mINFO [0m:      	       'dp-parameter-count': '226596',
[92mINFO [0m:      	       'dp-signal-update-norm': '3.6248e+00',
[92mINFO [0m:      	       'dp-update-norms-before-clipping': "['9.8761e+00', '6.0282e+00', "
[92mINFO [0m:      	                                          "'1.1522e+01']",
[92mINFO [0m:      	       'metric-dp-distance': '1.9214e+00',
[92mINFO [0m:      	       'metric-dp-distance-mean': '1.7705e+00',
[92mINFO [0m:      	       'metric-dp-distance-median': '1.8089e+00',
[92mINFO [0m:      	       'metric-dp-distance-min': '1.5812e+00',
[92mINFO [0m:      	       'metric-dp-noise-stdv': '6.5057e-03',
[92mINFO [0m:      	       'metric-dp-pairwise-client-i': "['0', '0', '1']",
[92mINFO [0m:      	       'metric-dp-pairwise-client-j': "['1', '2', '2']",
[92mINFO [0m:      	       'metric-dp-pairwise-distances': "['1.5812e+00', '1.9214e+00', "
[92mINFO [0m:      	                                       "'1.8089e+00']",
[92mINFO [0m:      	       'per-client-num-examples': "['4800', '1600', '6400']",
[92mINFO [0m:      	       'per-client-train_loss': "['3.1526e-01', '2.8731e-01', '3.0867e-01']",
[92mINFO [0m:      	       'per-client-train_loss_mean': "['4.2533e-01', '4.2448e-01', "
[92mINFO [0m:      	                                     "'4.1815e-01']",
[92mINFO [0m:      	       'train_loss': '3.0847e-01',
[92mINFO [0m:      	       'train_loss_mean': '4.2164e-01'},
[92mINFO [0m:      	  6: { 'client-ids': "['0', '1', '2']",
[92mINFO [0m:      	       'dp-client-clipped': "['1', '1', '1']",
[92mINFO [0m:      	       'dp-client-ids': "['0', '1', '2']",
[92mINFO [0m:      	       'dp-expected-noise-l2-norm': '3.0438e+00',
[92mINFO [0m:      	       'dp-fraction-clipped': '1.0000e+00',
[92mINFO [0m:      	       'dp-noise-percent-of-signal': '8.8240e+01',
[92mINFO [0m:      	       'dp-noise-to-signal-ratio': '8.8240e-01',
[92mINFO [0m:      	       'dp-num-clients-clipped': '3',
[92mINFO [0m:      	       'dp-parameter-count': '226596',
[92mINFO [0m:      	       'dp-signal-update-norm': '3.4494e+00',
[92mINFO [0m:      	       'dp-update-norms-before-clipping': "['9.6319e+00', '5.8550e+00', "
[92mINFO [0m:      	                                          "'1.0907e+01']",
[92mINFO [0m:      	       'metric-dp-distance': '1.9549e+00',
[92mINFO [0m:      	       'metric-dp-distance-mean': '1.7775e+00',
[92mINFO [0m:      	       'metric-dp-distance-median': '1.7745e+00',
[92mINFO [0m:      	       'metric-dp-distance-min': '1.6031e+00',
[92mINFO [0m:      	       'metric-dp-noise-stdv': '6.3942e-03',
[92mINFO [0m:      	       'metric-dp-pairwise-client-i': "['0', '0', '1']",
[92mINFO [0m:      	       'metric-dp-pairwise-client-j': "['1', '2', '2']",
[92mINFO [0m:      	       'metric-dp-pairwise-distances': "['1.6031e+00', '1.9549e+00', "
[92mINFO [0m:      	                                       "'1.7745e+00']",
[92mINFO [0m:      	       'per-client-num-examples': "['4800', '1600', '6400']",
[92mINFO [0m:      	       'per-client-train_loss': "['2.2922e-01', '2.3784e-01', '2.1620e-01']",
[92mINFO [0m:      	       'per-client-train_loss_mean': "['3.3811e-01', '3.3798e-01', "
[92mINFO [0m:      	                                     "'3.2236e-01']",
[92mINFO [0m:      	       'train_loss': '2.2379e-01',
[92mINFO [0m:      	       'train_loss_mean': '3.3022e-01'},
[92mINFO [0m:      	  7: { 'client-ids': "['0', '1', '2']",
[92mINFO [0m:      	       'dp-client-clipped': "['1', '1', '1']",
[92mINFO [0m:      	       'dp-client-ids': "['0', '1', '2']",
[92mINFO [0m:      	       'dp-expected-noise-l2-norm': '3.0890e+00',
[92mINFO [0m:      	       'dp-fraction-clipped': '1.0000e+00',
[92mINFO [0m:      	       'dp-noise-percent-of-signal': '9.3066e+01',
[92mINFO [0m:      	       'dp-noise-to-signal-ratio': '9.3066e-01',
[92mINFO [0m:      	       'dp-num-clients-clipped': '3',
[92mINFO [0m:      	       'dp-parameter-count': '226596',
[92mINFO [0m:      	       'dp-signal-update-norm': '3.3192e+00',
[92mINFO [0m:      	       'dp-update-norms-before-clipping': "['9.0232e+00', '5.5412e+00', "
[92mINFO [0m:      	                                          "'1.0524e+01']",
[92mINFO [0m:      	       'metric-dp-distance': '1.9263e+00',
[92mINFO [0m:      	       'metric-dp-distance-mean': '1.7363e+00',
[92mINFO [0m:      	       'metric-dp-distance-median': '1.7452e+00',
[92mINFO [0m:      	       'metric-dp-distance-min': '1.5374e+00',
[92mINFO [0m:      	       'metric-dp-noise-stdv': '6.4893e-03',
[92mINFO [0m:      	       'metric-dp-pairwise-client-i': "['0', '0', '1']",
[92mINFO [0m:      	       'metric-dp-pairwise-client-j': "['1', '2', '2']",
[92mINFO [0m:      	       'metric-dp-pairwise-distances': "['1.5374e+00', '1.9263e+00', "
[92mINFO [0m:      	                                       "'1.7452e+00']",
[92mINFO [0m:      	       'per-client-num-examples': "['4800', '1600', '6400']",
[92mINFO [0m:      	       'per-client-train_loss': "['1.6299e-01', '1.3736e-01', '1.5479e-01']",
[92mINFO [0m:      	       'per-client-train_loss_mean': "['2.6440e-01', '2.7328e-01', "
[92mINFO [0m:      	                                     "'2.4955e-01']",
[92mINFO [0m:      	       'train_loss': '1.5569e-01',
[92mINFO [0m:      	       'train_loss_mean': '2.5808e-01'},
[92mINFO [0m:      	  8: { 'client-ids': "['0', '1', '2']",
[92mINFO [0m:      	       'dp-client-clipped': "['1', '1', '1']",
[92mINFO [0m:      	       'dp-client-ids': "['0', '1', '2']",
[92mINFO [0m:      	       'dp-expected-noise-l2-norm': '3.1201e+00',
[92mINFO [0m:      	       'dp-fraction-clipped': '1.0000e+00',
[92mINFO [0m:      	       'dp-noise-percent-of-signal': '9.6445e+01',
[92mINFO [0m:      	       'dp-noise-to-signal-ratio': '9.6445e-01',
[92mINFO [0m:      	       'dp-num-clients-clipped': '3',
[92mINFO [0m:      	       'dp-parameter-count': '226596',
[92mINFO [0m:      	       'dp-signal-update-norm': '3.2351e+00',
[92mINFO [0m:      	       'dp-update-norms-before-clipping': "['8.8114e+00', '5.5297e+00', "
[92mINFO [0m:      	                                          "'1.0175e+01']",
[92mINFO [0m:      	       'metric-dp-distance': '1.9071e+00',
[92mINFO [0m:      	       'metric-dp-distance-mean': '1.7049e+00',
[92mINFO [0m:      	       'metric-dp-distance-median': '1.6908e+00',
[92mINFO [0m:      	       'metric-dp-distance-min': '1.5168e+00',
[92mINFO [0m:      	       'metric-dp-noise-stdv': '6.5545e-03',
[92mINFO [0m:      	       'metric-dp-pairwise-client-i': "['0', '0', '1']",
[92mINFO [0m:      	       'metric-dp-pairwise-client-j': "['1', '2', '2']",
[92mINFO [0m:      	       'metric-dp-pairwise-distances': "['1.5168e+00', '1.9071e+00', "
[92mINFO [0m:      	                                       "'1.6908e+00']",
[92mINFO [0m:      	       'per-client-num-examples': "['4800', '1600', '6400']",
[92mINFO [0m:      	       'per-client-train_loss': "['1.3041e-01', '9.2744e-02', '1.4237e-01']",
[92mINFO [0m:      	       'per-client-train_loss_mean': "['2.0735e-01', '2.2231e-01', "
[92mINFO [0m:      	                                     "'1.9553e-01']",
[92mINFO [0m:      	       'train_loss': '1.3168e-01',
[92mINFO [0m:      	       'train_loss_mean': '2.0331e-01'},
[92mINFO [0m:      	  9: { 'client-ids': "['0', '1', '2']",
[92mINFO [0m:      	       'dp-client-clipped': "['1', '1', '1']",
[92mINFO [0m:      	       'dp-client-ids': "['0', '1', '2']",
[92mINFO [0m:      	       'dp-expected-noise-l2-norm': '3.2299e+00',
[92mINFO [0m:      	       'dp-fraction-clipped': '1.0000e+00',
[92mINFO [0m:      	       'dp-noise-percent-of-signal': '1.0219e+02',
[92mINFO [0m:      	       'dp-noise-to-signal-ratio': '1.0219e+00',
[92mINFO [0m:      	       'dp-num-clients-clipped': '3',
[92mINFO [0m:      	       'dp-parameter-count': '226596',
[92mINFO [0m:      	       'dp-signal-update-norm': '3.1608e+00',
[92mINFO [0m:      	       'dp-update-norms-before-clipping': "['8.2736e+00', '5.2524e+00', "
[92mINFO [0m:      	                                          "'9.7365e+00']",
[92mINFO [0m:      	       'metric-dp-distance': '1.8422e+00',
[92mINFO [0m:      	       'metric-dp-distance-mean': '1.6354e+00',
[92mINFO [0m:      	       'metric-dp-distance-median': '1.6225e+00',
[92mINFO [0m:      	       'metric-dp-distance-min': '1.4415e+00',
[92mINFO [0m:      	       'metric-dp-noise-stdv': '6.7853e-03',
[92mINFO [0m:      	       'metric-dp-pairwise-client-i': "['0', '0', '1']",
[92mINFO [0m:      	       'metric-dp-pairwise-client-j': "['1', '2', '2']",
[92mINFO [0m:      	       'metric-dp-pairwise-distances': "['1.4415e+00', '1.8422e+00', "
[92mINFO [0m:      	                                       "'1.6225e+00']",
[92mINFO [0m:      	       'per-client-num-examples': "['4800', '1600', '6400']",
[92mINFO [0m:      	       'per-client-train_loss': "['9.7988e-02', '6.5916e-02', '9.5616e-02']",
[92mINFO [0m:      	       'per-client-train_loss_mean': "['1.5594e-01', '1.7187e-01', "
[92mINFO [0m:      	                                     "'1.5437e-01']",
[92mINFO [0m:      	       'train_loss': '9.2793e-02',
[92mINFO [0m:      	       'train_loss_mean': '1.5715e-01'},
[92mINFO [0m:      	  10: { 'client-ids': "['0', '1', '2']",
[92mINFO [0m:      	        'dp-client-clipped': "['1', '1', '1']",
[92mINFO [0m:      	        'dp-client-ids': "['0', '1', '2']",
[92mINFO [0m:      	        'dp-expected-noise-l2-norm': '3.2189e+00',
[92mINFO [0m:      	        'dp-fraction-clipped': '1.0000e+00',
[92mINFO [0m:      	        'dp-noise-percent-of-signal': '1.0337e+02',
[92mINFO [0m:      	        'dp-noise-to-signal-ratio': '1.0337e+00',
[92mINFO [0m:      	        'dp-num-clients-clipped': '3',
[92mINFO [0m:      	        'dp-parameter-count': '226596',
[92mINFO [0m:      	        'dp-signal-update-norm': '3.1138e+00',
[92mINFO [0m:      	        'dp-update-norms-before-clipping': "['8.3556e+00', '5.3174e+00', "
[92mINFO [0m:      	                                           "'9.4699e+00']",
[92mINFO [0m:      	        'metric-dp-distance': '1.8485e+00',
[92mINFO [0m:      	        'metric-dp-distance-mean': '1.6311e+00',
[92mINFO [0m:      	        'metric-dp-distance-median': '1.6022e+00',
[92mINFO [0m:      	        'metric-dp-distance-min': '1.4426e+00',
[92mINFO [0m:      	        'metric-dp-noise-stdv': '6.7621e-03',
[92mINFO [0m:      	        'metric-dp-pairwise-client-i': "['0', '0', '1']",
[92mINFO [0m:      	        'metric-dp-pairwise-client-j': "['1', '2', '2']",
[92mINFO [0m:      	        'metric-dp-pairwise-distances': "['1.4426e+00', '1.8485e+00', "
[92mINFO [0m:      	                                        "'1.6022e+00']",
[92mINFO [0m:      	        'per-client-num-examples': "['4800', '1600', '6400']",
[92mINFO [0m:      	        'per-client-train_loss': "['8.0730e-02', '7.5432e-02', '1.0458e-01']",
[92mINFO [0m:      	        'per-client-train_loss_mean': "['1.2626e-01', '1.5559e-01', "
[92mINFO [0m:      	                                      "'1.2390e-01']",
[92mINFO [0m:      	        'train_loss': '9.1993e-02',
[92mINFO [0m:      	        'train_loss_mean': '1.2875e-01'},
[92mINFO [0m:      	  11: { 'client-ids': "['0', '1', '2']",
[92mINFO [0m:      	        'dp-client-clipped': "['1', '1', '1']",
[92mINFO [0m:      	        'dp-client-ids': "['0', '1', '2']",
[92mINFO [0m:      	        'dp-expected-noise-l2-norm': '3.3489e+00',
[92mINFO [0m:      	        'dp-fraction-clipped': '1.0000e+00',
[92mINFO [0m:      	        'dp-noise-percent-of-signal': '1.0780e+02',
[92mINFO [0m:      	        'dp-noise-to-signal-ratio': '1.0780e+00',
[92mINFO [0m:      	        'dp-num-clients-clipped': '3',
[92mINFO [0m:      	        'dp-parameter-count': '226596',
[92mINFO [0m:      	        'dp-signal-update-norm': '3.1067e+00',
[92mINFO [0m:      	        'dp-update-norms-before-clipping': "['7.8529e+00', '5.1865e+00', "
[92mINFO [0m:      	                                           "'9.1589e+00']",
[92mINFO [0m:      	        'metric-dp-distance': '1.7768e+00',
[92mINFO [0m:      	        'metric-dp-distance-mean': '1.5711e+00',
[92mINFO [0m:      	        'metric-dp-distance-median': '1.5492e+00',
[92mINFO [0m:      	        'metric-dp-distance-min': '1.3874e+00',
[92mINFO [0m:      	        'metric-dp-noise-stdv': '7.0352e-03',
[92mINFO [0m:      	        'metric-dp-pairwise-client-i': "['0', '0', '1']",
[92mINFO [0m:      	        'metric-dp-pairwise-client-j': "['1', '2', '2']",
[92mINFO [0m:      	        'metric-dp-pairwise-distances': "['1.3874e+00', '1.7768e+00', "
[92mINFO [0m:      	                                        "'1.5492e+00']",
[92mINFO [0m:      	        'per-client-num-examples': "['4800', '1600', '6400']",
[92mINFO [0m:      	        'per-client-train_loss': "['8.8291e-02', '5.9019e-02', '7.9162e-02']",
[92mINFO [0m:      	        'per-client-train_loss_mean': "['1.0944e-01', '1.4089e-01', "
[92mINFO [0m:      	                                      "'1.0558e-01']",
[92mINFO [0m:      	        'train_loss': '8.0067e-02',
[92mINFO [0m:      	        'train_loss_mean': '1.1144e-01'},
[92mINFO [0m:      	  12: { 'client-ids': "['0', '1', '2']",
[92mINFO [0m:      	        'dp-client-clipped': "['1', '0', '1']",
[92mINFO [0m:      	        'dp-client-ids': "['0', '1', '2']",
[92mINFO [0m:      	        'dp-expected-noise-l2-norm': '3.2218e+00',
[92mINFO [0m:      	        'dp-fraction-clipped': '6.6667e-01',
[92mINFO [0m:      	        'dp-noise-percent-of-signal': '1.0360e+02',
[92mINFO [0m:      	        'dp-noise-to-signal-ratio': '1.0360e+00',
[92mINFO [0m:      	        'dp-num-clients-clipped': '2',
[92mINFO [0m:      	        'dp-parameter-count': '226596',
[92mINFO [0m:      	        'dp-signal-update-norm': '3.1099e+00',
[92mINFO [0m:      	        'dp-update-norms-before-clipping': "['8.1495e+00', '4.8313e+00', "
[92mINFO [0m:      	                                           "'9.6198e+00']",
[92mINFO [0m:      	        'metric-dp-distance': '1.8469e+00',
[92mINFO [0m:      	        'metric-dp-distance-mean': '1.6000e+00',
[92mINFO [0m:      	        'metric-dp-distance-median': '1.5787e+00',
[92mINFO [0m:      	        'metric-dp-distance-min': '1.3745e+00',
[92mINFO [0m:      	        'metric-dp-noise-stdv': '6.7683e-03',
[92mINFO [0m:      	        'metric-dp-pairwise-client-i': "['0', '0', '1']",
[92mINFO [0m:      	        'metric-dp-pairwise-client-j': "['1', '2', '2']",
[92mINFO [0m:      	        'metric-dp-pairwise-distances': "['1.3745e+00', '1.8469e+00', "
[92mINFO [0m:      	                                        "'1.5787e+00']",
[92mINFO [0m:      	        'per-client-num-examples': "['4800', '1600', '6400']",
[92mINFO [0m:      	        'per-client-train_loss': "['5.4887e-02', '2.1399e-02', '7.5253e-02']",
[92mINFO [0m:      	        'per-client-train_loss_mean': "['9.8014e-02', '1.1479e-01', "
[92mINFO [0m:      	                                      "'8.8197e-02']",
[92mINFO [0m:      	        'train_loss': '6.0884e-02',
[92mINFO [0m:      	        'train_loss_mean': '9.5202e-02'},
[92mINFO [0m:      	  13: { 'client-ids': "['0', '1', '2']",
[92mINFO [0m:      	        'dp-client-clipped': "['1', '1', '1']",
[92mINFO [0m:      	        'dp-client-ids': "['0', '1', '2']",
[92mINFO [0m:      	        'dp-expected-noise-l2-norm': '3.3232e+00',
[92mINFO [0m:      	        'dp-fraction-clipped': '1.0000e+00',
[92mINFO [0m:      	        'dp-noise-percent-of-signal': '1.0669e+02',
[92mINFO [0m:      	        'dp-noise-to-signal-ratio': '1.0669e+00',
[92mINFO [0m:      	        'dp-num-clients-clipped': '3',
[92mINFO [0m:      	        'dp-parameter-count': '226596',
[92mINFO [0m:      	        'dp-signal-update-norm': '3.1147e+00',
[92mINFO [0m:      	        'dp-update-norms-before-clipping': "['8.0563e+00', '5.0644e+00', "
[92mINFO [0m:      	                                           "'9.2887e+00']",
[92mINFO [0m:      	        'metric-dp-distance': '1.7905e+00',
[92mINFO [0m:      	        'metric-dp-distance-mean': '1.5701e+00',
[92mINFO [0m:      	        'metric-dp-distance-median': '1.5398e+00',
[92mINFO [0m:      	        'metric-dp-distance-min': '1.3800e+00',
[92mINFO [0m:      	        'metric-dp-noise-stdv': '6.9812e-03',
[92mINFO [0m:      	        'metric-dp-pairwise-client-i': "['0', '0', '1']",
[92mINFO [0m:      	        'metric-dp-pairwise-client-j': "['1', '2', '2']",
[92mINFO [0m:      	        'metric-dp-pairwise-distances': "['1.3800e+00', '1.7905e+00', "
[92mINFO [0m:      	                                        "'1.5398e+00']",
[92mINFO [0m:      	        'per-client-num-examples': "['4800', '1600', '6400']",
[92mINFO [0m:      	        'per-client-train_loss': "['4.0028e-02', '2.4929e-02', '6.3175e-02']",
[92mINFO [0m:      	        'per-client-train_loss_mean': "['7.6691e-02', '1.1204e-01', "
[92mINFO [0m:      	                                      "'7.6635e-02']",
[92mINFO [0m:      	        'train_loss': '4.9714e-02',
[92mINFO [0m:      	        'train_loss_mean': '8.1082e-02'},
[92mINFO [0m:      	  14: { 'client-ids': "['0', '1', '2']",
[92mINFO [0m:      	        'dp-client-clipped': "['1', '1', '1']",
[92mINFO [0m:      	        'dp-client-ids': "['0', '1', '2']",
[92mINFO [0m:      	        'dp-expected-noise-l2-norm': '3.1751e+00',
[92mINFO [0m:      	        'dp-fraction-clipped': '1.0000e+00',
[92mINFO [0m:      	        'dp-noise-percent-of-signal': '1.0158e+02',
[92mINFO [0m:      	        'dp-noise-to-signal-ratio': '1.0158e+00',
[92mINFO [0m:      	        'dp-num-clients-clipped': '3',
[92mINFO [0m:      	        'dp-parameter-count': '226596',
[92mINFO [0m:      	        'dp-signal-update-norm': '3.1259e+00',
[92mINFO [0m:      	        'dp-update-norms-before-clipping': "['8.6544e+00', '5.0728e+00', "
[92mINFO [0m:      	                                           "'9.6708e+00']",
[92mINFO [0m:      	        'metric-dp-distance': '1.8740e+00',
[92mINFO [0m:      	        'metric-dp-distance-mean': '1.6325e+00',
[92mINFO [0m:      	        'metric-dp-distance-median': '1.5806e+00',
[92mINFO [0m:      	        'metric-dp-distance-min': '1.4429e+00',
[92mINFO [0m:      	        'metric-dp-noise-stdv': '6.6701e-03',
[92mINFO [0m:      	        'metric-dp-pairwise-client-i': "['0', '0', '1']",
[92mINFO [0m:      	        'metric-dp-pairwise-client-j': "['1', '2', '2']",
[92mINFO [0m:      	        'metric-dp-pairwise-distances': "['1.4429e+00', '1.8740e+00', "
[92mINFO [0m:      	                                        "'1.5806e+00']",
[92mINFO [0m:      	        'per-client-num-examples': "['4800', '1600', '6400']",
[92mINFO [0m:      	        'per-client-train_loss': "['6.8143e-02', '2.7684e-02', '9.4555e-02']",
[92mINFO [0m:      	        'per-client-train_loss_mean': "['8.1567e-02', '9.4326e-02', "
[92mINFO [0m:      	                                      "'7.1511e-02']",
[92mINFO [0m:      	        'train_loss': '7.6291e-02',
[92mINFO [0m:      	        'train_loss_mean': '7.8134e-02'},
[92mINFO [0m:      	  15: { 'client-ids': "['0', '1', '2']",
[92mINFO [0m:      	        'dp-client-clipped': "['1', '1', '1']",
[92mINFO [0m:      	        'dp-client-ids': "['0', '1', '2']",
[92mINFO [0m:      	        'dp-expected-noise-l2-norm': '3.0820e+00',
[92mINFO [0m:      	        'dp-fraction-clipped': '1.0000e+00',
[92mINFO [0m:      	        'dp-noise-percent-of-signal': '9.8996e+01',
[92mINFO [0m:      	        'dp-noise-to-signal-ratio': '9.8996e-01',
[92mINFO [0m:      	        'dp-num-clients-clipped': '3',
[92mINFO [0m:      	        'dp-parameter-count': '226596',
[92mINFO [0m:      	        'dp-signal-update-norm': '3.1133e+00',
[92mINFO [0m:      	        'dp-update-norms-before-clipping': "['8.8419e+00', '5.6243e+00', "
[92mINFO [0m:      	                                           "'9.9960e+00']",
[92mINFO [0m:      	        'metric-dp-distance': '1.9306e+00',
[92mINFO [0m:      	        'metric-dp-distance-mean': '1.6936e+00',
[92mINFO [0m:      	        'metric-dp-distance-median': '1.6476e+00',
[92mINFO [0m:      	        'metric-dp-distance-min': '1.5026e+00',
[92mINFO [0m:      	        'metric-dp-noise-stdv': '6.4746e-03',
[92mINFO [0m:      	        'metric-dp-pairwise-client-i': "['0', '0', '1']",
[92mINFO [0m:      	        'metric-dp-pairwise-client-j': "['1', '2', '2']",
[92mINFO [0m:      	        'metric-dp-pairwise-distances': "['1.5026e+00', '1.9306e+00', "
[92mINFO [0m:      	                                        "'1.6476e+00']",
[92mINFO [0m:      	        'per-client-num-examples': "['4800', '1600', '6400']",
[92mINFO [0m:      	        'per-client-train_loss': "['5.4808e-02', '5.4303e-02', '8.0586e-02']",
[92mINFO [0m:      	        'per-client-train_loss_mean': "['7.1101e-02', '1.0014e-01', "
[92mINFO [0m:      	                                      "'6.1269e-02']",
[92mINFO [0m:      	        'train_loss': '6.7634e-02',
[92mINFO [0m:      	        'train_loss_mean': '6.9814e-02'},
[92mINFO [0m:      	  16: { 'client-ids': "['0', '1', '2']",
[92mINFO [0m:      	        'dp-client-clipped': "['1', '1', '1']",
[92mINFO [0m:      	        'dp-client-ids': "['0', '1', '2']",
[92mINFO [0m:      	        'dp-expected-noise-l2-norm': '3.1740e+00',
[92mINFO [0m:      	        'dp-fraction-clipped': '1.0000e+00',
[92mINFO [0m:      	        'dp-noise-percent-of-signal': '1.0184e+02',
[92mINFO [0m:      	        'dp-noise-to-signal-ratio': '1.0184e+00',
[92mINFO [0m:      	        'dp-num-clients-clipped': '3',
[92mINFO [0m:      	        'dp-parameter-count': '226596',
[92mINFO [0m:      	        'dp-signal-update-norm': '3.1167e+00',
[92mINFO [0m:      	        'dp-update-norms-before-clipping': "['8.6448e+00', '5.1554e+00', "
[92mINFO [0m:      	                                           "'9.5166e+00']",
[92mINFO [0m:      	        'metric-dp-distance': '1.8747e+00',
[92mINFO [0m:      	        'metric-dp-distance-mean': '1.6279e+00',
[92mINFO [0m:      	        'metric-dp-distance-median': '1.5718e+00',
[92mINFO [0m:      	        'metric-dp-distance-min': '1.4373e+00',
[92mINFO [0m:      	        'metric-dp-noise-stdv': '6.6678e-03',
[92mINFO [0m:      	        'metric-dp-pairwise-client-i': "['0', '0', '1']",
[92mINFO [0m:      	        'metric-dp-pairwise-client-j': "['1', '2', '2']",
[92mINFO [0m:      	        'metric-dp-pairwise-distances': "['1.4373e+00', '1.8747e+00', "
[92mINFO [0m:      	                                        "'1.5718e+00']",
[92mINFO [0m:      	        'per-client-num-examples': "['4800', '1600', '6400']",
[92mINFO [0m:      	        'per-client-train_loss': "['4.2269e-02', '2.8547e-02', '3.1648e-02']",
[92mINFO [0m:      	        'per-client-train_loss_mean': "['6.3038e-02', '8.4909e-02', "
[92mINFO [0m:      	                                      "'5.7872e-02']",
[92mINFO [0m:      	        'train_loss': '3.5244e-02',
[92mINFO [0m:      	        'train_loss_mean': '6.3189e-02'},
[92mINFO [0m:      	  17: { 'client-ids': "['0', '1', '2']",
[92mINFO [0m:      	        'dp-client-clipped': "['1', '1', '1']",
[92mINFO [0m:      	        'dp-client-ids': "['0', '1', '2']",
[92mINFO [0m:      	        'dp-expected-noise-l2-norm': '3.1256e+00',
[92mINFO [0m:      	        'dp-fraction-clipped': '1.0000e+00',
[92mINFO [0m:      	        'dp-noise-percent-of-signal': '1.0018e+02',
[92mINFO [0m:      	        'dp-noise-to-signal-ratio': '1.0018e+00',
[92mINFO [0m:      	        'dp-num-clients-clipped': '3',
[92mINFO [0m:      	        'dp-parameter-count': '226596',
[92mINFO [0m:      	        'dp-signal-update-norm': '3.1199e+00',
[92mINFO [0m:      	        'dp-update-norms-before-clipping': "['8.7894e+00', '5.4860e+00', "
[92mINFO [0m:      	                                           "'9.8348e+00']",
[92mINFO [0m:      	        'metric-dp-distance': '1.9037e+00',
[92mINFO [0m:      	        'metric-dp-distance-mean': '1.6690e+00',
[92mINFO [0m:      	        'metric-dp-distance-median': '1.6133e+00',
[92mINFO [0m:      	        'metric-dp-distance-min': '1.4900e+00',
[92mINFO [0m:      	        'metric-dp-noise-stdv': '6.5660e-03',
[92mINFO [0m:      	        'metric-dp-pairwise-client-i': "['0', '0', '1']",
[92mINFO [0m:      	        'metric-dp-pairwise-client-j': "['1', '2', '2']",
[92mINFO [0m:      	        'metric-dp-pairwise-distances': "['1.4900e+00', '1.9037e+00', "
[92mINFO [0m:      	                                        "'1.6133e+00']",
[92mINFO [0m:      	        'per-client-num-examples': "['4800', '1600', '6400']",
[92mINFO [0m:      	        'per-client-train_loss': "['4.7505e-02', '2.7853e-02', '5.6276e-02']",
[92mINFO [0m:      	        'per-client-train_loss_mean': "['6.1161e-02', '8.4341e-02', "
[92mINFO [0m:      	                                      "'5.2821e-02']",
[92mINFO [0m:      	        'train_loss': '4.9434e-02',
[92mINFO [0m:      	        'train_loss_mean': '5.9889e-02'},
[92mINFO [0m:      	  18: { 'client-ids': "['0', '1', '2']",
[92mINFO [0m:      	        'dp-client-clipped': "['1', '1', '1']",
[92mINFO [0m:      	        'dp-client-ids': "['0', '1', '2']",
[92mINFO [0m:      	        'dp-expected-noise-l2-norm': '3.1338e+00',
[92mINFO [0m:      	        'dp-fraction-clipped': '1.0000e+00',
[92mINFO [0m:      	        'dp-noise-percent-of-signal': '9.9527e+01',
[92mINFO [0m:      	        'dp-noise-to-signal-ratio': '9.9527e-01',
[92mINFO [0m:      	        'dp-num-clients-clipped': '3',
[92mINFO [0m:      	        'dp-parameter-count': '226596',
[92mINFO [0m:      	        'dp-signal-update-norm': '3.1487e+00',
[92mINFO [0m:      	        'dp-update-norms-before-clipping': "['9.0661e+00', '5.1799e+00', "
[92mINFO [0m:      	                                           "'9.6375e+00']",
[92mINFO [0m:      	        'metric-dp-distance': '1.8987e+00',
[92mINFO [0m:      	        'metric-dp-distance-mean': '1.6514e+00',
[92mINFO [0m:      	        'metric-dp-distance-median': '1.5729e+00',
[92mINFO [0m:      	        'metric-dp-distance-min': '1.4824e+00',
[92mINFO [0m:      	        'metric-dp-noise-stdv': '6.5834e-03',
[92mINFO [0m:      	        'metric-dp-pairwise-client-i': "['0', '0', '1']",
[92mINFO [0m:      	        'metric-dp-pairwise-client-j': "['1', '2', '2']",
[92mINFO [0m:      	        'metric-dp-pairwise-distances': "['1.4824e+00', '1.8987e+00', "
[92mINFO [0m:      	                                        "'1.5729e+00']",
[92mINFO [0m:      	        'per-client-num-examples': "['4800', '1600', '6400']",
[92mINFO [0m:      	        'per-client-train_loss': "['4.8381e-02', '3.1277e-02', '3.8940e-02']",
[92mINFO [0m:      	        'per-client-train_loss_mean': "['5.9010e-02', '7.2040e-02', "
[92mINFO [0m:      	                                      "'5.1029e-02']",
[92mINFO [0m:      	        'train_loss': '4.1523e-02',
[92mINFO [0m:      	        'train_loss_mean': '5.6648e-02'},
[92mINFO [0m:      	  19: { 'client-ids': "['0', '1', '2']",
[92mINFO [0m:      	        'dp-client-clipped': "['1', '1', '1']",
[92mINFO [0m:      	        'dp-client-ids': "['0', '1', '2']",
[92mINFO [0m:      	        'dp-expected-noise-l2-norm': '3.0979e+00',
[92mINFO [0m:      	        'dp-fraction-clipped': '1.0000e+00',
[92mINFO [0m:      	        'dp-noise-percent-of-signal': '9.8691e+01',
[92mINFO [0m:      	        'dp-noise-to-signal-ratio': '9.8691e-01',
[92mINFO [0m:      	        'dp-num-clients-clipped': '3',
[92mINFO [0m:      	        'dp-parameter-count': '226596',
[92mINFO [0m:      	        'dp-signal-update-norm': '3.1390e+00',
[92mINFO [0m:      	        'dp-update-norms-before-clipping': "['8.7787e+00', '5.7498e+00', "
[92mINFO [0m:      	                                           "'1.0079e+01']",
[92mINFO [0m:      	        'metric-dp-distance': '1.9207e+00',
[92mINFO [0m:      	        'metric-dp-distance-mean': '1.6945e+00',
[92mINFO [0m:      	        'metric-dp-distance-median': '1.6603e+00',
[92mINFO [0m:      	        'metric-dp-distance-min': '1.5024e+00',
[92mINFO [0m:      	        'metric-dp-noise-stdv': '6.5079e-03',
[92mINFO [0m:      	        'metric-dp-pairwise-client-i': "['0', '0', '1']",
[92mINFO [0m:      	        'metric-dp-pairwise-client-j': "['1', '2', '2']",
[92mINFO [0m:      	        'metric-dp-pairwise-distances': "['1.5024e+00', '1.9207e+00', "
[92mINFO [0m:      	                                        "'1.6603e+00']",
[92mINFO [0m:      	        'per-client-num-examples': "['4800', '1600', '6400']",
[92mINFO [0m:      	        'per-client-train_loss': "['6.8675e-02', '6.8054e-02', '4.6804e-02']",
[92mINFO [0m:      	        'per-client-train_loss_mean': "['5.3249e-02', '7.7557e-02', "
[92mINFO [0m:      	                                      "'4.6161e-02']",
[92mINFO [0m:      	        'train_loss': '5.7662e-02',
[92mINFO [0m:      	        'train_loss_mean': '5.2744e-02'},
[92mINFO [0m:      	  20: { 'client-ids': "['0', '1', '2']",
[92mINFO [0m:      	        'dp-client-clipped': "['1', '1', '1']",
[92mINFO [0m:      	        'dp-client-ids': "['0', '1', '2']",
[92mINFO [0m:      	        'dp-expected-noise-l2-norm': '3.1068e+00',
[92mINFO [0m:      	        'dp-fraction-clipped': '1.0000e+00',
[92mINFO [0m:      	        'dp-noise-percent-of-signal': '9.8438e+01',
[92mINFO [0m:      	        'dp-noise-to-signal-ratio': '9.8438e-01',
[92mINFO [0m:      	        'dp-num-clients-clipped': '3',
[92mINFO [0m:      	        'dp-parameter-count': '226596',
[92mINFO [0m:      	        'dp-signal-update-norm': '3.1561e+00',
[92mINFO [0m:      	        'dp-update-norms-before-clipping': "['9.2196e+00', '5.6245e+00', "
[92mINFO [0m:      	                                           "'9.6731e+00']",
[92mINFO [0m:      	        'metric-dp-distance': '1.9152e+00',
[92mINFO [0m:      	        'metric-dp-distance-mean': '1.6858e+00',
[92mINFO [0m:      	        'metric-dp-distance-median': '1.6004e+00',
[92mINFO [0m:      	        'metric-dp-distance-min': '1.5417e+00',
[92mINFO [0m:      	        'metric-dp-noise-stdv': '6.5266e-03',
[92mINFO [0m:      	        'metric-dp-pairwise-client-i': "['0', '0', '1']",
[92mINFO [0m:      	        'metric-dp-pairwise-client-j': "['1', '2', '2']",
[92mINFO [0m:      	        'metric-dp-pairwise-distances': "['1.5417e+00', '1.9152e+00', "
[92mINFO [0m:      	                                        "'1.6004e+00']",
[92mINFO [0m:      	        'per-client-num-examples': "['4800', '1600', '6400']",
[92mINFO [0m:      	        'per-client-train_loss': "['4.7038e-02', '3.1994e-02', '2.6187e-02']",
[92mINFO [0m:      	        'per-client-train_loss_mean': "['5.3352e-02', '6.6710e-02', "
[92mINFO [0m:      	                                      "'4.1063e-02']",
[92mINFO [0m:      	        'train_loss': '3.4732e-02',
[92mINFO [0m:      	        'train_loss_mean': '4.8877e-02'}}
[92mINFO [0m:      	
[92mINFO [0m:      	Aggregated ClientApp-side Evaluate Metrics:
[92mINFO [0m:      	{ 1: { 'client-ids': "['0', '1', '2']",
[92mINFO [0m:      	       'eval_acc': '2.5031e-01',
[92mINFO [0m:      	       'eval_loss': '1.3758e+00',
[92mINFO [0m:      	       'per-client-eval_acc': "['2.5083e-01', '2.5500e-01', '2.4875e-01']",
[92mINFO [0m:      	       'per-client-eval_loss': "['1.3763e+00', '1.3737e+00', '1.3759e+00']",
[92mINFO [0m:      	       'per-client-num-examples': "['1200', '400', '1600']"},
[92mINFO [0m:      	  2: { 'client-ids': "['0', '1', '2']",
[92mINFO [0m:      	       'eval_acc': '6.6094e-01',
[92mINFO [0m:      	       'eval_loss': '1.1356e+00',
[92mINFO [0m:      	       'per-client-eval_acc': "['6.5750e-01', '6.6250e-01', '6.6312e-01']",
[92mINFO [0m:      	       'per-client-eval_loss': "['1.1347e+00', '1.1364e+00', '1.1361e+00']",
[92mINFO [0m:      	       'per-client-num-examples': "['1200', '400', '1600']"},
[92mINFO [0m:      	  3: { 'client-ids': "['0', '1', '2']",
[92mINFO [0m:      	       'eval_acc': '7.7781e-01',
[92mINFO [0m:      	       'eval_loss': '7.6780e-01',
[92mINFO [0m:      	       'per-client-eval_acc': "['7.9167e-01', '7.7750e-01', '7.6750e-01']",
[92mINFO [0m:      	       'per-client-eval_loss': "['7.5874e-01', '7.8376e-01', '7.7061e-01']",
[92mINFO [0m:      	       'per-client-num-examples': "['1200', '400', '1600']"},
[92mINFO [0m:      	  4: { 'client-ids': "['0', '1', '2']",
[92mINFO [0m:      	       'eval_acc': '7.9219e-01',
[92mINFO [0m:      	       'eval_loss': '5.7117e-01',
[92mINFO [0m:      	       'per-client-eval_acc': "['8.0250e-01', '7.7500e-01', '7.8875e-01']",
[92mINFO [0m:      	       'per-client-eval_loss': "['5.5900e-01', '5.8288e-01', '5.7738e-01']",
[92mINFO [0m:      	       'per-client-num-examples': "['1200', '400', '1600']"},
[92mINFO [0m:      	  5: { 'client-ids': "['0', '1', '2']",
[92mINFO [0m:      	       'eval_acc': '8.1563e-01',
[92mINFO [0m:      	       'eval_loss': '4.8698e-01',
[92mINFO [0m:      	       'per-client-eval_acc': "['8.2583e-01', '8.0250e-01', '8.1125e-01']",
[92mINFO [0m:      	       'per-client-eval_loss': "['4.7323e-01', '4.9077e-01', '4.9635e-01']",
[92mINFO [0m:      	       'per-client-num-examples': "['1200', '400', '1600']"},
[92mINFO [0m:      	  6: { 'client-ids': "['0', '1', '2']",
[92mINFO [0m:      	       'eval_acc': '8.2312e-01',
[92mINFO [0m:      	       'eval_loss': '4.6701e-01',
[92mINFO [0m:      	       'per-client-eval_acc': "['8.3000e-01', '8.1000e-01', '8.2125e-01']",
[92mINFO [0m:      	       'per-client-eval_loss': "['4.4944e-01', '4.6533e-01', '4.8060e-01']",
[92mINFO [0m:      	       'per-client-num-examples': "['1200', '400', '1600']"},
[92mINFO [0m:      	  7: { 'client-ids': "['0', '1', '2']",
[92mINFO [0m:      	       'eval_acc': '8.2594e-01',
[92mINFO [0m:      	       'eval_loss': '4.9401e-01',
[92mINFO [0m:      	       'per-client-eval_acc': "['8.2250e-01', '8.3750e-01', '8.2563e-01']",
[92mINFO [0m:      	       'per-client-eval_loss': "['4.7578e-01', '4.7840e-01', '5.1159e-01']",
[92mINFO [0m:      	       'per-client-num-examples': "['1200', '400', '1600']"},
[92mINFO [0m:      	  8: { 'client-ids': "['0', '1', '2']",
[92mINFO [0m:      	       'eval_acc': '8.3156e-01',
[92mINFO [0m:      	       'eval_loss': '5.2100e-01',
[92mINFO [0m:      	       'per-client-eval_acc': "['8.3667e-01', '8.3500e-01', '8.2688e-01']",
[92mINFO [0m:      	       'per-client-eval_loss': "['4.9399e-01', '5.0320e-01', '5.4572e-01']",
[92mINFO [0m:      	       'per-client-num-examples': "['1200', '400', '1600']"},
[92mINFO [0m:      	  9: { 'client-ids': "['0', '1', '2']",
[92mINFO [0m:      	       'eval_acc': '8.3719e-01',
[92mINFO [0m:      	       'eval_loss': '5.3313e-01',
[92mINFO [0m:      	       'per-client-eval_acc': "['8.4167e-01', '8.5000e-01', '8.3062e-01']",
[92mINFO [0m:      	       'per-client-eval_loss': "['5.1756e-01', '5.0389e-01', '5.5211e-01']",
[92mINFO [0m:      	       'per-client-num-examples': "['1200', '400', '1600']"},
[92mINFO [0m:      	  10: { 'client-ids': "['0', '1', '2']",
[92mINFO [0m:      	        'eval_acc': '8.3531e-01',
[92mINFO [0m:      	        'eval_loss': '5.5823e-01',
[92mINFO [0m:      	        'per-client-eval_acc': "['8.4417e-01', '8.5000e-01', '8.2500e-01']",
[92mINFO [0m:      	        'per-client-eval_loss': "['5.4297e-01', '4.8872e-01', '5.8706e-01']",
[92mINFO [0m:      	        'per-client-num-examples': "['1200', '400', '1600']"},
[92mINFO [0m:      	  11: { 'client-ids': "['0', '1', '2']",
[92mINFO [0m:      	        'eval_acc': '8.2969e-01',
[92mINFO [0m:      	        'eval_loss': '5.9329e-01',
[92mINFO [0m:      	        'per-client-eval_acc': "['8.3417e-01', '8.4750e-01', '8.2188e-01']",
[92mINFO [0m:      	        'per-client-eval_loss': "['5.9134e-01', '5.1346e-01', '6.1470e-01']",
[92mINFO [0m:      	        'per-client-num-examples': "['1200', '400', '1600']"},
[92mINFO [0m:      	  12: { 'client-ids': "['0', '1', '2']",
[92mINFO [0m:      	        'eval_acc': '8.3156e-01',
[92mINFO [0m:      	        'eval_loss': '6.4281e-01',
[92mINFO [0m:      	        'per-client-eval_acc': "['8.2500e-01', '8.5500e-01', '8.3062e-01']",
[92mINFO [0m:      	        'per-client-eval_loss': "['6.2704e-01', '5.5501e-01', '6.7658e-01']",
[92mINFO [0m:      	        'per-client-num-examples': "['1200', '400', '1600']"},
[92mINFO [0m:      	  13: { 'client-ids': "['0', '1', '2']",
[92mINFO [0m:      	        'eval_acc': '8.2625e-01',
[92mINFO [0m:      	        'eval_loss': '7.1450e-01',
[92mINFO [0m:      	        'per-client-eval_acc': "['8.2667e-01', '8.5000e-01', '8.2000e-01']",
[92mINFO [0m:      	        'per-client-eval_loss': "['6.9031e-01', '6.0062e-01', '7.6111e-01']",
[92mINFO [0m:      	        'per-client-num-examples': "['1200', '400', '1600']"},
[92mINFO [0m:      	  14: { 'client-ids': "['0', '1', '2']",
[92mINFO [0m:      	        'eval_acc': '8.3562e-01',
[92mINFO [0m:      	        'eval_loss': '6.5897e-01',
[92mINFO [0m:      	        'per-client-eval_acc': "['8.3583e-01', '8.5750e-01', '8.3000e-01']",
[92mINFO [0m:      	        'per-client-eval_loss': "['6.3113e-01', '5.7272e-01', '7.0141e-01']",
[92mINFO [0m:      	        'per-client-num-examples': "['1200', '400', '1600']"},
[92mINFO [0m:      	  15: { 'client-ids': "['0', '1', '2']",
[92mINFO [0m:      	        'eval_acc': '8.3375e-01',
[92mINFO [0m:      	        'eval_loss': '7.0223e-01',
[92mINFO [0m:      	        'per-client-eval_acc': "['8.3583e-01', '8.4750e-01', '8.2875e-01']",
[92mINFO [0m:      	        'per-client-eval_loss': "['6.7351e-01', '5.9871e-01', '7.4965e-01']",
[92mINFO [0m:      	        'per-client-num-examples': "['1200', '400', '1600']"},
[92mINFO [0m:      	  16: { 'client-ids': "['0', '1', '2']",
[92mINFO [0m:      	        'eval_acc': '8.3563e-01',
[92mINFO [0m:      	        'eval_loss': '7.1193e-01',
[92mINFO [0m:      	        'per-client-eval_acc': "['8.3500e-01', '8.5250e-01', '8.3188e-01']",
[92mINFO [0m:      	        'per-client-eval_loss': "['6.9122e-01', '6.2351e-01', '7.4957e-01']",
[92mINFO [0m:      	        'per-client-num-examples': "['1200', '400', '1600']"},
[92mINFO [0m:      	  17: { 'client-ids': "['0', '1', '2']",
[92mINFO [0m:      	        'eval_acc': '8.3469e-01',
[92mINFO [0m:      	        'eval_loss': '7.5357e-01',
[92mINFO [0m:      	        'per-client-eval_acc': "['8.3417e-01', '8.6250e-01', '8.2812e-01']",
[92mINFO [0m:      	        'per-client-eval_loss': "['7.3665e-01', '6.1641e-01', '8.0055e-01']",
[92mINFO [0m:      	        'per-client-num-examples': "['1200', '400', '1600']"},
[92mINFO [0m:      	  18: { 'client-ids': "['0', '1', '2']",
[92mINFO [0m:      	        'eval_acc': '8.3688e-01',
[92mINFO [0m:      	        'eval_loss': '7.9782e-01',
[92mINFO [0m:      	        'per-client-eval_acc': "['8.3500e-01', '8.6250e-01', '8.3188e-01']",
[92mINFO [0m:      	        'per-client-eval_loss': "['8.0852e-01', '6.1122e-01', '8.3645e-01']",
[92mINFO [0m:      	        'per-client-num-examples': "['1200', '400', '1600']"},
[92mINFO [0m:      	  19: { 'client-ids': "['0', '1', '2']",
[92mINFO [0m:      	        'eval_acc': '8.3531e-01',
[92mINFO [0m:      	        'eval_loss': '8.1448e-01',
[92mINFO [0m:      	        'per-client-eval_acc': "['8.3333e-01', '8.5750e-01', '8.3125e-01']",
[92mINFO [0m:      	        'per-client-eval_loss': "['8.3111e-01', '6.3327e-01', '8.4731e-01']",
[92mINFO [0m:      	        'per-client-num-examples': "['1200', '400', '1600']"},
[92mINFO [0m:      	  20: { 'client-ids': "['0', '1', '2']",
[92mINFO [0m:      	        'eval_acc': '8.3500e-01',
[92mINFO [0m:      	        'eval_loss': '8.1143e-01',
[92mINFO [0m:      	        'per-client-eval_acc': "['8.3500e-01', '8.6000e-01', '8.2875e-01']",
[92mINFO [0m:      	        'per-client-eval_loss': "['8.2334e-01', '6.6599e-01', '8.3885e-01']",
[92mINFO [0m:      	        'per-client-num-examples': "['1200', '400', '1600']"}}
[92mINFO [0m:      	
[92mINFO [0m:      	ServerApp-side Evaluate Metrics:
[92mINFO [0m:      	{ 0: { 'accuracy': '2.5000e-01',
[92mINFO [0m:      	       'auc': '5.1740e-01',
[92mINFO [0m:      	       'f1': '1.0000e-01',
[92mINFO [0m:      	       'loss': '1.3919e+00',
[92mINFO [0m:      	       'precision': '6.2500e-02'},
[92mINFO [0m:      	  1: { 'accuracy': '2.5000e-01',
[92mINFO [0m:      	       'auc': '6.3481e-01',
[92mINFO [0m:      	       'f1': '1.0000e-01',
[92mINFO [0m:      	       'loss': '1.3760e+00',
[92mINFO [0m:      	       'precision': '6.2500e-02'},
[92mINFO [0m:      	  2: { 'accuracy': '6.6000e-01',
[92mINFO [0m:      	       'auc': '8.9533e-01',
[92mINFO [0m:      	       'f1': '6.2283e-01',
[92mINFO [0m:      	       'loss': '1.1400e+00',
[92mINFO [0m:      	       'precision': '7.3519e-01'},
[92mINFO [0m:      	  3: { 'accuracy': '7.6350e-01',
[92mINFO [0m:      	       'auc': '9.3965e-01',
[92mINFO [0m:      	       'f1': '7.6240e-01',
[92mINFO [0m:      	       'loss': '7.7826e-01',
[92mINFO [0m:      	       'precision': '7.6204e-01'},
[92mINFO [0m:      	  4: { 'accuracy': '7.9000e-01',
[92mINFO [0m:      	       'auc': '9.5038e-01',
[92mINFO [0m:      	       'f1': '7.8700e-01',
[92mINFO [0m:      	       'loss': '5.8265e-01',
[92mINFO [0m:      	       'precision': '7.9444e-01'},
[92mINFO [0m:      	  5: { 'accuracy': '8.1350e-01',
[92mINFO [0m:      	       'auc': '9.5785e-01',
[92mINFO [0m:      	       'f1': '8.1168e-01',
[92mINFO [0m:      	       'loss': '4.9471e-01',
[92mINFO [0m:      	       'precision': '8.1348e-01'},
[92mINFO [0m:      	  6: { 'accuracy': '8.1850e-01',
[92mINFO [0m:      	       'auc': '9.5918e-01',
[92mINFO [0m:      	       'f1': '8.1594e-01',
[92mINFO [0m:      	       'loss': '4.8682e-01',
[92mINFO [0m:      	       'precision': '8.2327e-01'},
[92mINFO [0m:      	  7: { 'accuracy': '8.1000e-01',
[92mINFO [0m:      	       'auc': '9.5697e-01',
[92mINFO [0m:      	       'f1': '8.0734e-01',
[92mINFO [0m:      	       'loss': '5.4059e-01',
[92mINFO [0m:      	       'precision': '8.2043e-01'},
[92mINFO [0m:      	  8: { 'accuracy': '8.0550e-01',
[92mINFO [0m:      	       'auc': '9.5820e-01',
[92mINFO [0m:      	       'f1': '8.0467e-01',
[92mINFO [0m:      	       'loss': '5.8387e-01',
[92mINFO [0m:      	       'precision': '8.1284e-01'},
[92mINFO [0m:      	  9: { 'accuracy': '8.1750e-01',
[92mINFO [0m:      	       'auc': '9.6069e-01',
[92mINFO [0m:      	       'f1': '8.1754e-01',
[92mINFO [0m:      	       'loss': '5.9028e-01',
[92mINFO [0m:      	       'precision': '8.1856e-01'},
[92mINFO [0m:      	  10: { 'accuracy': '8.2150e-01',
[92mINFO [0m:      	        'auc': '9.6160e-01',
[92mINFO [0m:      	        'f1': '8.2118e-01',
[92mINFO [0m:      	        'loss': '6.0713e-01',
[92mINFO [0m:      	        'precision': '8.2373e-01'},
[92mINFO [0m:      	  11: { 'accuracy': '8.2600e-01',
[92mINFO [0m:      	        'auc': '9.5997e-01',
[92mINFO [0m:      	        'f1': '8.2495e-01',
[92mINFO [0m:      	        'loss': '6.2871e-01',
[92mINFO [0m:      	        'precision': '8.2449e-01'},
[92mINFO [0m:      	  12: { 'accuracy': '8.2050e-01',
[92mINFO [0m:      	        'auc': '9.5901e-01',
[92mINFO [0m:      	        'f1': '8.1978e-01',
[92mINFO [0m:      	        'loss': '6.9887e-01',
[92mINFO [0m:      	        'precision': '8.1949e-01'},
[92mINFO [0m:      	  13: { 'accuracy': '8.0800e-01',
[92mINFO [0m:      	        'auc': '9.5819e-01',
[92mINFO [0m:      	        'f1': '8.0802e-01',
[92mINFO [0m:      	        'loss': '7.7227e-01',
[92mINFO [0m:      	        'precision': '8.0818e-01'},
[92mINFO [0m:      	  14: { 'accuracy': '8.2500e-01',
[92mINFO [0m:      	        'auc': '9.5863e-01',
[92mINFO [0m:      	        'f1': '8.2424e-01',
[92mINFO [0m:      	        'loss': '7.3734e-01',
[92mINFO [0m:      	        'precision': '8.2397e-01'},
[92mINFO [0m:      	  15: { 'accuracy': '8.1450e-01',
[92mINFO [0m:      	        'auc': '9.5840e-01',
[92mINFO [0m:      	        'f1': '8.1401e-01',
[92mINFO [0m:      	        'loss': '7.7648e-01',
[92mINFO [0m:      	        'precision': '8.1391e-01'},
[92mINFO [0m:      	  16: { 'accuracy': '8.0850e-01',
[92mINFO [0m:      	        'auc': '9.5794e-01',
[92mINFO [0m:      	        'f1': '8.0822e-01',
[92mINFO [0m:      	        'loss': '8.1558e-01',
[92mINFO [0m:      	        'precision': '8.0827e-01'},
[92mINFO [0m:      	  17: { 'accuracy': '8.1800e-01',
[92mINFO [0m:      	        'auc': '9.5790e-01',
[92mINFO [0m:      	        'f1': '8.1818e-01',
[92mINFO [0m:      	        'loss': '8.4096e-01',
[92mINFO [0m:      	        'precision': '8.1844e-01'},
[92mINFO [0m:      	  18: { 'accuracy': '8.1300e-01',
[92mINFO [0m:      	        'auc': '9.5631e-01',
[92mINFO [0m:      	        'f1': '8.1107e-01',
[92mINFO [0m:      	        'loss': '9.0096e-01',
[92mINFO [0m:      	        'precision': '8.1189e-01'},
[92mINFO [0m:      	  19: { 'accuracy': '8.0550e-01',
[92mINFO [0m:      	        'auc': '9.5574e-01',
[92mINFO [0m:      	        'f1': '8.0402e-01',
[92mINFO [0m:      	        'loss': '8.7928e-01',
[92mINFO [0m:      	        'precision': '8.0478e-01'},
[92mINFO [0m:      	  20: { 'accuracy': '8.1300e-01',
[92mINFO [0m:      	        'auc': '9.5807e-01',
[92mINFO [0m:      	        'f1': '8.1163e-01',
[92mINFO [0m:      	        'loss': '8.7733e-01',
[92mINFO [0m:      	        'precision': '8.1096e-01'}}
[92mINFO [0m:      
Round 1 checkpoint written to /content/metricdp-pytorch/results/planned_runs/cifar/full/out-replace/clients-3/seed-43/ratio-0p0025/runs/cifar-full-out-replace__non-iid__metric-privacy__fedavg__clients-3__seed-43__nm0p0075__clip5__rounds-20__epochs-5__cifar_chunks__cifar10_cnn.round-1.pt
Round 2 checkpoint written to /content/metricdp-pytorch/results/planned_runs/cifar/full/out-replace/clients-3/seed-43/ratio-0p0025/runs/cifar-full-out-replace__non-iid__metric-privacy__fedavg__clients-3__seed-43__nm0p0075__clip5__rounds-20__epochs-5__cifar_chunks__cifar10_cnn.round-2.pt
Round 3 checkpoint written to /content/metricdp-pytorch/results/planned_runs/cifar/full/out-replace/clients-3/seed-43/ratio-0p0025/runs/cifar-full-out-replace__non-iid__metric-privacy__fedavg__clients-3__seed-43__nm0p0075__clip5__rounds-20__epochs-5__cifar_chunks__cifar10_cnn.round-3.pt
Round 4 checkpoint written to /content/metricdp-pytorch/results/planned_runs/cifar/full/out-replace/clients-3/seed-43/ratio-0p0025/runs/cifar-full-out-replace__non-iid__metric-privacy__fedavg__clients-3__seed-43__nm0p0075__clip5__rounds-20__epochs-5__cifar_chunks__cifar10_cnn.round-4.pt
Round 5 checkpoint written to /content/metricdp-pytorch/results/planned_runs/cifar/full/out-replace/clients-3/seed-43/ratio-0p0025/runs/cifar-full-out-replace__non-iid__metric-privacy__fedavg__clients-3__seed-43__nm0p0075__clip5__rounds-20__epochs-5__cifar_chunks__cifar10_cnn.round-5.pt
Round 6 checkpoint written to /content/metricdp-pytorch/results/planned_runs/cifar/full/out-replace/clients-3/seed-43/ratio-0p0025/runs/cifar-full-out-replace__non-iid__metric-privacy__fedavg__clients-3__seed-43__nm0p0075__clip5__rounds-20__epochs-5__cifar_chunks__cifar10_cnn.round-6.pt
Round 7 checkpoint written to /content/metricdp-pytorch/results/planned_runs/cifar/full/out-replace/clients-3/seed-43/ratio-0p0025/runs/cifar-full-out-replace__non-iid__metric-privacy__fedavg__clients-3__seed-43__nm0p0075__clip5__rounds-20__epochs-5__cifar_chunks__cifar10_cnn.round-7.pt
Round 8 checkpoint written to /content/metricdp-pytorch/results/planned_runs/cifar/full/out-replace/clients-3/seed-43/ratio-0p0025/runs/cifar-full-out-replace__non-iid__metric-privacy__fedavg__clients-3__seed-43__nm0p0075__clip5__rounds-20__epochs-5__cifar_chunks__cifar10_cnn.round-8.pt
Round 9 checkpoint written to /content/metricdp-pytorch/results/planned_runs/cifar/full/out-replace/clients-3/seed-43/ratio-0p0025/runs/cifar-full-out-replace__non-iid__metric-privacy__fedavg__clients-3__seed-43__nm0p0075__clip5__rounds-20__epochs-5__cifar_chunks__cifar10_cnn.round-9.pt
Round 10 checkpoint written to /content/metricdp-pytorch/results/planned_runs/cifar/full/out-replace/clients-3/seed-43/ratio-0p0025/runs/cifar-full-out-replace__non-iid__metric-privacy__fedavg__clients-3__seed-43__nm0p0075__clip5__rounds-20__epochs-5__cifar_chunks__cifar10_cnn.round-10.pt
Round 11 checkpoint written to /content/metricdp-pytorch/results/planned_runs/cifar/full/out-replace/clients-3/seed-43/ratio-0p0025/runs/cifar-full-out-replace__non-iid__metric-privacy__fedavg__clients-3__seed-43__nm0p0075__clip5__rounds-20__epochs-5__cifar_chunks__cifar10_cnn.round-11.pt
Round 12 checkpoint written to /content/metricdp-pytorch/results/planned_runs/cifar/full/out-replace/clients-3/seed-43/ratio-0p0025/runs/cifar-full-out-replace__non-iid__metric-privacy__fedavg__clients-3__seed-43__nm0p0075__clip5__rounds-20__epochs-5__cifar_chunks__cifar10_cnn.round-12.pt
Round 13 checkpoint written to /content/metricdp-pytorch/results/planned_runs/cifar/full/out-replace/clients-3/seed-43/ratio-0p0025/runs/cifar-full-out-replace__non-iid__metric-privacy__fedavg__clients-3__seed-43__nm0p0075__clip5__rounds-20__epochs-5__cifar_chunks__cifar10_cnn.round-13.pt
Round 14 checkpoint written to /content/metricdp-pytorch/results/planned_runs/cifar/full/out-replace/clients-3/seed-43/ratio-0p0025/runs/cifar-full-out-replace__non-iid__metric-privacy__fedavg__clients-3__seed-43__nm0p0075__clip5__rounds-20__epochs-5__cifar_chunks__cifar10_cnn.round-14.pt
Round 15 checkpoint written to /content/metricdp-pytorch/results/planned_runs/cifar/full/out-replace/clients-3/seed-43/ratio-0p0025/runs/cifar-full-out-replace__non-iid__metric-privacy__fedavg__clients-3__seed-43__nm0p0075__clip5__rounds-20__epochs-5__cifar_chunks__cifar10_cnn.round-15.pt
Round 16 checkpoint written to /content/metricdp-pytorch/results/planned_runs/cifar/full/out-replace/clients-3/seed-43/ratio-0p0025/runs/cifar-full-out-replace__non-iid__metric-privacy__fedavg__clients-3__seed-43__nm0p0075__clip5__rounds-20__epochs-5__cifar_chunks__cifar10_cnn.round-16.pt
Round 17 checkpoint written to /content/metricdp-pytorch/results/planned_runs/cifar/full/out-replace/clients-3/seed-43/ratio-0p0025/runs/cifar-full-out-replace__non-iid__metric-privacy__fedavg__clients-3__seed-43__nm0p0075__clip5__rounds-20__epochs-5__cifar_chunks__cifar10_cnn.round-17.pt
Round 18 checkpoint written to /content/metricdp-pytorch/results/planned_runs/cifar/full/out-replace/clients-3/seed-43/ratio-0p0025/runs/cifar-full-out-replace__non-iid__metric-privacy__fedavg__clients-3__seed-43__nm0p0075__clip5__rounds-20__epochs-5__cifar_chunks__cifar10_cnn.round-18.pt
Round 19 checkpoint written to /content/metricdp-pytorch/results/planned_runs/cifar/full/out-replace/clients-3/seed-43/ratio-0p0025/runs/cifar-full-out-replace__non-iid__metric-privacy__fedavg__clients-3__seed-43__nm0p0075__clip5__rounds-20__epochs-5__cifar_chunks__cifar10_cnn.round-19.pt
Round 20 checkpoint written to /content/metricdp-pytorch/results/planned_runs/cifar/full/out-replace/clients-3/seed-43/ratio-0p0025/runs/cifar-full-out-replace__non-iid__metric-privacy__fedavg__clients-3__seed-43__nm0p0075__clip5__rounds-20__epochs-5__cifar_chunks__cifar10_cnn.round-20.pt
Experiment result written to /content/metricdp-pytorch/results/planned_runs/cifar/full/out-replace/clients-3/seed-43/ratio-0p0025/runs/cifar-full-out-replace__non-iid__metric-privacy__fedavg__clients-3__seed-43__nm0p0075__clip5__rounds-20__epochs-5__cifar_chunks__cifar10_cnn.json
/usr/lib/python3.12/multiprocessing/popen_fork.py:66: DeprecationWarning: This process (pid=6902) is multi-threaded, use of fork() may lead to deadlocks in the child.
  self.pid = os.fork()
[36m(ClientAppActor pid=7457)[0m /usr/lib/python3.12/multiprocessing/popen_fork.py:66: DeprecationWarning: This process (pid=7457) is multi-threaded, use of fork() may lead to deadlocks in the child.[32m [repeated 2x across cluster][0m
[36m(ClientAppActor pid=7457)[0m   self.pid = os.fork()[32m [repeated 2x across cluster][0m
Detailed evaluation written to /content/metricdp-pytorch/results/planned_runs/cifar/full/out-replace/clients-3/seed-43/ratio-0p0025/runs/cifar-full-out-replace__non-iid__metric-privacy__fedavg__clients-3__seed-43__nm0p0075__clip5__rounds-20__epochs-5__cifar_chunks__cifar10_cnn.evaluation.json and /content/metricdp-pytorch/results/planned_runs/cifar/full/out-replace/clients-3/seed-43/ratio-0p0025/runs/cifar-full-out-replace__non-iid__metric-privacy__fedavg__clients-3__seed-43__nm0p0075__clip5__rounds-20__epochs-5__cifar_chunks__cifar10_cnn.predictions.npz
Result: /content/metricdp-pytorch/results/planned_runs/cifar/full/out-replace/clients-3/seed-43/ratio-0p0025/runs/cifar-full-out-replace__non-iid__metric-privacy__fedavg__clients-3__seed-43__nm0p0075__clip5__rounds-20__epochs-5__cifar_chunks__cifar10_cnn.json
Final server metrics: {'loss': 0.8773329865932464, 'accuracy': 0.813, 'f1': 0.811631391878667, 'precision': 0.8109631496804706, 'auc': 0.958065875}
2026-08-05 15:05:50 DONE  cifar-full-out-replace__non-iid__metric-privacy__fedavg__clients-3__seed-43__nm0p0075__clip5__rounds-20__epochs-5__cifar_chunks__cifar10_cnn (303.1s)
2026-08-05 15:05:56 EVALUATED cifar-full-out-replace__non-iid__metric-privacy__fedavg__clients-3__seed-43__nm0p0075__clip5__rounds-20__epochs-5__cifar_chunks__cifar10_cnn round=1 (checkpoint deleted)
2026-08-05 15:06:01 EVALUATED cifar-full-out-replace__non-iid__metric-privacy__fedavg__clients-3__seed-43__nm0p0075__clip5__rounds-20__epochs-5__cifar_chunks__cifar10_cnn round=2 (checkpoint deleted)
2026-08-05 15:06:07 EVALUATED cifar-full-out-replace__non-iid__metric-privacy__fedavg__clients-3__seed-43__nm0p0075__clip5__rounds-20__epochs-5__cifar_chunks__cifar10_cnn round=3 (checkpoint deleted)
2026-08-05 15:06:12 EVALUATED cifar-full-out-replace__non-iid__metric-privacy__fedavg__clients-3__seed-43__nm0p0075__clip5__rounds-20__epochs-5__cifar_chunks__cifar10_cnn round=4 (checkpoint deleted)
2026-08-05 15:06:18 EVALUATED cifar-full-out-replace__non-iid__metric-privacy__fedavg__clients-3__seed-43__nm0p0075__clip5__rounds-20__epochs-5__cifar_chunks__cifar10_cnn round=5 (checkpoint deleted)
2026-08-05 15:06:23 EVALUATED cifar-full-out-replace__non-iid__metric-privacy__fedavg__clients-3__seed-43__nm0p0075__clip5__rounds-20__epochs-5__cifar_chunks__cifar10_cnn round=6 (checkpoint deleted)
2026-08-05 15:06:29 EVALUATED cifar-full-out-replace__non-iid__metric-privacy__fedavg__clients-3__seed-43__nm0p0075__clip5__rounds-20__epochs-5__cifar_chunks__cifar10_cnn round=7 (checkpoint deleted)
2026-08-05 15:06:34 EVALUATED cifar-full-out-replace__non-iid__metric-privacy__fedavg__clients-3__seed-43__nm0p0075__clip5__rounds-20__epochs-5__cifar_chunks__cifar10_cnn round=8 (checkpoint deleted)
2026-08-05 15:06:40 EVALUATED cifar-full-out-replace__non-iid__metric-privacy__fedavg__clients-3__seed-43__nm0p0075__clip5__rounds-20__epochs-5__cifar_chunks__cifar10_cnn round=9 (checkpoint deleted)
2026-08-05 15:06:46 EVALUATED cifar-full-out-replace__non-iid__metric-privacy__fedavg__clients-3__seed-43__nm0p0075__clip5__rounds-20__epochs-5__cifar_chunks__cifar10_cnn round=10 (checkpoint deleted)
2026-08-05 15:06:51 EVALUATED cifar-full-out-replace__non-iid__metric-privacy__fedavg__clients-3__seed-43__nm0p0075__clip5__rounds-20__epochs-5__cifar_chunks__cifar10_cnn round=11 (checkpoint deleted)
2026-08-05 15:06:57 EVALUATED cifar-full-out-replace__non-iid__metric-privacy__fedavg__clients-3__seed-43__nm0p0075__clip5__rounds-20__epochs-5__cifar_chunks__cifar10_cnn round=12 (checkpoint deleted)
2026-08-05 15:07:02 EVALUATED cifar-full-out-replace__non-iid__metric-privacy__fedavg__clients-3__seed-43__nm0p0075__clip5__rounds-20__epochs-5__cifar_chunks__cifar10_cnn round=13 (checkpoint deleted)
2026-08-05 15:07:08 EVALUATED cifar-full-out-replace__non-iid__metric-privacy__fedavg__clients-3__seed-43__nm0p0075__clip5__rounds-20__epochs-5__cifar_chunks__cifar10_cnn round=14 (checkpoint deleted)
2026-08-05 15:07:13 EVALUATED cifar-full-out-replace__non-iid__metric-privacy__fedavg__clients-3__seed-43__nm0p0075__clip5__rounds-20__epochs-5__cifar_chunks__cifar10_cnn round=15 (checkpoint deleted)
2026-08-05 15:07:19 EVALUATED cifar-full-out-replace__non-iid__metric-privacy__fedavg__clients-3__seed-43__nm0p0075__clip5__rounds-20__epochs-5__cifar_chunks__cifar10_cnn round=16 (checkpoint deleted)
2026-08-05 15:07:24 EVALUATED cifar-full-out-replace__non-iid__metric-privacy__fedavg__clients-3__seed-43__nm0p0075__clip5__rounds-20__epochs-5__cifar_chunks__cifar10_cnn round=17 (checkpoint deleted)
2026-08-05 15:07:30 EVALUATED cifar-full-out-replace__non-iid__metric-privacy__fedavg__clients-3__seed-43__nm0p0075__clip5__rounds-20__epochs-5__cifar_chunks__cifar10_cnn round=18 (checkpoint deleted)
2026-08-05 15:07:35 EVALUATED cifar-full-out-replace__non-iid__metric-privacy__fedavg__clients-3__seed-43__nm0p0075__clip5__rounds-20__epochs-5__cifar_chunks__cifar10_cnn round=19 (checkpoint deleted)
2026-08-05 15:07:41 EVALUATED cifar-full-out-replace__non-iid__metric-privacy__fedavg__clients-3__seed-43__nm0p0075__clip5__rounds-20__epochs-5__cifar_chunks__cifar10_cnn round=20 (checkpoint deleted)
2026-08-05 15:07:41 PROGRESS 2/2 (0 failed so far)
2026-08-05 15:07:41 Sweep finished: 2/2 attempted, 0 failed
