{
  "metadata": {
    "run_name": "main__homogeneous__vanilla__fedprox__noise-0.01__seed-43",
    "data_module": "experiments.reproduce.dataset.alzheimer:create_data_module",
    "partition_mode": "homogeneous",
    "partition_profile": "auto",
    "privacy": "vanilla",
    "aggregation": "fedprox",
    "seed": 43,
    "num_clients": 4,
    "rounds": 20,
    "local_epochs": 5,
    "noise_multiplier": 0.01,
    "clipping_norm": 5.0,
    "initialization_pretrained": false,
    "initialization_epochs": 0,
    "initialization_final_loss": null
  },
  "train_metrics": {
    "1": {
      "train_loss": 1.188914577011019,
      "train_loss_mean": 1.2453961824066937
    },
    "2": {
      "train_loss": 1.0827770382165909,
      "train_loss_mean": 1.108750169724226
    },
    "3": {
      "train_loss": 1.0681010503321886,
      "train_loss_mean": 1.0770661384798585
    },
    "4": {
      "train_loss": 1.059461890719831,
      "train_loss_mean": 1.0698910040780902
    },
    "5": {
      "train_loss": 1.052765951026231,
      "train_loss_mean": 1.0606415648944676
    },
    "6": {
      "train_loss": 1.045455022715032,
      "train_loss_mean": 1.0545934257097542
    },
    "7": {
      "train_loss": 1.0436297762207687,
      "train_loss_mean": 1.0497499865479767
    },
    "8": {
      "train_loss": 1.035314213950187,
      "train_loss_mean": 1.044631224311888
    },
    "9": {
      "train_loss": 1.0283754910342395,
      "train_loss_mean": 1.0399090680293739
    },
    "10": {
      "train_loss": 1.0201371684670448,
      "train_loss_mean": 1.0329456645995378
    },
    "11": {
      "train_loss": 1.007799820508808,
      "train_loss_mean": 1.0223113566637039
    },
    "12": {
      "train_loss": 0.991773918736726,
      "train_loss_mean": 1.0084975203499198
    },
    "13": {
      "train_loss": 0.9807669739238918,
      "train_loss_mean": 0.9970986269414426
    },
    "14": {
      "train_loss": 0.9705585781484842,
      "train_loss_mean": 0.9857879616320133
    },
    "15": {
      "train_loss": 0.9599959757179022,
      "train_loss_mean": 0.9752369272522629
    },
    "16": {
      "train_loss": 0.9504824667237699,
      "train_loss_mean": 0.9664027784951033
    },
    "17": {
      "train_loss": 0.9422642691060901,
      "train_loss_mean": 0.9579010285437106
    },
    "18": {
      "train_loss": 0.9353881436400115,
      "train_loss_mean": 0.951057062856853
    },
    "19": {
      "train_loss": 0.9290051590651274,
      "train_loss_mean": 0.9441197048872709
    },
    "20": {
      "train_loss": 0.9228632608428597,
      "train_loss_mean": 0.9366337739862501
    }
  },
  "client_evaluate_metrics": {
    "1": {
      "eval_loss": 1.0667686555534601,
      "eval_acc": 0.5
    },
    "2": {
      "eval_loss": 1.0324432477355003,
      "eval_acc": 0.5
    },
    "3": {
      "eval_loss": 1.0294564794749022,
      "eval_acc": 0.5
    },
    "4": {
      "eval_loss": 1.0264918208122253,
      "eval_acc": 0.5
    },
    "5": {
      "eval_loss": 1.0218234285712242,
      "eval_acc": 0.5
    },
    "6": {
      "eval_loss": 1.0164675898849964,
      "eval_acc": 0.5009765625
    },
    "7": {
      "eval_loss": 1.0109902378171682,
      "eval_acc": 0.5029296875
    },
    "8": {
      "eval_loss": 1.0010387040674686,
      "eval_acc": 0.51171875
    },
    "9": {
      "eval_loss": 0.9916333500295877,
      "eval_acc": 0.5185546875
    },
    "10": {
      "eval_loss": 0.9773433897644281,
      "eval_acc": 0.5107421875
    },
    "11": {
      "eval_loss": 0.9663909580558538,
      "eval_acc": 0.51953125
    },
    "12": {
      "eval_loss": 0.957423634827137,
      "eval_acc": 0.525390625
    },
    "13": {
      "eval_loss": 0.9493117593228817,
      "eval_acc": 0.5322265625
    },
    "14": {
      "eval_loss": 0.9408482797443867,
      "eval_acc": 0.5380859375
    },
    "15": {
      "eval_loss": 0.9368376433849335,
      "eval_acc": 0.5390625
    },
    "16": {
      "eval_loss": 0.9280661474913359,
      "eval_acc": 0.544921875
    },
    "17": {
      "eval_loss": 0.9233831726014614,
      "eval_acc": 0.5419921875
    },
    "18": {
      "eval_loss": 0.918876837939024,
      "eval_acc": 0.5419921875
    },
    "19": {
      "eval_loss": 0.911201735958457,
      "eval_acc": 0.5556640625
    },
    "20": {
      "eval_loss": 0.9050704725086689,
      "eval_acc": 0.560546875
    }
  },
  "server_evaluate_metrics": {
    "0": {
      "loss": 1.3831083536148072,
      "accuracy": 0.134375
    },
    "1": {
      "loss": 1.0638813555240632,
      "accuracy": 0.4953125
    },
    "2": {
      "loss": 1.0258056789636611,
      "accuracy": 0.4953125
    },
    "3": {
      "loss": 1.023340255022049,
      "accuracy": 0.4953125
    },
    "4": {
      "loss": 1.020818167924881,
      "accuracy": 0.4953125
    },
    "5": {
      "loss": 1.017044261097908,
      "accuracy": 0.4953125
    },
    "6": {
      "loss": 1.012333956360817,
      "accuracy": 0.4953125
    },
    "7": {
      "loss": 1.0082102745771409,
      "accuracy": 0.496875
    },
    "8": {
      "loss": 1.0001199662685394,
      "accuracy": 0.5015625
    },
    "9": {
      "loss": 0.992744755744934,
      "accuracy": 0.5
    },
    "10": {
      "loss": 0.9825862020254135,
      "accuracy": 0.4890625
    },
    "11": {
      "loss": 0.9755683004856109,
      "accuracy": 0.50625
    },
    "12": {
      "loss": 0.9699586778879166,
      "accuracy": 0.5046875
    },
    "13": {
      "loss": 0.9640002995729446,
      "accuracy": 0.5078125
    },
    "14": {
      "loss": 0.95693818628788,
      "accuracy": 0.5234375
    },
    "15": {
      "loss": 0.9529278218746186,
      "accuracy": 0.525
    },
    "16": {
      "loss": 0.9446668416261673,
      "accuracy": 0.5328125
    },
    "17": {
      "loss": 0.9392699271440506,
      "accuracy": 0.5359375
    },
    "18": {
      "loss": 0.9356104373931885,
      "accuracy": 0.5421875
    },
    "19": {
      "loss": 0.9303500264883041,
      "accuracy": 0.5359375
    },
    "20": {
      "loss": 0.9261418014764786,
      "accuracy": 0.5328125
    }
  }
}
