{
  "metadata": {
    "run_name": "main__homogeneous__vanilla__fedavgm__noise-0.01__seed-45",
    "data_module": "experiments.reproduce.dataset.alzheimer:create_data_module",
    "partition_mode": "homogeneous",
    "partition_profile": "auto",
    "privacy": "vanilla",
    "aggregation": "fedavgm",
    "seed": 45,
    "num_clients": 4,
    "rounds": 20,
    "local_epochs": 5,
    "noise_multiplier": 0.01,
    "clipping_norm": 5.0,
    "initialization_pretrained": true,
    "initialization_epochs": 20,
    "initialization_final_loss": 0.37620761916041373
  },
  "train_metrics": {
    "1": {
      "train_loss": 0.42159369424916804,
      "train_loss_mean": 0.6363185418304056
    },
    "2": {
      "train_loss": 0.3851995817385614,
      "train_loss_mean": 0.6066522296052426
    },
    "3": {
      "train_loss": 0.31968330120434985,
      "train_loss_mean": 0.5498547411407344
    },
    "4": {
      "train_loss": 0.24684972263639793,
      "train_loss_mean": 0.48265670386608683
    },
    "5": {
      "train_loss": 0.1907699407020118,
      "train_loss_mean": 0.41708665231708436
    },
    "6": {
      "train_loss": 0.1524762241751887,
      "train_loss_mean": 0.35673682366032156
    },
    "7": {
      "train_loss": 0.14296734440722503,
      "train_loss_mean": 0.30777744683728087
    },
    "8": {
      "train_loss": 0.12051970305037685,
      "train_loss_mean": 0.2584789480548352
    },
    "9": {
      "train_loss": 0.1021580581436865,
      "train_loss_mean": 0.21799670007021632
    },
    "10": {
      "train_loss": 0.07449061169609195,
      "train_loss_mean": 0.18507314737798877
    },
    "11": {
      "train_loss": 0.07916288918204373,
      "train_loss_mean": 0.16029283237294292
    },
    "12": {
      "train_loss": 0.07612780074487091,
      "train_loss_mean": 0.14551956702562166
    },
    "13": {
      "train_loss": 0.07273464263926144,
      "train_loss_mean": 0.13350471910016495
    },
    "14": {
      "train_loss": 0.062423832634522114,
      "train_loss_mean": 0.12028119624010288
    },
    "15": {
      "train_loss": 0.06059446820290759,
      "train_loss_mean": 0.10506103226798587
    },
    "16": {
      "train_loss": 0.059869166361750104,
      "train_loss_mean": 0.09808275739196688
    },
    "17": {
      "train_loss": 0.06730012701882515,
      "train_loss_mean": 0.09335771451733307
    },
    "18": {
      "train_loss": 0.06617249035116402,
      "train_loss_mean": 0.08513813849585859
    },
    "19": {
      "train_loss": 0.058360877505037934,
      "train_loss_mean": 0.07774762466506219
    },
    "20": {
      "train_loss": 0.07095185172602214,
      "train_loss_mean": 0.0732334438482212
    }
  },
  "client_evaluate_metrics": {
    "1": {
      "eval_loss": 0.9074311759322882,
      "eval_acc": 0.6337890625
    },
    "2": {
      "eval_loss": 0.8298263885080814,
      "eval_acc": 0.65234375
    },
    "3": {
      "eval_loss": 0.7599695790559053,
      "eval_acc": 0.6708984375
    },
    "4": {
      "eval_loss": 0.7023326829075813,
      "eval_acc": 0.6943359375
    },
    "5": {
      "eval_loss": 0.6519214743748307,
      "eval_acc": 0.71484375
    },
    "6": {
      "eval_loss": 0.6004762416705489,
      "eval_acc": 0.734375
    },
    "7": {
      "eval_loss": 0.5491273663938046,
      "eval_acc": 0.7685546875
    },
    "8": {
      "eval_loss": 0.5007685665041208,
      "eval_acc": 0.7841796875
    },
    "9": {
      "eval_loss": 0.4545890144072473,
      "eval_acc": 0.8076171875
    },
    "10": {
      "eval_loss": 0.4134083306416869,
      "eval_acc": 0.826171875
    },
    "11": {
      "eval_loss": 0.3770334026776254,
      "eval_acc": 0.84765625
    },
    "12": {
      "eval_loss": 0.3435058305040002,
      "eval_acc": 0.8701171875
    },
    "13": {
      "eval_loss": 0.3174760553520173,
      "eval_acc": 0.8828125
    },
    "14": {
      "eval_loss": 0.29295581951737404,
      "eval_acc": 0.89453125
    },
    "15": {
      "eval_loss": 0.2728380309417844,
      "eval_acc": 0.90625
    },
    "16": {
      "eval_loss": 0.25014827493578196,
      "eval_acc": 0.923828125
    },
    "17": {
      "eval_loss": 0.23004964378196746,
      "eval_acc": 0.9326171875
    },
    "18": {
      "eval_loss": 0.21855155075900257,
      "eval_acc": 0.935546875
    },
    "19": {
      "eval_loss": 0.20617338409647346,
      "eval_acc": 0.9404296875
    },
    "20": {
      "eval_loss": 0.19565195438917726,
      "eval_acc": 0.9404296875
    }
  },
  "server_evaluate_metrics": {
    "0": {
      "loss": 1.0745335787534713,
      "accuracy": 0.6015625
    },
    "1": {
      "loss": 1.004173496365547,
      "accuracy": 0.609375
    },
    "2": {
      "loss": 0.9152184516191483,
      "accuracy": 0.621875
    },
    "3": {
      "loss": 0.8359116688370705,
      "accuracy": 0.6390625
    },
    "4": {
      "loss": 0.7708826929330825,
      "accuracy": 0.6703125
    },
    "5": {
      "loss": 0.7150883972644806,
      "accuracy": 0.6953125
    },
    "6": {
      "loss": 0.6611232608556747,
      "accuracy": 0.7234375
    },
    "7": {
      "loss": 0.6095281317830086,
      "accuracy": 0.7484375
    },
    "8": {
      "loss": 0.5628275483846664,
      "accuracy": 0.775
    },
    "9": {
      "loss": 0.5166643172502517,
      "accuracy": 0.80625
    },
    "10": {
      "loss": 0.4736821576952934,
      "accuracy": 0.8234375
    },
    "11": {
      "loss": 0.4339037243276834,
      "accuracy": 0.846875
    },
    "12": {
      "loss": 0.39799457266926763,
      "accuracy": 0.85625
    },
    "13": {
      "loss": 0.3692550793290138,
      "accuracy": 0.8640625
    },
    "14": {
      "loss": 0.3421306390315294,
      "accuracy": 0.878125
    },
    "15": {
      "loss": 0.32146211750805376,
      "accuracy": 0.89375
    },
    "16": {
      "loss": 0.29791780188679695,
      "accuracy": 0.903125
    },
    "17": {
      "loss": 0.27369055412709714,
      "accuracy": 0.915625
    },
    "18": {
      "loss": 0.2610057175159454,
      "accuracy": 0.925
    },
    "19": {
      "loss": 0.24398365002125502,
      "accuracy": 0.93125
    },
    "20": {
      "loss": 0.23323795944452286,
      "accuracy": 0.934375
    }
  }
}
