{
  "metadata": {
    "run_name": "main__homogeneous__global-dp__fedprox__noise-0.01__seed-43",
    "data_module": "experiments.reproduce.dataset.alzheimer:create_data_module",
    "partition_mode": "homogeneous",
    "partition_profile": "auto",
    "privacy": "global-dp",
    "aggregation": "fedprox",
    "seed": 43,
    "num_clients": 4,
    "rounds": 20,
    "local_epochs": 5,
    "noise_multiplier": 0.01,
    "clipping_norm": 5.0,
    "initialization_pretrained": false,
    "initialization_epochs": 0,
    "initialization_final_loss": null
  },
  "train_metrics": {
    "1": {
      "train_loss": 1.1903089969418943,
      "train_loss_mean": 1.242092172242701
    },
    "2": {
      "train_loss": 1.1040245811454952,
      "train_loss_mean": 1.1256221380084752
    },
    "3": {
      "train_loss": 1.0841628331691027,
      "train_loss_mean": 1.1013020515441894
    },
    "4": {
      "train_loss": 1.0773011571727693,
      "train_loss_mean": 1.098752268590033
    },
    "5": {
      "train_loss": 1.075383494142443,
      "train_loss_mean": 1.0901997445151208
    },
    "6": {
      "train_loss": 1.0795739647001028,
      "train_loss_mean": 1.0907658617012204
    },
    "7": {
      "train_loss": 1.0728517854586244,
      "train_loss_mean": 1.0847584618255497
    },
    "8": {
      "train_loss": 1.0788505915552378,
      "train_loss_mean": 1.0849151526577772
    },
    "9": {
      "train_loss": 1.0657669776119292,
      "train_loss_mean": 1.0734833131544292
    },
    "10": {
      "train_loss": 1.0632313578389585,
      "train_loss_mean": 1.067450841423124
    },
    "11": {
      "train_loss": 1.0500544314272702,
      "train_loss_mean": 1.0580613625235857
    },
    "12": {
      "train_loss": 1.0489730322733521,
      "train_loss_mean": 1.0505823160521688
    },
    "13": {
      "train_loss": 1.0358187654055655,
      "train_loss_mean": 1.0457617809064688
    },
    "14": {
      "train_loss": 1.0317693119868636,
      "train_loss_mean": 1.0374318823218345
    },
    "15": {
      "train_loss": 1.0189016768708825,
      "train_loss_mean": 1.0237267639487981
    },
    "16": {
      "train_loss": 0.9986597835086286,
      "train_loss_mean": 1.012948260549456
    },
    "17": {
      "train_loss": 0.9993131076917052,
      "train_loss_mean": 1.0107554422691463
    },
    "18": {
      "train_loss": 0.9941886854358017,
      "train_loss_mean": 1.0019818995147942
    },
    "19": {
      "train_loss": 0.9886536211706698,
      "train_loss_mean": 0.995453055202961
    },
    "20": {
      "train_loss": 0.9810313289053738,
      "train_loss_mean": 0.9924387705512344
    }
  },
  "client_evaluate_metrics": {
    "1": {
      "eval_loss": 1.0577747374773026,
      "eval_acc": 0.5
    },
    "2": {
      "eval_loss": 1.041212683543563,
      "eval_acc": 0.5
    },
    "3": {
      "eval_loss": 1.0355863310396671,
      "eval_acc": 0.5
    },
    "4": {
      "eval_loss": 1.0298530161380768,
      "eval_acc": 0.5
    },
    "5": {
      "eval_loss": 1.0206946302205324,
      "eval_acc": 0.5
    },
    "6": {
      "eval_loss": 1.014291800558567,
      "eval_acc": 0.5
    },
    "7": {
      "eval_loss": 1.0090303346514702,
      "eval_acc": 0.505859375
    },
    "8": {
      "eval_loss": 1.002868378534913,
      "eval_acc": 0.51953125
    },
    "9": {
      "eval_loss": 0.9901345949620008,
      "eval_acc": 0.5244140625
    },
    "10": {
      "eval_loss": 0.9979724735021591,
      "eval_acc": 0.517578125
    },
    "11": {
      "eval_loss": 0.9706219732761383,
      "eval_acc": 0.5107421875
    },
    "12": {
      "eval_loss": 0.9592111296951771,
      "eval_acc": 0.5146484375
    },
    "13": {
      "eval_loss": 0.9572068583220243,
      "eval_acc": 0.5205078125
    },
    "14": {
      "eval_loss": 0.9490198008716106,
      "eval_acc": 0.53515625
    },
    "15": {
      "eval_loss": 0.9346000012010336,
      "eval_acc": 0.52734375
    },
    "16": {
      "eval_loss": 0.9290031529963017,
      "eval_acc": 0.537109375
    },
    "17": {
      "eval_loss": 0.9237667061388493,
      "eval_acc": 0.5400390625
    },
    "18": {
      "eval_loss": 0.9226634427905083,
      "eval_acc": 0.5439453125
    },
    "19": {
      "eval_loss": 0.9104173816740513,
      "eval_acc": 0.5439453125
    },
    "20": {
      "eval_loss": 0.9376546051353216,
      "eval_acc": 0.55078125
    }
  },
  "server_evaluate_metrics": {
    "0": {
      "loss": 1.3831083536148072,
      "accuracy": 0.134375
    },
    "1": {
      "loss": 1.0524410903453827,
      "accuracy": 0.4953125
    },
    "2": {
      "loss": 1.0340058982372284,
      "accuracy": 0.4953125
    },
    "3": {
      "loss": 1.03287633061409,
      "accuracy": 0.4953125
    },
    "4": {
      "loss": 1.0255915910005569,
      "accuracy": 0.4953125
    },
    "5": {
      "loss": 1.016063493490219,
      "accuracy": 0.4953125
    },
    "6": {
      "loss": 1.0120631009340286,
      "accuracy": 0.4953125
    },
    "7": {
      "loss": 1.006299152970314,
      "accuracy": 0.496875
    },
    "8": {
      "loss": 0.9992720395326614,
      "accuracy": 0.5015625
    },
    "9": {
      "loss": 0.9896612823009491,
      "accuracy": 0.50625
    },
    "10": {
      "loss": 0.9982396841049195,
      "accuracy": 0.5046875
    },
    "11": {
      "loss": 0.9770533293485641,
      "accuracy": 0.49375
    },
    "12": {
      "loss": 0.9689013928174972,
      "accuracy": 0.5078125
    },
    "13": {
      "loss": 0.965544393658638,
      "accuracy": 0.5109375
    },
    "14": {
      "loss": 0.9606169104576111,
      "accuracy": 0.5125
    },
    "15": {
      "loss": 0.9530519604682922,
      "accuracy": 0.5171875
    },
    "16": {
      "loss": 0.9417302340269089,
      "accuracy": 0.5375
    },
    "17": {
      "loss": 0.9400413930416107,
      "accuracy": 0.5375
    },
    "18": {
      "loss": 0.9381297498941421,
      "accuracy": 0.5484375
    },
    "19": {
      "loss": 0.9291761547327042,
      "accuracy": 0.54375
    },
    "20": {
      "loss": 0.9586720436811447,
      "accuracy": 0.528125
    }
  }
}
