{
  "metadata": {
    "run_name": "main__homogeneous__vanilla__fedyogi__noise-0.01__seed-45",
    "data_module": "experiments.reproduce.dataset.alzheimer:create_data_module",
    "partition_mode": "homogeneous",
    "partition_profile": "auto",
    "privacy": "vanilla",
    "aggregation": "fedyogi",
    "seed": 45,
    "num_clients": 4,
    "rounds": 20,
    "local_epochs": 5,
    "noise_multiplier": 0.01,
    "clipping_norm": 5.0,
    "initialization_pretrained": true,
    "initialization_epochs": 20,
    "initialization_final_loss": 0.39188948571681975
  },
  "train_metrics": {
    "1": {
      "train_loss": 0.42712617537472397,
      "train_loss_mean": 0.6403158591361717
    },
    "2": {
      "train_loss": 0.2714611390547361,
      "train_loss_mean": 0.5072167843754869
    },
    "3": {
      "train_loss": 0.1392396344599547,
      "train_loss_mean": 0.3159695044188993
    },
    "4": {
      "train_loss": 0.0838558274845127,
      "train_loss_mean": 0.18656463286606595
    },
    "5": {
      "train_loss": 0.05778541757536004,
      "train_loss_mean": 0.12857815856841626
    },
    "6": {
      "train_loss": 0.048645878428942524,
      "train_loss_mean": 0.1074823574257607
    },
    "7": {
      "train_loss": 0.03979947924563021,
      "train_loss_mean": 0.09493590989518452
    },
    "8": {
      "train_loss": 0.03916293577566421,
      "train_loss_mean": 0.07682373672580259
    },
    "9": {
      "train_loss": 0.03331362446364494,
      "train_loss_mean": 0.07257256780053893
    },
    "10": {
      "train_loss": 0.032177351635240825,
      "train_loss_mean": 0.048201933346851564
    },
    "11": {
      "train_loss": 0.022099794695584762,
      "train_loss_mean": 0.04685497265542369
    },
    "12": {
      "train_loss": 0.008995987892346735,
      "train_loss_mean": 0.033258051929846065
    },
    "13": {
      "train_loss": 0.02875991168747427,
      "train_loss_mean": 0.036238976754743066
    },
    "14": {
      "train_loss": 0.0686746607896427,
      "train_loss_mean": 0.029633800573854584
    },
    "15": {
      "train_loss": 0.02626737714209279,
      "train_loss_mean": 0.030754983882538438
    },
    "16": {
      "train_loss": 0.027156672961138495,
      "train_loss_mean": 0.02260652871728533
    },
    "17": {
      "train_loss": 0.014619381489006607,
      "train_loss_mean": 0.015077284383598377
    },
    "18": {
      "train_loss": 0.01864107336305341,
      "train_loss_mean": 0.021678261855055822
    },
    "19": {
      "train_loss": 0.03753321346006403,
      "train_loss_mean": 0.024186707404517713
    },
    "20": {
      "train_loss": 0.007527331557181698,
      "train_loss_mean": 0.01657985925184466
    }
  },
  "client_evaluate_metrics": {
    "1": {
      "eval_loss": 0.7475356943905354,
      "eval_acc": 0.671875
    },
    "2": {
      "eval_loss": 0.6132579129189253,
      "eval_acc": 0.73828125
    },
    "3": {
      "eval_loss": 0.5157222170382738,
      "eval_acc": 0.7890625
    },
    "4": {
      "eval_loss": 0.5412769746035337,
      "eval_acc": 0.828125
    },
    "5": {
      "eval_loss": 0.8867737515829504,
      "eval_acc": 0.84375
    },
    "6": {
      "eval_loss": 1.0779413813725114,
      "eval_acc": 0.8671875
    },
    "7": {
      "eval_loss": 0.9660236187846749,
      "eval_acc": 0.89453125
    },
    "8": {
      "eval_loss": 0.6839295161317978,
      "eval_acc": 0.9189453125
    },
    "9": {
      "eval_loss": 0.43329796332000114,
      "eval_acc": 0.9345703125
    },
    "10": {
      "eval_loss": 0.3099405996617861,
      "eval_acc": 0.9453125
    },
    "11": {
      "eval_loss": 0.2676546893271734,
      "eval_acc": 0.9453125
    },
    "12": {
      "eval_loss": 0.23575391856502392,
      "eval_acc": 0.9482421875
    },
    "13": {
      "eval_loss": 0.21551933722003014,
      "eval_acc": 0.955078125
    },
    "14": {
      "eval_loss": 0.23596319641001173,
      "eval_acc": 0.955078125
    },
    "15": {
      "eval_loss": 0.3351293522419212,
      "eval_acc": 0.953125
    },
    "16": {
      "eval_loss": 0.4086872341658818,
      "eval_acc": 0.951171875
    },
    "17": {
      "eval_loss": 0.41274852557216946,
      "eval_acc": 0.9599609375
    },
    "18": {
      "eval_loss": 0.3292198871262757,
      "eval_acc": 0.9697265625
    },
    "19": {
      "eval_loss": 0.29472825566585037,
      "eval_acc": 0.966796875
    },
    "20": {
      "eval_loss": 0.3103429530957147,
      "eval_acc": 0.9658203125
    }
  },
  "server_evaluate_metrics": {
    "0": {
      "loss": 1.023898831009865,
      "accuracy": 0.5890625
    },
    "1": {
      "loss": 0.8079945221543312,
      "accuracy": 0.6546875
    },
    "2": {
      "loss": 0.6511881545186042,
      "accuracy": 0.7140625
    },
    "3": {
      "loss": 0.5418879881501197,
      "accuracy": 0.79375
    },
    "4": {
      "loss": 0.5805770844221115,
      "accuracy": 0.840625
    },
    "5": {
      "loss": 0.8841071873903275,
      "accuracy": 0.8640625
    },
    "6": {
      "loss": 1.113600095489528,
      "accuracy": 0.884375
    },
    "7": {
      "loss": 1.1330346316099167,
      "accuracy": 0.9046875
    },
    "8": {
      "loss": 0.9314714942127467,
      "accuracy": 0.91875
    },
    "9": {
      "loss": 0.6913870070740813,
      "accuracy": 0.9265625
    },
    "10": {
      "loss": 0.5502262456575409,
      "accuracy": 0.925
    },
    "11": {
      "loss": 0.4676811338867992,
      "accuracy": 0.9265625
    },
    "12": {
      "loss": 0.44600292593240737,
      "accuracy": 0.9421875
    },
    "13": {
      "loss": 0.46067497177864425,
      "accuracy": 0.946875
    },
    "14": {
      "loss": 0.5107866701066086,
      "accuracy": 0.95625
    },
    "15": {
      "loss": 0.6235634682117961,
      "accuracy": 0.9484375
    },
    "16": {
      "loss": 0.6910708975919988,
      "accuracy": 0.9453125
    },
    "17": {
      "loss": 0.6923462205158557,
      "accuracy": 0.9578125
    },
    "18": {
      "loss": 0.5954569991626955,
      "accuracy": 0.9609375
    },
    "19": {
      "loss": 0.5217265782577897,
      "accuracy": 0.9578125
    },
    "20": {
      "loss": 0.558505106859775,
      "accuracy": 0.9625
    }
  }
}
