{
  "metadata": {
    "run_name": "main__homogeneous__vanilla__fedyogi__noise-0.01__seed-44",
    "data_module": "experiments.reproduce.dataset.alzheimer:create_data_module",
    "partition_mode": "homogeneous",
    "partition_profile": "auto",
    "privacy": "vanilla",
    "aggregation": "fedyogi",
    "seed": 44,
    "num_clients": 4,
    "rounds": 20,
    "local_epochs": 5,
    "noise_multiplier": 0.01,
    "clipping_norm": 5.0,
    "initialization_pretrained": true,
    "initialization_epochs": 20,
    "initialization_final_loss": 0.5721281915903091
  },
  "train_metrics": {
    "1": {
      "train_loss": 0.5659961020573974,
      "train_loss_mean": 0.706160479504615
    },
    "2": {
      "train_loss": 0.42074914334807545,
      "train_loss_mean": 0.5950898671755567
    },
    "3": {
      "train_loss": 0.27199973160168156,
      "train_loss_mean": 0.4376173819298856
    },
    "4": {
      "train_loss": 0.1796321938163601,
      "train_loss_mean": 0.3031128768634517
    },
    "5": {
      "train_loss": 0.10621498087130021,
      "train_loss_mean": 0.20223457644169684
    },
    "6": {
      "train_loss": 0.09069739843835123,
      "train_loss_mean": 0.16574428278836423
    },
    "7": {
      "train_loss": 0.06901996009037248,
      "train_loss_mean": 0.1384084968114621
    },
    "8": {
      "train_loss": 0.05340706391098138,
      "train_loss_mean": 0.11440640036480546
    },
    "9": {
      "train_loss": 0.06255113858441064,
      "train_loss_mean": 0.09634761267222984
    },
    "10": {
      "train_loss": 0.043954215426424526,
      "train_loss_mean": 0.07010861221423141
    },
    "11": {
      "train_loss": 0.0635761387016629,
      "train_loss_mean": 0.06879528109094366
    },
    "12": {
      "train_loss": 0.04448660054033127,
      "train_loss_mean": 0.05103490603970933
    },
    "13": {
      "train_loss": 0.03187213794230104,
      "train_loss_mean": 0.04024166606671792
    },
    "14": {
      "train_loss": 0.05360124058445637,
      "train_loss_mean": 0.04182123820365334
    },
    "15": {
      "train_loss": 0.02643117227563785,
      "train_loss_mean": 0.03399051577600552
    },
    "16": {
      "train_loss": 0.03193453838119131,
      "train_loss_mean": 0.02907532131361173
    },
    "17": {
      "train_loss": 0.022526254679839056,
      "train_loss_mean": 0.02756414861300021
    },
    "18": {
      "train_loss": 0.025819579663437956,
      "train_loss_mean": 0.02336852824190023
    },
    "19": {
      "train_loss": 0.04271795441522755,
      "train_loss_mean": 0.0271527348275137
    },
    "20": {
      "train_loss": 0.02947708877532576,
      "train_loss_mean": 0.02358024327910834
    }
  },
  "client_evaluate_metrics": {
    "1": {
      "eval_loss": 0.7479002475738525,
      "eval_acc": 0.6650390625
    },
    "2": {
      "eval_loss": 0.6678625652566552,
      "eval_acc": 0.7109375
    },
    "3": {
      "eval_loss": 0.598330463282764,
      "eval_acc": 0.75390625
    },
    "4": {
      "eval_loss": 0.6152220014482737,
      "eval_acc": 0.7939453125
    },
    "5": {
      "eval_loss": 0.9582151272334158,
      "eval_acc": 0.8076171875
    },
    "6": {
      "eval_loss": 1.3964155428111553,
      "eval_acc": 0.8310546875
    },
    "7": {
      "eval_loss": 1.3562248912639916,
      "eval_acc": 0.853515625
    },
    "8": {
      "eval_loss": 0.9110089904861525,
      "eval_acc": 0.8974609375
    },
    "9": {
      "eval_loss": 0.6712703974335454,
      "eval_acc": 0.9306640625
    },
    "10": {
      "eval_loss": 0.5852136822650209,
      "eval_acc": 0.9384765625
    },
    "11": {
      "eval_loss": 0.49493547753081657,
      "eval_acc": 0.94140625
    },
    "12": {
      "eval_loss": 0.40965814763330854,
      "eval_acc": 0.9423828125
    },
    "13": {
      "eval_loss": 0.3834362254710868,
      "eval_acc": 0.9462890625
    },
    "14": {
      "eval_loss": 0.36206746153038694,
      "eval_acc": 0.9521484375
    },
    "15": {
      "eval_loss": 0.3697463487551431,
      "eval_acc": 0.9619140625
    },
    "16": {
      "eval_loss": 0.40243503412784776,
      "eval_acc": 0.9580078125
    },
    "17": {
      "eval_loss": 0.4101462155667832,
      "eval_acc": 0.9580078125
    },
    "18": {
      "eval_loss": 0.4481801863976216,
      "eval_acc": 0.9580078125
    },
    "19": {
      "eval_loss": 0.47233253279108567,
      "eval_acc": 0.958984375
    },
    "20": {
      "eval_loss": 0.4860639109346039,
      "eval_acc": 0.95703125
    }
  },
  "server_evaluate_metrics": {
    "0": {
      "loss": 0.8797249227762223,
      "accuracy": 0.615625
    },
    "1": {
      "loss": 0.7702959477901459,
      "accuracy": 0.6546875
    },
    "2": {
      "loss": 0.6960971459746361,
      "accuracy": 0.7109375
    },
    "3": {
      "loss": 0.6432418346405029,
      "accuracy": 0.725
    },
    "4": {
      "loss": 0.7209206350147724,
      "accuracy": 0.76875
    },
    "5": {
      "loss": 1.1590147793293,
      "accuracy": 0.8046875
    },
    "6": {
      "loss": 1.6423694610595703,
      "accuracy": 0.815625
    },
    "7": {
      "loss": 1.610480978153646,
      "accuracy": 0.8515625
    },
    "8": {
      "loss": 1.1713538204552605,
      "accuracy": 0.884375
    },
    "9": {
      "loss": 0.8170533490367233,
      "accuracy": 0.91875
    },
    "10": {
      "loss": 0.6257897119969129,
      "accuracy": 0.9234375
    },
    "11": {
      "loss": 0.513531232252717,
      "accuracy": 0.9296875
    },
    "12": {
      "loss": 0.44684518314898014,
      "accuracy": 0.928125
    },
    "13": {
      "loss": 0.42238514088094237,
      "accuracy": 0.940625
    },
    "14": {
      "loss": 0.43188844472169874,
      "accuracy": 0.9484375
    },
    "15": {
      "loss": 0.4750717326998711,
      "accuracy": 0.9515625
    },
    "16": {
      "loss": 0.5177761754021049,
      "accuracy": 0.9453125
    },
    "17": {
      "loss": 0.5380805139342556,
      "accuracy": 0.9546875
    },
    "18": {
      "loss": 0.5691086623381125,
      "accuracy": 0.9640625
    },
    "19": {
      "loss": 0.5874886860488914,
      "accuracy": 0.9625
    },
    "20": {
      "loss": 0.6021389024099335,
      "accuracy": 0.9546875
    }
  }
}
