{
  "metadata": {
    "run_name": "main__homogeneous__metric-privacy__fedmedian__noise-0.01__seed-44",
    "data_module": "experiments.reproduce.dataset.alzheimer:create_data_module",
    "partition_mode": "homogeneous",
    "partition_profile": "auto",
    "privacy": "metric-privacy",
    "aggregation": "fedmedian",
    "seed": 44,
    "num_clients": 4,
    "rounds": 20,
    "local_epochs": 5,
    "noise_multiplier": 0.01,
    "clipping_norm": 5.0,
    "initialization_pretrained": false,
    "initialization_epochs": 0,
    "initialization_final_loss": null
  },
  "train_metrics": {
    "1": {
      "train_loss": 1.0193358701653779,
      "train_loss_mean": 1.0516465895809233,
      "metric-dp-distance": 1.5916677080482866,
      "metric-dp-noise-stdv": 0.00785339800310932
    },
    "2": {
      "train_loss": 0.9470018055289984,
      "train_loss_mean": 0.9998613282106816,
      "metric-dp-distance": 1.6345916136633605,
      "metric-dp-noise-stdv": 0.007647170030430818
    },
    "3": {
      "train_loss": 0.8520940500311553,
      "train_loss_mean": 0.9272741534747183,
      "metric-dp-distance": 1.5260832409840077,
      "metric-dp-noise-stdv": 0.008190903133134527
    },
    "4": {
      "train_loss": 0.7464983814861625,
      "train_loss_mean": 0.8437622801866382,
      "metric-dp-distance": 1.5156605620868504,
      "metric-dp-noise-stdv": 0.008247229170355443
    },
    "5": {
      "train_loss": 0.6305142333731055,
      "train_loss_mean": 0.7531491118017584,
      "metric-dp-distance": 1.5300541766919196,
      "metric-dp-noise-stdv": 0.008169645356627727
    },
    "6": {
      "train_loss": 0.48854852677322924,
      "train_loss_mean": 0.6453105127438903,
      "metric-dp-distance": 1.3523550204311807,
      "metric-dp-noise-stdv": 0.009243134983899818
    },
    "7": {
      "train_loss": 0.36208859947510064,
      "train_loss_mean": 0.523411487438716,
      "metric-dp-distance": 1.3513060753854613,
      "metric-dp-noise-stdv": 0.00925030992437029
    },
    "8": {
      "train_loss": 0.2761589306173846,
      "train_loss_mean": 0.42988095059990883,
      "metric-dp-distance": 1.2515400241827592,
      "metric-dp-noise-stdv": 0.009987694966577159
    },
    "9": {
      "train_loss": 0.21361302328296006,
      "train_loss_mean": 0.33351648013340307,
      "metric-dp-distance": 1.2059953638042014,
      "metric-dp-noise-stdv": 0.010364882299853873
    },
    "10": {
      "train_loss": 0.17919488830375485,
      "train_loss_mean": 0.2764890692429617,
      "metric-dp-distance": 1.1696496350535501,
      "metric-dp-noise-stdv": 0.010686960971374742
    },
    "11": {
      "train_loss": 0.151687405523262,
      "train_loss_mean": 0.23495258937182367,
      "metric-dp-distance": 1.1025338897792,
      "metric-dp-noise-stdv": 0.011337519976373084
    },
    "12": {
      "train_loss": 0.1108169889630517,
      "train_loss_mean": 0.18540467027487467,
      "metric-dp-distance": 1.213357270695269,
      "metric-dp-noise-stdv": 0.010301994558319448
    },
    "13": {
      "train_loss": 0.10433698721317342,
      "train_loss_mean": 0.15940540103620152,
      "metric-dp-distance": 1.1495144787089278,
      "metric-dp-noise-stdv": 0.010874156203790772
    },
    "14": {
      "train_loss": 0.09202183936940855,
      "train_loss_mean": 0.13323193269825423,
      "metric-dp-distance": 1.0997328873102863,
      "metric-dp-noise-stdv": 0.011366396462483134
    },
    "15": {
      "train_loss": 0.08185219263214094,
      "train_loss_mean": 0.11260620991924952,
      "metric-dp-distance": 1.115859217514905,
      "metric-dp-noise-stdv": 0.011202129985392207
    },
    "16": {
      "train_loss": 0.09008698039178853,
      "train_loss_mean": 0.10515167673802353,
      "metric-dp-distance": 1.1717977724038064,
      "metric-dp-noise-stdv": 0.010667369655736508
    },
    "17": {
      "train_loss": 0.09673785961058456,
      "train_loss_mean": 0.10222798988761497,
      "metric-dp-distance": 1.1321966437778126,
      "metric-dp-noise-stdv": 0.011040484944639226
    },
    "18": {
      "train_loss": 0.0847274354637193,
      "train_loss_mean": 0.09063549067232088,
      "metric-dp-distance": 1.2157832958425085,
      "metric-dp-noise-stdv": 0.010281437524882097
    },
    "19": {
      "train_loss": 0.07094120276724425,
      "train_loss_mean": 0.08466173450015049,
      "metric-dp-distance": 1.1645198875727754,
      "metric-dp-noise-stdv": 0.010734037377458552
    },
    "20": {
      "train_loss": 0.05485963887690559,
      "train_loss_mean": 0.07199135333935373,
      "metric-dp-distance": 1.1190395411103964,
      "metric-dp-noise-stdv": 0.011170293399638539
    }
  },
  "client_evaluate_metrics": {
    "1": {
      "eval_loss": 1.1760176941752434,
      "eval_acc": 0.5
    },
    "2": {
      "eval_loss": 1.0808823332190514,
      "eval_acc": 0.5
    },
    "3": {
      "eval_loss": 1.0071896612644196,
      "eval_acc": 0.5087890625
    },
    "4": {
      "eval_loss": 0.9071695040911436,
      "eval_acc": 0.552734375
    },
    "5": {
      "eval_loss": 0.8283004071563482,
      "eval_acc": 0.6142578125
    },
    "6": {
      "eval_loss": 0.7305921595543623,
      "eval_acc": 0.681640625
    },
    "7": {
      "eval_loss": 0.6549490634351969,
      "eval_acc": 0.728515625
    },
    "8": {
      "eval_loss": 0.5675486121326685,
      "eval_acc": 0.7646484375
    },
    "9": {
      "eval_loss": 0.4835576303303242,
      "eval_acc": 0.798828125
    },
    "10": {
      "eval_loss": 0.4479261483065784,
      "eval_acc": 0.828125
    },
    "11": {
      "eval_loss": 0.38721135444939137,
      "eval_acc": 0.8671875
    },
    "12": {
      "eval_loss": 0.34837352577596903,
      "eval_acc": 0.890625
    },
    "13": {
      "eval_loss": 0.3129778157453984,
      "eval_acc": 0.9130859375
    },
    "14": {
      "eval_loss": 0.29651545849628747,
      "eval_acc": 0.9130859375
    },
    "15": {
      "eval_loss": 0.2766627464443445,
      "eval_acc": 0.9267578125
    },
    "16": {
      "eval_loss": 0.2824321307707578,
      "eval_acc": 0.927734375
    },
    "17": {
      "eval_loss": 0.26569903176277876,
      "eval_acc": 0.9345703125
    },
    "18": {
      "eval_loss": 0.2656307735014707,
      "eval_acc": 0.939453125
    },
    "19": {
      "eval_loss": 0.26695341302547604,
      "eval_acc": 0.9462890625
    },
    "20": {
      "eval_loss": 0.2786177443340421,
      "eval_acc": 0.939453125
    }
  },
  "server_evaluate_metrics": {
    "0": {
      "loss": 1.390574312210083,
      "accuracy": 0.4953125
    },
    "1": {
      "loss": 1.174782121181488,
      "accuracy": 0.4953125
    },
    "2": {
      "loss": 1.0820222437381743,
      "accuracy": 0.4953125
    },
    "3": {
      "loss": 1.0154085099697112,
      "accuracy": 0.503125
    },
    "4": {
      "loss": 0.9267252117395401,
      "accuracy": 0.54375
    },
    "5": {
      "loss": 0.860551631450653,
      "accuracy": 0.6109375
    },
    "6": {
      "loss": 0.7678548783063889,
      "accuracy": 0.6890625
    },
    "7": {
      "loss": 0.7049153819680214,
      "accuracy": 0.6984375
    },
    "8": {
      "loss": 0.6263769507408142,
      "accuracy": 0.7484375
    },
    "9": {
      "loss": 0.5651232287287712,
      "accuracy": 0.7734375
    },
    "10": {
      "loss": 0.5400204062461853,
      "accuracy": 0.8203125
    },
    "11": {
      "loss": 0.4655517116189003,
      "accuracy": 0.8453125
    },
    "12": {
      "loss": 0.42336760126054285,
      "accuracy": 0.8734375
    },
    "13": {
      "loss": 0.39424784667789936,
      "accuracy": 0.8953125
    },
    "14": {
      "loss": 0.37371177449822424,
      "accuracy": 0.8921875
    },
    "15": {
      "loss": 0.3425165172666311,
      "accuracy": 0.9125
    },
    "16": {
      "loss": 0.3462923843413591,
      "accuracy": 0.9171875
    },
    "17": {
      "loss": 0.3356369622051716,
      "accuracy": 0.9171875
    },
    "18": {
      "loss": 0.3324807111173868,
      "accuracy": 0.9265625
    },