{
  "metadata": {
    "run_name": "main__homogeneous__vanilla__fedavgm__noise-0.01__seed-44",
    "data_module": "experiments.reproduce.dataset.alzheimer:create_data_module",
    "partition_mode": "homogeneous",
    "partition_profile": "auto",
    "privacy": "vanilla",
    "aggregation": "fedavgm",
    "seed": 44,
    "num_clients": 4,
    "rounds": 20,
    "local_epochs": 5,
    "noise_multiplier": 0.01,
    "clipping_norm": 5.0,
    "initialization_pretrained": true,
    "initialization_epochs": 20,
    "initialization_final_loss": 0.6137461915612221
  },
  "train_metrics": {
    "1": {
      "train_loss": 0.5979241230525076,
      "train_loss_mean": 0.721138612460345
    },
    "2": {
      "train_loss": 0.5666967288125306,
      "train_loss_mean": 0.6997859296388924
    },
    "3": {
      "train_loss": 0.5061591384001076,
      "train_loss_mean": 0.6537793025840074
    },
    "4": {
      "train_loss": 0.45582835108507425,
      "train_loss_mean": 0.6103515749098734
    },
    "5": {
      "train_loss": 0.40924011124297976,
      "train_loss_mean": 0.5687454066704959
    },
    "6": {
      "train_loss": 0.35018104675691575,
      "train_loss_mean": 0.5124288991792127
    },
    "7": {
      "train_loss": 0.3038829854922369,
      "train_loss_mean": 0.466532705235295
    },
    "8": {
      "train_loss": 0.26807323790853843,
      "train_loss_mean": 0.4195007686386816
    },
    "9": {
      "train_loss": 0.23842481314204633,
      "train_loss_mean": 0.3759813508018851
    },
    "10": {
      "train_loss": 0.1965071424783673,
      "train_loss_mean": 0.32239421966369264
    },
    "11": {
      "train_loss": 0.17142864468041807,
      "train_loss_mean": 0.2918842761660926
    },
    "12": {
      "train_loss": 0.1518263100006152,
      "train_loss_mean": 0.25490038153948263
    },
    "13": {
      "train_loss": 0.13329461801913567,
      "train_loss_mean": 0.23164725404349157
    },
    "14": {
      "train_loss": 0.13565148414636496,
      "train_loss_mean": 0.20651992076891473
    },
    "15": {
      "train_loss": 0.10262029457953759,
      "train_loss_mean": 0.18527740424760852
    },
    "16": {
      "train_loss": 0.10102913637820166,
      "train_loss_mean": 0.17436457203002648
    },
    "17": {
      "train_loss": 0.08476496474031592,
      "train_loss_mean": 0.15149223073822213
    },
    "18": {
      "train_loss": 0.08420605265928316,
      "train_loss_mean": 0.14063140605794616
    },
    "19": {
      "train_loss": 0.08953737031697528,
      "train_loss_mean": 0.13024638280330691
    },
    "20": {
      "train_loss": 0.07784765873293509,
      "train_loss_mean": 0.11932382819213672
    }
  },
  "client_evaluate_metrics": {
    "1": {
      "eval_loss": 0.8234637193381786,
      "eval_acc": 0.625
    },
    "2": {
      "eval_loss": 0.7864077165722847,
      "eval_acc": 0.6376953125
    },
    "3": {
      "eval_loss": 0.7501956485211849,
      "eval_acc": 0.6640625
    },
    "4": {
      "eval_loss": 0.7168177952989936,
      "eval_acc": 0.681640625
    },
    "5": {
      "eval_loss": 0.6856940044090152,
      "eval_acc": 0.6923828125
    },
    "6": {
      "eval_loss": 0.6544581782072783,
      "eval_acc": 0.716796875
    },
    "7": {
      "eval_loss": 0.62131383176893,
      "eval_acc": 0.7451171875
    },
    "8": {
      "eval_loss": 0.5853037256747484,
      "eval_acc": 0.7646484375
    },
    "9": {
      "eval_loss": 0.5487528387457132,
      "eval_acc": 0.7802734375
    },
    "10": {
      "eval_loss": 0.5114361932501197,
      "eval_acc": 0.798828125
    },
    "11": {
      "eval_loss": 0.47699055820703506,
      "eval_acc": 0.8154296875
    },
    "12": {
      "eval_loss": 0.4449571007862687,
      "eval_acc": 0.8349609375
    },
    "13": {
      "eval_loss": 0.4118065354414284,
      "eval_acc": 0.853515625
    },
    "14": {
      "eval_loss": 0.3794093942269683,
      "eval_acc": 0.865234375
    },
    "15": {
      "eval_loss": 0.3516796217299998,
      "eval_acc": 0.8779296875
    },
    "16": {
      "eval_loss": 0.3281825459562242,
      "eval_acc": 0.8876953125
    },
    "17": {
      "eval_loss": 0.30827707471325994,
      "eval_acc": 0.8984375
    },
    "18": {
      "eval_loss": 0.2911011353135109,
      "eval_acc": 0.90625
    },
    "19": {
      "eval_loss": 0.2768740081228316,
      "eval_acc": 0.9169921875
    },
    "20": {
      "eval_loss": 0.2650755704380572,
      "eval_acc": 0.923828125
    }
  },
  "server_evaluate_metrics": {
    "0": {
      "loss": 0.8526590317487717,
      "accuracy": 0.6171875
    },
    "1": {
      "loss": 0.8278128355741501,
      "accuracy": 0.621875
    },
    "2": {
      "loss": 0.7950274407863617,
      "accuracy": 0.6390625
    },
    "3": {
      "loss": 0.7621476218104363,
      "accuracy": 0.653125
    },
    "4": {
      "loss": 0.7307066604495048,
      "accuracy": 0.665625
    },
    "5": {
      "loss": 0.7009942650794982,
      "accuracy": 0.6953125
    },
    "6": {
      "loss": 0.6711190178990364,
      "accuracy": 0.709375
    },
    "7": {
      "loss": 0.637239296734333,
      "accuracy": 0.725
    },
    "8": {
      "loss": 0.6004630073904991,
      "accuracy": 0.75
    },
    "9": {
      "loss": 0.5654631271958351,
      "accuracy": 0.7703125
    },
    "10": {
      "loss": 0.5290675967931747,
      "accuracy": 0.7859375
    },
    "11": {
      "loss": 0.49492182284593583,
      "accuracy": 0.8015625
    },
    "12": {
      "loss": 0.46320008113980293,
      "accuracy": 0.8234375
    },
    "13": {
      "loss": 0.4321821488440037,
      "accuracy": 0.840625
    },
    "14": {
      "loss": 0.40475443452596666,
      "accuracy": 0.8640625
    },
    "15": {
      "loss": 0.3819580182433128,
      "accuracy": 0.8703125
    },
    "16": {
      "loss": 0.36247624196112155,
      "accuracy": 0.89375
    },
    "17": {
      "loss": 0.3487991441041231,
      "accuracy": 0.8984375
    },
    "18": {
      "loss": 0.33706302270293237,
      "accuracy": 0.90625
    },
    "19": {
      "loss": 0.3271583389490843,
      "accuracy": 0.9078125
    },
    "20": {
      "loss": 0.3156677935272455,
      "accuracy": 0.9125
    }
  }
}
