{
  "metadata": {
    "run_name": "main__homogeneous__vanilla__fedprox__noise-0.01__seed-42",
    "data_module": "experiments.reproduce.dataset.alzheimer:create_data_module",
    "partition_mode": "homogeneous",
    "partition_profile": "auto",
    "privacy": "vanilla",
    "aggregation": "fedprox",
    "seed": 42,
    "num_clients": 4,
    "rounds": 20,
    "local_epochs": 5,
    "noise_multiplier": 0.01,
    "clipping_norm": 5.0,
    "initialization_pretrained": false,
    "initialization_epochs": 0,
    "initialization_final_loss": null
  },
  "train_metrics": {
    "1": {
      "train_loss": 1.1954308855347335,
      "train_loss_mean": 1.2250403434969486
    },
    "2": {
      "train_loss": 1.0920532406307757,
      "train_loss_mean": 1.0973694772459566
    },
    "3": {
      "train_loss": 1.0778151690028608,
      "train_loss_mean": 1.0774026636965575
    },
    "4": {
      "train_loss": 1.067099520470947,
      "train_loss_mean": 1.0676984465681016
    },
    "5": {
      "train_loss": 1.0580959445796907,
      "train_loss_mean": 1.0564299527555705
    },
    "6": {
      "train_loss": 1.0550344502553344,
      "train_loss_mean": 1.0516382205300032
    },
    "7": {
      "train_loss": 1.0504192719236016,
      "train_loss_mean": 1.0479589896276593
    },
    "8": {
      "train_loss": 1.0446383492089808,
      "train_loss_mean": 1.042140713799745
    },
    "9": {
      "train_loss": 1.035677534993738,
      "train_loss_mean": 1.0356128070503474
    },
    "10": {
      "train_loss": 1.029454203788191,
      "train_loss_mean": 1.0270872368477286
    },
    "11": {
      "train_loss": 1.0199759076349437,
      "train_loss_mean": 1.0145491695031525
    },
    "12": {
      "train_loss": 1.0066092228516936,
      "train_loss_mean": 1.0040125286206603
    },
    "13": {
      "train_loss": 0.9997830665670335,
      "train_loss_mean": 0.9965019563212991
    },
    "14": {
      "train_loss": 1.0007582437247038,
      "train_loss_mean": 0.992069091834128
    },
    "15": {
      "train_loss": 0.9918028442189097,
      "train_loss_mean": 0.9854256554506718
    },
    "16": {
      "train_loss": 0.982414910569787,
      "train_loss_mean": 0.9796946614980697
    },
    "17": {
      "train_loss": 0.9786957022733986,
      "train_loss_mean": 0.9774527346715332
    },
    "18": {
      "train_loss": 0.9675614321604371,
      "train_loss_mean": 0.9689044552855195
    },
    "19": {
      "train_loss": 0.9637250234372914,
      "train_loss_mean": 0.9645889049395919
    },
    "20": {
      "train_loss": 0.9584074788726866,
      "train_loss_mean": 0.9602945263497531
    }
  },
  "client_evaluate_metrics": {
    "1": {
      "eval_loss": 1.0474450066685677,
      "eval_acc": 0.5
    },
    "2": {
      "eval_loss": 1.0387193970382214,
      "eval_acc": 0.5
    },
    "3": {
      "eval_loss": 1.0321010258048773,
      "eval_acc": 0.5
    },
    "4": {
      "eval_loss": 1.0295105762779713,
      "eval_acc": 0.5
    },
    "5": {
      "eval_loss": 1.0258118025958538,
      "eval_acc": 0.5
    },
    "6": {
      "eval_loss": 1.0204632114619017,
      "eval_acc": 0.5
    },
    "7": {
      "eval_loss": 1.0140019655227661,
      "eval_acc": 0.5
    },
    "8": {
      "eval_loss": 1.0063199196010828,
      "eval_acc": 0.5068359375
    },
    "9": {
      "eval_loss": 0.9984666742384434,
      "eval_acc": 0.517578125
    },
    "10": {
      "eval_loss": 0.9885044768452644,
      "eval_acc": 0.51953125
    },
    "11": {
      "eval_loss": 0.9782215766608715,
      "eval_acc": 0.5126953125
    },
    "12": {
      "eval_loss": 0.9666852448135614,
      "eval_acc": 0.5205078125
    },
    "13": {
      "eval_loss": 0.9590260870754719,
      "eval_acc": 0.5390625
    },
    "14": {
      "eval_loss": 0.954474750906229,
      "eval_acc": 0.541015625
    },
    "15": {
      "eval_loss": 0.9493463709950447,
      "eval_acc": 0.5341796875
    },
    "16": {
      "eval_loss": 0.9530292861163616,
      "eval_acc": 0.54296875
    },
    "17": {
      "eval_loss": 0.9530294947326183,
      "eval_acc": 0.5419921875
    },
    "18": {
      "eval_loss": 0.9325840417295694,
      "eval_acc": 0.548828125
    },
    "19": {
      "eval_loss": 0.9380486588925123,
      "eval_acc": 0.55078125
    },
    "20": {
      "eval_loss": 0.9697519317269325,
      "eval_acc": 0.513671875
    }
  },
  "server_evaluate_metrics": {
    "0": {
      "loss": 1.4405660927295685,
      "accuracy": 0.0109375
    },
    "1": {
      "loss": 1.0374730825424194,
      "accuracy": 0.4953125
    },
    "2": {
      "loss": 1.0283043175935744,
      "accuracy": 0.4953125
    },
    "3": {
      "loss": 1.0210495114326477,
      "accuracy": 0.4953125
    },
    "4": {
      "loss": 1.0174777209758759,
      "accuracy": 0.4953125
    },
    "5": {
      "loss": 1.0121149957180022,
      "accuracy": 0.4953125
    },
    "6": {
      "loss": 1.004728975892067,
      "accuracy": 0.4953125
    },
    "7": {
      "loss": 0.9970716714859009,
      "accuracy": 0.496875
    },
    "8": {
      "loss": 0.9891986429691315,
      "accuracy": 0.50625
    },
    "9": {
      "loss": 0.9799343824386597,
      "accuracy": 0.515625
    },
    "10": {
      "loss": 0.9707129448652267,
      "accuracy": 0.5140625
    },
    "11": {
      "loss": 0.9618059515953064,
      "accuracy": 0.5078125
    },
    "12": {
      "loss": 0.9522600620985031,
      "accuracy": 0.509375
    },
    "13": {
      "loss": 0.9458654373884201,
      "accuracy": 0.525
    },
    "14": {
      "loss": 0.9416872709989548,
      "accuracy": 0.525
    },
    "15": {
      "loss": 0.9367370396852494,
      "accuracy": 0.5421875
    },
    "16": {
      "loss": 0.9408630758523941,
      "accuracy": 0.5484375
    },
    "17": {
      "loss": 0.9419612199068069,
      "accuracy": 0.5609375
    },
    "18": {
      "loss": 0.924872949719429,
      "accuracy": 0.55625
    },
    "19": {
      "loss": 0.9302742958068848,
      "accuracy": 0.559375
    },
    "20": {
      "loss": 0.9606019735336304,
      "accuracy": 0.540625
    }
  }
}
