{
  "metadata": {
    "run_name": "main__homogeneous__vanilla__fedavg__noise-0.01__seed-45",
    "data_module": "experiments.reproduce.dataset.alzheimer:create_data_module",
    "partition_mode": "homogeneous",
    "partition_profile": "auto",
    "privacy": "vanilla",
    "aggregation": "fedavg",
    "seed": 45,
    "num_clients": 4,
    "rounds": 20,
    "local_epochs": 5,
    "noise_multiplier": 0.01,
    "clipping_norm": 5.0,
    "initialization_pretrained": false,
    "initialization_epochs": 0,
    "initialization_final_loss": null
  },
  "train_metrics": {
    "1": {
      "train_loss": 1.0124285155907273,
      "train_loss_mean": 1.06201238296926
    },
    "2": {
      "train_loss": 0.8590832939371467,
      "train_loss_mean": 0.9351389071904124
    },
    "3": {
      "train_loss": 0.5621351359877735,
      "train_loss_mean": 0.7243323747999966
    },
    "4": {
      "train_loss": 0.25876767496811226,
      "train_loss_mean": 0.43370521332835776
    },
    "5": {
      "train_loss": 0.136141769005917,
      "train_loss_mean": 0.2439179833047092
    },
    "6": {
      "train_loss": 0.12235926387802465,
      "train_loss_mean": 0.148927721354994
    },
    "7": {
      "train_loss": 0.05523148646534537,
      "train_loss_mean": 0.10678383466765809
    },
    "8": {
      "train_loss": 0.06835618960212742,
      "train_loss_mean": 0.08550478936831496
    },
    "9": {
      "train_loss": 0.04675339973982773,
      "train_loss_mean": 0.06403963957563974
    },
    "10": {
      "train_loss": 0.055681683761577005,
      "train_loss_mean": 0.056830487851129874
    },
    "11": {
      "train_loss": 0.03857850962504017,
      "train_loss_mean": 0.05175433653324717
    },
    "12": {
      "train_loss": 0.031410706122642296,
      "train_loss_mean": 0.0346306309204806
    },
    "13": {
      "train_loss": 0.026776311179617096,
      "train_loss_mean": 0.027503051382961986
    },
    "14": {
      "train_loss": 0.017462846810929022,
      "train_loss_mean": 0.03273399429945556
    },
    "15": {
      "train_loss": 0.040653019188027884,
      "train_loss_mean": 0.025315025777791076
    },
    "16": {
      "train_loss": 0.01767392445880489,
      "train_loss_mean": 0.024875150353733843
    },
    "17": {
      "train_loss": 0.037026266696017274,
      "train_loss_mean": 0.02130701702317648
    },
    "18": {
      "train_loss": 0.01970957008168739,
      "train_loss_mean": 0.023462729803980408
    },
    "19": {
      "train_loss": 0.025476657995938012,
      "train_loss_mean": 0.021235433192658193
    },
    "20": {
      "train_loss": 0.03511160733610552,
      "train_loss_mean": 0.02158537687191156
    }
  },
  "client_evaluate_metrics": {
    "1": {
      "eval_loss": 1.0711264126002789,
      "eval_acc": 0.51953125
    },
    "2": {
      "eval_loss": 0.8840817809104919,
      "eval_acc": 0.59765625
    },
    "3": {
      "eval_loss": 0.6947398874908686,
      "eval_acc": 0.69140625
    },
    "4": {
      "eval_loss": 0.5402916939929128,
      "eval_acc": 0.7763671875
    },
    "5": {
      "eval_loss": 0.40353015484288335,
      "eval_acc": 0.845703125
    },
    "6": {
      "eval_loss": 0.3297366292681545,
      "eval_acc": 0.88671875
    },
    "7": {
      "eval_loss": 0.25018214294686913,
      "eval_acc": 0.9228515625
    },
    "8": {
      "eval_loss": 0.23264427937101573,
      "eval_acc": 0.9287109375
    },
    "9": {
      "eval_loss": 0.20330241267220117,
      "eval_acc": 0.9423828125
    },
    "10": {
      "eval_loss": 0.20132264902349561,
      "eval_acc": 0.9326171875
    },
    "11": {
      "eval_loss": 0.1900058370665647,
      "eval_acc": 0.9443359375
    },
    "12": {
      "eval_loss": 0.15393784793559462,
      "eval_acc": 0.9482421875
    },
    "13": {
      "eval_loss": 0.18119822414882947,
      "eval_acc": 0.9541015625
    },
    "14": {
      "eval_loss": 0.1641846991260536,
      "eval_acc": 0.9580078125
    },
    "15": {
      "eval_loss": 0.19607918526162393,
      "eval_acc": 0.9443359375
    },
    "16": {
      "eval_loss": 0.1741085501125781,
      "eval_acc": 0.9599609375
    },
    "17": {
      "eval_loss": 0.1695778113353299,
      "eval_acc": 0.9541015625
    },
    "18": {
      "eval_loss": 0.13792003958951682,
      "eval_acc": 0.9609375
    },
    "19": {
      "eval_loss": 0.1755859831609996,
      "eval_acc": 0.962890625
    },
    "20": {
      "eval_loss": 0.16037091092948685,
      "eval_acc": 0.9580078125
    }
  },
  "server_evaluate_metrics": {
    "0": {
      "loss": 1.444567507505417,
      "accuracy": 0.0109375
    },
    "1": {
      "loss": 1.0704794883728028,
      "accuracy": 0.4984375
    },
    "2": {
      "loss": 0.8978926777839661,
      "accuracy": 0.590625
    },
    "3": {
      "loss": 0.7227182820439338,
      "accuracy": 0.7
    },
    "4": {
      "loss": 0.6174274146556854,
      "accuracy": 0.7640625
    },
    "5": {
      "loss": 0.5158047243952751,
      "accuracy": 0.803125
    },
    "6": {
      "loss": 0.4557067960500717,
      "accuracy": 0.8734375
    },
    "7": {
      "loss": 0.3639671806246042,
      "accuracy": 0.89375
    },
    "8": {
      "loss": 0.3111205786466599,
      "accuracy": 0.91875
    },
    "9": {
      "loss": 0.29932425953447817,
      "accuracy": 0.921875
    },
    "10": {
      "loss": 0.25171824181452396,
      "accuracy": 0.9328125
    },
    "11": {
      "loss": 0.2418865855783224,
      "accuracy": 0.9421875
    },
    "12": {
      "loss": 0.21098111420869828,
      "accuracy": 0.95
    },
    "13": {
      "loss": 0.23709514932706952,
      "accuracy": 0.946875
    },
    "14": {
      "loss": 0.20591635392047464,
      "accuracy": 0.9578125
    },
    "15": {
      "loss": 0.2356343981809914,
      "accuracy": 0.940625
    },
    "16": {
      "loss": 0.20531321138842032,
      "accuracy": 0.9625
    },
    "17": {
      "loss": 0.18226576293818653,
      "accuracy": 0.959375
    },
    "18": {
      "loss": 0.20057596857659518,
      "accuracy": 0.9578125
    },
    "19": {
      "loss": 0.23203841340728104,
      "accuracy": 0.9640625
    },
    "20": {
      "loss": 0.18579281428828837,
      "accuracy": 0.959375
    }
  }
}
