{
  "metadata": {
    "run_name": "main__homogeneous__vanilla__fedavg__noise-0.01__seed-44",
    "data_module": "experiments.reproduce.dataset.alzheimer:create_data_module",
    "partition_mode": "homogeneous",
    "partition_profile": "auto",
    "privacy": "vanilla",
    "aggregation": "fedavg",
    "seed": 44,
    "num_clients": 4,
    "rounds": 20,
    "local_epochs": 5,
    "noise_multiplier": 0.01,
    "clipping_norm": 5.0,
    "initialization_pretrained": false,
    "initialization_epochs": 0,
    "initialization_final_loss": null
  },
  "train_metrics": {
    "1": {
      "train_loss": 1.0198162202723324,
      "train_loss_mean": 1.0514918853528799
    },
    "2": {
      "train_loss": 0.9046888812445104,
      "train_loss_mean": 0.9513697008602321
    },
    "3": {
      "train_loss": 0.6628856617026031,
      "train_loss_mean": 0.7792963965330272
    },
    "4": {
      "train_loss": 0.3651696799788624,
      "train_loss_mean": 0.5213638324057683
    },
    "5": {
      "train_loss": 0.17863841820508242,
      "train_loss_mean": 0.3124918471323326
    },
    "6": {
      "train_loss": 0.10191724960895954,
      "train_loss_mean": 0.19447924670676003
    },
    "7": {
      "train_loss": 0.07666257398886955,
      "train_loss_mean": 0.13971943888391253
    },
    "8": {
      "train_loss": 0.07908409680021578,
      "train_loss_mean": 0.10836766656357213
    },
    "9": {
      "train_loss": 0.057530279877937573,
      "train_loss_mean": 0.08044424986419471
    },
    "10": {
      "train_loss": 0.04348354324338288,
      "train_loss_mean": 0.06535166657545233
    },
    "11": {
      "train_loss": 0.04272034797622837,
      "train_loss_mean": 0.058214670971847224
    },
    "12": {
      "train_loss": 0.04901903588159939,
      "train_loss_mean": 0.04810915110452925
    },
    "13": {
      "train_loss": 0.04910466890146381,
      "train_loss_mean": 0.04915241355575972
    },
    "14": {
      "train_loss": 0.035347432026469505,
      "train_loss_mean": 0.03996065612881097
    },
    "15": {
      "train_loss": 0.04500052138337196,
      "train_loss_mean": 0.038080515476150906
    },
    "16": {
      "train_loss": 0.02961660241322761,
      "train_loss_mean": 0.03160763206086727
    },
    "17": {
      "train_loss": 0.043168223224199664,
      "train_loss_mean": 0.030709218127753957
    },
    "18": {
      "train_loss": 0.024691190335545343,
      "train_loss_mean": 0.026633193451169032
    },
    "19": {
      "train_loss": 0.03608261947329083,
      "train_loss_mean": 0.0261876683030283
    },
    "20": {
      "train_loss": 0.04125475442151583,
      "train_loss_mean": 0.028462511781378777
    }
  },
  "client_evaluate_metrics": {
    "1": {
      "eval_loss": 1.044997688382864,
      "eval_acc": 0.5
    },
    "2": {
      "eval_loss": 0.9586776699870825,
      "eval_acc": 0.548828125
    },
    "3": {
      "eval_loss": 0.7742327526211739,
      "eval_acc": 0.64453125
    },
    "4": {
      "eval_loss": 0.5872179102152586,
      "eval_acc": 0.7548828125
    },
    "5": {
      "eval_loss": 0.44567956728860736,
      "eval_acc": 0.830078125
    },
    "6": {
      "eval_loss": 0.35667516896501184,
      "eval_acc": 0.880859375
    },
    "7": {
      "eval_loss": 0.3353220294229686,
      "eval_acc": 0.9072265625
    },
    "8": {
      "eval_loss": 0.28859044914133847,
      "eval_acc": 0.9189453125
    },
    "9": {
      "eval_loss": 0.2746127084828913,
      "eval_acc": 0.9306640625
    },
    "10": {
      "eval_loss": 0.31808614800684154,
      "eval_acc": 0.9345703125
    },
    "11": {
      "eval_loss": 0.26589415362104774,
      "eval_acc": 0.9375
    },
    "12": {
      "eval_loss": 0.2798954770551063,
      "eval_acc": 0.9443359375
    },
    "13": {
      "eval_loss": 0.2402218203060329,
      "eval_acc": 0.9501953125
    },
    "14": {
      "eval_loss": 0.23563252796884626,
      "eval_acc": 0.9580078125
    },
    "15": {
      "eval_loss": 0.29926377089577727,
      "eval_acc": 0.9521484375
    },
    "16": {
      "eval_loss": 0.25807010593416635,
      "eval_acc": 0.951171875
    },
    "17": {
      "eval_loss": 0.28508560472982936,
      "eval_acc": 0.9482421875
    },
    "18": {
      "eval_loss": 0.2903064591519069,
      "eval_acc": 0.9521484375
    },
    "19": {
      "eval_loss": 0.33561502359225415,
      "eval_acc": 0.9501953125
    },
    "20": {
      "eval_loss": 0.3016432033618912,
      "eval_acc": 0.9501953125
    }
  },
  "server_evaluate_metrics": {
    "0": {
      "loss": 1.390574312210083,
      "accuracy": 0.4953125
    },
    "1": {
      "loss": 1.0436242282390595,
      "accuracy": 0.4953125
    },
    "2": {
      "loss": 0.9743621915578842,
      "accuracy": 0.546875
    },
    "3": {
      "loss": 0.8336322486400605,
      "accuracy": 0.634375
    },
    "4": {
      "loss": 0.6484410881996154,
      "accuracy": 0.75625
    },
    "5": {
      "loss": 0.5166492991149425,
      "accuracy": 0.81875
    },
    "6": {
      "loss": 0.4652181975543499,
      "accuracy": 0.8703125
    },
    "7": {
      "loss": 0.4328737810254097,
      "accuracy": 0.884375
    },
    "8": {
      "loss": 0.4036315090954304,
      "accuracy": 0.9078125
    },
    "9": {
      "loss": 0.3907256737351418,
      "accuracy": 0.9140625
    },
    "10": {
      "loss": 0.4415564501658082,
      "accuracy": 0.9046875
    },
    "11": {
      "loss": 0.37226525815203787,
      "accuracy": 0.9203125
    },
    "12": {
      "loss": 0.40330103505402803,
      "accuracy": 0.9265625
    },
    "13": {
      "loss": 0.3879377061501145,
      "accuracy": 0.9328125
    },
    "14": {
      "loss": 0.3628354392712936,
      "accuracy": 0.940625
    },
    "15": {
      "loss": 0.38253641065675764,
      "accuracy": 0.9328125
    },
    "16": {
      "loss": 0.4014443641062826,
      "accuracy": 0.9453125
    },
    "17": {
      "loss": 0.3715241074562073,
      "accuracy": 0.940625
    },
    "18": {
      "loss": 0.35687298437114806,
      "accuracy": 0.946875
    },
    "19": {
      "loss": 0.39699688032269476,
      "accuracy": 0.9515625
    },
    "20": {
      "loss": 0.3653107556514442,
      "accuracy": 0.9546875
    }
  }
}
