{
  "metadata": {
    "run_name": "main__homogeneous__global-dp__fedmedian__noise-0.01__seed-43",
    "data_module": "experiments.reproduce.dataset.alzheimer:create_data_module",
    "partition_mode": "homogeneous",
    "partition_profile": "auto",
    "privacy": "global-dp",
    "aggregation": "fedmedian",
    "seed": 43,
    "num_clients": 4,
    "rounds": 20,
    "local_epochs": 5,
    "noise_multiplier": 0.01,
    "clipping_norm": 5.0,
    "initialization_pretrained": false,
    "initialization_epochs": 0,
    "initialization_final_loss": null
  },
  "train_metrics": {
    "1": {
      "train_loss": 0.965260295663029,
      "train_loss_mean": 1.0261899868026376
    },
    "2": {
      "train_loss": 0.9191094650886953,
      "train_loss_mean": 0.9899032394401729
    },
    "3": {
      "train_loss": 0.8113980712369084,
      "train_loss_mean": 0.8936815267428755
    },
    "4": {
      "train_loss": 0.6816819575615227,
      "train_loss_mean": 0.804372563585639
    },
    "5": {
      "train_loss": 0.5237985672429204,
      "train_loss_mean": 0.6785140005405992
    },
    "6": {
      "train_loss": 0.373305146174971,
      "train_loss_mean": 0.5341099812299943
    },
    "7": {
      "train_loss": 0.2739126307424158,
      "train_loss_mean": 0.41379058700986204
    },
    "8": {
      "train_loss": 0.20505607171799056,
      "train_loss_mean": 0.3152514735294972
    },
    "9": {
      "train_loss": 0.13735774938686518,
      "train_loss_mean": 0.22720506028999807
    },
    "10": {
      "train_loss": 0.11620383326953743,
      "train_loss_mean": 0.18161732167936862
    },
    "11": {
      "train_loss": 0.10153011994771077,
      "train_loss_mean": 0.1559720860714151
    },
    "12": {
      "train_loss": 0.07677884220174747,
      "train_loss_mean": 0.1320234082551906
    },
    "13": {
      "train_loss": 0.07950194063596427,
      "train_loss_mean": 0.11069637011023588
    },
    "14": {
      "train_loss": 0.0677229312932468,
      "train_loss_mean": 0.09922856059238257
    },
    "15": {
      "train_loss": 0.06953116891600075,
      "train_loss_mean": 0.09168106875331432
    },
    "16": {
      "train_loss": 0.06156289821046812,
      "train_loss_mean": 0.07714567704133515
    },
    "17": {
      "train_loss": 0.0588547192983242,
      "train_loss_mean": 0.07311837371817091
    },
    "18": {
      "train_loss": 0.0541269065834058,
      "train_loss_mean": 0.06499494943345781
    },
    "19": {
      "train_loss": 0.05146953799066978,
      "train_loss_mean": 0.06715898802567608
    },
    "20": {
      "train_loss": 0.057791382528193935,
      "train_loss_mean": 0.06347875684723475
    }
  },
  "client_evaluate_metrics": {
    "1": {
      "eval_loss": 1.1712239012122154,
      "eval_acc": 0.501953125
    },
    "2": {
      "eval_loss": 1.0563840791583061,
      "eval_acc": 0.51953125
    },
    "3": {
      "eval_loss": 0.9629371985793114,
      "eval_acc": 0.5537109375
    },
    "4": {
      "eval_loss": 0.8927493821829557,
      "eval_acc": 0.59375
    },
    "5": {
      "eval_loss": 0.7560548279434443,
      "eval_acc": 0.65625
    },
    "6": {
      "eval_loss": 0.6246299529448152,
      "eval_acc": 0.7236328125
    },
    "7": {
      "eval_loss": 0.5342799061909318,
      "eval_acc": 0.7783203125
    },
    "8": {
      "eval_loss": 0.44790298445150256,
      "eval_acc": 0.8232421875
    },
    "9": {
      "eval_loss": 0.3875289033167064,
      "eval_acc": 0.8544921875
    },
    "10": {
      "eval_loss": 0.31557148275896907,
      "eval_acc": 0.8955078125
    },
    "11": {
      "eval_loss": 0.30521946772933006,
      "eval_acc": 0.8935546875
    },
    "12": {
      "eval_loss": 0.3001284380443394,
      "eval_acc": 0.90234375
    },
    "13": {
      "eval_loss": 0.29555206949589774,
      "eval_acc": 0.91796875
    },
    "14": {
      "eval_loss": 0.2572569632320665,
      "eval_acc": 0.927734375
    },
    "15": {
      "eval_loss": 0.23038690816611052,
      "eval_acc": 0.9306640625
    },
    "16": {
      "eval_loss": 0.22391135687939823,
      "eval_acc": 0.931640625
    },
    "17": {
      "eval_loss": 0.20413387869484723,
      "eval_acc": 0.9462890625
    },
    "18": {
      "eval_loss": 0.2428023242391646,
      "eval_acc": 0.92578125
    },
    "19": {
      "eval_loss": 0.21751410467550159,
      "eval_acc": 0.9443359375
    },
    "20": {
      "eval_loss": 0.2369979020440951,
      "eval_acc": 0.9404296875
    }
  },
  "server_evaluate_metrics": {
    "0": {
      "loss": 1.3831083536148072,
      "accuracy": 0.134375
    },
    "1": {
      "loss": 1.169030600786209,
      "accuracy": 0.4953125
    },
    "2": {
      "loss": 1.0569987088441848,
      "accuracy": 0.503125
    },
    "3": {
      "loss": 0.9763784289360047,
      "accuracy": 0.5390625
    },
    "4": {
      "loss": 0.9061057776212692,
      "accuracy": 0.58125
    },
    "5": {
      "loss": 0.7791367262601853,
      "accuracy": 0.66875
    },
    "6": {
      "loss": 0.6721561849117279,
      "accuracy": 0.690625
    },
    "7": {
      "loss": 0.5990902170538902,
      "accuracy": 0.746875
    },
    "8": {
      "loss": 0.5218229800462723,
      "accuracy": 0.7984375
    },
    "9": {
      "loss": 0.46446417793631556,
      "accuracy": 0.83125
    },
    "10": {
      "loss": 0.40209883600473406,
      "accuracy": 0.8796875
    },
    "11": {
      "loss": 0.3775933708995581,
      "accuracy": 0.8890625
    },
    "12": {
      "loss": 0.38590590879321096,
      "accuracy": 0.9015625
    },
    "13": {
      "loss": 0.3566388376057148,
      "accuracy": 0.91875
    },
    "14": {
      "loss": 0.36229820661246775,
      "accuracy": 0.9171875
    },
    "15": {
      "loss": 0.31815582811832427,
      "accuracy": 0.9265625
    },
    "16": {
      "loss": 0.30849810047075155,
      "accuracy": 0.93125
    },
    "17": {
      "loss": 0.2778041375800967,
      "accuracy": 0.9328125
    },
    "18": {
      "loss": 0.32373206652700903,
      "accuracy": 0.921875
    },
    "19": {
      "loss": 0.3320723293349147,
      "accuracy": 0.9265625
    },
    "20": {
      "loss": 0.35366105642169715,
      "accuracy": 0.9265625
    }
  }
}
