{
  "metadata": {
    "run_name": "main__homogeneous__vanilla__fedmedian__noise-0.01__seed-45",
    "data_module": "experiments.reproduce.dataset.alzheimer:create_data_module",
    "partition_mode": "homogeneous",
    "partition_profile": "auto",
    "privacy": "vanilla",
    "aggregation": "fedmedian",
    "seed": 45,
    "num_clients": 4,
    "rounds": 20,
    "local_epochs": 5,
    "noise_multiplier": 0.01,
    "clipping_norm": 5.0,
    "initialization_pretrained": false,
    "initialization_epochs": 0,
    "initialization_final_loss": null
  },
  "train_metrics": {
    "1": {
      "train_loss": 1.0084632448852062,
      "train_loss_mean": 1.0616025716997683
    },
    "2": {
      "train_loss": 0.8634538101032376,
      "train_loss_mean": 0.9443682416342198
    },
    "3": {
      "train_loss": 0.6570736328139901,
      "train_loss_mean": 0.7785631575156003
    },
    "4": {
      "train_loss": 0.35871832130942494,
      "train_loss_mean": 0.5223772879689932
    },
    "5": {
      "train_loss": 0.16342788061592728,
      "train_loss_mean": 0.3042799513903447
    },
    "6": {
      "train_loss": 0.11547033107490279,
      "train_loss_mean": 0.19428637780947608
    },
    "7": {
      "train_loss": 0.08206055484697572,
      "train_loss_mean": 0.13635553980784607
    },
    "8": {
      "train_loss": 0.0901996465800039,
      "train_loss_mean": 0.1037358540288551
    },
    "9": {
      "train_loss": 0.0628943338733734,
      "train_loss_mean": 0.07479697886428766
    },
    "10": {
      "train_loss": 0.043275317757434095,
      "train_loss_mean": 0.06455545728067591
    },
    "11": {
      "train_loss": 0.027790985466708662,
      "train_loss_mean": 0.05346431352440959
    },
    "12": {
      "train_loss": 0.035800595045657246,
      "train_loss_mean": 0.050624489637812076
    },
    "13": {
      "train_loss": 0.06686448365371689,
      "train_loss_mean": 0.049211857451064135
    },
    "14": {
      "train_loss": 0.030002668583620107,
      "train_loss_mean": 0.042335804074576794
    },
    "15": {
      "train_loss": 0.03736805287348943,
      "train_loss_mean": 0.03706051255229568
    },
    "16": {
      "train_loss": 0.03313355866589518,
      "train_loss_mean": 0.030630844964014158
    },
    "17": {
      "train_loss": 0.036376363056206173,
      "train_loss_mean": 0.033409212555485096
    },
    "18": {
      "train_loss": 0.030076978810996025,
      "train_loss_mean": 0.031389884396093845
    },
    "19": {
      "train_loss": 0.02330949402448823,
      "train_loss_mean": 0.026781948560030244
    },
    "20": {
      "train_loss": 0.02367680265871286,
      "train_loss_mean": 0.024809925878414775
    }
  },
  "client_evaluate_metrics": {
    "1": {
      "eval_loss": 1.0794405825436115,
      "eval_acc": 0.5478515625
    },
    "2": {
      "eval_loss": 0.878434194251895,
      "eval_acc": 0.5771484375
    },
    "3": {
      "eval_loss": 0.7243957165628672,
      "eval_acc": 0.6748046875
    },
    "4": {
      "eval_loss": 0.551316237077117,
      "eval_acc": 0.76953125
    },
    "5": {
      "eval_loss": 0.4409931325353682,
      "eval_acc": 0.8232421875
    },
    "6": {
      "eval_loss": 0.36192208575084805,
      "eval_acc": 0.8671875
    },
    "7": {
      "eval_loss": 0.31450623855926096,
      "eval_acc": 0.8935546875
    },
    "8": {
      "eval_loss": 0.26847249106504023,
      "eval_acc": 0.912109375
    },
    "9": {
      "eval_loss": 0.26264688768424094,
      "eval_acc": 0.916015625
    },
    "10": {
      "eval_loss": 0.2848265953361988,
      "eval_acc": 0.9150390625
    },
    "11": {
      "eval_loss": 0.22966386037296616,
      "eval_acc": 0.943359375
    },
    "12": {
      "eval_loss": 0.2230775685311528,
      "eval_acc": 0.9365234375
    },
    "13": {
      "eval_loss": 0.21184517431538552,
      "eval_acc": 0.9423828125
    },
    "14": {
      "eval_loss": 0.1854714571381919,
      "eval_acc": 0.951171875
    },
    "15": {
      "eval_loss": 0.16770695670857094,
      "eval_acc": 0.9501953125
    },
    "16": {
      "eval_loss": 0.20511830662144348,
      "eval_acc": 0.9423828125
    },
    "17": {
      "eval_loss": 0.18586707275244407,
      "eval_acc": 0.951171875
    },
    "18": {
      "eval_loss": 0.17545433677150868,
      "eval_acc": 0.955078125
    },
    "19": {
      "eval_loss": 0.18581904665916227,
      "eval_acc": 0.9560546875
    },
    "20": {
      "eval_loss": 0.20088348852004856,
      "eval_acc": 0.953125
    }
  },
  "server_evaluate_metrics": {
    "0": {
      "loss": 1.444567507505417,
      "accuracy": 0.0109375
    },
    "1": {
      "loss": 1.0769269943237305,
      "accuracy": 0.5421875
    },
    "2": {
      "loss": 0.8867508888244628,
      "accuracy": 0.5828125
    },
    "3": {
      "loss": 0.753530964255333,
      "accuracy": 0.66875
    },
    "4": {
      "loss": 0.620240107178688,
      "accuracy": 0.7484375
    },
    "5": {
      "loss": 0.5171818524599076,
      "accuracy": 0.803125
    },
    "6": {
      "loss": 0.4122062996029854,
      "accuracy": 0.846875
    },
    "7": {
      "loss": 0.357120019569993,
      "accuracy": 0.8734375
    },
    "8": {
      "loss": 0.31287124156951907,
      "accuracy": 0.9015625
    },
    "9": {
      "loss": 0.3236739426851273,
      "accuracy": 0.9125
    },
    "10": {
      "loss": 0.3288848027586937,
      "accuracy": 0.9171875
    },
    "11": {
      "loss": 0.3201343691907823,
      "accuracy": 0.9375
    },
    "12": {
      "loss": 0.3172501079272479,
      "accuracy": 0.9375
    },
    "13": {
      "loss": 0.2660552356392145,
      "accuracy": 0.928125
    },
    "14": {
      "loss": 0.2816963020712137,
      "accuracy": 0.9375
    },
    "15": {
      "loss": 0.267496553203091,
      "accuracy": 0.9421875
    },
    "16": {
      "loss": 0.26174550522118806,
      "accuracy": 0.9484375
    },
    "17": {
      "loss": 0.2677860328927636,
      "accuracy": 0.940625
    },
    "18": {
      "loss": 0.2798342089168727,
      "accuracy": 0.95625
    },
    "19": {
      "loss": 0.3354123765602708,
      "accuracy": 0.9484375
    },
    "20": {
      "loss": 0.2713696072343737,
      "accuracy": 0.95625
    }
  }
}
