{
  "metadata": {
    "run_name": "main__homogeneous__global-dp__fedopt__noise-0.01__seed-45",
    "data_module": "experiments.reproduce.dataset.alzheimer:create_data_module",
    "partition_mode": "homogeneous",
    "partition_profile": "auto",
    "privacy": "global-dp",
    "aggregation": "fedopt",
    "seed": 45,
    "num_clients": 4,
    "rounds": 20,
    "local_epochs": 5,
    "noise_multiplier": 0.01,
    "clipping_norm": 5.0,
    "initialization_pretrained": true,
    "initialization_epochs": 20,
    "initialization_final_loss": 0.32357231974601747
  },
  "train_metrics": {
    "1": {
      "train_loss": 0.4418245304841548,
      "train_loss_mean": 0.652109517622739
    },
    "2": {
      "train_loss": 1.157349439803511,
      "train_loss_mean": 5.04320245180279
    },
    "3": {
      "train_loss": 1.0599423171952367,
      "train_loss_mean": 39.57072685426101
    },
    "4": {
      "train_loss": 1.0397940780967474,
      "train_loss_mean": 1.0471017096191644
    },
    "5": {
      "train_loss": 1.0365165802650154,
      "train_loss_mean": 1.0566941695287824
    },
    "6": {
      "train_loss": 1.0357404323294759,
      "train_loss_mean": 1.0382663373835386
    },
    "7": {
      "train_loss": 1.0358626674860716,
      "train_loss_mean": 1.0502884527668357
    },
    "8": {
      "train_loss": 1.034920065663755,
      "train_loss_mean": 1.0549299755133688
    },
    "9": {
      "train_loss": 1.0395978442393243,
      "train_loss_mean": 3.8484700767323377
    },
    "10": {
      "train_loss": 1.0356866321526468,
      "train_loss_mean": 1.2271406853571534
    },
    "11": {
      "train_loss": 1.0353820016607642,
      "train_loss_mean": 1.1695875302888452
    },
    "12": {
      "train_loss": 1.0354217761196196,
      "train_loss_mean": 1.0440148974768817
    },
    "13": {
      "train_loss": 1.035191339906305,
      "train_loss_mean": 1.0793092269450426
    },
    "14": {
      "train_loss": 1.0349964341148734,
      "train_loss_mean": 1.0425402151420713
    },
    "15": {
      "train_loss": 1.0348097058013082,
      "train_loss_mean": 1.0450050758197904
    },
    "16": {
      "train_loss": 1.0350579107180238,
      "train_loss_mean": 1.0412676209583878
    },
    "17": {
      "train_loss": 1.0348681332543492,
      "train_loss_mean": 1.0446250385604798
    },
    "18": {
      "train_loss": 1.0357522484846413,
      "train_loss_mean": 1.3957175318151713
    },
    "19": {
      "train_loss": 1.035209591500461,
      "train_loss_mean": 1.0397196583449841
    },
    "20": {
      "train_loss": 1.03577827103436,
      "train_loss_mean": 1.4795243368484081
    }
  },
  "client_evaluate_metrics": {
    "1": {
      "eval_loss": 37.08246272802353,
      "eval_acc": 0.525390625
    },
    "2": {
      "eval_loss": 75.05484580993652,
      "eval_acc": 0.140625
    },
    "3": {
      "eval_loss": 1.0685022585093975,
      "eval_acc": 0.5
    },
    "4": {
      "eval_loss": 1.1455914489924908,
      "eval_acc": 0.5
    },
    "5": {
      "eval_loss": 1.0595092587172985,
      "eval_acc": 0.34765625
    },
    "6": {
      "eval_loss": 1.1146388351917267,
      "eval_acc": 0.5
    },
    "7": {
      "eval_loss": 1.069556325674057,
      "eval_acc": 0.34765625
    },
    "8": {
      "eval_loss": 74.31484603881836,
      "eval_acc": 0.140625
    },
    "9": {
      "eval_loss": 8.889236226677895,
      "eval_acc": 0.34765625
    },
    "10": {
      "eval_loss": 19.511198222637177,
      "eval_acc": 0.5
    },
    "11": {
      "eval_loss": 1.0886911042034626,
      "eval_acc": 0.34765625
    },
    "12": {
      "eval_loss": 1.098812872543931,
      "eval_acc": 0.5
    },
    "13": {
      "eval_loss": 1.0847802311182022,
      "eval_acc": 0.34765625
    },
    "14": {
      "eval_loss": 1.1063329484313726,
      "eval_acc": 0.5
    },
    "15": {
      "eval_loss": 1.0756772048771381,
      "eval_acc": 0.34765625
    },
    "16": {
      "eval_loss": 1.1038856152445078,
      "eval_acc": 0.5
    },
    "17": {
      "eval_loss": 60.894415974617004,
      "eval_acc": 0.140625
    },
    "18": {
      "eval_loss": 1.0738790519535542,
      "eval_acc": 0.5
    },
    "19": {
      "eval_loss": 1.2224929723888636,
      "eval_acc": 0.34765625
    },
    "20": {
      "eval_loss": 1.0739958118647337,
      "eval_acc": 0.5
    }
  },
  "server_evaluate_metrics": {
    "0": {
      "loss": 1.0735445395112038,
      "accuracy": 0.628125
    },
    "1": {
      "loss": 38.14026374816895,
      "accuracy": 0.503125
    },
    "2": {
      "loss": 75.60069847106934,
      "accuracy": 0.134375
    },
    "3": {
      "loss": 1.0594431787729264,
      "accuracy": 0.4953125
    },
    "4": {
      "loss": 1.147977575659752,
      "accuracy": 0.4953125
    },
    "5": {
      "loss": 1.04845489859581,
      "accuracy": 0.359375
    },
    "6": {
      "loss": 1.1176079303026198,
      "accuracy": 0.4953125
    },
    "7": {
      "loss": 1.0583711802959441,
      "accuracy": 0.359375
    },
    "8": {
      "loss": 74.76031455993652,
      "accuracy": 0.134375
    },
    "9": {
      "loss": 8.564802074432373,
      "accuracy": 0.359375
    },
    "10": {
      "loss": 19.749599266052247,
      "accuracy": 0.4953125
    },
    "11": {
      "loss": 1.0808826416730881,
      "accuracy": 0.359375
    },
    "12": {
      "loss": 1.1173302501440048,
      "accuracy": 0.490625
    },
    "13": {
      "loss": 1.0759896516799927,
      "accuracy": 0.359375
    },
    "14": {
      "loss": 1.1038335531949997,
      "accuracy": 0.4953125
    },
    "15": {
      "loss": 1.0677704900503158,
      "accuracy": 0.359375
    },
    "16": {
      "loss": 1.1015705555677413,
      "accuracy": 0.4953125
    },
    "17": {
      "loss": 62.598422050476074,
      "accuracy": 0.134375
    },
    "18": {
      "loss": 1.0683563560247422,
      "accuracy": 0.4953125
    },
    "19": {
      "loss": 1.199789148569107,
      "accuracy": 0.359375
    },
    "20": {
      "loss": 1.068834227323532,
      "accuracy": 0.4953125
    }
  }
}
