{
  "metadata": {
    "run_name": "main__homogeneous__global-dp__fedprox__noise-0.01__seed-44",
    "data_module": "experiments.reproduce.dataset.alzheimer:create_data_module",
    "partition_mode": "homogeneous",
    "partition_profile": "auto",
    "privacy": "global-dp",
    "aggregation": "fedprox",
    "seed": 44,
    "num_clients": 4,
    "rounds": 20,
    "local_epochs": 5,
    "noise_multiplier": 0.01,
    "clipping_norm": 5.0,
    "initialization_pretrained": false,
    "initialization_epochs": 0,
    "initialization_final_loss": null
  },
  "train_metrics": {
    "1": {
      "train_loss": 1.1851546242833138,
      "train_loss_mean": 1.2190131734125318
    },
    "2": {
      "train_loss": 1.118024930357933,
      "train_loss_mean": 1.1267806731164456
    },
    "3": {
      "train_loss": 1.0989954001270235,
      "train_loss_mean": 1.0991515995003283
    },
    "4": {
      "train_loss": 1.087941076606512,
      "train_loss_mean": 1.0984763314016162
    },
    "5": {
      "train_loss": 1.0882071792148054,
      "train_loss_mean": 1.0919000419788063
    },
    "6": {
      "train_loss": 1.0852376455441117,
      "train_loss_mean": 1.0891570780426263
    },
    "7": {
      "train_loss": 1.091989776585251,
      "train_loss_mean": 1.0936599464155734
    },
    "8": {
      "train_loss": 1.0942286136560142,
      "train_loss_mean": 1.0944104488007724
    },
    "9": {
      "train_loss": 1.0887793591246009,
      "train_loss_mean": 1.0919746451079844
    },
    "10": {
      "train_loss": 1.0872563258744776,
      "train_loss_mean": 1.093907776568085
    },
    "11": {
      "train_loss": 1.084233619272709,
      "train_loss_mean": 1.0873251281678677
    },
    "12": {
      "train_loss": 1.0880582807585597,
      "train_loss_mean": 1.0819406643509866
    },
    "13": {
      "train_loss": 1.0840279627591372,
      "train_loss_mean": 1.0758880521170795
    },
    "14": {
      "train_loss": 1.06719137635082,
      "train_loss_mean": 1.0692283696494997
    },
    "15": {
      "train_loss": 1.0600924496538937,
      "train_loss_mean": 1.0569222250021995
    },
    "16": {
      "train_loss": 1.0554925007745624,
      "train_loss_mean": 1.0493921574205158
    },
    "17": {
      "train_loss": 1.044192501809448,
      "train_loss_mean": 1.0371467057615518
    },
    "18": {
      "train_loss": 1.041552224662155,
      "train_loss_mean": 1.0305279050953686
    },
    "19": {
      "train_loss": 1.0309059023857117,
      "train_loss_mean": 1.022012494597584
    },
    "20": {
      "train_loss": 1.019097313284874,
      "train_loss_mean": 1.0151299552991986
    }
  },
  "client_evaluate_metrics": {
    "1": {
      "eval_loss": 1.0619480200111866,
      "eval_acc": 0.5
    },
    "2": {
      "eval_loss": 1.0386294797062874,
      "eval_acc": 0.5
    },
    "3": {
      "eval_loss": 1.047391714528203,
      "eval_acc": 0.5
    },
    "4": {
      "eval_loss": 1.0375694930553436,
      "eval_acc": 0.5
    },
    "5": {
      "eval_loss": 1.032252786681056,
      "eval_acc": 0.5
    },
    "6": {
      "eval_loss": 1.0382241941988468,
      "eval_acc": 0.5
    },
    "7": {
      "eval_loss": 1.0310861859470606,
      "eval_acc": 0.5
    },
    "8": {
      "eval_loss": 1.0264931060373783,
      "eval_acc": 0.5
    },
    "9": {
      "eval_loss": 1.0270567908883095,
      "eval_acc": 0.5
    },
    "10": {
      "eval_loss": 1.0208977330476046,
      "eval_acc": 0.5
    },
    "11": {
      "eval_loss": 1.0121802501380444,
      "eval_acc": 0.5
    },
    "12": {
      "eval_loss": 1.0065991189330816,
      "eval_acc": 0.5
    },
    "13": {
      "eval_loss": 0.9959464520215988,
      "eval_acc": 0.5029296875
    },
    "14": {
      "eval_loss": 0.9777002986520529,
      "eval_acc": 0.533203125
    },
    "15": {
      "eval_loss": 0.9679157827049494,
      "eval_acc": 0.5283203125
    },
    "16": {
      "eval_loss": 0.9554138351231813,
      "eval_acc": 0.515625
    },
    "17": {
      "eval_loss": 0.9417267292737961,
      "eval_acc": 0.546875
    },
    "18": {
      "eval_loss": 0.9274634122848511,
      "eval_acc": 0.5419921875
    },
    "19": {
      "eval_loss": 0.9487824328243732,
      "eval_acc": 0.517578125
    },
    "20": {
      "eval_loss": 0.922201057896018,
      "eval_acc": 0.548828125
    }
  },
  "server_evaluate_metrics": {
    "0": {
      "loss": 1.390574312210083,
      "accuracy": 0.4953125
    },
    "1": {
      "loss": 1.056186792254448,
      "accuracy": 0.4953125
    },
    "2": {
      "loss": 1.033693265914917,
      "accuracy": 0.4953125
    },
    "3": {
      "loss": 1.0404990047216416,
      "accuracy": 0.4953125
    },
    "4": {
      "loss": 1.02977015376091,
      "accuracy": 0.4953125
    },
    "5": {
      "loss": 1.0272440761327744,
      "accuracy": 0.4953125
    },
    "6": {
      "loss": 1.0329556107521056,
      "accuracy": 0.4953125
    },
    "7": {
      "loss": 1.0275805324316025,
      "accuracy": 0.4953125
    },
    "8": {
      "loss": 1.022321492433548,
      "accuracy": 0.4953125
    },
    "9": {
      "loss": 1.0230303227901458,
      "accuracy": 0.4953125
    },
    "10": {
      "loss": 1.0177272707223892,
      "accuracy": 0.4953125
    },
    "11": {
      "loss": 1.0106023043394088,
      "accuracy": 0.4953125
    },
    "12": {
      "loss": 1.0095014065504073,
      "accuracy": 0.4953125
    },
    "13": {
      "loss": 0.9972219616174698,
      "accuracy": 0.5015625
    },
    "14": {
      "loss": 0.9855759769678116,
      "accuracy": 0.5078125
    },
    "15": {
      "loss": 0.978357681632042,
      "accuracy": 0.5125
    },
    "16": {
      "loss": 0.9690127849578858,
      "accuracy": 0.4984375
    },
    "17": {
      "loss": 0.9569462597370147,
      "accuracy": 0.534375
    },
    "18": {
      "loss": 0.9460194408893585,
      "accuracy": 0.5328125
    },
    "19": {
      "loss": 0.9718709856271743,
      "accuracy": 0.5
    },
    "20": {
      "loss": 0.940448722243309,
      "accuracy": 0.5328125
    }
  }
}
