{
  "metadata": {
    "run_name": "main__homogeneous__global-dp__fedavgm__noise-0.01__seed-42",
    "data_module": "experiments.reproduce.dataset.alzheimer:create_data_module",
    "partition_mode": "homogeneous",
    "partition_profile": "auto",
    "privacy": "global-dp",
    "aggregation": "fedavgm",
    "seed": 42,
    "num_clients": 4,
    "rounds": 20,
    "local_epochs": 5,
    "noise_multiplier": 0.01,
    "clipping_norm": 5.0,
    "initialization_pretrained": true,
    "initialization_epochs": 20,
    "initialization_final_loss": 0.5051875784993172
  },
  "train_metrics": {
    "1": {
      "train_loss": 0.5410200702026486,
      "train_loss_mean": 0.6938835707958787
    },
    "2": {
      "train_loss": 0.5403497356455773,
      "train_loss_mean": 0.6963357119821013
    },
    "3": {
      "train_loss": 0.5040742779383436,
      "train_loss_mean": 0.6700758835533633
    },
    "4": {
      "train_loss": 0.4818447495345026,
      "train_loss_mean": 0.6561606036499142
    },
    "5": {
      "train_loss": 0.45011390454601496,
      "train_loss_mean": 0.6269654063740745
    },
    "6": {
      "train_loss": 0.4283267212449573,
      "train_loss_mean": 0.6101506952312774
    },
    "7": {
      "train_loss": 0.4073690022341907,
      "train_loss_mean": 0.5947824316564947
    },
    "8": {
      "train_loss": 0.35942831536522135,
      "train_loss_mean": 0.5601500368095003
    },
    "9": {
      "train_loss": 0.34634726733202115,
      "train_loss_mean": 0.546881563111674
    },
    "10": {
      "train_loss": 0.3076964942738414,
      "train_loss_mean": 0.5130740888649598
    },
    "11": {
      "train_loss": 0.3035649195080623,
      "train_loss_mean": 0.5000808951677755
    },
    "12": {
      "train_loss": 0.275878285523504,
      "train_loss_mean": 0.4728691927855835
    },
    "13": {
      "train_loss": 0.25754160471842624,
      "train_loss_mean": 0.4466427695762831
    },
    "14": {
      "train_loss": 0.23006040416657925,
      "train_loss_mean": 0.43291504201479253
    },
    "15": {
      "train_loss": 0.21088937306194566,
      "train_loss_mean": 0.40489607812487516
    },
    "16": {
      "train_loss": 0.21157238207524642,
      "train_loss_mean": 0.38549170835176483
    },
    "17": {
      "train_loss": 0.19780340962461196,
      "train_loss_mean": 0.3684555379324593
    },
    "18": {
      "train_loss": 0.18304431191063486,
      "train_loss_mean": 0.34936910928809084
    },
    "19": {
      "train_loss": 0.17009829977178015,
      "train_loss_mean": 0.3374909484409727
    },
    "20": {
      "train_loss": 0.15912476927042007,
      "train_loss_mean": 0.3103974522207864
    }
  },
  "client_evaluate_metrics": {
    "1": {
      "eval_loss": 0.8268144764006138,
      "eval_acc": 0.6337890625
    },
    "2": {
      "eval_loss": 0.819335775449872,
      "eval_acc": 0.6416015625
    },
    "3": {
      "eval_loss": 0.8064010310918093,
      "eval_acc": 0.6484375
    },
    "4": {
      "eval_loss": 0.7809854671359062,
      "eval_acc": 0.669921875
    },
    "5": {
      "eval_loss": 0.7669197916984558,
      "eval_acc": 0.6591796875
    },
    "6": {
      "eval_loss": 0.7726452425122261,
      "eval_acc": 0.6533203125
    },
    "7": {
      "eval_loss": 0.7320828810334206,
      "eval_acc": 0.6728515625
    },
    "8": {
      "eval_loss": 0.729270520620048,
      "eval_acc": 0.6689453125
    },
    "9": {
      "eval_loss": 0.7163219945505261,
      "eval_acc": 0.6826171875
    },
    "10": {
      "eval_loss": 0.704754963517189,
      "eval_acc": 0.6884765625
    },
    "11": {
      "eval_loss": 0.6912181619554758,
      "eval_acc": 0.6962890625
    },
    "12": {
      "eval_loss": 0.668718964792788,
      "eval_acc": 0.708984375
    },
    "13": {
      "eval_loss": 0.673912800848484,
      "eval_acc": 0.7080078125
    },
    "14": {
      "eval_loss": 0.6520890751853585,
      "eval_acc": 0.712890625
    },
    "15": {
      "eval_loss": 0.6428230116143823,
      "eval_acc": 0.7275390625
    },
    "16": {
      "eval_loss": 0.6365484651178122,
      "eval_acc": 0.72265625
    },
    "17": {
      "eval_loss": 0.6564241908490658,
      "eval_acc": 0.7080078125
    },
    "18": {
      "eval_loss": 0.5869194893166423,
      "eval_acc": 0.7421875
    },
    "19": {
      "eval_loss": 0.584455612115562,
      "eval_acc": 0.748046875
    },
    "20": {
      "eval_loss": 0.5721079036593437,
      "eval_acc": 0.748046875
    }
  },
  "server_evaluate_metrics": {
    "0": {
      "loss": 0.8520958125591278,
      "accuracy": 0.6453125
    },
    "1": {
      "loss": 0.8543598264455795,
      "accuracy": 0.6453125
    },
    "2": {
      "loss": 0.8353899955749512,
      "accuracy": 0.659375
    },
    "3": {
      "loss": 0.8285158336162567,
      "accuracy": 0.6640625
    },
    "4": {
      "loss": 0.8140484154224396,
      "accuracy": 0.65625
    },
    "5": {
      "loss": 0.7909164965152741,
      "accuracy": 0.675
    },
    "6": {
      "loss": 0.7857321098446846,
      "accuracy": 0.6734375
    },
    "7": {
      "loss": 0.751870584487915,
      "accuracy": 0.678125
    },
    "8": {
      "loss": 0.7570768505334854,
      "accuracy": 0.6609375
    },
    "9": {
      "loss": 0.7371279656887054,
      "accuracy": 0.6828125
    },
    "10": {
      "loss": 0.7402550831437111,
      "accuracy": 0.678125
    },
    "11": {
      "loss": 0.7155128791928291,
      "accuracy": 0.6796875
    },
    "12": {
      "loss": 0.7056765675544738,
      "accuracy": 0.7015625
    },
    "13": {
      "loss": 0.6909648820757865,
      "accuracy": 0.7
    },
    "14": {
      "loss": 0.6850925087928772,
      "accuracy": 0.70625
    },
    "15": {
      "loss": 0.6792177349328995,
      "accuracy": 0.7078125
    },
    "16": {
      "loss": 0.6754020482301712,
      "accuracy": 0.715625
    },
    "17": {
      "loss": 0.6900425881147385,
      "accuracy": 0.6953125
    },
    "18": {
      "loss": 0.6280700758099556,
      "accuracy": 0.734375
    },
    "19": {
      "loss": 0.6248644307255745,
      "accuracy": 0.746875
    },
    "20": {
      "loss": 0.6208976864814758,
      "accuracy": 0.75
    }
  }
}
