{
  "metadata": {
    "run_name": "main__homogeneous__vanilla__fedavgm__noise-0.01__seed-42",
    "data_module": "experiments.reproduce.dataset.alzheimer:create_data_module",
    "partition_mode": "homogeneous",
    "partition_profile": "auto",
    "privacy": "vanilla",
    "aggregation": "fedavgm",
    "seed": 42,
    "num_clients": 4,
    "rounds": 20,
    "local_epochs": 5,
    "noise_multiplier": 0.01,
    "clipping_norm": 5.0,
    "initialization_pretrained": true,
    "initialization_epochs": 20,
    "initialization_final_loss": 0.593713903427124
  },
  "train_metrics": {
    "1": {
      "train_loss": 0.5917972959578037,
      "train_loss_mean": 0.7290656086988746
    },
    "2": {
      "train_loss": 0.5468215872533619,
      "train_loss_mean": 0.701117702247575
    },
    "3": {
      "train_loss": 0.48243273014668375,
      "train_loss_mean": 0.6563819403992965
    },
    "4": {
      "train_loss": 0.4145958056906238,
      "train_loss_mean": 0.6006524687632919
    },
    "5": {
      "train_loss": 0.32737109274603426,
      "train_loss_mean": 0.5296437164302915
    },
    "6": {
      "train_loss": 0.27380364673445,
      "train_loss_mean": 0.469117547373753
    },
    "7": {
      "train_loss": 0.23482915881322697,
      "train_loss_mean": 0.41498518015723673
    },
    "8": {
      "train_loss": 0.19823755530524068,
      "train_loss_mean": 0.36057424628525037
    },
    "9": {
      "train_loss": 0.15022306416358333,
      "train_loss_mean": 0.30364177614392246
    },
    "10": {
      "train_loss": 0.15233590913703665,
      "train_loss_mean": 0.2745543907803949
    },
    "11": {
      "train_loss": 0.12200694551574998,
      "train_loss_mean": 0.2298555686691543
    },
    "12": {
      "train_loss": 0.1081640026968671,
      "train_loss_mean": 0.20304485103697517
    },
    "13": {
      "train_loss": 0.09420651522668777,
      "train_loss_mean": 0.17853488319378813
    },
    "14": {
      "train_loss": 0.09238076434849063,
      "train_loss_mean": 0.15997367946984015
    },
    "15": {
      "train_loss": 0.08984715267433785,
      "train_loss_mean": 0.1419099869875936
    },
    "16": {
      "train_loss": 0.0814908589964034,
      "train_loss_mean": 0.12976083972898778
    },
    "17": {
      "train_loss": 0.08638448168130708,
      "train_loss_mean": 0.12122144858221873
    },
    "18": {
      "train_loss": 0.08307932464595069,
      "train_loss_mean": 0.11329245669185184
    },
    "19": {
      "train_loss": 0.06820003921166062,
      "train_loss_mean": 0.10619859176495082
    },
    "20": {
      "train_loss": 0.06215386581425264,
      "train_loss_mean": 0.09993934655576595
    }
  },
  "client_evaluate_metrics": {
    "1": {
      "eval_loss": 0.8526468928903341,
      "eval_acc": 0.623046875
    },
    "2": {
      "eval_loss": 0.8111213892698288,
      "eval_acc": 0.646484375
    },
    "3": {
      "eval_loss": 0.7697757594287395,
      "eval_acc": 0.6630859375
    },
    "4": {
      "eval_loss": 0.7295372588559985,
      "eval_acc": 0.6767578125
    },
    "5": {
      "eval_loss": 0.6898049414157867,
      "eval_acc": 0.7001953125
    },
    "6": {
      "eval_loss": 0.6469101831316948,
      "eval_acc": 0.7255859375
    },
    "7": {
      "eval_loss": 0.6009885491803288,
      "eval_acc": 0.7529296875
    },
    "8": {
      "eval_loss": 0.5539445830509067,
      "eval_acc": 0.7646484375
    },
    "9": {
      "eval_loss": 0.5045531075447798,
      "eval_acc": 0.7822265625
    },
    "10": {
      "eval_loss": 0.45474302768707275,
      "eval_acc": 0.8076171875
    },
    "11": {
      "eval_loss": 0.40875228913500905,
      "eval_acc": 0.8203125
    },
    "12": {
      "eval_loss": 0.36824994487687945,
      "eval_acc": 0.8486328125
    },
    "13": {
      "eval_loss": 0.33061961736530066,
      "eval_acc": 0.8603515625
    },
    "14": {
      "eval_loss": 0.2967407456599176,
      "eval_acc": 0.875
    },
    "15": {
      "eval_loss": 0.268216363620013,
      "eval_acc": 0.8974609375
    },
    "16": {
      "eval_loss": 0.24331497005186975,
      "eval_acc": 0.9111328125
    },
    "17": {
      "eval_loss": 0.22114213788881898,
      "eval_acc": 0.921875
    },
    "18": {
      "eval_loss": 0.20155086321756244,
      "eval_acc": 0.9296875
    },
    "19": {
      "eval_loss": 0.184721234254539,
      "eval_acc": 0.935546875
    },
    "20": {
      "eval_loss": 0.1686043106019497,
      "eval_acc": 0.9453125
    }
  },
  "server_evaluate_metrics": {
    "0": {
      "loss": 0.8947812467813492,
      "accuracy": 0.64375
    },
    "1": {
      "loss": 0.8599383503198623,
      "accuracy": 0.653125
    },
    "2": {
      "loss": 0.8187285810709,
      "accuracy": 0.6609375
    },
    "3": {
      "loss": 0.7803129360079766,
      "accuracy": 0.6640625
    },
    "4": {
      "loss": 0.7425707459449769,
      "accuracy": 0.68125
    },
    "5": {
      "loss": 0.7059017956256867,
      "accuracy": 0.7015625
    },
    "6": {
      "loss": 0.6665412425994873,
      "accuracy": 0.7125
    },
    "7": {
      "loss": 0.6227805882692337,
      "accuracy": 0.734375
    },
    "8": {
      "loss": 0.5791068658232689,
      "accuracy": 0.7515625
    },
    "9": {
      "loss": 0.5369041979312896,
      "accuracy": 0.775
    },
    "10": {
      "loss": 0.4986775562167168,
      "accuracy": 0.7953125
    },
    "11": {
      "loss": 0.4643965378403664,
      "accuracy": 0.809375
    },
    "12": {
      "loss": 0.43713543713092806,
      "accuracy": 0.8203125
    },
    "13": {
      "loss": 0.41373784095048904,
      "accuracy": 0.840625
    },
    "14": {
      "loss": 0.3948042169213295,
      "accuracy": 0.859375
    },
    "15": {
      "loss": 0.38108973652124406,
      "accuracy": 0.8796875
    },
    "16": {
      "loss": 0.36685542315244674,
      "accuracy": 0.89375
    },
    "17": {
      "loss": 0.3506810046732426,
      "accuracy": 0.9
    },
    "18": {
      "loss": 0.337574914842844,
      "accuracy": 0.9109375
    },
    "19": {
      "loss": 0.32179133892059325,
      "accuracy": 0.921875
    },
    "20": {
      "loss": 0.30436030998826025,
      "accuracy": 0.925
    }
  }
}
