{
  "metadata": {
    "run_name": "main__homogeneous__vanilla__fedmedian__noise-0.01__seed-44",
    "data_module": "experiments.reproduce.dataset.alzheimer:create_data_module",
    "partition_mode": "homogeneous",
    "partition_profile": "auto",
    "privacy": "vanilla",
    "aggregation": "fedmedian",
    "seed": 44,
    "num_clients": 4,
    "rounds": 20,
    "local_epochs": 5,
    "noise_multiplier": 0.01,
    "clipping_norm": 5.0,
    "initialization_pretrained": false,
    "initialization_epochs": 0,
    "initialization_final_loss": null
  },
  "train_metrics": {
    "1": {
      "train_loss": 1.02056126575917,
      "train_loss_mean": 1.0520000523887574
    },
    "2": {
      "train_loss": 0.923323723487556,
      "train_loss_mean": 0.9644005655311049
    },
    "3": {
      "train_loss": 0.7307829139754176,
      "train_loss_mean": 0.8291223636828362
    },
    "4": {
      "train_loss": 0.49576593143865466,
      "train_loss_mean": 0.6264234315603971
    },
    "5": {
      "train_loss": 0.3295363220386207,
      "train_loss_mean": 0.44283223593374715
    },
    "6": {
      "train_loss": 0.20082769147120416,
      "train_loss_mean": 0.29675631382851864
    },
    "7": {
      "train_loss": 0.1388807265466312,
      "train_loss_mean": 0.20352216175524518
    },
    "8": {
      "train_loss": 0.10320956425493932,
      "train_loss_mean": 0.143188897370419
    },
    "9": {
      "train_loss": 0.08926326373148186,
      "train_loss_mean": 0.11207540573850566
    },
    "10": {
      "train_loss": 0.0840415792317799,
      "train_loss_mean": 0.09331707927158277
    },
    "11": {
      "train_loss": 0.07045897146872449,
      "train_loss_mean": 0.07910405493403232
    },
    "12": {
      "train_loss": 0.05826959596697634,
      "train_loss_mean": 0.06685299738346658
    },
    "13": {
      "train_loss": 0.06417229927274093,
      "train_loss_mean": 0.06402978556170638
    },
    "14": {
      "train_loss": 0.0724159567262177,
      "train_loss_mean": 0.05343163515785818
    },
    "15": {
      "train_loss": 0.06072326878984313,
      "train_loss_mean": 0.048685181378584734
    },
    "16": {
      "train_loss": 0.06896801198081448,
      "train_loss_mean": 0.04706846939998286
    },
    "17": {
      "train_loss": 0.06080706459630392,
      "train_loss_mean": 0.049476187949949235
    },
    "18": {
      "train_loss": 0.0560208131682316,
      "train_loss_mean": 0.041130917412567664
    },
    "19": {
      "train_loss": 0.0522031678044641,
      "train_loss_mean": 0.038557728838119226
    },
    "20": {
      "train_loss": 0.037339020036768034,
      "train_loss_mean": 0.03770394146297349
    }
  },
  "client_evaluate_metrics": {
    "1": {
      "eval_loss": 1.055963670834899,
      "eval_acc": 0.5
    },
    "2": {
      "eval_loss": 0.9221293088048697,
      "eval_acc": 0.5634765625
    },
    "3": {
      "eval_loss": 0.7849641870707273,
      "eval_acc": 0.62890625
    },
    "4": {
      "eval_loss": 0.65654606372118,
      "eval_acc": 0.71484375
    },
    "5": {
      "eval_loss": 0.5620012283325195,
      "eval_acc": 0.771484375
    },
    "6": {
      "eval_loss": 0.48455107817426324,
      "eval_acc": 0.81640625
    },
    "7": {
      "eval_loss": 0.38379996037110686,
      "eval_acc": 0.880859375
    },
    "8": {
      "eval_loss": 0.333296115975827,
      "eval_acc": 0.9091796875
    },
    "9": {
      "eval_loss": 0.33299804863054305,
      "eval_acc": 0.9208984375
    },
    "10": {
      "eval_loss": 0.3186820534756407,
      "eval_acc": 0.9169921875
    },
    "11": {
      "eval_loss": 0.287016308051534,
      "eval_acc": 0.935546875
    },
    "12": {
      "eval_loss": 0.29780022881459445,
      "eval_acc": 0.9365234375
    },
    "13": {
      "eval_loss": 0.2635587708791718,
      "eval_acc": 0.9423828125
    },
    "14": {
      "eval_loss": 0.2700497707701288,
      "eval_acc": 0.939453125
    },
    "15": {
      "eval_loss": 0.29310760932276025,
      "eval_acc": 0.9443359375
    },
    "16": {
      "eval_loss": 0.24681269598659128,
      "eval_acc": 0.9443359375
    },
    "17": {
      "eval_loss": 0.2398209266248159,
      "eval_acc": 0.9453125
    },
    "18": {
      "eval_loss": 0.2659504823386669,
      "eval_acc": 0.9384765625
    },
    "19": {
      "eval_loss": 0.25047661521239206,
      "eval_acc": 0.947265625
    },
    "20": {
      "eval_loss": 0.22121389824314974,
      "eval_acc": 0.951171875
    }
  },
  "server_evaluate_metrics": {
    "0": {
      "loss": 1.390574312210083,
      "accuracy": 0.4953125
    },
    "1": {
      "loss": 1.055081832408905,
      "accuracy": 0.4953125
    },
    "2": {
      "loss": 0.9390112310647964,
      "accuracy": 0.5515625
    },
    "3": {
      "loss": 0.8226225525140762,
      "accuracy": 0.625
    },
    "4": {
      "loss": 0.7134170204401016,
      "accuracy": 0.70625
    },
    "5": {
      "loss": 0.612425334751606,
      "accuracy": 0.7578125
    },
    "6": {
      "loss": 0.5517276845872402,
      "accuracy": 0.8078125
    },
    "7": {
      "loss": 0.4626080609858036,
      "accuracy": 0.8609375
    },
    "8": {
      "loss": 0.4318718113005161,
      "accuracy": 0.884375
    },
    "9": {
      "loss": 0.42231753915548326,
      "accuracy": 0.9015625
    },
    "10": {
      "loss": 0.39015685543417933,
      "accuracy": 0.8984375
    },
    "11": {
      "loss": 0.3904572255909443,
      "accuracy": 0.9078125
    },
    "12": {
      "loss": 0.3589430805295706,
      "accuracy": 0.9203125
    },
    "13": {
      "loss": 0.33616386707872153,
      "accuracy": 0.9234375
    },
    "14": {
      "loss": 0.3457927219569683,
      "accuracy": 0.915625
    },
    "15": {
      "loss": 0.4035498445853591,
      "accuracy": 0.925
    },
    "16": {
      "loss": 0.31038683094084263,
      "accuracy": 0.9234375
    },
    "17": {
      "loss": 0.2992865800857544,
      "accuracy": 0.934375
    },
    "18": {
      "loss": 0.32741456874646246,
      "accuracy": 0.9296875
    },
    "19": {
      "loss": 0.2894270708784461,
      "accuracy": 0.9375
    },
    "20": {
      "loss": 0.28801789730787275,
      "accuracy": 0.934375
    }
  }
}
