{
  "metadata": {
    "run_name": "main__homogeneous__vanilla__fedyogi__noise-0.01__seed-42",
    "data_module": "experiments.reproduce.dataset.alzheimer:create_data_module",
    "partition_mode": "homogeneous",
    "partition_profile": "auto",
    "privacy": "vanilla",
    "aggregation": "fedyogi",
    "seed": 42,
    "num_clients": 4,
    "rounds": 20,
    "local_epochs": 5,
    "noise_multiplier": 0.01,
    "clipping_norm": 5.0,
    "initialization_pretrained": true,
    "initialization_epochs": 20,
    "initialization_final_loss": 0.5760584250092506
  },
  "train_metrics": {
    "1": {
      "train_loss": 0.5502247551921755,
      "train_loss_mean": 0.7078240659087897
    },
    "2": {
      "train_loss": 0.4032869441434741,
      "train_loss_mean": 0.5876959490589797
    },
    "3": {
      "train_loss": 0.23290638337493874,
      "train_loss_mean": 0.42335514829610477
    },
    "4": {
      "train_loss": 0.13644891807780368,
      "train_loss_mean": 0.2742444173709373
    },
    "5": {
      "train_loss": 0.09060374875116395,
      "train_loss_mean": 0.18605106321192577
    },
    "6": {
      "train_loss": 0.06740676970912318,
      "train_loss_mean": 0.1411916814166034
    },
    "7": {
      "train_loss": 0.055298495732131414,
      "train_loss_mean": 0.12339118879535818
    },
    "8": {
      "train_loss": 0.05320495852197382,
      "train_loss_mean": 0.09899707529532975
    },
    "9": {
      "train_loss": 0.042876822926473324,
      "train_loss_mean": 0.0780408529725463
    },
    "10": {
      "train_loss": 0.049683581514671005,
      "train_loss_mean": 0.06552755663844857
    },
    "11": {
      "train_loss": 0.05466785305294003,
      "train_loss_mean": 0.05539955757126246
    },
    "12": {
      "train_loss": 0.031811131834714956,
      "train_loss_mean": 0.0439515334924014
    },
    "13": {
      "train_loss": 0.03100228619181422,
      "train_loss_mean": 0.035735370422955666
    },
    "14": {
      "train_loss": 0.040117940657960816,
      "train_loss_mean": 0.030465911460970073
    },
    "15": {
      "train_loss": 0.04070416715050537,
      "train_loss_mean": 0.029644176371900064
    },
    "16": {
      "train_loss": 0.022381112496630943,
      "train_loss_mean": 0.028270519760899414
    },
    "17": {
      "train_loss": 0.03157179343221822,
      "train_loss_mean": 0.030148265869818353
    },
    "18": {
      "train_loss": 0.04448441832216796,
      "train_loss_mean": 0.034303384534958
    },
    "19": {
      "train_loss": 0.03184252365593005,
      "train_loss_mean": 0.03193592872637479
    },
    "20": {
      "train_loss": 0.026333904813588896,
      "train_loss_mean": 0.02905258963980167
    }
  },
  "client_evaluate_metrics": {
    "1": {
      "eval_loss": 0.7600679928436875,
      "eval_acc": 0.6630859375
    },
    "2": {
      "eval_loss": 0.6650687251240015,
      "eval_acc": 0.712890625
    },
    "3": {
      "eval_loss": 0.5750182094052434,
      "eval_acc": 0.783203125
    },
    "4": {
      "eval_loss": 0.4723055479116738,
      "eval_acc": 0.8203125
    },
    "5": {
      "eval_loss": 0.5550360814668238,
      "eval_acc": 0.82421875
    },
    "6": {
      "eval_loss": 0.939166066236794,
      "eval_acc": 0.8466796875
    },
    "7": {
      "eval_loss": 1.2287154980003834,
      "eval_acc": 0.861328125
    },
    "8": {
      "eval_loss": 1.0263704247190617,
      "eval_acc": 0.8955078125
    },
    "9": {
      "eval_loss": 0.6689808850642294,
      "eval_acc": 0.921875
    },
    "10": {
      "eval_loss": 0.42655066213046666,
      "eval_acc": 0.94140625
    },
    "11": {
      "eval_loss": 0.30909871707262937,
      "eval_acc": 0.9462890625
    },
    "12": {
      "eval_loss": 0.23853505671286257,
      "eval_acc": 0.9482421875
    },
    "13": {
      "eval_loss": 0.23048725083936006,
      "eval_acc": 0.943359375
    },
    "14": {
      "eval_loss": 0.24795573492883705,
      "eval_acc": 0.947265625
    },
    "15": {
      "eval_loss": 0.28397462208522484,
      "eval_acc": 0.9541015625
    },
    "16": {
      "eval_loss": 0.36579876423093083,
      "eval_acc": 0.9541015625
    },
    "17": {
      "eval_loss": 0.46284804539845936,
      "eval_acc": 0.955078125
    },
    "18": {
      "eval_loss": 0.5295463035128591,
      "eval_acc": 0.9599609375
    },
    "19": {
      "eval_loss": 0.5727768580906059,
      "eval_acc": 0.95703125
    },
    "20": {
      "eval_loss": 0.5530609379692351,
      "eval_acc": 0.9599609375
    }
  },
  "server_evaluate_metrics": {
    "0": {
      "loss": 0.8870714589953422,
      "accuracy": 0.6328125
    },
    "1": {
      "loss": 0.7789147585630417,
      "accuracy": 0.6546875
    },
    "2": {
      "loss": 0.6837682396173477,
      "accuracy": 0.7046875
    },
    "3": {
      "loss": 0.6014718502759934,
      "accuracy": 0.765625
    },
    "4": {
      "loss": 0.5356155708432198,
      "accuracy": 0.809375
    },
    "5": {
      "loss": 0.6821758501231671,
      "accuracy": 0.8265625
    },
    "6": {
      "loss": 1.0843505650758742,
      "accuracy": 0.85625
    },
    "7": {
      "loss": 1.3984934031963348,
      "accuracy": 0.8609375
    },
    "8": {
      "loss": 1.2679547396488489,
      "accuracy": 0.8921875
    },
    "9": {
      "loss": 0.9458719197102254,
      "accuracy": 0.9203125
    },
    "10": {
      "loss": 0.7277751047629863,
      "accuracy": 0.9328125
    },
    "11": {
      "loss": 0.6189527056529187,
      "accuracy": 0.9328125
    },
    "12": {
      "loss": 0.5275427470041905,
      "accuracy": 0.934375
    },
    "13": {
      "loss": 0.4601811700966209,
      "accuracy": 0.934375
    },
    "14": {
      "loss": 0.455765206576325,
      "accuracy": 0.940625
    },
    "15": {
      "loss": 0.5032003394502681,
      "accuracy": 0.946875
    },
    "16": {
      "loss": 0.6811259166133823,
      "accuracy": 0.9484375
    },
    "17": {
      "loss": 0.8989595411861956,
      "accuracy": 0.95
    },
    "18": {
      "loss": 1.061367501300174,
      "accuracy": 0.953125
    },
    "19": {
      "loss": 1.1468039401647048,
      "accuracy": 0.9515625
    },
    "20": {
      "loss": 1.1325476241716885,
      "accuracy": 0.953125
    }
  }
}
