{
  "metadata": {
    "run_name": "main__homogeneous__metric-privacy__fedyogi__noise-0.01__seed-42",
    "data_module": "experiments.reproduce.dataset.alzheimer:create_data_module",
    "partition_mode": "homogeneous",
    "partition_profile": "auto",
    "privacy": "metric-privacy",
    "aggregation": "fedyogi",
    "seed": 42,
    "num_clients": 4,
    "rounds": 20,
    "local_epochs": 5,
    "noise_multiplier": 0.01,
    "clipping_norm": 5.0,
    "initialization_pretrained": true,
    "initialization_epochs": 20,
    "initialization_final_loss": 0.5127268642187118
  },
  "train_metrics": {
    "1": {
      "train_loss": 0.5521946551743895,
      "train_loss_mean": 0.7099320494569838,
      "metric-dp-distance": 1.8003204034951825,
      "metric-dp-noise-stdv": 0.006943208539842253
    },
    "2": {
      "train_loss": 0.45536171086132526,
      "train_loss_mean": 0.6473399840295315,
      "metric-dp-distance": 1.8359554695198312,
      "metric-dp-noise-stdv": 0.0068084439996081185
    },
    "3": {
      "train_loss": 0.3107521762140095,
      "train_loss_mean": 0.5187521491432563,
      "metric-dp-distance": 1.842873394722119,
      "metric-dp-noise-stdv": 0.006782885919238546
    },
    "4": {
      "train_loss": 0.19068591835093684,
      "train_loss_mean": 0.3817024949297774,
      "metric-dp-distance": 1.6840785592018317,
      "metric-dp-noise-stdv": 0.0074224565901037124
    },
    "5": {
      "train_loss": 0.12306374951731414,
      "train_loss_mean": 0.27154948472743856,
      "metric-dp-distance": 1.5675559807568789,
      "metric-dp-noise-stdv": 0.00797419687299748
    },
    "6": {
      "train_loss": 0.09156926358991768,
      "train_loss_mean": 0.20135991895513145,
      "metric-dp-distance": 1.5137937145773321,
      "metric-dp-noise-stdv": 0.008257399855494932
    },
    "7": {
      "train_loss": 0.05932148953615979,
      "train_loss_mean": 0.14998255396749302,
      "metric-dp-distance": 1.3838036492622148,
      "metric-dp-noise-stdv": 0.009033073446991174
    },
    "8": {
      "train_loss": 0.041819822747129365,
      "train_loss_mean": 0.11625830338962259,
      "metric-dp-distance": 1.233194172149524,
      "metric-dp-noise-stdv": 0.010136278845862387
    },
    "9": {
      "train_loss": 0.035766023406722525,
      "train_loss_mean": 0.09327722148373141,
      "metric-dp-distance": 1.1879181556869298,
      "metric-dp-noise-stdv": 0.010522610451030362
    },
    "10": {
      "train_loss": 0.042139841785456156,
      "train_loss_mean": 0.0809076107521605,
      "metric-dp-distance": 1.240796828797708,
      "metric-dp-noise-stdv": 0.010074171459732127
    },
    "11": {
      "train_loss": 0.02948470073278031,
      "train_loss_mean": 0.0577985771081984,
      "metric-dp-distance": 1.2487428098296125,
      "metric-dp-noise-stdv": 0.010010067646920497
    },
    "12": {
      "train_loss": 0.025882968180781063,
      "train_loss_mean": 0.05110787993977084,
      "metric-dp-distance": 1.3207326972236235,
      "metric-dp-noise-stdv": 0.009464443506454303
    },
    "13": {
      "train_loss": 0.03378068665518441,
      "train_loss_mean": 0.043939917123761774,
      "metric-dp-distance": 1.3045500037260354,
      "metric-dp-noise-stdv": 0.009581848119503043
    },
    "14": {
      "train_loss": 0.04595191130463405,
      "train_loss_mean": 0.03750809152574774,
      "metric-dp-distance": 1.29804393555969,
      "metric-dp-noise-stdv": 0.009629874349831044
    },
    "15": {
      "train_loss": 0.02686368006058104,
      "train_loss_mean": 0.04113072447174109,
      "metric-dp-distance": 1.3775024929394324,
      "metric-dp-noise-stdv": 0.009074393740897291
    },
    "16": {
      "train_loss": 0.024890187763593197,
      "train_loss_mean": 0.03246905638089958,
      "metric-dp-distance": 1.3415153397557635,
      "metric-dp-noise-stdv": 0.009317821145657382
    },
    "17": {
      "train_loss": 0.024137166618433348,
      "train_loss_mean": 0.0354859496393079,
      "metric-dp-distance": 1.3086233123516042,
      "metric-dp-noise-stdv": 0.009552023016873681
    },
    "18": {
      "train_loss": 0.017552608427756966,
      "train_loss_mean": 0.02636070769715878,
      "metric-dp-distance": 1.2537944102659822,
      "metric-dp-noise-stdv": 0.009969736583327268
    },
    "19": {
      "train_loss": 0.015678042151913187,
      "train_loss_mean": 0.02275574809352663,
      "metric-dp-distance": 1.254295539110899,
      "metric-dp-noise-stdv": 0.00996575337329236
    },
    "20": {
      "train_loss": 0.03641007066831614,
      "train_loss_mean": 0.026368987659782895,
      "metric-dp-distance": 1.3095337107467155,
      "metric-dp-noise-stdv": 0.009545382373449795
    }
  },
  "client_evaluate_metrics": {
    "1": {
      "eval_loss": 0.8042274322360754,
      "eval_acc": 0.6552734375
    },
    "2": {
      "eval_loss": 0.7073950953781605,
      "eval_acc": 0.693359375
    },
    "3": {
      "eval_loss": 0.6293082293123007,
      "eval_acc": 0.7294921875
    },
    "4": {
      "eval_loss": 0.551949979737401,
      "eval_acc": 0.7763671875
    },
    "5": {
      "eval_loss": 0.4379121698439121,
      "eval_acc": 0.8291015625
    },
    "6": {
      "eval_loss": 0.4884666660800576,
      "eval_acc": 0.810546875
    },
    "7": {
      "eval_loss": 0.7274014381691813,
      "eval_acc": 0.8232421875
    },
    "8": {
      "eval_loss": 0.7700063013471663,
      "eval_acc": 0.841796875
    },
    "9": {
      "eval_loss": 0.6185943781165406,
      "eval_acc": 0.884765625
    },
    "10": {
      "eval_loss": 0.39291123882867396,
      "eval_acc": 0.93359375
    },
    "11": {
      "eval_loss": 0.275613532801799,
      "eval_acc": 0.9541015625
    },
    "12": {
      "eval_loss": 0.25663787800976934,
      "eval_acc": 0.9580078125
    },
    "13": {
      "eval_loss": 0.2606258272207924,
      "eval_acc": 0.9599609375
    },
    "14": {
      "eval_loss": 0.2936894901577034,
      "eval_acc": 0.9560546875
    },
    "15": {
      "eval_loss": 0.2630101005343022,
      "eval_acc": 0.9609375
    },
    "16": {
      "eval_loss": 0.1983222132694209,
      "eval_acc": 0.9619140625
    },
    "17": {
      "eval_loss": 0.18693155193250277,
      "eval_acc": 0.966796875
    },
    "18": {
      "eval_loss": 0.22095990419984446,
      "eval_acc": 0.9658203125
    },
    "19": {
      "eval_loss": 0.27820016059922636,
      "eval_acc": 0.96484375
    },
    "20": {
      "eval_loss": 0.29833484033702007,
      "eval_acc": 0.962890625
    }
  },
  "server_evaluate_metrics": {
    "0": {
      "loss": 0.896000811457634,
      "accuracy": 0.6296875
    },
    "1": {
      "loss": 0.8256219416856766,
      "accuracy": 0.6453125
    },
    "2": {
      "loss": 0.719022449851036,
      "accuracy": 0.68125
    },
    "3": {
      "loss": 0.653193636238575,
      "accuracy": 0.721875
    },
    "4": {
      "loss": 0.5920241668820381,
      "accuracy": 0.76875
    },
    "5": {
      "loss": 0.48751548379659654,
      "accuracy": 0.8125
    },
    "6": {
      "loss": 0.5475943967700004,
      "accuracy": 0.8171875
    },
    "7": {
      "loss": 0.8091790586709976,
      "accuracy": 0.821875
    },
    "8": {
      "loss": 0.9620975285768509,
      "accuracy": 0.846875
    },
    "9": {
      "loss": 0.8559605121612549,
      "accuracy": 0.8890625
    },
    "10": {
      "loss": 0.6696636701381067,
      "accuracy": 0.925
    },
    "11": {
      "loss": 0.5476153330935631,
      "accuracy": 0.9390625
    },
    "12": {
      "loss": 0.5280327446089359,
      "accuracy": 0.9453125
    },
    "13": {
      "loss": 0.5028776179766282,
      "accuracy": 0.9421875
    },
    "14": {
      "loss": 0.5253137180370686,
      "accuracy": 0.94375
    },
    "15": {
      "loss": 0.46907499536901015,
      "accuracy": 0.953125
    },
    "16": {
      "loss": 0.41906943533103913,
      "accuracy": 0.95625
    },
    "17": {
      "loss": 0.40907166092656555,
      "accuracy": 0.9546875
    },
    "18": {
      "loss": 0.5098134971689433,