{
  "metadata": {
    "run_name": "main__homogeneous__vanilla__fedmedian__noise-0.01__seed-43",
    "data_module": "experiments.reproduce.dataset.alzheimer:create_data_module",
    "partition_mode": "homogeneous",
    "partition_profile": "auto",
    "privacy": "vanilla",
    "aggregation": "fedmedian",
    "seed": 43,
    "num_clients": 4,
    "rounds": 20,
    "local_epochs": 5,
    "noise_multiplier": 0.01,
    "clipping_norm": 5.0,
    "initialization_pretrained": false,
    "initialization_epochs": 0,
    "initialization_final_loss": null
  },
  "train_metrics": {
    "1": {
      "train_loss": 0.964088880456984,
      "train_loss_mean": 1.024675498623401
    },
    "2": {
      "train_loss": 0.8472121777012944,
      "train_loss_mean": 0.9160953584127127
    },
    "3": {
      "train_loss": 0.6341326229739934,
      "train_loss_mean": 0.7538269719108939
    },
    "4": {
      "train_loss": 0.37695861607789993,
      "train_loss_mean": 0.5294578584376722
    },
    "5": {
      "train_loss": 0.20399268248002045,
      "train_loss_mean": 0.3222084575274494
    },
    "6": {
      "train_loss": 0.11895218284917064,
      "train_loss_mean": 0.1968474827997852
    },
    "7": {
      "train_loss": 0.06627803670562571,
      "train_loss_mean": 0.12217255439172732
    },
    "8": {
      "train_loss": 0.07506012977546561,
      "train_loss_mean": 0.0941297171525548
    },
    "9": {
      "train_loss": 0.069801664489205,
      "train_loss_mean": 0.07456914581789532
    },
    "10": {
      "train_loss": 0.042934870785757084,
      "train_loss_mean": 0.06341774468928633
    },
    "11": {
      "train_loss": 0.04185751588556741,
      "train_loss_mean": 0.05246296760628866
    },
    "12": {
      "train_loss": 0.03615725473525799,
      "train_loss_mean": 0.049163283929402724
    },
    "13": {
      "train_loss": 0.03245463742314314,
      "train_loss_mean": 0.03729753158266931
    },
    "14": {
      "train_loss": 0.06669952919946809,
      "train_loss_mean": 0.041033600763648787
    },
    "15": {
      "train_loss": 0.04084469298277327,
      "train_loss_mean": 0.03070561547806392
    },
    "16": {
      "train_loss": 0.03575999763825166,
      "train_loss_mean": 0.028651275299370126
    },
    "17": {
      "train_loss": 0.02254344769417571,
      "train_loss_mean": 0.026868672035583428
    },
    "18": {
      "train_loss": 0.035773369685507816,
      "train_loss_mean": 0.023557296700577622
    },
    "19": {
      "train_loss": 0.023195193712036932,
      "train_loss_mean": 0.018972492633689875
    },
    "20": {
      "train_loss": 0.018378454267804045,
      "train_loss_mean": 0.0245405127486424
    }
  },
  "client_evaluate_metrics": {
    "1": {
      "eval_loss": 1.0527440030127764,
      "eval_acc": 0.5185546875
    },
    "2": {
      "eval_loss": 0.8746964298188686,
      "eval_acc": 0.5703125
    },
    "3": {
      "eval_loss": 0.7194367796182632,
      "eval_acc": 0.6533203125
    },
    "4": {
      "eval_loss": 0.5469746738672256,
      "eval_acc": 0.76953125
    },
    "5": {
      "eval_loss": 0.4206558675505221,
      "eval_acc": 0.8388671875
    },
    "6": {
      "eval_loss": 0.32971578009892255,
      "eval_acc": 0.8857421875
    },
    "7": {
      "eval_loss": 0.28966988425236195,
      "eval_acc": 0.9189453125
    },
    "8": {
      "eval_loss": 0.24074855993967503,
      "eval_acc": 0.9326171875
    },
    "9": {
      "eval_loss": 0.24073315074201673,
      "eval_acc": 0.9326171875
    },
    "10": {
      "eval_loss": 0.20393135838094167,
      "eval_acc": 0.9501953125
    },
    "11": {
      "eval_loss": 0.20771789213176817,
      "eval_acc": 0.94921875
    },
    "12": {
      "eval_loss": 0.19463318481575698,
      "eval_acc": 0.9482421875
    },
    "13": {
      "eval_loss": 0.22512978641316295,
      "eval_acc": 0.9423828125
    },
    "14": {
      "eval_loss": 0.2169424998573959,
      "eval_acc": 0.9326171875
    },
    "15": {
      "eval_loss": 0.2271667275344953,
      "eval_acc": 0.94921875
    },
    "16": {
      "eval_loss": 0.20514912193175405,
      "eval_acc": 0.95703125
    },
    "17": {
      "eval_loss": 0.21112251936574467,
      "eval_acc": 0.9541015625
    },
    "18": {
      "eval_loss": 0.19880079325230327,
      "eval_acc": 0.9541015625
    },
    "19": {
      "eval_loss": 0.22733167944534216,
      "eval_acc": 0.951171875
    },
    "20": {
      "eval_loss": 0.2092869311454706,
      "eval_acc": 0.9580078125
    }
  },
  "server_evaluate_metrics": {
    "0": {
      "loss": 1.3831083536148072,
      "accuracy": 0.134375
    },
    "1": {
      "loss": 1.055002909898758,
      "accuracy": 0.5
    },
    "2": {
      "loss": 0.9047865539789199,
      "accuracy": 0.54375
    },
    "3": {
      "loss": 0.7674677610397339,
      "accuracy": 0.6546875
    },
    "4": {
      "loss": 0.6391197755932808,
      "accuracy": 0.7359375
    },
    "5": {
      "loss": 0.5250077545642853,
      "accuracy": 0.8
    },
    "6": {
      "loss": 0.44933657720685005,
      "accuracy": 0.8578125
    },
    "7": {
      "loss": 0.40034135319292546,
      "accuracy": 0.9171875
    },
    "8": {
      "loss": 0.34776523634791373,
      "accuracy": 0.9125
    },
    "9": {
      "loss": 0.405030694976449,
      "accuracy": 0.9046875
    },
    "10": {
      "loss": 0.3789670245721936,
      "accuracy": 0.9234375
    },
    "11": {
      "loss": 0.3513337679207325,
      "accuracy": 0.9265625
    },
    "12": {
      "loss": 0.36435733661055564,
      "accuracy": 0.9234375
    },
    "13": {
      "loss": 0.36623372361063955,
      "accuracy": 0.909375
    },
    "14": {
      "loss": 0.3105776995420456,
      "accuracy": 0.9171875
    },
    "15": {
      "loss": 0.35580381024628877,
      "accuracy": 0.91875
    },
    "16": {
      "loss": 0.3494659119285643,
      "accuracy": 0.9328125
    },
    "17": {
      "loss": 0.3484451134689152,
      "accuracy": 0.934375
    },
    "18": {
      "loss": 0.38512911545112727,
      "accuracy": 0.925
    },
    "19": {
      "loss": 0.39516760781407356,
      "accuracy": 0.928125
    },
    "20": {
      "loss": 0.3733043486252427,
      "accuracy": 0.9375
    }
  }
}
