{
  "metadata": {
    "run_name": "main__homogeneous__global-dp__fedprox__noise-0.01__seed-42",
    "data_module": "experiments.reproduce.dataset.alzheimer:create_data_module",
    "partition_mode": "homogeneous",
    "partition_profile": "auto",
    "privacy": "global-dp",
    "aggregation": "fedprox",
    "seed": 42,
    "num_clients": 4,
    "rounds": 20,
    "local_epochs": 5,
    "noise_multiplier": 0.01,
    "clipping_norm": 5.0,
    "initialization_pretrained": false,
    "initialization_epochs": 0,
    "initialization_final_loss": null
  },
  "train_metrics": {
    "1": {
      "train_loss": 1.1914987722411752,
      "train_loss_mean": 1.2263876310549677
    },
    "2": {
      "train_loss": 1.1265983721241355,
      "train_loss_mean": 1.1465000945143402
    },
    "3": {
      "train_loss": 1.0930860913358629,
      "train_loss_mean": 1.0994283964857459
    },
    "4": {
      "train_loss": 1.0886576194316149,
      "train_loss_mean": 1.0966476960107683
    },
    "5": {
      "train_loss": 1.0876572816632688,
      "train_loss_mean": 1.0909650871530174
    },
    "6": {
      "train_loss": 1.0833082320168614,
      "train_loss_mean": 1.0883149723522365
    },
    "7": {
      "train_loss": 1.0722880768589675,
      "train_loss_mean": 1.0771038968116042
    },
    "8": {
      "train_loss": 1.0651092515327036,
      "train_loss_mean": 1.069188481476158
    },
    "9": {
      "train_loss": 1.0549808680079877,
      "train_loss_mean": 1.0614836157299576
    },
    "10": {
      "train_loss": 1.047981282696128,
      "train_loss_mean": 1.05122503163293
    },
    "11": {
      "train_loss": 1.036292304750532,
      "train_loss_mean": 1.040354886930436
    },
    "12": {
      "train_loss": 1.036552562378347,
      "train_loss_mean": 1.037022011820227
    },
    "13": {
      "train_loss": 1.0209634122438729,
      "train_loss_mean": 1.0272619721479714
    },
    "14": {
      "train_loss": 1.0147998286411166,
      "train_loss_mean": 1.0245971866883339
    },
    "15": {
      "train_loss": 1.0123480223119259,
      "train_loss_mean": 1.0197340554557741
    },
    "16": {
      "train_loss": 1.0140921627171338,
      "train_loss_mean": 1.0186517624184488
    },
    "17": {
      "train_loss": 1.0032061547972262,
      "train_loss_mean": 1.009806965570897
    },
    "18": {
      "train_loss": 0.9970175186172128,
      "train_loss_mean": 0.9998446742072702
    },
    "19": {
      "train_loss": 0.9923766572028399,
      "train_loss_mean": 0.9927931481041015
    },
    "20": {
      "train_loss": 0.9851182186976075,
      "train_loss_mean": 0.9849975440651177
    }
  },
  "client_evaluate_metrics": {
    "1": {
      "eval_loss": 1.085436973720789,
      "eval_acc": 0.3828125
    },
    "2": {
      "eval_loss": 1.0389812607318163,
      "eval_acc": 0.5
    },
    "3": {
      "eval_loss": 1.0335952416062355,
      "eval_acc": 0.5
    },
    "4": {
      "eval_loss": 1.0373389907181263,
      "eval_acc": 0.5009765625
    },
    "5": {
      "eval_loss": 1.0336908288300037,
      "eval_acc": 0.51171875
    },
    "6": {
      "eval_loss": 1.018261669203639,
      "eval_acc": 0.5
    },
    "7": {
      "eval_loss": 1.0181681457906961,
      "eval_acc": 0.513671875
    },
    "8": {
      "eval_loss": 0.9982483070343733,
      "eval_acc": 0.5107421875
    },
    "9": {
      "eval_loss": 0.9942436497658491,
      "eval_acc": 0.5146484375
    },
    "10": {
      "eval_loss": 0.9843338578939438,
      "eval_acc": 0.5185546875
    },
    "11": {
      "eval_loss": 0.973932109773159,
      "eval_acc": 0.5107421875
    },
    "12": {
      "eval_loss": 0.9702750537544489,
      "eval_acc": 0.51953125
    },
    "13": {
      "eval_loss": 0.9646834824234247,
      "eval_acc": 0.525390625
    },
    "14": {
      "eval_loss": 0.9535711091011763,
      "eval_acc": 0.5224609375
    },
    "15": {
      "eval_loss": 0.9606835599988699,
      "eval_acc": 0.5439453125
    },
    "16": {
      "eval_loss": 0.9504579063504934,
      "eval_acc": 0.5439453125
    },
    "17": {
      "eval_loss": 0.9911165460944176,
      "eval_acc": 0.53125
    },
    "18": {
      "eval_loss": 0.9474198408424854,
      "eval_acc": 0.537109375
    },
    "19": {
      "eval_loss": 0.9590328484773636,
      "eval_acc": 0.5322265625
    },
    "20": {
      "eval_loss": 0.9669927228242159,
      "eval_acc": 0.5302734375
    }
  },
  "server_evaluate_metrics": {
    "0": {
      "loss": 1.4405660927295685,
      "accuracy": 0.0109375
    },
    "1": {
      "loss": 1.0774893015623093,
      "accuracy": 0.3859375
    },
    "2": {
      "loss": 1.0263868272304535,
      "accuracy": 0.4953125
    },
    "3": {
      "loss": 1.0209778159856797,
      "accuracy": 0.4953125
    },
    "4": {
      "loss": 1.0232160985469818,
      "accuracy": 0.4984375
    },
    "5": {
      "loss": 1.0185263991355895,
      "accuracy": 0.503125
    },
    "6": {
      "loss": 1.0029836237430572,
      "accuracy": 0.4953125
    },
    "7": {
      "loss": 0.9971147000789642,
      "accuracy": 0.5109375
    },
    "8": {
      "loss": 0.982698205113411,
      "accuracy": 0.5125
    },
    "9": {
      "loss": 0.9755242437124252,
      "accuracy": 0.515625
    },
    "10": {
      "loss": 0.970103657245636,
      "accuracy": 0.515625
    },
    "11": {
      "loss": 0.9560362935066223,
      "accuracy": 0.5109375
    },
    "12": {
      "loss": 0.9543586045503616,
      "accuracy": 0.5109375
    },
    "13": {
      "loss": 0.9491703808307648,
      "accuracy": 0.5234375
    },
    "14": {
      "loss": 0.9346428692340851,
      "accuracy": 0.525
    },
    "15": {
      "loss": 0.9446589678525925,
      "accuracy": 0.5625
    },
    "16": {
      "loss": 0.9327435493469238,
      "accuracy": 0.565625
    },
    "17": {
      "loss": 0.9734787404537201,
      "accuracy": 0.5578125
    },
    "18": {
      "loss": 0.9374024242162704,
      "accuracy": 0.5453125
    },
    "19": {
      "loss": 0.9440035939216613,
      "accuracy": 0.5453125
    },
    "20": {
      "loss": 0.9510888695716858,
      "accuracy": 0.5578125
    }
  }
}
