{
  "metadata": {
    "run_name": "main__homogeneous__global-dp__fedavgm__noise-0.01__seed-43",
    "data_module": "experiments.reproduce.dataset.alzheimer:create_data_module",
    "partition_mode": "homogeneous",
    "partition_profile": "auto",
    "privacy": "global-dp",
    "aggregation": "fedavgm",
    "seed": 43,
    "num_clients": 4,
    "rounds": 20,
    "local_epochs": 5,
    "noise_multiplier": 0.01,
    "clipping_norm": 5.0,
    "initialization_pretrained": true,
    "initialization_epochs": 20,
    "initialization_final_loss": 0.40927459225058554
  },
  "train_metrics": {
    "1": {
      "train_loss": 0.5457597621716559,
      "train_loss_mean": 0.7019188685808331
    },
    "2": {
      "train_loss": 0.5278388576116413,
      "train_loss_mean": 0.6874523256439716
    },
    "3": {
      "train_loss": 0.500545532326214,
      "train_loss_mean": 0.659403184778057
    },
    "4": {
      "train_loss": 0.4720279900357127,
      "train_loss_mean": 0.6447108005173504
    },
    "5": {
      "train_loss": 0.46129287022631615,
      "train_loss_mean": 0.6256067345151677
    },
    "6": {
      "train_loss": 0.4275111574679613,
      "train_loss_mean": 0.6028137943474576
    },
    "7": {
      "train_loss": 0.396777811110951,
      "train_loss_mean": 0.5723442486487329
    },
    "8": {
      "train_loss": 0.3828784837387502,
      "train_loss_mean": 0.5615460212808102
    },
    "9": {
      "train_loss": 0.3302100037690252,
      "train_loss_mean": 0.5169596652500331
    },
    "10": {
      "train_loss": 0.3218169817700982,
      "train_loss_mean": 0.5021082191960886
    },
    "11": {
      "train_loss": 0.2951595782651566,
      "train_loss_mean": 0.4744291039765812
    },
    "12": {
      "train_loss": 0.2701762238284573,
      "train_loss_mean": 0.4534618591656908
    },
    "13": {
      "train_loss": 0.26360057533020154,
      "train_loss_mean": 0.43455356046324595
    },
    "14": {
      "train_loss": 0.24243649950949475,
      "train_loss_mean": 0.402414893754758
    },
    "15": {
      "train_loss": 0.21726097108330578,
      "train_loss_mean": 0.3785157040925696
    },
    "16": {
      "train_loss": 0.2069193758070469,
      "train_loss_mean": 0.3601182697922922
    },
    "17": {
      "train_loss": 0.18447970447596163,
      "train_loss_mean": 0.33193471358390525
    },
    "18": {
      "train_loss": 0.1767294056189712,
      "train_loss_mean": 0.3178399562078994
    },
    "19": {
      "train_loss": 0.16942650827695616,
      "train_loss_mean": 0.3015951041074004
    },
    "20": {
      "train_loss": 0.15549796234699897,
      "train_loss_mean": 0.2805697444360703
    }
  },
  "client_evaluate_metrics": {
    "1": {
      "eval_loss": 0.9419930754229426,
      "eval_acc": 0.64453125
    },
    "2": {
      "eval_loss": 0.8958974052220583,
      "eval_acc": 0.6533203125
    },
    "3": {
      "eval_loss": 0.8535462636500597,
      "eval_acc": 0.66015625
    },
    "4": {
      "eval_loss": 0.8345741368830204,
      "eval_acc": 0.6513671875
    },
    "5": {
      "eval_loss": 0.8105787662789226,
      "eval_acc": 0.6494140625
    },
    "6": {
      "eval_loss": 0.77650947868824,
      "eval_acc": 0.6748046875
    },
    "7": {
      "eval_loss": 0.7477842289954424,
      "eval_acc": 0.6845703125
    },
    "8": {
      "eval_loss": 0.7272517010569572,
      "eval_acc": 0.6923828125
    },
    "9": {
      "eval_loss": 0.6941280290484428,
      "eval_acc": 0.7041015625
    },
    "10": {
      "eval_loss": 0.7113224053755403,
      "eval_acc": 0.697265625
    },
    "11": {
      "eval_loss": 0.6661483142524958,
      "eval_acc": 0.71875
    },
    "12": {
      "eval_loss": 0.6750432644039392,
      "eval_acc": 0.71875
    },
    "13": {
      "eval_loss": 0.6449231039732695,
      "eval_acc": 0.7265625
    },
    "14": {
      "eval_loss": 0.6354124872013927,
      "eval_acc": 0.73046875
    },
    "15": {
      "eval_loss": 0.6221254011616111,
      "eval_acc": 0.7412109375
    },
    "16": {
      "eval_loss": 0.5820248024538159,
      "eval_acc": 0.76171875
    },
    "17": {
      "eval_loss": 0.5600192481651902,
      "eval_acc": 0.7646484375
    },
    "18": {
      "eval_loss": 0.5502928933128715,
      "eval_acc": 0.767578125
    },
    "19": {
      "eval_loss": 0.5381490997970104,
      "eval_acc": 0.78515625
    },
    "20": {
      "eval_loss": 0.536952112801373,
      "eval_acc": 0.7724609375
    }
  },
  "server_evaluate_metrics": {
    "0": {
      "loss": 0.9783648610115051,
      "accuracy": 0.621875
    },
    "1": {
      "loss": 0.9692470908164978,
      "accuracy": 0.61875
    },
    "2": {
      "loss": 0.9215660035610199,
      "accuracy": 0.6390625
    },
    "3": {
      "loss": 0.8784048736095429,
      "accuracy": 0.634375
    },
    "4": {
      "loss": 0.8529785096645355,
      "accuracy": 0.6453125
    },
    "5": {
      "loss": 0.8313078790903091,
      "accuracy": 0.6390625
    },
    "6": {
      "loss": 0.8041016906499863,
      "accuracy": 0.678125
    },
    "7": {
      "loss": 0.7726415008306503,
      "accuracy": 0.6828125
    },
    "8": {
      "loss": 0.7546876549720765,
      "accuracy": 0.6828125
    },
    "9": {
      "loss": 0.7164501637220383,
      "accuracy": 0.7015625
    },
    "10": {
      "loss": 0.7250293463468551,
      "accuracy": 0.684375
    },
    "11": {
      "loss": 0.6872002005577087,
      "accuracy": 0.7
    },
    "12": {
      "loss": 0.7023410677909852,
      "accuracy": 0.7171875
    },
    "13": {
      "loss": 0.6629543423652648,
      "accuracy": 0.73125
    },
    "14": {
      "loss": 0.6499513581395149,
      "accuracy": 0.7328125
    },
    "15": {
      "loss": 0.6460039392113686,
      "accuracy": 0.7421875
    },
    "16": {
      "loss": 0.6130727902054787,
      "accuracy": 0.7515625
    },
    "17": {
      "loss": 0.5801065847277641,
      "accuracy": 0.76875
    },
    "18": {
      "loss": 0.5613414540886879,
      "accuracy": 0.7640625
    },
    "19": {
      "loss": 0.5685830682516098,
      "accuracy": 0.778125
    },
    "20": {
      "loss": 0.5576686561107635,
      "accuracy": 0.7515625
    }
  }
}
