{
  "metadata": {
    "run_name": "main__homogeneous__global-dp__fedavg__noise-0.01__seed-42",
    "data_module": "experiments.reproduce.dataset.alzheimer:create_data_module",
    "partition_mode": "homogeneous",
    "partition_profile": "auto",
    "privacy": "global-dp",
    "aggregation": "fedavg",
    "seed": 42,
    "num_clients": 4,
    "rounds": 20,
    "local_epochs": 5,
    "noise_multiplier": 0.01,
    "clipping_norm": 5.0,
    "initialization_pretrained": false,
    "initialization_epochs": 0,
    "initialization_final_loss": null
  },
  "train_metrics": {
    "1": {
      "train_loss": 0.9791009272448719,
      "train_loss_mean": 1.0371312908828259
    },
    "2": {
      "train_loss": 0.9435219960287213,
      "train_loss_mean": 0.9884147994220256
    },
    "3": {
      "train_loss": 0.872021147981286,
      "train_loss_mean": 0.9174748696386814
    },
    "4": {
      "train_loss": 0.7593550775200129,
      "train_loss_mean": 0.8455256502144038
    },
    "5": {
      "train_loss": 0.5959936357103288,
      "train_loss_mean": 0.7305940570309759
    },
    "6": {
      "train_loss": 0.46002723672427237,
      "train_loss_mean": 0.6070110181812196
    },
    "7": {
      "train_loss": 0.29879968077875674,
      "train_loss_mean": 0.4660719763720408
    },
    "8": {
      "train_loss": 0.20877301425207406,
      "train_loss_mean": 0.3573858835385181
    },
    "9": {
      "train_loss": 0.14459129495662637,
      "train_loss_mean": 0.26587261914392
    },
    "10": {
      "train_loss": 0.10082176560536027,
      "train_loss_mean": 0.1991492949513486
    },
    "11": {
      "train_loss": 0.08795606214334839,
      "train_loss_mean": 0.16317878919289797
    },
    "12": {
      "train_loss": 0.0732031399202242,
      "train_loss_mean": 0.12843967829248867
    },
    "13": {
      "train_loss": 0.06996164829979534,
      "train_loss_mean": 0.10984586065169424
    },
    "14": {
      "train_loss": 0.06429412343277363,
      "train_loss_mean": 0.09137679543928243
    },
    "15": {
      "train_loss": 0.06336400294458144,
      "train_loss_mean": 0.08963912879044073
    },
    "16": {
      "train_loss": 0.0662849198179174,
      "train_loss_mean": 0.07496087482286384
    },
    "17": {
      "train_loss": 0.06116045867565845,
      "train_loss_mean": 0.0649761678014329
    },
    "18": {
      "train_loss": 0.05226190857001711,
      "train_loss_mean": 0.06036677180795778
    },
    "19": {
      "train_loss": 0.04245421492919377,
      "train_loss_mean": 0.056357413870227906
    },
    "20": {
      "train_loss": 0.045622189345749575,
      "train_loss_mean": 0.05559901133369748
    }
  },
  "client_evaluate_metrics": {
    "1": {
      "eval_loss": 1.238098356872797,
      "eval_acc": 0.5
    },
    "2": {
      "eval_loss": 1.1350763700902462,
      "eval_acc": 0.427734375
    },
    "3": {
      "eval_loss": 1.0269161686301231,
      "eval_acc": 0.5419921875
    },
    "4": {
      "eval_loss": 0.9163574818521738,
      "eval_acc": 0.6025390625
    },
    "5": {
      "eval_loss": 0.8462384883314371,
      "eval_acc": 0.62890625
    },
    "6": {
      "eval_loss": 0.783484136685729,
      "eval_acc": 0.6279296875
    },
    "7": {
      "eval_loss": 0.6316029168665409,
      "eval_acc": 0.7236328125
    },
    "8": {
      "eval_loss": 0.5140395164489746,
      "eval_acc": 0.77734375
    },
    "9": {
      "eval_loss": 0.4587610624730587,
      "eval_acc": 0.8115234375
    },
    "10": {
      "eval_loss": 0.3595873978920281,
      "eval_acc": 0.845703125
    },
    "11": {
      "eval_loss": 0.31148366956040263,
      "eval_acc": 0.876953125
    },
    "12": {
      "eval_loss": 0.25532173295505345,
      "eval_acc": 0.8994140625
    },
    "13": {
      "eval_loss": 0.26177494041621685,
      "eval_acc": 0.921875
    },
    "14": {
      "eval_loss": 0.2369969574501738,
      "eval_acc": 0.9296875
    },
    "15": {
      "eval_loss": 0.23291508224792778,
      "eval_acc": 0.92578125
    },
    "16": {
      "eval_loss": 0.219111421960406,
      "eval_acc": 0.9345703125
    },
    "17": {
      "eval_loss": 0.20837675780057907,
      "eval_acc": 0.9443359375
    },
    "18": {
      "eval_loss": 0.1826901112217456,
      "eval_acc": 0.9482421875
    },
    "19": {
      "eval_loss": 0.18060045898891985,
      "eval_acc": 0.9462890625
    },
    "20": {
      "eval_loss": 0.17826525238342583,
      "eval_acc": 0.9462890625
    }
  },
  "server_evaluate_metrics": {
    "0": {
      "loss": 1.4405660927295685,
      "accuracy": 0.0109375
    },
    "1": {
      "loss": 1.2351626455783844,
      "accuracy": 0.4953125
    },
    "2": {
      "loss": 1.12583247423172,
      "accuracy": 0.4546875
    },
    "3": {
      "loss": 1.016981965303421,
      "accuracy": 0.5671875
    },
    "4": {
      "loss": 0.9113784849643707,
      "accuracy": 0.615625
    },
    "5": {
      "loss": 0.8468437939882278,
      "accuracy": 0.64375
    },
    "6": {
      "loss": 0.7770734250545501,
      "accuracy": 0.6765625
    },
    "7": {
      "loss": 0.6453469783067703,
      "accuracy": 0.7390625
    },
    "8": {
      "loss": 0.557770186662674,
      "accuracy": 0.7828125
    },
    "9": {
      "loss": 0.49380435049533844,
      "accuracy": 0.8234375
    },
    "10": {
      "loss": 0.44862951785326005,
      "accuracy": 0.8578125
    },
    "11": {
      "loss": 0.40074709616601467,
      "accuracy": 0.8796875
    },
    "12": {
      "loss": 0.3848735999315977,
      "accuracy": 0.9
    },
    "13": {
      "loss": 0.36518092453479767,
      "accuracy": 0.9125
    },
    "14": {
      "loss": 0.3204273510724306,
      "accuracy": 0.909375
    },
    "15": {
      "loss": 0.30581671427935364,
      "accuracy": 0.925
    },
    "16": {
      "loss": 0.3220258727669716,
      "accuracy": 0.9265625
    },
    "17": {
      "loss": 0.30820468850433824,
      "accuracy": 0.93125
    },
    "18": {
      "loss": 0.2840213231742382,
      "accuracy": 0.9390625
    },
    "19": {
      "loss": 0.2711155922152102,
      "accuracy": 0.93125
    },
    "20": {
      "loss": 0.23916386477649212,
      "accuracy": 0.940625
    }
  }
}
