{
  "metadata": {
    "run_name": "main__homogeneous__global-dp__fedyogi__noise-0.01__seed-43",
    "data_module": "experiments.reproduce.dataset.alzheimer:create_data_module",
    "partition_mode": "homogeneous",
    "partition_profile": "auto",
    "privacy": "global-dp",
    "aggregation": "fedyogi",
    "seed": 43,
    "num_clients": 4,
    "rounds": 20,
    "local_epochs": 5,
    "noise_multiplier": 0.01,
    "clipping_norm": 5.0,
    "initialization_pretrained": true,
    "initialization_epochs": 20,
    "initialization_final_loss": 0.35514790639281274
  },
  "train_metrics": {
    "1": {
      "train_loss": 0.5216813032748178,
      "train_loss_mean": 0.6914670096011832
    },
    "2": {
      "train_loss": 0.43617925175931305,
      "train_loss_mean": 0.6169605686096474
    },
    "3": {
      "train_loss": 0.32102382817538455,
      "train_loss_mean": 0.5038475102861412
    },
    "4": {
      "train_loss": 0.23343574977479875,
      "train_loss_mean": 0.39045632709749045
    },
    "5": {
      "train_loss": 0.16319701040629297,
      "train_loss_mean": 0.28886670489446264
    },
    "6": {
      "train_loss": 0.1329302431695396,
      "train_loss_mean": 0.22387613075843546
    },
    "7": {
      "train_loss": 0.10242413533705985,
      "train_loss_mean": 0.17068818883708445
    },
    "8": {
      "train_loss": 0.09354348352644593,
      "train_loss_mean": 0.14772806476685219
    },
    "9": {
      "train_loss": 0.07434783268581668,
      "train_loss_mean": 0.13419348870229442
    },
    "10": {
      "train_loss": 0.06643839670596208,
      "train_loss_mean": 0.10907255554084258
    },
    "11": {
      "train_loss": 0.06376081604662431,
      "train_loss_mean": 0.09525617066638006
    },
    "12": {
      "train_loss": 0.0646651922397723,
      "train_loss_mean": 0.08243211339056415
    },
    "13": {
      "train_loss": 0.0555781030639082,
      "train_loss_mean": 0.07826964686582868
    },
    "14": {
      "train_loss": 0.05290868743628607,
      "train_loss_mean": 0.0696587943970286
    },
    "15": {
      "train_loss": 0.05500845955116063,
      "train_loss_mean": 0.0685489812969223
    },
    "16": {
      "train_loss": 0.04141520903711182,
      "train_loss_mean": 0.05636798566138594
    },
    "17": {
      "train_loss": 0.040912612085541866,
      "train_loss_mean": 0.051001087030543596
    },
    "18": {
      "train_loss": 0.04963409207061886,
      "train_loss_mean": 0.057072567980108596
    },
    "19": {
      "train_loss": 0.031179330010004946,
      "train_loss_mean": 0.0438540342962618
    },
    "20": {
      "train_loss": 0.03292492414448134,
      "train_loss_mean": 0.04373597102152904
    }
  },
  "client_evaluate_metrics": {
    "1": {
      "eval_loss": 0.8194971866905689,
      "eval_acc": 0.666015625
    },
    "2": {
      "eval_loss": 0.7124607563018799,
      "eval_acc": 0.693359375
    },
    "3": {
      "eval_loss": 0.5957967601716518,
      "eval_acc": 0.751953125
    },
    "4": {
      "eval_loss": 0.5059219468384981,
      "eval_acc": 0.7958984375
    },
    "5": {
      "eval_loss": 0.4334067590534687,
      "eval_acc": 0.82421875
    },
    "6": {
      "eval_loss": 0.3889881828799844,
      "eval_acc": 0.845703125
    },
    "7": {
      "eval_loss": 0.4378528480883688,
      "eval_acc": 0.861328125
    },
    "8": {
      "eval_loss": 0.510388673748821,
      "eval_acc": 0.875
    },
    "9": {
      "eval_loss": 0.5681320734729525,
      "eval_acc": 0.8876953125
    },
    "10": {
      "eval_loss": 0.47654584018164314,
      "eval_acc": 0.9033203125
    },
    "11": {
      "eval_loss": 0.4110447538550943,
      "eval_acc": 0.921875
    },
    "12": {
      "eval_loss": 0.4728982952074148,
      "eval_acc": 0.92578125
    },
    "13": {
      "eval_loss": 0.4595691803842783,
      "eval_acc": 0.9267578125
    },
    "14": {
      "eval_loss": 0.36931616699439473,
      "eval_acc": 0.927734375
    },
    "15": {
      "eval_loss": 0.2550989757874049,
      "eval_acc": 0.9443359375
    },
    "16": {
      "eval_loss": 0.25347954663448036,
      "eval_acc": 0.947265625
    },
    "17": {
      "eval_loss": 0.24234918039292097,
      "eval_acc": 0.947265625
    },
    "18": {
      "eval_loss": 0.22800440940773115,
      "eval_acc": 0.94921875
    },
    "19": {
      "eval_loss": 0.24640991247724742,
      "eval_acc": 0.9580078125
    },
    "20": {
      "eval_loss": 0.2779650774609763,
      "eval_acc": 0.9560546875
    }
  },
  "server_evaluate_metrics": {
    "0": {
      "loss": 0.9961508482694625,
      "accuracy": 0.65625
    },
    "1": {
      "loss": 0.8084441840648651,
      "accuracy": 0.66875
    },
    "2": {
      "loss": 0.7051792979240418,
      "accuracy": 0.6921875
    },
    "3": {
      "loss": 0.6091586917638778,
      "accuracy": 0.734375
    },
    "4": {
      "loss": 0.538548581302166,
      "accuracy": 0.7734375
    },
    "5": {
      "loss": 0.4632999822497368,
      "accuracy": 0.8046875
    },
    "6": {
      "loss": 0.4288783065974712,
      "accuracy": 0.8453125
    },
    "7": {
      "loss": 0.5751640692353248,
      "accuracy": 0.8453125
    },
    "8": {
      "loss": 0.7900179110467433,
      "accuracy": 0.8546875
    },
    "9": {
      "loss": 0.9280727319419384,
      "accuracy": 0.8578125
    },
    "10": {
      "loss": 0.7348645380698144,
      "accuracy": 0.896875
    },
    "11": {
      "loss": 0.6440309972385876,
      "accuracy": 0.9140625
    },
    "12": {
      "loss": 0.6621836313745006,
      "accuracy": 0.9046875
    },
    "13": {
      "loss": 0.5778585598338395,
      "accuracy": 0.9046875
    },
    "14": {
      "loss": 0.5001590608619153,
      "accuracy": 0.9125
    },
    "15": {
      "loss": 0.4149982382543385,
      "accuracy": 0.921875
    },
    "16": {
      "loss": 0.3802392233163118,
      "accuracy": 0.9359375
    },
    "17": {
      "loss": 0.35285858903080225,
      "accuracy": 0.9328125
    },
    "18": {
      "loss": 0.3399929756764323,
      "accuracy": 0.925
    },
    "19": {
      "loss": 0.3488618872594088,
      "accuracy": 0.9390625
    },
    "20": {
      "loss": 0.3768413831014186,
      "accuracy": 0.946875
    }
  }
}
