{
  "metadata": {
    "run_name": "main__homogeneous__vanilla__fedopt__noise-0.01__seed-45",
    "data_module": "experiments.reproduce.dataset.alzheimer:create_data_module",
    "partition_mode": "homogeneous",
    "partition_profile": "auto",
    "privacy": "vanilla",
    "aggregation": "fedopt",
    "seed": 45,
    "num_clients": 4,
    "rounds": 20,
    "local_epochs": 5,
    "noise_multiplier": 0.01,
    "clipping_norm": 5.0,
    "initialization_pretrained": true,
    "initialization_epochs": 20,
    "initialization_final_loss": 0.3552357450127602
  },
  "train_metrics": {
    "1": {
      "train_loss": 0.4548046998679638,
      "train_loss_mean": 0.6574818186927587
    },
    "2": {
      "train_loss": 1.138716010376811,
      "train_loss_mean": 12.625166620314122
    },
    "3": {
      "train_loss": 1.0473700864240527,
      "train_loss_mean": 1.0894059483893215
    },
    "4": {
      "train_loss": 1.0384825966320932,
      "train_loss_mean": 1.0470610667951405
    },
    "5": {
      "train_loss": 1.0369146186858416,
      "train_loss_mean": 1.0536423801444472
    },
    "6": {
      "train_loss": 1.035852279048413,
      "train_loss_mean": 1.0415015351958572
    },
    "7": {
      "train_loss": 1.0358467143960297,
      "train_loss_mean": 1.0507914870977402
    },
    "8": {
      "train_loss": 1.0361107178032398,
      "train_loss_mean": 1.0411285475827752
    },
    "9": {
      "train_loss": 1.0359166502021253,
      "train_loss_mean": 1.0523955946788193
    },
    "10": {
      "train_loss": 1.0361104849725962,
      "train_loss_mean": 1.0409914030693472
    },
    "11": {
      "train_loss": 1.0359532223083079,
      "train_loss_mean": 1.0522780952975155
    },
    "12": {
      "train_loss": 1.0361838955432177,
      "train_loss_mean": 1.041486217454076
    },
    "13": {
      "train_loss": 1.0358862848952413,
      "train_loss_mean": 1.0514948992058635
    },
    "14": {
      "train_loss": 1.036084224935621,
      "train_loss_mean": 1.0412540311925114
    },
    "15": {
      "train_loss": 1.035874363500625,
      "train_loss_mean": 1.0515212691389024
    },
    "16": {
      "train_loss": 1.0360523867420852,
      "train_loss_mean": 1.0410952924750745
    },
    "17": {
      "train_loss": 1.0359216458164155,
      "train_loss_mean": 1.0534604480490088
    },
    "18": {
      "train_loss": 1.0360523872077465,
      "train_loss_mean": 1.0410952925682069
    },
    "19": {
      "train_loss": 1.0359216472133994,
      "train_loss_mean": 1.0534604461863637
    },
    "20": {
      "train_loss": 1.0360523937270045,
      "train_loss_mean": 1.0410952939651907
    }
  },
  "client_evaluate_metrics": {
    "1": {
      "eval_loss": 41.36486315727234,
      "eval_acc": 0.513671875
    },
    "2": {
      "eval_loss": 1.1939514055848122,
      "eval_acc": 0.34765625
    },
    "3": {
      "eval_loss": 1.0864103324711323,
      "eval_acc": 0.5
    },
    "4": {
      "eval_loss": 1.1439859997481108,
      "eval_acc": 0.34765625
    },
    "5": {
      "eval_loss": 1.0876984912902117,
      "eval_acc": 0.5
    },
    "6": {
      "eval_loss": 1.1346978507936,
      "eval_acc": 0.34765625
    },
    "7": {
      "eval_loss": 1.0792938638478518,
      "eval_acc": 0.5
    },
    "8": {
      "eval_loss": 1.1445405445992947,
      "eval_acc": 0.34765625
    },
    "9": {
      "eval_loss": 1.076778881251812,
      "eval_acc": 0.5
    },
    "10": {
      "eval_loss": 1.143820334225893,
      "eval_acc": 0.34765625
    },
    "11": {
      "eval_loss": 1.079860357567668,
      "eval_acc": 0.5
    },
    "12": {
      "eval_loss": 1.1391502637416124,
      "eval_acc": 0.34765625
    },
    "13": {
      "eval_loss": 1.0798642504960299,
      "eval_acc": 0.5
    },
    "14": {
      "eval_loss": 1.139516457915306,
      "eval_acc": 0.34765625
    },
    "15": {
      "eval_loss": 1.0796476807445288,
      "eval_acc": 0.5
    },
    "16": {
      "eval_loss": 1.1510996911674738,
      "eval_acc": 0.34765625
    },
    "17": {
      "eval_loss": 1.0796476807445288,
      "eval_acc": 0.5
    },
    "18": {
      "eval_loss": 1.1510996911674738,
      "eval_acc": 0.34765625
    },
    "19": {
      "eval_loss": 1.0796476807445288,
      "eval_acc": 0.5
    },
    "20": {
      "eval_loss": 1.1514056157320738,
      "eval_acc": 0.34765625
    }
  },
  "server_evaluate_metrics": {
    "0": {
      "loss": 0.9916819512844086,
      "accuracy": 0.590625
    },
    "1": {
      "loss": 41.87385520935059,
      "accuracy": 0.5078125
    },
    "2": {
      "loss": 1.1893703281879424,
      "accuracy": 0.359375
    },
    "3": {
      "loss": 1.0870864748954774,
      "accuracy": 0.4953125
    },
    "4": {
      "loss": 1.1268262177705766,
      "accuracy": 0.359375
    },
    "5": {
      "loss": 1.0879245549440384,
      "accuracy": 0.4953125
    },
    "6": {
      "loss": 1.1181094884872436,
      "accuracy": 0.359375
    },
    "7": {
      "loss": 1.0798394501209259,
      "accuracy": 0.4953125
    },
    "8": {
      "loss": 1.1274644136428833,
      "accuracy": 0.359375
    },
    "9": {
      "loss": 1.077096489071846,
      "accuracy": 0.4953125
    },
    "10": {
      "loss": 1.126763567328453,
      "accuracy": 0.359375
    },
    "11": {
      "loss": 1.0805638283491135,
      "accuracy": 0.4953125
    },
    "12": {
      "loss": 1.1222107321023942,
      "accuracy": 0.359375
    },
    "13": {
      "loss": 1.0805050998926162,
      "accuracy": 0.4953125
    },
    "14": {
      "loss": 1.1224871069192885,
      "accuracy": 0.359375
    },
    "15": {
      "loss": 1.080265972018242,
      "accuracy": 0.4953125
    },
    "16": {
      "loss": 1.1334041088819504,
      "accuracy": 0.359375
    },
    "17": {
      "loss": 1.080265972018242,
      "accuracy": 0.4953125
    },
    "18": {
      "loss": 1.1334041088819504,
      "accuracy": 0.359375
    },
    "19": {
      "loss": 1.080265972018242,
      "accuracy": 0.4953125
    },
    "20": {
      "loss": 1.1337204158306122,
      "accuracy": 0.359375
    }
  }
}
