{
  "metadata": {
    "run_name": "main__homogeneous__metric-privacy__fedavgm__noise-0.01__seed-44",
    "data_module": "experiments.reproduce.dataset.alzheimer:create_data_module",
    "partition_mode": "homogeneous",
    "partition_profile": "auto",
    "privacy": "metric-privacy",
    "aggregation": "fedavgm",
    "seed": 44,
    "num_clients": 4,
    "rounds": 20,
    "local_epochs": 5,
    "noise_multiplier": 0.01,
    "clipping_norm": 5.0,
    "initialization_pretrained": true,
    "initialization_epochs": 20,
    "initialization_final_loss": 0.4830719009041786
  },
  "train_metrics": {
    "1": {
      "train_loss": 0.48249916080385447,
      "train_loss_mean": 0.6520340258255601,
      "metric-dp-distance": 1.923432153572018,
      "metric-dp-noise-stdv": 0.0064987995426748855
    },
    "2": {
      "train_loss": 0.4782355307834223,
      "train_loss_mean": 0.6495939537184312,
      "metric-dp-distance": 1.9859223011105012,
      "metric-dp-noise-stdv": 0.006294304662881407
    },
    "3": {
      "train_loss": 0.4579997453838587,
      "train_loss_mean": 0.6336490998044609,
      "metric-dp-distance": 1.9300247582917411,
      "metric-dp-noise-stdv": 0.006476600855143283
    },
    "4": {
      "train_loss": 0.4231621405342594,
      "train_loss_mean": 0.6055062152445316,
      "metric-dp-distance": 1.9642542149716367,
      "metric-dp-noise-stdv": 0.006363738412637439
    },
    "5": {
      "train_loss": 0.41669692762661725,
      "train_loss_mean": 0.5895448708208277,
      "metric-dp-distance": 2.0100835718524954,
      "metric-dp-noise-stdv": 0.006218646913511155
    },
    "6": {
      "train_loss": 0.3879161907825619,
      "train_loss_mean": 0.5727023150539026,
      "metric-dp-distance": 1.9778240317633997,
      "metric-dp-noise-stdv": 0.006320076912431475
    },
    "7": {
      "train_loss": 0.35448452923446894,
      "train_loss_mean": 0.5521832335740328,
      "metric-dp-distance": 1.9610725338570774,
      "metric-dp-noise-stdv": 0.006374063062019815
    },
    "8": {
      "train_loss": 0.34286322072148323,
      "train_loss_mean": 0.5369963984237984,
      "metric-dp-distance": 1.9662889254589875,
      "metric-dp-noise-stdv": 0.006357153233257491
    },
    "9": {
      "train_loss": 0.327424242394045,
      "train_loss_mean": 0.519456564146094,
      "metric-dp-distance": 1.962337601503047,
      "metric-dp-noise-stdv": 0.006369953870539739
    },
    "10": {
      "train_loss": 0.2940966268652119,
      "train_loss_mean": 0.49202407469274473,
      "metric-dp-distance": 1.9779102690517902,
      "metric-dp-noise-stdv": 0.006319801355797853
    },
    "11": {
      "train_loss": 0.2764188725268468,
      "train_loss_mean": 0.4728424000553787,
      "metric-dp-distance": 1.9575676252134144,
      "metric-dp-noise-stdv": 0.006385475443606832
    },
    "12": {
      "train_loss": 0.2790524422307499,
      "train_loss_mean": 0.46109054462285715,
      "metric-dp-distance": 1.9338099292557065,
      "metric-dp-noise-stdv": 0.006463923786352186
    },
    "13": {
      "train_loss": 0.2525446166982874,
      "train_loss_mean": 0.44710638370597733,
      "metric-dp-distance": 1.8929452635347843,
      "metric-dp-noise-stdv": 0.006603466165026966
    },
    "14": {
      "train_loss": 0.24172801041277125,
      "train_loss_mean": 0.4225494873709977,
      "metric-dp-distance": 1.9227298019298662,
      "metric-dp-noise-stdv": 0.006501173481293942
    },
    "15": {
      "train_loss": 0.23352196149062365,
      "train_loss_mean": 0.40204707140801477,
      "metric-dp-distance": 1.9300246878216665,
      "metric-dp-noise-stdv": 0.006476601091620335
    },
    "16": {
      "train_loss": 0.21386637404793873,
      "train_loss_mean": 0.39358028023270886,
      "metric-dp-distance": 1.8407997904190172,
      "metric-dp-noise-stdv": 0.0067905266314457
    },
    "17": {
      "train_loss": 0.21876293668174185,
      "train_loss_mean": 0.3829492311517242,
      "metric-dp-distance": 1.8504361615050584,
      "metric-dp-noise-stdv": 0.006755164139157919
    },
    "18": {
      "train_loss": 0.1768420817970764,
      "train_loss_mean": 0.3468993060931098,
      "metric-dp-distance": 1.84432971648251,
      "metric-dp-noise-stdv": 0.006777530009026744
    },
    "19": {
      "train_loss": 0.17578053564648144,
      "train_loss_mean": 0.3412965309282299,
      "metric-dp-distance": 1.823812863129812,
      "metric-dp-noise-stdv": 0.006853773351805941
    },
    "20": {
      "train_loss": 0.17438624193891883,
      "train_loss_mean": 0.31873122032848183,
      "metric-dp-distance": 1.8160108105124284,
      "metric-dp-noise-stdv": 0.006883218936605803
    }
  },
  "client_evaluate_metrics": {
    "1": {
      "eval_loss": 0.9795299675315619,
      "eval_acc": 0.59375
    },
    "2": {
      "eval_loss": 0.9161181002855301,
      "eval_acc": 0.611328125
    },
    "3": {
      "eval_loss": 0.8265136759728193,
      "eval_acc": 0.630859375
    },
    "4": {
      "eval_loss": 0.8473561564460397,
      "eval_acc": 0.6259765625
    },
    "5": {
      "eval_loss": 0.8243596842512488,
      "eval_acc": 0.6279296875
    },
    "6": {
      "eval_loss": 0.7973038861528039,
      "eval_acc": 0.63671875
    },
    "7": {
      "eval_loss": 0.7746294727548957,
      "eval_acc": 0.65625
    },
    "8": {
      "eval_loss": 0.7505275933071971,
      "eval_acc": 0.666015625
    },
    "9": {
      "eval_loss": 0.7430731616914272,
      "eval_acc": 0.65625
    },
    "10": {
      "eval_loss": 0.7251481581479311,
      "eval_acc": 0.6806640625
    },
    "11": {
      "eval_loss": 0.7127034217119217,
      "eval_acc": 0.6943359375
    },
    "12": {
      "eval_loss": 0.6855876920744777,
      "eval_acc": 0.705078125
    },
    "13": {
      "eval_loss": 0.6732576433569193,
      "eval_acc": 0.7119140625
    },
    "14": {
      "eval_loss": 0.6791869383305311,
      "eval_acc": 0.7099609375
    },
    "15": {
      "eval_loss": 0.6486376812681556,
      "eval_acc": 0.7275390625
    },
    "16": {
      "eval_loss": 0.6275464780628681,
      "eval_acc": 0.7333984375
    },
    "17": {
      "eval_loss": 0.6155759943649173,
      "eval_acc": 0.740234375
    },
    "18": {
      "eval_loss": 0.6065283911302686,
      "eval_acc": 0.7431640625
    },
    "19": {
      "eval_loss": 0.6105016535148025,
      "eval_acc": 0.755859375
    },
    "20": {
      "eval_loss": 0.5745617244392633,
      "eval_acc": 0.7568359375
    }
  },
  "server_evaluate_metrics": {
    "0": {
      "loss": 0.9028963267803192,
      "accuracy": 0.621875
    },
    "1": {
      "loss": 0.9423862010240555,
      "accuracy": 0.5984375
    },
    "2": {
      "loss": 0.8894961297512054,
      "accuracy": 0.6421875
    },
    "3": {
      "loss": 0.8173521518707275,
      "accuracy": 0.6515625
    },
    "4": {
      "loss": 0.8291000962257385,
      "accuracy": 0.6515625
    },
    "5": {
      "loss": 0.8023113220930099,
      "accuracy": 0.6734375
    },
    "6": {
      "loss": 0.7811953216791153,
      "accuracy": 0.665625
    },
    "7": {
      "loss": 0.7614212051033974,
      "accuracy": 0.675
    },
    "8": {
      "loss": 0.7421290740370751,
      "accuracy": 0.675
    },
    "9": {
      "loss": 0.7213352233171463,
      "accuracy": 0.6828125
    },
    "10": {
      "loss": 0.7070345252752304,
      "accuracy": 0.6953125
    },
    "11": {
      "loss": 0.6967381998896599,
      "accuracy": 0.7
    },
    "12": {
      "loss": 0.6821301892399788,
      "accuracy": 0.709375
    },
    "13": {
      "loss": 0.6680211573839188,
      "accuracy": 0.709375
    },
    "14": {
      "loss": 0.6584624424576759,
      "accuracy": 0.728125
    },
    "15": {
      "loss": 0.6432869538664818,
      "accuracy": 0.725
    },
    "16": {
      "loss": 0.6318640828132629,
      "accuracy": 0.734375
    },
    "17": {
      "loss": 0.6106072142720222,
      "accuracy": 0.746875
    },
    "18": {
      "loss": 0.5998267531394958,
      "accuracy": 0.7578125
    },