{
  "metadata": {
    "run_name": "main__homogeneous__metric-privacy__fedavgm__noise-0.01__seed-43",
    "data_module": "experiments.reproduce.dataset.alzheimer:create_data_module",
    "partition_mode": "homogeneous",
    "partition_profile": "auto",
    "privacy": "metric-privacy",
    "aggregation": "fedavgm",
    "seed": 43,
    "num_clients": 4,
    "rounds": 20,
    "local_epochs": 5,
    "noise_multiplier": 0.01,
    "clipping_norm": 5.0,
    "initialization_pretrained": true,
    "initialization_epochs": 20,
    "initialization_final_loss": 0.2886869363486767
  },
  "train_metrics": {
    "1": {
      "train_loss": 0.47181336872745305,
      "train_loss_mean": 0.6584958343533799,
      "metric-dp-distance": 1.4954087485481675,
      "metric-dp-noise-stdv": 0.008358918598099516
    },
    "2": {
      "train_loss": 0.4484437432838604,
      "train_loss_mean": 0.6452582036377863,
      "metric-dp-distance": 1.5540312600011628,
      "metric-dp-noise-stdv": 0.00804359624013654
    },
    "3": {
      "train_loss": 0.4303206994663924,
      "train_loss_mean": 0.6282580299768598,
      "metric-dp-distance": 1.501169112122928,
      "metric-dp-noise-stdv": 0.008326843324349187
    },
    "4": {
      "train_loss": 0.4073775139404461,
      "train_loss_mean": 0.6089081397745759,
      "metric-dp-distance": 1.497598987693588,
      "metric-dp-noise-stdv": 0.008346693676156201
    },
    "5": {
      "train_loss": 0.3746990361250937,
      "train_loss_mean": 0.5778651295928284,
      "metric-dp-distance": 1.4748981889958184,
      "metric-dp-noise-stdv": 0.008475161264189091
    },
    "6": {
      "train_loss": 0.33999767614295706,
      "train_loss_mean": 0.5508679897640831,
      "metric-dp-distance": 1.455987791530788,
      "metric-dp-noise-stdv": 0.00858523682184026
    },
    "7": {
      "train_loss": 0.3193709597690031,
      "train_loss_mean": 0.5334069294156507,
      "metric-dp-distance": 1.441705295117572,
      "metric-dp-noise-stdv": 0.008670287916907885
    },
    "8": {
      "train_loss": 0.29942764283623546,
      "train_loss_mean": 0.5082749515771866,
      "metric-dp-distance": 1.3743801882956177,
      "metric-dp-noise-stdv": 0.009095008867598254
    },
    "9": {
      "train_loss": 0.27637953485827893,
      "train_loss_mean": 0.4853310224600136,
      "metric-dp-distance": 1.3374385444136958,
      "metric-dp-noise-stdv": 0.00934622383376855
    },
    "10": {
      "train_loss": 0.25558869837550446,
      "train_loss_mean": 0.46067228631582113,
      "metric-dp-distance": 1.319136502686888,
      "metric-dp-noise-stdv": 0.009475895765555218
    },
    "11": {
      "train_loss": 0.22727927094092593,
      "train_loss_mean": 0.4306627285666764,
      "metric-dp-distance": 1.3533505332112934,
      "metric-dp-noise-stdv": 0.00923633581489004
    },
    "12": {
      "train_loss": 0.22787613369291648,
      "train_loss_mean": 0.4097720371675677,
      "metric-dp-distance": 1.2830806638424594,
      "metric-dp-noise-stdv": 0.009742177832035967
    },
    "13": {
      "train_loss": 0.20612012458150275,
      "train_loss_mean": 0.39087017580750394,
      "metric-dp-distance": 1.2664568295391898,
      "metric-dp-noise-stdv": 0.009870056134916358
    },
    "14": {
      "train_loss": 0.18735693304915912,
      "train_loss_mean": 0.3604079518991057,
      "metric-dp-distance": 1.248171363491565,
      "metric-dp-noise-stdv": 0.010014650524454587
    },
    "15": {
      "train_loss": 0.17618178308475763,
      "train_loss_mean": 0.3417986794142052,
      "metric-dp-distance": 1.2145741709585611,
      "metric-dp-noise-stdv": 0.010291672833891076
    },
    "16": {
      "train_loss": 0.15949201973853633,
      "train_loss_mean": 0.323037824628409,
      "metric-dp-distance": 1.2242652312852442,
      "metric-dp-noise-stdv": 0.010210205828419543
    },
    "17": {
      "train_loss": 0.1591137373325182,
      "train_loss_mean": 0.3130809960624902,
      "metric-dp-distance": 1.2255529714748263,
      "metric-dp-noise-stdv": 0.010199477534583872
    },
    "18": {
      "train_loss": 0.13969908194849268,
      "train_loss_mean": 0.2842673897976056,
      "metric-dp-distance": 1.1771663252729923,
      "metric-dp-noise-stdv": 0.010618720338522403
    },
    "19": {
      "train_loss": 0.135978684440488,
      "train_loss_mean": 0.2722596513282042,
      "metric-dp-distance": 1.1937016547502328,
      "metric-dp-noise-stdv": 0.010471628275170206
    },
    "20": {
      "train_loss": 0.13270661907154135,
      "train_loss_mean": 0.26172187362390104,
      "metric-dp-distance": 1.1194762757513672,
      "metric-dp-noise-stdv": 0.011165935599314315
    }
  },
  "client_evaluate_metrics": {
    "1": {
      "eval_loss": 0.9347073175013065,
      "eval_acc": 0.6474609375
    },
    "2": {
      "eval_loss": 0.9341248571872711,
      "eval_acc": 0.658203125
    },
    "3": {
      "eval_loss": 0.9038043180480599,
      "eval_acc": 0.662109375
    },
    "4": {
      "eval_loss": 0.8442366058006883,
      "eval_acc": 0.66796875
    },
    "5": {
      "eval_loss": 0.80172676499933,
      "eval_acc": 0.6669921875
    },
    "6": {
      "eval_loss": 0.7936835968866944,
      "eval_acc": 0.6845703125
    },
    "7": {
      "eval_loss": 0.7718523452058434,
      "eval_acc": 0.6953125
    },
    "8": {
      "eval_loss": 0.7307671336457133,
      "eval_acc": 0.697265625
    },
    "9": {
      "eval_loss": 0.715750839561224,
      "eval_acc": 0.7119140625
    },
    "10": {
      "eval_loss": 0.6721387701109052,
      "eval_acc": 0.72265625
    },
    "11": {
      "eval_loss": 0.6490486664697528,
      "eval_acc": 0.7353515625
    },
    "12": {
      "eval_loss": 0.6258497992530465,
      "eval_acc": 0.7392578125
    },
    "13": {
      "eval_loss": 0.6114406520500779,
      "eval_acc": 0.7529296875
    },
    "14": {
      "eval_loss": 0.5914083393290639,
      "eval_acc": 0.7568359375
    },
    "15": {
      "eval_loss": 0.5858998820185661,
      "eval_acc": 0.75
    },
    "16": {
      "eval_loss": 0.5588445151224732,
      "eval_acc": 0.765625
    },
    "17": {
      "eval_loss": 0.5206948667764664,
      "eval_acc": 0.7802734375
    },
    "18": {
      "eval_loss": 0.48955872282385826,
      "eval_acc": 0.796875
    },
    "19": {
      "eval_loss": 0.4943824876099825,
      "eval_acc": 0.7978515625
    },
    "20": {
      "eval_loss": 0.4728691717609763,
      "eval_acc": 0.791015625
    }
  },
  "server_evaluate_metrics": {
    "0": {
      "loss": 1.0119606524705886,
      "accuracy": 0.6453125
    },
    "1": {
      "loss": 0.9604189455509186,
      "accuracy": 0.6546875
    },
    "2": {
      "loss": 0.9661700606346131,
      "accuracy": 0.659375
    },
    "3": {
      "loss": 0.9259935528039932,
      "accuracy": 0.653125
    },
    "4": {
      "loss": 0.8721770852804184,
      "accuracy": 0.6625
    },
    "5": {
      "loss": 0.8149360090494155,
      "accuracy": 0.6671875
    },
    "6": {
      "loss": 0.8260269850492478,
      "accuracy": 0.66875
    },
    "7": {
      "loss": 0.7951686918735504,
      "accuracy": 0.6796875
    },
    "8": {
      "loss": 0.7585432946681976,
      "accuracy": 0.6921875
    },
    "9": {
      "loss": 0.7511759534478187,
      "accuracy": 0.7
    },
    "10": {
      "loss": 0.6867738902568817,
      "accuracy": 0.709375
    },
    "11": {
      "loss": 0.6751432821154595,
      "accuracy": 0.721875
    },
    "12": {
      "loss": 0.6646157562732696,
      "accuracy": 0.71875
    },
    "13": {
      "loss": 0.6368570491671562,
      "accuracy": 0.7375
    },
    "14": {
      "loss": 0.6129950761795044,
      "accuracy": 0.7421875
    },
    "15": {
      "loss": 0.6246607646346092,
      "accuracy": 0.7515625
    },
    "16": {
      "loss": 0.6089354917407036,
      "accuracy": 0.7390625
    },
    "17": {
      "loss": 0.5471794202923774,
      "accuracy": 0.775
    },
    "18": {
      "loss": 0.5133197590708732,
      "accuracy": 0.784375
    },