{
  "metadata": {
    "run_name": "main__homogeneous__global-dp__fedopt__noise-0.01__seed-43",
    "data_module": "experiments.reproduce.dataset.alzheimer:create_data_module",
    "partition_mode": "homogeneous",
    "partition_profile": "auto",
    "privacy": "global-dp",
    "aggregation": "fedopt",
    "seed": 43,
    "num_clients": 4,
    "rounds": 20,
    "local_epochs": 5,
    "noise_multiplier": 0.01,
    "clipping_norm": 5.0,
    "initialization_pretrained": true,
    "initialization_epochs": 20,
    "initialization_final_loss": 0.3233024440705776
  },
  "train_metrics": {
    "1": {
      "train_loss": 0.5147337212692946,
      "train_loss_mean": 0.6882678361143917
    },
    "2": {
      "train_loss": 0.9435100150294602,
      "train_loss_mean": 3.136780762206763
    },
    "3": {
      "train_loss": 43.922143118456006,
      "train_loss_mean": 51.18617640975862
    },
    "4": {
      "train_loss": 24.242794564459473,
      "train_loss_mean": 41.92638492491096
    },
    "5": {
      "train_loss": 1.0343668526038527,
      "train_loss_mean": 1.04370684241876
    },
    "6": {
      "train_loss": 1.034208619967103,
      "train_loss_mean": 1.0396647579967975
    },
    "7": {
      "train_loss": 1.0345441922545433,
      "train_loss_mean": 1.0418474693782627
    },
    "8": {
      "train_loss": 1.034916462842375,
      "train_loss_mean": 1.1776380612514914
    },
    "9": {
      "train_loss": 1.0355613259598613,
      "train_loss_mean": 1.1490691931918264
    },
    "10": {
      "train_loss": 1.0342639829032123,
      "train_loss_mean": 1.1158439444378019
    },
    "11": {
      "train_loss": 1.0354562532156706,
      "train_loss_mean": 1.0648753530345858
    },
    "12": {
      "train_loss": 1.0340740601532161,
      "train_loss_mean": 1.0352818910963835
    },
    "13": {
      "train_loss": 1.0349301304668188,
      "train_loss_mean": 1.0550443143583834
    },
    "14": {
      "train_loss": 1.0343074407428503,
      "train_loss_mean": 1.0373139503411948
    },
    "15": {
      "train_loss": 1.0346806054003537,
      "train_loss_mean": 1.0582980000413953
    },
    "16": {
      "train_loss": 1.0343083613552153,
      "train_loss_mean": 1.0357196439057588
    },
    "17": {
      "train_loss": 1.0350874066352844,
      "train_loss_mean": 1.0669173655100166
    },
    "18": {
      "train_loss": 1.0343212699517608,
      "train_loss_mean": 1.040623966883868
    },
    "19": {
      "train_loss": 1.0360784153454006,
      "train_loss_mean": 1.5599760045297444
    },
    "20": {
      "train_loss": 1.0343342600390315,
      "train_loss_mean": 1.0354291290976108
    }
  },
  "client_evaluate_metrics": {
    "1": {
      "eval_loss": 43.45043504238129,
      "eval_acc": 0.5
    },
    "2": {
      "eval_loss": 75.05074858665466,
      "eval_acc": 0.140625
    },
    "3": {
      "eval_loss": 56.973451018333435,
      "eval_acc": 0.34765625
    },
    "4": {
      "eval_loss": 1.093087773770094,
      "eval_acc": 0.5
    },
    "5": {
      "eval_loss": 1.0744920894503593,
      "eval_acc": 0.34765625
    },
    "6": {
      "eval_loss": 1.0828941501677036,
      "eval_acc": 0.5
    },
    "7": {
      "eval_loss": 22.49312436580658,
      "eval_acc": 0.345703125
    },
    "8": {
      "eval_loss": 16.075754076242447,
      "eval_acc": 0.34765625
    },
    "9": {
      "eval_loss": 8.654396615922451,
      "eval_acc": 0.5
    },
    "10": {
      "eval_loss": 1.1750006079673767,
      "eval_acc": 0.34765625
    },
    "11": {
      "eval_loss": 1.0494631491601467,
      "eval_acc": 0.5
    },
    "12": {
      "eval_loss": 1.1321596018970013,
      "eval_acc": 0.34765625
    },
    "13": {
      "eval_loss": 1.1222645957022905,
      "eval_acc": 0.5
    },
    "14": {
      "eval_loss": 1.1481618471443653,
      "eval_acc": 0.34765625
    },
    "15": {
      "eval_loss": 1.0521442275494337,
      "eval_acc": 0.5
    },
    "16": {
      "eval_loss": 1.1831801682710648,
      "eval_acc": 0.34765625
    },
    "17": {
      "eval_loss": 1.4014016725122929,
      "eval_acc": 0.5
    },
    "18": {
      "eval_loss": 74.97799682617188,
      "eval_acc": 0.140625
    },
    "19": {
      "eval_loss": 1.049926970154047,
      "eval_acc": 0.5
    },
    "20": {
      "eval_loss": 1.1697641126811504,
      "eval_acc": 0.34765625
    }
  },
  "server_evaluate_metrics": {
    "0": {
      "loss": 1.0037849813699722,
      "accuracy": 0.653125
    },
    "1": {
      "loss": 43.923539543151854,
      "accuracy": 0.4953125
    },
    "2": {
      "loss": 75.60069923400879,
      "accuracy": 0.134375
    },
    "3": {
      "loss": 55.9499755859375,
      "accuracy": 0.359375
    },
    "4": {
      "loss": 1.0943663567304611,
      "accuracy": 0.4953125
    },
    "5": {
      "loss": 1.0619517415761948,
      "accuracy": 0.359375
    },
    "6": {
      "loss": 1.0829038321971893,
      "accuracy": 0.4953125
    },
    "7": {
      "loss": 21.172373294830322,
      "accuracy": 0.3625
    },
    "8": {
      "loss": 15.437175464630126,
      "accuracy": 0.359375
    },
    "9": {
      "loss": 7.851151460409165,
      "accuracy": 0.4953125
    },
    "10": {
      "loss": 1.1610113978385925,
      "accuracy": 0.359375
    },
    "11": {
      "loss": 1.0432813555002212,
      "accuracy": 0.4953125
    },
    "12": {
      "loss": 1.121046108007431,
      "accuracy": 0.359375
    },
    "13": {
      "loss": 1.1141820520162582,
      "accuracy": 0.5
    },
    "14": {
      "loss": 1.136730319261551,
      "accuracy": 0.359375
    },
    "15": {
      "loss": 1.0474914222955705,
      "accuracy": 0.4953125
    },
    "16": {
      "loss": 1.1709168612957002,
      "accuracy": 0.359375
    },
    "17": {
      "loss": 1.2195720702409745,
      "accuracy": 0.4953125
    },
    "18": {
      "loss": 75.56992950439454,
      "accuracy": 0.134375
    },
    "19": {
      "loss": 1.0445063352584838,
      "accuracy": 0.4953125
    },
    "20": {
      "loss": 1.1579181611537934,
      "accuracy": 0.359375
    }
  }
}
