{
  "metadata": {
    "run_name": "clients-4__main__homogeneous__global-dp__fedyogi__noise-0.01__seed-42",
    "data_module": "experiments.reproduce.dataset.alzheimer:create_data_module",
    "partition_mode": "homogeneous",
    "partition_profile": "auto",
    "privacy": "global-dp",
    "aggregation": "fedyogi",
    "seed": 42,
    "num_clients": 4,
    "rounds": 20,
    "local_epochs": 5,
    "batch_size": 32,
    "initialization_batch_size": 32,
    "max_client_samples": 0,
    "max_test_samples": 0,
    "client_weights": "",
    "noise_multiplier": 0.01,
    "clipping_norm": 5.0,
    "initialization_pretrained": true,
    "initialization_epochs": 20,
    "initialization_final_loss": 0.703947776556015
  },
  "train_metrics": {
    "1": {
      "train_loss": 0.6793460957705975,
      "train_loss_mean": 0.7610907977912574
    },
    "2": {
      "train_loss": 0.5985266757197678,
      "train_loss_mean": 0.7148068617098033
    },
    "3": {
      "train_loss": 0.4755338503746316,
      "train_loss_mean": 0.6192839578026905
    },
    "4": {
      "train_loss": 0.32912872172892094,
      "train_loss_mean": 0.4868583530886099
    },
    "5": {
      "train_loss": 0.23143986141076311,
      "train_loss_mean": 0.3612356835044921
    },
    "6": {
      "train_loss": 0.16985297833161894,
      "train_loss_mean": 0.2736335524212336
    },
    "7": {
      "train_loss": 0.1362954510259442,
      "train_loss_mean": 0.21768026482022834
    },
    "8": {
      "train_loss": 0.0942180432684836,
      "train_loss_mean": 0.17171026930736843
    },
    "9": {
      "train_loss": 0.08749475923286809,
      "train_loss_mean": 0.14015614363452186
    },
    "10": {
      "train_loss": 0.06728171724171261,
      "train_loss_mean": 0.1125957936820214
    },
    "11": {
      "train_loss": 0.06316413346121408,
      "train_loss_mean": 0.09707481889513474
    },
    "12": {
      "train_loss": 0.05560105864481102,
      "train_loss_mean": 0.08389109633737347
    },
    "13": {
      "train_loss": 0.062343829904648373,
      "train_loss_mean": 0.07850533479986978
    },
    "14": {
      "train_loss": 0.05775943460355393,
      "train_loss_mean": 0.06416513351531847
    },
    "15": {
      "train_loss": 0.05906004658271513,
      "train_loss_mean": 0.05609130436681102
    },
    "16": {
      "train_loss": 0.058355732245104264,
      "train_loss_mean": 0.052494290009308386
    },
    "17": {
      "train_loss": 0.052949005052163045,
      "train_loss_mean": 0.047797633501628446
    },
    "18": {
      "train_loss": 0.06929567515076274,
      "train_loss_mean": 0.047018125122901815
    },
    "19": {
      "train_loss": 0.04626900294963576,
      "train_loss_mean": 0.04088544711349667
    },
    "20": {
      "train_loss": 0.0803335430965797,
      "train_loss_mean": 0.04310118593007979
    }
  },
  "client_evaluate_metrics": {
    "1": {
      "eval_loss": 0.81285635009408,
      "eval_acc": 0.63671875
    },
    "2": {
      "eval_loss": 0.761173140257597,
      "eval_acc": 0.66015625
    },
    "3": {
      "eval_loss": 0.6946694627404213,
      "eval_acc": 0.7001953125
    },
    "4": {
      "eval_loss": 0.6039897361770272,
      "eval_acc": 0.7451171875
    },
    "5": {
      "eval_loss": 0.5155116561800241,
      "eval_acc": 0.7822265625
    },
    "6": {
      "eval_loss": 0.6382714966312051,
      "eval_acc": 0.7412109375
    },
    "7": {
      "eval_loss": 0.720173760317266,
      "eval_acc": 0.7490234375
    },
    "8": {
      "eval_loss": 0.8064682949334383,
      "eval_acc": 0.78125
    },
    "9": {
      "eval_loss": 0.585202933754772,
      "eval_acc": 0.8486328125
    },
    "10": {
      "eval_loss": 0.35069127994938754,
      "eval_acc": 0.9130859375
    },
    "11": {
      "eval_loss": 0.600541063817218,
      "eval_acc": 0.8935546875
    },
    "12": {
      "eval_loss": 0.534427824022714,
      "eval_acc": 0.9052734375
    },
    "13": {
      "eval_loss": 0.37239766718266765,
      "eval_acc": 0.9189453125
    },
    "14": {
      "eval_loss": 0.2177791991562117,
      "eval_acc": 0.9482421875
    },
    "15": {
      "eval_loss": 0.21033795981202275,
      "eval_acc": 0.94921875
    },
    "16": {
      "eval_loss": 0.1691835498495493,
      "eval_acc": 0.9619140625
    },
    "17": {
      "eval_loss": 0.1709855473600328,
      "eval_acc": 0.9638671875
    },
    "18": {
      "eval_loss": 0.14560532974428497,
      "eval_acc": 0.9677734375
    },
    "19": {
      "eval_loss": 0.17092718903222703,
      "eval_acc": 0.9716796875
    },
    "20": {
      "eval_loss": 0.21312521625986847,
      "eval_acc": 0.9599609375
    }
  },
  "server_evaluate_metrics": {
    "0": {
      "loss": 0.895165866613388,
      "accuracy": 0.5984375
    },
    "1": {
      "loss": 0.8295085787773132,
      "accuracy": 0.6140625
    },
    "2": {
      "loss": 0.7683283567428589,
      "accuracy": 0.65625
    },
    "3": {
      "loss": 0.7043805241584777,
      "accuracy": 0.703125
    },
    "4": {
      "loss": 0.6396539717912674,
      "accuracy": 0.7328125
    },
    "5": {
      "loss": 0.5685337364673615,
      "accuracy": 0.7625
    },
    "6": {
      "loss": 0.6648757517337799,
      "accuracy": 0.73125
    },
    "7": {
      "loss": 0.7322979882359505,
      "accuracy": 0.7625
    },
    "8": {
      "loss": 0.8328697726130485,
      "accuracy": 0.7796875
    },
    "9": {
      "loss": 0.6655143640935421,
      "accuracy": 0.853125
    },
    "10": {
      "loss": 0.6340307286940515,
      "accuracy": 0.9140625
    },
    "11": {
      "loss": 0.9266981810331345,
      "accuracy": 0.9109375
    },
    "12": {
      "loss": 0.9026491696015,
      "accuracy": 0.90625
    },
    "13": {
      "loss": 0.7725685983896255,
      "accuracy": 0.9140625
    },
    "14": {
      "loss": 0.5581362819066271,
      "accuracy": 0.9296875
    },
    "15": {
      "loss": 0.4558073153719306,
      "accuracy": 0.9265625
    },
    "16": {
      "loss": 0.35670204234775155,
      "accuracy": 0.94375
    },
    "17": {
      "loss": 0.28177489237859843,
      "accuracy": 0.9421875
    },
    "18": {
      "loss": 0.35237462259829044,
      "accuracy": 0.9421875
    },
    "19": {
      "loss": 0.43017303005908614,
      "accuracy": 0.946875
    },
    "20": {
      "loss": 0.4657608544570394,
      "accuracy": 0.95
    }
  }
}
