{
  "metadata": {
    "run_name": "clients-4__main__homogeneous__metric-privacy__fedyogi__noise-0.01__seed-43",
    "data_module": "experiments.reproduce.dataset.alzheimer:create_data_module",
    "partition_mode": "homogeneous",
    "partition_profile": "auto",
    "privacy": "metric-privacy",
    "aggregation": "fedyogi",
    "seed": 43,
    "num_clients": 4,
    "rounds": 20,
    "local_epochs": 5,
    "batch_size": 32,
    "initialization_batch_size": 32,
    "max_client_samples": 0,
    "max_test_samples": 0,
    "client_weights": "",
    "noise_multiplier": 0.01,
    "clipping_norm": 5.0,
    "initialization_pretrained": true,
    "initialization_epochs": 20,
    "initialization_final_loss": 0.3020200692117214
  },
  "train_metrics": {
    "1": {
      "train_loss": 0.5337580109480768,
      "train_loss_mean": 0.7030228856950997,
      "metric-dp-distance": 1.5047485268830012,
      "metric-dp-noise-stdv": 0.00830703587787723
    },
    "2": {
      "train_loss": 0.43211766658350825,
      "train_loss_mean": 0.613867799937725,
      "metric-dp-distance": 1.549195756999931,
      "metric-dp-noise-stdv": 0.008068702708175928
    },
    "3": {
      "train_loss": 0.314224420231767,
      "train_loss_mean": 0.49537590579129753,
      "metric-dp-distance": 1.5209481488370027,
      "metric-dp-noise-stdv": 0.008218557621151097
    },
    "4": {
      "train_loss": 0.20812319871038198,
      "train_loss_mean": 0.37928960646968335,
      "metric-dp-distance": 1.4479228545290728,
      "metric-dp-noise-stdv": 0.008633056630676322
    },
    "5": {
      "train_loss": 0.16222616158484016,
      "train_loss_mean": 0.27796456221549304,
      "metric-dp-distance": 1.3291681254825864,
      "metric-dp-noise-stdv": 0.00940437839303555
    },
    "6": {
      "train_loss": 0.12159180756134447,
      "train_loss_mean": 0.2071753974611056,
      "metric-dp-distance": 1.261140711683159,
      "metric-dp-noise-stdv": 0.009911661628397593
    },
    "7": {
      "train_loss": 0.1030754708826862,
      "train_loss_mean": 0.15609501002290926,
      "metric-dp-distance": 1.1882221773266792,
      "metric-dp-noise-stdv": 0.01051991810834832
    },
    "8": {
      "train_loss": 0.07674252200195042,
      "train_loss_mean": 0.12778691131916275,
      "metric-dp-distance": 1.155809424429511,
      "metric-dp-noise-stdv": 0.010814931714343652
    },
    "9": {
      "train_loss": 0.06591873908519119,
      "train_loss_mean": 0.10353004035086998,
      "metric-dp-distance": 1.1060778432680916,
      "metric-dp-noise-stdv": 0.011301193741542336
    },
    "10": {
      "train_loss": 0.0654342545549298,
      "train_loss_mean": 0.09440875562486327,
      "metric-dp-distance": 1.0827380153350532,
      "metric-dp-noise-stdv": 0.011544805689797339
    },
    "11": {
      "train_loss": 0.053866440688125294,
      "train_loss_mean": 0.07610966208863061,
      "metric-dp-distance": 1.1592172284144908,
      "metric-dp-noise-stdv": 0.010783138564198847
    },
    "12": {
      "train_loss": 0.04267431341439476,
      "train_loss_mean": 0.05942967519372502,
      "metric-dp-distance": 1.117343698705857,
      "metric-dp-noise-stdv": 0.011187247052520992
    },
    "13": {
      "train_loss": 0.04163096939660704,
      "train_loss_mean": 0.05966292901874093,
      "metric-dp-distance": 1.046981244115159,
      "metric-dp-noise-stdv": 0.01193908684635912
    },
    "14": {
      "train_loss": 0.04079593887780675,
      "train_loss_mean": 0.04713369807517828,
      "metric-dp-distance": 1.1061819239209096,
      "metric-dp-noise-stdv": 0.011300130412268182
    },
    "15": {
      "train_loss": 0.03223589347478395,
      "train_loss_mean": 0.04611922180243448,
      "metric-dp-distance": 1.0630649693775922,
      "metric-dp-noise-stdv": 0.011758453490682282
    },
    "16": {
      "train_loss": 0.04849137878632792,
      "train_loss_mean": 0.04533358238128784,
      "metric-dp-distance": 1.1559694454384346,
      "metric-dp-noise-stdv": 0.010813434601862695
    },
    "17": {
      "train_loss": 0.033341486178645185,
      "train_loss_mean": 0.03667766700059976,
      "metric-dp-distance": 1.1354045619567235,
      "metric-dp-noise-stdv": 0.011009291682303848
    },
    "18": {
      "train_loss": 0.02802483870598871,
      "train_loss_mean": 0.03214113247263679,
      "metric-dp-distance": 1.0964738307520747,
      "metric-dp-noise-stdv": 0.011400180879306726
    },
    "19": {
      "train_loss": 0.021614632608612627,
      "train_loss_mean": 0.0342324489187269,
      "metric-dp-distance": 1.1496096270469327,
      "metric-dp-noise-stdv": 0.010873256195765738
    },
    "20": {
      "train_loss": 0.0215567850598527,
      "train_loss_mean": 0.02578960525741296,
      "metric-dp-distance": 1.08702872088179,
      "metric-dp-noise-stdv": 0.011499236183805786
    }
  },
  "client_evaluate_metrics": {
    "1": {
      "eval_loss": 0.902694821357727,
      "eval_acc": 0.650390625
    },
    "2": {
      "eval_loss": 0.7040953682735562,
      "eval_acc": 0.689453125
    },
    "3": {
      "eval_loss": 0.5904468167573214,
      "eval_acc": 0.759765625
    },
    "4": {
      "eval_loss": 0.5356729393824935,
      "eval_acc": 0.787109375
    },
    "5": {
      "eval_loss": 0.46136316005140543,
      "eval_acc": 0.814453125
    },
    "6": {
      "eval_loss": 0.42649046471342444,
      "eval_acc": 0.8427734375
    },
    "7": {
      "eval_loss": 0.4586382140405476,
      "eval_acc": 0.875
    },
    "8": {
      "eval_loss": 0.6035936845000833,
      "eval_acc": 0.8876953125
    },
    "9": {
      "eval_loss": 0.915742487188254,
      "eval_acc": 0.8916015625
    },
    "10": {
      "eval_loss": 0.821294330060482,
      "eval_acc": 0.8984375
    },
    "11": {
      "eval_loss": 0.5644771235056396,
      "eval_acc": 0.9150390625
    },
    "12": {
      "eval_loss": 0.42588869753581093,
      "eval_acc": 0.9375
    },
    "13": {
      "eval_loss": 0.32622344370429346,
      "eval_acc": 0.9443359375
    },
    "14": {
      "eval_loss": 0.2639654848135251,
      "eval_acc": 0.9423828125
    },
    "15": {
      "eval_loss": 0.22215620255155955,
      "eval_acc": 0.953125
    },
    "16": {
      "eval_loss": 0.23155882395803928,
      "eval_acc": 0.9404296875
    },
    "17": {
      "eval_loss": 0.21461257225018926,
      "eval_acc": 0.955078125
    },
    "18": {
      "eval_loss": 0.21451313140278216,
      "eval_acc": 0.953125
    },
    "19": {
      "eval_loss": 0.2604764995048754,
      "eval_acc": 0.9501953125
    },
    "20": {
      "eval_loss": 0.27893379278066277,
      "eval_acc": 0.9580078125
    }
  },
  "server_evaluate_metrics": {
    "0": {
      "loss": 1.4045990645885467,
      "accuracy": 0.5921875
    },
    "1": {
      "loss": 0.91512650847435,
      "accuracy": 0.653125
    },
    "2": {
      "loss": 0.712269303202629,
      "accuracy": 0.696875
    },
    "3": {
      "loss": 0.6074638038873672,
      "accuracy": 0.7515625
    },
    "4": {
      "loss": 0.5654626801609993,
      "accuracy": 0.7734375
    },
    "5": {
      "loss": 0.5262485772371293,
      "accuracy": 0.7765625
    },
    "6": {
      "loss": 0.5673253893852234,
      "accuracy": 0.8015625
    },
    "7": {
      "loss": 0.7096188396215439,
      "accuracy": 0.8359375
    },
    "8": {
      "loss": 0.9910744577646255,
      "accuracy": 0.8484375
    },
    "9": {
      "loss": 1.3198214802891015,
      "accuracy": 0.859375
    },
    "10": {
      "loss": 1.264905371144414,
      "accuracy": 0.871875
    },
    "11": {
      "loss": 0.862969922577031,
      "accuracy": 0.9046875
    },
    "12": {
      "loss": 0.6884905185848765,
      "accuracy": 0.925
    },
    "13": {
      "loss": 0.5317199998651632,
      "accuracy": 0.934375
    },
    "14": {
      "loss": 0.4073669236386195,
      "accuracy": 0.9140625
    },
    "15": {
      "loss": 0.3735306321643293,
      "accuracy": 0.9296875
    },
    "16": {
      "loss": 0.3973294774070382,
      "accuracy": 0.9171875
    },