{
  "metadata": {
    "run_name": "clients-4__main__non-iid__global-dp__fedyogi__noise-0.01__seed-42",
    "data_module": "experiments.reproduce.dataset.alzheimer:create_data_module",
    "partition_mode": "non-iid",
    "partition_profile": "auto",
    "privacy": "global-dp",
    "aggregation": "fedyogi",
    "seed": 42,
    "num_clients": 4,
    "rounds": 20,
    "local_epochs": 5,
    "batch_size": 32,
    "initialization_batch_size": 32,
    "max_client_samples": 0,
    "max_test_samples": 0,
    "client_weights": "",
    "noise_multiplier": 0.01,
    "clipping_norm": 5.0,
    "initialization_pretrained": true,
    "initialization_epochs": 20,
    "initialization_final_loss": 0.7434610009193421
  },
  "train_metrics": {
    "1": {
      "train_loss": 0.599407964877868,
      "train_loss_mean": 0.7405490209052314
    },
    "2": {
      "train_loss": 0.5122782526857165,
      "train_loss_mean": 0.6827170103861171
    },
    "3": {
      "train_loss": 0.39053720471680775,
      "train_loss_mean": 0.5701536366618664
    },
    "4": {
      "train_loss": 0.2753663148947559,
      "train_loss_mean": 0.45440004570386905
    },
    "5": {
      "train_loss": 0.19568071710186932,
      "train_loss_mean": 0.3429035253109411
    },
    "6": {
      "train_loss": 0.1492990050219185,
      "train_loss_mean": 0.26613356955076467
    },
    "7": {
      "train_loss": 0.12746667643553114,
      "train_loss_mean": 0.2063144090516255
    },
    "8": {
      "train_loss": 0.09190963239522318,
      "train_loss_mean": 0.16267503421668567
    },
    "9": {
      "train_loss": 0.07802492496375546,
      "train_loss_mean": 0.13368149481719005
    },
    "10": {
      "train_loss": 0.0659152395768718,
      "train_loss_mean": 0.11425846673409142
    },
    "11": {
      "train_loss": 0.06329642119999068,
      "train_loss_mean": 0.09933461329603244
    },
    "12": {
      "train_loss": 0.06840368872047484,
      "train_loss_mean": 0.09003025542863972
    },
    "13": {
      "train_loss": 0.05134133690678547,
      "train_loss_mean": 0.07038487370782129
    },
    "14": {
      "train_loss": 0.043455930863109865,
      "train_loss_mean": 0.07145088385057585
    },
    "15": {
      "train_loss": 0.03784784116264663,
      "train_loss_mean": 0.06347044403649564
    },
    "16": {
      "train_loss": 0.05429390890215716,
      "train_loss_mean": 0.06341515941889175
    },
    "17": {
      "train_loss": 0.0488078295388709,
      "train_loss_mean": 0.05493644725133452
    },
    "18": {
      "train_loss": 0.05895557641853807,
      "train_loss_mean": 0.053534444537403664
    },
    "19": {
      "train_loss": 0.03390087469324173,
      "train_loss_mean": 0.04572271493289776
    },
    "20": {
      "train_loss": 0.027517092295091236,
      "train_loss_mean": 0.04063793997577936
    }
  },
  "client_evaluate_metrics": {
    "1": {
      "eval_loss": 0.8077022160238225,
      "eval_acc": 0.6150097465886939
    },
    "2": {
      "eval_loss": 0.7435118849979274,
      "eval_acc": 0.6491228070175439
    },
    "3": {
      "eval_loss": 0.652382700531571,
      "eval_acc": 0.7095516569200779
    },
    "4": {
      "eval_loss": 0.6143580805256119,
      "eval_acc": 0.7115009746588693
    },
    "5": {
      "eval_loss": 0.6893342553291172,
      "eval_acc": 0.7144249512670565
    },
    "6": {
      "eval_loss": 0.7416721442986649,
      "eval_acc": 0.7504873294346978
    },
    "7": {
      "eval_loss": 0.6490075000313058,
      "eval_acc": 0.8089668615984407
    },
    "8": {
      "eval_loss": 0.6424146413977383,
      "eval_acc": 0.847953216374269
    },
    "9": {
      "eval_loss": 0.49406357423255315,
      "eval_acc": 0.9005847953216375
    },
    "10": {
      "eval_loss": 0.43626857766442245,
      "eval_acc": 0.9239766081871345
    },
    "11": {
      "eval_loss": 0.4581197385783316,
      "eval_acc": 0.9161793372319686
    },
    "12": {
      "eval_loss": 0.3530431904123831,
      "eval_acc": 0.9269005847953216
    },
    "13": {
      "eval_loss": 0.28924331404123504,
      "eval_acc": 0.9327485380116959
    },
    "14": {
      "eval_loss": 0.23159705961284682,
      "eval_acc": 0.9298245614035088
    },
    "15": {
      "eval_loss": 0.2272930371930884,
      "eval_acc": 0.9444444444444444
    },
    "16": {
      "eval_loss": 0.2336505700835911,
      "eval_acc": 0.9502923976608186
    },
    "17": {
      "eval_loss": 0.22731934348575145,
      "eval_acc": 0.9600389863547758
    },
    "18": {
      "eval_loss": 0.29895273825055224,
      "eval_acc": 0.9551656920077972
    },
    "19": {
      "eval_loss": 0.39825115182844234,
      "eval_acc": 0.9512670565302144
    },
    "20": {
      "eval_loss": 0.2974897577401936,
      "eval_acc": 0.9590643274853801
    }
  },
  "server_evaluate_metrics": {
    "0": {
      "loss": 0.8420480817556382,
      "accuracy": 0.6
    },
    "1": {
      "loss": 0.815845912694931,
      "accuracy": 0.61875
    },
    "2": {
      "loss": 0.7522410243749619,
      "accuracy": 0.6609375
    },
    "3": {
      "loss": 0.6800569146871567,
      "accuracy": 0.6875
    },
    "4": {
      "loss": 0.6776728808879853,
      "accuracy": 0.6953125
    },
    "5": {
      "loss": 0.7887445598840713,
      "accuracy": 0.6859375
    },
    "6": {
      "loss": 0.8415802896022797,
      "accuracy": 0.7328125
    },
    "7": {
      "loss": 0.7321367710828781,
      "accuracy": 0.79375
    },
    "8": {
      "loss": 0.7699502743780613,
      "accuracy": 0.840625
    },
    "9": {
      "loss": 0.7223785236477852,
      "accuracy": 0.878125
    },
    "10": {
      "loss": 0.7377476122230291,
      "accuracy": 0.9140625
    },
    "11": {
      "loss": 0.7417964607477188,
      "accuracy": 0.91875
    },
    "12": {
      "loss": 0.5906738011166454,
      "accuracy": 0.9171875
    },
    "13": {
      "loss": 0.47689969995990394,
      "accuracy": 0.9171875
    },
    "14": {
      "loss": 0.4091058145277202,
      "accuracy": 0.9296875
    },
    "15": {
      "loss": 0.429074873868376,
      "accuracy": 0.93125
    },
    "16": {
      "loss": 0.43375168833881617,
      "accuracy": 0.93125
    },
    "17": {
      "loss": 0.4131311848410405,
      "accuracy": 0.94375
    },
    "18": {
      "loss": 0.5815012546023354,
      "accuracy": 0.9328125
    },
    "19": {
      "loss": 0.756399008515291,
      "accuracy": 0.928125
    },
    "20": {
      "loss": 0.573941620264668,
      "accuracy": 0.9421875
    }
  }
}
