{
  "metadata": {
    "run_name": "clients-4__main__homogeneous__metric-privacy__fedyogi__noise-0.01__seed-42",
    "data_module": "experiments.reproduce.dataset.alzheimer:create_data_module",
    "partition_mode": "homogeneous",
    "partition_profile": "auto",
    "privacy": "metric-privacy",
    "aggregation": "fedyogi",
    "seed": 42,
    "num_clients": 4,
    "rounds": 20,
    "local_epochs": 5,
    "batch_size": 32,
    "initialization_batch_size": 32,
    "max_client_samples": 0,
    "max_test_samples": 0,
    "client_weights": "",
    "noise_multiplier": 0.01,
    "clipping_norm": 5.0,
    "initialization_pretrained": true,
    "initialization_epochs": 20,
    "initialization_final_loss": 0.5520455315709114
  },
  "train_metrics": {
    "1": {
      "train_loss": 0.5626412320416421,
      "train_loss_mean": 0.7006568141281604,
      "metric-dp-distance": 1.5726347414699073,
      "metric-dp-noise-stdv": 0.00794844452457951
    },
    "2": {
      "train_loss": 0.48843890172429383,
      "train_loss_mean": 0.6379221638198942,
      "metric-dp-distance": 1.6437266502374162,
      "metric-dp-noise-stdv": 0.0076046707633501765
    },
    "3": {
      "train_loss": 0.3491380447521806,
      "train_loss_mean": 0.5221233159769327,
      "metric-dp-distance": 1.6666925443181146,
      "metric-dp-noise-stdv": 0.007499883552376518
    },
    "4": {
      "train_loss": 0.22559724393067881,
      "train_loss_mean": 0.38461275657173244,
      "metric-dp-distance": 1.57564132163922,
      "metric-dp-noise-stdv": 0.007933277598353166
    },
    "5": {
      "train_loss": 0.15103618410648778,
      "train_loss_mean": 0.2789259225362912,
      "metric-dp-distance": 1.470991511984418,
      "metric-dp-noise-stdv": 0.008497669699763986
    },
    "6": {
      "train_loss": 0.12689047755702632,
      "train_loss_mean": 0.22140165168239034,
      "metric-dp-distance": 1.3710710098966956,
      "metric-dp-noise-stdv": 0.009116960325010316
    },
    "7": {
      "train_loss": 0.09209001081762835,
      "train_loss_mean": 0.1801535679929657,
      "metric-dp-distance": 1.2478891678232078,
      "metric-dp-noise-stdv": 0.01001691522156951
    },
    "8": {
      "train_loss": 0.07006964617903577,
      "train_loss_mean": 0.1426696027505386,
      "metric-dp-distance": 1.222797699389048,
      "metric-dp-noise-stdv": 0.010222459533776873
    },
    "9": {
      "train_loss": 0.06497075163088084,
      "train_loss_mean": 0.11528907705860547,
      "metric-dp-distance": 1.1770357596687973,
      "metric-dp-noise-stdv": 0.010619898246351785
    },
    "10": {
      "train_loss": 0.06464905945085775,
      "train_loss_mean": 0.09073907449692342,
      "metric-dp-distance": 1.1760628781436633,
      "metric-dp-noise-stdv": 0.010628683408263354
    },
    "11": {
      "train_loss": 0.056113879579243076,
      "train_loss_mean": 0.07846829009884004,
      "metric-dp-distance": 1.2069285502657294,
      "metric-dp-noise-stdv": 0.010356868264693776
    },
    "12": {
      "train_loss": 0.05233739802656601,
      "train_loss_mean": 0.06282505777782604,
      "metric-dp-distance": 1.195010350085795,
      "metric-dp-noise-stdv": 0.010460160448905378
    },
    "13": {
      "train_loss": 0.046357649039919124,
      "train_loss_mean": 0.05682211243872431,
      "metric-dp-distance": 1.2800772723276168,
      "metric-dp-noise-stdv": 0.009765035494514124
    },
    "14": {
      "train_loss": 0.03819439975472605,
      "train_loss_mean": 0.04209819839970308,
      "metric-dp-distance": 1.3036142919833462,
      "metric-dp-noise-stdv": 0.009588725803997007
    },
    "15": {
      "train_loss": 0.06786176049305936,
      "train_loss_mean": 0.0440837732599217,
      "metric-dp-distance": 1.3181509973170857,
      "metric-dp-noise-stdv": 0.009482980345530993
    },
    "16": {
      "train_loss": 0.03226750556730007,
      "train_loss_mean": 0.03329467499386638,
      "metric-dp-distance": 1.268696033085386,
      "metric-dp-noise-stdv": 0.009852635835552206
    },
    "17": {
      "train_loss": 0.03686912925424757,
      "train_loss_mean": 0.03307870001297164,
      "metric-dp-distance": 1.3217569434394438,
      "metric-dp-noise-stdv": 0.009457109389168635
    },
    "18": {
      "train_loss": 0.0381137245259211,
      "train_loss_mean": 0.028963978787197434,
      "metric-dp-distance": 1.2381706916106243,
      "metric-dp-noise-stdv": 0.010095538591484411
    },
    "19": {
      "train_loss": 0.02358853590527865,
      "train_loss_mean": 0.024569040479791755,
      "metric-dp-distance": 1.266010975309958,
      "metric-dp-noise-stdv": 0.009873532097097041
    },
    "20": {
      "train_loss": 0.017341717505313436,
      "train_loss_mean": 0.01927102328260663,
      "metric-dp-distance": 1.1258733112675448,
      "metric-dp-noise-stdv": 0.011102492505064442
    }
  },
  "client_evaluate_metrics": {
    "1": {
      "eval_loss": 0.7766831424087286,
      "eval_acc": 0.662109375
    },
    "2": {
      "eval_loss": 0.7102214712649584,
      "eval_acc": 0.6845703125
    },
    "3": {
      "eval_loss": 0.6124817728996277,
      "eval_acc": 0.7451171875
    },
    "4": {
      "eval_loss": 0.5179278515279293,
      "eval_acc": 0.7783203125
    },
    "5": {
      "eval_loss": 0.7079399833455682,
      "eval_acc": 0.7177734375
    },
    "6": {
      "eval_loss": 0.9298718627542257,
      "eval_acc": 0.7333984375
    },
    "7": {
      "eval_loss": 0.7348625087179244,
      "eval_acc": 0.81640625
    },
    "8": {
      "eval_loss": 0.5347777556162328,
      "eval_acc": 0.875
    },
    "9": {
      "eval_loss": 0.4242790115531534,
      "eval_acc": 0.8955078125
    },
    "10": {
      "eval_loss": 0.40240148885641247,
      "eval_acc": 0.9150390625
    },
    "11": {
      "eval_loss": 0.41762837109854445,
      "eval_acc": 0.923828125
    },
    "12": {
      "eval_loss": 0.34623550413471094,
      "eval_acc": 0.9306640625
    },
    "13": {
      "eval_loss": 0.2969743104549707,
      "eval_acc": 0.943359375
    },
    "14": {
      "eval_loss": 0.24958490833523683,
      "eval_acc": 0.94921875
    },
    "15": {
      "eval_loss": 0.21140524180373177,
      "eval_acc": 0.9560546875
    },
    "16": {
      "eval_loss": 0.1763263916800497,
      "eval_acc": 0.9609375
    },
    "17": {
      "eval_loss": 0.17770141822984442,
      "eval_acc": 0.9658203125
    },
    "18": {
      "eval_loss": 0.21233118100644788,
      "eval_acc": 0.96484375
    },
    "19": {
      "eval_loss": 0.25459197960481106,
      "eval_acc": 0.9677734375
    },
    "20": {
      "eval_loss": 0.2397391589158815,
      "eval_acc": 0.9697265625
    }
  },
  "server_evaluate_metrics": {
    "0": {
      "loss": 0.8503999680280685,
      "accuracy": 0.63125
    },
    "1": {
      "loss": 0.780438768863678,
      "accuracy": 0.6484375
    },
    "2": {
      "loss": 0.7068536162376404,
      "accuracy": 0.6921875
    },
    "3": {
      "loss": 0.614531546831131,
      "accuracy": 0.7375
    },
    "4": {
      "loss": 0.5596919447183609,
      "accuracy": 0.7640625
    },
    "5": {
      "loss": 0.7799970075488091,
      "accuracy": 0.7203125
    },
    "6": {
      "loss": 1.0471174016594886,
      "accuracy": 0.734375
    },
    "7": {
      "loss": 0.9271732777357101,
      "accuracy": 0.8015625
    },
    "8": {
      "loss": 0.7308971110731364,
      "accuracy": 0.865625
    },
    "9": {
      "loss": 0.6649408981669694,
      "accuracy": 0.90625
    },
    "10": {
      "loss": 0.6796461428602925,
      "accuracy": 0.9109375
    },
    "11": {
      "loss": 0.661797298444435,
      "accuracy": 0.91875
    },
    "12": {
      "loss": 0.5962812628655229,
      "accuracy": 0.925
    },
    "13": {
      "loss": 0.5664529142086394,
      "accuracy": 0.928125
    },
    "14": {
      "loss": 0.4656896129250526,
      "accuracy": 0.9328125
    },
    "15": {
      "loss": 0.4141721051419154,
      "accuracy": 0.9375
    },
    "16": {
      "loss": 0.4021410130895674,