{
  "metadata": {
    "run_name": "clients-4__main__homogeneous__metric-privacy__fedyogi__noise-0.01__seed-45",
    "data_module": "experiments.reproduce.dataset.alzheimer:create_data_module",
    "partition_mode": "homogeneous",
    "partition_profile": "auto",
    "privacy": "metric-privacy",
    "aggregation": "fedyogi",
    "seed": 45,
    "num_clients": 4,
    "rounds": 20,
    "local_epochs": 5,
    "batch_size": 32,
    "initialization_batch_size": 32,
    "max_client_samples": 0,
    "max_test_samples": 0,
    "client_weights": "",
    "noise_multiplier": 0.01,
    "clipping_norm": 5.0,
    "initialization_pretrained": true,
    "initialization_epochs": 20,
    "initialization_final_loss": 0.3808110937476158
  },
  "train_metrics": {
    "1": {
      "train_loss": 0.4865894289687276,
      "train_loss_mean": 0.6663875109981745,
      "metric-dp-distance": 1.8488091421313584,
      "metric-dp-noise-stdv": 0.00676110892960517
    },
    "2": {
      "train_loss": 0.3959067459218204,
      "train_loss_mean": 0.5986047145444899,
      "metric-dp-distance": 1.8879502452909946,
      "metric-dp-noise-stdv": 0.006620937194281485
    },
    "3": {
      "train_loss": 0.27820677298586816,
      "train_loss_mean": 0.48119579192716627,
      "metric-dp-distance": 1.8833363336355735,
      "metric-dp-noise-stdv": 0.006637157568064396
    },
    "4": {
      "train_loss": 0.1914954136882443,
      "train_loss_mean": 0.36690385469701137,
      "metric-dp-distance": 1.7495895286944385,
      "metric-dp-noise-stdv": 0.0071445329290051405
    },
    "5": {
      "train_loss": 0.13230167713481933,
      "train_loss_mean": 0.2655200847191736,
      "metric-dp-distance": 1.6124408112761255,
      "metric-dp-noise-stdv": 0.007752222539013504
    },
    "6": {
      "train_loss": 0.0868486945037148,
      "train_loss_mean": 0.18727687274949859,
      "metric-dp-distance": 1.4579100001137704,
      "metric-dp-noise-stdv": 0.008573917456512778
    },
    "7": {
      "train_loss": 0.07370319678739179,
      "train_loss_mean": 0.142868192379683,
      "metric-dp-distance": 1.3488764928964276,
      "metric-dp-noise-stdv": 0.00926697148762589
    },
    "8": {
      "train_loss": 0.06270512922492344,
      "train_loss_mean": 0.11524591148809121,
      "metric-dp-distance": 1.3344907475014527,
      "metric-dp-noise-stdv": 0.00936686898984018
    },
    "9": {
      "train_loss": 0.046350064669240965,
      "train_loss_mean": 0.09733517428830964,
      "metric-dp-distance": 1.3112201068239908,
      "metric-dp-noise-stdv": 0.009533105795850882
    },
    "10": {
      "train_loss": 0.05029085498154018,
      "train_loss_mean": 0.0840910731756594,
      "metric-dp-distance": 1.2942130696804572,
      "metric-dp-noise-stdv": 0.009658378742138854
    },
    "11": {
      "train_loss": 0.036884625629454604,
      "train_loss_mean": 0.0699921159514247,
      "metric-dp-distance": 1.246731613452236,
      "metric-dp-noise-stdv": 0.010026215638654688
    },
    "12": {
      "train_loss": 0.034079036992523015,
      "train_loss_mean": 0.05453085558237766,
      "metric-dp-distance": 1.264837133542945,
      "metric-dp-noise-stdv": 0.009882695304008156
    },
    "13": {
      "train_loss": 0.038947229966829866,
      "train_loss_mean": 0.052848710780790856,
      "metric-dp-distance": 1.3028522773335378,
      "metric-dp-noise-stdv": 0.009594334075681188
    },
    "14": {
      "train_loss": 0.041062392463558695,
      "train_loss_mean": 0.051311894399130864,
      "metric-dp-distance": 1.4574785705966253,
      "metric-dp-noise-stdv": 0.00857645542938108
    },
    "15": {
      "train_loss": 0.04259331969474589,
      "train_loss_mean": 0.04010144934205835,
      "metric-dp-distance": 1.4295329943609734,
      "metric-dp-noise-stdv": 0.008744114371132596
    },
    "16": {
      "train_loss": 0.025937594399898956,
      "train_loss_mean": 0.03509735740291742,
      "metric-dp-distance": 1.416044900349031,
      "metric-dp-noise-stdv": 0.008827403705150142
    },
    "17": {
      "train_loss": 0.03514804012580486,
      "train_loss_mean": 0.03336285774149328,
      "metric-dp-distance": 1.3903789504741628,
      "metric-dp-noise-stdv": 0.008990354748780618
    },
    "18": {
      "train_loss": 0.024796923689063277,
      "train_loss_mean": 0.030689191130863585,
      "metric-dp-distance": 1.377444573387038,
      "metric-dp-noise-stdv": 0.009074775306031655
    },
    "19": {
      "train_loss": 0.0306389739704771,
      "train_loss_mean": 0.0252266296788602,
      "metric-dp-distance": 1.3495178930461407,
      "metric-dp-noise-stdv": 0.00926256707258984
    },
    "20": {
      "train_loss": 0.03213969607428879,
      "train_loss_mean": 0.03164628369625552,
      "metric-dp-distance": 1.4020558820726972,
      "metric-dp-noise-stdv": 0.008915479161587277
    }
  },
  "client_evaluate_metrics": {
    "1": {
      "eval_loss": 0.885254854336381,
      "eval_acc": 0.6787109375
    },
    "2": {
      "eval_loss": 0.6839039409533143,
      "eval_acc": 0.70703125
    },
    "3": {
      "eval_loss": 0.5658650547266006,
      "eval_acc": 0.7509765625
    },
    "4": {
      "eval_loss": 0.5047374768182635,
      "eval_acc": 0.798828125
    },
    "5": {
      "eval_loss": 0.441065457649529,
      "eval_acc": 0.8193359375
    },
    "6": {
      "eval_loss": 0.4535674527287483,
      "eval_acc": 0.8330078125
    },
    "7": {
      "eval_loss": 0.5757511425763369,
      "eval_acc": 0.8603515625
    },
    "8": {
      "eval_loss": 0.6373634384945035,
      "eval_acc": 0.888671875
    },
    "9": {
      "eval_loss": 0.5342361689254176,
      "eval_acc": 0.9111328125
    },
    "10": {
      "eval_loss": 0.38950363227922935,
      "eval_acc": 0.9384765625
    },
    "11": {
      "eval_loss": 0.2758679885541824,
      "eval_acc": 0.9541015625
    },
    "12": {
      "eval_loss": 0.2639677497663797,
      "eval_acc": 0.95703125
    },
    "13": {
      "eval_loss": 0.23056400778204988,
      "eval_acc": 0.9521484375
    },
    "14": {
      "eval_loss": 0.21416884226528055,
      "eval_acc": 0.94921875
    },
    "15": {
      "eval_loss": 0.20385300838097464,
      "eval_acc": 0.943359375
    },
    "16": {
      "eval_loss": 0.18898655175871681,
      "eval_acc": 0.947265625
    },
    "17": {
      "eval_loss": 0.16827897987241158,
      "eval_acc": 0.953125
    },
    "18": {
      "eval_loss": 0.17874282970660715,
      "eval_acc": 0.96484375
    },
    "19": {
      "eval_loss": 0.196973194473685,
      "eval_acc": 0.9677734375
    },
    "20": {
      "eval_loss": 0.203049928406017,
      "eval_acc": 0.962890625
    }
  },
  "server_evaluate_metrics": {
    "0": {
      "loss": 1.097438295185566,
      "accuracy": 0.6375
    },
    "1": {
      "loss": 0.9554222106933594,
      "accuracy": 0.66875
    },
    "2": {
      "loss": 0.7357181161642075,
      "accuracy": 0.6984375
    },
    "3": {
      "loss": 0.6005111560225487,
      "accuracy": 0.75
    },
    "4": {
      "loss": 0.5336329251527786,
      "accuracy": 0.7734375
    },
    "5": {
      "loss": 0.4780087299644947,
      "accuracy": 0.809375
    },
    "6": {
      "loss": 0.5403401598334312,
      "accuracy": 0.8109375
    },
    "7": {
      "loss": 0.7572755724191665,
      "accuracy": 0.8421875
    },
    "8": {
      "loss": 0.8716080352663994,
      "accuracy": 0.8734375
    },
    "9": {
      "loss": 0.8413965092971921,
      "accuracy": 0.896875
    },
    "10": {
      "loss": 0.6466528311371803,
      "accuracy": 0.9125
    },
    "11": {
      "loss": 0.4691233843797818,
      "accuracy": 0.9359375
    },
    "12": {
      "loss": 0.49082703441381453,
      "accuracy": 0.93125
    },
    "13": {
      "loss": 0.42925999709405005,
      "accuracy": 0.94375
    },
    "14": {
      "loss": 0.37265476417960597,
      "accuracy": 0.9390625
    },
    "15": {
      "loss": 0.3241831718944013,
      "accuracy": 0.934375
    },
    "16": {
      "loss": 0.2875697378301993,