{
  "metadata": {
    "run_name": "clients-4__main__non-iid__metric-privacy__fedyogi__noise-0.01__seed-42",
    "data_module": "experiments.reproduce.dataset.alzheimer:create_data_module",
    "partition_mode": "non-iid",
    "partition_profile": "auto",
    "privacy": "metric-privacy",
    "aggregation": "fedyogi",
    "seed": 42,
    "num_clients": 4,
    "rounds": 20,
    "local_epochs": 5,
    "batch_size": 32,
    "initialization_batch_size": 32,
    "max_client_samples": 0,
    "max_test_samples": 0,
    "client_weights": "",
    "noise_multiplier": 0.01,
    "clipping_norm": 5.0,
    "initialization_pretrained": true,
    "initialization_epochs": 20,
    "initialization_final_loss": 0.7285526365041732
  },
  "train_metrics": {
    "1": {
      "train_loss": 0.6112392271764696,
      "train_loss_mean": 0.741712751840462,
      "metric-dp-distance": 1.6165369745964806,
      "metric-dp-noise-stdv": 0.00773257908506562
    },
    "2": {
      "train_loss": 0.5521550341588902,
      "train_loss_mean": 0.6889825601198059,
      "metric-dp-distance": 1.6573592293231438,
      "metric-dp-noise-stdv": 0.007542118678220974
    },
    "3": {
      "train_loss": 0.41628302176609,
      "train_loss_mean": 0.5780006619491517,
      "metric-dp-distance": 1.6704866255943973,
      "metric-dp-noise-stdv": 0.007482849493363777
    },
    "4": {
      "train_loss": 0.2872506604945304,
      "train_loss_mean": 0.4542663207768113,
      "metric-dp-distance": 1.4879412505930911,
      "metric-dp-noise-stdv": 0.008400869318608863
    },
    "5": {
      "train_loss": 0.19515835864694164,
      "train_loss_mean": 0.33839842252757235,
      "metric-dp-distance": 1.4345313619511824,
      "metric-dp-noise-stdv": 0.008713647070774449
    },
    "6": {
      "train_loss": 0.14230474523706776,
      "train_loss_mean": 0.24963498528788353,
      "metric-dp-distance": 1.3678891445354868,
      "metric-dp-noise-stdv": 0.00913816740920537
    },
    "7": {
      "train_loss": 0.09932870676983957,
      "train_loss_mean": 0.1910129471148333,
      "metric-dp-distance": 1.2553227487951517,
      "metric-dp-noise-stdv": 0.009957598563395268
    },
    "8": {
      "train_loss": 0.08481690205166614,
      "train_loss_mean": 0.1611197044628749,
      "metric-dp-distance": 1.2371495014522225,
      "metric-dp-noise-stdv": 0.010103871832245762
    },
    "9": {
      "train_loss": 0.07572992674527648,
      "train_loss_mean": 0.12623975351822775,
      "metric-dp-distance": 1.2013408784599353,
      "metric-dp-noise-stdv": 0.010405040088225778
    },
    "10": {
      "train_loss": 0.06150670125236118,
      "train_loss_mean": 0.09598052027549059,
      "metric-dp-distance": 1.160492352520426,
      "metric-dp-noise-stdv": 0.010771290282828458
    },
    "11": {
      "train_loss": 0.06519118829654884,
      "train_loss_mean": 0.08264921266957984,
      "metric-dp-distance": 1.189561775419861,
      "metric-dp-noise-stdv": 0.010508071340463231
    },
    "12": {
      "train_loss": 0.044975237649789584,
      "train_loss_mean": 0.06957999820265784,
      "metric-dp-distance": 1.2352745896205306,
      "metric-dp-noise-stdv": 0.010119207587553412
    },
    "13": {
      "train_loss": 0.07806055227347033,
      "train_loss_mean": 0.06944790113297876,
      "metric-dp-distance": 1.4277546441492934,
      "metric-dp-noise-stdv": 0.008755005666570913
    },
    "14": {
      "train_loss": 0.03555334361884809,
      "train_loss_mean": 0.048460984706886465,
      "metric-dp-distance": 1.2344389967620373,
      "metric-dp-noise-stdv": 0.010126057288199576
    },
    "15": {
      "train_loss": 0.04074342106930742,
      "train_loss_mean": 0.049157139032445646,
      "metric-dp-distance": 1.2826661964257557,
      "metric-dp-noise-stdv": 0.009745325818075018
    },
    "16": {
      "train_loss": 0.046366669024672284,
      "train_loss_mean": 0.04418540544455317,
      "metric-dp-distance": 1.3465766616476078,
      "metric-dp-noise-stdv": 0.00928279863747645
    },
    "17": {
      "train_loss": 0.030686624288829407,
      "train_loss_mean": 0.03857557489670411,
      "metric-dp-distance": 1.2961461601468425,
      "metric-dp-noise-stdv": 0.009643974101334262
    },
    "18": {
      "train_loss": 0.034021962489780136,
      "train_loss_mean": 0.03745709255745944,
      "metric-dp-distance": 1.2413916504010558,
      "metric-dp-noise-stdv": 0.010069344349111444
    },
    "19": {
      "train_loss": 0.04085781636671412,
      "train_loss_mean": 0.035783688322244274,
      "metric-dp-distance": 1.2568940807444353,
      "metric-dp-noise-stdv": 0.009945149867040887
    },
    "20": {
      "train_loss": 0.03475439589099876,
      "train_loss_mean": 0.034931632070240665,
      "metric-dp-distance": 1.2317152246832848,
      "metric-dp-noise-stdv": 0.010148449698033218
    }
  },
  "client_evaluate_metrics": {
    "1": {
      "eval_loss": 0.8276788296058164,
      "eval_acc": 0.6179337231968811
    },
    "2": {
      "eval_loss": 0.729150083794696,
      "eval_acc": 0.6715399610136452
    },
    "3": {
      "eval_loss": 0.6698258583076284,
      "eval_acc": 0.7144249512670565
    },
    "4": {
      "eval_loss": 0.5753940622708951,
      "eval_acc": 0.7378167641325535
    },
    "5": {
      "eval_loss": 0.5465548543902168,
      "eval_acc": 0.7758284600389864
    },
    "6": {
      "eval_loss": 0.642018106945774,
      "eval_acc": 0.7992202729044834
    },
    "7": {
      "eval_loss": 0.7308519820430357,
      "eval_acc": 0.8235867446393761
    },
    "8": {
      "eval_loss": 0.7485056678395987,
      "eval_acc": 0.8538011695906432
    },
    "9": {
      "eval_loss": 0.6530834574680812,
      "eval_acc": 0.8888888888888888
    },
    "10": {
      "eval_loss": 0.47034837787727635,
      "eval_acc": 0.9181286549707602
    },
    "11": {
      "eval_loss": 0.3919634953809295,
      "eval_acc": 0.9220272904483431
    },
    "12": {
      "eval_loss": 0.3152036006193877,
      "eval_acc": 0.9239766081871346
    },
    "13": {
      "eval_loss": 0.2522159285088148,
      "eval_acc": 0.9366471734892787
    },
    "14": {
      "eval_loss": 0.22814655758360614,
      "eval_acc": 0.9512670565302144
    },
    "15": {
      "eval_loss": 0.20987420362667958,
      "eval_acc": 0.9541910331384016
    },
    "16": {
      "eval_loss": 0.22127864265473574,
      "eval_acc": 0.9590643274853802
    },
    "17": {
      "eval_loss": 0.2622416027527499,
      "eval_acc": 0.9541910331384015
    },
    "18": {
      "eval_loss": 0.2839745896810313,
      "eval_acc": 0.9619883040935672
    },
    "19": {
      "eval_loss": 0.34068401528297254,
      "eval_acc": 0.9541910331384015
    },
    "20": {
      "eval_loss": 0.31117872575018424,
      "eval_acc": 0.9551656920077972
    }
  },
  "server_evaluate_metrics": {
    "0": {
      "loss": 0.9379117488861084,
      "accuracy": 0.56875
    },
    "1": {
      "loss": 0.8631779819726944,
      "accuracy": 0.5984375
    },
    "2": {
      "loss": 0.7469026982784271,
      "accuracy": 0.6578125
    },
    "3": {
      "loss": 0.6724908813834191,
      "accuracy": 0.70625
    },
    "4": {
      "loss": 0.5701129749417305,
      "accuracy": 0.7546875
    },
    "5": {
      "loss": 0.529262726008892,
      "accuracy": 0.7953125
    },
    "6": {
      "loss": 0.6164761990308761,
      "accuracy": 0.809375
    },
    "7": {
      "loss": 0.7566571414470673,
      "accuracy": 0.83125
    },
    "8": {
      "loss": 0.8891029372811318,
      "accuracy": 0.85
    },
    "9": {
      "loss": 0.781406094878912,
      "accuracy": 0.86875
    },
    "10": {
      "loss": 0.6226077569648624,
      "accuracy": 0.9015625
    },
    "11": {
      "loss": 0.5409739365801215,
      "accuracy": 0.9015625
    },
    "12": {
      "loss": 0.4666387583129108,
      "accuracy": 0.909375
    },
    "13": {
      "loss": 0.39342777107376603,
      "accuracy": 0.9234375
    },
    "14": {
      "loss": 0.3490064720623195,
      "accuracy": 0.9484375
    },