{
  "metadata": {
    "run_name": "clients-4__main__homogeneous__vanilla__fedyogi__noise-0.01__seed-46",
    "data_module": "experiments.reproduce.dataset.alzheimer:create_data_module",
    "partition_mode": "homogeneous",
    "partition_profile": "auto",
    "privacy": "vanilla",
    "aggregation": "fedyogi",
    "seed": 46,
    "num_clients": 4,
    "rounds": 20,
    "local_epochs": 5,
    "batch_size": 32,
    "initialization_batch_size": 32,
    "max_client_samples": 0,
    "max_test_samples": 0,
    "client_weights": "",
    "noise_multiplier": 0.01,
    "clipping_norm": 5.0,
    "initialization_pretrained": true,
    "initialization_epochs": 20,
    "initialization_final_loss": 0.20835465826094152
  },
  "train_metrics": {
    "1": {
      "train_loss": 0.4505506599089131,
      "train_loss_mean": 0.6331402299925685
    },
    "2": {
      "train_loss": 0.32489860709756613,
      "train_loss_mean": 0.5152551800827496
    },
    "3": {
      "train_loss": 0.1820114116417244,
      "train_loss_mean": 0.3567178337369114
    },
    "4": {
      "train_loss": 0.12368992999836337,
      "train_loss_mean": 0.22854937659576535
    },
    "5": {
      "train_loss": 0.06842684038929292,
      "train_loss_mean": 0.14282619222212817
    },
    "6": {
      "train_loss": 0.044944071014469955,
      "train_loss_mean": 0.1106153982684191
    },
    "7": {
      "train_loss": 0.036137757530013914,
      "train_loss_mean": 0.08696229372462767
    },
    "8": {
      "train_loss": 0.030676359715471335,
      "train_loss_mean": 0.07324801968566136
    },
    "9": {
      "train_loss": 0.029446031224551916,
      "train_loss_mean": 0.056795861478627786
    },
    "10": {
      "train_loss": 0.029855909137808112,
      "train_loss_mean": 0.04664268255836959
    },
    "11": {
      "train_loss": 0.01909142707189737,
      "train_loss_mean": 0.034779792251673755
    },
    "12": {
      "train_loss": 0.018008770461321433,
      "train_loss_mean": 0.030078620746290953
    },
    "13": {
      "train_loss": 0.032060993250915715,
      "train_loss_mean": 0.028436819717109076
    },
    "14": {
      "train_loss": 0.035878291778857374,
      "train_loss_mean": 0.02224099588217998
    },
    "15": {
      "train_loss": 0.028897015222989708,
      "train_loss_mean": 0.02330096672637804
    },
    "16": {
      "train_loss": 0.04584742519130991,
      "train_loss_mean": 0.02244889971301349
    },
    "17": {
      "train_loss": 0.025411641417119768,
      "train_loss_mean": 0.02478666078405907
    },
    "18": {
      "train_loss": 0.06960650000280265,
      "train_loss_mean": 0.023442219856003345
    },
    "19": {
      "train_loss": 0.02527282303756344,
      "train_loss_mean": 0.023766984002533124
    },
    "20": {
      "train_loss": 0.05180541899177469,
      "train_loss_mean": 0.02606766477925277
    }
  },
  "client_evaluate_metrics": {
    "1": {
      "eval_loss": 0.7726034596562386,
      "eval_acc": 0.7109375
    },
    "2": {
      "eval_loss": 0.5868239821866155,
      "eval_acc": 0.763671875
    },
    "3": {
      "eval_loss": 0.49225768679752946,
      "eval_acc": 0.7939453125
    },
    "4": {
      "eval_loss": 0.4376637418754399,
      "eval_acc": 0.8271484375
    },
    "5": {
      "eval_loss": 0.40903811529278755,
      "eval_acc": 0.8681640625
    },
    "6": {
      "eval_loss": 0.4420349888969213,
      "eval_acc": 0.9072265625
    },
    "7": {
      "eval_loss": 0.43203697743410885,
      "eval_acc": 0.927734375
    },
    "8": {
      "eval_loss": 0.35273380162652757,
      "eval_acc": 0.9423828125
    },
    "9": {
      "eval_loss": 0.23218439321249207,
      "eval_acc": 0.962890625
    },
    "10": {
      "eval_loss": 0.1611470056068356,
      "eval_acc": 0.96484375
    },
    "11": {
      "eval_loss": 0.13674799864384113,
      "eval_acc": 0.9658203125
    },
    "12": {
      "eval_loss": 0.13267672987421975,
      "eval_acc": 0.9677734375
    },
    "13": {
      "eval_loss": 0.12874718691091402,
      "eval_acc": 0.970703125
    },
    "14": {
      "eval_loss": 0.15248041468476004,
      "eval_acc": 0.9697265625
    },
    "15": {
      "eval_loss": 0.1908886965086367,
      "eval_acc": 0.97265625
    },
    "16": {
      "eval_loss": 0.20869341720071333,
      "eval_acc": 0.9765625
    },
    "17": {
      "eval_loss": 0.23087018292765826,
      "eval_acc": 0.974609375
    },
    "18": {
      "eval_loss": 0.21659376605044045,
      "eval_acc": 0.9765625
    },
    "19": {
      "eval_loss": 0.22605175226723873,
      "eval_acc": 0.9765625
    },
    "20": {
      "eval_loss": 0.28327801993648904,
      "eval_acc": 0.970703125
    }
  },
  "server_evaluate_metrics": {
    "0": {
      "loss": 0.9565954700112342,
      "accuracy": 0.690625
    },
    "1": {
      "loss": 0.7119632571935653,
      "accuracy": 0.7390625
    },
    "2": {
      "loss": 0.5480307891964913,
      "accuracy": 0.765625
    },
    "3": {
      "loss": 0.4784190788865089,
      "accuracy": 0.8109375
    },
    "4": {
      "loss": 0.4676825560629368,
      "accuracy": 0.8359375
    },
    "5": {
      "loss": 0.49738468751311304,
      "accuracy": 0.8640625
    },
    "6": {
      "loss": 0.6255464483052492,
      "accuracy": 0.89375
    },
    "7": {
      "loss": 0.6308581315679476,
      "accuracy": 0.90625
    },
    "8": {
      "loss": 0.5536114130169153,
      "accuracy": 0.9265625
    },
    "9": {
      "loss": 0.41370387077331544,
      "accuracy": 0.940625
    },
    "10": {
      "loss": 0.2846035358728841,
      "accuracy": 0.95625
    },
    "11": {
      "loss": 0.24607918988913297,
      "accuracy": 0.9515625
    },
    "12": {
      "loss": 0.23471783027052878,
      "accuracy": 0.95
    },
    "13": {
      "loss": 0.22899333017412574,
      "accuracy": 0.9546875
    },
    "14": {
      "loss": 0.2731274277291959,
      "accuracy": 0.9640625
    },
    "15": {
      "loss": 0.3540903741688453,
      "accuracy": 0.95625
    },
    "16": {
      "loss": 0.4462334840318988,
      "accuracy": 0.953125
    },
    "17": {
      "loss": 0.5155326839882945,
      "accuracy": 0.959375
    },
    "18": {
      "loss": 0.49357014006445754,
      "accuracy": 0.959375
    },
    "19": {
      "loss": 0.48266929011556386,
      "accuracy": 0.9578125
    },
    "20": {
      "loss": 0.5506537481326859,
      "accuracy": 0.9515625
    }
  }
}
