{
  "metadata": {
    "run_name": "clients-4__main__homogeneous__vanilla__fedyogi__noise-0.01__seed-45",
    "data_module": "experiments.reproduce.dataset.alzheimer:create_data_module",
    "partition_mode": "homogeneous",
    "partition_profile": "auto",
    "privacy": "vanilla",
    "aggregation": "fedyogi",
    "seed": 45,
    "num_clients": 4,
    "rounds": 20,
    "local_epochs": 5,
    "batch_size": 32,
    "initialization_batch_size": 32,
    "max_client_samples": 0,
    "max_test_samples": 0,
    "client_weights": "",
    "noise_multiplier": 0.01,
    "clipping_norm": 5.0,
    "initialization_pretrained": true,
    "initialization_epochs": 20,
    "initialization_final_loss": 0.4613017126917839
  },
  "train_metrics": {
    "1": {
      "train_loss": 0.49536233174148947,
      "train_loss_mean": 0.6766812658635899
    },
    "2": {
      "train_loss": 0.35885452572256327,
      "train_loss_mean": 0.5547288835979998
    },
    "3": {
      "train_loss": 0.20985203256714158,
      "train_loss_mean": 0.39411781255039385
    },
    "4": {
      "train_loss": 0.12349176446150523,
      "train_loss_mean": 0.24043711182603147
    },
    "5": {
      "train_loss": 0.09364807630481664,
      "train_loss_mean": 0.17154588164703455
    },
    "6": {
      "train_loss": 0.0677733345546585,
      "train_loss_mean": 0.13511241124106163
    },
    "7": {
      "train_loss": 0.07358606146362945,
      "train_loss_mean": 0.10638923905162301
    },
    "8": {
      "train_loss": 0.04033345696734614,
      "train_loss_mean": 0.0834166373593689
    },
    "9": {
      "train_loss": 0.06546065161245451,
      "train_loss_mean": 0.06895631167761279
    },
    "10": {
      "train_loss": 0.019160907648164027,
      "train_loss_mean": 0.0524103139958001
    },
    "11": {
      "train_loss": 0.04818157040801907,
      "train_loss_mean": 0.04785208138737147
    },
    "12": {
      "train_loss": 0.018682670728913386,
      "train_loss_mean": 0.03573746952045536
    },
    "13": {
      "train_loss": 0.0317732438797762,
      "train_loss_mean": 0.0400305103192403
    },
    "14": {
      "train_loss": 0.047745293717986304,
      "train_loss_mean": 0.030830643542102652
    },
    "15": {
      "train_loss": 0.04640484957498803,
      "train_loss_mean": 0.02944079091288134
    },
    "16": {
      "train_loss": 0.05673308858231696,
      "train_loss_mean": 0.027641881347014004
    },
    "17": {
      "train_loss": 0.018603819540418093,
      "train_loss_mean": 0.018970679135314604
    },
    "18": {
      "train_loss": 0.03705896156468169,
      "train_loss_mean": 0.019445559971794233
    },
    "19": {
      "train_loss": 0.02524391226686385,
      "train_loss_mean": 0.01722289948579835
    },
    "20": {
      "train_loss": 0.04193680578242587,
      "train_loss_mean": 0.02564719026824703
    }
  },
  "client_evaluate_metrics": {
    "1": {
      "eval_loss": 0.7834422904998064,
      "eval_acc": 0.6552734375
    },
    "2": {
      "eval_loss": 0.626313004642725,
      "eval_acc": 0.7265625
    },
    "3": {
      "eval_loss": 0.5189046356827021,
      "eval_acc": 0.76953125
    },
    "4": {
      "eval_loss": 0.49336101952940226,
      "eval_acc": 0.826171875
    },
    "5": {
      "eval_loss": 0.6371172091457993,
      "eval_acc": 0.8505859375
    },
    "6": {
      "eval_loss": 0.8017994337715209,
      "eval_acc": 0.87890625
    },
    "7": {
      "eval_loss": 0.7577338329283521,
      "eval_acc": 0.900390625
    },
    "8": {
      "eval_loss": 0.629311461962061,
      "eval_acc": 0.9140625
    },
    "9": {
      "eval_loss": 0.4321113952291853,
      "eval_acc": 0.9189453125
    },
    "10": {
      "eval_loss": 0.29833153906383814,
      "eval_acc": 0.9404296875
    },
    "11": {
      "eval_loss": 0.24750913695970667,
      "eval_acc": 0.9423828125
    },
    "12": {
      "eval_loss": 0.2233410385379102,
      "eval_acc": 0.94921875
    },
    "13": {
      "eval_loss": 0.2145059913818841,
      "eval_acc": 0.947265625
    },
    "14": {
      "eval_loss": 0.2325889828025538,
      "eval_acc": 0.9521484375
    },
    "15": {
      "eval_loss": 0.2478387254228096,
      "eval_acc": 0.9560546875
    },
    "16": {
      "eval_loss": 0.25561541324799464,
      "eval_acc": 0.95703125
    },
    "17": {
      "eval_loss": 0.2535187614572578,
      "eval_acc": 0.9609375
    },
    "18": {
      "eval_loss": 0.23377394696399278,
      "eval_acc": 0.9619140625
    },
    "19": {
      "eval_loss": 0.2174625846600975,
      "eval_acc": 0.9580078125
    },
    "20": {
      "eval_loss": 0.22849582066191942,
      "eval_acc": 0.955078125
    }
  },
  "server_evaluate_metrics": {
    "0": {
      "loss": 0.9941741794347763,
      "accuracy": 0.6015625
    },
    "1": {
      "loss": 0.8161226615309716,
      "accuracy": 0.6328125
    },
    "2": {
      "loss": 0.6620239943265915,
      "accuracy": 0.7015625
    },
    "3": {
      "loss": 0.5527113556861878,
      "accuracy": 0.7734375
    },
    "4": {
      "loss": 0.5424144871532917,
      "accuracy": 0.803125
    },
    "5": {
      "loss": 0.7309395961463452,
      "accuracy": 0.828125
    },
    "6": {
      "loss": 0.9282710313796997,
      "accuracy": 0.853125
    },
    "7": {
      "loss": 0.8649661626666785,
      "accuracy": 0.89375
    },
    "8": {
      "loss": 0.7708449862897396,
      "accuracy": 0.9046875
    },
    "9": {
      "loss": 0.6481787336990237,
      "accuracy": 0.9125
    },
    "10": {
      "loss": 0.5603134280070663,
      "accuracy": 0.9203125
    },
    "11": {
      "loss": 0.48900530408136544,
      "accuracy": 0.9296875
    },
    "12": {
      "loss": 0.44340282436460254,
      "accuracy": 0.93125
    },
    "13": {
      "loss": 0.431201855558902,
      "accuracy": 0.9421875
    },
    "14": {
      "loss": 0.45074946130625904,
      "accuracy": 0.9390625
    },
    "15": {
      "loss": 0.4437488107942045,
      "accuracy": 0.9453125
    },
    "16": {
      "loss": 0.41057890499942007,
      "accuracy": 0.9546875
    },
    "17": {
      "loss": 0.39942099357722327,
      "accuracy": 0.9546875
    },
    "18": {
      "loss": 0.40804754798300563,
      "accuracy": 0.95
    },
    "19": {
      "loss": 0.45159453940577804,
      "accuracy": 0.94375
    },
    "20": {
      "loss": 0.48560809744521977,
      "accuracy": 0.9375
    }
  }
}
