{
  "metadata": {
    "run_name": "clients-4__main__homogeneous__global-dp__fedyogi__noise-0.01__seed-43",
    "data_module": "experiments.reproduce.dataset.alzheimer:create_data_module",
    "partition_mode": "homogeneous",
    "partition_profile": "auto",
    "privacy": "global-dp",
    "aggregation": "fedyogi",
    "seed": 43,
    "num_clients": 4,
    "rounds": 20,
    "local_epochs": 5,
    "batch_size": 32,
    "initialization_batch_size": 32,
    "max_client_samples": 0,
    "max_test_samples": 0,
    "client_weights": "",
    "noise_multiplier": 0.01,
    "clipping_norm": 5.0,
    "initialization_pretrained": true,
    "initialization_epochs": 20,
    "initialization_final_loss": 0.24108618274331092
  },
  "train_metrics": {
    "1": {
      "train_loss": 0.49857515445910394,
      "train_loss_mean": 0.6892955631483346
    },
    "2": {
      "train_loss": 0.3932866818504408,
      "train_loss_mean": 0.5916505917673931
    },
    "3": {
      "train_loss": 0.26360966492211446,
      "train_loss_mean": 0.4696554862079211
    },
    "4": {
      "train_loss": 0.17595870624063537,
      "train_loss_mean": 0.34946251268265766
    },
    "5": {
      "train_loss": 0.11061338116269326,
      "train_loss_mean": 0.23400872995116512
    },
    "6": {
      "train_loss": 0.08911294664721936,
      "train_loss_mean": 0.17107743107771967
    },
    "7": {
      "train_loss": 0.0675188933237223,
      "train_loss_mean": 0.1330310933830333
    },
    "8": {
      "train_loss": 0.06369502304005437,
      "train_loss_mean": 0.1065908376731386
    },
    "9": {
      "train_loss": 0.046687789968473226,
      "train_loss_mean": 0.09044515775390209
    },
    "10": {
      "train_loss": 0.035028941023256266,
      "train_loss_mean": 0.07302859199728573
    },
    "11": {
      "train_loss": 0.03733803027549243,
      "train_loss_mean": 0.06349703309172572
    },
    "12": {
      "train_loss": 0.0381666494604076,
      "train_loss_mean": 0.054471828474059694
    },
    "13": {
      "train_loss": 0.03303864583624261,
      "train_loss_mean": 0.04517408013421935
    },
    "14": {
      "train_loss": 0.033297173056019425,
      "train_loss_mean": 0.042673829151536946
    },
    "15": {
      "train_loss": 0.036773515890192066,
      "train_loss_mean": 0.038463806052474035
    },
    "16": {
      "train_loss": 0.04640925802074625,
      "train_loss_mean": 0.03724845383155032
    },
    "17": {
      "train_loss": 0.034118863724903914,
      "train_loss_mean": 0.03176814390847197
    },
    "18": {
      "train_loss": 0.02608664723012577,
      "train_loss_mean": 0.02881466485397456
    },
    "19": {
      "train_loss": 0.03607637930399343,
      "train_loss_mean": 0.02632065418304775
    },
    "20": {
      "train_loss": 0.023313770753032703,
      "train_loss_mean": 0.027632718159885626
    }
  },
  "client_evaluate_metrics": {
    "1": {
      "eval_loss": 0.9546284303069115,
      "eval_acc": 0.6298828125
    },
    "2": {
      "eval_loss": 0.7230351315811276,
      "eval_acc": 0.7001953125
    },
    "3": {
      "eval_loss": 0.5814598333090544,
      "eval_acc": 0.763671875
    },
    "4": {
      "eval_loss": 0.5111549766734242,
      "eval_acc": 0.80859375
    },
    "5": {
      "eval_loss": 0.4395217224955559,
      "eval_acc": 0.830078125
    },
    "6": {
      "eval_loss": 0.3985338662751019,
      "eval_acc": 0.859375
    },
    "7": {
      "eval_loss": 0.39852196001447737,
      "eval_acc": 0.8896484375
    },
    "8": {
      "eval_loss": 0.4430834364902694,
      "eval_acc": 0.912109375
    },
    "9": {
      "eval_loss": 0.5557523594179656,
      "eval_acc": 0.912109375
    },
    "10": {
      "eval_loss": 0.5907712596235797,
      "eval_acc": 0.9169921875
    },
    "11": {
      "eval_loss": 0.5472989448535373,
      "eval_acc": 0.9287109375
    },
    "12": {
      "eval_loss": 0.5483008601186157,
      "eval_acc": 0.9326171875
    },
    "13": {
      "eval_loss": 0.43540755859112323,
      "eval_acc": 0.9423828125
    },
    "14": {
      "eval_loss": 0.279976560461364,
      "eval_acc": 0.9560546875
    },
    "15": {
      "eval_loss": 0.19784637803240912,
      "eval_acc": 0.96875
    },
    "16": {
      "eval_loss": 0.2016563818033319,
      "eval_acc": 0.9609375
    },
    "17": {
      "eval_loss": 0.19494307617424056,
      "eval_acc": 0.9560546875
    },
    "18": {
      "eval_loss": 0.19336215253861155,
      "eval_acc": 0.9599609375
    },
    "19": {
      "eval_loss": 0.22251023038188578,
      "eval_acc": 0.9619140625
    },
    "20": {
      "eval_loss": 0.25165972463750563,
      "eval_acc": 0.96484375
    }
  },
  "server_evaluate_metrics": {
    "0": {
      "loss": 1.2930236101150512,
      "accuracy": 0.603125
    },
    "1": {
      "loss": 0.9126969784498214,
      "accuracy": 0.6421875
    },
    "2": {
      "loss": 0.7247149795293808,
      "accuracy": 0.7015625
    },
    "3": {
      "loss": 0.6158379688858986,
      "accuracy": 0.753125
    },
    "4": {
      "loss": 0.5762485638260841,
      "accuracy": 0.76875
    },
    "5": {
      "loss": 0.5464474767446518,
      "accuracy": 0.778125
    },
    "6": {
      "loss": 0.5847364000976085,
      "accuracy": 0.815625
    },
    "7": {
      "loss": 0.6460329689085483,
      "accuracy": 0.85
    },
    "8": {
      "loss": 0.7585137899033725,
      "accuracy": 0.8796875
    },
    "9": {
      "loss": 0.8902828997932375,
      "accuracy": 0.8984375
    },
    "10": {
      "loss": 0.8740173164871521,
      "accuracy": 0.89375
    },
    "11": {
      "loss": 0.7593216755252797,
      "accuracy": 0.915625
    },
    "12": {
      "loss": 0.7447003294655588,
      "accuracy": 0.925
    },
    "13": {
      "loss": 0.6629205335950246,
      "accuracy": 0.93125
    },
    "14": {
      "loss": 0.5005123384355101,
      "accuracy": 0.9390625
    },
    "15": {
      "loss": 0.4188063247129321,
      "accuracy": 0.9328125
    },
    "16": {
      "loss": 0.4595936450175941,
      "accuracy": 0.9296875
    },
    "17": {
      "loss": 0.4214299560058862,
      "accuracy": 0.934375
    },
    "18": {
      "loss": 0.40744184023933483,
      "accuracy": 0.9421875
    },
    "19": {
      "loss": 0.4822430925036315,
      "accuracy": 0.94375
    },
    "20": {
      "loss": 0.535961582348682,
      "accuracy": 0.95
    }
  }
}
