{
  "metadata": {
    "run_name": "clients-4__main__homogeneous__vanilla__fedyogi__noise-0.01__seed-44",
    "data_module": "experiments.reproduce.dataset.alzheimer:create_data_module",
    "partition_mode": "homogeneous",
    "partition_profile": "auto",
    "privacy": "vanilla",
    "aggregation": "fedyogi",
    "seed": 44,
    "num_clients": 4,
    "rounds": 20,
    "local_epochs": 5,
    "batch_size": 32,
    "initialization_batch_size": 32,
    "max_client_samples": 0,
    "max_test_samples": 0,
    "client_weights": "",
    "noise_multiplier": 0.01,
    "clipping_norm": 5.0,
    "initialization_pretrained": true,
    "initialization_epochs": 20,
    "initialization_final_loss": 0.5824334010481834
  },
  "train_metrics": {
    "1": {
      "train_loss": 0.5770593751221895,
      "train_loss_mean": 0.7103811502922326
    },
    "2": {
      "train_loss": 0.45399545901454985,
      "train_loss_mean": 0.6136038890574127
    },
    "3": {
      "train_loss": 0.314901155536063,
      "train_loss_mean": 0.4748687978601083
    },
    "4": {
      "train_loss": 0.20934852567734197,
      "train_loss_mean": 0.3433488863054663
    },
    "5": {
      "train_loss": 0.13640180499351118,
      "train_loss_mean": 0.245787095092237
    },
    "6": {
      "train_loss": 0.09102051898844365,
      "train_loss_mean": 0.18188680857747386
    },
    "7": {
      "train_loss": 0.058140956243732944,
      "train_loss_mean": 0.14541832025133772
    },
    "8": {
      "train_loss": 0.05390613485178619,
      "train_loss_mean": 0.12221203212393449
    },
    "9": {
      "train_loss": 0.06305765074603187,
      "train_loss_mean": 0.09592630815734679
    },
    "10": {
      "train_loss": 0.03700604287251963,
      "train_loss_mean": 0.07676152873430624
    },
    "11": {
      "train_loss": 0.03957083775273418,
      "train_loss_mean": 0.05953609544478215
    },
    "12": {
      "train_loss": 0.034294793684445324,
      "train_loss_mean": 0.05104817964300992
    },
    "13": {
      "train_loss": 0.06944659280746635,
      "train_loss_mean": 0.050367958823654205
    },
    "14": {
      "train_loss": 0.03831200580688687,
      "train_loss_mean": 0.04239423963249784
    },
    "15": {
      "train_loss": 0.028819203773925328,
      "train_loss_mean": 0.029294942265855342
    },
    "16": {
      "train_loss": 0.03605148254448089,
      "train_loss_mean": 0.025153739218141895
    },
    "17": {
      "train_loss": 0.03881952887197904,
      "train_loss_mean": 0.03782048671577662
    },
    "18": {
      "train_loss": 0.04097040826978915,
      "train_loss_mean": 0.0310072876830897
    },
    "19": {
      "train_loss": 0.05747012758602388,
      "train_loss_mean": 0.03657898686393432
    },
    "20": {
      "train_loss": 0.018000742899744557,
      "train_loss_mean": 0.025523811894342437
    }
  },
  "client_evaluate_metrics": {
    "1": {
      "eval_loss": 0.802257351577282,
      "eval_acc": 0.623046875
    },
    "2": {
      "eval_loss": 0.6773469746112823,
      "eval_acc": 0.6943359375
    },
    "3": {
      "eval_loss": 0.6102929497137666,
      "eval_acc": 0.7568359375
    },
    "4": {
      "eval_loss": 0.6672431658953428,
      "eval_acc": 0.765625
    },
    "5": {
      "eval_loss": 0.8598301643505692,
      "eval_acc": 0.79296875
    },
    "6": {
      "eval_loss": 1.135286906734109,
      "eval_acc": 0.82421875
    },
    "7": {
      "eval_loss": 1.212491073878482,
      "eval_acc": 0.8603515625
    },
    "8": {
      "eval_loss": 1.1743911828671116,
      "eval_acc": 0.88671875
    },
    "9": {
      "eval_loss": 1.219968459176016,
      "eval_acc": 0.880859375
    },
    "10": {
      "eval_loss": 1.013190555415349,
      "eval_acc": 0.90234375
    },
    "11": {
      "eval_loss": 0.6907002979187382,
      "eval_acc": 0.9228515625
    },
    "12": {
      "eval_loss": 0.5340938871122489,
      "eval_acc": 0.9365234375
    },
    "13": {
      "eval_loss": 0.5513942536199465,
      "eval_acc": 0.93359375
    },
    "14": {
      "eval_loss": 0.5607227759319358,
      "eval_acc": 0.93359375
    },
    "15": {
      "eval_loss": 0.5747218535543652,
      "eval_acc": 0.943359375
    },
    "16": {
      "eval_loss": 0.6350623852704302,
      "eval_acc": 0.94921875
    },
    "17": {
      "eval_loss": 0.7073842228915055,
      "eval_acc": 0.95703125
    },
    "18": {
      "eval_loss": 0.7908996861791593,
      "eval_acc": 0.9560546875
    },
    "19": {
      "eval_loss": 0.7905677905775264,
      "eval_acc": 0.95703125
    },
    "20": {
      "eval_loss": 0.720142427933979,
      "eval_acc": 0.9560546875
    }
  },
  "server_evaluate_metrics": {
    "0": {
      "loss": 0.9633606493473053,
      "accuracy": 0.5609375
    },
    "1": {
      "loss": 0.7931121289730072,
      "accuracy": 0.64375
    },
    "2": {
      "loss": 0.6886779606342316,
      "accuracy": 0.7
    },
    "3": {
      "loss": 0.645500648021698,
      "accuracy": 0.73125
    },
    "4": {
      "loss": 0.7029740869998932,
      "accuracy": 0.7515625
    },
    "5": {
      "loss": 0.9467818841338158,
      "accuracy": 0.775
    },
    "6": {
      "loss": 1.3284202128648759,
      "accuracy": 0.7921875
    },
    "7": {
      "loss": 1.4534775391221046,
      "accuracy": 0.8390625
    },
    "8": {
      "loss": 1.410733213601634,
      "accuracy": 0.8671875
    },
    "9": {
      "loss": 1.385051635839045,
      "accuracy": 0.8765625
    },
    "10": {
      "loss": 1.0893072086386382,
      "accuracy": 0.896875
    },
    "11": {
      "loss": 0.7809105396270752,
      "accuracy": 0.915625
    },
    "12": {
      "loss": 0.5623863995773718,
      "accuracy": 0.9234375
    },
    "13": {
      "loss": 0.5475151007645763,
      "accuracy": 0.93125
    },
    "14": {
      "loss": 0.5730473262257874,
      "accuracy": 0.9296875
    },
    "15": {
      "loss": 0.6119639742188155,
      "accuracy": 0.9390625
    },
    "16": {
      "loss": 0.7330775140784681,
      "accuracy": 0.9453125
    },
    "17": {
      "loss": 0.8634541503852233,
      "accuracy": 0.9484375
    },
    "18": {
      "loss": 1.0046835018671119,
      "accuracy": 0.9421875
    },
    "19": {
      "loss": 1.0338702276814729,
      "accuracy": 0.9515625
    },
    "20": {
      "loss": 0.9700867813779042,
      "accuracy": 0.95625
    }
  }
}
