{
  "metadata": {
    "run_name": "clients-4__appendix-b__homogeneous__global-dp__fedyogi__noise-0.003__seed-42",
    "data_module": "experiments.reproduce.dataset.alzheimer:create_data_module",
    "partition_mode": "homogeneous",
    "partition_profile": "auto",
    "privacy": "global-dp",
    "aggregation": "fedyogi",
    "seed": 42,
    "num_clients": 4,
    "rounds": 20,
    "local_epochs": 5,
    "batch_size": 32,
    "initialization_batch_size": 32,
    "max_client_samples": 0,
    "max_test_samples": 0,
    "client_weights": "",
    "noise_multiplier": 0.003,
    "clipping_norm": 5.0,
    "initialization_pretrained": true,
    "initialization_epochs": 20,
    "initialization_final_loss": 0.574489738047123
  },
  "train_metrics": {
    "1": {
      "train_loss": 0.5330529188504443,
      "train_loss_mean": 0.6827462330693378
    },
    "2": {
      "train_loss": 0.44484679494053125,
      "train_loss_mean": 0.6104992334265261
    },
    "3": {
      "train_loss": 0.3148786624078639,
      "train_loss_mean": 0.49767939011799167
    },
    "4": {
      "train_loss": 0.19968774705193937,
      "train_loss_mean": 0.3604448476806283
    },
    "5": {
      "train_loss": 0.1434701982070692,
      "train_loss_mean": 0.25092640708026015
    },
    "6": {
      "train_loss": 0.09766225235216552,
      "train_loss_mean": 0.17605078209162456
    },
    "7": {
      "train_loss": 0.0583953925743117,
      "train_loss_mean": 0.1390367405532743
    },
    "8": {
      "train_loss": 0.05836038296001789,
      "train_loss_mean": 0.11237489252453087
    },
    "9": {
      "train_loss": 0.03837804673230494,
      "train_loss_mean": 0.08313200283446348
    },
    "10": {
      "train_loss": 0.04432059230998675,
      "train_loss_mean": 0.07443622977730228
    },
    "11": {
      "train_loss": 0.03212307457351926,
      "train_loss_mean": 0.059821141781213075
    },
    "12": {
      "train_loss": 0.040771922915070036,
      "train_loss_mean": 0.04568267493955585
    },
    "13": {
      "train_loss": 0.02300624490719727,
      "train_loss_mean": 0.03530055658155078
    },
    "14": {
      "train_loss": 0.0244769432119325,
      "train_loss_mean": 0.03857182920117545
    },
    "15": {
      "train_loss": 0.036857775230809575,
      "train_loss_mean": 0.027399788081721468
    },
    "16": {
      "train_loss": 0.027098764614442716,
      "train_loss_mean": 0.026315439410370588
    },
    "17": {
      "train_loss": 0.027673720624082142,
      "train_loss_mean": 0.027820267436713945
    },
    "18": {
      "train_loss": 0.02188297029069647,
      "train_loss_mean": 0.027690482225767817
    },
    "19": {
      "train_loss": 0.026922666414657806,
      "train_loss_mean": 0.021244314216023026
    },
    "20": {
      "train_loss": 0.01886540060172187,
      "train_loss_mean": 0.018628833445130957
    }
  },
  "client_evaluate_metrics": {
    "1": {
      "eval_loss": 0.7963042221963406,
      "eval_acc": 0.650390625
    },
    "2": {
      "eval_loss": 0.7072112020105124,
      "eval_acc": 0.6943359375
    },
    "3": {
      "eval_loss": 0.5949245169758797,
      "eval_acc": 0.763671875
    },
    "4": {
      "eval_loss": 0.4752323068678379,
      "eval_acc": 0.8056640625
    },
    "5": {
      "eval_loss": 0.47564486414194107,
      "eval_acc": 0.8046875
    },
    "6": {
      "eval_loss": 0.5687409397214651,
      "eval_acc": 0.8125
    },
    "7": {
      "eval_loss": 0.593856762163341,
      "eval_acc": 0.8681640625
    },
    "8": {
      "eval_loss": 0.47650063456967473,
      "eval_acc": 0.90234375
    },
    "9": {
      "eval_loss": 0.3186832318024244,
      "eval_acc": 0.9384765625
    },
    "10": {
      "eval_loss": 0.2778937789844349,
      "eval_acc": 0.953125
    },
    "11": {
      "eval_loss": 0.23623013318137964,
      "eval_acc": 0.9580078125
    },
    "12": {
      "eval_loss": 0.19256579390275874,
      "eval_acc": 0.9599609375
    },
    "13": {
      "eval_loss": 0.18258288455399452,
      "eval_acc": 0.9638671875
    },
    "14": {
      "eval_loss": 0.19134613231290132,
      "eval_acc": 0.958984375
    },
    "15": {
      "eval_loss": 0.19100940295902546,
      "eval_acc": 0.958984375
    },
    "16": {
      "eval_loss": 0.1744206906441832,
      "eval_acc": 0.9619140625
    },
    "17": {
      "eval_loss": 0.18064865369251493,
      "eval_acc": 0.9638671875
    },
    "18": {
      "eval_loss": 0.1842669622469657,
      "eval_acc": 0.97265625
    },
    "19": {
      "eval_loss": 0.19761407393903596,
      "eval_acc": 0.9765625
    },
    "20": {
      "eval_loss": 0.21018442505538815,
      "eval_acc": 0.9775390625
    }
  },
  "server_evaluate_metrics": {
    "0": {
      "loss": 0.9115987718105316,
      "accuracy": 0.6015625
    },
    "1": {
      "loss": 0.8066482305526733,
      "accuracy": 0.6234375
    },
    "2": {
      "loss": 0.7121246486902237,
      "accuracy": 0.675
    },
    "3": {
      "loss": 0.6081237673759461,
      "accuracy": 0.7390625
    },
    "4": {
      "loss": 0.5283904522657394,
      "accuracy": 0.7703125
    },
    "5": {
      "loss": 0.5727188751101494,
      "accuracy": 0.8
    },
    "6": {
      "loss": 0.7297292068600655,
      "accuracy": 0.7984375
    },
    "7": {
      "loss": 0.8208631902933121,
      "accuracy": 0.8375
    },
    "8": {
      "loss": 0.7606776598840952,
      "accuracy": 0.8890625
    },
    "9": {
      "loss": 0.6637870718725025,
      "accuracy": 0.934375
    },
    "10": {
      "loss": 0.6136792074772529,
      "accuracy": 0.94375
    },
    "11": {
      "loss": 0.5050821732613258,
      "accuracy": 0.9421875
    },
    "12": {
      "loss": 0.4204224466113374,
      "accuracy": 0.95
    },
    "13": {
      "loss": 0.368131816922687,
      "accuracy": 0.9515625
    },
    "14": {
      "loss": 0.3569544905330986,
      "accuracy": 0.9453125
    },
    "15": {
      "loss": 0.3559279437176883,
      "accuracy": 0.9453125
    },
    "16": {
      "loss": 0.40279056927538476,
      "accuracy": 0.9453125
    },
    "17": {
      "loss": 0.428200161382847,
      "accuracy": 0.9484375
    },
    "18": {
      "loss": 0.4274512234893336,
      "accuracy": 0.95625
    },
    "19": {
      "loss": 0.48361890191249585,
      "accuracy": 0.9640625
    },
    "20": {
      "loss": 0.5042578774166486,
      "accuracy": 0.9609375
    }
  }
}
