{
  "metadata": {
    "run_name": "clients-4__main__homogeneous__metric-privacy__fedyogi__noise-0.01__seed-44",
    "data_module": "experiments.reproduce.dataset.alzheimer:create_data_module",
    "partition_mode": "homogeneous",
    "partition_profile": "auto",
    "privacy": "metric-privacy",
    "aggregation": "fedyogi",
    "seed": 44,
    "num_clients": 4,
    "rounds": 20,
    "local_epochs": 5,
    "batch_size": 32,
    "initialization_batch_size": 32,
    "max_client_samples": 0,
    "max_test_samples": 0,
    "client_weights": "",
    "noise_multiplier": 0.01,
    "clipping_norm": 5.0,
    "initialization_pretrained": true,
    "initialization_epochs": 20,
    "initialization_final_loss": 0.545782470703125
  },
  "train_metrics": {
    "1": {
      "train_loss": 0.5464440516661853,
      "train_loss_mean": 0.6938293040730059,
      "metric-dp-distance": 1.4064798866553854,
      "metric-dp-noise-stdv": 0.008887436015686687
    },
    "2": {
      "train_loss": 0.462940837838687,
      "train_loss_mean": 0.6278377110371366,
      "metric-dp-distance": 1.4104263149977971,
      "metric-dp-noise-stdv": 0.008862568619913705
    },
    "3": {
      "train_loss": 0.3318691204767674,
      "train_loss_mean": 0.5088362813228742,
      "metric-dp-distance": 1.3481160055380315,
      "metric-dp-noise-stdv": 0.009272199090174934
    },
    "4": {
      "train_loss": 0.23813320277258754,
      "train_loss_mean": 0.3857283229590393,
      "metric-dp-distance": 1.205513172550127,
      "metric-dp-noise-stdv": 0.010369028132274707
    },
    "5": {
      "train_loss": 0.14410379459150136,
      "train_loss_mean": 0.2703169455431635,
      "metric-dp-distance": 1.1120453499412786,
      "metric-dp-noise-stdv": 0.0112405487785728
    },
    "6": {
      "train_loss": 0.10137066832976416,
      "train_loss_mean": 0.1997499156394042,
      "metric-dp-distance": 1.0563690758620699,
      "metric-dp-noise-stdv": 0.011832985540398501
    },
    "7": {
      "train_loss": 0.07606069040775765,
      "train_loss_mean": 0.15809287628508173,
      "metric-dp-distance": 0.9582224284143498,
      "metric-dp-noise-stdv": 0.013044987916516197
    },
    "8": {
      "train_loss": 0.05437519648876332,
      "train_loss_mean": 0.1293214538771281,
      "metric-dp-distance": 0.8677850066839407,
      "metric-dp-noise-stdv": 0.014404489480368118
    },
    "9": {
      "train_loss": 0.03689554527772998,
      "train_loss_mean": 0.08975597983835541,
      "metric-dp-distance": 0.8730671294033527,
      "metric-dp-noise-stdv": 0.01431734122041956
    },
    "10": {
      "train_loss": 0.04184670582662875,
      "train_loss_mean": 0.07072952865369189,
      "metric-dp-distance": 0.8930096758995205,
      "metric-dp-noise-stdv": 0.013997608690419692
    },
    "11": {
      "train_loss": 0.03166280337825356,
      "train_loss_mean": 0.05808558950952829,
      "metric-dp-distance": 0.9019638072544088,
      "metric-dp-noise-stdv": 0.013858649204617405
    },
    "12": {
      "train_loss": 0.029130668137952398,
      "train_loss_mean": 0.04908600917961223,
      "metric-dp-distance": 0.9439568585560968,
      "metric-dp-noise-stdv": 0.013242130598129617
    },
    "13": {
      "train_loss": 0.04557445863195042,
      "train_loss_mean": 0.043707705873861614,
      "metric-dp-distance": 1.0250298876004915,
      "metric-dp-noise-stdv": 0.012194766368482626
    },
    "14": {
      "train_loss": 0.051146016101304426,
      "train_loss_mean": 0.04010992108162714,
      "metric-dp-distance": 1.0049174964272727,
      "metric-dp-noise-stdv": 0.01243883208764954
    },
    "15": {
      "train_loss": 0.022851514228989345,
      "train_loss_mean": 0.03651878644166793,
      "metric-dp-distance": 1.0318929600374152,
      "metric-dp-noise-stdv": 0.01211365954037206
    },
    "16": {
      "train_loss": 0.027772224470329565,
      "train_loss_mean": 0.03155944701690202,
      "metric-dp-distance": 1.0269698311264317,
      "metric-dp-noise-stdv": 0.012171730484321411
    },
    "17": {
      "train_loss": 0.017234045063700562,
      "train_loss_mean": 0.03183888559946062,
      "metric-dp-distance": 1.0369179435462381,
      "metric-dp-noise-stdv": 0.01205495582152842
    },
    "18": {
      "train_loss": 0.0727527400696566,
      "train_loss_mean": 0.039300656965391714,
      "metric-dp-distance": 1.1383325623658795,
      "metric-dp-noise-stdv": 0.010980973762202091
    },
    "19": {
      "train_loss": 0.05278102283341031,
      "train_loss_mean": 0.03012839195440189,
      "metric-dp-distance": 1.0706436714778345,
      "metric-dp-noise-stdv": 0.011675219620684778
    },
    "20": {
      "train_loss": 0.04511649869158928,
      "train_loss_mean": 0.030647196969319897,
      "metric-dp-distance": 1.0635142956549923,
      "metric-dp-noise-stdv": 0.01175348563819874
    }
  },
  "client_evaluate_metrics": {
    "1": {
      "eval_loss": 0.9198190402239561,
      "eval_acc": 0.5693359375
    },
    "2": {
      "eval_loss": 0.7356968801468611,
      "eval_acc": 0.64453125
    },
    "3": {
      "eval_loss": 0.6136640356853604,
      "eval_acc": 0.728515625
    },
    "4": {
      "eval_loss": 0.5693639619275928,
      "eval_acc": 0.7705078125
    },
    "5": {
      "eval_loss": 0.8113954160362482,
      "eval_acc": 0.7587890625
    },
    "6": {
      "eval_loss": 1.0796220675110817,
      "eval_acc": 0.7763671875
    },
    "7": {
      "eval_loss": 1.0990991024300456,
      "eval_acc": 0.8095703125
    },
    "8": {
      "eval_loss": 0.8810300808399916,
      "eval_acc": 0.8642578125
    },
    "9": {
      "eval_loss": 0.675741427927278,
      "eval_acc": 0.90234375
    },
    "10": {
      "eval_loss": 0.6815852609106514,
      "eval_acc": 0.9150390625
    },
    "11": {
      "eval_loss": 0.6489448506908957,
      "eval_acc": 0.908203125
    },
    "12": {
      "eval_loss": 0.5247535407179384,
      "eval_acc": 0.9287109375
    },
    "13": {
      "eval_loss": 0.4019034229568206,
      "eval_acc": 0.939453125
    },
    "14": {
      "eval_loss": 0.43370149323163787,
      "eval_acc": 0.94921875
    },
    "15": {
      "eval_loss": 0.46385090850526467,
      "eval_acc": 0.9404296875
    },
    "16": {
      "eval_loss": 0.5394317821665027,
      "eval_acc": 0.9326171875
    },
    "17": {
      "eval_loss": 0.6632778636048897,
      "eval_acc": 0.9287109375
    },
    "18": {
      "eval_loss": 0.6921636404808851,
      "eval_acc": 0.9306640625
    },
    "19": {
      "eval_loss": 0.6585097531715292,
      "eval_acc": 0.9404296875
    },
    "20": {
      "eval_loss": 0.5122403848617978,
      "eval_acc": 0.9521484375
    }
  },
  "server_evaluate_metrics": {
    "0": {
      "loss": 0.9417509406805038,
      "accuracy": 0.5640625
    },
    "1": {
      "loss": 0.9286273568868637,
      "accuracy": 0.5859375
    },
    "2": {
      "loss": 0.7353615760803223,
      "accuracy": 0.684375
    },
    "3": {
      "loss": 0.6231749892234802,
      "accuracy": 0.7515625
    },
    "4": {
      "loss": 0.5857646197080613,
      "accuracy": 0.759375
    },
    "5": {
      "loss": 0.8176326245069504,
      "accuracy": 0.7765625
    },
    "6": {
      "loss": 1.0763404279947282,
      "accuracy": 0.775
    },
    "7": {
      "loss": 1.0590417802333831,
      "accuracy": 0.821875
    },
    "8": {
      "loss": 0.9091820754110813,
      "accuracy": 0.8484375
    },
    "9": {
      "loss": 0.7048205267637968,
      "accuracy": 0.8953125
    },
    "10": {
      "loss": 0.7045524263754487,
      "accuracy": 0.9015625
    },
    "11": {
      "loss": 0.6540489330887794,
      "accuracy": 0.9078125
    },
    "12": {
      "loss": 0.5677306957542896,
      "accuracy": 0.91875
    },
    "13": {
      "loss": 0.4752947961911559,
      "accuracy": 0.9234375
    },
    "14": {
      "loss": 0.4743517721653916,
      "accuracy": 0.9296875
    },
    "15": {
      "loss": 0.5427215096191503,
      "accuracy": 0.93125
    },
    "16": {
      "loss": 0.6627121824829374,