{
  "metadata": {
    "run_name": "clients-4__main__homogeneous__global-dp__fedyogi__noise-0.01__seed-45",
    "data_module": "experiments.reproduce.dataset.alzheimer:create_data_module",
    "partition_mode": "homogeneous",
    "partition_profile": "auto",
    "privacy": "global-dp",
    "aggregation": "fedyogi",
    "seed": 45,
    "num_clients": 4,
    "rounds": 20,
    "local_epochs": 5,
    "batch_size": 32,
    "initialization_batch_size": 32,
    "max_client_samples": 0,
    "max_test_samples": 0,
    "client_weights": "",
    "noise_multiplier": 0.01,
    "clipping_norm": 5.0,
    "initialization_pretrained": true,
    "initialization_epochs": 20,
    "initialization_final_loss": 0.330016165971756
  },
  "train_metrics": {
    "1": {
      "train_loss": 0.4449240524554625,
      "train_loss_mean": 0.6517201435519382
    },
    "2": {
      "train_loss": 0.37117163208313286,
      "train_loss_mean": 0.5878070825245232
    },
    "3": {
      "train_loss": 0.2528810219373554,
      "train_loss_mean": 0.4713858481496572
    },
    "4": {
      "train_loss": 0.16204731009202078,
      "train_loss_mean": 0.35337366033345463
    },
    "5": {
      "train_loss": 0.116183545855165,
      "train_loss_mean": 0.2369640553268255
    },
    "6": {
      "train_loss": 0.08166574955976103,
      "train_loss_mean": 0.16486075985303614
    },
    "7": {
      "train_loss": 0.06169868704455439,
      "train_loss_mean": 0.12720903362205718
    },
    "8": {
      "train_loss": 0.057784705837548245,
      "train_loss_mean": 0.10005374003903854
    },
    "9": {
      "train_loss": 0.054660224419421866,
      "train_loss_mean": 0.08446757873853131
    },
    "10": {
      "train_loss": 0.030712284077935692,
      "train_loss_mean": 0.06791391970713789
    },
    "11": {
      "train_loss": 0.04505643249694913,
      "train_loss_mean": 0.0541810913954663
    },
    "12": {
      "train_loss": 0.03282555152870259,
      "train_loss_mean": 0.04196244087855092
    },
    "13": {
      "train_loss": 0.03666145325439807,
      "train_loss_mean": 0.03993736916614737
    },
    "14": {
      "train_loss": 0.027177583833431385,
      "train_loss_mean": 0.0395239061848387
    },
    "15": {
      "train_loss": 0.01346881796866839,
      "train_loss_mean": 0.02732280177512618
    },
    "16": {
      "train_loss": 0.02380793587284946,
      "train_loss_mean": 0.02682828987821764
    },
    "17": {
      "train_loss": 0.03823845491084432,
      "train_loss_mean": 0.029899548483481767
    },
    "18": {
      "train_loss": 0.022701456222300714,
      "train_loss_mean": 0.02342974938704364
    },
    "19": {
      "train_loss": 0.023863496656311295,
      "train_loss_mean": 0.02287400459961649
    },
    "20": {
      "train_loss": 0.06517766467809416,
      "train_loss_mean": 0.029773361648426287
    }
  },
  "client_evaluate_metrics": {
    "1": {
      "eval_loss": 0.8529346380382776,
      "eval_acc": 0.6767578125
    },
    "2": {
      "eval_loss": 0.6984862666577101,
      "eval_acc": 0.6953125
    },
    "3": {
      "eval_loss": 0.5807164516299963,
      "eval_acc": 0.7470703125
    },
    "4": {
      "eval_loss": 0.48327861074358225,
      "eval_acc": 0.791015625
    },
    "5": {
      "eval_loss": 0.45929860323667526,
      "eval_acc": 0.8154296875
    },
    "6": {
      "eval_loss": 0.48042033915407956,
      "eval_acc": 0.85546875
    },
    "7": {
      "eval_loss": 0.6088323290459812,
      "eval_acc": 0.8720703125
    },
    "8": {
      "eval_loss": 0.6426890781149268,
      "eval_acc": 0.8896484375
    },
    "9": {
      "eval_loss": 0.5219290238710528,
      "eval_acc": 0.912109375
    },
    "10": {
      "eval_loss": 0.4838271519089403,
      "eval_acc": 0.9365234375
    },
    "11": {
      "eval_loss": 0.530137239186196,
      "eval_acc": 0.9375
    },
    "12": {
      "eval_loss": 0.6207721934864594,
      "eval_acc": 0.9365234375
    },
    "13": {
      "eval_loss": 0.4207127041399872,
      "eval_acc": 0.943359375
    },
    "14": {
      "eval_loss": 0.2825926300070023,
      "eval_acc": 0.951171875
    },
    "15": {
      "eval_loss": 0.1825926563324174,
      "eval_acc": 0.9599609375
    },
    "16": {
      "eval_loss": 0.17768293234621524,
      "eval_acc": 0.9580078125
    },
    "17": {
      "eval_loss": 0.1960483235598076,
      "eval_acc": 0.9580078125
    },
    "18": {
      "eval_loss": 0.24166499068860503,
      "eval_acc": 0.9521484375
    },
    "19": {
      "eval_loss": 0.2247613220246194,
      "eval_acc": 0.9609375
    },
    "20": {
      "eval_loss": 0.24661780282741574,
      "eval_acc": 0.9599609375
    }
  },
  "server_evaluate_metrics": {
    "0": {
      "loss": 1.0557421416044235,
      "accuracy": 0.6375
    },
    "1": {
      "loss": 0.945883709192276,
      "accuracy": 0.6578125
    },
    "2": {
      "loss": 0.772500741481781,
      "accuracy": 0.678125
    },
    "3": {
      "loss": 0.630612924695015,
      "accuracy": 0.7265625
    },
    "4": {
      "loss": 0.5267222076654434,
      "accuracy": 0.7859375
    },
    "5": {
      "loss": 0.5114159002900124,
      "accuracy": 0.80625
    },
    "6": {
      "loss": 0.5155740574002265,
      "accuracy": 0.8203125
    },
    "7": {
      "loss": 0.6752444319427013,
      "accuracy": 0.8546875
    },
    "8": {
      "loss": 0.7114485561847687,
      "accuracy": 0.8796875
    },
    "9": {
      "loss": 0.7219305077567697,
      "accuracy": 0.8953125
    },
    "10": {
      "loss": 0.6694129269802943,
      "accuracy": 0.91875
    },
    "11": {
      "loss": 0.7506070341798476,
      "accuracy": 0.925
    },
    "12": {
      "loss": 0.9784020596533083,
      "accuracy": 0.9203125
    },
    "13": {
      "loss": 0.7133637450868264,
      "accuracy": 0.9265625
    },
    "14": {
      "loss": 0.5226799591444433,
      "accuracy": 0.93125
    },
    "15": {
      "loss": 0.3658583659213036,
      "accuracy": 0.940625
    },
    "16": {
      "loss": 0.2768447395879775,
      "accuracy": 0.95
    },
    "17": {
      "loss": 0.2845780214876868,
      "accuracy": 0.9578125
    },
    "18": {
      "loss": 0.33737046576861757,
      "accuracy": 0.9578125
    },
    "19": {
      "loss": 0.3731417622388108,
      "accuracy": 0.9609375
    },
    "20": {
      "loss": 0.42478779330049293,
      "accuracy": 0.965625
    }
  }
}
