{
  "metadata": {
    "run_name": "clients-4__main__homogeneous__global-dp__fedyogi__noise-0.01__seed-46",
    "data_module": "experiments.reproduce.dataset.alzheimer:create_data_module",
    "partition_mode": "homogeneous",
    "partition_profile": "auto",
    "privacy": "global-dp",
    "aggregation": "fedyogi",
    "seed": 46,
    "num_clients": 4,
    "rounds": 20,
    "local_epochs": 5,
    "batch_size": 32,
    "initialization_batch_size": 32,
    "max_client_samples": 0,
    "max_test_samples": 0,
    "client_weights": "",
    "noise_multiplier": 0.01,
    "clipping_norm": 5.0,
    "initialization_pretrained": true,
    "initialization_epochs": 20,
    "initialization_final_loss": 0.3057940274477005
  },
  "train_metrics": {
    "1": {
      "train_loss": 0.4895871162880212,
      "train_loss_mean": 0.6570837466511875
    },
    "2": {
      "train_loss": 0.3849721127189696,
      "train_loss_mean": 0.5801901844330132
    },
    "3": {
      "train_loss": 0.264844503661152,
      "train_loss_mean": 0.47003144006012004
    },
    "4": {
      "train_loss": 0.17998758581234142,
      "train_loss_mean": 0.346466788824182
    },
    "5": {
      "train_loss": 0.12108589854324237,
      "train_loss_mean": 0.2453601369052194
    },
    "6": {
      "train_loss": 0.07983950452762656,
      "train_loss_mean": 0.16954281714424724
    },
    "7": {
      "train_loss": 0.06487451843349845,
      "train_loss_mean": 0.1269900159422832
    },
    "8": {
      "train_loss": 0.05487452305533225,
      "train_loss_mean": 0.10350041996716754
    },
    "9": {
      "train_loss": 0.03428266241280653,
      "train_loss_mean": 0.08331677815822332
    },
    "10": {
      "train_loss": 0.03739625102446098,
      "train_loss_mean": 0.06978606105210475
    },
    "11": {
      "train_loss": 0.021242302828056836,
      "train_loss_mean": 0.05165767681174884
    },
    "12": {
      "train_loss": 0.030956840421339393,
      "train_loss_mean": 0.04690139516886517
    },
    "13": {
      "train_loss": 0.037847329151819764,
      "train_loss_mean": 0.04291138712415012
    },
    "14": {
      "train_loss": 0.02694899823663377,
      "train_loss_mean": 0.035344049098161176
    },
    "15": {
      "train_loss": 0.038961175424308436,
      "train_loss_mean": 0.03406876392102741
    },
    "16": {
      "train_loss": 0.03329766991666938,
      "train_loss_mean": 0.027381529821112506
    },
    "17": {
      "train_loss": 0.02425410836407993,
      "train_loss_mean": 0.028297057103254513
    },
    "18": {
      "train_loss": 0.02898572540165334,
      "train_loss_mean": 0.03200140049236986
    },
    "19": {
      "train_loss": 0.026417689052056437,
      "train_loss_mean": 0.021380670831806226
    },
    "20": {
      "train_loss": 0.025266316934326294,
      "train_loss_mean": 0.03221259662094021
    }
  },
  "client_evaluate_metrics": {
    "1": {
      "eval_loss": 0.8285191655158997,
      "eval_acc": 0.6748046875
    },
    "2": {
      "eval_loss": 0.7397139230743051,
      "eval_acc": 0.69921875
    },
    "3": {
      "eval_loss": 0.635419562458992,
      "eval_acc": 0.720703125
    },
    "4": {
      "eval_loss": 0.5039605144411325,
      "eval_acc": 0.7841796875
    },
    "5": {
      "eval_loss": 0.4229235714301467,
      "eval_acc": 0.830078125
    },
    "6": {
      "eval_loss": 0.5356800081208348,
      "eval_acc": 0.845703125
    },
    "7": {
      "eval_loss": 0.48718137794639915,
      "eval_acc": 0.8759765625
    },
    "8": {
      "eval_loss": 0.3968839204753749,
      "eval_acc": 0.9072265625
    },
    "9": {
      "eval_loss": 0.2576647086261801,
      "eval_acc": 0.9365234375
    },
    "10": {
      "eval_loss": 0.2001238389784703,
      "eval_acc": 0.9599609375
    },
    "11": {
      "eval_loss": 0.20636858627494803,
      "eval_acc": 0.95703125
    },
    "12": {
      "eval_loss": 0.2397641685435019,
      "eval_acc": 0.953125
    },
    "13": {
      "eval_loss": 0.20721038759165822,
      "eval_acc": 0.95703125
    },
    "14": {
      "eval_loss": 0.17024876269624656,
      "eval_acc": 0.9609375
    },
    "15": {
      "eval_loss": 0.13996133954060497,
      "eval_acc": 0.9638671875
    },
    "16": {
      "eval_loss": 0.13301200343266828,
      "eval_acc": 0.9716796875
    },
    "17": {
      "eval_loss": 0.1364601153127296,
      "eval_acc": 0.97265625
    },
    "18": {
      "eval_loss": 0.14885732836864918,
      "eval_acc": 0.9755859375
    },
    "19": {
      "eval_loss": 0.20664567794301547,
      "eval_acc": 0.9716796875
    },
    "20": {
      "eval_loss": 0.26220695033953234,
      "eval_acc": 0.9716796875
    }
  },
  "server_evaluate_metrics": {
    "0": {
      "loss": 0.91870047301054,
      "accuracy": 0.671875
    },
    "1": {
      "loss": 0.7760912716388703,
      "accuracy": 0.6953125
    },
    "2": {
      "loss": 0.6877021133899689,
      "accuracy": 0.746875
    },
    "3": {
      "loss": 0.5832215547561646,
      "accuracy": 0.76875
    },
    "4": {
      "loss": 0.46923402026295663,
      "accuracy": 0.8234375
    },
    "5": {
      "loss": 0.44538684040307996,
      "accuracy": 0.821875
    },
    "6": {
      "loss": 0.6391388073563575,
      "accuracy": 0.815625
    },
    "7": {
      "loss": 0.6450545597821474,
      "accuracy": 0.86875
    },
    "8": {
      "loss": 0.6382411856204271,
      "accuracy": 0.8859375
    },
    "9": {
      "loss": 0.45533300656825304,
      "accuracy": 0.9203125
    },
    "10": {
      "loss": 0.3281452046940103,
      "accuracy": 0.95
    },
    "11": {
      "loss": 0.3776636905735359,
      "accuracy": 0.9453125
    },
    "12": {
      "loss": 0.3928190728503978,
      "accuracy": 0.9390625
    },
    "13": {
      "loss": 0.3049080827040598,
      "accuracy": 0.9421875
    },
    "14": {
      "loss": 0.27499913461506365,
      "accuracy": 0.946875
    },
    "15": {
      "loss": 0.24315821945201604,
      "accuracy": 0.9484375
    },
    "16": {
      "loss": 0.25168332397006454,
      "accuracy": 0.953125
    },
    "17": {
      "loss": 0.26317597755987665,
      "accuracy": 0.9625
    },
    "18": {
      "loss": 0.30522092107275967,
      "accuracy": 0.959375
    },
    "19": {
      "loss": 0.36220691406633704,
      "accuracy": 0.9546875
    },
    "20": {
      "loss": 0.4417638281980544,
      "accuracy": 0.95625
    }
  }
}
