{
  "metadata": {
    "run_name": "clients-4__appendix-b__homogeneous__metric-privacy__fedyogi__noise-0.003__seed-42",
    "data_module": "experiments.reproduce.dataset.alzheimer:create_data_module",
    "partition_mode": "homogeneous",
    "partition_profile": "auto",
    "privacy": "metric-privacy",
    "aggregation": "fedyogi",
    "seed": 42,
    "num_clients": 4,
    "rounds": 20,
    "local_epochs": 5,
    "batch_size": 32,
    "initialization_batch_size": 32,
    "max_client_samples": 0,
    "max_test_samples": 0,
    "client_weights": "",
    "noise_multiplier": 0.003,
    "clipping_norm": 5.0,
    "initialization_pretrained": true,
    "initialization_epochs": 20,
    "initialization_final_loss": 0.7649480909109115
  },
  "train_metrics": {
    "1": {
      "train_loss": 0.6730943187139928,
      "train_loss_mean": 0.7611114807892592,
      "metric-dp-distance": 1.5124916951172054,
      "metric-dp-noise-stdv": 0.0024793524566820227
    },
    "2": {
      "train_loss": 0.6138627724722028,
      "train_loss_mean": 0.7172232089564204,
      "metric-dp-distance": 1.44430045147116,
      "metric-dp-noise-stdv": 0.0025964126758945905
    },
    "3": {
      "train_loss": 0.476701695821248,
      "train_loss_mean": 0.6209240946220234,
      "metric-dp-distance": 1.4534962592491258,
      "metric-dp-noise-stdv": 0.0025799860000584006
    },
    "4": {
      "train_loss": 0.3415629066294059,
      "train_loss_mean": 0.495474034617655,
      "metric-dp-distance": 1.3713431690509121,
      "metric-dp-noise-stdv": 0.002734545287154727
    },
    "5": {
      "train_loss": 0.2460131850966718,
      "train_loss_mean": 0.3633726222149562,
      "metric-dp-distance": 1.3362772821759183,
      "metric-dp-noise-stdv": 0.00280630378890653
    },
    "6": {
      "train_loss": 0.17804776396951638,
      "train_loss_mean": 0.27374410928459836,
      "metric-dp-distance": 1.2549094387795776,
      "metric-dp-noise-stdv": 0.002988263442856039
    },
    "7": {
      "train_loss": 0.13819656193663832,
      "train_loss_mean": 0.22177817564515862,
      "metric-dp-distance": 1.1676079875323921,
      "metric-dp-noise-stdv": 0.0032116943700643934
    },
    "8": {
      "train_loss": 0.10846983169176383,
      "train_loss_mean": 0.17941675802721876,
      "metric-dp-distance": 1.140655449513967,
      "metric-dp-noise-stdv": 0.003287583469309575
    },
    "9": {
      "train_loss": 0.08781228135012498,
      "train_loss_mean": 0.14057874836034898,
      "metric-dp-distance": 1.0740492069162428,
      "metric-dp-noise-stdv": 0.003491460145263563
    },
    "10": {
      "train_loss": 0.06669270587462961,
      "train_loss_mean": 0.11108049350332294,
      "metric-dp-distance": 1.0251914840191603,
      "metric-dp-noise-stdv": 0.0036578532483497635
    },
    "11": {
      "train_loss": 0.061377044914479484,
      "train_loss_mean": 0.09196958986394747,
      "metric-dp-distance": 1.071505652119716,
      "metric-dp-noise-stdv": 0.0034997482211890606
    },
    "12": {
      "train_loss": 0.06009739117268964,
      "train_loss_mean": 0.08013557786359797,
      "metric-dp-distance": 1.0301121667337914,
      "metric-dp-noise-stdv": 0.0036403802625594077
    },
    "13": {
      "train_loss": 0.06779973107677506,
      "train_loss_mean": 0.06514204398903303,
      "metric-dp-distance": 1.0919910489271085,
      "metric-dp-noise-stdv": 0.003434094083174409
    },
    "14": {
      "train_loss": 0.06063631795041147,
      "train_loss_mean": 0.054012979040189174,
      "metric-dp-distance": 1.1379505746687453,
      "metric-dp-noise-stdv": 0.003295397957939971
    },
    "15": {
      "train_loss": 0.0551059909522138,
      "train_loss_mean": 0.048548928712899904,
      "metric-dp-distance": 1.1547293829886864,
      "metric-dp-noise-stdv": 0.0032475141407540863
    },
    "16": {
      "train_loss": 0.04543182043036609,
      "train_loss_mean": 0.042240624887511305,
      "metric-dp-distance": 1.1095841315885384,
      "metric-dp-noise-stdv": 0.0033796445832649973
    },
    "17": {
      "train_loss": 0.044588229483498054,
      "train_loss_mean": 0.03679679450317276,
      "metric-dp-distance": 1.1423333487473428,
      "metric-dp-noise-stdv": 0.0032827545515607738
    },
    "18": {
      "train_loss": 0.03448837591353282,
      "train_loss_mean": 0.03613265999775333,
      "metric-dp-distance": 1.1390393869951367,
      "metric-dp-noise-stdv": 0.003292247873791928
    },
    "19": {
      "train_loss": 0.026376033257683673,
      "train_loss_mean": 0.03142468674394511,
      "metric-dp-distance": 1.0667514249992867,
      "metric-dp-noise-stdv": 0.003515345667339988
    },
    "20": {
      "train_loss": 0.02785238426425707,
      "train_loss_mean": 0.025410093749968957,
      "metric-dp-distance": 1.1026485298449795,
      "metric-dp-noise-stdv": 0.003400902371426741
    }
  },
  "client_evaluate_metrics": {
    "1": {
      "eval_loss": 0.8037345316261053,
      "eval_acc": 0.6240234375
    },
    "2": {
      "eval_loss": 0.7626144606620073,
      "eval_acc": 0.66015625
    },
    "3": {
      "eval_loss": 0.7099326215684414,
      "eval_acc": 0.69140625
    },
    "4": {
      "eval_loss": 0.6198923233896494,
      "eval_acc": 0.7255859375
    },
    "5": {
      "eval_loss": 0.5357627822086215,
      "eval_acc": 0.7724609375
    },
    "6": {
      "eval_loss": 0.4966832152567804,
      "eval_acc": 0.8115234375
    },
    "7": {
      "eval_loss": 0.5500639849342406,
      "eval_acc": 0.8359375
    },
    "8": {
      "eval_loss": 0.5532393730245531,
      "eval_acc": 0.8681640625
    },
    "9": {
      "eval_loss": 0.38467439109808765,
      "eval_acc": 0.916015625
    },
    "10": {
      "eval_loss": 0.29951291804900393,
      "eval_acc": 0.939453125
    },
    "11": {
      "eval_loss": 0.252445907011861,
      "eval_acc": 0.9423828125
    },
    "12": {
      "eval_loss": 0.20318121142918244,
      "eval_acc": 0.9423828125
    },
    "13": {
      "eval_loss": 0.16433746862458065,
      "eval_acc": 0.951171875
    },
    "14": {
      "eval_loss": 0.13511389170889743,
      "eval_acc": 0.9658203125
    },
    "15": {
      "eval_loss": 0.12053035089047626,
      "eval_acc": 0.970703125
    },
    "16": {
      "eval_loss": 0.12020591858890839,
      "eval_acc": 0.96875
    },
    "17": {
      "eval_loss": 0.12450440903194249,
      "eval_acc": 0.974609375
    },
    "18": {
      "eval_loss": 0.13806452272183378,
      "eval_acc": 0.9775390625
    },
    "19": {
      "eval_loss": 0.16238579378114082,
      "eval_acc": 0.9755859375
    },
    "20": {
      "eval_loss": 0.20451682718885422,
      "eval_acc": 0.9697265625
    }
  },
  "server_evaluate_metrics": {
    "0": {
      "loss": 0.8668349206447601,
      "accuracy": 0.5828125
    },
    "1": {
      "loss": 0.8212921351194382,
      "accuracy": 0.6
    },
    "2": {
      "loss": 0.7701571553945541,
      "accuracy": 0.65
    },
    "3": {
      "loss": 0.7084038883447648,
      "accuracy": 0.68125
    },
    "4": {
      "loss": 0.6245325461030007,
      "accuracy": 0.7359375
    },
    "5": {
      "loss": 0.5858470097184181,
      "accuracy": 0.7640625
    },
    "6": {
      "loss": 0.6884571686387062,
      "accuracy": 0.8
    },
    "7": {
      "loss": 0.8753290995955467,
      "accuracy": 0.8078125
    },
    "8": {
      "loss": 0.948900580406189,
      "accuracy": 0.840625
    },
    "9": {
      "loss": 0.8279420375823975,
      "accuracy": 0.8859375
    },
    "10": {
      "loss": 0.7322767430916428,
      "accuracy": 0.91875
    },
    "11": {
      "loss": 0.6029618422966451,
      "accuracy": 0.928125
    },
    "12": {
      "loss": 0.4840469053015113,
      "accuracy": 0.9234375
    },
    "13": {
      "loss": 0.3807194037362933,
      "accuracy": 0.934375
    },
    "14": {
      "loss": 0.31383844106458125,
      "accuracy": 0.940625
    },
    "15": {
      "loss": 0.2819010030478239,
      "accuracy": 0.9390625
    },
    "16": {
      "loss": 0.27507616258226336,