{
  "metadata": {
    "run_name": "clients-4__main__homogeneous__metric-privacy__fedyogi__noise-0.01__seed-46",
    "data_module": "experiments.reproduce.dataset.alzheimer:create_data_module",
    "partition_mode": "homogeneous",
    "partition_profile": "auto",
    "privacy": "metric-privacy",
    "aggregation": "fedyogi",
    "seed": 46,
    "num_clients": 4,
    "rounds": 20,
    "local_epochs": 5,
    "batch_size": 32,
    "initialization_batch_size": 32,
    "max_client_samples": 0,
    "max_test_samples": 0,
    "client_weights": "",
    "noise_multiplier": 0.01,
    "clipping_norm": 5.0,
    "initialization_pretrained": true,
    "initialization_epochs": 20,
    "initialization_final_loss": 0.3524856142699718
  },
  "train_metrics": {
    "1": {
      "train_loss": 0.49197114910930395,
      "train_loss_mean": 0.6723501198459416,
      "metric-dp-distance": 1.4831907808935891,
      "metric-dp-noise-stdv": 0.008427776224761208
    },
    "2": {
      "train_loss": 0.4171578937675804,
      "train_loss_mean": 0.6028157443273813,
      "metric-dp-distance": 1.5610537784329306,
      "metric-dp-noise-stdv": 0.008007411514386243
    },
    "3": {
      "train_loss": 0.29384809150360525,
      "train_loss_mean": 0.48065263410098846,
      "metric-dp-distance": 1.4217522648784022,
      "metric-dp-noise-stdv": 0.008791967706883931
    },
    "4": {
      "train_loss": 0.20837811863748357,
      "train_loss_mean": 0.3599881842150353,
      "metric-dp-distance": 1.3627567780980219,
      "metric-dp-noise-stdv": 0.009172583252490625
    },
    "5": {
      "train_loss": 0.14670188675518148,
      "train_loss_mean": 0.2550987267575692,
      "metric-dp-distance": 1.2141157847363502,
      "metric-dp-noise-stdv": 0.010295558427909263
    },
    "6": {
      "train_loss": 0.10298492363654077,
      "train_loss_mean": 0.1826307859591907,
      "metric-dp-distance": 1.14232402680985,
      "metric-dp-noise-stdv": 0.01094260446828607
    },
    "7": {
      "train_loss": 0.07318668704920128,
      "train_loss_mean": 0.14991316976975214,
      "metric-dp-distance": 1.0625053651941319,
      "metric-dp-noise-stdv": 0.011764646475659073
    },
    "8": {
      "train_loss": 0.06405403732310333,
      "train_loss_mean": 0.11156175182600236,
      "metric-dp-distance": 1.0097907045080017,
      "metric-dp-noise-stdv": 0.012378802799626037
    },
    "9": {
      "train_loss": 0.054191054469811206,
      "train_loss_mean": 0.0919255433388571,
      "metric-dp-distance": 1.00587344643039,
      "metric-dp-noise-stdv": 0.012427010618840353
    },
    "10": {
      "train_loss": 0.04500320497095345,
      "train_loss_mean": 0.07022555511939572,
      "metric-dp-distance": 1.0914140709210187,
      "metric-dp-noise-stdv": 0.01145303174390224
    },
    "11": {
      "train_loss": 0.044697762290525134,
      "train_loss_mean": 0.06405842077733723,
      "metric-dp-distance": 1.0441114435282846,
      "metric-dp-noise-stdv": 0.011971902115888819
    },
    "12": {
      "train_loss": 0.047200115625969374,
      "train_loss_mean": 0.05115235272549654,
      "metric-dp-distance": 1.0715004958522816,
      "metric-dp-noise-stdv": 0.011665883542179217
    },
    "13": {
      "train_loss": 0.04548324990525998,
      "train_loss_mean": 0.0401936910757172,
      "metric-dp-distance": 1.192323655045281,
      "metric-dp-noise-stdv": 0.010483730610482005
    },
    "14": {
      "train_loss": 0.032030895120243486,
      "train_loss_mean": 0.03559047447190369,
      "metric-dp-distance": 1.0902245041603844,
      "metric-dp-noise-stdv": 0.011465528386400227
    },
    "15": {
      "train_loss": 0.0415046322845356,
      "train_loss_mean": 0.03625594613629333,
      "metric-dp-distance": 1.140268365542094,
      "metric-dp-noise-stdv": 0.010962331656072372
    },
    "16": {
      "train_loss": 0.030182224302443217,
      "train_loss_mean": 0.02949188245329564,
      "metric-dp-distance": 1.1131605333648622,
      "metric-dp-noise-stdv": 0.011229287802914639
    },
    "17": {
      "train_loss": 0.01938282145148662,
      "train_loss_mean": 0.023015175890819653,
      "metric-dp-distance": 1.1011877826725442,
      "metric-dp-noise-stdv": 0.0113513791168868
    },
    "18": {
      "train_loss": 0.016406125102936375,
      "train_loss_mean": 0.024356641521640833,
      "metric-dp-distance": 1.0479152852979798,
      "metric-dp-noise-stdv": 0.011928445147591834
    },
    "19": {
      "train_loss": 0.01947744399133544,
      "train_loss_mean": 0.02581566457847133,
      "metric-dp-distance": 1.1679306517665584,
      "metric-dp-noise-stdv": 0.010702690250566738
    },
    "20": {
      "train_loss": 0.028154572920060184,
      "train_loss_mean": 0.026358065013303573,
      "metric-dp-distance": 1.1630167405431469,
      "metric-dp-noise-stdv": 0.010747910639843676
    }
  },
  "client_evaluate_metrics": {
    "1": {
      "eval_loss": 0.8321033176034689,
      "eval_acc": 0.685546875
    },
    "2": {
      "eval_loss": 0.6906637009233236,
      "eval_acc": 0.71484375
    },
    "3": {
      "eval_loss": 0.5835036830976605,
      "eval_acc": 0.748046875
    },
    "4": {
      "eval_loss": 0.49420625902712345,
      "eval_acc": 0.7900390625
    },
    "5": {
      "eval_loss": 0.435762454289943,
      "eval_acc": 0.826171875
    },
    "6": {
      "eval_loss": 0.48293423163704574,
      "eval_acc": 0.83984375
    },
    "7": {
      "eval_loss": 0.47638106252998114,
      "eval_acc": 0.8740234375
    },
    "8": {
      "eval_loss": 0.3716015257377876,
      "eval_acc": 0.9072265625
    },
    "9": {
      "eval_loss": 0.2691779856104404,
      "eval_acc": 0.923828125
    },
    "10": {
      "eval_loss": 0.2611317389528267,
      "eval_acc": 0.9384765625
    },
    "11": {
      "eval_loss": 0.263294402124302,
      "eval_acc": 0.9404296875
    },
    "12": {
      "eval_loss": 0.23977015745913377,
      "eval_acc": 0.94921875
    },
    "13": {
      "eval_loss": 0.19997345694719115,
      "eval_acc": 0.9541015625
    },
    "14": {
      "eval_loss": 0.17853520840435522,
      "eval_acc": 0.958984375
    },
    "15": {
      "eval_loss": 0.19839570051408373,
      "eval_acc": 0.9521484375
    },
    "16": {
      "eval_loss": 0.20535872430264135,
      "eval_acc": 0.9638671875
    },
    "17": {
      "eval_loss": 0.20844503762145905,
      "eval_acc": 0.978515625
    },
    "18": {
      "eval_loss": 0.2151646035244994,
      "eval_acc": 0.9794921875
    },
    "19": {
      "eval_loss": 0.19743126700620905,
      "eval_acc": 0.9765625
    },
    "20": {
      "eval_loss": 0.23850806225772203,
      "eval_acc": 0.9677734375
    }
  },
  "server_evaluate_metrics": {
    "0": {
      "loss": 0.9422820955514908,
      "accuracy": 0.678125
    },
    "1": {
      "loss": 0.8002553716301918,
      "accuracy": 0.7125
    },
    "2": {
      "loss": 0.67006034553051,
      "accuracy": 0.7296875
    },
    "3": {
      "loss": 0.5727645471692085,
      "accuracy": 0.759375
    },
    "4": {
      "loss": 0.5026028156280518,
      "accuracy": 0.8015625
    },
    "5": {
      "loss": 0.4716894716024399,
      "accuracy": 0.8046875
    },
    "6": {
      "loss": 0.5511927507817745,
      "accuracy": 0.8328125
    },
    "7": {
      "loss": 0.537529132142663,
      "accuracy": 0.8671875
    },
    "8": {
      "loss": 0.4690093463053927,
      "accuracy": 0.9046875
    },
    "9": {
      "loss": 0.35341948151180985,
      "accuracy": 0.93125
    },
    "10": {
      "loss": 0.32299949509324505,
      "accuracy": 0.9390625
    },
    "11": {
      "loss": 0.3686726957166684,
      "accuracy": 0.9375
    },
    "12": {
      "loss": 0.3386419428745285,
      "accuracy": 0.940625
    },
    "13": {
      "loss": 0.2940418310230598,
      "accuracy": 0.953125
    },
    "14": {
      "loss": 0.26126337042078374,
      "accuracy": 0.9515625
    },
    "15": {
      "loss": 0.2776734025799669,
      "accuracy": 0.9421875
    },
    "16": {
      "loss": 0.31160422447574093,