{
  "metadata": {
    "run_name": "clients-4__main__homogeneous__vanilla__fedyogi__noise-0.01__seed-43",
    "data_module": "experiments.reproduce.dataset.alzheimer:create_data_module",
    "partition_mode": "homogeneous",
    "partition_profile": "auto",
    "privacy": "vanilla",
    "aggregation": "fedyogi",
    "seed": 43,
    "num_clients": 4,
    "rounds": 20,
    "local_epochs": 5,
    "batch_size": 32,
    "initialization_batch_size": 32,
    "max_client_samples": 0,
    "max_test_samples": 0,
    "client_weights": "",
    "noise_multiplier": 0.01,
    "clipping_norm": 5.0,
    "initialization_pretrained": true,
    "initialization_epochs": 20,
    "initialization_final_loss": 0.2727839022874832
  },
  "train_metrics": {
    "1": {
      "train_loss": 0.5460780581925064,
      "train_loss_mean": 0.7185968030709773
    },
    "2": {
      "train_loss": 0.37532812578137964,
      "train_loss_mean": 0.5713360618101433
    },
    "3": {
      "train_loss": 0.2431531481561251,
      "train_loss_mean": 0.4133110573748126
    },
    "4": {
      "train_loss": 0.1307281233894173,
      "train_loss_mean": 0.2694862664386164
    },
    "5": {
      "train_loss": 0.10088507198088337,
      "train_loss_mean": 0.1843510176287964
    },
    "6": {
      "train_loss": 0.07564881529469858,
      "train_loss_mean": 0.13179984372109174
    },
    "7": {
      "train_loss": 0.05216799596382771,
      "train_loss_mean": 0.10852670279418818
    },
    "8": {
      "train_loss": 0.04629202838168567,
      "train_loss_mean": 0.09458060588303852
    },
    "9": {
      "train_loss": 0.0532296961848715,
      "train_loss_mean": 0.08112682042909683
    },
    "10": {
      "train_loss": 0.03891210080244889,
      "train_loss_mean": 0.07278474129945707
    },
    "11": {
      "train_loss": 0.025643584130648378,
      "train_loss_mean": 0.05251893948917652
    },
    "12": {
      "train_loss": 0.0391093094620123,
      "train_loss_mean": 0.04479553865766217
    },
    "13": {
      "train_loss": 0.038853198873651795,
      "train_loss_mean": 0.035130909880877366
    },
    "14": {
      "train_loss": 0.02482079908068946,
      "train_loss_mean": 0.029565432960599707
    },
    "15": {
      "train_loss": 0.02811093264486919,
      "train_loss_mean": 0.029446044978309285
    },
    "16": {
      "train_loss": 0.01515604896692846,
      "train_loss_mean": 0.023098179368631393
    },
    "17": {
      "train_loss": 0.03161938969625311,
      "train_loss_mean": 0.026537686463905294
    },
    "18": {
      "train_loss": 0.02157613867515748,
      "train_loss_mean": 0.02216403795108461
    },
    "19": {
      "train_loss": 0.023275058373677774,
      "train_loss_mean": 0.020040671708374216
    },
    "20": {
      "train_loss": 0.02149540998099575,
      "train_loss_mean": 0.02268863245154904
    }
  },
  "client_evaluate_metrics": {
    "1": {
      "eval_loss": 0.8200283274054527,
      "eval_acc": 0.654296875
    },
    "2": {
      "eval_loss": 0.6486270483583212,
      "eval_acc": 0.73046875
    },
    "3": {
      "eval_loss": 0.5857566092163324,
      "eval_acc": 0.765625
    },
    "4": {
      "eval_loss": 0.48191846534609795,
      "eval_acc": 0.787109375
    },
    "5": {
      "eval_loss": 0.5207214062102139,
      "eval_acc": 0.822265625
    },
    "6": {
      "eval_loss": 0.7960127445403486,
      "eval_acc": 0.849609375
    },
    "7": {
      "eval_loss": 0.9639503749203868,
      "eval_acc": 0.8779296875
    },
    "8": {
      "eval_loss": 0.9154074512553052,
      "eval_acc": 0.89453125
    },
    "9": {
      "eval_loss": 0.6365453457256081,
      "eval_acc": 0.9189453125
    },
    "10": {
      "eval_loss": 0.46131346229049086,
      "eval_acc": 0.9287109375
    },
    "11": {
      "eval_loss": 0.3240426585471141,
      "eval_acc": 0.9453125
    },
    "12": {
      "eval_loss": 0.24495854200358735,
      "eval_acc": 0.951171875
    },
    "13": {
      "eval_loss": 0.20947844765032642,
      "eval_acc": 0.9560546875
    },
    "14": {
      "eval_loss": 0.21572386694606394,
      "eval_acc": 0.955078125
    },
    "15": {
      "eval_loss": 0.2587280721636489,
      "eval_acc": 0.953125
    },
    "16": {
      "eval_loss": 0.3239771250009653,
      "eval_acc": 0.94921875
    },
    "17": {
      "eval_loss": 0.3751606354417163,
      "eval_acc": 0.953125
    },
    "18": {
      "eval_loss": 0.38973854467440106,
      "eval_acc": 0.9580078125
    },
    "19": {
      "eval_loss": 0.4218152588327939,
      "eval_acc": 0.958984375
    },
    "20": {
      "eval_loss": 0.44024407874459826,
      "eval_acc": 0.9599609375
    }
  },
  "server_evaluate_metrics": {
    "0": {
      "loss": 1.3908014953136445,
      "accuracy": 0.603125
    },
    "1": {
      "loss": 0.8147427260875701,
      "accuracy": 0.6609375
    },
    "2": {
      "loss": 0.6505672812461853,
      "accuracy": 0.734375
    },
    "3": {
      "loss": 0.6047851756215096,
      "accuracy": 0.7609375
    },
    "4": {
      "loss": 0.5613940834999085,
      "accuracy": 0.7890625
    },
    "5": {
      "loss": 0.736522252112627,
      "accuracy": 0.796875
    },
    "6": {
      "loss": 1.1670203059911728,
      "accuracy": 0.828125
    },
    "7": {
      "loss": 1.524559075757861,
      "accuracy": 0.83125
    },
    "8": {
      "loss": 1.4252350526861846,
      "accuracy": 0.875
    },
    "9": {
      "loss": 0.9824271837191191,
      "accuracy": 0.9140625
    },
    "10": {
      "loss": 0.6976144276537525,
      "accuracy": 0.9328125
    },
    "11": {
      "loss": 0.5278416708453733,
      "accuracy": 0.9375
    },
    "12": {
      "loss": 0.44691006757202556,
      "accuracy": 0.940625
    },
    "13": {
      "loss": 0.3961875418201089,
      "accuracy": 0.9390625
    },
    "14": {
      "loss": 0.3835697652772069,
      "accuracy": 0.94375
    },
    "15": {
      "loss": 0.39627912230789664,
      "accuracy": 0.9421875
    },
    "16": {
      "loss": 0.4767415237147361,
      "accuracy": 0.9375
    },
    "17": {
      "loss": 0.5671757504809648,
      "accuracy": 0.940625
    },
    "18": {
      "loss": 0.6421405761251663,
      "accuracy": 0.9453125
    },
    "19": {
      "loss": 0.6804512247582807,
      "accuracy": 0.940625
    },
    "20": {
      "loss": 0.6702056516079665,
      "accuracy": 0.9390625
    }
  }
}
