{
  "metadata": {
    "run_name": "clients-4__main__non-iid__vanilla__fedyogi__noise-0.01__seed-42",
    "data_module": "experiments.reproduce.dataset.alzheimer:create_data_module",
    "partition_mode": "non-iid",
    "partition_profile": "auto",
    "privacy": "vanilla",
    "aggregation": "fedyogi",
    "seed": 42,
    "num_clients": 4,
    "rounds": 20,
    "local_epochs": 5,
    "batch_size": 32,
    "initialization_batch_size": 32,
    "max_client_samples": 0,
    "max_test_samples": 0,
    "client_weights": "",
    "noise_multiplier": 0.01,
    "clipping_norm": 5.0,
    "initialization_pretrained": true,
    "initialization_epochs": 20,
    "initialization_final_loss": 0.6438125550746918
  },
  "train_metrics": {
    "1": {
      "train_loss": 0.49516999035797066,
      "train_loss_mean": 0.6824159951284564
    },
    "2": {
      "train_loss": 0.30326060348012474,
      "train_loss_mean": 0.5344839808777244
    },
    "3": {
      "train_loss": 0.17201443516631562,
      "train_loss_mean": 0.3629685379233544
    },
    "4": {
      "train_loss": 0.09807662859296996,
      "train_loss_mean": 0.2197415959827045
    },
    "5": {
      "train_loss": 0.054349073282573566,
      "train_loss_mean": 0.13258919227670635
    },
    "6": {
      "train_loss": 0.05048898668549354,
      "train_loss_mean": 0.10322040312460105
    },
    "7": {
      "train_loss": 0.02728709879374058,
      "train_loss_mean": 0.0828735765174526
    },
    "8": {
      "train_loss": 0.024647055264159945,
      "train_loss_mean": 0.07383596325162381
    },
    "9": {
      "train_loss": 0.01699295831057092,
      "train_loss_mean": 0.048931971667296195
    },
    "10": {
      "train_loss": 0.044479147946003036,
      "train_loss_mean": 0.05542779457201459
    },
    "11": {
      "train_loss": 0.0222982218622549,
      "train_loss_mean": 0.03835244662680947
    },
    "12": {
      "train_loss": 0.022730169633831107,
      "train_loss_mean": 0.04446305649777589
    },
    "13": {
      "train_loss": 0.0130636483156218,
      "train_loss_mean": 0.027807666384340447
    },
    "14": {
      "train_loss": 0.04204498108725613,
      "train_loss_mean": 0.03279876332062763
    },
    "15": {
      "train_loss": 0.01992450031868887,
      "train_loss_mean": 0.021935572431903725
    },
    "16": {
      "train_loss": 0.016203081849389647,
      "train_loss_mean": 0.025048689545967118
    },
    "17": {
      "train_loss": 0.014531260706785409,
      "train_loss_mean": 0.01741554816823534
    },
    "18": {
      "train_loss": 0.04287167145503189,
      "train_loss_mean": 0.025004685491357447
    },
    "19": {
      "train_loss": 0.0507975273069597,
      "train_loss_mean": 0.02904503200749932
    },
    "20": {
      "train_loss": 0.012571432461100138,
      "train_loss_mean": 0.025450505065834753
    }
  },
  "client_evaluate_metrics": {
    "1": {
      "eval_loss": 0.7254544654552466,
      "eval_acc": 0.672514619883041
    },
    "2": {
      "eval_loss": 0.6334690039153219,
      "eval_acc": 0.7339181286549707
    },
    "3": {
      "eval_loss": 0.5059100219845539,
      "eval_acc": 0.7962962962962963
    },
    "4": {
      "eval_loss": 0.4029433460031104,
      "eval_acc": 0.8460038986354774
    },
    "5": {
      "eval_loss": 0.43671310598622526,
      "eval_acc": 0.8879142300194931
    },
    "6": {
      "eval_loss": 0.7445365220714962,
      "eval_acc": 0.8801169590643275
    },
    "7": {
      "eval_loss": 1.1869245625553073,
      "eval_acc": 0.8859649122807017
    },
    "8": {
      "eval_loss": 0.9087656487440274,
      "eval_acc": 0.9161793372319688
    },
    "9": {
      "eval_loss": 0.5006932867500299,
      "eval_acc": 0.9424951267056529
    },
    "10": {
      "eval_loss": 0.44594063675740697,
      "eval_acc": 0.9522417153996101
    },
    "11": {
      "eval_loss": 0.3875812095776928,
      "eval_acc": 0.9522417153996101
    },
    "12": {
      "eval_loss": 0.3073276481709202,
      "eval_acc": 0.9590643274853801
    },
    "13": {
      "eval_loss": 0.27507877174481665,
      "eval_acc": 0.9688109161793372
    },
    "14": {
      "eval_loss": 0.24017916800459704,
      "eval_acc": 0.9736842105263158
    },
    "15": {
      "eval_loss": 0.2547263311845531,
      "eval_acc": 0.9746588693957116
    },
    "16": {
      "eval_loss": 0.2789034312295958,
      "eval_acc": 0.9756335282651072
    },
    "17": {
      "eval_loss": 0.3185545058076667,
      "eval_acc": 0.9785575048732943
    },
    "18": {
      "eval_loss": 0.3291670319065563,
      "eval_acc": 0.9775828460038986
    },
    "19": {
      "eval_loss": 0.3200295646126487,
      "eval_acc": 0.9785575048732943
    },
    "20": {
      "eval_loss": 0.3388188938351925,
      "eval_acc": 0.9814814814814814
    }
  },
  "server_evaluate_metrics": {
    "0": {
      "loss": 0.8511140823364258,
      "accuracy": 0.6
    },
    "1": {
      "loss": 0.7558532074093819,
      "accuracy": 0.6515625
    },
    "2": {
      "loss": 0.6593223974108696,
      "accuracy": 0.728125
    },
    "3": {
      "loss": 0.5505121693015098,
      "accuracy": 0.7921875
    },
    "4": {
      "loss": 0.47421932220458984,
      "accuracy": 0.8390625
    },
    "5": {
      "loss": 0.5470151100307703,
      "accuracy": 0.8734375
    },
    "6": {
      "loss": 0.8866146175423637,
      "accuracy": 0.8609375
    },
    "7": {
      "loss": 1.312548364745453,
      "accuracy": 0.865625
    },
    "8": {
      "loss": 1.0939500346779822,
      "accuracy": 0.896875
    },
    "9": {
      "loss": 0.7660844004363753,
      "accuracy": 0.9328125
    },
    "10": {
      "loss": 0.5767491917824372,
      "accuracy": 0.9484375
    },
    "11": {
      "loss": 0.475036780978553,
      "accuracy": 0.94375
    },
    "12": {
      "loss": 0.38329441801761277,
      "accuracy": 0.946875
    },
    "13": {
      "loss": 0.3296628017618787,
      "accuracy": 0.959375
    },
    "14": {
      "loss": 0.3396137081843335,
      "accuracy": 0.9609375
    },
    "15": {
      "loss": 0.4136636470098892,
      "accuracy": 0.9578125
    },
    "16": {
      "loss": 0.5246671053215323,
      "accuracy": 0.95625
    },
    "17": {
      "loss": 0.6367665391721402,
      "accuracy": 0.95625
    },
    "18": {
      "loss": 0.6893093920622562,
      "accuracy": 0.9578125
    },
    "19": {
      "loss": 0.668226694022772,
      "accuracy": 0.9609375
    },
    "20": {
      "loss": 0.6451433097714132,
      "accuracy": 0.959375
    }
  }
}
