{
  "metadata": {
    "run_name": "clients-4__main__homogeneous__global-dp__fedyogi__noise-0.01__seed-44",
    "data_module": "experiments.reproduce.dataset.alzheimer:create_data_module",
    "partition_mode": "homogeneous",
    "partition_profile": "auto",
    "privacy": "global-dp",
    "aggregation": "fedyogi",
    "seed": 44,
    "num_clients": 4,
    "rounds": 20,
    "local_epochs": 5,
    "batch_size": 32,
    "initialization_batch_size": 32,
    "max_client_samples": 0,
    "max_test_samples": 0,
    "client_weights": "",
    "noise_multiplier": 0.01,
    "clipping_norm": 5.0,
    "initialization_pretrained": true,
    "initialization_epochs": 20,
    "initialization_final_loss": 0.690749391913414
  },
  "train_metrics": {
    "1": {
      "train_loss": 0.6479872916825116,
      "train_loss_mean": 0.7551758690271526
    },
    "2": {
      "train_loss": 0.5608539129607379,
      "train_loss_mean": 0.6955339819192886
    },
    "3": {
      "train_loss": 0.45741017151158303,
      "train_loss_mean": 0.6029943688539787
    },
    "4": {
      "train_loss": 0.329974114545621,
      "train_loss_mean": 0.4829893703339621
    },
    "5": {
      "train_loss": 0.2439304138533771,
      "train_loss_mean": 0.3709425167646259
    },
    "6": {
      "train_loss": 0.1805596307531232,
      "train_loss_mean": 0.29212923980376215
    },
    "7": {
      "train_loss": 0.13189382475684397,
      "train_loss_mean": 0.2327434465070837
    },
    "8": {
      "train_loss": 0.11610796487366315,
      "train_loss_mean": 0.20657955952192422
    },
    "9": {
      "train_loss": 0.07788068310037488,
      "train_loss_mean": 0.1452552078450026
    },
    "10": {
      "train_loss": 0.08366128144598406,
      "train_loss_mean": 0.11465837904006548
    },
    "11": {
      "train_loss": 0.05159729206798147,
      "train_loss_mean": 0.08428116650861739
    },
    "12": {
      "train_loss": 0.05826915077147987,
      "train_loss_mean": 0.06709871761989916
    },
    "13": {
      "train_loss": 0.054559616337996886,
      "train_loss_mean": 0.05966325155441154
    },
    "14": {
      "train_loss": 0.05024841910265465,
      "train_loss_mean": 0.05069447459798831
    },
    "15": {
      "train_loss": 0.03595715894036289,
      "train_loss_mean": 0.044560395115531296
    },
    "16": {
      "train_loss": 0.032812345425139,
      "train_loss_mean": 0.04050644388275852
    },
    "17": {
      "train_loss": 0.05164535136924453,
      "train_loss_mean": 0.04044048813018429
    },
    "18": {
      "train_loss": 0.03492518070073025,
      "train_loss_mean": 0.03557387769223619
    },
    "19": {
      "train_loss": 0.03755755816038686,
      "train_loss_mean": 0.048698735551340466
    },
    "20": {
      "train_loss": 0.04374510638399831,
      "train_loss_mean": 0.03603547183703219
    }
  },
  "client_evaluate_metrics": {
    "1": {
      "eval_loss": 0.8901831973344088,
      "eval_acc": 0.5703125
    },
    "2": {
      "eval_loss": 0.7656019404530525,
      "eval_acc": 0.6337890625
    },
    "3": {
      "eval_loss": 0.6910856487229466,
      "eval_acc": 0.681640625
    },
    "4": {
      "eval_loss": 0.6619776468724012,
      "eval_acc": 0.716796875
    },
    "5": {
      "eval_loss": 0.6932160034775734,
      "eval_acc": 0.7509765625
    },
    "6": {
      "eval_loss": 0.856903400272131,
      "eval_acc": 0.7685546875
    },
    "7": {
      "eval_loss": 0.9242371460422873,
      "eval_acc": 0.8056640625
    },
    "8": {
      "eval_loss": 0.8918643202632666,
      "eval_acc": 0.841796875
    },
    "9": {
      "eval_loss": 0.9031670656986535,
      "eval_acc": 0.865234375
    },
    "10": {
      "eval_loss": 0.9717774420278147,
      "eval_acc": 0.85546875
    },
    "11": {
      "eval_loss": 0.8664317508228123,
      "eval_acc": 0.8681640625
    },
    "12": {
      "eval_loss": 0.6273913946934044,
      "eval_acc": 0.8974609375
    },
    "13": {
      "eval_loss": 0.32603932853089646,
      "eval_acc": 0.935546875
    },
    "14": {
      "eval_loss": 0.3166975298372563,
      "eval_acc": 0.9404296875
    },
    "15": {
      "eval_loss": 0.34764003461168613,
      "eval_acc": 0.947265625
    },
    "16": {
      "eval_loss": 0.3685271125923464,
      "eval_acc": 0.962890625
    },
    "17": {
      "eval_loss": 0.4312000963660694,
      "eval_acc": 0.9609375
    },
    "18": {
      "eval_loss": 0.46539983987076994,
      "eval_acc": 0.9619140625
    },
    "19": {
      "eval_loss": 0.5477770789503893,
      "eval_acc": 0.9580078125
    },
    "20": {
      "eval_loss": 0.5620798650516008,
      "eval_acc": 0.9482421875
    }
  },
  "server_evaluate_metrics": {
    "0": {
      "loss": 0.8908501505851746,
      "accuracy": 0.56875
    },
    "1": {
      "loss": 0.9147611021995544,
      "accuracy": 0.5734375
    },
    "2": {
      "loss": 0.7797509491443634,
      "accuracy": 0.65625
    },
    "3": {
      "loss": 0.7171667739748955,
      "accuracy": 0.696875
    },
    "4": {
      "loss": 0.6874049514532089,
      "accuracy": 0.69375
    },
    "5": {
      "loss": 0.7375172734260559,
      "accuracy": 0.7390625
    },
    "6": {
      "loss": 0.8965528473258019,
      "accuracy": 0.7625
    },
    "7": {
      "loss": 0.9858022406697273,
      "accuracy": 0.8015625
    },
    "8": {
      "loss": 0.9811016716063022,
      "accuracy": 0.8234375
    },
    "9": {
      "loss": 0.9562863115221262,
      "accuracy": 0.8453125
    },
    "10": {
      "loss": 0.9510088839568198,
      "accuracy": 0.8703125
    },
    "11": {
      "loss": 0.8255640868097543,
      "accuracy": 0.88125
    },
    "12": {
      "loss": 0.6278595403768122,
      "accuracy": 0.909375
    },
    "13": {
      "loss": 0.3499920209404081,
      "accuracy": 0.94375
    },
    "14": {
      "loss": 0.35764548713341354,
      "accuracy": 0.9390625
    },
    "15": {
      "loss": 0.4321176052559167,
      "accuracy": 0.9296875
    },
    "16": {
      "loss": 0.49275086365814785,
      "accuracy": 0.928125
    },
    "17": {
      "loss": 0.5118143927906204,
      "accuracy": 0.9359375
    },
    "18": {
      "loss": 0.47156299608122937,
      "accuracy": 0.9515625
    },
    "19": {
      "loss": 0.5160244124498832,
      "accuracy": 0.9546875
    },
    "20": {
      "loss": 0.6185683523066473,
      "accuracy": 0.94375
    }
  }
}
