{
  "metadata": {
    "run_name": "clients-4__main__homogeneous__vanilla__fedyogi__noise-0.01__seed-42",
    "data_module": "experiments.reproduce.dataset.alzheimer:create_data_module",
    "partition_mode": "homogeneous",
    "partition_profile": "auto",
    "privacy": "vanilla",
    "aggregation": "fedyogi",
    "seed": 42,
    "num_clients": 4,
    "rounds": 20,
    "local_epochs": 5,
    "batch_size": 32,
    "initialization_batch_size": 32,
    "max_client_samples": 0,
    "max_test_samples": 0,
    "client_weights": "",
    "noise_multiplier": 0.01,
    "clipping_norm": 5.0,
    "initialization_pretrained": true,
    "initialization_epochs": 20,
    "initialization_final_loss": 0.6810063511133194
  },
  "train_metrics": {
    "1": {
      "train_loss": 0.6157467782031745,
      "train_loss_mean": 0.7287210198119283
    },
    "2": {
      "train_loss": 0.5155305762309581,
      "train_loss_mean": 0.6427866054698825
    },
    "3": {
      "train_loss": 0.35429665143601596,
      "train_loss_mean": 0.4970840975875035
    },
    "4": {
      "train_loss": 0.2143438907514792,
      "train_loss_mean": 0.34378013483365066
    },
    "5": {
      "train_loss": 0.1300025877499138,
      "train_loss_mean": 0.23375918470410398
    },
    "6": {
      "train_loss": 0.09646728203370003,
      "train_loss_mean": 0.17637195848146803
    },
    "7": {
      "train_loss": 0.07584242173106759,
      "train_loss_mean": 0.14805902108710142
    },
    "8": {
      "train_loss": 0.06251968780270545,
      "train_loss_mean": 0.12437455411272821
    },
    "9": {
      "train_loss": 0.04493178509292761,
      "train_loss_mean": 0.0919165198707276
    },
    "10": {
      "train_loss": 0.07057281228057377,
      "train_loss_mean": 0.08612473366123935
    },
    "11": {
      "train_loss": 0.055429022260454985,
      "train_loss_mean": 0.08121619348200397
    },
    "12": {
      "train_loss": 0.04481785721408471,
      "train_loss_mean": 0.06210699173927896
    },
    "13": {
      "train_loss": 0.055836808033884466,
      "train_loss_mean": 0.05206283479530231
    },
    "14": {
      "train_loss": 0.034062214875635544,
      "train_loss_mean": 0.04206671661452568
    },
    "15": {
      "train_loss": 0.04050580018269301,
      "train_loss_mean": 0.04297674157453955
    },
    "16": {
      "train_loss": 0.054937351833016734,
      "train_loss_mean": 0.044044610335650554
    },
    "17": {
      "train_loss": 0.04049529102846344,
      "train_loss_mean": 0.04244437854421904
    },
    "18": {
      "train_loss": 0.04521847330545414,
      "train_loss_mean": 0.04216105461498269
    },
    "19": {
      "train_loss": 0.03262692289781799,
      "train_loss_mean": 0.03510059093634739
    },
    "20": {
      "train_loss": 0.03460308373308307,
      "train_loss_mean": 0.0373690200968272
    }
  },
  "client_evaluate_metrics": {
    "1": {
      "eval_loss": 0.7531061731278896,
      "eval_acc": 0.658203125
    },
    "2": {
      "eval_loss": 0.7253920640796423,
      "eval_acc": 0.6904296875
    },
    "3": {
      "eval_loss": 0.579730000346899,
      "eval_acc": 0.7568359375
    },
    "4": {
      "eval_loss": 0.49014723766595125,
      "eval_acc": 0.802734375
    },
    "5": {
      "eval_loss": 0.5235230661928654,
      "eval_acc": 0.8154296875
    },
    "6": {
      "eval_loss": 0.5529378219507635,
      "eval_acc": 0.8447265625
    },
    "7": {
      "eval_loss": 0.4679987838026136,
      "eval_acc": 0.888671875
    },
    "8": {
      "eval_loss": 0.4290854311984731,
      "eval_acc": 0.9140625
    },
    "9": {
      "eval_loss": 0.43495058559346944,
      "eval_acc": 0.91796875
    },
    "10": {
      "eval_loss": 0.3544088829148677,
      "eval_acc": 0.9326171875
    },
    "11": {
      "eval_loss": 0.3173740739002824,
      "eval_acc": 0.9384765625
    },
    "12": {
      "eval_loss": 0.3089094404131174,
      "eval_acc": 0.9384765625
    },
    "13": {
      "eval_loss": 0.2765923435217701,
      "eval_acc": 0.9453125
    },
    "14": {
      "eval_loss": 0.23568692672415636,
      "eval_acc": 0.9501953125
    },
    "15": {
      "eval_loss": 0.23536065562893782,
      "eval_acc": 0.9541015625
    },
    "16": {
      "eval_loss": 0.24553936537449772,
      "eval_acc": 0.94921875
    },
    "17": {
      "eval_loss": 0.23135971502142638,
      "eval_acc": 0.958984375
    },
    "18": {
      "eval_loss": 0.23513439622684018,
      "eval_acc": 0.9658203125
    },
    "19": {
      "eval_loss": 0.24862362340445543,
      "eval_acc": 0.9619140625
    },
    "20": {
      "eval_loss": 0.2406691737633082,
      "eval_acc": 0.9619140625
    }
  },
  "server_evaluate_metrics": {
    "0": {
      "loss": 0.9036976277828217,
      "accuracy": 0.5953125
    },
    "1": {
      "loss": 0.756672939658165,
      "accuracy": 0.659375
    },
    "2": {
      "loss": 0.7095171451568604,
      "accuracy": 0.6890625
    },
    "3": {
      "loss": 0.5871087431907653,
      "accuracy": 0.7546875
    },
    "4": {
      "loss": 0.5479721069335938,
      "accuracy": 0.7890625
    },
    "5": {
      "loss": 0.6037992417812348,
      "accuracy": 0.809375
    },
    "6": {
      "loss": 0.6416674315929413,
      "accuracy": 0.840625
    },
    "7": {
      "loss": 0.6237632252275944,
      "accuracy": 0.8875
    },
    "8": {
      "loss": 0.667237391276285,
      "accuracy": 0.909375
    },
    "9": {
      "loss": 0.7264476676680716,
      "accuracy": 0.915625
    },
    "10": {
      "loss": 0.6264458520814514,
      "accuracy": 0.9234375
    },
    "11": {
      "loss": 0.5341681608872022,
      "accuracy": 0.9390625
    },
    "12": {
      "loss": 0.48148902715183794,
      "accuracy": 0.94375
    },
    "13": {
      "loss": 0.41847890744684263,
      "accuracy": 0.94375
    },
    "14": {
      "loss": 0.40933732255070937,
      "accuracy": 0.9453125
    },
    "15": {
      "loss": 0.4176384804814006,
      "accuracy": 0.946875
    },
    "16": {
      "loss": 0.4057423790567555,
      "accuracy": 0.95625
    },
    "17": {
      "loss": 0.41236280478951814,
      "accuracy": 0.946875
    },
    "18": {
      "loss": 0.4115935938181792,
      "accuracy": 0.9546875
    },
    "19": {
      "loss": 0.4103399617320974,
      "accuracy": 0.9546875
    },
    "20": {
      "loss": 0.39348168425494806,
      "accuracy": 0.9515625
    }
  }
}
