{
  "metadata": {
    "run_name": "scaling48__homogeneous__global-dp__fedavgm",
    "data_module": "experiments.reproduce.dataset.alzheimer:create_data_module",
    "partition_mode": "homogeneous",
    "partition_profile": "auto",
    "privacy": "global-dp",
    "aggregation": "fedavgm",
    "seed": 42,
    "num_clients": 48,
    "rounds": 20,
    "local_epochs": 5,
    "noise_multiplier": 0.05,
    "clipping_norm": 5.0,
    "initialization_pretrained": true,
    "initialization_epochs": 20,
    "initialization_final_loss": 0.39617598056793213
  },
  "train_metrics": {
    "1": {
      "train_loss": 0.5356627007301047,
      "train_loss_mean": 0.7025818611722529
    },
    "2": {
      "train_loss": 0.5388021508092428,
      "train_loss_mean": 0.7025233447529728
    },
    "3": {
      "train_loss": 0.5107443632051994,
      "train_loss_mean": 0.6768829367064879
    },
    "4": {
      "train_loss": 0.4944787898768238,
      "train_loss_mean": 0.657474055265876
    },
    "5": {
      "train_loss": 0.48597378757100274,
      "train_loss_mean": 0.6492685651604642
    },
    "6": {
      "train_loss": 0.46914331355374156,
      "train_loss_mean": 0.6348132738102903
    },
    "7": {
      "train_loss": 0.4636019220865353,
      "train_loss_mean": 0.6275918824213197
    },
    "8": {
      "train_loss": 0.4522345919990692,
      "train_loss_mean": 0.6182437754551492
    },
    "9": {
      "train_loss": 0.4483789935447715,
      "train_loss_mean": 0.6130702656748753
    },
    "10": {
      "train_loss": 0.44135920534013073,
      "train_loss_mean": 0.6082131556257252
    },
    "11": {
      "train_loss": 0.4367018336261527,
      "train_loss_mean": 0.6013550041778762
    },
    "12": {
      "train_loss": 0.42783170181150565,
      "train_loss_mean": 0.5928590096008972
    },
    "13": {
      "train_loss": 0.41887129039327636,
      "train_loss_mean": 0.5854494957330337
    },
    "14": {
      "train_loss": 0.41608737303332716,
      "train_loss_mean": 0.5839766674040722
    },
    "15": {
      "train_loss": 0.41217887820859306,
      "train_loss_mean": 0.5794183225770606
    },
    "16": {
      "train_loss": 0.4071812452051759,
      "train_loss_mean": 0.5768726739438441
    },
    "17": {
      "train_loss": 0.40027045994799026,
      "train_loss_mean": 0.5693554688806052
    },
    "18": {
      "train_loss": 0.3979073765790309,
      "train_loss_mean": 0.5668520203307564
    },
    "19": {
      "train_loss": 0.38872499903847324,
      "train_loss_mean": 0.5588443775334961
    },
    "20": {
      "train_loss": 0.3884625002543817,
      "train_loss_mean": 0.5564358917629626
    }
  },
  "client_evaluate_metrics": {
    "1": {
      "eval_loss": 0.8721308048927423,
      "eval_acc": 0.6448863636363635
    },
    "2": {
      "eval_loss": 0.8330793010466024,
      "eval_acc": 0.6458333333333333
    },
    "3": {
      "eval_loss": 0.7931835561087637,
      "eval_acc": 0.6562499999999999
    },
    "4": {
      "eval_loss": 0.7734581837148377,
      "eval_acc": 0.6723484848484849
    },
    "5": {
      "eval_loss": 0.7626636226971945,
      "eval_acc": 0.6695075757575757
    },
    "6": {
      "eval_loss": 0.76516005487153,
      "eval_acc": 0.6695075757575757
    },
    "7": {
      "eval_loss": 0.744317925337589,
      "eval_acc": 0.672348484848485
    },
    "8": {
      "eval_loss": 0.7440344573873461,
      "eval_acc": 0.6695075757575757
    },
    "9": {
      "eval_loss": 0.7409510079658391,
      "eval_acc": 0.671401515151515
    },
    "10": {
      "eval_loss": 0.7311201095581052,
      "eval_acc": 0.6780303030303028
    },
    "11": {
      "eval_loss": 0.7326350022446023,
      "eval_acc": 0.6789772727272726
    },
    "12": {
      "eval_loss": 0.7287601765358087,
      "eval_acc": 0.6818181818181815
    },
    "13": {
      "eval_loss": 0.7287920334122397,
      "eval_acc": 0.6723484848484848
    },
    "14": {
      "eval_loss": 0.7295504681991808,
      "eval_acc": 0.6723484848484846
    },
    "15": {
      "eval_loss": 0.7354542802680621,
      "eval_acc": 0.683712121212121
    },
    "16": {
      "eval_loss": 0.7234021136254976,
      "eval_acc": 0.6770833333333333
    },
    "17": {
      "eval_loss": 0.7291487048972737,
      "eval_acc": 0.6799242424242425
    },
    "18": {
      "eval_loss": 0.7199103832244872,
      "eval_acc": 0.6875
    },
    "19": {
      "eval_loss": 0.7192831138769784,
      "eval_acc": 0.6846590909090908
    },
    "20": {
      "eval_loss": 0.7153274516264598,
      "eval_acc": 0.6875
    }
  },
  "server_evaluate_metrics": {
    "0": {
      "loss": 0.8725650578737258,
      "accuracy": 0.6546875,
      "f1": 0.6532062070648121,
      "precision": 0.6609825938527724,
      "auc": 0.8883284505208333
    },
    "1": {
      "loss": 0.868580424785614,
      "accuracy": 0.6546875,
      "f1": 0.653007673315683,
      "precision": 0.6631365630784688,
      "auc": 0.88757568359375
    },
    "2": {
      "loss": 0.8265354558825493,
      "accuracy": 0.665625,
      "f1": 0.6635427861722363,
      "precision": 0.6666936225161825,
      "auc": 0.8914444986979166
    },
    "3": {
      "loss": 0.7979608416557312,
      "accuracy": 0.6703125,
      "f1": 0.6678738634076169,
      "precision": 0.671056326534582,
      "auc": 0.8934627278645833
    },
    "4": {
      "loss": 0.7859886050224304,
      "accuracy": 0.66875,
      "f1": 0.6632091187307181,
      "precision": 0.6606087286119033,
      "auc": 0.8968294270833334
    },
    "5": {
      "loss": 0.7718578577041626,
      "accuracy": 0.6796875,
      "f1": 0.6756568545967852,
      "precision": 0.672299815034634,
      "auc": 0.8967342122395834
    },
    "6": {
      "loss": 0.7731349632143975,
      "accuracy": 0.675,
      "f1": 0.6714370711307375,
      "precision": 0.6699784828331262,
      "auc": 0.8970914713541666
    },
    "7": {
      "loss": 0.7577167719602584,
      "accuracy": 0.671875,
      "f1": 0.6653876654044051,
      "precision": 0.6617554121285465,
      "auc": 0.8997794596354166
    },
    "8": {
      "loss": 0.7621337443590164,
      "accuracy": 0.675,
      "f1": 0.6688884242828639,
      "precision": 0.6641699282350209,
      "auc": 0.8990364583333333
    },
    "9": {
      "loss": 0.7595681607723236,
      "accuracy": 0.684375,
      "f1": 0.6787658705932069,
      "precision": 0.6739909825870647,
      "auc": 0.9001627604166668
    },
    "10": {
      "loss": 0.7511274486780166,
      "accuracy": 0.6734375,
      "f1": 0.6664755901187178,
      "precision": 0.6615894379113174,
      "auc": 0.9013273111979166
    },
    "11": {
      "loss": 0.7474082216620446,
      "accuracy": 0.684375,
      "f1": 0.6788194295364122,
      "precision": 0.6741519204114963,
      "auc": 0.9022428385416668
    },
    "12": {
      "loss": 0.7473235756158829,
      "accuracy": 0.678125,
      "f1": 0.672554169626807,
      "precision": 0.667842425830098,
      "auc": 0.9022273763020834
    },
    "13": {
      "loss": 0.7442359507083893,
      "accuracy": 0.675,
      "f1": 0.6693544693857856,
      "precision": 0.664671313389517,
      "auc": 0.9032910156249999
    },
    "14": {
      "loss": 0.7466476261615753,
      "accuracy": 0.68125,
      "f1": 0.6765236774387555,
      "precision": 0.6721142920345596,
      "auc": 0.9026424153645835
    },
    "15": {
      "loss": 0.7546168237924575,
      "accuracy": 0.6828125,
      "f1": 0.6778841756308234,
      "precision": 0.6735487646583375,
      "auc": 0.9039339192708333
    },
    "16": {
      "loss": 0.7431041926145554,
      "accuracy": 0.684375,
      "f1": 0.6795954781014876,
      "precision": 0.6751789030005941,
      "auc": 0.9045060221354168
    },
    "17": {
      "loss": 0.7448106244206428,
      "accuracy": 0.6875,
      "f1": 0.6822990499264628,
      "precision": 0.6777336333383531,
      "auc": 0.9052685546875
    },
    "18": {
      "loss": 0.7439511239528656,
      "accuracy": 0.678125,
      "f1": 0.6723808955834242,
      "precision": 0.667741203750378,