{
  "metadata": {
    "run_name": "scaling48__homogeneous__vanilla__fedyogi",
    "data_module": "experiments.reproduce.dataset.alzheimer:create_data_module",
    "partition_mode": "homogeneous",
    "partition_profile": "auto",
    "privacy": "vanilla",
    "aggregation": "fedyogi",
    "seed": 42,
    "num_clients": 48,
    "rounds": 20,
    "local_epochs": 5,
    "noise_multiplier": 0.05,
    "clipping_norm": 5.0,
    "initialization_pretrained": true,
    "initialization_epochs": 20,
    "initialization_final_loss": 0.39617598056793213
  },
  "train_metrics": {
    "1": {
      "train_loss": 0.5356627007301047,
      "train_loss_mean": 0.7025818611722529
    },
    "2": {
      "train_loss": 0.46423741677357977,
      "train_loss_mean": 0.6271766356357529
    },
    "3": {
      "train_loss": 0.41293733788280207,
      "train_loss_mean": 0.5812081293221272
    },
    "4": {
      "train_loss": 0.37291566277744154,
      "train_loss_mean": 0.5450246077727556
    },
    "5": {
      "train_loss": 0.3481285410720532,
      "train_loss_mean": 0.5193903211900216
    },
    "6": {
      "train_loss": 0.32041547567891615,
      "train_loss_mean": 0.48858598699008565
    },
    "7": {
      "train_loss": 0.2561525537368409,
      "train_loss_mean": 0.4211900850101631
    },
    "8": {
      "train_loss": 0.19323478427011612,
      "train_loss_mean": 0.3478448269166434
    },
    "9": {
      "train_loss": 0.14486272336079148,
      "train_loss_mean": 0.2882314521755187
    },
    "10": {
      "train_loss": 0.11413311693124385,
      "train_loss_mean": 0.24279542425995715
    },
    "11": {
      "train_loss": 0.09545338813877323,
      "train_loss_mean": 0.2112065874134543
    },
    "12": {
      "train_loss": 0.08503825338461111,
      "train_loss_mean": 0.18771927050827256
    },
    "13": {
      "train_loss": 0.07420029526339905,
      "train_loss_mean": 0.16193917635956592
    },
    "14": {
      "train_loss": 0.06445377936869068,
      "train_loss_mean": 0.13621925650334982
    },
    "15": {
      "train_loss": 0.05652510671139379,
      "train_loss_mean": 0.11577654219712366
    },
    "16": {
      "train_loss": 0.05346248827392956,
      "train_loss_mean": 0.10342984413674836
    },
    "17": {
      "train_loss": 0.05025187839677043,
      "train_loss_mean": 0.09413282336347155
    },
    "18": {
      "train_loss": 0.054755782866018635,
      "train_loss_mean": 0.0894400079814029
    },
    "19": {
      "train_loss": 0.055385828520172264,
      "train_loss_mean": 0.08344136484513692
    },
    "20": {
      "train_loss": 0.05304383565030584,
      "train_loss_mean": 0.07573803777943788
    }
  },
  "client_evaluate_metrics": {
    "1": {
      "eval_loss": 0.747989973335555,
      "eval_acc": 0.6751893939393939
    },
    "2": {
      "eval_loss": 0.7303677824410525,
      "eval_acc": 0.6761363636363635
    },
    "3": {
      "eval_loss": 0.7134876720833057,
      "eval_acc": 0.6742424242424243
    },
    "4": {
      "eval_loss": 0.7218018634752792,
      "eval_acc": 0.6950757575757573
    },
    "5": {
      "eval_loss": 0.7330845133824779,
      "eval_acc": 0.7064393939393939
    },
    "6": {
      "eval_loss": 0.6538338805689952,
      "eval_acc": 0.7234848484848483
    },
    "7": {
      "eval_loss": 0.567414547006289,
      "eval_acc": 0.7547348484848486
    },
    "8": {
      "eval_loss": 0.517057956619696,
      "eval_acc": 0.7840909090909091
    },
    "9": {
      "eval_loss": 0.486787348985672,
      "eval_acc": 0.8039772727272725
    },
    "10": {
      "eval_loss": 0.4823388561154859,
      "eval_acc": 0.8115530303030303
    },
    "11": {
      "eval_loss": 0.4845135655592789,
      "eval_acc": 0.8276515151515152
    },
    "12": {
      "eval_loss": 0.47210245658502437,
      "eval_acc": 0.8314393939393939
    },
    "13": {
      "eval_loss": 0.4380283636802976,
      "eval_acc": 0.8418560606060608
    },
    "14": {
      "eval_loss": 0.4025187178543119,
      "eval_acc": 0.8551136363636364
    },
    "15": {
      "eval_loss": 0.3703739441028147,
      "eval_acc": 0.8712121212121213
    },
    "16": {
      "eval_loss": 0.3546118870603315,
      "eval_acc": 0.887310606060606
    },
    "17": {
      "eval_loss": 0.35573152091467025,
      "eval_acc": 0.8939393939393939
    },
    "18": {
      "eval_loss": 0.3510587824452103,
      "eval_acc": 0.9024621212121212
    },
    "19": {
      "eval_loss": 0.32091722101198905,
      "eval_acc": 0.909090909090909
    },
    "20": {
      "eval_loss": 0.30135565578485984,
      "eval_acc": 0.9119318181818183
    }
  },
  "server_evaluate_metrics": {
    "0": {
      "loss": 0.8725650578737258,
      "accuracy": 0.6546875,
      "f1": 0.6532062070648121,
      "precision": 0.6609825938527724,
      "auc": 0.8883284505208333
    },
    "1": {
      "loss": 0.761730445921421,
      "accuracy": 0.671875,
      "f1": 0.6660435538935163,
      "precision": 0.6619397423102514,
      "auc": 0.897255859375
    },
    "2": {
      "loss": 0.754296499490738,
      "accuracy": 0.68125,
      "f1": 0.6715895120841922,
      "precision": 0.6696190782462956,
      "auc": 0.8978564453125
    },
    "3": {
      "loss": 0.7528236269950866,
      "accuracy": 0.665625,
      "f1": 0.6556077623448188,
      "precision": 0.6541009523717034,
      "auc": 0.8992350260416666
    },
    "4": {
      "loss": 0.7734852448105812,
      "accuracy": 0.6828125,
      "f1": 0.6724795635328304,
      "precision": 0.6689108742570924,
      "auc": 0.9083455403645834
    },
    "5": {
      "loss": 0.7738760858774185,
      "accuracy": 0.7109375,
      "f1": 0.7029627449023034,
      "precision": 0.7041161240117683,
      "auc": 0.92042236328125
    },
    "6": {
      "loss": 0.6684205561876297,
      "accuracy": 0.7375,
      "f1": 0.7294655598761703,
      "precision": 0.7321496058740956,
      "auc": 0.9327978515625001
    },
    "7": {
      "loss": 0.572337557375431,
      "accuracy": 0.759375,
      "f1": 0.7522251030799664,
      "precision": 0.7515396437287476,
      "auc": 0.9433398437499999
    },
    "8": {
      "loss": 0.5296360485255718,
      "accuracy": 0.784375,
      "f1": 0.7792943810173184,
      "precision": 0.7768783816166176,
      "auc": 0.9506453450520833
    },
    "9": {
      "loss": 0.5176725506782531,
      "accuracy": 0.7953125,
      "f1": 0.7906216402600227,
      "precision": 0.7865269986463578,
      "auc": 0.9539973958333333
    },
    "10": {
      "loss": 0.5385526582598686,
      "accuracy": 0.790625,
      "f1": 0.786585719889348,
      "precision": 0.7838150101185114,
      "auc": 0.95619140625
    },
    "11": {
      "loss": 0.5556235298514366,
      "accuracy": 0.8125,
      "f1": 0.8080665472862799,
      "precision": 0.8051366396761134,
      "auc": 0.9609318033854166
    },
    "12": {
      "loss": 0.5369311563670636,
      "accuracy": 0.8203125,
      "f1": 0.8161423292065642,
      "precision": 0.8187413944589824,
      "auc": 0.9659269205729166
    },
    "13": {
      "loss": 0.4893807128071785,
      "accuracy": 0.85,
      "f1": 0.845592424336532,
      "precision": 0.8464738109318268,
      "auc": 0.9700358072916666
    },
    "14": {
      "loss": 0.43854461163282393,
      "accuracy": 0.8625,
      "f1": 0.8578928281653992,
      "precision": 0.8576808840989436,
      "auc": 0.9733341471354167
    },
    "15": {
      "loss": 0.4063092902302742,
      "accuracy": 0.8796875,
      "f1": 0.8794637166598054,
      "precision": 0.8821756591252591,
      "auc": 0.9766365559895833
    },
    "16": {
      "loss": 0.4055220477283001,
      "accuracy": 0.8796875,
      "f1": 0.8787676232022964,
      "precision": 0.8804255670968093,
      "auc": 0.9788191731770832
    },
    "17": {
      "loss": 0.42601328268647193,
      "accuracy": 0.8953125,
      "f1": 0.8943071869741075,
      "precision": 0.8960486042676082,
      "auc": 0.9801057942708334
    },
    "18": {
      "loss": 0.4390950873494148,
      "accuracy": 0.8953125,
      "f1": 0.8943724101365195,