{
  "metadata": {
    "run_name": "scaling48__non-iid__global-dp__fedyogi",
    "data_module": "experiments.reproduce.dataset.alzheimer:create_data_module",
    "partition_mode": "non-iid",
    "partition_profile": "auto",
    "privacy": "global-dp",
    "aggregation": "fedyogi",
    "seed": 42,
    "num_clients": 48,
    "rounds": 20,
    "local_epochs": 5,
    "noise_multiplier": 0.05,
    "clipping_norm": 5.0,
    "initialization_pretrained": true,
    "initialization_epochs": 20,
    "initialization_final_loss": 0.39617598056793213
  },
  "train_metrics": {
    "1": {
      "train_loss": 0.5773694533274502,
      "train_loss_mean": 0.7265428933373685
    },
    "2": {
      "train_loss": 0.5164618476976769,
      "train_loss_mean": 0.6606078921001507
    },
    "3": {
      "train_loss": 0.47304148812816443,
      "train_loss_mean": 0.6157268598689436
    },
    "4": {
      "train_loss": 0.4166153694480394,
      "train_loss_mean": 0.5708438554918954
    },
    "5": {
      "train_loss": 0.3661327954516022,
      "train_loss_mean": 0.5298035610163835
    },
    "6": {
      "train_loss": 0.3228962701663782,
      "train_loss_mean": 0.491403151129555
    },
    "7": {
      "train_loss": 0.2812592948471447,
      "train_loss_mean": 0.44224439455565867
    },
    "8": {
      "train_loss": 0.20025312390497335,
      "train_loss_mean": 0.35133020770759466
    },
    "9": {
      "train_loss": 0.14679558534880557,
      "train_loss_mean": 0.2766755669827372
    },
    "10": {
      "train_loss": 0.12075002980418505,
      "train_loss_mean": 0.24000315749409332
    },
    "11": {
      "train_loss": 0.10697880944938318,
      "train_loss_mean": 0.21007078638868554
    },
    "12": {
      "train_loss": 0.08406277442223128,
      "train_loss_mean": 0.1794442394701391
    },
    "13": {
      "train_loss": 0.07583170177307523,
      "train_loss_mean": 0.1570223296237699
    },
    "14": {
      "train_loss": 0.07151574763712237,
      "train_loss_mean": 0.14277851436183112
    },
    "15": {
      "train_loss": 0.06373133101294876,
      "train_loss_mean": 0.12829434627510633
    },
    "16": {
      "train_loss": 0.06109697067761407,
      "train_loss_mean": 0.11694147916196564
    },
    "17": {
      "train_loss": 0.05974324955260417,
      "train_loss_mean": 0.10416694951156917
    },
    "18": {
      "train_loss": 0.0629892332995705,
      "train_loss_mean": 0.09657559847154464
    },
    "19": {
      "train_loss": 0.05811715634037853,
      "train_loss_mean": 0.0858918064686603
    },
    "20": {
      "train_loss": 0.05899483674058322,
      "train_loss_mean": 0.08366077210317131
    }
  },
  "client_evaluate_metrics": {
    "1": {
      "eval_loss": 0.7235175704910337,
      "eval_acc": 0.6960690316395013
    },
    "2": {
      "eval_loss": 0.725909650268628,
      "eval_acc": 0.6807286673058485
    },
    "3": {
      "eval_loss": 0.6916267546117019,
      "eval_acc": 0.6941514860977948
    },
    "4": {
      "eval_loss": 0.6726079733179721,
      "eval_acc": 0.7123681687440074
    },
    "5": {
      "eval_loss": 0.6618638196361832,
      "eval_acc": 0.7382550335570468
    },
    "6": {
      "eval_loss": 0.6968205758474932,
      "eval_acc": 0.7430488974113135
    },
    "7": {
      "eval_loss": 0.6204220408275508,
      "eval_acc": 0.7497603068072864
    },
    "8": {
      "eval_loss": 0.5392755722325233,
      "eval_acc": 0.7698945349952061
    },
    "9": {
      "eval_loss": 0.5051235744902866,
      "eval_acc": 0.7881112176414191
    },
    "10": {
      "eval_loss": 0.5066707546707541,
      "eval_acc": 0.8015340364333655
    },
    "11": {
      "eval_loss": 0.5118316553983111,
      "eval_acc": 0.8159156279961649
    },
    "12": {
      "eval_loss": 0.5001689116345506,
      "eval_acc": 0.8302972195589646
    },
    "13": {
      "eval_loss": 0.4920688986897465,
      "eval_acc": 0.8389261744966445
    },
    "14": {
      "eval_loss": 0.47070653358816356,
      "eval_acc": 0.8418024928092043
    },
    "15": {
      "eval_loss": 0.45235594072980123,
      "eval_acc": 0.8504314477468842
    },
    "16": {
      "eval_loss": 0.4212741801767026,
      "eval_acc": 0.8667305848513903
    },
    "17": {
      "eval_loss": 0.42656808759198345,
      "eval_acc": 0.8772770853307766
    },
    "18": {
      "eval_loss": 0.4423730644028659,
      "eval_acc": 0.8753595397890702
    },
    "19": {
      "eval_loss": 0.4278677518594268,
      "eval_acc": 0.8906999041227233
    },
    "20": {
      "eval_loss": 0.41152434605376903,
      "eval_acc": 0.8887823585810164
    }
  },
  "server_evaluate_metrics": {
    "0": {
      "loss": 0.8725650578737258,
      "accuracy": 0.6546875,
      "f1": 0.6532062070648121,
      "precision": 0.6609825938527724,
      "auc": 0.8883284505208333
    },
    "1": {
      "loss": 0.7530877679586411,
      "accuracy": 0.6703125,
      "f1": 0.666056945931066,
      "precision": 0.6674231057692345,
      "auc": 0.8986808268229166
    },
    "2": {
      "loss": 0.748690864443779,
      "accuracy": 0.671875,
      "f1": 0.6660208282022863,
      "precision": 0.6612348341629175,
      "auc": 0.9026847330729166
    },
    "3": {
      "loss": 0.7272517174482346,
      "accuracy": 0.675,
      "f1": 0.6664890168855487,
      "precision": 0.6629575992236297,
      "auc": 0.9058317057291665
    },
    "4": {
      "loss": 0.7254415988922119,
      "accuracy": 0.696875,
      "f1": 0.6840592547427059,
      "precision": 0.685702317644652,
      "auc": 0.9106876627604167
    },
    "5": {
      "loss": 0.7194637402892112,
      "accuracy": 0.715625,
      "f1": 0.7073723648710294,
      "precision": 0.7049222245123604,
      "auc": 0.9227311197916667
    },
    "6": {
      "loss": 0.7393507838249207,
      "accuracy": 0.7296875,
      "f1": 0.7207606196818526,
      "precision": 0.7263578758196505,
      "auc": 0.9284289550781251
    },
    "7": {
      "loss": 0.6235144272446632,
      "accuracy": 0.746875,
      "f1": 0.739017129317636,
      "precision": 0.7494841547683025,
      "auc": 0.9392106119791667
    },
    "8": {
      "loss": 0.5428689062595368,
      "accuracy": 0.790625,
      "f1": 0.7848868706725427,
      "precision": 0.782516055764411,
      "auc": 0.948720703125
    },
    "9": {
      "loss": 0.5237553209066391,
      "accuracy": 0.80625,
      "f1": 0.7999374403097814,
      "precision": 0.7976551257126252,
      "auc": 0.9530208333333334
    },
    "10": {
      "loss": 0.5453856110572814,
      "accuracy": 0.821875,
      "f1": 0.8154623899124998,
      "precision": 0.8155777286179882,
      "auc": 0.9552400716145832
    },
    "11": {
      "loss": 0.5573241814970971,
      "accuracy": 0.834375,
      "f1": 0.8283826193707924,
      "precision": 0.8256520365479592,
      "auc": 0.9617260742187501
    },
    "12": {
      "loss": 0.5372170761227608,
      "accuracy": 0.84375,
      "f1": 0.8383495941666442,
      "precision": 0.8341822997361487,
      "auc": 0.9672607421875
    },
    "13": {
      "loss": 0.5084979817271232,
      "accuracy": 0.85625,
      "f1": 0.851682949678801,
      "precision": 0.8472507911392405,
      "auc": 0.9711116536458333
    },
    "14": {
      "loss": 0.4904576223343611,
      "accuracy": 0.8484375,
      "f1": 0.8444448862799202,
      "precision": 0.8425800114829396,
      "auc": 0.9711791992187501
    },
    "15": {
      "loss": 0.4634286440908909,
      "accuracy": 0.859375,
      "f1": 0.8551306405702752,
      "precision": 0.8520774206654934,
      "auc": 0.9727164713541666
    },
    "16": {
      "loss": 0.4130857832729816,
      "accuracy": 0.871875,
      "f1": 0.8672587639943428,
      "precision": 0.8628380360764997,
      "auc": 0.9774186197916667
    },
    "17": {
      "loss": 0.42097805105149744,
      "accuracy": 0.878125,
      "f1": 0.8728504906664565,
      "precision": 0.868251679163258,
      "auc": 0.9794913736979167
    },
    "18": {
      "loss": 0.4252374812960625,
      "accuracy": 0.8859375,
      "f1": 0.8804537132334158,