{
  "metadata": {
    "run_name": "scaling48__homogeneous__global-dp__fedyogi",
    "data_module": "experiments.reproduce.dataset.alzheimer:create_data_module",
    "partition_mode": "homogeneous",
    "partition_profile": "auto",
    "privacy": "global-dp",
    "aggregation": "fedyogi",
    "seed": 42,
    "num_clients": 48,
    "rounds": 20,
    "local_epochs": 5,
    "noise_multiplier": 0.05,
    "clipping_norm": 5.0,
    "initialization_pretrained": true,
    "initialization_epochs": 20,
    "initialization_final_loss": 0.39617598056793213
  },
  "train_metrics": {
    "1": {
      "train_loss": 0.5356627007301047,
      "train_loss_mean": 0.7025818611722529
    },
    "2": {
      "train_loss": 0.4687241723020304,
      "train_loss_mean": 0.6321758973390217
    },
    "3": {
      "train_loss": 0.4218192237198323,
      "train_loss_mean": 0.5877167154107185
    },
    "4": {
      "train_loss": 0.3828061108576412,
      "train_loss_mean": 0.5528637530975131
    },
    "5": {
      "train_loss": 0.3572369596268248,
      "train_loss_mean": 0.5315056463982176
    },
    "6": {
      "train_loss": 0.31124730192594174,
      "train_loss_mean": 0.4813022360843642
    },
    "7": {
      "train_loss": 0.26329773306978627,
      "train_loss_mean": 0.4313651680330356
    },
    "8": {
      "train_loss": 0.19422113502354135,
      "train_loss_mean": 0.35388651415082356
    },
    "9": {
      "train_loss": 0.14801546094084791,
      "train_loss_mean": 0.29371330282700386
    },
    "10": {
      "train_loss": 0.11948156616958518,
      "train_loss_mean": 0.2525370549460998
    },
    "11": {
      "train_loss": 0.09566296728815535,
      "train_loss_mean": 0.2172830331998632
    },
    "12": {
      "train_loss": 0.08402626405151077,
      "train_loss_mean": 0.1916098264112929
    },
    "13": {
      "train_loss": 0.07299470365749612,
      "train_loss_mean": 0.16519536118274722
    },
    "14": {
      "train_loss": 0.06545726937829886,
      "train_loss_mean": 0.14069552275331101
    },
    "15": {
      "train_loss": 0.05837091282500491,
      "train_loss_mean": 0.11771982661590501
    },
    "16": {
      "train_loss": 0.0551291502090998,
      "train_loss_mean": 0.10518011947089229
    },
    "17": {
      "train_loss": 0.04937874423773084,
      "train_loss_mean": 0.09411826406021287
    },
    "18": {
      "train_loss": 0.049560674801832065,
      "train_loss_mean": 0.09002942609615673
    },
    "19": {
      "train_loss": 0.049585611963824855,
      "train_loss_mean": 0.08727562031948995
    },
    "20": {
      "train_loss": 0.04850159703392269,
      "train_loss_mean": 0.07841050657484773
    }
  },
  "client_evaluate_metrics": {
    "1": {
      "eval_loss": 0.7545593669920257,
      "eval_acc": 0.6647727272727273
    },
    "2": {
      "eval_loss": 0.7376444845488579,
      "eval_acc": 0.6695075757575757
    },
    "3": {
      "eval_loss": 0.7141057605093175,
      "eval_acc": 0.6685606060606061
    },
    "4": {
      "eval_loss": 0.7322231612422251,
      "eval_acc": 0.6893939393939392
    },
    "5": {
      "eval_loss": 0.7043694176457145,
      "eval_acc": 0.705492424242424
    },
    "6": {
      "eval_loss": 0.6951000148599799,
      "eval_acc": 0.7168560606060602
    },
    "7": {
      "eval_loss": 0.5983356124523915,
      "eval_acc": 0.7481060606060606
    },
    "8": {
      "eval_loss": 0.5339889964371017,
      "eval_acc": 0.7888257575757577
    },
    "9": {
      "eval_loss": 0.5030110410668632,
      "eval_acc": 0.7973484848484848
    },
    "10": {
      "eval_loss": 0.4982588006691498,
      "eval_acc": 0.8125000000000001
    },
    "11": {
      "eval_loss": 0.4961189781174515,
      "eval_acc": 0.8238636363636366
    },
    "12": {
      "eval_loss": 0.4685620335918485,
      "eval_acc": 0.8390151515151514
    },
    "13": {
      "eval_loss": 0.46599364833849843,
      "eval_acc": 0.8428030303030303
    },
    "14": {
      "eval_loss": 0.4360299945780727,
      "eval_acc": 0.8522727272727274
    },
    "15": {
      "eval_loss": 0.4045603232401791,
      "eval_acc": 0.865530303030303
    },
    "16": {
      "eval_loss": 0.3654385936079604,
      "eval_acc": 0.8778409090909088
    },
    "17": {
      "eval_loss": 0.379232774460406,
      "eval_acc": 0.8882575757575757
    },
    "18": {
      "eval_loss": 0.3634898281289321,
      "eval_acc": 0.9043560606060606
    },
    "19": {
      "eval_loss": 0.33732627351965866,
      "eval_acc": 0.909090909090909
    },
    "20": {
      "eval_loss": 0.325317923882694,
      "eval_acc": 0.9081439393939393
    }
  },
  "server_evaluate_metrics": {
    "0": {
      "loss": 0.8725650578737258,
      "accuracy": 0.6546875,
      "f1": 0.6532062070648121,
      "precision": 0.6609825938527724,
      "auc": 0.8883284505208333
    },
    "1": {
      "loss": 0.7656285464763641,
      "accuracy": 0.6734375,
      "f1": 0.6690830536678783,
      "precision": 0.6679073389402559,
      "auc": 0.8969083658854167
    },
    "2": {
      "loss": 0.7534868001937867,
      "accuracy": 0.665625,
      "f1": 0.6572040499341801,
      "precision": 0.6544080028025535,
      "auc": 0.8982731119791667
    },
    "3": {
      "loss": 0.7515712022781372,
      "accuracy": 0.6578125,
      "f1": 0.6465850032813265,
      "precision": 0.6482183968302071,
      "auc": 0.898662109375
    },
    "4": {
      "loss": 0.7922425702214241,
      "accuracy": 0.6828125,
      "f1": 0.6678347700196644,
      "precision": 0.670188371276541,
      "auc": 0.90521240234375
    },
    "5": {
      "loss": 0.7450396850705147,
      "accuracy": 0.7046875,
      "f1": 0.6954422525964207,
      "precision": 0.6972291390031167,
      "auc": 0.9202628580729167
    },
    "6": {
      "loss": 0.7110819920897484,
      "accuracy": 0.734375,
      "f1": 0.7251860318335399,
      "precision": 0.7321535476582565,
      "auc": 0.9278076171875
    },
    "7": {
      "loss": 0.5981902748346328,
      "accuracy": 0.7546875,
      "f1": 0.7480256805774618,
      "precision": 0.7546511845922806,
      "auc": 0.9398201497395833
    },
    "8": {
      "loss": 0.547302782535553,
      "accuracy": 0.7796875,
      "f1": 0.7735532013467008,
      "precision": 0.7699882288441693,
      "auc": 0.9483756510416668
    },
    "9": {
      "loss": 0.5354467958211899,
      "accuracy": 0.778125,
      "f1": 0.7727870749245659,
      "precision": 0.7689187884841481,
      "auc": 0.9518977864583335
    },
    "10": {
      "loss": 0.5609449312090874,
      "accuracy": 0.7953125,
      "f1": 0.7900070135938273,
      "precision": 0.7853670210927366,
      "auc": 0.9539298502604167
    },
    "11": {
      "loss": 0.5698273912072181,
      "accuracy": 0.80625,
      "f1": 0.8014582843073732,
      "precision": 0.7974160528531207,
      "auc": 0.9590218098958332
    },
    "12": {
      "loss": 0.5260708063840867,
      "accuracy": 0.8265625,
      "f1": 0.8226942251693536,
      "precision": 0.8243627941357532,
      "auc": 0.9649910481770834
    },
    "13": {
      "loss": 0.5157925859093666,
      "accuracy": 0.828125,
      "f1": 0.82473393561046,
      "precision": 0.8295836563205109,
      "auc": 0.9669555664062499
    },
    "14": {
      "loss": 0.4770571384578943,
      "accuracy": 0.840625,
      "f1": 0.8367990723109608,
      "precision": 0.8411047935461955,
      "auc": 0.9698274739583332
    },
    "15": {
      "loss": 0.46026270315051077,
      "accuracy": 0.8546875,
      "f1": 0.8500750300120048,
      "precision": 0.8502881588152984,
      "auc": 0.9724226888020835
    },
    "16": {
      "loss": 0.43027636148035525,
      "accuracy": 0.88125,
      "f1": 0.8803484407968444,
      "precision": 0.8828981580280333,
      "auc": 0.9766731770833333
    },
    "17": {
      "loss": 0.4616345319896936,
      "accuracy": 0.8796875,
      "f1": 0.8787727879161068,
      "precision": 0.8805716378178339,
      "auc": 0.9784672037760417
    },
    "18": {
      "loss": 0.45896666646003725,
      "accuracy": 0.8921875,