{
  "metadata": {
    "run_name": "scaling48__homogeneous__global-dp__fedavg",
    "data_module": "experiments.reproduce.dataset.alzheimer:create_data_module",
    "partition_mode": "homogeneous",
    "partition_profile": "auto",
    "privacy": "global-dp",
    "aggregation": "fedavg",
    "seed": 42,
    "num_clients": 48,
    "rounds": 20,
    "local_epochs": 5,
    "noise_multiplier": 0.05,
    "clipping_norm": 5.0,
    "initialization_pretrained": false,
    "initialization_epochs": 0,
    "initialization_final_loss": null
  },
  "train_metrics": {
    "1": {
      "train_loss": 1.1037982655029126,
      "train_loss_mean": 1.1707254513746177
    },
    "2": {
      "train_loss": 1.0832970391988284,
      "train_loss_mean": 1.111407573996332
    },
    "3": {
      "train_loss": 1.0693681192269007,
      "train_loss_mean": 1.0855114543854485
    },
    "4": {
      "train_loss": 1.0504612916801854,
      "train_loss_mean": 1.066412356443058
    },
    "5": {
      "train_loss": 1.0248689417118635,
      "train_loss_mean": 1.0460334850724524
    },
    "6": {
      "train_loss": 0.9999207556834373,
      "train_loss_mean": 1.0253447075235091
    },
    "7": {
      "train_loss": 0.9723852803769307,
      "train_loss_mean": 1.0055702359628256
    },
    "8": {
      "train_loss": 0.955481343557985,
      "train_loss_mean": 0.9890685989719441
    },
    "9": {
      "train_loss": 0.9342193447464094,
      "train_loss_mean": 0.971040210837689
    },
    "10": {
      "train_loss": 0.9167924877256156,
      "train_loss_mean": 0.956477015081236
    },
    "11": {
      "train_loss": 0.9070692568518749,
      "train_loss_mean": 0.9472165048621067
    },
    "12": {
      "train_loss": 0.8800882453494887,
      "train_loss_mean": 0.9265692838738988
    },
    "13": {
      "train_loss": 0.8668195650597491,
      "train_loss_mean": 0.9129395738948048
    },
    "14": {
      "train_loss": 0.8388870560571433,
      "train_loss_mean": 0.8939692048047939
    },
    "15": {
      "train_loss": 0.8137310243057688,
      "train_loss_mean": 0.8771080685764787
    },
    "16": {
      "train_loss": 0.7946803266050544,
      "train_loss_mean": 0.8592321603786289
    },
    "17": {
      "train_loss": 0.7655788980219075,
      "train_loss_mean": 0.8360926278082171
    },
    "18": {
      "train_loss": 0.7407089135660901,
      "train_loss_mean": 0.8167537381975201
    },
    "19": {
      "train_loss": 0.7105068204645799,
      "train_loss_mean": 0.7948921535134784
    },
    "20": {
      "train_loss": 0.6744579263324813,
      "train_loss_mean": 0.7658027480569058
    }
  },
  "client_evaluate_metrics": {
    "1": {
      "eval_loss": 1.0932898358865217,
      "eval_acc": 0.5000000000000003
    },
    "2": {
      "eval_loss": 1.0167660189397405,
      "eval_acc": 0.5000000000000003
    },
    "3": {
      "eval_loss": 1.0066331877852934,
      "eval_acc": 0.5000000000000003
    },
    "4": {
      "eval_loss": 0.9895964355179756,
      "eval_acc": 0.5000000000000003
    },
    "5": {
      "eval_loss": 0.9788700396364386,
      "eval_acc": 0.5000000000000002
    },
    "6": {
      "eval_loss": 0.9600206505168567,
      "eval_acc": 0.5104166666666667
    },
    "7": {
      "eval_loss": 0.9398861130078633,
      "eval_acc": 0.5113636363636362
    },
    "8": {
      "eval_loss": 0.9297296242280443,
      "eval_acc": 0.5113636363636362
    },
    "9": {
      "eval_loss": 0.913028850699916,
      "eval_acc": 0.5435606060606061
    },
    "10": {
      "eval_loss": 0.8976721221750431,
      "eval_acc": 0.5549242424242424
    },
    "11": {
      "eval_loss": 0.8901851917758133,
      "eval_acc": 0.5634469696969697
    },
    "12": {
      "eval_loss": 0.8758290816437115,
      "eval_acc": 0.5653409090909091
    },
    "13": {
      "eval_loss": 0.8596386891422849,
      "eval_acc": 0.5748106060606061
    },
    "14": {
      "eval_loss": 0.8536707478942291,
      "eval_acc": 0.5833333333333334
    },
    "15": {
      "eval_loss": 0.8390824587056132,
      "eval_acc": 0.5852272727272727
    },
    "16": {
      "eval_loss": 0.8299551642302312,
      "eval_acc": 0.5984848484848485
    },
    "17": {
      "eval_loss": 0.8152639739441149,
      "eval_acc": 0.6060606060606061
    },
    "18": {
      "eval_loss": 0.797307168895548,
      "eval_acc": 0.6193181818181818
    },
    "19": {
      "eval_loss": 0.788530254905874,
      "eval_acc": 0.6354166666666667
    },
    "20": {
      "eval_loss": 0.7728905099810975,
      "eval_acc": 0.6477272727272728
    }
  },
  "server_evaluate_metrics": {
    "0": {
      "loss": 1.4405663669109345,
      "accuracy": 0.0109375,
      "f1": 0.0002366692426584235,
      "precision": 0.00011962890624999998,
      "auc": 0.22917846679687504
    },
    "1": {
      "loss": 1.1066070795059204,
      "accuracy": 0.4953125,
      "f1": 0.3281380616509927,
      "precision": 0.24533447265625,
      "auc": 0.80269287109375
    },
    "2": {
      "loss": 1.040227973461151,
      "accuracy": 0.4953125,
      "f1": 0.3281380616509927,
      "precision": 0.24533447265625,
      "auc": 0.8119360351562499
    },
    "3": {
      "loss": 1.0312414407730102,
      "accuracy": 0.4953125,
      "f1": 0.3281380616509927,
      "precision": 0.24533447265625,
      "auc": 0.8173811848958334
    },
    "4": {
      "loss": 1.0165955632925034,
      "accuracy": 0.4953125,
      "f1": 0.3281380616509927,
      "precision": 0.24533447265625,
      "auc": 0.8182356770833332
    },
    "5": {
      "loss": 1.004070419073105,
      "accuracy": 0.4984375,
      "f1": 0.3350213824697599,
      "precision": 0.6054785462382445,
      "auc": 0.8184399414062501
    },
    "6": {
      "loss": 0.9864031255245209,
      "accuracy": 0.5125,
      "f1": 0.3660815827159962,
      "precision": 0.4845657574827684,
      "auc": 0.8198722330729167
    },
    "7": {
      "loss": 0.9667269289493561,
      "accuracy": 0.5046875,
      "f1": 0.3789384943789629,
      "precision": 0.37016608391608397,
      "auc": 0.8228426106770833
    },
    "8": {
      "loss": 0.9594300150871277,
      "accuracy": 0.5015625,
      "f1": 0.38124902173000125,
      "precision": 0.367627953838959,
      "auc": 0.8235717773437501
    },
    "9": {
      "loss": 0.9413393020629883,
      "accuracy": 0.5359375,
      "f1": 0.476894488520535,
      "precision": 0.44176037377256894,
      "auc": 0.8320963541666666
    },
    "10": {
      "loss": 0.9292210817337037,
      "accuracy": 0.540625,
      "f1": 0.4867544945185095,
      "precision": 0.4488265407335567,
      "auc": 0.8354947916666667
    },
    "11": {
      "loss": 0.9211420685052871,
      "accuracy": 0.5578125,
      "f1": 0.5143978533457866,
      "precision": 0.4772603819788198,
      "auc": 0.8397981770833333
    },
    "12": {
      "loss": 0.9138363510370254,
      "accuracy": 0.5421875,
      "f1": 0.49007777936214775,
      "precision": 0.4519103888057354,
      "auc": 0.8392936197916667
    },
    "13": {
      "loss": 0.8973011612892151,
      "accuracy": 0.584375,
      "f1": 0.5432577141842468,
      "precision": 0.5108325550578939,
      "auc": 0.8485701497395833
    },
    "14": {
      "loss": 0.8931564718484879,
      "accuracy": 0.5578125,
      "f1": 0.5120592532419882,
      "precision": 0.4735880533854167,
      "auc": 0.8483382161458333
    },
    "15": {
      "loss": 0.882641515135765,
      "accuracy": 0.571875,
      "f1": 0.5305320389661936,
      "precision": 0.49628648452231305,
      "auc": 0.8525406901041667
    },
    "16": {
      "loss": 0.8750468909740448,
      "accuracy": 0.5875,
      "f1": 0.5438340003319958,
      "precision": 0.5069015673273386,
      "auc": 0.8560685221354165
    },
    "17": {
      "loss": 0.8627661406993866,
      "accuracy": 0.5921875,
      "f1": 0.5577727855321142,
      "precision": 0.5861363047744275,
      "auc": 0.8594637044270834
    },
    "18": {
      "loss": 0.8517732441425323,
      "accuracy": 0.5984375,
      "f1": 0.5753761994062783,