{
  "metadata": {
    "run_name": "scaling48__homogeneous__vanilla__fedavg",
    "data_module": "experiments.reproduce.dataset.alzheimer:create_data_module",
    "partition_mode": "homogeneous",
    "partition_profile": "auto",
    "privacy": "vanilla",
    "aggregation": "fedavg",
    "seed": 42,
    "num_clients": 48,
    "rounds": 20,
    "local_epochs": 5,
    "noise_multiplier": 0.05,
    "clipping_norm": 5.0,
    "initialization_pretrained": false,
    "initialization_epochs": 0,
    "initialization_final_loss": null
  },
  "train_metrics": {
    "1": {
      "train_loss": 1.1037982655029126,
      "train_loss_mean": 1.1707254513746173
    },
    "2": {
      "train_loss": 1.0806369344725852,
      "train_loss_mean": 1.102218422654459
    },
    "3": {
      "train_loss": 1.0638580727940943,
      "train_loss_mean": 1.0797036168202172
    },
    "4": {
      "train_loss": 1.0444652824772622,
      "train_loss_mean": 1.0620727971870834
    },
    "5": {
      "train_loss": 1.019601538894683,
      "train_loss_mean": 1.0419221167753294
    },
    "6": {
      "train_loss": 0.9960751278457911,
      "train_loss_mean": 1.0217751673914084
    },
    "7": {
      "train_loss": 0.9750249365007315,
      "train_loss_mean": 1.0026427039949912
    },
    "8": {
      "train_loss": 0.9589083275545068,
      "train_loss_mean": 0.9875391195168884
    },
    "9": {
      "train_loss": 0.9408391085783328,
      "train_loss_mean": 0.9745674001800968
    },
    "10": {
      "train_loss": 0.9233281528210547,
      "train_loss_mean": 0.9605317814759614
    },
    "11": {
      "train_loss": 0.9070140025688437,
      "train_loss_mean": 0.9461291477934817
    },
    "12": {
      "train_loss": 0.8920312742372667,
      "train_loss_mean": 0.932602397302591
    },
    "13": {
      "train_loss": 0.8765914083759149,
      "train_loss_mean": 0.9210046972786111
    },
    "14": {
      "train_loss": 0.8592250564934935,
      "train_loss_mean": 0.9046499759897475
    },
    "15": {
      "train_loss": 0.8408166565235673,
      "train_loss_mean": 0.8907581985906121
    },
    "16": {
      "train_loss": 0.8223624617066673,
      "train_loss_mean": 0.875886561601298
    },
    "17": {
      "train_loss": 0.8038436622747522,
      "train_loss_mean": 0.8601119296903923
    },
    "18": {
      "train_loss": 0.780545280879642,
      "train_loss_mean": 0.8431184501306516
    },
    "19": {
      "train_loss": 0.7555484464318736,
      "train_loss_mean": 0.8214635269819048
    },
    "20": {
      "train_loss": 0.72954282253306,
      "train_loss_mean": 0.8038348568031405
    }
  },
  "client_evaluate_metrics": {
    "1": {
      "eval_loss": 1.0425810488787566,
      "eval_acc": 0.5000000000000003
    },
    "2": {
      "eval_loss": 1.0202257687395269,
      "eval_acc": 0.5000000000000003
    },
    "3": {
      "eval_loss": 0.9984479492360895,
      "eval_acc": 0.5000000000000003
    },
    "4": {
      "eval_loss": 0.9845291105183686,
      "eval_acc": 0.5000000000000003
    },
    "5": {
      "eval_loss": 0.9684049505175968,
      "eval_acc": 0.5000000000000002
    },
    "6": {
      "eval_loss": 0.9520558389750393,
      "eval_acc": 0.5151515151515151
    },
    "7": {
      "eval_loss": 0.9322765433427058,
      "eval_acc": 0.5246212121212122
    },
    "8": {
      "eval_loss": 0.9187936548030738,
      "eval_acc": 0.540719696969697
    },
    "9": {
      "eval_loss": 0.9041421792723915,
      "eval_acc": 0.5520833333333334
    },
    "10": {
      "eval_loss": 0.8942822073445175,
      "eval_acc": 0.5596590909090909
    },
    "11": {
      "eval_loss": 0.8853502670923867,
      "eval_acc": 0.5653409090909091
    },
    "12": {
      "eval_loss": 0.8759600736878136,
      "eval_acc": 0.5738636363636365
    },
    "13": {
      "eval_loss": 0.8685644774725944,
      "eval_acc": 0.574810606060606
    },
    "14": {
      "eval_loss": 0.8586421428304728,
      "eval_acc": 0.5681818181818183
    },
    "15": {
      "eval_loss": 0.8485391600565477,
      "eval_acc": 0.5776515151515151
    },
    "16": {
      "eval_loss": 0.8410154364325777,
      "eval_acc": 0.5852272727272728
    },
    "17": {
      "eval_loss": 0.8317029945778124,
      "eval_acc": 0.6022727272727272
    },
    "18": {
      "eval_loss": 0.8185594136064703,
      "eval_acc": 0.6032196969696969
    },
    "19": {
      "eval_loss": 0.8069283239769212,
      "eval_acc": 0.6117424242424241
    },
    "20": {
      "eval_loss": 0.7970828341715264,
      "eval_acc": 0.6164772727272727
    }
  },
  "server_evaluate_metrics": {
    "0": {
      "loss": 1.4405663669109345,
      "accuracy": 0.0109375,
      "f1": 0.0002366692426584235,
      "precision": 0.00011962890624999998,
      "auc": 0.22917846679687504
    },
    "1": {
      "loss": 1.061171442270279,
      "accuracy": 0.4953125,
      "f1": 0.3281380616509927,
      "precision": 0.24533447265625,
      "auc": 0.8033589680989583
    },
    "2": {
      "loss": 1.0434507727622986,
      "accuracy": 0.4953125,
      "f1": 0.3281380616509927,
      "precision": 0.24533447265625,
      "auc": 0.8136519368489583
    },
    "3": {
      "loss": 1.0249178379774093,
      "accuracy": 0.4953125,
      "f1": 0.3281380616509927,
      "precision": 0.24533447265625,
      "auc": 0.8193221028645833
    },
    "4": {
      "loss": 1.0120286405086518,
      "accuracy": 0.4953125,
      "f1": 0.3281380616509927,
      "precision": 0.24533447265625,
      "auc": 0.8185148111979168
    },
    "5": {
      "loss": 0.9956466346979141,
      "accuracy": 0.5015625,
      "f1": 0.34180167106124604,
      "precision": 0.6062524567610063,
      "auc": 0.8178694661458333
    },
    "6": {
      "loss": 0.9796830236911773,
      "accuracy": 0.515625,
      "f1": 0.3759637248520957,
      "precision": 0.43543709150326804,
      "auc": 0.8190877278645833
    },
    "7": {
      "loss": 0.9610373646020889,
      "accuracy": 0.5125,
      "f1": 0.42592908249881434,
      "precision": 0.404766468149513,
      "auc": 0.8228255208333333
    },
    "8": {
      "loss": 0.9485973298549653,
      "accuracy": 0.5359375,
      "f1": 0.4812254385964912,
      "precision": 0.4438823133179369,
      "auc": 0.8284138997395833
    },
    "9": {
      "loss": 0.9366656184196472,
      "accuracy": 0.5375,
      "f1": 0.48891051595706597,
      "precision": 0.450856902674231,
      "auc": 0.8322517903645834
    },
    "10": {
      "loss": 0.928426668047905,
      "accuracy": 0.5484375,
      "f1": 0.5015290741824157,
      "precision": 0.4630552675291981,
      "auc": 0.83571044921875
    },
    "11": {
      "loss": 0.9211467355489731,
      "accuracy": 0.5421875,
      "f1": 0.4955827727675931,
      "precision": 0.4574751356238698,
      "auc": 0.8379768880208334
    },
    "12": {
      "loss": 0.9125695437192917,
      "accuracy": 0.5546875,
      "f1": 0.5112122045690217,
      "precision": 0.4740566194300545,
      "auc": 0.8417594401041667
    },
    "13": {
      "loss": 0.9075066953897476,
      "accuracy": 0.5515625,
      "f1": 0.5051008700200377,
      "precision": 0.46657532051282047,
      "auc": 0.8425203450520833
    },
    "14": {
      "loss": 0.8992709517478943,
      "accuracy": 0.56875,
      "f1": 0.5264603288979426,
      "precision": 0.49054739621942184,
      "auc": 0.84657958984375
    },
    "15": {
      "loss": 0.8912311315536499,
      "accuracy": 0.5640625,
      "f1": 0.5217003580729166,
      "precision": 0.48559793375331833,
      "auc": 0.8496704101562499
    },
    "16": {
      "loss": 0.8847744464874268,
      "accuracy": 0.5765625,
      "f1": 0.5365750403696833,
      "precision": 0.5051686746546211,
      "auc": 0.8527457682291666
    },
    "17": {
      "loss": 0.8788576066493988,
      "accuracy": 0.5859375,
      "f1": 0.5514162723962708,
      "precision": 0.5791666840741978,
      "auc": 0.8544335937499999
    },
    "18": {
      "loss": 0.8703333377838135,
      "accuracy": 0.596875,
      "f1": 0.5701172820668543,