{
  "metadata": {
    "run_name": "scaling48__non-iid__vanilla__fedavg",
    "data_module": "experiments.reproduce.dataset.alzheimer:create_data_module",
    "partition_mode": "non-iid",
    "partition_profile": "auto",
    "privacy": "vanilla",
    "aggregation": "fedavg",
    "seed": 42,
    "num_clients": 48,
    "rounds": 20,
    "local_epochs": 5,
    "noise_multiplier": 0.05,
    "clipping_norm": 5.0,
    "initialization_pretrained": false,
    "initialization_epochs": 0,
    "initialization_final_loss": null
  },
  "train_metrics": {
    "1": {
      "train_loss": 1.0811114982483228,
      "train_loss_mean": 1.1649516267989348
    },
    "2": {
      "train_loss": 1.0639885723780906,
      "train_loss_mean": 1.0837896402864033
    },
    "3": {
      "train_loss": 1.047058071836058,
      "train_loss_mean": 1.065182335667088
    },
    "4": {
      "train_loss": 1.0292551376917858,
      "train_loss_mean": 1.0481182624742862
    },
    "5": {
      "train_loss": 1.0071615019366822,
      "train_loss_mean": 1.0299094218891391
    },
    "6": {
      "train_loss": 0.9797651434181543,
      "train_loss_mean": 1.0080313943898471
    },
    "7": {
      "train_loss": 0.9571101073324607,
      "train_loss_mean": 0.9863492459373087
    },
    "8": {
      "train_loss": 0.9381439593059338,
      "train_loss_mean": 0.9704163045465932
    },
    "9": {
      "train_loss": 0.9185677785147689,
      "train_loss_mean": 0.9526755430065652
    },
    "10": {
      "train_loss": 0.9042671177063848,
      "train_loss_mean": 0.9407267024295131
    },
    "11": {
      "train_loss": 0.8869677660203256,
      "train_loss_mean": 0.9250646187791584
    },
    "12": {
      "train_loss": 0.8698718102613675,
      "train_loss_mean": 0.9117203941518022
    },
    "13": {
      "train_loss": 0.8530535183103173,
      "train_loss_mean": 0.8952567935962139
    },
    "14": {
      "train_loss": 0.8283595390506373,
      "train_loss_mean": 0.8767839991131892
    },
    "15": {
      "train_loss": 0.8129926533610732,
      "train_loss_mean": 0.8636094202597935
    },
    "16": {
      "train_loss": 0.7867216369210726,
      "train_loss_mean": 0.8427968620016774
    },
    "17": {
      "train_loss": 0.7585855806746671,
      "train_loss_mean": 0.8233666863565664
    },
    "18": {
      "train_loss": 0.7342554591075298,
      "train_loss_mean": 0.8021933863313649
    },
    "19": {
      "train_loss": 0.7007999109551549,
      "train_loss_mean": 0.7791403458465366
    },
    "20": {
      "train_loss": 0.6709600069635722,
      "train_loss_mean": 0.7540644964620359
    }
  },
  "client_evaluate_metrics": {
    "1": {
      "eval_loss": 1.0902712887451265,
      "eval_acc": 0.5014381591562799
    },
    "2": {
      "eval_loss": 1.0432090579263313,
      "eval_acc": 0.5014381591562799
    },
    "3": {
      "eval_loss": 1.030919993255191,
      "eval_acc": 0.5014381591562799
    },
    "4": {
      "eval_loss": 1.0168881895215263,
      "eval_acc": 0.5014381591562799
    },
    "5": {
      "eval_loss": 0.9987183073223038,
      "eval_acc": 0.5071907957813998
    },
    "6": {
      "eval_loss": 0.9717625977323243,
      "eval_acc": 0.5311601150527325
    },
    "7": {
      "eval_loss": 0.9494698012206608,
      "eval_acc": 0.5378715244487057
    },
    "8": {
      "eval_loss": 0.9341117221351327,
      "eval_acc": 0.5637583892617448
    },
    "9": {
      "eval_loss": 0.9196222233063651,
      "eval_acc": 0.5666347075743049
    },
    "10": {
      "eval_loss": 0.9079705951083542,
      "eval_acc": 0.5685522531160115
    },
    "11": {
      "eval_loss": 0.8981170908030935,
      "eval_acc": 0.5675934803451581
    },
    "12": {
      "eval_loss": 0.8849789706538301,
      "eval_acc": 0.5810162991371044
    },
    "13": {
      "eval_loss": 0.8772302617962727,
      "eval_acc": 0.5810162991371046
    },
    "14": {
      "eval_loss": 0.8605192929992056,
      "eval_acc": 0.5848513902205178
    },
    "15": {
      "eval_loss": 0.8519945979004053,
      "eval_acc": 0.6049856184084371
    },
    "16": {
      "eval_loss": 0.8367465193868252,
      "eval_acc": 0.6136145733461169
    },
    "17": {
      "eval_loss": 0.8234641545685232,
      "eval_acc": 0.6164908916586768
    },
    "18": {
      "eval_loss": 0.810426141363091,
      "eval_acc": 0.6212847555129434
    },
    "19": {
      "eval_loss": 0.7945404186459084,
      "eval_acc": 0.6366251198465962
    },
    "20": {
      "eval_loss": 0.7813453336004327,
      "eval_acc": 0.6289549376797697
    }
  },
  "server_evaluate_metrics": {
    "0": {
      "loss": 1.4405663669109345,
      "accuracy": 0.0109375,
      "f1": 0.0002366692426584235,
      "precision": 0.00011962890624999998,
      "auc": 0.22917846679687504
    },
    "1": {
      "loss": 1.0908373177051545,
      "accuracy": 0.4953125,
      "f1": 0.3281380616509927,
      "precision": 0.24533447265625,
      "auc": 0.8018762207031249
    },
    "2": {
      "loss": 1.0458988457918168,
      "accuracy": 0.4953125,
      "f1": 0.3281380616509927,
      "precision": 0.24533447265625,
      "auc": 0.8155806477864583
    },
    "3": {
      "loss": 1.0359600931406021,
      "accuracy": 0.4953125,
      "f1": 0.3281380616509927,
      "precision": 0.24533447265625,
      "auc": 0.8187618001302083
    },
    "4": {
      "loss": 1.021420732140541,
      "accuracy": 0.4953125,
      "f1": 0.3281380616509927,
      "precision": 0.24533447265625,
      "auc": 0.8190706380208334
    },
    "5": {
      "loss": 1.0039341419935226,
      "accuracy": 0.509375,
      "f1": 0.3592772824466416,
      "precision": 0.4992192292356766,
      "auc": 0.8183927408854167
    },
    "6": {
      "loss": 0.9787268728017807,
      "accuracy": 0.5125,
      "f1": 0.4013526009699386,
      "precision": 0.39586319338745135,
      "auc": 0.82267822265625
    },
    "7": {
      "loss": 0.9596890330314636,
      "accuracy": 0.509375,
      "f1": 0.4118259749241478,
      "precision": 0.39687092588121675,
      "auc": 0.8235652669270833
    },
    "8": {
      "loss": 0.9477998286485672,
      "accuracy": 0.5375,
      "f1": 0.48439153178049743,
      "precision": 0.4470498892391113,
      "auc": 0.8295100911458333
    },
    "9": {
      "loss": 0.9347137719392776,
      "accuracy": 0.534375,
      "f1": 0.48372625820239595,
      "precision": 0.44603741001767316,
      "auc": 0.8329581705729168
    },
    "10": {
      "loss": 0.9240639537572861,
      "accuracy": 0.553125,
      "f1": 0.5089899501083711,
      "precision": 0.4714294709058672,
      "auc": 0.8398388671875
    },
    "11": {
      "loss": 0.9161647140979767,
      "accuracy": 0.55,
      "f1": 0.5089779060451988,
      "precision": 0.4740338052182004,
      "auc": 0.8434887695312498
    },
    "12": {
      "loss": 0.9069614440202713,
      "accuracy": 0.5390625,
      "f1": 0.4944225078567862,
      "precision": 0.45698975044563284,
      "auc": 0.8435611979166668
    },
    "13": {
      "loss": 0.9000621348619461,
      "accuracy": 0.5734375,
      "f1": 0.5343839313283849,
      "precision": 0.632554848820059,
      "auc": 0.8491756184895833
    },
    "14": {
      "loss": 0.8882726103067398,
      "accuracy": 0.5734375,
      "f1": 0.5355054136401906,
      "precision": 0.5844443960511034,
      "auc": 0.8513118489583333
    },
    "15": {
      "loss": 0.8817099899053573,
      "accuracy": 0.58125,
      "f1": 0.5500598589415033,
      "precision": 0.6170919206724299,
      "auc": 0.8541455078124999
    },
    "16": {
      "loss": 0.8711169242858887,
      "accuracy": 0.5921875,
      "f1": 0.5725455761098771,
      "precision": 0.5963184862864456,
      "auc": 0.8571211751302082
    },
    "17": {
      "loss": 0.8595761090517045,
      "accuracy": 0.59375,
      "f1": 0.5722810663478639,
      "precision": 0.5958457212906227,
      "auc": 0.8615433756510417
    },
    "18": {
      "loss": 0.8476451903581619,
      "accuracy": 0.6125,
      "f1": 0.5992654560204616,
      "precision": 0.6106741359954793,