{
  "metadata": {
    "run_name": "scaling48__non-iid__global-dp__fedavgm",
    "data_module": "experiments.reproduce.dataset.alzheimer:create_data_module",
    "partition_mode": "non-iid",
    "partition_profile": "auto",
    "privacy": "global-dp",
    "aggregation": "fedavgm",
    "seed": 42,
    "num_clients": 48,
    "rounds": 20,
    "local_epochs": 5,
    "noise_multiplier": 0.05,
    "clipping_norm": 5.0,
    "initialization_pretrained": true,
    "initialization_epochs": 20,
    "initialization_final_loss": 0.39617598056793213
  },
  "train_metrics": {
    "1": {
      "train_loss": 0.5773694533274502,
      "train_loss_mean": 0.7265428933373685
    },
    "2": {
      "train_loss": 0.5801981703942718,
      "train_loss_mean": 0.72363610474883
    },
    "3": {
      "train_loss": 0.5533172138115707,
      "train_loss_mean": 0.7009924372974742
    },
    "4": {
      "train_loss": 0.5421133808881184,
      "train_loss_mean": 0.6842637812134417
    },
    "5": {
      "train_loss": 0.5253013376697536,
      "train_loss_mean": 0.6715081424309594
    },
    "6": {
      "train_loss": 0.5142216319289092,
      "train_loss_mean": 0.6610835414077387
    },
    "7": {
      "train_loss": 0.5032696934731672,
      "train_loss_mean": 0.651021985922293
    },
    "8": {
      "train_loss": 0.49268661334887714,
      "train_loss_mean": 0.6395614631106697
    },
    "9": {
      "train_loss": 0.4822177962994631,
      "train_loss_mean": 0.6330968925326438
    },
    "10": {
      "train_loss": 0.48073954537679003,
      "train_loss_mean": 0.6276936848480451
    },
    "11": {
      "train_loss": 0.4722985433885608,
      "train_loss_mean": 0.6208768397138831
    },
    "12": {
      "train_loss": 0.46234535225656775,
      "train_loss_mean": 0.6120553861430882
    },
    "13": {
      "train_loss": 0.45456969742803693,
      "train_loss_mean": 0.6041648781957297
    },
    "14": {
      "train_loss": 0.4491748032734614,
      "train_loss_mean": 0.6005627283829669
    },
    "15": {
      "train_loss": 0.44295753148947037,
      "train_loss_mean": 0.5960106472886582
    },
    "16": {
      "train_loss": 0.4415112303349246,
      "train_loss_mean": 0.5945401500609903
    },
    "17": {
      "train_loss": 0.4291993575433333,
      "train_loss_mean": 0.583373945046272
    },
    "18": {
      "train_loss": 0.42775398649152857,
      "train_loss_mean": 0.5827465031767961
    },
    "19": {
      "train_loss": 0.4156667210261283,
      "train_loss_mean": 0.5731103911456785
    },
    "20": {
      "train_loss": 0.41440059370727894,
      "train_loss_mean": 0.5705938480813161
    }
  },
  "client_evaluate_metrics": {
    "1": {
      "eval_loss": 0.816614758591181,
      "eval_acc": 0.6749760306807284
    },
    "2": {
      "eval_loss": 0.7808012900336477,
      "eval_acc": 0.6788111217641417
    },
    "3": {
      "eval_loss": 0.7479321236292674,
      "eval_acc": 0.6874400767018216
    },
    "4": {
      "eval_loss": 0.7377441608608626,
      "eval_acc": 0.6979865771812079
    },
    "5": {
      "eval_loss": 0.7231065670344428,
      "eval_acc": 0.6989453499520611
    },
    "6": {
      "eval_loss": 0.721104537852087,
      "eval_acc": 0.6979865771812078
    },
    "7": {
      "eval_loss": 0.715903847981048,
      "eval_acc": 0.7018216682646212
    },
    "8": {
      "eval_loss": 0.7020516547580692,
      "eval_acc": 0.697986577181208
    },
    "9": {
      "eval_loss": 0.7013698117387832,
      "eval_acc": 0.6989453499520611
    },
    "10": {
      "eval_loss": 0.6973130063494009,
      "eval_acc": 0.6979865771812079
    },
    "11": {
      "eval_loss": 0.6921635408129467,
      "eval_acc": 0.7085330776605944
    },
    "12": {
      "eval_loss": 0.690499940003096,
      "eval_acc": 0.7037392138063276
    },
    "13": {
      "eval_loss": 0.6846566187112466,
      "eval_acc": 0.7037392138063276
    },
    "14": {
      "eval_loss": 0.682747409562022,
      "eval_acc": 0.6999041227229147
    },
    "15": {
      "eval_loss": 0.68001257470333,
      "eval_acc": 0.7066155321188876
    },
    "16": {
      "eval_loss": 0.6730651412577094,
      "eval_acc": 0.707574304889741
    },
    "17": {
      "eval_loss": 0.6726950400741992,
      "eval_acc": 0.7066155321188876
    },
    "18": {
      "eval_loss": 0.6661352689519939,
      "eval_acc": 0.7094918504314477
    },
    "19": {
      "eval_loss": 0.6668945036307049,
      "eval_acc": 0.7085330776605944
    },
    "20": {
      "eval_loss": 0.6627961704623553,
      "eval_acc": 0.7133269415148608
    }
  },
  "server_evaluate_metrics": {
    "0": {
      "loss": 0.8725650578737258,
      "accuracy": 0.6546875,
      "f1": 0.6532062070648121,
      "precision": 0.6609825938527724,
      "auc": 0.8883284505208333
    },
    "1": {
      "loss": 0.8643440291285515,
      "accuracy": 0.6609375,
      "f1": 0.6591610397628864,
      "precision": 0.6693390935510896,
      "auc": 0.8877685546875
    },
    "2": {
      "loss": 0.818298390507698,
      "accuracy": 0.6609375,
      "f1": 0.6589150605623784,
      "precision": 0.6628742913171791,
      "auc": 0.8918302408854167
    },
    "3": {
      "loss": 0.7880662575364112,
      "accuracy": 0.675,
      "f1": 0.6728324821666141,
      "precision": 0.6779546620686363,
      "auc": 0.8940877278645833
    },
    "4": {
      "loss": 0.7729800477623939,
      "accuracy": 0.6734375,
      "f1": 0.6684532463000407,
      "precision": 0.6684580203889045,
      "auc": 0.8975724283854168
    },
    "5": {
      "loss": 0.7583782434463501,
      "accuracy": 0.6796875,
      "f1": 0.6765162668543641,
      "precision": 0.6743835286679826,
      "auc": 0.8983081054687502
    },
    "6": {
      "loss": 0.7581486612558365,
      "accuracy": 0.68125,
      "f1": 0.6780267010978193,
      "precision": 0.6793579868119235,
      "auc": 0.8986669921875
    },
    "7": {
      "loss": 0.7432040572166443,
      "accuracy": 0.6796875,
      "f1": 0.6744548023966266,
      "precision": 0.6738733751096972,
      "auc": 0.9015397135416666
    },
    "8": {
      "loss": 0.7426548048853874,
      "accuracy": 0.68125,
      "f1": 0.6763571510700422,
      "precision": 0.6721841061853064,
      "auc": 0.9017911783854167
    },
    "9": {
      "loss": 0.738898566365242,
      "accuracy": 0.696875,
      "f1": 0.6926629685981434,
      "precision": 0.6891170659187247,
      "auc": 0.9029549153645833
    },
    "10": {
      "loss": 0.7301179617643356,
      "accuracy": 0.6875,
      "f1": 0.6822386283169349,
      "precision": 0.6781860119624646,
      "auc": 0.9047639973958332
    },
    "11": {
      "loss": 0.7284390896558761,
      "accuracy": 0.703125,
      "f1": 0.6991623876765083,
      "precision": 0.696054094714809,
      "auc": 0.9054207356770834
    },
    "12": {
      "loss": 0.7261550262570381,
      "accuracy": 0.6921875,
      "f1": 0.6878762572287948,
      "precision": 0.683942300823144,
      "auc": 0.9056347656249999
    },
    "13": {
      "loss": 0.7212553828954696,
      "accuracy": 0.69375,
      "f1": 0.689701846565929,
      "precision": 0.6860872395833333,
      "auc": 0.90707275390625
    },
    "14": {
      "loss": 0.7238070800900459,
      "accuracy": 0.7,
      "f1": 0.6968236127765353,
      "precision": 0.6940003178639543,
      "auc": 0.9063484700520833
    },
    "15": {
      "loss": 0.724822747707367,
      "accuracy": 0.6984375,
      "f1": 0.6951843315968496,
      "precision": 0.693722415772885,
      "auc": 0.9078141276041667
    },
    "16": {
      "loss": 0.7175959944725037,
      "accuracy": 0.703125,
      "f1": 0.6995591161742275,
      "precision": 0.6961758314263949,
      "auc": 0.9084977213541667
    },
    "17": {
      "loss": 0.7178467392921448,
      "accuracy": 0.7046875,
      "f1": 0.7010852694789078,
      "precision": 0.6983323761865557,
      "auc": 0.9090673828125
    },
    "18": {
      "loss": 0.7118299961090088,
      "accuracy": 0.70625,
      "f1": 0.7018189873936421,
      "precision": 0.6980154490571158,