{
  "metadata": {
    "run_name": "scaling48__homogeneous__metric-privacy__fedavg",
    "data_module": "experiments.reproduce.dataset.alzheimer:create_data_module",
    "partition_mode": "homogeneous",
    "partition_profile": "auto",
    "privacy": "metric-privacy",
    "aggregation": "fedavg",
    "seed": 42,
    "num_clients": 48,
    "rounds": 20,
    "local_epochs": 5,
    "noise_multiplier": 0.05,
    "clipping_norm": 5.0,
    "initialization_pretrained": false,
    "initialization_epochs": 0,
    "initialization_final_loss": null
  },
  "train_metrics": {
    "1": {
      "train_loss": 1.1037982655029126,
      "train_loss_mean": 1.1707254513746173,
      "metric-dp-distance": 0.8549094309176629,
      "metric-dp-noise-stdv": 0.006092263279564819
    },
    "2": {
      "train_loss": 1.0861915792448549,
      "train_loss_mean": 1.1118881776752907,
      "metric-dp-distance": 0.6970466225563238,
      "metric-dp-noise-stdv": 0.007472001391000904
    },
    "3": {
      "train_loss": 1.0654313561513904,
      "train_loss_mean": 1.0843582208642342,
      "metric-dp-distance": 0.5867007584699119,
      "metric-dp-noise-stdv": 0.008877325038604727
    },
    "4": {
      "train_loss": 1.0478826356743736,
      "train_loss_mean": 1.0659743978106602,
      "metric-dp-distance": 0.5417842112462191,
      "metric-dp-noise-stdv": 0.009613298477918095
    },
    "5": {
      "train_loss": 1.024114327622563,
      "train_loss_mean": 1.0476341775317835,
      "metric-dp-distance": 0.5276418407059585,
      "metric-dp-noise-stdv": 0.009870963467121642
    },
    "6": {
      "train_loss": 0.9971885014853374,
      "train_loss_mean": 1.02666192592129,
      "metric-dp-distance": 0.5755183106133094,
      "metric-dp-noise-stdv": 0.00904981342432528
    },
    "7": {
      "train_loss": 0.9793779625608696,
      "train_loss_mean": 1.009410071815914,
      "metric-dp-distance": 0.5384310470738759,
      "metric-dp-noise-stdv": 0.009673166808708786
    },
    "8": {
      "train_loss": 0.9560570152931089,
      "train_loss_mean": 0.9929305946821071,
      "metric-dp-distance": 0.5541071788175032,
      "metric-dp-noise-stdv": 0.009399505244541712
    },
    "9": {
      "train_loss": 0.9410764042464065,
      "train_loss_mean": 0.9776346703917962,
      "metric-dp-distance": 0.5687807254338016,
      "metric-dp-noise-stdv": 0.009157014470490374
    },
    "10": {
      "train_loss": 0.9167643957808026,
      "train_loss_mean": 0.9610943908150505,
      "metric-dp-distance": 0.5793326027536144,
      "metric-dp-noise-stdv": 0.008990229979424093
    },
    "11": {
      "train_loss": 0.9040734120974625,
      "train_loss_mean": 0.9476398820922837,
      "metric-dp-distance": 0.5889449564662451,
      "metric-dp-noise-stdv": 0.008843497641246622
    },
    "12": {
      "train_loss": 0.8747611240608484,
      "train_loss_mean": 0.9268618270666812,
      "metric-dp-distance": 0.5508554058227068,
      "metric-dp-noise-stdv": 0.009454991778749358
    },
    "13": {
      "train_loss": 0.8612461038168491,
      "train_loss_mean": 0.9190913621248223,
      "metric-dp-distance": 0.5711774020843828,
      "metric-dp-noise-stdv": 0.009118591376911444
    },
    "14": {
      "train_loss": 0.840928191583105,
      "train_loss_mean": 0.9007442135979811,
      "metric-dp-distance": 0.5422594416886568,
      "metric-dp-noise-stdv": 0.009604873484754823
    },
    "15": {
      "train_loss": 0.8202898164287095,
      "train_loss_mean": 0.881363465660435,
      "metric-dp-distance": 0.5455294876204183,
      "metric-dp-noise-stdv": 0.009547299369740601
    },
    "16": {
      "train_loss": 0.7957689340013687,
      "train_loss_mean": 0.8650753734765326,
      "metric-dp-distance": 0.537658242508769,
      "metric-dp-noise-stdv": 0.00968707056183257
    },
    "17": {
      "train_loss": 0.7572451468234456,
      "train_loss_mean": 0.8364769906480247,
      "metric-dp-distance": 0.5587469113913054,
      "metric-dp-noise-stdv": 0.00932145346515535
    },
    "18": {
      "train_loss": 0.7370114765811976,
      "train_loss_mean": 0.8218720315112255,
      "metric-dp-distance": 0.5341666244979327,
      "metric-dp-noise-stdv": 0.009750390785325995
    },
    "19": {
      "train_loss": 0.6924812423549298,
      "train_loss_mean": 0.7897936932038604,
      "metric-dp-distance": 0.5558711074215049,
      "metric-dp-noise-stdv": 0.009369678085074438
    },
    "20": {
      "train_loss": 0.6702176367820013,
      "train_loss_mean": 0.7740333101470172,
      "metric-dp-distance": 0.5457133180849875,
      "metric-dp-noise-stdv": 0.009544083240647988
    }
  },
  "client_evaluate_metrics": {
    "1": {
      "eval_loss": 1.093995545849656,
      "eval_acc": 0.5000000000000003
    },
    "2": {
      "eval_loss": 1.0191019195498843,
      "eval_acc": 0.5000000000000003
    },
    "3": {
      "eval_loss": 1.0094672333110464,
      "eval_acc": 0.5000000000000003
    },
    "4": {
      "eval_loss": 0.9904664483937348,
      "eval_acc": 0.5000000000000003
    },
    "5": {
      "eval_loss": 0.9962678641983956,
      "eval_acc": 0.5000000000000003
    },
    "6": {
      "eval_loss": 0.9625359213713444,
      "eval_acc": 0.516098484848485
    },
    "7": {
      "eval_loss": 0.9526231451468031,
      "eval_acc": 0.5388257575757577
    },
    "8": {
      "eval_loss": 0.9387183677066455,
      "eval_acc": 0.5142045454545454
    },
    "9": {
      "eval_loss": 0.9182077411449319,
      "eval_acc": 0.5482954545454545
    },
    "10": {
      "eval_loss": 0.9000234116207468,
      "eval_acc": 0.5520833333333333
    },
    "11": {
      "eval_loss": 0.8967636317917795,
      "eval_acc": 0.5596590909090909
    },
    "12": {
      "eval_loss": 0.8736498717105751,
      "eval_acc": 0.5662878787878788
    },
    "13": {
      "eval_loss": 0.8732714887821315,
      "eval_acc": 0.5615530303030304
    },
    "14": {
      "eval_loss": 0.8590746838035006,
      "eval_acc": 0.5748106060606059
    },
    "15": {
      "eval_loss": 0.8482268461675355,
      "eval_acc": 0.5700757575757576
    },
    "16": {
      "eval_loss": 0.8475714172377727,
      "eval_acc": 0.5871212121212119
    },
    "17": {
      "eval_loss": 0.8266814820694203,
      "eval_acc": 0.5975378787878787
    },
    "18": {
      "eval_loss": 0.8020877178871271,
      "eval_acc": 0.6003787878787881
    },
    "19": {
      "eval_loss": 0.7973363471753667,
      "eval_acc": 0.6164772727272727
    },
    "20": {
      "eval_loss": 0.7880628452156528,
      "eval_acc": 0.6354166666666666
    }
  },
  "server_evaluate_metrics": {
    "0": {
      "loss": 1.4405663669109345,
      "accuracy": 0.0109375,
      "f1": 0.0002366692426584235,
      "precision": 0.00011962890624999998,
      "auc": 0.22917846679687504
    },
    "1": {
      "loss": 1.1072798311710357,
      "accuracy": 0.4953125,
      "f1": 0.3281380616509927,
      "precision": 0.24533447265625,
      "auc": 0.8028230794270834
    },
    "2": {
      "loss": 1.0419080078601837,
      "accuracy": 0.4953125,
      "f1": 0.3281380616509927,
      "precision": 0.24533447265625,
      "auc": 0.8127445475260417
    },
    "3": {
      "loss": 1.0335622817277907,
      "accuracy": 0.4953125,
      "f1": 0.3281380616509927,
      "precision": 0.24533447265625,
      "auc": 0.8152400716145833
    },
    "4": {
      "loss": 1.019089576601982,
      "accuracy": 0.4953125,
      "f1": 0.3281380616509927,
      "precision": 0.24533447265625,
      "auc": 0.8170939127604167
    },
    "5": {
      "loss": 1.0206174433231354,
      "accuracy": 0.4953125,
      "f1": 0.3281380616509927,
      "precision": 0.24533447265625,
      "auc": 0.8195434570312499
    },
    "6": {
      "loss": 0.9901260495185852,
      "accuracy": 0.5140625,
      "f1": 0.3700851476954418,
      "precision": 0.4500907895704619,
      "auc": 0.821748046875
    },
    "7": {
      "loss": 0.9788298785686493,
      "accuracy": 0.5234375,
      "f1": 0.4520802325866981,
      "precision": 0.42585368199003737,