{
  "metadata": {
    "run_name": "scaling48__non-iid__metric-privacy__fedyogi",
    "data_module": "experiments.reproduce.dataset.alzheimer:create_data_module",
    "partition_mode": "non-iid",
    "partition_profile": "auto",
    "privacy": "metric-privacy",
    "aggregation": "fedyogi",
    "seed": 42,
    "num_clients": 48,
    "rounds": 20,
    "local_epochs": 5,
    "noise_multiplier": 0.05,
    "clipping_norm": 5.0,
    "initialization_pretrained": true,
    "initialization_epochs": 20,
    "initialization_final_loss": 0.39617598056793213
  },
  "train_metrics": {
    "1": {
      "train_loss": 0.57736945332745,
      "train_loss_mean": 0.7265428933373685,
      "metric-dp-distance": 0.6724509739627441,
      "metric-dp-noise-stdv": 0.007745298222472188
    },
    "2": {
      "train_loss": 0.5217479055069856,
      "train_loss_mean": 0.663919254099077,
      "metric-dp-distance": 0.685072062498269,
      "metric-dp-noise-stdv": 0.007602606526297361
    },
    "3": {
      "train_loss": 0.47611866277492465,
      "train_loss_mean": 0.6193002495444125,
      "metric-dp-distance": 0.6924250340089202,
      "metric-dp-noise-stdv": 0.007521873239011514
    },
    "4": {
      "train_loss": 0.41934988313318694,
      "train_loss_mean": 0.5753547437304458,
      "metric-dp-distance": 0.7305104586606225,
      "metric-dp-noise-stdv": 0.007129717681089355
    },
    "5": {
      "train_loss": 0.37148567848181674,
      "train_loss_mean": 0.5379824107260185,
      "metric-dp-distance": 0.7425000634199629,
      "metric-dp-noise-stdv": 0.007014589748778871
    },
    "6": {
      "train_loss": 0.32489845805968426,
      "train_loss_mean": 0.49346787427753763,
      "metric-dp-distance": 0.7397713632478068,
      "metric-dp-noise-stdv": 0.007040463570348639
    },
    "7": {
      "train_loss": 0.2823701131070544,
      "train_loss_mean": 0.4461314232124489,
      "metric-dp-distance": 0.7093657815518478,
      "metric-dp-noise-stdv": 0.007342239319662834
    },
    "8": {
      "train_loss": 0.20931573319693156,
      "train_loss_mean": 0.3621325754720435,
      "metric-dp-distance": 0.7000480211184671,
      "metric-dp-noise-stdv": 0.0074399657969348686
    },
    "9": {
      "train_loss": 0.15061160896483078,
      "train_loss_mean": 0.28322017429096147,
      "metric-dp-distance": 0.6767941935298344,
      "metric-dp-noise-stdv": 0.007695593997592033
    },
    "10": {
      "train_loss": 0.12564783003126395,
      "train_loss_mean": 0.24508172883219442,
      "metric-dp-distance": 0.6616834355518222,
      "metric-dp-noise-stdv": 0.007871337037460754
    },
    "11": {
      "train_loss": 0.10405224909972118,
      "train_loss_mean": 0.21192568846372783,
      "metric-dp-distance": 0.6672750360642871,
      "metric-dp-noise-stdv": 0.007805377171088338
    },
    "12": {
      "train_loss": 0.0876241298398349,
      "train_loss_mean": 0.18777354063719573,
      "metric-dp-distance": 0.6479957337335994,
      "metric-dp-noise-stdv": 0.008037604357862264
    },
    "13": {
      "train_loss": 0.07390197833500964,
      "train_loss_mean": 0.15981803104574246,
      "metric-dp-distance": 0.6369142124118904,
      "metric-dp-noise-stdv": 0.008177448755006146
    },
    "14": {
      "train_loss": 0.07287437211845599,
      "train_loss_mean": 0.15078873077849478,
      "metric-dp-distance": 0.6041813043411821,
      "metric-dp-noise-stdv": 0.008620480799240653
    },
    "15": {
      "train_loss": 0.06352235100502406,
      "train_loss_mean": 0.13301597286749053,
      "metric-dp-distance": 0.6192766794313987,
      "metric-dp-noise-stdv": 0.008410349535712323
    },
    "16": {
      "train_loss": 0.06451083811190074,
      "train_loss_mean": 0.12561194809140672,
      "metric-dp-distance": 0.5730247147536526,
      "metric-dp-noise-stdv": 0.009089194932146048
    },
    "17": {
      "train_loss": 0.05962347491443506,
      "train_loss_mean": 0.11389207521491507,
      "metric-dp-distance": 0.5552918561734259,
      "metric-dp-noise-stdv": 0.009379452040273923
    },
    "18": {
      "train_loss": 0.06700432131788214,
      "train_loss_mean": 0.1041943263163416,
      "metric-dp-distance": 0.5451717919204384,
      "metric-dp-noise-stdv": 0.00955356350149061
    },
    "19": {
      "train_loss": 0.05748084256739791,
      "train_loss_mean": 0.09845283250397191,
      "metric-dp-distance": 0.5369699638492117,
      "metric-dp-noise-stdv": 0.009699487278576913
    },
    "20": {
      "train_loss": 0.059454660810881195,
      "train_loss_mean": 0.09245166091805854,
      "metric-dp-distance": 0.5138743567125251,
      "metric-dp-noise-stdv": 0.010135421753000631
    }
  },
  "client_evaluate_metrics": {
    "1": {
      "eval_loss": 0.7260658103233328,
      "eval_acc": 0.695110258868648
    },
    "2": {
      "eval_loss": 0.7312907590847805,
      "eval_acc": 0.6893576222435283
    },
    "3": {
      "eval_loss": 0.6933207093012069,
      "eval_acc": 0.6941514860977948
    },
    "4": {
      "eval_loss": 0.6902872452857054,
      "eval_acc": 0.6999041227229144
    },
    "5": {
      "eval_loss": 0.6624577611770521,
      "eval_acc": 0.7344199424736334
    },
    "6": {
      "eval_loss": 0.7069640097459232,
      "eval_acc": 0.7372962607861938
    },
    "7": {
      "eval_loss": 0.6516595457538549,
      "eval_acc": 0.7401725790987537
    },
    "8": {
      "eval_loss": 0.5455224701736484,
      "eval_acc": 0.763183125599233
    },
    "9": {
      "eval_loss": 0.5074116245897939,
      "eval_acc": 0.7919463087248322
    },
    "10": {
      "eval_loss": 0.517658567454305,
      "eval_acc": 0.7909875359539793
    },
    "11": {
      "eval_loss": 0.5410487090852666,
      "eval_acc": 0.815915627996165
    },
    "12": {
      "eval_loss": 0.5153480699042098,
      "eval_acc": 0.8264621284755512
    },
    "13": {
      "eval_loss": 0.5043737153783403,
      "eval_acc": 0.8389261744966443
    },
    "14": {
      "eval_loss": 0.48573542077497034,
      "eval_acc": 0.8379674017257912
    },
    "15": {
      "eval_loss": 0.49309678085140307,
      "eval_acc": 0.8427612655800577
    },
    "16": {
      "eval_loss": 0.4521285664055351,
      "eval_acc": 0.8619367209971239
    },
    "17": {
      "eval_loss": 0.48365793747036384,
      "eval_acc": 0.8753595397890701
    },
    "18": {
      "eval_loss": 0.5231146315989006,
      "eval_acc": 0.8715244487056569
    },
    "19": {
      "eval_loss": 0.4906991431251844,
      "eval_acc": 0.8791946308724833
    },
    "20": {
      "eval_loss": 0.4449454749660247,
      "eval_acc": 0.8763183125599235
    }
  },
  "server_evaluate_metrics": {
    "0": {
      "loss": 0.8725650578737258,
      "accuracy": 0.6546875,
      "f1": 0.6532062070648121,
      "precision": 0.6609825938527724,
      "auc": 0.8883284505208333
    },
    "1": {
      "loss": 0.75666823387146,
      "accuracy": 0.6765625,
      "f1": 0.6720695030835562,
      "precision": 0.6756235079258976,
      "auc": 0.8980045572916666
    },
    "2": {
      "loss": 0.7512887924909591,
      "accuracy": 0.6734375,
      "f1": 0.6689032725705812,
      "precision": 0.6648017548798798,
      "auc": 0.9024650065104167
    },
    "3": {
      "loss": 0.729630646109581,
      "accuracy": 0.68125,
      "f1": 0.6731015222680456,
      "precision": 0.6689781937127641,
      "auc": 0.9051814778645835
    },
    "4": {
      "loss": 0.7460786163806915,
      "accuracy": 0.6828125,
      "f1": 0.6663895041617582,
      "precision": 0.6715942064182432,
      "auc": 0.9068294270833331
    },
    "5": {
      "loss": 0.7176868781447411,
      "accuracy": 0.7140625,
      "f1": 0.7051759375413216,
      "precision": 0.7034270717837185,
      "auc": 0.9215616861979166
    },
    "6": {
      "loss": 0.7456366449594498,
      "accuracy": 0.7171875,
      "f1": 0.7078646244606951,
      "precision": 0.7146665931846626,
      "auc": 0.9271199544270833
    },
    "7": {
      "loss": 0.6438258692622185,
      "accuracy": 0.746875,