{
  "metadata": {
    "run_name": "scaling48__homogeneous__metric-privacy__fedyogi",
    "data_module": "experiments.reproduce.dataset.alzheimer:create_data_module",
    "partition_mode": "homogeneous",
    "partition_profile": "auto",
    "privacy": "metric-privacy",
    "aggregation": "fedyogi",
    "seed": 42,
    "num_clients": 48,
    "rounds": 20,
    "local_epochs": 5,
    "noise_multiplier": 0.05,
    "clipping_norm": 5.0,
    "initialization_pretrained": true,
    "initialization_epochs": 20,
    "initialization_final_loss": 0.39617598056793213
  },
  "train_metrics": {
    "1": {
      "train_loss": 0.5356627007301047,
      "train_loss_mean": 0.7025818611722529,
      "metric-dp-distance": 0.5572425397501016,
      "metric-dp-noise-stdv": 0.009346618324704783
    },
    "2": {
      "train_loss": 0.47678419003835104,
      "train_loss_mean": 0.6392872708856944,
      "metric-dp-distance": 0.5847010149154812,
      "metric-dp-noise-stdv": 0.00890768649355979
    },
    "3": {
      "train_loss": 0.42831650469818805,
      "train_loss_mean": 0.5945044130629559,
      "metric-dp-distance": 0.5972390346772348,
      "metric-dp-noise-stdv": 0.008720684735799405
    },
    "4": {
      "train_loss": 0.38971928780253146,
      "train_loss_mean": 0.5632641065733758,
      "metric-dp-distance": 0.6292664805465998,
      "metric-dp-noise-stdv": 0.008276832620751098
    },
    "5": {
      "train_loss": 0.36492007995742964,
      "train_loss_mean": 0.5397916958476674,
      "metric-dp-distance": 0.6062560674035922,
      "metric-dp-noise-stdv": 0.00859097931281582
    },
    "6": {
      "train_loss": 0.3112798151376796,
      "train_loss_mean": 0.4863765960940577,
      "metric-dp-distance": 0.5940555296838284,
      "metric-dp-noise-stdv": 0.008767418318798148
    },
    "7": {
      "train_loss": 0.2693771346010208,
      "train_loss_mean": 0.4422823392837418,
      "metric-dp-distance": 0.5833591878181323,
      "metric-dp-noise-stdv": 0.008928175714200083
    },
    "8": {
      "train_loss": 0.19939215375315836,
      "train_loss_mean": 0.3640658123616687,
      "metric-dp-distance": 0.5764282405143604,
      "metric-dp-noise-stdv": 0.00903552769844485
    },
    "9": {
      "train_loss": 0.15166756732015343,
      "train_loss_mean": 0.3060694542022304,
      "metric-dp-distance": 0.5812237802116821,
      "metric-dp-noise-stdv": 0.008960977700252483
    },
    "10": {
      "train_loss": 0.12460218954649864,
      "train_loss_mean": 0.2694202729006752,
      "metric-dp-distance": 0.5753985335274289,
      "metric-dp-noise-stdv": 0.009051697266943166
    },
    "11": {
      "train_loss": 0.10728700933327136,
      "train_loss_mean": 0.23850807804310886,
      "metric-dp-distance": 0.5624192122680446,
      "metric-dp-noise-stdv": 0.009260589289490848
    },
    "12": {
      "train_loss": 0.08765886828219005,
      "train_loss_mean": 0.20252519420945772,
      "metric-dp-distance": 0.5540981721521044,
      "metric-dp-noise-stdv": 0.00939965803010013
    },
    "13": {
      "train_loss": 0.07583285031169212,
      "train_loss_mean": 0.17290922731414798,
      "metric-dp-distance": 0.5379481785930693,
      "metric-dp-noise-stdv": 0.009681849554644881
    },
    "14": {
      "train_loss": 0.06928121506792904,
      "train_loss_mean": 0.15546302067539403,
      "metric-dp-distance": 0.5200161131409308,
      "metric-dp-noise-stdv": 0.010015715285964247
    },
    "15": {
      "train_loss": 0.05974683280957233,
      "train_loss_mean": 0.13059210289630852,
      "metric-dp-distance": 0.5159643572599938,
      "metric-dp-noise-stdv": 0.01009436651979598
    },
    "16": {
      "train_loss": 0.057877595437927545,
      "train_loss_mean": 0.12045365927341503,
      "metric-dp-distance": 0.5033112053060904,
      "metric-dp-noise-stdv": 0.0103481370540238
    },
    "17": {
      "train_loss": 0.05347881203326366,
      "train_loss_mean": 0.10671879337715501,
      "metric-dp-distance": 0.49426980180821073,
      "metric-dp-noise-stdv": 0.010537429788911723
    },
    "18": {
      "train_loss": 0.05430841670867389,
      "train_loss_mean": 0.10639399927912468,
      "metric-dp-distance": 0.4837708437504868,
      "metric-dp-noise-stdv": 0.010766116645135444
    },
    "19": {
      "train_loss": 0.05057164034109893,
      "train_loss_mean": 0.10468560862429484,
      "metric-dp-distance": 0.4751840723717275,
      "metric-dp-noise-stdv": 0.010960664795302636
    },
    "20": {
      "train_loss": 0.052595989299541866,
      "train_loss_mean": 0.09635833380142592,
      "metric-dp-distance": 0.4571197791180263,
      "metric-dp-noise-stdv": 0.01139380436213539
    }
  },
  "client_evaluate_metrics": {
    "1": {
      "eval_loss": 0.762147989236947,
      "eval_acc": 0.6619318181818183
    },
    "2": {
      "eval_loss": 0.7459126467054541,
      "eval_acc": 0.6628787878787878
    },
    "3": {
      "eval_loss": 0.7175424026720452,
      "eval_acc": 0.6647727272727272
    },
    "4": {
      "eval_loss": 0.7366415822144708,
      "eval_acc": 0.6827651515151515
    },
    "5": {
      "eval_loss": 0.6909728366317169,
      "eval_acc": 0.7083333333333331
    },
    "6": {
      "eval_loss": 0.7224116889816343,
      "eval_acc": 0.7111742424242423
    },
    "7": {
      "eval_loss": 0.6208230356375375,
      "eval_acc": 0.7490530303030302
    },
    "8": {
      "eval_loss": 0.5568951977924866,
      "eval_acc": 0.7897727272727274
    },
    "9": {
      "eval_loss": 0.5309319767084989,
      "eval_acc": 0.7878787878787878
    },
    "10": {
      "eval_loss": 0.5244756144556132,
      "eval_acc": 0.8001893939393938
    },
    "11": {
      "eval_loss": 0.520184146409685,
      "eval_acc": 0.8229166666666666
    },
    "12": {
      "eval_loss": 0.4832926753795508,
      "eval_acc": 0.8304924242424241
    },
    "13": {
      "eval_loss": 0.4977964403277095,
      "eval_acc": 0.833333333333333
    },
    "14": {
      "eval_loss": 0.471368472007188,
      "eval_acc": 0.8399621212121213
    },
    "15": {
      "eval_loss": 0.4671386292938032,
      "eval_acc": 0.8560606060606056
    },
    "16": {
      "eval_loss": 0.41283451365024754,
      "eval_acc": 0.8721590909090905
    },
    "17": {
      "eval_loss": 0.44382901055117446,
      "eval_acc": 0.8825757575757575
    },
    "18": {
      "eval_loss": 0.4240144665042559,
      "eval_acc": 0.8920454545454546
    },
    "19": {
      "eval_loss": 0.37195184618008864,
      "eval_acc": 0.8939393939393938
    },
    "20": {
      "eval_loss": 0.3483888884498314,
      "eval_acc": 0.8986742424242424
    }
  },
  "server_evaluate_metrics": {
    "0": {
      "loss": 0.8725650578737258,
      "accuracy": 0.6546875,
      "f1": 0.6532062070648121,
      "precision": 0.6609825938527724,
      "auc": 0.8883284505208333
    },
    "1": {
      "loss": 0.7727840632200241,
      "accuracy": 0.6671875,
      "f1": 0.6623049905215157,
      "precision": 0.6645006154946094,
      "auc": 0.8958939615885417
    },
    "2": {
      "loss": 0.7556835234165191,
      "accuracy": 0.6671875,
      "f1": 0.6613772956931514,
      "precision": 0.658075076158047,
      "auc": 0.8977791341145833
    },
    "3": {
      "loss": 0.7517591178417206,
      "accuracy": 0.659375,
      "f1": 0.6489967129892793,
      "precision": 0.6525062980281282,
      "auc": 0.8981787109375
    },
    "4": {
      "loss": 0.7980995327234268,
      "accuracy": 0.675,
      "f1": 0.6583311977219705,
      "precision": 0.6632419880167143,
      "auc": 0.90239013671875
    },
    "5": {
      "loss": 0.737126499414444,
      "accuracy": 0.7,
      "f1": 0.6890964474054196,
      "precision": 0.6889166756775934,
      "auc": 0.9186393229166667
    },
    "6": {
      "loss": 0.7468214198946953,
      "accuracy": 0.7296875,
      "f1": 0.7187576458984672,
      "precision": 0.7269403375761219,
      "auc": 0.9232014973958332
    },
    "7": {
      "loss": 0.6247219763696193,
      "accuracy": 0.759375,
      "f1": 0.7513915646835494,