{
  "metadata": {
    "run_name": "scaling48__homogeneous__metric-privacy__fedavgm",
    "data_module": "experiments.reproduce.dataset.alzheimer:create_data_module",
    "partition_mode": "homogeneous",
    "partition_profile": "auto",
    "privacy": "metric-privacy",
    "aggregation": "fedavgm",
    "seed": 42,
    "num_clients": 48,
    "rounds": 20,
    "local_epochs": 5,
    "noise_multiplier": 0.05,
    "clipping_norm": 5.0,
    "initialization_pretrained": true,
    "initialization_epochs": 20,
    "initialization_final_loss": 0.39617598056793213
  },
  "train_metrics": {
    "1": {
      "train_loss": 0.5356627007301047,
      "train_loss_mean": 0.7025818611722527,
      "metric-dp-distance": 0.5572425397501016,
      "metric-dp-noise-stdv": 0.009346618324704783
    },
    "2": {
      "train_loss": 0.549613107875811,
      "train_loss_mean": 0.71302141060422,
      "metric-dp-distance": 0.5687191263617327,
      "metric-dp-noise-stdv": 0.009158006284495139
    },
    "3": {
      "train_loss": 0.5171742810845729,
      "train_loss_mean": 0.6822851009622922,
      "metric-dp-distance": 0.5712360720305393,
      "metric-dp-noise-stdv": 0.0091176548337005
    },
    "4": {
      "train_loss": 0.49522593880336235,
      "train_loss_mean": 0.6577285279167859,
      "metric-dp-distance": 0.584700510914748,
      "metric-dp-noise-stdv": 0.008907694171816334
    },
    "5": {
      "train_loss": 0.49047909396165223,
      "train_loss_mean": 0.652783056600826,
      "metric-dp-distance": 0.5544795821576068,
      "metric-dp-noise-stdv": 0.009393192285036931
    },
    "6": {
      "train_loss": 0.46869983493284445,
      "train_loss_mean": 0.6362933441431915,
      "metric-dp-distance": 0.5946246456199636,
      "metric-dp-noise-stdv": 0.008759027012583805
    },
    "7": {
      "train_loss": 0.4678317504645302,
      "train_loss_mean": 0.6309118228469514,
      "metric-dp-distance": 0.5940349681768566,
      "metric-dp-noise-stdv": 0.008767721788025623
    },
    "8": {
      "train_loss": 0.45543554230541805,
      "train_loss_mean": 0.6214261691591988,
      "metric-dp-distance": 0.588787246417875,
      "metric-dp-noise-stdv": 0.008845866422923275
    },
    "9": {
      "train_loss": 0.45227603565014196,
      "train_loss_mean": 0.615651368196159,
      "metric-dp-distance": 0.5939729104284197,
      "metric-dp-noise-stdv": 0.008768637831608644
    },
    "10": {
      "train_loss": 0.4428855289400768,
      "train_loss_mean": 0.6105186378777643,
      "metric-dp-distance": 0.5994356377050281,
      "metric-dp-noise-stdv": 0.008688728206540607
    },
    "11": {
      "train_loss": 0.4418535353120887,
      "train_loss_mean": 0.6054004676658368,
      "metric-dp-distance": 0.5861327409899483,
      "metric-dp-noise-stdv": 0.00888592799736238
    },
    "12": {
      "train_loss": 0.43057246113335346,
      "train_loss_mean": 0.5963804056592961,
      "metric-dp-distance": 0.5994352175233265,
      "metric-dp-noise-stdv": 0.008688734297014599
    },
    "13": {
      "train_loss": 0.41879981779126735,
      "train_loss_mean": 0.5860979163172235,
      "metric-dp-distance": 0.6024797593709081,
      "metric-dp-noise-stdv": 0.008644827070658315
    },
    "14": {
      "train_loss": 0.4195309775536807,
      "train_loss_mean": 0.5872017001124524,
      "metric-dp-distance": 0.59112520252044,
      "metric-dp-noise-stdv": 0.008810880184309582
    },
    "15": {
      "train_loss": 0.4112561271052925,
      "train_loss_mean": 0.5815476124523221,
      "metric-dp-distance": 0.6024556660559028,
      "metric-dp-noise-stdv": 0.008645172793262507
    },
    "16": {
      "train_loss": 0.41300434233459427,
      "train_loss_mean": 0.5828703521941534,
      "metric-dp-distance": 0.6010755747556686,
      "metric-dp-noise-stdv": 0.008665022423262616
    },
    "17": {
      "train_loss": 0.40129758229141865,
      "train_loss_mean": 0.5717593167571162,
      "metric-dp-distance": 0.5986591121181846,
      "metric-dp-noise-stdv": 0.00869999842632501
    },
    "18": {
      "train_loss": 0.40562165066174516,
      "train_loss_mean": 0.573543240480477,
      "metric-dp-distance": 0.6024969474722942,
      "metric-dp-noise-stdv": 0.008644580450049231
    },
    "19": {
      "train_loss": 0.39548909359090917,
      "train_loss_mean": 0.5639693670590796,
      "metric-dp-distance": 0.6005239734270921,
      "metric-dp-noise-stdv": 0.00867298153579153
    },
    "20": {
      "train_loss": 0.3924294990894393,
      "train_loss_mean": 0.5611478288742296,
      "metric-dp-distance": 0.6010135680747529,
      "metric-dp-noise-stdv": 0.008665916395227754
    }
  },
  "client_evaluate_metrics": {
    "1": {
      "eval_loss": 0.8956317558433069,
      "eval_acc": 0.6420454545454545
    },
    "2": {
      "eval_loss": 0.8464637850270125,
      "eval_acc": 0.6392045454545454
    },
    "3": {
      "eval_loss": 0.7952941159407301,
      "eval_acc": 0.6486742424242424
    },
    "4": {
      "eval_loss": 0.7771309144569164,
      "eval_acc": 0.672348484848485
    },
    "5": {
      "eval_loss": 0.7649614232959169,
      "eval_acc": 0.6609848484848483
    },
    "6": {
      "eval_loss": 0.7772590761834928,
      "eval_acc": 0.6647727272727273
    },
    "7": {
      "eval_loss": 0.7456842209353592,
      "eval_acc": 0.6761363636363638
    },
    "8": {
      "eval_loss": 0.7475749877366152,
      "eval_acc": 0.6647727272727271
    },
    "9": {
      "eval_loss": 0.7448642696395062,
      "eval_acc": 0.6704545454545453
    },
    "10": {
      "eval_loss": 0.7296363991318328,
      "eval_acc": 0.6808712121212119
    },
    "11": {
      "eval_loss": 0.7358182217135574,
      "eval_acc": 0.6742424242424241
    },
    "12": {
      "eval_loss": 0.7303190529346467,
      "eval_acc": 0.683712121212121
    },
    "13": {
      "eval_loss": 0.7312005893750622,
      "eval_acc": 0.6723484848484848
    },
    "14": {
      "eval_loss": 0.738427126046383,
      "eval_acc": 0.6657196969696967
    },
    "15": {
      "eval_loss": 0.7486065996415686,
      "eval_acc": 0.6723484848484848
    },
    "16": {
      "eval_loss": 0.7295495632923013,
      "eval_acc": 0.6808712121212119
    },
    "17": {
      "eval_loss": 0.7426224865696648,
      "eval_acc": 0.6638257575757575
    },
    "18": {
      "eval_loss": 0.7243102978576311,
      "eval_acc": 0.6818181818181818
    },
    "19": {
      "eval_loss": 0.7279525841727402,
      "eval_acc": 0.6780303030303028
    },
    "20": {
      "eval_loss": 0.7212845863717975,
      "eval_acc": 0.6780303030303029
    }
  },
  "server_evaluate_metrics": {
    "0": {
      "loss": 0.8725650578737258,
      "accuracy": 0.6546875,
      "f1": 0.6532062070648121,
      "precision": 0.6609825938527724,
      "auc": 0.8883284505208333
    },
    "1": {
      "loss": 0.8898536965250969,
      "accuracy": 0.6546875,
      "f1": 0.65318894536048,
      "precision": 0.6659455526985181,
      "auc": 0.8848201497395835
    },
    "2": {
      "loss": 0.8312130033969879,
      "accuracy": 0.6640625,
      "f1": 0.6625617127036184,
      "precision": 0.6667862074990982,
      "auc": 0.8904825846354165
    },
    "3": {
      "loss": 0.79723961353302,
      "accuracy": 0.6703125,
      "f1": 0.6682999475799135,
      "precision": 0.67382067660104,
      "auc": 0.8924169921874999
    },
    "4": {
      "loss": 0.7901707500219345,
      "accuracy": 0.6703125,
      "f1": 0.6636272791220709,
      "precision": 0.6636986724681646,
      "auc": 0.8968375651041667
    },
    "5": {
      "loss": 0.7703870758414268,
      "accuracy": 0.6828125,
      "f1": 0.6792934493688956,
      "precision": 0.6763783574782112,
      "auc": 0.8962272135416666
    },
    "6": {
      "loss": 0.7795286148786544,
      "accuracy": 0.6734375,
      "f1": 0.670331955401548,
      "precision": 0.6709299923808537,
      "auc": 0.89584716796875
    },
    "7": {
      "loss": 0.7562944442033768,
      "accuracy": 0.66875,
      "f1": 0.662329200096906,