{
  "metadata": {
    "run_name": "scaling48__homogeneous__vanilla__fedavgm",
    "data_module": "experiments.reproduce.dataset.alzheimer:create_data_module",
    "partition_mode": "homogeneous",
    "partition_profile": "auto",
    "privacy": "vanilla",
    "aggregation": "fedavgm",
    "seed": 42,
    "num_clients": 48,
    "rounds": 20,
    "local_epochs": 5,
    "noise_multiplier": 0.05,
    "clipping_norm": 5.0,
    "initialization_pretrained": true,
    "initialization_epochs": 20,
    "initialization_final_loss": 0.39617598056793213
  },
  "train_metrics": {
    "1": {
      "train_loss": 0.5356627007301046,
      "train_loss_mean": 0.7025818611722529
    },
    "2": {
      "train_loss": 0.522422231986796,
      "train_loss_mean": 0.6892399734450784
    },
    "3": {
      "train_loss": 0.5094212496975864,
      "train_loss_mean": 0.6741061799800186
    },
    "4": {
      "train_loss": 0.49419292871011655,
      "train_loss_mean": 0.6584601146843665
    },
    "5": {
      "train_loss": 0.48265824491510145,
      "train_loss_mean": 0.6453428417268231
    },
    "6": {
      "train_loss": 0.47122007964076257,
      "train_loss_mean": 0.6348549577906201
    },
    "7": {
      "train_loss": 0.46258466002186693,
      "train_loss_mean": 0.626992747076149
    },
    "8": {
      "train_loss": 0.4549331016779885,
      "train_loss_mean": 0.6196568767650155
    },
    "9": {
      "train_loss": 0.44738351191782705,
      "train_loss_mean": 0.6124708386578077
    },
    "10": {
      "train_loss": 0.4406659260839517,
      "train_loss_mean": 0.6054007628639265
    },
    "11": {
      "train_loss": 0.43430154693613604,
      "train_loss_mean": 0.6008365854987595
    },
    "12": {
      "train_loss": 0.4296288795761881,
      "train_loss_mean": 0.5949059206750389
    },
    "13": {
      "train_loss": 0.42383880515245537,
      "train_loss_mean": 0.5887754827103485
    },
    "14": {
      "train_loss": 0.4181418850940954,
      "train_loss_mean": 0.5835706690982659
    },
    "15": {
      "train_loss": 0.41194662808323285,
      "train_loss_mean": 0.5780610435103312
    },
    "16": {
      "train_loss": 0.4050690614266365,
      "train_loss_mean": 0.5723837882749679
    },
    "17": {
      "train_loss": 0.39890779966605816,
      "train_loss_mean": 0.5670007145992944
    },
    "18": {
      "train_loss": 0.3917169866269441,
      "train_loss_mean": 0.5606718974869964
    },
    "19": {
      "train_loss": 0.38854287530654885,
      "train_loss_mean": 0.5563045974564189
    },
    "20": {
      "train_loss": 0.3833182998217908,
      "train_loss_mean": 0.5510214143473009
    }
  },
  "client_evaluate_metrics": {
    "1": {
      "eval_loss": 0.8495980221213716,
      "eval_acc": 0.6505681818181817
    },
    "2": {
      "eval_loss": 0.8191339283278495,
      "eval_acc": 0.659090909090909
    },
    "3": {
      "eval_loss": 0.7942282756169636,
      "eval_acc": 0.6609848484848482
    },
    "4": {
      "eval_loss": 0.7760388246088316,
      "eval_acc": 0.6676136363636364
    },
    "5": {
      "eval_loss": 0.7632916569709776,
      "eval_acc": 0.6704545454545455
    },
    "6": {
      "eval_loss": 0.7541337338360872,
      "eval_acc": 0.6742424242424243
    },
    "7": {
      "eval_loss": 0.7471596517346122,
      "eval_acc": 0.6761363636363636
    },
    "8": {
      "eval_loss": 0.7418759040760272,
      "eval_acc": 0.6751893939393939
    },
    "9": {
      "eval_loss": 0.7376262807484829,
      "eval_acc": 0.6751893939393939
    },
    "10": {
      "eval_loss": 0.7341630395614739,
      "eval_acc": 0.6789772727272728
    },
    "11": {
      "eval_loss": 0.7311441717725811,
      "eval_acc": 0.6789772727272727
    },
    "12": {
      "eval_loss": 0.7285307519363632,
      "eval_acc": 0.6780303030303031
    },
    "13": {
      "eval_loss": 0.7261059166807117,
      "eval_acc": 0.6799242424242424
    },
    "14": {
      "eval_loss": 0.7237534802971466,
      "eval_acc": 0.6799242424242424
    },
    "15": {
      "eval_loss": 0.7213814493381617,
      "eval_acc": 0.6856060606060606
    },
    "16": {
      "eval_loss": 0.7190872150840183,
      "eval_acc": 0.6884469696969697
    },
    "17": {
      "eval_loss": 0.7168870613430487,
      "eval_acc": 0.6903409090909091
    },
    "18": {
      "eval_loss": 0.7146503889199458,
      "eval_acc": 0.6893939393939393
    },
    "19": {
      "eval_loss": 0.7123366341446387,
      "eval_acc": 0.6912878787878787
    },
    "20": {
      "eval_loss": 0.7098466645587574,
      "eval_acc": 0.6922348484848485
    }
  },
  "server_evaluate_metrics": {
    "0": {
      "loss": 0.8725650578737258,
      "accuracy": 0.6546875,
      "f1": 0.6532062070648121,
      "precision": 0.6609825938527724,
      "auc": 0.8883284505208333
    },
    "1": {
      "loss": 0.8494219958782196,
      "accuracy": 0.6640625,
      "f1": 0.6618710189402217,
      "precision": 0.667603474069149,
      "auc": 0.8900211588541665
    },
    "2": {
      "loss": 0.8235325962305069,
      "accuracy": 0.6625,
      "f1": 0.6600972144436956,
      "precision": 0.6638875452659072,
      "auc": 0.89223388671875
    },
    "3": {
      "loss": 0.802523159980774,
      "accuracy": 0.665625,
      "f1": 0.662673572131037,
      "precision": 0.6638437865510719,
      "auc": 0.8941479492187501
    },
    "4": {
      "loss": 0.7873682975769043,
      "accuracy": 0.678125,
      "f1": 0.6739490926344633,
      "precision": 0.6722496291176631,
      "auc": 0.8957071940104168
    },
    "5": {
      "loss": 0.7770439028739929,
      "accuracy": 0.675,
      "f1": 0.6704990607174501,
      "precision": 0.6677791664564598,
      "auc": 0.8969523111979167
    },
    "6": {
      "loss": 0.7698873534798623,
      "accuracy": 0.66875,
      "f1": 0.6637762428004462,
      "precision": 0.6604039906564984,
      "auc": 0.8979630533854167
    },
    "7": {
      "loss": 0.764471061527729,
      "accuracy": 0.6796875,
      "f1": 0.6742680798708889,
      "precision": 0.6701571205995153,
      "auc": 0.8988907877604168
    },
    "8": {
      "loss": 0.7604042202234268,
      "accuracy": 0.68125,
      "f1": 0.6756934523809525,
      "precision": 0.6713219377782955,
      "auc": 0.8997127278645833
    },
    "9": {
      "loss": 0.7571658164262771,
      "accuracy": 0.678125,
      "f1": 0.6719931223618489,
      "precision": 0.6672537412014287,
      "auc": 0.9004923502604166
    },
    "10": {
      "loss": 0.7545861840248108,
      "accuracy": 0.6765625,
      "f1": 0.6704268042347293,
      "precision": 0.6655826185032916,
      "auc": 0.9011694335937501
    },
    "11": {
      "loss": 0.752348943054676,
      "accuracy": 0.684375,
      "f1": 0.678376209243849,
      "precision": 0.6736116323337538,
      "auc": 0.9018294270833332
    },
    "12": {
      "loss": 0.7503774106502533,
      "accuracy": 0.6828125,
      "f1": 0.6768954107790517,
      "precision": 0.6721872734225242,
      "auc": 0.9024861653645835
    },
    "13": {
      "loss": 0.7485105097293854,
      "accuracy": 0.6859375,
      "f1": 0.6801991633570281,
      "precision": 0.6755542100822028,
      "auc": 0.9031673177083333
    },
    "14": {
      "loss": 0.7466451823711395,
      "accuracy": 0.6859375,
      "f1": 0.6801991633570281,
      "precision": 0.6755542100822028,
      "auc": 0.9038199869791668
    },
    "15": {
      "loss": 0.7446758598089218,
      "accuracy": 0.6875,
      "f1": 0.6816318646688091,
      "precision": 0.6769852513284444,
      "auc": 0.9045052083333333
    },
    "16": {
      "loss": 0.7425736203789711,
      "accuracy": 0.6875,
      "f1": 0.6816318646688091,
      "precision": 0.6769852513284444,
      "auc": 0.9051944986979168
    },
    "17": {
      "loss": 0.7403708815574646,
      "accuracy": 0.6859375,
      "f1": 0.6802979161132792,
      "precision": 0.6756540200045101,
      "auc": 0.9058805338541666
    },
    "18": {
      "loss": 0.7380897402763367,
      "accuracy": 0.6859375,
      "f1": 0.6802979161132792,