{
  "metadata": {
    "run_name": "scaling48__non-iid__vanilla__fedavgm",
    "data_module": "experiments.reproduce.dataset.alzheimer:create_data_module",
    "partition_mode": "non-iid",
    "partition_profile": "auto",
    "privacy": "vanilla",
    "aggregation": "fedavgm",
    "seed": 42,
    "num_clients": 48,
    "rounds": 20,
    "local_epochs": 5,
    "noise_multiplier": 0.05,
    "clipping_norm": 5.0,
    "initialization_pretrained": true,
    "initialization_epochs": 20,
    "initialization_final_loss": 0.39617598056793213
  },
  "train_metrics": {
    "1": {
      "train_loss": 0.5773694533274502,
      "train_loss_mean": 0.7265428933373685
    },
    "2": {
      "train_loss": 0.5666106011383173,
      "train_loss_mean": 0.7142483274995376
    },
    "3": {
      "train_loss": 0.5541372479971882,
      "train_loss_mean": 0.6998218894701085
    },
    "4": {
      "train_loss": 0.5382340670706509,
      "train_loss_mean": 0.6841572142225548
    },
    "5": {
      "train_loss": 0.5259639177213727,
      "train_loss_mean": 0.6702275594276541
    },
    "6": {
      "train_loss": 0.5118560911080169,
      "train_loss_mean": 0.6584266097263609
    },
    "7": {
      "train_loss": 0.5015655807828222,
      "train_loss_mean": 0.6485782941474849
    },
    "8": {
      "train_loss": 0.49505118387601665,
      "train_loss_mean": 0.6422178905701225
    },
    "9": {
      "train_loss": 0.4831409164285664,
      "train_loss_mean": 0.6334590325084041
    },
    "10": {
      "train_loss": 0.4781773947718421,
      "train_loss_mean": 0.6270422718455929
    },
    "11": {
      "train_loss": 0.4724351111954813,
      "train_loss_mean": 0.6205832603088058
    },
    "12": {
      "train_loss": 0.46459455605617317,
      "train_loss_mean": 0.614554589121907
    },
    "13": {
      "train_loss": 0.45724694666068727,
      "train_loss_mean": 0.607595208024221
    },
    "14": {
      "train_loss": 0.44953631806633454,
      "train_loss_mean": 0.6015277945716828
    },
    "15": {
      "train_loss": 0.4406923843679737,
      "train_loss_mean": 0.5945267317205783
    },
    "16": {
      "train_loss": 0.4369189594473681,
      "train_loss_mean": 0.589597336446621
    },
    "17": {
      "train_loss": 0.43029962820114026,
      "train_loss_mean": 0.5827866441636695
    },
    "18": {
      "train_loss": 0.42289693368544456,
      "train_loss_mean": 0.5768684138326206
    },
    "19": {
      "train_loss": 0.4182822200683715,
      "train_loss_mean": 0.5711112303901003
    },
    "20": {
      "train_loss": 0.41245065715464563,
      "train_loss_mean": 0.5655443903956511
    }
  },
  "client_evaluate_metrics": {
    "1": {
      "eval_loss": 0.7998098089705263,
      "eval_acc": 0.6855225311601149
    },
    "2": {
      "eval_loss": 0.7718745454902962,
      "eval_acc": 0.6931927133269413
    },
    "3": {
      "eval_loss": 0.7499164089146189,
      "eval_acc": 0.6941514860977946
    },
    "4": {
      "eval_loss": 0.7347798405191931,
      "eval_acc": 0.6941514860977946
    },
    "5": {
      "eval_loss": 0.7245128875382223,
      "eval_acc": 0.6979865771812078
    },
    "6": {
      "eval_loss": 0.716797111361276,
      "eval_acc": 0.6989453499520611
    },
    "7": {
      "eval_loss": 0.710636264040052,
      "eval_acc": 0.7008628954937678
    },
    "8": {
      "eval_loss": 0.7052764596840791,
      "eval_acc": 0.7018216682646212
    },
    "9": {
      "eval_loss": 0.7003523831399492,
      "eval_acc": 0.7018216682646211
    },
    "10": {
      "eval_loss": 0.6957495865748691,
      "eval_acc": 0.7037392138063279
    },
    "11": {
      "eval_loss": 0.6914298622400169,
      "eval_acc": 0.7046979865771812
    },
    "12": {
      "eval_loss": 0.6873377220114033,
      "eval_acc": 0.7056567593480345
    },
    "13": {
      "eval_loss": 0.6834379284859616,
      "eval_acc": 0.7085330776605943
    },
    "14": {
      "eval_loss": 0.6796979374704973,
      "eval_acc": 0.7085330776605944
    },
    "15": {
      "eval_loss": 0.6761041557343102,
      "eval_acc": 0.707574304889741
    },
    "16": {
      "eval_loss": 0.672731453054589,
      "eval_acc": 0.707574304889741
    },
    "17": {
      "eval_loss": 0.6694357623761361,
      "eval_acc": 0.7066155321188877
    },
    "18": {
      "eval_loss": 0.6661360814724533,
      "eval_acc": 0.707574304889741
    },
    "19": {
      "eval_loss": 0.6628332631814285,
      "eval_acc": 0.7094918504314476
    },
    "20": {
      "eval_loss": 0.6595305502128967,
      "eval_acc": 0.7114093959731541
    }
  },
  "server_evaluate_metrics": {
    "0": {
      "loss": 0.8725650578737258,
      "accuracy": 0.6546875,
      "f1": 0.6532062070648121,
      "precision": 0.6609825938527724,
      "auc": 0.8883284505208333
    },
    "1": {
      "loss": 0.8454612761735916,
      "accuracy": 0.6609375,
      "f1": 0.6589115804793254,
      "precision": 0.6653648090465873,
      "auc": 0.8902425130208331
    },
    "2": {
      "loss": 0.815195982158184,
      "accuracy": 0.659375,
      "f1": 0.6572075775282347,
      "precision": 0.6614479937818271,
      "auc": 0.8926928710937501
    },
    "3": {
      "loss": 0.7905277147889137,
      "accuracy": 0.6671875,
      "f1": 0.6638885441107505,
      "precision": 0.6651276217764123,
      "auc": 0.8949698893229167
    },
    "4": {
      "loss": 0.7730275243520737,
      "accuracy": 0.678125,
      "f1": 0.6745562439800741,
      "precision": 0.6744895406550077,
      "auc": 0.8969563802083333
    },
    "5": {
      "loss": 0.7612367033958435,
      "accuracy": 0.6703125,
      "f1": 0.6665741549262612,
      "precision": 0.6660089355547555,
      "auc": 0.8985009765625
    },
    "6": {
      "loss": 0.7528965637087822,
      "accuracy": 0.6765625,
      "f1": 0.6723365175076582,
      "precision": 0.6704899428576638,
      "auc": 0.8999112955729167
    },
    "7": {
      "loss": 0.7466998562216759,
      "accuracy": 0.6828125,
      "f1": 0.678540722374924,
      "precision": 0.676603020903197,
      "auc": 0.90104736328125
    },
    "8": {
      "loss": 0.741842171549797,
      "accuracy": 0.6796875,
      "f1": 0.675298401447076,
      "precision": 0.6728106259940494,
      "auc": 0.9021468098958334
    },
    "9": {
      "loss": 0.7378433868288994,
      "accuracy": 0.68125,
      "f1": 0.6766649530368722,
      "precision": 0.6736195658509523,
      "auc": 0.9030533854166667
    },
    "10": {
      "loss": 0.7343189418315887,
      "accuracy": 0.690625,
      "f1": 0.6860275428692619,
      "precision": 0.682025600454398,
      "auc": 0.90394287109375
    },
    "11": {
      "loss": 0.7308646231889725,
      "accuracy": 0.690625,
      "f1": 0.6860396307444911,
      "precision": 0.6819297938705791,
      "auc": 0.9048291015625
    },
    "12": {
      "loss": 0.7275414526462555,
      "accuracy": 0.6921875,
      "f1": 0.6875666220983839,
      "precision": 0.6835419506653684,
      "auc": 0.9057657877604166
    },
    "13": {
      "loss": 0.7241577267646789,
      "accuracy": 0.6921875,
      "f1": 0.6875666220983839,
      "precision": 0.6835419506653684,
      "auc": 0.9066821289062499
    },
    "14": {
      "loss": 0.7208081722259522,
      "accuracy": 0.6921875,
      "f1": 0.687754486819754,
      "precision": 0.6837035853109656,
      "auc": 0.9076033528645834
    },
    "15": {
      "loss": 0.7174815818667412,
      "accuracy": 0.690625,
      "f1": 0.6862800098220414,
      "precision": 0.6822330840455839,
      "auc": 0.9084912109375
    },
    "16": {
      "loss": 0.7141068935394287,
      "accuracy": 0.6921875,
      "f1": 0.6879233776169669,
      "precision": 0.6839493859994746,
      "auc": 0.9093611653645832
    },
    "17": {
      "loss": 0.7107368215918541,
      "accuracy": 0.696875,
      "f1": 0.6922640726317664,
      "precision": 0.6880717246582602,
      "auc": 0.9102596028645833
    },
    "18": {
      "loss": 0.7074147641658783,
      "accuracy": 0.6984375,
      "f1": 0.6937081617014721,