{
  "metadata": {
    "run_name": "scaling48__non-iid__vanilla__fedyogi",
    "data_module": "experiments.reproduce.dataset.alzheimer:create_data_module",
    "partition_mode": "non-iid",
    "partition_profile": "auto",
    "privacy": "vanilla",
    "aggregation": "fedyogi",
    "seed": 42,
    "num_clients": 48,
    "rounds": 20,
    "local_epochs": 5,
    "noise_multiplier": 0.05,
    "clipping_norm": 5.0,
    "initialization_pretrained": true,
    "initialization_epochs": 20,
    "initialization_final_loss": 0.39617598056793213
  },
  "train_metrics": {
    "1": {
      "train_loss": 0.5773694533274502,
      "train_loss_mean": 0.7265428933373685
    },
    "2": {
      "train_loss": 0.5119837455269655,
      "train_loss_mean": 0.6551395595205279
    },
    "3": {
      "train_loss": 0.4644355367675428,
      "train_loss_mean": 0.6102372318974529
    },
    "4": {
      "train_loss": 0.41142072731540835,
      "train_loss_mean": 0.5661024989076882
    },
    "5": {
      "train_loss": 0.3562921989187854,
      "train_loss_mean": 0.5200003663116783
    },
    "6": {
      "train_loss": 0.3310691320098872,
      "train_loss_mean": 0.49389242954147394
    },
    "7": {
      "train_loss": 0.27201531424082276,
      "train_loss_mean": 0.43031425265305673
    },
    "8": {
      "train_loss": 0.1906784826015649,
      "train_loss_mean": 0.3389993798399679
    },
    "9": {
      "train_loss": 0.14150860750683833,
      "train_loss_mean": 0.27076208245014377
    },
    "10": {
      "train_loss": 0.11494764288950658,
      "train_loss_mean": 0.22913045514381822
    },
    "11": {
      "train_loss": 0.09749222110406543,
      "train_loss_mean": 0.20094664256767786
    },
    "12": {
      "train_loss": 0.0816240910885104,
      "train_loss_mean": 0.17657923546094723
    },
    "13": {
      "train_loss": 0.077085857597378,
      "train_loss_mean": 0.15650745010368972
    },
    "14": {
      "train_loss": 0.06715921088840207,
      "train_loss_mean": 0.1365108392186517
    },
    "15": {
      "train_loss": 0.06777128972319649,
      "train_loss_mean": 0.12266875969041696
    },
    "16": {
      "train_loss": 0.06204121486763988,
      "train_loss_mean": 0.1101459798256604
    },
    "17": {
      "train_loss": 0.05768772524582649,
      "train_loss_mean": 0.09451986260930925
    },
    "18": {
      "train_loss": 0.05638761918823608,
      "train_loss_mean": 0.08517549141926187
    },
    "19": {
      "train_loss": 0.05401464818619763,
      "train_loss_mean": 0.08379848856135312
    },
    "20": {
      "train_loss": 0.056126837905268546,
      "train_loss_mean": 0.08415456740195829
    }
  },
  "client_evaluate_metrics": {
    "1": {
      "eval_loss": 0.7220938210862251,
      "eval_acc": 0.6931927133269413
    },
    "2": {
      "eval_loss": 0.7211510246460643,
      "eval_acc": 0.6826462128475551
    },
    "3": {
      "eval_loss": 0.6873878051427731,
      "eval_acc": 0.7018216682646213
    },
    "4": {
      "eval_loss": 0.6486209892129396,
      "eval_acc": 0.7257909875359538
    },
    "5": {
      "eval_loss": 0.6696624293251895,
      "eval_acc": 0.7334611697027802
    },
    "6": {
      "eval_loss": 0.6576537497463072,
      "eval_acc": 0.7555129434324064
    },
    "7": {
      "eval_loss": 0.5699331152930583,
      "eval_acc": 0.7718120805369127
    },
    "8": {
      "eval_loss": 0.5232504520240246,
      "eval_acc": 0.7813998082454456
    },
    "9": {
      "eval_loss": 0.49646010932049145,
      "eval_acc": 0.7871524448705658
    },
    "10": {
      "eval_loss": 0.48695746001324053,
      "eval_acc": 0.8149568552253118
    },
    "11": {
      "eval_loss": 0.49469631272060083,
      "eval_acc": 0.8264621284755513
    },
    "12": {
      "eval_loss": 0.5003602441685134,
      "eval_acc": 0.8341323106423777
    },
    "13": {
      "eval_loss": 0.48907412148785295,
      "eval_acc": 0.8398849472674975
    },
    "14": {
      "eval_loss": 0.4579820976041665,
      "eval_acc": 0.8465963566634708
    },
    "15": {
      "eval_loss": 0.423669295640857,
      "eval_acc": 0.856184084372004
    },
    "16": {
      "eval_loss": 0.3985685530874953,
      "eval_acc": 0.874400767018217
    },
    "17": {
      "eval_loss": 0.39639256183461635,
      "eval_acc": 0.8811121764141902
    },
    "18": {
      "eval_loss": 0.3916817748988777,
      "eval_acc": 0.8859060402684565
    },
    "19": {
      "eval_loss": 0.39597260714566646,
      "eval_acc": 0.8868648130393098
    },
    "20": {
      "eval_loss": 0.3868931541138992,
      "eval_acc": 0.8887823585810166
    }
  },
  "server_evaluate_metrics": {
    "0": {
      "loss": 0.8725650578737258,
      "accuracy": 0.6546875,
      "f1": 0.6532062070648121,
      "precision": 0.6609825938527724,
      "auc": 0.8883284505208333
    },
    "1": {
      "loss": 0.7495477601885796,
      "accuracy": 0.671875,
      "f1": 0.6662808981269265,
      "precision": 0.6630011668488773,
      "auc": 0.8993286132812499
    },
    "2": {
      "loss": 0.7469314068555832,
      "accuracy": 0.671875,
      "f1": 0.6637402365000823,
      "precision": 0.6593845368980034,
      "auc": 0.9020345052083333
    },
    "3": {
      "loss": 0.7233294606208801,
      "accuracy": 0.6859375,
      "f1": 0.6790614397273863,
      "precision": 0.6750845042417815,
      "auc": 0.9066398111979166
    },
    "4": {
      "loss": 0.6969354718923568,
      "accuracy": 0.6953125,
      "f1": 0.6898685239381002,
      "precision": 0.6851925366633989,
      "auc": 0.9160506184895834
    },
    "5": {
      "loss": 0.7283506080508232,
      "accuracy": 0.7125,
      "f1": 0.7068246200807076,
      "precision": 0.7071756608134269,
      "auc": 0.92390869140625
    },
    "6": {
      "loss": 0.6977195754647255,
      "accuracy": 0.7359375,
      "f1": 0.7293232908270466,
      "precision": 0.7336680602550183,
      "auc": 0.9321150716145834
    },
    "7": {
      "loss": 0.581527492403984,
      "accuracy": 0.759375,
      "f1": 0.7537052866578791,
      "precision": 0.751896933033592,
      "auc": 0.9434863281250001
    },
    "8": {
      "loss": 0.5257684484124183,
      "accuracy": 0.8046875,
      "f1": 0.7989606637535924,
      "precision": 0.7958837608381503,
      "auc": 0.9510099283854168
    },
    "9": {
      "loss": 0.5085701808333397,
      "accuracy": 0.803125,
      "f1": 0.7970787423752258,
      "precision": 0.7943356946150263,
      "auc": 0.9554817708333333
    },
    "10": {
      "loss": 0.5174569666385651,
      "accuracy": 0.8171875,
      "f1": 0.8111186955058157,
      "precision": 0.8077912665475754,
      "auc": 0.95879150390625
    },
    "11": {
      "loss": 0.5481926143169403,
      "accuracy": 0.815625,
      "f1": 0.8102544724383126,
      "precision": 0.8061588025014869,
      "auc": 0.9630924479166667
    },
    "12": {
      "loss": 0.5510125547647476,
      "accuracy": 0.8421875,
      "f1": 0.837426872074883,
      "precision": 0.8327690972222221,
      "auc": 0.9678889973958333
    },
    "13": {
      "loss": 0.5180344752967357,
      "accuracy": 0.8453125,
      "f1": 0.8407744716351502,
      "precision": 0.8363349250483558,
      "auc": 0.9712744140624999
    },
    "14": {
      "loss": 0.4638633653521538,
      "accuracy": 0.859375,
      "f1": 0.8550304839584031,
      "precision": 0.851674932838065,
      "auc": 0.9737223307291667
    },
    "15": {
      "loss": 0.41260102242231367,
      "accuracy": 0.8703125,
      "f1": 0.8657008716509719,
      "precision": 0.8613844756652661,
      "auc": 0.9763484700520834
    },
    "16": {
      "loss": 0.39166036881506444,
      "accuracy": 0.86875,
      "f1": 0.8639347447542862,
      "precision": 0.8592165314401623,
      "auc": 0.97806396484375
    },
    "17": {
      "loss": 0.4011144660413265,
      "accuracy": 0.8765625,
      "f1": 0.8713910424390672,
      "precision": 0.8667337533269137,
      "auc": 0.9790673828124999
    },
    "18": {
      "loss": 0.39976885765790937,
      "accuracy": 0.8796875,