{
  "metadata": {
    "run_name": "scaling48__non-iid__global-dp__fedavg",
    "data_module": "experiments.reproduce.dataset.alzheimer:create_data_module",
    "partition_mode": "non-iid",
    "partition_profile": "auto",
    "privacy": "global-dp",
    "aggregation": "fedavg",
    "seed": 42,
    "num_clients": 48,
    "rounds": 20,
    "local_epochs": 5,
    "noise_multiplier": 0.05,
    "clipping_norm": 5.0,
    "initialization_pretrained": false,
    "initialization_epochs": 0,
    "initialization_final_loss": null
  },
  "train_metrics": {
    "1": {
      "train_loss": 1.0811114982483228,
      "train_loss_mean": 1.164951626798935
    },
    "2": {
      "train_loss": 1.0734534604250578,
      "train_loss_mean": 1.0958259617460693
    },
    "3": {
      "train_loss": 1.0458218288942094,
      "train_loss_mean": 1.069054357418395
    },
    "4": {
      "train_loss": 1.0310118364255627,
      "train_loss_mean": 1.0515006150309294
    },
    "5": {
      "train_loss": 1.0112521061790263,
      "train_loss_mean": 1.0340273141290792
    },
    "6": {
      "train_loss": 0.9867608794649647,
      "train_loss_mean": 1.0135893902080972
    },
    "7": {
      "train_loss": 0.960265045302564,
      "train_loss_mean": 0.9942056904404601
    },
    "8": {
      "train_loss": 0.9445664538072843,
      "train_loss_mean": 0.9769703239356007
    },
    "9": {
      "train_loss": 0.9256742606129108,
      "train_loss_mean": 0.9623580121529114
    },
    "10": {
      "train_loss": 0.9113974061949687,
      "train_loss_mean": 0.9464042477084925
    },
    "11": {
      "train_loss": 0.8910551954929755,
      "train_loss_mean": 0.9303187307654744
    },
    "12": {
      "train_loss": 0.8668175893640415,
      "train_loss_mean": 0.9131512892722848
    },
    "13": {
      "train_loss": 0.8541884215031005,
      "train_loss_mean": 0.9003483625232572
    },
    "14": {
      "train_loss": 0.828135008437832,
      "train_loss_mean": 0.8811035115351304
    },
    "15": {
      "train_loss": 0.8120838147381341,
      "train_loss_mean": 0.8673517647073467
    },
    "16": {
      "train_loss": 0.7864722751733393,
      "train_loss_mean": 0.8459020470140874
    },
    "17": {
      "train_loss": 0.753869953086732,
      "train_loss_mean": 0.8234292519104985
    },
    "18": {
      "train_loss": 0.7218707676192023,
      "train_loss_mean": 0.798356458446779
    },
    "19": {
      "train_loss": 0.6842052316823544,
      "train_loss_mean": 0.7717546707016013
    },
    "20": {
      "train_loss": 0.6468809985020948,
      "train_loss_mean": 0.7456162538274353
    }
  },
  "client_evaluate_metrics": {
    "1": {
      "eval_loss": 1.1392600292898891,
      "eval_acc": 0.50143815915628
    },
    "2": {
      "eval_loss": 1.0393652072460287,
      "eval_acc": 0.5014381591562799
    },
    "3": {
      "eval_loss": 1.0331407919140356,
      "eval_acc": 0.5014381591562799
    },
    "4": {
      "eval_loss": 1.0175971661980978,
      "eval_acc": 0.5023969319271332
    },
    "5": {
      "eval_loss": 1.0067744739675109,
      "eval_acc": 0.5148609779482263
    },
    "6": {
      "eval_loss": 0.9802869407465452,
      "eval_acc": 0.5302013422818791
    },
    "7": {
      "eval_loss": 0.963863141699011,
      "eval_acc": 0.5522531160115051
    },
    "8": {
      "eval_loss": 0.9409238906971902,
      "eval_acc": 0.545541706615532
    },
    "9": {
      "eval_loss": 0.9280712577663469,
      "eval_acc": 0.5627996164908916
    },
    "10": {
      "eval_loss": 0.9126522449610447,
      "eval_acc": 0.5685522531160115
    },
    "11": {
      "eval_loss": 0.9021134501107014,
      "eval_acc": 0.5637583892617449
    },
    "12": {
      "eval_loss": 0.881300008308396,
      "eval_acc": 0.5771812080536914
    },
    "13": {
      "eval_loss": 0.8840329673351974,
      "eval_acc": 0.5695110258868648
    },
    "14": {
      "eval_loss": 0.8693195001390959,
      "eval_acc": 0.5925215723873442
    },
    "15": {
      "eval_loss": 0.8620305448799095,
      "eval_acc": 0.5819750719079576
    },
    "16": {
      "eval_loss": 0.8508577227363878,
      "eval_acc": 0.5877277085330777
    },
    "17": {
      "eval_loss": 0.8334718854635356,
      "eval_acc": 0.6126558005752636
    },
    "18": {
      "eval_loss": 0.8064277966436239,
      "eval_acc": 0.6155321188878234
    },
    "19": {
      "eval_loss": 0.8004649714106911,
      "eval_acc": 0.6097794822627037
    },
    "20": {
      "eval_loss": 0.7798938163174878,
      "eval_acc": 0.6145733461169702
    }
  },
  "server_evaluate_metrics": {
    "0": {
      "loss": 1.4405663669109345,
      "accuracy": 0.0109375,
      "f1": 0.0002366692426584235,
      "precision": 0.00011962890624999998,
      "auc": 0.22917846679687504
    },
    "1": {
      "loss": 1.1394733369350434,
      "accuracy": 0.4953125,
      "f1": 0.3281380616509927,
      "precision": 0.24533447265625,
      "auc": 0.8020593261718749
    },
    "2": {
      "loss": 1.0419811666011811,
      "accuracy": 0.4953125,
      "f1": 0.3281380616509927,
      "precision": 0.24533447265625,
      "auc": 0.8139567057291667
    },
    "3": {
      "loss": 1.0375968009233474,
      "accuracy": 0.4953125,
      "f1": 0.3281380616509927,
      "precision": 0.24533447265625,
      "auc": 0.8181791178385417
    },
    "4": {
      "loss": 1.0223285049200057,
      "accuracy": 0.4953125,
      "f1": 0.3281380616509927,
      "precision": 0.24533447265625,
      "auc": 0.8181290690104167
    },
    "5": {
      "loss": 1.0110769748687745,
      "accuracy": 0.5125,
      "f1": 0.3694738418951651,
      "precision": 0.43377637987012985,
      "auc": 0.8208194986979167
    },
    "6": {
      "loss": 0.9868288695812225,
      "accuracy": 0.5078125,
      "f1": 0.39548776003165925,
      "precision": 0.3851437359570921,
      "auc": 0.8220784505208334
    },
    "7": {
      "loss": 0.9709351271390915,
      "accuracy": 0.528125,
      "f1": 0.4660803899544413,
      "precision": 0.43243880417335473,
      "auc": 0.8262613932291667
    },
    "8": {
      "loss": 0.9551172971725463,
      "accuracy": 0.509375,
      "f1": 0.4400690846286701,
      "precision": 0.4091580412958254,
      "auc": 0.8257250976562499
    },
    "9": {
      "loss": 0.9415302395820617,
      "accuracy": 0.5484375,
      "f1": 0.5065157355493259,
      "precision": 0.470641597985348,
      "auc": 0.8330265299479168
    },
    "10": {
      "loss": 0.9283957362174988,
      "accuracy": 0.55625,
      "f1": 0.5128064956331878,
      "precision": 0.47565894019019017,
      "auc": 0.8381538899739582
    },
    "11": {
      "loss": 0.9167912393808365,
      "accuracy": 0.5703125,
      "f1": 0.5337349507770549,
      "precision": 0.514875047334048,
      "auc": 0.844462890625
    },
    "12": {
      "loss": 0.9019455134868621,
      "accuracy": 0.571875,
      "f1": 0.530701673998045,
      "precision": 0.49669603591797473,
      "auc": 0.8460758463541667
    },
    "13": {
      "loss": 0.9016585648059845,
      "accuracy": 0.575,
      "f1": 0.5385754451733833,
      "precision": 0.5217768505366162,
      "auc": 0.8502522786458334
    },
    "14": {
      "loss": 0.8906813621520996,
      "accuracy": 0.5796875,
      "f1": 0.545240955950663,
      "precision": 0.649622940290574,
      "auc": 0.8524202473958333
    },
    "15": {
      "loss": 0.8849508494138718,
      "accuracy": 0.5796875,
      "f1": 0.551446717715562,
      "precision": 0.6348926370724347,
      "auc": 0.8545597330729167
    },
    "16": {
      "loss": 0.8762802690267563,
      "accuracy": 0.5703125,
      "f1": 0.5440611632739762,
      "precision": 0.6306699462275885,
      "auc": 0.8556225585937499
    },
    "17": {
      "loss": 0.865973350405693,
      "accuracy": 0.5953125,
      "f1": 0.5866718445854687,
      "precision": 0.6050371287487706,
      "auc": 0.859716796875
    },
    "18": {
      "loss": 0.8442683100700379,
      "accuracy": 0.6109375,
      "f1": 0.5904200532613454,
      "precision": 0.6508412935486694,