{
  "metadata": {
    "run_name": "scaling48__non-iid__metric-privacy__fedavgm",
    "data_module": "experiments.reproduce.dataset.alzheimer:create_data_module",
    "partition_mode": "non-iid",
    "partition_profile": "auto",
    "privacy": "metric-privacy",
    "aggregation": "fedavgm",
    "seed": 42,
    "num_clients": 48,
    "rounds": 20,
    "local_epochs": 5,
    "noise_multiplier": 0.05,
    "clipping_norm": 5.0,
    "initialization_pretrained": true,
    "initialization_epochs": 20,
    "initialization_final_loss": 0.39617598056793213
  },
  "train_metrics": {
    "1": {
      "train_loss": 0.5773694533274502,
      "train_loss_mean": 0.7265428933373685,
      "metric-dp-distance": 0.6724509739627441,
      "metric-dp-noise-stdv": 0.007745298222472188
    },
    "2": {
      "train_loss": 0.5831006027114852,
      "train_loss_mean": 0.72789494931654,
      "metric-dp-distance": 0.6592079950496554,
      "metric-dp-noise-stdv": 0.007900895275004987
    },
    "3": {
      "train_loss": 0.5566492072720725,
      "train_loss_mean": 0.703783912577881,
      "metric-dp-distance": 0.65712329504701,
      "metric-dp-noise-stdv": 0.00792596058089941
    },
    "4": {
      "train_loss": 0.5415530334961658,
      "train_loss_mean": 0.6841072369713186,
      "metric-dp-distance": 0.6536512166106453,
      "metric-dp-noise-stdv": 0.007968061866908046
    },
    "5": {
      "train_loss": 0.529654857695015,
      "train_loss_mean": 0.6757204102519014,
      "metric-dp-distance": 0.6469432505158087,
      "metric-dp-noise-stdv": 0.008050680379122469
    },
    "6": {
      "train_loss": 0.5166302597561843,
      "train_loss_mean": 0.6619218530767041,
      "metric-dp-distance": 0.6599692342182001,
      "metric-dp-noise-stdv": 0.007891782015419443
    },
    "7": {
      "train_loss": 0.5033797513065836,
      "train_loss_mean": 0.652429256916799,
      "metric-dp-distance": 0.6818546164625635,
      "metric-dp-noise-stdv": 0.007638480707740858
    },
    "8": {
      "train_loss": 0.49434654250273175,
      "train_loss_mean": 0.6396165713887166,
      "metric-dp-distance": 0.696675703705599,
      "metric-dp-noise-stdv": 0.007475979577916026
    },
    "9": {
      "train_loss": 0.4852284998851122,
      "train_loss_mean": 0.6338779912753499,
      "metric-dp-distance": 0.6791534960114708,
      "metric-dp-noise-stdv": 0.007668860373863651
    },
    "10": {
      "train_loss": 0.4798093137374938,
      "train_loss_mean": 0.6283447401516317,
      "metric-dp-distance": 0.6973747811280191,
      "metric-dp-noise-stdv": 0.007468485345725779
    },
    "11": {
      "train_loss": 0.47102302754823716,
      "train_loss_mean": 0.620049887484587,
      "metric-dp-distance": 0.6858675728241602,
      "metric-dp-noise-stdv": 0.007593788567503284
    },
    "12": {
      "train_loss": 0.46661319014398617,
      "train_loss_mean": 0.6160099007368369,
      "metric-dp-distance": 0.6866753539070487,
      "metric-dp-noise-stdv": 0.007584855497869458
    },
    "13": {
      "train_loss": 0.45633466394107836,
      "train_loss_mean": 0.6049907816746674,
      "metric-dp-distance": 0.7011330004315823,
      "metric-dp-noise-stdv": 0.007428452704590062
    },
    "14": {
      "train_loss": 0.45143273061149136,
      "train_loss_mean": 0.6026370330971592,
      "metric-dp-distance": 0.7077881654258817,
      "metric-dp-noise-stdv": 0.007358604717838759
    },
    "15": {
      "train_loss": 0.44458940721955087,
      "train_loss_mean": 0.5959909173461014,
      "metric-dp-distance": 0.702464592953523,
      "metric-dp-noise-stdv": 0.007414371322880229
    },
    "16": {
      "train_loss": 0.4432721223393426,
      "train_loss_mean": 0.5986238985556561,
      "metric-dp-distance": 0.6905057337135077,
      "metric-dp-noise-stdv": 0.007542780717146488
    },
    "17": {
      "train_loss": 0.43307669443778024,
      "train_loss_mean": 0.5860084851390732,
      "metric-dp-distance": 0.6826585722931972,
      "metric-dp-noise-stdv": 0.00762948499399549
    },
    "18": {
      "train_loss": 0.43444499716908286,
      "train_loss_mean": 0.588433270511186,
      "metric-dp-distance": 0.713676236414661,
      "metric-dp-noise-stdv": 0.007297893733296707
    },
    "19": {
      "train_loss": 0.4209430825060267,
      "train_loss_mean": 0.5767356924031013,
      "metric-dp-distance": 0.7125015226192772,
      "metric-dp-noise-stdv": 0.0073099258990866585
    },
    "20": {
      "train_loss": 0.4168123314730495,
      "train_loss_mean": 0.5730492203642822,
      "metric-dp-distance": 0.7064433000050485,
      "metric-dp-noise-stdv": 0.0073726133906232985
    }
  },
  "client_evaluate_metrics": {
    "1": {
      "eval_loss": 0.8282560587272205,
      "eval_acc": 0.6740172579098751
    },
    "2": {
      "eval_loss": 0.7868044627678586,
      "eval_acc": 0.6759348034515817
    },
    "3": {
      "eval_loss": 0.7479881441947485,
      "eval_acc": 0.682646212847555
    },
    "4": {
      "eval_loss": 0.742762775029112,
      "eval_acc": 0.7027804410354745
    },
    "5": {
      "eval_loss": 0.7240113601988591,
      "eval_acc": 0.6979865771812078
    },
    "6": {
      "eval_loss": 0.726053598600289,
      "eval_acc": 0.6941514860977945
    },
    "7": {
      "eval_loss": 0.7206827236387667,
      "eval_acc": 0.7018216682646212
    },
    "8": {
      "eval_loss": 0.7017589284041013,
      "eval_acc": 0.6960690316395014
    },
    "9": {
      "eval_loss": 0.7031799032498413,
      "eval_acc": 0.6999041227229146
    },
    "10": {
      "eval_loss": 0.6990091458091572,
      "eval_acc": 0.6951102588686481
    },
    "11": {
      "eval_loss": 0.6947118606514808,
      "eval_acc": 0.7133269415148609
    },
    "12": {
      "eval_loss": 0.6935192627451906,
      "eval_acc": 0.7046979865771811
    },
    "13": {
      "eval_loss": 0.6865465807891873,
      "eval_acc": 0.6979865771812079
    },
    "14": {
      "eval_loss": 0.6868694321192578,
      "eval_acc": 0.6989453499520614
    },
    "15": {
      "eval_loss": 0.6852296137341146,
      "eval_acc": 0.7085330776605943
    },
    "16": {
      "eval_loss": 0.6757352334998141,
      "eval_acc": 0.7018216682646213
    },
    "17": {
      "eval_loss": 0.6794487932555856,
      "eval_acc": 0.7027804410354745
    },
    "18": {
      "eval_loss": 0.6683749570542534,
      "eval_acc": 0.7123681687440075
    },
    "19": {
      "eval_loss": 0.672361829136842,
      "eval_acc": 0.7133269415148608
    },
    "20": {
      "eval_loss": 0.6669922081873262,
      "eval_acc": 0.7066155321188876
    }
  },
  "server_evaluate_metrics": {
    "0": {
      "loss": 0.8725650578737258,
      "accuracy": 0.6546875,
      "f1": 0.6532062070648121,
      "precision": 0.6609825938527724,
      "auc": 0.8883284505208333
    },
    "1": {
      "loss": 0.8765347391366959,
      "accuracy": 0.65625,
      "f1": 0.6546793705354382,
      "precision": 0.6670010198135199,
      "auc": 0.8861824544270832
    },
    "2": {
      "loss": 0.8216320231556893,
      "accuracy": 0.6640625,
      "f1": 0.6623242178542041,
      "precision": 0.6668487319181209,
      "auc": 0.8912752278645834
    },
    "3": {
      "loss": 0.7878282785415649,
      "accuracy": 0.671875,
      "f1": 0.670052240406614,
      "precision": 0.6760777734863271,
      "auc": 0.8935375976562498
    },
    "4": {
      "loss": 0.7765680700540543,
      "accuracy": 0.66875,
      "f1": 0.6626776681544941,
      "precision": 0.66422455250929,
      "auc": 0.89754638671875
    },
    "5": {
      "loss": 0.758535361289978,
      "accuracy": 0.6765625,
      "f1": 0.6733159829943481,
      "precision": 0.6714464952792891,
      "auc": 0.8979484049479165
    },
    "6": {
      "loss": 0.7630716383457183,
      "accuracy": 0.678125,
      "f1": 0.6754831627348569,
      "precision": 0.6782470434111901,
      "auc": 0.8976643880208331
    },
    "7": {
      "loss": 0.7440498486161232,
      "accuracy": 0.684375,
      "f1": 0.6785545872463109,