{
  "metadata": {
    "run_name": "scaling48__non-iid__metric-privacy__fedavg",
    "data_module": "experiments.reproduce.dataset.alzheimer:create_data_module",
    "partition_mode": "non-iid",
    "partition_profile": "auto",
    "privacy": "metric-privacy",
    "aggregation": "fedavg",
    "seed": 42,
    "num_clients": 48,
    "rounds": 20,
    "local_epochs": 5,
    "noise_multiplier": 0.05,
    "clipping_norm": 5.0,
    "initialization_pretrained": false,
    "initialization_epochs": 0,
    "initialization_final_loss": null
  },
  "train_metrics": {
    "1": {
      "train_loss": 1.0811114982483228,
      "train_loss_mean": 1.1649516267989348,
      "metric-dp-distance": 1.00972281031621,
      "metric-dp-noise-stdv": 0.005158181314832598
    },
    "2": {
      "train_loss": 1.07315024536908,
      "train_loss_mean": 1.0961187127030065,
      "metric-dp-distance": 0.7392756543122232,
      "metric-dp-noise-stdv": 0.00704518443553893
    },
    "3": {
      "train_loss": 1.045515507847063,
      "train_loss_mean": 1.0686563178783601,
      "metric-dp-distance": 0.6276311749049152,
      "metric-dp-noise-stdv": 0.008298398074509898
    },
    "4": {
      "train_loss": 1.0278875849061013,
      "train_loss_mean": 1.0505922768859852,
      "metric-dp-distance": 0.5965905458045503,
      "metric-dp-noise-stdv": 0.00873016404627981
    },
    "5": {
      "train_loss": 1.005625673974294,
      "train_loss_mean": 1.03373191344086,
      "metric-dp-distance": 0.6283646951584766,
      "metric-dp-noise-stdv": 0.008288710956333675
    },
    "6": {
      "train_loss": 0.9812844581892888,
      "train_loss_mean": 1.0130683943691399,
      "metric-dp-distance": 0.649088362387071,
      "metric-dp-noise-stdv": 0.00802407443291588
    },
    "7": {
      "train_loss": 0.9611711714938487,
      "train_loss_mean": 0.9943208874061404,
      "metric-dp-distance": 0.6534079824729512,
      "metric-dp-noise-stdv": 0.00797102801471964
    },
    "8": {
      "train_loss": 0.9413622145540784,
      "train_loss_mean": 0.978562305990112,
      "metric-dp-distance": 0.6579726265432934,
      "metric-dp-noise-stdv": 0.007915729504881818
    },
    "9": {
      "train_loss": 0.9151715096639074,
      "train_loss_mean": 0.9590682275087071,
      "metric-dp-distance": 0.6439048525256416,
      "metric-dp-noise-stdv": 0.008088669176671453
    },
    "10": {
      "train_loss": 0.8976277827171241,
      "train_loss_mean": 0.9396384940381022,
      "metric-dp-distance": 0.6705820284162959,
      "metric-dp-noise-stdv": 0.0077668847547760584
    },
    "11": {
      "train_loss": 0.8841826847320623,
      "train_loss_mean": 0.9246649399827384,
      "metric-dp-distance": 0.6632762484562894,
      "metric-dp-noise-stdv": 0.00785243455567001
    },
    "12": {
      "train_loss": 0.8563811051836779,
      "train_loss_mean": 0.9064064012085191,
      "metric-dp-distance": 0.6690989042787502,
      "metric-dp-noise-stdv": 0.007784100825792885
    },
    "13": {
      "train_loss": 0.8400811599126656,
      "train_loss_mean": 0.890473326023139,
      "metric-dp-distance": 0.6849306990237286,
      "metric-dp-noise-stdv": 0.007604175635224225
    },
    "14": {
      "train_loss": 0.8226327822800212,
      "train_loss_mean": 0.8761717335219358,
      "metric-dp-distance": 0.6394165940582752,
      "metric-dp-noise-stdv": 0.00814544599206735
    },
    "15": {
      "train_loss": 0.8001740373413383,
      "train_loss_mean": 0.8568949110701821,
      "metric-dp-distance": 0.6561822208265463,
      "metric-dp-noise-stdv": 0.007937327723955648
    },
    "16": {
      "train_loss": 0.7688903622667317,
      "train_loss_mean": 0.8363376925293946,
      "metric-dp-distance": 0.6497007631114684,
      "metric-dp-noise-stdv": 0.008016511029462568
    },
    "17": {
      "train_loss": 0.7290706729257342,
      "train_loss_mean": 0.8085429546380996,
      "metric-dp-distance": 0.6830756842003515,
      "metric-dp-noise-stdv": 0.0076248261412357465
    },
    "18": {
      "train_loss": 0.6955927866352284,
      "train_loss_mean": 0.7831933536463312,
      "metric-dp-distance": 0.6510450309918573,
      "metric-dp-noise-stdv": 0.007999958659385688
    },
    "19": {
      "train_loss": 0.6647206888257039,
      "train_loss_mean": 0.7597582041080573,
      "metric-dp-distance": 0.6567811251928409,
      "metric-dp-noise-stdv": 0.00793008984812724
    },
    "20": {
      "train_loss": 0.6273890611826862,
      "train_loss_mean": 0.7329896919343409,
      "metric-dp-distance": 0.6815188986559709,
      "metric-dp-noise-stdv": 0.007642243441237991
    }
  },
  "client_evaluate_metrics": {
    "1": {
      "eval_loss": 1.139240069905955,
      "eval_acc": 0.5014381591562799
    },
    "2": {
      "eval_loss": 1.0396362020779661,
      "eval_acc": 0.5014381591562799
    },
    "3": {
      "eval_loss": 1.035334311361395,
      "eval_acc": 0.5014381591562799
    },
    "4": {
      "eval_loss": 1.0227401051973906,
      "eval_acc": 0.5023969319271332
    },
    "5": {
      "eval_loss": 1.0204655069747113,
      "eval_acc": 0.5129434324065196
    },
    "6": {
      "eval_loss": 0.9836771808214635,
      "eval_acc": 0.5436241610738253
    },
    "7": {
      "eval_loss": 0.9740361442730503,
      "eval_acc": 0.5541706615532117
    },
    "8": {
      "eval_loss": 0.9413980773631357,
      "eval_acc": 0.548418024928092
    },
    "9": {
      "eval_loss": 0.9244110356241263,
      "eval_acc": 0.5733461169702782
    },
    "10": {
      "eval_loss": 0.9017092227821496,
      "eval_acc": 0.5781399808245447
    },
    "11": {
      "eval_loss": 0.9002419263267332,
      "eval_acc": 0.5647171620325984
    },
    "12": {
      "eval_loss": 0.8754239450936578,
      "eval_acc": 0.5848513902205177
    },
    "13": {
      "eval_loss": 0.8735103159142822,
      "eval_acc": 0.5781399808245445
    },
    "14": {
      "eval_loss": 0.8623757583525813,
      "eval_acc": 0.6001917545541707
    },
    "15": {
      "eval_loss": 0.8542199851453934,
      "eval_acc": 0.6040268456375839
    },
    "16": {
      "eval_loss": 0.847314969062348,
      "eval_acc": 0.5953978906999041
    },
    "17": {
      "eval_loss": 0.8266035544677987,
      "eval_acc": 0.6116970278044104
    },
    "18": {
      "eval_loss": 0.8014529145689735,
      "eval_acc": 0.6184084372003835
    },
    "19": {
      "eval_loss": 0.7977546673493094,
      "eval_acc": 0.6203259827420899
    },
    "20": {
      "eval_loss": 0.7770663825000349,
      "eval_acc": 0.6318312559923297
    }
  },
  "server_evaluate_metrics": {
    "0": {
      "loss": 1.4405663669109345,
      "accuracy": 0.0109375,
      "f1": 0.0002366692426584235,
      "precision": 0.00011962890624999998,
      "auc": 0.22917846679687504
    },
    "1": {
      "loss": 1.1394536912441253,
      "accuracy": 0.4953125,
      "f1": 0.3281380616509927,
      "precision": 0.24533447265625,
      "auc": 0.8020463053385416
    },
    "2": {
      "loss": 1.0419216394424438,
      "accuracy": 0.4953125,
      "f1": 0.3281380616509927,
      "precision": 0.24533447265625,
      "auc": 0.8126505533854166
    },
    "3": {
      "loss": 1.0395768731832504,
      "accuracy": 0.4953125,
      "f1": 0.3281380616509927,
      "precision": 0.24533447265625,
      "auc": 0.816427001953125
    },
    "4": {
      "loss": 1.027601394057274,
      "accuracy": 0.4953125,
      "f1": 0.3281380616509927,
      "precision": 0.24533447265625,
      "auc": 0.8177652994791667
    },
    "5": {
      "loss": 1.0254073649644853,
      "accuracy": 0.5140625,
      "f1": 0.37030945834144446,
      "precision": 0.44197984197730966,
      "auc": 0.8215218098958331
    },
    "6": {
      "loss": 0.9905856281518937,
      "accuracy": 0.5171875,
      "f1": 0.44536756446093156,
      "precision": 0.4166918543856532,
      "auc": 0.8238606770833332
    },
    "7": {
      "loss": 0.9824504226446151,
      "accuracy": 0.53125,
      "f1": 0.47128692880329603,
      "precision": 0.4367331823581823,