dataset,seed,round,d_in,d_out,sd_in,sd_out,target_in_max_pair,source_in,source_out,sd_ratio_in_over_out,d_ratio_in_over_out
alzheimer,42,1,2.0247108535841107,1.5288329261820763,0.008231628055514001,0.01635234273926321,1,results/contest_at_scale/plan_suite/results/alzheimer/in_remove/alzheimer-in-remove/alzheimer-in-remove__non-iid__metric-privacy__fedavg__clients-3__seed-42__nm0p01__clip5__rounds-20__epochs-5__planned_runs__paper_cnn.json,results/contest_at_scale/plan_suite/results/alzheimer/out_remove/alzheimer-out-remove/alzheimer-out-remove__non-iid__metric-privacy__fedavg__clients-2__seed-42__nm0p01__clip5__rounds-20__epochs-5__planned_runs__paper_cnn.json,0.5033913602941578,1.3243506330285417
alzheimer,42,2,1.7999451365321875,1.257309187669307,0.009259541487346121,0.01988373285201461,1,results/contest_at_scale/plan_suite/results/alzheimer/in_remove/alzheimer-in-remove/alzheimer-in-remove__non-iid__metric-privacy__fedavg__clients-3__seed-42__nm0p01__clip5__rounds-20__epochs-5__planned_runs__paper_cnn.json,results/contest_at_scale/plan_suite/results/alzheimer/out_remove/alzheimer-out-remove/alzheimer-out-remove__non-iid__metric-privacy__fedavg__clients-2__seed-42__nm0p01__clip5__rounds-20__epochs-5__planned_runs__paper_cnn.json,0.4656842634258159,1.4315851297235591
alzheimer,42,3,1.936643928134193,1.490672189121445,0.008605953022414252,0.016770957546832756,1,results/contest_at_scale/plan_suite/results/alzheimer/in_remove/alzheimer-in-remove/alzheimer-in-remove__non-iid__metric-privacy__fedavg__clients-3__seed-42__nm0p01__clip5__rounds-20__epochs-5__planned_runs__paper_cnn.json,results/contest_at_scale/plan_suite/results/alzheimer/out_remove/alzheimer-out-remove/alzheimer-out-remove__non-iid__metric-privacy__fedavg__clients-2__seed-42__nm0p01__clip5__rounds-20__epochs-5__planned_runs__paper_cnn.json,0.5131461932559427,1.299174924082799
alzheimer,42,4,1.8829018290465076,1.6133891362696886,0.00885158557369217,0.01549533180680912,1,results/contest_at_scale/plan_suite/results/alzheimer/in_remove/alzheimer-in-remove/alzheimer-in-remove__non-iid__metric-privacy__fedavg__clients-3__seed-42__nm0p01__clip5__rounds-20__epochs-5__planned_runs__paper_cnn.json,results/contest_at_scale/plan_suite/results/alzheimer/out_remove/alzheimer-out-remove/alzheimer-out-remove__non-iid__metric-privacy__fedavg__clients-2__seed-42__nm0p01__clip5__rounds-20__epochs-5__planned_runs__paper_cnn.json,0.5712420801342579,1.1670475440289367
alzheimer,42,5,1.8515085495697956,1.7206605803221464,0.009001668758450628,0.014529303620891597,1,results/contest_at_scale/plan_suite/results/alzheimer/in_remove/alzheimer-in-remove/alzheimer-in-remove__non-iid__metric-privacy__fedavg__clients-3__seed-42__nm0p01__clip5__rounds-20__epochs-5__planned_runs__paper_cnn.json,results/contest_at_scale/plan_suite/results/alzheimer/out_remove/alzheimer-out-remove/alzheimer-out-remove__non-iid__metric-privacy__fedavg__clients-2__seed-42__nm0p01__clip5__rounds-20__epochs-5__planned_runs__paper_cnn.json,0.6195526635913358,1.0760451949350474
alzheimer,42,6,1.6879573127565284,1.7645992308389395,0.009873867390312775,0.014167522893067514,1,results/contest_at_scale/plan_suite/results/alzheimer/in_remove/alzheimer-in-remove/alzheimer-in-remove__non-iid__metric-privacy__fedavg__clients-3__seed-42__nm0p01__clip5__rounds-20__epochs-5__planned_runs__paper_cnn.json,results/contest_at_scale/plan_suite/results/alzheimer/out_remove/alzheimer-out-remove/alzheimer-out-remove__non-iid__metric-privacy__fedavg__clients-2__seed-42__nm0p01__clip5__rounds-20__epochs-5__planned_runs__paper_cnn.json,0.6969367520940644,0.9565669548399534
alzheimer,42,7,1.6356800099213917,1.655530428669105,0.010189442045860572,0.015100900332045065,1,results/contest_at_scale/plan_suite/results/alzheimer/in_remove/alzheimer-in-remove/alzheimer-in-remove__non-iid__metric-privacy__fedavg__clients-3__seed-42__nm0p01__clip5__rounds-20__epochs-5__planned_runs__paper_cnn.json,results/contest_at_scale/plan_suite/results/alzheimer/out_remove/alzheimer-out-remove/alzheimer-out-remove__non-iid__metric-privacy__fedavg__clients-2__seed-42__nm0p01__clip5__rounds-20__epochs-5__planned_runs__paper_cnn.json,0.6747572543233022,0.9880096321976569
alzheimer,42,8,1.56903236778453,1.5074126094890137,0.010622258029131651,0.016584709350729497,1,results/contest_at_scale/plan_suite/results/alzheimer/in_remove/alzheimer-in-remove/alzheimer-in-remove__non-iid__metric-privacy__fedavg__clients-3__seed-42__nm0p01__clip5__rounds-20__epochs-5__planned_runs__paper_cnn.json,results/contest_at_scale/plan_suite/results/alzheimer/out_remove/alzheimer-out-remove/alzheimer-out-remove__non-iid__metric-privacy__fedavg__clients-2__seed-42__nm0p01__clip5__rounds-20__epochs-5__planned_runs__paper_cnn.json,0.6404850277743589,1.0408778312637337
alzheimer,42,9,1.3953299660546084,1.5790438892630239,0.01194460598720804,0.015832365502942463,1,results/contest_at_scale/plan_suite/results/alzheimer/in_remove/alzheimer-in-remove/alzheimer-in-remove__non-iid__metric-privacy__fedavg__clients-3__seed-42__nm0p01__clip5__rounds-20__epochs-5__planned_runs__paper_cnn.json,results/contest_at_scale/plan_suite/results/alzheimer/out_remove/alzheimer-out-remove/alzheimer-out-remove__non-iid__metric-privacy__fedavg__clients-2__seed-42__nm0p01__clip5__rounds-20__epochs-5__planned_runs__paper_cnn.json,0.7544422837502154,0.8836549607913945
alzheimer,42,10,1.3428014597545068,1.5062104334744315,0.012411862189748955,0.016597946372162335,1,results/contest_at_scale/plan_suite/results/alzheimer/in_remove/alzheimer-in-remove/alzheimer-in-remove__non-iid__metric-privacy__fedavg__clients-3__seed-42__nm0p01__clip5__rounds-20__epochs-5__planned_runs__paper_cnn.json,results/contest_at_scale/plan_suite/results/alzheimer/out_remove/alzheimer-out-remove/alzheimer-out-remove__non-iid__metric-privacy__fedavg__clients-2__seed-42__nm0p01__clip5__rounds-20__epochs-5__planned_runs__paper_cnn.json,0.7477950531618673,0.8915098646986642
alzheimer,42,11,1.521694280828039,1.503121340026458,0.010952703757023653,0.016632057129572754,1,results/contest_at_scale/plan_suite/results/alzheimer/in_remove/alzheimer-in-remove/alzheimer-in-remove__non-iid__metric-privacy__fedavg__clients-3__seed-42__nm0p01__clip5__rounds-20__epochs-5__planned_runs__paper_cnn.json,results/contest_at_scale/plan_suite/results/alzheimer/out_remove/alzheimer-out-remove/alzheimer-out-remove__non-iid__metric-privacy__fedavg__clients-2__seed-42__nm0p01__clip5__rounds-20__epochs-5__planned_runs__paper_cnn.json,0.6585297099268085,1.0123562484990427
alzheimer,42,12,1.260672959499061,1.6130875904733937,0.013220452252175935,0.015498228458048727,1,results/contest_at_scale/plan_suite/results/alzheimer/in_remove/alzheimer-in-remove/alzheimer-in-remove__non-iid__metric-privacy__fedavg__clients-3__seed-42__nm0p01__clip5__rounds-20__epochs-5__planned_runs__paper_cnn.json,results/contest_at_scale/plan_suite/results/alzheimer/out_remove/alzheimer-out-remove/alzheimer-out-remove__non-iid__metric-privacy__fedavg__clients-2__seed-42__nm0p01__clip5__rounds-20__epochs-5__planned_runs__paper_cnn.json,0.8530298987372412,0.7815279014880343
alzheimer,42,13,1.442702442407608,1.555530983178566,0.011552393741604147,0.016071682448211413,1,results/contest_at_scale/plan_suite/results/alzheimer/in_remove/alzheimer-in-remove/alzheimer-in-remove__non-iid__metric-privacy__fedavg__clients-3__seed-42__nm0p01__clip5__rounds-20__epochs-5__planned_runs__paper_cnn.json,results/contest_at_scale/plan_suite/results/alzheimer/out_remove/alzheimer-out-remove/alzheimer-out-remove__non-iid__metric-privacy__fedavg__clients-2__seed-42__nm0p01__clip5__rounds-20__epochs-5__planned_runs__paper_cnn.json,0.7188042557977364,0.9274662208653636
alzheimer,42,14,1.298976388759911,1.5607885390830536,0.01283061556074762,0.016017544576978526,1,results/contest_at_scale/plan_suite/results/alzheimer/in_remove/alzheimer-in-remove/alzheimer-in-remove__non-iid__metric-privacy__fedavg__clients-3__seed-42__nm0p01__clip5__rounds-20__epochs-5__planned_runs__paper_cnn.json,results/contest_at_scale/plan_suite/results/alzheimer/out_remove/alzheimer-out-remove/alzheimer-out-remove__non-iid__metric-privacy__fedavg__clients-2__seed-42__nm0p01__clip5__rounds-20__epochs-5__planned_runs__paper_cnn.json,0.8010351086638229,0.8322564884561785
alzheimer,42,15,1.4192961684117715,1.540974428722014,0.011742909646065692,0.016223500879721547,1,results/contest_at_scale/plan_suite/results/alzheimer/in_remove/alzheimer-in-remove/alzheimer-in-remove__non-iid__metric-privacy__fedavg__clients-3__seed-42__nm0p01__clip5__rounds-20__epochs-5__planned_runs__paper_cnn.json,results/contest_at_scale/plan_suite/results/alzheimer/out_remove/alzheimer-out-remove/alzheimer-out-remove__non-iid__metric-privacy__fedavg__clients-2__seed-42__nm0p01__clip5__rounds-20__epochs-5__planned_runs__paper_cnn.json,0.7238209393352122,0.9210381054725518
alzheimer,42,16,1.5972483418881893,1.6740165296165894,0.010434611969585233,0.014934141663300007,1,results/contest_at_scale/plan_suite/results/alzheimer/in_remove/alzheimer-in-remove/alzheimer-in-remove__non-iid__metric-privacy__fedavg__clients-3__seed-42__nm0p01__clip5__rounds-20__epochs-5__planned_runs__paper_cnn.json,results/contest_at_scale/plan_suite/results/alzheimer/out_remove/alzheimer-out-remove/alzheimer-out-remove__non-iid__metric-privacy__fedavg__clients-2__seed-42__nm0p01__clip5__rounds-20__epochs-5__planned_runs__paper_cnn.json,0.6987085166888319,0.9541413203691705
alzheimer,42,17,1.5605762383590143,1.7728343413521845,0.010679815735367143,0.01410171239176915,1,results/contest_at_scale/plan_suite/results/alzheimer/in_remove/alzheimer-in-remove/alzheimer-in-remove__non-iid__metric-privacy__fedavg__clients-3__seed-42__nm0p01__clip5__rounds-20__epochs-5__planned_runs__paper_cnn.json,results/contest_at_scale/plan_suite/results/alzheimer/out_remove/alzheimer-out-remove/alzheimer-out-remove__non-iid__metric-privacy__fedavg__clients-2__seed-42__nm0p01__clip5__rounds-20__epochs-5__planned_runs__paper_cnn.json,0.7573417637988922,0.8802718911507119
alzheimer,42,18,1.5837734298159678,1.7771329501410946,0.01052339075331205,0.014067602538130384,1,results/contest_at_scale/plan_suite/results/alzheimer/in_remove/alzheimer-in-remove/alzheimer-in-remove__non-iid__metric-privacy__fedavg__clients-3__seed-42__nm0p01__clip5__rounds-20__epochs-5__planned_runs__paper_cnn.json,results/contest_at_scale/plan_suite/results/alzheimer/out_remove/alzheimer-out-remove/alzheimer-out-remove__non-iid__metric-privacy__fedavg__clients-2__seed-42__nm0p01__clip5__rounds-20__epochs-5__planned_runs__paper_cnn.json,0.7480585781968384,0.8911958048441029
alzheimer,42,19,1.5642482955008745,1.76313480688259,0.010654744975336526,0.014179290149800095,1,results/contest_at_scale/plan_suite/results/alzheimer/in_remove/alzheimer-in-remove/alzheimer-in-remove__non-iid__metric-privacy__fedavg__clients-3__seed-42__nm0p01__clip5__rounds-20__epochs-5__planned_runs__paper_cnn.json,results/contest_at_scale/plan_suite/results/alzheimer/out_remove/alzheimer-out-remove/alzheimer-out-remove__non-iid__metric-privacy__fedavg__clients-2__seed-42__nm0p01__clip5__rounds-20__epochs-5__planned_runs__paper_cnn.json,0.7514300689789284,0.8871972179294855
alzheimer,42,20,1.6039841960494716,1.7217934959723304,0.010390792320595045,0.014519743545599822,1,results/contest_at_scale/plan_suite/results/alzheimer/in_remove/alzheimer-in-remove/alzheimer-in-remove__non-iid__metric-privacy__fedavg__clients-3__seed-42__nm0p01__clip5__rounds-20__epochs-5__planned_runs__paper_cnn.json,results/contest_at_scale/plan_suite/results/alzheimer/out_remove/alzheimer-out-remove/alzheimer-out-remove__non-iid__metric-privacy__fedavg__clients-2__seed-42__nm0p01__clip5__rounds-20__epochs-5__planned_runs__paper_cnn.json,0.7156319454239914,0.9315775671133375
alzheimer,43,1,2.1370697574069104,1.6200132648615788,0.00779884072988322,0.01543197240556923,1,results/contest_at_scale/plan_suite/results/alzheimer/in_remove/alzheimer-in-remove/alzheimer-in-remove__non-iid__metric-privacy__fedavg__clients-3__seed-43__nm0p01__clip5__rounds-20__epochs-5__planned_runs__paper_cnn.json,results/contest_at_scale/plan_suite/results/alzheimer/out_remove/alzheimer-out-remove/alzheimer-out-remove__non-iid__metric-privacy__fedavg__clients-2__seed-43__nm0p01__clip5__rounds-20__epochs-5__planned_runs__paper_cnn.json,0.505369017318143,1.3191680610031988
alzheimer,43,2,1.8582472459723551,1.7666188691121836,0.008969025355904988,0.014151326263464954,1,results/contest_at_scale/plan_suite/results/alzheimer/in_remove/alzheimer-in-remove/alzheimer-in-remove__non-iid__metric-privacy__fedavg__clients-3__seed-43__nm0p01__clip5__rounds-20__epochs-5__planned_runs__paper_cnn.json,results/contest_at_scale/plan_suite/results/alzheimer/out_remove/alzheimer-out-remove/alzheimer-out-remove__non-iid__metric-privacy__fedavg__clients-2__seed-43__nm0p01__clip5__rounds-20__epochs-5__planned_runs__paper_cnn.json,0.6337939772514948,1.0518665222376005
alzheimer,43,3,1.8821893601367872,1.7684714924544096,0.008854936182114762,0.014136501553272559,1,results/contest_at_scale/plan_suite/results/alzheimer/in_remove/alzheimer-in-remove/alzheimer-in-remove__non-iid__metric-privacy__fedavg__clients-3__seed-43__nm0p01__clip5__rounds-20__epochs-5__planned_runs__paper_cnn.json,results/contest_at_scale/plan_suite/results/alzheimer/out_remove/alzheimer-out-remove/alzheimer-out-remove__non-iid__metric-privacy__fedavg__clients-2__seed-43__nm0p01__clip5__rounds-20__epochs-5__planned_runs__paper_cnn.json,0.6263880882229217,1.064302912525071
alzheimer,43,4,2.0087289007691047,1.844847036836048,0.008297120960566312,0.013551258993740498,1,results/contest_at_scale/plan_suite/results/alzheimer/in_remove/alzheimer-in-remove/alzheimer-in-remove__non-iid__metric-privacy__fedavg__clients-3__seed-43__nm0p01__clip5__rounds-20__epochs-5__planned_runs__paper_cnn.json,results/contest_at_scale/plan_suite/results/alzheimer/out_remove/alzheimer-out-remove/alzheimer-out-remove__non-iid__metric-privacy__fedavg__clients-2__seed-43__nm0p01__clip5__rounds-20__epochs-5__planned_runs__paper_cnn.json,0.6122767607348409,1.0888322233013517
alzheimer,43,5,1.9864311502315104,1.8147405282749485,0.008390256397622559,0.01377607410562679,1,results/contest_at_scale/plan_suite/results/alzheimer/in_remove/alzheimer-in-remove/alzheimer-in-remove__non-iid__metric-privacy__fedavg__clients-3__seed-43__nm0p01__clip5__rounds-20__epochs-5__planned_runs__paper_cnn.json,results/contest_at_scale/plan_suite/results/alzheimer/out_remove/alzheimer-out-remove/alzheimer-out-remove__non-iid__metric-privacy__fedavg__clients-2__seed-43__nm0p01__clip5__rounds-20__epochs-5__planned_runs__paper_cnn.json,0.6090455330953531,1.0946089092525901
alzheimer,43,6,1.901618176838383,1.6963399296316009,0.008764465374629805,0.014737612175072318,1,results/contest_at_scale/plan_suite/results/alzheimer/in_remove/alzheimer-in-remove/alzheimer-in-remove__non-iid__metric-privacy__fedavg__clients-3__seed-43__nm0p01__clip5__rounds-20__epochs-5__planned_runs__paper_cnn.json,results/contest_at_scale/plan_suite/results/alzheimer/out_remove/alzheimer-out-remove/alzheimer-out-remove__non-iid__metric-privacy__fedavg__clients-2__seed-43__nm0p01__clip5__rounds-20__epochs-5__planned_runs__paper_cnn.json,0.5947005030743251,1.1210124478124872
alzheimer,43,7,1.7661780298997958,1.6514352143276483,0.009436572295949268,0.015138347410242364,1,results/contest_at_scale/plan_suite/results/alzheimer/in_remove/alzheimer-in-remove/alzheimer-in-remove__non-iid__metric-privacy__fedavg__clients-3__seed-43__nm0p01__clip5__rounds-20__epochs-5__planned_runs__paper_cnn.json,results/contest_at_scale/plan_suite/results/alzheimer/out_remove/alzheimer-out-remove/alzheimer-out-remove__non-iid__metric-privacy__fedavg__clients-2__seed-43__nm0p01__clip5__rounds-20__epochs-5__planned_runs__paper_cnn.json,0.6233555116831732,1.0694806641984214
alzheimer,43,8,1.5807426363850634,1.5124402136231463,0.01054356748722929,0.01652957900405922,1,results/contest_at_scale/plan_suite/results/alzheimer/in_remove/alzheimer-in-remove/alzheimer-in-remove__non-iid__metric-privacy__fedavg__clients-3__seed-43__nm0p01__clip5__rounds-20__epochs-5__planned_runs__paper_cnn.json,results/contest_at_scale/plan_suite/results/alzheimer/out_remove/alzheimer-out-remove/alzheimer-out-remove__non-iid__metric-privacy__fedavg__clients-2__seed-43__nm0p01__clip5__rounds-20__epochs-5__planned_runs__paper_cnn.json,0.637860618509405,1.0451604117284705
alzheimer,43,9,1.546532372944057,1.3563141368795186,0.010776797795017482,0.01843230806214088,1,results/contest_at_scale/plan_suite/results/alzheimer/in_remove/alzheimer-in-remove/alzheimer-in-remove__non-iid__metric-privacy__fedavg__clients-3__seed-43__nm0p01__clip5__rounds-20__epochs-5__planned_runs__paper_cnn.json,results/contest_at_scale/plan_suite/results/alzheimer/out_remove/alzheimer-out-remove/alzheimer-out-remove__non-iid__metric-privacy__fedavg__clients-2__seed-43__nm0p01__clip5__rounds-20__epochs-5__planned_runs__paper_cnn.json,0.5846689279869693,1.1402464450471443
alzheimer,43,10,1.5112504891585559,1.3523150174102436,0.011028394555522325,0.018486816812754436,1,results/contest_at_scale/plan_suite/results/alzheimer/in_remove/alzheimer-in-remove/alzheimer-in-remove__non-iid__metric-privacy__fedavg__clients-3__seed-43__nm0p01__clip5__rounds-20__epochs-5__planned_runs__paper_cnn.json,results/contest_at_scale/plan_suite/results/alzheimer/out_remove/alzheimer-out-remove/alzheimer-out-remove__non-iid__metric-privacy__fedavg__clients-2__seed-43__nm0p01__clip5__rounds-20__epochs-5__planned_runs__paper_cnn.json,0.5965545430143283,1.1175284380503903
alzheimer,43,11,1.477104047468553,1.2702241546163957,0.01128333965046663,0.019681565579698752,1,results/contest_at_scale/plan_suite/results/alzheimer/in_remove/alzheimer-in-remove/alzheimer-in-remove__non-iid__metric-privacy__fedavg__clients-3__seed-43__nm0p01__clip5__rounds-20__epochs-5__planned_runs__paper_cnn.json,results/contest_at_scale/plan_suite/results/alzheimer/out_remove/alzheimer-out-remove/alzheimer-out-remove__non-iid__metric-privacy__fedavg__clients-2__seed-43__nm0p01__clip5__rounds-20__epochs-5__planned_runs__paper_cnn.json,0.5732948227505453,1.1628688071316315
alzheimer,43,12,1.4813937392706673,1.1817270157237847,0.011250666331877537,0.02115547809888055,1,results/contest_at_scale/plan_suite/results/alzheimer/in_remove/alzheimer-in-remove/alzheimer-in-remove__non-iid__metric-privacy__fedavg__clients-3__seed-43__nm0p01__clip5__rounds-20__epochs-5__planned_runs__paper_cnn.json,results/contest_at_scale/plan_suite/results/alzheimer/out_remove/alzheimer-out-remove/alzheimer-out-remove__non-iid__metric-privacy__fedavg__clients-2__seed-43__nm0p01__clip5__rounds-20__epochs-5__planned_runs__paper_cnn.json,0.531808653970948,1.2535837122783746
alzheimer,43,13,1.4300506265523534,1.182166878754894,0.011654599045103464,0.02114760652601857,1,results/contest_at_scale/plan_suite/results/alzheimer/in_remove/alzheimer-in-remove/alzheimer-in-remove__non-iid__metric-privacy__fedavg__clients-3__seed-43__nm0p01__clip5__rounds-20__epochs-5__planned_runs__paper_cnn.json,results/contest_at_scale/plan_suite/results/alzheimer/out_remove/alzheimer-out-remove/alzheimer-out-remove__non-iid__metric-privacy__fedavg__clients-2__seed-43__nm0p01__clip5__rounds-20__epochs-5__planned_runs__paper_cnn.json,0.5511072390515893,1.2096859185046198
alzheimer,43,14,1.5573887340724468,1.2816311712376773,0.010701674092045517,0.01950639198004008,1,results/contest_at_scale/plan_suite/results/alzheimer/in_remove/alzheimer-in-remove/alzheimer-in-remove__non-iid__metric-privacy__fedavg__clients-3__seed-43__nm0p01__clip5__rounds-20__epochs-5__planned_runs__paper_cnn.json,results/contest_at_scale/plan_suite/results/alzheimer/out_remove/alzheimer-out-remove/alzheimer-out-remove__non-iid__metric-privacy__fedavg__clients-2__seed-43__nm0p01__clip5__rounds-20__epochs-5__planned_runs__paper_cnn.json,0.5486239640316881,1.2151614044846217
alzheimer,43,15,1.7426506235885124,1.3888840712606907,0.009563974810020281,0.018000062436678024,1,results/contest_at_scale/plan_suite/results/alzheimer/in_remove/alzheimer-in-remove/alzheimer-in-remove__non-iid__metric-privacy__fedavg__clients-3__seed-43__nm0p01__clip5__rounds-20__epochs-5__planned_runs__paper_cnn.json,results/contest_at_scale/plan_suite/results/alzheimer/out_remove/alzheimer-out-remove/alzheimer-out-remove__non-iid__metric-privacy__fedavg__clients-2__seed-43__nm0p01__clip5__rounds-20__epochs-5__planned_runs__paper_cnn.json,0.5313300908630263,1.2547128011963646
alzheimer,43,16,1.4737064146902412,1.3980186319289107,0.011309353410237982,0.01788245122706723,1,results/contest_at_scale/plan_suite/results/alzheimer/in_remove/alzheimer-in-remove/alzheimer-in-remove__non-iid__metric-privacy__fedavg__clients-3__seed-43__nm0p01__clip5__rounds-20__epochs-5__planned_runs__paper_cnn.json,results/contest_at_scale/plan_suite/results/alzheimer/out_remove/alzheimer-out-remove/alzheimer-out-remove__non-iid__metric-privacy__fedavg__clients-2__seed-43__nm0p01__clip5__rounds-20__epochs-5__planned_runs__paper_cnn.json,0.6324274713032586,1.054139323348574
alzheimer,43,17,1.6960003337201972,1.3710268501502771,0.009827042091500144,0.01823450795092727,1,results/contest_at_scale/plan_suite/results/alzheimer/in_remove/alzheimer-in-remove/alzheimer-in-remove__non-iid__metric-privacy__fedavg__clients-3__seed-43__nm0p01__clip5__rounds-20__epochs-5__planned_runs__paper_cnn.json,results/contest_at_scale/plan_suite/results/alzheimer/out_remove/alzheimer-out-remove/alzheimer-out-remove__non-iid__metric-privacy__fedavg__clients-2__seed-43__nm0p01__clip5__rounds-20__epochs-5__planned_runs__paper_cnn.json,0.5389255426001454,1.2370292627998496
alzheimer,43,18,1.6086633307859302,1.3477370319887996,0.01036056852152152,0.018549612726088367,1,results/contest_at_scale/plan_suite/results/alzheimer/in_remove/alzheimer-in-remove/alzheimer-in-remove__non-iid__metric-privacy__fedavg__clients-3__seed-43__nm0p01__clip5__rounds-20__epochs-5__planned_runs__paper_cnn.json,results/contest_at_scale/plan_suite/results/alzheimer/out_remove/alzheimer-out-remove/alzheimer-out-remove__non-iid__metric-privacy__fedavg__clients-2__seed-43__nm0p01__clip5__rounds-20__epochs-5__planned_runs__paper_cnn.json,0.55853287475648,1.1936032717095355
alzheimer,43,19,1.6973358355462551,1.4645034467491012,0.009819309954828603,0.017070632408202863,1,results/contest_at_scale/plan_suite/results/alzheimer/in_remove/alzheimer-in-remove/alzheimer-in-remove__non-iid__metric-privacy__fedavg__clients-3__seed-43__nm0p01__clip5__rounds-20__epochs-5__planned_runs__paper_cnn.json,results/contest_at_scale/plan_suite/results/alzheimer/out_remove/alzheimer-out-remove/alzheimer-out-remove__non-iid__metric-privacy__fedavg__clients-2__seed-43__nm0p01__clip5__rounds-20__epochs-5__planned_runs__paper_cnn.json,0.5752165309417699,1.1589838448751995
alzheimer,43,20,1.5759569808530312,1.3563243976483743,0.01057558478382155,0.018432168619355045,1,results/contest_at_scale/plan_suite/results/alzheimer/in_remove/alzheimer-in-remove/alzheimer-in-remove__non-iid__metric-privacy__fedavg__clients-3__seed-43__nm0p01__clip5__rounds-20__epochs-5__planned_runs__paper_cnn.json,results/contest_at_scale/plan_suite/results/alzheimer/out_remove/alzheimer-out-remove/alzheimer-out-remove__non-iid__metric-privacy__fedavg__clients-2__seed-43__nm0p01__clip5__rounds-20__epochs-5__planned_runs__paper_cnn.json,0.5737569464678431,1.1619321923173105
alzheimer,44,1,2.040471087830762,1.703865072922781,0.008168048430612711,0.014672523310261549,1,results/contest_at_scale/plan_suite/results/alzheimer/in_remove/alzheimer-in-remove/alzheimer-in-remove__non-iid__metric-privacy__fedavg__clients-3__seed-44__nm0p01__clip5__rounds-20__epochs-5__planned_runs__paper_cnn.json,results/contest_at_scale/plan_suite/results/alzheimer/out_remove/alzheimer-out-remove/alzheimer-out-remove__non-iid__metric-privacy__fedavg__clients-2__seed-44__nm0p01__clip5__rounds-20__epochs-5__planned_runs__paper_cnn.json,0.5566900973945094,1.1975543840044638
alzheimer,44,2,1.6129824391876657,1.747047675618281,0.010332825864527313,0.014309855620369656,1,results/contest_at_scale/plan_suite/results/alzheimer/in_remove/alzheimer-in-remove/alzheimer-in-remove__non-iid__metric-privacy__fedavg__clients-3__seed-44__nm0p01__clip5__rounds-20__epochs-5__planned_runs__paper_cnn.json,results/contest_at_scale/plan_suite/results/alzheimer/out_remove/alzheimer-out-remove/alzheimer-out-remove__non-iid__metric-privacy__fedavg__clients-2__seed-44__nm0p01__clip5__rounds-20__epochs-5__planned_runs__paper_cnn.json,0.7220775763676358,0.923261832918687
alzheimer,44,3,1.85060868683892,1.7773479901564617,0.009006045840590697,0.014065900509330886,0,results/contest_at_scale/plan_suite/results/alzheimer/in_remove/alzheimer-in-remove/alzheimer-in-remove__non-iid__metric-privacy__fedavg__clients-3__seed-44__nm0p01__clip5__rounds-20__epochs-5__planned_runs__paper_cnn.json,results/contest_at_scale/plan_suite/results/alzheimer/out_remove/alzheimer-out-remove/alzheimer-out-remove__non-iid__metric-privacy__fedavg__clients-2__seed-44__nm0p01__clip5__rounds-20__epochs-5__planned_runs__paper_cnn.json,0.6402750989612335,1.041219106831189
alzheimer,44,4,2.0460440459040306,2.0456807681669793,0.008145800526646343,0.012220870621177668,1,results/contest_at_scale/plan_suite/results/alzheimer/in_remove/alzheimer-in-remove/alzheimer-in-remove__non-iid__metric-privacy__fedavg__clients-3__seed-44__nm0p01__clip5__rounds-20__epochs-5__planned_runs__paper_cnn.json,results/contest_at_scale/plan_suite/results/alzheimer/out_remove/alzheimer-out-remove/alzheimer-out-remove__non-iid__metric-privacy__fedavg__clients-2__seed-44__nm0p01__clip5__rounds-20__epochs-5__planned_runs__paper_cnn.json,0.666548299147395,1.0001775828089623
alzheimer,44,5,2.1503423607597747,2.0987761393965534,0.0077507037813168865,0.011911703935793778,1,results/contest_at_scale/plan_suite/results/alzheimer/in_remove/alzheimer-in-remove/alzheimer-in-remove__non-iid__metric-privacy__fedavg__clients-3__seed-44__nm0p01__clip5__rounds-20__epochs-5__planned_runs__paper_cnn.json,results/contest_at_scale/plan_suite/results/alzheimer/out_remove/alzheimer-out-remove/alzheimer-out-remove__non-iid__metric-privacy__fedavg__clients-2__seed-44__nm0p01__clip5__rounds-20__epochs-5__planned_runs__paper_cnn.json,0.650679686390341,1.0245696624786518
alzheimer,44,6,2.1412344500422478,2.1114642294899872,0.007783672015148936,0.011840124805731905,1,results/contest_at_scale/plan_suite/results/alzheimer/in_remove/alzheimer-in-remove/alzheimer-in-remove__non-iid__metric-privacy__fedavg__clients-3__seed-44__nm0p01__clip5__rounds-20__epochs-5__planned_runs__paper_cnn.json,results/contest_at_scale/plan_suite/results/alzheimer/out_remove/alzheimer-out-remove/alzheimer-out-remove__non-iid__metric-privacy__fedavg__clients-2__seed-44__nm0p01__clip5__rounds-20__epochs-5__planned_runs__paper_cnn.json,0.6573978013627689,1.0140993250733172
alzheimer,44,7,1.9988419629322987,2.0828604182849326,0.008338161283254574,0.012002724609162952,1,results/contest_at_scale/plan_suite/results/alzheimer/in_remove/alzheimer-in-remove/alzheimer-in-remove__non-iid__metric-privacy__fedavg__clients-3__seed-44__nm0p01__clip5__rounds-20__epochs-5__planned_runs__paper_cnn.json,results/contest_at_scale/plan_suite/results/alzheimer/out_remove/alzheimer-out-remove/alzheimer-out-remove__non-iid__metric-privacy__fedavg__clients-2__seed-44__nm0p01__clip5__rounds-20__epochs-5__planned_runs__paper_cnn.json,0.6946890439266741,0.9596619847326032
alzheimer,44,8,1.9902773327194154,1.929570173767085,0.008374042347100525,0.012956253335525338,1,results/contest_at_scale/plan_suite/results/alzheimer/in_remove/alzheimer-in-remove/alzheimer-in-remove__non-iid__metric-privacy__fedavg__clients-3__seed-44__nm0p01__clip5__rounds-20__epochs-5__planned_runs__paper_cnn.json,results/contest_at_scale/plan_suite/results/alzheimer/out_remove/alzheimer-out-remove/alzheimer-out-remove__non-iid__metric-privacy__fedavg__clients-2__seed-44__nm0p01__clip5__rounds-20__epochs-5__planned_runs__paper_cnn.json,0.6463320938731075,1.031461493226656
alzheimer,44,9,1.8693912555463612,1.824783531560873,0.008915558269151929,0.01370025516320593,1,results/contest_at_scale/plan_suite/results/alzheimer/in_remove/alzheimer-in-remove/alzheimer-in-remove__non-iid__metric-privacy__fedavg__clients-3__seed-44__nm0p01__clip5__rounds-20__epochs-5__planned_runs__paper_cnn.json,results/contest_at_scale/plan_suite/results/alzheimer/out_remove/alzheimer-out-remove/alzheimer-out-remove__non-iid__metric-privacy__fedavg__clients-2__seed-44__nm0p01__clip5__rounds-20__epochs-5__planned_runs__paper_cnn.json,0.650758556168792,1.0244454880340421
alzheimer,44,10,1.7515949038012575,1.7527915992153187,0.009515137678522117,0.014262962015103152,1,results/contest_at_scale/plan_suite/results/alzheimer/in_remove/alzheimer-in-remove/alzheimer-in-remove__non-iid__metric-privacy__fedavg__clients-3__seed-44__nm0p01__clip5__rounds-20__epochs-5__planned_runs__paper_cnn.json,results/contest_at_scale/plan_suite/results/alzheimer/out_remove/alzheimer-out-remove/alzheimer-out-remove__non-iid__metric-privacy__fedavg__clients-2__seed-44__nm0p01__clip5__rounds-20__epochs-5__planned_runs__paper_cnn.json,0.6671221355316287,0.9993172631506239
alzheimer,44,11,1.6997301634401083,1.8109602636347215,0.009805477966534854,0.013804830786194771,1,results/contest_at_scale/plan_suite/results/alzheimer/in_remove/alzheimer-in-remove/alzheimer-in-remove__non-iid__metric-privacy__fedavg__clients-3__seed-44__nm0p01__clip5__rounds-20__epochs-5__planned_runs__paper_cnn.json,results/contest_at_scale/plan_suite/results/alzheimer/out_remove/alzheimer-out-remove/alzheimer-out-remove__non-iid__metric-privacy__fedavg__clients-2__seed-44__nm0p01__clip5__rounds-20__epochs-5__planned_runs__paper_cnn.json,0.7102932385336164,0.938579491539275
alzheimer,44,12,1.587968938363095,1.7792713982829202,0.010495587327952992,0.014050695146410021,1,results/contest_at_scale/plan_suite/results/alzheimer/in_remove/alzheimer-in-remove/alzheimer-in-remove__non-iid__metric-privacy__fedavg__clients-3__seed-44__nm0p01__clip5__rounds-20__epochs-5__planned_runs__paper_cnn.json,results/contest_at_scale/plan_suite/results/alzheimer/out_remove/alzheimer-out-remove/alzheimer-out-remove__non-iid__metric-privacy__fedavg__clients-2__seed-44__nm0p01__clip5__rounds-20__epochs-5__planned_runs__paper_cnn.json,0.7469799336322968,0.8924826981963285
alzheimer,44,13,1.5213702166608225,1.732629235368222,0.010955036771554183,0.014428938107284649,1,results/contest_at_scale/plan_suite/results/alzheimer/in_remove/alzheimer-in-remove/alzheimer-in-remove__non-iid__metric-privacy__fedavg__clients-3__seed-44__nm0p01__clip5__rounds-20__epochs-5__planned_runs__paper_cnn.json,results/contest_at_scale/plan_suite/results/alzheimer/out_remove/alzheimer-out-remove/alzheimer-out-remove__non-iid__metric-privacy__fedavg__clients-2__seed-44__nm0p01__clip5__rounds-20__epochs-5__planned_runs__paper_cnn.json,0.7592406793971471,0.8780702677786097
alzheimer,44,14,1.5953483461247135,1.7047481114665668,0.01044703917307586,0.014664923123741087,1,results/contest_at_scale/plan_suite/results/alzheimer/in_remove/alzheimer-in-remove/alzheimer-in-remove__non-iid__metric-privacy__fedavg__clients-3__seed-44__nm0p01__clip5__rounds-20__epochs-5__planned_runs__paper_cnn.json,results/contest_at_scale/plan_suite/results/alzheimer/out_remove/alzheimer-out-remove/alzheimer-out-remove__non-iid__metric-privacy__fedavg__clients-2__seed-44__nm0p01__clip5__rounds-20__epochs-5__planned_runs__paper_cnn.json,0.7123828120287325,0.9358264340602563
alzheimer,44,15,1.5163448316355546,1.701942686534797,0.010991343340214855,0.014689096288489422,1,results/contest_at_scale/plan_suite/results/alzheimer/in_remove/alzheimer-in-remove/alzheimer-in-remove__non-iid__metric-privacy__fedavg__clients-3__seed-44__nm0p01__clip5__rounds-20__epochs-5__planned_runs__paper_cnn.json,results/contest_at_scale/plan_suite/results/alzheimer/out_remove/alzheimer-out-remove/alzheimer-out-remove__non-iid__metric-privacy__fedavg__clients-2__seed-44__nm0p01__clip5__rounds-20__epochs-5__planned_runs__paper_cnn.json,0.7482654565228647,0.8909494095379176
alzheimer,44,16,1.5102520038684208,1.9405061891302466,0.011035685848438533,0.012883236415342348,1,results/contest_at_scale/plan_suite/results/alzheimer/in_remove/alzheimer-in-remove/alzheimer-in-remove__non-iid__metric-privacy__fedavg__clients-3__seed-44__nm0p01__clip5__rounds-20__epochs-5__planned_runs__paper_cnn.json,results/contest_at_scale/plan_suite/results/alzheimer/out_remove/alzheimer-out-remove/alzheimer-out-remove__non-iid__metric-privacy__fedavg__clients-2__seed-44__nm0p01__clip5__rounds-20__epochs-5__planned_runs__paper_cnn.json,0.856592667607682,0.7782773445032557
alzheimer,44,17,1.610268257247905,2.027796976113071,0.010350242322450992,0.012328650399667025,1,results/contest_at_scale/plan_suite/results/alzheimer/in_remove/alzheimer-in-remove/alzheimer-in-remove__non-iid__metric-privacy__fedavg__clients-3__seed-44__nm0p01__clip5__rounds-20__epochs-5__planned_runs__paper_cnn.json,results/contest_at_scale/plan_suite/results/alzheimer/out_remove/alzheimer-out-remove/alzheimer-out-remove__non-iid__metric-privacy__fedavg__clients-2__seed-44__nm0p01__clip5__rounds-20__epochs-5__planned_runs__paper_cnn.json,0.8395276033401461,0.7940973757316203
alzheimer,44,18,1.7196636923278372,2.111199566628784,0.009691817499563356,0.011841609099949097,1,results/contest_at_scale/plan_suite/results/alzheimer/in_remove/alzheimer-in-remove/alzheimer-in-remove__non-iid__metric-privacy__fedavg__clients-3__seed-44__nm0p01__clip5__rounds-20__epochs-5__planned_runs__paper_cnn.json,results/contest_at_scale/plan_suite/results/alzheimer/out_remove/alzheimer-out-remove/alzheimer-out-remove__non-iid__metric-privacy__fedavg__clients-2__seed-44__nm0p01__clip5__rounds-20__epochs-5__planned_runs__paper_cnn.json,0.8184544361969369,0.8145434091168553
alzheimer,44,19,1.7042290410026908,2.114915320649743,0.009779593156598692,0.01182080424492812,1,results/contest_at_scale/plan_suite/results/alzheimer/in_remove/alzheimer-in-remove/alzheimer-in-remove__non-iid__metric-privacy__fedavg__clients-3__seed-44__nm0p01__clip5__rounds-20__epochs-5__planned_runs__paper_cnn.json,results/contest_at_scale/plan_suite/results/alzheimer/out_remove/alzheimer-out-remove/alzheimer-out-remove__non-iid__metric-privacy__fedavg__clients-2__seed-44__nm0p01__clip5__rounds-20__epochs-5__planned_runs__paper_cnn.json,0.8273204558644782,0.8058143152885755
alzheimer,44,20,1.742010956009229,1.9744209758937359,0.009567486707918483,0.012661940034689699,1,results/contest_at_scale/plan_suite/results/alzheimer/in_remove/alzheimer-in-remove/alzheimer-in-remove__non-iid__metric-privacy__fedavg__clients-3__seed-44__nm0p01__clip5__rounds-20__epochs-5__planned_runs__paper_cnn.json,results/contest_at_scale/plan_suite/results/alzheimer/out_remove/alzheimer-out-remove/alzheimer-out-remove__non-iid__metric-privacy__fedavg__clients-2__seed-44__nm0p01__clip5__rounds-20__epochs-5__planned_runs__paper_cnn.json,0.7556098577079503,0.8822895305904533
cifar,42,1,1.2762370727335413,0.9619927780392269,0.013059224671297736,0.02598772108347427,1,results/contest_at_scale/plan_suite/results/cifar/in_remove/cifar-in-remove/cifar-in-remove__non-iid__metric-privacy__fedavg__clients-3__seed-42__nm0p01__clip5__rounds-20__epochs-5__planned_runs__cifar10_cnn.json,results/contest_at_scale/plan_suite/results/cifar/out_remove/cifar-out-remove/cifar-out-remove__non-iid__metric-privacy__fedavg__clients-2__seed-42__nm0p01__clip5__rounds-20__epochs-5__planned_runs__cifar10_cnn.json,0.5025151928232047,1.3266597233035573
cifar,42,2,1.1521514408911269,1.0869832321380575,0.014465690945780443,0.02299943482184715,1,results/contest_at_scale/plan_suite/results/cifar/in_remove/cifar-in-remove/cifar-in-remove__non-iid__metric-privacy__fedavg__clients-3__seed-42__nm0p01__clip5__rounds-20__epochs-5__planned_runs__cifar10_cnn.json,results/contest_at_scale/plan_suite/results/cifar/out_remove/cifar-out-remove/cifar-out-remove__non-iid__metric-privacy__fedavg__clients-2__seed-42__nm0p01__clip5__rounds-20__epochs-5__planned_runs__cifar10_cnn.json,0.6289585399741864,1.05995327878691
cifar,42,3,1.0599363557994366,0.9729074495844543,0.015724214548802937,0.025696174914353814,1,results/contest_at_scale/plan_suite/results/cifar/in_remove/cifar-in-remove/cifar-in-remove__non-iid__metric-privacy__fedavg__clients-3__seed-42__nm0p01__clip5__rounds-20__epochs-5__planned_runs__cifar10_cnn.json,results/contest_at_scale/plan_suite/results/cifar/out_remove/cifar-out-remove/cifar-out-remove__non-iid__metric-privacy__fedavg__clients-2__seed-42__nm0p01__clip5__rounds-20__epochs-5__planned_runs__cifar10_cnn.json,0.6119282189357854,1.089452399868203
cifar,42,4,1.1359899030067027,1.04898945055902,0.0146714919054772,0.02383246083807342,1,results/contest_at_scale/plan_suite/results/cifar/in_remove/cifar-in-remove/cifar-in-remove__non-iid__metric-privacy__fedavg__clients-3__seed-42__nm0p01__clip5__rounds-20__epochs-5__planned_runs__cifar10_cnn.json,results/contest_at_scale/plan_suite/results/cifar/out_remove/cifar-out-remove/cifar-out-remove__non-iid__metric-privacy__fedavg__clients-2__seed-42__nm0p01__clip5__rounds-20__epochs-5__planned_runs__cifar10_cnn.json,0.6156096093123056,1.0829373950341625
cifar,42,5,1.1493040200633307,1.0869571945319574,0.014501529948314523,0.022999985763712594,1,results/contest_at_scale/plan_suite/results/cifar/in_remove/cifar-in-remove/cifar-in-remove__non-iid__metric-privacy__fedavg__clients-3__seed-42__nm0p01__clip5__rounds-20__epochs-5__planned_runs__cifar10_cnn.json,results/contest_at_scale/plan_suite/results/cifar/out_remove/cifar-out-remove/cifar-out-remove__non-iid__metric-privacy__fedavg__clients-2__seed-42__nm0p01__clip5__rounds-20__epochs-5__planned_runs__cifar10_cnn.json,0.6305016923616446,1.0573590439853704
cifar,42,6,1.2463173242285848,1.1602481960629423,0.013372731280119688,0.02154711387169765,1,results/contest_at_scale/plan_suite/results/cifar/in_remove/cifar-in-remove/cifar-in-remove__non-iid__metric-privacy__fedavg__clients-3__seed-42__nm0p01__clip5__rounds-20__epochs-5__planned_runs__cifar10_cnn.json,results/contest_at_scale/plan_suite/results/cifar/out_remove/cifar-out-remove/cifar-out-remove__non-iid__metric-privacy__fedavg__clients-2__seed-42__nm0p01__clip5__rounds-20__epochs-5__planned_runs__cifar10_cnn.json,0.620627493767734,1.0741816522169136
cifar,42,7,1.2264332571066916,1.096804398888101,0.013589542333502439,0.02279348991063863,1,results/contest_at_scale/plan_suite/results/cifar/in_remove/cifar-in-remove/cifar-in-remove__non-iid__metric-privacy__fedavg__clients-3__seed-42__nm0p01__clip5__rounds-20__epochs-5__planned_runs__cifar10_cnn.json,results/contest_at_scale/plan_suite/results/cifar/out_remove/cifar-out-remove/cifar-out-remove__non-iid__metric-privacy__fedavg__clients-2__seed-42__nm0p01__clip5__rounds-20__epochs-5__planned_runs__cifar10_cnn.json,0.5962027924104618,1.118187762877322
cifar,42,8,1.150333055605491,1.0263907915602128,0.01448855754031512,0.024357194360636842,1,results/contest_at_scale/plan_suite/results/cifar/in_remove/cifar-in-remove/cifar-in-remove__non-iid__metric-privacy__fedavg__clients-3__seed-42__nm0p01__clip5__rounds-20__epochs-5__planned_runs__cifar10_cnn.json,results/contest_at_scale/plan_suite/results/cifar/out_remove/cifar-out-remove/cifar-out-remove__non-iid__metric-privacy__fedavg__clients-2__seed-42__nm0p01__clip5__rounds-20__epochs-5__planned_runs__cifar10_cnn.json,0.594836881694789,1.1207554325939284
cifar,42,9,1.228162610437721,1.0060694522690028,0.013570407147247882,0.024849179093567687,1,results/contest_at_scale/plan_suite/results/cifar/in_remove/cifar-in-remove/cifar-in-remove__non-iid__metric-privacy__fedavg__clients-3__seed-42__nm0p01__clip5__rounds-20__epochs-5__planned_runs__cifar10_cnn.json,results/contest_at_scale/plan_suite/results/cifar/out_remove/cifar-out-remove/cifar-out-remove__non-iid__metric-privacy__fedavg__clients-2__seed-42__nm0p01__clip5__rounds-20__epochs-5__planned_runs__cifar10_cnn.json,0.5461108834279615,1.2207533065116214
cifar,42,10,1.0985288674322267,0.9502534929973384,0.015171805822112283,0.02630876938020371,1,results/contest_at_scale/plan_suite/results/cifar/in_remove/cifar-in-remove/cifar-in-remove__non-iid__metric-privacy__fedavg__clients-3__seed-42__nm0p01__clip5__rounds-20__epochs-5__planned_runs__cifar10_cnn.json,results/contest_at_scale/plan_suite/results/cifar/out_remove/cifar-out-remove/cifar-out-remove__non-iid__metric-privacy__fedavg__clients-2__seed-42__nm0p01__clip5__rounds-20__epochs-5__planned_runs__cifar10_cnn.json,0.5766824591015821,1.156037705230833
cifar,42,11,1.0480061480775476,0.9614226589134584,0.015903214592051622,0.02600313168014314,1,results/contest_at_scale/plan_suite/results/cifar/in_remove/cifar-in-remove/cifar-in-remove__non-iid__metric-privacy__fedavg__clients-3__seed-42__nm0p01__clip5__rounds-20__epochs-5__planned_runs__cifar10_cnn.json,results/contest_at_scale/plan_suite/results/cifar/out_remove/cifar-out-remove/cifar-out-remove__non-iid__metric-privacy__fedavg__clients-2__seed-42__nm0p01__clip5__rounds-20__epochs-5__planned_runs__cifar10_cnn.json,0.6115884343344632,1.0900576748024022
cifar,42,12,1.040117366084208,1.0201203919326265,0.016023832704007878,0.024506911338805115,1,results/contest_at_scale/plan_suite/results/cifar/in_remove/cifar-in-remove/cifar-in-remove__non-iid__metric-privacy__fedavg__clients-3__seed-42__nm0p01__clip5__rounds-20__epochs-5__planned_runs__cifar10_cnn.json,results/contest_at_scale/plan_suite/results/cifar/out_remove/cifar-out-remove/cifar-out-remove__non-iid__metric-privacy__fedavg__clients-2__seed-42__nm0p01__clip5__rounds-20__epochs-5__planned_runs__cifar10_cnn.json,0.6538495399310141,1.0196025629030874
cifar,42,13,1.0121145392768085,0.9662394635379314,0.016467174435193455,0.02587350335336265,1,results/contest_at_scale/plan_suite/results/cifar/in_remove/cifar-in-remove/cifar-in-remove__non-iid__metric-privacy__fedavg__clients-3__seed-42__nm0p01__clip5__rounds-20__epochs-5__planned_runs__cifar10_cnn.json,results/contest_at_scale/plan_suite/results/cifar/out_remove/cifar-out-remove/cifar-out-remove__non-iid__metric-privacy__fedavg__clients-2__seed-42__nm0p01__clip5__rounds-20__epochs-5__planned_runs__cifar10_cnn.json,0.6364493516898746,1.0474779570386241
cifar,42,14,1.0630073122059305,0.9183891930151731,0.015678788353845233,0.027221574676768834,1,results/contest_at_scale/plan_suite/results/cifar/in_remove/cifar-in-remove/cifar-in-remove__non-iid__metric-privacy__fedavg__clients-3__seed-42__nm0p01__clip5__rounds-20__epochs-5__planned_runs__cifar10_cnn.json,results/contest_at_scale/plan_suite/results/cifar/out_remove/cifar-out-remove/cifar-out-remove__non-iid__metric-privacy__fedavg__clients-2__seed-42__nm0p01__clip5__rounds-20__epochs-5__planned_runs__cifar10_cnn.json,0.5759691913497447,1.1574693172466024
cifar,42,15,1.0238540622716148,0.9798327310709283,0.016278361615022066,0.025514558972403113,1,results/contest_at_scale/plan_suite/results/cifar/in_remove/cifar-in-remove/cifar-in-remove__non-iid__metric-privacy__fedavg__clients-3__seed-42__nm0p01__clip5__rounds-20__epochs-5__planned_runs__cifar10_cnn.json,results/contest_at_scale/plan_suite/results/cifar/out_remove/cifar-out-remove/cifar-out-remove__non-iid__metric-privacy__fedavg__clients-2__seed-42__nm0p01__clip5__rounds-20__epochs-5__planned_runs__cifar10_cnn.json,0.6380028607442896,1.0449273940385442
cifar,42,16,1.0425801079254597,0.9931019782088697,0.015985981834844547,0.02517364837505337,1,results/contest_at_scale/plan_suite/results/cifar/in_remove/cifar-in-remove/cifar-in-remove__non-iid__metric-privacy__fedavg__clients-3__seed-42__nm0p01__clip5__rounds-20__epochs-5__planned_runs__cifar10_cnn.json,results/contest_at_scale/plan_suite/results/cifar/out_remove/cifar-out-remove/cifar-out-remove__non-iid__metric-privacy__fedavg__clients-2__seed-42__nm0p01__clip5__rounds-20__epochs-5__planned_runs__cifar10_cnn.json,0.6350284073518071,1.0498218015896286
cifar,42,17,1.0401801772726078,0.996271088719368,0.016022865106281207,0.025093571702593145,1,results/contest_at_scale/plan_suite/results/cifar/in_remove/cifar-in-remove/cifar-in-remove__non-iid__metric-privacy__fedavg__clients-3__seed-42__nm0p01__clip5__rounds-20__epochs-5__planned_runs__cifar10_cnn.json,results/contest_at_scale/plan_suite/results/cifar/out_remove/cifar-out-remove/cifar-out-remove__non-iid__metric-privacy__fedavg__clients-2__seed-42__nm0p01__clip5__rounds-20__epochs-5__planned_runs__cifar10_cnn.json,0.638524690553534,1.0440734344802494
cifar,42,18,1.0977657798988123,0.9898929653378824,0.015182352166418353,0.02525525574521756,1,results/contest_at_scale/plan_suite/results/cifar/in_remove/cifar-in-remove/cifar-in-remove__non-iid__metric-privacy__fedavg__clients-3__seed-42__nm0p01__clip5__rounds-20__epochs-5__planned_runs__cifar10_cnn.json,results/contest_at_scale/plan_suite/results/cifar/out_remove/cifar-out-remove/cifar-out-remove__non-iid__metric-privacy__fedavg__clients-2__seed-42__nm0p01__clip5__rounds-20__epochs-5__planned_runs__cifar10_cnn.json,0.6011561442727954,1.1089742207877085
cifar,42,19,1.1369234734835725,0.9751543037127703,0.014659444593574473,0.025636968328823267,1,results/contest_at_scale/plan_suite/results/cifar/in_remove/cifar-in-remove/cifar-in-remove__non-iid__metric-privacy__fedavg__clients-3__seed-42__nm0p01__clip5__rounds-20__epochs-5__planned_runs__cifar10_cnn.json,results/contest_at_scale/plan_suite/results/cifar/out_remove/cifar-out-remove/cifar-out-remove__non-iid__metric-privacy__fedavg__clients-2__seed-42__nm0p01__clip5__rounds-20__epochs-5__planned_runs__cifar10_cnn.json,0.5718088194185221,1.1658908432797634
cifar,42,20,1.0642729429528117,1.0585095104761422,0.01566014317758113,0.023618115616887012,1,results/contest_at_scale/plan_suite/results/cifar/in_remove/cifar-in-remove/cifar-in-remove__non-iid__metric-privacy__fedavg__clients-3__seed-42__nm0p01__clip5__rounds-20__epochs-5__planned_runs__cifar10_cnn.json,results/contest_at_scale/plan_suite/results/cifar/out_remove/cifar-out-remove/cifar-out-remove__non-iid__metric-privacy__fedavg__clients-2__seed-42__nm0p01__clip5__rounds-20__epochs-5__planned_runs__cifar10_cnn.json,0.6630564195555081,1.005444856583364
cifar,43,1,0.9878083737567067,0.651483777211979,0.016872368274508675,0.03837394095519516,1,results/contest_at_scale/plan_suite/results/cifar/in_remove/cifar-in-remove/cifar-in-remove__non-iid__metric-privacy__fedavg__clients-3__seed-43__nm0p01__clip5__rounds-20__epochs-5__planned_runs__cifar10_cnn.json,results/contest_at_scale/plan_suite/results/cifar/out_remove/cifar-out-remove/cifar-out-remove__non-iid__metric-privacy__fedavg__clients-2__seed-43__nm0p01__clip5__rounds-20__epochs-5__planned_runs__cifar10_cnn.json,0.43968296855953887,1.5162440083834885
cifar,43,2,0.9987210500985384,1.0768521948096652,0.016688009795149766,0.023215813758376353,1,results/contest_at_scale/plan_suite/results/cifar/in_remove/cifar-in-remove/cifar-in-remove__non-iid__metric-privacy__fedavg__clients-3__seed-43__nm0p01__clip5__rounds-20__epochs-5__planned_runs__cifar10_cnn.json,results/contest_at_scale/plan_suite/results/cifar/out_remove/cifar-out-remove/cifar-out-remove__non-iid__metric-privacy__fedavg__clients-2__seed-43__nm0p01__clip5__rounds-20__epochs-5__planned_runs__cifar10_cnn.json,0.7188207989964888,0.9274448758263091
cifar,43,3,1.0204852887739737,0.9386278344318271,0.01633209890432644,0.026634624590195617,1,results/contest_at_scale/plan_suite/results/cifar/in_remove/cifar-in-remove/cifar-in-remove__non-iid__metric-privacy__fedavg__clients-3__seed-43__nm0p01__clip5__rounds-20__epochs-5__planned_runs__cifar10_cnn.json,results/contest_at_scale/plan_suite/results/cifar/out_remove/cifar-out-remove/cifar-out-remove__non-iid__metric-privacy__fedavg__clients-2__seed-43__nm0p01__clip5__rounds-20__epochs-5__planned_runs__cifar10_cnn.json,0.6131905050517736,1.087209702652486
cifar,43,4,1.0453777494840324,1.0053761536255479,0.015943200125402363,0.024866314871151443,1,results/contest_at_scale/plan_suite/results/cifar/in_remove/cifar-in-remove/cifar-in-remove__non-iid__metric-privacy__fedavg__clients-3__seed-43__nm0p01__clip5__rounds-20__epochs-5__planned_runs__cifar10_cnn.json,results/contest_at_scale/plan_suite/results/cifar/out_remove/cifar-out-remove/cifar-out-remove__non-iid__metric-privacy__fedavg__clients-2__seed-43__nm0p01__clip5__rounds-20__epochs-5__planned_runs__cifar10_cnn.json,0.6411565287423753,1.039787691118625
cifar,43,5,1.077430894287924,1.1026592343114316,0.015468896200235373,0.022672462372848617,1,results/contest_at_scale/plan_suite/results/cifar/in_remove/cifar-in-remove/cifar-in-remove__non-iid__metric-privacy__fedavg__clients-3__seed-43__nm0p01__clip5__rounds-20__epochs-5__planned_runs__cifar10_cnn.json,results/contest_at_scale/plan_suite/results/cifar/out_remove/cifar-out-remove/cifar-out-remove__non-iid__metric-privacy__fedavg__clients-2__seed-43__nm0p01__clip5__rounds-20__epochs-5__planned_runs__cifar10_cnn.json,0.682276849591782,0.9771204564035038
cifar,43,6,1.1594189228489995,1.1520978941892583,0.014375016948759341,0.021699544913752946,1,results/contest_at_scale/plan_suite/results/cifar/in_remove/cifar-in-remove/cifar-in-remove__non-iid__metric-privacy__fedavg__clients-3__seed-43__nm0p01__clip5__rounds-20__epochs-5__planned_runs__cifar10_cnn.json,results/contest_at_scale/plan_suite/results/cifar/out_remove/cifar-out-remove/cifar-out-remove__non-iid__metric-privacy__fedavg__clients-2__seed-43__nm0p01__clip5__rounds-20__epochs-5__planned_runs__cifar10_cnn.json,0.6624570702240213,1.006354519608677
cifar,43,7,1.1833538205052416,1.0896020606160164,0.014084263199953767,0.022944156315073436,1,results/contest_at_scale/plan_suite/results/cifar/in_remove/cifar-in-remove/cifar-in-remove__non-iid__metric-privacy__fedavg__clients-3__seed-43__nm0p01__clip5__rounds-20__epochs-5__planned_runs__cifar10_cnn.json,results/contest_at_scale/plan_suite/results/cifar/out_remove/cifar-out-remove/cifar-out-remove__non-iid__metric-privacy__fedavg__clients-2__seed-43__nm0p01__clip5__rounds-20__epochs-5__planned_runs__cifar10_cnn.json,0.613849688197118,1.0860422013484645
cifar,43,8,1.1997585631906986,1.0294136214070022,0.013891683858744454,0.024285670482803605,1,results/contest_at_scale/plan_suite/results/cifar/in_remove/cifar-in-remove/cifar-in-remove__non-iid__metric-privacy__fedavg__clients-3__seed-43__nm0p01__clip5__rounds-20__epochs-5__planned_runs__cifar10_cnn.json,results/contest_at_scale/plan_suite/results/cifar/out_remove/cifar-out-remove/cifar-out-remove__non-iid__metric-privacy__fedavg__clients-2__seed-43__nm0p01__clip5__rounds-20__epochs-5__planned_runs__cifar10_cnn.json,0.5720115435388531,1.1654776449828486
cifar,43,9,1.2071982695100207,1.0410801518398027,0.01380607236409588,0.02401352091461917,1,results/contest_at_scale/plan_suite/results/cifar/in_remove/cifar-in-remove/cifar-in-remove__non-iid__metric-privacy__fedavg__clients-3__seed-43__nm0p01__clip5__rounds-20__epochs-5__planned_runs__cifar10_cnn.json,results/contest_at_scale/plan_suite/results/cifar/out_remove/cifar-out-remove/cifar-out-remove__non-iid__metric-privacy__fedavg__clients-2__seed-43__nm0p01__clip5__rounds-20__epochs-5__planned_runs__cifar10_cnn.json,0.5749291165249696,1.159563235718838
cifar,43,10,1.1730298271092277,0.9622329800234487,0.0142082206960921,0.025981233774995713,1,results/contest_at_scale/plan_suite/results/cifar/in_remove/cifar-in-remove/cifar-in-remove__non-iid__metric-privacy__fedavg__clients-3__seed-43__nm0p01__clip5__rounds-20__epochs-5__planned_runs__cifar10_cnn.json,results/contest_at_scale/plan_suite/results/cifar/out_remove/cifar-out-remove/cifar-out-remove__non-iid__metric-privacy__fedavg__clients-2__seed-43__nm0p01__clip5__rounds-20__epochs-5__planned_runs__cifar10_cnn.json,0.5468647416492616,1.219070486526706
cifar,43,11,1.1056403376472492,0.9814688227294633,0.015074220882834785,0.02547202664112655,1,results/contest_at_scale/plan_suite/results/cifar/in_remove/cifar-in-remove/cifar-in-remove__non-iid__metric-privacy__fedavg__clients-3__seed-43__nm0p01__clip5__rounds-20__epochs-5__planned_runs__cifar10_cnn.json,results/contest_at_scale/plan_suite/results/cifar/out_remove/cifar-out-remove/cifar-out-remove__non-iid__metric-privacy__fedavg__clients-2__seed-43__nm0p01__clip5__rounds-20__epochs-5__planned_runs__cifar10_cnn.json,0.5917951129375899,1.1265160054421954
cifar,43,12,1.05262080541191,0.9755293258931488,0.01583349538692112,0.025627112723762738,1,results/contest_at_scale/plan_suite/results/cifar/in_remove/cifar-in-remove/cifar-in-remove__non-iid__metric-privacy__fedavg__clients-3__seed-43__nm0p01__clip5__rounds-20__epochs-5__planned_runs__cifar10_cnn.json,results/contest_at_scale/plan_suite/results/cifar/out_remove/cifar-out-remove/cifar-out-remove__non-iid__metric-privacy__fedavg__clients-2__seed-43__nm0p01__clip5__rounds-20__epochs-5__planned_runs__cifar10_cnn.json,0.6178415632534177,1.0790252814267576
cifar,43,13,1.0533157280102994,1.005808155440415,0.015823049275215703,0.02485563461061141,1,results/contest_at_scale/plan_suite/results/cifar/in_remove/cifar-in-remove/cifar-in-remove__non-iid__metric-privacy__fedavg__clients-3__seed-43__nm0p01__clip5__rounds-20__epochs-5__planned_runs__cifar10_cnn.json,results/contest_at_scale/plan_suite/results/cifar/out_remove/cifar-out-remove/cifar-out-remove__non-iid__metric-privacy__fedavg__clients-2__seed-43__nm0p01__clip5__rounds-20__epochs-5__planned_runs__cifar10_cnn.json,0.6365980801979001,1.047233234601366
cifar,43,14,1.0064983319801588,1.0323207333373527,0.01655906039494084,0.024217279758761014,1,results/contest_at_scale/plan_suite/results/cifar/in_remove/cifar-in-remove/cifar-in-remove__non-iid__metric-privacy__fedavg__clients-3__seed-43__nm0p01__clip5__rounds-20__epochs-5__planned_runs__cifar10_cnn.json,results/contest_at_scale/plan_suite/results/cifar/out_remove/cifar-out-remove/cifar-out-remove__non-iid__metric-privacy__fedavg__clients-2__seed-43__nm0p01__clip5__rounds-20__epochs-5__planned_runs__cifar10_cnn.json,0.6837704548113137,0.974986067291593
cifar,43,15,0.9959522346810749,1.0579308631519477,0.016734403605212743,0.0236310338139831,1,results/contest_at_scale/plan_suite/results/cifar/in_remove/cifar-in-remove/cifar-in-remove__non-iid__metric-privacy__fedavg__clients-3__seed-43__nm0p01__clip5__rounds-20__epochs-5__planned_runs__cifar10_cnn.json,results/contest_at_scale/plan_suite/results/cifar/out_remove/cifar-out-remove/cifar-out-remove__non-iid__metric-privacy__fedavg__clients-2__seed-43__nm0p01__clip5__rounds-20__epochs-5__planned_runs__cifar10_cnn.json,0.7081536820158312,0.9414152373944203
cifar,43,16,1.0407980005256832,1.060083671240136,0.01601335384795966,0.023583044129671216,0,results/contest_at_scale/plan_suite/results/cifar/in_remove/cifar-in-remove/cifar-in-remove__non-iid__metric-privacy__fedavg__clients-3__seed-43__nm0p01__clip5__rounds-20__epochs-5__planned_runs__cifar10_cnn.json,results/contest_at_scale/plan_suite/results/cifar/out_remove/cifar-out-remove/cifar-out-remove__non-iid__metric-privacy__fedavg__clients-2__seed-43__nm0p01__clip5__rounds-20__epochs-5__planned_runs__cifar10_cnn.json,0.6790197974404973,0.98180740705883
cifar,43,17,1.05683890877602,1.0354763662132125,0.01577030002232715,0.024143477162522037,1,results/contest_at_scale/plan_suite/results/cifar/in_remove/cifar-in-remove/cifar-in-remove__non-iid__metric-privacy__fedavg__clients-3__seed-43__nm0p01__clip5__rounds-20__epochs-5__planned_runs__cifar10_cnn.json,results/contest_at_scale/plan_suite/results/cifar/out_remove/cifar-out-remove/cifar-out-remove__non-iid__metric-privacy__fedavg__clients-2__seed-43__nm0p01__clip5__rounds-20__epochs-5__planned_runs__cifar10_cnn.json,0.6531909184484584,1.0206306423399418
cifar,43,18,1.0198664578298728,0.9937600897004207,0.016342008837246107,0.025156977281646023,1,results/contest_at_scale/plan_suite/results/cifar/in_remove/cifar-in-remove/cifar-in-remove__non-iid__metric-privacy__fedavg__clients-3__seed-43__nm0p01__clip5__rounds-20__epochs-5__planned_runs__cifar10_cnn.json,results/contest_at_scale/plan_suite/results/cifar/out_remove/cifar-out-remove/cifar-out-remove__non-iid__metric-privacy__fedavg__clients-2__seed-43__nm0p01__clip5__rounds-20__epochs-5__planned_runs__cifar10_cnn.json,0.6496014467194704,1.0262702923975566
cifar,43,19,1.1303876388507585,1.0656295951145391,0.0147442046372794,0.02346030939325862,1,results/contest_at_scale/plan_suite/results/cifar/in_remove/cifar-in-remove/cifar-in-remove__non-iid__metric-privacy__fedavg__clients-3__seed-43__nm0p01__clip5__rounds-20__epochs-5__planned_runs__cifar10_cnn.json,results/contest_at_scale/plan_suite/results/cifar/out_remove/cifar-out-remove/cifar-out-remove__non-iid__metric-privacy__fedavg__clients-2__seed-43__nm0p01__clip5__rounds-20__epochs-5__planned_runs__cifar10_cnn.json,0.6284744327163982,1.0607697496701551
cifar,43,20,1.0710446254815906,1.0944187950032453,0.015561131880170326,0.0228431749474166,1,results/contest_at_scale/plan_suite/results/cifar/in_remove/cifar-in-remove/cifar-in-remove__non-iid__metric-privacy__fedavg__clients-3__seed-43__nm0p01__clip5__rounds-20__epochs-5__planned_runs__cifar10_cnn.json,results/contest_at_scale/plan_suite/results/cifar/out_remove/cifar-out-remove/cifar-out-remove__non-iid__metric-privacy__fedavg__clients-2__seed-43__nm0p01__clip5__rounds-20__epochs-5__planned_runs__cifar10_cnn.json,0.6812158080473038,0.9786423902546507
cifar,44,1,1.089715626090765,0.6914739523393413,0.015294510115869861,0.036154651835288855,1,results/contest_at_scale/plan_suite/results/cifar/in_remove/cifar-in-remove/cifar-in-remove__non-iid__metric-privacy__fedavg__clients-3__seed-44__nm0p01__clip5__rounds-20__epochs-5__planned_runs__cifar10_cnn.json,results/contest_at_scale/plan_suite/results/cifar/out_remove/cifar-out-remove/cifar-out-remove__non-iid__metric-privacy__fedavg__clients-2__seed-44__nm0p01__clip5__rounds-20__epochs-5__planned_runs__cifar10_cnn.json,0.4230302143565827,1.5759315624314165
cifar,44,2,1.0427149295186002,1.2425144044682384,0.015983914869581197,0.0201204910865394,1,results/contest_at_scale/plan_suite/results/cifar/in_remove/cifar-in-remove/cifar-in-remove__non-iid__metric-privacy__fedavg__clients-3__seed-44__nm0p01__clip5__rounds-20__epochs-5__planned_runs__cifar10_cnn.json,results/contest_at_scale/plan_suite/results/cifar/out_remove/cifar-out-remove/cifar-out-remove__non-iid__metric-privacy__fedavg__clients-2__seed-44__nm0p01__clip5__rounds-20__epochs-5__planned_runs__cifar10_cnn.json,0.794409778609948,0.8391974578072222
cifar,44,3,1.0525761718551319,1.0730695370584726,0.01583416679221628,0.023297651397812185,1,results/contest_at_scale/plan_suite/results/cifar/in_remove/cifar-in-remove/cifar-in-remove__non-iid__metric-privacy__fedavg__clients-3__seed-44__nm0p01__clip5__rounds-20__epochs-5__planned_runs__cifar10_cnn.json,results/contest_at_scale/plan_suite/results/cifar/out_remove/cifar-out-remove/cifar-out-remove__non-iid__metric-privacy__fedavg__clients-2__seed-44__nm0p01__clip5__rounds-20__epochs-5__planned_runs__cifar10_cnn.json,0.6796464811772065,0.9809021088609805
cifar,44,4,1.1058832140018542,1.1615594668934743,0.015070910251323085,0.021522789588088072,1,results/contest_at_scale/plan_suite/results/cifar/in_remove/cifar-in-remove/cifar-in-remove__non-iid__metric-privacy__fedavg__clients-3__seed-44__nm0p01__clip5__rounds-20__epochs-5__planned_runs__cifar10_cnn.json,results/contest_at_scale/plan_suite/results/cifar/out_remove/cifar-out-remove/cifar-out-remove__non-iid__metric-privacy__fedavg__clients-2__seed-44__nm0p01__clip5__rounds-20__epochs-5__planned_runs__cifar10_cnn.json,0.7002303390850496,0.9520676689584192
cifar,44,5,1.1083136190039415,1.1692424553136032,0.01503786146889114,0.021381365247548027,1,results/contest_at_scale/plan_suite/results/cifar/in_remove/cifar-in-remove/cifar-in-remove__non-iid__metric-privacy__fedavg__clients-3__seed-44__nm0p01__clip5__rounds-20__epochs-5__planned_runs__cifar10_cnn.json,results/contest_at_scale/plan_suite/results/cifar/out_remove/cifar-out-remove/cifar-out-remove__non-iid__metric-privacy__fedavg__clients-2__seed-44__nm0p01__clip5__rounds-20__epochs-5__planned_runs__cifar10_cnn.json,0.7033162426620841,0.9478903318702023
cifar,44,6,1.2273243363015354,1.1245137716953952,0.01357967586374977,0.022231830884835015,1,results/contest_at_scale/plan_suite/results/cifar/in_remove/cifar-in-remove/cifar-in-remove__non-iid__metric-privacy__fedavg__clients-3__seed-44__nm0p01__clip5__rounds-20__epochs-5__planned_runs__cifar10_cnn.json,results/contest_at_scale/plan_suite/results/cifar/out_remove/cifar-out-remove/cifar-out-remove__non-iid__metric-privacy__fedavg__clients-2__seed-44__nm0p01__clip5__rounds-20__epochs-5__planned_runs__cifar10_cnn.json,0.6108213009578471,1.0914266834199244
cifar,44,7,1.195209588079403,1.080415209600081,0.013944555693741164,0.023139252185512854,1,results/contest_at_scale/plan_suite/results/cifar/in_remove/cifar-in-remove/cifar-in-remove__non-iid__metric-privacy__fedavg__clients-3__seed-44__nm0p01__clip5__rounds-20__epochs-5__planned_runs__cifar10_cnn.json,results/contest_at_scale/plan_suite/results/cifar/out_remove/cifar-out-remove/cifar-out-remove__non-iid__metric-privacy__fedavg__clients-2__seed-44__nm0p01__clip5__rounds-20__epochs-5__planned_runs__cifar10_cnn.json,0.6026364025053345,1.1062502429244896
cifar,44,8,1.2453533418787022,0.9911528268518547,0.013383082620972327,0.025223153607306106,1,results/contest_at_scale/plan_suite/results/cifar/in_remove/cifar-in-remove/cifar-in-remove__non-iid__metric-privacy__fedavg__clients-3__seed-44__nm0p01__clip5__rounds-20__epochs-5__planned_runs__cifar10_cnn.json,results/contest_at_scale/plan_suite/results/cifar/out_remove/cifar-out-remove/cifar-out-remove__non-iid__metric-privacy__fedavg__clients-2__seed-44__nm0p01__clip5__rounds-20__epochs-5__planned_runs__cifar10_cnn.json,0.5305872068707459,1.2564695455031398
cifar,44,9,1.1772481711426128,0.9111662259480605,0.014157309457096326,0.027437364652083893,1,results/contest_at_scale/plan_suite/results/cifar/in_remove/cifar-in-remove/cifar-in-remove__non-iid__metric-privacy__fedavg__clients-3__seed-44__nm0p01__clip5__rounds-20__epochs-5__planned_runs__cifar10_cnn.json,results/contest_at_scale/plan_suite/results/cifar/out_remove/cifar-out-remove/cifar-out-remove__non-iid__metric-privacy__fedavg__clients-2__seed-44__nm0p01__clip5__rounds-20__epochs-5__planned_runs__cifar10_cnn.json,0.5159864891040498,1.2920234943055493
cifar,44,10,1.1473007523454726,0.9231903702020645,0.014526850638417466,0.0270800051722031,1,results/contest_at_scale/plan_suite/results/cifar/in_remove/cifar-in-remove/cifar-in-remove__non-iid__metric-privacy__fedavg__clients-3__seed-44__nm0p01__clip5__rounds-20__epochs-5__planned_runs__cifar10_cnn.json,results/contest_at_scale/plan_suite/results/cifar/out_remove/cifar-out-remove/cifar-out-remove__non-iid__metric-privacy__fedavg__clients-2__seed-44__nm0p01__clip5__rounds-20__epochs-5__planned_runs__cifar10_cnn.json,0.5364419447500287,1.2427564123035162
cifar,44,11,1.1425207240584616,0.9818137173230449,0.014587627441420352,0.025463078747935526,1,results/contest_at_scale/plan_suite/results/cifar/in_remove/cifar-in-remove/cifar-in-remove__non-iid__metric-privacy__fedavg__clients-3__seed-44__nm0p01__clip5__rounds-20__epochs-5__planned_runs__cifar10_cnn.json,results/contest_at_scale/plan_suite/results/cifar/out_remove/cifar-out-remove/cifar-out-remove__non-iid__metric-privacy__fedavg__clients-2__seed-44__nm0p01__clip5__rounds-20__epochs-5__planned_runs__cifar10_cnn.json,0.5728933090073829,1.1636838067139568
cifar,44,12,1.1107180117008586,1.0027715779530506,0.015005308720207715,0.024930902061496694,1,results/contest_at_scale/plan_suite/results/cifar/in_remove/cifar-in-remove/cifar-in-remove__non-iid__metric-privacy__fedavg__clients-3__seed-44__nm0p01__clip5__rounds-20__epochs-5__planned_runs__cifar10_cnn.json,results/contest_at_scale/plan_suite/results/cifar/out_remove/cifar-out-remove/cifar-out-remove__non-iid__metric-privacy__fedavg__clients-2__seed-44__nm0p01__clip5__rounds-20__epochs-5__planned_runs__cifar10_cnn.json,0.6018758841214144,1.1076480787061778
cifar,44,13,1.0599009108264,0.9678366851682464,0.015724740394525885,0.025830804290761164,1,results/contest_at_scale/plan_suite/results/cifar/in_remove/cifar-in-remove/cifar-in-remove__non-iid__metric-privacy__fedavg__clients-3__seed-44__nm0p01__clip5__rounds-20__epochs-5__planned_runs__cifar10_cnn.json,results/contest_at_scale/plan_suite/results/cifar/out_remove/cifar-out-remove/cifar-out-remove__non-iid__metric-privacy__fedavg__clients-2__seed-44__nm0p01__clip5__rounds-20__epochs-5__planned_runs__cifar10_cnn.json,0.6087592247427662,1.0951237198062493
cifar,44,14,1.0297255610736709,1.0454796348543216,0.016185542339347894,0.023912469613512396,1,results/contest_at_scale/plan_suite/results/cifar/in_remove/cifar-in-remove/cifar-in-remove__non-iid__metric-privacy__fedavg__clients-3__seed-44__nm0p01__clip5__rounds-20__epochs-5__planned_runs__cifar10_cnn.json,results/contest_at_scale/plan_suite/results/cifar/out_remove/cifar-out-remove/cifar-out-remove__non-iid__metric-privacy__fedavg__clients-2__seed-44__nm0p01__clip5__rounds-20__epochs-5__planned_runs__cifar10_cnn.json,0.676866195794424,0.9849312475772463
cifar,44,15,0.9953432047429184,1.0498470921302214,0.016744643040961342,0.0238129916131625,1,results/contest_at_scale/plan_suite/results/cifar/in_remove/cifar-in-remove/cifar-in-remove__non-iid__metric-privacy__fedavg__clients-3__seed-44__nm0p01__clip5__rounds-20__epochs-5__planned_runs__cifar10_cnn.json,results/contest_at_scale/plan_suite/results/cifar/out_remove/cifar-out-remove/cifar-out-remove__non-iid__metric-privacy__fedavg__clients-2__seed-44__nm0p01__clip5__rounds-20__epochs-5__planned_runs__cifar10_cnn.json,0.7031725922124725,0.948083975470456
cifar,44,16,1.0217299762492378,0.9966943628775576,0.0163122028853943,0.025082915015012697,1,results/contest_at_scale/plan_suite/results/cifar/in_remove/cifar-in-remove/cifar-in-remove__non-iid__metric-privacy__fedavg__clients-3__seed-44__nm0p01__clip5__rounds-20__epochs-5__planned_runs__cifar10_cnn.json,results/contest_at_scale/plan_suite/results/cifar/out_remove/cifar-out-remove/cifar-out-remove__non-iid__metric-privacy__fedavg__clients-2__seed-44__nm0p01__clip5__rounds-20__epochs-5__planned_runs__cifar10_cnn.json,0.6503312264795011,1.0251186465020228
cifar,44,17,1.1291605824759852,1.0138090911787003,0.014760227132725944,0.02465947506047107,1,results/contest_at_scale/plan_suite/results/cifar/in_remove/cifar-in-remove/cifar-in-remove__non-iid__metric-privacy__fedavg__clients-3__seed-44__nm0p01__clip5__rounds-20__epochs-5__planned_runs__cifar10_cnn.json,results/contest_at_scale/plan_suite/results/cifar/out_remove/cifar-out-remove/cifar-out-remove__non-iid__metric-privacy__fedavg__clients-2__seed-44__nm0p01__clip5__rounds-20__epochs-5__planned_runs__cifar10_cnn.json,0.5985620982008033,1.1137802889133417
cifar,44,18,1.135384145968904,1.0719952178187668,0.014679319528848817,0.023320999557132856,1,results/contest_at_scale/plan_suite/results/cifar/in_remove/cifar-in-remove/cifar-in-remove__non-iid__metric-privacy__fedavg__clients-3__seed-44__nm0p01__clip5__rounds-20__epochs-5__planned_runs__cifar10_cnn.json,results/contest_at_scale/plan_suite/results/cifar/out_remove/cifar-out-remove/cifar-out-remove__non-iid__metric-privacy__fedavg__clients-2__seed-44__nm0p01__clip5__rounds-20__epochs-5__planned_runs__cifar10_cnn.json,0.6294464134303825,1.059131726612659
cifar,44,19,1.1242703660391271,0.9713650260431071,0.014824429398939284,0.025736977685760897,1,results/contest_at_scale/plan_suite/results/cifar/in_remove/cifar-in-remove/cifar-in-remove__non-iid__metric-privacy__fedavg__clients-3__seed-44__nm0p01__clip5__rounds-20__epochs-5__planned_runs__cifar10_cnn.json,results/contest_at_scale/plan_suite/results/cifar/out_remove/cifar-out-remove/cifar-out-remove__non-iid__metric-privacy__fedavg__clients-2__seed-44__nm0p01__clip5__rounds-20__epochs-5__planned_runs__cifar10_cnn.json,0.5759972899669944,1.15741285294045
cifar,44,20,1.1696946234442294,0.9929514504037797,0.014248733244229816,0.025177464607996546,1,results/contest_at_scale/plan_suite/results/cifar/in_remove/cifar-in-remove/cifar-in-remove__non-iid__metric-privacy__fedavg__clients-3__seed-44__nm0p01__clip5__rounds-20__epochs-5__planned_runs__cifar10_cnn.json,results/contest_at_scale/plan_suite/results/cifar/out_remove/cifar-out-remove/cifar-out-remove__non-iid__metric-privacy__fedavg__clients-2__seed-44__nm0p01__clip5__rounds-20__epochs-5__planned_runs__cifar10_cnn.json,0.565932013650982,1.1779977993572373
fashion,42,1,1.3844466825636725,1.0522413218083482,0.012038503812804033,0.023758808442378793,1,results/contest_at_scale/plan_suite/results/fashion/in_remove/fashion-in-remove/fashion-in-remove__non-iid__metric-privacy__fedavg__clients-3__seed-42__nm0p01__clip5__rounds-20__epochs-5__planned_runs__fashion_mnist_cnn.json,results/contest_at_scale/plan_suite/results/fashion/out_remove/fashion-out-remove/fashion-out-remove__non-iid__metric-privacy__fedavg__clients-2__seed-42__nm0p01__clip5__rounds-20__epochs-5__planned_runs__fashion_mnist_cnn.json,0.5066964465831901,1.3157121411886836
fashion,42,2,0.8752388373638192,0.7691423397821685,0.019042421285675497,0.03250373657375349,1,results/contest_at_scale/plan_suite/results/fashion/in_remove/fashion-in-remove/fashion-in-remove__non-iid__metric-privacy__fedavg__clients-3__seed-42__nm0p01__clip5__rounds-20__epochs-5__planned_runs__fashion_mnist_cnn.json,results/contest_at_scale/plan_suite/results/fashion/out_remove/fashion-out-remove/fashion-out-remove__non-iid__metric-privacy__fedavg__clients-2__seed-42__nm0p01__clip5__rounds-20__epochs-5__planned_runs__fashion_mnist_cnn.json,0.5858532985112888,1.137941304351674
fashion,42,3,0.9029840333387256,0.857285571595033,0.018457321559765278,0.029161811219435254,1,results/contest_at_scale/plan_suite/results/fashion/in_remove/fashion-in-remove/fashion-in-remove__non-iid__metric-privacy__fedavg__clients-3__seed-42__nm0p01__clip5__rounds-20__epochs-5__planned_runs__fashion_mnist_cnn.json,results/contest_at_scale/plan_suite/results/fashion/out_remove/fashion-out-remove/fashion-out-remove__non-iid__metric-privacy__fedavg__clients-2__seed-42__nm0p01__clip5__rounds-20__epochs-5__planned_runs__fashion_mnist_cnn.json,0.6329278185390681,1.0533059965755258
fashion,42,4,0.9092302606441081,0.8435496824871128,0.018330523507719406,0.02963666576969156,1,results/contest_at_scale/plan_suite/results/fashion/in_remove/fashion-in-remove/fashion-in-remove__non-iid__metric-privacy__fedavg__clients-3__seed-42__nm0p01__clip5__rounds-20__epochs-5__planned_runs__fashion_mnist_cnn.json,results/contest_at_scale/plan_suite/results/fashion/out_remove/fashion-out-remove/fashion-out-remove__non-iid__metric-privacy__fedavg__clients-2__seed-42__nm0p01__clip5__rounds-20__epochs-5__planned_runs__fashion_mnist_cnn.json,0.6185082913903704,1.0778621336959588
fashion,42,5,0.9295827529082695,0.8577207434767237,0.017929190934883148,0.029147015727594372,1,results/contest_at_scale/plan_suite/results/fashion/in_remove/fashion-in-remove/fashion-in-remove__non-iid__metric-privacy__fedavg__clients-3__seed-42__nm0p01__clip5__rounds-20__epochs-5__planned_runs__fashion_mnist_cnn.json,results/contest_at_scale/plan_suite/results/fashion/out_remove/fashion-out-remove/fashion-out-remove__non-iid__metric-privacy__fedavg__clients-2__seed-42__nm0p01__clip5__rounds-20__epochs-5__planned_runs__fashion_mnist_cnn.json,0.6151295591441642,1.0837825247647122
fashion,42,6,0.9415005470315615,0.8524366005634268,0.01770223790014214,0.02932769426309944,1,results/contest_at_scale/plan_suite/results/fashion/in_remove/fashion-in-remove/fashion-in-remove__non-iid__metric-privacy__fedavg__clients-3__seed-42__nm0p01__clip5__rounds-20__epochs-5__planned_runs__fashion_mnist_cnn.json,results/contest_at_scale/plan_suite/results/fashion/out_remove/fashion-out-remove/fashion-out-remove__non-iid__metric-privacy__fedavg__clients-2__seed-42__nm0p01__clip5__rounds-20__epochs-5__planned_runs__fashion_mnist_cnn.json,0.6036014199184888,1.1044816076753003
fashion,42,7,0.9072747852963706,0.8598034903407097,0.018370031810398355,0.02907641139034384,1,results/contest_at_scale/plan_suite/results/fashion/in_remove/fashion-in-remove/fashion-in-remove__non-iid__metric-privacy__fedavg__clients-3__seed-42__nm0p01__clip5__rounds-20__epochs-5__planned_runs__fashion_mnist_cnn.json,results/contest_at_scale/plan_suite/results/fashion/out_remove/fashion-out-remove/fashion-out-remove__non-iid__metric-privacy__fedavg__clients-2__seed-42__nm0p01__clip5__rounds-20__epochs-5__planned_runs__fashion_mnist_cnn.json,0.6317846987300149,1.055211796054526
fashion,42,8,0.8491668837765852,0.7778656777615348,0.019627080359685398,0.03213922495197698,1,results/contest_at_scale/plan_suite/results/fashion/in_remove/fashion-in-remove/fashion-in-remove__non-iid__metric-privacy__fedavg__clients-3__seed-42__nm0p01__clip5__rounds-20__epochs-5__planned_runs__fashion_mnist_cnn.json,results/contest_at_scale/plan_suite/results/fashion/out_remove/fashion-out-remove/fashion-out-remove__non-iid__metric-privacy__fedavg__clients-2__seed-42__nm0p01__clip5__rounds-20__epochs-5__planned_runs__fashion_mnist_cnn.json,0.6106892866586715,1.0916626199785984
fashion,42,9,0.8888693386688828,0.7846046424626062,0.0187504123965235,0.03186318133618676,1,results/contest_at_scale/plan_suite/results/fashion/in_remove/fashion-in-remove/fashion-in-remove__non-iid__metric-privacy__fedavg__clients-3__seed-42__nm0p01__clip5__rounds-20__epochs-5__planned_runs__fashion_mnist_cnn.json,results/contest_at_scale/plan_suite/results/fashion/out_remove/fashion-out-remove/fashion-out-remove__non-iid__metric-privacy__fedavg__clients-2__seed-42__nm0p01__clip5__rounds-20__epochs-5__planned_runs__fashion_mnist_cnn.json,0.5884664245760295,1.1328881968873206
fashion,42,10,0.8703566816014549,0.8062680612783879,0.0191492373402592,0.031007057330735582,1,results/contest_at_scale/plan_suite/results/fashion/in_remove/fashion-in-remove/fashion-in-remove__non-iid__metric-privacy__fedavg__clients-3__seed-42__nm0p01__clip5__rounds-20__epochs-5__planned_runs__fashion_mnist_cnn.json,results/contest_at_scale/plan_suite/results/fashion/out_remove/fashion-out-remove/fashion-out-remove__non-iid__metric-privacy__fedavg__clients-2__seed-42__nm0p01__clip5__rounds-20__epochs-5__planned_runs__fashion_mnist_cnn.json,0.6175767386116198,1.0794879809842033
fashion,42,11,0.8785193505076071,0.8610216355882585,0.01897131424257951,0.02903527503454632,1,results/contest_at_scale/plan_suite/results/fashion/in_remove/fashion-in-remove/fashion-in-remove__non-iid__metric-privacy__fedavg__clients-3__seed-42__nm0p01__clip5__rounds-20__epochs-5__planned_runs__fashion_mnist_cnn.json,results/contest_at_scale/plan_suite/results/fashion/out_remove/fashion-out-remove/fashion-out-remove__non-iid__metric-privacy__fedavg__clients-2__seed-42__nm0p01__clip5__rounds-20__epochs-5__planned_runs__fashion_mnist_cnn.json,0.6533884807361854,1.020322038606375
fashion,42,12,0.9582051490433514,0.8420373795864483,0.01739363087675563,0.029689893353996123,1,results/contest_at_scale/plan_suite/results/fashion/in_remove/fashion-in-remove/fashion-in-remove__non-iid__metric-privacy__fedavg__clients-3__seed-42__nm0p01__clip5__rounds-20__epochs-5__planned_runs__fashion_mnist_cnn.json,results/contest_at_scale/plan_suite/results/fashion/out_remove/fashion-out-remove/fashion-out-remove__non-iid__metric-privacy__fedavg__clients-2__seed-42__nm0p01__clip5__rounds-20__epochs-5__planned_runs__fashion_mnist_cnn.json,0.5858434945982899,1.1379603474538824
fashion,42,13,0.8162184921093285,0.8090964945343634,0.02041936911230167,0.03089866309998976,0,results/contest_at_scale/plan_suite/results/fashion/in_remove/fashion-in-remove/fashion-in-remove__non-iid__metric-privacy__fedavg__clients-3__seed-42__nm0p01__clip5__rounds-20__epochs-5__planned_runs__fashion_mnist_cnn.json,results/contest_at_scale/plan_suite/results/fashion/out_remove/fashion-out-remove/fashion-out-remove__non-iid__metric-privacy__fedavg__clients-2__seed-42__nm0p01__clip5__rounds-20__epochs-5__planned_runs__fashion_mnist_cnn.json,0.6608495987746615,1.0088024081467117
fashion,42,14,0.8747694212943316,0.8306188441347331,0.019052639771068167,0.03009804096852972,1,results/contest_at_scale/plan_suite/results/fashion/in_remove/fashion-in-remove/fashion-in-remove__non-iid__metric-privacy__fedavg__clients-3__seed-42__nm0p01__clip5__rounds-20__epochs-5__planned_runs__fashion_mnist_cnn.json,results/contest_at_scale/plan_suite/results/fashion/out_remove/fashion-out-remove/fashion-out-remove__non-iid__metric-privacy__fedavg__clients-2__seed-42__nm0p01__clip5__rounds-20__epochs-5__planned_runs__fashion_mnist_cnn.json,0.6330192649744035,1.053153835205353
fashion,42,15,0.7875525319638351,0.7829228102539977,0.02116260946442111,0.03193162808973395,1,results/contest_at_scale/plan_suite/results/fashion/in_remove/fashion-in-remove/fashion-in-remove__non-iid__metric-privacy__fedavg__clients-3__seed-42__nm0p01__clip5__rounds-20__epochs-5__planned_runs__fashion_mnist_cnn.json,results/contest_at_scale/plan_suite/results/fashion/out_remove/fashion-out-remove/fashion-out-remove__non-iid__metric-privacy__fedavg__clients-2__seed-42__nm0p01__clip5__rounds-20__epochs-5__planned_runs__fashion_mnist_cnn.json,0.6627475869676971,1.0059133820719
fashion,42,16,0.8388842108349005,0.8904041075147688,0.019867660460648254,0.028077139120323898,1,results/contest_at_scale/plan_suite/results/fashion/in_remove/fashion-in-remove/fashion-in-remove__non-iid__metric-privacy__fedavg__clients-3__seed-42__nm0p01__clip5__rounds-20__epochs-5__planned_runs__fashion_mnist_cnn.json,results/contest_at_scale/plan_suite/results/fashion/out_remove/fashion-out-remove/fashion-out-remove__non-iid__metric-privacy__fedavg__clients-2__seed-42__nm0p01__clip5__rounds-20__epochs-5__planned_runs__fashion_mnist_cnn.json,0.7076098592347988,0.942138747738185
fashion,42,17,0.8980933932277063,0.8956123617632935,0.018557832395100286,0.027913862143192917,1,results/contest_at_scale/plan_suite/results/fashion/in_remove/fashion-in-remove/fashion-in-remove__non-iid__metric-privacy__fedavg__clients-3__seed-42__nm0p01__clip5__rounds-20__epochs-5__planned_runs__fashion_mnist_cnn.json,results/contest_at_scale/plan_suite/results/fashion/out_remove/fashion-out-remove/fashion-out-remove__non-iid__metric-privacy__fedavg__clients-2__seed-42__nm0p01__clip5__rounds-20__epochs-5__planned_runs__fashion_mnist_cnn.json,0.664824964023325,1.0027702068108217
fashion,42,18,0.9142888138691584,0.8944637120390931,0.018229104866913304,0.027949708482871757,1,results/contest_at_scale/plan_suite/results/fashion/in_remove/fashion-in-remove/fashion-in-remove__non-iid__metric-privacy__fedavg__clients-3__seed-42__nm0p01__clip5__rounds-20__epochs-5__planned_runs__fashion_mnist_cnn.json,results/contest_at_scale/plan_suite/results/fashion/out_remove/fashion-out-remove/fashion-out-remove__non-iid__metric-privacy__fedavg__clients-2__seed-42__nm0p01__clip5__rounds-20__epochs-5__planned_runs__fashion_mnist_cnn.json,0.6522109122563668,1.0221642326717428
fashion,42,19,0.9863349871399502,0.972152889939025,0.016897572208195277,0.025716119613210263,1,results/contest_at_scale/plan_suite/results/fashion/in_remove/fashion-in-remove/fashion-in-remove__non-iid__metric-privacy__fedavg__clients-3__seed-42__nm0p01__clip5__rounds-20__epochs-5__planned_runs__fashion_mnist_cnn.json,results/contest_at_scale/plan_suite/results/fashion/out_remove/fashion-out-remove/fashion-out-remove__non-iid__metric-privacy__fedavg__clients-2__seed-42__nm0p01__clip5__rounds-20__epochs-5__planned_runs__fashion_mnist_cnn.json,0.6570809462060156,1.0145883403194065
fashion,42,20,0.9559347586085399,0.9505106277453402,0.017434941575852615,0.02630165225958733,1,results/contest_at_scale/plan_suite/results/fashion/in_remove/fashion-in-remove/fashion-in-remove__non-iid__metric-privacy__fedavg__clients-3__seed-42__nm0p01__clip5__rounds-20__epochs-5__planned_runs__fashion_mnist_cnn.json,results/contest_at_scale/plan_suite/results/fashion/out_remove/fashion-out-remove/fashion-out-remove__non-iid__metric-privacy__fedavg__clients-2__seed-42__nm0p01__clip5__rounds-20__epochs-5__planned_runs__fashion_mnist_cnn.json,0.66288389047868,1.005706544150975
fashion,43,1,1.392870395599554,0.8728562801455458,0.011965698114714101,0.02864159950345014,1,results/contest_at_scale/plan_suite/results/fashion/in_remove/fashion-in-remove/fashion-in-remove__non-iid__metric-privacy__fedavg__clients-3__seed-43__nm0p01__clip5__rounds-20__epochs-5__planned_runs__fashion_mnist_cnn.json,results/contest_at_scale/plan_suite/results/fashion/out_remove/fashion-out-remove/fashion-out-remove__non-iid__metric-privacy__fedavg__clients-2__seed-43__nm0p01__clip5__rounds-20__epochs-5__planned_runs__fashion_mnist_cnn.json,0.4177733898301568,1.5957614412389833
fashion,43,2,0.8540999575828513,0.7120053650966535,0.019513719112964515,0.03511209497221456,1,results/contest_at_scale/plan_suite/results/fashion/in_remove/fashion-in-remove/fashion-in-remove__non-iid__metric-privacy__fedavg__clients-3__seed-43__nm0p01__clip5__rounds-20__epochs-5__planned_runs__fashion_mnist_cnn.json,results/contest_at_scale/plan_suite/results/fashion/out_remove/fashion-out-remove/fashion-out-remove__non-iid__metric-privacy__fedavg__clients-2__seed-43__nm0p01__clip5__rounds-20__epochs-5__planned_runs__fashion_mnist_cnn.json,0.5557549080567937,1.1995695530565402
fashion,43,3,0.8304052295473715,0.7319761528633535,0.02007052228675289,0.034154118139238125,1,results/contest_at_scale/plan_suite/results/fashion/in_remove/fashion-in-remove/fashion-in-remove__non-iid__metric-privacy__fedavg__clients-3__seed-43__nm0p01__clip5__rounds-20__epochs-5__planned_runs__fashion_mnist_cnn.json,results/contest_at_scale/plan_suite/results/fashion/out_remove/fashion-out-remove/fashion-out-remove__non-iid__metric-privacy__fedavg__clients-2__seed-43__nm0p01__clip5__rounds-20__epochs-5__planned_runs__fashion_mnist_cnn.json,0.587645747576623,1.1344703325360832
fashion,43,4,0.912195922806859,0.7723347372375429,0.018270928700692662,0.032369384406324954,1,results/contest_at_scale/plan_suite/results/fashion/in_remove/fashion-in-remove/fashion-in-remove__non-iid__metric-privacy__fedavg__clients-3__seed-43__nm0p01__clip5__rounds-20__epochs-5__planned_runs__fashion_mnist_cnn.json,results/contest_at_scale/plan_suite/results/fashion/out_remove/fashion-out-remove/fashion-out-remove__non-iid__metric-privacy__fedavg__clients-2__seed-43__nm0p01__clip5__rounds-20__epochs-5__planned_runs__fashion_mnist_cnn.json,0.5644509166854139,1.1810888191687017
fashion,43,5,0.8709646666732928,0.8455477654933929,0.01913587003514862,0.029566632448507546,1,results/contest_at_scale/plan_suite/results/fashion/in_remove/fashion-in-remove/fashion-in-remove__non-iid__metric-privacy__fedavg__clients-3__seed-43__nm0p01__clip5__rounds-20__epochs-5__planned_runs__fashion_mnist_cnn.json,results/contest_at_scale/plan_suite/results/fashion/out_remove/fashion-out-remove/fashion-out-remove__non-iid__metric-privacy__fedavg__clients-2__seed-43__nm0p01__clip5__rounds-20__epochs-5__planned_runs__fashion_mnist_cnn.json,0.6472116859596756,1.0300596870066454
fashion,43,6,0.9054998201318085,0.8310846279685696,0.01840604083636438,0.030081172432593065,1,results/contest_at_scale/plan_suite/results/fashion/in_remove/fashion-in-remove/fashion-in-remove__non-iid__metric-privacy__fedavg__clients-3__seed-43__nm0p01__clip5__rounds-20__epochs-5__planned_runs__fashion_mnist_cnn.json,results/contest_at_scale/plan_suite/results/fashion/out_remove/fashion-out-remove/fashion-out-remove__non-iid__metric-privacy__fedavg__clients-2__seed-43__nm0p01__clip5__rounds-20__epochs-5__planned_runs__fashion_mnist_cnn.json,0.6118791040345676,1.0895398490826775
fashion,43,7,0.9017989421263337,0.8185872767741481,0.018481577087869128,0.030540420929236617,1,results/contest_at_scale/plan_suite/results/fashion/in_remove/fashion-in-remove/fashion-in-remove__non-iid__metric-privacy__fedavg__clients-3__seed-43__nm0p01__clip5__rounds-20__epochs-5__planned_runs__fashion_mnist_cnn.json,results/contest_at_scale/plan_suite/results/fashion/out_remove/fashion-out-remove/fashion-out-remove__non-iid__metric-privacy__fedavg__clients-2__seed-43__nm0p01__clip5__rounds-20__epochs-5__planned_runs__fashion_mnist_cnn.json,0.6051513543540112,1.101652771443141
fashion,43,8,0.8569217248198887,0.8967602810201546,0.019449462166652075,0.027878130342213637,1,results/contest_at_scale/plan_suite/results/fashion/in_remove/fashion-in-remove/fashion-in-remove__non-iid__metric-privacy__fedavg__clients-3__seed-43__nm0p01__clip5__rounds-20__epochs-5__planned_runs__fashion_mnist_cnn.json,results/contest_at_scale/plan_suite/results/fashion/out_remove/fashion-out-remove/fashion-out-remove__non-iid__metric-privacy__fedavg__clients-2__seed-43__nm0p01__clip5__rounds-20__epochs-5__planned_runs__fashion_mnist_cnn.json,0.6976602063303112,0.9555750215041354
fashion,43,9,0.8725332291796803,0.9016012007681032,0.019101469272793173,0.027728445768153025,1,results/contest_at_scale/plan_suite/results/fashion/in_remove/fashion-in-remove/fashion-in-remove__non-iid__metric-privacy__fedavg__clients-3__seed-43__nm0p01__clip5__rounds-20__epochs-5__planned_runs__fashion_mnist_cnn.json,results/contest_at_scale/plan_suite/results/fashion/out_remove/fashion-out-remove/fashion-out-remove__non-iid__metric-privacy__fedavg__clients-2__seed-43__nm0p01__clip5__rounds-20__epochs-5__planned_runs__fashion_mnist_cnn.json,0.6888763053114142,0.9677596130488081
fashion,43,10,0.8495214573728541,0.893182555368791,0.01961888840125163,0.027989798781591316,1,results/contest_at_scale/plan_suite/results/fashion/in_remove/fashion-in-remove/fashion-in-remove__non-iid__metric-privacy__fedavg__clients-3__seed-43__nm0p01__clip5__rounds-20__epochs-5__planned_runs__fashion_mnist_cnn.json,results/contest_at_scale/plan_suite/results/fashion/out_remove/fashion-out-remove/fashion-out-remove__non-iid__metric-privacy__fedavg__clients-2__seed-43__nm0p01__clip5__rounds-20__epochs-5__planned_runs__fashion_mnist_cnn.json,0.7009299550290025,0.9511173861004155
fashion,43,11,0.869597204340001,0.9366890862584114,0.019165961646939955,0.026689752626308558,1,results/contest_at_scale/plan_suite/results/fashion/in_remove/fashion-in-remove/fashion-in-remove__non-iid__metric-privacy__fedavg__clients-3__seed-43__nm0p01__clip5__rounds-20__epochs-5__planned_runs__fashion_mnist_cnn.json,results/contest_at_scale/plan_suite/results/fashion/out_remove/fashion-out-remove/fashion-out-remove__non-iid__metric-privacy__fedavg__clients-2__seed-43__nm0p01__clip5__rounds-20__epochs-5__planned_runs__fashion_mnist_cnn.json,0.7181018840934378,0.9283733707345648
fashion,43,12,0.8466925979591906,0.7753817241173238,0.019684436484786627,0.032242183717264436,1,results/contest_at_scale/plan_suite/results/fashion/in_remove/fashion-in-remove/fashion-in-remove__non-iid__metric-privacy__fedavg__clients-3__seed-43__nm0p01__clip5__rounds-20__epochs-5__planned_runs__fashion_mnist_cnn.json,results/contest_at_scale/plan_suite/results/fashion/out_remove/fashion-out-remove/fashion-out-remove__non-iid__metric-privacy__fedavg__clients-2__seed-43__nm0p01__clip5__rounds-20__epochs-5__planned_runs__fashion_mnist_cnn.json,0.6105180919940723,1.0919687318179254
fashion,43,13,0.9302175223516921,0.8935102967855831,0.017916956266886375,0.027979532065761165,1,results/contest_at_scale/plan_suite/results/fashion/in_remove/fashion-in-remove/fashion-in-remove__non-iid__metric-privacy__fedavg__clients-3__seed-43__nm0p01__clip5__rounds-20__epochs-5__planned_runs__fashion_mnist_cnn.json,results/contest_at_scale/plan_suite/results/fashion/out_remove/fashion-out-remove/fashion-out-remove__non-iid__metric-privacy__fedavg__clients-2__seed-43__nm0p01__clip5__rounds-20__epochs-5__planned_runs__fashion_mnist_cnn.json,0.6403593964607984,1.0410820397908829
fashion,43,14,0.9577692463062704,0.9095405614934862,0.01740154711684811,0.027486404739277857,1,results/contest_at_scale/plan_suite/results/fashion/in_remove/fashion-in-remove/fashion-in-remove__non-iid__metric-privacy__fedavg__clients-3__seed-43__nm0p01__clip5__rounds-20__epochs-5__planned_runs__fashion_mnist_cnn.json,results/contest_at_scale/plan_suite/results/fashion/out_remove/fashion-out-remove/fashion-out-remove__non-iid__metric-privacy__fedavg__clients-2__seed-43__nm0p01__clip5__rounds-20__epochs-5__planned_runs__fashion_mnist_cnn.json,0.6330965174205354,1.05302532603229
fashion,43,15,0.9327615071088076,0.9221182412002236,0.017868090116976154,0.027111490569213935,1,results/contest_at_scale/plan_suite/results/fashion/in_remove/fashion-in-remove/fashion-in-remove__non-iid__metric-privacy__fedavg__clients-3__seed-43__nm0p01__clip5__rounds-20__epochs-5__planned_runs__fashion_mnist_cnn.json,results/contest_at_scale/plan_suite/results/fashion/out_remove/fashion-out-remove/fashion-out-remove__non-iid__metric-privacy__fedavg__clients-2__seed-43__nm0p01__clip5__rounds-20__epochs-5__planned_runs__fashion_mnist_cnn.json,0.6590596732909259,1.0115421921322485
fashion,43,16,0.9514533023660382,0.9723870035571357,0.017517062188150093,0.02570992815468152,0,results/contest_at_scale/plan_suite/results/fashion/in_remove/fashion-in-remove/fashion-in-remove__non-iid__metric-privacy__fedavg__clients-3__seed-43__nm0p01__clip5__rounds-20__epochs-5__planned_runs__fashion_mnist_cnn.json,results/contest_at_scale/plan_suite/results/fashion/out_remove/fashion-out-remove/fashion-out-remove__non-iid__metric-privacy__fedavg__clients-2__seed-43__nm0p01__clip5__rounds-20__epochs-5__planned_runs__fashion_mnist_cnn.json,0.6813345444903708,0.9784718418546124
fashion,43,17,0.9274434694088995,0.8334040537786981,0.017970547226225084,0.02999745428000821,1,results/contest_at_scale/plan_suite/results/fashion/in_remove/fashion-in-remove/fashion-in-remove__non-iid__metric-privacy__fedavg__clients-3__seed-43__nm0p01__clip5__rounds-20__epochs-5__planned_runs__fashion_mnist_cnn.json,results/contest_at_scale/plan_suite/results/fashion/out_remove/fashion-out-remove/fashion-out-remove__non-iid__metric-privacy__fedavg__clients-2__seed-43__nm0p01__clip5__rounds-20__epochs-5__planned_runs__fashion_mnist_cnn.json,0.599069076278301,1.1128377228354263
fashion,43,18,1.0271893075744931,0.8114902332890779,0.016225506383065597,0.030807518038352324,1,results/contest_at_scale/plan_suite/results/fashion/in_remove/fashion-in-remove/fashion-in-remove__non-iid__metric-privacy__fedavg__clients-3__seed-43__nm0p01__clip5__rounds-20__epochs-5__planned_runs__fashion_mnist_cnn.json,results/contest_at_scale/plan_suite/results/fashion/out_remove/fashion-out-remove/fashion-out-remove__non-iid__metric-privacy__fedavg__clients-2__seed-43__nm0p01__clip5__rounds-20__epochs-5__planned_runs__fashion_mnist_cnn.json,0.526673598401093,1.2658061248761532
fashion,43,19,0.9409845211387923,0.8631722329494854,0.017711945618931583,0.02896293352089681,1,results/contest_at_scale/plan_suite/results/fashion/in_remove/fashion-in-remove/fashion-in-remove__non-iid__metric-privacy__fedavg__clients-3__seed-43__nm0p01__clip5__rounds-20__epochs-5__planned_runs__fashion_mnist_cnn.json,results/contest_at_scale/plan_suite/results/fashion/out_remove/fashion-out-remove/fashion-out-remove__non-iid__metric-privacy__fedavg__clients-2__seed-43__nm0p01__clip5__rounds-20__epochs-5__planned_runs__fashion_mnist_cnn.json,0.6115383859909211,1.0901468851974303
fashion,43,20,1.008200191349412,0.8834175247078141,0.0165311084144503,0.02829918956867946,1,results/contest_at_scale/plan_suite/results/fashion/in_remove/fashion-in-remove/fashion-in-remove__non-iid__metric-privacy__fedavg__clients-3__seed-43__nm0p01__clip5__rounds-20__epochs-5__planned_runs__fashion_mnist_cnn.json,results/contest_at_scale/plan_suite/results/fashion/out_remove/fashion-out-remove/fashion-out-remove__non-iid__metric-privacy__fedavg__clients-2__seed-43__nm0p01__clip5__rounds-20__epochs-5__planned_runs__fashion_mnist_cnn.json,0.584154835046808,1.1412499335270367
fashion,44,1,1.178633389994502,0.9584505655026684,0.014140670719284825,0.02608376571501997,1,results/contest_at_scale/plan_suite/results/fashion/in_remove/fashion-in-remove/fashion-in-remove__non-iid__metric-privacy__fedavg__clients-3__seed-44__nm0p01__clip5__rounds-20__epochs-5__planned_runs__fashion_mnist_cnn.json,results/contest_at_scale/plan_suite/results/fashion/out_remove/fashion-out-remove/fashion-out-remove__non-iid__metric-privacy__fedavg__clients-2__seed-44__nm0p01__clip5__rounds-20__epochs-5__planned_runs__fashion_mnist_cnn.json,0.5421253538994225,1.229727888340654
fashion,44,2,0.8836157980064551,0.7081159634205202,0.018861893035716087,0.03530495186019914,1,results/contest_at_scale/plan_suite/results/fashion/in_remove/fashion-in-remove/fashion-in-remove__non-iid__metric-privacy__fedavg__clients-3__seed-44__nm0p01__clip5__rounds-20__epochs-5__planned_runs__fashion_mnist_cnn.json,results/contest_at_scale/plan_suite/results/fashion/out_remove/fashion-out-remove/fashion-out-remove__non-iid__metric-privacy__fedavg__clients-2__seed-44__nm0p01__clip5__rounds-20__epochs-5__planned_runs__fashion_mnist_cnn.json,0.5342563023568359,1.2478405284611738
fashion,44,3,0.8904177537187934,0.8156369316081206,0.01871780588050835,0.030650892610649287,1,results/contest_at_scale/plan_suite/results/fashion/in_remove/fashion-in-remove/fashion-in-remove__non-iid__metric-privacy__fedavg__clients-3__seed-44__nm0p01__clip5__rounds-20__epochs-5__planned_runs__fashion_mnist_cnn.json,results/contest_at_scale/plan_suite/results/fashion/out_remove/fashion-out-remove/fashion-out-remove__non-iid__metric-privacy__fedavg__clients-2__seed-44__nm0p01__clip5__rounds-20__epochs-5__planned_runs__fashion_mnist_cnn.json,0.6106773501925706,1.091683957914012
fashion,44,4,0.9927504604371885,0.9438326546611885,0.016788374652908226,0.026487746399253748,1,results/contest_at_scale/plan_suite/results/fashion/in_remove/fashion-in-remove/fashion-in-remove__non-iid__metric-privacy__fedavg__clients-3__seed-44__nm0p01__clip5__rounds-20__epochs-5__planned_runs__fashion_mnist_cnn.json,results/contest_at_scale/plan_suite/results/fashion/out_remove/fashion-out-remove/fashion-out-remove__non-iid__metric-privacy__fedavg__clients-2__seed-44__nm0p01__clip5__rounds-20__epochs-5__planned_runs__fashion_mnist_cnn.json,0.6338166486440392,1.0518288973521055
fashion,44,5,0.9712879709744205,0.954148665148144,0.01715934631615611,0.026201367683219914,1,results/contest_at_scale/plan_suite/results/fashion/in_remove/fashion-in-remove/fashion-in-remove__non-iid__metric-privacy__fedavg__clients-3__seed-44__nm0p01__clip5__rounds-20__epochs-5__planned_runs__fashion_mnist_cnn.json,results/contest_at_scale/plan_suite/results/fashion/out_remove/fashion-out-remove/fashion-out-remove__non-iid__metric-privacy__fedavg__clients-2__seed-44__nm0p01__clip5__rounds-20__epochs-5__planned_runs__fashion_mnist_cnn.json,0.654902695295003,1.017962930151577
fashion,44,6,0.9451175812476625,0.9050358434518179,0.017634490138956863,0.027623215346532233,1,results/contest_at_scale/plan_suite/results/fashion/in_remove/fashion-in-remove/fashion-in-remove__non-iid__metric-privacy__fedavg__clients-3__seed-44__nm0p01__clip5__rounds-20__epochs-5__planned_runs__fashion_mnist_cnn.json,results/contest_at_scale/plan_suite/results/fashion/out_remove/fashion-out-remove/fashion-out-remove__non-iid__metric-privacy__fedavg__clients-2__seed-44__nm0p01__clip5__rounds-20__epochs-5__planned_runs__fashion_mnist_cnn.json,0.6383938262701436,1.0442874589839144
fashion,44,7,0.9033336580420533,0.843844599245737,0.01845017786981516,0.029626307998351864,1,results/contest_at_scale/plan_suite/results/fashion/in_remove/fashion-in-remove/fashion-in-remove__non-iid__metric-privacy__fedavg__clients-3__seed-44__nm0p01__clip5__rounds-20__epochs-5__planned_runs__fashion_mnist_cnn.json,results/contest_at_scale/plan_suite/results/fashion/out_remove/fashion-out-remove/fashion-out-remove__non-iid__metric-privacy__fedavg__clients-2__seed-44__nm0p01__clip5__rounds-20__epochs-5__planned_runs__fashion_mnist_cnn.json,0.6227633180226695,1.0704976471372694
fashion,44,8,0.901156195361788,0.8732867841608822,0.01849475901341996,0.028627480059739856,1,results/contest_at_scale/plan_suite/results/fashion/in_remove/fashion-in-remove/fashion-in-remove__non-iid__metric-privacy__fedavg__clients-3__seed-44__nm0p01__clip5__rounds-20__epochs-5__planned_runs__fashion_mnist_cnn.json,results/contest_at_scale/plan_suite/results/fashion/out_remove/fashion-out-remove/fashion-out-remove__non-iid__metric-privacy__fedavg__clients-2__seed-44__nm0p01__clip5__rounds-20__epochs-5__planned_runs__fashion_mnist_cnn.json,0.6460491449064003,1.0319132405372249
fashion,44,9,0.8946792205485204,0.8545897429964194,0.018628650675991412,0.029253803014699587,1,results/contest_at_scale/plan_suite/results/fashion/in_remove/fashion-in-remove/fashion-in-remove__non-iid__metric-privacy__fedavg__clients-3__seed-44__nm0p01__clip5__rounds-20__epochs-5__planned_runs__fashion_mnist_cnn.json,results/contest_at_scale/plan_suite/results/fashion/out_remove/fashion-out-remove/fashion-out-remove__non-iid__metric-privacy__fedavg__clients-2__seed-44__nm0p01__clip5__rounds-20__epochs-5__planned_runs__fashion_mnist_cnn.json,0.636794151742623,1.0469107871708554
fashion,44,10,0.9260450263973325,0.8518751912439863,0.017997684984612836,0.029347022025013676,1,results/contest_at_scale/plan_suite/results/fashion/in_remove/fashion-in-remove/fashion-in-remove__non-iid__metric-privacy__fedavg__clients-3__seed-44__nm0p01__clip5__rounds-20__epochs-5__planned_runs__fashion_mnist_cnn.json,results/contest_at_scale/plan_suite/results/fashion/out_remove/fashion-out-remove/fashion-out-remove__non-iid__metric-privacy__fedavg__clients-2__seed-44__nm0p01__clip5__rounds-20__epochs-5__planned_runs__fashion_mnist_cnn.json,0.6132712535286431,1.0870665514334754
fashion,44,11,0.8661976015816132,0.8692693512421101,0.01924118311599404,0.028759785404003004,1,results/contest_at_scale/plan_suite/results/fashion/in_remove/fashion-in-remove/fashion-in-remove__non-iid__metric-privacy__fedavg__clients-3__seed-44__nm0p01__clip5__rounds-20__epochs-5__planned_runs__fashion_mnist_cnn.json,results/contest_at_scale/plan_suite/results/fashion/out_remove/fashion-out-remove/fashion-out-remove__non-iid__metric-privacy__fedavg__clients-2__seed-44__nm0p01__clip5__rounds-20__epochs-5__planned_runs__fashion_mnist_cnn.json,0.6690308305748313,0.9964662855579716
fashion,44,12,0.9611984122699747,0.9101692920861145,0.017339465456779644,0.02746741756437401,1,results/contest_at_scale/plan_suite/results/fashion/in_remove/fashion-in-remove/fashion-in-remove__non-iid__metric-privacy__fedavg__clients-3__seed-44__nm0p01__clip5__rounds-20__epochs-5__planned_runs__fashion_mnist_cnn.json,results/contest_at_scale/plan_suite/results/fashion/out_remove/fashion-out-remove/fashion-out-remove__non-iid__metric-privacy__fedavg__clients-2__seed-44__nm0p01__clip5__rounds-20__epochs-5__planned_runs__fashion_mnist_cnn.json,0.6312739599979506,1.0560655260813085
fashion,44,13,0.958063671986262,0.8614663804570833,0.017396199390499027,0.02902028514071009,1,results/contest_at_scale/plan_suite/results/fashion/in_remove/fashion-in-remove/fashion-in-remove__non-iid__metric-privacy__fedavg__clients-3__seed-44__nm0p01__clip5__rounds-20__epochs-5__planned_runs__fashion_mnist_cnn.json,results/contest_at_scale/plan_suite/results/fashion/out_remove/fashion-out-remove/fashion-out-remove__non-iid__metric-privacy__fedavg__clients-2__seed-44__nm0p01__clip5__rounds-20__epochs-5__planned_runs__fashion_mnist_cnn.json,0.5994496369057166,1.1121312377598824
fashion,44,14,1.0767396323693295,0.8755242799719175,0.01547882716083574,0.028554319476784672,1,results/contest_at_scale/plan_suite/results/fashion/in_remove/fashion-in-remove/fashion-in-remove__non-iid__metric-privacy__fedavg__clients-3__seed-44__nm0p01__clip5__rounds-20__epochs-5__planned_runs__fashion_mnist_cnn.json,results/contest_at_scale/plan_suite/results/fashion/out_remove/fashion-out-remove/fashion-out-remove__non-iid__metric-privacy__fedavg__clients-2__seed-44__nm0p01__clip5__rounds-20__epochs-5__planned_runs__fashion_mnist_cnn.json,0.5420835601920189,1.2298226982395803
fashion,44,15,0.9431700355683764,0.8514811297257742,0.017670903483085042,0.029360603690714127,1,results/contest_at_scale/plan_suite/results/fashion/in_remove/fashion-in-remove/fashion-in-remove__non-iid__metric-privacy__fedavg__clients-3__seed-44__nm0p01__clip5__rounds-20__epochs-5__planned_runs__fashion_mnist_cnn.json,results/contest_at_scale/plan_suite/results/fashion/out_remove/fashion-out-remove/fashion-out-remove__non-iid__metric-privacy__fedavg__clients-2__seed-44__nm0p01__clip5__rounds-20__epochs-5__planned_runs__fashion_mnist_cnn.json,0.6018576344420948,1.1076816650911938
fashion,44,16,1.018303174059838,0.9109598818855981,0.016367096844271737,0.027443579566042403,1,results/contest_at_scale/plan_suite/results/fashion/in_remove/fashion-in-remove/fashion-in-remove__non-iid__metric-privacy__fedavg__clients-3__seed-44__nm0p01__clip5__rounds-20__epochs-5__planned_runs__fashion_mnist_cnn.json,results/contest_at_scale/plan_suite/results/fashion/out_remove/fashion-out-remove/fashion-out-remove__non-iid__metric-privacy__fedavg__clients-2__seed-44__nm0p01__clip5__rounds-20__epochs-5__planned_runs__fashion_mnist_cnn.json,0.5963907443227171,1.1178353671865877
fashion,44,17,0.9247187483900537,0.7440093294717371,0.018023498167073538,0.033601729184969426,1,results/contest_at_scale/plan_suite/results/fashion/in_remove/fashion-in-remove/fashion-in-remove__non-iid__metric-privacy__fedavg__clients-3__seed-44__nm0p01__clip5__rounds-20__epochs-5__planned_runs__fashion_mnist_cnn.json,results/contest_at_scale/plan_suite/results/fashion/out_remove/fashion-out-remove/fashion-out-remove__non-iid__metric-privacy__fedavg__clients-2__seed-44__nm0p01__clip5__rounds-20__epochs-5__planned_runs__fashion_mnist_cnn.json,0.5363860314407786,1.2428859582266585
fashion,44,18,0.9485533945262432,0.8049949753719071,0.017570615173425074,0.031056094466241878,1,results/contest_at_scale/plan_suite/results/fashion/in_remove/fashion-in-remove/fashion-in-remove__non-iid__metric-privacy__fedavg__clients-3__seed-44__nm0p01__clip5__rounds-20__epochs-5__planned_runs__fashion_mnist_cnn.json,results/contest_at_scale/plan_suite/results/fashion/out_remove/fashion-out-remove/fashion-out-remove__non-iid__metric-privacy__fedavg__clients-2__seed-44__nm0p01__clip5__rounds-20__epochs-5__planned_runs__fashion_mnist_cnn.json,0.565770277152023,1.1783345530672564
fashion,44,19,0.914338784913222,0.8927592374384403,0.0182281085978962,0.028003070650639846,1,results/contest_at_scale/plan_suite/results/fashion/in_remove/fashion-in-remove/fashion-in-remove__non-iid__metric-privacy__fedavg__clients-3__seed-44__nm0p01__clip5__rounds-20__epochs-5__planned_runs__fashion_mnist_cnn.json,results/contest_at_scale/plan_suite/results/fashion/out_remove/fashion-out-remove/fashion-out-remove__non-iid__metric-privacy__fedavg__clients-2__seed-44__nm0p01__clip5__rounds-20__epochs-5__planned_runs__fashion_mnist_cnn.json,0.6509324932721157,1.0241717437018059
fashion,44,20,1.0367055172100663,0.79189582914114,0.016076567925980778,0.03156980890670184,1,results/contest_at_scale/plan_suite/results/fashion/in_remove/fashion-in-remove/fashion-in-remove__non-iid__metric-privacy__fedavg__clients-3__seed-44__nm0p01__clip5__rounds-20__epochs-5__planned_runs__fashion_mnist_cnn.json,results/contest_at_scale/plan_suite/results/fashion/out_remove/fashion-out-remove/fashion-out-remove__non-iid__metric-privacy__fedavg__clients-2__seed-44__nm0p01__clip5__rounds-20__epochs-5__planned_runs__fashion_mnist_cnn.json,0.5092386834995362,1.3091438028338116
