2026-08-05 12:17:24 Starting max-records chunk: 2 trajectories
2026-08-05 12:17:24 START cifar-max-records-out-remove__non-iid__global-dp__fedavg__clients-2__seed-44__nm0p01__clip5__rounds-20__epochs-5__cifar_chunks__cifar10_cnn 
{
  "partition-mode": "non-iid",
  "partition-profile": "auto",
  "client-weights": "",
  "data-module": "experiments.cia.scripts.cifar_chunks:create_cifar_out_remove_all",
  "model-module": "experiments.reproduce.cifar10_cnn:create_model",
  "data-cache-dir": "",
  "privacy": "global-dp",
  "aggregation": "fedavg",
  "seed": 44,
  "num-server-rounds": 20,
  "num-clients": 2,
  "fraction-evaluate": 1.0,
  "local-epochs": 5,
  "learning-rate": 0.001,
  "batch-size": 32,
  "initialization-batch-size": 32,
  "initialization-epochs": 20,
  "initialization-learning-rate": 0.001,
  "max-client-samples": 0,
  "max-test-samples": 0,
  "noise-multiplier": 0.01,
  "clipping-norm": 5.0,
  "output-dir": "/content/metricdp-pytorch/results/planned_runs/cifar/max_records/seed-44-dp/runs",
  "run-name": "cifar-max-records-out-remove__non-iid__global-dp__fedavg__clients-2__seed-44__nm0p01__clip5__rounds-20__epochs-5__cifar_chunks__cifar10_cnn",
  "checkpoint-rounds": [
    1,
    2,
    3,
    4,
    5,
    6,
    7,
    8,
    9,
    10,
    11,
    12,
    13,
    14,
    15,
    16,
    17,
    18,
    19,
    20
  ]
}
2026-08-05 12:17:29.303728: I tensorflow/core/util/port.cc:153] oneDNN custom operations are on. You may see slightly different numerical results due to floating-point round-off errors from different computation orders. To turn them off, set the environment variable `TF_ENABLE_ONEDNN_OPTS=0`.
2026-08-05 12:17:29.373299: I tensorflow/core/platform/cpu_feature_guard.cc:210] This TensorFlow binary is optimized to use available CPU instructions in performance-critical operations.
To enable the following instructions: AVX2 AVX512F AVX512_VNNI FMA, in other operations, rebuild TensorFlow with the appropriate compiler flags.
[93mWARNING [0m:   DEPRECATED FEATURE: The `run_simulation` function is deprecated and will be removed in a future version of Flower. Please use `flwr run` in the CLI instead to run your simulation. Refer to the Flower Tutorials for more details: https://flower.ai/docs/framework/tutorial-quickstart-pytorch.html

            This is a deprecated feature. It will be removed
            entirely in future versions of Flower.
        
Warning: You are sending unauthenticated requests to the HF Hub. Please set a HF_TOKEN to enable higher rate limits and faster downloads.
/usr/local/lib/python3.12/dist-packages/ray/_private/worker.py:2051: FutureWarning: Tip: In future versions of Ray, Ray will no longer override accelerator visible devices env var if num_gpus=0 or num_gpus=None (default). To enable this behavior and turn off this error message, set RAY_ACCEL_ENV_VAR_OVERRIDE_ON_ZERO=0
  warnings.warn(
Generating train split:   0%|          | 0/50000 [00:00<?, ? examples/s]Generating train split:  20%|█▉        | 9800/50000 [00:00<00:00, 83169.13 examples/s]Generating train split:  62%|██████▏   | 31000/50000 [00:00<00:00, 153413.45 examples/s]Generating train split: 100%|██████████| 50000/50000 [00:00<00:00, 163414.10 examples/s]
Generating test split:   0%|          | 0/10000 [00:00<?, ? examples/s]Generating test split: 100%|██████████| 10000/10000 [00:00<00:00, 209845.30 examples/s]
Filtering CIFAR-10 to four classes:   0%|          | 0/50000 [00:00<?, ? examples/s]Filtering CIFAR-10 to four classes: 100%|██████████| 50000/50000 [00:00<00:00, 708971.54 examples/s]
Filtering CIFAR-10 to four classes:   0%|          | 0/10000 [00:00<?, ? examples/s]Filtering CIFAR-10 to four classes: 100%|██████████| 10000/10000 [00:00<00:00, 642982.59 examples/s]
[92mINFO [0m:      Starting LoggedGlobalDPServerSideFixedClipping strategy:
[92mINFO [0m:      	├── Number of rounds: 20
[92mINFO [0m:      	├── ArrayRecord (0.87 MB)
[92mINFO [0m:      	├── ConfigRecord (train): {'lr': 0.001}
[92mINFO [0m:      	├── ConfigRecord (evaluate): (empty!)
[92mINFO [0m:      	├──> DP settings:
[92mINFO [0m:      	│	├── Noise multiplier: 0.01
[92mINFO [0m:      	│	└── Clipping norm: 5.0
[92mINFO [0m:      	├──> Sampling:
[92mINFO [0m:      	│	├──Fraction: train (1.00) | evaluate ( 1.00)
[92mINFO [0m:      	│	├──Minimum nodes: train (2) | evaluate (2)
[92mINFO [0m:      	│	└──Minimum available nodes: 2
[92mINFO [0m:      	└──> Keys in records:
[92mINFO [0m:      		├── Weighted by: 'num-examples'
[92mINFO [0m:      		├── ArrayRecord key: 'arrays'
[92mINFO [0m:      		└── ConfigRecord key: 'config'
[92mINFO [0m:      
/usr/lib/python3.12/multiprocessing/popen_fork.py:66: DeprecationWarning: This process (pid=1657) is multi-threaded, use of fork() may lead to deadlocks in the child.
  self.pid = os.fork()
[92mINFO [0m:      Initial global evaluation results: {'loss': 1.3892939643859863, 'accuracy': 0.25, 'f1': 0.1, 'precision': 0.0625, 'auc': 0.48708850000000004}
[92mINFO [0m:      
[92mINFO [0m:      [ROUND 1/20]
[92mINFO [0m:      configure_train: Sampled 2 nodes (out of 2)
[36m(ClientAppActor pid=2183)[0m Using the latest cached version of the dataset since uoft-cs/cifar10 couldn't be found on the Hugging Face Hub (offline mode is enabled).
[36m(ClientAppActor pid=2183)[0m Found the latest cached dataset configuration 'plain_text' at /root/.cache/huggingface/datasets/uoft-cs___cifar10/plain_text/0.0.0/0b2714987fa478483af9968de7c934580d0bb9a2 (last modified on Wed Aug  5 12:17:54 2026).
[36m(ClientAppActor pid=2183)[0m /usr/lib/python3.12/multiprocessing/popen_fork.py:66: DeprecationWarning: This process (pid=2183) is multi-threaded, use of fork() may lead to deadlocks in the child.
[36m(ClientAppActor pid=2183)[0m   self.pid = os.fork()
[92mINFO [0m:      aggregate_train: Received 2 results and 0 failures
[92mINFO [0m:      aggregate_fit: parameters are clipped by value: 5.0000.
[92mINFO [0m:      aggregate_fit: parameters are clipped by value: 5.0000.
[92mINFO [0m:      aggregate_train: Received 2 results and 0 failures
[92mINFO [0m:      aggregate_fit: central DP noise with 0.0250 stdev added
[92mINFO [0m:      	└──> Aggregated MetricRecord: {'train_loss': 0.7173202840196544, 'train_loss_mean': 0.8759641396323115, 'client-ids': [0, 1], 'per-client-num-examples': [2133, 8532], 'per-client-train_loss': [0.9218678255624408, 0.6661833986339578], 'per-client-train_loss_mean': [1.1062320472207139, 0.8183971627352108], 'dp-client-ids': [0, 1], 'dp-update-norms-before-clipping': [6.836779679718249, 11.761397309447032], 'dp-client-clipped': [1, 1], 'dp-num-clients-clipped': 2, 'dp-fraction-clipped': 1.0, 'dp-signal-update-norm': 4.212534248238385, 'dp-parameter-count': 226596, 'dp-expected-noise-l2-norm': 11.900525198494392, 'dp-noise-to-signal-ratio': 2.825027524339061, 'dp-noise-percent-of-signal': 282.5027524339061, 'global-dp-noise-stdv': 0.025}
[92mINFO [0m:      configure_evaluate: Sampled 2 nodes (out of 2)
[92mINFO [0m:      aggregate_evaluate: Received 2 results and 0 failures
[92mINFO [0m:      	└──> Aggregated MetricRecord: {'eval_loss': 1.3458461425472414, 'eval_acc': 0.5018740629685157, 'client-ids': [0, 1], 'per-client-eval_acc': [0.49063670411985016, 0.5046860356138707], 'per-client-eval_loss': [1.347702140665233, 1.3453817081540795], 'per-client-num-examples': [534, 2134]}
[92mINFO [0m:      Global evaluation
[92mINFO [0m:      	└──> MetricRecord: {'loss': 1.3443146839141846, 'accuracy': 0.508, 'f1': 0.45236410063178517, 'precision': 0.4949498266064619, 'auc': 0.7659049583333333}
[92mINFO [0m:      
[92mINFO [0m:      [ROUND 2/20]
[92mINFO [0m:      configure_train: Sampled 2 nodes (out of 2)
[36m(ClientAppActor pid=2184)[0m Using the latest cached version of the dataset since uoft-cs/cifar10 couldn't be found on the Hugging Face Hub (offline mode is enabled).
[36m(ClientAppActor pid=2184)[0m Found the latest cached dataset configuration 'plain_text' at /root/.cache/huggingface/datasets/uoft-cs___cifar10/plain_text/0.0.0/0b2714987fa478483af9968de7c934580d0bb9a2 (last modified on Wed Aug  5 12:17:54 2026).
[36m(ClientAppActor pid=2184)[0m /usr/lib/python3.12/multiprocessing/popen_fork.py:66: DeprecationWarning: This process (pid=2184) is multi-threaded, use of fork() may lead to deadlocks in the child.[32m [repeated 2x across cluster] (Ray deduplicates logs by default. Set RAY_DEDUP_LOGS=0 to disable log deduplication, or see https://docs.ray.io/en/master/ray-observability/user-guides/configure-logging.html#log-deduplication for more options.)[0m
[36m(ClientAppActor pid=2184)[0m   self.pid = os.fork()[32m [repeated 2x across cluster][0m
[92mINFO [0m:      aggregate_train: Received 2 results and 0 failures
[92mINFO [0m:      aggregate_fit: parameters are clipped by value: 5.0000.
[92mINFO [0m:      aggregate_fit: parameters are clipped by value: 5.0000.
[92mINFO [0m:      aggregate_train: Received 2 results and 0 failures
[92mINFO [0m:      aggregate_fit: central DP noise with 0.0250 stdev added
[92mINFO [0m:      	└──> Aggregated MetricRecord: {'train_loss': 0.5682629860403166, 'train_loss_mean': 0.6859385005890122, 'client-ids': [0, 1], 'per-client-num-examples': [2133, 8532], 'per-client-train_loss': [0.692015529265719, 0.5373248502339659], 'per-client-train_loss_mean': [0.8051020395236008, 0.656147615855365], 'dp-client-ids': [0, 1], 'dp-update-norms-before-clipping': [6.813988884547362, 14.442159233168853], 'dp-client-clipped': [1, 1], 'dp-num-clients-clipped': 2, 'dp-fraction-clipped': 1.0, 'dp-signal-update-norm': 4.404087133432009, 'dp-parameter-count': 226596, 'dp-expected-noise-l2-norm': 11.900525198494392, 'dp-noise-to-signal-ratio': 2.7021548025596336, 'dp-noise-percent-of-signal': 270.21548025596337, 'global-dp-noise-stdv': 0.025}
[92mINFO [0m:      configure_evaluate: Sampled 2 nodes (out of 2)
[92mINFO [0m:      aggregate_evaluate: Received 2 results and 0 failures
[92mINFO [0m:      	└──> Aggregated MetricRecord: {'eval_loss': 1.1472081258736628, 'eval_acc': 0.6368065967016491, 'client-ids': [0, 1], 'per-client-eval_acc': [0.6254681647940075, 0.6396438612933458], 'per-client-eval_loss': [1.1505489742264765, 1.1463721310187414], 'per-client-num-examples': [534, 2134]}
[92mINFO [0m:      Global evaluation
[92mINFO [0m:      	└──> MetricRecord: {'loss': 1.144789545059204, 'accuracy': 0.631, 'f1': 0.6134262530266882, 'precision': 0.6550774703288386, 'auc': 0.8549362916666666}
[92mINFO [0m:      
[92mINFO [0m:      [ROUND 3/20]
[92mINFO [0m:      configure_train: Sampled 2 nodes (out of 2)
[36m(ClientAppActor pid=2183)[0m /usr/lib/python3.12/multiprocessing/popen_fork.py:66: DeprecationWarning: This process (pid=2183) is multi-threaded, use of fork() may lead to deadlocks in the child.[32m [repeated 2x across cluster][0m
[36m(ClientAppActor pid=2183)[0m   self.pid = os.fork()[32m [repeated 2x across cluster][0m
[92mINFO [0m:      aggregate_train: Received 2 results and 0 failures
[92mINFO [0m:      aggregate_fit: parameters are clipped by value: 5.0000.
[92mINFO [0m:      aggregate_fit: parameters are clipped by value: 5.0000.
[92mINFO [0m:      aggregate_train: Received 2 results and 0 failures
[92mINFO [0m:      aggregate_fit: central DP noise with 0.0250 stdev added
[92mINFO [0m:      	└──> Aggregated MetricRecord: {'train_loss': 0.440645273252658, 'train_loss_mean': 0.5617503761518633, 'client-ids': [0, 1], 'per-client-num-examples': [2133, 8532], 'per-client-train_loss': [0.5160090497721543, 0.42180432912278387], 'per-client-train_loss_mean': [0.6382971600976507, 0.5426136801654164], 'dp-client-ids': [0, 1], 'dp-update-norms-before-clipping': [7.482674464640691, 14.669085736888531], 'dp-client-clipped': [1, 1], 'dp-num-clients-clipped': 2, 'dp-fraction-clipped': 1.0, 'dp-signal-update-norm': 4.3653148682931535, 'dp-parameter-count': 226596, 'dp-expected-noise-l2-norm': 11.900525198494392, 'dp-noise-to-signal-ratio': 2.726155055831636, 'dp-noise-percent-of-signal': 272.6155055831636, 'global-dp-noise-stdv': 0.025}
[92mINFO [0m:      configure_evaluate: Sampled 2 nodes (out of 2)
[92mINFO [0m:      aggregate_evaluate: Received 2 results and 0 failures
[92mINFO [0m:      	└──> Aggregated MetricRecord: {'eval_loss': 0.92493896899016, 'eval_acc': 0.697151424287856, 'client-ids': [0, 1], 'per-client-eval_acc': [0.6872659176029963, 0.6996251171508904], 'per-client-eval_loss': [0.9461856906333667, 0.9196223104346435], 'per-client-num-examples': [534, 2134]}
[92mINFO [0m:      Global evaluation
[92mINFO [0m:      	└──> MetricRecord: {'loss': 0.9216687088012695, 'accuracy': 0.6935, 'f1': 0.6895362842581241, 'precision': 0.699624934803039, 'auc': 0.9005472916666667}
[92mINFO [0m:      
[92mINFO [0m:      [ROUND 4/20]
[92mINFO [0m:      configure_train: Sampled 2 nodes (out of 2)
[36m(ClientAppActor pid=2183)[0m /usr/lib/python3.12/multiprocessing/popen_fork.py:66: DeprecationWarning: This process (pid=2183) is multi-threaded, use of fork() may lead to deadlocks in the child.[32m [repeated 2x across cluster][0m
[36m(ClientAppActor pid=2183)[0m   self.pid = os.fork()[32m [repeated 2x across cluster][0m
[92mINFO [0m:      aggregate_train: Received 2 results and 0 failures
[92mINFO [0m:      aggregate_fit: parameters are clipped by value: 5.0000.
[92mINFO [0m:      aggregate_fit: parameters are clipped by value: 5.0000.
[92mINFO [0m:      aggregate_train: Received 2 results and 0 failures
[92mINFO [0m:      aggregate_fit: central DP noise with 0.0250 stdev added
[92mINFO [0m:      	└──> Aggregated MetricRecord: {'train_loss': 0.35192623510642396, 'train_loss_mean': 0.46486070446994904, 'client-ids': [0, 1], 'per-client-num-examples': [2133, 8532], 'per-client-train_loss': [0.41487006936004, 0.3361902765430199], 'per-client-train_loss_mean': [0.5255691885752573, 0.44968358344362197], 'dp-client-ids': [0, 1], 'dp-update-norms-before-clipping': [7.472099970810011, 14.84909256759036], 'dp-client-clipped': [1, 1], 'dp-num-clients-clipped': 2, 'dp-fraction-clipped': 1.0, 'dp-signal-update-norm': 4.2752697888353035, 'dp-parameter-count': 226596, 'dp-expected-noise-l2-norm': 11.900525198494392, 'dp-noise-to-signal-ratio': 2.7835729173331094, 'dp-noise-percent-of-signal': 278.35729173331094, 'global-dp-noise-stdv': 0.025}
[92mINFO [0m:      configure_evaluate: Sampled 2 nodes (out of 2)
[92mINFO [0m:      aggregate_evaluate: Received 2 results and 0 failures
[92mINFO [0m:      	└──> Aggregated MetricRecord: {'eval_loss': 0.9017220308398199, 'eval_acc': 0.6495502248875562, 'client-ids': [0, 1], 'per-client-eval_acc': [0.6647940074906367, 0.6457357075913777], 'per-client-eval_loss': [0.8935293990574525, 0.903772108333627], 'per-client-num-examples': [534, 2134]}
[92mINFO [0m:      Global evaluation
[92mINFO [0m:      	└──> MetricRecord: {'loss': 0.8925479245185852, 'accuracy': 0.641, 'f1': 0.6325474320188995, 'precision': 0.6707866097665901, 'auc': 0.86495425}
[92mINFO [0m:      
[92mINFO [0m:      [ROUND 5/20]
[92mINFO [0m:      configure_train: Sampled 2 nodes (out of 2)
[36m(ClientAppActor pid=2183)[0m /usr/lib/python3.12/multiprocessing/popen_fork.py:66: DeprecationWarning: This process (pid=2183) is multi-threaded, use of fork() may lead to deadlocks in the child.[32m [repeated 2x across cluster][0m
[36m(ClientAppActor pid=2183)[0m   self.pid = os.fork()[32m [repeated 2x across cluster][0m
[92mINFO [0m:      aggregate_train: Received 2 results and 0 failures
[92mINFO [0m:      aggregate_fit: parameters are clipped by value: 5.0000.
[92mINFO [0m:      aggregate_fit: parameters are clipped by value: 5.0000.
[92mINFO [0m:      aggregate_train: Received 2 results and 0 failures
[92mINFO [0m:      aggregate_fit: central DP noise with 0.0250 stdev added
[92mINFO [0m:      	└──> Aggregated MetricRecord: {'train_loss': 0.26102600625100075, 'train_loss_mean': 0.3765479184644523, 'client-ids': [0, 1], 'per-client-num-examples': [2133, 8532], 'per-client-train_loss': [0.2640010713902204, 0.2602822399661958], 'per-client-train_loss_mean': [0.4228432996726852, 0.36497407316239405], 'dp-client-ids': [0, 1], 'dp-update-norms-before-clipping': [7.765483142374944, 14.630177260348972], 'dp-client-clipped': [1, 1], 'dp-num-clients-clipped': 2, 'dp-fraction-clipped': 1.0, 'dp-signal-update-norm': 4.217484205646591, 'dp-parameter-count': 226596, 'dp-expected-noise-l2-norm': 11.900525198494392, 'dp-noise-to-signal-ratio': 2.821711859065492, 'dp-noise-percent-of-signal': 282.1711859065492, 'global-dp-noise-stdv': 0.025}
[92mINFO [0m:      configure_evaluate: Sampled 2 nodes (out of 2)
[92mINFO [0m:      aggregate_evaluate: Received 2 results and 0 failures
[92mINFO [0m:      	└──> Aggregated MetricRecord: {'eval_loss': 0.6758157066676928, 'eval_acc': 0.7417541229385307, 'client-ids': [0, 1], 'per-client-eval_acc': [0.7471910112359551, 0.7403936269915652], 'per-client-eval_loss': [0.6878150125567832, 0.6728130687366832], 'per-client-num-examples': [534, 2134]}
[92mINFO [0m:      Global evaluation
[92mINFO [0m:      	└──> MetricRecord: {'loss': 0.6556899175643921, 'accuracy': 0.7505, 'f1': 0.742517174321367, 'precision': 0.7559866688634932, 'auc': 0.9292047499999999}
[92mINFO [0m:      
[92mINFO [0m:      [ROUND 6/20]
[92mINFO [0m:      configure_train: Sampled 2 nodes (out of 2)
[36m(ClientAppActor pid=2184)[0m /usr/lib/python3.12/multiprocessing/popen_fork.py:66: DeprecationWarning: This process (pid=2184) is multi-threaded, use of fork() may lead to deadlocks in the child.[32m [repeated 2x across cluster][0m
[36m(ClientAppActor pid=2184)[0m   self.pid = os.fork()[32m [repeated 2x across cluster][0m
[92mINFO [0m:      aggregate_train: Received 2 results and 0 failures
[92mINFO [0m:      aggregate_fit: parameters are clipped by value: 5.0000.
[92mINFO [0m:      aggregate_fit: parameters are clipped by value: 5.0000.
[92mINFO [0m:      aggregate_train: Received 2 results and 0 failures
[92mINFO [0m:      aggregate_fit: central DP noise with 0.0250 stdev added
[92mINFO [0m:      	└──> Aggregated MetricRecord: {'train_loss': 0.18649722442792382, 'train_loss_mean': 0.3013442474245969, 'client-ids': [0, 1], 'per-client-num-examples': [2133, 8532], 'per-client-train_loss': [0.19435054455013606, 0.18453389439737075], 'per-client-train_loss_mean': [0.3459607955677879, 0.29019011038879916], 'dp-client-ids': [0, 1], 'dp-update-norms-before-clipping': [8.160184106744452, 14.52823871771307], 'dp-client-clipped': [1, 1], 'dp-num-clients-clipped': 2, 'dp-fraction-clipped': 1.0, 'dp-signal-update-norm': 4.187395030841486, 'dp-parameter-count': 226596, 'dp-expected-noise-l2-norm': 11.900525198494392, 'dp-noise-to-signal-ratio': 2.841987706161771, 'dp-noise-percent-of-signal': 284.19877061617706, 'global-dp-noise-stdv': 0.025}
[92mINFO [0m:      configure_evaluate: Sampled 2 nodes (out of 2)
[92mINFO [0m:      aggregate_evaluate: Received 2 results and 0 failures
[92mINFO [0m:      	└──> Aggregated MetricRecord: {'eval_loss': 0.5864689023062207, 'eval_acc': 0.7769865067466266, 'client-ids': [0, 1], 'per-client-eval_acc': [0.7827715355805244, 0.7755388940955952], 'per-client-eval_loss': [0.575530436155055, 0.5892060817461094], 'per-client-num-examples': [534, 2134]}
[92mINFO [0m:      Global evaluation
[92mINFO [0m:      	└──> MetricRecord: {'loss': 0.5823662805557251, 'accuracy': 0.767, 'f1': 0.7637246099554386, 'precision': 0.7666123457387082, 'auc': 0.9413148333333333}
[92mINFO [0m:      
[92mINFO [0m:      [ROUND 7/20]
[92mINFO [0m:      configure_train: Sampled 2 nodes (out of 2)
[36m(ClientAppActor pid=2183)[0m /usr/lib/python3.12/multiprocessing/popen_fork.py:66: DeprecationWarning: This process (pid=2183) is multi-threaded, use of fork() may lead to deadlocks in the child.[32m [repeated 2x across cluster][0m
[36m(ClientAppActor pid=2183)[0m   self.pid = os.fork()[32m [repeated 2x across cluster][0m
[92mINFO [0m:      aggregate_train: Received 2 results and 0 failures
[92mINFO [0m:      aggregate_fit: parameters are clipped by value: 5.0000.
[92mINFO [0m:      aggregate_fit: parameters are clipped by value: 5.0000.
[92mINFO [0m:      aggregate_train: Received 2 results and 0 failures
[92mINFO [0m:      aggregate_fit: central DP noise with 0.0250 stdev added
[92mINFO [0m:      	└──> Aggregated MetricRecord: {'train_loss': 0.13948008065848524, 'train_loss_mean': 0.23786223183452831, 'client-ids': [0, 1], 'per-client-num-examples': [2133, 8532], 'per-client-train_loss': [0.14271197261605753, 0.13867210766909216], 'per-client-train_loss_mean': [0.2882314523354529, 0.22526992670929716], 'dp-client-ids': [0, 1], 'dp-update-norms-before-clipping': [7.888886301431316, 13.928713201056523], 'dp-client-clipped': [1, 1], 'dp-num-clients-clipped': 2, 'dp-fraction-clipped': 1.0, 'dp-signal-update-norm': 4.178188309686155, 'dp-parameter-count': 226596, 'dp-expected-noise-l2-norm': 11.900525198494392, 'dp-noise-to-signal-ratio': 2.84825008267478, 'dp-noise-percent-of-signal': 284.82500826747804, 'global-dp-noise-stdv': 0.025}
[92mINFO [0m:      configure_evaluate: Sampled 2 nodes (out of 2)
[92mINFO [0m:      aggregate_evaluate: Received 2 results and 0 failures
[92mINFO [0m:      	└──> Aggregated MetricRecord: {'eval_loss': 0.5906108344333997, 'eval_acc': 0.778110944527736, 'client-ids': [0, 1], 'per-client-eval_acc': [0.7790262172284644, 0.7778819119025304], 'per-client-eval_loss': [0.5923025188374609, 0.5901875169677162], 'per-client-num-examples': [534, 2134]}
[92mINFO [0m:      Global evaluation
[92mINFO [0m:      	└──> MetricRecord: {'loss': 0.6247028684616089, 'accuracy': 0.754, 'f1': 0.7566771878692872, 'precision': 0.7625662261697721, 'auc': 0.9353333333333333}
[92mINFO [0m:      
[92mINFO [0m:      [ROUND 8/20]
[92mINFO [0m:      configure_train: Sampled 2 nodes (out of 2)
[36m(ClientAppActor pid=2183)[0m /usr/lib/python3.12/multiprocessing/popen_fork.py:66: DeprecationWarning: This process (pid=2183) is multi-threaded, use of fork() may lead to deadlocks in the child.[32m [repeated 2x across cluster][0m
[36m(ClientAppActor pid=2183)[0m   self.pid = os.fork()[32m [repeated 2x across cluster][0m
[92mINFO [0m:      aggregate_train: Received 2 results and 0 failures
[92mINFO [0m:      aggregate_fit: parameters are clipped by value: 5.0000.
[92mINFO [0m:      aggregate_fit: parameters are clipped by value: 5.0000.
[92mINFO [0m:      aggregate_train: Received 2 results and 0 failures
[92mINFO [0m:      aggregate_fit: central DP noise with 0.0250 stdev added
[92mINFO [0m:      	└──> Aggregated MetricRecord: {'train_loss': 0.11573488915184547, 'train_loss_mean': 0.19429524986182534, 'client-ids': [0, 1], 'per-client-num-examples': [2133, 8532], 'per-client-train_loss': [0.12371467828638834, 0.11373994186820975], 'per-client-train_loss_mean': [0.24499264936064588, 0.18162089998712017], 'dp-client-ids': [0, 1], 'dp-update-norms-before-clipping': [7.407330162929914, 13.434798908548316], 'dp-client-clipped': [1, 1], 'dp-num-clients-clipped': 2, 'dp-fraction-clipped': 1.0, 'dp-signal-update-norm': 4.1516825976584855, 'dp-parameter-count': 226596, 'dp-expected-noise-l2-norm': 11.900525198494392, 'dp-noise-to-signal-ratio': 2.8664342513096233, 'dp-noise-percent-of-signal': 286.6434251309623, 'global-dp-noise-stdv': 0.025}
[92mINFO [0m:      configure_evaluate: Sampled 2 nodes (out of 2)
[92mINFO [0m:      aggregate_evaluate: Received 2 results and 0 failures
[92mINFO [0m:      	└──> Aggregated MetricRecord: {'eval_loss': 0.7637904685834, 'eval_acc': 0.7365067466266866, 'client-ids': [0, 1], 'per-client-eval_acc': [0.7322097378277154, 0.7375820056232427], 'per-client-eval_loss': [0.7582371993904257, 0.7651800870225043], 'per-client-num-examples': [534, 2134]}
[92mINFO [0m:      Global evaluation
[92mINFO [0m:      	└──> MetricRecord: {'loss': 0.8346266403198243, 'accuracy': 0.7205, 'f1': 0.7250591594150889, 'precision': 0.7545353041912098, 'auc': 0.9124190833333333}
[92mINFO [0m:      
[92mINFO [0m:      [ROUND 9/20]
[92mINFO [0m:      configure_train: Sampled 2 nodes (out of 2)
[36m(ClientAppActor pid=2183)[0m /usr/lib/python3.12/multiprocessing/popen_fork.py:66: DeprecationWarning: This process (pid=2183) is multi-threaded, use of fork() may lead to deadlocks in the child.[32m [repeated 2x across cluster][0m
[36m(ClientAppActor pid=2183)[0m   self.pid = os.fork()[32m [repeated 2x across cluster][0m
[92mINFO [0m:      aggregate_train: Received 2 results and 0 failures
[92mINFO [0m:      aggregate_fit: parameters are clipped by value: 5.0000.
[92mINFO [0m:      aggregate_fit: parameters are clipped by value: 5.0000.
[92mINFO [0m:      aggregate_train: Received 2 results and 0 failures
[92mINFO [0m:      aggregate_fit: central DP noise with 0.0250 stdev added
[92mINFO [0m:      	└──> Aggregated MetricRecord: {'train_loss': 0.10236119112978785, 'train_loss_mean': 0.16138103411942933, 'client-ids': [0, 1], 'per-client-num-examples': [2133, 8532], 'per-client-train_loss': [0.08830623847571718, 0.10587492929330551], 'per-client-train_loss_mean': [0.2224314512614208, 0.14611842983393145], 'dp-client-ids': [0, 1], 'dp-update-norms-before-clipping': [7.494805858677167, 13.09749780473883], 'dp-client-clipped': [1, 1], 'dp-num-clients-clipped': 2, 'dp-fraction-clipped': 1.0, 'dp-signal-update-norm': 4.136735876703936, 'dp-parameter-count': 226596, 'dp-expected-noise-l2-norm': 11.900525198494392, 'dp-noise-to-signal-ratio': 2.876791159308068, 'dp-noise-percent-of-signal': 287.6791159308068, 'global-dp-noise-stdv': 0.025}
[92mINFO [0m:      configure_evaluate: Sampled 2 nodes (out of 2)
[92mINFO [0m:      aggregate_evaluate: Received 2 results and 0 failures
[92mINFO [0m:      	└──> Aggregated MetricRecord: {'eval_loss': 0.890715657324269, 'eval_acc': 0.7305097451274363, 'client-ids': [0, 1], 'per-client-eval_acc': [0.7340823970037453, 0.7296157450796626], 'per-client-eval_loss': [0.8865741826175304, 0.8917519963558522], 'per-client-num-examples': [534, 2134]}
[92mINFO [0m:      Global evaluation
[92mINFO [0m:      	└──> MetricRecord: {'loss': 1.001709231853485, 'accuracy': 0.707, 'f1': 0.7107823759187906, 'precision': 0.7345712169122304, 'auc': 0.9029592083333333}
[92mINFO [0m:      
[92mINFO [0m:      [ROUND 10/20]
[92mINFO [0m:      configure_train: Sampled 2 nodes (out of 2)
[36m(ClientAppActor pid=2183)[0m /usr/lib/python3.12/multiprocessing/popen_fork.py:66: DeprecationWarning: This process (pid=2183) is multi-threaded, use of fork() may lead to deadlocks in the child.[32m [repeated 2x across cluster][0m
[36m(ClientAppActor pid=2183)[0m   self.pid = os.fork()[32m [repeated 2x across cluster][0m
[92mINFO [0m:      aggregate_train: Received 2 results and 0 failures
[92mINFO [0m:      aggregate_fit: parameters are clipped by value: 5.0000.
[92mINFO [0m:      aggregate_fit: parameters are clipped by value: 5.0000.
[92mINFO [0m:      aggregate_train: Received 2 results and 0 failures
[92mINFO [0m:      aggregate_fit: central DP noise with 0.0250 stdev added
[92mINFO [0m:      	└──> Aggregated MetricRecord: {'train_loss': 0.07613767950891212, 'train_loss_mean': 0.13396911617886298, 'client-ids': [0, 1], 'per-client-num-examples': [2133, 8532], 'per-client-train_loss': [0.06957560983205724, 0.07777819692812583], 'per-client-train_loss_mean': [0.19557005241439027, 0.11856888211998115], 'dp-client-ids': [0, 1], 'dp-update-norms-before-clipping': [7.247170638633593, 12.588508718350226], 'dp-client-clipped': [1, 1], 'dp-num-clients-clipped': 2, 'dp-fraction-clipped': 1.0, 'dp-signal-update-norm': 4.128544533005878, 'dp-parameter-count': 226596, 'dp-expected-noise-l2-norm': 11.900525198494392, 'dp-noise-to-signal-ratio': 2.8824989299146426, 'dp-noise-percent-of-signal': 288.24989299146426, 'global-dp-noise-stdv': 0.025}
[92mINFO [0m:      configure_evaluate: Sampled 2 nodes (out of 2)
[92mINFO [0m:      aggregate_evaluate: Received 2 results and 0 failures
[92mINFO [0m:      	└──> Aggregated MetricRecord: {'eval_loss': 1.044059087132764, 'eval_acc': 0.7128935532233882, 'client-ids': [0, 1], 'per-client-eval_acc': [0.6816479400749064, 0.7207122774133083], 'per-client-eval_loss': [1.1073321403189098, 1.0282259988471962], 'per-client-num-examples': [534, 2134]}
[92mINFO [0m:      Global evaluation
[92mINFO [0m:      	└──> MetricRecord: {'loss': 1.1140893325805663, 'accuracy': 0.715, 'f1': 0.7161725814376212, 'precision': 0.7527858832052604, 'auc': 0.90388025}
[92mINFO [0m:      
[92mINFO [0m:      [ROUND 11/20]
[92mINFO [0m:      configure_train: Sampled 2 nodes (out of 2)
[36m(ClientAppActor pid=2184)[0m /usr/lib/python3.12/multiprocessing/popen_fork.py:66: DeprecationWarning: This process (pid=2184) is multi-threaded, use of fork() may lead to deadlocks in the child.[32m [repeated 2x across cluster][0m
[36m(ClientAppActor pid=2184)[0m   self.pid = os.fork()[32m [repeated 2x across cluster][0m
[92mINFO [0m:      aggregate_train: Received 2 results and 0 failures
[92mINFO [0m:      aggregate_fit: parameters are clipped by value: 5.0000.
[92mINFO [0m:      aggregate_fit: parameters are clipped by value: 5.0000.
[92mINFO [0m:      aggregate_train: Received 2 results and 0 failures
[92mINFO [0m:      aggregate_fit: central DP noise with 0.0250 stdev added
[92mINFO [0m:      	└──> Aggregated MetricRecord: {'train_loss': 0.06493724665512404, 'train_loss_mean': 0.11675293995043902, 'client-ids': [0, 1], 'per-client-num-examples': [2133, 8532], 'per-client-train_loss': [0.05205430894866551, 0.06815798108173866], 'per-client-train_loss_mean': [0.1732083660445189, 0.10263908342691903], 'dp-client-ids': [0, 1], 'dp-update-norms-before-clipping': [6.740220234519854, 12.223626702802012], 'dp-client-clipped': [1, 1], 'dp-num-clients-clipped': 2, 'dp-fraction-clipped': 1.0, 'dp-signal-update-norm': 4.125314759913129, 'dp-parameter-count': 226596, 'dp-expected-noise-l2-norm': 11.900525198494392, 'dp-noise-to-signal-ratio': 2.8847556831627057, 'dp-noise-percent-of-signal': 288.4755683162706, 'global-dp-noise-stdv': 0.025}
[92mINFO [0m:      configure_evaluate: Sampled 2 nodes (out of 2)
[92mINFO [0m:      aggregate_evaluate: Received 2 results and 0 failures
[92mINFO [0m:      	└──> Aggregated MetricRecord: {'eval_loss': 1.0828580684747653, 'eval_acc': 0.7241379310344827, 'client-ids': [0, 1], 'per-client-eval_acc': [0.7265917602996255, 0.7235238987816307], 'per-client-eval_loss': [1.007149640986982, 1.101802913966085], 'per-client-num-examples': [534, 2134]}
[92mINFO [0m:      Global evaluation
[92mINFO [0m:      	└──> MetricRecord: {'loss': 1.1776416182518006, 'accuracy': 0.7175, 'f1': 0.7110269760439668, 'precision': 0.7445910973084886, 'auc': 0.9088665416666666}
[92mINFO [0m:      
[92mINFO [0m:      [ROUND 12/20]
[92mINFO [0m:      configure_train: Sampled 2 nodes (out of 2)
[36m(ClientAppActor pid=2183)[0m /usr/lib/python3.12/multiprocessing/popen_fork.py:66: DeprecationWarning: This process (pid=2183) is multi-threaded, use of fork() may lead to deadlocks in the child.[32m [repeated 2x across cluster][0m
[36m(ClientAppActor pid=2183)[0m   self.pid = os.fork()[32m [repeated 2x across cluster][0m
[92mINFO [0m:      aggregate_train: Received 2 results and 0 failures
[92mINFO [0m:      aggregate_fit: parameters are clipped by value: 5.0000.
[92mINFO [0m:      aggregate_fit: parameters are clipped by value: 5.0000.
[92mINFO [0m:      aggregate_train: Received 2 results and 0 failures
[92mINFO [0m:      aggregate_fit: central DP noise with 0.0250 stdev added
[92mINFO [0m:      	└──> Aggregated MetricRecord: {'train_loss': 0.07071394055515906, 'train_loss_mean': 0.11129463493900851, 'client-ids': [0, 1], 'per-client-num-examples': [2133, 8532], 'per-client-train_loss': [0.041449767961378566, 0.07802998370360417], 'per-client-train_loss_mean': [0.16695729725017439, 0.09737896936121705], 'dp-client-ids': [0, 1], 'dp-update-norms-before-clipping': [6.701209387176043, 12.4156420326236], 'dp-client-clipped': [1, 1], 'dp-num-clients-clipped': 2, 'dp-fraction-clipped': 1.0, 'dp-signal-update-norm': 4.127050319146199, 'dp-parameter-count': 226596, 'dp-expected-noise-l2-norm': 11.900525198494392, 'dp-noise-to-signal-ratio': 2.883542549332513, 'dp-noise-percent-of-signal': 288.3542549332513, 'global-dp-noise-stdv': 0.025}
[92mINFO [0m:      configure_evaluate: Sampled 2 nodes (out of 2)
[92mINFO [0m:      aggregate_evaluate: Received 2 results and 0 failures
[92mINFO [0m:      	└──> Aggregated MetricRecord: {'eval_loss': 0.8944940474079823, 'eval_acc': 0.7859820089955023, 'client-ids': [0, 1], 'per-client-eval_acc': [0.7865168539325843, 0.7858481724461106], 'per-client-eval_loss': [0.8666620093784975, 0.9014585780114243], 'per-client-num-examples': [534, 2134]}
[92mINFO [0m:      Global evaluation
[92mINFO [0m:      	└──> MetricRecord: {'loss': 1.0295721411705017, 'accuracy': 0.7785, 'f1': 0.7784603005455044, 'precision': 0.7813523993348755, 'auc': 0.9339970833333334}
[92mINFO [0m:      
[92mINFO [0m:      [ROUND 13/20]
[92mINFO [0m:      configure_train: Sampled 2 nodes (out of 2)
[36m(ClientAppActor pid=2183)[0m /usr/lib/python3.12/multiprocessing/popen_fork.py:66: DeprecationWarning: This process (pid=2183) is multi-threaded, use of fork() may lead to deadlocks in the child.[32m [repeated 2x across cluster][0m
[36m(ClientAppActor pid=2183)[0m   self.pid = os.fork()[32m [repeated 2x across cluster][0m
[92mINFO [0m:      aggregate_train: Received 2 results and 0 failures
[92mINFO [0m:      aggregate_fit: parameters are clipped by value: 5.0000.
[92mINFO [0m:      aggregate_fit: parameters are clipped by value: 5.0000.
[92mINFO [0m:      aggregate_train: Received 2 results and 0 failures
[92mINFO [0m:      aggregate_fit: central DP noise with 0.0250 stdev added
[92mINFO [0m:      	└──> Aggregated MetricRecord: {'train_loss': 0.0571444569875133, 'train_loss_mean': 0.10091566279546244, 'client-ids': [0, 1], 'per-client-num-examples': [2133, 8532], 'per-client-train_loss': [0.06144190038367931, 0.05607009613847179], 'per-client-train_loss_mean': [0.16722421382824146, 0.08433852503726767], 'dp-client-ids': [0, 1], 'dp-update-norms-before-clipping': [6.5600174858300475, 12.314187526065497], 'dp-client-clipped': [1, 1], 'dp-num-clients-clipped': 2, 'dp-fraction-clipped': 1.0, 'dp-signal-update-norm': 4.1259168910811255, 'dp-parameter-count': 226596, 'dp-expected-noise-l2-norm': 11.900525198494392, 'dp-noise-to-signal-ratio': 2.8843346855142458, 'dp-noise-percent-of-signal': 288.4334685514246, 'global-dp-noise-stdv': 0.025}
[92mINFO [0m:      configure_evaluate: Sampled 2 nodes (out of 2)
[92mINFO [0m:      aggregate_evaluate: Received 2 results and 0 failures
[92mINFO [0m:      	└──> Aggregated MetricRecord: {'eval_loss': 0.8728398901411797, 'eval_acc': 0.803223388305847, 'client-ids': [0, 1], 'per-client-eval_acc': [0.8033707865168539, 0.8031865042174321], 'per-client-eval_loss': [0.8457503408081969, 0.8796186246040724], 'per-client-num-examples': [534, 2134]}
[92mINFO [0m:      Global evaluation
[92mINFO [0m:      	└──> MetricRecord: {'loss': 1.0309672536849976, 'accuracy': 0.7835, 'f1': 0.7837638415708275, 'precision': 0.784286043734929, 'auc': 0.9395558333333334}
[92mINFO [0m:      
[92mINFO [0m:      [ROUND 14/20]
[92mINFO [0m:      configure_train: Sampled 2 nodes (out of 2)
[36m(ClientAppActor pid=2184)[0m /usr/lib/python3.12/multiprocessing/popen_fork.py:66: DeprecationWarning: This process (pid=2184) is multi-threaded, use of fork() may lead to deadlocks in the child.[32m [repeated 2x across cluster][0m
[36m(ClientAppActor pid=2184)[0m   self.pid = os.fork()[32m [repeated 2x across cluster][0m
[92mINFO [0m:      aggregate_train: Received 2 results and 0 failures
[92mINFO [0m:      aggregate_fit: parameters are clipped by value: 5.0000.
[92mINFO [0m:      aggregate_fit: parameters are clipped by value: 5.0000.
[92mINFO [0m:      aggregate_train: Received 2 results and 0 failures
[92mINFO [0m:      aggregate_fit: central DP noise with 0.0250 stdev added
[92mINFO [0m:      	└──> Aggregated MetricRecord: {'train_loss': 0.05931279178668623, 'train_loss_mean': 0.09007972978027534, 'client-ids': [0, 1], 'per-client-num-examples': [2133, 8532], 'per-client-train_loss': [0.05733697291374542, 0.059806746504921425], 'per-client-train_loss_mean': [0.14414099932268815, 0.07656441239467213], 'dp-client-ids': [0, 1], 'dp-update-norms-before-clipping': [6.314802906882398, 12.35549634818602], 'dp-client-clipped': [1, 1], 'dp-num-clients-clipped': 2, 'dp-fraction-clipped': 1.0, 'dp-signal-update-norm': 4.125239006750306, 'dp-parameter-count': 226596, 'dp-expected-noise-l2-norm': 11.900525198494392, 'dp-noise-to-signal-ratio': 2.884808656909588, 'dp-noise-percent-of-signal': 288.4808656909588, 'global-dp-noise-stdv': 0.025}
[92mINFO [0m:      configure_evaluate: Sampled 2 nodes (out of 2)
[92mINFO [0m:      aggregate_evaluate: Received 2 results and 0 failures
[92mINFO [0m:      	└──> Aggregated MetricRecord: {'eval_loss': 1.0472940837425448, 'eval_acc': 0.7702398800599699, 'client-ids': [0, 1], 'per-client-eval_acc': [0.7471910112359551, 0.7760074976569822], 'per-client-eval_loss': [1.0854461469900296, 1.0377471288343179], 'per-client-num-examples': [534, 2134]}
[92mINFO [0m:      Global evaluation
[92mINFO [0m:      	└──> MetricRecord: {'loss': 1.22671848154068, 'accuracy': 0.7645, 'f1': 0.763029848291323, 'precision': 0.7674479253938546, 'auc': 0.92508625}
[92mINFO [0m:      
[92mINFO [0m:      [ROUND 15/20]
[92mINFO [0m:      configure_train: Sampled 2 nodes (out of 2)
[36m(ClientAppActor pid=2183)[0m /usr/lib/python3.12/multiprocessing/popen_fork.py:66: DeprecationWarning: This process (pid=2183) is multi-threaded, use of fork() may lead to deadlocks in the child.[32m [repeated 2x across cluster][0m
[36m(ClientAppActor pid=2183)[0m   self.pid = os.fork()[32m [repeated 2x across cluster][0m
[92mINFO [0m:      aggregate_train: Received 2 results and 0 failures
[92mINFO [0m:      aggregate_fit: parameters are clipped by value: 5.0000.
[92mINFO [0m:      aggregate_fit: parameters are clipped by value: 5.0000.
[92mINFO [0m:      aggregate_train: Received 2 results and 0 failures
[92mINFO [0m:      aggregate_fit: central DP noise with 0.0250 stdev added
[92mINFO [0m:      	└──> Aggregated MetricRecord: {'train_loss': 0.0726453200461185, 'train_loss_mean': 0.08787213217940372, 'client-ids': [0, 1], 'per-client-num-examples': [2133, 8532], 'per-client-train_loss': [0.051124410748314086, 0.07802554737056959], 'per-client-train_loss_mean': [0.13183333775700118, 0.07688183078500435], 'dp-client-ids': [0, 1], 'dp-update-norms-before-clipping': [6.526262928961779, 12.582703133030629], 'dp-client-clipped': [1, 1], 'dp-num-clients-clipped': 2, 'dp-fraction-clipped': 1.0, 'dp-signal-update-norm': 4.120730842661537, 'dp-parameter-count': 226596, 'dp-expected-noise-l2-norm': 11.900525198494392, 'dp-noise-to-signal-ratio': 2.88796469676917, 'dp-noise-percent-of-signal': 288.796469676917, 'global-dp-noise-stdv': 0.025}
[92mINFO [0m:      configure_evaluate: Sampled 2 nodes (out of 2)
[92mINFO [0m:      aggregate_evaluate: Received 2 results and 0 failures
[92mINFO [0m:      	└──> Aggregated MetricRecord: {'eval_loss': 1.042839997443838, 'eval_acc': 0.7616191904047975, 'client-ids': [0, 1], 'per-client-eval_acc': [0.7546816479400749, 0.7633552014995314], 'per-client-eval_loss': [1.0669698429464847, 1.0368018824024074], 'per-client-num-examples': [534, 2134]}
[92mINFO [0m:      Global evaluation
[92mINFO [0m:      	└──> MetricRecord: {'loss': 1.1707169320583344, 'accuracy': 0.762, 'f1': 0.7593283749685854, 'precision': 0.7714815575634544, 'auc': 0.9231517916666666}
[92mINFO [0m:      
[92mINFO [0m:      [ROUND 16/20]
[92mINFO [0m:      configure_train: Sampled 2 nodes (out of 2)
[36m(ClientAppActor pid=2183)[0m /usr/lib/python3.12/multiprocessing/popen_fork.py:66: DeprecationWarning: This process (pid=2183) is multi-threaded, use of fork() may lead to deadlocks in the child.[32m [repeated 2x across cluster][0m
[36m(ClientAppActor pid=2183)[0m   self.pid = os.fork()[32m [repeated 2x across cluster][0m
[92mINFO [0m:      aggregate_train: Received 2 results and 0 failures
[92mINFO [0m:      aggregate_fit: parameters are clipped by value: 5.0000.
[92mINFO [0m:      aggregate_fit: parameters are clipped by value: 5.0000.
[92mINFO [0m:      aggregate_train: Received 2 results and 0 failures
[92mINFO [0m:      aggregate_fit: central DP noise with 0.0250 stdev added
[92mINFO [0m:      	└──> Aggregated MetricRecord: {'train_loss': 0.05444883130485541, 'train_loss_mean': 0.08331612908156949, 'client-ids': [0, 1], 'per-client-num-examples': [2133, 8532], 'per-client-train_loss': [0.042329734118382, 0.057478605601473755], 'per-client-train_loss_mean': [0.13366841417735123, 0.07072805780762405], 'dp-client-ids': [0, 1], 'dp-update-norms-before-clipping': [6.667629906472867, 12.255959299848755], 'dp-client-clipped': [1, 1], 'dp-num-clients-clipped': 2, 'dp-fraction-clipped': 1.0, 'dp-signal-update-norm': 4.125057257287846, 'dp-parameter-count': 226596, 'dp-expected-noise-l2-norm': 11.900525198494392, 'dp-noise-to-signal-ratio': 2.884935761187175, 'dp-noise-percent-of-signal': 288.4935761187175, 'global-dp-noise-stdv': 0.025}
[92mINFO [0m:      configure_evaluate: Sampled 2 nodes (out of 2)
[92mINFO [0m:      aggregate_evaluate: Received 2 results and 0 failures
[92mINFO [0m:      	└──> Aggregated MetricRecord: {'eval_loss': 0.9723154327858691, 'eval_acc': 0.7822338830584706, 'client-ids': [0, 1], 'per-client-eval_acc': [0.7827715355805244, 0.782099343955014], 'per-client-eval_loss': [1.0156846475065424, 0.9614629676214645], 'per-client-num-examples': [534, 2134]}
[92mINFO [0m:      Global evaluation
[92mINFO [0m:      	└──> MetricRecord: {'loss': 1.1600123796463013, 'accuracy': 0.78, 'f1': 0.78108950142378, 'precision': 0.7872373564598586, 'auc': 0.9340079166666667}
[92mINFO [0m:      
[92mINFO [0m:      [ROUND 17/20]
[92mINFO [0m:      configure_train: Sampled 2 nodes (out of 2)
[36m(ClientAppActor pid=2184)[0m /usr/lib/python3.12/multiprocessing/popen_fork.py:66: DeprecationWarning: This process (pid=2184) is multi-threaded, use of fork() may lead to deadlocks in the child.[32m [repeated 2x across cluster][0m
[36m(ClientAppActor pid=2184)[0m   self.pid = os.fork()[32m [repeated 2x across cluster][0m
[92mINFO [0m:      aggregate_train: Received 2 results and 0 failures
[92mINFO [0m:      aggregate_fit: parameters are clipped by value: 5.0000.
[92mINFO [0m:      aggregate_fit: parameters are clipped by value: 5.0000.
[92mINFO [0m:      aggregate_train: Received 2 results and 0 failures
[92mINFO [0m:      aggregate_fit: central DP noise with 0.0250 stdev added
[92mINFO [0m:      	└──> Aggregated MetricRecord: {'train_loss': 0.04871897954254491, 'train_loss_mean': 0.07659786488446925, 'client-ids': [0, 1], 'per-client-num-examples': [2133, 8532], 'per-client-train_loss': [0.029105759500423285, 0.05362228455307531], 'per-client-train_loss_mean': [0.11396110320225379, 0.0672570553050231], 'dp-client-ids': [0, 1], 'dp-update-norms-before-clipping': [5.902055356612575, 12.086708172714722], 'dp-client-clipped': [1, 1], 'dp-num-clients-clipped': 2, 'dp-fraction-clipped': 1.0, 'dp-signal-update-norm': 4.125566782492107, 'dp-parameter-count': 226596, 'dp-expected-noise-l2-norm': 11.900525198494392, 'dp-noise-to-signal-ratio': 2.884579459238741, 'dp-noise-percent-of-signal': 288.4579459238741, 'global-dp-noise-stdv': 0.025}
[92mINFO [0m:      configure_evaluate: Sampled 2 nodes (out of 2)
[92mINFO [0m:      aggregate_evaluate: Received 2 results and 0 failures
[92mINFO [0m:      	└──> Aggregated MetricRecord: {'eval_loss': 0.9646706076218807, 'eval_acc': 0.7938530734632683, 'client-ids': [0, 1], 'per-client-eval_acc': [0.8014981273408239, 0.7919400187441424], 'per-client-eval_loss': [0.8883275164200573, 0.9837742677445488], 'per-client-num-examples': [534, 2134]}
[92mINFO [0m:      Global evaluation
[92mINFO [0m:      	└──> MetricRecord: {'loss': 1.1094835126399993, 'accuracy': 0.7815, 'f1': 0.7805146486191871, 'precision': 0.7811122544197443, 'auc': 0.9397804166666666}
[92mINFO [0m:      
[92mINFO [0m:      [ROUND 18/20]
[92mINFO [0m:      configure_train: Sampled 2 nodes (out of 2)
[36m(ClientAppActor pid=2183)[0m /usr/lib/python3.12/multiprocessing/popen_fork.py:66: DeprecationWarning: This process (pid=2183) is multi-threaded, use of fork() may lead to deadlocks in the child.[32m [repeated 2x across cluster][0m
[36m(ClientAppActor pid=2183)[0m   self.pid = os.fork()[32m [repeated 2x across cluster][0m
[92mINFO [0m:      aggregate_train: Received 2 results and 0 failures
[92mINFO [0m:      aggregate_fit: parameters are clipped by value: 5.0000.
[92mINFO [0m:      aggregate_fit: parameters are clipped by value: 5.0000.
[92mINFO [0m:      aggregate_train: Received 2 results and 0 failures
[92mINFO [0m:      aggregate_fit: central DP noise with 0.0250 stdev added
[92mINFO [0m:      	└──> Aggregated MetricRecord: {'train_loss': 0.04385906960531385, 'train_loss_mean': 0.07544686201468645, 'client-ids': [0, 1], 'per-client-num-examples': [2133, 8532], 'per-client-train_loss': [0.06525530532876574, 0.038510010674450874], 'per-client-train_loss_mean': [0.12475891361998519, 0.06311884911336177], 'dp-client-ids': [0, 1], 'dp-update-norms-before-clipping': [6.666237044371178, 12.190982128763862], 'dp-client-clipped': [1, 1], 'dp-num-clients-clipped': 2, 'dp-fraction-clipped': 1.0, 'dp-signal-update-norm': 4.120028704388407, 'dp-parameter-count': 226596, 'dp-expected-noise-l2-norm': 11.900525198494392, 'dp-noise-to-signal-ratio': 2.8884568658025778, 'dp-noise-percent-of-signal': 288.8456865802578, 'global-dp-noise-stdv': 0.025}
[92mINFO [0m:      configure_evaluate: Sampled 2 nodes (out of 2)
[92mINFO [0m:      aggregate_evaluate: Received 2 results and 0 failures
[92mINFO [0m:      	└──> Aggregated MetricRecord: {'eval_loss': 1.15927543212985, 'eval_acc': 0.7822338830584707, 'client-ids': [0, 1], 'per-client-eval_acc': [0.7696629213483146, 0.7853795688847235], 'per-client-eval_loss': [1.1457239786783855, 1.1626664706223908], 'per-client-num-examples': [534, 2134]}
[92mINFO [0m:      Global evaluation
[92mINFO [0m:      	└──> MetricRecord: {'loss': 1.181919092655182, 'accuracy': 0.7765, 'f1': 0.7747988624591817, 'precision': 0.7755220670760992, 'auc': 0.9389431666666667}
[92mINFO [0m:      
[92mINFO [0m:      [ROUND 19/20]
[92mINFO [0m:      configure_train: Sampled 2 nodes (out of 2)
[36m(ClientAppActor pid=2183)[0m /usr/lib/python3.12/multiprocessing/popen_fork.py:66: DeprecationWarning: This process (pid=2183) is multi-threaded, use of fork() may lead to deadlocks in the child.[32m [repeated 2x across cluster][0m
[36m(ClientAppActor pid=2183)[0m   self.pid = os.fork()[32m [repeated 2x across cluster][0m
[92mINFO [0m:      aggregate_train: Received 2 results and 0 failures
[92mINFO [0m:      aggregate_fit: parameters are clipped by value: 5.0000.
[92mINFO [0m:      aggregate_fit: parameters are clipped by value: 5.0000.
[92mINFO [0m:      aggregate_train: Received 2 results and 0 failures
[92mINFO [0m:      aggregate_fit: central DP noise with 0.0250 stdev added
[92mINFO [0m:      	└──> Aggregated MetricRecord: {'train_loss': 0.04780586010610979, 'train_loss_mean': 0.0730592109769429, 'client-ids': [0, 1], 'per-client-num-examples': [2133, 8532], 'per-client-train_loss': [0.04435144656849086, 0.04866946349051452], 'per-client-train_loss_mean': [0.12850041319675082, 0.05919891042199092], 'dp-client-ids': [0, 1], 'dp-update-norms-before-clipping': [6.448722836962376, 12.445650018061965], 'dp-client-clipped': [1, 1], 'dp-num-clients-clipped': 2, 'dp-fraction-clipped': 1.0, 'dp-signal-update-norm': 4.1300773509206525, 'dp-parameter-count': 226596, 'dp-expected-noise-l2-norm': 11.900525198494392, 'dp-noise-to-signal-ratio': 2.8814291325177233, 'dp-noise-percent-of-signal': 288.1429132517723, 'global-dp-noise-stdv': 0.025}
[92mINFO [0m:      configure_evaluate: Sampled 2 nodes (out of 2)
[92mINFO [0m:      aggregate_evaluate: Received 2 results and 0 failures
[92mINFO [0m:      	└──> Aggregated MetricRecord: {'eval_loss': 1.040298644257807, 'eval_acc': 0.7994752623688156, 'client-ids': [0, 1], 'per-client-eval_acc': [0.7846441947565543, 0.8031865042174321], 'per-client-eval_loss': [1.0124347326014371, 1.0472711507360177], 'per-client-num-examples': [534, 2134]}
[92mINFO [0m:      Global evaluation
[92mINFO [0m:      	└──> MetricRecord: {'loss': 1.125895844936371, 'accuracy': 0.7925, 'f1': 0.7932589642903123, 'precision': 0.7947825754611317, 'auc': 0.9463540416666667}
[92mINFO [0m:      
[92mINFO [0m:      [ROUND 20/20]
[92mINFO [0m:      configure_train: Sampled 2 nodes (out of 2)
[36m(ClientAppActor pid=2183)[0m /usr/lib/python3.12/multiprocessing/popen_fork.py:66: DeprecationWarning: This process (pid=2183) is multi-threaded, use of fork() may lead to deadlocks in the child.[32m [repeated 2x across cluster][0m
[36m(ClientAppActor pid=2183)[0m   self.pid = os.fork()[32m [repeated 2x across cluster][0m
[92mINFO [0m:      aggregate_train: Received 2 results and 0 failures
[92mINFO [0m:      aggregate_fit: parameters are clipped by value: 5.0000.
[92mINFO [0m:      aggregate_fit: parameters are clipped by value: 5.0000.
[92mINFO [0m:      aggregate_train: Received 2 results and 0 failures
[92mINFO [0m:      aggregate_fit: central DP noise with 0.0250 stdev added
[92mINFO [0m:      	└──> Aggregated MetricRecord: {'train_loss': 0.02897683560448287, 'train_loss_mean': 0.06412059070964235, 'client-ids': [0, 1], 'per-client-num-examples': [2133, 8532], 'per-client-train_loss': [0.029665396113055194, 0.028804695477339787], 'per-client-train_loss_mean': [0.10122220530796863, 0.05484518706006077], 'dp-client-ids': [0, 1], 'dp-update-norms-before-clipping': [6.1941680530424925, 12.140388333765653], 'dp-client-clipped': [1, 1], 'dp-num-clients-clipped': 2, 'dp-fraction-clipped': 1.0, 'dp-signal-update-norm': 4.121966805339656, 'dp-parameter-count': 226596, 'dp-expected-noise-l2-norm': 11.900525198494392, 'dp-noise-to-signal-ratio': 2.887098746908461, 'dp-noise-percent-of-signal': 288.7098746908461, 'global-dp-noise-stdv': 0.025}
[92mINFO [0m:      configure_evaluate: Sampled 2 nodes (out of 2)
[92mINFO [0m:      aggregate_evaluate: Received 2 results and 0 failures
[92mINFO [0m:      	└──> Aggregated MetricRecord: {'eval_loss': 1.022710317659235, 'eval_acc': 0.795727136431784, 'client-ids': [0, 1], 'per-client-eval_acc': [0.799625468164794, 0.7947516401124649], 'per-client-eval_loss': [0.9719526008720255, 1.0354116394794646], 'per-client-num-examples': [534, 2134]}
[92mINFO [0m:      Global evaluation
[92mINFO [0m:      	└──> MetricRecord: {'loss': 1.191482456445694, 'accuracy': 0.774, 'f1': 0.7761622438602731, 'precision': 0.7816651261993128, 'auc': 0.9412658333333334}
[92mINFO [0m:      
[92mINFO [0m:      Strategy execution finished in 305.16s
[92mINFO [0m:      
[92mINFO [0m:      Final results:
[92mINFO [0m:      
[92mINFO [0m:      	Global Arrays:
[92mINFO [0m:      		ArrayRecord (0.866 MB)
[92mINFO [0m:      	
[92mINFO [0m:      	Aggregated ClientApp-side Train Metrics:
[92mINFO [0m:      	{ 1: { 'client-ids': "['0', '1']",
[92mINFO [0m:      	       'dp-client-clipped': "['1', '1']",
[92mINFO [0m:      	       'dp-client-ids': "['0', '1']",
[92mINFO [0m:      	       'dp-expected-noise-l2-norm': '1.1901e+01',
[92mINFO [0m:      	       'dp-fraction-clipped': '1.0000e+00',
[92mINFO [0m:      	       'dp-noise-percent-of-signal': '2.8250e+02',
[92mINFO [0m:      	       'dp-noise-to-signal-ratio': '2.8250e+00',
[92mINFO [0m:      	       'dp-num-clients-clipped': '2',
[92mINFO [0m:      	       'dp-parameter-count': '226596',
[92mINFO [0m:      	       'dp-signal-update-norm': '4.2125e+00',
[92mINFO [0m:      	       'dp-update-norms-before-clipping': "['6.8368e+00', '1.1761e+01']",
[92mINFO [0m:      	       'global-dp-noise-stdv': '2.5000e-02',
[92mINFO [0m:      	       'per-client-num-examples': "['2133', '8532']",
[92mINFO [0m:      	       'per-client-train_loss': "['9.2187e-01', '6.6618e-01']",
[92mINFO [0m:      	       'per-client-train_loss_mean': "['1.1062e+00', '8.1840e-01']",
[92mINFO [0m:      	       'train_loss': '7.1732e-01',
[92mINFO [0m:      	       'train_loss_mean': '8.7596e-01'},
[92mINFO [0m:      	  2: { 'client-ids': "['0', '1']",
[92mINFO [0m:      	       'dp-client-clipped': "['1', '1']",
[92mINFO [0m:      	       'dp-client-ids': "['0', '1']",
[92mINFO [0m:      	       'dp-expected-noise-l2-norm': '1.1901e+01',
[92mINFO [0m:      	       'dp-fraction-clipped': '1.0000e+00',
[92mINFO [0m:      	       'dp-noise-percent-of-signal': '2.7022e+02',
[92mINFO [0m:      	       'dp-noise-to-signal-ratio': '2.7022e+00',
[92mINFO [0m:      	       'dp-num-clients-clipped': '2',
[92mINFO [0m:      	       'dp-parameter-count': '226596',
[92mINFO [0m:      	       'dp-signal-update-norm': '4.4041e+00',
[92mINFO [0m:      	       'dp-update-norms-before-clipping': "['6.8140e+00', '1.4442e+01']",
[92mINFO [0m:      	       'global-dp-noise-stdv': '2.5000e-02',
[92mINFO [0m:      	       'per-client-num-examples': "['2133', '8532']",
[92mINFO [0m:      	       'per-client-train_loss': "['6.9202e-01', '5.3732e-01']",
[92mINFO [0m:      	       'per-client-train_loss_mean': "['8.0510e-01', '6.5615e-01']",
[92mINFO [0m:      	       'train_loss': '5.6826e-01',
[92mINFO [0m:      	       'train_loss_mean': '6.8594e-01'},
[92mINFO [0m:      	  3: { 'client-ids': "['0', '1']",
[92mINFO [0m:      	       'dp-client-clipped': "['1', '1']",
[92mINFO [0m:      	       'dp-client-ids': "['0', '1']",
[92mINFO [0m:      	       'dp-expected-noise-l2-norm': '1.1901e+01',
[92mINFO [0m:      	       'dp-fraction-clipped': '1.0000e+00',
[92mINFO [0m:      	       'dp-noise-percent-of-signal': '2.7262e+02',
[92mINFO [0m:      	       'dp-noise-to-signal-ratio': '2.7262e+00',
[92mINFO [0m:      	       'dp-num-clients-clipped': '2',
[92mINFO [0m:      	       'dp-parameter-count': '226596',
[92mINFO [0m:      	       'dp-signal-update-norm': '4.3653e+00',
[92mINFO [0m:      	       'dp-update-norms-before-clipping': "['7.4827e+00', '1.4669e+01']",
[92mINFO [0m:      	       'global-dp-noise-stdv': '2.5000e-02',
[92mINFO [0m:      	       'per-client-num-examples': "['2133', '8532']",
[92mINFO [0m:      	       'per-client-train_loss': "['5.1601e-01', '4.2180e-01']",
[92mINFO [0m:      	       'per-client-train_loss_mean': "['6.3830e-01', '5.4261e-01']",
[92mINFO [0m:      	       'train_loss': '4.4065e-01',
[92mINFO [0m:      	       'train_loss_mean': '5.6175e-01'},
[92mINFO [0m:      	  4: { 'client-ids': "['0', '1']",
[92mINFO [0m:      	       'dp-client-clipped': "['1', '1']",
[92mINFO [0m:      	       'dp-client-ids': "['0', '1']",
[92mINFO [0m:      	       'dp-expected-noise-l2-norm': '1.1901e+01',
[92mINFO [0m:      	       'dp-fraction-clipped': '1.0000e+00',
[92mINFO [0m:      	       'dp-noise-percent-of-signal': '2.7836e+02',
[92mINFO [0m:      	       'dp-noise-to-signal-ratio': '2.7836e+00',
[92mINFO [0m:      	       'dp-num-clients-clipped': '2',
[92mINFO [0m:      	       'dp-parameter-count': '226596',
[92mINFO [0m:      	       'dp-signal-update-norm': '4.2753e+00',
[92mINFO [0m:      	       'dp-update-norms-before-clipping': "['7.4721e+00', '1.4849e+01']",
[92mINFO [0m:      	       'global-dp-noise-stdv': '2.5000e-02',
[92mINFO [0m:      	       'per-client-num-examples': "['2133', '8532']",
[92mINFO [0m:      	       'per-client-train_loss': "['4.1487e-01', '3.3619e-01']",
[92mINFO [0m:      	       'per-client-train_loss_mean': "['5.2557e-01', '4.4968e-01']",
[92mINFO [0m:      	       'train_loss': '3.5193e-01',
[92mINFO [0m:      	       'train_loss_mean': '4.6486e-01'},
[92mINFO [0m:      	  5: { 'client-ids': "['0', '1']",
[92mINFO [0m:      	       'dp-client-clipped': "['1', '1']",
[92mINFO [0m:      	       'dp-client-ids': "['0', '1']",
[92mINFO [0m:      	       'dp-expected-noise-l2-norm': '1.1901e+01',
[92mINFO [0m:      	       'dp-fraction-clipped': '1.0000e+00',
[92mINFO [0m:      	       'dp-noise-percent-of-signal': '2.8217e+02',
[92mINFO [0m:      	       'dp-noise-to-signal-ratio': '2.8217e+00',
[92mINFO [0m:      	       'dp-num-clients-clipped': '2',
[92mINFO [0m:      	       'dp-parameter-count': '226596',
[92mINFO [0m:      	       'dp-signal-update-norm': '4.2175e+00',
[92mINFO [0m:      	       'dp-update-norms-before-clipping': "['7.7655e+00', '1.4630e+01']",
[92mINFO [0m:      	       'global-dp-noise-stdv': '2.5000e-02',
[92mINFO [0m:      	       'per-client-num-examples': "['2133', '8532']",
[92mINFO [0m:      	       'per-client-train_loss': "['2.6400e-01', '2.6028e-01']",
[92mINFO [0m:      	       'per-client-train_loss_mean': "['4.2284e-01', '3.6497e-01']",
[92mINFO [0m:      	       'train_loss': '2.6103e-01',
[92mINFO [0m:      	       'train_loss_mean': '3.7655e-01'},
[92mINFO [0m:      	  6: { 'client-ids': "['0', '1']",
[92mINFO [0m:      	       'dp-client-clipped': "['1', '1']",
[92mINFO [0m:      	       'dp-client-ids': "['0', '1']",
[92mINFO [0m:      	       'dp-expected-noise-l2-norm': '1.1901e+01',
[92mINFO [0m:      	       'dp-fraction-clipped': '1.0000e+00',
[92mINFO [0m:      	       'dp-noise-percent-of-signal': '2.8420e+02',
[92mINFO [0m:      	       'dp-noise-to-signal-ratio': '2.8420e+00',
[92mINFO [0m:      	       'dp-num-clients-clipped': '2',
[92mINFO [0m:      	       'dp-parameter-count': '226596',
[92mINFO [0m:      	       'dp-signal-update-norm': '4.1874e+00',
[92mINFO [0m:      	       'dp-update-norms-before-clipping': "['8.1602e+00', '1.4528e+01']",
[92mINFO [0m:      	       'global-dp-noise-stdv': '2.5000e-02',
[92mINFO [0m:      	       'per-client-num-examples': "['2133', '8532']",
[92mINFO [0m:      	       'per-client-train_loss': "['1.9435e-01', '1.8453e-01']",
[92mINFO [0m:      	       'per-client-train_loss_mean': "['3.4596e-01', '2.9019e-01']",
[92mINFO [0m:      	       'train_loss': '1.8650e-01',
[92mINFO [0m:      	       'train_loss_mean': '3.0134e-01'},
[92mINFO [0m:      	  7: { 'client-ids': "['0', '1']",
[92mINFO [0m:      	       'dp-client-clipped': "['1', '1']",
[92mINFO [0m:      	       'dp-client-ids': "['0', '1']",
[92mINFO [0m:      	       'dp-expected-noise-l2-norm': '1.1901e+01',
[92mINFO [0m:      	       'dp-fraction-clipped': '1.0000e+00',
[92mINFO [0m:      	       'dp-noise-percent-of-signal': '2.8483e+02',
[92mINFO [0m:      	       'dp-noise-to-signal-ratio': '2.8483e+00',
[92mINFO [0m:      	       'dp-num-clients-clipped': '2',
[92mINFO [0m:      	       'dp-parameter-count': '226596',
[92mINFO [0m:      	       'dp-signal-update-norm': '4.1782e+00',
[92mINFO [0m:      	       'dp-update-norms-before-clipping': "['7.8889e+00', '1.3929e+01']",
[92mINFO [0m:      	       'global-dp-noise-stdv': '2.5000e-02',
[92mINFO [0m:      	       'per-client-num-examples': "['2133', '8532']",
[92mINFO [0m:      	       'per-client-train_loss': "['1.4271e-01', '1.3867e-01']",
[92mINFO [0m:      	       'per-client-train_loss_mean': "['2.8823e-01', '2.2527e-01']",
[92mINFO [0m:      	       'train_loss': '1.3948e-01',
[92mINFO [0m:      	       'train_loss_mean': '2.3786e-01'},
[92mINFO [0m:      	  8: { 'client-ids': "['0', '1']",
[92mINFO [0m:      	       'dp-client-clipped': "['1', '1']",
[92mINFO [0m:      	       'dp-client-ids': "['0', '1']",
[92mINFO [0m:      	       'dp-expected-noise-l2-norm': '1.1901e+01',
[92mINFO [0m:      	       'dp-fraction-clipped': '1.0000e+00',
[92mINFO [0m:      	       'dp-noise-percent-of-signal': '2.8664e+02',
[92mINFO [0m:      	       'dp-noise-to-signal-ratio': '2.8664e+00',
[92mINFO [0m:      	       'dp-num-clients-clipped': '2',
[92mINFO [0m:      	       'dp-parameter-count': '226596',
[92mINFO [0m:      	       'dp-signal-update-norm': '4.1517e+00',
[92mINFO [0m:      	       'dp-update-norms-before-clipping': "['7.4073e+00', '1.3435e+01']",
[92mINFO [0m:      	       'global-dp-noise-stdv': '2.5000e-02',
[92mINFO [0m:      	       'per-client-num-examples': "['2133', '8532']",
[92mINFO [0m:      	       'per-client-train_loss': "['1.2371e-01', '1.1374e-01']",
[92mINFO [0m:      	       'per-client-train_loss_mean': "['2.4499e-01', '1.8162e-01']",
[92mINFO [0m:      	       'train_loss': '1.1573e-01',
[92mINFO [0m:      	       'train_loss_mean': '1.9430e-01'},
[92mINFO [0m:      	  9: { 'client-ids': "['0', '1']",
[92mINFO [0m:      	       'dp-client-clipped': "['1', '1']",
[92mINFO [0m:      	       'dp-client-ids': "['0', '1']",
[92mINFO [0m:      	       'dp-expected-noise-l2-norm': '1.1901e+01',
[92mINFO [0m:      	       'dp-fraction-clipped': '1.0000e+00',
[92mINFO [0m:      	       'dp-noise-percent-of-signal': '2.8768e+02',
[92mINFO [0m:      	       'dp-noise-to-signal-ratio': '2.8768e+00',
[92mINFO [0m:      	       'dp-num-clients-clipped': '2',
[92mINFO [0m:      	       'dp-parameter-count': '226596',
[92mINFO [0m:      	       'dp-signal-update-norm': '4.1367e+00',
[92mINFO [0m:      	       'dp-update-norms-before-clipping': "['7.4948e+00', '1.3097e+01']",
[92mINFO [0m:      	       'global-dp-noise-stdv': '2.5000e-02',
[92mINFO [0m:      	       'per-client-num-examples': "['2133', '8532']",
[92mINFO [0m:      	       'per-client-train_loss': "['8.8306e-02', '1.0587e-01']",
[92mINFO [0m:      	       'per-client-train_loss_mean': "['2.2243e-01', '1.4612e-01']",
[92mINFO [0m:      	       'train_loss': '1.0236e-01',
[92mINFO [0m:      	       'train_loss_mean': '1.6138e-01'},
[92mINFO [0m:      	  10: { 'client-ids': "['0', '1']",
[92mINFO [0m:      	        'dp-client-clipped': "['1', '1']",
[92mINFO [0m:      	        'dp-client-ids': "['0', '1']",
[92mINFO [0m:      	        'dp-expected-noise-l2-norm': '1.1901e+01',
[92mINFO [0m:      	        'dp-fraction-clipped': '1.0000e+00',
[92mINFO [0m:      	        'dp-noise-percent-of-signal': '2.8825e+02',
[92mINFO [0m:      	        'dp-noise-to-signal-ratio': '2.8825e+00',
[92mINFO [0m:      	        'dp-num-clients-clipped': '2',
[92mINFO [0m:      	        'dp-parameter-count': '226596',
[92mINFO [0m:      	        'dp-signal-update-norm': '4.1285e+00',
[92mINFO [0m:      	        'dp-update-norms-before-clipping': "['7.2472e+00', '1.2589e+01']",
[92mINFO [0m:      	        'global-dp-noise-stdv': '2.5000e-02',
[92mINFO [0m:      	        'per-client-num-examples': "['2133', '8532']",
[92mINFO [0m:      	        'per-client-train_loss': "['6.9576e-02', '7.7778e-02']",
[92mINFO [0m:      	        'per-client-train_loss_mean': "['1.9557e-01', '1.1857e-01']",
[92mINFO [0m:      	        'train_loss': '7.6138e-02',
[92mINFO [0m:      	        'train_loss_mean': '1.3397e-01'},
[92mINFO [0m:      	  11: { 'client-ids': "['0', '1']",
[92mINFO [0m:      	        'dp-client-clipped': "['1', '1']",
[92mINFO [0m:      	        'dp-client-ids': "['0', '1']",
[92mINFO [0m:      	        'dp-expected-noise-l2-norm': '1.1901e+01',
[92mINFO [0m:      	        'dp-fraction-clipped': '1.0000e+00',
[92mINFO [0m:      	        'dp-noise-percent-of-signal': '2.8848e+02',
[92mINFO [0m:      	        'dp-noise-to-signal-ratio': '2.8848e+00',
[92mINFO [0m:      	        'dp-num-clients-clipped': '2',
[92mINFO [0m:      	        'dp-parameter-count': '226596',
[92mINFO [0m:      	        'dp-signal-update-norm': '4.1253e+00',
[92mINFO [0m:      	        'dp-update-norms-before-clipping': "['6.7402e+00', '1.2224e+01']",
[92mINFO [0m:      	        'global-dp-noise-stdv': '2.5000e-02',
[92mINFO [0m:      	        'per-client-num-examples': "['2133', '8532']",
[92mINFO [0m:      	        'per-client-train_loss': "['5.2054e-02', '6.8158e-02']",
[92mINFO [0m:      	        'per-client-train_loss_mean': "['1.7321e-01', '1.0264e-01']",
[92mINFO [0m:      	        'train_loss': '6.4937e-02',
[92mINFO [0m:      	        'train_loss_mean': '1.1675e-01'},
[92mINFO [0m:      	  12: { 'client-ids': "['0', '1']",
[92mINFO [0m:      	        'dp-client-clipped': "['1', '1']",
[92mINFO [0m:      	        'dp-client-ids': "['0', '1']",
[92mINFO [0m:      	        'dp-expected-noise-l2-norm': '1.1901e+01',
[92mINFO [0m:      	        'dp-fraction-clipped': '1.0000e+00',
[92mINFO [0m:      	        'dp-noise-percent-of-signal': '2.8835e+02',
[92mINFO [0m:      	        'dp-noise-to-signal-ratio': '2.8835e+00',
[92mINFO [0m:      	        'dp-num-clients-clipped': '2',
[92mINFO [0m:      	        'dp-parameter-count': '226596',
[92mINFO [0m:      	        'dp-signal-update-norm': '4.1271e+00',
[92mINFO [0m:      	        'dp-update-norms-before-clipping': "['6.7012e+00', '1.2416e+01']",
[92mINFO [0m:      	        'global-dp-noise-stdv': '2.5000e-02',
[92mINFO [0m:      	        'per-client-num-examples': "['2133', '8532']",
[92mINFO [0m:      	        'per-client-train_loss': "['4.1450e-02', '7.8030e-02']",
[92mINFO [0m:      	        'per-client-train_loss_mean': "['1.6696e-01', '9.7379e-02']",
[92mINFO [0m:      	        'train_loss': '7.0714e-02',
[92mINFO [0m:      	        'train_loss_mean': '1.1129e-01'},
[92mINFO [0m:      	  13: { 'client-ids': "['0', '1']",
[92mINFO [0m:      	        'dp-client-clipped': "['1', '1']",
[92mINFO [0m:      	        'dp-client-ids': "['0', '1']",
[92mINFO [0m:      	        'dp-expected-noise-l2-norm': '1.1901e+01',
[92mINFO [0m:      	        'dp-fraction-clipped': '1.0000e+00',
[92mINFO [0m:      	        'dp-noise-percent-of-signal': '2.8843e+02',
[92mINFO [0m:      	        'dp-noise-to-signal-ratio': '2.8843e+00',
[92mINFO [0m:      	        'dp-num-clients-clipped': '2',
[92mINFO [0m:      	        'dp-parameter-count': '226596',
[92mINFO [0m:      	        'dp-signal-update-norm': '4.1259e+00',
[92mINFO [0m:      	        'dp-update-norms-before-clipping': "['6.5600e+00', '1.2314e+01']",
[92mINFO [0m:      	        'global-dp-noise-stdv': '2.5000e-02',
[92mINFO [0m:      	        'per-client-num-examples': "['2133', '8532']",
[92mINFO [0m:      	        'per-client-train_loss': "['6.1442e-02', '5.6070e-02']",
[92mINFO [0m:      	        'per-client-train_loss_mean': "['1.6722e-01', '8.4339e-02']",
[92mINFO [0m:      	        'train_loss': '5.7144e-02',
[92mINFO [0m:      	        'train_loss_mean': '1.0092e-01'},
[92mINFO [0m:      	  14: { 'client-ids': "['0', '1']",
[92mINFO [0m:      	        'dp-client-clipped': "['1', '1']",
[92mINFO [0m:      	        'dp-client-ids': "['0', '1']",
[92mINFO [0m:      	        'dp-expected-noise-l2-norm': '1.1901e+01',
[92mINFO [0m:      	        'dp-fraction-clipped': '1.0000e+00',
[92mINFO [0m:      	        'dp-noise-percent-of-signal': '2.8848e+02',
[92mINFO [0m:      	        'dp-noise-to-signal-ratio': '2.8848e+00',
[92mINFO [0m:      	        'dp-num-clients-clipped': '2',
[92mINFO [0m:      	        'dp-parameter-count': '226596',
[92mINFO [0m:      	        'dp-signal-update-norm': '4.1252e+00',
[92mINFO [0m:      	        'dp-update-norms-before-clipping': "['6.3148e+00', '1.2355e+01']",
[92mINFO [0m:      	        'global-dp-noise-stdv': '2.5000e-02',
[92mINFO [0m:      	        'per-client-num-examples': "['2133', '8532']",
[92mINFO [0m:      	        'per-client-train_loss': "['5.7337e-02', '5.9807e-02']",
[92mINFO [0m:      	        'per-client-train_loss_mean': "['1.4414e-01', '7.6564e-02']",
[92mINFO [0m:      	        'train_loss': '5.9313e-02',
[92mINFO [0m:      	        'train_loss_mean': '9.0080e-02'},
[92mINFO [0m:      	  15: { 'client-ids': "['0', '1']",
[92mINFO [0m:      	        'dp-client-clipped': "['1', '1']",
[92mINFO [0m:      	        'dp-client-ids': "['0', '1']",
[92mINFO [0m:      	        'dp-expected-noise-l2-norm': '1.1901e+01',
[92mINFO [0m:      	        'dp-fraction-clipped': '1.0000e+00',
[92mINFO [0m:      	        'dp-noise-percent-of-signal': '2.8880e+02',
[92mINFO [0m:      	        'dp-noise-to-signal-ratio': '2.8880e+00',
[92mINFO [0m:      	        'dp-num-clients-clipped': '2',
[92mINFO [0m:      	        'dp-parameter-count': '226596',
[92mINFO [0m:      	        'dp-signal-update-norm': '4.1207e+00',
[92mINFO [0m:      	        'dp-update-norms-before-clipping': "['6.5263e+00', '1.2583e+01']",
[92mINFO [0m:      	        'global-dp-noise-stdv': '2.5000e-02',
[92mINFO [0m:      	        'per-client-num-examples': "['2133', '8532']",
[92mINFO [0m:      	        'per-client-train_loss': "['5.1124e-02', '7.8026e-02']",
[92mINFO [0m:      	        'per-client-train_loss_mean': "['1.3183e-01', '7.6882e-02']",
[92mINFO [0m:      	        'train_loss': '7.2645e-02',
[92mINFO [0m:      	        'train_loss_mean': '8.7872e-02'},
[92mINFO [0m:      	  16: { 'client-ids': "['0', '1']",
[92mINFO [0m:      	        'dp-client-clipped': "['1', '1']",
[92mINFO [0m:      	        'dp-client-ids': "['0', '1']",
[92mINFO [0m:      	        'dp-expected-noise-l2-norm': '1.1901e+01',
[92mINFO [0m:      	        'dp-fraction-clipped': '1.0000e+00',
[92mINFO [0m:      	        'dp-noise-percent-of-signal': '2.8849e+02',
[92mINFO [0m:      	        'dp-noise-to-signal-ratio': '2.8849e+00',
[92mINFO [0m:      	        'dp-num-clients-clipped': '2',
[92mINFO [0m:      	        'dp-parameter-count': '226596',
[92mINFO [0m:      	        'dp-signal-update-norm': '4.1251e+00',
[92mINFO [0m:      	        'dp-update-norms-before-clipping': "['6.6676e+00', '1.2256e+01']",
[92mINFO [0m:      	        'global-dp-noise-stdv': '2.5000e-02',
[92mINFO [0m:      	        'per-client-num-examples': "['2133', '8532']",
[92mINFO [0m:      	        'per-client-train_loss': "['4.2330e-02', '5.7479e-02']",
[92mINFO [0m:      	        'per-client-train_loss_mean': "['1.3367e-01', '7.0728e-02']",
[92mINFO [0m:      	        'train_loss': '5.4449e-02',
[92mINFO [0m:      	        'train_loss_mean': '8.3316e-02'},
[92mINFO [0m:      	  17: { 'client-ids': "['0', '1']",
[92mINFO [0m:      	        'dp-client-clipped': "['1', '1']",
[92mINFO [0m:      	        'dp-client-ids': "['0', '1']",
[92mINFO [0m:      	        'dp-expected-noise-l2-norm': '1.1901e+01',
[92mINFO [0m:      	        'dp-fraction-clipped': '1.0000e+00',
[92mINFO [0m:      	        'dp-noise-percent-of-signal': '2.8846e+02',
[92mINFO [0m:      	        'dp-noise-to-signal-ratio': '2.8846e+00',
[92mINFO [0m:      	        'dp-num-clients-clipped': '2',
[92mINFO [0m:      	        'dp-parameter-count': '226596',
[92mINFO [0m:      	        'dp-signal-update-norm': '4.1256e+00',
[92mINFO [0m:      	        'dp-update-norms-before-clipping': "['5.9021e+00', '1.2087e+01']",
[92mINFO [0m:      	        'global-dp-noise-stdv': '2.5000e-02',
[92mINFO [0m:      	        'per-client-num-examples': "['2133', '8532']",
[92mINFO [0m:      	        'per-client-train_loss': "['2.9106e-02', '5.3622e-02']",
[92mINFO [0m:      	        'per-client-train_loss_mean': "['1.1396e-01', '6.7257e-02']",
[92mINFO [0m:      	        'train_loss': '4.8719e-02',
[92mINFO [0m:      	        'train_loss_mean': '7.6598e-02'},
[92mINFO [0m:      	  18: { 'client-ids': "['0', '1']",
[92mINFO [0m:      	        'dp-client-clipped': "['1', '1']",
[92mINFO [0m:      	        'dp-client-ids': "['0', '1']",
[92mINFO [0m:      	        'dp-expected-noise-l2-norm': '1.1901e+01',
[92mINFO [0m:      	        'dp-fraction-clipped': '1.0000e+00',
[92mINFO [0m:      	        'dp-noise-percent-of-signal': '2.8885e+02',
[92mINFO [0m:      	        'dp-noise-to-signal-ratio': '2.8885e+00',
[92mINFO [0m:      	        'dp-num-clients-clipped': '2',
[92mINFO [0m:      	        'dp-parameter-count': '226596',
[92mINFO [0m:      	        'dp-signal-update-norm': '4.1200e+00',
[92mINFO [0m:      	        'dp-update-norms-before-clipping': "['6.6662e+00', '1.2191e+01']",
[92mINFO [0m:      	        'global-dp-noise-stdv': '2.5000e-02',
[92mINFO [0m:      	        'per-client-num-examples': "['2133', '8532']",
[92mINFO [0m:      	        'per-client-train_loss': "['6.5255e-02', '3.8510e-02']",
[92mINFO [0m:      	        'per-client-train_loss_mean': "['1.2476e-01', '6.3119e-02']",
[92mINFO [0m:      	        'train_loss': '4.3859e-02',
[92mINFO [0m:      	        'train_loss_mean': '7.5447e-02'},
[92mINFO [0m:      	  19: { 'client-ids': "['0', '1']",
[92mINFO [0m:      	        'dp-client-clipped': "['1', '1']",
[92mINFO [0m:      	        'dp-client-ids': "['0', '1']",
[92mINFO [0m:      	        'dp-expected-noise-l2-norm': '1.1901e+01',
[92mINFO [0m:      	        'dp-fraction-clipped': '1.0000e+00',
[92mINFO [0m:      	        'dp-noise-percent-of-signal': '2.8814e+02',
[92mINFO [0m:      	        'dp-noise-to-signal-ratio': '2.8814e+00',
[92mINFO [0m:      	        'dp-num-clients-clipped': '2',
[92mINFO [0m:      	        'dp-parameter-count': '226596',
[92mINFO [0m:      	        'dp-signal-update-norm': '4.1301e+00',
[92mINFO [0m:      	        'dp-update-norms-before-clipping': "['6.4487e+00', '1.2446e+01']",
[92mINFO [0m:      	        'global-dp-noise-stdv': '2.5000e-02',
[92mINFO [0m:      	        'per-client-num-examples': "['2133', '8532']",
[92mINFO [0m:      	        'per-client-train_loss': "['4.4351e-02', '4.8669e-02']",
[92mINFO [0m:      	        'per-client-train_loss_mean': "['1.2850e-01', '5.9199e-02']",
[92mINFO [0m:      	        'train_loss': '4.7806e-02',
[92mINFO [0m:      	        'train_loss_mean': '7.3059e-02'},
[92mINFO [0m:      	  20: { 'client-ids': "['0', '1']",
[92mINFO [0m:      	        'dp-client-clipped': "['1', '1']",
[92mINFO [0m:      	        'dp-client-ids': "['0', '1']",
[92mINFO [0m:      	        'dp-expected-noise-l2-norm': '1.1901e+01',
[92mINFO [0m:      	        'dp-fraction-clipped': '1.0000e+00',
[92mINFO [0m:      	        'dp-noise-percent-of-signal': '2.8871e+02',
[92mINFO [0m:      	        'dp-noise-to-signal-ratio': '2.8871e+00',
[92mINFO [0m:      	        'dp-num-clients-clipped': '2',
[92mINFO [0m:      	        'dp-parameter-count': '226596',
[92mINFO [0m:      	        'dp-signal-update-norm': '4.1220e+00',
[92mINFO [0m:      	        'dp-update-norms-before-clipping': "['6.1942e+00', '1.2140e+01']",
[92mINFO [0m:      	        'global-dp-noise-stdv': '2.5000e-02',
[92mINFO [0m:      	        'per-client-num-examples': "['2133', '8532']",
[92mINFO [0m:      	        'per-client-train_loss': "['2.9665e-02', '2.8805e-02']",
[92mINFO [0m:      	        'per-client-train_loss_mean': "['1.0122e-01', '5.4845e-02']",
[92mINFO [0m:      	        'train_loss': '2.8977e-02',
[92mINFO [0m:      	        'train_loss_mean': '6.4121e-02'}}
[92mINFO [0m:      	
[92mINFO [0m:      	Aggregated ClientApp-side Evaluate Metrics:
[92mINFO [0m:      	{ 1: { 'client-ids': "['0', '1']",
[92mINFO [0m:      	       'eval_acc': '5.0187e-01',
[92mINFO [0m:      	       'eval_loss': '1.3458e+00',
[92mINFO [0m:      	       'per-client-eval_acc': "['4.9064e-01', '5.0469e-01']",
[92mINFO [0m:      	       'per-client-eval_loss': "['1.3477e+00', '1.3454e+00']",
[92mINFO [0m:      	       'per-client-num-examples': "['534', '2134']"},
[92mINFO [0m:      	  2: { 'client-ids': "['0', '1']",
[92mINFO [0m:      	       'eval_acc': '6.3681e-01',
[92mINFO [0m:      	       'eval_loss': '1.1472e+00',
[92mINFO [0m:      	       'per-client-eval_acc': "['6.2547e-01', '6.3964e-01']",
[92mINFO [0m:      	       'per-client-eval_loss': "['1.1505e+00', '1.1464e+00']",
[92mINFO [0m:      	       'per-client-num-examples': "['534', '2134']"},
[92mINFO [0m:      	  3: { 'client-ids': "['0', '1']",
[92mINFO [0m:      	       'eval_acc': '6.9715e-01',
[92mINFO [0m:      	       'eval_loss': '9.2494e-01',
[92mINFO [0m:      	       'per-client-eval_acc': "['6.8727e-01', '6.9963e-01']",
[92mINFO [0m:      	       'per-client-eval_loss': "['9.4619e-01', '9.1962e-01']",
[92mINFO [0m:      	       'per-client-num-examples': "['534', '2134']"},
[92mINFO [0m:      	  4: { 'client-ids': "['0', '1']",
[92mINFO [0m:      	       'eval_acc': '6.4955e-01',
[92mINFO [0m:      	       'eval_loss': '9.0172e-01',
[92mINFO [0m:      	       'per-client-eval_acc': "['6.6479e-01', '6.4574e-01']",
[92mINFO [0m:      	       'per-client-eval_loss': "['8.9353e-01', '9.0377e-01']",
[92mINFO [0m:      	       'per-client-num-examples': "['534', '2134']"},
[92mINFO [0m:      	  5: { 'client-ids': "['0', '1']",
[92mINFO [0m:      	       'eval_acc': '7.4175e-01',
[92mINFO [0m:      	       'eval_loss': '6.7582e-01',
[92mINFO [0m:      	       'per-client-eval_acc': "['7.4719e-01', '7.4039e-01']",
[92mINFO [0m:      	       'per-client-eval_loss': "['6.8782e-01', '6.7281e-01']",
[92mINFO [0m:      	       'per-client-num-examples': "['534', '2134']"},
[92mINFO [0m:      	  6: { 'client-ids': "['0', '1']",
[92mINFO [0m:      	       'eval_acc': '7.7699e-01',
[92mINFO [0m:      	       'eval_loss': '5.8647e-01',
[92mINFO [0m:      	       'per-client-eval_acc': "['7.8277e-01', '7.7554e-01']",
[92mINFO [0m:      	       'per-client-eval_loss': "['5.7553e-01', '5.8921e-01']",
[92mINFO [0m:      	       'per-client-num-examples': "['534', '2134']"},
[92mINFO [0m:      	  7: { 'client-ids': "['0', '1']",
[92mINFO [0m:      	       'eval_acc': '7.7811e-01',
[92mINFO [0m:      	       'eval_loss': '5.9061e-01',
[92mINFO [0m:      	       'per-client-eval_acc': "['7.7903e-01', '7.7788e-01']",
[92mINFO [0m:      	       'per-client-eval_loss': "['5.9230e-01', '5.9019e-01']",
[92mINFO [0m:      	       'per-client-num-examples': "['534', '2134']"},
[92mINFO [0m:      	  8: { 'client-ids': "['0', '1']",
[92mINFO [0m:      	       'eval_acc': '7.3651e-01',
[92mINFO [0m:      	       'eval_loss': '7.6379e-01',
[92mINFO [0m:      	       'per-client-eval_acc': "['7.3221e-01', '7.3758e-01']",
[92mINFO [0m:      	       'per-client-eval_loss': "['7.5824e-01', '7.6518e-01']",
[92mINFO [0m:      	       'per-client-num-examples': "['534', '2134']"},
[92mINFO [0m:      	  9: { 'client-ids': "['0', '1']",
[92mINFO [0m:      	       'eval_acc': '7.3051e-01',
[92mINFO [0m:      	       'eval_loss': '8.9072e-01',
[92mINFO [0m:      	       'per-client-eval_acc': "['7.3408e-01', '7.2962e-01']",
[92mINFO [0m:      	       'per-client-eval_loss': "['8.8657e-01', '8.9175e-01']",
[92mINFO [0m:      	       'per-client-num-examples': "['534', '2134']"},
[92mINFO [0m:      	  10: { 'client-ids': "['0', '1']",
[92mINFO [0m:      	        'eval_acc': '7.1289e-01',
[92mINFO [0m:      	        'eval_loss': '1.0441e+00',
[92mINFO [0m:      	        'per-client-eval_acc': "['6.8165e-01', '7.2071e-01']",
[92mINFO [0m:      	        'per-client-eval_loss': "['1.1073e+00', '1.0282e+00']",
[92mINFO [0m:      	        'per-client-num-examples': "['534', '2134']"},
[92mINFO [0m:      	  11: { 'client-ids': "['0', '1']",
[92mINFO [0m:      	        'eval_acc': '7.2414e-01',
[92mINFO [0m:      	        'eval_loss': '1.0829e+00',
[92mINFO [0m:      	        'per-client-eval_acc': "['7.2659e-01', '7.2352e-01']",
[92mINFO [0m:      	        'per-client-eval_loss': "['1.0071e+00', '1.1018e+00']",
[92mINFO [0m:      	        'per-client-num-examples': "['534', '2134']"},
[92mINFO [0m:      	  12: { 'client-ids': "['0', '1']",
[92mINFO [0m:      	        'eval_acc': '7.8598e-01',
[92mINFO [0m:      	        'eval_loss': '8.9449e-01',
[92mINFO [0m:      	        'per-client-eval_acc': "['7.8652e-01', '7.8585e-01']",
[92mINFO [0m:      	        'per-client-eval_loss': "['8.6666e-01', '9.0146e-01']",
[92mINFO [0m:      	        'per-client-num-examples': "['534', '2134']"},
[92mINFO [0m:      	  13: { 'client-ids': "['0', '1']",
[92mINFO [0m:      	        'eval_acc': '8.0322e-01',
[92mINFO [0m:      	        'eval_loss': '8.7284e-01',
[92mINFO [0m:      	        'per-client-eval_acc': "['8.0337e-01', '8.0319e-01']",
[92mINFO [0m:      	        'per-client-eval_loss': "['8.4575e-01', '8.7962e-01']",
[92mINFO [0m:      	        'per-client-num-examples': "['534', '2134']"},
[92mINFO [0m:      	  14: { 'client-ids': "['0', '1']",
[92mINFO [0m:      	        'eval_acc': '7.7024e-01',
[92mINFO [0m:      	        'eval_loss': '1.0473e+00',
[92mINFO [0m:      	        'per-client-eval_acc': "['7.4719e-01', '7.7601e-01']",
[92mINFO [0m:      	        'per-client-eval_loss': "['1.0854e+00', '1.0377e+00']",
[92mINFO [0m:      	        'per-client-num-examples': "['534', '2134']"},
[92mINFO [0m:      	  15: { 'client-ids': "['0', '1']",
[92mINFO [0m:      	        'eval_acc': '7.6162e-01',
[92mINFO [0m:      	        'eval_loss': '1.0428e+00',
[92mINFO [0m:      	        'per-client-eval_acc': "['7.5468e-01', '7.6336e-01']",
[92mINFO [0m:      	        'per-client-eval_loss': "['1.0670e+00', '1.0368e+00']",
[92mINFO [0m:      	        'per-client-num-examples': "['534', '2134']"},
[92mINFO [0m:      	  16: { 'client-ids': "['0', '1']",
[92mINFO [0m:      	        'eval_acc': '7.8223e-01',
[92mINFO [0m:      	        'eval_loss': '9.7232e-01',
[92mINFO [0m:      	        'per-client-eval_acc': "['7.8277e-01', '7.8210e-01']",
[92mINFO [0m:      	        'per-client-eval_loss': "['1.0157e+00', '9.6146e-01']",
[92mINFO [0m:      	        'per-client-num-examples': "['534', '2134']"},
[92mINFO [0m:      	  17: { 'client-ids': "['0', '1']",
[92mINFO [0m:      	        'eval_acc': '7.9385e-01',
[92mINFO [0m:      	        'eval_loss': '9.6467e-01',
[92mINFO [0m:      	        'per-client-eval_acc': "['8.0150e-01', '7.9194e-01']",
[92mINFO [0m:      	        'per-client-eval_loss': "['8.8833e-01', '9.8377e-01']",
[92mINFO [0m:      	        'per-client-num-examples': "['534', '2134']"},
[92mINFO [0m:      	  18: { 'client-ids': "['0', '1']",
[92mINFO [0m:      	        'eval_acc': '7.8223e-01',
[92mINFO [0m:      	        'eval_loss': '1.1593e+00',
[92mINFO [0m:      	        'per-client-eval_acc': "['7.6966e-01', '7.8538e-01']",
[92mINFO [0m:      	        'per-client-eval_loss': "['1.1457e+00', '1.1627e+00']",
[92mINFO [0m:      	        'per-client-num-examples': "['534', '2134']"},
[92mINFO [0m:      	  19: { 'client-ids': "['0', '1']",
[92mINFO [0m:      	        'eval_acc': '7.9948e-01',
[92mINFO [0m:      	        'eval_loss': '1.0403e+00',
[92mINFO [0m:      	        'per-client-eval_acc': "['7.8464e-01', '8.0319e-01']",
[92mINFO [0m:      	        'per-client-eval_loss': "['1.0124e+00', '1.0473e+00']",
[92mINFO [0m:      	        'per-client-num-examples': "['534', '2134']"},
[92mINFO [0m:      	  20: { 'client-ids': "['0', '1']",
[92mINFO [0m:      	        'eval_acc': '7.9573e-01',
[92mINFO [0m:      	        'eval_loss': '1.0227e+00',
[92mINFO [0m:      	        'per-client-eval_acc': "['7.9963e-01', '7.9475e-01']",
[92mINFO [0m:      	        'per-client-eval_loss': "['9.7195e-01', '1.0354e+00']",
[92mINFO [0m:      	        'per-client-num-examples': "['534', '2134']"}}
[92mINFO [0m:      	
[92mINFO [0m:      	ServerApp-side Evaluate Metrics:
[92mINFO [0m:      	{ 0: { 'accuracy': '2.5000e-01',
[92mINFO [0m:      	       'auc': '4.8709e-01',
[92mINFO [0m:      	       'f1': '1.0000e-01',
[92mINFO [0m:      	       'loss': '1.3893e+00',
[92mINFO [0m:      	       'precision': '6.2500e-02'},
[92mINFO [0m:      	  1: { 'accuracy': '5.0800e-01',
[92mINFO [0m:      	       'auc': '7.6590e-01',
[92mINFO [0m:      	       'f1': '4.5236e-01',
[92mINFO [0m:      	       'loss': '1.3443e+00',
[92mINFO [0m:      	       'precision': '4.9495e-01'},
[92mINFO [0m:      	  2: { 'accuracy': '6.3100e-01',
[92mINFO [0m:      	       'auc': '8.5494e-01',
[92mINFO [0m:      	       'f1': '6.1343e-01',
[92mINFO [0m:      	       'loss': '1.1448e+00',
[92mINFO [0m:      	       'precision': '6.5508e-01'},
[92mINFO [0m:      	  3: { 'accuracy': '6.9350e-01',
[92mINFO [0m:      	       'auc': '9.0055e-01',
[92mINFO [0m:      	       'f1': '6.8954e-01',
[92mINFO [0m:      	       'loss': '9.2167e-01',
[92mINFO [0m:      	       'precision': '6.9962e-01'},
[92mINFO [0m:      	  4: { 'accuracy': '6.4100e-01',
[92mINFO [0m:      	       'auc': '8.6495e-01',
[92mINFO [0m:      	       'f1': '6.3255e-01',
[92mINFO [0m:      	       'loss': '8.9255e-01',
[92mINFO [0m:      	       'precision': '6.7079e-01'},
[92mINFO [0m:      	  5: { 'accuracy': '7.5050e-01',
[92mINFO [0m:      	       'auc': '9.2920e-01',
[92mINFO [0m:      	       'f1': '7.4252e-01',
[92mINFO [0m:      	       'loss': '6.5569e-01',
[92mINFO [0m:      	       'precision': '7.5599e-01'},
[92mINFO [0m:      	  6: { 'accuracy': '7.6700e-01',
[92mINFO [0m:      	       'auc': '9.4131e-01',
[92mINFO [0m:      	       'f1': '7.6372e-01',
[92mINFO [0m:      	       'loss': '5.8237e-01',
[92mINFO [0m:      	       'precision': '7.6661e-01'},
[92mINFO [0m:      	  7: { 'accuracy': '7.5400e-01',
[92mINFO [0m:      	       'auc': '9.3533e-01',
[92mINFO [0m:      	       'f1': '7.5668e-01',
[92mINFO [0m:      	       'loss': '6.2470e-01',
[92mINFO [0m:      	       'precision': '7.6257e-01'},
[92mINFO [0m:      	  8: { 'accuracy': '7.2050e-01',
[92mINFO [0m:      	       'auc': '9.1242e-01',
[92mINFO [0m:      	       'f1': '7.2506e-01',
[92mINFO [0m:      	       'loss': '8.3463e-01',
[92mINFO [0m:      	       'precision': '7.5454e-01'},
[92mINFO [0m:      	  9: { 'accuracy': '7.0700e-01',
[92mINFO [0m:      	       'auc': '9.0296e-01',
[92mINFO [0m:      	       'f1': '7.1078e-01',
[92mINFO [0m:      	       'loss': '1.0017e+00',
[92mINFO [0m:      	       'precision': '7.3457e-01'},
[92mINFO [0m:      	  10: { 'accuracy': '7.1500e-01',
[92mINFO [0m:      	        'auc': '9.0388e-01',
[92mINFO [0m:      	        'f1': '7.1617e-01',
[92mINFO [0m:      	        'loss': '1.1141e+00',
[92mINFO [0m:      	        'precision': '7.5279e-01'},
[92mINFO [0m:      	  11: { 'accuracy': '7.1750e-01',
[92mINFO [0m:      	        'auc': '9.0887e-01',
[92mINFO [0m:      	        'f1': '7.1103e-01',
[92mINFO [0m:      	        'loss': '1.1776e+00',
[92mINFO [0m:      	        'precision': '7.4459e-01'},
[92mINFO [0m:      	  12: { 'accuracy': '7.7850e-01',
[92mINFO [0m:      	        'auc': '9.3400e-01',
[92mINFO [0m:      	        'f1': '7.7846e-01',
[92mINFO [0m:      	        'loss': '1.0296e+00',
[92mINFO [0m:      	        'precision': '7.8135e-01'},
[92mINFO [0m:      	  13: { 'accuracy': '7.8350e-01',
[92mINFO [0m:      	        'auc': '9.3956e-01',
[92mINFO [0m:      	        'f1': '7.8376e-01',
[92mINFO [0m:      	        'loss': '1.0310e+00',
[92mINFO [0m:      	        'precision': '7.8429e-01'},
[92mINFO [0m:      	  14: { 'accuracy': '7.6450e-01',
[92mINFO [0m:      	        'auc': '9.2509e-01',
[92mINFO [0m:      	        'f1': '7.6303e-01',
[92mINFO [0m:      	        'loss': '1.2267e+00',
[92mINFO [0m:      	        'precision': '7.6745e-01'},
[92mINFO [0m:      	  15: { 'accuracy': '7.6200e-01',
[92mINFO [0m:      	        'auc': '9.2315e-01',
[92mINFO [0m:      	        'f1': '7.5933e-01',
[92mINFO [0m:      	        'loss': '1.1707e+00',
[92mINFO [0m:      	        'precision': '7.7148e-01'},
[92mINFO [0m:      	  16: { 'accuracy': '7.8000e-01',
[92mINFO [0m:      	        'auc': '9.3401e-01',
[92mINFO [0m:      	        'f1': '7.8109e-01',
[92mINFO [0m:      	        'loss': '1.1600e+00',
[92mINFO [0m:      	        'precision': '7.8724e-01'},
[92mINFO [0m:      	  17: { 'accuracy': '7.8150e-01',
[92mINFO [0m:      	        'auc': '9.3978e-01',
[92mINFO [0m:      	        'f1': '7.8051e-01',
[92mINFO [0m:      	        'loss': '1.1095e+00',
[92mINFO [0m:      	        'precision': '7.8111e-01'},
[92mINFO [0m:      	  18: { 'accuracy': '7.7650e-01',
[92mINFO [0m:      	        'auc': '9.3894e-01',
[92mINFO [0m:      	        'f1': '7.7480e-01',
[92mINFO [0m:      	        'loss': '1.1819e+00',
[92mINFO [0m:      	        'precision': '7.7552e-01'},
[92mINFO [0m:      	  19: { 'accuracy': '7.9250e-01',
[92mINFO [0m:      	        'auc': '9.4635e-01',
[92mINFO [0m:      	        'f1': '7.9326e-01',
[92mINFO [0m:      	        'loss': '1.1259e+00',
[92mINFO [0m:      	        'precision': '7.9478e-01'},
[92mINFO [0m:      	  20: { 'accuracy': '7.7400e-01',
[92mINFO [0m:      	        'auc': '9.4127e-01',
[92mINFO [0m:      	        'f1': '7.7616e-01',
[92mINFO [0m:      	        'loss': '1.1915e+00',
[92mINFO [0m:      	        'precision': '7.8167e-01'}}
[92mINFO [0m:      
Round 1 checkpoint written to /content/metricdp-pytorch/results/planned_runs/cifar/max_records/seed-44-dp/runs/cifar-max-records-out-remove__non-iid__global-dp__fedavg__clients-2__seed-44__nm0p01__clip5__rounds-20__epochs-5__cifar_chunks__cifar10_cnn.round-1.pt
Round 2 checkpoint written to /content/metricdp-pytorch/results/planned_runs/cifar/max_records/seed-44-dp/runs/cifar-max-records-out-remove__non-iid__global-dp__fedavg__clients-2__seed-44__nm0p01__clip5__rounds-20__epochs-5__cifar_chunks__cifar10_cnn.round-2.pt
Round 3 checkpoint written to /content/metricdp-pytorch/results/planned_runs/cifar/max_records/seed-44-dp/runs/cifar-max-records-out-remove__non-iid__global-dp__fedavg__clients-2__seed-44__nm0p01__clip5__rounds-20__epochs-5__cifar_chunks__cifar10_cnn.round-3.pt
Round 4 checkpoint written to /content/metricdp-pytorch/results/planned_runs/cifar/max_records/seed-44-dp/runs/cifar-max-records-out-remove__non-iid__global-dp__fedavg__clients-2__seed-44__nm0p01__clip5__rounds-20__epochs-5__cifar_chunks__cifar10_cnn.round-4.pt
Round 5 checkpoint written to /content/metricdp-pytorch/results/planned_runs/cifar/max_records/seed-44-dp/runs/cifar-max-records-out-remove__non-iid__global-dp__fedavg__clients-2__seed-44__nm0p01__clip5__rounds-20__epochs-5__cifar_chunks__cifar10_cnn.round-5.pt
Round 6 checkpoint written to /content/metricdp-pytorch/results/planned_runs/cifar/max_records/seed-44-dp/runs/cifar-max-records-out-remove__non-iid__global-dp__fedavg__clients-2__seed-44__nm0p01__clip5__rounds-20__epochs-5__cifar_chunks__cifar10_cnn.round-6.pt
Round 7 checkpoint written to /content/metricdp-pytorch/results/planned_runs/cifar/max_records/seed-44-dp/runs/cifar-max-records-out-remove__non-iid__global-dp__fedavg__clients-2__seed-44__nm0p01__clip5__rounds-20__epochs-5__cifar_chunks__cifar10_cnn.round-7.pt
Round 8 checkpoint written to /content/metricdp-pytorch/results/planned_runs/cifar/max_records/seed-44-dp/runs/cifar-max-records-out-remove__non-iid__global-dp__fedavg__clients-2__seed-44__nm0p01__clip5__rounds-20__epochs-5__cifar_chunks__cifar10_cnn.round-8.pt
Round 9 checkpoint written to /content/metricdp-pytorch/results/planned_runs/cifar/max_records/seed-44-dp/runs/cifar-max-records-out-remove__non-iid__global-dp__fedavg__clients-2__seed-44__nm0p01__clip5__rounds-20__epochs-5__cifar_chunks__cifar10_cnn.round-9.pt
Round 10 checkpoint written to /content/metricdp-pytorch/results/planned_runs/cifar/max_records/seed-44-dp/runs/cifar-max-records-out-remove__non-iid__global-dp__fedavg__clients-2__seed-44__nm0p01__clip5__rounds-20__epochs-5__cifar_chunks__cifar10_cnn.round-10.pt
Round 11 checkpoint written to /content/metricdp-pytorch/results/planned_runs/cifar/max_records/seed-44-dp/runs/cifar-max-records-out-remove__non-iid__global-dp__fedavg__clients-2__seed-44__nm0p01__clip5__rounds-20__epochs-5__cifar_chunks__cifar10_cnn.round-11.pt
Round 12 checkpoint written to /content/metricdp-pytorch/results/planned_runs/cifar/max_records/seed-44-dp/runs/cifar-max-records-out-remove__non-iid__global-dp__fedavg__clients-2__seed-44__nm0p01__clip5__rounds-20__epochs-5__cifar_chunks__cifar10_cnn.round-12.pt
Round 13 checkpoint written to /content/metricdp-pytorch/results/planned_runs/cifar/max_records/seed-44-dp/runs/cifar-max-records-out-remove__non-iid__global-dp__fedavg__clients-2__seed-44__nm0p01__clip5__rounds-20__epochs-5__cifar_chunks__cifar10_cnn.round-13.pt
Round 14 checkpoint written to /content/metricdp-pytorch/results/planned_runs/cifar/max_records/seed-44-dp/runs/cifar-max-records-out-remove__non-iid__global-dp__fedavg__clients-2__seed-44__nm0p01__clip5__rounds-20__epochs-5__cifar_chunks__cifar10_cnn.round-14.pt
Round 15 checkpoint written to /content/metricdp-pytorch/results/planned_runs/cifar/max_records/seed-44-dp/runs/cifar-max-records-out-remove__non-iid__global-dp__fedavg__clients-2__seed-44__nm0p01__clip5__rounds-20__epochs-5__cifar_chunks__cifar10_cnn.round-15.pt
Round 16 checkpoint written to /content/metricdp-pytorch/results/planned_runs/cifar/max_records/seed-44-dp/runs/cifar-max-records-out-remove__non-iid__global-dp__fedavg__clients-2__seed-44__nm0p01__clip5__rounds-20__epochs-5__cifar_chunks__cifar10_cnn.round-16.pt
Round 17 checkpoint written to /content/metricdp-pytorch/results/planned_runs/cifar/max_records/seed-44-dp/runs/cifar-max-records-out-remove__non-iid__global-dp__fedavg__clients-2__seed-44__nm0p01__clip5__rounds-20__epochs-5__cifar_chunks__cifar10_cnn.round-17.pt
Round 18 checkpoint written to /content/metricdp-pytorch/results/planned_runs/cifar/max_records/seed-44-dp/runs/cifar-max-records-out-remove__non-iid__global-dp__fedavg__clients-2__seed-44__nm0p01__clip5__rounds-20__epochs-5__cifar_chunks__cifar10_cnn.round-18.pt
Round 19 checkpoint written to /content/metricdp-pytorch/results/planned_runs/cifar/max_records/seed-44-dp/runs/cifar-max-records-out-remove__non-iid__global-dp__fedavg__clients-2__seed-44__nm0p01__clip5__rounds-20__epochs-5__cifar_chunks__cifar10_cnn.round-19.pt
Round 20 checkpoint written to /content/metricdp-pytorch/results/planned_runs/cifar/max_records/seed-44-dp/runs/cifar-max-records-out-remove__non-iid__global-dp__fedavg__clients-2__seed-44__nm0p01__clip5__rounds-20__epochs-5__cifar_chunks__cifar10_cnn.round-20.pt
Experiment result written to /content/metricdp-pytorch/results/planned_runs/cifar/max_records/seed-44-dp/runs/cifar-max-records-out-remove__non-iid__global-dp__fedavg__clients-2__seed-44__nm0p01__clip5__rounds-20__epochs-5__cifar_chunks__cifar10_cnn.json
/usr/lib/python3.12/multiprocessing/popen_fork.py:66: DeprecationWarning: This process (pid=1657) is multi-threaded, use of fork() may lead to deadlocks in the child.
  self.pid = os.fork()
[36m(ClientAppActor pid=2184)[0m /usr/lib/python3.12/multiprocessing/popen_fork.py:66: DeprecationWarning: This process (pid=2184) is multi-threaded, use of fork() may lead to deadlocks in the child.
[36m(ClientAppActor pid=2184)[0m   self.pid = os.fork()
Detailed evaluation written to /content/metricdp-pytorch/results/planned_runs/cifar/max_records/seed-44-dp/runs/cifar-max-records-out-remove__non-iid__global-dp__fedavg__clients-2__seed-44__nm0p01__clip5__rounds-20__epochs-5__cifar_chunks__cifar10_cnn.evaluation.json and /content/metricdp-pytorch/results/planned_runs/cifar/max_records/seed-44-dp/runs/cifar-max-records-out-remove__non-iid__global-dp__fedavg__clients-2__seed-44__nm0p01__clip5__rounds-20__epochs-5__cifar_chunks__cifar10_cnn.predictions.npz
Result: /content/metricdp-pytorch/results/planned_runs/cifar/max_records/seed-44-dp/runs/cifar-max-records-out-remove__non-iid__global-dp__fedavg__clients-2__seed-44__nm0p01__clip5__rounds-20__epochs-5__cifar_chunks__cifar10_cnn.json
Final server metrics: {'loss': 1.191482456445694, 'accuracy': 0.774, 'f1': 0.7761622438602731, 'precision': 0.7816651261993128, 'auc': 0.9412658333333334}
2026-08-05 12:23:08 DONE  cifar-max-records-out-remove__non-iid__global-dp__fedavg__clients-2__seed-44__nm0p01__clip5__rounds-20__epochs-5__cifar_chunks__cifar10_cnn (344.1s)
Warning: You are sending unauthenticated requests to the HF Hub. Please set a HF_TOKEN to enable higher rate limits and faster downloads.
2026-08-05 12:23:18 EVALUATED cifar-max-records-out-remove__non-iid__global-dp__fedavg__clients-2__seed-44__nm0p01__clip5__rounds-20__epochs-5__cifar_chunks__cifar10_cnn round=1 (checkpoint deleted)
2026-08-05 12:23:25 EVALUATED cifar-max-records-out-remove__non-iid__global-dp__fedavg__clients-2__seed-44__nm0p01__clip5__rounds-20__epochs-5__cifar_chunks__cifar10_cnn round=2 (checkpoint deleted)
2026-08-05 12:23:32 EVALUATED cifar-max-records-out-remove__non-iid__global-dp__fedavg__clients-2__seed-44__nm0p01__clip5__rounds-20__epochs-5__cifar_chunks__cifar10_cnn round=3 (checkpoint deleted)
2026-08-05 12:23:39 EVALUATED cifar-max-records-out-remove__non-iid__global-dp__fedavg__clients-2__seed-44__nm0p01__clip5__rounds-20__epochs-5__cifar_chunks__cifar10_cnn round=4 (checkpoint deleted)
2026-08-05 12:23:46 EVALUATED cifar-max-records-out-remove__non-iid__global-dp__fedavg__clients-2__seed-44__nm0p01__clip5__rounds-20__epochs-5__cifar_chunks__cifar10_cnn round=5 (checkpoint deleted)
2026-08-05 12:23:53 EVALUATED cifar-max-records-out-remove__non-iid__global-dp__fedavg__clients-2__seed-44__nm0p01__clip5__rounds-20__epochs-5__cifar_chunks__cifar10_cnn round=6 (checkpoint deleted)
2026-08-05 12:24:00 EVALUATED cifar-max-records-out-remove__non-iid__global-dp__fedavg__clients-2__seed-44__nm0p01__clip5__rounds-20__epochs-5__cifar_chunks__cifar10_cnn round=7 (checkpoint deleted)
2026-08-05 12:24:07 EVALUATED cifar-max-records-out-remove__non-iid__global-dp__fedavg__clients-2__seed-44__nm0p01__clip5__rounds-20__epochs-5__cifar_chunks__cifar10_cnn round=8 (checkpoint deleted)
2026-08-05 12:24:14 EVALUATED cifar-max-records-out-remove__non-iid__global-dp__fedavg__clients-2__seed-44__nm0p01__clip5__rounds-20__epochs-5__cifar_chunks__cifar10_cnn round=9 (checkpoint deleted)
2026-08-05 12:24:21 EVALUATED cifar-max-records-out-remove__non-iid__global-dp__fedavg__clients-2__seed-44__nm0p01__clip5__rounds-20__epochs-5__cifar_chunks__cifar10_cnn round=10 (checkpoint deleted)
2026-08-05 12:24:28 EVALUATED cifar-max-records-out-remove__non-iid__global-dp__fedavg__clients-2__seed-44__nm0p01__clip5__rounds-20__epochs-5__cifar_chunks__cifar10_cnn round=11 (checkpoint deleted)
2026-08-05 12:24:34 EVALUATED cifar-max-records-out-remove__non-iid__global-dp__fedavg__clients-2__seed-44__nm0p01__clip5__rounds-20__epochs-5__cifar_chunks__cifar10_cnn round=12 (checkpoint deleted)
2026-08-05 12:24:41 EVALUATED cifar-max-records-out-remove__non-iid__global-dp__fedavg__clients-2__seed-44__nm0p01__clip5__rounds-20__epochs-5__cifar_chunks__cifar10_cnn round=13 (checkpoint deleted)
2026-08-05 12:24:48 EVALUATED cifar-max-records-out-remove__non-iid__global-dp__fedavg__clients-2__seed-44__nm0p01__clip5__rounds-20__epochs-5__cifar_chunks__cifar10_cnn round=14 (checkpoint deleted)
2026-08-05 12:24:55 EVALUATED cifar-max-records-out-remove__non-iid__global-dp__fedavg__clients-2__seed-44__nm0p01__clip5__rounds-20__epochs-5__cifar_chunks__cifar10_cnn round=15 (checkpoint deleted)
2026-08-05 12:25:02 EVALUATED cifar-max-records-out-remove__non-iid__global-dp__fedavg__clients-2__seed-44__nm0p01__clip5__rounds-20__epochs-5__cifar_chunks__cifar10_cnn round=16 (checkpoint deleted)
2026-08-05 12:25:09 EVALUATED cifar-max-records-out-remove__non-iid__global-dp__fedavg__clients-2__seed-44__nm0p01__clip5__rounds-20__epochs-5__cifar_chunks__cifar10_cnn round=17 (checkpoint deleted)
2026-08-05 12:25:16 EVALUATED cifar-max-records-out-remove__non-iid__global-dp__fedavg__clients-2__seed-44__nm0p01__clip5__rounds-20__epochs-5__cifar_chunks__cifar10_cnn round=18 (checkpoint deleted)
2026-08-05 12:25:23 EVALUATED cifar-max-records-out-remove__non-iid__global-dp__fedavg__clients-2__seed-44__nm0p01__clip5__rounds-20__epochs-5__cifar_chunks__cifar10_cnn round=19 (checkpoint deleted)
2026-08-05 12:25:29 EVALUATED cifar-max-records-out-remove__non-iid__global-dp__fedavg__clients-2__seed-44__nm0p01__clip5__rounds-20__epochs-5__cifar_chunks__cifar10_cnn round=20 (checkpoint deleted)
2026-08-05 12:25:29 PROGRESS 1/2 (0 failed so far)
2026-08-05 12:25:29 START cifar-max-records-out-remove__non-iid__metric-privacy__fedavg__clients-2__seed-44__nm0p01__clip5__rounds-20__epochs-5__cifar_chunks__cifar10_cnn 
{
  "partition-mode": "non-iid",
  "partition-profile": "auto",
  "client-weights": "",
  "data-module": "experiments.cia.scripts.cifar_chunks:create_cifar_out_remove_all",
  "model-module": "experiments.reproduce.cifar10_cnn:create_model",
  "data-cache-dir": "",
  "privacy": "metric-privacy",
  "aggregation": "fedavg",
  "seed": 44,
  "num-server-rounds": 20,
  "num-clients": 2,
  "fraction-evaluate": 1.0,
  "local-epochs": 5,
  "learning-rate": 0.001,
  "batch-size": 32,
  "initialization-batch-size": 32,
  "initialization-epochs": 20,
  "initialization-learning-rate": 0.001,
  "max-client-samples": 0,
  "max-test-samples": 0,
  "noise-multiplier": 0.01,
  "clipping-norm": 5.0,
  "output-dir": "/content/metricdp-pytorch/results/planned_runs/cifar/max_records/seed-44-dp/runs",
  "run-name": "cifar-max-records-out-remove__non-iid__metric-privacy__fedavg__clients-2__seed-44__nm0p01__clip5__rounds-20__epochs-5__cifar_chunks__cifar10_cnn",
  "checkpoint-rounds": [
    1,
    2,
    3,
    4,
    5,
    6,
    7,
    8,
    9,
    10,
    11,
    12,
    13,
    14,
    15,
    16,
    17,
    18,
    19,
    20
  ]
}
2026-08-05 12:25:33.483686: I tensorflow/core/util/port.cc:153] oneDNN custom operations are on. You may see slightly different numerical results due to floating-point round-off errors from different computation orders. To turn them off, set the environment variable `TF_ENABLE_ONEDNN_OPTS=0`.
2026-08-05 12:25:33.553618: I tensorflow/core/platform/cpu_feature_guard.cc:210] This TensorFlow binary is optimized to use available CPU instructions in performance-critical operations.
To enable the following instructions: AVX2 AVX512F AVX512_VNNI FMA, in other operations, rebuild TensorFlow with the appropriate compiler flags.
[93mWARNING [0m:   DEPRECATED FEATURE: The `run_simulation` function is deprecated and will be removed in a future version of Flower. Please use `flwr run` in the CLI instead to run your simulation. Refer to the Flower Tutorials for more details: https://flower.ai/docs/framework/tutorial-quickstart-pytorch.html

            This is a deprecated feature. It will be removed
            entirely in future versions of Flower.
        
Warning: You are sending unauthenticated requests to the HF Hub. Please set a HF_TOKEN to enable higher rate limits and faster downloads.
[92mINFO [0m:      Starting MetricPrivacyServerSideFixedClipping strategy:
[92mINFO [0m:      	├── Number of rounds: 20
[92mINFO [0m:      	├── ArrayRecord (0.87 MB)
[92mINFO [0m:      	├── ConfigRecord (train): {'lr': 0.001}
[92mINFO [0m:      	├── ConfigRecord (evaluate): (empty!)
[92mINFO [0m:      	├──> Metric-aware DP settings:
[92mINFO [0m:      	│	├── Base noise multiplier: 0.01
[92mINFO [0m:      	│	└── Clipping norm: 5.0
[92mINFO [0m:      	├──> Sampling:
[92mINFO [0m:      	│	├──Fraction: train (1.00) | evaluate ( 1.00)
[92mINFO [0m:      	│	├──Minimum nodes: train (2) | evaluate (2)
[92mINFO [0m:      	│	└──Minimum available nodes: 2
[92mINFO [0m:      	└──> Keys in records:
[92mINFO [0m:      		├── Weighted by: 'num-examples'
[92mINFO [0m:      		├── ArrayRecord key: 'arrays'
[92mINFO [0m:      		└── ConfigRecord key: 'config'
[92mINFO [0m:      
/usr/lib/python3.12/multiprocessing/popen_fork.py:66: DeprecationWarning: This process (pid=5690) is multi-threaded, use of fork() may lead to deadlocks in the child.
  self.pid = os.fork()
[92mINFO [0m:      Initial global evaluation results: {'loss': 1.3892939643859863, 'accuracy': 0.25, 'f1': 0.1, 'precision': 0.0625, 'auc': 0.48708850000000004}
[92mINFO [0m:      
[92mINFO [0m:      [ROUND 1/20]
[92mINFO [0m:      configure_train: Sampled 2 nodes (out of 2)
/usr/local/lib/python3.12/dist-packages/ray/_private/worker.py:2051: FutureWarning: Tip: In future versions of Ray, Ray will no longer override accelerator visible devices env var if num_gpus=0 or num_gpus=None (default). To enable this behavior and turn off this error message, set RAY_ACCEL_ENV_VAR_OVERRIDE_ON_ZERO=0
  warnings.warn(
[36m(ClientAppActor pid=6207)[0m Warning: You are sending unauthenticated requests to the HF Hub. Please set a HF_TOKEN to enable higher rate limits and faster downloads.
[36m(ClientAppActor pid=6207)[0m /usr/lib/python3.12/multiprocessing/popen_fork.py:66: DeprecationWarning: This process (pid=6207) is multi-threaded, use of fork() may lead to deadlocks in the child.
[36m(ClientAppActor pid=6207)[0m   self.pid = os.fork()
[92mINFO [0m:      aggregate_train: maximum pairwise model distance: 2.240324
[92mINFO [0m:      aggregate_train: Received 2 results and 0 failures
[92mINFO [0m:      aggregate_fit: parameters are clipped by value: 5.0000.
[92mINFO [0m:      aggregate_fit: parameters are clipped by value: 5.0000.
[92mINFO [0m:      aggregate_train: Received 2 results and 0 failures
[92mINFO [0m:      aggregate_train: metric-aware noise with 0.011159 stdev added
[92mINFO [0m:      	└──> Aggregated MetricRecord: {'train_loss': 0.7173202840196544, 'train_loss_mean': 0.8759641396323115, 'client-ids': [0, 1], 'per-client-num-examples': [2133, 8532], 'per-client-train_loss': [0.9218678255624408, 0.6661833986339578], 'per-client-train_loss_mean': [1.1062320472207139, 0.8183971627352108], 'dp-client-ids': [0, 1], 'dp-update-norms-before-clipping': [6.836779679718249, 11.761397309447032], 'dp-client-clipped': [1, 1], 'dp-num-clients-clipped': 2, 'dp-fraction-clipped': 1.0, 'metric-dp-pairwise-distances': [2.2403238642339907], 'metric-dp-pairwise-client-i': [0], 'metric-dp-pairwise-client-j': [1], 'metric-dp-distance-min': 2.2403238642339907, 'metric-dp-distance-median': 2.2403238642339907, 'metric-dp-distance-mean': 2.2403238642339907, 'metric-dp-distance': 2.2403238642339907, 'dp-signal-update-norm': 4.212534248238385, 'dp-parameter-count': 226596, 'dp-expected-noise-l2-norm': 5.311966447566904, 'dp-noise-to-signal-ratio': 1.260990685069987, 'dp-noise-percent-of-signal': 126.09906850699872, 'metric-dp-noise-stdv': 0.011159100877831328}
[92mINFO [0m:      configure_evaluate: Sampled 2 nodes (out of 2)
[92mINFO [0m:      aggregate_evaluate: Received 2 results and 0 failures
[92mINFO [0m:      	└──> Aggregated MetricRecord: {'eval_loss': 1.3421277442257264, 'eval_acc': 0.5539730134932533, 'client-ids': [0, 1], 'per-client-eval_acc': [0.5318352059925093, 0.5595126522961574], 'per-client-eval_loss': [1.3441808036204135, 1.3416139983415827], 'per-client-num-examples': [534, 2134]}
[92mINFO [0m:      Global evaluation
[92mINFO [0m:      	└──> MetricRecord: {'loss': 1.340703701019287, 'accuracy': 0.5695, 'f1': 0.5026817572082556, 'precision': 0.5721160761922113, 'auc': 0.8255364583333333}
[92mINFO [0m:      
[92mINFO [0m:      [ROUND 2/20]
[92mINFO [0m:      configure_train: Sampled 2 nodes (out of 2)
[36m(ClientAppActor pid=6206)[0m Warning: You are sending unauthenticated requests to the HF Hub. Please set a HF_TOKEN to enable higher rate limits and faster downloads.
[36m(ClientAppActor pid=6207)[0m /usr/lib/python3.12/multiprocessing/popen_fork.py:66: DeprecationWarning: This process (pid=6207) is multi-threaded, use of fork() may lead to deadlocks in the child.[32m [repeated 2x across cluster] (Ray deduplicates logs by default. Set RAY_DEDUP_LOGS=0 to disable log deduplication, or see https://docs.ray.io/en/master/ray-observability/user-guides/configure-logging.html#log-deduplication for more options.)[0m
[36m(ClientAppActor pid=6207)[0m   self.pid = os.fork()[32m [repeated 2x across cluster][0m
[92mINFO [0m:      aggregate_train: maximum pairwise model distance: 1.847717
[92mINFO [0m:      aggregate_train: Received 2 results and 0 failures
[92mINFO [0m:      aggregate_fit: parameters are clipped by value: 5.0000.
[92mINFO [0m:      aggregate_fit: parameters are clipped by value: 5.0000.
[92mINFO [0m:      aggregate_train: Received 2 results and 0 failures
[92mINFO [0m:      aggregate_train: metric-aware noise with 0.013530 stdev added
[92mINFO [0m:      	└──> Aggregated MetricRecord: {'train_loss': 0.5855655558669282, 'train_loss_mean': 0.68952650503882, 'client-ids': [0, 1], 'per-client-num-examples': [2133, 8532], 'per-client-train_loss': [0.7002876711685334, 0.5568850270415269], 'per-client-train_loss_mean': [0.8065199660628937, 0.6602781397828015], 'dp-client-ids': [0, 1], 'dp-update-norms-before-clipping': [6.218071762474544, 12.281383799295922], 'dp-client-clipped': [1, 1], 'dp-num-clients-clipped': 2, 'dp-fraction-clipped': 1.0, 'metric-dp-pairwise-distances': [1.8477166267111897], 'metric-dp-pairwise-client-i': [0], 'metric-dp-pairwise-client-j': [1], 'metric-dp-distance-min': 1.8477166267111897, 'metric-dp-distance-median': 1.8477166267111897, 'metric-dp-distance-mean': 1.8477166267111897, 'metric-dp-distance': 1.8477166267111897, 'dp-signal-update-norm': 4.412034298315519, 'dp-parameter-count': 226596, 'dp-expected-noise-l2-norm': 6.440665752776453, 'dp-noise-to-signal-ratio': 1.4597950326985105, 'dp-noise-percent-of-signal': 145.97950326985102, 'metric-dp-noise-stdv': 0.013530213258132718}
[92mINFO [0m:      configure_evaluate: Sampled 2 nodes (out of 2)
[92mINFO [0m:      aggregate_evaluate: Received 2 results and 0 failures
[92mINFO [0m:      	└──> Aggregated MetricRecord: {'eval_loss': 1.0404594806001997, 'eval_acc': 0.709895052473763, 'client-ids': [0, 1], 'per-client-eval_acc': [0.6685393258426966, 0.7202436738519212], 'per-client-eval_loss': [1.0501522357097726, 1.0380340207930245], 'per-client-num-examples': [534, 2134]}
[92mINFO [0m:      Global evaluation
[92mINFO [0m:      	└──> MetricRecord: {'loss': 1.0384274334907533, 'accuracy': 0.7015, 'f1': 0.6968903023330197, 'precision': 0.706937045219819, 'auc': 0.9072862500000001}
[92mINFO [0m:      
[92mINFO [0m:      [ROUND 3/20]
[92mINFO [0m:      configure_train: Sampled 2 nodes (out of 2)
[36m(ClientAppActor pid=6207)[0m /usr/lib/python3.12/multiprocessing/popen_fork.py:66: DeprecationWarning: This process (pid=6207) is multi-threaded, use of fork() may lead to deadlocks in the child.[32m [repeated 2x across cluster][0m
[36m(ClientAppActor pid=6207)[0m   self.pid = os.fork()[32m [repeated 2x across cluster][0m
[92mINFO [0m:      aggregate_train: maximum pairwise model distance: 1.855087
[92mINFO [0m:      aggregate_train: Received 2 results and 0 failures
[92mINFO [0m:      aggregate_fit: parameters are clipped by value: 5.0000.
[92mINFO [0m:      aggregate_fit: parameters are clipped by value: 5.0000.
[92mINFO [0m:      aggregate_train: Received 2 results and 0 failures
[92mINFO [0m:      aggregate_train: metric-aware noise with 0.013476 stdev added
[92mINFO [0m:      	└──> Aggregated MetricRecord: {'train_loss': 0.4679353214517425, 'train_loss_mean': 0.5656255248617914, 'client-ids': [0, 1], 'per-client-num-examples': [2133, 8532], 'per-client-train_loss': [0.5451647002150406, 0.4486279767609179], 'per-client-train_loss_mean': [0.6427849409728893, 0.5463356708340169], 'dp-client-ids': [0, 1], 'dp-update-norms-before-clipping': [6.044630555300328, 12.339825436730033], 'dp-client-clipped': [1, 1], 'dp-num-clients-clipped': 2, 'dp-fraction-clipped': 1.0, 'metric-dp-pairwise-distances': [1.8550869474808376], 'metric-dp-pairwise-client-i': [0], 'metric-dp-pairwise-client-j': [1], 'metric-dp-distance-min': 1.8550869474808376, 'metric-dp-distance-median': 1.8550869474808376, 'metric-dp-distance-mean': 1.8550869474808376, 'metric-dp-distance': 1.8550869474808376, 'dp-signal-update-norm': 4.37862849762746, 'dp-parameter-count': 226596, 'dp-expected-noise-l2-norm': 6.415076778290642, 'dp-noise-to-signal-ratio': 1.4650881621417806, 'dp-noise-percent-of-signal': 146.50881621417807, 'metric-dp-noise-stdv': 0.013476457280856504}
[92mINFO [0m:      configure_evaluate: Sampled 2 nodes (out of 2)
[92mINFO [0m:      aggregate_evaluate: Received 2 results and 0 failures
[92mINFO [0m:      	└──> Aggregated MetricRecord: {'eval_loss': 0.7446223434837147, 'eval_acc': 0.7492503748125936, 'client-ids': [0, 1], 'per-client-eval_acc': [0.7453183520599251, 0.7502343017806935], 'per-client-eval_loss': [0.7685182299953275, 0.7386427730070506], 'per-client-num-examples': [534, 2134]}
[92mINFO [0m:      Global evaluation
[92mINFO [0m:      	└──> MetricRecord: {'loss': 0.7451371278762817, 'accuracy': 0.7335, 'f1': 0.7330485315866987, 'precision': 0.7412458803483227, 'auc': 0.929201}
[92mINFO [0m:      
[92mINFO [0m:      [ROUND 4/20]
[92mINFO [0m:      configure_train: Sampled 2 nodes (out of 2)
[36m(ClientAppActor pid=6207)[0m /usr/lib/python3.12/multiprocessing/popen_fork.py:66: DeprecationWarning: This process (pid=6207) is multi-threaded, use of fork() may lead to deadlocks in the child.[32m [repeated 2x across cluster][0m
[36m(ClientAppActor pid=6207)[0m   self.pid = os.fork()[32m [repeated 2x across cluster][0m
[92mINFO [0m:      aggregate_train: maximum pairwise model distance: 1.973151
[92mINFO [0m:      aggregate_train: Received 2 results and 0 failures
[92mINFO [0m:      aggregate_fit: parameters are clipped by value: 5.0000.
[92mINFO [0m:      aggregate_fit: parameters are clipped by value: 5.0000.
[92mINFO [0m:      aggregate_train: Received 2 results and 0 failures
[92mINFO [0m:      aggregate_train: metric-aware noise with 0.012670 stdev added
[92mINFO [0m:      	└──> Aggregated MetricRecord: {'train_loss': 0.37733002920638103, 'train_loss_mean': 0.4630687779973384, 'client-ids': [0, 1], 'per-client-num-examples': [2133, 8532], 'per-client-train_loss': [0.43834340186729376, 0.36207668604115284], 'per-client-train_loss_mean': [0.5180810626549057, 0.4493157068329466], 'dp-client-ids': [0, 1], 'dp-update-norms-before-clipping': [6.169714275044895, 12.736615252419334], 'dp-client-clipped': [1, 1], 'dp-num-clients-clipped': 2, 'dp-fraction-clipped': 1.0, 'metric-dp-pairwise-distances': [1.9731511572996776], 'metric-dp-pairwise-client-i': [0], 'metric-dp-pairwise-client-j': [1], 'metric-dp-distance-min': 1.9731511572996776, 'metric-dp-distance-median': 1.9731511572996776, 'metric-dp-distance-mean': 1.9731511572996776, 'metric-dp-distance': 1.9731511572996776, 'dp-signal-update-norm': 4.2805737931933985, 'dp-parameter-count': 226596, 'dp-expected-noise-l2-norm': 6.031228349874955, 'dp-noise-to-signal-ratio': 1.408976609506253, 'dp-noise-percent-of-signal': 140.8976609506253, 'metric-dp-noise-stdv': 0.01267008860801791}
[92mINFO [0m:      configure_evaluate: Sampled 2 nodes (out of 2)
[92mINFO [0m:      aggregate_evaluate: Received 2 results and 0 failures
[92mINFO [0m:      	└──> Aggregated MetricRecord: {'eval_loss': 0.6324953796981514, 'eval_acc': 0.7612443778110944, 'client-ids': [0, 1], 'per-client-eval_acc': [0.7640449438202247, 0.760543580131209], 'per-client-eval_loss': [0.637725258587898, 0.6311866846057781], 'per-client-num-examples': [534, 2134]}
[92mINFO [0m:      Global evaluation
[92mINFO [0m:      	└──> MetricRecord: {'loss': 0.6294691085815429, 'accuracy': 0.753, 'f1': 0.7492426175858063, 'precision': 0.7551407680106594, 'auc': 0.9341624166666666}
[92mINFO [0m:      
[92mINFO [0m:      [ROUND 5/20]
[92mINFO [0m:      configure_train: Sampled 2 nodes (out of 2)
[36m(ClientAppActor pid=6207)[0m /usr/lib/python3.12/multiprocessing/popen_fork.py:66: DeprecationWarning: This process (pid=6207) is multi-threaded, use of fork() may lead to deadlocks in the child.[32m [repeated 2x across cluster][0m
[36m(ClientAppActor pid=6207)[0m   self.pid = os.fork()[32m [repeated 2x across cluster][0m
[92mINFO [0m:      aggregate_train: maximum pairwise model distance: 2.018171
[92mINFO [0m:      aggregate_train: Received 2 results and 0 failures
[92mINFO [0m:      aggregate_fit: parameters are clipped by value: 5.0000.
[92mINFO [0m:      aggregate_fit: parameters are clipped by value: 5.0000.
[92mINFO [0m:      aggregate_train: Received 2 results and 0 failures
[92mINFO [0m:      aggregate_train: metric-aware noise with 0.012387 stdev added
[92mINFO [0m:      	└──> Aggregated MetricRecord: {'train_loss': 0.28528473686428624, 'train_loss_mean': 0.37727458946955245, 'client-ids': [0, 1], 'per-client-num-examples': [2133, 8532], 'per-client-train_loss': [0.2923912570348548, 0.2835081068216441], 'per-client-train_loss_mean': [0.4232722035174743, 0.36577518595757197], 'dp-client-ids': [0, 1], 'dp-update-norms-before-clipping': [6.426966216135936, 12.640054102944488], 'dp-client-clipped': [1, 1], 'dp-num-clients-clipped': 2, 'dp-fraction-clipped': 1.0, 'metric-dp-pairwise-distances': [2.018171050430586], 'metric-dp-pairwise-client-i': [0], 'metric-dp-pairwise-client-j': [1], 'metric-dp-distance-min': 2.018171050430586, 'metric-dp-distance-median': 2.018171050430586, 'metric-dp-distance-mean': 2.018171050430586, 'metric-dp-distance': 2.018171050430586, 'dp-signal-update-norm': 4.2100658157574165, 'dp-parameter-count': 226596, 'dp-expected-noise-l2-norm': 5.896688090910511, 'dp-noise-to-signal-ratio': 1.40061660528926, 'dp-noise-percent-of-signal': 140.06166052892598, 'metric-dp-noise-stdv': 0.012387453479062708}
[92mINFO [0m:      configure_evaluate: Sampled 2 nodes (out of 2)
[92mINFO [0m:      aggregate_evaluate: Received 2 results and 0 failures
[92mINFO [0m:      	└──> Aggregated MetricRecord: {'eval_loss': 0.501414211078741, 'eval_acc': 0.8212143928035982, 'client-ids': [0, 1], 'per-client-eval_acc': [0.8220973782771536, 0.8209934395501406], 'per-client-eval_loss': [0.4971635404151031, 0.5024778746843561], 'per-client-num-examples': [534, 2134]}
[92mINFO [0m:      Global evaluation
[92mINFO [0m:      	└──> MetricRecord: {'loss': 0.5191476762294769, 'accuracy': 0.7945, 'f1': 0.7942726702725958, 'precision': 0.7951185821442116, 'auc': 0.9529179999999999}
[92mINFO [0m:      
[92mINFO [0m:      [ROUND 6/20]
[92mINFO [0m:      configure_train: Sampled 2 nodes (out of 2)
[36m(ClientAppActor pid=6207)[0m /usr/lib/python3.12/multiprocessing/popen_fork.py:66: DeprecationWarning: This process (pid=6207) is multi-threaded, use of fork() may lead to deadlocks in the child.[32m [repeated 2x across cluster][0m
[36m(ClientAppActor pid=6207)[0m   self.pid = os.fork()[32m [repeated 2x across cluster][0m
[92mINFO [0m:      aggregate_train: maximum pairwise model distance: 2.038916
[92mINFO [0m:      aggregate_train: Received 2 results and 0 failures
[92mINFO [0m:      aggregate_fit: parameters are clipped by value: 5.0000.
[92mINFO [0m:      aggregate_fit: parameters are clipped by value: 5.0000.
[92mINFO [0m:      aggregate_train: Received 2 results and 0 failures
[92mINFO [0m:      aggregate_train: metric-aware noise with 0.012261 stdev added
[92mINFO [0m:      	└──> Aggregated MetricRecord: {'train_loss': 0.20068974138926968, 'train_loss_mean': 0.2897818625096251, 'client-ids': [0, 1], 'per-client-num-examples': [2133, 8532], 'per-client-train_loss': [0.23467108767970427, 0.19219440481666103], 'per-client-train_loss_mean': [0.34247947019475533, 0.2766074605883425], 'dp-client-ids': [0, 1], 'dp-update-norms-before-clipping': [6.597363312872763, 12.430384750700867], 'dp-client-clipped': [1, 1], 'dp-num-clients-clipped': 2, 'dp-fraction-clipped': 1.0, 'metric-dp-pairwise-distances': [2.038915700123956], 'metric-dp-pairwise-client-i': [0], 'metric-dp-pairwise-client-j': [1], 'metric-dp-distance-min': 2.038915700123956, 'metric-dp-distance-median': 2.038915700123956, 'metric-dp-distance-mean': 2.038915700123956, 'metric-dp-distance': 2.038915700123956, 'dp-signal-update-norm': 4.169786045134288, 'dp-parameter-count': 226596, 'dp-expected-noise-l2-norm': 5.8366931000486675, 'dp-noise-to-signal-ratio': 1.3997584137103363, 'dp-noise-percent-of-signal': 139.97584137103362, 'metric-dp-noise-stdv': 0.012261419144734685}
[92mINFO [0m:      configure_evaluate: Sampled 2 nodes (out of 2)
[92mINFO [0m:      aggregate_evaluate: Received 2 results and 0 failures
[92mINFO [0m:      	└──> Aggregated MetricRecord: {'eval_loss': 0.481792317516264, 'eval_acc': 0.8223388305847077, 'client-ids': [0, 1], 'per-client-eval_acc': [0.8220973782771536, 0.8223992502343018], 'per-client-eval_loss': [0.47113864162887975, 0.4844582326633414], 'per-client-num-examples': [534, 2134]}
[92mINFO [0m:      Global evaluation
[92mINFO [0m:      	└──> MetricRecord: {'loss': 0.49320342755317687, 'accuracy': 0.8045, 'f1': 0.8048927315451649, 'precision': 0.8064219990257744, 'auc': 0.9584188333333333}
[92mINFO [0m:      
[92mINFO [0m:      [ROUND 7/20]
[92mINFO [0m:      configure_train: Sampled 2 nodes (out of 2)
[36m(ClientAppActor pid=6207)[0m /usr/lib/python3.12/multiprocessing/popen_fork.py:66: DeprecationWarning: This process (pid=6207) is multi-threaded, use of fork() may lead to deadlocks in the child.[32m [repeated 2x across cluster][0m
[36m(ClientAppActor pid=6207)[0m   self.pid = os.fork()[32m [repeated 2x across cluster][0m
[92mINFO [0m:      aggregate_train: maximum pairwise model distance: 1.957648
[92mINFO [0m:      aggregate_train: Received 2 results and 0 failures
[92mINFO [0m:      aggregate_fit: parameters are clipped by value: 5.0000.
[92mINFO [0m:      aggregate_fit: parameters are clipped by value: 5.0000.
[92mINFO [0m:      aggregate_train: Received 2 results and 0 failures
[92mINFO [0m:      aggregate_train: metric-aware noise with 0.012770 stdev added
[92mINFO [0m:      	└──> Aggregated MetricRecord: {'train_loss': 0.15075299544508783, 'train_loss_mean': 0.22717463672664093, 'client-ids': [0, 1], 'per-client-num-examples': [2133, 8532], 'per-client-train_loss': [0.17482123530587287, 0.14473593547989155], 'per-client-train_loss_mean': [0.2831193898535088, 0.21318844844492396], 'dp-client-ids': [0, 1], 'dp-update-norms-before-clipping': [6.693906849017623, 11.691055513563196], 'dp-client-clipped': [1, 1], 'dp-num-clients-clipped': 2, 'dp-fraction-clipped': 1.0, 'metric-dp-pairwise-distances': [1.9576478752618034], 'metric-dp-pairwise-client-i': [0], 'metric-dp-pairwise-client-j': [1], 'metric-dp-distance-min': 1.9576478752618034, 'metric-dp-distance-median': 1.9576478752618034, 'metric-dp-distance-mean': 1.9576478752618034, 'metric-dp-distance': 1.9576478752618034, 'dp-signal-update-norm': 4.155184348496259, 'dp-parameter-count': 226596, 'dp-expected-noise-l2-norm': 6.078991706771011, 'dp-noise-to-signal-ratio': 1.4629896526663055, 'dp-noise-percent-of-signal': 146.29896526663057, 'metric-dp-noise-stdv': 0.012770427366390731}
[92mINFO [0m:      configure_evaluate: Sampled 2 nodes (out of 2)
[92mINFO [0m:      aggregate_evaluate: Received 2 results and 0 failures
[92mINFO [0m:      	└──> Aggregated MetricRecord: {'eval_loss': 0.5277160057599755, 'eval_acc': 0.8129685157421289, 'client-ids': [0, 1], 'per-client-eval_acc': [0.7921348314606742, 0.8181818181818182], 'per-client-eval_loss': [0.5129857215095549, 0.5314020281544107], 'per-client-num-examples': [534, 2134]}
[92mINFO [0m:      Global evaluation
[92mINFO [0m:      	└──> MetricRecord: {'loss': 0.5619558267593384, 'accuracy': 0.8, 'f1': 0.8016437248916984, 'precision': 0.8059097909771229, 'auc': 0.9519608333333334}
[92mINFO [0m:      
[92mINFO [0m:      [ROUND 8/20]
[92mINFO [0m:      configure_train: Sampled 2 nodes (out of 2)
[36m(ClientAppActor pid=6207)[0m /usr/lib/python3.12/multiprocessing/popen_fork.py:66: DeprecationWarning: This process (pid=6207) is multi-threaded, use of fork() may lead to deadlocks in the child.[32m [repeated 2x across cluster][0m
[36m(ClientAppActor pid=6207)[0m   self.pid = os.fork()[32m [repeated 2x across cluster][0m
[92mINFO [0m:      aggregate_train: maximum pairwise model distance: 2.001900
[92mINFO [0m:      aggregate_train: Received 2 results and 0 failures
[92mINFO [0m:      aggregate_fit: parameters are clipped by value: 5.0000.
[92mINFO [0m:      aggregate_fit: parameters are clipped by value: 5.0000.
[92mINFO [0m:      aggregate_train: Received 2 results and 0 failures
[92mINFO [0m:      aggregate_train: metric-aware noise with 0.012488 stdev added
[92mINFO [0m:      	└──> Aggregated MetricRecord: {'train_loss': 0.12840533801299892, 'train_loss_mean': 0.18096073737012575, 'client-ids': [0, 1], 'per-client-num-examples': [2133, 8532], 'per-client-train_loss': [0.12724683024041597, 0.12869496495614463], 'per-client-train_loss_mean': [0.23802032621181798, 0.16669584015970268], 'dp-client-ids': [0, 1], 'dp-update-norms-before-clipping': [6.705569623774788, 11.959721121826025], 'dp-client-clipped': [1, 1], 'dp-num-clients-clipped': 2, 'dp-fraction-clipped': 1.0, 'metric-dp-pairwise-distances': [2.001900367982065], 'metric-dp-pairwise-client-i': [0], 'metric-dp-pairwise-client-j': [1], 'metric-dp-distance-min': 2.001900367982065, 'metric-dp-distance-median': 2.001900367982065, 'metric-dp-distance-mean': 2.001900367982065, 'metric-dp-distance': 2.001900367982065, 'dp-signal-update-norm': 4.134099608127636, 'dp-parameter-count': 226596, 'dp-expected-noise-l2-norm': 5.944614122075535, 'dp-noise-to-signal-ratio': 1.4379465144933685, 'dp-noise-percent-of-signal': 143.79465144933684, 'metric-dp-noise-stdv': 0.01248813397501907}
[92mINFO [0m:      configure_evaluate: Sampled 2 nodes (out of 2)
[92mINFO [0m:      aggregate_evaluate: Received 2 results and 0 failures
[92mINFO [0m:      	└──> Aggregated MetricRecord: {'eval_loss': 0.5645467947269308, 'eval_acc': 0.8159670164917541, 'client-ids': [0, 1], 'per-client-eval_acc': [0.8052434456928839, 0.8186504217432052], 'per-client-eval_loss': [0.5286861617913406, 0.573520355170982], 'per-client-num-examples': [534, 2134]}
[92mINFO [0m:      Global evaluation
[92mINFO [0m:      	└──> MetricRecord: {'loss': 0.6218964763879776, 'accuracy': 0.795, 'f1': 0.7967241302550292, 'precision': 0.8007490680609312, 'auc': 0.94961725}
[92mINFO [0m:      
[92mINFO [0m:      [ROUND 9/20]
[92mINFO [0m:      configure_train: Sampled 2 nodes (out of 2)
[36m(ClientAppActor pid=6207)[0m /usr/lib/python3.12/multiprocessing/popen_fork.py:66: DeprecationWarning: This process (pid=6207) is multi-threaded, use of fork() may lead to deadlocks in the child.[32m [repeated 2x across cluster][0m
[36m(ClientAppActor pid=6207)[0m   self.pid = os.fork()[32m [repeated 2x across cluster][0m
[92mINFO [0m:      aggregate_train: maximum pairwise model distance: 1.881457
[92mINFO [0m:      aggregate_train: Received 2 results and 0 failures
[92mINFO [0m:      aggregate_fit: parameters are clipped by value: 5.0000.
[92mINFO [0m:      aggregate_fit: parameters are clipped by value: 5.0000.
[92mINFO [0m:      aggregate_train: Received 2 results and 0 failures
[92mINFO [0m:      aggregate_train: metric-aware noise with 0.013288 stdev added
[92mINFO [0m:      	└──> Aggregated MetricRecord: {'train_loss': 0.08344346203898469, 'train_loss_mean': 0.14353746260087144, 'client-ids': [0, 1], 'per-client-num-examples': [2133, 8532], 'per-client-train_loss': [0.08428314209780781, 0.08323354202427889], 'per-client-train_loss_mean': [0.20970683739225016, 0.12699511890302675], 'dp-client-ids': [0, 1], 'dp-update-norms-before-clipping': [6.450291538005309, 11.018957582959468], 'dp-client-clipped': [1, 1], 'dp-num-clients-clipped': 2, 'dp-fraction-clipped': 1.0, 'metric-dp-pairwise-distances': [1.8814573613926768], 'metric-dp-pairwise-client-i': [0], 'metric-dp-pairwise-client-j': [1], 'metric-dp-distance-min': 1.8814573613926768, 'metric-dp-distance-median': 1.8814573613926768, 'metric-dp-distance-mean': 1.8814573613926768, 'metric-dp-distance': 1.8814573613926768, 'dp-signal-update-norm': 4.117282313777451, 'dp-parameter-count': 226596, 'dp-expected-noise-l2-norm': 6.325163377439223, 'dp-noise-to-signal-ratio': 1.5362471881691604, 'dp-noise-percent-of-signal': 153.62471881691602, 'metric-dp-noise-stdv': 0.01328757191791724}
[92mINFO [0m:      configure_evaluate: Sampled 2 nodes (out of 2)
[92mINFO [0m:      aggregate_evaluate: Received 2 results and 0 failures
[92mINFO [0m:      	└──> Aggregated MetricRecord: {'eval_loss': 0.6560517554876508, 'eval_acc': 0.8125937031484257, 'client-ids': [0, 1], 'per-client-eval_acc': [0.7921348314606742, 0.8177132146204311], 'per-client-eval_loss': [0.6724482493454151, 0.6519487902955017], 'per-client-num-examples': [534, 2134]}
[92mINFO [0m:      Global evaluation
[92mINFO [0m:      	└──> MetricRecord: {'loss': 0.7273055679798126, 'accuracy': 0.7875, 'f1': 0.7886955065808103, 'precision': 0.7919856215207745, 'auc': 0.9471208750000001}
[92mINFO [0m:      
[92mINFO [0m:      [ROUND 10/20]
[92mINFO [0m:      configure_train: Sampled 2 nodes (out of 2)
[36m(ClientAppActor pid=6207)[0m /usr/lib/python3.12/multiprocessing/popen_fork.py:66: DeprecationWarning: This process (pid=6207) is multi-threaded, use of fork() may lead to deadlocks in the child.[32m [repeated 2x across cluster][0m
[36m(ClientAppActor pid=6207)[0m   self.pid = os.fork()[32m [repeated 2x across cluster][0m
[92mINFO [0m:      aggregate_train: maximum pairwise model distance: 1.841592
[92mINFO [0m:      aggregate_train: Received 2 results and 0 failures
[92mINFO [0m:      aggregate_fit: parameters are clipped by value: 5.0000.
[92mINFO [0m:      aggregate_fit: parameters are clipped by value: 5.0000.
[92mINFO [0m:      aggregate_train: Received 2 results and 0 failures
[92mINFO [0m:      aggregate_train: metric-aware noise with 0.013575 stdev added
[92mINFO [0m:      	└──> Aggregated MetricRecord: {'train_loss': 0.06336135866030514, 'train_loss_mean': 0.11524149319285373, 'client-ids': [0, 1], 'per-client-num-examples': [2133, 8532], 'per-client-train_loss': [0.05706140438930437, 0.06493634722805532], 'per-client-train_loss_mean': [0.17013214023655435, 0.10151883143192857], 'dp-client-ids': [0, 1], 'dp-update-norms-before-clipping': [6.252620924299157, 11.088950356548446], 'dp-client-clipped': [1, 1], 'dp-num-clients-clipped': 2, 'dp-fraction-clipped': 1.0, 'metric-dp-pairwise-distances': [1.841592349888136], 'metric-dp-pairwise-client-i': [0], 'metric-dp-pairwise-client-j': [1], 'metric-dp-distance-min': 1.841592349888136, 'metric-dp-distance-median': 1.841592349888136, 'metric-dp-distance-mean': 1.841592349888136, 'metric-dp-distance': 1.841592349888136, 'dp-signal-update-norm': 4.113129048345075, 'dp-parameter-count': 226596, 'dp-expected-noise-l2-norm': 6.462084401695776, 'dp-noise-to-signal-ratio': 1.5710872004601477, 'dp-noise-percent-of-signal': 157.10872004601478, 'metric-dp-noise-stdv': 0.013575208433896122}
[92mINFO [0m:      configure_evaluate: Sampled 2 nodes (out of 2)
[92mINFO [0m:      aggregate_evaluate: Received 2 results and 0 failures
[92mINFO [0m:      	└──> Aggregated MetricRecord: {'eval_loss': 0.7749046766418388, 'eval_acc': 0.7964767616191903, 'client-ids': [0, 1], 'per-client-eval_acc': [0.7808988764044944, 0.8003748828491096], 'per-client-eval_loss': [0.773485198003076, 0.7752598788879023], 'per-client-num-examples': [534, 2134]}
[92mINFO [0m:      Global evaluation
[92mINFO [0m:      	└──> MetricRecord: {'loss': 0.8219095400571823, 'accuracy': 0.781, 'f1': 0.7795155399588538, 'precision': 0.7848903784387654, 'auc': 0.9432535000000001}
[92mINFO [0m:      
[92mINFO [0m:      [ROUND 11/20]
[92mINFO [0m:      configure_train: Sampled 2 nodes (out of 2)
[36m(ClientAppActor pid=6207)[0m /usr/lib/python3.12/multiprocessing/popen_fork.py:66: DeprecationWarning: This process (pid=6207) is multi-threaded, use of fork() may lead to deadlocks in the child.[32m [repeated 2x across cluster][0m
[36m(ClientAppActor pid=6207)[0m   self.pid = os.fork()[32m [repeated 2x across cluster][0m
[92mINFO [0m:      aggregate_train: maximum pairwise model distance: 1.852807
[92mINFO [0m:      aggregate_train: Received 2 results and 0 failures
[92mINFO [0m:      aggregate_fit: parameters are clipped by value: 5.0000.
[92mINFO [0m:      aggregate_fit: parameters are clipped by value: 5.0000.
[92mINFO [0m:      aggregate_train: Received 2 results and 0 failures
[92mINFO [0m:      aggregate_train: metric-aware noise with 0.013493 stdev added
[92mINFO [0m:      	└──> Aggregated MetricRecord: {'train_loss': 0.078657198909354, 'train_loss_mean': 0.10205434113705991, 'client-ids': [0, 1], 'per-client-num-examples': [2133, 8532], 'per-client-train_loss': [0.068954940946433, 0.08108276340008425], 'per-client-train_loss_mean': [0.15119436640262715, 0.0897693348206681], 'dp-client-ids': [0, 1], 'dp-update-norms-before-clipping': [6.593759322746585, 11.047634236121082], 'dp-client-clipped': [1, 1], 'dp-num-clients-clipped': 2, 'dp-fraction-clipped': 1.0, 'metric-dp-pairwise-distances': [1.8528068191371858], 'metric-dp-pairwise-client-i': [0], 'metric-dp-pairwise-client-j': [1], 'metric-dp-distance-min': 1.8528068191371858, 'metric-dp-distance-median': 1.8528068191371858, 'metric-dp-distance-mean': 1.8528068191371858, 'metric-dp-distance': 1.8528068191371858, 'dp-signal-update-norm': 4.118653496463024, 'dp-parameter-count': 226596, 'dp-expected-noise-l2-norm': 6.422971394306625, 'dp-noise-to-signal-ratio': 1.559483311675158, 'dp-noise-percent-of-signal': 155.9483311675158, 'metric-dp-noise-stdv': 0.013493041876671195}
[92mINFO [0m:      configure_evaluate: Sampled 2 nodes (out of 2)
[92mINFO [0m:      aggregate_evaluate: Received 2 results and 0 failures
[92mINFO [0m:      	└──> Aggregated MetricRecord: {'eval_loss': 0.7683724415177169, 'eval_acc': 0.8095952023988006, 'client-ids': [0, 1], 'per-client-eval_acc': [0.795880149812734, 0.8130271790065604], 'per-client-eval_loss': [0.7774928267975425, 0.7660902082752489], 'per-client-num-examples': [534, 2134]}
[92mINFO [0m:      Global evaluation
[92mINFO [0m:      	└──> MetricRecord: {'loss': 0.809440328836441, 'accuracy': 0.7925, 'f1': 0.791414396574669, 'precision': 0.7961063499045266, 'auc': 0.947767875}
[92mINFO [0m:      
[92mINFO [0m:      [ROUND 12/20]
[92mINFO [0m:      configure_train: Sampled 2 nodes (out of 2)
[36m(ClientAppActor pid=6207)[0m /usr/lib/python3.12/multiprocessing/popen_fork.py:66: DeprecationWarning: This process (pid=6207) is multi-threaded, use of fork() may lead to deadlocks in the child.[32m [repeated 2x across cluster][0m
[36m(ClientAppActor pid=6207)[0m   self.pid = os.fork()[32m [repeated 2x across cluster][0m
[92mINFO [0m:      aggregate_train: maximum pairwise model distance: 1.841741
[92mINFO [0m:      aggregate_train: Received 2 results and 0 failures
[92mINFO [0m:      aggregate_fit: parameters are clipped by value: 5.0000.
[92mINFO [0m:      aggregate_fit: parameters are clipped by value: 5.0000.
[92mINFO [0m:      aggregate_train: Received 2 results and 0 failures
[92mINFO [0m:      aggregate_train: metric-aware noise with 0.013574 stdev added
[92mINFO [0m:      	└──> Aggregated MetricRecord: {'train_loss': 0.07615306893746952, 'train_loss_mean': 0.0902720096107333, 'client-ids': [0, 1], 'per-client-num-examples': [2133, 8532], 'per-client-train_loss': [0.06220166537119534, 0.07964091982903806], 'per-client-train_loss_mean': [0.1319943944658548, 0.07984141339695293], 'dp-client-ids': [0, 1], 'dp-update-norms-before-clipping': [6.3162460093458295, 11.420771504310459], 'dp-client-clipped': [1, 1], 'dp-num-clients-clipped': 2, 'dp-fraction-clipped': 1.0, 'metric-dp-pairwise-distances': [1.8417410270000498], 'metric-dp-pairwise-client-i': [0], 'metric-dp-pairwise-client-j': [1], 'metric-dp-distance-min': 1.8417410270000498, 'metric-dp-distance-median': 1.8417410270000498, 'metric-dp-distance-mean': 1.8417410270000498, 'metric-dp-distance': 1.8417410270000498, 'dp-signal-update-norm': 4.124410579156855, 'dp-parameter-count': 226596, 'dp-expected-noise-l2-norm': 6.461562740923874, 'dp-noise-to-signal-ratio': 1.5666633127114125, 'dp-noise-percent-of-signal': 156.66633127114125, 'metric-dp-noise-stdv': 0.013574112556270553}
[92mINFO [0m:      configure_evaluate: Sampled 2 nodes (out of 2)
[92mINFO [0m:      aggregate_evaluate: Received 2 results and 0 failures
[92mINFO [0m:      	└──> Aggregated MetricRecord: {'eval_loss': 0.7722802866345224, 'eval_acc': 0.8170914542728634, 'client-ids': [0, 1], 'per-client-eval_acc': [0.8071161048689138, 0.8195876288659794], 'per-client-eval_loss': [0.7127282699842131, 0.7871822439406447], 'per-client-num-examples': [534, 2134]}
[92mINFO [0m:      Global evaluation
[92mINFO [0m:      	└──> MetricRecord: {'loss': 0.8318891298770904, 'accuracy': 0.8085, 'f1': 0.8070596767527204, 'precision': 0.8070337688120127, 'auc': 0.9520425000000001}
[92mINFO [0m:      
[92mINFO [0m:      [ROUND 13/20]
[92mINFO [0m:      configure_train: Sampled 2 nodes (out of 2)
[36m(ClientAppActor pid=6207)[0m /usr/lib/python3.12/multiprocessing/popen_fork.py:66: DeprecationWarning: This process (pid=6207) is multi-threaded, use of fork() may lead to deadlocks in the child.[32m [repeated 2x across cluster][0m
[36m(ClientAppActor pid=6207)[0m   self.pid = os.fork()[32m [repeated 2x across cluster][0m
[92mINFO [0m:      aggregate_train: maximum pairwise model distance: 1.920453
[92mINFO [0m:      aggregate_train: Received 2 results and 0 failures
[92mINFO [0m:      aggregate_fit: parameters are clipped by value: 5.0000.
[92mINFO [0m:      aggregate_fit: parameters are clipped by value: 5.0000.
[92mINFO [0m:      aggregate_train: Received 2 results and 0 failures
[92mINFO [0m:      aggregate_train: metric-aware noise with 0.013018 stdev added
[92mINFO [0m:      	└──> Aggregated MetricRecord: {'train_loss': 0.06995460922330744, 'train_loss_mean': 0.08542296079336284, 'client-ids': [0, 1], 'per-client-num-examples': [2133, 8532], 'per-client-train_loss': [0.06061972615881476, 0.0722883299894306], 'per-client-train_loss_mean': [0.13067090646606122, 0.07411097437518824], 'dp-client-ids': [0, 1], 'dp-update-norms-before-clipping': [6.519198068122249, 11.752251001770883], 'dp-client-clipped': [1, 1], 'dp-num-clients-clipped': 2, 'dp-fraction-clipped': 1.0, 'metric-dp-pairwise-distances': [1.9204526736090581], 'metric-dp-pairwise-client-i': [0], 'metric-dp-pairwise-client-j': [1], 'metric-dp-distance-min': 1.9204526736090581, 'metric-dp-distance-median': 1.9204526736090581, 'metric-dp-distance-mean': 1.9204526736090581, 'metric-dp-distance': 1.9204526736090581, 'dp-signal-update-norm': 4.128562150727837, 'dp-parameter-count': 226596, 'dp-expected-noise-l2-norm': 6.196729220163514, 'dp-noise-to-signal-ratio': 1.50094124635403, 'dp-noise-percent-of-signal': 150.09412463540298, 'metric-dp-noise-stdv': 0.013017764167558545}
[92mINFO [0m:      configure_evaluate: Sampled 2 nodes (out of 2)
[92mINFO [0m:      aggregate_evaluate: Received 2 results and 0 failures
[92mINFO [0m:      	└──> Aggregated MetricRecord: {'eval_loss': 0.8063269487206546, 'eval_acc': 0.8227136431784108, 'client-ids': [0, 1], 'per-client-eval_acc': [0.8183520599250936, 0.823805060918463], 'per-client-eval_loss': [0.7757771399137232, 0.8139715587969908], 'per-client-num-examples': [534, 2134]}
[92mINFO [0m:      Global evaluation
[92mINFO [0m:      	└──> MetricRecord: {'loss': 0.8532046020030976, 'accuracy': 0.802, 'f1': 0.8016241234086329, 'precision': 0.8023132777405457, 'auc': 0.9529999166666665}
[92mINFO [0m:      
[92mINFO [0m:      [ROUND 14/20]
[92mINFO [0m:      configure_train: Sampled 2 nodes (out of 2)
[36m(ClientAppActor pid=6207)[0m /usr/lib/python3.12/multiprocessing/popen_fork.py:66: DeprecationWarning: This process (pid=6207) is multi-threaded, use of fork() may lead to deadlocks in the child.[32m [repeated 2x across cluster][0m
[36m(ClientAppActor pid=6207)[0m   self.pid = os.fork()[32m [repeated 2x across cluster][0m
[92mINFO [0m:      aggregate_train: maximum pairwise model distance: 1.841688
[92mINFO [0m:      aggregate_train: Received 2 results and 0 failures
[92mINFO [0m:      aggregate_fit: parameters are clipped by value: 5.0000.
[92mINFO [0m:      aggregate_fit: parameters are clipped by value: 5.0000.
[92mINFO [0m:      aggregate_train: Received 2 results and 0 failures
[92mINFO [0m:      aggregate_train: metric-aware noise with 0.013575 stdev added
[92mINFO [0m:      	└──> Aggregated MetricRecord: {'train_loss': 0.06277791421897133, 'train_loss_mean': 0.07444000557896345, 'client-ids': [0, 1], 'per-client-num-examples': [2133, 8532], 'per-client-train_loss': [0.05350335671680386, 0.0650965535945132], 'per-client-train_loss_mean': [0.11435089355384413, 0.06446228358524328], 'dp-client-ids': [0, 1], 'dp-update-norms-before-clipping': [6.646395147925133, 11.083271025988847], 'dp-client-clipped': [1, 1], 'dp-num-clients-clipped': 2, 'dp-fraction-clipped': 1.0, 'metric-dp-pairwise-distances': [1.8416878681940336], 'metric-dp-pairwise-client-i': [0], 'metric-dp-pairwise-client-j': [1], 'metric-dp-distance-min': 1.8416878681940336, 'metric-dp-distance-median': 1.8416878681940336, 'metric-dp-distance-mean': 1.8416878681940336, 'metric-dp-distance': 1.8416878681940336, 'dp-signal-update-norm': 4.126818201470567, 'dp-parameter-count': 226596, 'dp-expected-noise-l2-norm': 6.461749248619471, 'dp-noise-to-signal-ratio': 1.5657945015161716, 'dp-noise-percent-of-signal': 156.57945015161718, 'metric-dp-noise-stdv': 0.013574504361868387}
[92mINFO [0m:      configure_evaluate: Sampled 2 nodes (out of 2)
[92mINFO [0m:      aggregate_evaluate: Received 2 results and 0 failures
[92mINFO [0m:      	└──> Aggregated MetricRecord: {'eval_loss': 0.8663660788285857, 'eval_acc': 0.8110944527736133, 'client-ids': [0, 1], 'per-client-eval_acc': [0.8052434456928839, 0.8125585754451734], 'per-client-eval_loss': [0.8263645100682863, 0.8763758434574517], 'per-client-num-examples': [534, 2134]}
[92mINFO [0m:      Global evaluation
[92mINFO [0m:      	└──> MetricRecord: {'loss': 0.9049352316856384, 'accuracy': 0.8005, 'f1': 0.7976384201160434, 'precision': 0.7978086195186653, 'auc': 0.9483311666666666}
[92mINFO [0m:      
[92mINFO [0m:      [ROUND 15/20]
[92mINFO [0m:      configure_train: Sampled 2 nodes (out of 2)
[36m(ClientAppActor pid=6207)[0m /usr/lib/python3.12/multiprocessing/popen_fork.py:66: DeprecationWarning: This process (pid=6207) is multi-threaded, use of fork() may lead to deadlocks in the child.[32m [repeated 2x across cluster][0m
[36m(ClientAppActor pid=6207)[0m   self.pid = os.fork()[32m [repeated 2x across cluster][0m
[92mINFO [0m:      aggregate_train: maximum pairwise model distance: 1.890432
[92mINFO [0m:      aggregate_train: Received 2 results and 0 failures
[92mINFO [0m:      aggregate_fit: parameters are clipped by value: 5.0000.
[92mINFO [0m:      aggregate_fit: parameters are clipped by value: 5.0000.
[92mINFO [0m:      aggregate_train: Received 2 results and 0 failures
[92mINFO [0m:      aggregate_train: metric-aware noise with 0.013224 stdev added
[92mINFO [0m:      	└──> Aggregated MetricRecord: {'train_loss': 0.045166513499307406, 'train_loss_mean': 0.07101981605368632, 'client-ids': [0, 1], 'per-client-num-examples': [2133, 8532], 'per-client-train_loss': [0.034189464065931346, 0.04791077585765141], 'per-client-train_loss_mean': [0.10998715370320625, 0.06127798164130634], 'dp-client-ids': [0, 1], 'dp-update-norms-before-clipping': [6.226194225126391, 11.806786243202131], 'dp-client-clipped': [1, 1], 'dp-num-clients-clipped': 2, 'dp-fraction-clipped': 1.0, 'metric-dp-pairwise-distances': [1.8904321476196249], 'metric-dp-pairwise-client-i': [0], 'metric-dp-pairwise-client-j': [1], 'metric-dp-distance-min': 1.8904321476196249, 'metric-dp-distance-median': 1.8904321476196249, 'metric-dp-distance-mean': 1.8904321476196249, 'metric-dp-distance': 1.8904321476196249, 'dp-signal-update-norm': 4.127189193883928, 'dp-parameter-count': 226596, 'dp-expected-noise-l2-norm': 6.295134799457984, 'dp-noise-to-signal-ratio': 1.525283795757832, 'dp-noise-percent-of-signal': 152.5283795757832, 'metric-dp-noise-stdv': 0.013224489454159594}
[92mINFO [0m:      configure_evaluate: Sampled 2 nodes (out of 2)
[92mINFO [0m:      aggregate_evaluate: Received 2 results and 0 failures
[92mINFO [0m:      	└──> Aggregated MetricRecord: {'eval_loss': 1.0037450320359649, 'eval_acc': 0.7923538230884557, 'client-ids': [0, 1], 'per-client-eval_acc': [0.7696629213483146, 0.7980318650421743], 'per-client-eval_loss': [1.0070148978786968, 1.0029267994398923], 'per-client-num-examples': [534, 2134]}
[92mINFO [0m:      Global evaluation
[92mINFO [0m:      	└──> MetricRecord: {'loss': 1.0016904606819153, 'accuracy': 0.7925, 'f1': 0.789062483477756, 'precision': 0.7930795018163187, 'auc': 0.9452242083333334}
[92mINFO [0m:      
[92mINFO [0m:      [ROUND 16/20]
[92mINFO [0m:      configure_train: Sampled 2 nodes (out of 2)
[36m(ClientAppActor pid=6207)[0m /usr/lib/python3.12/multiprocessing/popen_fork.py:66: DeprecationWarning: This process (pid=6207) is multi-threaded, use of fork() may lead to deadlocks in the child.[32m [repeated 2x across cluster][0m
[36m(ClientAppActor pid=6207)[0m   self.pid = os.fork()[32m [repeated 2x across cluster][0m
[92mINFO [0m:      aggregate_train: maximum pairwise model distance: 1.862865
[92mINFO [0m:      aggregate_train: Received 2 results and 0 failures
[92mINFO [0m:      aggregate_fit: parameters are clipped by value: 5.0000.
[92mINFO [0m:      aggregate_fit: parameters are clipped by value: 5.0000.
[92mINFO [0m:      aggregate_train: Received 2 results and 0 failures
[92mINFO [0m:      aggregate_train: metric-aware noise with 0.013420 stdev added
[92mINFO [0m:      	└──> Aggregated MetricRecord: {'train_loss': 0.05957311604790254, 'train_loss_mean': 0.0670978259581477, 'client-ids': [0, 1], 'per-client-num-examples': [2133, 8532], 'per-client-train_loss': [0.060071691301329506, 0.05944847223454579], 'per-client-train_loss_mean': [0.10343720245891568, 0.0580129818329557], 'dp-client-ids': [0, 1], 'dp-update-norms-before-clipping': [6.669222790678694, 11.405919269549349], 'dp-client-clipped': [1, 1], 'dp-num-clients-clipped': 2, 'dp-fraction-clipped': 1.0, 'metric-dp-pairwise-distances': [1.8628650961133342], 'metric-dp-pairwise-client-i': [0], 'metric-dp-pairwise-client-j': [1], 'metric-dp-distance-min': 1.8628650961133342, 'metric-dp-distance-median': 1.8628650961133342, 'metric-dp-distance-mean': 1.8628650961133342, 'metric-dp-distance': 1.8628650961133342, 'dp-signal-update-norm': 4.120807360452982, 'dp-parameter-count': 226596, 'dp-expected-noise-l2-norm': 6.388291467440958, 'dp-noise-to-signal-ratio': 1.5502523919824103, 'dp-noise-percent-of-signal': 155.02523919824102, 'metric-dp-noise-stdv': 0.013420188102809906}
[92mINFO [0m:      configure_evaluate: Sampled 2 nodes (out of 2)
[92mINFO [0m:      aggregate_evaluate: Received 2 results and 0 failures
[92mINFO [0m:      	└──> Aggregated MetricRecord: {'eval_loss': 0.8665384005928325, 'eval_acc': 0.828335832083958, 'client-ids': [0, 1], 'per-client-eval_acc': [0.8258426966292135, 0.8289597000937207], 'per-client-eval_loss': [0.7830162226930539, 0.8874385144627865], 'per-client-num-examples': [534, 2134]}
[92mINFO [0m:      Global evaluation
[92mINFO [0m:      	└──> MetricRecord: {'loss': 0.9917141046524048, 'accuracy': 0.8035, 'f1': 0.8026339496553664, 'precision': 0.8024039283426403, 'auc': 0.9496920416666667}
[92mINFO [0m:      
[92mINFO [0m:      [ROUND 17/20]
[92mINFO [0m:      configure_train: Sampled 2 nodes (out of 2)
[36m(ClientAppActor pid=6207)[0m /usr/lib/python3.12/multiprocessing/popen_fork.py:66: DeprecationWarning: This process (pid=6207) is multi-threaded, use of fork() may lead to deadlocks in the child.[32m [repeated 2x across cluster][0m
[36m(ClientAppActor pid=6207)[0m   self.pid = os.fork()[32m [repeated 2x across cluster][0m
[92mINFO [0m:      aggregate_train: maximum pairwise model distance: 1.931157
[92mINFO [0m:      aggregate_train: Received 2 results and 0 failures
[92mINFO [0m:      aggregate_fit: parameters are clipped by value: 5.0000.
[92mINFO [0m:      aggregate_fit: parameters are clipped by value: 5.0000.
[92mINFO [0m:      aggregate_train: Received 2 results and 0 failures
[92mINFO [0m:      aggregate_train: metric-aware noise with 0.012946 stdev added
[92mINFO [0m:      	└──> Aggregated MetricRecord: {'train_loss': 0.05188534431774266, 'train_loss_mean': 0.06202060053270857, 'client-ids': [0, 1], 'per-client-num-examples': [2133, 8532], 'per-client-train_loss': [0.06485717606709364, 0.048642386380404905], 'per-client-train_loss_mean': [0.09597183370668454, 0.053532792239214574], 'dp-client-ids': [0, 1], 'dp-update-norms-before-clipping': [6.692825956394442, 11.788434921832707], 'dp-client-clipped': [1, 1], 'dp-num-clients-clipped': 2, 'dp-fraction-clipped': 1.0, 'metric-dp-pairwise-distances': [1.93115652538836], 'metric-dp-pairwise-client-i': [0], 'metric-dp-pairwise-client-j': [1], 'metric-dp-distance-min': 1.93115652538836, 'metric-dp-distance-median': 1.93115652538836, 'metric-dp-distance-mean': 1.93115652538836, 'metric-dp-distance': 1.93115652538836, 'dp-signal-update-norm': 4.114415841555824, 'dp-parameter-count': 226596, 'dp-expected-noise-l2-norm': 6.162382511226618, 'dp-noise-to-signal-ratio': 1.4977539336170689, 'dp-noise-percent-of-signal': 149.77539336170688, 'metric-dp-noise-stdv': 0.012945610400468415}
[92mINFO [0m:      configure_evaluate: Sampled 2 nodes (out of 2)
[92mINFO [0m:      aggregate_evaluate: Received 2 results and 0 failures
[92mINFO [0m:      	└──> Aggregated MetricRecord: {'eval_loss': 0.8927923484720748, 'eval_acc': 0.8219640179910044, 'client-ids': [0, 1], 'per-client-eval_acc': [0.8277153558052435, 0.8205248359887535], 'per-client-eval_loss': [0.791993855983577, 0.9180155888604805], 'per-client-num-examples': [534, 2134]}
[92mINFO [0m:      Global evaluation
[92mINFO [0m:      	└──> MetricRecord: {'loss': 1.0089653304815291, 'accuracy': 0.803, 'f1': 0.8007473638290535, 'precision': 0.8016229942179268, 'auc': 0.9502292083333334}
[92mINFO [0m:      
[92mINFO [0m:      [ROUND 18/20]
[92mINFO [0m:      configure_train: Sampled 2 nodes (out of 2)
[36m(ClientAppActor pid=6207)[0m /usr/lib/python3.12/multiprocessing/popen_fork.py:66: DeprecationWarning: This process (pid=6207) is multi-threaded, use of fork() may lead to deadlocks in the child.[32m [repeated 2x across cluster][0m
[36m(ClientAppActor pid=6207)[0m   self.pid = os.fork()[32m [repeated 2x across cluster][0m
[92mINFO [0m:      aggregate_train: maximum pairwise model distance: 1.920842
[92mINFO [0m:      aggregate_train: Received 2 results and 0 failures
[92mINFO [0m:      aggregate_fit: parameters are clipped by value: 5.0000.
[92mINFO [0m:      aggregate_fit: parameters are clipped by value: 5.0000.
[92mINFO [0m:      aggregate_train: Received 2 results and 0 failures
[92mINFO [0m:      aggregate_train: metric-aware noise with 0.013015 stdev added
[92mINFO [0m:      	└──> Aggregated MetricRecord: {'train_loss': 0.04825187543947625, 'train_loss_mean': 0.057246408726316186, 'client-ids': [0, 1], 'per-client-num-examples': [2133, 8532], 'per-client-train_loss': [0.06209853228288137, 0.04479021122862497], 'per-client-train_loss_mean': [0.09769577432198531, 0.0471340673273989], 'dp-client-ids': [0, 1], 'dp-update-norms-before-clipping': [6.803304872503457, 11.699271015609146], 'dp-client-clipped': [1, 1], 'dp-num-clients-clipped': 2, 'dp-fraction-clipped': 1.0, 'metric-dp-pairwise-distances': [1.920841537726422], 'metric-dp-pairwise-client-i': [0], 'metric-dp-pairwise-client-j': [1], 'metric-dp-distance-min': 1.920841537726422, 'metric-dp-distance-median': 1.920841537726422, 'metric-dp-distance-mean': 1.920841537726422, 'metric-dp-distance': 1.920841537726422, 'dp-signal-update-norm': 4.123158121290975, 'dp-parameter-count': 226596, 'dp-expected-noise-l2-norm': 6.195474725406182, 'dp-noise-to-signal-ratio': 1.5026042036598777, 'dp-noise-percent-of-signal': 150.26042036598776, 'metric-dp-noise-stdv': 0.013015128790681459}
[92mINFO [0m:      configure_evaluate: Sampled 2 nodes (out of 2)
[92mINFO [0m:      aggregate_evaluate: Received 2 results and 0 failures
[92mINFO [0m:      	└──> Aggregated MetricRecord: {'eval_loss': 0.960121519383283, 'eval_acc': 0.8144677661169415, 'client-ids': [0, 1], 'per-client-eval_acc': [0.8052434456928839, 0.816776007497657], 'per-client-eval_loss': [0.9329207023877776, 0.966928096832018], 'per-client-num-examples': [534, 2134]}
[92mINFO [0m:      Global evaluation
[92mINFO [0m:      	└──> MetricRecord: {'loss': 1.010096474647522, 'accuracy': 0.8015, 'f1': 0.7987994108786097, 'precision': 0.8000818674953406, 'auc': 0.9507112916666667}
[92mINFO [0m:      
[92mINFO [0m:      [ROUND 19/20]
[92mINFO [0m:      configure_train: Sampled 2 nodes (out of 2)
[36m(ClientAppActor pid=6207)[0m /usr/lib/python3.12/multiprocessing/popen_fork.py:66: DeprecationWarning: This process (pid=6207) is multi-threaded, use of fork() may lead to deadlocks in the child.[32m [repeated 2x across cluster][0m
[36m(ClientAppActor pid=6207)[0m   self.pid = os.fork()[32m [repeated 2x across cluster][0m
[92mINFO [0m:      aggregate_train: maximum pairwise model distance: 1.948838
[92mINFO [0m:      aggregate_train: Received 2 results and 0 failures
[92mINFO [0m:      aggregate_fit: parameters are clipped by value: 5.0000.
[92mINFO [0m:      aggregate_fit: parameters are clipped by value: 5.0000.
[92mINFO [0m:      aggregate_train: Received 2 results and 0 failures
[92mINFO [0m:      aggregate_train: metric-aware noise with 0.012828 stdev added
[92mINFO [0m:      	└──> Aggregated MetricRecord: {'train_loss': 0.03380740873997641, 'train_loss_mean': 0.05776682667330736, 'client-ids': [0, 1], 'per-client-num-examples': [2133, 8532], 'per-client-train_loss': [0.027317642891387453, 0.03542985020212364], 'per-client-train_loss_mean': [0.08782631079867163, 0.05025195564196629], 'dp-client-ids': [0, 1], 'dp-update-norms-before-clipping': [6.391559133698046, 12.289027325047227], 'dp-client-clipped': [1, 1], 'dp-num-clients-clipped': 2, 'dp-fraction-clipped': 1.0, 'metric-dp-pairwise-distances': [1.9488379162115355], 'metric-dp-pairwise-client-i': [0], 'metric-dp-pairwise-client-j': [1], 'metric-dp-distance-min': 1.9488379162115355, 'metric-dp-distance-median': 1.9488379162115355, 'metric-dp-distance-mean': 1.9488379162115355, 'metric-dp-distance': 1.9488379162115355, 'dp-signal-update-norm': 4.135560000229298, 'dp-parameter-count': 226596, 'dp-expected-noise-l2-norm': 6.106472528833258, 'dp-noise-to-signal-ratio': 1.4765769396392947, 'dp-noise-percent-of-signal': 147.65769396392946, 'metric-dp-noise-stdv': 0.012828157637962535}
[92mINFO [0m:      configure_evaluate: Sampled 2 nodes (out of 2)
[92mINFO [0m:      aggregate_evaluate: Received 2 results and 0 failures
[92mINFO [0m:      	└──> Aggregated MetricRecord: {'eval_loss': 0.9121532613548381, 'eval_acc': 0.8230884557721139, 'client-ids': [0, 1], 'per-client-eval_acc': [0.8239700374531835, 0.8228678537956888], 'per-client-eval_loss': [0.8669596298803551, 0.9234622581717894], 'per-client-num-examples': [534, 2134]}
[92mINFO [0m:      Global evaluation
[92mINFO [0m:      	└──> MetricRecord: {'loss': 1.0627808952331543, 'accuracy': 0.796, 'f1': 0.7951773315511061, 'precision': 0.7950486216596628, 'auc': 0.94930475}
[92mINFO [0m:      
[92mINFO [0m:      [ROUND 20/20]
[92mINFO [0m:      configure_train: Sampled 2 nodes (out of 2)
[36m(ClientAppActor pid=6207)[0m /usr/lib/python3.12/multiprocessing/popen_fork.py:66: DeprecationWarning: This process (pid=6207) is multi-threaded, use of fork() may lead to deadlocks in the child.[32m [repeated 2x across cluster][0m
[36m(ClientAppActor pid=6207)[0m   self.pid = os.fork()[32m [repeated 2x across cluster][0m
[92mINFO [0m:      aggregate_train: maximum pairwise model distance: 1.931925
[92mINFO [0m:      aggregate_train: Received 2 results and 0 failures
[92mINFO [0m:      aggregate_fit: parameters are clipped by value: 5.0000.
[92mINFO [0m:      aggregate_fit: parameters are clipped by value: 5.0000.
[92mINFO [0m:      aggregate_train: Received 2 results and 0 failures
[92mINFO [0m:      aggregate_train: metric-aware noise with 0.012940 stdev added
[92mINFO [0m:      	└──> Aggregated MetricRecord: {'train_loss': 0.03697604150858442, 'train_loss_mean': 0.05135754425802774, 'client-ids': [0, 1], 'per-client-num-examples': [2133, 8532], 'per-client-train_loss': [0.06384875421729716, 0.030257863331406232], 'per-client-train_loss_mean': [0.08699263230235124, 0.04244877224694686], 'dp-client-ids': [0, 1], 'dp-update-norms-before-clipping': [6.889202049325439, 11.910893345404173], 'dp-client-clipped': [1, 1], 'dp-num-clients-clipped': 2, 'dp-fraction-clipped': 1.0, 'metric-dp-pairwise-distances': [1.9319248413667083], 'metric-dp-pairwise-client-i': [0], 'metric-dp-pairwise-client-j': [1], 'metric-dp-distance-min': 1.9319248413667083, 'metric-dp-distance-median': 1.9319248413667083, 'metric-dp-distance-mean': 1.9319248413667083, 'metric-dp-distance': 1.9319248413667083, 'dp-signal-update-norm': 4.127103049453611, 'dp-parameter-count': 226596, 'dp-expected-noise-l2-norm': 6.1599317652935, 'dp-noise-to-signal-ratio': 1.492555841586998, 'dp-noise-percent-of-signal': 149.25558415869978, 'metric-dp-noise-stdv': 0.012940462001779614}
[92mINFO [0m:      configure_evaluate: Sampled 2 nodes (out of 2)
[92mINFO [0m:      aggregate_evaluate: Received 2 results and 0 failures
[92mINFO [0m:      	└──> Aggregated MetricRecord: {'eval_loss': 0.9175704422740565, 'eval_acc': 0.8215892053973013, 'client-ids': [0, 1], 'per-client-eval_acc': [0.8146067415730337, 0.823336457357076], 'per-client-eval_loss': [0.8856893139385552, 0.9255481941630713], 'per-client-num-examples': [534, 2134]}
[92mINFO [0m:      Global evaluation
[92mINFO [0m:      	└──> MetricRecord: {'loss': 1.0941180443763734, 'accuracy': 0.8015, 'f1': 0.8013350844033571, 'precision': 0.8016122843573725, 'auc': 0.9505254166666667}
[92mINFO [0m:      
[92mINFO [0m:      Strategy execution finished in 323.12s
[92mINFO [0m:      
[92mINFO [0m:      Final results:
[92mINFO [0m:      
[92mINFO [0m:      	Global Arrays:
[92mINFO [0m:      		ArrayRecord (0.866 MB)
[92mINFO [0m:      	
[92mINFO [0m:      	Aggregated ClientApp-side Train Metrics:
[92mINFO [0m:      	{ 1: { 'client-ids': "['0', '1']",
[92mINFO [0m:      	       'dp-client-clipped': "['1', '1']",
[92mINFO [0m:      	       'dp-client-ids': "['0', '1']",
[92mINFO [0m:      	       'dp-expected-noise-l2-norm': '5.3120e+00',
[92mINFO [0m:      	       'dp-fraction-clipped': '1.0000e+00',
[92mINFO [0m:      	       'dp-noise-percent-of-signal': '1.2610e+02',
[92mINFO [0m:      	       'dp-noise-to-signal-ratio': '1.2610e+00',
[92mINFO [0m:      	       'dp-num-clients-clipped': '2',
[92mINFO [0m:      	       'dp-parameter-count': '226596',
[92mINFO [0m:      	       'dp-signal-update-norm': '4.2125e+00',
[92mINFO [0m:      	       'dp-update-norms-before-clipping': "['6.8368e+00', '1.1761e+01']",
[92mINFO [0m:      	       'metric-dp-distance': '2.2403e+00',
[92mINFO [0m:      	       'metric-dp-distance-mean': '2.2403e+00',
[92mINFO [0m:      	       'metric-dp-distance-median': '2.2403e+00',
[92mINFO [0m:      	       'metric-dp-distance-min': '2.2403e+00',
[92mINFO [0m:      	       'metric-dp-noise-stdv': '1.1159e-02',
[92mINFO [0m:      	       'metric-dp-pairwise-client-i': "['0']",
[92mINFO [0m:      	       'metric-dp-pairwise-client-j': "['1']",
[92mINFO [0m:      	       'metric-dp-pairwise-distances': "['2.2403e+00']",
[92mINFO [0m:      	       'per-client-num-examples': "['2133', '8532']",
[92mINFO [0m:      	       'per-client-train_loss': "['9.2187e-01', '6.6618e-01']",
[92mINFO [0m:      	       'per-client-train_loss_mean': "['1.1062e+00', '8.1840e-01']",
[92mINFO [0m:      	       'train_loss': '7.1732e-01',
[92mINFO [0m:      	       'train_loss_mean': '8.7596e-01'},
[92mINFO [0m:      	  2: { 'client-ids': "['0', '1']",
[92mINFO [0m:      	       'dp-client-clipped': "['1', '1']",
[92mINFO [0m:      	       'dp-client-ids': "['0', '1']",
[92mINFO [0m:      	       'dp-expected-noise-l2-norm': '6.4407e+00',
[92mINFO [0m:      	       'dp-fraction-clipped': '1.0000e+00',
[92mINFO [0m:      	       'dp-noise-percent-of-signal': '1.4598e+02',
[92mINFO [0m:      	       'dp-noise-to-signal-ratio': '1.4598e+00',
[92mINFO [0m:      	       'dp-num-clients-clipped': '2',
[92mINFO [0m:      	       'dp-parameter-count': '226596',
[92mINFO [0m:      	       'dp-signal-update-norm': '4.4120e+00',
[92mINFO [0m:      	       'dp-update-norms-before-clipping': "['6.2181e+00', '1.2281e+01']",
[92mINFO [0m:      	       'metric-dp-distance': '1.8477e+00',
[92mINFO [0m:      	       'metric-dp-distance-mean': '1.8477e+00',
[92mINFO [0m:      	       'metric-dp-distance-median': '1.8477e+00',
[92mINFO [0m:      	       'metric-dp-distance-min': '1.8477e+00',
[92mINFO [0m:      	       'metric-dp-noise-stdv': '1.3530e-02',
[92mINFO [0m:      	       'metric-dp-pairwise-client-i': "['0']",
[92mINFO [0m:      	       'metric-dp-pairwise-client-j': "['1']",
[92mINFO [0m:      	       'metric-dp-pairwise-distances': "['1.8477e+00']",
[92mINFO [0m:      	       'per-client-num-examples': "['2133', '8532']",
[92mINFO [0m:      	       'per-client-train_loss': "['7.0029e-01', '5.5689e-01']",
[92mINFO [0m:      	       'per-client-train_loss_mean': "['8.0652e-01', '6.6028e-01']",
[92mINFO [0m:      	       'train_loss': '5.8557e-01',
[92mINFO [0m:      	       'train_loss_mean': '6.8953e-01'},
[92mINFO [0m:      	  3: { 'client-ids': "['0', '1']",
[92mINFO [0m:      	       'dp-client-clipped': "['1', '1']",
[92mINFO [0m:      	       'dp-client-ids': "['0', '1']",
[92mINFO [0m:      	       'dp-expected-noise-l2-norm': '6.4151e+00',
[92mINFO [0m:      	       'dp-fraction-clipped': '1.0000e+00',
[92mINFO [0m:      	       'dp-noise-percent-of-signal': '1.4651e+02',
[92mINFO [0m:      	       'dp-noise-to-signal-ratio': '1.4651e+00',
[92mINFO [0m:      	       'dp-num-clients-clipped': '2',
[92mINFO [0m:      	       'dp-parameter-count': '226596',
[92mINFO [0m:      	       'dp-signal-update-norm': '4.3786e+00',
[92mINFO [0m:      	       'dp-update-norms-before-clipping': "['6.0446e+00', '1.2340e+01']",
[92mINFO [0m:      	       'metric-dp-distance': '1.8551e+00',
[92mINFO [0m:      	       'metric-dp-distance-mean': '1.8551e+00',
[92mINFO [0m:      	       'metric-dp-distance-median': '1.8551e+00',
[92mINFO [0m:      	       'metric-dp-distance-min': '1.8551e+00',
[92mINFO [0m:      	       'metric-dp-noise-stdv': '1.3476e-02',
[92mINFO [0m:      	       'metric-dp-pairwise-client-i': "['0']",
[92mINFO [0m:      	       'metric-dp-pairwise-client-j': "['1']",
[92mINFO [0m:      	       'metric-dp-pairwise-distances': "['1.8551e+00']",
[92mINFO [0m:      	       'per-client-num-examples': "['2133', '8532']",
[92mINFO [0m:      	       'per-client-train_loss': "['5.4516e-01', '4.4863e-01']",
[92mINFO [0m:      	       'per-client-train_loss_mean': "['6.4278e-01', '5.4634e-01']",
[92mINFO [0m:      	       'train_loss': '4.6794e-01',
[92mINFO [0m:      	       'train_loss_mean': '5.6563e-01'},
[92mINFO [0m:      	  4: { 'client-ids': "['0', '1']",
[92mINFO [0m:      	       'dp-client-clipped': "['1', '1']",
[92mINFO [0m:      	       'dp-client-ids': "['0', '1']",
[92mINFO [0m:      	       'dp-expected-noise-l2-norm': '6.0312e+00',
[92mINFO [0m:      	       'dp-fraction-clipped': '1.0000e+00',
[92mINFO [0m:      	       'dp-noise-percent-of-signal': '1.4090e+02',
[92mINFO [0m:      	       'dp-noise-to-signal-ratio': '1.4090e+00',
[92mINFO [0m:      	       'dp-num-clients-clipped': '2',
[92mINFO [0m:      	       'dp-parameter-count': '226596',
[92mINFO [0m:      	       'dp-signal-update-norm': '4.2806e+00',
[92mINFO [0m:      	       'dp-update-norms-before-clipping': "['6.1697e+00', '1.2737e+01']",
[92mINFO [0m:      	       'metric-dp-distance': '1.9732e+00',
[92mINFO [0m:      	       'metric-dp-distance-mean': '1.9732e+00',
[92mINFO [0m:      	       'metric-dp-distance-median': '1.9732e+00',
[92mINFO [0m:      	       'metric-dp-distance-min': '1.9732e+00',
[92mINFO [0m:      	       'metric-dp-noise-stdv': '1.2670e-02',
[92mINFO [0m:      	       'metric-dp-pairwise-client-i': "['0']",
[92mINFO [0m:      	       'metric-dp-pairwise-client-j': "['1']",
[92mINFO [0m:      	       'metric-dp-pairwise-distances': "['1.9732e+00']",
[92mINFO [0m:      	       'per-client-num-examples': "['2133', '8532']",
[92mINFO [0m:      	       'per-client-train_loss': "['4.3834e-01', '3.6208e-01']",
[92mINFO [0m:      	       'per-client-train_loss_mean': "['5.1808e-01', '4.4932e-01']",
[92mINFO [0m:      	       'train_loss': '3.7733e-01',
[92mINFO [0m:      	       'train_loss_mean': '4.6307e-01'},
[92mINFO [0m:      	  5: { 'client-ids': "['0', '1']",
[92mINFO [0m:      	       'dp-client-clipped': "['1', '1']",
[92mINFO [0m:      	       'dp-client-ids': "['0', '1']",
[92mINFO [0m:      	       'dp-expected-noise-l2-norm': '5.8967e+00',
[92mINFO [0m:      	       'dp-fraction-clipped': '1.0000e+00',
[92mINFO [0m:      	       'dp-noise-percent-of-signal': '1.4006e+02',
[92mINFO [0m:      	       'dp-noise-to-signal-ratio': '1.4006e+00',
[92mINFO [0m:      	       'dp-num-clients-clipped': '2',
[92mINFO [0m:      	       'dp-parameter-count': '226596',
[92mINFO [0m:      	       'dp-signal-update-norm': '4.2101e+00',
[92mINFO [0m:      	       'dp-update-norms-before-clipping': "['6.4270e+00', '1.2640e+01']",
[92mINFO [0m:      	       'metric-dp-distance': '2.0182e+00',
[92mINFO [0m:      	       'metric-dp-distance-mean': '2.0182e+00',
[92mINFO [0m:      	       'metric-dp-distance-median': '2.0182e+00',
[92mINFO [0m:      	       'metric-dp-distance-min': '2.0182e+00',
[92mINFO [0m:      	       'metric-dp-noise-stdv': '1.2387e-02',
[92mINFO [0m:      	       'metric-dp-pairwise-client-i': "['0']",
[92mINFO [0m:      	       'metric-dp-pairwise-client-j': "['1']",
[92mINFO [0m:      	       'metric-dp-pairwise-distances': "['2.0182e+00']",
[92mINFO [0m:      	       'per-client-num-examples': "['2133', '8532']",
[92mINFO [0m:      	       'per-client-train_loss': "['2.9239e-01', '2.8351e-01']",
[92mINFO [0m:      	       'per-client-train_loss_mean': "['4.2327e-01', '3.6578e-01']",
[92mINFO [0m:      	       'train_loss': '2.8528e-01',
[92mINFO [0m:      	       'train_loss_mean': '3.7727e-01'},
[92mINFO [0m:      	  6: { 'client-ids': "['0', '1']",
[92mINFO [0m:      	       'dp-client-clipped': "['1', '1']",
[92mINFO [0m:      	       'dp-client-ids': "['0', '1']",
[92mINFO [0m:      	       'dp-expected-noise-l2-norm': '5.8367e+00',
[92mINFO [0m:      	       'dp-fraction-clipped': '1.0000e+00',
[92mINFO [0m:      	       'dp-noise-percent-of-signal': '1.3998e+02',
[92mINFO [0m:      	       'dp-noise-to-signal-ratio': '1.3998e+00',
[92mINFO [0m:      	       'dp-num-clients-clipped': '2',
[92mINFO [0m:      	       'dp-parameter-count': '226596',
[92mINFO [0m:      	       'dp-signal-update-norm': '4.1698e+00',
[92mINFO [0m:      	       'dp-update-norms-before-clipping': "['6.5974e+00', '1.2430e+01']",
[92mINFO [0m:      	       'metric-dp-distance': '2.0389e+00',
[92mINFO [0m:      	       'metric-dp-distance-mean': '2.0389e+00',
[92mINFO [0m:      	       'metric-dp-distance-median': '2.0389e+00',
[92mINFO [0m:      	       'metric-dp-distance-min': '2.0389e+00',
[92mINFO [0m:      	       'metric-dp-noise-stdv': '1.2261e-02',
[92mINFO [0m:      	       'metric-dp-pairwise-client-i': "['0']",
[92mINFO [0m:      	       'metric-dp-pairwise-client-j': "['1']",
[92mINFO [0m:      	       'metric-dp-pairwise-distances': "['2.0389e+00']",
[92mINFO [0m:      	       'per-client-num-examples': "['2133', '8532']",
[92mINFO [0m:      	       'per-client-train_loss': "['2.3467e-01', '1.9219e-01']",
[92mINFO [0m:      	       'per-client-train_loss_mean': "['3.4248e-01', '2.7661e-01']",
[92mINFO [0m:      	       'train_loss': '2.0069e-01',
[92mINFO [0m:      	       'train_loss_mean': '2.8978e-01'},
[92mINFO [0m:      	  7: { 'client-ids': "['0', '1']",
[92mINFO [0m:      	       'dp-client-clipped': "['1', '1']",
[92mINFO [0m:      	       'dp-client-ids': "['0', '1']",
[92mINFO [0m:      	       'dp-expected-noise-l2-norm': '6.0790e+00',
[92mINFO [0m:      	       'dp-fraction-clipped': '1.0000e+00',
[92mINFO [0m:      	       'dp-noise-percent-of-signal': '1.4630e+02',
[92mINFO [0m:      	       'dp-noise-to-signal-ratio': '1.4630e+00',
[92mINFO [0m:      	       'dp-num-clients-clipped': '2',
[92mINFO [0m:      	       'dp-parameter-count': '226596',
[92mINFO [0m:      	       'dp-signal-update-norm': '4.1552e+00',
[92mINFO [0m:      	       'dp-update-norms-before-clipping': "['6.6939e+00', '1.1691e+01']",
[92mINFO [0m:      	       'metric-dp-distance': '1.9576e+00',
[92mINFO [0m:      	       'metric-dp-distance-mean': '1.9576e+00',
[92mINFO [0m:      	       'metric-dp-distance-median': '1.9576e+00',
[92mINFO [0m:      	       'metric-dp-distance-min': '1.9576e+00',
[92mINFO [0m:      	       'metric-dp-noise-stdv': '1.2770e-02',
[92mINFO [0m:      	       'metric-dp-pairwise-client-i': "['0']",
[92mINFO [0m:      	       'metric-dp-pairwise-client-j': "['1']",
[92mINFO [0m:      	       'metric-dp-pairwise-distances': "['1.9576e+00']",
[92mINFO [0m:      	       'per-client-num-examples': "['2133', '8532']",
[92mINFO [0m:      	       'per-client-train_loss': "['1.7482e-01', '1.4474e-01']",
[92mINFO [0m:      	       'per-client-train_loss_mean': "['2.8312e-01', '2.1319e-01']",
[92mINFO [0m:      	       'train_loss': '1.5075e-01',
[92mINFO [0m:      	       'train_loss_mean': '2.2717e-01'},
[92mINFO [0m:      	  8: { 'client-ids': "['0', '1']",
[92mINFO [0m:      	       'dp-client-clipped': "['1', '1']",
[92mINFO [0m:      	       'dp-client-ids': "['0', '1']",
[92mINFO [0m:      	       'dp-expected-noise-l2-norm': '5.9446e+00',
[92mINFO [0m:      	       'dp-fraction-clipped': '1.0000e+00',
[92mINFO [0m:      	       'dp-noise-percent-of-signal': '1.4379e+02',
[92mINFO [0m:      	       'dp-noise-to-signal-ratio': '1.4379e+00',
[92mINFO [0m:      	       'dp-num-clients-clipped': '2',
[92mINFO [0m:      	       'dp-parameter-count': '226596',
[92mINFO [0m:      	       'dp-signal-update-norm': '4.1341e+00',
[92mINFO [0m:      	       'dp-update-norms-before-clipping': "['6.7056e+00', '1.1960e+01']",
[92mINFO [0m:      	       'metric-dp-distance': '2.0019e+00',
[92mINFO [0m:      	       'metric-dp-distance-mean': '2.0019e+00',
[92mINFO [0m:      	       'metric-dp-distance-median': '2.0019e+00',
[92mINFO [0m:      	       'metric-dp-distance-min': '2.0019e+00',
[92mINFO [0m:      	       'metric-dp-noise-stdv': '1.2488e-02',
[92mINFO [0m:      	       'metric-dp-pairwise-client-i': "['0']",
[92mINFO [0m:      	       'metric-dp-pairwise-client-j': "['1']",
[92mINFO [0m:      	       'metric-dp-pairwise-distances': "['2.0019e+00']",
[92mINFO [0m:      	       'per-client-num-examples': "['2133', '8532']",
[92mINFO [0m:      	       'per-client-train_loss': "['1.2725e-01', '1.2869e-01']",
[92mINFO [0m:      	       'per-client-train_loss_mean': "['2.3802e-01', '1.6670e-01']",
[92mINFO [0m:      	       'train_loss': '1.2841e-01',
[92mINFO [0m:      	       'train_loss_mean': '1.8096e-01'},
[92mINFO [0m:      	  9: { 'client-ids': "['0', '1']",
[92mINFO [0m:      	       'dp-client-clipped': "['1', '1']",
[92mINFO [0m:      	       'dp-client-ids': "['0', '1']",
[92mINFO [0m:      	       'dp-expected-noise-l2-norm': '6.3252e+00',
[92mINFO [0m:      	       'dp-fraction-clipped': '1.0000e+00',
[92mINFO [0m:      	       'dp-noise-percent-of-signal': '1.5362e+02',
[92mINFO [0m:      	       'dp-noise-to-signal-ratio': '1.5362e+00',
[92mINFO [0m:      	       'dp-num-clients-clipped': '2',
[92mINFO [0m:      	       'dp-parameter-count': '226596',
[92mINFO [0m:      	       'dp-signal-update-norm': '4.1173e+00',
[92mINFO [0m:      	       'dp-update-norms-before-clipping': "['6.4503e+00', '1.1019e+01']",
[92mINFO [0m:      	       'metric-dp-distance': '1.8815e+00',
[92mINFO [0m:      	       'metric-dp-distance-mean': '1.8815e+00',
[92mINFO [0m:      	       'metric-dp-distance-median': '1.8815e+00',
[92mINFO [0m:      	       'metric-dp-distance-min': '1.8815e+00',
[92mINFO [0m:      	       'metric-dp-noise-stdv': '1.3288e-02',
[92mINFO [0m:      	       'metric-dp-pairwise-client-i': "['0']",
[92mINFO [0m:      	       'metric-dp-pairwise-client-j': "['1']",
[92mINFO [0m:      	       'metric-dp-pairwise-distances': "['1.8815e+00']",
[92mINFO [0m:      	       'per-client-num-examples': "['2133', '8532']",
[92mINFO [0m:      	       'per-client-train_loss': "['8.4283e-02', '8.3234e-02']",
[92mINFO [0m:      	       'per-client-train_loss_mean': "['2.0971e-01', '1.2700e-01']",
[92mINFO [0m:      	       'train_loss': '8.3443e-02',
[92mINFO [0m:      	       'train_loss_mean': '1.4354e-01'},
[92mINFO [0m:      	  10: { 'client-ids': "['0', '1']",
[92mINFO [0m:      	        'dp-client-clipped': "['1', '1']",
[92mINFO [0m:      	        'dp-client-ids': "['0', '1']",
[92mINFO [0m:      	        'dp-expected-noise-l2-norm': '6.4621e+00',
[92mINFO [0m:      	        'dp-fraction-clipped': '1.0000e+00',
[92mINFO [0m:      	        'dp-noise-percent-of-signal': '1.5711e+02',
[92mINFO [0m:      	        'dp-noise-to-signal-ratio': '1.5711e+00',
[92mINFO [0m:      	        'dp-num-clients-clipped': '2',
[92mINFO [0m:      	        'dp-parameter-count': '226596',
[92mINFO [0m:      	        'dp-signal-update-norm': '4.1131e+00',
[92mINFO [0m:      	        'dp-update-norms-before-clipping': "['6.2526e+00', '1.1089e+01']",
[92mINFO [0m:      	        'metric-dp-distance': '1.8416e+00',
[92mINFO [0m:      	        'metric-dp-distance-mean': '1.8416e+00',
[92mINFO [0m:      	        'metric-dp-distance-median': '1.8416e+00',
[92mINFO [0m:      	        'metric-dp-distance-min': '1.8416e+00',
[92mINFO [0m:      	        'metric-dp-noise-stdv': '1.3575e-02',
[92mINFO [0m:      	        'metric-dp-pairwise-client-i': "['0']",
[92mINFO [0m:      	        'metric-dp-pairwise-client-j': "['1']",
[92mINFO [0m:      	        'metric-dp-pairwise-distances': "['1.8416e+00']",
[92mINFO [0m:      	        'per-client-num-examples': "['2133', '8532']",
[92mINFO [0m:      	        'per-client-train_loss': "['5.7061e-02', '6.4936e-02']",
[92mINFO [0m:      	        'per-client-train_loss_mean': "['1.7013e-01', '1.0152e-01']",
[92mINFO [0m:      	        'train_loss': '6.3361e-02',
[92mINFO [0m:      	        'train_loss_mean': '1.1524e-01'},
[92mINFO [0m:      	  11: { 'client-ids': "['0', '1']",
[92mINFO [0m:      	        'dp-client-clipped': "['1', '1']",
[92mINFO [0m:      	        'dp-client-ids': "['0', '1']",
[92mINFO [0m:      	        'dp-expected-noise-l2-norm': '6.4230e+00',
[92mINFO [0m:      	        'dp-fraction-clipped': '1.0000e+00',
[92mINFO [0m:      	        'dp-noise-percent-of-signal': '1.5595e+02',
[92mINFO [0m:      	        'dp-noise-to-signal-ratio': '1.5595e+00',
[92mINFO [0m:      	        'dp-num-clients-clipped': '2',
[92mINFO [0m:      	        'dp-parameter-count': '226596',
[92mINFO [0m:      	        'dp-signal-update-norm': '4.1187e+00',
[92mINFO [0m:      	        'dp-update-norms-before-clipping': "['6.5938e+00', '1.1048e+01']",
[92mINFO [0m:      	        'metric-dp-distance': '1.8528e+00',
[92mINFO [0m:      	        'metric-dp-distance-mean': '1.8528e+00',
[92mINFO [0m:      	        'metric-dp-distance-median': '1.8528e+00',
[92mINFO [0m:      	        'metric-dp-distance-min': '1.8528e+00',
[92mINFO [0m:      	        'metric-dp-noise-stdv': '1.3493e-02',
[92mINFO [0m:      	        'metric-dp-pairwise-client-i': "['0']",
[92mINFO [0m:      	        'metric-dp-pairwise-client-j': "['1']",
[92mINFO [0m:      	        'metric-dp-pairwise-distances': "['1.8528e+00']",
[92mINFO [0m:      	        'per-client-num-examples': "['2133', '8532']",
[92mINFO [0m:      	        'per-client-train_loss': "['6.8955e-02', '8.1083e-02']",
[92mINFO [0m:      	        'per-client-train_loss_mean': "['1.5119e-01', '8.9769e-02']",
[92mINFO [0m:      	        'train_loss': '7.8657e-02',
[92mINFO [0m:      	        'train_loss_mean': '1.0205e-01'},
[92mINFO [0m:      	  12: { 'client-ids': "['0', '1']",
[92mINFO [0m:      	        'dp-client-clipped': "['1', '1']",
[92mINFO [0m:      	        'dp-client-ids': "['0', '1']",
[92mINFO [0m:      	        'dp-expected-noise-l2-norm': '6.4616e+00',
[92mINFO [0m:      	        'dp-fraction-clipped': '1.0000e+00',
[92mINFO [0m:      	        'dp-noise-percent-of-signal': '1.5667e+02',
[92mINFO [0m:      	        'dp-noise-to-signal-ratio': '1.5667e+00',
[92mINFO [0m:      	        'dp-num-clients-clipped': '2',
[92mINFO [0m:      	        'dp-parameter-count': '226596',
[92mINFO [0m:      	        'dp-signal-update-norm': '4.1244e+00',
[92mINFO [0m:      	        'dp-update-norms-before-clipping': "['6.3162e+00', '1.1421e+01']",
[92mINFO [0m:      	        'metric-dp-distance': '1.8417e+00',
[92mINFO [0m:      	        'metric-dp-distance-mean': '1.8417e+00',
[92mINFO [0m:      	        'metric-dp-distance-median': '1.8417e+00',
[92mINFO [0m:      	        'metric-dp-distance-min': '1.8417e+00',
[92mINFO [0m:      	        'metric-dp-noise-stdv': '1.3574e-02',
[92mINFO [0m:      	        'metric-dp-pairwise-client-i': "['0']",
[92mINFO [0m:      	        'metric-dp-pairwise-client-j': "['1']",
[92mINFO [0m:      	        'metric-dp-pairwise-distances': "['1.8417e+00']",
[92mINFO [0m:      	        'per-client-num-examples': "['2133', '8532']",
[92mINFO [0m:      	        'per-client-train_loss': "['6.2202e-02', '7.9641e-02']",
[92mINFO [0m:      	        'per-client-train_loss_mean': "['1.3199e-01', '7.9841e-02']",
[92mINFO [0m:      	        'train_loss': '7.6153e-02',
[92mINFO [0m:      	        'train_loss_mean': '9.0272e-02'},
[92mINFO [0m:      	  13: { 'client-ids': "['0', '1']",
[92mINFO [0m:      	        'dp-client-clipped': "['1', '1']",
[92mINFO [0m:      	        'dp-client-ids': "['0', '1']",
[92mINFO [0m:      	        'dp-expected-noise-l2-norm': '6.1967e+00',
[92mINFO [0m:      	        'dp-fraction-clipped': '1.0000e+00',
[92mINFO [0m:      	        'dp-noise-percent-of-signal': '1.5009e+02',
[92mINFO [0m:      	        'dp-noise-to-signal-ratio': '1.5009e+00',
[92mINFO [0m:      	        'dp-num-clients-clipped': '2',
[92mINFO [0m:      	        'dp-parameter-count': '226596',
[92mINFO [0m:      	        'dp-signal-update-norm': '4.1286e+00',
[92mINFO [0m:      	        'dp-update-norms-before-clipping': "['6.5192e+00', '1.1752e+01']",
[92mINFO [0m:      	        'metric-dp-distance': '1.9205e+00',
[92mINFO [0m:      	        'metric-dp-distance-mean': '1.9205e+00',
[92mINFO [0m:      	        'metric-dp-distance-median': '1.9205e+00',
[92mINFO [0m:      	        'metric-dp-distance-min': '1.9205e+00',
[92mINFO [0m:      	        'metric-dp-noise-stdv': '1.3018e-02',
[92mINFO [0m:      	        'metric-dp-pairwise-client-i': "['0']",
[92mINFO [0m:      	        'metric-dp-pairwise-client-j': "['1']",
[92mINFO [0m:      	        'metric-dp-pairwise-distances': "['1.9205e+00']",
[92mINFO [0m:      	        'per-client-num-examples': "['2133', '8532']",
[92mINFO [0m:      	        'per-client-train_loss': "['6.0620e-02', '7.2288e-02']",
[92mINFO [0m:      	        'per-client-train_loss_mean': "['1.3067e-01', '7.4111e-02']",
[92mINFO [0m:      	        'train_loss': '6.9955e-02',
[92mINFO [0m:      	        'train_loss_mean': '8.5423e-02'},
[92mINFO [0m:      	  14: { 'client-ids': "['0', '1']",
[92mINFO [0m:      	        'dp-client-clipped': "['1', '1']",
[92mINFO [0m:      	        'dp-client-ids': "['0', '1']",
[92mINFO [0m:      	        'dp-expected-noise-l2-norm': '6.4617e+00',
[92mINFO [0m:      	        'dp-fraction-clipped': '1.0000e+00',
[92mINFO [0m:      	        'dp-noise-percent-of-signal': '1.5658e+02',
[92mINFO [0m:      	        'dp-noise-to-signal-ratio': '1.5658e+00',
[92mINFO [0m:      	        'dp-num-clients-clipped': '2',
[92mINFO [0m:      	        'dp-parameter-count': '226596',
[92mINFO [0m:      	        'dp-signal-update-norm': '4.1268e+00',
[92mINFO [0m:      	        'dp-update-norms-before-clipping': "['6.6464e+00', '1.1083e+01']",
[92mINFO [0m:      	        'metric-dp-distance': '1.8417e+00',
[92mINFO [0m:      	        'metric-dp-distance-mean': '1.8417e+00',
[92mINFO [0m:      	        'metric-dp-distance-median': '1.8417e+00',
[92mINFO [0m:      	        'metric-dp-distance-min': '1.8417e+00',
[92mINFO [0m:      	        'metric-dp-noise-stdv': '1.3575e-02',
[92mINFO [0m:      	        'metric-dp-pairwise-client-i': "['0']",
[92mINFO [0m:      	        'metric-dp-pairwise-client-j': "['1']",
[92mINFO [0m:      	        'metric-dp-pairwise-distances': "['1.8417e+00']",
[92mINFO [0m:      	        'per-client-num-examples': "['2133', '8532']",
[92mINFO [0m:      	        'per-client-train_loss': "['5.3503e-02', '6.5097e-02']",
[92mINFO [0m:      	        'per-client-train_loss_mean': "['1.1435e-01', '6.4462e-02']",
[92mINFO [0m:      	        'train_loss': '6.2778e-02',
[92mINFO [0m:      	        'train_loss_mean': '7.4440e-02'},
[92mINFO [0m:      	  15: { 'client-ids': "['0', '1']",
[92mINFO [0m:      	        'dp-client-clipped': "['1', '1']",
[92mINFO [0m:      	        'dp-client-ids': "['0', '1']",
[92mINFO [0m:      	        'dp-expected-noise-l2-norm': '6.2951e+00',
[92mINFO [0m:      	        'dp-fraction-clipped': '1.0000e+00',
[92mINFO [0m:      	        'dp-noise-percent-of-signal': '1.5253e+02',
[92mINFO [0m:      	        'dp-noise-to-signal-ratio': '1.5253e+00',
[92mINFO [0m:      	        'dp-num-clients-clipped': '2',
[92mINFO [0m:      	        'dp-parameter-count': '226596',
[92mINFO [0m:      	        'dp-signal-update-norm': '4.1272e+00',
[92mINFO [0m:      	        'dp-update-norms-before-clipping': "['6.2262e+00', '1.1807e+01']",
[92mINFO [0m:      	        'metric-dp-distance': '1.8904e+00',
[92mINFO [0m:      	        'metric-dp-distance-mean': '1.8904e+00',
[92mINFO [0m:      	        'metric-dp-distance-median': '1.8904e+00',
[92mINFO [0m:      	        'metric-dp-distance-min': '1.8904e+00',
[92mINFO [0m:      	        'metric-dp-noise-stdv': '1.3224e-02',
[92mINFO [0m:      	        'metric-dp-pairwise-client-i': "['0']",
[92mINFO [0m:      	        'metric-dp-pairwise-client-j': "['1']",
[92mINFO [0m:      	        'metric-dp-pairwise-distances': "['1.8904e+00']",
[92mINFO [0m:      	        'per-client-num-examples': "['2133', '8532']",
[92mINFO [0m:      	        'per-client-train_loss': "['3.4189e-02', '4.7911e-02']",
[92mINFO [0m:      	        'per-client-train_loss_mean': "['1.0999e-01', '6.1278e-02']",
[92mINFO [0m:      	        'train_loss': '4.5167e-02',
[92mINFO [0m:      	        'train_loss_mean': '7.1020e-02'},
[92mINFO [0m:      	  16: { 'client-ids': "['0', '1']",
[92mINFO [0m:      	        'dp-client-clipped': "['1', '1']",
[92mINFO [0m:      	        'dp-client-ids': "['0', '1']",
[92mINFO [0m:      	        'dp-expected-noise-l2-norm': '6.3883e+00',
[92mINFO [0m:      	        'dp-fraction-clipped': '1.0000e+00',
[92mINFO [0m:      	        'dp-noise-percent-of-signal': '1.5503e+02',
[92mINFO [0m:      	        'dp-noise-to-signal-ratio': '1.5503e+00',
[92mINFO [0m:      	        'dp-num-clients-clipped': '2',
[92mINFO [0m:      	        'dp-parameter-count': '226596',
[92mINFO [0m:      	        'dp-signal-update-norm': '4.1208e+00',
[92mINFO [0m:      	        'dp-update-norms-before-clipping': "['6.6692e+00', '1.1406e+01']",
[92mINFO [0m:      	        'metric-dp-distance': '1.8629e+00',
[92mINFO [0m:      	        'metric-dp-distance-mean': '1.8629e+00',
[92mINFO [0m:      	        'metric-dp-distance-median': '1.8629e+00',
[92mINFO [0m:      	        'metric-dp-distance-min': '1.8629e+00',
[92mINFO [0m:      	        'metric-dp-noise-stdv': '1.3420e-02',
[92mINFO [0m:      	        'metric-dp-pairwise-client-i': "['0']",
[92mINFO [0m:      	        'metric-dp-pairwise-client-j': "['1']",
[92mINFO [0m:      	        'metric-dp-pairwise-distances': "['1.8629e+00']",
[92mINFO [0m:      	        'per-client-num-examples': "['2133', '8532']",
[92mINFO [0m:      	        'per-client-train_loss': "['6.0072e-02', '5.9448e-02']",
[92mINFO [0m:      	        'per-client-train_loss_mean': "['1.0344e-01', '5.8013e-02']",
[92mINFO [0m:      	        'train_loss': '5.9573e-02',
[92mINFO [0m:      	        'train_loss_mean': '6.7098e-02'},
[92mINFO [0m:      	  17: { 'client-ids': "['0', '1']",
[92mINFO [0m:      	        'dp-client-clipped': "['1', '1']",
[92mINFO [0m:      	        'dp-client-ids': "['0', '1']",
[92mINFO [0m:      	        'dp-expected-noise-l2-norm': '6.1624e+00',
[92mINFO [0m:      	        'dp-fraction-clipped': '1.0000e+00',
[92mINFO [0m:      	        'dp-noise-percent-of-signal': '1.4978e+02',
[92mINFO [0m:      	        'dp-noise-to-signal-ratio': '1.4978e+00',
[92mINFO [0m:      	        'dp-num-clients-clipped': '2',
[92mINFO [0m:      	        'dp-parameter-count': '226596',
[92mINFO [0m:      	        'dp-signal-update-norm': '4.1144e+00',
[92mINFO [0m:      	        'dp-update-norms-before-clipping': "['6.6928e+00', '1.1788e+01']",
[92mINFO [0m:      	        'metric-dp-distance': '1.9312e+00',
[92mINFO [0m:      	        'metric-dp-distance-mean': '1.9312e+00',
[92mINFO [0m:      	        'metric-dp-distance-median': '1.9312e+00',
[92mINFO [0m:      	        'metric-dp-distance-min': '1.9312e+00',
[92mINFO [0m:      	        'metric-dp-noise-stdv': '1.2946e-02',
[92mINFO [0m:      	        'metric-dp-pairwise-client-i': "['0']",
[92mINFO [0m:      	        'metric-dp-pairwise-client-j': "['1']",
[92mINFO [0m:      	        'metric-dp-pairwise-distances': "['1.9312e+00']",
[92mINFO [0m:      	        'per-client-num-examples': "['2133', '8532']",
[92mINFO [0m:      	        'per-client-train_loss': "['6.4857e-02', '4.8642e-02']",
[92mINFO [0m:      	        'per-client-train_loss_mean': "['9.5972e-02', '5.3533e-02']",
[92mINFO [0m:      	        'train_loss': '5.1885e-02',
[92mINFO [0m:      	        'train_loss_mean': '6.2021e-02'},
[92mINFO [0m:      	  18: { 'client-ids': "['0', '1']",
[92mINFO [0m:      	        'dp-client-clipped': "['1', '1']",
[92mINFO [0m:      	        'dp-client-ids': "['0', '1']",
[92mINFO [0m:      	        'dp-expected-noise-l2-norm': '6.1955e+00',
[92mINFO [0m:      	        'dp-fraction-clipped': '1.0000e+00',
[92mINFO [0m:      	        'dp-noise-percent-of-signal': '1.5026e+02',
[92mINFO [0m:      	        'dp-noise-to-signal-ratio': '1.5026e+00',
[92mINFO [0m:      	        'dp-num-clients-clipped': '2',
[92mINFO [0m:      	        'dp-parameter-count': '226596',
[92mINFO [0m:      	        'dp-signal-update-norm': '4.1232e+00',
[92mINFO [0m:      	        'dp-update-norms-before-clipping': "['6.8033e+00', '1.1699e+01']",
[92mINFO [0m:      	        'metric-dp-distance': '1.9208e+00',
[92mINFO [0m:      	        'metric-dp-distance-mean': '1.9208e+00',
[92mINFO [0m:      	        'metric-dp-distance-median': '1.9208e+00',
[92mINFO [0m:      	        'metric-dp-distance-min': '1.9208e+00',
[92mINFO [0m:      	        'metric-dp-noise-stdv': '1.3015e-02',
[92mINFO [0m:      	        'metric-dp-pairwise-client-i': "['0']",
[92mINFO [0m:      	        'metric-dp-pairwise-client-j': "['1']",
[92mINFO [0m:      	        'metric-dp-pairwise-distances': "['1.9208e+00']",
[92mINFO [0m:      	        'per-client-num-examples': "['2133', '8532']",
[92mINFO [0m:      	        'per-client-train_loss': "['6.2099e-02', '4.4790e-02']",
[92mINFO [0m:      	        'per-client-train_loss_mean': "['9.7696e-02', '4.7134e-02']",
[92mINFO [0m:      	        'train_loss': '4.8252e-02',
[92mINFO [0m:      	        'train_loss_mean': '5.7246e-02'},
[92mINFO [0m:      	  19: { 'client-ids': "['0', '1']",
[92mINFO [0m:      	        'dp-client-clipped': "['1', '1']",
[92mINFO [0m:      	        'dp-client-ids': "['0', '1']",
[92mINFO [0m:      	        'dp-expected-noise-l2-norm': '6.1065e+00',
[92mINFO [0m:      	        'dp-fraction-clipped': '1.0000e+00',
[92mINFO [0m:      	        'dp-noise-percent-of-signal': '1.4766e+02',
[92mINFO [0m:      	        'dp-noise-to-signal-ratio': '1.4766e+00',
[92mINFO [0m:      	        'dp-num-clients-clipped': '2',
[92mINFO [0m:      	        'dp-parameter-count': '226596',
[92mINFO [0m:      	        'dp-signal-update-norm': '4.1356e+00',
[92mINFO [0m:      	        'dp-update-norms-before-clipping': "['6.3916e+00', '1.2289e+01']",
[92mINFO [0m:      	        'metric-dp-distance': '1.9488e+00',
[92mINFO [0m:      	        'metric-dp-distance-mean': '1.9488e+00',
[92mINFO [0m:      	        'metric-dp-distance-median': '1.9488e+00',
[92mINFO [0m:      	        'metric-dp-distance-min': '1.9488e+00',
[92mINFO [0m:      	        'metric-dp-noise-stdv': '1.2828e-02',
[92mINFO [0m:      	        'metric-dp-pairwise-client-i': "['0']",
[92mINFO [0m:      	        'metric-dp-pairwise-client-j': "['1']",
[92mINFO [0m:      	        'metric-dp-pairwise-distances': "['1.9488e+00']",
[92mINFO [0m:      	        'per-client-num-examples': "['2133', '8532']",
[92mINFO [0m:      	        'per-client-train_loss': "['2.7318e-02', '3.5430e-02']",
[92mINFO [0m:      	        'per-client-train_loss_mean': "['8.7826e-02', '5.0252e-02']",
[92mINFO [0m:      	        'train_loss': '3.3807e-02',
[92mINFO [0m:      	        'train_loss_mean': '5.7767e-02'},
[92mINFO [0m:      	  20: { 'client-ids': "['0', '1']",
[92mINFO [0m:      	        'dp-client-clipped': "['1', '1']",
[92mINFO [0m:      	        'dp-client-ids': "['0', '1']",
[92mINFO [0m:      	        'dp-expected-noise-l2-norm': '6.1599e+00',
[92mINFO [0m:      	        'dp-fraction-clipped': '1.0000e+00',
[92mINFO [0m:      	        'dp-noise-percent-of-signal': '1.4926e+02',
[92mINFO [0m:      	        'dp-noise-to-signal-ratio': '1.4926e+00',
[92mINFO [0m:      	        'dp-num-clients-clipped': '2',
[92mINFO [0m:      	        'dp-parameter-count': '226596',
[92mINFO [0m:      	        'dp-signal-update-norm': '4.1271e+00',
[92mINFO [0m:      	        'dp-update-norms-before-clipping': "['6.8892e+00', '1.1911e+01']",
[92mINFO [0m:      	        'metric-dp-distance': '1.9319e+00',
[92mINFO [0m:      	        'metric-dp-distance-mean': '1.9319e+00',
[92mINFO [0m:      	        'metric-dp-distance-median': '1.9319e+00',
[92mINFO [0m:      	        'metric-dp-distance-min': '1.9319e+00',
[92mINFO [0m:      	        'metric-dp-noise-stdv': '1.2940e-02',
[92mINFO [0m:      	        'metric-dp-pairwise-client-i': "['0']",
[92mINFO [0m:      	        'metric-dp-pairwise-client-j': "['1']",
[92mINFO [0m:      	        'metric-dp-pairwise-distances': "['1.9319e+00']",
[92mINFO [0m:      	        'per-client-num-examples': "['2133', '8532']",
[92mINFO [0m:      	        'per-client-train_loss': "['6.3849e-02', '3.0258e-02']",
[92mINFO [0m:      	        'per-client-train_loss_mean': "['8.6993e-02', '4.2449e-02']",
[92mINFO [0m:      	        'train_loss': '3.6976e-02',
[92mINFO [0m:      	        'train_loss_mean': '5.1358e-02'}}
[92mINFO [0m:      	
[92mINFO [0m:      	Aggregated ClientApp-side Evaluate Metrics:
[92mINFO [0m:      	{ 1: { 'client-ids': "['0', '1']",
[92mINFO [0m:      	       'eval_acc': '5.5397e-01',
[92mINFO [0m:      	       'eval_loss': '1.3421e+00',
[92mINFO [0m:      	       'per-client-eval_acc': "['5.3184e-01', '5.5951e-01']",
[92mINFO [0m:      	       'per-client-eval_loss': "['1.3442e+00', '1.3416e+00']",
[92mINFO [0m:      	       'per-client-num-examples': "['534', '2134']"},
[92mINFO [0m:      	  2: { 'client-ids': "['0', '1']",
[92mINFO [0m:      	       'eval_acc': '7.0990e-01',
[92mINFO [0m:      	       'eval_loss': '1.0405e+00',
[92mINFO [0m:      	       'per-client-eval_acc': "['6.6854e-01', '7.2024e-01']",
[92mINFO [0m:      	       'per-client-eval_loss': "['1.0502e+00', '1.0380e+00']",
[92mINFO [0m:      	       'per-client-num-examples': "['534', '2134']"},
[92mINFO [0m:      	  3: { 'client-ids': "['0', '1']",
[92mINFO [0m:      	       'eval_acc': '7.4925e-01',
[92mINFO [0m:      	       'eval_loss': '7.4462e-01',
[92mINFO [0m:      	       'per-client-eval_acc': "['7.4532e-01', '7.5023e-01']",
[92mINFO [0m:      	       'per-client-eval_loss': "['7.6852e-01', '7.3864e-01']",
[92mINFO [0m:      	       'per-client-num-examples': "['534', '2134']"},
[92mINFO [0m:      	  4: { 'client-ids': "['0', '1']",
[92mINFO [0m:      	       'eval_acc': '7.6124e-01',
[92mINFO [0m:      	       'eval_loss': '6.3250e-01',
[92mINFO [0m:      	       'per-client-eval_acc': "['7.6404e-01', '7.6054e-01']",
[92mINFO [0m:      	       'per-client-eval_loss': "['6.3773e-01', '6.3119e-01']",
[92mINFO [0m:      	       'per-client-num-examples': "['534', '2134']"},
[92mINFO [0m:      	  5: { 'client-ids': "['0', '1']",
[92mINFO [0m:      	       'eval_acc': '8.2121e-01',
[92mINFO [0m:      	       'eval_loss': '5.0141e-01',
[92mINFO [0m:      	       'per-client-eval_acc': "['8.2210e-01', '8.2099e-01']",
[92mINFO [0m:      	       'per-client-eval_loss': "['4.9716e-01', '5.0248e-01']",
[92mINFO [0m:      	       'per-client-num-examples': "['534', '2134']"},
[92mINFO [0m:      	  6: { 'client-ids': "['0', '1']",
[92mINFO [0m:      	       'eval_acc': '8.2234e-01',
[92mINFO [0m:      	       'eval_loss': '4.8179e-01',
[92mINFO [0m:      	       'per-client-eval_acc': "['8.2210e-01', '8.2240e-01']",
[92mINFO [0m:      	       'per-client-eval_loss': "['4.7114e-01', '4.8446e-01']",
[92mINFO [0m:      	       'per-client-num-examples': "['534', '2134']"},
[92mINFO [0m:      	  7: { 'client-ids': "['0', '1']",
[92mINFO [0m:      	       'eval_acc': '8.1297e-01',
[92mINFO [0m:      	       'eval_loss': '5.2772e-01',
[92mINFO [0m:      	       'per-client-eval_acc': "['7.9213e-01', '8.1818e-01']",
[92mINFO [0m:      	       'per-client-eval_loss': "['5.1299e-01', '5.3140e-01']",
[92mINFO [0m:      	       'per-client-num-examples': "['534', '2134']"},
[92mINFO [0m:      	  8: { 'client-ids': "['0', '1']",
[92mINFO [0m:      	       'eval_acc': '8.1597e-01',
[92mINFO [0m:      	       'eval_loss': '5.6455e-01',
[92mINFO [0m:      	       'per-client-eval_acc': "['8.0524e-01', '8.1865e-01']",
[92mINFO [0m:      	       'per-client-eval_loss': "['5.2869e-01', '5.7352e-01']",
[92mINFO [0m:      	       'per-client-num-examples': "['534', '2134']"},
[92mINFO [0m:      	  9: { 'client-ids': "['0', '1']",
[92mINFO [0m:      	       'eval_acc': '8.1259e-01',
[92mINFO [0m:      	       'eval_loss': '6.5605e-01',
[92mINFO [0m:      	       'per-client-eval_acc': "['7.9213e-01', '8.1771e-01']",
[92mINFO [0m:      	       'per-client-eval_loss': "['6.7245e-01', '6.5195e-01']",
[92mINFO [0m:      	       'per-client-num-examples': "['534', '2134']"},
[92mINFO [0m:      	  10: { 'client-ids': "['0', '1']",
[92mINFO [0m:      	        'eval_acc': '7.9648e-01',
[92mINFO [0m:      	        'eval_loss': '7.7490e-01',
[92mINFO [0m:      	        'per-client-eval_acc': "['7.8090e-01', '8.0037e-01']",
[92mINFO [0m:      	        'per-client-eval_loss': "['7.7349e-01', '7.7526e-01']",
[92mINFO [0m:      	        'per-client-num-examples': "['534', '2134']"},
[92mINFO [0m:      	  11: { 'client-ids': "['0', '1']",
[92mINFO [0m:      	        'eval_acc': '8.0960e-01',
[92mINFO [0m:      	        'eval_loss': '7.6837e-01',
[92mINFO [0m:      	        'per-client-eval_acc': "['7.9588e-01', '8.1303e-01']",
[92mINFO [0m:      	        'per-client-eval_loss': "['7.7749e-01', '7.6609e-01']",
[92mINFO [0m:      	        'per-client-num-examples': "['534', '2134']"},
[92mINFO [0m:      	  12: { 'client-ids': "['0', '1']",
[92mINFO [0m:      	        'eval_acc': '8.1709e-01',
[92mINFO [0m:      	        'eval_loss': '7.7228e-01',
[92mINFO [0m:      	        'per-client-eval_acc': "['8.0712e-01', '8.1959e-01']",
[92mINFO [0m:      	        'per-client-eval_loss': "['7.1273e-01', '7.8718e-01']",
[92mINFO [0m:      	        'per-client-num-examples': "['534', '2134']"},
[92mINFO [0m:      	  13: { 'client-ids': "['0', '1']",
[92mINFO [0m:      	        'eval_acc': '8.2271e-01',
[92mINFO [0m:      	        'eval_loss': '8.0633e-01',
[92mINFO [0m:      	        'per-client-eval_acc': "['8.1835e-01', '8.2381e-01']",
[92mINFO [0m:      	        'per-client-eval_loss': "['7.7578e-01', '8.1397e-01']",
[92mINFO [0m:      	        'per-client-num-examples': "['534', '2134']"},
[92mINFO [0m:      	  14: { 'client-ids': "['0', '1']",
[92mINFO [0m:      	        'eval_acc': '8.1109e-01',
[92mINFO [0m:      	        'eval_loss': '8.6637e-01',
[92mINFO [0m:      	        'per-client-eval_acc': "['8.0524e-01', '8.1256e-01']",
[92mINFO [0m:      	        'per-client-eval_loss': "['8.2636e-01', '8.7638e-01']",
[92mINFO [0m:      	        'per-client-num-examples': "['534', '2134']"},
[92mINFO [0m:      	  15: { 'client-ids': "['0', '1']",
[92mINFO [0m:      	        'eval_acc': '7.9235e-01',
[92mINFO [0m:      	        'eval_loss': '1.0037e+00',
[92mINFO [0m:      	        'per-client-eval_acc': "['7.6966e-01', '7.9803e-01']",
[92mINFO [0m:      	        'per-client-eval_loss': "['1.0070e+00', '1.0029e+00']",
[92mINFO [0m:      	        'per-client-num-examples': "['534', '2134']"},
[92mINFO [0m:      	  16: { 'client-ids': "['0', '1']",
[92mINFO [0m:      	        'eval_acc': '8.2834e-01',
[92mINFO [0m:      	        'eval_loss': '8.6654e-01',
[92mINFO [0m:      	        'per-client-eval_acc': "['8.2584e-01', '8.2896e-01']",
[92mINFO [0m:      	        'per-client-eval_loss': "['7.8302e-01', '8.8744e-01']",
[92mINFO [0m:      	        'per-client-num-examples': "['534', '2134']"},
[92mINFO [0m:      	  17: { 'client-ids': "['0', '1']",
[92mINFO [0m:      	        'eval_acc': '8.2196e-01',
[92mINFO [0m:      	        'eval_loss': '8.9279e-01',
[92mINFO [0m:      	        'per-client-eval_acc': "['8.2772e-01', '8.2052e-01']",
[92mINFO [0m:      	        'per-client-eval_loss': "['7.9199e-01', '9.1802e-01']",
[92mINFO [0m:      	        'per-client-num-examples': "['534', '2134']"},
[92mINFO [0m:      	  18: { 'client-ids': "['0', '1']",
[92mINFO [0m:      	        'eval_acc': '8.1447e-01',
[92mINFO [0m:      	        'eval_loss': '9.6012e-01',
[92mINFO [0m:      	        'per-client-eval_acc': "['8.0524e-01', '8.1678e-01']",
[92mINFO [0m:      	        'per-client-eval_loss': "['9.3292e-01', '9.6693e-01']",
[92mINFO [0m:      	        'per-client-num-examples': "['534', '2134']"},
[92mINFO [0m:      	  19: { 'client-ids': "['0', '1']",
[92mINFO [0m:      	        'eval_acc': '8.2309e-01',
[92mINFO [0m:      	        'eval_loss': '9.1215e-01',
[92mINFO [0m:      	        'per-client-eval_acc': "['8.2397e-01', '8.2287e-01']",
[92mINFO [0m:      	        'per-client-eval_loss': "['8.6696e-01', '9.2346e-01']",
[92mINFO [0m:      	        'per-client-num-examples': "['534', '2134']"},
[92mINFO [0m:      	  20: { 'client-ids': "['0', '1']",
[92mINFO [0m:      	        'eval_acc': '8.2159e-01',
[92mINFO [0m:      	        'eval_loss': '9.1757e-01',
[92mINFO [0m:      	        'per-client-eval_acc': "['8.1461e-01', '8.2334e-01']",
[92mINFO [0m:      	        'per-client-eval_loss': "['8.8569e-01', '9.2555e-01']",
[92mINFO [0m:      	        'per-client-num-examples': "['534', '2134']"}}
[92mINFO [0m:      	
[92mINFO [0m:      	ServerApp-side Evaluate Metrics:
[92mINFO [0m:      	{ 0: { 'accuracy': '2.5000e-01',
[92mINFO [0m:      	       'auc': '4.8709e-01',
[92mINFO [0m:      	       'f1': '1.0000e-01',
[92mINFO [0m:      	       'loss': '1.3893e+00',
[92mINFO [0m:      	       'precision': '6.2500e-02'},
[92mINFO [0m:      	  1: { 'accuracy': '5.6950e-01',
[92mINFO [0m:      	       'auc': '8.2554e-01',
[92mINFO [0m:      	       'f1': '5.0268e-01',
[92mINFO [0m:      	       'loss': '1.3407e+00',
[92mINFO [0m:      	       'precision': '5.7212e-01'},
[92mINFO [0m:      	  2: { 'accuracy': '7.0150e-01',
[92mINFO [0m:      	       'auc': '9.0729e-01',
[92mINFO [0m:      	       'f1': '6.9689e-01',
[92mINFO [0m:      	       'loss': '1.0384e+00',
[92mINFO [0m:      	       'precision': '7.0694e-01'},
[92mINFO [0m:      	  3: { 'accuracy': '7.3350e-01',
[92mINFO [0m:      	       'auc': '9.2920e-01',
[92mINFO [0m:      	       'f1': '7.3305e-01',
[92mINFO [0m:      	       'loss': '7.4514e-01',
[92mINFO [0m:      	       'precision': '7.4125e-01'},
[92mINFO [0m:      	  4: { 'accuracy': '7.5300e-01',
[92mINFO [0m:      	       'auc': '9.3416e-01',
[92mINFO [0m:      	       'f1': '7.4924e-01',
[92mINFO [0m:      	       'loss': '6.2947e-01',
[92mINFO [0m:      	       'precision': '7.5514e-01'},
[92mINFO [0m:      	  5: { 'accuracy': '7.9450e-01',
[92mINFO [0m:      	       'auc': '9.5292e-01',
[92mINFO [0m:      	       'f1': '7.9427e-01',
[92mINFO [0m:      	       'loss': '5.1915e-01',
[92mINFO [0m:      	       'precision': '7.9512e-01'},
[92mINFO [0m:      	  6: { 'accuracy': '8.0450e-01',
[92mINFO [0m:      	       'auc': '9.5842e-01',
[92mINFO [0m:      	       'f1': '8.0489e-01',
[92mINFO [0m:      	       'loss': '4.9320e-01',
[92mINFO [0m:      	       'precision': '8.0642e-01'},
[92mINFO [0m:      	  7: { 'accuracy': '8.0000e-01',
[92mINFO [0m:      	       'auc': '9.5196e-01',
[92mINFO [0m:      	       'f1': '8.0164e-01',
[92mINFO [0m:      	       'loss': '5.6196e-01',
[92mINFO [0m:      	       'precision': '8.0591e-01'},
[92mINFO [0m:      	  8: { 'accuracy': '7.9500e-01',
[92mINFO [0m:      	       'auc': '9.4962e-01',
[92mINFO [0m:      	       'f1': '7.9672e-01',
[92mINFO [0m:      	       'loss': '6.2190e-01',
[92mINFO [0m:      	       'precision': '8.0075e-01'},
[92mINFO [0m:      	  9: { 'accuracy': '7.8750e-01',
[92mINFO [0m:      	       'auc': '9.4712e-01',
[92mINFO [0m:      	       'f1': '7.8870e-01',
[92mINFO [0m:      	       'loss': '7.2731e-01',
[92mINFO [0m:      	       'precision': '7.9199e-01'},
[92mINFO [0m:      	  10: { 'accuracy': '7.8100e-01',
[92mINFO [0m:      	        'auc': '9.4325e-01',
[92mINFO [0m:      	        'f1': '7.7952e-01',
[92mINFO [0m:      	        'loss': '8.2191e-01',
[92mINFO [0m:      	        'precision': '7.8489e-01'},
[92mINFO [0m:      	  11: { 'accuracy': '7.9250e-01',
[92mINFO [0m:      	        'auc': '9.4777e-01',
[92mINFO [0m:      	        'f1': '7.9141e-01',
[92mINFO [0m:      	        'loss': '8.0944e-01',
[92mINFO [0m:      	        'precision': '7.9611e-01'},
[92mINFO [0m:      	  12: { 'accuracy': '8.0850e-01',
[92mINFO [0m:      	        'auc': '9.5204e-01',
[92mINFO [0m:      	        'f1': '8.0706e-01',
[92mINFO [0m:      	        'loss': '8.3189e-01',
[92mINFO [0m:      	        'precision': '8.0703e-01'},
[92mINFO [0m:      	  13: { 'accuracy': '8.0200e-01',
[92mINFO [0m:      	        'auc': '9.5300e-01',
[92mINFO [0m:      	        'f1': '8.0162e-01',
[92mINFO [0m:      	        'loss': '8.5320e-01',
[92mINFO [0m:      	        'precision': '8.0231e-01'},
[92mINFO [0m:      	  14: { 'accuracy': '8.0050e-01',
[92mINFO [0m:      	        'auc': '9.4833e-01',
[92mINFO [0m:      	        'f1': '7.9764e-01',
[92mINFO [0m:      	        'loss': '9.0494e-01',
[92mINFO [0m:      	        'precision': '7.9781e-01'},
[92mINFO [0m:      	  15: { 'accuracy': '7.9250e-01',
[92mINFO [0m:      	        'auc': '9.4522e-01',
[92mINFO [0m:      	        'f1': '7.8906e-01',
[92mINFO [0m:      	        'loss': '1.0017e+00',
[92mINFO [0m:      	        'precision': '7.9308e-01'},
[92mINFO [0m:      	  16: { 'accuracy': '8.0350e-01',
[92mINFO [0m:      	        'auc': '9.4969e-01',
[92mINFO [0m:      	        'f1': '8.0263e-01',
[92mINFO [0m:      	        'loss': '9.9171e-01',
[92mINFO [0m:      	        'precision': '8.0240e-01'},
[92mINFO [0m:      	  17: { 'accuracy': '8.0300e-01',
[92mINFO [0m:      	        'auc': '9.5023e-01',
[92mINFO [0m:      	        'f1': '8.0075e-01',
[92mINFO [0m:      	        'loss': '1.0090e+00',
[92mINFO [0m:      	        'precision': '8.0162e-01'},
[92mINFO [0m:      	  18: { 'accuracy': '8.0150e-01',
[92mINFO [0m:      	        'auc': '9.5071e-01',
[92mINFO [0m:      	        'f1': '7.9880e-01',
[92mINFO [0m:      	        'loss': '1.0101e+00',
[92mINFO [0m:      	        'precision': '8.0008e-01'},
[92mINFO [0m:      	  19: { 'accuracy': '7.9600e-01',
[92mINFO [0m:      	        'auc': '9.4930e-01',
[92mINFO [0m:      	        'f1': '7.9518e-01',
[92mINFO [0m:      	        'loss': '1.0628e+00',
[92mINFO [0m:      	        'precision': '7.9505e-01'},
[92mINFO [0m:      	  20: { 'accuracy': '8.0150e-01',
[92mINFO [0m:      	        'auc': '9.5053e-01',
[92mINFO [0m:      	        'f1': '8.0134e-01',
[92mINFO [0m:      	        'loss': '1.0941e+00',
[92mINFO [0m:      	        'precision': '8.0161e-01'}}
[92mINFO [0m:      
Round 1 checkpoint written to /content/metricdp-pytorch/results/planned_runs/cifar/max_records/seed-44-dp/runs/cifar-max-records-out-remove__non-iid__metric-privacy__fedavg__clients-2__seed-44__nm0p01__clip5__rounds-20__epochs-5__cifar_chunks__cifar10_cnn.round-1.pt
Round 2 checkpoint written to /content/metricdp-pytorch/results/planned_runs/cifar/max_records/seed-44-dp/runs/cifar-max-records-out-remove__non-iid__metric-privacy__fedavg__clients-2__seed-44__nm0p01__clip5__rounds-20__epochs-5__cifar_chunks__cifar10_cnn.round-2.pt
Round 3 checkpoint written to /content/metricdp-pytorch/results/planned_runs/cifar/max_records/seed-44-dp/runs/cifar-max-records-out-remove__non-iid__metric-privacy__fedavg__clients-2__seed-44__nm0p01__clip5__rounds-20__epochs-5__cifar_chunks__cifar10_cnn.round-3.pt
Round 4 checkpoint written to /content/metricdp-pytorch/results/planned_runs/cifar/max_records/seed-44-dp/runs/cifar-max-records-out-remove__non-iid__metric-privacy__fedavg__clients-2__seed-44__nm0p01__clip5__rounds-20__epochs-5__cifar_chunks__cifar10_cnn.round-4.pt
Round 5 checkpoint written to /content/metricdp-pytorch/results/planned_runs/cifar/max_records/seed-44-dp/runs/cifar-max-records-out-remove__non-iid__metric-privacy__fedavg__clients-2__seed-44__nm0p01__clip5__rounds-20__epochs-5__cifar_chunks__cifar10_cnn.round-5.pt
Round 6 checkpoint written to /content/metricdp-pytorch/results/planned_runs/cifar/max_records/seed-44-dp/runs/cifar-max-records-out-remove__non-iid__metric-privacy__fedavg__clients-2__seed-44__nm0p01__clip5__rounds-20__epochs-5__cifar_chunks__cifar10_cnn.round-6.pt
Round 7 checkpoint written to /content/metricdp-pytorch/results/planned_runs/cifar/max_records/seed-44-dp/runs/cifar-max-records-out-remove__non-iid__metric-privacy__fedavg__clients-2__seed-44__nm0p01__clip5__rounds-20__epochs-5__cifar_chunks__cifar10_cnn.round-7.pt
Round 8 checkpoint written to /content/metricdp-pytorch/results/planned_runs/cifar/max_records/seed-44-dp/runs/cifar-max-records-out-remove__non-iid__metric-privacy__fedavg__clients-2__seed-44__nm0p01__clip5__rounds-20__epochs-5__cifar_chunks__cifar10_cnn.round-8.pt
Round 9 checkpoint written to /content/metricdp-pytorch/results/planned_runs/cifar/max_records/seed-44-dp/runs/cifar-max-records-out-remove__non-iid__metric-privacy__fedavg__clients-2__seed-44__nm0p01__clip5__rounds-20__epochs-5__cifar_chunks__cifar10_cnn.round-9.pt
Round 10 checkpoint written to /content/metricdp-pytorch/results/planned_runs/cifar/max_records/seed-44-dp/runs/cifar-max-records-out-remove__non-iid__metric-privacy__fedavg__clients-2__seed-44__nm0p01__clip5__rounds-20__epochs-5__cifar_chunks__cifar10_cnn.round-10.pt
Round 11 checkpoint written to /content/metricdp-pytorch/results/planned_runs/cifar/max_records/seed-44-dp/runs/cifar-max-records-out-remove__non-iid__metric-privacy__fedavg__clients-2__seed-44__nm0p01__clip5__rounds-20__epochs-5__cifar_chunks__cifar10_cnn.round-11.pt
Round 12 checkpoint written to /content/metricdp-pytorch/results/planned_runs/cifar/max_records/seed-44-dp/runs/cifar-max-records-out-remove__non-iid__metric-privacy__fedavg__clients-2__seed-44__nm0p01__clip5__rounds-20__epochs-5__cifar_chunks__cifar10_cnn.round-12.pt
Round 13 checkpoint written to /content/metricdp-pytorch/results/planned_runs/cifar/max_records/seed-44-dp/runs/cifar-max-records-out-remove__non-iid__metric-privacy__fedavg__clients-2__seed-44__nm0p01__clip5__rounds-20__epochs-5__cifar_chunks__cifar10_cnn.round-13.pt
Round 14 checkpoint written to /content/metricdp-pytorch/results/planned_runs/cifar/max_records/seed-44-dp/runs/cifar-max-records-out-remove__non-iid__metric-privacy__fedavg__clients-2__seed-44__nm0p01__clip5__rounds-20__epochs-5__cifar_chunks__cifar10_cnn.round-14.pt
Round 15 checkpoint written to /content/metricdp-pytorch/results/planned_runs/cifar/max_records/seed-44-dp/runs/cifar-max-records-out-remove__non-iid__metric-privacy__fedavg__clients-2__seed-44__nm0p01__clip5__rounds-20__epochs-5__cifar_chunks__cifar10_cnn.round-15.pt
Round 16 checkpoint written to /content/metricdp-pytorch/results/planned_runs/cifar/max_records/seed-44-dp/runs/cifar-max-records-out-remove__non-iid__metric-privacy__fedavg__clients-2__seed-44__nm0p01__clip5__rounds-20__epochs-5__cifar_chunks__cifar10_cnn.round-16.pt
Round 17 checkpoint written to /content/metricdp-pytorch/results/planned_runs/cifar/max_records/seed-44-dp/runs/cifar-max-records-out-remove__non-iid__metric-privacy__fedavg__clients-2__seed-44__nm0p01__clip5__rounds-20__epochs-5__cifar_chunks__cifar10_cnn.round-17.pt
Round 18 checkpoint written to /content/metricdp-pytorch/results/planned_runs/cifar/max_records/seed-44-dp/runs/cifar-max-records-out-remove__non-iid__metric-privacy__fedavg__clients-2__seed-44__nm0p01__clip5__rounds-20__epochs-5__cifar_chunks__cifar10_cnn.round-18.pt
Round 19 checkpoint written to /content/metricdp-pytorch/results/planned_runs/cifar/max_records/seed-44-dp/runs/cifar-max-records-out-remove__non-iid__metric-privacy__fedavg__clients-2__seed-44__nm0p01__clip5__rounds-20__epochs-5__cifar_chunks__cifar10_cnn.round-19.pt
Round 20 checkpoint written to /content/metricdp-pytorch/results/planned_runs/cifar/max_records/seed-44-dp/runs/cifar-max-records-out-remove__non-iid__metric-privacy__fedavg__clients-2__seed-44__nm0p01__clip5__rounds-20__epochs-5__cifar_chunks__cifar10_cnn.round-20.pt
Experiment result written to /content/metricdp-pytorch/results/planned_runs/cifar/max_records/seed-44-dp/runs/cifar-max-records-out-remove__non-iid__metric-privacy__fedavg__clients-2__seed-44__nm0p01__clip5__rounds-20__epochs-5__cifar_chunks__cifar10_cnn.json
/usr/lib/python3.12/multiprocessing/popen_fork.py:66: DeprecationWarning: This process (pid=5690) is multi-threaded, use of fork() may lead to deadlocks in the child.
  self.pid = os.fork()
[36m(ClientAppActor pid=6206)[0m /usr/lib/python3.12/multiprocessing/popen_fork.py:66: DeprecationWarning: This process (pid=6206) is multi-threaded, use of fork() may lead to deadlocks in the child.
[36m(ClientAppActor pid=6206)[0m   self.pid = os.fork()
Detailed evaluation written to /content/metricdp-pytorch/results/planned_runs/cifar/max_records/seed-44-dp/runs/cifar-max-records-out-remove__non-iid__metric-privacy__fedavg__clients-2__seed-44__nm0p01__clip5__rounds-20__epochs-5__cifar_chunks__cifar10_cnn.evaluation.json and /content/metricdp-pytorch/results/planned_runs/cifar/max_records/seed-44-dp/runs/cifar-max-records-out-remove__non-iid__metric-privacy__fedavg__clients-2__seed-44__nm0p01__clip5__rounds-20__epochs-5__cifar_chunks__cifar10_cnn.predictions.npz
Result: /content/metricdp-pytorch/results/planned_runs/cifar/max_records/seed-44-dp/runs/cifar-max-records-out-remove__non-iid__metric-privacy__fedavg__clients-2__seed-44__nm0p01__clip5__rounds-20__epochs-5__cifar_chunks__cifar10_cnn.json
Final server metrics: {'loss': 1.0941180443763734, 'accuracy': 0.8015, 'f1': 0.8013350844033571, 'precision': 0.8016122843573725, 'auc': 0.9505254166666667}
2026-08-05 12:31:16 DONE  cifar-max-records-out-remove__non-iid__metric-privacy__fedavg__clients-2__seed-44__nm0p01__clip5__rounds-20__epochs-5__cifar_chunks__cifar10_cnn (346.2s)
2026-08-05 12:31:22 EVALUATED cifar-max-records-out-remove__non-iid__metric-privacy__fedavg__clients-2__seed-44__nm0p01__clip5__rounds-20__epochs-5__cifar_chunks__cifar10_cnn round=1 (checkpoint deleted)
2026-08-05 12:31:29 EVALUATED cifar-max-records-out-remove__non-iid__metric-privacy__fedavg__clients-2__seed-44__nm0p01__clip5__rounds-20__epochs-5__cifar_chunks__cifar10_cnn round=2 (checkpoint deleted)
2026-08-05 12:31:36 EVALUATED cifar-max-records-out-remove__non-iid__metric-privacy__fedavg__clients-2__seed-44__nm0p01__clip5__rounds-20__epochs-5__cifar_chunks__cifar10_cnn round=3 (checkpoint deleted)
2026-08-05 12:31:43 EVALUATED cifar-max-records-out-remove__non-iid__metric-privacy__fedavg__clients-2__seed-44__nm0p01__clip5__rounds-20__epochs-5__cifar_chunks__cifar10_cnn round=4 (checkpoint deleted)
2026-08-05 12:31:50 EVALUATED cifar-max-records-out-remove__non-iid__metric-privacy__fedavg__clients-2__seed-44__nm0p01__clip5__rounds-20__epochs-5__cifar_chunks__cifar10_cnn round=5 (checkpoint deleted)
2026-08-05 12:31:57 EVALUATED cifar-max-records-out-remove__non-iid__metric-privacy__fedavg__clients-2__seed-44__nm0p01__clip5__rounds-20__epochs-5__cifar_chunks__cifar10_cnn round=6 (checkpoint deleted)
2026-08-05 12:32:04 EVALUATED cifar-max-records-out-remove__non-iid__metric-privacy__fedavg__clients-2__seed-44__nm0p01__clip5__rounds-20__epochs-5__cifar_chunks__cifar10_cnn round=7 (checkpoint deleted)
2026-08-05 12:32:11 EVALUATED cifar-max-records-out-remove__non-iid__metric-privacy__fedavg__clients-2__seed-44__nm0p01__clip5__rounds-20__epochs-5__cifar_chunks__cifar10_cnn round=8 (checkpoint deleted)
2026-08-05 12:32:18 EVALUATED cifar-max-records-out-remove__non-iid__metric-privacy__fedavg__clients-2__seed-44__nm0p01__clip5__rounds-20__epochs-5__cifar_chunks__cifar10_cnn round=9 (checkpoint deleted)
2026-08-05 12:32:25 EVALUATED cifar-max-records-out-remove__non-iid__metric-privacy__fedavg__clients-2__seed-44__nm0p01__clip5__rounds-20__epochs-5__cifar_chunks__cifar10_cnn round=10 (checkpoint deleted)
2026-08-05 12:32:32 EVALUATED cifar-max-records-out-remove__non-iid__metric-privacy__fedavg__clients-2__seed-44__nm0p01__clip5__rounds-20__epochs-5__cifar_chunks__cifar10_cnn round=11 (checkpoint deleted)
2026-08-05 12:32:39 EVALUATED cifar-max-records-out-remove__non-iid__metric-privacy__fedavg__clients-2__seed-44__nm0p01__clip5__rounds-20__epochs-5__cifar_chunks__cifar10_cnn round=12 (checkpoint deleted)
2026-08-05 12:32:45 EVALUATED cifar-max-records-out-remove__non-iid__metric-privacy__fedavg__clients-2__seed-44__nm0p01__clip5__rounds-20__epochs-5__cifar_chunks__cifar10_cnn round=13 (checkpoint deleted)
2026-08-05 12:32:52 EVALUATED cifar-max-records-out-remove__non-iid__metric-privacy__fedavg__clients-2__seed-44__nm0p01__clip5__rounds-20__epochs-5__cifar_chunks__cifar10_cnn round=14 (checkpoint deleted)
2026-08-05 12:32:59 EVALUATED cifar-max-records-out-remove__non-iid__metric-privacy__fedavg__clients-2__seed-44__nm0p01__clip5__rounds-20__epochs-5__cifar_chunks__cifar10_cnn round=15 (checkpoint deleted)
2026-08-05 12:33:06 EVALUATED cifar-max-records-out-remove__non-iid__metric-privacy__fedavg__clients-2__seed-44__nm0p01__clip5__rounds-20__epochs-5__cifar_chunks__cifar10_cnn round=16 (checkpoint deleted)
2026-08-05 12:33:13 EVALUATED cifar-max-records-out-remove__non-iid__metric-privacy__fedavg__clients-2__seed-44__nm0p01__clip5__rounds-20__epochs-5__cifar_chunks__cifar10_cnn round=17 (checkpoint deleted)
2026-08-05 12:33:20 EVALUATED cifar-max-records-out-remove__non-iid__metric-privacy__fedavg__clients-2__seed-44__nm0p01__clip5__rounds-20__epochs-5__cifar_chunks__cifar10_cnn round=18 (checkpoint deleted)
2026-08-05 12:33:27 EVALUATED cifar-max-records-out-remove__non-iid__metric-privacy__fedavg__clients-2__seed-44__nm0p01__clip5__rounds-20__epochs-5__cifar_chunks__cifar10_cnn round=19 (checkpoint deleted)
2026-08-05 12:33:34 EVALUATED cifar-max-records-out-remove__non-iid__metric-privacy__fedavg__clients-2__seed-44__nm0p01__clip5__rounds-20__epochs-5__cifar_chunks__cifar10_cnn round=20 (checkpoint deleted)
2026-08-05 12:33:34 PROGRESS 2/2 (0 failed so far)
2026-08-05 12:33:34 Sweep finished: 2/2 attempted, 0 failed
