{
  "metadata": {
    "run_name": "probe__homogeneous__global-dp__fedopt__noise-0.01__seed-42",
    "data_module": "experiments.reproduce.dataset.alzheimer:create_data_module",
    "partition_mode": "homogeneous",
    "partition_profile": "auto",
    "privacy": "global-dp",
    "aggregation": "fedopt",
    "seed": 42,
    "num_clients": 4,
    "rounds": 20,
    "local_epochs": 5,
    "batch_size": 32,
    "initialization_batch_size": 32,
    "max_client_samples": 0,
    "max_test_samples": 0,
    "client_weights": "",
    "noise_multiplier": 0.01,
    "clipping_norm": 5.0,
    "initialization_pretrained": true,
    "initialization_epochs": 20,
    "initialization_final_loss": 0.5703145384788513
  },
  "train_metrics": {
    "1": {
      "train_loss": 0.5366233068052679,
      "train_loss_mean": 0.6911590735428035
    },
    "2": {
      "train_loss": 0.5176122549455613,
      "train_loss_mean": 2.8204198183957487
    },
    "3": {
      "train_loss": 0.9803571002557874,
      "train_loss_mean": 11.931741845142096
    },
    "4": {
      "train_loss": 1.1337003484368324,
      "train_loss_mean": 1.2296792613342404
    },
    "5": {
      "train_loss": 1.0556312445551157,
      "train_loss_mean": 1.2389522708952425
    },
    "6": {
      "train_loss": 1.0427528964355588,
      "train_loss_mean": 1.1040168756619095
    },
    "7": {
      "train_loss": 1.0356170586310327,
      "train_loss_mean": 1.0415813538245857
    },
    "8": {
      "train_loss": 1.0353547418490052,
      "train_loss_mean": 1.0425795391201973
    },
    "9": {
      "train_loss": 1.035629726946354,
      "train_loss_mean": 1.0420789030380546
    },
    "10": {
      "train_loss": 1.035505609586835,
      "train_loss_mean": 1.0427983191795647
    },
    "11": {
      "train_loss": 1.0357229174114764,
      "train_loss_mean": 1.0413735331967473
    },
    "12": {
      "train_loss": 1.0355149540118873,
      "train_loss_mean": 1.0428325443528594
    },
    "13": {
      "train_loss": 1.0357600678689778,
      "train_loss_mean": 1.0420546933077277
    },
    "14": {
      "train_loss": 1.035525469109416,
      "train_loss_mean": 1.039784511551261
    },
    "15": {
      "train_loss": 1.03587327292189,
      "train_loss_mean": 1.0429016700945795
    },
    "16": {
      "train_loss": 1.0355937909334898,
      "train_loss_mean": 1.040162942558527
    },
    "17": {
      "train_loss": 1.035880827344954,
      "train_loss_mean": 1.0418246260844173
    },
    "18": {
      "train_loss": 1.0357538401149213,
      "train_loss_mean": 1.0405155933462082
    },
    "19": {
      "train_loss": 1.0358611512929201,
      "train_loss_mean": 1.0419474829919637
    },
    "20": {
      "train_loss": 1.0358907710760832,
      "train_loss_mean": 1.0411603295244276
    }
  },
  "client_evaluate_metrics": {
    "1": {
      "eval_loss": 53.32216143608093,
      "eval_acc": 0.34765625
    },
    "2": {
      "eval_loss": 43.66827392578125,
      "eval_acc": 0.5
    },
    "3": {
      "eval_loss": 3.9129804521799088,
      "eval_acc": 0.140625
    },
    "4": {
      "eval_loss": 11.455533891916275,
      "eval_acc": 0.34765625
    },
    "5": {
      "eval_loss": 7.186832040548325,
      "eval_acc": 0.5
    },
    "6": {
      "eval_loss": 1.0748709980398417,
      "eval_acc": 0.34765625
    },
    "7": {
      "eval_loss": 1.089383965358138,
      "eval_acc": 0.5
    },
    "8": {
      "eval_loss": 1.072829108685255,
      "eval_acc": 0.34765625
    },
    "9": {
      "eval_loss": 1.0875280294567347,
      "eval_acc": 0.5
    },
    "10": {
      "eval_loss": 1.0698107201606035,
      "eval_acc": 0.34765625
    },
    "11": {
      "eval_loss": 1.086288133636117,
      "eval_acc": 0.5
    },
    "12": {
      "eval_loss": 1.0720140989869833,
      "eval_acc": 0.34765625
    },
    "13": {
      "eval_loss": 1.0693465825170279,
      "eval_acc": 0.5
    },
    "14": {
      "eval_loss": 1.0740284137427807,
      "eval_acc": 0.34765625
    },
    "15": {
      "eval_loss": 1.0710636023432016,
      "eval_acc": 0.5
    },
    "16": {
      "eval_loss": 1.0699302535504103,
      "eval_acc": 0.34765625
    },
    "17": {
      "eval_loss": 1.0713318809866905,
      "eval_acc": 0.5
    },
    "18": {
      "eval_loss": 1.070005202665925,
      "eval_acc": 0.34765625
    },
    "19": {
      "eval_loss": 1.0750647354871035,
      "eval_acc": 0.5
    },
    "20": {
      "eval_loss": 1.0600356850773096,
      "eval_acc": 0.5
    }
  },
  "server_evaluate_metrics": {
    "0": {
      "loss": 0.8885230720043182,
      "accuracy": 0.615625
    },
    "1": {
      "loss": 51.70771961212158,
      "accuracy": 0.359375
    },
    "2": {
      "loss": 44.07766399383545,
      "accuracy": 0.4953125
    },
    "3": {
      "loss": 3.907524812221527,
      "accuracy": 0.134375
    },
    "4": {
      "loss": 11.211111211776734,
      "accuracy": 0.359375
    },
    "5": {
      "loss": 7.14269449710846,
      "accuracy": 0.4953125
    },
    "6": {
      "loss": 1.0660290360450744,
      "accuracy": 0.359375
    },
    "7": {
      "loss": 1.0845554381608964,
      "accuracy": 0.4953125
    },
    "8": {
      "loss": 1.0651290118694305,
      "accuracy": 0.359375
    },
    "9": {
      "loss": 1.082907897233963,
      "accuracy": 0.4953125
    },
    "10": {
      "loss": 1.0622507482767105,
      "accuracy": 0.359375
    },
    "11": {
      "loss": 1.0819152384996413,
      "accuracy": 0.4953125
    },
    "12": {
      "loss": 1.0642876476049423,
      "accuracy": 0.359375
    },
    "13": {
      "loss": 1.0649132758378983,
      "accuracy": 0.4953125
    },
    "14": {
      "loss": 1.0666848689317703,
      "accuracy": 0.359375
    },
    "15": {
      "loss": 1.0661852926015853,
      "accuracy": 0.4953125
    },
    "16": {
      "loss": 1.062139368057251,
      "accuracy": 0.359375
    },
    "17": {
      "loss": 1.066652512550354,
      "accuracy": 0.4953125
    },
    "18": {
      "loss": 1.0625518143177033,
      "accuracy": 0.359375
    },
    "19": {
      "loss": 1.0706575155258178,
      "accuracy": 0.4953125
    },
    "20": {
      "loss": 1.053336399793625,
      "accuracy": 0.4953125
    }
  }
}
