{
  "metadata": {
    "run_name": "probe__homogeneous__metric-privacy__fedyogi__noise-0.01__seed-42",
    "data_module": "experiments.reproduce.dataset.alzheimer:create_data_module",
    "partition_mode": "homogeneous",
    "partition_profile": "auto",
    "privacy": "metric-privacy",
    "aggregation": "fedyogi",
    "seed": 42,
    "num_clients": 4,
    "rounds": 20,
    "local_epochs": 5,
    "batch_size": 32,
    "initialization_batch_size": 32,
    "max_client_samples": 0,
    "max_test_samples": 0,
    "client_weights": "",
    "noise_multiplier": 0.01,
    "clipping_norm": 5.0,
    "initialization_pretrained": true,
    "initialization_epochs": 20,
    "initialization_final_loss": 0.6566036760807037
  },
  "train_metrics": {
    "1": {
      "train_loss": 0.5976685611531138,
      "train_loss_mean": 0.714856637408957,
      "metric-dp-distance": 1.5277331257238984,
      "metric-dp-noise-stdv": 0.008182057317162003
    },
    "2": {
      "train_loss": 0.5394266035873443,
      "train_loss_mean": 0.6710494359489529,
      "metric-dp-distance": 1.5628770591768746,
      "metric-dp-noise-stdv": 0.007998069922776532
    },
    "3": {
      "train_loss": 0.4094037991017103,
      "train_loss_mean": 0.5629023180576042,
      "metric-dp-distance": 1.5718799536892523,
      "metric-dp-noise-stdv": 0.007952261221133397
    },
    "4": {
      "train_loss": 0.26809690229129046,
      "train_loss_mean": 0.4332593655097299,
      "metric-dp-distance": 1.48534589773044,
      "metric-dp-noise-stdv": 0.008415548202677633
    },
    "5": {
      "train_loss": 0.1852479192893952,
      "train_loss_mean": 0.319347292475868,
      "metric-dp-distance": 1.3589526400125276,
      "metric-dp-noise-stdv": 0.009198260213015789
    },
    "6": {
      "train_loss": 0.12768612359650433,
      "train_loss_mean": 0.23810552922659553,
      "metric-dp-distance": 1.2958692530325304,
      "metric-dp-noise-stdv": 0.009646034868678384
    },
    "7": {
      "train_loss": 0.10560519281716552,
      "train_loss_mean": 0.189282088787877,
      "metric-dp-distance": 1.2249359868001193,
      "metric-dp-noise-stdv": 0.010204614881675206
    },
    "8": {
      "train_loss": 0.09105975868442329,
      "train_loss_mean": 0.15615620504977415,
      "metric-dp-distance": 1.181284171839555,
      "metric-dp-noise-stdv": 0.01058170446873454
    },
    "9": {
      "train_loss": 0.07425615744068637,
      "train_loss_mean": 0.12584973928242107,
      "metric-dp-distance": 1.1394232189437996,
      "metric-dp-noise-stdv": 0.010970462767633441
    },
    "10": {
      "train_loss": 0.06566554212349729,
      "train_loss_mean": 0.10785509306333552,
      "metric-dp-distance": 1.1123053471868236,
      "metric-dp-noise-stdv": 0.0112379213420256
    },
    "11": {
      "train_loss": 0.06178530209172095,
      "train_loss_mean": 0.08519829397860121,
      "metric-dp-distance": 1.127124279892693,
      "metric-dp-noise-stdv": 0.011090170110779668
    },
    "12": {
      "train_loss": 0.06849966941558705,
      "train_loss_mean": 0.08093094797033018,
      "metric-dp-distance": 1.13030819563816,
      "metric-dp-noise-stdv": 0.011058930695395545
    },
    "13": {
      "train_loss": 0.06911893771143696,
      "train_loss_mean": 0.06909028474571527,
      "metric-dp-distance": 1.2402866721774142,
      "metric-dp-noise-stdv": 0.01007831518342073
    },
    "14": {
      "train_loss": 0.046003699535503983,
      "train_loss_mean": 0.054211488289838884,
      "metric-dp-distance": 1.0805874095919232,
      "metric-dp-noise-stdv": 0.011567782383028639
    },
    "15": {
      "train_loss": 0.05076740432900806,
      "train_loss_mean": 0.05373094757016758,
      "metric-dp-distance": 1.177501718358447,
      "metric-dp-noise-stdv": 0.010615695760874327
    },
    "16": {
      "train_loss": 0.048077233862322544,
      "train_loss_mean": 0.04663947828613857,
      "metric-dp-distance": 1.182054964825511,
      "metric-dp-noise-stdv": 0.010574804363556128
    },
    "17": {
      "train_loss": 0.04293633702136673,
      "train_loss_mean": 0.04680572733377174,
      "metric-dp-distance": 1.1369570863122742,
      "metric-dp-noise-stdv": 0.010994258402965595
    },
    "18": {
      "train_loss": 0.039368674852966024,
      "train_loss_mean": 0.04119909675740313,
      "metric-dp-distance": 1.1328061095749338,
      "metric-dp-noise-stdv": 0.011034545006727067
    },
    "19": {
      "train_loss": 0.045245535126259284,
      "train_loss_mean": 0.038293783783077795,
      "metric-dp-distance": 1.163801668677479,
      "metric-dp-noise-stdv": 0.010740661692128995
    },
    "20": {
      "train_loss": 0.03881533255457337,
      "train_loss_mean": 0.03407261262877796,
      "metric-dp-distance": 1.1010147682391107,
      "metric-dp-noise-stdv": 0.011353162882630235
    }
  },
  "client_evaluate_metrics": {
    "1": {
      "eval_loss": 0.7818020507693291,
      "eval_acc": 0.662109375
    },
    "2": {
      "eval_loss": 0.7275899760425091,
      "eval_acc": 0.685546875
    },
    "3": {
      "eval_loss": 0.6651682173833251,
      "eval_acc": 0.7197265625
    },
    "4": {
      "eval_loss": 0.5540556609630585,
      "eval_acc": 0.7685546875
    },
    "5": {
      "eval_loss": 0.4477008208632469,
      "eval_acc": 0.822265625
    },
    "6": {
      "eval_loss": 0.4504897962324321,
      "eval_acc": 0.818359375
    },
    "7": {
      "eval_loss": 0.5088774641044438,
      "eval_acc": 0.845703125
    },
    "8": {
      "eval_loss": 0.49306413740850985,
      "eval_acc": 0.884765625
    },
    "9": {
      "eval_loss": 0.5082335484185023,
      "eval_acc": 0.9033203125
    },
    "10": {
      "eval_loss": 0.42927049545687623,
      "eval_acc": 0.9208984375
    },
    "11": {
      "eval_loss": 0.327228530717548,
      "eval_acc": 0.9345703125
    },
    "12": {
      "eval_loss": 0.22801534507016186,
      "eval_acc": 0.9384765625
    },
    "13": {
      "eval_loss": 0.21904015954351053,
      "eval_acc": 0.935546875
    },
    "14": {
      "eval_loss": 0.2159095173701644,
      "eval_acc": 0.9375
    },
    "15": {
      "eval_loss": 0.21257833245908841,
      "eval_acc": 0.9375
    },
    "16": {
      "eval_loss": 0.1912431726232171,
      "eval_acc": 0.943359375
    },
    "17": {
      "eval_loss": 0.21267084416467696,
      "eval_acc": 0.9521484375
    },
    "18": {
      "eval_loss": 0.19823979557259008,
      "eval_acc": 0.9609375
    },
    "19": {
      "eval_loss": 0.20859582227058127,
      "eval_acc": 0.9619140625
    },
    "20": {
      "eval_loss": 0.20801698881405173,
      "eval_acc": 0.96484375
    }
  },
  "server_evaluate_metrics": {
    "0": {
      "loss": 0.8835207194089889,
      "accuracy": 0.621875
    },
    "1": {
      "loss": 0.7856604814529419,
      "accuracy": 0.6515625
    },
    "2": {
      "loss": 0.7206764906644821,
      "accuracy": 0.6921875
    },
    "3": {
      "loss": 0.663339126110077,
      "accuracy": 0.696875
    },
    "4": {
      "loss": 0.5910992950201035,
      "accuracy": 0.75625
    },
    "5": {
      "loss": 0.5314771756529808,
      "accuracy": 0.7859375
    },
    "6": {
      "loss": 0.538048329949379,
      "accuracy": 0.8140625
    },
    "7": {
      "loss": 0.6088264293968677,
      "accuracy": 0.85
    },
    "8": {
      "loss": 0.6785602640360594,
      "accuracy": 0.884375
    },
    "9": {
      "loss": 0.715691686887294,
      "accuracy": 0.896875
    },
    "10": {
      "loss": 0.7035571308690123,
      "accuracy": 0.9171875
    },
    "11": {
      "loss": 0.623505811044015,
      "accuracy": 0.928125
    },
    "12": {
      "loss": 0.5142150683794171,
      "accuracy": 0.93125
    },
    "13": {
      "loss": 0.4930962365120649,
      "accuracy": 0.93125
    },
    "14": {
      "loss": 0.47586462516337635,
      "accuracy": 0.921875
    },
    "15": {
      "loss": 0.4566211345139891,
      "accuracy": 0.934375
    },
    "16": {
      "loss": 0.41177601499366573,
      "accuracy": 0.94375
    },