{
  "metadata": {
    "run_name": "probe__homogeneous__vanilla__fedopt__noise-0.01__seed-42",
    "data_module": "experiments.reproduce.dataset.alzheimer:create_data_module",
    "partition_mode": "homogeneous",
    "partition_profile": "auto",
    "privacy": "vanilla",
    "aggregation": "fedopt",
    "seed": 42,
    "num_clients": 4,
    "rounds": 20,
    "local_epochs": 5,
    "batch_size": 32,
    "initialization_batch_size": 32,
    "max_client_samples": 0,
    "max_test_samples": 0,
    "client_weights": "",
    "noise_multiplier": 0.01,
    "clipping_norm": 5.0,
    "initialization_pretrained": true,
    "initialization_epochs": 20,
    "initialization_final_loss": 0.5487897709012032
  },
  "train_metrics": {
    "1": {
      "train_loss": 0.5499338072258979,
      "train_loss_mean": 0.6887557451613248
    },
    "2": {
      "train_loss": 0.7203575163148344,
      "train_loss_mean": 4.898251715674997
    },
    "3": {
      "train_loss": 1.0657795937731862,
      "train_loss_mean": 2.1994206288829448
    },
    "4": {
      "train_loss": 1.0338446875102818,
      "train_loss_mean": 1.0790574418380856
    },
    "5": {
      "train_loss": 1.0471677579917014,
      "train_loss_mean": 1.072227780148387
    },
    "6": {
      "train_loss": 1.021088092122227,
      "train_loss_mean": 1.0969710748642685
    },
    "7": {
      "train_loss": 1.0375112970359623,
      "train_loss_mean": 1.0466277645900846
    },
    "8": {
      "train_loss": 1.0385122057050467,
      "train_loss_mean": 1.0432237367145718
    },
    "9": {
      "train_loss": 1.0368177802301943,
      "train_loss_mean": 1.0430532103404402
    },
    "10": {
      "train_loss": 1.036667246837169,
      "train_loss_mean": 1.0446764210239055
    },
    "11": {
      "train_loss": 1.0361176831647754,
      "train_loss_mean": 1.0411067144945263
    },
    "12": {
      "train_loss": 1.0362623501569033,
      "train_loss_mean": 1.043643879983574
    },
    "13": {
      "train_loss": 1.0363397290930152,
      "train_loss_mean": 1.0409272840246557
    },
    "14": {
      "train_loss": 1.0364002585411072,
      "train_loss_mean": 1.0433271453715862
    },
    "15": {
      "train_loss": 1.0363880302757025,
      "train_loss_mean": 1.0408432455733418
    },
    "16": {
      "train_loss": 1.0364472707733512,
      "train_loss_mean": 1.043083422537893
    },
    "17": {
      "train_loss": 1.0364282382652164,
      "train_loss_mean": 1.0407672544941307
    },
    "18": {
      "train_loss": 1.0364899425767362,
      "train_loss_mean": 1.0428710363805294
    },
    "19": {
      "train_loss": 1.036489028017968,
      "train_loss_mean": 1.0406906969845295
    },
    "20": {
      "train_loss": 1.0365500687621534,
      "train_loss_mean": 1.0426745533943176
    }
  },
  "client_evaluate_metrics": {
    "1": {
      "eval_loss": 23.381520092487335,
      "eval_acc": 0.5166015625
    },
    "2": {
      "eval_loss": 14.075338691473007,
      "eval_acc": 0.140625
    },
    "3": {
      "eval_loss": 2.1935537792742252,
      "eval_acc": 0.5
    },
    "4": {
      "eval_loss": 1.206431943923235,
      "eval_acc": 0.34765625
    },
    "5": {
      "eval_loss": 2.4511906057596207,
      "eval_acc": 0.5
    },
    "6": {
      "eval_loss": 1.1329206563532352,
      "eval_acc": 0.5
    },
    "7": {
      "eval_loss": 1.0929926931858063,
      "eval_acc": 0.5
    },
    "8": {
      "eval_loss": 1.0911372750997543,
      "eval_acc": 0.34765625
    },
    "9": {
      "eval_loss": 1.0991251673549414,
      "eval_acc": 0.5
    },
    "10": {
      "eval_loss": 1.0752418506890535,
      "eval_acc": 0.34765625
    },
    "11": {
      "eval_loss": 1.0929339788854122,
      "eval_acc": 0.5
    },
    "12": {
      "eval_loss": 1.0700515396893024,
      "eval_acc": 0.5
    },
    "13": {
      "eval_loss": 1.0902088154107332,
      "eval_acc": 0.5
    },
    "14": {
      "eval_loss": 1.0694391634315252,
      "eval_acc": 0.5
    },
    "15": {
      "eval_loss": 1.0888055320829153,
      "eval_acc": 0.5
    },
    "16": {
      "eval_loss": 1.0689105596393347,
      "eval_acc": 0.5
    },
    "17": {
      "eval_loss": 1.0876019969582558,
      "eval_acc": 0.5
    },
    "18": {
      "eval_loss": 1.0683025065809488,
      "eval_acc": 0.5
    },
    "19": {
      "eval_loss": 1.0863925535231829,
      "eval_acc": 0.5
    },
    "20": {
      "eval_loss": 1.0674973409622908,
      "eval_acc": 0.5
    }
  },
  "server_evaluate_metrics": {
    "0": {
      "loss": 0.9306812644004822,
      "accuracy": 0.60625
    },
    "1": {
      "loss": 21.059705114364625,
      "accuracy": 0.5453125
    },
    "2": {
      "loss": 13.945161867141724,
      "accuracy": 0.134375
    },
    "3": {
      "loss": 2.171397453546524,
      "accuracy": 0.4953125
    },
    "4": {
      "loss": 1.18705353140831,
      "accuracy": 0.359375
    },
    "5": {
      "loss": 2.4591745734214783,
      "accuracy": 0.4953125
    },
    "6": {
      "loss": 1.1283630073070525,
      "accuracy": 0.4953125
    },
    "7": {
      "loss": 1.088753980398178,
      "accuracy": 0.4953125
    },
    "8": {
      "loss": 1.0813782513141632,
      "accuracy": 0.359375
    },
    "9": {
      "loss": 1.0949735313653945,
      "accuracy": 0.4953125
    },
    "10": {
      "loss": 1.0678338676691055,
      "accuracy": 0.359375
    },
    "11": {
      "loss": 1.0886252790689468,
      "accuracy": 0.4953125
    },
    "12": {
      "loss": 1.064038261771202,
      "accuracy": 0.4953125
    },
    "13": {
      "loss": 1.085946613550186,
      "accuracy": 0.4953125
    },
    "14": {
      "loss": 1.0633947432041169,
      "accuracy": 0.4953125
    },
    "15": {
      "loss": 1.0844146221876145,
      "accuracy": 0.4953125
    },
    "16": {
      "loss": 1.0628248125314712,
      "accuracy": 0.4953125
    },
    "17": {
      "loss": 1.083085012435913,
      "accuracy": 0.4953125
    },
    "18": {
      "loss": 1.0622170090675354,
      "accuracy": 0.4953125
    },
    "19": {
      "loss": 1.081775325536728,
      "accuracy": 0.4953125
    },
    "20": {
      "loss": 1.0614910155534745,
      "accuracy": 0.4953125
    }
  }
}
