2026-08-05 21:04:33 Starting full chunk: 2 trajectories
2026-08-05 21:04:33 START cifar-full-in-replace__non-iid__global-dp__fedavg__clients-16__seed-43__nm0p04__clip5__rounds-20__epochs-5__cifar_chunks__cifar10_cnn 
{
  "partition-mode": "non-iid",
  "partition-profile": "auto",
  "client-weights": "",
  "data-module": "experiments.cia.scripts.cifar_chunks:create_cifar_in_replace",
  "model-module": "experiments.reproduce.cifar10_cnn:create_model",
  "data-cache-dir": "",
  "privacy": "global-dp",
  "aggregation": "fedavg",
  "seed": 43,
  "num-server-rounds": 20,
  "num-clients": 16,
  "fraction-evaluate": 1.0,
  "local-epochs": 5,
  "learning-rate": 0.001,
  "batch-size": 32,
  "initialization-batch-size": 32,
  "initialization-epochs": 20,
  "initialization-learning-rate": 0.001,
  "max-client-samples": 0,
  "max-test-samples": 0,
  "noise-multiplier": 0.04,
  "clipping-norm": 5.0,
  "output-dir": "/content/metricdp-pytorch/results/planned_runs/cifar/full/in-replace/clients-16/seed-43/ratio-0p0025/runs",
  "run-name": "cifar-full-in-replace__non-iid__global-dp__fedavg__clients-16__seed-43__nm0p04__clip5__rounds-20__epochs-5__cifar_chunks__cifar10_cnn",
  "checkpoint-rounds": [
    1,
    2,
    3,
    4,
    5,
    6,
    7,
    8,
    9,
    10,
    11,
    12,
    13,
    14,
    15,
    16,
    17,
    18,
    19,
    20
  ]
}
2026-08-05 21:04:37.957334: I tensorflow/core/util/port.cc:153] oneDNN custom operations are on. You may see slightly different numerical results due to floating-point round-off errors from different computation orders. To turn them off, set the environment variable `TF_ENABLE_ONEDNN_OPTS=0`.
2026-08-05 21:04:38.028081: I tensorflow/core/platform/cpu_feature_guard.cc:210] This TensorFlow binary is optimized to use available CPU instructions in performance-critical operations.
To enable the following instructions: AVX2 AVX512F AVX512_VNNI FMA, in other operations, rebuild TensorFlow with the appropriate compiler flags.
[93mWARNING [0m:   DEPRECATED FEATURE: The `run_simulation` function is deprecated and will be removed in a future version of Flower. Please use `flwr run` in the CLI instead to run your simulation. Refer to the Flower Tutorials for more details: https://flower.ai/docs/framework/tutorial-quickstart-pytorch.html

            This is a deprecated feature. It will be removed
            entirely in future versions of Flower.
        
Warning: You are sending unauthenticated requests to the HF Hub. Please set a HF_TOKEN to enable higher rate limits and faster downloads.
Generating train split:   0%|          | 0/50000 [00:00<?, ? examples/s]Generating train split:  28%|██▊       | 14200/50000 [00:00<00:00, 121140.31 examples/s]Generating train split:  85%|████████▌ | 42600/50000 [00:00<00:00, 192249.11 examples/s]Generating train split: 100%|██████████| 50000/50000 [00:00<00:00, 187949.85 examples/s]
Generating test split:   0%|          | 0/10000 [00:00<?, ? examples/s]Generating test split: 100%|██████████| 10000/10000 [00:00<00:00, 228942.98 examples/s]
Filtering CIFAR-10 to four classes:   0%|          | 0/50000 [00:00<?, ? examples/s]Filtering CIFAR-10 to four classes: 100%|██████████| 50000/50000 [00:00<00:00, 728273.87 examples/s]
Filtering CIFAR-10 to four classes:   0%|          | 0/10000 [00:00<?, ? examples/s]Filtering CIFAR-10 to four classes: 100%|██████████| 10000/10000 [00:00<00:00, 658818.80 examples/s]
[92mINFO [0m:      Starting LoggedGlobalDPServerSideFixedClipping strategy:
[92mINFO [0m:      	├── Number of rounds: 20
[92mINFO [0m:      	├── ArrayRecord (0.87 MB)
[92mINFO [0m:      	├── ConfigRecord (train): {'lr': 0.001}
[92mINFO [0m:      	├── ConfigRecord (evaluate): (empty!)
[92mINFO [0m:      	├──> DP settings:
[92mINFO [0m:      	│	├── Noise multiplier: 0.04
[92mINFO [0m:      	│	└── Clipping norm: 5.0
[92mINFO [0m:      	├──> Sampling:
[92mINFO [0m:      	│	├──Fraction: train (1.00) | evaluate ( 1.00)
[92mINFO [0m:      	│	├──Minimum nodes: train (16) | evaluate (16)
[92mINFO [0m:      	│	└──Minimum available nodes: 16
[92mINFO [0m:      	└──> Keys in records:
[92mINFO [0m:      		├── Weighted by: 'num-examples'
[92mINFO [0m:      		├── ArrayRecord key: 'arrays'
[92mINFO [0m:      		└── ConfigRecord key: 'config'
[92mINFO [0m:      
/usr/local/lib/python3.12/dist-packages/ray/_private/worker.py:2051: FutureWarning: Tip: In future versions of Ray, Ray will no longer override accelerator visible devices env var if num_gpus=0 or num_gpus=None (default). To enable this behavior and turn off this error message, set RAY_ACCEL_ENV_VAR_OVERRIDE_ON_ZERO=0
  warnings.warn(
/usr/lib/python3.12/multiprocessing/popen_fork.py:66: DeprecationWarning: This process (pid=7217) is multi-threaded, use of fork() may lead to deadlocks in the child.
  self.pid = os.fork()
[92mINFO [0m:      Initial global evaluation results: {'loss': 1.3919111585617066, 'accuracy': 0.25, 'f1': 0.1, 'precision': 0.0625, 'auc': 0.5174013333333333}
[92mINFO [0m:      
[92mINFO [0m:      [ROUND 1/20]
[92mINFO [0m:      configure_train: Sampled 16 nodes (out of 16)
[36m(ClientAppActor pid=8020)[0m Using the latest cached version of the dataset since uoft-cs/cifar10 couldn't be found on the Hugging Face Hub (offline mode is enabled).
[36m(ClientAppActor pid=8020)[0m Found the latest cached dataset configuration 'plain_text' at /root/.cache/huggingface/datasets/uoft-cs___cifar10/plain_text/0.0.0/0b2714987fa478483af9968de7c934580d0bb9a2 (last modified on Wed Aug  5 21:04:53 2026).
[36m(ClientAppActor pid=8020)[0m /usr/lib/python3.12/multiprocessing/popen_fork.py:66: DeprecationWarning: This process (pid=8020) is multi-threaded, use of fork() may lead to deadlocks in the child.
[36m(ClientAppActor pid=8020)[0m   self.pid = os.fork()
[36m(ClientAppActor pid=8021)[0m Using the latest cached version of the dataset since uoft-cs/cifar10 couldn't be found on the Hugging Face Hub (offline mode is enabled).[32m [repeated 6x across cluster] (Ray deduplicates logs by default. Set RAY_DEDUP_LOGS=0 to disable log deduplication, or see https://docs.ray.io/en/master/ray-observability/user-guides/configure-logging.html#log-deduplication for more options.)[0m
[36m(ClientAppActor pid=8021)[0m Found the latest cached dataset configuration 'plain_text' at /root/.cache/huggingface/datasets/uoft-cs___cifar10/plain_text/0.0.0/0b2714987fa478483af9968de7c934580d0bb9a2 (last modified on Wed Aug  5 21:04:53 2026).[32m [repeated 6x across cluster][0m
[36m(ClientAppActor pid=8022)[0m /usr/lib/python3.12/multiprocessing/popen_fork.py:66: DeprecationWarning: This process (pid=8022) is multi-threaded, use of fork() may lead to deadlocks in the child.[32m [repeated 5x across cluster][0m
[36m(ClientAppActor pid=8022)[0m   self.pid = os.fork()[32m [repeated 5x across cluster][0m
[92mINFO [0m:      aggregate_train: Received 16 results and 0 failures
[92mINFO [0m:      aggregate_fit: parameters are clipped by value: 5.0000.
[92mINFO [0m:      aggregate_fit: parameters are clipped by value: 5.0000.
[92mINFO [0m:      aggregate_fit: parameters are clipped by value: 5.0000.
[92mINFO [0m:      aggregate_fit: parameters are clipped by value: 5.0000.
[92mINFO [0m:      aggregate_fit: parameters are clipped by value: 5.0000.
[92mINFO [0m:      aggregate_fit: parameters are clipped by value: 5.0000.
[92mINFO [0m:      aggregate_fit: parameters are clipped by value: 5.0000.
[92mINFO [0m:      aggregate_fit: parameters are clipped by value: 5.0000.
[92mINFO [0m:      aggregate_fit: parameters are clipped by value: 5.0000.
[92mINFO [0m:      aggregate_fit: parameters are clipped by value: 5.0000.
[92mINFO [0m:      aggregate_fit: parameters are clipped by value: 5.0000.
[92mINFO [0m:      aggregate_fit: parameters are clipped by value: 5.0000.
[92mINFO [0m:      aggregate_fit: parameters are clipped by value: 5.0000.
[92mINFO [0m:      aggregate_fit: parameters are clipped by value: 5.0000.
[92mINFO [0m:      aggregate_fit: parameters are clipped by value: 5.0000.
[92mINFO [0m:      aggregate_fit: parameters are clipped by value: 5.0000.
[92mINFO [0m:      aggregate_train: Received 16 results and 0 failures
[92mINFO [0m:      aggregate_fit: central DP noise with 0.0125 stdev added
[92mINFO [0m:      	└──> Aggregated MetricRecord: {'train_loss': 1.1026780722939087, 'train_loss_mean': 1.2410317796439716, 'client-ids': [0, 1, 2, 3, 4, 5, 6, 7, 8, 9, 10, 11, 12, 13, 14, 15], 'per-client-num-examples': [1223, 1082, 1364, 517, 1435, 1505, 940, 870, 1152, 447, 729, 1294, 1012, 659, 800, 376], 'per-client-train_loss': [1.1711292566087337, 1.1692080916406487, 1.0219070222720372, 1.234377370581636, 1.013541200684338, 0.9896448780927943, 1.2107535078170453, 1.111197060826181, 1.0521825402975082, 1.257212568449494, 1.0642263330059287, 0.9996266060118697, 1.1000713185359368, 1.2572753874412617, 1.1642459678649901, 1.3084859721204067], 'per-client-train_loss_mean': [1.281138582377773, 1.2754549340267498, 1.1798790115415176, 1.3296880194020226, 1.1936270096243882, 1.1557262878322918, 1.2980035776787617, 1.2499455262326644, 1.1994747476445304, 1.3466190712030568, 1.2392228639011358, 1.1986657529009919, 1.2671678153893695, 1.3336994028959723, 1.2581313724517822, 1.3527392291008158], 'dp-client-ids': [0, 1, 2, 3, 4, 5, 6, 7, 8, 9, 10, 11, 12, 13, 14, 15], 'dp-update-norms-before-clipping': [5.542676306594107, 5.116513808490044, 6.328093619222202, 4.007839481550565, 6.037087108637374, 5.833300452784627, 4.668540725879813, 5.094293266156041, 6.049967472627587, 3.939605220635422, 4.8583119361845295, 6.017979748514872, 5.321554615482195, 4.19422626712344, 4.442469411738791, 3.2493309478559462], 'dp-client-clipped': [1, 1, 1, 0, 1, 1, 0, 1, 1, 0, 0, 1, 1, 0, 0, 0], 'dp-num-clients-clipped': 9, 'dp-fraction-clipped': 0.5625, 'dp-signal-update-norm': 2.109916148440389, 'dp-parameter-count': 226596, 'dp-expected-noise-l2-norm': 5.950262599247196, 'dp-noise-to-signal-ratio': 2.820141740535765, 'dp-noise-percent-of-signal': 282.0141740535765, 'global-dp-noise-stdv': 0.0125}
[92mINFO [0m:      configure_evaluate: Sampled 16 nodes (out of 16)
[36m(ClientAppActor pid=8019)[0m Using the latest cached version of the dataset since uoft-cs/cifar10 couldn't be found on the Hugging Face Hub (offline mode is enabled).
[36m(ClientAppActor pid=8019)[0m Found the latest cached dataset configuration 'plain_text' at /root/.cache/huggingface/datasets/uoft-cs___cifar10/plain_text/0.0.0/0b2714987fa478483af9968de7c934580d0bb9a2 (last modified on Wed Aug  5 21:04:53 2026).
[36m(ClientAppActor pid=8020)[0m /usr/lib/python3.12/multiprocessing/popen_fork.py:66: DeprecationWarning: This process (pid=8020) is multi-threaded, use of fork() may lead to deadlocks in the child.[32m [repeated 3x across cluster][0m
[36m(ClientAppActor pid=8020)[0m   self.pid = os.fork()[32m [repeated 3x across cluster][0m
[92mINFO [0m:      aggregate_evaluate: Received 16 results and 0 failures
[92mINFO [0m:      	└──> Aggregated MetricRecord: {'eval_loss': 1.3567788270471008, 'eval_acc': 0.35932642487046634, 'client-ids': [0, 1, 2, 3, 4, 5, 6, 7, 8, 9, 10, 11, 12, 13, 14, 15], 'per-client-eval_acc': [0.33986928104575165, 0.34317343173431736, 0.3508771929824561, 0.3769230769230769, 0.3370473537604457, 0.35278514588859416, 0.3686440677966102, 0.3577981651376147, 0.3944636678200692, 0.3482142857142857, 0.37158469945355194, 0.3734567901234568, 0.35968379446640314, 0.36363636363636365, 0.375, 0.35789473684210527], 'per-client-eval_loss': [1.3607969533384237, 1.3554353749180192, 1.3602662783617165, 1.3534064421286949, 1.361486875911277, 1.3593457067676817, 1.3545326459205758, 1.3508977277563252, 1.3519155145928934, 1.367409450667245, 1.3545274161250214, 1.3532171440713199, 1.3580556575488667, 1.3549037644357391, 1.353881492614746, 1.3555280986585114], 'per-client-num-examples': [306, 271, 342, 130, 359, 377, 236, 218, 289, 112, 183, 324, 253, 165, 200, 95]}
[92mINFO [0m:      Global evaluation
[92mINFO [0m:      	└──> MetricRecord: {'loss': 1.3552547016143799, 'accuracy': 0.3675, 'f1': 0.26182399021018576, 'precision': 0.4543524051720716, 'auc': 0.6553264583333334}
[92mINFO [0m:      
[92mINFO [0m:      [ROUND 2/20]
[92mINFO [0m:      configure_train: Sampled 16 nodes (out of 16)
[92mINFO [0m:      aggregate_train: Received 16 results and 0 failures
[92mINFO [0m:      aggregate_fit: parameters are clipped by value: 5.0000.
[92mINFO [0m:      aggregate_fit: parameters are clipped by value: 5.0000.
[92mINFO [0m:      aggregate_fit: parameters are clipped by value: 5.0000.
[92mINFO [0m:      aggregate_fit: parameters are clipped by value: 5.0000.
[92mINFO [0m:      aggregate_fit: parameters are clipped by value: 5.0000.
[92mINFO [0m:      aggregate_fit: parameters are clipped by value: 5.0000.
[92mINFO [0m:      aggregate_fit: parameters are clipped by value: 5.0000.
[92mINFO [0m:      aggregate_fit: parameters are clipped by value: 5.0000.
[92mINFO [0m:      aggregate_fit: parameters are clipped by value: 5.0000.
[92mINFO [0m:      aggregate_fit: parameters are clipped by value: 5.0000.
[92mINFO [0m:      aggregate_fit: parameters are clipped by value: 5.0000.
[92mINFO [0m:      aggregate_fit: parameters are clipped by value: 5.0000.
[92mINFO [0m:      aggregate_fit: parameters are clipped by value: 5.0000.
[92mINFO [0m:      aggregate_fit: parameters are clipped by value: 5.0000.
[92mINFO [0m:      aggregate_fit: parameters are clipped by value: 5.0000.
[92mINFO [0m:      aggregate_fit: parameters are clipped by value: 5.0000.
[92mINFO [0m:      aggregate_train: Received 16 results and 0 failures
[92mINFO [0m:      aggregate_fit: central DP noise with 0.0125 stdev added
[92mINFO [0m:      	└──> Aggregated MetricRecord: {'train_loss': 0.8883951240644482, 'train_loss_mean': 1.0058405982765122, 'client-ids': [0, 1, 2, 3, 4, 5, 6, 7, 8, 9, 10, 11, 12, 13, 14, 15], 'per-client-num-examples': [1223, 1082, 1364, 517, 1435, 1505, 940, 870, 1152, 447, 729, 1294, 1012, 659, 800, 376], 'per-client-train_loss': [0.9311437374338788, 0.890955045351039, 0.7947894488611529, 0.942091672056187, 0.8111836025108444, 0.835267291591809, 0.9221316279248989, 0.9378719453153939, 0.8437449054585563, 0.9152282800450421, 0.9123918903053869, 0.9030280927602069, 0.9299269429308624, 0.8681366238319096, 0.9609388113021851, 1.093617299769787], 'per-client-train_loss_mean': [1.0238776057349397, 1.0002297574623236, 0.9715146733518919, 1.0783234597405336, 0.9643219037753781, 0.9645648033694176, 1.0231815428429463, 1.0052249607272532, 0.9640508363644283, 1.055032871126862, 1.0085197560744685, 0.9928032159068302, 1.0315809878907185, 1.0347622358744712, 1.0459822392463685, 1.1737695526569447], 'dp-client-ids': [0, 1, 2, 3, 4, 5, 6, 7, 8, 9, 10, 11, 12, 13, 14, 15], 'dp-update-norms-before-clipping': [6.259889468020119, 5.258655623240898, 6.540936385437255, 4.064264845555993, 6.8890575416490085, 7.173598182169157, 5.306530208889547, 4.872567557332458, 5.698940443468507, 3.888925263510845, 4.473601385251265, 5.9698304682075545, 5.250787607447899, 4.775320935162237, 4.873842507395161, 3.3500446919404894], 'dp-client-clipped': [1, 1, 1, 0, 1, 1, 1, 0, 1, 0, 0, 1, 1, 0, 0, 0], 'dp-num-clients-clipped': 9, 'dp-fraction-clipped': 0.5625, 'dp-signal-update-norm': 3.549742179852917, 'dp-parameter-count': 226596, 'dp-expected-noise-l2-norm': 5.950262599247196, 'dp-noise-to-signal-ratio': 1.6762520481117713, 'dp-noise-percent-of-signal': 167.62520481117713, 'global-dp-noise-stdv': 0.0125}
[92mINFO [0m:      configure_evaluate: Sampled 16 nodes (out of 16)
[36m(ClientAppActor pid=8022)[0m /usr/lib/python3.12/multiprocessing/popen_fork.py:66: DeprecationWarning: This process (pid=8022) is multi-threaded, use of fork() may lead to deadlocks in the child.[32m [repeated 16x across cluster][0m
[36m(ClientAppActor pid=8022)[0m   self.pid = os.fork()[32m [repeated 16x across cluster][0m
[92mINFO [0m:      aggregate_evaluate: Received 16 results and 0 failures
[92mINFO [0m:      	└──> Aggregated MetricRecord: {'eval_loss': 0.9900817920352509, 'eval_acc': 0.5813471502590675, 'client-ids': [0, 1, 2, 3, 4, 5, 6, 7, 8, 9, 10, 11, 12, 13, 14, 15], 'per-client-eval_acc': [0.5490196078431373, 0.6014760147601476, 0.5584795321637427, 0.6, 0.5431754874651811, 0.5649867374005305, 0.6101694915254238, 0.6467889908256881, 0.5640138408304498, 0.5535714285714286, 0.5901639344262295, 0.5864197530864198, 0.5849802371541502, 0.5696969696969697, 0.66, 0.5684210526315789], 'per-client-eval_loss': [1.0462914074168486, 0.9757877575075494, 1.0195698542901648, 0.9548007396551279, 1.0277786015800114, 1.0168238369160052, 0.9601508581032188, 0.9136974264722352, 0.9942042743045979, 1.037683435848781, 0.9897446137308423, 0.9558307064904107, 0.9760295581440681, 0.9919021433049983, 0.9109064865112305, 1.0427337847257916], 'per-client-num-examples': [306, 271, 342, 130, 359, 377, 236, 218, 289, 112, 183, 324, 253, 165, 200, 95]}
[92mINFO [0m:      Global evaluation
[92mINFO [0m:      	└──> MetricRecord: {'loss': 0.9664629068374634, 'accuracy': 0.5935, 'f1': 0.565377679212614, 'precision': 0.6024644787902518, 'auc': 0.8515956666666666}
[92mINFO [0m:      
[92mINFO [0m:      [ROUND 3/20]
[92mINFO [0m:      configure_train: Sampled 16 nodes (out of 16)
[92mINFO [0m:      aggregate_train: Received 16 results and 0 failures
[92mINFO [0m:      aggregate_fit: parameters are clipped by value: 5.0000.
[92mINFO [0m:      aggregate_fit: parameters are clipped by value: 5.0000.
[92mINFO [0m:      aggregate_fit: parameters are clipped by value: 5.0000.
[92mINFO [0m:      aggregate_fit: parameters are clipped by value: 5.0000.
[92mINFO [0m:      aggregate_fit: parameters are clipped by value: 5.0000.
[92mINFO [0m:      aggregate_fit: parameters are clipped by value: 5.0000.
[92mINFO [0m:      aggregate_fit: parameters are clipped by value: 5.0000.
[92mINFO [0m:      aggregate_fit: parameters are clipped by value: 5.0000.
[92mINFO [0m:      aggregate_fit: parameters are clipped by value: 5.0000.
[92mINFO [0m:      aggregate_fit: parameters are clipped by value: 5.0000.
[92mINFO [0m:      aggregate_fit: parameters are clipped by value: 5.0000.
[92mINFO [0m:      aggregate_fit: parameters are clipped by value: 5.0000.
[92mINFO [0m:      aggregate_fit: parameters are clipped by value: 5.0000.
[92mINFO [0m:      aggregate_fit: parameters are clipped by value: 5.0000.
[92mINFO [0m:      aggregate_fit: parameters are clipped by value: 5.0000.
[92mINFO [0m:      aggregate_fit: parameters are clipped by value: 5.0000.
[92mINFO [0m:      aggregate_train: Received 16 results and 0 failures
[92mINFO [0m:      aggregate_fit: central DP noise with 0.0125 stdev added
[92mINFO [0m:      	└──> Aggregated MetricRecord: {'train_loss': 0.7533395358810792, 'train_loss_mean': 0.8340566306281441, 'client-ids': [0, 1, 2, 3, 4, 5, 6, 7, 8, 9, 10, 11, 12, 13, 14, 15], 'per-client-num-examples': [1223, 1082, 1364, 517, 1435, 1505, 940, 870, 1152, 447, 729, 1294, 1012, 659, 800, 376], 'per-client-train_loss': [0.7533616942649772, 0.7215815432190674, 0.7226047937121909, 0.8436518429095786, 0.7302780458320725, 0.8300709098973543, 0.772113289985251, 0.7037218565228341, 0.727064366141955, 0.813279891440799, 0.660111181693476, 0.7518240134166971, 0.783399521362169, 0.7585756339144092, 0.7325937628746033, 0.8299988013632754], 'per-client-train_loss_mean': [0.8475798821312818, 0.824284521907623, 0.7908918113652562, 0.9147992206034854, 0.8149903270425696, 0.8482763062902661, 0.8127096598199074, 0.824528122879993, 0.8230549805694156, 0.8867920105089278, 0.7806423860322301, 0.8278060407413765, 0.8623363456236044, 0.8677244356622825, 0.8278042345046996, 0.9292881813455136], 'dp-client-ids': [0, 1, 2, 3, 4, 5, 6, 7, 8, 9, 10, 11, 12, 13, 14, 15], 'dp-update-norms-before-clipping': [5.876800567888238, 5.4373725096670915, 5.973379791064295, 3.249158365657271, 6.397148670195578, 6.439203295432031, 4.705381509752138, 4.696950055616894, 5.2753036345245565, 3.4249025173100898, 4.440937663472796, 5.951715790980606, 4.982807636564677, 4.060447977234204, 4.545669204483663, 3.1626851020134743], 'dp-client-clipped': [1, 1, 1, 0, 1, 1, 0, 0, 1, 0, 0, 1, 0, 0, 0, 0], 'dp-num-clients-clipped': 7, 'dp-fraction-clipped': 0.4375, 'dp-signal-update-norm': 3.2009763926719548, 'dp-parameter-count': 226596, 'dp-expected-noise-l2-norm': 5.950262599247196, 'dp-noise-to-signal-ratio': 1.8588898727492102, 'dp-noise-percent-of-signal': 185.88898727492102, 'global-dp-noise-stdv': 0.0125}
[92mINFO [0m:      configure_evaluate: Sampled 16 nodes (out of 16)
[36m(ClientAppActor pid=8022)[0m /usr/lib/python3.12/multiprocessing/popen_fork.py:66: DeprecationWarning: This process (pid=8022) is multi-threaded, use of fork() may lead to deadlocks in the child.[32m [repeated 16x across cluster][0m
[36m(ClientAppActor pid=8022)[0m   self.pid = os.fork()[32m [repeated 16x across cluster][0m
[92mINFO [0m:      aggregate_evaluate: Received 16 results and 0 failures
[92mINFO [0m:      	└──> Aggregated MetricRecord: {'eval_loss': 0.849662568068875, 'eval_acc': 0.656476683937824, 'client-ids': [0, 1, 2, 3, 4, 5, 6, 7, 8, 9, 10, 11, 12, 13, 14, 15], 'per-client-eval_acc': [0.6274509803921569, 0.6457564575645757, 0.6461988304093568, 0.6846153846153846, 0.6295264623955432, 0.636604774535809, 0.6567796610169492, 0.6972477064220184, 0.6539792387543253, 0.5625, 0.6939890710382514, 0.6820987654320988, 0.6956521739130435, 0.6424242424242425, 0.715, 0.6210526315789474], 'per-client-eval_loss': [0.9192543466106738, 0.8393711005629648, 0.8727384199175918, 0.7802007812720079, 0.8788147311356739, 0.8712421336287846, 0.8300075359263662, 0.761272832887982, 0.8394434435557329, 0.9244699478149414, 0.874101534567244, 0.8228265415003271, 0.8248174614585907, 0.8601134329131155, 0.77759765625, 0.9097706242611534], 'per-client-num-examples': [306, 271, 342, 130, 359, 377, 236, 218, 289, 112, 183, 324, 253, 165, 200, 95]}
[92mINFO [0m:      Global evaluation
[92mINFO [0m:      	└──> MetricRecord: {'loss': 0.8290000219345093, 'accuracy': 0.661, 'f1': 0.6429321871657421, 'precision': 0.6763448837511408, 'auc': 0.88258275}
[92mINFO [0m:      
[92mINFO [0m:      [ROUND 4/20]
[92mINFO [0m:      configure_train: Sampled 16 nodes (out of 16)
[92mINFO [0m:      aggregate_train: Received 16 results and 0 failures
[92mINFO [0m:      aggregate_fit: parameters are clipped by value: 5.0000.
[92mINFO [0m:      aggregate_fit: parameters are clipped by value: 5.0000.
[92mINFO [0m:      aggregate_fit: parameters are clipped by value: 5.0000.
[92mINFO [0m:      aggregate_fit: parameters are clipped by value: 5.0000.
[92mINFO [0m:      aggregate_fit: parameters are clipped by value: 5.0000.
[92mINFO [0m:      aggregate_fit: parameters are clipped by value: 5.0000.
[92mINFO [0m:      aggregate_fit: parameters are clipped by value: 5.0000.
[92mINFO [0m:      aggregate_fit: parameters are clipped by value: 5.0000.
[92mINFO [0m:      aggregate_fit: parameters are clipped by value: 5.0000.
[92mINFO [0m:      aggregate_fit: parameters are clipped by value: 5.0000.
[92mINFO [0m:      aggregate_fit: parameters are clipped by value: 5.0000.
[92mINFO [0m:      aggregate_fit: parameters are clipped by value: 5.0000.
[92mINFO [0m:      aggregate_fit: parameters are clipped by value: 5.0000.
[92mINFO [0m:      aggregate_fit: parameters are clipped by value: 5.0000.
[92mINFO [0m:      aggregate_fit: parameters are clipped by value: 5.0000.
[92mINFO [0m:      aggregate_fit: parameters are clipped by value: 5.0000.
[92mINFO [0m:      aggregate_train: Received 16 results and 0 failures
[92mINFO [0m:      aggregate_fit: central DP noise with 0.0125 stdev added
[92mINFO [0m:      	└──> Aggregated MetricRecord: {'train_loss': 0.6395487057653892, 'train_loss_mean': 0.7153030616537835, 'client-ids': [0, 1, 2, 3, 4, 5, 6, 7, 8, 9, 10, 11, 12, 13, 14, 15], 'per-client-num-examples': [1223, 1082, 1364, 517, 1435, 1505, 940, 870, 1152, 447, 729, 1294, 1012, 659, 800, 376], 'per-client-train_loss': [0.6725897434200309, 0.6773685584888, 0.5994273825300055, 0.7021841384917209, 0.6536279711573797, 0.6249984524277754, 0.588166328693958, 0.6597206931347135, 0.6392403211858537, 0.5685420875047944, 0.5577251309393528, 0.6487503428547607, 0.7000913330217595, 0.6205193733228357, 0.6600113713741302, 0.6081541079155942], 'per-client-train_loss_mean': [0.7422000534351205, 0.7224489421588876, 0.6897651451948452, 0.8162629841374706, 0.7159868852518991, 0.6851935853390796, 0.6922432573044554, 0.7181184315749969, 0.7168203612168631, 0.7166450759841825, 0.645445092093961, 0.7193891080490772, 0.7597314912811098, 0.708328172469537, 0.727384643316269, 0.7121961889114786], 'dp-client-ids': [0, 1, 2, 3, 4, 5, 6, 7, 8, 9, 10, 11, 12, 13, 14, 15], 'dp-update-norms-before-clipping': [5.384491773785987, 4.79619235768118, 5.671496728839364, 3.3264021994587485, 5.539402814624378, 5.662288584857543, 4.547198162614196, 4.356811621491766, 4.935567950808186, 3.472263102312645, 4.120692928734148, 5.235482097500182, 4.762548459566846, 3.7245139111353764, 4.247015895196193, 3.3734664734922295], 'dp-client-clipped': [1, 0, 1, 0, 1, 1, 0, 0, 0, 0, 0, 1, 0, 0, 0, 0], 'dp-num-clients-clipped': 5, 'dp-fraction-clipped': 0.3125, 'dp-signal-update-norm': 2.6028292444572316, 'dp-parameter-count': 226596, 'dp-expected-noise-l2-norm': 5.950262599247196, 'dp-noise-to-signal-ratio': 2.2860748978898173, 'dp-noise-percent-of-signal': 228.60748978898172, 'global-dp-noise-stdv': 0.0125}
[92mINFO [0m:      configure_evaluate: Sampled 16 nodes (out of 16)
[36m(ClientAppActor pid=8022)[0m /usr/lib/python3.12/multiprocessing/popen_fork.py:66: DeprecationWarning: This process (pid=8022) is multi-threaded, use of fork() may lead to deadlocks in the child.[32m [repeated 16x across cluster][0m
[36m(ClientAppActor pid=8022)[0m   self.pid = os.fork()[32m [repeated 16x across cluster][0m
[92mINFO [0m:      aggregate_evaluate: Received 16 results and 0 failures
[92mINFO [0m:      	└──> Aggregated MetricRecord: {'eval_loss': 0.7959003750678789, 'eval_acc': 0.6588082901554404, 'client-ids': [0, 1, 2, 3, 4, 5, 6, 7, 8, 9, 10, 11, 12, 13, 14, 15], 'per-client-eval_acc': [0.6274509803921569, 0.6531365313653137, 0.652046783625731, 0.676923076923077, 0.6406685236768802, 0.6551724137931034, 0.652542372881356, 0.7339449541284404, 0.6782006920415224, 0.6339285714285714, 0.6557377049180327, 0.6358024691358025, 0.6877470355731226, 0.6303030303030303, 0.705, 0.631578947368421], 'per-client-eval_loss': [0.8488647610533471, 0.7720592611390287, 0.8258592594436734, 0.7431252557497758, 0.8299297323466012, 0.8070690296689143, 0.7868764622736786, 0.6864423751831055, 0.7663921526146595, 0.842362105846405, 0.8297104757340228, 0.7914408224600332, 0.7796250068151904, 0.7963260043751109, 0.7346050131320954, 0.9150725113718133], 'per-client-num-examples': [306, 271, 342, 130, 359, 377, 236, 218, 289, 112, 183, 324, 253, 165, 200, 95]}
[92mINFO [0m:      Global evaluation
[92mINFO [0m:      	└──> MetricRecord: {'loss': 0.7793810529708862, 'accuracy': 0.6635, 'f1': 0.6344345647398785, 'precision': 0.702541161392093, 'auc': 0.8954155833333333}
[92mINFO [0m:      
[92mINFO [0m:      [ROUND 5/20]
[92mINFO [0m:      configure_train: Sampled 16 nodes (out of 16)
[92mINFO [0m:      aggregate_train: Received 16 results and 0 failures
[92mINFO [0m:      aggregate_fit: parameters are clipped by value: 5.0000.
[92mINFO [0m:      aggregate_fit: parameters are clipped by value: 5.0000.
[92mINFO [0m:      aggregate_fit: parameters are clipped by value: 5.0000.
[92mINFO [0m:      aggregate_fit: parameters are clipped by value: 5.0000.
[92mINFO [0m:      aggregate_fit: parameters are clipped by value: 5.0000.
[92mINFO [0m:      aggregate_fit: parameters are clipped by value: 5.0000.
[92mINFO [0m:      aggregate_fit: parameters are clipped by value: 5.0000.
[92mINFO [0m:      aggregate_fit: parameters are clipped by value: 5.0000.
[92mINFO [0m:      aggregate_fit: parameters are clipped by value: 5.0000.
[92mINFO [0m:      aggregate_fit: parameters are clipped by value: 5.0000.
[92mINFO [0m:      aggregate_fit: parameters are clipped by value: 5.0000.
[92mINFO [0m:      aggregate_fit: parameters are clipped by value: 5.0000.
[92mINFO [0m:      aggregate_fit: parameters are clipped by value: 5.0000.
[92mINFO [0m:      aggregate_fit: parameters are clipped by value: 5.0000.
[92mINFO [0m:      aggregate_fit: parameters are clipped by value: 5.0000.
[92mINFO [0m:      aggregate_fit: parameters are clipped by value: 5.0000.
[92mINFO [0m:      aggregate_train: Received 16 results and 0 failures
[92mINFO [0m:      aggregate_fit: central DP noise with 0.0125 stdev added
[92mINFO [0m:      	└──> Aggregated MetricRecord: {'train_loss': 0.5580111356050075, 'train_loss_mean': 0.6484893354561826, 'client-ids': [0, 1, 2, 3, 4, 5, 6, 7, 8, 9, 10, 11, 12, 13, 14, 15], 'per-client-num-examples': [1223, 1082, 1364, 517, 1435, 1505, 940, 870, 1152, 447, 729, 1294, 1012, 659, 800, 376], 'per-client-train_loss': [0.5401542480617688, 0.5888430325248987, 0.5511165471021031, 0.6215622576108523, 0.527679739804218, 0.5415479092700933, 0.5854578332698092, 0.5817058616671069, 0.5638706535100937, 0.4937326016042056, 0.493115593131187, 0.5794114990986112, 0.607478046370118, 0.5474481061666254, 0.5600276863574982, 0.5149312234939413], 'per-client-train_loss_mean': [0.6613350508842718, 0.6572126835860078, 0.6423354974677487, 0.7135614112221296, 0.6173563517759901, 0.6379535875488234, 0.6261855102092662, 0.6505656672346181, 0.6471254015962282, 0.6144915587683386, 0.5837265305149539, 0.6711846568945571, 0.6859128332420772, 0.6475137650876197, 0.6783206431865693, 0.6559675009960824], 'dp-client-ids': [0, 1, 2, 3, 4, 5, 6, 7, 8, 9, 10, 11, 12, 13, 14, 15], 'dp-update-norms-before-clipping': [5.536676155170757, 5.001446287683305, 5.693574078955773, 3.4933149864687403, 5.812535773255034, 5.999931524656139, 4.510766297755965, 4.381997434242286, 5.077825247724079, 3.3241246367209905, 4.141478325311263, 5.342012864660026, 4.832663569580511, 3.694917352391008, 4.258801673012907, 3.3036995095872834], 'dp-client-clipped': [1, 1, 1, 0, 1, 1, 0, 0, 1, 0, 0, 1, 0, 0, 0, 0], 'dp-num-clients-clipped': 7, 'dp-fraction-clipped': 0.4375, 'dp-signal-update-norm': 2.1867020442774807, 'dp-parameter-count': 226596, 'dp-expected-noise-l2-norm': 5.950262599247196, 'dp-noise-to-signal-ratio': 2.7211126521872586, 'dp-noise-percent-of-signal': 272.11126521872586, 'global-dp-noise-stdv': 0.0125}
[92mINFO [0m:      configure_evaluate: Sampled 16 nodes (out of 16)
[36m(ClientAppActor pid=8023)[0m /usr/lib/python3.12/multiprocessing/popen_fork.py:66: DeprecationWarning: This process (pid=8023) is multi-threaded, use of fork() may lead to deadlocks in the child.[32m [repeated 16x across cluster][0m
[36m(ClientAppActor pid=8023)[0m   self.pid = os.fork()[32m [repeated 16x across cluster][0m
[92mINFO [0m:      aggregate_evaluate: Received 16 results and 0 failures
[92mINFO [0m:      	└──> Aggregated MetricRecord: {'eval_loss': 0.6602315795390716, 'eval_acc': 0.7370466321243523, 'client-ids': [0, 1, 2, 3, 4, 5, 6, 7, 8, 9, 10, 11, 12, 13, 14, 15], 'per-client-eval_acc': [0.7026143790849673, 0.7638376383763837, 0.7397660818713451, 0.7307692307692307, 0.7353760445682451, 0.7400530503978779, 0.7415254237288136, 0.7706422018348624, 0.7681660899653979, 0.7142857142857143, 0.7213114754098361, 0.7253086419753086, 0.758893280632411, 0.7151515151515152, 0.745, 0.6421052631578947], 'per-client-eval_loss': [0.7003644089293636, 0.6255689283138711, 0.6496653584708945, 0.6292305921132748, 0.7094003649475182, 0.6772288213674207, 0.6545139429932934, 0.5651194939919568, 0.6515216956295357, 0.6974045719419207, 0.6859875559155407, 0.668818058790984, 0.6374077702699442, 0.6428048076051655, 0.6090540850162506, 0.7920706297221937], 'per-client-num-examples': [306, 271, 342, 130, 359, 377, 236, 218, 289, 112, 183, 324, 253, 165, 200, 95]}
[92mINFO [0m:      Global evaluation
[92mINFO [0m:      	└──> MetricRecord: {'loss': 0.6233201937675477, 'accuracy': 0.7465, 'f1': 0.7423164300547865, 'precision': 0.7432724457423937, 'auc': 0.9323982916666665}
[92mINFO [0m:      
[92mINFO [0m:      [ROUND 6/20]
[92mINFO [0m:      configure_train: Sampled 16 nodes (out of 16)
[92mINFO [0m:      aggregate_train: Received 16 results and 0 failures
[92mINFO [0m:      aggregate_fit: parameters are clipped by value: 5.0000.
[92mINFO [0m:      aggregate_fit: parameters are clipped by value: 5.0000.
[92mINFO [0m:      aggregate_fit: parameters are clipped by value: 5.0000.
[92mINFO [0m:      aggregate_fit: parameters are clipped by value: 5.0000.
[92mINFO [0m:      aggregate_fit: parameters are clipped by value: 5.0000.
[92mINFO [0m:      aggregate_fit: parameters are clipped by value: 5.0000.
[92mINFO [0m:      aggregate_fit: parameters are clipped by value: 5.0000.
[92mINFO [0m:      aggregate_fit: parameters are clipped by value: 5.0000.
[92mINFO [0m:      aggregate_fit: parameters are clipped by value: 5.0000.
[92mINFO [0m:      aggregate_fit: parameters are clipped by value: 5.0000.
[92mINFO [0m:      aggregate_fit: parameters are clipped by value: 5.0000.
[92mINFO [0m:      aggregate_fit: parameters are clipped by value: 5.0000.
[92mINFO [0m:      aggregate_fit: parameters are clipped by value: 5.0000.
[92mINFO [0m:      aggregate_fit: parameters are clipped by value: 5.0000.
[92mINFO [0m:      aggregate_fit: parameters are clipped by value: 5.0000.
[92mINFO [0m:      aggregate_fit: parameters are clipped by value: 5.0000.
[92mINFO [0m:      aggregate_train: Received 16 results and 0 failures
[92mINFO [0m:      aggregate_fit: central DP noise with 0.0125 stdev added
[92mINFO [0m:      	└──> Aggregated MetricRecord: {'train_loss': 0.4861017401855685, 'train_loss_mean': 0.5851664047700504, 'client-ids': [0, 1, 2, 3, 4, 5, 6, 7, 8, 9, 10, 11, 12, 13, 14, 15], 'per-client-num-examples': [1223, 1082, 1364, 517, 1435, 1505, 940, 870, 1152, 447, 729, 1294, 1012, 659, 800, 376], 'per-client-train_loss': [0.5350057289723188, 0.5017705590579514, 0.48500668617986864, 0.643698385190687, 0.4591917897350697, 0.48690903668904495, 0.44902515221149364, 0.45355593596381705, 0.47995901025003856, 0.4143490436626494, 0.42582013651176737, 0.5072321780774471, 0.5052772707383152, 0.4754005041940078, 0.5131195640563965, 0.3946261792740923], 'per-client-train_loss_mean': [0.6061099118661997, 0.5933283750980045, 0.5636266576404795, 0.6743865662663311, 0.5740788360464448, 0.5635843036652224, 0.5749056841972027, 0.5926509062038071, 0.578221669461992, 0.5510575120614412, 0.5560342303519386, 0.6101076149498292, 0.6257238703989699, 0.5655919504387245, 0.5872111332416534, 0.5393248664571884], 'dp-client-ids': [0, 1, 2, 3, 4, 5, 6, 7, 8, 9, 10, 11, 12, 13, 14, 15], 'dp-update-norms-before-clipping': [5.638920080701136, 4.9140432235587985, 6.058360857775524, 3.9949925057506155, 6.032964408611157, 5.825763669642168, 4.666556304121297, 4.918614584459799, 5.305999533964296, 3.7628136196187016, 4.334122221429406, 5.768772584732446, 5.065443835882196, 3.8651485998413455, 4.557675943355886, 3.5227555591374036], 'dp-client-clipped': [1, 0, 1, 0, 1, 1, 0, 0, 1, 0, 0, 1, 1, 0, 0, 0], 'dp-num-clients-clipped': 7, 'dp-fraction-clipped': 0.4375, 'dp-signal-update-norm': 2.0356559729357295, 'dp-parameter-count': 226596, 'dp-expected-noise-l2-norm': 5.950262599247196, 'dp-noise-to-signal-ratio': 2.923019743196588, 'dp-noise-percent-of-signal': 292.30197431965877, 'global-dp-noise-stdv': 0.0125}
[92mINFO [0m:      configure_evaluate: Sampled 16 nodes (out of 16)
[36m(ClientAppActor pid=8018)[0m /usr/lib/python3.12/multiprocessing/popen_fork.py:66: DeprecationWarning: This process (pid=8018) is multi-threaded, use of fork() may lead to deadlocks in the child.[32m [repeated 16x across cluster][0m
[36m(ClientAppActor pid=8018)[0m   self.pid = os.fork()[32m [repeated 16x across cluster][0m
[92mINFO [0m:      aggregate_evaluate: Received 16 results and 0 failures
[92mINFO [0m:      	└──> Aggregated MetricRecord: {'eval_loss': 0.6330528804482265, 'eval_acc': 0.7499999999999999, 'client-ids': [0, 1, 2, 3, 4, 5, 6, 7, 8, 9, 10, 11, 12, 13, 14, 15], 'per-client-eval_acc': [0.7026143790849673, 0.7638376383763837, 0.7602339181286549, 0.7692307692307693, 0.7353760445682451, 0.7453580901856764, 0.75, 0.7981651376146789, 0.7750865051903114, 0.7589285714285714, 0.73224043715847, 0.7314814814814815, 0.7786561264822134, 0.7696969696969697, 0.755, 0.6526315789473685], 'per-client-eval_loss': [0.6939703997443704, 0.59116682003345, 0.5973885714659217, 0.5629189648307287, 0.6637982737719182, 0.6515435059443709, 0.6492104308079865, 0.5374668235078864, 0.6481004653298731, 0.6946120347295489, 0.6527066048377198, 0.6438368367560116, 0.6112881008344205, 0.5911232919404001, 0.5932649350166321, 0.7918889899002878], 'per-client-num-examples': [306, 271, 342, 130, 359, 377, 236, 218, 289, 112, 183, 324, 253, 165, 200, 95]}
[92mINFO [0m:      Global evaluation
[92mINFO [0m:      	└──> MetricRecord: {'loss': 0.5964113003015519, 'accuracy': 0.7625, 'f1': 0.7603971444342253, 'precision': 0.7612638519674358, 'auc': 0.9379944166666668}
[92mINFO [0m:      
[92mINFO [0m:      [ROUND 7/20]
[92mINFO [0m:      configure_train: Sampled 16 nodes (out of 16)
[92mINFO [0m:      aggregate_train: Received 16 results and 0 failures
[92mINFO [0m:      aggregate_fit: parameters are clipped by value: 5.0000.
[92mINFO [0m:      aggregate_fit: parameters are clipped by value: 5.0000.
[92mINFO [0m:      aggregate_fit: parameters are clipped by value: 5.0000.
[92mINFO [0m:      aggregate_fit: parameters are clipped by value: 5.0000.
[92mINFO [0m:      aggregate_fit: parameters are clipped by value: 5.0000.
[92mINFO [0m:      aggregate_fit: parameters are clipped by value: 5.0000.
[92mINFO [0m:      aggregate_fit: parameters are clipped by value: 5.0000.
[92mINFO [0m:      aggregate_fit: parameters are clipped by value: 5.0000.
[92mINFO [0m:      aggregate_fit: parameters are clipped by value: 5.0000.
[92mINFO [0m:      aggregate_fit: parameters are clipped by value: 5.0000.
[92mINFO [0m:      aggregate_fit: parameters are clipped by value: 5.0000.
[92mINFO [0m:      aggregate_fit: parameters are clipped by value: 5.0000.
[92mINFO [0m:      aggregate_fit: parameters are clipped by value: 5.0000.
[92mINFO [0m:      aggregate_fit: parameters are clipped by value: 5.0000.
[92mINFO [0m:      aggregate_fit: parameters are clipped by value: 5.0000.
[92mINFO [0m:      aggregate_fit: parameters are clipped by value: 5.0000.
[92mINFO [0m:      aggregate_train: Received 16 results and 0 failures
[92mINFO [0m:      aggregate_fit: central DP noise with 0.0125 stdev added
[92mINFO [0m:      	└──> Aggregated MetricRecord: {'train_loss': 0.41995108470402914, 'train_loss_mean': 0.5330479425329174, 'client-ids': [0, 1, 2, 3, 4, 5, 6, 7, 8, 9, 10, 11, 12, 13, 14, 15], 'per-client-num-examples': [1223, 1082, 1364, 517, 1435, 1505, 940, 870, 1152, 447, 729, 1294, 1012, 659, 800, 376], 'per-client-train_loss': [0.43717723602363545, 0.4311243441100482, 0.4174495777251783, 0.5038381549214487, 0.4026510366164018, 0.43997323039758246, 0.39263427397038075, 0.38763646346399155, 0.4094971824023459, 0.3398865800709266, 0.37272010618930657, 0.4390892630106146, 0.4465564750871168, 0.43228604272573234, 0.4347787344455719, 0.38258925016890183], 'per-client-train_loss_mean': [0.5419800724368161, 0.5484624400487007, 0.5280417845920383, 0.609954891041123, 0.5205530995815888, 0.5298770912164247, 0.514202201017674, 0.515361201941282, 0.5242435369226668, 0.4634856632358543, 0.48499431662435233, 0.5411980177832902, 0.5688925382176878, 0.5640981727286789, 0.5293895262479783, 0.5521477526172678], 'dp-client-ids': [0, 1, 2, 3, 4, 5, 6, 7, 8, 9, 10, 11, 12, 13, 14, 15], 'dp-update-norms-before-clipping': [5.842244324475608, 5.409803371144967, 6.16172327680085, 3.96180625633841, 6.243966110847439, 6.051292719349736, 4.676086557471208, 5.158298412201422, 5.590677653206717, 3.758038944502208, 4.523986229279521, 6.182882491634663, 5.280054358414823, 4.065796408696613, 4.8838961789243225, 3.34775860571509], 'dp-client-clipped': [1, 1, 1, 0, 1, 1, 0, 1, 1, 0, 0, 1, 1, 0, 0, 0], 'dp-num-clients-clipped': 9, 'dp-fraction-clipped': 0.5625, 'dp-signal-update-norm': 1.8621895542706506, 'dp-parameter-count': 226596, 'dp-expected-noise-l2-norm': 5.950262599247196, 'dp-noise-to-signal-ratio': 3.195304465971881, 'dp-noise-percent-of-signal': 319.5304465971881, 'global-dp-noise-stdv': 0.0125}
[92mINFO [0m:      configure_evaluate: Sampled 16 nodes (out of 16)
[36m(ClientAppActor pid=8018)[0m /usr/lib/python3.12/multiprocessing/popen_fork.py:66: DeprecationWarning: This process (pid=8018) is multi-threaded, use of fork() may lead to deadlocks in the child.[32m [repeated 16x across cluster][0m
[36m(ClientAppActor pid=8018)[0m   self.pid = os.fork()[32m [repeated 16x across cluster][0m
[92mINFO [0m:      aggregate_evaluate: Received 16 results and 0 failures
[92mINFO [0m:      	└──> Aggregated MetricRecord: {'eval_loss': 0.6392178333562272, 'eval_acc': 0.7538860103626943, 'client-ids': [0, 1, 2, 3, 4, 5, 6, 7, 8, 9, 10, 11, 12, 13, 14, 15], 'per-client-eval_acc': [0.7287581699346405, 0.7564575645756457, 0.7573099415204678, 0.7384615384615385, 0.7493036211699164, 0.7612732095490716, 0.7372881355932204, 0.7798165137614679, 0.7958477508650519, 0.7410714285714286, 0.7377049180327869, 0.7253086419753086, 0.7944664031620553, 0.7575757575757576, 0.77, 0.6736842105263158], 'per-client-eval_loss': [0.6676221423678927, 0.5849765376411241, 0.6359582449260511, 0.5993186822304359, 0.6562698046809119, 0.6545798481301224, 0.6976542745606374, 0.566213074080441, 0.6064571304098545, 0.7011491826602391, 0.6537963471126035, 0.665474823963495, 0.6219544806499255, 0.5592243310176965, 0.6093030107021332, 0.8226511101973685], 'per-client-num-examples': [306, 271, 342, 130, 359, 377, 236, 218, 289, 112, 183, 324, 253, 165, 200, 95]}
[92mINFO [0m:      Global evaluation
[92mINFO [0m:      	└──> MetricRecord: {'loss': 0.6315989441871643, 'accuracy': 0.76, 'f1': 0.7532652885845603, 'precision': 0.7646917833407256, 'auc': 0.932253}
[92mINFO [0m:      
[92mINFO [0m:      [ROUND 8/20]
[92mINFO [0m:      configure_train: Sampled 16 nodes (out of 16)
[92mINFO [0m:      aggregate_train: Received 16 results and 0 failures
[92mINFO [0m:      aggregate_fit: parameters are clipped by value: 5.0000.
[92mINFO [0m:      aggregate_fit: parameters are clipped by value: 5.0000.
[92mINFO [0m:      aggregate_fit: parameters are clipped by value: 5.0000.
[92mINFO [0m:      aggregate_fit: parameters are clipped by value: 5.0000.
[92mINFO [0m:      aggregate_fit: parameters are clipped by value: 5.0000.
[92mINFO [0m:      aggregate_fit: parameters are clipped by value: 5.0000.
[92mINFO [0m:      aggregate_fit: parameters are clipped by value: 5.0000.
[92mINFO [0m:      aggregate_fit: parameters are clipped by value: 5.0000.
[92mINFO [0m:      aggregate_fit: parameters are clipped by value: 5.0000.
[92mINFO [0m:      aggregate_fit: parameters are clipped by value: 5.0000.
[92mINFO [0m:      aggregate_fit: parameters are clipped by value: 5.0000.
[92mINFO [0m:      aggregate_fit: parameters are clipped by value: 5.0000.
[92mINFO [0m:      aggregate_fit: parameters are clipped by value: 5.0000.
[92mINFO [0m:      aggregate_fit: parameters are clipped by value: 5.0000.
[92mINFO [0m:      aggregate_fit: parameters are clipped by value: 5.0000.
[92mINFO [0m:      aggregate_fit: parameters are clipped by value: 5.0000.
[92mINFO [0m:      aggregate_train: Received 16 results and 0 failures
[92mINFO [0m:      aggregate_fit: central DP noise with 0.0125 stdev added
[92mINFO [0m:      	└──> Aggregated MetricRecord: {'train_loss': 0.35634091308038757, 'train_loss_mean': 0.48596907320395194, 'client-ids': [0, 1, 2, 3, 4, 5, 6, 7, 8, 9, 10, 11, 12, 13, 14, 15], 'per-client-num-examples': [1223, 1082, 1364, 517, 1435, 1505, 940, 870, 1152, 447, 729, 1294, 1012, 659, 800, 376], 'per-client-train_loss': [0.38125483300582563, 0.36134111760063664, 0.3576857153096856, 0.4495348434614259, 0.3365180067276705, 0.36494954066023083, 0.3443253617971501, 0.3392986608647752, 0.3672707403699557, 0.321823388804792, 0.28888694032393036, 0.35037900541996847, 0.39203415027720184, 0.36809341498680287, 0.36093157172203066, 0.27097812421778417], 'per-client-train_loss_mean': [0.48787422800346764, 0.48487172487592967, 0.4873612423970902, 0.5539698080352473, 0.4673211648572197, 0.4891904197133261, 0.466582567691803, 0.46585963032711514, 0.48301008683111935, 0.45685767872088173, 0.4453255004680042, 0.4943195546474855, 0.5292873775299359, 0.4902105328617038, 0.5045988134145737, 0.4677252685770076], 'dp-client-ids': [0, 1, 2, 3, 4, 5, 6, 7, 8, 9, 10, 11, 12, 13, 14, 15], 'dp-update-norms-before-clipping': [5.926313987623178, 5.496374947718024, 6.257177525179686, 4.14767099551922, 6.237179688850265, 6.126972896604397, 5.246663066128968, 5.069019506845769, 5.655203317818754, 3.69318779293042, 4.689051042175063, 6.29747162424833, 5.473415258319836, 4.349700711748009, 4.948864532329533, 3.6339328621818847], 'dp-client-clipped': [1, 1, 1, 0, 1, 1, 1, 1, 1, 0, 0, 1, 1, 0, 0, 0], 'dp-num-clients-clipped': 10, 'dp-fraction-clipped': 0.625, 'dp-signal-update-norm': 1.7951198877698211, 'dp-parameter-count': 226596, 'dp-expected-noise-l2-norm': 5.950262599247196, 'dp-noise-to-signal-ratio': 3.314688138539618, 'dp-noise-percent-of-signal': 331.4688138539618, 'global-dp-noise-stdv': 0.0125}
[92mINFO [0m:      configure_evaluate: Sampled 16 nodes (out of 16)
[36m(ClientAppActor pid=8023)[0m /usr/lib/python3.12/multiprocessing/popen_fork.py:66: DeprecationWarning: This process (pid=8023) is multi-threaded, use of fork() may lead to deadlocks in the child.[32m [repeated 16x across cluster][0m
[36m(ClientAppActor pid=8023)[0m   self.pid = os.fork()[32m [repeated 16x across cluster][0m
[92mINFO [0m:      aggregate_evaluate: Received 16 results and 0 failures
[92mINFO [0m:      	└──> Aggregated MetricRecord: {'eval_loss': 0.5994178508075407, 'eval_acc': 0.7743523316062174, 'client-ids': [0, 1, 2, 3, 4, 5, 6, 7, 8, 9, 10, 11, 12, 13, 14, 15], 'per-client-eval_acc': [0.7516339869281046, 0.7785977859778598, 0.7865497076023392, 0.7846153846153846, 0.7910863509749304, 0.7745358090185677, 0.7796610169491526, 0.7935779816513762, 0.7958477508650519, 0.7321428571428571, 0.7704918032786885, 0.7407407407407407, 0.8063241106719368, 0.7636363636363637, 0.77, 0.7052631578947368], 'per-client-eval_loss': [0.6386044290330675, 0.5732544550596568, 0.5740805927075838, 0.5716721071646764, 0.6089495971674375, 0.6019099991897057, 0.6436226681127386, 0.550164174596104, 0.6105796841189111, 0.6654960768563407, 0.5939854689634563, 0.6212557480659013, 0.5659316368253806, 0.5118652806137547, 0.5445327723026275, 0.8152317649439762], 'per-client-num-examples': [306, 271, 342, 130, 359, 377, 236, 218, 289, 112, 183, 324, 253, 165, 200, 95]}
[92mINFO [0m:      Global evaluation
[92mINFO [0m:      	└──> MetricRecord: {'loss': 0.582951684832573, 'accuracy': 0.7775, 'f1': 0.7750491468045123, 'precision': 0.7771830005887704, 'auc': 0.9424831666666666}
[92mINFO [0m:      
[92mINFO [0m:      [ROUND 9/20]
[92mINFO [0m:      configure_train: Sampled 16 nodes (out of 16)
[92mINFO [0m:      aggregate_train: Received 16 results and 0 failures
[92mINFO [0m:      aggregate_fit: parameters are clipped by value: 5.0000.
[92mINFO [0m:      aggregate_fit: parameters are clipped by value: 5.0000.
[92mINFO [0m:      aggregate_fit: parameters are clipped by value: 5.0000.
[92mINFO [0m:      aggregate_fit: parameters are clipped by value: 5.0000.
[92mINFO [0m:      aggregate_fit: parameters are clipped by value: 5.0000.
[92mINFO [0m:      aggregate_fit: parameters are clipped by value: 5.0000.
[92mINFO [0m:      aggregate_fit: parameters are clipped by value: 5.0000.
[92mINFO [0m:      aggregate_fit: parameters are clipped by value: 5.0000.
[92mINFO [0m:      aggregate_fit: parameters are clipped by value: 5.0000.
[92mINFO [0m:      aggregate_fit: parameters are clipped by value: 5.0000.
[92mINFO [0m:      aggregate_fit: parameters are clipped by value: 5.0000.
[92mINFO [0m:      aggregate_fit: parameters are clipped by value: 5.0000.
[92mINFO [0m:      aggregate_fit: parameters are clipped by value: 5.0000.
[92mINFO [0m:      aggregate_fit: parameters are clipped by value: 5.0000.
[92mINFO [0m:      aggregate_fit: parameters are clipped by value: 5.0000.
[92mINFO [0m:      aggregate_fit: parameters are clipped by value: 5.0000.
[92mINFO [0m:      aggregate_train: Received 16 results and 0 failures
[92mINFO [0m:      aggregate_fit: central DP noise with 0.0125 stdev added
[92mINFO [0m:      	└──> Aggregated MetricRecord: {'train_loss': 0.2815017307677156, 'train_loss_mean': 0.42407036735450726, 'client-ids': [0, 1, 2, 3, 4, 5, 6, 7, 8, 9, 10, 11, 12, 13, 14, 15], 'per-client-num-examples': [1223, 1082, 1364, 517, 1435, 1505, 940, 870, 1152, 447, 729, 1294, 1012, 659, 800, 376], 'per-client-train_loss': [0.30666386050370903, 0.3204723679754959, 0.25944747052584227, 0.31586332085976515, 0.26507161859851264, 0.2652802489524664, 0.308586049396941, 0.2510023267789819, 0.2824213579297066, 0.2848681359483092, 0.2148776069712737, 0.32459978443761883, 0.2696812518029345, 0.30699480692424974, 0.2807011041045189, 0.2136350229699561], 'per-client-train_loss_mean': [0.44673625081899415, 0.45679904046208486, 0.4174611377051848, 0.47673641700924485, 0.40585205677286673, 0.39865768598451395, 0.4207345412259406, 0.4075084290764798, 0.4220926941268974, 0.4050481673721766, 0.37860949823149925, 0.44931179516282294, 0.4352259463943512, 0.4524004013024621, 0.4177221391797065, 0.3894086092076403], 'dp-client-ids': [0, 1, 2, 3, 4, 5, 6, 7, 8, 9, 10, 11, 12, 13, 14, 15], 'dp-update-norms-before-clipping': [6.1787236778417105, 5.686745031576844, 6.3245808226846565, 4.275372981082453, 6.331273347389322, 6.637236434713436, 5.447307186865055, 5.107089118743958, 5.571448928266507, 3.8704474765821733, 4.7302528180566945, 6.171790215769822, 5.730332964963035, 4.501705635020098, 5.089600629055828, 3.631812320557981], 'dp-client-clipped': [1, 1, 1, 0, 1, 1, 1, 1, 1, 0, 0, 1, 1, 0, 1, 0], 'dp-num-clients-clipped': 11, 'dp-fraction-clipped': 0.6875, 'dp-signal-update-norm': 1.729251378919193, 'dp-parameter-count': 226596, 'dp-expected-noise-l2-norm': 5.950262599247196, 'dp-noise-to-signal-ratio': 3.4409471472945685, 'dp-noise-percent-of-signal': 344.0947147294569, 'global-dp-noise-stdv': 0.0125}
[92mINFO [0m:      configure_evaluate: Sampled 16 nodes (out of 16)
[36m(ClientAppActor pid=8019)[0m /usr/lib/python3.12/multiprocessing/popen_fork.py:66: DeprecationWarning: This process (pid=8019) is multi-threaded, use of fork() may lead to deadlocks in the child.[32m [repeated 16x across cluster][0m
[36m(ClientAppActor pid=8019)[0m   self.pid = os.fork()[32m [repeated 16x across cluster][0m
[92mINFO [0m:      aggregate_evaluate: Received 16 results and 0 failures
[92mINFO [0m:      	└──> Aggregated MetricRecord: {'eval_loss': 0.5888955448479077, 'eval_acc': 0.7797927461139895, 'client-ids': [0, 1, 2, 3, 4, 5, 6, 7, 8, 9, 10, 11, 12, 13, 14, 15], 'per-client-eval_acc': [0.7647058823529411, 0.8191881918819188, 0.7690058479532164, 0.8076923076923077, 0.7799442896935933, 0.7771883289124668, 0.7669491525423728, 0.8211009174311926, 0.7889273356401384, 0.7053571428571429, 0.7540983606557377, 0.7592592592592593, 0.8181818181818182, 0.7878787878787878, 0.8, 0.6842105263157895], 'per-client-eval_loss': [0.6334690673678529, 0.509436225539204, 0.5675248597797594, 0.5498863488435746, 0.6263101816509428, 0.5791857767484548, 0.6244039899211818, 0.5151535217915106, 0.6373974340339433, 0.649884215423039, 0.5971833734564442, 0.6170941429373659, 0.5565877846578364, 0.5453838463985559, 0.4940923392772675, 0.810070098073859], 'per-client-num-examples': [306, 271, 342, 130, 359, 377, 236, 218, 289, 112, 183, 324, 253, 165, 200, 95]}
[92mINFO [0m:      Global evaluation
[92mINFO [0m:      	└──> MetricRecord: {'loss': 0.5555136007070541, 'accuracy': 0.791, 'f1': 0.7899930494507239, 'precision': 0.7894046678507746, 'auc': 0.9488703333333334}
[92mINFO [0m:      
[92mINFO [0m:      [ROUND 10/20]
[92mINFO [0m:      configure_train: Sampled 16 nodes (out of 16)
[92mINFO [0m:      aggregate_train: Received 16 results and 0 failures
[92mINFO [0m:      aggregate_fit: parameters are clipped by value: 5.0000.
[92mINFO [0m:      aggregate_fit: parameters are clipped by value: 5.0000.
[92mINFO [0m:      aggregate_fit: parameters are clipped by value: 5.0000.
[92mINFO [0m:      aggregate_fit: parameters are clipped by value: 5.0000.
[92mINFO [0m:      aggregate_fit: parameters are clipped by value: 5.0000.
[92mINFO [0m:      aggregate_fit: parameters are clipped by value: 5.0000.
[92mINFO [0m:      aggregate_fit: parameters are clipped by value: 5.0000.
[92mINFO [0m:      aggregate_fit: parameters are clipped by value: 5.0000.
[92mINFO [0m:      aggregate_fit: parameters are clipped by value: 5.0000.
[92mINFO [0m:      aggregate_fit: parameters are clipped by value: 5.0000.
[92mINFO [0m:      aggregate_fit: parameters are clipped by value: 5.0000.
[92mINFO [0m:      aggregate_fit: parameters are clipped by value: 5.0000.
[92mINFO [0m:      aggregate_fit: parameters are clipped by value: 5.0000.
[92mINFO [0m:      aggregate_fit: parameters are clipped by value: 5.0000.
[92mINFO [0m:      aggregate_fit: parameters are clipped by value: 5.0000.
[92mINFO [0m:      aggregate_fit: parameters are clipped by value: 5.0000.
[92mINFO [0m:      aggregate_train: Received 16 results and 0 failures
[92mINFO [0m:      aggregate_fit: central DP noise with 0.0125 stdev added
[92mINFO [0m:      	└──> Aggregated MetricRecord: {'train_loss': 0.2409685531595443, 'train_loss_mean': 0.3885710827366062, 'client-ids': [0, 1, 2, 3, 4, 5, 6, 7, 8, 9, 10, 11, 12, 13, 14, 15], 'per-client-num-examples': [1223, 1082, 1364, 517, 1435, 1505, 940, 870, 1152, 447, 729, 1294, 1012, 659, 800, 376], 'per-client-train_loss': [0.29816263086807504, 0.2617992379198233, 0.2653625861378359, 0.2903397890308609, 0.23657729854151763, 0.26785739265332786, 0.2382778804987035, 0.20372979161383092, 0.2115046019769377, 0.18864011631182642, 0.18741207844762972, 0.23015565799413915, 0.2414719145524172, 0.266574574258512, 0.20936969250440599, 0.155166192099135], 'per-client-train_loss_mean': [0.40134666870581936, 0.3781048916404216, 0.36487056778148474, 0.46941169611605266, 0.3757033380357231, 0.4284166879804907, 0.3904849179120774, 0.3592985648910204, 0.36111973826256066, 0.3615334028965675, 0.34988324042046837, 0.39552445638769373, 0.41161026035844095, 0.44104197042484017, 0.37612030351161957, 0.34437073573787164], 'dp-client-ids': [0, 1, 2, 3, 4, 5, 6, 7, 8, 9, 10, 11, 12, 13, 14, 15], 'dp-update-norms-before-clipping': [6.168389532762988, 5.764765271744881, 6.294490468731884, 4.121691874533598, 6.426680565378784, 6.571401679077192, 5.314287449417086, 5.291337736974936, 5.948945029928611, 3.8713676372326535, 4.566922290310953, 6.197007797832616, 5.398680566273968, 4.61251097384319, 5.2165009818537085, 3.709109072884773], 'dp-client-clipped': [1, 1, 1, 0, 1, 1, 1, 1, 1, 0, 0, 1, 1, 0, 1, 0], 'dp-num-clients-clipped': 11, 'dp-fraction-clipped': 0.6875, 'dp-signal-update-norm': 1.6378780018225054, 'dp-parameter-count': 226596, 'dp-expected-noise-l2-norm': 5.950262599247196, 'dp-noise-to-signal-ratio': 3.632909528442411, 'dp-noise-percent-of-signal': 363.2909528442411, 'global-dp-noise-stdv': 0.0125}
[92mINFO [0m:      configure_evaluate: Sampled 16 nodes (out of 16)
[36m(ClientAppActor pid=8024)[0m /usr/lib/python3.12/multiprocessing/popen_fork.py:66: DeprecationWarning: This process (pid=8024) is multi-threaded, use of fork() may lead to deadlocks in the child.[32m [repeated 16x across cluster][0m
[36m(ClientAppActor pid=8024)[0m   self.pid = os.fork()[32m [repeated 16x across cluster][0m
[92mINFO [0m:      aggregate_evaluate: Received 16 results and 0 failures
[92mINFO [0m:      	└──> Aggregated MetricRecord: {'eval_loss': 0.6043683657712192, 'eval_acc': 0.7831606217616581, 'client-ids': [0, 1, 2, 3, 4, 5, 6, 7, 8, 9, 10, 11, 12, 13, 14, 15], 'per-client-eval_acc': [0.761437908496732, 0.8191881918819188, 0.7573099415204678, 0.7692307692307693, 0.7743732590529248, 0.7877984084880637, 0.788135593220339, 0.8119266055045872, 0.7958477508650519, 0.7232142857142857, 0.7759562841530054, 0.7561728395061729, 0.8260869565217391, 0.806060606060606, 0.82, 0.7052631578947368], 'per-client-eval_loss': [0.6511485093559315, 0.48560592257228724, 0.5986708590858861, 0.548414158821106, 0.6431239258944158, 0.6258469386821717, 0.6702450160252846, 0.5141428599663831, 0.6288004503504834, 0.7087457180023193, 0.6177111557924031, 0.6425172016944414, 0.548259380777834, 0.530867726875074, 0.5074133616685867, 0.8292650523938631], 'per-client-num-examples': [306, 271, 342, 130, 359, 377, 236, 218, 289, 112, 183, 324, 253, 165, 200, 95]}
[92mINFO [0m:      Global evaluation
[92mINFO [0m:      	└──> MetricRecord: {'loss': 0.5826365237236023, 'accuracy': 0.7925, 'f1': 0.7912866431997859, 'precision': 0.7936210368712159, 'auc': 0.9485674999999999}
[92mINFO [0m:      
[92mINFO [0m:      [ROUND 11/20]
[92mINFO [0m:      configure_train: Sampled 16 nodes (out of 16)
[92mINFO [0m:      aggregate_train: Received 16 results and 0 failures
[92mINFO [0m:      aggregate_fit: parameters are clipped by value: 5.0000.
[92mINFO [0m:      aggregate_fit: parameters are clipped by value: 5.0000.
[92mINFO [0m:      aggregate_fit: parameters are clipped by value: 5.0000.
[92mINFO [0m:      aggregate_fit: parameters are clipped by value: 5.0000.
[92mINFO [0m:      aggregate_fit: parameters are clipped by value: 5.0000.
[92mINFO [0m:      aggregate_fit: parameters are clipped by value: 5.0000.
[92mINFO [0m:      aggregate_fit: parameters are clipped by value: 5.0000.
[92mINFO [0m:      aggregate_fit: parameters are clipped by value: 5.0000.
[92mINFO [0m:      aggregate_fit: parameters are clipped by value: 5.0000.
[92mINFO [0m:      aggregate_fit: parameters are clipped by value: 5.0000.
[92mINFO [0m:      aggregate_fit: parameters are clipped by value: 5.0000.
[92mINFO [0m:      aggregate_fit: parameters are clipped by value: 5.0000.
[92mINFO [0m:      aggregate_fit: parameters are clipped by value: 5.0000.
[92mINFO [0m:      aggregate_fit: parameters are clipped by value: 5.0000.
[92mINFO [0m:      aggregate_fit: parameters are clipped by value: 5.0000.
[92mINFO [0m:      aggregate_fit: parameters are clipped by value: 5.0000.
[92mINFO [0m:      aggregate_train: Received 16 results and 0 failures
[92mINFO [0m:      aggregate_fit: central DP noise with 0.0125 stdev added
[92mINFO [0m:      	└──> Aggregated MetricRecord: {'train_loss': 0.19263387371225812, 'train_loss_mean': 0.3431960209476537, 'client-ids': [0, 1, 2, 3, 4, 5, 6, 7, 8, 9, 10, 11, 12, 13, 14, 15], 'per-client-num-examples': [1223, 1082, 1364, 517, 1435, 1505, 940, 870, 1152, 447, 729, 1294, 1012, 659, 800, 376], 'per-client-train_loss': [0.18235436866542695, 0.1895665811743181, 0.14088744327120067, 0.23057567039270466, 0.19628466899386682, 0.21969455547903066, 0.2624733860663911, 0.18526548489756967, 0.18200788005358642, 0.14453638680862635, 0.15824216808638292, 0.2185417453094833, 0.17391212867653888, 0.19063781475441952, 0.22096065312623978, 0.15151919551352236], 'per-client-train_loss_mean': [0.34561129128187285, 0.3664829865180631, 0.31914240748476774, 0.41846527979642556, 0.32775929010288224, 0.33905321873087074, 0.352969676836374, 0.3033593277307763, 0.3214327889598078, 0.34205977850212343, 0.29835956897714333, 0.347044924200963, 0.34499780940915287, 0.375903308454884, 0.3914121996164322, 0.37228071033320526], 'dp-client-ids': [0, 1, 2, 3, 4, 5, 6, 7, 8, 9, 10, 11, 12, 13, 14, 15], 'dp-update-norms-before-clipping': [6.1525716610868315, 5.37342270764096, 6.161918980573407, 4.200299408617953, 6.2215893309420585, 6.60949207168061, 5.331695263788456, 5.063751119759597, 5.924160382027457, 3.761219130602331, 4.696485779606963, 6.227267871503256, 5.472493328379688, 4.552801342153522, 4.864615492595705, 3.477541982823465], 'dp-client-clipped': [1, 1, 1, 0, 1, 1, 1, 1, 1, 0, 0, 1, 1, 0, 0, 0], 'dp-num-clients-clipped': 10, 'dp-fraction-clipped': 0.625, 'dp-signal-update-norm': 1.5810530676118337, 'dp-parameter-count': 226596, 'dp-expected-noise-l2-norm': 5.950262599247196, 'dp-noise-to-signal-ratio': 3.7634806327121035, 'dp-noise-percent-of-signal': 376.3480632712104, 'global-dp-noise-stdv': 0.0125}
[92mINFO [0m:      configure_evaluate: Sampled 16 nodes (out of 16)
[36m(ClientAppActor pid=8021)[0m /usr/lib/python3.12/multiprocessing/popen_fork.py:66: DeprecationWarning: This process (pid=8021) is multi-threaded, use of fork() may lead to deadlocks in the child.[32m [repeated 16x across cluster][0m
[36m(ClientAppActor pid=8021)[0m   self.pid = os.fork()[32m [repeated 16x across cluster][0m
[92mINFO [0m:      aggregate_evaluate: Received 16 results and 0 failures
[92mINFO [0m:      	└──> Aggregated MetricRecord: {'eval_loss': 0.5936901194424671, 'eval_acc': 0.7873056994818652, 'client-ids': [0, 1, 2, 3, 4, 5, 6, 7, 8, 9, 10, 11, 12, 13, 14, 15], 'per-client-eval_acc': [0.7712418300653595, 0.8228782287822878, 0.7865497076023392, 0.7923076923076923, 0.7910863509749304, 0.7824933687002652, 0.7669491525423728, 0.8027522935779816, 0.8096885813148789, 0.7321428571428571, 0.7978142076502732, 0.7623456790123457, 0.8260869565217391, 0.8, 0.78, 0.7052631578947368], 'per-client-eval_loss': [0.6250477024153167, 0.49910631918819187, 0.5753265124315406, 0.5384762578285658, 0.6187236128079194, 0.6173111083336787, 0.6620334694951268, 0.5447839443836737, 0.5802510897129465, 0.7151732785361153, 0.5240168936265622, 0.6644322666121117, 0.559422971702847, 0.5241889491225734, 0.5092681086063385, 0.8385797801770662], 'per-client-num-examples': [306, 271, 342, 130, 359, 377, 236, 218, 289, 112, 183, 324, 253, 165, 200, 95]}
[92mINFO [0m:      Global evaluation
[92mINFO [0m:      	└──> MetricRecord: {'loss': 0.5806769769191742, 'accuracy': 0.7915, 'f1': 0.7883991807845774, 'precision': 0.7883654003432149, 'auc': 0.9500529166666667}
[92mINFO [0m:      
[92mINFO [0m:      [ROUND 12/20]
[92mINFO [0m:      configure_train: Sampled 16 nodes (out of 16)
[92mINFO [0m:      aggregate_train: Received 16 results and 0 failures
[92mINFO [0m:      aggregate_fit: parameters are clipped by value: 5.0000.
[92mINFO [0m:      aggregate_fit: parameters are clipped by value: 5.0000.
[92mINFO [0m:      aggregate_fit: parameters are clipped by value: 5.0000.
[92mINFO [0m:      aggregate_fit: parameters are clipped by value: 5.0000.
[92mINFO [0m:      aggregate_fit: parameters are clipped by value: 5.0000.
[92mINFO [0m:      aggregate_fit: parameters are clipped by value: 5.0000.
[92mINFO [0m:      aggregate_fit: parameters are clipped by value: 5.0000.
[92mINFO [0m:      aggregate_fit: parameters are clipped by value: 5.0000.
[92mINFO [0m:      aggregate_fit: parameters are clipped by value: 5.0000.
[92mINFO [0m:      aggregate_fit: parameters are clipped by value: 5.0000.
[92mINFO [0m:      aggregate_fit: parameters are clipped by value: 5.0000.
[92mINFO [0m:      aggregate_fit: parameters are clipped by value: 5.0000.
[92mINFO [0m:      aggregate_fit: parameters are clipped by value: 5.0000.
[92mINFO [0m:      aggregate_fit: parameters are clipped by value: 5.0000.
[92mINFO [0m:      aggregate_fit: parameters are clipped by value: 5.0000.
[92mINFO [0m:      aggregate_fit: parameters are clipped by value: 5.0000.
[92mINFO [0m:      aggregate_train: Received 16 results and 0 failures
[92mINFO [0m:      aggregate_fit: central DP noise with 0.0125 stdev added
[92mINFO [0m:      	└──> Aggregated MetricRecord: {'train_loss': 0.15224390790865178, 'train_loss_mean': 0.30519183587618426, 'client-ids': [0, 1, 2, 3, 4, 5, 6, 7, 8, 9, 10, 11, 12, 13, 14, 15], 'per-client-num-examples': [1223, 1082, 1364, 517, 1435, 1505, 940, 870, 1152, 447, 729, 1294, 1012, 659, 800, 376], 'per-client-train_loss': [0.17059132523182854, 0.1418410344617424, 0.15076704089505233, 0.19333708623507037, 0.18367878380345135, 0.16329271867747522, 0.12778211115522586, 0.15139926163715192, 0.14134111151927048, 0.09374391764269045, 0.1263408647295706, 0.16575521576165048, 0.16092659762725528, 0.14418858065862034, 0.14281722888350487, 0.08774880224719961], 'per-client-train_loss_mean': [0.3152652675451944, 0.30803445629954557, 0.2843638548884224, 0.3938714125833152, 0.2698087405493866, 0.32762623423165904, 0.2852374348868715, 0.2911086597910215, 0.2903445011211766, 0.28094286241587374, 0.266268055803246, 0.31150035521899344, 0.32465374907957234, 0.3566861091359704, 0.32515373316407203, 0.28855063220921984], 'dp-client-ids': [0, 1, 2, 3, 4, 5, 6, 7, 8, 9, 10, 11, 12, 13, 14, 15], 'dp-update-norms-before-clipping': [5.841209212835549, 5.351842136952316, 5.965034303000405, 4.030940761767662, 6.297233068105533, 6.691849215420119, 5.382537665463934, 4.941293961594515, 5.684176836799192, 3.812353976583684, 4.466610935186416, 5.930483203033417, 5.427716293640442, 4.397093504182523, 4.754612791352009, 3.564727146463637], 'dp-client-clipped': [1, 1, 1, 0, 1, 1, 1, 0, 1, 0, 0, 1, 1, 0, 0, 0], 'dp-num-clients-clipped': 9, 'dp-fraction-clipped': 0.5625, 'dp-signal-update-norm': 1.5143995371613932, 'dp-parameter-count': 226596, 'dp-expected-noise-l2-norm': 5.950262599247196, 'dp-noise-to-signal-ratio': 3.929123360933161, 'dp-noise-percent-of-signal': 392.91233609331607, 'global-dp-noise-stdv': 0.0125}
[92mINFO [0m:      configure_evaluate: Sampled 16 nodes (out of 16)
[36m(ClientAppActor pid=8021)[0m /usr/lib/python3.12/multiprocessing/popen_fork.py:66: DeprecationWarning: This process (pid=8021) is multi-threaded, use of fork() may lead to deadlocks in the child.[32m [repeated 16x across cluster][0m
[36m(ClientAppActor pid=8021)[0m   self.pid = os.fork()[32m [repeated 16x across cluster][0m
[92mINFO [0m:      aggregate_evaluate: Received 16 results and 0 failures
[92mINFO [0m:      	└──> Aggregated MetricRecord: {'eval_loss': 0.6099237268954669, 'eval_acc': 0.7867875647668395, 'client-ids': [0, 1, 2, 3, 4, 5, 6, 7, 8, 9, 10, 11, 12, 13, 14, 15], 'per-client-eval_acc': [0.7810457516339869, 0.8154981549815498, 0.7865497076023392, 0.7923076923076923, 0.7827298050139275, 0.7877984084880637, 0.7627118644067796, 0.8165137614678899, 0.7681660899653979, 0.6875, 0.8306010928961749, 0.7469135802469136, 0.8260869565217391, 0.8121212121212121, 0.82, 0.7263157894736842], 'per-client-eval_loss': [0.6275741508583618, 0.5364731387458604, 0.5847369216338932, 0.5501553322260196, 0.6624329016235213, 0.6311016639284494, 0.6491853301807985, 0.5220321755890452, 0.6592280151625406, 0.7767893757138934, 0.49019613682898017, 0.6752501063876681, 0.5868470942078843, 0.5232811147516424, 0.47338330388069155, 0.9172565259431538], 'per-client-num-examples': [306, 271, 342, 130, 359, 377, 236, 218, 289, 112, 183, 324, 253, 165, 200, 95]}
[92mINFO [0m:      Global evaluation
[92mINFO [0m:      	└──> MetricRecord: {'loss': 0.5982737698554993, 'accuracy': 0.794, 'f1': 0.794613099524518, 'precision': 0.7992016793682295, 'auc': 0.9510462083333333}
[92mINFO [0m:      
[92mINFO [0m:      [ROUND 13/20]
[92mINFO [0m:      configure_train: Sampled 16 nodes (out of 16)
[92mINFO [0m:      aggregate_train: Received 16 results and 0 failures
[92mINFO [0m:      aggregate_fit: parameters are clipped by value: 5.0000.
[92mINFO [0m:      aggregate_fit: parameters are clipped by value: 5.0000.
[92mINFO [0m:      aggregate_fit: parameters are clipped by value: 5.0000.
[92mINFO [0m:      aggregate_fit: parameters are clipped by value: 5.0000.
[92mINFO [0m:      aggregate_fit: parameters are clipped by value: 5.0000.
[92mINFO [0m:      aggregate_fit: parameters are clipped by value: 5.0000.
[92mINFO [0m:      aggregate_fit: parameters are clipped by value: 5.0000.
[92mINFO [0m:      aggregate_fit: parameters are clipped by value: 5.0000.
[92mINFO [0m:      aggregate_fit: parameters are clipped by value: 5.0000.
[92mINFO [0m:      aggregate_fit: parameters are clipped by value: 5.0000.
[92mINFO [0m:      aggregate_fit: parameters are clipped by value: 5.0000.
[92mINFO [0m:      aggregate_fit: parameters are clipped by value: 5.0000.
[92mINFO [0m:      aggregate_fit: parameters are clipped by value: 5.0000.
[92mINFO [0m:      aggregate_fit: parameters are clipped by value: 5.0000.
[92mINFO [0m:      aggregate_fit: parameters are clipped by value: 5.0000.
[92mINFO [0m:      aggregate_fit: parameters are clipped by value: 5.0000.
[92mINFO [0m:      aggregate_train: Received 16 results and 0 failures
[92mINFO [0m:      aggregate_fit: central DP noise with 0.0125 stdev added
[92mINFO [0m:      	└──> Aggregated MetricRecord: {'train_loss': 0.12043267335237602, 'train_loss_mean': 0.26815512125468904, 'client-ids': [0, 1, 2, 3, 4, 5, 6, 7, 8, 9, 10, 11, 12, 13, 14, 15], 'per-client-num-examples': [1223, 1082, 1364, 517, 1435, 1505, 940, 870, 1152, 447, 729, 1294, 1012, 659, 800, 376], 'per-client-train_loss': [0.10511002785854426, 0.10515807440948574, 0.10722563278115739, 0.10674486880693261, 0.10097959698908004, 0.14303275210631275, 0.14373636259994607, 0.23870132755616616, 0.14107501837942335, 0.0947102878317737, 0.09414247702423928, 0.12160327388016849, 0.11154084938316948, 0.10959610295494698, 0.08697237610816956, 0.0612234798200587], 'per-client-train_loss_mean': [0.27702250903440323, 0.26173969883327125, 0.26212743004986094, 0.3284324771733648, 0.24310781865169778, 0.2589091477570963, 0.25536813238516765, 0.27289105563156907, 0.25663940041429467, 0.27782698605684625, 0.24382440729886906, 0.2751977520849458, 0.29633031007447264, 0.30712157666050066, 0.26592046406865116, 0.25771597005585406], 'dp-client-ids': [0, 1, 2, 3, 4, 5, 6, 7, 8, 9, 10, 11, 12, 13, 14, 15], 'dp-update-norms-before-clipping': [5.822935798097629, 5.2097497911338975, 5.766750341655831, 3.902087486698664, 6.032205085455093, 6.617012040810102, 5.325857020058268, 5.120897788277518, 5.678903363640383, 3.704971420463038, 4.524011998123603, 5.744828143467846, 5.203946579834426, 4.392423338516017, 4.83773234814244, 3.4771959953456957], 'dp-client-clipped': [1, 1, 1, 0, 1, 1, 1, 1, 1, 0, 0, 1, 1, 0, 0, 0], 'dp-num-clients-clipped': 10, 'dp-fraction-clipped': 0.625, 'dp-signal-update-norm': 1.4687645497828645, 'dp-parameter-count': 226596, 'dp-expected-noise-l2-norm': 5.950262599247196, 'dp-noise-to-signal-ratio': 4.051202488599589, 'dp-noise-percent-of-signal': 405.12024885995896, 'global-dp-noise-stdv': 0.0125}
[92mINFO [0m:      configure_evaluate: Sampled 16 nodes (out of 16)
[36m(ClientAppActor pid=8023)[0m /usr/lib/python3.12/multiprocessing/popen_fork.py:66: DeprecationWarning: This process (pid=8023) is multi-threaded, use of fork() may lead to deadlocks in the child.[32m [repeated 16x across cluster][0m
[36m(ClientAppActor pid=8023)[0m   self.pid = os.fork()[32m [repeated 16x across cluster][0m
[92mINFO [0m:      aggregate_evaluate: Received 16 results and 0 failures
[92mINFO [0m:      	└──> Aggregated MetricRecord: {'eval_loss': 0.6143298759699408, 'eval_acc': 0.7948186528497408, 'client-ids': [0, 1, 2, 3, 4, 5, 6, 7, 8, 9, 10, 11, 12, 13, 14, 15], 'per-client-eval_acc': [0.7647058823529411, 0.8081180811808119, 0.7923976608187134, 0.8384615384615385, 0.7883008356545961, 0.7931034482758621, 0.7966101694915254, 0.8302752293577982, 0.7750865051903114, 0.7321428571428571, 0.8306010928961749, 0.7901234567901234, 0.8102766798418972, 0.8121212121212121, 0.815, 0.7157894736842105], 'per-client-eval_loss': [0.6764509444143257, 0.5143336334791571, 0.5778615795380888, 0.47728334046327153, 0.6325646558345859, 0.6322644382952379, 0.5870360459311533, 0.5331106853047642, 0.6533881438618919, 0.8506503786359515, 0.5169426495911645, 0.6696773340672623, 0.6394799387030922, 0.5768336845166755, 0.5045182454586029, 0.9631449849982011], 'per-client-num-examples': [306, 271, 342, 130, 359, 377, 236, 218, 289, 112, 183, 324, 253, 165, 200, 95]}
[92mINFO [0m:      Global evaluation
[92mINFO [0m:      	└──> MetricRecord: {'loss': 0.6198809500336647, 'accuracy': 0.803, 'f1': 0.8033263872456718, 'precision': 0.8037559425958671, 'auc': 0.9531623333333334}
[92mINFO [0m:      
[92mINFO [0m:      [ROUND 14/20]
[92mINFO [0m:      configure_train: Sampled 16 nodes (out of 16)
[92mINFO [0m:      aggregate_train: Received 16 results and 0 failures
[92mINFO [0m:      aggregate_fit: parameters are clipped by value: 5.0000.
[92mINFO [0m:      aggregate_fit: parameters are clipped by value: 5.0000.
[92mINFO [0m:      aggregate_fit: parameters are clipped by value: 5.0000.
[92mINFO [0m:      aggregate_fit: parameters are clipped by value: 5.0000.
[92mINFO [0m:      aggregate_fit: parameters are clipped by value: 5.0000.
[92mINFO [0m:      aggregate_fit: parameters are clipped by value: 5.0000.
[92mINFO [0m:      aggregate_fit: parameters are clipped by value: 5.0000.
[92mINFO [0m:      aggregate_fit: parameters are clipped by value: 5.0000.
[92mINFO [0m:      aggregate_fit: parameters are clipped by value: 5.0000.
[92mINFO [0m:      aggregate_fit: parameters are clipped by value: 5.0000.
[92mINFO [0m:      aggregate_fit: parameters are clipped by value: 5.0000.
[92mINFO [0m:      aggregate_fit: parameters are clipped by value: 5.0000.
[92mINFO [0m:      aggregate_fit: parameters are clipped by value: 5.0000.
[92mINFO [0m:      aggregate_fit: parameters are clipped by value: 5.0000.
[92mINFO [0m:      aggregate_fit: parameters are clipped by value: 5.0000.
[92mINFO [0m:      aggregate_fit: parameters are clipped by value: 5.0000.
[92mINFO [0m:      aggregate_train: Received 16 results and 0 failures
[92mINFO [0m:      aggregate_fit: central DP noise with 0.0125 stdev added
[92mINFO [0m:      	└──> Aggregated MetricRecord: {'train_loss': 0.08327980439001964, 'train_loss_mean': 0.24130711838150692, 'client-ids': [0, 1, 2, 3, 4, 5, 6, 7, 8, 9, 10, 11, 12, 13, 14, 15], 'per-client-num-examples': [1223, 1082, 1364, 517, 1435, 1505, 940, 870, 1152, 447, 729, 1294, 1012, 659, 800, 376], 'per-client-train_loss': [0.07915495561461709, 0.08865544359352914, 0.08266705020038613, 0.08887253749964316, 0.06157344977666692, 0.06663301019160467, 0.0651097797332926, 0.06393361639702456, 0.11101872339430782, 0.08166778672661558, 0.07320661774347186, 0.11752211657198725, 0.10120433987865571, 0.10969440860049134, 0.07576469704508781, 0.05548731261428366], 'per-client-train_loss_mean': [0.2278770980831062, 0.2650071147126929, 0.22283086498592955, 0.32576782120611497, 0.2087542803170166, 0.23779120376115848, 0.2329365261438045, 0.22112414171983455, 0.21908538521577917, 0.257629153915833, 0.21684204271403035, 0.24517029440476684, 0.2663457619681542, 0.30066190543210014, 0.24515662139654157, 0.27682660857730723], 'dp-client-ids': [0, 1, 2, 3, 4, 5, 6, 7, 8, 9, 10, 11, 12, 13, 14, 15], 'dp-update-norms-before-clipping': [5.374832770900851, 5.149452664397845, 5.617833489556276, 3.8910812129466326, 5.489849489888907, 6.031777419783288, 4.917203715211677, 4.526571009110165, 5.393450045793267, 3.707243004294331, 4.295981541773995, 5.774053116593739, 5.0046232818159835, 4.433884063842133, 4.464291447727898, 3.3792528928599936], 'dp-client-clipped': [1, 1, 1, 0, 1, 1, 0, 0, 1, 0, 0, 1, 1, 0, 0, 0], 'dp-num-clients-clipped': 8, 'dp-fraction-clipped': 0.5, 'dp-signal-update-norm': 1.4064958475805038, 'dp-parameter-count': 226596, 'dp-expected-noise-l2-norm': 5.950262599247196, 'dp-noise-to-signal-ratio': 4.2305582412369125, 'dp-noise-percent-of-signal': 423.0558241236912, 'global-dp-noise-stdv': 0.0125}
[92mINFO [0m:      configure_evaluate: Sampled 16 nodes (out of 16)
[36m(ClientAppActor pid=8024)[0m /usr/lib/python3.12/multiprocessing/popen_fork.py:66: DeprecationWarning: This process (pid=8024) is multi-threaded, use of fork() may lead to deadlocks in the child.[32m [repeated 16x across cluster][0m
[36m(ClientAppActor pid=8024)[0m   self.pid = os.fork()[32m [repeated 16x across cluster][0m
[92mINFO [0m:      aggregate_evaluate: Received 16 results and 0 failures
[92mINFO [0m:      	└──> Aggregated MetricRecord: {'eval_loss': 0.6430050974098935, 'eval_acc': 0.7911917098445596, 'client-ids': [0, 1, 2, 3, 4, 5, 6, 7, 8, 9, 10, 11, 12, 13, 14, 15], 'per-client-eval_acc': [0.7810457516339869, 0.8302583025830258, 0.7865497076023392, 0.7923076923076923, 0.7994428969359332, 0.7798408488063661, 0.7838983050847458, 0.8119266055045872, 0.7993079584775087, 0.7142857142857143, 0.8087431693989071, 0.7716049382716049, 0.8142292490118577, 0.8121212121212121, 0.805, 0.6842105263157895], 'per-client-eval_loss': [0.6751949958551943, 0.538810202116456, 0.6167887553834078, 0.5095717393434964, 0.6760421446355936, 0.6759550362746343, 0.6778793739060224, 0.5415388466021337, 0.601216285486277, 0.8494895866939, 0.5702925848830593, 0.7505898240171833, 0.6530504641325577, 0.5306334553342877, 0.5620504103600978, 0.9998087029708059], 'per-client-num-examples': [306, 271, 342, 130, 359, 377, 236, 218, 289, 112, 183, 324, 253, 165, 200, 95]}
[92mINFO [0m:      Global evaluation
[92mINFO [0m:      	└──> MetricRecord: {'loss': 0.6250258608162403, 'accuracy': 0.8015, 'f1': 0.7992169858006144, 'precision': 0.7994399793712117, 'auc': 0.9524935833333334}
[92mINFO [0m:      
[92mINFO [0m:      [ROUND 15/20]
[92mINFO [0m:      configure_train: Sampled 16 nodes (out of 16)
[92mINFO [0m:      aggregate_train: Received 16 results and 0 failures
[92mINFO [0m:      aggregate_fit: parameters are clipped by value: 5.0000.
[92mINFO [0m:      aggregate_fit: parameters are clipped by value: 5.0000.
[92mINFO [0m:      aggregate_fit: parameters are clipped by value: 5.0000.
[92mINFO [0m:      aggregate_fit: parameters are clipped by value: 5.0000.
[92mINFO [0m:      aggregate_fit: parameters are clipped by value: 5.0000.
[92mINFO [0m:      aggregate_fit: parameters are clipped by value: 5.0000.
[92mINFO [0m:      aggregate_fit: parameters are clipped by value: 5.0000.
[92mINFO [0m:      aggregate_fit: parameters are clipped by value: 5.0000.
[92mINFO [0m:      aggregate_fit: parameters are clipped by value: 5.0000.
[92mINFO [0m:      aggregate_fit: parameters are clipped by value: 5.0000.
[92mINFO [0m:      aggregate_fit: parameters are clipped by value: 5.0000.
[92mINFO [0m:      aggregate_fit: parameters are clipped by value: 5.0000.
[92mINFO [0m:      aggregate_fit: parameters are clipped by value: 5.0000.
[92mINFO [0m:      aggregate_fit: parameters are clipped by value: 5.0000.
[92mINFO [0m:      aggregate_fit: parameters are clipped by value: 5.0000.
[92mINFO [0m:      aggregate_fit: parameters are clipped by value: 5.0000.
[92mINFO [0m:      aggregate_train: Received 16 results and 0 failures
[92mINFO [0m:      aggregate_fit: central DP noise with 0.0125 stdev added
[92mINFO [0m:      	└──> Aggregated MetricRecord: {'train_loss': 0.07639618978189672, 'train_loss_mean': 0.22161112766557833, 'client-ids': [0, 1, 2, 3, 4, 5, 6, 7, 8, 9, 10, 11, 12, 13, 14, 15], 'per-client-num-examples': [1223, 1082, 1364, 517, 1435, 1505, 940, 870, 1152, 447, 729, 1294, 1012, 659, 800, 376], 'per-client-train_loss': [0.061871180842376985, 0.073291199147536, 0.07806423996900183, 0.07068190328791248, 0.05582424897298165, 0.08947556413883387, 0.06747595875504168, 0.14549944138732449, 0.07769639306287798, 0.05741040394443527, 0.06145158068715136, 0.100303707572371, 0.0801829606765815, 0.08036413567200054, 0.04287890676409006, 0.042401664276072316], 'per-client-train_loss_mean': [0.21813410459023858, 0.22897012244338472, 0.19966787012441417, 0.2693459390729262, 0.1859779615471795, 0.21188580581748181, 0.21373642467754955, 0.21940011566397785, 0.21637393087666065, 0.24876544006685547, 0.26938513504297806, 0.22973733584654205, 0.21733563796804828, 0.25627859095747446, 0.21906210715323687, 0.24477745383343796], 'dp-client-ids': [0, 1, 2, 3, 4, 5, 6, 7, 8, 9, 10, 11, 12, 13, 14, 15], 'dp-update-norms-before-clipping': [5.576871218714347, 5.050694632512825, 5.589119980581737, 4.075872064205471, 5.579488644131193, 6.07510760789489, 4.624129313682791, 4.9204592897232455, 5.116003463459093, 3.603584155154145, 3.9179151527482716, 5.570183578551443, 5.0774947407714075, 4.196831602368589, 4.4445339655728695, 3.4161224399130816], 'dp-client-clipped': [1, 1, 1, 0, 1, 1, 0, 0, 1, 0, 0, 1, 1, 0, 0, 0], 'dp-num-clients-clipped': 8, 'dp-fraction-clipped': 0.5, 'dp-signal-update-norm': 1.3746248529574552, 'dp-parameter-count': 226596, 'dp-expected-noise-l2-norm': 5.950262599247196, 'dp-noise-to-signal-ratio': 4.328644710915436, 'dp-noise-percent-of-signal': 432.8644710915435, 'global-dp-noise-stdv': 0.0125}
[92mINFO [0m:      configure_evaluate: Sampled 16 nodes (out of 16)
[36m(ClientAppActor pid=8017)[0m /usr/lib/python3.12/multiprocessing/popen_fork.py:66: DeprecationWarning: This process (pid=8017) is multi-threaded, use of fork() may lead to deadlocks in the child.[32m [repeated 16x across cluster][0m
[36m(ClientAppActor pid=8017)[0m   self.pid = os.fork()[32m [repeated 16x across cluster][0m
[92mINFO [0m:      aggregate_evaluate: Received 16 results and 0 failures
[92mINFO [0m:      	└──> Aggregated MetricRecord: {'eval_loss': 0.6556918842911025, 'eval_acc': 0.7976683937823834, 'client-ids': [0, 1, 2, 3, 4, 5, 6, 7, 8, 9, 10, 11, 12, 13, 14, 15], 'per-client-eval_acc': [0.7941176470588235, 0.8081180811808119, 0.8128654970760234, 0.7769230769230769, 0.7855153203342619, 0.7877984084880637, 0.8008474576271186, 0.8119266055045872, 0.7681660899653979, 0.7410714285714286, 0.7978142076502732, 0.7901234567901234, 0.83399209486166, 0.8424242424242424, 0.83, 0.7368421052631579], 'per-client-eval_loss': [0.7036857604980469, 0.5624164180122179, 0.5832899746141935, 0.6324699530234703, 0.6845884719100835, 0.6988806686603738, 0.6695397647760682, 0.6164633779350771, 0.7129291304641735, 0.8945054837635585, 0.5771600561715214, 0.7085354857974582, 0.5884146445353512, 0.5658336755001183, 0.5272078335285186, 0.9557483472322162], 'per-client-num-examples': [306, 271, 342, 130, 359, 377, 236, 218, 289, 112, 183, 324, 253, 165, 200, 95]}
[92mINFO [0m:      Global evaluation
[92mINFO [0m:      	└──> MetricRecord: {'loss': 0.645783630117774, 'accuracy': 0.8065, 'f1': 0.8062988077226801, 'precision': 0.8075021974464657, 'auc': 0.9536295000000001}
[92mINFO [0m:      
[92mINFO [0m:      [ROUND 16/20]
[92mINFO [0m:      configure_train: Sampled 16 nodes (out of 16)
[92mINFO [0m:      aggregate_train: Received 16 results and 0 failures
[92mINFO [0m:      aggregate_fit: parameters are clipped by value: 5.0000.
[92mINFO [0m:      aggregate_fit: parameters are clipped by value: 5.0000.
[92mINFO [0m:      aggregate_fit: parameters are clipped by value: 5.0000.
[92mINFO [0m:      aggregate_fit: parameters are clipped by value: 5.0000.
[92mINFO [0m:      aggregate_fit: parameters are clipped by value: 5.0000.
[92mINFO [0m:      aggregate_fit: parameters are clipped by value: 5.0000.
[92mINFO [0m:      aggregate_fit: parameters are clipped by value: 5.0000.
[92mINFO [0m:      aggregate_fit: parameters are clipped by value: 5.0000.
[92mINFO [0m:      aggregate_fit: parameters are clipped by value: 5.0000.
[92mINFO [0m:      aggregate_fit: parameters are clipped by value: 5.0000.
[92mINFO [0m:      aggregate_fit: parameters are clipped by value: 5.0000.
[92mINFO [0m:      aggregate_fit: parameters are clipped by value: 5.0000.
[92mINFO [0m:      aggregate_fit: parameters are clipped by value: 5.0000.
[92mINFO [0m:      aggregate_fit: parameters are clipped by value: 5.0000.
[92mINFO [0m:      aggregate_fit: parameters are clipped by value: 5.0000.
[92mINFO [0m:      aggregate_fit: parameters are clipped by value: 5.0000.
[92mINFO [0m:      aggregate_train: Received 16 results and 0 failures
[92mINFO [0m:      aggregate_fit: central DP noise with 0.0125 stdev added
[92mINFO [0m:      	└──> Aggregated MetricRecord: {'train_loss': 0.0655812488393045, 'train_loss_mean': 0.1984533716850173, 'client-ids': [0, 1, 2, 3, 4, 5, 6, 7, 8, 9, 10, 11, 12, 13, 14, 15], 'per-client-num-examples': [1223, 1082, 1364, 517, 1435, 1505, 940, 870, 1152, 447, 729, 1294, 1012, 659, 800, 376], 'per-client-train_loss': [0.057368607507776455, 0.06491320253850792, 0.09012737687775467, 0.04421698430290075, 0.08937631574449639, 0.06794527628493072, 0.07026103984643804, 0.05923942262413858, 0.05002628856649002, 0.029322333858917225, 0.03581919571172717, 0.07040364441492089, 0.08050281737780147, 0.0639649880555358, 0.0593826812505722, 0.044976579065018514], 'per-client-train_loss_mean': [0.19577132219468485, 0.1952310198735508, 0.19603142817217933, 0.2532581922917031, 0.17599258037134743, 0.17488059023993827, 0.19869778685588785, 0.19001177172765307, 0.17446344504650269, 0.2281028109833898, 0.1772173302082041, 0.19326850217543945, 0.21899724225311176, 0.2670464659225597, 0.22372638005018236, 0.21685928096796606], 'dp-client-ids': [0, 1, 2, 3, 4, 5, 6, 7, 8, 9, 10, 11, 12, 13, 14, 15], 'dp-update-norms-before-clipping': [5.272126596345997, 4.700007594583361, 5.436301829255538, 3.7678079952745063, 5.448813695265027, 5.882870595171332, 4.694691601810486, 4.6224765665232415, 5.123368653630692, 3.573867057936596, 4.243190205206793, 5.3011140533065335, 4.905037858646382, 3.964792068275146, 4.537452786445873, 3.317603051559687], 'dp-client-clipped': [1, 0, 1, 0, 1, 1, 0, 0, 1, 0, 0, 1, 0, 0, 0, 0], 'dp-num-clients-clipped': 6, 'dp-fraction-clipped': 0.375, 'dp-signal-update-norm': 1.340389535180245, 'dp-parameter-count': 226596, 'dp-expected-noise-l2-norm': 5.950262599247196, 'dp-noise-to-signal-ratio': 4.439204009785895, 'dp-noise-percent-of-signal': 443.92040097858956, 'global-dp-noise-stdv': 0.0125}
[92mINFO [0m:      configure_evaluate: Sampled 16 nodes (out of 16)
[36m(ClientAppActor pid=8020)[0m /usr/lib/python3.12/multiprocessing/popen_fork.py:66: DeprecationWarning: This process (pid=8020) is multi-threaded, use of fork() may lead to deadlocks in the child.[32m [repeated 16x across cluster][0m
[36m(ClientAppActor pid=8020)[0m   self.pid = os.fork()[32m [repeated 16x across cluster][0m
[92mINFO [0m:      aggregate_evaluate: Received 16 results and 0 failures
[92mINFO [0m:      	└──> Aggregated MetricRecord: {'eval_loss': 0.7043376604201264, 'eval_acc': 0.7950777202072539, 'client-ids': [0, 1, 2, 3, 4, 5, 6, 7, 8, 9, 10, 11, 12, 13, 14, 15], 'per-client-eval_acc': [0.8006535947712419, 0.8118081180811808, 0.8011695906432749, 0.7923076923076923, 0.7994428969359332, 0.7957559681697612, 0.8008474576271186, 0.7981651376146789, 0.7370242214532872, 0.7053571428571429, 0.8087431693989071, 0.7808641975308642, 0.8379446640316206, 0.8303030303030303, 0.825, 0.7368421052631579], 'per-client-eval_loss': [0.7576773525063508, 0.5770137477185013, 0.6669366540964584, 0.6333450537461501, 0.6851783068565273, 0.7681495276939332, 0.7089354466583769, 0.630646005682989, 0.851527698209129, 1.0131228140422277, 0.6060318998951729, 0.7165930153411112, 0.638915940235726, 0.6391407533125444, 0.560675379037857, 1.0300519441303453], 'per-client-num-examples': [306, 271, 342, 130, 359, 377, 236, 218, 289, 112, 183, 324, 253, 165, 200, 95]}
[92mINFO [0m:      Global evaluation
[92mINFO [0m:      	└──> MetricRecord: {'loss': 0.7162829052358866, 'accuracy': 0.7915, 'f1': 0.7928918931457734, 'precision': 0.7984799553454963, 'auc': 0.9497573750000001}
[92mINFO [0m:      
[92mINFO [0m:      [ROUND 17/20]
[92mINFO [0m:      configure_train: Sampled 16 nodes (out of 16)
[92mINFO [0m:      aggregate_train: Received 16 results and 0 failures
[92mINFO [0m:      aggregate_fit: parameters are clipped by value: 5.0000.
[92mINFO [0m:      aggregate_fit: parameters are clipped by value: 5.0000.
[92mINFO [0m:      aggregate_fit: parameters are clipped by value: 5.0000.
[92mINFO [0m:      aggregate_fit: parameters are clipped by value: 5.0000.
[92mINFO [0m:      aggregate_fit: parameters are clipped by value: 5.0000.
[92mINFO [0m:      aggregate_fit: parameters are clipped by value: 5.0000.
[92mINFO [0m:      aggregate_fit: parameters are clipped by value: 5.0000.
[92mINFO [0m:      aggregate_fit: parameters are clipped by value: 5.0000.
[92mINFO [0m:      aggregate_fit: parameters are clipped by value: 5.0000.
[92mINFO [0m:      aggregate_fit: parameters are clipped by value: 5.0000.
[92mINFO [0m:      aggregate_fit: parameters are clipped by value: 5.0000.
[92mINFO [0m:      aggregate_fit: parameters are clipped by value: 5.0000.
[92mINFO [0m:      aggregate_fit: parameters are clipped by value: 5.0000.
[92mINFO [0m:      aggregate_fit: parameters are clipped by value: 5.0000.
[92mINFO [0m:      aggregate_fit: parameters are clipped by value: 5.0000.
[92mINFO [0m:      aggregate_fit: parameters are clipped by value: 5.0000.
[92mINFO [0m:      aggregate_train: Received 16 results and 0 failures
[92mINFO [0m:      aggregate_fit: central DP noise with 0.0125 stdev added
[92mINFO [0m:      	└──> Aggregated MetricRecord: {'train_loss': 0.049888048422997724, 'train_loss_mean': 0.18552941808834492, 'client-ids': [0, 1, 2, 3, 4, 5, 6, 7, 8, 9, 10, 11, 12, 13, 14, 15], 'per-client-num-examples': [1223, 1082, 1364, 517, 1435, 1505, 940, 870, 1152, 447, 729, 1294, 1012, 659, 800, 376], 'per-client-train_loss': [0.052026364893689815, 0.04235426228417707, 0.06254249567553795, 0.03136576822377035, 0.04896259733089586, 0.0481124593966031, 0.05359907919105063, 0.050474283034945354, 0.05631633695318467, 0.025484556465574293, 0.03566344979184645, 0.0480961084302509, 0.04729734814685324, 0.062193864119862385, 0.06511276226490736, 0.04025400445816365], 'per-client-train_loss_mean': [0.18540950974926218, 0.1961126916895512, 0.18740218079203735, 0.2355625893685127, 0.1550732528618196, 0.15610428940387217, 0.17509494339769824, 0.16927158475286147, 0.16717633193669218, 0.22310228413366767, 0.1925662472404652, 0.17464652355743063, 0.1983223321674605, 0.24914679013034374, 0.21198702780902384, 0.21074224031986075], 'dp-client-ids': [0, 1, 2, 3, 4, 5, 6, 7, 8, 9, 10, 11, 12, 13, 14, 15], 'dp-update-norms-before-clipping': [5.4037404863558285, 4.706794636773852, 5.273679913812104, 3.6770036093328367, 5.160967957977412, 5.334252444415197, 4.47025086064961, 4.291965412705103, 5.093439347739216, 3.4335021941453863, 3.9426823026305686, 5.226079597492841, 4.739637731462401, 4.054385438691856, 4.183517287039115, 3.3853121560981894], 'dp-client-clipped': [1, 0, 1, 0, 1, 1, 0, 0, 1, 0, 0, 1, 0, 0, 0, 0], 'dp-num-clients-clipped': 6, 'dp-fraction-clipped': 0.375, 'dp-signal-update-norm': 1.3041730345246934, 'dp-parameter-count': 226596, 'dp-expected-noise-l2-norm': 5.950262599247196, 'dp-noise-to-signal-ratio': 4.562479396313981, 'dp-noise-percent-of-signal': 456.24793963139814, 'global-dp-noise-stdv': 0.0125}
[92mINFO [0m:      configure_evaluate: Sampled 16 nodes (out of 16)
[36m(ClientAppActor pid=8020)[0m /usr/lib/python3.12/multiprocessing/popen_fork.py:66: DeprecationWarning: This process (pid=8020) is multi-threaded, use of fork() may lead to deadlocks in the child.[32m [repeated 16x across cluster][0m
[36m(ClientAppActor pid=8020)[0m   self.pid = os.fork()[32m [repeated 16x across cluster][0m
[92mINFO [0m:      aggregate_evaluate: Received 16 results and 0 failures
[92mINFO [0m:      	└──> Aggregated MetricRecord: {'eval_loss': 0.7914395722044254, 'eval_acc': 0.7875647668393783, 'client-ids': [0, 1, 2, 3, 4, 5, 6, 7, 8, 9, 10, 11, 12, 13, 14, 15], 'per-client-eval_acc': [0.7875816993464052, 0.7933579335793358, 0.7982456140350878, 0.7923076923076923, 0.7743732590529248, 0.7771883289124668, 0.7966101694915254, 0.7798165137614679, 0.7647058823529411, 0.7232142857142857, 0.8032786885245902, 0.7777777777777778, 0.8379446640316206, 0.8121212121212121, 0.82, 0.7157894736842105], 'per-client-eval_loss': [0.8419334779377856, 0.5931947679977135, 0.7227323208636011, 0.7773012252954337, 0.7809462035930921, 0.869931307016064, 0.8088443451008555, 0.7685599239594346, 0.9371368100795778, 1.1829774209431239, 0.7373570040926907, 0.7716305609102603, 0.7200205957465492, 0.6591451500401352, 0.6782143878936767, 1.123693787424188], 'per-client-num-examples': [306, 271, 342, 130, 359, 377, 236, 218, 289, 112, 183, 324, 253, 165, 200, 95]}
[92mINFO [0m:      Global evaluation
[92mINFO [0m:      	└──> MetricRecord: {'loss': 0.7758134452700615, 'accuracy': 0.8005, 'f1': 0.8018873531305908, 'precision': 0.8065197438215965, 'auc': 0.9491687083333331}
[92mINFO [0m:      
[92mINFO [0m:      [ROUND 18/20]
[92mINFO [0m:      configure_train: Sampled 16 nodes (out of 16)
[92mINFO [0m:      aggregate_train: Received 16 results and 0 failures
[92mINFO [0m:      aggregate_fit: parameters are clipped by value: 5.0000.
[92mINFO [0m:      aggregate_fit: parameters are clipped by value: 5.0000.
[92mINFO [0m:      aggregate_fit: parameters are clipped by value: 5.0000.
[92mINFO [0m:      aggregate_fit: parameters are clipped by value: 5.0000.
[92mINFO [0m:      aggregate_fit: parameters are clipped by value: 5.0000.
[92mINFO [0m:      aggregate_fit: parameters are clipped by value: 5.0000.
[92mINFO [0m:      aggregate_fit: parameters are clipped by value: 5.0000.
[92mINFO [0m:      aggregate_fit: parameters are clipped by value: 5.0000.
[92mINFO [0m:      aggregate_fit: parameters are clipped by value: 5.0000.
[92mINFO [0m:      aggregate_fit: parameters are clipped by value: 5.0000.
[92mINFO [0m:      aggregate_fit: parameters are clipped by value: 5.0000.
[92mINFO [0m:      aggregate_fit: parameters are clipped by value: 5.0000.
[92mINFO [0m:      aggregate_fit: parameters are clipped by value: 5.0000.
[92mINFO [0m:      aggregate_fit: parameters are clipped by value: 5.0000.
[92mINFO [0m:      aggregate_fit: parameters are clipped by value: 5.0000.
[92mINFO [0m:      aggregate_fit: parameters are clipped by value: 5.0000.
[92mINFO [0m:      aggregate_train: Received 16 results and 0 failures
[92mINFO [0m:      aggregate_fit: central DP noise with 0.0125 stdev added
[92mINFO [0m:      	└──> Aggregated MetricRecord: {'train_loss': 0.05704866896742572, 'train_loss_mean': 0.17815187704198016, 'client-ids': [0, 1, 2, 3, 4, 5, 6, 7, 8, 9, 10, 11, 12, 13, 14, 15], 'per-client-num-examples': [1223, 1082, 1364, 517, 1435, 1505, 940, 870, 1152, 447, 729, 1294, 1012, 659, 800, 376], 'per-client-train_loss': [0.06709650235489706, 0.044748889926180604, 0.04021566480335362, 0.07585716713039742, 0.042467847175714446, 0.04926581927312173, 0.04984390602466908, 0.060046524665821555, 0.12183620621605466, 0.01919671857023249, 0.037274432832321513, 0.0740487719130295, 0.053580681973766434, 0.03580019754896079, 0.06046049557626247, 0.0584897425104963], 'per-client-train_loss_mean': [0.15334520168504992, 0.16124895715779605, 0.15380576000374105, 0.32536994935350216, 0.14071749570010433, 0.16043796374632383, 0.16719743084717303, 0.16817725437725412, 0.1736976994900033, 0.2306647596838082, 0.19083920253238887, 0.1641931052508273, 0.18457354137548815, 0.23415390742188022, 0.20950695833563807, 0.2501204367806303], 'dp-client-ids': [0, 1, 2, 3, 4, 5, 6, 7, 8, 9, 10, 11, 12, 13, 14, 15], 'dp-update-norms-before-clipping': [4.872934748080287, 4.758558633920592, 4.90661332262255, 3.592026541063672, 4.865974075061171, 5.506161408396067, 4.490000938111921, 4.325213060200439, 5.156513020217737, 3.300683035856725, 4.076780764264523, 5.091759387664036, 4.5516886463848065, 3.895926937427478, 4.295060054694909, 3.3629823348125436], 'dp-client-clipped': [0, 0, 0, 0, 0, 1, 0, 0, 1, 0, 0, 1, 0, 0, 0, 0], 'dp-num-clients-clipped': 3, 'dp-fraction-clipped': 0.1875, 'dp-signal-update-norm': 1.2816932421471812, 'dp-parameter-count': 226596, 'dp-expected-noise-l2-norm': 5.950262599247196, 'dp-noise-to-signal-ratio': 4.6425013439868845, 'dp-noise-percent-of-signal': 464.2501343986885, 'global-dp-noise-stdv': 0.0125}
[92mINFO [0m:      configure_evaluate: Sampled 16 nodes (out of 16)
[36m(ClientAppActor pid=8017)[0m /usr/lib/python3.12/multiprocessing/popen_fork.py:66: DeprecationWarning: This process (pid=8017) is multi-threaded, use of fork() may lead to deadlocks in the child.[32m [repeated 16x across cluster][0m
[36m(ClientAppActor pid=8017)[0m   self.pid = os.fork()[32m [repeated 16x across cluster][0m
[92mINFO [0m:      aggregate_evaluate: Received 16 results and 0 failures
[92mINFO [0m:      	└──> Aggregated MetricRecord: {'eval_loss': 0.7157427995306455, 'eval_acc': 0.7974093264248703, 'client-ids': [0, 1, 2, 3, 4, 5, 6, 7, 8, 9, 10, 11, 12, 13, 14, 15], 'per-client-eval_acc': [0.8006535947712419, 0.8044280442804428, 0.7894736842105263, 0.8384615384615385, 0.7938718662952646, 0.7957559681697612, 0.809322033898305, 0.8256880733944955, 0.7750865051903114, 0.7142857142857143, 0.8142076502732241, 0.7746913580246914, 0.8181818181818182, 0.8121212121212121, 0.825, 0.7368421052631579], 'per-client-eval_loss': [0.7041233411801406, 0.577295500413958, 0.7016785298174585, 0.5586339441629556, 0.6970013373409473, 0.7267725916693002, 0.7471988686060501, 0.6274104249586753, 0.8609220509169218, 1.0318357263292586, 0.6181421514417305, 0.7658419873979356, 0.7265463930816047, 0.6201363621336041, 0.6157362180948257, 1.1159988202546771], 'per-client-num-examples': [306, 271, 342, 130, 359, 377, 236, 218, 289, 112, 183, 324, 253, 165, 200, 95]}
[92mINFO [0m:      Global evaluation
[92mINFO [0m:      	└──> MetricRecord: {'loss': 0.7281315610408783, 'accuracy': 0.8065, 'f1': 0.8062972420021568, 'precision': 0.8086068984825521, 'auc': 0.9508360833333334}
[92mINFO [0m:      
[92mINFO [0m:      [ROUND 19/20]
[92mINFO [0m:      configure_train: Sampled 16 nodes (out of 16)
[92mINFO [0m:      aggregate_train: Received 16 results and 0 failures
[92mINFO [0m:      aggregate_fit: parameters are clipped by value: 5.0000.
[92mINFO [0m:      aggregate_fit: parameters are clipped by value: 5.0000.
[92mINFO [0m:      aggregate_fit: parameters are clipped by value: 5.0000.
[92mINFO [0m:      aggregate_fit: parameters are clipped by value: 5.0000.
[92mINFO [0m:      aggregate_fit: parameters are clipped by value: 5.0000.
[92mINFO [0m:      aggregate_fit: parameters are clipped by value: 5.0000.
[92mINFO [0m:      aggregate_fit: parameters are clipped by value: 5.0000.
[92mINFO [0m:      aggregate_fit: parameters are clipped by value: 5.0000.
[92mINFO [0m:      aggregate_fit: parameters are clipped by value: 5.0000.
[92mINFO [0m:      aggregate_fit: parameters are clipped by value: 5.0000.
[92mINFO [0m:      aggregate_fit: parameters are clipped by value: 5.0000.
[92mINFO [0m:      aggregate_fit: parameters are clipped by value: 5.0000.
[92mINFO [0m:      aggregate_fit: parameters are clipped by value: 5.0000.
[92mINFO [0m:      aggregate_fit: parameters are clipped by value: 5.0000.
[92mINFO [0m:      aggregate_fit: parameters are clipped by value: 5.0000.
[92mINFO [0m:      aggregate_fit: parameters are clipped by value: 5.0000.
[92mINFO [0m:      aggregate_train: Received 16 results and 0 failures
[92mINFO [0m:      aggregate_fit: central DP noise with 0.0125 stdev added
[92mINFO [0m:      	└──> Aggregated MetricRecord: {'train_loss': 0.05735528988389091, 'train_loss_mean': 0.16585994314152697, 'client-ids': [0, 1, 2, 3, 4, 5, 6, 7, 8, 9, 10, 11, 12, 13, 14, 15], 'per-client-num-examples': [1223, 1082, 1364, 517, 1435, 1505, 940, 870, 1152, 447, 729, 1294, 1012, 659, 800, 376], 'per-client-train_loss': [0.1345573934076852, 0.05450771645730613, 0.03907517889989786, 0.037675359398054546, 0.07426506451522535, 0.054741343499418116, 0.09436162626172634, 0.03379317033258481, 0.01977423071447346, 0.028606612702010727, 0.03310415567766328, 0.06891110887206872, 0.05554177818208815, 0.03577813077067931, 0.04706439554691315, 0.03690388271624737], 'per-client-train_loss_mean': [0.17032166371093066, 0.15043335986115355, 0.14209553964239413, 0.2467723707508159, 0.12558977272218735, 0.14480340043455284, 0.1448286923956364, 0.16953657291357233, 0.14374016446268392, 0.24624631231779887, 0.17113316173758486, 0.14974722326020645, 0.1701198561742843, 0.23291567398096708, 0.21484119218587877, 0.23696500328864825], 'dp-client-ids': [0, 1, 2, 3, 4, 5, 6, 7, 8, 9, 10, 11, 12, 13, 14, 15], 'dp-update-norms-before-clipping': [5.47567518221424, 4.581899833476783, 4.804603209080545, 3.497931779914821, 5.459894403390447, 5.456492547840792, 4.654507434642824, 4.172698430561117, 4.333794867756228, 3.422073379053655, 3.8425887601400106, 4.991116403910274, 4.60308351682267, 3.8937307674406463, 3.9897540058947403, 3.377628834774346], 'dp-client-clipped': [1, 0, 0, 0, 1, 1, 0, 0, 0, 0, 0, 0, 0, 0, 0, 0], 'dp-num-clients-clipped': 3, 'dp-fraction-clipped': 0.1875, 'dp-signal-update-norm': 1.2536724038630034, 'dp-parameter-count': 226596, 'dp-expected-noise-l2-norm': 5.950262599247196, 'dp-noise-to-signal-ratio': 4.746265915172381, 'dp-noise-percent-of-signal': 474.62659151723807, 'global-dp-noise-stdv': 0.0125}
[92mINFO [0m:      configure_evaluate: Sampled 16 nodes (out of 16)
[36m(ClientAppActor pid=8020)[0m /usr/lib/python3.12/multiprocessing/popen_fork.py:66: DeprecationWarning: This process (pid=8020) is multi-threaded, use of fork() may lead to deadlocks in the child.[32m [repeated 16x across cluster][0m
[36m(ClientAppActor pid=8020)[0m   self.pid = os.fork()[32m [repeated 16x across cluster][0m
[92mINFO [0m:      aggregate_evaluate: Received 16 results and 0 failures
[92mINFO [0m:      	└──> Aggregated MetricRecord: {'eval_loss': 0.7376577961750791, 'eval_acc': 0.8041450777202073, 'client-ids': [0, 1, 2, 3, 4, 5, 6, 7, 8, 9, 10, 11, 12, 13, 14, 15], 'per-client-eval_acc': [0.7875816993464052, 0.8339483394833949, 0.804093567251462, 0.8076923076923077, 0.8189415041782729, 0.8010610079575596, 0.826271186440678, 0.8302752293577982, 0.7681660899653979, 0.75, 0.8087431693989071, 0.7993827160493827, 0.8142292490118577, 0.8181818181818182, 0.81, 0.7263157894736842], 'per-client-eval_loss': [0.8315398210014393, 0.5831286951184713, 0.6738305314939622, 0.6244694920686575, 0.7292559151861993, 0.7715285855199677, 0.7649018218961813, 0.680945392048687, 0.7870648814281481, 0.9301349946430751, 0.6557427755470484, 0.7532118132084976, 0.7905343172578473, 0.6908829212188721, 0.6075870835781098, 1.162317617315995], 'per-client-num-examples': [306, 271, 342, 130, 359, 377, 236, 218, 289, 112, 183, 324, 253, 165, 200, 95]}
[92mINFO [0m:      Global evaluation
[92mINFO [0m:      	└──> MetricRecord: {'loss': 0.7488092505931854, 'accuracy': 0.797, 'f1': 0.7953659691301437, 'precision': 0.7962132100619629, 'auc': 0.9494692916666667}
[92mINFO [0m:      
[92mINFO [0m:      [ROUND 20/20]
[92mINFO [0m:      configure_train: Sampled 16 nodes (out of 16)
[92mINFO [0m:      aggregate_train: Received 16 results and 0 failures
[92mINFO [0m:      aggregate_fit: parameters are clipped by value: 5.0000.
[92mINFO [0m:      aggregate_fit: parameters are clipped by value: 5.0000.
[92mINFO [0m:      aggregate_fit: parameters are clipped by value: 5.0000.
[92mINFO [0m:      aggregate_fit: parameters are clipped by value: 5.0000.
[92mINFO [0m:      aggregate_fit: parameters are clipped by value: 5.0000.
[92mINFO [0m:      aggregate_fit: parameters are clipped by value: 5.0000.
[92mINFO [0m:      aggregate_fit: parameters are clipped by value: 5.0000.
[92mINFO [0m:      aggregate_fit: parameters are clipped by value: 5.0000.
[92mINFO [0m:      aggregate_fit: parameters are clipped by value: 5.0000.
[92mINFO [0m:      aggregate_fit: parameters are clipped by value: 5.0000.
[92mINFO [0m:      aggregate_fit: parameters are clipped by value: 5.0000.
[92mINFO [0m:      aggregate_fit: parameters are clipped by value: 5.0000.
[92mINFO [0m:      aggregate_fit: parameters are clipped by value: 5.0000.
[92mINFO [0m:      aggregate_fit: parameters are clipped by value: 5.0000.
[92mINFO [0m:      aggregate_fit: parameters are clipped by value: 5.0000.
[92mINFO [0m:      aggregate_fit: parameters are clipped by value: 5.0000.
[92mINFO [0m:      aggregate_train: Received 16 results and 0 failures
[92mINFO [0m:      aggregate_fit: central DP noise with 0.0125 stdev added
[92mINFO [0m:      	└──> Aggregated MetricRecord: {'train_loss': 0.04406402368411055, 'train_loss_mean': 0.15592852549044023, 'client-ids': [0, 1, 2, 3, 4, 5, 6, 7, 8, 9, 10, 11, 12, 13, 14, 15], 'per-client-num-examples': [1223, 1082, 1364, 517, 1435, 1505, 940, 870, 1152, 447, 729, 1294, 1012, 659, 800, 376], 'per-client-train_loss': [0.0514060628942335, 0.035123815195369855, 0.0408871207615672, 0.03774052414488285, 0.020615481588833733, 0.14846823127364794, 0.034924943210121163, 0.013497233083578704, 0.04760148557316926, 0.019788024559517035, 0.030493585192259857, 0.023684341040147695, 0.02375233407489396, 0.03681887686252594, 0.03506023963913321, 0.032292983316360636], 'per-client-train_loss_mean': [0.1589598021936814, 0.14207631112343172, 0.13215426641442646, 0.2469391934177343, 0.13429705151924637, 0.14415408120319662, 0.14644635399209058, 0.1375251395347523, 0.14081648226258242, 0.22135192139170048, 0.16637020536681793, 0.13420757019814605, 0.14610804533180982, 0.2118220260426153, 0.18439144093170762, 0.23395042294200433], 'dp-client-ids': [0, 1, 2, 3, 4, 5, 6, 7, 8, 9, 10, 11, 12, 13, 14, 15], 'dp-update-norms-before-clipping': [5.067040847310474, 4.489712013243867, 5.024538996977927, 3.5078927158682536, 5.00933347926182, 5.7436659241455965, 4.136774157584361, 3.9604559110831494, 4.6856996430488245, 3.324968447447246, 4.036956199304859, 4.739757161892683, 4.309388223575452, 4.027314825505795, 3.8718126648044495, 3.3893870214673774], 'dp-client-clipped': [1, 0, 1, 0, 1, 1, 0, 0, 0, 0, 0, 0, 0, 0, 0, 0], 'dp-num-clients-clipped': 4, 'dp-fraction-clipped': 0.25, 'dp-signal-update-norm': 1.2487498628705949, 'dp-parameter-count': 226596, 'dp-expected-noise-l2-norm': 5.950262599247196, 'dp-noise-to-signal-ratio': 4.76497557771008, 'dp-noise-percent-of-signal': 476.497557771008, 'global-dp-noise-stdv': 0.0125}
[92mINFO [0m:      configure_evaluate: Sampled 16 nodes (out of 16)
[36m(ClientAppActor pid=8024)[0m /usr/lib/python3.12/multiprocessing/popen_fork.py:66: DeprecationWarning: This process (pid=8024) is multi-threaded, use of fork() may lead to deadlocks in the child.[32m [repeated 16x across cluster][0m
[36m(ClientAppActor pid=8024)[0m   self.pid = os.fork()[32m [repeated 16x across cluster][0m
[92mINFO [0m:      aggregate_evaluate: Received 16 results and 0 failures
[92mINFO [0m:      	└──> Aggregated MetricRecord: {'eval_loss': 0.7300651942070941, 'eval_acc': 0.8064766839378239, 'client-ids': [0, 1, 2, 3, 4, 5, 6, 7, 8, 9, 10, 11, 12, 13, 14, 15], 'per-client-eval_acc': [0.8006535947712419, 0.8228782287822878, 0.8216374269005848, 0.8307692307692308, 0.8105849582172702, 0.7904509283819628, 0.809322033898305, 0.8348623853211009, 0.7923875432525952, 0.7321428571428571, 0.8087431693989071, 0.7932098765432098, 0.8260869565217391, 0.8242424242424242, 0.815, 0.7368421052631579], 'per-client-eval_loss': [0.7906352554271424, 0.5890846868282754, 0.6506956752977873, 0.6718434269611652, 0.6823124065372606, 0.7735382808614473, 0.7550310159133653, 0.7037795027461621, 0.8148729510695567, 1.154584424836295, 0.665470571465831, 0.7135005644810053, 0.6895593221008542, 0.6786088249900124, 0.6421584099531173, 1.1135234230443052], 'per-client-num-examples': [306, 271, 342, 130, 359, 377, 236, 218, 289, 112, 183, 324, 253, 165, 200, 95]}
[92mINFO [0m:      Global evaluation
[92mINFO [0m:      	└──> MetricRecord: {'loss': 0.7175852680802345, 'accuracy': 0.812, 'f1': 0.8117613920747616, 'precision': 0.8121001863314189, 'auc': 0.9539666250000001}
[92mINFO [0m:      
[92mINFO [0m:      Strategy execution finished in 300.06s
[92mINFO [0m:      
[92mINFO [0m:      Final results:
[92mINFO [0m:      
[92mINFO [0m:      	Global Arrays:
[92mINFO [0m:      		ArrayRecord (0.866 MB)
[92mINFO [0m:      	
[92mINFO [0m:      	Aggregated ClientApp-side Train Metrics:
[92mINFO [0m:      	{ 1: { 'client-ids': "['0', '1', '2', '3', '4', '5', '6', '7', '8', '9', '10', "
[92mINFO [0m:      	                     "'11', '12', '13', '14', '15']",
[92mINFO [0m:      	       'dp-client-clipped': "['1', '1', '1', '0', '1', '1', '0', '1', '1', "
[92mINFO [0m:      	                            "'0', '0', '1', '1', '0', '0', '0']",
[92mINFO [0m:      	       'dp-client-ids': "['0', '1', '2', '3', '4', '5', '6', '7', '8', '9', "
[92mINFO [0m:      	                        "'10', '11', '12', '13', '14', '15']",
[92mINFO [0m:      	       'dp-expected-noise-l2-norm': '5.9503e+00',
[92mINFO [0m:      	       'dp-fraction-clipped': '5.6250e-01',
[92mINFO [0m:      	       'dp-noise-percent-of-signal': '2.8201e+02',
[92mINFO [0m:      	       'dp-noise-to-signal-ratio': '2.8201e+00',
[92mINFO [0m:      	       'dp-num-clients-clipped': '9',
[92mINFO [0m:      	       'dp-parameter-count': '226596',
[92mINFO [0m:      	       'dp-signal-update-norm': '2.1099e+00',
[92mINFO [0m:      	       'dp-update-norms-before-clipping': "['5.5427e+00', '5.1165e+00', "
[92mINFO [0m:      	                                          "'6.3281e+00', '4.0078e+00', "
[92mINFO [0m:      	                                          "'6.0371e+00', '5.8333e+00', "
[92mINFO [0m:      	                                          "'4.6685e+00', '5.0943e+00', "
[92mINFO [0m:      	                                          "'6.0500e+00', '3.9396e+00', "
[92mINFO [0m:      	                                          "'4.8583e+00', '6.0180e+00', "
[92mINFO [0m:      	                                          "'5.3216e+00', '4.1942e+00', "
[92mINFO [0m:      	                                          "'4.4425e+00', '3.2493e+00']",
[92mINFO [0m:      	       'global-dp-noise-stdv': '1.2500e-02',
[92mINFO [0m:      	       'per-client-num-examples': "['1223', '1082', '1364', '517', '1435', "
[92mINFO [0m:      	                                  "'1505', '940', '870', '1152', '447', '729', "
[92mINFO [0m:      	                                  "'1294', '1012', '659', '800', '376']",
[92mINFO [0m:      	       'per-client-train_loss': "['1.1711e+00', '1.1692e+00', '1.0219e+00', "
[92mINFO [0m:      	                                "'1.2344e+00', '1.0135e+00', '9.8964e-01', "
[92mINFO [0m:      	                                "'1.2108e+00', '1.1112e+00', '1.0522e+00', "
[92mINFO [0m:      	                                "'1.2572e+00', '1.0642e+00', '9.9963e-01', "
[92mINFO [0m:      	                                "'1.1001e+00', '1.2573e+00', '1.1642e+00', "
[92mINFO [0m:      	                                "'1.3085e+00']",
[92mINFO [0m:      	       'per-client-train_loss_mean': "['1.2811e+00', '1.2755e+00', "
[92mINFO [0m:      	                                     "'1.1799e+00', '1.3297e+00', "
[92mINFO [0m:      	                                     "'1.1936e+00', '1.1557e+00', "
[92mINFO [0m:      	                                     "'1.2980e+00', '1.2499e+00', "
[92mINFO [0m:      	                                     "'1.1995e+00', '1.3466e+00', "
[92mINFO [0m:      	                                     "'1.2392e+00', '1.1987e+00', "
[92mINFO [0m:      	                                     "'1.2672e+00', '1.3337e+00', "
[92mINFO [0m:      	                                     "'1.2581e+00', '1.3527e+00']",
[92mINFO [0m:      	       'train_loss': '1.1027e+00',
[92mINFO [0m:      	       'train_loss_mean': '1.2410e+00'},
[92mINFO [0m:      	  2: { 'client-ids': "['0', '1', '2', '3', '4', '5', '6', '7', '8', '9', '10', "
[92mINFO [0m:      	                     "'11', '12', '13', '14', '15']",
[92mINFO [0m:      	       'dp-client-clipped': "['1', '1', '1', '0', '1', '1', '1', '0', '1', "
[92mINFO [0m:      	                            "'0', '0', '1', '1', '0', '0', '0']",
[92mINFO [0m:      	       'dp-client-ids': "['0', '1', '2', '3', '4', '5', '6', '7', '8', '9', "
[92mINFO [0m:      	                        "'10', '11', '12', '13', '14', '15']",
[92mINFO [0m:      	       'dp-expected-noise-l2-norm': '5.9503e+00',
[92mINFO [0m:      	       'dp-fraction-clipped': '5.6250e-01',
[92mINFO [0m:      	       'dp-noise-percent-of-signal': '1.6763e+02',
[92mINFO [0m:      	       'dp-noise-to-signal-ratio': '1.6763e+00',
[92mINFO [0m:      	       'dp-num-clients-clipped': '9',
[92mINFO [0m:      	       'dp-parameter-count': '226596',
[92mINFO [0m:      	       'dp-signal-update-norm': '3.5497e+00',
[92mINFO [0m:      	       'dp-update-norms-before-clipping': "['6.2599e+00', '5.2587e+00', "
[92mINFO [0m:      	                                          "'6.5409e+00', '4.0643e+00', "
[92mINFO [0m:      	                                          "'6.8891e+00', '7.1736e+00', "
[92mINFO [0m:      	                                          "'5.3065e+00', '4.8726e+00', "
[92mINFO [0m:      	                                          "'5.6989e+00', '3.8889e+00', "
[92mINFO [0m:      	                                          "'4.4736e+00', '5.9698e+00', "
[92mINFO [0m:      	                                          "'5.2508e+00', '4.7753e+00', "
[92mINFO [0m:      	                                          "'4.8738e+00', '3.3500e+00']",
[92mINFO [0m:      	       'global-dp-noise-stdv': '1.2500e-02',
[92mINFO [0m:      	       'per-client-num-examples': "['1223', '1082', '1364', '517', '1435', "
[92mINFO [0m:      	                                  "'1505', '940', '870', '1152', '447', '729', "
[92mINFO [0m:      	                                  "'1294', '1012', '659', '800', '376']",
[92mINFO [0m:      	       'per-client-train_loss': "['9.3114e-01', '8.9096e-01', '7.9479e-01', "
[92mINFO [0m:      	                                "'9.4209e-01', '8.1118e-01', '8.3527e-01', "
[92mINFO [0m:      	                                "'9.2213e-01', '9.3787e-01', '8.4374e-01', "
[92mINFO [0m:      	                                "'9.1523e-01', '9.1239e-01', '9.0303e-01', "
[92mINFO [0m:      	                                "'9.2993e-01', '8.6814e-01', '9.6094e-01', "
[92mINFO [0m:      	                                "'1.0936e+00']",
[92mINFO [0m:      	       'per-client-train_loss_mean': "['1.0239e+00', '1.0002e+00', "
[92mINFO [0m:      	                                     "'9.7151e-01', '1.0783e+00', "
[92mINFO [0m:      	                                     "'9.6432e-01', '9.6456e-01', "
[92mINFO [0m:      	                                     "'1.0232e+00', '1.0052e+00', "
[92mINFO [0m:      	                                     "'9.6405e-01', '1.0550e+00', "
[92mINFO [0m:      	                                     "'1.0085e+00', '9.9280e-01', "
[92mINFO [0m:      	                                     "'1.0316e+00', '1.0348e+00', "
[92mINFO [0m:      	                                     "'1.0460e+00', '1.1738e+00']",
[92mINFO [0m:      	       'train_loss': '8.8840e-01',
[92mINFO [0m:      	       'train_loss_mean': '1.0058e+00'},
[92mINFO [0m:      	  3: { 'client-ids': "['0', '1', '2', '3', '4', '5', '6', '7', '8', '9', '10', "
[92mINFO [0m:      	                     "'11', '12', '13', '14', '15']",
[92mINFO [0m:      	       'dp-client-clipped': "['1', '1', '1', '0', '1', '1', '0', '0', '1', "
[92mINFO [0m:      	                            "'0', '0', '1', '0', '0', '0', '0']",
[92mINFO [0m:      	       'dp-client-ids': "['0', '1', '2', '3', '4', '5', '6', '7', '8', '9', "
[92mINFO [0m:      	                        "'10', '11', '12', '13', '14', '15']",
[92mINFO [0m:      	       'dp-expected-noise-l2-norm': '5.9503e+00',
[92mINFO [0m:      	       'dp-fraction-clipped': '4.3750e-01',
[92mINFO [0m:      	       'dp-noise-percent-of-signal': '1.8589e+02',
[92mINFO [0m:      	       'dp-noise-to-signal-ratio': '1.8589e+00',
[92mINFO [0m:      	       'dp-num-clients-clipped': '7',
[92mINFO [0m:      	       'dp-parameter-count': '226596',
[92mINFO [0m:      	       'dp-signal-update-norm': '3.2010e+00',
[92mINFO [0m:      	       'dp-update-norms-before-clipping': "['5.8768e+00', '5.4374e+00', "
[92mINFO [0m:      	                                          "'5.9734e+00', '3.2492e+00', "
[92mINFO [0m:      	                                          "'6.3971e+00', '6.4392e+00', "
[92mINFO [0m:      	                                          "'4.7054e+00', '4.6970e+00', "
[92mINFO [0m:      	                                          "'5.2753e+00', '3.4249e+00', "
[92mINFO [0m:      	                                          "'4.4409e+00', '5.9517e+00', "
[92mINFO [0m:      	                                          "'4.9828e+00', '4.0604e+00', "
[92mINFO [0m:      	                                          "'4.5457e+00', '3.1627e+00']",
[92mINFO [0m:      	       'global-dp-noise-stdv': '1.2500e-02',
[92mINFO [0m:      	       'per-client-num-examples': "['1223', '1082', '1364', '517', '1435', "
[92mINFO [0m:      	                                  "'1505', '940', '870', '1152', '447', '729', "
[92mINFO [0m:      	                                  "'1294', '1012', '659', '800', '376']",
[92mINFO [0m:      	       'per-client-train_loss': "['7.5336e-01', '7.2158e-01', '7.2260e-01', "
[92mINFO [0m:      	                                "'8.4365e-01', '7.3028e-01', '8.3007e-01', "
[92mINFO [0m:      	                                "'7.7211e-01', '7.0372e-01', '7.2706e-01', "
[92mINFO [0m:      	                                "'8.1328e-01', '6.6011e-01', '7.5182e-01', "
[92mINFO [0m:      	                                "'7.8340e-01', '7.5858e-01', '7.3259e-01', "
[92mINFO [0m:      	                                "'8.3000e-01']",
[92mINFO [0m:      	       'per-client-train_loss_mean': "['8.4758e-01', '8.2428e-01', "
[92mINFO [0m:      	                                     "'7.9089e-01', '9.1480e-01', "
[92mINFO [0m:      	                                     "'8.1499e-01', '8.4828e-01', "
[92mINFO [0m:      	                                     "'8.1271e-01', '8.2453e-01', "
[92mINFO [0m:      	                                     "'8.2305e-01', '8.8679e-01', "
[92mINFO [0m:      	                                     "'7.8064e-01', '8.2781e-01', "
[92mINFO [0m:      	                                     "'8.6234e-01', '8.6772e-01', "
[92mINFO [0m:      	                                     "'8.2780e-01', '9.2929e-01']",
[92mINFO [0m:      	       'train_loss': '7.5334e-01',
[92mINFO [0m:      	       'train_loss_mean': '8.3406e-01'},
[92mINFO [0m:      	  4: { 'client-ids': "['0', '1', '2', '3', '4', '5', '6', '7', '8', '9', '10', "
[92mINFO [0m:      	                     "'11', '12', '13', '14', '15']",
[92mINFO [0m:      	       'dp-client-clipped': "['1', '0', '1', '0', '1', '1', '0', '0', '0', "
[92mINFO [0m:      	                            "'0', '0', '1', '0', '0', '0', '0']",
[92mINFO [0m:      	       'dp-client-ids': "['0', '1', '2', '3', '4', '5', '6', '7', '8', '9', "
[92mINFO [0m:      	                        "'10', '11', '12', '13', '14', '15']",
[92mINFO [0m:      	       'dp-expected-noise-l2-norm': '5.9503e+00',
[92mINFO [0m:      	       'dp-fraction-clipped': '3.1250e-01',
[92mINFO [0m:      	       'dp-noise-percent-of-signal': '2.2861e+02',
[92mINFO [0m:      	       'dp-noise-to-signal-ratio': '2.2861e+00',
[92mINFO [0m:      	       'dp-num-clients-clipped': '5',
[92mINFO [0m:      	       'dp-parameter-count': '226596',
[92mINFO [0m:      	       'dp-signal-update-norm': '2.6028e+00',
[92mINFO [0m:      	       'dp-update-norms-before-clipping': "['5.3845e+00', '4.7962e+00', "
[92mINFO [0m:      	                                          "'5.6715e+00', '3.3264e+00', "
[92mINFO [0m:      	                                          "'5.5394e+00', '5.6623e+00', "
[92mINFO [0m:      	                                          "'4.5472e+00', '4.3568e+00', "
[92mINFO [0m:      	                                          "'4.9356e+00', '3.4723e+00', "
[92mINFO [0m:      	                                          "'4.1207e+00', '5.2355e+00', "
[92mINFO [0m:      	                                          "'4.7625e+00', '3.7245e+00', "
[92mINFO [0m:      	                                          "'4.2470e+00', '3.3735e+00']",
[92mINFO [0m:      	       'global-dp-noise-stdv': '1.2500e-02',
[92mINFO [0m:      	       'per-client-num-examples': "['1223', '1082', '1364', '517', '1435', "
[92mINFO [0m:      	                                  "'1505', '940', '870', '1152', '447', '729', "
[92mINFO [0m:      	                                  "'1294', '1012', '659', '800', '376']",
[92mINFO [0m:      	       'per-client-train_loss': "['6.7259e-01', '6.7737e-01', '5.9943e-01', "
[92mINFO [0m:      	                                "'7.0218e-01', '6.5363e-01', '6.2500e-01', "
[92mINFO [0m:      	                                "'5.8817e-01', '6.5972e-01', '6.3924e-01', "
[92mINFO [0m:      	                                "'5.6854e-01', '5.5773e-01', '6.4875e-01', "
[92mINFO [0m:      	                                "'7.0009e-01', '6.2052e-01', '6.6001e-01', "
[92mINFO [0m:      	                                "'6.0815e-01']",
[92mINFO [0m:      	       'per-client-train_loss_mean': "['7.4220e-01', '7.2245e-01', "
[92mINFO [0m:      	                                     "'6.8977e-01', '8.1626e-01', "
[92mINFO [0m:      	                                     "'7.1599e-01', '6.8519e-01', "
[92mINFO [0m:      	                                     "'6.9224e-01', '7.1812e-01', "
[92mINFO [0m:      	                                     "'7.1682e-01', '7.1665e-01', "
[92mINFO [0m:      	                                     "'6.4545e-01', '7.1939e-01', "
[92mINFO [0m:      	                                     "'7.5973e-01', '7.0833e-01', "
[92mINFO [0m:      	                                     "'7.2738e-01', '7.1220e-01']",
[92mINFO [0m:      	       'train_loss': '6.3955e-01',
[92mINFO [0m:      	       'train_loss_mean': '7.1530e-01'},
[92mINFO [0m:      	  5: { 'client-ids': "['0', '1', '2', '3', '4', '5', '6', '7', '8', '9', '10', "
[92mINFO [0m:      	                     "'11', '12', '13', '14', '15']",
[92mINFO [0m:      	       'dp-client-clipped': "['1', '1', '1', '0', '1', '1', '0', '0', '1', "
[92mINFO [0m:      	                            "'0', '0', '1', '0', '0', '0', '0']",
[92mINFO [0m:      	       'dp-client-ids': "['0', '1', '2', '3', '4', '5', '6', '7', '8', '9', "
[92mINFO [0m:      	                        "'10', '11', '12', '13', '14', '15']",
[92mINFO [0m:      	       'dp-expected-noise-l2-norm': '5.9503e+00',
[92mINFO [0m:      	       'dp-fraction-clipped': '4.3750e-01',
[92mINFO [0m:      	       'dp-noise-percent-of-signal': '2.7211e+02',
[92mINFO [0m:      	       'dp-noise-to-signal-ratio': '2.7211e+00',
[92mINFO [0m:      	       'dp-num-clients-clipped': '7',
[92mINFO [0m:      	       'dp-parameter-count': '226596',
[92mINFO [0m:      	       'dp-signal-update-norm': '2.1867e+00',
[92mINFO [0m:      	       'dp-update-norms-before-clipping': "['5.5367e+00', '5.0014e+00', "
[92mINFO [0m:      	                                          "'5.6936e+00', '3.4933e+00', "
[92mINFO [0m:      	                                          "'5.8125e+00', '5.9999e+00', "
[92mINFO [0m:      	                                          "'4.5108e+00', '4.3820e+00', "
[92mINFO [0m:      	                                          "'5.0778e+00', '3.3241e+00', "
[92mINFO [0m:      	                                          "'4.1415e+00', '5.3420e+00', "
[92mINFO [0m:      	                                          "'4.8327e+00', '3.6949e+00', "
[92mINFO [0m:      	                                          "'4.2588e+00', '3.3037e+00']",
[92mINFO [0m:      	       'global-dp-noise-stdv': '1.2500e-02',
[92mINFO [0m:      	       'per-client-num-examples': "['1223', '1082', '1364', '517', '1435', "
[92mINFO [0m:      	                                  "'1505', '940', '870', '1152', '447', '729', "
[92mINFO [0m:      	                                  "'1294', '1012', '659', '800', '376']",
[92mINFO [0m:      	       'per-client-train_loss': "['5.4015e-01', '5.8884e-01', '5.5112e-01', "
[92mINFO [0m:      	                                "'6.2156e-01', '5.2768e-01', '5.4155e-01', "
[92mINFO [0m:      	                                "'5.8546e-01', '5.8171e-01', '5.6387e-01', "
[92mINFO [0m:      	                                "'4.9373e-01', '4.9312e-01', '5.7941e-01', "
[92mINFO [0m:      	                                "'6.0748e-01', '5.4745e-01', '5.6003e-01', "
[92mINFO [0m:      	                                "'5.1493e-01']",
[92mINFO [0m:      	       'per-client-train_loss_mean': "['6.6134e-01', '6.5721e-01', "
[92mINFO [0m:      	                                     "'6.4234e-01', '7.1356e-01', "
[92mINFO [0m:      	                                     "'6.1736e-01', '6.3795e-01', "
[92mINFO [0m:      	                                     "'6.2619e-01', '6.5057e-01', "
[92mINFO [0m:      	                                     "'6.4713e-01', '6.1449e-01', "
[92mINFO [0m:      	                                     "'5.8373e-01', '6.7118e-01', "
[92mINFO [0m:      	                                     "'6.8591e-01', '6.4751e-01', "
[92mINFO [0m:      	                                     "'6.7832e-01', '6.5597e-01']",
[92mINFO [0m:      	       'train_loss': '5.5801e-01',
[92mINFO [0m:      	       'train_loss_mean': '6.4849e-01'},
[92mINFO [0m:      	  6: { 'client-ids': "['0', '1', '2', '3', '4', '5', '6', '7', '8', '9', '10', "
[92mINFO [0m:      	                     "'11', '12', '13', '14', '15']",
[92mINFO [0m:      	       'dp-client-clipped': "['1', '0', '1', '0', '1', '1', '0', '0', '1', "
[92mINFO [0m:      	                            "'0', '0', '1', '1', '0', '0', '0']",
[92mINFO [0m:      	       'dp-client-ids': "['0', '1', '2', '3', '4', '5', '6', '7', '8', '9', "
[92mINFO [0m:      	                        "'10', '11', '12', '13', '14', '15']",
[92mINFO [0m:      	       'dp-expected-noise-l2-norm': '5.9503e+00',
[92mINFO [0m:      	       'dp-fraction-clipped': '4.3750e-01',
[92mINFO [0m:      	       'dp-noise-percent-of-signal': '2.9230e+02',
[92mINFO [0m:      	       'dp-noise-to-signal-ratio': '2.9230e+00',
[92mINFO [0m:      	       'dp-num-clients-clipped': '7',
[92mINFO [0m:      	       'dp-parameter-count': '226596',
[92mINFO [0m:      	       'dp-signal-update-norm': '2.0357e+00',
[92mINFO [0m:      	       'dp-update-norms-before-clipping': "['5.6389e+00', '4.9140e+00', "
[92mINFO [0m:      	                                          "'6.0584e+00', '3.9950e+00', "
[92mINFO [0m:      	                                          "'6.0330e+00', '5.8258e+00', "
[92mINFO [0m:      	                                          "'4.6666e+00', '4.9186e+00', "
[92mINFO [0m:      	                                          "'5.3060e+00', '3.7628e+00', "
[92mINFO [0m:      	                                          "'4.3341e+00', '5.7688e+00', "
[92mINFO [0m:      	                                          "'5.0654e+00', '3.8651e+00', "
[92mINFO [0m:      	                                          "'4.5577e+00', '3.5228e+00']",
[92mINFO [0m:      	       'global-dp-noise-stdv': '1.2500e-02',
[92mINFO [0m:      	       'per-client-num-examples': "['1223', '1082', '1364', '517', '1435', "
[92mINFO [0m:      	                                  "'1505', '940', '870', '1152', '447', '729', "
[92mINFO [0m:      	                                  "'1294', '1012', '659', '800', '376']",
[92mINFO [0m:      	       'per-client-train_loss': "['5.3501e-01', '5.0177e-01', '4.8501e-01', "
[92mINFO [0m:      	                                "'6.4370e-01', '4.5919e-01', '4.8691e-01', "
[92mINFO [0m:      	                                "'4.4903e-01', '4.5356e-01', '4.7996e-01', "
[92mINFO [0m:      	                                "'4.1435e-01', '4.2582e-01', '5.0723e-01', "
[92mINFO [0m:      	                                "'5.0528e-01', '4.7540e-01', '5.1312e-01', "
[92mINFO [0m:      	                                "'3.9463e-01']",
[92mINFO [0m:      	       'per-client-train_loss_mean': "['6.0611e-01', '5.9333e-01', "
[92mINFO [0m:      	                                     "'5.6363e-01', '6.7439e-01', "
[92mINFO [0m:      	                                     "'5.7408e-01', '5.6358e-01', "
[92mINFO [0m:      	                                     "'5.7491e-01', '5.9265e-01', "
[92mINFO [0m:      	                                     "'5.7822e-01', '5.5106e-01', "
[92mINFO [0m:      	                                     "'5.5603e-01', '6.1011e-01', "
[92mINFO [0m:      	                                     "'6.2572e-01', '5.6559e-01', "
[92mINFO [0m:      	                                     "'5.8721e-01', '5.3932e-01']",
[92mINFO [0m:      	       'train_loss': '4.8610e-01',
[92mINFO [0m:      	       'train_loss_mean': '5.8517e-01'},
[92mINFO [0m:      	  7: { 'client-ids': "['0', '1', '2', '3', '4', '5', '6', '7', '8', '9', '10', "
[92mINFO [0m:      	                     "'11', '12', '13', '14', '15']",
[92mINFO [0m:      	       'dp-client-clipped': "['1', '1', '1', '0', '1', '1', '0', '1', '1', "
[92mINFO [0m:      	                            "'0', '0', '1', '1', '0', '0', '0']",
[92mINFO [0m:      	       'dp-client-ids': "['0', '1', '2', '3', '4', '5', '6', '7', '8', '9', "
[92mINFO [0m:      	                        "'10', '11', '12', '13', '14', '15']",
[92mINFO [0m:      	       'dp-expected-noise-l2-norm': '5.9503e+00',
[92mINFO [0m:      	       'dp-fraction-clipped': '5.6250e-01',
[92mINFO [0m:      	       'dp-noise-percent-of-signal': '3.1953e+02',
[92mINFO [0m:      	       'dp-noise-to-signal-ratio': '3.1953e+00',
[92mINFO [0m:      	       'dp-num-clients-clipped': '9',
[92mINFO [0m:      	       'dp-parameter-count': '226596',
[92mINFO [0m:      	       'dp-signal-update-norm': '1.8622e+00',
[92mINFO [0m:      	       'dp-update-norms-before-clipping': "['5.8422e+00', '5.4098e+00', "
[92mINFO [0m:      	                                          "'6.1617e+00', '3.9618e+00', "
[92mINFO [0m:      	                                          "'6.2440e+00', '6.0513e+00', "
[92mINFO [0m:      	                                          "'4.6761e+00', '5.1583e+00', "
[92mINFO [0m:      	                                          "'5.5907e+00', '3.7580e+00', "
[92mINFO [0m:      	                                          "'4.5240e+00', '6.1829e+00', "
[92mINFO [0m:      	                                          "'5.2801e+00', '4.0658e+00', "
[92mINFO [0m:      	                                          "'4.8839e+00', '3.3478e+00']",
[92mINFO [0m:      	       'global-dp-noise-stdv': '1.2500e-02',
[92mINFO [0m:      	       'per-client-num-examples': "['1223', '1082', '1364', '517', '1435', "
[92mINFO [0m:      	                                  "'1505', '940', '870', '1152', '447', '729', "
[92mINFO [0m:      	                                  "'1294', '1012', '659', '800', '376']",
[92mINFO [0m:      	       'per-client-train_loss': "['4.3718e-01', '4.3112e-01', '4.1745e-01', "
[92mINFO [0m:      	                                "'5.0384e-01', '4.0265e-01', '4.3997e-01', "
[92mINFO [0m:      	                                "'3.9263e-01', '3.8764e-01', '4.0950e-01', "
[92mINFO [0m:      	                                "'3.3989e-01', '3.7272e-01', '4.3909e-01', "
[92mINFO [0m:      	                                "'4.4656e-01', '4.3229e-01', '4.3478e-01', "
[92mINFO [0m:      	                                "'3.8259e-01']",
[92mINFO [0m:      	       'per-client-train_loss_mean': "['5.4198e-01', '5.4846e-01', "
[92mINFO [0m:      	                                     "'5.2804e-01', '6.0995e-01', "
[92mINFO [0m:      	                                     "'5.2055e-01', '5.2988e-01', "
[92mINFO [0m:      	                                     "'5.1420e-01', '5.1536e-01', "
[92mINFO [0m:      	                                     "'5.2424e-01', '4.6349e-01', "
[92mINFO [0m:      	                                     "'4.8499e-01', '5.4120e-01', "
[92mINFO [0m:      	                                     "'5.6889e-01', '5.6410e-01', "
[92mINFO [0m:      	                                     "'5.2939e-01', '5.5215e-01']",
[92mINFO [0m:      	       'train_loss': '4.1995e-01',
[92mINFO [0m:      	       'train_loss_mean': '5.3305e-01'},
[92mINFO [0m:      	  8: { 'client-ids': "['0', '1', '2', '3', '4', '5', '6', '7', '8', '9', '10', "
[92mINFO [0m:      	                     "'11', '12', '13', '14', '15']",
[92mINFO [0m:      	       'dp-client-clipped': "['1', '1', '1', '0', '1', '1', '1', '1', '1', "
[92mINFO [0m:      	                            "'0', '0', '1', '1', '0', '0', '0']",
[92mINFO [0m:      	       'dp-client-ids': "['0', '1', '2', '3', '4', '5', '6', '7', '8', '9', "
[92mINFO [0m:      	                        "'10', '11', '12', '13', '14', '15']",
[92mINFO [0m:      	       'dp-expected-noise-l2-norm': '5.9503e+00',
[92mINFO [0m:      	       'dp-fraction-clipped': '6.2500e-01',
[92mINFO [0m:      	       'dp-noise-percent-of-signal': '3.3147e+02',
[92mINFO [0m:      	       'dp-noise-to-signal-ratio': '3.3147e+00',
[92mINFO [0m:      	       'dp-num-clients-clipped': '10',
[92mINFO [0m:      	       'dp-parameter-count': '226596',
[92mINFO [0m:      	       'dp-signal-update-norm': '1.7951e+00',
[92mINFO [0m:      	       'dp-update-norms-before-clipping': "['5.9263e+00', '5.4964e+00', "
[92mINFO [0m:      	                                          "'6.2572e+00', '4.1477e+00', "
[92mINFO [0m:      	                                          "'6.2372e+00', '6.1270e+00', "
[92mINFO [0m:      	                                          "'5.2467e+00', '5.0690e+00', "
[92mINFO [0m:      	                                          "'5.6552e+00', '3.6932e+00', "
[92mINFO [0m:      	                                          "'4.6891e+00', '6.2975e+00', "
[92mINFO [0m:      	                                          "'5.4734e+00', '4.3497e+00', "
[92mINFO [0m:      	                                          "'4.9489e+00', '3.6339e+00']",
[92mINFO [0m:      	       'global-dp-noise-stdv': '1.2500e-02',
[92mINFO [0m:      	       'per-client-num-examples': "['1223', '1082', '1364', '517', '1435', "
[92mINFO [0m:      	                                  "'1505', '940', '870', '1152', '447', '729', "
[92mINFO [0m:      	                                  "'1294', '1012', '659', '800', '376']",
[92mINFO [0m:      	       'per-client-train_loss': "['3.8125e-01', '3.6134e-01', '3.5769e-01', "
[92mINFO [0m:      	                                "'4.4953e-01', '3.3652e-01', '3.6495e-01', "
[92mINFO [0m:      	                                "'3.4433e-01', '3.3930e-01', '3.6727e-01', "
[92mINFO [0m:      	                                "'3.2182e-01', '2.8889e-01', '3.5038e-01', "
[92mINFO [0m:      	                                "'3.9203e-01', '3.6809e-01', '3.6093e-01', "
[92mINFO [0m:      	                                "'2.7098e-01']",
[92mINFO [0m:      	       'per-client-train_loss_mean': "['4.8787e-01', '4.8487e-01', "
[92mINFO [0m:      	                                     "'4.8736e-01', '5.5397e-01', "
[92mINFO [0m:      	                                     "'4.6732e-01', '4.8919e-01', "
[92mINFO [0m:      	                                     "'4.6658e-01', '4.6586e-01', "
[92mINFO [0m:      	                                     "'4.8301e-01', '4.5686e-01', "
[92mINFO [0m:      	                                     "'4.4533e-01', '4.9432e-01', "
[92mINFO [0m:      	                                     "'5.2929e-01', '4.9021e-01', "
[92mINFO [0m:      	                                     "'5.0460e-01', '4.6773e-01']",
[92mINFO [0m:      	       'train_loss': '3.5634e-01',
[92mINFO [0m:      	       'train_loss_mean': '4.8597e-01'},
[92mINFO [0m:      	  9: { 'client-ids': "['0', '1', '2', '3', '4', '5', '6', '7', '8', '9', '10', "
[92mINFO [0m:      	                     "'11', '12', '13', '14', '15']",
[92mINFO [0m:      	       'dp-client-clipped': "['1', '1', '1', '0', '1', '1', '1', '1', '1', "
[92mINFO [0m:      	                            "'0', '0', '1', '1', '0', '1', '0']",
[92mINFO [0m:      	       'dp-client-ids': "['0', '1', '2', '3', '4', '5', '6', '7', '8', '9', "
[92mINFO [0m:      	                        "'10', '11', '12', '13', '14', '15']",
[92mINFO [0m:      	       'dp-expected-noise-l2-norm': '5.9503e+00',
[92mINFO [0m:      	       'dp-fraction-clipped': '6.8750e-01',
[92mINFO [0m:      	       'dp-noise-percent-of-signal': '3.4409e+02',
[92mINFO [0m:      	       'dp-noise-to-signal-ratio': '3.4409e+00',
[92mINFO [0m:      	       'dp-num-clients-clipped': '11',
[92mINFO [0m:      	       'dp-parameter-count': '226596',
[92mINFO [0m:      	       'dp-signal-update-norm': '1.7293e+00',
[92mINFO [0m:      	       'dp-update-norms-before-clipping': "['6.1787e+00', '5.6867e+00', "
[92mINFO [0m:      	                                          "'6.3246e+00', '4.2754e+00', "
[92mINFO [0m:      	                                          "'6.3313e+00', '6.6372e+00', "
[92mINFO [0m:      	                                          "'5.4473e+00', '5.1071e+00', "
[92mINFO [0m:      	                                          "'5.5714e+00', '3.8704e+00', "
[92mINFO [0m:      	                                          "'4.7303e+00', '6.1718e+00', "
[92mINFO [0m:      	                                          "'5.7303e+00', '4.5017e+00', "
[92mINFO [0m:      	                                          "'5.0896e+00', '3.6318e+00']",
[92mINFO [0m:      	       'global-dp-noise-stdv': '1.2500e-02',
[92mINFO [0m:      	       'per-client-num-examples': "['1223', '1082', '1364', '517', '1435', "
[92mINFO [0m:      	                                  "'1505', '940', '870', '1152', '447', '729', "
[92mINFO [0m:      	                                  "'1294', '1012', '659', '800', '376']",
[92mINFO [0m:      	       'per-client-train_loss': "['3.0666e-01', '3.2047e-01', '2.5945e-01', "
[92mINFO [0m:      	                                "'3.1586e-01', '2.6507e-01', '2.6528e-01', "
[92mINFO [0m:      	                                "'3.0859e-01', '2.5100e-01', '2.8242e-01', "
[92mINFO [0m:      	                                "'2.8487e-01', '2.1488e-01', '3.2460e-01', "
[92mINFO [0m:      	                                "'2.6968e-01', '3.0699e-01', '2.8070e-01', "
[92mINFO [0m:      	                                "'2.1364e-01']",
[92mINFO [0m:      	       'per-client-train_loss_mean': "['4.4674e-01', '4.5680e-01', "
[92mINFO [0m:      	                                     "'4.1746e-01', '4.7674e-01', "
[92mINFO [0m:      	                                     "'4.0585e-01', '3.9866e-01', "
[92mINFO [0m:      	                                     "'4.2073e-01', '4.0751e-01', "
[92mINFO [0m:      	                                     "'4.2209e-01', '4.0505e-01', "
[92mINFO [0m:      	                                     "'3.7861e-01', '4.4931e-01', "
[92mINFO [0m:      	                                     "'4.3523e-01', '4.5240e-01', "
[92mINFO [0m:      	                                     "'4.1772e-01', '3.8941e-01']",
[92mINFO [0m:      	       'train_loss': '2.8150e-01',
[92mINFO [0m:      	       'train_loss_mean': '4.2407e-01'},
[92mINFO [0m:      	  10: { 'client-ids': "['0', '1', '2', '3', '4', '5', '6', '7', '8', '9', "
[92mINFO [0m:      	                      "'10', '11', '12', '13', '14', '15']",
[92mINFO [0m:      	        'dp-client-clipped': "['1', '1', '1', '0', '1', '1', '1', '1', '1', "
[92mINFO [0m:      	                             "'0', '0', '1', '1', '0', '1', '0']",
[92mINFO [0m:      	        'dp-client-ids': "['0', '1', '2', '3', '4', '5', '6', '7', '8', '9', "
[92mINFO [0m:      	                         "'10', '11', '12', '13', '14', '15']",
[92mINFO [0m:      	        'dp-expected-noise-l2-norm': '5.9503e+00',
[92mINFO [0m:      	        'dp-fraction-clipped': '6.8750e-01',
[92mINFO [0m:      	        'dp-noise-percent-of-signal': '3.6329e+02',
[92mINFO [0m:      	        'dp-noise-to-signal-ratio': '3.6329e+00',
[92mINFO [0m:      	        'dp-num-clients-clipped': '11',
[92mINFO [0m:      	        'dp-parameter-count': '226596',
[92mINFO [0m:      	        'dp-signal-update-norm': '1.6379e+00',
[92mINFO [0m:      	        'dp-update-norms-before-clipping': "['6.1684e+00', '5.7648e+00', "
[92mINFO [0m:      	                                           "'6.2945e+00', '4.1217e+00', "
[92mINFO [0m:      	                                           "'6.4267e+00', '6.5714e+00', "
[92mINFO [0m:      	                                           "'5.3143e+00', '5.2913e+00', "
[92mINFO [0m:      	                                           "'5.9489e+00', '3.8714e+00', "
[92mINFO [0m:      	                                           "'4.5669e+00', '6.1970e+00', "
[92mINFO [0m:      	                                           "'5.3987e+00', '4.6125e+00', "
[92mINFO [0m:      	                                           "'5.2165e+00', '3.7091e+00']",
[92mINFO [0m:      	        'global-dp-noise-stdv': '1.2500e-02',
[92mINFO [0m:      	        'per-client-num-examples': "['1223', '1082', '1364', '517', '1435', "
[92mINFO [0m:      	                                   "'1505', '940', '870', '1152', '447', "
[92mINFO [0m:      	                                   "'729', '1294', '1012', '659', '800', "
[92mINFO [0m:      	                                   "'376']",
[92mINFO [0m:      	        'per-client-train_loss': "['2.9816e-01', '2.6180e-01', '2.6536e-01', "
[92mINFO [0m:      	                                 "'2.9034e-01', '2.3658e-01', '2.6786e-01', "
[92mINFO [0m:      	                                 "'2.3828e-01', '2.0373e-01', '2.1150e-01', "
[92mINFO [0m:      	                                 "'1.8864e-01', '1.8741e-01', '2.3016e-01', "
[92mINFO [0m:      	                                 "'2.4147e-01', '2.6657e-01', '2.0937e-01', "
[92mINFO [0m:      	                                 "'1.5517e-01']",
[92mINFO [0m:      	        'per-client-train_loss_mean': "['4.0135e-01', '3.7810e-01', "
[92mINFO [0m:      	                                      "'3.6487e-01', '4.6941e-01', "
[92mINFO [0m:      	                                      "'3.7570e-01', '4.2842e-01', "
[92mINFO [0m:      	                                      "'3.9048e-01', '3.5930e-01', "
[92mINFO [0m:      	                                      "'3.6112e-01', '3.6153e-01', "
[92mINFO [0m:      	                                      "'3.4988e-01', '3.9552e-01', "
[92mINFO [0m:      	                                      "'4.1161e-01', '4.4104e-01', "
[92mINFO [0m:      	                                      "'3.7612e-01', '3.4437e-01']",
[92mINFO [0m:      	        'train_loss': '2.4097e-01',
[92mINFO [0m:      	        'train_loss_mean': '3.8857e-01'},
[92mINFO [0m:      	  11: { 'client-ids': "['0', '1', '2', '3', '4', '5', '6', '7', '8', '9', "
[92mINFO [0m:      	                      "'10', '11', '12', '13', '14', '15']",
[92mINFO [0m:      	        'dp-client-clipped': "['1', '1', '1', '0', '1', '1', '1', '1', '1', "
[92mINFO [0m:      	                             "'0', '0', '1', '1', '0', '0', '0']",
[92mINFO [0m:      	        'dp-client-ids': "['0', '1', '2', '3', '4', '5', '6', '7', '8', '9', "
[92mINFO [0m:      	                         "'10', '11', '12', '13', '14', '15']",
[92mINFO [0m:      	        'dp-expected-noise-l2-norm': '5.9503e+00',
[92mINFO [0m:      	        'dp-fraction-clipped': '6.2500e-01',
[92mINFO [0m:      	        'dp-noise-percent-of-signal': '3.7635e+02',
[92mINFO [0m:      	        'dp-noise-to-signal-ratio': '3.7635e+00',
[92mINFO [0m:      	        'dp-num-clients-clipped': '10',
[92mINFO [0m:      	        'dp-parameter-count': '226596',
[92mINFO [0m:      	        'dp-signal-update-norm': '1.5811e+00',
[92mINFO [0m:      	        'dp-update-norms-before-clipping': "['6.1526e+00', '5.3734e+00', "
[92mINFO [0m:      	                                           "'6.1619e+00', '4.2003e+00', "
[92mINFO [0m:      	                                           "'6.2216e+00', '6.6095e+00', "
[92mINFO [0m:      	                                           "'5.3317e+00', '5.0638e+00', "
[92mINFO [0m:      	                                           "'5.9242e+00', '3.7612e+00', "
[92mINFO [0m:      	                                           "'4.6965e+00', '6.2273e+00', "
[92mINFO [0m:      	                                           "'5.4725e+00', '4.5528e+00', "
[92mINFO [0m:      	                                           "'4.8646e+00', '3.4775e+00']",
[92mINFO [0m:      	        'global-dp-noise-stdv': '1.2500e-02',
[92mINFO [0m:      	        'per-client-num-examples': "['1223', '1082', '1364', '517', '1435', "
[92mINFO [0m:      	                                   "'1505', '940', '870', '1152', '447', "
[92mINFO [0m:      	                                   "'729', '1294', '1012', '659', '800', "
[92mINFO [0m:      	                                   "'376']",
[92mINFO [0m:      	        'per-client-train_loss': "['1.8235e-01', '1.8957e-01', '1.4089e-01', "
[92mINFO [0m:      	                                 "'2.3058e-01', '1.9628e-01', '2.1969e-01', "
[92mINFO [0m:      	                                 "'2.6247e-01', '1.8527e-01', '1.8201e-01', "
[92mINFO [0m:      	                                 "'1.4454e-01', '1.5824e-01', '2.1854e-01', "
[92mINFO [0m:      	                                 "'1.7391e-01', '1.9064e-01', '2.2096e-01', "
[92mINFO [0m:      	                                 "'1.5152e-01']",
[92mINFO [0m:      	        'per-client-train_loss_mean': "['3.4561e-01', '3.6648e-01', "
[92mINFO [0m:      	                                      "'3.1914e-01', '4.1847e-01', "
[92mINFO [0m:      	                                      "'3.2776e-01', '3.3905e-01', "
[92mINFO [0m:      	                                      "'3.5297e-01', '3.0336e-01', "
[92mINFO [0m:      	                                      "'3.2143e-01', '3.4206e-01', "
[92mINFO [0m:      	                                      "'2.9836e-01', '3.4704e-01', "
[92mINFO [0m:      	                                      "'3.4500e-01', '3.7590e-01', "
[92mINFO [0m:      	                                      "'3.9141e-01', '3.7228e-01']",
[92mINFO [0m:      	        'train_loss': '1.9263e-01',
[92mINFO [0m:      	        'train_loss_mean': '3.4320e-01'},
[92mINFO [0m:      	  12: { 'client-ids': "['0', '1', '2', '3', '4', '5', '6', '7', '8', '9', "
[92mINFO [0m:      	                      "'10', '11', '12', '13', '14', '15']",
[92mINFO [0m:      	        'dp-client-clipped': "['1', '1', '1', '0', '1', '1', '1', '0', '1', "
[92mINFO [0m:      	                             "'0', '0', '1', '1', '0', '0', '0']",
[92mINFO [0m:      	        'dp-client-ids': "['0', '1', '2', '3', '4', '5', '6', '7', '8', '9', "
[92mINFO [0m:      	                         "'10', '11', '12', '13', '14', '15']",
[92mINFO [0m:      	        'dp-expected-noise-l2-norm': '5.9503e+00',
[92mINFO [0m:      	        'dp-fraction-clipped': '5.6250e-01',
[92mINFO [0m:      	        'dp-noise-percent-of-signal': '3.9291e+02',
[92mINFO [0m:      	        'dp-noise-to-signal-ratio': '3.9291e+00',
[92mINFO [0m:      	        'dp-num-clients-clipped': '9',
[92mINFO [0m:      	        'dp-parameter-count': '226596',
[92mINFO [0m:      	        'dp-signal-update-norm': '1.5144e+00',
[92mINFO [0m:      	        'dp-update-norms-before-clipping': "['5.8412e+00', '5.3518e+00', "
[92mINFO [0m:      	                                           "'5.9650e+00', '4.0309e+00', "
[92mINFO [0m:      	                                           "'6.2972e+00', '6.6918e+00', "
[92mINFO [0m:      	                                           "'5.3825e+00', '4.9413e+00', "
[92mINFO [0m:      	                                           "'5.6842e+00', '3.8124e+00', "
[92mINFO [0m:      	                                           "'4.4666e+00', '5.9305e+00', "
[92mINFO [0m:      	                                           "'5.4277e+00', '4.3971e+00', "
[92mINFO [0m:      	                                           "'4.7546e+00', '3.5647e+00']",
[92mINFO [0m:      	        'global-dp-noise-stdv': '1.2500e-02',
[92mINFO [0m:      	        'per-client-num-examples': "['1223', '1082', '1364', '517', '1435', "
[92mINFO [0m:      	                                   "'1505', '940', '870', '1152', '447', "
[92mINFO [0m:      	                                   "'729', '1294', '1012', '659', '800', "
[92mINFO [0m:      	                                   "'376']",
[92mINFO [0m:      	        'per-client-train_loss': "['1.7059e-01', '1.4184e-01', '1.5077e-01', "
[92mINFO [0m:      	                                 "'1.9334e-01', '1.8368e-01', '1.6329e-01', "
[92mINFO [0m:      	                                 "'1.2778e-01', '1.5140e-01', '1.4134e-01', "
[92mINFO [0m:      	                                 "'9.3744e-02', '1.2634e-01', '1.6576e-01', "
[92mINFO [0m:      	                                 "'1.6093e-01', '1.4419e-01', '1.4282e-01', "
[92mINFO [0m:      	                                 "'8.7749e-02']",
[92mINFO [0m:      	        'per-client-train_loss_mean': "['3.1527e-01', '3.0803e-01', "
[92mINFO [0m:      	                                      "'2.8436e-01', '3.9387e-01', "
[92mINFO [0m:      	                                      "'2.6981e-01', '3.2763e-01', "
[92mINFO [0m:      	                                      "'2.8524e-01', '2.9111e-01', "
[92mINFO [0m:      	                                      "'2.9034e-01', '2.8094e-01', "
[92mINFO [0m:      	                                      "'2.6627e-01', '3.1150e-01', "
[92mINFO [0m:      	                                      "'3.2465e-01', '3.5669e-01', "
[92mINFO [0m:      	                                      "'3.2515e-01', '2.8855e-01']",
[92mINFO [0m:      	        'train_loss': '1.5224e-01',
[92mINFO [0m:      	        'train_loss_mean': '3.0519e-01'},
[92mINFO [0m:      	  13: { 'client-ids': "['0', '1', '2', '3', '4', '5', '6', '7', '8', '9', "
[92mINFO [0m:      	                      "'10', '11', '12', '13', '14', '15']",
[92mINFO [0m:      	        'dp-client-clipped': "['1', '1', '1', '0', '1', '1', '1', '1', '1', "
[92mINFO [0m:      	                             "'0', '0', '1', '1', '0', '0', '0']",
[92mINFO [0m:      	        'dp-client-ids': "['0', '1', '2', '3', '4', '5', '6', '7', '8', '9', "
[92mINFO [0m:      	                         "'10', '11', '12', '13', '14', '15']",
[92mINFO [0m:      	        'dp-expected-noise-l2-norm': '5.9503e+00',
[92mINFO [0m:      	        'dp-fraction-clipped': '6.2500e-01',
[92mINFO [0m:      	        'dp-noise-percent-of-signal': '4.0512e+02',
[92mINFO [0m:      	        'dp-noise-to-signal-ratio': '4.0512e+00',
[92mINFO [0m:      	        'dp-num-clients-clipped': '10',
[92mINFO [0m:      	        'dp-parameter-count': '226596',
[92mINFO [0m:      	        'dp-signal-update-norm': '1.4688e+00',
[92mINFO [0m:      	        'dp-update-norms-before-clipping': "['5.8229e+00', '5.2097e+00', "
[92mINFO [0m:      	                                           "'5.7668e+00', '3.9021e+00', "
[92mINFO [0m:      	                                           "'6.0322e+00', '6.6170e+00', "
[92mINFO [0m:      	                                           "'5.3259e+00', '5.1209e+00', "
[92mINFO [0m:      	                                           "'5.6789e+00', '3.7050e+00', "
[92mINFO [0m:      	                                           "'4.5240e+00', '5.7448e+00', "
[92mINFO [0m:      	                                           "'5.2039e+00', '4.3924e+00', "
[92mINFO [0m:      	                                           "'4.8377e+00', '3.4772e+00']",
[92mINFO [0m:      	        'global-dp-noise-stdv': '1.2500e-02',
[92mINFO [0m:      	        'per-client-num-examples': "['1223', '1082', '1364', '517', '1435', "
[92mINFO [0m:      	                                   "'1505', '940', '870', '1152', '447', "
[92mINFO [0m:      	                                   "'729', '1294', '1012', '659', '800', "
[92mINFO [0m:      	                                   "'376']",
[92mINFO [0m:      	        'per-client-train_loss': "['1.0511e-01', '1.0516e-01', '1.0723e-01', "
[92mINFO [0m:      	                                 "'1.0674e-01', '1.0098e-01', '1.4303e-01', "
[92mINFO [0m:      	                                 "'1.4374e-01', '2.3870e-01', '1.4108e-01', "
[92mINFO [0m:      	                                 "'9.4710e-02', '9.4142e-02', '1.2160e-01', "
[92mINFO [0m:      	                                 "'1.1154e-01', '1.0960e-01', '8.6972e-02', "
[92mINFO [0m:      	                                 "'6.1223e-02']",
[92mINFO [0m:      	        'per-client-train_loss_mean': "['2.7702e-01', '2.6174e-01', "
[92mINFO [0m:      	                                      "'2.6213e-01', '3.2843e-01', "
[92mINFO [0m:      	                                      "'2.4311e-01', '2.5891e-01', "
[92mINFO [0m:      	                                      "'2.5537e-01', '2.7289e-01', "
[92mINFO [0m:      	                                      "'2.5664e-01', '2.7783e-01', "
[92mINFO [0m:      	                                      "'2.4382e-01', '2.7520e-01', "
[92mINFO [0m:      	                                      "'2.9633e-01', '3.0712e-01', "
[92mINFO [0m:      	                                      "'2.6592e-01', '2.5772e-01']",
[92mINFO [0m:      	        'train_loss': '1.2043e-01',
[92mINFO [0m:      	        'train_loss_mean': '2.6816e-01'},
[92mINFO [0m:      	  14: { 'client-ids': "['0', '1', '2', '3', '4', '5', '6', '7', '8', '9', "
[92mINFO [0m:      	                      "'10', '11', '12', '13', '14', '15']",
[92mINFO [0m:      	        'dp-client-clipped': "['1', '1', '1', '0', '1', '1', '0', '0', '1', "
[92mINFO [0m:      	                             "'0', '0', '1', '1', '0', '0', '0']",
[92mINFO [0m:      	        'dp-client-ids': "['0', '1', '2', '3', '4', '5', '6', '7', '8', '9', "
[92mINFO [0m:      	                         "'10', '11', '12', '13', '14', '15']",
[92mINFO [0m:      	        'dp-expected-noise-l2-norm': '5.9503e+00',
[92mINFO [0m:      	        'dp-fraction-clipped': '5.0000e-01',
[92mINFO [0m:      	        'dp-noise-percent-of-signal': '4.2306e+02',
[92mINFO [0m:      	        'dp-noise-to-signal-ratio': '4.2306e+00',
[92mINFO [0m:      	        'dp-num-clients-clipped': '8',
[92mINFO [0m:      	        'dp-parameter-count': '226596',
[92mINFO [0m:      	        'dp-signal-update-norm': '1.4065e+00',
[92mINFO [0m:      	        'dp-update-norms-before-clipping': "['5.3748e+00', '5.1495e+00', "
[92mINFO [0m:      	                                           "'5.6178e+00', '3.8911e+00', "
[92mINFO [0m:      	                                           "'5.4898e+00', '6.0318e+00', "
[92mINFO [0m:      	                                           "'4.9172e+00', '4.5266e+00', "
[92mINFO [0m:      	                                           "'5.3935e+00', '3.7072e+00', "
[92mINFO [0m:      	                                           "'4.2960e+00', '5.7741e+00', "
[92mINFO [0m:      	                                           "'5.0046e+00', '4.4339e+00', "
[92mINFO [0m:      	                                           "'4.4643e+00', '3.3793e+00']",
[92mINFO [0m:      	        'global-dp-noise-stdv': '1.2500e-02',
[92mINFO [0m:      	        'per-client-num-examples': "['1223', '1082', '1364', '517', '1435', "
[92mINFO [0m:      	                                   "'1505', '940', '870', '1152', '447', "
[92mINFO [0m:      	                                   "'729', '1294', '1012', '659', '800', "
[92mINFO [0m:      	                                   "'376']",
[92mINFO [0m:      	        'per-client-train_loss': "['7.9155e-02', '8.8655e-02', '8.2667e-02', "
[92mINFO [0m:      	                                 "'8.8873e-02', '6.1573e-02', '6.6633e-02', "
[92mINFO [0m:      	                                 "'6.5110e-02', '6.3934e-02', '1.1102e-01', "
[92mINFO [0m:      	                                 "'8.1668e-02', '7.3207e-02', '1.1752e-01', "
[92mINFO [0m:      	                                 "'1.0120e-01', '1.0969e-01', '7.5765e-02', "
[92mINFO [0m:      	                                 "'5.5487e-02']",
[92mINFO [0m:      	        'per-client-train_loss_mean': "['2.2788e-01', '2.6501e-01', "
[92mINFO [0m:      	                                      "'2.2283e-01', '3.2577e-01', "
[92mINFO [0m:      	                                      "'2.0875e-01', '2.3779e-01', "
[92mINFO [0m:      	                                      "'2.3294e-01', '2.2112e-01', "
[92mINFO [0m:      	                                      "'2.1909e-01', '2.5763e-01', "
[92mINFO [0m:      	                                      "'2.1684e-01', '2.4517e-01', "
[92mINFO [0m:      	                                      "'2.6635e-01', '3.0066e-01', "
[92mINFO [0m:      	                                      "'2.4516e-01', '2.7683e-01']",
[92mINFO [0m:      	        'train_loss': '8.3280e-02',
[92mINFO [0m:      	        'train_loss_mean': '2.4131e-01'},
[92mINFO [0m:      	  15: { 'client-ids': "['0', '1', '2', '3', '4', '5', '6', '7', '8', '9', "
[92mINFO [0m:      	                      "'10', '11', '12', '13', '14', '15']",
[92mINFO [0m:      	        'dp-client-clipped': "['1', '1', '1', '0', '1', '1', '0', '0', '1', "
[92mINFO [0m:      	                             "'0', '0', '1', '1', '0', '0', '0']",
[92mINFO [0m:      	        'dp-client-ids': "['0', '1', '2', '3', '4', '5', '6', '7', '8', '9', "
[92mINFO [0m:      	                         "'10', '11', '12', '13', '14', '15']",
[92mINFO [0m:      	        'dp-expected-noise-l2-norm': '5.9503e+00',
[92mINFO [0m:      	        'dp-fraction-clipped': '5.0000e-01',
[92mINFO [0m:      	        'dp-noise-percent-of-signal': '4.3286e+02',
[92mINFO [0m:      	        'dp-noise-to-signal-ratio': '4.3286e+00',
[92mINFO [0m:      	        'dp-num-clients-clipped': '8',
[92mINFO [0m:      	        'dp-parameter-count': '226596',
[92mINFO [0m:      	        'dp-signal-update-norm': '1.3746e+00',
[92mINFO [0m:      	        'dp-update-norms-before-clipping': "['5.5769e+00', '5.0507e+00', "
[92mINFO [0m:      	                                           "'5.5891e+00', '4.0759e+00', "
[92mINFO [0m:      	                                           "'5.5795e+00', '6.0751e+00', "
[92mINFO [0m:      	                                           "'4.6241e+00', '4.9205e+00', "
[92mINFO [0m:      	                                           "'5.1160e+00', '3.6036e+00', "
[92mINFO [0m:      	                                           "'3.9179e+00', '5.5702e+00', "
[92mINFO [0m:      	                                           "'5.0775e+00', '4.1968e+00', "
[92mINFO [0m:      	                                           "'4.4445e+00', '3.4161e+00']",
[92mINFO [0m:      	        'global-dp-noise-stdv': '1.2500e-02',
[92mINFO [0m:      	        'per-client-num-examples': "['1223', '1082', '1364', '517', '1435', "
[92mINFO [0m:      	                                   "'1505', '940', '870', '1152', '447', "
[92mINFO [0m:      	                                   "'729', '1294', '1012', '659', '800', "
[92mINFO [0m:      	                                   "'376']",
[92mINFO [0m:      	        'per-client-train_loss': "['6.1871e-02', '7.3291e-02', '7.8064e-02', "
[92mINFO [0m:      	                                 "'7.0682e-02', '5.5824e-02', '8.9476e-02', "
[92mINFO [0m:      	                                 "'6.7476e-02', '1.4550e-01', '7.7696e-02', "
[92mINFO [0m:      	                                 "'5.7410e-02', '6.1452e-02', '1.0030e-01', "
[92mINFO [0m:      	                                 "'8.0183e-02', '8.0364e-02', '4.2879e-02', "
[92mINFO [0m:      	                                 "'4.2402e-02']",
[92mINFO [0m:      	        'per-client-train_loss_mean': "['2.1813e-01', '2.2897e-01', "
[92mINFO [0m:      	                                      "'1.9967e-01', '2.6935e-01', "
[92mINFO [0m:      	                                      "'1.8598e-01', '2.1189e-01', "
[92mINFO [0m:      	                                      "'2.1374e-01', '2.1940e-01', "
[92mINFO [0m:      	                                      "'2.1637e-01', '2.4877e-01', "
[92mINFO [0m:      	                                      "'2.6939e-01', '2.2974e-01', "
[92mINFO [0m:      	                                      "'2.1734e-01', '2.5628e-01', "
[92mINFO [0m:      	                                      "'2.1906e-01', '2.4478e-01']",
[92mINFO [0m:      	        'train_loss': '7.6396e-02',
[92mINFO [0m:      	        'train_loss_mean': '2.2161e-01'},
[92mINFO [0m:      	  16: { 'client-ids': "['0', '1', '2', '3', '4', '5', '6', '7', '8', '9', "
[92mINFO [0m:      	                      "'10', '11', '12', '13', '14', '15']",
[92mINFO [0m:      	        'dp-client-clipped': "['1', '0', '1', '0', '1', '1', '0', '0', '1', "
[92mINFO [0m:      	                             "'0', '0', '1', '0', '0', '0', '0']",
[92mINFO [0m:      	        'dp-client-ids': "['0', '1', '2', '3', '4', '5', '6', '7', '8', '9', "
[92mINFO [0m:      	                         "'10', '11', '12', '13', '14', '15']",
[92mINFO [0m:      	        'dp-expected-noise-l2-norm': '5.9503e+00',
[92mINFO [0m:      	        'dp-fraction-clipped': '3.7500e-01',
[92mINFO [0m:      	        'dp-noise-percent-of-signal': '4.4392e+02',
[92mINFO [0m:      	        'dp-noise-to-signal-ratio': '4.4392e+00',
[92mINFO [0m:      	        'dp-num-clients-clipped': '6',
[92mINFO [0m:      	        'dp-parameter-count': '226596',
[92mINFO [0m:      	        'dp-signal-update-norm': '1.3404e+00',
[92mINFO [0m:      	        'dp-update-norms-before-clipping': "['5.2721e+00', '4.7000e+00', "
[92mINFO [0m:      	                                           "'5.4363e+00', '3.7678e+00', "
[92mINFO [0m:      	                                           "'5.4488e+00', '5.8829e+00', "
[92mINFO [0m:      	                                           "'4.6947e+00', '4.6225e+00', "
[92mINFO [0m:      	                                           "'5.1234e+00', '3.5739e+00', "
[92mINFO [0m:      	                                           "'4.2432e+00', '5.3011e+00', "
[92mINFO [0m:      	                                           "'4.9050e+00', '3.9648e+00', "
[92mINFO [0m:      	                                           "'4.5375e+00', '3.3176e+00']",
[92mINFO [0m:      	        'global-dp-noise-stdv': '1.2500e-02',
[92mINFO [0m:      	        'per-client-num-examples': "['1223', '1082', '1364', '517', '1435', "
[92mINFO [0m:      	                                   "'1505', '940', '870', '1152', '447', "
[92mINFO [0m:      	                                   "'729', '1294', '1012', '659', '800', "
[92mINFO [0m:      	                                   "'376']",
[92mINFO [0m:      	        'per-client-train_loss': "['5.7369e-02', '6.4913e-02', '9.0127e-02', "
[92mINFO [0m:      	                                 "'4.4217e-02', '8.9376e-02', '6.7945e-02', "
[92mINFO [0m:      	                                 "'7.0261e-02', '5.9239e-02', '5.0026e-02', "
[92mINFO [0m:      	                                 "'2.9322e-02', '3.5819e-02', '7.0404e-02', "
[92mINFO [0m:      	                                 "'8.0503e-02', '6.3965e-02', '5.9383e-02', "
[92mINFO [0m:      	                                 "'4.4977e-02']",
[92mINFO [0m:      	        'per-client-train_loss_mean': "['1.9577e-01', '1.9523e-01', "
[92mINFO [0m:      	                                      "'1.9603e-01', '2.5326e-01', "
[92mINFO [0m:      	                                      "'1.7599e-01', '1.7488e-01', "
[92mINFO [0m:      	                                      "'1.9870e-01', '1.9001e-01', "
[92mINFO [0m:      	                                      "'1.7446e-01', '2.2810e-01', "
[92mINFO [0m:      	                                      "'1.7722e-01', '1.9327e-01', "
[92mINFO [0m:      	                                      "'2.1900e-01', '2.6705e-01', "
[92mINFO [0m:      	                                      "'2.2373e-01', '2.1686e-01']",
[92mINFO [0m:      	        'train_loss': '6.5581e-02',
[92mINFO [0m:      	        'train_loss_mean': '1.9845e-01'},
[92mINFO [0m:      	  17: { 'client-ids': "['0', '1', '2', '3', '4', '5', '6', '7', '8', '9', "
[92mINFO [0m:      	                      "'10', '11', '12', '13', '14', '15']",
[92mINFO [0m:      	        'dp-client-clipped': "['1', '0', '1', '0', '1', '1', '0', '0', '1', "
[92mINFO [0m:      	                             "'0', '0', '1', '0', '0', '0', '0']",
[92mINFO [0m:      	        'dp-client-ids': "['0', '1', '2', '3', '4', '5', '6', '7', '8', '9', "
[92mINFO [0m:      	                         "'10', '11', '12', '13', '14', '15']",
[92mINFO [0m:      	        'dp-expected-noise-l2-norm': '5.9503e+00',
[92mINFO [0m:      	        'dp-fraction-clipped': '3.7500e-01',
[92mINFO [0m:      	        'dp-noise-percent-of-signal': '4.5625e+02',
[92mINFO [0m:      	        'dp-noise-to-signal-ratio': '4.5625e+00',
[92mINFO [0m:      	        'dp-num-clients-clipped': '6',
[92mINFO [0m:      	        'dp-parameter-count': '226596',
[92mINFO [0m:      	        'dp-signal-update-norm': '1.3042e+00',
[92mINFO [0m:      	        'dp-update-norms-before-clipping': "['5.4037e+00', '4.7068e+00', "
[92mINFO [0m:      	                                           "'5.2737e+00', '3.6770e+00', "
[92mINFO [0m:      	                                           "'5.1610e+00', '5.3343e+00', "
[92mINFO [0m:      	                                           "'4.4703e+00', '4.2920e+00', "
[92mINFO [0m:      	                                           "'5.0934e+00', '3.4335e+00', "
[92mINFO [0m:      	                                           "'3.9427e+00', '5.2261e+00', "
[92mINFO [0m:      	                                           "'4.7396e+00', '4.0544e+00', "
[92mINFO [0m:      	                                           "'4.1835e+00', '3.3853e+00']",
[92mINFO [0m:      	        'global-dp-noise-stdv': '1.2500e-02',
[92mINFO [0m:      	        'per-client-num-examples': "['1223', '1082', '1364', '517', '1435', "
[92mINFO [0m:      	                                   "'1505', '940', '870', '1152', '447', "
[92mINFO [0m:      	                                   "'729', '1294', '1012', '659', '800', "
[92mINFO [0m:      	                                   "'376']",
[92mINFO [0m:      	        'per-client-train_loss': "['5.2026e-02', '4.2354e-02', '6.2542e-02', "
[92mINFO [0m:      	                                 "'3.1366e-02', '4.8963e-02', '4.8112e-02', "
[92mINFO [0m:      	                                 "'5.3599e-02', '5.0474e-02', '5.6316e-02', "
[92mINFO [0m:      	                                 "'2.5485e-02', '3.5663e-02', '4.8096e-02', "
[92mINFO [0m:      	                                 "'4.7297e-02', '6.2194e-02', '6.5113e-02', "
[92mINFO [0m:      	                                 "'4.0254e-02']",
[92mINFO [0m:      	        'per-client-train_loss_mean': "['1.8541e-01', '1.9611e-01', "
[92mINFO [0m:      	                                      "'1.8740e-01', '2.3556e-01', "
[92mINFO [0m:      	                                      "'1.5507e-01', '1.5610e-01', "
[92mINFO [0m:      	                                      "'1.7509e-01', '1.6927e-01', "
[92mINFO [0m:      	                                      "'1.6718e-01', '2.2310e-01', "
[92mINFO [0m:      	                                      "'1.9257e-01', '1.7465e-01', "
[92mINFO [0m:      	                                      "'1.9832e-01', '2.4915e-01', "
[92mINFO [0m:      	                                      "'2.1199e-01', '2.1074e-01']",
[92mINFO [0m:      	        'train_loss': '4.9888e-02',
[92mINFO [0m:      	        'train_loss_mean': '1.8553e-01'},
[92mINFO [0m:      	  18: { 'client-ids': "['0', '1', '2', '3', '4', '5', '6', '7', '8', '9', "
[92mINFO [0m:      	                      "'10', '11', '12', '13', '14', '15']",
[92mINFO [0m:      	        'dp-client-clipped': "['0', '0', '0', '0', '0', '1', '0', '0', '1', "
[92mINFO [0m:      	                             "'0', '0', '1', '0', '0', '0', '0']",
[92mINFO [0m:      	        'dp-client-ids': "['0', '1', '2', '3', '4', '5', '6', '7', '8', '9', "
[92mINFO [0m:      	                         "'10', '11', '12', '13', '14', '15']",
[92mINFO [0m:      	        'dp-expected-noise-l2-norm': '5.9503e+00',
[92mINFO [0m:      	        'dp-fraction-clipped': '1.8750e-01',
[92mINFO [0m:      	        'dp-noise-percent-of-signal': '4.6425e+02',
[92mINFO [0m:      	        'dp-noise-to-signal-ratio': '4.6425e+00',
[92mINFO [0m:      	        'dp-num-clients-clipped': '3',
[92mINFO [0m:      	        'dp-parameter-count': '226596',
[92mINFO [0m:      	        'dp-signal-update-norm': '1.2817e+00',
[92mINFO [0m:      	        'dp-update-norms-before-clipping': "['4.8729e+00', '4.7586e+00', "
[92mINFO [0m:      	                                           "'4.9066e+00', '3.5920e+00', "
[92mINFO [0m:      	                                           "'4.8660e+00', '5.5062e+00', "
[92mINFO [0m:      	                                           "'4.4900e+00', '4.3252e+00', "
[92mINFO [0m:      	                                           "'5.1565e+00', '3.3007e+00', "
[92mINFO [0m:      	                                           "'4.0768e+00', '5.0918e+00', "
[92mINFO [0m:      	                                           "'4.5517e+00', '3.8959e+00', "
[92mINFO [0m:      	                                           "'4.2951e+00', '3.3630e+00']",
[92mINFO [0m:      	        'global-dp-noise-stdv': '1.2500e-02',
[92mINFO [0m:      	        'per-client-num-examples': "['1223', '1082', '1364', '517', '1435', "
[92mINFO [0m:      	                                   "'1505', '940', '870', '1152', '447', "
[92mINFO [0m:      	                                   "'729', '1294', '1012', '659', '800', "
[92mINFO [0m:      	                                   "'376']",
[92mINFO [0m:      	        'per-client-train_loss': "['6.7097e-02', '4.4749e-02', '4.0216e-02', "
[92mINFO [0m:      	                                 "'7.5857e-02', '4.2468e-02', '4.9266e-02', "
[92mINFO [0m:      	                                 "'4.9844e-02', '6.0047e-02', '1.2184e-01', "
[92mINFO [0m:      	                                 "'1.9197e-02', '3.7274e-02', '7.4049e-02', "
[92mINFO [0m:      	                                 "'5.3581e-02', '3.5800e-02', '6.0460e-02', "
[92mINFO [0m:      	                                 "'5.8490e-02']",
[92mINFO [0m:      	        'per-client-train_loss_mean': "['1.5335e-01', '1.6125e-01', "
[92mINFO [0m:      	                                      "'1.5381e-01', '3.2537e-01', "
[92mINFO [0m:      	                                      "'1.4072e-01', '1.6044e-01', "
[92mINFO [0m:      	                                      "'1.6720e-01', '1.6818e-01', "
[92mINFO [0m:      	                                      "'1.7370e-01', '2.3066e-01', "
[92mINFO [0m:      	                                      "'1.9084e-01', '1.6419e-01', "
[92mINFO [0m:      	                                      "'1.8457e-01', '2.3415e-01', "
[92mINFO [0m:      	                                      "'2.0951e-01', '2.5012e-01']",
[92mINFO [0m:      	        'train_loss': '5.7049e-02',
[92mINFO [0m:      	        'train_loss_mean': '1.7815e-01'},
[92mINFO [0m:      	  19: { 'client-ids': "['0', '1', '2', '3', '4', '5', '6', '7', '8', '9', "
[92mINFO [0m:      	                      "'10', '11', '12', '13', '14', '15']",
[92mINFO [0m:      	        'dp-client-clipped': "['1', '0', '0', '0', '1', '1', '0', '0', '0', "
[92mINFO [0m:      	                             "'0', '0', '0', '0', '0', '0', '0']",
[92mINFO [0m:      	        'dp-client-ids': "['0', '1', '2', '3', '4', '5', '6', '7', '8', '9', "
[92mINFO [0m:      	                         "'10', '11', '12', '13', '14', '15']",
[92mINFO [0m:      	        'dp-expected-noise-l2-norm': '5.9503e+00',
[92mINFO [0m:      	        'dp-fraction-clipped': '1.8750e-01',
[92mINFO [0m:      	        'dp-noise-percent-of-signal': '4.7463e+02',
[92mINFO [0m:      	        'dp-noise-to-signal-ratio': '4.7463e+00',
[92mINFO [0m:      	        'dp-num-clients-clipped': '3',
[92mINFO [0m:      	        'dp-parameter-count': '226596',
[92mINFO [0m:      	        'dp-signal-update-norm': '1.2537e+00',
[92mINFO [0m:      	        'dp-update-norms-before-clipping': "['5.4757e+00', '4.5819e+00', "
[92mINFO [0m:      	                                           "'4.8046e+00', '3.4979e+00', "
[92mINFO [0m:      	                                           "'5.4599e+00', '5.4565e+00', "
[92mINFO [0m:      	                                           "'4.6545e+00', '4.1727e+00', "
[92mINFO [0m:      	                                           "'4.3338e+00', '3.4221e+00', "
[92mINFO [0m:      	                                           "'3.8426e+00', '4.9911e+00', "
[92mINFO [0m:      	                                           "'4.6031e+00', '3.8937e+00', "
[92mINFO [0m:      	                                           "'3.9898e+00', '3.3776e+00']",
[92mINFO [0m:      	        'global-dp-noise-stdv': '1.2500e-02',
[92mINFO [0m:      	        'per-client-num-examples': "['1223', '1082', '1364', '517', '1435', "
[92mINFO [0m:      	                                   "'1505', '940', '870', '1152', '447', "
[92mINFO [0m:      	                                   "'729', '1294', '1012', '659', '800', "
[92mINFO [0m:      	                                   "'376']",
[92mINFO [0m:      	        'per-client-train_loss': "['1.3456e-01', '5.4508e-02', '3.9075e-02', "
[92mINFO [0m:      	                                 "'3.7675e-02', '7.4265e-02', '5.4741e-02', "
[92mINFO [0m:      	                                 "'9.4362e-02', '3.3793e-02', '1.9774e-02', "
[92mINFO [0m:      	                                 "'2.8607e-02', '3.3104e-02', '6.8911e-02', "
[92mINFO [0m:      	                                 "'5.5542e-02', '3.5778e-02', '4.7064e-02', "
[92mINFO [0m:      	                                 "'3.6904e-02']",
[92mINFO [0m:      	        'per-client-train_loss_mean': "['1.7032e-01', '1.5043e-01', "
[92mINFO [0m:      	                                      "'1.4210e-01', '2.4677e-01', "
[92mINFO [0m:      	                                      "'1.2559e-01', '1.4480e-01', "
[92mINFO [0m:      	                                      "'1.4483e-01', '1.6954e-01', "
[92mINFO [0m:      	                                      "'1.4374e-01', '2.4625e-01', "
[92mINFO [0m:      	                                      "'1.7113e-01', '1.4975e-01', "
[92mINFO [0m:      	                                      "'1.7012e-01', '2.3292e-01', "
[92mINFO [0m:      	                                      "'2.1484e-01', '2.3697e-01']",
[92mINFO [0m:      	        'train_loss': '5.7355e-02',
[92mINFO [0m:      	        'train_loss_mean': '1.6586e-01'},
[92mINFO [0m:      	  20: { 'client-ids': "['0', '1', '2', '3', '4', '5', '6', '7', '8', '9', "
[92mINFO [0m:      	                      "'10', '11', '12', '13', '14', '15']",
[92mINFO [0m:      	        'dp-client-clipped': "['1', '0', '1', '0', '1', '1', '0', '0', '0', "
[92mINFO [0m:      	                             "'0', '0', '0', '0', '0', '0', '0']",
[92mINFO [0m:      	        'dp-client-ids': "['0', '1', '2', '3', '4', '5', '6', '7', '8', '9', "
[92mINFO [0m:      	                         "'10', '11', '12', '13', '14', '15']",
[92mINFO [0m:      	        'dp-expected-noise-l2-norm': '5.9503e+00',
[92mINFO [0m:      	        'dp-fraction-clipped': '2.5000e-01',
[92mINFO [0m:      	        'dp-noise-percent-of-signal': '4.7650e+02',
[92mINFO [0m:      	        'dp-noise-to-signal-ratio': '4.7650e+00',
[92mINFO [0m:      	        'dp-num-clients-clipped': '4',
[92mINFO [0m:      	        'dp-parameter-count': '226596',
[92mINFO [0m:      	        'dp-signal-update-norm': '1.2487e+00',
[92mINFO [0m:      	        'dp-update-norms-before-clipping': "['5.0670e+00', '4.4897e+00', "
[92mINFO [0m:      	                                           "'5.0245e+00', '3.5079e+00', "
[92mINFO [0m:      	                                           "'5.0093e+00', '5.7437e+00', "
[92mINFO [0m:      	                                           "'4.1368e+00', '3.9605e+00', "
[92mINFO [0m:      	                                           "'4.6857e+00', '3.3250e+00', "
[92mINFO [0m:      	                                           "'4.0370e+00', '4.7398e+00', "
[92mINFO [0m:      	                                           "'4.3094e+00', '4.0273e+00', "
[92mINFO [0m:      	                                           "'3.8718e+00', '3.3894e+00']",
[92mINFO [0m:      	        'global-dp-noise-stdv': '1.2500e-02',
[92mINFO [0m:      	        'per-client-num-examples': "['1223', '1082', '1364', '517', '1435', "
[92mINFO [0m:      	                                   "'1505', '940', '870', '1152', '447', "
[92mINFO [0m:      	                                   "'729', '1294', '1012', '659', '800', "
[92mINFO [0m:      	                                   "'376']",
[92mINFO [0m:      	        'per-client-train_loss': "['5.1406e-02', '3.5124e-02', '4.0887e-02', "
[92mINFO [0m:      	                                 "'3.7741e-02', '2.0615e-02', '1.4847e-01', "
[92mINFO [0m:      	                                 "'3.4925e-02', '1.3497e-02', '4.7601e-02', "
[92mINFO [0m:      	                                 "'1.9788e-02', '3.0494e-02', '2.3684e-02', "
[92mINFO [0m:      	                                 "'2.3752e-02', '3.6819e-02', '3.5060e-02', "
[92mINFO [0m:      	                                 "'3.2293e-02']",
[92mINFO [0m:      	        'per-client-train_loss_mean': "['1.5896e-01', '1.4208e-01', "
[92mINFO [0m:      	                                      "'1.3215e-01', '2.4694e-01', "
[92mINFO [0m:      	                                      "'1.3430e-01', '1.4415e-01', "
[92mINFO [0m:      	                                      "'1.4645e-01', '1.3753e-01', "
[92mINFO [0m:      	                                      "'1.4082e-01', '2.2135e-01', "
[92mINFO [0m:      	                                      "'1.6637e-01', '1.3421e-01', "
[92mINFO [0m:      	                                      "'1.4611e-01', '2.1182e-01', "
[92mINFO [0m:      	                                      "'1.8439e-01', '2.3395e-01']",
[92mINFO [0m:      	        'train_loss': '4.4064e-02',
[92mINFO [0m:      	        'train_loss_mean': '1.5593e-01'}}
[92mINFO [0m:      	
[92mINFO [0m:      	Aggregated ClientApp-side Evaluate Metrics:
[92mINFO [0m:      	{ 1: { 'client-ids': "['0', '1', '2', '3', '4', '5', '6', '7', '8', '9', '10', "
[92mINFO [0m:      	                     "'11', '12', '13', '14', '15']",
[92mINFO [0m:      	       'eval_acc': '3.5933e-01',
[92mINFO [0m:      	       'eval_loss': '1.3568e+00',
[92mINFO [0m:      	       'per-client-eval_acc': "['3.3987e-01', '3.4317e-01', '3.5088e-01', "
[92mINFO [0m:      	                              "'3.7692e-01', '3.3705e-01', '3.5279e-01', "
[92mINFO [0m:      	                              "'3.6864e-01', '3.5780e-01', '3.9446e-01', "
[92mINFO [0m:      	                              "'3.4821e-01', '3.7158e-01', '3.7346e-01', "
[92mINFO [0m:      	                              "'3.5968e-01', '3.6364e-01', '3.7500e-01', "
[92mINFO [0m:      	                              "'3.5789e-01']",
[92mINFO [0m:      	       'per-client-eval_loss': "['1.3608e+00', '1.3554e+00', '1.3603e+00', "
[92mINFO [0m:      	                               "'1.3534e+00', '1.3615e+00', '1.3593e+00', "
[92mINFO [0m:      	                               "'1.3545e+00', '1.3509e+00', '1.3519e+00', "
[92mINFO [0m:      	                               "'1.3674e+00', '1.3545e+00', '1.3532e+00', "
[92mINFO [0m:      	                               "'1.3581e+00', '1.3549e+00', '1.3539e+00', "
[92mINFO [0m:      	                               "'1.3555e+00']",
[92mINFO [0m:      	       'per-client-num-examples': "['306', '271', '342', '130', '359', '377', "
[92mINFO [0m:      	                                  "'236', '218', '289', '112', '183', '324', "
[92mINFO [0m:      	                                  "'253', '165', '200', '95']"},
[92mINFO [0m:      	  2: { 'client-ids': "['0', '1', '2', '3', '4', '5', '6', '7', '8', '9', '10', "
[92mINFO [0m:      	                     "'11', '12', '13', '14', '15']",
[92mINFO [0m:      	       'eval_acc': '5.8135e-01',
[92mINFO [0m:      	       'eval_loss': '9.9008e-01',
[92mINFO [0m:      	       'per-client-eval_acc': "['5.4902e-01', '6.0148e-01', '5.5848e-01', "
[92mINFO [0m:      	                              "'6.0000e-01', '5.4318e-01', '5.6499e-01', "
[92mINFO [0m:      	                              "'6.1017e-01', '6.4679e-01', '5.6401e-01', "
[92mINFO [0m:      	                              "'5.5357e-01', '5.9016e-01', '5.8642e-01', "
[92mINFO [0m:      	                              "'5.8498e-01', '5.6970e-01', '6.6000e-01', "
[92mINFO [0m:      	                              "'5.6842e-01']",
[92mINFO [0m:      	       'per-client-eval_loss': "['1.0463e+00', '9.7579e-01', '1.0196e+00', "
[92mINFO [0m:      	                               "'9.5480e-01', '1.0278e+00', '1.0168e+00', "
[92mINFO [0m:      	                               "'9.6015e-01', '9.1370e-01', '9.9420e-01', "
[92mINFO [0m:      	                               "'1.0377e+00', '9.8974e-01', '9.5583e-01', "
[92mINFO [0m:      	                               "'9.7603e-01', '9.9190e-01', '9.1091e-01', "
[92mINFO [0m:      	                               "'1.0427e+00']",
[92mINFO [0m:      	       'per-client-num-examples': "['306', '271', '342', '130', '359', '377', "
[92mINFO [0m:      	                                  "'236', '218', '289', '112', '183', '324', "
[92mINFO [0m:      	                                  "'253', '165', '200', '95']"},
[92mINFO [0m:      	  3: { 'client-ids': "['0', '1', '2', '3', '4', '5', '6', '7', '8', '9', '10', "
[92mINFO [0m:      	                     "'11', '12', '13', '14', '15']",
[92mINFO [0m:      	       'eval_acc': '6.5648e-01',
[92mINFO [0m:      	       'eval_loss': '8.4966e-01',
[92mINFO [0m:      	       'per-client-eval_acc': "['6.2745e-01', '6.4576e-01', '6.4620e-01', "
[92mINFO [0m:      	                              "'6.8462e-01', '6.2953e-01', '6.3660e-01', "
[92mINFO [0m:      	                              "'6.5678e-01', '6.9725e-01', '6.5398e-01', "
[92mINFO [0m:      	                              "'5.6250e-01', '6.9399e-01', '6.8210e-01', "
[92mINFO [0m:      	                              "'6.9565e-01', '6.4242e-01', '7.1500e-01', "
[92mINFO [0m:      	                              "'6.2105e-01']",
[92mINFO [0m:      	       'per-client-eval_loss': "['9.1925e-01', '8.3937e-01', '8.7274e-01', "
[92mINFO [0m:      	                               "'7.8020e-01', '8.7881e-01', '8.7124e-01', "
[92mINFO [0m:      	                               "'8.3001e-01', '7.6127e-01', '8.3944e-01', "
[92mINFO [0m:      	                               "'9.2447e-01', '8.7410e-01', '8.2283e-01', "
[92mINFO [0m:      	                               "'8.2482e-01', '8.6011e-01', '7.7760e-01', "
[92mINFO [0m:      	                               "'9.0977e-01']",
[92mINFO [0m:      	       'per-client-num-examples': "['306', '271', '342', '130', '359', '377', "
[92mINFO [0m:      	                                  "'236', '218', '289', '112', '183', '324', "
[92mINFO [0m:      	                                  "'253', '165', '200', '95']"},
[92mINFO [0m:      	  4: { 'client-ids': "['0', '1', '2', '3', '4', '5', '6', '7', '8', '9', '10', "
[92mINFO [0m:      	                     "'11', '12', '13', '14', '15']",
[92mINFO [0m:      	       'eval_acc': '6.5881e-01',
[92mINFO [0m:      	       'eval_loss': '7.9590e-01',
[92mINFO [0m:      	       'per-client-eval_acc': "['6.2745e-01', '6.5314e-01', '6.5205e-01', "
[92mINFO [0m:      	                              "'6.7692e-01', '6.4067e-01', '6.5517e-01', "
[92mINFO [0m:      	                              "'6.5254e-01', '7.3394e-01', '6.7820e-01', "
[92mINFO [0m:      	                              "'6.3393e-01', '6.5574e-01', '6.3580e-01', "
[92mINFO [0m:      	                              "'6.8775e-01', '6.3030e-01', '7.0500e-01', "
[92mINFO [0m:      	                              "'6.3158e-01']",
[92mINFO [0m:      	       'per-client-eval_loss': "['8.4886e-01', '7.7206e-01', '8.2586e-01', "
[92mINFO [0m:      	                               "'7.4313e-01', '8.2993e-01', '8.0707e-01', "
[92mINFO [0m:      	                               "'7.8688e-01', '6.8644e-01', '7.6639e-01', "
[92mINFO [0m:      	                               "'8.4236e-01', '8.2971e-01', '7.9144e-01', "
[92mINFO [0m:      	                               "'7.7963e-01', '7.9633e-01', '7.3461e-01', "
[92mINFO [0m:      	                               "'9.1507e-01']",
[92mINFO [0m:      	       'per-client-num-examples': "['306', '271', '342', '130', '359', '377', "
[92mINFO [0m:      	                                  "'236', '218', '289', '112', '183', '324', "
[92mINFO [0m:      	                                  "'253', '165', '200', '95']"},
[92mINFO [0m:      	  5: { 'client-ids': "['0', '1', '2', '3', '4', '5', '6', '7', '8', '9', '10', "
[92mINFO [0m:      	                     "'11', '12', '13', '14', '15']",
[92mINFO [0m:      	       'eval_acc': '7.3705e-01',
[92mINFO [0m:      	       'eval_loss': '6.6023e-01',
[92mINFO [0m:      	       'per-client-eval_acc': "['7.0261e-01', '7.6384e-01', '7.3977e-01', "
[92mINFO [0m:      	                              "'7.3077e-01', '7.3538e-01', '7.4005e-01', "
[92mINFO [0m:      	                              "'7.4153e-01', '7.7064e-01', '7.6817e-01', "
[92mINFO [0m:      	                              "'7.1429e-01', '7.2131e-01', '7.2531e-01', "
[92mINFO [0m:      	                              "'7.5889e-01', '7.1515e-01', '7.4500e-01', "
[92mINFO [0m:      	                              "'6.4211e-01']",
[92mINFO [0m:      	       'per-client-eval_loss': "['7.0036e-01', '6.2557e-01', '6.4967e-01', "
[92mINFO [0m:      	                               "'6.2923e-01', '7.0940e-01', '6.7723e-01', "
[92mINFO [0m:      	                               "'6.5451e-01', '5.6512e-01', '6.5152e-01', "
[92mINFO [0m:      	                               "'6.9740e-01', '6.8599e-01', '6.6882e-01', "
[92mINFO [0m:      	                               "'6.3741e-01', '6.4280e-01', '6.0905e-01', "
[92mINFO [0m:      	                               "'7.9207e-01']",
[92mINFO [0m:      	       'per-client-num-examples': "['306', '271', '342', '130', '359', '377', "
[92mINFO [0m:      	                                  "'236', '218', '289', '112', '183', '324', "
[92mINFO [0m:      	                                  "'253', '165', '200', '95']"},
[92mINFO [0m:      	  6: { 'client-ids': "['0', '1', '2', '3', '4', '5', '6', '7', '8', '9', '10', "
[92mINFO [0m:      	                     "'11', '12', '13', '14', '15']",
[92mINFO [0m:      	       'eval_acc': '7.5000e-01',
[92mINFO [0m:      	       'eval_loss': '6.3305e-01',
[92mINFO [0m:      	       'per-client-eval_acc': "['7.0261e-01', '7.6384e-01', '7.6023e-01', "
[92mINFO [0m:      	                              "'7.6923e-01', '7.3538e-01', '7.4536e-01', "
[92mINFO [0m:      	                              "'7.5000e-01', '7.9817e-01', '7.7509e-01', "
[92mINFO [0m:      	                              "'7.5893e-01', '7.3224e-01', '7.3148e-01', "
[92mINFO [0m:      	                              "'7.7866e-01', '7.6970e-01', '7.5500e-01', "
[92mINFO [0m:      	                              "'6.5263e-01']",
[92mINFO [0m:      	       'per-client-eval_loss': "['6.9397e-01', '5.9117e-01', '5.9739e-01', "
[92mINFO [0m:      	                               "'5.6292e-01', '6.6380e-01', '6.5154e-01', "
[92mINFO [0m:      	                               "'6.4921e-01', '5.3747e-01', '6.4810e-01', "
[92mINFO [0m:      	                               "'6.9461e-01', '6.5271e-01', '6.4384e-01', "
[92mINFO [0m:      	                               "'6.1129e-01', '5.9112e-01', '5.9326e-01', "
[92mINFO [0m:      	                               "'7.9189e-01']",
[92mINFO [0m:      	       'per-client-num-examples': "['306', '271', '342', '130', '359', '377', "
[92mINFO [0m:      	                                  "'236', '218', '289', '112', '183', '324', "
[92mINFO [0m:      	                                  "'253', '165', '200', '95']"},
[92mINFO [0m:      	  7: { 'client-ids': "['0', '1', '2', '3', '4', '5', '6', '7', '8', '9', '10', "
[92mINFO [0m:      	                     "'11', '12', '13', '14', '15']",
[92mINFO [0m:      	       'eval_acc': '7.5389e-01',
[92mINFO [0m:      	       'eval_loss': '6.3922e-01',
[92mINFO [0m:      	       'per-client-eval_acc': "['7.2876e-01', '7.5646e-01', '7.5731e-01', "
[92mINFO [0m:      	                              "'7.3846e-01', '7.4930e-01', '7.6127e-01', "
[92mINFO [0m:      	                              "'7.3729e-01', '7.7982e-01', '7.9585e-01', "
[92mINFO [0m:      	                              "'7.4107e-01', '7.3770e-01', '7.2531e-01', "
[92mINFO [0m:      	                              "'7.9447e-01', '7.5758e-01', '7.7000e-01', "
[92mINFO [0m:      	                              "'6.7368e-01']",
[92mINFO [0m:      	       'per-client-eval_loss': "['6.6762e-01', '5.8498e-01', '6.3596e-01', "
[92mINFO [0m:      	                               "'5.9932e-01', '6.5627e-01', '6.5458e-01', "
[92mINFO [0m:      	                               "'6.9765e-01', '5.6621e-01', '6.0646e-01', "
[92mINFO [0m:      	                               "'7.0115e-01', '6.5380e-01', '6.6547e-01', "
[92mINFO [0m:      	                               "'6.2195e-01', '5.5922e-01', '6.0930e-01', "
[92mINFO [0m:      	                               "'8.2265e-01']",
[92mINFO [0m:      	       'per-client-num-examples': "['306', '271', '342', '130', '359', '377', "
[92mINFO [0m:      	                                  "'236', '218', '289', '112', '183', '324', "
[92mINFO [0m:      	                                  "'253', '165', '200', '95']"},
[92mINFO [0m:      	  8: { 'client-ids': "['0', '1', '2', '3', '4', '5', '6', '7', '8', '9', '10', "
[92mINFO [0m:      	                     "'11', '12', '13', '14', '15']",
[92mINFO [0m:      	       'eval_acc': '7.7435e-01',
[92mINFO [0m:      	       'eval_loss': '5.9942e-01',
[92mINFO [0m:      	       'per-client-eval_acc': "['7.5163e-01', '7.7860e-01', '7.8655e-01', "
[92mINFO [0m:      	                              "'7.8462e-01', '7.9109e-01', '7.7454e-01', "
[92mINFO [0m:      	                              "'7.7966e-01', '7.9358e-01', '7.9585e-01', "
[92mINFO [0m:      	                              "'7.3214e-01', '7.7049e-01', '7.4074e-01', "
[92mINFO [0m:      	                              "'8.0632e-01', '7.6364e-01', '7.7000e-01', "
[92mINFO [0m:      	                              "'7.0526e-01']",
[92mINFO [0m:      	       'per-client-eval_loss': "['6.3860e-01', '5.7325e-01', '5.7408e-01', "
[92mINFO [0m:      	                               "'5.7167e-01', '6.0895e-01', '6.0191e-01', "
[92mINFO [0m:      	                               "'6.4362e-01', '5.5016e-01', '6.1058e-01', "
[92mINFO [0m:      	                               "'6.6550e-01', '5.9399e-01', '6.2126e-01', "
[92mINFO [0m:      	                               "'5.6593e-01', '5.1187e-01', '5.4453e-01', "
[92mINFO [0m:      	                               "'8.1523e-01']",
[92mINFO [0m:      	       'per-client-num-examples': "['306', '271', '342', '130', '359', '377', "
[92mINFO [0m:      	                                  "'236', '218', '289', '112', '183', '324', "
[92mINFO [0m:      	                                  "'253', '165', '200', '95']"},
[92mINFO [0m:      	  9: { 'client-ids': "['0', '1', '2', '3', '4', '5', '6', '7', '8', '9', '10', "
[92mINFO [0m:      	                     "'11', '12', '13', '14', '15']",
[92mINFO [0m:      	       'eval_acc': '7.7979e-01',
[92mINFO [0m:      	       'eval_loss': '5.8890e-01',
[92mINFO [0m:      	       'per-client-eval_acc': "['7.6471e-01', '8.1919e-01', '7.6901e-01', "
[92mINFO [0m:      	                              "'8.0769e-01', '7.7994e-01', '7.7719e-01', "
[92mINFO [0m:      	                              "'7.6695e-01', '8.2110e-01', '7.8893e-01', "
[92mINFO [0m:      	                              "'7.0536e-01', '7.5410e-01', '7.5926e-01', "
[92mINFO [0m:      	                              "'8.1818e-01', '7.8788e-01', '8.0000e-01', "
[92mINFO [0m:      	                              "'6.8421e-01']",
[92mINFO [0m:      	       'per-client-eval_loss': "['6.3347e-01', '5.0944e-01', '5.6752e-01', "
[92mINFO [0m:      	                               "'5.4989e-01', '6.2631e-01', '5.7919e-01', "
[92mINFO [0m:      	                               "'6.2440e-01', '5.1515e-01', '6.3740e-01', "
[92mINFO [0m:      	                               "'6.4988e-01', '5.9718e-01', '6.1709e-01', "
[92mINFO [0m:      	                               "'5.5659e-01', '5.4538e-01', '4.9409e-01', "
[92mINFO [0m:      	                               "'8.1007e-01']",
[92mINFO [0m:      	       'per-client-num-examples': "['306', '271', '342', '130', '359', '377', "
[92mINFO [0m:      	                                  "'236', '218', '289', '112', '183', '324', "
[92mINFO [0m:      	                                  "'253', '165', '200', '95']"},
[92mINFO [0m:      	  10: { 'client-ids': "['0', '1', '2', '3', '4', '5', '6', '7', '8', '9', "
[92mINFO [0m:      	                      "'10', '11', '12', '13', '14', '15']",
[92mINFO [0m:      	        'eval_acc': '7.8316e-01',
[92mINFO [0m:      	        'eval_loss': '6.0437e-01',
[92mINFO [0m:      	        'per-client-eval_acc': "['7.6144e-01', '8.1919e-01', '7.5731e-01', "
[92mINFO [0m:      	                               "'7.6923e-01', '7.7437e-01', '7.8780e-01', "
[92mINFO [0m:      	                               "'7.8814e-01', '8.1193e-01', '7.9585e-01', "
[92mINFO [0m:      	                               "'7.2321e-01', '7.7596e-01', '7.5617e-01', "
[92mINFO [0m:      	                               "'8.2609e-01', '8.0606e-01', '8.2000e-01', "
[92mINFO [0m:      	                               "'7.0526e-01']",
[92mINFO [0m:      	        'per-client-eval_loss': "['6.5115e-01', '4.8561e-01', '5.9867e-01', "
[92mINFO [0m:      	                                "'5.4841e-01', '6.4312e-01', '6.2585e-01', "
[92mINFO [0m:      	                                "'6.7025e-01', '5.1414e-01', '6.2880e-01', "
[92mINFO [0m:      	                                "'7.0875e-01', '6.1771e-01', '6.4252e-01', "
[92mINFO [0m:      	                                "'5.4826e-01', '5.3087e-01', '5.0741e-01', "
[92mINFO [0m:      	                                "'8.2927e-01']",
[92mINFO [0m:      	        'per-client-num-examples': "['306', '271', '342', '130', '359', '377', "
[92mINFO [0m:      	                                   "'236', '218', '289', '112', '183', '324', "
[92mINFO [0m:      	                                   "'253', '165', '200', '95']"},
[92mINFO [0m:      	  11: { 'client-ids': "['0', '1', '2', '3', '4', '5', '6', '7', '8', '9', "
[92mINFO [0m:      	                      "'10', '11', '12', '13', '14', '15']",
[92mINFO [0m:      	        'eval_acc': '7.8731e-01',
[92mINFO [0m:      	        'eval_loss': '5.9369e-01',
[92mINFO [0m:      	        'per-client-eval_acc': "['7.7124e-01', '8.2288e-01', '7.8655e-01', "
[92mINFO [0m:      	                               "'7.9231e-01', '7.9109e-01', '7.8249e-01', "
[92mINFO [0m:      	                               "'7.6695e-01', '8.0275e-01', '8.0969e-01', "
[92mINFO [0m:      	                               "'7.3214e-01', '7.9781e-01', '7.6235e-01', "
[92mINFO [0m:      	                               "'8.2609e-01', '8.0000e-01', '7.8000e-01', "
[92mINFO [0m:      	                               "'7.0526e-01']",
[92mINFO [0m:      	        'per-client-eval_loss': "['6.2505e-01', '4.9911e-01', '5.7533e-01', "
[92mINFO [0m:      	                                "'5.3848e-01', '6.1872e-01', '6.1731e-01', "
[92mINFO [0m:      	                                "'6.6203e-01', '5.4478e-01', '5.8025e-01', "
[92mINFO [0m:      	                                "'7.1517e-01', '5.2402e-01', '6.6443e-01', "
[92mINFO [0m:      	                                "'5.5942e-01', '5.2419e-01', '5.0927e-01', "
[92mINFO [0m:      	                                "'8.3858e-01']",
[92mINFO [0m:      	        'per-client-num-examples': "['306', '271', '342', '130', '359', '377', "
[92mINFO [0m:      	                                   "'236', '218', '289', '112', '183', '324', "
[92mINFO [0m:      	                                   "'253', '165', '200', '95']"},
[92mINFO [0m:      	  12: { 'client-ids': "['0', '1', '2', '3', '4', '5', '6', '7', '8', '9', "
[92mINFO [0m:      	                      "'10', '11', '12', '13', '14', '15']",
[92mINFO [0m:      	        'eval_acc': '7.8679e-01',
[92mINFO [0m:      	        'eval_loss': '6.0992e-01',
[92mINFO [0m:      	        'per-client-eval_acc': "['7.8105e-01', '8.1550e-01', '7.8655e-01', "
[92mINFO [0m:      	                               "'7.9231e-01', '7.8273e-01', '7.8780e-01', "
[92mINFO [0m:      	                               "'7.6271e-01', '8.1651e-01', '7.6817e-01', "
[92mINFO [0m:      	                               "'6.8750e-01', '8.3060e-01', '7.4691e-01', "
[92mINFO [0m:      	                               "'8.2609e-01', '8.1212e-01', '8.2000e-01', "
[92mINFO [0m:      	                               "'7.2632e-01']",
[92mINFO [0m:      	        'per-client-eval_loss': "['6.2757e-01', '5.3647e-01', '5.8474e-01', "
[92mINFO [0m:      	                                "'5.5016e-01', '6.6243e-01', '6.3110e-01', "
[92mINFO [0m:      	                                "'6.4919e-01', '5.2203e-01', '6.5923e-01', "
[92mINFO [0m:      	                                "'7.7679e-01', '4.9020e-01', '6.7525e-01', "
[92mINFO [0m:      	                                "'5.8685e-01', '5.2328e-01', '4.7338e-01', "
[92mINFO [0m:      	                                "'9.1726e-01']",
[92mINFO [0m:      	        'per-client-num-examples': "['306', '271', '342', '130', '359', '377', "
[92mINFO [0m:      	                                   "'236', '218', '289', '112', '183', '324', "
[92mINFO [0m:      	                                   "'253', '165', '200', '95']"},
[92mINFO [0m:      	  13: { 'client-ids': "['0', '1', '2', '3', '4', '5', '6', '7', '8', '9', "
[92mINFO [0m:      	                      "'10', '11', '12', '13', '14', '15']",
[92mINFO [0m:      	        'eval_acc': '7.9482e-01',
[92mINFO [0m:      	        'eval_loss': '6.1433e-01',
[92mINFO [0m:      	        'per-client-eval_acc': "['7.6471e-01', '8.0812e-01', '7.9240e-01', "
[92mINFO [0m:      	                               "'8.3846e-01', '7.8830e-01', '7.9310e-01', "
[92mINFO [0m:      	                               "'7.9661e-01', '8.3028e-01', '7.7509e-01', "
[92mINFO [0m:      	                               "'7.3214e-01', '8.3060e-01', '7.9012e-01', "
[92mINFO [0m:      	                               "'8.1028e-01', '8.1212e-01', '8.1500e-01', "
[92mINFO [0m:      	                               "'7.1579e-01']",
[92mINFO [0m:      	        'per-client-eval_loss': "['6.7645e-01', '5.1433e-01', '5.7786e-01', "
[92mINFO [0m:      	                                "'4.7728e-01', '6.3256e-01', '6.3226e-01', "
[92mINFO [0m:      	                                "'5.8704e-01', '5.3311e-01', '6.5339e-01', "
[92mINFO [0m:      	                                "'8.5065e-01', '5.1694e-01', '6.6968e-01', "
[92mINFO [0m:      	                                "'6.3948e-01', '5.7683e-01', '5.0452e-01', "
[92mINFO [0m:      	                                "'9.6314e-01']",
[92mINFO [0m:      	        'per-client-num-examples': "['306', '271', '342', '130', '359', '377', "
[92mINFO [0m:      	                                   "'236', '218', '289', '112', '183', '324', "
[92mINFO [0m:      	                                   "'253', '165', '200', '95']"},
[92mINFO [0m:      	  14: { 'client-ids': "['0', '1', '2', '3', '4', '5', '6', '7', '8', '9', "
[92mINFO [0m:      	                      "'10', '11', '12', '13', '14', '15']",
[92mINFO [0m:      	        'eval_acc': '7.9119e-01',
[92mINFO [0m:      	        'eval_loss': '6.4301e-01',
[92mINFO [0m:      	        'per-client-eval_acc': "['7.8105e-01', '8.3026e-01', '7.8655e-01', "
[92mINFO [0m:      	                               "'7.9231e-01', '7.9944e-01', '7.7984e-01', "
[92mINFO [0m:      	                               "'7.8390e-01', '8.1193e-01', '7.9931e-01', "
[92mINFO [0m:      	                               "'7.1429e-01', '8.0874e-01', '7.7160e-01', "
[92mINFO [0m:      	                               "'8.1423e-01', '8.1212e-01', '8.0500e-01', "
[92mINFO [0m:      	                               "'6.8421e-01']",
[92mINFO [0m:      	        'per-client-eval_loss': "['6.7519e-01', '5.3881e-01', '6.1679e-01', "
[92mINFO [0m:      	                                "'5.0957e-01', '6.7604e-01', '6.7596e-01', "
[92mINFO [0m:      	                                "'6.7788e-01', '5.4154e-01', '6.0122e-01', "
[92mINFO [0m:      	                                "'8.4949e-01', '5.7029e-01', '7.5059e-01', "
[92mINFO [0m:      	                                "'6.5305e-01', '5.3063e-01', '5.6205e-01', "
[92mINFO [0m:      	                                "'9.9981e-01']",
[92mINFO [0m:      	        'per-client-num-examples': "['306', '271', '342', '130', '359', '377', "
[92mINFO [0m:      	                                   "'236', '218', '289', '112', '183', '324', "
[92mINFO [0m:      	                                   "'253', '165', '200', '95']"},
[92mINFO [0m:      	  15: { 'client-ids': "['0', '1', '2', '3', '4', '5', '6', '7', '8', '9', "
[92mINFO [0m:      	                      "'10', '11', '12', '13', '14', '15']",
[92mINFO [0m:      	        'eval_acc': '7.9767e-01',
[92mINFO [0m:      	        'eval_loss': '6.5569e-01',
[92mINFO [0m:      	        'per-client-eval_acc': "['7.9412e-01', '8.0812e-01', '8.1287e-01', "
[92mINFO [0m:      	                               "'7.7692e-01', '7.8552e-01', '7.8780e-01', "
[92mINFO [0m:      	                               "'8.0085e-01', '8.1193e-01', '7.6817e-01', "
[92mINFO [0m:      	                               "'7.4107e-01', '7.9781e-01', '7.9012e-01', "
[92mINFO [0m:      	                               "'8.3399e-01', '8.4242e-01', '8.3000e-01', "
[92mINFO [0m:      	                               "'7.3684e-01']",
[92mINFO [0m:      	        'per-client-eval_loss': "['7.0369e-01', '5.6242e-01', '5.8329e-01', "
[92mINFO [0m:      	                                "'6.3247e-01', '6.8459e-01', '6.9888e-01', "
[92mINFO [0m:      	                                "'6.6954e-01', '6.1646e-01', '7.1293e-01', "
[92mINFO [0m:      	                                "'8.9451e-01', '5.7716e-01', '7.0854e-01', "
[92mINFO [0m:      	                                "'5.8841e-01', '5.6583e-01', '5.2721e-01', "
[92mINFO [0m:      	                                "'9.5575e-01']",
[92mINFO [0m:      	        'per-client-num-examples': "['306', '271', '342', '130', '359', '377', "
[92mINFO [0m:      	                                   "'236', '218', '289', '112', '183', '324', "
[92mINFO [0m:      	                                   "'253', '165', '200', '95']"},
[92mINFO [0m:      	  16: { 'client-ids': "['0', '1', '2', '3', '4', '5', '6', '7', '8', '9', "
[92mINFO [0m:      	                      "'10', '11', '12', '13', '14', '15']",
[92mINFO [0m:      	        'eval_acc': '7.9508e-01',
[92mINFO [0m:      	        'eval_loss': '7.0434e-01',
[92mINFO [0m:      	        'per-client-eval_acc': "['8.0065e-01', '8.1181e-01', '8.0117e-01', "
[92mINFO [0m:      	                               "'7.9231e-01', '7.9944e-01', '7.9576e-01', "
[92mINFO [0m:      	                               "'8.0085e-01', '7.9817e-01', '7.3702e-01', "
[92mINFO [0m:      	                               "'7.0536e-01', '8.0874e-01', '7.8086e-01', "
[92mINFO [0m:      	                               "'8.3794e-01', '8.3030e-01', '8.2500e-01', "
[92mINFO [0m:      	                               "'7.3684e-01']",
[92mINFO [0m:      	        'per-client-eval_loss': "['7.5768e-01', '5.7701e-01', '6.6694e-01', "
[92mINFO [0m:      	                                "'6.3335e-01', '6.8518e-01', '7.6815e-01', "
[92mINFO [0m:      	                                "'7.0894e-01', '6.3065e-01', '8.5153e-01', "
[92mINFO [0m:      	                                "'1.0131e+00', '6.0603e-01', '7.1659e-01', "
[92mINFO [0m:      	                                "'6.3892e-01', '6.3914e-01', '5.6068e-01', "
[92mINFO [0m:      	                                "'1.0301e+00']",
[92mINFO [0m:      	        'per-client-num-examples': "['306', '271', '342', '130', '359', '377', "
[92mINFO [0m:      	                                   "'236', '218', '289', '112', '183', '324', "
[92mINFO [0m:      	                                   "'253', '165', '200', '95']"},
[92mINFO [0m:      	  17: { 'client-ids': "['0', '1', '2', '3', '4', '5', '6', '7', '8', '9', "
[92mINFO [0m:      	                      "'10', '11', '12', '13', '14', '15']",
[92mINFO [0m:      	        'eval_acc': '7.8756e-01',
[92mINFO [0m:      	        'eval_loss': '7.9144e-01',
[92mINFO [0m:      	        'per-client-eval_acc': "['7.8758e-01', '7.9336e-01', '7.9825e-01', "
[92mINFO [0m:      	                               "'7.9231e-01', '7.7437e-01', '7.7719e-01', "
[92mINFO [0m:      	                               "'7.9661e-01', '7.7982e-01', '7.6471e-01', "
[92mINFO [0m:      	                               "'7.2321e-01', '8.0328e-01', '7.7778e-01', "
[92mINFO [0m:      	                               "'8.3794e-01', '8.1212e-01', '8.2000e-01', "
[92mINFO [0m:      	                               "'7.1579e-01']",
[92mINFO [0m:      	        'per-client-eval_loss': "['8.4193e-01', '5.9319e-01', '7.2273e-01', "
[92mINFO [0m:      	                                "'7.7730e-01', '7.8095e-01', '8.6993e-01', "
[92mINFO [0m:      	                                "'8.0884e-01', '7.6856e-01', '9.3714e-01', "
[92mINFO [0m:      	                                "'1.1830e+00', '7.3736e-01', '7.7163e-01', "
[92mINFO [0m:      	                                "'7.2002e-01', '6.5915e-01', '6.7821e-01', "
[92mINFO [0m:      	                                "'1.1237e+00']",
[92mINFO [0m:      	        'per-client-num-examples': "['306', '271', '342', '130', '359', '377', "
[92mINFO [0m:      	                                   "'236', '218', '289', '112', '183', '324', "
[92mINFO [0m:      	                                   "'253', '165', '200', '95']"},
[92mINFO [0m:      	  18: { 'client-ids': "['0', '1', '2', '3', '4', '5', '6', '7', '8', '9', "
[92mINFO [0m:      	                      "'10', '11', '12', '13', '14', '15']",
[92mINFO [0m:      	        'eval_acc': '7.9741e-01',
[92mINFO [0m:      	        'eval_loss': '7.1574e-01',
[92mINFO [0m:      	        'per-client-eval_acc': "['8.0065e-01', '8.0443e-01', '7.8947e-01', "
[92mINFO [0m:      	                               "'8.3846e-01', '7.9387e-01', '7.9576e-01', "
[92mINFO [0m:      	                               "'8.0932e-01', '8.2569e-01', '7.7509e-01', "
[92mINFO [0m:      	                               "'7.1429e-01', '8.1421e-01', '7.7469e-01', "
[92mINFO [0m:      	                               "'8.1818e-01', '8.1212e-01', '8.2500e-01', "
[92mINFO [0m:      	                               "'7.3684e-01']",
[92mINFO [0m:      	        'per-client-eval_loss': "['7.0412e-01', '5.7730e-01', '7.0168e-01', "
[92mINFO [0m:      	                                "'5.5863e-01', '6.9700e-01', '7.2677e-01', "
[92mINFO [0m:      	                                "'7.4720e-01', '6.2741e-01', '8.6092e-01', "
[92mINFO [0m:      	                                "'1.0318e+00', '6.1814e-01', '7.6584e-01', "
[92mINFO [0m:      	                                "'7.2655e-01', '6.2014e-01', '6.1574e-01', "
[92mINFO [0m:      	                                "'1.1160e+00']",
[92mINFO [0m:      	        'per-client-num-examples': "['306', '271', '342', '130', '359', '377', "
[92mINFO [0m:      	                                   "'236', '218', '289', '112', '183', '324', "
[92mINFO [0m:      	                                   "'253', '165', '200', '95']"},
[92mINFO [0m:      	  19: { 'client-ids': "['0', '1', '2', '3', '4', '5', '6', '7', '8', '9', "
[92mINFO [0m:      	                      "'10', '11', '12', '13', '14', '15']",
[92mINFO [0m:      	        'eval_acc': '8.0415e-01',
[92mINFO [0m:      	        'eval_loss': '7.3766e-01',
[92mINFO [0m:      	        'per-client-eval_acc': "['7.8758e-01', '8.3395e-01', '8.0409e-01', "
[92mINFO [0m:      	                               "'8.0769e-01', '8.1894e-01', '8.0106e-01', "
[92mINFO [0m:      	                               "'8.2627e-01', '8.3028e-01', '7.6817e-01', "
[92mINFO [0m:      	                               "'7.5000e-01', '8.0874e-01', '7.9938e-01', "
[92mINFO [0m:      	                               "'8.1423e-01', '8.1818e-01', '8.1000e-01', "
[92mINFO [0m:      	                               "'7.2632e-01']",
[92mINFO [0m:      	        'per-client-eval_loss': "['8.3154e-01', '5.8313e-01', '6.7383e-01', "
[92mINFO [0m:      	                                "'6.2447e-01', '7.2926e-01', '7.7153e-01', "
[92mINFO [0m:      	                                "'7.6490e-01', '6.8095e-01', '7.8706e-01', "
[92mINFO [0m:      	                                "'9.3013e-01', '6.5574e-01', '7.5321e-01', "
[92mINFO [0m:      	                                "'7.9053e-01', '6.9088e-01', '6.0759e-01', "
[92mINFO [0m:      	                                "'1.1623e+00']",
[92mINFO [0m:      	        'per-client-num-examples': "['306', '271', '342', '130', '359', '377', "
[92mINFO [0m:      	                                   "'236', '218', '289', '112', '183', '324', "
[92mINFO [0m:      	                                   "'253', '165', '200', '95']"},
[92mINFO [0m:      	  20: { 'client-ids': "['0', '1', '2', '3', '4', '5', '6', '7', '8', '9', "
[92mINFO [0m:      	                      "'10', '11', '12', '13', '14', '15']",
[92mINFO [0m:      	        'eval_acc': '8.0648e-01',
[92mINFO [0m:      	        'eval_loss': '7.3007e-01',
[92mINFO [0m:      	        'per-client-eval_acc': "['8.0065e-01', '8.2288e-01', '8.2164e-01', "
[92mINFO [0m:      	                               "'8.3077e-01', '8.1058e-01', '7.9045e-01', "
[92mINFO [0m:      	                               "'8.0932e-01', '8.3486e-01', '7.9239e-01', "
[92mINFO [0m:      	                               "'7.3214e-01', '8.0874e-01', '7.9321e-01', "
[92mINFO [0m:      	                               "'8.2609e-01', '8.2424e-01', '8.1500e-01', "
[92mINFO [0m:      	                               "'7.3684e-01']",
[92mINFO [0m:      	        'per-client-eval_loss': "['7.9064e-01', '5.8908e-01', '6.5070e-01', "
[92mINFO [0m:      	                                "'6.7184e-01', '6.8231e-01', '7.7354e-01', "
[92mINFO [0m:      	                                "'7.5503e-01', '7.0378e-01', '8.1487e-01', "
[92mINFO [0m:      	                                "'1.1546e+00', '6.6547e-01', '7.1350e-01', "
[92mINFO [0m:      	                                "'6.8956e-01', '6.7861e-01', '6.4216e-01', "
[92mINFO [0m:      	                                "'1.1135e+00']",
[92mINFO [0m:      	        'per-client-num-examples': "['306', '271', '342', '130', '359', '377', "
[92mINFO [0m:      	                                   "'236', '218', '289', '112', '183', '324', "
[92mINFO [0m:      	                                   "'253', '165', '200', '95']"}}
[92mINFO [0m:      	
[92mINFO [0m:      	ServerApp-side Evaluate Metrics:
[92mINFO [0m:      	{ 0: { 'accuracy': '2.5000e-01',
[92mINFO [0m:      	       'auc': '5.1740e-01',
[92mINFO [0m:      	       'f1': '1.0000e-01',
[92mINFO [0m:      	       'loss': '1.3919e+00',
[92mINFO [0m:      	       'precision': '6.2500e-02'},
[92mINFO [0m:      	  1: { 'accuracy': '3.6750e-01',
[92mINFO [0m:      	       'auc': '6.5533e-01',
[92mINFO [0m:      	       'f1': '2.6182e-01',
[92mINFO [0m:      	       'loss': '1.3553e+00',
[92mINFO [0m:      	       'precision': '4.5435e-01'},
[92mINFO [0m:      	  2: { 'accuracy': '5.9350e-01',
[92mINFO [0m:      	       'auc': '8.5160e-01',
[92mINFO [0m:      	       'f1': '5.6538e-01',
[92mINFO [0m:      	       'loss': '9.6646e-01',
[92mINFO [0m:      	       'precision': '6.0246e-01'},
[92mINFO [0m:      	  3: { 'accuracy': '6.6100e-01',
[92mINFO [0m:      	       'auc': '8.8258e-01',
[92mINFO [0m:      	       'f1': '6.4293e-01',
[92mINFO [0m:      	       'loss': '8.2900e-01',
[92mINFO [0m:      	       'precision': '6.7634e-01'},
[92mINFO [0m:      	  4: { 'accuracy': '6.6350e-01',
[92mINFO [0m:      	       'auc': '8.9542e-01',
[92mINFO [0m:      	       'f1': '6.3443e-01',
[92mINFO [0m:      	       'loss': '7.7938e-01',
[92mINFO [0m:      	       'precision': '7.0254e-01'},
[92mINFO [0m:      	  5: { 'accuracy': '7.4650e-01',
[92mINFO [0m:      	       'auc': '9.3240e-01',
[92mINFO [0m:      	       'f1': '7.4232e-01',
[92mINFO [0m:      	       'loss': '6.2332e-01',
[92mINFO [0m:      	       'precision': '7.4327e-01'},
[92mINFO [0m:      	  6: { 'accuracy': '7.6250e-01',
[92mINFO [0m:      	       'auc': '9.3799e-01',
[92mINFO [0m:      	       'f1': '7.6040e-01',
[92mINFO [0m:      	       'loss': '5.9641e-01',
[92mINFO [0m:      	       'precision': '7.6126e-01'},
[92mINFO [0m:      	  7: { 'accuracy': '7.6000e-01',
[92mINFO [0m:      	       'auc': '9.3225e-01',
[92mINFO [0m:      	       'f1': '7.5327e-01',
[92mINFO [0m:      	       'loss': '6.3160e-01',
[92mINFO [0m:      	       'precision': '7.6469e-01'},
[92mINFO [0m:      	  8: { 'accuracy': '7.7750e-01',
[92mINFO [0m:      	       'auc': '9.4248e-01',
[92mINFO [0m:      	       'f1': '7.7505e-01',
[92mINFO [0m:      	       'loss': '5.8295e-01',
[92mINFO [0m:      	       'precision': '7.7718e-01'},
[92mINFO [0m:      	  9: { 'accuracy': '7.9100e-01',
[92mINFO [0m:      	       'auc': '9.4887e-01',
[92mINFO [0m:      	       'f1': '7.8999e-01',
[92mINFO [0m:      	       'loss': '5.5551e-01',
[92mINFO [0m:      	       'precision': '7.8940e-01'},
[92mINFO [0m:      	  10: { 'accuracy': '7.9250e-01',
[92mINFO [0m:      	        'auc': '9.4857e-01',
[92mINFO [0m:      	        'f1': '7.9129e-01',
[92mINFO [0m:      	        'loss': '5.8264e-01',
[92mINFO [0m:      	        'precision': '7.9362e-01'},
[92mINFO [0m:      	  11: { 'accuracy': '7.9150e-01',
[92mINFO [0m:      	        'auc': '9.5005e-01',
[92mINFO [0m:      	        'f1': '7.8840e-01',
[92mINFO [0m:      	        'loss': '5.8068e-01',
[92mINFO [0m:      	        'precision': '7.8837e-01'},
[92mINFO [0m:      	  12: { 'accuracy': '7.9400e-01',
[92mINFO [0m:      	        'auc': '9.5105e-01',
[92mINFO [0m:      	        'f1': '7.9461e-01',
[92mINFO [0m:      	        'loss': '5.9827e-01',
[92mINFO [0m:      	        'precision': '7.9920e-01'},
[92mINFO [0m:      	  13: { 'accuracy': '8.0300e-01',
[92mINFO [0m:      	        'auc': '9.5316e-01',
[92mINFO [0m:      	        'f1': '8.0333e-01',
[92mINFO [0m:      	        'loss': '6.1988e-01',
[92mINFO [0m:      	        'precision': '8.0376e-01'},
[92mINFO [0m:      	  14: { 'accuracy': '8.0150e-01',
[92mINFO [0m:      	        'auc': '9.5249e-01',
[92mINFO [0m:      	        'f1': '7.9922e-01',
[92mINFO [0m:      	        'loss': '6.2503e-01',
[92mINFO [0m:      	        'precision': '7.9944e-01'},
[92mINFO [0m:      	  15: { 'accuracy': '8.0650e-01',
[92mINFO [0m:      	        'auc': '9.5363e-01',
[92mINFO [0m:      	        'f1': '8.0630e-01',
[92mINFO [0m:      	        'loss': '6.4578e-01',
[92mINFO [0m:      	        'precision': '8.0750e-01'},
[92mINFO [0m:      	  16: { 'accuracy': '7.9150e-01',
[92mINFO [0m:      	        'auc': '9.4976e-01',
[92mINFO [0m:      	        'f1': '7.9289e-01',
[92mINFO [0m:      	        'loss': '7.1628e-01',
[92mINFO [0m:      	        'precision': '7.9848e-01'},
[92mINFO [0m:      	  17: { 'accuracy': '8.0050e-01',
[92mINFO [0m:      	        'auc': '9.4917e-01',
[92mINFO [0m:      	        'f1': '8.0189e-01',
[92mINFO [0m:      	        'loss': '7.7581e-01',
[92mINFO [0m:      	        'precision': '8.0652e-01'},
[92mINFO [0m:      	  18: { 'accuracy': '8.0650e-01',
[92mINFO [0m:      	        'auc': '9.5084e-01',
[92mINFO [0m:      	        'f1': '8.0630e-01',
[92mINFO [0m:      	        'loss': '7.2813e-01',
[92mINFO [0m:      	        'precision': '8.0861e-01'},
[92mINFO [0m:      	  19: { 'accuracy': '7.9700e-01',
[92mINFO [0m:      	        'auc': '9.4947e-01',
[92mINFO [0m:      	        'f1': '7.9537e-01',
[92mINFO [0m:      	        'loss': '7.4881e-01',
[92mINFO [0m:      	        'precision': '7.9621e-01'},
[92mINFO [0m:      	  20: { 'accuracy': '8.1200e-01',
[92mINFO [0m:      	        'auc': '9.5397e-01',
[92mINFO [0m:      	        'f1': '8.1176e-01',
[92mINFO [0m:      	        'loss': '7.1759e-01',
[92mINFO [0m:      	        'precision': '8.1210e-01'}}
[92mINFO [0m:      
Round 1 checkpoint written to /content/metricdp-pytorch/results/planned_runs/cifar/full/in-replace/clients-16/seed-43/ratio-0p0025/runs/cifar-full-in-replace__non-iid__global-dp__fedavg__clients-16__seed-43__nm0p04__clip5__rounds-20__epochs-5__cifar_chunks__cifar10_cnn.round-1.pt
Round 2 checkpoint written to /content/metricdp-pytorch/results/planned_runs/cifar/full/in-replace/clients-16/seed-43/ratio-0p0025/runs/cifar-full-in-replace__non-iid__global-dp__fedavg__clients-16__seed-43__nm0p04__clip5__rounds-20__epochs-5__cifar_chunks__cifar10_cnn.round-2.pt
Round 3 checkpoint written to /content/metricdp-pytorch/results/planned_runs/cifar/full/in-replace/clients-16/seed-43/ratio-0p0025/runs/cifar-full-in-replace__non-iid__global-dp__fedavg__clients-16__seed-43__nm0p04__clip5__rounds-20__epochs-5__cifar_chunks__cifar10_cnn.round-3.pt
Round 4 checkpoint written to /content/metricdp-pytorch/results/planned_runs/cifar/full/in-replace/clients-16/seed-43/ratio-0p0025/runs/cifar-full-in-replace__non-iid__global-dp__fedavg__clients-16__seed-43__nm0p04__clip5__rounds-20__epochs-5__cifar_chunks__cifar10_cnn.round-4.pt
Round 5 checkpoint written to /content/metricdp-pytorch/results/planned_runs/cifar/full/in-replace/clients-16/seed-43/ratio-0p0025/runs/cifar-full-in-replace__non-iid__global-dp__fedavg__clients-16__seed-43__nm0p04__clip5__rounds-20__epochs-5__cifar_chunks__cifar10_cnn.round-5.pt
Round 6 checkpoint written to /content/metricdp-pytorch/results/planned_runs/cifar/full/in-replace/clients-16/seed-43/ratio-0p0025/runs/cifar-full-in-replace__non-iid__global-dp__fedavg__clients-16__seed-43__nm0p04__clip5__rounds-20__epochs-5__cifar_chunks__cifar10_cnn.round-6.pt
Round 7 checkpoint written to /content/metricdp-pytorch/results/planned_runs/cifar/full/in-replace/clients-16/seed-43/ratio-0p0025/runs/cifar-full-in-replace__non-iid__global-dp__fedavg__clients-16__seed-43__nm0p04__clip5__rounds-20__epochs-5__cifar_chunks__cifar10_cnn.round-7.pt
Round 8 checkpoint written to /content/metricdp-pytorch/results/planned_runs/cifar/full/in-replace/clients-16/seed-43/ratio-0p0025/runs/cifar-full-in-replace__non-iid__global-dp__fedavg__clients-16__seed-43__nm0p04__clip5__rounds-20__epochs-5__cifar_chunks__cifar10_cnn.round-8.pt
Round 9 checkpoint written to /content/metricdp-pytorch/results/planned_runs/cifar/full/in-replace/clients-16/seed-43/ratio-0p0025/runs/cifar-full-in-replace__non-iid__global-dp__fedavg__clients-16__seed-43__nm0p04__clip5__rounds-20__epochs-5__cifar_chunks__cifar10_cnn.round-9.pt
Round 10 checkpoint written to /content/metricdp-pytorch/results/planned_runs/cifar/full/in-replace/clients-16/seed-43/ratio-0p0025/runs/cifar-full-in-replace__non-iid__global-dp__fedavg__clients-16__seed-43__nm0p04__clip5__rounds-20__epochs-5__cifar_chunks__cifar10_cnn.round-10.pt
Round 11 checkpoint written to /content/metricdp-pytorch/results/planned_runs/cifar/full/in-replace/clients-16/seed-43/ratio-0p0025/runs/cifar-full-in-replace__non-iid__global-dp__fedavg__clients-16__seed-43__nm0p04__clip5__rounds-20__epochs-5__cifar_chunks__cifar10_cnn.round-11.pt
Round 12 checkpoint written to /content/metricdp-pytorch/results/planned_runs/cifar/full/in-replace/clients-16/seed-43/ratio-0p0025/runs/cifar-full-in-replace__non-iid__global-dp__fedavg__clients-16__seed-43__nm0p04__clip5__rounds-20__epochs-5__cifar_chunks__cifar10_cnn.round-12.pt
Round 13 checkpoint written to /content/metricdp-pytorch/results/planned_runs/cifar/full/in-replace/clients-16/seed-43/ratio-0p0025/runs/cifar-full-in-replace__non-iid__global-dp__fedavg__clients-16__seed-43__nm0p04__clip5__rounds-20__epochs-5__cifar_chunks__cifar10_cnn.round-13.pt
Round 14 checkpoint written to /content/metricdp-pytorch/results/planned_runs/cifar/full/in-replace/clients-16/seed-43/ratio-0p0025/runs/cifar-full-in-replace__non-iid__global-dp__fedavg__clients-16__seed-43__nm0p04__clip5__rounds-20__epochs-5__cifar_chunks__cifar10_cnn.round-14.pt
Round 15 checkpoint written to /content/metricdp-pytorch/results/planned_runs/cifar/full/in-replace/clients-16/seed-43/ratio-0p0025/runs/cifar-full-in-replace__non-iid__global-dp__fedavg__clients-16__seed-43__nm0p04__clip5__rounds-20__epochs-5__cifar_chunks__cifar10_cnn.round-15.pt
Round 16 checkpoint written to /content/metricdp-pytorch/results/planned_runs/cifar/full/in-replace/clients-16/seed-43/ratio-0p0025/runs/cifar-full-in-replace__non-iid__global-dp__fedavg__clients-16__seed-43__nm0p04__clip5__rounds-20__epochs-5__cifar_chunks__cifar10_cnn.round-16.pt
Round 17 checkpoint written to /content/metricdp-pytorch/results/planned_runs/cifar/full/in-replace/clients-16/seed-43/ratio-0p0025/runs/cifar-full-in-replace__non-iid__global-dp__fedavg__clients-16__seed-43__nm0p04__clip5__rounds-20__epochs-5__cifar_chunks__cifar10_cnn.round-17.pt
Round 18 checkpoint written to /content/metricdp-pytorch/results/planned_runs/cifar/full/in-replace/clients-16/seed-43/ratio-0p0025/runs/cifar-full-in-replace__non-iid__global-dp__fedavg__clients-16__seed-43__nm0p04__clip5__rounds-20__epochs-5__cifar_chunks__cifar10_cnn.round-18.pt
Round 19 checkpoint written to /content/metricdp-pytorch/results/planned_runs/cifar/full/in-replace/clients-16/seed-43/ratio-0p0025/runs/cifar-full-in-replace__non-iid__global-dp__fedavg__clients-16__seed-43__nm0p04__clip5__rounds-20__epochs-5__cifar_chunks__cifar10_cnn.round-19.pt
Round 20 checkpoint written to /content/metricdp-pytorch/results/planned_runs/cifar/full/in-replace/clients-16/seed-43/ratio-0p0025/runs/cifar-full-in-replace__non-iid__global-dp__fedavg__clients-16__seed-43__nm0p04__clip5__rounds-20__epochs-5__cifar_chunks__cifar10_cnn.round-20.pt
Experiment result written to /content/metricdp-pytorch/results/planned_runs/cifar/full/in-replace/clients-16/seed-43/ratio-0p0025/runs/cifar-full-in-replace__non-iid__global-dp__fedavg__clients-16__seed-43__nm0p04__clip5__rounds-20__epochs-5__cifar_chunks__cifar10_cnn.json
/usr/lib/python3.12/multiprocessing/popen_fork.py:66: DeprecationWarning: This process (pid=7217) is multi-threaded, use of fork() may lead to deadlocks in the child.
  self.pid = os.fork()
[36m(ClientAppActor pid=8020)[0m [93mWARNING [0m:   Manually terminating ClientAppActor
[36m(ClientAppActor pid=8018)[0m /usr/lib/python3.12/multiprocessing/popen_fork.py:66: DeprecationWarning: This process (pid=8018) is multi-threaded, use of fork() may lead to deadlocks in the child.[32m [repeated 7x across cluster][0m
[36m(ClientAppActor pid=8018)[0m   self.pid = os.fork()[32m [repeated 7x across cluster][0m
[36m(ClientAppActor pid=8019)[0m [93mWARNING [0m:   Manually terminating ClientAppActor[32m [repeated 7x across cluster][0m
Detailed evaluation written to /content/metricdp-pytorch/results/planned_runs/cifar/full/in-replace/clients-16/seed-43/ratio-0p0025/runs/cifar-full-in-replace__non-iid__global-dp__fedavg__clients-16__seed-43__nm0p04__clip5__rounds-20__epochs-5__cifar_chunks__cifar10_cnn.evaluation.json and /content/metricdp-pytorch/results/planned_runs/cifar/full/in-replace/clients-16/seed-43/ratio-0p0025/runs/cifar-full-in-replace__non-iid__global-dp__fedavg__clients-16__seed-43__nm0p04__clip5__rounds-20__epochs-5__cifar_chunks__cifar10_cnn.predictions.npz
Result: /content/metricdp-pytorch/results/planned_runs/cifar/full/in-replace/clients-16/seed-43/ratio-0p0025/runs/cifar-full-in-replace__non-iid__global-dp__fedavg__clients-16__seed-43__nm0p04__clip5__rounds-20__epochs-5__cifar_chunks__cifar10_cnn.json
Final server metrics: {'loss': 0.7175852680802345, 'accuracy': 0.812, 'f1': 0.8117613920747616, 'precision': 0.8121001863314189, 'auc': 0.9539666250000001}
2026-08-05 21:10:17 DONE  cifar-full-in-replace__non-iid__global-dp__fedavg__clients-16__seed-43__nm0p04__clip5__rounds-20__epochs-5__cifar_chunks__cifar10_cnn (344.0s)
Warning: You are sending unauthenticated requests to the HF Hub. Please set a HF_TOKEN to enable higher rate limits and faster downloads.
2026-08-05 21:10:24 EVALUATED cifar-full-in-replace__non-iid__global-dp__fedavg__clients-16__seed-43__nm0p04__clip5__rounds-20__epochs-5__cifar_chunks__cifar10_cnn round=1 (checkpoint deleted)
2026-08-05 21:10:29 EVALUATED cifar-full-in-replace__non-iid__global-dp__fedavg__clients-16__seed-43__nm0p04__clip5__rounds-20__epochs-5__cifar_chunks__cifar10_cnn round=2 (checkpoint deleted)
2026-08-05 21:10:33 EVALUATED cifar-full-in-replace__non-iid__global-dp__fedavg__clients-16__seed-43__nm0p04__clip5__rounds-20__epochs-5__cifar_chunks__cifar10_cnn round=3 (checkpoint deleted)
2026-08-05 21:10:37 EVALUATED cifar-full-in-replace__non-iid__global-dp__fedavg__clients-16__seed-43__nm0p04__clip5__rounds-20__epochs-5__cifar_chunks__cifar10_cnn round=4 (checkpoint deleted)
2026-08-05 21:10:42 EVALUATED cifar-full-in-replace__non-iid__global-dp__fedavg__clients-16__seed-43__nm0p04__clip5__rounds-20__epochs-5__cifar_chunks__cifar10_cnn round=5 (checkpoint deleted)
2026-08-05 21:10:46 EVALUATED cifar-full-in-replace__non-iid__global-dp__fedavg__clients-16__seed-43__nm0p04__clip5__rounds-20__epochs-5__cifar_chunks__cifar10_cnn round=6 (checkpoint deleted)
2026-08-05 21:10:50 EVALUATED cifar-full-in-replace__non-iid__global-dp__fedavg__clients-16__seed-43__nm0p04__clip5__rounds-20__epochs-5__cifar_chunks__cifar10_cnn round=7 (checkpoint deleted)
2026-08-05 21:10:55 EVALUATED cifar-full-in-replace__non-iid__global-dp__fedavg__clients-16__seed-43__nm0p04__clip5__rounds-20__epochs-5__cifar_chunks__cifar10_cnn round=8 (checkpoint deleted)
2026-08-05 21:10:59 EVALUATED cifar-full-in-replace__non-iid__global-dp__fedavg__clients-16__seed-43__nm0p04__clip5__rounds-20__epochs-5__cifar_chunks__cifar10_cnn round=9 (checkpoint deleted)
2026-08-05 21:11:03 EVALUATED cifar-full-in-replace__non-iid__global-dp__fedavg__clients-16__seed-43__nm0p04__clip5__rounds-20__epochs-5__cifar_chunks__cifar10_cnn round=10 (checkpoint deleted)
2026-08-05 21:11:08 EVALUATED cifar-full-in-replace__non-iid__global-dp__fedavg__clients-16__seed-43__nm0p04__clip5__rounds-20__epochs-5__cifar_chunks__cifar10_cnn round=11 (checkpoint deleted)
2026-08-05 21:11:12 EVALUATED cifar-full-in-replace__non-iid__global-dp__fedavg__clients-16__seed-43__nm0p04__clip5__rounds-20__epochs-5__cifar_chunks__cifar10_cnn round=12 (checkpoint deleted)
2026-08-05 21:11:16 EVALUATED cifar-full-in-replace__non-iid__global-dp__fedavg__clients-16__seed-43__nm0p04__clip5__rounds-20__epochs-5__cifar_chunks__cifar10_cnn round=13 (checkpoint deleted)
2026-08-05 21:11:21 EVALUATED cifar-full-in-replace__non-iid__global-dp__fedavg__clients-16__seed-43__nm0p04__clip5__rounds-20__epochs-5__cifar_chunks__cifar10_cnn round=14 (checkpoint deleted)
2026-08-05 21:11:25 EVALUATED cifar-full-in-replace__non-iid__global-dp__fedavg__clients-16__seed-43__nm0p04__clip5__rounds-20__epochs-5__cifar_chunks__cifar10_cnn round=15 (checkpoint deleted)
2026-08-05 21:11:29 EVALUATED cifar-full-in-replace__non-iid__global-dp__fedavg__clients-16__seed-43__nm0p04__clip5__rounds-20__epochs-5__cifar_chunks__cifar10_cnn round=16 (checkpoint deleted)
2026-08-05 21:11:34 EVALUATED cifar-full-in-replace__non-iid__global-dp__fedavg__clients-16__seed-43__nm0p04__clip5__rounds-20__epochs-5__cifar_chunks__cifar10_cnn round=17 (checkpoint deleted)
2026-08-05 21:11:38 EVALUATED cifar-full-in-replace__non-iid__global-dp__fedavg__clients-16__seed-43__nm0p04__clip5__rounds-20__epochs-5__cifar_chunks__cifar10_cnn round=18 (checkpoint deleted)
2026-08-05 21:11:42 EVALUATED cifar-full-in-replace__non-iid__global-dp__fedavg__clients-16__seed-43__nm0p04__clip5__rounds-20__epochs-5__cifar_chunks__cifar10_cnn round=19 (checkpoint deleted)
2026-08-05 21:11:46 EVALUATED cifar-full-in-replace__non-iid__global-dp__fedavg__clients-16__seed-43__nm0p04__clip5__rounds-20__epochs-5__cifar_chunks__cifar10_cnn round=20 (checkpoint deleted)
2026-08-05 21:11:46 PROGRESS 1/2 (0 failed so far)
2026-08-05 21:11:46 START cifar-full-in-replace__non-iid__metric-privacy__fedavg__clients-16__seed-43__nm0p04__clip5__rounds-20__epochs-5__cifar_chunks__cifar10_cnn 
{
  "partition-mode": "non-iid",
  "partition-profile": "auto",
  "client-weights": "",
  "data-module": "experiments.cia.scripts.cifar_chunks:create_cifar_in_replace",
  "model-module": "experiments.reproduce.cifar10_cnn:create_model",
  "data-cache-dir": "",
  "privacy": "metric-privacy",
  "aggregation": "fedavg",
  "seed": 43,
  "num-server-rounds": 20,
  "num-clients": 16,
  "fraction-evaluate": 1.0,
  "local-epochs": 5,
  "learning-rate": 0.001,
  "batch-size": 32,
  "initialization-batch-size": 32,
  "initialization-epochs": 20,
  "initialization-learning-rate": 0.001,
  "max-client-samples": 0,
  "max-test-samples": 0,
  "noise-multiplier": 0.04,
  "clipping-norm": 5.0,
  "output-dir": "/content/metricdp-pytorch/results/planned_runs/cifar/full/in-replace/clients-16/seed-43/ratio-0p0025/runs",
  "run-name": "cifar-full-in-replace__non-iid__metric-privacy__fedavg__clients-16__seed-43__nm0p04__clip5__rounds-20__epochs-5__cifar_chunks__cifar10_cnn",
  "checkpoint-rounds": [
    1,
    2,
    3,
    4,
    5,
    6,
    7,
    8,
    9,
    10,
    11,
    12,
    13,
    14,
    15,
    16,
    17,
    18,
    19,
    20
  ]
}
2026-08-05 21:11:50.446906: I tensorflow/core/util/port.cc:153] oneDNN custom operations are on. You may see slightly different numerical results due to floating-point round-off errors from different computation orders. To turn them off, set the environment variable `TF_ENABLE_ONEDNN_OPTS=0`.
2026-08-05 21:11:50.516241: I tensorflow/core/platform/cpu_feature_guard.cc:210] This TensorFlow binary is optimized to use available CPU instructions in performance-critical operations.
To enable the following instructions: AVX2 AVX512F AVX512_VNNI FMA, in other operations, rebuild TensorFlow with the appropriate compiler flags.
[93mWARNING [0m:   DEPRECATED FEATURE: The `run_simulation` function is deprecated and will be removed in a future version of Flower. Please use `flwr run` in the CLI instead to run your simulation. Refer to the Flower Tutorials for more details: https://flower.ai/docs/framework/tutorial-quickstart-pytorch.html

            This is a deprecated feature. It will be removed
            entirely in future versions of Flower.
        
Warning: You are sending unauthenticated requests to the HF Hub. Please set a HF_TOKEN to enable higher rate limits and faster downloads.
[92mINFO [0m:      Starting MetricPrivacyServerSideFixedClipping strategy:
[92mINFO [0m:      	├── Number of rounds: 20
[92mINFO [0m:      	├── ArrayRecord (0.87 MB)
[92mINFO [0m:      	├── ConfigRecord (train): {'lr': 0.001}
[92mINFO [0m:      	├── ConfigRecord (evaluate): (empty!)
[92mINFO [0m:      	├──> Metric-aware DP settings:
[92mINFO [0m:      	│	├── Base noise multiplier: 0.04
[92mINFO [0m:      	│	└── Clipping norm: 5.0
[92mINFO [0m:      	├──> Sampling:
[92mINFO [0m:      	│	├──Fraction: train (1.00) | evaluate ( 1.00)
[92mINFO [0m:      	│	├──Minimum nodes: train (16) | evaluate (16)
[92mINFO [0m:      	│	└──Minimum available nodes: 16
[92mINFO [0m:      	└──> Keys in records:
[92mINFO [0m:      		├── Weighted by: 'num-examples'
[92mINFO [0m:      		├── ArrayRecord key: 'arrays'
[92mINFO [0m:      		└── ConfigRecord key: 'config'
[92mINFO [0m:      
/usr/lib/python3.12/multiprocessing/popen_fork.py:66: DeprecationWarning: This process (pid=17397) is multi-threaded, use of fork() may lead to deadlocks in the child.
  self.pid = os.fork()
[92mINFO [0m:      Initial global evaluation results: {'loss': 1.3919111585617066, 'accuracy': 0.25, 'f1': 0.1, 'precision': 0.0625, 'auc': 0.5174013333333333}
[92mINFO [0m:      
[92mINFO [0m:      [ROUND 1/20]
[92mINFO [0m:      configure_train: Sampled 16 nodes (out of 16)
/usr/local/lib/python3.12/dist-packages/ray/_private/worker.py:2051: FutureWarning: Tip: In future versions of Ray, Ray will no longer override accelerator visible devices env var if num_gpus=0 or num_gpus=None (default). To enable this behavior and turn off this error message, set RAY_ACCEL_ENV_VAR_OVERRIDE_ON_ZERO=0
  warnings.warn(
[36m(ClientAppActor pid=18154)[0m Warning: You are sending unauthenticated requests to the HF Hub. Please set a HF_TOKEN to enable higher rate limits and faster downloads.
[36m(ClientAppActor pid=18154)[0m /usr/lib/python3.12/multiprocessing/popen_fork.py:66: DeprecationWarning: This process (pid=18154) is multi-threaded, use of fork() may lead to deadlocks in the child.
[36m(ClientAppActor pid=18154)[0m   self.pid = os.fork()
[36m(ClientAppActor pid=18162)[0m Warning: You are sending unauthenticated requests to the HF Hub. Please set a HF_TOKEN to enable higher rate limits and faster downloads.[32m [repeated 6x across cluster] (Ray deduplicates logs by default. Set RAY_DEDUP_LOGS=0 to disable log deduplication, or see https://docs.ray.io/en/master/ray-observability/user-guides/configure-logging.html#log-deduplication for more options.)[0m
[92mINFO [0m:      aggregate_train: maximum pairwise model distance: 1.362986
[92mINFO [0m:      aggregate_train: Received 16 results and 0 failures
[92mINFO [0m:      aggregate_fit: parameters are clipped by value: 5.0000.
[92mINFO [0m:      aggregate_fit: parameters are clipped by value: 5.0000.
[92mINFO [0m:      aggregate_fit: parameters are clipped by value: 5.0000.
[92mINFO [0m:      aggregate_fit: parameters are clipped by value: 5.0000.
[92mINFO [0m:      aggregate_fit: parameters are clipped by value: 5.0000.
[92mINFO [0m:      aggregate_fit: parameters are clipped by value: 5.0000.
[92mINFO [0m:      aggregate_fit: parameters are clipped by value: 5.0000.
[92mINFO [0m:      aggregate_fit: parameters are clipped by value: 5.0000.
[92mINFO [0m:      aggregate_fit: parameters are clipped by value: 5.0000.
[92mINFO [0m:      aggregate_fit: parameters are clipped by value: 5.0000.
[92mINFO [0m:      aggregate_fit: parameters are clipped by value: 5.0000.
[92mINFO [0m:      aggregate_fit: parameters are clipped by value: 5.0000.
[92mINFO [0m:      aggregate_fit: parameters are clipped by value: 5.0000.
[92mINFO [0m:      aggregate_fit: parameters are clipped by value: 5.0000.
[92mINFO [0m:      aggregate_fit: parameters are clipped by value: 5.0000.
[92mINFO [0m:      aggregate_fit: parameters are clipped by value: 5.0000.
[92mINFO [0m:      aggregate_train: Received 16 results and 0 failures
[92mINFO [0m:      aggregate_train: metric-aware noise with 0.009171 stdev added
[92mINFO [0m:      	└──> Aggregated MetricRecord: {'train_loss': 1.1026780722939087, 'train_loss_mean': 1.2410317796439716, 'client-ids': [0, 1, 2, 3, 4, 5, 6, 7, 8, 9, 10, 11, 12, 13, 14, 15], 'per-client-num-examples': [1223, 1082, 1364, 517, 1435, 1505, 940, 870, 1152, 447, 729, 1294, 1012, 659, 800, 376], 'per-client-train_loss': [1.1711292566087337, 1.1692080916406487, 1.0219070222720372, 1.234377370581636, 1.013541200684338, 0.9896448780927943, 1.2107535078170453, 1.111197060826181, 1.0521825402975082, 1.257212568449494, 1.0642263330059287, 0.9996266060118697, 1.1000713185359368, 1.2572753874412617, 1.1642459678649901, 1.3084859721204067], 'per-client-train_loss_mean': [1.281138582377773, 1.2754549340267498, 1.1798790115415176, 1.3296880194020226, 1.1936270096243882, 1.1557262878322918, 1.2980035776787617, 1.2499455262326644, 1.1994747476445304, 1.3466190712030568, 1.2392228639011358, 1.1986657529009919, 1.2671678153893695, 1.3336994028959723, 1.2581313724517822, 1.3527392291008158], 'dp-client-ids': [0, 1, 2, 3, 4, 5, 6, 7, 8, 9, 10, 11, 12, 13, 14, 15], 'dp-update-norms-before-clipping': [5.542676306594107, 5.116513808490044, 6.328093619222202, 4.007839481550565, 6.037087108637374, 5.833300452784627, 4.668540725879813, 5.094293266156041, 6.049967472627587, 3.939605220635422, 4.8583119361845295, 6.017979748514872, 5.321554615482195, 4.19422626712344, 4.442469411738791, 3.2493309478559462], 'dp-client-clipped': [1, 1, 1, 0, 1, 1, 0, 1, 1, 0, 0, 1, 1, 0, 0, 0], 'dp-num-clients-clipped': 9, 'dp-fraction-clipped': 0.5625, 'metric-dp-pairwise-distances': [1.1460104423264663, 1.3031519064679742, 1.0519546042196453, 1.2387614569937189, 1.2107226241690416, 1.133076866545404, 1.1364262141287327, 1.225003671521942, 1.0481786301049094, 1.117996932938695, 1.3284456005009513, 1.177671547823896, 1.0983819728717208, 1.0563538341472547, 0.9510234852011005, 1.263049575810631, 1.0181123844037454, 1.236412728826205, 1.1840148937578003, 1.0948333747995396, 1.1260874640817444, 1.2071402445435524, 1.0349294152110815, 1.073017718270421, 1.2374709580714505, 1.1557107952733834, 1.050849604420364, 1.035173539693157, 0.9221477772419652, 1.1635898929089308, 1.3226464393083006, 1.2597695377965767, 1.20325241672496, 1.262317962013185, 1.3288634981339176, 1.083887878805399, 1.1557256220839918, 1.3327387495276828, 1.2640866894895832, 1.1647275630384684, 1.2044238296026986, 1.1316236375520627, 1.1009419939170282, 1.0833417087172468, 0.9626599530068537, 1.004231815226376, 1.0877135270275176, 0.865789447988694, 0.934362266988804, 1.178502765018493, 1.0151296138452988, 0.9149764732768139, 0.9016102279225985, 0.7637703690755492, 1.2080888251463573, 1.2195211133609216, 1.1875745439901948, 1.2789946996296446, 1.1042068308840196, 1.1671165937247376, 1.36298630045106, 1.2324913563206792, 1.1801103449737032, 1.1000832356512547, 1.0515429293736815, 1.1499384941222768, 1.180775210649396, 1.2462290298814576, 1.0945840924202155, 1.1240000914161403, 1.2996034955916305, 1.1881131056385736, 1.1167680638221402, 1.0512366687568526, 1.0099572875381757, 1.0478175065169733, 1.1757915549290676, 0.9011008078232408, 1.0440141611422102, 1.1725607650975387, 1.1422525194163125, 0.9648834665616354, 0.9900075222055117, 0.8667958007814983, 1.1786445736264188, 0.9534656456671655, 1.041151534455518, 1.2409960863490899, 1.12866286545371, 1.046597845076273, 1.0128158607209723, 0.8768724459223449, 1.1134832145956655, 1.1403938978910446, 1.3303292758452396, 1.2344240966097761, 1.1753568919375539, 1.1048617215516667, 1.0244364502529304, 0.8853176630412539, 1.129032210058843, 1.0288080076376598, 0.8540365605925521, 0.8863501423814645, 0.760393061907962, 1.2429681496384244, 1.0924172480590641, 0.9917447802921137, 0.9520631533426543, 0.8705664811034998, 1.2837743870913982, 1.1550116882038612, 1.1945805144496262, 1.1046660034917295, 1.0603535018550854, 1.0706100949707131, 0.9435141126935681, 0.9552221167832613, 0.8479798457119614, 0.7870279459748417], 'metric-dp-pairwise-client-i': [0, 0, 0, 0, 0, 0, 0, 0, 0, 0, 0, 0, 0, 0, 0, 1, 1, 1, 1, 1, 1, 1, 1, 1, 1, 1, 1, 1, 1, 2, 2, 2, 2, 2, 2, 2, 2, 2, 2, 2, 2, 2, 3, 3, 3, 3, 3, 3, 3, 3, 3, 3, 3, 3, 4, 4, 4, 4, 4, 4, 4, 4, 4, 4, 4, 5, 5, 5, 5, 5, 5, 5, 5, 5, 5, 6, 6, 6, 6, 6, 6, 6, 6, 6, 7, 7, 7, 7, 7, 7, 7, 7, 8, 8, 8, 8, 8, 8, 8, 9, 9, 9, 9, 9, 9, 10, 10, 10, 10, 10, 11, 11, 11, 11, 12, 12, 12, 13, 13, 14], 'metric-dp-pairwise-client-j': [1, 2, 3, 4, 5, 6, 7, 8, 9, 10, 11, 12, 13, 14, 15, 2, 3, 4, 5, 6, 7, 8, 9, 10, 11, 12, 13, 14, 15, 3, 4, 5, 6, 7, 8, 9, 10, 11, 12, 13, 14, 15, 4, 5, 6, 7, 8, 9, 10, 11, 12, 13, 14, 15, 5, 6, 7, 8, 9, 10, 11, 12, 13, 14, 15, 6, 7, 8, 9, 10, 11, 12, 13, 14, 15, 7, 8, 9, 10, 11, 12, 13, 14, 15, 8, 9, 10, 11, 12, 13, 14, 15, 9, 10, 11, 12, 13, 14, 15, 10, 11, 12, 13, 14, 15, 11, 12, 13, 14, 15, 12, 13, 14, 15, 13, 14, 15, 14, 15, 15], 'metric-dp-distance-min': 0.760393061907962, 'metric-dp-distance-median': 1.1151256392089028, 'metric-dp-distance-mean': 1.100923921970146, 'metric-dp-distance': 1.36298630045106, 'dp-signal-update-norm': 2.109916148440389, 'dp-parameter-count': 226596, 'dp-expected-noise-l2-norm': 4.365607047758327, 'dp-noise-to-signal-ratio': 2.0690903053115655, 'dp-noise-percent-of-signal': 206.90903053115656, 'metric-dp-noise-stdv': 0.009171038620023775}
[92mINFO [0m:      configure_evaluate: Sampled 16 nodes (out of 16)
[36m(ClientAppActor pid=18168)[0m /usr/lib/python3.12/multiprocessing/popen_fork.py:66: DeprecationWarning: This process (pid=18168) is multi-threaded, use of fork() may lead to deadlocks in the child.[32m [repeated 8x across cluster][0m
[36m(ClientAppActor pid=18168)[0m   self.pid = os.fork()[32m [repeated 8x across cluster][0m
[92mINFO [0m:      aggregate_evaluate: Received 16 results and 0 failures
[92mINFO [0m:      	└──> Aggregated MetricRecord: {'eval_loss': 1.3561099660520108, 'eval_acc': 0.3569948186528497, 'client-ids': [0, 1, 2, 3, 4, 5, 6, 7, 8, 9, 10, 11, 12, 13, 14, 15], 'per-client-eval_acc': [0.33986928104575165, 0.34686346863468637, 0.3508771929824561, 0.36923076923076925, 0.3398328690807799, 0.35013262599469497, 0.3644067796610169, 0.3623853211009174, 0.39100346020761245, 0.3392857142857143, 0.36065573770491804, 0.37037037037037035, 0.36363636363636365, 0.3515151515151515, 0.37, 0.3368421052631579], 'per-client-eval_loss': [1.3600627799439275, 1.3546571766758317, 1.359426632262113, 1.3525913642002987, 1.3611254360018334, 1.3584412997217963, 1.354063098713503, 1.350370897065609, 1.351530212432043, 1.3666485377720423, 1.3535833306651297, 1.352536787221461, 1.3574608814103801, 1.3542956149939336, 1.3531677150726318, 1.3547554819207444], 'per-client-num-examples': [306, 271, 342, 130, 359, 377, 236, 218, 289, 112, 183, 324, 253, 165, 200, 95]}
[92mINFO [0m:      Global evaluation
[92mINFO [0m:      	└──> MetricRecord: {'loss': 1.354562910079956, 'accuracy': 0.3665, 'f1': 0.2655897263747806, 'precision': 0.44128105487405933, 'auc': 0.659021875}
[92mINFO [0m:      
[92mINFO [0m:      [ROUND 2/20]
[92mINFO [0m:      configure_train: Sampled 16 nodes (out of 16)
[92mINFO [0m:      aggregate_train: maximum pairwise model distance: 1.033350
[92mINFO [0m:      aggregate_train: Received 16 results and 0 failures
[92mINFO [0m:      aggregate_fit: parameters are clipped by value: 5.0000.
[92mINFO [0m:      aggregate_fit: parameters are clipped by value: 5.0000.
[92mINFO [0m:      aggregate_fit: parameters are clipped by value: 5.0000.
[92mINFO [0m:      aggregate_fit: parameters are clipped by value: 5.0000.
[92mINFO [0m:      aggregate_fit: parameters are clipped by value: 5.0000.
[92mINFO [0m:      aggregate_fit: parameters are clipped by value: 5.0000.
[92mINFO [0m:      aggregate_fit: parameters are clipped by value: 5.0000.
[92mINFO [0m:      aggregate_fit: parameters are clipped by value: 5.0000.
[92mINFO [0m:      aggregate_fit: parameters are clipped by value: 5.0000.
[92mINFO [0m:      aggregate_fit: parameters are clipped by value: 5.0000.
[92mINFO [0m:      aggregate_fit: parameters are clipped by value: 5.0000.
[92mINFO [0m:      aggregate_fit: parameters are clipped by value: 5.0000.
[92mINFO [0m:      aggregate_fit: parameters are clipped by value: 5.0000.
[92mINFO [0m:      aggregate_fit: parameters are clipped by value: 5.0000.
[92mINFO [0m:      aggregate_fit: parameters are clipped by value: 5.0000.
[92mINFO [0m:      aggregate_fit: parameters are clipped by value: 5.0000.
[92mINFO [0m:      aggregate_train: Received 16 results and 0 failures
[92mINFO [0m:      aggregate_train: metric-aware noise with 0.012097 stdev added
[92mINFO [0m:      	└──> Aggregated MetricRecord: {'train_loss': 0.8828615252710866, 'train_loss_mean': 1.0016811349603967, 'client-ids': [0, 1, 2, 3, 4, 5, 6, 7, 8, 9, 10, 11, 12, 13, 14, 15], 'per-client-num-examples': [1223, 1082, 1364, 517, 1435, 1505, 940, 870, 1152, 447, 729, 1294, 1012, 659, 800, 376], 'per-client-train_loss': [0.9257400598763835, 0.8855781225752698, 0.8046967630162617, 0.9469625331908176, 0.792474108996707, 0.8126491643265632, 0.9205687002932772, 0.9286467201408298, 0.8561330089966456, 0.918650167367069, 0.9057625526426915, 0.8979409500104383, 0.9166717378518326, 0.8764809438780696, 0.9505950808525085, 1.0759001336199172], 'per-client-train_loss_mean': [1.0067223756213903, 0.9945263066045017, 0.9731066193748429, 1.075400599981415, 0.9547483996564088, 0.9556257416600008, 1.0259444971287504, 1.0010449309184632, 0.9708875513739056, 1.0567646811472489, 1.0115348330741065, 0.985469560866378, 1.02547386672657, 1.0397793971171692, 1.0403877716064454, 1.1648261547088623], 'dp-client-ids': [0, 1, 2, 3, 4, 5, 6, 7, 8, 9, 10, 11, 12, 13, 14, 15], 'dp-update-norms-before-clipping': [5.991908809220369, 5.286447448824937, 6.4704104806170974, 3.9046688900493187, 6.951586635978846, 6.871397270767957, 5.25555997539465, 4.917273382435352, 5.602033436204233, 3.730971011471937, 4.542258183920778, 6.014503012218775, 5.033864891565094, 4.846223398354792, 4.925026750464779, 3.4456897183719115], 'dp-client-clipped': [1, 1, 1, 0, 1, 1, 1, 0, 1, 0, 0, 1, 1, 0, 0, 0], 'dp-num-clients-clipped': 9, 'dp-fraction-clipped': 0.5625, 'metric-dp-pairwise-distances': [0.8207782399840653, 0.9523335662670434, 0.823959398859491, 0.9879817895125598, 0.945332546873639, 0.856319565170755, 0.8216229107541343, 0.8467813333651671, 0.8249925596949955, 0.8315158639258394, 0.9269467505315939, 0.8240433332199851, 0.8228968793215851, 0.8411613920082649, 0.8155513600213453, 0.8618972233186165, 0.707816750354444, 0.948194041227301, 0.9148110449314117, 0.734054020450761, 0.7034163094358519, 0.763788305533429, 0.7017146879807115, 0.6646311147293696, 0.8216392896914234, 0.7561650563341876, 0.7111672852964451, 0.7102472695211569, 0.6924979289372762, 0.8968840234447271, 1.0333501094331343, 1.006770772083352, 0.9102293018174047, 0.8946377018777033, 0.8938245362757394, 0.8904922406654805, 0.87281379615888, 0.935304249326388, 0.874887651608636, 0.8651945282084247, 0.861878749798052, 0.8745438417730232, 0.9467073735625794, 0.9331242730064938, 0.7132890541882565, 0.6489546785596758, 0.7892416495208939, 0.5388987515276918, 0.5879362672567368, 0.8279962118637437, 0.6872847386014959, 0.6403157244203612, 0.6666223756037652, 0.5286116897283742, 1.0267700138501823, 0.954536268254742, 0.9089699275791645, 0.9546504518948495, 0.9550467113343378, 0.9338725851072619, 1.0218677959637716, 0.957335032755509, 0.9469645520827422, 0.9256435816641897, 0.9486833651705334, 0.9290489395304272, 0.8850150720681995, 0.9317152208338181, 0.949060568275551, 0.9230581068744262, 0.9849902384836847, 0.9313967640822133, 0.9284186686466759, 0.930486590291063, 0.941149253010129, 0.718167413957417, 0.7870573273394257, 0.720135111749793, 0.7069406604083875, 0.853777082481732, 0.7862038085392365, 0.6954757100902498, 0.7412103201883534, 0.669103602723529, 0.7939914264716208, 0.6626357197140654, 0.662773767253384, 0.8171422141604125, 0.7408765351089338, 0.6926434031532457, 0.715820164574931, 0.6366467015662541, 0.7616717425795893, 0.7562373656158646, 0.8848333942393461, 0.8005308802239597, 0.7722431786047915, 0.759763897707065, 0.7550343297577152, 0.6134872070203224, 0.8218457732194414, 0.6919190326395134, 0.644007243293648, 0.6624947835225612, 0.5220340639352798, 0.7936635876152044, 0.699812960655739, 0.6496510854922235, 0.6548186400129149, 0.5788463964903107, 0.8449811143024514, 0.8430285779759288, 0.8217398351989686, 0.8138407163787633, 0.7498207317354778, 0.7376763600235184, 0.6663429368442545, 0.7031307404395193, 0.6075742427104464, 0.634359130092586], 'metric-dp-pairwise-client-i': [0, 0, 0, 0, 0, 0, 0, 0, 0, 0, 0, 0, 0, 0, 0, 1, 1, 1, 1, 1, 1, 1, 1, 1, 1, 1, 1, 1, 1, 2, 2, 2, 2, 2, 2, 2, 2, 2, 2, 2, 2, 2, 3, 3, 3, 3, 3, 3, 3, 3, 3, 3, 3, 3, 4, 4, 4, 4, 4, 4, 4, 4, 4, 4, 4, 5, 5, 5, 5, 5, 5, 5, 5, 5, 5, 6, 6, 6, 6, 6, 6, 6, 6, 6, 7, 7, 7, 7, 7, 7, 7, 7, 8, 8, 8, 8, 8, 8, 8, 9, 9, 9, 9, 9, 9, 10, 10, 10, 10, 10, 11, 11, 11, 11, 12, 12, 12, 13, 13, 14], 'metric-dp-pairwise-client-j': [1, 2, 3, 4, 5, 6, 7, 8, 9, 10, 11, 12, 13, 14, 15, 2, 3, 4, 5, 6, 7, 8, 9, 10, 11, 12, 13, 14, 15, 3, 4, 5, 6, 7, 8, 9, 10, 11, 12, 13, 14, 15, 4, 5, 6, 7, 8, 9, 10, 11, 12, 13, 14, 15, 5, 6, 7, 8, 9, 10, 11, 12, 13, 14, 15, 6, 7, 8, 9, 10, 11, 12, 13, 14, 15, 7, 8, 9, 10, 11, 12, 13, 14, 15, 8, 9, 10, 11, 12, 13, 14, 15, 9, 10, 11, 12, 13, 14, 15, 10, 11, 12, 13, 14, 15, 11, 12, 13, 14, 15, 12, 13, 14, 15, 13, 14, 15, 14, 15, 15], 'metric-dp-distance-min': 0.5220340639352798, 'metric-dp-distance-median': 0.8212005753690998, 'metric-dp-distance-mean': 0.8039060227760475, 'metric-dp-distance': 1.0333501094331343, 'dp-signal-update-norm': 3.5927244810014156, 'dp-parameter-count': 226596, 'dp-expected-noise-l2-norm': 5.758225160019905, 'dp-noise-to-signal-ratio': 1.6027461027055685, 'dp-noise-percent-of-signal': 160.27461027055685, 'metric-dp-noise-stdv': 0.012096577806390455}
[92mINFO [0m:      configure_evaluate: Sampled 16 nodes (out of 16)
[36m(ClientAppActor pid=18168)[0m /usr/lib/python3.12/multiprocessing/popen_fork.py:66: DeprecationWarning: This process (pid=18168) is multi-threaded, use of fork() may lead to deadlocks in the child.[32m [repeated 16x across cluster][0m
[36m(ClientAppActor pid=18168)[0m   self.pid = os.fork()[32m [repeated 16x across cluster][0m
[92mINFO [0m:      aggregate_evaluate: Received 16 results and 0 failures
[92mINFO [0m:      	└──> Aggregated MetricRecord: {'eval_loss': 0.9826603653517413, 'eval_acc': 0.5955958549222797, 'client-ids': [0, 1, 2, 3, 4, 5, 6, 7, 8, 9, 10, 11, 12, 13, 14, 15], 'per-client-eval_acc': [0.5718954248366013, 0.6125461254612546, 0.5789473684210527, 0.6153846153846154, 0.5626740947075209, 0.5676392572944297, 0.6271186440677966, 0.6605504587155964, 0.5882352941176471, 0.5357142857142857, 0.6229508196721312, 0.5987654320987654, 0.5968379446640316, 0.5818181818181818, 0.655, 0.5894736842105263], 'per-client-eval_loss': [1.039602348227906, 0.9689020952175464, 1.0115018309208386, 0.9485717512094057, 1.0210196646475194, 1.0099102242872, 0.9547273183273057, 0.9042485875820895, 0.9878429642598109, 1.0304813555308752, 0.9808033281336717, 0.9475533432430692, 0.9667000525553707, 0.985350227355957, 0.9034616017341613, 1.0332755239386306], 'per-client-num-examples': [306, 271, 342, 130, 359, 377, 236, 218, 289, 112, 183, 324, 253, 165, 200, 95]}
[92mINFO [0m:      Global evaluation
[92mINFO [0m:      	└──> MetricRecord: {'loss': 0.9590269756317139, 'accuracy': 0.6095, 'f1': 0.5883315310696942, 'precision': 0.6196396545728892, 'auc': 0.8550037500000001}
[92mINFO [0m:      
[92mINFO [0m:      [ROUND 3/20]
[92mINFO [0m:      configure_train: Sampled 16 nodes (out of 16)
[92mINFO [0m:      aggregate_train: maximum pairwise model distance: 0.994877
[92mINFO [0m:      aggregate_train: Received 16 results and 0 failures
[92mINFO [0m:      aggregate_fit: parameters are clipped by value: 5.0000.
[92mINFO [0m:      aggregate_fit: parameters are clipped by value: 5.0000.
[92mINFO [0m:      aggregate_fit: parameters are clipped by value: 5.0000.
[92mINFO [0m:      aggregate_fit: parameters are clipped by value: 5.0000.
[92mINFO [0m:      aggregate_fit: parameters are clipped by value: 5.0000.
[92mINFO [0m:      aggregate_fit: parameters are clipped by value: 5.0000.
[92mINFO [0m:      aggregate_fit: parameters are clipped by value: 5.0000.
[92mINFO [0m:      aggregate_fit: parameters are clipped by value: 5.0000.
[92mINFO [0m:      aggregate_fit: parameters are clipped by value: 5.0000.
[92mINFO [0m:      aggregate_fit: parameters are clipped by value: 5.0000.
[92mINFO [0m:      aggregate_fit: parameters are clipped by value: 5.0000.
[92mINFO [0m:      aggregate_fit: parameters are clipped by value: 5.0000.
[92mINFO [0m:      aggregate_fit: parameters are clipped by value: 5.0000.
[92mINFO [0m:      aggregate_fit: parameters are clipped by value: 5.0000.
[92mINFO [0m:      aggregate_fit: parameters are clipped by value: 5.0000.
[92mINFO [0m:      aggregate_fit: parameters are clipped by value: 5.0000.
[92mINFO [0m:      aggregate_train: Received 16 results and 0 failures
[92mINFO [0m:      aggregate_train: metric-aware noise with 0.012564 stdev added
[92mINFO [0m:      	└──> Aggregated MetricRecord: {'train_loss': 0.7542763378936648, 'train_loss_mean': 0.8330042431161355, 'client-ids': [0, 1, 2, 3, 4, 5, 6, 7, 8, 9, 10, 11, 12, 13, 14, 15], 'per-client-num-examples': [1223, 1082, 1364, 517, 1435, 1505, 940, 870, 1152, 447, 729, 1294, 1012, 659, 800, 376], 'per-client-train_loss': [0.7557626153637129, 0.7222814529087539, 0.7086123881801483, 0.8310716229435092, 0.722320741061965, 0.8183888646851346, 0.7595575150023115, 0.7179327744177018, 0.7372846288813485, 0.8139016896286266, 0.6589305578272365, 0.7691301977984504, 0.8074485829225171, 0.7607963857592871, 0.7393107891082764, 0.8300163555652538], 'per-client-train_loss_mean': [0.8408286975576365, 0.8259859406353145, 0.7872631327497646, 0.9019360516703105, 0.809257571198799, 0.8446138237674173, 0.8084940696777181, 0.8266619024605587, 0.8228406687577566, 0.8851507844274209, 0.7834624355385496, 0.8327518908649545, 0.8689388058873504, 0.8681030511132504, 0.8329575500488282, 0.9269457256540339], 'dp-client-ids': [0, 1, 2, 3, 4, 5, 6, 7, 8, 9, 10, 11, 12, 13, 14, 15], 'dp-update-norms-before-clipping': [5.88632525548007, 5.081700035195925, 5.6271493738507266, 3.265419911994765, 6.217629819772103, 6.288073415114086, 4.532890765995678, 4.467536854877117, 5.140870029615431, 3.298125929718551, 4.195401085517762, 5.8052747564486875, 4.737289121890867, 3.895675691190449, 4.519160639182491, 3.1172299094772224], 'dp-client-clipped': [1, 1, 1, 0, 1, 1, 0, 0, 1, 0, 0, 1, 0, 0, 0, 0], 'dp-num-clients-clipped': 7, 'dp-fraction-clipped': 0.4375, 'metric-dp-pairwise-distances': [0.8770478393416852, 0.8952814502796779, 0.8382579040868828, 0.9379537301138043, 0.9331678904903432, 0.8274595965631306, 0.8378070378288006, 0.8529136109476289, 0.8373828066202501, 0.7981354508859416, 0.8915552432105566, 0.8681641101526717, 0.810525526991114, 0.8360420809670662, 0.8520328556187451, 0.7995324525206039, 0.7106909351035332, 0.9063614835031331, 0.925780977277706, 0.739364663294206, 0.7559321182003865, 0.7748711844130108, 0.7529332643219581, 0.7345098967198282, 0.8416773314820603, 0.7930450505421808, 0.6949112850318974, 0.7466091803119829, 0.717427147552371, 0.7797721929382533, 0.9193346861284226, 0.9497373293464383, 0.8134480720230689, 0.8206636071360359, 0.8063786996062845, 0.8016958257261043, 0.8196199773034701, 0.8830264111359915, 0.8220490076734374, 0.7677376480617871, 0.7895851783299198, 0.8111324785277247, 0.8840377273348471, 0.9038706091232598, 0.6874625765097638, 0.6558455774405351, 0.7451616855493436, 0.5647625925485045, 0.625879080578064, 0.8313399816397578, 0.7055023308688154, 0.6019952195929363, 0.6540297223255038, 0.5513990078276644, 0.9948770574604472, 0.8511571275691191, 0.8618627683414767, 0.8672779181506485, 0.8838128154166043, 0.8646931392140687, 0.93069260319074, 0.9031013063310335, 0.850639813269178, 0.8718532085573921, 0.8768655265836666, 0.8847334482707083, 0.9192108715263506, 0.9246643215107421, 0.9213785484122733, 0.8793908851221204, 0.9481430695547411, 0.9144412128565212, 0.8784163049422204, 0.9049314570147544, 0.915534611325711, 0.7192758327970902, 0.7555513437837362, 0.6768266151969632, 0.6673867325298488, 0.830463644505168, 0.739392060553655, 0.6506126578121135, 0.7042315942235291, 0.6672525278214986, 0.7665194979247948, 0.6802087914353857, 0.6663397712788234, 0.8139505787209297, 0.780723150431489, 0.6982877856547324, 0.7230270505339528, 0.6670084449384982, 0.752796320283475, 0.7387407598046897, 0.8364858664572239, 0.785925070134302, 0.7070200183273604, 0.7363868526881561, 0.7438065306438754, 0.6303018811061823, 0.8596440460532904, 0.7271772857444981, 0.6041485356011739, 0.6661161937129995, 0.565967973244066, 0.8344253713730723, 0.7384029414194325, 0.6514658433540413, 0.7038066580037897, 0.6102637243457139, 0.8549098869164785, 0.8056281567551196, 0.8376612092833966, 0.848380399441036, 0.6880649910308421, 0.7281497918690244, 0.6920917184712986, 0.647517708557037, 0.6028272921685129, 0.6607867998924727], 'metric-dp-pairwise-client-i': [0, 0, 0, 0, 0, 0, 0, 0, 0, 0, 0, 0, 0, 0, 0, 1, 1, 1, 1, 1, 1, 1, 1, 1, 1, 1, 1, 1, 1, 2, 2, 2, 2, 2, 2, 2, 2, 2, 2, 2, 2, 2, 3, 3, 3, 3, 3, 3, 3, 3, 3, 3, 3, 3, 4, 4, 4, 4, 4, 4, 4, 4, 4, 4, 4, 5, 5, 5, 5, 5, 5, 5, 5, 5, 5, 6, 6, 6, 6, 6, 6, 6, 6, 6, 7, 7, 7, 7, 7, 7, 7, 7, 8, 8, 8, 8, 8, 8, 8, 9, 9, 9, 9, 9, 9, 10, 10, 10, 10, 10, 11, 11, 11, 11, 12, 12, 12, 13, 13, 14], 'metric-dp-pairwise-client-j': [1, 2, 3, 4, 5, 6, 7, 8, 9, 10, 11, 12, 13, 14, 15, 2, 3, 4, 5, 6, 7, 8, 9, 10, 11, 12, 13, 14, 15, 3, 4, 5, 6, 7, 8, 9, 10, 11, 12, 13, 14, 15, 4, 5, 6, 7, 8, 9, 10, 11, 12, 13, 14, 15, 5, 6, 7, 8, 9, 10, 11, 12, 13, 14, 15, 6, 7, 8, 9, 10, 11, 12, 13, 14, 15, 7, 8, 9, 10, 11, 12, 13, 14, 15, 8, 9, 10, 11, 12, 13, 14, 15, 9, 10, 11, 12, 13, 14, 15, 10, 11, 12, 13, 14, 15, 11, 12, 13, 14, 15, 12, 13, 14, 15, 13, 14, 15, 14, 15, 15], 'metric-dp-distance-min': 0.5513990078276644, 'metric-dp-distance-median': 0.8006141391233541, 'metric-dp-distance-mean': 0.7858039770924532, 'metric-dp-distance': 0.9948770574604472, 'dp-signal-update-norm': 3.2069704497790203, 'dp-parameter-count': 226596, 'dp-expected-noise-l2-norm': 5.98090241867273, 'dp-noise-to-signal-ratio': 1.8649696067779016, 'dp-noise-percent-of-signal': 186.49696067779016, 'metric-dp-noise-stdv': 0.012564366527767636}
[92mINFO [0m:      configure_evaluate: Sampled 16 nodes (out of 16)
[36m(ClientAppActor pid=18164)[0m /usr/lib/python3.12/multiprocessing/popen_fork.py:66: DeprecationWarning: This process (pid=18164) is multi-threaded, use of fork() may lead to deadlocks in the child.[32m [repeated 16x across cluster][0m
[36m(ClientAppActor pid=18164)[0m   self.pid = os.fork()[32m [repeated 16x across cluster][0m
[92mINFO [0m:      aggregate_evaluate: Received 16 results and 0 failures
[92mINFO [0m:      	└──> Aggregated MetricRecord: {'eval_loss': 0.8261160205065277, 'eval_acc': 0.6696891191709845, 'client-ids': [0, 1, 2, 3, 4, 5, 6, 7, 8, 9, 10, 11, 12, 13, 14, 15], 'per-client-eval_acc': [0.6535947712418301, 0.6605166051660517, 0.6754385964912281, 0.7230769230769231, 0.649025069637883, 0.6419098143236074, 0.6610169491525424, 0.7110091743119266, 0.6816608996539792, 0.5625, 0.6994535519125683, 0.6820987654320988, 0.6956521739130435, 0.6484848484848484, 0.71, 0.6421052631578947], 'per-client-eval_loss': [0.8941139021730111, 0.8185074936419835, 0.8429312622338011, 0.7566048475412223, 0.8540173094916809, 0.8521758466563744, 0.8069787823547752, 0.739242693699828, 0.8172045529507436, 0.9089796628270831, 0.8471936710545274, 0.799650783892031, 0.802179102841102, 0.8347439419139515, 0.7513326048851013, 0.8866969058388158], 'per-client-num-examples': [306, 271, 342, 130, 359, 377, 236, 218, 289, 112, 183, 324, 253, 165, 200, 95]}
[92mINFO [0m:      Global evaluation
[92mINFO [0m:      	└──> MetricRecord: {'loss': 0.8030410957336426, 'accuracy': 0.671, 'f1': 0.655882298293398, 'precision': 0.6753324104511311, 'auc': 0.8908542500000001}
[92mINFO [0m:      
[92mINFO [0m:      [ROUND 4/20]
[92mINFO [0m:      configure_train: Sampled 16 nodes (out of 16)
[92mINFO [0m:      aggregate_train: maximum pairwise model distance: 1.003388
[92mINFO [0m:      aggregate_train: Received 16 results and 0 failures
[92mINFO [0m:      aggregate_fit: parameters are clipped by value: 5.0000.
[92mINFO [0m:      aggregate_fit: parameters are clipped by value: 5.0000.
[92mINFO [0m:      aggregate_fit: parameters are clipped by value: 5.0000.
[92mINFO [0m:      aggregate_fit: parameters are clipped by value: 5.0000.
[92mINFO [0m:      aggregate_fit: parameters are clipped by value: 5.0000.
[92mINFO [0m:      aggregate_fit: parameters are clipped by value: 5.0000.
[92mINFO [0m:      aggregate_fit: parameters are clipped by value: 5.0000.
[92mINFO [0m:      aggregate_fit: parameters are clipped by value: 5.0000.
[92mINFO [0m:      aggregate_fit: parameters are clipped by value: 5.0000.
[92mINFO [0m:      aggregate_fit: parameters are clipped by value: 5.0000.
[92mINFO [0m:      aggregate_fit: parameters are clipped by value: 5.0000.
[92mINFO [0m:      aggregate_fit: parameters are clipped by value: 5.0000.
[92mINFO [0m:      aggregate_fit: parameters are clipped by value: 5.0000.
[92mINFO [0m:      aggregate_fit: parameters are clipped by value: 5.0000.
[92mINFO [0m:      aggregate_fit: parameters are clipped by value: 5.0000.
[92mINFO [0m:      aggregate_fit: parameters are clipped by value: 5.0000.
[92mINFO [0m:      aggregate_train: Received 16 results and 0 failures
[92mINFO [0m:      aggregate_train: metric-aware noise with 0.012458 stdev added
[92mINFO [0m:      	└──> Aggregated MetricRecord: {'train_loss': 0.6421091684270548, 'train_loss_mean': 0.7169184060060081, 'client-ids': [0, 1, 2, 3, 4, 5, 6, 7, 8, 9, 10, 11, 12, 13, 14, 15], 'per-client-num-examples': [1223, 1082, 1364, 517, 1435, 1505, 940, 870, 1152, 447, 729, 1294, 1012, 659, 800, 376], 'per-client-train_loss': [0.6708220863868638, 0.6619256536533124, 0.6079617819128847, 0.7100444788859015, 0.6543488919942636, 0.6368156890536464, 0.5965322765898198, 0.6534524361292521, 0.6382048957877688, 0.5863298936444907, 0.561267427946805, 0.6438704819362352, 0.7005668463914291, 0.6429827994750374, 0.6594472551345825, 0.6175178048458505], 'per-client-train_loss_mean': [0.744891109928574, 0.7338515069810828, 0.6889953366822161, 0.8145648439340942, 0.7139030663643149, 0.6887963283462976, 0.6965842344405804, 0.7178467561458719, 0.7188117328617307, 0.724183686640972, 0.6429151904272281, 0.7148623811959115, 0.7628175354757799, 0.7131339510764265, 0.7227273457050323, 0.7238488693186577], 'dp-client-ids': [0, 1, 2, 3, 4, 5, 6, 7, 8, 9, 10, 11, 12, 13, 14, 15], 'dp-update-norms-before-clipping': [5.4461280276522235, 4.540602699654646, 5.549846526002266, 3.280803871376345, 5.655913261449589, 5.650927657817971, 4.4267812920223495, 4.165224575948145, 4.897728889038011, 3.419031926126494, 3.9212094114266858, 5.239148187284253, 4.611876357426267, 3.6610836464836414, 4.10403640892707, 3.38318576721476], 'dp-client-clipped': [1, 0, 1, 0, 1, 1, 0, 0, 0, 0, 0, 1, 0, 0, 0, 0], 'dp-num-clients-clipped': 5, 'dp-fraction-clipped': 0.3125, 'metric-dp-pairwise-distances': [0.9060640579555184, 0.9901674805829922, 0.8566439227045825, 0.9824262702604756, 0.9673146919813007, 0.8779056878217185, 0.8779573499923572, 0.9288500989787281, 0.8536749274935573, 0.8878923695689688, 0.9439695975743234, 0.912096681422554, 0.8728121104262149, 0.8822815446183085, 0.8844925774028525, 0.8943873338866979, 0.738813013692076, 0.8901046550599858, 0.9169669805560261, 0.7964094041381031, 0.7828758894465864, 0.84379478249078, 0.7644495104129115, 0.7867039340392997, 0.8677655117741475, 0.837213838705793, 0.7446740145096555, 0.7852396191253016, 0.753179693982626, 0.8609730638563633, 0.9844970433041453, 1.0033877248254914, 0.9032664148447415, 0.8970255485425392, 0.9307412786098818, 0.8621325401666885, 0.9024223851350447, 0.9519474134237195, 0.9153616571178039, 0.851063835201785, 0.8748836972905943, 0.8874257765710354, 0.8771640045257906, 0.8656765321890513, 0.7478074259124696, 0.7087908967708548, 0.7758503338942925, 0.6306249410845339, 0.6907480759934211, 0.8193110891152173, 0.7511152502847835, 0.6448692292906344, 0.6919143288396299, 0.6459452644921839, 0.9821391318303844, 0.8641393328046737, 0.8671834557705248, 0.9136730489941934, 0.8766414367904266, 0.8899394317995757, 0.9386887922300957, 0.9152968704778081, 0.8511039855269095, 0.8825457206500383, 0.886609631445026, 0.9008419988676906, 0.8837990098788092, 0.9483228346022466, 0.8798831393942237, 0.8920201930838326, 0.9544989887314538, 0.9167080169233183, 0.8783834443505233, 0.9096511156919102, 0.8906174400666108, 0.7693433883056665, 0.8427151325158775, 0.750461501457418, 0.7581185559586933, 0.8537942129963388, 0.8051632666805139, 0.73752744612284, 0.769224637808899, 0.7304257331416011, 0.8211321459772686, 0.7300147453788668, 0.7200151898432523, 0.8328565866298353, 0.82784550676782, 0.7253282114397734, 0.7572267438905934, 0.7287899767203877, 0.7911565005003164, 0.8168689981879046, 0.8933491924932847, 0.8490463347795109, 0.7843975734431297, 0.810459666342164, 0.788409428515782, 0.7047466754447669, 0.8366309092380106, 0.7525472329774251, 0.6777708740749707, 0.711898789042607, 0.6544275325722992, 0.8548086686835935, 0.8099885674503943, 0.718154635746032, 0.7389946697900692, 0.6799873824541768, 0.8793377631809562, 0.822619038556392, 0.8458137442842902, 0.8520919445824499, 0.7729817257301571, 0.7998257260769606, 0.7597999988356605, 0.7024942695861682, 0.6825191624617825, 0.7134385896109355], 'metric-dp-pairwise-client-i': [0, 0, 0, 0, 0, 0, 0, 0, 0, 0, 0, 0, 0, 0, 0, 1, 1, 1, 1, 1, 1, 1, 1, 1, 1, 1, 1, 1, 1, 2, 2, 2, 2, 2, 2, 2, 2, 2, 2, 2, 2, 2, 3, 3, 3, 3, 3, 3, 3, 3, 3, 3, 3, 3, 4, 4, 4, 4, 4, 4, 4, 4, 4, 4, 4, 5, 5, 5, 5, 5, 5, 5, 5, 5, 5, 6, 6, 6, 6, 6, 6, 6, 6, 6, 7, 7, 7, 7, 7, 7, 7, 7, 8, 8, 8, 8, 8, 8, 8, 9, 9, 9, 9, 9, 9, 10, 10, 10, 10, 10, 11, 11, 11, 11, 12, 12, 12, 13, 13, 14], 'metric-dp-pairwise-client-j': [1, 2, 3, 4, 5, 6, 7, 8, 9, 10, 11, 12, 13, 14, 15, 2, 3, 4, 5, 6, 7, 8, 9, 10, 11, 12, 13, 14, 15, 3, 4, 5, 6, 7, 8, 9, 10, 11, 12, 13, 14, 15, 4, 5, 6, 7, 8, 9, 10, 11, 12, 13, 14, 15, 5, 6, 7, 8, 9, 10, 11, 12, 13, 14, 15, 6, 7, 8, 9, 10, 11, 12, 13, 14, 15, 7, 8, 9, 10, 11, 12, 13, 14, 15, 8, 9, 10, 11, 12, 13, 14, 15, 9, 10, 11, 12, 13, 14, 15, 10, 11, 12, 13, 14, 15, 11, 12, 13, 14, 15, 12, 13, 14, 15, 13, 14, 15, 14, 15, 15], 'metric-dp-distance-min': 0.6306249410845339, 'metric-dp-distance-median': 0.8500550849906479, 'metric-dp-distance-mean': 0.8290775741506271, 'metric-dp-distance': 1.0033877248254914, 'dp-signal-update-norm': 2.5179715271225396, 'dp-parameter-count': 226596, 'dp-expected-noise-l2-norm': 5.930172805614163, 'dp-noise-to-signal-ratio': 2.3551389448755926, 'dp-noise-percent-of-signal': 235.5138944875593, 'metric-dp-noise-stdv': 0.01245779641381799}
[92mINFO [0m:      configure_evaluate: Sampled 16 nodes (out of 16)
[36m(ClientAppActor pid=18164)[0m /usr/lib/python3.12/multiprocessing/popen_fork.py:66: DeprecationWarning: This process (pid=18164) is multi-threaded, use of fork() may lead to deadlocks in the child.[32m [repeated 16x across cluster][0m
[36m(ClientAppActor pid=18164)[0m   self.pid = os.fork()[32m [repeated 16x across cluster][0m
[92mINFO [0m:      aggregate_evaluate: Received 16 results and 0 failures
[92mINFO [0m:      	└──> Aggregated MetricRecord: {'eval_loss': 0.8110225182895217, 'eval_acc': 0.6487046632124354, 'client-ids': [0, 1, 2, 3, 4, 5, 6, 7, 8, 9, 10, 11, 12, 13, 14, 15], 'per-client-eval_acc': [0.6078431372549019, 0.6494464944649446, 0.6403508771929824, 0.6461538461538462, 0.6239554317548747, 0.6419098143236074, 0.6398305084745762, 0.7201834862385321, 0.6885813148788927, 0.6339285714285714, 0.639344262295082, 0.6234567901234568, 0.6837944664031621, 0.6181818181818182, 0.7, 0.6421052631578947], 'per-client-eval_loss': [0.8654500986236373, 0.7875825135910203, 0.8410508339865166, 0.7531638030822461, 0.8452785001823829, 0.8234534756890659, 0.8057500851356377, 0.7035759085908943, 0.772445032340845, 0.8528185401644025, 0.8468207791854775, 0.8052257785090694, 0.7935328728596683, 0.8181481216893052, 0.7515764379501343, 0.9327678881193462], 'per-client-num-examples': [306, 271, 342, 130, 359, 377, 236, 218, 289, 112, 183, 324, 253, 165, 200, 95]}
[92mINFO [0m:      Global evaluation
[92mINFO [0m:      	└──> MetricRecord: {'loss': 0.7943998851776123, 'accuracy': 0.6565, 'f1': 0.6275483190742874, 'precision': 0.6950489549514072, 'auc': 0.8915390833333332}
[92mINFO [0m:      
[92mINFO [0m:      [ROUND 5/20]
[92mINFO [0m:      configure_train: Sampled 16 nodes (out of 16)
[92mINFO [0m:      aggregate_train: maximum pairwise model distance: 1.123287
[92mINFO [0m:      aggregate_train: Received 16 results and 0 failures
[92mINFO [0m:      aggregate_fit: parameters are clipped by value: 5.0000.
[92mINFO [0m:      aggregate_fit: parameters are clipped by value: 5.0000.
[92mINFO [0m:      aggregate_fit: parameters are clipped by value: 5.0000.
[92mINFO [0m:      aggregate_fit: parameters are clipped by value: 5.0000.
[92mINFO [0m:      aggregate_fit: parameters are clipped by value: 5.0000.
[92mINFO [0m:      aggregate_fit: parameters are clipped by value: 5.0000.
[92mINFO [0m:      aggregate_fit: parameters are clipped by value: 5.0000.
[92mINFO [0m:      aggregate_fit: parameters are clipped by value: 5.0000.
[92mINFO [0m:      aggregate_fit: parameters are clipped by value: 5.0000.
[92mINFO [0m:      aggregate_fit: parameters are clipped by value: 5.0000.
[92mINFO [0m:      aggregate_fit: parameters are clipped by value: 5.0000.
[92mINFO [0m:      aggregate_fit: parameters are clipped by value: 5.0000.
[92mINFO [0m:      aggregate_fit: parameters are clipped by value: 5.0000.
[92mINFO [0m:      aggregate_fit: parameters are clipped by value: 5.0000.
[92mINFO [0m:      aggregate_fit: parameters are clipped by value: 5.0000.
[92mINFO [0m:      aggregate_fit: parameters are clipped by value: 5.0000.
[92mINFO [0m:      aggregate_train: Received 16 results and 0 failures
[92mINFO [0m:      aggregate_train: metric-aware noise with 0.011128 stdev added
[92mINFO [0m:      	└──> Aggregated MetricRecord: {'train_loss': 0.5655308042571593, 'train_loss_mean': 0.6541525779756345, 'client-ids': [0, 1, 2, 3, 4, 5, 6, 7, 8, 9, 10, 11, 12, 13, 14, 15], 'per-client-num-examples': [1223, 1082, 1364, 517, 1435, 1505, 940, 870, 1152, 447, 729, 1294, 1012, 659, 800, 376], 'per-client-train_loss': [0.5467930978570721, 0.6019201840578738, 0.5646726670852504, 0.626434843590919, 0.5274948979296336, 0.5466467855380619, 0.5866886696916945, 0.5645426958456806, 0.5688209277060297, 0.508481639876995, 0.5087600670070151, 0.5926654290010609, 0.6133080164905593, 0.5712853171756669, 0.5695935046672821, 0.5383785316284667], 'per-client-train_loss_mean': [0.6633954978437572, 0.6680369385289177, 0.6469586635527373, 0.7178063969086402, 0.6235169538305196, 0.6434099890568264, 0.6270749538502794, 0.6499508468858126, 0.649358018901613, 0.6237631597241566, 0.5921035969290059, 0.676912290484312, 0.6919530384154188, 0.6536159780209994, 0.6916753189563751, 0.6722007090741016], 'dp-client-ids': [0, 1, 2, 3, 4, 5, 6, 7, 8, 9, 10, 11, 12, 13, 14, 15], 'dp-update-norms-before-clipping': [5.517864123611438, 5.029678510534883, 5.677935769544632, 3.515907472155869, 5.848328032740353, 5.976757148449526, 4.496807957508618, 4.471672530676461, 5.145194316942658, 3.2427972477624945, 4.235067607264016, 5.50606457632365, 4.782971798960495, 3.7882789547473457, 4.281716901707581, 3.365666870128915], 'dp-client-clipped': [1, 1, 1, 0, 1, 1, 0, 0, 1, 0, 0, 1, 0, 0, 0, 0], 'dp-num-clients-clipped': 7, 'dp-fraction-clipped': 0.4375, 'metric-dp-pairwise-distances': [1.0155546741249661, 1.0794391280505806, 0.925829006669422, 1.0809015452784176, 1.0750124192175765, 0.9610358740901574, 0.9645596166374162, 1.038269072227801, 0.8905775296346595, 0.9551102507393807, 1.0298671840767686, 0.9758257289261868, 0.9281450940761715, 0.9433169585342208, 0.9129343878788253, 1.013976087871318, 0.8664977188842992, 1.034756946687897, 1.0503317050170153, 0.9025860521942377, 0.9157807199905316, 0.9667933432695767, 0.8476017521073421, 0.9167487313970923, 0.9929807467075685, 0.9591258006015172, 0.8604887224112948, 0.8997990364829699, 0.8378358861276259, 0.9379859478212893, 1.0822012341038014, 1.1232867103535682, 0.9765624282881618, 0.9879189243850609, 1.0228981456408899, 0.9321399412195509, 0.9876318285241723, 1.0645143802976236, 0.9929701682412997, 0.9290324982527333, 0.9751293540466577, 0.9420860193980237, 0.9590940974109495, 0.9600243743819495, 0.7969209715568771, 0.7757939104922116, 0.8484903088926027, 0.6742239767142261, 0.7781067718945754, 0.8902661132936677, 0.8094061232016733, 0.7156807778713604, 0.7404753568892678, 0.6870762469867865, 1.1067418676490586, 0.9752122145922234, 0.9685393953307843, 1.0261348050553352, 0.9496280152816325, 1.0068895265382405, 1.0485201336753864, 1.0168529546742018, 0.9417838003331175, 0.9703135113231838, 0.9467335589385281, 1.0117538020325203, 0.9947801848563055, 1.052741243193547, 0.9519211244769394, 1.0001105305273086, 1.06198353250511, 1.0286418021811794, 0.9726160286615292, 0.989900138694793, 0.9656018674528847, 0.8645213480340317, 0.9341314053939035, 0.7728826485884687, 0.8562150979802633, 0.9491420747945085, 0.8874208198394626, 0.7996543778184181, 0.8428436543326825, 0.7652346949131849, 0.9227743715358278, 0.7949897789706787, 0.8392856533949574, 0.9388305002357811, 0.913784843365041, 0.8010536180033038, 0.8362919096834958, 0.8015526582991394, 0.847633237290817, 0.9231827755769094, 0.9925472769731035, 0.9503315188921988, 0.8613457284712543, 0.8891693771195909, 0.8497617147707691, 0.7554129384031208, 0.8971446247305721, 0.8125052043857673, 0.7172933966697504, 0.7368580675683916, 0.6445110643592974, 0.9617244189915558, 0.9021839352014164, 0.8038904762749249, 0.8297711978666484, 0.7470385750445226, 0.9723542610493799, 0.9033123254581975, 0.9276247095161428, 0.9134519723205207, 0.8306373940625539, 0.8852211021973441, 0.8122386621156087, 0.7534600579335043, 0.7236952635381991, 0.7670201896689832], 'metric-dp-pairwise-client-i': [0, 0, 0, 0, 0, 0, 0, 0, 0, 0, 0, 0, 0, 0, 0, 1, 1, 1, 1, 1, 1, 1, 1, 1, 1, 1, 1, 1, 1, 2, 2, 2, 2, 2, 2, 2, 2, 2, 2, 2, 2, 2, 3, 3, 3, 3, 3, 3, 3, 3, 3, 3, 3, 3, 4, 4, 4, 4, 4, 4, 4, 4, 4, 4, 4, 5, 5, 5, 5, 5, 5, 5, 5, 5, 5, 6, 6, 6, 6, 6, 6, 6, 6, 6, 7, 7, 7, 7, 7, 7, 7, 7, 8, 8, 8, 8, 8, 8, 8, 9, 9, 9, 9, 9, 9, 10, 10, 10, 10, 10, 11, 11, 11, 11, 12, 12, 12, 13, 13, 14], 'metric-dp-pairwise-client-j': [1, 2, 3, 4, 5, 6, 7, 8, 9, 10, 11, 12, 13, 14, 15, 2, 3, 4, 5, 6, 7, 8, 9, 10, 11, 12, 13, 14, 15, 3, 4, 5, 6, 7, 8, 9, 10, 11, 12, 13, 14, 15, 4, 5, 6, 7, 8, 9, 10, 11, 12, 13, 14, 15, 5, 6, 7, 8, 9, 10, 11, 12, 13, 14, 15, 6, 7, 8, 9, 10, 11, 12, 13, 14, 15, 7, 8, 9, 10, 11, 12, 13, 14, 15, 8, 9, 10, 11, 12, 13, 14, 15, 9, 10, 11, 12, 13, 14, 15, 10, 11, 12, 13, 14, 15, 11, 12, 13, 14, 15, 12, 13, 14, 15, 13, 14, 15, 14, 15, 15], 'metric-dp-distance-min': 0.6445110643592974, 'metric-dp-distance-median': 0.9285887961644523, 'metric-dp-distance-mean': 0.9129244107473318, 'metric-dp-distance': 1.1232867103535682, 'dp-signal-update-norm': 2.198954427887377, 'dp-parameter-count': 226596, 'dp-expected-noise-l2-norm': 5.2971895281964825, 'dp-noise-to-signal-ratio': 2.408958303554159, 'dp-noise-percent-of-signal': 240.8958303554159, 'metric-dp-noise-stdv': 0.011128058299617445}
[92mINFO [0m:      configure_evaluate: Sampled 16 nodes (out of 16)
[36m(ClientAppActor pid=18170)[0m /usr/lib/python3.12/multiprocessing/popen_fork.py:66: DeprecationWarning: This process (pid=18170) is multi-threaded, use of fork() may lead to deadlocks in the child.[32m [repeated 16x across cluster][0m
[36m(ClientAppActor pid=18170)[0m   self.pid = os.fork()[32m [repeated 16x across cluster][0m
[92mINFO [0m:      aggregate_evaluate: Received 16 results and 0 failures
[92mINFO [0m:      	└──> Aggregated MetricRecord: {'eval_loss': 0.6673931437298425, 'eval_acc': 0.734455958549223, 'client-ids': [0, 1, 2, 3, 4, 5, 6, 7, 8, 9, 10, 11, 12, 13, 14, 15], 'per-client-eval_acc': [0.7091503267973857, 0.7453874538745388, 0.7426900584795322, 0.7461538461538462, 0.7214484679665738, 0.7374005305039788, 0.75, 0.7798165137614679, 0.7681660899653979, 0.6964285714285714, 0.7213114754098361, 0.7098765432098766, 0.7549407114624506, 0.7090909090909091, 0.75, 0.6421052631578947], 'per-client-eval_loss': [0.7097914826636221, 0.6335980496283387, 0.6530822090238159, 0.6191671366874988, 0.7152889399143315, 0.6843084087422419, 0.6686610438055911, 0.5742137891436936, 0.6543917490949268, 0.7185964414051601, 0.6911358650916261, 0.6730322675940431, 0.6556903024907169, 0.6534543788794315, 0.6093355882167816, 0.7991130828857422], 'per-client-num-examples': [306, 271, 342, 130, 359, 377, 236, 218, 289, 112, 183, 324, 253, 165, 200, 95]}
[92mINFO [0m:      Global evaluation
[92mINFO [0m:      	└──> MetricRecord: {'loss': 0.6337725968360901, 'accuracy': 0.7445, 'f1': 0.7403991426601364, 'precision': 0.7419460646737812, 'auc': 0.9301275000000001}
[92mINFO [0m:      
[92mINFO [0m:      [ROUND 6/20]
[92mINFO [0m:      configure_train: Sampled 16 nodes (out of 16)
[92mINFO [0m:      aggregate_train: maximum pairwise model distance: 1.188472
[92mINFO [0m:      aggregate_train: Received 16 results and 0 failures
[92mINFO [0m:      aggregate_fit: parameters are clipped by value: 5.0000.
[92mINFO [0m:      aggregate_fit: parameters are clipped by value: 5.0000.
[92mINFO [0m:      aggregate_fit: parameters are clipped by value: 5.0000.
[92mINFO [0m:      aggregate_fit: parameters are clipped by value: 5.0000.
[92mINFO [0m:      aggregate_fit: parameters are clipped by value: 5.0000.
[92mINFO [0m:      aggregate_fit: parameters are clipped by value: 5.0000.
[92mINFO [0m:      aggregate_fit: parameters are clipped by value: 5.0000.
[92mINFO [0m:      aggregate_fit: parameters are clipped by value: 5.0000.
[92mINFO [0m:      aggregate_fit: parameters are clipped by value: 5.0000.
[92mINFO [0m:      aggregate_fit: parameters are clipped by value: 5.0000.
[92mINFO [0m:      aggregate_fit: parameters are clipped by value: 5.0000.
[92mINFO [0m:      aggregate_fit: parameters are clipped by value: 5.0000.
[92mINFO [0m:      aggregate_fit: parameters are clipped by value: 5.0000.
[92mINFO [0m:      aggregate_fit: parameters are clipped by value: 5.0000.
[92mINFO [0m:      aggregate_fit: parameters are clipped by value: 5.0000.
[92mINFO [0m:      aggregate_fit: parameters are clipped by value: 5.0000.
[92mINFO [0m:      aggregate_train: Received 16 results and 0 failures
[92mINFO [0m:      aggregate_train: metric-aware noise with 0.010518 stdev added
[92mINFO [0m:      	└──> Aggregated MetricRecord: {'train_loss': 0.4938635010333628, 'train_loss_mean': 0.5893682434861071, 'client-ids': [0, 1, 2, 3, 4, 5, 6, 7, 8, 9, 10, 11, 12, 13, 14, 15], 'per-client-num-examples': [1223, 1082, 1364, 517, 1435, 1505, 940, 870, 1152, 447, 729, 1294, 1012, 659, 800, 376], 'per-client-train_loss': [0.5231079730164878, 0.5303434481682486, 0.48527162865110157, 0.6473356508424711, 0.4786245453856133, 0.4853359499639921, 0.46508785295993726, 0.4621190885017658, 0.4925770171814495, 0.4495536100277698, 0.4308859858820304, 0.518952495209769, 0.5021827927691193, 0.48105531451553785, 0.5113760387897491, 0.4067650342241247], 'per-client-train_loss_mean': [0.6080477099046294, 0.606611704826355, 0.5654850787081677, 0.6753928457514691, 0.5829561042411818, 0.564473211568474, 0.5800570981045987, 0.5930698854142222, 0.583503491183122, 0.5669204362286817, 0.5431277457823969, 0.6174960755675432, 0.6254986710227997, 0.5705577041201961, 0.5922125563621521, 0.5533548682293994], 'dp-client-ids': [0, 1, 2, 3, 4, 5, 6, 7, 8, 9, 10, 11, 12, 13, 14, 15], 'dp-update-norms-before-clipping': [5.770218003628723, 5.090987722948796, 5.998954484240466, 3.882313010945787, 5.886045103734868, 6.018351094052457, 4.5175482144569274, 4.738850984975716, 5.122381245570644, 3.640940580066537, 4.357566013821332, 5.660482892239592, 5.090092312825868, 4.131223697001401, 4.606448814838332, 3.5517199287892636], 'dp-client-clipped': [1, 1, 1, 0, 1, 1, 0, 0, 1, 0, 0, 1, 1, 0, 0, 0], 'dp-num-clients-clipped': 8, 'dp-fraction-clipped': 0.5, 'metric-dp-pairwise-distances': [1.0819074961667259, 1.1489128625641267, 0.9854076084059974, 1.143997305072844, 1.1387634533457458, 1.0344596866052598, 1.0368074377377827, 1.0852778849657625, 0.9735208457956711, 1.0117693066907425, 1.108611858760317, 1.0384673744750519, 1.000133865357687, 1.0271971135710676, 0.9674730986201515, 1.109031725442037, 0.9091371508159986, 1.0694655360033114, 1.0864970969657104, 0.9498386383056641, 0.967013743512022, 1.0081365167473753, 0.9008199650949488, 0.9535502745614698, 1.0613722777925432, 0.9917551253456622, 0.9284468232654035, 0.955886485055089, 0.8811093627785643, 1.0110958928319935, 1.1629479626814525, 1.1884717437593888, 1.037109632588302, 1.0654473493341357, 1.0837301540498931, 1.0139959750231355, 1.0420478656111907, 1.1274963435716927, 1.0796944045772154, 1.0169059930679698, 1.0495055813031893, 1.0049507424701005, 0.9864947601842383, 1.0100225456990302, 0.8510027880159517, 0.8565846246589596, 0.8970796022719393, 0.759232571387353, 0.8301004138193093, 0.9679638316932445, 0.8971749998163432, 0.8144087585775802, 0.8333662690129131, 0.7651377879083157, 1.139423466908435, 1.0146781814207013, 1.0344019234956552, 1.0640109745242323, 0.9997405265457928, 1.0405217761484284, 1.1103102358756587, 1.0769755019185443, 1.0091722968500108, 1.013435038117071, 0.9679792090319097, 1.037327685393393, 1.0356819656444713, 1.076324915047735, 0.9780364722634355, 1.0305291900100808, 1.1187511116731912, 1.0733978702531506, 1.0195270453890164, 1.0403576279835154, 0.9953685784712434, 0.9109433890165141, 0.9627760424433897, 0.8277377911532918, 0.8943769158795476, 1.0161236911080778, 0.9363508011835316, 0.8708918751993527, 0.8980686274978021, 0.8052943114889786, 0.9708688504373034, 0.847026028127099, 0.892420734356468, 1.0014032634207979, 0.9736176431179047, 0.8822313955364128, 0.9123498212235669, 0.8534693048180392, 0.8977584205179786, 0.9446623461165776, 1.0251260520890355, 0.9983881320804358, 0.9110936027718708, 0.9371466438751668, 0.8836684704292566, 0.798830442635032, 0.9611541346336404, 0.8774162233263875, 0.7954776852857322, 0.816091122571379, 0.7194075058214366, 0.9969537346623838, 0.9451984960275391, 0.8703021697777634, 0.8846927075646818, 0.7968897002283484, 1.0618904746758442, 0.9921286479220726, 1.0062250646296889, 0.9606575220823288, 0.9033537023157502, 0.9509735483055314, 0.8588769955094904, 0.8588535408877457, 0.7928619434436163, 0.8213567373653253], 'metric-dp-pairwise-client-i': [0, 0, 0, 0, 0, 0, 0, 0, 0, 0, 0, 0, 0, 0, 0, 1, 1, 1, 1, 1, 1, 1, 1, 1, 1, 1, 1, 1, 1, 2, 2, 2, 2, 2, 2, 2, 2, 2, 2, 2, 2, 2, 3, 3, 3, 3, 3, 3, 3, 3, 3, 3, 3, 3, 4, 4, 4, 4, 4, 4, 4, 4, 4, 4, 4, 5, 5, 5, 5, 5, 5, 5, 5, 5, 5, 6, 6, 6, 6, 6, 6, 6, 6, 6, 7, 7, 7, 7, 7, 7, 7, 7, 8, 8, 8, 8, 8, 8, 8, 9, 9, 9, 9, 9, 9, 10, 10, 10, 10, 10, 11, 11, 11, 11, 12, 12, 12, 13, 13, 14], 'metric-dp-pairwise-client-j': [1, 2, 3, 4, 5, 6, 7, 8, 9, 10, 11, 12, 13, 14, 15, 2, 3, 4, 5, 6, 7, 8, 9, 10, 11, 12, 13, 14, 15, 3, 4, 5, 6, 7, 8, 9, 10, 11, 12, 13, 14, 15, 4, 5, 6, 7, 8, 9, 10, 11, 12, 13, 14, 15, 5, 6, 7, 8, 9, 10, 11, 12, 13, 14, 15, 6, 7, 8, 9, 10, 11, 12, 13, 14, 15, 7, 8, 9, 10, 11, 12, 13, 14, 15, 8, 9, 10, 11, 12, 13, 14, 15, 9, 10, 11, 12, 13, 14, 15, 10, 11, 12, 13, 14, 15, 11, 12, 13, 14, 15, 12, 13, 14, 15, 13, 14, 15, 14, 15, 15], 'metric-dp-distance-min': 0.7194075058214366, 'metric-dp-distance-median': 0.9859511842951179, 'metric-dp-distance-mean': 0.9708839530021779, 'metric-dp-distance': 1.1884717437593888, 'dp-signal-update-norm': 2.0632219850021154, 'dp-parameter-count': 226596, 'dp-expected-noise-l2-norm': 5.006650457187355, 'dp-noise-to-signal-ratio': 2.426617442806195, 'dp-noise-percent-of-signal': 242.66174428061953, 'metric-dp-noise-stdv': 0.01051770903737252}
[92mINFO [0m:      configure_evaluate: Sampled 16 nodes (out of 16)
[36m(ClientAppActor pid=18154)[0m /usr/lib/python3.12/multiprocessing/popen_fork.py:66: DeprecationWarning: This process (pid=18154) is multi-threaded, use of fork() may lead to deadlocks in the child.[32m [repeated 16x across cluster][0m
[36m(ClientAppActor pid=18154)[0m   self.pid = os.fork()[32m [repeated 16x across cluster][0m
[92mINFO [0m:      aggregate_evaluate: Received 16 results and 0 failures
[92mINFO [0m:      	└──> Aggregated MetricRecord: {'eval_loss': 0.635502989343102, 'eval_acc': 0.7523316062176167, 'client-ids': [0, 1, 2, 3, 4, 5, 6, 7, 8, 9, 10, 11, 12, 13, 14, 15], 'per-client-eval_acc': [0.7156862745098039, 0.7638376383763837, 0.7514619883040936, 0.7692307692307693, 0.7270194986072424, 0.7612732095490716, 0.7542372881355932, 0.7935779816513762, 0.7716262975778547, 0.7321428571428571, 0.73224043715847, 0.7345679012345679, 0.7865612648221344, 0.7818181818181819, 0.75, 0.7052631578947368], 'per-client-eval_loss': [0.6898001377878625, 0.5833733231379097, 0.6055787627459966, 0.5623652364198978, 0.6688415366627047, 0.6602959620225335, 0.6593032903590444, 0.5483675462390305, 0.6476967076941758, 0.7297150237219674, 0.6529035516123954, 0.6405182679494222, 0.6157508970720494, 0.5871599919868238, 0.5876292014122009, 0.7721452813399465], 'per-client-num-examples': [306, 271, 342, 130, 359, 377, 236, 218, 289, 112, 183, 324, 253, 165, 200, 95]}
[92mINFO [0m:      Global evaluation
[92mINFO [0m:      	└──> MetricRecord: {'loss': 0.60228875041008, 'accuracy': 0.7605, 'f1': 0.7581803432651579, 'precision': 0.761729238927433, 'auc': 0.9368882500000001}
[92mINFO [0m:      
[92mINFO [0m:      [ROUND 7/20]
[92mINFO [0m:      configure_train: Sampled 16 nodes (out of 16)
[92mINFO [0m:      aggregate_train: maximum pairwise model distance: 1.215378
[92mINFO [0m:      aggregate_train: Received 16 results and 0 failures
[92mINFO [0m:      aggregate_fit: parameters are clipped by value: 5.0000.
[92mINFO [0m:      aggregate_fit: parameters are clipped by value: 5.0000.
[92mINFO [0m:      aggregate_fit: parameters are clipped by value: 5.0000.
[92mINFO [0m:      aggregate_fit: parameters are clipped by value: 5.0000.
[92mINFO [0m:      aggregate_fit: parameters are clipped by value: 5.0000.
[92mINFO [0m:      aggregate_fit: parameters are clipped by value: 5.0000.
[92mINFO [0m:      aggregate_fit: parameters are clipped by value: 5.0000.
[92mINFO [0m:      aggregate_fit: parameters are clipped by value: 5.0000.
[92mINFO [0m:      aggregate_fit: parameters are clipped by value: 5.0000.
[92mINFO [0m:      aggregate_fit: parameters are clipped by value: 5.0000.
[92mINFO [0m:      aggregate_fit: parameters are clipped by value: 5.0000.
[92mINFO [0m:      aggregate_fit: parameters are clipped by value: 5.0000.
[92mINFO [0m:      aggregate_fit: parameters are clipped by value: 5.0000.
[92mINFO [0m:      aggregate_fit: parameters are clipped by value: 5.0000.
[92mINFO [0m:      aggregate_fit: parameters are clipped by value: 5.0000.
[92mINFO [0m:      aggregate_fit: parameters are clipped by value: 5.0000.
[92mINFO [0m:      aggregate_train: Received 16 results and 0 failures
[92mINFO [0m:      aggregate_train: metric-aware noise with 0.010285 stdev added
[92mINFO [0m:      	└──> Aggregated MetricRecord: {'train_loss': 0.42588118707174144, 'train_loss_mean': 0.5351406896479867, 'client-ids': [0, 1, 2, 3, 4, 5, 6, 7, 8, 9, 10, 11, 12, 13, 14, 15], 'per-client-num-examples': [1223, 1082, 1364, 517, 1435, 1505, 940, 870, 1152, 447, 729, 1294, 1012, 659, 800, 376], 'per-client-train_loss': [0.42371382220105275, 0.4511765529179529, 0.4193410634819713, 0.4983409030698024, 0.4115231440873096, 0.449188883538262, 0.4034775546256532, 0.3884139770063861, 0.4193984609511163, 0.37698364551168695, 0.3904278946348015, 0.45329375350862233, 0.4384811274383379, 0.43659586582632454, 0.4175576114654541, 0.405847652161375], 'per-client-train_loss_mean': [0.5406311173908845, 0.5585835516673139, 0.5298996030934745, 0.6003288965333592, 0.51786037283492, 0.5326096043890447, 0.5255514365751692, 0.5244598347565224, 0.5219545712073643, 0.47636111517347207, 0.5048587483184, 0.5406406522810551, 0.5617350190288936, 0.5587984961605941, 0.5217449260950089, 0.5694903324259089], 'dp-client-ids': [0, 1, 2, 3, 4, 5, 6, 7, 8, 9, 10, 11, 12, 13, 14, 15], 'dp-update-norms-before-clipping': [5.938495842987017, 5.455330501658367, 6.0711218667388565, 3.9265085614792095, 6.183020604913005, 5.978990993536069, 4.825573560879049, 5.034897386589913, 5.63003654767108, 3.7521797009202396, 4.485099836656932, 6.060984807112286, 5.38144619368132, 4.138485317104764, 5.01858162291449, 3.3942238214399527], 'dp-client-clipped': [1, 1, 1, 0, 1, 1, 0, 1, 1, 0, 0, 1, 1, 0, 1, 0], 'dp-num-clients-clipped': 10, 'dp-fraction-clipped': 0.625, 'metric-dp-pairwise-distances': [1.1338797209318727, 1.1771017366554588, 1.0112304041006912, 1.1950234410663445, 1.158903660563131, 1.0913410238766421, 1.0828649242563795, 1.1654596813799192, 1.0113232914203156, 1.0717200863485534, 1.170925996111085, 1.1120045743882656, 1.0205171577787648, 1.086862299843536, 0.9916800428181887, 1.1411497540927182, 0.9615552568187317, 1.153311053562599, 1.1291803942294791, 1.0272011920654525, 1.0347566613151382, 1.0898829463403672, 0.9513978792432075, 0.9998109694182252, 1.1343620982952416, 1.0737690010961767, 0.9830571066704579, 1.0445914438848074, 0.9183107944360623, 1.035158305739363, 1.2153782208139698, 1.1837996131895732, 1.0982732228003442, 1.1019257438213874, 1.1520348300303642, 1.0491317560275395, 1.0806581407474976, 1.193977107371514, 1.1301284349756315, 1.0418495394599934, 1.1092219727967556, 1.0095531325011204, 1.0591516008134931, 1.021448498708196, 0.9043593454795579, 0.9051495253030831, 0.9746634207743531, 0.7810951924572388, 0.8518719146280395, 1.0178059956524521, 0.9491208263207227, 0.8276219390099868, 0.8922523967921734, 0.75904623453971, 1.1964009031653404, 1.092182183560605, 1.1009384266411264, 1.1683501434357215, 1.0515998512661706, 1.0934492896000545, 1.195158372555549, 1.157464764895849, 1.0574347944154094, 1.104624340776354, 1.0073372457409278, 1.089763125947987, 1.0766800467196542, 1.1358372080915917, 1.0092874780918162, 1.052834614684495, 1.1710641945246607, 1.1091519343511511, 1.0301117351627909, 1.0945699211054791, 0.9790051698995134, 0.9790304958199462, 1.058367402292788, 0.8817254092233876, 0.9336784948439648, 1.0970833234799404, 1.0190155024950702, 0.9325524981444081, 0.9927195374233028, 0.8388002257949362, 1.05322950022916, 0.8892388512613252, 0.9481014460713292, 1.0837610322826852, 1.0300568046513945, 0.924111717652219, 0.9780880317557603, 0.8886979819120219, 0.9685399851296097, 1.0078778326666604, 1.1324341311895598, 1.093748160249864, 0.9918901592027396, 1.05269643648838, 0.9368501366892209, 0.8215194913597467, 1.0353940105220925, 0.9451123737768891, 0.8146392590909576, 0.8853202152919645, 0.7334067292589074, 1.059064122227331, 0.9922191128522778, 0.8959749914162481, 0.9435868369958674, 0.8079001045941064, 1.1269272048181544, 1.0428120632035036, 1.0931946280179545, 1.011714779616644, 0.9622884332590426, 1.0420756630289059, 0.9062846043379977, 0.9193207123704875, 0.7949931945186108, 0.8789518607081845], 'metric-dp-pairwise-client-i': [0, 0, 0, 0, 0, 0, 0, 0, 0, 0, 0, 0, 0, 0, 0, 1, 1, 1, 1, 1, 1, 1, 1, 1, 1, 1, 1, 1, 1, 2, 2, 2, 2, 2, 2, 2, 2, 2, 2, 2, 2, 2, 3, 3, 3, 3, 3, 3, 3, 3, 3, 3, 3, 3, 4, 4, 4, 4, 4, 4, 4, 4, 4, 4, 4, 5, 5, 5, 5, 5, 5, 5, 5, 5, 5, 6, 6, 6, 6, 6, 6, 6, 6, 6, 7, 7, 7, 7, 7, 7, 7, 7, 8, 8, 8, 8, 8, 8, 8, 9, 9, 9, 9, 9, 9, 10, 10, 10, 10, 10, 11, 11, 11, 11, 12, 12, 12, 13, 13, 14], 'metric-dp-pairwise-client-j': [1, 2, 3, 4, 5, 6, 7, 8, 9, 10, 11, 12, 13, 14, 15, 2, 3, 4, 5, 6, 7, 8, 9, 10, 11, 12, 13, 14, 15, 3, 4, 5, 6, 7, 8, 9, 10, 11, 12, 13, 14, 15, 4, 5, 6, 7, 8, 9, 10, 11, 12, 13, 14, 15, 5, 6, 7, 8, 9, 10, 11, 12, 13, 14, 15, 6, 7, 8, 9, 10, 11, 12, 13, 14, 15, 7, 8, 9, 10, 11, 12, 13, 14, 15, 8, 9, 10, 11, 12, 13, 14, 15, 9, 10, 11, 12, 13, 14, 15, 10, 11, 12, 13, 14, 15, 11, 12, 13, 14, 15, 12, 13, 14, 15, 13, 14, 15, 14, 15, 15], 'metric-dp-distance-min': 0.7334067292589074, 'metric-dp-distance-median': 1.0352761581307277, 'metric-dp-distance-mean': 1.0238841061384139, 'metric-dp-distance': 1.2153782208139698, 'dp-signal-update-norm': 1.9058653340858571, 'dp-parameter-count': 226596, 'dp-expected-noise-l2-norm': 4.895811441529826, 'dp-noise-to-signal-ratio': 2.5688128924796714, 'dp-noise-percent-of-signal': 256.8812892479672, 'metric-dp-noise-stdv': 0.010284864238910282}
[92mINFO [0m:      configure_evaluate: Sampled 16 nodes (out of 16)
[36m(ClientAppActor pid=18157)[0m /usr/lib/python3.12/multiprocessing/popen_fork.py:66: DeprecationWarning: This process (pid=18157) is multi-threaded, use of fork() may lead to deadlocks in the child.[32m [repeated 16x across cluster][0m
[36m(ClientAppActor pid=18157)[0m   self.pid = os.fork()[32m [repeated 16x across cluster][0m
[92mINFO [0m:      aggregate_evaluate: Received 16 results and 0 failures
[92mINFO [0m:      	└──> Aggregated MetricRecord: {'eval_loss': 0.6213111948318432, 'eval_acc': 0.7634715025906734, 'client-ids': [0, 1, 2, 3, 4, 5, 6, 7, 8, 9, 10, 11, 12, 13, 14, 15], 'per-client-eval_acc': [0.738562091503268, 0.7490774907749077, 0.7690058479532164, 0.7923076923076923, 0.766016713091922, 0.7639257294429708, 0.7372881355932204, 0.7844036697247706, 0.7889273356401384, 0.7589285714285714, 0.7540983606557377, 0.7283950617283951, 0.8063241106719368, 0.7757575757575758, 0.79, 0.7052631578947368], 'per-client-eval_loss': [0.6527021164987602, 0.5687833518559643, 0.6128319243938603, 0.563295349249473, 0.645866212074471, 0.6370535984595828, 0.6909705834873652, 0.556349959942179, 0.5891596330490905, 0.7014670201710292, 0.6339661801447634, 0.6414724161595474, 0.6101529946911476, 0.542286390246767, 0.5706834089756012, 0.7844387255216899], 'per-client-num-examples': [306, 271, 342, 130, 359, 377, 236, 218, 289, 112, 183, 324, 253, 165, 200, 95]}
[92mINFO [0m:      Global evaluation
[92mINFO [0m:      	└──> MetricRecord: {'loss': 0.6116567113399506, 'accuracy': 0.767, 'f1': 0.7621866178197658, 'precision': 0.7693664521567423, 'auc': 0.9360480833333334}
[92mINFO [0m:      
[92mINFO [0m:      [ROUND 8/20]
[92mINFO [0m:      configure_train: Sampled 16 nodes (out of 16)
[92mINFO [0m:      aggregate_train: maximum pairwise model distance: 1.223720
[92mINFO [0m:      aggregate_train: Received 16 results and 0 failures
[92mINFO [0m:      aggregate_fit: parameters are clipped by value: 5.0000.
[92mINFO [0m:      aggregate_fit: parameters are clipped by value: 5.0000.
[92mINFO [0m:      aggregate_fit: parameters are clipped by value: 5.0000.
[92mINFO [0m:      aggregate_fit: parameters are clipped by value: 5.0000.
[92mINFO [0m:      aggregate_fit: parameters are clipped by value: 5.0000.
[92mINFO [0m:      aggregate_fit: parameters are clipped by value: 5.0000.
[92mINFO [0m:      aggregate_fit: parameters are clipped by value: 5.0000.
[92mINFO [0m:      aggregate_fit: parameters are clipped by value: 5.0000.
[92mINFO [0m:      aggregate_fit: parameters are clipped by value: 5.0000.
[92mINFO [0m:      aggregate_fit: parameters are clipped by value: 5.0000.
[92mINFO [0m:      aggregate_fit: parameters are clipped by value: 5.0000.
[92mINFO [0m:      aggregate_fit: parameters are clipped by value: 5.0000.
[92mINFO [0m:      aggregate_fit: parameters are clipped by value: 5.0000.
[92mINFO [0m:      aggregate_fit: parameters are clipped by value: 5.0000.
[92mINFO [0m:      aggregate_fit: parameters are clipped by value: 5.0000.
[92mINFO [0m:      aggregate_fit: parameters are clipped by value: 5.0000.
[92mINFO [0m:      aggregate_train: Received 16 results and 0 failures
[92mINFO [0m:      aggregate_train: metric-aware noise with 0.010215 stdev added
[92mINFO [0m:      	└──> Aggregated MetricRecord: {'train_loss': 0.35988369085153415, 'train_loss_mean': 0.4870769154526359, 'client-ids': [0, 1, 2, 3, 4, 5, 6, 7, 8, 9, 10, 11, 12, 13, 14, 15], 'per-client-num-examples': [1223, 1082, 1364, 517, 1435, 1505, 940, 870, 1152, 447, 729, 1294, 1012, 659, 800, 376], 'per-client-train_loss': [0.3835515526602333, 0.36673183229626216, 0.3539758807927632, 0.4646135391073024, 0.338540043315821, 0.3673826099234166, 0.34861044547659287, 0.34926688849240883, 0.37371724305881393, 0.32834780916271594, 0.2931273281574249, 0.36378557452646987, 0.3881710903800052, 0.3587751945703996, 0.3582219821214676, 0.2852635383605957], 'per-client-train_loss_mean': [0.4861249485468143, 0.4914877142901782, 0.4882016825011749, 0.5587761011298897, 0.4675250152345319, 0.4896793362310162, 0.4707384931660713, 0.47356755097707115, 0.48067038100626736, 0.46384793427966586, 0.44995791904720256, 0.4991313972742148, 0.5157628579455402, 0.4891544973180942, 0.5060493270158768, 0.46763119520025054], 'dp-client-ids': [0, 1, 2, 3, 4, 5, 6, 7, 8, 9, 10, 11, 12, 13, 14, 15], 'dp-update-norms-before-clipping': [6.0095682627317295, 5.571075395519219, 6.040495169955466, 4.162217281796667, 6.276677866956941, 5.999414082154402, 4.999504617478112, 4.916903469842371, 5.456052892786912, 3.702172010512453, 4.6080935904832225, 6.115633360260246, 5.477383952521913, 4.3150306252817225, 4.9214298263086125, 3.511685536264518], 'dp-client-clipped': [1, 1, 1, 0, 1, 1, 0, 0, 1, 0, 0, 1, 1, 0, 0, 0], 'dp-num-clients-clipped': 8, 'dp-fraction-clipped': 0.5, 'metric-dp-pairwise-distances': [1.152009127875014, 1.1860858555495117, 1.0413851710812498, 1.2196920985588804, 1.1771579100750387, 1.1105298123632867, 1.0899323277020205, 1.1385159158768754, 1.019219444715418, 1.0840929916400153, 1.1977791728762288, 1.1257057468950127, 1.0581841856474057, 1.0858400931659464, 1.0161512844109286, 1.1588929761977245, 1.0018591301826139, 1.16760095647381, 1.149672999046743, 1.0570683529755722, 1.0478963360656053, 1.0934411335426073, 0.9724605337250978, 1.007222783441345, 1.1616344922222197, 1.1110811868178037, 1.01222281906909, 1.0535740319949884, 0.945795875081482, 1.0377873811715592, 1.2237199323717505, 1.1867190922300022, 1.1138119684377064, 1.100907764164731, 1.1384199539703939, 1.022001135822696, 1.0728080660725634, 1.2042019341606647, 1.1492279311254, 1.0585912097400676, 1.0963332467169191, 1.015607968205586, 1.0832244222983718, 1.0415256806882098, 0.9411043333820999, 0.9319808828489234, 0.9692670356016606, 0.8007062869922569, 0.8863504489418119, 1.049418378310899, 0.9768818710775425, 0.8628928307443857, 0.910707292612642, 0.7823303947225213, 1.2074656529972951, 1.1146064897378285, 1.1220690273524572, 1.1528002576087601, 1.054542394937016, 1.1065940484792616, 1.219652323750779, 1.1709885244490579, 1.0922862367006019, 1.1166291089418034, 1.0408621336100623, 1.1125475803079705, 1.077475782794257, 1.1495022950693965, 1.0028261103046436, 1.063308970304206, 1.1875796496557693, 1.1320321198242407, 1.0430491901158045, 1.0896792676455032, 0.9961660612995425, 0.9944313024946799, 1.0505457307056834, 0.8991164976420501, 0.954248673049733, 1.126625931317297, 1.0496962394875784, 0.9644141125803193, 1.003427003743127, 0.8786454509633282, 1.0405559248756617, 0.891333497245796, 0.946597552819488, 1.1033038035190355, 1.043911010589606, 0.937473144615069, 0.9773835078425085, 0.8810375212536504, 0.9484492319558436, 0.9936329520617923, 1.1395117771656562, 1.073527817808402, 0.9911303936581438, 1.0251119782139237, 0.9237052227448052, 0.8261274188213671, 1.033679445895056, 0.9452781493697936, 0.822387351091796, 0.8701612818210075, 0.7280782628028343, 1.0804911061034848, 1.025414786088125, 0.9084768487373367, 0.931646671553608, 0.8179482139336566, 1.1656658263721813, 1.0699022247766454, 1.0961763500235975, 1.0305429593815159, 0.9876858459319919, 1.0464428409468383, 0.9293226594648635, 0.9260217839231094, 0.81880037781472, 0.8699447566177696], 'metric-dp-pairwise-client-i': [0, 0, 0, 0, 0, 0, 0, 0, 0, 0, 0, 0, 0, 0, 0, 1, 1, 1, 1, 1, 1, 1, 1, 1, 1, 1, 1, 1, 1, 2, 2, 2, 2, 2, 2, 2, 2, 2, 2, 2, 2, 2, 3, 3, 3, 3, 3, 3, 3, 3, 3, 3, 3, 3, 4, 4, 4, 4, 4, 4, 4, 4, 4, 4, 4, 5, 5, 5, 5, 5, 5, 5, 5, 5, 5, 6, 6, 6, 6, 6, 6, 6, 6, 6, 7, 7, 7, 7, 7, 7, 7, 7, 8, 8, 8, 8, 8, 8, 8, 9, 9, 9, 9, 9, 9, 10, 10, 10, 10, 10, 11, 11, 11, 11, 12, 12, 12, 13, 13, 14], 'metric-dp-pairwise-client-j': [1, 2, 3, 4, 5, 6, 7, 8, 9, 10, 11, 12, 13, 14, 15, 2, 3, 4, 5, 6, 7, 8, 9, 10, 11, 12, 13, 14, 15, 3, 4, 5, 6, 7, 8, 9, 10, 11, 12, 13, 14, 15, 4, 5, 6, 7, 8, 9, 10, 11, 12, 13, 14, 15, 5, 6, 7, 8, 9, 10, 11, 12, 13, 14, 15, 6, 7, 8, 9, 10, 11, 12, 13, 14, 15, 7, 8, 9, 10, 11, 12, 13, 14, 15, 8, 9, 10, 11, 12, 13, 14, 15, 9, 10, 11, 12, 13, 14, 15, 10, 11, 12, 13, 14, 15, 11, 12, 13, 14, 15, 12, 13, 14, 15, 13, 14, 15, 14, 15, 15], 'metric-dp-distance-min': 0.7280782628028343, 'metric-dp-distance-median': 1.0471695885062218, 'metric-dp-distance-mean': 1.0359992237782636, 'metric-dp-distance': 1.2237199323717505, 'dp-signal-update-norm': 1.8083586776743361, 'dp-parameter-count': 226596, 'dp-expected-noise-l2-norm': 4.8624382441125285, 'dp-noise-to-signal-ratio': 2.688868256139281, 'dp-noise-percent-of-signal': 268.8868256139281, 'metric-dp-noise-stdv': 0.010214755573829013}
[92mINFO [0m:      configure_evaluate: Sampled 16 nodes (out of 16)
[36m(ClientAppActor pid=18154)[0m /usr/lib/python3.12/multiprocessing/popen_fork.py:66: DeprecationWarning: This process (pid=18154) is multi-threaded, use of fork() may lead to deadlocks in the child.[32m [repeated 16x across cluster][0m
[36m(ClientAppActor pid=18154)[0m   self.pid = os.fork()[32m [repeated 16x across cluster][0m
[92mINFO [0m:      aggregate_evaluate: Received 16 results and 0 failures
[92mINFO [0m:      	└──> Aggregated MetricRecord: {'eval_loss': 0.5914796276104883, 'eval_acc': 0.7743523316062176, 'client-ids': [0, 1, 2, 3, 4, 5, 6, 7, 8, 9, 10, 11, 12, 13, 14, 15], 'per-client-eval_acc': [0.7418300653594772, 0.7785977859778598, 0.7690058479532164, 0.7846153846153846, 0.7994428969359332, 0.76657824933687, 0.7796610169491526, 0.7935779816513762, 0.8027681660899654, 0.7321428571428571, 0.7759562841530054, 0.7438271604938271, 0.8063241106719368, 0.7575757575757576, 0.79, 0.7263157894736842], 'per-client-eval_loss': [0.6350692954717898, 0.5516894259575988, 0.5706332440961871, 0.5541665361477779, 0.5979660998479902, 0.605715351964814, 0.6550078008134487, 0.5304921329568285, 0.5918259925908284, 0.6848899977547782, 0.5779453600690665, 0.6116083492467432, 0.5659807303206251, 0.5098960992061731, 0.5272940254211426, 0.7827913384688528], 'per-client-num-examples': [306, 271, 342, 130, 359, 377, 236, 218, 289, 112, 183, 324, 253, 165, 200, 95]}
[92mINFO [0m:      Global evaluation
[92mINFO [0m:      	└──> MetricRecord: {'loss': 0.5791932779550553, 'accuracy': 0.779, 'f1': 0.7772035430248911, 'precision': 0.7794860891730818, 'auc': 0.9431624166666668}
[92mINFO [0m:      
[92mINFO [0m:      [ROUND 9/20]
[92mINFO [0m:      configure_train: Sampled 16 nodes (out of 16)
[92mINFO [0m:      aggregate_train: maximum pairwise model distance: 1.236269
[92mINFO [0m:      aggregate_train: Received 16 results and 0 failures
[92mINFO [0m:      aggregate_fit: parameters are clipped by value: 5.0000.
[92mINFO [0m:      aggregate_fit: parameters are clipped by value: 5.0000.
[92mINFO [0m:      aggregate_fit: parameters are clipped by value: 5.0000.
[92mINFO [0m:      aggregate_fit: parameters are clipped by value: 5.0000.
[92mINFO [0m:      aggregate_fit: parameters are clipped by value: 5.0000.
[92mINFO [0m:      aggregate_fit: parameters are clipped by value: 5.0000.
[92mINFO [0m:      aggregate_fit: parameters are clipped by value: 5.0000.
[92mINFO [0m:      aggregate_fit: parameters are clipped by value: 5.0000.
[92mINFO [0m:      aggregate_fit: parameters are clipped by value: 5.0000.
[92mINFO [0m:      aggregate_fit: parameters are clipped by value: 5.0000.
[92mINFO [0m:      aggregate_fit: parameters are clipped by value: 5.0000.
[92mINFO [0m:      aggregate_fit: parameters are clipped by value: 5.0000.
[92mINFO [0m:      aggregate_fit: parameters are clipped by value: 5.0000.
[92mINFO [0m:      aggregate_fit: parameters are clipped by value: 5.0000.
[92mINFO [0m:      aggregate_fit: parameters are clipped by value: 5.0000.
[92mINFO [0m:      aggregate_fit: parameters are clipped by value: 5.0000.
[92mINFO [0m:      aggregate_train: Received 16 results and 0 failures
[92mINFO [0m:      aggregate_train: metric-aware noise with 0.010111 stdev added
[92mINFO [0m:      	└──> Aggregated MetricRecord: {'train_loss': 0.28557902271195845, 'train_loss_mean': 0.42513145288157783, 'client-ids': [0, 1, 2, 3, 4, 5, 6, 7, 8, 9, 10, 11, 12, 13, 14, 15], 'per-client-num-examples': [1223, 1082, 1364, 517, 1435, 1505, 940, 870, 1152, 447, 729, 1294, 1012, 659, 800, 376], 'per-client-train_loss': [0.311951396047143, 0.3398458211787747, 0.25748740560498057, 0.2990860265735501, 0.24926675583012012, 0.2774172022196146, 0.30151190573864795, 0.28433918336342123, 0.2877819434636169, 0.28576798203674203, 0.22744606903387524, 0.3270929616514645, 0.2857348307554901, 0.2949374380983604, 0.2724774280190468, 0.235183299855983], 'per-client-train_loss_mean': [0.44553183363240373, 0.4627815723694627, 0.4144255654640562, 0.46306254811282316, 0.3963285329096824, 0.4052593962731539, 0.4242573158157633, 0.4113792139154741, 0.4267697979592615, 0.4092985641902992, 0.3931152040739282, 0.4515093028084756, 0.437776629208576, 0.44307443028335686, 0.41302001458406445, 0.4059712846228417], 'dp-client-ids': [0, 1, 2, 3, 4, 5, 6, 7, 8, 9, 10, 11, 12, 13, 14, 15], 'dp-update-norms-before-clipping': [5.856905263264948, 5.431048462737846, 6.320083610147476, 4.243697497029016, 6.173825158107386, 6.201480631695109, 5.069486492159889, 4.90285215807811, 5.5278288993573765, 3.8268047865035406, 4.661733361396201, 5.984460722817549, 5.435363398467465, 4.299624755378082, 5.026832750097354, 3.5671953567605525], 'dp-client-clipped': [1, 1, 1, 0, 1, 1, 1, 0, 1, 0, 0, 1, 1, 0, 1, 0], 'dp-num-clients-clipped': 10, 'dp-fraction-clipped': 0.625, 'metric-dp-pairwise-distances': [1.1203037481366966, 1.2188408256042749, 1.0383400908516098, 1.2025774230326836, 1.1851719863868009, 1.0992826321162283, 1.0808340635849163, 1.141702393380304, 1.0198195525445044, 1.076111896079965, 1.1805564106907696, 1.1242095242875318, 1.0373309546072658, 1.0861458821066965, 0.9956723263797661, 1.172823605670904, 0.9776599682712307, 1.15000673433921, 1.1499244780279696, 1.0434740527222555, 1.0443363099281366, 1.093035372129331, 0.9556664934692284, 1.0121504753672828, 1.1179568086906027, 1.0836437023244798, 0.983582569208617, 1.0476416481348376, 0.9316044461447746, 1.0916282517525058, 1.2332213579211384, 1.2362689508590847, 1.1463414727089305, 1.1403686746489257, 1.1783482705553372, 1.0731787810800597, 1.1123616283293813, 1.2098430892219767, 1.1628351026835542, 1.0890934192575514, 1.1432876827117677, 1.0600040153755497, 1.073517920061325, 1.072188635667165, 0.9497646180291971, 0.9369690899426738, 0.9929612978982428, 0.8283271539257839, 0.8979450320669761, 1.0393986502895132, 0.986211086041294, 0.8678970963616545, 0.9361694185451294, 0.8023527679033577, 1.2230864704276125, 1.1330550690181553, 1.113786560172836, 1.1536505799740553, 1.0495948201278225, 1.0949245690135285, 1.1863467699925725, 1.1561305373130988, 1.0706265181070194, 1.1208742048668985, 1.0316154185372095, 1.1366408537141979, 1.1088193856024493, 1.1676841374331464, 1.0525415680992107, 1.1086303092694532, 1.2000121557308983, 1.1476930209125082, 1.0645626548212022, 1.1251137850340456, 1.026855397503823, 1.0051227329143633, 1.0758767902540665, 0.9212711700238287, 0.9801294177304953, 1.1055238236052294, 1.042051633509497, 0.9608771386556327, 1.0138181142974645, 0.8708005697311213, 1.060989152950545, 0.905372555134818, 0.9713149617891759, 1.0860876587685198, 1.0429239998726796, 0.9425324569068229, 1.0035218105185777, 0.8792081136877338, 0.9770355766328672, 1.0217496655726184, 1.1339277273509651, 1.0883082509972155, 0.9965846751195689, 1.0610884268923353, 0.94211574162667, 0.8640724407353749, 1.025550095597282, 0.9522532402382543, 0.834876129287295, 0.913351078866981, 0.7520077921605358, 1.07956266317827, 1.019324571825564, 0.9110953246514933, 0.96647531275327, 0.8449748124306401, 1.1325516630895436, 1.0464959156233817, 1.0988789502783523, 1.009058265403534, 0.9781872131085644, 1.0581915757308404, 0.9213426356824735, 0.9483876350568607, 0.8097120454767719, 0.892732011154294], 'metric-dp-pairwise-client-i': [0, 0, 0, 0, 0, 0, 0, 0, 0, 0, 0, 0, 0, 0, 0, 1, 1, 1, 1, 1, 1, 1, 1, 1, 1, 1, 1, 1, 1, 2, 2, 2, 2, 2, 2, 2, 2, 2, 2, 2, 2, 2, 3, 3, 3, 3, 3, 3, 3, 3, 3, 3, 3, 3, 4, 4, 4, 4, 4, 4, 4, 4, 4, 4, 4, 5, 5, 5, 5, 5, 5, 5, 5, 5, 5, 6, 6, 6, 6, 6, 6, 6, 6, 6, 7, 7, 7, 7, 7, 7, 7, 7, 8, 8, 8, 8, 8, 8, 8, 9, 9, 9, 9, 9, 9, 10, 10, 10, 10, 10, 11, 11, 11, 11, 12, 12, 12, 13, 13, 14], 'metric-dp-pairwise-client-j': [1, 2, 3, 4, 5, 6, 7, 8, 9, 10, 11, 12, 13, 14, 15, 2, 3, 4, 5, 6, 7, 8, 9, 10, 11, 12, 13, 14, 15, 3, 4, 5, 6, 7, 8, 9, 10, 11, 12, 13, 14, 15, 4, 5, 6, 7, 8, 9, 10, 11, 12, 13, 14, 15, 5, 6, 7, 8, 9, 10, 11, 12, 13, 14, 15, 6, 7, 8, 9, 10, 11, 12, 13, 14, 15, 7, 8, 9, 10, 11, 12, 13, 14, 15, 8, 9, 10, 11, 12, 13, 14, 15, 9, 10, 11, 12, 13, 14, 15, 10, 11, 12, 13, 14, 15, 11, 12, 13, 14, 15, 12, 13, 14, 15, 13, 14, 15, 14, 15, 15], 'metric-dp-distance-min': 0.7520077921605358, 'metric-dp-distance-median': 1.0553665719150256, 'metric-dp-distance-mean': 1.0437537346716756, 'metric-dp-distance': 1.2362689508590847, 'dp-signal-update-norm': 1.7296924609877133, 'dp-parameter-count': 226596, 'dp-expected-noise-l2-norm': 4.813081000790606, 'dp-noise-to-signal-ratio': 2.782622407940758, 'dp-noise-percent-of-signal': 278.2622407940758, 'metric-dp-noise-stdv': 0.010111068462338826}
[92mINFO [0m:      configure_evaluate: Sampled 16 nodes (out of 16)
[36m(ClientAppActor pid=18164)[0m /usr/lib/python3.12/multiprocessing/popen_fork.py:66: DeprecationWarning: This process (pid=18164) is multi-threaded, use of fork() may lead to deadlocks in the child.[32m [repeated 16x across cluster][0m
[36m(ClientAppActor pid=18164)[0m   self.pid = os.fork()[32m [repeated 16x across cluster][0m
[92mINFO [0m:      aggregate_evaluate: Received 16 results and 0 failures
[92mINFO [0m:      	└──> Aggregated MetricRecord: {'eval_loss': 0.5849177988583869, 'eval_acc': 0.7870466321243522, 'client-ids': [0, 1, 2, 3, 4, 5, 6, 7, 8, 9, 10, 11, 12, 13, 14, 15], 'per-client-eval_acc': [0.7516339869281046, 0.8191881918819188, 0.7777777777777778, 0.823076923076923, 0.7883008356545961, 0.7824933687002652, 0.788135593220339, 0.8027522935779816, 0.7958477508650519, 0.7232142857142857, 0.7868852459016393, 0.7839506172839507, 0.8181818181818182, 0.7757575757575758, 0.81, 0.7157894736842105], 'per-client-eval_loss': [0.6363073548460318, 0.5044806698591506, 0.5710884674250731, 0.548327039869932, 0.6120593222402929, 0.5948168731810876, 0.6277379201630414, 0.5068402355964031, 0.6208303504749153, 0.6911150387355259, 0.5680992668443691, 0.6033400576791645, 0.5644522316371028, 0.5298614848743786, 0.4886611616611481, 0.7675373679713199], 'per-client-num-examples': [306, 271, 342, 130, 359, 377, 236, 218, 289, 112, 183, 324, 253, 165, 200, 95]}
[92mINFO [0m:      Global evaluation
[92mINFO [0m:      	└──> MetricRecord: {'loss': 0.5585855180025101, 'accuracy': 0.7845, 'f1': 0.7842951894767304, 'precision': 0.7842923753900972, 'auc': 0.9491286666666667}
[92mINFO [0m:      
[92mINFO [0m:      [ROUND 10/20]
[92mINFO [0m:      configure_train: Sampled 16 nodes (out of 16)
[92mINFO [0m:      aggregate_train: maximum pairwise model distance: 1.212211
[92mINFO [0m:      aggregate_train: Received 16 results and 0 failures
[92mINFO [0m:      aggregate_fit: parameters are clipped by value: 5.0000.
[92mINFO [0m:      aggregate_fit: parameters are clipped by value: 5.0000.
[92mINFO [0m:      aggregate_fit: parameters are clipped by value: 5.0000.
[92mINFO [0m:      aggregate_fit: parameters are clipped by value: 5.0000.
[92mINFO [0m:      aggregate_fit: parameters are clipped by value: 5.0000.
[92mINFO [0m:      aggregate_fit: parameters are clipped by value: 5.0000.
[92mINFO [0m:      aggregate_fit: parameters are clipped by value: 5.0000.
[92mINFO [0m:      aggregate_fit: parameters are clipped by value: 5.0000.
[92mINFO [0m:      aggregate_fit: parameters are clipped by value: 5.0000.
[92mINFO [0m:      aggregate_fit: parameters are clipped by value: 5.0000.
[92mINFO [0m:      aggregate_fit: parameters are clipped by value: 5.0000.
[92mINFO [0m:      aggregate_fit: parameters are clipped by value: 5.0000.
[92mINFO [0m:      aggregate_fit: parameters are clipped by value: 5.0000.
[92mINFO [0m:      aggregate_fit: parameters are clipped by value: 5.0000.
[92mINFO [0m:      aggregate_fit: parameters are clipped by value: 5.0000.
[92mINFO [0m:      aggregate_fit: parameters are clipped by value: 5.0000.
[92mINFO [0m:      aggregate_train: Received 16 results and 0 failures
[92mINFO [0m:      aggregate_train: metric-aware noise with 0.010312 stdev added
[92mINFO [0m:      	└──> Aggregated MetricRecord: {'train_loss': 0.24407255278948026, 'train_loss_mean': 0.3868231137887614, 'client-ids': [0, 1, 2, 3, 4, 5, 6, 7, 8, 9, 10, 11, 12, 13, 14, 15], 'per-client-num-examples': [1223, 1082, 1364, 517, 1435, 1505, 940, 870, 1152, 447, 729, 1294, 1012, 659, 800, 376], 'per-client-train_loss': [0.310111451446279, 0.2604605677277676, 0.2309519837329115, 0.2734759282789101, 0.23856177178409457, 0.2761234788156031, 0.23588664144911664, 0.23110920780006497, 0.21579470319880378, 0.18341595034471295, 0.19679344951370617, 0.23569214816163458, 0.249986004157971, 0.2748802485840455, 0.23811930567026138, 0.1544925182106647], 'per-client-train_loss_mean': [0.4064634317466692, 0.3828808099747586, 0.36169804399314165, 0.45803549830410883, 0.3718901356005918, 0.4128985052033207, 0.3903322031523319, 0.36743844898267725, 0.35725504818061987, 0.36608502450138664, 0.35377521545962215, 0.3972096658655812, 0.4071177026382077, 0.433249605620034, 0.373857113301754, 0.3513827031914224], 'dp-client-ids': [0, 1, 2, 3, 4, 5, 6, 7, 8, 9, 10, 11, 12, 13, 14, 15], 'dp-update-norms-before-clipping': [5.872550216948782, 5.50959754993486, 5.90401684066499, 4.065480416385384, 6.042063637995227, 5.981177369493084, 5.098462157516683, 4.94205111529978, 5.626966749166311, 3.59995035327263, 4.474056411546873, 5.975520294781471, 5.3847454836573645, 4.408193732327265, 4.901158646636041, 3.5697494207854095], 'dp-client-clipped': [1, 1, 1, 0, 1, 1, 1, 0, 1, 0, 0, 1, 1, 0, 0, 0], 'dp-num-clients-clipped': 9, 'dp-fraction-clipped': 0.5625, 'metric-dp-pairwise-distances': [1.1394564842339605, 1.185685020328189, 1.0231932528161753, 1.1977532636374235, 1.198640125260378, 1.10421599370117, 1.0833203936538969, 1.161491483449936, 0.9922097611318653, 1.0525351071846671, 1.189799538658311, 1.1503142501072336, 1.048577264805014, 1.0839642601786181, 1.0068665868796718, 1.15516019713444, 0.9899147061320642, 1.1463273676733177, 1.156239161733538, 1.0570701729739085, 1.0552663181054716, 1.1130657061003149, 0.9569016438132772, 1.0051455308372776, 1.1353927195693057, 1.1168320205373068, 1.010902691554899, 1.0537945212175448, 0.9434626291040331, 1.0253196498379111, 1.201061279241306, 1.1998543771915138, 1.1121794640008982, 1.096873587385441, 1.1540214981262882, 1.0072260512582336, 1.0571398741255205, 1.1824975934190054, 1.1357095037431766, 1.0609338361149032, 1.09455874201376, 1.0137805525058259, 1.0503594793068867, 1.0477311396971345, 0.9367502010427415, 0.9247228941724946, 1.0014320003489654, 0.7822754605440423, 0.8690417332109064, 1.022998219821602, 0.9833106289152056, 0.8623051137352983, 0.9093506790619964, 0.7786403199036916, 1.2122108001882832, 1.1151597464534764, 1.1072433154913597, 1.164515196190526, 1.0217756083390366, 1.0759691326335694, 1.1907385872521747, 1.1573129838798195, 1.0740728707557234, 1.1028736497585971, 1.013040837754185, 1.134936459226689, 1.1051535200482856, 1.1785934606256585, 1.0196100818381335, 1.0761715949435409, 1.2006896416811894, 1.147082818749671, 1.0647953680794064, 1.1069944246361654, 1.0140668601573755, 1.010417118552141, 1.0799116150786479, 0.9058812693692744, 0.957738782473219, 1.1104631795703124, 1.0478319136115413, 0.968583774966343, 1.0049025611951947, 0.8786510654414693, 1.07461446383968, 0.8970428536801288, 0.9549844812524194, 1.0952621110870193, 1.0476782607535522, 0.9526571374153718, 0.9965393201758465, 0.8928148870666822, 0.9712342291992778, 1.0156296054677416, 1.1425834180554375, 1.1114630394149572, 1.0258702010226746, 1.0618830410918842, 0.9522822141492119, 0.8239057530105734, 1.0067593820858747, 0.9474292288068682, 0.8225335786895206, 0.8769207500251165, 0.7251753348003452, 1.0586270979838446, 1.0121004725030314, 0.9075096484351283, 0.9329425691394135, 0.8174969504276911, 1.1510723190537344, 1.0602463559092332, 1.0913142988380666, 1.0092389977459486, 1.0029848724758874, 1.0588172615971416, 0.9408835131519785, 0.9443240545224398, 0.8316641182173043, 0.8852909313281998], 'metric-dp-pairwise-client-i': [0, 0, 0, 0, 0, 0, 0, 0, 0, 0, 0, 0, 0, 0, 0, 1, 1, 1, 1, 1, 1, 1, 1, 1, 1, 1, 1, 1, 1, 2, 2, 2, 2, 2, 2, 2, 2, 2, 2, 2, 2, 2, 3, 3, 3, 3, 3, 3, 3, 3, 3, 3, 3, 3, 4, 4, 4, 4, 4, 4, 4, 4, 4, 4, 4, 5, 5, 5, 5, 5, 5, 5, 5, 5, 5, 6, 6, 6, 6, 6, 6, 6, 6, 6, 7, 7, 7, 7, 7, 7, 7, 7, 8, 8, 8, 8, 8, 8, 8, 9, 9, 9, 9, 9, 9, 10, 10, 10, 10, 10, 11, 11, 11, 11, 12, 12, 12, 13, 13, 14], 'metric-dp-pairwise-client-j': [1, 2, 3, 4, 5, 6, 7, 8, 9, 10, 11, 12, 13, 14, 15, 2, 3, 4, 5, 6, 7, 8, 9, 10, 11, 12, 13, 14, 15, 3, 4, 5, 6, 7, 8, 9, 10, 11, 12, 13, 14, 15, 4, 5, 6, 7, 8, 9, 10, 11, 12, 13, 14, 15, 5, 6, 7, 8, 9, 10, 11, 12, 13, 14, 15, 6, 7, 8, 9, 10, 11, 12, 13, 14, 15, 7, 8, 9, 10, 11, 12, 13, 14, 15, 8, 9, 10, 11, 12, 13, 14, 15, 9, 10, 11, 12, 13, 14, 15, 10, 11, 12, 13, 14, 15, 11, 12, 13, 14, 15, 12, 13, 14, 15, 13, 14, 15, 14, 15, 15], 'metric-dp-distance-min': 0.7251753348003452, 'metric-dp-distance-median': 1.0494683720559503, 'metric-dp-distance-mean': 1.0364228086883183, 'metric-dp-distance': 1.2122108001882832, 'dp-signal-update-norm': 1.6276461983410182, 'dp-parameter-count': 226596, 'dp-expected-noise-l2-norm': 4.908603848706008, 'dp-noise-to-signal-ratio': 3.0157683246574796, 'dp-noise-percent-of-signal': 301.57683246574794, 'metric-dp-noise-stdv': 0.010311737857853167}
[92mINFO [0m:      configure_evaluate: Sampled 16 nodes (out of 16)
[36m(ClientAppActor pid=18168)[0m /usr/lib/python3.12/multiprocessing/popen_fork.py:66: DeprecationWarning: This process (pid=18168) is multi-threaded, use of fork() may lead to deadlocks in the child.[32m [repeated 16x across cluster][0m
[36m(ClientAppActor pid=18168)[0m   self.pid = os.fork()[32m [repeated 16x across cluster][0m
[92mINFO [0m:      aggregate_evaluate: Received 16 results and 0 failures
[92mINFO [0m:      	└──> Aggregated MetricRecord: {'eval_loss': 0.60778602570913, 'eval_acc': 0.7803108808290155, 'client-ids': [0, 1, 2, 3, 4, 5, 6, 7, 8, 9, 10, 11, 12, 13, 14, 15], 'per-client-eval_acc': [0.7418300653594772, 0.8228782287822878, 0.7719298245614035, 0.7846153846153846, 0.7799442896935933, 0.7745358090185677, 0.7754237288135594, 0.8165137614678899, 0.7889273356401384, 0.7053571428571429, 0.7814207650273224, 0.7685185185185185, 0.8300395256916996, 0.7878787878787878, 0.8, 0.6736842105263158], 'per-client-eval_loss': [0.6722808819191128, 0.49686062379956686, 0.6057525935925936, 0.543468156342323, 0.635619288035422, 0.627935763695512, 0.6855695565878335, 0.5175277180627945, 0.6065813371570052, 0.7701609475272042, 0.6077957830793871, 0.6397698367083514, 0.5626803650686392, 0.5364704074281634, 0.5070349967479706, 0.7997813776919717], 'per-client-num-examples': [306, 271, 342, 130, 359, 377, 236, 218, 289, 112, 183, 324, 253, 165, 200, 95]}
[92mINFO [0m:      Global evaluation
[92mINFO [0m:      	└──> MetricRecord: {'loss': 0.5765959808826446, 'accuracy': 0.795, 'f1': 0.7926707593785374, 'precision': 0.7949691710081718, 'auc': 0.9498333333333333}
[92mINFO [0m:      
[92mINFO [0m:      [ROUND 11/20]
[92mINFO [0m:      configure_train: Sampled 16 nodes (out of 16)
[92mINFO [0m:      aggregate_train: maximum pairwise model distance: 1.238177
[92mINFO [0m:      aggregate_train: Received 16 results and 0 failures
[92mINFO [0m:      aggregate_fit: parameters are clipped by value: 5.0000.
[92mINFO [0m:      aggregate_fit: parameters are clipped by value: 5.0000.
[92mINFO [0m:      aggregate_fit: parameters are clipped by value: 5.0000.
[92mINFO [0m:      aggregate_fit: parameters are clipped by value: 5.0000.
[92mINFO [0m:      aggregate_fit: parameters are clipped by value: 5.0000.
[92mINFO [0m:      aggregate_fit: parameters are clipped by value: 5.0000.
[92mINFO [0m:      aggregate_fit: parameters are clipped by value: 5.0000.
[92mINFO [0m:      aggregate_fit: parameters are clipped by value: 5.0000.
[92mINFO [0m:      aggregate_fit: parameters are clipped by value: 5.0000.
[92mINFO [0m:      aggregate_fit: parameters are clipped by value: 5.0000.
[92mINFO [0m:      aggregate_fit: parameters are clipped by value: 5.0000.
[92mINFO [0m:      aggregate_fit: parameters are clipped by value: 5.0000.
[92mINFO [0m:      aggregate_fit: parameters are clipped by value: 5.0000.
[92mINFO [0m:      aggregate_fit: parameters are clipped by value: 5.0000.
[92mINFO [0m:      aggregate_fit: parameters are clipped by value: 5.0000.
[92mINFO [0m:      aggregate_fit: parameters are clipped by value: 5.0000.
[92mINFO [0m:      aggregate_train: Received 16 results and 0 failures
[92mINFO [0m:      aggregate_train: metric-aware noise with 0.010095 stdev added
[92mINFO [0m:      	└──> Aggregated MetricRecord: {'train_loss': 0.19680123659892443, 'train_loss_mean': 0.34315099926745835, 'client-ids': [0, 1, 2, 3, 4, 5, 6, 7, 8, 9, 10, 11, 12, 13, 14, 15], 'per-client-num-examples': [1223, 1082, 1364, 517, 1435, 1505, 940, 870, 1152, 447, 729, 1294, 1012, 659, 800, 376], 'per-client-train_loss': [0.1982348234509213, 0.20426175962314147, 0.16800963850227618, 0.23427668477929192, 0.1771447422197056, 0.2333870592505433, 0.21405495723828355, 0.19951264289603837, 0.1861038909604152, 0.14803658139118944, 0.1697361077730057, 0.2079330519924208, 0.18503952073485483, 0.1954571891672152, 0.22655121505260467, 0.17838370926836702], 'per-client-train_loss_mean': [0.35874145472649166, 0.3761103479732207, 0.322089435798157, 0.42149973124107143, 0.3157953755739259, 0.3517302424885159, 0.3481749774261992, 0.30719533967389456, 0.30718234392503896, 0.323562042538485, 0.30406663689471075, 0.33631297819304873, 0.3570631484504745, 0.3680832739111053, 0.38638355123996737, 0.3666417643110803], 'dp-client-ids': [0, 1, 2, 3, 4, 5, 6, 7, 8, 9, 10, 11, 12, 13, 14, 15], 'dp-update-norms-before-clipping': [5.942437661627479, 5.33255940629737, 5.845419873522974, 4.054643272286668, 6.048183824284084, 6.183242725288941, 5.237526059597608, 4.924876442833353, 5.548455874971909, 3.6806475318303393, 4.463914137815022, 5.942046066814418, 5.228240349747646, 4.4827876798618895, 4.587513492361324, 3.376112444275662], 'dp-client-clipped': [1, 1, 1, 0, 1, 1, 1, 0, 1, 0, 0, 1, 1, 0, 0, 0], 'dp-num-clients-clipped': 9, 'dp-fraction-clipped': 0.5625, 'metric-dp-pairwise-distances': [1.1443566909680765, 1.191375875690331, 1.0391652594941359, 1.2294674680257838, 1.2203793940134346, 1.1311949125956744, 1.1049817618525897, 1.186288907347868, 1.0166617502303172, 1.0831577075102057, 1.204731678745399, 1.1214164309979726, 1.0827924682137866, 1.0807010386294376, 1.0050430923583917, 1.1471038401747744, 0.9784287416065732, 1.150433616557469, 1.1706514124913763, 1.0754573160472016, 1.0464579507242888, 1.1092254884230595, 0.9513035486452281, 1.002406937070191, 1.1416823122029502, 1.080857691820711, 1.0088641496064763, 1.016537261661142, 0.9169907776328424, 1.0267460703810987, 1.2206450689118356, 1.2124742604016017, 1.1327489869048197, 1.1020641118908923, 1.1559364570615192, 1.0185081083327532, 1.0651218031222622, 1.1897036095615476, 1.1133157138247043, 1.0751335782309372, 1.0811062089633197, 1.0048333449910085, 1.06604779465124, 1.0782299349860598, 0.9574941742854813, 0.9236551800277084, 0.9996140128932893, 0.7989528324299803, 0.8794980310679724, 1.0301220782566816, 0.9598604096099734, 0.8914681691676378, 0.8865615208633244, 0.7716382776076595, 1.2381765774140756, 1.1464567709869395, 1.1212997008115053, 1.1721865575915824, 1.0365215792941551, 1.08519725650937, 1.2057538262646024, 1.1469691027111064, 1.0931302301663284, 1.0894474529583629, 1.012509232852608, 1.1637612660609495, 1.1218055965534102, 1.2043105456201981, 1.050190464942716, 1.0994734949296496, 1.2165603898465633, 1.1603715278518696, 1.1018346664301741, 1.1040285621614505, 1.0313545630003016, 1.0350591512396932, 1.1063002516360332, 0.9386108878534287, 0.9831740378479784, 1.1339972514348726, 1.0569307811092585, 1.0042748856552255, 1.0042413477397834, 0.8934887951860825, 1.0802481764306624, 0.9044019307087486, 0.9527618883488079, 1.1067423978044342, 1.03416469367221, 0.9768000935825208, 0.9722055218880996, 0.8745236258255318, 0.9836304263832668, 1.0286589625757188, 1.16677605942823, 1.0891093380438785, 1.022333576887225, 1.0418045766806852, 0.9462196896784008, 0.8396039860090241, 1.0168472773705919, 0.9226857492855439, 0.8524977908624957, 0.8589933168065423, 0.7131792459792147, 1.0784045706192653, 0.9971879088940719, 0.9160155996408624, 0.9173039767580727, 0.8025027925226217, 1.139035561432441, 1.0901394123211503, 1.0835136829409748, 1.0070366244763136, 0.9942725917790085, 1.0123964604766418, 0.8992770165205002, 0.9247472325417524, 0.8267294299245501, 0.8304924244293943], 'metric-dp-pairwise-client-i': [0, 0, 0, 0, 0, 0, 0, 0, 0, 0, 0, 0, 0, 0, 0, 1, 1, 1, 1, 1, 1, 1, 1, 1, 1, 1, 1, 1, 1, 2, 2, 2, 2, 2, 2, 2, 2, 2, 2, 2, 2, 2, 3, 3, 3, 3, 3, 3, 3, 3, 3, 3, 3, 3, 4, 4, 4, 4, 4, 4, 4, 4, 4, 4, 4, 5, 5, 5, 5, 5, 5, 5, 5, 5, 5, 6, 6, 6, 6, 6, 6, 6, 6, 6, 7, 7, 7, 7, 7, 7, 7, 7, 8, 8, 8, 8, 8, 8, 8, 9, 9, 9, 9, 9, 9, 10, 10, 10, 10, 10, 11, 11, 11, 11, 12, 12, 12, 13, 13, 14], 'metric-dp-pairwise-client-j': [1, 2, 3, 4, 5, 6, 7, 8, 9, 10, 11, 12, 13, 14, 15, 2, 3, 4, 5, 6, 7, 8, 9, 10, 11, 12, 13, 14, 15, 3, 4, 5, 6, 7, 8, 9, 10, 11, 12, 13, 14, 15, 4, 5, 6, 7, 8, 9, 10, 11, 12, 13, 14, 15, 5, 6, 7, 8, 9, 10, 11, 12, 13, 14, 15, 6, 7, 8, 9, 10, 11, 12, 13, 14, 15, 7, 8, 9, 10, 11, 12, 13, 14, 15, 8, 9, 10, 11, 12, 13, 14, 15, 9, 10, 11, 12, 13, 14, 15, 10, 11, 12, 13, 14, 15, 11, 12, 13, 14, 15, 12, 13, 14, 15, 13, 14, 15, 14, 15, 15], 'metric-dp-distance-min': 0.7131792459792147, 'metric-dp-distance-median': 1.0483242078335024, 'metric-dp-distance-mean': 1.0411687965329393, 'metric-dp-distance': 1.2381765774140756, 'dp-signal-update-norm': 1.5402904768212078, 'dp-parameter-count': 226596, 'dp-expected-noise-l2-norm': 4.80566561166444, 'dp-noise-to-signal-ratio': 3.1199735919825904, 'dp-noise-percent-of-signal': 311.997359198259, 'metric-dp-noise-stdv': 0.010095490601272862}
[92mINFO [0m:      configure_evaluate: Sampled 16 nodes (out of 16)
[36m(ClientAppActor pid=18164)[0m /usr/lib/python3.12/multiprocessing/popen_fork.py:66: DeprecationWarning: This process (pid=18164) is multi-threaded, use of fork() may lead to deadlocks in the child.[32m [repeated 16x across cluster][0m
[36m(ClientAppActor pid=18164)[0m   self.pid = os.fork()[32m [repeated 16x across cluster][0m
[92mINFO [0m:      aggregate_evaluate: Received 16 results and 0 failures
[92mINFO [0m:      	└──> Aggregated MetricRecord: {'eval_loss': 0.5843084117484524, 'eval_acc': 0.7901554404145077, 'client-ids': [0, 1, 2, 3, 4, 5, 6, 7, 8, 9, 10, 11, 12, 13, 14, 15], 'per-client-eval_acc': [0.761437908496732, 0.8118081180811808, 0.7865497076023392, 0.7923076923076923, 0.7910863509749304, 0.7931034482758621, 0.7669491525423728, 0.8119266055045872, 0.8062283737024222, 0.7053571428571429, 0.8087431693989071, 0.7901234567901234, 0.8102766798418972, 0.7878787878787878, 0.81, 0.7473684210526316], 'per-client-eval_loss': [0.6308985909605338, 0.5018717037355768, 0.5721877611171432, 0.5309055461333348, 0.5995247966731824, 0.6007111154753586, 0.6784507995944912, 0.5284019063372131, 0.5488600490105606, 0.7353300707680839, 0.509540380675936, 0.6329640930081591, 0.5782567955288491, 0.5083859241369999, 0.5053466182947158, 0.7800325092516447], 'per-client-num-examples': [306, 271, 342, 130, 359, 377, 236, 218, 289, 112, 183, 324, 253, 165, 200, 95]}
[92mINFO [0m:      Global evaluation
[92mINFO [0m:      	└──> MetricRecord: {'loss': 0.5688966765403748, 'accuracy': 0.794, 'f1': 0.7914421159490566, 'precision': 0.7913720670617851, 'auc': 0.9514235833333333}
[92mINFO [0m:      
[92mINFO [0m:      [ROUND 12/20]
[92mINFO [0m:      configure_train: Sampled 16 nodes (out of 16)
[92mINFO [0m:      aggregate_train: maximum pairwise model distance: 1.211610
[92mINFO [0m:      aggregate_train: Received 16 results and 0 failures
[92mINFO [0m:      aggregate_fit: parameters are clipped by value: 5.0000.
[92mINFO [0m:      aggregate_fit: parameters are clipped by value: 5.0000.
[92mINFO [0m:      aggregate_fit: parameters are clipped by value: 5.0000.
[92mINFO [0m:      aggregate_fit: parameters are clipped by value: 5.0000.
[92mINFO [0m:      aggregate_fit: parameters are clipped by value: 5.0000.
[92mINFO [0m:      aggregate_fit: parameters are clipped by value: 5.0000.
[92mINFO [0m:      aggregate_fit: parameters are clipped by value: 5.0000.
[92mINFO [0m:      aggregate_fit: parameters are clipped by value: 5.0000.
[92mINFO [0m:      aggregate_fit: parameters are clipped by value: 5.0000.
[92mINFO [0m:      aggregate_fit: parameters are clipped by value: 5.0000.
[92mINFO [0m:      aggregate_fit: parameters are clipped by value: 5.0000.
[92mINFO [0m:      aggregate_fit: parameters are clipped by value: 5.0000.
[92mINFO [0m:      aggregate_fit: parameters are clipped by value: 5.0000.
[92mINFO [0m:      aggregate_fit: parameters are clipped by value: 5.0000.
[92mINFO [0m:      aggregate_fit: parameters are clipped by value: 5.0000.
[92mINFO [0m:      aggregate_fit: parameters are clipped by value: 5.0000.
[92mINFO [0m:      aggregate_train: Received 16 results and 0 failures
[92mINFO [0m:      aggregate_train: metric-aware noise with 0.010317 stdev added
[92mINFO [0m:      	└──> Aggregated MetricRecord: {'train_loss': 0.14662359914715506, 'train_loss_mean': 0.30014513366167084, 'client-ids': [0, 1, 2, 3, 4, 5, 6, 7, 8, 9, 10, 11, 12, 13, 14, 15], 'per-client-num-examples': [1223, 1082, 1364, 517, 1435, 1505, 940, 870, 1152, 447, 729, 1294, 1012, 659, 800, 376], 'per-client-train_loss': [0.14940859185484523, 0.1516719822962932, 0.16937823742191113, 0.16553640654544766, 0.1593250115158666, 0.17029300253077154, 0.14391206187453676, 0.1522482019217535, 0.12434100059585439, 0.09499528235703773, 0.11466707989307752, 0.15968117436863355, 0.1358376994670144, 0.13581989624160193, 0.13086515367031099, 0.09319741698972722], 'per-client-train_loss_mean': [0.2976792814845154, 0.3177455439530107, 0.28749390864127544, 0.3827878841276441, 0.25848216898972975, 0.3304546628712655, 0.29765425998162715, 0.2885312032528307, 0.2776351165440348, 0.2733890315696964, 0.2627750505165635, 0.30526087354793796, 0.30731671173346375, 0.33319198995692956, 0.32039850717782975, 0.2958750331496939], 'dp-client-ids': [0, 1, 2, 3, 4, 5, 6, 7, 8, 9, 10, 11, 12, 13, 14, 15], 'dp-update-norms-before-clipping': [5.779326153381876, 5.1747822883532, 5.71767334659778, 3.8416626282870823, 5.775064017155242, 6.165437149291771, 5.296336041829212, 4.698481384510348, 5.421938613513624, 3.621942967748355, 4.29874128530198, 6.001905950141345, 5.1284525756421475, 4.288180377208916, 4.708786817730808, 3.4762010430508545], 'dp-client-clipped': [1, 1, 1, 0, 1, 1, 1, 0, 1, 0, 0, 1, 1, 0, 0, 0], 'dp-num-clients-clipped': 9, 'dp-fraction-clipped': 0.5625, 'metric-dp-pairwise-distances': [1.106972944534694, 1.155619000045893, 0.9959232331408808, 1.1744583961553872, 1.1999765406362712, 1.1145369393440585, 1.0541566342969115, 1.1380170092064266, 0.9848436567893563, 1.0409296280316387, 1.189580846791311, 1.1080966446703922, 1.0441820432897657, 1.0609079693288852, 0.984725543220217, 1.0939389894871663, 0.941473190827916, 1.1078680807258934, 1.1497629760415293, 1.062450620656212, 1.0109499401102464, 1.0664705683787663, 0.916081436832125, 0.9669771090460321, 1.1237178163137287, 1.0505867378475766, 0.9705804461458077, 1.0073543422234554, 0.9145690087073793, 0.9941417000178868, 1.166994532259802, 1.210132211446762, 1.118181592784822, 1.06817566184327, 1.1145803470086928, 0.9832806580234319, 1.0291800760508825, 1.1757518318093692, 1.1018121370580047, 1.0371134351395692, 1.062665889932153, 0.9852392741013318, 1.0113025117510308, 1.0591011565799515, 0.9424533085742345, 0.8781399484723806, 0.9628920830631008, 0.7543617185438052, 0.8314489398617297, 1.0107375599133472, 0.9305485343793407, 0.8301918744109571, 0.8705082285062721, 0.7519236140263578, 1.2044666653188567, 1.1184021854617943, 1.0778957467991859, 1.1336644268594682, 0.9955240284713606, 1.0397989604389295, 1.1779286973178387, 1.1091389481443912, 1.0371040406171232, 1.0633571659758065, 0.9817424343588451, 1.1602311407526333, 1.100700663557897, 1.1731542594109972, 1.0440119226307918, 1.0881791884700458, 1.2116104185115546, 1.1390850589765857, 1.0788875080179423, 1.113437773970266, 1.0324042822855215, 1.022547938162461, 1.0895711181219667, 0.9283721433797231, 0.9681517685530707, 1.143156247640339, 1.0571402945012476, 0.9825001502370773, 1.007777229087272, 0.9056390587162847, 1.038589719760542, 0.8695068491312364, 0.9217027018700416, 1.0949955957087998, 1.0035537649334099, 0.9315028008228788, 0.9589708112568284, 0.869079245099177, 0.9463777479638035, 0.992144038551487, 1.142552786002246, 1.062254295218736, 0.9947636874082187, 1.0329535941127688, 0.9331848677247763, 0.8014840782076741, 1.0081039325644572, 0.9120645232032984, 0.8009641941947242, 0.856472910537074, 0.7149759281116227, 1.0551617451613613, 0.9638043224501113, 0.8787441653742766, 0.906324693816714, 0.7889220041688532, 1.1370372309659917, 1.0617640721611679, 1.090517051362743, 1.0184020874245714, 0.9641706643548483, 1.0132318555843085, 0.8997588710238537, 0.9143207692250144, 0.8048128642840311, 0.8409145852783695], 'metric-dp-pairwise-client-i': [0, 0, 0, 0, 0, 0, 0, 0, 0, 0, 0, 0, 0, 0, 0, 1, 1, 1, 1, 1, 1, 1, 1, 1, 1, 1, 1, 1, 1, 2, 2, 2, 2, 2, 2, 2, 2, 2, 2, 2, 2, 2, 3, 3, 3, 3, 3, 3, 3, 3, 3, 3, 3, 3, 4, 4, 4, 4, 4, 4, 4, 4, 4, 4, 4, 5, 5, 5, 5, 5, 5, 5, 5, 5, 5, 6, 6, 6, 6, 6, 6, 6, 6, 6, 7, 7, 7, 7, 7, 7, 7, 7, 8, 8, 8, 8, 8, 8, 8, 9, 9, 9, 9, 9, 9, 10, 10, 10, 10, 10, 11, 11, 11, 11, 12, 12, 12, 13, 13, 14], 'metric-dp-pairwise-client-j': [1, 2, 3, 4, 5, 6, 7, 8, 9, 10, 11, 12, 13, 14, 15, 2, 3, 4, 5, 6, 7, 8, 9, 10, 11, 12, 13, 14, 15, 3, 4, 5, 6, 7, 8, 9, 10, 11, 12, 13, 14, 15, 4, 5, 6, 7, 8, 9, 10, 11, 12, 13, 14, 15, 5, 6, 7, 8, 9, 10, 11, 12, 13, 14, 15, 6, 7, 8, 9, 10, 11, 12, 13, 14, 15, 7, 8, 9, 10, 11, 12, 13, 14, 15, 8, 9, 10, 11, 12, 13, 14, 15, 9, 10, 11, 12, 13, 14, 15, 10, 11, 12, 13, 14, 15, 11, 12, 13, 14, 15, 12, 13, 14, 15, 13, 14, 15, 14, 15, 15], 'metric-dp-distance-min': 0.7149759281116227, 'metric-dp-distance-median': 1.030792179168202, 'metric-dp-distance-mean': 1.016885280317931, 'metric-dp-distance': 1.2116104185115546, 'dp-signal-update-norm': 1.497247264607079, 'dp-parameter-count': 226596, 'dp-expected-noise-l2-norm': 4.911036178243668, 'dp-noise-to-signal-ratio': 3.2800435134089, 'dp-noise-percent-of-signal': 328.00435134088997, 'metric-dp-noise-stdv': 0.010316847568343019}
[92mINFO [0m:      configure_evaluate: Sampled 16 nodes (out of 16)
[36m(ClientAppActor pid=18154)[0m /usr/lib/python3.12/multiprocessing/popen_fork.py:66: DeprecationWarning: This process (pid=18154) is multi-threaded, use of fork() may lead to deadlocks in the child.[32m [repeated 16x across cluster][0m
[36m(ClientAppActor pid=18154)[0m   self.pid = os.fork()[32m [repeated 16x across cluster][0m
[92mINFO [0m:      aggregate_evaluate: Received 16 results and 0 failures
[92mINFO [0m:      	└──> Aggregated MetricRecord: {'eval_loss': 0.5926466745493326, 'eval_acc': 0.7914507772020725, 'client-ids': [0, 1, 2, 3, 4, 5, 6, 7, 8, 9, 10, 11, 12, 13, 14, 15], 'per-client-eval_acc': [0.761437908496732, 0.8228782287822878, 0.7894736842105263, 0.8, 0.7966573816155988, 0.8010610079575596, 0.7584745762711864, 0.8073394495412844, 0.8062283737024222, 0.6875, 0.819672131147541, 0.7993827160493827, 0.7944664031620553, 0.8, 0.79, 0.7578947368421053], 'per-client-eval_loss': [0.6455803914786944, 0.5183187463626651, 0.581670041669879, 0.5228088585230021, 0.6081499039794741, 0.6039424941773757, 0.6464163489260916, 0.5272680378835136, 0.6101005881715398, 0.7928772994450161, 0.49678561726554493, 0.621827702463409, 0.6045113929175576, 0.5182304786913323, 0.49004642605781557, 0.7919271971050061], 'per-client-num-examples': [306, 271, 342, 130, 359, 377, 236, 218, 289, 112, 183, 324, 253, 165, 200, 95]}
[92mINFO [0m:      Global evaluation
[92mINFO [0m:      	└──> MetricRecord: {'loss': 0.5667485553026199, 'accuracy': 0.8075, 'f1': 0.8073750840438014, 'precision': 0.8081192404100496, 'auc': 0.9547258333333334}
[92mINFO [0m:      
[92mINFO [0m:      [ROUND 13/20]
[92mINFO [0m:      configure_train: Sampled 16 nodes (out of 16)
[92mINFO [0m:      aggregate_train: maximum pairwise model distance: 1.179224
[92mINFO [0m:      aggregate_train: Received 16 results and 0 failures
[92mINFO [0m:      aggregate_fit: parameters are clipped by value: 5.0000.
[92mINFO [0m:      aggregate_fit: parameters are clipped by value: 5.0000.
[92mINFO [0m:      aggregate_fit: parameters are clipped by value: 5.0000.
[92mINFO [0m:      aggregate_fit: parameters are clipped by value: 5.0000.
[92mINFO [0m:      aggregate_fit: parameters are clipped by value: 5.0000.
[92mINFO [0m:      aggregate_fit: parameters are clipped by value: 5.0000.
[92mINFO [0m:      aggregate_fit: parameters are clipped by value: 5.0000.
[92mINFO [0m:      aggregate_fit: parameters are clipped by value: 5.0000.
[92mINFO [0m:      aggregate_fit: parameters are clipped by value: 5.0000.
[92mINFO [0m:      aggregate_fit: parameters are clipped by value: 5.0000.
[92mINFO [0m:      aggregate_fit: parameters are clipped by value: 5.0000.
[92mINFO [0m:      aggregate_fit: parameters are clipped by value: 5.0000.
[92mINFO [0m:      aggregate_fit: parameters are clipped by value: 5.0000.
[92mINFO [0m:      aggregate_fit: parameters are clipped by value: 5.0000.
[92mINFO [0m:      aggregate_fit: parameters are clipped by value: 5.0000.
[92mINFO [0m:      aggregate_fit: parameters are clipped by value: 5.0000.
[92mINFO [0m:      aggregate_train: Received 16 results and 0 failures
[92mINFO [0m:      aggregate_train: metric-aware noise with 0.010600 stdev added
[92mINFO [0m:      	└──> Aggregated MetricRecord: {'train_loss': 0.11749461591730415, 'train_loss_mean': 0.26103318567037, 'client-ids': [0, 1, 2, 3, 4, 5, 6, 7, 8, 9, 10, 11, 12, 13, 14, 15], 'per-client-num-examples': [1223, 1082, 1364, 517, 1435, 1505, 940, 870, 1152, 447, 729, 1294, 1012, 659, 800, 376], 'per-client-train_loss': [0.0987465871529972, 0.1237974511855411, 0.09235781304472702, 0.10747240822423589, 0.14757016664598047, 0.12548527662298856, 0.08405024457643641, 0.19331846864059055, 0.12572365481820372, 0.09673637273394288, 0.10611155939854384, 0.1228103338290219, 0.10573619710126884, 0.11579844691368082, 0.10614780448377133, 0.0887110651807582], 'per-client-train_loss_mean': [0.2631281402766193, 0.27157456080486064, 0.25427133373675803, 0.3146403382937613, 0.24317485330412197, 0.2423925185130106, 0.2465887563104959, 0.25591443600497027, 0.24817470182768173, 0.27571790701390914, 0.23867103966216163, 0.2564562694228598, 0.28297888143613875, 0.29895058691682513, 0.27196089263260365, 0.29770078535409683], 'dp-client-ids': [0, 1, 2, 3, 4, 5, 6, 7, 8, 9, 10, 11, 12, 13, 14, 15], 'dp-update-norms-before-clipping': [5.656085417793926, 5.110351463316792, 5.516611765219677, 3.7656654109014673, 5.837760110937539, 5.9592778566290505, 4.840973033851065, 5.0001523515786195, 5.484334523305168, 3.691517551737776, 4.41578598386938, 5.600046638845532, 4.994052487070644, 4.3423562045789055, 4.607474973069168, 3.3281883283489275], 'dp-client-clipped': [1, 1, 1, 0, 1, 1, 0, 1, 1, 0, 0, 1, 0, 0, 0, 0], 'dp-num-clients-clipped': 8, 'dp-fraction-clipped': 0.5, 'metric-dp-pairwise-distances': [1.0728377326546858, 1.1225718154455535, 0.9761647849809378, 1.1658973399704944, 1.1616550073182832, 1.0614118271041662, 1.0785375343402848, 1.1167605551891029, 0.9709036241013868, 1.03559800516814, 1.1445105474752684, 1.0642280052804078, 1.016875955897073, 1.0331697614553075, 0.9581805062868322, 1.0803084486008931, 0.9224246732580165, 1.1032909216204037, 1.1247926196083426, 1.0058270841060828, 1.0361694651655853, 1.0726052105116348, 0.914358830312267, 0.9682358774201324, 1.0819869431046147, 1.0240520740238328, 0.960532030595156, 0.9814266585744917, 0.8940991781031092, 0.9660171032883227, 1.1544307894073427, 1.162140965461731, 1.058704879367724, 1.082506516240149, 1.1080117240004863, 0.9689869956734279, 1.0205904799513519, 1.1252826280736674, 1.0596460917343695, 1.0083096757686387, 1.027614243988258, 0.9543341187915454, 1.0135684944689274, 1.0247929273173213, 0.8903147856860111, 0.915406776436915, 0.9529222933730731, 0.7457374456959466, 0.8467530431225896, 0.9701733505353332, 0.9046133942125986, 0.8261221218078086, 0.8554631732404232, 0.7323176399416601, 1.1792236609617248, 1.0824413313142334, 1.1126809942846496, 1.1397423351493974, 1.0045612941030413, 1.0508164589603741, 1.1559332236647606, 1.0957546719970803, 1.0481147184812774, 1.0630325012219448, 0.985567334961767, 1.0908896028995514, 1.1155368031468242, 1.1491849936234455, 1.0242003903258592, 1.0654840633117904, 1.166696234450986, 1.1053448491729796, 1.059224399427573, 1.0783332865685225, 1.000013787066564, 1.0204983240303893, 1.056137655551235, 0.8892130877356976, 0.9383798283524811, 1.065284039825201, 0.9998700111949196, 0.9399919638720652, 0.9639628568741804, 0.8594406355017176, 1.078272616180281, 0.9112583901345109, 0.9670207719318569, 1.0937091485441972, 1.0159176734547752, 0.9677248096753223, 0.9923731678863987, 0.8966713736687476, 0.9580797055580964, 1.0154437568271533, 1.1143342356663197, 1.0524748373621453, 0.9947777144455662, 1.0239944097896416, 0.9273664656793699, 0.8325992793931315, 0.9638291149555395, 0.9036067553097382, 0.8079713239567354, 0.8499770294874907, 0.7034176278393716, 1.0346793000741552, 0.9642297676764429, 0.8918958042437831, 0.9090172314705948, 0.8015354348657032, 1.0900253381890554, 1.0236334872897714, 1.047042648230369, 0.9588234437784801, 0.944466594082769, 0.9788491994452974, 0.8774703876115382, 0.9044544422455753, 0.7988331369124353, 0.8339844688695545], 'metric-dp-pairwise-client-i': [0, 0, 0, 0, 0, 0, 0, 0, 0, 0, 0, 0, 0, 0, 0, 1, 1, 1, 1, 1, 1, 1, 1, 1, 1, 1, 1, 1, 1, 2, 2, 2, 2, 2, 2, 2, 2, 2, 2, 2, 2, 2, 3, 3, 3, 3, 3, 3, 3, 3, 3, 3, 3, 3, 4, 4, 4, 4, 4, 4, 4, 4, 4, 4, 4, 5, 5, 5, 5, 5, 5, 5, 5, 5, 5, 6, 6, 6, 6, 6, 6, 6, 6, 6, 7, 7, 7, 7, 7, 7, 7, 7, 8, 8, 8, 8, 8, 8, 8, 9, 9, 9, 9, 9, 9, 10, 10, 10, 10, 10, 11, 11, 11, 11, 12, 12, 12, 13, 13, 14], 'metric-dp-pairwise-client-j': [1, 2, 3, 4, 5, 6, 7, 8, 9, 10, 11, 12, 13, 14, 15, 2, 3, 4, 5, 6, 7, 8, 9, 10, 11, 12, 13, 14, 15, 3, 4, 5, 6, 7, 8, 9, 10, 11, 12, 13, 14, 15, 4, 5, 6, 7, 8, 9, 10, 11, 12, 13, 14, 15, 5, 6, 7, 8, 9, 10, 11, 12, 13, 14, 15, 6, 7, 8, 9, 10, 11, 12, 13, 14, 15, 7, 8, 9, 10, 11, 12, 13, 14, 15, 8, 9, 10, 11, 12, 13, 14, 15, 9, 10, 11, 12, 13, 14, 15, 10, 11, 12, 13, 14, 15, 11, 12, 13, 14, 15, 12, 13, 14, 15, 13, 14, 15, 14, 15, 15], 'metric-dp-distance-min': 0.7034176278393716, 'metric-dp-distance-median': 1.0156807151409644, 'metric-dp-distance-mean': 1.0013290908835188, 'metric-dp-distance': 1.1792236609617248, 'dp-signal-update-norm': 1.4638763847441731, 'dp-parameter-count': 226596, 'dp-expected-noise-l2-norm': 5.045915203562329, 'dp-noise-to-signal-ratio': 3.4469544396975516, 'dp-noise-percent-of-signal': 344.69544396975516, 'metric-dp-noise-stdv': 0.010600194359910935}
[92mINFO [0m:      configure_evaluate: Sampled 16 nodes (out of 16)
[36m(ClientAppActor pid=18170)[0m /usr/lib/python3.12/multiprocessing/popen_fork.py:66: DeprecationWarning: This process (pid=18170) is multi-threaded, use of fork() may lead to deadlocks in the child.[32m [repeated 16x across cluster][0m
[36m(ClientAppActor pid=18170)[0m   self.pid = os.fork()[32m [repeated 16x across cluster][0m
[92mINFO [0m:      aggregate_evaluate: Received 16 results and 0 failures
[92mINFO [0m:      	└──> Aggregated MetricRecord: {'eval_loss': 0.6173969581279268, 'eval_acc': 0.7989637305699482, 'client-ids': [0, 1, 2, 3, 4, 5, 6, 7, 8, 9, 10, 11, 12, 13, 14, 15], 'per-client-eval_acc': [0.7712418300653595, 0.8191881918819188, 0.7777777777777778, 0.8384615384615385, 0.7966573816155988, 0.8090185676392573, 0.788135593220339, 0.8211009174311926, 0.8096885813148789, 0.7142857142857143, 0.825136612021858, 0.7993827160493827, 0.8023715415019763, 0.8242424242424242, 0.805, 0.7473684210526316], 'per-client-eval_loss': [0.6938961004120072, 0.4958691579389396, 0.5880011076118514, 0.5066206650092051, 0.6330668848205078, 0.6529957799127311, 0.6522380032781827, 0.5551995137415895, 0.6691765702977313, 0.867130092212132, 0.5241741065770551, 0.6325294853728495, 0.6533676871197968, 0.5472731387976444, 0.49366681575775145, 0.793272540443822], 'per-client-num-examples': [306, 271, 342, 130, 359, 377, 236, 218, 289, 112, 183, 324, 253, 165, 200, 95]}
[92mINFO [0m:      Global evaluation
[92mINFO [0m:      	└──> MetricRecord: {'loss': 0.6142167466878891, 'accuracy': 0.801, 'f1': 0.8015811993071104, 'precision': 0.8027053081799206, 'auc': 0.9542815}
[92mINFO [0m:      
[92mINFO [0m:      [ROUND 14/20]
[92mINFO [0m:      configure_train: Sampled 16 nodes (out of 16)
[92mINFO [0m:      aggregate_train: maximum pairwise model distance: 1.164697
[92mINFO [0m:      aggregate_train: Received 16 results and 0 failures
[92mINFO [0m:      aggregate_fit: parameters are clipped by value: 5.0000.
[92mINFO [0m:      aggregate_fit: parameters are clipped by value: 5.0000.
[92mINFO [0m:      aggregate_fit: parameters are clipped by value: 5.0000.
[92mINFO [0m:      aggregate_fit: parameters are clipped by value: 5.0000.
[92mINFO [0m:      aggregate_fit: parameters are clipped by value: 5.0000.
[92mINFO [0m:      aggregate_fit: parameters are clipped by value: 5.0000.
[92mINFO [0m:      aggregate_fit: parameters are clipped by value: 5.0000.
[92mINFO [0m:      aggregate_fit: parameters are clipped by value: 5.0000.
[92mINFO [0m:      aggregate_fit: parameters are clipped by value: 5.0000.
[92mINFO [0m:      aggregate_fit: parameters are clipped by value: 5.0000.
[92mINFO [0m:      aggregate_fit: parameters are clipped by value: 5.0000.
[92mINFO [0m:      aggregate_fit: parameters are clipped by value: 5.0000.
[92mINFO [0m:      aggregate_fit: parameters are clipped by value: 5.0000.
[92mINFO [0m:      aggregate_fit: parameters are clipped by value: 5.0000.
[92mINFO [0m:      aggregate_fit: parameters are clipped by value: 5.0000.
[92mINFO [0m:      aggregate_fit: parameters are clipped by value: 5.0000.
[92mINFO [0m:      aggregate_train: Received 16 results and 0 failures
[92mINFO [0m:      aggregate_train: metric-aware noise with 0.010732 stdev added
[92mINFO [0m:      	└──> Aggregated MetricRecord: {'train_loss': 0.08253279793590963, 'train_loss_mean': 0.23659535474434146, 'client-ids': [0, 1, 2, 3, 4, 5, 6, 7, 8, 9, 10, 11, 12, 13, 14, 15], 'per-client-num-examples': [1223, 1082, 1364, 517, 1435, 1505, 940, 870, 1152, 447, 729, 1294, 1012, 659, 800, 376], 'per-client-train_loss': [0.06685538440699082, 0.07784641001807344, 0.07436528825952161, 0.10625033586410305, 0.06459019506019167, 0.09791544927568392, 0.07765736088473746, 0.11244864611104988, 0.07601461401726636, 0.04768529034300938, 0.0913343846348251, 0.10284026811213176, 0.08531196285849033, 0.09386368582027997, 0.07569631226360798, 0.05555596686107047], 'per-client-train_loss_mean': [0.2263346558167178, 0.25145140718152253, 0.2099714877449872, 0.33725159913877917, 0.19760930069024554, 0.2577043108062616, 0.2384189570013513, 0.23184703195232084, 0.20739053765622278, 0.24923947011464395, 0.20813437734509527, 0.23199153081434773, 0.24506165449444958, 0.28522988743910477, 0.2518096558302641, 0.26119924525314187], 'dp-client-ids': [0, 1, 2, 3, 4, 5, 6, 7, 8, 9, 10, 11, 12, 13, 14, 15], 'dp-update-norms-before-clipping': [5.30315200974292, 4.922778164564058, 5.550824340982772, 3.699077917662404, 5.369640260823654, 6.023544574450675, 4.833994260029473, 4.686694587030448, 5.085637337253595, 3.5272940290834356, 4.284943835561775, 5.538942719925239, 4.937269246628394, 4.248324330588636, 4.526794719077087, 3.2884533687255226], 'dp-client-clipped': [1, 0, 1, 0, 1, 1, 0, 0, 1, 0, 0, 1, 0, 0, 0, 0], 'dp-num-clients-clipped': 6, 'dp-fraction-clipped': 0.375, 'metric-dp-pairwise-distances': [1.0300229605442535, 1.0862463913702716, 0.924213988687067, 1.080469438728566, 1.1430476111903165, 1.017569952411577, 1.0122363878957306, 1.0480356548602383, 0.9246853007158885, 0.9856587248699119, 1.1012929884794478, 1.0315809703509633, 0.983279504114762, 0.992947108092873, 0.9056735701936608, 1.057338946654151, 0.8885069517418742, 1.036833374062553, 1.1073967174549277, 0.9790397587542733, 0.9747200085160633, 1.0002665511177231, 0.8718506370981535, 0.9294297435941795, 1.0517123616300523, 0.9981486387550831, 0.9261980093239496, 0.963761712734898, 0.8565743739406267, 0.9559536072192714, 1.107649592605109, 1.1646971767768264, 1.0505863727691274, 1.0414292894614239, 1.071273744571954, 0.9541619893473884, 1.0126341790892184, 1.1164222047664225, 1.0565069325578709, 1.0117052785741787, 1.0294421948104475, 0.9423079063805441, 0.9489168922882527, 1.0255738076521084, 0.8740027332678437, 0.8620185488834977, 0.9035191796720028, 0.739342656529819, 0.8148311389765391, 0.9543266480710978, 0.8920642119289065, 0.804284630731369, 0.8298436306843845, 0.7151725670167556, 1.1532299775475015, 1.0305328704416752, 1.0193234083708376, 1.0510193613590673, 0.9334114765903602, 0.9875427854325002, 1.100785501495314, 1.0415855121876423, 0.9936193331765631, 1.010452845832333, 0.9260112218714008, 1.0976954715636869, 1.0823825258218374, 1.1261486609776814, 1.0095193095039576, 1.0652363214176148, 1.1607052953525756, 1.1096775128971785, 1.0569661272068818, 1.0783417567533131, 0.9980550671558982, 0.9722890116584798, 1.0051845139435802, 0.8708930622475842, 0.9148791442470005, 1.049105765026373, 0.983546679529051, 0.9272666492809852, 0.9453924692546328, 0.8395217875173936, 0.9988600781653076, 0.8499834910423184, 0.9090094820906719, 1.0387181781698018, 0.9798834445343042, 0.9109841430326924, 0.9385731649041796, 0.8325222761874708, 0.9040671291295439, 0.9514825386577286, 1.0623163306542363, 1.007294573976348, 0.9588059849726657, 0.9792614576484387, 0.8763043399279317, 0.800901383239155, 0.9451273023926964, 0.8811731611688932, 0.7958234727072219, 0.8251464879140258, 0.6879600334990149, 1.0040772333353136, 0.9377377520237739, 0.8798648323087642, 0.8905493697772423, 0.7838115426711738, 1.0634874567040242, 1.0179711235687137, 1.0334767100090783, 0.9368915744513894, 0.9419174181142201, 0.9701868329041948, 0.8666788060218096, 0.8917184226059666, 0.7832131860777736, 0.8154104734615734], 'metric-dp-pairwise-client-i': [0, 0, 0, 0, 0, 0, 0, 0, 0, 0, 0, 0, 0, 0, 0, 1, 1, 1, 1, 1, 1, 1, 1, 1, 1, 1, 1, 1, 1, 2, 2, 2, 2, 2, 2, 2, 2, 2, 2, 2, 2, 2, 3, 3, 3, 3, 3, 3, 3, 3, 3, 3, 3, 3, 4, 4, 4, 4, 4, 4, 4, 4, 4, 4, 4, 5, 5, 5, 5, 5, 5, 5, 5, 5, 5, 6, 6, 6, 6, 6, 6, 6, 6, 6, 7, 7, 7, 7, 7, 7, 7, 7, 8, 8, 8, 8, 8, 8, 8, 9, 9, 9, 9, 9, 9, 10, 10, 10, 10, 10, 11, 11, 11, 11, 12, 12, 12, 13, 13, 14], 'metric-dp-pairwise-client-j': [1, 2, 3, 4, 5, 6, 7, 8, 9, 10, 11, 12, 13, 14, 15, 2, 3, 4, 5, 6, 7, 8, 9, 10, 11, 12, 13, 14, 15, 3, 4, 5, 6, 7, 8, 9, 10, 11, 12, 13, 14, 15, 4, 5, 6, 7, 8, 9, 10, 11, 12, 13, 14, 15, 5, 6, 7, 8, 9, 10, 11, 12, 13, 14, 15, 6, 7, 8, 9, 10, 11, 12, 13, 14, 15, 7, 8, 9, 10, 11, 12, 13, 14, 15, 8, 9, 10, 11, 12, 13, 14, 15, 9, 10, 11, 12, 13, 14, 15, 10, 11, 12, 13, 14, 15, 11, 12, 13, 14, 15, 12, 13, 14, 15, 13, 14, 15, 14, 15, 15], 'metric-dp-distance-min': 0.6879600334990149, 'metric-dp-distance-median': 0.9795724510913715, 'metric-dp-distance-mean': 0.9689909838852248, 'metric-dp-distance': 1.1646971767768264, 'dp-signal-update-norm': 1.4076702507961691, 'dp-parameter-count': 226596, 'dp-expected-noise-l2-norm': 5.1088495086026615, 'dp-noise-to-signal-ratio': 3.629294222644209, 'dp-noise-percent-of-signal': 362.9294222644209, 'metric-dp-noise-stdv': 0.010732403451506941}
[92mINFO [0m:      configure_evaluate: Sampled 16 nodes (out of 16)
[36m(ClientAppActor pid=18162)[0m /usr/lib/python3.12/multiprocessing/popen_fork.py:66: DeprecationWarning: This process (pid=18162) is multi-threaded, use of fork() may lead to deadlocks in the child.[32m [repeated 16x across cluster][0m
[36m(ClientAppActor pid=18162)[0m   self.pid = os.fork()[32m [repeated 16x across cluster][0m
[92mINFO [0m:      aggregate_evaluate: Received 16 results and 0 failures
[92mINFO [0m:      	└──> Aggregated MetricRecord: {'eval_loss': 0.635429057347651, 'eval_acc': 0.7981865284974093, 'client-ids': [0, 1, 2, 3, 4, 5, 6, 7, 8, 9, 10, 11, 12, 13, 14, 15], 'per-client-eval_acc': [0.7908496732026143, 0.8302583025830258, 0.7894736842105263, 0.823076923076923, 0.8050139275766016, 0.7957559681697612, 0.788135593220339, 0.8073394495412844, 0.8166089965397924, 0.7589285714285714, 0.7923497267759563, 0.7777777777777778, 0.8142292490118577, 0.8, 0.8, 0.7368421052631579], 'per-client-eval_loss': [0.695562530966366, 0.5088062585499894, 0.6150986046818961, 0.5463767065451696, 0.6376292764061341, 0.6695803912944439, 0.7179879960367235, 0.581447662563499, 0.5681349278836927, 0.8007703508649554, 0.5708186821859391, 0.7067219769513166, 0.6515352188834088, 0.5134757591016365, 0.5899682384729386, 0.9286609448884663], 'per-client-num-examples': [306, 271, 342, 130, 359, 377, 236, 218, 289, 112, 183, 324, 253, 165, 200, 95]}
[92mINFO [0m:      Global evaluation
[92mINFO [0m:      	└──> MetricRecord: {'loss': 0.614821670293808, 'accuracy': 0.813, 'f1': 0.8106906072226135, 'precision': 0.8115900355606331, 'auc': 0.9544434166666667}
[92mINFO [0m:      
[92mINFO [0m:      [ROUND 15/20]
[92mINFO [0m:      configure_train: Sampled 16 nodes (out of 16)
[92mINFO [0m:      aggregate_train: maximum pairwise model distance: 1.194202
[92mINFO [0m:      aggregate_train: Received 16 results and 0 failures
[92mINFO [0m:      aggregate_fit: parameters are clipped by value: 5.0000.
[92mINFO [0m:      aggregate_fit: parameters are clipped by value: 5.0000.
[92mINFO [0m:      aggregate_fit: parameters are clipped by value: 5.0000.
[92mINFO [0m:      aggregate_fit: parameters are clipped by value: 5.0000.
[92mINFO [0m:      aggregate_fit: parameters are clipped by value: 5.0000.
[92mINFO [0m:      aggregate_fit: parameters are clipped by value: 5.0000.
[92mINFO [0m:      aggregate_fit: parameters are clipped by value: 5.0000.
[92mINFO [0m:      aggregate_fit: parameters are clipped by value: 5.0000.
[92mINFO [0m:      aggregate_fit: parameters are clipped by value: 5.0000.
[92mINFO [0m:      aggregate_fit: parameters are clipped by value: 5.0000.
[92mINFO [0m:      aggregate_fit: parameters are clipped by value: 5.0000.
[92mINFO [0m:      aggregate_fit: parameters are clipped by value: 5.0000.
[92mINFO [0m:      aggregate_fit: parameters are clipped by value: 5.0000.
[92mINFO [0m:      aggregate_fit: parameters are clipped by value: 5.0000.
[92mINFO [0m:      aggregate_fit: parameters are clipped by value: 5.0000.
[92mINFO [0m:      aggregate_fit: parameters are clipped by value: 5.0000.
[92mINFO [0m:      aggregate_train: Received 16 results and 0 failures
[92mINFO [0m:      aggregate_train: metric-aware noise with 0.010467 stdev added
[92mINFO [0m:      	└──> Aggregated MetricRecord: {'train_loss': 0.08185119707752787, 'train_loss_mean': 0.21768319266198669, 'client-ids': [0, 1, 2, 3, 4, 5, 6, 7, 8, 9, 10, 11, 12, 13, 14, 15], 'per-client-num-examples': [1223, 1082, 1364, 517, 1435, 1505, 940, 870, 1152, 447, 729, 1294, 1012, 659, 800, 376], 'per-client-train_loss': [0.07643653168506731, 0.08695208730241508, 0.06968710868676736, 0.06556350177215192, 0.13950421421525785, 0.10850767260076992, 0.04351830325545149, 0.08787076557162164, 0.08569927340269917, 0.050447917516266205, 0.05536518299336378, 0.10362257510193348, 0.05633155433203392, 0.07283085343825076, 0.05469683445990085, 0.0507223302934398], 'per-client-train_loss_mean': [0.21184948224662664, 0.22936712104875365, 0.19497960072196474, 0.29432608184820797, 0.1923077288815161, 0.22994000918760996, 0.1993278353423514, 0.21831020593985745, 0.20224587726406754, 0.24656071340377697, 0.23787891170666625, 0.20260355842445144, 0.19784052547199923, 0.25424541971887915, 0.23115591980516909, 0.2586027456962682], 'dp-client-ids': [0, 1, 2, 3, 4, 5, 6, 7, 8, 9, 10, 11, 12, 13, 14, 15], 'dp-update-norms-before-clipping': [5.361708717020168, 4.813810091998134, 5.339188964492158, 3.790951319638455, 5.629547286636011, 6.112985421287725, 4.542654091512332, 4.660841149978041, 4.8469832460040605, 3.475607964552133, 3.8560276090828465, 5.358804277856205, 4.663150950434807, 4.023660735413136, 4.341520713731655, 3.3878275346011857], 'dp-client-clipped': [1, 0, 1, 0, 1, 1, 0, 0, 0, 0, 0, 1, 0, 0, 0, 0], 'dp-num-clients-clipped': 5, 'dp-fraction-clipped': 0.3125, 'metric-dp-pairwise-distances': [1.0304268945474178, 1.0766936759658468, 0.9505917433416471, 1.1231883924920112, 1.166843700571917, 1.0037542524902772, 1.011990643184011, 1.036054661051215, 0.926864716069152, 0.9602148583314071, 1.0841823817463592, 1.0105606396294509, 0.9650283354955415, 0.9871391971052313, 0.9249146638903767, 1.0326243302940081, 0.8895471891543517, 1.0647978823787223, 1.122501955755676, 0.9484932051661114, 0.9635304373999437, 0.9793362051714212, 0.860131251392886, 0.8887473316087077, 1.0246181688271463, 0.9700785922662666, 0.9022033516472826, 0.9279393394632885, 0.8468361395255973, 0.9427694658904026, 1.1187790190645803, 1.1696161415893584, 1.0097966813482344, 1.0225164603131514, 1.030311304765443, 0.9302514880352343, 0.956879477094238, 1.0833846277091652, 1.004887706444909, 0.9679838822921738, 0.9828450220326582, 0.9303923129724959, 0.9941128174153467, 1.0485131345534076, 0.8557779556140304, 0.8708112215002378, 0.8948499105948334, 0.7486449861899018, 0.7931040664358685, 0.9520381769010177, 0.8757068737177178, 0.7960588142353421, 0.8325497589539737, 0.745595984859392, 1.194201728135037, 1.0414858034346253, 1.0584040636119123, 1.0712580292796094, 0.9737327616894618, 0.9888728304455677, 1.1141247564616303, 1.0562258917295064, 1.0035904560548563, 1.0213316288233425, 0.9659782474627718, 1.1047643207324047, 1.099177140238074, 1.1314869752386585, 1.0235033191274852, 1.0347839720391978, 1.1635216902165364, 1.1046249803815347, 1.0515711651726936, 1.073091562371701, 1.0114500445391361, 0.9420518819242716, 0.9596106944760928, 0.8375255297869444, 0.8577677643237015, 1.0102395144446443, 0.9334549809185168, 0.8792666726124784, 0.9023598197769994, 0.8196589921911558, 0.9725066969792048, 0.8451932433138912, 0.8591966396197677, 1.0233887531018506, 0.9443883674296861, 0.8934932490034649, 0.9199510000180453, 0.8439151225611567, 0.875345948113439, 0.8953843640629202, 1.0300998551926266, 0.9567454678472131, 0.9074447742508104, 0.9376294636555637, 0.8624073163761447, 0.7407524741720408, 0.9296760153180609, 0.847318090692473, 0.771519776879965, 0.7992836356473466, 0.6895479744222636, 0.9501533420601239, 0.8729468739281098, 0.7978303819739571, 0.8312468827158833, 0.7398376514126236, 1.0218175659732271, 0.9696890061022714, 0.9921217443576703, 0.9212674158625305, 0.8927916076499969, 0.9233811545418575, 0.8434591509091357, 0.8475710385634253, 0.7690365376183763, 0.7986264632781968], 'metric-dp-pairwise-client-i': [0, 0, 0, 0, 0, 0, 0, 0, 0, 0, 0, 0, 0, 0, 0, 1, 1, 1, 1, 1, 1, 1, 1, 1, 1, 1, 1, 1, 1, 2, 2, 2, 2, 2, 2, 2, 2, 2, 2, 2, 2, 2, 3, 3, 3, 3, 3, 3, 3, 3, 3, 3, 3, 3, 4, 4, 4, 4, 4, 4, 4, 4, 4, 4, 4, 5, 5, 5, 5, 5, 5, 5, 5, 5, 5, 6, 6, 6, 6, 6, 6, 6, 6, 6, 7, 7, 7, 7, 7, 7, 7, 7, 8, 8, 8, 8, 8, 8, 8, 9, 9, 9, 9, 9, 9, 10, 10, 10, 10, 10, 11, 11, 11, 11, 12, 12, 12, 13, 13, 14], 'metric-dp-pairwise-client-j': [1, 2, 3, 4, 5, 6, 7, 8, 9, 10, 11, 12, 13, 14, 15, 2, 3, 4, 5, 6, 7, 8, 9, 10, 11, 12, 13, 14, 15, 3, 4, 5, 6, 7, 8, 9, 10, 11, 12, 13, 14, 15, 4, 5, 6, 7, 8, 9, 10, 11, 12, 13, 14, 15, 5, 6, 7, 8, 9, 10, 11, 12, 13, 14, 15, 6, 7, 8, 9, 10, 11, 12, 13, 14, 15, 7, 8, 9, 10, 11, 12, 13, 14, 15, 8, 9, 10, 11, 12, 13, 14, 15, 9, 10, 11, 12, 13, 14, 15, 10, 11, 12, 13, 14, 15, 11, 12, 13, 14, 15, 12, 13, 14, 15, 13, 14, 15, 14, 15, 15], 'metric-dp-distance-min': 0.6895479744222636, 'metric-dp-distance-median': 0.9568124724707257, 'metric-dp-distance-mean': 0.9532007807477688, 'metric-dp-distance': 1.194201728135037, 'dp-signal-update-norm': 1.3452830852311983, 'dp-parameter-count': 226596, 'dp-expected-noise-l2-norm': 4.982627691001263, 'dp-noise-to-signal-ratio': 3.7037763617944814, 'dp-noise-percent-of-signal': 370.37763617944813, 'metric-dp-noise-stdv': 0.010467243268456012}
[92mINFO [0m:      configure_evaluate: Sampled 16 nodes (out of 16)
[36m(ClientAppActor pid=18154)[0m /usr/lib/python3.12/multiprocessing/popen_fork.py:66: DeprecationWarning: This process (pid=18154) is multi-threaded, use of fork() may lead to deadlocks in the child.[32m [repeated 16x across cluster][0m
[36m(ClientAppActor pid=18154)[0m   self.pid = os.fork()[32m [repeated 16x across cluster][0m
[92mINFO [0m:      aggregate_evaluate: Received 16 results and 0 failures
[92mINFO [0m:      	└──> Aggregated MetricRecord: {'eval_loss': 0.6367272483850854, 'eval_acc': 0.8072538860103626, 'client-ids': [0, 1, 2, 3, 4, 5, 6, 7, 8, 9, 10, 11, 12, 13, 14, 15], 'per-client-eval_acc': [0.7941176470588235, 0.8487084870848709, 0.8011695906432749, 0.8307692307692308, 0.7855153203342619, 0.8090185676392573, 0.7923728813559322, 0.8165137614678899, 0.8027681660899654, 0.7232142857142857, 0.8142076502732241, 0.8148148148148148, 0.83399209486166, 0.8242424242424242, 0.815, 0.7684210526315789], 'per-client-eval_loss': [0.7051315930933734, 0.4983585487872472, 0.6094207429049308, 0.6158470048354222, 0.6654062776678452, 0.6810219660994229, 0.6740503614231691, 0.5883972010481249, 0.6687909786212403, 0.842842698097229, 0.5306933903303303, 0.6639820028234411, 0.6081389777745183, 0.5934338136152788, 0.5181503212451934, 0.8437399010909231], 'per-client-num-examples': [306, 271, 342, 130, 359, 377, 236, 218, 289, 112, 183, 324, 253, 165, 200, 95]}
[92mINFO [0m:      Global evaluation
[92mINFO [0m:      	└──> MetricRecord: {'loss': 0.6219877133369446, 'accuracy': 0.8125, 'f1': 0.8125871621071044, 'precision': 0.8131303208353947, 'auc': 0.9561301249999999}
[92mINFO [0m:      
[92mINFO [0m:      [ROUND 16/20]
[92mINFO [0m:      configure_train: Sampled 16 nodes (out of 16)
[92mINFO [0m:      aggregate_train: maximum pairwise model distance: 1.136324
[92mINFO [0m:      aggregate_train: Received 16 results and 0 failures
[92mINFO [0m:      aggregate_fit: parameters are clipped by value: 5.0000.
[92mINFO [0m:      aggregate_fit: parameters are clipped by value: 5.0000.
[92mINFO [0m:      aggregate_fit: parameters are clipped by value: 5.0000.
[92mINFO [0m:      aggregate_fit: parameters are clipped by value: 5.0000.
[92mINFO [0m:      aggregate_fit: parameters are clipped by value: 5.0000.
[92mINFO [0m:      aggregate_fit: parameters are clipped by value: 5.0000.
[92mINFO [0m:      aggregate_fit: parameters are clipped by value: 5.0000.
[92mINFO [0m:      aggregate_fit: parameters are clipped by value: 5.0000.
[92mINFO [0m:      aggregate_fit: parameters are clipped by value: 5.0000.
[92mINFO [0m:      aggregate_fit: parameters are clipped by value: 5.0000.
[92mINFO [0m:      aggregate_fit: parameters are clipped by value: 5.0000.
[92mINFO [0m:      aggregate_fit: parameters are clipped by value: 5.0000.
[92mINFO [0m:      aggregate_fit: parameters are clipped by value: 5.0000.
[92mINFO [0m:      aggregate_fit: parameters are clipped by value: 5.0000.
[92mINFO [0m:      aggregate_fit: parameters are clipped by value: 5.0000.
[92mINFO [0m:      aggregate_fit: parameters are clipped by value: 5.0000.
[92mINFO [0m:      aggregate_train: Received 16 results and 0 failures
[92mINFO [0m:      aggregate_train: metric-aware noise with 0.011000 stdev added
[92mINFO [0m:      	└──> Aggregated MetricRecord: {'train_loss': 0.06880483010657439, 'train_loss_mean': 0.1990939482692989, 'client-ids': [0, 1, 2, 3, 4, 5, 6, 7, 8, 9, 10, 11, 12, 13, 14, 15], 'per-client-num-examples': [1223, 1082, 1364, 517, 1435, 1505, 940, 870, 1152, 447, 729, 1294, 1012, 659, 800, 376], 'per-client-train_loss': [0.07921590934753515, 0.057527571654914705, 0.04045904931664205, 0.05016944238941259, 0.05191989633472124, 0.11327194696001436, 0.107749799448759, 0.07018962099548728, 0.06601222469988796, 0.02852936077371273, 0.06399189812400786, 0.09370059640919776, 0.040963598125772514, 0.06766689080343623, 0.06369792364537716, 0.049617835419609194], 'per-client-train_loss_mean': [0.20115649640279915, 0.19486505591178008, 0.17289052066226596, 0.2505054564912384, 0.18056178319225744, 0.1926392587625841, 0.2162034844305921, 0.19201808045222155, 0.18282517534680665, 0.2074655382100168, 0.19253225230160892, 0.19718752592755986, 0.18304055368476232, 0.25212073300107296, 0.2237896096110344, 0.2559840119741065], 'dp-client-ids': [0, 1, 2, 3, 4, 5, 6, 7, 8, 9, 10, 11, 12, 13, 14, 15], 'dp-update-norms-before-clipping': [5.407401496666664, 4.605553462136114, 4.968098200473659, 3.6706337793574226, 5.165010390569861, 5.76259443867333, 4.753426576518976, 4.441757116811648, 5.086428610984153, 3.448001374100376, 4.254752706712549, 5.357212729857914, 4.652923856249581, 4.0009864064675575, 4.299847739791128, 3.3091067301728225], 'dp-client-clipped': [1, 0, 0, 0, 1, 1, 0, 0, 1, 0, 0, 1, 0, 0, 0, 0], 'dp-num-clients-clipped': 5, 'dp-fraction-clipped': 0.3125, 'metric-dp-pairwise-distances': [1.0165439805326362, 1.0516829250069957, 0.9491708219284192, 1.0788670597830787, 1.1363237915405382, 1.0320482250923912, 0.9964193392079324, 1.0646866983734071, 0.9337845953026166, 0.9879225360928103, 1.1002263612269114, 1.021732428188746, 0.9777489216066897, 0.9928939521778375, 0.9224666431546211, 0.9793796589365229, 0.8585671947803348, 0.9891029088369881, 1.0669998961190383, 0.9492930630998065, 0.9216267043957487, 0.9851523096052309, 0.8355121144947285, 0.9051297390445446, 1.0193596702301875, 0.9436868863995187, 0.8829673167783767, 0.9153775450928757, 0.8339262713755792, 0.891582778984836, 1.0244793167027335, 1.0957731721767534, 0.9993249129814407, 0.9708617811168855, 1.0261570868703227, 0.8800932702918848, 0.9433633987015734, 1.0609358313959092, 0.9713971993575493, 0.9231194628713032, 0.9487909127880508, 0.8819196587816501, 0.9270477688405663, 0.9956761976936832, 0.8669152399525046, 0.8407950376470884, 0.9095623884350061, 0.7315985420524763, 0.8207190695684403, 0.9446156535996124, 0.8630586506333202, 0.7886206868570298, 0.8156130131101236, 0.7224038684313806, 1.1088862688435863, 1.0107119971265395, 0.9789915999087194, 1.047858811643285, 0.8969346595307192, 0.9591800963195661, 1.0671762035926804, 0.9984926851466298, 0.9378986992718031, 0.9659748193419849, 0.8950276283236841, 1.065488141650955, 1.0477080470106255, 1.1109524202377845, 0.9792794636838759, 1.0358110786570858, 1.1272671885478, 1.0569310924426343, 1.012366194316807, 1.0313236472041656, 0.9630108126827205, 0.9354983774634699, 1.0070223552174866, 0.8672300839486221, 0.9129330951254815, 1.0347083588906874, 0.9608422922901809, 0.9069885060501596, 0.9295702420640737, 0.8336754920892417, 0.9831137189563984, 0.8223448126033569, 0.8815952168467144, 1.001641468416589, 0.9336826478053505, 0.8733444369863719, 0.8959767185539628, 0.805693213789103, 0.9068274361391863, 0.9585505078915352, 1.0564649264463999, 0.9859875094455978, 0.934582338668406, 0.964322795586971, 0.8933352064341307, 0.7883306213188916, 0.9241774179196606, 0.8426417147663111, 0.7657129785511643, 0.795579346032658, 0.6790336026072813, 0.9849098457489163, 0.9120085288304836, 0.8435190760840973, 0.8667403735065212, 0.7735919549595565, 1.0324324653483927, 0.972922915359959, 0.987600066854308, 0.9270610811654478, 0.88737698046801, 0.922359432792291, 0.8434679332422093, 0.8452579639852047, 0.7539911711743722, 0.7894155893591233], 'metric-dp-pairwise-client-i': [0, 0, 0, 0, 0, 0, 0, 0, 0, 0, 0, 0, 0, 0, 0, 1, 1, 1, 1, 1, 1, 1, 1, 1, 1, 1, 1, 1, 1, 2, 2, 2, 2, 2, 2, 2, 2, 2, 2, 2, 2, 2, 3, 3, 3, 3, 3, 3, 3, 3, 3, 3, 3, 3, 4, 4, 4, 4, 4, 4, 4, 4, 4, 4, 4, 5, 5, 5, 5, 5, 5, 5, 5, 5, 5, 6, 6, 6, 6, 6, 6, 6, 6, 6, 7, 7, 7, 7, 7, 7, 7, 7, 8, 8, 8, 8, 8, 8, 8, 9, 9, 9, 9, 9, 9, 10, 10, 10, 10, 10, 11, 11, 11, 11, 12, 12, 12, 13, 13, 14], 'metric-dp-pairwise-client-j': [1, 2, 3, 4, 5, 6, 7, 8, 9, 10, 11, 12, 13, 14, 15, 2, 3, 4, 5, 6, 7, 8, 9, 10, 11, 12, 13, 14, 15, 3, 4, 5, 6, 7, 8, 9, 10, 11, 12, 13, 14, 15, 4, 5, 6, 7, 8, 9, 10, 11, 12, 13, 14, 15, 5, 6, 7, 8, 9, 10, 11, 12, 13, 14, 15, 6, 7, 8, 9, 10, 11, 12, 13, 14, 15, 7, 8, 9, 10, 11, 12, 13, 14, 15, 8, 9, 10, 11, 12, 13, 14, 15, 9, 10, 11, 12, 13, 14, 15, 10, 11, 12, 13, 14, 15, 11, 12, 13, 14, 15, 12, 13, 14, 15, 13, 14, 15, 14, 15, 15], 'metric-dp-distance-min': 0.6790336026072813, 'metric-dp-distance-median': 0.9441512699995656, 'metric-dp-distance-mean': 0.9409529902626268, 'metric-dp-distance': 1.1363237915405382, 'dp-signal-update-norm': 1.3147157100145177, 'dp-parameter-count': 226596, 'dp-expected-noise-l2-norm': 5.236414694072629, 'dp-noise-to-signal-ratio': 3.9829254752077206, 'dp-noise-percent-of-signal': 398.2925475207721, 'metric-dp-noise-stdv': 0.011000385711411962}
[92mINFO [0m:      configure_evaluate: Sampled 16 nodes (out of 16)
[36m(ClientAppActor pid=18170)[0m /usr/lib/python3.12/multiprocessing/popen_fork.py:66: DeprecationWarning: This process (pid=18170) is multi-threaded, use of fork() may lead to deadlocks in the child.[32m [repeated 16x across cluster][0m
[36m(ClientAppActor pid=18170)[0m   self.pid = os.fork()[32m [repeated 16x across cluster][0m
[92mINFO [0m:      aggregate_evaluate: Received 16 results and 0 failures
[92mINFO [0m:      	└──> Aggregated MetricRecord: {'eval_loss': 0.6641808373650893, 'eval_acc': 0.8015544041450777, 'client-ids': [0, 1, 2, 3, 4, 5, 6, 7, 8, 9, 10, 11, 12, 13, 14, 15], 'per-client-eval_acc': [0.803921568627451, 0.8265682656826568, 0.7748538011695907, 0.8153846153846154, 0.8217270194986073, 0.7877984084880637, 0.788135593220339, 0.8073394495412844, 0.7889273356401384, 0.7142857142857143, 0.8087431693989071, 0.8148148148148148, 0.8142292490118577, 0.8303030303030303, 0.83, 0.7368421052631579], 'per-client-eval_loss': [0.7342740975174249, 0.537254634378581, 0.6727742479558576, 0.6373768054522001, 0.6293404976264015, 0.7298622510793671, 0.707009592298734, 0.6051537542168154, 0.7702847219565335, 0.8782988275800433, 0.5322078902864716, 0.639095076808223, 0.6476041318870815, 0.6218008677164714, 0.5221303570270538, 0.8876591933401008], 'per-client-num-examples': [306, 271, 342, 130, 359, 377, 236, 218, 289, 112, 183, 324, 253, 165, 200, 95]}
[92mINFO [0m:      Global evaluation
[92mINFO [0m:      	└──> MetricRecord: {'loss': 0.6714085342884064, 'accuracy': 0.802, 'f1': 0.8025897040692598, 'precision': 0.8050847351732652, 'auc': 0.9535106666666665}
[92mINFO [0m:      
[92mINFO [0m:      [ROUND 17/20]
[92mINFO [0m:      configure_train: Sampled 16 nodes (out of 16)
[92mINFO [0m:      aggregate_train: maximum pairwise model distance: 1.091475
[92mINFO [0m:      aggregate_train: Received 16 results and 0 failures
[92mINFO [0m:      aggregate_fit: parameters are clipped by value: 5.0000.
[92mINFO [0m:      aggregate_fit: parameters are clipped by value: 5.0000.
[92mINFO [0m:      aggregate_fit: parameters are clipped by value: 5.0000.
[92mINFO [0m:      aggregate_fit: parameters are clipped by value: 5.0000.
[92mINFO [0m:      aggregate_fit: parameters are clipped by value: 5.0000.
[92mINFO [0m:      aggregate_fit: parameters are clipped by value: 5.0000.
[92mINFO [0m:      aggregate_fit: parameters are clipped by value: 5.0000.
[92mINFO [0m:      aggregate_fit: parameters are clipped by value: 5.0000.
[92mINFO [0m:      aggregate_fit: parameters are clipped by value: 5.0000.
[92mINFO [0m:      aggregate_fit: parameters are clipped by value: 5.0000.
[92mINFO [0m:      aggregate_fit: parameters are clipped by value: 5.0000.
[92mINFO [0m:      aggregate_fit: parameters are clipped by value: 5.0000.
[92mINFO [0m:      aggregate_fit: parameters are clipped by value: 5.0000.
[92mINFO [0m:      aggregate_fit: parameters are clipped by value: 5.0000.
[92mINFO [0m:      aggregate_fit: parameters are clipped by value: 5.0000.
[92mINFO [0m:      aggregate_fit: parameters are clipped by value: 5.0000.
[92mINFO [0m:      aggregate_train: Received 16 results and 0 failures
[92mINFO [0m:      aggregate_train: metric-aware noise with 0.011452 stdev added
[92mINFO [0m:      	└──> Aggregated MetricRecord: {'train_loss': 0.05291637781042731, 'train_loss_mean': 0.18082304569081117, 'client-ids': [0, 1, 2, 3, 4, 5, 6, 7, 8, 9, 10, 11, 12, 13, 14, 15], 'per-client-num-examples': [1223, 1082, 1364, 517, 1435, 1505, 940, 870, 1152, 447, 729, 1294, 1012, 659, 800, 376], 'per-client-train_loss': [0.042725507966497836, 0.04938823295939652, 0.06689119839336166, 0.050961403849911185, 0.05904489272510964, 0.05029019633860349, 0.06591653004288674, 0.05385769982447569, 0.05151002403969566, 0.04319211920635812, 0.04032475062338086, 0.05947914606153136, 0.035326518560115525, 0.05343845776071679, 0.06489444274455308, 0.039291952122399144], 'per-client-train_loss_mean': [0.1826924800339748, 0.19804387672248255, 0.16876931399587664, 0.23725935166316175, 0.14203413887721736, 0.15616649308859176, 0.18199186186999716, 0.17084077572011142, 0.1614313663345658, 0.23783023194045297, 0.19124750551475092, 0.17150074438677043, 0.17300447373993313, 0.2452815936790703, 0.2079119696393609, 0.2121641218820785], 'dp-client-ids': [0, 1, 2, 3, 4, 5, 6, 7, 8, 9, 10, 11, 12, 13, 14, 15], 'dp-update-norms-before-clipping': [5.2253353948421415, 4.590185698521202, 5.192466437904876, 3.799490156911357, 5.24921326006444, 5.454307103763209, 4.807527622818825, 4.393642153348551, 4.912207613877399, 3.3683707749286507, 3.9352670210420424, 5.132158143392169, 4.5500710205306465, 4.098989394326142, 4.551903755526974, 3.391183740111525], 'dp-client-clipped': [1, 0, 1, 0, 1, 1, 0, 0, 0, 0, 0, 1, 0, 0, 0, 0], 'dp-num-clients-clipped': 5, 'dp-fraction-clipped': 0.3125, 'metric-dp-pairwise-distances': [0.9940144806945076, 1.0575966296019033, 0.941125302342698, 1.0614779995909582, 1.0792877999289583, 1.0160274367857103, 0.9817434441453466, 1.0279381311265752, 0.9071880507593354, 0.9478419941539565, 1.0621580312338967, 0.9942330720368773, 0.962767100892961, 0.9852476328766594, 0.9143516682088375, 1.0006197094917297, 0.8629112473378578, 0.9928908347113369, 1.0336194621243824, 0.9515938674254963, 0.911509693445017, 0.9613719953534504, 0.8204546770624196, 0.8761649222578853, 0.9937150420931479, 0.9358497579426815, 0.8851555378641933, 0.9259664834244177, 0.8323871061826745, 0.9314214217010885, 1.0658185427309945, 1.0914747673862923, 1.0192621576134115, 0.993513893491278, 1.0230933064982917, 0.9032343579068159, 0.9392329878949871, 1.0580200857948512, 0.989079658058472, 0.9578755919355899, 0.9935400191461667, 0.9156731667656762, 0.9442301969975233, 0.9740760197164491, 0.8820941786592206, 0.8429241423727944, 0.9063837327994406, 0.735519677012538, 0.7979410314777245, 0.9280754302162677, 0.8635824040975422, 0.8078343789093196, 0.8531805988556395, 0.7411370214928562, 1.0895088139222935, 1.0206684542742248, 0.9795130597194657, 1.0347929490574945, 0.9103144168620929, 0.9492400042169417, 1.058301525733744, 0.997729395981878, 0.9624889328454932, 0.996776110609062, 0.9116643225230897, 1.0422257567212607, 1.0028890423709527, 1.0620686275263627, 0.9396035515431626, 0.9763698451376209, 1.0730189223152895, 1.0209347661584616, 0.9835160126288732, 1.023299760185182, 0.9356957558775321, 0.9483749590969334, 1.0087595098496724, 0.8669777601414049, 0.8902935921990623, 1.016893178767835, 0.9542583208143091, 0.9199741859920323, 0.9562204569034899, 0.852470448318248, 0.9565648374458154, 0.8081012231996283, 0.8440765741591653, 0.9735359889067089, 0.9116928807537382, 0.8709780989835659, 0.9164628009311855, 0.8111817210058992, 0.8675198707496747, 0.9114424446597695, 1.0177561875413328, 0.9650703660057237, 0.920456757536158, 0.9674860417144373, 0.8712792449320356, 0.7467402489855886, 0.8887374495776991, 0.8281288871464009, 0.770660604039828, 0.8187702424669018, 0.6794735050061718, 0.9360958069252471, 0.8708634190261364, 0.8177651125006378, 0.8707938316899041, 0.7533733136175821, 0.9947701786489537, 0.957288879280289, 0.9861174856002132, 0.9064899290290972, 0.8874160806493213, 0.9348017778635646, 0.8334470960156372, 0.8729053535498679, 0.7759239687584341, 0.8225270522137483], 'metric-dp-pairwise-client-i': [0, 0, 0, 0, 0, 0, 0, 0, 0, 0, 0, 0, 0, 0, 0, 1, 1, 1, 1, 1, 1, 1, 1, 1, 1, 1, 1, 1, 1, 2, 2, 2, 2, 2, 2, 2, 2, 2, 2, 2, 2, 2, 3, 3, 3, 3, 3, 3, 3, 3, 3, 3, 3, 3, 4, 4, 4, 4, 4, 4, 4, 4, 4, 4, 4, 5, 5, 5, 5, 5, 5, 5, 5, 5, 5, 6, 6, 6, 6, 6, 6, 6, 6, 6, 7, 7, 7, 7, 7, 7, 7, 7, 8, 8, 8, 8, 8, 8, 8, 9, 9, 9, 9, 9, 9, 10, 10, 10, 10, 10, 11, 11, 11, 11, 12, 12, 12, 13, 13, 14], 'metric-dp-pairwise-client-j': [1, 2, 3, 4, 5, 6, 7, 8, 9, 10, 11, 12, 13, 14, 15, 2, 3, 4, 5, 6, 7, 8, 9, 10, 11, 12, 13, 14, 15, 3, 4, 5, 6, 7, 8, 9, 10, 11, 12, 13, 14, 15, 4, 5, 6, 7, 8, 9, 10, 11, 12, 13, 14, 15, 5, 6, 7, 8, 9, 10, 11, 12, 13, 14, 15, 6, 7, 8, 9, 10, 11, 12, 13, 14, 15, 7, 8, 9, 10, 11, 12, 13, 14, 15, 8, 9, 10, 11, 12, 13, 14, 15, 9, 10, 11, 12, 13, 14, 15, 10, 11, 12, 13, 14, 15, 11, 12, 13, 14, 15, 12, 13, 14, 15, 13, 14, 15, 14, 15, 15], 'metric-dp-distance-min': 0.6794735050061718, 'metric-dp-distance-median': 0.9403644269429303, 'metric-dp-distance-mean': 0.9335580465003053, 'metric-dp-distance': 1.0914747673862923, 'dp-signal-update-norm': 1.3196519880828554, 'dp-parameter-count': 226596, 'dp-expected-noise-l2-norm': 5.451580537675675, 'dp-noise-to-signal-ratio': 4.131074394542111, 'dp-noise-percent-of-signal': 413.10743945421115, 'metric-dp-noise-stdv': 0.011452394845492592}
[92mINFO [0m:      configure_evaluate: Sampled 16 nodes (out of 16)
[36m(ClientAppActor pid=18159)[0m /usr/lib/python3.12/multiprocessing/popen_fork.py:66: DeprecationWarning: This process (pid=18159) is multi-threaded, use of fork() may lead to deadlocks in the child.[32m [repeated 16x across cluster][0m
[36m(ClientAppActor pid=18159)[0m   self.pid = os.fork()[32m [repeated 16x across cluster][0m
[92mINFO [0m:      aggregate_evaluate: Received 16 results and 0 failures
[92mINFO [0m:      	└──> Aggregated MetricRecord: {'eval_loss': 0.739435274319945, 'eval_acc': 0.7981865284974092, 'client-ids': [0, 1, 2, 3, 4, 5, 6, 7, 8, 9, 10, 11, 12, 13, 14, 15], 'per-client-eval_acc': [0.7777777777777778, 0.8154981549815498, 0.7748538011695907, 0.8153846153846154, 0.7883008356545961, 0.7877984084880637, 0.8050847457627118, 0.8119266055045872, 0.7993079584775087, 0.7142857142857143, 0.8087431693989071, 0.7993827160493827, 0.8379446640316206, 0.8424242424242424, 0.805, 0.7789473684210526], 'per-client-eval_loss': [0.8136783020169127, 0.5882028600826474, 0.7372917152984798, 0.7740784700100238, 0.7152106730386739, 0.8137150797350653, 0.7555933625011121, 0.6826537585039751, 0.8742821909564589, 1.0694081102098738, 0.6574841952714764, 0.6779650464470004, 0.6848190744874977, 0.6634479118115975, 0.6130745315551758, 0.8906663593493009], 'per-client-num-examples': [306, 271, 342, 130, 359, 377, 236, 218, 289, 112, 183, 324, 253, 165, 200, 95]}
[92mINFO [0m:      Global evaluation
[92mINFO [0m:      	└──> MetricRecord: {'loss': 0.7232650992870331, 'accuracy': 0.8, 'f1': 0.8008370464767081, 'precision': 0.8039971616494437, 'auc': 0.9525200416666668}
[92mINFO [0m:      
[92mINFO [0m:      [ROUND 18/20]
[92mINFO [0m:      configure_train: Sampled 16 nodes (out of 16)
[92mINFO [0m:      aggregate_train: maximum pairwise model distance: 1.049748
[92mINFO [0m:      aggregate_train: Received 16 results and 0 failures
[92mINFO [0m:      aggregate_fit: parameters are clipped by value: 5.0000.
[92mINFO [0m:      aggregate_fit: parameters are clipped by value: 5.0000.
[92mINFO [0m:      aggregate_fit: parameters are clipped by value: 5.0000.
[92mINFO [0m:      aggregate_fit: parameters are clipped by value: 5.0000.
[92mINFO [0m:      aggregate_fit: parameters are clipped by value: 5.0000.
[92mINFO [0m:      aggregate_fit: parameters are clipped by value: 5.0000.
[92mINFO [0m:      aggregate_fit: parameters are clipped by value: 5.0000.
[92mINFO [0m:      aggregate_fit: parameters are clipped by value: 5.0000.
[92mINFO [0m:      aggregate_fit: parameters are clipped by value: 5.0000.
[92mINFO [0m:      aggregate_fit: parameters are clipped by value: 5.0000.
[92mINFO [0m:      aggregate_fit: parameters are clipped by value: 5.0000.
[92mINFO [0m:      aggregate_fit: parameters are clipped by value: 5.0000.
[92mINFO [0m:      aggregate_fit: parameters are clipped by value: 5.0000.
[92mINFO [0m:      aggregate_fit: parameters are clipped by value: 5.0000.
[92mINFO [0m:      aggregate_fit: parameters are clipped by value: 5.0000.
[92mINFO [0m:      aggregate_fit: parameters are clipped by value: 5.0000.
[92mINFO [0m:      aggregate_train: Received 16 results and 0 failures
[92mINFO [0m:      aggregate_train: metric-aware noise with 0.011908 stdev added
[92mINFO [0m:      	└──> Aggregated MetricRecord: {'train_loss': 0.05163467814674295, 'train_loss_mean': 0.17066512069650322, 'client-ids': [0, 1, 2, 3, 4, 5, 6, 7, 8, 9, 10, 11, 12, 13, 14, 15], 'per-client-num-examples': [1223, 1082, 1364, 517, 1435, 1505, 940, 870, 1152, 447, 729, 1294, 1012, 659, 800, 376], 'per-client-train_loss': [0.05590360705494783, 0.06097302913610684, 0.02146858020065642, 0.06059175744162768, 0.08528032003794812, 0.024769619146850812, 0.13140586405358415, 0.041525220716821735, 0.04785175757974179, 0.029470718770977566, 0.029108271347703756, 0.05134704923098893, 0.03829554061261797, 0.05789298414675256, 0.046510409545153376, 0.029520416949340638], 'per-client-train_loss_mean': [0.166655254700295, 0.15792920890637777, 0.14040547767954487, 0.2923585880915247, 0.13254654733249951, 0.14661111316525408, 0.18699989430447844, 0.18933353898276029, 0.14914197638604998, 0.2417507325890797, 0.18321619598943592, 0.1585036465541173, 0.16162142565937734, 0.2052489789053006, 0.2015322005562484, 0.21753367501846016], 'dp-client-ids': [0, 1, 2, 3, 4, 5, 6, 7, 8, 9, 10, 11, 12, 13, 14, 15], 'dp-update-norms-before-clipping': [5.047593501355547, 4.849157726222909, 4.660482815093595, 3.542419678384075, 5.121922245938798, 5.25958911569528, 4.780730860643037, 4.409461913797204, 4.859130887025253, 3.333484489674781, 3.9274120700407553, 5.021339433335434, 4.46092639548541, 3.9534557774103454, 4.146983256170762, 3.305143165302851], 'dp-client-clipped': [1, 0, 0, 0, 1, 1, 0, 0, 0, 0, 0, 1, 0, 0, 0, 0], 'dp-num-clients-clipped': 4, 'dp-fraction-clipped': 0.25, 'metric-dp-pairwise-distances': [1.011007754675423, 0.9828342615316311, 0.8896443991300961, 1.0393644912789266, 1.0398890273451495, 0.9918687643560892, 0.9623705627163872, 1.013498098628285, 0.8807484513769547, 0.9365391386672854, 1.0270496791927144, 0.9603165443792628, 0.9318736859131604, 0.9488784058097129, 0.8821887129064029, 0.9706351174972951, 0.8804676455135146, 1.0166491117173184, 1.0374133246174704, 0.9801889368488143, 0.9407496530717859, 0.991729210751752, 0.8567976750588665, 0.8999805663091441, 1.0055595954569678, 0.9524186910906186, 0.9011070392637824, 0.9244822718513509, 0.8575412484351546, 0.8433570802832643, 0.9957474035521349, 1.0057189008997132, 0.9619426778517663, 0.9229556765252104, 0.9603718633297831, 0.8353750486858189, 0.8899971977807581, 0.9828778588368247, 0.9148857574133823, 0.8801990151405334, 0.8964115205065658, 0.8406787671459218, 0.9092713142357146, 0.9202996344926456, 0.8535577825775059, 0.8122130055950644, 0.8720693887056162, 0.6994251927826554, 0.7710379484730462, 0.8809741321213854, 0.8271462603394563, 0.7634619293967262, 0.7833932280773297, 0.7027473516063765, 1.0497480579651892, 1.003189619242524, 0.9702972289330015, 1.0242748536014308, 0.8853949677431956, 0.9362028091369817, 1.037697727015863, 0.977224233870705, 0.9328513618869086, 0.9475710803332428, 0.8925416759060075, 1.0241158985688041, 0.9818927049636841, 1.0367722280789167, 0.9046222300967202, 0.9467001404458036, 1.0372599593441312, 0.9843856109073386, 0.9453448303975165, 0.9650251578229169, 0.9066279131220654, 0.9323790924002727, 0.9902514201045657, 0.8458105459188422, 0.8851950319949538, 0.9923195926821791, 0.9469200458067158, 0.8954187702232351, 0.9107003084306294, 0.8376958329075327, 0.9485060158961763, 0.8030326495645568, 0.8502068927822014, 0.9519113367811466, 0.8970519662834704, 0.8586784667374255, 0.8706426930924257, 0.7972847491425151, 0.8630236932076514, 0.9070079727098346, 0.9952267267896483, 0.9528555065238228, 0.9027453884482384, 0.9261437060777098, 0.8536892896906162, 0.742468059140568, 0.8684371718360732, 0.8062729592590282, 0.7488096413823465, 0.7705465883482248, 0.6765229095860074, 0.9151613618402431, 0.8615072482886413, 0.7998698775966963, 0.8286423187237233, 0.739223005870978, 0.9728401685133576, 0.9230245467430601, 0.9382355463070174, 0.8737398558490289, 0.8529718200831363, 0.8815218691403667, 0.8136344214581186, 0.8217741801248243, 0.7534896406189849, 0.7712774341149876], 'metric-dp-pairwise-client-i': [0, 0, 0, 0, 0, 0, 0, 0, 0, 0, 0, 0, 0, 0, 0, 1, 1, 1, 1, 1, 1, 1, 1, 1, 1, 1, 1, 1, 1, 2, 2, 2, 2, 2, 2, 2, 2, 2, 2, 2, 2, 2, 3, 3, 3, 3, 3, 3, 3, 3, 3, 3, 3, 3, 4, 4, 4, 4, 4, 4, 4, 4, 4, 4, 4, 5, 5, 5, 5, 5, 5, 5, 5, 5, 5, 6, 6, 6, 6, 6, 6, 6, 6, 6, 7, 7, 7, 7, 7, 7, 7, 7, 8, 8, 8, 8, 8, 8, 8, 9, 9, 9, 9, 9, 9, 10, 10, 10, 10, 10, 11, 11, 11, 11, 12, 12, 12, 13, 13, 14], 'metric-dp-pairwise-client-j': [1, 2, 3, 4, 5, 6, 7, 8, 9, 10, 11, 12, 13, 14, 15, 2, 3, 4, 5, 6, 7, 8, 9, 10, 11, 12, 13, 14, 15, 3, 4, 5, 6, 7, 8, 9, 10, 11, 12, 13, 14, 15, 4, 5, 6, 7, 8, 9, 10, 11, 12, 13, 14, 15, 5, 6, 7, 8, 9, 10, 11, 12, 13, 14, 15, 6, 7, 8, 9, 10, 11, 12, 13, 14, 15, 7, 8, 9, 10, 11, 12, 13, 14, 15, 8, 9, 10, 11, 12, 13, 14, 15, 9, 10, 11, 12, 13, 14, 15, 10, 11, 12, 13, 14, 15, 11, 12, 13, 14, 15, 12, 13, 14, 15, 13, 14, 15, 14, 15, 15], 'metric-dp-distance-min': 0.6765229095860074, 'metric-dp-distance-median': 0.909985811333172, 'metric-dp-distance-mean': 0.9067026384179271, 'metric-dp-distance': 1.0497480579651892, 'dp-signal-update-norm': 1.2847760473924486, 'dp-parameter-count': 226596, 'dp-expected-noise-l2-norm': 5.668276834711242, 'dp-noise-to-signal-ratio': 4.411879289169069, 'dp-noise-percent-of-signal': 441.18792891690686, 'metric-dp-noise-stdv': 0.011907619075980718}
[92mINFO [0m:      configure_evaluate: Sampled 16 nodes (out of 16)
[36m(ClientAppActor pid=18168)[0m /usr/lib/python3.12/multiprocessing/popen_fork.py:66: DeprecationWarning: This process (pid=18168) is multi-threaded, use of fork() may lead to deadlocks in the child.[32m [repeated 16x across cluster][0m
[36m(ClientAppActor pid=18168)[0m   self.pid = os.fork()[32m [repeated 16x across cluster][0m
[92mINFO [0m:      aggregate_evaluate: Received 16 results and 0 failures
[92mINFO [0m:      	└──> Aggregated MetricRecord: {'eval_loss': 0.713786142854107, 'eval_acc': 0.8077720207253886, 'client-ids': [0, 1, 2, 3, 4, 5, 6, 7, 8, 9, 10, 11, 12, 13, 14, 15], 'per-client-eval_acc': [0.7941176470588235, 0.8228782287822878, 0.804093567251462, 0.8384615384615385, 0.8161559888579387, 0.8010610079575596, 0.7966101694915254, 0.8486238532110092, 0.7820069204152249, 0.7053571428571429, 0.825136612021858, 0.8055555555555556, 0.8300395256916996, 0.8121212121212121, 0.835, 0.7578947368421053], 'per-client-eval_loss': [0.7147150070838679, 0.5591244046538518, 0.7200538707755463, 0.672219546024616, 0.6718036829595114, 0.7676864745446162, 0.7797631328388795, 0.5805174560721861, 0.8378439057605489, 1.0293256895882743, 0.6217014489929533, 0.7242979017304786, 0.712118627525601, 0.6529914942654697, 0.6217856478691101, 0.9688191865619861], 'per-client-num-examples': [306, 271, 342, 130, 359, 377, 236, 218, 289, 112, 183, 324, 253, 165, 200, 95]}
[92mINFO [0m:      Global evaluation
[92mINFO [0m:      	└──> MetricRecord: {'loss': 0.7316560988426208, 'accuracy': 0.8085, 'f1': 0.8082237806246697, 'precision': 0.8114691351834681, 'auc': 0.9522180833333334}
[92mINFO [0m:      
[92mINFO [0m:      [ROUND 19/20]
[92mINFO [0m:      configure_train: Sampled 16 nodes (out of 16)
[92mINFO [0m:      aggregate_train: maximum pairwise model distance: 1.113450
[92mINFO [0m:      aggregate_train: Received 16 results and 0 failures
[92mINFO [0m:      aggregate_fit: parameters are clipped by value: 5.0000.
[92mINFO [0m:      aggregate_fit: parameters are clipped by value: 5.0000.
[92mINFO [0m:      aggregate_fit: parameters are clipped by value: 5.0000.
[92mINFO [0m:      aggregate_fit: parameters are clipped by value: 5.0000.
[92mINFO [0m:      aggregate_fit: parameters are clipped by value: 5.0000.
[92mINFO [0m:      aggregate_fit: parameters are clipped by value: 5.0000.
[92mINFO [0m:      aggregate_fit: parameters are clipped by value: 5.0000.
[92mINFO [0m:      aggregate_fit: parameters are clipped by value: 5.0000.
[92mINFO [0m:      aggregate_fit: parameters are clipped by value: 5.0000.
[92mINFO [0m:      aggregate_fit: parameters are clipped by value: 5.0000.
[92mINFO [0m:      aggregate_fit: parameters are clipped by value: 5.0000.
[92mINFO [0m:      aggregate_fit: parameters are clipped by value: 5.0000.
[92mINFO [0m:      aggregate_fit: parameters are clipped by value: 5.0000.
[92mINFO [0m:      aggregate_fit: parameters are clipped by value: 5.0000.
[92mINFO [0m:      aggregate_fit: parameters are clipped by value: 5.0000.
[92mINFO [0m:      aggregate_fit: parameters are clipped by value: 5.0000.
[92mINFO [0m:      aggregate_train: Received 16 results and 0 failures
[92mINFO [0m:      aggregate_train: metric-aware noise with 0.011226 stdev added
[92mINFO [0m:      	└──> Aggregated MetricRecord: {'train_loss': 0.060570818586271585, 'train_loss_mean': 0.15986028926872453, 'client-ids': [0, 1, 2, 3, 4, 5, 6, 7, 8, 9, 10, 11, 12, 13, 14, 15], 'per-client-num-examples': [1223, 1082, 1364, 517, 1435, 1505, 940, 870, 1152, 447, 729, 1294, 1012, 659, 800, 376], 'per-client-train_loss': [0.09979624696569372, 0.024971289919988836, 0.07669327506396778, 0.03782819534383527, 0.06256989960652819, 0.08854461293234382, 0.033908791158427584, 0.060699503669273056, 0.05846187317123016, 0.030879285578226348, 0.022787287864522353, 0.0670225926699373, 0.07887708802114833, 0.055168319182620246, 0.050726834051311016, 0.02892377966658232], 'per-client-train_loss_mean': [0.15389663180578517, 0.1380513291561532, 0.14244315562239926, 0.24889737220942196, 0.12311714958308673, 0.14201085235951377, 0.1456963568164947, 0.1654828884944135, 0.14260670064120656, 0.23842521074084227, 0.17603154863411016, 0.1439268619762057, 0.16041415842625464, 0.21973057569136026, 0.19138688386976718, 0.22629167365029135], 'dp-client-ids': [0, 1, 2, 3, 4, 5, 6, 7, 8, 9, 10, 11, 12, 13, 14, 15], 'dp-update-norms-before-clipping': [5.273194228394461, 4.146608628957978, 4.968937117858487, 3.602599170276069, 5.06774772511471, 5.613241732212631, 4.4030085607096066, 4.165095450288938, 4.726767448861556, 3.3069788304403236, 4.043765284982626, 5.225929580454862, 4.4960470968406465, 3.991447353057578, 4.128401007136208, 3.3938872412869947], 'dp-client-clipped': [1, 0, 0, 0, 1, 1, 0, 0, 0, 0, 0, 1, 0, 0, 0, 0], 'dp-num-clients-clipped': 4, 'dp-fraction-clipped': 0.25, 'metric-dp-pairwise-distances': [0.9721974194981158, 1.042835524616142, 0.9287741551330934, 1.059500803084423, 1.113449660440286, 0.9846623647026718, 0.9654523672070354, 1.0226573230853926, 0.9071481141727418, 0.9693266349689414, 1.0758628487819806, 1.0007383424284246, 0.9601717162877321, 0.9770253747701645, 0.9301222764964526, 0.9342704878654331, 0.8035822385766854, 0.9494708144726852, 1.0123072656958054, 0.8719513699567566, 0.8560215313918889, 0.9029088168560216, 0.7820024063500265, 0.8424847676263502, 0.9669419162285825, 0.8875055213769277, 0.834992259934855, 0.8500876286998391, 0.7898312491209557, 0.8830684502609074, 1.0231862744937341, 1.084527351660654, 0.9557714191420624, 0.9340000518908104, 0.9899994608325263, 0.8691096194864562, 0.9192000850259016, 1.0416615159095575, 0.9542605116730556, 0.9160431824857369, 0.9279662364472946, 0.8900082769299237, 0.901664946305876, 0.9716876223683357, 0.8239600629700968, 0.7975289152236655, 0.8614976879131669, 0.7044004639610648, 0.7859494383446872, 0.9134918742929585, 0.8366299647411021, 0.7687225980528941, 0.7882997766137123, 0.7189121658254104, 1.0975470418731372, 0.9787337999635687, 0.9413311077902714, 1.0067938145560522, 0.8785511035627375, 0.9326950030323738, 1.0459284510773916, 0.9833910157127926, 0.9304813792308172, 0.9411362343622992, 0.8948935305234045, 1.0345883577441175, 1.0073214856286843, 1.0574631835334003, 0.9536285602953285, 0.999073066515848, 1.1041165652374427, 1.040292057984819, 0.9897217996573696, 1.0102895912714303, 0.962627334597831, 0.8804906578540491, 0.9267037082463503, 0.8020791780048361, 0.8580807576266428, 0.9803856439733257, 0.9095296886904786, 0.8624997933705648, 0.8675249551112453, 0.8070105101990824, 0.9104030659267058, 0.7771082623609497, 0.8283347302737335, 0.9629094589424009, 0.8885620168487852, 0.8326734306756407, 0.8488963801258554, 0.7911035396779577, 0.8437388185799742, 0.8984156361936281, 1.0087750107437994, 0.9335644535021856, 0.8887584175293645, 0.906078964471817, 0.8548209937289357, 0.7530219057419648, 0.888084172581633, 0.8127354846801609, 0.7439494909873853, 0.7576567554303134, 0.6882329646420354, 0.9556705344778796, 0.8799601447147628, 0.8094215202921381, 0.8205601366547247, 0.7576655665567765, 0.9989725197859419, 0.9490277733032902, 0.9585909991680334, 0.9123635619180277, 0.8770270511352768, 0.8846731661663702, 0.8211452294296274, 0.8213368923558543, 0.7627248907616982, 0.7765729889118423], 'metric-dp-pairwise-client-i': [0, 0, 0, 0, 0, 0, 0, 0, 0, 0, 0, 0, 0, 0, 0, 1, 1, 1, 1, 1, 1, 1, 1, 1, 1, 1, 1, 1, 1, 2, 2, 2, 2, 2, 2, 2, 2, 2, 2, 2, 2, 2, 3, 3, 3, 3, 3, 3, 3, 3, 3, 3, 3, 3, 4, 4, 4, 4, 4, 4, 4, 4, 4, 4, 4, 5, 5, 5, 5, 5, 5, 5, 5, 5, 5, 6, 6, 6, 6, 6, 6, 6, 6, 6, 7, 7, 7, 7, 7, 7, 7, 7, 8, 8, 8, 8, 8, 8, 8, 9, 9, 9, 9, 9, 9, 10, 10, 10, 10, 10, 11, 11, 11, 11, 12, 12, 12, 13, 13, 14], 'metric-dp-pairwise-client-j': [1, 2, 3, 4, 5, 6, 7, 8, 9, 10, 11, 12, 13, 14, 15, 2, 3, 4, 5, 6, 7, 8, 9, 10, 11, 12, 13, 14, 15, 3, 4, 5, 6, 7, 8, 9, 10, 11, 12, 13, 14, 15, 4, 5, 6, 7, 8, 9, 10, 11, 12, 13, 14, 15, 5, 6, 7, 8, 9, 10, 11, 12, 13, 14, 15, 6, 7, 8, 9, 10, 11, 12, 13, 14, 15, 7, 8, 9, 10, 11, 12, 13, 14, 15, 8, 9, 10, 11, 12, 13, 14, 15, 9, 10, 11, 12, 13, 14, 15, 10, 11, 12, 13, 14, 15, 11, 12, 13, 14, 15, 12, 13, 14, 15, 13, 14, 15, 14, 15, 15], 'metric-dp-distance-min': 0.6882329646420354, 'metric-dp-distance-median': 0.9099663773085922, 'metric-dp-distance-mean': 0.9078689788265264, 'metric-dp-distance': 1.113449660440286, 'dp-signal-update-norm': 1.2653619907009435, 'dp-parameter-count': 226596, 'dp-expected-noise-l2-norm': 5.343988875881747, 'dp-noise-to-signal-ratio': 4.22328860448974, 'dp-noise-percent-of-signal': 422.328860448974, 'metric-dp-noise-stdv': 0.011226371917934025}
[92mINFO [0m:      configure_evaluate: Sampled 16 nodes (out of 16)
[36m(ClientAppActor pid=18164)[0m /usr/lib/python3.12/multiprocessing/popen_fork.py:66: DeprecationWarning: This process (pid=18164) is multi-threaded, use of fork() may lead to deadlocks in the child.[32m [repeated 16x across cluster][0m
[36m(ClientAppActor pid=18164)[0m   self.pid = os.fork()[32m [repeated 16x across cluster][0m
[92mINFO [0m:      aggregate_evaluate: Received 16 results and 0 failures
[92mINFO [0m:      	└──> Aggregated MetricRecord: {'eval_loss': 0.716376470401883, 'eval_acc': 0.8031088082901553, 'client-ids': [0, 1, 2, 3, 4, 5, 6, 7, 8, 9, 10, 11, 12, 13, 14, 15], 'per-client-eval_acc': [0.7777777777777778, 0.8265682656826568, 0.8011695906432749, 0.8153846153846154, 0.807799442896936, 0.7931034482758621, 0.8347457627118644, 0.8348623853211009, 0.7889273356401384, 0.75, 0.8087431693989071, 0.7962962962962963, 0.8102766798418972, 0.806060606060606, 0.81, 0.7578947368421053], 'per-client-eval_loss': [0.8300644089193905, 0.5170612124059473, 0.6657210149263081, 0.6561325201621422, 0.6987691994829098, 0.7726097562268811, 0.7551886954550016, 0.6548015590107769, 0.7674815983972335, 0.852005055972508, 0.6325009742069766, 0.7240257116011631, 0.7379645547376791, 0.6904906099492853, 0.6485725653171539, 1.022142289814196], 'per-client-num-examples': [306, 271, 342, 130, 359, 377, 236, 218, 289, 112, 183, 324, 253, 165, 200, 95]}
[92mINFO [0m:      Global evaluation
[92mINFO [0m:      	└──> MetricRecord: {'loss': 0.7130302393436432, 'accuracy': 0.804, 'f1': 0.8023565132261484, 'precision': 0.8035538222794719, 'auc': 0.9530567083333333}
[92mINFO [0m:      
[92mINFO [0m:      [ROUND 20/20]
[92mINFO [0m:      configure_train: Sampled 16 nodes (out of 16)
[92mINFO [0m:      aggregate_train: maximum pairwise model distance: 1.110726
[92mINFO [0m:      aggregate_train: Received 16 results and 0 failures
[92mINFO [0m:      aggregate_fit: parameters are clipped by value: 5.0000.
[92mINFO [0m:      aggregate_fit: parameters are clipped by value: 5.0000.
[92mINFO [0m:      aggregate_fit: parameters are clipped by value: 5.0000.
[92mINFO [0m:      aggregate_fit: parameters are clipped by value: 5.0000.
[92mINFO [0m:      aggregate_fit: parameters are clipped by value: 5.0000.
[92mINFO [0m:      aggregate_fit: parameters are clipped by value: 5.0000.
[92mINFO [0m:      aggregate_fit: parameters are clipped by value: 5.0000.
[92mINFO [0m:      aggregate_fit: parameters are clipped by value: 5.0000.
[92mINFO [0m:      aggregate_fit: parameters are clipped by value: 5.0000.
[92mINFO [0m:      aggregate_fit: parameters are clipped by value: 5.0000.
[92mINFO [0m:      aggregate_fit: parameters are clipped by value: 5.0000.
[92mINFO [0m:      aggregate_fit: parameters are clipped by value: 5.0000.
[92mINFO [0m:      aggregate_fit: parameters are clipped by value: 5.0000.
[92mINFO [0m:      aggregate_fit: parameters are clipped by value: 5.0000.
[92mINFO [0m:      aggregate_fit: parameters are clipped by value: 5.0000.
[92mINFO [0m:      aggregate_fit: parameters are clipped by value: 5.0000.
[92mINFO [0m:      aggregate_train: Received 16 results and 0 failures
[92mINFO [0m:      aggregate_train: metric-aware noise with 0.011254 stdev added
[92mINFO [0m:      	└──> Aggregated MetricRecord: {'train_loss': 0.047388710232036835, 'train_loss_mean': 0.15584530551978001, 'client-ids': [0, 1, 2, 3, 4, 5, 6, 7, 8, 9, 10, 11, 12, 13, 14, 15], 'per-client-num-examples': [1223, 1082, 1364, 517, 1435, 1505, 940, 870, 1152, 447, 729, 1294, 1012, 659, 800, 376], 'per-client-train_loss': [0.05514780440229164, 0.02636091128446148, 0.05952125584537333, 0.0564071947215143, 0.06749995541255856, 0.04495771863278113, 0.03739901704991117, 0.05870998689219698, 0.059751077205874026, 0.024842511391646376, 0.03638046184127999, 0.060984676623921354, 0.028479351235089802, 0.03004842393993427, 0.03733845930546522, 0.0241531289004265], 'per-client-train_loss_mean': [0.16319963091703396, 0.144041873855506, 0.13527068965726935, 0.2682225254304866, 0.121792897638907, 0.14124753250355254, 0.1551853574907526, 0.15027415509434716, 0.13744502732556105, 0.2126954377364259, 0.16698073611884737, 0.14292353122830506, 0.1368667791314099, 0.19554077118284696, 0.1758001053035259, 0.2396620809714845], 'dp-client-ids': [0, 1, 2, 3, 4, 5, 6, 7, 8, 9, 10, 11, 12, 13, 14, 15], 'dp-update-norms-before-clipping': [4.882071605371804, 4.584158159380386, 4.853627354337126, 3.7031299187430955, 5.2522728432119745, 5.562200577271084, 4.3410413368280905, 4.364220428012423, 4.534309140014174, 3.3690541227929383, 3.936001427379835, 5.106742343740131, 4.451694465768217, 3.931299280900455, 3.9751357596550587, 3.299295664419693], 'dp-client-clipped': [0, 0, 0, 0, 1, 1, 0, 0, 0, 0, 0, 1, 0, 0, 0, 0], 'dp-num-clients-clipped': 3, 'dp-fraction-clipped': 0.1875, 'metric-dp-pairwise-distances': [0.9599780979721496, 0.9825434983164693, 0.8740123812458478, 1.0437238395679742, 1.0649789506181453, 0.9308199571678415, 0.934486917569302, 0.9587400776799768, 0.8570017088980725, 0.9041685482564693, 1.0197411069336038, 0.9342358558787964, 0.897936838446185, 0.899136831634678, 0.8525197009633606, 0.9660544653112689, 0.8562608770250032, 1.0058792422836025, 1.0463834246620536, 0.9052056941436604, 0.9149024659612527, 0.9252907988460114, 0.8294611029171696, 0.8734802042599767, 0.9847820076781014, 0.9176763463765383, 0.8646468586909274, 0.870114232879132, 0.8238884589324394, 0.8806833668689554, 1.0414148337052513, 1.0759556103342522, 0.9408718833389381, 0.9402537213172764, 0.9559859612879033, 0.8640393087019523, 0.8992110959564646, 1.0200387743922572, 0.9454298028334355, 0.9059969695905844, 0.9040649743595471, 0.8691281545519208, 0.9367438370051483, 0.975036710073861, 0.8164653373726954, 0.8230003729695454, 0.8439565317239612, 0.7285834151164939, 0.786052618913042, 0.9116700409601132, 0.8385648901263872, 0.7759680344412724, 0.7804006488683323, 0.713263496135672, 1.110725666085879, 0.9820096200176825, 0.9904350459886094, 1.0108861399348825, 0.9122143549223741, 0.951172947883606, 1.05504089469711, 0.9951671559829265, 0.9498380987594525, 0.9512440559143821, 0.9139602053910494, 1.017677223290472, 1.0118066824506968, 1.0360026284276198, 0.9458632844810685, 0.9825684788326422, 1.079825454313929, 1.0226956392483164, 0.9831714501682048, 0.987453565428344, 0.9429692048967505, 0.8797956391160066, 0.9042085749873271, 0.8027130075109502, 0.8400356254229943, 0.9635048285514737, 0.8896338963337863, 0.8476071322026352, 0.8425193531438708, 0.7801809426164255, 0.9123311946168542, 0.8029813227088501, 0.8431874848902225, 0.964494094485417, 0.9039888102949286, 0.8458645356586203, 0.853070777685692, 0.7956500065435345, 0.8205455047233651, 0.8604506891376028, 0.9787095113812635, 0.9135320021305233, 0.8612671799492091, 0.8658731937563667, 0.8093710184718171, 0.7450216799819221, 0.8878425215370953, 0.8146755021298304, 0.7522471419069916, 0.7512892190134153, 0.6795355197585499, 0.9323454419306169, 0.8583824865830442, 0.802357386254395, 0.7999536338805532, 0.7417936615335444, 0.9786170647324374, 0.9363024898339063, 0.932087188314957, 0.8910115805532163, 0.8554877319838852, 0.8650436300473908, 0.8025182374888876, 0.8020609822124243, 0.744649748550728, 0.7437751979935759], 'metric-dp-pairwise-client-i': [0, 0, 0, 0, 0, 0, 0, 0, 0, 0, 0, 0, 0, 0, 0, 1, 1, 1, 1, 1, 1, 1, 1, 1, 1, 1, 1, 1, 1, 2, 2, 2, 2, 2, 2, 2, 2, 2, 2, 2, 2, 2, 3, 3, 3, 3, 3, 3, 3, 3, 3, 3, 3, 3, 4, 4, 4, 4, 4, 4, 4, 4, 4, 4, 4, 5, 5, 5, 5, 5, 5, 5, 5, 5, 5, 6, 6, 6, 6, 6, 6, 6, 6, 6, 7, 7, 7, 7, 7, 7, 7, 7, 8, 8, 8, 8, 8, 8, 8, 9, 9, 9, 9, 9, 9, 10, 10, 10, 10, 10, 11, 11, 11, 11, 12, 12, 12, 13, 13, 14], 'metric-dp-pairwise-client-j': [1, 2, 3, 4, 5, 6, 7, 8, 9, 10, 11, 12, 13, 14, 15, 2, 3, 4, 5, 6, 7, 8, 9, 10, 11, 12, 13, 14, 15, 3, 4, 5, 6, 7, 8, 9, 10, 11, 12, 13, 14, 15, 4, 5, 6, 7, 8, 9, 10, 11, 12, 13, 14, 15, 5, 6, 7, 8, 9, 10, 11, 12, 13, 14, 15, 6, 7, 8, 9, 10, 11, 12, 13, 14, 15, 7, 8, 9, 10, 11, 12, 13, 14, 15, 8, 9, 10, 11, 12, 13, 14, 15, 9, 10, 11, 12, 13, 14, 15, 10, 11, 12, 13, 14, 15, 11, 12, 13, 14, 15, 12, 13, 14, 15, 13, 14, 15, 14, 15, 15], 'metric-dp-distance-min': 0.6795355197585499, 'metric-dp-distance-median': 0.9041167613080082, 'metric-dp-distance-mean': 0.9000172754309864, 'metric-dp-distance': 1.110725666085879, 'dp-signal-update-norm': 1.2625098345402042, 'dp-parameter-count': 226596, 'dp-expected-noise-l2-norm': 5.3570947182804485, 'dp-noise-to-signal-ratio': 4.24321028772933, 'dp-noise-percent-of-signal': 424.32102877293295, 'metric-dp-noise-stdv': 0.011253903985174972}
[92mINFO [0m:      configure_evaluate: Sampled 16 nodes (out of 16)
[36m(ClientAppActor pid=18159)[0m /usr/lib/python3.12/multiprocessing/popen_fork.py:66: DeprecationWarning: This process (pid=18159) is multi-threaded, use of fork() may lead to deadlocks in the child.[32m [repeated 16x across cluster][0m
[36m(ClientAppActor pid=18159)[0m   self.pid = os.fork()[32m [repeated 16x across cluster][0m
[92mINFO [0m:      aggregate_evaluate: Received 16 results and 0 failures
[92mINFO [0m:      	└──> Aggregated MetricRecord: {'eval_loss': 0.7185031682040561, 'eval_acc': 0.8054404145077722, 'client-ids': [0, 1, 2, 3, 4, 5, 6, 7, 8, 9, 10, 11, 12, 13, 14, 15], 'per-client-eval_acc': [0.7973856209150327, 0.7896678966789668, 0.8099415204678363, 0.823076923076923, 0.807799442896936, 0.7984084880636605, 0.8050847457627118, 0.8348623853211009, 0.7993079584775087, 0.7232142857142857, 0.8087431693989071, 0.808641975308642, 0.83399209486166, 0.8242424242424242, 0.815, 0.7578947368421053], 'per-client-eval_loss': [0.7862838530072979, 0.5740858373606776, 0.7187957122311954, 0.701701991374676, 0.7097471138893063, 0.7532339146662138, 0.758847601332907, 0.6972003836150563, 0.7853697954216218, 1.0064952884401595, 0.6395561395447111, 0.6869101583221813, 0.6819624391940271, 0.6616108403061376, 0.6005990099906922, 0.9392368718197471], 'per-client-num-examples': [306, 271, 342, 130, 359, 377, 236, 218, 289, 112, 183, 324, 253, 165, 200, 95]}
[92mINFO [0m:      Global evaluation
[92mINFO [0m:      	└──> MetricRecord: {'loss': 0.6943786358833313, 'accuracy': 0.8145, 'f1': 0.8147313057217466, 'precision': 0.8151215332590286, 'auc': 0.9560043333333335}
[92mINFO [0m:      
[92mINFO [0m:      Strategy execution finished in 311.27s
[92mINFO [0m:      
[92mINFO [0m:      Final results:
[92mINFO [0m:      
[92mINFO [0m:      	Global Arrays:
[92mINFO [0m:      		ArrayRecord (0.866 MB)
[92mINFO [0m:      	
[92mINFO [0m:      	Aggregated ClientApp-side Train Metrics:
[92mINFO [0m:      	{ 1: { 'client-ids': "['0', '1', '2', '3', '4', '5', '6', '7', '8', '9', '10', "
[92mINFO [0m:      	                     "'11', '12', '13', '14', '15']",
[92mINFO [0m:      	       'dp-client-clipped': "['1', '1', '1', '0', '1', '1', '0', '1', '1', "
[92mINFO [0m:      	                            "'0', '0', '1', '1', '0', '0', '0']",
[92mINFO [0m:      	       'dp-client-ids': "['0', '1', '2', '3', '4', '5', '6', '7', '8', '9', "
[92mINFO [0m:      	                        "'10', '11', '12', '13', '14', '15']",
[92mINFO [0m:      	       'dp-expected-noise-l2-norm': '4.3656e+00',
[92mINFO [0m:      	       'dp-fraction-clipped': '5.6250e-01',
[92mINFO [0m:      	       'dp-noise-percent-of-signal': '2.0691e+02',
[92mINFO [0m:      	       'dp-noise-to-signal-ratio': '2.0691e+00',
[92mINFO [0m:      	       'dp-num-clients-clipped': '9',
[92mINFO [0m:      	       'dp-parameter-count': '226596',
[92mINFO [0m:      	       'dp-signal-update-norm': '2.1099e+00',
[92mINFO [0m:      	       'dp-update-norms-before-clipping': "['5.5427e+00', '5.1165e+00', "
[92mINFO [0m:      	                                          "'6.3281e+00', '4.0078e+00', "
[92mINFO [0m:      	                                          "'6.0371e+00', '5.8333e+00', "
[92mINFO [0m:      	                                          "'4.6685e+00', '5.0943e+00', "
[92mINFO [0m:      	                                          "'6.0500e+00', '3.9396e+00', "
[92mINFO [0m:      	                                          "'4.8583e+00', '6.0180e+00', "
[92mINFO [0m:      	                                          "'5.3216e+00', '4.1942e+00', "
[92mINFO [0m:      	                                          "'4.4425e+00', '3.2493e+00']",
[92mINFO [0m:      	       'metric-dp-distance': '1.3630e+00',
[92mINFO [0m:      	       'metric-dp-distance-mean': '1.1009e+00',
[92mINFO [0m:      	       'metric-dp-distance-median': '1.1151e+00',
[92mINFO [0m:      	       'metric-dp-distance-min': '7.6039e-01',
[92mINFO [0m:      	       'metric-dp-noise-stdv': '9.1710e-03',
[92mINFO [0m:      	       'metric-dp-pairwise-client-i': "['0', '0', '0', '0', '0', '0', '0', "
[92mINFO [0m:      	                                      "'0', '0', '0', '0', '0', '0', '0', '0', "
[92mINFO [0m:      	                                      "'1', '1', '1', '1', '1', '1', '1', '1', "
[92mINFO [0m:      	                                      "'1', '1', '1', '1', '1', '1', '2', '2', "
[92mINFO [0m:      	                                      "'2', '2', '2', '2', '2', '2', '2', '2', "
[92mINFO [0m:      	                                      "'2', '2', '2', '3', '3', '3', '3', '3', "
[92mINFO [0m:      	                                      "'3', '3', '3', '3', '3', '3', '3', '4', "
[92mINFO [0m:      	                                      "'4', '4', '4', '4', '4', '4', '4', '4', "
[92mINFO [0m:      	                                      "'4', '4', '5', '5', '5', '5', '5', '5', "
[92mINFO [0m:      	                                      "'5', '5', '5', '5', '6', '6', '6', '6', "
[92mINFO [0m:      	                                      "'6', '6', '6', '6', '6', '7', '7', '7', "
[92mINFO [0m:      	                                      "'7', '7', '7', '7', '7', '8', '8', '8', "
[92mINFO [0m:      	                                      "'8', '8', '8', '8', '9', '9', '9', '9', "
[92mINFO [0m:      	                                      "'9', '9', '10', '10', '10', '10', '10', "
[92mINFO [0m:      	                                      "'11', '11', '11', '11', '12', '12', "
[92mINFO [0m:      	                                      "'12', '13', '13', '14']",
[92mINFO [0m:      	       'metric-dp-pairwise-client-j': "['1', '2', '3', '4', '5', '6', '7', "
[92mINFO [0m:      	                                      "'8', '9', '10', '11', '12', '13', '14', "
[92mINFO [0m:      	                                      "'15', '2', '3', '4', '5', '6', '7', "
[92mINFO [0m:      	                                      "'8', '9', '10', '11', '12', '13', '14', "
[92mINFO [0m:      	                                      "'15', '3', '4', '5', '6', '7', '8', "
[92mINFO [0m:      	                                      "'9', '10', '11', '12', '13', '14', "
[92mINFO [0m:      	                                      "'15', '4', '5', '6', '7', '8', '9', "
[92mINFO [0m:      	                                      "'10', '11', '12', '13', '14', '15', "
[92mINFO [0m:      	                                      "'5', '6', '7', '8', '9', '10', '11', "
[92mINFO [0m:      	                                      "'12', '13', '14', '15', '6', '7', '8', "
[92mINFO [0m:      	                                      "'9', '10', '11', '12', '13', '14', "
[92mINFO [0m:      	                                      "'15', '7', '8', '9', '10', '11', '12', "
[92mINFO [0m:      	                                      "'13', '14', '15', '8', '9', '10', '11', "
[92mINFO [0m:      	                                      "'12', '13', '14', '15', '9', '10', "
[92mINFO [0m:      	                                      "'11', '12', '13', '14', '15', '10', "
[92mINFO [0m:      	                                      "'11', '12', '13', '14', '15', '11', "
[92mINFO [0m:      	                                      "'12', '13', '14', '15', '12', '13', "
[92mINFO [0m:      	                                      "'14', '15', '13', '14', '15', '14', "
[92mINFO [0m:      	                                      "'15', '15']",
[92mINFO [0m:      	       'metric-dp-pairwise-distances': "['1.1460e+00', '1.3032e+00', "
[92mINFO [0m:      	                                       "'1.0520e+00', '1.2388e+00', "
[92mINFO [0m:      	                                       "'1.2107e+00', '1.1331e+00', "
[92mINFO [0m:      	                                       "'1.1364e+00', '1.2250e+00', "
[92mINFO [0m:      	                                       "'1.0482e+00', '1.1180e+00', "
[92mINFO [0m:      	                                       "'1.3284e+00', '1.1777e+00', "
[92mINFO [0m:      	                                       "'1.0984e+00', '1.0564e+00', "
[92mINFO [0m:      	                                       "'9.5102e-01', '1.2630e+00', "
[92mINFO [0m:      	                                       "'1.0181e+00', '1.2364e+00', "
[92mINFO [0m:      	                                       "'1.1840e+00', '1.0948e+00', "
[92mINFO [0m:      	                                       "'1.1261e+00', '1.2071e+00', "
[92mINFO [0m:      	                                       "'1.0349e+00', '1.0730e+00', "
[92mINFO [0m:      	                                       "'1.2375e+00', '1.1557e+00', "
[92mINFO [0m:      	                                       "'1.0508e+00', '1.0352e+00', "
[92mINFO [0m:      	                                       "'9.2215e-01', '1.1636e+00', "
[92mINFO [0m:      	                                       "'1.3226e+00', '1.2598e+00', "
[92mINFO [0m:      	                                       "'1.2033e+00', '1.2623e+00', "
[92mINFO [0m:      	                                       "'1.3289e+00', '1.0839e+00', "
[92mINFO [0m:      	                                       "'1.1557e+00', '1.3327e+00', "
[92mINFO [0m:      	                                       "'1.2641e+00', '1.1647e+00', "
[92mINFO [0m:      	                                       "'1.2044e+00', '1.1316e+00', "
[92mINFO [0m:      	                                       "'1.1009e+00', '1.0833e+00', "
[92mINFO [0m:      	                                       "'9.6266e-01', '1.0042e+00', "
[92mINFO [0m:      	                                       "'1.0877e+00', '8.6579e-01', "
[92mINFO [0m:      	                                       "'9.3436e-01', '1.1785e+00', "
[92mINFO [0m:      	                                       "'1.0151e+00', '9.1498e-01', "
[92mINFO [0m:      	                                       "'9.0161e-01', '7.6377e-01', "
[92mINFO [0m:      	                                       "'1.2081e+00', '1.2195e+00', "
[92mINFO [0m:      	                                       "'1.1876e+00', '1.2790e+00', "
[92mINFO [0m:      	                                       "'1.1042e+00', '1.1671e+00', "
[92mINFO [0m:      	                                       "'1.3630e+00', '1.2325e+00', "
[92mINFO [0m:      	                                       "'1.1801e+00', '1.1001e+00', "
[92mINFO [0m:      	                                       "'1.0515e+00', '1.1499e+00', "
[92mINFO [0m:      	                                       "'1.1808e+00', '1.2462e+00', "
[92mINFO [0m:      	                                       "'1.0946e+00', '1.1240e+00', "
[92mINFO [0m:      	                                       "'1.2996e+00', '1.1881e+00', "
[92mINFO [0m:      	                                       "'1.1168e+00', '1.0512e+00', "
[92mINFO [0m:      	                                       "'1.0100e+00', '1.0478e+00', "
[92mINFO [0m:      	                                       "'1.1758e+00', '9.0110e-01', "
[92mINFO [0m:      	                                       "'1.0440e+00', '1.1726e+00', "
[92mINFO [0m:      	                                       "'1.1423e+00', '9.6488e-01', "
[92mINFO [0m:      	                                       "'9.9001e-01', '8.6680e-01', "
[92mINFO [0m:      	                                       "'1.1786e+00', '9.5347e-01', "
[92mINFO [0m:      	                                       "'1.0412e+00', '1.2410e+00', "
[92mINFO [0m:      	                                       "'1.1287e+00', '1.0466e+00', "
[92mINFO [0m:      	                                       "'1.0128e+00', '8.7687e-01', "
[92mINFO [0m:      	                                       "'1.1135e+00', '1.1404e+00', "
[92mINFO [0m:      	                                       "'1.3303e+00', '1.2344e+00', "
[92mINFO [0m:      	                                       "'1.1754e+00', '1.1049e+00', "
[92mINFO [0m:      	                                       "'1.0244e+00', '8.8532e-01', "
[92mINFO [0m:      	                                       "'1.1290e+00', '1.0288e+00', "
[92mINFO [0m:      	                                       "'8.5404e-01', '8.8635e-01', "
[92mINFO [0m:      	                                       "'7.6039e-01', '1.2430e+00', "
[92mINFO [0m:      	                                       "'1.0924e+00', '9.9174e-01', "
[92mINFO [0m:      	                                       "'9.5206e-01', '8.7057e-01', "
[92mINFO [0m:      	                                       "'1.2838e+00', '1.1550e+00', "
[92mINFO [0m:      	                                       "'1.1946e+00', '1.1047e+00', "
[92mINFO [0m:      	                                       "'1.0604e+00', '1.0706e+00', "
[92mINFO [0m:      	                                       "'9.4351e-01', '9.5522e-01', "
[92mINFO [0m:      	                                       "'8.4798e-01', '7.8703e-01']",
[92mINFO [0m:      	       'per-client-num-examples': "['1223', '1082', '1364', '517', '1435', "
[92mINFO [0m:      	                                  "'1505', '940', '870', '1152', '447', '729', "
[92mINFO [0m:      	                                  "'1294', '1012', '659', '800', '376']",
[92mINFO [0m:      	       'per-client-train_loss': "['1.1711e+00', '1.1692e+00', '1.0219e+00', "
[92mINFO [0m:      	                                "'1.2344e+00', '1.0135e+00', '9.8964e-01', "
[92mINFO [0m:      	                                "'1.2108e+00', '1.1112e+00', '1.0522e+00', "
[92mINFO [0m:      	                                "'1.2572e+00', '1.0642e+00', '9.9963e-01', "
[92mINFO [0m:      	                                "'1.1001e+00', '1.2573e+00', '1.1642e+00', "
[92mINFO [0m:      	                                "'1.3085e+00']",
[92mINFO [0m:      	       'per-client-train_loss_mean': "['1.2811e+00', '1.2755e+00', "
[92mINFO [0m:      	                                     "'1.1799e+00', '1.3297e+00', "
[92mINFO [0m:      	                                     "'1.1936e+00', '1.1557e+00', "
[92mINFO [0m:      	                                     "'1.2980e+00', '1.2499e+00', "
[92mINFO [0m:      	                                     "'1.1995e+00', '1.3466e+00', "
[92mINFO [0m:      	                                     "'1.2392e+00', '1.1987e+00', "
[92mINFO [0m:      	                                     "'1.2672e+00', '1.3337e+00', "
[92mINFO [0m:      	                                     "'1.2581e+00', '1.3527e+00']",
[92mINFO [0m:      	       'train_loss': '1.1027e+00',
[92mINFO [0m:      	       'train_loss_mean': '1.2410e+00'},
[92mINFO [0m:      	  2: { 'client-ids': "['0', '1', '2', '3', '4', '5', '6', '7', '8', '9', '10', "
[92mINFO [0m:      	                     "'11', '12', '13', '14', '15']",
[92mINFO [0m:      	       'dp-client-clipped': "['1', '1', '1', '0', '1', '1', '1', '0', '1', "
[92mINFO [0m:      	                            "'0', '0', '1', '1', '0', '0', '0']",
[92mINFO [0m:      	       'dp-client-ids': "['0', '1', '2', '3', '4', '5', '6', '7', '8', '9', "
[92mINFO [0m:      	                        "'10', '11', '12', '13', '14', '15']",
[92mINFO [0m:      	       'dp-expected-noise-l2-norm': '5.7582e+00',
[92mINFO [0m:      	       'dp-fraction-clipped': '5.6250e-01',
[92mINFO [0m:      	       'dp-noise-percent-of-signal': '1.6027e+02',
[92mINFO [0m:      	       'dp-noise-to-signal-ratio': '1.6027e+00',
[92mINFO [0m:      	       'dp-num-clients-clipped': '9',
[92mINFO [0m:      	       'dp-parameter-count': '226596',
[92mINFO [0m:      	       'dp-signal-update-norm': '3.5927e+00',
[92mINFO [0m:      	       'dp-update-norms-before-clipping': "['5.9919e+00', '5.2864e+00', "
[92mINFO [0m:      	                                          "'6.4704e+00', '3.9047e+00', "
[92mINFO [0m:      	                                          "'6.9516e+00', '6.8714e+00', "
[92mINFO [0m:      	                                          "'5.2556e+00', '4.9173e+00', "
[92mINFO [0m:      	                                          "'5.6020e+00', '3.7310e+00', "
[92mINFO [0m:      	                                          "'4.5423e+00', '6.0145e+00', "
[92mINFO [0m:      	                                          "'5.0339e+00', '4.8462e+00', "
[92mINFO [0m:      	                                          "'4.9250e+00', '3.4457e+00']",
[92mINFO [0m:      	       'metric-dp-distance': '1.0334e+00',
[92mINFO [0m:      	       'metric-dp-distance-mean': '8.0391e-01',
[92mINFO [0m:      	       'metric-dp-distance-median': '8.2120e-01',
[92mINFO [0m:      	       'metric-dp-distance-min': '5.2203e-01',
[92mINFO [0m:      	       'metric-dp-noise-stdv': '1.2097e-02',
[92mINFO [0m:      	       'metric-dp-pairwise-client-i': "['0', '0', '0', '0', '0', '0', '0', "
[92mINFO [0m:      	                                      "'0', '0', '0', '0', '0', '0', '0', '0', "
[92mINFO [0m:      	                                      "'1', '1', '1', '1', '1', '1', '1', '1', "
[92mINFO [0m:      	                                      "'1', '1', '1', '1', '1', '1', '2', '2', "
[92mINFO [0m:      	                                      "'2', '2', '2', '2', '2', '2', '2', '2', "
[92mINFO [0m:      	                                      "'2', '2', '2', '3', '3', '3', '3', '3', "
[92mINFO [0m:      	                                      "'3', '3', '3', '3', '3', '3', '3', '4', "
[92mINFO [0m:      	                                      "'4', '4', '4', '4', '4', '4', '4', '4', "
[92mINFO [0m:      	                                      "'4', '4', '5', '5', '5', '5', '5', '5', "
[92mINFO [0m:      	                                      "'5', '5', '5', '5', '6', '6', '6', '6', "
[92mINFO [0m:      	                                      "'6', '6', '6', '6', '6', '7', '7', '7', "
[92mINFO [0m:      	                                      "'7', '7', '7', '7', '7', '8', '8', '8', "
[92mINFO [0m:      	                                      "'8', '8', '8', '8', '9', '9', '9', '9', "
[92mINFO [0m:      	                                      "'9', '9', '10', '10', '10', '10', '10', "
[92mINFO [0m:      	                                      "'11', '11', '11', '11', '12', '12', "
[92mINFO [0m:      	                                      "'12', '13', '13', '14']",
[92mINFO [0m:      	       'metric-dp-pairwise-client-j': "['1', '2', '3', '4', '5', '6', '7', "
[92mINFO [0m:      	                                      "'8', '9', '10', '11', '12', '13', '14', "
[92mINFO [0m:      	                                      "'15', '2', '3', '4', '5', '6', '7', "
[92mINFO [0m:      	                                      "'8', '9', '10', '11', '12', '13', '14', "
[92mINFO [0m:      	                                      "'15', '3', '4', '5', '6', '7', '8', "
[92mINFO [0m:      	                                      "'9', '10', '11', '12', '13', '14', "
[92mINFO [0m:      	                                      "'15', '4', '5', '6', '7', '8', '9', "
[92mINFO [0m:      	                                      "'10', '11', '12', '13', '14', '15', "
[92mINFO [0m:      	                                      "'5', '6', '7', '8', '9', '10', '11', "
[92mINFO [0m:      	                                      "'12', '13', '14', '15', '6', '7', '8', "
[92mINFO [0m:      	                                      "'9', '10', '11', '12', '13', '14', "
[92mINFO [0m:      	                                      "'15', '7', '8', '9', '10', '11', '12', "
[92mINFO [0m:      	                                      "'13', '14', '15', '8', '9', '10', '11', "
[92mINFO [0m:      	                                      "'12', '13', '14', '15', '9', '10', "
[92mINFO [0m:      	                                      "'11', '12', '13', '14', '15', '10', "
[92mINFO [0m:      	                                      "'11', '12', '13', '14', '15', '11', "
[92mINFO [0m:      	                                      "'12', '13', '14', '15', '12', '13', "
[92mINFO [0m:      	                                      "'14', '15', '13', '14', '15', '14', "
[92mINFO [0m:      	                                      "'15', '15']",
[92mINFO [0m:      	       'metric-dp-pairwise-distances': "['8.2078e-01', '9.5233e-01', "
[92mINFO [0m:      	                                       "'8.2396e-01', '9.8798e-01', "
[92mINFO [0m:      	                                       "'9.4533e-01', '8.5632e-01', "
[92mINFO [0m:      	                                       "'8.2162e-01', '8.4678e-01', "
[92mINFO [0m:      	                                       "'8.2499e-01', '8.3152e-01', "
[92mINFO [0m:      	                                       "'9.2695e-01', '8.2404e-01', "
[92mINFO [0m:      	                                       "'8.2290e-01', '8.4116e-01', "
[92mINFO [0m:      	                                       "'8.1555e-01', '8.6190e-01', "
[92mINFO [0m:      	                                       "'7.0782e-01', '9.4819e-01', "
[92mINFO [0m:      	                                       "'9.1481e-01', '7.3405e-01', "
[92mINFO [0m:      	                                       "'7.0342e-01', '7.6379e-01', "
[92mINFO [0m:      	                                       "'7.0171e-01', '6.6463e-01', "
[92mINFO [0m:      	                                       "'8.2164e-01', '7.5617e-01', "
[92mINFO [0m:      	                                       "'7.1117e-01', '7.1025e-01', "
[92mINFO [0m:      	                                       "'6.9250e-01', '8.9688e-01', "
[92mINFO [0m:      	                                       "'1.0334e+00', '1.0068e+00', "
[92mINFO [0m:      	                                       "'9.1023e-01', '8.9464e-01', "
[92mINFO [0m:      	                                       "'8.9382e-01', '8.9049e-01', "
[92mINFO [0m:      	                                       "'8.7281e-01', '9.3530e-01', "
[92mINFO [0m:      	                                       "'8.7489e-01', '8.6519e-01', "
[92mINFO [0m:      	                                       "'8.6188e-01', '8.7454e-01', "
[92mINFO [0m:      	                                       "'9.4671e-01', '9.3312e-01', "
[92mINFO [0m:      	                                       "'7.1329e-01', '6.4895e-01', "
[92mINFO [0m:      	                                       "'7.8924e-01', '5.3890e-01', "
[92mINFO [0m:      	                                       "'5.8794e-01', '8.2800e-01', "
[92mINFO [0m:      	                                       "'6.8728e-01', '6.4032e-01', "
[92mINFO [0m:      	                                       "'6.6662e-01', '5.2861e-01', "
[92mINFO [0m:      	                                       "'1.0268e+00', '9.5454e-01', "
[92mINFO [0m:      	                                       "'9.0897e-01', '9.5465e-01', "
[92mINFO [0m:      	                                       "'9.5505e-01', '9.3387e-01', "
[92mINFO [0m:      	                                       "'1.0219e+00', '9.5734e-01', "
[92mINFO [0m:      	                                       "'9.4696e-01', '9.2564e-01', "
[92mINFO [0m:      	                                       "'9.4868e-01', '9.2905e-01', "
[92mINFO [0m:      	                                       "'8.8502e-01', '9.3172e-01', "
[92mINFO [0m:      	                                       "'9.4906e-01', '9.2306e-01', "
[92mINFO [0m:      	                                       "'9.8499e-01', '9.3140e-01', "
[92mINFO [0m:      	                                       "'9.2842e-01', '9.3049e-01', "
[92mINFO [0m:      	                                       "'9.4115e-01', '7.1817e-01', "
[92mINFO [0m:      	                                       "'7.8706e-01', '7.2014e-01', "
[92mINFO [0m:      	                                       "'7.0694e-01', '8.5378e-01', "
[92mINFO [0m:      	                                       "'7.8620e-01', '6.9548e-01', "
[92mINFO [0m:      	                                       "'7.4121e-01', '6.6910e-01', "
[92mINFO [0m:      	                                       "'7.9399e-01', '6.6264e-01', "
[92mINFO [0m:      	                                       "'6.6277e-01', '8.1714e-01', "
[92mINFO [0m:      	                                       "'7.4088e-01', '6.9264e-01', "
[92mINFO [0m:      	                                       "'7.1582e-01', '6.3665e-01', "
[92mINFO [0m:      	                                       "'7.6167e-01', '7.5624e-01', "
[92mINFO [0m:      	                                       "'8.8483e-01', '8.0053e-01', "
[92mINFO [0m:      	                                       "'7.7224e-01', '7.5976e-01', "
[92mINFO [0m:      	                                       "'7.5503e-01', '6.1349e-01', "
[92mINFO [0m:      	                                       "'8.2185e-01', '6.9192e-01', "
[92mINFO [0m:      	                                       "'6.4401e-01', '6.6249e-01', "
[92mINFO [0m:      	                                       "'5.2203e-01', '7.9366e-01', "
[92mINFO [0m:      	                                       "'6.9981e-01', '6.4965e-01', "
[92mINFO [0m:      	                                       "'6.5482e-01', '5.7885e-01', "
[92mINFO [0m:      	                                       "'8.4498e-01', '8.4303e-01', "
[92mINFO [0m:      	                                       "'8.2174e-01', '8.1384e-01', "
[92mINFO [0m:      	                                       "'7.4982e-01', '7.3768e-01', "
[92mINFO [0m:      	                                       "'6.6634e-01', '7.0313e-01', "
[92mINFO [0m:      	                                       "'6.0757e-01', '6.3436e-01']",
[92mINFO [0m:      	       'per-client-num-examples': "['1223', '1082', '1364', '517', '1435', "
[92mINFO [0m:      	                                  "'1505', '940', '870', '1152', '447', '729', "
[92mINFO [0m:      	                                  "'1294', '1012', '659', '800', '376']",
[92mINFO [0m:      	       'per-client-train_loss': "['9.2574e-01', '8.8558e-01', '8.0470e-01', "
[92mINFO [0m:      	                                "'9.4696e-01', '7.9247e-01', '8.1265e-01', "
[92mINFO [0m:      	                                "'9.2057e-01', '9.2865e-01', '8.5613e-01', "
[92mINFO [0m:      	                                "'9.1865e-01', '9.0576e-01', '8.9794e-01', "
[92mINFO [0m:      	                                "'9.1667e-01', '8.7648e-01', '9.5060e-01', "
[92mINFO [0m:      	                                "'1.0759e+00']",
[92mINFO [0m:      	       'per-client-train_loss_mean': "['1.0067e+00', '9.9453e-01', "
[92mINFO [0m:      	                                     "'9.7311e-01', '1.0754e+00', "
[92mINFO [0m:      	                                     "'9.5475e-01', '9.5563e-01', "
[92mINFO [0m:      	                                     "'1.0259e+00', '1.0010e+00', "
[92mINFO [0m:      	                                     "'9.7089e-01', '1.0568e+00', "
[92mINFO [0m:      	                                     "'1.0115e+00', '9.8547e-01', "
[92mINFO [0m:      	                                     "'1.0255e+00', '1.0398e+00', "
[92mINFO [0m:      	                                     "'1.0404e+00', '1.1648e+00']",
[92mINFO [0m:      	       'train_loss': '8.8286e-01',
[92mINFO [0m:      	       'train_loss_mean': '1.0017e+00'},
[92mINFO [0m:      	  3: { 'client-ids': "['0', '1', '2', '3', '4', '5', '6', '7', '8', '9', '10', "
[92mINFO [0m:      	                     "'11', '12', '13', '14', '15']",
[92mINFO [0m:      	       'dp-client-clipped': "['1', '1', '1', '0', '1', '1', '0', '0', '1', "
[92mINFO [0m:      	                            "'0', '0', '1', '0', '0', '0', '0']",
[92mINFO [0m:      	       'dp-client-ids': "['0', '1', '2', '3', '4', '5', '6', '7', '8', '9', "
[92mINFO [0m:      	                        "'10', '11', '12', '13', '14', '15']",
[92mINFO [0m:      	       'dp-expected-noise-l2-norm': '5.9809e+00',
[92mINFO [0m:      	       'dp-fraction-clipped': '4.3750e-01',
[92mINFO [0m:      	       'dp-noise-percent-of-signal': '1.8650e+02',
[92mINFO [0m:      	       'dp-noise-to-signal-ratio': '1.8650e+00',
[92mINFO [0m:      	       'dp-num-clients-clipped': '7',
[92mINFO [0m:      	       'dp-parameter-count': '226596',
[92mINFO [0m:      	       'dp-signal-update-norm': '3.2070e+00',
[92mINFO [0m:      	       'dp-update-norms-before-clipping': "['5.8863e+00', '5.0817e+00', "
[92mINFO [0m:      	                                          "'5.6271e+00', '3.2654e+00', "
[92mINFO [0m:      	                                          "'6.2176e+00', '6.2881e+00', "
[92mINFO [0m:      	                                          "'4.5329e+00', '4.4675e+00', "
[92mINFO [0m:      	                                          "'5.1409e+00', '3.2981e+00', "
[92mINFO [0m:      	                                          "'4.1954e+00', '5.8053e+00', "
[92mINFO [0m:      	                                          "'4.7373e+00', '3.8957e+00', "
[92mINFO [0m:      	                                          "'4.5192e+00', '3.1172e+00']",
[92mINFO [0m:      	       'metric-dp-distance': '9.9488e-01',
[92mINFO [0m:      	       'metric-dp-distance-mean': '7.8580e-01',
[92mINFO [0m:      	       'metric-dp-distance-median': '8.0061e-01',
[92mINFO [0m:      	       'metric-dp-distance-min': '5.5140e-01',
[92mINFO [0m:      	       'metric-dp-noise-stdv': '1.2564e-02',
[92mINFO [0m:      	       'metric-dp-pairwise-client-i': "['0', '0', '0', '0', '0', '0', '0', "
[92mINFO [0m:      	                                      "'0', '0', '0', '0', '0', '0', '0', '0', "
[92mINFO [0m:      	                                      "'1', '1', '1', '1', '1', '1', '1', '1', "
[92mINFO [0m:      	                                      "'1', '1', '1', '1', '1', '1', '2', '2', "
[92mINFO [0m:      	                                      "'2', '2', '2', '2', '2', '2', '2', '2', "
[92mINFO [0m:      	                                      "'2', '2', '2', '3', '3', '3', '3', '3', "
[92mINFO [0m:      	                                      "'3', '3', '3', '3', '3', '3', '3', '4', "
[92mINFO [0m:      	                                      "'4', '4', '4', '4', '4', '4', '4', '4', "
[92mINFO [0m:      	                                      "'4', '4', '5', '5', '5', '5', '5', '5', "
[92mINFO [0m:      	                                      "'5', '5', '5', '5', '6', '6', '6', '6', "
[92mINFO [0m:      	                                      "'6', '6', '6', '6', '6', '7', '7', '7', "
[92mINFO [0m:      	                                      "'7', '7', '7', '7', '7', '8', '8', '8', "
[92mINFO [0m:      	                                      "'8', '8', '8', '8', '9', '9', '9', '9', "
[92mINFO [0m:      	                                      "'9', '9', '10', '10', '10', '10', '10', "
[92mINFO [0m:      	                                      "'11', '11', '11', '11', '12', '12', "
[92mINFO [0m:      	                                      "'12', '13', '13', '14']",
[92mINFO [0m:      	       'metric-dp-pairwise-client-j': "['1', '2', '3', '4', '5', '6', '7', "
[92mINFO [0m:      	                                      "'8', '9', '10', '11', '12', '13', '14', "
[92mINFO [0m:      	                                      "'15', '2', '3', '4', '5', '6', '7', "
[92mINFO [0m:      	                                      "'8', '9', '10', '11', '12', '13', '14', "
[92mINFO [0m:      	                                      "'15', '3', '4', '5', '6', '7', '8', "
[92mINFO [0m:      	                                      "'9', '10', '11', '12', '13', '14', "
[92mINFO [0m:      	                                      "'15', '4', '5', '6', '7', '8', '9', "
[92mINFO [0m:      	                                      "'10', '11', '12', '13', '14', '15', "
[92mINFO [0m:      	                                      "'5', '6', '7', '8', '9', '10', '11', "
[92mINFO [0m:      	                                      "'12', '13', '14', '15', '6', '7', '8', "
[92mINFO [0m:      	                                      "'9', '10', '11', '12', '13', '14', "
[92mINFO [0m:      	                                      "'15', '7', '8', '9', '10', '11', '12', "
[92mINFO [0m:      	                                      "'13', '14', '15', '8', '9', '10', '11', "
[92mINFO [0m:      	                                      "'12', '13', '14', '15', '9', '10', "
[92mINFO [0m:      	                                      "'11', '12', '13', '14', '15', '10', "
[92mINFO [0m:      	                                      "'11', '12', '13', '14', '15', '11', "
[92mINFO [0m:      	                                      "'12', '13', '14', '15', '12', '13', "
[92mINFO [0m:      	                                      "'14', '15', '13', '14', '15', '14', "
[92mINFO [0m:      	                                      "'15', '15']",
[92mINFO [0m:      	       'metric-dp-pairwise-distances': "['8.7705e-01', '8.9528e-01', "
[92mINFO [0m:      	                                       "'8.3826e-01', '9.3795e-01', "
[92mINFO [0m:      	                                       "'9.3317e-01', '8.2746e-01', "
[92mINFO [0m:      	                                       "'8.3781e-01', '8.5291e-01', "
[92mINFO [0m:      	                                       "'8.3738e-01', '7.9814e-01', "
[92mINFO [0m:      	                                       "'8.9156e-01', '8.6816e-01', "
[92mINFO [0m:      	                                       "'8.1053e-01', '8.3604e-01', "
[92mINFO [0m:      	                                       "'8.5203e-01', '7.9953e-01', "
[92mINFO [0m:      	                                       "'7.1069e-01', '9.0636e-01', "
[92mINFO [0m:      	                                       "'9.2578e-01', '7.3936e-01', "
[92mINFO [0m:      	                                       "'7.5593e-01', '7.7487e-01', "
[92mINFO [0m:      	                                       "'7.5293e-01', '7.3451e-01', "
[92mINFO [0m:      	                                       "'8.4168e-01', '7.9305e-01', "
[92mINFO [0m:      	                                       "'6.9491e-01', '7.4661e-01', "
[92mINFO [0m:      	                                       "'7.1743e-01', '7.7977e-01', "
[92mINFO [0m:      	                                       "'9.1933e-01', '9.4974e-01', "
[92mINFO [0m:      	                                       "'8.1345e-01', '8.2066e-01', "
[92mINFO [0m:      	                                       "'8.0638e-01', '8.0170e-01', "
[92mINFO [0m:      	                                       "'8.1962e-01', '8.8303e-01', "
[92mINFO [0m:      	                                       "'8.2205e-01', '7.6774e-01', "
[92mINFO [0m:      	                                       "'7.8959e-01', '8.1113e-01', "
[92mINFO [0m:      	                                       "'8.8404e-01', '9.0387e-01', "
[92mINFO [0m:      	                                       "'6.8746e-01', '6.5585e-01', "
[92mINFO [0m:      	                                       "'7.4516e-01', '5.6476e-01', "
[92mINFO [0m:      	                                       "'6.2588e-01', '8.3134e-01', "
[92mINFO [0m:      	                                       "'7.0550e-01', '6.0200e-01', "
[92mINFO [0m:      	                                       "'6.5403e-01', '5.5140e-01', "
[92mINFO [0m:      	                                       "'9.9488e-01', '8.5116e-01', "
[92mINFO [0m:      	                                       "'8.6186e-01', '8.6728e-01', "
[92mINFO [0m:      	                                       "'8.8381e-01', '8.6469e-01', "
[92mINFO [0m:      	                                       "'9.3069e-01', '9.0310e-01', "
[92mINFO [0m:      	                                       "'8.5064e-01', '8.7185e-01', "
[92mINFO [0m:      	                                       "'8.7687e-01', '8.8473e-01', "
[92mINFO [0m:      	                                       "'9.1921e-01', '9.2466e-01', "
[92mINFO [0m:      	                                       "'9.2138e-01', '8.7939e-01', "
[92mINFO [0m:      	                                       "'9.4814e-01', '9.1444e-01', "
[92mINFO [0m:      	                                       "'8.7842e-01', '9.0493e-01', "
[92mINFO [0m:      	                                       "'9.1553e-01', '7.1928e-01', "
[92mINFO [0m:      	                                       "'7.5555e-01', '6.7683e-01', "
[92mINFO [0m:      	                                       "'6.6739e-01', '8.3046e-01', "
[92mINFO [0m:      	                                       "'7.3939e-01', '6.5061e-01', "
[92mINFO [0m:      	                                       "'7.0423e-01', '6.6725e-01', "
[92mINFO [0m:      	                                       "'7.6652e-01', '6.8021e-01', "
[92mINFO [0m:      	                                       "'6.6634e-01', '8.1395e-01', "
[92mINFO [0m:      	                                       "'7.8072e-01', '6.9829e-01', "
[92mINFO [0m:      	                                       "'7.2303e-01', '6.6701e-01', "
[92mINFO [0m:      	                                       "'7.5280e-01', '7.3874e-01', "
[92mINFO [0m:      	                                       "'8.3649e-01', '7.8593e-01', "
[92mINFO [0m:      	                                       "'7.0702e-01', '7.3639e-01', "
[92mINFO [0m:      	                                       "'7.4381e-01', '6.3030e-01', "
[92mINFO [0m:      	                                       "'8.5964e-01', '7.2718e-01', "
[92mINFO [0m:      	                                       "'6.0415e-01', '6.6612e-01', "
[92mINFO [0m:      	                                       "'5.6597e-01', '8.3443e-01', "
[92mINFO [0m:      	                                       "'7.3840e-01', '6.5147e-01', "
[92mINFO [0m:      	                                       "'7.0381e-01', '6.1026e-01', "
[92mINFO [0m:      	                                       "'8.5491e-01', '8.0563e-01', "
[92mINFO [0m:      	                                       "'8.3766e-01', '8.4838e-01', "
[92mINFO [0m:      	                                       "'6.8806e-01', '7.2815e-01', "
[92mINFO [0m:      	                                       "'6.9209e-01', '6.4752e-01', "
[92mINFO [0m:      	                                       "'6.0283e-01', '6.6079e-01']",
[92mINFO [0m:      	       'per-client-num-examples': "['1223', '1082', '1364', '517', '1435', "
[92mINFO [0m:      	                                  "'1505', '940', '870', '1152', '447', '729', "
[92mINFO [0m:      	                                  "'1294', '1012', '659', '800', '376']",
[92mINFO [0m:      	       'per-client-train_loss': "['7.5576e-01', '7.2228e-01', '7.0861e-01', "
[92mINFO [0m:      	                                "'8.3107e-01', '7.2232e-01', '8.1839e-01', "
[92mINFO [0m:      	                                "'7.5956e-01', '7.1793e-01', '7.3728e-01', "
[92mINFO [0m:      	                                "'8.1390e-01', '6.5893e-01', '7.6913e-01', "
[92mINFO [0m:      	                                "'8.0745e-01', '7.6080e-01', '7.3931e-01', "
[92mINFO [0m:      	                                "'8.3002e-01']",
[92mINFO [0m:      	       'per-client-train_loss_mean': "['8.4083e-01', '8.2599e-01', "
[92mINFO [0m:      	                                     "'7.8726e-01', '9.0194e-01', "
[92mINFO [0m:      	                                     "'8.0926e-01', '8.4461e-01', "
[92mINFO [0m:      	                                     "'8.0849e-01', '8.2666e-01', "
[92mINFO [0m:      	                                     "'8.2284e-01', '8.8515e-01', "
[92mINFO [0m:      	                                     "'7.8346e-01', '8.3275e-01', "
[92mINFO [0m:      	                                     "'8.6894e-01', '8.6810e-01', "
[92mINFO [0m:      	                                     "'8.3296e-01', '9.2695e-01']",
[92mINFO [0m:      	       'train_loss': '7.5428e-01',
[92mINFO [0m:      	       'train_loss_mean': '8.3300e-01'},
[92mINFO [0m:      	  4: { 'client-ids': "['0', '1', '2', '3', '4', '5', '6', '7', '8', '9', '10', "
[92mINFO [0m:      	                     "'11', '12', '13', '14', '15']",
[92mINFO [0m:      	       'dp-client-clipped': "['1', '0', '1', '0', '1', '1', '0', '0', '0', "
[92mINFO [0m:      	                            "'0', '0', '1', '0', '0', '0', '0']",
[92mINFO [0m:      	       'dp-client-ids': "['0', '1', '2', '3', '4', '5', '6', '7', '8', '9', "
[92mINFO [0m:      	                        "'10', '11', '12', '13', '14', '15']",
[92mINFO [0m:      	       'dp-expected-noise-l2-norm': '5.9302e+00',
[92mINFO [0m:      	       'dp-fraction-clipped': '3.1250e-01',
[92mINFO [0m:      	       'dp-noise-percent-of-signal': '2.3551e+02',
[92mINFO [0m:      	       'dp-noise-to-signal-ratio': '2.3551e+00',
[92mINFO [0m:      	       'dp-num-clients-clipped': '5',
[92mINFO [0m:      	       'dp-parameter-count': '226596',
[92mINFO [0m:      	       'dp-signal-update-norm': '2.5180e+00',
[92mINFO [0m:      	       'dp-update-norms-before-clipping': "['5.4461e+00', '4.5406e+00', "
[92mINFO [0m:      	                                          "'5.5498e+00', '3.2808e+00', "
[92mINFO [0m:      	                                          "'5.6559e+00', '5.6509e+00', "
[92mINFO [0m:      	                                          "'4.4268e+00', '4.1652e+00', "
[92mINFO [0m:      	                                          "'4.8977e+00', '3.4190e+00', "
[92mINFO [0m:      	                                          "'3.9212e+00', '5.2391e+00', "
[92mINFO [0m:      	                                          "'4.6119e+00', '3.6611e+00', "
[92mINFO [0m:      	                                          "'4.1040e+00', '3.3832e+00']",
[92mINFO [0m:      	       'metric-dp-distance': '1.0034e+00',
[92mINFO [0m:      	       'metric-dp-distance-mean': '8.2908e-01',
[92mINFO [0m:      	       'metric-dp-distance-median': '8.5006e-01',
[92mINFO [0m:      	       'metric-dp-distance-min': '6.3062e-01',
[92mINFO [0m:      	       'metric-dp-noise-stdv': '1.2458e-02',
[92mINFO [0m:      	       'metric-dp-pairwise-client-i': "['0', '0', '0', '0', '0', '0', '0', "
[92mINFO [0m:      	                                      "'0', '0', '0', '0', '0', '0', '0', '0', "
[92mINFO [0m:      	                                      "'1', '1', '1', '1', '1', '1', '1', '1', "
[92mINFO [0m:      	                                      "'1', '1', '1', '1', '1', '1', '2', '2', "
[92mINFO [0m:      	                                      "'2', '2', '2', '2', '2', '2', '2', '2', "
[92mINFO [0m:      	                                      "'2', '2', '2', '3', '3', '3', '3', '3', "
[92mINFO [0m:      	                                      "'3', '3', '3', '3', '3', '3', '3', '4', "
[92mINFO [0m:      	                                      "'4', '4', '4', '4', '4', '4', '4', '4', "
[92mINFO [0m:      	                                      "'4', '4', '5', '5', '5', '5', '5', '5', "
[92mINFO [0m:      	                                      "'5', '5', '5', '5', '6', '6', '6', '6', "
[92mINFO [0m:      	                                      "'6', '6', '6', '6', '6', '7', '7', '7', "
[92mINFO [0m:      	                                      "'7', '7', '7', '7', '7', '8', '8', '8', "
[92mINFO [0m:      	                                      "'8', '8', '8', '8', '9', '9', '9', '9', "
[92mINFO [0m:      	                                      "'9', '9', '10', '10', '10', '10', '10', "
[92mINFO [0m:      	                                      "'11', '11', '11', '11', '12', '12', "
[92mINFO [0m:      	                                      "'12', '13', '13', '14']",
[92mINFO [0m:      	       'metric-dp-pairwise-client-j': "['1', '2', '3', '4', '5', '6', '7', "
[92mINFO [0m:      	                                      "'8', '9', '10', '11', '12', '13', '14', "
[92mINFO [0m:      	                                      "'15', '2', '3', '4', '5', '6', '7', "
[92mINFO [0m:      	                                      "'8', '9', '10', '11', '12', '13', '14', "
[92mINFO [0m:      	                                      "'15', '3', '4', '5', '6', '7', '8', "
[92mINFO [0m:      	                                      "'9', '10', '11', '12', '13', '14', "
[92mINFO [0m:      	                                      "'15', '4', '5', '6', '7', '8', '9', "
[92mINFO [0m:      	                                      "'10', '11', '12', '13', '14', '15', "
[92mINFO [0m:      	                                      "'5', '6', '7', '8', '9', '10', '11', "
[92mINFO [0m:      	                                      "'12', '13', '14', '15', '6', '7', '8', "
[92mINFO [0m:      	                                      "'9', '10', '11', '12', '13', '14', "
[92mINFO [0m:      	                                      "'15', '7', '8', '9', '10', '11', '12', "
[92mINFO [0m:      	                                      "'13', '14', '15', '8', '9', '10', '11', "
[92mINFO [0m:      	                                      "'12', '13', '14', '15', '9', '10', "
[92mINFO [0m:      	                                      "'11', '12', '13', '14', '15', '10', "
[92mINFO [0m:      	                                      "'11', '12', '13', '14', '15', '11', "
[92mINFO [0m:      	                                      "'12', '13', '14', '15', '12', '13', "
[92mINFO [0m:      	                                      "'14', '15', '13', '14', '15', '14', "
[92mINFO [0m:      	                                      "'15', '15']",
[92mINFO [0m:      	       'metric-dp-pairwise-distances': "['9.0606e-01', '9.9017e-01', "
[92mINFO [0m:      	                                       "'8.5664e-01', '9.8243e-01', "
[92mINFO [0m:      	                                       "'9.6731e-01', '8.7791e-01', "
[92mINFO [0m:      	                                       "'8.7796e-01', '9.2885e-01', "
[92mINFO [0m:      	                                       "'8.5367e-01', '8.8789e-01', "
[92mINFO [0m:      	                                       "'9.4397e-01', '9.1210e-01', "
[92mINFO [0m:      	                                       "'8.7281e-01', '8.8228e-01', "
[92mINFO [0m:      	                                       "'8.8449e-01', '8.9439e-01', "
[92mINFO [0m:      	                                       "'7.3881e-01', '8.9010e-01', "
[92mINFO [0m:      	                                       "'9.1697e-01', '7.9641e-01', "
[92mINFO [0m:      	                                       "'7.8288e-01', '8.4379e-01', "
[92mINFO [0m:      	                                       "'7.6445e-01', '7.8670e-01', "
[92mINFO [0m:      	                                       "'8.6777e-01', '8.3721e-01', "
[92mINFO [0m:      	                                       "'7.4467e-01', '7.8524e-01', "
[92mINFO [0m:      	                                       "'7.5318e-01', '8.6097e-01', "
[92mINFO [0m:      	                                       "'9.8450e-01', '1.0034e+00', "
[92mINFO [0m:      	                                       "'9.0327e-01', '8.9703e-01', "
[92mINFO [0m:      	                                       "'9.3074e-01', '8.6213e-01', "
[92mINFO [0m:      	                                       "'9.0242e-01', '9.5195e-01', "
[92mINFO [0m:      	                                       "'9.1536e-01', '8.5106e-01', "
[92mINFO [0m:      	                                       "'8.7488e-01', '8.8743e-01', "
[92mINFO [0m:      	                                       "'8.7716e-01', '8.6568e-01', "
[92mINFO [0m:      	                                       "'7.4781e-01', '7.0879e-01', "
[92mINFO [0m:      	                                       "'7.7585e-01', '6.3062e-01', "
[92mINFO [0m:      	                                       "'6.9075e-01', '8.1931e-01', "
[92mINFO [0m:      	                                       "'7.5112e-01', '6.4487e-01', "
[92mINFO [0m:      	                                       "'6.9191e-01', '6.4595e-01', "
[92mINFO [0m:      	                                       "'9.8214e-01', '8.6414e-01', "
[92mINFO [0m:      	                                       "'8.6718e-01', '9.1367e-01', "
[92mINFO [0m:      	                                       "'8.7664e-01', '8.8994e-01', "
[92mINFO [0m:      	                                       "'9.3869e-01', '9.1530e-01', "
[92mINFO [0m:      	                                       "'8.5110e-01', '8.8255e-01', "
[92mINFO [0m:      	                                       "'8.8661e-01', '9.0084e-01', "
[92mINFO [0m:      	                                       "'8.8380e-01', '9.4832e-01', "
[92mINFO [0m:      	                                       "'8.7988e-01', '8.9202e-01', "
[92mINFO [0m:      	                                       "'9.5450e-01', '9.1671e-01', "
[92mINFO [0m:      	                                       "'8.7838e-01', '9.0965e-01', "
[92mINFO [0m:      	                                       "'8.9062e-01', '7.6934e-01', "
[92mINFO [0m:      	                                       "'8.4272e-01', '7.5046e-01', "
[92mINFO [0m:      	                                       "'7.5812e-01', '8.5379e-01', "
[92mINFO [0m:      	                                       "'8.0516e-01', '7.3753e-01', "
[92mINFO [0m:      	                                       "'7.6922e-01', '7.3043e-01', "
[92mINFO [0m:      	                                       "'8.2113e-01', '7.3001e-01', "
[92mINFO [0m:      	                                       "'7.2002e-01', '8.3286e-01', "
[92mINFO [0m:      	                                       "'8.2785e-01', '7.2533e-01', "
[92mINFO [0m:      	                                       "'7.5723e-01', '7.2879e-01', "
[92mINFO [0m:      	                                       "'7.9116e-01', '8.1687e-01', "
[92mINFO [0m:      	                                       "'8.9335e-01', '8.4905e-01', "
[92mINFO [0m:      	                                       "'7.8440e-01', '8.1046e-01', "
[92mINFO [0m:      	                                       "'7.8841e-01', '7.0475e-01', "
[92mINFO [0m:      	                                       "'8.3663e-01', '7.5255e-01', "
[92mINFO [0m:      	                                       "'6.7777e-01', '7.1190e-01', "
[92mINFO [0m:      	                                       "'6.5443e-01', '8.5481e-01', "
[92mINFO [0m:      	                                       "'8.0999e-01', '7.1815e-01', "
[92mINFO [0m:      	                                       "'7.3899e-01', '6.7999e-01', "
[92mINFO [0m:      	                                       "'8.7934e-01', '8.2262e-01', "
[92mINFO [0m:      	                                       "'8.4581e-01', '8.5209e-01', "
[92mINFO [0m:      	                                       "'7.7298e-01', '7.9983e-01', "
[92mINFO [0m:      	                                       "'7.5980e-01', '7.0249e-01', "
[92mINFO [0m:      	                                       "'6.8252e-01', '7.1344e-01']",
[92mINFO [0m:      	       'per-client-num-examples': "['1223', '1082', '1364', '517', '1435', "
[92mINFO [0m:      	                                  "'1505', '940', '870', '1152', '447', '729', "
[92mINFO [0m:      	                                  "'1294', '1012', '659', '800', '376']",
[92mINFO [0m:      	       'per-client-train_loss': "['6.7082e-01', '6.6193e-01', '6.0796e-01', "
[92mINFO [0m:      	                                "'7.1004e-01', '6.5435e-01', '6.3682e-01', "
[92mINFO [0m:      	                                "'5.9653e-01', '6.5345e-01', '6.3820e-01', "
[92mINFO [0m:      	                                "'5.8633e-01', '5.6127e-01', '6.4387e-01', "
[92mINFO [0m:      	                                "'7.0057e-01', '6.4298e-01', '6.5945e-01', "
[92mINFO [0m:      	                                "'6.1752e-01']",
[92mINFO [0m:      	       'per-client-train_loss_mean': "['7.4489e-01', '7.3385e-01', "
[92mINFO [0m:      	                                     "'6.8900e-01', '8.1456e-01', "
[92mINFO [0m:      	                                     "'7.1390e-01', '6.8880e-01', "
[92mINFO [0m:      	                                     "'6.9658e-01', '7.1785e-01', "
[92mINFO [0m:      	                                     "'7.1881e-01', '7.2418e-01', "
[92mINFO [0m:      	                                     "'6.4292e-01', '7.1486e-01', "
[92mINFO [0m:      	                                     "'7.6282e-01', '7.1313e-01', "
[92mINFO [0m:      	                                     "'7.2273e-01', '7.2385e-01']",
[92mINFO [0m:      	       'train_loss': '6.4211e-01',
[92mINFO [0m:      	       'train_loss_mean': '7.1692e-01'},
[92mINFO [0m:      	  5: { 'client-ids': "['0', '1', '2', '3', '4', '5', '6', '7', '8', '9', '10', "
[92mINFO [0m:      	                     "'11', '12', '13', '14', '15']",
[92mINFO [0m:      	       'dp-client-clipped': "['1', '1', '1', '0', '1', '1', '0', '0', '1', "
[92mINFO [0m:      	                            "'0', '0', '1', '0', '0', '0', '0']",
[92mINFO [0m:      	       'dp-client-ids': "['0', '1', '2', '3', '4', '5', '6', '7', '8', '9', "
[92mINFO [0m:      	                        "'10', '11', '12', '13', '14', '15']",
[92mINFO [0m:      	       'dp-expected-noise-l2-norm': '5.2972e+00',
[92mINFO [0m:      	       'dp-fraction-clipped': '4.3750e-01',
[92mINFO [0m:      	       'dp-noise-percent-of-signal': '2.4090e+02',
[92mINFO [0m:      	       'dp-noise-to-signal-ratio': '2.4090e+00',
[92mINFO [0m:      	       'dp-num-clients-clipped': '7',
[92mINFO [0m:      	       'dp-parameter-count': '226596',
[92mINFO [0m:      	       'dp-signal-update-norm': '2.1990e+00',
[92mINFO [0m:      	       'dp-update-norms-before-clipping': "['5.5179e+00', '5.0297e+00', "
[92mINFO [0m:      	                                          "'5.6779e+00', '3.5159e+00', "
[92mINFO [0m:      	                                          "'5.8483e+00', '5.9768e+00', "
[92mINFO [0m:      	                                          "'4.4968e+00', '4.4717e+00', "
[92mINFO [0m:      	                                          "'5.1452e+00', '3.2428e+00', "
[92mINFO [0m:      	                                          "'4.2351e+00', '5.5061e+00', "
[92mINFO [0m:      	                                          "'4.7830e+00', '3.7883e+00', "
[92mINFO [0m:      	                                          "'4.2817e+00', '3.3657e+00']",
[92mINFO [0m:      	       'metric-dp-distance': '1.1233e+00',
[92mINFO [0m:      	       'metric-dp-distance-mean': '9.1292e-01',
[92mINFO [0m:      	       'metric-dp-distance-median': '9.2859e-01',
[92mINFO [0m:      	       'metric-dp-distance-min': '6.4451e-01',
[92mINFO [0m:      	       'metric-dp-noise-stdv': '1.1128e-02',
[92mINFO [0m:      	       'metric-dp-pairwise-client-i': "['0', '0', '0', '0', '0', '0', '0', "
[92mINFO [0m:      	                                      "'0', '0', '0', '0', '0', '0', '0', '0', "
[92mINFO [0m:      	                                      "'1', '1', '1', '1', '1', '1', '1', '1', "
[92mINFO [0m:      	                                      "'1', '1', '1', '1', '1', '1', '2', '2', "
[92mINFO [0m:      	                                      "'2', '2', '2', '2', '2', '2', '2', '2', "
[92mINFO [0m:      	                                      "'2', '2', '2', '3', '3', '3', '3', '3', "
[92mINFO [0m:      	                                      "'3', '3', '3', '3', '3', '3', '3', '4', "
[92mINFO [0m:      	                                      "'4', '4', '4', '4', '4', '4', '4', '4', "
[92mINFO [0m:      	                                      "'4', '4', '5', '5', '5', '5', '5', '5', "
[92mINFO [0m:      	                                      "'5', '5', '5', '5', '6', '6', '6', '6', "
[92mINFO [0m:      	                                      "'6', '6', '6', '6', '6', '7', '7', '7', "
[92mINFO [0m:      	                                      "'7', '7', '7', '7', '7', '8', '8', '8', "
[92mINFO [0m:      	                                      "'8', '8', '8', '8', '9', '9', '9', '9', "
[92mINFO [0m:      	                                      "'9', '9', '10', '10', '10', '10', '10', "
[92mINFO [0m:      	                                      "'11', '11', '11', '11', '12', '12', "
[92mINFO [0m:      	                                      "'12', '13', '13', '14']",
[92mINFO [0m:      	       'metric-dp-pairwise-client-j': "['1', '2', '3', '4', '5', '6', '7', "
[92mINFO [0m:      	                                      "'8', '9', '10', '11', '12', '13', '14', "
[92mINFO [0m:      	                                      "'15', '2', '3', '4', '5', '6', '7', "
[92mINFO [0m:      	                                      "'8', '9', '10', '11', '12', '13', '14', "
[92mINFO [0m:      	                                      "'15', '3', '4', '5', '6', '7', '8', "
[92mINFO [0m:      	                                      "'9', '10', '11', '12', '13', '14', "
[92mINFO [0m:      	                                      "'15', '4', '5', '6', '7', '8', '9', "
[92mINFO [0m:      	                                      "'10', '11', '12', '13', '14', '15', "
[92mINFO [0m:      	                                      "'5', '6', '7', '8', '9', '10', '11', "
[92mINFO [0m:      	                                      "'12', '13', '14', '15', '6', '7', '8', "
[92mINFO [0m:      	                                      "'9', '10', '11', '12', '13', '14', "
[92mINFO [0m:      	                                      "'15', '7', '8', '9', '10', '11', '12', "
[92mINFO [0m:      	                                      "'13', '14', '15', '8', '9', '10', '11', "
[92mINFO [0m:      	                                      "'12', '13', '14', '15', '9', '10', "
[92mINFO [0m:      	                                      "'11', '12', '13', '14', '15', '10', "
[92mINFO [0m:      	                                      "'11', '12', '13', '14', '15', '11', "
[92mINFO [0m:      	                                      "'12', '13', '14', '15', '12', '13', "
[92mINFO [0m:      	                                      "'14', '15', '13', '14', '15', '14', "
[92mINFO [0m:      	                                      "'15', '15']",
[92mINFO [0m:      	       'metric-dp-pairwise-distances': "['1.0156e+00', '1.0794e+00', "
[92mINFO [0m:      	                                       "'9.2583e-01', '1.0809e+00', "
[92mINFO [0m:      	                                       "'1.0750e+00', '9.6104e-01', "
[92mINFO [0m:      	                                       "'9.6456e-01', '1.0383e+00', "
[92mINFO [0m:      	                                       "'8.9058e-01', '9.5511e-01', "
[92mINFO [0m:      	                                       "'1.0299e+00', '9.7583e-01', "
[92mINFO [0m:      	                                       "'9.2815e-01', '9.4332e-01', "
[92mINFO [0m:      	                                       "'9.1293e-01', '1.0140e+00', "
[92mINFO [0m:      	                                       "'8.6650e-01', '1.0348e+00', "
[92mINFO [0m:      	                                       "'1.0503e+00', '9.0259e-01', "
[92mINFO [0m:      	                                       "'9.1578e-01', '9.6679e-01', "
[92mINFO [0m:      	                                       "'8.4760e-01', '9.1675e-01', "
[92mINFO [0m:      	                                       "'9.9298e-01', '9.5913e-01', "
[92mINFO [0m:      	                                       "'8.6049e-01', '8.9980e-01', "
[92mINFO [0m:      	                                       "'8.3784e-01', '9.3799e-01', "
[92mINFO [0m:      	                                       "'1.0822e+00', '1.1233e+00', "
[92mINFO [0m:      	                                       "'9.7656e-01', '9.8792e-01', "
[92mINFO [0m:      	                                       "'1.0229e+00', '9.3214e-01', "
[92mINFO [0m:      	                                       "'9.8763e-01', '1.0645e+00', "
[92mINFO [0m:      	                                       "'9.9297e-01', '9.2903e-01', "
[92mINFO [0m:      	                                       "'9.7513e-01', '9.4209e-01', "
[92mINFO [0m:      	                                       "'9.5909e-01', '9.6002e-01', "
[92mINFO [0m:      	                                       "'7.9692e-01', '7.7579e-01', "
[92mINFO [0m:      	                                       "'8.4849e-01', '6.7422e-01', "
[92mINFO [0m:      	                                       "'7.7811e-01', '8.9027e-01', "
[92mINFO [0m:      	                                       "'8.0941e-01', '7.1568e-01', "
[92mINFO [0m:      	                                       "'7.4048e-01', '6.8708e-01', "
[92mINFO [0m:      	                                       "'1.1067e+00', '9.7521e-01', "
[92mINFO [0m:      	                                       "'9.6854e-01', '1.0261e+00', "
[92mINFO [0m:      	                                       "'9.4963e-01', '1.0069e+00', "
[92mINFO [0m:      	                                       "'1.0485e+00', '1.0169e+00', "
[92mINFO [0m:      	                                       "'9.4178e-01', '9.7031e-01', "
[92mINFO [0m:      	                                       "'9.4673e-01', '1.0118e+00', "
[92mINFO [0m:      	                                       "'9.9478e-01', '1.0527e+00', "
[92mINFO [0m:      	                                       "'9.5192e-01', '1.0001e+00', "
[92mINFO [0m:      	                                       "'1.0620e+00', '1.0286e+00', "
[92mINFO [0m:      	                                       "'9.7262e-01', '9.8990e-01', "
[92mINFO [0m:      	                                       "'9.6560e-01', '8.6452e-01', "
[92mINFO [0m:      	                                       "'9.3413e-01', '7.7288e-01', "
[92mINFO [0m:      	                                       "'8.5622e-01', '9.4914e-01', "
[92mINFO [0m:      	                                       "'8.8742e-01', '7.9965e-01', "
[92mINFO [0m:      	                                       "'8.4284e-01', '7.6523e-01', "
[92mINFO [0m:      	                                       "'9.2277e-01', '7.9499e-01', "
[92mINFO [0m:      	                                       "'8.3929e-01', '9.3883e-01', "
[92mINFO [0m:      	                                       "'9.1378e-01', '8.0105e-01', "
[92mINFO [0m:      	                                       "'8.3629e-01', '8.0155e-01', "
[92mINFO [0m:      	                                       "'8.4763e-01', '9.2318e-01', "
[92mINFO [0m:      	                                       "'9.9255e-01', '9.5033e-01', "
[92mINFO [0m:      	                                       "'8.6135e-01', '8.8917e-01', "
[92mINFO [0m:      	                                       "'8.4976e-01', '7.5541e-01', "
[92mINFO [0m:      	                                       "'8.9714e-01', '8.1251e-01', "
[92mINFO [0m:      	                                       "'7.1729e-01', '7.3686e-01', "
[92mINFO [0m:      	                                       "'6.4451e-01', '9.6172e-01', "
[92mINFO [0m:      	                                       "'9.0218e-01', '8.0389e-01', "
[92mINFO [0m:      	                                       "'8.2977e-01', '7.4704e-01', "
[92mINFO [0m:      	                                       "'9.7235e-01', '9.0331e-01', "
[92mINFO [0m:      	                                       "'9.2762e-01', '9.1345e-01', "
[92mINFO [0m:      	                                       "'8.3064e-01', '8.8522e-01', "
[92mINFO [0m:      	                                       "'8.1224e-01', '7.5346e-01', "
[92mINFO [0m:      	                                       "'7.2370e-01', '7.6702e-01']",
[92mINFO [0m:      	       'per-client-num-examples': "['1223', '1082', '1364', '517', '1435', "
[92mINFO [0m:      	                                  "'1505', '940', '870', '1152', '447', '729', "
[92mINFO [0m:      	                                  "'1294', '1012', '659', '800', '376']",
[92mINFO [0m:      	       'per-client-train_loss': "['5.4679e-01', '6.0192e-01', '5.6467e-01', "
[92mINFO [0m:      	                                "'6.2643e-01', '5.2749e-01', '5.4665e-01', "
[92mINFO [0m:      	                                "'5.8669e-01', '5.6454e-01', '5.6882e-01', "
[92mINFO [0m:      	                                "'5.0848e-01', '5.0876e-01', '5.9267e-01', "
[92mINFO [0m:      	                                "'6.1331e-01', '5.7129e-01', '5.6959e-01', "
[92mINFO [0m:      	                                "'5.3838e-01']",
[92mINFO [0m:      	       'per-client-train_loss_mean': "['6.6340e-01', '6.6804e-01', "
[92mINFO [0m:      	                                     "'6.4696e-01', '7.1781e-01', "
[92mINFO [0m:      	                                     "'6.2352e-01', '6.4341e-01', "
[92mINFO [0m:      	                                     "'6.2707e-01', '6.4995e-01', "
[92mINFO [0m:      	                                     "'6.4936e-01', '6.2376e-01', "
[92mINFO [0m:      	                                     "'5.9210e-01', '6.7691e-01', "
[92mINFO [0m:      	                                     "'6.9195e-01', '6.5362e-01', "
[92mINFO [0m:      	                                     "'6.9168e-01', '6.7220e-01']",
[92mINFO [0m:      	       'train_loss': '5.6553e-01',
[92mINFO [0m:      	       'train_loss_mean': '6.5415e-01'},
[92mINFO [0m:      	  6: { 'client-ids': "['0', '1', '2', '3', '4', '5', '6', '7', '8', '9', '10', "
[92mINFO [0m:      	                     "'11', '12', '13', '14', '15']",
[92mINFO [0m:      	       'dp-client-clipped': "['1', '1', '1', '0', '1', '1', '0', '0', '1', "
[92mINFO [0m:      	                            "'0', '0', '1', '1', '0', '0', '0']",
[92mINFO [0m:      	       'dp-client-ids': "['0', '1', '2', '3', '4', '5', '6', '7', '8', '9', "
[92mINFO [0m:      	                        "'10', '11', '12', '13', '14', '15']",
[92mINFO [0m:      	       'dp-expected-noise-l2-norm': '5.0067e+00',
[92mINFO [0m:      	       'dp-fraction-clipped': '5.0000e-01',
[92mINFO [0m:      	       'dp-noise-percent-of-signal': '2.4266e+02',
[92mINFO [0m:      	       'dp-noise-to-signal-ratio': '2.4266e+00',
[92mINFO [0m:      	       'dp-num-clients-clipped': '8',
[92mINFO [0m:      	       'dp-parameter-count': '226596',
[92mINFO [0m:      	       'dp-signal-update-norm': '2.0632e+00',
[92mINFO [0m:      	       'dp-update-norms-before-clipping': "['5.7702e+00', '5.0910e+00', "
[92mINFO [0m:      	                                          "'5.9990e+00', '3.8823e+00', "
[92mINFO [0m:      	                                          "'5.8860e+00', '6.0184e+00', "
[92mINFO [0m:      	                                          "'4.5175e+00', '4.7389e+00', "
[92mINFO [0m:      	                                          "'5.1224e+00', '3.6409e+00', "
[92mINFO [0m:      	                                          "'4.3576e+00', '5.6605e+00', "
[92mINFO [0m:      	                                          "'5.0901e+00', '4.1312e+00', "
[92mINFO [0m:      	                                          "'4.6064e+00', '3.5517e+00']",
[92mINFO [0m:      	       'metric-dp-distance': '1.1885e+00',
[92mINFO [0m:      	       'metric-dp-distance-mean': '9.7088e-01',
[92mINFO [0m:      	       'metric-dp-distance-median': '9.8595e-01',
[92mINFO [0m:      	       'metric-dp-distance-min': '7.1941e-01',
[92mINFO [0m:      	       'metric-dp-noise-stdv': '1.0518e-02',
[92mINFO [0m:      	       'metric-dp-pairwise-client-i': "['0', '0', '0', '0', '0', '0', '0', "
[92mINFO [0m:      	                                      "'0', '0', '0', '0', '0', '0', '0', '0', "
[92mINFO [0m:      	                                      "'1', '1', '1', '1', '1', '1', '1', '1', "
[92mINFO [0m:      	                                      "'1', '1', '1', '1', '1', '1', '2', '2', "
[92mINFO [0m:      	                                      "'2', '2', '2', '2', '2', '2', '2', '2', "
[92mINFO [0m:      	                                      "'2', '2', '2', '3', '3', '3', '3', '3', "
[92mINFO [0m:      	                                      "'3', '3', '3', '3', '3', '3', '3', '4', "
[92mINFO [0m:      	                                      "'4', '4', '4', '4', '4', '4', '4', '4', "
[92mINFO [0m:      	                                      "'4', '4', '5', '5', '5', '5', '5', '5', "
[92mINFO [0m:      	                                      "'5', '5', '5', '5', '6', '6', '6', '6', "
[92mINFO [0m:      	                                      "'6', '6', '6', '6', '6', '7', '7', '7', "
[92mINFO [0m:      	                                      "'7', '7', '7', '7', '7', '8', '8', '8', "
[92mINFO [0m:      	                                      "'8', '8', '8', '8', '9', '9', '9', '9', "
[92mINFO [0m:      	                                      "'9', '9', '10', '10', '10', '10', '10', "
[92mINFO [0m:      	                                      "'11', '11', '11', '11', '12', '12', "
[92mINFO [0m:      	                                      "'12', '13', '13', '14']",
[92mINFO [0m:      	       'metric-dp-pairwise-client-j': "['1', '2', '3', '4', '5', '6', '7', "
[92mINFO [0m:      	                                      "'8', '9', '10', '11', '12', '13', '14', "
[92mINFO [0m:      	                                      "'15', '2', '3', '4', '5', '6', '7', "
[92mINFO [0m:      	                                      "'8', '9', '10', '11', '12', '13', '14', "
[92mINFO [0m:      	                                      "'15', '3', '4', '5', '6', '7', '8', "
[92mINFO [0m:      	                                      "'9', '10', '11', '12', '13', '14', "
[92mINFO [0m:      	                                      "'15', '4', '5', '6', '7', '8', '9', "
[92mINFO [0m:      	                                      "'10', '11', '12', '13', '14', '15', "
[92mINFO [0m:      	                                      "'5', '6', '7', '8', '9', '10', '11', "
[92mINFO [0m:      	                                      "'12', '13', '14', '15', '6', '7', '8', "
[92mINFO [0m:      	                                      "'9', '10', '11', '12', '13', '14', "
[92mINFO [0m:      	                                      "'15', '7', '8', '9', '10', '11', '12', "
[92mINFO [0m:      	                                      "'13', '14', '15', '8', '9', '10', '11', "
[92mINFO [0m:      	                                      "'12', '13', '14', '15', '9', '10', "
[92mINFO [0m:      	                                      "'11', '12', '13', '14', '15', '10', "
[92mINFO [0m:      	                                      "'11', '12', '13', '14', '15', '11', "
[92mINFO [0m:      	                                      "'12', '13', '14', '15', '12', '13', "
[92mINFO [0m:      	                                      "'14', '15', '13', '14', '15', '14', "
[92mINFO [0m:      	                                      "'15', '15']",
[92mINFO [0m:      	       'metric-dp-pairwise-distances': "['1.0819e+00', '1.1489e+00', "
[92mINFO [0m:      	                                       "'9.8541e-01', '1.1440e+00', "
[92mINFO [0m:      	                                       "'1.1388e+00', '1.0345e+00', "
[92mINFO [0m:      	                                       "'1.0368e+00', '1.0853e+00', "
[92mINFO [0m:      	                                       "'9.7352e-01', '1.0118e+00', "
[92mINFO [0m:      	                                       "'1.1086e+00', '1.0385e+00', "
[92mINFO [0m:      	                                       "'1.0001e+00', '1.0272e+00', "
[92mINFO [0m:      	                                       "'9.6747e-01', '1.1090e+00', "
[92mINFO [0m:      	                                       "'9.0914e-01', '1.0695e+00', "
[92mINFO [0m:      	                                       "'1.0865e+00', '9.4984e-01', "
[92mINFO [0m:      	                                       "'9.6701e-01', '1.0081e+00', "
[92mINFO [0m:      	                                       "'9.0082e-01', '9.5355e-01', "
[92mINFO [0m:      	                                       "'1.0614e+00', '9.9176e-01', "
[92mINFO [0m:      	                                       "'9.2845e-01', '9.5589e-01', "
[92mINFO [0m:      	                                       "'8.8111e-01', '1.0111e+00', "
[92mINFO [0m:      	                                       "'1.1629e+00', '1.1885e+00', "
[92mINFO [0m:      	                                       "'1.0371e+00', '1.0654e+00', "
[92mINFO [0m:      	                                       "'1.0837e+00', '1.0140e+00', "
[92mINFO [0m:      	                                       "'1.0420e+00', '1.1275e+00', "
[92mINFO [0m:      	                                       "'1.0797e+00', '1.0169e+00', "
[92mINFO [0m:      	                                       "'1.0495e+00', '1.0050e+00', "
[92mINFO [0m:      	                                       "'9.8649e-01', '1.0100e+00', "
[92mINFO [0m:      	                                       "'8.5100e-01', '8.5658e-01', "
[92mINFO [0m:      	                                       "'8.9708e-01', '7.5923e-01', "
[92mINFO [0m:      	                                       "'8.3010e-01', '9.6796e-01', "
[92mINFO [0m:      	                                       "'8.9717e-01', '8.1441e-01', "
[92mINFO [0m:      	                                       "'8.3337e-01', '7.6514e-01', "
[92mINFO [0m:      	                                       "'1.1394e+00', '1.0147e+00', "
[92mINFO [0m:      	                                       "'1.0344e+00', '1.0640e+00', "
[92mINFO [0m:      	                                       "'9.9974e-01', '1.0405e+00', "
[92mINFO [0m:      	                                       "'1.1103e+00', '1.0770e+00', "
[92mINFO [0m:      	                                       "'1.0092e+00', '1.0134e+00', "
[92mINFO [0m:      	                                       "'9.6798e-01', '1.0373e+00', "
[92mINFO [0m:      	                                       "'1.0357e+00', '1.0763e+00', "
[92mINFO [0m:      	                                       "'9.7804e-01', '1.0305e+00', "
[92mINFO [0m:      	                                       "'1.1188e+00', '1.0734e+00', "
[92mINFO [0m:      	                                       "'1.0195e+00', '1.0404e+00', "
[92mINFO [0m:      	                                       "'9.9537e-01', '9.1094e-01', "
[92mINFO [0m:      	                                       "'9.6278e-01', '8.2774e-01', "
[92mINFO [0m:      	                                       "'8.9438e-01', '1.0161e+00', "
[92mINFO [0m:      	                                       "'9.3635e-01', '8.7089e-01', "
[92mINFO [0m:      	                                       "'8.9807e-01', '8.0529e-01', "
[92mINFO [0m:      	                                       "'9.7087e-01', '8.4703e-01', "
[92mINFO [0m:      	                                       "'8.9242e-01', '1.0014e+00', "
[92mINFO [0m:      	                                       "'9.7362e-01', '8.8223e-01', "
[92mINFO [0m:      	                                       "'9.1235e-01', '8.5347e-01', "
[92mINFO [0m:      	                                       "'8.9776e-01', '9.4466e-01', "
[92mINFO [0m:      	                                       "'1.0251e+00', '9.9839e-01', "
[92mINFO [0m:      	                                       "'9.1109e-01', '9.3715e-01', "
[92mINFO [0m:      	                                       "'8.8367e-01', '7.9883e-01', "
[92mINFO [0m:      	                                       "'9.6115e-01', '8.7742e-01', "
[92mINFO [0m:      	                                       "'7.9548e-01', '8.1609e-01', "
[92mINFO [0m:      	                                       "'7.1941e-01', '9.9695e-01', "
[92mINFO [0m:      	                                       "'9.4520e-01', '8.7030e-01', "
[92mINFO [0m:      	                                       "'8.8469e-01', '7.9689e-01', "
[92mINFO [0m:      	                                       "'1.0619e+00', '9.9213e-01', "
[92mINFO [0m:      	                                       "'1.0062e+00', '9.6066e-01', "
[92mINFO [0m:      	                                       "'9.0335e-01', '9.5097e-01', "
[92mINFO [0m:      	                                       "'8.5888e-01', '8.5885e-01', "
[92mINFO [0m:      	                                       "'7.9286e-01', '8.2136e-01']",
[92mINFO [0m:      	       'per-client-num-examples': "['1223', '1082', '1364', '517', '1435', "
[92mINFO [0m:      	                                  "'1505', '940', '870', '1152', '447', '729', "
[92mINFO [0m:      	                                  "'1294', '1012', '659', '800', '376']",
[92mINFO [0m:      	       'per-client-train_loss': "['5.2311e-01', '5.3034e-01', '4.8527e-01', "
[92mINFO [0m:      	                                "'6.4734e-01', '4.7862e-01', '4.8534e-01', "
[92mINFO [0m:      	                                "'4.6509e-01', '4.6212e-01', '4.9258e-01', "
[92mINFO [0m:      	                                "'4.4955e-01', '4.3089e-01', '5.1895e-01', "
[92mINFO [0m:      	                                "'5.0218e-01', '4.8106e-01', '5.1138e-01', "
[92mINFO [0m:      	                                "'4.0677e-01']",
[92mINFO [0m:      	       'per-client-train_loss_mean': "['6.0805e-01', '6.0661e-01', "
[92mINFO [0m:      	                                     "'5.6549e-01', '6.7539e-01', "
[92mINFO [0m:      	                                     "'5.8296e-01', '5.6447e-01', "
[92mINFO [0m:      	                                     "'5.8006e-01', '5.9307e-01', "
[92mINFO [0m:      	                                     "'5.8350e-01', '5.6692e-01', "
[92mINFO [0m:      	                                     "'5.4313e-01', '6.1750e-01', "
[92mINFO [0m:      	                                     "'6.2550e-01', '5.7056e-01', "
[92mINFO [0m:      	                                     "'5.9221e-01', '5.5335e-01']",
[92mINFO [0m:      	       'train_loss': '4.9386e-01',
[92mINFO [0m:      	       'train_loss_mean': '5.8937e-01'},
[92mINFO [0m:      	  7: { 'client-ids': "['0', '1', '2', '3', '4', '5', '6', '7', '8', '9', '10', "
[92mINFO [0m:      	                     "'11', '12', '13', '14', '15']",
[92mINFO [0m:      	       'dp-client-clipped': "['1', '1', '1', '0', '1', '1', '0', '1', '1', "
[92mINFO [0m:      	                            "'0', '0', '1', '1', '0', '1', '0']",
[92mINFO [0m:      	       'dp-client-ids': "['0', '1', '2', '3', '4', '5', '6', '7', '8', '9', "
[92mINFO [0m:      	                        "'10', '11', '12', '13', '14', '15']",
[92mINFO [0m:      	       'dp-expected-noise-l2-norm': '4.8958e+00',
[92mINFO [0m:      	       'dp-fraction-clipped': '6.2500e-01',
[92mINFO [0m:      	       'dp-noise-percent-of-signal': '2.5688e+02',
[92mINFO [0m:      	       'dp-noise-to-signal-ratio': '2.5688e+00',
[92mINFO [0m:      	       'dp-num-clients-clipped': '10',
[92mINFO [0m:      	       'dp-parameter-count': '226596',
[92mINFO [0m:      	       'dp-signal-update-norm': '1.9059e+00',
[92mINFO [0m:      	       'dp-update-norms-before-clipping': "['5.9385e+00', '5.4553e+00', "
[92mINFO [0m:      	                                          "'6.0711e+00', '3.9265e+00', "
[92mINFO [0m:      	                                          "'6.1830e+00', '5.9790e+00', "
[92mINFO [0m:      	                                          "'4.8256e+00', '5.0349e+00', "
[92mINFO [0m:      	                                          "'5.6300e+00', '3.7522e+00', "
[92mINFO [0m:      	                                          "'4.4851e+00', '6.0610e+00', "
[92mINFO [0m:      	                                          "'5.3814e+00', '4.1385e+00', "
[92mINFO [0m:      	                                          "'5.0186e+00', '3.3942e+00']",
[92mINFO [0m:      	       'metric-dp-distance': '1.2154e+00',
[92mINFO [0m:      	       'metric-dp-distance-mean': '1.0239e+00',
[92mINFO [0m:      	       'metric-dp-distance-median': '1.0353e+00',
[92mINFO [0m:      	       'metric-dp-distance-min': '7.3341e-01',
[92mINFO [0m:      	       'metric-dp-noise-stdv': '1.0285e-02',
[92mINFO [0m:      	       'metric-dp-pairwise-client-i': "['0', '0', '0', '0', '0', '0', '0', "
[92mINFO [0m:      	                                      "'0', '0', '0', '0', '0', '0', '0', '0', "
[92mINFO [0m:      	                                      "'1', '1', '1', '1', '1', '1', '1', '1', "
[92mINFO [0m:      	                                      "'1', '1', '1', '1', '1', '1', '2', '2', "
[92mINFO [0m:      	                                      "'2', '2', '2', '2', '2', '2', '2', '2', "
[92mINFO [0m:      	                                      "'2', '2', '2', '3', '3', '3', '3', '3', "
[92mINFO [0m:      	                                      "'3', '3', '3', '3', '3', '3', '3', '4', "
[92mINFO [0m:      	                                      "'4', '4', '4', '4', '4', '4', '4', '4', "
[92mINFO [0m:      	                                      "'4', '4', '5', '5', '5', '5', '5', '5', "
[92mINFO [0m:      	                                      "'5', '5', '5', '5', '6', '6', '6', '6', "
[92mINFO [0m:      	                                      "'6', '6', '6', '6', '6', '7', '7', '7', "
[92mINFO [0m:      	                                      "'7', '7', '7', '7', '7', '8', '8', '8', "
[92mINFO [0m:      	                                      "'8', '8', '8', '8', '9', '9', '9', '9', "
[92mINFO [0m:      	                                      "'9', '9', '10', '10', '10', '10', '10', "
[92mINFO [0m:      	                                      "'11', '11', '11', '11', '12', '12', "
[92mINFO [0m:      	                                      "'12', '13', '13', '14']",
[92mINFO [0m:      	       'metric-dp-pairwise-client-j': "['1', '2', '3', '4', '5', '6', '7', "
[92mINFO [0m:      	                                      "'8', '9', '10', '11', '12', '13', '14', "
[92mINFO [0m:      	                                      "'15', '2', '3', '4', '5', '6', '7', "
[92mINFO [0m:      	                                      "'8', '9', '10', '11', '12', '13', '14', "
[92mINFO [0m:      	                                      "'15', '3', '4', '5', '6', '7', '8', "
[92mINFO [0m:      	                                      "'9', '10', '11', '12', '13', '14', "
[92mINFO [0m:      	                                      "'15', '4', '5', '6', '7', '8', '9', "
[92mINFO [0m:      	                                      "'10', '11', '12', '13', '14', '15', "
[92mINFO [0m:      	                                      "'5', '6', '7', '8', '9', '10', '11', "
[92mINFO [0m:      	                                      "'12', '13', '14', '15', '6', '7', '8', "
[92mINFO [0m:      	                                      "'9', '10', '11', '12', '13', '14', "
[92mINFO [0m:      	                                      "'15', '7', '8', '9', '10', '11', '12', "
[92mINFO [0m:      	                                      "'13', '14', '15', '8', '9', '10', '11', "
[92mINFO [0m:      	                                      "'12', '13', '14', '15', '9', '10', "
[92mINFO [0m:      	                                      "'11', '12', '13', '14', '15', '10', "
[92mINFO [0m:      	                                      "'11', '12', '13', '14', '15', '11', "
[92mINFO [0m:      	                                      "'12', '13', '14', '15', '12', '13', "
[92mINFO [0m:      	                                      "'14', '15', '13', '14', '15', '14', "
[92mINFO [0m:      	                                      "'15', '15']",
[92mINFO [0m:      	       'metric-dp-pairwise-distances': "['1.1339e+00', '1.1771e+00', "
[92mINFO [0m:      	                                       "'1.0112e+00', '1.1950e+00', "
[92mINFO [0m:      	                                       "'1.1589e+00', '1.0913e+00', "
[92mINFO [0m:      	                                       "'1.0829e+00', '1.1655e+00', "
[92mINFO [0m:      	                                       "'1.0113e+00', '1.0717e+00', "
[92mINFO [0m:      	                                       "'1.1709e+00', '1.1120e+00', "
[92mINFO [0m:      	                                       "'1.0205e+00', '1.0869e+00', "
[92mINFO [0m:      	                                       "'9.9168e-01', '1.1411e+00', "
[92mINFO [0m:      	                                       "'9.6156e-01', '1.1533e+00', "
[92mINFO [0m:      	                                       "'1.1292e+00', '1.0272e+00', "
[92mINFO [0m:      	                                       "'1.0348e+00', '1.0899e+00', "
[92mINFO [0m:      	                                       "'9.5140e-01', '9.9981e-01', "
[92mINFO [0m:      	                                       "'1.1344e+00', '1.0738e+00', "
[92mINFO [0m:      	                                       "'9.8306e-01', '1.0446e+00', "
[92mINFO [0m:      	                                       "'9.1831e-01', '1.0352e+00', "
[92mINFO [0m:      	                                       "'1.2154e+00', '1.1838e+00', "
[92mINFO [0m:      	                                       "'1.0983e+00', '1.1019e+00', "
[92mINFO [0m:      	                                       "'1.1520e+00', '1.0491e+00', "
[92mINFO [0m:      	                                       "'1.0807e+00', '1.1940e+00', "
[92mINFO [0m:      	                                       "'1.1301e+00', '1.0418e+00', "
[92mINFO [0m:      	                                       "'1.1092e+00', '1.0096e+00', "
[92mINFO [0m:      	                                       "'1.0592e+00', '1.0214e+00', "
[92mINFO [0m:      	                                       "'9.0436e-01', '9.0515e-01', "
[92mINFO [0m:      	                                       "'9.7466e-01', '7.8110e-01', "
[92mINFO [0m:      	                                       "'8.5187e-01', '1.0178e+00', "
[92mINFO [0m:      	                                       "'9.4912e-01', '8.2762e-01', "
[92mINFO [0m:      	                                       "'8.9225e-01', '7.5905e-01', "
[92mINFO [0m:      	                                       "'1.1964e+00', '1.0922e+00', "
[92mINFO [0m:      	                                       "'1.1009e+00', '1.1684e+00', "
[92mINFO [0m:      	                                       "'1.0516e+00', '1.0934e+00', "
[92mINFO [0m:      	                                       "'1.1952e+00', '1.1575e+00', "
[92mINFO [0m:      	                                       "'1.0574e+00', '1.1046e+00', "
[92mINFO [0m:      	                                       "'1.0073e+00', '1.0898e+00', "
[92mINFO [0m:      	                                       "'1.0767e+00', '1.1358e+00', "
[92mINFO [0m:      	                                       "'1.0093e+00', '1.0528e+00', "
[92mINFO [0m:      	                                       "'1.1711e+00', '1.1092e+00', "
[92mINFO [0m:      	                                       "'1.0301e+00', '1.0946e+00', "
[92mINFO [0m:      	                                       "'9.7901e-01', '9.7903e-01', "
[92mINFO [0m:      	                                       "'1.0584e+00', '8.8173e-01', "
[92mINFO [0m:      	                                       "'9.3368e-01', '1.0971e+00', "
[92mINFO [0m:      	                                       "'1.0190e+00', '9.3255e-01', "
[92mINFO [0m:      	                                       "'9.9272e-01', '8.3880e-01', "
[92mINFO [0m:      	                                       "'1.0532e+00', '8.8924e-01', "
[92mINFO [0m:      	                                       "'9.4810e-01', '1.0838e+00', "
[92mINFO [0m:      	                                       "'1.0301e+00', '9.2411e-01', "
[92mINFO [0m:      	                                       "'9.7809e-01', '8.8870e-01', "
[92mINFO [0m:      	                                       "'9.6854e-01', '1.0079e+00', "
[92mINFO [0m:      	                                       "'1.1324e+00', '1.0937e+00', "
[92mINFO [0m:      	                                       "'9.9189e-01', '1.0527e+00', "
[92mINFO [0m:      	                                       "'9.3685e-01', '8.2152e-01', "
[92mINFO [0m:      	                                       "'1.0354e+00', '9.4511e-01', "
[92mINFO [0m:      	                                       "'8.1464e-01', '8.8532e-01', "
[92mINFO [0m:      	                                       "'7.3341e-01', '1.0591e+00', "
[92mINFO [0m:      	                                       "'9.9222e-01', '8.9597e-01', "
[92mINFO [0m:      	                                       "'9.4359e-01', '8.0790e-01', "
[92mINFO [0m:      	                                       "'1.1269e+00', '1.0428e+00', "
[92mINFO [0m:      	                                       "'1.0932e+00', '1.0117e+00', "
[92mINFO [0m:      	                                       "'9.6229e-01', '1.0421e+00', "
[92mINFO [0m:      	                                       "'9.0628e-01', '9.1932e-01', "
[92mINFO [0m:      	                                       "'7.9499e-01', '8.7895e-01']",
[92mINFO [0m:      	       'per-client-num-examples': "['1223', '1082', '1364', '517', '1435', "
[92mINFO [0m:      	                                  "'1505', '940', '870', '1152', '447', '729', "
[92mINFO [0m:      	                                  "'1294', '1012', '659', '800', '376']",
[92mINFO [0m:      	       'per-client-train_loss': "['4.2371e-01', '4.5118e-01', '4.1934e-01', "
[92mINFO [0m:      	                                "'4.9834e-01', '4.1152e-01', '4.4919e-01', "
[92mINFO [0m:      	                                "'4.0348e-01', '3.8841e-01', '4.1940e-01', "
[92mINFO [0m:      	                                "'3.7698e-01', '3.9043e-01', '4.5329e-01', "
[92mINFO [0m:      	                                "'4.3848e-01', '4.3660e-01', '4.1756e-01', "
[92mINFO [0m:      	                                "'4.0585e-01']",
[92mINFO [0m:      	       'per-client-train_loss_mean': "['5.4063e-01', '5.5858e-01', "
[92mINFO [0m:      	                                     "'5.2990e-01', '6.0033e-01', "
[92mINFO [0m:      	                                     "'5.1786e-01', '5.3261e-01', "
[92mINFO [0m:      	                                     "'5.2555e-01', '5.2446e-01', "
[92mINFO [0m:      	                                     "'5.2195e-01', '4.7636e-01', "
[92mINFO [0m:      	                                     "'5.0486e-01', '5.4064e-01', "
[92mINFO [0m:      	                                     "'5.6174e-01', '5.5880e-01', "
[92mINFO [0m:      	                                     "'5.2174e-01', '5.6949e-01']",
[92mINFO [0m:      	       'train_loss': '4.2588e-01',
[92mINFO [0m:      	       'train_loss_mean': '5.3514e-01'},
[92mINFO [0m:      	  8: { 'client-ids': "['0', '1', '2', '3', '4', '5', '6', '7', '8', '9', '10', "
[92mINFO [0m:      	                     "'11', '12', '13', '14', '15']",
[92mINFO [0m:      	       'dp-client-clipped': "['1', '1', '1', '0', '1', '1', '0', '0', '1', "
[92mINFO [0m:      	                            "'0', '0', '1', '1', '0', '0', '0']",
[92mINFO [0m:      	       'dp-client-ids': "['0', '1', '2', '3', '4', '5', '6', '7', '8', '9', "
[92mINFO [0m:      	                        "'10', '11', '12', '13', '14', '15']",
[92mINFO [0m:      	       'dp-expected-noise-l2-norm': '4.8624e+00',
[92mINFO [0m:      	       'dp-fraction-clipped': '5.0000e-01',
[92mINFO [0m:      	       'dp-noise-percent-of-signal': '2.6889e+02',
[92mINFO [0m:      	       'dp-noise-to-signal-ratio': '2.6889e+00',
[92mINFO [0m:      	       'dp-num-clients-clipped': '8',
[92mINFO [0m:      	       'dp-parameter-count': '226596',
[92mINFO [0m:      	       'dp-signal-update-norm': '1.8084e+00',
[92mINFO [0m:      	       'dp-update-norms-before-clipping': "['6.0096e+00', '5.5711e+00', "
[92mINFO [0m:      	                                          "'6.0405e+00', '4.1622e+00', "
[92mINFO [0m:      	                                          "'6.2767e+00', '5.9994e+00', "
[92mINFO [0m:      	                                          "'4.9995e+00', '4.9169e+00', "
[92mINFO [0m:      	                                          "'5.4561e+00', '3.7022e+00', "
[92mINFO [0m:      	                                          "'4.6081e+00', '6.1156e+00', "
[92mINFO [0m:      	                                          "'5.4774e+00', '4.3150e+00', "
[92mINFO [0m:      	                                          "'4.9214e+00', '3.5117e+00']",
[92mINFO [0m:      	       'metric-dp-distance': '1.2237e+00',
[92mINFO [0m:      	       'metric-dp-distance-mean': '1.0360e+00',
[92mINFO [0m:      	       'metric-dp-distance-median': '1.0472e+00',
[92mINFO [0m:      	       'metric-dp-distance-min': '7.2808e-01',
[92mINFO [0m:      	       'metric-dp-noise-stdv': '1.0215e-02',
[92mINFO [0m:      	       'metric-dp-pairwise-client-i': "['0', '0', '0', '0', '0', '0', '0', "
[92mINFO [0m:      	                                      "'0', '0', '0', '0', '0', '0', '0', '0', "
[92mINFO [0m:      	                                      "'1', '1', '1', '1', '1', '1', '1', '1', "
[92mINFO [0m:      	                                      "'1', '1', '1', '1', '1', '1', '2', '2', "
[92mINFO [0m:      	                                      "'2', '2', '2', '2', '2', '2', '2', '2', "
[92mINFO [0m:      	                                      "'2', '2', '2', '3', '3', '3', '3', '3', "
[92mINFO [0m:      	                                      "'3', '3', '3', '3', '3', '3', '3', '4', "
[92mINFO [0m:      	                                      "'4', '4', '4', '4', '4', '4', '4', '4', "
[92mINFO [0m:      	                                      "'4', '4', '5', '5', '5', '5', '5', '5', "
[92mINFO [0m:      	                                      "'5', '5', '5', '5', '6', '6', '6', '6', "
[92mINFO [0m:      	                                      "'6', '6', '6', '6', '6', '7', '7', '7', "
[92mINFO [0m:      	                                      "'7', '7', '7', '7', '7', '8', '8', '8', "
[92mINFO [0m:      	                                      "'8', '8', '8', '8', '9', '9', '9', '9', "
[92mINFO [0m:      	                                      "'9', '9', '10', '10', '10', '10', '10', "
[92mINFO [0m:      	                                      "'11', '11', '11', '11', '12', '12', "
[92mINFO [0m:      	                                      "'12', '13', '13', '14']",
[92mINFO [0m:      	       'metric-dp-pairwise-client-j': "['1', '2', '3', '4', '5', '6', '7', "
[92mINFO [0m:      	                                      "'8', '9', '10', '11', '12', '13', '14', "
[92mINFO [0m:      	                                      "'15', '2', '3', '4', '5', '6', '7', "
[92mINFO [0m:      	                                      "'8', '9', '10', '11', '12', '13', '14', "
[92mINFO [0m:      	                                      "'15', '3', '4', '5', '6', '7', '8', "
[92mINFO [0m:      	                                      "'9', '10', '11', '12', '13', '14', "
[92mINFO [0m:      	                                      "'15', '4', '5', '6', '7', '8', '9', "
[92mINFO [0m:      	                                      "'10', '11', '12', '13', '14', '15', "
[92mINFO [0m:      	                                      "'5', '6', '7', '8', '9', '10', '11', "
[92mINFO [0m:      	                                      "'12', '13', '14', '15', '6', '7', '8', "
[92mINFO [0m:      	                                      "'9', '10', '11', '12', '13', '14', "
[92mINFO [0m:      	                                      "'15', '7', '8', '9', '10', '11', '12', "
[92mINFO [0m:      	                                      "'13', '14', '15', '8', '9', '10', '11', "
[92mINFO [0m:      	                                      "'12', '13', '14', '15', '9', '10', "
[92mINFO [0m:      	                                      "'11', '12', '13', '14', '15', '10', "
[92mINFO [0m:      	                                      "'11', '12', '13', '14', '15', '11', "
[92mINFO [0m:      	                                      "'12', '13', '14', '15', '12', '13', "
[92mINFO [0m:      	                                      "'14', '15', '13', '14', '15', '14', "
[92mINFO [0m:      	                                      "'15', '15']",
[92mINFO [0m:      	       'metric-dp-pairwise-distances': "['1.1520e+00', '1.1861e+00', "
[92mINFO [0m:      	                                       "'1.0414e+00', '1.2197e+00', "
[92mINFO [0m:      	                                       "'1.1772e+00', '1.1105e+00', "
[92mINFO [0m:      	                                       "'1.0899e+00', '1.1385e+00', "
[92mINFO [0m:      	                                       "'1.0192e+00', '1.0841e+00', "
[92mINFO [0m:      	                                       "'1.1978e+00', '1.1257e+00', "
[92mINFO [0m:      	                                       "'1.0582e+00', '1.0858e+00', "
[92mINFO [0m:      	                                       "'1.0162e+00', '1.1589e+00', "
[92mINFO [0m:      	                                       "'1.0019e+00', '1.1676e+00', "
[92mINFO [0m:      	                                       "'1.1497e+00', '1.0571e+00', "
[92mINFO [0m:      	                                       "'1.0479e+00', '1.0934e+00', "
[92mINFO [0m:      	                                       "'9.7246e-01', '1.0072e+00', "
[92mINFO [0m:      	                                       "'1.1616e+00', '1.1111e+00', "
[92mINFO [0m:      	                                       "'1.0122e+00', '1.0536e+00', "
[92mINFO [0m:      	                                       "'9.4580e-01', '1.0378e+00', "
[92mINFO [0m:      	                                       "'1.2237e+00', '1.1867e+00', "
[92mINFO [0m:      	                                       "'1.1138e+00', '1.1009e+00', "
[92mINFO [0m:      	                                       "'1.1384e+00', '1.0220e+00', "
[92mINFO [0m:      	                                       "'1.0728e+00', '1.2042e+00', "
[92mINFO [0m:      	                                       "'1.1492e+00', '1.0586e+00', "
[92mINFO [0m:      	                                       "'1.0963e+00', '1.0156e+00', "
[92mINFO [0m:      	                                       "'1.0832e+00', '1.0415e+00', "
[92mINFO [0m:      	                                       "'9.4110e-01', '9.3198e-01', "
[92mINFO [0m:      	                                       "'9.6927e-01', '8.0071e-01', "
[92mINFO [0m:      	                                       "'8.8635e-01', '1.0494e+00', "
[92mINFO [0m:      	                                       "'9.7688e-01', '8.6289e-01', "
[92mINFO [0m:      	                                       "'9.1071e-01', '7.8233e-01', "
[92mINFO [0m:      	                                       "'1.2075e+00', '1.1146e+00', "
[92mINFO [0m:      	                                       "'1.1221e+00', '1.1528e+00', "
[92mINFO [0m:      	                                       "'1.0545e+00', '1.1066e+00', "
[92mINFO [0m:      	                                       "'1.2197e+00', '1.1710e+00', "
[92mINFO [0m:      	                                       "'1.0923e+00', '1.1166e+00', "
[92mINFO [0m:      	                                       "'1.0409e+00', '1.1125e+00', "
[92mINFO [0m:      	                                       "'1.0775e+00', '1.1495e+00', "
[92mINFO [0m:      	                                       "'1.0028e+00', '1.0633e+00', "
[92mINFO [0m:      	                                       "'1.1876e+00', '1.1320e+00', "
[92mINFO [0m:      	                                       "'1.0430e+00', '1.0897e+00', "
[92mINFO [0m:      	                                       "'9.9617e-01', '9.9443e-01', "
[92mINFO [0m:      	                                       "'1.0505e+00', '8.9912e-01', "
[92mINFO [0m:      	                                       "'9.5425e-01', '1.1266e+00', "
[92mINFO [0m:      	                                       "'1.0497e+00', '9.6441e-01', "
[92mINFO [0m:      	                                       "'1.0034e+00', '8.7865e-01', "
[92mINFO [0m:      	                                       "'1.0406e+00', '8.9133e-01', "
[92mINFO [0m:      	                                       "'9.4660e-01', '1.1033e+00', "
[92mINFO [0m:      	                                       "'1.0439e+00', '9.3747e-01', "
[92mINFO [0m:      	                                       "'9.7738e-01', '8.8104e-01', "
[92mINFO [0m:      	                                       "'9.4845e-01', '9.9363e-01', "
[92mINFO [0m:      	                                       "'1.1395e+00', '1.0735e+00', "
[92mINFO [0m:      	                                       "'9.9113e-01', '1.0251e+00', "
[92mINFO [0m:      	                                       "'9.2371e-01', '8.2613e-01', "
[92mINFO [0m:      	                                       "'1.0337e+00', '9.4528e-01', "
[92mINFO [0m:      	                                       "'8.2239e-01', '8.7016e-01', "
[92mINFO [0m:      	                                       "'7.2808e-01', '1.0805e+00', "
[92mINFO [0m:      	                                       "'1.0254e+00', '9.0848e-01', "
[92mINFO [0m:      	                                       "'9.3165e-01', '8.1795e-01', "
[92mINFO [0m:      	                                       "'1.1657e+00', '1.0699e+00', "
[92mINFO [0m:      	                                       "'1.0962e+00', '1.0305e+00', "
[92mINFO [0m:      	                                       "'9.8769e-01', '1.0464e+00', "
[92mINFO [0m:      	                                       "'9.2932e-01', '9.2602e-01', "
[92mINFO [0m:      	                                       "'8.1880e-01', '8.6994e-01']",
[92mINFO [0m:      	       'per-client-num-examples': "['1223', '1082', '1364', '517', '1435', "
[92mINFO [0m:      	                                  "'1505', '940', '870', '1152', '447', '729', "
[92mINFO [0m:      	                                  "'1294', '1012', '659', '800', '376']",
[92mINFO [0m:      	       'per-client-train_loss': "['3.8355e-01', '3.6673e-01', '3.5398e-01', "
[92mINFO [0m:      	                                "'4.6461e-01', '3.3854e-01', '3.6738e-01', "
[92mINFO [0m:      	                                "'3.4861e-01', '3.4927e-01', '3.7372e-01', "
[92mINFO [0m:      	                                "'3.2835e-01', '2.9313e-01', '3.6379e-01', "
[92mINFO [0m:      	                                "'3.8817e-01', '3.5878e-01', '3.5822e-01', "
[92mINFO [0m:      	                                "'2.8526e-01']",
[92mINFO [0m:      	       'per-client-train_loss_mean': "['4.8612e-01', '4.9149e-01', "
[92mINFO [0m:      	                                     "'4.8820e-01', '5.5878e-01', "
[92mINFO [0m:      	                                     "'4.6753e-01', '4.8968e-01', "
[92mINFO [0m:      	                                     "'4.7074e-01', '4.7357e-01', "
[92mINFO [0m:      	                                     "'4.8067e-01', '4.6385e-01', "
[92mINFO [0m:      	                                     "'4.4996e-01', '4.9913e-01', "
[92mINFO [0m:      	                                     "'5.1576e-01', '4.8915e-01', "
[92mINFO [0m:      	                                     "'5.0605e-01', '4.6763e-01']",
[92mINFO [0m:      	       'train_loss': '3.5988e-01',
[92mINFO [0m:      	       'train_loss_mean': '4.8708e-01'},
[92mINFO [0m:      	  9: { 'client-ids': "['0', '1', '2', '3', '4', '5', '6', '7', '8', '9', '10', "
[92mINFO [0m:      	                     "'11', '12', '13', '14', '15']",
[92mINFO [0m:      	       'dp-client-clipped': "['1', '1', '1', '0', '1', '1', '1', '0', '1', "
[92mINFO [0m:      	                            "'0', '0', '1', '1', '0', '1', '0']",
[92mINFO [0m:      	       'dp-client-ids': "['0', '1', '2', '3', '4', '5', '6', '7', '8', '9', "
[92mINFO [0m:      	                        "'10', '11', '12', '13', '14', '15']",
[92mINFO [0m:      	       'dp-expected-noise-l2-norm': '4.8131e+00',
[92mINFO [0m:      	       'dp-fraction-clipped': '6.2500e-01',
[92mINFO [0m:      	       'dp-noise-percent-of-signal': '2.7826e+02',
[92mINFO [0m:      	       'dp-noise-to-signal-ratio': '2.7826e+00',
[92mINFO [0m:      	       'dp-num-clients-clipped': '10',
[92mINFO [0m:      	       'dp-parameter-count': '226596',
[92mINFO [0m:      	       'dp-signal-update-norm': '1.7297e+00',
[92mINFO [0m:      	       'dp-update-norms-before-clipping': "['5.8569e+00', '5.4310e+00', "
[92mINFO [0m:      	                                          "'6.3201e+00', '4.2437e+00', "
[92mINFO [0m:      	                                          "'6.1738e+00', '6.2015e+00', "
[92mINFO [0m:      	                                          "'5.0695e+00', '4.9029e+00', "
[92mINFO [0m:      	                                          "'5.5278e+00', '3.8268e+00', "
[92mINFO [0m:      	                                          "'4.6617e+00', '5.9845e+00', "
[92mINFO [0m:      	                                          "'5.4354e+00', '4.2996e+00', "
[92mINFO [0m:      	                                          "'5.0268e+00', '3.5672e+00']",
[92mINFO [0m:      	       'metric-dp-distance': '1.2363e+00',
[92mINFO [0m:      	       'metric-dp-distance-mean': '1.0438e+00',
[92mINFO [0m:      	       'metric-dp-distance-median': '1.0554e+00',
[92mINFO [0m:      	       'metric-dp-distance-min': '7.5201e-01',
[92mINFO [0m:      	       'metric-dp-noise-stdv': '1.0111e-02',
[92mINFO [0m:      	       'metric-dp-pairwise-client-i': "['0', '0', '0', '0', '0', '0', '0', "
[92mINFO [0m:      	                                      "'0', '0', '0', '0', '0', '0', '0', '0', "
[92mINFO [0m:      	                                      "'1', '1', '1', '1', '1', '1', '1', '1', "
[92mINFO [0m:      	                                      "'1', '1', '1', '1', '1', '1', '2', '2', "
[92mINFO [0m:      	                                      "'2', '2', '2', '2', '2', '2', '2', '2', "
[92mINFO [0m:      	                                      "'2', '2', '2', '3', '3', '3', '3', '3', "
[92mINFO [0m:      	                                      "'3', '3', '3', '3', '3', '3', '3', '4', "
[92mINFO [0m:      	                                      "'4', '4', '4', '4', '4', '4', '4', '4', "
[92mINFO [0m:      	                                      "'4', '4', '5', '5', '5', '5', '5', '5', "
[92mINFO [0m:      	                                      "'5', '5', '5', '5', '6', '6', '6', '6', "
[92mINFO [0m:      	                                      "'6', '6', '6', '6', '6', '7', '7', '7', "
[92mINFO [0m:      	                                      "'7', '7', '7', '7', '7', '8', '8', '8', "
[92mINFO [0m:      	                                      "'8', '8', '8', '8', '9', '9', '9', '9', "
[92mINFO [0m:      	                                      "'9', '9', '10', '10', '10', '10', '10', "
[92mINFO [0m:      	                                      "'11', '11', '11', '11', '12', '12', "
[92mINFO [0m:      	                                      "'12', '13', '13', '14']",
[92mINFO [0m:      	       'metric-dp-pairwise-client-j': "['1', '2', '3', '4', '5', '6', '7', "
[92mINFO [0m:      	                                      "'8', '9', '10', '11', '12', '13', '14', "
[92mINFO [0m:      	                                      "'15', '2', '3', '4', '5', '6', '7', "
[92mINFO [0m:      	                                      "'8', '9', '10', '11', '12', '13', '14', "
[92mINFO [0m:      	                                      "'15', '3', '4', '5', '6', '7', '8', "
[92mINFO [0m:      	                                      "'9', '10', '11', '12', '13', '14', "
[92mINFO [0m:      	                                      "'15', '4', '5', '6', '7', '8', '9', "
[92mINFO [0m:      	                                      "'10', '11', '12', '13', '14', '15', "
[92mINFO [0m:      	                                      "'5', '6', '7', '8', '9', '10', '11', "
[92mINFO [0m:      	                                      "'12', '13', '14', '15', '6', '7', '8', "
[92mINFO [0m:      	                                      "'9', '10', '11', '12', '13', '14', "
[92mINFO [0m:      	                                      "'15', '7', '8', '9', '10', '11', '12', "
[92mINFO [0m:      	                                      "'13', '14', '15', '8', '9', '10', '11', "
[92mINFO [0m:      	                                      "'12', '13', '14', '15', '9', '10', "
[92mINFO [0m:      	                                      "'11', '12', '13', '14', '15', '10', "
[92mINFO [0m:      	                                      "'11', '12', '13', '14', '15', '11', "
[92mINFO [0m:      	                                      "'12', '13', '14', '15', '12', '13', "
[92mINFO [0m:      	                                      "'14', '15', '13', '14', '15', '14', "
[92mINFO [0m:      	                                      "'15', '15']",
[92mINFO [0m:      	       'metric-dp-pairwise-distances': "['1.1203e+00', '1.2188e+00', "
[92mINFO [0m:      	                                       "'1.0383e+00', '1.2026e+00', "
[92mINFO [0m:      	                                       "'1.1852e+00', '1.0993e+00', "
[92mINFO [0m:      	                                       "'1.0808e+00', '1.1417e+00', "
[92mINFO [0m:      	                                       "'1.0198e+00', '1.0761e+00', "
[92mINFO [0m:      	                                       "'1.1806e+00', '1.1242e+00', "
[92mINFO [0m:      	                                       "'1.0373e+00', '1.0861e+00', "
[92mINFO [0m:      	                                       "'9.9567e-01', '1.1728e+00', "
[92mINFO [0m:      	                                       "'9.7766e-01', '1.1500e+00', "
[92mINFO [0m:      	                                       "'1.1499e+00', '1.0435e+00', "
[92mINFO [0m:      	                                       "'1.0443e+00', '1.0930e+00', "
[92mINFO [0m:      	                                       "'9.5567e-01', '1.0122e+00', "
[92mINFO [0m:      	                                       "'1.1180e+00', '1.0836e+00', "
[92mINFO [0m:      	                                       "'9.8358e-01', '1.0476e+00', "
[92mINFO [0m:      	                                       "'9.3160e-01', '1.0916e+00', "
[92mINFO [0m:      	                                       "'1.2332e+00', '1.2363e+00', "
[92mINFO [0m:      	                                       "'1.1463e+00', '1.1404e+00', "
[92mINFO [0m:      	                                       "'1.1783e+00', '1.0732e+00', "
[92mINFO [0m:      	                                       "'1.1124e+00', '1.2098e+00', "
[92mINFO [0m:      	                                       "'1.1628e+00', '1.0891e+00', "
[92mINFO [0m:      	                                       "'1.1433e+00', '1.0600e+00', "
[92mINFO [0m:      	                                       "'1.0735e+00', '1.0722e+00', "
[92mINFO [0m:      	                                       "'9.4976e-01', '9.3697e-01', "
[92mINFO [0m:      	                                       "'9.9296e-01', '8.2833e-01', "
[92mINFO [0m:      	                                       "'8.9795e-01', '1.0394e+00', "
[92mINFO [0m:      	                                       "'9.8621e-01', '8.6790e-01', "
[92mINFO [0m:      	                                       "'9.3617e-01', '8.0235e-01', "
[92mINFO [0m:      	                                       "'1.2231e+00', '1.1331e+00', "
[92mINFO [0m:      	                                       "'1.1138e+00', '1.1537e+00', "
[92mINFO [0m:      	                                       "'1.0496e+00', '1.0949e+00', "
[92mINFO [0m:      	                                       "'1.1863e+00', '1.1561e+00', "
[92mINFO [0m:      	                                       "'1.0706e+00', '1.1209e+00', "
[92mINFO [0m:      	                                       "'1.0316e+00', '1.1366e+00', "
[92mINFO [0m:      	                                       "'1.1088e+00', '1.1677e+00', "
[92mINFO [0m:      	                                       "'1.0525e+00', '1.1086e+00', "
[92mINFO [0m:      	                                       "'1.2000e+00', '1.1477e+00', "
[92mINFO [0m:      	                                       "'1.0646e+00', '1.1251e+00', "
[92mINFO [0m:      	                                       "'1.0269e+00', '1.0051e+00', "
[92mINFO [0m:      	                                       "'1.0759e+00', '9.2127e-01', "
[92mINFO [0m:      	                                       "'9.8013e-01', '1.1055e+00', "
[92mINFO [0m:      	                                       "'1.0421e+00', '9.6088e-01', "
[92mINFO [0m:      	                                       "'1.0138e+00', '8.7080e-01', "
[92mINFO [0m:      	                                       "'1.0610e+00', '9.0537e-01', "
[92mINFO [0m:      	                                       "'9.7131e-01', '1.0861e+00', "
[92mINFO [0m:      	                                       "'1.0429e+00', '9.4253e-01', "
[92mINFO [0m:      	                                       "'1.0035e+00', '8.7921e-01', "
[92mINFO [0m:      	                                       "'9.7704e-01', '1.0217e+00', "
[92mINFO [0m:      	                                       "'1.1339e+00', '1.0883e+00', "
[92mINFO [0m:      	                                       "'9.9658e-01', '1.0611e+00', "
[92mINFO [0m:      	                                       "'9.4212e-01', '8.6407e-01', "
[92mINFO [0m:      	                                       "'1.0256e+00', '9.5225e-01', "
[92mINFO [0m:      	                                       "'8.3488e-01', '9.1335e-01', "
[92mINFO [0m:      	                                       "'7.5201e-01', '1.0796e+00', "
[92mINFO [0m:      	                                       "'1.0193e+00', '9.1110e-01', "
[92mINFO [0m:      	                                       "'9.6648e-01', '8.4497e-01', "
[92mINFO [0m:      	                                       "'1.1326e+00', '1.0465e+00', "
[92mINFO [0m:      	                                       "'1.0989e+00', '1.0091e+00', "
[92mINFO [0m:      	                                       "'9.7819e-01', '1.0582e+00', "
[92mINFO [0m:      	                                       "'9.2134e-01', '9.4839e-01', "
[92mINFO [0m:      	                                       "'8.0971e-01', '8.9273e-01']",
[92mINFO [0m:      	       'per-client-num-examples': "['1223', '1082', '1364', '517', '1435', "
[92mINFO [0m:      	                                  "'1505', '940', '870', '1152', '447', '729', "
[92mINFO [0m:      	                                  "'1294', '1012', '659', '800', '376']",
[92mINFO [0m:      	       'per-client-train_loss': "['3.1195e-01', '3.3985e-01', '2.5749e-01', "
[92mINFO [0m:      	                                "'2.9909e-01', '2.4927e-01', '2.7742e-01', "
[92mINFO [0m:      	                                "'3.0151e-01', '2.8434e-01', '2.8778e-01', "
[92mINFO [0m:      	                                "'2.8577e-01', '2.2745e-01', '3.2709e-01', "
[92mINFO [0m:      	                                "'2.8573e-01', '2.9494e-01', '2.7248e-01', "
[92mINFO [0m:      	                                "'2.3518e-01']",
[92mINFO [0m:      	       'per-client-train_loss_mean': "['4.4553e-01', '4.6278e-01', "
[92mINFO [0m:      	                                     "'4.1443e-01', '4.6306e-01', "
[92mINFO [0m:      	                                     "'3.9633e-01', '4.0526e-01', "
[92mINFO [0m:      	                                     "'4.2426e-01', '4.1138e-01', "
[92mINFO [0m:      	                                     "'4.2677e-01', '4.0930e-01', "
[92mINFO [0m:      	                                     "'3.9312e-01', '4.5151e-01', "
[92mINFO [0m:      	                                     "'4.3778e-01', '4.4307e-01', "
[92mINFO [0m:      	                                     "'4.1302e-01', '4.0597e-01']",
[92mINFO [0m:      	       'train_loss': '2.8558e-01',
[92mINFO [0m:      	       'train_loss_mean': '4.2513e-01'},
[92mINFO [0m:      	  10: { 'client-ids': "['0', '1', '2', '3', '4', '5', '6', '7', '8', '9', "
[92mINFO [0m:      	                      "'10', '11', '12', '13', '14', '15']",
[92mINFO [0m:      	        'dp-client-clipped': "['1', '1', '1', '0', '1', '1', '1', '0', '1', "
[92mINFO [0m:      	                             "'0', '0', '1', '1', '0', '0', '0']",
[92mINFO [0m:      	        'dp-client-ids': "['0', '1', '2', '3', '4', '5', '6', '7', '8', '9', "
[92mINFO [0m:      	                         "'10', '11', '12', '13', '14', '15']",
[92mINFO [0m:      	        'dp-expected-noise-l2-norm': '4.9086e+00',
[92mINFO [0m:      	        'dp-fraction-clipped': '5.6250e-01',
[92mINFO [0m:      	        'dp-noise-percent-of-signal': '3.0158e+02',
[92mINFO [0m:      	        'dp-noise-to-signal-ratio': '3.0158e+00',
[92mINFO [0m:      	        'dp-num-clients-clipped': '9',
[92mINFO [0m:      	        'dp-parameter-count': '226596',
[92mINFO [0m:      	        'dp-signal-update-norm': '1.6276e+00',
[92mINFO [0m:      	        'dp-update-norms-before-clipping': "['5.8726e+00', '5.5096e+00', "
[92mINFO [0m:      	                                           "'5.9040e+00', '4.0655e+00', "
[92mINFO [0m:      	                                           "'6.0421e+00', '5.9812e+00', "
[92mINFO [0m:      	                                           "'5.0985e+00', '4.9421e+00', "
[92mINFO [0m:      	                                           "'5.6270e+00', '3.6000e+00', "
[92mINFO [0m:      	                                           "'4.4741e+00', '5.9755e+00', "
[92mINFO [0m:      	                                           "'5.3847e+00', '4.4082e+00', "
[92mINFO [0m:      	                                           "'4.9012e+00', '3.5697e+00']",
[92mINFO [0m:      	        'metric-dp-distance': '1.2122e+00',
[92mINFO [0m:      	        'metric-dp-distance-mean': '1.0364e+00',
[92mINFO [0m:      	        'metric-dp-distance-median': '1.0495e+00',
[92mINFO [0m:      	        'metric-dp-distance-min': '7.2518e-01',
[92mINFO [0m:      	        'metric-dp-noise-stdv': '1.0312e-02',
[92mINFO [0m:      	        'metric-dp-pairwise-client-i': "['0', '0', '0', '0', '0', '0', '0', "
[92mINFO [0m:      	                                       "'0', '0', '0', '0', '0', '0', '0', "
[92mINFO [0m:      	                                       "'0', '1', '1', '1', '1', '1', '1', "
[92mINFO [0m:      	                                       "'1', '1', '1', '1', '1', '1', '1', "
[92mINFO [0m:      	                                       "'1', '2', '2', '2', '2', '2', '2', "
[92mINFO [0m:      	                                       "'2', '2', '2', '2', '2', '2', '2', "
[92mINFO [0m:      	                                       "'3', '3', '3', '3', '3', '3', '3', "
[92mINFO [0m:      	                                       "'3', '3', '3', '3', '3', '4', '4', "
[92mINFO [0m:      	                                       "'4', '4', '4', '4', '4', '4', '4', "
[92mINFO [0m:      	                                       "'4', '4', '5', '5', '5', '5', '5', "
[92mINFO [0m:      	                                       "'5', '5', '5', '5', '5', '6', '6', "
[92mINFO [0m:      	                                       "'6', '6', '6', '6', '6', '6', '6', "
[92mINFO [0m:      	                                       "'7', '7', '7', '7', '7', '7', '7', "
[92mINFO [0m:      	                                       "'7', '8', '8', '8', '8', '8', '8', "
[92mINFO [0m:      	                                       "'8', '9', '9', '9', '9', '9', '9', "
[92mINFO [0m:      	                                       "'10', '10', '10', '10', '10', '11', "
[92mINFO [0m:      	                                       "'11', '11', '11', '12', '12', '12', "
[92mINFO [0m:      	                                       "'13', '13', '14']",
[92mINFO [0m:      	        'metric-dp-pairwise-client-j': "['1', '2', '3', '4', '5', '6', '7', "
[92mINFO [0m:      	                                       "'8', '9', '10', '11', '12', '13', "
[92mINFO [0m:      	                                       "'14', '15', '2', '3', '4', '5', '6', "
[92mINFO [0m:      	                                       "'7', '8', '9', '10', '11', '12', '13', "
[92mINFO [0m:      	                                       "'14', '15', '3', '4', '5', '6', '7', "
[92mINFO [0m:      	                                       "'8', '9', '10', '11', '12', '13', "
[92mINFO [0m:      	                                       "'14', '15', '4', '5', '6', '7', '8', "
[92mINFO [0m:      	                                       "'9', '10', '11', '12', '13', '14', "
[92mINFO [0m:      	                                       "'15', '5', '6', '7', '8', '9', '10', "
[92mINFO [0m:      	                                       "'11', '12', '13', '14', '15', '6', "
[92mINFO [0m:      	                                       "'7', '8', '9', '10', '11', '12', '13', "
[92mINFO [0m:      	                                       "'14', '15', '7', '8', '9', '10', '11', "
[92mINFO [0m:      	                                       "'12', '13', '14', '15', '8', '9', "
[92mINFO [0m:      	                                       "'10', '11', '12', '13', '14', '15', "
[92mINFO [0m:      	                                       "'9', '10', '11', '12', '13', '14', "
[92mINFO [0m:      	                                       "'15', '10', '11', '12', '13', '14', "
[92mINFO [0m:      	                                       "'15', '11', '12', '13', '14', '15', "
[92mINFO [0m:      	                                       "'12', '13', '14', '15', '13', '14', "
[92mINFO [0m:      	                                       "'15', '14', '15', '15']",
[92mINFO [0m:      	        'metric-dp-pairwise-distances': "['1.1395e+00', '1.1857e+00', "
[92mINFO [0m:      	                                        "'1.0232e+00', '1.1978e+00', "
[92mINFO [0m:      	                                        "'1.1986e+00', '1.1042e+00', "
[92mINFO [0m:      	                                        "'1.0833e+00', '1.1615e+00', "
[92mINFO [0m:      	                                        "'9.9221e-01', '1.0525e+00', "
[92mINFO [0m:      	                                        "'1.1898e+00', '1.1503e+00', "
[92mINFO [0m:      	                                        "'1.0486e+00', '1.0840e+00', "
[92mINFO [0m:      	                                        "'1.0069e+00', '1.1552e+00', "
[92mINFO [0m:      	                                        "'9.8991e-01', '1.1463e+00', "
[92mINFO [0m:      	                                        "'1.1562e+00', '1.0571e+00', "
[92mINFO [0m:      	                                        "'1.0553e+00', '1.1131e+00', "
[92mINFO [0m:      	                                        "'9.5690e-01', '1.0051e+00', "
[92mINFO [0m:      	                                        "'1.1354e+00', '1.1168e+00', "
[92mINFO [0m:      	                                        "'1.0109e+00', '1.0538e+00', "
[92mINFO [0m:      	                                        "'9.4346e-01', '1.0253e+00', "
[92mINFO [0m:      	                                        "'1.2011e+00', '1.1999e+00', "
[92mINFO [0m:      	                                        "'1.1122e+00', '1.0969e+00', "
[92mINFO [0m:      	                                        "'1.1540e+00', '1.0072e+00', "
[92mINFO [0m:      	                                        "'1.0571e+00', '1.1825e+00', "
[92mINFO [0m:      	                                        "'1.1357e+00', '1.0609e+00', "
[92mINFO [0m:      	                                        "'1.0946e+00', '1.0138e+00', "
[92mINFO [0m:      	                                        "'1.0504e+00', '1.0477e+00', "
[92mINFO [0m:      	                                        "'9.3675e-01', '9.2472e-01', "
[92mINFO [0m:      	                                        "'1.0014e+00', '7.8228e-01', "
[92mINFO [0m:      	                                        "'8.6904e-01', '1.0230e+00', "
[92mINFO [0m:      	                                        "'9.8331e-01', '8.6231e-01', "
[92mINFO [0m:      	                                        "'9.0935e-01', '7.7864e-01', "
[92mINFO [0m:      	                                        "'1.2122e+00', '1.1152e+00', "
[92mINFO [0m:      	                                        "'1.1072e+00', '1.1645e+00', "
[92mINFO [0m:      	                                        "'1.0218e+00', '1.0760e+00', "
[92mINFO [0m:      	                                        "'1.1907e+00', '1.1573e+00', "
[92mINFO [0m:      	                                        "'1.0741e+00', '1.1029e+00', "
[92mINFO [0m:      	                                        "'1.0130e+00', '1.1349e+00', "
[92mINFO [0m:      	                                        "'1.1052e+00', '1.1786e+00', "
[92mINFO [0m:      	                                        "'1.0196e+00', '1.0762e+00', "
[92mINFO [0m:      	                                        "'1.2007e+00', '1.1471e+00', "
[92mINFO [0m:      	                                        "'1.0648e+00', '1.1070e+00', "
[92mINFO [0m:      	                                        "'1.0141e+00', '1.0104e+00', "
[92mINFO [0m:      	                                        "'1.0799e+00', '9.0588e-01', "
[92mINFO [0m:      	                                        "'9.5774e-01', '1.1105e+00', "
[92mINFO [0m:      	                                        "'1.0478e+00', '9.6858e-01', "
[92mINFO [0m:      	                                        "'1.0049e+00', '8.7865e-01', "
[92mINFO [0m:      	                                        "'1.0746e+00', '8.9704e-01', "
[92mINFO [0m:      	                                        "'9.5498e-01', '1.0953e+00', "
[92mINFO [0m:      	                                        "'1.0477e+00', '9.5266e-01', "
[92mINFO [0m:      	                                        "'9.9654e-01', '8.9281e-01', "
[92mINFO [0m:      	                                        "'9.7123e-01', '1.0156e+00', "
[92mINFO [0m:      	                                        "'1.1426e+00', '1.1115e+00', "
[92mINFO [0m:      	                                        "'1.0259e+00', '1.0619e+00', "
[92mINFO [0m:      	                                        "'9.5228e-01', '8.2391e-01', "
[92mINFO [0m:      	                                        "'1.0068e+00', '9.4743e-01', "
[92mINFO [0m:      	                                        "'8.2253e-01', '8.7692e-01', "
[92mINFO [0m:      	                                        "'7.2518e-01', '1.0586e+00', "
[92mINFO [0m:      	                                        "'1.0121e+00', '9.0751e-01', "
[92mINFO [0m:      	                                        "'9.3294e-01', '8.1750e-01', "
[92mINFO [0m:      	                                        "'1.1511e+00', '1.0602e+00', "
[92mINFO [0m:      	                                        "'1.0913e+00', '1.0092e+00', "
[92mINFO [0m:      	                                        "'1.0030e+00', '1.0588e+00', "
[92mINFO [0m:      	                                        "'9.4088e-01', '9.4432e-01', "
[92mINFO [0m:      	                                        "'8.3166e-01', '8.8529e-01']",
[92mINFO [0m:      	        'per-client-num-examples': "['1223', '1082', '1364', '517', '1435', "
[92mINFO [0m:      	                                   "'1505', '940', '870', '1152', '447', "
[92mINFO [0m:      	                                   "'729', '1294', '1012', '659', '800', "
[92mINFO [0m:      	                                   "'376']",
[92mINFO [0m:      	        'per-client-train_loss': "['3.1011e-01', '2.6046e-01', '2.3095e-01', "
[92mINFO [0m:      	                                 "'2.7348e-01', '2.3856e-01', '2.7612e-01', "
[92mINFO [0m:      	                                 "'2.3589e-01', '2.3111e-01', '2.1579e-01', "
[92mINFO [0m:      	                                 "'1.8342e-01', '1.9679e-01', '2.3569e-01', "
[92mINFO [0m:      	                                 "'2.4999e-01', '2.7488e-01', '2.3812e-01', "
[92mINFO [0m:      	                                 "'1.5449e-01']",
[92mINFO [0m:      	        'per-client-train_loss_mean': "['4.0646e-01', '3.8288e-01', "
[92mINFO [0m:      	                                      "'3.6170e-01', '4.5804e-01', "
[92mINFO [0m:      	                                      "'3.7189e-01', '4.1290e-01', "
[92mINFO [0m:      	                                      "'3.9033e-01', '3.6744e-01', "
[92mINFO [0m:      	                                      "'3.5726e-01', '3.6609e-01', "
[92mINFO [0m:      	                                      "'3.5378e-01', '3.9721e-01', "
[92mINFO [0m:      	                                      "'4.0712e-01', '4.3325e-01', "
[92mINFO [0m:      	                                      "'3.7386e-01', '3.5138e-01']",
[92mINFO [0m:      	        'train_loss': '2.4407e-01',
[92mINFO [0m:      	        'train_loss_mean': '3.8682e-01'},
[92mINFO [0m:      	  11: { 'client-ids': "['0', '1', '2', '3', '4', '5', '6', '7', '8', '9', "
[92mINFO [0m:      	                      "'10', '11', '12', '13', '14', '15']",
[92mINFO [0m:      	        'dp-client-clipped': "['1', '1', '1', '0', '1', '1', '1', '0', '1', "
[92mINFO [0m:      	                             "'0', '0', '1', '1', '0', '0', '0']",
[92mINFO [0m:      	        'dp-client-ids': "['0', '1', '2', '3', '4', '5', '6', '7', '8', '9', "
[92mINFO [0m:      	                         "'10', '11', '12', '13', '14', '15']",
[92mINFO [0m:      	        'dp-expected-noise-l2-norm': '4.8057e+00',
[92mINFO [0m:      	        'dp-fraction-clipped': '5.6250e-01',
[92mINFO [0m:      	        'dp-noise-percent-of-signal': '3.1200e+02',
[92mINFO [0m:      	        'dp-noise-to-signal-ratio': '3.1200e+00',
[92mINFO [0m:      	        'dp-num-clients-clipped': '9',
[92mINFO [0m:      	        'dp-parameter-count': '226596',
[92mINFO [0m:      	        'dp-signal-update-norm': '1.5403e+00',
[92mINFO [0m:      	        'dp-update-norms-before-clipping': "['5.9424e+00', '5.3326e+00', "
[92mINFO [0m:      	                                           "'5.8454e+00', '4.0546e+00', "
[92mINFO [0m:      	                                           "'6.0482e+00', '6.1832e+00', "
[92mINFO [0m:      	                                           "'5.2375e+00', '4.9249e+00', "
[92mINFO [0m:      	                                           "'5.5485e+00', '3.6806e+00', "
[92mINFO [0m:      	                                           "'4.4639e+00', '5.9420e+00', "
[92mINFO [0m:      	                                           "'5.2282e+00', '4.4828e+00', "
[92mINFO [0m:      	                                           "'4.5875e+00', '3.3761e+00']",
[92mINFO [0m:      	        'metric-dp-distance': '1.2382e+00',
[92mINFO [0m:      	        'metric-dp-distance-mean': '1.0412e+00',
[92mINFO [0m:      	        'metric-dp-distance-median': '1.0483e+00',
[92mINFO [0m:      	        'metric-dp-distance-min': '7.1318e-01',
[92mINFO [0m:      	        'metric-dp-noise-stdv': '1.0095e-02',
[92mINFO [0m:      	        'metric-dp-pairwise-client-i': "['0', '0', '0', '0', '0', '0', '0', "
[92mINFO [0m:      	                                       "'0', '0', '0', '0', '0', '0', '0', "
[92mINFO [0m:      	                                       "'0', '1', '1', '1', '1', '1', '1', "
[92mINFO [0m:      	                                       "'1', '1', '1', '1', '1', '1', '1', "
[92mINFO [0m:      	                                       "'1', '2', '2', '2', '2', '2', '2', "
[92mINFO [0m:      	                                       "'2', '2', '2', '2', '2', '2', '2', "
[92mINFO [0m:      	                                       "'3', '3', '3', '3', '3', '3', '3', "
[92mINFO [0m:      	                                       "'3', '3', '3', '3', '3', '4', '4', "
[92mINFO [0m:      	                                       "'4', '4', '4', '4', '4', '4', '4', "
[92mINFO [0m:      	                                       "'4', '4', '5', '5', '5', '5', '5', "
[92mINFO [0m:      	                                       "'5', '5', '5', '5', '5', '6', '6', "
[92mINFO [0m:      	                                       "'6', '6', '6', '6', '6', '6', '6', "
[92mINFO [0m:      	                                       "'7', '7', '7', '7', '7', '7', '7', "
[92mINFO [0m:      	                                       "'7', '8', '8', '8', '8', '8', '8', "
[92mINFO [0m:      	                                       "'8', '9', '9', '9', '9', '9', '9', "
[92mINFO [0m:      	                                       "'10', '10', '10', '10', '10', '11', "
[92mINFO [0m:      	                                       "'11', '11', '11', '12', '12', '12', "
[92mINFO [0m:      	                                       "'13', '13', '14']",
[92mINFO [0m:      	        'metric-dp-pairwise-client-j': "['1', '2', '3', '4', '5', '6', '7', "
[92mINFO [0m:      	                                       "'8', '9', '10', '11', '12', '13', "
[92mINFO [0m:      	                                       "'14', '15', '2', '3', '4', '5', '6', "
[92mINFO [0m:      	                                       "'7', '8', '9', '10', '11', '12', '13', "
[92mINFO [0m:      	                                       "'14', '15', '3', '4', '5', '6', '7', "
[92mINFO [0m:      	                                       "'8', '9', '10', '11', '12', '13', "
[92mINFO [0m:      	                                       "'14', '15', '4', '5', '6', '7', '8', "
[92mINFO [0m:      	                                       "'9', '10', '11', '12', '13', '14', "
[92mINFO [0m:      	                                       "'15', '5', '6', '7', '8', '9', '10', "
[92mINFO [0m:      	                                       "'11', '12', '13', '14', '15', '6', "
[92mINFO [0m:      	                                       "'7', '8', '9', '10', '11', '12', '13', "
[92mINFO [0m:      	                                       "'14', '15', '7', '8', '9', '10', '11', "
[92mINFO [0m:      	                                       "'12', '13', '14', '15', '8', '9', "
[92mINFO [0m:      	                                       "'10', '11', '12', '13', '14', '15', "
[92mINFO [0m:      	                                       "'9', '10', '11', '12', '13', '14', "
[92mINFO [0m:      	                                       "'15', '10', '11', '12', '13', '14', "
[92mINFO [0m:      	                                       "'15', '11', '12', '13', '14', '15', "
[92mINFO [0m:      	                                       "'12', '13', '14', '15', '13', '14', "
[92mINFO [0m:      	                                       "'15', '14', '15', '15']",
[92mINFO [0m:      	        'metric-dp-pairwise-distances': "['1.1444e+00', '1.1914e+00', "
[92mINFO [0m:      	                                        "'1.0392e+00', '1.2295e+00', "
[92mINFO [0m:      	                                        "'1.2204e+00', '1.1312e+00', "
[92mINFO [0m:      	                                        "'1.1050e+00', '1.1863e+00', "
[92mINFO [0m:      	                                        "'1.0167e+00', '1.0832e+00', "
[92mINFO [0m:      	                                        "'1.2047e+00', '1.1214e+00', "
[92mINFO [0m:      	                                        "'1.0828e+00', '1.0807e+00', "
[92mINFO [0m:      	                                        "'1.0050e+00', '1.1471e+00', "
[92mINFO [0m:      	                                        "'9.7843e-01', '1.1504e+00', "
[92mINFO [0m:      	                                        "'1.1707e+00', '1.0755e+00', "
[92mINFO [0m:      	                                        "'1.0465e+00', '1.1092e+00', "
[92mINFO [0m:      	                                        "'9.5130e-01', '1.0024e+00', "
[92mINFO [0m:      	                                        "'1.1417e+00', '1.0809e+00', "
[92mINFO [0m:      	                                        "'1.0089e+00', '1.0165e+00', "
[92mINFO [0m:      	                                        "'9.1699e-01', '1.0267e+00', "
[92mINFO [0m:      	                                        "'1.2206e+00', '1.2125e+00', "
[92mINFO [0m:      	                                        "'1.1327e+00', '1.1021e+00', "
[92mINFO [0m:      	                                        "'1.1559e+00', '1.0185e+00', "
[92mINFO [0m:      	                                        "'1.0651e+00', '1.1897e+00', "
[92mINFO [0m:      	                                        "'1.1133e+00', '1.0751e+00', "
[92mINFO [0m:      	                                        "'1.0811e+00', '1.0048e+00', "
[92mINFO [0m:      	                                        "'1.0660e+00', '1.0782e+00', "
[92mINFO [0m:      	                                        "'9.5749e-01', '9.2366e-01', "
[92mINFO [0m:      	                                        "'9.9961e-01', '7.9895e-01', "
[92mINFO [0m:      	                                        "'8.7950e-01', '1.0301e+00', "
[92mINFO [0m:      	                                        "'9.5986e-01', '8.9147e-01', "
[92mINFO [0m:      	                                        "'8.8656e-01', '7.7164e-01', "
[92mINFO [0m:      	                                        "'1.2382e+00', '1.1465e+00', "
[92mINFO [0m:      	                                        "'1.1213e+00', '1.1722e+00', "
[92mINFO [0m:      	                                        "'1.0365e+00', '1.0852e+00', "
[92mINFO [0m:      	                                        "'1.2058e+00', '1.1470e+00', "
[92mINFO [0m:      	                                        "'1.0931e+00', '1.0894e+00', "
[92mINFO [0m:      	                                        "'1.0125e+00', '1.1638e+00', "
[92mINFO [0m:      	                                        "'1.1218e+00', '1.2043e+00', "
[92mINFO [0m:      	                                        "'1.0502e+00', '1.0995e+00', "
[92mINFO [0m:      	                                        "'1.2166e+00', '1.1604e+00', "
[92mINFO [0m:      	                                        "'1.1018e+00', '1.1040e+00', "
[92mINFO [0m:      	                                        "'1.0314e+00', '1.0351e+00', "
[92mINFO [0m:      	                                        "'1.1063e+00', '9.3861e-01', "
[92mINFO [0m:      	                                        "'9.8317e-01', '1.1340e+00', "
[92mINFO [0m:      	                                        "'1.0569e+00', '1.0043e+00', "
[92mINFO [0m:      	                                        "'1.0042e+00', '8.9349e-01', "
[92mINFO [0m:      	                                        "'1.0802e+00', '9.0440e-01', "
[92mINFO [0m:      	                                        "'9.5276e-01', '1.1067e+00', "
[92mINFO [0m:      	                                        "'1.0342e+00', '9.7680e-01', "
[92mINFO [0m:      	                                        "'9.7221e-01', '8.7452e-01', "
[92mINFO [0m:      	                                        "'9.8363e-01', '1.0287e+00', "
[92mINFO [0m:      	                                        "'1.1668e+00', '1.0891e+00', "
[92mINFO [0m:      	                                        "'1.0223e+00', '1.0418e+00', "
[92mINFO [0m:      	                                        "'9.4622e-01', '8.3960e-01', "
[92mINFO [0m:      	                                        "'1.0168e+00', '9.2269e-01', "
[92mINFO [0m:      	                                        "'8.5250e-01', '8.5899e-01', "
[92mINFO [0m:      	                                        "'7.1318e-01', '1.0784e+00', "
[92mINFO [0m:      	                                        "'9.9719e-01', '9.1602e-01', "
[92mINFO [0m:      	                                        "'9.1730e-01', '8.0250e-01', "
[92mINFO [0m:      	                                        "'1.1390e+00', '1.0901e+00', "
[92mINFO [0m:      	                                        "'1.0835e+00', '1.0070e+00', "
[92mINFO [0m:      	                                        "'9.9427e-01', '1.0124e+00', "
[92mINFO [0m:      	                                        "'8.9928e-01', '9.2475e-01', "
[92mINFO [0m:      	                                        "'8.2673e-01', '8.3049e-01']",
[92mINFO [0m:      	        'per-client-num-examples': "['1223', '1082', '1364', '517', '1435', "
[92mINFO [0m:      	                                   "'1505', '940', '870', '1152', '447', "
[92mINFO [0m:      	                                   "'729', '1294', '1012', '659', '800', "
[92mINFO [0m:      	                                   "'376']",
[92mINFO [0m:      	        'per-client-train_loss': "['1.9823e-01', '2.0426e-01', '1.6801e-01', "
[92mINFO [0m:      	                                 "'2.3428e-01', '1.7714e-01', '2.3339e-01', "
[92mINFO [0m:      	                                 "'2.1405e-01', '1.9951e-01', '1.8610e-01', "
[92mINFO [0m:      	                                 "'1.4804e-01', '1.6974e-01', '2.0793e-01', "
[92mINFO [0m:      	                                 "'1.8504e-01', '1.9546e-01', '2.2655e-01', "
[92mINFO [0m:      	                                 "'1.7838e-01']",
[92mINFO [0m:      	        'per-client-train_loss_mean': "['3.5874e-01', '3.7611e-01', "
[92mINFO [0m:      	                                      "'3.2209e-01', '4.2150e-01', "
[92mINFO [0m:      	                                      "'3.1580e-01', '3.5173e-01', "
[92mINFO [0m:      	                                      "'3.4817e-01', '3.0720e-01', "
[92mINFO [0m:      	                                      "'3.0718e-01', '3.2356e-01', "
[92mINFO [0m:      	                                      "'3.0407e-01', '3.3631e-01', "
[92mINFO [0m:      	                                      "'3.5706e-01', '3.6808e-01', "
[92mINFO [0m:      	                                      "'3.8638e-01', '3.6664e-01']",
[92mINFO [0m:      	        'train_loss': '1.9680e-01',
[92mINFO [0m:      	        'train_loss_mean': '3.4315e-01'},
[92mINFO [0m:      	  12: { 'client-ids': "['0', '1', '2', '3', '4', '5', '6', '7', '8', '9', "
[92mINFO [0m:      	                      "'10', '11', '12', '13', '14', '15']",
[92mINFO [0m:      	        'dp-client-clipped': "['1', '1', '1', '0', '1', '1', '1', '0', '1', "
[92mINFO [0m:      	                             "'0', '0', '1', '1', '0', '0', '0']",
[92mINFO [0m:      	        'dp-client-ids': "['0', '1', '2', '3', '4', '5', '6', '7', '8', '9', "
[92mINFO [0m:      	                         "'10', '11', '12', '13', '14', '15']",
[92mINFO [0m:      	        'dp-expected-noise-l2-norm': '4.9110e+00',
[92mINFO [0m:      	        'dp-fraction-clipped': '5.6250e-01',
[92mINFO [0m:      	        'dp-noise-percent-of-signal': '3.2800e+02',
[92mINFO [0m:      	        'dp-noise-to-signal-ratio': '3.2800e+00',
[92mINFO [0m:      	        'dp-num-clients-clipped': '9',
[92mINFO [0m:      	        'dp-parameter-count': '226596',
[92mINFO [0m:      	        'dp-signal-update-norm': '1.4972e+00',
[92mINFO [0m:      	        'dp-update-norms-before-clipping': "['5.7793e+00', '5.1748e+00', "
[92mINFO [0m:      	                                           "'5.7177e+00', '3.8417e+00', "
[92mINFO [0m:      	                                           "'5.7751e+00', '6.1654e+00', "
[92mINFO [0m:      	                                           "'5.2963e+00', '4.6985e+00', "
[92mINFO [0m:      	                                           "'5.4219e+00', '3.6219e+00', "
[92mINFO [0m:      	                                           "'4.2987e+00', '6.0019e+00', "
[92mINFO [0m:      	                                           "'5.1285e+00', '4.2882e+00', "
[92mINFO [0m:      	                                           "'4.7088e+00', '3.4762e+00']",
[92mINFO [0m:      	        'metric-dp-distance': '1.2116e+00',
[92mINFO [0m:      	        'metric-dp-distance-mean': '1.0169e+00',
[92mINFO [0m:      	        'metric-dp-distance-median': '1.0308e+00',
[92mINFO [0m:      	        'metric-dp-distance-min': '7.1498e-01',
[92mINFO [0m:      	        'metric-dp-noise-stdv': '1.0317e-02',
[92mINFO [0m:      	        'metric-dp-pairwise-client-i': "['0', '0', '0', '0', '0', '0', '0', "
[92mINFO [0m:      	                                       "'0', '0', '0', '0', '0', '0', '0', "
[92mINFO [0m:      	                                       "'0', '1', '1', '1', '1', '1', '1', "
[92mINFO [0m:      	                                       "'1', '1', '1', '1', '1', '1', '1', "
[92mINFO [0m:      	                                       "'1', '2', '2', '2', '2', '2', '2', "
[92mINFO [0m:      	                                       "'2', '2', '2', '2', '2', '2', '2', "
[92mINFO [0m:      	                                       "'3', '3', '3', '3', '3', '3', '3', "
[92mINFO [0m:      	                                       "'3', '3', '3', '3', '3', '4', '4', "
[92mINFO [0m:      	                                       "'4', '4', '4', '4', '4', '4', '4', "
[92mINFO [0m:      	                                       "'4', '4', '5', '5', '5', '5', '5', "
[92mINFO [0m:      	                                       "'5', '5', '5', '5', '5', '6', '6', "
[92mINFO [0m:      	                                       "'6', '6', '6', '6', '6', '6', '6', "
[92mINFO [0m:      	                                       "'7', '7', '7', '7', '7', '7', '7', "
[92mINFO [0m:      	                                       "'7', '8', '8', '8', '8', '8', '8', "
[92mINFO [0m:      	                                       "'8', '9', '9', '9', '9', '9', '9', "
[92mINFO [0m:      	                                       "'10', '10', '10', '10', '10', '11', "
[92mINFO [0m:      	                                       "'11', '11', '11', '12', '12', '12', "
[92mINFO [0m:      	                                       "'13', '13', '14']",
[92mINFO [0m:      	        'metric-dp-pairwise-client-j': "['1', '2', '3', '4', '5', '6', '7', "
[92mINFO [0m:      	                                       "'8', '9', '10', '11', '12', '13', "
[92mINFO [0m:      	                                       "'14', '15', '2', '3', '4', '5', '6', "
[92mINFO [0m:      	                                       "'7', '8', '9', '10', '11', '12', '13', "
[92mINFO [0m:      	                                       "'14', '15', '3', '4', '5', '6', '7', "
[92mINFO [0m:      	                                       "'8', '9', '10', '11', '12', '13', "
[92mINFO [0m:      	                                       "'14', '15', '4', '5', '6', '7', '8', "
[92mINFO [0m:      	                                       "'9', '10', '11', '12', '13', '14', "
[92mINFO [0m:      	                                       "'15', '5', '6', '7', '8', '9', '10', "
[92mINFO [0m:      	                                       "'11', '12', '13', '14', '15', '6', "
[92mINFO [0m:      	                                       "'7', '8', '9', '10', '11', '12', '13', "
[92mINFO [0m:      	                                       "'14', '15', '7', '8', '9', '10', '11', "
[92mINFO [0m:      	                                       "'12', '13', '14', '15', '8', '9', "
[92mINFO [0m:      	                                       "'10', '11', '12', '13', '14', '15', "
[92mINFO [0m:      	                                       "'9', '10', '11', '12', '13', '14', "
[92mINFO [0m:      	                                       "'15', '10', '11', '12', '13', '14', "
[92mINFO [0m:      	                                       "'15', '11', '12', '13', '14', '15', "
[92mINFO [0m:      	                                       "'12', '13', '14', '15', '13', '14', "
[92mINFO [0m:      	                                       "'15', '14', '15', '15']",
[92mINFO [0m:      	        'metric-dp-pairwise-distances': "['1.1070e+00', '1.1556e+00', "
[92mINFO [0m:      	                                        "'9.9592e-01', '1.1745e+00', "
[92mINFO [0m:      	                                        "'1.2000e+00', '1.1145e+00', "
[92mINFO [0m:      	                                        "'1.0542e+00', '1.1380e+00', "
[92mINFO [0m:      	                                        "'9.8484e-01', '1.0409e+00', "
[92mINFO [0m:      	                                        "'1.1896e+00', '1.1081e+00', "
[92mINFO [0m:      	                                        "'1.0442e+00', '1.0609e+00', "
[92mINFO [0m:      	                                        "'9.8473e-01', '1.0939e+00', "
[92mINFO [0m:      	                                        "'9.4147e-01', '1.1079e+00', "
[92mINFO [0m:      	                                        "'1.1498e+00', '1.0625e+00', "
[92mINFO [0m:      	                                        "'1.0109e+00', '1.0665e+00', "
[92mINFO [0m:      	                                        "'9.1608e-01', '9.6698e-01', "
[92mINFO [0m:      	                                        "'1.1237e+00', '1.0506e+00', "
[92mINFO [0m:      	                                        "'9.7058e-01', '1.0074e+00', "
[92mINFO [0m:      	                                        "'9.1457e-01', '9.9414e-01', "
[92mINFO [0m:      	                                        "'1.1670e+00', '1.2101e+00', "
[92mINFO [0m:      	                                        "'1.1182e+00', '1.0682e+00', "
[92mINFO [0m:      	                                        "'1.1146e+00', '9.8328e-01', "
[92mINFO [0m:      	                                        "'1.0292e+00', '1.1758e+00', "
[92mINFO [0m:      	                                        "'1.1018e+00', '1.0371e+00', "
[92mINFO [0m:      	                                        "'1.0627e+00', '9.8524e-01', "
[92mINFO [0m:      	                                        "'1.0113e+00', '1.0591e+00', "
[92mINFO [0m:      	                                        "'9.4245e-01', '8.7814e-01', "
[92mINFO [0m:      	                                        "'9.6289e-01', '7.5436e-01', "
[92mINFO [0m:      	                                        "'8.3145e-01', '1.0107e+00', "
[92mINFO [0m:      	                                        "'9.3055e-01', '8.3019e-01', "
[92mINFO [0m:      	                                        "'8.7051e-01', '7.5192e-01', "
[92mINFO [0m:      	                                        "'1.2045e+00', '1.1184e+00', "
[92mINFO [0m:      	                                        "'1.0779e+00', '1.1337e+00', "
[92mINFO [0m:      	                                        "'9.9552e-01', '1.0398e+00', "
[92mINFO [0m:      	                                        "'1.1779e+00', '1.1091e+00', "
[92mINFO [0m:      	                                        "'1.0371e+00', '1.0634e+00', "
[92mINFO [0m:      	                                        "'9.8174e-01', '1.1602e+00', "
[92mINFO [0m:      	                                        "'1.1007e+00', '1.1732e+00', "
[92mINFO [0m:      	                                        "'1.0440e+00', '1.0882e+00', "
[92mINFO [0m:      	                                        "'1.2116e+00', '1.1391e+00', "
[92mINFO [0m:      	                                        "'1.0789e+00', '1.1134e+00', "
[92mINFO [0m:      	                                        "'1.0324e+00', '1.0225e+00', "
[92mINFO [0m:      	                                        "'1.0896e+00', '9.2837e-01', "
[92mINFO [0m:      	                                        "'9.6815e-01', '1.1432e+00', "
[92mINFO [0m:      	                                        "'1.0571e+00', '9.8250e-01', "
[92mINFO [0m:      	                                        "'1.0078e+00', '9.0564e-01', "
[92mINFO [0m:      	                                        "'1.0386e+00', '8.6951e-01', "
[92mINFO [0m:      	                                        "'9.2170e-01', '1.0950e+00', "
[92mINFO [0m:      	                                        "'1.0036e+00', '9.3150e-01', "
[92mINFO [0m:      	                                        "'9.5897e-01', '8.6908e-01', "
[92mINFO [0m:      	                                        "'9.4638e-01', '9.9214e-01', "
[92mINFO [0m:      	                                        "'1.1426e+00', '1.0623e+00', "
[92mINFO [0m:      	                                        "'9.9476e-01', '1.0330e+00', "
[92mINFO [0m:      	                                        "'9.3318e-01', '8.0148e-01', "
[92mINFO [0m:      	                                        "'1.0081e+00', '9.1206e-01', "
[92mINFO [0m:      	                                        "'8.0096e-01', '8.5647e-01', "
[92mINFO [0m:      	                                        "'7.1498e-01', '1.0552e+00', "
[92mINFO [0m:      	                                        "'9.6380e-01', '8.7874e-01', "
[92mINFO [0m:      	                                        "'9.0632e-01', '7.8892e-01', "
[92mINFO [0m:      	                                        "'1.1370e+00', '1.0618e+00', "
[92mINFO [0m:      	                                        "'1.0905e+00', '1.0184e+00', "
[92mINFO [0m:      	                                        "'9.6417e-01', '1.0132e+00', "
[92mINFO [0m:      	                                        "'8.9976e-01', '9.1432e-01', "
[92mINFO [0m:      	                                        "'8.0481e-01', '8.4091e-01']",
[92mINFO [0m:      	        'per-client-num-examples': "['1223', '1082', '1364', '517', '1435', "
[92mINFO [0m:      	                                   "'1505', '940', '870', '1152', '447', "
[92mINFO [0m:      	                                   "'729', '1294', '1012', '659', '800', "
[92mINFO [0m:      	                                   "'376']",
[92mINFO [0m:      	        'per-client-train_loss': "['1.4941e-01', '1.5167e-01', '1.6938e-01', "
[92mINFO [0m:      	                                 "'1.6554e-01', '1.5933e-01', '1.7029e-01', "
[92mINFO [0m:      	                                 "'1.4391e-01', '1.5225e-01', '1.2434e-01', "
[92mINFO [0m:      	                                 "'9.4995e-02', '1.1467e-01', '1.5968e-01', "
[92mINFO [0m:      	                                 "'1.3584e-01', '1.3582e-01', '1.3087e-01', "
[92mINFO [0m:      	                                 "'9.3197e-02']",
[92mINFO [0m:      	        'per-client-train_loss_mean': "['2.9768e-01', '3.1775e-01', "
[92mINFO [0m:      	                                      "'2.8749e-01', '3.8279e-01', "
[92mINFO [0m:      	                                      "'2.5848e-01', '3.3045e-01', "
[92mINFO [0m:      	                                      "'2.9765e-01', '2.8853e-01', "
[92mINFO [0m:      	                                      "'2.7764e-01', '2.7339e-01', "
[92mINFO [0m:      	                                      "'2.6278e-01', '3.0526e-01', "
[92mINFO [0m:      	                                      "'3.0732e-01', '3.3319e-01', "
[92mINFO [0m:      	                                      "'3.2040e-01', '2.9588e-01']",
[92mINFO [0m:      	        'train_loss': '1.4662e-01',
[92mINFO [0m:      	        'train_loss_mean': '3.0015e-01'},
[92mINFO [0m:      	  13: { 'client-ids': "['0', '1', '2', '3', '4', '5', '6', '7', '8', '9', "
[92mINFO [0m:      	                      "'10', '11', '12', '13', '14', '15']",
[92mINFO [0m:      	        'dp-client-clipped': "['1', '1', '1', '0', '1', '1', '0', '1', '1', "
[92mINFO [0m:      	                             "'0', '0', '1', '0', '0', '0', '0']",
[92mINFO [0m:      	        'dp-client-ids': "['0', '1', '2', '3', '4', '5', '6', '7', '8', '9', "
[92mINFO [0m:      	                         "'10', '11', '12', '13', '14', '15']",
[92mINFO [0m:      	        'dp-expected-noise-l2-norm': '5.0459e+00',
[92mINFO [0m:      	        'dp-fraction-clipped': '5.0000e-01',
[92mINFO [0m:      	        'dp-noise-percent-of-signal': '3.4470e+02',
[92mINFO [0m:      	        'dp-noise-to-signal-ratio': '3.4470e+00',
[92mINFO [0m:      	        'dp-num-clients-clipped': '8',
[92mINFO [0m:      	        'dp-parameter-count': '226596',
[92mINFO [0m:      	        'dp-signal-update-norm': '1.4639e+00',
[92mINFO [0m:      	        'dp-update-norms-before-clipping': "['5.6561e+00', '5.1104e+00', "
[92mINFO [0m:      	                                           "'5.5166e+00', '3.7657e+00', "
[92mINFO [0m:      	                                           "'5.8378e+00', '5.9593e+00', "
[92mINFO [0m:      	                                           "'4.8410e+00', '5.0002e+00', "
[92mINFO [0m:      	                                           "'5.4843e+00', '3.6915e+00', "
[92mINFO [0m:      	                                           "'4.4158e+00', '5.6000e+00', "
[92mINFO [0m:      	                                           "'4.9941e+00', '4.3424e+00', "
[92mINFO [0m:      	                                           "'4.6075e+00', '3.3282e+00']",
[92mINFO [0m:      	        'metric-dp-distance': '1.1792e+00',
[92mINFO [0m:      	        'metric-dp-distance-mean': '1.0013e+00',
[92mINFO [0m:      	        'metric-dp-distance-median': '1.0157e+00',
[92mINFO [0m:      	        'metric-dp-distance-min': '7.0342e-01',
[92mINFO [0m:      	        'metric-dp-noise-stdv': '1.0600e-02',
[92mINFO [0m:      	        'metric-dp-pairwise-client-i': "['0', '0', '0', '0', '0', '0', '0', "
[92mINFO [0m:      	                                       "'0', '0', '0', '0', '0', '0', '0', "
[92mINFO [0m:      	                                       "'0', '1', '1', '1', '1', '1', '1', "
[92mINFO [0m:      	                                       "'1', '1', '1', '1', '1', '1', '1', "
[92mINFO [0m:      	                                       "'1', '2', '2', '2', '2', '2', '2', "
[92mINFO [0m:      	                                       "'2', '2', '2', '2', '2', '2', '2', "
[92mINFO [0m:      	                                       "'3', '3', '3', '3', '3', '3', '3', "
[92mINFO [0m:      	                                       "'3', '3', '3', '3', '3', '4', '4', "
[92mINFO [0m:      	                                       "'4', '4', '4', '4', '4', '4', '4', "
[92mINFO [0m:      	                                       "'4', '4', '5', '5', '5', '5', '5', "
[92mINFO [0m:      	                                       "'5', '5', '5', '5', '5', '6', '6', "
[92mINFO [0m:      	                                       "'6', '6', '6', '6', '6', '6', '6', "
[92mINFO [0m:      	                                       "'7', '7', '7', '7', '7', '7', '7', "
[92mINFO [0m:      	                                       "'7', '8', '8', '8', '8', '8', '8', "
[92mINFO [0m:      	                                       "'8', '9', '9', '9', '9', '9', '9', "
[92mINFO [0m:      	                                       "'10', '10', '10', '10', '10', '11', "
[92mINFO [0m:      	                                       "'11', '11', '11', '12', '12', '12', "
[92mINFO [0m:      	                                       "'13', '13', '14']",
[92mINFO [0m:      	        'metric-dp-pairwise-client-j': "['1', '2', '3', '4', '5', '6', '7', "
[92mINFO [0m:      	                                       "'8', '9', '10', '11', '12', '13', "
[92mINFO [0m:      	                                       "'14', '15', '2', '3', '4', '5', '6', "
[92mINFO [0m:      	                                       "'7', '8', '9', '10', '11', '12', '13', "
[92mINFO [0m:      	                                       "'14', '15', '3', '4', '5', '6', '7', "
[92mINFO [0m:      	                                       "'8', '9', '10', '11', '12', '13', "
[92mINFO [0m:      	                                       "'14', '15', '4', '5', '6', '7', '8', "
[92mINFO [0m:      	                                       "'9', '10', '11', '12', '13', '14', "
[92mINFO [0m:      	                                       "'15', '5', '6', '7', '8', '9', '10', "
[92mINFO [0m:      	                                       "'11', '12', '13', '14', '15', '6', "
[92mINFO [0m:      	                                       "'7', '8', '9', '10', '11', '12', '13', "
[92mINFO [0m:      	                                       "'14', '15', '7', '8', '9', '10', '11', "
[92mINFO [0m:      	                                       "'12', '13', '14', '15', '8', '9', "
[92mINFO [0m:      	                                       "'10', '11', '12', '13', '14', '15', "
[92mINFO [0m:      	                                       "'9', '10', '11', '12', '13', '14', "
[92mINFO [0m:      	                                       "'15', '10', '11', '12', '13', '14', "
[92mINFO [0m:      	                                       "'15', '11', '12', '13', '14', '15', "
[92mINFO [0m:      	                                       "'12', '13', '14', '15', '13', '14', "
[92mINFO [0m:      	                                       "'15', '14', '15', '15']",
[92mINFO [0m:      	        'metric-dp-pairwise-distances': "['1.0728e+00', '1.1226e+00', "
[92mINFO [0m:      	                                        "'9.7616e-01', '1.1659e+00', "
[92mINFO [0m:      	                                        "'1.1617e+00', '1.0614e+00', "
[92mINFO [0m:      	                                        "'1.0785e+00', '1.1168e+00', "
[92mINFO [0m:      	                                        "'9.7090e-01', '1.0356e+00', "
[92mINFO [0m:      	                                        "'1.1445e+00', '1.0642e+00', "
[92mINFO [0m:      	                                        "'1.0169e+00', '1.0332e+00', "
[92mINFO [0m:      	                                        "'9.5818e-01', '1.0803e+00', "
[92mINFO [0m:      	                                        "'9.2242e-01', '1.1033e+00', "
[92mINFO [0m:      	                                        "'1.1248e+00', '1.0058e+00', "
[92mINFO [0m:      	                                        "'1.0362e+00', '1.0726e+00', "
[92mINFO [0m:      	                                        "'9.1436e-01', '9.6824e-01', "
[92mINFO [0m:      	                                        "'1.0820e+00', '1.0241e+00', "
[92mINFO [0m:      	                                        "'9.6053e-01', '9.8143e-01', "
[92mINFO [0m:      	                                        "'8.9410e-01', '9.6602e-01', "
[92mINFO [0m:      	                                        "'1.1544e+00', '1.1621e+00', "
[92mINFO [0m:      	                                        "'1.0587e+00', '1.0825e+00', "
[92mINFO [0m:      	                                        "'1.1080e+00', '9.6899e-01', "
[92mINFO [0m:      	                                        "'1.0206e+00', '1.1253e+00', "
[92mINFO [0m:      	                                        "'1.0596e+00', '1.0083e+00', "
[92mINFO [0m:      	                                        "'1.0276e+00', '9.5433e-01', "
[92mINFO [0m:      	                                        "'1.0136e+00', '1.0248e+00', "
[92mINFO [0m:      	                                        "'8.9031e-01', '9.1541e-01', "
[92mINFO [0m:      	                                        "'9.5292e-01', '7.4574e-01', "
[92mINFO [0m:      	                                        "'8.4675e-01', '9.7017e-01', "
[92mINFO [0m:      	                                        "'9.0461e-01', '8.2612e-01', "
[92mINFO [0m:      	                                        "'8.5546e-01', '7.3232e-01', "
[92mINFO [0m:      	                                        "'1.1792e+00', '1.0824e+00', "
[92mINFO [0m:      	                                        "'1.1127e+00', '1.1397e+00', "
[92mINFO [0m:      	                                        "'1.0046e+00', '1.0508e+00', "
[92mINFO [0m:      	                                        "'1.1559e+00', '1.0958e+00', "
[92mINFO [0m:      	                                        "'1.0481e+00', '1.0630e+00', "
[92mINFO [0m:      	                                        "'9.8557e-01', '1.0909e+00', "
[92mINFO [0m:      	                                        "'1.1155e+00', '1.1492e+00', "
[92mINFO [0m:      	                                        "'1.0242e+00', '1.0655e+00', "
[92mINFO [0m:      	                                        "'1.1667e+00', '1.1053e+00', "
[92mINFO [0m:      	                                        "'1.0592e+00', '1.0783e+00', "
[92mINFO [0m:      	                                        "'1.0000e+00', '1.0205e+00', "
[92mINFO [0m:      	                                        "'1.0561e+00', '8.8921e-01', "
[92mINFO [0m:      	                                        "'9.3838e-01', '1.0653e+00', "
[92mINFO [0m:      	                                        "'9.9987e-01', '9.3999e-01', "
[92mINFO [0m:      	                                        "'9.6396e-01', '8.5944e-01', "
[92mINFO [0m:      	                                        "'1.0783e+00', '9.1126e-01', "
[92mINFO [0m:      	                                        "'9.6702e-01', '1.0937e+00', "
[92mINFO [0m:      	                                        "'1.0159e+00', '9.6772e-01', "
[92mINFO [0m:      	                                        "'9.9237e-01', '8.9667e-01', "
[92mINFO [0m:      	                                        "'9.5808e-01', '1.0154e+00', "
[92mINFO [0m:      	                                        "'1.1143e+00', '1.0525e+00', "
[92mINFO [0m:      	                                        "'9.9478e-01', '1.0240e+00', "
[92mINFO [0m:      	                                        "'9.2737e-01', '8.3260e-01', "
[92mINFO [0m:      	                                        "'9.6383e-01', '9.0361e-01', "
[92mINFO [0m:      	                                        "'8.0797e-01', '8.4998e-01', "
[92mINFO [0m:      	                                        "'7.0342e-01', '1.0347e+00', "
[92mINFO [0m:      	                                        "'9.6423e-01', '8.9190e-01', "
[92mINFO [0m:      	                                        "'9.0902e-01', '8.0154e-01', "
[92mINFO [0m:      	                                        "'1.0900e+00', '1.0236e+00', "
[92mINFO [0m:      	                                        "'1.0470e+00', '9.5882e-01', "
[92mINFO [0m:      	                                        "'9.4447e-01', '9.7885e-01', "
[92mINFO [0m:      	                                        "'8.7747e-01', '9.0445e-01', "
[92mINFO [0m:      	                                        "'7.9883e-01', '8.3398e-01']",
[92mINFO [0m:      	        'per-client-num-examples': "['1223', '1082', '1364', '517', '1435', "
[92mINFO [0m:      	                                   "'1505', '940', '870', '1152', '447', "
[92mINFO [0m:      	                                   "'729', '1294', '1012', '659', '800', "
[92mINFO [0m:      	                                   "'376']",
[92mINFO [0m:      	        'per-client-train_loss': "['9.8747e-02', '1.2380e-01', '9.2358e-02', "
[92mINFO [0m:      	                                 "'1.0747e-01', '1.4757e-01', '1.2549e-01', "
[92mINFO [0m:      	                                 "'8.4050e-02', '1.9332e-01', '1.2572e-01', "
[92mINFO [0m:      	                                 "'9.6736e-02', '1.0611e-01', '1.2281e-01', "
[92mINFO [0m:      	                                 "'1.0574e-01', '1.1580e-01', '1.0615e-01', "
[92mINFO [0m:      	                                 "'8.8711e-02']",
[92mINFO [0m:      	        'per-client-train_loss_mean': "['2.6313e-01', '2.7157e-01', "
[92mINFO [0m:      	                                      "'2.5427e-01', '3.1464e-01', "
[92mINFO [0m:      	                                      "'2.4317e-01', '2.4239e-01', "
[92mINFO [0m:      	                                      "'2.4659e-01', '2.5591e-01', "
[92mINFO [0m:      	                                      "'2.4817e-01', '2.7572e-01', "
[92mINFO [0m:      	                                      "'2.3867e-01', '2.5646e-01', "
[92mINFO [0m:      	                                      "'2.8298e-01', '2.9895e-01', "
[92mINFO [0m:      	                                      "'2.7196e-01', '2.9770e-01']",
[92mINFO [0m:      	        'train_loss': '1.1749e-01',
[92mINFO [0m:      	        'train_loss_mean': '2.6103e-01'},
[92mINFO [0m:      	  14: { 'client-ids': "['0', '1', '2', '3', '4', '5', '6', '7', '8', '9', "
[92mINFO [0m:      	                      "'10', '11', '12', '13', '14', '15']",
[92mINFO [0m:      	        'dp-client-clipped': "['1', '0', '1', '0', '1', '1', '0', '0', '1', "
[92mINFO [0m:      	                             "'0', '0', '1', '0', '0', '0', '0']",
[92mINFO [0m:      	        'dp-client-ids': "['0', '1', '2', '3', '4', '5', '6', '7', '8', '9', "
[92mINFO [0m:      	                         "'10', '11', '12', '13', '14', '15']",
[92mINFO [0m:      	        'dp-expected-noise-l2-norm': '5.1088e+00',
[92mINFO [0m:      	        'dp-fraction-clipped': '3.7500e-01',
[92mINFO [0m:      	        'dp-noise-percent-of-signal': '3.6293e+02',
[92mINFO [0m:      	        'dp-noise-to-signal-ratio': '3.6293e+00',
[92mINFO [0m:      	        'dp-num-clients-clipped': '6',
[92mINFO [0m:      	        'dp-parameter-count': '226596',
[92mINFO [0m:      	        'dp-signal-update-norm': '1.4077e+00',
[92mINFO [0m:      	        'dp-update-norms-before-clipping': "['5.3032e+00', '4.9228e+00', "
[92mINFO [0m:      	                                           "'5.5508e+00', '3.6991e+00', "
[92mINFO [0m:      	                                           "'5.3696e+00', '6.0235e+00', "
[92mINFO [0m:      	                                           "'4.8340e+00', '4.6867e+00', "
[92mINFO [0m:      	                                           "'5.0856e+00', '3.5273e+00', "
[92mINFO [0m:      	                                           "'4.2849e+00', '5.5389e+00', "
[92mINFO [0m:      	                                           "'4.9373e+00', '4.2483e+00', "
[92mINFO [0m:      	                                           "'4.5268e+00', '3.2885e+00']",
[92mINFO [0m:      	        'metric-dp-distance': '1.1647e+00',
[92mINFO [0m:      	        'metric-dp-distance-mean': '9.6899e-01',
[92mINFO [0m:      	        'metric-dp-distance-median': '9.7957e-01',
[92mINFO [0m:      	        'metric-dp-distance-min': '6.8796e-01',
[92mINFO [0m:      	        'metric-dp-noise-stdv': '1.0732e-02',
[92mINFO [0m:      	        'metric-dp-pairwise-client-i': "['0', '0', '0', '0', '0', '0', '0', "
[92mINFO [0m:      	                                       "'0', '0', '0', '0', '0', '0', '0', "
[92mINFO [0m:      	                                       "'0', '1', '1', '1', '1', '1', '1', "
[92mINFO [0m:      	                                       "'1', '1', '1', '1', '1', '1', '1', "
[92mINFO [0m:      	                                       "'1', '2', '2', '2', '2', '2', '2', "
[92mINFO [0m:      	                                       "'2', '2', '2', '2', '2', '2', '2', "
[92mINFO [0m:      	                                       "'3', '3', '3', '3', '3', '3', '3', "
[92mINFO [0m:      	                                       "'3', '3', '3', '3', '3', '4', '4', "
[92mINFO [0m:      	                                       "'4', '4', '4', '4', '4', '4', '4', "
[92mINFO [0m:      	                                       "'4', '4', '5', '5', '5', '5', '5', "
[92mINFO [0m:      	                                       "'5', '5', '5', '5', '5', '6', '6', "
[92mINFO [0m:      	                                       "'6', '6', '6', '6', '6', '6', '6', "
[92mINFO [0m:      	                                       "'7', '7', '7', '7', '7', '7', '7', "
[92mINFO [0m:      	                                       "'7', '8', '8', '8', '8', '8', '8', "
[92mINFO [0m:      	                                       "'8', '9', '9', '9', '9', '9', '9', "
[92mINFO [0m:      	                                       "'10', '10', '10', '10', '10', '11', "
[92mINFO [0m:      	                                       "'11', '11', '11', '12', '12', '12', "
[92mINFO [0m:      	                                       "'13', '13', '14']",
[92mINFO [0m:      	        'metric-dp-pairwise-client-j': "['1', '2', '3', '4', '5', '6', '7', "
[92mINFO [0m:      	                                       "'8', '9', '10', '11', '12', '13', "
[92mINFO [0m:      	                                       "'14', '15', '2', '3', '4', '5', '6', "
[92mINFO [0m:      	                                       "'7', '8', '9', '10', '11', '12', '13', "
[92mINFO [0m:      	                                       "'14', '15', '3', '4', '5', '6', '7', "
[92mINFO [0m:      	                                       "'8', '9', '10', '11', '12', '13', "
[92mINFO [0m:      	                                       "'14', '15', '4', '5', '6', '7', '8', "
[92mINFO [0m:      	                                       "'9', '10', '11', '12', '13', '14', "
[92mINFO [0m:      	                                       "'15', '5', '6', '7', '8', '9', '10', "
[92mINFO [0m:      	                                       "'11', '12', '13', '14', '15', '6', "
[92mINFO [0m:      	                                       "'7', '8', '9', '10', '11', '12', '13', "
[92mINFO [0m:      	                                       "'14', '15', '7', '8', '9', '10', '11', "
[92mINFO [0m:      	                                       "'12', '13', '14', '15', '8', '9', "
[92mINFO [0m:      	                                       "'10', '11', '12', '13', '14', '15', "
[92mINFO [0m:      	                                       "'9', '10', '11', '12', '13', '14', "
[92mINFO [0m:      	                                       "'15', '10', '11', '12', '13', '14', "
[92mINFO [0m:      	                                       "'15', '11', '12', '13', '14', '15', "
[92mINFO [0m:      	                                       "'12', '13', '14', '15', '13', '14', "
[92mINFO [0m:      	                                       "'15', '14', '15', '15']",
[92mINFO [0m:      	        'metric-dp-pairwise-distances': "['1.0300e+00', '1.0862e+00', "
[92mINFO [0m:      	                                        "'9.2421e-01', '1.0805e+00', "
[92mINFO [0m:      	                                        "'1.1430e+00', '1.0176e+00', "
[92mINFO [0m:      	                                        "'1.0122e+00', '1.0480e+00', "
[92mINFO [0m:      	                                        "'9.2469e-01', '9.8566e-01', "
[92mINFO [0m:      	                                        "'1.1013e+00', '1.0316e+00', "
[92mINFO [0m:      	                                        "'9.8328e-01', '9.9295e-01', "
[92mINFO [0m:      	                                        "'9.0567e-01', '1.0573e+00', "
[92mINFO [0m:      	                                        "'8.8851e-01', '1.0368e+00', "
[92mINFO [0m:      	                                        "'1.1074e+00', '9.7904e-01', "
[92mINFO [0m:      	                                        "'9.7472e-01', '1.0003e+00', "
[92mINFO [0m:      	                                        "'8.7185e-01', '9.2943e-01', "
[92mINFO [0m:      	                                        "'1.0517e+00', '9.9815e-01', "
[92mINFO [0m:      	                                        "'9.2620e-01', '9.6376e-01', "
[92mINFO [0m:      	                                        "'8.5657e-01', '9.5595e-01', "
[92mINFO [0m:      	                                        "'1.1076e+00', '1.1647e+00', "
[92mINFO [0m:      	                                        "'1.0506e+00', '1.0414e+00', "
[92mINFO [0m:      	                                        "'1.0713e+00', '9.5416e-01', "
[92mINFO [0m:      	                                        "'1.0126e+00', '1.1164e+00', "
[92mINFO [0m:      	                                        "'1.0565e+00', '1.0117e+00', "
[92mINFO [0m:      	                                        "'1.0294e+00', '9.4231e-01', "
[92mINFO [0m:      	                                        "'9.4892e-01', '1.0256e+00', "
[92mINFO [0m:      	                                        "'8.7400e-01', '8.6202e-01', "
[92mINFO [0m:      	                                        "'9.0352e-01', '7.3934e-01', "
[92mINFO [0m:      	                                        "'8.1483e-01', '9.5433e-01', "
[92mINFO [0m:      	                                        "'8.9206e-01', '8.0428e-01', "
[92mINFO [0m:      	                                        "'8.2984e-01', '7.1517e-01', "
[92mINFO [0m:      	                                        "'1.1532e+00', '1.0305e+00', "
[92mINFO [0m:      	                                        "'1.0193e+00', '1.0510e+00', "
[92mINFO [0m:      	                                        "'9.3341e-01', '9.8754e-01', "
[92mINFO [0m:      	                                        "'1.1008e+00', '1.0416e+00', "
[92mINFO [0m:      	                                        "'9.9362e-01', '1.0105e+00', "
[92mINFO [0m:      	                                        "'9.2601e-01', '1.0977e+00', "
[92mINFO [0m:      	                                        "'1.0824e+00', '1.1261e+00', "
[92mINFO [0m:      	                                        "'1.0095e+00', '1.0652e+00', "
[92mINFO [0m:      	                                        "'1.1607e+00', '1.1097e+00', "
[92mINFO [0m:      	                                        "'1.0570e+00', '1.0783e+00', "
[92mINFO [0m:      	                                        "'9.9806e-01', '9.7229e-01', "
[92mINFO [0m:      	                                        "'1.0052e+00', '8.7089e-01', "
[92mINFO [0m:      	                                        "'9.1488e-01', '1.0491e+00', "
[92mINFO [0m:      	                                        "'9.8355e-01', '9.2727e-01', "
[92mINFO [0m:      	                                        "'9.4539e-01', '8.3952e-01', "
[92mINFO [0m:      	                                        "'9.9886e-01', '8.4998e-01', "
[92mINFO [0m:      	                                        "'9.0901e-01', '1.0387e+00', "
[92mINFO [0m:      	                                        "'9.7988e-01', '9.1098e-01', "
[92mINFO [0m:      	                                        "'9.3857e-01', '8.3252e-01', "
[92mINFO [0m:      	                                        "'9.0407e-01', '9.5148e-01', "
[92mINFO [0m:      	                                        "'1.0623e+00', '1.0073e+00', "
[92mINFO [0m:      	                                        "'9.5881e-01', '9.7926e-01', "
[92mINFO [0m:      	                                        "'8.7630e-01', '8.0090e-01', "
[92mINFO [0m:      	                                        "'9.4513e-01', '8.8117e-01', "
[92mINFO [0m:      	                                        "'7.9582e-01', '8.2515e-01', "
[92mINFO [0m:      	                                        "'6.8796e-01', '1.0041e+00', "
[92mINFO [0m:      	                                        "'9.3774e-01', '8.7986e-01', "
[92mINFO [0m:      	                                        "'8.9055e-01', '7.8381e-01', "
[92mINFO [0m:      	                                        "'1.0635e+00', '1.0180e+00', "
[92mINFO [0m:      	                                        "'1.0335e+00', '9.3689e-01', "
[92mINFO [0m:      	                                        "'9.4192e-01', '9.7019e-01', "
[92mINFO [0m:      	                                        "'8.6668e-01', '8.9172e-01', "
[92mINFO [0m:      	                                        "'7.8321e-01', '8.1541e-01']",
[92mINFO [0m:      	        'per-client-num-examples': "['1223', '1082', '1364', '517', '1435', "
[92mINFO [0m:      	                                   "'1505', '940', '870', '1152', '447', "
[92mINFO [0m:      	                                   "'729', '1294', '1012', '659', '800', "
[92mINFO [0m:      	                                   "'376']",
[92mINFO [0m:      	        'per-client-train_loss': "['6.6855e-02', '7.7846e-02', '7.4365e-02', "
[92mINFO [0m:      	                                 "'1.0625e-01', '6.4590e-02', '9.7915e-02', "
[92mINFO [0m:      	                                 "'7.7657e-02', '1.1245e-01', '7.6015e-02', "
[92mINFO [0m:      	                                 "'4.7685e-02', '9.1334e-02', '1.0284e-01', "
[92mINFO [0m:      	                                 "'8.5312e-02', '9.3864e-02', '7.5696e-02', "
[92mINFO [0m:      	                                 "'5.5556e-02']",
[92mINFO [0m:      	        'per-client-train_loss_mean': "['2.2633e-01', '2.5145e-01', "
[92mINFO [0m:      	                                      "'2.0997e-01', '3.3725e-01', "
[92mINFO [0m:      	                                      "'1.9761e-01', '2.5770e-01', "
[92mINFO [0m:      	                                      "'2.3842e-01', '2.3185e-01', "
[92mINFO [0m:      	                                      "'2.0739e-01', '2.4924e-01', "
[92mINFO [0m:      	                                      "'2.0813e-01', '2.3199e-01', "
[92mINFO [0m:      	                                      "'2.4506e-01', '2.8523e-01', "
[92mINFO [0m:      	                                      "'2.5181e-01', '2.6120e-01']",
[92mINFO [0m:      	        'train_loss': '8.2533e-02',
[92mINFO [0m:      	        'train_loss_mean': '2.3660e-01'},
[92mINFO [0m:      	  15: { 'client-ids': "['0', '1', '2', '3', '4', '5', '6', '7', '8', '9', "
[92mINFO [0m:      	                      "'10', '11', '12', '13', '14', '15']",
[92mINFO [0m:      	        'dp-client-clipped': "['1', '0', '1', '0', '1', '1', '0', '0', '0', "
[92mINFO [0m:      	                             "'0', '0', '1', '0', '0', '0', '0']",
[92mINFO [0m:      	        'dp-client-ids': "['0', '1', '2', '3', '4', '5', '6', '7', '8', '9', "
[92mINFO [0m:      	                         "'10', '11', '12', '13', '14', '15']",
[92mINFO [0m:      	        'dp-expected-noise-l2-norm': '4.9826e+00',
[92mINFO [0m:      	        'dp-fraction-clipped': '3.1250e-01',
[92mINFO [0m:      	        'dp-noise-percent-of-signal': '3.7038e+02',
[92mINFO [0m:      	        'dp-noise-to-signal-ratio': '3.7038e+00',
[92mINFO [0m:      	        'dp-num-clients-clipped': '5',
[92mINFO [0m:      	        'dp-parameter-count': '226596',
[92mINFO [0m:      	        'dp-signal-update-norm': '1.3453e+00',
[92mINFO [0m:      	        'dp-update-norms-before-clipping': "['5.3617e+00', '4.8138e+00', "
[92mINFO [0m:      	                                           "'5.3392e+00', '3.7910e+00', "
[92mINFO [0m:      	                                           "'5.6295e+00', '6.1130e+00', "
[92mINFO [0m:      	                                           "'4.5427e+00', '4.6608e+00', "
[92mINFO [0m:      	                                           "'4.8470e+00', '3.4756e+00', "
[92mINFO [0m:      	                                           "'3.8560e+00', '5.3588e+00', "
[92mINFO [0m:      	                                           "'4.6632e+00', '4.0237e+00', "
[92mINFO [0m:      	                                           "'4.3415e+00', '3.3878e+00']",
[92mINFO [0m:      	        'metric-dp-distance': '1.1942e+00',
[92mINFO [0m:      	        'metric-dp-distance-mean': '9.5320e-01',
[92mINFO [0m:      	        'metric-dp-distance-median': '9.5681e-01',
[92mINFO [0m:      	        'metric-dp-distance-min': '6.8955e-01',
[92mINFO [0m:      	        'metric-dp-noise-stdv': '1.0467e-02',
[92mINFO [0m:      	        'metric-dp-pairwise-client-i': "['0', '0', '0', '0', '0', '0', '0', "
[92mINFO [0m:      	                                       "'0', '0', '0', '0', '0', '0', '0', "
[92mINFO [0m:      	                                       "'0', '1', '1', '1', '1', '1', '1', "
[92mINFO [0m:      	                                       "'1', '1', '1', '1', '1', '1', '1', "
[92mINFO [0m:      	                                       "'1', '2', '2', '2', '2', '2', '2', "
[92mINFO [0m:      	                                       "'2', '2', '2', '2', '2', '2', '2', "
[92mINFO [0m:      	                                       "'3', '3', '3', '3', '3', '3', '3', "
[92mINFO [0m:      	                                       "'3', '3', '3', '3', '3', '4', '4', "
[92mINFO [0m:      	                                       "'4', '4', '4', '4', '4', '4', '4', "
[92mINFO [0m:      	                                       "'4', '4', '5', '5', '5', '5', '5', "
[92mINFO [0m:      	                                       "'5', '5', '5', '5', '5', '6', '6', "
[92mINFO [0m:      	                                       "'6', '6', '6', '6', '6', '6', '6', "
[92mINFO [0m:      	                                       "'7', '7', '7', '7', '7', '7', '7', "
[92mINFO [0m:      	                                       "'7', '8', '8', '8', '8', '8', '8', "
[92mINFO [0m:      	                                       "'8', '9', '9', '9', '9', '9', '9', "
[92mINFO [0m:      	                                       "'10', '10', '10', '10', '10', '11', "
[92mINFO [0m:      	                                       "'11', '11', '11', '12', '12', '12', "
[92mINFO [0m:      	                                       "'13', '13', '14']",
[92mINFO [0m:      	        'metric-dp-pairwise-client-j': "['1', '2', '3', '4', '5', '6', '7', "
[92mINFO [0m:      	                                       "'8', '9', '10', '11', '12', '13', "
[92mINFO [0m:      	                                       "'14', '15', '2', '3', '4', '5', '6', "
[92mINFO [0m:      	                                       "'7', '8', '9', '10', '11', '12', '13', "
[92mINFO [0m:      	                                       "'14', '15', '3', '4', '5', '6', '7', "
[92mINFO [0m:      	                                       "'8', '9', '10', '11', '12', '13', "
[92mINFO [0m:      	                                       "'14', '15', '4', '5', '6', '7', '8', "
[92mINFO [0m:      	                                       "'9', '10', '11', '12', '13', '14', "
[92mINFO [0m:      	                                       "'15', '5', '6', '7', '8', '9', '10', "
[92mINFO [0m:      	                                       "'11', '12', '13', '14', '15', '6', "
[92mINFO [0m:      	                                       "'7', '8', '9', '10', '11', '12', '13', "
[92mINFO [0m:      	                                       "'14', '15', '7', '8', '9', '10', '11', "
[92mINFO [0m:      	                                       "'12', '13', '14', '15', '8', '9', "
[92mINFO [0m:      	                                       "'10', '11', '12', '13', '14', '15', "
[92mINFO [0m:      	                                       "'9', '10', '11', '12', '13', '14', "
[92mINFO [0m:      	                                       "'15', '10', '11', '12', '13', '14', "
[92mINFO [0m:      	                                       "'15', '11', '12', '13', '14', '15', "
[92mINFO [0m:      	                                       "'12', '13', '14', '15', '13', '14', "
[92mINFO [0m:      	                                       "'15', '14', '15', '15']",
[92mINFO [0m:      	        'metric-dp-pairwise-distances': "['1.0304e+00', '1.0767e+00', "
[92mINFO [0m:      	                                        "'9.5059e-01', '1.1232e+00', "
[92mINFO [0m:      	                                        "'1.1668e+00', '1.0038e+00', "
[92mINFO [0m:      	                                        "'1.0120e+00', '1.0361e+00', "
[92mINFO [0m:      	                                        "'9.2686e-01', '9.6021e-01', "
[92mINFO [0m:      	                                        "'1.0842e+00', '1.0106e+00', "
[92mINFO [0m:      	                                        "'9.6503e-01', '9.8714e-01', "
[92mINFO [0m:      	                                        "'9.2491e-01', '1.0326e+00', "
[92mINFO [0m:      	                                        "'8.8955e-01', '1.0648e+00', "
[92mINFO [0m:      	                                        "'1.1225e+00', '9.4849e-01', "
[92mINFO [0m:      	                                        "'9.6353e-01', '9.7934e-01', "
[92mINFO [0m:      	                                        "'8.6013e-01', '8.8875e-01', "
[92mINFO [0m:      	                                        "'1.0246e+00', '9.7008e-01', "
[92mINFO [0m:      	                                        "'9.0220e-01', '9.2794e-01', "
[92mINFO [0m:      	                                        "'8.4684e-01', '9.4277e-01', "
[92mINFO [0m:      	                                        "'1.1188e+00', '1.1696e+00', "
[92mINFO [0m:      	                                        "'1.0098e+00', '1.0225e+00', "
[92mINFO [0m:      	                                        "'1.0303e+00', '9.3025e-01', "
[92mINFO [0m:      	                                        "'9.5688e-01', '1.0834e+00', "
[92mINFO [0m:      	                                        "'1.0049e+00', '9.6798e-01', "
[92mINFO [0m:      	                                        "'9.8285e-01', '9.3039e-01', "
[92mINFO [0m:      	                                        "'9.9411e-01', '1.0485e+00', "
[92mINFO [0m:      	                                        "'8.5578e-01', '8.7081e-01', "
[92mINFO [0m:      	                                        "'8.9485e-01', '7.4864e-01', "
[92mINFO [0m:      	                                        "'7.9310e-01', '9.5204e-01', "
[92mINFO [0m:      	                                        "'8.7571e-01', '7.9606e-01', "
[92mINFO [0m:      	                                        "'8.3255e-01', '7.4560e-01', "
[92mINFO [0m:      	                                        "'1.1942e+00', '1.0415e+00', "
[92mINFO [0m:      	                                        "'1.0584e+00', '1.0713e+00', "
[92mINFO [0m:      	                                        "'9.7373e-01', '9.8887e-01', "
[92mINFO [0m:      	                                        "'1.1141e+00', '1.0562e+00', "
[92mINFO [0m:      	                                        "'1.0036e+00', '1.0213e+00', "
[92mINFO [0m:      	                                        "'9.6598e-01', '1.1048e+00', "
[92mINFO [0m:      	                                        "'1.0992e+00', '1.1315e+00', "
[92mINFO [0m:      	                                        "'1.0235e+00', '1.0348e+00', "
[92mINFO [0m:      	                                        "'1.1635e+00', '1.1046e+00', "
[92mINFO [0m:      	                                        "'1.0516e+00', '1.0731e+00', "
[92mINFO [0m:      	                                        "'1.0115e+00', '9.4205e-01', "
[92mINFO [0m:      	                                        "'9.5961e-01', '8.3753e-01', "
[92mINFO [0m:      	                                        "'8.5777e-01', '1.0102e+00', "
[92mINFO [0m:      	                                        "'9.3345e-01', '8.7927e-01', "
[92mINFO [0m:      	                                        "'9.0236e-01', '8.1966e-01', "
[92mINFO [0m:      	                                        "'9.7251e-01', '8.4519e-01', "
[92mINFO [0m:      	                                        "'8.5920e-01', '1.0234e+00', "
[92mINFO [0m:      	                                        "'9.4439e-01', '8.9349e-01', "
[92mINFO [0m:      	                                        "'9.1995e-01', '8.4392e-01', "
[92mINFO [0m:      	                                        "'8.7535e-01', '8.9538e-01', "
[92mINFO [0m:      	                                        "'1.0301e+00', '9.5675e-01', "
[92mINFO [0m:      	                                        "'9.0744e-01', '9.3763e-01', "
[92mINFO [0m:      	                                        "'8.6241e-01', '7.4075e-01', "
[92mINFO [0m:      	                                        "'9.2968e-01', '8.4732e-01', "
[92mINFO [0m:      	                                        "'7.7152e-01', '7.9928e-01', "
[92mINFO [0m:      	                                        "'6.8955e-01', '9.5015e-01', "
[92mINFO [0m:      	                                        "'8.7295e-01', '7.9783e-01', "
[92mINFO [0m:      	                                        "'8.3125e-01', '7.3984e-01', "
[92mINFO [0m:      	                                        "'1.0218e+00', '9.6969e-01', "
[92mINFO [0m:      	                                        "'9.9212e-01', '9.2127e-01', "
[92mINFO [0m:      	                                        "'8.9279e-01', '9.2338e-01', "
[92mINFO [0m:      	                                        "'8.4346e-01', '8.4757e-01', "
[92mINFO [0m:      	                                        "'7.6904e-01', '7.9863e-01']",
[92mINFO [0m:      	        'per-client-num-examples': "['1223', '1082', '1364', '517', '1435', "
[92mINFO [0m:      	                                   "'1505', '940', '870', '1152', '447', "
[92mINFO [0m:      	                                   "'729', '1294', '1012', '659', '800', "
[92mINFO [0m:      	                                   "'376']",
[92mINFO [0m:      	        'per-client-train_loss': "['7.6437e-02', '8.6952e-02', '6.9687e-02', "
[92mINFO [0m:      	                                 "'6.5564e-02', '1.3950e-01', '1.0851e-01', "
[92mINFO [0m:      	                                 "'4.3518e-02', '8.7871e-02', '8.5699e-02', "
[92mINFO [0m:      	                                 "'5.0448e-02', '5.5365e-02', '1.0362e-01', "
[92mINFO [0m:      	                                 "'5.6332e-02', '7.2831e-02', '5.4697e-02', "
[92mINFO [0m:      	                                 "'5.0722e-02']",
[92mINFO [0m:      	        'per-client-train_loss_mean': "['2.1185e-01', '2.2937e-01', "
[92mINFO [0m:      	                                      "'1.9498e-01', '2.9433e-01', "
[92mINFO [0m:      	                                      "'1.9231e-01', '2.2994e-01', "
[92mINFO [0m:      	                                      "'1.9933e-01', '2.1831e-01', "
[92mINFO [0m:      	                                      "'2.0225e-01', '2.4656e-01', "
[92mINFO [0m:      	                                      "'2.3788e-01', '2.0260e-01', "
[92mINFO [0m:      	                                      "'1.9784e-01', '2.5425e-01', "
[92mINFO [0m:      	                                      "'2.3116e-01', '2.5860e-01']",
[92mINFO [0m:      	        'train_loss': '8.1851e-02',
[92mINFO [0m:      	        'train_loss_mean': '2.1768e-01'},
[92mINFO [0m:      	  16: { 'client-ids': "['0', '1', '2', '3', '4', '5', '6', '7', '8', '9', "
[92mINFO [0m:      	                      "'10', '11', '12', '13', '14', '15']",
[92mINFO [0m:      	        'dp-client-clipped': "['1', '0', '0', '0', '1', '1', '0', '0', '1', "
[92mINFO [0m:      	                             "'0', '0', '1', '0', '0', '0', '0']",
[92mINFO [0m:      	        'dp-client-ids': "['0', '1', '2', '3', '4', '5', '6', '7', '8', '9', "
[92mINFO [0m:      	                         "'10', '11', '12', '13', '14', '15']",
[92mINFO [0m:      	        'dp-expected-noise-l2-norm': '5.2364e+00',
[92mINFO [0m:      	        'dp-fraction-clipped': '3.1250e-01',
[92mINFO [0m:      	        'dp-noise-percent-of-signal': '3.9829e+02',
[92mINFO [0m:      	        'dp-noise-to-signal-ratio': '3.9829e+00',
[92mINFO [0m:      	        'dp-num-clients-clipped': '5',
[92mINFO [0m:      	        'dp-parameter-count': '226596',
[92mINFO [0m:      	        'dp-signal-update-norm': '1.3147e+00',
[92mINFO [0m:      	        'dp-update-norms-before-clipping': "['5.4074e+00', '4.6056e+00', "
[92mINFO [0m:      	                                           "'4.9681e+00', '3.6706e+00', "
[92mINFO [0m:      	                                           "'5.1650e+00', '5.7626e+00', "
[92mINFO [0m:      	                                           "'4.7534e+00', '4.4418e+00', "
[92mINFO [0m:      	                                           "'5.0864e+00', '3.4480e+00', "
[92mINFO [0m:      	                                           "'4.2548e+00', '5.3572e+00', "
[92mINFO [0m:      	                                           "'4.6529e+00', '4.0010e+00', "
[92mINFO [0m:      	                                           "'4.2998e+00', '3.3091e+00']",
[92mINFO [0m:      	        'metric-dp-distance': '1.1363e+00',
[92mINFO [0m:      	        'metric-dp-distance-mean': '9.4095e-01',
[92mINFO [0m:      	        'metric-dp-distance-median': '9.4415e-01',
[92mINFO [0m:      	        'metric-dp-distance-min': '6.7903e-01',
[92mINFO [0m:      	        'metric-dp-noise-stdv': '1.1000e-02',
[92mINFO [0m:      	        'metric-dp-pairwise-client-i': "['0', '0', '0', '0', '0', '0', '0', "
[92mINFO [0m:      	                                       "'0', '0', '0', '0', '0', '0', '0', "
[92mINFO [0m:      	                                       "'0', '1', '1', '1', '1', '1', '1', "
[92mINFO [0m:      	                                       "'1', '1', '1', '1', '1', '1', '1', "
[92mINFO [0m:      	                                       "'1', '2', '2', '2', '2', '2', '2', "
[92mINFO [0m:      	                                       "'2', '2', '2', '2', '2', '2', '2', "
[92mINFO [0m:      	                                       "'3', '3', '3', '3', '3', '3', '3', "
[92mINFO [0m:      	                                       "'3', '3', '3', '3', '3', '4', '4', "
[92mINFO [0m:      	                                       "'4', '4', '4', '4', '4', '4', '4', "
[92mINFO [0m:      	                                       "'4', '4', '5', '5', '5', '5', '5', "
[92mINFO [0m:      	                                       "'5', '5', '5', '5', '5', '6', '6', "
[92mINFO [0m:      	                                       "'6', '6', '6', '6', '6', '6', '6', "
[92mINFO [0m:      	                                       "'7', '7', '7', '7', '7', '7', '7', "
[92mINFO [0m:      	                                       "'7', '8', '8', '8', '8', '8', '8', "
[92mINFO [0m:      	                                       "'8', '9', '9', '9', '9', '9', '9', "
[92mINFO [0m:      	                                       "'10', '10', '10', '10', '10', '11', "
[92mINFO [0m:      	                                       "'11', '11', '11', '12', '12', '12', "
[92mINFO [0m:      	                                       "'13', '13', '14']",
[92mINFO [0m:      	        'metric-dp-pairwise-client-j': "['1', '2', '3', '4', '5', '6', '7', "
[92mINFO [0m:      	                                       "'8', '9', '10', '11', '12', '13', "
[92mINFO [0m:      	                                       "'14', '15', '2', '3', '4', '5', '6', "
[92mINFO [0m:      	                                       "'7', '8', '9', '10', '11', '12', '13', "
[92mINFO [0m:      	                                       "'14', '15', '3', '4', '5', '6', '7', "
[92mINFO [0m:      	                                       "'8', '9', '10', '11', '12', '13', "
[92mINFO [0m:      	                                       "'14', '15', '4', '5', '6', '7', '8', "
[92mINFO [0m:      	                                       "'9', '10', '11', '12', '13', '14', "
[92mINFO [0m:      	                                       "'15', '5', '6', '7', '8', '9', '10', "
[92mINFO [0m:      	                                       "'11', '12', '13', '14', '15', '6', "
[92mINFO [0m:      	                                       "'7', '8', '9', '10', '11', '12', '13', "
[92mINFO [0m:      	                                       "'14', '15', '7', '8', '9', '10', '11', "
[92mINFO [0m:      	                                       "'12', '13', '14', '15', '8', '9', "
[92mINFO [0m:      	                                       "'10', '11', '12', '13', '14', '15', "
[92mINFO [0m:      	                                       "'9', '10', '11', '12', '13', '14', "
[92mINFO [0m:      	                                       "'15', '10', '11', '12', '13', '14', "
[92mINFO [0m:      	                                       "'15', '11', '12', '13', '14', '15', "
[92mINFO [0m:      	                                       "'12', '13', '14', '15', '13', '14', "
[92mINFO [0m:      	                                       "'15', '14', '15', '15']",
[92mINFO [0m:      	        'metric-dp-pairwise-distances': "['1.0165e+00', '1.0517e+00', "
[92mINFO [0m:      	                                        "'9.4917e-01', '1.0789e+00', "
[92mINFO [0m:      	                                        "'1.1363e+00', '1.0320e+00', "
[92mINFO [0m:      	                                        "'9.9642e-01', '1.0647e+00', "
[92mINFO [0m:      	                                        "'9.3378e-01', '9.8792e-01', "
[92mINFO [0m:      	                                        "'1.1002e+00', '1.0217e+00', "
[92mINFO [0m:      	                                        "'9.7775e-01', '9.9289e-01', "
[92mINFO [0m:      	                                        "'9.2247e-01', '9.7938e-01', "
[92mINFO [0m:      	                                        "'8.5857e-01', '9.8910e-01', "
[92mINFO [0m:      	                                        "'1.0670e+00', '9.4929e-01', "
[92mINFO [0m:      	                                        "'9.2163e-01', '9.8515e-01', "
[92mINFO [0m:      	                                        "'8.3551e-01', '9.0513e-01', "
[92mINFO [0m:      	                                        "'1.0194e+00', '9.4369e-01', "
[92mINFO [0m:      	                                        "'8.8297e-01', '9.1538e-01', "
[92mINFO [0m:      	                                        "'8.3393e-01', '8.9158e-01', "
[92mINFO [0m:      	                                        "'1.0245e+00', '1.0958e+00', "
[92mINFO [0m:      	                                        "'9.9932e-01', '9.7086e-01', "
[92mINFO [0m:      	                                        "'1.0262e+00', '8.8009e-01', "
[92mINFO [0m:      	                                        "'9.4336e-01', '1.0609e+00', "
[92mINFO [0m:      	                                        "'9.7140e-01', '9.2312e-01', "
[92mINFO [0m:      	                                        "'9.4879e-01', '8.8192e-01', "
[92mINFO [0m:      	                                        "'9.2705e-01', '9.9568e-01', "
[92mINFO [0m:      	                                        "'8.6692e-01', '8.4080e-01', "
[92mINFO [0m:      	                                        "'9.0956e-01', '7.3160e-01', "
[92mINFO [0m:      	                                        "'8.2072e-01', '9.4462e-01', "
[92mINFO [0m:      	                                        "'8.6306e-01', '7.8862e-01', "
[92mINFO [0m:      	                                        "'8.1561e-01', '7.2240e-01', "
[92mINFO [0m:      	                                        "'1.1089e+00', '1.0107e+00', "
[92mINFO [0m:      	                                        "'9.7899e-01', '1.0479e+00', "
[92mINFO [0m:      	                                        "'8.9693e-01', '9.5918e-01', "
[92mINFO [0m:      	                                        "'1.0672e+00', '9.9849e-01', "
[92mINFO [0m:      	                                        "'9.3790e-01', '9.6597e-01', "
[92mINFO [0m:      	                                        "'8.9503e-01', '1.0655e+00', "
[92mINFO [0m:      	                                        "'1.0477e+00', '1.1110e+00', "
[92mINFO [0m:      	                                        "'9.7928e-01', '1.0358e+00', "
[92mINFO [0m:      	                                        "'1.1273e+00', '1.0569e+00', "
[92mINFO [0m:      	                                        "'1.0124e+00', '1.0313e+00', "
[92mINFO [0m:      	                                        "'9.6301e-01', '9.3550e-01', "
[92mINFO [0m:      	                                        "'1.0070e+00', '8.6723e-01', "
[92mINFO [0m:      	                                        "'9.1293e-01', '1.0347e+00', "
[92mINFO [0m:      	                                        "'9.6084e-01', '9.0699e-01', "
[92mINFO [0m:      	                                        "'9.2957e-01', '8.3368e-01', "
[92mINFO [0m:      	                                        "'9.8311e-01', '8.2234e-01', "
[92mINFO [0m:      	                                        "'8.8160e-01', '1.0016e+00', "
[92mINFO [0m:      	                                        "'9.3368e-01', '8.7334e-01', "
[92mINFO [0m:      	                                        "'8.9598e-01', '8.0569e-01', "
[92mINFO [0m:      	                                        "'9.0683e-01', '9.5855e-01', "
[92mINFO [0m:      	                                        "'1.0565e+00', '9.8599e-01', "
[92mINFO [0m:      	                                        "'9.3458e-01', '9.6432e-01', "
[92mINFO [0m:      	                                        "'8.9334e-01', '7.8833e-01', "
[92mINFO [0m:      	                                        "'9.2418e-01', '8.4264e-01', "
[92mINFO [0m:      	                                        "'7.6571e-01', '7.9558e-01', "
[92mINFO [0m:      	                                        "'6.7903e-01', '9.8491e-01', "
[92mINFO [0m:      	                                        "'9.1201e-01', '8.4352e-01', "
[92mINFO [0m:      	                                        "'8.6674e-01', '7.7359e-01', "
[92mINFO [0m:      	                                        "'1.0324e+00', '9.7292e-01', "
[92mINFO [0m:      	                                        "'9.8760e-01', '9.2706e-01', "
[92mINFO [0m:      	                                        "'8.8738e-01', '9.2236e-01', "
[92mINFO [0m:      	                                        "'8.4347e-01', '8.4526e-01', "
[92mINFO [0m:      	                                        "'7.5399e-01', '7.8942e-01']",
[92mINFO [0m:      	        'per-client-num-examples': "['1223', '1082', '1364', '517', '1435', "
[92mINFO [0m:      	                                   "'1505', '940', '870', '1152', '447', "
[92mINFO [0m:      	                                   "'729', '1294', '1012', '659', '800', "
[92mINFO [0m:      	                                   "'376']",
[92mINFO [0m:      	        'per-client-train_loss': "['7.9216e-02', '5.7528e-02', '4.0459e-02', "
[92mINFO [0m:      	                                 "'5.0169e-02', '5.1920e-02', '1.1327e-01', "
[92mINFO [0m:      	                                 "'1.0775e-01', '7.0190e-02', '6.6012e-02', "
[92mINFO [0m:      	                                 "'2.8529e-02', '6.3992e-02', '9.3701e-02', "
[92mINFO [0m:      	                                 "'4.0964e-02', '6.7667e-02', '6.3698e-02', "
[92mINFO [0m:      	                                 "'4.9618e-02']",
[92mINFO [0m:      	        'per-client-train_loss_mean': "['2.0116e-01', '1.9487e-01', "
[92mINFO [0m:      	                                      "'1.7289e-01', '2.5051e-01', "
[92mINFO [0m:      	                                      "'1.8056e-01', '1.9264e-01', "
[92mINFO [0m:      	                                      "'2.1620e-01', '1.9202e-01', "
[92mINFO [0m:      	                                      "'1.8283e-01', '2.0747e-01', "
[92mINFO [0m:      	                                      "'1.9253e-01', '1.9719e-01', "
[92mINFO [0m:      	                                      "'1.8304e-01', '2.5212e-01', "
[92mINFO [0m:      	                                      "'2.2379e-01', '2.5598e-01']",
[92mINFO [0m:      	        'train_loss': '6.8805e-02',
[92mINFO [0m:      	        'train_loss_mean': '1.9909e-01'},
[92mINFO [0m:      	  17: { 'client-ids': "['0', '1', '2', '3', '4', '5', '6', '7', '8', '9', "
[92mINFO [0m:      	                      "'10', '11', '12', '13', '14', '15']",
[92mINFO [0m:      	        'dp-client-clipped': "['1', '0', '1', '0', '1', '1', '0', '0', '0', "
[92mINFO [0m:      	                             "'0', '0', '1', '0', '0', '0', '0']",
[92mINFO [0m:      	        'dp-client-ids': "['0', '1', '2', '3', '4', '5', '6', '7', '8', '9', "
[92mINFO [0m:      	                         "'10', '11', '12', '13', '14', '15']",
[92mINFO [0m:      	        'dp-expected-noise-l2-norm': '5.4516e+00',
[92mINFO [0m:      	        'dp-fraction-clipped': '3.1250e-01',
[92mINFO [0m:      	        'dp-noise-percent-of-signal': '4.1311e+02',
[92mINFO [0m:      	        'dp-noise-to-signal-ratio': '4.1311e+00',
[92mINFO [0m:      	        'dp-num-clients-clipped': '5',
[92mINFO [0m:      	        'dp-parameter-count': '226596',
[92mINFO [0m:      	        'dp-signal-update-norm': '1.3197e+00',
[92mINFO [0m:      	        'dp-update-norms-before-clipping': "['5.2253e+00', '4.5902e+00', "
[92mINFO [0m:      	                                           "'5.1925e+00', '3.7995e+00', "
[92mINFO [0m:      	                                           "'5.2492e+00', '5.4543e+00', "
[92mINFO [0m:      	                                           "'4.8075e+00', '4.3936e+00', "
[92mINFO [0m:      	                                           "'4.9122e+00', '3.3684e+00', "
[92mINFO [0m:      	                                           "'3.9353e+00', '5.1322e+00', "
[92mINFO [0m:      	                                           "'4.5501e+00', '4.0990e+00', "
[92mINFO [0m:      	                                           "'4.5519e+00', '3.3912e+00']",
[92mINFO [0m:      	        'metric-dp-distance': '1.0915e+00',
[92mINFO [0m:      	        'metric-dp-distance-mean': '9.3356e-01',
[92mINFO [0m:      	        'metric-dp-distance-median': '9.4036e-01',
[92mINFO [0m:      	        'metric-dp-distance-min': '6.7947e-01',
[92mINFO [0m:      	        'metric-dp-noise-stdv': '1.1452e-02',
[92mINFO [0m:      	        'metric-dp-pairwise-client-i': "['0', '0', '0', '0', '0', '0', '0', "
[92mINFO [0m:      	                                       "'0', '0', '0', '0', '0', '0', '0', "
[92mINFO [0m:      	                                       "'0', '1', '1', '1', '1', '1', '1', "
[92mINFO [0m:      	                                       "'1', '1', '1', '1', '1', '1', '1', "
[92mINFO [0m:      	                                       "'1', '2', '2', '2', '2', '2', '2', "
[92mINFO [0m:      	                                       "'2', '2', '2', '2', '2', '2', '2', "
[92mINFO [0m:      	                                       "'3', '3', '3', '3', '3', '3', '3', "
[92mINFO [0m:      	                                       "'3', '3', '3', '3', '3', '4', '4', "
[92mINFO [0m:      	                                       "'4', '4', '4', '4', '4', '4', '4', "
[92mINFO [0m:      	                                       "'4', '4', '5', '5', '5', '5', '5', "
[92mINFO [0m:      	                                       "'5', '5', '5', '5', '5', '6', '6', "
[92mINFO [0m:      	                                       "'6', '6', '6', '6', '6', '6', '6', "
[92mINFO [0m:      	                                       "'7', '7', '7', '7', '7', '7', '7', "
[92mINFO [0m:      	                                       "'7', '8', '8', '8', '8', '8', '8', "
[92mINFO [0m:      	                                       "'8', '9', '9', '9', '9', '9', '9', "
[92mINFO [0m:      	                                       "'10', '10', '10', '10', '10', '11', "
[92mINFO [0m:      	                                       "'11', '11', '11', '12', '12', '12', "
[92mINFO [0m:      	                                       "'13', '13', '14']",
[92mINFO [0m:      	        'metric-dp-pairwise-client-j': "['1', '2', '3', '4', '5', '6', '7', "
[92mINFO [0m:      	                                       "'8', '9', '10', '11', '12', '13', "
[92mINFO [0m:      	                                       "'14', '15', '2', '3', '4', '5', '6', "
[92mINFO [0m:      	                                       "'7', '8', '9', '10', '11', '12', '13', "
[92mINFO [0m:      	                                       "'14', '15', '3', '4', '5', '6', '7', "
[92mINFO [0m:      	                                       "'8', '9', '10', '11', '12', '13', "
[92mINFO [0m:      	                                       "'14', '15', '4', '5', '6', '7', '8', "
[92mINFO [0m:      	                                       "'9', '10', '11', '12', '13', '14', "
[92mINFO [0m:      	                                       "'15', '5', '6', '7', '8', '9', '10', "
[92mINFO [0m:      	                                       "'11', '12', '13', '14', '15', '6', "
[92mINFO [0m:      	                                       "'7', '8', '9', '10', '11', '12', '13', "
[92mINFO [0m:      	                                       "'14', '15', '7', '8', '9', '10', '11', "
[92mINFO [0m:      	                                       "'12', '13', '14', '15', '8', '9', "
[92mINFO [0m:      	                                       "'10', '11', '12', '13', '14', '15', "
[92mINFO [0m:      	                                       "'9', '10', '11', '12', '13', '14', "
[92mINFO [0m:      	                                       "'15', '10', '11', '12', '13', '14', "
[92mINFO [0m:      	                                       "'15', '11', '12', '13', '14', '15', "
[92mINFO [0m:      	                                       "'12', '13', '14', '15', '13', '14', "
[92mINFO [0m:      	                                       "'15', '14', '15', '15']",
[92mINFO [0m:      	        'metric-dp-pairwise-distances': "['9.9401e-01', '1.0576e+00', "
[92mINFO [0m:      	                                        "'9.4113e-01', '1.0615e+00', "
[92mINFO [0m:      	                                        "'1.0793e+00', '1.0160e+00', "
[92mINFO [0m:      	                                        "'9.8174e-01', '1.0279e+00', "
[92mINFO [0m:      	                                        "'9.0719e-01', '9.4784e-01', "
[92mINFO [0m:      	                                        "'1.0622e+00', '9.9423e-01', "
[92mINFO [0m:      	                                        "'9.6277e-01', '9.8525e-01', "
[92mINFO [0m:      	                                        "'9.1435e-01', '1.0006e+00', "
[92mINFO [0m:      	                                        "'8.6291e-01', '9.9289e-01', "
[92mINFO [0m:      	                                        "'1.0336e+00', '9.5159e-01', "
[92mINFO [0m:      	                                        "'9.1151e-01', '9.6137e-01', "
[92mINFO [0m:      	                                        "'8.2045e-01', '8.7616e-01', "
[92mINFO [0m:      	                                        "'9.9372e-01', '9.3585e-01', "
[92mINFO [0m:      	                                        "'8.8516e-01', '9.2597e-01', "
[92mINFO [0m:      	                                        "'8.3239e-01', '9.3142e-01', "
[92mINFO [0m:      	                                        "'1.0658e+00', '1.0915e+00', "
[92mINFO [0m:      	                                        "'1.0193e+00', '9.9351e-01', "
[92mINFO [0m:      	                                        "'1.0231e+00', '9.0323e-01', "
[92mINFO [0m:      	                                        "'9.3923e-01', '1.0580e+00', "
[92mINFO [0m:      	                                        "'9.8908e-01', '9.5788e-01', "
[92mINFO [0m:      	                                        "'9.9354e-01', '9.1567e-01', "
[92mINFO [0m:      	                                        "'9.4423e-01', '9.7408e-01', "
[92mINFO [0m:      	                                        "'8.8209e-01', '8.4292e-01', "
[92mINFO [0m:      	                                        "'9.0638e-01', '7.3552e-01', "
[92mINFO [0m:      	                                        "'7.9794e-01', '9.2808e-01', "
[92mINFO [0m:      	                                        "'8.6358e-01', '8.0783e-01', "
[92mINFO [0m:      	                                        "'8.5318e-01', '7.4114e-01', "
[92mINFO [0m:      	                                        "'1.0895e+00', '1.0207e+00', "
[92mINFO [0m:      	                                        "'9.7951e-01', '1.0348e+00', "
[92mINFO [0m:      	                                        "'9.1031e-01', '9.4924e-01', "
[92mINFO [0m:      	                                        "'1.0583e+00', '9.9773e-01', "
[92mINFO [0m:      	                                        "'9.6249e-01', '9.9678e-01', "
[92mINFO [0m:      	                                        "'9.1166e-01', '1.0422e+00', "
[92mINFO [0m:      	                                        "'1.0029e+00', '1.0621e+00', "
[92mINFO [0m:      	                                        "'9.3960e-01', '9.7637e-01', "
[92mINFO [0m:      	                                        "'1.0730e+00', '1.0209e+00', "
[92mINFO [0m:      	                                        "'9.8352e-01', '1.0233e+00', "
[92mINFO [0m:      	                                        "'9.3570e-01', '9.4837e-01', "
[92mINFO [0m:      	                                        "'1.0088e+00', '8.6698e-01', "
[92mINFO [0m:      	                                        "'8.9029e-01', '1.0169e+00', "
[92mINFO [0m:      	                                        "'9.5426e-01', '9.1997e-01', "
[92mINFO [0m:      	                                        "'9.5622e-01', '8.5247e-01', "
[92mINFO [0m:      	                                        "'9.5656e-01', '8.0810e-01', "
[92mINFO [0m:      	                                        "'8.4408e-01', '9.7354e-01', "
[92mINFO [0m:      	                                        "'9.1169e-01', '8.7098e-01', "
[92mINFO [0m:      	                                        "'9.1646e-01', '8.1118e-01', "
[92mINFO [0m:      	                                        "'8.6752e-01', '9.1144e-01', "
[92mINFO [0m:      	                                        "'1.0178e+00', '9.6507e-01', "
[92mINFO [0m:      	                                        "'9.2046e-01', '9.6749e-01', "
[92mINFO [0m:      	                                        "'8.7128e-01', '7.4674e-01', "
[92mINFO [0m:      	                                        "'8.8874e-01', '8.2813e-01', "
[92mINFO [0m:      	                                        "'7.7066e-01', '8.1877e-01', "
[92mINFO [0m:      	                                        "'6.7947e-01', '9.3610e-01', "
[92mINFO [0m:      	                                        "'8.7086e-01', '8.1777e-01', "
[92mINFO [0m:      	                                        "'8.7079e-01', '7.5337e-01', "
[92mINFO [0m:      	                                        "'9.9477e-01', '9.5729e-01', "
[92mINFO [0m:      	                                        "'9.8612e-01', '9.0649e-01', "
[92mINFO [0m:      	                                        "'8.8742e-01', '9.3480e-01', "
[92mINFO [0m:      	                                        "'8.3345e-01', '8.7291e-01', "
[92mINFO [0m:      	                                        "'7.7592e-01', '8.2253e-01']",
[92mINFO [0m:      	        'per-client-num-examples': "['1223', '1082', '1364', '517', '1435', "
[92mINFO [0m:      	                                   "'1505', '940', '870', '1152', '447', "
[92mINFO [0m:      	                                   "'729', '1294', '1012', '659', '800', "
[92mINFO [0m:      	                                   "'376']",
[92mINFO [0m:      	        'per-client-train_loss': "['4.2726e-02', '4.9388e-02', '6.6891e-02', "
[92mINFO [0m:      	                                 "'5.0961e-02', '5.9045e-02', '5.0290e-02', "
[92mINFO [0m:      	                                 "'6.5917e-02', '5.3858e-02', '5.1510e-02', "
[92mINFO [0m:      	                                 "'4.3192e-02', '4.0325e-02', '5.9479e-02', "
[92mINFO [0m:      	                                 "'3.5327e-02', '5.3438e-02', '6.4894e-02', "
[92mINFO [0m:      	                                 "'3.9292e-02']",
[92mINFO [0m:      	        'per-client-train_loss_mean': "['1.8269e-01', '1.9804e-01', "
[92mINFO [0m:      	                                      "'1.6877e-01', '2.3726e-01', "
[92mINFO [0m:      	                                      "'1.4203e-01', '1.5617e-01', "
[92mINFO [0m:      	                                      "'1.8199e-01', '1.7084e-01', "
[92mINFO [0m:      	                                      "'1.6143e-01', '2.3783e-01', "
[92mINFO [0m:      	                                      "'1.9125e-01', '1.7150e-01', "
[92mINFO [0m:      	                                      "'1.7300e-01', '2.4528e-01', "
[92mINFO [0m:      	                                      "'2.0791e-01', '2.1216e-01']",
[92mINFO [0m:      	        'train_loss': '5.2916e-02',
[92mINFO [0m:      	        'train_loss_mean': '1.8082e-01'},
[92mINFO [0m:      	  18: { 'client-ids': "['0', '1', '2', '3', '4', '5', '6', '7', '8', '9', "
[92mINFO [0m:      	                      "'10', '11', '12', '13', '14', '15']",
[92mINFO [0m:      	        'dp-client-clipped': "['1', '0', '0', '0', '1', '1', '0', '0', '0', "
[92mINFO [0m:      	                             "'0', '0', '1', '0', '0', '0', '0']",
[92mINFO [0m:      	        'dp-client-ids': "['0', '1', '2', '3', '4', '5', '6', '7', '8', '9', "
[92mINFO [0m:      	                         "'10', '11', '12', '13', '14', '15']",
[92mINFO [0m:      	        'dp-expected-noise-l2-norm': '5.6683e+00',
[92mINFO [0m:      	        'dp-fraction-clipped': '2.5000e-01',
[92mINFO [0m:      	        'dp-noise-percent-of-signal': '4.4119e+02',
[92mINFO [0m:      	        'dp-noise-to-signal-ratio': '4.4119e+00',
[92mINFO [0m:      	        'dp-num-clients-clipped': '4',
[92mINFO [0m:      	        'dp-parameter-count': '226596',
[92mINFO [0m:      	        'dp-signal-update-norm': '1.2848e+00',
[92mINFO [0m:      	        'dp-update-norms-before-clipping': "['5.0476e+00', '4.8492e+00', "
[92mINFO [0m:      	                                           "'4.6605e+00', '3.5424e+00', "
[92mINFO [0m:      	                                           "'5.1219e+00', '5.2596e+00', "
[92mINFO [0m:      	                                           "'4.7807e+00', '4.4095e+00', "
[92mINFO [0m:      	                                           "'4.8591e+00', '3.3335e+00', "
[92mINFO [0m:      	                                           "'3.9274e+00', '5.0213e+00', "
[92mINFO [0m:      	                                           "'4.4609e+00', '3.9535e+00', "
[92mINFO [0m:      	                                           "'4.1470e+00', '3.3051e+00']",
[92mINFO [0m:      	        'metric-dp-distance': '1.0497e+00',
[92mINFO [0m:      	        'metric-dp-distance-mean': '9.0670e-01',
[92mINFO [0m:      	        'metric-dp-distance-median': '9.0999e-01',
[92mINFO [0m:      	        'metric-dp-distance-min': '6.7652e-01',
[92mINFO [0m:      	        'metric-dp-noise-stdv': '1.1908e-02',
[92mINFO [0m:      	        'metric-dp-pairwise-client-i': "['0', '0', '0', '0', '0', '0', '0', "
[92mINFO [0m:      	                                       "'0', '0', '0', '0', '0', '0', '0', "
[92mINFO [0m:      	                                       "'0', '1', '1', '1', '1', '1', '1', "
[92mINFO [0m:      	                                       "'1', '1', '1', '1', '1', '1', '1', "
[92mINFO [0m:      	                                       "'1', '2', '2', '2', '2', '2', '2', "
[92mINFO [0m:      	                                       "'2', '2', '2', '2', '2', '2', '2', "
[92mINFO [0m:      	                                       "'3', '3', '3', '3', '3', '3', '3', "
[92mINFO [0m:      	                                       "'3', '3', '3', '3', '3', '4', '4', "
[92mINFO [0m:      	                                       "'4', '4', '4', '4', '4', '4', '4', "
[92mINFO [0m:      	                                       "'4', '4', '5', '5', '5', '5', '5', "
[92mINFO [0m:      	                                       "'5', '5', '5', '5', '5', '6', '6', "
[92mINFO [0m:      	                                       "'6', '6', '6', '6', '6', '6', '6', "
[92mINFO [0m:      	                                       "'7', '7', '7', '7', '7', '7', '7', "
[92mINFO [0m:      	                                       "'7', '8', '8', '8', '8', '8', '8', "
[92mINFO [0m:      	                                       "'8', '9', '9', '9', '9', '9', '9', "
[92mINFO [0m:      	                                       "'10', '10', '10', '10', '10', '11', "
[92mINFO [0m:      	                                       "'11', '11', '11', '12', '12', '12', "
[92mINFO [0m:      	                                       "'13', '13', '14']",
[92mINFO [0m:      	        'metric-dp-pairwise-client-j': "['1', '2', '3', '4', '5', '6', '7', "
[92mINFO [0m:      	                                       "'8', '9', '10', '11', '12', '13', "
[92mINFO [0m:      	                                       "'14', '15', '2', '3', '4', '5', '6', "
[92mINFO [0m:      	                                       "'7', '8', '9', '10', '11', '12', '13', "
[92mINFO [0m:      	                                       "'14', '15', '3', '4', '5', '6', '7', "
[92mINFO [0m:      	                                       "'8', '9', '10', '11', '12', '13', "
[92mINFO [0m:      	                                       "'14', '15', '4', '5', '6', '7', '8', "
[92mINFO [0m:      	                                       "'9', '10', '11', '12', '13', '14', "
[92mINFO [0m:      	                                       "'15', '5', '6', '7', '8', '9', '10', "
[92mINFO [0m:      	                                       "'11', '12', '13', '14', '15', '6', "
[92mINFO [0m:      	                                       "'7', '8', '9', '10', '11', '12', '13', "
[92mINFO [0m:      	                                       "'14', '15', '7', '8', '9', '10', '11', "
[92mINFO [0m:      	                                       "'12', '13', '14', '15', '8', '9', "
[92mINFO [0m:      	                                       "'10', '11', '12', '13', '14', '15', "
[92mINFO [0m:      	                                       "'9', '10', '11', '12', '13', '14', "
[92mINFO [0m:      	                                       "'15', '10', '11', '12', '13', '14', "
[92mINFO [0m:      	                                       "'15', '11', '12', '13', '14', '15', "
[92mINFO [0m:      	                                       "'12', '13', '14', '15', '13', '14', "
[92mINFO [0m:      	                                       "'15', '14', '15', '15']",
[92mINFO [0m:      	        'metric-dp-pairwise-distances': "['1.0110e+00', '9.8283e-01', "
[92mINFO [0m:      	                                        "'8.8964e-01', '1.0394e+00', "
[92mINFO [0m:      	                                        "'1.0399e+00', '9.9187e-01', "
[92mINFO [0m:      	                                        "'9.6237e-01', '1.0135e+00', "
[92mINFO [0m:      	                                        "'8.8075e-01', '9.3654e-01', "
[92mINFO [0m:      	                                        "'1.0270e+00', '9.6032e-01', "
[92mINFO [0m:      	                                        "'9.3187e-01', '9.4888e-01', "
[92mINFO [0m:      	                                        "'8.8219e-01', '9.7064e-01', "
[92mINFO [0m:      	                                        "'8.8047e-01', '1.0166e+00', "
[92mINFO [0m:      	                                        "'1.0374e+00', '9.8019e-01', "
[92mINFO [0m:      	                                        "'9.4075e-01', '9.9173e-01', "
[92mINFO [0m:      	                                        "'8.5680e-01', '8.9998e-01', "
[92mINFO [0m:      	                                        "'1.0056e+00', '9.5242e-01', "
[92mINFO [0m:      	                                        "'9.0111e-01', '9.2448e-01', "
[92mINFO [0m:      	                                        "'8.5754e-01', '8.4336e-01', "
[92mINFO [0m:      	                                        "'9.9575e-01', '1.0057e+00', "
[92mINFO [0m:      	                                        "'9.6194e-01', '9.2296e-01', "
[92mINFO [0m:      	                                        "'9.6037e-01', '8.3538e-01', "
[92mINFO [0m:      	                                        "'8.9000e-01', '9.8288e-01', "
[92mINFO [0m:      	                                        "'9.1489e-01', '8.8020e-01', "
[92mINFO [0m:      	                                        "'8.9641e-01', '8.4068e-01', "
[92mINFO [0m:      	                                        "'9.0927e-01', '9.2030e-01', "
[92mINFO [0m:      	                                        "'8.5356e-01', '8.1221e-01', "
[92mINFO [0m:      	                                        "'8.7207e-01', '6.9943e-01', "
[92mINFO [0m:      	                                        "'7.7104e-01', '8.8097e-01', "
[92mINFO [0m:      	                                        "'8.2715e-01', '7.6346e-01', "
[92mINFO [0m:      	                                        "'7.8339e-01', '7.0275e-01', "
[92mINFO [0m:      	                                        "'1.0497e+00', '1.0032e+00', "
[92mINFO [0m:      	                                        "'9.7030e-01', '1.0243e+00', "
[92mINFO [0m:      	                                        "'8.8539e-01', '9.3620e-01', "
[92mINFO [0m:      	                                        "'1.0377e+00', '9.7722e-01', "
[92mINFO [0m:      	                                        "'9.3285e-01', '9.4757e-01', "
[92mINFO [0m:      	                                        "'8.9254e-01', '1.0241e+00', "
[92mINFO [0m:      	                                        "'9.8189e-01', '1.0368e+00', "
[92mINFO [0m:      	                                        "'9.0462e-01', '9.4670e-01', "
[92mINFO [0m:      	                                        "'1.0373e+00', '9.8439e-01', "
[92mINFO [0m:      	                                        "'9.4534e-01', '9.6503e-01', "
[92mINFO [0m:      	                                        "'9.0663e-01', '9.3238e-01', "
[92mINFO [0m:      	                                        "'9.9025e-01', '8.4581e-01', "
[92mINFO [0m:      	                                        "'8.8520e-01', '9.9232e-01', "
[92mINFO [0m:      	                                        "'9.4692e-01', '8.9542e-01', "
[92mINFO [0m:      	                                        "'9.1070e-01', '8.3770e-01', "
[92mINFO [0m:      	                                        "'9.4851e-01', '8.0303e-01', "
[92mINFO [0m:      	                                        "'8.5021e-01', '9.5191e-01', "
[92mINFO [0m:      	                                        "'8.9705e-01', '8.5868e-01', "
[92mINFO [0m:      	                                        "'8.7064e-01', '7.9728e-01', "
[92mINFO [0m:      	                                        "'8.6302e-01', '9.0701e-01', "
[92mINFO [0m:      	                                        "'9.9523e-01', '9.5286e-01', "
[92mINFO [0m:      	                                        "'9.0275e-01', '9.2614e-01', "
[92mINFO [0m:      	                                        "'8.5369e-01', '7.4247e-01', "
[92mINFO [0m:      	                                        "'8.6844e-01', '8.0627e-01', "
[92mINFO [0m:      	                                        "'7.4881e-01', '7.7055e-01', "
[92mINFO [0m:      	                                        "'6.7652e-01', '9.1516e-01', "
[92mINFO [0m:      	                                        "'8.6151e-01', '7.9987e-01', "
[92mINFO [0m:      	                                        "'8.2864e-01', '7.3922e-01', "
[92mINFO [0m:      	                                        "'9.7284e-01', '9.2302e-01', "
[92mINFO [0m:      	                                        "'9.3824e-01', '8.7374e-01', "
[92mINFO [0m:      	                                        "'8.5297e-01', '8.8152e-01', "
[92mINFO [0m:      	                                        "'8.1363e-01', '8.2177e-01', "
[92mINFO [0m:      	                                        "'7.5349e-01', '7.7128e-01']",
[92mINFO [0m:      	        'per-client-num-examples': "['1223', '1082', '1364', '517', '1435', "
[92mINFO [0m:      	                                   "'1505', '940', '870', '1152', '447', "
[92mINFO [0m:      	                                   "'729', '1294', '1012', '659', '800', "
[92mINFO [0m:      	                                   "'376']",
[92mINFO [0m:      	        'per-client-train_loss': "['5.5904e-02', '6.0973e-02', '2.1469e-02', "
[92mINFO [0m:      	                                 "'6.0592e-02', '8.5280e-02', '2.4770e-02', "
[92mINFO [0m:      	                                 "'1.3141e-01', '4.1525e-02', '4.7852e-02', "
[92mINFO [0m:      	                                 "'2.9471e-02', '2.9108e-02', '5.1347e-02', "
[92mINFO [0m:      	                                 "'3.8296e-02', '5.7893e-02', '4.6510e-02', "
[92mINFO [0m:      	                                 "'2.9520e-02']",
[92mINFO [0m:      	        'per-client-train_loss_mean': "['1.6666e-01', '1.5793e-01', "
[92mINFO [0m:      	                                      "'1.4041e-01', '2.9236e-01', "
[92mINFO [0m:      	                                      "'1.3255e-01', '1.4661e-01', "
[92mINFO [0m:      	                                      "'1.8700e-01', '1.8933e-01', "
[92mINFO [0m:      	                                      "'1.4914e-01', '2.4175e-01', "
[92mINFO [0m:      	                                      "'1.8322e-01', '1.5850e-01', "
[92mINFO [0m:      	                                      "'1.6162e-01', '2.0525e-01', "
[92mINFO [0m:      	                                      "'2.0153e-01', '2.1753e-01']",
[92mINFO [0m:      	        'train_loss': '5.1635e-02',
[92mINFO [0m:      	        'train_loss_mean': '1.7067e-01'},
[92mINFO [0m:      	  19: { 'client-ids': "['0', '1', '2', '3', '4', '5', '6', '7', '8', '9', "
[92mINFO [0m:      	                      "'10', '11', '12', '13', '14', '15']",
[92mINFO [0m:      	        'dp-client-clipped': "['1', '0', '0', '0', '1', '1', '0', '0', '0', "
[92mINFO [0m:      	                             "'0', '0', '1', '0', '0', '0', '0']",
[92mINFO [0m:      	        'dp-client-ids': "['0', '1', '2', '3', '4', '5', '6', '7', '8', '9', "
[92mINFO [0m:      	                         "'10', '11', '12', '13', '14', '15']",
[92mINFO [0m:      	        'dp-expected-noise-l2-norm': '5.3440e+00',
[92mINFO [0m:      	        'dp-fraction-clipped': '2.5000e-01',
[92mINFO [0m:      	        'dp-noise-percent-of-signal': '4.2233e+02',
[92mINFO [0m:      	        'dp-noise-to-signal-ratio': '4.2233e+00',
[92mINFO [0m:      	        'dp-num-clients-clipped': '4',
[92mINFO [0m:      	        'dp-parameter-count': '226596',
[92mINFO [0m:      	        'dp-signal-update-norm': '1.2654e+00',
[92mINFO [0m:      	        'dp-update-norms-before-clipping': "['5.2732e+00', '4.1466e+00', "
[92mINFO [0m:      	                                           "'4.9689e+00', '3.6026e+00', "
[92mINFO [0m:      	                                           "'5.0677e+00', '5.6132e+00', "
[92mINFO [0m:      	                                           "'4.4030e+00', '4.1651e+00', "
[92mINFO [0m:      	                                           "'4.7268e+00', '3.3070e+00', "
[92mINFO [0m:      	                                           "'4.0438e+00', '5.2259e+00', "
[92mINFO [0m:      	                                           "'4.4960e+00', '3.9914e+00', "
[92mINFO [0m:      	                                           "'4.1284e+00', '3.3939e+00']",
[92mINFO [0m:      	        'metric-dp-distance': '1.1134e+00',
[92mINFO [0m:      	        'metric-dp-distance-mean': '9.0787e-01',
[92mINFO [0m:      	        'metric-dp-distance-median': '9.0997e-01',
[92mINFO [0m:      	        'metric-dp-distance-min': '6.8823e-01',
[92mINFO [0m:      	        'metric-dp-noise-stdv': '1.1226e-02',
[92mINFO [0m:      	        'metric-dp-pairwise-client-i': "['0', '0', '0', '0', '0', '0', '0', "
[92mINFO [0m:      	                                       "'0', '0', '0', '0', '0', '0', '0', "
[92mINFO [0m:      	                                       "'0', '1', '1', '1', '1', '1', '1', "
[92mINFO [0m:      	                                       "'1', '1', '1', '1', '1', '1', '1', "
[92mINFO [0m:      	                                       "'1', '2', '2', '2', '2', '2', '2', "
[92mINFO [0m:      	                                       "'2', '2', '2', '2', '2', '2', '2', "
[92mINFO [0m:      	                                       "'3', '3', '3', '3', '3', '3', '3', "
[92mINFO [0m:      	                                       "'3', '3', '3', '3', '3', '4', '4', "
[92mINFO [0m:      	                                       "'4', '4', '4', '4', '4', '4', '4', "
[92mINFO [0m:      	                                       "'4', '4', '5', '5', '5', '5', '5', "
[92mINFO [0m:      	                                       "'5', '5', '5', '5', '5', '6', '6', "
[92mINFO [0m:      	                                       "'6', '6', '6', '6', '6', '6', '6', "
[92mINFO [0m:      	                                       "'7', '7', '7', '7', '7', '7', '7', "
[92mINFO [0m:      	                                       "'7', '8', '8', '8', '8', '8', '8', "
[92mINFO [0m:      	                                       "'8', '9', '9', '9', '9', '9', '9', "
[92mINFO [0m:      	                                       "'10', '10', '10', '10', '10', '11', "
[92mINFO [0m:      	                                       "'11', '11', '11', '12', '12', '12', "
[92mINFO [0m:      	                                       "'13', '13', '14']",
[92mINFO [0m:      	        'metric-dp-pairwise-client-j': "['1', '2', '3', '4', '5', '6', '7', "
[92mINFO [0m:      	                                       "'8', '9', '10', '11', '12', '13', "
[92mINFO [0m:      	                                       "'14', '15', '2', '3', '4', '5', '6', "
[92mINFO [0m:      	                                       "'7', '8', '9', '10', '11', '12', '13', "
[92mINFO [0m:      	                                       "'14', '15', '3', '4', '5', '6', '7', "
[92mINFO [0m:      	                                       "'8', '9', '10', '11', '12', '13', "
[92mINFO [0m:      	                                       "'14', '15', '4', '5', '6', '7', '8', "
[92mINFO [0m:      	                                       "'9', '10', '11', '12', '13', '14', "
[92mINFO [0m:      	                                       "'15', '5', '6', '7', '8', '9', '10', "
[92mINFO [0m:      	                                       "'11', '12', '13', '14', '15', '6', "
[92mINFO [0m:      	                                       "'7', '8', '9', '10', '11', '12', '13', "
[92mINFO [0m:      	                                       "'14', '15', '7', '8', '9', '10', '11', "
[92mINFO [0m:      	                                       "'12', '13', '14', '15', '8', '9', "
[92mINFO [0m:      	                                       "'10', '11', '12', '13', '14', '15', "
[92mINFO [0m:      	                                       "'9', '10', '11', '12', '13', '14', "
[92mINFO [0m:      	                                       "'15', '10', '11', '12', '13', '14', "
[92mINFO [0m:      	                                       "'15', '11', '12', '13', '14', '15', "
[92mINFO [0m:      	                                       "'12', '13', '14', '15', '13', '14', "
[92mINFO [0m:      	                                       "'15', '14', '15', '15']",
[92mINFO [0m:      	        'metric-dp-pairwise-distances': "['9.7220e-01', '1.0428e+00', "
[92mINFO [0m:      	                                        "'9.2877e-01', '1.0595e+00', "
[92mINFO [0m:      	                                        "'1.1134e+00', '9.8466e-01', "
[92mINFO [0m:      	                                        "'9.6545e-01', '1.0227e+00', "
[92mINFO [0m:      	                                        "'9.0715e-01', '9.6933e-01', "
[92mINFO [0m:      	                                        "'1.0759e+00', '1.0007e+00', "
[92mINFO [0m:      	                                        "'9.6017e-01', '9.7703e-01', "
[92mINFO [0m:      	                                        "'9.3012e-01', '9.3427e-01', "
[92mINFO [0m:      	                                        "'8.0358e-01', '9.4947e-01', "
[92mINFO [0m:      	                                        "'1.0123e+00', '8.7195e-01', "
[92mINFO [0m:      	                                        "'8.5602e-01', '9.0291e-01', "
[92mINFO [0m:      	                                        "'7.8200e-01', '8.4248e-01', "
[92mINFO [0m:      	                                        "'9.6694e-01', '8.8751e-01', "
[92mINFO [0m:      	                                        "'8.3499e-01', '8.5009e-01', "
[92mINFO [0m:      	                                        "'7.8983e-01', '8.8307e-01', "
[92mINFO [0m:      	                                        "'1.0232e+00', '1.0845e+00', "
[92mINFO [0m:      	                                        "'9.5577e-01', '9.3400e-01', "
[92mINFO [0m:      	                                        "'9.9000e-01', '8.6911e-01', "
[92mINFO [0m:      	                                        "'9.1920e-01', '1.0417e+00', "
[92mINFO [0m:      	                                        "'9.5426e-01', '9.1604e-01', "
[92mINFO [0m:      	                                        "'9.2797e-01', '8.9001e-01', "
[92mINFO [0m:      	                                        "'9.0166e-01', '9.7169e-01', "
[92mINFO [0m:      	                                        "'8.2396e-01', '7.9753e-01', "
[92mINFO [0m:      	                                        "'8.6150e-01', '7.0440e-01', "
[92mINFO [0m:      	                                        "'7.8595e-01', '9.1349e-01', "
[92mINFO [0m:      	                                        "'8.3663e-01', '7.6872e-01', "
[92mINFO [0m:      	                                        "'7.8830e-01', '7.1891e-01', "
[92mINFO [0m:      	                                        "'1.0975e+00', '9.7873e-01', "
[92mINFO [0m:      	                                        "'9.4133e-01', '1.0068e+00', "
[92mINFO [0m:      	                                        "'8.7855e-01', '9.3270e-01', "
[92mINFO [0m:      	                                        "'1.0459e+00', '9.8339e-01', "
[92mINFO [0m:      	                                        "'9.3048e-01', '9.4114e-01', "
[92mINFO [0m:      	                                        "'8.9489e-01', '1.0346e+00', "
[92mINFO [0m:      	                                        "'1.0073e+00', '1.0575e+00', "
[92mINFO [0m:      	                                        "'9.5363e-01', '9.9907e-01', "
[92mINFO [0m:      	                                        "'1.1041e+00', '1.0403e+00', "
[92mINFO [0m:      	                                        "'9.8972e-01', '1.0103e+00', "
[92mINFO [0m:      	                                        "'9.6263e-01', '8.8049e-01', "
[92mINFO [0m:      	                                        "'9.2670e-01', '8.0208e-01', "
[92mINFO [0m:      	                                        "'8.5808e-01', '9.8039e-01', "
[92mINFO [0m:      	                                        "'9.0953e-01', '8.6250e-01', "
[92mINFO [0m:      	                                        "'8.6752e-01', '8.0701e-01', "
[92mINFO [0m:      	                                        "'9.1040e-01', '7.7711e-01', "
[92mINFO [0m:      	                                        "'8.2833e-01', '9.6291e-01', "
[92mINFO [0m:      	                                        "'8.8856e-01', '8.3267e-01', "
[92mINFO [0m:      	                                        "'8.4890e-01', '7.9110e-01', "
[92mINFO [0m:      	                                        "'8.4374e-01', '8.9842e-01', "
[92mINFO [0m:      	                                        "'1.0088e+00', '9.3356e-01', "
[92mINFO [0m:      	                                        "'8.8876e-01', '9.0608e-01', "
[92mINFO [0m:      	                                        "'8.5482e-01', '7.5302e-01', "
[92mINFO [0m:      	                                        "'8.8808e-01', '8.1274e-01', "
[92mINFO [0m:      	                                        "'7.4395e-01', '7.5766e-01', "
[92mINFO [0m:      	                                        "'6.8823e-01', '9.5567e-01', "
[92mINFO [0m:      	                                        "'8.7996e-01', '8.0942e-01', "
[92mINFO [0m:      	                                        "'8.2056e-01', '7.5767e-01', "
[92mINFO [0m:      	                                        "'9.9897e-01', '9.4903e-01', "
[92mINFO [0m:      	                                        "'9.5859e-01', '9.1236e-01', "
[92mINFO [0m:      	                                        "'8.7703e-01', '8.8467e-01', "
[92mINFO [0m:      	                                        "'8.2115e-01', '8.2134e-01', "
[92mINFO [0m:      	                                        "'7.6272e-01', '7.7657e-01']",
[92mINFO [0m:      	        'per-client-num-examples': "['1223', '1082', '1364', '517', '1435', "
[92mINFO [0m:      	                                   "'1505', '940', '870', '1152', '447', "
[92mINFO [0m:      	                                   "'729', '1294', '1012', '659', '800', "
[92mINFO [0m:      	                                   "'376']",
[92mINFO [0m:      	        'per-client-train_loss': "['9.9796e-02', '2.4971e-02', '7.6693e-02', "
[92mINFO [0m:      	                                 "'3.7828e-02', '6.2570e-02', '8.8545e-02', "
[92mINFO [0m:      	                                 "'3.3909e-02', '6.0700e-02', '5.8462e-02', "
[92mINFO [0m:      	                                 "'3.0879e-02', '2.2787e-02', '6.7023e-02', "
[92mINFO [0m:      	                                 "'7.8877e-02', '5.5168e-02', '5.0727e-02', "
[92mINFO [0m:      	                                 "'2.8924e-02']",
[92mINFO [0m:      	        'per-client-train_loss_mean': "['1.5390e-01', '1.3805e-01', "
[92mINFO [0m:      	                                      "'1.4244e-01', '2.4890e-01', "
[92mINFO [0m:      	                                      "'1.2312e-01', '1.4201e-01', "
[92mINFO [0m:      	                                      "'1.4570e-01', '1.6548e-01', "
[92mINFO [0m:      	                                      "'1.4261e-01', '2.3843e-01', "
[92mINFO [0m:      	                                      "'1.7603e-01', '1.4393e-01', "
[92mINFO [0m:      	                                      "'1.6041e-01', '2.1973e-01', "
[92mINFO [0m:      	                                      "'1.9139e-01', '2.2629e-01']",
[92mINFO [0m:      	        'train_loss': '6.0571e-02',
[92mINFO [0m:      	        'train_loss_mean': '1.5986e-01'},
[92mINFO [0m:      	  20: { 'client-ids': "['0', '1', '2', '3', '4', '5', '6', '7', '8', '9', "
[92mINFO [0m:      	                      "'10', '11', '12', '13', '14', '15']",
[92mINFO [0m:      	        'dp-client-clipped': "['0', '0', '0', '0', '1', '1', '0', '0', '0', "
[92mINFO [0m:      	                             "'0', '0', '1', '0', '0', '0', '0']",
[92mINFO [0m:      	        'dp-client-ids': "['0', '1', '2', '3', '4', '5', '6', '7', '8', '9', "
[92mINFO [0m:      	                         "'10', '11', '12', '13', '14', '15']",
[92mINFO [0m:      	        'dp-expected-noise-l2-norm': '5.3571e+00',
[92mINFO [0m:      	        'dp-fraction-clipped': '1.8750e-01',
[92mINFO [0m:      	        'dp-noise-percent-of-signal': '4.2432e+02',
[92mINFO [0m:      	        'dp-noise-to-signal-ratio': '4.2432e+00',
[92mINFO [0m:      	        'dp-num-clients-clipped': '3',
[92mINFO [0m:      	        'dp-parameter-count': '226596',
[92mINFO [0m:      	        'dp-signal-update-norm': '1.2625e+00',
[92mINFO [0m:      	        'dp-update-norms-before-clipping': "['4.8821e+00', '4.5842e+00', "
[92mINFO [0m:      	                                           "'4.8536e+00', '3.7031e+00', "
[92mINFO [0m:      	                                           "'5.2523e+00', '5.5622e+00', "
[92mINFO [0m:      	                                           "'4.3410e+00', '4.3642e+00', "
[92mINFO [0m:      	                                           "'4.5343e+00', '3.3691e+00', "
[92mINFO [0m:      	                                           "'3.9360e+00', '5.1067e+00', "
[92mINFO [0m:      	                                           "'4.4517e+00', '3.9313e+00', "
[92mINFO [0m:      	                                           "'3.9751e+00', '3.2993e+00']",
[92mINFO [0m:      	        'metric-dp-distance': '1.1107e+00',
[92mINFO [0m:      	        'metric-dp-distance-mean': '9.0002e-01',
[92mINFO [0m:      	        'metric-dp-distance-median': '9.0412e-01',
[92mINFO [0m:      	        'metric-dp-distance-min': '6.7954e-01',
[92mINFO [0m:      	        'metric-dp-noise-stdv': '1.1254e-02',
[92mINFO [0m:      	        'metric-dp-pairwise-client-i': "['0', '0', '0', '0', '0', '0', '0', "
[92mINFO [0m:      	                                       "'0', '0', '0', '0', '0', '0', '0', "
[92mINFO [0m:      	                                       "'0', '1', '1', '1', '1', '1', '1', "
[92mINFO [0m:      	                                       "'1', '1', '1', '1', '1', '1', '1', "
[92mINFO [0m:      	                                       "'1', '2', '2', '2', '2', '2', '2', "
[92mINFO [0m:      	                                       "'2', '2', '2', '2', '2', '2', '2', "
[92mINFO [0m:      	                                       "'3', '3', '3', '3', '3', '3', '3', "
[92mINFO [0m:      	                                       "'3', '3', '3', '3', '3', '4', '4', "
[92mINFO [0m:      	                                       "'4', '4', '4', '4', '4', '4', '4', "
[92mINFO [0m:      	                                       "'4', '4', '5', '5', '5', '5', '5', "
[92mINFO [0m:      	                                       "'5', '5', '5', '5', '5', '6', '6', "
[92mINFO [0m:      	                                       "'6', '6', '6', '6', '6', '6', '6', "
[92mINFO [0m:      	                                       "'7', '7', '7', '7', '7', '7', '7', "
[92mINFO [0m:      	                                       "'7', '8', '8', '8', '8', '8', '8', "
[92mINFO [0m:      	                                       "'8', '9', '9', '9', '9', '9', '9', "
[92mINFO [0m:      	                                       "'10', '10', '10', '10', '10', '11', "
[92mINFO [0m:      	                                       "'11', '11', '11', '12', '12', '12', "
[92mINFO [0m:      	                                       "'13', '13', '14']",
[92mINFO [0m:      	        'metric-dp-pairwise-client-j': "['1', '2', '3', '4', '5', '6', '7', "
[92mINFO [0m:      	                                       "'8', '9', '10', '11', '12', '13', "
[92mINFO [0m:      	                                       "'14', '15', '2', '3', '4', '5', '6', "
[92mINFO [0m:      	                                       "'7', '8', '9', '10', '11', '12', '13', "
[92mINFO [0m:      	                                       "'14', '15', '3', '4', '5', '6', '7', "
[92mINFO [0m:      	                                       "'8', '9', '10', '11', '12', '13', "
[92mINFO [0m:      	                                       "'14', '15', '4', '5', '6', '7', '8', "
[92mINFO [0m:      	                                       "'9', '10', '11', '12', '13', '14', "
[92mINFO [0m:      	                                       "'15', '5', '6', '7', '8', '9', '10', "
[92mINFO [0m:      	                                       "'11', '12', '13', '14', '15', '6', "
[92mINFO [0m:      	                                       "'7', '8', '9', '10', '11', '12', '13', "
[92mINFO [0m:      	                                       "'14', '15', '7', '8', '9', '10', '11', "
[92mINFO [0m:      	                                       "'12', '13', '14', '15', '8', '9', "
[92mINFO [0m:      	                                       "'10', '11', '12', '13', '14', '15', "
[92mINFO [0m:      	                                       "'9', '10', '11', '12', '13', '14', "
[92mINFO [0m:      	                                       "'15', '10', '11', '12', '13', '14', "
[92mINFO [0m:      	                                       "'15', '11', '12', '13', '14', '15', "
[92mINFO [0m:      	                                       "'12', '13', '14', '15', '13', '14', "
[92mINFO [0m:      	                                       "'15', '14', '15', '15']",
[92mINFO [0m:      	        'metric-dp-pairwise-distances': "['9.5998e-01', '9.8254e-01', "
[92mINFO [0m:      	                                        "'8.7401e-01', '1.0437e+00', "
[92mINFO [0m:      	                                        "'1.0650e+00', '9.3082e-01', "
[92mINFO [0m:      	                                        "'9.3449e-01', '9.5874e-01', "
[92mINFO [0m:      	                                        "'8.5700e-01', '9.0417e-01', "
[92mINFO [0m:      	                                        "'1.0197e+00', '9.3424e-01', "
[92mINFO [0m:      	                                        "'8.9794e-01', '8.9914e-01', "
[92mINFO [0m:      	                                        "'8.5252e-01', '9.6605e-01', "
[92mINFO [0m:      	                                        "'8.5626e-01', '1.0059e+00', "
[92mINFO [0m:      	                                        "'1.0464e+00', '9.0521e-01', "
[92mINFO [0m:      	                                        "'9.1490e-01', '9.2529e-01', "
[92mINFO [0m:      	                                        "'8.2946e-01', '8.7348e-01', "
[92mINFO [0m:      	                                        "'9.8478e-01', '9.1768e-01', "
[92mINFO [0m:      	                                        "'8.6465e-01', '8.7011e-01', "
[92mINFO [0m:      	                                        "'8.2389e-01', '8.8068e-01', "
[92mINFO [0m:      	                                        "'1.0414e+00', '1.0760e+00', "
[92mINFO [0m:      	                                        "'9.4087e-01', '9.4025e-01', "
[92mINFO [0m:      	                                        "'9.5599e-01', '8.6404e-01', "
[92mINFO [0m:      	                                        "'8.9921e-01', '1.0200e+00', "
[92mINFO [0m:      	                                        "'9.4543e-01', '9.0600e-01', "
[92mINFO [0m:      	                                        "'9.0406e-01', '8.6913e-01', "
[92mINFO [0m:      	                                        "'9.3674e-01', '9.7504e-01', "
[92mINFO [0m:      	                                        "'8.1647e-01', '8.2300e-01', "
[92mINFO [0m:      	                                        "'8.4396e-01', '7.2858e-01', "
[92mINFO [0m:      	                                        "'7.8605e-01', '9.1167e-01', "
[92mINFO [0m:      	                                        "'8.3856e-01', '7.7597e-01', "
[92mINFO [0m:      	                                        "'7.8040e-01', '7.1326e-01', "
[92mINFO [0m:      	                                        "'1.1107e+00', '9.8201e-01', "
[92mINFO [0m:      	                                        "'9.9044e-01', '1.0109e+00', "
[92mINFO [0m:      	                                        "'9.1221e-01', '9.5117e-01', "
[92mINFO [0m:      	                                        "'1.0550e+00', '9.9517e-01', "
[92mINFO [0m:      	                                        "'9.4984e-01', '9.5124e-01', "
[92mINFO [0m:      	                                        "'9.1396e-01', '1.0177e+00', "
[92mINFO [0m:      	                                        "'1.0118e+00', '1.0360e+00', "
[92mINFO [0m:      	                                        "'9.4586e-01', '9.8257e-01', "
[92mINFO [0m:      	                                        "'1.0798e+00', '1.0227e+00', "
[92mINFO [0m:      	                                        "'9.8317e-01', '9.8745e-01', "
[92mINFO [0m:      	                                        "'9.4297e-01', '8.7980e-01', "
[92mINFO [0m:      	                                        "'9.0421e-01', '8.0271e-01', "
[92mINFO [0m:      	                                        "'8.4004e-01', '9.6350e-01', "
[92mINFO [0m:      	                                        "'8.8963e-01', '8.4761e-01', "
[92mINFO [0m:      	                                        "'8.4252e-01', '7.8018e-01', "
[92mINFO [0m:      	                                        "'9.1233e-01', '8.0298e-01', "
[92mINFO [0m:      	                                        "'8.4319e-01', '9.6449e-01', "
[92mINFO [0m:      	                                        "'9.0399e-01', '8.4586e-01', "
[92mINFO [0m:      	                                        "'8.5307e-01', '7.9565e-01', "
[92mINFO [0m:      	                                        "'8.2055e-01', '8.6045e-01', "
[92mINFO [0m:      	                                        "'9.7871e-01', '9.1353e-01', "
[92mINFO [0m:      	                                        "'8.6127e-01', '8.6587e-01', "
[92mINFO [0m:      	                                        "'8.0937e-01', '7.4502e-01', "
[92mINFO [0m:      	                                        "'8.8784e-01', '8.1468e-01', "
[92mINFO [0m:      	                                        "'7.5225e-01', '7.5129e-01', "
[92mINFO [0m:      	                                        "'6.7954e-01', '9.3235e-01', "
[92mINFO [0m:      	                                        "'8.5838e-01', '8.0236e-01', "
[92mINFO [0m:      	                                        "'7.9995e-01', '7.4179e-01', "
[92mINFO [0m:      	                                        "'9.7862e-01', '9.3630e-01', "
[92mINFO [0m:      	                                        "'9.3209e-01', '8.9101e-01', "
[92mINFO [0m:      	                                        "'8.5549e-01', '8.6504e-01', "
[92mINFO [0m:      	                                        "'8.0252e-01', '8.0206e-01', "
[92mINFO [0m:      	                                        "'7.4465e-01', '7.4378e-01']",
[92mINFO [0m:      	        'per-client-num-examples': "['1223', '1082', '1364', '517', '1435', "
[92mINFO [0m:      	                                   "'1505', '940', '870', '1152', '447', "
[92mINFO [0m:      	                                   "'729', '1294', '1012', '659', '800', "
[92mINFO [0m:      	                                   "'376']",
[92mINFO [0m:      	        'per-client-train_loss': "['5.5148e-02', '2.6361e-02', '5.9521e-02', "
[92mINFO [0m:      	                                 "'5.6407e-02', '6.7500e-02', '4.4958e-02', "
[92mINFO [0m:      	                                 "'3.7399e-02', '5.8710e-02', '5.9751e-02', "
[92mINFO [0m:      	                                 "'2.4843e-02', '3.6380e-02', '6.0985e-02', "
[92mINFO [0m:      	                                 "'2.8479e-02', '3.0048e-02', '3.7338e-02', "
[92mINFO [0m:      	                                 "'2.4153e-02']",
[92mINFO [0m:      	        'per-client-train_loss_mean': "['1.6320e-01', '1.4404e-01', "
[92mINFO [0m:      	                                      "'1.3527e-01', '2.6822e-01', "
[92mINFO [0m:      	                                      "'1.2179e-01', '1.4125e-01', "
[92mINFO [0m:      	                                      "'1.5519e-01', '1.5027e-01', "
[92mINFO [0m:      	                                      "'1.3745e-01', '2.1270e-01', "
[92mINFO [0m:      	                                      "'1.6698e-01', '1.4292e-01', "
[92mINFO [0m:      	                                      "'1.3687e-01', '1.9554e-01', "
[92mINFO [0m:      	                                      "'1.7580e-01', '2.3966e-01']",
[92mINFO [0m:      	        'train_loss': '4.7389e-02',
[92mINFO [0m:      	        'train_loss_mean': '1.5585e-01'}}
[92mINFO [0m:      	
[92mINFO [0m:      	Aggregated ClientApp-side Evaluate Metrics:
[92mINFO [0m:      	{ 1: { 'client-ids': "['0', '1', '2', '3', '4', '5', '6', '7', '8', '9', '10', "
[92mINFO [0m:      	                     "'11', '12', '13', '14', '15']",
[92mINFO [0m:      	       'eval_acc': '3.5699e-01',
[92mINFO [0m:      	       'eval_loss': '1.3561e+00',
[92mINFO [0m:      	       'per-client-eval_acc': "['3.3987e-01', '3.4686e-01', '3.5088e-01', "
[92mINFO [0m:      	                              "'3.6923e-01', '3.3983e-01', '3.5013e-01', "
[92mINFO [0m:      	                              "'3.6441e-01', '3.6239e-01', '3.9100e-01', "
[92mINFO [0m:      	                              "'3.3929e-01', '3.6066e-01', '3.7037e-01', "
[92mINFO [0m:      	                              "'3.6364e-01', '3.5152e-01', '3.7000e-01', "
[92mINFO [0m:      	                              "'3.3684e-01']",
[92mINFO [0m:      	       'per-client-eval_loss': "['1.3601e+00', '1.3547e+00', '1.3594e+00', "
[92mINFO [0m:      	                               "'1.3526e+00', '1.3611e+00', '1.3584e+00', "
[92mINFO [0m:      	                               "'1.3541e+00', '1.3504e+00', '1.3515e+00', "
[92mINFO [0m:      	                               "'1.3666e+00', '1.3536e+00', '1.3525e+00', "
[92mINFO [0m:      	                               "'1.3575e+00', '1.3543e+00', '1.3532e+00', "
[92mINFO [0m:      	                               "'1.3548e+00']",
[92mINFO [0m:      	       'per-client-num-examples': "['306', '271', '342', '130', '359', '377', "
[92mINFO [0m:      	                                  "'236', '218', '289', '112', '183', '324', "
[92mINFO [0m:      	                                  "'253', '165', '200', '95']"},
[92mINFO [0m:      	  2: { 'client-ids': "['0', '1', '2', '3', '4', '5', '6', '7', '8', '9', '10', "
[92mINFO [0m:      	                     "'11', '12', '13', '14', '15']",
[92mINFO [0m:      	       'eval_acc': '5.9560e-01',
[92mINFO [0m:      	       'eval_loss': '9.8266e-01',
[92mINFO [0m:      	       'per-client-eval_acc': "['5.7190e-01', '6.1255e-01', '5.7895e-01', "
[92mINFO [0m:      	                              "'6.1538e-01', '5.6267e-01', '5.6764e-01', "
[92mINFO [0m:      	                              "'6.2712e-01', '6.6055e-01', '5.8824e-01', "
[92mINFO [0m:      	                              "'5.3571e-01', '6.2295e-01', '5.9877e-01', "
[92mINFO [0m:      	                              "'5.9684e-01', '5.8182e-01', '6.5500e-01', "
[92mINFO [0m:      	                              "'5.8947e-01']",
[92mINFO [0m:      	       'per-client-eval_loss': "['1.0396e+00', '9.6890e-01', '1.0115e+00', "
[92mINFO [0m:      	                               "'9.4857e-01', '1.0210e+00', '1.0099e+00', "
[92mINFO [0m:      	                               "'9.5473e-01', '9.0425e-01', '9.8784e-01', "
[92mINFO [0m:      	                               "'1.0305e+00', '9.8080e-01', '9.4755e-01', "
[92mINFO [0m:      	                               "'9.6670e-01', '9.8535e-01', '9.0346e-01', "
[92mINFO [0m:      	                               "'1.0333e+00']",
[92mINFO [0m:      	       'per-client-num-examples': "['306', '271', '342', '130', '359', '377', "
[92mINFO [0m:      	                                  "'236', '218', '289', '112', '183', '324', "
[92mINFO [0m:      	                                  "'253', '165', '200', '95']"},
[92mINFO [0m:      	  3: { 'client-ids': "['0', '1', '2', '3', '4', '5', '6', '7', '8', '9', '10', "
[92mINFO [0m:      	                     "'11', '12', '13', '14', '15']",
[92mINFO [0m:      	       'eval_acc': '6.6969e-01',
[92mINFO [0m:      	       'eval_loss': '8.2612e-01',
[92mINFO [0m:      	       'per-client-eval_acc': "['6.5359e-01', '6.6052e-01', '6.7544e-01', "
[92mINFO [0m:      	                              "'7.2308e-01', '6.4903e-01', '6.4191e-01', "
[92mINFO [0m:      	                              "'6.6102e-01', '7.1101e-01', '6.8166e-01', "
[92mINFO [0m:      	                              "'5.6250e-01', '6.9945e-01', '6.8210e-01', "
[92mINFO [0m:      	                              "'6.9565e-01', '6.4848e-01', '7.1000e-01', "
[92mINFO [0m:      	                              "'6.4211e-01']",
[92mINFO [0m:      	       'per-client-eval_loss': "['8.9411e-01', '8.1851e-01', '8.4293e-01', "
[92mINFO [0m:      	                               "'7.5660e-01', '8.5402e-01', '8.5218e-01', "
[92mINFO [0m:      	                               "'8.0698e-01', '7.3924e-01', '8.1720e-01', "
[92mINFO [0m:      	                               "'9.0898e-01', '8.4719e-01', '7.9965e-01', "
[92mINFO [0m:      	                               "'8.0218e-01', '8.3474e-01', '7.5133e-01', "
[92mINFO [0m:      	                               "'8.8670e-01']",
[92mINFO [0m:      	       'per-client-num-examples': "['306', '271', '342', '130', '359', '377', "
[92mINFO [0m:      	                                  "'236', '218', '289', '112', '183', '324', "
[92mINFO [0m:      	                                  "'253', '165', '200', '95']"},
[92mINFO [0m:      	  4: { 'client-ids': "['0', '1', '2', '3', '4', '5', '6', '7', '8', '9', '10', "
[92mINFO [0m:      	                     "'11', '12', '13', '14', '15']",
[92mINFO [0m:      	       'eval_acc': '6.4870e-01',
[92mINFO [0m:      	       'eval_loss': '8.1102e-01',
[92mINFO [0m:      	       'per-client-eval_acc': "['6.0784e-01', '6.4945e-01', '6.4035e-01', "
[92mINFO [0m:      	                              "'6.4615e-01', '6.2396e-01', '6.4191e-01', "
[92mINFO [0m:      	                              "'6.3983e-01', '7.2018e-01', '6.8858e-01', "
[92mINFO [0m:      	                              "'6.3393e-01', '6.3934e-01', '6.2346e-01', "
[92mINFO [0m:      	                              "'6.8379e-01', '6.1818e-01', '7.0000e-01', "
[92mINFO [0m:      	                              "'6.4211e-01']",
[92mINFO [0m:      	       'per-client-eval_loss': "['8.6545e-01', '7.8758e-01', '8.4105e-01', "
[92mINFO [0m:      	                               "'7.5316e-01', '8.4528e-01', '8.2345e-01', "
[92mINFO [0m:      	                               "'8.0575e-01', '7.0358e-01', '7.7245e-01', "
[92mINFO [0m:      	                               "'8.5282e-01', '8.4682e-01', '8.0523e-01', "
[92mINFO [0m:      	                               "'7.9353e-01', '8.1815e-01', '7.5158e-01', "
[92mINFO [0m:      	                               "'9.3277e-01']",
[92mINFO [0m:      	       'per-client-num-examples': "['306', '271', '342', '130', '359', '377', "
[92mINFO [0m:      	                                  "'236', '218', '289', '112', '183', '324', "
[92mINFO [0m:      	                                  "'253', '165', '200', '95']"},
[92mINFO [0m:      	  5: { 'client-ids': "['0', '1', '2', '3', '4', '5', '6', '7', '8', '9', '10', "
[92mINFO [0m:      	                     "'11', '12', '13', '14', '15']",
[92mINFO [0m:      	       'eval_acc': '7.3446e-01',
[92mINFO [0m:      	       'eval_loss': '6.6739e-01',
[92mINFO [0m:      	       'per-client-eval_acc': "['7.0915e-01', '7.4539e-01', '7.4269e-01', "
[92mINFO [0m:      	                              "'7.4615e-01', '7.2145e-01', '7.3740e-01', "
[92mINFO [0m:      	                              "'7.5000e-01', '7.7982e-01', '7.6817e-01', "
[92mINFO [0m:      	                              "'6.9643e-01', '7.2131e-01', '7.0988e-01', "
[92mINFO [0m:      	                              "'7.5494e-01', '7.0909e-01', '7.5000e-01', "
[92mINFO [0m:      	                              "'6.4211e-01']",
[92mINFO [0m:      	       'per-client-eval_loss': "['7.0979e-01', '6.3360e-01', '6.5308e-01', "
[92mINFO [0m:      	                               "'6.1917e-01', '7.1529e-01', '6.8431e-01', "
[92mINFO [0m:      	                               "'6.6866e-01', '5.7421e-01', '6.5439e-01', "
[92mINFO [0m:      	                               "'7.1860e-01', '6.9114e-01', '6.7303e-01', "
[92mINFO [0m:      	                               "'6.5569e-01', '6.5345e-01', '6.0934e-01', "
[92mINFO [0m:      	                               "'7.9911e-01']",
[92mINFO [0m:      	       'per-client-num-examples': "['306', '271', '342', '130', '359', '377', "
[92mINFO [0m:      	                                  "'236', '218', '289', '112', '183', '324', "
[92mINFO [0m:      	                                  "'253', '165', '200', '95']"},
[92mINFO [0m:      	  6: { 'client-ids': "['0', '1', '2', '3', '4', '5', '6', '7', '8', '9', '10', "
[92mINFO [0m:      	                     "'11', '12', '13', '14', '15']",
[92mINFO [0m:      	       'eval_acc': '7.5233e-01',
[92mINFO [0m:      	       'eval_loss': '6.3550e-01',
[92mINFO [0m:      	       'per-client-eval_acc': "['7.1569e-01', '7.6384e-01', '7.5146e-01', "
[92mINFO [0m:      	                              "'7.6923e-01', '7.2702e-01', '7.6127e-01', "
[92mINFO [0m:      	                              "'7.5424e-01', '7.9358e-01', '7.7163e-01', "
[92mINFO [0m:      	                              "'7.3214e-01', '7.3224e-01', '7.3457e-01', "
[92mINFO [0m:      	                              "'7.8656e-01', '7.8182e-01', '7.5000e-01', "
[92mINFO [0m:      	                              "'7.0526e-01']",
[92mINFO [0m:      	       'per-client-eval_loss': "['6.8980e-01', '5.8337e-01', '6.0558e-01', "
[92mINFO [0m:      	                               "'5.6237e-01', '6.6884e-01', '6.6030e-01', "
[92mINFO [0m:      	                               "'6.5930e-01', '5.4837e-01', '6.4770e-01', "
[92mINFO [0m:      	                               "'7.2972e-01', '6.5290e-01', '6.4052e-01', "
[92mINFO [0m:      	                               "'6.1575e-01', '5.8716e-01', '5.8763e-01', "
[92mINFO [0m:      	                               "'7.7215e-01']",
[92mINFO [0m:      	       'per-client-num-examples': "['306', '271', '342', '130', '359', '377', "
[92mINFO [0m:      	                                  "'236', '218', '289', '112', '183', '324', "
[92mINFO [0m:      	                                  "'253', '165', '200', '95']"},
[92mINFO [0m:      	  7: { 'client-ids': "['0', '1', '2', '3', '4', '5', '6', '7', '8', '9', '10', "
[92mINFO [0m:      	                     "'11', '12', '13', '14', '15']",
[92mINFO [0m:      	       'eval_acc': '7.6347e-01',
[92mINFO [0m:      	       'eval_loss': '6.2131e-01',
[92mINFO [0m:      	       'per-client-eval_acc': "['7.3856e-01', '7.4908e-01', '7.6901e-01', "
[92mINFO [0m:      	                              "'7.9231e-01', '7.6602e-01', '7.6393e-01', "
[92mINFO [0m:      	                              "'7.3729e-01', '7.8440e-01', '7.8893e-01', "
[92mINFO [0m:      	                              "'7.5893e-01', '7.5410e-01', '7.2840e-01', "
[92mINFO [0m:      	                              "'8.0632e-01', '7.7576e-01', '7.9000e-01', "
[92mINFO [0m:      	                              "'7.0526e-01']",
[92mINFO [0m:      	       'per-client-eval_loss': "['6.5270e-01', '5.6878e-01', '6.1283e-01', "
[92mINFO [0m:      	                               "'5.6330e-01', '6.4587e-01', '6.3705e-01', "
[92mINFO [0m:      	                               "'6.9097e-01', '5.5635e-01', '5.8916e-01', "
[92mINFO [0m:      	                               "'7.0147e-01', '6.3397e-01', '6.4147e-01', "
[92mINFO [0m:      	                               "'6.1015e-01', '5.4229e-01', '5.7068e-01', "
[92mINFO [0m:      	                               "'7.8444e-01']",
[92mINFO [0m:      	       'per-client-num-examples': "['306', '271', '342', '130', '359', '377', "
[92mINFO [0m:      	                                  "'236', '218', '289', '112', '183', '324', "
[92mINFO [0m:      	                                  "'253', '165', '200', '95']"},
[92mINFO [0m:      	  8: { 'client-ids': "['0', '1', '2', '3', '4', '5', '6', '7', '8', '9', '10', "
[92mINFO [0m:      	                     "'11', '12', '13', '14', '15']",
[92mINFO [0m:      	       'eval_acc': '7.7435e-01',
[92mINFO [0m:      	       'eval_loss': '5.9148e-01',
[92mINFO [0m:      	       'per-client-eval_acc': "['7.4183e-01', '7.7860e-01', '7.6901e-01', "
[92mINFO [0m:      	                              "'7.8462e-01', '7.9944e-01', '7.6658e-01', "
[92mINFO [0m:      	                              "'7.7966e-01', '7.9358e-01', '8.0277e-01', "
[92mINFO [0m:      	                              "'7.3214e-01', '7.7596e-01', '7.4383e-01', "
[92mINFO [0m:      	                              "'8.0632e-01', '7.5758e-01', '7.9000e-01', "
[92mINFO [0m:      	                              "'7.2632e-01']",
[92mINFO [0m:      	       'per-client-eval_loss': "['6.3507e-01', '5.5169e-01', '5.7063e-01', "
[92mINFO [0m:      	                               "'5.5417e-01', '5.9797e-01', '6.0572e-01', "
[92mINFO [0m:      	                               "'6.5501e-01', '5.3049e-01', '5.9183e-01', "
[92mINFO [0m:      	                               "'6.8489e-01', '5.7795e-01', '6.1161e-01', "
[92mINFO [0m:      	                               "'5.6598e-01', '5.0990e-01', '5.2729e-01', "
[92mINFO [0m:      	                               "'7.8279e-01']",
[92mINFO [0m:      	       'per-client-num-examples': "['306', '271', '342', '130', '359', '377', "
[92mINFO [0m:      	                                  "'236', '218', '289', '112', '183', '324', "
[92mINFO [0m:      	                                  "'253', '165', '200', '95']"},
[92mINFO [0m:      	  9: { 'client-ids': "['0', '1', '2', '3', '4', '5', '6', '7', '8', '9', '10', "
[92mINFO [0m:      	                     "'11', '12', '13', '14', '15']",
[92mINFO [0m:      	       'eval_acc': '7.8705e-01',
[92mINFO [0m:      	       'eval_loss': '5.8492e-01',
[92mINFO [0m:      	       'per-client-eval_acc': "['7.5163e-01', '8.1919e-01', '7.7778e-01', "
[92mINFO [0m:      	                              "'8.2308e-01', '7.8830e-01', '7.8249e-01', "
[92mINFO [0m:      	                              "'7.8814e-01', '8.0275e-01', '7.9585e-01', "
[92mINFO [0m:      	                              "'7.2321e-01', '7.8689e-01', '7.8395e-01', "
[92mINFO [0m:      	                              "'8.1818e-01', '7.7576e-01', '8.1000e-01', "
[92mINFO [0m:      	                              "'7.1579e-01']",
[92mINFO [0m:      	       'per-client-eval_loss': "['6.3631e-01', '5.0448e-01', '5.7109e-01', "
[92mINFO [0m:      	                               "'5.4833e-01', '6.1206e-01', '5.9482e-01', "
[92mINFO [0m:      	                               "'6.2774e-01', '5.0684e-01', '6.2083e-01', "
[92mINFO [0m:      	                               "'6.9112e-01', '5.6810e-01', '6.0334e-01', "
[92mINFO [0m:      	                               "'5.6445e-01', '5.2986e-01', '4.8866e-01', "
[92mINFO [0m:      	                               "'7.6754e-01']",
[92mINFO [0m:      	       'per-client-num-examples': "['306', '271', '342', '130', '359', '377', "
[92mINFO [0m:      	                                  "'236', '218', '289', '112', '183', '324', "
[92mINFO [0m:      	                                  "'253', '165', '200', '95']"},
[92mINFO [0m:      	  10: { 'client-ids': "['0', '1', '2', '3', '4', '5', '6', '7', '8', '9', "
[92mINFO [0m:      	                      "'10', '11', '12', '13', '14', '15']",
[92mINFO [0m:      	        'eval_acc': '7.8031e-01',
[92mINFO [0m:      	        'eval_loss': '6.0779e-01',
[92mINFO [0m:      	        'per-client-eval_acc': "['7.4183e-01', '8.2288e-01', '7.7193e-01', "
[92mINFO [0m:      	                               "'7.8462e-01', '7.7994e-01', '7.7454e-01', "
[92mINFO [0m:      	                               "'7.7542e-01', '8.1651e-01', '7.8893e-01', "
[92mINFO [0m:      	                               "'7.0536e-01', '7.8142e-01', '7.6852e-01', "
[92mINFO [0m:      	                               "'8.3004e-01', '7.8788e-01', '8.0000e-01', "
[92mINFO [0m:      	                               "'6.7368e-01']",
[92mINFO [0m:      	        'per-client-eval_loss': "['6.7228e-01', '4.9686e-01', '6.0575e-01', "
[92mINFO [0m:      	                                "'5.4347e-01', '6.3562e-01', '6.2794e-01', "
[92mINFO [0m:      	                                "'6.8557e-01', '5.1753e-01', '6.0658e-01', "
[92mINFO [0m:      	                                "'7.7016e-01', '6.0780e-01', '6.3977e-01', "
[92mINFO [0m:      	                                "'5.6268e-01', '5.3647e-01', '5.0703e-01', "
[92mINFO [0m:      	                                "'7.9978e-01']",
[92mINFO [0m:      	        'per-client-num-examples': "['306', '271', '342', '130', '359', '377', "
[92mINFO [0m:      	                                   "'236', '218', '289', '112', '183', '324', "
[92mINFO [0m:      	                                   "'253', '165', '200', '95']"},
[92mINFO [0m:      	  11: { 'client-ids': "['0', '1', '2', '3', '4', '5', '6', '7', '8', '9', "
[92mINFO [0m:      	                      "'10', '11', '12', '13', '14', '15']",
[92mINFO [0m:      	        'eval_acc': '7.9016e-01',
[92mINFO [0m:      	        'eval_loss': '5.8431e-01',
[92mINFO [0m:      	        'per-client-eval_acc': "['7.6144e-01', '8.1181e-01', '7.8655e-01', "
[92mINFO [0m:      	                               "'7.9231e-01', '7.9109e-01', '7.9310e-01', "
[92mINFO [0m:      	                               "'7.6695e-01', '8.1193e-01', '8.0623e-01', "
[92mINFO [0m:      	                               "'7.0536e-01', '8.0874e-01', '7.9012e-01', "
[92mINFO [0m:      	                               "'8.1028e-01', '7.8788e-01', '8.1000e-01', "
[92mINFO [0m:      	                               "'7.4737e-01']",
[92mINFO [0m:      	        'per-client-eval_loss': "['6.3090e-01', '5.0187e-01', '5.7219e-01', "
[92mINFO [0m:      	                                "'5.3091e-01', '5.9952e-01', '6.0071e-01', "
[92mINFO [0m:      	                                "'6.7845e-01', '5.2840e-01', '5.4886e-01', "
[92mINFO [0m:      	                                "'7.3533e-01', '5.0954e-01', '6.3296e-01', "
[92mINFO [0m:      	                                "'5.7826e-01', '5.0839e-01', '5.0535e-01', "
[92mINFO [0m:      	                                "'7.8003e-01']",
[92mINFO [0m:      	        'per-client-num-examples': "['306', '271', '342', '130', '359', '377', "
[92mINFO [0m:      	                                   "'236', '218', '289', '112', '183', '324', "
[92mINFO [0m:      	                                   "'253', '165', '200', '95']"},
[92mINFO [0m:      	  12: { 'client-ids': "['0', '1', '2', '3', '4', '5', '6', '7', '8', '9', "
[92mINFO [0m:      	                      "'10', '11', '12', '13', '14', '15']",
[92mINFO [0m:      	        'eval_acc': '7.9145e-01',
[92mINFO [0m:      	        'eval_loss': '5.9265e-01',
[92mINFO [0m:      	        'per-client-eval_acc': "['7.6144e-01', '8.2288e-01', '7.8947e-01', "
[92mINFO [0m:      	                               "'8.0000e-01', '7.9666e-01', '8.0106e-01', "
[92mINFO [0m:      	                               "'7.5847e-01', '8.0734e-01', '8.0623e-01', "
[92mINFO [0m:      	                               "'6.8750e-01', '8.1967e-01', '7.9938e-01', "
[92mINFO [0m:      	                               "'7.9447e-01', '8.0000e-01', '7.9000e-01', "
[92mINFO [0m:      	                               "'7.5789e-01']",
[92mINFO [0m:      	        'per-client-eval_loss': "['6.4558e-01', '5.1832e-01', '5.8167e-01', "
[92mINFO [0m:      	                                "'5.2281e-01', '6.0815e-01', '6.0394e-01', "
[92mINFO [0m:      	                                "'6.4642e-01', '5.2727e-01', '6.1010e-01', "
[92mINFO [0m:      	                                "'7.9288e-01', '4.9679e-01', '6.2183e-01', "
[92mINFO [0m:      	                                "'6.0451e-01', '5.1823e-01', '4.9005e-01', "
[92mINFO [0m:      	                                "'7.9193e-01']",
[92mINFO [0m:      	        'per-client-num-examples': "['306', '271', '342', '130', '359', '377', "
[92mINFO [0m:      	                                   "'236', '218', '289', '112', '183', '324', "
[92mINFO [0m:      	                                   "'253', '165', '200', '95']"},
[92mINFO [0m:      	  13: { 'client-ids': "['0', '1', '2', '3', '4', '5', '6', '7', '8', '9', "
[92mINFO [0m:      	                      "'10', '11', '12', '13', '14', '15']",
[92mINFO [0m:      	        'eval_acc': '7.9896e-01',
[92mINFO [0m:      	        'eval_loss': '6.1740e-01',
[92mINFO [0m:      	        'per-client-eval_acc': "['7.7124e-01', '8.1919e-01', '7.7778e-01', "
[92mINFO [0m:      	                               "'8.3846e-01', '7.9666e-01', '8.0902e-01', "
[92mINFO [0m:      	                               "'7.8814e-01', '8.2110e-01', '8.0969e-01', "
[92mINFO [0m:      	                               "'7.1429e-01', '8.2514e-01', '7.9938e-01', "
[92mINFO [0m:      	                               "'8.0237e-01', '8.2424e-01', '8.0500e-01', "
[92mINFO [0m:      	                               "'7.4737e-01']",
[92mINFO [0m:      	        'per-client-eval_loss': "['6.9390e-01', '4.9587e-01', '5.8800e-01', "
[92mINFO [0m:      	                                "'5.0662e-01', '6.3307e-01', '6.5300e-01', "
[92mINFO [0m:      	                                "'6.5224e-01', '5.5520e-01', '6.6918e-01', "
[92mINFO [0m:      	                                "'8.6713e-01', '5.2417e-01', '6.3253e-01', "
[92mINFO [0m:      	                                "'6.5337e-01', '5.4727e-01', '4.9367e-01', "
[92mINFO [0m:      	                                "'7.9327e-01']",
[92mINFO [0m:      	        'per-client-num-examples': "['306', '271', '342', '130', '359', '377', "
[92mINFO [0m:      	                                   "'236', '218', '289', '112', '183', '324', "
[92mINFO [0m:      	                                   "'253', '165', '200', '95']"},
[92mINFO [0m:      	  14: { 'client-ids': "['0', '1', '2', '3', '4', '5', '6', '7', '8', '9', "
[92mINFO [0m:      	                      "'10', '11', '12', '13', '14', '15']",
[92mINFO [0m:      	        'eval_acc': '7.9819e-01',
[92mINFO [0m:      	        'eval_loss': '6.3543e-01',
[92mINFO [0m:      	        'per-client-eval_acc': "['7.9085e-01', '8.3026e-01', '7.8947e-01', "
[92mINFO [0m:      	                               "'8.2308e-01', '8.0501e-01', '7.9576e-01', "
[92mINFO [0m:      	                               "'7.8814e-01', '8.0734e-01', '8.1661e-01', "
[92mINFO [0m:      	                               "'7.5893e-01', '7.9235e-01', '7.7778e-01', "
[92mINFO [0m:      	                               "'8.1423e-01', '8.0000e-01', '8.0000e-01', "
[92mINFO [0m:      	                               "'7.3684e-01']",
[92mINFO [0m:      	        'per-client-eval_loss': "['6.9556e-01', '5.0881e-01', '6.1510e-01', "
[92mINFO [0m:      	                                "'5.4638e-01', '6.3763e-01', '6.6958e-01', "
[92mINFO [0m:      	                                "'7.1799e-01', '5.8145e-01', '5.6813e-01', "
[92mINFO [0m:      	                                "'8.0077e-01', '5.7082e-01', '7.0672e-01', "
[92mINFO [0m:      	                                "'6.5154e-01', '5.1348e-01', '5.8997e-01', "
[92mINFO [0m:      	                                "'9.2866e-01']",
[92mINFO [0m:      	        'per-client-num-examples': "['306', '271', '342', '130', '359', '377', "
[92mINFO [0m:      	                                   "'236', '218', '289', '112', '183', '324', "
[92mINFO [0m:      	                                   "'253', '165', '200', '95']"},
[92mINFO [0m:      	  15: { 'client-ids': "['0', '1', '2', '3', '4', '5', '6', '7', '8', '9', "
[92mINFO [0m:      	                      "'10', '11', '12', '13', '14', '15']",
[92mINFO [0m:      	        'eval_acc': '8.0725e-01',
[92mINFO [0m:      	        'eval_loss': '6.3673e-01',
[92mINFO [0m:      	        'per-client-eval_acc': "['7.9412e-01', '8.4871e-01', '8.0117e-01', "
[92mINFO [0m:      	                               "'8.3077e-01', '7.8552e-01', '8.0902e-01', "
[92mINFO [0m:      	                               "'7.9237e-01', '8.1651e-01', '8.0277e-01', "
[92mINFO [0m:      	                               "'7.2321e-01', '8.1421e-01', '8.1481e-01', "
[92mINFO [0m:      	                               "'8.3399e-01', '8.2424e-01', '8.1500e-01', "
[92mINFO [0m:      	                               "'7.6842e-01']",
[92mINFO [0m:      	        'per-client-eval_loss': "['7.0513e-01', '4.9836e-01', '6.0942e-01', "
[92mINFO [0m:      	                                "'6.1585e-01', '6.6541e-01', '6.8102e-01', "
[92mINFO [0m:      	                                "'6.7405e-01', '5.8840e-01', '6.6879e-01', "
[92mINFO [0m:      	                                "'8.4284e-01', '5.3069e-01', '6.6398e-01', "
[92mINFO [0m:      	                                "'6.0814e-01', '5.9343e-01', '5.1815e-01', "
[92mINFO [0m:      	                                "'8.4374e-01']",
[92mINFO [0m:      	        'per-client-num-examples': "['306', '271', '342', '130', '359', '377', "
[92mINFO [0m:      	                                   "'236', '218', '289', '112', '183', '324', "
[92mINFO [0m:      	                                   "'253', '165', '200', '95']"},
[92mINFO [0m:      	  16: { 'client-ids': "['0', '1', '2', '3', '4', '5', '6', '7', '8', '9', "
[92mINFO [0m:      	                      "'10', '11', '12', '13', '14', '15']",
[92mINFO [0m:      	        'eval_acc': '8.0155e-01',
[92mINFO [0m:      	        'eval_loss': '6.6418e-01',
[92mINFO [0m:      	        'per-client-eval_acc': "['8.0392e-01', '8.2657e-01', '7.7485e-01', "
[92mINFO [0m:      	                               "'8.1538e-01', '8.2173e-01', '7.8780e-01', "
[92mINFO [0m:      	                               "'7.8814e-01', '8.0734e-01', '7.8893e-01', "
[92mINFO [0m:      	                               "'7.1429e-01', '8.0874e-01', '8.1481e-01', "
[92mINFO [0m:      	                               "'8.1423e-01', '8.3030e-01', '8.3000e-01', "
[92mINFO [0m:      	                               "'7.3684e-01']",
[92mINFO [0m:      	        'per-client-eval_loss': "['7.3427e-01', '5.3725e-01', '6.7277e-01', "
[92mINFO [0m:      	                                "'6.3738e-01', '6.2934e-01', '7.2986e-01', "
[92mINFO [0m:      	                                "'7.0701e-01', '6.0515e-01', '7.7028e-01', "
[92mINFO [0m:      	                                "'8.7830e-01', '5.3221e-01', '6.3910e-01', "
[92mINFO [0m:      	                                "'6.4760e-01', '6.2180e-01', '5.2213e-01', "
[92mINFO [0m:      	                                "'8.8766e-01']",
[92mINFO [0m:      	        'per-client-num-examples': "['306', '271', '342', '130', '359', '377', "
[92mINFO [0m:      	                                   "'236', '218', '289', '112', '183', '324', "
[92mINFO [0m:      	                                   "'253', '165', '200', '95']"},
[92mINFO [0m:      	  17: { 'client-ids': "['0', '1', '2', '3', '4', '5', '6', '7', '8', '9', "
[92mINFO [0m:      	                      "'10', '11', '12', '13', '14', '15']",
[92mINFO [0m:      	        'eval_acc': '7.9819e-01',
[92mINFO [0m:      	        'eval_loss': '7.3944e-01',
[92mINFO [0m:      	        'per-client-eval_acc': "['7.7778e-01', '8.1550e-01', '7.7485e-01', "
[92mINFO [0m:      	                               "'8.1538e-01', '7.8830e-01', '7.8780e-01', "
[92mINFO [0m:      	                               "'8.0508e-01', '8.1193e-01', '7.9931e-01', "
[92mINFO [0m:      	                               "'7.1429e-01', '8.0874e-01', '7.9938e-01', "
[92mINFO [0m:      	                               "'8.3794e-01', '8.4242e-01', '8.0500e-01', "
[92mINFO [0m:      	                               "'7.7895e-01']",
[92mINFO [0m:      	        'per-client-eval_loss': "['8.1368e-01', '5.8820e-01', '7.3729e-01', "
[92mINFO [0m:      	                                "'7.7408e-01', '7.1521e-01', '8.1372e-01', "
[92mINFO [0m:      	                                "'7.5559e-01', '6.8265e-01', '8.7428e-01', "
[92mINFO [0m:      	                                "'1.0694e+00', '6.5748e-01', '6.7797e-01', "
[92mINFO [0m:      	                                "'6.8482e-01', '6.6345e-01', '6.1307e-01', "
[92mINFO [0m:      	                                "'8.9067e-01']",
[92mINFO [0m:      	        'per-client-num-examples': "['306', '271', '342', '130', '359', '377', "
[92mINFO [0m:      	                                   "'236', '218', '289', '112', '183', '324', "
[92mINFO [0m:      	                                   "'253', '165', '200', '95']"},
[92mINFO [0m:      	  18: { 'client-ids': "['0', '1', '2', '3', '4', '5', '6', '7', '8', '9', "
[92mINFO [0m:      	                      "'10', '11', '12', '13', '14', '15']",
[92mINFO [0m:      	        'eval_acc': '8.0777e-01',
[92mINFO [0m:      	        'eval_loss': '7.1379e-01',
[92mINFO [0m:      	        'per-client-eval_acc': "['7.9412e-01', '8.2288e-01', '8.0409e-01', "
[92mINFO [0m:      	                               "'8.3846e-01', '8.1616e-01', '8.0106e-01', "
[92mINFO [0m:      	                               "'7.9661e-01', '8.4862e-01', '7.8201e-01', "
[92mINFO [0m:      	                               "'7.0536e-01', '8.2514e-01', '8.0556e-01', "
[92mINFO [0m:      	                               "'8.3004e-01', '8.1212e-01', '8.3500e-01', "
[92mINFO [0m:      	                               "'7.5789e-01']",
[92mINFO [0m:      	        'per-client-eval_loss': "['7.1472e-01', '5.5912e-01', '7.2005e-01', "
[92mINFO [0m:      	                                "'6.7222e-01', '6.7180e-01', '7.6769e-01', "
[92mINFO [0m:      	                                "'7.7976e-01', '5.8052e-01', '8.3784e-01', "
[92mINFO [0m:      	                                "'1.0293e+00', '6.2170e-01', '7.2430e-01', "
[92mINFO [0m:      	                                "'7.1212e-01', '6.5299e-01', '6.2179e-01', "
[92mINFO [0m:      	                                "'9.6882e-01']",
[92mINFO [0m:      	        'per-client-num-examples': "['306', '271', '342', '130', '359', '377', "
[92mINFO [0m:      	                                   "'236', '218', '289', '112', '183', '324', "
[92mINFO [0m:      	                                   "'253', '165', '200', '95']"},
[92mINFO [0m:      	  19: { 'client-ids': "['0', '1', '2', '3', '4', '5', '6', '7', '8', '9', "
[92mINFO [0m:      	                      "'10', '11', '12', '13', '14', '15']",
[92mINFO [0m:      	        'eval_acc': '8.0311e-01',
[92mINFO [0m:      	        'eval_loss': '7.1638e-01',
[92mINFO [0m:      	        'per-client-eval_acc': "['7.7778e-01', '8.2657e-01', '8.0117e-01', "
[92mINFO [0m:      	                               "'8.1538e-01', '8.0780e-01', '7.9310e-01', "
[92mINFO [0m:      	                               "'8.3475e-01', '8.3486e-01', '7.8893e-01', "
[92mINFO [0m:      	                               "'7.5000e-01', '8.0874e-01', '7.9630e-01', "
[92mINFO [0m:      	                               "'8.1028e-01', '8.0606e-01', '8.1000e-01', "
[92mINFO [0m:      	                               "'7.5789e-01']",
[92mINFO [0m:      	        'per-client-eval_loss': "['8.3006e-01', '5.1706e-01', '6.6572e-01', "
[92mINFO [0m:      	                                "'6.5613e-01', '6.9877e-01', '7.7261e-01', "
[92mINFO [0m:      	                                "'7.5519e-01', '6.5480e-01', '7.6748e-01', "
[92mINFO [0m:      	                                "'8.5201e-01', '6.3250e-01', '7.2403e-01', "
[92mINFO [0m:      	                                "'7.3796e-01', '6.9049e-01', '6.4857e-01', "
[92mINFO [0m:      	                                "'1.0221e+00']",
[92mINFO [0m:      	        'per-client-num-examples': "['306', '271', '342', '130', '359', '377', "
[92mINFO [0m:      	                                   "'236', '218', '289', '112', '183', '324', "
[92mINFO [0m:      	                                   "'253', '165', '200', '95']"},
[92mINFO [0m:      	  20: { 'client-ids': "['0', '1', '2', '3', '4', '5', '6', '7', '8', '9', "
[92mINFO [0m:      	                      "'10', '11', '12', '13', '14', '15']",
[92mINFO [0m:      	        'eval_acc': '8.0544e-01',
[92mINFO [0m:      	        'eval_loss': '7.1850e-01',
[92mINFO [0m:      	        'per-client-eval_acc': "['7.9739e-01', '7.8967e-01', '8.0994e-01', "
[92mINFO [0m:      	                               "'8.2308e-01', '8.0780e-01', '7.9841e-01', "
[92mINFO [0m:      	                               "'8.0508e-01', '8.3486e-01', '7.9931e-01', "
[92mINFO [0m:      	                               "'7.2321e-01', '8.0874e-01', '8.0864e-01', "
[92mINFO [0m:      	                               "'8.3399e-01', '8.2424e-01', '8.1500e-01', "
[92mINFO [0m:      	                               "'7.5789e-01']",
[92mINFO [0m:      	        'per-client-eval_loss': "['7.8628e-01', '5.7409e-01', '7.1880e-01', "
[92mINFO [0m:      	                                "'7.0170e-01', '7.0975e-01', '7.5323e-01', "
[92mINFO [0m:      	                                "'7.5885e-01', '6.9720e-01', '7.8537e-01', "
[92mINFO [0m:      	                                "'1.0065e+00', '6.3956e-01', '6.8691e-01', "
[92mINFO [0m:      	                                "'6.8196e-01', '6.6161e-01', '6.0060e-01', "
[92mINFO [0m:      	                                "'9.3924e-01']",
[92mINFO [0m:      	        'per-client-num-examples': "['306', '271', '342', '130', '359', '377', "
[92mINFO [0m:      	                                   "'236', '218', '289', '112', '183', '324', "
[92mINFO [0m:      	                                   "'253', '165', '200', '95']"}}
[92mINFO [0m:      	
[92mINFO [0m:      	ServerApp-side Evaluate Metrics:
[92mINFO [0m:      	{ 0: { 'accuracy': '2.5000e-01',
[92mINFO [0m:      	       'auc': '5.1740e-01',
[92mINFO [0m:      	       'f1': '1.0000e-01',
[92mINFO [0m:      	       'loss': '1.3919e+00',
[92mINFO [0m:      	       'precision': '6.2500e-02'},
[92mINFO [0m:      	  1: { 'accuracy': '3.6650e-01',
[92mINFO [0m:      	       'auc': '6.5902e-01',
[92mINFO [0m:      	       'f1': '2.6559e-01',
[92mINFO [0m:      	       'loss': '1.3546e+00',
[92mINFO [0m:      	       'precision': '4.4128e-01'},
[92mINFO [0m:      	  2: { 'accuracy': '6.0950e-01',
[92mINFO [0m:      	       'auc': '8.5500e-01',
[92mINFO [0m:      	       'f1': '5.8833e-01',
[92mINFO [0m:      	       'loss': '9.5903e-01',
[92mINFO [0m:      	       'precision': '6.1964e-01'},
[92mINFO [0m:      	  3: { 'accuracy': '6.7100e-01',
[92mINFO [0m:      	       'auc': '8.9085e-01',
[92mINFO [0m:      	       'f1': '6.5588e-01',
[92mINFO [0m:      	       'loss': '8.0304e-01',
[92mINFO [0m:      	       'precision': '6.7533e-01'},
[92mINFO [0m:      	  4: { 'accuracy': '6.5650e-01',
[92mINFO [0m:      	       'auc': '8.9154e-01',
[92mINFO [0m:      	       'f1': '6.2755e-01',
[92mINFO [0m:      	       'loss': '7.9440e-01',
[92mINFO [0m:      	       'precision': '6.9505e-01'},
[92mINFO [0m:      	  5: { 'accuracy': '7.4450e-01',
[92mINFO [0m:      	       'auc': '9.3013e-01',
[92mINFO [0m:      	       'f1': '7.4040e-01',
[92mINFO [0m:      	       'loss': '6.3377e-01',
[92mINFO [0m:      	       'precision': '7.4195e-01'},
[92mINFO [0m:      	  6: { 'accuracy': '7.6050e-01',
[92mINFO [0m:      	       'auc': '9.3689e-01',
[92mINFO [0m:      	       'f1': '7.5818e-01',
[92mINFO [0m:      	       'loss': '6.0229e-01',
[92mINFO [0m:      	       'precision': '7.6173e-01'},
[92mINFO [0m:      	  7: { 'accuracy': '7.6700e-01',
[92mINFO [0m:      	       'auc': '9.3605e-01',
[92mINFO [0m:      	       'f1': '7.6219e-01',
[92mINFO [0m:      	       'loss': '6.1166e-01',
[92mINFO [0m:      	       'precision': '7.6937e-01'},
[92mINFO [0m:      	  8: { 'accuracy': '7.7900e-01',
[92mINFO [0m:      	       'auc': '9.4316e-01',
[92mINFO [0m:      	       'f1': '7.7720e-01',
[92mINFO [0m:      	       'loss': '5.7919e-01',
[92mINFO [0m:      	       'precision': '7.7949e-01'},
[92mINFO [0m:      	  9: { 'accuracy': '7.8450e-01',
[92mINFO [0m:      	       'auc': '9.4913e-01',
[92mINFO [0m:      	       'f1': '7.8430e-01',
[92mINFO [0m:      	       'loss': '5.5859e-01',
[92mINFO [0m:      	       'precision': '7.8429e-01'},
[92mINFO [0m:      	  10: { 'accuracy': '7.9500e-01',
[92mINFO [0m:      	        'auc': '9.4983e-01',
[92mINFO [0m:      	        'f1': '7.9267e-01',
[92mINFO [0m:      	        'loss': '5.7660e-01',
[92mINFO [0m:      	        'precision': '7.9497e-01'},
[92mINFO [0m:      	  11: { 'accuracy': '7.9400e-01',
[92mINFO [0m:      	        'auc': '9.5142e-01',
[92mINFO [0m:      	        'f1': '7.9144e-01',
[92mINFO [0m:      	        'loss': '5.6890e-01',
[92mINFO [0m:      	        'precision': '7.9137e-01'},
[92mINFO [0m:      	  12: { 'accuracy': '8.0750e-01',
[92mINFO [0m:      	        'auc': '9.5473e-01',
[92mINFO [0m:      	        'f1': '8.0738e-01',
[92mINFO [0m:      	        'loss': '5.6675e-01',
[92mINFO [0m:      	        'precision': '8.0812e-01'},
[92mINFO [0m:      	  13: { 'accuracy': '8.0100e-01',
[92mINFO [0m:      	        'auc': '9.5428e-01',
[92mINFO [0m:      	        'f1': '8.0158e-01',
[92mINFO [0m:      	        'loss': '6.1422e-01',
[92mINFO [0m:      	        'precision': '8.0271e-01'},
[92mINFO [0m:      	  14: { 'accuracy': '8.1300e-01',
[92mINFO [0m:      	        'auc': '9.5444e-01',
[92mINFO [0m:      	        'f1': '8.1069e-01',
[92mINFO [0m:      	        'loss': '6.1482e-01',
[92mINFO [0m:      	        'precision': '8.1159e-01'},
[92mINFO [0m:      	  15: { 'accuracy': '8.1250e-01',
[92mINFO [0m:      	        'auc': '9.5613e-01',
[92mINFO [0m:      	        'f1': '8.1259e-01',
[92mINFO [0m:      	        'loss': '6.2199e-01',
[92mINFO [0m:      	        'precision': '8.1313e-01'},
[92mINFO [0m:      	  16: { 'accuracy': '8.0200e-01',
[92mINFO [0m:      	        'auc': '9.5351e-01',
[92mINFO [0m:      	        'f1': '8.0259e-01',
[92mINFO [0m:      	        'loss': '6.7141e-01',
[92mINFO [0m:      	        'precision': '8.0508e-01'},
[92mINFO [0m:      	  17: { 'accuracy': '8.0000e-01',
[92mINFO [0m:      	        'auc': '9.5252e-01',
[92mINFO [0m:      	        'f1': '8.0084e-01',
[92mINFO [0m:      	        'loss': '7.2327e-01',
[92mINFO [0m:      	        'precision': '8.0400e-01'},
[92mINFO [0m:      	  18: { 'accuracy': '8.0850e-01',
[92mINFO [0m:      	        'auc': '9.5222e-01',
[92mINFO [0m:      	        'f1': '8.0822e-01',
[92mINFO [0m:      	        'loss': '7.3166e-01',
[92mINFO [0m:      	        'precision': '8.1147e-01'},
[92mINFO [0m:      	  19: { 'accuracy': '8.0400e-01',
[92mINFO [0m:      	        'auc': '9.5306e-01',
[92mINFO [0m:      	        'f1': '8.0236e-01',
[92mINFO [0m:      	        'loss': '7.1303e-01',
[92mINFO [0m:      	        'precision': '8.0355e-01'},
[92mINFO [0m:      	  20: { 'accuracy': '8.1450e-01',
[92mINFO [0m:      	        'auc': '9.5600e-01',
[92mINFO [0m:      	        'f1': '8.1473e-01',
[92mINFO [0m:      	        'loss': '6.9438e-01',
[92mINFO [0m:      	        'precision': '8.1512e-01'}}
[92mINFO [0m:      
Round 1 checkpoint written to /content/metricdp-pytorch/results/planned_runs/cifar/full/in-replace/clients-16/seed-43/ratio-0p0025/runs/cifar-full-in-replace__non-iid__metric-privacy__fedavg__clients-16__seed-43__nm0p04__clip5__rounds-20__epochs-5__cifar_chunks__cifar10_cnn.round-1.pt
Round 2 checkpoint written to /content/metricdp-pytorch/results/planned_runs/cifar/full/in-replace/clients-16/seed-43/ratio-0p0025/runs/cifar-full-in-replace__non-iid__metric-privacy__fedavg__clients-16__seed-43__nm0p04__clip5__rounds-20__epochs-5__cifar_chunks__cifar10_cnn.round-2.pt
Round 3 checkpoint written to /content/metricdp-pytorch/results/planned_runs/cifar/full/in-replace/clients-16/seed-43/ratio-0p0025/runs/cifar-full-in-replace__non-iid__metric-privacy__fedavg__clients-16__seed-43__nm0p04__clip5__rounds-20__epochs-5__cifar_chunks__cifar10_cnn.round-3.pt
Round 4 checkpoint written to /content/metricdp-pytorch/results/planned_runs/cifar/full/in-replace/clients-16/seed-43/ratio-0p0025/runs/cifar-full-in-replace__non-iid__metric-privacy__fedavg__clients-16__seed-43__nm0p04__clip5__rounds-20__epochs-5__cifar_chunks__cifar10_cnn.round-4.pt
Round 5 checkpoint written to /content/metricdp-pytorch/results/planned_runs/cifar/full/in-replace/clients-16/seed-43/ratio-0p0025/runs/cifar-full-in-replace__non-iid__metric-privacy__fedavg__clients-16__seed-43__nm0p04__clip5__rounds-20__epochs-5__cifar_chunks__cifar10_cnn.round-5.pt
Round 6 checkpoint written to /content/metricdp-pytorch/results/planned_runs/cifar/full/in-replace/clients-16/seed-43/ratio-0p0025/runs/cifar-full-in-replace__non-iid__metric-privacy__fedavg__clients-16__seed-43__nm0p04__clip5__rounds-20__epochs-5__cifar_chunks__cifar10_cnn.round-6.pt
Round 7 checkpoint written to /content/metricdp-pytorch/results/planned_runs/cifar/full/in-replace/clients-16/seed-43/ratio-0p0025/runs/cifar-full-in-replace__non-iid__metric-privacy__fedavg__clients-16__seed-43__nm0p04__clip5__rounds-20__epochs-5__cifar_chunks__cifar10_cnn.round-7.pt
Round 8 checkpoint written to /content/metricdp-pytorch/results/planned_runs/cifar/full/in-replace/clients-16/seed-43/ratio-0p0025/runs/cifar-full-in-replace__non-iid__metric-privacy__fedavg__clients-16__seed-43__nm0p04__clip5__rounds-20__epochs-5__cifar_chunks__cifar10_cnn.round-8.pt
Round 9 checkpoint written to /content/metricdp-pytorch/results/planned_runs/cifar/full/in-replace/clients-16/seed-43/ratio-0p0025/runs/cifar-full-in-replace__non-iid__metric-privacy__fedavg__clients-16__seed-43__nm0p04__clip5__rounds-20__epochs-5__cifar_chunks__cifar10_cnn.round-9.pt
Round 10 checkpoint written to /content/metricdp-pytorch/results/planned_runs/cifar/full/in-replace/clients-16/seed-43/ratio-0p0025/runs/cifar-full-in-replace__non-iid__metric-privacy__fedavg__clients-16__seed-43__nm0p04__clip5__rounds-20__epochs-5__cifar_chunks__cifar10_cnn.round-10.pt
Round 11 checkpoint written to /content/metricdp-pytorch/results/planned_runs/cifar/full/in-replace/clients-16/seed-43/ratio-0p0025/runs/cifar-full-in-replace__non-iid__metric-privacy__fedavg__clients-16__seed-43__nm0p04__clip5__rounds-20__epochs-5__cifar_chunks__cifar10_cnn.round-11.pt
Round 12 checkpoint written to /content/metricdp-pytorch/results/planned_runs/cifar/full/in-replace/clients-16/seed-43/ratio-0p0025/runs/cifar-full-in-replace__non-iid__metric-privacy__fedavg__clients-16__seed-43__nm0p04__clip5__rounds-20__epochs-5__cifar_chunks__cifar10_cnn.round-12.pt
Round 13 checkpoint written to /content/metricdp-pytorch/results/planned_runs/cifar/full/in-replace/clients-16/seed-43/ratio-0p0025/runs/cifar-full-in-replace__non-iid__metric-privacy__fedavg__clients-16__seed-43__nm0p04__clip5__rounds-20__epochs-5__cifar_chunks__cifar10_cnn.round-13.pt
Round 14 checkpoint written to /content/metricdp-pytorch/results/planned_runs/cifar/full/in-replace/clients-16/seed-43/ratio-0p0025/runs/cifar-full-in-replace__non-iid__metric-privacy__fedavg__clients-16__seed-43__nm0p04__clip5__rounds-20__epochs-5__cifar_chunks__cifar10_cnn.round-14.pt
Round 15 checkpoint written to /content/metricdp-pytorch/results/planned_runs/cifar/full/in-replace/clients-16/seed-43/ratio-0p0025/runs/cifar-full-in-replace__non-iid__metric-privacy__fedavg__clients-16__seed-43__nm0p04__clip5__rounds-20__epochs-5__cifar_chunks__cifar10_cnn.round-15.pt
Round 16 checkpoint written to /content/metricdp-pytorch/results/planned_runs/cifar/full/in-replace/clients-16/seed-43/ratio-0p0025/runs/cifar-full-in-replace__non-iid__metric-privacy__fedavg__clients-16__seed-43__nm0p04__clip5__rounds-20__epochs-5__cifar_chunks__cifar10_cnn.round-16.pt
Round 17 checkpoint written to /content/metricdp-pytorch/results/planned_runs/cifar/full/in-replace/clients-16/seed-43/ratio-0p0025/runs/cifar-full-in-replace__non-iid__metric-privacy__fedavg__clients-16__seed-43__nm0p04__clip5__rounds-20__epochs-5__cifar_chunks__cifar10_cnn.round-17.pt
Round 18 checkpoint written to /content/metricdp-pytorch/results/planned_runs/cifar/full/in-replace/clients-16/seed-43/ratio-0p0025/runs/cifar-full-in-replace__non-iid__metric-privacy__fedavg__clients-16__seed-43__nm0p04__clip5__rounds-20__epochs-5__cifar_chunks__cifar10_cnn.round-18.pt
Round 19 checkpoint written to /content/metricdp-pytorch/results/planned_runs/cifar/full/in-replace/clients-16/seed-43/ratio-0p0025/runs/cifar-full-in-replace__non-iid__metric-privacy__fedavg__clients-16__seed-43__nm0p04__clip5__rounds-20__epochs-5__cifar_chunks__cifar10_cnn.round-19.pt
Round 20 checkpoint written to /content/metricdp-pytorch/results/planned_runs/cifar/full/in-replace/clients-16/seed-43/ratio-0p0025/runs/cifar-full-in-replace__non-iid__metric-privacy__fedavg__clients-16__seed-43__nm0p04__clip5__rounds-20__epochs-5__cifar_chunks__cifar10_cnn.round-20.pt
Experiment result written to /content/metricdp-pytorch/results/planned_runs/cifar/full/in-replace/clients-16/seed-43/ratio-0p0025/runs/cifar-full-in-replace__non-iid__metric-privacy__fedavg__clients-16__seed-43__nm0p04__clip5__rounds-20__epochs-5__cifar_chunks__cifar10_cnn.json
/usr/lib/python3.12/multiprocessing/popen_fork.py:66: DeprecationWarning: This process (pid=17397) is multi-threaded, use of fork() may lead to deadlocks in the child.
  self.pid = os.fork()
[36m(ClientAppActor pid=18168)[0m /usr/lib/python3.12/multiprocessing/popen_fork.py:66: DeprecationWarning: This process (pid=18168) is multi-threaded, use of fork() may lead to deadlocks in the child.[32m [repeated 7x across cluster][0m
[36m(ClientAppActor pid=18168)[0m   self.pid = os.fork()[32m [repeated 7x across cluster][0m
Detailed evaluation written to /content/metricdp-pytorch/results/planned_runs/cifar/full/in-replace/clients-16/seed-43/ratio-0p0025/runs/cifar-full-in-replace__non-iid__metric-privacy__fedavg__clients-16__seed-43__nm0p04__clip5__rounds-20__epochs-5__cifar_chunks__cifar10_cnn.evaluation.json and /content/metricdp-pytorch/results/planned_runs/cifar/full/in-replace/clients-16/seed-43/ratio-0p0025/runs/cifar-full-in-replace__non-iid__metric-privacy__fedavg__clients-16__seed-43__nm0p04__clip5__rounds-20__epochs-5__cifar_chunks__cifar10_cnn.predictions.npz
Result: /content/metricdp-pytorch/results/planned_runs/cifar/full/in-replace/clients-16/seed-43/ratio-0p0025/runs/cifar-full-in-replace__non-iid__metric-privacy__fedavg__clients-16__seed-43__nm0p04__clip5__rounds-20__epochs-5__cifar_chunks__cifar10_cnn.json
Final server metrics: {'loss': 0.6943786358833313, 'accuracy': 0.8145, 'f1': 0.8147313057217466, 'precision': 0.8151215332590286, 'auc': 0.9560043333333335}
2026-08-05 21:17:36 DONE  cifar-full-in-replace__non-iid__metric-privacy__fedavg__clients-16__seed-43__nm0p04__clip5__rounds-20__epochs-5__cifar_chunks__cifar10_cnn (349.2s)
2026-08-05 21:17:40 EVALUATED cifar-full-in-replace__non-iid__metric-privacy__fedavg__clients-16__seed-43__nm0p04__clip5__rounds-20__epochs-5__cifar_chunks__cifar10_cnn round=1 (checkpoint deleted)
2026-08-05 21:17:44 EVALUATED cifar-full-in-replace__non-iid__metric-privacy__fedavg__clients-16__seed-43__nm0p04__clip5__rounds-20__epochs-5__cifar_chunks__cifar10_cnn round=2 (checkpoint deleted)
2026-08-05 21:17:49 EVALUATED cifar-full-in-replace__non-iid__metric-privacy__fedavg__clients-16__seed-43__nm0p04__clip5__rounds-20__epochs-5__cifar_chunks__cifar10_cnn round=3 (checkpoint deleted)
2026-08-05 21:17:53 EVALUATED cifar-full-in-replace__non-iid__metric-privacy__fedavg__clients-16__seed-43__nm0p04__clip5__rounds-20__epochs-5__cifar_chunks__cifar10_cnn round=4 (checkpoint deleted)
2026-08-05 21:17:57 EVALUATED cifar-full-in-replace__non-iid__metric-privacy__fedavg__clients-16__seed-43__nm0p04__clip5__rounds-20__epochs-5__cifar_chunks__cifar10_cnn round=5 (checkpoint deleted)
2026-08-05 21:18:02 EVALUATED cifar-full-in-replace__non-iid__metric-privacy__fedavg__clients-16__seed-43__nm0p04__clip5__rounds-20__epochs-5__cifar_chunks__cifar10_cnn round=6 (checkpoint deleted)
2026-08-05 21:18:06 EVALUATED cifar-full-in-replace__non-iid__metric-privacy__fedavg__clients-16__seed-43__nm0p04__clip5__rounds-20__epochs-5__cifar_chunks__cifar10_cnn round=7 (checkpoint deleted)
2026-08-05 21:18:10 EVALUATED cifar-full-in-replace__non-iid__metric-privacy__fedavg__clients-16__seed-43__nm0p04__clip5__rounds-20__epochs-5__cifar_chunks__cifar10_cnn round=8 (checkpoint deleted)
2026-08-05 21:18:15 EVALUATED cifar-full-in-replace__non-iid__metric-privacy__fedavg__clients-16__seed-43__nm0p04__clip5__rounds-20__epochs-5__cifar_chunks__cifar10_cnn round=9 (checkpoint deleted)
2026-08-05 21:18:19 EVALUATED cifar-full-in-replace__non-iid__metric-privacy__fedavg__clients-16__seed-43__nm0p04__clip5__rounds-20__epochs-5__cifar_chunks__cifar10_cnn round=10 (checkpoint deleted)
2026-08-05 21:18:23 EVALUATED cifar-full-in-replace__non-iid__metric-privacy__fedavg__clients-16__seed-43__nm0p04__clip5__rounds-20__epochs-5__cifar_chunks__cifar10_cnn round=11 (checkpoint deleted)
2026-08-05 21:18:28 EVALUATED cifar-full-in-replace__non-iid__metric-privacy__fedavg__clients-16__seed-43__nm0p04__clip5__rounds-20__epochs-5__cifar_chunks__cifar10_cnn round=12 (checkpoint deleted)
2026-08-05 21:18:32 EVALUATED cifar-full-in-replace__non-iid__metric-privacy__fedavg__clients-16__seed-43__nm0p04__clip5__rounds-20__epochs-5__cifar_chunks__cifar10_cnn round=13 (checkpoint deleted)
2026-08-05 21:18:36 EVALUATED cifar-full-in-replace__non-iid__metric-privacy__fedavg__clients-16__seed-43__nm0p04__clip5__rounds-20__epochs-5__cifar_chunks__cifar10_cnn round=14 (checkpoint deleted)
2026-08-05 21:18:41 EVALUATED cifar-full-in-replace__non-iid__metric-privacy__fedavg__clients-16__seed-43__nm0p04__clip5__rounds-20__epochs-5__cifar_chunks__cifar10_cnn round=15 (checkpoint deleted)
2026-08-05 21:18:45 EVALUATED cifar-full-in-replace__non-iid__metric-privacy__fedavg__clients-16__seed-43__nm0p04__clip5__rounds-20__epochs-5__cifar_chunks__cifar10_cnn round=16 (checkpoint deleted)
2026-08-05 21:18:49 EVALUATED cifar-full-in-replace__non-iid__metric-privacy__fedavg__clients-16__seed-43__nm0p04__clip5__rounds-20__epochs-5__cifar_chunks__cifar10_cnn round=17 (checkpoint deleted)
2026-08-05 21:18:54 EVALUATED cifar-full-in-replace__non-iid__metric-privacy__fedavg__clients-16__seed-43__nm0p04__clip5__rounds-20__epochs-5__cifar_chunks__cifar10_cnn round=18 (checkpoint deleted)
2026-08-05 21:18:58 EVALUATED cifar-full-in-replace__non-iid__metric-privacy__fedavg__clients-16__seed-43__nm0p04__clip5__rounds-20__epochs-5__cifar_chunks__cifar10_cnn round=19 (checkpoint deleted)
2026-08-05 21:19:02 EVALUATED cifar-full-in-replace__non-iid__metric-privacy__fedavg__clients-16__seed-43__nm0p04__clip5__rounds-20__epochs-5__cifar_chunks__cifar10_cnn round=20 (checkpoint deleted)
2026-08-05 21:19:02 PROGRESS 2/2 (0 failed so far)
2026-08-05 21:19:02 Sweep finished: 2/2 attempted, 0 failed
