{
  "metadata": {
    "run_name": "main__homogeneous__vanilla__fedavgm__seed-42__noise-0.01",
    "data_module": "experiments.reproduce.dataset.alzheimer:create_data_module",
    "partition_mode": "homogeneous",
    "partition_profile": "auto",
    "privacy": "vanilla",
    "aggregation": "fedavgm",
    "seed": 42,
    "num_clients": 4,
    "rounds": 20,
    "local_epochs": 5,
    "noise_multiplier": 0.01,
    "clipping_norm": 5.0,
    "initialization_pretrained": true,
    "initialization_epochs": 20,
    "initialization_final_loss": 0.6760796219110489
  },
  "train_metrics": {
    "1": {
      "train_loss": 0.6495823373552412,
      "train_loss_mean": 0.747543503763154
    },
    "2": {
      "train_loss": 0.621046690037474,
      "train_loss_mean": 0.7272539927158506
    },
    "3": {
      "train_loss": 0.5754745018202811,
      "train_loss_mean": 0.6927680952940136
    },
    "4": {
      "train_loss": 0.5203314328100532,
      "train_loss_mean": 0.656665267329663
    },
    "5": {
      "train_loss": 0.4715938991867006,
      "train_loss_mean": 0.6105981768574565
    },
    "6": {
      "train_loss": 0.3865333213470876,
      "train_loss_mean": 0.5498240909771994
    },
    "7": {
      "train_loss": 0.347425080020912,
      "train_loss_mean": 0.5056717159459367
    },
    "8": {
      "train_loss": 0.2735796198248863,
      "train_loss_mean": 0.4481757949106395
    },
    "9": {
      "train_loss": 0.24230059568071738,
      "train_loss_mean": 0.40192990336799994
    },
    "10": {
      "train_loss": 0.20272001149714924,
      "train_loss_mean": 0.35023405106621797
    },
    "11": {
      "train_loss": 0.1806455827318132,
      "train_loss_mean": 0.3119401687930804
    },
    "12": {
      "train_loss": 0.16805594231118448,
      "train_loss_mean": 0.28783194090356123
    },
    "13": {
      "train_loss": 0.1417307675437769,
      "train_loss_mean": 0.24881186741113198
    },
    "14": {
      "train_loss": 0.12045739949098788,
      "train_loss_mean": 0.21870907099801118
    },
    "15": {
      "train_loss": 0.1087299625214655,
      "train_loss_mean": 0.20348389132996092
    },
    "16": {
      "train_loss": 0.10538357115001418,
      "train_loss_mean": 0.18449460979318247
    },
    "17": {
      "train_loss": 0.09798639670771081,
      "train_loss_mean": 0.16908055382809836
    },
    "18": {
      "train_loss": 0.10011044655402657,
      "train_loss_mean": 0.15946734668104912
    },
    "19": {
      "train_loss": 0.09913083697210823,
      "train_loss_mean": 0.14787276573952113
    },
    "20": {
      "train_loss": 0.08363811116214492,
      "train_loss_mean": 0.13062000859281397
    }
  },
  "client_evaluate_metrics": {
    "1": {
      "eval_loss": 0.8605334181338549,
      "eval_acc": 0.6162109375
    },
    "2": {
      "eval_loss": 0.8212176151573658,
      "eval_acc": 0.630859375
    },
    "3": {
      "eval_loss": 0.7826927714049816,
      "eval_acc": 0.64453125
    },
    "4": {
      "eval_loss": 0.7498291675001383,
      "eval_acc": 0.6611328125
    },
    "5": {
      "eval_loss": 0.7178711518645287,
      "eval_acc": 0.6767578125
    },
    "6": {
      "eval_loss": 0.6836523348465562,
      "eval_acc": 0.6953125
    },
    "7": {
      "eval_loss": 0.6458054166287184,
      "eval_acc": 0.7216796875
    },
    "8": {
      "eval_loss": 0.6040650513023138,
      "eval_acc": 0.7392578125
    },
    "9": {
      "eval_loss": 0.5591571591794491,
      "eval_acc": 0.7646484375
    },
    "10": {
      "eval_loss": 0.5133101223036647,
      "eval_acc": 0.7861328125
    },
    "11": {
      "eval_loss": 0.4705140069127083,
      "eval_acc": 0.8037109375
    },
    "12": {
      "eval_loss": 0.4285236969590187,
      "eval_acc": 0.8251953125
    },
    "13": {
      "eval_loss": 0.39086423767730594,
      "eval_acc": 0.84375
    },
    "14": {
      "eval_loss": 0.35766540467739105,
      "eval_acc": 0.853515625
    },
    "15": {
      "eval_loss": 0.3296914491802454,
      "eval_acc": 0.8671875
    },
    "16": {
      "eval_loss": 0.30047524394467473,
      "eval_acc": 0.87109375
    },
    "17": {
      "eval_loss": 0.27382980985566974,
      "eval_acc": 0.8837890625
    },
    "18": {
      "eval_loss": 0.25115831452421844,
      "eval_acc": 0.8935546875
    },
    "19": {
      "eval_loss": 0.233081360347569,
      "eval_acc": 0.9111328125
    },
    "20": {
      "eval_loss": 0.2168479091487825,
      "eval_acc": 0.91796875
    }
  },
  "server_evaluate_metrics": {
    "0": {
      "loss": 0.920359680056572,
      "accuracy": 0.584375
    },
    "1": {
      "loss": 0.8867767035961152,
      "accuracy": 0.59375
    },
    "2": {
      "loss": 0.8454068660736084,
      "accuracy": 0.6078125
    },
    "3": {
      "loss": 0.8039713770151138,
      "accuracy": 0.634375
    },
    "4": {
      "loss": 0.768658646941185,
      "accuracy": 0.6515625
    },
    "5": {
      "loss": 0.7356613874435425,
      "accuracy": 0.6703125
    },
    "6": {
      "loss": 0.7034960687160492,
      "accuracy": 0.6859375
    },
    "7": {
      "loss": 0.6679694443941117,
      "accuracy": 0.709375
    },
    "8": {
      "loss": 0.6307475984096527,
      "accuracy": 0.7125
    },
    "9": {
      "loss": 0.5917642489075661,
      "accuracy": 0.74375
    },
    "10": {
      "loss": 0.5516459703445434,
      "accuracy": 0.7578125
    },
    "11": {
      "loss": 0.5122739508748054,
      "accuracy": 0.7875
    },
    "12": {
      "loss": 0.4753157556056976,
      "accuracy": 0.8015625
    },
    "13": {
      "loss": 0.44270124807953837,
      "accuracy": 0.8140625
    },
    "14": {
      "loss": 0.41552747786045074,
      "accuracy": 0.834375
    },
    "15": {
      "loss": 0.39219639673829076,
      "accuracy": 0.8484375
    },
    "16": {
      "loss": 0.3702910266816616,
      "accuracy": 0.8734375
    },
    "17": {
      "loss": 0.35128187090158464,
      "accuracy": 0.884375
    },
    "18": {
      "loss": 0.3353335790336132,
      "accuracy": 0.8921875
    },
    "19": {
      "loss": 0.3211627833545208,
      "accuracy": 0.9046875
    },
    "20": {
      "loss": 0.3084058813750744,
      "accuracy": 0.903125
    }
  }
}
