2026-08-20 11:04:04 CIFAR-10 removal CIA chunk (vanilla, clients=8, alpha=1.5, noise_ratio=0.004): 2 trajectories
2026-08-20 11:04:04 START cifar10-in-remove__dirichlet__alpha-1p5__vanilla__fedavg__clients-8__seed-42__nm0p032__clip5__rounds-20__epochs-5__cifar10_dirichlet__cifar10_cnn 
{
  "partition-mode": "dirichlet",
  "partition-profile": "auto",
  "client-weights": "",
  "dirichlet-alpha": 1.5,
  "data-module": "experiments.cia.scripts.cifar10_dirichlet:create_in_remove",
  "model-module": "experiments.reproduce.cifar10_cnn:create_model",
  "data-cache-dir": "",
  "privacy": "vanilla",
  "aggregation": "fedavg",
  "seed": 42,
  "num-server-rounds": 20,
  "num-clients": 8,
  "fraction-evaluate": 1.0,
  "local-epochs": 5,
  "learning-rate": 0.001,
  "weight-decay": 0.0,
  "lr-schedule": "none",
  "batch-size": 32,
  "initialization-batch-size": 32,
  "initialization-epochs": 20,
  "initialization-learning-rate": 0.001,
  "max-client-samples": 0,
  "max-test-samples": 0,
  "noise-multiplier": 0.032,
  "clipping-norm": 5.0,
  "output-dir": "/content/metricdp-pytorch/results/dirichlet/cifar10/8_clients/alpha-1p5__vanilla__in-remove-out-remove__seeds-42__noise-0p004",
  "run-name": "cifar10-in-remove__dirichlet__alpha-1p5__vanilla__fedavg__clients-8__seed-42__nm0p032__clip5__rounds-20__epochs-5__cifar10_dirichlet__cifar10_cnn",
  "save-model": false,
  "checkpoint-rounds": [
    1,
    2,
    3,
    4,
    5,
    6,
    7,
    8,
    9,
    10,
    11,
    12,
    13,
    14,
    15,
    16,
    17,
    18,
    19,
    20
  ]
}
2026-08-20 11:04:09.511805: I tensorflow/core/util/port.cc:153] oneDNN custom operations are on. You may see slightly different numerical results due to floating-point round-off errors from different computation orders. To turn them off, set the environment variable `TF_ENABLE_ONEDNN_OPTS=0`.
2026-08-20 11:04:09.581978: I tensorflow/core/platform/cpu_feature_guard.cc:210] This TensorFlow binary is optimized to use available CPU instructions in performance-critical operations.
To enable the following instructions: AVX2 AVX512F AVX512_VNNI FMA, in other operations, rebuild TensorFlow with the appropriate compiler flags.
[93mWARNING [0m:   DEPRECATED FEATURE: The `run_simulation` function is deprecated and will be removed in a future version of Flower. Please use `flwr run` in the CLI instead to run your simulation. Refer to the Flower Tutorials for more details: https://flower.ai/docs/framework/tutorial-quickstart-pytorch.html

            This is a deprecated feature. It will be removed
            entirely in future versions of Flower.
        
Warning: You are sending unauthenticated requests to the HF Hub. Please set a HF_TOKEN to enable higher rate limits and faster downloads.
Generating train split:   0%|          | 0/50000 [00:00<?, ? examples/s]Generating train split:  28%|██▊       | 14200/50000 [00:00<00:00, 114379.05 examples/s]Generating train split:  85%|████████▌ | 42600/50000 [00:00<00:00, 191172.85 examples/s]Generating train split: 100%|██████████| 50000/50000 [00:00<00:00, 185585.39 examples/s]
Generating test split:   0%|          | 0/10000 [00:00<?, ? examples/s]Generating test split: 100%|██████████| 10000/10000 [00:00<00:00, 219454.59 examples/s]
[92mINFO [0m:      Starting DeterministicFedAvg strategy:
[92mINFO [0m:      	├── Number of rounds: 20
[92mINFO [0m:      	├── ArrayRecord (1.39 MB)
[92mINFO [0m:      	├── ConfigRecord (train): {'lr': 0.001}
[92mINFO [0m:      	├── ConfigRecord (evaluate): (empty!)
[92mINFO [0m:      	├──> Sampling:
[92mINFO [0m:      	│	├──Fraction: train (1.00) | evaluate ( 1.00)
[92mINFO [0m:      	│	├──Minimum nodes: train (8) | evaluate (8)
[92mINFO [0m:      	│	└──Minimum available nodes: 8
[92mINFO [0m:      	└──> Keys in records:
[92mINFO [0m:      		├── Weighted by: 'num-examples'
[92mINFO [0m:      		├── ArrayRecord key: 'arrays'
[92mINFO [0m:      		└── ConfigRecord key: 'config'
[92mINFO [0m:      
/usr/local/lib/python3.12/dist-packages/ray/_private/worker.py:2051: FutureWarning: Tip: In future versions of Ray, Ray will no longer override accelerator visible devices env var if num_gpus=0 or num_gpus=None (default). To enable this behavior and turn off this error message, set RAY_ACCEL_ENV_VAR_OVERRIDE_ON_ZERO=0
  warnings.warn(
[92mINFO [0m:      Initial global evaluation results: {'loss': 2.3041488525390625, 'accuracy': 0.1, 'f1': 0.01818181818181818, 'precision': 0.01, 'auc': 0.5009089266666666, 'diverged': 0.0}
[92mINFO [0m:      
[92mINFO [0m:      [ROUND 1/20]
[92mINFO [0m:      configure_train: Sampled 8 nodes (out of 8)
[36m(ClientAppActor pid=2679)[0m Using the latest cached version of the dataset since uoft-cs/cifar10 couldn't be found on the Hugging Face Hub (offline mode is enabled).
[36m(ClientAppActor pid=2679)[0m Found the latest cached dataset configuration 'plain_text' at /root/.cache/huggingface/datasets/uoft-cs___cifar10/plain_text/0.0.0/0b2714987fa478483af9968de7c934580d0bb9a2 (last modified on Thu Aug 20 11:04:24 2026).
[92mINFO [0m:      aggregate_train: Received 8 results and 0 failures
[92mINFO [0m:      	└──> Aggregated MetricRecord: {'train_loss': 1.4209851987150834, 'train_loss_mean': 1.6839558220295339, 'client-ids': [0, 1, 2, 3, 4, 5, 6, 7], 'per-client-num-examples': [6025, 5770, 6243, 6225, 3880, 2928, 4981, 3945], 'per-client-train_loss': [1.3823119534892165, 1.4369159532791613, 1.4049796780370547, 1.2659678358821027, 1.4965094010854505, 1.6489465575400597, 1.3888196541444051, 1.5238250495514187], 'per-client-train_loss_mean': [1.6487283413598153, 1.734700266005055, 1.6992770148931395, 1.5388365401340773, 1.7035015974831336, 1.8385395091739507, 1.6638416915886662, 1.7597219287608816]}
[92mINFO [0m:      configure_evaluate: Sampled 8 nodes (out of 8)
[92mINFO [0m:      aggregate_evaluate: Received 8 results and 0 failures
[92mINFO [0m:      	└──> Aggregated MetricRecord: {'eval_loss': 2.279034621093698, 'eval_acc': 0.11796461061681496, 'client-ids': [0, 1, 2, 3, 4, 5, 6, 7], 'per-client-eval_acc': [0.1957531519575315, 0.1483021483021483, 0.04612427930813581, 0.09890815671162492, 0.0288659793814433, 0.1407103825136612, 0.12841091492776885, 0.15602836879432624], 'per-client-eval_loss': [2.2718173199801073, 2.283600056080544, 2.2877150198956624, 2.285970105984001, 2.2660853356430213, 2.2745497448196828, 2.2802262650638294, 2.2732583754210003], 'per-client-num-examples': [1507, 1443, 1561, 1557, 970, 732, 1246, 987]}
[92mINFO [0m:      Global evaluation
[92mINFO [0m:      	└──> MetricRecord: {'loss': 2.2786796169281005, 'accuracy': 0.1186, 'f1': 0.04405191366817365, 'precision': 0.02763043421521972, 'auc': 0.5963743822222223, 'diverged': 0.0}
[92mINFO [0m:      
[92mINFO [0m:      [ROUND 2/20]
[92mINFO [0m:      configure_train: Sampled 8 nodes (out of 8)
[92mINFO [0m:      aggregate_train: Received 8 results and 0 failures
[92mINFO [0m:      	└──> Aggregated MetricRecord: {'train_loss': 1.1820967484823564, 'train_loss_mean': 1.3764707084989287, 'client-ids': [0, 1, 2, 3, 4, 5, 6, 7], 'per-client-num-examples': [6025, 5770, 6243, 6225, 3880, 2928, 4981, 3945], 'per-client-train_loss': [1.2398647640552758, 1.210332577769843, 1.1349235643623312, 1.0463968649446724, 1.2037698671989834, 1.2497061028506586, 1.1814887174710862, 1.270623401695029], 'per-client-train_loss_mean': [1.4041055471412374, 1.427148955236068, 1.3341899653724538, 1.2467970182081782, 1.3977822937178856, 1.4446837255863545, 1.3579152652715205, 1.4835105089905596]}
[92mINFO [0m:      configure_evaluate: Sampled 8 nodes (out of 8)
[92mINFO [0m:      aggregate_evaluate: Received 8 results and 0 failures
[92mINFO [0m:      	└──> Aggregated MetricRecord: {'eval_loss': 1.4674444245562772, 'eval_acc': 0.48735379386184147, 'client-ids': [0, 1, 2, 3, 4, 5, 6, 7], 'per-client-eval_acc': [0.41871267418712677, 0.46015246015246014, 0.4951953875720692, 0.5934489402697495, 0.41237113402061853, 0.5218579234972678, 0.5024077046548957, 0.48125633232016213], 'per-client-eval_loss': [1.553507446372596, 1.5411109711177136, 1.4495582018503388, 1.3542437054212078, 1.507380754923083, 1.4538696580897263, 1.4125844946259671, 1.4752763131710775], 'per-client-num-examples': [1507, 1443, 1561, 1557, 970, 732, 1246, 987]}
[92mINFO [0m:      Global evaluation
[92mINFO [0m:      	└──> MetricRecord: {'loss': 1.455914089012146, 'accuracy': 0.4842, 'f1': 0.4630143431622442, 'precision': 0.49680761982481336, 'auc': 0.8867753622222221, 'diverged': 0.0}
[92mINFO [0m:      
[92mINFO [0m:      [ROUND 3/20]
[92mINFO [0m:      configure_train: Sampled 8 nodes (out of 8)
[92mINFO [0m:      aggregate_train: Received 8 results and 0 failures
[92mINFO [0m:      	└──> Aggregated MetricRecord: {'train_loss': 0.9235158486852325, 'train_loss_mean': 1.0887593479346587, 'client-ids': [0, 1, 2, 3, 4, 5, 6, 7], 'per-client-num-examples': [6025, 5770, 6243, 6225, 3880, 2928, 4981, 3945], 'per-client-train_loss': [0.9550959682266742, 0.9693901952879062, 0.8982466207890294, 0.8088292315686084, 0.9557570130554671, 0.9223686893129609, 0.9145632030925127, 1.009592166493903], 'per-client-train_loss_mean': [1.1323080703074506, 1.1416496242435594, 1.0812906626400114, 0.9739250558016291, 1.0899986169264488, 1.0771966299724058, 1.0800191213749089, 1.1563119125033814]}
[92mINFO [0m:      configure_evaluate: Sampled 8 nodes (out of 8)
[92mINFO [0m:      aggregate_evaluate: Received 8 results and 0 failures
[92mINFO [0m:      	└──> Aggregated MetricRecord: {'eval_loss': 1.177153994509617, 'eval_acc': 0.5747275817254823, 'client-ids': [0, 1, 2, 3, 4, 5, 6, 7], 'per-client-eval_acc': [0.5301924353019244, 0.6022176022176022, 0.5746316463805253, 0.6223506743737958, 0.5309278350515464, 0.5491803278688525, 0.5947030497592295, 0.5643363728470111], 'per-client-eval_loss': [1.284693712261076, 1.1803103264883337, 1.1630979155516639, 1.1117849637854154, 1.2119966408641067, 1.1954284548108043, 1.1038971712654322, 1.1783778123942552], 'per-client-num-examples': [1507, 1443, 1561, 1557, 970, 732, 1246, 987]}
[92mINFO [0m:      Global evaluation
[92mINFO [0m:      	└──> MetricRecord: {'loss': 1.161560498714447, 'accuracy': 0.5698, 'f1': 0.5613609454033222, 'precision': 0.5709721155054243, 'auc': 0.9239282711111111, 'diverged': 0.0}
[92mINFO [0m:      
[92mINFO [0m:      [ROUND 4/20]
[92mINFO [0m:      configure_train: Sampled 8 nodes (out of 8)
[92mINFO [0m:      aggregate_train: Received 8 results and 0 failures
[92mINFO [0m:      	└──> Aggregated MetricRecord: {'train_loss': 0.6876211933208398, 'train_loss_mean': 0.8756354937975854, 'client-ids': [0, 1, 2, 3, 4, 5, 6, 7], 'per-client-num-examples': [6025, 5770, 6243, 6225, 3880, 2928, 4981, 3945], 'per-client-train_loss': [0.7043451709866029, 0.7047752335331882, 0.6838730160250184, 0.6193536959211511, 0.677729275484675, 0.6786682670885097, 0.7031014538797311, 0.7474721175485086], 'per-client-train_loss_mean': [0.9111568799266182, 0.9129043930655335, 0.857522541001957, 0.785055124869787, 0.8693698043184183, 0.8695637757009497, 0.8871527166377108, 0.9345976330813951]}
[92mINFO [0m:      configure_evaluate: Sampled 8 nodes (out of 8)
[92mINFO [0m:      aggregate_evaluate: Received 8 results and 0 failures
[92mINFO [0m:      	└──> Aggregated MetricRecord: {'eval_loss': 1.0448973683682632, 'eval_acc': 0.6355093471958412, 'client-ids': [0, 1, 2, 3, 4, 5, 6, 7], 'per-client-eval_acc': [0.6011944260119443, 0.6437976437976438, 0.6425368353619475, 0.6634553628773282, 0.6, 0.6407103825136612, 0.651685393258427, 0.6312056737588653], 'per-client-eval_loss': [1.142640657431255, 1.0657257873484929, 1.0132949225494756, 0.9867262157325034, 1.080474480894423, 1.0394577537078025, 0.9952206573363865, 1.0387358061569198], 'per-client-num-examples': [1507, 1443, 1561, 1557, 970, 732, 1246, 987]}
[92mINFO [0m:      Global evaluation
[92mINFO [0m:      	└──> MetricRecord: {'loss': 1.016786089038849, 'accuracy': 0.634, 'f1': 0.6342328031557559, 'precision': 0.6385520985777835, 'auc': 0.9423050000000001, 'diverged': 0.0}
[92mINFO [0m:      
[92mINFO [0m:      [ROUND 5/20]
[92mINFO [0m:      configure_train: Sampled 8 nodes (out of 8)
[92mINFO [0m:      aggregate_train: Received 8 results and 0 failures
[92mINFO [0m:      	└──> Aggregated MetricRecord: {'train_loss': 0.5032537081051485, 'train_loss_mean': 0.7043132568488649, 'client-ids': [0, 1, 2, 3, 4, 5, 6, 7], 'per-client-num-examples': [6025, 5770, 6243, 6225, 3880, 2928, 4981, 3945], 'per-client-train_loss': [0.5296307399164097, 0.5198811328493743, 0.4811680124568076, 0.4339546834560762, 0.4938285205782074, 0.5078770980808904, 0.5436952455267325, 0.5377273995613417], 'per-client-train_loss_mean': [0.7412274006906882, 0.7301873402062486, 0.6805279314847361, 0.6157613179061308, 0.7035120843612042, 0.7002611298052991, 0.7296742934320041, 0.7592375363324532]}
[92mINFO [0m:      configure_evaluate: Sampled 8 nodes (out of 8)
[92mINFO [0m:      aggregate_evaluate: Received 8 results and 0 failures
[92mINFO [0m:      	└──> Aggregated MetricRecord: {'eval_loss': 1.0087923158422347, 'eval_acc': 0.6632010396880936, 'client-ids': [0, 1, 2, 3, 4, 5, 6, 7], 'per-client-eval_acc': [0.6449900464499004, 0.6715176715176715, 0.6700832799487508, 0.682723185613359, 0.6288659793814433, 0.6680327868852459, 0.6669341894060995, 0.662613981762918], 'per-client-eval_loss': [1.0581046796113984, 1.0079916347998013, 0.9765290511410485, 0.9956421591796091, 1.0525550566997726, 1.0382302315508734, 0.9759708170332074, 0.9830340334226537], 'per-client-num-examples': [1507, 1443, 1561, 1557, 970, 732, 1246, 987]}
[92mINFO [0m:      Global evaluation
[92mINFO [0m:      	└──> MetricRecord: {'loss': 0.9628393598556518, 'accuracy': 0.673, 'f1': 0.6756800509291447, 'precision': 0.6799377990711464, 'auc': 0.9504342444444446, 'diverged': 0.0}
[92mINFO [0m:      
[92mINFO [0m:      [ROUND 6/20]
[92mINFO [0m:      configure_train: Sampled 8 nodes (out of 8)
[92mINFO [0m:      aggregate_train: Received 8 results and 0 failures
[92mINFO [0m:      	└──> Aggregated MetricRecord: {'train_loss': 0.3663994689719374, 'train_loss_mean': 0.5687190293618243, 'client-ids': [0, 1, 2, 3, 4, 5, 6, 7], 'per-client-num-examples': [6025, 5770, 6243, 6225, 3880, 2928, 4981, 3945], 'per-client-train_loss': [0.389755716830863, 0.38524405078210283, 0.3699117745346659, 0.30483711420771586, 0.3564915512640452, 0.37309654504875017, 0.38487562977556866, 0.3761960797134612], 'per-client-train_loss_mean': [0.5928486464869432, 0.5880295504151845, 0.5419918711905714, 0.4911156316157805, 0.5818360563283115, 0.5861699546295437, 0.5895800909659059, 0.6161808362342559]}
[92mINFO [0m:      configure_evaluate: Sampled 8 nodes (out of 8)
[92mINFO [0m:      aggregate_evaluate: Received 8 results and 0 failures
[92mINFO [0m:      	└──> Aggregated MetricRecord: {'eval_loss': 1.005076872656539, 'eval_acc': 0.6814955513345996, 'client-ids': [0, 1, 2, 3, 4, 5, 6, 7], 'per-client-eval_acc': [0.6635700066357001, 0.6902286902286903, 0.6854580397181294, 0.7032755298651252, 0.6381443298969072, 0.6789617486338798, 0.6990369181380417, 0.6778115501519757], 'per-client-eval_loss': [1.0760036416218308, 1.0031985864817725, 0.9805224612307503, 0.9677325826312918, 1.0539551498963662, 1.0528557522049367, 0.9416328326082919, 0.9938949345334565], 'per-client-num-examples': [1507, 1443, 1561, 1557, 970, 732, 1246, 987]}
[92mINFO [0m:      Global evaluation
[92mINFO [0m:      	└──> MetricRecord: {'loss': 0.9535177132606506, 'accuracy': 0.69, 'f1': 0.6916194081070863, 'precision': 0.6941599718490886, 'auc': 0.9553601088888887, 'diverged': 0.0}
[92mINFO [0m:      
[92mINFO [0m:      [ROUND 7/20]
[92mINFO [0m:      configure_train: Sampled 8 nodes (out of 8)
[92mINFO [0m:      aggregate_train: Received 8 results and 0 failures
[92mINFO [0m:      	└──> Aggregated MetricRecord: {'train_loss': 0.2667983004104152, 'train_loss_mean': 0.46314031398725053, 'client-ids': [0, 1, 2, 3, 4, 5, 6, 7], 'per-client-num-examples': [6025, 5770, 6243, 6225, 3880, 2928, 4981, 3945], 'per-client-train_loss': [0.2677823602708049, 0.28828405957907904, 0.2917921973901663, 0.2268943546766258, 0.24535206494872103, 0.25731847797586616, 0.27785446893747634, 0.2714525236126097], 'per-client-train_loss_mean': [0.4731192585343642, 0.47914200610573204, 0.44923817446536213, 0.38788231599857526, 0.4779307885882781, 0.48008586907647344, 0.4897565345111034, 0.5045193175137686]}
[92mINFO [0m:      configure_evaluate: Sampled 8 nodes (out of 8)
[92mINFO [0m:      aggregate_evaluate: Received 8 results and 0 failures
[92mINFO [0m:      	└──> Aggregated MetricRecord: {'eval_loss': 1.0668358727120213, 'eval_acc': 0.6821953413975808, 'client-ids': [0, 1, 2, 3, 4, 5, 6, 7], 'per-client-eval_acc': [0.66821499668215, 0.7047817047817048, 0.672645739910314, 0.6949261400128453, 0.6247422680412371, 0.703551912568306, 0.7006420545746388, 0.6828774062816616], 'per-client-eval_loss': [1.113339231041147, 1.0202525623622902, 1.0849619308852905, 1.0600493577480623, 1.1872954466908248, 1.0847263805201797, 0.9659455576448149, 1.0416876223795077], 'per-client-num-examples': [1507, 1443, 1561, 1557, 970, 732, 1246, 987]}
[92mINFO [0m:      Global evaluation
[92mINFO [0m:      	└──> MetricRecord: {'loss': 1.0164821796417236, 'accuracy': 0.6902, 'f1': 0.6909851259784456, 'precision': 0.6985021181311181, 'auc': 0.9540017133333333, 'diverged': 0.0}
[92mINFO [0m:      
[92mINFO [0m:      [ROUND 8/20]
[92mINFO [0m:      configure_train: Sampled 8 nodes (out of 8)
[92mINFO [0m:      aggregate_train: Received 8 results and 0 failures
[92mINFO [0m:      	└──> Aggregated MetricRecord: {'train_loss': 0.20394790677037672, 'train_loss_mean': 0.38457757400847403, 'client-ids': [0, 1, 2, 3, 4, 5, 6, 7], 'per-client-num-examples': [6025, 5770, 6243, 6225, 3880, 2928, 4981, 3945], 'per-client-train_loss': [0.21530664525215062, 0.21378208944247956, 0.2033625486906992, 0.17645943989715424, 0.2002580049726152, 0.20645101392855408, 0.21588301723248937, 0.20322025136122684], 'per-client-train_loss_mean': [0.3969576712448567, 0.3913656890774517, 0.3586785045891747, 0.31560702560704396, 0.4084120369403018, 0.4354971857833081, 0.4036748686323346, 0.42021206840967196]}
[92mINFO [0m:      configure_evaluate: Sampled 8 nodes (out of 8)
[92mINFO [0m:      aggregate_evaluate: Received 8 results and 0 failures
[92mINFO [0m:      	└──> Aggregated MetricRecord: {'eval_loss': 1.14628559740218, 'eval_acc': 0.6871938418474457, 'client-ids': [0, 1, 2, 3, 4, 5, 6, 7], 'per-client-eval_acc': [0.6502986065029861, 0.6992376992376992, 0.6944266495836002, 0.7238278741168914, 0.6422680412371135, 0.6898907103825137, 0.702247191011236, 0.6798378926038501], 'per-client-eval_loss': [1.2650870784138242, 1.131324482145858, 1.1181770424900874, 1.0842619205639006, 1.237232765709002, 1.167722946959115, 1.030156423345232, 1.1703883676422644], 'per-client-num-examples': [1507, 1443, 1561, 1557, 970, 732, 1246, 987]}
[92mINFO [0m:      Global evaluation
[92mINFO [0m:      	└──> MetricRecord: {'loss': 1.0934979815483092, 'accuracy': 0.6986, 'f1': 0.6989524809605031, 'precision': 0.7047855803883604, 'auc': 0.9548370822222221, 'diverged': 0.0}
[92mINFO [0m:      
[92mINFO [0m:      [ROUND 9/20]
[92mINFO [0m:      configure_train: Sampled 8 nodes (out of 8)
[92mINFO [0m:      aggregate_train: Received 8 results and 0 failures
[92mINFO [0m:      	└──> Aggregated MetricRecord: {'train_loss': 0.16512288839533248, 'train_loss_mean': 0.3265060237365314, 'client-ids': [0, 1, 2, 3, 4, 5, 6, 7], 'per-client-num-examples': [6025, 5770, 6243, 6225, 3880, 2928, 4981, 3945], 'per-client-train_loss': [0.16573600989654352, 0.1653973921591116, 0.1514931729487954, 0.16249205324903548, 0.1481708670630283, 0.1733323858816767, 0.18375112593945814, 0.17656484060792113], 'per-client-train_loss_mean': [0.3262184300862902, 0.3277046067555608, 0.29940360194164917, 0.2658824074186953, 0.35088795953190205, 0.390292341420885, 0.3376214694061975, 0.3783856370750489]}
[92mINFO [0m:      configure_evaluate: Sampled 8 nodes (out of 8)
[92mINFO [0m:      aggregate_evaluate: Received 8 results and 0 failures
[92mINFO [0m:      	└──> Aggregated MetricRecord: {'eval_loss': 1.1781297345274893, 'eval_acc': 0.6850944716585023, 'client-ids': [0, 1, 2, 3, 4, 5, 6, 7], 'per-client-eval_acc': [0.6735235567352356, 0.7110187110187111, 0.6860986547085202, 0.7064868336544637, 0.6247422680412371, 0.674863387978142, 0.6966292134831461, 0.6818642350557245], 'per-client-eval_loss': [1.2305882859483173, 1.112618206196664, 1.1910576805100084, 1.119357935342562, 1.3261553901986978, 1.2211104325258015, 1.1109653422384738, 1.1735150859952577], 'per-client-num-examples': [1507, 1443, 1561, 1557, 970, 732, 1246, 987]}
[92mINFO [0m:      Global evaluation
[92mINFO [0m:      	└──> MetricRecord: {'loss': 1.12944988861084, 'accuracy': 0.6934, 'f1': 0.692843528611469, 'precision': 0.6977337879547822, 'auc': 0.9539043155555558, 'diverged': 0.0}
[92mINFO [0m:      
[92mINFO [0m:      [ROUND 10/20]
[92mINFO [0m:      configure_train: Sampled 8 nodes (out of 8)
[92mINFO [0m:      aggregate_train: Received 8 results and 0 failures
[92mINFO [0m:      	└──> Aggregated MetricRecord: {'train_loss': 0.14813674162191923, 'train_loss_mean': 0.2868205638699381, 'client-ids': [0, 1, 2, 3, 4, 5, 6, 7], 'per-client-num-examples': [6025, 5770, 6243, 6225, 3880, 2928, 4981, 3945], 'per-client-train_loss': [0.15906728235023151, 0.14966289461485435, 0.1906516542972977, 0.13540671898777706, 0.11776784162238702, 0.10046804603698149, 0.12814968058237755, 0.17250231934477622], 'per-client-train_loss_mean': [0.28336960969327396, 0.28189885697516404, 0.26520237323787615, 0.22666785058462957, 0.3161639061723788, 0.3518916226414546, 0.29930650392609703, 0.3354975109873163]}
[92mINFO [0m:      configure_evaluate: Sampled 8 nodes (out of 8)
[92mINFO [0m:      aggregate_evaluate: Received 8 results and 0 failures
[92mINFO [0m:      	└──> Aggregated MetricRecord: {'eval_loss': 1.2061830097188428, 'eval_acc': 0.6905928221533539, 'client-ids': [0, 1, 2, 3, 4, 5, 6, 7], 'per-client-eval_acc': [0.6741871267418713, 0.7061677061677062, 0.695067264573991, 0.7129094412331407, 0.6391752577319587, 0.6885245901639344, 0.7062600321027287, 0.6828774062816616], 'per-client-eval_loss': [1.2992068431238188, 1.14379026405694, 1.200570991755601, 1.1485398267428693, 1.3224388083231817, 1.2660048724523658, 1.1072133601572884, 1.221497159840005], 'per-client-num-examples': [1507, 1443, 1561, 1557, 970, 732, 1246, 987]}
[92mINFO [0m:      Global evaluation
[92mINFO [0m:      	└──> MetricRecord: {'loss': 1.1511355117797852, 'accuracy': 0.6954, 'f1': 0.6948998175885192, 'precision': 0.6993146502080514, 'auc': 0.9548857022222222, 'diverged': 0.0}
[92mINFO [0m:      
[92mINFO [0m:      [ROUND 11/20]
[92mINFO [0m:      configure_train: Sampled 8 nodes (out of 8)
[92mINFO [0m:      aggregate_train: Received 8 results and 0 failures
[92mINFO [0m:      	└──> Aggregated MetricRecord: {'train_loss': 0.13585969599674833, 'train_loss_mean': 0.2511445889472955, 'client-ids': [0, 1, 2, 3, 4, 5, 6, 7], 'per-client-num-examples': [6025, 5770, 6243, 6225, 3880, 2928, 4981, 3945], 'per-client-train_loss': [0.1498012934062491, 0.1489588490779313, 0.11783572301165943, 0.14249925165889732, 0.12684048855120375, 0.12786936480043037, 0.13610155739098087, 0.12795036639097526], 'per-client-train_loss_mean': [0.24384444453539444, 0.2401102813654797, 0.22109346920681064, 0.2020807717073275, 0.2917148563680575, 0.33309584602184306, 0.2524382182938989, 0.30104908618561366]}
[92mINFO [0m:      configure_evaluate: Sampled 8 nodes (out of 8)
[92mINFO [0m:      aggregate_evaluate: Received 8 results and 0 failures
[92mINFO [0m:      	└──> Aggregated MetricRecord: {'eval_loss': 1.2529985233038996, 'eval_acc': 0.6974907527741677, 'client-ids': [0, 1, 2, 3, 4, 5, 6, 7], 'per-client-eval_acc': [0.670205706702057, 0.7193347193347194, 0.6976297245355542, 0.7315350032113038, 0.6556701030927835, 0.680327868852459, 0.7102728731942215, 0.690982776089159], 'per-client-eval_loss': [1.3621544573794713, 1.2324064817184057, 1.235631978183431, 1.1385975570041702, 1.40026569464772, 1.3442141788253368, 1.1743941016220165, 1.2112253705056606], 'per-client-num-examples': [1507, 1443, 1561, 1557, 970, 732, 1246, 987]}
[92mINFO [0m:      Global evaluation
[92mINFO [0m:      	└──> MetricRecord: {'loss': 1.1818337982177733, 'accuracy': 0.7034, 'f1': 0.7022788478340761, 'precision': 0.7027790586010215, 'auc': 0.9560197755555557, 'diverged': 0.0}
[92mINFO [0m:      
[92mINFO [0m:      [ROUND 12/20]
[92mINFO [0m:      configure_train: Sampled 8 nodes (out of 8)
[92mINFO [0m:      aggregate_train: Received 8 results and 0 failures
[92mINFO [0m:      	└──> Aggregated MetricRecord: {'train_loss': 0.12187518310924611, 'train_loss_mean': 0.22477916995916158, 'client-ids': [0, 1, 2, 3, 4, 5, 6, 7], 'per-client-num-examples': [6025, 5770, 6243, 6225, 3880, 2928, 4981, 3945], 'per-client-train_loss': [0.1306601627965562, 0.12123220206030114, 0.14208060361703925, 0.10618688853150869, 0.10474581721517229, 0.10270498872128993, 0.12298696559042942, 0.1318503850993095], 'per-client-train_loss_mean': [0.21941725063280693, 0.21415344838356437, 0.20154217901754037, 0.17608245208620069, 0.25917775163023743, 0.2912943639634737, 0.2291924938955919, 0.27335098977777894]}
[92mINFO [0m:      configure_evaluate: Sampled 8 nodes (out of 8)
[92mINFO [0m:      aggregate_evaluate: Received 8 results and 0 failures
[92mINFO [0m:      	└──> Aggregated MetricRecord: {'eval_loss': 1.2946692749278423, 'eval_acc': 0.6904928521443566, 'client-ids': [0, 1, 2, 3, 4, 5, 6, 7], 'per-client-eval_acc': [0.6755142667551427, 0.7137907137907138, 0.680973734785394, 0.7186897880539499, 0.6329896907216495, 0.6939890710382514, 0.6958266452648475, 0.6970618034447822], 'per-client-eval_loss': [1.354088800449441, 1.2141595574112627, 1.31696436635811, 1.1966535045155824, 1.5049754762157952, 1.3383654427658664, 1.2380611089029818, 1.2733819182762138], 'per-client-num-examples': [1507, 1443, 1561, 1557, 970, 732, 1246, 987]}
[92mINFO [0m:      Global evaluation
[92mINFO [0m:      	└──> MetricRecord: {'loss': 1.222924241542816, 'accuracy': 0.6994, 'f1': 0.6984513120465805, 'precision': 0.7015860980079716, 'auc': 0.9543319555555556, 'diverged': 0.0}
[92mINFO [0m:      
[92mINFO [0m:      [ROUND 13/20]
[92mINFO [0m:      configure_train: Sampled 8 nodes (out of 8)
[92mINFO [0m:      aggregate_train: Received 8 results and 0 failures
[92mINFO [0m:      	└──> Aggregated MetricRecord: {'train_loss': 0.11251601546452199, 'train_loss_mean': 0.2045610221697426, 'client-ids': [0, 1, 2, 3, 4, 5, 6, 7], 'per-client-num-examples': [6025, 5770, 6243, 6225, 3880, 2928, 4981, 3945], 'per-client-train_loss': [0.12131749842176794, 0.10600873803658543, 0.1487333955574854, 0.09929885755581071, 0.07870748790326654, 0.1263459880678543, 0.10669925037372832, 0.10246430293613211], 'per-client-train_loss_mean': [0.1935761342716415, 0.1958719213913797, 0.18442950729105909, 0.1573776487870269, 0.23674223596729416, 0.2821026897617702, 0.21022061302441236, 0.2440089495413959]}
[92mINFO [0m:      configure_evaluate: Sampled 8 nodes (out of 8)
[92mINFO [0m:      aggregate_evaluate: Received 8 results and 0 failures
[92mINFO [0m:      	└──> Aggregated MetricRecord: {'eval_loss': 1.325862328100238, 'eval_acc': 0.693591922423273, 'client-ids': [0, 1, 2, 3, 4, 5, 6, 7], 'per-client-eval_acc': [0.6655607166556071, 0.7186417186417187, 0.7053171044202434, 0.7193320488118176, 0.6628865979381443, 0.6707650273224044, 0.702247191011236, 0.6767983789260384], 'per-client-eval_loss': [1.4499936839485295, 1.2406141138374185, 1.2967530824220157, 1.2397162058296767, 1.4060943780486117, 1.4646997191215474, 1.2505077106420721, 1.356210919257476], 'per-client-num-examples': [1507, 1443, 1561, 1557, 970, 732, 1246, 987]}
[92mINFO [0m:      Global evaluation
[92mINFO [0m:      	└──> MetricRecord: {'loss': 1.2437781835079194, 'accuracy': 0.6988, 'f1': 0.698545617854685, 'precision': 0.7015804791657375, 'auc': 0.9545405022222222, 'diverged': 0.0}
[92mINFO [0m:      
[92mINFO [0m:      [ROUND 14/20]
[92mINFO [0m:      configure_train: Sampled 8 nodes (out of 8)
[92mINFO [0m:      aggregate_train: Received 8 results and 0 failures
[92mINFO [0m:      	└──> Aggregated MetricRecord: {'train_loss': 0.10744141267018253, 'train_loss_mean': 0.18837892702285217, 'client-ids': [0, 1, 2, 3, 4, 5, 6, 7], 'per-client-num-examples': [6025, 5770, 6243, 6225, 3880, 2928, 4981, 3945], 'per-client-train_loss': [0.08473487945381722, 0.10420435681500095, 0.11783947197005246, 0.10606177244829126, 0.1001728221908519, 0.11424877708319758, 0.12322726772147904, 0.11474145706388887], 'per-client-train_loss_mean': [0.17653592910554214, 0.1778382849494444, 0.15962218491561223, 0.1504555205565739, 0.22235388438995046, 0.2601314491180123, 0.1937217874271854, 0.23381570940320257]}
[92mINFO [0m:      configure_evaluate: Sampled 8 nodes (out of 8)
[92mINFO [0m:      aggregate_evaluate: Received 8 results and 0 failures
[92mINFO [0m:      	└──> Aggregated MetricRecord: {'eval_loss': 1.3458112125860076, 'eval_acc': 0.6967909627111868, 'client-ids': [0, 1, 2, 3, 4, 5, 6, 7], 'per-client-eval_acc': [0.6708692767086928, 0.7124047124047124, 0.7072389493914157, 0.7289659601798331, 0.6742268041237114, 0.6775956284153005, 0.7006420545746388, 0.6778115501519757], 'per-client-eval_loss': [1.499225718973485, 1.2912131925465247, 1.3180607448091575, 1.2308383432044077, 1.3716833193277576, 1.4502978819966967, 1.271382093046871, 1.407694715134641], 'per-client-num-examples': [1507, 1443, 1561, 1557, 970, 732, 1246, 987]}
[92mINFO [0m:      Global evaluation
[92mINFO [0m:      	└──> MetricRecord: {'loss': 1.2670938847541808, 'accuracy': 0.7018, 'f1': 0.7023176571024972, 'precision': 0.7052368503001352, 'auc': 0.9548250311111111, 'diverged': 0.0}
[92mINFO [0m:      
[92mINFO [0m:      [ROUND 15/20]
[92mINFO [0m:      configure_train: Sampled 8 nodes (out of 8)
[92mINFO [0m:      aggregate_train: Received 8 results and 0 failures
[92mINFO [0m:      	└──> Aggregated MetricRecord: {'train_loss': 0.10789600394197564, 'train_loss_mean': 0.17542238046557385, 'client-ids': [0, 1, 2, 3, 4, 5, 6, 7], 'per-client-num-examples': [6025, 5770, 6243, 6225, 3880, 2928, 4981, 3945], 'per-client-train_loss': [0.11941423358140645, 0.13322743577188595, 0.11273262061234775, 0.1133200154498399, 0.09298685714986521, 0.0918313400880968, 0.08816078750469364, 0.08854664364942977], 'per-client-train_loss_mean': [0.1608624261714116, 0.16861024398685948, 0.15483836427761127, 0.13700167400171478, 0.2105981492527674, 0.24143109550200853, 0.1744207058540162, 0.2184993142102277]}
[92mINFO [0m:      configure_evaluate: Sampled 8 nodes (out of 8)
[92mINFO [0m:      aggregate_evaluate: Received 8 results and 0 failures
[92mINFO [0m:      	└──> Aggregated MetricRecord: {'eval_loss': 1.3781465253543461, 'eval_acc': 0.6946915925222433, 'client-ids': [0, 1, 2, 3, 4, 5, 6, 7], 'per-client-eval_acc': [0.670205706702057, 0.72002772002772, 0.7001921844971173, 0.72703917790623, 0.6525773195876289, 0.6789617486338798, 0.6974317817014446, 0.684903748733536], 'per-client-eval_loss': [1.5070600650843675, 1.2759660881423156, 1.3790427060710704, 1.2704367787698636, 1.4971615997786374, 1.523532698063251, 1.294179840608355, 1.3804099422095395], 'per-client-num-examples': [1507, 1443, 1561, 1557, 970, 732, 1246, 987]}
[92mINFO [0m:      Global evaluation
[92mINFO [0m:      	└──> MetricRecord: {'loss': 1.3098299508094788, 'accuracy': 0.7018, 'f1': 0.6996877208349349, 'precision': 0.7006936395039254, 'auc': 0.9532385933333333, 'diverged': 0.0}
[92mINFO [0m:      
[92mINFO [0m:      [ROUND 16/20]
[92mINFO [0m:      configure_train: Sampled 8 nodes (out of 8)
[92mINFO [0m:      aggregate_train: Received 8 results and 0 failures
[92mINFO [0m:      	└──> Aggregated MetricRecord: {'train_loss': 0.09701903641725369, 'train_loss_mean': 0.1656660073877351, 'client-ids': [0, 1, 2, 3, 4, 5, 6, 7], 'per-client-num-examples': [6025, 5770, 6243, 6225, 3880, 2928, 4981, 3945], 'per-client-train_loss': [0.10671053439007755, 0.09555197122863508, 0.11183606722349924, 0.06741797127158766, 0.12726575412701085, 0.06813042955931092, 0.09890035019775778, 0.09694181215513795], 'per-client-train_loss_mean': [0.1552916722985997, 0.15945094784892824, 0.1397651055287449, 0.12482030741792607, 0.20406190697679816, 0.22882931098708365, 0.1681387487006903, 0.20827566701876346]}
[92mINFO [0m:      configure_evaluate: Sampled 8 nodes (out of 8)
[92mINFO [0m:      aggregate_evaluate: Received 8 results and 0 failures
[92mINFO [0m:      	└──> Aggregated MetricRecord: {'eval_loss': 1.4529642195826376, 'eval_acc': 0.6951914425672298, 'client-ids': [0, 1, 2, 3, 4, 5, 6, 7], 'per-client-eval_acc': [0.6715328467153284, 0.7165627165627165, 0.7001921844971173, 0.720616570327553, 0.6649484536082474, 0.6857923497267759, 0.6966292134831461, 0.6869300911854104], 'per-client-eval_loss': [1.5774486968967403, 1.3494989346565676, 1.4519599851013223, 1.3620671252065082, 1.5434119204884953, 1.5447229505236684, 1.3914501150385334, 1.4798554031078335], 'per-client-num-examples': [1507, 1443, 1561, 1557, 970, 732, 1246, 987]}
[92mINFO [0m:      Global evaluation
[92mINFO [0m:      	└──> MetricRecord: {'loss': 1.3832513149261474, 'accuracy': 0.6918, 'f1': 0.6924475237422223, 'precision': 0.6963209461620675, 'auc': 0.9531596622222221, 'diverged': 0.0}
[92mINFO [0m:      
[92mINFO [0m:      [ROUND 17/20]
[92mINFO [0m:      configure_train: Sampled 8 nodes (out of 8)
[92mINFO [0m:      aggregate_train: Received 8 results and 0 failures
[92mINFO [0m:      	└──> Aggregated MetricRecord: {'train_loss': 0.10002904207562735, 'train_loss_mean': 0.15614156982815286, 'client-ids': [0, 1, 2, 3, 4, 5, 6, 7], 'per-client-num-examples': [6025, 5770, 6243, 6225, 3880, 2928, 4981, 3945], 'per-client-train_loss': [0.11861989868379727, 0.09807246903819476, 0.08897517088471879, 0.097280567691149, 0.0875015818849974, 0.0732883600457037, 0.11861112863992118, 0.10503385211276162], 'per-client-train_loss_mean': [0.14229673173813404, 0.14912345771437294, 0.1306100795952203, 0.12497756847757173, 0.18378899345232041, 0.22931708416346805, 0.15840766731753594, 0.19276547783582043]}
[92mINFO [0m:      configure_evaluate: Sampled 8 nodes (out of 8)
[92mINFO [0m:      aggregate_evaluate: Received 8 results and 0 failures
[92mINFO [0m:      	└──> Aggregated MetricRecord: {'eval_loss': 1.461881793698397, 'eval_acc': 0.6897930620813756, 'client-ids': [0, 1, 2, 3, 4, 5, 6, 7], 'per-client-eval_acc': [0.6715328467153284, 0.7054747054747055, 0.6957078795643818, 0.7161207450224791, 0.6536082474226804, 0.6707650273224044, 0.6974317817014446, 0.6838905775075987], 'per-client-eval_loss': [1.5897447245483496, 1.352905935656256, 1.4357140209337291, 1.3538158296696559, 1.580759139896668, 1.5981173827999928, 1.4154919429919883, 1.4785338733213167], 'per-client-num-examples': [1507, 1443, 1561, 1557, 970, 732, 1246, 987]}
[92mINFO [0m:      Global evaluation
[92mINFO [0m:      	└──> MetricRecord: {'loss': 1.377315502166748, 'accuracy': 0.696, 'f1': 0.6961641207385338, 'precision': 0.6981522778329093, 'auc': 0.9523839977777778, 'diverged': 0.0}
[92mINFO [0m:      
[92mINFO [0m:      [ROUND 18/20]
[92mINFO [0m:      configure_train: Sampled 8 nodes (out of 8)
[92mINFO [0m:      aggregate_train: Received 8 results and 0 failures
[92mINFO [0m:      	└──> Aggregated MetricRecord: {'train_loss': 0.10825341946532338, 'train_loss_mean': 0.14795605500277498, 'client-ids': [0, 1, 2, 3, 4, 5, 6, 7], 'per-client-num-examples': [6025, 5770, 6243, 6225, 3880, 2928, 4981, 3945], 'per-client-train_loss': [0.13157276483986882, 0.13213288727728084, 0.09891154477022196, 0.07134158112185382, 0.11939147025653997, 0.08258609695594167, 0.103379902554965, 0.12499035310817007], 'per-client-train_loss_mean': [0.14352411763302025, 0.14328948090430768, 0.12478374766680549, 0.11297339270725085, 0.17549809623970508, 0.21803880229164832, 0.1436824499650566, 0.17971315647825997]}
[92mINFO [0m:      configure_evaluate: Sampled 8 nodes (out of 8)
[92mINFO [0m:      aggregate_evaluate: Received 8 results and 0 failures
[92mINFO [0m:      	└──> Aggregated MetricRecord: {'eval_loss': 1.444638985317447, 'eval_acc': 0.6870938718384484, 'client-ids': [0, 1, 2, 3, 4, 5, 6, 7], 'per-client-eval_acc': [0.6629064366290643, 0.7013167013167013, 0.7085201793721974, 0.7109826589595376, 0.6515463917525773, 0.6680327868852459, 0.6829855537720706, 0.6859169199594731], 'per-client-eval_loss': [1.5776519006428413, 1.361807942473054, 1.39312139495224, 1.3639561831376916, 1.5330319689721177, 1.610542722087089, 1.399359344096666, 1.4186536930010794], 'per-client-num-examples': [1507, 1443, 1561, 1557, 970, 732, 1246, 987]}
[92mINFO [0m:      Global evaluation
[92mINFO [0m:      	└──> MetricRecord: {'loss': 1.3512480487823486, 'accuracy': 0.6966, 'f1': 0.6968009800889057, 'precision': 0.6985302220447132, 'auc': 0.9530770822222221, 'diverged': 0.0}
[92mINFO [0m:      
[92mINFO [0m:      [ROUND 19/20]
[92mINFO [0m:      configure_train: Sampled 8 nodes (out of 8)
[92mINFO [0m:      aggregate_train: Received 8 results and 0 failures
[92mINFO [0m:      	└──> Aggregated MetricRecord: {'train_loss': 0.0990928341982563, 'train_loss_mean': 0.13983326308366503, 'client-ids': [0, 1, 2, 3, 4, 5, 6, 7], 'per-client-num-examples': [6025, 5770, 6243, 6225, 3880, 2928, 4981, 3945], 'per-client-train_loss': [0.10818569161214274, 0.11398749738395782, 0.1072653325245646, 0.08813212345402882, 0.09535327120540069, 0.09052379761664757, 0.11062856615816247, 0.0632558272178881], 'per-client-train_loss_mean': [0.12512974191120058, 0.12914490369237325, 0.11983190002153714, 0.11180499451071861, 0.17125475635310422, 0.20970608692697654, 0.14149008999445717, 0.16894590016199496]}
[92mINFO [0m:      configure_evaluate: Sampled 8 nodes (out of 8)
[92mINFO [0m:      aggregate_evaluate: Received 8 results and 0 failures
[92mINFO [0m:      	└──> Aggregated MetricRecord: {'eval_loss': 1.5003419986531352, 'eval_acc': 0.6849945016495051, 'client-ids': [0, 1, 2, 3, 4, 5, 6, 7], 'per-client-eval_acc': [0.6536164565361645, 0.7117117117117117, 0.6937860345932095, 0.705844572896596, 0.6556701030927835, 0.6693989071038251, 0.6910112359550562, 0.6798378926038501], 'per-client-eval_loss': [1.6330534411216058, 1.3667788882265468, 1.4703572497468664, 1.4122536401375028, 1.5960457674006825, 1.6492665009420426, 1.4513662913829135, 1.5366880287394578], 'per-client-num-examples': [1507, 1443, 1561, 1557, 970, 732, 1246, 987]}
[92mINFO [0m:      Global evaluation
[92mINFO [0m:      	└──> MetricRecord: {'loss': 1.4135478392601013, 'accuracy': 0.6878, 'f1': 0.6875185043118706, 'precision': 0.6900965726169896, 'auc': 0.9515972755555555, 'diverged': 0.0}
[92mINFO [0m:      
[92mINFO [0m:      [ROUND 20/20]
[92mINFO [0m:      configure_train: Sampled 8 nodes (out of 8)
[92mINFO [0m:      aggregate_train: Received 8 results and 0 failures
[92mINFO [0m:      	└──> Aggregated MetricRecord: {'train_loss': 0.07792449915375485, 'train_loss_mean': 0.13426715328719535, 'client-ids': [0, 1, 2, 3, 4, 5, 6, 7], 'per-client-num-examples': [6025, 5770, 6243, 6225, 3880, 2928, 4981, 3945], 'per-client-train_loss': [0.07915751421847284, 0.06979693498339769, 0.0652661413275363, 0.07764086825301848, 0.07540228415626227, 0.062084096997894876, 0.10757677518526873, 0.08520656874915644], 'per-client-train_loss_mean': [0.12466596572591122, 0.12347035462953526, 0.11382573118959179, 0.10650356136914718, 0.16020341752807504, 0.2008609466295425, 0.13297486871666422, 0.16757675492000518]}
[92mINFO [0m:      configure_evaluate: Sampled 8 nodes (out of 8)
[92mINFO [0m:      aggregate_evaluate: Received 8 results and 0 failures
[92mINFO [0m:      	└──> Aggregated MetricRecord: {'eval_loss': 1.522656525805962, 'eval_acc': 0.692292312306308, 'client-ids': [0, 1, 2, 3, 4, 5, 6, 7], 'per-client-eval_acc': [0.6622428666224287, 0.7193347193347194, 0.6925048046124279, 0.7090558766859345, 0.6628865979381443, 0.6816939890710383, 0.7030497592295345, 0.6950354609929078], 'per-client-eval_loss': [1.6727373242791057, 1.4164577135177263, 1.5325258415070655, 1.4320543273259374, 1.6422766528178736, 1.6481817459148136, 1.4132670667351344, 1.5035258527947053], 'per-client-num-examples': [1507, 1443, 1561, 1557, 970, 732, 1246, 987]}
[92mINFO [0m:      Global evaluation
[92mINFO [0m:      	└──> MetricRecord: {'loss': 1.4439365087032319, 'accuracy': 0.694, 'f1': 0.6933583926257075, 'precision': 0.6958090366336209, 'auc': 0.9522049777777779, 'diverged': 0.0}
[92mINFO [0m:      
[92mINFO [0m:      Strategy execution finished in 571.08s
[92mINFO [0m:      
[92mINFO [0m:      Final results:
[92mINFO [0m:      
[92mINFO [0m:      	Global Arrays:
[92mINFO [0m:      		ArrayRecord (1.392 MB)
[92mINFO [0m:      	
[92mINFO [0m:      	Aggregated ClientApp-side Train Metrics:
[92mINFO [0m:      	{ 1: { 'client-ids': "['0', '1', '2', '3', '4', '5', '6', '7']",
[92mINFO [0m:      	       'per-client-num-examples': "['6025', '5770', '6243', '6225', '3880', "
[92mINFO [0m:      	                                  "'2928', '4981', '3945']",
[92mINFO [0m:      	       'per-client-train_loss': "['1.3823e+00', '1.4369e+00', '1.4050e+00', "
[92mINFO [0m:      	                                "'1.2660e+00', '1.4965e+00', '1.6489e+00', "
[92mINFO [0m:      	                                "'1.3888e+00', '1.5238e+00']",
[92mINFO [0m:      	       'per-client-train_loss_mean': "['1.6487e+00', '1.7347e+00', "
[92mINFO [0m:      	                                     "'1.6993e+00', '1.5388e+00', "
[92mINFO [0m:      	                                     "'1.7035e+00', '1.8385e+00', "
[92mINFO [0m:      	                                     "'1.6638e+00', '1.7597e+00']",
[92mINFO [0m:      	       'train_loss': '1.4210e+00',
[92mINFO [0m:      	       'train_loss_mean': '1.6840e+00'},
[92mINFO [0m:      	  2: { 'client-ids': "['0', '1', '2', '3', '4', '5', '6', '7']",
[92mINFO [0m:      	       'per-client-num-examples': "['6025', '5770', '6243', '6225', '3880', "
[92mINFO [0m:      	                                  "'2928', '4981', '3945']",
[92mINFO [0m:      	       'per-client-train_loss': "['1.2399e+00', '1.2103e+00', '1.1349e+00', "
[92mINFO [0m:      	                                "'1.0464e+00', '1.2038e+00', '1.2497e+00', "
[92mINFO [0m:      	                                "'1.1815e+00', '1.2706e+00']",
[92mINFO [0m:      	       'per-client-train_loss_mean': "['1.4041e+00', '1.4271e+00', "
[92mINFO [0m:      	                                     "'1.3342e+00', '1.2468e+00', "
[92mINFO [0m:      	                                     "'1.3978e+00', '1.4447e+00', "
[92mINFO [0m:      	                                     "'1.3579e+00', '1.4835e+00']",
[92mINFO [0m:      	       'train_loss': '1.1821e+00',
[92mINFO [0m:      	       'train_loss_mean': '1.3765e+00'},
[92mINFO [0m:      	  3: { 'client-ids': "['0', '1', '2', '3', '4', '5', '6', '7']",
[92mINFO [0m:      	       'per-client-num-examples': "['6025', '5770', '6243', '6225', '3880', "
[92mINFO [0m:      	                                  "'2928', '4981', '3945']",
[92mINFO [0m:      	       'per-client-train_loss': "['9.5510e-01', '9.6939e-01', '8.9825e-01', "
[92mINFO [0m:      	                                "'8.0883e-01', '9.5576e-01', '9.2237e-01', "
[92mINFO [0m:      	                                "'9.1456e-01', '1.0096e+00']",
[92mINFO [0m:      	       'per-client-train_loss_mean': "['1.1323e+00', '1.1416e+00', "
[92mINFO [0m:      	                                     "'1.0813e+00', '9.7393e-01', "
[92mINFO [0m:      	                                     "'1.0900e+00', '1.0772e+00', "
[92mINFO [0m:      	                                     "'1.0800e+00', '1.1563e+00']",
[92mINFO [0m:      	       'train_loss': '9.2352e-01',
[92mINFO [0m:      	       'train_loss_mean': '1.0888e+00'},
[92mINFO [0m:      	  4: { 'client-ids': "['0', '1', '2', '3', '4', '5', '6', '7']",
[92mINFO [0m:      	       'per-client-num-examples': "['6025', '5770', '6243', '6225', '3880', "
[92mINFO [0m:      	                                  "'2928', '4981', '3945']",
[92mINFO [0m:      	       'per-client-train_loss': "['7.0435e-01', '7.0478e-01', '6.8387e-01', "
[92mINFO [0m:      	                                "'6.1935e-01', '6.7773e-01', '6.7867e-01', "
[92mINFO [0m:      	                                "'7.0310e-01', '7.4747e-01']",
[92mINFO [0m:      	       'per-client-train_loss_mean': "['9.1116e-01', '9.1290e-01', "
[92mINFO [0m:      	                                     "'8.5752e-01', '7.8506e-01', "
[92mINFO [0m:      	                                     "'8.6937e-01', '8.6956e-01', "
[92mINFO [0m:      	                                     "'8.8715e-01', '9.3460e-01']",
[92mINFO [0m:      	       'train_loss': '6.8762e-01',
[92mINFO [0m:      	       'train_loss_mean': '8.7564e-01'},
[92mINFO [0m:      	  5: { 'client-ids': "['0', '1', '2', '3', '4', '5', '6', '7']",
[92mINFO [0m:      	       'per-client-num-examples': "['6025', '5770', '6243', '6225', '3880', "
[92mINFO [0m:      	                                  "'2928', '4981', '3945']",
[92mINFO [0m:      	       'per-client-train_loss': "['5.2963e-01', '5.1988e-01', '4.8117e-01', "
[92mINFO [0m:      	                                "'4.3395e-01', '4.9383e-01', '5.0788e-01', "
[92mINFO [0m:      	                                "'5.4370e-01', '5.3773e-01']",
[92mINFO [0m:      	       'per-client-train_loss_mean': "['7.4123e-01', '7.3019e-01', "
[92mINFO [0m:      	                                     "'6.8053e-01', '6.1576e-01', "
[92mINFO [0m:      	                                     "'7.0351e-01', '7.0026e-01', "
[92mINFO [0m:      	                                     "'7.2967e-01', '7.5924e-01']",
[92mINFO [0m:      	       'train_loss': '5.0325e-01',
[92mINFO [0m:      	       'train_loss_mean': '7.0431e-01'},
[92mINFO [0m:      	  6: { 'client-ids': "['0', '1', '2', '3', '4', '5', '6', '7']",
[92mINFO [0m:      	       'per-client-num-examples': "['6025', '5770', '6243', '6225', '3880', "
[92mINFO [0m:      	                                  "'2928', '4981', '3945']",
[92mINFO [0m:      	       'per-client-train_loss': "['3.8976e-01', '3.8524e-01', '3.6991e-01', "
[92mINFO [0m:      	                                "'3.0484e-01', '3.5649e-01', '3.7310e-01', "
[92mINFO [0m:      	                                "'3.8488e-01', '3.7620e-01']",
[92mINFO [0m:      	       'per-client-train_loss_mean': "['5.9285e-01', '5.8803e-01', "
[92mINFO [0m:      	                                     "'5.4199e-01', '4.9112e-01', "
[92mINFO [0m:      	                                     "'5.8184e-01', '5.8617e-01', "
[92mINFO [0m:      	                                     "'5.8958e-01', '6.1618e-01']",
[92mINFO [0m:      	       'train_loss': '3.6640e-01',
[92mINFO [0m:      	       'train_loss_mean': '5.6872e-01'},
[92mINFO [0m:      	  7: { 'client-ids': "['0', '1', '2', '3', '4', '5', '6', '7']",
[92mINFO [0m:      	       'per-client-num-examples': "['6025', '5770', '6243', '6225', '3880', "
[92mINFO [0m:      	                                  "'2928', '4981', '3945']",
[92mINFO [0m:      	       'per-client-train_loss': "['2.6778e-01', '2.8828e-01', '2.9179e-01', "
[92mINFO [0m:      	                                "'2.2689e-01', '2.4535e-01', '2.5732e-01', "
[92mINFO [0m:      	                                "'2.7785e-01', '2.7145e-01']",
[92mINFO [0m:      	       'per-client-train_loss_mean': "['4.7312e-01', '4.7914e-01', "
[92mINFO [0m:      	                                     "'4.4924e-01', '3.8788e-01', "
[92mINFO [0m:      	                                     "'4.7793e-01', '4.8009e-01', "
[92mINFO [0m:      	                                     "'4.8976e-01', '5.0452e-01']",
[92mINFO [0m:      	       'train_loss': '2.6680e-01',
[92mINFO [0m:      	       'train_loss_mean': '4.6314e-01'},
[92mINFO [0m:      	  8: { 'client-ids': "['0', '1', '2', '3', '4', '5', '6', '7']",
[92mINFO [0m:      	       'per-client-num-examples': "['6025', '5770', '6243', '6225', '3880', "
[92mINFO [0m:      	                                  "'2928', '4981', '3945']",
[92mINFO [0m:      	       'per-client-train_loss': "['2.1531e-01', '2.1378e-01', '2.0336e-01', "
[92mINFO [0m:      	                                "'1.7646e-01', '2.0026e-01', '2.0645e-01', "
[92mINFO [0m:      	                                "'2.1588e-01', '2.0322e-01']",
[92mINFO [0m:      	       'per-client-train_loss_mean': "['3.9696e-01', '3.9137e-01', "
[92mINFO [0m:      	                                     "'3.5868e-01', '3.1561e-01', "
[92mINFO [0m:      	                                     "'4.0841e-01', '4.3550e-01', "
[92mINFO [0m:      	                                     "'4.0367e-01', '4.2021e-01']",
[92mINFO [0m:      	       'train_loss': '2.0395e-01',
[92mINFO [0m:      	       'train_loss_mean': '3.8458e-01'},
[92mINFO [0m:      	  9: { 'client-ids': "['0', '1', '2', '3', '4', '5', '6', '7']",
[92mINFO [0m:      	       'per-client-num-examples': "['6025', '5770', '6243', '6225', '3880', "
[92mINFO [0m:      	                                  "'2928', '4981', '3945']",
[92mINFO [0m:      	       'per-client-train_loss': "['1.6574e-01', '1.6540e-01', '1.5149e-01', "
[92mINFO [0m:      	                                "'1.6249e-01', '1.4817e-01', '1.7333e-01', "
[92mINFO [0m:      	                                "'1.8375e-01', '1.7656e-01']",
[92mINFO [0m:      	       'per-client-train_loss_mean': "['3.2622e-01', '3.2770e-01', "
[92mINFO [0m:      	                                     "'2.9940e-01', '2.6588e-01', "
[92mINFO [0m:      	                                     "'3.5089e-01', '3.9029e-01', "
[92mINFO [0m:      	                                     "'3.3762e-01', '3.7839e-01']",
[92mINFO [0m:      	       'train_loss': '1.6512e-01',
[92mINFO [0m:      	       'train_loss_mean': '3.2651e-01'},
[92mINFO [0m:      	  10: { 'client-ids': "['0', '1', '2', '3', '4', '5', '6', '7']",
[92mINFO [0m:      	        'per-client-num-examples': "['6025', '5770', '6243', '6225', '3880', "
[92mINFO [0m:      	                                   "'2928', '4981', '3945']",
[92mINFO [0m:      	        'per-client-train_loss': "['1.5907e-01', '1.4966e-01', '1.9065e-01', "
[92mINFO [0m:      	                                 "'1.3541e-01', '1.1777e-01', '1.0047e-01', "
[92mINFO [0m:      	                                 "'1.2815e-01', '1.7250e-01']",
[92mINFO [0m:      	        'per-client-train_loss_mean': "['2.8337e-01', '2.8190e-01', "
[92mINFO [0m:      	                                      "'2.6520e-01', '2.2667e-01', "
[92mINFO [0m:      	                                      "'3.1616e-01', '3.5189e-01', "
[92mINFO [0m:      	                                      "'2.9931e-01', '3.3550e-01']",
[92mINFO [0m:      	        'train_loss': '1.4814e-01',
[92mINFO [0m:      	        'train_loss_mean': '2.8682e-01'},
[92mINFO [0m:      	  11: { 'client-ids': "['0', '1', '2', '3', '4', '5', '6', '7']",
[92mINFO [0m:      	        'per-client-num-examples': "['6025', '5770', '6243', '6225', '3880', "
[92mINFO [0m:      	                                   "'2928', '4981', '3945']",
[92mINFO [0m:      	        'per-client-train_loss': "['1.4980e-01', '1.4896e-01', '1.1784e-01', "
[92mINFO [0m:      	                                 "'1.4250e-01', '1.2684e-01', '1.2787e-01', "
[92mINFO [0m:      	                                 "'1.3610e-01', '1.2795e-01']",
[92mINFO [0m:      	        'per-client-train_loss_mean': "['2.4384e-01', '2.4011e-01', "
[92mINFO [0m:      	                                      "'2.2109e-01', '2.0208e-01', "
[92mINFO [0m:      	                                      "'2.9171e-01', '3.3310e-01', "
[92mINFO [0m:      	                                      "'2.5244e-01', '3.0105e-01']",
[92mINFO [0m:      	        'train_loss': '1.3586e-01',
[92mINFO [0m:      	        'train_loss_mean': '2.5114e-01'},
[92mINFO [0m:      	  12: { 'client-ids': "['0', '1', '2', '3', '4', '5', '6', '7']",
[92mINFO [0m:      	        'per-client-num-examples': "['6025', '5770', '6243', '6225', '3880', "
[92mINFO [0m:      	                                   "'2928', '4981', '3945']",
[92mINFO [0m:      	        'per-client-train_loss': "['1.3066e-01', '1.2123e-01', '1.4208e-01', "
[92mINFO [0m:      	                                 "'1.0619e-01', '1.0475e-01', '1.0270e-01', "
[92mINFO [0m:      	                                 "'1.2299e-01', '1.3185e-01']",
[92mINFO [0m:      	        'per-client-train_loss_mean': "['2.1942e-01', '2.1415e-01', "
[92mINFO [0m:      	                                      "'2.0154e-01', '1.7608e-01', "
[92mINFO [0m:      	                                      "'2.5918e-01', '2.9129e-01', "
[92mINFO [0m:      	                                      "'2.2919e-01', '2.7335e-01']",
[92mINFO [0m:      	        'train_loss': '1.2188e-01',
[92mINFO [0m:      	        'train_loss_mean': '2.2478e-01'},
[92mINFO [0m:      	  13: { 'client-ids': "['0', '1', '2', '3', '4', '5', '6', '7']",
[92mINFO [0m:      	        'per-client-num-examples': "['6025', '5770', '6243', '6225', '3880', "
[92mINFO [0m:      	                                   "'2928', '4981', '3945']",
[92mINFO [0m:      	        'per-client-train_loss': "['1.2132e-01', '1.0601e-01', '1.4873e-01', "
[92mINFO [0m:      	                                 "'9.9299e-02', '7.8707e-02', '1.2635e-01', "
[92mINFO [0m:      	                                 "'1.0670e-01', '1.0246e-01']",
[92mINFO [0m:      	        'per-client-train_loss_mean': "['1.9358e-01', '1.9587e-01', "
[92mINFO [0m:      	                                      "'1.8443e-01', '1.5738e-01', "
[92mINFO [0m:      	                                      "'2.3674e-01', '2.8210e-01', "
[92mINFO [0m:      	                                      "'2.1022e-01', '2.4401e-01']",
[92mINFO [0m:      	        'train_loss': '1.1252e-01',
[92mINFO [0m:      	        'train_loss_mean': '2.0456e-01'},
[92mINFO [0m:      	  14: { 'client-ids': "['0', '1', '2', '3', '4', '5', '6', '7']",
[92mINFO [0m:      	        'per-client-num-examples': "['6025', '5770', '6243', '6225', '3880', "
[92mINFO [0m:      	                                   "'2928', '4981', '3945']",
[92mINFO [0m:      	        'per-client-train_loss': "['8.4735e-02', '1.0420e-01', '1.1784e-01', "
[92mINFO [0m:      	                                 "'1.0606e-01', '1.0017e-01', '1.1425e-01', "
[92mINFO [0m:      	                                 "'1.2323e-01', '1.1474e-01']",
[92mINFO [0m:      	        'per-client-train_loss_mean': "['1.7654e-01', '1.7784e-01', "
[92mINFO [0m:      	                                      "'1.5962e-01', '1.5046e-01', "
[92mINFO [0m:      	                                      "'2.2235e-01', '2.6013e-01', "
[92mINFO [0m:      	                                      "'1.9372e-01', '2.3382e-01']",
[92mINFO [0m:      	        'train_loss': '1.0744e-01',
[92mINFO [0m:      	        'train_loss_mean': '1.8838e-01'},
[92mINFO [0m:      	  15: { 'client-ids': "['0', '1', '2', '3', '4', '5', '6', '7']",
[92mINFO [0m:      	        'per-client-num-examples': "['6025', '5770', '6243', '6225', '3880', "
[92mINFO [0m:      	                                   "'2928', '4981', '3945']",
[92mINFO [0m:      	        'per-client-train_loss': "['1.1941e-01', '1.3323e-01', '1.1273e-01', "
[92mINFO [0m:      	                                 "'1.1332e-01', '9.2987e-02', '9.1831e-02', "
[92mINFO [0m:      	                                 "'8.8161e-02', '8.8547e-02']",
[92mINFO [0m:      	        'per-client-train_loss_mean': "['1.6086e-01', '1.6861e-01', "
[92mINFO [0m:      	                                      "'1.5484e-01', '1.3700e-01', "
[92mINFO [0m:      	                                      "'2.1060e-01', '2.4143e-01', "
[92mINFO [0m:      	                                      "'1.7442e-01', '2.1850e-01']",
[92mINFO [0m:      	        'train_loss': '1.0790e-01',
[92mINFO [0m:      	        'train_loss_mean': '1.7542e-01'},
[92mINFO [0m:      	  16: { 'client-ids': "['0', '1', '2', '3', '4', '5', '6', '7']",
[92mINFO [0m:      	        'per-client-num-examples': "['6025', '5770', '6243', '6225', '3880', "
[92mINFO [0m:      	                                   "'2928', '4981', '3945']",
[92mINFO [0m:      	        'per-client-train_loss': "['1.0671e-01', '9.5552e-02', '1.1184e-01', "
[92mINFO [0m:      	                                 "'6.7418e-02', '1.2727e-01', '6.8130e-02', "
[92mINFO [0m:      	                                 "'9.8900e-02', '9.6942e-02']",
[92mINFO [0m:      	        'per-client-train_loss_mean': "['1.5529e-01', '1.5945e-01', "
[92mINFO [0m:      	                                      "'1.3977e-01', '1.2482e-01', "
[92mINFO [0m:      	                                      "'2.0406e-01', '2.2883e-01', "
[92mINFO [0m:      	                                      "'1.6814e-01', '2.0828e-01']",
[92mINFO [0m:      	        'train_loss': '9.7019e-02',
[92mINFO [0m:      	        'train_loss_mean': '1.6567e-01'},
[92mINFO [0m:      	  17: { 'client-ids': "['0', '1', '2', '3', '4', '5', '6', '7']",
[92mINFO [0m:      	        'per-client-num-examples': "['6025', '5770', '6243', '6225', '3880', "
[92mINFO [0m:      	                                   "'2928', '4981', '3945']",
[92mINFO [0m:      	        'per-client-train_loss': "['1.1862e-01', '9.8072e-02', '8.8975e-02', "
[92mINFO [0m:      	                                 "'9.7281e-02', '8.7502e-02', '7.3288e-02', "
[92mINFO [0m:      	                                 "'1.1861e-01', '1.0503e-01']",
[92mINFO [0m:      	        'per-client-train_loss_mean': "['1.4230e-01', '1.4912e-01', "
[92mINFO [0m:      	                                      "'1.3061e-01', '1.2498e-01', "
[92mINFO [0m:      	                                      "'1.8379e-01', '2.2932e-01', "
[92mINFO [0m:      	                                      "'1.5841e-01', '1.9277e-01']",
[92mINFO [0m:      	        'train_loss': '1.0003e-01',
[92mINFO [0m:      	        'train_loss_mean': '1.5614e-01'},
[92mINFO [0m:      	  18: { 'client-ids': "['0', '1', '2', '3', '4', '5', '6', '7']",
[92mINFO [0m:      	        'per-client-num-examples': "['6025', '5770', '6243', '6225', '3880', "
[92mINFO [0m:      	                                   "'2928', '4981', '3945']",
[92mINFO [0m:      	        'per-client-train_loss': "['1.3157e-01', '1.3213e-01', '9.8912e-02', "
[92mINFO [0m:      	                                 "'7.1342e-02', '1.1939e-01', '8.2586e-02', "
[92mINFO [0m:      	                                 "'1.0338e-01', '1.2499e-01']",
[92mINFO [0m:      	        'per-client-train_loss_mean': "['1.4352e-01', '1.4329e-01', "
[92mINFO [0m:      	                                      "'1.2478e-01', '1.1297e-01', "
[92mINFO [0m:      	                                      "'1.7550e-01', '2.1804e-01', "
[92mINFO [0m:      	                                      "'1.4368e-01', '1.7971e-01']",
[92mINFO [0m:      	        'train_loss': '1.0825e-01',
[92mINFO [0m:      	        'train_loss_mean': '1.4796e-01'},
[92mINFO [0m:      	  19: { 'client-ids': "['0', '1', '2', '3', '4', '5', '6', '7']",
[92mINFO [0m:      	        'per-client-num-examples': "['6025', '5770', '6243', '6225', '3880', "
[92mINFO [0m:      	                                   "'2928', '4981', '3945']",
[92mINFO [0m:      	        'per-client-train_loss': "['1.0819e-01', '1.1399e-01', '1.0727e-01', "
[92mINFO [0m:      	                                 "'8.8132e-02', '9.5353e-02', '9.0524e-02', "
[92mINFO [0m:      	                                 "'1.1063e-01', '6.3256e-02']",
[92mINFO [0m:      	        'per-client-train_loss_mean': "['1.2513e-01', '1.2914e-01', "
[92mINFO [0m:      	                                      "'1.1983e-01', '1.1180e-01', "
[92mINFO [0m:      	                                      "'1.7125e-01', '2.0971e-01', "
[92mINFO [0m:      	                                      "'1.4149e-01', '1.6895e-01']",
[92mINFO [0m:      	        'train_loss': '9.9093e-02',
[92mINFO [0m:      	        'train_loss_mean': '1.3983e-01'},
[92mINFO [0m:      	  20: { 'client-ids': "['0', '1', '2', '3', '4', '5', '6', '7']",
[92mINFO [0m:      	        'per-client-num-examples': "['6025', '5770', '6243', '6225', '3880', "
[92mINFO [0m:      	                                   "'2928', '4981', '3945']",
[92mINFO [0m:      	        'per-client-train_loss': "['7.9158e-02', '6.9797e-02', '6.5266e-02', "
[92mINFO [0m:      	                                 "'7.7641e-02', '7.5402e-02', '6.2084e-02', "
[92mINFO [0m:      	                                 "'1.0758e-01', '8.5207e-02']",
[92mINFO [0m:      	        'per-client-train_loss_mean': "['1.2467e-01', '1.2347e-01', "
[92mINFO [0m:      	                                      "'1.1383e-01', '1.0650e-01', "
[92mINFO [0m:      	                                      "'1.6020e-01', '2.0086e-01', "
[92mINFO [0m:      	                                      "'1.3297e-01', '1.6758e-01']",
[92mINFO [0m:      	        'train_loss': '7.7924e-02',
[92mINFO [0m:      	        'train_loss_mean': '1.3427e-01'}}
[92mINFO [0m:      	
[92mINFO [0m:      	Aggregated ClientApp-side Evaluate Metrics:
[92mINFO [0m:      	{ 1: { 'client-ids': "['0', '1', '2', '3', '4', '5', '6', '7']",
[92mINFO [0m:      	       'eval_acc': '1.1796e-01',
[92mINFO [0m:      	       'eval_loss': '2.2790e+00',
[92mINFO [0m:      	       'per-client-eval_acc': "['1.9575e-01', '1.4830e-01', '4.6124e-02', "
[92mINFO [0m:      	                              "'9.8908e-02', '2.8866e-02', '1.4071e-01', "
[92mINFO [0m:      	                              "'1.2841e-01', '1.5603e-01']",
[92mINFO [0m:      	       'per-client-eval_loss': "['2.2718e+00', '2.2836e+00', '2.2877e+00', "
[92mINFO [0m:      	                               "'2.2860e+00', '2.2661e+00', '2.2745e+00', "
[92mINFO [0m:      	                               "'2.2802e+00', '2.2733e+00']",
[92mINFO [0m:      	       'per-client-num-examples': "['1507', '1443', '1561', '1557', '970', "
[92mINFO [0m:      	                                  "'732', '1246', '987']"},
[92mINFO [0m:      	  2: { 'client-ids': "['0', '1', '2', '3', '4', '5', '6', '7']",
[92mINFO [0m:      	       'eval_acc': '4.8735e-01',
[92mINFO [0m:      	       'eval_loss': '1.4674e+00',
[92mINFO [0m:      	       'per-client-eval_acc': "['4.1871e-01', '4.6015e-01', '4.9520e-01', "
[92mINFO [0m:      	                              "'5.9345e-01', '4.1237e-01', '5.2186e-01', "
[92mINFO [0m:      	                              "'5.0241e-01', '4.8126e-01']",
[92mINFO [0m:      	       'per-client-eval_loss': "['1.5535e+00', '1.5411e+00', '1.4496e+00', "
[92mINFO [0m:      	                               "'1.3542e+00', '1.5074e+00', '1.4539e+00', "
[92mINFO [0m:      	                               "'1.4126e+00', '1.4753e+00']",
[92mINFO [0m:      	       'per-client-num-examples': "['1507', '1443', '1561', '1557', '970', "
[92mINFO [0m:      	                                  "'732', '1246', '987']"},
[92mINFO [0m:      	  3: { 'client-ids': "['0', '1', '2', '3', '4', '5', '6', '7']",
[92mINFO [0m:      	       'eval_acc': '5.7473e-01',
[92mINFO [0m:      	       'eval_loss': '1.1772e+00',
[92mINFO [0m:      	       'per-client-eval_acc': "['5.3019e-01', '6.0222e-01', '5.7463e-01', "
[92mINFO [0m:      	                              "'6.2235e-01', '5.3093e-01', '5.4918e-01', "
[92mINFO [0m:      	                              "'5.9470e-01', '5.6434e-01']",
[92mINFO [0m:      	       'per-client-eval_loss': "['1.2847e+00', '1.1803e+00', '1.1631e+00', "
[92mINFO [0m:      	                               "'1.1118e+00', '1.2120e+00', '1.1954e+00', "
[92mINFO [0m:      	                               "'1.1039e+00', '1.1784e+00']",
[92mINFO [0m:      	       'per-client-num-examples': "['1507', '1443', '1561', '1557', '970', "
[92mINFO [0m:      	                                  "'732', '1246', '987']"},
[92mINFO [0m:      	  4: { 'client-ids': "['0', '1', '2', '3', '4', '5', '6', '7']",
[92mINFO [0m:      	       'eval_acc': '6.3551e-01',
[92mINFO [0m:      	       'eval_loss': '1.0449e+00',
[92mINFO [0m:      	       'per-client-eval_acc': "['6.0119e-01', '6.4380e-01', '6.4254e-01', "
[92mINFO [0m:      	                              "'6.6346e-01', '6.0000e-01', '6.4071e-01', "
[92mINFO [0m:      	                              "'6.5169e-01', '6.3121e-01']",
[92mINFO [0m:      	       'per-client-eval_loss': "['1.1426e+00', '1.0657e+00', '1.0133e+00', "
[92mINFO [0m:      	                               "'9.8673e-01', '1.0805e+00', '1.0395e+00', "
[92mINFO [0m:      	                               "'9.9522e-01', '1.0387e+00']",
[92mINFO [0m:      	       'per-client-num-examples': "['1507', '1443', '1561', '1557', '970', "
[92mINFO [0m:      	                                  "'732', '1246', '987']"},
[92mINFO [0m:      	  5: { 'client-ids': "['0', '1', '2', '3', '4', '5', '6', '7']",
[92mINFO [0m:      	       'eval_acc': '6.6320e-01',
[92mINFO [0m:      	       'eval_loss': '1.0088e+00',
[92mINFO [0m:      	       'per-client-eval_acc': "['6.4499e-01', '6.7152e-01', '6.7008e-01', "
[92mINFO [0m:      	                              "'6.8272e-01', '6.2887e-01', '6.6803e-01', "
[92mINFO [0m:      	                              "'6.6693e-01', '6.6261e-01']",
[92mINFO [0m:      	       'per-client-eval_loss': "['1.0581e+00', '1.0080e+00', '9.7653e-01', "
[92mINFO [0m:      	                               "'9.9564e-01', '1.0526e+00', '1.0382e+00', "
[92mINFO [0m:      	                               "'9.7597e-01', '9.8303e-01']",
[92mINFO [0m:      	       'per-client-num-examples': "['1507', '1443', '1561', '1557', '970', "
[92mINFO [0m:      	                                  "'732', '1246', '987']"},
[92mINFO [0m:      	  6: { 'client-ids': "['0', '1', '2', '3', '4', '5', '6', '7']",
[92mINFO [0m:      	       'eval_acc': '6.8150e-01',
[92mINFO [0m:      	       'eval_loss': '1.0051e+00',
[92mINFO [0m:      	       'per-client-eval_acc': "['6.6357e-01', '6.9023e-01', '6.8546e-01', "
[92mINFO [0m:      	                              "'7.0328e-01', '6.3814e-01', '6.7896e-01', "
[92mINFO [0m:      	                              "'6.9904e-01', '6.7781e-01']",
[92mINFO [0m:      	       'per-client-eval_loss': "['1.0760e+00', '1.0032e+00', '9.8052e-01', "
[92mINFO [0m:      	                               "'9.6773e-01', '1.0540e+00', '1.0529e+00', "
[92mINFO [0m:      	                               "'9.4163e-01', '9.9389e-01']",
[92mINFO [0m:      	       'per-client-num-examples': "['1507', '1443', '1561', '1557', '970', "
[92mINFO [0m:      	                                  "'732', '1246', '987']"},
[92mINFO [0m:      	  7: { 'client-ids': "['0', '1', '2', '3', '4', '5', '6', '7']",
[92mINFO [0m:      	       'eval_acc': '6.8220e-01',
[92mINFO [0m:      	       'eval_loss': '1.0668e+00',
[92mINFO [0m:      	       'per-client-eval_acc': "['6.6821e-01', '7.0478e-01', '6.7265e-01', "
[92mINFO [0m:      	                              "'6.9493e-01', '6.2474e-01', '7.0355e-01', "
[92mINFO [0m:      	                              "'7.0064e-01', '6.8288e-01']",
[92mINFO [0m:      	       'per-client-eval_loss': "['1.1133e+00', '1.0203e+00', '1.0850e+00', "
[92mINFO [0m:      	                               "'1.0600e+00', '1.1873e+00', '1.0847e+00', "
[92mINFO [0m:      	                               "'9.6595e-01', '1.0417e+00']",
[92mINFO [0m:      	       'per-client-num-examples': "['1507', '1443', '1561', '1557', '970', "
[92mINFO [0m:      	                                  "'732', '1246', '987']"},
[92mINFO [0m:      	  8: { 'client-ids': "['0', '1', '2', '3', '4', '5', '6', '7']",
[92mINFO [0m:      	       'eval_acc': '6.8719e-01',
[92mINFO [0m:      	       'eval_loss': '1.1463e+00',
[92mINFO [0m:      	       'per-client-eval_acc': "['6.5030e-01', '6.9924e-01', '6.9443e-01', "
[92mINFO [0m:      	                              "'7.2383e-01', '6.4227e-01', '6.8989e-01', "
[92mINFO [0m:      	                              "'7.0225e-01', '6.7984e-01']",
[92mINFO [0m:      	       'per-client-eval_loss': "['1.2651e+00', '1.1313e+00', '1.1182e+00', "
[92mINFO [0m:      	                               "'1.0843e+00', '1.2372e+00', '1.1677e+00', "
[92mINFO [0m:      	                               "'1.0302e+00', '1.1704e+00']",
[92mINFO [0m:      	       'per-client-num-examples': "['1507', '1443', '1561', '1557', '970', "
[92mINFO [0m:      	                                  "'732', '1246', '987']"},
[92mINFO [0m:      	  9: { 'client-ids': "['0', '1', '2', '3', '4', '5', '6', '7']",
[92mINFO [0m:      	       'eval_acc': '6.8509e-01',
[92mINFO [0m:      	       'eval_loss': '1.1781e+00',
[92mINFO [0m:      	       'per-client-eval_acc': "['6.7352e-01', '7.1102e-01', '6.8610e-01', "
[92mINFO [0m:      	                              "'7.0649e-01', '6.2474e-01', '6.7486e-01', "
[92mINFO [0m:      	                              "'6.9663e-01', '6.8186e-01']",
[92mINFO [0m:      	       'per-client-eval_loss': "['1.2306e+00', '1.1126e+00', '1.1911e+00', "
[92mINFO [0m:      	                               "'1.1194e+00', '1.3262e+00', '1.2211e+00', "
[92mINFO [0m:      	                               "'1.1110e+00', '1.1735e+00']",
[92mINFO [0m:      	       'per-client-num-examples': "['1507', '1443', '1561', '1557', '970', "
[92mINFO [0m:      	                                  "'732', '1246', '987']"},
[92mINFO [0m:      	  10: { 'client-ids': "['0', '1', '2', '3', '4', '5', '6', '7']",
[92mINFO [0m:      	        'eval_acc': '6.9059e-01',
[92mINFO [0m:      	        'eval_loss': '1.2062e+00',
[92mINFO [0m:      	        'per-client-eval_acc': "['6.7419e-01', '7.0617e-01', '6.9507e-01', "
[92mINFO [0m:      	                               "'7.1291e-01', '6.3918e-01', '6.8852e-01', "
[92mINFO [0m:      	                               "'7.0626e-01', '6.8288e-01']",
[92mINFO [0m:      	        'per-client-eval_loss': "['1.2992e+00', '1.1438e+00', '1.2006e+00', "
[92mINFO [0m:      	                                "'1.1485e+00', '1.3224e+00', '1.2660e+00', "
[92mINFO [0m:      	                                "'1.1072e+00', '1.2215e+00']",
[92mINFO [0m:      	        'per-client-num-examples': "['1507', '1443', '1561', '1557', '970', "
[92mINFO [0m:      	                                   "'732', '1246', '987']"},
[92mINFO [0m:      	  11: { 'client-ids': "['0', '1', '2', '3', '4', '5', '6', '7']",
[92mINFO [0m:      	        'eval_acc': '6.9749e-01',
[92mINFO [0m:      	        'eval_loss': '1.2530e+00',
[92mINFO [0m:      	        'per-client-eval_acc': "['6.7021e-01', '7.1933e-01', '6.9763e-01', "
[92mINFO [0m:      	                               "'7.3154e-01', '6.5567e-01', '6.8033e-01', "
[92mINFO [0m:      	                               "'7.1027e-01', '6.9098e-01']",
[92mINFO [0m:      	        'per-client-eval_loss': "['1.3622e+00', '1.2324e+00', '1.2356e+00', "
[92mINFO [0m:      	                                "'1.1386e+00', '1.4003e+00', '1.3442e+00', "
[92mINFO [0m:      	                                "'1.1744e+00', '1.2112e+00']",
[92mINFO [0m:      	        'per-client-num-examples': "['1507', '1443', '1561', '1557', '970', "
[92mINFO [0m:      	                                   "'732', '1246', '987']"},
[92mINFO [0m:      	  12: { 'client-ids': "['0', '1', '2', '3', '4', '5', '6', '7']",
[92mINFO [0m:      	        'eval_acc': '6.9049e-01',
[92mINFO [0m:      	        'eval_loss': '1.2947e+00',
[92mINFO [0m:      	        'per-client-eval_acc': "['6.7551e-01', '7.1379e-01', '6.8097e-01', "
[92mINFO [0m:      	                               "'7.1869e-01', '6.3299e-01', '6.9399e-01', "
[92mINFO [0m:      	                               "'6.9583e-01', '6.9706e-01']",
[92mINFO [0m:      	        'per-client-eval_loss': "['1.3541e+00', '1.2142e+00', '1.3170e+00', "
[92mINFO [0m:      	                                "'1.1967e+00', '1.5050e+00', '1.3384e+00', "
[92mINFO [0m:      	                                "'1.2381e+00', '1.2734e+00']",
[92mINFO [0m:      	        'per-client-num-examples': "['1507', '1443', '1561', '1557', '970', "
[92mINFO [0m:      	                                   "'732', '1246', '987']"},
[92mINFO [0m:      	  13: { 'client-ids': "['0', '1', '2', '3', '4', '5', '6', '7']",
[92mINFO [0m:      	        'eval_acc': '6.9359e-01',
[92mINFO [0m:      	        'eval_loss': '1.3259e+00',
[92mINFO [0m:      	        'per-client-eval_acc': "['6.6556e-01', '7.1864e-01', '7.0532e-01', "
[92mINFO [0m:      	                               "'7.1933e-01', '6.6289e-01', '6.7077e-01', "
[92mINFO [0m:      	                               "'7.0225e-01', '6.7680e-01']",
[92mINFO [0m:      	        'per-client-eval_loss': "['1.4500e+00', '1.2406e+00', '1.2968e+00', "
[92mINFO [0m:      	                                "'1.2397e+00', '1.4061e+00', '1.4647e+00', "
[92mINFO [0m:      	                                "'1.2505e+00', '1.3562e+00']",
[92mINFO [0m:      	        'per-client-num-examples': "['1507', '1443', '1561', '1557', '970', "
[92mINFO [0m:      	                                   "'732', '1246', '987']"},
[92mINFO [0m:      	  14: { 'client-ids': "['0', '1', '2', '3', '4', '5', '6', '7']",
[92mINFO [0m:      	        'eval_acc': '6.9679e-01',
[92mINFO [0m:      	        'eval_loss': '1.3458e+00',
[92mINFO [0m:      	        'per-client-eval_acc': "['6.7087e-01', '7.1240e-01', '7.0724e-01', "
[92mINFO [0m:      	                               "'7.2897e-01', '6.7423e-01', '6.7760e-01', "
[92mINFO [0m:      	                               "'7.0064e-01', '6.7781e-01']",
[92mINFO [0m:      	        'per-client-eval_loss': "['1.4992e+00', '1.2912e+00', '1.3181e+00', "
[92mINFO [0m:      	                                "'1.2308e+00', '1.3717e+00', '1.4503e+00', "
[92mINFO [0m:      	                                "'1.2714e+00', '1.4077e+00']",
[92mINFO [0m:      	        'per-client-num-examples': "['1507', '1443', '1561', '1557', '970', "
[92mINFO [0m:      	                                   "'732', '1246', '987']"},
[92mINFO [0m:      	  15: { 'client-ids': "['0', '1', '2', '3', '4', '5', '6', '7']",
[92mINFO [0m:      	        'eval_acc': '6.9469e-01',
[92mINFO [0m:      	        'eval_loss': '1.3781e+00',
[92mINFO [0m:      	        'per-client-eval_acc': "['6.7021e-01', '7.2003e-01', '7.0019e-01', "
[92mINFO [0m:      	                               "'7.2704e-01', '6.5258e-01', '6.7896e-01', "
[92mINFO [0m:      	                               "'6.9743e-01', '6.8490e-01']",
[92mINFO [0m:      	        'per-client-eval_loss': "['1.5071e+00', '1.2760e+00', '1.3790e+00', "
[92mINFO [0m:      	                                "'1.2704e+00', '1.4972e+00', '1.5235e+00', "
[92mINFO [0m:      	                                "'1.2942e+00', '1.3804e+00']",
[92mINFO [0m:      	        'per-client-num-examples': "['1507', '1443', '1561', '1557', '970', "
[92mINFO [0m:      	                                   "'732', '1246', '987']"},
[92mINFO [0m:      	  16: { 'client-ids': "['0', '1', '2', '3', '4', '5', '6', '7']",
[92mINFO [0m:      	        'eval_acc': '6.9519e-01',
[92mINFO [0m:      	        'eval_loss': '1.4530e+00',
[92mINFO [0m:      	        'per-client-eval_acc': "['6.7153e-01', '7.1656e-01', '7.0019e-01', "
[92mINFO [0m:      	                               "'7.2062e-01', '6.6495e-01', '6.8579e-01', "
[92mINFO [0m:      	                               "'6.9663e-01', '6.8693e-01']",
[92mINFO [0m:      	        'per-client-eval_loss': "['1.5774e+00', '1.3495e+00', '1.4520e+00', "
[92mINFO [0m:      	                                "'1.3621e+00', '1.5434e+00', '1.5447e+00', "
[92mINFO [0m:      	                                "'1.3915e+00', '1.4799e+00']",
[92mINFO [0m:      	        'per-client-num-examples': "['1507', '1443', '1561', '1557', '970', "
[92mINFO [0m:      	                                   "'732', '1246', '987']"},
[92mINFO [0m:      	  17: { 'client-ids': "['0', '1', '2', '3', '4', '5', '6', '7']",
[92mINFO [0m:      	        'eval_acc': '6.8979e-01',
[92mINFO [0m:      	        'eval_loss': '1.4619e+00',
[92mINFO [0m:      	        'per-client-eval_acc': "['6.7153e-01', '7.0547e-01', '6.9571e-01', "
[92mINFO [0m:      	                               "'7.1612e-01', '6.5361e-01', '6.7077e-01', "
[92mINFO [0m:      	                               "'6.9743e-01', '6.8389e-01']",
[92mINFO [0m:      	        'per-client-eval_loss': "['1.5897e+00', '1.3529e+00', '1.4357e+00', "
[92mINFO [0m:      	                                "'1.3538e+00', '1.5808e+00', '1.5981e+00', "
[92mINFO [0m:      	                                "'1.4155e+00', '1.4785e+00']",
[92mINFO [0m:      	        'per-client-num-examples': "['1507', '1443', '1561', '1557', '970', "
[92mINFO [0m:      	                                   "'732', '1246', '987']"},
[92mINFO [0m:      	  18: { 'client-ids': "['0', '1', '2', '3', '4', '5', '6', '7']",
[92mINFO [0m:      	        'eval_acc': '6.8709e-01',
[92mINFO [0m:      	        'eval_loss': '1.4446e+00',
[92mINFO [0m:      	        'per-client-eval_acc': "['6.6291e-01', '7.0132e-01', '7.0852e-01', "
[92mINFO [0m:      	                               "'7.1098e-01', '6.5155e-01', '6.6803e-01', "
[92mINFO [0m:      	                               "'6.8299e-01', '6.8592e-01']",
[92mINFO [0m:      	        'per-client-eval_loss': "['1.5777e+00', '1.3618e+00', '1.3931e+00', "
[92mINFO [0m:      	                                "'1.3640e+00', '1.5330e+00', '1.6105e+00', "
[92mINFO [0m:      	                                "'1.3994e+00', '1.4187e+00']",
[92mINFO [0m:      	        'per-client-num-examples': "['1507', '1443', '1561', '1557', '970', "
[92mINFO [0m:      	                                   "'732', '1246', '987']"},
[92mINFO [0m:      	  19: { 'client-ids': "['0', '1', '2', '3', '4', '5', '6', '7']",
[92mINFO [0m:      	        'eval_acc': '6.8499e-01',
[92mINFO [0m:      	        'eval_loss': '1.5003e+00',
[92mINFO [0m:      	        'per-client-eval_acc': "['6.5362e-01', '7.1171e-01', '6.9379e-01', "
[92mINFO [0m:      	                               "'7.0584e-01', '6.5567e-01', '6.6940e-01', "
[92mINFO [0m:      	                               "'6.9101e-01', '6.7984e-01']",
[92mINFO [0m:      	        'per-client-eval_loss': "['1.6331e+00', '1.3668e+00', '1.4704e+00', "
[92mINFO [0m:      	                                "'1.4123e+00', '1.5960e+00', '1.6493e+00', "
[92mINFO [0m:      	                                "'1.4514e+00', '1.5367e+00']",
[92mINFO [0m:      	        'per-client-num-examples': "['1507', '1443', '1561', '1557', '970', "
[92mINFO [0m:      	                                   "'732', '1246', '987']"},
[92mINFO [0m:      	  20: { 'client-ids': "['0', '1', '2', '3', '4', '5', '6', '7']",
[92mINFO [0m:      	        'eval_acc': '6.9229e-01',
[92mINFO [0m:      	        'eval_loss': '1.5227e+00',
[92mINFO [0m:      	        'per-client-eval_acc': "['6.6224e-01', '7.1933e-01', '6.9250e-01', "
[92mINFO [0m:      	                               "'7.0906e-01', '6.6289e-01', '6.8169e-01', "
[92mINFO [0m:      	                               "'7.0305e-01', '6.9504e-01']",
[92mINFO [0m:      	        'per-client-eval_loss': "['1.6727e+00', '1.4165e+00', '1.5325e+00', "
[92mINFO [0m:      	                                "'1.4321e+00', '1.6423e+00', '1.6482e+00', "
[92mINFO [0m:      	                                "'1.4133e+00', '1.5035e+00']",
[92mINFO [0m:      	        'per-client-num-examples': "['1507', '1443', '1561', '1557', '970', "
[92mINFO [0m:      	                                   "'732', '1246', '987']"}}
[92mINFO [0m:      	
[92mINFO [0m:      	ServerApp-side Evaluate Metrics:
[92mINFO [0m:      	{ 0: { 'accuracy': '1.0000e-01',
[92mINFO [0m:      	       'auc': '5.0091e-01',
[92mINFO [0m:      	       'diverged': '0.0000e+00',
[92mINFO [0m:      	       'f1': '1.8182e-02',
[92mINFO [0m:      	       'loss': '2.3041e+00',
[92mINFO [0m:      	       'precision': '1.0000e-02'},
[92mINFO [0m:      	  1: { 'accuracy': '1.1860e-01',
[92mINFO [0m:      	       'auc': '5.9637e-01',
[92mINFO [0m:      	       'diverged': '0.0000e+00',
[92mINFO [0m:      	       'f1': '4.4052e-02',
[92mINFO [0m:      	       'loss': '2.2787e+00',
[92mINFO [0m:      	       'precision': '2.7630e-02'},
[92mINFO [0m:      	  2: { 'accuracy': '4.8420e-01',
[92mINFO [0m:      	       'auc': '8.8678e-01',
[92mINFO [0m:      	       'diverged': '0.0000e+00',
[92mINFO [0m:      	       'f1': '4.6301e-01',
[92mINFO [0m:      	       'loss': '1.4559e+00',
[92mINFO [0m:      	       'precision': '4.9681e-01'},
[92mINFO [0m:      	  3: { 'accuracy': '5.6980e-01',
[92mINFO [0m:      	       'auc': '9.2393e-01',
[92mINFO [0m:      	       'diverged': '0.0000e+00',
[92mINFO [0m:      	       'f1': '5.6136e-01',
[92mINFO [0m:      	       'loss': '1.1616e+00',
[92mINFO [0m:      	       'precision': '5.7097e-01'},
[92mINFO [0m:      	  4: { 'accuracy': '6.3400e-01',
[92mINFO [0m:      	       'auc': '9.4231e-01',
[92mINFO [0m:      	       'diverged': '0.0000e+00',
[92mINFO [0m:      	       'f1': '6.3423e-01',
[92mINFO [0m:      	       'loss': '1.0168e+00',
[92mINFO [0m:      	       'precision': '6.3855e-01'},
[92mINFO [0m:      	  5: { 'accuracy': '6.7300e-01',
[92mINFO [0m:      	       'auc': '9.5043e-01',
[92mINFO [0m:      	       'diverged': '0.0000e+00',
[92mINFO [0m:      	       'f1': '6.7568e-01',
[92mINFO [0m:      	       'loss': '9.6284e-01',
[92mINFO [0m:      	       'precision': '6.7994e-01'},
[92mINFO [0m:      	  6: { 'accuracy': '6.9000e-01',
[92mINFO [0m:      	       'auc': '9.5536e-01',
[92mINFO [0m:      	       'diverged': '0.0000e+00',
[92mINFO [0m:      	       'f1': '6.9162e-01',
[92mINFO [0m:      	       'loss': '9.5352e-01',
[92mINFO [0m:      	       'precision': '6.9416e-01'},
[92mINFO [0m:      	  7: { 'accuracy': '6.9020e-01',
[92mINFO [0m:      	       'auc': '9.5400e-01',
[92mINFO [0m:      	       'diverged': '0.0000e+00',
[92mINFO [0m:      	       'f1': '6.9099e-01',
[92mINFO [0m:      	       'loss': '1.0165e+00',
[92mINFO [0m:      	       'precision': '6.9850e-01'},
[92mINFO [0m:      	  8: { 'accuracy': '6.9860e-01',
[92mINFO [0m:      	       'auc': '9.5484e-01',
[92mINFO [0m:      	       'diverged': '0.0000e+00',
[92mINFO [0m:      	       'f1': '6.9895e-01',
[92mINFO [0m:      	       'loss': '1.0935e+00',
[92mINFO [0m:      	       'precision': '7.0479e-01'},
[92mINFO [0m:      	  9: { 'accuracy': '6.9340e-01',
[92mINFO [0m:      	       'auc': '9.5390e-01',
[92mINFO [0m:      	       'diverged': '0.0000e+00',
[92mINFO [0m:      	       'f1': '6.9284e-01',
[92mINFO [0m:      	       'loss': '1.1294e+00',
[92mINFO [0m:      	       'precision': '6.9773e-01'},
[92mINFO [0m:      	  10: { 'accuracy': '6.9540e-01',
[92mINFO [0m:      	        'auc': '9.5489e-01',
[92mINFO [0m:      	        'diverged': '0.0000e+00',
[92mINFO [0m:      	        'f1': '6.9490e-01',
[92mINFO [0m:      	        'loss': '1.1511e+00',
[92mINFO [0m:      	        'precision': '6.9931e-01'},
[92mINFO [0m:      	  11: { 'accuracy': '7.0340e-01',
[92mINFO [0m:      	        'auc': '9.5602e-01',
[92mINFO [0m:      	        'diverged': '0.0000e+00',
[92mINFO [0m:      	        'f1': '7.0228e-01',
[92mINFO [0m:      	        'loss': '1.1818e+00',
[92mINFO [0m:      	        'precision': '7.0278e-01'},
[92mINFO [0m:      	  12: { 'accuracy': '6.9940e-01',
[92mINFO [0m:      	        'auc': '9.5433e-01',
[92mINFO [0m:      	        'diverged': '0.0000e+00',
[92mINFO [0m:      	        'f1': '6.9845e-01',
[92mINFO [0m:      	        'loss': '1.2229e+00',
[92mINFO [0m:      	        'precision': '7.0159e-01'},
[92mINFO [0m:      	  13: { 'accuracy': '6.9880e-01',
[92mINFO [0m:      	        'auc': '9.5454e-01',
[92mINFO [0m:      	        'diverged': '0.0000e+00',
[92mINFO [0m:      	        'f1': '6.9855e-01',
[92mINFO [0m:      	        'loss': '1.2438e+00',
[92mINFO [0m:      	        'precision': '7.0158e-01'},
[92mINFO [0m:      	  14: { 'accuracy': '7.0180e-01',
[92mINFO [0m:      	        'auc': '9.5483e-01',
[92mINFO [0m:      	        'diverged': '0.0000e+00',
[92mINFO [0m:      	        'f1': '7.0232e-01',
[92mINFO [0m:      	        'loss': '1.2671e+00',
[92mINFO [0m:      	        'precision': '7.0524e-01'},
[92mINFO [0m:      	  15: { 'accuracy': '7.0180e-01',
[92mINFO [0m:      	        'auc': '9.5324e-01',
[92mINFO [0m:      	        'diverged': '0.0000e+00',
[92mINFO [0m:      	        'f1': '6.9969e-01',
[92mINFO [0m:      	        'loss': '1.3098e+00',
[92mINFO [0m:      	        'precision': '7.0069e-01'},
[92mINFO [0m:      	  16: { 'accuracy': '6.9180e-01',
[92mINFO [0m:      	        'auc': '9.5316e-01',
[92mINFO [0m:      	        'diverged': '0.0000e+00',
[92mINFO [0m:      	        'f1': '6.9245e-01',
[92mINFO [0m:      	        'loss': '1.3833e+00',
[92mINFO [0m:      	        'precision': '6.9632e-01'},
[92mINFO [0m:      	  17: { 'accuracy': '6.9600e-01',
[92mINFO [0m:      	        'auc': '9.5238e-01',
[92mINFO [0m:      	        'diverged': '0.0000e+00',
[92mINFO [0m:      	        'f1': '6.9616e-01',
[92mINFO [0m:      	        'loss': '1.3773e+00',
[92mINFO [0m:      	        'precision': '6.9815e-01'},
[92mINFO [0m:      	  18: { 'accuracy': '6.9660e-01',
[92mINFO [0m:      	        'auc': '9.5308e-01',
[92mINFO [0m:      	        'diverged': '0.0000e+00',
[92mINFO [0m:      	        'f1': '6.9680e-01',
[92mINFO [0m:      	        'loss': '1.3512e+00',
[92mINFO [0m:      	        'precision': '6.9853e-01'},
[92mINFO [0m:      	  19: { 'accuracy': '6.8780e-01',
[92mINFO [0m:      	        'auc': '9.5160e-01',
[92mINFO [0m:      	        'diverged': '0.0000e+00',
[92mINFO [0m:      	        'f1': '6.8752e-01',
[92mINFO [0m:      	        'loss': '1.4135e+00',
[92mINFO [0m:      	        'precision': '6.9010e-01'},
[92mINFO [0m:      	  20: { 'accuracy': '6.9400e-01',
[92mINFO [0m:      	        'auc': '9.5220e-01',
[92mINFO [0m:      	        'diverged': '0.0000e+00',
[92mINFO [0m:      	        'f1': '6.9336e-01',
[92mINFO [0m:      	        'loss': '1.4439e+00',
[92mINFO [0m:      	        'precision': '6.9581e-01'}}
[92mINFO [0m:      
[36m(ClientAppActor pid=2678)[0m Using the latest cached version of the dataset since uoft-cs/cifar10 couldn't be found on the Hugging Face Hub (offline mode is enabled).[32m [repeated 7x across cluster] (Ray deduplicates logs by default. Set RAY_DEDUP_LOGS=0 to disable log deduplication, or see https://docs.ray.io/en/master/ray-observability/user-guides/configure-logging.html#log-deduplication for more options.)[0m
[36m(ClientAppActor pid=2678)[0m Found the latest cached dataset configuration 'plain_text' at /root/.cache/huggingface/datasets/uoft-cs___cifar10/plain_text/0.0.0/0b2714987fa478483af9968de7c934580d0bb9a2 (last modified on Thu Aug 20 11:04:24 2026).[32m [repeated 7x across cluster][0m
Round 1 checkpoint written to /content/metricdp-pytorch/results/dirichlet/cifar10/8_clients/alpha-1p5__vanilla__in-remove-out-remove__seeds-42__noise-0p004/cifar10-in-remove__dirichlet__alpha-1p5__vanilla__fedavg__clients-8__seed-42__nm0p032__clip5__rounds-20__epochs-5__cifar10_dirichlet__cifar10_cnn.round-1.pt
Round 2 checkpoint written to /content/metricdp-pytorch/results/dirichlet/cifar10/8_clients/alpha-1p5__vanilla__in-remove-out-remove__seeds-42__noise-0p004/cifar10-in-remove__dirichlet__alpha-1p5__vanilla__fedavg__clients-8__seed-42__nm0p032__clip5__rounds-20__epochs-5__cifar10_dirichlet__cifar10_cnn.round-2.pt
Round 3 checkpoint written to /content/metricdp-pytorch/results/dirichlet/cifar10/8_clients/alpha-1p5__vanilla__in-remove-out-remove__seeds-42__noise-0p004/cifar10-in-remove__dirichlet__alpha-1p5__vanilla__fedavg__clients-8__seed-42__nm0p032__clip5__rounds-20__epochs-5__cifar10_dirichlet__cifar10_cnn.round-3.pt
Round 4 checkpoint written to /content/metricdp-pytorch/results/dirichlet/cifar10/8_clients/alpha-1p5__vanilla__in-remove-out-remove__seeds-42__noise-0p004/cifar10-in-remove__dirichlet__alpha-1p5__vanilla__fedavg__clients-8__seed-42__nm0p032__clip5__rounds-20__epochs-5__cifar10_dirichlet__cifar10_cnn.round-4.pt
Round 5 checkpoint written to /content/metricdp-pytorch/results/dirichlet/cifar10/8_clients/alpha-1p5__vanilla__in-remove-out-remove__seeds-42__noise-0p004/cifar10-in-remove__dirichlet__alpha-1p5__vanilla__fedavg__clients-8__seed-42__nm0p032__clip5__rounds-20__epochs-5__cifar10_dirichlet__cifar10_cnn.round-5.pt
Round 6 checkpoint written to /content/metricdp-pytorch/results/dirichlet/cifar10/8_clients/alpha-1p5__vanilla__in-remove-out-remove__seeds-42__noise-0p004/cifar10-in-remove__dirichlet__alpha-1p5__vanilla__fedavg__clients-8__seed-42__nm0p032__clip5__rounds-20__epochs-5__cifar10_dirichlet__cifar10_cnn.round-6.pt
Round 7 checkpoint written to /content/metricdp-pytorch/results/dirichlet/cifar10/8_clients/alpha-1p5__vanilla__in-remove-out-remove__seeds-42__noise-0p004/cifar10-in-remove__dirichlet__alpha-1p5__vanilla__fedavg__clients-8__seed-42__nm0p032__clip5__rounds-20__epochs-5__cifar10_dirichlet__cifar10_cnn.round-7.pt
Round 8 checkpoint written to /content/metricdp-pytorch/results/dirichlet/cifar10/8_clients/alpha-1p5__vanilla__in-remove-out-remove__seeds-42__noise-0p004/cifar10-in-remove__dirichlet__alpha-1p5__vanilla__fedavg__clients-8__seed-42__nm0p032__clip5__rounds-20__epochs-5__cifar10_dirichlet__cifar10_cnn.round-8.pt
Round 9 checkpoint written to /content/metricdp-pytorch/results/dirichlet/cifar10/8_clients/alpha-1p5__vanilla__in-remove-out-remove__seeds-42__noise-0p004/cifar10-in-remove__dirichlet__alpha-1p5__vanilla__fedavg__clients-8__seed-42__nm0p032__clip5__rounds-20__epochs-5__cifar10_dirichlet__cifar10_cnn.round-9.pt
Round 10 checkpoint written to /content/metricdp-pytorch/results/dirichlet/cifar10/8_clients/alpha-1p5__vanilla__in-remove-out-remove__seeds-42__noise-0p004/cifar10-in-remove__dirichlet__alpha-1p5__vanilla__fedavg__clients-8__seed-42__nm0p032__clip5__rounds-20__epochs-5__cifar10_dirichlet__cifar10_cnn.round-10.pt
Round 11 checkpoint written to /content/metricdp-pytorch/results/dirichlet/cifar10/8_clients/alpha-1p5__vanilla__in-remove-out-remove__seeds-42__noise-0p004/cifar10-in-remove__dirichlet__alpha-1p5__vanilla__fedavg__clients-8__seed-42__nm0p032__clip5__rounds-20__epochs-5__cifar10_dirichlet__cifar10_cnn.round-11.pt
Round 12 checkpoint written to /content/metricdp-pytorch/results/dirichlet/cifar10/8_clients/alpha-1p5__vanilla__in-remove-out-remove__seeds-42__noise-0p004/cifar10-in-remove__dirichlet__alpha-1p5__vanilla__fedavg__clients-8__seed-42__nm0p032__clip5__rounds-20__epochs-5__cifar10_dirichlet__cifar10_cnn.round-12.pt
Round 13 checkpoint written to /content/metricdp-pytorch/results/dirichlet/cifar10/8_clients/alpha-1p5__vanilla__in-remove-out-remove__seeds-42__noise-0p004/cifar10-in-remove__dirichlet__alpha-1p5__vanilla__fedavg__clients-8__seed-42__nm0p032__clip5__rounds-20__epochs-5__cifar10_dirichlet__cifar10_cnn.round-13.pt
Round 14 checkpoint written to /content/metricdp-pytorch/results/dirichlet/cifar10/8_clients/alpha-1p5__vanilla__in-remove-out-remove__seeds-42__noise-0p004/cifar10-in-remove__dirichlet__alpha-1p5__vanilla__fedavg__clients-8__seed-42__nm0p032__clip5__rounds-20__epochs-5__cifar10_dirichlet__cifar10_cnn.round-14.pt
Round 15 checkpoint written to /content/metricdp-pytorch/results/dirichlet/cifar10/8_clients/alpha-1p5__vanilla__in-remove-out-remove__seeds-42__noise-0p004/cifar10-in-remove__dirichlet__alpha-1p5__vanilla__fedavg__clients-8__seed-42__nm0p032__clip5__rounds-20__epochs-5__cifar10_dirichlet__cifar10_cnn.round-15.pt
Round 16 checkpoint written to /content/metricdp-pytorch/results/dirichlet/cifar10/8_clients/alpha-1p5__vanilla__in-remove-out-remove__seeds-42__noise-0p004/cifar10-in-remove__dirichlet__alpha-1p5__vanilla__fedavg__clients-8__seed-42__nm0p032__clip5__rounds-20__epochs-5__cifar10_dirichlet__cifar10_cnn.round-16.pt
Round 17 checkpoint written to /content/metricdp-pytorch/results/dirichlet/cifar10/8_clients/alpha-1p5__vanilla__in-remove-out-remove__seeds-42__noise-0p004/cifar10-in-remove__dirichlet__alpha-1p5__vanilla__fedavg__clients-8__seed-42__nm0p032__clip5__rounds-20__epochs-5__cifar10_dirichlet__cifar10_cnn.round-17.pt
Round 18 checkpoint written to /content/metricdp-pytorch/results/dirichlet/cifar10/8_clients/alpha-1p5__vanilla__in-remove-out-remove__seeds-42__noise-0p004/cifar10-in-remove__dirichlet__alpha-1p5__vanilla__fedavg__clients-8__seed-42__nm0p032__clip5__rounds-20__epochs-5__cifar10_dirichlet__cifar10_cnn.round-18.pt
Round 19 checkpoint written to /content/metricdp-pytorch/results/dirichlet/cifar10/8_clients/alpha-1p5__vanilla__in-remove-out-remove__seeds-42__noise-0p004/cifar10-in-remove__dirichlet__alpha-1p5__vanilla__fedavg__clients-8__seed-42__nm0p032__clip5__rounds-20__epochs-5__cifar10_dirichlet__cifar10_cnn.round-19.pt
Round 20 checkpoint written to /content/metricdp-pytorch/results/dirichlet/cifar10/8_clients/alpha-1p5__vanilla__in-remove-out-remove__seeds-42__noise-0p004/cifar10-in-remove__dirichlet__alpha-1p5__vanilla__fedavg__clients-8__seed-42__nm0p032__clip5__rounds-20__epochs-5__cifar10_dirichlet__cifar10_cnn.round-20.pt
Experiment result written to /content/metricdp-pytorch/results/dirichlet/cifar10/8_clients/alpha-1p5__vanilla__in-remove-out-remove__seeds-42__noise-0p004/cifar10-in-remove__dirichlet__alpha-1p5__vanilla__fedavg__clients-8__seed-42__nm0p032__clip5__rounds-20__epochs-5__cifar10_dirichlet__cifar10_cnn.json
Detailed evaluation written to /content/metricdp-pytorch/results/dirichlet/cifar10/8_clients/alpha-1p5__vanilla__in-remove-out-remove__seeds-42__noise-0p004/cifar10-in-remove__dirichlet__alpha-1p5__vanilla__fedavg__clients-8__seed-42__nm0p032__clip5__rounds-20__epochs-5__cifar10_dirichlet__cifar10_cnn.evaluation.json and /content/metricdp-pytorch/results/dirichlet/cifar10/8_clients/alpha-1p5__vanilla__in-remove-out-remove__seeds-42__noise-0p004/cifar10-in-remove__dirichlet__alpha-1p5__vanilla__fedavg__clients-8__seed-42__nm0p032__clip5__rounds-20__epochs-5__cifar10_dirichlet__cifar10_cnn.predictions.npz
Result: /content/metricdp-pytorch/results/dirichlet/cifar10/8_clients/alpha-1p5__vanilla__in-remove-out-remove__seeds-42__noise-0p004/cifar10-in-remove__dirichlet__alpha-1p5__vanilla__fedavg__clients-8__seed-42__nm0p032__clip5__rounds-20__epochs-5__cifar10_dirichlet__cifar10_cnn.json
Final server metrics: {'loss': 1.4439365087032319, 'accuracy': 0.694, 'f1': 0.6933583926257075, 'precision': 0.6958090366336209, 'auc': 0.9522049777777779, 'diverged': 0.0}
2026-08-20 11:14:16 DONE  cifar10-in-remove__dirichlet__alpha-1p5__vanilla__fedavg__clients-8__seed-42__nm0p032__clip5__rounds-20__epochs-5__cifar10_dirichlet__cifar10_cnn (611.9s)
Warning: You are sending unauthenticated requests to the HF Hub. Please set a HF_TOKEN to enable higher rate limits and faster downloads.
2026-08-20 11:14:28 EVALUATED cifar10-in-remove__dirichlet__alpha-1p5__vanilla__fedavg__clients-8__seed-42__nm0p032__clip5__rounds-20__epochs-5__cifar10_dirichlet__cifar10_cnn round=1 (checkpoint deleted)
2026-08-20 11:14:37 EVALUATED cifar10-in-remove__dirichlet__alpha-1p5__vanilla__fedavg__clients-8__seed-42__nm0p032__clip5__rounds-20__epochs-5__cifar10_dirichlet__cifar10_cnn round=2 (checkpoint deleted)
2026-08-20 11:14:45 EVALUATED cifar10-in-remove__dirichlet__alpha-1p5__vanilla__fedavg__clients-8__seed-42__nm0p032__clip5__rounds-20__epochs-5__cifar10_dirichlet__cifar10_cnn round=3 (checkpoint deleted)
2026-08-20 11:14:53 EVALUATED cifar10-in-remove__dirichlet__alpha-1p5__vanilla__fedavg__clients-8__seed-42__nm0p032__clip5__rounds-20__epochs-5__cifar10_dirichlet__cifar10_cnn round=4 (checkpoint deleted)
2026-08-20 11:15:01 EVALUATED cifar10-in-remove__dirichlet__alpha-1p5__vanilla__fedavg__clients-8__seed-42__nm0p032__clip5__rounds-20__epochs-5__cifar10_dirichlet__cifar10_cnn round=5 (checkpoint deleted)
2026-08-20 11:15:10 EVALUATED cifar10-in-remove__dirichlet__alpha-1p5__vanilla__fedavg__clients-8__seed-42__nm0p032__clip5__rounds-20__epochs-5__cifar10_dirichlet__cifar10_cnn round=6 (checkpoint deleted)
2026-08-20 11:15:18 EVALUATED cifar10-in-remove__dirichlet__alpha-1p5__vanilla__fedavg__clients-8__seed-42__nm0p032__clip5__rounds-20__epochs-5__cifar10_dirichlet__cifar10_cnn round=7 (checkpoint deleted)
2026-08-20 11:15:26 EVALUATED cifar10-in-remove__dirichlet__alpha-1p5__vanilla__fedavg__clients-8__seed-42__nm0p032__clip5__rounds-20__epochs-5__cifar10_dirichlet__cifar10_cnn round=8 (checkpoint deleted)
2026-08-20 11:15:35 EVALUATED cifar10-in-remove__dirichlet__alpha-1p5__vanilla__fedavg__clients-8__seed-42__nm0p032__clip5__rounds-20__epochs-5__cifar10_dirichlet__cifar10_cnn round=9 (checkpoint deleted)
2026-08-20 11:15:43 EVALUATED cifar10-in-remove__dirichlet__alpha-1p5__vanilla__fedavg__clients-8__seed-42__nm0p032__clip5__rounds-20__epochs-5__cifar10_dirichlet__cifar10_cnn round=10 (checkpoint deleted)
2026-08-20 11:15:51 EVALUATED cifar10-in-remove__dirichlet__alpha-1p5__vanilla__fedavg__clients-8__seed-42__nm0p032__clip5__rounds-20__epochs-5__cifar10_dirichlet__cifar10_cnn round=11 (checkpoint deleted)
2026-08-20 11:15:59 EVALUATED cifar10-in-remove__dirichlet__alpha-1p5__vanilla__fedavg__clients-8__seed-42__nm0p032__clip5__rounds-20__epochs-5__cifar10_dirichlet__cifar10_cnn round=12 (checkpoint deleted)
2026-08-20 11:16:08 EVALUATED cifar10-in-remove__dirichlet__alpha-1p5__vanilla__fedavg__clients-8__seed-42__nm0p032__clip5__rounds-20__epochs-5__cifar10_dirichlet__cifar10_cnn round=13 (checkpoint deleted)
2026-08-20 11:16:16 EVALUATED cifar10-in-remove__dirichlet__alpha-1p5__vanilla__fedavg__clients-8__seed-42__nm0p032__clip5__rounds-20__epochs-5__cifar10_dirichlet__cifar10_cnn round=14 (checkpoint deleted)
2026-08-20 11:16:24 EVALUATED cifar10-in-remove__dirichlet__alpha-1p5__vanilla__fedavg__clients-8__seed-42__nm0p032__clip5__rounds-20__epochs-5__cifar10_dirichlet__cifar10_cnn round=15 (checkpoint deleted)
2026-08-20 11:16:32 EVALUATED cifar10-in-remove__dirichlet__alpha-1p5__vanilla__fedavg__clients-8__seed-42__nm0p032__clip5__rounds-20__epochs-5__cifar10_dirichlet__cifar10_cnn round=16 (checkpoint deleted)
2026-08-20 11:16:41 EVALUATED cifar10-in-remove__dirichlet__alpha-1p5__vanilla__fedavg__clients-8__seed-42__nm0p032__clip5__rounds-20__epochs-5__cifar10_dirichlet__cifar10_cnn round=17 (checkpoint deleted)
2026-08-20 11:16:49 EVALUATED cifar10-in-remove__dirichlet__alpha-1p5__vanilla__fedavg__clients-8__seed-42__nm0p032__clip5__rounds-20__epochs-5__cifar10_dirichlet__cifar10_cnn round=18 (checkpoint deleted)
2026-08-20 11:16:57 EVALUATED cifar10-in-remove__dirichlet__alpha-1p5__vanilla__fedavg__clients-8__seed-42__nm0p032__clip5__rounds-20__epochs-5__cifar10_dirichlet__cifar10_cnn round=19 (checkpoint deleted)
2026-08-20 11:17:05 EVALUATED cifar10-in-remove__dirichlet__alpha-1p5__vanilla__fedavg__clients-8__seed-42__nm0p032__clip5__rounds-20__epochs-5__cifar10_dirichlet__cifar10_cnn round=20 (checkpoint deleted)
2026-08-20 11:17:05 PROGRESS 1/2 (0 failed so far)
2026-08-20 11:17:05 START cifar10-out-remove__dirichlet__alpha-1p5__vanilla__fedavg__clients-7__seed-42__nm0p028__clip5__rounds-20__epochs-5__cifar10_dirichlet__cifar10_cnn 
{
  "partition-mode": "dirichlet",
  "partition-profile": "auto",
  "client-weights": "",
  "dirichlet-alpha": 1.5,
  "data-module": "experiments.cia.scripts.cifar10_dirichlet:create_out_remove",
  "model-module": "experiments.reproduce.cifar10_cnn:create_model",
  "data-cache-dir": "",
  "privacy": "vanilla",
  "aggregation": "fedavg",
  "seed": 42,
  "num-server-rounds": 20,
  "num-clients": 7,
  "fraction-evaluate": 1.0,
  "local-epochs": 5,
  "learning-rate": 0.001,
  "weight-decay": 0.0,
  "lr-schedule": "none",
  "batch-size": 32,
  "initialization-batch-size": 32,
  "initialization-epochs": 20,
  "initialization-learning-rate": 0.001,
  "max-client-samples": 0,
  "max-test-samples": 0,
  "noise-multiplier": 0.028,
  "clipping-norm": 5.0,
  "output-dir": "/content/metricdp-pytorch/results/dirichlet/cifar10/8_clients/alpha-1p5__vanilla__in-remove-out-remove__seeds-42__noise-0p004",
  "run-name": "cifar10-out-remove__dirichlet__alpha-1p5__vanilla__fedavg__clients-7__seed-42__nm0p028__clip5__rounds-20__epochs-5__cifar10_dirichlet__cifar10_cnn",
  "save-model": false,
  "checkpoint-rounds": [
    1,
    2,
    3,
    4,
    5,
    6,
    7,
    8,
    9,
    10,
    11,
    12,
    13,
    14,
    15,
    16,
    17,
    18,
    19,
    20
  ]
}
2026-08-20 11:17:09.474949: I tensorflow/core/util/port.cc:153] oneDNN custom operations are on. You may see slightly different numerical results due to floating-point round-off errors from different computation orders. To turn them off, set the environment variable `TF_ENABLE_ONEDNN_OPTS=0`.
2026-08-20 11:17:09.548018: I tensorflow/core/platform/cpu_feature_guard.cc:210] This TensorFlow binary is optimized to use available CPU instructions in performance-critical operations.
To enable the following instructions: AVX2 AVX512F AVX512_VNNI FMA, in other operations, rebuild TensorFlow with the appropriate compiler flags.
[93mWARNING [0m:   DEPRECATED FEATURE: The `run_simulation` function is deprecated and will be removed in a future version of Flower. Please use `flwr run` in the CLI instead to run your simulation. Refer to the Flower Tutorials for more details: https://flower.ai/docs/framework/tutorial-quickstart-pytorch.html

            This is a deprecated feature. It will be removed
            entirely in future versions of Flower.
        
Warning: You are sending unauthenticated requests to the HF Hub. Please set a HF_TOKEN to enable higher rate limits and faster downloads.
[92mINFO [0m:      Starting DeterministicFedAvg strategy:
[92mINFO [0m:      	├── Number of rounds: 20
[92mINFO [0m:      	├── ArrayRecord (1.39 MB)
[92mINFO [0m:      	├── ConfigRecord (train): {'lr': 0.001}
[92mINFO [0m:      	├── ConfigRecord (evaluate): (empty!)
[92mINFO [0m:      	├──> Sampling:
[92mINFO [0m:      	│	├──Fraction: train (1.00) | evaluate ( 1.00)
[92mINFO [0m:      	│	├──Minimum nodes: train (7) | evaluate (7)
[92mINFO [0m:      	│	└──Minimum available nodes: 7
[92mINFO [0m:      	└──> Keys in records:
[92mINFO [0m:      		├── Weighted by: 'num-examples'
[92mINFO [0m:      		├── ArrayRecord key: 'arrays'
[92mINFO [0m:      		└── ConfigRecord key: 'config'
[92mINFO [0m:      
[92mINFO [0m:      Initial global evaluation results: {'loss': 2.3041488525390625, 'accuracy': 0.1, 'f1': 0.01818181818181818, 'precision': 0.01, 'auc': 0.5009089266666666, 'diverged': 0.0}
[92mINFO [0m:      
[92mINFO [0m:      [ROUND 1/20]
[92mINFO [0m:      configure_train: Sampled 7 nodes (out of 7)
/usr/local/lib/python3.12/dist-packages/ray/_private/worker.py:2051: FutureWarning: Tip: In future versions of Ray, Ray will no longer override accelerator visible devices env var if num_gpus=0 or num_gpus=None (default). To enable this behavior and turn off this error message, set RAY_ACCEL_ENV_VAR_OVERRIDE_ON_ZERO=0
  warnings.warn(
[36m(ClientAppActor pid=7010)[0m Warning: You are sending unauthenticated requests to the HF Hub. Please set a HF_TOKEN to enable higher rate limits and faster downloads.
[92mINFO [0m:      aggregate_train: Received 7 results and 0 failures
[92mINFO [0m:      	└──> Aggregated MetricRecord: {'train_loss': 1.4227311142647798, 'train_loss_mean': 1.6757306189338015, 'client-ids': [0, 1, 2, 3, 4, 5, 6], 'per-client-num-examples': [5770, 6243, 6225, 3880, 2928, 4981, 3945], 'per-client-train_loss': [1.4659586604794348, 1.3620922295363231, 1.245844161816869, 1.5309118705926483, 1.5867541852544567, 1.3813528055839333, 1.558693437159288], 'per-client-train_loss_mean': [1.7527150177583746, 1.6452193132963735, 1.5203684962724586, 1.7314136971640834, 1.804222091039022, 1.6288360208087453, 1.765646951721346]}
[92mINFO [0m:      configure_evaluate: Sampled 7 nodes (out of 7)
[92mINFO [0m:      aggregate_evaluate: Received 7 results and 0 failures
[92mINFO [0m:      	└──> Aggregated MetricRecord: {'eval_loss': 2.2693092443624234, 'eval_acc': 0.14995291902071564, 'client-ids': [0, 1, 2, 3, 4, 5, 6], 'per-client-eval_acc': [0.06444906444906445, 0.12556053811659193, 0.26011560693641617, 0.09381443298969072, 0.20491803278688525, 0.16853932584269662, 0.13069908814589665], 'per-client-eval_loss': [2.290790765382974, 2.264754738279217, 2.26844840763315, 2.253055950046815, 2.2655900163077267, 2.2700343552982827, 2.264280626476717], 'per-client-num-examples': [1443, 1561, 1557, 970, 732, 1246, 987]}
[92mINFO [0m:      Global evaluation
[92mINFO [0m:      	└──> MetricRecord: {'loss': 2.27135419883728, 'accuracy': 0.1394, 'f1': 0.07371342926269255, 'precision': 0.2116495781229845, 'auc': 0.6194059, 'diverged': 0.0}
[92mINFO [0m:      
[92mINFO [0m:      [ROUND 2/20]
[92mINFO [0m:      configure_train: Sampled 7 nodes (out of 7)
[92mINFO [0m:      aggregate_train: Received 7 results and 0 failures
[92mINFO [0m:      	└──> Aggregated MetricRecord: {'train_loss': 1.162503425749939, 'train_loss_mean': 1.3553942014670168, 'client-ids': [0, 1, 2, 3, 4, 5, 6], 'per-client-num-examples': [5770, 6243, 6225, 3880, 2928, 4981, 3945], 'per-client-train_loss': [1.206718650764981, 1.1322875663186998, 1.0197768087080683, 1.2110041456124216, 1.2019179147449348, 1.174699188212127, 1.278511903192305], 'per-client-train_loss_mean': [1.4121636597453207, 1.3303038838131962, 1.2205416818718355, 1.3838063823070723, 1.403399917727611, 1.3543349599196859, 1.4626216023805325]}
[92mINFO [0m:      configure_evaluate: Sampled 7 nodes (out of 7)
[92mINFO [0m:      aggregate_evaluate: Received 7 results and 0 failures
[92mINFO [0m:      	└──> Aggregated MetricRecord: {'eval_loss': 1.4067995219636997, 'eval_acc': 0.49682203389830504, 'client-ids': [0, 1, 2, 3, 4, 5, 6], 'per-client-eval_acc': [0.4462924462924463, 0.5060858424087123, 0.5863840719332049, 0.4, 0.49863387978142076, 0.5232744783306581, 0.475177304964539], 'per-client-eval_loss': [1.5610725466608588, 1.3861734511224526, 1.277795767125673, 1.4930146699099196, 1.4068037773090634, 1.3166302394713865, 1.4464745835571908], 'per-client-num-examples': [1443, 1561, 1557, 970, 732, 1246, 987]}
[92mINFO [0m:      Global evaluation
[92mINFO [0m:      	└──> MetricRecord: {'loss': 1.4287751708984375, 'accuracy': 0.4834, 'f1': 0.44312116748820973, 'precision': 0.48441838382880514, 'auc': 0.8875278755555557, 'diverged': 0.0}
[92mINFO [0m:      
[92mINFO [0m:      [ROUND 3/20]
[92mINFO [0m:      configure_train: Sampled 7 nodes (out of 7)
[92mINFO [0m:      aggregate_train: Received 7 results and 0 failures
[92mINFO [0m:      	└──> Aggregated MetricRecord: {'train_loss': 0.8971306113343097, 'train_loss_mean': 1.064436339281774, 'client-ids': [0, 1, 2, 3, 4, 5, 6], 'per-client-num-examples': [5770, 6243, 6225, 3880, 2928, 4981, 3945], 'per-client-train_loss': [0.9354785381198136, 0.8760044545426919, 0.8180624703135356, 0.9116993450626885, 0.9156547413497674, 0.9195055311115313, 0.9429119604319826], 'per-client-train_loss_mean': [1.1230345891707898, 1.0563283168332003, 0.9744060727487127, 1.0660104829994674, 1.058586239684475, 1.0741549818971936, 1.1241467946896233]}
[92mINFO [0m:      configure_evaluate: Sampled 7 nodes (out of 7)
[92mINFO [0m:      aggregate_evaluate: Received 7 results and 0 failures
[92mINFO [0m:      	└──> Aggregated MetricRecord: {'eval_loss': 1.1208927834550315, 'eval_acc': 0.5979284369114878, 'client-ids': [0, 1, 2, 3, 4, 5, 6], 'per-client-eval_acc': [0.5641025641025641, 0.6002562459961563, 0.6737315350032113, 0.5288659793814433, 0.6038251366120219, 0.6107544141252006, 0.5714285714285714], 'per-client-eval_loss': [1.2256226919627569, 1.1110245364358378, 0.9846097325084296, 1.2272622590212479, 1.1345783687028728, 1.0656972995347809, 1.1533640288533653], 'per-client-num-examples': [1443, 1561, 1557, 970, 732, 1246, 987]}
[92mINFO [0m:      Global evaluation
[92mINFO [0m:      	└──> MetricRecord: {'loss': 1.137613938331604, 'accuracy': 0.581, 'f1': 0.5681262221101088, 'precision': 0.5742997164385019, 'auc': 0.9273123333333334, 'diverged': 0.0}
[92mINFO [0m:      
[92mINFO [0m:      [ROUND 4/20]
[92mINFO [0m:      configure_train: Sampled 7 nodes (out of 7)
[92mINFO [0m:      aggregate_train: Received 7 results and 0 failures
[92mINFO [0m:      	└──> Aggregated MetricRecord: {'train_loss': 0.6657407206882229, 'train_loss_mean': 0.8518936561835285, 'client-ids': [0, 1, 2, 3, 4, 5, 6], 'per-client-num-examples': [5770, 6243, 6225, 3880, 2928, 4981, 3945], 'per-client-train_loss': [0.6951369447765978, 0.6461931118145215, 0.6014859544416987, 0.6723803987208101, 0.668411807935746, 0.6937671895308132, 0.7111710612613741], 'per-client-train_loss_mean': [0.8973610725435888, 0.8331692851030844, 0.7693359444859517, 0.863710966798448, 0.849790066382924, 0.877595743938422, 0.9027826443250341]}
[92mINFO [0m:      configure_evaluate: Sampled 7 nodes (out of 7)
[92mINFO [0m:      aggregate_evaluate: Received 7 results and 0 failures
[92mINFO [0m:      	└──> Aggregated MetricRecord: {'eval_loss': 1.0202732164475878, 'eval_acc': 0.6451271186440678, 'client-ids': [0, 1, 2, 3, 4, 5, 6], 'per-client-eval_acc': [0.6306306306306306, 0.6566303651505445, 0.6942838792549775, 0.5948453608247423, 0.6284153005464481, 0.6605136436597111, 0.6129685916919959], 'per-client-eval_loss': [1.1066780372865483, 1.0076474135384814, 0.9245344087261379, 1.0887876933382958, 1.041024062151466, 0.9561238602688761, 1.0632048088004162], 'per-client-num-examples': [1443, 1561, 1557, 970, 732, 1246, 987]}
[92mINFO [0m:      Global evaluation
[92mINFO [0m:      	└──> MetricRecord: {'loss': 1.036507605457306, 'accuracy': 0.6252, 'f1': 0.6204424467515258, 'precision': 0.6307096382223124, 'auc': 0.9406247377777778, 'diverged': 0.0}
[92mINFO [0m:      
[92mINFO [0m:      [ROUND 5/20]
[92mINFO [0m:      configure_train: Sampled 7 nodes (out of 7)
[92mINFO [0m:      aggregate_train: Received 7 results and 0 failures
[92mINFO [0m:      	└──> Aggregated MetricRecord: {'train_loss': 0.4660077732853372, 'train_loss_mean': 0.6723221370104442, 'client-ids': [0, 1, 2, 3, 4, 5, 6], 'per-client-num-examples': [5770, 6243, 6225, 3880, 2928, 4981, 3945], 'per-client-train_loss': [0.4782095560374665, 0.44698274383822945, 0.4271075895273063, 0.4670512270681637, 0.47383068070385626, 0.5029406815533943, 0.4861866646846438], 'per-client-train_loss_mean': [0.7059208933030299, 0.6567476276736143, 0.5990700599630194, 0.6802702078499745, 0.6844111506730481, 0.6962599626089574, 0.7164011132928657]}
[92mINFO [0m:      configure_evaluate: Sampled 7 nodes (out of 7)
[92mINFO [0m:      aggregate_evaluate: Received 7 results and 0 failures
[92mINFO [0m:      	└──> Aggregated MetricRecord: {'eval_loss': 0.9853989217297057, 'eval_acc': 0.673728813559322, 'client-ids': [0, 1, 2, 3, 4, 5, 6], 'per-client-eval_acc': [0.6666666666666666, 0.7033952594490711, 0.7116249197174053, 0.622680412371134, 0.6680327868852459, 0.6685393258426966, 0.6382978723404256], 'per-client-eval_loss': [1.0505854237517465, 0.9381784161721033, 0.9038138368149636, 1.0357487629369362, 1.017683623267002, 0.9720624821143969, 1.0368888105181817], 'per-client-num-examples': [1443, 1561, 1557, 970, 732, 1246, 987]}
[92mINFO [0m:      Global evaluation
[92mINFO [0m:      	└──> MetricRecord: {'loss': 0.9809007989883423, 'accuracy': 0.6688, 'f1': 0.6658463622656394, 'precision': 0.6660835789439621, 'auc': 0.9500360822222222, 'diverged': 0.0}
[92mINFO [0m:      
[92mINFO [0m:      [ROUND 6/20]
[92mINFO [0m:      configure_train: Sampled 7 nodes (out of 7)
[92mINFO [0m:      aggregate_train: Received 7 results and 0 failures
[92mINFO [0m:      	└──> Aggregated MetricRecord: {'train_loss': 0.3311361008117902, 'train_loss_mean': 0.531359524779521, 'client-ids': [0, 1, 2, 3, 4, 5, 6], 'per-client-num-examples': [5770, 6243, 6225, 3880, 2928, 4981, 3945], 'per-client-train_loss': [0.33358864868947496, 0.32351236709623443, 0.2985469343384586, 0.33494832537223385, 0.333426723226172, 0.36059176479685956, 0.3483970117357445], 'per-client-train_loss_mean': [0.5556247339499679, 0.5015882985772908, 0.45886004492556715, 0.547810408595911, 0.5544988568037585, 0.5576321401370622, 0.5908564778561828]}
[92mINFO [0m:      configure_evaluate: Sampled 7 nodes (out of 7)
[92mINFO [0m:      aggregate_evaluate: Received 7 results and 0 failures
[92mINFO [0m:      	└──> Aggregated MetricRecord: {'eval_loss': 0.9945899671304922, 'eval_acc': 0.6850282485875706, 'client-ids': [0, 1, 2, 3, 4, 5, 6], 'per-client-eval_acc': [0.6777546777546778, 0.7059577194106342, 0.7154784842646115, 0.6412371134020619, 0.6844262295081968, 0.6869983948635634, 0.6555217831813577], 'per-client-eval_loss': [1.0205240890703842, 0.9820615987148443, 0.9177172990969227, 1.0379362499591, 1.013315562993451, 0.994719125677265, 1.0411052935753913], 'per-client-num-examples': [1443, 1561, 1557, 970, 732, 1246, 987]}
[92mINFO [0m:      Global evaluation
[92mINFO [0m:      	└──> MetricRecord: {'loss': 0.9852541734695435, 'accuracy': 0.6912, 'f1': 0.6904662305488373, 'precision': 0.6915138978349541, 'auc': 0.9532263733333334, 'diverged': 0.0}
[92mINFO [0m:      
[92mINFO [0m:      [ROUND 7/20]
[92mINFO [0m:      configure_train: Sampled 7 nodes (out of 7)
[92mINFO [0m:      aggregate_train: Received 7 results and 0 failures
[92mINFO [0m:      	└──> Aggregated MetricRecord: {'train_loss': 0.24008959893785953, 'train_loss_mean': 0.4286125947446336, 'client-ids': [0, 1, 2, 3, 4, 5, 6], 'per-client-num-examples': [5770, 6243, 6225, 3880, 2928, 4981, 3945], 'per-client-train_loss': [0.2625742358806022, 0.2355522306496643, 0.19760215956523236, 0.23258004216189238, 0.2714380789649943, 0.24708191366577167, 0.25671691358164994], 'per-client-train_loss_mean': [0.44013874940483777, 0.3960169684450078, 0.3521846764997306, 0.4575398503259286, 0.48528830983925386, 0.45666979999516866, 0.47799540561112763]}
[92mINFO [0m:      configure_evaluate: Sampled 7 nodes (out of 7)
[92mINFO [0m:      aggregate_evaluate: Received 7 results and 0 failures
[92mINFO [0m:      	└──> Aggregated MetricRecord: {'eval_loss': 1.0429696376714328, 'eval_acc': 0.6915018832391714, 'client-ids': [0, 1, 2, 3, 4, 5, 6], 'per-client-eval_acc': [0.6916146916146916, 0.7104420243433697, 0.705844572896596, 0.6628865979381443, 0.6830601092896175, 0.6990369181380417, 0.6636271529888551], 'per-client-eval_loss': [1.0879868681201155, 1.0083948883164167, 0.976631791146045, 1.073732973865627, 1.1112078981972784, 1.0068860260671062, 1.1011952551906474], 'per-client-num-examples': [1443, 1561, 1557, 970, 732, 1246, 987]}
[92mINFO [0m:      Global evaluation
[92mINFO [0m:      	└──> MetricRecord: {'loss': 1.0353113702774048, 'accuracy': 0.695, 'f1': 0.692843276489181, 'precision': 0.695246025902132, 'auc': 0.9530587866666668, 'diverged': 0.0}
[92mINFO [0m:      
[92mINFO [0m:      [ROUND 8/20]
[92mINFO [0m:      configure_train: Sampled 7 nodes (out of 7)
[92mINFO [0m:      aggregate_train: Received 7 results and 0 failures
[92mINFO [0m:      	└──> Aggregated MetricRecord: {'train_loss': 0.18051151269107063, 'train_loss_mean': 0.3504524555753723, 'client-ids': [0, 1, 2, 3, 4, 5, 6], 'per-client-num-examples': [5770, 6243, 6225, 3880, 2928, 4981, 3945], 'per-client-train_loss': [0.1864161215244794, 0.1981387552868646, 0.1534558034194521, 0.1668621865437203, 0.16580922535208406, 0.21254748442857005, 0.17056013861687616], 'per-client-train_loss_mean': [0.3551902736698889, 0.3137391939886355, 0.28528055685854337, 0.373240809305427, 0.40974862687900415, 0.38353950023004935, 0.3962608661503544]}
[92mINFO [0m:      configure_evaluate: Sampled 7 nodes (out of 7)
[92mINFO [0m:      aggregate_evaluate: Received 7 results and 0 failures
[92mINFO [0m:      	└──> Aggregated MetricRecord: {'eval_loss': 1.1354003832894755, 'eval_acc': 0.6940913370998117, 'client-ids': [0, 1, 2, 3, 4, 5, 6], 'per-client-eval_acc': [0.6985446985446986, 0.6976297245355542, 0.7180475272960822, 0.6422680412371135, 0.7021857923497268, 0.6974317817014446, 0.684903748733536], 'per-client-eval_loss': [1.1412916991418216, 1.1435721725473642, 1.048460599008706, 1.2473473657037795, 1.1479158792339388, 1.0939907086220828, 1.1839864531790474], 'per-client-num-examples': [1443, 1561, 1557, 970, 732, 1246, 987]}
[92mINFO [0m:      Global evaluation
[92mINFO [0m:      	└──> MetricRecord: {'loss': 1.13783431224823, 'accuracy': 0.6908, 'f1': 0.689387508364779, 'precision': 0.6922864366208046, 'auc': 0.9524497644444444, 'diverged': 0.0}
[92mINFO [0m:      
[92mINFO [0m:      [ROUND 9/20]
[92mINFO [0m:      configure_train: Sampled 7 nodes (out of 7)
[92mINFO [0m:      aggregate_train: Received 7 results and 0 failures
[92mINFO [0m:      	└──> Aggregated MetricRecord: {'train_loss': 0.1495398640596223, 'train_loss_mean': 0.2935504712459052, 'client-ids': [0, 1, 2, 3, 4, 5, 6], 'per-client-num-examples': [5770, 6243, 6225, 3880, 2928, 4981, 3945], 'per-client-train_loss': [0.17752847141316694, 0.13148478934746913, 0.14287013262151235, 0.14060713410300693, 0.15470025777979626, 0.15940812250453051, 0.14019593739426484], 'per-client-train_loss_mean': [0.2946303820124532, 0.25290208193988933, 0.23124031753185764, 0.3257483730541984, 0.359353897602506, 0.3177493499035135, 0.34355873745694965]}
[92mINFO [0m:      configure_evaluate: Sampled 7 nodes (out of 7)
[92mINFO [0m:      aggregate_evaluate: Received 7 results and 0 failures
[92mINFO [0m:      	└──> Aggregated MetricRecord: {'eval_loss': 1.156040846431547, 'eval_acc': 0.6989171374764593, 'client-ids': [0, 1, 2, 3, 4, 5, 6], 'per-client-eval_acc': [0.7047817047817048, 0.7072389493914157, 0.7148362235067437, 0.6711340206185566, 0.6912568306010929, 0.6974317817014446, 0.6869300911854104], 'per-client-eval_loss': [1.1754870023152437, 1.1265388869994883, 1.0652434815178333, 1.2603533892287422, 1.2371937459935256, 1.1368054134313788, 1.1790839198150171], 'per-client-num-examples': [1443, 1561, 1557, 970, 732, 1246, 987]}
[92mINFO [0m:      Global evaluation
[92mINFO [0m:      	└──> MetricRecord: {'loss': 1.1521345591545105, 'accuracy': 0.6952, 'f1': 0.6916510086160214, 'precision': 0.6905218245685123, 'auc': 0.9526117111111112, 'diverged': 0.0}
[92mINFO [0m:      
[92mINFO [0m:      [ROUND 10/20]
[92mINFO [0m:      configure_train: Sampled 7 nodes (out of 7)
[92mINFO [0m:      aggregate_train: Received 7 results and 0 failures
[92mINFO [0m:      	└──> Aggregated MetricRecord: {'train_loss': 0.13943532223364846, 'train_loss_mean': 0.2567743091245627, 'client-ids': [0, 1, 2, 3, 4, 5, 6], 'per-client-num-examples': [5770, 6243, 6225, 3880, 2928, 4981, 3945], 'per-client-train_loss': [0.16105415073176604, 0.13525989344163036, 0.11278549611927514, 0.15483623589245007, 0.13552564309268703, 0.1472182159854858, 0.13440290926206097], 'per-client-train_loss_mean': [0.24732030174218803, 0.2195455220153993, 0.2057918054562017, 0.28972133047763526, 0.3297300408609578, 0.2756744213126296, 0.2995486416141721]}
[92mINFO [0m:      configure_evaluate: Sampled 7 nodes (out of 7)
[92mINFO [0m:      aggregate_evaluate: Received 7 results and 0 failures
[92mINFO [0m:      	└──> Aggregated MetricRecord: {'eval_loss': 1.2754775868858546, 'eval_acc': 0.6990348399246704, 'client-ids': [0, 1, 2, 3, 4, 5, 6], 'per-client-eval_acc': [0.6964656964656964, 0.7046764894298526, 0.7154784842646115, 0.6731958762886598, 0.7021857923497268, 0.7062600321027287, 0.6818642350557245], 'per-client-eval_loss': [1.314884522518018, 1.2472646189071979, 1.1915595128739884, 1.3451035430750895, 1.3289476561416043, 1.2257990538595576, 1.3494987217247063], 'per-client-num-examples': [1443, 1561, 1557, 970, 732, 1246, 987]}
[92mINFO [0m:      Global evaluation
[92mINFO [0m:      	└──> MetricRecord: {'loss': 1.276021396636963, 'accuracy': 0.6942, 'f1': 0.6939781477256366, 'precision': 0.6980547035832514, 'auc': 0.9519743200000002, 'diverged': 0.0}
[92mINFO [0m:      
[92mINFO [0m:      [ROUND 11/20]
[92mINFO [0m:      configure_train: Sampled 7 nodes (out of 7)
[92mINFO [0m:      aggregate_train: Received 7 results and 0 failures
[92mINFO [0m:      	└──> Aggregated MetricRecord: {'train_loss': 0.11735298717513724, 'train_loss_mean': 0.22577352858097854, 'client-ids': [0, 1, 2, 3, 4, 5, 6], 'per-client-num-examples': [5770, 6243, 6225, 3880, 2928, 4981, 3945], 'per-client-train_loss': [0.13092868253717801, 0.1391886391477212, 0.06713094030159066, 0.09569535498668143, 0.11773164794256127, 0.12404889253650031, 0.15475503884643052], 'per-client-train_loss_mean': [0.21958111444523679, 0.19145563821059636, 0.16945119363123393, 0.24708930834078893, 0.31058300943648226, 0.24206615775626145, 0.2735307865968524]}
[92mINFO [0m:      configure_evaluate: Sampled 7 nodes (out of 7)
[92mINFO [0m:      aggregate_evaluate: Received 7 results and 0 failures
[92mINFO [0m:      	└──> Aggregated MetricRecord: {'eval_loss': 1.282705386142946, 'eval_acc': 0.6937382297551788, 'client-ids': [0, 1, 2, 3, 4, 5, 6], 'per-client-eval_acc': [0.6964656964656964, 0.7059577194106342, 0.7129094412331407, 0.6536082474226804, 0.6967213114754098, 0.6990369181380417, 0.6707193515704154], 'per-client-eval_loss': [1.2904270671757243, 1.2853018047716434, 1.167210019699028, 1.4301449736369025, 1.3113550566584686, 1.2484299520428261, 1.326626482947136], 'per-client-num-examples': [1443, 1561, 1557, 970, 732, 1246, 987]}
[92mINFO [0m:      Global evaluation
[92mINFO [0m:      	└──> MetricRecord: {'loss': 1.2893363945007323, 'accuracy': 0.6874, 'f1': 0.6854325674274234, 'precision': 0.6880315967432717, 'auc': 0.9507591755555556, 'diverged': 0.0}
[92mINFO [0m:      
[92mINFO [0m:      [ROUND 12/20]
[92mINFO [0m:      configure_train: Sampled 7 nodes (out of 7)
[92mINFO [0m:      aggregate_train: Received 7 results and 0 failures
[92mINFO [0m:      	└──> Aggregated MetricRecord: {'train_loss': 0.10905055603745287, 'train_loss_mean': 0.20218666426517165, 'client-ids': [0, 1, 2, 3, 4, 5, 6], 'per-client-num-examples': [5770, 6243, 6225, 3880, 2928, 4981, 3945], 'per-client-train_loss': [0.1393223264446705, 0.11248920515973862, 0.10321813101749344, 0.09113119189272222, 0.10884905924073986, 0.10135116943439981, 0.09603129221015481], 'per-client-train_loss_mean': [0.1840236520685217, 0.17663528115632118, 0.15545785787833263, 0.23551241417290622, 0.28527158088778537, 0.21043406267424372, 0.23806698058777892]}
[92mINFO [0m:      configure_evaluate: Sampled 7 nodes (out of 7)
[92mINFO [0m:      aggregate_evaluate: Received 7 results and 0 failures
[92mINFO [0m:      	└──> Aggregated MetricRecord: {'eval_loss': 1.3850255125603885, 'eval_acc': 0.6958568738229755, 'client-ids': [0, 1, 2, 3, 4, 5, 6], 'per-client-eval_acc': [0.6784476784476784, 0.7104420243433697, 0.7263969171483622, 0.6556701030927835, 0.6953551912568307, 0.702247191011236, 0.6818642350557245], 'per-client-eval_loss': [1.4226912426105904, 1.3768411864843375, 1.2310323690709657, 1.587825197042878, 1.4355022529435288, 1.3166183782427499, 1.4354429699125744], 'per-client-num-examples': [1443, 1561, 1557, 970, 732, 1246, 987]}
[92mINFO [0m:      Global evaluation
[92mINFO [0m:      	└──> MetricRecord: {'loss': 1.4024506084442139, 'accuracy': 0.684, 'f1': 0.6801353136763111, 'precision': 0.6856822653877434, 'auc': 0.9493524622222222, 'diverged': 0.0}
[92mINFO [0m:      
[92mINFO [0m:      [ROUND 13/20]
[92mINFO [0m:      configure_train: Sampled 7 nodes (out of 7)
[92mINFO [0m:      aggregate_train: Received 7 results and 0 failures
[92mINFO [0m:      	└──> Aggregated MetricRecord: {'train_loss': 0.10359178157119253, 'train_loss_mean': 0.18383724777739663, 'client-ids': [0, 1, 2, 3, 4, 5, 6], 'per-client-num-examples': [5770, 6243, 6225, 3880, 2928, 4981, 3945], 'per-client-train_loss': [0.11584609280012716, 0.10707061316474664, 0.07738535080209794, 0.09090789594908351, 0.12196558609584479, 0.1273129476023783, 0.09040272166558243], 'per-client-train_loss_mean': [0.1725561689255449, 0.14574622115799316, 0.1377030222277086, 0.21170637473771253, 0.26939485356150594, 0.19391571351238562, 0.22977740951099626]}
[92mINFO [0m:      configure_evaluate: Sampled 7 nodes (out of 7)
[92mINFO [0m:      aggregate_evaluate: Received 7 results and 0 failures
[92mINFO [0m:      	└──> Aggregated MetricRecord: {'eval_loss': 1.4011474845548582, 'eval_acc': 0.690442561205273, 'client-ids': [0, 1, 2, 3, 4, 5, 6], 'per-client-eval_acc': [0.6881496881496881, 0.709160794362588, 0.7026332691072575, 0.6701030927835051, 0.6653005464480874, 0.6869983948635634, 0.6879432624113475], 'per-client-eval_loss': [1.4317517026133282, 1.377738432728427, 1.3200217818478859, 1.5006177449963756, 1.4794291095004055, 1.3471800450528606, 1.4337183962960132], 'per-client-num-examples': [1443, 1561, 1557, 970, 732, 1246, 987]}
[92mINFO [0m:      Global evaluation
[92mINFO [0m:      	└──> MetricRecord: {'loss': 1.3980720960617066, 'accuracy': 0.6868, 'f1': 0.6860637975423797, 'precision': 0.6875386147972233, 'auc': 0.9498705533333334, 'diverged': 0.0}
[92mINFO [0m:      
[92mINFO [0m:      [ROUND 14/20]
[92mINFO [0m:      configure_train: Sampled 7 nodes (out of 7)
[92mINFO [0m:      aggregate_train: Received 7 results and 0 failures
[92mINFO [0m:      	└──> Aggregated MetricRecord: {'train_loss': 0.09593727831177397, 'train_loss_mean': 0.16667063694883677, 'client-ids': [0, 1, 2, 3, 4, 5, 6], 'per-client-num-examples': [5770, 6243, 6225, 3880, 2928, 4981, 3945], 'per-client-train_loss': [0.1089443858280339, 0.12008214664253004, 0.0756017848336134, 0.09406493296846748, 0.057368728836051756, 0.11300428733124931, 0.07971007030537525], 'per-client-train_loss_mean': [0.15746303225907804, 0.13583325636198323, 0.12156957312125757, 0.1947296123673237, 0.23635440200282248, 0.1741248953643991, 0.2113771562189506]}
[92mINFO [0m:      configure_evaluate: Sampled 7 nodes (out of 7)
[92mINFO [0m:      aggregate_evaluate: Received 7 results and 0 failures
[92mINFO [0m:      	└──> Aggregated MetricRecord: {'eval_loss': 1.4393387815990466, 'eval_acc': 0.6900894538606402, 'client-ids': [0, 1, 2, 3, 4, 5, 6], 'per-client-eval_acc': [0.6812196812196812, 0.7046764894298526, 0.7116249197174053, 0.6618556701030928, 0.6721311475409836, 0.6853932584269663, 0.6930091185410334], 'per-client-eval_loss': [1.4968347488305507, 1.420843662015144, 1.3077462293738804, 1.592109296739716, 1.5376069454547485, 1.3698202725589563, 1.4568607384431447], 'per-client-num-examples': [1443, 1561, 1557, 970, 732, 1246, 987]}
[92mINFO [0m:      Global evaluation
[92mINFO [0m:      	└──> MetricRecord: {'loss': 1.4571891309738159, 'accuracy': 0.683, 'f1': 0.6821971420715117, 'precision': 0.6847818990177335, 'auc': 0.9493978466666667, 'diverged': 0.0}
[92mINFO [0m:      
[92mINFO [0m:      [ROUND 15/20]
[92mINFO [0m:      configure_train: Sampled 7 nodes (out of 7)
[92mINFO [0m:      aggregate_train: Received 7 results and 0 failures
[92mINFO [0m:      	└──> Aggregated MetricRecord: {'train_loss': 0.106200274527575, 'train_loss_mean': 0.15569061527935482, 'client-ids': [0, 1, 2, 3, 4, 5, 6], 'per-client-num-examples': [5770, 6243, 6225, 3880, 2928, 4981, 3945], 'per-client-train_loss': [0.12317589023626656, 0.11063133946395937, 0.10454432140033408, 0.06946160166533952, 0.08983894425337433, 0.11824416544657111, 0.11004242212222405], 'per-client-train_loss_mean': [0.14858273646163156, 0.1257868258788281, 0.11615701305668755, 0.17817982413220343, 0.22915157181480544, 0.1587486165763593, 0.19528878417583737]}
[92mINFO [0m:      configure_evaluate: Sampled 7 nodes (out of 7)
[92mINFO [0m:      aggregate_evaluate: Received 7 results and 0 failures
[92mINFO [0m:      	└──> Aggregated MetricRecord: {'eval_loss': 1.4346413693887141, 'eval_acc': 0.6917372881355932, 'client-ids': [0, 1, 2, 3, 4, 5, 6], 'per-client-eval_acc': [0.6853776853776854, 0.7027546444586803, 0.7212588310854207, 0.6670103092783505, 0.6762295081967213, 0.6934189406099518, 0.6707193515704154], 'per-client-eval_loss': [1.5072309626363172, 1.3988573341931692, 1.3029959279907462, 1.5116662861145649, 1.501915960364003, 1.3891889348650055, 1.524569040856946], 'per-client-num-examples': [1443, 1561, 1557, 970, 732, 1246, 987]}
[92mINFO [0m:      Global evaluation
[92mINFO [0m:      	└──> MetricRecord: {'loss': 1.4494252632141114, 'accuracy': 0.6812, 'f1': 0.6805983876253363, 'precision': 0.6835649100405095, 'auc': 0.9488878977777777, 'diverged': 0.0}
[92mINFO [0m:      
[92mINFO [0m:      [ROUND 16/20]
[92mINFO [0m:      configure_train: Sampled 7 nodes (out of 7)
[92mINFO [0m:      aggregate_train: Received 7 results and 0 failures
[92mINFO [0m:      	└──> Aggregated MetricRecord: {'train_loss': 0.1059226251134226, 'train_loss_mean': 0.14979159541934337, 'client-ids': [0, 1, 2, 3, 4, 5, 6], 'per-client-num-examples': [5770, 6243, 6225, 3880, 2928, 4981, 3945], 'per-client-train_loss': [0.1390478568212928, 0.07491781697034565, 0.11241498042960243, 0.08611927872389248, 0.06979884480538427, 0.0947391389888038, 0.15670282170648658], 'per-client-train_loss_mean': [0.14048838304714067, 0.11451645573812885, 0.11564999803266371, 0.1742295574468858, 0.22735425333487366, 0.14619957610697962, 0.1960280388416144]}
[92mINFO [0m:      configure_evaluate: Sampled 7 nodes (out of 7)
[92mINFO [0m:      aggregate_evaluate: Received 7 results and 0 failures
[92mINFO [0m:      	└──> Aggregated MetricRecord: {'eval_loss': 1.4583810152952505, 'eval_acc': 0.6918549905838042, 'client-ids': [0, 1, 2, 3, 4, 5, 6], 'per-client-eval_acc': [0.6902286902286903, 0.6995515695067265, 0.7193320488118176, 0.656701030927835, 0.674863387978142, 0.6958266452648475, 0.6808510638297872], 'per-client-eval_loss': [1.495320245695874, 1.4599190552520263, 1.3033611944415435, 1.604418540246708, 1.5473493513513783, 1.4236762228976474, 1.4807950186995147], 'per-client-num-examples': [1443, 1561, 1557, 970, 732, 1246, 987]}
[92mINFO [0m:      Global evaluation
[92mINFO [0m:      	└──> MetricRecord: {'loss': 1.4672917491912842, 'accuracy': 0.687, 'f1': 0.6852536274042622, 'precision': 0.6877185647490912, 'auc': 0.9475942422222223, 'diverged': 0.0}
[92mINFO [0m:      
[92mINFO [0m:      [ROUND 17/20]
[92mINFO [0m:      configure_train: Sampled 7 nodes (out of 7)
[92mINFO [0m:      aggregate_train: Received 7 results and 0 failures
[92mINFO [0m:      	└──> Aggregated MetricRecord: {'train_loss': 0.08085560567415377, 'train_loss_mean': 0.1380203298094061, 'client-ids': [0, 1, 2, 3, 4, 5, 6], 'per-client-num-examples': [5770, 6243, 6225, 3880, 2928, 4981, 3945], 'per-client-train_loss': [0.08845498266967217, 0.037708305651878445, 0.0771613806013362, 0.08002507567175271, 0.10386646105882412, 0.09474073455584286, 0.11005752829431127], 'per-client-train_loss_mean': [0.1288802005157546, 0.11732904006480294, 0.10266832708773843, 0.16294579660078298, 0.2080233776982609, 0.13791335412888037, 0.16358017653637627]}
[92mINFO [0m:      configure_evaluate: Sampled 7 nodes (out of 7)
[92mINFO [0m:      aggregate_evaluate: Received 7 results and 0 failures
[92mINFO [0m:      	└──> Aggregated MetricRecord: {'eval_loss': 1.5225314642469314, 'eval_acc': 0.6960922787193973, 'client-ids': [0, 1, 2, 3, 4, 5, 6], 'per-client-eval_acc': [0.6888426888426888, 0.7072389493914157, 0.7231856133590238, 0.6783505154639176, 0.680327868852459, 0.6934189406099518, 0.6788247213779128], 'per-client-eval_loss': [1.603372428289983, 1.4749054001509418, 1.3344430678458878, 1.6013300276294198, 1.6324265433139489, 1.5273387030269323, 1.61136305924003], 'per-client-num-examples': [1443, 1561, 1557, 970, 732, 1246, 987]}
[92mINFO [0m:      Global evaluation
[92mINFO [0m:      	└──> MetricRecord: {'loss': 1.5450808517456054, 'accuracy': 0.6866, 'f1': 0.6855646411295114, 'precision': 0.6877087564936345, 'auc': 0.9483761222222221, 'diverged': 0.0}
[92mINFO [0m:      
[92mINFO [0m:      [ROUND 18/20]
[92mINFO [0m:      configure_train: Sampled 7 nodes (out of 7)
[92mINFO [0m:      aggregate_train: Received 7 results and 0 failures
[92mINFO [0m:      	└──> Aggregated MetricRecord: {'train_loss': 0.08419612148884059, 'train_loss_mean': 0.13036264246735357, 'client-ids': [0, 1, 2, 3, 4, 5, 6], 'per-client-num-examples': [5770, 6243, 6225, 3880, 2928, 4981, 3945], 'per-client-train_loss': [0.09416742597632369, 0.08904503909690475, 0.06225675404311184, 0.1155434347151481, 0.06505508084725486, 0.1005199892983765, 0.05932274986676995], 'per-client-train_loss_mean': [0.11946311535919003, 0.10686907400587949, 0.09621165105712462, 0.1646889799326351, 0.19447701093766206, 0.13386379337206383, 0.15160427692744063]}
[92mINFO [0m:      configure_evaluate: Sampled 7 nodes (out of 7)
[92mINFO [0m:      aggregate_evaluate: Received 7 results and 0 failures
[92mINFO [0m:      	└──> Aggregated MetricRecord: {'eval_loss': 1.5185164002712161, 'eval_acc': 0.6947975517890772, 'client-ids': [0, 1, 2, 3, 4, 5, 6], 'per-client-eval_acc': [0.6874566874566874, 0.7021140294682896, 0.7251123956326269, 0.6670103092783505, 0.6762295081967213, 0.6934189406099518, 0.6889564336372846], 'per-client-eval_loss': [1.5818249665443382, 1.527552431779821, 1.3157730653795894, 1.6520188626554824, 1.578335655191557, 1.4941767452233867, 1.5866562109950104], 'per-client-num-examples': [1443, 1561, 1557, 970, 732, 1246, 987]}
[92mINFO [0m:      Global evaluation
[92mINFO [0m:      	└──> MetricRecord: {'loss': 1.5352419841766358, 'accuracy': 0.6884, 'f1': 0.6871073395099256, 'precision': 0.6903110946101968, 'auc': 0.9480610866666666, 'diverged': 0.0}
[92mINFO [0m:      
[92mINFO [0m:      [ROUND 19/20]
[92mINFO [0m:      configure_train: Sampled 7 nodes (out of 7)
[92mINFO [0m:      aggregate_train: Received 7 results and 0 failures
[92mINFO [0m:      	└──> Aggregated MetricRecord: {'train_loss': 0.07988435594443624, 'train_loss_mean': 0.12364229523515306, 'client-ids': [0, 1, 2, 3, 4, 5, 6], 'per-client-num-examples': [5770, 6243, 6225, 3880, 2928, 4981, 3945], 'per-client-train_loss': [0.08396660038617083, 0.07524968763664495, 0.07670013213073872, 0.08376207605061918, 0.08505763281442102, 0.08034464668223021, 0.0780379326756765], 'per-client-train_loss_mean': [0.11379852309616434, 0.097265490266876, 0.0922814754416276, 0.14744405644129693, 0.19518985460089938, 0.12807379750360257, 0.14715931976537477]}
[92mINFO [0m:      configure_evaluate: Sampled 7 nodes (out of 7)
[92mINFO [0m:      aggregate_evaluate: Received 7 results and 0 failures
[92mINFO [0m:      	└──> Aggregated MetricRecord: {'eval_loss': 1.6000209580650888, 'eval_acc': 0.6892655367231638, 'client-ids': [0, 1, 2, 3, 4, 5, 6], 'per-client-eval_acc': [0.6902286902286903, 0.7040358744394619, 0.7052023121387283, 0.6587628865979381, 0.6639344262295082, 0.6926163723916533, 0.6838905775075987], 'per-client-eval_loss': [1.6178995350211838, 1.5916069820093697, 1.4451468656977247, 1.7529542431388934, 1.758379868470906, 1.5598921048698609, 1.6144190675219503], 'per-client-num-examples': [1443, 1561, 1557, 970, 732, 1246, 987]}
[92mINFO [0m:      Global evaluation
[92mINFO [0m:      	└──> MetricRecord: {'loss': 1.6128681547164918, 'accuracy': 0.6788, 'f1': 0.6779022845568199, 'precision': 0.68304351140222, 'auc': 0.9458720177777777, 'diverged': 0.0}
[92mINFO [0m:      
[92mINFO [0m:      [ROUND 20/20]
[92mINFO [0m:      configure_train: Sampled 7 nodes (out of 7)
[92mINFO [0m:      aggregate_train: Received 7 results and 0 failures
[92mINFO [0m:      	└──> Aggregated MetricRecord: {'train_loss': 0.07602546741839653, 'train_loss_mean': 0.11654717228866077, 'client-ids': [0, 1, 2, 3, 4, 5, 6], 'per-client-num-examples': [5770, 6243, 6225, 3880, 2928, 4981, 3945], 'per-client-train_loss': [0.09519113653905986, 0.06864084955468958, 0.06820738241734754, 0.07886966372427252, 0.0830173383115745, 0.05473758296207524, 0.09090787818223352], 'per-client-train_loss_mean': [0.10724845971279429, 0.0948894212328529, 0.089054234818806, 0.1381045669114659, 0.18258100038628436, 0.11262460789190562, 0.14254337016138968]}
[92mINFO [0m:      configure_evaluate: Sampled 7 nodes (out of 7)
[92mINFO [0m:      aggregate_evaluate: Received 7 results and 0 failures
[92mINFO [0m:      	└──> Aggregated MetricRecord: {'eval_loss': 1.6492737454209623, 'eval_acc': 0.6918549905838042, 'client-ids': [0, 1, 2, 3, 4, 5, 6], 'per-client-eval_acc': [0.6846846846846847, 0.7117232543241512, 0.7167630057803468, 0.6587628865979381, 0.6830601092896175, 0.6845906902086677, 0.6798378926038501], 'per-client-eval_loss': [1.7124177115870614, 1.6224535759407155, 1.4449110949889314, 1.809065513020938, 1.7604863083427722, 1.6385675402743858, 1.6957545043728877], 'per-client-num-examples': [1443, 1561, 1557, 970, 732, 1246, 987]}
[92mINFO [0m:      Global evaluation
[92mINFO [0m:      	└──> MetricRecord: {'loss': 1.6831559127807618, 'accuracy': 0.682, 'f1': 0.6787863215948613, 'precision': 0.6821531641503213, 'auc': 0.9467440555555554, 'diverged': 0.0}
[92mINFO [0m:      
[92mINFO [0m:      Strategy execution finished in 551.57s
[92mINFO [0m:      
[92mINFO [0m:      Final results:
[92mINFO [0m:      
[92mINFO [0m:      	Global Arrays:
[92mINFO [0m:      		ArrayRecord (1.392 MB)
[92mINFO [0m:      	
[92mINFO [0m:      	Aggregated ClientApp-side Train Metrics:
[92mINFO [0m:      	{ 1: { 'client-ids': "['0', '1', '2', '3', '4', '5', '6']",
[92mINFO [0m:      	       'per-client-num-examples': "['5770', '6243', '6225', '3880', '2928', "
[92mINFO [0m:      	                                  "'4981', '3945']",
[92mINFO [0m:      	       'per-client-train_loss': "['1.4660e+00', '1.3621e+00', '1.2458e+00', "
[92mINFO [0m:      	                                "'1.5309e+00', '1.5868e+00', '1.3814e+00', "
[92mINFO [0m:      	                                "'1.5587e+00']",
[92mINFO [0m:      	       'per-client-train_loss_mean': "['1.7527e+00', '1.6452e+00', "
[92mINFO [0m:      	                                     "'1.5204e+00', '1.7314e+00', "
[92mINFO [0m:      	                                     "'1.8042e+00', '1.6288e+00', "
[92mINFO [0m:      	                                     "'1.7656e+00']",
[92mINFO [0m:      	       'train_loss': '1.4227e+00',
[92mINFO [0m:      	       'train_loss_mean': '1.6757e+00'},
[92mINFO [0m:      	  2: { 'client-ids': "['0', '1', '2', '3', '4', '5', '6']",
[92mINFO [0m:      	       'per-client-num-examples': "['5770', '6243', '6225', '3880', '2928', "
[92mINFO [0m:      	                                  "'4981', '3945']",
[92mINFO [0m:      	       'per-client-train_loss': "['1.2067e+00', '1.1323e+00', '1.0198e+00', "
[92mINFO [0m:      	                                "'1.2110e+00', '1.2019e+00', '1.1747e+00', "
[92mINFO [0m:      	                                "'1.2785e+00']",
[92mINFO [0m:      	       'per-client-train_loss_mean': "['1.4122e+00', '1.3303e+00', "
[92mINFO [0m:      	                                     "'1.2205e+00', '1.3838e+00', "
[92mINFO [0m:      	                                     "'1.4034e+00', '1.3543e+00', "
[92mINFO [0m:      	                                     "'1.4626e+00']",
[92mINFO [0m:      	       'train_loss': '1.1625e+00',
[92mINFO [0m:      	       'train_loss_mean': '1.3554e+00'},
[92mINFO [0m:      	  3: { 'client-ids': "['0', '1', '2', '3', '4', '5', '6']",
[92mINFO [0m:      	       'per-client-num-examples': "['5770', '6243', '6225', '3880', '2928', "
[92mINFO [0m:      	                                  "'4981', '3945']",
[92mINFO [0m:      	       'per-client-train_loss': "['9.3548e-01', '8.7600e-01', '8.1806e-01', "
[92mINFO [0m:      	                                "'9.1170e-01', '9.1565e-01', '9.1951e-01', "
[92mINFO [0m:      	                                "'9.4291e-01']",
[92mINFO [0m:      	       'per-client-train_loss_mean': "['1.1230e+00', '1.0563e+00', "
[92mINFO [0m:      	                                     "'9.7441e-01', '1.0660e+00', "
[92mINFO [0m:      	                                     "'1.0586e+00', '1.0742e+00', "
[92mINFO [0m:      	                                     "'1.1241e+00']",
[92mINFO [0m:      	       'train_loss': '8.9713e-01',
[92mINFO [0m:      	       'train_loss_mean': '1.0644e+00'},
[92mINFO [0m:      	  4: { 'client-ids': "['0', '1', '2', '3', '4', '5', '6']",
[92mINFO [0m:      	       'per-client-num-examples': "['5770', '6243', '6225', '3880', '2928', "
[92mINFO [0m:      	                                  "'4981', '3945']",
[92mINFO [0m:      	       'per-client-train_loss': "['6.9514e-01', '6.4619e-01', '6.0149e-01', "
[92mINFO [0m:      	                                "'6.7238e-01', '6.6841e-01', '6.9377e-01', "
[92mINFO [0m:      	                                "'7.1117e-01']",
[92mINFO [0m:      	       'per-client-train_loss_mean': "['8.9736e-01', '8.3317e-01', "
[92mINFO [0m:      	                                     "'7.6934e-01', '8.6371e-01', "
[92mINFO [0m:      	                                     "'8.4979e-01', '8.7760e-01', "
[92mINFO [0m:      	                                     "'9.0278e-01']",
[92mINFO [0m:      	       'train_loss': '6.6574e-01',
[92mINFO [0m:      	       'train_loss_mean': '8.5189e-01'},
[92mINFO [0m:      	  5: { 'client-ids': "['0', '1', '2', '3', '4', '5', '6']",
[92mINFO [0m:      	       'per-client-num-examples': "['5770', '6243', '6225', '3880', '2928', "
[92mINFO [0m:      	                                  "'4981', '3945']",
[92mINFO [0m:      	       'per-client-train_loss': "['4.7821e-01', '4.4698e-01', '4.2711e-01', "
[92mINFO [0m:      	                                "'4.6705e-01', '4.7383e-01', '5.0294e-01', "
[92mINFO [0m:      	                                "'4.8619e-01']",
[92mINFO [0m:      	       'per-client-train_loss_mean': "['7.0592e-01', '6.5675e-01', "
[92mINFO [0m:      	                                     "'5.9907e-01', '6.8027e-01', "
[92mINFO [0m:      	                                     "'6.8441e-01', '6.9626e-01', "
[92mINFO [0m:      	                                     "'7.1640e-01']",
[92mINFO [0m:      	       'train_loss': '4.6601e-01',
[92mINFO [0m:      	       'train_loss_mean': '6.7232e-01'},
[92mINFO [0m:      	  6: { 'client-ids': "['0', '1', '2', '3', '4', '5', '6']",
[92mINFO [0m:      	       'per-client-num-examples': "['5770', '6243', '6225', '3880', '2928', "
[92mINFO [0m:      	                                  "'4981', '3945']",
[92mINFO [0m:      	       'per-client-train_loss': "['3.3359e-01', '3.2351e-01', '2.9855e-01', "
[92mINFO [0m:      	                                "'3.3495e-01', '3.3343e-01', '3.6059e-01', "
[92mINFO [0m:      	                                "'3.4840e-01']",
[92mINFO [0m:      	       'per-client-train_loss_mean': "['5.5562e-01', '5.0159e-01', "
[92mINFO [0m:      	                                     "'4.5886e-01', '5.4781e-01', "
[92mINFO [0m:      	                                     "'5.5450e-01', '5.5763e-01', "
[92mINFO [0m:      	                                     "'5.9086e-01']",
[92mINFO [0m:      	       'train_loss': '3.3114e-01',
[92mINFO [0m:      	       'train_loss_mean': '5.3136e-01'},
[92mINFO [0m:      	  7: { 'client-ids': "['0', '1', '2', '3', '4', '5', '6']",
[92mINFO [0m:      	       'per-client-num-examples': "['5770', '6243', '6225', '3880', '2928', "
[92mINFO [0m:      	                                  "'4981', '3945']",
[92mINFO [0m:      	       'per-client-train_loss': "['2.6257e-01', '2.3555e-01', '1.9760e-01', "
[92mINFO [0m:      	                                "'2.3258e-01', '2.7144e-01', '2.4708e-01', "
[92mINFO [0m:      	                                "'2.5672e-01']",
[92mINFO [0m:      	       'per-client-train_loss_mean': "['4.4014e-01', '3.9602e-01', "
[92mINFO [0m:      	                                     "'3.5218e-01', '4.5754e-01', "
[92mINFO [0m:      	                                     "'4.8529e-01', '4.5667e-01', "
[92mINFO [0m:      	                                     "'4.7800e-01']",
[92mINFO [0m:      	       'train_loss': '2.4009e-01',
[92mINFO [0m:      	       'train_loss_mean': '4.2861e-01'},
[92mINFO [0m:      	  8: { 'client-ids': "['0', '1', '2', '3', '4', '5', '6']",
[92mINFO [0m:      	       'per-client-num-examples': "['5770', '6243', '6225', '3880', '2928', "
[92mINFO [0m:      	                                  "'4981', '3945']",
[92mINFO [0m:      	       'per-client-train_loss': "['1.8642e-01', '1.9814e-01', '1.5346e-01', "
[92mINFO [0m:      	                                "'1.6686e-01', '1.6581e-01', '2.1255e-01', "
[92mINFO [0m:      	                                "'1.7056e-01']",
[92mINFO [0m:      	       'per-client-train_loss_mean': "['3.5519e-01', '3.1374e-01', "
[92mINFO [0m:      	                                     "'2.8528e-01', '3.7324e-01', "
[92mINFO [0m:      	                                     "'4.0975e-01', '3.8354e-01', "
[92mINFO [0m:      	                                     "'3.9626e-01']",
[92mINFO [0m:      	       'train_loss': '1.8051e-01',
[92mINFO [0m:      	       'train_loss_mean': '3.5045e-01'},
[92mINFO [0m:      	  9: { 'client-ids': "['0', '1', '2', '3', '4', '5', '6']",
[92mINFO [0m:      	       'per-client-num-examples': "['5770', '6243', '6225', '3880', '2928', "
[92mINFO [0m:      	                                  "'4981', '3945']",
[92mINFO [0m:      	       'per-client-train_loss': "['1.7753e-01', '1.3148e-01', '1.4287e-01', "
[92mINFO [0m:      	                                "'1.4061e-01', '1.5470e-01', '1.5941e-01', "
[92mINFO [0m:      	                                "'1.4020e-01']",
[92mINFO [0m:      	       'per-client-train_loss_mean': "['2.9463e-01', '2.5290e-01', "
[92mINFO [0m:      	                                     "'2.3124e-01', '3.2575e-01', "
[92mINFO [0m:      	                                     "'3.5935e-01', '3.1775e-01', "
[92mINFO [0m:      	                                     "'3.4356e-01']",
[92mINFO [0m:      	       'train_loss': '1.4954e-01',
[92mINFO [0m:      	       'train_loss_mean': '2.9355e-01'},
[92mINFO [0m:      	  10: { 'client-ids': "['0', '1', '2', '3', '4', '5', '6']",
[92mINFO [0m:      	        'per-client-num-examples': "['5770', '6243', '6225', '3880', '2928', "
[92mINFO [0m:      	                                   "'4981', '3945']",
[92mINFO [0m:      	        'per-client-train_loss': "['1.6105e-01', '1.3526e-01', '1.1279e-01', "
[92mINFO [0m:      	                                 "'1.5484e-01', '1.3553e-01', '1.4722e-01', "
[92mINFO [0m:      	                                 "'1.3440e-01']",
[92mINFO [0m:      	        'per-client-train_loss_mean': "['2.4732e-01', '2.1955e-01', "
[92mINFO [0m:      	                                      "'2.0579e-01', '2.8972e-01', "
[92mINFO [0m:      	                                      "'3.2973e-01', '2.7567e-01', "
[92mINFO [0m:      	                                      "'2.9955e-01']",
[92mINFO [0m:      	        'train_loss': '1.3944e-01',
[92mINFO [0m:      	        'train_loss_mean': '2.5677e-01'},
[92mINFO [0m:      	  11: { 'client-ids': "['0', '1', '2', '3', '4', '5', '6']",
[92mINFO [0m:      	        'per-client-num-examples': "['5770', '6243', '6225', '3880', '2928', "
[92mINFO [0m:      	                                   "'4981', '3945']",
[92mINFO [0m:      	        'per-client-train_loss': "['1.3093e-01', '1.3919e-01', '6.7131e-02', "
[92mINFO [0m:      	                                 "'9.5695e-02', '1.1773e-01', '1.2405e-01', "
[92mINFO [0m:      	                                 "'1.5476e-01']",
[92mINFO [0m:      	        'per-client-train_loss_mean': "['2.1958e-01', '1.9146e-01', "
[92mINFO [0m:      	                                      "'1.6945e-01', '2.4709e-01', "
[92mINFO [0m:      	                                      "'3.1058e-01', '2.4207e-01', "
[92mINFO [0m:      	                                      "'2.7353e-01']",
[92mINFO [0m:      	        'train_loss': '1.1735e-01',
[92mINFO [0m:      	        'train_loss_mean': '2.2577e-01'},
[92mINFO [0m:      	  12: { 'client-ids': "['0', '1', '2', '3', '4', '5', '6']",
[92mINFO [0m:      	        'per-client-num-examples': "['5770', '6243', '6225', '3880', '2928', "
[92mINFO [0m:      	                                   "'4981', '3945']",
[92mINFO [0m:      	        'per-client-train_loss': "['1.3932e-01', '1.1249e-01', '1.0322e-01', "
[92mINFO [0m:      	                                 "'9.1131e-02', '1.0885e-01', '1.0135e-01', "
[92mINFO [0m:      	                                 "'9.6031e-02']",
[92mINFO [0m:      	        'per-client-train_loss_mean': "['1.8402e-01', '1.7664e-01', "
[92mINFO [0m:      	                                      "'1.5546e-01', '2.3551e-01', "
[92mINFO [0m:      	                                      "'2.8527e-01', '2.1043e-01', "
[92mINFO [0m:      	                                      "'2.3807e-01']",
[92mINFO [0m:      	        'train_loss': '1.0905e-01',
[92mINFO [0m:      	        'train_loss_mean': '2.0219e-01'},
[92mINFO [0m:      	  13: { 'client-ids': "['0', '1', '2', '3', '4', '5', '6']",
[92mINFO [0m:      	        'per-client-num-examples': "['5770', '6243', '6225', '3880', '2928', "
[92mINFO [0m:      	                                   "'4981', '3945']",
[92mINFO [0m:      	        'per-client-train_loss': "['1.1585e-01', '1.0707e-01', '7.7385e-02', "
[92mINFO [0m:      	                                 "'9.0908e-02', '1.2197e-01', '1.2731e-01', "
[92mINFO [0m:      	                                 "'9.0403e-02']",
[92mINFO [0m:      	        'per-client-train_loss_mean': "['1.7256e-01', '1.4575e-01', "
[92mINFO [0m:      	                                      "'1.3770e-01', '2.1171e-01', "
[92mINFO [0m:      	                                      "'2.6939e-01', '1.9392e-01', "
[92mINFO [0m:      	                                      "'2.2978e-01']",
[92mINFO [0m:      	        'train_loss': '1.0359e-01',
[92mINFO [0m:      	        'train_loss_mean': '1.8384e-01'},
[92mINFO [0m:      	  14: { 'client-ids': "['0', '1', '2', '3', '4', '5', '6']",
[92mINFO [0m:      	        'per-client-num-examples': "['5770', '6243', '6225', '3880', '2928', "
[92mINFO [0m:      	                                   "'4981', '3945']",
[92mINFO [0m:      	        'per-client-train_loss': "['1.0894e-01', '1.2008e-01', '7.5602e-02', "
[92mINFO [0m:      	                                 "'9.4065e-02', '5.7369e-02', '1.1300e-01', "
[92mINFO [0m:      	                                 "'7.9710e-02']",
[92mINFO [0m:      	        'per-client-train_loss_mean': "['1.5746e-01', '1.3583e-01', "
[92mINFO [0m:      	                                      "'1.2157e-01', '1.9473e-01', "
[92mINFO [0m:      	                                      "'2.3635e-01', '1.7412e-01', "
[92mINFO [0m:      	                                      "'2.1138e-01']",
[92mINFO [0m:      	        'train_loss': '9.5937e-02',
[92mINFO [0m:      	        'train_loss_mean': '1.6667e-01'},
[92mINFO [0m:      	  15: { 'client-ids': "['0', '1', '2', '3', '4', '5', '6']",
[92mINFO [0m:      	        'per-client-num-examples': "['5770', '6243', '6225', '3880', '2928', "
[92mINFO [0m:      	                                   "'4981', '3945']",
[92mINFO [0m:      	        'per-client-train_loss': "['1.2318e-01', '1.1063e-01', '1.0454e-01', "
[92mINFO [0m:      	                                 "'6.9462e-02', '8.9839e-02', '1.1824e-01', "
[92mINFO [0m:      	                                 "'1.1004e-01']",
[92mINFO [0m:      	        'per-client-train_loss_mean': "['1.4858e-01', '1.2579e-01', "
[92mINFO [0m:      	                                      "'1.1616e-01', '1.7818e-01', "
[92mINFO [0m:      	                                      "'2.2915e-01', '1.5875e-01', "
[92mINFO [0m:      	                                      "'1.9529e-01']",
[92mINFO [0m:      	        'train_loss': '1.0620e-01',
[92mINFO [0m:      	        'train_loss_mean': '1.5569e-01'},
[92mINFO [0m:      	  16: { 'client-ids': "['0', '1', '2', '3', '4', '5', '6']",
[92mINFO [0m:      	        'per-client-num-examples': "['5770', '6243', '6225', '3880', '2928', "
[92mINFO [0m:      	                                   "'4981', '3945']",
[92mINFO [0m:      	        'per-client-train_loss': "['1.3905e-01', '7.4918e-02', '1.1241e-01', "
[92mINFO [0m:      	                                 "'8.6119e-02', '6.9799e-02', '9.4739e-02', "
[92mINFO [0m:      	                                 "'1.5670e-01']",
[92mINFO [0m:      	        'per-client-train_loss_mean': "['1.4049e-01', '1.1452e-01', "
[92mINFO [0m:      	                                      "'1.1565e-01', '1.7423e-01', "
[92mINFO [0m:      	                                      "'2.2735e-01', '1.4620e-01', "
[92mINFO [0m:      	                                      "'1.9603e-01']",
[92mINFO [0m:      	        'train_loss': '1.0592e-01',
[92mINFO [0m:      	        'train_loss_mean': '1.4979e-01'},
[92mINFO [0m:      	  17: { 'client-ids': "['0', '1', '2', '3', '4', '5', '6']",
[92mINFO [0m:      	        'per-client-num-examples': "['5770', '6243', '6225', '3880', '2928', "
[92mINFO [0m:      	                                   "'4981', '3945']",
[92mINFO [0m:      	        'per-client-train_loss': "['8.8455e-02', '3.7708e-02', '7.7161e-02', "
[92mINFO [0m:      	                                 "'8.0025e-02', '1.0387e-01', '9.4741e-02', "
[92mINFO [0m:      	                                 "'1.1006e-01']",
[92mINFO [0m:      	        'per-client-train_loss_mean': "['1.2888e-01', '1.1733e-01', "
[92mINFO [0m:      	                                      "'1.0267e-01', '1.6295e-01', "
[92mINFO [0m:      	                                      "'2.0802e-01', '1.3791e-01', "
[92mINFO [0m:      	                                      "'1.6358e-01']",
[92mINFO [0m:      	        'train_loss': '8.0856e-02',
[92mINFO [0m:      	        'train_loss_mean': '1.3802e-01'},
[92mINFO [0m:      	  18: { 'client-ids': "['0', '1', '2', '3', '4', '5', '6']",
[92mINFO [0m:      	        'per-client-num-examples': "['5770', '6243', '6225', '3880', '2928', "
[92mINFO [0m:      	                                   "'4981', '3945']",
[92mINFO [0m:      	        'per-client-train_loss': "['9.4167e-02', '8.9045e-02', '6.2257e-02', "
[92mINFO [0m:      	                                 "'1.1554e-01', '6.5055e-02', '1.0052e-01', "
[92mINFO [0m:      	                                 "'5.9323e-02']",
[92mINFO [0m:      	        'per-client-train_loss_mean': "['1.1946e-01', '1.0687e-01', "
[92mINFO [0m:      	                                      "'9.6212e-02', '1.6469e-01', "
[92mINFO [0m:      	                                      "'1.9448e-01', '1.3386e-01', "
[92mINFO [0m:      	                                      "'1.5160e-01']",
[92mINFO [0m:      	        'train_loss': '8.4196e-02',
[92mINFO [0m:      	        'train_loss_mean': '1.3036e-01'},
[92mINFO [0m:      	  19: { 'client-ids': "['0', '1', '2', '3', '4', '5', '6']",
[92mINFO [0m:      	        'per-client-num-examples': "['5770', '6243', '6225', '3880', '2928', "
[92mINFO [0m:      	                                   "'4981', '3945']",
[92mINFO [0m:      	        'per-client-train_loss': "['8.3967e-02', '7.5250e-02', '7.6700e-02', "
[92mINFO [0m:      	                                 "'8.3762e-02', '8.5058e-02', '8.0345e-02', "
[92mINFO [0m:      	                                 "'7.8038e-02']",
[92mINFO [0m:      	        'per-client-train_loss_mean': "['1.1380e-01', '9.7265e-02', "
[92mINFO [0m:      	                                      "'9.2281e-02', '1.4744e-01', "
[92mINFO [0m:      	                                      "'1.9519e-01', '1.2807e-01', "
[92mINFO [0m:      	                                      "'1.4716e-01']",
[92mINFO [0m:      	        'train_loss': '7.9884e-02',
[92mINFO [0m:      	        'train_loss_mean': '1.2364e-01'},
[92mINFO [0m:      	  20: { 'client-ids': "['0', '1', '2', '3', '4', '5', '6']",
[92mINFO [0m:      	        'per-client-num-examples': "['5770', '6243', '6225', '3880', '2928', "
[92mINFO [0m:      	                                   "'4981', '3945']",
[92mINFO [0m:      	        'per-client-train_loss': "['9.5191e-02', '6.8641e-02', '6.8207e-02', "
[92mINFO [0m:      	                                 "'7.8870e-02', '8.3017e-02', '5.4738e-02', "
[92mINFO [0m:      	                                 "'9.0908e-02']",
[92mINFO [0m:      	        'per-client-train_loss_mean': "['1.0725e-01', '9.4889e-02', "
[92mINFO [0m:      	                                      "'8.9054e-02', '1.3810e-01', "
[92mINFO [0m:      	                                      "'1.8258e-01', '1.1262e-01', "
[92mINFO [0m:      	                                      "'1.4254e-01']",
[92mINFO [0m:      	        'train_loss': '7.6025e-02',
[92mINFO [0m:      	        'train_loss_mean': '1.1655e-01'}}
[92mINFO [0m:      	
[92mINFO [0m:      	Aggregated ClientApp-side Evaluate Metrics:
[92mINFO [0m:      	{ 1: { 'client-ids': "['0', '1', '2', '3', '4', '5', '6']",
[92mINFO [0m:      	       'eval_acc': '1.4995e-01',
[92mINFO [0m:      	       'eval_loss': '2.2693e+00',
[92mINFO [0m:      	       'per-client-eval_acc': "['6.4449e-02', '1.2556e-01', '2.6012e-01', "
[92mINFO [0m:      	                              "'9.3814e-02', '2.0492e-01', '1.6854e-01', "
[92mINFO [0m:      	                              "'1.3070e-01']",
[92mINFO [0m:      	       'per-client-eval_loss': "['2.2908e+00', '2.2648e+00', '2.2684e+00', "
[92mINFO [0m:      	                               "'2.2531e+00', '2.2656e+00', '2.2700e+00', "
[92mINFO [0m:      	                               "'2.2643e+00']",
[92mINFO [0m:      	       'per-client-num-examples': "['1443', '1561', '1557', '970', '732', "
[92mINFO [0m:      	                                  "'1246', '987']"},
[92mINFO [0m:      	  2: { 'client-ids': "['0', '1', '2', '3', '4', '5', '6']",
[92mINFO [0m:      	       'eval_acc': '4.9682e-01',
[92mINFO [0m:      	       'eval_loss': '1.4068e+00',
[92mINFO [0m:      	       'per-client-eval_acc': "['4.4629e-01', '5.0609e-01', '5.8638e-01', "
[92mINFO [0m:      	                              "'4.0000e-01', '4.9863e-01', '5.2327e-01', "
[92mINFO [0m:      	                              "'4.7518e-01']",
[92mINFO [0m:      	       'per-client-eval_loss': "['1.5611e+00', '1.3862e+00', '1.2778e+00', "
[92mINFO [0m:      	                               "'1.4930e+00', '1.4068e+00', '1.3166e+00', "
[92mINFO [0m:      	                               "'1.4465e+00']",
[92mINFO [0m:      	       'per-client-num-examples': "['1443', '1561', '1557', '970', '732', "
[92mINFO [0m:      	                                  "'1246', '987']"},
[92mINFO [0m:      	  3: { 'client-ids': "['0', '1', '2', '3', '4', '5', '6']",
[92mINFO [0m:      	       'eval_acc': '5.9793e-01',
[92mINFO [0m:      	       'eval_loss': '1.1209e+00',
[92mINFO [0m:      	       'per-client-eval_acc': "['5.6410e-01', '6.0026e-01', '6.7373e-01', "
[92mINFO [0m:      	                              "'5.2887e-01', '6.0383e-01', '6.1075e-01', "
[92mINFO [0m:      	                              "'5.7143e-01']",
[92mINFO [0m:      	       'per-client-eval_loss': "['1.2256e+00', '1.1110e+00', '9.8461e-01', "
[92mINFO [0m:      	                               "'1.2273e+00', '1.1346e+00', '1.0657e+00', "
[92mINFO [0m:      	                               "'1.1534e+00']",
[92mINFO [0m:      	       'per-client-num-examples': "['1443', '1561', '1557', '970', '732', "
[92mINFO [0m:      	                                  "'1246', '987']"},
[92mINFO [0m:      	  4: { 'client-ids': "['0', '1', '2', '3', '4', '5', '6']",
[92mINFO [0m:      	       'eval_acc': '6.4513e-01',
[92mINFO [0m:      	       'eval_loss': '1.0203e+00',
[92mINFO [0m:      	       'per-client-eval_acc': "['6.3063e-01', '6.5663e-01', '6.9428e-01', "
[92mINFO [0m:      	                              "'5.9485e-01', '6.2842e-01', '6.6051e-01', "
[92mINFO [0m:      	                              "'6.1297e-01']",
[92mINFO [0m:      	       'per-client-eval_loss': "['1.1067e+00', '1.0076e+00', '9.2453e-01', "
[92mINFO [0m:      	                               "'1.0888e+00', '1.0410e+00', '9.5612e-01', "
[92mINFO [0m:      	                               "'1.0632e+00']",
[92mINFO [0m:      	       'per-client-num-examples': "['1443', '1561', '1557', '970', '732', "
[92mINFO [0m:      	                                  "'1246', '987']"},
[92mINFO [0m:      	  5: { 'client-ids': "['0', '1', '2', '3', '4', '5', '6']",
[92mINFO [0m:      	       'eval_acc': '6.7373e-01',
[92mINFO [0m:      	       'eval_loss': '9.8540e-01',
[92mINFO [0m:      	       'per-client-eval_acc': "['6.6667e-01', '7.0340e-01', '7.1162e-01', "
[92mINFO [0m:      	                              "'6.2268e-01', '6.6803e-01', '6.6854e-01', "
[92mINFO [0m:      	                              "'6.3830e-01']",
[92mINFO [0m:      	       'per-client-eval_loss': "['1.0506e+00', '9.3818e-01', '9.0381e-01', "
[92mINFO [0m:      	                               "'1.0357e+00', '1.0177e+00', '9.7206e-01', "
[92mINFO [0m:      	                               "'1.0369e+00']",
[92mINFO [0m:      	       'per-client-num-examples': "['1443', '1561', '1557', '970', '732', "
[92mINFO [0m:      	                                  "'1246', '987']"},
[92mINFO [0m:      	  6: { 'client-ids': "['0', '1', '2', '3', '4', '5', '6']",
[92mINFO [0m:      	       'eval_acc': '6.8503e-01',
[92mINFO [0m:      	       'eval_loss': '9.9459e-01',
[92mINFO [0m:      	       'per-client-eval_acc': "['6.7775e-01', '7.0596e-01', '7.1548e-01', "
[92mINFO [0m:      	                              "'6.4124e-01', '6.8443e-01', '6.8700e-01', "
[92mINFO [0m:      	                              "'6.5552e-01']",
[92mINFO [0m:      	       'per-client-eval_loss': "['1.0205e+00', '9.8206e-01', '9.1772e-01', "
[92mINFO [0m:      	                               "'1.0379e+00', '1.0133e+00', '9.9472e-01', "
[92mINFO [0m:      	                               "'1.0411e+00']",
[92mINFO [0m:      	       'per-client-num-examples': "['1443', '1561', '1557', '970', '732', "
[92mINFO [0m:      	                                  "'1246', '987']"},
[92mINFO [0m:      	  7: { 'client-ids': "['0', '1', '2', '3', '4', '5', '6']",
[92mINFO [0m:      	       'eval_acc': '6.9150e-01',
[92mINFO [0m:      	       'eval_loss': '1.0430e+00',
[92mINFO [0m:      	       'per-client-eval_acc': "['6.9161e-01', '7.1044e-01', '7.0584e-01', "
[92mINFO [0m:      	                              "'6.6289e-01', '6.8306e-01', '6.9904e-01', "
[92mINFO [0m:      	                              "'6.6363e-01']",
[92mINFO [0m:      	       'per-client-eval_loss': "['1.0880e+00', '1.0084e+00', '9.7663e-01', "
[92mINFO [0m:      	                               "'1.0737e+00', '1.1112e+00', '1.0069e+00', "
[92mINFO [0m:      	                               "'1.1012e+00']",
[92mINFO [0m:      	       'per-client-num-examples': "['1443', '1561', '1557', '970', '732', "
[92mINFO [0m:      	                                  "'1246', '987']"},
[92mINFO [0m:      	  8: { 'client-ids': "['0', '1', '2', '3', '4', '5', '6']",
[92mINFO [0m:      	       'eval_acc': '6.9409e-01',
[92mINFO [0m:      	       'eval_loss': '1.1354e+00',
[92mINFO [0m:      	       'per-client-eval_acc': "['6.9854e-01', '6.9763e-01', '7.1805e-01', "
[92mINFO [0m:      	                              "'6.4227e-01', '7.0219e-01', '6.9743e-01', "
[92mINFO [0m:      	                              "'6.8490e-01']",
[92mINFO [0m:      	       'per-client-eval_loss': "['1.1413e+00', '1.1436e+00', '1.0485e+00', "
[92mINFO [0m:      	                               "'1.2473e+00', '1.1479e+00', '1.0940e+00', "
[92mINFO [0m:      	                               "'1.1840e+00']",
[92mINFO [0m:      	       'per-client-num-examples': "['1443', '1561', '1557', '970', '732', "
[92mINFO [0m:      	                                  "'1246', '987']"},
[92mINFO [0m:      	  9: { 'client-ids': "['0', '1', '2', '3', '4', '5', '6']",
[92mINFO [0m:      	       'eval_acc': '6.9892e-01',
[92mINFO [0m:      	       'eval_loss': '1.1560e+00',
[92mINFO [0m:      	       'per-client-eval_acc': "['7.0478e-01', '7.0724e-01', '7.1484e-01', "
[92mINFO [0m:      	                              "'6.7113e-01', '6.9126e-01', '6.9743e-01', "
[92mINFO [0m:      	                              "'6.8693e-01']",
[92mINFO [0m:      	       'per-client-eval_loss': "['1.1755e+00', '1.1265e+00', '1.0652e+00', "
[92mINFO [0m:      	                               "'1.2604e+00', '1.2372e+00', '1.1368e+00', "
[92mINFO [0m:      	                               "'1.1791e+00']",
[92mINFO [0m:      	       'per-client-num-examples': "['1443', '1561', '1557', '970', '732', "
[92mINFO [0m:      	                                  "'1246', '987']"},
[92mINFO [0m:      	  10: { 'client-ids': "['0', '1', '2', '3', '4', '5', '6']",
[92mINFO [0m:      	        'eval_acc': '6.9903e-01',
[92mINFO [0m:      	        'eval_loss': '1.2755e+00',
[92mINFO [0m:      	        'per-client-eval_acc': "['6.9647e-01', '7.0468e-01', '7.1548e-01', "
[92mINFO [0m:      	                               "'6.7320e-01', '7.0219e-01', '7.0626e-01', "
[92mINFO [0m:      	                               "'6.8186e-01']",
[92mINFO [0m:      	        'per-client-eval_loss': "['1.3149e+00', '1.2473e+00', '1.1916e+00', "
[92mINFO [0m:      	                                "'1.3451e+00', '1.3289e+00', '1.2258e+00', "
[92mINFO [0m:      	                                "'1.3495e+00']",
[92mINFO [0m:      	        'per-client-num-examples': "['1443', '1561', '1557', '970', '732', "
[92mINFO [0m:      	                                   "'1246', '987']"},
[92mINFO [0m:      	  11: { 'client-ids': "['0', '1', '2', '3', '4', '5', '6']",
[92mINFO [0m:      	        'eval_acc': '6.9374e-01',
[92mINFO [0m:      	        'eval_loss': '1.2827e+00',
[92mINFO [0m:      	        'per-client-eval_acc': "['6.9647e-01', '7.0596e-01', '7.1291e-01', "
[92mINFO [0m:      	                               "'6.5361e-01', '6.9672e-01', '6.9904e-01', "
[92mINFO [0m:      	                               "'6.7072e-01']",
[92mINFO [0m:      	        'per-client-eval_loss': "['1.2904e+00', '1.2853e+00', '1.1672e+00', "
[92mINFO [0m:      	                                "'1.4301e+00', '1.3114e+00', '1.2484e+00', "
[92mINFO [0m:      	                                "'1.3266e+00']",
[92mINFO [0m:      	        'per-client-num-examples': "['1443', '1561', '1557', '970', '732', "
[92mINFO [0m:      	                                   "'1246', '987']"},
[92mINFO [0m:      	  12: { 'client-ids': "['0', '1', '2', '3', '4', '5', '6']",
[92mINFO [0m:      	        'eval_acc': '6.9586e-01',
[92mINFO [0m:      	        'eval_loss': '1.3850e+00',
[92mINFO [0m:      	        'per-client-eval_acc': "['6.7845e-01', '7.1044e-01', '7.2640e-01', "
[92mINFO [0m:      	                               "'6.5567e-01', '6.9536e-01', '7.0225e-01', "
[92mINFO [0m:      	                               "'6.8186e-01']",
[92mINFO [0m:      	        'per-client-eval_loss': "['1.4227e+00', '1.3768e+00', '1.2310e+00', "
[92mINFO [0m:      	                                "'1.5878e+00', '1.4355e+00', '1.3166e+00', "
[92mINFO [0m:      	                                "'1.4354e+00']",
[92mINFO [0m:      	        'per-client-num-examples': "['1443', '1561', '1557', '970', '732', "
[92mINFO [0m:      	                                   "'1246', '987']"},
[92mINFO [0m:      	  13: { 'client-ids': "['0', '1', '2', '3', '4', '5', '6']",
[92mINFO [0m:      	        'eval_acc': '6.9044e-01',
[92mINFO [0m:      	        'eval_loss': '1.4011e+00',
[92mINFO [0m:      	        'per-client-eval_acc': "['6.8815e-01', '7.0916e-01', '7.0263e-01', "
[92mINFO [0m:      	                               "'6.7010e-01', '6.6530e-01', '6.8700e-01', "
[92mINFO [0m:      	                               "'6.8794e-01']",
[92mINFO [0m:      	        'per-client-eval_loss': "['1.4318e+00', '1.3777e+00', '1.3200e+00', "
[92mINFO [0m:      	                                "'1.5006e+00', '1.4794e+00', '1.3472e+00', "
[92mINFO [0m:      	                                "'1.4337e+00']",
[92mINFO [0m:      	        'per-client-num-examples': "['1443', '1561', '1557', '970', '732', "
[92mINFO [0m:      	                                   "'1246', '987']"},
[92mINFO [0m:      	  14: { 'client-ids': "['0', '1', '2', '3', '4', '5', '6']",
[92mINFO [0m:      	        'eval_acc': '6.9009e-01',
[92mINFO [0m:      	        'eval_loss': '1.4393e+00',
[92mINFO [0m:      	        'per-client-eval_acc': "['6.8122e-01', '7.0468e-01', '7.1162e-01', "
[92mINFO [0m:      	                               "'6.6186e-01', '6.7213e-01', '6.8539e-01', "
[92mINFO [0m:      	                               "'6.9301e-01']",
[92mINFO [0m:      	        'per-client-eval_loss': "['1.4968e+00', '1.4208e+00', '1.3077e+00', "
[92mINFO [0m:      	                                "'1.5921e+00', '1.5376e+00', '1.3698e+00', "
[92mINFO [0m:      	                                "'1.4569e+00']",
[92mINFO [0m:      	        'per-client-num-examples': "['1443', '1561', '1557', '970', '732', "
[92mINFO [0m:      	                                   "'1246', '987']"},
[92mINFO [0m:      	  15: { 'client-ids': "['0', '1', '2', '3', '4', '5', '6']",
[92mINFO [0m:      	        'eval_acc': '6.9174e-01',
[92mINFO [0m:      	        'eval_loss': '1.4346e+00',
[92mINFO [0m:      	        'per-client-eval_acc': "['6.8538e-01', '7.0275e-01', '7.2126e-01', "
[92mINFO [0m:      	                               "'6.6701e-01', '6.7623e-01', '6.9342e-01', "
[92mINFO [0m:      	                               "'6.7072e-01']",
[92mINFO [0m:      	        'per-client-eval_loss': "['1.5072e+00', '1.3989e+00', '1.3030e+00', "
[92mINFO [0m:      	                                "'1.5117e+00', '1.5019e+00', '1.3892e+00', "
[92mINFO [0m:      	                                "'1.5246e+00']",
[92mINFO [0m:      	        'per-client-num-examples': "['1443', '1561', '1557', '970', '732', "
[92mINFO [0m:      	                                   "'1246', '987']"},
[92mINFO [0m:      	  16: { 'client-ids': "['0', '1', '2', '3', '4', '5', '6']",
[92mINFO [0m:      	        'eval_acc': '6.9185e-01',
[92mINFO [0m:      	        'eval_loss': '1.4584e+00',
[92mINFO [0m:      	        'per-client-eval_acc': "['6.9023e-01', '6.9955e-01', '7.1933e-01', "
[92mINFO [0m:      	                               "'6.5670e-01', '6.7486e-01', '6.9583e-01', "
[92mINFO [0m:      	                               "'6.8085e-01']",
[92mINFO [0m:      	        'per-client-eval_loss': "['1.4953e+00', '1.4599e+00', '1.3034e+00', "
[92mINFO [0m:      	                                "'1.6044e+00', '1.5473e+00', '1.4237e+00', "
[92mINFO [0m:      	                                "'1.4808e+00']",
[92mINFO [0m:      	        'per-client-num-examples': "['1443', '1561', '1557', '970', '732', "
[92mINFO [0m:      	                                   "'1246', '987']"},
[92mINFO [0m:      	  17: { 'client-ids': "['0', '1', '2', '3', '4', '5', '6']",
[92mINFO [0m:      	        'eval_acc': '6.9609e-01',
[92mINFO [0m:      	        'eval_loss': '1.5225e+00',
[92mINFO [0m:      	        'per-client-eval_acc': "['6.8884e-01', '7.0724e-01', '7.2319e-01', "
[92mINFO [0m:      	                               "'6.7835e-01', '6.8033e-01', '6.9342e-01', "
[92mINFO [0m:      	                               "'6.7882e-01']",
[92mINFO [0m:      	        'per-client-eval_loss': "['1.6034e+00', '1.4749e+00', '1.3344e+00', "
[92mINFO [0m:      	                                "'1.6013e+00', '1.6324e+00', '1.5273e+00', "
[92mINFO [0m:      	                                "'1.6114e+00']",
[92mINFO [0m:      	        'per-client-num-examples': "['1443', '1561', '1557', '970', '732', "
[92mINFO [0m:      	                                   "'1246', '987']"},
[92mINFO [0m:      	  18: { 'client-ids': "['0', '1', '2', '3', '4', '5', '6']",
[92mINFO [0m:      	        'eval_acc': '6.9480e-01',
[92mINFO [0m:      	        'eval_loss': '1.5185e+00',
[92mINFO [0m:      	        'per-client-eval_acc': "['6.8746e-01', '7.0211e-01', '7.2511e-01', "
[92mINFO [0m:      	                               "'6.6701e-01', '6.7623e-01', '6.9342e-01', "
[92mINFO [0m:      	                               "'6.8896e-01']",
[92mINFO [0m:      	        'per-client-eval_loss': "['1.5818e+00', '1.5276e+00', '1.3158e+00', "
[92mINFO [0m:      	                                "'1.6520e+00', '1.5783e+00', '1.4942e+00', "
[92mINFO [0m:      	                                "'1.5867e+00']",
[92mINFO [0m:      	        'per-client-num-examples': "['1443', '1561', '1557', '970', '732', "
[92mINFO [0m:      	                                   "'1246', '987']"},
[92mINFO [0m:      	  19: { 'client-ids': "['0', '1', '2', '3', '4', '5', '6']",
[92mINFO [0m:      	        'eval_acc': '6.8927e-01',
[92mINFO [0m:      	        'eval_loss': '1.6000e+00',
[92mINFO [0m:      	        'per-client-eval_acc': "['6.9023e-01', '7.0404e-01', '7.0520e-01', "
[92mINFO [0m:      	                               "'6.5876e-01', '6.6393e-01', '6.9262e-01', "
[92mINFO [0m:      	                               "'6.8389e-01']",
[92mINFO [0m:      	        'per-client-eval_loss': "['1.6179e+00', '1.5916e+00', '1.4451e+00', "
[92mINFO [0m:      	                                "'1.7530e+00', '1.7584e+00', '1.5599e+00', "
[92mINFO [0m:      	                                "'1.6144e+00']",
[92mINFO [0m:      	        'per-client-num-examples': "['1443', '1561', '1557', '970', '732', "
[92mINFO [0m:      	                                   "'1246', '987']"},
[92mINFO [0m:      	  20: { 'client-ids': "['0', '1', '2', '3', '4', '5', '6']",
[92mINFO [0m:      	        'eval_acc': '6.9185e-01',
[92mINFO [0m:      	        'eval_loss': '1.6493e+00',
[92mINFO [0m:      	        'per-client-eval_acc': "['6.8468e-01', '7.1172e-01', '7.1676e-01', "
[92mINFO [0m:      	                               "'6.5876e-01', '6.8306e-01', '6.8459e-01', "
[92mINFO [0m:      	                               "'6.7984e-01']",
[92mINFO [0m:      	        'per-client-eval_loss': "['1.7124e+00', '1.6225e+00', '1.4449e+00', "
[92mINFO [0m:      	                                "'1.8091e+00', '1.7605e+00', '1.6386e+00', "
[92mINFO [0m:      	                                "'1.6958e+00']",
[92mINFO [0m:      	        'per-client-num-examples': "['1443', '1561', '1557', '970', '732', "
[92mINFO [0m:      	                                   "'1246', '987']"}}
[92mINFO [0m:      	
[92mINFO [0m:      	ServerApp-side Evaluate Metrics:
[92mINFO [0m:      	{ 0: { 'accuracy': '1.0000e-01',
[92mINFO [0m:      	       'auc': '5.0091e-01',
[92mINFO [0m:      	       'diverged': '0.0000e+00',
[92mINFO [0m:      	       'f1': '1.8182e-02',
[92mINFO [0m:      	       'loss': '2.3041e+00',
[92mINFO [0m:      	       'precision': '1.0000e-02'},
[92mINFO [0m:      	  1: { 'accuracy': '1.3940e-01',
[92mINFO [0m:      	       'auc': '6.1941e-01',
[92mINFO [0m:      	       'diverged': '0.0000e+00',
[92mINFO [0m:      	       'f1': '7.3713e-02',
[92mINFO [0m:      	       'loss': '2.2714e+00',
[92mINFO [0m:      	       'precision': '2.1165e-01'},
[92mINFO [0m:      	  2: { 'accuracy': '4.8340e-01',
[92mINFO [0m:      	       'auc': '8.8753e-01',
[92mINFO [0m:      	       'diverged': '0.0000e+00',
[92mINFO [0m:      	       'f1': '4.4312e-01',
[92mINFO [0m:      	       'loss': '1.4288e+00',
[92mINFO [0m:      	       'precision': '4.8442e-01'},
[92mINFO [0m:      	  3: { 'accuracy': '5.8100e-01',
[92mINFO [0m:      	       'auc': '9.2731e-01',
[92mINFO [0m:      	       'diverged': '0.0000e+00',
[92mINFO [0m:      	       'f1': '5.6813e-01',
[92mINFO [0m:      	       'loss': '1.1376e+00',
[92mINFO [0m:      	       'precision': '5.7430e-01'},
[92mINFO [0m:      	  4: { 'accuracy': '6.2520e-01',
[92mINFO [0m:      	       'auc': '9.4062e-01',
[92mINFO [0m:      	       'diverged': '0.0000e+00',
[92mINFO [0m:      	       'f1': '6.2044e-01',
[92mINFO [0m:      	       'loss': '1.0365e+00',
[92mINFO [0m:      	       'precision': '6.3071e-01'},
[92mINFO [0m:      	  5: { 'accuracy': '6.6880e-01',
[92mINFO [0m:      	       'auc': '9.5004e-01',
[92mINFO [0m:      	       'diverged': '0.0000e+00',
[92mINFO [0m:      	       'f1': '6.6585e-01',
[92mINFO [0m:      	       'loss': '9.8090e-01',
[92mINFO [0m:      	       'precision': '6.6608e-01'},
[92mINFO [0m:      	  6: { 'accuracy': '6.9120e-01',
[92mINFO [0m:      	       'auc': '9.5323e-01',
[92mINFO [0m:      	       'diverged': '0.0000e+00',
[92mINFO [0m:      	       'f1': '6.9047e-01',
[92mINFO [0m:      	       'loss': '9.8525e-01',
[92mINFO [0m:      	       'precision': '6.9151e-01'},
[92mINFO [0m:      	  7: { 'accuracy': '6.9500e-01',
[92mINFO [0m:      	       'auc': '9.5306e-01',
[92mINFO [0m:      	       'diverged': '0.0000e+00',
[92mINFO [0m:      	       'f1': '6.9284e-01',
[92mINFO [0m:      	       'loss': '1.0353e+00',
[92mINFO [0m:      	       'precision': '6.9525e-01'},
[92mINFO [0m:      	  8: { 'accuracy': '6.9080e-01',
[92mINFO [0m:      	       'auc': '9.5245e-01',
[92mINFO [0m:      	       'diverged': '0.0000e+00',
[92mINFO [0m:      	       'f1': '6.8939e-01',
[92mINFO [0m:      	       'loss': '1.1378e+00',
[92mINFO [0m:      	       'precision': '6.9229e-01'},
[92mINFO [0m:      	  9: { 'accuracy': '6.9520e-01',
[92mINFO [0m:      	       'auc': '9.5261e-01',
[92mINFO [0m:      	       'diverged': '0.0000e+00',
[92mINFO [0m:      	       'f1': '6.9165e-01',
[92mINFO [0m:      	       'loss': '1.1521e+00',
[92mINFO [0m:      	       'precision': '6.9052e-01'},
[92mINFO [0m:      	  10: { 'accuracy': '6.9420e-01',
[92mINFO [0m:      	        'auc': '9.5197e-01',
[92mINFO [0m:      	        'diverged': '0.0000e+00',
[92mINFO [0m:      	        'f1': '6.9398e-01',
[92mINFO [0m:      	        'loss': '1.2760e+00',
[92mINFO [0m:      	        'precision': '6.9805e-01'},
[92mINFO [0m:      	  11: { 'accuracy': '6.8740e-01',
[92mINFO [0m:      	        'auc': '9.5076e-01',
[92mINFO [0m:      	        'diverged': '0.0000e+00',
[92mINFO [0m:      	        'f1': '6.8543e-01',
[92mINFO [0m:      	        'loss': '1.2893e+00',
[92mINFO [0m:      	        'precision': '6.8803e-01'},
[92mINFO [0m:      	  12: { 'accuracy': '6.8400e-01',
[92mINFO [0m:      	        'auc': '9.4935e-01',
[92mINFO [0m:      	        'diverged': '0.0000e+00',
[92mINFO [0m:      	        'f1': '6.8014e-01',
[92mINFO [0m:      	        'loss': '1.4025e+00',
[92mINFO [0m:      	        'precision': '6.8568e-01'},
[92mINFO [0m:      	  13: { 'accuracy': '6.8680e-01',
[92mINFO [0m:      	        'auc': '9.4987e-01',
[92mINFO [0m:      	        'diverged': '0.0000e+00',
[92mINFO [0m:      	        'f1': '6.8606e-01',
[92mINFO [0m:      	        'loss': '1.3981e+00',
[92mINFO [0m:      	        'precision': '6.8754e-01'},
[92mINFO [0m:      	  14: { 'accuracy': '6.8300e-01',
[92mINFO [0m:      	        'auc': '9.4940e-01',
[92mINFO [0m:      	        'diverged': '0.0000e+00',
[92mINFO [0m:      	        'f1': '6.8220e-01',
[92mINFO [0m:      	        'loss': '1.4572e+00',
[92mINFO [0m:      	        'precision': '6.8478e-01'},
[92mINFO [0m:      	  15: { 'accuracy': '6.8120e-01',
[92mINFO [0m:      	        'auc': '9.4889e-01',
[92mINFO [0m:      	        'diverged': '0.0000e+00',
[92mINFO [0m:      	        'f1': '6.8060e-01',
[92mINFO [0m:      	        'loss': '1.4494e+00',
[92mINFO [0m:      	        'precision': '6.8356e-01'},
[92mINFO [0m:      	  16: { 'accuracy': '6.8700e-01',
[92mINFO [0m:      	        'auc': '9.4759e-01',
[92mINFO [0m:      	        'diverged': '0.0000e+00',
[92mINFO [0m:      	        'f1': '6.8525e-01',
[92mINFO [0m:      	        'loss': '1.4673e+00',
[92mINFO [0m:      	        'precision': '6.8772e-01'},
[92mINFO [0m:      	  17: { 'accuracy': '6.8660e-01',
[92mINFO [0m:      	        'auc': '9.4838e-01',
[92mINFO [0m:      	        'diverged': '0.0000e+00',
[92mINFO [0m:      	        'f1': '6.8556e-01',
[92mINFO [0m:      	        'loss': '1.5451e+00',
[92mINFO [0m:      	        'precision': '6.8771e-01'},
[92mINFO [0m:      	  18: { 'accuracy': '6.8840e-01',
[92mINFO [0m:      	        'auc': '9.4806e-01',
[92mINFO [0m:      	        'diverged': '0.0000e+00',
[92mINFO [0m:      	        'f1': '6.8711e-01',
[92mINFO [0m:      	        'loss': '1.5352e+00',
[92mINFO [0m:      	        'precision': '6.9031e-01'},
[92mINFO [0m:      	  19: { 'accuracy': '6.7880e-01',
[92mINFO [0m:      	        'auc': '9.4587e-01',
[92mINFO [0m:      	        'diverged': '0.0000e+00',
[92mINFO [0m:      	        'f1': '6.7790e-01',
[92mINFO [0m:      	        'loss': '1.6129e+00',
[92mINFO [0m:      	        'precision': '6.8304e-01'},
[92mINFO [0m:      	  20: { 'accuracy': '6.8200e-01',
[92mINFO [0m:      	        'auc': '9.4674e-01',
[92mINFO [0m:      	        'diverged': '0.0000e+00',
[92mINFO [0m:      	        'f1': '6.7879e-01',
[92mINFO [0m:      	        'loss': '1.6832e+00',
[92mINFO [0m:      	        'precision': '6.8215e-01'}}
[92mINFO [0m:      
[36m(ClientAppActor pid=7010)[0m [93mWARNING [0m:   Manually terminating ClientAppActor
[36m(ClientAppActor pid=7016)[0m Warning: You are sending unauthenticated requests to the HF Hub. Please set a HF_TOKEN to enable higher rate limits and faster downloads.[32m [repeated 6x across cluster] (Ray deduplicates logs by default. Set RAY_DEDUP_LOGS=0 to disable log deduplication, or see https://docs.ray.io/en/master/ray-observability/user-guides/configure-logging.html#log-deduplication for more options.)[0m
[36m(ClientAppActor pid=7016)[0m [93mWARNING [0m:   Manually terminating ClientAppActor[32m [repeated 6x across cluster][0m
Round 1 checkpoint written to /content/metricdp-pytorch/results/dirichlet/cifar10/8_clients/alpha-1p5__vanilla__in-remove-out-remove__seeds-42__noise-0p004/cifar10-out-remove__dirichlet__alpha-1p5__vanilla__fedavg__clients-7__seed-42__nm0p028__clip5__rounds-20__epochs-5__cifar10_dirichlet__cifar10_cnn.round-1.pt
Round 2 checkpoint written to /content/metricdp-pytorch/results/dirichlet/cifar10/8_clients/alpha-1p5__vanilla__in-remove-out-remove__seeds-42__noise-0p004/cifar10-out-remove__dirichlet__alpha-1p5__vanilla__fedavg__clients-7__seed-42__nm0p028__clip5__rounds-20__epochs-5__cifar10_dirichlet__cifar10_cnn.round-2.pt
Round 3 checkpoint written to /content/metricdp-pytorch/results/dirichlet/cifar10/8_clients/alpha-1p5__vanilla__in-remove-out-remove__seeds-42__noise-0p004/cifar10-out-remove__dirichlet__alpha-1p5__vanilla__fedavg__clients-7__seed-42__nm0p028__clip5__rounds-20__epochs-5__cifar10_dirichlet__cifar10_cnn.round-3.pt
Round 4 checkpoint written to /content/metricdp-pytorch/results/dirichlet/cifar10/8_clients/alpha-1p5__vanilla__in-remove-out-remove__seeds-42__noise-0p004/cifar10-out-remove__dirichlet__alpha-1p5__vanilla__fedavg__clients-7__seed-42__nm0p028__clip5__rounds-20__epochs-5__cifar10_dirichlet__cifar10_cnn.round-4.pt
Round 5 checkpoint written to /content/metricdp-pytorch/results/dirichlet/cifar10/8_clients/alpha-1p5__vanilla__in-remove-out-remove__seeds-42__noise-0p004/cifar10-out-remove__dirichlet__alpha-1p5__vanilla__fedavg__clients-7__seed-42__nm0p028__clip5__rounds-20__epochs-5__cifar10_dirichlet__cifar10_cnn.round-5.pt
Round 6 checkpoint written to /content/metricdp-pytorch/results/dirichlet/cifar10/8_clients/alpha-1p5__vanilla__in-remove-out-remove__seeds-42__noise-0p004/cifar10-out-remove__dirichlet__alpha-1p5__vanilla__fedavg__clients-7__seed-42__nm0p028__clip5__rounds-20__epochs-5__cifar10_dirichlet__cifar10_cnn.round-6.pt
Round 7 checkpoint written to /content/metricdp-pytorch/results/dirichlet/cifar10/8_clients/alpha-1p5__vanilla__in-remove-out-remove__seeds-42__noise-0p004/cifar10-out-remove__dirichlet__alpha-1p5__vanilla__fedavg__clients-7__seed-42__nm0p028__clip5__rounds-20__epochs-5__cifar10_dirichlet__cifar10_cnn.round-7.pt
Round 8 checkpoint written to /content/metricdp-pytorch/results/dirichlet/cifar10/8_clients/alpha-1p5__vanilla__in-remove-out-remove__seeds-42__noise-0p004/cifar10-out-remove__dirichlet__alpha-1p5__vanilla__fedavg__clients-7__seed-42__nm0p028__clip5__rounds-20__epochs-5__cifar10_dirichlet__cifar10_cnn.round-8.pt
Round 9 checkpoint written to /content/metricdp-pytorch/results/dirichlet/cifar10/8_clients/alpha-1p5__vanilla__in-remove-out-remove__seeds-42__noise-0p004/cifar10-out-remove__dirichlet__alpha-1p5__vanilla__fedavg__clients-7__seed-42__nm0p028__clip5__rounds-20__epochs-5__cifar10_dirichlet__cifar10_cnn.round-9.pt
Round 10 checkpoint written to /content/metricdp-pytorch/results/dirichlet/cifar10/8_clients/alpha-1p5__vanilla__in-remove-out-remove__seeds-42__noise-0p004/cifar10-out-remove__dirichlet__alpha-1p5__vanilla__fedavg__clients-7__seed-42__nm0p028__clip5__rounds-20__epochs-5__cifar10_dirichlet__cifar10_cnn.round-10.pt
Round 11 checkpoint written to /content/metricdp-pytorch/results/dirichlet/cifar10/8_clients/alpha-1p5__vanilla__in-remove-out-remove__seeds-42__noise-0p004/cifar10-out-remove__dirichlet__alpha-1p5__vanilla__fedavg__clients-7__seed-42__nm0p028__clip5__rounds-20__epochs-5__cifar10_dirichlet__cifar10_cnn.round-11.pt
Round 12 checkpoint written to /content/metricdp-pytorch/results/dirichlet/cifar10/8_clients/alpha-1p5__vanilla__in-remove-out-remove__seeds-42__noise-0p004/cifar10-out-remove__dirichlet__alpha-1p5__vanilla__fedavg__clients-7__seed-42__nm0p028__clip5__rounds-20__epochs-5__cifar10_dirichlet__cifar10_cnn.round-12.pt
Round 13 checkpoint written to /content/metricdp-pytorch/results/dirichlet/cifar10/8_clients/alpha-1p5__vanilla__in-remove-out-remove__seeds-42__noise-0p004/cifar10-out-remove__dirichlet__alpha-1p5__vanilla__fedavg__clients-7__seed-42__nm0p028__clip5__rounds-20__epochs-5__cifar10_dirichlet__cifar10_cnn.round-13.pt
Round 14 checkpoint written to /content/metricdp-pytorch/results/dirichlet/cifar10/8_clients/alpha-1p5__vanilla__in-remove-out-remove__seeds-42__noise-0p004/cifar10-out-remove__dirichlet__alpha-1p5__vanilla__fedavg__clients-7__seed-42__nm0p028__clip5__rounds-20__epochs-5__cifar10_dirichlet__cifar10_cnn.round-14.pt
Round 15 checkpoint written to /content/metricdp-pytorch/results/dirichlet/cifar10/8_clients/alpha-1p5__vanilla__in-remove-out-remove__seeds-42__noise-0p004/cifar10-out-remove__dirichlet__alpha-1p5__vanilla__fedavg__clients-7__seed-42__nm0p028__clip5__rounds-20__epochs-5__cifar10_dirichlet__cifar10_cnn.round-15.pt
Round 16 checkpoint written to /content/metricdp-pytorch/results/dirichlet/cifar10/8_clients/alpha-1p5__vanilla__in-remove-out-remove__seeds-42__noise-0p004/cifar10-out-remove__dirichlet__alpha-1p5__vanilla__fedavg__clients-7__seed-42__nm0p028__clip5__rounds-20__epochs-5__cifar10_dirichlet__cifar10_cnn.round-16.pt
Round 17 checkpoint written to /content/metricdp-pytorch/results/dirichlet/cifar10/8_clients/alpha-1p5__vanilla__in-remove-out-remove__seeds-42__noise-0p004/cifar10-out-remove__dirichlet__alpha-1p5__vanilla__fedavg__clients-7__seed-42__nm0p028__clip5__rounds-20__epochs-5__cifar10_dirichlet__cifar10_cnn.round-17.pt
Round 18 checkpoint written to /content/metricdp-pytorch/results/dirichlet/cifar10/8_clients/alpha-1p5__vanilla__in-remove-out-remove__seeds-42__noise-0p004/cifar10-out-remove__dirichlet__alpha-1p5__vanilla__fedavg__clients-7__seed-42__nm0p028__clip5__rounds-20__epochs-5__cifar10_dirichlet__cifar10_cnn.round-18.pt
Round 19 checkpoint written to /content/metricdp-pytorch/results/dirichlet/cifar10/8_clients/alpha-1p5__vanilla__in-remove-out-remove__seeds-42__noise-0p004/cifar10-out-remove__dirichlet__alpha-1p5__vanilla__fedavg__clients-7__seed-42__nm0p028__clip5__rounds-20__epochs-5__cifar10_dirichlet__cifar10_cnn.round-19.pt
Round 20 checkpoint written to /content/metricdp-pytorch/results/dirichlet/cifar10/8_clients/alpha-1p5__vanilla__in-remove-out-remove__seeds-42__noise-0p004/cifar10-out-remove__dirichlet__alpha-1p5__vanilla__fedavg__clients-7__seed-42__nm0p028__clip5__rounds-20__epochs-5__cifar10_dirichlet__cifar10_cnn.round-20.pt
Experiment result written to /content/metricdp-pytorch/results/dirichlet/cifar10/8_clients/alpha-1p5__vanilla__in-remove-out-remove__seeds-42__noise-0p004/cifar10-out-remove__dirichlet__alpha-1p5__vanilla__fedavg__clients-7__seed-42__nm0p028__clip5__rounds-20__epochs-5__cifar10_dirichlet__cifar10_cnn.json
Detailed evaluation written to /content/metricdp-pytorch/results/dirichlet/cifar10/8_clients/alpha-1p5__vanilla__in-remove-out-remove__seeds-42__noise-0p004/cifar10-out-remove__dirichlet__alpha-1p5__vanilla__fedavg__clients-7__seed-42__nm0p028__clip5__rounds-20__epochs-5__cifar10_dirichlet__cifar10_cnn.evaluation.json and /content/metricdp-pytorch/results/dirichlet/cifar10/8_clients/alpha-1p5__vanilla__in-remove-out-remove__seeds-42__noise-0p004/cifar10-out-remove__dirichlet__alpha-1p5__vanilla__fedavg__clients-7__seed-42__nm0p028__clip5__rounds-20__epochs-5__cifar10_dirichlet__cifar10_cnn.predictions.npz
Result: /content/metricdp-pytorch/results/dirichlet/cifar10/8_clients/alpha-1p5__vanilla__in-remove-out-remove__seeds-42__noise-0p004/cifar10-out-remove__dirichlet__alpha-1p5__vanilla__fedavg__clients-7__seed-42__nm0p028__clip5__rounds-20__epochs-5__cifar10_dirichlet__cifar10_cnn.json
Final server metrics: {'loss': 1.6831559127807618, 'accuracy': 0.682, 'f1': 0.6787863215948613, 'precision': 0.6821531641503213, 'auc': 0.9467440555555554, 'diverged': 0.0}
2026-08-20 11:26:50 DONE  cifar10-out-remove__dirichlet__alpha-1p5__vanilla__fedavg__clients-7__seed-42__nm0p028__clip5__rounds-20__epochs-5__cifar10_dirichlet__cifar10_cnn (584.5s)
2026-08-20 11:26:58 EVALUATED cifar10-out-remove__dirichlet__alpha-1p5__vanilla__fedavg__clients-7__seed-42__nm0p028__clip5__rounds-20__epochs-5__cifar10_dirichlet__cifar10_cnn round=1 (checkpoint deleted)
2026-08-20 11:27:07 EVALUATED cifar10-out-remove__dirichlet__alpha-1p5__vanilla__fedavg__clients-7__seed-42__nm0p028__clip5__rounds-20__epochs-5__cifar10_dirichlet__cifar10_cnn round=2 (checkpoint deleted)
2026-08-20 11:27:15 EVALUATED cifar10-out-remove__dirichlet__alpha-1p5__vanilla__fedavg__clients-7__seed-42__nm0p028__clip5__rounds-20__epochs-5__cifar10_dirichlet__cifar10_cnn round=3 (checkpoint deleted)
2026-08-20 11:27:23 EVALUATED cifar10-out-remove__dirichlet__alpha-1p5__vanilla__fedavg__clients-7__seed-42__nm0p028__clip5__rounds-20__epochs-5__cifar10_dirichlet__cifar10_cnn round=4 (checkpoint deleted)
2026-08-20 11:27:31 EVALUATED cifar10-out-remove__dirichlet__alpha-1p5__vanilla__fedavg__clients-7__seed-42__nm0p028__clip5__rounds-20__epochs-5__cifar10_dirichlet__cifar10_cnn round=5 (checkpoint deleted)
2026-08-20 11:27:39 EVALUATED cifar10-out-remove__dirichlet__alpha-1p5__vanilla__fedavg__clients-7__seed-42__nm0p028__clip5__rounds-20__epochs-5__cifar10_dirichlet__cifar10_cnn round=6 (checkpoint deleted)
2026-08-20 11:27:48 EVALUATED cifar10-out-remove__dirichlet__alpha-1p5__vanilla__fedavg__clients-7__seed-42__nm0p028__clip5__rounds-20__epochs-5__cifar10_dirichlet__cifar10_cnn round=7 (checkpoint deleted)
2026-08-20 11:27:56 EVALUATED cifar10-out-remove__dirichlet__alpha-1p5__vanilla__fedavg__clients-7__seed-42__nm0p028__clip5__rounds-20__epochs-5__cifar10_dirichlet__cifar10_cnn round=8 (checkpoint deleted)
2026-08-20 11:28:04 EVALUATED cifar10-out-remove__dirichlet__alpha-1p5__vanilla__fedavg__clients-7__seed-42__nm0p028__clip5__rounds-20__epochs-5__cifar10_dirichlet__cifar10_cnn round=9 (checkpoint deleted)
2026-08-20 11:28:12 EVALUATED cifar10-out-remove__dirichlet__alpha-1p5__vanilla__fedavg__clients-7__seed-42__nm0p028__clip5__rounds-20__epochs-5__cifar10_dirichlet__cifar10_cnn round=10 (checkpoint deleted)
2026-08-20 11:28:21 EVALUATED cifar10-out-remove__dirichlet__alpha-1p5__vanilla__fedavg__clients-7__seed-42__nm0p028__clip5__rounds-20__epochs-5__cifar10_dirichlet__cifar10_cnn round=11 (checkpoint deleted)
2026-08-20 11:28:29 EVALUATED cifar10-out-remove__dirichlet__alpha-1p5__vanilla__fedavg__clients-7__seed-42__nm0p028__clip5__rounds-20__epochs-5__cifar10_dirichlet__cifar10_cnn round=12 (checkpoint deleted)
2026-08-20 11:28:37 EVALUATED cifar10-out-remove__dirichlet__alpha-1p5__vanilla__fedavg__clients-7__seed-42__nm0p028__clip5__rounds-20__epochs-5__cifar10_dirichlet__cifar10_cnn round=13 (checkpoint deleted)
2026-08-20 11:28:45 EVALUATED cifar10-out-remove__dirichlet__alpha-1p5__vanilla__fedavg__clients-7__seed-42__nm0p028__clip5__rounds-20__epochs-5__cifar10_dirichlet__cifar10_cnn round=14 (checkpoint deleted)
2026-08-20 11:28:54 EVALUATED cifar10-out-remove__dirichlet__alpha-1p5__vanilla__fedavg__clients-7__seed-42__nm0p028__clip5__rounds-20__epochs-5__cifar10_dirichlet__cifar10_cnn round=15 (checkpoint deleted)
2026-08-20 11:29:02 EVALUATED cifar10-out-remove__dirichlet__alpha-1p5__vanilla__fedavg__clients-7__seed-42__nm0p028__clip5__rounds-20__epochs-5__cifar10_dirichlet__cifar10_cnn round=16 (checkpoint deleted)
2026-08-20 11:29:10 EVALUATED cifar10-out-remove__dirichlet__alpha-1p5__vanilla__fedavg__clients-7__seed-42__nm0p028__clip5__rounds-20__epochs-5__cifar10_dirichlet__cifar10_cnn round=17 (checkpoint deleted)
2026-08-20 11:29:18 EVALUATED cifar10-out-remove__dirichlet__alpha-1p5__vanilla__fedavg__clients-7__seed-42__nm0p028__clip5__rounds-20__epochs-5__cifar10_dirichlet__cifar10_cnn round=18 (checkpoint deleted)
2026-08-20 11:29:27 EVALUATED cifar10-out-remove__dirichlet__alpha-1p5__vanilla__fedavg__clients-7__seed-42__nm0p028__clip5__rounds-20__epochs-5__cifar10_dirichlet__cifar10_cnn round=19 (checkpoint deleted)
2026-08-20 11:29:35 EVALUATED cifar10-out-remove__dirichlet__alpha-1p5__vanilla__fedavg__clients-7__seed-42__nm0p028__clip5__rounds-20__epochs-5__cifar10_dirichlet__cifar10_cnn round=20 (checkpoint deleted)
2026-08-20 11:29:35 PROGRESS 2/2 (0 failed so far)
2026-08-20 11:29:35 Sweep finished: 2/2 attempted, 0 failed
round= 1 dirichlet    vanilla         clients= 8 agg=2.279 clean_diff=-0.287% noisy_diff=0.136%
round= 2 dirichlet    vanilla         clients= 8 agg=1.456 clean_diff=4.538% noisy_diff=31.831%
round= 3 dirichlet    vanilla         clients= 8 agg=1.162 clean_diff=4.620% noisy_diff=53.612%
round= 4 dirichlet    vanilla         clients= 8 agg=1.017 clean_diff=-1.622% noisy_diff=60.336%
round= 5 dirichlet    vanilla         clients= 8 agg=0.963 clean_diff=-16.002% noisy_diff=63.523%
round= 6 dirichlet    vanilla         clients= 8 agg=0.954 clean_diff=-30.093% noisy_diff=67.500%
round= 7 dirichlet    vanilla         clients= 8 agg=1.016 clean_diff=-51.904% noisy_diff=66.602%
round= 8 dirichlet    vanilla         clients= 8 agg=1.093 clean_diff=-65.755% noisy_diff=69.523%
round= 9 dirichlet    vanilla         clients= 8 agg=1.129 clean_diff=-112.136% noisy_diff=67.402%
round=10 dirichlet    vanilla         clients= 8 agg=1.151 clean_diff=-127.348% noisy_diff=69.665%
round=11 dirichlet    vanilla         clients= 8 agg=1.182 clean_diff=-169.627% noisy_diff=72.081%
round=12 dirichlet    vanilla         clients= 8 agg=1.223 clean_diff=-226.119% noisy_diff=67.073%
round=13 dirichlet    vanilla         clients= 8 agg=1.244 clean_diff=-229.575% noisy_diff=66.623%
round=14 dirichlet    vanilla         clients= 8 agg=1.267 clean_diff=-259.067% noisy_diff=68.216%
round=15 dirichlet    vanilla         clients= 8 agg=1.310 clean_diff=-299.424% noisy_diff=68.698%
round=16 dirichlet    vanilla         clients= 8 agg=1.383 clean_diff=-392.189% noisy_diff=66.362%
round=17 dirichlet    vanilla         clients= 8 agg=1.377 clean_diff=-546.257% noisy_diff=62.204%
round=18 dirichlet    vanilla         clients= 8 agg=1.351 clean_diff=-565.949% noisy_diff=64.134%
round=19 dirichlet    vanilla         clients= 8 agg=1.414 clean_diff=-731.412% noisy_diff=61.002%
round=20 dirichlet    vanilla         clients= 8 agg=1.444 clean_diff=-720.535% noisy_diff=63.508%
round= 1 dirichlet    vanilla         clients= 7 agg=2.271 clean_diff=0.558% noisy_diff=1.079%
round= 2 dirichlet    vanilla         clients= 7 agg=1.429 clean_diff=12.570% noisy_diff=45.351%
round= 3 dirichlet    vanilla         clients= 7 agg=1.138 clean_diff=12.853% noisy_diff=63.410%
round= 4 dirichlet    vanilla         clients= 7 agg=1.037 clean_diff=16.543% noisy_diff=71.892%
round= 5 dirichlet    vanilla         clients= 7 agg=0.981 clean_diff=14.662% noisy_diff=72.177%
round= 6 dirichlet    vanilla         clients= 7 agg=0.985 clean_diff=12.544% noisy_diff=74.778%
round= 7 dirichlet    vanilla         clients= 7 agg=1.035 clean_diff=18.667% noisy_diff=74.326%
round= 8 dirichlet    vanilla         clients= 7 agg=1.138 clean_diff=17.365% noisy_diff=71.191%
round= 9 dirichlet    vanilla         clients= 7 agg=1.152 clean_diff=19.617% noisy_diff=75.298%
round=10 dirichlet    vanilla         clients= 7 agg=1.276 clean_diff=18.280% noisy_diff=73.240%
round=11 dirichlet    vanilla         clients= 7 agg=1.289 clean_diff=19.129% noisy_diff=73.898%
round=12 dirichlet    vanilla         clients= 7 agg=1.402 clean_diff=22.848% noisy_diff=75.998%
round=13 dirichlet    vanilla         clients= 7 agg=1.398 clean_diff=18.286% noisy_diff=71.170%
round=14 dirichlet    vanilla         clients= 7 agg=1.457 clean_diff=20.294% noisy_diff=71.437%
round=15 dirichlet    vanilla         clients= 7 agg=1.449 clean_diff=20.346% noisy_diff=71.715%
round=16 dirichlet    vanilla         clients= 7 agg=1.467 clean_diff=19.949% noisy_diff=72.493%
round=17 dirichlet    vanilla         clients= 7 agg=1.545 clean_diff=23.042% noisy_diff=70.014%
round=18 dirichlet    vanilla         clients= 7 agg=1.535 clean_diff=22.521% noisy_diff=71.973%
round=19 dirichlet    vanilla         clients= 7 agg=1.613 clean_diff=21.291% noisy_diff=70.642%
round=20 dirichlet    vanilla         clients= 7 agg=1.683 clean_diff=22.541% noisy_diff=71.765%
