2026-08-05 20:47:24 Starting full chunk: 2 trajectories
2026-08-05 20:47:24 START cifar-full-out-replace__non-iid__global-dp__fedavg__clients-16__seed-42__nm0p1__clip5__rounds-20__epochs-5__cifar_chunks__cifar10_cnn 
{
  "partition-mode": "non-iid",
  "partition-profile": "auto",
  "client-weights": "",
  "data-module": "experiments.cia.scripts.cifar_chunks:create_cifar_out_replace",
  "model-module": "experiments.reproduce.cifar10_cnn:create_model",
  "data-cache-dir": "",
  "privacy": "global-dp",
  "aggregation": "fedavg",
  "seed": 42,
  "num-server-rounds": 20,
  "num-clients": 16,
  "fraction-evaluate": 1.0,
  "local-epochs": 5,
  "learning-rate": 0.001,
  "batch-size": 32,
  "initialization-batch-size": 32,
  "initialization-epochs": 20,
  "initialization-learning-rate": 0.001,
  "max-client-samples": 0,
  "max-test-samples": 0,
  "noise-multiplier": 0.1,
  "clipping-norm": 5.0,
  "output-dir": "/content/metricdp-pytorch/results/planned_runs/cifar/full/out-replace/clients-16/seed-42/ratio-0p00625/runs",
  "run-name": "cifar-full-out-replace__non-iid__global-dp__fedavg__clients-16__seed-42__nm0p1__clip5__rounds-20__epochs-5__cifar_chunks__cifar10_cnn",
  "checkpoint-rounds": [
    1,
    2,
    3,
    4,
    5,
    6,
    7,
    8,
    9,
    10,
    11,
    12,
    13,
    14,
    15,
    16,
    17,
    18,
    19,
    20
  ]
}
2026-08-05 20:47:28.844208: I tensorflow/core/util/port.cc:153] oneDNN custom operations are on. You may see slightly different numerical results due to floating-point round-off errors from different computation orders. To turn them off, set the environment variable `TF_ENABLE_ONEDNN_OPTS=0`.
2026-08-05 20:47:28.912213: I tensorflow/core/platform/cpu_feature_guard.cc:210] This TensorFlow binary is optimized to use available CPU instructions in performance-critical operations.
To enable the following instructions: AVX2 AVX512F AVX512_VNNI FMA, in other operations, rebuild TensorFlow with the appropriate compiler flags.
[93mWARNING [0m:   DEPRECATED FEATURE: The `run_simulation` function is deprecated and will be removed in a future version of Flower. Please use `flwr run` in the CLI instead to run your simulation. Refer to the Flower Tutorials for more details: https://flower.ai/docs/framework/tutorial-quickstart-pytorch.html

            This is a deprecated feature. It will be removed
            entirely in future versions of Flower.
        
Warning: You are sending unauthenticated requests to the HF Hub. Please set a HF_TOKEN to enable higher rate limits and faster downloads.
Generating train split:   0%|          | 0/50000 [00:00<?, ? examples/s]Generating train split:  28%|██▊       | 14200/50000 [00:00<00:00, 123221.25 examples/s]Generating train split:  70%|██████▉   | 34900/50000 [00:00<00:00, 168933.15 examples/s]Generating train split: 100%|██████████| 50000/50000 [00:00<00:00, 174643.33 examples/s]
Generating test split:   0%|          | 0/10000 [00:00<?, ? examples/s]Generating test split: 100%|██████████| 10000/10000 [00:00<00:00, 187524.49 examples/s]
Filtering CIFAR-10 to four classes:   0%|          | 0/50000 [00:00<?, ? examples/s]Filtering CIFAR-10 to four classes: 100%|██████████| 50000/50000 [00:00<00:00, 733321.21 examples/s]
Filtering CIFAR-10 to four classes:   0%|          | 0/10000 [00:00<?, ? examples/s]Filtering CIFAR-10 to four classes: 100%|██████████| 10000/10000 [00:00<00:00, 661729.14 examples/s]
[92mINFO [0m:      Starting LoggedGlobalDPServerSideFixedClipping strategy:
[92mINFO [0m:      	├── Number of rounds: 20
[92mINFO [0m:      	├── ArrayRecord (0.87 MB)
[92mINFO [0m:      	├── ConfigRecord (train): {'lr': 0.001}
[92mINFO [0m:      	├── ConfigRecord (evaluate): (empty!)
[92mINFO [0m:      	├──> DP settings:
[92mINFO [0m:      	│	├── Noise multiplier: 0.1
[92mINFO [0m:      	│	└── Clipping norm: 5.0
[92mINFO [0m:      	├──> Sampling:
[92mINFO [0m:      	│	├──Fraction: train (1.00) | evaluate ( 1.00)
[92mINFO [0m:      	│	├──Minimum nodes: train (16) | evaluate (16)
[92mINFO [0m:      	│	└──Minimum available nodes: 16
[92mINFO [0m:      	└──> Keys in records:
[92mINFO [0m:      		├── Weighted by: 'num-examples'
[92mINFO [0m:      		├── ArrayRecord key: 'arrays'
[92mINFO [0m:      		└── ConfigRecord key: 'config'
[92mINFO [0m:      
/usr/local/lib/python3.12/dist-packages/ray/_private/worker.py:2051: FutureWarning: Tip: In future versions of Ray, Ray will no longer override accelerator visible devices env var if num_gpus=0 or num_gpus=None (default). To enable this behavior and turn off this error message, set RAY_ACCEL_ENV_VAR_OVERRIDE_ON_ZERO=0
  warnings.warn(
/usr/lib/python3.12/multiprocessing/popen_fork.py:66: DeprecationWarning: This process (pid=3120) is multi-threaded, use of fork() may lead to deadlocks in the child.
  self.pid = os.fork()
[92mINFO [0m:      Initial global evaluation results: {'loss': 1.389454957962036, 'accuracy': 0.25, 'f1': 0.1, 'precision': 0.0625, 'auc': 0.5196541250000001}
[92mINFO [0m:      
[92mINFO [0m:      [ROUND 1/20]
[92mINFO [0m:      configure_train: Sampled 16 nodes (out of 16)
[36m(ClientAppActor pid=3916)[0m Using the latest cached version of the dataset since uoft-cs/cifar10 couldn't be found on the Hugging Face Hub (offline mode is enabled).
[36m(ClientAppActor pid=3916)[0m Found the latest cached dataset configuration 'plain_text' at /root/.cache/huggingface/datasets/uoft-cs___cifar10/plain_text/0.0.0/0b2714987fa478483af9968de7c934580d0bb9a2 (last modified on Wed Aug  5 20:47:44 2026).
[36m(ClientAppActor pid=3918)[0m /usr/lib/python3.12/multiprocessing/popen_fork.py:66: DeprecationWarning: This process (pid=3918) is multi-threaded, use of fork() may lead to deadlocks in the child.
[36m(ClientAppActor pid=3918)[0m   self.pid = os.fork()
[36m(ClientAppActor pid=3913)[0m Using the latest cached version of the dataset since uoft-cs/cifar10 couldn't be found on the Hugging Face Hub (offline mode is enabled).[32m [repeated 7x across cluster] (Ray deduplicates logs by default. Set RAY_DEDUP_LOGS=0 to disable log deduplication, or see https://docs.ray.io/en/master/ray-observability/user-guides/configure-logging.html#log-deduplication for more options.)[0m
[36m(ClientAppActor pid=3913)[0m Found the latest cached dataset configuration 'plain_text' at /root/.cache/huggingface/datasets/uoft-cs___cifar10/plain_text/0.0.0/0b2714987fa478483af9968de7c934580d0bb9a2 (last modified on Wed Aug  5 20:47:44 2026).[32m [repeated 7x across cluster][0m
[92mINFO [0m:      aggregate_train: Received 16 results and 0 failures
[92mINFO [0m:      aggregate_fit: parameters are clipped by value: 5.0000.
[92mINFO [0m:      aggregate_fit: parameters are clipped by value: 5.0000.
[92mINFO [0m:      aggregate_fit: parameters are clipped by value: 5.0000.
[92mINFO [0m:      aggregate_fit: parameters are clipped by value: 5.0000.
[92mINFO [0m:      aggregate_fit: parameters are clipped by value: 5.0000.
[92mINFO [0m:      aggregate_fit: parameters are clipped by value: 5.0000.
[92mINFO [0m:      aggregate_fit: parameters are clipped by value: 5.0000.
[92mINFO [0m:      aggregate_fit: parameters are clipped by value: 5.0000.
[92mINFO [0m:      aggregate_fit: parameters are clipped by value: 5.0000.
[92mINFO [0m:      aggregate_fit: parameters are clipped by value: 5.0000.
[92mINFO [0m:      aggregate_fit: parameters are clipped by value: 5.0000.
[92mINFO [0m:      aggregate_fit: parameters are clipped by value: 5.0000.
[92mINFO [0m:      aggregate_fit: parameters are clipped by value: 5.0000.
[92mINFO [0m:      aggregate_fit: parameters are clipped by value: 5.0000.
[92mINFO [0m:      aggregate_fit: parameters are clipped by value: 5.0000.
[92mINFO [0m:      aggregate_fit: parameters are clipped by value: 5.0000.
[92mINFO [0m:      aggregate_train: Received 16 results and 0 failures
[92mINFO [0m:      aggregate_fit: central DP noise with 0.0312 stdev added
[92mINFO [0m:      	└──> Aggregated MetricRecord: {'train_loss': 0.9992790740858521, 'train_loss_mean': 1.1656751375870884, 'client-ids': [0, 1, 2, 3, 4, 5, 6, 7, 8, 9, 10, 11, 12, 13, 14, 15], 'per-client-num-examples': [1505, 1152, 800, 1082, 1012, 870, 588, 376, 1435, 729, 517, 659, 1364, 447, 1294, 940], 'per-client-train_loss': [0.9339627950343975, 0.9795473482873704, 0.9970664286613464, 1.0174904321346177, 0.9126235232522837, 1.1120837249975095, 1.0874238808949788, 1.2950170724949939, 0.8886819090162005, 0.9988431713872159, 1.1462186867771111, 1.1738226880433889, 0.877851795416074, 1.1641977742747707, 1.011412335879283, 0.9714774829276065], 'per-client-train_loss_mean': [1.1344251641967764, 1.1451246675517823, 1.1769133911132812, 1.1724957860111087, 1.114281899090341, 1.221119297948377, 1.2574960136089195, 1.3489280426755865, 1.0751037414896363, 1.186143207599106, 1.28097931001357, 1.274918073515248, 1.0797254153710305, 1.284103645414314, 1.1638651330651604, 1.1500368182709877], 'dp-client-ids': [0, 1, 2, 3, 4, 5, 6, 7, 8, 9, 10, 11, 12, 13, 14, 15], 'dp-update-norms-before-clipping': [6.798898819408329, 6.106874158520475, 5.235843580299495, 5.836463442846, 5.680551772970473, 5.455899772832422, 4.8933806523070755, 3.871008651071421, 6.32931347328681, 4.9026425479952405, 4.417519495469872, 4.697779699984292, 6.655300431078066, 4.331204216876205, 5.829423155848172, 5.756824426939441], 'dp-client-clipped': [1, 1, 1, 1, 1, 1, 0, 0, 1, 0, 0, 0, 1, 0, 1, 1], 'dp-num-clients-clipped': 10, 'dp-fraction-clipped': 0.625, 'dp-signal-update-norm': 2.263871578847496, 'dp-parameter-count': 226596, 'dp-expected-noise-l2-norm': 14.87565649811799, 'dp-noise-to-signal-ratio': 6.570892376188127, 'dp-noise-percent-of-signal': 657.0892376188127, 'global-dp-noise-stdv': 0.03125}
[92mINFO [0m:      configure_evaluate: Sampled 16 nodes (out of 16)
[36m(ClientAppActor pid=3919)[0m /usr/lib/python3.12/multiprocessing/popen_fork.py:66: DeprecationWarning: This process (pid=3919) is multi-threaded, use of fork() may lead to deadlocks in the child.[32m [repeated 8x across cluster][0m
[36m(ClientAppActor pid=3919)[0m   self.pid = os.fork()[32m [repeated 8x across cluster][0m
[92mINFO [0m:      aggregate_evaluate: Received 16 results and 0 failures
[92mINFO [0m:      	└──> Aggregated MetricRecord: {'eval_loss': 1.3553910337245583, 'eval_acc': 0.2758713861118616, 'client-ids': [0, 1, 2, 3, 4, 5, 6, 7, 8, 9, 10, 11, 12, 13, 14, 15], 'per-client-eval_acc': [0.2891246684350133, 0.23875432525951557, 0.27, 0.25461254612546125, 0.30039525691699603, 0.29357798165137616, 0.23809523809523808, 0.30526315789473685, 0.27298050139275765, 0.29508196721311475, 0.26153846153846155, 0.296969696969697, 0.28654970760233917, 0.26785714285714285, 0.2716049382716049, 0.2754237288135593], 'per-client-eval_loss': [1.3513320194315215, 1.3708165203411273, 1.352453155517578, 1.3623035965810402, 1.3421227828316067, 1.3563591843351313, 1.3692588806152344, 1.3487529152318052, 1.3564565493867922, 1.3495414817268079, 1.367115985430204, 1.3454933050907019, 1.3471564354255186, 1.3563063825879778, 1.3599746551042722, 1.3534836688284146], 'per-client-num-examples': [377, 289, 200, 271, 253, 218, 147, 95, 359, 183, 130, 165, 342, 112, 324, 236]}
[92mINFO [0m:      Global evaluation
[92mINFO [0m:      	└──> MetricRecord: {'loss': 1.3554305467605592, 'accuracy': 0.2765, 'f1': 0.15331256809782234, 'precision': 0.31166981042062697, 'auc': 0.5975629166666667}
[92mINFO [0m:      
[92mINFO [0m:      [ROUND 2/20]
[92mINFO [0m:      configure_train: Sampled 16 nodes (out of 16)
[92mINFO [0m:      aggregate_train: Received 16 results and 0 failures
[92mINFO [0m:      aggregate_fit: parameters are clipped by value: 5.0000.
[92mINFO [0m:      aggregate_fit: parameters are clipped by value: 5.0000.
[92mINFO [0m:      aggregate_fit: parameters are clipped by value: 5.0000.
[92mINFO [0m:      aggregate_fit: parameters are clipped by value: 5.0000.
[92mINFO [0m:      aggregate_fit: parameters are clipped by value: 5.0000.
[92mINFO [0m:      aggregate_fit: parameters are clipped by value: 5.0000.
[92mINFO [0m:      aggregate_fit: parameters are clipped by value: 5.0000.
[92mINFO [0m:      aggregate_fit: parameters are clipped by value: 5.0000.
[92mINFO [0m:      aggregate_fit: parameters are clipped by value: 5.0000.
[92mINFO [0m:      aggregate_fit: parameters are clipped by value: 5.0000.
[92mINFO [0m:      aggregate_fit: parameters are clipped by value: 5.0000.
[92mINFO [0m:      aggregate_fit: parameters are clipped by value: 5.0000.
[92mINFO [0m:      aggregate_fit: parameters are clipped by value: 5.0000.
[92mINFO [0m:      aggregate_fit: parameters are clipped by value: 5.0000.
[92mINFO [0m:      aggregate_fit: parameters are clipped by value: 5.0000.
[92mINFO [0m:      aggregate_fit: parameters are clipped by value: 5.0000.
[92mINFO [0m:      aggregate_train: Received 16 results and 0 failures
[92mINFO [0m:      aggregate_fit: central DP noise with 0.0312 stdev added
[92mINFO [0m:      	└──> Aggregated MetricRecord: {'train_loss': 0.8434724746843246, 'train_loss_mean': 0.956620474273721, 'client-ids': [0, 1, 2, 3, 4, 5, 6, 7, 8, 9, 10, 11, 12, 13, 14, 15], 'per-client-num-examples': [1505, 1152, 800, 1082, 1012, 870, 588, 376, 1435, 729, 517, 659, 1364, 447, 1294, 940], 'per-client-train_loss': [0.8024079163209148, 0.8222622490591474, 0.8735646653175354, 0.8714135440131873, 0.7829185528717494, 0.982482869460665, 0.8578468078658694, 0.8750257048201053, 0.7634729353392996, 0.8958211902564772, 0.9662637210215084, 0.8878781728570848, 0.7901074192391113, 0.8387549670217288, 0.8215880063254462, 0.8850295099806278], 'per-client-train_loss_mean': [0.932366719051849, 0.9508928699625863, 0.9395142555236816, 0.9779321878322171, 0.9239691849753792, 0.9803596825709289, 0.9535034687340666, 1.0362349543165652, 0.8949833456066012, 1.010260912796434, 1.076151386312636, 1.0381492347927122, 0.9011629328000581, 1.0178116723461705, 0.9465938787371888, 0.9705566997223712], 'dp-client-ids': [0, 1, 2, 3, 4, 5, 6, 7, 8, 9, 10, 11, 12, 13, 14, 15], 'dp-update-norms-before-clipping': [6.56594948866907, 5.852668015865464, 4.8839051347023865, 5.718244319207206, 5.57409400926815, 5.168289121111859, 4.377234218810545, 3.8496627793442175, 6.8442404897270945, 4.709795712914421, 4.635195674152809, 4.653635890102262, 6.3907394850875985, 4.156423364559738, 6.288741102458494, 4.970151312920184], 'dp-client-clipped': [1, 1, 0, 1, 1, 1, 0, 0, 1, 0, 0, 0, 1, 0, 1, 0], 'dp-num-clients-clipped': 8, 'dp-fraction-clipped': 0.5, 'dp-signal-update-norm': 3.2682146833185213, 'dp-parameter-count': 226596, 'dp-expected-noise-l2-norm': 14.87565649811799, 'dp-noise-to-signal-ratio': 4.551615465791053, 'dp-noise-percent-of-signal': 455.16154657910533, 'global-dp-noise-stdv': 0.03125}
[92mINFO [0m:      configure_evaluate: Sampled 16 nodes (out of 16)
[36m(ClientAppActor pid=3912)[0m /usr/lib/python3.12/multiprocessing/popen_fork.py:66: DeprecationWarning: This process (pid=3912) is multi-threaded, use of fork() may lead to deadlocks in the child.[32m [repeated 16x across cluster][0m
[36m(ClientAppActor pid=3912)[0m   self.pid = os.fork()[32m [repeated 16x across cluster][0m
[92mINFO [0m:      aggregate_evaluate: Received 16 results and 0 failures
[92mINFO [0m:      	└──> Aggregated MetricRecord: {'eval_loss': 1.5060265789609186, 'eval_acc': 0.38665225614698734, 'client-ids': [0, 1, 2, 3, 4, 5, 6, 7, 8, 9, 10, 11, 12, 13, 14, 15], 'per-client-eval_acc': [0.376657824933687, 0.35986159169550175, 0.37, 0.3763837638376384, 0.43873517786561267, 0.3577981651376147, 0.36054421768707484, 0.4421052631578947, 0.403899721448468, 0.40437158469945356, 0.36923076923076925, 0.3575757575757576, 0.37719298245614036, 0.4017857142857143, 0.38580246913580246, 0.423728813559322], 'per-client-eval_loss': [1.5054493810517087, 1.590184347852291, 1.5207683944702148, 1.5162324940586442, 1.4302015945374258, 1.53365908631491, 1.5993945971638166, 1.4516871000591078, 1.487285665814923, 1.4742601113241227, 1.53690767288208, 1.4978668675278173, 1.4297236894306384, 1.506229383604867, 1.565299743487511, 1.4700954728207345], 'per-client-num-examples': [377, 289, 200, 271, 253, 218, 147, 95, 359, 183, 130, 165, 342, 112, 324, 236]}
[92mINFO [0m:      Global evaluation
[92mINFO [0m:      	└──> MetricRecord: {'loss': 1.5107345542907715, 'accuracy': 0.388, 'f1': 0.2922739020157816, 'precision': 0.5866294597553118, 'auc': 0.6386661666666666}
[92mINFO [0m:      
[92mINFO [0m:      [ROUND 3/20]
[92mINFO [0m:      configure_train: Sampled 16 nodes (out of 16)
[92mINFO [0m:      aggregate_train: Received 16 results and 0 failures
[92mINFO [0m:      aggregate_fit: parameters are clipped by value: 5.0000.
[92mINFO [0m:      aggregate_fit: parameters are clipped by value: 5.0000.
[92mINFO [0m:      aggregate_fit: parameters are clipped by value: 5.0000.
[92mINFO [0m:      aggregate_fit: parameters are clipped by value: 5.0000.
[92mINFO [0m:      aggregate_fit: parameters are clipped by value: 5.0000.
[92mINFO [0m:      aggregate_fit: parameters are clipped by value: 5.0000.
[92mINFO [0m:      aggregate_fit: parameters are clipped by value: 5.0000.
[92mINFO [0m:      aggregate_fit: parameters are clipped by value: 5.0000.
[92mINFO [0m:      aggregate_fit: parameters are clipped by value: 5.0000.
[92mINFO [0m:      aggregate_fit: parameters are clipped by value: 5.0000.
[92mINFO [0m:      aggregate_fit: parameters are clipped by value: 5.0000.
[92mINFO [0m:      aggregate_fit: parameters are clipped by value: 5.0000.
[92mINFO [0m:      aggregate_fit: parameters are clipped by value: 5.0000.
[92mINFO [0m:      aggregate_fit: parameters are clipped by value: 5.0000.
[92mINFO [0m:      aggregate_fit: parameters are clipped by value: 5.0000.
[92mINFO [0m:      aggregate_fit: parameters are clipped by value: 5.0000.
[92mINFO [0m:      aggregate_train: Received 16 results and 0 failures
[92mINFO [0m:      aggregate_fit: central DP noise with 0.0312 stdev added
[92mINFO [0m:      	└──> Aggregated MetricRecord: {'train_loss': 0.6993378060123931, 'train_loss_mean': 0.8273931209578577, 'client-ids': [0, 1, 2, 3, 4, 5, 6, 7, 8, 9, 10, 11, 12, 13, 14, 15], 'per-client-num-examples': [1505, 1152, 800, 1082, 1012, 870, 588, 376, 1435, 729, 517, 659, 1364, 447, 1294, 940], 'per-client-train_loss': [0.6733435778126764, 0.6633403441972203, 0.6874487900733948, 0.7390537346797598, 0.6524420953079646, 0.7930854841210376, 0.6625006142116728, 0.6857465683145726, 0.6477623814489784, 0.6842259948636279, 0.8007787655123889, 0.8007783603053172, 0.6834292142621933, 0.6945236417271147, 0.7132945523195694, 0.7113821516645715], 'per-client-train_loss_mean': [0.8319653299520182, 0.8007436502310965, 0.8543169713020324, 0.8568516459130094, 0.7955960404260356, 0.8520509759722085, 0.8022502923498347, 0.8810063991140812, 0.7751801635496293, 0.8469961798894226, 0.885994553981021, 0.9095814691327954, 0.7813438540679618, 0.8735500651184612, 0.8239801364114516, 0.8258280819527647], 'dp-client-ids': [0, 1, 2, 3, 4, 5, 6, 7, 8, 9, 10, 11, 12, 13, 14, 15], 'dp-update-norms-before-clipping': [7.212949212212601, 6.128241492259047, 5.134394781590521, 5.986726487548377, 5.6515365427093345, 5.369967713396215, 4.691537743666543, 3.77456913332059, 6.83993291402456, 4.996906957814993, 4.252660955844378, 4.467470875765269, 6.486502139133078, 3.877054864055085, 6.660974183066037, 5.656025416865936], 'dp-client-clipped': [1, 1, 1, 1, 1, 1, 0, 0, 1, 0, 0, 0, 1, 0, 1, 1], 'dp-num-clients-clipped': 10, 'dp-fraction-clipped': 0.625, 'dp-signal-update-norm': 2.8709805584590784, 'dp-parameter-count': 226596, 'dp-expected-noise-l2-norm': 14.87565649811799, 'dp-noise-to-signal-ratio': 5.1813853125157, 'dp-noise-percent-of-signal': 518.13853125157, 'global-dp-noise-stdv': 0.03125}
[92mINFO [0m:      configure_evaluate: Sampled 16 nodes (out of 16)
[36m(ClientAppActor pid=3915)[0m /usr/lib/python3.12/multiprocessing/popen_fork.py:66: DeprecationWarning: This process (pid=3915) is multi-threaded, use of fork() may lead to deadlocks in the child.[32m [repeated 16x across cluster][0m
[36m(ClientAppActor pid=3915)[0m   self.pid = os.fork()[32m [repeated 16x across cluster][0m
[92mINFO [0m:      aggregate_evaluate: Received 16 results and 0 failures
[92mINFO [0m:      	└──> Aggregated MetricRecord: {'eval_loss': 1.0219687970223796, 'eval_acc': 0.5571467171034855, 'client-ids': [0, 1, 2, 3, 4, 5, 6, 7, 8, 9, 10, 11, 12, 13, 14, 15], 'per-client-eval_acc': [0.53315649867374, 0.5951557093425606, 0.57, 0.5645756457564576, 0.541501976284585, 0.5458715596330275, 0.4965986394557823, 0.5789473684210527, 0.5543175487465181, 0.5737704918032787, 0.5769230769230769, 0.5393939393939394, 0.5467836257309941, 0.5892857142857143, 0.5432098765432098, 0.597457627118644], 'per-client-eval_loss': [1.041434462570069, 1.050480379159063, 1.0284481716156006, 1.0281285148705064, 0.961360644917243, 1.0255453827184275, 1.1022686082489637, 1.0402109246504934, 0.9964413709295161, 1.0043900390791762, 0.9657191744217506, 1.0570782242399273, 0.9910257071779486, 1.0006051915032523, 1.076093108565719, 0.9872788332276425], 'per-client-num-examples': [377, 289, 200, 271, 253, 218, 147, 95, 359, 183, 130, 165, 342, 112, 324, 236]}
[92mINFO [0m:      Global evaluation
[92mINFO [0m:      	└──> MetricRecord: {'loss': 1.0083723907470703, 'accuracy': 0.577, 'f1': 0.5622485711560746, 'precision': 0.657345788915321, 'auc': 0.8197400833333333}
[92mINFO [0m:      
[92mINFO [0m:      [ROUND 4/20]
[92mINFO [0m:      configure_train: Sampled 16 nodes (out of 16)
[92mINFO [0m:      aggregate_train: Received 16 results and 0 failures
[92mINFO [0m:      aggregate_fit: parameters are clipped by value: 5.0000.
[92mINFO [0m:      aggregate_fit: parameters are clipped by value: 5.0000.
[92mINFO [0m:      aggregate_fit: parameters are clipped by value: 5.0000.
[92mINFO [0m:      aggregate_fit: parameters are clipped by value: 5.0000.
[92mINFO [0m:      aggregate_fit: parameters are clipped by value: 5.0000.
[92mINFO [0m:      aggregate_fit: parameters are clipped by value: 5.0000.
[92mINFO [0m:      aggregate_fit: parameters are clipped by value: 5.0000.
[92mINFO [0m:      aggregate_fit: parameters are clipped by value: 5.0000.
[92mINFO [0m:      aggregate_fit: parameters are clipped by value: 5.0000.
[92mINFO [0m:      aggregate_fit: parameters are clipped by value: 5.0000.
[92mINFO [0m:      aggregate_fit: parameters are clipped by value: 5.0000.
[92mINFO [0m:      aggregate_fit: parameters are clipped by value: 5.0000.
[92mINFO [0m:      aggregate_fit: parameters are clipped by value: 5.0000.
[92mINFO [0m:      aggregate_fit: parameters are clipped by value: 5.0000.
[92mINFO [0m:      aggregate_fit: parameters are clipped by value: 5.0000.
[92mINFO [0m:      aggregate_fit: parameters are clipped by value: 5.0000.
[92mINFO [0m:      aggregate_train: Received 16 results and 0 failures
[92mINFO [0m:      aggregate_fit: central DP noise with 0.0312 stdev added
[92mINFO [0m:      	└──> Aggregated MetricRecord: {'train_loss': 0.5960746549518833, 'train_loss_mean': 0.7108081750720536, 'client-ids': [0, 1, 2, 3, 4, 5, 6, 7, 8, 9, 10, 11, 12, 13, 14, 15], 'per-client-num-examples': [1505, 1152, 800, 1082, 1012, 870, 588, 376, 1435, 729, 517, 659, 1364, 447, 1294, 940], 'per-client-train_loss': [0.6280003423310594, 0.5623906925320625, 0.5664425086975098, 0.659149797037657, 0.5743244148996979, 0.5658458785078991, 0.5318757370621169, 0.564764585900814, 0.5613970230680725, 0.5646305965625046, 0.6456394237060842, 0.6087133571482934, 0.5583551498102652, 0.5972532464620518, 0.6417165519281001, 0.6754780556293244], 'per-client-train_loss_mean': [0.7221738051600829, 0.7034948418537776, 0.6927950427532196, 0.7591715222806454, 0.6819875929666602, 0.6982577935032461, 0.6488878276072392, 0.7259957458110566, 0.6758585258892604, 0.7272051724386804, 0.774961660309502, 0.7336671159734133, 0.6711750201291004, 0.7015511605830268, 0.7290398414389243, 0.7626790512876307], 'dp-client-ids': [0, 1, 2, 3, 4, 5, 6, 7, 8, 9, 10, 11, 12, 13, 14, 15], 'dp-update-norms-before-clipping': [7.335909300268933, 6.434099184409061, 5.059414175006324, 6.1776380168913265, 5.9112550196013025, 5.448144859756688, 4.430584849714877, 3.7413196122560044, 6.90582097575351, 4.8811992942651665, 4.0705412694924625, 4.719622539603439, 6.794743291292527, 3.9525483462975646, 6.511007664718438, 5.728165964735364], 'dp-client-clipped': [1, 1, 1, 1, 1, 1, 0, 0, 1, 0, 0, 0, 1, 0, 1, 1], 'dp-num-clients-clipped': 10, 'dp-fraction-clipped': 0.625, 'dp-signal-update-norm': 2.3679241375198763, 'dp-parameter-count': 226596, 'dp-expected-noise-l2-norm': 14.87565649811799, 'dp-noise-to-signal-ratio': 6.282150792929753, 'dp-noise-percent-of-signal': 628.2150792929752, 'global-dp-noise-stdv': 0.03125}
[92mINFO [0m:      configure_evaluate: Sampled 16 nodes (out of 16)
[36m(ClientAppActor pid=3917)[0m /usr/lib/python3.12/multiprocessing/popen_fork.py:66: DeprecationWarning: This process (pid=3917) is multi-threaded, use of fork() may lead to deadlocks in the child.[32m [repeated 16x across cluster][0m
[36m(ClientAppActor pid=3917)[0m   self.pid = os.fork()[32m [repeated 16x across cluster][0m
[92mINFO [0m:      aggregate_evaluate: Received 16 results and 0 failures
[92mINFO [0m:      	└──> Aggregated MetricRecord: {'eval_loss': 0.8253290230754063, 'eval_acc': 0.6492839773034316, 'client-ids': [0, 1, 2, 3, 4, 5, 6, 7, 8, 9, 10, 11, 12, 13, 14, 15], 'per-client-eval_acc': [0.6604774535809018, 0.6470588235294118, 0.66, 0.6273062730627307, 0.6521739130434783, 0.6651376146788991, 0.6122448979591837, 0.6105263157894737, 0.6518105849582173, 0.6229508196721312, 0.6461538461538462, 0.6666666666666666, 0.6403508771929824, 0.6428571428571429, 0.654320987654321, 0.6864406779661016], 'per-client-eval_loss': [0.8419087154479494, 0.8317883053349788, 0.845543487071991, 0.8562859397972642, 0.7715493379374266, 0.8094385567061398, 0.842506421666567, 0.7991747203626131, 0.8204037326292075, 0.8619569872246414, 0.7608342198225168, 0.7924604647087329, 0.8880570785343995, 0.7973334108080182, 0.8613939594339441, 0.7208834381426795], 'per-client-num-examples': [377, 289, 200, 271, 253, 218, 147, 95, 359, 183, 130, 165, 342, 112, 324, 236]}
[92mINFO [0m:      Global evaluation
[92mINFO [0m:      	└──> MetricRecord: {'loss': 0.776510148525238, 'accuracy': 0.6645, 'f1': 0.651124282604096, 'precision': 0.6845972958629024, 'auc': 0.8959504166666667}
[92mINFO [0m:      
[92mINFO [0m:      [ROUND 5/20]
[92mINFO [0m:      configure_train: Sampled 16 nodes (out of 16)
[92mINFO [0m:      aggregate_train: Received 16 results and 0 failures
[92mINFO [0m:      aggregate_fit: parameters are clipped by value: 5.0000.
[92mINFO [0m:      aggregate_fit: parameters are clipped by value: 5.0000.
[92mINFO [0m:      aggregate_fit: parameters are clipped by value: 5.0000.
[92mINFO [0m:      aggregate_fit: parameters are clipped by value: 5.0000.
[92mINFO [0m:      aggregate_fit: parameters are clipped by value: 5.0000.
[92mINFO [0m:      aggregate_fit: parameters are clipped by value: 5.0000.
[92mINFO [0m:      aggregate_fit: parameters are clipped by value: 5.0000.
[92mINFO [0m:      aggregate_fit: parameters are clipped by value: 5.0000.
[92mINFO [0m:      aggregate_fit: parameters are clipped by value: 5.0000.
[92mINFO [0m:      aggregate_fit: parameters are clipped by value: 5.0000.
[92mINFO [0m:      aggregate_fit: parameters are clipped by value: 5.0000.
[92mINFO [0m:      aggregate_fit: parameters are clipped by value: 5.0000.
[92mINFO [0m:      aggregate_fit: parameters are clipped by value: 5.0000.
[92mINFO [0m:      aggregate_fit: parameters are clipped by value: 5.0000.
[92mINFO [0m:      aggregate_fit: parameters are clipped by value: 5.0000.
[92mINFO [0m:      aggregate_fit: parameters are clipped by value: 5.0000.
[92mINFO [0m:      aggregate_train: Received 16 results and 0 failures
[92mINFO [0m:      aggregate_fit: central DP noise with 0.0312 stdev added
[92mINFO [0m:      	└──> Aggregated MetricRecord: {'train_loss': 0.4981307765762792, 'train_loss_mean': 0.6362174930107719, 'client-ids': [0, 1, 2, 3, 4, 5, 6, 7, 8, 9, 10, 11, 12, 13, 14, 15], 'per-client-num-examples': [1505, 1152, 800, 1082, 1012, 870, 588, 376, 1435, 729, 517, 659, 1364, 447, 1294, 940], 'per-client-train_loss': [0.5317030928855718, 0.464407107896275, 0.5382628655433654, 0.5302301403444928, 0.47054203838227765, 0.5215923854674416, 0.5049541310793688, 0.4583734286592362, 0.49542918992374835, 0.490436864569681, 0.532912421964354, 0.46928208686513134, 0.4533667628191783, 0.49301671081741383, 0.5036354492399755, 0.5052231717616954], 'per-client-train_loss_mean': [0.6427323918668336, 0.6149061588777436, 0.6291639420986176, 0.6964823528160229, 0.6010747387475176, 0.6522334452881211, 0.6243797075586255, 0.5988528483725608, 0.6182725939144241, 0.6362474254619929, 0.6913338235545204, 0.643848922220094, 0.6082789533124291, 0.6250720418272936, 0.6548507216909016, 0.6457982922107616], 'dp-client-ids': [0, 1, 2, 3, 4, 5, 6, 7, 8, 9, 10, 11, 12, 13, 14, 15], 'dp-update-norms-before-clipping': [7.061821959038957, 6.244327359277562, 5.026835036334667, 6.099730819283585, 5.868953461495831, 5.528926816132531, 4.497338336859566, 3.849619296014232, 7.116046704288778, 4.952563250677412, 4.08575855295673, 4.74388670172358, 6.676041731640028, 4.036716688351817, 6.752550208732081, 5.623595167277147], 'dp-client-clipped': [1, 1, 1, 1, 1, 1, 0, 0, 1, 0, 0, 0, 1, 0, 1, 1], 'dp-num-clients-clipped': 10, 'dp-fraction-clipped': 0.625, 'dp-signal-update-norm': 2.109881510903983, 'dp-parameter-count': 226596, 'dp-expected-noise-l2-norm': 14.87565649811799, 'dp-noise-to-signal-ratio': 7.050470095709065, 'dp-noise-percent-of-signal': 705.0470095709065, 'global-dp-noise-stdv': 0.03125}
[92mINFO [0m:      configure_evaluate: Sampled 16 nodes (out of 16)
[36m(ClientAppActor pid=3917)[0m /usr/lib/python3.12/multiprocessing/popen_fork.py:66: DeprecationWarning: This process (pid=3917) is multi-threaded, use of fork() may lead to deadlocks in the child.[32m [repeated 16x across cluster][0m
[36m(ClientAppActor pid=3917)[0m   self.pid = os.fork()[32m [repeated 16x across cluster][0m
[92mINFO [0m:      aggregate_evaluate: Received 16 results and 0 failures
[92mINFO [0m:      	└──> Aggregated MetricRecord: {'eval_loss': 0.8622248734422259, 'eval_acc': 0.6617130505268846, 'client-ids': [0, 1, 2, 3, 4, 5, 6, 7, 8, 9, 10, 11, 12, 13, 14, 15], 'per-client-eval_acc': [0.649867374005305, 0.6643598615916955, 0.655, 0.6715867158671587, 0.6561264822134387, 0.6513761467889908, 0.6666666666666666, 0.7052631578947368, 0.6406685236768802, 0.6338797814207651, 0.7153846153846154, 0.6606060606060606, 0.6549707602339181, 0.6607142857142857, 0.6512345679012346, 0.7161016949152542], 'per-client-eval_loss': [0.927803424056076, 0.8822719356799208, 0.921399381160736, 0.8657229025865393, 0.8306735796419528, 0.8395251090373468, 0.9177392842818279, 0.8406266664203844, 0.8653730615599906, 0.9092977138164916, 0.7238835389797504, 0.8606527964274089, 0.8107208898890088, 0.8164349794387817, 0.9449013861609094, 0.7265364517599849], 'per-client-num-examples': [377, 289, 200, 271, 253, 218, 147, 95, 359, 183, 130, 165, 342, 112, 324, 236]}
[92mINFO [0m:      Global evaluation
[92mINFO [0m:      	└──> MetricRecord: {'loss': 0.830500846862793, 'accuracy': 0.687, 'f1': 0.6793806519238815, 'precision': 0.7021404492514622, 'auc': 0.8836255833333333}
[92mINFO [0m:      
[92mINFO [0m:      [ROUND 6/20]
[92mINFO [0m:      configure_train: Sampled 16 nodes (out of 16)
[92mINFO [0m:      aggregate_train: Received 16 results and 0 failures
[92mINFO [0m:      aggregate_fit: parameters are clipped by value: 5.0000.
[92mINFO [0m:      aggregate_fit: parameters are clipped by value: 5.0000.
[92mINFO [0m:      aggregate_fit: parameters are clipped by value: 5.0000.
[92mINFO [0m:      aggregate_fit: parameters are clipped by value: 5.0000.
[92mINFO [0m:      aggregate_fit: parameters are clipped by value: 5.0000.
[92mINFO [0m:      aggregate_fit: parameters are clipped by value: 5.0000.
[92mINFO [0m:      aggregate_fit: parameters are clipped by value: 5.0000.
[92mINFO [0m:      aggregate_fit: parameters are clipped by value: 5.0000.
[92mINFO [0m:      aggregate_fit: parameters are clipped by value: 5.0000.
[92mINFO [0m:      aggregate_fit: parameters are clipped by value: 5.0000.
[92mINFO [0m:      aggregate_fit: parameters are clipped by value: 5.0000.
[92mINFO [0m:      aggregate_fit: parameters are clipped by value: 5.0000.
[92mINFO [0m:      aggregate_fit: parameters are clipped by value: 5.0000.
[92mINFO [0m:      aggregate_fit: parameters are clipped by value: 5.0000.
[92mINFO [0m:      aggregate_fit: parameters are clipped by value: 5.0000.
[92mINFO [0m:      aggregate_fit: parameters are clipped by value: 5.0000.
[92mINFO [0m:      aggregate_train: Received 16 results and 0 failures
[92mINFO [0m:      aggregate_fit: central DP noise with 0.0312 stdev added
[92mINFO [0m:      	└──> Aggregated MetricRecord: {'train_loss': 0.3990187120396257, 'train_loss_mean': 0.5567021814249102, 'client-ids': [0, 1, 2, 3, 4, 5, 6, 7, 8, 9, 10, 11, 12, 13, 14, 15], 'per-client-num-examples': [1505, 1152, 800, 1082, 1012, 870, 588, 376, 1435, 729, 517, 659, 1364, 447, 1294, 940], 'per-client-train_loss': [0.4735618374276399, 0.36936553112334675, 0.4079067873954773, 0.39121612396896877, 0.37621669594949414, 0.38816811531439593, 0.3802890449154134, 0.30355259078614255, 0.3570423128920565, 0.40673969998771764, 0.4355411742105936, 0.40790665592879555, 0.3669388470761587, 0.455722613222647, 0.41211752922862904, 0.43525025793846617], 'per-client-train_loss_mean': [0.6067408270189583, 0.5396654239131344, 0.5742779681682586, 0.5690618878096176, 0.5215752622826768, 0.5428906736565733, 0.5317370568408447, 0.5158012823855623, 0.521584913007889, 0.5699981392819858, 0.5831154180535727, 0.5993298894266438, 0.5277688291240648, 0.6022989923388632, 0.5545969900705346, 0.5729444114451713], 'dp-client-ids': [0, 1, 2, 3, 4, 5, 6, 7, 8, 9, 10, 11, 12, 13, 14, 15], 'dp-update-norms-before-clipping': [7.042725329754545, 6.289291741156435, 5.292585938043522, 6.030155843220073, 5.765471766452993, 5.535764256195979, 4.627617995124053, 3.929175927371863, 6.984096130034433, 5.046480623231206, 4.371599786057447, 4.749701780708519, 6.763622953451348, 3.991011978764167, 6.566123908209793, 5.6986686928982655], 'dp-client-clipped': [1, 1, 1, 1, 1, 1, 0, 0, 1, 1, 0, 0, 1, 0, 1, 1], 'dp-num-clients-clipped': 11, 'dp-fraction-clipped': 0.6875, 'dp-signal-update-norm': 1.9334761530935525, 'dp-parameter-count': 226596, 'dp-expected-noise-l2-norm': 14.87565649811799, 'dp-noise-to-signal-ratio': 7.693736731284227, 'dp-noise-percent-of-signal': 769.3736731284228, 'global-dp-noise-stdv': 0.03125}
[92mINFO [0m:      configure_evaluate: Sampled 16 nodes (out of 16)
[36m(ClientAppActor pid=3916)[0m /usr/lib/python3.12/multiprocessing/popen_fork.py:66: DeprecationWarning: This process (pid=3916) is multi-threaded, use of fork() may lead to deadlocks in the child.[32m [repeated 16x across cluster][0m
[36m(ClientAppActor pid=3916)[0m   self.pid = os.fork()[32m [repeated 16x across cluster][0m
[92mINFO [0m:      aggregate_evaluate: Received 16 results and 0 failures
[92mINFO [0m:      	└──> Aggregated MetricRecord: {'eval_loss': 0.828160072534157, 'eval_acc': 0.6684679816265874, 'client-ids': [0, 1, 2, 3, 4, 5, 6, 7, 8, 9, 10, 11, 12, 13, 14, 15], 'per-client-eval_acc': [0.6445623342175066, 0.6678200692041523, 0.685, 0.6605166051660517, 0.6798418972332015, 0.6651376146788991, 0.6394557823129252, 0.6736842105263158, 0.6908077994428969, 0.6502732240437158, 0.7153846153846154, 0.6484848484848484, 0.6783625730994152, 0.6964285714285714, 0.6327160493827161, 0.6991525423728814], 'per-client-eval_loss': [0.8388268650368607, 0.8696384131908417, 0.7830025315284729, 0.7965284431992422, 0.7973077495107538, 0.8360133739786411, 0.9232147502250412, 0.8985168858578331, 0.8546140286915813, 0.8533324153045487, 0.7075506554200099, 0.8545492244489266, 0.786513590673257, 0.7944390007427761, 0.9080121123496397, 0.7281644910068835], 'per-client-num-examples': [377, 289, 200, 271, 253, 218, 147, 95, 359, 183, 130, 165, 342, 112, 324, 236]}
[92mINFO [0m:      Global evaluation
[92mINFO [0m:      	└──> MetricRecord: {'loss': 0.8175763092041015, 'accuracy': 0.671, 'f1': 0.654799708370316, 'precision': 0.700905852492153, 'auc': 0.8872636666666668}
[92mINFO [0m:      
[92mINFO [0m:      [ROUND 7/20]
[92mINFO [0m:      configure_train: Sampled 16 nodes (out of 16)
[92mINFO [0m:      aggregate_train: Received 16 results and 0 failures
[92mINFO [0m:      aggregate_fit: parameters are clipped by value: 5.0000.
[92mINFO [0m:      aggregate_fit: parameters are clipped by value: 5.0000.
[92mINFO [0m:      aggregate_fit: parameters are clipped by value: 5.0000.
[92mINFO [0m:      aggregate_fit: parameters are clipped by value: 5.0000.
[92mINFO [0m:      aggregate_fit: parameters are clipped by value: 5.0000.
[92mINFO [0m:      aggregate_fit: parameters are clipped by value: 5.0000.
[92mINFO [0m:      aggregate_fit: parameters are clipped by value: 5.0000.
[92mINFO [0m:      aggregate_fit: parameters are clipped by value: 5.0000.
[92mINFO [0m:      aggregate_fit: parameters are clipped by value: 5.0000.
[92mINFO [0m:      aggregate_fit: parameters are clipped by value: 5.0000.
[92mINFO [0m:      aggregate_fit: parameters are clipped by value: 5.0000.
[92mINFO [0m:      aggregate_fit: parameters are clipped by value: 5.0000.
[92mINFO [0m:      aggregate_fit: parameters are clipped by value: 5.0000.
[92mINFO [0m:      aggregate_fit: parameters are clipped by value: 5.0000.
[92mINFO [0m:      aggregate_fit: parameters are clipped by value: 5.0000.
[92mINFO [0m:      aggregate_fit: parameters are clipped by value: 5.0000.
[92mINFO [0m:      aggregate_train: Received 16 results and 0 failures
[92mINFO [0m:      aggregate_fit: central DP noise with 0.0312 stdev added
[92mINFO [0m:      	└──> Aggregated MetricRecord: {'train_loss': 0.31750545044181794, 'train_loss_mean': 0.49497414487394514, 'client-ids': [0, 1, 2, 3, 4, 5, 6, 7, 8, 9, 10, 11, 12, 13, 14, 15], 'per-client-num-examples': [1505, 1152, 800, 1082, 1012, 870, 588, 376, 1435, 729, 517, 659, 1364, 447, 1294, 940], 'per-client-train_loss': [0.35414465693540353, 0.3215903830197122, 0.3142136359214783, 0.32401489974610687, 0.2758798801851838, 0.302936376922432, 0.289752700296389, 0.2565969124119333, 0.3054254865293303, 0.29691792527834576, 0.35864960536274276, 0.3811570332245689, 0.2816925538250428, 0.2603413263289987, 0.3522503447403679, 0.3476428674256548], 'per-client-train_loss_mean': [0.5024113047558604, 0.4919271878070301, 0.5050425519943238, 0.5262845611506161, 0.48282578801920295, 0.49076509872729746, 0.47507256492465527, 0.448481370413557, 0.48512242505982356, 0.49160955937474515, 0.5391144494369366, 0.5476475800838384, 0.44512872475682813, 0.4774772209875803, 0.5174006100692189, 0.49643381918998475], 'dp-client-ids': [0, 1, 2, 3, 4, 5, 6, 7, 8, 9, 10, 11, 12, 13, 14, 15], 'dp-update-norms-before-clipping': [7.125779913276335, 6.328891067583966, 5.1561104520559, 6.045879664927521, 5.98021359178566, 5.468263279965638, 4.6151139646358255, 3.886660938017252, 6.857397800362385, 4.986998744422479, 4.446242549201048, 4.759549999947815, 6.832737426903513, 3.947654375428591, 6.623626268777049, 5.67807104592612], 'dp-client-clipped': [1, 1, 1, 1, 1, 1, 0, 0, 1, 0, 0, 0, 1, 0, 1, 1], 'dp-num-clients-clipped': 10, 'dp-fraction-clipped': 0.625, 'dp-signal-update-norm': 1.8285036423052767, 'dp-parameter-count': 226596, 'dp-expected-noise-l2-norm': 14.87565649811799, 'dp-noise-to-signal-ratio': 8.135426232656327, 'dp-noise-percent-of-signal': 813.5426232656329, 'global-dp-noise-stdv': 0.03125}
[92mINFO [0m:      configure_evaluate: Sampled 16 nodes (out of 16)
[36m(ClientAppActor pid=3913)[0m /usr/lib/python3.12/multiprocessing/popen_fork.py:66: DeprecationWarning: This process (pid=3913) is multi-threaded, use of fork() may lead to deadlocks in the child.[32m [repeated 16x across cluster][0m
[36m(ClientAppActor pid=3913)[0m   self.pid = os.fork()[32m [repeated 16x across cluster][0m
[92mINFO [0m:      aggregate_evaluate: Received 16 results and 0 failures
[92mINFO [0m:      	└──> Aggregated MetricRecord: {'eval_loss': 0.7856430700604932, 'eval_acc': 0.6962982977573628, 'client-ids': [0, 1, 2, 3, 4, 5, 6, 7, 8, 9, 10, 11, 12, 13, 14, 15], 'per-client-eval_acc': [0.7055702917771883, 0.7093425605536332, 0.665, 0.6974169741697417, 0.7075098814229249, 0.7201834862385321, 0.6938775510204082, 0.6736842105263158, 0.6852367688022284, 0.6885245901639344, 0.7769230769230769, 0.6545454545454545, 0.6842105263157895, 0.7589285714285714, 0.6481481481481481, 0.7288135593220338], 'per-client-eval_loss': [0.7720962645836787, 0.7524549961347894, 0.8205017375946045, 0.7518868323181828, 0.7363532597839597, 0.7531724151121367, 0.8398654314936423, 0.8202377118562397, 0.8006247016380756, 0.7876634128758164, 0.6489235405738537, 0.9106065562277129, 0.8759125213176884, 0.703975966998509, 0.8554839962794457, 0.6679269297648285], 'per-client-num-examples': [377, 289, 200, 271, 253, 218, 147, 95, 359, 183, 130, 165, 342, 112, 324, 236]}
[92mINFO [0m:      Global evaluation
[92mINFO [0m:      	└──> MetricRecord: {'loss': 0.7365979342460632, 'accuracy': 0.7105, 'f1': 0.6923117888294191, 'precision': 0.7482873644382151, 'auc': 0.9146034166666666}
[92mINFO [0m:      
[92mINFO [0m:      [ROUND 8/20]
[92mINFO [0m:      configure_train: Sampled 16 nodes (out of 16)
[92mINFO [0m:      aggregate_train: Received 16 results and 0 failures
[92mINFO [0m:      aggregate_fit: parameters are clipped by value: 5.0000.
[92mINFO [0m:      aggregate_fit: parameters are clipped by value: 5.0000.
[92mINFO [0m:      aggregate_fit: parameters are clipped by value: 5.0000.
[92mINFO [0m:      aggregate_fit: parameters are clipped by value: 5.0000.
[92mINFO [0m:      aggregate_fit: parameters are clipped by value: 5.0000.
[92mINFO [0m:      aggregate_fit: parameters are clipped by value: 5.0000.
[92mINFO [0m:      aggregate_fit: parameters are clipped by value: 5.0000.
[92mINFO [0m:      aggregate_fit: parameters are clipped by value: 5.0000.
[92mINFO [0m:      aggregate_fit: parameters are clipped by value: 5.0000.
[92mINFO [0m:      aggregate_fit: parameters are clipped by value: 5.0000.
[92mINFO [0m:      aggregate_fit: parameters are clipped by value: 5.0000.
[92mINFO [0m:      aggregate_fit: parameters are clipped by value: 5.0000.
[92mINFO [0m:      aggregate_fit: parameters are clipped by value: 5.0000.
[92mINFO [0m:      aggregate_fit: parameters are clipped by value: 5.0000.
[92mINFO [0m:      aggregate_fit: parameters are clipped by value: 5.0000.
[92mINFO [0m:      aggregate_fit: parameters are clipped by value: 5.0000.
[92mINFO [0m:      aggregate_train: Received 16 results and 0 failures
[92mINFO [0m:      aggregate_fit: central DP noise with 0.0312 stdev added
[92mINFO [0m:      	└──> Aggregated MetricRecord: {'train_loss': 0.2670000347450688, 'train_loss_mean': 0.4510874350214618, 'client-ids': [0, 1, 2, 3, 4, 5, 6, 7, 8, 9, 10, 11, 12, 13, 14, 15], 'per-client-num-examples': [1505, 1152, 800, 1082, 1012, 870, 588, 376, 1435, 729, 517, 659, 1364, 447, 1294, 940], 'per-client-train_loss': [0.35161545804370675, 0.26195328558484715, 0.24744690656661988, 0.2598354284291787, 0.28017608055719745, 0.2825397475183695, 0.26735292912340486, 0.22909248572714785, 0.25383149343915934, 0.2466917729058874, 0.30171846467245017, 0.26001189158429505, 0.2087598297952557, 0.22786155943102485, 0.25354663974719216, 0.29227114801711224], 'per-client-train_loss_mean': [0.4975465893804829, 0.44019898573557537, 0.42853486120700834, 0.46981849085381205, 0.4462679334897769, 0.4596204777181834, 0.45498614911319446, 0.45063232107365386, 0.4301122554108656, 0.4374963624037506, 0.48419168151093633, 0.46216302391068165, 0.3927910223035169, 0.4377163500727156, 0.45512879592189465, 0.48469064496933145], 'dp-client-ids': [0, 1, 2, 3, 4, 5, 6, 7, 8, 9, 10, 11, 12, 13, 14, 15], 'dp-update-norms-before-clipping': [7.143091037732792, 6.250337203938939, 5.39806019053077, 6.133524730682927, 5.952584294474637, 5.437667133576793, 4.5114051110359235, 3.8101153544427313, 6.918026630700227, 5.025579298585253, 4.274035962326602, 4.817071711790373, 6.766653207298937, 4.135531718465591, 6.649422707033209, 5.733531340316223], 'dp-client-clipped': [1, 1, 1, 1, 1, 1, 0, 0, 1, 1, 0, 0, 1, 0, 1, 1], 'dp-num-clients-clipped': 11, 'dp-fraction-clipped': 0.6875, 'dp-signal-update-norm': 1.740241182133451, 'dp-parameter-count': 226596, 'dp-expected-noise-l2-norm': 14.87565649811799, 'dp-noise-to-signal-ratio': 8.548043024634758, 'dp-noise-percent-of-signal': 854.8043024634759, 'global-dp-noise-stdv': 0.03125}
[92mINFO [0m:      configure_evaluate: Sampled 16 nodes (out of 16)
[36m(ClientAppActor pid=3914)[0m /usr/lib/python3.12/multiprocessing/popen_fork.py:66: DeprecationWarning: This process (pid=3914) is multi-threaded, use of fork() may lead to deadlocks in the child.[32m [repeated 16x across cluster][0m
[36m(ClientAppActor pid=3914)[0m   self.pid = os.fork()[32m [repeated 16x across cluster][0m
[92mINFO [0m:      aggregate_evaluate: Received 16 results and 0 failures
[92mINFO [0m:      	└──> Aggregated MetricRecord: {'eval_loss': 0.8779806841282597, 'eval_acc': 0.6811672520940286, 'client-ids': [0, 1, 2, 3, 4, 5, 6, 7, 8, 9, 10, 11, 12, 13, 14, 15], 'per-client-eval_acc': [0.6923076923076923, 0.6747404844290658, 0.68, 0.6605166051660517, 0.6600790513833992, 0.6697247706422018, 0.7006802721088435, 0.6631578947368421, 0.6573816155988857, 0.6502732240437158, 0.7538461538461538, 0.6303030303030303, 0.6842105263157895, 0.7589285714285714, 0.7006172839506173, 0.711864406779661], 'per-client-eval_loss': [0.8541112591164182, 0.8559878654004587, 0.8965822505950928, 0.9115110200269636, 0.8549864772751398, 0.8398753699906375, 0.9185171711201571, 0.8524115311472039, 1.0058685544473547, 0.9348307020677243, 0.7406843753961416, 1.004278395392678, 0.9576472176445855, 0.6909158400126866, 0.8044582421396985, 0.7566376358775769], 'per-client-num-examples': [377, 289, 200, 271, 253, 218, 147, 95, 359, 183, 130, 165, 342, 112, 324, 236]}
[92mINFO [0m:      Global evaluation
[92mINFO [0m:      	└──> MetricRecord: {'loss': 0.8183442702293396, 'accuracy': 0.7, 'f1': 0.7039902325197555, 'precision': 0.7542550858527102, 'auc': 0.9030716666666667}
[92mINFO [0m:      
[92mINFO [0m:      [ROUND 9/20]
[92mINFO [0m:      configure_train: Sampled 16 nodes (out of 16)
[92mINFO [0m:      aggregate_train: Received 16 results and 0 failures
[92mINFO [0m:      aggregate_fit: parameters are clipped by value: 5.0000.
[92mINFO [0m:      aggregate_fit: parameters are clipped by value: 5.0000.
[92mINFO [0m:      aggregate_fit: parameters are clipped by value: 5.0000.
[92mINFO [0m:      aggregate_fit: parameters are clipped by value: 5.0000.
[92mINFO [0m:      aggregate_fit: parameters are clipped by value: 5.0000.
[92mINFO [0m:      aggregate_fit: parameters are clipped by value: 5.0000.
[92mINFO [0m:      aggregate_fit: parameters are clipped by value: 5.0000.
[92mINFO [0m:      aggregate_fit: parameters are clipped by value: 5.0000.
[92mINFO [0m:      aggregate_fit: parameters are clipped by value: 5.0000.
[92mINFO [0m:      aggregate_fit: parameters are clipped by value: 5.0000.
[92mINFO [0m:      aggregate_fit: parameters are clipped by value: 5.0000.
[92mINFO [0m:      aggregate_fit: parameters are clipped by value: 5.0000.
[92mINFO [0m:      aggregate_fit: parameters are clipped by value: 5.0000.
[92mINFO [0m:      aggregate_fit: parameters are clipped by value: 5.0000.
[92mINFO [0m:      aggregate_fit: parameters are clipped by value: 5.0000.
[92mINFO [0m:      aggregate_fit: parameters are clipped by value: 5.0000.
[92mINFO [0m:      aggregate_train: Received 16 results and 0 failures
[92mINFO [0m:      aggregate_fit: central DP noise with 0.0312 stdev added
[92mINFO [0m:      	└──> Aggregated MetricRecord: {'train_loss': 0.22816128705804137, 'train_loss_mean': 0.42316464899544154, 'client-ids': [0, 1, 2, 3, 4, 5, 6, 7, 8, 9, 10, 11, 12, 13, 14, 15], 'per-client-num-examples': [1505, 1152, 800, 1082, 1012, 870, 588, 376, 1435, 729, 517, 659, 1364, 447, 1294, 940], 'per-client-train_loss': [0.3105116409320768, 0.21829149623711905, 0.22639163285493852, 0.25834732581198544, 0.20770165771834936, 0.20379208906114787, 0.19279484400132887, 0.15902683107142754, 0.20834256578820923, 0.22564695538398497, 0.25122675927971966, 0.23289459392043999, 0.213327793693962, 0.24235200858622857, 0.2287939458026031, 0.1996327800953642], 'per-client-train_loss_mean': [0.46960870022554435, 0.41098534017801286, 0.4154599281549453, 0.43455319681141164, 0.41285669613968246, 0.40771253760347415, 0.3909356281870887, 0.399614909798541, 0.3999819841617491, 0.46231380853142756, 0.4363920505549507, 0.4604476528211139, 0.3923483473988922, 0.4430861942653421, 0.43614497259835006, 0.40114898141394273], 'dp-client-ids': [0, 1, 2, 3, 4, 5, 6, 7, 8, 9, 10, 11, 12, 13, 14, 15], 'dp-update-norms-before-clipping': [7.3543622984000105, 6.085296434909061, 5.043353147936081, 5.987446295610759, 5.6297719622823195, 5.454952834808907, 4.573366642520559, 3.7317014897415466, 6.967907454094077, 4.887283806292894, 4.344910443632912, 4.836245811611502, 6.756845972372855, 3.9088024711906635, 6.411924290969418, 5.557986498438528], 'dp-client-clipped': [1, 1, 1, 1, 1, 1, 0, 0, 1, 0, 0, 0, 1, 0, 1, 1], 'dp-num-clients-clipped': 10, 'dp-fraction-clipped': 0.625, 'dp-signal-update-norm': 1.6687918240743378, 'dp-parameter-count': 226596, 'dp-expected-noise-l2-norm': 14.87565649811799, 'dp-noise-to-signal-ratio': 8.914027671707565, 'dp-noise-percent-of-signal': 891.4027671707566, 'global-dp-noise-stdv': 0.03125}
[92mINFO [0m:      configure_evaluate: Sampled 16 nodes (out of 16)
[36m(ClientAppActor pid=3918)[0m /usr/lib/python3.12/multiprocessing/popen_fork.py:66: DeprecationWarning: This process (pid=3918) is multi-threaded, use of fork() may lead to deadlocks in the child.[32m [repeated 16x across cluster][0m
[36m(ClientAppActor pid=3918)[0m   self.pid = os.fork()[32m [repeated 16x across cluster][0m
[92mINFO [0m:      aggregate_evaluate: Received 16 results and 0 failures
[92mINFO [0m:      	└──> Aggregated MetricRecord: {'eval_loss': 0.778774342130642, 'eval_acc': 0.7249392056201026, 'client-ids': [0, 1, 2, 3, 4, 5, 6, 7, 8, 9, 10, 11, 12, 13, 14, 15], 'per-client-eval_acc': [0.7055702917771883, 0.7093425605536332, 0.72, 0.7306273062730627, 0.758893280632411, 0.7201834862385321, 0.7346938775510204, 0.7052631578947368, 0.7270194986072424, 0.73224043715847, 0.7384615384615385, 0.6848484848484848, 0.7485380116959064, 0.7410714285714286, 0.7067901234567902, 0.7372881355932204], 'per-client-eval_loss': [0.7724724473624394, 0.8327254279948462, 0.7880323028564453, 0.7462712565911213, 0.7218277143395465, 0.7564043255027281, 0.8454202405449485, 0.8689315595124897, 0.7954849878061448, 0.7451291318799629, 0.691847734267895, 0.9471355893395164, 0.7170518797043471, 0.6230187926973615, 0.8984970902955091, 0.6860002339896509], 'per-client-num-examples': [377, 289, 200, 271, 253, 218, 147, 95, 359, 183, 130, 165, 342, 112, 324, 236]}
[92mINFO [0m:      Global evaluation
[92mINFO [0m:      	└──> MetricRecord: {'loss': 0.7286910400390625, 'accuracy': 0.7465, 'f1': 0.7418402120241322, 'precision': 0.7430296208982684, 'auc': 0.9233697499999999}
[92mINFO [0m:      
[92mINFO [0m:      [ROUND 10/20]
[92mINFO [0m:      configure_train: Sampled 16 nodes (out of 16)
[92mINFO [0m:      aggregate_train: Received 16 results and 0 failures
[92mINFO [0m:      aggregate_fit: parameters are clipped by value: 5.0000.
[92mINFO [0m:      aggregate_fit: parameters are clipped by value: 5.0000.
[92mINFO [0m:      aggregate_fit: parameters are clipped by value: 5.0000.
[92mINFO [0m:      aggregate_fit: parameters are clipped by value: 5.0000.
[92mINFO [0m:      aggregate_fit: parameters are clipped by value: 5.0000.
[92mINFO [0m:      aggregate_fit: parameters are clipped by value: 5.0000.
[92mINFO [0m:      aggregate_fit: parameters are clipped by value: 5.0000.
[92mINFO [0m:      aggregate_fit: parameters are clipped by value: 5.0000.
[92mINFO [0m:      aggregate_fit: parameters are clipped by value: 5.0000.
[92mINFO [0m:      aggregate_fit: parameters are clipped by value: 5.0000.
[92mINFO [0m:      aggregate_fit: parameters are clipped by value: 5.0000.
[92mINFO [0m:      aggregate_fit: parameters are clipped by value: 5.0000.
[92mINFO [0m:      aggregate_fit: parameters are clipped by value: 5.0000.
[92mINFO [0m:      aggregate_fit: parameters are clipped by value: 5.0000.
[92mINFO [0m:      aggregate_fit: parameters are clipped by value: 5.0000.
[92mINFO [0m:      aggregate_fit: parameters are clipped by value: 5.0000.
[92mINFO [0m:      aggregate_train: Received 16 results and 0 failures
[92mINFO [0m:      aggregate_fit: central DP noise with 0.0312 stdev added
[92mINFO [0m:      	└──> Aggregated MetricRecord: {'train_loss': 0.18780490273588316, 'train_loss_mean': 0.3934391008021869, 'client-ids': [0, 1, 2, 3, 4, 5, 6, 7, 8, 9, 10, 11, 12, 13, 14, 15], 'per-client-num-examples': [1505, 1152, 800, 1082, 1012, 870, 588, 376, 1435, 729, 517, 659, 1364, 447, 1294, 940], 'per-client-train_loss': [0.24321882099012204, 0.19124829231037033, 0.19021751150488853, 0.20663653449077923, 0.15079561653344528, 0.1751526787191972, 0.15473643340626542, 0.16528240226684732, 0.18062581145804935, 0.15500237074244988, 0.19790547763355926, 0.17653012929176162, 0.16861884073078456, 0.14998304577215138, 0.21010536363080629, 0.20625744620536235], 'per-client-train_loss_mean': [0.44916863062453033, 0.3935950663354662, 0.4000876178443432, 0.4081946247110966, 0.36183101793994077, 0.3713395689924558, 0.3621771669103986, 0.37963729824157466, 0.36953557730759473, 0.3890507910722568, 0.43534124619840886, 0.41759305156778675, 0.35518726206594897, 0.3804113200713591, 0.41311370720266377, 0.3954692272556589], 'dp-client-ids': [0, 1, 2, 3, 4, 5, 6, 7, 8, 9, 10, 11, 12, 13, 14, 15], 'dp-update-norms-before-clipping': [6.872000551803965, 6.090672248972997, 4.916707410300215, 5.864774359377189, 5.589532757532537, 5.4304147080391125, 4.487444760237155, 3.7679570285217387, 6.673650570496787, 4.837426449116877, 4.234549471332679, 4.708024873718319, 6.427555523129349, 3.885594826125712, 6.228344331189216, 5.737680288907051], 'dp-client-clipped': [1, 1, 0, 1, 1, 1, 0, 0, 1, 0, 0, 0, 1, 0, 1, 1], 'dp-num-clients-clipped': 9, 'dp-fraction-clipped': 0.5625, 'dp-signal-update-norm': 1.6246504492194056, 'dp-parameter-count': 226596, 'dp-expected-noise-l2-norm': 14.87565649811799, 'dp-noise-to-signal-ratio': 9.156219730382794, 'dp-noise-percent-of-signal': 915.6219730382794, 'global-dp-noise-stdv': 0.03125}
[92mINFO [0m:      configure_evaluate: Sampled 16 nodes (out of 16)
[36m(ClientAppActor pid=3917)[0m /usr/lib/python3.12/multiprocessing/popen_fork.py:66: DeprecationWarning: This process (pid=3917) is multi-threaded, use of fork() may lead to deadlocks in the child.[32m [repeated 16x across cluster][0m
[36m(ClientAppActor pid=3917)[0m   self.pid = os.fork()[32m [repeated 16x across cluster][0m
[92mINFO [0m:      aggregate_evaluate: Received 16 results and 0 failures
[92mINFO [0m:      	└──> Aggregated MetricRecord: {'eval_loss': 1.971301158357656, 'eval_acc': 0.5498513915158065, 'client-ids': [0, 1, 2, 3, 4, 5, 6, 7, 8, 9, 10, 11, 12, 13, 14, 15], 'per-client-eval_acc': [0.53315649867374, 0.5155709342560554, 0.525, 0.5608856088560885, 0.5928853754940712, 0.5412844036697247, 0.5034013605442177, 0.5789473684210527, 0.5543175487465181, 0.546448087431694, 0.6, 0.503030303030303, 0.5672514619883041, 0.5803571428571429, 0.5185185185185185, 0.6101694915254238], 'per-client-eval_loss': [1.9762982740326331, 2.215546945006841, 2.0643369579315185, 1.836751029940109, 1.8934270685369319, 1.8694070063599753, 2.19086285026706, 1.7743032756604646, 1.9043133570955324, 1.9535203735685087, 1.8942563891410829, 2.0911078597560073, 1.8186492585299308, 1.9826714651925224, 2.2173558098298534, 1.8124082209700245], 'per-client-num-examples': [377, 289, 200, 271, 253, 218, 147, 95, 359, 183, 130, 165, 342, 112, 324, 236]}
[92mINFO [0m:      Global evaluation
[92mINFO [0m:      	└──> MetricRecord: {'loss': 1.9232131748199464, 'accuracy': 0.5555, 'f1': 0.5139978835267469, 'precision': 0.6479561016621826, 'auc': 0.7973877916666667}
[92mINFO [0m:      
[92mINFO [0m:      [ROUND 11/20]
[92mINFO [0m:      configure_train: Sampled 16 nodes (out of 16)
[92mINFO [0m:      aggregate_train: Received 16 results and 0 failures
[92mINFO [0m:      aggregate_fit: parameters are clipped by value: 5.0000.
[92mINFO [0m:      aggregate_fit: parameters are clipped by value: 5.0000.
[92mINFO [0m:      aggregate_fit: parameters are clipped by value: 5.0000.
[92mINFO [0m:      aggregate_fit: parameters are clipped by value: 5.0000.
[92mINFO [0m:      aggregate_fit: parameters are clipped by value: 5.0000.
[92mINFO [0m:      aggregate_fit: parameters are clipped by value: 5.0000.
[92mINFO [0m:      aggregate_fit: parameters are clipped by value: 5.0000.
[92mINFO [0m:      aggregate_fit: parameters are clipped by value: 5.0000.
[92mINFO [0m:      aggregate_fit: parameters are clipped by value: 5.0000.
[92mINFO [0m:      aggregate_fit: parameters are clipped by value: 5.0000.
[92mINFO [0m:      aggregate_fit: parameters are clipped by value: 5.0000.
[92mINFO [0m:      aggregate_fit: parameters are clipped by value: 5.0000.
[92mINFO [0m:      aggregate_fit: parameters are clipped by value: 5.0000.
[92mINFO [0m:      aggregate_fit: parameters are clipped by value: 5.0000.
[92mINFO [0m:      aggregate_fit: parameters are clipped by value: 5.0000.
[92mINFO [0m:      aggregate_fit: parameters are clipped by value: 5.0000.
[92mINFO [0m:      aggregate_train: Received 16 results and 0 failures
[92mINFO [0m:      aggregate_fit: central DP noise with 0.0312 stdev added
[92mINFO [0m:      	└──> Aggregated MetricRecord: {'train_loss': 0.18648971306562379, 'train_loss_mean': 0.4163320015087193, 'client-ids': [0, 1, 2, 3, 4, 5, 6, 7, 8, 9, 10, 11, 12, 13, 14, 15], 'per-client-num-examples': [1505, 1152, 800, 1082, 1012, 870, 588, 376, 1435, 729, 517, 659, 1364, 447, 1294, 940], 'per-client-train_loss': [0.2965850998421642, 0.1629589359379477, 0.1730999991297722, 0.17876072979898858, 0.16896835093206097, 0.19606176470888073, 0.1740047825234277, 0.14239117947030575, 0.17224200007599821, 0.17228573417630869, 0.18866406734204155, 0.18848408403635386, 0.16853817965278178, 0.17678963191290564, 0.1744504270404347, 0.17220987436619212], 'per-client-train_loss_mean': [0.475495865339896, 0.399008499044511, 0.40494335454702374, 0.42944838383171346, 0.3900633149585234, 0.38201576746743304, 0.4453448351954116, 0.428534251007628, 0.3674231978181347, 0.41351879328203134, 0.5227710719755355, 0.5083082814408362, 0.36779132818371674, 0.45914946283803426, 0.388398364881828, 0.41679507303745195], 'dp-client-ids': [0, 1, 2, 3, 4, 5, 6, 7, 8, 9, 10, 11, 12, 13, 14, 15], 'dp-update-norms-before-clipping': [7.177474756572936, 5.741640870291741, 4.9229166023601145, 5.592236235984133, 5.6319860073696075, 5.29408607598171, 4.282638824693173, 3.6491047757379214, 6.558995524959149, 4.751064207270789, 4.120706085589249, 4.713805068922884, 6.249877788490772, 3.8341546988652677, 6.1990770252944145, 5.3579707312375096], 'dp-client-clipped': [1, 1, 0, 1, 1, 1, 0, 0, 1, 0, 0, 0, 1, 0, 1, 1], 'dp-num-clients-clipped': 9, 'dp-fraction-clipped': 0.5625, 'dp-signal-update-norm': 1.6439490788553457, 'dp-parameter-count': 226596, 'dp-expected-noise-l2-norm': 14.87565649811799, 'dp-noise-to-signal-ratio': 9.048733132583195, 'dp-noise-percent-of-signal': 904.8733132583196, 'global-dp-noise-stdv': 0.03125}
[92mINFO [0m:      configure_evaluate: Sampled 16 nodes (out of 16)
[36m(ClientAppActor pid=3915)[0m /usr/lib/python3.12/multiprocessing/popen_fork.py:66: DeprecationWarning: This process (pid=3915) is multi-threaded, use of fork() may lead to deadlocks in the child.[32m [repeated 16x across cluster][0m
[36m(ClientAppActor pid=3915)[0m   self.pid = os.fork()[32m [repeated 16x across cluster][0m
[92mINFO [0m:      aggregate_evaluate: Received 16 results and 0 failures
[92mINFO [0m:      	└──> Aggregated MetricRecord: {'eval_loss': 1.0143452037998515, 'eval_acc': 0.6522561469873008, 'client-ids': [0, 1, 2, 3, 4, 5, 6, 7, 8, 9, 10, 11, 12, 13, 14, 15], 'per-client-eval_acc': [0.6472148541114059, 0.6643598615916955, 0.63, 0.6752767527675276, 0.6679841897233202, 0.6330275229357798, 0.5986394557823129, 0.6526315789473685, 0.6323119777158774, 0.6557377049180327, 0.6923076923076923, 0.6, 0.672514619883041, 0.7410714285714286, 0.6388888888888888, 0.6610169491525424], 'per-client-eval_loss': [1.0375171226278856, 1.01391630325866, 1.0661180543899536, 0.8923959415337256, 0.9620564803775591, 1.026765412146892, 1.2711435953776042, 1.0826405575400904, 1.0256410096681217, 1.108397092975554, 0.9654649046751169, 1.1572465896606445, 0.9257001263356348, 0.8602716241564069, 1.111263750511923, 0.8365744695825091], 'per-client-num-examples': [377, 289, 200, 271, 253, 218, 147, 95, 359, 183, 130, 165, 342, 112, 324, 236]}
[92mINFO [0m:      Global evaluation
[92mINFO [0m:      	└──> MetricRecord: {'loss': 1.0155647563934327, 'accuracy': 0.659, 'f1': 0.6326986171710189, 'precision': 0.6752306829271745, 'auc': 0.8793766249999999}
[92mINFO [0m:      
[92mINFO [0m:      [ROUND 12/20]
[92mINFO [0m:      configure_train: Sampled 16 nodes (out of 16)
[92mINFO [0m:      aggregate_train: Received 16 results and 0 failures
[92mINFO [0m:      aggregate_fit: parameters are clipped by value: 5.0000.
[92mINFO [0m:      aggregate_fit: parameters are clipped by value: 5.0000.
[92mINFO [0m:      aggregate_fit: parameters are clipped by value: 5.0000.
[92mINFO [0m:      aggregate_fit: parameters are clipped by value: 5.0000.
[92mINFO [0m:      aggregate_fit: parameters are clipped by value: 5.0000.
[92mINFO [0m:      aggregate_fit: parameters are clipped by value: 5.0000.
[92mINFO [0m:      aggregate_fit: parameters are clipped by value: 5.0000.
[92mINFO [0m:      aggregate_fit: parameters are clipped by value: 5.0000.
[92mINFO [0m:      aggregate_fit: parameters are clipped by value: 5.0000.
[92mINFO [0m:      aggregate_fit: parameters are clipped by value: 5.0000.
[92mINFO [0m:      aggregate_fit: parameters are clipped by value: 5.0000.
[92mINFO [0m:      aggregate_fit: parameters are clipped by value: 5.0000.
[92mINFO [0m:      aggregate_fit: parameters are clipped by value: 5.0000.
[92mINFO [0m:      aggregate_fit: parameters are clipped by value: 5.0000.
[92mINFO [0m:      aggregate_fit: parameters are clipped by value: 5.0000.
[92mINFO [0m:      aggregate_fit: parameters are clipped by value: 5.0000.
[92mINFO [0m:      aggregate_train: Received 16 results and 0 failures
[92mINFO [0m:      aggregate_fit: central DP noise with 0.0312 stdev added
[92mINFO [0m:      	└──> Aggregated MetricRecord: {'train_loss': 0.15603959364482356, 'train_loss_mean': 0.36516927419018474, 'client-ids': [0, 1, 2, 3, 4, 5, 6, 7, 8, 9, 10, 11, 12, 13, 14, 15], 'per-client-num-examples': [1505, 1152, 800, 1082, 1012, 870, 588, 376, 1435, 729, 517, 659, 1364, 447, 1294, 940], 'per-client-train_loss': [0.17767964946570192, 0.1741758053087526, 0.14841665625572203, 0.18639041420051658, 0.14221029001262347, 0.1353594856700678, 0.13681318058448583, 0.12336652337553654, 0.13944520108168135, 0.15544459074531236, 0.16622364215869853, 0.14626795261510406, 0.17896962227010307, 0.12571604564885966, 0.15825225742191215, 0.13498711015315765], 'per-client-train_loss_mean': [0.3826147504454089, 0.37023637878398097, 0.36645373183488844, 0.38909886468911126, 0.33002158620140765, 0.32965778330961865, 0.3642201127547796, 0.39279966254500637, 0.32197856199242925, 0.37878753181511154, 0.4279870795824599, 0.411024772508101, 0.33522692138323684, 0.3917249339105565, 0.39291784259874996, 0.3439364381800306], 'dp-client-ids': [0, 1, 2, 3, 4, 5, 6, 7, 8, 9, 10, 11, 12, 13, 14, 15], 'dp-update-norms-before-clipping': [6.939734349481455, 5.774171530013363, 4.887320091547923, 5.578299013974609, 5.473856071647304, 5.184712566727205, 4.483242558237705, 3.6254252478433444, 6.290368224461627, 4.7749308426934665, 4.095305659316, 4.6185293998226875, 6.320108873443848, 3.913056897117958, 5.9400566541410385, 5.225221077801345], 'dp-client-clipped': [1, 1, 0, 1, 1, 1, 0, 0, 1, 0, 0, 0, 1, 0, 1, 1], 'dp-num-clients-clipped': 9, 'dp-fraction-clipped': 0.5625, 'dp-signal-update-norm': 1.5517562776726164, 'dp-parameter-count': 226596, 'dp-expected-noise-l2-norm': 14.87565649811799, 'dp-noise-to-signal-ratio': 9.58633563282829, 'dp-noise-percent-of-signal': 958.633563282829, 'global-dp-noise-stdv': 0.03125}
[92mINFO [0m:      configure_evaluate: Sampled 16 nodes (out of 16)
[36m(ClientAppActor pid=3916)[0m /usr/lib/python3.12/multiprocessing/popen_fork.py:66: DeprecationWarning: This process (pid=3916) is multi-threaded, use of fork() may lead to deadlocks in the child.[32m [repeated 16x across cluster][0m
[36m(ClientAppActor pid=3916)[0m   self.pid = os.fork()[32m [repeated 16x across cluster][0m
[92mINFO [0m:      aggregate_evaluate: Received 16 results and 0 failures
[92mINFO [0m:      	└──> Aggregated MetricRecord: {'eval_loss': 1.454411728070441, 'eval_acc': 0.6363145095920022, 'client-ids': [0, 1, 2, 3, 4, 5, 6, 7, 8, 9, 10, 11, 12, 13, 14, 15], 'per-client-eval_acc': [0.6419098143236074, 0.6332179930795848, 0.635, 0.6789667896678967, 0.6126482213438735, 0.6238532110091743, 0.6598639455782312, 0.5263157894736842, 0.6183844011142061, 0.6174863387978142, 0.7153846153846154, 0.5878787878787879, 0.6345029239766082, 0.7053571428571429, 0.6666666666666666, 0.6101694915254238], 'per-client-eval_loss': [1.4898668385310894, 1.6083952378737216, 1.554300193786621, 1.3832073845106738, 1.2954487254025908, 1.3774013956752391, 1.6976130479047087, 1.5830541510331004, 1.5938954340050147, 1.5995989627525455, 1.0665069406422285, 1.5364544232686361, 1.4926193861933479, 1.0876486471721105, 1.3274359460230227, 1.3691676754062458], 'per-client-num-examples': [377, 289, 200, 271, 253, 218, 147, 95, 359, 183, 130, 165, 342, 112, 324, 236]}
[92mINFO [0m:      Global evaluation
[92mINFO [0m:      	└──> MetricRecord: {'loss': 1.4314462242126464, 'accuracy': 0.6375, 'f1': 0.6397953391399626, 'precision': 0.7082440697867978, 'auc': 0.8608021666666665}
[92mINFO [0m:      
[92mINFO [0m:      [ROUND 13/20]
[92mINFO [0m:      configure_train: Sampled 16 nodes (out of 16)
[92mINFO [0m:      aggregate_train: Received 16 results and 0 failures
[92mINFO [0m:      aggregate_fit: parameters are clipped by value: 5.0000.
[92mINFO [0m:      aggregate_fit: parameters are clipped by value: 5.0000.
[92mINFO [0m:      aggregate_fit: parameters are clipped by value: 5.0000.
[92mINFO [0m:      aggregate_fit: parameters are clipped by value: 5.0000.
[92mINFO [0m:      aggregate_fit: parameters are clipped by value: 5.0000.
[92mINFO [0m:      aggregate_fit: parameters are clipped by value: 5.0000.
[92mINFO [0m:      aggregate_fit: parameters are clipped by value: 5.0000.
[92mINFO [0m:      aggregate_fit: parameters are clipped by value: 5.0000.
[92mINFO [0m:      aggregate_fit: parameters are clipped by value: 5.0000.
[92mINFO [0m:      aggregate_fit: parameters are clipped by value: 5.0000.
[92mINFO [0m:      aggregate_fit: parameters are clipped by value: 5.0000.
[92mINFO [0m:      aggregate_fit: parameters are clipped by value: 5.0000.
[92mINFO [0m:      aggregate_fit: parameters are clipped by value: 5.0000.
[92mINFO [0m:      aggregate_fit: parameters are clipped by value: 5.0000.
[92mINFO [0m:      aggregate_fit: parameters are clipped by value: 5.0000.
[92mINFO [0m:      aggregate_fit: parameters are clipped by value: 5.0000.
[92mINFO [0m:      aggregate_train: Received 16 results and 0 failures
[92mINFO [0m:      aggregate_fit: central DP noise with 0.0312 stdev added
[92mINFO [0m:      	└──> Aggregated MetricRecord: {'train_loss': 0.13537544832589934, 'train_loss_mean': 0.35763882861310503, 'client-ids': [0, 1, 2, 3, 4, 5, 6, 7, 8, 9, 10, 11, 12, 13, 14, 15], 'per-client-num-examples': [1505, 1152, 800, 1082, 1012, 870, 588, 376, 1435, 729, 517, 659, 1364, 447, 1294, 940], 'per-client-train_loss': [0.14987536839303672, 0.11673076719873482, 0.10665077239274978, 0.15099823775110757, 0.12118869430934016, 0.14553751024877887, 0.11780163326433726, 0.1387764573731321, 0.14658280485520586, 0.16054112980313426, 0.1406651774107891, 0.11387253834191874, 0.10248592492094662, 0.12031136093123647, 0.15628953266549148, 0.15861185446698614], 'per-client-train_loss_mean': [0.364238134679248, 0.3341940384772089, 0.34121302318572994, 0.4032940412680455, 0.3559409398806425, 0.3282406165630653, 0.3595562862903893, 0.39775153549110637, 0.3368507628161006, 0.37331388982725733, 0.42427851051538895, 0.3682951604560221, 0.2990745211593654, 0.40203973734272136, 0.3563664537193786, 0.3900989250807052], 'dp-client-ids': [0, 1, 2, 3, 4, 5, 6, 7, 8, 9, 10, 11, 12, 13, 14, 15], 'dp-update-norms-before-clipping': [6.5442241812150685, 5.740334488843072, 4.795297207656835, 5.422359004613402, 5.145768611063342, 5.237589045056846, 4.415702497427207, 3.541484985836215, 6.491942335939304, 4.842393970105496, 4.1147502801262315, 4.525280839495424, 5.983133578225371, 3.8512024612032127, 6.213670295959615, 5.098115040783848], 'dp-client-clipped': [1, 1, 0, 1, 1, 1, 0, 0, 1, 0, 0, 0, 1, 0, 1, 1], 'dp-num-clients-clipped': 9, 'dp-fraction-clipped': 0.5625, 'dp-signal-update-norm': 1.5534826219538749, 'dp-parameter-count': 226596, 'dp-expected-noise-l2-norm': 14.87565649811799, 'dp-noise-to-signal-ratio': 9.575682590776783, 'dp-noise-percent-of-signal': 957.5682590776784, 'global-dp-noise-stdv': 0.03125}
[92mINFO [0m:      configure_evaluate: Sampled 16 nodes (out of 16)
[36m(ClientAppActor pid=3912)[0m /usr/lib/python3.12/multiprocessing/popen_fork.py:66: DeprecationWarning: This process (pid=3912) is multi-threaded, use of fork() may lead to deadlocks in the child.[32m [repeated 16x across cluster][0m
[36m(ClientAppActor pid=3912)[0m   self.pid = os.fork()[32m [repeated 16x across cluster][0m
[92mINFO [0m:      aggregate_evaluate: Received 16 results and 0 failures
[92mINFO [0m:      	└──> Aggregated MetricRecord: {'eval_loss': 0.8135149705516775, 'eval_acc': 0.7268305863280194, 'client-ids': [0, 1, 2, 3, 4, 5, 6, 7, 8, 9, 10, 11, 12, 13, 14, 15], 'per-client-eval_acc': [0.7082228116710876, 0.7197231833910035, 0.725, 0.7749077490774908, 0.7430830039525692, 0.7293577981651376, 0.6462585034013606, 0.7157894736842105, 0.7381615598885793, 0.7431693989071039, 0.7384615384615385, 0.7151515151515152, 0.7456140350877193, 0.7053571428571429, 0.6820987654320988, 0.7627118644067796], 'per-client-eval_loss': [0.8295659993624498, 0.8075235631521533, 0.8151975631713867, 0.7477350164603483, 0.7688322708069572, 0.7542674869572351, 1.0035055121596979, 0.8952300021522923, 0.7962379880602314, 0.7698666306792713, 0.717264324426651, 0.8185973723729452, 0.8239511244478281, 0.8259566000529698, 0.9753972219280255, 0.6870355585874137], 'per-client-num-examples': [377, 289, 200, 271, 253, 218, 147, 95, 359, 183, 130, 165, 342, 112, 324, 236]}
[92mINFO [0m:      Global evaluation
[92mINFO [0m:      	└──> MetricRecord: {'loss': 0.7878271546363831, 'accuracy': 0.7285, 'f1': 0.725358218776794, 'precision': 0.7333732781273047, 'auc': 0.9187251666666667}
[92mINFO [0m:      
[92mINFO [0m:      [ROUND 14/20]
[92mINFO [0m:      configure_train: Sampled 16 nodes (out of 16)
[92mINFO [0m:      aggregate_train: Received 16 results and 0 failures
[92mINFO [0m:      aggregate_fit: parameters are clipped by value: 5.0000.
[92mINFO [0m:      aggregate_fit: parameters are clipped by value: 5.0000.
[92mINFO [0m:      aggregate_fit: parameters are clipped by value: 5.0000.
[92mINFO [0m:      aggregate_fit: parameters are clipped by value: 5.0000.
[92mINFO [0m:      aggregate_fit: parameters are clipped by value: 5.0000.
[92mINFO [0m:      aggregate_fit: parameters are clipped by value: 5.0000.
[92mINFO [0m:      aggregate_fit: parameters are clipped by value: 5.0000.
[92mINFO [0m:      aggregate_fit: parameters are clipped by value: 5.0000.
[92mINFO [0m:      aggregate_fit: parameters are clipped by value: 5.0000.
[92mINFO [0m:      aggregate_fit: parameters are clipped by value: 5.0000.
[92mINFO [0m:      aggregate_fit: parameters are clipped by value: 5.0000.
[92mINFO [0m:      aggregate_fit: parameters are clipped by value: 5.0000.
[92mINFO [0m:      aggregate_fit: parameters are clipped by value: 5.0000.
[92mINFO [0m:      aggregate_fit: parameters are clipped by value: 5.0000.
[92mINFO [0m:      aggregate_fit: parameters are clipped by value: 5.0000.
[92mINFO [0m:      aggregate_fit: parameters are clipped by value: 5.0000.
[92mINFO [0m:      aggregate_train: Received 16 results and 0 failures
[92mINFO [0m:      aggregate_fit: central DP noise with 0.0312 stdev added
[92mINFO [0m:      	└──> Aggregated MetricRecord: {'train_loss': 0.12352600888966739, 'train_loss_mean': 0.33726062488510566, 'client-ids': [0, 1, 2, 3, 4, 5, 6, 7, 8, 9, 10, 11, 12, 13, 14, 15], 'per-client-num-examples': [1505, 1152, 800, 1082, 1012, 870, 588, 376, 1435, 729, 517, 659, 1364, 447, 1294, 940], 'per-client-train_loss': [0.1464178832014249, 0.10806855921530062, 0.11135446466505527, 0.14576407804286415, 0.08523251363646843, 0.10571270150014724, 0.14777062417698555, 0.08580789017550489, 0.13345756454438698, 0.11744597136197593, 0.17415158519777155, 0.08845970499271326, 0.10432667724373054, 0.10370387500297837, 0.1457750244235974, 0.14116549999155897], 'per-client-train_loss_mean': [0.3332628871464407, 0.31696243470327723, 0.3275189290568233, 0.3452446453121806, 0.32196077249738064, 0.3122532848058932, 0.342975041113135, 0.3594998738153818, 0.3193736759575817, 0.35623392536111986, 0.43100790086867036, 0.3447738298945615, 0.2974994611923646, 0.40922298615410824, 0.3577642877904304, 0.34579845782290114], 'dp-client-ids': [0, 1, 2, 3, 4, 5, 6, 7, 8, 9, 10, 11, 12, 13, 14, 15], 'dp-update-norms-before-clipping': [6.710377755343093, 5.745322280797855, 4.778167413747568, 5.554189624821124, 5.351017956936028, 5.012494772191881, 4.411492826065738, 3.8937923454872623, 6.477608259890695, 4.809528645428902, 4.345082193872713, 4.651862416971981, 6.242134839131955, 3.9611693001099058, 6.092015573221087, 5.272550353378494], 'dp-client-clipped': [1, 1, 0, 1, 1, 1, 0, 0, 1, 0, 0, 0, 1, 0, 1, 1], 'dp-num-clients-clipped': 9, 'dp-fraction-clipped': 0.5625, 'dp-signal-update-norm': 1.54479521980249, 'dp-parameter-count': 226596, 'dp-expected-noise-l2-norm': 14.87565649811799, 'dp-noise-to-signal-ratio': 9.629532968143131, 'dp-noise-percent-of-signal': 962.9532968143131, 'global-dp-noise-stdv': 0.03125}
[92mINFO [0m:      configure_evaluate: Sampled 16 nodes (out of 16)
[36m(ClientAppActor pid=3912)[0m /usr/lib/python3.12/multiprocessing/popen_fork.py:66: DeprecationWarning: This process (pid=3912) is multi-threaded, use of fork() may lead to deadlocks in the child.[32m [repeated 16x across cluster][0m
[36m(ClientAppActor pid=3912)[0m   self.pid = os.fork()[32m [repeated 16x across cluster][0m
[92mINFO [0m:      aggregate_evaluate: Received 16 results and 0 failures
[92mINFO [0m:      	└──> Aggregated MetricRecord: {'eval_loss': 0.8123552155980186, 'eval_acc': 0.7476357741151041, 'client-ids': [0, 1, 2, 3, 4, 5, 6, 7, 8, 9, 10, 11, 12, 13, 14, 15], 'per-client-eval_acc': [0.7506631299734748, 0.7335640138408305, 0.74, 0.7527675276752768, 0.7747035573122529, 0.7568807339449541, 0.7346938775510204, 0.7473684210526316, 0.7576601671309192, 0.73224043715847, 0.7769230769230769, 0.7393939393939394, 0.7368421052631579, 0.7946428571428571, 0.7067901234567902, 0.7669491525423728], 'per-client-eval_loss': [0.812541885780719, 0.8345591625560053, 0.7537938880920411, 0.7614829408286682, 0.7431773913236475, 0.7918363186197543, 0.9103083059090336, 0.8249239068282278, 0.8136381133353146, 0.9744849908547323, 0.6376544820001492, 0.8776559672572396, 0.8884157046937106, 0.6686885101454598, 0.8818220743610535, 0.7054492811025199], 'per-client-num-examples': [377, 289, 200, 271, 253, 218, 147, 95, 359, 183, 130, 165, 342, 112, 324, 236]}
[92mINFO [0m:      Global evaluation
[92mINFO [0m:      	└──> MetricRecord: {'loss': 0.7895354852676392, 'accuracy': 0.7395, 'f1': 0.7386706850766318, 'precision': 0.7442202823710157, 'auc': 0.926747}
[92mINFO [0m:      
[92mINFO [0m:      [ROUND 15/20]
[92mINFO [0m:      configure_train: Sampled 16 nodes (out of 16)
[92mINFO [0m:      aggregate_train: Received 16 results and 0 failures
[92mINFO [0m:      aggregate_fit: parameters are clipped by value: 5.0000.
[92mINFO [0m:      aggregate_fit: parameters are clipped by value: 5.0000.
[92mINFO [0m:      aggregate_fit: parameters are clipped by value: 5.0000.
[92mINFO [0m:      aggregate_fit: parameters are clipped by value: 5.0000.
[92mINFO [0m:      aggregate_fit: parameters are clipped by value: 5.0000.
[92mINFO [0m:      aggregate_fit: parameters are clipped by value: 5.0000.
[92mINFO [0m:      aggregate_fit: parameters are clipped by value: 5.0000.
[92mINFO [0m:      aggregate_fit: parameters are clipped by value: 5.0000.
[92mINFO [0m:      aggregate_fit: parameters are clipped by value: 5.0000.
[92mINFO [0m:      aggregate_fit: parameters are clipped by value: 5.0000.
[92mINFO [0m:      aggregate_fit: parameters are clipped by value: 5.0000.
[92mINFO [0m:      aggregate_fit: parameters are clipped by value: 5.0000.
[92mINFO [0m:      aggregate_fit: parameters are clipped by value: 5.0000.
[92mINFO [0m:      aggregate_fit: parameters are clipped by value: 5.0000.
[92mINFO [0m:      aggregate_fit: parameters are clipped by value: 5.0000.
[92mINFO [0m:      aggregate_fit: parameters are clipped by value: 5.0000.
[92mINFO [0m:      aggregate_train: Received 16 results and 0 failures
[92mINFO [0m:      aggregate_fit: central DP noise with 0.0312 stdev added
[92mINFO [0m:      	└──> Aggregated MetricRecord: {'train_loss': 0.11281414322552545, 'train_loss_mean': 0.3257930569379977, 'client-ids': [0, 1, 2, 3, 4, 5, 6, 7, 8, 9, 10, 11, 12, 13, 14, 15], 'per-client-num-examples': [1505, 1152, 800, 1082, 1012, 870, 588, 376, 1435, 729, 517, 659, 1364, 447, 1294, 940], 'per-client-train_loss': [0.1375483276836104, 0.1038158115827375, 0.08637186616659165, 0.13502772484325878, 0.14533298767425798, 0.10416296245209102, 0.11556662923219252, 0.09841232160304456, 0.10243804570066804, 0.08678141306825135, 0.11511941805726901, 0.11420112785534178, 0.09066507648512764, 0.12205220743913779, 0.11738814202812392, 0.11345116958973256], 'per-client-train_loss_mean': [0.35945895162308933, 0.31744888704270124, 0.3245607761144638, 0.3447961546990215, 0.30798502769100333, 0.3161487286666344, 0.3138455494528725, 0.35873744383137274, 0.293342131199737, 0.33133117320892413, 0.35705487679913495, 0.3366102214342998, 0.3167265535711893, 0.36749100514106303, 0.3075401047961513, 0.3226080446420832], 'dp-client-ids': [0, 1, 2, 3, 4, 5, 6, 7, 8, 9, 10, 11, 12, 13, 14, 15], 'dp-update-norms-before-clipping': [6.689963983168348, 5.6013179286213886, 4.784173327822293, 5.56345048857506, 5.426822267909494, 5.0978903979686265, 4.442989047658521, 3.6123793611090043, 6.210969518304589, 4.794352982765235, 4.212018684851223, 4.645051081802349, 6.050699514311533, 3.838965930130414, 5.938552451511904, 5.2582982644096035], 'dp-client-clipped': [1, 1, 0, 1, 1, 1, 0, 0, 1, 0, 0, 0, 1, 0, 1, 1], 'dp-num-clients-clipped': 9, 'dp-fraction-clipped': 0.5625, 'dp-signal-update-norm': 1.5090254362988624, 'dp-parameter-count': 226596, 'dp-expected-noise-l2-norm': 14.87565649811799, 'dp-noise-to-signal-ratio': 9.857790425722067, 'dp-noise-percent-of-signal': 985.7790425722068, 'global-dp-noise-stdv': 0.03125}
[92mINFO [0m:      configure_evaluate: Sampled 16 nodes (out of 16)
[36m(ClientAppActor pid=3912)[0m /usr/lib/python3.12/multiprocessing/popen_fork.py:66: DeprecationWarning: This process (pid=3912) is multi-threaded, use of fork() may lead to deadlocks in the child.[32m [repeated 16x across cluster][0m
[36m(ClientAppActor pid=3912)[0m   self.pid = os.fork()[32m [repeated 16x across cluster][0m
[92mINFO [0m:      aggregate_evaluate: Received 16 results and 0 failures
[92mINFO [0m:      	└──> Aggregated MetricRecord: {'eval_loss': 0.9340490664400506, 'eval_acc': 0.7254796001080789, 'client-ids': [0, 1, 2, 3, 4, 5, 6, 7, 8, 9, 10, 11, 12, 13, 14, 15], 'per-client-eval_acc': [0.7214854111405835, 0.6920415224913494, 0.74, 0.7527675276752768, 0.7233201581027668, 0.7293577981651376, 0.6938775510204082, 0.7157894736842105, 0.7493036211699164, 0.6775956284153005, 0.7692307692307693, 0.6848484848484848, 0.7251461988304093, 0.7857142857142857, 0.7006172839506173, 0.7627118644067796], 'per-client-eval_loss': [0.910005260841916, 1.001591719979282, 0.8263135051727295, 0.8322588227331859, 0.9038027661591179, 0.8542887311462962, 1.0665302925369367, 0.9353948894299959, 0.8387923400050086, 1.1131110061061837, 0.7646387760563252, 1.070693055788676, 1.0313775162947805, 0.7957990765571594, 1.1028512895199252, 0.817634184481734], 'per-client-num-examples': [377, 289, 200, 271, 253, 218, 147, 95, 359, 183, 130, 165, 342, 112, 324, 236]}
[92mINFO [0m:      Global evaluation
[92mINFO [0m:      	└──> MetricRecord: {'loss': 0.9078544864654541, 'accuracy': 0.7245, 'f1': 0.7198073300463136, 'precision': 0.7285961501515116, 'auc': 0.9153379583333332}
[92mINFO [0m:      
[92mINFO [0m:      [ROUND 16/20]
[92mINFO [0m:      configure_train: Sampled 16 nodes (out of 16)
[92mINFO [0m:      aggregate_train: Received 16 results and 0 failures
[92mINFO [0m:      aggregate_fit: parameters are clipped by value: 5.0000.
[92mINFO [0m:      aggregate_fit: parameters are clipped by value: 5.0000.
[92mINFO [0m:      aggregate_fit: parameters are clipped by value: 5.0000.
[92mINFO [0m:      aggregate_fit: parameters are clipped by value: 5.0000.
[92mINFO [0m:      aggregate_fit: parameters are clipped by value: 5.0000.
[92mINFO [0m:      aggregate_fit: parameters are clipped by value: 5.0000.
[92mINFO [0m:      aggregate_fit: parameters are clipped by value: 5.0000.
[92mINFO [0m:      aggregate_fit: parameters are clipped by value: 5.0000.
[92mINFO [0m:      aggregate_fit: parameters are clipped by value: 5.0000.
[92mINFO [0m:      aggregate_fit: parameters are clipped by value: 5.0000.
[92mINFO [0m:      aggregate_fit: parameters are clipped by value: 5.0000.
[92mINFO [0m:      aggregate_fit: parameters are clipped by value: 5.0000.
[92mINFO [0m:      aggregate_fit: parameters are clipped by value: 5.0000.
[92mINFO [0m:      aggregate_fit: parameters are clipped by value: 5.0000.
[92mINFO [0m:      aggregate_fit: parameters are clipped by value: 5.0000.
[92mINFO [0m:      aggregate_fit: parameters are clipped by value: 5.0000.
[92mINFO [0m:      aggregate_train: Received 16 results and 0 failures
[92mINFO [0m:      aggregate_fit: central DP noise with 0.0312 stdev added
[92mINFO [0m:      	└──> Aggregated MetricRecord: {'train_loss': 0.10514598220568663, 'train_loss_mean': 0.31814621645322305, 'client-ids': [0, 1, 2, 3, 4, 5, 6, 7, 8, 9, 10, 11, 12, 13, 14, 15], 'per-client-num-examples': [1505, 1152, 800, 1082, 1012, 870, 588, 376, 1435, 729, 517, 659, 1364, 447, 1294, 940], 'per-client-train_loss': [0.10788649098819385, 0.10466109179995126, 0.08241596713662147, 0.13337457668924507, 0.08360075747424905, 0.15795560972443942, 0.08735121227800846, 0.0915810467397913, 0.09195153214011458, 0.10118321626765248, 0.16241149121455892, 0.09711788947466472, 0.0950425468013783, 0.09834653962511877, 0.11439758398709747, 0.08158633750169836], 'per-client-train_loss_mean': [0.3257332039745775, 0.3134550333126552, 0.3068094701766968, 0.30885437130652604, 0.3076463816017502, 0.2951940881236103, 0.3064084097945771, 0.38657940033268423, 0.2974345958051158, 0.35965144871357213, 0.37485052617230746, 0.3713720133751405, 0.28356023601248115, 0.36582067259472756, 0.3170957950308021, 0.30449739909552515], 'dp-client-ids': [0, 1, 2, 3, 4, 5, 6, 7, 8, 9, 10, 11, 12, 13, 14, 15], 'dp-update-norms-before-clipping': [6.288517741951941, 5.60279846311915, 4.646261060087311, 5.396593892209005, 5.049334224882915, 4.980980614261802, 4.1416386667252985, 3.621456224692563, 5.998281547207291, 4.659653342773284, 4.168450817955418, 4.383678095518223, 5.89490810673988, 3.636822563236006, 6.081406570094611, 4.999404163694186], 'dp-client-clipped': [1, 1, 0, 1, 1, 0, 0, 0, 1, 0, 0, 0, 1, 0, 1, 0], 'dp-num-clients-clipped': 7, 'dp-fraction-clipped': 0.4375, 'dp-signal-update-norm': 1.4938510790681985, 'dp-parameter-count': 226596, 'dp-expected-noise-l2-norm': 14.87565649811799, 'dp-noise-to-signal-ratio': 9.957924659663398, 'dp-noise-percent-of-signal': 995.7924659663399, 'global-dp-noise-stdv': 0.03125}
[92mINFO [0m:      configure_evaluate: Sampled 16 nodes (out of 16)
[36m(ClientAppActor pid=3918)[0m /usr/lib/python3.12/multiprocessing/popen_fork.py:66: DeprecationWarning: This process (pid=3918) is multi-threaded, use of fork() may lead to deadlocks in the child.[32m [repeated 16x across cluster][0m
[36m(ClientAppActor pid=3918)[0m   self.pid = os.fork()[32m [repeated 16x across cluster][0m
[92mINFO [0m:      aggregate_evaluate: Received 16 results and 0 failures
[92mINFO [0m:      	└──> Aggregated MetricRecord: {'eval_loss': 0.9529589592884059, 'eval_acc': 0.7187246690083761, 'client-ids': [0, 1, 2, 3, 4, 5, 6, 7, 8, 9, 10, 11, 12, 13, 14, 15], 'per-client-eval_acc': [0.7082228116710876, 0.7058823529411765, 0.71, 0.7601476014760148, 0.7233201581027668, 0.7339449541284404, 0.7074829931972789, 0.6947368421052632, 0.7270194986072424, 0.6721311475409836, 0.8153846153846154, 0.7090909090909091, 0.7222222222222222, 0.7767857142857143, 0.6635802469135802, 0.7288135593220338], 'per-client-eval_loss': [1.0304504262989964, 0.9542963432927961, 0.9477307748794556, 0.8451561593481536, 0.9154902371493253, 1.0567332364003592, 1.0881976821795614, 0.8964976862857216, 0.8731696452935094, 1.046158889603745, 0.6211488797687568, 1.061445674661434, 0.9012250007941709, 0.7414552058492389, 1.1505475283404927, 0.8986642481917042], 'per-client-num-examples': [377, 289, 200, 271, 253, 218, 147, 95, 359, 183, 130, 165, 342, 112, 324, 236]}
[92mINFO [0m:      Global evaluation
[92mINFO [0m:      	└──> MetricRecord: {'loss': 0.9204762580394745, 'accuracy': 0.733, 'f1': 0.7255407333642354, 'precision': 0.7415240155265163, 'auc': 0.9104055416666667}
[92mINFO [0m:      
[92mINFO [0m:      [ROUND 17/20]
[92mINFO [0m:      configure_train: Sampled 16 nodes (out of 16)
[92mINFO [0m:      aggregate_train: Received 16 results and 0 failures
[92mINFO [0m:      aggregate_fit: parameters are clipped by value: 5.0000.
[92mINFO [0m:      aggregate_fit: parameters are clipped by value: 5.0000.
[92mINFO [0m:      aggregate_fit: parameters are clipped by value: 5.0000.
[92mINFO [0m:      aggregate_fit: parameters are clipped by value: 5.0000.
[92mINFO [0m:      aggregate_fit: parameters are clipped by value: 5.0000.
[92mINFO [0m:      aggregate_fit: parameters are clipped by value: 5.0000.
[92mINFO [0m:      aggregate_fit: parameters are clipped by value: 5.0000.
[92mINFO [0m:      aggregate_fit: parameters are clipped by value: 5.0000.
[92mINFO [0m:      aggregate_fit: parameters are clipped by value: 5.0000.
[92mINFO [0m:      aggregate_fit: parameters are clipped by value: 5.0000.
[92mINFO [0m:      aggregate_fit: parameters are clipped by value: 5.0000.
[92mINFO [0m:      aggregate_fit: parameters are clipped by value: 5.0000.
[92mINFO [0m:      aggregate_fit: parameters are clipped by value: 5.0000.
[92mINFO [0m:      aggregate_fit: parameters are clipped by value: 5.0000.
[92mINFO [0m:      aggregate_fit: parameters are clipped by value: 5.0000.
[92mINFO [0m:      aggregate_fit: parameters are clipped by value: 5.0000.
[92mINFO [0m:      aggregate_train: Received 16 results and 0 failures
[92mINFO [0m:      aggregate_fit: central DP noise with 0.0312 stdev added
[92mINFO [0m:      	└──> Aggregated MetricRecord: {'train_loss': 0.11811584857649997, 'train_loss_mean': 0.32436406091936343, 'client-ids': [0, 1, 2, 3, 4, 5, 6, 7, 8, 9, 10, 11, 12, 13, 14, 15], 'per-client-num-examples': [1505, 1152, 800, 1082, 1012, 870, 588, 376, 1435, 729, 517, 659, 1364, 447, 1294, 940], 'per-client-train_loss': [0.1346403226107854, 0.11543227483828862, 0.11815787062048912, 0.14015423381174338, 0.10955891195728845, 0.1346002113545078, 0.11404597875820537, 0.07367592114717403, 0.10287464847496162, 0.12971304666726188, 0.12297007242646392, 0.13730763396381065, 0.09849331759550005, 0.09268522216736337, 0.1322441223830307, 0.1030882888612278], 'per-client-train_loss_mean': [0.33452743040688415, 0.31241225881708995, 0.32981092402338985, 0.33839343946544165, 0.31289395118065977, 0.29348425684304075, 0.3378928531087986, 0.3400427222885984, 0.2817232198612148, 0.3695080509830895, 0.3659228157893371, 0.3773674466744721, 0.2853963326105624, 0.3451813943650765, 0.3350209787695264, 0.3301933304291773], 'dp-client-ids': [0, 1, 2, 3, 4, 5, 6, 7, 8, 9, 10, 11, 12, 13, 14, 15], 'dp-update-norms-before-clipping': [6.307068988849385, 5.780195909294199, 4.858444720556673, 5.568488822434019, 5.268729390472059, 5.256629454735885, 4.366138876496023, 3.7017149841261747, 6.126124459857602, 4.656700554082659, 4.2489499290133885, 4.7061911812353685, 6.273077971350581, 3.947135660351462, 5.973041213675645, 5.248944737417458], 'dp-client-clipped': [1, 1, 0, 1, 1, 1, 0, 0, 1, 0, 0, 0, 1, 0, 1, 1], 'dp-num-clients-clipped': 9, 'dp-fraction-clipped': 0.5625, 'dp-signal-update-norm': 1.505722713757744, 'dp-parameter-count': 226596, 'dp-expected-noise-l2-norm': 14.87565649811799, 'dp-noise-to-signal-ratio': 9.879412963754586, 'dp-noise-percent-of-signal': 987.9412963754586, 'global-dp-noise-stdv': 0.03125}
[92mINFO [0m:      configure_evaluate: Sampled 16 nodes (out of 16)
[36m(ClientAppActor pid=3919)[0m /usr/lib/python3.12/multiprocessing/popen_fork.py:66: DeprecationWarning: This process (pid=3919) is multi-threaded, use of fork() may lead to deadlocks in the child.[32m [repeated 16x across cluster][0m
[36m(ClientAppActor pid=3919)[0m   self.pid = os.fork()[32m [repeated 16x across cluster][0m
[92mINFO [0m:      aggregate_evaluate: Received 16 results and 0 failures
[92mINFO [0m:      	└──> Aggregated MetricRecord: {'eval_loss': 1.2037887379159193, 'eval_acc': 0.6352337206160497, 'client-ids': [0, 1, 2, 3, 4, 5, 6, 7, 8, 9, 10, 11, 12, 13, 14, 15], 'per-client-eval_acc': [0.6312997347480106, 0.615916955017301, 0.655, 0.6273062730627307, 0.6363636363636364, 0.6651376146788991, 0.6190476190476191, 0.5789473684210527, 0.6462395543175488, 0.6010928961748634, 0.6461538461538462, 0.593939393939394, 0.6198830409356725, 0.6964285714285714, 0.6574074074074074, 0.6567796610169492], 'per-client-eval_loss': [1.2035881163903193, 1.2909751635231723, 1.1818207120895385, 1.1821758650325762, 1.1522498601981304, 1.1121954611682017, 1.33844027876043, 1.281080426667866, 1.2676626247947926, 1.2216724750122738, 1.0635207208446584, 1.3248992428635107, 1.2639387197661818, 0.9520836557660785, 1.1352280014091067, 1.1736241114341606], 'per-client-num-examples': [377, 289, 200, 271, 253, 218, 147, 95, 359, 183, 130, 165, 342, 112, 324, 236]}
[92mINFO [0m:      Global evaluation
[92mINFO [0m:      	└──> MetricRecord: {'loss': 1.2182574710845948, 'accuracy': 0.63, 'f1': 0.6368523279989131, 'precision': 0.7166640412016418, 'auc': 0.8747305000000001}
[92mINFO [0m:      
[92mINFO [0m:      [ROUND 18/20]
[92mINFO [0m:      configure_train: Sampled 16 nodes (out of 16)
[92mINFO [0m:      aggregate_train: Received 16 results and 0 failures
[92mINFO [0m:      aggregate_fit: parameters are clipped by value: 5.0000.
[92mINFO [0m:      aggregate_fit: parameters are clipped by value: 5.0000.
[92mINFO [0m:      aggregate_fit: parameters are clipped by value: 5.0000.
[92mINFO [0m:      aggregate_fit: parameters are clipped by value: 5.0000.
[92mINFO [0m:      aggregate_fit: parameters are clipped by value: 5.0000.
[92mINFO [0m:      aggregate_fit: parameters are clipped by value: 5.0000.
[92mINFO [0m:      aggregate_fit: parameters are clipped by value: 5.0000.
[92mINFO [0m:      aggregate_fit: parameters are clipped by value: 5.0000.
[92mINFO [0m:      aggregate_fit: parameters are clipped by value: 5.0000.
[92mINFO [0m:      aggregate_fit: parameters are clipped by value: 5.0000.
[92mINFO [0m:      aggregate_fit: parameters are clipped by value: 5.0000.
[92mINFO [0m:      aggregate_fit: parameters are clipped by value: 5.0000.
[92mINFO [0m:      aggregate_fit: parameters are clipped by value: 5.0000.
[92mINFO [0m:      aggregate_fit: parameters are clipped by value: 5.0000.
[92mINFO [0m:      aggregate_fit: parameters are clipped by value: 5.0000.
[92mINFO [0m:      aggregate_fit: parameters are clipped by value: 5.0000.
[92mINFO [0m:      aggregate_train: Received 16 results and 0 failures
[92mINFO [0m:      aggregate_fit: central DP noise with 0.0312 stdev added
[92mINFO [0m:      	└──> Aggregated MetricRecord: {'train_loss': 0.13341751720377332, 'train_loss_mean': 0.3483447571221321, 'client-ids': [0, 1, 2, 3, 4, 5, 6, 7, 8, 9, 10, 11, 12, 13, 14, 15], 'per-client-num-examples': [1505, 1152, 800, 1082, 1012, 870, 588, 376, 1435, 729, 517, 659, 1364, 447, 1294, 940], 'per-client-train_loss': [0.3151753374830235, 0.08797783239020242, 0.09833354599773884, 0.12359417366232317, 0.10556992770654881, 0.10374231453203521, 0.09906820055781579, 0.08224584970702516, 0.10396547123322504, 0.13856756364203612, 0.16601419336445328, 0.09660478758205955, 0.09004907899937671, 0.1372323525565316, 0.15621925088961305, 0.11724139848288069], 'per-client-train_loss_mean': [0.4228863355314415, 0.3178052922296855, 0.32250809969007965, 0.3548018909756666, 0.3390282263515495, 0.2974104817296196, 0.3463282614844997, 0.36029056256755865, 0.32015712430149007, 0.4108803867517022, 0.4438455660177153, 0.3577078579884017, 0.292685785461381, 0.3999292422794389, 0.342611942303236, 0.33420617496079585], 'dp-client-ids': [0, 1, 2, 3, 4, 5, 6, 7, 8, 9, 10, 11, 12, 13, 14, 15], 'dp-update-norms-before-clipping': [7.235405064631137, 5.390881703948732, 4.849318463878864, 5.597664022020854, 5.468290321782999, 5.087224535630476, 4.309069857350797, 3.6329610633146903, 6.297388131267322, 4.769262552701064, 4.229840194758881, 4.632160061905465, 6.104993934067639, 3.8771973436126923, 6.265570176797314, 5.117802464430195], 'dp-client-clipped': [1, 1, 0, 1, 1, 1, 0, 0, 1, 0, 0, 0, 1, 0, 1, 1], 'dp-num-clients-clipped': 9, 'dp-fraction-clipped': 0.5625, 'dp-signal-update-norm': 1.5478206783393, 'dp-parameter-count': 226596, 'dp-expected-noise-l2-norm': 14.87565649811799, 'dp-noise-to-signal-ratio': 9.610710534038411, 'dp-noise-percent-of-signal': 961.0710534038412, 'global-dp-noise-stdv': 0.03125}
[92mINFO [0m:      configure_evaluate: Sampled 16 nodes (out of 16)
[36m(ClientAppActor pid=3914)[0m /usr/lib/python3.12/multiprocessing/popen_fork.py:66: DeprecationWarning: This process (pid=3914) is multi-threaded, use of fork() may lead to deadlocks in the child.[32m [repeated 16x across cluster][0m
[36m(ClientAppActor pid=3914)[0m   self.pid = os.fork()[32m [repeated 16x across cluster][0m
[92mINFO [0m:      aggregate_evaluate: Received 16 results and 0 failures
[92mINFO [0m:      	└──> Aggregated MetricRecord: {'eval_loss': 0.8772332928521784, 'eval_acc': 0.730613347743853, 'client-ids': [0, 1, 2, 3, 4, 5, 6, 7, 8, 9, 10, 11, 12, 13, 14, 15], 'per-client-eval_acc': [0.7374005305039788, 0.7231833910034602, 0.72, 0.6937269372693727, 0.7233201581027668, 0.7431192660550459, 0.6870748299319728, 0.7157894736842105, 0.7381615598885793, 0.726775956284153, 0.8076923076923077, 0.696969696969697, 0.7076023391812866, 0.7678571428571429, 0.7469135802469136, 0.7754237288135594], 'per-client-eval_loss': [0.954438748347032, 0.8823439573239097, 0.8595622229576111, 0.8352220366361837, 0.7845611723044174, 0.7731451244529234, 0.9981600962528566, 1.0852747666208367, 0.8135600368956669, 0.9438457489013672, 0.6865726278378413, 0.8750621867902351, 1.095480079539338, 0.742362013884953, 0.9251124610503515, 0.6810383049108214], 'per-client-num-examples': [377, 289, 200, 271, 253, 218, 147, 95, 359, 183, 130, 165, 342, 112, 324, 236]}
[92mINFO [0m:      Global evaluation
[92mINFO [0m:      	└──> MetricRecord: {'loss': 0.817798303604126, 'accuracy': 0.737, 'f1': 0.7380386155520658, 'precision': 0.744573057038732, 'auc': 0.9223360833333334}
[92mINFO [0m:      
[92mINFO [0m:      [ROUND 19/20]
[92mINFO [0m:      configure_train: Sampled 16 nodes (out of 16)
[92mINFO [0m:      aggregate_train: Received 16 results and 0 failures
[92mINFO [0m:      aggregate_fit: parameters are clipped by value: 5.0000.
[92mINFO [0m:      aggregate_fit: parameters are clipped by value: 5.0000.
[92mINFO [0m:      aggregate_fit: parameters are clipped by value: 5.0000.
[92mINFO [0m:      aggregate_fit: parameters are clipped by value: 5.0000.
[92mINFO [0m:      aggregate_fit: parameters are clipped by value: 5.0000.
[92mINFO [0m:      aggregate_fit: parameters are clipped by value: 5.0000.
[92mINFO [0m:      aggregate_fit: parameters are clipped by value: 5.0000.
[92mINFO [0m:      aggregate_fit: parameters are clipped by value: 5.0000.
[92mINFO [0m:      aggregate_fit: parameters are clipped by value: 5.0000.
[92mINFO [0m:      aggregate_fit: parameters are clipped by value: 5.0000.
[92mINFO [0m:      aggregate_fit: parameters are clipped by value: 5.0000.
[92mINFO [0m:      aggregate_fit: parameters are clipped by value: 5.0000.
[92mINFO [0m:      aggregate_fit: parameters are clipped by value: 5.0000.
[92mINFO [0m:      aggregate_fit: parameters are clipped by value: 5.0000.
[92mINFO [0m:      aggregate_fit: parameters are clipped by value: 5.0000.
[92mINFO [0m:      aggregate_fit: parameters are clipped by value: 5.0000.
[92mINFO [0m:      aggregate_train: Received 16 results and 0 failures
[92mINFO [0m:      aggregate_fit: central DP noise with 0.0312 stdev added
[92mINFO [0m:      	└──> Aggregated MetricRecord: {'train_loss': 0.11551832209808469, 'train_loss_mean': 0.32651266592236544, 'client-ids': [0, 1, 2, 3, 4, 5, 6, 7, 8, 9, 10, 11, 12, 13, 14, 15], 'per-client-num-examples': [1505, 1152, 800, 1082, 1012, 870, 588, 376, 1435, 729, 517, 659, 1364, 447, 1294, 940], 'per-client-train_loss': [0.11929447785564436, 0.11171645153727797, 0.07448100090026856, 0.11549440046941066, 0.1197510917961833, 0.1363053004032579, 0.09971927927464855, 0.09767189289027071, 0.11700584843287484, 0.11641557735425455, 0.19728520872860397, 0.0814671502710067, 0.08102927142836132, 0.1265870068947341, 0.15682463712955738, 0.10616382738139402], 'per-client-train_loss_mean': [0.3113393949082583, 0.3310912947687838, 0.32389614239335063, 0.33370972008008837, 0.3174851716742685, 0.3096287858674581, 0.3196289467466932, 0.4158960832877362, 0.28120438429017514, 0.35032676620656733, 0.4501137439413735, 0.34239160783181877, 0.2779409207425509, 0.36631038799815263, 0.36767952268744547, 0.2995070823337487], 'dp-client-ids': [0, 1, 2, 3, 4, 5, 6, 7, 8, 9, 10, 11, 12, 13, 14, 15], 'dp-update-norms-before-clipping': [6.529872238016842, 5.586586244540944, 4.739927072633243, 5.458974097000735, 5.187873040346986, 5.219064036074969, 4.123045361585297, 3.5868379634986978, 6.091098291937033, 4.66223662177176, 4.251455071872581, 4.413664276332073, 5.933851912738575, 3.872525761559359, 6.212862514647974, 5.213116681425077], 'dp-client-clipped': [1, 1, 0, 1, 1, 1, 0, 0, 1, 0, 0, 0, 1, 0, 1, 1], 'dp-num-clients-clipped': 9, 'dp-fraction-clipped': 0.5625, 'dp-signal-update-norm': 1.5064916547219094, 'dp-parameter-count': 226596, 'dp-expected-noise-l2-norm': 14.87565649811799, 'dp-noise-to-signal-ratio': 9.874370330225268, 'dp-noise-percent-of-signal': 987.4370330225269, 'global-dp-noise-stdv': 0.03125}
[92mINFO [0m:      configure_evaluate: Sampled 16 nodes (out of 16)
[36m(ClientAppActor pid=3916)[0m /usr/lib/python3.12/multiprocessing/popen_fork.py:66: DeprecationWarning: This process (pid=3916) is multi-threaded, use of fork() may lead to deadlocks in the child.[32m [repeated 16x across cluster][0m
[36m(ClientAppActor pid=3916)[0m   self.pid = os.fork()[32m [repeated 16x across cluster][0m
[92mINFO [0m:      aggregate_evaluate: Received 16 results and 0 failures
[92mINFO [0m:      	└──> Aggregated MetricRecord: {'eval_loss': 0.9349728409579375, 'eval_acc': 0.7171034855444472, 'client-ids': [0, 1, 2, 3, 4, 5, 6, 7, 8, 9, 10, 11, 12, 13, 14, 15], 'per-client-eval_acc': [0.7294429708222812, 0.7024221453287197, 0.735, 0.7343173431734318, 0.7035573122529645, 0.7018348623853211, 0.7142857142857143, 0.6842105263157895, 0.7103064066852368, 0.6994535519125683, 0.7615384615384615, 0.7090909090909091, 0.7192982456140351, 0.6964285714285714, 0.691358024691358, 0.7711864406779662], 'per-client-eval_loss': [0.8841630950846786, 0.9692709290947779, 0.9793759155273437, 0.8411109720208988, 0.9226911492027313, 0.8989486388110239, 1.133703089084755, 1.0364469227037931, 0.9453984741380952, 0.9391187240517205, 0.7813000142287749, 0.9800029465646455, 0.8873885779352914, 0.8956938215664455, 1.1649797906478245, 0.7320196871030129], 'per-client-num-examples': [377, 289, 200, 271, 253, 218, 147, 95, 359, 183, 130, 165, 342, 112, 324, 236]}
[92mINFO [0m:      Global evaluation
[92mINFO [0m:      	└──> MetricRecord: {'loss': 0.8806123204231262, 'accuracy': 0.731, 'f1': 0.7296769885751514, 'precision': 0.7427424345192272, 'auc': 0.9163562916666667}
[92mINFO [0m:      
[92mINFO [0m:      [ROUND 20/20]
[92mINFO [0m:      configure_train: Sampled 16 nodes (out of 16)
[92mINFO [0m:      aggregate_train: Received 16 results and 0 failures
[92mINFO [0m:      aggregate_fit: parameters are clipped by value: 5.0000.
[92mINFO [0m:      aggregate_fit: parameters are clipped by value: 5.0000.
[92mINFO [0m:      aggregate_fit: parameters are clipped by value: 5.0000.
[92mINFO [0m:      aggregate_fit: parameters are clipped by value: 5.0000.
[92mINFO [0m:      aggregate_fit: parameters are clipped by value: 5.0000.
[92mINFO [0m:      aggregate_fit: parameters are clipped by value: 5.0000.
[92mINFO [0m:      aggregate_fit: parameters are clipped by value: 5.0000.
[92mINFO [0m:      aggregate_fit: parameters are clipped by value: 5.0000.
[92mINFO [0m:      aggregate_fit: parameters are clipped by value: 5.0000.
[92mINFO [0m:      aggregate_fit: parameters are clipped by value: 5.0000.
[92mINFO [0m:      aggregate_fit: parameters are clipped by value: 5.0000.
[92mINFO [0m:      aggregate_fit: parameters are clipped by value: 5.0000.
[92mINFO [0m:      aggregate_fit: parameters are clipped by value: 5.0000.
[92mINFO [0m:      aggregate_fit: parameters are clipped by value: 5.0000.
[92mINFO [0m:      aggregate_fit: parameters are clipped by value: 5.0000.
[92mINFO [0m:      aggregate_fit: parameters are clipped by value: 5.0000.
[92mINFO [0m:      aggregate_train: Received 16 results and 0 failures
[92mINFO [0m:      aggregate_fit: central DP noise with 0.0312 stdev added
[92mINFO [0m:      	└──> Aggregated MetricRecord: {'train_loss': 0.11054794321520182, 'train_loss_mean': 0.3219927830190912, 'client-ids': [0, 1, 2, 3, 4, 5, 6, 7, 8, 9, 10, 11, 12, 13, 14, 15], 'per-client-num-examples': [1505, 1152, 800, 1082, 1012, 870, 588, 376, 1435, 729, 517, 659, 1364, 447, 1294, 940], 'per-client-train_loss': [0.14988056746716813, 0.09406481517685784, 0.10298290930688381, 0.11189786211179498, 0.1049987500673344, 0.07891617163416298, 0.09873331629601466, 0.09570628111349776, 0.08457855532912842, 0.13083664815367005, 0.12146290059505856, 0.1209516172411771, 0.10142073271211641, 0.1152960928094467, 0.13680870464241487, 0.10668569613010326], 'per-client-train_loss_mean': [0.29835011803812017, 0.30423475961304375, 0.3361418613642454, 0.33591985347200454, 0.30155655159927874, 0.28336090006276793, 0.31025240161285106, 0.3778201308180677, 0.29815089971761666, 0.3584826901698145, 0.3962250068481125, 0.36344120988851253, 0.2919639782646884, 0.40238512743106086, 0.329728177557174, 0.3292143416531543], 'dp-client-ids': [0, 1, 2, 3, 4, 5, 6, 7, 8, 9, 10, 11, 12, 13, 14, 15], 'dp-update-norms-before-clipping': [6.606638261901987, 5.386413731137109, 4.773290820672816, 5.49465164311033, 5.363051051504255, 5.054275533739107, 4.29131131749014, 3.596758778083379, 6.056269865949381, 4.681871623138769, 4.124972043014788, 4.514255396947261, 5.89968067370555, 3.8223471026440654, 5.954162059633482, 5.070471281424434], 'dp-client-clipped': [1, 1, 0, 1, 1, 1, 0, 0, 1, 0, 0, 0, 1, 0, 1, 1], 'dp-num-clients-clipped': 9, 'dp-fraction-clipped': 0.5625, 'dp-signal-update-norm': 1.533727171566519, 'dp-parameter-count': 226596, 'dp-expected-noise-l2-norm': 14.87565649811799, 'dp-noise-to-signal-ratio': 9.699023903269762, 'dp-noise-percent-of-signal': 969.9023903269762, 'global-dp-noise-stdv': 0.03125}
[92mINFO [0m:      configure_evaluate: Sampled 16 nodes (out of 16)
[36m(ClientAppActor pid=3918)[0m /usr/lib/python3.12/multiprocessing/popen_fork.py:66: DeprecationWarning: This process (pid=3918) is multi-threaded, use of fork() may lead to deadlocks in the child.[32m [repeated 16x across cluster][0m
[36m(ClientAppActor pid=3918)[0m   self.pid = os.fork()[32m [repeated 16x across cluster][0m
[92mINFO [0m:      aggregate_evaluate: Received 16 results and 0 failures
[92mINFO [0m:      	└──> Aggregated MetricRecord: {'eval_loss': 1.0117886300283383, 'eval_acc': 0.7071061875168875, 'client-ids': [0, 1, 2, 3, 4, 5, 6, 7, 8, 9, 10, 11, 12, 13, 14, 15], 'per-client-eval_acc': [0.7055702917771883, 0.698961937716263, 0.715, 0.6937269372693727, 0.7233201581027668, 0.7018348623853211, 0.673469387755102, 0.7157894736842105, 0.6768802228412256, 0.7158469945355191, 0.7769230769230769, 0.696969696969697, 0.7046783625730995, 0.7410714285714286, 0.7283950617283951, 0.6991525423728814], 'per-client-eval_loss': [1.0533885601660933, 1.0080964998414228, 1.0991734886169433, 1.035714589361775, 0.8021256443068915, 1.0557007220906949, 1.2056745671901574, 1.023362189845035, 1.187576620691666, 1.0018500552151373, 0.8124178579220405, 1.1382167053945136, 1.077678440607082, 0.7746380567550659, 0.8185230169767215, 0.9512257899268198], 'per-client-num-examples': [377, 289, 200, 271, 253, 218, 147, 95, 359, 183, 130, 165, 342, 112, 324, 236]}
[92mINFO [0m:      Global evaluation
[92mINFO [0m:      	└──> MetricRecord: {'loss': 1.0147861003875733, 'accuracy': 0.7055, 'f1': 0.705550413954154, 'precision': 0.7255764153364125, 'auc': 0.9054510416666666}
[92mINFO [0m:      
[92mINFO [0m:      Strategy execution finished in 296.50s
[92mINFO [0m:      
[92mINFO [0m:      Final results:
[92mINFO [0m:      
[92mINFO [0m:      	Global Arrays:
[92mINFO [0m:      		ArrayRecord (0.866 MB)
[92mINFO [0m:      	
[92mINFO [0m:      	Aggregated ClientApp-side Train Metrics:
[92mINFO [0m:      	{ 1: { 'client-ids': "['0', '1', '2', '3', '4', '5', '6', '7', '8', '9', '10', "
[92mINFO [0m:      	                     "'11', '12', '13', '14', '15']",
[92mINFO [0m:      	       'dp-client-clipped': "['1', '1', '1', '1', '1', '1', '0', '0', '1', "
[92mINFO [0m:      	                            "'0', '0', '0', '1', '0', '1', '1']",
[92mINFO [0m:      	       'dp-client-ids': "['0', '1', '2', '3', '4', '5', '6', '7', '8', '9', "
[92mINFO [0m:      	                        "'10', '11', '12', '13', '14', '15']",
[92mINFO [0m:      	       'dp-expected-noise-l2-norm': '1.4876e+01',
[92mINFO [0m:      	       'dp-fraction-clipped': '6.2500e-01',
[92mINFO [0m:      	       'dp-noise-percent-of-signal': '6.5709e+02',
[92mINFO [0m:      	       'dp-noise-to-signal-ratio': '6.5709e+00',
[92mINFO [0m:      	       'dp-num-clients-clipped': '10',
[92mINFO [0m:      	       'dp-parameter-count': '226596',
[92mINFO [0m:      	       'dp-signal-update-norm': '2.2639e+00',
[92mINFO [0m:      	       'dp-update-norms-before-clipping': "['6.7989e+00', '6.1069e+00', "
[92mINFO [0m:      	                                          "'5.2358e+00', '5.8365e+00', "
[92mINFO [0m:      	                                          "'5.6806e+00', '5.4559e+00', "
[92mINFO [0m:      	                                          "'4.8934e+00', '3.8710e+00', "
[92mINFO [0m:      	                                          "'6.3293e+00', '4.9026e+00', "
[92mINFO [0m:      	                                          "'4.4175e+00', '4.6978e+00', "
[92mINFO [0m:      	                                          "'6.6553e+00', '4.3312e+00', "
[92mINFO [0m:      	                                          "'5.8294e+00', '5.7568e+00']",
[92mINFO [0m:      	       'global-dp-noise-stdv': '3.1250e-02',
[92mINFO [0m:      	       'per-client-num-examples': "['1505', '1152', '800', '1082', '1012', "
[92mINFO [0m:      	                                  "'870', '588', '376', '1435', '729', '517', "
[92mINFO [0m:      	                                  "'659', '1364', '447', '1294', '940']",
[92mINFO [0m:      	       'per-client-train_loss': "['9.3396e-01', '9.7955e-01', '9.9707e-01', "
[92mINFO [0m:      	                                "'1.0175e+00', '9.1262e-01', '1.1121e+00', "
[92mINFO [0m:      	                                "'1.0874e+00', '1.2950e+00', '8.8868e-01', "
[92mINFO [0m:      	                                "'9.9884e-01', '1.1462e+00', '1.1738e+00', "
[92mINFO [0m:      	                                "'8.7785e-01', '1.1642e+00', '1.0114e+00', "
[92mINFO [0m:      	                                "'9.7148e-01']",
[92mINFO [0m:      	       'per-client-train_loss_mean': "['1.1344e+00', '1.1451e+00', "
[92mINFO [0m:      	                                     "'1.1769e+00', '1.1725e+00', "
[92mINFO [0m:      	                                     "'1.1143e+00', '1.2211e+00', "
[92mINFO [0m:      	                                     "'1.2575e+00', '1.3489e+00', "
[92mINFO [0m:      	                                     "'1.0751e+00', '1.1861e+00', "
[92mINFO [0m:      	                                     "'1.2810e+00', '1.2749e+00', "
[92mINFO [0m:      	                                     "'1.0797e+00', '1.2841e+00', "
[92mINFO [0m:      	                                     "'1.1639e+00', '1.1500e+00']",
[92mINFO [0m:      	       'train_loss': '9.9928e-01',
[92mINFO [0m:      	       'train_loss_mean': '1.1657e+00'},
[92mINFO [0m:      	  2: { 'client-ids': "['0', '1', '2', '3', '4', '5', '6', '7', '8', '9', '10', "
[92mINFO [0m:      	                     "'11', '12', '13', '14', '15']",
[92mINFO [0m:      	       'dp-client-clipped': "['1', '1', '0', '1', '1', '1', '0', '0', '1', "
[92mINFO [0m:      	                            "'0', '0', '0', '1', '0', '1', '0']",
[92mINFO [0m:      	       'dp-client-ids': "['0', '1', '2', '3', '4', '5', '6', '7', '8', '9', "
[92mINFO [0m:      	                        "'10', '11', '12', '13', '14', '15']",
[92mINFO [0m:      	       'dp-expected-noise-l2-norm': '1.4876e+01',
[92mINFO [0m:      	       'dp-fraction-clipped': '5.0000e-01',
[92mINFO [0m:      	       'dp-noise-percent-of-signal': '4.5516e+02',
[92mINFO [0m:      	       'dp-noise-to-signal-ratio': '4.5516e+00',
[92mINFO [0m:      	       'dp-num-clients-clipped': '8',
[92mINFO [0m:      	       'dp-parameter-count': '226596',
[92mINFO [0m:      	       'dp-signal-update-norm': '3.2682e+00',
[92mINFO [0m:      	       'dp-update-norms-before-clipping': "['6.5659e+00', '5.8527e+00', "
[92mINFO [0m:      	                                          "'4.8839e+00', '5.7182e+00', "
[92mINFO [0m:      	                                          "'5.5741e+00', '5.1683e+00', "
[92mINFO [0m:      	                                          "'4.3772e+00', '3.8497e+00', "
[92mINFO [0m:      	                                          "'6.8442e+00', '4.7098e+00', "
[92mINFO [0m:      	                                          "'4.6352e+00', '4.6536e+00', "
[92mINFO [0m:      	                                          "'6.3907e+00', '4.1564e+00', "
[92mINFO [0m:      	                                          "'6.2887e+00', '4.9702e+00']",
[92mINFO [0m:      	       'global-dp-noise-stdv': '3.1250e-02',
[92mINFO [0m:      	       'per-client-num-examples': "['1505', '1152', '800', '1082', '1012', "
[92mINFO [0m:      	                                  "'870', '588', '376', '1435', '729', '517', "
[92mINFO [0m:      	                                  "'659', '1364', '447', '1294', '940']",
[92mINFO [0m:      	       'per-client-train_loss': "['8.0241e-01', '8.2226e-01', '8.7356e-01', "
[92mINFO [0m:      	                                "'8.7141e-01', '7.8292e-01', '9.8248e-01', "
[92mINFO [0m:      	                                "'8.5785e-01', '8.7503e-01', '7.6347e-01', "
[92mINFO [0m:      	                                "'8.9582e-01', '9.6626e-01', '8.8788e-01', "
[92mINFO [0m:      	                                "'7.9011e-01', '8.3875e-01', '8.2159e-01', "
[92mINFO [0m:      	                                "'8.8503e-01']",
[92mINFO [0m:      	       'per-client-train_loss_mean': "['9.3237e-01', '9.5089e-01', "
[92mINFO [0m:      	                                     "'9.3951e-01', '9.7793e-01', "
[92mINFO [0m:      	                                     "'9.2397e-01', '9.8036e-01', "
[92mINFO [0m:      	                                     "'9.5350e-01', '1.0362e+00', "
[92mINFO [0m:      	                                     "'8.9498e-01', '1.0103e+00', "
[92mINFO [0m:      	                                     "'1.0762e+00', '1.0381e+00', "
[92mINFO [0m:      	                                     "'9.0116e-01', '1.0178e+00', "
[92mINFO [0m:      	                                     "'9.4659e-01', '9.7056e-01']",
[92mINFO [0m:      	       'train_loss': '8.4347e-01',
[92mINFO [0m:      	       'train_loss_mean': '9.5662e-01'},
[92mINFO [0m:      	  3: { 'client-ids': "['0', '1', '2', '3', '4', '5', '6', '7', '8', '9', '10', "
[92mINFO [0m:      	                     "'11', '12', '13', '14', '15']",
[92mINFO [0m:      	       'dp-client-clipped': "['1', '1', '1', '1', '1', '1', '0', '0', '1', "
[92mINFO [0m:      	                            "'0', '0', '0', '1', '0', '1', '1']",
[92mINFO [0m:      	       'dp-client-ids': "['0', '1', '2', '3', '4', '5', '6', '7', '8', '9', "
[92mINFO [0m:      	                        "'10', '11', '12', '13', '14', '15']",
[92mINFO [0m:      	       'dp-expected-noise-l2-norm': '1.4876e+01',
[92mINFO [0m:      	       'dp-fraction-clipped': '6.2500e-01',
[92mINFO [0m:      	       'dp-noise-percent-of-signal': '5.1814e+02',
[92mINFO [0m:      	       'dp-noise-to-signal-ratio': '5.1814e+00',
[92mINFO [0m:      	       'dp-num-clients-clipped': '10',
[92mINFO [0m:      	       'dp-parameter-count': '226596',
[92mINFO [0m:      	       'dp-signal-update-norm': '2.8710e+00',
[92mINFO [0m:      	       'dp-update-norms-before-clipping': "['7.2129e+00', '6.1282e+00', "
[92mINFO [0m:      	                                          "'5.1344e+00', '5.9867e+00', "
[92mINFO [0m:      	                                          "'5.6515e+00', '5.3700e+00', "
[92mINFO [0m:      	                                          "'4.6915e+00', '3.7746e+00', "
[92mINFO [0m:      	                                          "'6.8399e+00', '4.9969e+00', "
[92mINFO [0m:      	                                          "'4.2527e+00', '4.4675e+00', "
[92mINFO [0m:      	                                          "'6.4865e+00', '3.8771e+00', "
[92mINFO [0m:      	                                          "'6.6610e+00', '5.6560e+00']",
[92mINFO [0m:      	       'global-dp-noise-stdv': '3.1250e-02',
[92mINFO [0m:      	       'per-client-num-examples': "['1505', '1152', '800', '1082', '1012', "
[92mINFO [0m:      	                                  "'870', '588', '376', '1435', '729', '517', "
[92mINFO [0m:      	                                  "'659', '1364', '447', '1294', '940']",
[92mINFO [0m:      	       'per-client-train_loss': "['6.7334e-01', '6.6334e-01', '6.8745e-01', "
[92mINFO [0m:      	                                "'7.3905e-01', '6.5244e-01', '7.9309e-01', "
[92mINFO [0m:      	                                "'6.6250e-01', '6.8575e-01', '6.4776e-01', "
[92mINFO [0m:      	                                "'6.8423e-01', '8.0078e-01', '8.0078e-01', "
[92mINFO [0m:      	                                "'6.8343e-01', '6.9452e-01', '7.1329e-01', "
[92mINFO [0m:      	                                "'7.1138e-01']",
[92mINFO [0m:      	       'per-client-train_loss_mean': "['8.3197e-01', '8.0074e-01', "
[92mINFO [0m:      	                                     "'8.5432e-01', '8.5685e-01', "
[92mINFO [0m:      	                                     "'7.9560e-01', '8.5205e-01', "
[92mINFO [0m:      	                                     "'8.0225e-01', '8.8101e-01', "
[92mINFO [0m:      	                                     "'7.7518e-01', '8.4700e-01', "
[92mINFO [0m:      	                                     "'8.8599e-01', '9.0958e-01', "
[92mINFO [0m:      	                                     "'7.8134e-01', '8.7355e-01', "
[92mINFO [0m:      	                                     "'8.2398e-01', '8.2583e-01']",
[92mINFO [0m:      	       'train_loss': '6.9934e-01',
[92mINFO [0m:      	       'train_loss_mean': '8.2739e-01'},
[92mINFO [0m:      	  4: { 'client-ids': "['0', '1', '2', '3', '4', '5', '6', '7', '8', '9', '10', "
[92mINFO [0m:      	                     "'11', '12', '13', '14', '15']",
[92mINFO [0m:      	       'dp-client-clipped': "['1', '1', '1', '1', '1', '1', '0', '0', '1', "
[92mINFO [0m:      	                            "'0', '0', '0', '1', '0', '1', '1']",
[92mINFO [0m:      	       'dp-client-ids': "['0', '1', '2', '3', '4', '5', '6', '7', '8', '9', "
[92mINFO [0m:      	                        "'10', '11', '12', '13', '14', '15']",
[92mINFO [0m:      	       'dp-expected-noise-l2-norm': '1.4876e+01',
[92mINFO [0m:      	       'dp-fraction-clipped': '6.2500e-01',
[92mINFO [0m:      	       'dp-noise-percent-of-signal': '6.2822e+02',
[92mINFO [0m:      	       'dp-noise-to-signal-ratio': '6.2822e+00',
[92mINFO [0m:      	       'dp-num-clients-clipped': '10',
[92mINFO [0m:      	       'dp-parameter-count': '226596',
[92mINFO [0m:      	       'dp-signal-update-norm': '2.3679e+00',
[92mINFO [0m:      	       'dp-update-norms-before-clipping': "['7.3359e+00', '6.4341e+00', "
[92mINFO [0m:      	                                          "'5.0594e+00', '6.1776e+00', "
[92mINFO [0m:      	                                          "'5.9113e+00', '5.4481e+00', "
[92mINFO [0m:      	                                          "'4.4306e+00', '3.7413e+00', "
[92mINFO [0m:      	                                          "'6.9058e+00', '4.8812e+00', "
[92mINFO [0m:      	                                          "'4.0705e+00', '4.7196e+00', "
[92mINFO [0m:      	                                          "'6.7947e+00', '3.9525e+00', "
[92mINFO [0m:      	                                          "'6.5110e+00', '5.7282e+00']",
[92mINFO [0m:      	       'global-dp-noise-stdv': '3.1250e-02',
[92mINFO [0m:      	       'per-client-num-examples': "['1505', '1152', '800', '1082', '1012', "
[92mINFO [0m:      	                                  "'870', '588', '376', '1435', '729', '517', "
[92mINFO [0m:      	                                  "'659', '1364', '447', '1294', '940']",
[92mINFO [0m:      	       'per-client-train_loss': "['6.2800e-01', '5.6239e-01', '5.6644e-01', "
[92mINFO [0m:      	                                "'6.5915e-01', '5.7432e-01', '5.6585e-01', "
[92mINFO [0m:      	                                "'5.3188e-01', '5.6476e-01', '5.6140e-01', "
[92mINFO [0m:      	                                "'5.6463e-01', '6.4564e-01', '6.0871e-01', "
[92mINFO [0m:      	                                "'5.5836e-01', '5.9725e-01', '6.4172e-01', "
[92mINFO [0m:      	                                "'6.7548e-01']",
[92mINFO [0m:      	       'per-client-train_loss_mean': "['7.2217e-01', '7.0349e-01', "
[92mINFO [0m:      	                                     "'6.9280e-01', '7.5917e-01', "
[92mINFO [0m:      	                                     "'6.8199e-01', '6.9826e-01', "
[92mINFO [0m:      	                                     "'6.4889e-01', '7.2600e-01', "
[92mINFO [0m:      	                                     "'6.7586e-01', '7.2721e-01', "
[92mINFO [0m:      	                                     "'7.7496e-01', '7.3367e-01', "
[92mINFO [0m:      	                                     "'6.7118e-01', '7.0155e-01', "
[92mINFO [0m:      	                                     "'7.2904e-01', '7.6268e-01']",
[92mINFO [0m:      	       'train_loss': '5.9607e-01',
[92mINFO [0m:      	       'train_loss_mean': '7.1081e-01'},
[92mINFO [0m:      	  5: { 'client-ids': "['0', '1', '2', '3', '4', '5', '6', '7', '8', '9', '10', "
[92mINFO [0m:      	                     "'11', '12', '13', '14', '15']",
[92mINFO [0m:      	       'dp-client-clipped': "['1', '1', '1', '1', '1', '1', '0', '0', '1', "
[92mINFO [0m:      	                            "'0', '0', '0', '1', '0', '1', '1']",
[92mINFO [0m:      	       'dp-client-ids': "['0', '1', '2', '3', '4', '5', '6', '7', '8', '9', "
[92mINFO [0m:      	                        "'10', '11', '12', '13', '14', '15']",
[92mINFO [0m:      	       'dp-expected-noise-l2-norm': '1.4876e+01',
[92mINFO [0m:      	       'dp-fraction-clipped': '6.2500e-01',
[92mINFO [0m:      	       'dp-noise-percent-of-signal': '7.0505e+02',
[92mINFO [0m:      	       'dp-noise-to-signal-ratio': '7.0505e+00',
[92mINFO [0m:      	       'dp-num-clients-clipped': '10',
[92mINFO [0m:      	       'dp-parameter-count': '226596',
[92mINFO [0m:      	       'dp-signal-update-norm': '2.1099e+00',
[92mINFO [0m:      	       'dp-update-norms-before-clipping': "['7.0618e+00', '6.2443e+00', "
[92mINFO [0m:      	                                          "'5.0268e+00', '6.0997e+00', "
[92mINFO [0m:      	                                          "'5.8690e+00', '5.5289e+00', "
[92mINFO [0m:      	                                          "'4.4973e+00', '3.8496e+00', "
[92mINFO [0m:      	                                          "'7.1160e+00', '4.9526e+00', "
[92mINFO [0m:      	                                          "'4.0858e+00', '4.7439e+00', "
[92mINFO [0m:      	                                          "'6.6760e+00', '4.0367e+00', "
[92mINFO [0m:      	                                          "'6.7526e+00', '5.6236e+00']",
[92mINFO [0m:      	       'global-dp-noise-stdv': '3.1250e-02',
[92mINFO [0m:      	       'per-client-num-examples': "['1505', '1152', '800', '1082', '1012', "
[92mINFO [0m:      	                                  "'870', '588', '376', '1435', '729', '517', "
[92mINFO [0m:      	                                  "'659', '1364', '447', '1294', '940']",
[92mINFO [0m:      	       'per-client-train_loss': "['5.3170e-01', '4.6441e-01', '5.3826e-01', "
[92mINFO [0m:      	                                "'5.3023e-01', '4.7054e-01', '5.2159e-01', "
[92mINFO [0m:      	                                "'5.0495e-01', '4.5837e-01', '4.9543e-01', "
[92mINFO [0m:      	                                "'4.9044e-01', '5.3291e-01', '4.6928e-01', "
[92mINFO [0m:      	                                "'4.5337e-01', '4.9302e-01', '5.0364e-01', "
[92mINFO [0m:      	                                "'5.0522e-01']",
[92mINFO [0m:      	       'per-client-train_loss_mean': "['6.4273e-01', '6.1491e-01', "
[92mINFO [0m:      	                                     "'6.2916e-01', '6.9648e-01', "
[92mINFO [0m:      	                                     "'6.0107e-01', '6.5223e-01', "
[92mINFO [0m:      	                                     "'6.2438e-01', '5.9885e-01', "
[92mINFO [0m:      	                                     "'6.1827e-01', '6.3625e-01', "
[92mINFO [0m:      	                                     "'6.9133e-01', '6.4385e-01', "
[92mINFO [0m:      	                                     "'6.0828e-01', '6.2507e-01', "
[92mINFO [0m:      	                                     "'6.5485e-01', '6.4580e-01']",
[92mINFO [0m:      	       'train_loss': '4.9813e-01',
[92mINFO [0m:      	       'train_loss_mean': '6.3622e-01'},
[92mINFO [0m:      	  6: { 'client-ids': "['0', '1', '2', '3', '4', '5', '6', '7', '8', '9', '10', "
[92mINFO [0m:      	                     "'11', '12', '13', '14', '15']",
[92mINFO [0m:      	       'dp-client-clipped': "['1', '1', '1', '1', '1', '1', '0', '0', '1', "
[92mINFO [0m:      	                            "'1', '0', '0', '1', '0', '1', '1']",
[92mINFO [0m:      	       'dp-client-ids': "['0', '1', '2', '3', '4', '5', '6', '7', '8', '9', "
[92mINFO [0m:      	                        "'10', '11', '12', '13', '14', '15']",
[92mINFO [0m:      	       'dp-expected-noise-l2-norm': '1.4876e+01',
[92mINFO [0m:      	       'dp-fraction-clipped': '6.8750e-01',
[92mINFO [0m:      	       'dp-noise-percent-of-signal': '7.6937e+02',
[92mINFO [0m:      	       'dp-noise-to-signal-ratio': '7.6937e+00',
[92mINFO [0m:      	       'dp-num-clients-clipped': '11',
[92mINFO [0m:      	       'dp-parameter-count': '226596',
[92mINFO [0m:      	       'dp-signal-update-norm': '1.9335e+00',
[92mINFO [0m:      	       'dp-update-norms-before-clipping': "['7.0427e+00', '6.2893e+00', "
[92mINFO [0m:      	                                          "'5.2926e+00', '6.0302e+00', "
[92mINFO [0m:      	                                          "'5.7655e+00', '5.5358e+00', "
[92mINFO [0m:      	                                          "'4.6276e+00', '3.9292e+00', "
[92mINFO [0m:      	                                          "'6.9841e+00', '5.0465e+00', "
[92mINFO [0m:      	                                          "'4.3716e+00', '4.7497e+00', "
[92mINFO [0m:      	                                          "'6.7636e+00', '3.9910e+00', "
[92mINFO [0m:      	                                          "'6.5661e+00', '5.6987e+00']",
[92mINFO [0m:      	       'global-dp-noise-stdv': '3.1250e-02',
[92mINFO [0m:      	       'per-client-num-examples': "['1505', '1152', '800', '1082', '1012', "
[92mINFO [0m:      	                                  "'870', '588', '376', '1435', '729', '517', "
[92mINFO [0m:      	                                  "'659', '1364', '447', '1294', '940']",
[92mINFO [0m:      	       'per-client-train_loss': "['4.7356e-01', '3.6937e-01', '4.0791e-01', "
[92mINFO [0m:      	                                "'3.9122e-01', '3.7622e-01', '3.8817e-01', "
[92mINFO [0m:      	                                "'3.8029e-01', '3.0355e-01', '3.5704e-01', "
[92mINFO [0m:      	                                "'4.0674e-01', '4.3554e-01', '4.0791e-01', "
[92mINFO [0m:      	                                "'3.6694e-01', '4.5572e-01', '4.1212e-01', "
[92mINFO [0m:      	                                "'4.3525e-01']",
[92mINFO [0m:      	       'per-client-train_loss_mean': "['6.0674e-01', '5.3967e-01', "
[92mINFO [0m:      	                                     "'5.7428e-01', '5.6906e-01', "
[92mINFO [0m:      	                                     "'5.2158e-01', '5.4289e-01', "
[92mINFO [0m:      	                                     "'5.3174e-01', '5.1580e-01', "
[92mINFO [0m:      	                                     "'5.2158e-01', '5.7000e-01', "
[92mINFO [0m:      	                                     "'5.8312e-01', '5.9933e-01', "
[92mINFO [0m:      	                                     "'5.2777e-01', '6.0230e-01', "
[92mINFO [0m:      	                                     "'5.5460e-01', '5.7294e-01']",
[92mINFO [0m:      	       'train_loss': '3.9902e-01',
[92mINFO [0m:      	       'train_loss_mean': '5.5670e-01'},
[92mINFO [0m:      	  7: { 'client-ids': "['0', '1', '2', '3', '4', '5', '6', '7', '8', '9', '10', "
[92mINFO [0m:      	                     "'11', '12', '13', '14', '15']",
[92mINFO [0m:      	       'dp-client-clipped': "['1', '1', '1', '1', '1', '1', '0', '0', '1', "
[92mINFO [0m:      	                            "'0', '0', '0', '1', '0', '1', '1']",
[92mINFO [0m:      	       'dp-client-ids': "['0', '1', '2', '3', '4', '5', '6', '7', '8', '9', "
[92mINFO [0m:      	                        "'10', '11', '12', '13', '14', '15']",
[92mINFO [0m:      	       'dp-expected-noise-l2-norm': '1.4876e+01',
[92mINFO [0m:      	       'dp-fraction-clipped': '6.2500e-01',
[92mINFO [0m:      	       'dp-noise-percent-of-signal': '8.1354e+02',
[92mINFO [0m:      	       'dp-noise-to-signal-ratio': '8.1354e+00',
[92mINFO [0m:      	       'dp-num-clients-clipped': '10',
[92mINFO [0m:      	       'dp-parameter-count': '226596',
[92mINFO [0m:      	       'dp-signal-update-norm': '1.8285e+00',
[92mINFO [0m:      	       'dp-update-norms-before-clipping': "['7.1258e+00', '6.3289e+00', "
[92mINFO [0m:      	                                          "'5.1561e+00', '6.0459e+00', "
[92mINFO [0m:      	                                          "'5.9802e+00', '5.4683e+00', "
[92mINFO [0m:      	                                          "'4.6151e+00', '3.8867e+00', "
[92mINFO [0m:      	                                          "'6.8574e+00', '4.9870e+00', "
[92mINFO [0m:      	                                          "'4.4462e+00', '4.7595e+00', "
[92mINFO [0m:      	                                          "'6.8327e+00', '3.9477e+00', "
[92mINFO [0m:      	                                          "'6.6236e+00', '5.6781e+00']",
[92mINFO [0m:      	       'global-dp-noise-stdv': '3.1250e-02',
[92mINFO [0m:      	       'per-client-num-examples': "['1505', '1152', '800', '1082', '1012', "
[92mINFO [0m:      	                                  "'870', '588', '376', '1435', '729', '517', "
[92mINFO [0m:      	                                  "'659', '1364', '447', '1294', '940']",
[92mINFO [0m:      	       'per-client-train_loss': "['3.5414e-01', '3.2159e-01', '3.1421e-01', "
[92mINFO [0m:      	                                "'3.2401e-01', '2.7588e-01', '3.0294e-01', "
[92mINFO [0m:      	                                "'2.8975e-01', '2.5660e-01', '3.0543e-01', "
[92mINFO [0m:      	                                "'2.9692e-01', '3.5865e-01', '3.8116e-01', "
[92mINFO [0m:      	                                "'2.8169e-01', '2.6034e-01', '3.5225e-01', "
[92mINFO [0m:      	                                "'3.4764e-01']",
[92mINFO [0m:      	       'per-client-train_loss_mean': "['5.0241e-01', '4.9193e-01', "
[92mINFO [0m:      	                                     "'5.0504e-01', '5.2628e-01', "
[92mINFO [0m:      	                                     "'4.8283e-01', '4.9077e-01', "
[92mINFO [0m:      	                                     "'4.7507e-01', '4.4848e-01', "
[92mINFO [0m:      	                                     "'4.8512e-01', '4.9161e-01', "
[92mINFO [0m:      	                                     "'5.3911e-01', '5.4765e-01', "
[92mINFO [0m:      	                                     "'4.4513e-01', '4.7748e-01', "
[92mINFO [0m:      	                                     "'5.1740e-01', '4.9643e-01']",
[92mINFO [0m:      	       'train_loss': '3.1751e-01',
[92mINFO [0m:      	       'train_loss_mean': '4.9497e-01'},
[92mINFO [0m:      	  8: { 'client-ids': "['0', '1', '2', '3', '4', '5', '6', '7', '8', '9', '10', "
[92mINFO [0m:      	                     "'11', '12', '13', '14', '15']",
[92mINFO [0m:      	       'dp-client-clipped': "['1', '1', '1', '1', '1', '1', '0', '0', '1', "
[92mINFO [0m:      	                            "'1', '0', '0', '1', '0', '1', '1']",
[92mINFO [0m:      	       'dp-client-ids': "['0', '1', '2', '3', '4', '5', '6', '7', '8', '9', "
[92mINFO [0m:      	                        "'10', '11', '12', '13', '14', '15']",
[92mINFO [0m:      	       'dp-expected-noise-l2-norm': '1.4876e+01',
[92mINFO [0m:      	       'dp-fraction-clipped': '6.8750e-01',
[92mINFO [0m:      	       'dp-noise-percent-of-signal': '8.5480e+02',
[92mINFO [0m:      	       'dp-noise-to-signal-ratio': '8.5480e+00',
[92mINFO [0m:      	       'dp-num-clients-clipped': '11',
[92mINFO [0m:      	       'dp-parameter-count': '226596',
[92mINFO [0m:      	       'dp-signal-update-norm': '1.7402e+00',
[92mINFO [0m:      	       'dp-update-norms-before-clipping': "['7.1431e+00', '6.2503e+00', "
[92mINFO [0m:      	                                          "'5.3981e+00', '6.1335e+00', "
[92mINFO [0m:      	                                          "'5.9526e+00', '5.4377e+00', "
[92mINFO [0m:      	                                          "'4.5114e+00', '3.8101e+00', "
[92mINFO [0m:      	                                          "'6.9180e+00', '5.0256e+00', "
[92mINFO [0m:      	                                          "'4.2740e+00', '4.8171e+00', "
[92mINFO [0m:      	                                          "'6.7667e+00', '4.1355e+00', "
[92mINFO [0m:      	                                          "'6.6494e+00', '5.7335e+00']",
[92mINFO [0m:      	       'global-dp-noise-stdv': '3.1250e-02',
[92mINFO [0m:      	       'per-client-num-examples': "['1505', '1152', '800', '1082', '1012', "
[92mINFO [0m:      	                                  "'870', '588', '376', '1435', '729', '517', "
[92mINFO [0m:      	                                  "'659', '1364', '447', '1294', '940']",
[92mINFO [0m:      	       'per-client-train_loss': "['3.5162e-01', '2.6195e-01', '2.4745e-01', "
[92mINFO [0m:      	                                "'2.5984e-01', '2.8018e-01', '2.8254e-01', "
[92mINFO [0m:      	                                "'2.6735e-01', '2.2909e-01', '2.5383e-01', "
[92mINFO [0m:      	                                "'2.4669e-01', '3.0172e-01', '2.6001e-01', "
[92mINFO [0m:      	                                "'2.0876e-01', '2.2786e-01', '2.5355e-01', "
[92mINFO [0m:      	                                "'2.9227e-01']",
[92mINFO [0m:      	       'per-client-train_loss_mean': "['4.9755e-01', '4.4020e-01', "
[92mINFO [0m:      	                                     "'4.2853e-01', '4.6982e-01', "
[92mINFO [0m:      	                                     "'4.4627e-01', '4.5962e-01', "
[92mINFO [0m:      	                                     "'4.5499e-01', '4.5063e-01', "
[92mINFO [0m:      	                                     "'4.3011e-01', '4.3750e-01', "
[92mINFO [0m:      	                                     "'4.8419e-01', '4.6216e-01', "
[92mINFO [0m:      	                                     "'3.9279e-01', '4.3772e-01', "
[92mINFO [0m:      	                                     "'4.5513e-01', '4.8469e-01']",
[92mINFO [0m:      	       'train_loss': '2.6700e-01',
[92mINFO [0m:      	       'train_loss_mean': '4.5109e-01'},
[92mINFO [0m:      	  9: { 'client-ids': "['0', '1', '2', '3', '4', '5', '6', '7', '8', '9', '10', "
[92mINFO [0m:      	                     "'11', '12', '13', '14', '15']",
[92mINFO [0m:      	       'dp-client-clipped': "['1', '1', '1', '1', '1', '1', '0', '0', '1', "
[92mINFO [0m:      	                            "'0', '0', '0', '1', '0', '1', '1']",
[92mINFO [0m:      	       'dp-client-ids': "['0', '1', '2', '3', '4', '5', '6', '7', '8', '9', "
[92mINFO [0m:      	                        "'10', '11', '12', '13', '14', '15']",
[92mINFO [0m:      	       'dp-expected-noise-l2-norm': '1.4876e+01',
[92mINFO [0m:      	       'dp-fraction-clipped': '6.2500e-01',
[92mINFO [0m:      	       'dp-noise-percent-of-signal': '8.9140e+02',
[92mINFO [0m:      	       'dp-noise-to-signal-ratio': '8.9140e+00',
[92mINFO [0m:      	       'dp-num-clients-clipped': '10',
[92mINFO [0m:      	       'dp-parameter-count': '226596',
[92mINFO [0m:      	       'dp-signal-update-norm': '1.6688e+00',
[92mINFO [0m:      	       'dp-update-norms-before-clipping': "['7.3544e+00', '6.0853e+00', "
[92mINFO [0m:      	                                          "'5.0434e+00', '5.9874e+00', "
[92mINFO [0m:      	                                          "'5.6298e+00', '5.4550e+00', "
[92mINFO [0m:      	                                          "'4.5734e+00', '3.7317e+00', "
[92mINFO [0m:      	                                          "'6.9679e+00', '4.8873e+00', "
[92mINFO [0m:      	                                          "'4.3449e+00', '4.8362e+00', "
[92mINFO [0m:      	                                          "'6.7568e+00', '3.9088e+00', "
[92mINFO [0m:      	                                          "'6.4119e+00', '5.5580e+00']",
[92mINFO [0m:      	       'global-dp-noise-stdv': '3.1250e-02',
[92mINFO [0m:      	       'per-client-num-examples': "['1505', '1152', '800', '1082', '1012', "
[92mINFO [0m:      	                                  "'870', '588', '376', '1435', '729', '517', "
[92mINFO [0m:      	                                  "'659', '1364', '447', '1294', '940']",
[92mINFO [0m:      	       'per-client-train_loss': "['3.1051e-01', '2.1829e-01', '2.2639e-01', "
[92mINFO [0m:      	                                "'2.5835e-01', '2.0770e-01', '2.0379e-01', "
[92mINFO [0m:      	                                "'1.9279e-01', '1.5903e-01', '2.0834e-01', "
[92mINFO [0m:      	                                "'2.2565e-01', '2.5123e-01', '2.3289e-01', "
[92mINFO [0m:      	                                "'2.1333e-01', '2.4235e-01', '2.2879e-01', "
[92mINFO [0m:      	                                "'1.9963e-01']",
[92mINFO [0m:      	       'per-client-train_loss_mean': "['4.6961e-01', '4.1099e-01', "
[92mINFO [0m:      	                                     "'4.1546e-01', '4.3455e-01', "
[92mINFO [0m:      	                                     "'4.1286e-01', '4.0771e-01', "
[92mINFO [0m:      	                                     "'3.9094e-01', '3.9961e-01', "
[92mINFO [0m:      	                                     "'3.9998e-01', '4.6231e-01', "
[92mINFO [0m:      	                                     "'4.3639e-01', '4.6045e-01', "
[92mINFO [0m:      	                                     "'3.9235e-01', '4.4309e-01', "
[92mINFO [0m:      	                                     "'4.3614e-01', '4.0115e-01']",
[92mINFO [0m:      	       'train_loss': '2.2816e-01',
[92mINFO [0m:      	       'train_loss_mean': '4.2316e-01'},
[92mINFO [0m:      	  10: { 'client-ids': "['0', '1', '2', '3', '4', '5', '6', '7', '8', '9', "
[92mINFO [0m:      	                      "'10', '11', '12', '13', '14', '15']",
[92mINFO [0m:      	        'dp-client-clipped': "['1', '1', '0', '1', '1', '1', '0', '0', '1', "
[92mINFO [0m:      	                             "'0', '0', '0', '1', '0', '1', '1']",
[92mINFO [0m:      	        'dp-client-ids': "['0', '1', '2', '3', '4', '5', '6', '7', '8', '9', "
[92mINFO [0m:      	                         "'10', '11', '12', '13', '14', '15']",
[92mINFO [0m:      	        'dp-expected-noise-l2-norm': '1.4876e+01',
[92mINFO [0m:      	        'dp-fraction-clipped': '5.6250e-01',
[92mINFO [0m:      	        'dp-noise-percent-of-signal': '9.1562e+02',
[92mINFO [0m:      	        'dp-noise-to-signal-ratio': '9.1562e+00',
[92mINFO [0m:      	        'dp-num-clients-clipped': '9',
[92mINFO [0m:      	        'dp-parameter-count': '226596',
[92mINFO [0m:      	        'dp-signal-update-norm': '1.6247e+00',
[92mINFO [0m:      	        'dp-update-norms-before-clipping': "['6.8720e+00', '6.0907e+00', "
[92mINFO [0m:      	                                           "'4.9167e+00', '5.8648e+00', "
[92mINFO [0m:      	                                           "'5.5895e+00', '5.4304e+00', "
[92mINFO [0m:      	                                           "'4.4874e+00', '3.7680e+00', "
[92mINFO [0m:      	                                           "'6.6737e+00', '4.8374e+00', "
[92mINFO [0m:      	                                           "'4.2345e+00', '4.7080e+00', "
[92mINFO [0m:      	                                           "'6.4276e+00', '3.8856e+00', "
[92mINFO [0m:      	                                           "'6.2283e+00', '5.7377e+00']",
[92mINFO [0m:      	        'global-dp-noise-stdv': '3.1250e-02',
[92mINFO [0m:      	        'per-client-num-examples': "['1505', '1152', '800', '1082', '1012', "
[92mINFO [0m:      	                                   "'870', '588', '376', '1435', '729', '517', "
[92mINFO [0m:      	                                   "'659', '1364', '447', '1294', '940']",
[92mINFO [0m:      	        'per-client-train_loss': "['2.4322e-01', '1.9125e-01', '1.9022e-01', "
[92mINFO [0m:      	                                 "'2.0664e-01', '1.5080e-01', '1.7515e-01', "
[92mINFO [0m:      	                                 "'1.5474e-01', '1.6528e-01', '1.8063e-01', "
[92mINFO [0m:      	                                 "'1.5500e-01', '1.9791e-01', '1.7653e-01', "
[92mINFO [0m:      	                                 "'1.6862e-01', '1.4998e-01', '2.1011e-01', "
[92mINFO [0m:      	                                 "'2.0626e-01']",
[92mINFO [0m:      	        'per-client-train_loss_mean': "['4.4917e-01', '3.9360e-01', "
[92mINFO [0m:      	                                      "'4.0009e-01', '4.0819e-01', "
[92mINFO [0m:      	                                      "'3.6183e-01', '3.7134e-01', "
[92mINFO [0m:      	                                      "'3.6218e-01', '3.7964e-01', "
[92mINFO [0m:      	                                      "'3.6954e-01', '3.8905e-01', "
[92mINFO [0m:      	                                      "'4.3534e-01', '4.1759e-01', "
[92mINFO [0m:      	                                      "'3.5519e-01', '3.8041e-01', "
[92mINFO [0m:      	                                      "'4.1311e-01', '3.9547e-01']",
[92mINFO [0m:      	        'train_loss': '1.8780e-01',
[92mINFO [0m:      	        'train_loss_mean': '3.9344e-01'},
[92mINFO [0m:      	  11: { 'client-ids': "['0', '1', '2', '3', '4', '5', '6', '7', '8', '9', "
[92mINFO [0m:      	                      "'10', '11', '12', '13', '14', '15']",
[92mINFO [0m:      	        'dp-client-clipped': "['1', '1', '0', '1', '1', '1', '0', '0', '1', "
[92mINFO [0m:      	                             "'0', '0', '0', '1', '0', '1', '1']",
[92mINFO [0m:      	        'dp-client-ids': "['0', '1', '2', '3', '4', '5', '6', '7', '8', '9', "
[92mINFO [0m:      	                         "'10', '11', '12', '13', '14', '15']",
[92mINFO [0m:      	        'dp-expected-noise-l2-norm': '1.4876e+01',
[92mINFO [0m:      	        'dp-fraction-clipped': '5.6250e-01',
[92mINFO [0m:      	        'dp-noise-percent-of-signal': '9.0487e+02',
[92mINFO [0m:      	        'dp-noise-to-signal-ratio': '9.0487e+00',
[92mINFO [0m:      	        'dp-num-clients-clipped': '9',
[92mINFO [0m:      	        'dp-parameter-count': '226596',
[92mINFO [0m:      	        'dp-signal-update-norm': '1.6439e+00',
[92mINFO [0m:      	        'dp-update-norms-before-clipping': "['7.1775e+00', '5.7416e+00', "
[92mINFO [0m:      	                                           "'4.9229e+00', '5.5922e+00', "
[92mINFO [0m:      	                                           "'5.6320e+00', '5.2941e+00', "
[92mINFO [0m:      	                                           "'4.2826e+00', '3.6491e+00', "
[92mINFO [0m:      	                                           "'6.5590e+00', '4.7511e+00', "
[92mINFO [0m:      	                                           "'4.1207e+00', '4.7138e+00', "
[92mINFO [0m:      	                                           "'6.2499e+00', '3.8342e+00', "
[92mINFO [0m:      	                                           "'6.1991e+00', '5.3580e+00']",
[92mINFO [0m:      	        'global-dp-noise-stdv': '3.1250e-02',
[92mINFO [0m:      	        'per-client-num-examples': "['1505', '1152', '800', '1082', '1012', "
[92mINFO [0m:      	                                   "'870', '588', '376', '1435', '729', '517', "
[92mINFO [0m:      	                                   "'659', '1364', '447', '1294', '940']",
[92mINFO [0m:      	        'per-client-train_loss': "['2.9659e-01', '1.6296e-01', '1.7310e-01', "
[92mINFO [0m:      	                                 "'1.7876e-01', '1.6897e-01', '1.9606e-01', "
[92mINFO [0m:      	                                 "'1.7400e-01', '1.4239e-01', '1.7224e-01', "
[92mINFO [0m:      	                                 "'1.7229e-01', '1.8866e-01', '1.8848e-01', "
[92mINFO [0m:      	                                 "'1.6854e-01', '1.7679e-01', '1.7445e-01', "
[92mINFO [0m:      	                                 "'1.7221e-01']",
[92mINFO [0m:      	        'per-client-train_loss_mean': "['4.7550e-01', '3.9901e-01', "
[92mINFO [0m:      	                                      "'4.0494e-01', '4.2945e-01', "
[92mINFO [0m:      	                                      "'3.9006e-01', '3.8202e-01', "
[92mINFO [0m:      	                                      "'4.4534e-01', '4.2853e-01', "
[92mINFO [0m:      	                                      "'3.6742e-01', '4.1352e-01', "
[92mINFO [0m:      	                                      "'5.2277e-01', '5.0831e-01', "
[92mINFO [0m:      	                                      "'3.6779e-01', '4.5915e-01', "
[92mINFO [0m:      	                                      "'3.8840e-01', '4.1680e-01']",
[92mINFO [0m:      	        'train_loss': '1.8649e-01',
[92mINFO [0m:      	        'train_loss_mean': '4.1633e-01'},
[92mINFO [0m:      	  12: { 'client-ids': "['0', '1', '2', '3', '4', '5', '6', '7', '8', '9', "
[92mINFO [0m:      	                      "'10', '11', '12', '13', '14', '15']",
[92mINFO [0m:      	        'dp-client-clipped': "['1', '1', '0', '1', '1', '1', '0', '0', '1', "
[92mINFO [0m:      	                             "'0', '0', '0', '1', '0', '1', '1']",
[92mINFO [0m:      	        'dp-client-ids': "['0', '1', '2', '3', '4', '5', '6', '7', '8', '9', "
[92mINFO [0m:      	                         "'10', '11', '12', '13', '14', '15']",
[92mINFO [0m:      	        'dp-expected-noise-l2-norm': '1.4876e+01',
[92mINFO [0m:      	        'dp-fraction-clipped': '5.6250e-01',
[92mINFO [0m:      	        'dp-noise-percent-of-signal': '9.5863e+02',
[92mINFO [0m:      	        'dp-noise-to-signal-ratio': '9.5863e+00',
[92mINFO [0m:      	        'dp-num-clients-clipped': '9',
[92mINFO [0m:      	        'dp-parameter-count': '226596',
[92mINFO [0m:      	        'dp-signal-update-norm': '1.5518e+00',
[92mINFO [0m:      	        'dp-update-norms-before-clipping': "['6.9397e+00', '5.7742e+00', "
[92mINFO [0m:      	                                           "'4.8873e+00', '5.5783e+00', "
[92mINFO [0m:      	                                           "'5.4739e+00', '5.1847e+00', "
[92mINFO [0m:      	                                           "'4.4832e+00', '3.6254e+00', "
[92mINFO [0m:      	                                           "'6.2904e+00', '4.7749e+00', "
[92mINFO [0m:      	                                           "'4.0953e+00', '4.6185e+00', "
[92mINFO [0m:      	                                           "'6.3201e+00', '3.9131e+00', "
[92mINFO [0m:      	                                           "'5.9401e+00', '5.2252e+00']",
[92mINFO [0m:      	        'global-dp-noise-stdv': '3.1250e-02',
[92mINFO [0m:      	        'per-client-num-examples': "['1505', '1152', '800', '1082', '1012', "
[92mINFO [0m:      	                                   "'870', '588', '376', '1435', '729', '517', "
[92mINFO [0m:      	                                   "'659', '1364', '447', '1294', '940']",
[92mINFO [0m:      	        'per-client-train_loss': "['1.7768e-01', '1.7418e-01', '1.4842e-01', "
[92mINFO [0m:      	                                 "'1.8639e-01', '1.4221e-01', '1.3536e-01', "
[92mINFO [0m:      	                                 "'1.3681e-01', '1.2337e-01', '1.3945e-01', "
[92mINFO [0m:      	                                 "'1.5544e-01', '1.6622e-01', '1.4627e-01', "
[92mINFO [0m:      	                                 "'1.7897e-01', '1.2572e-01', '1.5825e-01', "
[92mINFO [0m:      	                                 "'1.3499e-01']",
[92mINFO [0m:      	        'per-client-train_loss_mean': "['3.8261e-01', '3.7024e-01', "
[92mINFO [0m:      	                                      "'3.6645e-01', '3.8910e-01', "
[92mINFO [0m:      	                                      "'3.3002e-01', '3.2966e-01', "
[92mINFO [0m:      	                                      "'3.6422e-01', '3.9280e-01', "
[92mINFO [0m:      	                                      "'3.2198e-01', '3.7879e-01', "
[92mINFO [0m:      	                                      "'4.2799e-01', '4.1102e-01', "
[92mINFO [0m:      	                                      "'3.3523e-01', '3.9172e-01', "
[92mINFO [0m:      	                                      "'3.9292e-01', '3.4394e-01']",
[92mINFO [0m:      	        'train_loss': '1.5604e-01',
[92mINFO [0m:      	        'train_loss_mean': '3.6517e-01'},
[92mINFO [0m:      	  13: { 'client-ids': "['0', '1', '2', '3', '4', '5', '6', '7', '8', '9', "
[92mINFO [0m:      	                      "'10', '11', '12', '13', '14', '15']",
[92mINFO [0m:      	        'dp-client-clipped': "['1', '1', '0', '1', '1', '1', '0', '0', '1', "
[92mINFO [0m:      	                             "'0', '0', '0', '1', '0', '1', '1']",
[92mINFO [0m:      	        'dp-client-ids': "['0', '1', '2', '3', '4', '5', '6', '7', '8', '9', "
[92mINFO [0m:      	                         "'10', '11', '12', '13', '14', '15']",
[92mINFO [0m:      	        'dp-expected-noise-l2-norm': '1.4876e+01',
[92mINFO [0m:      	        'dp-fraction-clipped': '5.6250e-01',
[92mINFO [0m:      	        'dp-noise-percent-of-signal': '9.5757e+02',
[92mINFO [0m:      	        'dp-noise-to-signal-ratio': '9.5757e+00',
[92mINFO [0m:      	        'dp-num-clients-clipped': '9',
[92mINFO [0m:      	        'dp-parameter-count': '226596',
[92mINFO [0m:      	        'dp-signal-update-norm': '1.5535e+00',
[92mINFO [0m:      	        'dp-update-norms-before-clipping': "['6.5442e+00', '5.7403e+00', "
[92mINFO [0m:      	                                           "'4.7953e+00', '5.4224e+00', "
[92mINFO [0m:      	                                           "'5.1458e+00', '5.2376e+00', "
[92mINFO [0m:      	                                           "'4.4157e+00', '3.5415e+00', "
[92mINFO [0m:      	                                           "'6.4919e+00', '4.8424e+00', "
[92mINFO [0m:      	                                           "'4.1148e+00', '4.5253e+00', "
[92mINFO [0m:      	                                           "'5.9831e+00', '3.8512e+00', "
[92mINFO [0m:      	                                           "'6.2137e+00', '5.0981e+00']",
[92mINFO [0m:      	        'global-dp-noise-stdv': '3.1250e-02',
[92mINFO [0m:      	        'per-client-num-examples': "['1505', '1152', '800', '1082', '1012', "
[92mINFO [0m:      	                                   "'870', '588', '376', '1435', '729', '517', "
[92mINFO [0m:      	                                   "'659', '1364', '447', '1294', '940']",
[92mINFO [0m:      	        'per-client-train_loss': "['1.4988e-01', '1.1673e-01', '1.0665e-01', "
[92mINFO [0m:      	                                 "'1.5100e-01', '1.2119e-01', '1.4554e-01', "
[92mINFO [0m:      	                                 "'1.1780e-01', '1.3878e-01', '1.4658e-01', "
[92mINFO [0m:      	                                 "'1.6054e-01', '1.4067e-01', '1.1387e-01', "
[92mINFO [0m:      	                                 "'1.0249e-01', '1.2031e-01', '1.5629e-01', "
[92mINFO [0m:      	                                 "'1.5861e-01']",
[92mINFO [0m:      	        'per-client-train_loss_mean': "['3.6424e-01', '3.3419e-01', "
[92mINFO [0m:      	                                      "'3.4121e-01', '4.0329e-01', "
[92mINFO [0m:      	                                      "'3.5594e-01', '3.2824e-01', "
[92mINFO [0m:      	                                      "'3.5956e-01', '3.9775e-01', "
[92mINFO [0m:      	                                      "'3.3685e-01', '3.7331e-01', "
[92mINFO [0m:      	                                      "'4.2428e-01', '3.6830e-01', "
[92mINFO [0m:      	                                      "'2.9907e-01', '4.0204e-01', "
[92mINFO [0m:      	                                      "'3.5637e-01', '3.9010e-01']",
[92mINFO [0m:      	        'train_loss': '1.3538e-01',
[92mINFO [0m:      	        'train_loss_mean': '3.5764e-01'},
[92mINFO [0m:      	  14: { 'client-ids': "['0', '1', '2', '3', '4', '5', '6', '7', '8', '9', "
[92mINFO [0m:      	                      "'10', '11', '12', '13', '14', '15']",
[92mINFO [0m:      	        'dp-client-clipped': "['1', '1', '0', '1', '1', '1', '0', '0', '1', "
[92mINFO [0m:      	                             "'0', '0', '0', '1', '0', '1', '1']",
[92mINFO [0m:      	        'dp-client-ids': "['0', '1', '2', '3', '4', '5', '6', '7', '8', '9', "
[92mINFO [0m:      	                         "'10', '11', '12', '13', '14', '15']",
[92mINFO [0m:      	        'dp-expected-noise-l2-norm': '1.4876e+01',
[92mINFO [0m:      	        'dp-fraction-clipped': '5.6250e-01',
[92mINFO [0m:      	        'dp-noise-percent-of-signal': '9.6295e+02',
[92mINFO [0m:      	        'dp-noise-to-signal-ratio': '9.6295e+00',
[92mINFO [0m:      	        'dp-num-clients-clipped': '9',
[92mINFO [0m:      	        'dp-parameter-count': '226596',
[92mINFO [0m:      	        'dp-signal-update-norm': '1.5448e+00',
[92mINFO [0m:      	        'dp-update-norms-before-clipping': "['6.7104e+00', '5.7453e+00', "
[92mINFO [0m:      	                                           "'4.7782e+00', '5.5542e+00', "
[92mINFO [0m:      	                                           "'5.3510e+00', '5.0125e+00', "
[92mINFO [0m:      	                                           "'4.4115e+00', '3.8938e+00', "
[92mINFO [0m:      	                                           "'6.4776e+00', '4.8095e+00', "
[92mINFO [0m:      	                                           "'4.3451e+00', '4.6519e+00', "
[92mINFO [0m:      	                                           "'6.2421e+00', '3.9612e+00', "
[92mINFO [0m:      	                                           "'6.0920e+00', '5.2726e+00']",
[92mINFO [0m:      	        'global-dp-noise-stdv': '3.1250e-02',
[92mINFO [0m:      	        'per-client-num-examples': "['1505', '1152', '800', '1082', '1012', "
[92mINFO [0m:      	                                   "'870', '588', '376', '1435', '729', '517', "
[92mINFO [0m:      	                                   "'659', '1364', '447', '1294', '940']",
[92mINFO [0m:      	        'per-client-train_loss': "['1.4642e-01', '1.0807e-01', '1.1135e-01', "
[92mINFO [0m:      	                                 "'1.4576e-01', '8.5233e-02', '1.0571e-01', "
[92mINFO [0m:      	                                 "'1.4777e-01', '8.5808e-02', '1.3346e-01', "
[92mINFO [0m:      	                                 "'1.1745e-01', '1.7415e-01', '8.8460e-02', "
[92mINFO [0m:      	                                 "'1.0433e-01', '1.0370e-01', '1.4578e-01', "
[92mINFO [0m:      	                                 "'1.4117e-01']",
[92mINFO [0m:      	        'per-client-train_loss_mean': "['3.3326e-01', '3.1696e-01', "
[92mINFO [0m:      	                                      "'3.2752e-01', '3.4524e-01', "
[92mINFO [0m:      	                                      "'3.2196e-01', '3.1225e-01', "
[92mINFO [0m:      	                                      "'3.4298e-01', '3.5950e-01', "
[92mINFO [0m:      	                                      "'3.1937e-01', '3.5623e-01', "
[92mINFO [0m:      	                                      "'4.3101e-01', '3.4477e-01', "
[92mINFO [0m:      	                                      "'2.9750e-01', '4.0922e-01', "
[92mINFO [0m:      	                                      "'3.5776e-01', '3.4580e-01']",
[92mINFO [0m:      	        'train_loss': '1.2353e-01',
[92mINFO [0m:      	        'train_loss_mean': '3.3726e-01'},
[92mINFO [0m:      	  15: { 'client-ids': "['0', '1', '2', '3', '4', '5', '6', '7', '8', '9', "
[92mINFO [0m:      	                      "'10', '11', '12', '13', '14', '15']",
[92mINFO [0m:      	        'dp-client-clipped': "['1', '1', '0', '1', '1', '1', '0', '0', '1', "
[92mINFO [0m:      	                             "'0', '0', '0', '1', '0', '1', '1']",
[92mINFO [0m:      	        'dp-client-ids': "['0', '1', '2', '3', '4', '5', '6', '7', '8', '9', "
[92mINFO [0m:      	                         "'10', '11', '12', '13', '14', '15']",
[92mINFO [0m:      	        'dp-expected-noise-l2-norm': '1.4876e+01',
[92mINFO [0m:      	        'dp-fraction-clipped': '5.6250e-01',
[92mINFO [0m:      	        'dp-noise-percent-of-signal': '9.8578e+02',
[92mINFO [0m:      	        'dp-noise-to-signal-ratio': '9.8578e+00',
[92mINFO [0m:      	        'dp-num-clients-clipped': '9',
[92mINFO [0m:      	        'dp-parameter-count': '226596',
[92mINFO [0m:      	        'dp-signal-update-norm': '1.5090e+00',
[92mINFO [0m:      	        'dp-update-norms-before-clipping': "['6.6900e+00', '5.6013e+00', "
[92mINFO [0m:      	                                           "'4.7842e+00', '5.5635e+00', "
[92mINFO [0m:      	                                           "'5.4268e+00', '5.0979e+00', "
[92mINFO [0m:      	                                           "'4.4430e+00', '3.6124e+00', "
[92mINFO [0m:      	                                           "'6.2110e+00', '4.7944e+00', "
[92mINFO [0m:      	                                           "'4.2120e+00', '4.6451e+00', "
[92mINFO [0m:      	                                           "'6.0507e+00', '3.8390e+00', "
[92mINFO [0m:      	                                           "'5.9386e+00', '5.2583e+00']",
[92mINFO [0m:      	        'global-dp-noise-stdv': '3.1250e-02',
[92mINFO [0m:      	        'per-client-num-examples': "['1505', '1152', '800', '1082', '1012', "
[92mINFO [0m:      	                                   "'870', '588', '376', '1435', '729', '517', "
[92mINFO [0m:      	                                   "'659', '1364', '447', '1294', '940']",
[92mINFO [0m:      	        'per-client-train_loss': "['1.3755e-01', '1.0382e-01', '8.6372e-02', "
[92mINFO [0m:      	                                 "'1.3503e-01', '1.4533e-01', '1.0416e-01', "
[92mINFO [0m:      	                                 "'1.1557e-01', '9.8412e-02', '1.0244e-01', "
[92mINFO [0m:      	                                 "'8.6781e-02', '1.1512e-01', '1.1420e-01', "
[92mINFO [0m:      	                                 "'9.0665e-02', '1.2205e-01', '1.1739e-01', "
[92mINFO [0m:      	                                 "'1.1345e-01']",
[92mINFO [0m:      	        'per-client-train_loss_mean': "['3.5946e-01', '3.1745e-01', "
[92mINFO [0m:      	                                      "'3.2456e-01', '3.4480e-01', "
[92mINFO [0m:      	                                      "'3.0799e-01', '3.1615e-01', "
[92mINFO [0m:      	                                      "'3.1385e-01', '3.5874e-01', "
[92mINFO [0m:      	                                      "'2.9334e-01', '3.3133e-01', "
[92mINFO [0m:      	                                      "'3.5705e-01', '3.3661e-01', "
[92mINFO [0m:      	                                      "'3.1673e-01', '3.6749e-01', "
[92mINFO [0m:      	                                      "'3.0754e-01', '3.2261e-01']",
[92mINFO [0m:      	        'train_loss': '1.1281e-01',
[92mINFO [0m:      	        'train_loss_mean': '3.2579e-01'},
[92mINFO [0m:      	  16: { 'client-ids': "['0', '1', '2', '3', '4', '5', '6', '7', '8', '9', "
[92mINFO [0m:      	                      "'10', '11', '12', '13', '14', '15']",
[92mINFO [0m:      	        'dp-client-clipped': "['1', '1', '0', '1', '1', '0', '0', '0', '1', "
[92mINFO [0m:      	                             "'0', '0', '0', '1', '0', '1', '0']",
[92mINFO [0m:      	        'dp-client-ids': "['0', '1', '2', '3', '4', '5', '6', '7', '8', '9', "
[92mINFO [0m:      	                         "'10', '11', '12', '13', '14', '15']",
[92mINFO [0m:      	        'dp-expected-noise-l2-norm': '1.4876e+01',
[92mINFO [0m:      	        'dp-fraction-clipped': '4.3750e-01',
[92mINFO [0m:      	        'dp-noise-percent-of-signal': '9.9579e+02',
[92mINFO [0m:      	        'dp-noise-to-signal-ratio': '9.9579e+00',
[92mINFO [0m:      	        'dp-num-clients-clipped': '7',
[92mINFO [0m:      	        'dp-parameter-count': '226596',
[92mINFO [0m:      	        'dp-signal-update-norm': '1.4939e+00',
[92mINFO [0m:      	        'dp-update-norms-before-clipping': "['6.2885e+00', '5.6028e+00', "
[92mINFO [0m:      	                                           "'4.6463e+00', '5.3966e+00', "
[92mINFO [0m:      	                                           "'5.0493e+00', '4.9810e+00', "
[92mINFO [0m:      	                                           "'4.1416e+00', '3.6215e+00', "
[92mINFO [0m:      	                                           "'5.9983e+00', '4.6597e+00', "
[92mINFO [0m:      	                                           "'4.1685e+00', '4.3837e+00', "
[92mINFO [0m:      	                                           "'5.8949e+00', '3.6368e+00', "
[92mINFO [0m:      	                                           "'6.0814e+00', '4.9994e+00']",
[92mINFO [0m:      	        'global-dp-noise-stdv': '3.1250e-02',
[92mINFO [0m:      	        'per-client-num-examples': "['1505', '1152', '800', '1082', '1012', "
[92mINFO [0m:      	                                   "'870', '588', '376', '1435', '729', '517', "
[92mINFO [0m:      	                                   "'659', '1364', '447', '1294', '940']",
[92mINFO [0m:      	        'per-client-train_loss': "['1.0789e-01', '1.0466e-01', '8.2416e-02', "
[92mINFO [0m:      	                                 "'1.3337e-01', '8.3601e-02', '1.5796e-01', "
[92mINFO [0m:      	                                 "'8.7351e-02', '9.1581e-02', '9.1952e-02', "
[92mINFO [0m:      	                                 "'1.0118e-01', '1.6241e-01', '9.7118e-02', "
[92mINFO [0m:      	                                 "'9.5043e-02', '9.8347e-02', '1.1440e-01', "
[92mINFO [0m:      	                                 "'8.1586e-02']",
[92mINFO [0m:      	        'per-client-train_loss_mean': "['3.2573e-01', '3.1346e-01', "
[92mINFO [0m:      	                                      "'3.0681e-01', '3.0885e-01', "
[92mINFO [0m:      	                                      "'3.0765e-01', '2.9519e-01', "
[92mINFO [0m:      	                                      "'3.0641e-01', '3.8658e-01', "
[92mINFO [0m:      	                                      "'2.9743e-01', '3.5965e-01', "
[92mINFO [0m:      	                                      "'3.7485e-01', '3.7137e-01', "
[92mINFO [0m:      	                                      "'2.8356e-01', '3.6582e-01', "
[92mINFO [0m:      	                                      "'3.1710e-01', '3.0450e-01']",
[92mINFO [0m:      	        'train_loss': '1.0515e-01',
[92mINFO [0m:      	        'train_loss_mean': '3.1815e-01'},
[92mINFO [0m:      	  17: { 'client-ids': "['0', '1', '2', '3', '4', '5', '6', '7', '8', '9', "
[92mINFO [0m:      	                      "'10', '11', '12', '13', '14', '15']",
[92mINFO [0m:      	        'dp-client-clipped': "['1', '1', '0', '1', '1', '1', '0', '0', '1', "
[92mINFO [0m:      	                             "'0', '0', '0', '1', '0', '1', '1']",
[92mINFO [0m:      	        'dp-client-ids': "['0', '1', '2', '3', '4', '5', '6', '7', '8', '9', "
[92mINFO [0m:      	                         "'10', '11', '12', '13', '14', '15']",
[92mINFO [0m:      	        'dp-expected-noise-l2-norm': '1.4876e+01',
[92mINFO [0m:      	        'dp-fraction-clipped': '5.6250e-01',
[92mINFO [0m:      	        'dp-noise-percent-of-signal': '9.8794e+02',
[92mINFO [0m:      	        'dp-noise-to-signal-ratio': '9.8794e+00',
[92mINFO [0m:      	        'dp-num-clients-clipped': '9',
[92mINFO [0m:      	        'dp-parameter-count': '226596',
[92mINFO [0m:      	        'dp-signal-update-norm': '1.5057e+00',
[92mINFO [0m:      	        'dp-update-norms-before-clipping': "['6.3071e+00', '5.7802e+00', "
[92mINFO [0m:      	                                           "'4.8584e+00', '5.5685e+00', "
[92mINFO [0m:      	                                           "'5.2687e+00', '5.2566e+00', "
[92mINFO [0m:      	                                           "'4.3661e+00', '3.7017e+00', "
[92mINFO [0m:      	                                           "'6.1261e+00', '4.6567e+00', "
[92mINFO [0m:      	                                           "'4.2489e+00', '4.7062e+00', "
[92mINFO [0m:      	                                           "'6.2731e+00', '3.9471e+00', "
[92mINFO [0m:      	                                           "'5.9730e+00', '5.2489e+00']",
[92mINFO [0m:      	        'global-dp-noise-stdv': '3.1250e-02',
[92mINFO [0m:      	        'per-client-num-examples': "['1505', '1152', '800', '1082', '1012', "
[92mINFO [0m:      	                                   "'870', '588', '376', '1435', '729', '517', "
[92mINFO [0m:      	                                   "'659', '1364', '447', '1294', '940']",
[92mINFO [0m:      	        'per-client-train_loss': "['1.3464e-01', '1.1543e-01', '1.1816e-01', "
[92mINFO [0m:      	                                 "'1.4015e-01', '1.0956e-01', '1.3460e-01', "
[92mINFO [0m:      	                                 "'1.1405e-01', '7.3676e-02', '1.0287e-01', "
[92mINFO [0m:      	                                 "'1.2971e-01', '1.2297e-01', '1.3731e-01', "
[92mINFO [0m:      	                                 "'9.8493e-02', '9.2685e-02', '1.3224e-01', "
[92mINFO [0m:      	                                 "'1.0309e-01']",
[92mINFO [0m:      	        'per-client-train_loss_mean': "['3.3453e-01', '3.1241e-01', "
[92mINFO [0m:      	                                      "'3.2981e-01', '3.3839e-01', "
[92mINFO [0m:      	                                      "'3.1289e-01', '2.9348e-01', "
[92mINFO [0m:      	                                      "'3.3789e-01', '3.4004e-01', "
[92mINFO [0m:      	                                      "'2.8172e-01', '3.6951e-01', "
[92mINFO [0m:      	                                      "'3.6592e-01', '3.7737e-01', "
[92mINFO [0m:      	                                      "'2.8540e-01', '3.4518e-01', "
[92mINFO [0m:      	                                      "'3.3502e-01', '3.3019e-01']",
[92mINFO [0m:      	        'train_loss': '1.1812e-01',
[92mINFO [0m:      	        'train_loss_mean': '3.2436e-01'},
[92mINFO [0m:      	  18: { 'client-ids': "['0', '1', '2', '3', '4', '5', '6', '7', '8', '9', "
[92mINFO [0m:      	                      "'10', '11', '12', '13', '14', '15']",
[92mINFO [0m:      	        'dp-client-clipped': "['1', '1', '0', '1', '1', '1', '0', '0', '1', "
[92mINFO [0m:      	                             "'0', '0', '0', '1', '0', '1', '1']",
[92mINFO [0m:      	        'dp-client-ids': "['0', '1', '2', '3', '4', '5', '6', '7', '8', '9', "
[92mINFO [0m:      	                         "'10', '11', '12', '13', '14', '15']",
[92mINFO [0m:      	        'dp-expected-noise-l2-norm': '1.4876e+01',
[92mINFO [0m:      	        'dp-fraction-clipped': '5.6250e-01',
[92mINFO [0m:      	        'dp-noise-percent-of-signal': '9.6107e+02',
[92mINFO [0m:      	        'dp-noise-to-signal-ratio': '9.6107e+00',
[92mINFO [0m:      	        'dp-num-clients-clipped': '9',
[92mINFO [0m:      	        'dp-parameter-count': '226596',
[92mINFO [0m:      	        'dp-signal-update-norm': '1.5478e+00',
[92mINFO [0m:      	        'dp-update-norms-before-clipping': "['7.2354e+00', '5.3909e+00', "
[92mINFO [0m:      	                                           "'4.8493e+00', '5.5977e+00', "
[92mINFO [0m:      	                                           "'5.4683e+00', '5.0872e+00', "
[92mINFO [0m:      	                                           "'4.3091e+00', '3.6330e+00', "
[92mINFO [0m:      	                                           "'6.2974e+00', '4.7693e+00', "
[92mINFO [0m:      	                                           "'4.2298e+00', '4.6322e+00', "
[92mINFO [0m:      	                                           "'6.1050e+00', '3.8772e+00', "
[92mINFO [0m:      	                                           "'6.2656e+00', '5.1178e+00']",
[92mINFO [0m:      	        'global-dp-noise-stdv': '3.1250e-02',
[92mINFO [0m:      	        'per-client-num-examples': "['1505', '1152', '800', '1082', '1012', "
[92mINFO [0m:      	                                   "'870', '588', '376', '1435', '729', '517', "
[92mINFO [0m:      	                                   "'659', '1364', '447', '1294', '940']",
[92mINFO [0m:      	        'per-client-train_loss': "['3.1518e-01', '8.7978e-02', '9.8334e-02', "
[92mINFO [0m:      	                                 "'1.2359e-01', '1.0557e-01', '1.0374e-01', "
[92mINFO [0m:      	                                 "'9.9068e-02', '8.2246e-02', '1.0397e-01', "
[92mINFO [0m:      	                                 "'1.3857e-01', '1.6601e-01', '9.6605e-02', "
[92mINFO [0m:      	                                 "'9.0049e-02', '1.3723e-01', '1.5622e-01', "
[92mINFO [0m:      	                                 "'1.1724e-01']",
[92mINFO [0m:      	        'per-client-train_loss_mean': "['4.2289e-01', '3.1781e-01', "
[92mINFO [0m:      	                                      "'3.2251e-01', '3.5480e-01', "
[92mINFO [0m:      	                                      "'3.3903e-01', '2.9741e-01', "
[92mINFO [0m:      	                                      "'3.4633e-01', '3.6029e-01', "
[92mINFO [0m:      	                                      "'3.2016e-01', '4.1088e-01', "
[92mINFO [0m:      	                                      "'4.4385e-01', '3.5771e-01', "
[92mINFO [0m:      	                                      "'2.9269e-01', '3.9993e-01', "
[92mINFO [0m:      	                                      "'3.4261e-01', '3.3421e-01']",
[92mINFO [0m:      	        'train_loss': '1.3342e-01',
[92mINFO [0m:      	        'train_loss_mean': '3.4834e-01'},
[92mINFO [0m:      	  19: { 'client-ids': "['0', '1', '2', '3', '4', '5', '6', '7', '8', '9', "
[92mINFO [0m:      	                      "'10', '11', '12', '13', '14', '15']",
[92mINFO [0m:      	        'dp-client-clipped': "['1', '1', '0', '1', '1', '1', '0', '0', '1', "
[92mINFO [0m:      	                             "'0', '0', '0', '1', '0', '1', '1']",
[92mINFO [0m:      	        'dp-client-ids': "['0', '1', '2', '3', '4', '5', '6', '7', '8', '9', "
[92mINFO [0m:      	                         "'10', '11', '12', '13', '14', '15']",
[92mINFO [0m:      	        'dp-expected-noise-l2-norm': '1.4876e+01',
[92mINFO [0m:      	        'dp-fraction-clipped': '5.6250e-01',
[92mINFO [0m:      	        'dp-noise-percent-of-signal': '9.8744e+02',
[92mINFO [0m:      	        'dp-noise-to-signal-ratio': '9.8744e+00',
[92mINFO [0m:      	        'dp-num-clients-clipped': '9',
[92mINFO [0m:      	        'dp-parameter-count': '226596',
[92mINFO [0m:      	        'dp-signal-update-norm': '1.5065e+00',
[92mINFO [0m:      	        'dp-update-norms-before-clipping': "['6.5299e+00', '5.5866e+00', "
[92mINFO [0m:      	                                           "'4.7399e+00', '5.4590e+00', "
[92mINFO [0m:      	                                           "'5.1879e+00', '5.2191e+00', "
[92mINFO [0m:      	                                           "'4.1230e+00', '3.5868e+00', "
[92mINFO [0m:      	                                           "'6.0911e+00', '4.6622e+00', "
[92mINFO [0m:      	                                           "'4.2515e+00', '4.4137e+00', "
[92mINFO [0m:      	                                           "'5.9339e+00', '3.8725e+00', "
[92mINFO [0m:      	                                           "'6.2129e+00', '5.2131e+00']",
[92mINFO [0m:      	        'global-dp-noise-stdv': '3.1250e-02',
[92mINFO [0m:      	        'per-client-num-examples': "['1505', '1152', '800', '1082', '1012', "
[92mINFO [0m:      	                                   "'870', '588', '376', '1435', '729', '517', "
[92mINFO [0m:      	                                   "'659', '1364', '447', '1294', '940']",
[92mINFO [0m:      	        'per-client-train_loss': "['1.1929e-01', '1.1172e-01', '7.4481e-02', "
[92mINFO [0m:      	                                 "'1.1549e-01', '1.1975e-01', '1.3631e-01', "
[92mINFO [0m:      	                                 "'9.9719e-02', '9.7672e-02', '1.1701e-01', "
[92mINFO [0m:      	                                 "'1.1642e-01', '1.9729e-01', '8.1467e-02', "
[92mINFO [0m:      	                                 "'8.1029e-02', '1.2659e-01', '1.5682e-01', "
[92mINFO [0m:      	                                 "'1.0616e-01']",
[92mINFO [0m:      	        'per-client-train_loss_mean': "['3.1134e-01', '3.3109e-01', "
[92mINFO [0m:      	                                      "'3.2390e-01', '3.3371e-01', "
[92mINFO [0m:      	                                      "'3.1749e-01', '3.0963e-01', "
[92mINFO [0m:      	                                      "'3.1963e-01', '4.1590e-01', "
[92mINFO [0m:      	                                      "'2.8120e-01', '3.5033e-01', "
[92mINFO [0m:      	                                      "'4.5011e-01', '3.4239e-01', "
[92mINFO [0m:      	                                      "'2.7794e-01', '3.6631e-01', "
[92mINFO [0m:      	                                      "'3.6768e-01', '2.9951e-01']",
[92mINFO [0m:      	        'train_loss': '1.1552e-01',
[92mINFO [0m:      	        'train_loss_mean': '3.2651e-01'},
[92mINFO [0m:      	  20: { 'client-ids': "['0', '1', '2', '3', '4', '5', '6', '7', '8', '9', "
[92mINFO [0m:      	                      "'10', '11', '12', '13', '14', '15']",
[92mINFO [0m:      	        'dp-client-clipped': "['1', '1', '0', '1', '1', '1', '0', '0', '1', "
[92mINFO [0m:      	                             "'0', '0', '0', '1', '0', '1', '1']",
[92mINFO [0m:      	        'dp-client-ids': "['0', '1', '2', '3', '4', '5', '6', '7', '8', '9', "
[92mINFO [0m:      	                         "'10', '11', '12', '13', '14', '15']",
[92mINFO [0m:      	        'dp-expected-noise-l2-norm': '1.4876e+01',
[92mINFO [0m:      	        'dp-fraction-clipped': '5.6250e-01',
[92mINFO [0m:      	        'dp-noise-percent-of-signal': '9.6990e+02',
[92mINFO [0m:      	        'dp-noise-to-signal-ratio': '9.6990e+00',
[92mINFO [0m:      	        'dp-num-clients-clipped': '9',
[92mINFO [0m:      	        'dp-parameter-count': '226596',
[92mINFO [0m:      	        'dp-signal-update-norm': '1.5337e+00',
[92mINFO [0m:      	        'dp-update-norms-before-clipping': "['6.6066e+00', '5.3864e+00', "
[92mINFO [0m:      	                                           "'4.7733e+00', '5.4947e+00', "
[92mINFO [0m:      	                                           "'5.3631e+00', '5.0543e+00', "
[92mINFO [0m:      	                                           "'4.2913e+00', '3.5968e+00', "
[92mINFO [0m:      	                                           "'6.0563e+00', '4.6819e+00', "
[92mINFO [0m:      	                                           "'4.1250e+00', '4.5143e+00', "
[92mINFO [0m:      	                                           "'5.8997e+00', '3.8223e+00', "
[92mINFO [0m:      	                                           "'5.9542e+00', '5.0705e+00']",
[92mINFO [0m:      	        'global-dp-noise-stdv': '3.1250e-02',
[92mINFO [0m:      	        'per-client-num-examples': "['1505', '1152', '800', '1082', '1012', "
[92mINFO [0m:      	                                   "'870', '588', '376', '1435', '729', '517', "
[92mINFO [0m:      	                                   "'659', '1364', '447', '1294', '940']",
[92mINFO [0m:      	        'per-client-train_loss': "['1.4988e-01', '9.4065e-02', '1.0298e-01', "
[92mINFO [0m:      	                                 "'1.1190e-01', '1.0500e-01', '7.8916e-02', "
[92mINFO [0m:      	                                 "'9.8733e-02', '9.5706e-02', '8.4579e-02', "
[92mINFO [0m:      	                                 "'1.3084e-01', '1.2146e-01', '1.2095e-01', "
[92mINFO [0m:      	                                 "'1.0142e-01', '1.1530e-01', '1.3681e-01', "
[92mINFO [0m:      	                                 "'1.0669e-01']",
[92mINFO [0m:      	        'per-client-train_loss_mean': "['2.9835e-01', '3.0423e-01', "
[92mINFO [0m:      	                                      "'3.3614e-01', '3.3592e-01', "
[92mINFO [0m:      	                                      "'3.0156e-01', '2.8336e-01', "
[92mINFO [0m:      	                                      "'3.1025e-01', '3.7782e-01', "
[92mINFO [0m:      	                                      "'2.9815e-01', '3.5848e-01', "
[92mINFO [0m:      	                                      "'3.9623e-01', '3.6344e-01', "
[92mINFO [0m:      	                                      "'2.9196e-01', '4.0239e-01', "
[92mINFO [0m:      	                                      "'3.2973e-01', '3.2921e-01']",
[92mINFO [0m:      	        'train_loss': '1.1055e-01',
[92mINFO [0m:      	        'train_loss_mean': '3.2199e-01'}}
[92mINFO [0m:      	
[92mINFO [0m:      	Aggregated ClientApp-side Evaluate Metrics:
[92mINFO [0m:      	{ 1: { 'client-ids': "['0', '1', '2', '3', '4', '5', '6', '7', '8', '9', '10', "
[92mINFO [0m:      	                     "'11', '12', '13', '14', '15']",
[92mINFO [0m:      	       'eval_acc': '2.7587e-01',
[92mINFO [0m:      	       'eval_loss': '1.3554e+00',
[92mINFO [0m:      	       'per-client-eval_acc': "['2.8912e-01', '2.3875e-01', '2.7000e-01', "
[92mINFO [0m:      	                              "'2.5461e-01', '3.0040e-01', '2.9358e-01', "
[92mINFO [0m:      	                              "'2.3810e-01', '3.0526e-01', '2.7298e-01', "
[92mINFO [0m:      	                              "'2.9508e-01', '2.6154e-01', '2.9697e-01', "
[92mINFO [0m:      	                              "'2.8655e-01', '2.6786e-01', '2.7160e-01', "
[92mINFO [0m:      	                              "'2.7542e-01']",
[92mINFO [0m:      	       'per-client-eval_loss': "['1.3513e+00', '1.3708e+00', '1.3525e+00', "
[92mINFO [0m:      	                               "'1.3623e+00', '1.3421e+00', '1.3564e+00', "
[92mINFO [0m:      	                               "'1.3693e+00', '1.3488e+00', '1.3565e+00', "
[92mINFO [0m:      	                               "'1.3495e+00', '1.3671e+00', '1.3455e+00', "
[92mINFO [0m:      	                               "'1.3472e+00', '1.3563e+00', '1.3600e+00', "
[92mINFO [0m:      	                               "'1.3535e+00']",
[92mINFO [0m:      	       'per-client-num-examples': "['377', '289', '200', '271', '253', '218', "
[92mINFO [0m:      	                                  "'147', '95', '359', '183', '130', '165', "
[92mINFO [0m:      	                                  "'342', '112', '324', '236']"},
[92mINFO [0m:      	  2: { 'client-ids': "['0', '1', '2', '3', '4', '5', '6', '7', '8', '9', '10', "
[92mINFO [0m:      	                     "'11', '12', '13', '14', '15']",
[92mINFO [0m:      	       'eval_acc': '3.8665e-01',
[92mINFO [0m:      	       'eval_loss': '1.5060e+00',
[92mINFO [0m:      	       'per-client-eval_acc': "['3.7666e-01', '3.5986e-01', '3.7000e-01', "
[92mINFO [0m:      	                              "'3.7638e-01', '4.3874e-01', '3.5780e-01', "
[92mINFO [0m:      	                              "'3.6054e-01', '4.4211e-01', '4.0390e-01', "
[92mINFO [0m:      	                              "'4.0437e-01', '3.6923e-01', '3.5758e-01', "
[92mINFO [0m:      	                              "'3.7719e-01', '4.0179e-01', '3.8580e-01', "
[92mINFO [0m:      	                              "'4.2373e-01']",
[92mINFO [0m:      	       'per-client-eval_loss': "['1.5054e+00', '1.5902e+00', '1.5208e+00', "
[92mINFO [0m:      	                               "'1.5162e+00', '1.4302e+00', '1.5337e+00', "
[92mINFO [0m:      	                               "'1.5994e+00', '1.4517e+00', '1.4873e+00', "
[92mINFO [0m:      	                               "'1.4743e+00', '1.5369e+00', '1.4979e+00', "
[92mINFO [0m:      	                               "'1.4297e+00', '1.5062e+00', '1.5653e+00', "
[92mINFO [0m:      	                               "'1.4701e+00']",
[92mINFO [0m:      	       'per-client-num-examples': "['377', '289', '200', '271', '253', '218', "
[92mINFO [0m:      	                                  "'147', '95', '359', '183', '130', '165', "
[92mINFO [0m:      	                                  "'342', '112', '324', '236']"},
[92mINFO [0m:      	  3: { 'client-ids': "['0', '1', '2', '3', '4', '5', '6', '7', '8', '9', '10', "
[92mINFO [0m:      	                     "'11', '12', '13', '14', '15']",
[92mINFO [0m:      	       'eval_acc': '5.5715e-01',
[92mINFO [0m:      	       'eval_loss': '1.0220e+00',
[92mINFO [0m:      	       'per-client-eval_acc': "['5.3316e-01', '5.9516e-01', '5.7000e-01', "
[92mINFO [0m:      	                              "'5.6458e-01', '5.4150e-01', '5.4587e-01', "
[92mINFO [0m:      	                              "'4.9660e-01', '5.7895e-01', '5.5432e-01', "
[92mINFO [0m:      	                              "'5.7377e-01', '5.7692e-01', '5.3939e-01', "
[92mINFO [0m:      	                              "'5.4678e-01', '5.8929e-01', '5.4321e-01', "
[92mINFO [0m:      	                              "'5.9746e-01']",
[92mINFO [0m:      	       'per-client-eval_loss': "['1.0414e+00', '1.0505e+00', '1.0284e+00', "
[92mINFO [0m:      	                               "'1.0281e+00', '9.6136e-01', '1.0255e+00', "
[92mINFO [0m:      	                               "'1.1023e+00', '1.0402e+00', '9.9644e-01', "
[92mINFO [0m:      	                               "'1.0044e+00', '9.6572e-01', '1.0571e+00', "
[92mINFO [0m:      	                               "'9.9103e-01', '1.0006e+00', '1.0761e+00', "
[92mINFO [0m:      	                               "'9.8728e-01']",
[92mINFO [0m:      	       'per-client-num-examples': "['377', '289', '200', '271', '253', '218', "
[92mINFO [0m:      	                                  "'147', '95', '359', '183', '130', '165', "
[92mINFO [0m:      	                                  "'342', '112', '324', '236']"},
[92mINFO [0m:      	  4: { 'client-ids': "['0', '1', '2', '3', '4', '5', '6', '7', '8', '9', '10', "
[92mINFO [0m:      	                     "'11', '12', '13', '14', '15']",
[92mINFO [0m:      	       'eval_acc': '6.4928e-01',
[92mINFO [0m:      	       'eval_loss': '8.2533e-01',
[92mINFO [0m:      	       'per-client-eval_acc': "['6.6048e-01', '6.4706e-01', '6.6000e-01', "
[92mINFO [0m:      	                              "'6.2731e-01', '6.5217e-01', '6.6514e-01', "
[92mINFO [0m:      	                              "'6.1224e-01', '6.1053e-01', '6.5181e-01', "
[92mINFO [0m:      	                              "'6.2295e-01', '6.4615e-01', '6.6667e-01', "
[92mINFO [0m:      	                              "'6.4035e-01', '6.4286e-01', '6.5432e-01', "
[92mINFO [0m:      	                              "'6.8644e-01']",
[92mINFO [0m:      	       'per-client-eval_loss': "['8.4191e-01', '8.3179e-01', '8.4554e-01', "
[92mINFO [0m:      	                               "'8.5629e-01', '7.7155e-01', '8.0944e-01', "
[92mINFO [0m:      	                               "'8.4251e-01', '7.9917e-01', '8.2040e-01', "
[92mINFO [0m:      	                               "'8.6196e-01', '7.6083e-01', '7.9246e-01', "
[92mINFO [0m:      	                               "'8.8806e-01', '7.9733e-01', '8.6139e-01', "
[92mINFO [0m:      	                               "'7.2088e-01']",
[92mINFO [0m:      	       'per-client-num-examples': "['377', '289', '200', '271', '253', '218', "
[92mINFO [0m:      	                                  "'147', '95', '359', '183', '130', '165', "
[92mINFO [0m:      	                                  "'342', '112', '324', '236']"},
[92mINFO [0m:      	  5: { 'client-ids': "['0', '1', '2', '3', '4', '5', '6', '7', '8', '9', '10', "
[92mINFO [0m:      	                     "'11', '12', '13', '14', '15']",
[92mINFO [0m:      	       'eval_acc': '6.6171e-01',
[92mINFO [0m:      	       'eval_loss': '8.6222e-01',
[92mINFO [0m:      	       'per-client-eval_acc': "['6.4987e-01', '6.6436e-01', '6.5500e-01', "
[92mINFO [0m:      	                              "'6.7159e-01', '6.5613e-01', '6.5138e-01', "
[92mINFO [0m:      	                              "'6.6667e-01', '7.0526e-01', '6.4067e-01', "
[92mINFO [0m:      	                              "'6.3388e-01', '7.1538e-01', '6.6061e-01', "
[92mINFO [0m:      	                              "'6.5497e-01', '6.6071e-01', '6.5123e-01', "
[92mINFO [0m:      	                              "'7.1610e-01']",
[92mINFO [0m:      	       'per-client-eval_loss': "['9.2780e-01', '8.8227e-01', '9.2140e-01', "
[92mINFO [0m:      	                               "'8.6572e-01', '8.3067e-01', '8.3953e-01', "
[92mINFO [0m:      	                               "'9.1774e-01', '8.4063e-01', '8.6537e-01', "
[92mINFO [0m:      	                               "'9.0930e-01', '7.2388e-01', '8.6065e-01', "
[92mINFO [0m:      	                               "'8.1072e-01', '8.1643e-01', '9.4490e-01', "
[92mINFO [0m:      	                               "'7.2654e-01']",
[92mINFO [0m:      	       'per-client-num-examples': "['377', '289', '200', '271', '253', '218', "
[92mINFO [0m:      	                                  "'147', '95', '359', '183', '130', '165', "
[92mINFO [0m:      	                                  "'342', '112', '324', '236']"},
[92mINFO [0m:      	  6: { 'client-ids': "['0', '1', '2', '3', '4', '5', '6', '7', '8', '9', '10', "
[92mINFO [0m:      	                     "'11', '12', '13', '14', '15']",
[92mINFO [0m:      	       'eval_acc': '6.6847e-01',
[92mINFO [0m:      	       'eval_loss': '8.2816e-01',
[92mINFO [0m:      	       'per-client-eval_acc': "['6.4456e-01', '6.6782e-01', '6.8500e-01', "
[92mINFO [0m:      	                              "'6.6052e-01', '6.7984e-01', '6.6514e-01', "
[92mINFO [0m:      	                              "'6.3946e-01', '6.7368e-01', '6.9081e-01', "
[92mINFO [0m:      	                              "'6.5027e-01', '7.1538e-01', '6.4848e-01', "
[92mINFO [0m:      	                              "'6.7836e-01', '6.9643e-01', '6.3272e-01', "
[92mINFO [0m:      	                              "'6.9915e-01']",
[92mINFO [0m:      	       'per-client-eval_loss': "['8.3883e-01', '8.6964e-01', '7.8300e-01', "
[92mINFO [0m:      	                               "'7.9653e-01', '7.9731e-01', '8.3601e-01', "
[92mINFO [0m:      	                               "'9.2321e-01', '8.9852e-01', '8.5461e-01', "
[92mINFO [0m:      	                               "'8.5333e-01', '7.0755e-01', '8.5455e-01', "
[92mINFO [0m:      	                               "'7.8651e-01', '7.9444e-01', '9.0801e-01', "
[92mINFO [0m:      	                               "'7.2816e-01']",
[92mINFO [0m:      	       'per-client-num-examples': "['377', '289', '200', '271', '253', '218', "
[92mINFO [0m:      	                                  "'147', '95', '359', '183', '130', '165', "
[92mINFO [0m:      	                                  "'342', '112', '324', '236']"},
[92mINFO [0m:      	  7: { 'client-ids': "['0', '1', '2', '3', '4', '5', '6', '7', '8', '9', '10', "
[92mINFO [0m:      	                     "'11', '12', '13', '14', '15']",
[92mINFO [0m:      	       'eval_acc': '6.9630e-01',
[92mINFO [0m:      	       'eval_loss': '7.8564e-01',
[92mINFO [0m:      	       'per-client-eval_acc': "['7.0557e-01', '7.0934e-01', '6.6500e-01', "
[92mINFO [0m:      	                              "'6.9742e-01', '7.0751e-01', '7.2018e-01', "
[92mINFO [0m:      	                              "'6.9388e-01', '6.7368e-01', '6.8524e-01', "
[92mINFO [0m:      	                              "'6.8852e-01', '7.7692e-01', '6.5455e-01', "
[92mINFO [0m:      	                              "'6.8421e-01', '7.5893e-01', '6.4815e-01', "
[92mINFO [0m:      	                              "'7.2881e-01']",
[92mINFO [0m:      	       'per-client-eval_loss': "['7.7210e-01', '7.5245e-01', '8.2050e-01', "
[92mINFO [0m:      	                               "'7.5189e-01', '7.3635e-01', '7.5317e-01', "
[92mINFO [0m:      	                               "'8.3987e-01', '8.2024e-01', '8.0062e-01', "
[92mINFO [0m:      	                               "'7.8766e-01', '6.4892e-01', '9.1061e-01', "
[92mINFO [0m:      	                               "'8.7591e-01', '7.0398e-01', '8.5548e-01', "
[92mINFO [0m:      	                               "'6.6793e-01']",
[92mINFO [0m:      	       'per-client-num-examples': "['377', '289', '200', '271', '253', '218', "
[92mINFO [0m:      	                                  "'147', '95', '359', '183', '130', '165', "
[92mINFO [0m:      	                                  "'342', '112', '324', '236']"},
[92mINFO [0m:      	  8: { 'client-ids': "['0', '1', '2', '3', '4', '5', '6', '7', '8', '9', '10', "
[92mINFO [0m:      	                     "'11', '12', '13', '14', '15']",
[92mINFO [0m:      	       'eval_acc': '6.8117e-01',
[92mINFO [0m:      	       'eval_loss': '8.7798e-01',
[92mINFO [0m:      	       'per-client-eval_acc': "['6.9231e-01', '6.7474e-01', '6.8000e-01', "
[92mINFO [0m:      	                              "'6.6052e-01', '6.6008e-01', '6.6972e-01', "
[92mINFO [0m:      	                              "'7.0068e-01', '6.6316e-01', '6.5738e-01', "
[92mINFO [0m:      	                              "'6.5027e-01', '7.5385e-01', '6.3030e-01', "
[92mINFO [0m:      	                              "'6.8421e-01', '7.5893e-01', '7.0062e-01', "
[92mINFO [0m:      	                              "'7.1186e-01']",
[92mINFO [0m:      	       'per-client-eval_loss': "['8.5411e-01', '8.5599e-01', '8.9658e-01', "
[92mINFO [0m:      	                               "'9.1151e-01', '8.5499e-01', '8.3988e-01', "
[92mINFO [0m:      	                               "'9.1852e-01', '8.5241e-01', '1.0059e+00', "
[92mINFO [0m:      	                               "'9.3483e-01', '7.4068e-01', '1.0043e+00', "
[92mINFO [0m:      	                               "'9.5765e-01', '6.9092e-01', '8.0446e-01', "
[92mINFO [0m:      	                               "'7.5664e-01']",
[92mINFO [0m:      	       'per-client-num-examples': "['377', '289', '200', '271', '253', '218', "
[92mINFO [0m:      	                                  "'147', '95', '359', '183', '130', '165', "
[92mINFO [0m:      	                                  "'342', '112', '324', '236']"},
[92mINFO [0m:      	  9: { 'client-ids': "['0', '1', '2', '3', '4', '5', '6', '7', '8', '9', '10', "
[92mINFO [0m:      	                     "'11', '12', '13', '14', '15']",
[92mINFO [0m:      	       'eval_acc': '7.2494e-01',
[92mINFO [0m:      	       'eval_loss': '7.7877e-01',
[92mINFO [0m:      	       'per-client-eval_acc': "['7.0557e-01', '7.0934e-01', '7.2000e-01', "
[92mINFO [0m:      	                              "'7.3063e-01', '7.5889e-01', '7.2018e-01', "
[92mINFO [0m:      	                              "'7.3469e-01', '7.0526e-01', '7.2702e-01', "
[92mINFO [0m:      	                              "'7.3224e-01', '7.3846e-01', '6.8485e-01', "
[92mINFO [0m:      	                              "'7.4854e-01', '7.4107e-01', '7.0679e-01', "
[92mINFO [0m:      	                              "'7.3729e-01']",
[92mINFO [0m:      	       'per-client-eval_loss': "['7.7247e-01', '8.3273e-01', '7.8803e-01', "
[92mINFO [0m:      	                               "'7.4627e-01', '7.2183e-01', '7.5640e-01', "
[92mINFO [0m:      	                               "'8.4542e-01', '8.6893e-01', '7.9548e-01', "
[92mINFO [0m:      	                               "'7.4513e-01', '6.9185e-01', '9.4714e-01', "
[92mINFO [0m:      	                               "'7.1705e-01', '6.2302e-01', '8.9850e-01', "
[92mINFO [0m:      	                               "'6.8600e-01']",
[92mINFO [0m:      	       'per-client-num-examples': "['377', '289', '200', '271', '253', '218', "
[92mINFO [0m:      	                                  "'147', '95', '359', '183', '130', '165', "
[92mINFO [0m:      	                                  "'342', '112', '324', '236']"},
[92mINFO [0m:      	  10: { 'client-ids': "['0', '1', '2', '3', '4', '5', '6', '7', '8', '9', "
[92mINFO [0m:      	                      "'10', '11', '12', '13', '14', '15']",
[92mINFO [0m:      	        'eval_acc': '5.4985e-01',
[92mINFO [0m:      	        'eval_loss': '1.9713e+00',
[92mINFO [0m:      	        'per-client-eval_acc': "['5.3316e-01', '5.1557e-01', '5.2500e-01', "
[92mINFO [0m:      	                               "'5.6089e-01', '5.9289e-01', '5.4128e-01', "
[92mINFO [0m:      	                               "'5.0340e-01', '5.7895e-01', '5.5432e-01', "
[92mINFO [0m:      	                               "'5.4645e-01', '6.0000e-01', '5.0303e-01', "
[92mINFO [0m:      	                               "'5.6725e-01', '5.8036e-01', '5.1852e-01', "
[92mINFO [0m:      	                               "'6.1017e-01']",
[92mINFO [0m:      	        'per-client-eval_loss': "['1.9763e+00', '2.2155e+00', '2.0643e+00', "
[92mINFO [0m:      	                                "'1.8368e+00', '1.8934e+00', '1.8694e+00', "
[92mINFO [0m:      	                                "'2.1909e+00', '1.7743e+00', '1.9043e+00', "
[92mINFO [0m:      	                                "'1.9535e+00', '1.8943e+00', '2.0911e+00', "
[92mINFO [0m:      	                                "'1.8186e+00', '1.9827e+00', '2.2174e+00', "
[92mINFO [0m:      	                                "'1.8124e+00']",
[92mINFO [0m:      	        'per-client-num-examples': "['377', '289', '200', '271', '253', '218', "
[92mINFO [0m:      	                                   "'147', '95', '359', '183', '130', '165', "
[92mINFO [0m:      	                                   "'342', '112', '324', '236']"},
[92mINFO [0m:      	  11: { 'client-ids': "['0', '1', '2', '3', '4', '5', '6', '7', '8', '9', "
[92mINFO [0m:      	                      "'10', '11', '12', '13', '14', '15']",
[92mINFO [0m:      	        'eval_acc': '6.5226e-01',
[92mINFO [0m:      	        'eval_loss': '1.0143e+00',
[92mINFO [0m:      	        'per-client-eval_acc': "['6.4721e-01', '6.6436e-01', '6.3000e-01', "
[92mINFO [0m:      	                               "'6.7528e-01', '6.6798e-01', '6.3303e-01', "
[92mINFO [0m:      	                               "'5.9864e-01', '6.5263e-01', '6.3231e-01', "
[92mINFO [0m:      	                               "'6.5574e-01', '6.9231e-01', '6.0000e-01', "
[92mINFO [0m:      	                               "'6.7251e-01', '7.4107e-01', '6.3889e-01', "
[92mINFO [0m:      	                               "'6.6102e-01']",
[92mINFO [0m:      	        'per-client-eval_loss': "['1.0375e+00', '1.0139e+00', '1.0661e+00', "
[92mINFO [0m:      	                                "'8.9240e-01', '9.6206e-01', '1.0268e+00', "
[92mINFO [0m:      	                                "'1.2711e+00', '1.0826e+00', '1.0256e+00', "
[92mINFO [0m:      	                                "'1.1084e+00', '9.6546e-01', '1.1572e+00', "
[92mINFO [0m:      	                                "'9.2570e-01', '8.6027e-01', '1.1113e+00', "
[92mINFO [0m:      	                                "'8.3657e-01']",
[92mINFO [0m:      	        'per-client-num-examples': "['377', '289', '200', '271', '253', '218', "
[92mINFO [0m:      	                                   "'147', '95', '359', '183', '130', '165', "
[92mINFO [0m:      	                                   "'342', '112', '324', '236']"},
[92mINFO [0m:      	  12: { 'client-ids': "['0', '1', '2', '3', '4', '5', '6', '7', '8', '9', "
[92mINFO [0m:      	                      "'10', '11', '12', '13', '14', '15']",
[92mINFO [0m:      	        'eval_acc': '6.3631e-01',
[92mINFO [0m:      	        'eval_loss': '1.4544e+00',
[92mINFO [0m:      	        'per-client-eval_acc': "['6.4191e-01', '6.3322e-01', '6.3500e-01', "
[92mINFO [0m:      	                               "'6.7897e-01', '6.1265e-01', '6.2385e-01', "
[92mINFO [0m:      	                               "'6.5986e-01', '5.2632e-01', '6.1838e-01', "
[92mINFO [0m:      	                               "'6.1749e-01', '7.1538e-01', '5.8788e-01', "
[92mINFO [0m:      	                               "'6.3450e-01', '7.0536e-01', '6.6667e-01', "
[92mINFO [0m:      	                               "'6.1017e-01']",
[92mINFO [0m:      	        'per-client-eval_loss': "['1.4899e+00', '1.6084e+00', '1.5543e+00', "
[92mINFO [0m:      	                                "'1.3832e+00', '1.2954e+00', '1.3774e+00', "
[92mINFO [0m:      	                                "'1.6976e+00', '1.5831e+00', '1.5939e+00', "
[92mINFO [0m:      	                                "'1.5996e+00', '1.0665e+00', '1.5365e+00', "
[92mINFO [0m:      	                                "'1.4926e+00', '1.0876e+00', '1.3274e+00', "
[92mINFO [0m:      	                                "'1.3692e+00']",
[92mINFO [0m:      	        'per-client-num-examples': "['377', '289', '200', '271', '253', '218', "
[92mINFO [0m:      	                                   "'147', '95', '359', '183', '130', '165', "
[92mINFO [0m:      	                                   "'342', '112', '324', '236']"},
[92mINFO [0m:      	  13: { 'client-ids': "['0', '1', '2', '3', '4', '5', '6', '7', '8', '9', "
[92mINFO [0m:      	                      "'10', '11', '12', '13', '14', '15']",
[92mINFO [0m:      	        'eval_acc': '7.2683e-01',
[92mINFO [0m:      	        'eval_loss': '8.1351e-01',
[92mINFO [0m:      	        'per-client-eval_acc': "['7.0822e-01', '7.1972e-01', '7.2500e-01', "
[92mINFO [0m:      	                               "'7.7491e-01', '7.4308e-01', '7.2936e-01', "
[92mINFO [0m:      	                               "'6.4626e-01', '7.1579e-01', '7.3816e-01', "
[92mINFO [0m:      	                               "'7.4317e-01', '7.3846e-01', '7.1515e-01', "
[92mINFO [0m:      	                               "'7.4561e-01', '7.0536e-01', '6.8210e-01', "
[92mINFO [0m:      	                               "'7.6271e-01']",
[92mINFO [0m:      	        'per-client-eval_loss': "['8.2957e-01', '8.0752e-01', '8.1520e-01', "
[92mINFO [0m:      	                                "'7.4774e-01', '7.6883e-01', '7.5427e-01', "
[92mINFO [0m:      	                                "'1.0035e+00', '8.9523e-01', '7.9624e-01', "
[92mINFO [0m:      	                                "'7.6987e-01', '7.1726e-01', '8.1860e-01', "
[92mINFO [0m:      	                                "'8.2395e-01', '8.2596e-01', '9.7540e-01', "
[92mINFO [0m:      	                                "'6.8704e-01']",
[92mINFO [0m:      	        'per-client-num-examples': "['377', '289', '200', '271', '253', '218', "
[92mINFO [0m:      	                                   "'147', '95', '359', '183', '130', '165', "
[92mINFO [0m:      	                                   "'342', '112', '324', '236']"},
[92mINFO [0m:      	  14: { 'client-ids': "['0', '1', '2', '3', '4', '5', '6', '7', '8', '9', "
[92mINFO [0m:      	                      "'10', '11', '12', '13', '14', '15']",
[92mINFO [0m:      	        'eval_acc': '7.4764e-01',
[92mINFO [0m:      	        'eval_loss': '8.1236e-01',
[92mINFO [0m:      	        'per-client-eval_acc': "['7.5066e-01', '7.3356e-01', '7.4000e-01', "
[92mINFO [0m:      	                               "'7.5277e-01', '7.7470e-01', '7.5688e-01', "
[92mINFO [0m:      	                               "'7.3469e-01', '7.4737e-01', '7.5766e-01', "
[92mINFO [0m:      	                               "'7.3224e-01', '7.7692e-01', '7.3939e-01', "
[92mINFO [0m:      	                               "'7.3684e-01', '7.9464e-01', '7.0679e-01', "
[92mINFO [0m:      	                               "'7.6695e-01']",
[92mINFO [0m:      	        'per-client-eval_loss': "['8.1254e-01', '8.3456e-01', '7.5379e-01', "
[92mINFO [0m:      	                                "'7.6148e-01', '7.4318e-01', '7.9184e-01', "
[92mINFO [0m:      	                                "'9.1031e-01', '8.2492e-01', '8.1364e-01', "
[92mINFO [0m:      	                                "'9.7448e-01', '6.3765e-01', '8.7766e-01', "
[92mINFO [0m:      	                                "'8.8842e-01', '6.6869e-01', '8.8182e-01', "
[92mINFO [0m:      	                                "'7.0545e-01']",
[92mINFO [0m:      	        'per-client-num-examples': "['377', '289', '200', '271', '253', '218', "
[92mINFO [0m:      	                                   "'147', '95', '359', '183', '130', '165', "
[92mINFO [0m:      	                                   "'342', '112', '324', '236']"},
[92mINFO [0m:      	  15: { 'client-ids': "['0', '1', '2', '3', '4', '5', '6', '7', '8', '9', "
[92mINFO [0m:      	                      "'10', '11', '12', '13', '14', '15']",
[92mINFO [0m:      	        'eval_acc': '7.2548e-01',
[92mINFO [0m:      	        'eval_loss': '9.3405e-01',
[92mINFO [0m:      	        'per-client-eval_acc': "['7.2149e-01', '6.9204e-01', '7.4000e-01', "
[92mINFO [0m:      	                               "'7.5277e-01', '7.2332e-01', '7.2936e-01', "
[92mINFO [0m:      	                               "'6.9388e-01', '7.1579e-01', '7.4930e-01', "
[92mINFO [0m:      	                               "'6.7760e-01', '7.6923e-01', '6.8485e-01', "
[92mINFO [0m:      	                               "'7.2515e-01', '7.8571e-01', '7.0062e-01', "
[92mINFO [0m:      	                               "'7.6271e-01']",
[92mINFO [0m:      	        'per-client-eval_loss': "['9.1001e-01', '1.0016e+00', '8.2631e-01', "
[92mINFO [0m:      	                                "'8.3226e-01', '9.0380e-01', '8.5429e-01', "
[92mINFO [0m:      	                                "'1.0665e+00', '9.3539e-01', '8.3879e-01', "
[92mINFO [0m:      	                                "'1.1131e+00', '7.6464e-01', '1.0707e+00', "
[92mINFO [0m:      	                                "'1.0314e+00', '7.9580e-01', '1.1029e+00', "
[92mINFO [0m:      	                                "'8.1763e-01']",
[92mINFO [0m:      	        'per-client-num-examples': "['377', '289', '200', '271', '253', '218', "
[92mINFO [0m:      	                                   "'147', '95', '359', '183', '130', '165', "
[92mINFO [0m:      	                                   "'342', '112', '324', '236']"},
[92mINFO [0m:      	  16: { 'client-ids': "['0', '1', '2', '3', '4', '5', '6', '7', '8', '9', "
[92mINFO [0m:      	                      "'10', '11', '12', '13', '14', '15']",
[92mINFO [0m:      	        'eval_acc': '7.1872e-01',
[92mINFO [0m:      	        'eval_loss': '9.5296e-01',
[92mINFO [0m:      	        'per-client-eval_acc': "['7.0822e-01', '7.0588e-01', '7.1000e-01', "
[92mINFO [0m:      	                               "'7.6015e-01', '7.2332e-01', '7.3394e-01', "
[92mINFO [0m:      	                               "'7.0748e-01', '6.9474e-01', '7.2702e-01', "
[92mINFO [0m:      	                               "'6.7213e-01', '8.1538e-01', '7.0909e-01', "
[92mINFO [0m:      	                               "'7.2222e-01', '7.7679e-01', '6.6358e-01', "
[92mINFO [0m:      	                               "'7.2881e-01']",
[92mINFO [0m:      	        'per-client-eval_loss': "['1.0305e+00', '9.5430e-01', '9.4773e-01', "
[92mINFO [0m:      	                                "'8.4516e-01', '9.1549e-01', '1.0567e+00', "
[92mINFO [0m:      	                                "'1.0882e+00', '8.9650e-01', '8.7317e-01', "
[92mINFO [0m:      	                                "'1.0462e+00', '6.2115e-01', '1.0614e+00', "
[92mINFO [0m:      	                                "'9.0123e-01', '7.4146e-01', '1.1505e+00', "
[92mINFO [0m:      	                                "'8.9866e-01']",
[92mINFO [0m:      	        'per-client-num-examples': "['377', '289', '200', '271', '253', '218', "
[92mINFO [0m:      	                                   "'147', '95', '359', '183', '130', '165', "
[92mINFO [0m:      	                                   "'342', '112', '324', '236']"},
[92mINFO [0m:      	  17: { 'client-ids': "['0', '1', '2', '3', '4', '5', '6', '7', '8', '9', "
[92mINFO [0m:      	                      "'10', '11', '12', '13', '14', '15']",
[92mINFO [0m:      	        'eval_acc': '6.3523e-01',
[92mINFO [0m:      	        'eval_loss': '1.2038e+00',
[92mINFO [0m:      	        'per-client-eval_acc': "['6.3130e-01', '6.1592e-01', '6.5500e-01', "
[92mINFO [0m:      	                               "'6.2731e-01', '6.3636e-01', '6.6514e-01', "
[92mINFO [0m:      	                               "'6.1905e-01', '5.7895e-01', '6.4624e-01', "
[92mINFO [0m:      	                               "'6.0109e-01', '6.4615e-01', '5.9394e-01', "
[92mINFO [0m:      	                               "'6.1988e-01', '6.9643e-01', '6.5741e-01', "
[92mINFO [0m:      	                               "'6.5678e-01']",
[92mINFO [0m:      	        'per-client-eval_loss': "['1.2036e+00', '1.2910e+00', '1.1818e+00', "
[92mINFO [0m:      	                                "'1.1822e+00', '1.1522e+00', '1.1122e+00', "
[92mINFO [0m:      	                                "'1.3384e+00', '1.2811e+00', '1.2677e+00', "
[92mINFO [0m:      	                                "'1.2217e+00', '1.0635e+00', '1.3249e+00', "
[92mINFO [0m:      	                                "'1.2639e+00', '9.5208e-01', '1.1352e+00', "
[92mINFO [0m:      	                                "'1.1736e+00']",
[92mINFO [0m:      	        'per-client-num-examples': "['377', '289', '200', '271', '253', '218', "
[92mINFO [0m:      	                                   "'147', '95', '359', '183', '130', '165', "
[92mINFO [0m:      	                                   "'342', '112', '324', '236']"},
[92mINFO [0m:      	  18: { 'client-ids': "['0', '1', '2', '3', '4', '5', '6', '7', '8', '9', "
[92mINFO [0m:      	                      "'10', '11', '12', '13', '14', '15']",
[92mINFO [0m:      	        'eval_acc': '7.3061e-01',
[92mINFO [0m:      	        'eval_loss': '8.7723e-01',
[92mINFO [0m:      	        'per-client-eval_acc': "['7.3740e-01', '7.2318e-01', '7.2000e-01', "
[92mINFO [0m:      	                               "'6.9373e-01', '7.2332e-01', '7.4312e-01', "
[92mINFO [0m:      	                               "'6.8707e-01', '7.1579e-01', '7.3816e-01', "
[92mINFO [0m:      	                               "'7.2678e-01', '8.0769e-01', '6.9697e-01', "
[92mINFO [0m:      	                               "'7.0760e-01', '7.6786e-01', '7.4691e-01', "
[92mINFO [0m:      	                               "'7.7542e-01']",
[92mINFO [0m:      	        'per-client-eval_loss': "['9.5444e-01', '8.8234e-01', '8.5956e-01', "
[92mINFO [0m:      	                                "'8.3522e-01', '7.8456e-01', '7.7315e-01', "
[92mINFO [0m:      	                                "'9.9816e-01', '1.0853e+00', '8.1356e-01', "
[92mINFO [0m:      	                                "'9.4385e-01', '6.8657e-01', '8.7506e-01', "
[92mINFO [0m:      	                                "'1.0955e+00', '7.4236e-01', '9.2511e-01', "
[92mINFO [0m:      	                                "'6.8104e-01']",
[92mINFO [0m:      	        'per-client-num-examples': "['377', '289', '200', '271', '253', '218', "
[92mINFO [0m:      	                                   "'147', '95', '359', '183', '130', '165', "
[92mINFO [0m:      	                                   "'342', '112', '324', '236']"},
[92mINFO [0m:      	  19: { 'client-ids': "['0', '1', '2', '3', '4', '5', '6', '7', '8', '9', "
[92mINFO [0m:      	                      "'10', '11', '12', '13', '14', '15']",
[92mINFO [0m:      	        'eval_acc': '7.1710e-01',
[92mINFO [0m:      	        'eval_loss': '9.3497e-01',
[92mINFO [0m:      	        'per-client-eval_acc': "['7.2944e-01', '7.0242e-01', '7.3500e-01', "
[92mINFO [0m:      	                               "'7.3432e-01', '7.0356e-01', '7.0183e-01', "
[92mINFO [0m:      	                               "'7.1429e-01', '6.8421e-01', '7.1031e-01', "
[92mINFO [0m:      	                               "'6.9945e-01', '7.6154e-01', '7.0909e-01', "
[92mINFO [0m:      	                               "'7.1930e-01', '6.9643e-01', '6.9136e-01', "
[92mINFO [0m:      	                               "'7.7119e-01']",
[92mINFO [0m:      	        'per-client-eval_loss': "['8.8416e-01', '9.6927e-01', '9.7938e-01', "
[92mINFO [0m:      	                                "'8.4111e-01', '9.2269e-01', '8.9895e-01', "
[92mINFO [0m:      	                                "'1.1337e+00', '1.0364e+00', '9.4540e-01', "
[92mINFO [0m:      	                                "'9.3912e-01', '7.8130e-01', '9.8000e-01', "
[92mINFO [0m:      	                                "'8.8739e-01', '8.9569e-01', '1.1650e+00', "
[92mINFO [0m:      	                                "'7.3202e-01']",
[92mINFO [0m:      	        'per-client-num-examples': "['377', '289', '200', '271', '253', '218', "
[92mINFO [0m:      	                                   "'147', '95', '359', '183', '130', '165', "
[92mINFO [0m:      	                                   "'342', '112', '324', '236']"},
[92mINFO [0m:      	  20: { 'client-ids': "['0', '1', '2', '3', '4', '5', '6', '7', '8', '9', "
[92mINFO [0m:      	                      "'10', '11', '12', '13', '14', '15']",
[92mINFO [0m:      	        'eval_acc': '7.0711e-01',
[92mINFO [0m:      	        'eval_loss': '1.0118e+00',
[92mINFO [0m:      	        'per-client-eval_acc': "['7.0557e-01', '6.9896e-01', '7.1500e-01', "
[92mINFO [0m:      	                               "'6.9373e-01', '7.2332e-01', '7.0183e-01', "
[92mINFO [0m:      	                               "'6.7347e-01', '7.1579e-01', '6.7688e-01', "
[92mINFO [0m:      	                               "'7.1585e-01', '7.7692e-01', '6.9697e-01', "
[92mINFO [0m:      	                               "'7.0468e-01', '7.4107e-01', '7.2840e-01', "
[92mINFO [0m:      	                               "'6.9915e-01']",
[92mINFO [0m:      	        'per-client-eval_loss': "['1.0534e+00', '1.0081e+00', '1.0992e+00', "
[92mINFO [0m:      	                                "'1.0357e+00', '8.0213e-01', '1.0557e+00', "
[92mINFO [0m:      	                                "'1.2057e+00', '1.0234e+00', '1.1876e+00', "
[92mINFO [0m:      	                                "'1.0019e+00', '8.1242e-01', '1.1382e+00', "
[92mINFO [0m:      	                                "'1.0777e+00', '7.7464e-01', '8.1852e-01', "
[92mINFO [0m:      	                                "'9.5123e-01']",
[92mINFO [0m:      	        'per-client-num-examples': "['377', '289', '200', '271', '253', '218', "
[92mINFO [0m:      	                                   "'147', '95', '359', '183', '130', '165', "
[92mINFO [0m:      	                                   "'342', '112', '324', '236']"}}
[92mINFO [0m:      	
[92mINFO [0m:      	ServerApp-side Evaluate Metrics:
[92mINFO [0m:      	{ 0: { 'accuracy': '2.5000e-01',
[92mINFO [0m:      	       'auc': '5.1965e-01',
[92mINFO [0m:      	       'f1': '1.0000e-01',
[92mINFO [0m:      	       'loss': '1.3895e+00',
[92mINFO [0m:      	       'precision': '6.2500e-02'},
[92mINFO [0m:      	  1: { 'accuracy': '2.7650e-01',
[92mINFO [0m:      	       'auc': '5.9756e-01',
[92mINFO [0m:      	       'f1': '1.5331e-01',
[92mINFO [0m:      	       'loss': '1.3554e+00',
[92mINFO [0m:      	       'precision': '3.1167e-01'},
[92mINFO [0m:      	  2: { 'accuracy': '3.8800e-01',
[92mINFO [0m:      	       'auc': '6.3867e-01',
[92mINFO [0m:      	       'f1': '2.9227e-01',
[92mINFO [0m:      	       'loss': '1.5107e+00',
[92mINFO [0m:      	       'precision': '5.8663e-01'},
[92mINFO [0m:      	  3: { 'accuracy': '5.7700e-01',
[92mINFO [0m:      	       'auc': '8.1974e-01',
[92mINFO [0m:      	       'f1': '5.6225e-01',
[92mINFO [0m:      	       'loss': '1.0084e+00',
[92mINFO [0m:      	       'precision': '6.5735e-01'},
[92mINFO [0m:      	  4: { 'accuracy': '6.6450e-01',
[92mINFO [0m:      	       'auc': '8.9595e-01',
[92mINFO [0m:      	       'f1': '6.5112e-01',
[92mINFO [0m:      	       'loss': '7.7651e-01',
[92mINFO [0m:      	       'precision': '6.8460e-01'},
[92mINFO [0m:      	  5: { 'accuracy': '6.8700e-01',
[92mINFO [0m:      	       'auc': '8.8363e-01',
[92mINFO [0m:      	       'f1': '6.7938e-01',
[92mINFO [0m:      	       'loss': '8.3050e-01',
[92mINFO [0m:      	       'precision': '7.0214e-01'},
[92mINFO [0m:      	  6: { 'accuracy': '6.7100e-01',
[92mINFO [0m:      	       'auc': '8.8726e-01',
[92mINFO [0m:      	       'f1': '6.5480e-01',
[92mINFO [0m:      	       'loss': '8.1758e-01',
[92mINFO [0m:      	       'precision': '7.0091e-01'},
[92mINFO [0m:      	  7: { 'accuracy': '7.1050e-01',
[92mINFO [0m:      	       'auc': '9.1460e-01',
[92mINFO [0m:      	       'f1': '6.9231e-01',
[92mINFO [0m:      	       'loss': '7.3660e-01',
[92mINFO [0m:      	       'precision': '7.4829e-01'},
[92mINFO [0m:      	  8: { 'accuracy': '7.0000e-01',
[92mINFO [0m:      	       'auc': '9.0307e-01',
[92mINFO [0m:      	       'f1': '7.0399e-01',
[92mINFO [0m:      	       'loss': '8.1834e-01',
[92mINFO [0m:      	       'precision': '7.5426e-01'},
[92mINFO [0m:      	  9: { 'accuracy': '7.4650e-01',
[92mINFO [0m:      	       'auc': '9.2337e-01',
[92mINFO [0m:      	       'f1': '7.4184e-01',
[92mINFO [0m:      	       'loss': '7.2869e-01',
[92mINFO [0m:      	       'precision': '7.4303e-01'},
[92mINFO [0m:      	  10: { 'accuracy': '5.5550e-01',
[92mINFO [0m:      	        'auc': '7.9739e-01',
[92mINFO [0m:      	        'f1': '5.1400e-01',
[92mINFO [0m:      	        'loss': '1.9232e+00',
[92mINFO [0m:      	        'precision': '6.4796e-01'},
[92mINFO [0m:      	  11: { 'accuracy': '6.5900e-01',
[92mINFO [0m:      	        'auc': '8.7938e-01',
[92mINFO [0m:      	        'f1': '6.3270e-01',
[92mINFO [0m:      	        'loss': '1.0156e+00',
[92mINFO [0m:      	        'precision': '6.7523e-01'},
[92mINFO [0m:      	  12: { 'accuracy': '6.3750e-01',
[92mINFO [0m:      	        'auc': '8.6080e-01',
[92mINFO [0m:      	        'f1': '6.3980e-01',
[92mINFO [0m:      	        'loss': '1.4314e+00',
[92mINFO [0m:      	        'precision': '7.0824e-01'},
[92mINFO [0m:      	  13: { 'accuracy': '7.2850e-01',
[92mINFO [0m:      	        'auc': '9.1873e-01',
[92mINFO [0m:      	        'f1': '7.2536e-01',
[92mINFO [0m:      	        'loss': '7.8783e-01',
[92mINFO [0m:      	        'precision': '7.3337e-01'},
[92mINFO [0m:      	  14: { 'accuracy': '7.3950e-01',
[92mINFO [0m:      	        'auc': '9.2675e-01',
[92mINFO [0m:      	        'f1': '7.3867e-01',
[92mINFO [0m:      	        'loss': '7.8954e-01',
[92mINFO [0m:      	        'precision': '7.4422e-01'},
[92mINFO [0m:      	  15: { 'accuracy': '7.2450e-01',
[92mINFO [0m:      	        'auc': '9.1534e-01',
[92mINFO [0m:      	        'f1': '7.1981e-01',
[92mINFO [0m:      	        'loss': '9.0785e-01',
[92mINFO [0m:      	        'precision': '7.2860e-01'},
[92mINFO [0m:      	  16: { 'accuracy': '7.3300e-01',
[92mINFO [0m:      	        'auc': '9.1041e-01',
[92mINFO [0m:      	        'f1': '7.2554e-01',
[92mINFO [0m:      	        'loss': '9.2048e-01',
[92mINFO [0m:      	        'precision': '7.4152e-01'},
[92mINFO [0m:      	  17: { 'accuracy': '6.3000e-01',
[92mINFO [0m:      	        'auc': '8.7473e-01',
[92mINFO [0m:      	        'f1': '6.3685e-01',
[92mINFO [0m:      	        'loss': '1.2183e+00',
[92mINFO [0m:      	        'precision': '7.1666e-01'},
[92mINFO [0m:      	  18: { 'accuracy': '7.3700e-01',
[92mINFO [0m:      	        'auc': '9.2234e-01',
[92mINFO [0m:      	        'f1': '7.3804e-01',
[92mINFO [0m:      	        'loss': '8.1780e-01',
[92mINFO [0m:      	        'precision': '7.4457e-01'},
[92mINFO [0m:      	  19: { 'accuracy': '7.3100e-01',
[92mINFO [0m:      	        'auc': '9.1636e-01',
[92mINFO [0m:      	        'f1': '7.2968e-01',
[92mINFO [0m:      	        'loss': '8.8061e-01',
[92mINFO [0m:      	        'precision': '7.4274e-01'},
[92mINFO [0m:      	  20: { 'accuracy': '7.0550e-01',
[92mINFO [0m:      	        'auc': '9.0545e-01',
[92mINFO [0m:      	        'f1': '7.0555e-01',
[92mINFO [0m:      	        'loss': '1.0148e+00',
[92mINFO [0m:      	        'precision': '7.2558e-01'}}
[92mINFO [0m:      
Round 1 checkpoint written to /content/metricdp-pytorch/results/planned_runs/cifar/full/out-replace/clients-16/seed-42/ratio-0p00625/runs/cifar-full-out-replace__non-iid__global-dp__fedavg__clients-16__seed-42__nm0p1__clip5__rounds-20__epochs-5__cifar_chunks__cifar10_cnn.round-1.pt
Round 2 checkpoint written to /content/metricdp-pytorch/results/planned_runs/cifar/full/out-replace/clients-16/seed-42/ratio-0p00625/runs/cifar-full-out-replace__non-iid__global-dp__fedavg__clients-16__seed-42__nm0p1__clip5__rounds-20__epochs-5__cifar_chunks__cifar10_cnn.round-2.pt
Round 3 checkpoint written to /content/metricdp-pytorch/results/planned_runs/cifar/full/out-replace/clients-16/seed-42/ratio-0p00625/runs/cifar-full-out-replace__non-iid__global-dp__fedavg__clients-16__seed-42__nm0p1__clip5__rounds-20__epochs-5__cifar_chunks__cifar10_cnn.round-3.pt
Round 4 checkpoint written to /content/metricdp-pytorch/results/planned_runs/cifar/full/out-replace/clients-16/seed-42/ratio-0p00625/runs/cifar-full-out-replace__non-iid__global-dp__fedavg__clients-16__seed-42__nm0p1__clip5__rounds-20__epochs-5__cifar_chunks__cifar10_cnn.round-4.pt
Round 5 checkpoint written to /content/metricdp-pytorch/results/planned_runs/cifar/full/out-replace/clients-16/seed-42/ratio-0p00625/runs/cifar-full-out-replace__non-iid__global-dp__fedavg__clients-16__seed-42__nm0p1__clip5__rounds-20__epochs-5__cifar_chunks__cifar10_cnn.round-5.pt
Round 6 checkpoint written to /content/metricdp-pytorch/results/planned_runs/cifar/full/out-replace/clients-16/seed-42/ratio-0p00625/runs/cifar-full-out-replace__non-iid__global-dp__fedavg__clients-16__seed-42__nm0p1__clip5__rounds-20__epochs-5__cifar_chunks__cifar10_cnn.round-6.pt
Round 7 checkpoint written to /content/metricdp-pytorch/results/planned_runs/cifar/full/out-replace/clients-16/seed-42/ratio-0p00625/runs/cifar-full-out-replace__non-iid__global-dp__fedavg__clients-16__seed-42__nm0p1__clip5__rounds-20__epochs-5__cifar_chunks__cifar10_cnn.round-7.pt
Round 8 checkpoint written to /content/metricdp-pytorch/results/planned_runs/cifar/full/out-replace/clients-16/seed-42/ratio-0p00625/runs/cifar-full-out-replace__non-iid__global-dp__fedavg__clients-16__seed-42__nm0p1__clip5__rounds-20__epochs-5__cifar_chunks__cifar10_cnn.round-8.pt
Round 9 checkpoint written to /content/metricdp-pytorch/results/planned_runs/cifar/full/out-replace/clients-16/seed-42/ratio-0p00625/runs/cifar-full-out-replace__non-iid__global-dp__fedavg__clients-16__seed-42__nm0p1__clip5__rounds-20__epochs-5__cifar_chunks__cifar10_cnn.round-9.pt
Round 10 checkpoint written to /content/metricdp-pytorch/results/planned_runs/cifar/full/out-replace/clients-16/seed-42/ratio-0p00625/runs/cifar-full-out-replace__non-iid__global-dp__fedavg__clients-16__seed-42__nm0p1__clip5__rounds-20__epochs-5__cifar_chunks__cifar10_cnn.round-10.pt
Round 11 checkpoint written to /content/metricdp-pytorch/results/planned_runs/cifar/full/out-replace/clients-16/seed-42/ratio-0p00625/runs/cifar-full-out-replace__non-iid__global-dp__fedavg__clients-16__seed-42__nm0p1__clip5__rounds-20__epochs-5__cifar_chunks__cifar10_cnn.round-11.pt
Round 12 checkpoint written to /content/metricdp-pytorch/results/planned_runs/cifar/full/out-replace/clients-16/seed-42/ratio-0p00625/runs/cifar-full-out-replace__non-iid__global-dp__fedavg__clients-16__seed-42__nm0p1__clip5__rounds-20__epochs-5__cifar_chunks__cifar10_cnn.round-12.pt
Round 13 checkpoint written to /content/metricdp-pytorch/results/planned_runs/cifar/full/out-replace/clients-16/seed-42/ratio-0p00625/runs/cifar-full-out-replace__non-iid__global-dp__fedavg__clients-16__seed-42__nm0p1__clip5__rounds-20__epochs-5__cifar_chunks__cifar10_cnn.round-13.pt
Round 14 checkpoint written to /content/metricdp-pytorch/results/planned_runs/cifar/full/out-replace/clients-16/seed-42/ratio-0p00625/runs/cifar-full-out-replace__non-iid__global-dp__fedavg__clients-16__seed-42__nm0p1__clip5__rounds-20__epochs-5__cifar_chunks__cifar10_cnn.round-14.pt
Round 15 checkpoint written to /content/metricdp-pytorch/results/planned_runs/cifar/full/out-replace/clients-16/seed-42/ratio-0p00625/runs/cifar-full-out-replace__non-iid__global-dp__fedavg__clients-16__seed-42__nm0p1__clip5__rounds-20__epochs-5__cifar_chunks__cifar10_cnn.round-15.pt
Round 16 checkpoint written to /content/metricdp-pytorch/results/planned_runs/cifar/full/out-replace/clients-16/seed-42/ratio-0p00625/runs/cifar-full-out-replace__non-iid__global-dp__fedavg__clients-16__seed-42__nm0p1__clip5__rounds-20__epochs-5__cifar_chunks__cifar10_cnn.round-16.pt
Round 17 checkpoint written to /content/metricdp-pytorch/results/planned_runs/cifar/full/out-replace/clients-16/seed-42/ratio-0p00625/runs/cifar-full-out-replace__non-iid__global-dp__fedavg__clients-16__seed-42__nm0p1__clip5__rounds-20__epochs-5__cifar_chunks__cifar10_cnn.round-17.pt
Round 18 checkpoint written to /content/metricdp-pytorch/results/planned_runs/cifar/full/out-replace/clients-16/seed-42/ratio-0p00625/runs/cifar-full-out-replace__non-iid__global-dp__fedavg__clients-16__seed-42__nm0p1__clip5__rounds-20__epochs-5__cifar_chunks__cifar10_cnn.round-18.pt
Round 19 checkpoint written to /content/metricdp-pytorch/results/planned_runs/cifar/full/out-replace/clients-16/seed-42/ratio-0p00625/runs/cifar-full-out-replace__non-iid__global-dp__fedavg__clients-16__seed-42__nm0p1__clip5__rounds-20__epochs-5__cifar_chunks__cifar10_cnn.round-19.pt
Round 20 checkpoint written to /content/metricdp-pytorch/results/planned_runs/cifar/full/out-replace/clients-16/seed-42/ratio-0p00625/runs/cifar-full-out-replace__non-iid__global-dp__fedavg__clients-16__seed-42__nm0p1__clip5__rounds-20__epochs-5__cifar_chunks__cifar10_cnn.round-20.pt
Experiment result written to /content/metricdp-pytorch/results/planned_runs/cifar/full/out-replace/clients-16/seed-42/ratio-0p00625/runs/cifar-full-out-replace__non-iid__global-dp__fedavg__clients-16__seed-42__nm0p1__clip5__rounds-20__epochs-5__cifar_chunks__cifar10_cnn.json
/usr/lib/python3.12/multiprocessing/popen_fork.py:66: DeprecationWarning: This process (pid=3120) is multi-threaded, use of fork() may lead to deadlocks in the child.
  self.pid = os.fork()
[36m(ClientAppActor pid=3919)[0m /usr/lib/python3.12/multiprocessing/popen_fork.py:66: DeprecationWarning: This process (pid=3919) is multi-threaded, use of fork() may lead to deadlocks in the child.[32m [repeated 7x across cluster][0m
[36m(ClientAppActor pid=3919)[0m   self.pid = os.fork()[32m [repeated 7x across cluster][0m
Detailed evaluation written to /content/metricdp-pytorch/results/planned_runs/cifar/full/out-replace/clients-16/seed-42/ratio-0p00625/runs/cifar-full-out-replace__non-iid__global-dp__fedavg__clients-16__seed-42__nm0p1__clip5__rounds-20__epochs-5__cifar_chunks__cifar10_cnn.evaluation.json and /content/metricdp-pytorch/results/planned_runs/cifar/full/out-replace/clients-16/seed-42/ratio-0p00625/runs/cifar-full-out-replace__non-iid__global-dp__fedavg__clients-16__seed-42__nm0p1__clip5__rounds-20__epochs-5__cifar_chunks__cifar10_cnn.predictions.npz
Result: /content/metricdp-pytorch/results/planned_runs/cifar/full/out-replace/clients-16/seed-42/ratio-0p00625/runs/cifar-full-out-replace__non-iid__global-dp__fedavg__clients-16__seed-42__nm0p1__clip5__rounds-20__epochs-5__cifar_chunks__cifar10_cnn.json
Final server metrics: {'loss': 1.0147861003875733, 'accuracy': 0.7055, 'f1': 0.705550413954154, 'precision': 0.7255764153364125, 'auc': 0.9054510416666666}
2026-08-05 20:53:04 DONE  cifar-full-out-replace__non-iid__global-dp__fedavg__clients-16__seed-42__nm0p1__clip5__rounds-20__epochs-5__cifar_chunks__cifar10_cnn (340.4s)
Warning: You are sending unauthenticated requests to the HF Hub. Please set a HF_TOKEN to enable higher rate limits and faster downloads.
2026-08-05 20:53:12 EVALUATED cifar-full-out-replace__non-iid__global-dp__fedavg__clients-16__seed-42__nm0p1__clip5__rounds-20__epochs-5__cifar_chunks__cifar10_cnn round=1 (checkpoint deleted)
2026-08-05 20:53:16 EVALUATED cifar-full-out-replace__non-iid__global-dp__fedavg__clients-16__seed-42__nm0p1__clip5__rounds-20__epochs-5__cifar_chunks__cifar10_cnn round=2 (checkpoint deleted)
2026-08-05 20:53:20 EVALUATED cifar-full-out-replace__non-iid__global-dp__fedavg__clients-16__seed-42__nm0p1__clip5__rounds-20__epochs-5__cifar_chunks__cifar10_cnn round=3 (checkpoint deleted)
2026-08-05 20:53:25 EVALUATED cifar-full-out-replace__non-iid__global-dp__fedavg__clients-16__seed-42__nm0p1__clip5__rounds-20__epochs-5__cifar_chunks__cifar10_cnn round=4 (checkpoint deleted)
2026-08-05 20:53:29 EVALUATED cifar-full-out-replace__non-iid__global-dp__fedavg__clients-16__seed-42__nm0p1__clip5__rounds-20__epochs-5__cifar_chunks__cifar10_cnn round=5 (checkpoint deleted)
2026-08-05 20:53:33 EVALUATED cifar-full-out-replace__non-iid__global-dp__fedavg__clients-16__seed-42__nm0p1__clip5__rounds-20__epochs-5__cifar_chunks__cifar10_cnn round=6 (checkpoint deleted)
2026-08-05 20:53:37 EVALUATED cifar-full-out-replace__non-iid__global-dp__fedavg__clients-16__seed-42__nm0p1__clip5__rounds-20__epochs-5__cifar_chunks__cifar10_cnn round=7 (checkpoint deleted)
2026-08-05 20:53:42 EVALUATED cifar-full-out-replace__non-iid__global-dp__fedavg__clients-16__seed-42__nm0p1__clip5__rounds-20__epochs-5__cifar_chunks__cifar10_cnn round=8 (checkpoint deleted)
2026-08-05 20:53:46 EVALUATED cifar-full-out-replace__non-iid__global-dp__fedavg__clients-16__seed-42__nm0p1__clip5__rounds-20__epochs-5__cifar_chunks__cifar10_cnn round=9 (checkpoint deleted)
2026-08-05 20:53:50 EVALUATED cifar-full-out-replace__non-iid__global-dp__fedavg__clients-16__seed-42__nm0p1__clip5__rounds-20__epochs-5__cifar_chunks__cifar10_cnn round=10 (checkpoint deleted)
2026-08-05 20:53:54 EVALUATED cifar-full-out-replace__non-iid__global-dp__fedavg__clients-16__seed-42__nm0p1__clip5__rounds-20__epochs-5__cifar_chunks__cifar10_cnn round=11 (checkpoint deleted)
2026-08-05 20:53:59 EVALUATED cifar-full-out-replace__non-iid__global-dp__fedavg__clients-16__seed-42__nm0p1__clip5__rounds-20__epochs-5__cifar_chunks__cifar10_cnn round=12 (checkpoint deleted)
2026-08-05 20:54:03 EVALUATED cifar-full-out-replace__non-iid__global-dp__fedavg__clients-16__seed-42__nm0p1__clip5__rounds-20__epochs-5__cifar_chunks__cifar10_cnn round=13 (checkpoint deleted)
2026-08-05 20:54:07 EVALUATED cifar-full-out-replace__non-iid__global-dp__fedavg__clients-16__seed-42__nm0p1__clip5__rounds-20__epochs-5__cifar_chunks__cifar10_cnn round=14 (checkpoint deleted)
2026-08-05 20:54:11 EVALUATED cifar-full-out-replace__non-iid__global-dp__fedavg__clients-16__seed-42__nm0p1__clip5__rounds-20__epochs-5__cifar_chunks__cifar10_cnn round=15 (checkpoint deleted)
2026-08-05 20:54:16 EVALUATED cifar-full-out-replace__non-iid__global-dp__fedavg__clients-16__seed-42__nm0p1__clip5__rounds-20__epochs-5__cifar_chunks__cifar10_cnn round=16 (checkpoint deleted)
2026-08-05 20:54:20 EVALUATED cifar-full-out-replace__non-iid__global-dp__fedavg__clients-16__seed-42__nm0p1__clip5__rounds-20__epochs-5__cifar_chunks__cifar10_cnn round=17 (checkpoint deleted)
2026-08-05 20:54:24 EVALUATED cifar-full-out-replace__non-iid__global-dp__fedavg__clients-16__seed-42__nm0p1__clip5__rounds-20__epochs-5__cifar_chunks__cifar10_cnn round=18 (checkpoint deleted)
2026-08-05 20:54:28 EVALUATED cifar-full-out-replace__non-iid__global-dp__fedavg__clients-16__seed-42__nm0p1__clip5__rounds-20__epochs-5__cifar_chunks__cifar10_cnn round=19 (checkpoint deleted)
2026-08-05 20:54:33 EVALUATED cifar-full-out-replace__non-iid__global-dp__fedavg__clients-16__seed-42__nm0p1__clip5__rounds-20__epochs-5__cifar_chunks__cifar10_cnn round=20 (checkpoint deleted)
2026-08-05 20:54:33 PROGRESS 1/2 (0 failed so far)
2026-08-05 20:54:33 START cifar-full-out-replace__non-iid__metric-privacy__fedavg__clients-16__seed-42__nm0p1__clip5__rounds-20__epochs-5__cifar_chunks__cifar10_cnn 
{
  "partition-mode": "non-iid",
  "partition-profile": "auto",
  "client-weights": "",
  "data-module": "experiments.cia.scripts.cifar_chunks:create_cifar_out_replace",
  "model-module": "experiments.reproduce.cifar10_cnn:create_model",
  "data-cache-dir": "",
  "privacy": "metric-privacy",
  "aggregation": "fedavg",
  "seed": 42,
  "num-server-rounds": 20,
  "num-clients": 16,
  "fraction-evaluate": 1.0,
  "local-epochs": 5,
  "learning-rate": 0.001,
  "batch-size": 32,
  "initialization-batch-size": 32,
  "initialization-epochs": 20,
  "initialization-learning-rate": 0.001,
  "max-client-samples": 0,
  "max-test-samples": 0,
  "noise-multiplier": 0.1,
  "clipping-norm": 5.0,
  "output-dir": "/content/metricdp-pytorch/results/planned_runs/cifar/full/out-replace/clients-16/seed-42/ratio-0p00625/runs",
  "run-name": "cifar-full-out-replace__non-iid__metric-privacy__fedavg__clients-16__seed-42__nm0p1__clip5__rounds-20__epochs-5__cifar_chunks__cifar10_cnn",
  "checkpoint-rounds": [
    1,
    2,
    3,
    4,
    5,
    6,
    7,
    8,
    9,
    10,
    11,
    12,
    13,
    14,
    15,
    16,
    17,
    18,
    19,
    20
  ]
}
2026-08-05 20:54:36.545358: I tensorflow/core/util/port.cc:153] oneDNN custom operations are on. You may see slightly different numerical results due to floating-point round-off errors from different computation orders. To turn them off, set the environment variable `TF_ENABLE_ONEDNN_OPTS=0`.
2026-08-05 20:54:36.616606: I tensorflow/core/platform/cpu_feature_guard.cc:210] This TensorFlow binary is optimized to use available CPU instructions in performance-critical operations.
To enable the following instructions: AVX2 AVX512F AVX512_VNNI FMA, in other operations, rebuild TensorFlow with the appropriate compiler flags.
[93mWARNING [0m:   DEPRECATED FEATURE: The `run_simulation` function is deprecated and will be removed in a future version of Flower. Please use `flwr run` in the CLI instead to run your simulation. Refer to the Flower Tutorials for more details: https://flower.ai/docs/framework/tutorial-quickstart-pytorch.html

            This is a deprecated feature. It will be removed
            entirely in future versions of Flower.
        
Warning: You are sending unauthenticated requests to the HF Hub. Please set a HF_TOKEN to enable higher rate limits and faster downloads.
[92mINFO [0m:      Starting MetricPrivacyServerSideFixedClipping strategy:
[92mINFO [0m:      	├── Number of rounds: 20
[92mINFO [0m:      	├── ArrayRecord (0.87 MB)
[92mINFO [0m:      	├── ConfigRecord (train): {'lr': 0.001}
[92mINFO [0m:      	├── ConfigRecord (evaluate): (empty!)
[92mINFO [0m:      	├──> Metric-aware DP settings:
[92mINFO [0m:      	│	├── Base noise multiplier: 0.1
[92mINFO [0m:      	│	└── Clipping norm: 5.0
[92mINFO [0m:      	├──> Sampling:
[92mINFO [0m:      	│	├──Fraction: train (1.00) | evaluate ( 1.00)
[92mINFO [0m:      	│	├──Minimum nodes: train (16) | evaluate (16)
[92mINFO [0m:      	│	└──Minimum available nodes: 16
[92mINFO [0m:      	└──> Keys in records:
[92mINFO [0m:      		├── Weighted by: 'num-examples'
[92mINFO [0m:      		├── ArrayRecord key: 'arrays'
[92mINFO [0m:      		└── ConfigRecord key: 'config'
[92mINFO [0m:      
/usr/lib/python3.12/multiprocessing/popen_fork.py:66: DeprecationWarning: This process (pid=13275) is multi-threaded, use of fork() may lead to deadlocks in the child.
  self.pid = os.fork()
[92mINFO [0m:      Initial global evaluation results: {'loss': 1.389454957962036, 'accuracy': 0.25, 'f1': 0.1, 'precision': 0.0625, 'auc': 0.5196541250000001}
[92mINFO [0m:      
[92mINFO [0m:      [ROUND 1/20]
[92mINFO [0m:      configure_train: Sampled 16 nodes (out of 16)
/usr/local/lib/python3.12/dist-packages/ray/_private/worker.py:2051: FutureWarning: Tip: In future versions of Ray, Ray will no longer override accelerator visible devices env var if num_gpus=0 or num_gpus=None (default). To enable this behavior and turn off this error message, set RAY_ACCEL_ENV_VAR_OVERRIDE_ON_ZERO=0
  warnings.warn(
[36m(ClientAppActor pid=14033)[0m Warning: You are sending unauthenticated requests to the HF Hub. Please set a HF_TOKEN to enable higher rate limits and faster downloads.
[36m(ClientAppActor pid=14051)[0m /usr/lib/python3.12/multiprocessing/popen_fork.py:66: DeprecationWarning: This process (pid=14051) is multi-threaded, use of fork() may lead to deadlocks in the child.
[36m(ClientAppActor pid=14051)[0m   self.pid = os.fork()
[36m(ClientAppActor pid=14043)[0m Warning: You are sending unauthenticated requests to the HF Hub. Please set a HF_TOKEN to enable higher rate limits and faster downloads.[32m [repeated 6x across cluster] (Ray deduplicates logs by default. Set RAY_DEDUP_LOGS=0 to disable log deduplication, or see https://docs.ray.io/en/master/ray-observability/user-guides/configure-logging.html#log-deduplication for more options.)[0m
[92mINFO [0m:      aggregate_train: maximum pairwise model distance: 1.414475
[92mINFO [0m:      aggregate_train: Received 16 results and 0 failures
[92mINFO [0m:      aggregate_fit: parameters are clipped by value: 5.0000.
[92mINFO [0m:      aggregate_fit: parameters are clipped by value: 5.0000.
[92mINFO [0m:      aggregate_fit: parameters are clipped by value: 5.0000.
[92mINFO [0m:      aggregate_fit: parameters are clipped by value: 5.0000.
[92mINFO [0m:      aggregate_fit: parameters are clipped by value: 5.0000.
[92mINFO [0m:      aggregate_fit: parameters are clipped by value: 5.0000.
[92mINFO [0m:      aggregate_fit: parameters are clipped by value: 5.0000.
[92mINFO [0m:      aggregate_fit: parameters are clipped by value: 5.0000.
[92mINFO [0m:      aggregate_fit: parameters are clipped by value: 5.0000.
[92mINFO [0m:      aggregate_fit: parameters are clipped by value: 5.0000.
[92mINFO [0m:      aggregate_fit: parameters are clipped by value: 5.0000.
[92mINFO [0m:      aggregate_fit: parameters are clipped by value: 5.0000.
[92mINFO [0m:      aggregate_fit: parameters are clipped by value: 5.0000.
[92mINFO [0m:      aggregate_fit: parameters are clipped by value: 5.0000.
[92mINFO [0m:      aggregate_fit: parameters are clipped by value: 5.0000.
[92mINFO [0m:      aggregate_fit: parameters are clipped by value: 5.0000.
[92mINFO [0m:      aggregate_train: Received 16 results and 0 failures
[92mINFO [0m:      aggregate_train: metric-aware noise with 0.022093 stdev added
[92mINFO [0m:      	└──> Aggregated MetricRecord: {'train_loss': 0.9992790740858521, 'train_loss_mean': 1.1656751375870884, 'client-ids': [0, 1, 2, 3, 4, 5, 6, 7, 8, 9, 10, 11, 12, 13, 14, 15], 'per-client-num-examples': [1505, 1152, 800, 1082, 1012, 870, 588, 376, 1435, 729, 517, 659, 1364, 447, 1294, 940], 'per-client-train_loss': [0.9339627950343975, 0.9795473482873704, 0.9970664286613464, 1.0174904321346177, 0.9126235232522837, 1.1120837249975095, 1.0874238808949788, 1.2950170724949939, 0.8886819090162005, 0.9988431713872159, 1.1462186867771111, 1.1738226880433889, 0.877851795416074, 1.1641977742747707, 1.011412335879283, 0.9714774829276065], 'per-client-train_loss_mean': [1.1344251641967764, 1.1451246675517823, 1.1769133911132812, 1.1724957860111087, 1.114281899090341, 1.221119297948377, 1.2574960136089195, 1.3489280426755865, 1.0751037414896363, 1.186143207599106, 1.28097931001357, 1.274918073515248, 1.0797254153710305, 1.284103645414314, 1.1638651330651604, 1.1500368182709877], 'dp-client-ids': [0, 1, 2, 3, 4, 5, 6, 7, 8, 9, 10, 11, 12, 13, 14, 15], 'dp-update-norms-before-clipping': [6.798898819408329, 6.106874158520475, 5.235843580299495, 5.836463442846, 5.680551772970473, 5.455899772832422, 4.8933806523070755, 3.871008651071421, 6.32931347328681, 4.9026425479952405, 4.417519495469872, 4.697779699984292, 6.655300431078066, 4.331204216876205, 5.829423155848172, 5.756824426939441], 'dp-client-clipped': [1, 1, 1, 1, 1, 1, 0, 0, 1, 0, 0, 0, 1, 0, 1, 1], 'dp-num-clients-clipped': 10, 'dp-fraction-clipped': 0.625, 'metric-dp-pairwise-distances': [1.3984002408881981, 1.3107103606065114, 1.388281085062772, 1.3751415135338902, 1.3002555288063984, 1.2802033989379804, 1.221113561031719, 1.3918299519767363, 1.2735308278352022, 1.2722842015791684, 1.2454385745028655, 1.4144751803639035, 1.2051404231460765, 1.3220263350134094, 1.4064098630721371, 1.2688234100739162, 1.3285136649695535, 1.2261279652205606, 1.2258444661274552, 1.092432336998172, 1.1386204610268276, 1.3333277269266546, 1.206819413850705, 1.1823304272256792, 1.1844891352811828, 1.4136985310663779, 1.1095589744703223, 1.2577148775259654, 1.2452943089107673, 1.16089185513556, 1.2038094568997622, 1.1365800509229302, 1.127076394855976, 1.0155360403781135, 1.247455130641659, 1.0872330390072118, 1.051828746528675, 1.0540869608521461, 1.2880607356783003, 0.9915967325990399, 1.2005486463507016, 1.215645016481479, 1.2207558040196698, 1.1853421698324382, 1.16371280575792, 1.129557028412819, 1.289909824418525, 1.1713270160059135, 1.1532175202543538, 1.1425709820662935, 1.3446414911498625, 1.1252256223621468, 1.2197112611805399, 1.2544652558863163, 1.1489295790282388, 1.0964862202915053, 1.1213140869513154, 1.2283561940615375, 1.1703482068454225, 1.1471873936243355, 1.114664746914059, 1.34616552790006, 1.0612176928358774, 1.2389511605724692, 1.2339350062732894, 1.0504193195762734, 1.0523276346114774, 1.2507014768974234, 1.1079918978114922, 1.0741230396864314, 1.0345034070002537, 1.3515776299561064, 1.024257060450812, 1.1807830932860572, 1.1741862598185737, 1.0050869003559153, 1.212590745339791, 1.0653584065536659, 1.0648064964140456, 0.9936496866866946, 1.3267959138999383, 0.9840645332199832, 1.094302043163528, 1.1505375960841775, 1.210875847376883, 0.9468431258574128, 0.8406412998835245, 0.9725276984584829, 1.195661393770327, 0.8772472467583915, 1.1387851680628955, 1.0782821454728644, 1.2292494061402977, 1.2084488021209836, 1.1915417324441175, 1.3954005267781515, 1.1720796134322882, 1.2869037791776161, 1.3406542803471286, 0.9953615536602834, 1.073577576937775, 1.2921525985002518, 0.9503884462950131, 1.1720903346625466, 1.172233425391217, 1.0168830840848386, 1.2615090377318363, 0.9167261874924103, 1.1911857609326642, 1.1183359591911237, 1.2467588377185166, 0.9758779250551015, 1.0848133809243639, 1.176024963458379, 1.1960301132251818, 1.3370255820142727, 1.4006587729478877, 1.1034974288195372, 1.1059526776274045, 1.3040818326796095], 'metric-dp-pairwise-client-i': [0, 0, 0, 0, 0, 0, 0, 0, 0, 0, 0, 0, 0, 0, 0, 1, 1, 1, 1, 1, 1, 1, 1, 1, 1, 1, 1, 1, 1, 2, 2, 2, 2, 2, 2, 2, 2, 2, 2, 2, 2, 2, 3, 3, 3, 3, 3, 3, 3, 3, 3, 3, 3, 3, 4, 4, 4, 4, 4, 4, 4, 4, 4, 4, 4, 5, 5, 5, 5, 5, 5, 5, 5, 5, 5, 6, 6, 6, 6, 6, 6, 6, 6, 6, 7, 7, 7, 7, 7, 7, 7, 7, 8, 8, 8, 8, 8, 8, 8, 9, 9, 9, 9, 9, 9, 10, 10, 10, 10, 10, 11, 11, 11, 11, 12, 12, 12, 13, 13, 14], 'metric-dp-pairwise-client-j': [1, 2, 3, 4, 5, 6, 7, 8, 9, 10, 11, 12, 13, 14, 15, 2, 3, 4, 5, 6, 7, 8, 9, 10, 11, 12, 13, 14, 15, 3, 4, 5, 6, 7, 8, 9, 10, 11, 12, 13, 14, 15, 4, 5, 6, 7, 8, 9, 10, 11, 12, 13, 14, 15, 5, 6, 7, 8, 9, 10, 11, 12, 13, 14, 15, 6, 7, 8, 9, 10, 11, 12, 13, 14, 15, 7, 8, 9, 10, 11, 12, 13, 14, 15, 8, 9, 10, 11, 12, 13, 14, 15, 9, 10, 11, 12, 13, 14, 15, 10, 11, 12, 13, 14, 15, 11, 12, 13, 14, 15, 12, 13, 14, 15, 13, 14, 15, 14, 15, 15], 'metric-dp-distance-min': 0.8406412998835245, 'metric-dp-distance-median': 1.183409781253431, 'metric-dp-distance-mean': 1.1790129069604316, 'metric-dp-distance': 1.4144751803639035, 'dp-signal-update-norm': 2.263871578847496, 'dp-parameter-count': 226596, 'dp-expected-noise-l2-norm': 10.516732074641927, 'dp-noise-to-signal-ratio': 4.645463184795951, 'dp-noise-percent-of-signal': 464.54631847959513, 'metric-dp-noise-stdv': 0.022092999887039572}
[92mINFO [0m:      configure_evaluate: Sampled 16 nodes (out of 16)
[36m(ClientAppActor pid=14046)[0m /usr/lib/python3.12/multiprocessing/popen_fork.py:66: DeprecationWarning: This process (pid=14046) is multi-threaded, use of fork() may lead to deadlocks in the child.[32m [repeated 8x across cluster][0m
[36m(ClientAppActor pid=14046)[0m   self.pid = os.fork()[32m [repeated 8x across cluster][0m
[92mINFO [0m:      aggregate_evaluate: Received 16 results and 0 failures
[92mINFO [0m:      	└──> Aggregated MetricRecord: {'eval_loss': 1.3354123144721828, 'eval_acc': 0.31532018373412596, 'client-ids': [0, 1, 2, 3, 4, 5, 6, 7, 8, 9, 10, 11, 12, 13, 14, 15], 'per-client-eval_acc': [0.3421750663129973, 0.2698961937716263, 0.315, 0.28413284132841327, 0.35177865612648224, 0.3302752293577982, 0.30612244897959184, 0.30526315789473685, 0.3147632311977716, 0.2896174863387978, 0.3153846153846154, 0.3575757575757576, 0.30409356725146197, 0.32142857142857145, 0.31790123456790126, 0.3220338983050847], 'per-client-eval_loss': [1.3325221216014589, 1.3480388305591464, 1.3300571250915527, 1.3405780369945117, 1.3248383141317857, 1.3361527504177269, 1.345960487313822, 1.3314774362664474, 1.337060094211759, 1.3298908191951897, 1.3449730909787692, 1.3268075018218068, 1.330551521122804, 1.335656898362296, 1.3382919202616186, 1.3343380992695437], 'per-client-num-examples': [377, 289, 200, 271, 253, 218, 147, 95, 359, 183, 130, 165, 342, 112, 324, 236]}
[92mINFO [0m:      Global evaluation
[92mINFO [0m:      	└──> MetricRecord: {'loss': 1.3344448699951172, 'accuracy': 0.303, 'f1': 0.203426558559849, 'precision': 0.3746400484885982, 'auc': 0.6438102916666667}
[92mINFO [0m:      
[92mINFO [0m:      [ROUND 2/20]
[92mINFO [0m:      configure_train: Sampled 16 nodes (out of 16)
[92mINFO [0m:      aggregate_train: maximum pairwise model distance: 1.104328
[92mINFO [0m:      aggregate_train: Received 16 results and 0 failures
[92mINFO [0m:      aggregate_fit: parameters are clipped by value: 5.0000.
[92mINFO [0m:      aggregate_fit: parameters are clipped by value: 5.0000.
[92mINFO [0m:      aggregate_fit: parameters are clipped by value: 5.0000.
[92mINFO [0m:      aggregate_fit: parameters are clipped by value: 5.0000.
[92mINFO [0m:      aggregate_fit: parameters are clipped by value: 5.0000.
[92mINFO [0m:      aggregate_fit: parameters are clipped by value: 5.0000.
[92mINFO [0m:      aggregate_fit: parameters are clipped by value: 5.0000.
[92mINFO [0m:      aggregate_fit: parameters are clipped by value: 5.0000.
[92mINFO [0m:      aggregate_fit: parameters are clipped by value: 5.0000.
[92mINFO [0m:      aggregate_fit: parameters are clipped by value: 5.0000.
[92mINFO [0m:      aggregate_fit: parameters are clipped by value: 5.0000.
[92mINFO [0m:      aggregate_fit: parameters are clipped by value: 5.0000.
[92mINFO [0m:      aggregate_fit: parameters are clipped by value: 5.0000.
[92mINFO [0m:      aggregate_fit: parameters are clipped by value: 5.0000.
[92mINFO [0m:      aggregate_fit: parameters are clipped by value: 5.0000.
[92mINFO [0m:      aggregate_fit: parameters are clipped by value: 5.0000.
[92mINFO [0m:      aggregate_train: Received 16 results and 0 failures
[92mINFO [0m:      aggregate_train: metric-aware noise with 0.028298 stdev added
[92mINFO [0m:      	└──> Aggregated MetricRecord: {'train_loss': 0.8515447275414207, 'train_loss_mean': 0.9566501797111194, 'client-ids': [0, 1, 2, 3, 4, 5, 6, 7, 8, 9, 10, 11, 12, 13, 14, 15], 'per-client-num-examples': [1505, 1152, 800, 1082, 1012, 870, 588, 376, 1435, 729, 517, 659, 1364, 447, 1294, 940], 'per-client-train_loss': [0.7851681796419264, 0.8415849738650851, 0.9216466426849366, 0.8772956955895627, 0.7995555867319522, 0.9593259705894295, 0.8599674571939067, 0.8526710474744756, 0.7969093996057942, 0.9199422323164136, 0.9252422672175807, 0.90533408065848, 0.8005656475894961, 0.8385712155026344, 0.8340308943524427, 0.8875895753819891], 'per-client-train_loss_mean': [0.9183577255414569, 0.9591216451591915, 0.9647383389472962, 0.9887124321817691, 0.9233608479556359, 0.967307104872561, 0.9502502219206622, 1.0143792991942548, 0.9143249446174408, 1.0040601704836873, 1.0568555812540552, 1.03746525255429, 0.9038771619195461, 0.9990020134304993, 0.9426824235105441, 0.9697696929789604], 'dp-client-ids': [0, 1, 2, 3, 4, 5, 6, 7, 8, 9, 10, 11, 12, 13, 14, 15], 'dp-update-norms-before-clipping': [6.756277278132001, 5.772230038533455, 4.730649359304956, 5.396015839754477, 5.232478616312085, 5.039957402492766, 4.3994995124228105, 3.7379660340691645, 6.708323843304562, 4.4990376452009615, 4.358003663085036, 4.229633461669006, 6.081337454354052, 4.020312187509768, 6.196550879174982, 4.972117484813055], 'dp-client-clipped': [1, 1, 0, 1, 1, 1, 0, 0, 1, 0, 0, 0, 1, 0, 1, 0], 'dp-num-clients-clipped': 8, 'dp-fraction-clipped': 0.5, 'metric-dp-pairwise-distances': [0.9988997204151625, 0.9484278004771719, 1.0235774901229888, 0.9956619466344515, 0.9869786797401806, 0.9424141057534143, 0.9607293030712754, 1.1043278481811285, 0.9413124844431877, 1.003688544423009, 0.9782377050529855, 1.0258098747581244, 0.9539396225009114, 1.0351314928848296, 0.9489401573082432, 0.8442442218462626, 0.897999012687554, 0.8988346617358426, 0.856726604513824, 0.8145754518530642, 0.7993978910769025, 0.9953316918108612, 0.8054510190462073, 0.8391719507053494, 0.8258770574660351, 0.9287133905260513, 0.7975398250467455, 0.9425591844289253, 0.8317051495347793, 0.8274074397049844, 0.7790306520958742, 0.7459207436380287, 0.7276390107581392, 0.6724084724361697, 0.9823599522933364, 0.7042260346934199, 0.7329458661843091, 0.6977781912622353, 0.8522566071866701, 0.6807648405277481, 0.8760618257025877, 0.7519481547642499, 0.8471757012108961, 0.8357855301195135, 0.8223578579879055, 0.7610219566461941, 0.9806097301964959, 0.7790545928680027, 0.823794630744184, 0.8114920111838728, 0.9193316213786602, 0.7735252636484802, 0.9410689789025733, 0.8258002441531668, 0.7926316075026989, 0.8059386509315422, 0.7405768929359814, 1.0164217109947156, 0.7414428712024043, 0.7842017921308676, 0.7848003814773014, 0.8959590975816051, 0.7648013004412254, 0.9373248847356687, 0.8455280878891548, 0.7775133886995415, 0.7078253565511355, 0.9888751066755503, 0.7142379689806452, 0.7577371182075391, 0.7479971839735905, 0.9107138916539649, 0.7167026355552176, 0.8965794860074917, 0.7731392000957081, 0.621767490170896, 0.9752760518264646, 0.68869949473689, 0.702681822508263, 0.6775114635626475, 0.88304055800351, 0.6596373993282517, 0.8924812290351838, 0.7467545792460442, 0.9447936929839974, 0.6165329824822644, 0.6467438565256695, 0.6457375700119883, 0.8719346943156173, 0.5786587736026073, 0.8780956725046659, 0.702937632255877, 0.9551200587302446, 0.9446428074346235, 0.987499246140942, 1.0484402598813176, 0.9520585687714629, 1.065507047964881, 0.9349095209424073, 0.7242973237298429, 0.6940014575763295, 0.8548687849349031, 0.6383771549444646, 0.8625876780909797, 0.7263022236681232, 0.6811559953105947, 0.9011810806890329, 0.6595857702195644, 0.89608631709901, 0.7689253871018688, 0.8702638736770799, 0.6553317573464786, 0.9016405688598752, 0.74223656541047, 0.8401348580761502, 0.9868876110607138, 0.8611315772868693, 0.8856709156340609, 0.6974037915157775, 0.9141229717448974], 'metric-dp-pairwise-client-i': [0, 0, 0, 0, 0, 0, 0, 0, 0, 0, 0, 0, 0, 0, 0, 1, 1, 1, 1, 1, 1, 1, 1, 1, 1, 1, 1, 1, 1, 2, 2, 2, 2, 2, 2, 2, 2, 2, 2, 2, 2, 2, 3, 3, 3, 3, 3, 3, 3, 3, 3, 3, 3, 3, 4, 4, 4, 4, 4, 4, 4, 4, 4, 4, 4, 5, 5, 5, 5, 5, 5, 5, 5, 5, 5, 6, 6, 6, 6, 6, 6, 6, 6, 6, 7, 7, 7, 7, 7, 7, 7, 7, 8, 8, 8, 8, 8, 8, 8, 9, 9, 9, 9, 9, 9, 10, 10, 10, 10, 10, 11, 11, 11, 11, 12, 12, 12, 13, 13, 14], 'metric-dp-pairwise-client-j': [1, 2, 3, 4, 5, 6, 7, 8, 9, 10, 11, 12, 13, 14, 15, 2, 3, 4, 5, 6, 7, 8, 9, 10, 11, 12, 13, 14, 15, 3, 4, 5, 6, 7, 8, 9, 10, 11, 12, 13, 14, 15, 4, 5, 6, 7, 8, 9, 10, 11, 12, 13, 14, 15, 5, 6, 7, 8, 9, 10, 11, 12, 13, 14, 15, 6, 7, 8, 9, 10, 11, 12, 13, 14, 15, 7, 8, 9, 10, 11, 12, 13, 14, 15, 8, 9, 10, 11, 12, 13, 14, 15, 9, 10, 11, 12, 13, 14, 15, 10, 11, 12, 13, 14, 15, 11, 12, 13, 14, 15, 12, 13, 14, 15, 13, 14, 15, 14, 15, 15], 'metric-dp-distance-min': 0.5786587736026073, 'metric-dp-distance-median': 0.8396534043907498, 'metric-dp-distance-mean': 0.838021454579171, 'metric-dp-distance': 1.1043278481811285, 'dp-signal-update-norm': 3.4053026366397927, 'dp-parameter-count': 226596, 'dp-expected-noise-l2-norm': 13.470326337073528, 'dp-noise-to-signal-ratio': 3.9556913949843446, 'dp-noise-percent-of-signal': 395.5691394984344, 'metric-dp-noise-stdv': 0.028297756007393985}
[92mINFO [0m:      configure_evaluate: Sampled 16 nodes (out of 16)
[36m(ClientAppActor pid=14033)[0m /usr/lib/python3.12/multiprocessing/popen_fork.py:66: DeprecationWarning: This process (pid=14033) is multi-threaded, use of fork() may lead to deadlocks in the child.[32m [repeated 16x across cluster][0m
[36m(ClientAppActor pid=14033)[0m   self.pid = os.fork()[32m [repeated 16x across cluster][0m
[92mINFO [0m:      aggregate_evaluate: Received 16 results and 0 failures
[92mINFO [0m:      	└──> Aggregated MetricRecord: {'eval_loss': 1.4012461184038079, 'eval_acc': 0.4215077006214536, 'client-ids': [0, 1, 2, 3, 4, 5, 6, 7, 8, 9, 10, 11, 12, 13, 14, 15], 'per-client-eval_acc': [0.41909814323607425, 0.3771626297577855, 0.4, 0.43911439114391143, 0.47035573122529645, 0.3944954128440367, 0.3945578231292517, 0.47368421052631576, 0.43454038997214484, 0.4426229508196721, 0.4230769230769231, 0.40606060606060607, 0.4327485380116959, 0.4107142857142857, 0.39814814814814814, 0.4406779661016949], 'per-client-eval_loss': [1.4058862984654759, 1.486767523016484, 1.4046336507797241, 1.4107730203888953, 1.3279353507422647, 1.4313751185705903, 1.494820666150982, 1.3626645539936266, 1.3777715103871975, 1.3625086174636591, 1.4185269099015456, 1.3766007510098544, 1.325999165139003, 1.410954577582223, 1.4666799807254178, 1.3713640439308297], 'per-client-num-examples': [377, 289, 200, 271, 253, 218, 147, 95, 359, 183, 130, 165, 342, 112, 324, 236]}
[92mINFO [0m:      Global evaluation
[92mINFO [0m:      	└──> MetricRecord: {'loss': 1.4053308486938476, 'accuracy': 0.4285, 'f1': 0.3367589645673496, 'precision': 0.5588605390875497, 'auc': 0.6704602500000001}
[92mINFO [0m:      
[92mINFO [0m:      [ROUND 3/20]
[92mINFO [0m:      configure_train: Sampled 16 nodes (out of 16)
[92mINFO [0m:      aggregate_train: maximum pairwise model distance: 1.201763
[92mINFO [0m:      aggregate_train: Received 16 results and 0 failures
[92mINFO [0m:      aggregate_fit: parameters are clipped by value: 5.0000.
[92mINFO [0m:      aggregate_fit: parameters are clipped by value: 5.0000.
[92mINFO [0m:      aggregate_fit: parameters are clipped by value: 5.0000.
[92mINFO [0m:      aggregate_fit: parameters are clipped by value: 5.0000.
[92mINFO [0m:      aggregate_fit: parameters are clipped by value: 5.0000.
[92mINFO [0m:      aggregate_fit: parameters are clipped by value: 5.0000.
[92mINFO [0m:      aggregate_fit: parameters are clipped by value: 5.0000.
[92mINFO [0m:      aggregate_fit: parameters are clipped by value: 5.0000.
[92mINFO [0m:      aggregate_fit: parameters are clipped by value: 5.0000.
[92mINFO [0m:      aggregate_fit: parameters are clipped by value: 5.0000.
[92mINFO [0m:      aggregate_fit: parameters are clipped by value: 5.0000.
[92mINFO [0m:      aggregate_fit: parameters are clipped by value: 5.0000.
[92mINFO [0m:      aggregate_fit: parameters are clipped by value: 5.0000.
[92mINFO [0m:      aggregate_fit: parameters are clipped by value: 5.0000.
[92mINFO [0m:      aggregate_fit: parameters are clipped by value: 5.0000.
[92mINFO [0m:      aggregate_fit: parameters are clipped by value: 5.0000.
[92mINFO [0m:      aggregate_train: Received 16 results and 0 failures
[92mINFO [0m:      aggregate_train: metric-aware noise with 0.026003 stdev added
[92mINFO [0m:      	└──> Aggregated MetricRecord: {'train_loss': 0.7151093071105921, 'train_loss_mean': 0.8316656272933541, 'client-ids': [0, 1, 2, 3, 4, 5, 6, 7, 8, 9, 10, 11, 12, 13, 14, 15], 'per-client-num-examples': [1505, 1152, 800, 1082, 1012, 870, 588, 376, 1435, 729, 517, 659, 1364, 447, 1294, 940], 'per-client-train_loss': [0.6887298393883182, 0.6959645284546746, 0.6997103261947631, 0.735096620874352, 0.6591281565752897, 0.7836108002169379, 0.6824334280020525, 0.679562122263807, 0.6668568987048877, 0.7070804874429324, 0.7802220181754757, 0.8211483892070325, 0.7192158262051446, 0.6930515307441387, 0.7581523244126687, 0.71744721925005], 'per-client-train_loss_mean': [0.841030300214045, 0.811169206764963, 0.8511075131893158, 0.8531418702739003, 0.7983999376240455, 0.8476886243792785, 0.8033163066623974, 0.8665238050704307, 0.781513299892173, 0.8428536144630735, 0.8879698992697829, 0.8962055110243998, 0.796210478967236, 0.8734458452903183, 0.8513338051402404, 0.8214749189640613], 'dp-client-ids': [0, 1, 2, 3, 4, 5, 6, 7, 8, 9, 10, 11, 12, 13, 14, 15], 'dp-update-norms-before-clipping': [6.925693475792974, 6.093089137760804, 4.985977509877071, 5.943035162293866, 5.514449628386073, 5.189117745528485, 4.3287608087378135, 3.6430352269516137, 6.697209516347996, 4.6944249953603086, 4.187162804844991, 4.498960523557742, 6.210687154342896, 3.811114459359421, 6.378247558985967, 5.559339010796547], 'dp-client-clipped': [1, 1, 0, 1, 1, 1, 0, 0, 1, 0, 0, 0, 1, 0, 1, 1], 'dp-num-clients-clipped': 9, 'dp-fraction-clipped': 0.5625, 'metric-dp-pairwise-distances': [1.124006011057645, 1.067050658321629, 1.1369482143005978, 1.132390548940748, 1.0945913378770153, 1.0340470874216408, 1.0483329786608617, 1.2017630231566727, 1.0786974523216486, 1.0628177531373997, 1.0811628410592675, 1.1655398652267952, 1.0537096039236833, 1.132854183902964, 1.1097110552558054, 0.9732751046152165, 1.0353222496341914, 1.0033493928300838, 0.9828850705331812, 0.9128150206524879, 0.9158557384895781, 1.1086063594557345, 0.9596000926879545, 0.9358577190432698, 0.9433773858084654, 1.0847338878860076, 0.9189783904002979, 1.0499935940218468, 1.000448022581016, 0.98373045384263, 0.9331472370152673, 0.909659963256369, 0.8159500759405395, 0.7784259910695255, 1.0623771635194619, 0.8625848293304443, 0.8064073869027197, 0.8250329300450782, 1.0098755429498851, 0.7942913149793943, 1.00930208992213, 0.9421317855206629, 0.996690203047668, 0.9765557503560558, 0.9027564285788685, 0.9294097702950239, 1.086159774567932, 0.963225616782438, 0.9204888999229297, 0.9459148824680597, 1.0683254554557304, 0.9222751127478356, 1.0511376079327117, 1.0053985624884565, 0.9370826483160878, 0.8788791734259576, 0.8603624254853154, 1.103016421974947, 0.9169056122967353, 0.86275216168724, 0.8813744039119532, 1.0454981930088252, 0.8546875489410013, 1.0343875793429713, 0.9678059247477601, 0.8412980135375013, 0.8104423764549816, 1.0553291788479935, 0.8853253618969271, 0.8497792401273424, 0.8752267307136208, 1.0218538629511993, 0.8110897217411548, 1.0238929988117889, 0.9417849215193806, 0.7000952354089046, 1.0227531814792503, 0.8020924817149838, 0.7414898877808204, 0.7863474877085537, 0.9763915438670665, 0.7321876156299064, 0.9629062251187861, 0.878003407192106, 1.0239367223111913, 0.7599170512985438, 0.704971621821945, 0.7543644197285175, 0.9732823706387231, 0.6643477931696301, 0.9605685405355567, 0.8621143456160402, 1.0343864777435858, 1.0308530322896938, 1.056661758882304, 1.1374869502615184, 1.0213685667452712, 1.1332830778167893, 1.0751818899298087, 0.8061607166891918, 0.8489009503585597, 1.007705355179496, 0.7693089666621139, 1.0045342242034774, 0.9248627297735462, 0.7669072082110991, 0.9749444212842112, 0.6932012062849632, 0.9634540429882085, 0.8741383495119711, 1.002031485705326, 0.7615186349333575, 1.005326194067796, 0.9015482639273008, 0.9613531768166771, 1.095152218050013, 1.0394082205214847, 0.9653268457623199, 0.8584716476810476, 1.046027169873317], 'metric-dp-pairwise-client-i': [0, 0, 0, 0, 0, 0, 0, 0, 0, 0, 0, 0, 0, 0, 0, 1, 1, 1, 1, 1, 1, 1, 1, 1, 1, 1, 1, 1, 1, 2, 2, 2, 2, 2, 2, 2, 2, 2, 2, 2, 2, 2, 3, 3, 3, 3, 3, 3, 3, 3, 3, 3, 3, 3, 4, 4, 4, 4, 4, 4, 4, 4, 4, 4, 4, 5, 5, 5, 5, 5, 5, 5, 5, 5, 5, 6, 6, 6, 6, 6, 6, 6, 6, 6, 7, 7, 7, 7, 7, 7, 7, 7, 8, 8, 8, 8, 8, 8, 8, 9, 9, 9, 9, 9, 9, 10, 10, 10, 10, 10, 11, 11, 11, 11, 12, 12, 12, 13, 13, 14], 'metric-dp-pairwise-client-j': [1, 2, 3, 4, 5, 6, 7, 8, 9, 10, 11, 12, 13, 14, 15, 2, 3, 4, 5, 6, 7, 8, 9, 10, 11, 12, 13, 14, 15, 3, 4, 5, 6, 7, 8, 9, 10, 11, 12, 13, 14, 15, 4, 5, 6, 7, 8, 9, 10, 11, 12, 13, 14, 15, 5, 6, 7, 8, 9, 10, 11, 12, 13, 14, 15, 6, 7, 8, 9, 10, 11, 12, 13, 14, 15, 7, 8, 9, 10, 11, 12, 13, 14, 15, 8, 9, 10, 11, 12, 13, 14, 15, 9, 10, 11, 12, 13, 14, 15, 10, 11, 12, 13, 14, 15, 11, 12, 13, 14, 15, 12, 13, 14, 15, 13, 14, 15, 14, 15, 15], 'metric-dp-distance-min': 0.6643477931696301, 'metric-dp-distance-median': 0.9643904443752642, 'metric-dp-distance-mean': 0.9531168640421431, 'metric-dp-distance': 1.2017630231566727, 'dp-signal-update-norm': 2.9035736246364157, 'dp-parameter-count': 226596, 'dp-expected-noise-l2-norm': 12.378194545413855, 'dp-noise-to-signal-ratio': 4.263089608056296, 'dp-noise-percent-of-signal': 426.30896080562957, 'metric-dp-noise-stdv': 0.026003462744190263}
[92mINFO [0m:      configure_evaluate: Sampled 16 nodes (out of 16)
[36m(ClientAppActor pid=14050)[0m /usr/lib/python3.12/multiprocessing/popen_fork.py:66: DeprecationWarning: This process (pid=14050) is multi-threaded, use of fork() may lead to deadlocks in the child.[32m [repeated 16x across cluster][0m
[36m(ClientAppActor pid=14050)[0m   self.pid = os.fork()[32m [repeated 16x across cluster][0m
[92mINFO [0m:      aggregate_evaluate: Received 16 results and 0 failures
[92mINFO [0m:      	└──> Aggregated MetricRecord: {'eval_loss': 0.9283791117750609, 'eval_acc': 0.6209132666846798, 'client-ids': [0, 1, 2, 3, 4, 5, 6, 7, 8, 9, 10, 11, 12, 13, 14, 15], 'per-client-eval_acc': [0.6312997347480106, 0.6055363321799307, 0.635, 0.6199261992619927, 0.6403162055335968, 0.6238532110091743, 0.5918367346938775, 0.6, 0.6295264623955432, 0.644808743169399, 0.6384615384615384, 0.5878787878787879, 0.6169590643274854, 0.5982142857142857, 0.5987654320987654, 0.6440677966101694], 'per-client-eval_loss': [0.9463759606965974, 0.9652723562758687, 0.9185277223587036, 0.9321871683606362, 0.8671108517250996, 0.9270150595848713, 1.0070738370726708, 0.9483177586605674, 0.9052788872572705, 0.9046668276760748, 0.8666478175383348, 0.9586728009310636, 0.9086962471231382, 0.908398517540523, 0.9829688528437673, 0.8977371636083571], 'per-client-num-examples': [377, 289, 200, 271, 253, 218, 147, 95, 359, 183, 130, 165, 342, 112, 324, 236]}
[92mINFO [0m:      Global evaluation
[92mINFO [0m:      	└──> MetricRecord: {'loss': 0.9126260271072387, 'accuracy': 0.6365, 'f1': 0.6256788506456995, 'precision': 0.6708958209684021, 'auc': 0.8568465416666667}
[92mINFO [0m:      
[92mINFO [0m:      [ROUND 4/20]
[92mINFO [0m:      configure_train: Sampled 16 nodes (out of 16)
[92mINFO [0m:      aggregate_train: maximum pairwise model distance: 1.255638
[92mINFO [0m:      aggregate_train: Received 16 results and 0 failures
[92mINFO [0m:      aggregate_fit: parameters are clipped by value: 5.0000.
[92mINFO [0m:      aggregate_fit: parameters are clipped by value: 5.0000.
[92mINFO [0m:      aggregate_fit: parameters are clipped by value: 5.0000.
[92mINFO [0m:      aggregate_fit: parameters are clipped by value: 5.0000.
[92mINFO [0m:      aggregate_fit: parameters are clipped by value: 5.0000.
[92mINFO [0m:      aggregate_fit: parameters are clipped by value: 5.0000.
[92mINFO [0m:      aggregate_fit: parameters are clipped by value: 5.0000.
[92mINFO [0m:      aggregate_fit: parameters are clipped by value: 5.0000.
[92mINFO [0m:      aggregate_fit: parameters are clipped by value: 5.0000.
[92mINFO [0m:      aggregate_fit: parameters are clipped by value: 5.0000.
[92mINFO [0m:      aggregate_fit: parameters are clipped by value: 5.0000.
[92mINFO [0m:      aggregate_fit: parameters are clipped by value: 5.0000.
[92mINFO [0m:      aggregate_fit: parameters are clipped by value: 5.0000.
[92mINFO [0m:      aggregate_fit: parameters are clipped by value: 5.0000.
[92mINFO [0m:      aggregate_fit: parameters are clipped by value: 5.0000.
[92mINFO [0m:      aggregate_fit: parameters are clipped by value: 5.0000.
[92mINFO [0m:      aggregate_train: Received 16 results and 0 failures
[92mINFO [0m:      aggregate_train: metric-aware noise with 0.024888 stdev added
[92mINFO [0m:      	└──> Aggregated MetricRecord: {'train_loss': 0.6059162353220305, 'train_loss_mean': 0.7128683391684059, 'client-ids': [0, 1, 2, 3, 4, 5, 6, 7, 8, 9, 10, 11, 12, 13, 14, 15], 'per-client-num-examples': [1505, 1152, 800, 1082, 1012, 870, 588, 376, 1435, 729, 517, 659, 1364, 447, 1294, 940], 'per-client-train_loss': [0.6406100635809756, 0.5844762772321701, 0.5736517614126205, 0.6630606850722801, 0.5751020729306187, 0.5927516472750697, 0.5323122778311878, 0.5679948456743931, 0.5577422270583774, 0.5816893694495632, 0.662447510651048, 0.6148180131304427, 0.5828355784989522, 0.6109863130304904, 0.6375605019019597, 0.6874127826792129], 'per-client-train_loss_mean': [0.7288119006241081, 0.707248662577735, 0.6986089376211166, 0.7559746440369188, 0.6795650558980557, 0.7028455912518775, 0.6459212443455546, 0.7143854339072045, 0.676814142357597, 0.7288410853293044, 0.7765206174416976, 0.7357143469211364, 0.6872901940450641, 0.7016525179747768, 0.7340740187643484, 0.7480324779165552], 'dp-client-ids': [0, 1, 2, 3, 4, 5, 6, 7, 8, 9, 10, 11, 12, 13, 14, 15], 'dp-update-norms-before-clipping': [7.065523489183448, 6.125231915876306, 5.1215229372490665, 5.921805988204849, 5.730693520422837, 5.318422017794305, 4.3678649445572395, 3.73221925754503, 6.729590215990184, 4.855357049033157, 4.080234264078786, 4.752278810018479, 6.699584495867064, 3.6918299170714466, 6.637953950588674, 5.557405558977366], 'dp-client-clipped': [1, 1, 1, 1, 1, 1, 0, 0, 1, 0, 0, 0, 1, 0, 1, 1], 'dp-num-clients-clipped': 10, 'dp-fraction-clipped': 0.625, 'metric-dp-pairwise-distances': [1.214761375837649, 1.1584677185552816, 1.1847853067641456, 1.1993411634272586, 1.156155868433416, 1.128028547546516, 1.09069987355421, 1.2556381927182276, 1.156113339199995, 1.1070286468602717, 1.1467613301550348, 1.2394288577294599, 1.0997402852711577, 1.23756725663164, 1.1641446881306667, 1.0487107693916187, 1.1065685379629333, 1.1131867688770096, 1.0677274197805673, 1.0070189791343485, 0.9897055902983993, 1.1783232203063865, 1.0401538371418912, 0.9906178146484308, 1.0392776881344616, 1.1733038790989667, 0.9763630474141488, 1.1581176456529647, 1.0720934126487311, 1.0435131658644725, 1.0456026532532026, 0.9853020370161781, 0.9076985660164306, 0.8652397423672179, 1.1406956429903705, 0.9567766082473099, 0.8771683167433366, 0.9206306207148979, 1.1177620274635653, 0.8676782545323173, 1.100630264884482, 0.9891892083687708, 1.0697347962995991, 1.031724456930533, 0.9832071464819213, 0.9619953570654616, 1.1511419284312676, 1.0157574758632109, 0.9747219660008947, 1.0207618215742211, 1.1565142495868106, 0.9554344556139162, 1.1499096051945041, 1.0732971543911844, 1.0400802510945748, 0.9820432075454543, 0.9345988895511255, 1.161594090828051, 1.008007018555266, 0.955264596035704, 0.9876096405399343, 1.1603309228084981, 0.9311949044155577, 1.143763983078922, 1.0436613524798304, 0.9305192728061229, 0.8690779886674136, 1.1251431058626622, 0.9522313718916848, 0.8971701667954525, 0.9605685581918806, 1.1331246672974278, 0.8812798886792734, 1.1201737304994215, 1.0195946616586298, 0.7724704162683338, 1.1007603659915428, 0.8785150232724845, 0.8138844491525864, 0.8769622929006194, 1.0926003087079152, 0.7948825816468646, 1.070025027108689, 0.9699756082457801, 1.073562163549165, 0.8448439708445221, 0.7514854059942687, 0.8395016215508804, 1.0763633705986042, 0.7074041884043254, 1.04502783009472, 0.9263525380132099, 1.1175243856851012, 1.0865602193710704, 1.1201312872581184, 1.2273945095948875, 1.0630440098854403, 1.2175522736118485, 1.151145953219384, 0.8630427364259958, 0.9183514300578585, 1.102261784331252, 0.8228569095178196, 1.082428477704525, 1.0101379239931703, 0.8531056701079555, 1.0560485812214513, 0.7392624063650146, 1.0538695771247149, 0.9419366327347234, 1.1125625402977068, 0.8237853612905989, 1.1010349591573079, 0.9720911250915378, 1.0610070414065074, 1.216693240373085, 1.141970359099408, 1.0418472862802446, 0.9070435652974993, 1.124651479612415], 'metric-dp-pairwise-client-i': [0, 0, 0, 0, 0, 0, 0, 0, 0, 0, 0, 0, 0, 0, 0, 1, 1, 1, 1, 1, 1, 1, 1, 1, 1, 1, 1, 1, 1, 2, 2, 2, 2, 2, 2, 2, 2, 2, 2, 2, 2, 2, 3, 3, 3, 3, 3, 3, 3, 3, 3, 3, 3, 3, 4, 4, 4, 4, 4, 4, 4, 4, 4, 4, 4, 5, 5, 5, 5, 5, 5, 5, 5, 5, 5, 6, 6, 6, 6, 6, 6, 6, 6, 6, 7, 7, 7, 7, 7, 7, 7, 7, 8, 8, 8, 8, 8, 8, 8, 9, 9, 9, 9, 9, 9, 10, 10, 10, 10, 10, 11, 11, 11, 11, 12, 12, 12, 13, 13, 14], 'metric-dp-pairwise-client-j': [1, 2, 3, 4, 5, 6, 7, 8, 9, 10, 11, 12, 13, 14, 15, 2, 3, 4, 5, 6, 7, 8, 9, 10, 11, 12, 13, 14, 15, 3, 4, 5, 6, 7, 8, 9, 10, 11, 12, 13, 14, 15, 4, 5, 6, 7, 8, 9, 10, 11, 12, 13, 14, 15, 5, 6, 7, 8, 9, 10, 11, 12, 13, 14, 15, 6, 7, 8, 9, 10, 11, 12, 13, 14, 15, 7, 8, 9, 10, 11, 12, 13, 14, 15, 8, 9, 10, 11, 12, 13, 14, 15, 9, 10, 11, 12, 13, 14, 15, 10, 11, 12, 13, 14, 15, 11, 12, 13, 14, 15, 12, 13, 14, 15, 13, 14, 15, 14, 15, 15], 'metric-dp-distance-min': 0.7074041884043254, 'metric-dp-distance-median': 1.0453152416739613, 'metric-dp-distance-mean': 1.030524247841216, 'metric-dp-distance': 1.2556381927182276, 'dp-signal-update-norm': 2.4492908352812632, 'dp-parameter-count': 226596, 'dp-expected-noise-l2-norm': 11.847088265063768, 'dp-noise-to-signal-ratio': 4.836946308870385, 'dp-noise-percent-of-signal': 483.69463088703844, 'metric-dp-noise-stdv': 0.02488774248921933}
[92mINFO [0m:      configure_evaluate: Sampled 16 nodes (out of 16)
[36m(ClientAppActor pid=14038)[0m /usr/lib/python3.12/multiprocessing/popen_fork.py:66: DeprecationWarning: This process (pid=14038) is multi-threaded, use of fork() may lead to deadlocks in the child.[32m [repeated 16x across cluster][0m
[36m(ClientAppActor pid=14038)[0m   self.pid = os.fork()[32m [repeated 16x across cluster][0m
[92mINFO [0m:      aggregate_evaluate: Received 16 results and 0 failures
[92mINFO [0m:      	└──> Aggregated MetricRecord: {'eval_loss': 0.7495309913747861, 'eval_acc': 0.6814374493380168, 'client-ids': [0, 1, 2, 3, 4, 5, 6, 7, 8, 9, 10, 11, 12, 13, 14, 15], 'per-client-eval_acc': [0.6843501326259946, 0.6851211072664359, 0.695, 0.6678966789667896, 0.691699604743083, 0.7018348623853211, 0.6394557823129252, 0.6526315789473685, 0.6685236768802229, 0.6666666666666666, 0.7, 0.696969696969697, 0.6812865497076024, 0.6785714285714286, 0.6728395061728395, 0.7076271186440678], 'per-client-eval_loss': [0.7548237858779867, 0.7713445792148682, 0.7457305335998535, 0.7747180629040482, 0.7105308314085949, 0.7360219517979053, 0.8020251786627737, 0.7316130186382093, 0.7541860039851792, 0.7725624543070142, 0.661155385695971, 0.705964182362412, 0.8056537617019742, 0.7200777190072196, 0.7805619673964418, 0.6617116928100586], 'per-client-num-examples': [377, 289, 200, 271, 253, 218, 147, 95, 359, 183, 130, 165, 342, 112, 324, 236]}
[92mINFO [0m:      Global evaluation
[92mINFO [0m:      	└──> MetricRecord: {'loss': 0.7048923482894898, 'accuracy': 0.706, 'f1': 0.697027423439702, 'precision': 0.716913146481908, 'auc': 0.9142281666666666}
[92mINFO [0m:      
[92mINFO [0m:      [ROUND 5/20]
[92mINFO [0m:      configure_train: Sampled 16 nodes (out of 16)
[92mINFO [0m:      aggregate_train: maximum pairwise model distance: 1.321729
[92mINFO [0m:      aggregate_train: Received 16 results and 0 failures
[92mINFO [0m:      aggregate_fit: parameters are clipped by value: 5.0000.
[92mINFO [0m:      aggregate_fit: parameters are clipped by value: 5.0000.
[92mINFO [0m:      aggregate_fit: parameters are clipped by value: 5.0000.
[92mINFO [0m:      aggregate_fit: parameters are clipped by value: 5.0000.
[92mINFO [0m:      aggregate_fit: parameters are clipped by value: 5.0000.
[92mINFO [0m:      aggregate_fit: parameters are clipped by value: 5.0000.
[92mINFO [0m:      aggregate_fit: parameters are clipped by value: 5.0000.
[92mINFO [0m:      aggregate_fit: parameters are clipped by value: 5.0000.
[92mINFO [0m:      aggregate_fit: parameters are clipped by value: 5.0000.
[92mINFO [0m:      aggregate_fit: parameters are clipped by value: 5.0000.
[92mINFO [0m:      aggregate_fit: parameters are clipped by value: 5.0000.
[92mINFO [0m:      aggregate_fit: parameters are clipped by value: 5.0000.
[92mINFO [0m:      aggregate_fit: parameters are clipped by value: 5.0000.
[92mINFO [0m:      aggregate_fit: parameters are clipped by value: 5.0000.
[92mINFO [0m:      aggregate_fit: parameters are clipped by value: 5.0000.
[92mINFO [0m:      aggregate_fit: parameters are clipped by value: 5.0000.
[92mINFO [0m:      aggregate_train: Received 16 results and 0 failures
[92mINFO [0m:      aggregate_train: metric-aware noise with 0.023643 stdev added
[92mINFO [0m:      	└──> Aggregated MetricRecord: {'train_loss': 0.5075682813461843, 'train_loss_mean': 0.6324723502098203, 'client-ids': [0, 1, 2, 3, 4, 5, 6, 7, 8, 9, 10, 11, 12, 13, 14, 15], 'per-client-num-examples': [1505, 1152, 800, 1082, 1012, 870, 588, 376, 1435, 729, 517, 659, 1364, 447, 1294, 940], 'per-client-train_loss': [0.5218183698448232, 0.47523250265253913, 0.5449969887733459, 0.5414185067311673, 0.4774119411061404, 0.5325881116691678, 0.49981491440007475, 0.42749583213887316, 0.48920251068753234, 0.5226597732804276, 0.5247207076452687, 0.4909406459023992, 0.4864739214569942, 0.5244605861920905, 0.5317432361739864, 0.5076056796185514], 'per-client-train_loss_mean': [0.6363526098202431, 0.6136460118823581, 0.6311093273162841, 0.6771009235968211, 0.601676169756373, 0.6295327542294031, 0.6165600230093716, 0.5736297959977008, 0.6047011832908471, 0.6586855113097506, 0.6807322209935124, 0.657125619899521, 0.6137083128750149, 0.6284912526607513, 0.6614456185509654, 0.6359644196895843], 'dp-client-ids': [0, 1, 2, 3, 4, 5, 6, 7, 8, 9, 10, 11, 12, 13, 14, 15], 'dp-update-norms-before-clipping': [7.017870140396325, 6.178313774016242, 5.023677298073268, 5.800037599576875, 5.868675615552464, 5.554327118376114, 4.589480918015568, 3.9351315865491445, 6.898567536305828, 4.836278780406482, 4.085600315296327, 4.824581568966883, 6.5397969326141805, 4.079789476001428, 6.7633219364332575, 5.493190922275027], 'dp-client-clipped': [1, 1, 1, 1, 1, 1, 0, 0, 1, 0, 0, 0, 1, 0, 1, 1], 'dp-num-clients-clipped': 10, 'dp-fraction-clipped': 0.625, 'metric-dp-pairwise-distances': [1.2580988666353126, 1.1789022472221404, 1.2162216591726367, 1.225973437152182, 1.2192418791043262, 1.1627252264103543, 1.136742535047233, 1.3217288152857993, 1.1654615292015176, 1.12867370294407, 1.1679887931483488, 1.2705388288789738, 1.1265421249748517, 1.2877016233590741, 1.198789516153435, 1.0941237412237872, 1.1573366769201432, 1.15175022627227, 1.1192687748310466, 1.0524067000563566, 1.0215838019115229, 1.2488776290168364, 1.0823231885830562, 1.0334449533838779, 1.0714908448668818, 1.2127452762797475, 1.0311145927601804, 1.2328134855100263, 1.148251047435527, 1.0359093969066937, 1.0491475071758032, 1.0226907273754478, 0.9366168117461106, 0.8904422833584249, 1.1708025503903627, 0.9534974071041992, 0.9008027691549311, 0.9417761754787838, 1.1177260987460613, 0.8993190682958812, 1.131907031716158, 1.0083708244686325, 1.0955787601415068, 1.071966604795307, 1.0255391694760572, 0.9761184454740336, 1.2169343158602715, 1.0306584826903418, 0.9935091125468413, 1.0257026728553076, 1.1675854507678498, 0.9951888675956676, 1.1853383513322722, 1.076734328099216, 1.0873029889383663, 1.032593234675005, 0.9851412287292381, 1.2264490365826834, 1.0244285833711426, 0.9934401068991671, 1.0264342887482296, 1.1714528677985072, 0.9823113953849921, 1.1893507623268913, 1.0843688732323546, 1.001536590512842, 0.9442088607077798, 1.2120713161226984, 1.0178261143931497, 0.957400314665089, 0.9995655765136083, 1.1533206024517615, 0.951043453377982, 1.1837128994520754, 1.055862837471068, 0.8321071518197035, 1.161590045473228, 0.9094860331776241, 0.8491557258336494, 0.9184713675058447, 1.1038867534759145, 0.861445729349119, 1.1266981665976346, 0.9923590206696341, 1.1402219119481742, 0.880632686894387, 0.8037017323852828, 0.8697937010244156, 1.0820898594877992, 0.7903895002479354, 1.0971004778208833, 0.9466093962158387, 1.1645744582250093, 1.1386614698761452, 1.1529987756318103, 1.254224901786074, 1.126541742278884, 1.3108119448103632, 1.2021204471432914, 0.8789798054688921, 0.9349714687559754, 1.1027652104385197, 0.8749269961069027, 1.127356280029441, 1.0151712119889755, 0.8744261976098642, 1.0725731716180842, 0.8043422945775092, 1.105268056659649, 0.9765032364521176, 1.1105978806735948, 0.8784481164766476, 1.1350789912976325, 0.9831456011161208, 1.07939820503816, 1.2536831769005705, 1.1470063984549295, 1.09841273073107, 0.9563392907536278, 1.1778303071235616], 'metric-dp-pairwise-client-i': [0, 0, 0, 0, 0, 0, 0, 0, 0, 0, 0, 0, 0, 0, 0, 1, 1, 1, 1, 1, 1, 1, 1, 1, 1, 1, 1, 1, 1, 2, 2, 2, 2, 2, 2, 2, 2, 2, 2, 2, 2, 2, 3, 3, 3, 3, 3, 3, 3, 3, 3, 3, 3, 3, 4, 4, 4, 4, 4, 4, 4, 4, 4, 4, 4, 5, 5, 5, 5, 5, 5, 5, 5, 5, 5, 6, 6, 6, 6, 6, 6, 6, 6, 6, 7, 7, 7, 7, 7, 7, 7, 7, 8, 8, 8, 8, 8, 8, 8, 9, 9, 9, 9, 9, 9, 10, 10, 10, 10, 10, 11, 11, 11, 11, 12, 12, 12, 13, 13, 14], 'metric-dp-pairwise-client-j': [1, 2, 3, 4, 5, 6, 7, 8, 9, 10, 11, 12, 13, 14, 15, 2, 3, 4, 5, 6, 7, 8, 9, 10, 11, 12, 13, 14, 15, 3, 4, 5, 6, 7, 8, 9, 10, 11, 12, 13, 14, 15, 4, 5, 6, 7, 8, 9, 10, 11, 12, 13, 14, 15, 5, 6, 7, 8, 9, 10, 11, 12, 13, 14, 15, 6, 7, 8, 9, 10, 11, 12, 13, 14, 15, 7, 8, 9, 10, 11, 12, 13, 14, 15, 8, 9, 10, 11, 12, 13, 14, 15, 9, 10, 11, 12, 13, 14, 15, 10, 11, 12, 13, 14, 15, 11, 12, 13, 14, 15, 12, 13, 14, 15, 13, 14, 15, 14, 15, 15], 'metric-dp-distance-min': 0.7903895002479354, 'metric-dp-distance-median': 1.0822065240354277, 'metric-dp-distance-mean': 1.0685453708133232, 'metric-dp-distance': 1.3217288152857993, 'dp-signal-update-norm': 2.1658866114563655, 'dp-parameter-count': 226596, 'dp-expected-noise-l2-norm': 11.254696368938138, 'dp-noise-to-signal-ratio': 5.196346064196943, 'dp-noise-percent-of-signal': 519.6346064196943, 'metric-dp-noise-stdv': 0.02364327662270325}
[92mINFO [0m:      configure_evaluate: Sampled 16 nodes (out of 16)
[36m(ClientAppActor pid=14050)[0m /usr/lib/python3.12/multiprocessing/popen_fork.py:66: DeprecationWarning: This process (pid=14050) is multi-threaded, use of fork() may lead to deadlocks in the child.[32m [repeated 16x across cluster][0m
[36m(ClientAppActor pid=14050)[0m   self.pid = os.fork()[32m [repeated 16x across cluster][0m
[92mINFO [0m:      aggregate_evaluate: Received 16 results and 0 failures
[92mINFO [0m:      	└──> Aggregated MetricRecord: {'eval_loss': 0.7834087527424732, 'eval_acc': 0.6984598757092676, 'client-ids': [0, 1, 2, 3, 4, 5, 6, 7, 8, 9, 10, 11, 12, 13, 14, 15], 'per-client-eval_acc': [0.6976127320954907, 0.6955017301038062, 0.675, 0.7084870848708487, 0.6600790513833992, 0.6972477064220184, 0.6530612244897959, 0.7263157894736842, 0.6824512534818942, 0.6775956284153005, 0.7307692307692307, 0.6909090909090909, 0.7222222222222222, 0.7410714285714286, 0.6975308641975309, 0.7457627118644068], 'per-client-eval_loss': [0.8197684654822717, 0.8190761853563744, 0.8219679856300354, 0.7590747776946458, 0.7540269633055675, 0.7664268694886374, 0.8545178912934803, 0.7909743861148232, 0.7918065205257915, 0.8148767023138661, 0.6489409932723412, 0.8134505199663566, 0.7426512785125197, 0.7095615693501064, 0.8695802887280782, 0.6684590598284188], 'per-client-num-examples': [377, 289, 200, 271, 253, 218, 147, 95, 359, 183, 130, 165, 342, 112, 324, 236]}
[92mINFO [0m:      Global evaluation
[92mINFO [0m:      	└──> MetricRecord: {'loss': 0.7514627623558044, 'accuracy': 0.7165, 'f1': 0.71090610697107, 'precision': 0.722801936869168, 'auc': 0.9043107499999998}
[92mINFO [0m:      
[92mINFO [0m:      [ROUND 6/20]
[92mINFO [0m:      configure_train: Sampled 16 nodes (out of 16)
[92mINFO [0m:      aggregate_train: maximum pairwise model distance: 1.334314
[92mINFO [0m:      aggregate_train: Received 16 results and 0 failures
[92mINFO [0m:      aggregate_fit: parameters are clipped by value: 5.0000.
[92mINFO [0m:      aggregate_fit: parameters are clipped by value: 5.0000.
[92mINFO [0m:      aggregate_fit: parameters are clipped by value: 5.0000.
[92mINFO [0m:      aggregate_fit: parameters are clipped by value: 5.0000.
[92mINFO [0m:      aggregate_fit: parameters are clipped by value: 5.0000.
[92mINFO [0m:      aggregate_fit: parameters are clipped by value: 5.0000.
[92mINFO [0m:      aggregate_fit: parameters are clipped by value: 5.0000.
[92mINFO [0m:      aggregate_fit: parameters are clipped by value: 5.0000.
[92mINFO [0m:      aggregate_fit: parameters are clipped by value: 5.0000.
[92mINFO [0m:      aggregate_fit: parameters are clipped by value: 5.0000.
[92mINFO [0m:      aggregate_fit: parameters are clipped by value: 5.0000.
[92mINFO [0m:      aggregate_fit: parameters are clipped by value: 5.0000.
[92mINFO [0m:      aggregate_fit: parameters are clipped by value: 5.0000.
[92mINFO [0m:      aggregate_fit: parameters are clipped by value: 5.0000.
[92mINFO [0m:      aggregate_fit: parameters are clipped by value: 5.0000.
[92mINFO [0m:      aggregate_fit: parameters are clipped by value: 5.0000.
[92mINFO [0m:      aggregate_train: Received 16 results and 0 failures
[92mINFO [0m:      aggregate_train: metric-aware noise with 0.023420 stdev added
[92mINFO [0m:      	└──> Aggregated MetricRecord: {'train_loss': 0.41832301403744526, 'train_loss_mean': 0.5536885754743397, 'client-ids': [0, 1, 2, 3, 4, 5, 6, 7, 8, 9, 10, 11, 12, 13, 14, 15], 'per-client-num-examples': [1505, 1152, 800, 1082, 1012, 870, 588, 376, 1435, 729, 517, 659, 1364, 447, 1294, 940], 'per-client-train_loss': [0.49325776686304035, 0.40713978765739334, 0.42339275777339935, 0.41756631938014144, 0.3713492435428936, 0.39738617916216795, 0.3887902267125188, 0.3590597459610472, 0.37363929337325413, 0.4555938452768391, 0.44119568372314627, 0.4257188291940414, 0.39140839940292044, 0.4386669812053109, 0.4464172663331216, 0.4329884412440848], 'per-client-train_loss_mean': [0.595974154040168, 0.5429486765629716, 0.5640621114969253, 0.5725665077925168, 0.5244939029452358, 0.5365496231632672, 0.5180387321783572, 0.5315657227597338, 0.5172393878536357, 0.5829516851607665, 0.5678247452445141, 0.5955956958313451, 0.5293179053365311, 0.5808487478251958, 0.5604258125126822, 0.5560009279149644], 'dp-client-ids': [0, 1, 2, 3, 4, 5, 6, 7, 8, 9, 10, 11, 12, 13, 14, 15], 'dp-update-norms-before-clipping': [7.101818728916846, 6.278616651599838, 5.335297147009049, 6.2492319378325325, 5.671298648479283, 5.639428948876498, 4.601740511682638, 3.8216912768891778, 6.904786203925521, 4.9733329464514, 4.237484394611021, 4.715348019915231, 6.746529512243788, 4.028521741086604, 6.545965340869671, 5.656516588809575], 'dp-client-clipped': [1, 1, 1, 1, 1, 1, 0, 0, 1, 0, 0, 0, 1, 0, 1, 1], 'dp-num-clients-clipped': 10, 'dp-fraction-clipped': 0.625, 'metric-dp-pairwise-distances': [1.2833811074184875, 1.2148027337777119, 1.2748689476866275, 1.2270198262607057, 1.2325703358122457, 1.1896910241339356, 1.1366870030760765, 1.3343138872490574, 1.2047187176843484, 1.156247574215134, 1.168645193024228, 1.3075834610499442, 1.126555907074362, 1.3003768084260325, 1.2405013595319663, 1.1317343963698174, 1.220187687004606, 1.1702173591280978, 1.15256570558995, 1.091524518871059, 1.0335511535716553, 1.2643253601078566, 1.1134418042687078, 1.0695595075376332, 1.0740169160223256, 1.2510732883432258, 1.0456663162913173, 1.238364230763788, 1.1727707003398489, 1.1195697284225996, 1.0832315015917022, 1.0742092973086983, 0.9854095590611299, 0.9284858774238577, 1.2102473229945947, 1.0127121536061168, 0.9603947913274169, 0.9849185718145842, 1.1806560071806114, 0.9314007849898189, 1.1517162793315947, 1.0813015402915578, 1.160541071401288, 1.1490063060385485, 1.0838641786637406, 1.0298058728997905, 1.2687130814107757, 1.0960934263809274, 1.0589019428395356, 1.07957561861258, 1.2332190145195152, 1.0483227001968771, 1.2224492314271629, 1.1621477708298091, 1.0935593033985544, 1.028587872395292, 0.9691191238040725, 1.2223375717488427, 1.04172985352731, 1.0040857438774158, 1.0109909653353195, 1.1963791043963283, 0.9797020762537917, 1.1940290123069037, 1.102487182399879, 1.0316640854192276, 0.956073967119058, 1.2103681626031175, 1.0394102415302768, 0.9889632367218534, 1.0104069273608427, 1.2010970040379714, 0.9780477808477978, 1.195774813881144, 1.1174079747870564, 0.8290257249803593, 1.176278591233616, 0.9448204254731536, 0.8858392519953971, 0.9245968088507652, 1.1405235707061365, 0.8669240816573923, 1.1233891717468698, 1.0328244471456856, 1.1338788856131334, 0.8795359281357378, 0.8229183520112807, 0.8631436207021276, 1.1066199351722996, 0.7846828499653687, 1.0770907734210293, 0.9688360892857114, 1.1933092118706554, 1.1600277388157945, 1.1554458336128544, 1.3027687879124035, 1.1321602043074865, 1.3112070395921667, 1.2369198537586878, 0.9264327444446584, 0.9460656986727068, 1.1512215945404023, 0.8947331226275613, 1.1403123831065993, 1.064826001219141, 0.8959894612586746, 1.1269683468854055, 0.8246538732976963, 1.106192874101301, 1.0178851892317955, 1.137584687404645, 0.8661954532532642, 1.133643396742021, 1.0163090381150444, 1.1041914036031812, 1.2760800061902653, 1.1985664373108496, 1.0810634998294215, 0.9763018048057953, 1.1927182697691023], 'metric-dp-pairwise-client-i': [0, 0, 0, 0, 0, 0, 0, 0, 0, 0, 0, 0, 0, 0, 0, 1, 1, 1, 1, 1, 1, 1, 1, 1, 1, 1, 1, 1, 1, 2, 2, 2, 2, 2, 2, 2, 2, 2, 2, 2, 2, 2, 3, 3, 3, 3, 3, 3, 3, 3, 3, 3, 3, 3, 4, 4, 4, 4, 4, 4, 4, 4, 4, 4, 4, 5, 5, 5, 5, 5, 5, 5, 5, 5, 5, 6, 6, 6, 6, 6, 6, 6, 6, 6, 7, 7, 7, 7, 7, 7, 7, 7, 8, 8, 8, 8, 8, 8, 8, 9, 9, 9, 9, 9, 9, 10, 10, 10, 10, 10, 11, 11, 11, 11, 12, 12, 12, 13, 13, 14], 'metric-dp-pairwise-client-j': [1, 2, 3, 4, 5, 6, 7, 8, 9, 10, 11, 12, 13, 14, 15, 2, 3, 4, 5, 6, 7, 8, 9, 10, 11, 12, 13, 14, 15, 3, 4, 5, 6, 7, 8, 9, 10, 11, 12, 13, 14, 15, 4, 5, 6, 7, 8, 9, 10, 11, 12, 13, 14, 15, 5, 6, 7, 8, 9, 10, 11, 12, 13, 14, 15, 6, 7, 8, 9, 10, 11, 12, 13, 14, 15, 7, 8, 9, 10, 11, 12, 13, 14, 15, 8, 9, 10, 11, 12, 13, 14, 15, 9, 10, 11, 12, 13, 14, 15, 10, 11, 12, 13, 14, 15, 11, 12, 13, 14, 15, 12, 13, 14, 15, 13, 14, 15, 14, 15, 15], 'metric-dp-distance-min': 0.7846828499653687, 'metric-dp-distance-median': 1.1100308697205037, 'metric-dp-distance-mean': 1.0952231744110275, 'metric-dp-distance': 1.3343138872490574, 'dp-signal-update-norm': 1.9691305952058578, 'dp-parameter-count': 226596, 'dp-expected-noise-l2-norm': 11.148543562554831, 'dp-noise-to-signal-ratio': 5.661657784251397, 'dp-noise-percent-of-signal': 566.1657784251397, 'metric-dp-noise-stdv': 0.023420276367225584}
[92mINFO [0m:      configure_evaluate: Sampled 16 nodes (out of 16)
[36m(ClientAppActor pid=14043)[0m /usr/lib/python3.12/multiprocessing/popen_fork.py:66: DeprecationWarning: This process (pid=14043) is multi-threaded, use of fork() may lead to deadlocks in the child.[32m [repeated 16x across cluster][0m
[36m(ClientAppActor pid=14043)[0m   self.pid = os.fork()[32m [repeated 16x across cluster][0m
[92mINFO [0m:      aggregate_evaluate: Received 16 results and 0 failures
[92mINFO [0m:      	└──> Aggregated MetricRecord: {'eval_loss': 0.7067595981272838, 'eval_acc': 0.7127803296406379, 'client-ids': [0, 1, 2, 3, 4, 5, 6, 7, 8, 9, 10, 11, 12, 13, 14, 15], 'per-client-eval_acc': [0.726790450928382, 0.71280276816609, 0.725, 0.7047970479704797, 0.7114624505928854, 0.7293577981651376, 0.673469387755102, 0.7052631578947368, 0.7270194986072424, 0.6557377049180327, 0.7615384615384615, 0.7212121212121212, 0.7046783625730995, 0.6875, 0.6851851851851852, 0.7542372881355932], 'per-client-eval_loss': [0.7187693871617001, 0.7491884398625384, 0.6773742079734802, 0.669255735249537, 0.6866701751829607, 0.7082903013316864, 0.8110931552186305, 0.7793589943333676, 0.7247457431219414, 0.7258401881150209, 0.5763538587551851, 0.7175619631102591, 0.6855914690341168, 0.6287531682423183, 0.7851007021503684, 0.6117648472220211], 'per-client-num-examples': [377, 289, 200, 271, 253, 218, 147, 95, 359, 183, 130, 165, 342, 112, 324, 236]}
[92mINFO [0m:      Global evaluation
[92mINFO [0m:      	└──> MetricRecord: {'loss': 0.6882387738227844, 'accuracy': 0.7165, 'f1': 0.7095257004884984, 'precision': 0.7402759746797799, 'auc': 0.9190567500000002}
[92mINFO [0m:      
[92mINFO [0m:      [ROUND 7/20]
[92mINFO [0m:      configure_train: Sampled 16 nodes (out of 16)
[92mINFO [0m:      aggregate_train: maximum pairwise model distance: 1.359133
[92mINFO [0m:      aggregate_train: Received 16 results and 0 failures
[92mINFO [0m:      aggregate_fit: parameters are clipped by value: 5.0000.
[92mINFO [0m:      aggregate_fit: parameters are clipped by value: 5.0000.
[92mINFO [0m:      aggregate_fit: parameters are clipped by value: 5.0000.
[92mINFO [0m:      aggregate_fit: parameters are clipped by value: 5.0000.
[92mINFO [0m:      aggregate_fit: parameters are clipped by value: 5.0000.
[92mINFO [0m:      aggregate_fit: parameters are clipped by value: 5.0000.
[92mINFO [0m:      aggregate_fit: parameters are clipped by value: 5.0000.
[92mINFO [0m:      aggregate_fit: parameters are clipped by value: 5.0000.
[92mINFO [0m:      aggregate_fit: parameters are clipped by value: 5.0000.
[92mINFO [0m:      aggregate_fit: parameters are clipped by value: 5.0000.
[92mINFO [0m:      aggregate_fit: parameters are clipped by value: 5.0000.
[92mINFO [0m:      aggregate_fit: parameters are clipped by value: 5.0000.
[92mINFO [0m:      aggregate_fit: parameters are clipped by value: 5.0000.
[92mINFO [0m:      aggregate_fit: parameters are clipped by value: 5.0000.
[92mINFO [0m:      aggregate_fit: parameters are clipped by value: 5.0000.
[92mINFO [0m:      aggregate_fit: parameters are clipped by value: 5.0000.
[92mINFO [0m:      aggregate_train: Received 16 results and 0 failures
[92mINFO [0m:      aggregate_train: metric-aware noise with 0.022993 stdev added
[92mINFO [0m:      	└──> Aggregated MetricRecord: {'train_loss': 0.3208673244797465, 'train_loss_mean': 0.48613055412028894, 'client-ids': [0, 1, 2, 3, 4, 5, 6, 7, 8, 9, 10, 11, 12, 13, 14, 15], 'per-client-num-examples': [1505, 1152, 800, 1082, 1012, 870, 588, 376, 1435, 729, 517, 659, 1364, 447, 1294, 940], 'per-client-train_loss': [0.3581054423140529, 0.31964921951293945, 0.2964726388454437, 0.33415673598784834, 0.2846557858433177, 0.33164321266371627, 0.3069768454752812, 0.263836274755762, 0.2891179267953082, 0.3075582136506079, 0.39160307682690354, 0.39261557987137885, 0.2830584901344042, 0.30576906051545066, 0.32419970981673074, 0.35575789489010545], 'per-client-train_loss_mean': [0.49311613949950156, 0.4809260449475712, 0.4755799012184143, 0.5189377146816077, 0.45833700409990996, 0.4997624607469843, 0.46657022631087275, 0.4342977363378443, 0.4674084011353682, 0.48734016734059127, 0.5502872013953484, 0.5514177215750553, 0.4460717047764059, 0.48274026985803176, 0.4970630826039882, 0.49409191207048736], 'dp-client-ids': [0, 1, 2, 3, 4, 5, 6, 7, 8, 9, 10, 11, 12, 13, 14, 15], 'dp-update-norms-before-clipping': [7.173711726410291, 6.242826645651797, 5.236997205279669, 6.121426107305234, 5.944982449565826, 5.381143925931149, 4.6362863032310475, 3.8647181474718626, 6.777825983101669, 5.017113540770333, 4.200718326429806, 4.789669783395448, 6.657494307391496, 3.971192816410635, 6.545979488657622, 5.602590756063055], 'dp-client-clipped': [1, 1, 1, 1, 1, 1, 0, 0, 1, 1, 0, 0, 1, 0, 1, 1], 'dp-num-clients-clipped': 11, 'dp-fraction-clipped': 0.6875, 'metric-dp-pairwise-distances': [1.3067475518522162, 1.2305378101300448, 1.2938693844868492, 1.2799001629464328, 1.2474173893375944, 1.2163192344984661, 1.1639456036500633, 1.35913293575868, 1.227306478501608, 1.1758618503808975, 1.2023460899945349, 1.3298102982807904, 1.1428412695725758, 1.3113907484027247, 1.2588448043291767, 1.1336956444817285, 1.2129920067964122, 1.1980882313024874, 1.1314219263731502, 1.095599676288354, 1.0357919710998733, 1.2711234920037289, 1.1280360516005505, 1.0684109974730138, 1.097199159829567, 1.2600706786227722, 1.0421377593108143, 1.2377064389487107, 1.1635328519235675, 1.1127624833025038, 1.0986592452197026, 1.0485523242969066, 0.9945611496223137, 0.9208643874153495, 1.191422171657905, 1.0056052108993754, 0.9505646248774914, 0.9883110722682128, 1.1765215415895607, 0.9230272472292805, 1.1520273298956454, 1.0692087878705934, 1.1798813062875222, 1.1250985243047278, 1.0790379200285922, 1.0219646831974387, 1.2649813007252912, 1.108881104349469, 1.0407030375208706, 1.0786274935429294, 1.236199847732981, 1.0252390518629302, 1.2291995020738493, 1.1500931185825418, 1.103257019771263, 1.064595558680594, 1.0048851820950706, 1.2575232932964961, 1.083046569954604, 1.0360021085167925, 1.0721194363043953, 1.2308869902820636, 1.0001829198057142, 1.2135981732668977, 1.1341576381043221, 1.0087770944616448, 0.9317399023566395, 1.213298466367026, 1.0269345530153562, 0.9638897272137305, 0.9991368948637197, 1.175452053391685, 0.9336736604260901, 1.1697797329785924, 1.0749990984525841, 0.843830113687242, 1.1734586972743273, 0.9630414085307469, 0.9006022633984685, 0.9477473829174414, 1.1523558693006635, 0.8740519831189886, 1.1303942470500867, 1.0264143573197846, 1.1374087921964626, 0.8971811673448732, 0.821304719739904, 0.880552421634396, 1.1125871596547465, 0.7817404142115265, 1.0705797214371462, 0.9719884361450871, 1.195512768967698, 1.1530029862187803, 1.171390849010398, 1.3001128110724192, 1.1168632426609595, 1.3010046766915668, 1.2253806482379634, 0.9348203186527826, 0.9791608220742395, 1.1656986455588292, 0.8988315988099203, 1.143174102064222, 1.070117430955482, 0.9060640086730322, 1.1185369774078329, 0.8155579795517648, 1.0916011412627995, 0.9979666751460172, 1.1573351571181167, 0.8745491853139052, 1.139315835510691, 1.023513460958687, 1.103243402748679, 1.2733480972237885, 1.1920732081246872, 1.0804157241558034, 0.9620556066511199, 1.1874667778611183], 'metric-dp-pairwise-client-i': [0, 0, 0, 0, 0, 0, 0, 0, 0, 0, 0, 0, 0, 0, 0, 1, 1, 1, 1, 1, 1, 1, 1, 1, 1, 1, 1, 1, 1, 2, 2, 2, 2, 2, 2, 2, 2, 2, 2, 2, 2, 2, 3, 3, 3, 3, 3, 3, 3, 3, 3, 3, 3, 3, 4, 4, 4, 4, 4, 4, 4, 4, 4, 4, 4, 5, 5, 5, 5, 5, 5, 5, 5, 5, 5, 6, 6, 6, 6, 6, 6, 6, 6, 6, 7, 7, 7, 7, 7, 7, 7, 7, 8, 8, 8, 8, 8, 8, 8, 9, 9, 9, 9, 9, 9, 10, 10, 10, 10, 10, 11, 11, 11, 11, 12, 12, 12, 13, 13, 14], 'metric-dp-pairwise-client-j': [1, 2, 3, 4, 5, 6, 7, 8, 9, 10, 11, 12, 13, 14, 15, 2, 3, 4, 5, 6, 7, 8, 9, 10, 11, 12, 13, 14, 15, 3, 4, 5, 6, 7, 8, 9, 10, 11, 12, 13, 14, 15, 4, 5, 6, 7, 8, 9, 10, 11, 12, 13, 14, 15, 5, 6, 7, 8, 9, 10, 11, 12, 13, 14, 15, 6, 7, 8, 9, 10, 11, 12, 13, 14, 15, 7, 8, 9, 10, 11, 12, 13, 14, 15, 8, 9, 10, 11, 12, 13, 14, 15, 9, 10, 11, 12, 13, 14, 15, 10, 11, 12, 13, 14, 15, 11, 12, 13, 14, 15, 12, 13, 14, 15, 13, 14, 15, 14, 15, 15], 'metric-dp-distance-min': 0.7817404142115265, 'metric-dp-distance-median': 1.1126748214786253, 'metric-dp-distance-mean': 1.0996280194315156, 'metric-dp-distance': 1.35913293575868, 'dp-signal-update-norm': 1.8520005920711864, 'dp-parameter-count': 226596, 'dp-expected-noise-l2-norm': 10.944960648616957, 'dp-noise-to-signal-ratio': 5.909804076453697, 'dp-noise-percent-of-signal': 590.9804076453696, 'metric-dp-noise-stdv': 0.022992600045083873}
[92mINFO [0m:      configure_evaluate: Sampled 16 nodes (out of 16)
[36m(ClientAppActor pid=14046)[0m /usr/lib/python3.12/multiprocessing/popen_fork.py:66: DeprecationWarning: This process (pid=14046) is multi-threaded, use of fork() may lead to deadlocks in the child.[32m [repeated 16x across cluster][0m
[36m(ClientAppActor pid=14046)[0m   self.pid = os.fork()[32m [repeated 16x across cluster][0m
[92mINFO [0m:      aggregate_evaluate: Received 16 results and 0 failures
[92mINFO [0m:      	└──> Aggregated MetricRecord: {'eval_loss': 0.7078583856208625, 'eval_acc': 0.7243988111321265, 'client-ids': [0, 1, 2, 3, 4, 5, 6, 7, 8, 9, 10, 11, 12, 13, 14, 15], 'per-client-eval_acc': [0.7374005305039788, 0.7197231833910035, 0.695, 0.7158671586715867, 0.7312252964426877, 0.7293577981651376, 0.7346938775510204, 0.7263157894736842, 0.7298050139275766, 0.7049180327868853, 0.7846153846153846, 0.696969696969697, 0.6988304093567251, 0.7767857142857143, 0.7037037037037037, 0.7584745762711864], 'per-client-eval_loss': [0.7090942220915534, 0.7054355084754295, 0.7358475875854492, 0.6897985944008915, 0.654244607616319, 0.6869134859207573, 0.7909044408473839, 0.7488404123406661, 0.731376655918642, 0.7131270945397883, 0.5734235827739422, 0.7070677757263184, 0.786703238013195, 0.6248924051012311, 0.7610517280337251, 0.6013000173083807], 'per-client-num-examples': [377, 289, 200, 271, 253, 218, 147, 95, 359, 183, 130, 165, 342, 112, 324, 236]}
[92mINFO [0m:      Global evaluation
[92mINFO [0m:      	└──> MetricRecord: {'loss': 0.6659072875976563, 'accuracy': 0.738, 'f1': 0.7257027241032599, 'precision': 0.7673463362048724, 'auc': 0.9291473333333333}
[92mINFO [0m:      
[92mINFO [0m:      [ROUND 8/20]
[92mINFO [0m:      configure_train: Sampled 16 nodes (out of 16)
[92mINFO [0m:      aggregate_train: maximum pairwise model distance: 1.342694
[92mINFO [0m:      aggregate_train: Received 16 results and 0 failures
[92mINFO [0m:      aggregate_fit: parameters are clipped by value: 5.0000.
[92mINFO [0m:      aggregate_fit: parameters are clipped by value: 5.0000.
[92mINFO [0m:      aggregate_fit: parameters are clipped by value: 5.0000.
[92mINFO [0m:      aggregate_fit: parameters are clipped by value: 5.0000.
[92mINFO [0m:      aggregate_fit: parameters are clipped by value: 5.0000.
[92mINFO [0m:      aggregate_fit: parameters are clipped by value: 5.0000.
[92mINFO [0m:      aggregate_fit: parameters are clipped by value: 5.0000.
[92mINFO [0m:      aggregate_fit: parameters are clipped by value: 5.0000.
[92mINFO [0m:      aggregate_fit: parameters are clipped by value: 5.0000.
[92mINFO [0m:      aggregate_fit: parameters are clipped by value: 5.0000.
[92mINFO [0m:      aggregate_fit: parameters are clipped by value: 5.0000.
[92mINFO [0m:      aggregate_fit: parameters are clipped by value: 5.0000.
[92mINFO [0m:      aggregate_fit: parameters are clipped by value: 5.0000.
[92mINFO [0m:      aggregate_fit: parameters are clipped by value: 5.0000.
[92mINFO [0m:      aggregate_fit: parameters are clipped by value: 5.0000.
[92mINFO [0m:      aggregate_fit: parameters are clipped by value: 5.0000.
[92mINFO [0m:      aggregate_train: Received 16 results and 0 failures
[92mINFO [0m:      aggregate_train: metric-aware noise with 0.023274 stdev added
[92mINFO [0m:      	└──> Aggregated MetricRecord: {'train_loss': 0.2644996777075969, 'train_loss_mean': 0.43425623176605543, 'client-ids': [0, 1, 2, 3, 4, 5, 6, 7, 8, 9, 10, 11, 12, 13, 14, 15], 'per-client-num-examples': [1505, 1152, 800, 1082, 1012, 870, 588, 376, 1435, 729, 517, 659, 1364, 447, 1294, 940], 'per-client-train_loss': [0.3282772971744157, 0.2849841887752215, 0.23416143387556076, 0.27468909160707444, 0.2447853261538645, 0.2592137913423023, 0.26280084627420724, 0.27238870808418764, 0.24011624696362724, 0.25870932274803377, 0.24576600509870444, 0.26044696356892044, 0.23200127150306254, 0.214128559234425, 0.26643634155692053, 0.29870134769602025], 'per-client-train_loss_mean': [0.4739212502633219, 0.4454932302236557, 0.4088937779068947, 0.45214386213288515, 0.413685208676832, 0.4329836191425378, 0.41970963226694635, 0.4429957422170233, 0.4133935288975879, 0.43148621734032416, 0.4360179130067216, 0.45209937453812643, 0.4002861011500233, 0.42361950489631967, 0.4372840306305627, 0.4576039627004177], 'dp-client-ids': [0, 1, 2, 3, 4, 5, 6, 7, 8, 9, 10, 11, 12, 13, 14, 15], 'dp-update-norms-before-clipping': [6.848018853949317, 5.993627841347165, 5.210221072581611, 5.932089009196643, 5.711084099430007, 5.435266987773205, 4.6877666781486145, 3.7130715389902957, 6.787692743992362, 5.051442712930619, 4.297866656864692, 4.785215727762649, 6.613115828079754, 4.09165229809243, 6.569110871208674, 5.623208621645137], 'dp-client-clipped': [1, 1, 1, 1, 1, 1, 0, 0, 1, 1, 0, 0, 1, 0, 1, 1], 'dp-num-clients-clipped': 11, 'dp-fraction-clipped': 0.6875, 'metric-dp-pairwise-distances': [1.2537621528996776, 1.2059768622275442, 1.2516415442805737, 1.2465030028639983, 1.2220812150432419, 1.1728556915186346, 1.1163911330513656, 1.342693505284842, 1.192897920884813, 1.1500289253114413, 1.16408978907081, 1.3034729384817183, 1.1259767803518723, 1.3074164959834889, 1.2325108493678272, 1.106034829824542, 1.1686356587645907, 1.1699912960175425, 1.112676265455472, 1.0566469442953046, 0.9954788014292717, 1.25866952072829, 1.1024175269994885, 1.0483342013321817, 1.0760095639852807, 1.2271746194455773, 1.0393592431209981, 1.2341172356003274, 1.151540197742482, 1.0990731487205874, 1.0904329327555995, 1.0680596181191504, 0.9960271414214125, 0.905056216676409, 1.1985610993190978, 1.0183928996945422, 0.9586820305945972, 1.003375887637958, 1.1729371268302202, 0.9448398143285885, 1.1646457450309147, 1.077024278929457, 1.1520479613294203, 1.1183693451651682, 1.0592948742366086, 0.9898047291984161, 1.2531189415603876, 1.0953419733947765, 1.0395275542590146, 1.0697504543544103, 1.2244122365179162, 1.0282732462510467, 1.2298141748372775, 1.1429145054426044, 1.1082087091635913, 1.048021051256607, 0.9684799436945468, 1.2391030701498191, 1.0719227647253622, 1.0179802149844666, 1.0483984431872766, 1.217017704853788, 0.9983456684276462, 1.2105633683192234, 1.1358101962832734, 1.0252040097645174, 0.9397731920083364, 1.2268074989163626, 1.0434768744356309, 0.9951485614680374, 1.0139867420269486, 1.1848562465359767, 0.9787170228470737, 1.194717608159408, 1.0993113990407437, 0.8378625538510581, 1.1638590403211613, 0.9761272318816433, 0.9113981563908359, 0.9453414410042266, 1.1293610176847626, 0.8832340009976178, 1.1353257624432445, 1.0383834364668776, 1.1194560279448826, 0.8918744865028808, 0.8185023707337677, 0.8673338852046678, 1.0868644245589774, 0.7949080852946887, 1.0685302719163399, 0.9634751873866966, 1.1951335799725105, 1.151122142172729, 1.1658907919966925, 1.304657159994046, 1.1306715855995815, 1.3099981588311493, 1.243285792414099, 0.9499170243507251, 0.9798186309247588, 1.1588007620691012, 0.9410438790606955, 1.1702282173403848, 1.0786214508504297, 0.9229185319272801, 1.1229005564625065, 0.8488544828336065, 1.1084461761638522, 1.01527234679088, 1.137997097025315, 0.8937023365288042, 1.151694485374416, 1.037822263664566, 1.1067935777051996, 1.281218871474266, 1.2066189008764923, 1.1030479254356276, 1.0035195265663788, 1.2070860190627475], 'metric-dp-pairwise-client-i': [0, 0, 0, 0, 0, 0, 0, 0, 0, 0, 0, 0, 0, 0, 0, 1, 1, 1, 1, 1, 1, 1, 1, 1, 1, 1, 1, 1, 1, 2, 2, 2, 2, 2, 2, 2, 2, 2, 2, 2, 2, 2, 3, 3, 3, 3, 3, 3, 3, 3, 3, 3, 3, 3, 4, 4, 4, 4, 4, 4, 4, 4, 4, 4, 4, 5, 5, 5, 5, 5, 5, 5, 5, 5, 5, 6, 6, 6, 6, 6, 6, 6, 6, 6, 7, 7, 7, 7, 7, 7, 7, 7, 8, 8, 8, 8, 8, 8, 8, 9, 9, 9, 9, 9, 9, 10, 10, 10, 10, 10, 11, 11, 11, 11, 12, 12, 12, 13, 13, 14], 'metric-dp-pairwise-client-j': [1, 2, 3, 4, 5, 6, 7, 8, 9, 10, 11, 12, 13, 14, 15, 2, 3, 4, 5, 6, 7, 8, 9, 10, 11, 12, 13, 14, 15, 3, 4, 5, 6, 7, 8, 9, 10, 11, 12, 13, 14, 15, 4, 5, 6, 7, 8, 9, 10, 11, 12, 13, 14, 15, 5, 6, 7, 8, 9, 10, 11, 12, 13, 14, 15, 6, 7, 8, 9, 10, 11, 12, 13, 14, 15, 7, 8, 9, 10, 11, 12, 13, 14, 15, 8, 9, 10, 11, 12, 13, 14, 15, 9, 10, 11, 12, 13, 14, 15, 10, 11, 12, 13, 14, 15, 11, 12, 13, 14, 15, 12, 13, 14, 15, 13, 14, 15, 14, 15, 15], 'metric-dp-distance-min': 0.7949080852946887, 'metric-dp-distance-median': 1.1064142037648708, 'metric-dp-distance-mean': 1.0954994382689214, 'metric-dp-distance': 1.342693505284842, 'dp-signal-update-norm': 1.754110548021456, 'dp-parameter-count': 226596, 'dp-expected-noise-l2-norm': 11.078966599277797, 'dp-noise-to-signal-ratio': 6.3160024958371555, 'dp-noise-percent-of-signal': 631.6002495837155, 'metric-dp-noise-stdv': 0.02327411272714137}
[92mINFO [0m:      configure_evaluate: Sampled 16 nodes (out of 16)
[36m(ClientAppActor pid=14051)[0m /usr/lib/python3.12/multiprocessing/popen_fork.py:66: DeprecationWarning: This process (pid=14051) is multi-threaded, use of fork() may lead to deadlocks in the child.[32m [repeated 16x across cluster][0m
[36m(ClientAppActor pid=14051)[0m   self.pid = os.fork()[32m [repeated 16x across cluster][0m
[92mINFO [0m:      aggregate_evaluate: Received 16 results and 0 failures
[92mINFO [0m:      	└──> Aggregated MetricRecord: {'eval_loss': 0.8810707427811917, 'eval_acc': 0.6992704674412319, 'client-ids': [0, 1, 2, 3, 4, 5, 6, 7, 8, 9, 10, 11, 12, 13, 14, 15], 'per-client-eval_acc': [0.7294429708222812, 0.7093425605536332, 0.705, 0.7158671586715867, 0.6996047430830039, 0.6743119266055045, 0.6802721088435374, 0.631578947368421, 0.6935933147632312, 0.6775956284153005, 0.7846153846153846, 0.6545454545454545, 0.6783625730994152, 0.7142857142857143, 0.7006172839506173, 0.7076271186440678], 'per-client-eval_loss': [0.8656237068479826, 0.8408218847465248, 0.8900828647613526, 0.9053774830160106, 0.8183779207614099, 0.8674619219718723, 1.0110259283156622, 0.9211753443667763, 1.0339823028171296, 0.9179057658044367, 0.6705978010709469, 0.9842911103458115, 0.9437021400496276, 0.7164854322160993, 0.8007325493259194, 0.782417408490585], 'per-client-num-examples': [377, 289, 200, 271, 253, 218, 147, 95, 359, 183, 130, 165, 342, 112, 324, 236]}
[92mINFO [0m:      Global evaluation
[92mINFO [0m:      	└──> MetricRecord: {'loss': 0.832096125125885, 'accuracy': 0.7155, 'f1': 0.7181163863049864, 'precision': 0.7661726313878034, 'auc': 0.90831025}
[92mINFO [0m:      
[92mINFO [0m:      [ROUND 9/20]
[92mINFO [0m:      configure_train: Sampled 16 nodes (out of 16)
[92mINFO [0m:      aggregate_train: maximum pairwise model distance: 1.377590
[92mINFO [0m:      aggregate_train: Received 16 results and 0 failures
[92mINFO [0m:      aggregate_fit: parameters are clipped by value: 5.0000.
[92mINFO [0m:      aggregate_fit: parameters are clipped by value: 5.0000.
[92mINFO [0m:      aggregate_fit: parameters are clipped by value: 5.0000.
[92mINFO [0m:      aggregate_fit: parameters are clipped by value: 5.0000.
[92mINFO [0m:      aggregate_fit: parameters are clipped by value: 5.0000.
[92mINFO [0m:      aggregate_fit: parameters are clipped by value: 5.0000.
[92mINFO [0m:      aggregate_fit: parameters are clipped by value: 5.0000.
[92mINFO [0m:      aggregate_fit: parameters are clipped by value: 5.0000.
[92mINFO [0m:      aggregate_fit: parameters are clipped by value: 5.0000.
[92mINFO [0m:      aggregate_fit: parameters are clipped by value: 5.0000.
[92mINFO [0m:      aggregate_fit: parameters are clipped by value: 5.0000.
[92mINFO [0m:      aggregate_fit: parameters are clipped by value: 5.0000.
[92mINFO [0m:      aggregate_fit: parameters are clipped by value: 5.0000.
[92mINFO [0m:      aggregate_fit: parameters are clipped by value: 5.0000.
[92mINFO [0m:      aggregate_fit: parameters are clipped by value: 5.0000.
[92mINFO [0m:      aggregate_fit: parameters are clipped by value: 5.0000.
[92mINFO [0m:      aggregate_train: Received 16 results and 0 failures
[92mINFO [0m:      aggregate_train: metric-aware noise with 0.022685 stdev added
[92mINFO [0m:      	└──> Aggregated MetricRecord: {'train_loss': 0.2159547466191998, 'train_loss_mean': 0.39172610238150957, 'client-ids': [0, 1, 2, 3, 4, 5, 6, 7, 8, 9, 10, 11, 12, 13, 14, 15], 'per-client-num-examples': [1505, 1152, 800, 1082, 1012, 870, 588, 376, 1435, 729, 517, 659, 1364, 447, 1294, 940], 'per-client-train_loss': [0.29596563425174977, 0.2147932613475455, 0.19246294736862182, 0.20782416287720093, 0.2145772343096526, 0.18221531451262277, 0.17962990650514357, 0.18128115033849757, 0.19509694565879343, 0.25792038863823735, 0.24198678366450785, 0.23642390880490652, 0.18300500171275433, 0.228884447474341, 0.2033109889701124, 0.21762618408241172], 'per-client-train_loss_mean': [0.40981184469474063, 0.39284022255904144, 0.3702178213000297, 0.4046625415961535, 0.3983828669244593, 0.379062113945169, 0.3640084546034028, 0.40920976317943414, 0.36312323429027915, 0.4490018529697374, 0.4210035782141658, 0.43642731905888, 0.34179880432893806, 0.44806142447378805, 0.3898223818177602, 0.37980156023134576], 'dp-client-ids': [0, 1, 2, 3, 4, 5, 6, 7, 8, 9, 10, 11, 12, 13, 14, 15], 'dp-update-norms-before-clipping': [7.25029428226967, 5.88589822320874, 4.920056174751094, 5.782210311996657, 5.592082281748888, 5.195988910633811, 4.477248558450344, 3.5398596956546546, 6.643381423929729, 4.9225725139893335, 4.361127429221897, 4.786115712124524, 6.456626118540836, 3.700676763496129, 6.202243173777259, 5.364417425067999], 'dp-client-clipped': [1, 1, 0, 1, 1, 1, 0, 0, 1, 0, 0, 0, 1, 0, 1, 1], 'dp-num-clients-clipped': 9, 'dp-fraction-clipped': 0.5625, 'metric-dp-pairwise-distances': [1.3004444353282452, 1.2382764990907162, 1.300009044042478, 1.2866546282699953, 1.2535402740662296, 1.2144853548767667, 1.1607661635304491, 1.3775899269773315, 1.2359123238517593, 1.2085092694032937, 1.2210786779566358, 1.348782175919041, 1.160746183867256, 1.3202797455790762, 1.2696606292544554, 1.079707830872697, 1.1518211130363245, 1.146838863263838, 1.0940842276904732, 1.0472461615766708, 0.9854859854094684, 1.2476779491795849, 1.0832351801606517, 1.0438000845412414, 1.0624509432430689, 1.2138839357454951, 0.9949690542028596, 1.1975917289964855, 1.11345995683223, 1.0574378340194623, 1.0517093915259466, 1.0106001459450151, 0.942939228300626, 0.8684975206075857, 1.1648721070960164, 0.9758013914882516, 0.9264830567408353, 0.9606778982949132, 1.1387621126680945, 0.873185207756857, 1.1053429573463898, 1.0279106833040714, 1.1314698425897707, 1.0901375834364444, 1.0381710402822744, 0.9627706933145722, 1.2438637237840642, 1.0671314942495276, 1.0279402429393183, 1.0562937452147405, 1.2046834315406159, 0.9798967814228187, 1.1811737241999556, 1.0997911428955074, 1.0688704250496812, 1.013925454346463, 0.941319537271435, 1.2160237089265138, 1.0435597932276626, 1.0153566688143958, 1.02552807170044, 1.1988798764456685, 0.9513349164432535, 1.1664684757124633, 1.085672972064155, 0.9878317702095956, 0.889497839147225, 1.1916740270680748, 1.0041901874355972, 0.953547004746118, 0.9889452806091867, 1.1539312972454354, 0.8927779290049026, 1.1345527217102547, 1.0480547643577058, 0.8103832995984703, 1.1405685198648523, 0.9388472673017532, 0.8959391026291996, 0.9315542984598627, 1.1110036358392488, 0.8381560748287787, 1.0782739751351376, 0.9852014977562552, 1.0957213461709518, 0.8617780865946164, 0.8066230386806031, 0.8506322694011033, 1.066507285227999, 0.7344729084676752, 1.0173939255376656, 0.9201761682828268, 1.173542597447522, 1.1423403761388424, 1.1596630148900051, 1.2836140448537965, 1.0928593824307125, 1.2663568551652133, 1.207658395753242, 0.9318569644431894, 0.9529312701197341, 1.135649236307169, 0.8687999253161252, 1.1111299607825156, 1.027918933541514, 0.9148511337504411, 1.1093658115714788, 0.8133358623599634, 1.0685727663803846, 0.9816910828230903, 1.1304201485472731, 0.8570311243723457, 1.099981172553574, 0.99815450765891, 1.0681967190854873, 1.247240840923041, 1.1676367701535735, 1.0244231570977718, 0.9253369626045848, 1.139190147087599], 'metric-dp-pairwise-client-i': [0, 0, 0, 0, 0, 0, 0, 0, 0, 0, 0, 0, 0, 0, 0, 1, 1, 1, 1, 1, 1, 1, 1, 1, 1, 1, 1, 1, 1, 2, 2, 2, 2, 2, 2, 2, 2, 2, 2, 2, 2, 2, 3, 3, 3, 3, 3, 3, 3, 3, 3, 3, 3, 3, 4, 4, 4, 4, 4, 4, 4, 4, 4, 4, 4, 5, 5, 5, 5, 5, 5, 5, 5, 5, 5, 6, 6, 6, 6, 6, 6, 6, 6, 6, 7, 7, 7, 7, 7, 7, 7, 7, 8, 8, 8, 8, 8, 8, 8, 9, 9, 9, 9, 9, 9, 10, 10, 10, 10, 10, 11, 11, 11, 11, 12, 12, 12, 13, 13, 14], 'metric-dp-pairwise-client-j': [1, 2, 3, 4, 5, 6, 7, 8, 9, 10, 11, 12, 13, 14, 15, 2, 3, 4, 5, 6, 7, 8, 9, 10, 11, 12, 13, 14, 15, 3, 4, 5, 6, 7, 8, 9, 10, 11, 12, 13, 14, 15, 4, 5, 6, 7, 8, 9, 10, 11, 12, 13, 14, 15, 5, 6, 7, 8, 9, 10, 11, 12, 13, 14, 15, 6, 7, 8, 9, 10, 11, 12, 13, 14, 15, 7, 8, 9, 10, 11, 12, 13, 14, 15, 8, 9, 10, 11, 12, 13, 14, 15, 9, 10, 11, 12, 13, 14, 15, 10, 11, 12, 13, 14, 15, 11, 12, 13, 14, 15, 12, 13, 14, 15, 13, 14, 15, 14, 15, 15], 'metric-dp-distance-min': 0.7344729084676752, 'metric-dp-distance-median': 1.068721595715033, 'metric-dp-distance-mean': 1.0708454659433402, 'metric-dp-distance': 1.3775899269773315, 'dp-signal-update-norm': 1.6702510244504416, 'dp-parameter-count': 226596, 'dp-expected-noise-l2-norm': 10.798319737106189, 'dp-noise-to-signal-ratio': 6.4650879293183685, 'dp-noise-percent-of-signal': 646.5087929318369, 'metric-dp-noise-stdv': 0.02268454449907881}
[92mINFO [0m:      configure_evaluate: Sampled 16 nodes (out of 16)
[36m(ClientAppActor pid=14043)[0m /usr/lib/python3.12/multiprocessing/popen_fork.py:66: DeprecationWarning: This process (pid=14043) is multi-threaded, use of fork() may lead to deadlocks in the child.[32m [repeated 16x across cluster][0m
[36m(ClientAppActor pid=14043)[0m   self.pid = os.fork()[32m [repeated 16x across cluster][0m
[92mINFO [0m:      aggregate_evaluate: Received 16 results and 0 failures
[92mINFO [0m:      	└──> Aggregated MetricRecord: {'eval_loss': 0.6707176466418847, 'eval_acc': 0.7624966225344502, 'client-ids': [0, 1, 2, 3, 4, 5, 6, 7, 8, 9, 10, 11, 12, 13, 14, 15], 'per-client-eval_acc': [0.7612732095490716, 0.754325259515571, 0.775, 0.7490774907749077, 0.7747035573122529, 0.7706422018348624, 0.7551020408163265, 0.7578947368421053, 0.754874651810585, 0.7486338797814208, 0.7615384615384615, 0.703030303030303, 0.7777777777777778, 0.8125, 0.7654320987654321, 0.7796610169491526], 'per-client-eval_loss': [0.6753733404751482, 0.6624936316884203, 0.6576254343986512, 0.659836786699471, 0.5990317763075999, 0.6761987449925974, 0.7663162257395634, 0.7336789984452097, 0.7278721923615608, 0.6971558951289276, 0.5598243786738469, 0.8107829736940788, 0.6410841523555287, 0.472570891891207, 0.7338378835975388, 0.5898736836546559], 'per-client-num-examples': [377, 289, 200, 271, 253, 218, 147, 95, 359, 183, 130, 165, 342, 112, 324, 236]}
[92mINFO [0m:      Global evaluation
[92mINFO [0m:      	└──> MetricRecord: {'loss': 0.6545496764183044, 'accuracy': 0.76, 'f1': 0.7573856157772768, 'precision': 0.7619117829612615, 'auc': 0.9377660416666667}
[92mINFO [0m:      
[92mINFO [0m:      [ROUND 10/20]
[92mINFO [0m:      configure_train: Sampled 16 nodes (out of 16)
[92mINFO [0m:      aggregate_train: maximum pairwise model distance: 1.292438
[92mINFO [0m:      aggregate_train: Received 16 results and 0 failures
[92mINFO [0m:      aggregate_fit: parameters are clipped by value: 5.0000.
[92mINFO [0m:      aggregate_fit: parameters are clipped by value: 5.0000.
[92mINFO [0m:      aggregate_fit: parameters are clipped by value: 5.0000.
[92mINFO [0m:      aggregate_fit: parameters are clipped by value: 5.0000.
[92mINFO [0m:      aggregate_fit: parameters are clipped by value: 5.0000.
[92mINFO [0m:      aggregate_fit: parameters are clipped by value: 5.0000.
[92mINFO [0m:      aggregate_fit: parameters are clipped by value: 5.0000.
[92mINFO [0m:      aggregate_fit: parameters are clipped by value: 5.0000.
[92mINFO [0m:      aggregate_fit: parameters are clipped by value: 5.0000.
[92mINFO [0m:      aggregate_fit: parameters are clipped by value: 5.0000.
[92mINFO [0m:      aggregate_fit: parameters are clipped by value: 5.0000.
[92mINFO [0m:      aggregate_fit: parameters are clipped by value: 5.0000.
[92mINFO [0m:      aggregate_fit: parameters are clipped by value: 5.0000.
[92mINFO [0m:      aggregate_fit: parameters are clipped by value: 5.0000.
[92mINFO [0m:      aggregate_fit: parameters are clipped by value: 5.0000.
[92mINFO [0m:      aggregate_fit: parameters are clipped by value: 5.0000.
[92mINFO [0m:      aggregate_train: Received 16 results and 0 failures
[92mINFO [0m:      aggregate_train: metric-aware noise with 0.024179 stdev added
[92mINFO [0m:      	└──> Aggregated MetricRecord: {'train_loss': 0.16633340771900854, 'train_loss_mean': 0.3501574728604136, 'client-ids': [0, 1, 2, 3, 4, 5, 6, 7, 8, 9, 10, 11, 12, 13, 14, 15], 'per-client-num-examples': [1505, 1152, 800, 1082, 1012, 870, 588, 376, 1435, 729, 517, 659, 1364, 447, 1294, 940], 'per-client-train_loss': [0.21281400386281188, 0.2212841452823745, 0.15950711458921432, 0.16417488015072623, 0.16763719468719873, 0.12736923158511348, 0.11597182297584963, 0.1708987982983285, 0.14914255333279067, 0.1513995410279155, 0.1820163056974946, 0.16522660344974766, 0.12953809476143455, 0.15820140688277998, 0.17402184483993918, 0.17385192313726913], 'per-client-train_loss_mean': [0.3670329823307817, 0.3666298367910915, 0.37347751706838606, 0.35341945018708815, 0.34128957202312027, 0.31665652267891786, 0.3338341198405441, 0.3369508666561005, 0.34212657848613187, 0.355686301561213, 0.39541692387896304, 0.3755544833488457, 0.3062806769287831, 0.3599748905106412, 0.35990248754090837, 0.34625558366800874], 'dp-client-ids': [0, 1, 2, 3, 4, 5, 6, 7, 8, 9, 10, 11, 12, 13, 14, 15], 'dp-update-norms-before-clipping': [6.6672871192350485, 5.753458336106373, 4.79165354524486, 5.697078261877201, 5.470623618333905, 5.192073670748819, 4.378042499524198, 3.546613742655439, 6.372237310231728, 4.794346687942272, 4.247787203705078, 4.5189643443139085, 6.106495338479188, 3.8262164526712534, 5.891005450531472, 5.430248182292199], 'dp-client-clipped': [1, 1, 0, 1, 1, 1, 0, 0, 1, 0, 0, 0, 1, 0, 1, 1], 'dp-num-clients-clipped': 9, 'dp-fraction-clipped': 0.5625, 'metric-dp-pairwise-distances': [1.221182379250725, 1.166674971813336, 1.2179875676132117, 1.2099965513140585, 1.185068292892538, 1.1338724833137046, 1.084508017404005, 1.2924377757202212, 1.1639394555386389, 1.1293056613843266, 1.135416574543342, 1.2613043473102152, 1.088235047335426, 1.2379622591348987, 1.20583428737397, 1.0653472669267405, 1.1358022165174286, 1.1234917688028265, 1.0820775847726811, 1.0168257154679547, 0.9620226847473532, 1.2024706845792632, 1.059195031877607, 1.0206324528747548, 1.0303814097618063, 1.1680934382602572, 0.9838416073471308, 1.1591154586834211, 1.110522849795719, 1.04175045057976, 1.036724004157198, 1.0075628036089863, 0.9287650391149024, 0.8594465671340004, 1.1240851366116356, 0.9643233615982657, 0.9167024263879284, 0.9474456043293079, 1.1093083208737273, 0.8784574341261759, 1.070939273107797, 1.0261029494771112, 1.1111588119529188, 1.0795009954987715, 1.0157896645056705, 0.9580029884042839, 1.199022435195123, 1.0431749240184824, 1.0030622293706983, 1.0303566346798714, 1.1664443349000067, 0.9767046626657248, 1.1507206121459603, 1.1052073653942596, 1.0628587587658938, 0.9927405212074518, 0.9314769956593713, 1.1805586036061868, 1.0212936856551096, 0.9971938276042541, 1.0051052340616782, 1.1518701089856525, 0.9500020064879209, 1.1176951400314767, 1.0888414967339486, 0.9776974383275956, 0.8942103704127172, 1.1578625736680503, 1.0013279800768942, 0.9583528489262486, 0.9747325945645571, 1.1206977906016011, 0.9293878755997866, 1.1102661908759426, 1.0740231711727877, 0.8029393528898557, 1.1038727462291718, 0.9197719230627021, 0.8769377501836667, 0.9022563747906437, 1.0683705999981612, 0.8290212093076358, 1.0429913653060794, 0.9927859146458408, 1.0546618544807036, 0.8448654087648416, 0.7919274487067014, 0.8359819062364598, 1.0246883545381327, 0.7441544950706884, 0.9786329384272298, 0.9310406277072616, 1.1354875081063558, 1.0965609344809006, 1.1104645929299295, 1.22752963216044, 1.0664770896546543, 1.2216057109180838, 1.1796972760930657, 0.9141056378139183, 0.9359796105418354, 1.098495982742558, 0.8785972240536163, 1.0713961195821564, 1.032721636351198, 0.8964630891568959, 1.068154059156465, 0.820053554023616, 1.0410849317753066, 0.9835464029262463, 1.087766972836107, 0.8546046853686372, 1.0584076377563179, 0.9977700485227009, 1.0421698477002792, 1.1869210251607, 1.1481716609171901, 1.004657148849219, 0.9547332498477772, 1.1294566602446139], 'metric-dp-pairwise-client-i': [0, 0, 0, 0, 0, 0, 0, 0, 0, 0, 0, 0, 0, 0, 0, 1, 1, 1, 1, 1, 1, 1, 1, 1, 1, 1, 1, 1, 1, 2, 2, 2, 2, 2, 2, 2, 2, 2, 2, 2, 2, 2, 3, 3, 3, 3, 3, 3, 3, 3, 3, 3, 3, 3, 4, 4, 4, 4, 4, 4, 4, 4, 4, 4, 4, 5, 5, 5, 5, 5, 5, 5, 5, 5, 5, 6, 6, 6, 6, 6, 6, 6, 6, 6, 7, 7, 7, 7, 7, 7, 7, 7, 8, 8, 8, 8, 8, 8, 8, 9, 9, 9, 9, 9, 9, 10, 10, 10, 10, 10, 11, 11, 11, 11, 12, 12, 12, 13, 13, 14], 'metric-dp-pairwise-client-j': [1, 2, 3, 4, 5, 6, 7, 8, 9, 10, 11, 12, 13, 14, 15, 2, 3, 4, 5, 6, 7, 8, 9, 10, 11, 12, 13, 14, 15, 3, 4, 5, 6, 7, 8, 9, 10, 11, 12, 13, 14, 15, 4, 5, 6, 7, 8, 9, 10, 11, 12, 13, 14, 15, 5, 6, 7, 8, 9, 10, 11, 12, 13, 14, 15, 6, 7, 8, 9, 10, 11, 12, 13, 14, 15, 7, 8, 9, 10, 11, 12, 13, 14, 15, 8, 9, 10, 11, 12, 13, 14, 15, 9, 10, 11, 12, 13, 14, 15, 10, 11, 12, 13, 14, 15, 11, 12, 13, 14, 15, 12, 13, 14, 15, 13, 14, 15, 14, 15, 15], 'metric-dp-distance-min': 0.7441544950706884, 'metric-dp-distance-median': 1.048918389249593, 'metric-dp-distance-mean': 1.044087335710315, 'metric-dp-distance': 1.2924377757202212, 'dp-signal-update-norm': 1.587169037299248, 'dp-parameter-count': 226596, 'dp-expected-noise-l2-norm': 11.509766100598858, 'dp-noise-to-signal-ratio': 7.251758212335126, 'dp-noise-percent-of-signal': 725.1758212335127, 'metric-dp-noise-stdv': 0.02417911375469174}
[92mINFO [0m:      configure_evaluate: Sampled 16 nodes (out of 16)
[36m(ClientAppActor pid=14050)[0m /usr/lib/python3.12/multiprocessing/popen_fork.py:66: DeprecationWarning: This process (pid=14050) is multi-threaded, use of fork() may lead to deadlocks in the child.[32m [repeated 16x across cluster][0m
[36m(ClientAppActor pid=14050)[0m   self.pid = os.fork()[32m [repeated 16x across cluster][0m
[92mINFO [0m:      aggregate_evaluate: Received 16 results and 0 failures
[92mINFO [0m:      	└──> Aggregated MetricRecord: {'eval_loss': 1.30245671816636, 'eval_acc': 0.6446906241556336, 'client-ids': [0, 1, 2, 3, 4, 5, 6, 7, 8, 9, 10, 11, 12, 13, 14, 15], 'per-client-eval_acc': [0.610079575596817, 0.6124567474048442, 0.62, 0.6642066420664207, 0.6719367588932806, 0.6743119266055045, 0.5510204081632653, 0.6526315789473685, 0.6434540389972145, 0.6939890710382514, 0.6230769230769231, 0.6424242424242425, 0.6695906432748538, 0.6964285714285714, 0.6234567901234568, 0.6822033898305084], 'per-client-eval_loss': [1.3452252253929564, 1.4870614343666018, 1.4181351947784424, 1.1324499348432815, 1.288156976812913, 1.2074222039738927, 1.5800828739088408, 1.3019208406147205, 1.2577357989499829, 1.2824837106173155, 1.1524110590036099, 1.3393941070094253, 1.1801890601888734, 1.2684580002512251, 1.4902255772440522, 1.1115427219261558], 'per-client-num-examples': [377, 289, 200, 271, 253, 218, 147, 95, 359, 183, 130, 165, 342, 112, 324, 236]}
[92mINFO [0m:      Global evaluation
[92mINFO [0m:      	└──> MetricRecord: {'loss': 1.23146466255188, 'accuracy': 0.6655, 'f1': 0.6499379374864265, 'precision': 0.7099559259502038, 'auc': 0.8667121666666667}
[92mINFO [0m:      
[92mINFO [0m:      [ROUND 11/20]
[92mINFO [0m:      configure_train: Sampled 16 nodes (out of 16)
[92mINFO [0m:      aggregate_train: maximum pairwise model distance: 1.311497
[92mINFO [0m:      aggregate_train: Received 16 results and 0 failures
[92mINFO [0m:      aggregate_fit: parameters are clipped by value: 5.0000.
[92mINFO [0m:      aggregate_fit: parameters are clipped by value: 5.0000.
[92mINFO [0m:      aggregate_fit: parameters are clipped by value: 5.0000.
[92mINFO [0m:      aggregate_fit: parameters are clipped by value: 5.0000.
[92mINFO [0m:      aggregate_fit: parameters are clipped by value: 5.0000.
[92mINFO [0m:      aggregate_fit: parameters are clipped by value: 5.0000.
[92mINFO [0m:      aggregate_fit: parameters are clipped by value: 5.0000.
[92mINFO [0m:      aggregate_fit: parameters are clipped by value: 5.0000.
[92mINFO [0m:      aggregate_fit: parameters are clipped by value: 5.0000.
[92mINFO [0m:      aggregate_fit: parameters are clipped by value: 5.0000.
[92mINFO [0m:      aggregate_fit: parameters are clipped by value: 5.0000.
[92mINFO [0m:      aggregate_fit: parameters are clipped by value: 5.0000.
[92mINFO [0m:      aggregate_fit: parameters are clipped by value: 5.0000.
[92mINFO [0m:      aggregate_fit: parameters are clipped by value: 5.0000.
[92mINFO [0m:      aggregate_fit: parameters are clipped by value: 5.0000.
[92mINFO [0m:      aggregate_fit: parameters are clipped by value: 5.0000.
[92mINFO [0m:      aggregate_train: Received 16 results and 0 failures
[92mINFO [0m:      aggregate_train: metric-aware noise with 0.023828 stdev added
[92mINFO [0m:      	└──> Aggregated MetricRecord: {'train_loss': 0.16225827957080083, 'train_loss_mean': 0.3535718623426134, 'client-ids': [0, 1, 2, 3, 4, 5, 6, 7, 8, 9, 10, 11, 12, 13, 14, 15], 'per-client-num-examples': [1505, 1152, 800, 1082, 1012, 870, 588, 376, 1435, 729, 517, 659, 1364, 447, 1294, 940], 'per-client-train_loss': [0.27304689718512476, 0.18273456311888164, 0.144395195543766, 0.1380947830771783, 0.15514196434864413, 0.11948727750401388, 0.13011144048401288, 0.1064633254675155, 0.14901114238056157, 0.17383708748634297, 0.18960172704257056, 0.16306814598838187, 0.14662285310781598, 0.11330075008623819, 0.16663777904219385, 0.12805151451141275], 'per-client-train_loss_mean': [0.38218843296934285, 0.37121352069079877, 0.33152705496549606, 0.36797454190232176, 0.34846621429613933, 0.3194064030034104, 0.35959690750963025, 0.33440646440424815, 0.31997352711830407, 0.35785151647278635, 0.463083419439381, 0.43037496852223533, 0.3109430941755821, 0.35117452906015467, 0.333208008264832, 0.3542595666520139], 'dp-client-ids': [0, 1, 2, 3, 4, 5, 6, 7, 8, 9, 10, 11, 12, 13, 14, 15], 'dp-update-norms-before-clipping': [6.77131344345166, 5.467052410535336, 4.634137836931478, 5.3273113682662085, 5.364250116583442, 4.91558161128345, 4.216850310480534, 3.5416273199400785, 6.264677137514151, 4.740244576782044, 4.06319400717, 4.34420664824516, 5.875536650686903, 3.7120863144743335, 6.084678382105525, 5.224987778126121], 'dp-client-clipped': [1, 1, 0, 1, 1, 0, 0, 0, 1, 0, 0, 0, 1, 0, 1, 1], 'dp-num-clients-clipped': 8, 'dp-fraction-clipped': 0.5, 'metric-dp-pairwise-distances': [1.2232285032514483, 1.159478014567867, 1.21536547880775, 1.2128566147293895, 1.1743126882550616, 1.1317988318235923, 1.0927035542360197, 1.311496690963395, 1.162388125085272, 1.1115314131020568, 1.1319200426805764, 1.2497424469329417, 1.0922168327185016, 1.2806839917320758, 1.1964494419905047, 1.0181793548399583, 1.070648356107995, 1.0814095023088157, 1.0249941151123494, 0.9679301814952245, 0.9306296525755897, 1.1697685508212696, 1.0293005893472582, 0.9683179362521818, 0.9822499795894449, 1.1235423850594088, 0.9457276335063701, 1.1557934605516493, 1.0639809004496783, 0.991245532874018, 0.9951323724041382, 0.9460832059461003, 0.8825915135676041, 0.8283516451871643, 1.1075319552910514, 0.9419521727443984, 0.8639442917968457, 0.8935798931246003, 1.0571806959342211, 0.8369375745533034, 1.0751662233378738, 0.9856672159706553, 1.0563628775222849, 1.022738920059055, 0.9620023249493291, 0.909996650259321, 1.1559830494225025, 0.9980219846086887, 0.940727267996408, 0.960744963803639, 1.1110279083562393, 0.9245074815116823, 1.142533445575585, 1.0431429688663532, 1.01924031918558, 0.953563773771748, 0.9081352508316437, 1.1608955579188962, 0.9988662240793929, 0.9524509234664341, 0.9651208051169912, 1.1169369868002832, 0.9199655405245721, 1.1397959900010999, 1.0460511206959684, 0.9241101854325583, 0.8544416152872145, 1.1386274961405434, 0.9642394770247241, 0.9002453384455293, 0.9231938146209965, 1.0789596273874242, 0.8723242953031635, 1.1081844456493855, 1.015977675638472, 0.7815091946395114, 1.080060303909704, 0.9072280873854955, 0.8353298478759825, 0.8489411422051489, 1.0220285224883507, 0.7974420172783235, 1.0594596623753507, 0.9463302802760154, 1.0385712579979252, 0.8397511440174034, 0.7683634845695148, 0.7982690257485956, 0.9865309615076209, 0.7299877955423048, 1.0066004771118362, 0.9025553366712605, 1.125510417157784, 1.063386147065709, 1.0842316364093374, 1.2111934871257592, 1.0412613014535357, 1.2468937622228016, 1.1527092815376818, 0.8832692325813696, 0.9072706378841152, 1.0675279720841597, 0.852791125808532, 1.0906909500869613, 1.0054827755472313, 0.8299913022977611, 1.0102167983228962, 0.7821479926351458, 1.0458018673040594, 0.9350381037996461, 1.0339183214819059, 0.811107029983153, 1.0673497215223808, 0.9470044864186397, 0.9972166436879585, 1.1834099385887384, 1.1030234755210888, 1.01454548475643, 0.9075297969393432, 1.1210455630595486], 'metric-dp-pairwise-client-i': [0, 0, 0, 0, 0, 0, 0, 0, 0, 0, 0, 0, 0, 0, 0, 1, 1, 1, 1, 1, 1, 1, 1, 1, 1, 1, 1, 1, 1, 2, 2, 2, 2, 2, 2, 2, 2, 2, 2, 2, 2, 2, 3, 3, 3, 3, 3, 3, 3, 3, 3, 3, 3, 3, 4, 4, 4, 4, 4, 4, 4, 4, 4, 4, 4, 5, 5, 5, 5, 5, 5, 5, 5, 5, 5, 6, 6, 6, 6, 6, 6, 6, 6, 6, 7, 7, 7, 7, 7, 7, 7, 7, 8, 8, 8, 8, 8, 8, 8, 9, 9, 9, 9, 9, 9, 10, 10, 10, 10, 10, 11, 11, 11, 11, 12, 12, 12, 13, 13, 14], 'metric-dp-pairwise-client-j': [1, 2, 3, 4, 5, 6, 7, 8, 9, 10, 11, 12, 13, 14, 15, 2, 3, 4, 5, 6, 7, 8, 9, 10, 11, 12, 13, 14, 15, 3, 4, 5, 6, 7, 8, 9, 10, 11, 12, 13, 14, 15, 4, 5, 6, 7, 8, 9, 10, 11, 12, 13, 14, 15, 5, 6, 7, 8, 9, 10, 11, 12, 13, 14, 15, 6, 7, 8, 9, 10, 11, 12, 13, 14, 15, 7, 8, 9, 10, 11, 12, 13, 14, 15, 8, 9, 10, 11, 12, 13, 14, 15, 9, 10, 11, 12, 13, 14, 15, 10, 11, 12, 13, 14, 15, 11, 12, 13, 14, 15, 12, 13, 14, 15, 13, 14, 15, 14, 15, 15], 'metric-dp-distance-min': 0.7299877955423048, 'metric-dp-distance-median': 1.017078515239215, 'metric-dp-distance-mean': 1.0145304138563611, 'metric-dp-distance': 1.311496690963395, 'dp-signal-update-norm': 1.5569796638704172, 'dp-parameter-count': 226596, 'dp-expected-noise-l2-norm': 11.342504026594744, 'dp-noise-to-signal-ratio': 7.284940381558347, 'dp-noise-percent-of-signal': 728.4940381558348, 'metric-dp-noise-stdv': 0.02382773835063547}
[92mINFO [0m:      configure_evaluate: Sampled 16 nodes (out of 16)
[36m(ClientAppActor pid=14033)[0m /usr/lib/python3.12/multiprocessing/popen_fork.py:66: DeprecationWarning: This process (pid=14033) is multi-threaded, use of fork() may lead to deadlocks in the child.[32m [repeated 16x across cluster][0m
[36m(ClientAppActor pid=14033)[0m   self.pid = os.fork()[32m [repeated 16x across cluster][0m
[92mINFO [0m:      aggregate_evaluate: Received 16 results and 0 failures
[92mINFO [0m:      	└──> Aggregated MetricRecord: {'eval_loss': 0.7526622286688407, 'eval_acc': 0.7387192650634964, 'client-ids': [0, 1, 2, 3, 4, 5, 6, 7, 8, 9, 10, 11, 12, 13, 14, 15], 'per-client-eval_acc': [0.7453580901856764, 0.71280276816609, 0.755, 0.7638376383763837, 0.7628458498023716, 0.7339449541284404, 0.7006802721088435, 0.7052631578947368, 0.7465181058495822, 0.7049180327868853, 0.7692307692307693, 0.7090909090909091, 0.7397660818713451, 0.8125, 0.691358024691358, 0.7796610169491526], 'per-client-eval_loss': [0.8304137171737711, 0.7827980993392114, 0.6988246440887451, 0.7033683717030881, 0.6597366973816642, 0.8087411145551489, 0.9735772917870762, 0.7793264890971937, 0.770795425000629, 0.8137916710858788, 0.6502667649434163, 0.8667743704535744, 0.7263973303008497, 0.5342642324311393, 0.7844032567960245, 0.5930325540445619], 'per-client-num-examples': [377, 289, 200, 271, 253, 218, 147, 95, 359, 183, 130, 165, 342, 112, 324, 236]}
[92mINFO [0m:      Global evaluation
[92mINFO [0m:      	└──> MetricRecord: {'loss': 0.7416691372394562, 'accuracy': 0.737, 'f1': 0.7296124336629052, 'precision': 0.7477171427176283, 'auc': 0.9270901250000001}
[92mINFO [0m:      
[92mINFO [0m:      [ROUND 12/20]
[92mINFO [0m:      configure_train: Sampled 16 nodes (out of 16)
[92mINFO [0m:      aggregate_train: maximum pairwise model distance: 1.337885
[92mINFO [0m:      aggregate_train: Received 16 results and 0 failures
[92mINFO [0m:      aggregate_fit: parameters are clipped by value: 5.0000.
[92mINFO [0m:      aggregate_fit: parameters are clipped by value: 5.0000.
[92mINFO [0m:      aggregate_fit: parameters are clipped by value: 5.0000.
[92mINFO [0m:      aggregate_fit: parameters are clipped by value: 5.0000.
[92mINFO [0m:      aggregate_fit: parameters are clipped by value: 5.0000.
[92mINFO [0m:      aggregate_fit: parameters are clipped by value: 5.0000.
[92mINFO [0m:      aggregate_fit: parameters are clipped by value: 5.0000.
[92mINFO [0m:      aggregate_fit: parameters are clipped by value: 5.0000.
[92mINFO [0m:      aggregate_fit: parameters are clipped by value: 5.0000.
[92mINFO [0m:      aggregate_fit: parameters are clipped by value: 5.0000.
[92mINFO [0m:      aggregate_fit: parameters are clipped by value: 5.0000.
[92mINFO [0m:      aggregate_fit: parameters are clipped by value: 5.0000.
[92mINFO [0m:      aggregate_fit: parameters are clipped by value: 5.0000.
[92mINFO [0m:      aggregate_fit: parameters are clipped by value: 5.0000.
[92mINFO [0m:      aggregate_fit: parameters are clipped by value: 5.0000.
[92mINFO [0m:      aggregate_fit: parameters are clipped by value: 5.0000.
[92mINFO [0m:      aggregate_train: Received 16 results and 0 failures
[92mINFO [0m:      aggregate_train: metric-aware noise with 0.023358 stdev added
[92mINFO [0m:      	└──> Aggregated MetricRecord: {'train_loss': 0.1351426932239399, 'train_loss_mean': 0.30987003961248233, 'client-ids': [0, 1, 2, 3, 4, 5, 6, 7, 8, 9, 10, 11, 12, 13, 14, 15], 'per-client-num-examples': [1505, 1152, 800, 1082, 1012, 870, 588, 376, 1435, 729, 517, 659, 1364, 447, 1294, 940], 'per-client-train_loss': [0.3096334533351303, 0.17816233614252674, 0.10215210877358913, 0.12971996239174757, 0.10870677480113365, 0.06223485743862459, 0.08898291764717524, 0.09520679308061904, 0.08535507947258418, 0.11744868284185891, 0.13097169265741881, 0.09080765005172836, 0.12224547901461201, 0.12186202681904672, 0.14408438377531455, 0.11398154781695376], 'per-client-train_loss_mean': [0.35036063732579353, 0.3428666380544504, 0.3007471952289343, 0.3179530134097485, 0.2928938504912165, 0.27700125021817185, 0.3129823364520154, 0.33047275532116277, 0.26498723797837614, 0.32613348597647884, 0.38460242323202715, 0.3013265545795105, 0.2759926345603557, 0.30348546603982085, 0.32873371294375736, 0.28859188987695156], 'dp-client-ids': [0, 1, 2, 3, 4, 5, 6, 7, 8, 9, 10, 11, 12, 13, 14, 15], 'dp-update-norms-before-clipping': [7.03606582132523, 5.49045408157202, 4.622712159588125, 5.562818668140962, 5.1771897835199, 4.844119883061115, 4.050603461296245, 3.5204784333696253, 6.098296380377661, 4.620649871761545, 4.053891840485873, 4.202880520397754, 5.910942011694146, 3.778361362408003, 5.709059975026271, 5.021459350537141], 'dp-client-clipped': [1, 1, 0, 1, 1, 0, 0, 0, 1, 0, 0, 0, 1, 0, 1, 1], 'dp-num-clients-clipped': 8, 'dp-fraction-clipped': 0.5, 'metric-dp-pairwise-distances': [1.2573752296157181, 1.1983604875082772, 1.2810211031852912, 1.2351497650767367, 1.2131905821928133, 1.1642267062949638, 1.1337571711434673, 1.3378847501395892, 1.2092910670908168, 1.1575591399644811, 1.1813603727302204, 1.2948493731673807, 1.1416411455720663, 1.2762400990662475, 1.224155816133134, 1.0224756019500394, 1.110398219471487, 1.0740693556920935, 1.0322931907139719, 0.9620325606083497, 0.9315754298586398, 1.168122436424407, 1.0255902318749577, 0.9744337156880647, 0.9831994436681271, 1.1281496461015195, 0.9528672411106527, 1.1154312103365858, 1.056206702099492, 1.025246943347156, 0.9871748193788031, 0.9474883878914019, 0.8747985593508929, 0.8288532328636696, 1.0955386819162716, 0.9276452087021122, 0.8804085473529994, 0.8930109139376631, 1.0663863626153518, 0.8513415906345472, 1.0362774667640526, 0.9713359079323709, 1.0791022536189605, 1.059200185040633, 0.9896298765670508, 0.9507735666508476, 1.170021403580904, 1.0287076617047812, 0.9837978243400963, 0.9984217260498554, 1.1475752014666796, 0.972083586306932, 1.135044708615169, 1.0626949437428266, 1.006425591185689, 0.9461144021867464, 0.8933678416457648, 1.1440728697925806, 0.986986204457935, 0.9424733197471747, 0.9555326391321918, 1.123099186224863, 0.9221211065305397, 1.0861732475459576, 1.0223637697442125, 0.9130344660952687, 0.8645873630108932, 1.1152869661649067, 0.9584584600913028, 0.9084811333256463, 0.9197213791000346, 1.0814352712283533, 0.8752816882915795, 1.0595752391188096, 1.0010255319066346, 0.7617965899019813, 1.0599540038965642, 0.8864522400156906, 0.8199870333385965, 0.8392966318642721, 1.0276655701454729, 0.8021042522353431, 0.9979264484718442, 0.9223556673775116, 1.0253571209032089, 0.8309133313596249, 0.7664975685377916, 0.7935291370764995, 0.9949410013311232, 0.7461257221487662, 0.960669700987637, 0.8772823793503145, 1.0996289116252835, 1.0647075730763997, 1.071697670655946, 1.2063702307641506, 1.040074442784923, 1.1927367876439046, 1.1309046960280587, 0.8771660290658474, 0.89497902803123, 1.0711792711323749, 0.8502565701686157, 1.0417504784030218, 0.9748819773861518, 0.8370459643192589, 1.027111608767882, 0.7992020716580251, 0.9980359146526704, 0.9283974243638417, 1.0370658101746812, 0.8145416982782384, 1.017680511654665, 0.9352548453801622, 1.0151271423480164, 1.1552544385194778, 1.1045651476209362, 0.9725218864623457, 0.9088451964004586, 1.0681575080379844], 'metric-dp-pairwise-client-i': [0, 0, 0, 0, 0, 0, 0, 0, 0, 0, 0, 0, 0, 0, 0, 1, 1, 1, 1, 1, 1, 1, 1, 1, 1, 1, 1, 1, 1, 2, 2, 2, 2, 2, 2, 2, 2, 2, 2, 2, 2, 2, 3, 3, 3, 3, 3, 3, 3, 3, 3, 3, 3, 3, 4, 4, 4, 4, 4, 4, 4, 4, 4, 4, 4, 5, 5, 5, 5, 5, 5, 5, 5, 5, 5, 6, 6, 6, 6, 6, 6, 6, 6, 6, 7, 7, 7, 7, 7, 7, 7, 7, 8, 8, 8, 8, 8, 8, 8, 9, 9, 9, 9, 9, 9, 10, 10, 10, 10, 10, 11, 11, 11, 11, 12, 12, 12, 13, 13, 14], 'metric-dp-pairwise-client-j': [1, 2, 3, 4, 5, 6, 7, 8, 9, 10, 11, 12, 13, 14, 15, 2, 3, 4, 5, 6, 7, 8, 9, 10, 11, 12, 13, 14, 15, 3, 4, 5, 6, 7, 8, 9, 10, 11, 12, 13, 14, 15, 4, 5, 6, 7, 8, 9, 10, 11, 12, 13, 14, 15, 5, 6, 7, 8, 9, 10, 11, 12, 13, 14, 15, 6, 7, 8, 9, 10, 11, 12, 13, 14, 15, 7, 8, 9, 10, 11, 12, 13, 14, 15, 8, 9, 10, 11, 12, 13, 14, 15, 9, 10, 11, 12, 13, 14, 15, 10, 11, 12, 13, 14, 15, 11, 12, 13, 14, 15, 12, 13, 14, 15, 13, 14, 15, 14, 15, 15], 'metric-dp-distance-min': 0.7461257221487662, 'metric-dp-distance-median': 1.0164038270013407, 'metric-dp-distance-mean': 1.0148256688810458, 'metric-dp-distance': 1.3378847501395892, 'dp-signal-update-norm': 1.487317961573032, 'dp-parameter-count': 226596, 'dp-expected-noise-l2-norm': 11.118787695700941, 'dp-noise-to-signal-ratio': 7.475730128305166, 'dp-noise-percent-of-signal': 747.5730128305166, 'metric-dp-noise-stdv': 0.02335776680071995}
[92mINFO [0m:      configure_evaluate: Sampled 16 nodes (out of 16)
[36m(ClientAppActor pid=14051)[0m /usr/lib/python3.12/multiprocessing/popen_fork.py:66: DeprecationWarning: This process (pid=14051) is multi-threaded, use of fork() may lead to deadlocks in the child.[32m [repeated 16x across cluster][0m
[36m(ClientAppActor pid=14051)[0m   self.pid = os.fork()[32m [repeated 16x across cluster][0m
[92mINFO [0m:      aggregate_evaluate: Received 16 results and 0 failures
[92mINFO [0m:      	└──> Aggregated MetricRecord: {'eval_loss': 0.9445817005412349, 'eval_acc': 0.7333153201837341, 'client-ids': [0, 1, 2, 3, 4, 5, 6, 7, 8, 9, 10, 11, 12, 13, 14, 15], 'per-client-eval_acc': [0.7347480106100795, 0.6955017301038062, 0.75, 0.7527675276752768, 0.7470355731225297, 0.7247706422018348, 0.7074829931972789, 0.6947368421052632, 0.6963788300835655, 0.726775956284153, 0.8076923076923077, 0.7212121212121212, 0.7368421052631579, 0.8214285714285714, 0.7253086419753086, 0.7584745762711864], 'per-client-eval_loss': [0.9257339457301942, 1.1308215041882537, 0.964040470123291, 0.9109928863074946, 0.8417541066648461, 0.9082408170087621, 1.1885704767136347, 0.9951871370014391, 1.108289859421074, 1.051262678344393, 0.7030571923089716, 0.9624565529100823, 0.9267213386401796, 0.6147130131721497, 0.929191220689703, 0.7325138277926687], 'per-client-num-examples': [377, 289, 200, 271, 253, 218, 147, 95, 359, 183, 130, 165, 342, 112, 324, 236]}
[92mINFO [0m:      Global evaluation
[92mINFO [0m:      	└──> MetricRecord: {'loss': 0.9303733296394349, 'accuracy': 0.727, 'f1': 0.7295463571361739, 'precision': 0.7567401313155241, 'auc': 0.9164696666666667}
[92mINFO [0m:      
[92mINFO [0m:      [ROUND 13/20]
[92mINFO [0m:      configure_train: Sampled 16 nodes (out of 16)
[92mINFO [0m:      aggregate_train: maximum pairwise model distance: 1.263275
[92mINFO [0m:      aggregate_train: Received 16 results and 0 failures
[92mINFO [0m:      aggregate_fit: parameters are clipped by value: 5.0000.
[92mINFO [0m:      aggregate_fit: parameters are clipped by value: 5.0000.
[92mINFO [0m:      aggregate_fit: parameters are clipped by value: 5.0000.
[92mINFO [0m:      aggregate_fit: parameters are clipped by value: 5.0000.
[92mINFO [0m:      aggregate_fit: parameters are clipped by value: 5.0000.
[92mINFO [0m:      aggregate_fit: parameters are clipped by value: 5.0000.
[92mINFO [0m:      aggregate_fit: parameters are clipped by value: 5.0000.
[92mINFO [0m:      aggregate_fit: parameters are clipped by value: 5.0000.
[92mINFO [0m:      aggregate_fit: parameters are clipped by value: 5.0000.
[92mINFO [0m:      aggregate_fit: parameters are clipped by value: 5.0000.
[92mINFO [0m:      aggregate_fit: parameters are clipped by value: 5.0000.
[92mINFO [0m:      aggregate_fit: parameters are clipped by value: 5.0000.
[92mINFO [0m:      aggregate_fit: parameters are clipped by value: 5.0000.
[92mINFO [0m:      aggregate_fit: parameters are clipped by value: 5.0000.
[92mINFO [0m:      aggregate_fit: parameters are clipped by value: 5.0000.
[92mINFO [0m:      aggregate_fit: parameters are clipped by value: 5.0000.
[92mINFO [0m:      aggregate_train: Received 16 results and 0 failures
[92mINFO [0m:      aggregate_train: metric-aware noise with 0.024737 stdev added
[92mINFO [0m:      	└──> Aggregated MetricRecord: {'train_loss': 0.10661412784899196, 'train_loss_mean': 0.28410784343589146, 'client-ids': [0, 1, 2, 3, 4, 5, 6, 7, 8, 9, 10, 11, 12, 13, 14, 15], 'per-client-num-examples': [1505, 1152, 800, 1082, 1012, 870, 588, 376, 1435, 729, 517, 659, 1364, 447, 1294, 940], 'per-client-train_loss': [0.11261508052928312, 0.0857327025797632, 0.07390576280653477, 0.09494512028262267, 0.10757145429906166, 0.11202618273339052, 0.08385404493330287, 0.09801351358281805, 0.13828275166581733, 0.12068906279257786, 0.10610451890116042, 0.10198719779167986, 0.0941261443093725, 0.09012109862944691, 0.11383961098501819, 0.13578403674541636], 'per-client-train_loss_mean': [0.27773629429183255, 0.27324007836480935, 0.2779388276785612, 0.2887637201827467, 0.28037176097452404, 0.27962240997573423, 0.2778395015264855, 0.3215744742212144, 0.2746881523520689, 0.2904342598691889, 0.3447865736769869, 0.30404029437913155, 0.23964725186136113, 0.30464908542982416, 0.2844963038469761, 0.3209658536505192], 'dp-client-ids': [0, 1, 2, 3, 4, 5, 6, 7, 8, 9, 10, 11, 12, 13, 14, 15], 'dp-update-norms-before-clipping': [6.38837618849764, 5.453698997484649, 4.630168810484282, 5.280371424556813, 5.1723201263385175, 5.074461942921939, 4.25005035323173, 3.5188688238549237, 6.302364768938593, 4.672842067793605, 4.081945353129016, 4.353145348143292, 5.909445488432713, 3.8093291870561705, 5.947385269825802, 5.139032907093666], 'dp-client-clipped': [1, 1, 0, 1, 1, 1, 0, 0, 1, 0, 0, 0, 1, 0, 1, 1], 'dp-num-clients-clipped': 9, 'dp-fraction-clipped': 0.5625, 'metric-dp-pairwise-distances': [1.1795052954306204, 1.1194888957155247, 1.169157259884135, 1.164581646793522, 1.1573968148635079, 1.0874582709899794, 1.0529723164315026, 1.2632751488902916, 1.1289518668393914, 1.0817424748868991, 1.1032424679336448, 1.2231664420881618, 1.0619413842602323, 1.2203610314366717, 1.160205618555968, 1.0240512999007478, 1.075487132417038, 1.0705726562688749, 1.0559623097845663, 0.985577967716381, 0.9327869509191563, 1.1787042180852343, 1.0222075331645708, 0.9823175844891617, 1.0052660759926464, 1.1361030565652375, 0.9553351750752578, 1.140676686889492, 1.0649188051077847, 0.9969899555047353, 0.9827094799062858, 0.9801765207666904, 0.895045276498422, 0.8255111942222962, 1.1032902591396123, 0.9379700865441313, 0.8777628653721573, 0.9177886040803666, 1.0600877057295293, 0.8522286208656927, 1.064392273624738, 0.984797538529771, 1.0457481364331518, 1.0465170339060326, 0.9596080592988679, 0.9150698168668896, 1.1640866632418085, 1.00345577346161, 0.9580526029070219, 0.9715080767637119, 1.1229277043991412, 0.9416013519124439, 1.1284204345817368, 1.0410860915047426, 1.0291930785557877, 0.9535481301136315, 0.8922134263751408, 1.151685589303573, 0.9764485153524826, 0.9415113180875778, 0.9674211160745472, 1.1127002064604312, 0.9119814969599247, 1.1119595398195088, 1.0316719848973055, 0.9473205187047521, 0.8860968826338649, 1.1525644611101598, 0.9887984994954119, 0.9319823522431155, 0.947336744905139, 1.0991799347102642, 0.9095391948552182, 1.1082256238441914, 1.0262476839901258, 0.7888698262783388, 1.0794193170343835, 0.9044051796275502, 0.8505675769411027, 0.877414055285044, 1.040805462631397, 0.819911386895304, 1.0332094205077738, 0.9443602573980266, 1.0391792254522443, 0.8358063582175722, 0.7666739500903835, 0.8061716679949313, 0.9952170163548241, 0.7483166131035736, 0.9948369530029595, 0.8936565579691281, 1.1207034734543413, 1.0668549158920844, 1.092606892537636, 1.2160419668070972, 1.0568314355332404, 1.2296346865283947, 1.1384116080589592, 0.8956858467621108, 0.9121596301750591, 1.0749449615832418, 0.8634248314580569, 1.075380521050344, 0.9896333731012419, 0.8601605254613484, 1.0224250255463023, 0.8041815787243346, 1.0286115671818454, 0.9247784193915626, 1.0515943133699086, 0.8355545899054656, 1.0507607614466299, 0.9607177875198735, 1.0170404989427577, 1.1787683349102736, 1.104823498482195, 1.0016741859726608, 0.9157548565417528, 1.1093814531341195], 'metric-dp-pairwise-client-i': [0, 0, 0, 0, 0, 0, 0, 0, 0, 0, 0, 0, 0, 0, 0, 1, 1, 1, 1, 1, 1, 1, 1, 1, 1, 1, 1, 1, 1, 2, 2, 2, 2, 2, 2, 2, 2, 2, 2, 2, 2, 2, 3, 3, 3, 3, 3, 3, 3, 3, 3, 3, 3, 3, 4, 4, 4, 4, 4, 4, 4, 4, 4, 4, 4, 5, 5, 5, 5, 5, 5, 5, 5, 5, 5, 6, 6, 6, 6, 6, 6, 6, 6, 6, 7, 7, 7, 7, 7, 7, 7, 7, 8, 8, 8, 8, 8, 8, 8, 9, 9, 9, 9, 9, 9, 10, 10, 10, 10, 10, 11, 11, 11, 11, 12, 12, 12, 13, 13, 14], 'metric-dp-pairwise-client-j': [1, 2, 3, 4, 5, 6, 7, 8, 9, 10, 11, 12, 13, 14, 15, 2, 3, 4, 5, 6, 7, 8, 9, 10, 11, 12, 13, 14, 15, 3, 4, 5, 6, 7, 8, 9, 10, 11, 12, 13, 14, 15, 4, 5, 6, 7, 8, 9, 10, 11, 12, 13, 14, 15, 5, 6, 7, 8, 9, 10, 11, 12, 13, 14, 15, 6, 7, 8, 9, 10, 11, 12, 13, 14, 15, 7, 8, 9, 10, 11, 12, 13, 14, 15, 8, 9, 10, 11, 12, 13, 14, 15, 9, 10, 11, 12, 13, 14, 15, 10, 11, 12, 13, 14, 15, 11, 12, 13, 14, 15, 12, 13, 14, 15, 13, 14, 15, 14, 15, 15], 'metric-dp-distance-min': 0.7483166131035736, 'metric-dp-distance-median': 1.023238162723525, 'metric-dp-distance-mean': 1.0139602931348943, 'metric-dp-distance': 1.2632751488902916, 'dp-signal-update-norm': 1.4844080948567149, 'dp-parameter-count': 226596, 'dp-expected-noise-l2-norm': 11.775468322309141, 'dp-noise-to-signal-ratio': 7.932770215353608, 'dp-noise-percent-of-signal': 793.2770215353607, 'metric-dp-noise-stdv': 0.024737287064857706}
[92mINFO [0m:      configure_evaluate: Sampled 16 nodes (out of 16)
[36m(ClientAppActor pid=14050)[0m /usr/lib/python3.12/multiprocessing/popen_fork.py:66: DeprecationWarning: This process (pid=14050) is multi-threaded, use of fork() may lead to deadlocks in the child.[32m [repeated 16x across cluster][0m
[36m(ClientAppActor pid=14050)[0m   self.pid = os.fork()[32m [repeated 16x across cluster][0m
[92mINFO [0m:      aggregate_evaluate: Received 16 results and 0 failures
[92mINFO [0m:      	└──> Aggregated MetricRecord: {'eval_loss': 0.7645889317001685, 'eval_acc': 0.7541205079708186, 'client-ids': [0, 1, 2, 3, 4, 5, 6, 7, 8, 9, 10, 11, 12, 13, 14, 15], 'per-client-eval_acc': [0.76657824933687, 0.726643598615917, 0.77, 0.7785977859778598, 0.766798418972332, 0.7293577981651376, 0.6938775510204082, 0.7894736842105263, 0.7576601671309192, 0.7595628415300546, 0.7692307692307693, 0.7333333333333333, 0.7807017543859649, 0.7946428571428571, 0.691358024691358, 0.7838983050847458], 'per-client-eval_loss': [0.7428368687313495, 0.8858056938699462, 0.730291576385498, 0.6348716623228854, 0.7161653692072089, 0.7823268601653772, 1.0041150462870696, 0.7788580643503289, 0.7409260538627178, 0.7296760955143496, 0.6596500649761695, 0.7403179891181715, 0.8217108291492128, 0.5381800532341003, 0.9405796454966436, 0.6304025569204557], 'per-client-num-examples': [377, 289, 200, 271, 253, 218, 147, 95, 359, 183, 130, 165, 342, 112, 324, 236]}
[92mINFO [0m:      Global evaluation
[92mINFO [0m:      	└──> MetricRecord: {'loss': 0.743813362121582, 'accuracy': 0.767, 'f1': 0.7653045252608259, 'precision': 0.7768180224810941, 'auc': 0.935338}
[92mINFO [0m:      
[92mINFO [0m:      [ROUND 14/20]
[92mINFO [0m:      configure_train: Sampled 16 nodes (out of 16)
[92mINFO [0m:      aggregate_train: maximum pairwise model distance: 1.256753
[92mINFO [0m:      aggregate_train: Received 16 results and 0 failures
[92mINFO [0m:      aggregate_fit: parameters are clipped by value: 5.0000.
[92mINFO [0m:      aggregate_fit: parameters are clipped by value: 5.0000.
[92mINFO [0m:      aggregate_fit: parameters are clipped by value: 5.0000.
[92mINFO [0m:      aggregate_fit: parameters are clipped by value: 5.0000.
[92mINFO [0m:      aggregate_fit: parameters are clipped by value: 5.0000.
[92mINFO [0m:      aggregate_fit: parameters are clipped by value: 5.0000.
[92mINFO [0m:      aggregate_fit: parameters are clipped by value: 5.0000.
[92mINFO [0m:      aggregate_fit: parameters are clipped by value: 5.0000.
[92mINFO [0m:      aggregate_fit: parameters are clipped by value: 5.0000.
[92mINFO [0m:      aggregate_fit: parameters are clipped by value: 5.0000.
[92mINFO [0m:      aggregate_fit: parameters are clipped by value: 5.0000.
[92mINFO [0m:      aggregate_fit: parameters are clipped by value: 5.0000.
[92mINFO [0m:      aggregate_fit: parameters are clipped by value: 5.0000.
[92mINFO [0m:      aggregate_fit: parameters are clipped by value: 5.0000.
[92mINFO [0m:      aggregate_fit: parameters are clipped by value: 5.0000.
[92mINFO [0m:      aggregate_fit: parameters are clipped by value: 5.0000.
[92mINFO [0m:      aggregate_train: Received 16 results and 0 failures
[92mINFO [0m:      aggregate_train: metric-aware noise with 0.024866 stdev added
[92mINFO [0m:      	└──> Aggregated MetricRecord: {'train_loss': 0.09148533264315041, 'train_loss_mean': 0.26979073755608146, 'client-ids': [0, 1, 2, 3, 4, 5, 6, 7, 8, 9, 10, 11, 12, 13, 14, 15], 'per-client-num-examples': [1505, 1152, 800, 1082, 1012, 870, 588, 376, 1435, 729, 517, 659, 1364, 447, 1294, 940], 'per-client-train_loss': [0.11837324077059264, 0.10315844975411892, 0.08468279961496591, 0.12749160724294384, 0.0804631642908918, 0.0841220582482116, 0.08506644659099125, 0.04724387436154041, 0.0762525821500539, 0.08239636965484368, 0.12483558587629053, 0.07431961852655787, 0.06826348128643903, 0.06934555712045573, 0.11152135297206951, 0.07950504682561818], 'per-client-train_loss_mean': [0.26095358052707157, 0.2719633937709861, 0.27467094302922485, 0.27836787523822293, 0.2719630224490354, 0.2709715412111803, 0.28155320205656037, 0.3035073839762109, 0.2327423892941209, 0.29200190999411013, 0.36321753449954197, 0.2912229482813743, 0.2278338175190509, 0.31688005981645995, 0.27267900077450496, 0.2504107458358432], 'dp-client-ids': [0, 1, 2, 3, 4, 5, 6, 7, 8, 9, 10, 11, 12, 13, 14, 15], 'dp-update-norms-before-clipping': [6.345910845372369, 5.389820925779472, 4.556796338194247, 5.395055938272096, 5.041264182969211, 4.975232229857573, 4.150945104089268, 3.6226882512553855, 6.075166214510969, 4.420573207222675, 4.235568825664375, 4.423478271473965, 5.855976977461923, 3.7013147845167538, 5.966974916900076, 4.971057024905762], 'dp-client-clipped': [1, 1, 0, 1, 1, 0, 0, 0, 1, 0, 0, 0, 1, 0, 1, 0], 'dp-num-clients-clipped': 7, 'dp-fraction-clipped': 0.4375, 'metric-dp-pairwise-distances': [1.1900532699655741, 1.1280506322703634, 1.1962089619288843, 1.1564285703158628, 1.153689874180903, 1.1000074678255867, 1.0704372282295178, 1.256753370243435, 1.1187023953534663, 1.0995005318739761, 1.1167965650480862, 1.2343013708790143, 1.060028499729621, 1.24033852868403, 1.1515449818689376, 1.0056900591977562, 1.0909459568792954, 1.058395669523937, 1.0357269696736087, 0.9775752848557507, 0.9427693909965456, 1.149644149079298, 0.9930362293574339, 0.9791825985303149, 0.9911862465087324, 1.1310742277807246, 0.9355783455151444, 1.1419132701897372, 1.0460380899021402, 1.0011409755291727, 0.9735034209637282, 0.9679082799702883, 0.8782334747957066, 0.8341599100191767, 1.0870088101752724, 0.9086175979076264, 0.888628888487195, 0.9132183147594333, 1.0579180592515816, 0.8395242714711154, 1.0708519636342924, 0.9638402030492822, 1.0441425162134692, 1.0406675209136058, 0.9754637596197426, 0.9363544662483037, 1.1591578711134691, 0.9921122450614348, 0.9879964391778534, 0.9931712187438583, 1.1387477605603635, 0.9471045263732473, 1.144721896154806, 1.044408662050652, 1.0018542520701885, 0.9363360754214227, 0.891574910415026, 1.1275177932499598, 0.9562660970647509, 0.9413091080108037, 0.9534242663842937, 1.1104922351272155, 0.8970040708663873, 1.1127959995064884, 0.9998966961478194, 0.9362852125583837, 0.8874793692181507, 1.1165416942288477, 0.9561213153259208, 0.9352947616328796, 0.9479192272604754, 1.0868306880195935, 0.8901106698128084, 1.1079985625886668, 0.9975510893855244, 0.7917099314314934, 1.0577323032387842, 0.8649253331823274, 0.8554805262635151, 0.8623651945769476, 1.0283280715035896, 0.805566585312287, 1.0321088363416493, 0.9265490324469283, 1.0352327621076256, 0.8210349476042514, 0.7955555762940397, 0.8192406893940642, 1.002828050404787, 0.7429403804320222, 1.004132488121589, 0.8908788251768177, 1.0796399008637916, 1.0676489655549328, 1.0754770158479612, 1.2078522460845609, 1.0274559365352616, 1.210289378805707, 1.1201092425035313, 0.880221000717332, 0.892625620860296, 1.0562113591004163, 0.8320643891735623, 1.0576370793860406, 0.9549908210368206, 0.8771968934840212, 1.044468319353958, 0.8097929344512522, 1.0441150372304644, 0.9389467721339315, 1.0517980314325541, 0.828775294435521, 1.0619490538568546, 0.9559026795517033, 1.0089209332751732, 1.193026651473095, 1.0969220019566517, 1.0073146037757397, 0.898085150285624, 1.1116808996691059], 'metric-dp-pairwise-client-i': [0, 0, 0, 0, 0, 0, 0, 0, 0, 0, 0, 0, 0, 0, 0, 1, 1, 1, 1, 1, 1, 1, 1, 1, 1, 1, 1, 1, 1, 2, 2, 2, 2, 2, 2, 2, 2, 2, 2, 2, 2, 2, 3, 3, 3, 3, 3, 3, 3, 3, 3, 3, 3, 3, 4, 4, 4, 4, 4, 4, 4, 4, 4, 4, 4, 5, 5, 5, 5, 5, 5, 5, 5, 5, 5, 6, 6, 6, 6, 6, 6, 6, 6, 6, 7, 7, 7, 7, 7, 7, 7, 7, 8, 8, 8, 8, 8, 8, 8, 9, 9, 9, 9, 9, 9, 10, 10, 10, 10, 10, 11, 11, 11, 11, 12, 12, 12, 13, 13, 14], 'metric-dp-pairwise-client-j': [1, 2, 3, 4, 5, 6, 7, 8, 9, 10, 11, 12, 13, 14, 15, 2, 3, 4, 5, 6, 7, 8, 9, 10, 11, 12, 13, 14, 15, 3, 4, 5, 6, 7, 8, 9, 10, 11, 12, 13, 14, 15, 4, 5, 6, 7, 8, 9, 10, 11, 12, 13, 14, 15, 5, 6, 7, 8, 9, 10, 11, 12, 13, 14, 15, 6, 7, 8, 9, 10, 11, 12, 13, 14, 15, 7, 8, 9, 10, 11, 12, 13, 14, 15, 8, 9, 10, 11, 12, 13, 14, 15, 9, 10, 11, 12, 13, 14, 15, 10, 11, 12, 13, 14, 15, 11, 12, 13, 14, 15, 12, 13, 14, 15, 13, 14, 15, 14, 15, 15], 'metric-dp-distance-min': 0.7429403804320222, 'metric-dp-distance-median': 1.0049112736596726, 'metric-dp-distance-mean': 1.0088211135799712, 'metric-dp-distance': 1.256753370243435, 'dp-signal-update-norm': 1.4722794754147444, 'dp-parameter-count': 226596, 'dp-expected-noise-l2-norm': 11.836575775592753, 'dp-noise-to-signal-ratio': 8.039625609980309, 'dp-noise-percent-of-signal': 803.9625609980309, 'metric-dp-noise-stdv': 0.024865658401971767}
[92mINFO [0m:      configure_evaluate: Sampled 16 nodes (out of 16)
[36m(ClientAppActor pid=14051)[0m /usr/lib/python3.12/multiprocessing/popen_fork.py:66: DeprecationWarning: This process (pid=14051) is multi-threaded, use of fork() may lead to deadlocks in the child.[32m [repeated 16x across cluster][0m
[36m(ClientAppActor pid=14051)[0m   self.pid = os.fork()[32m [repeated 16x across cluster][0m
[92mINFO [0m:      aggregate_evaluate: Received 16 results and 0 failures
[92mINFO [0m:      	└──> Aggregated MetricRecord: {'eval_loss': 0.7532159846583957, 'eval_acc': 0.7708727370980816, 'client-ids': [0, 1, 2, 3, 4, 5, 6, 7, 8, 9, 10, 11, 12, 13, 14, 15], 'per-client-eval_acc': [0.7639257294429708, 0.7612456747404844, 0.78, 0.7749077490774908, 0.7865612648221344, 0.7706422018348624, 0.7551020408163265, 0.7263157894736842, 0.7827298050139275, 0.7486338797814208, 0.8076923076923077, 0.7515151515151515, 0.7573099415204678, 0.8482142857142857, 0.7438271604938271, 0.8050847457627118], 'per-client-eval_loss': [0.7795358197442417, 0.8137482537674092, 0.6843827921152115, 0.7243590724424243, 0.5927676702205371, 0.7268377772165001, 0.879559646658346, 0.9021297454833984, 0.7916928413518624, 0.8886538281466791, 0.5366829633533668, 0.7802003731330236, 0.8128679063585069, 0.5107873848506382, 0.8977148626459601, 0.5533302497055571], 'per-client-num-examples': [377, 289, 200, 271, 253, 218, 147, 95, 359, 183, 130, 165, 342, 112, 324, 236]}
[92mINFO [0m:      Global evaluation
[92mINFO [0m:      	└──> MetricRecord: {'loss': 0.7060066204071045, 'accuracy': 0.782, 'f1': 0.7811496238622394, 'precision': 0.7837267453244658, 'auc': 0.9406370000000001}
[92mINFO [0m:      
[92mINFO [0m:      [ROUND 15/20]
[92mINFO [0m:      configure_train: Sampled 16 nodes (out of 16)
[92mINFO [0m:      aggregate_train: maximum pairwise model distance: 1.271916
[92mINFO [0m:      aggregate_train: Received 16 results and 0 failures
[92mINFO [0m:      aggregate_fit: parameters are clipped by value: 5.0000.
[92mINFO [0m:      aggregate_fit: parameters are clipped by value: 5.0000.
[92mINFO [0m:      aggregate_fit: parameters are clipped by value: 5.0000.
[92mINFO [0m:      aggregate_fit: parameters are clipped by value: 5.0000.
[92mINFO [0m:      aggregate_fit: parameters are clipped by value: 5.0000.
[92mINFO [0m:      aggregate_fit: parameters are clipped by value: 5.0000.
[92mINFO [0m:      aggregate_fit: parameters are clipped by value: 5.0000.
[92mINFO [0m:      aggregate_fit: parameters are clipped by value: 5.0000.
[92mINFO [0m:      aggregate_fit: parameters are clipped by value: 5.0000.
[92mINFO [0m:      aggregate_fit: parameters are clipped by value: 5.0000.
[92mINFO [0m:      aggregate_fit: parameters are clipped by value: 5.0000.
[92mINFO [0m:      aggregate_fit: parameters are clipped by value: 5.0000.
[92mINFO [0m:      aggregate_fit: parameters are clipped by value: 5.0000.
[92mINFO [0m:      aggregate_fit: parameters are clipped by value: 5.0000.
[92mINFO [0m:      aggregate_fit: parameters are clipped by value: 5.0000.
[92mINFO [0m:      aggregate_fit: parameters are clipped by value: 5.0000.
[92mINFO [0m:      aggregate_train: Received 16 results and 0 failures
[92mINFO [0m:      aggregate_train: metric-aware noise with 0.024569 stdev added
[92mINFO [0m:      	└──> Aggregated MetricRecord: {'train_loss': 0.07663445137630323, 'train_loss_mean': 0.2624137794283165, 'client-ids': [0, 1, 2, 3, 4, 5, 6, 7, 8, 9, 10, 11, 12, 13, 14, 15], 'per-client-num-examples': [1505, 1152, 800, 1082, 1012, 870, 588, 376, 1435, 729, 517, 659, 1364, 447, 1294, 940], 'per-client-train_loss': [0.10716543269909894, 0.0635162063408643, 0.05851865090429783, 0.07452107164423478, 0.05887797114111689, 0.05134734255957535, 0.052914745142670715, 0.05087554462729616, 0.0823705375506072, 0.07475024046803044, 0.16131404042243958, 0.06384119726660943, 0.08630972904019342, 0.05067677570869459, 0.08429691497196186, 0.07219697788674781], 'per-client-train_loss_mean': [0.3023808660449848, 0.23740927485438684, 0.2533222486227751, 0.2749485559169334, 0.26408805188984263, 0.23447715017516382, 0.2659516740108834, 0.27824287993159696, 0.22976972735301956, 0.2908976993259088, 0.31950048269340103, 0.26499944548935195, 0.2449356406140537, 0.2649753704833771, 0.2541759999068756, 0.2679034546968785], 'dp-client-ids': [0, 1, 2, 3, 4, 5, 6, 7, 8, 9, 10, 11, 12, 13, 14, 15], 'dp-update-norms-before-clipping': [6.636220993522714, 5.200415924153448, 4.490339439961819, 5.201908324673785, 5.003266967955012, 4.893403211088922, 4.066245113818822, 3.513784865013189, 5.881110963097738, 4.520453419902643, 4.2658241236337835, 4.327387751452101, 5.810777280031402, 3.646549177561077, 5.625137576243381, 4.916728984466264], 'dp-client-clipped': [1, 1, 0, 1, 1, 0, 0, 0, 1, 0, 0, 0, 1, 0, 1, 0], 'dp-num-clients-clipped': 7, 'dp-fraction-clipped': 0.4375, 'metric-dp-pairwise-distances': [1.2045802573362987, 1.1496443964230518, 1.2073480426333845, 1.1870360444299877, 1.179809899146979, 1.1120620265913506, 1.0838297644319634, 1.2719162337792416, 1.1500901489829023, 1.132779556637009, 1.1370159150101244, 1.2516544813600678, 1.085256546580543, 1.2370055100570123, 1.1816223462422688, 0.9805876898268858, 1.046605052310042, 1.0373113518580794, 1.0191871718658756, 0.9483278099990761, 0.9058881442567023, 1.1123059676028788, 0.9851989074765394, 0.9706373636921247, 0.9586929048916014, 1.0976528753526509, 0.9109742826549336, 1.0834201087709516, 1.0173884448207293, 0.9703897838480771, 0.9658871633776774, 0.9464603908903276, 0.8616255085604886, 0.8125744241600236, 1.0594395314498495, 0.9120071436433742, 0.8929248134760807, 0.8952168949569265, 1.0450337901323412, 0.8247500370877484, 1.0258266314243276, 0.9524264181187997, 1.029118535341695, 1.0160431799013168, 0.9400621007274216, 0.9012713235182067, 1.1188107738271356, 0.9801856730870592, 0.9609314327438673, 0.9618622908989588, 1.10232832787248, 0.9044322067638859, 1.0952229371371989, 1.0202771475693833, 1.0110754841007292, 0.9366999737297496, 0.8855915324141582, 1.1197365685366094, 0.9667786765300358, 0.9503116120273868, 0.9547450705431402, 1.0989637858389567, 0.8979236101343607, 1.0758065747795627, 1.0058862073346972, 0.9235454729447762, 0.8770841908020278, 1.0857099168933928, 0.9577278715247909, 0.9413373093120754, 0.9337557201118519, 1.072896888634811, 0.8677907933015376, 1.061250763790061, 0.9897263751675686, 0.767762247734936, 1.0330088250339031, 0.8734922079602256, 0.8491536889535686, 0.8562782359852766, 1.008922059244166, 0.7796652066366127, 1.0002295004669577, 0.9092203159040461, 0.9973640532698482, 0.824043233122211, 0.8000597422942519, 0.8065376318215082, 0.979942363104783, 0.7322947466745973, 0.9539147623581812, 0.8739470906245211, 1.0602346748734515, 1.0536572322404634, 1.0372631534701213, 1.180430880165659, 0.9972315793856978, 1.1639802768671264, 1.0973511327368517, 0.8941924183163792, 0.9021326964721084, 1.0550576646346599, 0.829832163406536, 1.025972665908436, 0.9686723035605004, 0.8805190258814642, 1.0329385737422854, 0.8069454904956123, 1.0184162472918008, 0.9359668919350952, 1.0274696386574458, 0.8194023307102422, 1.018501296096171, 0.932275687266762, 0.9840851223949963, 1.1413498580611001, 1.0816355046117678, 0.9641134695072348, 0.8752255621754254, 1.0718676671773817], 'metric-dp-pairwise-client-i': [0, 0, 0, 0, 0, 0, 0, 0, 0, 0, 0, 0, 0, 0, 0, 1, 1, 1, 1, 1, 1, 1, 1, 1, 1, 1, 1, 1, 1, 2, 2, 2, 2, 2, 2, 2, 2, 2, 2, 2, 2, 2, 3, 3, 3, 3, 3, 3, 3, 3, 3, 3, 3, 3, 4, 4, 4, 4, 4, 4, 4, 4, 4, 4, 4, 5, 5, 5, 5, 5, 5, 5, 5, 5, 5, 6, 6, 6, 6, 6, 6, 6, 6, 6, 7, 7, 7, 7, 7, 7, 7, 7, 8, 8, 8, 8, 8, 8, 8, 9, 9, 9, 9, 9, 9, 10, 10, 10, 10, 10, 11, 11, 11, 11, 12, 12, 12, 13, 13, 14], 'metric-dp-pairwise-client-j': [1, 2, 3, 4, 5, 6, 7, 8, 9, 10, 11, 12, 13, 14, 15, 2, 3, 4, 5, 6, 7, 8, 9, 10, 11, 12, 13, 14, 15, 3, 4, 5, 6, 7, 8, 9, 10, 11, 12, 13, 14, 15, 4, 5, 6, 7, 8, 9, 10, 11, 12, 13, 14, 15, 5, 6, 7, 8, 9, 10, 11, 12, 13, 14, 15, 6, 7, 8, 9, 10, 11, 12, 13, 14, 15, 7, 8, 9, 10, 11, 12, 13, 14, 15, 8, 9, 10, 11, 12, 13, 14, 15, 9, 10, 11, 12, 13, 14, 15, 10, 11, 12, 13, 14, 15, 11, 12, 13, 14, 15, 12, 13, 14, 15, 13, 14, 15, 14, 15, 15], 'metric-dp-distance-min': 0.7322947466745973, 'metric-dp-distance-median': 0.987462641322054, 'metric-dp-distance-mean': 0.9946486601935047, 'metric-dp-distance': 1.2719162337792416, 'dp-signal-update-norm': 1.442566613958273, 'dp-parameter-count': 226596, 'dp-expected-noise-l2-norm': 11.695468697587096, 'dp-noise-to-signal-ratio': 8.107402864049225, 'dp-noise-percent-of-signal': 810.7402864049226, 'metric-dp-noise-stdv': 0.02456922804353786}
[92mINFO [0m:      configure_evaluate: Sampled 16 nodes (out of 16)
[36m(ClientAppActor pid=14031)[0m /usr/lib/python3.12/multiprocessing/popen_fork.py:66: DeprecationWarning: This process (pid=14031) is multi-threaded, use of fork() may lead to deadlocks in the child.[32m [repeated 16x across cluster][0m
[36m(ClientAppActor pid=14031)[0m   self.pid = os.fork()[32m [repeated 16x across cluster][0m
[92mINFO [0m:      aggregate_evaluate: Received 16 results and 0 failures
[92mINFO [0m:      	└──> Aggregated MetricRecord: {'eval_loss': 0.816175412880265, 'eval_acc': 0.7646582004863551, 'client-ids': [0, 1, 2, 3, 4, 5, 6, 7, 8, 9, 10, 11, 12, 13, 14, 15], 'per-client-eval_acc': [0.7427055702917772, 0.7474048442906575, 0.75, 0.8044280442804428, 0.766798418972332, 0.7477064220183486, 0.7619047619047619, 0.7157894736842105, 0.7910863509749304, 0.7377049180327869, 0.8, 0.7393939393939394, 0.7777777777777778, 0.8482142857142857, 0.7253086419753086, 0.7966101694915254], 'per-client-eval_loss': [0.8165435082716398, 0.9221588488868405, 0.7669868183135986, 0.7331366556596932, 0.6967388236004374, 0.8762396847436188, 0.9004678855947896, 0.8417397549277857, 0.7645114816330933, 0.9140873997589278, 0.6749401434664972, 0.8838736140366756, 0.8732286364014386, 0.5685071051120758, 0.9936348052442442, 0.6569666054289219], 'per-client-num-examples': [377, 289, 200, 271, 253, 218, 147, 95, 359, 183, 130, 165, 342, 112, 324, 236]}
[92mINFO [0m:      Global evaluation
[92mINFO [0m:      	└──> MetricRecord: {'loss': 0.7826673312187195, 'accuracy': 0.774, 'f1': 0.7696652094849998, 'precision': 0.7775579165901879, 'auc': 0.9334226666666667}
[92mINFO [0m:      
[92mINFO [0m:      [ROUND 16/20]
[92mINFO [0m:      configure_train: Sampled 16 nodes (out of 16)
[92mINFO [0m:      aggregate_train: maximum pairwise model distance: 1.199185
[92mINFO [0m:      aggregate_train: Received 16 results and 0 failures
[92mINFO [0m:      aggregate_fit: parameters are clipped by value: 5.0000.
[92mINFO [0m:      aggregate_fit: parameters are clipped by value: 5.0000.
[92mINFO [0m:      aggregate_fit: parameters are clipped by value: 5.0000.
[92mINFO [0m:      aggregate_fit: parameters are clipped by value: 5.0000.
[92mINFO [0m:      aggregate_fit: parameters are clipped by value: 5.0000.
[92mINFO [0m:      aggregate_fit: parameters are clipped by value: 5.0000.
[92mINFO [0m:      aggregate_fit: parameters are clipped by value: 5.0000.
[92mINFO [0m:      aggregate_fit: parameters are clipped by value: 5.0000.
[92mINFO [0m:      aggregate_fit: parameters are clipped by value: 5.0000.
[92mINFO [0m:      aggregate_fit: parameters are clipped by value: 5.0000.
[92mINFO [0m:      aggregate_fit: parameters are clipped by value: 5.0000.
[92mINFO [0m:      aggregate_fit: parameters are clipped by value: 5.0000.
[92mINFO [0m:      aggregate_fit: parameters are clipped by value: 5.0000.
[92mINFO [0m:      aggregate_fit: parameters are clipped by value: 5.0000.
[92mINFO [0m:      aggregate_fit: parameters are clipped by value: 5.0000.
[92mINFO [0m:      aggregate_fit: parameters are clipped by value: 5.0000.
[92mINFO [0m:      aggregate_train: Received 16 results and 0 failures
[92mINFO [0m:      aggregate_train: metric-aware noise with 0.026059 stdev added
[92mINFO [0m:      	└──> Aggregated MetricRecord: {'train_loss': 0.07474532188058894, 'train_loss_mean': 0.24604629137519363, 'client-ids': [0, 1, 2, 3, 4, 5, 6, 7, 8, 9, 10, 11, 12, 13, 14, 15], 'per-client-num-examples': [1505, 1152, 800, 1082, 1012, 870, 588, 376, 1435, 729, 517, 659, 1364, 447, 1294, 940], 'per-client-train_loss': [0.07707912171402018, 0.057455260617037616, 0.06948880709707737, 0.06682265625643422, 0.07805511797134113, 0.08024608866236675, 0.05868393257355355, 0.05810430574607342, 0.10364658836184479, 0.07695316046026672, 0.10122544692426723, 0.06290360309511468, 0.08066441707553403, 0.0639146572808158, 0.07138698442135197, 0.0629296222027946], 'per-client-train_loss_mean': [0.24017329168651425, 0.21713811381616527, 0.23990938907861709, 0.23386171890935703, 0.24797684106195397, 0.2129722627710508, 0.26650607994643555, 0.32445877725456623, 0.22140219543246026, 0.29367506187025905, 0.3041041304963, 0.2839193666198366, 0.22135343029658117, 0.32648632526731064, 0.24599525170196337, 0.23434481247149885], 'dp-client-ids': [0, 1, 2, 3, 4, 5, 6, 7, 8, 9, 10, 11, 12, 13, 14, 15], 'dp-update-norms-before-clipping': [5.9530837186845815, 5.292159955779027, 4.510572317989228, 4.949000785036908, 4.88794742447845, 4.892210292539766, 4.082786890228016, 3.527285055648185, 5.946956939647133, 4.465662793994086, 4.086976924667136, 4.273256632161586, 5.577579733307878, 3.4415104247974546, 5.598875735925545, 4.939382586877952], 'dp-client-clipped': [1, 1, 0, 0, 0, 0, 0, 0, 1, 0, 0, 0, 1, 0, 1, 0], 'dp-num-clients-clipped': 5, 'dp-fraction-clipped': 0.3125, 'metric-dp-pairwise-distances': [1.127498380529384, 1.0611133265774697, 1.1051688413911809, 1.095024730078876, 1.1027820125843089, 1.0319623594017078, 0.9988526050777485, 1.1991850468718137, 1.055120258204018, 1.027967101118217, 1.0542247396272917, 1.1560190292075276, 0.9852917280513793, 1.1495986573087673, 1.1079398985020816, 0.9911350741361579, 1.0227487035250913, 1.026790534844622, 1.023797155668338, 0.9561251937799776, 0.9167358914855868, 1.131560804399972, 0.993662923729668, 0.9554864684275041, 0.9675388965988532, 1.085206787121327, 0.9079892792894194, 1.0917410251374047, 1.0362625427078456, 0.9343869638784478, 0.9524024698184803, 0.948206155638521, 0.8634934404399246, 0.8165801959888389, 1.0581841513824959, 0.9060000220391279, 0.8651774582685903, 0.8933938790190344, 1.0283819484369208, 0.813937183159093, 1.0225294466751318, 0.9574108966626227, 0.9902589774380127, 0.9907194652284185, 0.9142027009123316, 0.8708766804387172, 1.1027820378852387, 0.9564571751980111, 0.9182544984699538, 0.9323853353659312, 1.059568501310423, 0.8624133526269967, 1.0614455086179078, 0.9968503622803837, 0.9937515736867985, 0.9136162257442871, 0.873791152300934, 1.1039731671723227, 0.9489702213710794, 0.9174886383892348, 0.9365607090682412, 1.069430964727265, 0.8628046485828236, 1.0625216842939456, 0.9954382687186202, 0.9297838628602525, 0.8775895744717369, 1.095236645778641, 0.9486866767983884, 0.9135695983810971, 0.9404276402201504, 1.0561836601700634, 0.8596997816736499, 1.0641273725777864, 1.0055943821401645, 0.7767020418153455, 1.0428022666213412, 0.8678682200843468, 0.8347600429163625, 0.8588599753178036, 0.9906849793236082, 0.77378864477699, 1.0015458394773304, 0.918383781487743, 1.008000290952623, 0.8219765215568865, 0.7819535644569745, 0.7997767310589552, 0.9537685956262673, 0.7125810052578648, 0.9527328872742752, 0.8796037599289169, 1.070295051438734, 1.0404927867930382, 1.0482586641640712, 1.1572843281707417, 0.98867221789745, 1.1739101469671975, 1.1092851085898776, 0.8681072167431315, 0.8963029521595066, 1.0333550347325702, 0.8142221114442995, 1.030922874653091, 0.9611520623633018, 0.8520097325866421, 0.9954529954120517, 0.7652047846155862, 1.0030450477885704, 0.9291253476403654, 1.0092779918146941, 0.7991988679083685, 1.0151815853702526, 0.9396379486424848, 0.9506798579823226, 1.124272008581708, 1.0683010686576988, 0.9462207641918212, 0.8682836020210137, 1.0658609508536756], 'metric-dp-pairwise-client-i': [0, 0, 0, 0, 0, 0, 0, 0, 0, 0, 0, 0, 0, 0, 0, 1, 1, 1, 1, 1, 1, 1, 1, 1, 1, 1, 1, 1, 1, 2, 2, 2, 2, 2, 2, 2, 2, 2, 2, 2, 2, 2, 3, 3, 3, 3, 3, 3, 3, 3, 3, 3, 3, 3, 4, 4, 4, 4, 4, 4, 4, 4, 4, 4, 4, 5, 5, 5, 5, 5, 5, 5, 5, 5, 5, 6, 6, 6, 6, 6, 6, 6, 6, 6, 7, 7, 7, 7, 7, 7, 7, 7, 8, 8, 8, 8, 8, 8, 8, 9, 9, 9, 9, 9, 9, 10, 10, 10, 10, 10, 11, 11, 11, 11, 12, 12, 12, 13, 13, 14], 'metric-dp-pairwise-client-j': [1, 2, 3, 4, 5, 6, 7, 8, 9, 10, 11, 12, 13, 14, 15, 2, 3, 4, 5, 6, 7, 8, 9, 10, 11, 12, 13, 14, 15, 3, 4, 5, 6, 7, 8, 9, 10, 11, 12, 13, 14, 15, 4, 5, 6, 7, 8, 9, 10, 11, 12, 13, 14, 15, 5, 6, 7, 8, 9, 10, 11, 12, 13, 14, 15, 6, 7, 8, 9, 10, 11, 12, 13, 14, 15, 7, 8, 9, 10, 11, 12, 13, 14, 15, 8, 9, 10, 11, 12, 13, 14, 15, 9, 10, 11, 12, 13, 14, 15, 10, 11, 12, 13, 14, 15, 11, 12, 13, 14, 15, 12, 13, 14, 15, 13, 14, 15, 14, 15, 15], 'metric-dp-distance-min': 0.7125810052578648, 'metric-dp-distance-median': 0.9894655976677313, 'metric-dp-distance-mean': 0.9745823125817374, 'metric-dp-distance': 1.1991850468718137, 'dp-signal-update-norm': 1.427034070734862, 'dp-parameter-count': 226596, 'dp-expected-noise-l2-norm': 12.404804860536355, 'dp-noise-to-signal-ratio': 8.692718075153179, 'dp-noise-percent-of-signal': 869.2718075153178, 'metric-dp-noise-stdv': 0.026059364300379285}
[92mINFO [0m:      configure_evaluate: Sampled 16 nodes (out of 16)
[36m(ClientAppActor pid=14033)[0m /usr/lib/python3.12/multiprocessing/popen_fork.py:66: DeprecationWarning: This process (pid=14033) is multi-threaded, use of fork() may lead to deadlocks in the child.[32m [repeated 16x across cluster][0m
[36m(ClientAppActor pid=14033)[0m   self.pid = os.fork()[32m [repeated 16x across cluster][0m
[92mINFO [0m:      aggregate_evaluate: Received 16 results and 0 failures
[92mINFO [0m:      	└──> Aggregated MetricRecord: {'eval_loss': 0.8857877533174212, 'eval_acc': 0.7462847878951635, 'client-ids': [0, 1, 2, 3, 4, 5, 6, 7, 8, 9, 10, 11, 12, 13, 14, 15], 'per-client-eval_acc': [0.7320954907161804, 0.754325259515571, 0.74, 0.7601476014760148, 0.7786561264822134, 0.7201834862385321, 0.7551020408163265, 0.6947368421052632, 0.7604456824512534, 0.726775956284153, 0.7846153846153846, 0.7090909090909091, 0.7660818713450293, 0.7946428571428571, 0.7098765432098766, 0.75], 'per-client-eval_loss': [0.9713318012753596, 0.8968167180050133, 0.7973727011680602, 0.8120273188911241, 0.7513736302673582, 1.0430177023651404, 0.9877462387084961, 0.9800779844585218, 0.8971634442427696, 0.9597250412070686, 0.6804817539102469, 0.9328005214532217, 0.8357027343839233, 0.611091992684773, 1.0258295809229214, 0.8089212795435372], 'per-client-num-examples': [377, 289, 200, 271, 253, 218, 147, 95, 359, 183, 130, 165, 342, 112, 324, 236]}
[92mINFO [0m:      Global evaluation
[92mINFO [0m:      	└──> MetricRecord: {'loss': 0.8672445511817932, 'accuracy': 0.753, 'f1': 0.7489624028081832, 'precision': 0.7594490972597111, 'auc': 0.92616975}
[92mINFO [0m:      
[92mINFO [0m:      [ROUND 17/20]
[92mINFO [0m:      configure_train: Sampled 16 nodes (out of 16)
[92mINFO [0m:      aggregate_train: maximum pairwise model distance: 1.256457
[92mINFO [0m:      aggregate_train: Received 16 results and 0 failures
[92mINFO [0m:      aggregate_fit: parameters are clipped by value: 5.0000.
[92mINFO [0m:      aggregate_fit: parameters are clipped by value: 5.0000.
[92mINFO [0m:      aggregate_fit: parameters are clipped by value: 5.0000.
[92mINFO [0m:      aggregate_fit: parameters are clipped by value: 5.0000.
[92mINFO [0m:      aggregate_fit: parameters are clipped by value: 5.0000.
[92mINFO [0m:      aggregate_fit: parameters are clipped by value: 5.0000.
[92mINFO [0m:      aggregate_fit: parameters are clipped by value: 5.0000.
[92mINFO [0m:      aggregate_fit: parameters are clipped by value: 5.0000.
[92mINFO [0m:      aggregate_fit: parameters are clipped by value: 5.0000.
[92mINFO [0m:      aggregate_fit: parameters are clipped by value: 5.0000.
[92mINFO [0m:      aggregate_fit: parameters are clipped by value: 5.0000.
[92mINFO [0m:      aggregate_fit: parameters are clipped by value: 5.0000.
[92mINFO [0m:      aggregate_fit: parameters are clipped by value: 5.0000.
[92mINFO [0m:      aggregate_fit: parameters are clipped by value: 5.0000.
[92mINFO [0m:      aggregate_fit: parameters are clipped by value: 5.0000.
[92mINFO [0m:      aggregate_fit: parameters are clipped by value: 5.0000.
[92mINFO [0m:      aggregate_train: Received 16 results and 0 failures
[92mINFO [0m:      aggregate_train: metric-aware noise with 0.024872 stdev added
[92mINFO [0m:      	└──> Aggregated MetricRecord: {'train_loss': 0.0794264160633874, 'train_loss_mean': 0.253007611980529, 'client-ids': [0, 1, 2, 3, 4, 5, 6, 7, 8, 9, 10, 11, 12, 13, 14, 15], 'per-client-num-examples': [1505, 1152, 800, 1082, 1012, 870, 588, 376, 1435, 729, 517, 659, 1364, 447, 1294, 940], 'per-client-train_loss': [0.12052987099089892, 0.07218882894246942, 0.07825062237679958, 0.07852833121739562, 0.06938102906164915, 0.0609321762754143, 0.11331507682698924, 0.059944229874205085, 0.09169202730033664, 0.06375478363668723, 0.0708274182213229, 0.06426384511413633, 0.055307747311398515, 0.06143033440314417, 0.10283720938969616, 0.05916458984955828], 'per-client-train_loss_mean': [0.280639438978582, 0.23198618014963968, 0.23894587217271326, 0.2667543895666568, 0.25016241796285266, 0.21700130930106187, 0.2663965231555254, 0.31671169438260666, 0.21857493166594347, 0.2707057574981075, 0.31576551447480167, 0.26866732928817116, 0.22143102450613097, 0.27848725463419954, 0.2616369339676324, 0.2483732019055714], 'dp-client-ids': [0, 1, 2, 3, 4, 5, 6, 7, 8, 9, 10, 11, 12, 13, 14, 15], 'dp-update-norms-before-clipping': [6.579390208841165, 4.982307681588518, 4.505287625975128, 5.263966888308869, 4.980805858826412, 4.645796493209126, 4.104754043578811, 3.5051869182927846, 5.764210687627111, 4.377269367668339, 4.0861012376683, 4.355289412681741, 5.473355485428831, 3.6673061374237035, 5.58862000320426, 4.946346221993659], 'dp-client-clipped': [1, 0, 0, 1, 0, 0, 0, 0, 1, 0, 0, 0, 1, 0, 1, 0], 'dp-num-clients-clipped': 5, 'dp-fraction-clipped': 0.3125, 'metric-dp-pairwise-distances': [1.1831513102321576, 1.1481411580462009, 1.2108369776979089, 1.1829778663814068, 1.1596789126439642, 1.1194758846152884, 1.0830490518516551, 1.2564565491241713, 1.1333862329289939, 1.1153159936269124, 1.1372225936502218, 1.213339756320541, 1.0831222221022472, 1.2358752749860287, 1.1897294864368935, 0.9667226524713138, 1.0293761731203024, 1.0173143153854955, 0.9699244701769203, 0.9193281424231827, 0.8756277312835058, 1.08029701304622, 0.9509381748503074, 0.9212622873019427, 0.9476175136514939, 1.048433097351032, 0.8897716392142078, 1.0624331782261531, 1.007832638764133, 0.980954507443433, 0.9673493427690119, 0.9212577226959789, 0.8704820869412894, 0.8129707655558983, 1.0505943454336375, 0.9005926771011824, 0.8737520384602249, 0.8963649623716871, 1.0135411709779873, 0.8314957651309669, 1.0300587460709114, 0.9612251497649899, 1.0411143045251567, 1.0037639797665179, 0.9579363443578283, 0.9112518452263126, 1.1132797074193757, 0.9823433336568996, 0.9577505061558137, 0.9789255349508797, 1.0798901721912746, 0.921825919765979, 1.0917697390541434, 1.0304306687321514, 0.9741461596762141, 0.9324448393502583, 0.8844738837797195, 1.0990510104068865, 0.9601630729157478, 0.9396703851719698, 0.9540094935024778, 1.061118468719845, 0.8980408422648907, 1.0725692476456363, 1.0140032965379457, 0.9030539862190684, 0.8426110128251215, 1.0599335158864658, 0.9145760043368986, 0.8899422778437535, 0.9103827679840227, 1.0242828305345029, 0.854055588444074, 1.0402076243578147, 0.9802237731249382, 0.7749481155381849, 1.0271972145419568, 0.8674697916721925, 0.8381021756989261, 0.8669919314561412, 0.9858520271178955, 0.8033583028009161, 1.000704208233704, 0.9301061752097061, 0.985654394607991, 0.8050085043845078, 0.7769298354784647, 0.8105644075355182, 0.9397041990111271, 0.7349437531083822, 0.94915368516619, 0.8737771330246081, 1.0412277871510014, 1.023272686637938, 1.0369714513265837, 1.1361004219700892, 0.9886373648187146, 1.1472593632837136, 1.0965698544556897, 0.8653011988693228, 0.8956624482913563, 1.0008657602593303, 0.8253210989447931, 1.0139875207096338, 0.9580634168038765, 0.8608358128306767, 0.9741813826840371, 0.7816928267323723, 0.9893496114139756, 0.9249480022893598, 0.9958509161563901, 0.8189774242540201, 1.0120689050915341, 0.9456342168074722, 0.9510956115555018, 1.115229115045319, 1.0492434101955344, 0.9579144807842871, 0.8897875811283787, 1.0760186680903037], 'metric-dp-pairwise-client-i': [0, 0, 0, 0, 0, 0, 0, 0, 0, 0, 0, 0, 0, 0, 0, 1, 1, 1, 1, 1, 1, 1, 1, 1, 1, 1, 1, 1, 1, 2, 2, 2, 2, 2, 2, 2, 2, 2, 2, 2, 2, 2, 3, 3, 3, 3, 3, 3, 3, 3, 3, 3, 3, 3, 4, 4, 4, 4, 4, 4, 4, 4, 4, 4, 4, 5, 5, 5, 5, 5, 5, 5, 5, 5, 5, 6, 6, 6, 6, 6, 6, 6, 6, 6, 7, 7, 7, 7, 7, 7, 7, 7, 8, 8, 8, 8, 8, 8, 8, 9, 9, 9, 9, 9, 9, 10, 10, 10, 10, 10, 11, 11, 11, 11, 12, 12, 12, 13, 13, 14], 'metric-dp-pairwise-client-j': [1, 2, 3, 4, 5, 6, 7, 8, 9, 10, 11, 12, 13, 14, 15, 2, 3, 4, 5, 6, 7, 8, 9, 10, 11, 12, 13, 14, 15, 3, 4, 5, 6, 7, 8, 9, 10, 11, 12, 13, 14, 15, 4, 5, 6, 7, 8, 9, 10, 11, 12, 13, 14, 15, 5, 6, 7, 8, 9, 10, 11, 12, 13, 14, 15, 6, 7, 8, 9, 10, 11, 12, 13, 14, 15, 7, 8, 9, 10, 11, 12, 13, 14, 15, 8, 9, 10, 11, 12, 13, 14, 15, 9, 10, 11, 12, 13, 14, 15, 10, 11, 12, 13, 14, 15, 11, 12, 13, 14, 15, 12, 13, 14, 15, 13, 14, 15, 14, 15, 15], 'metric-dp-distance-min': 0.7349437531083822, 'metric-dp-distance-median': 0.9765534588174585, 'metric-dp-distance-mean': 0.9822587825760517, 'metric-dp-distance': 1.2564565491241713, 'dp-signal-update-norm': 1.430066568945065, 'dp-parameter-count': 226596, 'dp-expected-noise-l2-norm': 11.839372008914477, 'dp-noise-to-signal-ratio': 8.278895728363313, 'dp-noise-percent-of-signal': 827.8895728363312, 'metric-dp-noise-stdv': 0.024871532582470286}
[92mINFO [0m:      configure_evaluate: Sampled 16 nodes (out of 16)
[36m(ClientAppActor pid=14051)[0m /usr/lib/python3.12/multiprocessing/popen_fork.py:66: DeprecationWarning: This process (pid=14051) is multi-threaded, use of fork() may lead to deadlocks in the child.[32m [repeated 16x across cluster][0m
[36m(ClientAppActor pid=14051)[0m   self.pid = os.fork()[32m [repeated 16x across cluster][0m
[92mINFO [0m:      aggregate_evaluate: Received 16 results and 0 failures
[92mINFO [0m:      	└──> Aggregated MetricRecord: {'eval_loss': 1.0343946959263415, 'eval_acc': 0.7211564442042692, 'client-ids': [0, 1, 2, 3, 4, 5, 6, 7, 8, 9, 10, 11, 12, 13, 14, 15], 'per-client-eval_acc': [0.7055702917771883, 0.7058823529411765, 0.725, 0.7158671586715867, 0.7312252964426877, 0.7018348623853211, 0.6802721088435374, 0.7157894736842105, 0.724233983286908, 0.7213114754098361, 0.7846153846153846, 0.6909090909090909, 0.716374269005848, 0.7946428571428571, 0.7345679012345679, 0.7372881355932204], 'per-client-eval_loss': [1.0942659757497772, 1.1092995038535707, 1.0442963647842407, 0.9652027714296461, 0.9316055124456232, 1.0512970478162853, 1.177365711757115, 0.9542174289101049, 1.0927346370346367, 1.181898804961658, 0.8304559410979542, 1.04457836078875, 1.0927738390470807, 0.6595491000584194, 1.016800906210218, 0.975431296784999], 'per-client-num-examples': [377, 289, 200, 271, 253, 218, 147, 95, 359, 183, 130, 165, 342, 112, 324, 236]}
[92mINFO [0m:      Global evaluation
[92mINFO [0m:      	└──> MetricRecord: {'loss': 1.027300726890564, 'accuracy': 0.7065, 'f1': 0.7077850500762443, 'precision': 0.7479519496630602, 'auc': 0.9095774583333334}
[92mINFO [0m:      
[92mINFO [0m:      [ROUND 18/20]
[92mINFO [0m:      configure_train: Sampled 16 nodes (out of 16)
[92mINFO [0m:      aggregate_train: maximum pairwise model distance: 1.296934
[92mINFO [0m:      aggregate_train: Received 16 results and 0 failures
[92mINFO [0m:      aggregate_fit: parameters are clipped by value: 5.0000.
[92mINFO [0m:      aggregate_fit: parameters are clipped by value: 5.0000.
[92mINFO [0m:      aggregate_fit: parameters are clipped by value: 5.0000.
[92mINFO [0m:      aggregate_fit: parameters are clipped by value: 5.0000.
[92mINFO [0m:      aggregate_fit: parameters are clipped by value: 5.0000.
[92mINFO [0m:      aggregate_fit: parameters are clipped by value: 5.0000.
[92mINFO [0m:      aggregate_fit: parameters are clipped by value: 5.0000.
[92mINFO [0m:      aggregate_fit: parameters are clipped by value: 5.0000.
[92mINFO [0m:      aggregate_fit: parameters are clipped by value: 5.0000.
[92mINFO [0m:      aggregate_fit: parameters are clipped by value: 5.0000.
[92mINFO [0m:      aggregate_fit: parameters are clipped by value: 5.0000.
[92mINFO [0m:      aggregate_fit: parameters are clipped by value: 5.0000.
[92mINFO [0m:      aggregate_fit: parameters are clipped by value: 5.0000.
[92mINFO [0m:      aggregate_fit: parameters are clipped by value: 5.0000.
[92mINFO [0m:      aggregate_fit: parameters are clipped by value: 5.0000.
[92mINFO [0m:      aggregate_fit: parameters are clipped by value: 5.0000.
[92mINFO [0m:      aggregate_train: Received 16 results and 0 failures
[92mINFO [0m:      aggregate_train: metric-aware noise with 0.024095 stdev added
[92mINFO [0m:      	└──> Aggregated MetricRecord: {'train_loss': 0.0965359531992765, 'train_loss_mean': 0.25409424909311135, 'client-ids': [0, 1, 2, 3, 4, 5, 6, 7, 8, 9, 10, 11, 12, 13, 14, 15], 'per-client-num-examples': [1505, 1152, 800, 1082, 1012, 870, 588, 376, 1435, 729, 517, 659, 1364, 447, 1294, 940], 'per-client-train_loss': [0.2878625263803425, 0.06410248365460171, 0.060795029029250144, 0.0925599038256625, 0.0796883516160867, 0.03678964380785052, 0.07656179054253766, 0.049953402911729, 0.06339573934933865, 0.08821045514323911, 0.08697184095991418, 0.048693756633671356, 0.09115575463715886, 0.07765653156060767, 0.10275787708869166, 0.07358411158177447], 'per-client-train_loss_mean': [0.25807404265315903, 0.24502486744895577, 0.23460394531488418, 0.27227669409622546, 0.2555368156742909, 0.21748136084409025, 0.30617146560428093, 0.31116793312607927, 0.23179148689898882, 0.30222596225261034, 0.326615860372263, 0.28217531243319394, 0.20126813412193328, 0.3179546019208245, 0.24069501639615853, 0.23330127469561202], 'dp-client-ids': [0, 1, 2, 3, 4, 5, 6, 7, 8, 9, 10, 11, 12, 13, 14, 15], 'dp-update-norms-before-clipping': [6.813833944996066, 5.198121466011004, 4.4339535195275, 5.3877552467473935, 5.191554712567356, 4.524400725299894, 4.236866547633233, 3.5333071577222706, 5.854266283500703, 4.482076641535457, 4.186484332408026, 4.271216765085551, 5.688062386861005, 3.7286132204167677, 5.794689668160503, 4.933992159219957], 'dp-client-clipped': [1, 1, 0, 1, 1, 0, 0, 0, 1, 0, 0, 0, 1, 0, 1, 0], 'dp-num-clients-clipped': 7, 'dp-fraction-clipped': 0.4375, 'metric-dp-pairwise-distances': [1.242429988924414, 1.1881817661536236, 1.2648243997246027, 1.2524831949267536, 1.1919885704216238, 1.1721542614977807, 1.1345682208581518, 1.2967552506985764, 1.1901902539345126, 1.165892575867474, 1.1798376156948507, 1.2826998982733737, 1.1300297607667744, 1.296934193155418, 1.2204347997127722, 0.9870127914473414, 1.060204074330007, 1.0568239074976493, 0.9759899992495775, 0.954967052442953, 0.9115355959317336, 1.1146468377361696, 0.9814088047326853, 0.9556642092453936, 0.968085725326091, 1.092505107478549, 0.918445572645093, 1.110012809202696, 1.0278510955783229, 0.9960311773853997, 0.9909249546471983, 0.9141689008489872, 0.879590327385813, 0.8160300750751048, 1.0513672737482314, 0.9073101916195204, 0.8826677758867542, 0.8943497150515517, 1.0356004709222664, 0.8263296895893291, 1.0518943569622934, 0.9590712225375077, 1.0704598851734772, 1.0089701348139595, 0.978054600690181, 0.9312927736900747, 1.1404461026346933, 1.0014238926426817, 0.9828220623700569, 0.9873627511163553, 1.1173104412543278, 0.939380059329172, 1.1297986314942439, 1.0403934371036787, 0.9858145671120534, 0.9641347756454101, 0.9087920115174105, 1.1294878340171028, 0.9841966580521936, 0.9673031180476149, 0.9709917559133222, 1.110101434091727, 0.9261390468260894, 1.1210433423984796, 1.031685436066861, 0.893657004693523, 0.8327471301502859, 1.0564333481209662, 0.9207755711395293, 0.8909081737122809, 0.8967927804527184, 1.0385112583947678, 0.8448926785495132, 1.0564477179044236, 0.9689535917714238, 0.7920269726309925, 1.042320008467262, 0.8802954576870737, 0.8568304285872728, 0.8647383795275042, 1.0181680580911536, 0.8041504135083718, 1.0273471921682358, 0.9400068919640034, 0.9919405430555344, 0.820933898522829, 0.7982308199473968, 0.8025732742777715, 0.9724736164789647, 0.738492391227434, 0.9871746699791402, 0.8787864289867381, 1.0570596538794537, 1.035150278902923, 1.0446138884872198, 1.1689209363733728, 1.0034753410533692, 1.1767587360615532, 1.094385042320937, 0.887347702945893, 0.8887918456457555, 1.0425084969804932, 0.8363351666678985, 1.0509614568048466, 0.96198569641759, 0.8644151378733417, 1.0145923364907503, 0.804572178904588, 1.0286912821078051, 0.9319244476500899, 1.0312856154050678, 0.8179384344257414, 1.0401486622480054, 0.9369955092358092, 0.9856360086705536, 1.1591663958970457, 1.0799124907546986, 0.9884059032580504, 0.8897936462114254, 1.1008206733192007], 'metric-dp-pairwise-client-i': [0, 0, 0, 0, 0, 0, 0, 0, 0, 0, 0, 0, 0, 0, 0, 1, 1, 1, 1, 1, 1, 1, 1, 1, 1, 1, 1, 1, 1, 2, 2, 2, 2, 2, 2, 2, 2, 2, 2, 2, 2, 2, 3, 3, 3, 3, 3, 3, 3, 3, 3, 3, 3, 3, 4, 4, 4, 4, 4, 4, 4, 4, 4, 4, 4, 5, 5, 5, 5, 5, 5, 5, 5, 5, 5, 6, 6, 6, 6, 6, 6, 6, 6, 6, 7, 7, 7, 7, 7, 7, 7, 7, 8, 8, 8, 8, 8, 8, 8, 9, 9, 9, 9, 9, 9, 10, 10, 10, 10, 10, 11, 11, 11, 11, 12, 12, 12, 13, 13, 14], 'metric-dp-pairwise-client-j': [1, 2, 3, 4, 5, 6, 7, 8, 9, 10, 11, 12, 13, 14, 15, 2, 3, 4, 5, 6, 7, 8, 9, 10, 11, 12, 13, 14, 15, 3, 4, 5, 6, 7, 8, 9, 10, 11, 12, 13, 14, 15, 4, 5, 6, 7, 8, 9, 10, 11, 12, 13, 14, 15, 5, 6, 7, 8, 9, 10, 11, 12, 13, 14, 15, 6, 7, 8, 9, 10, 11, 12, 13, 14, 15, 7, 8, 9, 10, 11, 12, 13, 14, 15, 8, 9, 10, 11, 12, 13, 14, 15, 9, 10, 11, 12, 13, 14, 15, 10, 11, 12, 13, 14, 15, 11, 12, 13, 14, 15, 12, 13, 14, 15, 13, 14, 15, 14, 15, 15], 'metric-dp-distance-min': 0.738492391227434, 'metric-dp-distance-median': 0.9896654289526243, 'metric-dp-distance-mean': 1.0041375073508891, 'metric-dp-distance': 1.296934193155418, 'dp-signal-update-norm': 1.4504472898417127, 'dp-parameter-count': 226596, 'dp-expected-noise-l2-norm': 11.469862215542165, 'dp-noise-to-signal-ratio': 7.907810436044091, 'dp-noise-percent-of-signal': 790.7810436044091, 'metric-dp-noise-stdv': 0.024095285763088184}
[92mINFO [0m:      configure_evaluate: Sampled 16 nodes (out of 16)
[36m(ClientAppActor pid=14038)[0m /usr/lib/python3.12/multiprocessing/popen_fork.py:66: DeprecationWarning: This process (pid=14038) is multi-threaded, use of fork() may lead to deadlocks in the child.[32m [repeated 16x across cluster][0m
[36m(ClientAppActor pid=14038)[0m   self.pid = os.fork()[32m [repeated 16x across cluster][0m
[92mINFO [0m:      aggregate_evaluate: Received 16 results and 0 failures
[92mINFO [0m:      	└──> Aggregated MetricRecord: {'eval_loss': 0.7643685860172633, 'eval_acc': 0.7597946500945691, 'client-ids': [0, 1, 2, 3, 4, 5, 6, 7, 8, 9, 10, 11, 12, 13, 14, 15], 'per-client-eval_acc': [0.7453580901856764, 0.7197231833910035, 0.775, 0.7896678966789668, 0.7865612648221344, 0.7614678899082569, 0.7278911564625851, 0.7473684210526316, 0.7743732590529248, 0.726775956284153, 0.7846153846153846, 0.7454545454545455, 0.7426900584795322, 0.8125, 0.7561728395061729, 0.7838983050847458], 'per-client-eval_loss': [0.869508328425157, 0.8728843777634648, 0.6671334791183472, 0.7434489471885991, 0.668864887222471, 0.6838426546219292, 0.9727902185349238, 0.7644011045757093, 0.735268595490947, 0.747375071374445, 0.6100594535684929, 0.5853116945786909, 0.8948104060881319, 0.564285968031202, 0.9172072204025348, 0.5806111016515958], 'per-client-num-examples': [377, 289, 200, 271, 253, 218, 147, 95, 359, 183, 130, 165, 342, 112, 324, 236]}
[92mINFO [0m:      Global evaluation
[92mINFO [0m:      	└──> MetricRecord: {'loss': 0.7172691531181336, 'accuracy': 0.775, 'f1': 0.7760847050448059, 'precision': 0.783488863273913, 'auc': 0.9411641249999998}
[92mINFO [0m:      
[92mINFO [0m:      [ROUND 19/20]
[92mINFO [0m:      configure_train: Sampled 16 nodes (out of 16)
[92mINFO [0m:      aggregate_train: maximum pairwise model distance: 1.202248
[92mINFO [0m:      aggregate_train: Received 16 results and 0 failures
[92mINFO [0m:      aggregate_fit: parameters are clipped by value: 5.0000.
[92mINFO [0m:      aggregate_fit: parameters are clipped by value: 5.0000.
[92mINFO [0m:      aggregate_fit: parameters are clipped by value: 5.0000.
[92mINFO [0m:      aggregate_fit: parameters are clipped by value: 5.0000.
[92mINFO [0m:      aggregate_fit: parameters are clipped by value: 5.0000.
[92mINFO [0m:      aggregate_fit: parameters are clipped by value: 5.0000.
[92mINFO [0m:      aggregate_fit: parameters are clipped by value: 5.0000.
[92mINFO [0m:      aggregate_fit: parameters are clipped by value: 5.0000.
[92mINFO [0m:      aggregate_fit: parameters are clipped by value: 5.0000.
[92mINFO [0m:      aggregate_fit: parameters are clipped by value: 5.0000.
[92mINFO [0m:      aggregate_fit: parameters are clipped by value: 5.0000.
[92mINFO [0m:      aggregate_fit: parameters are clipped by value: 5.0000.
[92mINFO [0m:      aggregate_fit: parameters are clipped by value: 5.0000.
[92mINFO [0m:      aggregate_fit: parameters are clipped by value: 5.0000.
[92mINFO [0m:      aggregate_fit: parameters are clipped by value: 5.0000.
[92mINFO [0m:      aggregate_fit: parameters are clipped by value: 5.0000.
[92mINFO [0m:      aggregate_train: Received 16 results and 0 failures
[92mINFO [0m:      aggregate_train: metric-aware noise with 0.025993 stdev added
[92mINFO [0m:      	└──> Aggregated MetricRecord: {'train_loss': 0.07066434927110687, 'train_loss_mean': 0.23263637174146545, 'client-ids': [0, 1, 2, 3, 4, 5, 6, 7, 8, 9, 10, 11, 12, 13, 14, 15], 'per-client-num-examples': [1505, 1152, 800, 1082, 1012, 870, 588, 376, 1435, 729, 517, 659, 1364, 447, 1294, 940], 'per-client-train_loss': [0.07829119915582018, 0.06508625135757029, 0.045254821218550206, 0.08039434390855255, 0.09401681927942004, 0.04341363074022463, 0.0845998348731573, 0.05379369700367146, 0.06187227069812369, 0.04039675991251472, 0.08277195783032958, 0.047614057025446785, 0.05003670048066947, 0.06755922051350809, 0.1082321412320115, 0.09991504099774869], 'per-client-train_loss_mean': [0.21247679590720364, 0.23606008898156383, 0.25754185204952956, 0.2563897612609672, 0.22172629201836264, 0.2148422358253564, 0.2546361129959019, 0.32073105301787247, 0.18322024709983153, 0.24221268165933255, 0.33266244146511736, 0.2550478578306316, 0.19830532888403912, 0.24597401857976148, 0.24120980924487667, 0.22035220824657603], 'dp-client-ids': [0, 1, 2, 3, 4, 5, 6, 7, 8, 9, 10, 11, 12, 13, 14, 15], 'dp-update-norms-before-clipping': [5.995187440571547, 5.210730373793447, 4.418023946058584, 5.143180280040574, 5.172924505440658, 4.8474128609549325, 4.237400798435099, 3.521674959859286, 5.711750394895899, 4.411613011546422, 4.171732528330795, 4.1716613113670595, 5.492730318830748, 3.7529762474453947, 5.733075860495167, 5.207800452529696], 'dp-client-clipped': [1, 1, 0, 1, 1, 0, 0, 0, 1, 0, 0, 0, 1, 0, 1, 1], 'dp-num-clients-clipped': 8, 'dp-fraction-clipped': 0.5, 'metric-dp-pairwise-distances': [1.1417366203386337, 1.0766613803183038, 1.1370508985904355, 1.1382141808086697, 1.10786979952051, 1.0659532931943734, 1.0159403265764315, 1.2022476349181186, 1.0766343174812694, 1.0551226212022204, 1.0647966156248003, 1.1620233523038526, 1.02195255838645, 1.1908075409010053, 1.1467716942230861, 0.9925439051973323, 1.0570955929967265, 1.05292225535959, 1.0271160066282998, 0.9712498363417884, 0.9121351801635077, 1.1131466765267153, 0.9815467460236201, 0.9622600208967924, 0.9640144119427229, 1.0834916482757155, 0.934897884571304, 1.1216479431216915, 1.0565808451889704, 0.970618535609295, 0.9844460788493355, 0.9489407724856088, 0.8896825164556503, 0.8206318017716209, 1.0419352337097127, 0.9059067646351954, 0.8780246236516783, 0.8825303873357674, 1.0153540368191898, 0.8420204167099049, 1.0479313080819945, 0.9869742680651447, 1.0389756299943353, 1.0147133939123403, 0.9606940844096243, 0.9073446793481708, 1.1173338395698618, 0.9797224776508907, 0.9607933317311108, 0.9636548087000847, 1.080484496274342, 0.9160035896735886, 1.0996785103343427, 1.0571380549420912, 1.0161862501408905, 0.9662362807430327, 0.9025105255423114, 1.1147753986685227, 0.972342289906616, 0.9652291924382249, 0.9592323440592736, 1.0820032175785552, 0.924665749228249, 1.1007616487331688, 1.0534067930032809, 0.9336603605188429, 0.8728555186341206, 1.0811256483818095, 0.951337713127335, 0.9219990061440816, 0.9208359367524585, 1.0511638801544905, 0.8808624681162959, 1.0875031851852934, 1.0270818689993273, 0.802802223013714, 1.0366799371937911, 0.8886029062947879, 0.8616022311616689, 0.865346027771011, 0.9971017312879363, 0.8316815518774092, 1.0338281523436308, 0.9715944460282723, 0.9822580366550634, 0.8174823633162305, 0.7972478679536531, 0.8014056753988067, 0.956385621180137, 0.7528269489606222, 0.9740220798800389, 0.9104462585722407, 1.0482297219956915, 1.028625022309522, 1.0282393676849704, 1.1474138121120632, 0.9952983864738295, 1.1693024315560858, 1.1159254335798323, 0.8840221963667622, 0.8817188531393185, 1.0186313973584522, 0.8442362851152817, 1.036246335444351, 0.9880746568087488, 0.8592054627370089, 0.9961017888660232, 0.8113672024725626, 1.0314800303118925, 0.9636452290384719, 0.9978005573308716, 0.8186804545111954, 1.0361260309194524, 0.9628542142454535, 0.9688110211864114, 1.1488225863625605, 1.0866233599372208, 0.9944187146611512, 0.9298047285992652, 1.115898721696188], 'metric-dp-pairwise-client-i': [0, 0, 0, 0, 0, 0, 0, 0, 0, 0, 0, 0, 0, 0, 0, 1, 1, 1, 1, 1, 1, 1, 1, 1, 1, 1, 1, 1, 1, 2, 2, 2, 2, 2, 2, 2, 2, 2, 2, 2, 2, 2, 3, 3, 3, 3, 3, 3, 3, 3, 3, 3, 3, 3, 4, 4, 4, 4, 4, 4, 4, 4, 4, 4, 4, 5, 5, 5, 5, 5, 5, 5, 5, 5, 5, 6, 6, 6, 6, 6, 6, 6, 6, 6, 7, 7, 7, 7, 7, 7, 7, 7, 8, 8, 8, 8, 8, 8, 8, 9, 9, 9, 9, 9, 9, 10, 10, 10, 10, 10, 11, 11, 11, 11, 12, 12, 12, 13, 13, 14], 'metric-dp-pairwise-client-j': [1, 2, 3, 4, 5, 6, 7, 8, 9, 10, 11, 12, 13, 14, 15, 2, 3, 4, 5, 6, 7, 8, 9, 10, 11, 12, 13, 14, 15, 3, 4, 5, 6, 7, 8, 9, 10, 11, 12, 13, 14, 15, 4, 5, 6, 7, 8, 9, 10, 11, 12, 13, 14, 15, 5, 6, 7, 8, 9, 10, 11, 12, 13, 14, 15, 6, 7, 8, 9, 10, 11, 12, 13, 14, 15, 7, 8, 9, 10, 11, 12, 13, 14, 15, 8, 9, 10, 11, 12, 13, 14, 15, 9, 10, 11, 12, 13, 14, 15, 10, 11, 12, 13, 14, 15, 11, 12, 13, 14, 15, 12, 13, 14, 15, 13, 14, 15, 14, 15, 15], 'metric-dp-distance-min': 0.7528269489606222, 'metric-dp-distance-median': 0.9934813099292417, 'metric-dp-distance-mean': 0.992672156384247, 'metric-dp-distance': 1.2022476349181186, 'dp-signal-update-norm': 1.42176215150246, 'dp-parameter-count': 226596, 'dp-expected-noise-l2-norm': 12.373205042013765, 'dp-noise-to-signal-ratio': 8.702725015529685, 'dp-noise-percent-of-signal': 870.2725015529685, 'metric-dp-noise-stdv': 0.0259929810567923}
[92mINFO [0m:      configure_evaluate: Sampled 16 nodes (out of 16)
[36m(ClientAppActor pid=14033)[0m /usr/lib/python3.12/multiprocessing/popen_fork.py:66: DeprecationWarning: This process (pid=14033) is multi-threaded, use of fork() may lead to deadlocks in the child.[32m [repeated 16x across cluster][0m
[36m(ClientAppActor pid=14033)[0m   self.pid = os.fork()[32m [repeated 16x across cluster][0m
[92mINFO [0m:      aggregate_evaluate: Received 16 results and 0 failures
[92mINFO [0m:      	└──> Aggregated MetricRecord: {'eval_loss': 0.8419576606513998, 'eval_acc': 0.7460145906511755, 'client-ids': [0, 1, 2, 3, 4, 5, 6, 7, 8, 9, 10, 11, 12, 13, 14, 15], 'per-client-eval_acc': [0.7559681697612732, 0.740484429065744, 0.765, 0.7675276752767528, 0.7233201581027668, 0.7110091743119266, 0.7210884353741497, 0.6947368421052632, 0.766016713091922, 0.7158469945355191, 0.7692307692307693, 0.7696969696969697, 0.7514619883040936, 0.8035714285714286, 0.7037037037037037, 0.7754237288135594], 'per-client-eval_loss': [0.8057373132882764, 0.8846197419233498, 0.791232259273529, 0.7888685662808014, 0.7552100094881925, 0.939276537763963, 1.0250116335291442, 0.9248622492740028, 0.8150120850725094, 0.9246427452629381, 0.741681667109235, 0.7265576210888949, 0.8433538124575253, 0.7437364884785244, 1.0391211518902836, 0.693932313030049], 'per-client-num-examples': [377, 289, 200, 271, 253, 218, 147, 95, 359, 183, 130, 165, 342, 112, 324, 236]}
[92mINFO [0m:      Global evaluation
[92mINFO [0m:      	└──> MetricRecord: {'loss': 0.7993480172157288, 'accuracy': 0.753, 'f1': 0.7503728310023875, 'precision': 0.7649594711818775, 'auc': 0.9332367083333333}
[92mINFO [0m:      
[92mINFO [0m:      [ROUND 20/20]
[92mINFO [0m:      configure_train: Sampled 16 nodes (out of 16)
[92mINFO [0m:      aggregate_train: maximum pairwise model distance: 1.190319
[92mINFO [0m:      aggregate_train: Received 16 results and 0 failures
[92mINFO [0m:      aggregate_fit: parameters are clipped by value: 5.0000.
[92mINFO [0m:      aggregate_fit: parameters are clipped by value: 5.0000.
[92mINFO [0m:      aggregate_fit: parameters are clipped by value: 5.0000.
[92mINFO [0m:      aggregate_fit: parameters are clipped by value: 5.0000.
[92mINFO [0m:      aggregate_fit: parameters are clipped by value: 5.0000.
[92mINFO [0m:      aggregate_fit: parameters are clipped by value: 5.0000.
[92mINFO [0m:      aggregate_fit: parameters are clipped by value: 5.0000.
[92mINFO [0m:      aggregate_fit: parameters are clipped by value: 5.0000.
[92mINFO [0m:      aggregate_fit: parameters are clipped by value: 5.0000.
[92mINFO [0m:      aggregate_fit: parameters are clipped by value: 5.0000.
[92mINFO [0m:      aggregate_fit: parameters are clipped by value: 5.0000.
[92mINFO [0m:      aggregate_fit: parameters are clipped by value: 5.0000.
[92mINFO [0m:      aggregate_fit: parameters are clipped by value: 5.0000.
[92mINFO [0m:      aggregate_fit: parameters are clipped by value: 5.0000.
[92mINFO [0m:      aggregate_fit: parameters are clipped by value: 5.0000.
[92mINFO [0m:      aggregate_fit: parameters are clipped by value: 5.0000.
[92mINFO [0m:      aggregate_train: Received 16 results and 0 failures
[92mINFO [0m:      aggregate_train: metric-aware noise with 0.026253 stdev added
[92mINFO [0m:      	└──> Aggregated MetricRecord: {'train_loss': 0.061561408821624544, 'train_loss_mean': 0.2255929053659153, 'client-ids': [0, 1, 2, 3, 4, 5, 6, 7, 8, 9, 10, 11, 12, 13, 14, 15], 'per-client-num-examples': [1505, 1152, 800, 1082, 1012, 870, 588, 376, 1435, 729, 517, 659, 1364, 447, 1294, 940], 'per-client-train_loss': [0.08295164721154691, 0.047929053375911385, 0.04582833472639322, 0.06175102666708987, 0.04549498262671614, 0.08353392002226293, 0.04497474233689559, 0.07227631733614079, 0.04160509760838768, 0.06969426049044757, 0.07516099711271215, 0.055931841199920826, 0.06122582246306355, 0.04983505907924783, 0.06884687734764916, 0.07690197032816867], 'per-client-train_loss_mean': [0.215594496273999, 0.18926431582205824, 0.23266599903255697, 0.22962890584400536, 0.21497169866451166, 0.2242186207940866, 0.21615276358084007, 0.34994792826473714, 0.19261670331142922, 0.2504102742741464, 0.3133381527151401, 0.24930741215218002, 0.19082627693010915, 0.2982279040394413, 0.21691858321313143, 0.23838605612516406], 'dp-client-ids': [0, 1, 2, 3, 4, 5, 6, 7, 8, 9, 10, 11, 12, 13, 14, 15], 'dp-update-norms-before-clipping': [6.0369108020131055, 5.115050750007948, 4.660179266995044, 5.230258016065206, 4.997487992358994, 4.818885900694182, 4.098206720287695, 3.5310430168968665, 5.619076273266522, 4.4827967247740865, 4.080386564361667, 4.320823261165986, 5.4494017898861555, 3.690536956770316, 5.671009618261813, 4.9715069400609835], 'dp-client-clipped': [1, 1, 0, 1, 0, 0, 0, 0, 1, 0, 0, 0, 1, 0, 1, 0], 'dp-num-clients-clipped': 6, 'dp-fraction-clipped': 0.375, 'metric-dp-pairwise-distances': [1.1415699626474332, 1.1052018306218088, 1.1533361484762281, 1.1329918392778684, 1.1200991209285955, 1.0621414442236226, 1.0243704529323925, 1.1861447840929031, 1.085649252558748, 1.0603733187696587, 1.0821981163850676, 1.1686607310548425, 1.0243290065942954, 1.190318722743541, 1.1222077525841694, 0.9970673331990838, 1.050695079844445, 1.032435249304399, 1.0065903504534315, 0.946210786079367, 0.9081164111848921, 1.0963329145063956, 0.9874801731978854, 0.9514245667184392, 0.9683475421043113, 1.0775656211966027, 0.9203501380980015, 1.093780545828243, 1.0155442488612607, 0.9981953133052835, 0.9882589191741621, 0.9697386057814583, 0.890055499660472, 0.8417066251859069, 1.0462599692400545, 0.9290315113030374, 0.896653237597396, 0.912929862116774, 1.0292471543264885, 0.856681304750964, 1.0555825120924662, 0.9771521302560965, 1.0311166195121284, 1.0210366176906973, 0.9493936259920398, 0.9091102953146523, 1.1085679654497653, 0.9938446575930963, 0.9609262324326361, 0.9762846721957127, 1.0935866280148427, 0.9238776351169994, 1.1073280340060592, 1.0323211563906323, 0.9961192580328012, 0.9407982266663263, 0.8844928673546141, 1.0843805132123332, 0.9596195723473405, 0.9338531787895287, 0.9620422845085462, 1.068257687613368, 0.8996376788709313, 1.0844572181037317, 1.0075003844685853, 0.9114053188047061, 0.8665357299226647, 1.0716256422456354, 0.957723545609042, 0.9181205711793154, 0.9304396388276169, 1.050142921662579, 0.8797372012631968, 1.0800336150762935, 0.9990990775792549, 0.7769844885915518, 1.0047030330946047, 0.8765684976242483, 0.8398903445340693, 0.8540910242979104, 0.9870102565425137, 0.7978723725148787, 1.009633212350309, 0.9183253605151549, 0.9640495645968864, 0.820497865555808, 0.7838312188784281, 0.8127299090847373, 0.9450899994311234, 0.7360879239471009, 0.9617265847822031, 0.8804531814530492, 1.0334413334106405, 1.0113597706270714, 1.0202230741269886, 1.1223018973444898, 0.9778132054489106, 1.1440362508098285, 1.0708713612984866, 0.8766458396178981, 0.8956148364425948, 1.0225339864070218, 0.8408029618440196, 1.0394286189693958, 0.9742298501078039, 0.8703630200276772, 0.9994990429840982, 0.7971100386542579, 1.0135930432006717, 0.9286761208592603, 0.9982683755612621, 0.8225559641141444, 1.0378300370648503, 0.9437359254419183, 0.9541143183596432, 1.1291745387328167, 1.0624137644190341, 0.9757430648120741, 0.8965679012083759, 1.0880392521309357], 'metric-dp-pairwise-client-i': [0, 0, 0, 0, 0, 0, 0, 0, 0, 0, 0, 0, 0, 0, 0, 1, 1, 1, 1, 1, 1, 1, 1, 1, 1, 1, 1, 1, 1, 2, 2, 2, 2, 2, 2, 2, 2, 2, 2, 2, 2, 2, 3, 3, 3, 3, 3, 3, 3, 3, 3, 3, 3, 3, 4, 4, 4, 4, 4, 4, 4, 4, 4, 4, 4, 5, 5, 5, 5, 5, 5, 5, 5, 5, 5, 6, 6, 6, 6, 6, 6, 6, 6, 6, 7, 7, 7, 7, 7, 7, 7, 7, 8, 8, 8, 8, 8, 8, 8, 9, 9, 9, 9, 9, 9, 10, 10, 10, 10, 10, 11, 11, 11, 11, 12, 12, 12, 13, 13, 14], 'metric-dp-pairwise-client-j': [1, 2, 3, 4, 5, 6, 7, 8, 9, 10, 11, 12, 13, 14, 15, 2, 3, 4, 5, 6, 7, 8, 9, 10, 11, 12, 13, 14, 15, 3, 4, 5, 6, 7, 8, 9, 10, 11, 12, 13, 14, 15, 4, 5, 6, 7, 8, 9, 10, 11, 12, 13, 14, 15, 5, 6, 7, 8, 9, 10, 11, 12, 13, 14, 15, 6, 7, 8, 9, 10, 11, 12, 13, 14, 15, 7, 8, 9, 10, 11, 12, 13, 14, 15, 8, 9, 10, 11, 12, 13, 14, 15, 9, 10, 11, 12, 13, 14, 15, 10, 11, 12, 13, 14, 15, 11, 12, 13, 14, 15, 12, 13, 14, 15, 13, 14, 15, 14, 15, 15], 'metric-dp-distance-min': 0.7360879239471009, 'metric-dp-distance-median': 0.9910517883836292, 'metric-dp-distance-mean': 0.9851081216077243, 'metric-dp-distance': 1.190318722743541, 'dp-signal-update-norm': 1.445278238970883, 'dp-parameter-count': 226596, 'dp-expected-noise-l2-norm': 12.497204499843033, 'dp-noise-to-signal-ratio': 8.646919439361188, 'dp-noise-percent-of-signal': 864.6919439361188, 'metric-dp-noise-stdv': 0.0262534726228388}
[92mINFO [0m:      configure_evaluate: Sampled 16 nodes (out of 16)
[36m(ClientAppActor pid=14033)[0m /usr/lib/python3.12/multiprocessing/popen_fork.py:66: DeprecationWarning: This process (pid=14033) is multi-threaded, use of fork() may lead to deadlocks in the child.[32m [repeated 16x across cluster][0m
[36m(ClientAppActor pid=14033)[0m   self.pid = os.fork()[32m [repeated 16x across cluster][0m
[92mINFO [0m:      aggregate_evaluate: Received 16 results and 0 failures
[92mINFO [0m:      	└──> Aggregated MetricRecord: {'eval_loss': 0.9341831272460741, 'eval_acc': 0.7406106457714132, 'client-ids': [0, 1, 2, 3, 4, 5, 6, 7, 8, 9, 10, 11, 12, 13, 14, 15], 'per-client-eval_acc': [0.7506631299734748, 0.7301038062283737, 0.755, 0.7343173431734318, 0.7984189723320159, 0.7201834862385321, 0.7414965986394558, 0.6736842105263158, 0.7186629526462396, 0.7540983606557377, 0.7692307692307693, 0.7454545454545455, 0.7280701754385965, 0.7678571428571429, 0.7376543209876543, 0.7288135593220338], 'per-client-eval_loss': [0.9229239456217232, 0.9513777304689743, 0.9481013679504394, 0.972095580998382, 0.7445710525211138, 0.9522230603279324, 1.0515717746449165, 1.1426659031918174, 0.9892108420475612, 1.0361983815177542, 0.82234837859869, 0.8949199741536921, 1.0568387996383577, 0.7070744122777667, 0.861271525606697, 0.8617220854355117], 'per-client-num-examples': [377, 289, 200, 271, 253, 218, 147, 95, 359, 183, 130, 165, 342, 112, 324, 236]}
[92mINFO [0m:      Global evaluation
[92mINFO [0m:      	└──> MetricRecord: {'loss': 0.9094123044013978, 'accuracy': 0.7435, 'f1': 0.7442332013355074, 'precision': 0.7584311765988786, 'auc': 0.9234215}
[92mINFO [0m:      
[92mINFO [0m:      Strategy execution finished in 307.01s
[92mINFO [0m:      
[92mINFO [0m:      Final results:
[92mINFO [0m:      
[92mINFO [0m:      	Global Arrays:
[92mINFO [0m:      		ArrayRecord (0.866 MB)
[92mINFO [0m:      	
[92mINFO [0m:      	Aggregated ClientApp-side Train Metrics:
[92mINFO [0m:      	{ 1: { 'client-ids': "['0', '1', '2', '3', '4', '5', '6', '7', '8', '9', '10', "
[92mINFO [0m:      	                     "'11', '12', '13', '14', '15']",
[92mINFO [0m:      	       'dp-client-clipped': "['1', '1', '1', '1', '1', '1', '0', '0', '1', "
[92mINFO [0m:      	                            "'0', '0', '0', '1', '0', '1', '1']",
[92mINFO [0m:      	       'dp-client-ids': "['0', '1', '2', '3', '4', '5', '6', '7', '8', '9', "
[92mINFO [0m:      	                        "'10', '11', '12', '13', '14', '15']",
[92mINFO [0m:      	       'dp-expected-noise-l2-norm': '1.0517e+01',
[92mINFO [0m:      	       'dp-fraction-clipped': '6.2500e-01',
[92mINFO [0m:      	       'dp-noise-percent-of-signal': '4.6455e+02',
[92mINFO [0m:      	       'dp-noise-to-signal-ratio': '4.6455e+00',
[92mINFO [0m:      	       'dp-num-clients-clipped': '10',
[92mINFO [0m:      	       'dp-parameter-count': '226596',
[92mINFO [0m:      	       'dp-signal-update-norm': '2.2639e+00',
[92mINFO [0m:      	       'dp-update-norms-before-clipping': "['6.7989e+00', '6.1069e+00', "
[92mINFO [0m:      	                                          "'5.2358e+00', '5.8365e+00', "
[92mINFO [0m:      	                                          "'5.6806e+00', '5.4559e+00', "
[92mINFO [0m:      	                                          "'4.8934e+00', '3.8710e+00', "
[92mINFO [0m:      	                                          "'6.3293e+00', '4.9026e+00', "
[92mINFO [0m:      	                                          "'4.4175e+00', '4.6978e+00', "
[92mINFO [0m:      	                                          "'6.6553e+00', '4.3312e+00', "
[92mINFO [0m:      	                                          "'5.8294e+00', '5.7568e+00']",
[92mINFO [0m:      	       'metric-dp-distance': '1.4145e+00',
[92mINFO [0m:      	       'metric-dp-distance-mean': '1.1790e+00',
[92mINFO [0m:      	       'metric-dp-distance-median': '1.1834e+00',
[92mINFO [0m:      	       'metric-dp-distance-min': '8.4064e-01',
[92mINFO [0m:      	       'metric-dp-noise-stdv': '2.2093e-02',
[92mINFO [0m:      	       'metric-dp-pairwise-client-i': "['0', '0', '0', '0', '0', '0', '0', "
[92mINFO [0m:      	                                      "'0', '0', '0', '0', '0', '0', '0', '0', "
[92mINFO [0m:      	                                      "'1', '1', '1', '1', '1', '1', '1', '1', "
[92mINFO [0m:      	                                      "'1', '1', '1', '1', '1', '1', '2', '2', "
[92mINFO [0m:      	                                      "'2', '2', '2', '2', '2', '2', '2', '2', "
[92mINFO [0m:      	                                      "'2', '2', '2', '3', '3', '3', '3', '3', "
[92mINFO [0m:      	                                      "'3', '3', '3', '3', '3', '3', '3', '4', "
[92mINFO [0m:      	                                      "'4', '4', '4', '4', '4', '4', '4', '4', "
[92mINFO [0m:      	                                      "'4', '4', '5', '5', '5', '5', '5', '5', "
[92mINFO [0m:      	                                      "'5', '5', '5', '5', '6', '6', '6', '6', "
[92mINFO [0m:      	                                      "'6', '6', '6', '6', '6', '7', '7', '7', "
[92mINFO [0m:      	                                      "'7', '7', '7', '7', '7', '8', '8', '8', "
[92mINFO [0m:      	                                      "'8', '8', '8', '8', '9', '9', '9', '9', "
[92mINFO [0m:      	                                      "'9', '9', '10', '10', '10', '10', '10', "
[92mINFO [0m:      	                                      "'11', '11', '11', '11', '12', '12', "
[92mINFO [0m:      	                                      "'12', '13', '13', '14']",
[92mINFO [0m:      	       'metric-dp-pairwise-client-j': "['1', '2', '3', '4', '5', '6', '7', "
[92mINFO [0m:      	                                      "'8', '9', '10', '11', '12', '13', '14', "
[92mINFO [0m:      	                                      "'15', '2', '3', '4', '5', '6', '7', "
[92mINFO [0m:      	                                      "'8', '9', '10', '11', '12', '13', '14', "
[92mINFO [0m:      	                                      "'15', '3', '4', '5', '6', '7', '8', "
[92mINFO [0m:      	                                      "'9', '10', '11', '12', '13', '14', "
[92mINFO [0m:      	                                      "'15', '4', '5', '6', '7', '8', '9', "
[92mINFO [0m:      	                                      "'10', '11', '12', '13', '14', '15', "
[92mINFO [0m:      	                                      "'5', '6', '7', '8', '9', '10', '11', "
[92mINFO [0m:      	                                      "'12', '13', '14', '15', '6', '7', '8', "
[92mINFO [0m:      	                                      "'9', '10', '11', '12', '13', '14', "
[92mINFO [0m:      	                                      "'15', '7', '8', '9', '10', '11', '12', "
[92mINFO [0m:      	                                      "'13', '14', '15', '8', '9', '10', '11', "
[92mINFO [0m:      	                                      "'12', '13', '14', '15', '9', '10', "
[92mINFO [0m:      	                                      "'11', '12', '13', '14', '15', '10', "
[92mINFO [0m:      	                                      "'11', '12', '13', '14', '15', '11', "
[92mINFO [0m:      	                                      "'12', '13', '14', '15', '12', '13', "
[92mINFO [0m:      	                                      "'14', '15', '13', '14', '15', '14', "
[92mINFO [0m:      	                                      "'15', '15']",
[92mINFO [0m:      	       'metric-dp-pairwise-distances': "['1.3984e+00', '1.3107e+00', "
[92mINFO [0m:      	                                       "'1.3883e+00', '1.3751e+00', "
[92mINFO [0m:      	                                       "'1.3003e+00', '1.2802e+00', "
[92mINFO [0m:      	                                       "'1.2211e+00', '1.3918e+00', "
[92mINFO [0m:      	                                       "'1.2735e+00', '1.2723e+00', "
[92mINFO [0m:      	                                       "'1.2454e+00', '1.4145e+00', "
[92mINFO [0m:      	                                       "'1.2051e+00', '1.3220e+00', "
[92mINFO [0m:      	                                       "'1.4064e+00', '1.2688e+00', "
[92mINFO [0m:      	                                       "'1.3285e+00', '1.2261e+00', "
[92mINFO [0m:      	                                       "'1.2258e+00', '1.0924e+00', "
[92mINFO [0m:      	                                       "'1.1386e+00', '1.3333e+00', "
[92mINFO [0m:      	                                       "'1.2068e+00', '1.1823e+00', "
[92mINFO [0m:      	                                       "'1.1845e+00', '1.4137e+00', "
[92mINFO [0m:      	                                       "'1.1096e+00', '1.2577e+00', "
[92mINFO [0m:      	                                       "'1.2453e+00', '1.1609e+00', "
[92mINFO [0m:      	                                       "'1.2038e+00', '1.1366e+00', "
[92mINFO [0m:      	                                       "'1.1271e+00', '1.0155e+00', "
[92mINFO [0m:      	                                       "'1.2475e+00', '1.0872e+00', "
[92mINFO [0m:      	                                       "'1.0518e+00', '1.0541e+00', "
[92mINFO [0m:      	                                       "'1.2881e+00', '9.9160e-01', "
[92mINFO [0m:      	                                       "'1.2005e+00', '1.2156e+00', "
[92mINFO [0m:      	                                       "'1.2208e+00', '1.1853e+00', "
[92mINFO [0m:      	                                       "'1.1637e+00', '1.1296e+00', "
[92mINFO [0m:      	                                       "'1.2899e+00', '1.1713e+00', "
[92mINFO [0m:      	                                       "'1.1532e+00', '1.1426e+00', "
[92mINFO [0m:      	                                       "'1.3446e+00', '1.1252e+00', "
[92mINFO [0m:      	                                       "'1.2197e+00', '1.2545e+00', "
[92mINFO [0m:      	                                       "'1.1489e+00', '1.0965e+00', "
[92mINFO [0m:      	                                       "'1.1213e+00', '1.2284e+00', "
[92mINFO [0m:      	                                       "'1.1703e+00', '1.1472e+00', "
[92mINFO [0m:      	                                       "'1.1147e+00', '1.3462e+00', "
[92mINFO [0m:      	                                       "'1.0612e+00', '1.2390e+00', "
[92mINFO [0m:      	                                       "'1.2339e+00', '1.0504e+00', "
[92mINFO [0m:      	                                       "'1.0523e+00', '1.2507e+00', "
[92mINFO [0m:      	                                       "'1.1080e+00', '1.0741e+00', "
[92mINFO [0m:      	                                       "'1.0345e+00', '1.3516e+00', "
[92mINFO [0m:      	                                       "'1.0243e+00', '1.1808e+00', "
[92mINFO [0m:      	                                       "'1.1742e+00', '1.0051e+00', "
[92mINFO [0m:      	                                       "'1.2126e+00', '1.0654e+00', "
[92mINFO [0m:      	                                       "'1.0648e+00', '9.9365e-01', "
[92mINFO [0m:      	                                       "'1.3268e+00', '9.8406e-01', "
[92mINFO [0m:      	                                       "'1.0943e+00', '1.1505e+00', "
[92mINFO [0m:      	                                       "'1.2109e+00', '9.4684e-01', "
[92mINFO [0m:      	                                       "'8.4064e-01', '9.7253e-01', "
[92mINFO [0m:      	                                       "'1.1957e+00', '8.7725e-01', "
[92mINFO [0m:      	                                       "'1.1388e+00', '1.0783e+00', "
[92mINFO [0m:      	                                       "'1.2292e+00', '1.2084e+00', "
[92mINFO [0m:      	                                       "'1.1915e+00', '1.3954e+00', "
[92mINFO [0m:      	                                       "'1.1721e+00', '1.2869e+00', "
[92mINFO [0m:      	                                       "'1.3407e+00', '9.9536e-01', "
[92mINFO [0m:      	                                       "'1.0736e+00', '1.2922e+00', "
[92mINFO [0m:      	                                       "'9.5039e-01', '1.1721e+00', "
[92mINFO [0m:      	                                       "'1.1722e+00', '1.0169e+00', "
[92mINFO [0m:      	                                       "'1.2615e+00', '9.1673e-01', "
[92mINFO [0m:      	                                       "'1.1912e+00', '1.1183e+00', "
[92mINFO [0m:      	                                       "'1.2468e+00', '9.7588e-01', "
[92mINFO [0m:      	                                       "'1.0848e+00', '1.1760e+00', "
[92mINFO [0m:      	                                       "'1.1960e+00', '1.3370e+00', "
[92mINFO [0m:      	                                       "'1.4007e+00', '1.1035e+00', "
[92mINFO [0m:      	                                       "'1.1060e+00', '1.3041e+00']",
[92mINFO [0m:      	       'per-client-num-examples': "['1505', '1152', '800', '1082', '1012', "
[92mINFO [0m:      	                                  "'870', '588', '376', '1435', '729', '517', "
[92mINFO [0m:      	                                  "'659', '1364', '447', '1294', '940']",
[92mINFO [0m:      	       'per-client-train_loss': "['9.3396e-01', '9.7955e-01', '9.9707e-01', "
[92mINFO [0m:      	                                "'1.0175e+00', '9.1262e-01', '1.1121e+00', "
[92mINFO [0m:      	                                "'1.0874e+00', '1.2950e+00', '8.8868e-01', "
[92mINFO [0m:      	                                "'9.9884e-01', '1.1462e+00', '1.1738e+00', "
[92mINFO [0m:      	                                "'8.7785e-01', '1.1642e+00', '1.0114e+00', "
[92mINFO [0m:      	                                "'9.7148e-01']",
[92mINFO [0m:      	       'per-client-train_loss_mean': "['1.1344e+00', '1.1451e+00', "
[92mINFO [0m:      	                                     "'1.1769e+00', '1.1725e+00', "
[92mINFO [0m:      	                                     "'1.1143e+00', '1.2211e+00', "
[92mINFO [0m:      	                                     "'1.2575e+00', '1.3489e+00', "
[92mINFO [0m:      	                                     "'1.0751e+00', '1.1861e+00', "
[92mINFO [0m:      	                                     "'1.2810e+00', '1.2749e+00', "
[92mINFO [0m:      	                                     "'1.0797e+00', '1.2841e+00', "
[92mINFO [0m:      	                                     "'1.1639e+00', '1.1500e+00']",
[92mINFO [0m:      	       'train_loss': '9.9928e-01',
[92mINFO [0m:      	       'train_loss_mean': '1.1657e+00'},
[92mINFO [0m:      	  2: { 'client-ids': "['0', '1', '2', '3', '4', '5', '6', '7', '8', '9', '10', "
[92mINFO [0m:      	                     "'11', '12', '13', '14', '15']",
[92mINFO [0m:      	       'dp-client-clipped': "['1', '1', '0', '1', '1', '1', '0', '0', '1', "
[92mINFO [0m:      	                            "'0', '0', '0', '1', '0', '1', '0']",
[92mINFO [0m:      	       'dp-client-ids': "['0', '1', '2', '3', '4', '5', '6', '7', '8', '9', "
[92mINFO [0m:      	                        "'10', '11', '12', '13', '14', '15']",
[92mINFO [0m:      	       'dp-expected-noise-l2-norm': '1.3470e+01',
[92mINFO [0m:      	       'dp-fraction-clipped': '5.0000e-01',
[92mINFO [0m:      	       'dp-noise-percent-of-signal': '3.9557e+02',
[92mINFO [0m:      	       'dp-noise-to-signal-ratio': '3.9557e+00',
[92mINFO [0m:      	       'dp-num-clients-clipped': '8',
[92mINFO [0m:      	       'dp-parameter-count': '226596',
[92mINFO [0m:      	       'dp-signal-update-norm': '3.4053e+00',
[92mINFO [0m:      	       'dp-update-norms-before-clipping': "['6.7563e+00', '5.7722e+00', "
[92mINFO [0m:      	                                          "'4.7306e+00', '5.3960e+00', "
[92mINFO [0m:      	                                          "'5.2325e+00', '5.0400e+00', "
[92mINFO [0m:      	                                          "'4.3995e+00', '3.7380e+00', "
[92mINFO [0m:      	                                          "'6.7083e+00', '4.4990e+00', "
[92mINFO [0m:      	                                          "'4.3580e+00', '4.2296e+00', "
[92mINFO [0m:      	                                          "'6.0813e+00', '4.0203e+00', "
[92mINFO [0m:      	                                          "'6.1966e+00', '4.9721e+00']",
[92mINFO [0m:      	       'metric-dp-distance': '1.1043e+00',
[92mINFO [0m:      	       'metric-dp-distance-mean': '8.3802e-01',
[92mINFO [0m:      	       'metric-dp-distance-median': '8.3965e-01',
[92mINFO [0m:      	       'metric-dp-distance-min': '5.7866e-01',
[92mINFO [0m:      	       'metric-dp-noise-stdv': '2.8298e-02',
[92mINFO [0m:      	       'metric-dp-pairwise-client-i': "['0', '0', '0', '0', '0', '0', '0', "
[92mINFO [0m:      	                                      "'0', '0', '0', '0', '0', '0', '0', '0', "
[92mINFO [0m:      	                                      "'1', '1', '1', '1', '1', '1', '1', '1', "
[92mINFO [0m:      	                                      "'1', '1', '1', '1', '1', '1', '2', '2', "
[92mINFO [0m:      	                                      "'2', '2', '2', '2', '2', '2', '2', '2', "
[92mINFO [0m:      	                                      "'2', '2', '2', '3', '3', '3', '3', '3', "
[92mINFO [0m:      	                                      "'3', '3', '3', '3', '3', '3', '3', '4', "
[92mINFO [0m:      	                                      "'4', '4', '4', '4', '4', '4', '4', '4', "
[92mINFO [0m:      	                                      "'4', '4', '5', '5', '5', '5', '5', '5', "
[92mINFO [0m:      	                                      "'5', '5', '5', '5', '6', '6', '6', '6', "
[92mINFO [0m:      	                                      "'6', '6', '6', '6', '6', '7', '7', '7', "
[92mINFO [0m:      	                                      "'7', '7', '7', '7', '7', '8', '8', '8', "
[92mINFO [0m:      	                                      "'8', '8', '8', '8', '9', '9', '9', '9', "
[92mINFO [0m:      	                                      "'9', '9', '10', '10', '10', '10', '10', "
[92mINFO [0m:      	                                      "'11', '11', '11', '11', '12', '12', "
[92mINFO [0m:      	                                      "'12', '13', '13', '14']",
[92mINFO [0m:      	       'metric-dp-pairwise-client-j': "['1', '2', '3', '4', '5', '6', '7', "
[92mINFO [0m:      	                                      "'8', '9', '10', '11', '12', '13', '14', "
[92mINFO [0m:      	                                      "'15', '2', '3', '4', '5', '6', '7', "
[92mINFO [0m:      	                                      "'8', '9', '10', '11', '12', '13', '14', "
[92mINFO [0m:      	                                      "'15', '3', '4', '5', '6', '7', '8', "
[92mINFO [0m:      	                                      "'9', '10', '11', '12', '13', '14', "
[92mINFO [0m:      	                                      "'15', '4', '5', '6', '7', '8', '9', "
[92mINFO [0m:      	                                      "'10', '11', '12', '13', '14', '15', "
[92mINFO [0m:      	                                      "'5', '6', '7', '8', '9', '10', '11', "
[92mINFO [0m:      	                                      "'12', '13', '14', '15', '6', '7', '8', "
[92mINFO [0m:      	                                      "'9', '10', '11', '12', '13', '14', "
[92mINFO [0m:      	                                      "'15', '7', '8', '9', '10', '11', '12', "
[92mINFO [0m:      	                                      "'13', '14', '15', '8', '9', '10', '11', "
[92mINFO [0m:      	                                      "'12', '13', '14', '15', '9', '10', "
[92mINFO [0m:      	                                      "'11', '12', '13', '14', '15', '10', "
[92mINFO [0m:      	                                      "'11', '12', '13', '14', '15', '11', "
[92mINFO [0m:      	                                      "'12', '13', '14', '15', '12', '13', "
[92mINFO [0m:      	                                      "'14', '15', '13', '14', '15', '14', "
[92mINFO [0m:      	                                      "'15', '15']",
[92mINFO [0m:      	       'metric-dp-pairwise-distances': "['9.9890e-01', '9.4843e-01', "
[92mINFO [0m:      	                                       "'1.0236e+00', '9.9566e-01', "
[92mINFO [0m:      	                                       "'9.8698e-01', '9.4241e-01', "
[92mINFO [0m:      	                                       "'9.6073e-01', '1.1043e+00', "
[92mINFO [0m:      	                                       "'9.4131e-01', '1.0037e+00', "
[92mINFO [0m:      	                                       "'9.7824e-01', '1.0258e+00', "
[92mINFO [0m:      	                                       "'9.5394e-01', '1.0351e+00', "
[92mINFO [0m:      	                                       "'9.4894e-01', '8.4424e-01', "
[92mINFO [0m:      	                                       "'8.9800e-01', '8.9883e-01', "
[92mINFO [0m:      	                                       "'8.5673e-01', '8.1458e-01', "
[92mINFO [0m:      	                                       "'7.9940e-01', '9.9533e-01', "
[92mINFO [0m:      	                                       "'8.0545e-01', '8.3917e-01', "
[92mINFO [0m:      	                                       "'8.2588e-01', '9.2871e-01', "
[92mINFO [0m:      	                                       "'7.9754e-01', '9.4256e-01', "
[92mINFO [0m:      	                                       "'8.3171e-01', '8.2741e-01', "
[92mINFO [0m:      	                                       "'7.7903e-01', '7.4592e-01', "
[92mINFO [0m:      	                                       "'7.2764e-01', '6.7241e-01', "
[92mINFO [0m:      	                                       "'9.8236e-01', '7.0423e-01', "
[92mINFO [0m:      	                                       "'7.3295e-01', '6.9778e-01', "
[92mINFO [0m:      	                                       "'8.5226e-01', '6.8076e-01', "
[92mINFO [0m:      	                                       "'8.7606e-01', '7.5195e-01', "
[92mINFO [0m:      	                                       "'8.4718e-01', '8.3579e-01', "
[92mINFO [0m:      	                                       "'8.2236e-01', '7.6102e-01', "
[92mINFO [0m:      	                                       "'9.8061e-01', '7.7905e-01', "
[92mINFO [0m:      	                                       "'8.2379e-01', '8.1149e-01', "
[92mINFO [0m:      	                                       "'9.1933e-01', '7.7353e-01', "
[92mINFO [0m:      	                                       "'9.4107e-01', '8.2580e-01', "
[92mINFO [0m:      	                                       "'7.9263e-01', '8.0594e-01', "
[92mINFO [0m:      	                                       "'7.4058e-01', '1.0164e+00', "
[92mINFO [0m:      	                                       "'7.4144e-01', '7.8420e-01', "
[92mINFO [0m:      	                                       "'7.8480e-01', '8.9596e-01', "
[92mINFO [0m:      	                                       "'7.6480e-01', '9.3732e-01', "
[92mINFO [0m:      	                                       "'8.4553e-01', '7.7751e-01', "
[92mINFO [0m:      	                                       "'7.0783e-01', '9.8888e-01', "
[92mINFO [0m:      	                                       "'7.1424e-01', '7.5774e-01', "
[92mINFO [0m:      	                                       "'7.4800e-01', '9.1071e-01', "
[92mINFO [0m:      	                                       "'7.1670e-01', '8.9658e-01', "
[92mINFO [0m:      	                                       "'7.7314e-01', '6.2177e-01', "
[92mINFO [0m:      	                                       "'9.7528e-01', '6.8870e-01', "
[92mINFO [0m:      	                                       "'7.0268e-01', '6.7751e-01', "
[92mINFO [0m:      	                                       "'8.8304e-01', '6.5964e-01', "
[92mINFO [0m:      	                                       "'8.9248e-01', '7.4675e-01', "
[92mINFO [0m:      	                                       "'9.4479e-01', '6.1653e-01', "
[92mINFO [0m:      	                                       "'6.4674e-01', '6.4574e-01', "
[92mINFO [0m:      	                                       "'8.7193e-01', '5.7866e-01', "
[92mINFO [0m:      	                                       "'8.7810e-01', '7.0294e-01', "
[92mINFO [0m:      	                                       "'9.5512e-01', '9.4464e-01', "
[92mINFO [0m:      	                                       "'9.8750e-01', '1.0484e+00', "
[92mINFO [0m:      	                                       "'9.5206e-01', '1.0655e+00', "
[92mINFO [0m:      	                                       "'9.3491e-01', '7.2430e-01', "
[92mINFO [0m:      	                                       "'6.9400e-01', '8.5487e-01', "
[92mINFO [0m:      	                                       "'6.3838e-01', '8.6259e-01', "
[92mINFO [0m:      	                                       "'7.2630e-01', '6.8116e-01', "
[92mINFO [0m:      	                                       "'9.0118e-01', '6.5959e-01', "
[92mINFO [0m:      	                                       "'8.9609e-01', '7.6893e-01', "
[92mINFO [0m:      	                                       "'8.7026e-01', '6.5533e-01', "
[92mINFO [0m:      	                                       "'9.0164e-01', '7.4224e-01', "
[92mINFO [0m:      	                                       "'8.4013e-01', '9.8689e-01', "
[92mINFO [0m:      	                                       "'8.6113e-01', '8.8567e-01', "
[92mINFO [0m:      	                                       "'6.9740e-01', '9.1412e-01']",
[92mINFO [0m:      	       'per-client-num-examples': "['1505', '1152', '800', '1082', '1012', "
[92mINFO [0m:      	                                  "'870', '588', '376', '1435', '729', '517', "
[92mINFO [0m:      	                                  "'659', '1364', '447', '1294', '940']",
[92mINFO [0m:      	       'per-client-train_loss': "['7.8517e-01', '8.4158e-01', '9.2165e-01', "
[92mINFO [0m:      	                                "'8.7730e-01', '7.9956e-01', '9.5933e-01', "
[92mINFO [0m:      	                                "'8.5997e-01', '8.5267e-01', '7.9691e-01', "
[92mINFO [0m:      	                                "'9.1994e-01', '9.2524e-01', '9.0533e-01', "
[92mINFO [0m:      	                                "'8.0057e-01', '8.3857e-01', '8.3403e-01', "
[92mINFO [0m:      	                                "'8.8759e-01']",
[92mINFO [0m:      	       'per-client-train_loss_mean': "['9.1836e-01', '9.5912e-01', "
[92mINFO [0m:      	                                     "'9.6474e-01', '9.8871e-01', "
[92mINFO [0m:      	                                     "'9.2336e-01', '9.6731e-01', "
[92mINFO [0m:      	                                     "'9.5025e-01', '1.0144e+00', "
[92mINFO [0m:      	                                     "'9.1432e-01', '1.0041e+00', "
[92mINFO [0m:      	                                     "'1.0569e+00', '1.0375e+00', "
[92mINFO [0m:      	                                     "'9.0388e-01', '9.9900e-01', "
[92mINFO [0m:      	                                     "'9.4268e-01', '9.6977e-01']",
[92mINFO [0m:      	       'train_loss': '8.5154e-01',
[92mINFO [0m:      	       'train_loss_mean': '9.5665e-01'},
[92mINFO [0m:      	  3: { 'client-ids': "['0', '1', '2', '3', '4', '5', '6', '7', '8', '9', '10', "
[92mINFO [0m:      	                     "'11', '12', '13', '14', '15']",
[92mINFO [0m:      	       'dp-client-clipped': "['1', '1', '0', '1', '1', '1', '0', '0', '1', "
[92mINFO [0m:      	                            "'0', '0', '0', '1', '0', '1', '1']",
[92mINFO [0m:      	       'dp-client-ids': "['0', '1', '2', '3', '4', '5', '6', '7', '8', '9', "
[92mINFO [0m:      	                        "'10', '11', '12', '13', '14', '15']",
[92mINFO [0m:      	       'dp-expected-noise-l2-norm': '1.2378e+01',
[92mINFO [0m:      	       'dp-fraction-clipped': '5.6250e-01',
[92mINFO [0m:      	       'dp-noise-percent-of-signal': '4.2631e+02',
[92mINFO [0m:      	       'dp-noise-to-signal-ratio': '4.2631e+00',
[92mINFO [0m:      	       'dp-num-clients-clipped': '9',
[92mINFO [0m:      	       'dp-parameter-count': '226596',
[92mINFO [0m:      	       'dp-signal-update-norm': '2.9036e+00',
[92mINFO [0m:      	       'dp-update-norms-before-clipping': "['6.9257e+00', '6.0931e+00', "
[92mINFO [0m:      	                                          "'4.9860e+00', '5.9430e+00', "
[92mINFO [0m:      	                                          "'5.5144e+00', '5.1891e+00', "
[92mINFO [0m:      	                                          "'4.3288e+00', '3.6430e+00', "
[92mINFO [0m:      	                                          "'6.6972e+00', '4.6944e+00', "
[92mINFO [0m:      	                                          "'4.1872e+00', '4.4990e+00', "
[92mINFO [0m:      	                                          "'6.2107e+00', '3.8111e+00', "
[92mINFO [0m:      	                                          "'6.3782e+00', '5.5593e+00']",
[92mINFO [0m:      	       'metric-dp-distance': '1.2018e+00',
[92mINFO [0m:      	       'metric-dp-distance-mean': '9.5312e-01',
[92mINFO [0m:      	       'metric-dp-distance-median': '9.6439e-01',
[92mINFO [0m:      	       'metric-dp-distance-min': '6.6435e-01',
[92mINFO [0m:      	       'metric-dp-noise-stdv': '2.6003e-02',
[92mINFO [0m:      	       'metric-dp-pairwise-client-i': "['0', '0', '0', '0', '0', '0', '0', "
[92mINFO [0m:      	                                      "'0', '0', '0', '0', '0', '0', '0', '0', "
[92mINFO [0m:      	                                      "'1', '1', '1', '1', '1', '1', '1', '1', "
[92mINFO [0m:      	                                      "'1', '1', '1', '1', '1', '1', '2', '2', "
[92mINFO [0m:      	                                      "'2', '2', '2', '2', '2', '2', '2', '2', "
[92mINFO [0m:      	                                      "'2', '2', '2', '3', '3', '3', '3', '3', "
[92mINFO [0m:      	                                      "'3', '3', '3', '3', '3', '3', '3', '4', "
[92mINFO [0m:      	                                      "'4', '4', '4', '4', '4', '4', '4', '4', "
[92mINFO [0m:      	                                      "'4', '4', '5', '5', '5', '5', '5', '5', "
[92mINFO [0m:      	                                      "'5', '5', '5', '5', '6', '6', '6', '6', "
[92mINFO [0m:      	                                      "'6', '6', '6', '6', '6', '7', '7', '7', "
[92mINFO [0m:      	                                      "'7', '7', '7', '7', '7', '8', '8', '8', "
[92mINFO [0m:      	                                      "'8', '8', '8', '8', '9', '9', '9', '9', "
[92mINFO [0m:      	                                      "'9', '9', '10', '10', '10', '10', '10', "
[92mINFO [0m:      	                                      "'11', '11', '11', '11', '12', '12', "
[92mINFO [0m:      	                                      "'12', '13', '13', '14']",
[92mINFO [0m:      	       'metric-dp-pairwise-client-j': "['1', '2', '3', '4', '5', '6', '7', "
[92mINFO [0m:      	                                      "'8', '9', '10', '11', '12', '13', '14', "
[92mINFO [0m:      	                                      "'15', '2', '3', '4', '5', '6', '7', "
[92mINFO [0m:      	                                      "'8', '9', '10', '11', '12', '13', '14', "
[92mINFO [0m:      	                                      "'15', '3', '4', '5', '6', '7', '8', "
[92mINFO [0m:      	                                      "'9', '10', '11', '12', '13', '14', "
[92mINFO [0m:      	                                      "'15', '4', '5', '6', '7', '8', '9', "
[92mINFO [0m:      	                                      "'10', '11', '12', '13', '14', '15', "
[92mINFO [0m:      	                                      "'5', '6', '7', '8', '9', '10', '11', "
[92mINFO [0m:      	                                      "'12', '13', '14', '15', '6', '7', '8', "
[92mINFO [0m:      	                                      "'9', '10', '11', '12', '13', '14', "
[92mINFO [0m:      	                                      "'15', '7', '8', '9', '10', '11', '12', "
[92mINFO [0m:      	                                      "'13', '14', '15', '8', '9', '10', '11', "
[92mINFO [0m:      	                                      "'12', '13', '14', '15', '9', '10', "
[92mINFO [0m:      	                                      "'11', '12', '13', '14', '15', '10', "
[92mINFO [0m:      	                                      "'11', '12', '13', '14', '15', '11', "
[92mINFO [0m:      	                                      "'12', '13', '14', '15', '12', '13', "
[92mINFO [0m:      	                                      "'14', '15', '13', '14', '15', '14', "
[92mINFO [0m:      	                                      "'15', '15']",
[92mINFO [0m:      	       'metric-dp-pairwise-distances': "['1.1240e+00', '1.0671e+00', "
[92mINFO [0m:      	                                       "'1.1369e+00', '1.1324e+00', "
[92mINFO [0m:      	                                       "'1.0946e+00', '1.0340e+00', "
[92mINFO [0m:      	                                       "'1.0483e+00', '1.2018e+00', "
[92mINFO [0m:      	                                       "'1.0787e+00', '1.0628e+00', "
[92mINFO [0m:      	                                       "'1.0812e+00', '1.1655e+00', "
[92mINFO [0m:      	                                       "'1.0537e+00', '1.1329e+00', "
[92mINFO [0m:      	                                       "'1.1097e+00', '9.7328e-01', "
[92mINFO [0m:      	                                       "'1.0353e+00', '1.0033e+00', "
[92mINFO [0m:      	                                       "'9.8289e-01', '9.1282e-01', "
[92mINFO [0m:      	                                       "'9.1586e-01', '1.1086e+00', "
[92mINFO [0m:      	                                       "'9.5960e-01', '9.3586e-01', "
[92mINFO [0m:      	                                       "'9.4338e-01', '1.0847e+00', "
[92mINFO [0m:      	                                       "'9.1898e-01', '1.0500e+00', "
[92mINFO [0m:      	                                       "'1.0004e+00', '9.8373e-01', "
[92mINFO [0m:      	                                       "'9.3315e-01', '9.0966e-01', "
[92mINFO [0m:      	                                       "'8.1595e-01', '7.7843e-01', "
[92mINFO [0m:      	                                       "'1.0624e+00', '8.6258e-01', "
[92mINFO [0m:      	                                       "'8.0641e-01', '8.2503e-01', "
[92mINFO [0m:      	                                       "'1.0099e+00', '7.9429e-01', "
[92mINFO [0m:      	                                       "'1.0093e+00', '9.4213e-01', "
[92mINFO [0m:      	                                       "'9.9669e-01', '9.7656e-01', "
[92mINFO [0m:      	                                       "'9.0276e-01', '9.2941e-01', "
[92mINFO [0m:      	                                       "'1.0862e+00', '9.6323e-01', "
[92mINFO [0m:      	                                       "'9.2049e-01', '9.4591e-01', "
[92mINFO [0m:      	                                       "'1.0683e+00', '9.2228e-01', "
[92mINFO [0m:      	                                       "'1.0511e+00', '1.0054e+00', "
[92mINFO [0m:      	                                       "'9.3708e-01', '8.7888e-01', "
[92mINFO [0m:      	                                       "'8.6036e-01', '1.1030e+00', "
[92mINFO [0m:      	                                       "'9.1691e-01', '8.6275e-01', "
[92mINFO [0m:      	                                       "'8.8137e-01', '1.0455e+00', "
[92mINFO [0m:      	                                       "'8.5469e-01', '1.0344e+00', "
[92mINFO [0m:      	                                       "'9.6781e-01', '8.4130e-01', "
[92mINFO [0m:      	                                       "'8.1044e-01', '1.0553e+00', "
[92mINFO [0m:      	                                       "'8.8533e-01', '8.4978e-01', "
[92mINFO [0m:      	                                       "'8.7523e-01', '1.0219e+00', "
[92mINFO [0m:      	                                       "'8.1109e-01', '1.0239e+00', "
[92mINFO [0m:      	                                       "'9.4178e-01', '7.0010e-01', "
[92mINFO [0m:      	                                       "'1.0228e+00', '8.0209e-01', "
[92mINFO [0m:      	                                       "'7.4149e-01', '7.8635e-01', "
[92mINFO [0m:      	                                       "'9.7639e-01', '7.3219e-01', "
[92mINFO [0m:      	                                       "'9.6291e-01', '8.7800e-01', "
[92mINFO [0m:      	                                       "'1.0239e+00', '7.5992e-01', "
[92mINFO [0m:      	                                       "'7.0497e-01', '7.5436e-01', "
[92mINFO [0m:      	                                       "'9.7328e-01', '6.6435e-01', "
[92mINFO [0m:      	                                       "'9.6057e-01', '8.6211e-01', "
[92mINFO [0m:      	                                       "'1.0344e+00', '1.0309e+00', "
[92mINFO [0m:      	                                       "'1.0567e+00', '1.1375e+00', "
[92mINFO [0m:      	                                       "'1.0214e+00', '1.1333e+00', "
[92mINFO [0m:      	                                       "'1.0752e+00', '8.0616e-01', "
[92mINFO [0m:      	                                       "'8.4890e-01', '1.0077e+00', "
[92mINFO [0m:      	                                       "'7.6931e-01', '1.0045e+00', "
[92mINFO [0m:      	                                       "'9.2486e-01', '7.6691e-01', "
[92mINFO [0m:      	                                       "'9.7494e-01', '6.9320e-01', "
[92mINFO [0m:      	                                       "'9.6345e-01', '8.7414e-01', "
[92mINFO [0m:      	                                       "'1.0020e+00', '7.6152e-01', "
[92mINFO [0m:      	                                       "'1.0053e+00', '9.0155e-01', "
[92mINFO [0m:      	                                       "'9.6135e-01', '1.0952e+00', "
[92mINFO [0m:      	                                       "'1.0394e+00', '9.6533e-01', "
[92mINFO [0m:      	                                       "'8.5847e-01', '1.0460e+00']",
[92mINFO [0m:      	       'per-client-num-examples': "['1505', '1152', '800', '1082', '1012', "
[92mINFO [0m:      	                                  "'870', '588', '376', '1435', '729', '517', "
[92mINFO [0m:      	                                  "'659', '1364', '447', '1294', '940']",
[92mINFO [0m:      	       'per-client-train_loss': "['6.8873e-01', '6.9596e-01', '6.9971e-01', "
[92mINFO [0m:      	                                "'7.3510e-01', '6.5913e-01', '7.8361e-01', "
[92mINFO [0m:      	                                "'6.8243e-01', '6.7956e-01', '6.6686e-01', "
[92mINFO [0m:      	                                "'7.0708e-01', '7.8022e-01', '8.2115e-01', "
[92mINFO [0m:      	                                "'7.1922e-01', '6.9305e-01', '7.5815e-01', "
[92mINFO [0m:      	                                "'7.1745e-01']",
[92mINFO [0m:      	       'per-client-train_loss_mean': "['8.4103e-01', '8.1117e-01', "
[92mINFO [0m:      	                                     "'8.5111e-01', '8.5314e-01', "
[92mINFO [0m:      	                                     "'7.9840e-01', '8.4769e-01', "
[92mINFO [0m:      	                                     "'8.0332e-01', '8.6652e-01', "
[92mINFO [0m:      	                                     "'7.8151e-01', '8.4285e-01', "
[92mINFO [0m:      	                                     "'8.8797e-01', '8.9621e-01', "
[92mINFO [0m:      	                                     "'7.9621e-01', '8.7345e-01', "
[92mINFO [0m:      	                                     "'8.5133e-01', '8.2147e-01']",
[92mINFO [0m:      	       'train_loss': '7.1511e-01',
[92mINFO [0m:      	       'train_loss_mean': '8.3167e-01'},
[92mINFO [0m:      	  4: { 'client-ids': "['0', '1', '2', '3', '4', '5', '6', '7', '8', '9', '10', "
[92mINFO [0m:      	                     "'11', '12', '13', '14', '15']",
[92mINFO [0m:      	       'dp-client-clipped': "['1', '1', '1', '1', '1', '1', '0', '0', '1', "
[92mINFO [0m:      	                            "'0', '0', '0', '1', '0', '1', '1']",
[92mINFO [0m:      	       'dp-client-ids': "['0', '1', '2', '3', '4', '5', '6', '7', '8', '9', "
[92mINFO [0m:      	                        "'10', '11', '12', '13', '14', '15']",
[92mINFO [0m:      	       'dp-expected-noise-l2-norm': '1.1847e+01',
[92mINFO [0m:      	       'dp-fraction-clipped': '6.2500e-01',
[92mINFO [0m:      	       'dp-noise-percent-of-signal': '4.8369e+02',
[92mINFO [0m:      	       'dp-noise-to-signal-ratio': '4.8369e+00',
[92mINFO [0m:      	       'dp-num-clients-clipped': '10',
[92mINFO [0m:      	       'dp-parameter-count': '226596',
[92mINFO [0m:      	       'dp-signal-update-norm': '2.4493e+00',
[92mINFO [0m:      	       'dp-update-norms-before-clipping': "['7.0655e+00', '6.1252e+00', "
[92mINFO [0m:      	                                          "'5.1215e+00', '5.9218e+00', "
[92mINFO [0m:      	                                          "'5.7307e+00', '5.3184e+00', "
[92mINFO [0m:      	                                          "'4.3679e+00', '3.7322e+00', "
[92mINFO [0m:      	                                          "'6.7296e+00', '4.8554e+00', "
[92mINFO [0m:      	                                          "'4.0802e+00', '4.7523e+00', "
[92mINFO [0m:      	                                          "'6.6996e+00', '3.6918e+00', "
[92mINFO [0m:      	                                          "'6.6380e+00', '5.5574e+00']",
[92mINFO [0m:      	       'metric-dp-distance': '1.2556e+00',
[92mINFO [0m:      	       'metric-dp-distance-mean': '1.0305e+00',
[92mINFO [0m:      	       'metric-dp-distance-median': '1.0453e+00',
[92mINFO [0m:      	       'metric-dp-distance-min': '7.0740e-01',
[92mINFO [0m:      	       'metric-dp-noise-stdv': '2.4888e-02',
[92mINFO [0m:      	       'metric-dp-pairwise-client-i': "['0', '0', '0', '0', '0', '0', '0', "
[92mINFO [0m:      	                                      "'0', '0', '0', '0', '0', '0', '0', '0', "
[92mINFO [0m:      	                                      "'1', '1', '1', '1', '1', '1', '1', '1', "
[92mINFO [0m:      	                                      "'1', '1', '1', '1', '1', '1', '2', '2', "
[92mINFO [0m:      	                                      "'2', '2', '2', '2', '2', '2', '2', '2', "
[92mINFO [0m:      	                                      "'2', '2', '2', '3', '3', '3', '3', '3', "
[92mINFO [0m:      	                                      "'3', '3', '3', '3', '3', '3', '3', '4', "
[92mINFO [0m:      	                                      "'4', '4', '4', '4', '4', '4', '4', '4', "
[92mINFO [0m:      	                                      "'4', '4', '5', '5', '5', '5', '5', '5', "
[92mINFO [0m:      	                                      "'5', '5', '5', '5', '6', '6', '6', '6', "
[92mINFO [0m:      	                                      "'6', '6', '6', '6', '6', '7', '7', '7', "
[92mINFO [0m:      	                                      "'7', '7', '7', '7', '7', '8', '8', '8', "
[92mINFO [0m:      	                                      "'8', '8', '8', '8', '9', '9', '9', '9', "
[92mINFO [0m:      	                                      "'9', '9', '10', '10', '10', '10', '10', "
[92mINFO [0m:      	                                      "'11', '11', '11', '11', '12', '12', "
[92mINFO [0m:      	                                      "'12', '13', '13', '14']",
[92mINFO [0m:      	       'metric-dp-pairwise-client-j': "['1', '2', '3', '4', '5', '6', '7', "
[92mINFO [0m:      	                                      "'8', '9', '10', '11', '12', '13', '14', "
[92mINFO [0m:      	                                      "'15', '2', '3', '4', '5', '6', '7', "
[92mINFO [0m:      	                                      "'8', '9', '10', '11', '12', '13', '14', "
[92mINFO [0m:      	                                      "'15', '3', '4', '5', '6', '7', '8', "
[92mINFO [0m:      	                                      "'9', '10', '11', '12', '13', '14', "
[92mINFO [0m:      	                                      "'15', '4', '5', '6', '7', '8', '9', "
[92mINFO [0m:      	                                      "'10', '11', '12', '13', '14', '15', "
[92mINFO [0m:      	                                      "'5', '6', '7', '8', '9', '10', '11', "
[92mINFO [0m:      	                                      "'12', '13', '14', '15', '6', '7', '8', "
[92mINFO [0m:      	                                      "'9', '10', '11', '12', '13', '14', "
[92mINFO [0m:      	                                      "'15', '7', '8', '9', '10', '11', '12', "
[92mINFO [0m:      	                                      "'13', '14', '15', '8', '9', '10', '11', "
[92mINFO [0m:      	                                      "'12', '13', '14', '15', '9', '10', "
[92mINFO [0m:      	                                      "'11', '12', '13', '14', '15', '10', "
[92mINFO [0m:      	                                      "'11', '12', '13', '14', '15', '11', "
[92mINFO [0m:      	                                      "'12', '13', '14', '15', '12', '13', "
[92mINFO [0m:      	                                      "'14', '15', '13', '14', '15', '14', "
[92mINFO [0m:      	                                      "'15', '15']",
[92mINFO [0m:      	       'metric-dp-pairwise-distances': "['1.2148e+00', '1.1585e+00', "
[92mINFO [0m:      	                                       "'1.1848e+00', '1.1993e+00', "
[92mINFO [0m:      	                                       "'1.1562e+00', '1.1280e+00', "
[92mINFO [0m:      	                                       "'1.0907e+00', '1.2556e+00', "
[92mINFO [0m:      	                                       "'1.1561e+00', '1.1070e+00', "
[92mINFO [0m:      	                                       "'1.1468e+00', '1.2394e+00', "
[92mINFO [0m:      	                                       "'1.0997e+00', '1.2376e+00', "
[92mINFO [0m:      	                                       "'1.1641e+00', '1.0487e+00', "
[92mINFO [0m:      	                                       "'1.1066e+00', '1.1132e+00', "
[92mINFO [0m:      	                                       "'1.0677e+00', '1.0070e+00', "
[92mINFO [0m:      	                                       "'9.8971e-01', '1.1783e+00', "
[92mINFO [0m:      	                                       "'1.0402e+00', '9.9062e-01', "
[92mINFO [0m:      	                                       "'1.0393e+00', '1.1733e+00', "
[92mINFO [0m:      	                                       "'9.7636e-01', '1.1581e+00', "
[92mINFO [0m:      	                                       "'1.0721e+00', '1.0435e+00', "
[92mINFO [0m:      	                                       "'1.0456e+00', '9.8530e-01', "
[92mINFO [0m:      	                                       "'9.0770e-01', '8.6524e-01', "
[92mINFO [0m:      	                                       "'1.1407e+00', '9.5678e-01', "
[92mINFO [0m:      	                                       "'8.7717e-01', '9.2063e-01', "
[92mINFO [0m:      	                                       "'1.1178e+00', '8.6768e-01', "
[92mINFO [0m:      	                                       "'1.1006e+00', '9.8919e-01', "
[92mINFO [0m:      	                                       "'1.0697e+00', '1.0317e+00', "
[92mINFO [0m:      	                                       "'9.8321e-01', '9.6200e-01', "
[92mINFO [0m:      	                                       "'1.1511e+00', '1.0158e+00', "
[92mINFO [0m:      	                                       "'9.7472e-01', '1.0208e+00', "
[92mINFO [0m:      	                                       "'1.1565e+00', '9.5543e-01', "
[92mINFO [0m:      	                                       "'1.1499e+00', '1.0733e+00', "
[92mINFO [0m:      	                                       "'1.0401e+00', '9.8204e-01', "
[92mINFO [0m:      	                                       "'9.3460e-01', '1.1616e+00', "
[92mINFO [0m:      	                                       "'1.0080e+00', '9.5526e-01', "
[92mINFO [0m:      	                                       "'9.8761e-01', '1.1603e+00', "
[92mINFO [0m:      	                                       "'9.3119e-01', '1.1438e+00', "
[92mINFO [0m:      	                                       "'1.0437e+00', '9.3052e-01', "
[92mINFO [0m:      	                                       "'8.6908e-01', '1.1251e+00', "
[92mINFO [0m:      	                                       "'9.5223e-01', '8.9717e-01', "
[92mINFO [0m:      	                                       "'9.6057e-01', '1.1331e+00', "
[92mINFO [0m:      	                                       "'8.8128e-01', '1.1202e+00', "
[92mINFO [0m:      	                                       "'1.0196e+00', '7.7247e-01', "
[92mINFO [0m:      	                                       "'1.1008e+00', '8.7852e-01', "
[92mINFO [0m:      	                                       "'8.1388e-01', '8.7696e-01', "
[92mINFO [0m:      	                                       "'1.0926e+00', '7.9488e-01', "
[92mINFO [0m:      	                                       "'1.0700e+00', '9.6998e-01', "
[92mINFO [0m:      	                                       "'1.0736e+00', '8.4484e-01', "
[92mINFO [0m:      	                                       "'7.5149e-01', '8.3950e-01', "
[92mINFO [0m:      	                                       "'1.0764e+00', '7.0740e-01', "
[92mINFO [0m:      	                                       "'1.0450e+00', '9.2635e-01', "
[92mINFO [0m:      	                                       "'1.1175e+00', '1.0866e+00', "
[92mINFO [0m:      	                                       "'1.1201e+00', '1.2274e+00', "
[92mINFO [0m:      	                                       "'1.0630e+00', '1.2176e+00', "
[92mINFO [0m:      	                                       "'1.1511e+00', '8.6304e-01', "
[92mINFO [0m:      	                                       "'9.1835e-01', '1.1023e+00', "
[92mINFO [0m:      	                                       "'8.2286e-01', '1.0824e+00', "
[92mINFO [0m:      	                                       "'1.0101e+00', '8.5311e-01', "
[92mINFO [0m:      	                                       "'1.0560e+00', '7.3926e-01', "
[92mINFO [0m:      	                                       "'1.0539e+00', '9.4194e-01', "
[92mINFO [0m:      	                                       "'1.1126e+00', '8.2379e-01', "
[92mINFO [0m:      	                                       "'1.1010e+00', '9.7209e-01', "
[92mINFO [0m:      	                                       "'1.0610e+00', '1.2167e+00', "
[92mINFO [0m:      	                                       "'1.1420e+00', '1.0418e+00', "
[92mINFO [0m:      	                                       "'9.0704e-01', '1.1247e+00']",
[92mINFO [0m:      	       'per-client-num-examples': "['1505', '1152', '800', '1082', '1012', "
[92mINFO [0m:      	                                  "'870', '588', '376', '1435', '729', '517', "
[92mINFO [0m:      	                                  "'659', '1364', '447', '1294', '940']",
[92mINFO [0m:      	       'per-client-train_loss': "['6.4061e-01', '5.8448e-01', '5.7365e-01', "
[92mINFO [0m:      	                                "'6.6306e-01', '5.7510e-01', '5.9275e-01', "
[92mINFO [0m:      	                                "'5.3231e-01', '5.6799e-01', '5.5774e-01', "
[92mINFO [0m:      	                                "'5.8169e-01', '6.6245e-01', '6.1482e-01', "
[92mINFO [0m:      	                                "'5.8284e-01', '6.1099e-01', '6.3756e-01', "
[92mINFO [0m:      	                                "'6.8741e-01']",
[92mINFO [0m:      	       'per-client-train_loss_mean': "['7.2881e-01', '7.0725e-01', "
[92mINFO [0m:      	                                     "'6.9861e-01', '7.5597e-01', "
[92mINFO [0m:      	                                     "'6.7957e-01', '7.0285e-01', "
[92mINFO [0m:      	                                     "'6.4592e-01', '7.1439e-01', "
[92mINFO [0m:      	                                     "'6.7681e-01', '7.2884e-01', "
[92mINFO [0m:      	                                     "'7.7652e-01', '7.3571e-01', "
[92mINFO [0m:      	                                     "'6.8729e-01', '7.0165e-01', "
[92mINFO [0m:      	                                     "'7.3407e-01', '7.4803e-01']",
[92mINFO [0m:      	       'train_loss': '6.0592e-01',
[92mINFO [0m:      	       'train_loss_mean': '7.1287e-01'},
[92mINFO [0m:      	  5: { 'client-ids': "['0', '1', '2', '3', '4', '5', '6', '7', '8', '9', '10', "
[92mINFO [0m:      	                     "'11', '12', '13', '14', '15']",
[92mINFO [0m:      	       'dp-client-clipped': "['1', '1', '1', '1', '1', '1', '0', '0', '1', "
[92mINFO [0m:      	                            "'0', '0', '0', '1', '0', '1', '1']",
[92mINFO [0m:      	       'dp-client-ids': "['0', '1', '2', '3', '4', '5', '6', '7', '8', '9', "
[92mINFO [0m:      	                        "'10', '11', '12', '13', '14', '15']",
[92mINFO [0m:      	       'dp-expected-noise-l2-norm': '1.1255e+01',
[92mINFO [0m:      	       'dp-fraction-clipped': '6.2500e-01',
[92mINFO [0m:      	       'dp-noise-percent-of-signal': '5.1963e+02',
[92mINFO [0m:      	       'dp-noise-to-signal-ratio': '5.1963e+00',
[92mINFO [0m:      	       'dp-num-clients-clipped': '10',
[92mINFO [0m:      	       'dp-parameter-count': '226596',
[92mINFO [0m:      	       'dp-signal-update-norm': '2.1659e+00',
[92mINFO [0m:      	       'dp-update-norms-before-clipping': "['7.0179e+00', '6.1783e+00', "
[92mINFO [0m:      	                                          "'5.0237e+00', '5.8000e+00', "
[92mINFO [0m:      	                                          "'5.8687e+00', '5.5543e+00', "
[92mINFO [0m:      	                                          "'4.5895e+00', '3.9351e+00', "
[92mINFO [0m:      	                                          "'6.8986e+00', '4.8363e+00', "
[92mINFO [0m:      	                                          "'4.0856e+00', '4.8246e+00', "
[92mINFO [0m:      	                                          "'6.5398e+00', '4.0798e+00', "
[92mINFO [0m:      	                                          "'6.7633e+00', '5.4932e+00']",
[92mINFO [0m:      	       'metric-dp-distance': '1.3217e+00',
[92mINFO [0m:      	       'metric-dp-distance-mean': '1.0685e+00',
[92mINFO [0m:      	       'metric-dp-distance-median': '1.0822e+00',
[92mINFO [0m:      	       'metric-dp-distance-min': '7.9039e-01',
[92mINFO [0m:      	       'metric-dp-noise-stdv': '2.3643e-02',
[92mINFO [0m:      	       'metric-dp-pairwise-client-i': "['0', '0', '0', '0', '0', '0', '0', "
[92mINFO [0m:      	                                      "'0', '0', '0', '0', '0', '0', '0', '0', "
[92mINFO [0m:      	                                      "'1', '1', '1', '1', '1', '1', '1', '1', "
[92mINFO [0m:      	                                      "'1', '1', '1', '1', '1', '1', '2', '2', "
[92mINFO [0m:      	                                      "'2', '2', '2', '2', '2', '2', '2', '2', "
[92mINFO [0m:      	                                      "'2', '2', '2', '3', '3', '3', '3', '3', "
[92mINFO [0m:      	                                      "'3', '3', '3', '3', '3', '3', '3', '4', "
[92mINFO [0m:      	                                      "'4', '4', '4', '4', '4', '4', '4', '4', "
[92mINFO [0m:      	                                      "'4', '4', '5', '5', '5', '5', '5', '5', "
[92mINFO [0m:      	                                      "'5', '5', '5', '5', '6', '6', '6', '6', "
[92mINFO [0m:      	                                      "'6', '6', '6', '6', '6', '7', '7', '7', "
[92mINFO [0m:      	                                      "'7', '7', '7', '7', '7', '8', '8', '8', "
[92mINFO [0m:      	                                      "'8', '8', '8', '8', '9', '9', '9', '9', "
[92mINFO [0m:      	                                      "'9', '9', '10', '10', '10', '10', '10', "
[92mINFO [0m:      	                                      "'11', '11', '11', '11', '12', '12', "
[92mINFO [0m:      	                                      "'12', '13', '13', '14']",
[92mINFO [0m:      	       'metric-dp-pairwise-client-j': "['1', '2', '3', '4', '5', '6', '7', "
[92mINFO [0m:      	                                      "'8', '9', '10', '11', '12', '13', '14', "
[92mINFO [0m:      	                                      "'15', '2', '3', '4', '5', '6', '7', "
[92mINFO [0m:      	                                      "'8', '9', '10', '11', '12', '13', '14', "
[92mINFO [0m:      	                                      "'15', '3', '4', '5', '6', '7', '8', "
[92mINFO [0m:      	                                      "'9', '10', '11', '12', '13', '14', "
[92mINFO [0m:      	                                      "'15', '4', '5', '6', '7', '8', '9', "
[92mINFO [0m:      	                                      "'10', '11', '12', '13', '14', '15', "
[92mINFO [0m:      	                                      "'5', '6', '7', '8', '9', '10', '11', "
[92mINFO [0m:      	                                      "'12', '13', '14', '15', '6', '7', '8', "
[92mINFO [0m:      	                                      "'9', '10', '11', '12', '13', '14', "
[92mINFO [0m:      	                                      "'15', '7', '8', '9', '10', '11', '12', "
[92mINFO [0m:      	                                      "'13', '14', '15', '8', '9', '10', '11', "
[92mINFO [0m:      	                                      "'12', '13', '14', '15', '9', '10', "
[92mINFO [0m:      	                                      "'11', '12', '13', '14', '15', '10', "
[92mINFO [0m:      	                                      "'11', '12', '13', '14', '15', '11', "
[92mINFO [0m:      	                                      "'12', '13', '14', '15', '12', '13', "
[92mINFO [0m:      	                                      "'14', '15', '13', '14', '15', '14', "
[92mINFO [0m:      	                                      "'15', '15']",
[92mINFO [0m:      	       'metric-dp-pairwise-distances': "['1.2581e+00', '1.1789e+00', "
[92mINFO [0m:      	                                       "'1.2162e+00', '1.2260e+00', "
[92mINFO [0m:      	                                       "'1.2192e+00', '1.1627e+00', "
[92mINFO [0m:      	                                       "'1.1367e+00', '1.3217e+00', "
[92mINFO [0m:      	                                       "'1.1655e+00', '1.1287e+00', "
[92mINFO [0m:      	                                       "'1.1680e+00', '1.2705e+00', "
[92mINFO [0m:      	                                       "'1.1265e+00', '1.2877e+00', "
[92mINFO [0m:      	                                       "'1.1988e+00', '1.0941e+00', "
[92mINFO [0m:      	                                       "'1.1573e+00', '1.1518e+00', "
[92mINFO [0m:      	                                       "'1.1193e+00', '1.0524e+00', "
[92mINFO [0m:      	                                       "'1.0216e+00', '1.2489e+00', "
[92mINFO [0m:      	                                       "'1.0823e+00', '1.0334e+00', "
[92mINFO [0m:      	                                       "'1.0715e+00', '1.2127e+00', "
[92mINFO [0m:      	                                       "'1.0311e+00', '1.2328e+00', "
[92mINFO [0m:      	                                       "'1.1483e+00', '1.0359e+00', "
[92mINFO [0m:      	                                       "'1.0491e+00', '1.0227e+00', "
[92mINFO [0m:      	                                       "'9.3662e-01', '8.9044e-01', "
[92mINFO [0m:      	                                       "'1.1708e+00', '9.5350e-01', "
[92mINFO [0m:      	                                       "'9.0080e-01', '9.4178e-01', "
[92mINFO [0m:      	                                       "'1.1177e+00', '8.9932e-01', "
[92mINFO [0m:      	                                       "'1.1319e+00', '1.0084e+00', "
[92mINFO [0m:      	                                       "'1.0956e+00', '1.0720e+00', "
[92mINFO [0m:      	                                       "'1.0255e+00', '9.7612e-01', "
[92mINFO [0m:      	                                       "'1.2169e+00', '1.0307e+00', "
[92mINFO [0m:      	                                       "'9.9351e-01', '1.0257e+00', "
[92mINFO [0m:      	                                       "'1.1676e+00', '9.9519e-01', "
[92mINFO [0m:      	                                       "'1.1853e+00', '1.0767e+00', "
[92mINFO [0m:      	                                       "'1.0873e+00', '1.0326e+00', "
[92mINFO [0m:      	                                       "'9.8514e-01', '1.2264e+00', "
[92mINFO [0m:      	                                       "'1.0244e+00', '9.9344e-01', "
[92mINFO [0m:      	                                       "'1.0264e+00', '1.1715e+00', "
[92mINFO [0m:      	                                       "'9.8231e-01', '1.1894e+00', "
[92mINFO [0m:      	                                       "'1.0844e+00', '1.0015e+00', "
[92mINFO [0m:      	                                       "'9.4421e-01', '1.2121e+00', "
[92mINFO [0m:      	                                       "'1.0178e+00', '9.5740e-01', "
[92mINFO [0m:      	                                       "'9.9957e-01', '1.1533e+00', "
[92mINFO [0m:      	                                       "'9.5104e-01', '1.1837e+00', "
[92mINFO [0m:      	                                       "'1.0559e+00', '8.3211e-01', "
[92mINFO [0m:      	                                       "'1.1616e+00', '9.0949e-01', "
[92mINFO [0m:      	                                       "'8.4916e-01', '9.1847e-01', "
[92mINFO [0m:      	                                       "'1.1039e+00', '8.6145e-01', "
[92mINFO [0m:      	                                       "'1.1267e+00', '9.9236e-01', "
[92mINFO [0m:      	                                       "'1.1402e+00', '8.8063e-01', "
[92mINFO [0m:      	                                       "'8.0370e-01', '8.6979e-01', "
[92mINFO [0m:      	                                       "'1.0821e+00', '7.9039e-01', "
[92mINFO [0m:      	                                       "'1.0971e+00', '9.4661e-01', "
[92mINFO [0m:      	                                       "'1.1646e+00', '1.1387e+00', "
[92mINFO [0m:      	                                       "'1.1530e+00', '1.2542e+00', "
[92mINFO [0m:      	                                       "'1.1265e+00', '1.3108e+00', "
[92mINFO [0m:      	                                       "'1.2021e+00', '8.7898e-01', "
[92mINFO [0m:      	                                       "'9.3497e-01', '1.1028e+00', "
[92mINFO [0m:      	                                       "'8.7493e-01', '1.1274e+00', "
[92mINFO [0m:      	                                       "'1.0152e+00', '8.7443e-01', "
[92mINFO [0m:      	                                       "'1.0726e+00', '8.0434e-01', "
[92mINFO [0m:      	                                       "'1.1053e+00', '9.7650e-01', "
[92mINFO [0m:      	                                       "'1.1106e+00', '8.7845e-01', "
[92mINFO [0m:      	                                       "'1.1351e+00', '9.8315e-01', "
[92mINFO [0m:      	                                       "'1.0794e+00', '1.2537e+00', "
[92mINFO [0m:      	                                       "'1.1470e+00', '1.0984e+00', "
[92mINFO [0m:      	                                       "'9.5634e-01', '1.1778e+00']",
[92mINFO [0m:      	       'per-client-num-examples': "['1505', '1152', '800', '1082', '1012', "
[92mINFO [0m:      	                                  "'870', '588', '376', '1435', '729', '517', "
[92mINFO [0m:      	                                  "'659', '1364', '447', '1294', '940']",
[92mINFO [0m:      	       'per-client-train_loss': "['5.2182e-01', '4.7523e-01', '5.4500e-01', "
[92mINFO [0m:      	                                "'5.4142e-01', '4.7741e-01', '5.3259e-01', "
[92mINFO [0m:      	                                "'4.9981e-01', '4.2750e-01', '4.8920e-01', "
[92mINFO [0m:      	                                "'5.2266e-01', '5.2472e-01', '4.9094e-01', "
[92mINFO [0m:      	                                "'4.8647e-01', '5.2446e-01', '5.3174e-01', "
[92mINFO [0m:      	                                "'5.0761e-01']",
[92mINFO [0m:      	       'per-client-train_loss_mean': "['6.3635e-01', '6.1365e-01', "
[92mINFO [0m:      	                                     "'6.3111e-01', '6.7710e-01', "
[92mINFO [0m:      	                                     "'6.0168e-01', '6.2953e-01', "
[92mINFO [0m:      	                                     "'6.1656e-01', '5.7363e-01', "
[92mINFO [0m:      	                                     "'6.0470e-01', '6.5869e-01', "
[92mINFO [0m:      	                                     "'6.8073e-01', '6.5713e-01', "
[92mINFO [0m:      	                                     "'6.1371e-01', '6.2849e-01', "
[92mINFO [0m:      	                                     "'6.6145e-01', '6.3596e-01']",
[92mINFO [0m:      	       'train_loss': '5.0757e-01',
[92mINFO [0m:      	       'train_loss_mean': '6.3247e-01'},
[92mINFO [0m:      	  6: { 'client-ids': "['0', '1', '2', '3', '4', '5', '6', '7', '8', '9', '10', "
[92mINFO [0m:      	                     "'11', '12', '13', '14', '15']",
[92mINFO [0m:      	       'dp-client-clipped': "['1', '1', '1', '1', '1', '1', '0', '0', '1', "
[92mINFO [0m:      	                            "'0', '0', '0', '1', '0', '1', '1']",
[92mINFO [0m:      	       'dp-client-ids': "['0', '1', '2', '3', '4', '5', '6', '7', '8', '9', "
[92mINFO [0m:      	                        "'10', '11', '12', '13', '14', '15']",
[92mINFO [0m:      	       'dp-expected-noise-l2-norm': '1.1149e+01',
[92mINFO [0m:      	       'dp-fraction-clipped': '6.2500e-01',
[92mINFO [0m:      	       'dp-noise-percent-of-signal': '5.6617e+02',
[92mINFO [0m:      	       'dp-noise-to-signal-ratio': '5.6617e+00',
[92mINFO [0m:      	       'dp-num-clients-clipped': '10',
[92mINFO [0m:      	       'dp-parameter-count': '226596',
[92mINFO [0m:      	       'dp-signal-update-norm': '1.9691e+00',
[92mINFO [0m:      	       'dp-update-norms-before-clipping': "['7.1018e+00', '6.2786e+00', "
[92mINFO [0m:      	                                          "'5.3353e+00', '6.2492e+00', "
[92mINFO [0m:      	                                          "'5.6713e+00', '5.6394e+00', "
[92mINFO [0m:      	                                          "'4.6017e+00', '3.8217e+00', "
[92mINFO [0m:      	                                          "'6.9048e+00', '4.9733e+00', "
[92mINFO [0m:      	                                          "'4.2375e+00', '4.7153e+00', "
[92mINFO [0m:      	                                          "'6.7465e+00', '4.0285e+00', "
[92mINFO [0m:      	                                          "'6.5460e+00', '5.6565e+00']",
[92mINFO [0m:      	       'metric-dp-distance': '1.3343e+00',
[92mINFO [0m:      	       'metric-dp-distance-mean': '1.0952e+00',
[92mINFO [0m:      	       'metric-dp-distance-median': '1.1100e+00',
[92mINFO [0m:      	       'metric-dp-distance-min': '7.8468e-01',
[92mINFO [0m:      	       'metric-dp-noise-stdv': '2.3420e-02',
[92mINFO [0m:      	       'metric-dp-pairwise-client-i': "['0', '0', '0', '0', '0', '0', '0', "
[92mINFO [0m:      	                                      "'0', '0', '0', '0', '0', '0', '0', '0', "
[92mINFO [0m:      	                                      "'1', '1', '1', '1', '1', '1', '1', '1', "
[92mINFO [0m:      	                                      "'1', '1', '1', '1', '1', '1', '2', '2', "
[92mINFO [0m:      	                                      "'2', '2', '2', '2', '2', '2', '2', '2', "
[92mINFO [0m:      	                                      "'2', '2', '2', '3', '3', '3', '3', '3', "
[92mINFO [0m:      	                                      "'3', '3', '3', '3', '3', '3', '3', '4', "
[92mINFO [0m:      	                                      "'4', '4', '4', '4', '4', '4', '4', '4', "
[92mINFO [0m:      	                                      "'4', '4', '5', '5', '5', '5', '5', '5', "
[92mINFO [0m:      	                                      "'5', '5', '5', '5', '6', '6', '6', '6', "
[92mINFO [0m:      	                                      "'6', '6', '6', '6', '6', '7', '7', '7', "
[92mINFO [0m:      	                                      "'7', '7', '7', '7', '7', '8', '8', '8', "
[92mINFO [0m:      	                                      "'8', '8', '8', '8', '9', '9', '9', '9', "
[92mINFO [0m:      	                                      "'9', '9', '10', '10', '10', '10', '10', "
[92mINFO [0m:      	                                      "'11', '11', '11', '11', '12', '12', "
[92mINFO [0m:      	                                      "'12', '13', '13', '14']",
[92mINFO [0m:      	       'metric-dp-pairwise-client-j': "['1', '2', '3', '4', '5', '6', '7', "
[92mINFO [0m:      	                                      "'8', '9', '10', '11', '12', '13', '14', "
[92mINFO [0m:      	                                      "'15', '2', '3', '4', '5', '6', '7', "
[92mINFO [0m:      	                                      "'8', '9', '10', '11', '12', '13', '14', "
[92mINFO [0m:      	                                      "'15', '3', '4', '5', '6', '7', '8', "
[92mINFO [0m:      	                                      "'9', '10', '11', '12', '13', '14', "
[92mINFO [0m:      	                                      "'15', '4', '5', '6', '7', '8', '9', "
[92mINFO [0m:      	                                      "'10', '11', '12', '13', '14', '15', "
[92mINFO [0m:      	                                      "'5', '6', '7', '8', '9', '10', '11', "
[92mINFO [0m:      	                                      "'12', '13', '14', '15', '6', '7', '8', "
[92mINFO [0m:      	                                      "'9', '10', '11', '12', '13', '14', "
[92mINFO [0m:      	                                      "'15', '7', '8', '9', '10', '11', '12', "
[92mINFO [0m:      	                                      "'13', '14', '15', '8', '9', '10', '11', "
[92mINFO [0m:      	                                      "'12', '13', '14', '15', '9', '10', "
[92mINFO [0m:      	                                      "'11', '12', '13', '14', '15', '10', "
[92mINFO [0m:      	                                      "'11', '12', '13', '14', '15', '11', "
[92mINFO [0m:      	                                      "'12', '13', '14', '15', '12', '13', "
[92mINFO [0m:      	                                      "'14', '15', '13', '14', '15', '14', "
[92mINFO [0m:      	                                      "'15', '15']",
[92mINFO [0m:      	       'metric-dp-pairwise-distances': "['1.2834e+00', '1.2148e+00', "
[92mINFO [0m:      	                                       "'1.2749e+00', '1.2270e+00', "
[92mINFO [0m:      	                                       "'1.2326e+00', '1.1897e+00', "
[92mINFO [0m:      	                                       "'1.1367e+00', '1.3343e+00', "
[92mINFO [0m:      	                                       "'1.2047e+00', '1.1562e+00', "
[92mINFO [0m:      	                                       "'1.1686e+00', '1.3076e+00', "
[92mINFO [0m:      	                                       "'1.1266e+00', '1.3004e+00', "
[92mINFO [0m:      	                                       "'1.2405e+00', '1.1317e+00', "
[92mINFO [0m:      	                                       "'1.2202e+00', '1.1702e+00', "
[92mINFO [0m:      	                                       "'1.1526e+00', '1.0915e+00', "
[92mINFO [0m:      	                                       "'1.0336e+00', '1.2643e+00', "
[92mINFO [0m:      	                                       "'1.1134e+00', '1.0696e+00', "
[92mINFO [0m:      	                                       "'1.0740e+00', '1.2511e+00', "
[92mINFO [0m:      	                                       "'1.0457e+00', '1.2384e+00', "
[92mINFO [0m:      	                                       "'1.1728e+00', '1.1196e+00', "
[92mINFO [0m:      	                                       "'1.0832e+00', '1.0742e+00', "
[92mINFO [0m:      	                                       "'9.8541e-01', '9.2849e-01', "
[92mINFO [0m:      	                                       "'1.2102e+00', '1.0127e+00', "
[92mINFO [0m:      	                                       "'9.6039e-01', '9.8492e-01', "
[92mINFO [0m:      	                                       "'1.1807e+00', '9.3140e-01', "
[92mINFO [0m:      	                                       "'1.1517e+00', '1.0813e+00', "
[92mINFO [0m:      	                                       "'1.1605e+00', '1.1490e+00', "
[92mINFO [0m:      	                                       "'1.0839e+00', '1.0298e+00', "
[92mINFO [0m:      	                                       "'1.2687e+00', '1.0961e+00', "
[92mINFO [0m:      	                                       "'1.0589e+00', '1.0796e+00', "
[92mINFO [0m:      	                                       "'1.2332e+00', '1.0483e+00', "
[92mINFO [0m:      	                                       "'1.2224e+00', '1.1621e+00', "
[92mINFO [0m:      	                                       "'1.0936e+00', '1.0286e+00', "
[92mINFO [0m:      	                                       "'9.6912e-01', '1.2223e+00', "
[92mINFO [0m:      	                                       "'1.0417e+00', '1.0041e+00', "
[92mINFO [0m:      	                                       "'1.0110e+00', '1.1964e+00', "
[92mINFO [0m:      	                                       "'9.7970e-01', '1.1940e+00', "
[92mINFO [0m:      	                                       "'1.1025e+00', '1.0317e+00', "
[92mINFO [0m:      	                                       "'9.5607e-01', '1.2104e+00', "
[92mINFO [0m:      	                                       "'1.0394e+00', '9.8896e-01', "
[92mINFO [0m:      	                                       "'1.0104e+00', '1.2011e+00', "
[92mINFO [0m:      	                                       "'9.7805e-01', '1.1958e+00', "
[92mINFO [0m:      	                                       "'1.1174e+00', '8.2903e-01', "
[92mINFO [0m:      	                                       "'1.1763e+00', '9.4482e-01', "
[92mINFO [0m:      	                                       "'8.8584e-01', '9.2460e-01', "
[92mINFO [0m:      	                                       "'1.1405e+00', '8.6692e-01', "
[92mINFO [0m:      	                                       "'1.1234e+00', '1.0328e+00', "
[92mINFO [0m:      	                                       "'1.1339e+00', '8.7954e-01', "
[92mINFO [0m:      	                                       "'8.2292e-01', '8.6314e-01', "
[92mINFO [0m:      	                                       "'1.1066e+00', '7.8468e-01', "
[92mINFO [0m:      	                                       "'1.0771e+00', '9.6884e-01', "
[92mINFO [0m:      	                                       "'1.1933e+00', '1.1600e+00', "
[92mINFO [0m:      	                                       "'1.1554e+00', '1.3028e+00', "
[92mINFO [0m:      	                                       "'1.1322e+00', '1.3112e+00', "
[92mINFO [0m:      	                                       "'1.2369e+00', '9.2643e-01', "
[92mINFO [0m:      	                                       "'9.4607e-01', '1.1512e+00', "
[92mINFO [0m:      	                                       "'8.9473e-01', '1.1403e+00', "
[92mINFO [0m:      	                                       "'1.0648e+00', '8.9599e-01', "
[92mINFO [0m:      	                                       "'1.1270e+00', '8.2465e-01', "
[92mINFO [0m:      	                                       "'1.1062e+00', '1.0179e+00', "
[92mINFO [0m:      	                                       "'1.1376e+00', '8.6620e-01', "
[92mINFO [0m:      	                                       "'1.1336e+00', '1.0163e+00', "
[92mINFO [0m:      	                                       "'1.1042e+00', '1.2761e+00', "
[92mINFO [0m:      	                                       "'1.1986e+00', '1.0811e+00', "
[92mINFO [0m:      	                                       "'9.7630e-01', '1.1927e+00']",
[92mINFO [0m:      	       'per-client-num-examples': "['1505', '1152', '800', '1082', '1012', "
[92mINFO [0m:      	                                  "'870', '588', '376', '1435', '729', '517', "
[92mINFO [0m:      	                                  "'659', '1364', '447', '1294', '940']",
[92mINFO [0m:      	       'per-client-train_loss': "['4.9326e-01', '4.0714e-01', '4.2339e-01', "
[92mINFO [0m:      	                                "'4.1757e-01', '3.7135e-01', '3.9739e-01', "
[92mINFO [0m:      	                                "'3.8879e-01', '3.5906e-01', '3.7364e-01', "
[92mINFO [0m:      	                                "'4.5559e-01', '4.4120e-01', '4.2572e-01', "
[92mINFO [0m:      	                                "'3.9141e-01', '4.3867e-01', '4.4642e-01', "
[92mINFO [0m:      	                                "'4.3299e-01']",
[92mINFO [0m:      	       'per-client-train_loss_mean': "['5.9597e-01', '5.4295e-01', "
[92mINFO [0m:      	                                     "'5.6406e-01', '5.7257e-01', "
[92mINFO [0m:      	                                     "'5.2449e-01', '5.3655e-01', "
[92mINFO [0m:      	                                     "'5.1804e-01', '5.3157e-01', "
[92mINFO [0m:      	                                     "'5.1724e-01', '5.8295e-01', "
[92mINFO [0m:      	                                     "'5.6782e-01', '5.9560e-01', "
[92mINFO [0m:      	                                     "'5.2932e-01', '5.8085e-01', "
[92mINFO [0m:      	                                     "'5.6043e-01', '5.5600e-01']",
[92mINFO [0m:      	       'train_loss': '4.1832e-01',
[92mINFO [0m:      	       'train_loss_mean': '5.5369e-01'},
[92mINFO [0m:      	  7: { 'client-ids': "['0', '1', '2', '3', '4', '5', '6', '7', '8', '9', '10', "
[92mINFO [0m:      	                     "'11', '12', '13', '14', '15']",
[92mINFO [0m:      	       'dp-client-clipped': "['1', '1', '1', '1', '1', '1', '0', '0', '1', "
[92mINFO [0m:      	                            "'1', '0', '0', '1', '0', '1', '1']",
[92mINFO [0m:      	       'dp-client-ids': "['0', '1', '2', '3', '4', '5', '6', '7', '8', '9', "
[92mINFO [0m:      	                        "'10', '11', '12', '13', '14', '15']",
[92mINFO [0m:      	       'dp-expected-noise-l2-norm': '1.0945e+01',
[92mINFO [0m:      	       'dp-fraction-clipped': '6.8750e-01',
[92mINFO [0m:      	       'dp-noise-percent-of-signal': '5.9098e+02',
[92mINFO [0m:      	       'dp-noise-to-signal-ratio': '5.9098e+00',
[92mINFO [0m:      	       'dp-num-clients-clipped': '11',
[92mINFO [0m:      	       'dp-parameter-count': '226596',
[92mINFO [0m:      	       'dp-signal-update-norm': '1.8520e+00',
[92mINFO [0m:      	       'dp-update-norms-before-clipping': "['7.1737e+00', '6.2428e+00', "
[92mINFO [0m:      	                                          "'5.2370e+00', '6.1214e+00', "
[92mINFO [0m:      	                                          "'5.9450e+00', '5.3811e+00', "
[92mINFO [0m:      	                                          "'4.6363e+00', '3.8647e+00', "
[92mINFO [0m:      	                                          "'6.7778e+00', '5.0171e+00', "
[92mINFO [0m:      	                                          "'4.2007e+00', '4.7897e+00', "
[92mINFO [0m:      	                                          "'6.6575e+00', '3.9712e+00', "
[92mINFO [0m:      	                                          "'6.5460e+00', '5.6026e+00']",
[92mINFO [0m:      	       'metric-dp-distance': '1.3591e+00',
[92mINFO [0m:      	       'metric-dp-distance-mean': '1.0996e+00',
[92mINFO [0m:      	       'metric-dp-distance-median': '1.1127e+00',
[92mINFO [0m:      	       'metric-dp-distance-min': '7.8174e-01',
[92mINFO [0m:      	       'metric-dp-noise-stdv': '2.2993e-02',
[92mINFO [0m:      	       'metric-dp-pairwise-client-i': "['0', '0', '0', '0', '0', '0', '0', "
[92mINFO [0m:      	                                      "'0', '0', '0', '0', '0', '0', '0', '0', "
[92mINFO [0m:      	                                      "'1', '1', '1', '1', '1', '1', '1', '1', "
[92mINFO [0m:      	                                      "'1', '1', '1', '1', '1', '1', '2', '2', "
[92mINFO [0m:      	                                      "'2', '2', '2', '2', '2', '2', '2', '2', "
[92mINFO [0m:      	                                      "'2', '2', '2', '3', '3', '3', '3', '3', "
[92mINFO [0m:      	                                      "'3', '3', '3', '3', '3', '3', '3', '4', "
[92mINFO [0m:      	                                      "'4', '4', '4', '4', '4', '4', '4', '4', "
[92mINFO [0m:      	                                      "'4', '4', '5', '5', '5', '5', '5', '5', "
[92mINFO [0m:      	                                      "'5', '5', '5', '5', '6', '6', '6', '6', "
[92mINFO [0m:      	                                      "'6', '6', '6', '6', '6', '7', '7', '7', "
[92mINFO [0m:      	                                      "'7', '7', '7', '7', '7', '8', '8', '8', "
[92mINFO [0m:      	                                      "'8', '8', '8', '8', '9', '9', '9', '9', "
[92mINFO [0m:      	                                      "'9', '9', '10', '10', '10', '10', '10', "
[92mINFO [0m:      	                                      "'11', '11', '11', '11', '12', '12', "
[92mINFO [0m:      	                                      "'12', '13', '13', '14']",
[92mINFO [0m:      	       'metric-dp-pairwise-client-j': "['1', '2', '3', '4', '5', '6', '7', "
[92mINFO [0m:      	                                      "'8', '9', '10', '11', '12', '13', '14', "
[92mINFO [0m:      	                                      "'15', '2', '3', '4', '5', '6', '7', "
[92mINFO [0m:      	                                      "'8', '9', '10', '11', '12', '13', '14', "
[92mINFO [0m:      	                                      "'15', '3', '4', '5', '6', '7', '8', "
[92mINFO [0m:      	                                      "'9', '10', '11', '12', '13', '14', "
[92mINFO [0m:      	                                      "'15', '4', '5', '6', '7', '8', '9', "
[92mINFO [0m:      	                                      "'10', '11', '12', '13', '14', '15', "
[92mINFO [0m:      	                                      "'5', '6', '7', '8', '9', '10', '11', "
[92mINFO [0m:      	                                      "'12', '13', '14', '15', '6', '7', '8', "
[92mINFO [0m:      	                                      "'9', '10', '11', '12', '13', '14', "
[92mINFO [0m:      	                                      "'15', '7', '8', '9', '10', '11', '12', "
[92mINFO [0m:      	                                      "'13', '14', '15', '8', '9', '10', '11', "
[92mINFO [0m:      	                                      "'12', '13', '14', '15', '9', '10', "
[92mINFO [0m:      	                                      "'11', '12', '13', '14', '15', '10', "
[92mINFO [0m:      	                                      "'11', '12', '13', '14', '15', '11', "
[92mINFO [0m:      	                                      "'12', '13', '14', '15', '12', '13', "
[92mINFO [0m:      	                                      "'14', '15', '13', '14', '15', '14', "
[92mINFO [0m:      	                                      "'15', '15']",
[92mINFO [0m:      	       'metric-dp-pairwise-distances': "['1.3067e+00', '1.2305e+00', "
[92mINFO [0m:      	                                       "'1.2939e+00', '1.2799e+00', "
[92mINFO [0m:      	                                       "'1.2474e+00', '1.2163e+00', "
[92mINFO [0m:      	                                       "'1.1639e+00', '1.3591e+00', "
[92mINFO [0m:      	                                       "'1.2273e+00', '1.1759e+00', "
[92mINFO [0m:      	                                       "'1.2023e+00', '1.3298e+00', "
[92mINFO [0m:      	                                       "'1.1428e+00', '1.3114e+00', "
[92mINFO [0m:      	                                       "'1.2588e+00', '1.1337e+00', "
[92mINFO [0m:      	                                       "'1.2130e+00', '1.1981e+00', "
[92mINFO [0m:      	                                       "'1.1314e+00', '1.0956e+00', "
[92mINFO [0m:      	                                       "'1.0358e+00', '1.2711e+00', "
[92mINFO [0m:      	                                       "'1.1280e+00', '1.0684e+00', "
[92mINFO [0m:      	                                       "'1.0972e+00', '1.2601e+00', "
[92mINFO [0m:      	                                       "'1.0421e+00', '1.2377e+00', "
[92mINFO [0m:      	                                       "'1.1635e+00', '1.1128e+00', "
[92mINFO [0m:      	                                       "'1.0987e+00', '1.0486e+00', "
[92mINFO [0m:      	                                       "'9.9456e-01', '9.2086e-01', "
[92mINFO [0m:      	                                       "'1.1914e+00', '1.0056e+00', "
[92mINFO [0m:      	                                       "'9.5056e-01', '9.8831e-01', "
[92mINFO [0m:      	                                       "'1.1765e+00', '9.2303e-01', "
[92mINFO [0m:      	                                       "'1.1520e+00', '1.0692e+00', "
[92mINFO [0m:      	                                       "'1.1799e+00', '1.1251e+00', "
[92mINFO [0m:      	                                       "'1.0790e+00', '1.0220e+00', "
[92mINFO [0m:      	                                       "'1.2650e+00', '1.1089e+00', "
[92mINFO [0m:      	                                       "'1.0407e+00', '1.0786e+00', "
[92mINFO [0m:      	                                       "'1.2362e+00', '1.0252e+00', "
[92mINFO [0m:      	                                       "'1.2292e+00', '1.1501e+00', "
[92mINFO [0m:      	                                       "'1.1033e+00', '1.0646e+00', "
[92mINFO [0m:      	                                       "'1.0049e+00', '1.2575e+00', "
[92mINFO [0m:      	                                       "'1.0830e+00', '1.0360e+00', "
[92mINFO [0m:      	                                       "'1.0721e+00', '1.2309e+00', "
[92mINFO [0m:      	                                       "'1.0002e+00', '1.2136e+00', "
[92mINFO [0m:      	                                       "'1.1342e+00', '1.0088e+00', "
[92mINFO [0m:      	                                       "'9.3174e-01', '1.2133e+00', "
[92mINFO [0m:      	                                       "'1.0269e+00', '9.6389e-01', "
[92mINFO [0m:      	                                       "'9.9914e-01', '1.1755e+00', "
[92mINFO [0m:      	                                       "'9.3367e-01', '1.1698e+00', "
[92mINFO [0m:      	                                       "'1.0750e+00', '8.4383e-01', "
[92mINFO [0m:      	                                       "'1.1735e+00', '9.6304e-01', "
[92mINFO [0m:      	                                       "'9.0060e-01', '9.4775e-01', "
[92mINFO [0m:      	                                       "'1.1524e+00', '8.7405e-01', "
[92mINFO [0m:      	                                       "'1.1304e+00', '1.0264e+00', "
[92mINFO [0m:      	                                       "'1.1374e+00', '8.9718e-01', "
[92mINFO [0m:      	                                       "'8.2130e-01', '8.8055e-01', "
[92mINFO [0m:      	                                       "'1.1126e+00', '7.8174e-01', "
[92mINFO [0m:      	                                       "'1.0706e+00', '9.7199e-01', "
[92mINFO [0m:      	                                       "'1.1955e+00', '1.1530e+00', "
[92mINFO [0m:      	                                       "'1.1714e+00', '1.3001e+00', "
[92mINFO [0m:      	                                       "'1.1169e+00', '1.3010e+00', "
[92mINFO [0m:      	                                       "'1.2254e+00', '9.3482e-01', "
[92mINFO [0m:      	                                       "'9.7916e-01', '1.1657e+00', "
[92mINFO [0m:      	                                       "'8.9883e-01', '1.1432e+00', "
[92mINFO [0m:      	                                       "'1.0701e+00', '9.0606e-01', "
[92mINFO [0m:      	                                       "'1.1185e+00', '8.1556e-01', "
[92mINFO [0m:      	                                       "'1.0916e+00', '9.9797e-01', "
[92mINFO [0m:      	                                       "'1.1573e+00', '8.7455e-01', "
[92mINFO [0m:      	                                       "'1.1393e+00', '1.0235e+00', "
[92mINFO [0m:      	                                       "'1.1032e+00', '1.2733e+00', "
[92mINFO [0m:      	                                       "'1.1921e+00', '1.0804e+00', "
[92mINFO [0m:      	                                       "'9.6206e-01', '1.1875e+00']",
[92mINFO [0m:      	       'per-client-num-examples': "['1505', '1152', '800', '1082', '1012', "
[92mINFO [0m:      	                                  "'870', '588', '376', '1435', '729', '517', "
[92mINFO [0m:      	                                  "'659', '1364', '447', '1294', '940']",
[92mINFO [0m:      	       'per-client-train_loss': "['3.5811e-01', '3.1965e-01', '2.9647e-01', "
[92mINFO [0m:      	                                "'3.3416e-01', '2.8466e-01', '3.3164e-01', "
[92mINFO [0m:      	                                "'3.0698e-01', '2.6384e-01', '2.8912e-01', "
[92mINFO [0m:      	                                "'3.0756e-01', '3.9160e-01', '3.9262e-01', "
[92mINFO [0m:      	                                "'2.8306e-01', '3.0577e-01', '3.2420e-01', "
[92mINFO [0m:      	                                "'3.5576e-01']",
[92mINFO [0m:      	       'per-client-train_loss_mean': "['4.9312e-01', '4.8093e-01', "
[92mINFO [0m:      	                                     "'4.7558e-01', '5.1894e-01', "
[92mINFO [0m:      	                                     "'4.5834e-01', '4.9976e-01', "
[92mINFO [0m:      	                                     "'4.6657e-01', '4.3430e-01', "
[92mINFO [0m:      	                                     "'4.6741e-01', '4.8734e-01', "
[92mINFO [0m:      	                                     "'5.5029e-01', '5.5142e-01', "
[92mINFO [0m:      	                                     "'4.4607e-01', '4.8274e-01', "
[92mINFO [0m:      	                                     "'4.9706e-01', '4.9409e-01']",
[92mINFO [0m:      	       'train_loss': '3.2087e-01',
[92mINFO [0m:      	       'train_loss_mean': '4.8613e-01'},
[92mINFO [0m:      	  8: { 'client-ids': "['0', '1', '2', '3', '4', '5', '6', '7', '8', '9', '10', "
[92mINFO [0m:      	                     "'11', '12', '13', '14', '15']",
[92mINFO [0m:      	       'dp-client-clipped': "['1', '1', '1', '1', '1', '1', '0', '0', '1', "
[92mINFO [0m:      	                            "'1', '0', '0', '1', '0', '1', '1']",
[92mINFO [0m:      	       'dp-client-ids': "['0', '1', '2', '3', '4', '5', '6', '7', '8', '9', "
[92mINFO [0m:      	                        "'10', '11', '12', '13', '14', '15']",
[92mINFO [0m:      	       'dp-expected-noise-l2-norm': '1.1079e+01',
[92mINFO [0m:      	       'dp-fraction-clipped': '6.8750e-01',
[92mINFO [0m:      	       'dp-noise-percent-of-signal': '6.3160e+02',
[92mINFO [0m:      	       'dp-noise-to-signal-ratio': '6.3160e+00',
[92mINFO [0m:      	       'dp-num-clients-clipped': '11',
[92mINFO [0m:      	       'dp-parameter-count': '226596',
[92mINFO [0m:      	       'dp-signal-update-norm': '1.7541e+00',
[92mINFO [0m:      	       'dp-update-norms-before-clipping': "['6.8480e+00', '5.9936e+00', "
[92mINFO [0m:      	                                          "'5.2102e+00', '5.9321e+00', "
[92mINFO [0m:      	                                          "'5.7111e+00', '5.4353e+00', "
[92mINFO [0m:      	                                          "'4.6878e+00', '3.7131e+00', "
[92mINFO [0m:      	                                          "'6.7877e+00', '5.0514e+00', "
[92mINFO [0m:      	                                          "'4.2979e+00', '4.7852e+00', "
[92mINFO [0m:      	                                          "'6.6131e+00', '4.0917e+00', "
[92mINFO [0m:      	                                          "'6.5691e+00', '5.6232e+00']",
[92mINFO [0m:      	       'metric-dp-distance': '1.3427e+00',
[92mINFO [0m:      	       'metric-dp-distance-mean': '1.0955e+00',
[92mINFO [0m:      	       'metric-dp-distance-median': '1.1064e+00',
[92mINFO [0m:      	       'metric-dp-distance-min': '7.9491e-01',
[92mINFO [0m:      	       'metric-dp-noise-stdv': '2.3274e-02',
[92mINFO [0m:      	       'metric-dp-pairwise-client-i': "['0', '0', '0', '0', '0', '0', '0', "
[92mINFO [0m:      	                                      "'0', '0', '0', '0', '0', '0', '0', '0', "
[92mINFO [0m:      	                                      "'1', '1', '1', '1', '1', '1', '1', '1', "
[92mINFO [0m:      	                                      "'1', '1', '1', '1', '1', '1', '2', '2', "
[92mINFO [0m:      	                                      "'2', '2', '2', '2', '2', '2', '2', '2', "
[92mINFO [0m:      	                                      "'2', '2', '2', '3', '3', '3', '3', '3', "
[92mINFO [0m:      	                                      "'3', '3', '3', '3', '3', '3', '3', '4', "
[92mINFO [0m:      	                                      "'4', '4', '4', '4', '4', '4', '4', '4', "
[92mINFO [0m:      	                                      "'4', '4', '5', '5', '5', '5', '5', '5', "
[92mINFO [0m:      	                                      "'5', '5', '5', '5', '6', '6', '6', '6', "
[92mINFO [0m:      	                                      "'6', '6', '6', '6', '6', '7', '7', '7', "
[92mINFO [0m:      	                                      "'7', '7', '7', '7', '7', '8', '8', '8', "
[92mINFO [0m:      	                                      "'8', '8', '8', '8', '9', '9', '9', '9', "
[92mINFO [0m:      	                                      "'9', '9', '10', '10', '10', '10', '10', "
[92mINFO [0m:      	                                      "'11', '11', '11', '11', '12', '12', "
[92mINFO [0m:      	                                      "'12', '13', '13', '14']",
[92mINFO [0m:      	       'metric-dp-pairwise-client-j': "['1', '2', '3', '4', '5', '6', '7', "
[92mINFO [0m:      	                                      "'8', '9', '10', '11', '12', '13', '14', "
[92mINFO [0m:      	                                      "'15', '2', '3', '4', '5', '6', '7', "
[92mINFO [0m:      	                                      "'8', '9', '10', '11', '12', '13', '14', "
[92mINFO [0m:      	                                      "'15', '3', '4', '5', '6', '7', '8', "
[92mINFO [0m:      	                                      "'9', '10', '11', '12', '13', '14', "
[92mINFO [0m:      	                                      "'15', '4', '5', '6', '7', '8', '9', "
[92mINFO [0m:      	                                      "'10', '11', '12', '13', '14', '15', "
[92mINFO [0m:      	                                      "'5', '6', '7', '8', '9', '10', '11', "
[92mINFO [0m:      	                                      "'12', '13', '14', '15', '6', '7', '8', "
[92mINFO [0m:      	                                      "'9', '10', '11', '12', '13', '14', "
[92mINFO [0m:      	                                      "'15', '7', '8', '9', '10', '11', '12', "
[92mINFO [0m:      	                                      "'13', '14', '15', '8', '9', '10', '11', "
[92mINFO [0m:      	                                      "'12', '13', '14', '15', '9', '10', "
[92mINFO [0m:      	                                      "'11', '12', '13', '14', '15', '10', "
[92mINFO [0m:      	                                      "'11', '12', '13', '14', '15', '11', "
[92mINFO [0m:      	                                      "'12', '13', '14', '15', '12', '13', "
[92mINFO [0m:      	                                      "'14', '15', '13', '14', '15', '14', "
[92mINFO [0m:      	                                      "'15', '15']",
[92mINFO [0m:      	       'metric-dp-pairwise-distances': "['1.2538e+00', '1.2060e+00', "
[92mINFO [0m:      	                                       "'1.2516e+00', '1.2465e+00', "
[92mINFO [0m:      	                                       "'1.2221e+00', '1.1729e+00', "
[92mINFO [0m:      	                                       "'1.1164e+00', '1.3427e+00', "
[92mINFO [0m:      	                                       "'1.1929e+00', '1.1500e+00', "
[92mINFO [0m:      	                                       "'1.1641e+00', '1.3035e+00', "
[92mINFO [0m:      	                                       "'1.1260e+00', '1.3074e+00', "
[92mINFO [0m:      	                                       "'1.2325e+00', '1.1060e+00', "
[92mINFO [0m:      	                                       "'1.1686e+00', '1.1700e+00', "
[92mINFO [0m:      	                                       "'1.1127e+00', '1.0566e+00', "
[92mINFO [0m:      	                                       "'9.9548e-01', '1.2587e+00', "
[92mINFO [0m:      	                                       "'1.1024e+00', '1.0483e+00', "
[92mINFO [0m:      	                                       "'1.0760e+00', '1.2272e+00', "
[92mINFO [0m:      	                                       "'1.0394e+00', '1.2341e+00', "
[92mINFO [0m:      	                                       "'1.1515e+00', '1.0991e+00', "
[92mINFO [0m:      	                                       "'1.0904e+00', '1.0681e+00', "
[92mINFO [0m:      	                                       "'9.9603e-01', '9.0506e-01', "
[92mINFO [0m:      	                                       "'1.1986e+00', '1.0184e+00', "
[92mINFO [0m:      	                                       "'9.5868e-01', '1.0034e+00', "
[92mINFO [0m:      	                                       "'1.1729e+00', '9.4484e-01', "
[92mINFO [0m:      	                                       "'1.1646e+00', '1.0770e+00', "
[92mINFO [0m:      	                                       "'1.1520e+00', '1.1184e+00', "
[92mINFO [0m:      	                                       "'1.0593e+00', '9.8980e-01', "
[92mINFO [0m:      	                                       "'1.2531e+00', '1.0953e+00', "
[92mINFO [0m:      	                                       "'1.0395e+00', '1.0698e+00', "
[92mINFO [0m:      	                                       "'1.2244e+00', '1.0283e+00', "
[92mINFO [0m:      	                                       "'1.2298e+00', '1.1429e+00', "
[92mINFO [0m:      	                                       "'1.1082e+00', '1.0480e+00', "
[92mINFO [0m:      	                                       "'9.6848e-01', '1.2391e+00', "
[92mINFO [0m:      	                                       "'1.0719e+00', '1.0180e+00', "
[92mINFO [0m:      	                                       "'1.0484e+00', '1.2170e+00', "
[92mINFO [0m:      	                                       "'9.9835e-01', '1.2106e+00', "
[92mINFO [0m:      	                                       "'1.1358e+00', '1.0252e+00', "
[92mINFO [0m:      	                                       "'9.3977e-01', '1.2268e+00', "
[92mINFO [0m:      	                                       "'1.0435e+00', '9.9515e-01', "
[92mINFO [0m:      	                                       "'1.0140e+00', '1.1849e+00', "
[92mINFO [0m:      	                                       "'9.7872e-01', '1.1947e+00', "
[92mINFO [0m:      	                                       "'1.0993e+00', '8.3786e-01', "
[92mINFO [0m:      	                                       "'1.1639e+00', '9.7613e-01', "
[92mINFO [0m:      	                                       "'9.1140e-01', '9.4534e-01', "
[92mINFO [0m:      	                                       "'1.1294e+00', '8.8323e-01', "
[92mINFO [0m:      	                                       "'1.1353e+00', '1.0384e+00', "
[92mINFO [0m:      	                                       "'1.1195e+00', '8.9187e-01', "
[92mINFO [0m:      	                                       "'8.1850e-01', '8.6733e-01', "
[92mINFO [0m:      	                                       "'1.0869e+00', '7.9491e-01', "
[92mINFO [0m:      	                                       "'1.0685e+00', '9.6348e-01', "
[92mINFO [0m:      	                                       "'1.1951e+00', '1.1511e+00', "
[92mINFO [0m:      	                                       "'1.1659e+00', '1.3047e+00', "
[92mINFO [0m:      	                                       "'1.1307e+00', '1.3100e+00', "
[92mINFO [0m:      	                                       "'1.2433e+00', '9.4992e-01', "
[92mINFO [0m:      	                                       "'9.7982e-01', '1.1588e+00', "
[92mINFO [0m:      	                                       "'9.4104e-01', '1.1702e+00', "
[92mINFO [0m:      	                                       "'1.0786e+00', '9.2292e-01', "
[92mINFO [0m:      	                                       "'1.1229e+00', '8.4885e-01', "
[92mINFO [0m:      	                                       "'1.1084e+00', '1.0153e+00', "
[92mINFO [0m:      	                                       "'1.1380e+00', '8.9370e-01', "
[92mINFO [0m:      	                                       "'1.1517e+00', '1.0378e+00', "
[92mINFO [0m:      	                                       "'1.1068e+00', '1.2812e+00', "
[92mINFO [0m:      	                                       "'1.2066e+00', '1.1030e+00', "
[92mINFO [0m:      	                                       "'1.0035e+00', '1.2071e+00']",
[92mINFO [0m:      	       'per-client-num-examples': "['1505', '1152', '800', '1082', '1012', "
[92mINFO [0m:      	                                  "'870', '588', '376', '1435', '729', '517', "
[92mINFO [0m:      	                                  "'659', '1364', '447', '1294', '940']",
[92mINFO [0m:      	       'per-client-train_loss': "['3.2828e-01', '2.8498e-01', '2.3416e-01', "
[92mINFO [0m:      	                                "'2.7469e-01', '2.4479e-01', '2.5921e-01', "
[92mINFO [0m:      	                                "'2.6280e-01', '2.7239e-01', '2.4012e-01', "
[92mINFO [0m:      	                                "'2.5871e-01', '2.4577e-01', '2.6045e-01', "
[92mINFO [0m:      	                                "'2.3200e-01', '2.1413e-01', '2.6644e-01', "
[92mINFO [0m:      	                                "'2.9870e-01']",
[92mINFO [0m:      	       'per-client-train_loss_mean': "['4.7392e-01', '4.4549e-01', "
[92mINFO [0m:      	                                     "'4.0889e-01', '4.5214e-01', "
[92mINFO [0m:      	                                     "'4.1369e-01', '4.3298e-01', "
[92mINFO [0m:      	                                     "'4.1971e-01', '4.4300e-01', "
[92mINFO [0m:      	                                     "'4.1339e-01', '4.3149e-01', "
[92mINFO [0m:      	                                     "'4.3602e-01', '4.5210e-01', "
[92mINFO [0m:      	                                     "'4.0029e-01', '4.2362e-01', "
[92mINFO [0m:      	                                     "'4.3728e-01', '4.5760e-01']",
[92mINFO [0m:      	       'train_loss': '2.6450e-01',
[92mINFO [0m:      	       'train_loss_mean': '4.3426e-01'},
[92mINFO [0m:      	  9: { 'client-ids': "['0', '1', '2', '3', '4', '5', '6', '7', '8', '9', '10', "
[92mINFO [0m:      	                     "'11', '12', '13', '14', '15']",
[92mINFO [0m:      	       'dp-client-clipped': "['1', '1', '0', '1', '1', '1', '0', '0', '1', "
[92mINFO [0m:      	                            "'0', '0', '0', '1', '0', '1', '1']",
[92mINFO [0m:      	       'dp-client-ids': "['0', '1', '2', '3', '4', '5', '6', '7', '8', '9', "
[92mINFO [0m:      	                        "'10', '11', '12', '13', '14', '15']",
[92mINFO [0m:      	       'dp-expected-noise-l2-norm': '1.0798e+01',
[92mINFO [0m:      	       'dp-fraction-clipped': '5.6250e-01',
[92mINFO [0m:      	       'dp-noise-percent-of-signal': '6.4651e+02',
[92mINFO [0m:      	       'dp-noise-to-signal-ratio': '6.4651e+00',
[92mINFO [0m:      	       'dp-num-clients-clipped': '9',
[92mINFO [0m:      	       'dp-parameter-count': '226596',
[92mINFO [0m:      	       'dp-signal-update-norm': '1.6703e+00',
[92mINFO [0m:      	       'dp-update-norms-before-clipping': "['7.2503e+00', '5.8859e+00', "
[92mINFO [0m:      	                                          "'4.9201e+00', '5.7822e+00', "
[92mINFO [0m:      	                                          "'5.5921e+00', '5.1960e+00', "
[92mINFO [0m:      	                                          "'4.4772e+00', '3.5399e+00', "
[92mINFO [0m:      	                                          "'6.6434e+00', '4.9226e+00', "
[92mINFO [0m:      	                                          "'4.3611e+00', '4.7861e+00', "
[92mINFO [0m:      	                                          "'6.4566e+00', '3.7007e+00', "
[92mINFO [0m:      	                                          "'6.2022e+00', '5.3644e+00']",
[92mINFO [0m:      	       'metric-dp-distance': '1.3776e+00',
[92mINFO [0m:      	       'metric-dp-distance-mean': '1.0708e+00',
[92mINFO [0m:      	       'metric-dp-distance-median': '1.0687e+00',
[92mINFO [0m:      	       'metric-dp-distance-min': '7.3447e-01',
[92mINFO [0m:      	       'metric-dp-noise-stdv': '2.2685e-02',
[92mINFO [0m:      	       'metric-dp-pairwise-client-i': "['0', '0', '0', '0', '0', '0', '0', "
[92mINFO [0m:      	                                      "'0', '0', '0', '0', '0', '0', '0', '0', "
[92mINFO [0m:      	                                      "'1', '1', '1', '1', '1', '1', '1', '1', "
[92mINFO [0m:      	                                      "'1', '1', '1', '1', '1', '1', '2', '2', "
[92mINFO [0m:      	                                      "'2', '2', '2', '2', '2', '2', '2', '2', "
[92mINFO [0m:      	                                      "'2', '2', '2', '3', '3', '3', '3', '3', "
[92mINFO [0m:      	                                      "'3', '3', '3', '3', '3', '3', '3', '4', "
[92mINFO [0m:      	                                      "'4', '4', '4', '4', '4', '4', '4', '4', "
[92mINFO [0m:      	                                      "'4', '4', '5', '5', '5', '5', '5', '5', "
[92mINFO [0m:      	                                      "'5', '5', '5', '5', '6', '6', '6', '6', "
[92mINFO [0m:      	                                      "'6', '6', '6', '6', '6', '7', '7', '7', "
[92mINFO [0m:      	                                      "'7', '7', '7', '7', '7', '8', '8', '8', "
[92mINFO [0m:      	                                      "'8', '8', '8', '8', '9', '9', '9', '9', "
[92mINFO [0m:      	                                      "'9', '9', '10', '10', '10', '10', '10', "
[92mINFO [0m:      	                                      "'11', '11', '11', '11', '12', '12', "
[92mINFO [0m:      	                                      "'12', '13', '13', '14']",
[92mINFO [0m:      	       'metric-dp-pairwise-client-j': "['1', '2', '3', '4', '5', '6', '7', "
[92mINFO [0m:      	                                      "'8', '9', '10', '11', '12', '13', '14', "
[92mINFO [0m:      	                                      "'15', '2', '3', '4', '5', '6', '7', "
[92mINFO [0m:      	                                      "'8', '9', '10', '11', '12', '13', '14', "
[92mINFO [0m:      	                                      "'15', '3', '4', '5', '6', '7', '8', "
[92mINFO [0m:      	                                      "'9', '10', '11', '12', '13', '14', "
[92mINFO [0m:      	                                      "'15', '4', '5', '6', '7', '8', '9', "
[92mINFO [0m:      	                                      "'10', '11', '12', '13', '14', '15', "
[92mINFO [0m:      	                                      "'5', '6', '7', '8', '9', '10', '11', "
[92mINFO [0m:      	                                      "'12', '13', '14', '15', '6', '7', '8', "
[92mINFO [0m:      	                                      "'9', '10', '11', '12', '13', '14', "
[92mINFO [0m:      	                                      "'15', '7', '8', '9', '10', '11', '12', "
[92mINFO [0m:      	                                      "'13', '14', '15', '8', '9', '10', '11', "
[92mINFO [0m:      	                                      "'12', '13', '14', '15', '9', '10', "
[92mINFO [0m:      	                                      "'11', '12', '13', '14', '15', '10', "
[92mINFO [0m:      	                                      "'11', '12', '13', '14', '15', '11', "
[92mINFO [0m:      	                                      "'12', '13', '14', '15', '12', '13', "
[92mINFO [0m:      	                                      "'14', '15', '13', '14', '15', '14', "
[92mINFO [0m:      	                                      "'15', '15']",
[92mINFO [0m:      	       'metric-dp-pairwise-distances': "['1.3004e+00', '1.2383e+00', "
[92mINFO [0m:      	                                       "'1.3000e+00', '1.2867e+00', "
[92mINFO [0m:      	                                       "'1.2535e+00', '1.2145e+00', "
[92mINFO [0m:      	                                       "'1.1608e+00', '1.3776e+00', "
[92mINFO [0m:      	                                       "'1.2359e+00', '1.2085e+00', "
[92mINFO [0m:      	                                       "'1.2211e+00', '1.3488e+00', "
[92mINFO [0m:      	                                       "'1.1607e+00', '1.3203e+00', "
[92mINFO [0m:      	                                       "'1.2697e+00', '1.0797e+00', "
[92mINFO [0m:      	                                       "'1.1518e+00', '1.1468e+00', "
[92mINFO [0m:      	                                       "'1.0941e+00', '1.0472e+00', "
[92mINFO [0m:      	                                       "'9.8549e-01', '1.2477e+00', "
[92mINFO [0m:      	                                       "'1.0832e+00', '1.0438e+00', "
[92mINFO [0m:      	                                       "'1.0625e+00', '1.2139e+00', "
[92mINFO [0m:      	                                       "'9.9497e-01', '1.1976e+00', "
[92mINFO [0m:      	                                       "'1.1135e+00', '1.0574e+00', "
[92mINFO [0m:      	                                       "'1.0517e+00', '1.0106e+00', "
[92mINFO [0m:      	                                       "'9.4294e-01', '8.6850e-01', "
[92mINFO [0m:      	                                       "'1.1649e+00', '9.7580e-01', "
[92mINFO [0m:      	                                       "'9.2648e-01', '9.6068e-01', "
[92mINFO [0m:      	                                       "'1.1388e+00', '8.7319e-01', "
[92mINFO [0m:      	                                       "'1.1053e+00', '1.0279e+00', "
[92mINFO [0m:      	                                       "'1.1315e+00', '1.0901e+00', "
[92mINFO [0m:      	                                       "'1.0382e+00', '9.6277e-01', "
[92mINFO [0m:      	                                       "'1.2439e+00', '1.0671e+00', "
[92mINFO [0m:      	                                       "'1.0279e+00', '1.0563e+00', "
[92mINFO [0m:      	                                       "'1.2047e+00', '9.7990e-01', "
[92mINFO [0m:      	                                       "'1.1812e+00', '1.0998e+00', "
[92mINFO [0m:      	                                       "'1.0689e+00', '1.0139e+00', "
[92mINFO [0m:      	                                       "'9.4132e-01', '1.2160e+00', "
[92mINFO [0m:      	                                       "'1.0436e+00', '1.0154e+00', "
[92mINFO [0m:      	                                       "'1.0255e+00', '1.1989e+00', "
[92mINFO [0m:      	                                       "'9.5133e-01', '1.1665e+00', "
[92mINFO [0m:      	                                       "'1.0857e+00', '9.8783e-01', "
[92mINFO [0m:      	                                       "'8.8950e-01', '1.1917e+00', "
[92mINFO [0m:      	                                       "'1.0042e+00', '9.5355e-01', "
[92mINFO [0m:      	                                       "'9.8895e-01', '1.1539e+00', "
[92mINFO [0m:      	                                       "'8.9278e-01', '1.1346e+00', "
[92mINFO [0m:      	                                       "'1.0481e+00', '8.1038e-01', "
[92mINFO [0m:      	                                       "'1.1406e+00', '9.3885e-01', "
[92mINFO [0m:      	                                       "'8.9594e-01', '9.3155e-01', "
[92mINFO [0m:      	                                       "'1.1110e+00', '8.3816e-01', "
[92mINFO [0m:      	                                       "'1.0783e+00', '9.8520e-01', "
[92mINFO [0m:      	                                       "'1.0957e+00', '8.6178e-01', "
[92mINFO [0m:      	                                       "'8.0662e-01', '8.5063e-01', "
[92mINFO [0m:      	                                       "'1.0665e+00', '7.3447e-01', "
[92mINFO [0m:      	                                       "'1.0174e+00', '9.2018e-01', "
[92mINFO [0m:      	                                       "'1.1735e+00', '1.1423e+00', "
[92mINFO [0m:      	                                       "'1.1597e+00', '1.2836e+00', "
[92mINFO [0m:      	                                       "'1.0929e+00', '1.2664e+00', "
[92mINFO [0m:      	                                       "'1.2077e+00', '9.3186e-01', "
[92mINFO [0m:      	                                       "'9.5293e-01', '1.1356e+00', "
[92mINFO [0m:      	                                       "'8.6880e-01', '1.1111e+00', "
[92mINFO [0m:      	                                       "'1.0279e+00', '9.1485e-01', "
[92mINFO [0m:      	                                       "'1.1094e+00', '8.1334e-01', "
[92mINFO [0m:      	                                       "'1.0686e+00', '9.8169e-01', "
[92mINFO [0m:      	                                       "'1.1304e+00', '8.5703e-01', "
[92mINFO [0m:      	                                       "'1.1000e+00', '9.9815e-01', "
[92mINFO [0m:      	                                       "'1.0682e+00', '1.2472e+00', "
[92mINFO [0m:      	                                       "'1.1676e+00', '1.0244e+00', "
[92mINFO [0m:      	                                       "'9.2534e-01', '1.1392e+00']",
[92mINFO [0m:      	       'per-client-num-examples': "['1505', '1152', '800', '1082', '1012', "
[92mINFO [0m:      	                                  "'870', '588', '376', '1435', '729', '517', "
[92mINFO [0m:      	                                  "'659', '1364', '447', '1294', '940']",
[92mINFO [0m:      	       'per-client-train_loss': "['2.9597e-01', '2.1479e-01', '1.9246e-01', "
[92mINFO [0m:      	                                "'2.0782e-01', '2.1458e-01', '1.8222e-01', "
[92mINFO [0m:      	                                "'1.7963e-01', '1.8128e-01', '1.9510e-01', "
[92mINFO [0m:      	                                "'2.5792e-01', '2.4199e-01', '2.3642e-01', "
[92mINFO [0m:      	                                "'1.8301e-01', '2.2888e-01', '2.0331e-01', "
[92mINFO [0m:      	                                "'2.1763e-01']",
[92mINFO [0m:      	       'per-client-train_loss_mean': "['4.0981e-01', '3.9284e-01', "
[92mINFO [0m:      	                                     "'3.7022e-01', '4.0466e-01', "
[92mINFO [0m:      	                                     "'3.9838e-01', '3.7906e-01', "
[92mINFO [0m:      	                                     "'3.6401e-01', '4.0921e-01', "
[92mINFO [0m:      	                                     "'3.6312e-01', '4.4900e-01', "
[92mINFO [0m:      	                                     "'4.2100e-01', '4.3643e-01', "
[92mINFO [0m:      	                                     "'3.4180e-01', '4.4806e-01', "
[92mINFO [0m:      	                                     "'3.8982e-01', '3.7980e-01']",
[92mINFO [0m:      	       'train_loss': '2.1595e-01',
[92mINFO [0m:      	       'train_loss_mean': '3.9173e-01'},
[92mINFO [0m:      	  10: { 'client-ids': "['0', '1', '2', '3', '4', '5', '6', '7', '8', '9', "
[92mINFO [0m:      	                      "'10', '11', '12', '13', '14', '15']",
[92mINFO [0m:      	        'dp-client-clipped': "['1', '1', '0', '1', '1', '1', '0', '0', '1', "
[92mINFO [0m:      	                             "'0', '0', '0', '1', '0', '1', '1']",
[92mINFO [0m:      	        'dp-client-ids': "['0', '1', '2', '3', '4', '5', '6', '7', '8', '9', "
[92mINFO [0m:      	                         "'10', '11', '12', '13', '14', '15']",
[92mINFO [0m:      	        'dp-expected-noise-l2-norm': '1.1510e+01',
[92mINFO [0m:      	        'dp-fraction-clipped': '5.6250e-01',
[92mINFO [0m:      	        'dp-noise-percent-of-signal': '7.2518e+02',
[92mINFO [0m:      	        'dp-noise-to-signal-ratio': '7.2518e+00',
[92mINFO [0m:      	        'dp-num-clients-clipped': '9',
[92mINFO [0m:      	        'dp-parameter-count': '226596',
[92mINFO [0m:      	        'dp-signal-update-norm': '1.5872e+00',
[92mINFO [0m:      	        'dp-update-norms-before-clipping': "['6.6673e+00', '5.7535e+00', "
[92mINFO [0m:      	                                           "'4.7917e+00', '5.6971e+00', "
[92mINFO [0m:      	                                           "'5.4706e+00', '5.1921e+00', "
[92mINFO [0m:      	                                           "'4.3780e+00', '3.5466e+00', "
[92mINFO [0m:      	                                           "'6.3722e+00', '4.7943e+00', "
[92mINFO [0m:      	                                           "'4.2478e+00', '4.5190e+00', "
[92mINFO [0m:      	                                           "'6.1065e+00', '3.8262e+00', "
[92mINFO [0m:      	                                           "'5.8910e+00', '5.4302e+00']",
[92mINFO [0m:      	        'metric-dp-distance': '1.2924e+00',
[92mINFO [0m:      	        'metric-dp-distance-mean': '1.0441e+00',
[92mINFO [0m:      	        'metric-dp-distance-median': '1.0489e+00',
[92mINFO [0m:      	        'metric-dp-distance-min': '7.4415e-01',
[92mINFO [0m:      	        'metric-dp-noise-stdv': '2.4179e-02',
[92mINFO [0m:      	        'metric-dp-pairwise-client-i': "['0', '0', '0', '0', '0', '0', '0', "
[92mINFO [0m:      	                                       "'0', '0', '0', '0', '0', '0', '0', "
[92mINFO [0m:      	                                       "'0', '1', '1', '1', '1', '1', '1', "
[92mINFO [0m:      	                                       "'1', '1', '1', '1', '1', '1', '1', "
[92mINFO [0m:      	                                       "'1', '2', '2', '2', '2', '2', '2', "
[92mINFO [0m:      	                                       "'2', '2', '2', '2', '2', '2', '2', "
[92mINFO [0m:      	                                       "'3', '3', '3', '3', '3', '3', '3', "
[92mINFO [0m:      	                                       "'3', '3', '3', '3', '3', '4', '4', "
[92mINFO [0m:      	                                       "'4', '4', '4', '4', '4', '4', '4', "
[92mINFO [0m:      	                                       "'4', '4', '5', '5', '5', '5', '5', "
[92mINFO [0m:      	                                       "'5', '5', '5', '5', '5', '6', '6', "
[92mINFO [0m:      	                                       "'6', '6', '6', '6', '6', '6', '6', "
[92mINFO [0m:      	                                       "'7', '7', '7', '7', '7', '7', '7', "
[92mINFO [0m:      	                                       "'7', '8', '8', '8', '8', '8', '8', "
[92mINFO [0m:      	                                       "'8', '9', '9', '9', '9', '9', '9', "
[92mINFO [0m:      	                                       "'10', '10', '10', '10', '10', '11', "
[92mINFO [0m:      	                                       "'11', '11', '11', '12', '12', '12', "
[92mINFO [0m:      	                                       "'13', '13', '14']",
[92mINFO [0m:      	        'metric-dp-pairwise-client-j': "['1', '2', '3', '4', '5', '6', '7', "
[92mINFO [0m:      	                                       "'8', '9', '10', '11', '12', '13', "
[92mINFO [0m:      	                                       "'14', '15', '2', '3', '4', '5', '6', "
[92mINFO [0m:      	                                       "'7', '8', '9', '10', '11', '12', '13', "
[92mINFO [0m:      	                                       "'14', '15', '3', '4', '5', '6', '7', "
[92mINFO [0m:      	                                       "'8', '9', '10', '11', '12', '13', "
[92mINFO [0m:      	                                       "'14', '15', '4', '5', '6', '7', '8', "
[92mINFO [0m:      	                                       "'9', '10', '11', '12', '13', '14', "
[92mINFO [0m:      	                                       "'15', '5', '6', '7', '8', '9', '10', "
[92mINFO [0m:      	                                       "'11', '12', '13', '14', '15', '6', "
[92mINFO [0m:      	                                       "'7', '8', '9', '10', '11', '12', '13', "
[92mINFO [0m:      	                                       "'14', '15', '7', '8', '9', '10', '11', "
[92mINFO [0m:      	                                       "'12', '13', '14', '15', '8', '9', "
[92mINFO [0m:      	                                       "'10', '11', '12', '13', '14', '15', "
[92mINFO [0m:      	                                       "'9', '10', '11', '12', '13', '14', "
[92mINFO [0m:      	                                       "'15', '10', '11', '12', '13', '14', "
[92mINFO [0m:      	                                       "'15', '11', '12', '13', '14', '15', "
[92mINFO [0m:      	                                       "'12', '13', '14', '15', '13', '14', "
[92mINFO [0m:      	                                       "'15', '14', '15', '15']",
[92mINFO [0m:      	        'metric-dp-pairwise-distances': "['1.2212e+00', '1.1667e+00', "
[92mINFO [0m:      	                                        "'1.2180e+00', '1.2100e+00', "
[92mINFO [0m:      	                                        "'1.1851e+00', '1.1339e+00', "
[92mINFO [0m:      	                                        "'1.0845e+00', '1.2924e+00', "
[92mINFO [0m:      	                                        "'1.1639e+00', '1.1293e+00', "
[92mINFO [0m:      	                                        "'1.1354e+00', '1.2613e+00', "
[92mINFO [0m:      	                                        "'1.0882e+00', '1.2380e+00', "
[92mINFO [0m:      	                                        "'1.2058e+00', '1.0653e+00', "
[92mINFO [0m:      	                                        "'1.1358e+00', '1.1235e+00', "
[92mINFO [0m:      	                                        "'1.0821e+00', '1.0168e+00', "
[92mINFO [0m:      	                                        "'9.6202e-01', '1.2025e+00', "
[92mINFO [0m:      	                                        "'1.0592e+00', '1.0206e+00', "
[92mINFO [0m:      	                                        "'1.0304e+00', '1.1681e+00', "
[92mINFO [0m:      	                                        "'9.8384e-01', '1.1591e+00', "
[92mINFO [0m:      	                                        "'1.1105e+00', '1.0418e+00', "
[92mINFO [0m:      	                                        "'1.0367e+00', '1.0076e+00', "
[92mINFO [0m:      	                                        "'9.2877e-01', '8.5945e-01', "
[92mINFO [0m:      	                                        "'1.1241e+00', '9.6432e-01', "
[92mINFO [0m:      	                                        "'9.1670e-01', '9.4745e-01', "
[92mINFO [0m:      	                                        "'1.1093e+00', '8.7846e-01', "
[92mINFO [0m:      	                                        "'1.0709e+00', '1.0261e+00', "
[92mINFO [0m:      	                                        "'1.1112e+00', '1.0795e+00', "
[92mINFO [0m:      	                                        "'1.0158e+00', '9.5800e-01', "
[92mINFO [0m:      	                                        "'1.1990e+00', '1.0432e+00', "
[92mINFO [0m:      	                                        "'1.0031e+00', '1.0304e+00', "
[92mINFO [0m:      	                                        "'1.1664e+00', '9.7670e-01', "
[92mINFO [0m:      	                                        "'1.1507e+00', '1.1052e+00', "
[92mINFO [0m:      	                                        "'1.0629e+00', '9.9274e-01', "
[92mINFO [0m:      	                                        "'9.3148e-01', '1.1806e+00', "
[92mINFO [0m:      	                                        "'1.0213e+00', '9.9719e-01', "
[92mINFO [0m:      	                                        "'1.0051e+00', '1.1519e+00', "
[92mINFO [0m:      	                                        "'9.5000e-01', '1.1177e+00', "
[92mINFO [0m:      	                                        "'1.0888e+00', '9.7770e-01', "
[92mINFO [0m:      	                                        "'8.9421e-01', '1.1579e+00', "
[92mINFO [0m:      	                                        "'1.0013e+00', '9.5835e-01', "
[92mINFO [0m:      	                                        "'9.7473e-01', '1.1207e+00', "
[92mINFO [0m:      	                                        "'9.2939e-01', '1.1103e+00', "
[92mINFO [0m:      	                                        "'1.0740e+00', '8.0294e-01', "
[92mINFO [0m:      	                                        "'1.1039e+00', '9.1977e-01', "
[92mINFO [0m:      	                                        "'8.7694e-01', '9.0226e-01', "
[92mINFO [0m:      	                                        "'1.0684e+00', '8.2902e-01', "
[92mINFO [0m:      	                                        "'1.0430e+00', '9.9279e-01', "
[92mINFO [0m:      	                                        "'1.0547e+00', '8.4487e-01', "
[92mINFO [0m:      	                                        "'7.9193e-01', '8.3598e-01', "
[92mINFO [0m:      	                                        "'1.0247e+00', '7.4415e-01', "
[92mINFO [0m:      	                                        "'9.7863e-01', '9.3104e-01', "
[92mINFO [0m:      	                                        "'1.1355e+00', '1.0966e+00', "
[92mINFO [0m:      	                                        "'1.1105e+00', '1.2275e+00', "
[92mINFO [0m:      	                                        "'1.0665e+00', '1.2216e+00', "
[92mINFO [0m:      	                                        "'1.1797e+00', '9.1411e-01', "
[92mINFO [0m:      	                                        "'9.3598e-01', '1.0985e+00', "
[92mINFO [0m:      	                                        "'8.7860e-01', '1.0714e+00', "
[92mINFO [0m:      	                                        "'1.0327e+00', '8.9646e-01', "
[92mINFO [0m:      	                                        "'1.0682e+00', '8.2005e-01', "
[92mINFO [0m:      	                                        "'1.0411e+00', '9.8355e-01', "
[92mINFO [0m:      	                                        "'1.0878e+00', '8.5460e-01', "
[92mINFO [0m:      	                                        "'1.0584e+00', '9.9777e-01', "
[92mINFO [0m:      	                                        "'1.0422e+00', '1.1869e+00', "
[92mINFO [0m:      	                                        "'1.1482e+00', '1.0047e+00', "
[92mINFO [0m:      	                                        "'9.5473e-01', '1.1295e+00']",
[92mINFO [0m:      	        'per-client-num-examples': "['1505', '1152', '800', '1082', '1012', "
[92mINFO [0m:      	                                   "'870', '588', '376', '1435', '729', '517', "
[92mINFO [0m:      	                                   "'659', '1364', '447', '1294', '940']",
[92mINFO [0m:      	        'per-client-train_loss': "['2.1281e-01', '2.2128e-01', '1.5951e-01', "
[92mINFO [0m:      	                                 "'1.6417e-01', '1.6764e-01', '1.2737e-01', "
[92mINFO [0m:      	                                 "'1.1597e-01', '1.7090e-01', '1.4914e-01', "
[92mINFO [0m:      	                                 "'1.5140e-01', '1.8202e-01', '1.6523e-01', "
[92mINFO [0m:      	                                 "'1.2954e-01', '1.5820e-01', '1.7402e-01', "
[92mINFO [0m:      	                                 "'1.7385e-01']",
[92mINFO [0m:      	        'per-client-train_loss_mean': "['3.6703e-01', '3.6663e-01', "
[92mINFO [0m:      	                                      "'3.7348e-01', '3.5342e-01', "
[92mINFO [0m:      	                                      "'3.4129e-01', '3.1666e-01', "
[92mINFO [0m:      	                                      "'3.3383e-01', '3.3695e-01', "
[92mINFO [0m:      	                                      "'3.4213e-01', '3.5569e-01', "
[92mINFO [0m:      	                                      "'3.9542e-01', '3.7555e-01', "
[92mINFO [0m:      	                                      "'3.0628e-01', '3.5997e-01', "
[92mINFO [0m:      	                                      "'3.5990e-01', '3.4626e-01']",
[92mINFO [0m:      	        'train_loss': '1.6633e-01',
[92mINFO [0m:      	        'train_loss_mean': '3.5016e-01'},
[92mINFO [0m:      	  11: { 'client-ids': "['0', '1', '2', '3', '4', '5', '6', '7', '8', '9', "
[92mINFO [0m:      	                      "'10', '11', '12', '13', '14', '15']",
[92mINFO [0m:      	        'dp-client-clipped': "['1', '1', '0', '1', '1', '0', '0', '0', '1', "
[92mINFO [0m:      	                             "'0', '0', '0', '1', '0', '1', '1']",
[92mINFO [0m:      	        'dp-client-ids': "['0', '1', '2', '3', '4', '5', '6', '7', '8', '9', "
[92mINFO [0m:      	                         "'10', '11', '12', '13', '14', '15']",
[92mINFO [0m:      	        'dp-expected-noise-l2-norm': '1.1343e+01',
[92mINFO [0m:      	        'dp-fraction-clipped': '5.0000e-01',
[92mINFO [0m:      	        'dp-noise-percent-of-signal': '7.2849e+02',
[92mINFO [0m:      	        'dp-noise-to-signal-ratio': '7.2849e+00',
[92mINFO [0m:      	        'dp-num-clients-clipped': '8',
[92mINFO [0m:      	        'dp-parameter-count': '226596',
[92mINFO [0m:      	        'dp-signal-update-norm': '1.5570e+00',
[92mINFO [0m:      	        'dp-update-norms-before-clipping': "['6.7713e+00', '5.4671e+00', "
[92mINFO [0m:      	                                           "'4.6341e+00', '5.3273e+00', "
[92mINFO [0m:      	                                           "'5.3643e+00', '4.9156e+00', "
[92mINFO [0m:      	                                           "'4.2169e+00', '3.5416e+00', "
[92mINFO [0m:      	                                           "'6.2647e+00', '4.7402e+00', "
[92mINFO [0m:      	                                           "'4.0632e+00', '4.3442e+00', "
[92mINFO [0m:      	                                           "'5.8755e+00', '3.7121e+00', "
[92mINFO [0m:      	                                           "'6.0847e+00', '5.2250e+00']",
[92mINFO [0m:      	        'metric-dp-distance': '1.3115e+00',
[92mINFO [0m:      	        'metric-dp-distance-mean': '1.0145e+00',
[92mINFO [0m:      	        'metric-dp-distance-median': '1.0171e+00',
[92mINFO [0m:      	        'metric-dp-distance-min': '7.2999e-01',
[92mINFO [0m:      	        'metric-dp-noise-stdv': '2.3828e-02',
[92mINFO [0m:      	        'metric-dp-pairwise-client-i': "['0', '0', '0', '0', '0', '0', '0', "
[92mINFO [0m:      	                                       "'0', '0', '0', '0', '0', '0', '0', "
[92mINFO [0m:      	                                       "'0', '1', '1', '1', '1', '1', '1', "
[92mINFO [0m:      	                                       "'1', '1', '1', '1', '1', '1', '1', "
[92mINFO [0m:      	                                       "'1', '2', '2', '2', '2', '2', '2', "
[92mINFO [0m:      	                                       "'2', '2', '2', '2', '2', '2', '2', "
[92mINFO [0m:      	                                       "'3', '3', '3', '3', '3', '3', '3', "
[92mINFO [0m:      	                                       "'3', '3', '3', '3', '3', '4', '4', "
[92mINFO [0m:      	                                       "'4', '4', '4', '4', '4', '4', '4', "
[92mINFO [0m:      	                                       "'4', '4', '5', '5', '5', '5', '5', "
[92mINFO [0m:      	                                       "'5', '5', '5', '5', '5', '6', '6', "
[92mINFO [0m:      	                                       "'6', '6', '6', '6', '6', '6', '6', "
[92mINFO [0m:      	                                       "'7', '7', '7', '7', '7', '7', '7', "
[92mINFO [0m:      	                                       "'7', '8', '8', '8', '8', '8', '8', "
[92mINFO [0m:      	                                       "'8', '9', '9', '9', '9', '9', '9', "
[92mINFO [0m:      	                                       "'10', '10', '10', '10', '10', '11', "
[92mINFO [0m:      	                                       "'11', '11', '11', '12', '12', '12', "
[92mINFO [0m:      	                                       "'13', '13', '14']",
[92mINFO [0m:      	        'metric-dp-pairwise-client-j': "['1', '2', '3', '4', '5', '6', '7', "
[92mINFO [0m:      	                                       "'8', '9', '10', '11', '12', '13', "
[92mINFO [0m:      	                                       "'14', '15', '2', '3', '4', '5', '6', "
[92mINFO [0m:      	                                       "'7', '8', '9', '10', '11', '12', '13', "
[92mINFO [0m:      	                                       "'14', '15', '3', '4', '5', '6', '7', "
[92mINFO [0m:      	                                       "'8', '9', '10', '11', '12', '13', "
[92mINFO [0m:      	                                       "'14', '15', '4', '5', '6', '7', '8', "
[92mINFO [0m:      	                                       "'9', '10', '11', '12', '13', '14', "
[92mINFO [0m:      	                                       "'15', '5', '6', '7', '8', '9', '10', "
[92mINFO [0m:      	                                       "'11', '12', '13', '14', '15', '6', "
[92mINFO [0m:      	                                       "'7', '8', '9', '10', '11', '12', '13', "
[92mINFO [0m:      	                                       "'14', '15', '7', '8', '9', '10', '11', "
[92mINFO [0m:      	                                       "'12', '13', '14', '15', '8', '9', "
[92mINFO [0m:      	                                       "'10', '11', '12', '13', '14', '15', "
[92mINFO [0m:      	                                       "'9', '10', '11', '12', '13', '14', "
[92mINFO [0m:      	                                       "'15', '10', '11', '12', '13', '14', "
[92mINFO [0m:      	                                       "'15', '11', '12', '13', '14', '15', "
[92mINFO [0m:      	                                       "'12', '13', '14', '15', '13', '14', "
[92mINFO [0m:      	                                       "'15', '14', '15', '15']",
[92mINFO [0m:      	        'metric-dp-pairwise-distances': "['1.2232e+00', '1.1595e+00', "
[92mINFO [0m:      	                                        "'1.2154e+00', '1.2129e+00', "
[92mINFO [0m:      	                                        "'1.1743e+00', '1.1318e+00', "
[92mINFO [0m:      	                                        "'1.0927e+00', '1.3115e+00', "
[92mINFO [0m:      	                                        "'1.1624e+00', '1.1115e+00', "
[92mINFO [0m:      	                                        "'1.1319e+00', '1.2497e+00', "
[92mINFO [0m:      	                                        "'1.0922e+00', '1.2807e+00', "
[92mINFO [0m:      	                                        "'1.1964e+00', '1.0182e+00', "
[92mINFO [0m:      	                                        "'1.0706e+00', '1.0814e+00', "
[92mINFO [0m:      	                                        "'1.0250e+00', '9.6793e-01', "
[92mINFO [0m:      	                                        "'9.3063e-01', '1.1698e+00', "
[92mINFO [0m:      	                                        "'1.0293e+00', '9.6832e-01', "
[92mINFO [0m:      	                                        "'9.8225e-01', '1.1235e+00', "
[92mINFO [0m:      	                                        "'9.4573e-01', '1.1558e+00', "
[92mINFO [0m:      	                                        "'1.0640e+00', '9.9125e-01', "
[92mINFO [0m:      	                                        "'9.9513e-01', '9.4608e-01', "
[92mINFO [0m:      	                                        "'8.8259e-01', '8.2835e-01', "
[92mINFO [0m:      	                                        "'1.1075e+00', '9.4195e-01', "
[92mINFO [0m:      	                                        "'8.6394e-01', '8.9358e-01', "
[92mINFO [0m:      	                                        "'1.0572e+00', '8.3694e-01', "
[92mINFO [0m:      	                                        "'1.0752e+00', '9.8567e-01', "
[92mINFO [0m:      	                                        "'1.0564e+00', '1.0227e+00', "
[92mINFO [0m:      	                                        "'9.6200e-01', '9.1000e-01', "
[92mINFO [0m:      	                                        "'1.1560e+00', '9.9802e-01', "
[92mINFO [0m:      	                                        "'9.4073e-01', '9.6074e-01', "
[92mINFO [0m:      	                                        "'1.1110e+00', '9.2451e-01', "
[92mINFO [0m:      	                                        "'1.1425e+00', '1.0431e+00', "
[92mINFO [0m:      	                                        "'1.0192e+00', '9.5356e-01', "
[92mINFO [0m:      	                                        "'9.0814e-01', '1.1609e+00', "
[92mINFO [0m:      	                                        "'9.9887e-01', '9.5245e-01', "
[92mINFO [0m:      	                                        "'9.6512e-01', '1.1169e+00', "
[92mINFO [0m:      	                                        "'9.1997e-01', '1.1398e+00', "
[92mINFO [0m:      	                                        "'1.0461e+00', '9.2411e-01', "
[92mINFO [0m:      	                                        "'8.5444e-01', '1.1386e+00', "
[92mINFO [0m:      	                                        "'9.6424e-01', '9.0025e-01', "
[92mINFO [0m:      	                                        "'9.2319e-01', '1.0790e+00', "
[92mINFO [0m:      	                                        "'8.7232e-01', '1.1082e+00', "
[92mINFO [0m:      	                                        "'1.0160e+00', '7.8151e-01', "
[92mINFO [0m:      	                                        "'1.0801e+00', '9.0723e-01', "
[92mINFO [0m:      	                                        "'8.3533e-01', '8.4894e-01', "
[92mINFO [0m:      	                                        "'1.0220e+00', '7.9744e-01', "
[92mINFO [0m:      	                                        "'1.0595e+00', '9.4633e-01', "
[92mINFO [0m:      	                                        "'1.0386e+00', '8.3975e-01', "
[92mINFO [0m:      	                                        "'7.6836e-01', '7.9827e-01', "
[92mINFO [0m:      	                                        "'9.8653e-01', '7.2999e-01', "
[92mINFO [0m:      	                                        "'1.0066e+00', '9.0256e-01', "
[92mINFO [0m:      	                                        "'1.1255e+00', '1.0634e+00', "
[92mINFO [0m:      	                                        "'1.0842e+00', '1.2112e+00', "
[92mINFO [0m:      	                                        "'1.0413e+00', '1.2469e+00', "
[92mINFO [0m:      	                                        "'1.1527e+00', '8.8327e-01', "
[92mINFO [0m:      	                                        "'9.0727e-01', '1.0675e+00', "
[92mINFO [0m:      	                                        "'8.5279e-01', '1.0907e+00', "
[92mINFO [0m:      	                                        "'1.0055e+00', '8.2999e-01', "
[92mINFO [0m:      	                                        "'1.0102e+00', '7.8215e-01', "
[92mINFO [0m:      	                                        "'1.0458e+00', '9.3504e-01', "
[92mINFO [0m:      	                                        "'1.0339e+00', '8.1111e-01', "
[92mINFO [0m:      	                                        "'1.0673e+00', '9.4700e-01', "
[92mINFO [0m:      	                                        "'9.9722e-01', '1.1834e+00', "
[92mINFO [0m:      	                                        "'1.1030e+00', '1.0145e+00', "
[92mINFO [0m:      	                                        "'9.0753e-01', '1.1210e+00']",
[92mINFO [0m:      	        'per-client-num-examples': "['1505', '1152', '800', '1082', '1012', "
[92mINFO [0m:      	                                   "'870', '588', '376', '1435', '729', '517', "
[92mINFO [0m:      	                                   "'659', '1364', '447', '1294', '940']",
[92mINFO [0m:      	        'per-client-train_loss': "['2.7305e-01', '1.8273e-01', '1.4440e-01', "
[92mINFO [0m:      	                                 "'1.3809e-01', '1.5514e-01', '1.1949e-01', "
[92mINFO [0m:      	                                 "'1.3011e-01', '1.0646e-01', '1.4901e-01', "
[92mINFO [0m:      	                                 "'1.7384e-01', '1.8960e-01', '1.6307e-01', "
[92mINFO [0m:      	                                 "'1.4662e-01', '1.1330e-01', '1.6664e-01', "
[92mINFO [0m:      	                                 "'1.2805e-01']",
[92mINFO [0m:      	        'per-client-train_loss_mean': "['3.8219e-01', '3.7121e-01', "
[92mINFO [0m:      	                                      "'3.3153e-01', '3.6797e-01', "
[92mINFO [0m:      	                                      "'3.4847e-01', '3.1941e-01', "
[92mINFO [0m:      	                                      "'3.5960e-01', '3.3441e-01', "
[92mINFO [0m:      	                                      "'3.1997e-01', '3.5785e-01', "
[92mINFO [0m:      	                                      "'4.6308e-01', '4.3037e-01', "
[92mINFO [0m:      	                                      "'3.1094e-01', '3.5117e-01', "
[92mINFO [0m:      	                                      "'3.3321e-01', '3.5426e-01']",
[92mINFO [0m:      	        'train_loss': '1.6226e-01',
[92mINFO [0m:      	        'train_loss_mean': '3.5357e-01'},
[92mINFO [0m:      	  12: { 'client-ids': "['0', '1', '2', '3', '4', '5', '6', '7', '8', '9', "
[92mINFO [0m:      	                      "'10', '11', '12', '13', '14', '15']",
[92mINFO [0m:      	        'dp-client-clipped': "['1', '1', '0', '1', '1', '0', '0', '0', '1', "
[92mINFO [0m:      	                             "'0', '0', '0', '1', '0', '1', '1']",
[92mINFO [0m:      	        'dp-client-ids': "['0', '1', '2', '3', '4', '5', '6', '7', '8', '9', "
[92mINFO [0m:      	                         "'10', '11', '12', '13', '14', '15']",
[92mINFO [0m:      	        'dp-expected-noise-l2-norm': '1.1119e+01',
[92mINFO [0m:      	        'dp-fraction-clipped': '5.0000e-01',
[92mINFO [0m:      	        'dp-noise-percent-of-signal': '7.4757e+02',
[92mINFO [0m:      	        'dp-noise-to-signal-ratio': '7.4757e+00',
[92mINFO [0m:      	        'dp-num-clients-clipped': '8',
[92mINFO [0m:      	        'dp-parameter-count': '226596',
[92mINFO [0m:      	        'dp-signal-update-norm': '1.4873e+00',
[92mINFO [0m:      	        'dp-update-norms-before-clipping': "['7.0361e+00', '5.4905e+00', "
[92mINFO [0m:      	                                           "'4.6227e+00', '5.5628e+00', "
[92mINFO [0m:      	                                           "'5.1772e+00', '4.8441e+00', "
[92mINFO [0m:      	                                           "'4.0506e+00', '3.5205e+00', "
[92mINFO [0m:      	                                           "'6.0983e+00', '4.6206e+00', "
[92mINFO [0m:      	                                           "'4.0539e+00', '4.2029e+00', "
[92mINFO [0m:      	                                           "'5.9109e+00', '3.7784e+00', "
[92mINFO [0m:      	                                           "'5.7091e+00', '5.0215e+00']",
[92mINFO [0m:      	        'metric-dp-distance': '1.3379e+00',
[92mINFO [0m:      	        'metric-dp-distance-mean': '1.0148e+00',
[92mINFO [0m:      	        'metric-dp-distance-median': '1.0164e+00',
[92mINFO [0m:      	        'metric-dp-distance-min': '7.4613e-01',
[92mINFO [0m:      	        'metric-dp-noise-stdv': '2.3358e-02',
[92mINFO [0m:      	        'metric-dp-pairwise-client-i': "['0', '0', '0', '0', '0', '0', '0', "
[92mINFO [0m:      	                                       "'0', '0', '0', '0', '0', '0', '0', "
[92mINFO [0m:      	                                       "'0', '1', '1', '1', '1', '1', '1', "
[92mINFO [0m:      	                                       "'1', '1', '1', '1', '1', '1', '1', "
[92mINFO [0m:      	                                       "'1', '2', '2', '2', '2', '2', '2', "
[92mINFO [0m:      	                                       "'2', '2', '2', '2', '2', '2', '2', "
[92mINFO [0m:      	                                       "'3', '3', '3', '3', '3', '3', '3', "
[92mINFO [0m:      	                                       "'3', '3', '3', '3', '3', '4', '4', "
[92mINFO [0m:      	                                       "'4', '4', '4', '4', '4', '4', '4', "
[92mINFO [0m:      	                                       "'4', '4', '5', '5', '5', '5', '5', "
[92mINFO [0m:      	                                       "'5', '5', '5', '5', '5', '6', '6', "
[92mINFO [0m:      	                                       "'6', '6', '6', '6', '6', '6', '6', "
[92mINFO [0m:      	                                       "'7', '7', '7', '7', '7', '7', '7', "
[92mINFO [0m:      	                                       "'7', '8', '8', '8', '8', '8', '8', "
[92mINFO [0m:      	                                       "'8', '9', '9', '9', '9', '9', '9', "
[92mINFO [0m:      	                                       "'10', '10', '10', '10', '10', '11', "
[92mINFO [0m:      	                                       "'11', '11', '11', '12', '12', '12', "
[92mINFO [0m:      	                                       "'13', '13', '14']",
[92mINFO [0m:      	        'metric-dp-pairwise-client-j': "['1', '2', '3', '4', '5', '6', '7', "
[92mINFO [0m:      	                                       "'8', '9', '10', '11', '12', '13', "
[92mINFO [0m:      	                                       "'14', '15', '2', '3', '4', '5', '6', "
[92mINFO [0m:      	                                       "'7', '8', '9', '10', '11', '12', '13', "
[92mINFO [0m:      	                                       "'14', '15', '3', '4', '5', '6', '7', "
[92mINFO [0m:      	                                       "'8', '9', '10', '11', '12', '13', "
[92mINFO [0m:      	                                       "'14', '15', '4', '5', '6', '7', '8', "
[92mINFO [0m:      	                                       "'9', '10', '11', '12', '13', '14', "
[92mINFO [0m:      	                                       "'15', '5', '6', '7', '8', '9', '10', "
[92mINFO [0m:      	                                       "'11', '12', '13', '14', '15', '6', "
[92mINFO [0m:      	                                       "'7', '8', '9', '10', '11', '12', '13', "
[92mINFO [0m:      	                                       "'14', '15', '7', '8', '9', '10', '11', "
[92mINFO [0m:      	                                       "'12', '13', '14', '15', '8', '9', "
[92mINFO [0m:      	                                       "'10', '11', '12', '13', '14', '15', "
[92mINFO [0m:      	                                       "'9', '10', '11', '12', '13', '14', "
[92mINFO [0m:      	                                       "'15', '10', '11', '12', '13', '14', "
[92mINFO [0m:      	                                       "'15', '11', '12', '13', '14', '15', "
[92mINFO [0m:      	                                       "'12', '13', '14', '15', '13', '14', "
[92mINFO [0m:      	                                       "'15', '14', '15', '15']",
[92mINFO [0m:      	        'metric-dp-pairwise-distances': "['1.2574e+00', '1.1984e+00', "
[92mINFO [0m:      	                                        "'1.2810e+00', '1.2351e+00', "
[92mINFO [0m:      	                                        "'1.2132e+00', '1.1642e+00', "
[92mINFO [0m:      	                                        "'1.1338e+00', '1.3379e+00', "
[92mINFO [0m:      	                                        "'1.2093e+00', '1.1576e+00', "
[92mINFO [0m:      	                                        "'1.1814e+00', '1.2948e+00', "
[92mINFO [0m:      	                                        "'1.1416e+00', '1.2762e+00', "
[92mINFO [0m:      	                                        "'1.2242e+00', '1.0225e+00', "
[92mINFO [0m:      	                                        "'1.1104e+00', '1.0741e+00', "
[92mINFO [0m:      	                                        "'1.0323e+00', '9.6203e-01', "
[92mINFO [0m:      	                                        "'9.3158e-01', '1.1681e+00', "
[92mINFO [0m:      	                                        "'1.0256e+00', '9.7443e-01', "
[92mINFO [0m:      	                                        "'9.8320e-01', '1.1281e+00', "
[92mINFO [0m:      	                                        "'9.5287e-01', '1.1154e+00', "
[92mINFO [0m:      	                                        "'1.0562e+00', '1.0252e+00', "
[92mINFO [0m:      	                                        "'9.8717e-01', '9.4749e-01', "
[92mINFO [0m:      	                                        "'8.7480e-01', '8.2885e-01', "
[92mINFO [0m:      	                                        "'1.0955e+00', '9.2765e-01', "
[92mINFO [0m:      	                                        "'8.8041e-01', '8.9301e-01', "
[92mINFO [0m:      	                                        "'1.0664e+00', '8.5134e-01', "
[92mINFO [0m:      	                                        "'1.0363e+00', '9.7134e-01', "
[92mINFO [0m:      	                                        "'1.0791e+00', '1.0592e+00', "
[92mINFO [0m:      	                                        "'9.8963e-01', '9.5077e-01', "
[92mINFO [0m:      	                                        "'1.1700e+00', '1.0287e+00', "
[92mINFO [0m:      	                                        "'9.8380e-01', '9.9842e-01', "
[92mINFO [0m:      	                                        "'1.1476e+00', '9.7208e-01', "
[92mINFO [0m:      	                                        "'1.1350e+00', '1.0627e+00', "
[92mINFO [0m:      	                                        "'1.0064e+00', '9.4611e-01', "
[92mINFO [0m:      	                                        "'8.9337e-01', '1.1441e+00', "
[92mINFO [0m:      	                                        "'9.8699e-01', '9.4247e-01', "
[92mINFO [0m:      	                                        "'9.5553e-01', '1.1231e+00', "
[92mINFO [0m:      	                                        "'9.2212e-01', '1.0862e+00', "
[92mINFO [0m:      	                                        "'1.0224e+00', '9.1303e-01', "
[92mINFO [0m:      	                                        "'8.6459e-01', '1.1153e+00', "
[92mINFO [0m:      	                                        "'9.5846e-01', '9.0848e-01', "
[92mINFO [0m:      	                                        "'9.1972e-01', '1.0814e+00', "
[92mINFO [0m:      	                                        "'8.7528e-01', '1.0596e+00', "
[92mINFO [0m:      	                                        "'1.0010e+00', '7.6180e-01', "
[92mINFO [0m:      	                                        "'1.0600e+00', '8.8645e-01', "
[92mINFO [0m:      	                                        "'8.1999e-01', '8.3930e-01', "
[92mINFO [0m:      	                                        "'1.0277e+00', '8.0210e-01', "
[92mINFO [0m:      	                                        "'9.9793e-01', '9.2236e-01', "
[92mINFO [0m:      	                                        "'1.0254e+00', '8.3091e-01', "
[92mINFO [0m:      	                                        "'7.6650e-01', '7.9353e-01', "
[92mINFO [0m:      	                                        "'9.9494e-01', '7.4613e-01', "
[92mINFO [0m:      	                                        "'9.6067e-01', '8.7728e-01', "
[92mINFO [0m:      	                                        "'1.0996e+00', '1.0647e+00', "
[92mINFO [0m:      	                                        "'1.0717e+00', '1.2064e+00', "
[92mINFO [0m:      	                                        "'1.0401e+00', '1.1927e+00', "
[92mINFO [0m:      	                                        "'1.1309e+00', '8.7717e-01', "
[92mINFO [0m:      	                                        "'8.9498e-01', '1.0712e+00', "
[92mINFO [0m:      	                                        "'8.5026e-01', '1.0418e+00', "
[92mINFO [0m:      	                                        "'9.7488e-01', '8.3705e-01', "
[92mINFO [0m:      	                                        "'1.0271e+00', '7.9920e-01', "
[92mINFO [0m:      	                                        "'9.9804e-01', '9.2840e-01', "
[92mINFO [0m:      	                                        "'1.0371e+00', '8.1454e-01', "
[92mINFO [0m:      	                                        "'1.0177e+00', '9.3525e-01', "
[92mINFO [0m:      	                                        "'1.0151e+00', '1.1553e+00', "
[92mINFO [0m:      	                                        "'1.1046e+00', '9.7252e-01', "
[92mINFO [0m:      	                                        "'9.0885e-01', '1.0682e+00']",
[92mINFO [0m:      	        'per-client-num-examples': "['1505', '1152', '800', '1082', '1012', "
[92mINFO [0m:      	                                   "'870', '588', '376', '1435', '729', '517', "
[92mINFO [0m:      	                                   "'659', '1364', '447', '1294', '940']",
[92mINFO [0m:      	        'per-client-train_loss': "['3.0963e-01', '1.7816e-01', '1.0215e-01', "
[92mINFO [0m:      	                                 "'1.2972e-01', '1.0871e-01', '6.2235e-02', "
[92mINFO [0m:      	                                 "'8.8983e-02', '9.5207e-02', '8.5355e-02', "
[92mINFO [0m:      	                                 "'1.1745e-01', '1.3097e-01', '9.0808e-02', "
[92mINFO [0m:      	                                 "'1.2225e-01', '1.2186e-01', '1.4408e-01', "
[92mINFO [0m:      	                                 "'1.1398e-01']",
[92mINFO [0m:      	        'per-client-train_loss_mean': "['3.5036e-01', '3.4287e-01', "
[92mINFO [0m:      	                                      "'3.0075e-01', '3.1795e-01', "
[92mINFO [0m:      	                                      "'2.9289e-01', '2.7700e-01', "
[92mINFO [0m:      	                                      "'3.1298e-01', '3.3047e-01', "
[92mINFO [0m:      	                                      "'2.6499e-01', '3.2613e-01', "
[92mINFO [0m:      	                                      "'3.8460e-01', '3.0133e-01', "
[92mINFO [0m:      	                                      "'2.7599e-01', '3.0349e-01', "
[92mINFO [0m:      	                                      "'3.2873e-01', '2.8859e-01']",
[92mINFO [0m:      	        'train_loss': '1.3514e-01',
[92mINFO [0m:      	        'train_loss_mean': '3.0987e-01'},
[92mINFO [0m:      	  13: { 'client-ids': "['0', '1', '2', '3', '4', '5', '6', '7', '8', '9', "
[92mINFO [0m:      	                      "'10', '11', '12', '13', '14', '15']",
[92mINFO [0m:      	        'dp-client-clipped': "['1', '1', '0', '1', '1', '1', '0', '0', '1', "
[92mINFO [0m:      	                             "'0', '0', '0', '1', '0', '1', '1']",
[92mINFO [0m:      	        'dp-client-ids': "['0', '1', '2', '3', '4', '5', '6', '7', '8', '9', "
[92mINFO [0m:      	                         "'10', '11', '12', '13', '14', '15']",
[92mINFO [0m:      	        'dp-expected-noise-l2-norm': '1.1775e+01',
[92mINFO [0m:      	        'dp-fraction-clipped': '5.6250e-01',
[92mINFO [0m:      	        'dp-noise-percent-of-signal': '7.9328e+02',
[92mINFO [0m:      	        'dp-noise-to-signal-ratio': '7.9328e+00',
[92mINFO [0m:      	        'dp-num-clients-clipped': '9',
[92mINFO [0m:      	        'dp-parameter-count': '226596',
[92mINFO [0m:      	        'dp-signal-update-norm': '1.4844e+00',
[92mINFO [0m:      	        'dp-update-norms-before-clipping': "['6.3884e+00', '5.4537e+00', "
[92mINFO [0m:      	                                           "'4.6302e+00', '5.2804e+00', "
[92mINFO [0m:      	                                           "'5.1723e+00', '5.0745e+00', "
[92mINFO [0m:      	                                           "'4.2501e+00', '3.5189e+00', "
[92mINFO [0m:      	                                           "'6.3024e+00', '4.6728e+00', "
[92mINFO [0m:      	                                           "'4.0819e+00', '4.3531e+00', "
[92mINFO [0m:      	                                           "'5.9094e+00', '3.8093e+00', "
[92mINFO [0m:      	                                           "'5.9474e+00', '5.1390e+00']",
[92mINFO [0m:      	        'metric-dp-distance': '1.2633e+00',
[92mINFO [0m:      	        'metric-dp-distance-mean': '1.0140e+00',
[92mINFO [0m:      	        'metric-dp-distance-median': '1.0232e+00',
[92mINFO [0m:      	        'metric-dp-distance-min': '7.4832e-01',
[92mINFO [0m:      	        'metric-dp-noise-stdv': '2.4737e-02',
[92mINFO [0m:      	        'metric-dp-pairwise-client-i': "['0', '0', '0', '0', '0', '0', '0', "
[92mINFO [0m:      	                                       "'0', '0', '0', '0', '0', '0', '0', "
[92mINFO [0m:      	                                       "'0', '1', '1', '1', '1', '1', '1', "
[92mINFO [0m:      	                                       "'1', '1', '1', '1', '1', '1', '1', "
[92mINFO [0m:      	                                       "'1', '2', '2', '2', '2', '2', '2', "
[92mINFO [0m:      	                                       "'2', '2', '2', '2', '2', '2', '2', "
[92mINFO [0m:      	                                       "'3', '3', '3', '3', '3', '3', '3', "
[92mINFO [0m:      	                                       "'3', '3', '3', '3', '3', '4', '4', "
[92mINFO [0m:      	                                       "'4', '4', '4', '4', '4', '4', '4', "
[92mINFO [0m:      	                                       "'4', '4', '5', '5', '5', '5', '5', "
[92mINFO [0m:      	                                       "'5', '5', '5', '5', '5', '6', '6', "
[92mINFO [0m:      	                                       "'6', '6', '6', '6', '6', '6', '6', "
[92mINFO [0m:      	                                       "'7', '7', '7', '7', '7', '7', '7', "
[92mINFO [0m:      	                                       "'7', '8', '8', '8', '8', '8', '8', "
[92mINFO [0m:      	                                       "'8', '9', '9', '9', '9', '9', '9', "
[92mINFO [0m:      	                                       "'10', '10', '10', '10', '10', '11', "
[92mINFO [0m:      	                                       "'11', '11', '11', '12', '12', '12', "
[92mINFO [0m:      	                                       "'13', '13', '14']",
[92mINFO [0m:      	        'metric-dp-pairwise-client-j': "['1', '2', '3', '4', '5', '6', '7', "
[92mINFO [0m:      	                                       "'8', '9', '10', '11', '12', '13', "
[92mINFO [0m:      	                                       "'14', '15', '2', '3', '4', '5', '6', "
[92mINFO [0m:      	                                       "'7', '8', '9', '10', '11', '12', '13', "
[92mINFO [0m:      	                                       "'14', '15', '3', '4', '5', '6', '7', "
[92mINFO [0m:      	                                       "'8', '9', '10', '11', '12', '13', "
[92mINFO [0m:      	                                       "'14', '15', '4', '5', '6', '7', '8', "
[92mINFO [0m:      	                                       "'9', '10', '11', '12', '13', '14', "
[92mINFO [0m:      	                                       "'15', '5', '6', '7', '8', '9', '10', "
[92mINFO [0m:      	                                       "'11', '12', '13', '14', '15', '6', "
[92mINFO [0m:      	                                       "'7', '8', '9', '10', '11', '12', '13', "
[92mINFO [0m:      	                                       "'14', '15', '7', '8', '9', '10', '11', "
[92mINFO [0m:      	                                       "'12', '13', '14', '15', '8', '9', "
[92mINFO [0m:      	                                       "'10', '11', '12', '13', '14', '15', "
[92mINFO [0m:      	                                       "'9', '10', '11', '12', '13', '14', "
[92mINFO [0m:      	                                       "'15', '10', '11', '12', '13', '14', "
[92mINFO [0m:      	                                       "'15', '11', '12', '13', '14', '15', "
[92mINFO [0m:      	                                       "'12', '13', '14', '15', '13', '14', "
[92mINFO [0m:      	                                       "'15', '14', '15', '15']",
[92mINFO [0m:      	        'metric-dp-pairwise-distances': "['1.1795e+00', '1.1195e+00', "
[92mINFO [0m:      	                                        "'1.1692e+00', '1.1646e+00', "
[92mINFO [0m:      	                                        "'1.1574e+00', '1.0875e+00', "
[92mINFO [0m:      	                                        "'1.0530e+00', '1.2633e+00', "
[92mINFO [0m:      	                                        "'1.1290e+00', '1.0817e+00', "
[92mINFO [0m:      	                                        "'1.1032e+00', '1.2232e+00', "
[92mINFO [0m:      	                                        "'1.0619e+00', '1.2204e+00', "
[92mINFO [0m:      	                                        "'1.1602e+00', '1.0241e+00', "
[92mINFO [0m:      	                                        "'1.0755e+00', '1.0706e+00', "
[92mINFO [0m:      	                                        "'1.0560e+00', '9.8558e-01', "
[92mINFO [0m:      	                                        "'9.3279e-01', '1.1787e+00', "
[92mINFO [0m:      	                                        "'1.0222e+00', '9.8232e-01', "
[92mINFO [0m:      	                                        "'1.0053e+00', '1.1361e+00', "
[92mINFO [0m:      	                                        "'9.5534e-01', '1.1407e+00', "
[92mINFO [0m:      	                                        "'1.0649e+00', '9.9699e-01', "
[92mINFO [0m:      	                                        "'9.8271e-01', '9.8018e-01', "
[92mINFO [0m:      	                                        "'8.9505e-01', '8.2551e-01', "
[92mINFO [0m:      	                                        "'1.1033e+00', '9.3797e-01', "
[92mINFO [0m:      	                                        "'8.7776e-01', '9.1779e-01', "
[92mINFO [0m:      	                                        "'1.0601e+00', '8.5223e-01', "
[92mINFO [0m:      	                                        "'1.0644e+00', '9.8480e-01', "
[92mINFO [0m:      	                                        "'1.0457e+00', '1.0465e+00', "
[92mINFO [0m:      	                                        "'9.5961e-01', '9.1507e-01', "
[92mINFO [0m:      	                                        "'1.1641e+00', '1.0035e+00', "
[92mINFO [0m:      	                                        "'9.5805e-01', '9.7151e-01', "
[92mINFO [0m:      	                                        "'1.1229e+00', '9.4160e-01', "
[92mINFO [0m:      	                                        "'1.1284e+00', '1.0411e+00', "
[92mINFO [0m:      	                                        "'1.0292e+00', '9.5355e-01', "
[92mINFO [0m:      	                                        "'8.9221e-01', '1.1517e+00', "
[92mINFO [0m:      	                                        "'9.7645e-01', '9.4151e-01', "
[92mINFO [0m:      	                                        "'9.6742e-01', '1.1127e+00', "
[92mINFO [0m:      	                                        "'9.1198e-01', '1.1120e+00', "
[92mINFO [0m:      	                                        "'1.0317e+00', '9.4732e-01', "
[92mINFO [0m:      	                                        "'8.8610e-01', '1.1526e+00', "
[92mINFO [0m:      	                                        "'9.8880e-01', '9.3198e-01', "
[92mINFO [0m:      	                                        "'9.4734e-01', '1.0992e+00', "
[92mINFO [0m:      	                                        "'9.0954e-01', '1.1082e+00', "
[92mINFO [0m:      	                                        "'1.0262e+00', '7.8887e-01', "
[92mINFO [0m:      	                                        "'1.0794e+00', '9.0441e-01', "
[92mINFO [0m:      	                                        "'8.5057e-01', '8.7741e-01', "
[92mINFO [0m:      	                                        "'1.0408e+00', '8.1991e-01', "
[92mINFO [0m:      	                                        "'1.0332e+00', '9.4436e-01', "
[92mINFO [0m:      	                                        "'1.0392e+00', '8.3581e-01', "
[92mINFO [0m:      	                                        "'7.6667e-01', '8.0617e-01', "
[92mINFO [0m:      	                                        "'9.9522e-01', '7.4832e-01', "
[92mINFO [0m:      	                                        "'9.9484e-01', '8.9366e-01', "
[92mINFO [0m:      	                                        "'1.1207e+00', '1.0669e+00', "
[92mINFO [0m:      	                                        "'1.0926e+00', '1.2160e+00', "
[92mINFO [0m:      	                                        "'1.0568e+00', '1.2296e+00', "
[92mINFO [0m:      	                                        "'1.1384e+00', '8.9569e-01', "
[92mINFO [0m:      	                                        "'9.1216e-01', '1.0749e+00', "
[92mINFO [0m:      	                                        "'8.6342e-01', '1.0754e+00', "
[92mINFO [0m:      	                                        "'9.8963e-01', '8.6016e-01', "
[92mINFO [0m:      	                                        "'1.0224e+00', '8.0418e-01', "
[92mINFO [0m:      	                                        "'1.0286e+00', '9.2478e-01', "
[92mINFO [0m:      	                                        "'1.0516e+00', '8.3555e-01', "
[92mINFO [0m:      	                                        "'1.0508e+00', '9.6072e-01', "
[92mINFO [0m:      	                                        "'1.0170e+00', '1.1788e+00', "
[92mINFO [0m:      	                                        "'1.1048e+00', '1.0017e+00', "
[92mINFO [0m:      	                                        "'9.1575e-01', '1.1094e+00']",
[92mINFO [0m:      	        'per-client-num-examples': "['1505', '1152', '800', '1082', '1012', "
[92mINFO [0m:      	                                   "'870', '588', '376', '1435', '729', '517', "
[92mINFO [0m:      	                                   "'659', '1364', '447', '1294', '940']",
[92mINFO [0m:      	        'per-client-train_loss': "['1.1262e-01', '8.5733e-02', '7.3906e-02', "
[92mINFO [0m:      	                                 "'9.4945e-02', '1.0757e-01', '1.1203e-01', "
[92mINFO [0m:      	                                 "'8.3854e-02', '9.8014e-02', '1.3828e-01', "
[92mINFO [0m:      	                                 "'1.2069e-01', '1.0610e-01', '1.0199e-01', "
[92mINFO [0m:      	                                 "'9.4126e-02', '9.0121e-02', '1.1384e-01', "
[92mINFO [0m:      	                                 "'1.3578e-01']",
[92mINFO [0m:      	        'per-client-train_loss_mean': "['2.7774e-01', '2.7324e-01', "
[92mINFO [0m:      	                                      "'2.7794e-01', '2.8876e-01', "
[92mINFO [0m:      	                                      "'2.8037e-01', '2.7962e-01', "
[92mINFO [0m:      	                                      "'2.7784e-01', '3.2157e-01', "
[92mINFO [0m:      	                                      "'2.7469e-01', '2.9043e-01', "
[92mINFO [0m:      	                                      "'3.4479e-01', '3.0404e-01', "
[92mINFO [0m:      	                                      "'2.3965e-01', '3.0465e-01', "
[92mINFO [0m:      	                                      "'2.8450e-01', '3.2097e-01']",
[92mINFO [0m:      	        'train_loss': '1.0661e-01',
[92mINFO [0m:      	        'train_loss_mean': '2.8411e-01'},
[92mINFO [0m:      	  14: { 'client-ids': "['0', '1', '2', '3', '4', '5', '6', '7', '8', '9', "
[92mINFO [0m:      	                      "'10', '11', '12', '13', '14', '15']",
[92mINFO [0m:      	        'dp-client-clipped': "['1', '1', '0', '1', '1', '0', '0', '0', '1', "
[92mINFO [0m:      	                             "'0', '0', '0', '1', '0', '1', '0']",
[92mINFO [0m:      	        'dp-client-ids': "['0', '1', '2', '3', '4', '5', '6', '7', '8', '9', "
[92mINFO [0m:      	                         "'10', '11', '12', '13', '14', '15']",
[92mINFO [0m:      	        'dp-expected-noise-l2-norm': '1.1837e+01',
[92mINFO [0m:      	        'dp-fraction-clipped': '4.3750e-01',
[92mINFO [0m:      	        'dp-noise-percent-of-signal': '8.0396e+02',
[92mINFO [0m:      	        'dp-noise-to-signal-ratio': '8.0396e+00',
[92mINFO [0m:      	        'dp-num-clients-clipped': '7',
[92mINFO [0m:      	        'dp-parameter-count': '226596',
[92mINFO [0m:      	        'dp-signal-update-norm': '1.4723e+00',
[92mINFO [0m:      	        'dp-update-norms-before-clipping': "['6.3459e+00', '5.3898e+00', "
[92mINFO [0m:      	                                           "'4.5568e+00', '5.3951e+00', "
[92mINFO [0m:      	                                           "'5.0413e+00', '4.9752e+00', "
[92mINFO [0m:      	                                           "'4.1509e+00', '3.6227e+00', "
[92mINFO [0m:      	                                           "'6.0752e+00', '4.4206e+00', "
[92mINFO [0m:      	                                           "'4.2356e+00', '4.4235e+00', "
[92mINFO [0m:      	                                           "'5.8560e+00', '3.7013e+00', "
[92mINFO [0m:      	                                           "'5.9670e+00', '4.9711e+00']",
[92mINFO [0m:      	        'metric-dp-distance': '1.2568e+00',
[92mINFO [0m:      	        'metric-dp-distance-mean': '1.0088e+00',
[92mINFO [0m:      	        'metric-dp-distance-median': '1.0049e+00',
[92mINFO [0m:      	        'metric-dp-distance-min': '7.4294e-01',
[92mINFO [0m:      	        'metric-dp-noise-stdv': '2.4866e-02',
[92mINFO [0m:      	        'metric-dp-pairwise-client-i': "['0', '0', '0', '0', '0', '0', '0', "
[92mINFO [0m:      	                                       "'0', '0', '0', '0', '0', '0', '0', "
[92mINFO [0m:      	                                       "'0', '1', '1', '1', '1', '1', '1', "
[92mINFO [0m:      	                                       "'1', '1', '1', '1', '1', '1', '1', "
[92mINFO [0m:      	                                       "'1', '2', '2', '2', '2', '2', '2', "
[92mINFO [0m:      	                                       "'2', '2', '2', '2', '2', '2', '2', "
[92mINFO [0m:      	                                       "'3', '3', '3', '3', '3', '3', '3', "
[92mINFO [0m:      	                                       "'3', '3', '3', '3', '3', '4', '4', "
[92mINFO [0m:      	                                       "'4', '4', '4', '4', '4', '4', '4', "
[92mINFO [0m:      	                                       "'4', '4', '5', '5', '5', '5', '5', "
[92mINFO [0m:      	                                       "'5', '5', '5', '5', '5', '6', '6', "
[92mINFO [0m:      	                                       "'6', '6', '6', '6', '6', '6', '6', "
[92mINFO [0m:      	                                       "'7', '7', '7', '7', '7', '7', '7', "
[92mINFO [0m:      	                                       "'7', '8', '8', '8', '8', '8', '8', "
[92mINFO [0m:      	                                       "'8', '9', '9', '9', '9', '9', '9', "
[92mINFO [0m:      	                                       "'10', '10', '10', '10', '10', '11', "
[92mINFO [0m:      	                                       "'11', '11', '11', '12', '12', '12', "
[92mINFO [0m:      	                                       "'13', '13', '14']",
[92mINFO [0m:      	        'metric-dp-pairwise-client-j': "['1', '2', '3', '4', '5', '6', '7', "
[92mINFO [0m:      	                                       "'8', '9', '10', '11', '12', '13', "
[92mINFO [0m:      	                                       "'14', '15', '2', '3', '4', '5', '6', "
[92mINFO [0m:      	                                       "'7', '8', '9', '10', '11', '12', '13', "
[92mINFO [0m:      	                                       "'14', '15', '3', '4', '5', '6', '7', "
[92mINFO [0m:      	                                       "'8', '9', '10', '11', '12', '13', "
[92mINFO [0m:      	                                       "'14', '15', '4', '5', '6', '7', '8', "
[92mINFO [0m:      	                                       "'9', '10', '11', '12', '13', '14', "
[92mINFO [0m:      	                                       "'15', '5', '6', '7', '8', '9', '10', "
[92mINFO [0m:      	                                       "'11', '12', '13', '14', '15', '6', "
[92mINFO [0m:      	                                       "'7', '8', '9', '10', '11', '12', '13', "
[92mINFO [0m:      	                                       "'14', '15', '7', '8', '9', '10', '11', "
[92mINFO [0m:      	                                       "'12', '13', '14', '15', '8', '9', "
[92mINFO [0m:      	                                       "'10', '11', '12', '13', '14', '15', "
[92mINFO [0m:      	                                       "'9', '10', '11', '12', '13', '14', "
[92mINFO [0m:      	                                       "'15', '10', '11', '12', '13', '14', "
[92mINFO [0m:      	                                       "'15', '11', '12', '13', '14', '15', "
[92mINFO [0m:      	                                       "'12', '13', '14', '15', '13', '14', "
[92mINFO [0m:      	                                       "'15', '14', '15', '15']",
[92mINFO [0m:      	        'metric-dp-pairwise-distances': "['1.1901e+00', '1.1281e+00', "
[92mINFO [0m:      	                                        "'1.1962e+00', '1.1564e+00', "
[92mINFO [0m:      	                                        "'1.1537e+00', '1.1000e+00', "
[92mINFO [0m:      	                                        "'1.0704e+00', '1.2568e+00', "
[92mINFO [0m:      	                                        "'1.1187e+00', '1.0995e+00', "
[92mINFO [0m:      	                                        "'1.1168e+00', '1.2343e+00', "
[92mINFO [0m:      	                                        "'1.0600e+00', '1.2403e+00', "
[92mINFO [0m:      	                                        "'1.1515e+00', '1.0057e+00', "
[92mINFO [0m:      	                                        "'1.0909e+00', '1.0584e+00', "
[92mINFO [0m:      	                                        "'1.0357e+00', '9.7758e-01', "
[92mINFO [0m:      	                                        "'9.4277e-01', '1.1496e+00', "
[92mINFO [0m:      	                                        "'9.9304e-01', '9.7918e-01', "
[92mINFO [0m:      	                                        "'9.9119e-01', '1.1311e+00', "
[92mINFO [0m:      	                                        "'9.3558e-01', '1.1419e+00', "
[92mINFO [0m:      	                                        "'1.0460e+00', '1.0011e+00', "
[92mINFO [0m:      	                                        "'9.7350e-01', '9.6791e-01', "
[92mINFO [0m:      	                                        "'8.7823e-01', '8.3416e-01', "
[92mINFO [0m:      	                                        "'1.0870e+00', '9.0862e-01', "
[92mINFO [0m:      	                                        "'8.8863e-01', '9.1322e-01', "
[92mINFO [0m:      	                                        "'1.0579e+00', '8.3952e-01', "
[92mINFO [0m:      	                                        "'1.0709e+00', '9.6384e-01', "
[92mINFO [0m:      	                                        "'1.0441e+00', '1.0407e+00', "
[92mINFO [0m:      	                                        "'9.7546e-01', '9.3635e-01', "
[92mINFO [0m:      	                                        "'1.1592e+00', '9.9211e-01', "
[92mINFO [0m:      	                                        "'9.8800e-01', '9.9317e-01', "
[92mINFO [0m:      	                                        "'1.1387e+00', '9.4710e-01', "
[92mINFO [0m:      	                                        "'1.1447e+00', '1.0444e+00', "
[92mINFO [0m:      	                                        "'1.0019e+00', '9.3634e-01', "
[92mINFO [0m:      	                                        "'8.9157e-01', '1.1275e+00', "
[92mINFO [0m:      	                                        "'9.5627e-01', '9.4131e-01', "
[92mINFO [0m:      	                                        "'9.5342e-01', '1.1105e+00', "
[92mINFO [0m:      	                                        "'8.9700e-01', '1.1128e+00', "
[92mINFO [0m:      	                                        "'9.9990e-01', '9.3629e-01', "
[92mINFO [0m:      	                                        "'8.8748e-01', '1.1165e+00', "
[92mINFO [0m:      	                                        "'9.5612e-01', '9.3529e-01', "
[92mINFO [0m:      	                                        "'9.4792e-01', '1.0868e+00', "
[92mINFO [0m:      	                                        "'8.9011e-01', '1.1080e+00', "
[92mINFO [0m:      	                                        "'9.9755e-01', '7.9171e-01', "
[92mINFO [0m:      	                                        "'1.0577e+00', '8.6493e-01', "
[92mINFO [0m:      	                                        "'8.5548e-01', '8.6237e-01', "
[92mINFO [0m:      	                                        "'1.0283e+00', '8.0557e-01', "
[92mINFO [0m:      	                                        "'1.0321e+00', '9.2655e-01', "
[92mINFO [0m:      	                                        "'1.0352e+00', '8.2103e-01', "
[92mINFO [0m:      	                                        "'7.9556e-01', '8.1924e-01', "
[92mINFO [0m:      	                                        "'1.0028e+00', '7.4294e-01', "
[92mINFO [0m:      	                                        "'1.0041e+00', '8.9088e-01', "
[92mINFO [0m:      	                                        "'1.0796e+00', '1.0676e+00', "
[92mINFO [0m:      	                                        "'1.0755e+00', '1.2079e+00', "
[92mINFO [0m:      	                                        "'1.0275e+00', '1.2103e+00', "
[92mINFO [0m:      	                                        "'1.1201e+00', '8.8022e-01', "
[92mINFO [0m:      	                                        "'8.9263e-01', '1.0562e+00', "
[92mINFO [0m:      	                                        "'8.3206e-01', '1.0576e+00', "
[92mINFO [0m:      	                                        "'9.5499e-01', '8.7720e-01', "
[92mINFO [0m:      	                                        "'1.0445e+00', '8.0979e-01', "
[92mINFO [0m:      	                                        "'1.0441e+00', '9.3895e-01', "
[92mINFO [0m:      	                                        "'1.0518e+00', '8.2878e-01', "
[92mINFO [0m:      	                                        "'1.0619e+00', '9.5590e-01', "
[92mINFO [0m:      	                                        "'1.0089e+00', '1.1930e+00', "
[92mINFO [0m:      	                                        "'1.0969e+00', '1.0073e+00', "
[92mINFO [0m:      	                                        "'8.9809e-01', '1.1117e+00']",
[92mINFO [0m:      	        'per-client-num-examples': "['1505', '1152', '800', '1082', '1012', "
[92mINFO [0m:      	                                   "'870', '588', '376', '1435', '729', '517', "
[92mINFO [0m:      	                                   "'659', '1364', '447', '1294', '940']",
[92mINFO [0m:      	        'per-client-train_loss': "['1.1837e-01', '1.0316e-01', '8.4683e-02', "
[92mINFO [0m:      	                                 "'1.2749e-01', '8.0463e-02', '8.4122e-02', "
[92mINFO [0m:      	                                 "'8.5066e-02', '4.7244e-02', '7.6253e-02', "
[92mINFO [0m:      	                                 "'8.2396e-02', '1.2484e-01', '7.4320e-02', "
[92mINFO [0m:      	                                 "'6.8263e-02', '6.9346e-02', '1.1152e-01', "
[92mINFO [0m:      	                                 "'7.9505e-02']",
[92mINFO [0m:      	        'per-client-train_loss_mean': "['2.6095e-01', '2.7196e-01', "
[92mINFO [0m:      	                                      "'2.7467e-01', '2.7837e-01', "
[92mINFO [0m:      	                                      "'2.7196e-01', '2.7097e-01', "
[92mINFO [0m:      	                                      "'2.8155e-01', '3.0351e-01', "
[92mINFO [0m:      	                                      "'2.3274e-01', '2.9200e-01', "
[92mINFO [0m:      	                                      "'3.6322e-01', '2.9122e-01', "
[92mINFO [0m:      	                                      "'2.2783e-01', '3.1688e-01', "
[92mINFO [0m:      	                                      "'2.7268e-01', '2.5041e-01']",
[92mINFO [0m:      	        'train_loss': '9.1485e-02',
[92mINFO [0m:      	        'train_loss_mean': '2.6979e-01'},
[92mINFO [0m:      	  15: { 'client-ids': "['0', '1', '2', '3', '4', '5', '6', '7', '8', '9', "
[92mINFO [0m:      	                      "'10', '11', '12', '13', '14', '15']",
[92mINFO [0m:      	        'dp-client-clipped': "['1', '1', '0', '1', '1', '0', '0', '0', '1', "
[92mINFO [0m:      	                             "'0', '0', '0', '1', '0', '1', '0']",
[92mINFO [0m:      	        'dp-client-ids': "['0', '1', '2', '3', '4', '5', '6', '7', '8', '9', "
[92mINFO [0m:      	                         "'10', '11', '12', '13', '14', '15']",
[92mINFO [0m:      	        'dp-expected-noise-l2-norm': '1.1695e+01',
[92mINFO [0m:      	        'dp-fraction-clipped': '4.3750e-01',
[92mINFO [0m:      	        'dp-noise-percent-of-signal': '8.1074e+02',
[92mINFO [0m:      	        'dp-noise-to-signal-ratio': '8.1074e+00',
[92mINFO [0m:      	        'dp-num-clients-clipped': '7',
[92mINFO [0m:      	        'dp-parameter-count': '226596',
[92mINFO [0m:      	        'dp-signal-update-norm': '1.4426e+00',
[92mINFO [0m:      	        'dp-update-norms-before-clipping': "['6.6362e+00', '5.2004e+00', "
[92mINFO [0m:      	                                           "'4.4903e+00', '5.2019e+00', "
[92mINFO [0m:      	                                           "'5.0033e+00', '4.8934e+00', "
[92mINFO [0m:      	                                           "'4.0662e+00', '3.5138e+00', "
[92mINFO [0m:      	                                           "'5.8811e+00', '4.5205e+00', "
[92mINFO [0m:      	                                           "'4.2658e+00', '4.3274e+00', "
[92mINFO [0m:      	                                           "'5.8108e+00', '3.6465e+00', "
[92mINFO [0m:      	                                           "'5.6251e+00', '4.9167e+00']",
[92mINFO [0m:      	        'metric-dp-distance': '1.2719e+00',
[92mINFO [0m:      	        'metric-dp-distance-mean': '9.9465e-01',
[92mINFO [0m:      	        'metric-dp-distance-median': '9.8746e-01',
[92mINFO [0m:      	        'metric-dp-distance-min': '7.3229e-01',
[92mINFO [0m:      	        'metric-dp-noise-stdv': '2.4569e-02',
[92mINFO [0m:      	        'metric-dp-pairwise-client-i': "['0', '0', '0', '0', '0', '0', '0', "
[92mINFO [0m:      	                                       "'0', '0', '0', '0', '0', '0', '0', "
[92mINFO [0m:      	                                       "'0', '1', '1', '1', '1', '1', '1', "
[92mINFO [0m:      	                                       "'1', '1', '1', '1', '1', '1', '1', "
[92mINFO [0m:      	                                       "'1', '2', '2', '2', '2', '2', '2', "
[92mINFO [0m:      	                                       "'2', '2', '2', '2', '2', '2', '2', "
[92mINFO [0m:      	                                       "'3', '3', '3', '3', '3', '3', '3', "
[92mINFO [0m:      	                                       "'3', '3', '3', '3', '3', '4', '4', "
[92mINFO [0m:      	                                       "'4', '4', '4', '4', '4', '4', '4', "
[92mINFO [0m:      	                                       "'4', '4', '5', '5', '5', '5', '5', "
[92mINFO [0m:      	                                       "'5', '5', '5', '5', '5', '6', '6', "
[92mINFO [0m:      	                                       "'6', '6', '6', '6', '6', '6', '6', "
[92mINFO [0m:      	                                       "'7', '7', '7', '7', '7', '7', '7', "
[92mINFO [0m:      	                                       "'7', '8', '8', '8', '8', '8', '8', "
[92mINFO [0m:      	                                       "'8', '9', '9', '9', '9', '9', '9', "
[92mINFO [0m:      	                                       "'10', '10', '10', '10', '10', '11', "
[92mINFO [0m:      	                                       "'11', '11', '11', '12', '12', '12', "
[92mINFO [0m:      	                                       "'13', '13', '14']",
[92mINFO [0m:      	        'metric-dp-pairwise-client-j': "['1', '2', '3', '4', '5', '6', '7', "
[92mINFO [0m:      	                                       "'8', '9', '10', '11', '12', '13', "
[92mINFO [0m:      	                                       "'14', '15', '2', '3', '4', '5', '6', "
[92mINFO [0m:      	                                       "'7', '8', '9', '10', '11', '12', '13', "
[92mINFO [0m:      	                                       "'14', '15', '3', '4', '5', '6', '7', "
[92mINFO [0m:      	                                       "'8', '9', '10', '11', '12', '13', "
[92mINFO [0m:      	                                       "'14', '15', '4', '5', '6', '7', '8', "
[92mINFO [0m:      	                                       "'9', '10', '11', '12', '13', '14', "
[92mINFO [0m:      	                                       "'15', '5', '6', '7', '8', '9', '10', "
[92mINFO [0m:      	                                       "'11', '12', '13', '14', '15', '6', "
[92mINFO [0m:      	                                       "'7', '8', '9', '10', '11', '12', '13', "
[92mINFO [0m:      	                                       "'14', '15', '7', '8', '9', '10', '11', "
[92mINFO [0m:      	                                       "'12', '13', '14', '15', '8', '9', "
[92mINFO [0m:      	                                       "'10', '11', '12', '13', '14', '15', "
[92mINFO [0m:      	                                       "'9', '10', '11', '12', '13', '14', "
[92mINFO [0m:      	                                       "'15', '10', '11', '12', '13', '14', "
[92mINFO [0m:      	                                       "'15', '11', '12', '13', '14', '15', "
[92mINFO [0m:      	                                       "'12', '13', '14', '15', '13', '14', "
[92mINFO [0m:      	                                       "'15', '14', '15', '15']",
[92mINFO [0m:      	        'metric-dp-pairwise-distances': "['1.2046e+00', '1.1496e+00', "
[92mINFO [0m:      	                                        "'1.2073e+00', '1.1870e+00', "
[92mINFO [0m:      	                                        "'1.1798e+00', '1.1121e+00', "
[92mINFO [0m:      	                                        "'1.0838e+00', '1.2719e+00', "
[92mINFO [0m:      	                                        "'1.1501e+00', '1.1328e+00', "
[92mINFO [0m:      	                                        "'1.1370e+00', '1.2517e+00', "
[92mINFO [0m:      	                                        "'1.0853e+00', '1.2370e+00', "
[92mINFO [0m:      	                                        "'1.1816e+00', '9.8059e-01', "
[92mINFO [0m:      	                                        "'1.0466e+00', '1.0373e+00', "
[92mINFO [0m:      	                                        "'1.0192e+00', '9.4833e-01', "
[92mINFO [0m:      	                                        "'9.0589e-01', '1.1123e+00', "
[92mINFO [0m:      	                                        "'9.8520e-01', '9.7064e-01', "
[92mINFO [0m:      	                                        "'9.5869e-01', '1.0977e+00', "
[92mINFO [0m:      	                                        "'9.1097e-01', '1.0834e+00', "
[92mINFO [0m:      	                                        "'1.0174e+00', '9.7039e-01', "
[92mINFO [0m:      	                                        "'9.6589e-01', '9.4646e-01', "
[92mINFO [0m:      	                                        "'8.6163e-01', '8.1257e-01', "
[92mINFO [0m:      	                                        "'1.0594e+00', '9.1201e-01', "
[92mINFO [0m:      	                                        "'8.9292e-01', '8.9522e-01', "
[92mINFO [0m:      	                                        "'1.0450e+00', '8.2475e-01', "
[92mINFO [0m:      	                                        "'1.0258e+00', '9.5243e-01', "
[92mINFO [0m:      	                                        "'1.0291e+00', '1.0160e+00', "
[92mINFO [0m:      	                                        "'9.4006e-01', '9.0127e-01', "
[92mINFO [0m:      	                                        "'1.1188e+00', '9.8019e-01', "
[92mINFO [0m:      	                                        "'9.6093e-01', '9.6186e-01', "
[92mINFO [0m:      	                                        "'1.1023e+00', '9.0443e-01', "
[92mINFO [0m:      	                                        "'1.0952e+00', '1.0203e+00', "
[92mINFO [0m:      	                                        "'1.0111e+00', '9.3670e-01', "
[92mINFO [0m:      	                                        "'8.8559e-01', '1.1197e+00', "
[92mINFO [0m:      	                                        "'9.6678e-01', '9.5031e-01', "
[92mINFO [0m:      	                                        "'9.5475e-01', '1.0990e+00', "
[92mINFO [0m:      	                                        "'8.9792e-01', '1.0758e+00', "
[92mINFO [0m:      	                                        "'1.0059e+00', '9.2355e-01', "
[92mINFO [0m:      	                                        "'8.7708e-01', '1.0857e+00', "
[92mINFO [0m:      	                                        "'9.5773e-01', '9.4134e-01', "
[92mINFO [0m:      	                                        "'9.3376e-01', '1.0729e+00', "
[92mINFO [0m:      	                                        "'8.6779e-01', '1.0613e+00', "
[92mINFO [0m:      	                                        "'9.8973e-01', '7.6776e-01', "
[92mINFO [0m:      	                                        "'1.0330e+00', '8.7349e-01', "
[92mINFO [0m:      	                                        "'8.4915e-01', '8.5628e-01', "
[92mINFO [0m:      	                                        "'1.0089e+00', '7.7967e-01', "
[92mINFO [0m:      	                                        "'1.0002e+00', '9.0922e-01', "
[92mINFO [0m:      	                                        "'9.9736e-01', '8.2404e-01', "
[92mINFO [0m:      	                                        "'8.0006e-01', '8.0654e-01', "
[92mINFO [0m:      	                                        "'9.7994e-01', '7.3229e-01', "
[92mINFO [0m:      	                                        "'9.5391e-01', '8.7395e-01', "
[92mINFO [0m:      	                                        "'1.0602e+00', '1.0537e+00', "
[92mINFO [0m:      	                                        "'1.0373e+00', '1.1804e+00', "
[92mINFO [0m:      	                                        "'9.9723e-01', '1.1640e+00', "
[92mINFO [0m:      	                                        "'1.0974e+00', '8.9419e-01', "
[92mINFO [0m:      	                                        "'9.0213e-01', '1.0551e+00', "
[92mINFO [0m:      	                                        "'8.2983e-01', '1.0260e+00', "
[92mINFO [0m:      	                                        "'9.6867e-01', '8.8052e-01', "
[92mINFO [0m:      	                                        "'1.0329e+00', '8.0695e-01', "
[92mINFO [0m:      	                                        "'1.0184e+00', '9.3597e-01', "
[92mINFO [0m:      	                                        "'1.0275e+00', '8.1940e-01', "
[92mINFO [0m:      	                                        "'1.0185e+00', '9.3228e-01', "
[92mINFO [0m:      	                                        "'9.8409e-01', '1.1413e+00', "
[92mINFO [0m:      	                                        "'1.0816e+00', '9.6411e-01', "
[92mINFO [0m:      	                                        "'8.7523e-01', '1.0719e+00']",
[92mINFO [0m:      	        'per-client-num-examples': "['1505', '1152', '800', '1082', '1012', "
[92mINFO [0m:      	                                   "'870', '588', '376', '1435', '729', '517', "
[92mINFO [0m:      	                                   "'659', '1364', '447', '1294', '940']",
[92mINFO [0m:      	        'per-client-train_loss': "['1.0717e-01', '6.3516e-02', '5.8519e-02', "
[92mINFO [0m:      	                                 "'7.4521e-02', '5.8878e-02', '5.1347e-02', "
[92mINFO [0m:      	                                 "'5.2915e-02', '5.0876e-02', '8.2371e-02', "
[92mINFO [0m:      	                                 "'7.4750e-02', '1.6131e-01', '6.3841e-02', "
[92mINFO [0m:      	                                 "'8.6310e-02', '5.0677e-02', '8.4297e-02', "
[92mINFO [0m:      	                                 "'7.2197e-02']",
[92mINFO [0m:      	        'per-client-train_loss_mean': "['3.0238e-01', '2.3741e-01', "
[92mINFO [0m:      	                                      "'2.5332e-01', '2.7495e-01', "
[92mINFO [0m:      	                                      "'2.6409e-01', '2.3448e-01', "
[92mINFO [0m:      	                                      "'2.6595e-01', '2.7824e-01', "
[92mINFO [0m:      	                                      "'2.2977e-01', '2.9090e-01', "
[92mINFO [0m:      	                                      "'3.1950e-01', '2.6500e-01', "
[92mINFO [0m:      	                                      "'2.4494e-01', '2.6498e-01', "
[92mINFO [0m:      	                                      "'2.5418e-01', '2.6790e-01']",
[92mINFO [0m:      	        'train_loss': '7.6634e-02',
[92mINFO [0m:      	        'train_loss_mean': '2.6241e-01'},
[92mINFO [0m:      	  16: { 'client-ids': "['0', '1', '2', '3', '4', '5', '6', '7', '8', '9', "
[92mINFO [0m:      	                      "'10', '11', '12', '13', '14', '15']",
[92mINFO [0m:      	        'dp-client-clipped': "['1', '1', '0', '0', '0', '0', '0', '0', '1', "
[92mINFO [0m:      	                             "'0', '0', '0', '1', '0', '1', '0']",
[92mINFO [0m:      	        'dp-client-ids': "['0', '1', '2', '3', '4', '5', '6', '7', '8', '9', "
[92mINFO [0m:      	                         "'10', '11', '12', '13', '14', '15']",
[92mINFO [0m:      	        'dp-expected-noise-l2-norm': '1.2405e+01',
[92mINFO [0m:      	        'dp-fraction-clipped': '3.1250e-01',
[92mINFO [0m:      	        'dp-noise-percent-of-signal': '8.6927e+02',
[92mINFO [0m:      	        'dp-noise-to-signal-ratio': '8.6927e+00',
[92mINFO [0m:      	        'dp-num-clients-clipped': '5',
[92mINFO [0m:      	        'dp-parameter-count': '226596',
[92mINFO [0m:      	        'dp-signal-update-norm': '1.4270e+00',
[92mINFO [0m:      	        'dp-update-norms-before-clipping': "['5.9531e+00', '5.2922e+00', "
[92mINFO [0m:      	                                           "'4.5106e+00', '4.9490e+00', "
[92mINFO [0m:      	                                           "'4.8879e+00', '4.8922e+00', "
[92mINFO [0m:      	                                           "'4.0828e+00', '3.5273e+00', "
[92mINFO [0m:      	                                           "'5.9470e+00', '4.4657e+00', "
[92mINFO [0m:      	                                           "'4.0870e+00', '4.2733e+00', "
[92mINFO [0m:      	                                           "'5.5776e+00', '3.4415e+00', "
[92mINFO [0m:      	                                           "'5.5989e+00', '4.9394e+00']",
[92mINFO [0m:      	        'metric-dp-distance': '1.1992e+00',
[92mINFO [0m:      	        'metric-dp-distance-mean': '9.7458e-01',
[92mINFO [0m:      	        'metric-dp-distance-median': '9.8947e-01',
[92mINFO [0m:      	        'metric-dp-distance-min': '7.1258e-01',
[92mINFO [0m:      	        'metric-dp-noise-stdv': '2.6059e-02',
[92mINFO [0m:      	        'metric-dp-pairwise-client-i': "['0', '0', '0', '0', '0', '0', '0', "
[92mINFO [0m:      	                                       "'0', '0', '0', '0', '0', '0', '0', "
[92mINFO [0m:      	                                       "'0', '1', '1', '1', '1', '1', '1', "
[92mINFO [0m:      	                                       "'1', '1', '1', '1', '1', '1', '1', "
[92mINFO [0m:      	                                       "'1', '2', '2', '2', '2', '2', '2', "
[92mINFO [0m:      	                                       "'2', '2', '2', '2', '2', '2', '2', "
[92mINFO [0m:      	                                       "'3', '3', '3', '3', '3', '3', '3', "
[92mINFO [0m:      	                                       "'3', '3', '3', '3', '3', '4', '4', "
[92mINFO [0m:      	                                       "'4', '4', '4', '4', '4', '4', '4', "
[92mINFO [0m:      	                                       "'4', '4', '5', '5', '5', '5', '5', "
[92mINFO [0m:      	                                       "'5', '5', '5', '5', '5', '6', '6', "
[92mINFO [0m:      	                                       "'6', '6', '6', '6', '6', '6', '6', "
[92mINFO [0m:      	                                       "'7', '7', '7', '7', '7', '7', '7', "
[92mINFO [0m:      	                                       "'7', '8', '8', '8', '8', '8', '8', "
[92mINFO [0m:      	                                       "'8', '9', '9', '9', '9', '9', '9', "
[92mINFO [0m:      	                                       "'10', '10', '10', '10', '10', '11', "
[92mINFO [0m:      	                                       "'11', '11', '11', '12', '12', '12', "
[92mINFO [0m:      	                                       "'13', '13', '14']",
[92mINFO [0m:      	        'metric-dp-pairwise-client-j': "['1', '2', '3', '4', '5', '6', '7', "
[92mINFO [0m:      	                                       "'8', '9', '10', '11', '12', '13', "
[92mINFO [0m:      	                                       "'14', '15', '2', '3', '4', '5', '6', "
[92mINFO [0m:      	                                       "'7', '8', '9', '10', '11', '12', '13', "
[92mINFO [0m:      	                                       "'14', '15', '3', '4', '5', '6', '7', "
[92mINFO [0m:      	                                       "'8', '9', '10', '11', '12', '13', "
[92mINFO [0m:      	                                       "'14', '15', '4', '5', '6', '7', '8', "
[92mINFO [0m:      	                                       "'9', '10', '11', '12', '13', '14', "
[92mINFO [0m:      	                                       "'15', '5', '6', '7', '8', '9', '10', "
[92mINFO [0m:      	                                       "'11', '12', '13', '14', '15', '6', "
[92mINFO [0m:      	                                       "'7', '8', '9', '10', '11', '12', '13', "
[92mINFO [0m:      	                                       "'14', '15', '7', '8', '9', '10', '11', "
[92mINFO [0m:      	                                       "'12', '13', '14', '15', '8', '9', "
[92mINFO [0m:      	                                       "'10', '11', '12', '13', '14', '15', "
[92mINFO [0m:      	                                       "'9', '10', '11', '12', '13', '14', "
[92mINFO [0m:      	                                       "'15', '10', '11', '12', '13', '14', "
[92mINFO [0m:      	                                       "'15', '11', '12', '13', '14', '15', "
[92mINFO [0m:      	                                       "'12', '13', '14', '15', '13', '14', "
[92mINFO [0m:      	                                       "'15', '14', '15', '15']",
[92mINFO [0m:      	        'metric-dp-pairwise-distances': "['1.1275e+00', '1.0611e+00', "
[92mINFO [0m:      	                                        "'1.1052e+00', '1.0950e+00', "
[92mINFO [0m:      	                                        "'1.1028e+00', '1.0320e+00', "
[92mINFO [0m:      	                                        "'9.9885e-01', '1.1992e+00', "
[92mINFO [0m:      	                                        "'1.0551e+00', '1.0280e+00', "
[92mINFO [0m:      	                                        "'1.0542e+00', '1.1560e+00', "
[92mINFO [0m:      	                                        "'9.8529e-01', '1.1496e+00', "
[92mINFO [0m:      	                                        "'1.1079e+00', '9.9114e-01', "
[92mINFO [0m:      	                                        "'1.0227e+00', '1.0268e+00', "
[92mINFO [0m:      	                                        "'1.0238e+00', '9.5613e-01', "
[92mINFO [0m:      	                                        "'9.1674e-01', '1.1316e+00', "
[92mINFO [0m:      	                                        "'9.9366e-01', '9.5549e-01', "
[92mINFO [0m:      	                                        "'9.6754e-01', '1.0852e+00', "
[92mINFO [0m:      	                                        "'9.0799e-01', '1.0917e+00', "
[92mINFO [0m:      	                                        "'1.0363e+00', '9.3439e-01', "
[92mINFO [0m:      	                                        "'9.5240e-01', '9.4821e-01', "
[92mINFO [0m:      	                                        "'8.6349e-01', '8.1658e-01', "
[92mINFO [0m:      	                                        "'1.0582e+00', '9.0600e-01', "
[92mINFO [0m:      	                                        "'8.6518e-01', '8.9339e-01', "
[92mINFO [0m:      	                                        "'1.0284e+00', '8.1394e-01', "
[92mINFO [0m:      	                                        "'1.0225e+00', '9.5741e-01', "
[92mINFO [0m:      	                                        "'9.9026e-01', '9.9072e-01', "
[92mINFO [0m:      	                                        "'9.1420e-01', '8.7088e-01', "
[92mINFO [0m:      	                                        "'1.1028e+00', '9.5646e-01', "
[92mINFO [0m:      	                                        "'9.1825e-01', '9.3239e-01', "
[92mINFO [0m:      	                                        "'1.0596e+00', '8.6241e-01', "
[92mINFO [0m:      	                                        "'1.0614e+00', '9.9685e-01', "
[92mINFO [0m:      	                                        "'9.9375e-01', '9.1362e-01', "
[92mINFO [0m:      	                                        "'8.7379e-01', '1.1040e+00', "
[92mINFO [0m:      	                                        "'9.4897e-01', '9.1749e-01', "
[92mINFO [0m:      	                                        "'9.3656e-01', '1.0694e+00', "
[92mINFO [0m:      	                                        "'8.6280e-01', '1.0625e+00', "
[92mINFO [0m:      	                                        "'9.9544e-01', '9.2978e-01', "
[92mINFO [0m:      	                                        "'8.7759e-01', '1.0952e+00', "
[92mINFO [0m:      	                                        "'9.4869e-01', '9.1357e-01', "
[92mINFO [0m:      	                                        "'9.4043e-01', '1.0562e+00', "
[92mINFO [0m:      	                                        "'8.5970e-01', '1.0641e+00', "
[92mINFO [0m:      	                                        "'1.0056e+00', '7.7670e-01', "
[92mINFO [0m:      	                                        "'1.0428e+00', '8.6787e-01', "
[92mINFO [0m:      	                                        "'8.3476e-01', '8.5886e-01', "
[92mINFO [0m:      	                                        "'9.9068e-01', '7.7379e-01', "
[92mINFO [0m:      	                                        "'1.0015e+00', '9.1838e-01', "
[92mINFO [0m:      	                                        "'1.0080e+00', '8.2198e-01', "
[92mINFO [0m:      	                                        "'7.8195e-01', '7.9978e-01', "
[92mINFO [0m:      	                                        "'9.5377e-01', '7.1258e-01', "
[92mINFO [0m:      	                                        "'9.5273e-01', '8.7960e-01', "
[92mINFO [0m:      	                                        "'1.0703e+00', '1.0405e+00', "
[92mINFO [0m:      	                                        "'1.0483e+00', '1.1573e+00', "
[92mINFO [0m:      	                                        "'9.8867e-01', '1.1739e+00', "
[92mINFO [0m:      	                                        "'1.1093e+00', '8.6811e-01', "
[92mINFO [0m:      	                                        "'8.9630e-01', '1.0334e+00', "
[92mINFO [0m:      	                                        "'8.1422e-01', '1.0309e+00', "
[92mINFO [0m:      	                                        "'9.6115e-01', '8.5201e-01', "
[92mINFO [0m:      	                                        "'9.9545e-01', '7.6520e-01', "
[92mINFO [0m:      	                                        "'1.0030e+00', '9.2913e-01', "
[92mINFO [0m:      	                                        "'1.0093e+00', '7.9920e-01', "
[92mINFO [0m:      	                                        "'1.0152e+00', '9.3964e-01', "
[92mINFO [0m:      	                                        "'9.5068e-01', '1.1243e+00', "
[92mINFO [0m:      	                                        "'1.0683e+00', '9.4622e-01', "
[92mINFO [0m:      	                                        "'8.6828e-01', '1.0659e+00']",
[92mINFO [0m:      	        'per-client-num-examples': "['1505', '1152', '800', '1082', '1012', "
[92mINFO [0m:      	                                   "'870', '588', '376', '1435', '729', '517', "
[92mINFO [0m:      	                                   "'659', '1364', '447', '1294', '940']",
[92mINFO [0m:      	        'per-client-train_loss': "['7.7079e-02', '5.7455e-02', '6.9489e-02', "
[92mINFO [0m:      	                                 "'6.6823e-02', '7.8055e-02', '8.0246e-02', "
[92mINFO [0m:      	                                 "'5.8684e-02', '5.8104e-02', '1.0365e-01', "
[92mINFO [0m:      	                                 "'7.6953e-02', '1.0123e-01', '6.2904e-02', "
[92mINFO [0m:      	                                 "'8.0664e-02', '6.3915e-02', '7.1387e-02', "
[92mINFO [0m:      	                                 "'6.2930e-02']",
[92mINFO [0m:      	        'per-client-train_loss_mean': "['2.4017e-01', '2.1714e-01', "
[92mINFO [0m:      	                                      "'2.3991e-01', '2.3386e-01', "
[92mINFO [0m:      	                                      "'2.4798e-01', '2.1297e-01', "
[92mINFO [0m:      	                                      "'2.6651e-01', '3.2446e-01', "
[92mINFO [0m:      	                                      "'2.2140e-01', '2.9368e-01', "
[92mINFO [0m:      	                                      "'3.0410e-01', '2.8392e-01', "
[92mINFO [0m:      	                                      "'2.2135e-01', '3.2649e-01', "
[92mINFO [0m:      	                                      "'2.4600e-01', '2.3434e-01']",
[92mINFO [0m:      	        'train_loss': '7.4745e-02',
[92mINFO [0m:      	        'train_loss_mean': '2.4605e-01'},
[92mINFO [0m:      	  17: { 'client-ids': "['0', '1', '2', '3', '4', '5', '6', '7', '8', '9', "
[92mINFO [0m:      	                      "'10', '11', '12', '13', '14', '15']",
[92mINFO [0m:      	        'dp-client-clipped': "['1', '0', '0', '1', '0', '0', '0', '0', '1', "
[92mINFO [0m:      	                             "'0', '0', '0', '1', '0', '1', '0']",
[92mINFO [0m:      	        'dp-client-ids': "['0', '1', '2', '3', '4', '5', '6', '7', '8', '9', "
[92mINFO [0m:      	                         "'10', '11', '12', '13', '14', '15']",
[92mINFO [0m:      	        'dp-expected-noise-l2-norm': '1.1839e+01',
[92mINFO [0m:      	        'dp-fraction-clipped': '3.1250e-01',
[92mINFO [0m:      	        'dp-noise-percent-of-signal': '8.2789e+02',
[92mINFO [0m:      	        'dp-noise-to-signal-ratio': '8.2789e+00',
[92mINFO [0m:      	        'dp-num-clients-clipped': '5',
[92mINFO [0m:      	        'dp-parameter-count': '226596',
[92mINFO [0m:      	        'dp-signal-update-norm': '1.4301e+00',
[92mINFO [0m:      	        'dp-update-norms-before-clipping': "['6.5794e+00', '4.9823e+00', "
[92mINFO [0m:      	                                           "'4.5053e+00', '5.2640e+00', "
[92mINFO [0m:      	                                           "'4.9808e+00', '4.6458e+00', "
[92mINFO [0m:      	                                           "'4.1048e+00', '3.5052e+00', "
[92mINFO [0m:      	                                           "'5.7642e+00', '4.3773e+00', "
[92mINFO [0m:      	                                           "'4.0861e+00', '4.3553e+00', "
[92mINFO [0m:      	                                           "'5.4734e+00', '3.6673e+00', "
[92mINFO [0m:      	                                           "'5.5886e+00', '4.9463e+00']",
[92mINFO [0m:      	        'metric-dp-distance': '1.2565e+00',
[92mINFO [0m:      	        'metric-dp-distance-mean': '9.8226e-01',
[92mINFO [0m:      	        'metric-dp-distance-median': '9.7655e-01',
[92mINFO [0m:      	        'metric-dp-distance-min': '7.3494e-01',
[92mINFO [0m:      	        'metric-dp-noise-stdv': '2.4872e-02',
[92mINFO [0m:      	        'metric-dp-pairwise-client-i': "['0', '0', '0', '0', '0', '0', '0', "
[92mINFO [0m:      	                                       "'0', '0', '0', '0', '0', '0', '0', "
[92mINFO [0m:      	                                       "'0', '1', '1', '1', '1', '1', '1', "
[92mINFO [0m:      	                                       "'1', '1', '1', '1', '1', '1', '1', "
[92mINFO [0m:      	                                       "'1', '2', '2', '2', '2', '2', '2', "
[92mINFO [0m:      	                                       "'2', '2', '2', '2', '2', '2', '2', "
[92mINFO [0m:      	                                       "'3', '3', '3', '3', '3', '3', '3', "
[92mINFO [0m:      	                                       "'3', '3', '3', '3', '3', '4', '4', "
[92mINFO [0m:      	                                       "'4', '4', '4', '4', '4', '4', '4', "
[92mINFO [0m:      	                                       "'4', '4', '5', '5', '5', '5', '5', "
[92mINFO [0m:      	                                       "'5', '5', '5', '5', '5', '6', '6', "
[92mINFO [0m:      	                                       "'6', '6', '6', '6', '6', '6', '6', "
[92mINFO [0m:      	                                       "'7', '7', '7', '7', '7', '7', '7', "
[92mINFO [0m:      	                                       "'7', '8', '8', '8', '8', '8', '8', "
[92mINFO [0m:      	                                       "'8', '9', '9', '9', '9', '9', '9', "
[92mINFO [0m:      	                                       "'10', '10', '10', '10', '10', '11', "
[92mINFO [0m:      	                                       "'11', '11', '11', '12', '12', '12', "
[92mINFO [0m:      	                                       "'13', '13', '14']",
[92mINFO [0m:      	        'metric-dp-pairwise-client-j': "['1', '2', '3', '4', '5', '6', '7', "
[92mINFO [0m:      	                                       "'8', '9', '10', '11', '12', '13', "
[92mINFO [0m:      	                                       "'14', '15', '2', '3', '4', '5', '6', "
[92mINFO [0m:      	                                       "'7', '8', '9', '10', '11', '12', '13', "
[92mINFO [0m:      	                                       "'14', '15', '3', '4', '5', '6', '7', "
[92mINFO [0m:      	                                       "'8', '9', '10', '11', '12', '13', "
[92mINFO [0m:      	                                       "'14', '15', '4', '5', '6', '7', '8', "
[92mINFO [0m:      	                                       "'9', '10', '11', '12', '13', '14', "
[92mINFO [0m:      	                                       "'15', '5', '6', '7', '8', '9', '10', "
[92mINFO [0m:      	                                       "'11', '12', '13', '14', '15', '6', "
[92mINFO [0m:      	                                       "'7', '8', '9', '10', '11', '12', '13', "
[92mINFO [0m:      	                                       "'14', '15', '7', '8', '9', '10', '11', "
[92mINFO [0m:      	                                       "'12', '13', '14', '15', '8', '9', "
[92mINFO [0m:      	                                       "'10', '11', '12', '13', '14', '15', "
[92mINFO [0m:      	                                       "'9', '10', '11', '12', '13', '14', "
[92mINFO [0m:      	                                       "'15', '10', '11', '12', '13', '14', "
[92mINFO [0m:      	                                       "'15', '11', '12', '13', '14', '15', "
[92mINFO [0m:      	                                       "'12', '13', '14', '15', '13', '14', "
[92mINFO [0m:      	                                       "'15', '14', '15', '15']",
[92mINFO [0m:      	        'metric-dp-pairwise-distances': "['1.1832e+00', '1.1481e+00', "
[92mINFO [0m:      	                                        "'1.2108e+00', '1.1830e+00', "
[92mINFO [0m:      	                                        "'1.1597e+00', '1.1195e+00', "
[92mINFO [0m:      	                                        "'1.0830e+00', '1.2565e+00', "
[92mINFO [0m:      	                                        "'1.1334e+00', '1.1153e+00', "
[92mINFO [0m:      	                                        "'1.1372e+00', '1.2133e+00', "
[92mINFO [0m:      	                                        "'1.0831e+00', '1.2359e+00', "
[92mINFO [0m:      	                                        "'1.1897e+00', '9.6672e-01', "
[92mINFO [0m:      	                                        "'1.0294e+00', '1.0173e+00', "
[92mINFO [0m:      	                                        "'9.6992e-01', '9.1933e-01', "
[92mINFO [0m:      	                                        "'8.7563e-01', '1.0803e+00', "
[92mINFO [0m:      	                                        "'9.5094e-01', '9.2126e-01', "
[92mINFO [0m:      	                                        "'9.4762e-01', '1.0484e+00', "
[92mINFO [0m:      	                                        "'8.8977e-01', '1.0624e+00', "
[92mINFO [0m:      	                                        "'1.0078e+00', '9.8095e-01', "
[92mINFO [0m:      	                                        "'9.6735e-01', '9.2126e-01', "
[92mINFO [0m:      	                                        "'8.7048e-01', '8.1297e-01', "
[92mINFO [0m:      	                                        "'1.0506e+00', '9.0059e-01', "
[92mINFO [0m:      	                                        "'8.7375e-01', '8.9636e-01', "
[92mINFO [0m:      	                                        "'1.0135e+00', '8.3150e-01', "
[92mINFO [0m:      	                                        "'1.0301e+00', '9.6123e-01', "
[92mINFO [0m:      	                                        "'1.0411e+00', '1.0038e+00', "
[92mINFO [0m:      	                                        "'9.5794e-01', '9.1125e-01', "
[92mINFO [0m:      	                                        "'1.1133e+00', '9.8234e-01', "
[92mINFO [0m:      	                                        "'9.5775e-01', '9.7893e-01', "
[92mINFO [0m:      	                                        "'1.0799e+00', '9.2183e-01', "
[92mINFO [0m:      	                                        "'1.0918e+00', '1.0304e+00', "
[92mINFO [0m:      	                                        "'9.7415e-01', '9.3244e-01', "
[92mINFO [0m:      	                                        "'8.8447e-01', '1.0991e+00', "
[92mINFO [0m:      	                                        "'9.6016e-01', '9.3967e-01', "
[92mINFO [0m:      	                                        "'9.5401e-01', '1.0611e+00', "
[92mINFO [0m:      	                                        "'8.9804e-01', '1.0726e+00', "
[92mINFO [0m:      	                                        "'1.0140e+00', '9.0305e-01', "
[92mINFO [0m:      	                                        "'8.4261e-01', '1.0599e+00', "
[92mINFO [0m:      	                                        "'9.1458e-01', '8.8994e-01', "
[92mINFO [0m:      	                                        "'9.1038e-01', '1.0243e+00', "
[92mINFO [0m:      	                                        "'8.5406e-01', '1.0402e+00', "
[92mINFO [0m:      	                                        "'9.8022e-01', '7.7495e-01', "
[92mINFO [0m:      	                                        "'1.0272e+00', '8.6747e-01', "
[92mINFO [0m:      	                                        "'8.3810e-01', '8.6699e-01', "
[92mINFO [0m:      	                                        "'9.8585e-01', '8.0336e-01', "
[92mINFO [0m:      	                                        "'1.0007e+00', '9.3011e-01', "
[92mINFO [0m:      	                                        "'9.8565e-01', '8.0501e-01', "
[92mINFO [0m:      	                                        "'7.7693e-01', '8.1056e-01', "
[92mINFO [0m:      	                                        "'9.3970e-01', '7.3494e-01', "
[92mINFO [0m:      	                                        "'9.4915e-01', '8.7378e-01', "
[92mINFO [0m:      	                                        "'1.0412e+00', '1.0233e+00', "
[92mINFO [0m:      	                                        "'1.0370e+00', '1.1361e+00', "
[92mINFO [0m:      	                                        "'9.8864e-01', '1.1473e+00', "
[92mINFO [0m:      	                                        "'1.0966e+00', '8.6530e-01', "
[92mINFO [0m:      	                                        "'8.9566e-01', '1.0009e+00', "
[92mINFO [0m:      	                                        "'8.2532e-01', '1.0140e+00', "
[92mINFO [0m:      	                                        "'9.5806e-01', '8.6084e-01', "
[92mINFO [0m:      	                                        "'9.7418e-01', '7.8169e-01', "
[92mINFO [0m:      	                                        "'9.8935e-01', '9.2495e-01', "
[92mINFO [0m:      	                                        "'9.9585e-01', '8.1898e-01', "
[92mINFO [0m:      	                                        "'1.0121e+00', '9.4563e-01', "
[92mINFO [0m:      	                                        "'9.5110e-01', '1.1152e+00', "
[92mINFO [0m:      	                                        "'1.0492e+00', '9.5791e-01', "
[92mINFO [0m:      	                                        "'8.8979e-01', '1.0760e+00']",
[92mINFO [0m:      	        'per-client-num-examples': "['1505', '1152', '800', '1082', '1012', "
[92mINFO [0m:      	                                   "'870', '588', '376', '1435', '729', '517', "
[92mINFO [0m:      	                                   "'659', '1364', '447', '1294', '940']",
[92mINFO [0m:      	        'per-client-train_loss': "['1.2053e-01', '7.2189e-02', '7.8251e-02', "
[92mINFO [0m:      	                                 "'7.8528e-02', '6.9381e-02', '6.0932e-02', "
[92mINFO [0m:      	                                 "'1.1332e-01', '5.9944e-02', '9.1692e-02', "
[92mINFO [0m:      	                                 "'6.3755e-02', '7.0827e-02', '6.4264e-02', "
[92mINFO [0m:      	                                 "'5.5308e-02', '6.1430e-02', '1.0284e-01', "
[92mINFO [0m:      	                                 "'5.9165e-02']",
[92mINFO [0m:      	        'per-client-train_loss_mean': "['2.8064e-01', '2.3199e-01', "
[92mINFO [0m:      	                                      "'2.3895e-01', '2.6675e-01', "
[92mINFO [0m:      	                                      "'2.5016e-01', '2.1700e-01', "
[92mINFO [0m:      	                                      "'2.6640e-01', '3.1671e-01', "
[92mINFO [0m:      	                                      "'2.1857e-01', '2.7071e-01', "
[92mINFO [0m:      	                                      "'3.1577e-01', '2.6867e-01', "
[92mINFO [0m:      	                                      "'2.2143e-01', '2.7849e-01', "
[92mINFO [0m:      	                                      "'2.6164e-01', '2.4837e-01']",
[92mINFO [0m:      	        'train_loss': '7.9426e-02',
[92mINFO [0m:      	        'train_loss_mean': '2.5301e-01'},
[92mINFO [0m:      	  18: { 'client-ids': "['0', '1', '2', '3', '4', '5', '6', '7', '8', '9', "
[92mINFO [0m:      	                      "'10', '11', '12', '13', '14', '15']",
[92mINFO [0m:      	        'dp-client-clipped': "['1', '1', '0', '1', '1', '0', '0', '0', '1', "
[92mINFO [0m:      	                             "'0', '0', '0', '1', '0', '1', '0']",
[92mINFO [0m:      	        'dp-client-ids': "['0', '1', '2', '3', '4', '5', '6', '7', '8', '9', "
[92mINFO [0m:      	                         "'10', '11', '12', '13', '14', '15']",
[92mINFO [0m:      	        'dp-expected-noise-l2-norm': '1.1470e+01',
[92mINFO [0m:      	        'dp-fraction-clipped': '4.3750e-01',
[92mINFO [0m:      	        'dp-noise-percent-of-signal': '7.9078e+02',
[92mINFO [0m:      	        'dp-noise-to-signal-ratio': '7.9078e+00',
[92mINFO [0m:      	        'dp-num-clients-clipped': '7',
[92mINFO [0m:      	        'dp-parameter-count': '226596',
[92mINFO [0m:      	        'dp-signal-update-norm': '1.4504e+00',
[92mINFO [0m:      	        'dp-update-norms-before-clipping': "['6.8138e+00', '5.1981e+00', "
[92mINFO [0m:      	                                           "'4.4340e+00', '5.3878e+00', "
[92mINFO [0m:      	                                           "'5.1916e+00', '4.5244e+00', "
[92mINFO [0m:      	                                           "'4.2369e+00', '3.5333e+00', "
[92mINFO [0m:      	                                           "'5.8543e+00', '4.4821e+00', "
[92mINFO [0m:      	                                           "'4.1865e+00', '4.2712e+00', "
[92mINFO [0m:      	                                           "'5.6881e+00', '3.7286e+00', "
[92mINFO [0m:      	                                           "'5.7947e+00', '4.9340e+00']",
[92mINFO [0m:      	        'metric-dp-distance': '1.2969e+00',
[92mINFO [0m:      	        'metric-dp-distance-mean': '1.0041e+00',
[92mINFO [0m:      	        'metric-dp-distance-median': '9.8967e-01',
[92mINFO [0m:      	        'metric-dp-distance-min': '7.3849e-01',
[92mINFO [0m:      	        'metric-dp-noise-stdv': '2.4095e-02',
[92mINFO [0m:      	        'metric-dp-pairwise-client-i': "['0', '0', '0', '0', '0', '0', '0', "
[92mINFO [0m:      	                                       "'0', '0', '0', '0', '0', '0', '0', "
[92mINFO [0m:      	                                       "'0', '1', '1', '1', '1', '1', '1', "
[92mINFO [0m:      	                                       "'1', '1', '1', '1', '1', '1', '1', "
[92mINFO [0m:      	                                       "'1', '2', '2', '2', '2', '2', '2', "
[92mINFO [0m:      	                                       "'2', '2', '2', '2', '2', '2', '2', "
[92mINFO [0m:      	                                       "'3', '3', '3', '3', '3', '3', '3', "
[92mINFO [0m:      	                                       "'3', '3', '3', '3', '3', '4', '4', "
[92mINFO [0m:      	                                       "'4', '4', '4', '4', '4', '4', '4', "
[92mINFO [0m:      	                                       "'4', '4', '5', '5', '5', '5', '5', "
[92mINFO [0m:      	                                       "'5', '5', '5', '5', '5', '6', '6', "
[92mINFO [0m:      	                                       "'6', '6', '6', '6', '6', '6', '6', "
[92mINFO [0m:      	                                       "'7', '7', '7', '7', '7', '7', '7', "
[92mINFO [0m:      	                                       "'7', '8', '8', '8', '8', '8', '8', "
[92mINFO [0m:      	                                       "'8', '9', '9', '9', '9', '9', '9', "
[92mINFO [0m:      	                                       "'10', '10', '10', '10', '10', '11', "
[92mINFO [0m:      	                                       "'11', '11', '11', '12', '12', '12', "
[92mINFO [0m:      	                                       "'13', '13', '14']",
[92mINFO [0m:      	        'metric-dp-pairwise-client-j': "['1', '2', '3', '4', '5', '6', '7', "
[92mINFO [0m:      	                                       "'8', '9', '10', '11', '12', '13', "
[92mINFO [0m:      	                                       "'14', '15', '2', '3', '4', '5', '6', "
[92mINFO [0m:      	                                       "'7', '8', '9', '10', '11', '12', '13', "
[92mINFO [0m:      	                                       "'14', '15', '3', '4', '5', '6', '7', "
[92mINFO [0m:      	                                       "'8', '9', '10', '11', '12', '13', "
[92mINFO [0m:      	                                       "'14', '15', '4', '5', '6', '7', '8', "
[92mINFO [0m:      	                                       "'9', '10', '11', '12', '13', '14', "
[92mINFO [0m:      	                                       "'15', '5', '6', '7', '8', '9', '10', "
[92mINFO [0m:      	                                       "'11', '12', '13', '14', '15', '6', "
[92mINFO [0m:      	                                       "'7', '8', '9', '10', '11', '12', '13', "
[92mINFO [0m:      	                                       "'14', '15', '7', '8', '9', '10', '11', "
[92mINFO [0m:      	                                       "'12', '13', '14', '15', '8', '9', "
[92mINFO [0m:      	                                       "'10', '11', '12', '13', '14', '15', "
[92mINFO [0m:      	                                       "'9', '10', '11', '12', '13', '14', "
[92mINFO [0m:      	                                       "'15', '10', '11', '12', '13', '14', "
[92mINFO [0m:      	                                       "'15', '11', '12', '13', '14', '15', "
[92mINFO [0m:      	                                       "'12', '13', '14', '15', '13', '14', "
[92mINFO [0m:      	                                       "'15', '14', '15', '15']",
[92mINFO [0m:      	        'metric-dp-pairwise-distances': "['1.2424e+00', '1.1882e+00', "
[92mINFO [0m:      	                                        "'1.2648e+00', '1.2525e+00', "
[92mINFO [0m:      	                                        "'1.1920e+00', '1.1722e+00', "
[92mINFO [0m:      	                                        "'1.1346e+00', '1.2968e+00', "
[92mINFO [0m:      	                                        "'1.1902e+00', '1.1659e+00', "
[92mINFO [0m:      	                                        "'1.1798e+00', '1.2827e+00', "
[92mINFO [0m:      	                                        "'1.1300e+00', '1.2969e+00', "
[92mINFO [0m:      	                                        "'1.2204e+00', '9.8701e-01', "
[92mINFO [0m:      	                                        "'1.0602e+00', '1.0568e+00', "
[92mINFO [0m:      	                                        "'9.7599e-01', '9.5497e-01', "
[92mINFO [0m:      	                                        "'9.1154e-01', '1.1146e+00', "
[92mINFO [0m:      	                                        "'9.8141e-01', '9.5566e-01', "
[92mINFO [0m:      	                                        "'9.6809e-01', '1.0925e+00', "
[92mINFO [0m:      	                                        "'9.1845e-01', '1.1100e+00', "
[92mINFO [0m:      	                                        "'1.0279e+00', '9.9603e-01', "
[92mINFO [0m:      	                                        "'9.9092e-01', '9.1417e-01', "
[92mINFO [0m:      	                                        "'8.7959e-01', '8.1603e-01', "
[92mINFO [0m:      	                                        "'1.0514e+00', '9.0731e-01', "
[92mINFO [0m:      	                                        "'8.8267e-01', '8.9435e-01', "
[92mINFO [0m:      	                                        "'1.0356e+00', '8.2633e-01', "
[92mINFO [0m:      	                                        "'1.0519e+00', '9.5907e-01', "
[92mINFO [0m:      	                                        "'1.0705e+00', '1.0090e+00', "
[92mINFO [0m:      	                                        "'9.7805e-01', '9.3129e-01', "
[92mINFO [0m:      	                                        "'1.1404e+00', '1.0014e+00', "
[92mINFO [0m:      	                                        "'9.8282e-01', '9.8736e-01', "
[92mINFO [0m:      	                                        "'1.1173e+00', '9.3938e-01', "
[92mINFO [0m:      	                                        "'1.1298e+00', '1.0404e+00', "
[92mINFO [0m:      	                                        "'9.8581e-01', '9.6413e-01', "
[92mINFO [0m:      	                                        "'9.0879e-01', '1.1295e+00', "
[92mINFO [0m:      	                                        "'9.8420e-01', '9.6730e-01', "
[92mINFO [0m:      	                                        "'9.7099e-01', '1.1101e+00', "
[92mINFO [0m:      	                                        "'9.2614e-01', '1.1210e+00', "
[92mINFO [0m:      	                                        "'1.0317e+00', '8.9366e-01', "
[92mINFO [0m:      	                                        "'8.3275e-01', '1.0564e+00', "
[92mINFO [0m:      	                                        "'9.2078e-01', '8.9091e-01', "
[92mINFO [0m:      	                                        "'8.9679e-01', '1.0385e+00', "
[92mINFO [0m:      	                                        "'8.4489e-01', '1.0564e+00', "
[92mINFO [0m:      	                                        "'9.6895e-01', '7.9203e-01', "
[92mINFO [0m:      	                                        "'1.0423e+00', '8.8030e-01', "
[92mINFO [0m:      	                                        "'8.5683e-01', '8.6474e-01', "
[92mINFO [0m:      	                                        "'1.0182e+00', '8.0415e-01', "
[92mINFO [0m:      	                                        "'1.0273e+00', '9.4001e-01', "
[92mINFO [0m:      	                                        "'9.9194e-01', '8.2093e-01', "
[92mINFO [0m:      	                                        "'7.9823e-01', '8.0257e-01', "
[92mINFO [0m:      	                                        "'9.7247e-01', '7.3849e-01', "
[92mINFO [0m:      	                                        "'9.8717e-01', '8.7879e-01', "
[92mINFO [0m:      	                                        "'1.0571e+00', '1.0352e+00', "
[92mINFO [0m:      	                                        "'1.0446e+00', '1.1689e+00', "
[92mINFO [0m:      	                                        "'1.0035e+00', '1.1768e+00', "
[92mINFO [0m:      	                                        "'1.0944e+00', '8.8735e-01', "
[92mINFO [0m:      	                                        "'8.8879e-01', '1.0425e+00', "
[92mINFO [0m:      	                                        "'8.3634e-01', '1.0510e+00', "
[92mINFO [0m:      	                                        "'9.6199e-01', '8.6442e-01', "
[92mINFO [0m:      	                                        "'1.0146e+00', '8.0457e-01', "
[92mINFO [0m:      	                                        "'1.0287e+00', '9.3192e-01', "
[92mINFO [0m:      	                                        "'1.0313e+00', '8.1794e-01', "
[92mINFO [0m:      	                                        "'1.0401e+00', '9.3700e-01', "
[92mINFO [0m:      	                                        "'9.8564e-01', '1.1592e+00', "
[92mINFO [0m:      	                                        "'1.0799e+00', '9.8841e-01', "
[92mINFO [0m:      	                                        "'8.8979e-01', '1.1008e+00']",
[92mINFO [0m:      	        'per-client-num-examples': "['1505', '1152', '800', '1082', '1012', "
[92mINFO [0m:      	                                   "'870', '588', '376', '1435', '729', '517', "
[92mINFO [0m:      	                                   "'659', '1364', '447', '1294', '940']",
[92mINFO [0m:      	        'per-client-train_loss': "['2.8786e-01', '6.4102e-02', '6.0795e-02', "
[92mINFO [0m:      	                                 "'9.2560e-02', '7.9688e-02', '3.6790e-02', "
[92mINFO [0m:      	                                 "'7.6562e-02', '4.9953e-02', '6.3396e-02', "
[92mINFO [0m:      	                                 "'8.8210e-02', '8.6972e-02', '4.8694e-02', "
[92mINFO [0m:      	                                 "'9.1156e-02', '7.7657e-02', '1.0276e-01', "
[92mINFO [0m:      	                                 "'7.3584e-02']",
[92mINFO [0m:      	        'per-client-train_loss_mean': "['2.5807e-01', '2.4502e-01', "
[92mINFO [0m:      	                                      "'2.3460e-01', '2.7228e-01', "
[92mINFO [0m:      	                                      "'2.5554e-01', '2.1748e-01', "
[92mINFO [0m:      	                                      "'3.0617e-01', '3.1117e-01', "
[92mINFO [0m:      	                                      "'2.3179e-01', '3.0223e-01', "
[92mINFO [0m:      	                                      "'3.2662e-01', '2.8218e-01', "
[92mINFO [0m:      	                                      "'2.0127e-01', '3.1795e-01', "
[92mINFO [0m:      	                                      "'2.4070e-01', '2.3330e-01']",
[92mINFO [0m:      	        'train_loss': '9.6536e-02',
[92mINFO [0m:      	        'train_loss_mean': '2.5409e-01'},
[92mINFO [0m:      	  19: { 'client-ids': "['0', '1', '2', '3', '4', '5', '6', '7', '8', '9', "
[92mINFO [0m:      	                      "'10', '11', '12', '13', '14', '15']",
[92mINFO [0m:      	        'dp-client-clipped': "['1', '1', '0', '1', '1', '0', '0', '0', '1', "
[92mINFO [0m:      	                             "'0', '0', '0', '1', '0', '1', '1']",
[92mINFO [0m:      	        'dp-client-ids': "['0', '1', '2', '3', '4', '5', '6', '7', '8', '9', "
[92mINFO [0m:      	                         "'10', '11', '12', '13', '14', '15']",
[92mINFO [0m:      	        'dp-expected-noise-l2-norm': '1.2373e+01',
[92mINFO [0m:      	        'dp-fraction-clipped': '5.0000e-01',
[92mINFO [0m:      	        'dp-noise-percent-of-signal': '8.7027e+02',
[92mINFO [0m:      	        'dp-noise-to-signal-ratio': '8.7027e+00',
[92mINFO [0m:      	        'dp-num-clients-clipped': '8',
[92mINFO [0m:      	        'dp-parameter-count': '226596',
[92mINFO [0m:      	        'dp-signal-update-norm': '1.4218e+00',
[92mINFO [0m:      	        'dp-update-norms-before-clipping': "['5.9952e+00', '5.2107e+00', "
[92mINFO [0m:      	                                           "'4.4180e+00', '5.1432e+00', "
[92mINFO [0m:      	                                           "'5.1729e+00', '4.8474e+00', "
[92mINFO [0m:      	                                           "'4.2374e+00', '3.5217e+00', "
[92mINFO [0m:      	                                           "'5.7118e+00', '4.4116e+00', "
[92mINFO [0m:      	                                           "'4.1717e+00', '4.1717e+00', "
[92mINFO [0m:      	                                           "'5.4927e+00', '3.7530e+00', "
[92mINFO [0m:      	                                           "'5.7331e+00', '5.2078e+00']",
[92mINFO [0m:      	        'metric-dp-distance': '1.2022e+00',
[92mINFO [0m:      	        'metric-dp-distance-mean': '9.9267e-01',
[92mINFO [0m:      	        'metric-dp-distance-median': '9.9348e-01',
[92mINFO [0m:      	        'metric-dp-distance-min': '7.5283e-01',
[92mINFO [0m:      	        'metric-dp-noise-stdv': '2.5993e-02',
[92mINFO [0m:      	        'metric-dp-pairwise-client-i': "['0', '0', '0', '0', '0', '0', '0', "
[92mINFO [0m:      	                                       "'0', '0', '0', '0', '0', '0', '0', "
[92mINFO [0m:      	                                       "'0', '1', '1', '1', '1', '1', '1', "
[92mINFO [0m:      	                                       "'1', '1', '1', '1', '1', '1', '1', "
[92mINFO [0m:      	                                       "'1', '2', '2', '2', '2', '2', '2', "
[92mINFO [0m:      	                                       "'2', '2', '2', '2', '2', '2', '2', "
[92mINFO [0m:      	                                       "'3', '3', '3', '3', '3', '3', '3', "
[92mINFO [0m:      	                                       "'3', '3', '3', '3', '3', '4', '4', "
[92mINFO [0m:      	                                       "'4', '4', '4', '4', '4', '4', '4', "
[92mINFO [0m:      	                                       "'4', '4', '5', '5', '5', '5', '5', "
[92mINFO [0m:      	                                       "'5', '5', '5', '5', '5', '6', '6', "
[92mINFO [0m:      	                                       "'6', '6', '6', '6', '6', '6', '6', "
[92mINFO [0m:      	                                       "'7', '7', '7', '7', '7', '7', '7', "
[92mINFO [0m:      	                                       "'7', '8', '8', '8', '8', '8', '8', "
[92mINFO [0m:      	                                       "'8', '9', '9', '9', '9', '9', '9', "
[92mINFO [0m:      	                                       "'10', '10', '10', '10', '10', '11', "
[92mINFO [0m:      	                                       "'11', '11', '11', '12', '12', '12', "
[92mINFO [0m:      	                                       "'13', '13', '14']",
[92mINFO [0m:      	        'metric-dp-pairwise-client-j': "['1', '2', '3', '4', '5', '6', '7', "
[92mINFO [0m:      	                                       "'8', '9', '10', '11', '12', '13', "
[92mINFO [0m:      	                                       "'14', '15', '2', '3', '4', '5', '6', "
[92mINFO [0m:      	                                       "'7', '8', '9', '10', '11', '12', '13', "
[92mINFO [0m:      	                                       "'14', '15', '3', '4', '5', '6', '7', "
[92mINFO [0m:      	                                       "'8', '9', '10', '11', '12', '13', "
[92mINFO [0m:      	                                       "'14', '15', '4', '5', '6', '7', '8', "
[92mINFO [0m:      	                                       "'9', '10', '11', '12', '13', '14', "
[92mINFO [0m:      	                                       "'15', '5', '6', '7', '8', '9', '10', "
[92mINFO [0m:      	                                       "'11', '12', '13', '14', '15', '6', "
[92mINFO [0m:      	                                       "'7', '8', '9', '10', '11', '12', '13', "
[92mINFO [0m:      	                                       "'14', '15', '7', '8', '9', '10', '11', "
[92mINFO [0m:      	                                       "'12', '13', '14', '15', '8', '9', "
[92mINFO [0m:      	                                       "'10', '11', '12', '13', '14', '15', "
[92mINFO [0m:      	                                       "'9', '10', '11', '12', '13', '14', "
[92mINFO [0m:      	                                       "'15', '10', '11', '12', '13', '14', "
[92mINFO [0m:      	                                       "'15', '11', '12', '13', '14', '15', "
[92mINFO [0m:      	                                       "'12', '13', '14', '15', '13', '14', "
[92mINFO [0m:      	                                       "'15', '14', '15', '15']",
[92mINFO [0m:      	        'metric-dp-pairwise-distances': "['1.1417e+00', '1.0767e+00', "
[92mINFO [0m:      	                                        "'1.1371e+00', '1.1382e+00', "
[92mINFO [0m:      	                                        "'1.1079e+00', '1.0660e+00', "
[92mINFO [0m:      	                                        "'1.0159e+00', '1.2022e+00', "
[92mINFO [0m:      	                                        "'1.0766e+00', '1.0551e+00', "
[92mINFO [0m:      	                                        "'1.0648e+00', '1.1620e+00', "
[92mINFO [0m:      	                                        "'1.0220e+00', '1.1908e+00', "
[92mINFO [0m:      	                                        "'1.1468e+00', '9.9254e-01', "
[92mINFO [0m:      	                                        "'1.0571e+00', '1.0529e+00', "
[92mINFO [0m:      	                                        "'1.0271e+00', '9.7125e-01', "
[92mINFO [0m:      	                                        "'9.1214e-01', '1.1131e+00', "
[92mINFO [0m:      	                                        "'9.8155e-01', '9.6226e-01', "
[92mINFO [0m:      	                                        "'9.6401e-01', '1.0835e+00', "
[92mINFO [0m:      	                                        "'9.3490e-01', '1.1216e+00', "
[92mINFO [0m:      	                                        "'1.0566e+00', '9.7062e-01', "
[92mINFO [0m:      	                                        "'9.8445e-01', '9.4894e-01', "
[92mINFO [0m:      	                                        "'8.8968e-01', '8.2063e-01', "
[92mINFO [0m:      	                                        "'1.0419e+00', '9.0591e-01', "
[92mINFO [0m:      	                                        "'8.7802e-01', '8.8253e-01', "
[92mINFO [0m:      	                                        "'1.0154e+00', '8.4202e-01', "
[92mINFO [0m:      	                                        "'1.0479e+00', '9.8697e-01', "
[92mINFO [0m:      	                                        "'1.0390e+00', '1.0147e+00', "
[92mINFO [0m:      	                                        "'9.6069e-01', '9.0734e-01', "
[92mINFO [0m:      	                                        "'1.1173e+00', '9.7972e-01', "
[92mINFO [0m:      	                                        "'9.6079e-01', '9.6365e-01', "
[92mINFO [0m:      	                                        "'1.0805e+00', '9.1600e-01', "
[92mINFO [0m:      	                                        "'1.0997e+00', '1.0571e+00', "
[92mINFO [0m:      	                                        "'1.0162e+00', '9.6624e-01', "
[92mINFO [0m:      	                                        "'9.0251e-01', '1.1148e+00', "
[92mINFO [0m:      	                                        "'9.7234e-01', '9.6523e-01', "
[92mINFO [0m:      	                                        "'9.5923e-01', '1.0820e+00', "
[92mINFO [0m:      	                                        "'9.2467e-01', '1.1008e+00', "
[92mINFO [0m:      	                                        "'1.0534e+00', '9.3366e-01', "
[92mINFO [0m:      	                                        "'8.7286e-01', '1.0811e+00', "
[92mINFO [0m:      	                                        "'9.5134e-01', '9.2200e-01', "
[92mINFO [0m:      	                                        "'9.2084e-01', '1.0512e+00', "
[92mINFO [0m:      	                                        "'8.8086e-01', '1.0875e+00', "
[92mINFO [0m:      	                                        "'1.0271e+00', '8.0280e-01', "
[92mINFO [0m:      	                                        "'1.0367e+00', '8.8860e-01', "
[92mINFO [0m:      	                                        "'8.6160e-01', '8.6535e-01', "
[92mINFO [0m:      	                                        "'9.9710e-01', '8.3168e-01', "
[92mINFO [0m:      	                                        "'1.0338e+00', '9.7159e-01', "
[92mINFO [0m:      	                                        "'9.8226e-01', '8.1748e-01', "
[92mINFO [0m:      	                                        "'7.9725e-01', '8.0141e-01', "
[92mINFO [0m:      	                                        "'9.5639e-01', '7.5283e-01', "
[92mINFO [0m:      	                                        "'9.7402e-01', '9.1045e-01', "
[92mINFO [0m:      	                                        "'1.0482e+00', '1.0286e+00', "
[92mINFO [0m:      	                                        "'1.0282e+00', '1.1474e+00', "
[92mINFO [0m:      	                                        "'9.9530e-01', '1.1693e+00', "
[92mINFO [0m:      	                                        "'1.1159e+00', '8.8402e-01', "
[92mINFO [0m:      	                                        "'8.8172e-01', '1.0186e+00', "
[92mINFO [0m:      	                                        "'8.4424e-01', '1.0362e+00', "
[92mINFO [0m:      	                                        "'9.8807e-01', '8.5921e-01', "
[92mINFO [0m:      	                                        "'9.9610e-01', '8.1137e-01', "
[92mINFO [0m:      	                                        "'1.0315e+00', '9.6365e-01', "
[92mINFO [0m:      	                                        "'9.9780e-01', '8.1868e-01', "
[92mINFO [0m:      	                                        "'1.0361e+00', '9.6285e-01', "
[92mINFO [0m:      	                                        "'9.6881e-01', '1.1488e+00', "
[92mINFO [0m:      	                                        "'1.0866e+00', '9.9442e-01', "
[92mINFO [0m:      	                                        "'9.2980e-01', '1.1159e+00']",
[92mINFO [0m:      	        'per-client-num-examples': "['1505', '1152', '800', '1082', '1012', "
[92mINFO [0m:      	                                   "'870', '588', '376', '1435', '729', '517', "
[92mINFO [0m:      	                                   "'659', '1364', '447', '1294', '940']",
[92mINFO [0m:      	        'per-client-train_loss': "['7.8291e-02', '6.5086e-02', '4.5255e-02', "
[92mINFO [0m:      	                                 "'8.0394e-02', '9.4017e-02', '4.3414e-02', "
[92mINFO [0m:      	                                 "'8.4600e-02', '5.3794e-02', '6.1872e-02', "
[92mINFO [0m:      	                                 "'4.0397e-02', '8.2772e-02', '4.7614e-02', "
[92mINFO [0m:      	                                 "'5.0037e-02', '6.7559e-02', '1.0823e-01', "
[92mINFO [0m:      	                                 "'9.9915e-02']",
[92mINFO [0m:      	        'per-client-train_loss_mean': "['2.1248e-01', '2.3606e-01', "
[92mINFO [0m:      	                                      "'2.5754e-01', '2.5639e-01', "
[92mINFO [0m:      	                                      "'2.2173e-01', '2.1484e-01', "
[92mINFO [0m:      	                                      "'2.5464e-01', '3.2073e-01', "
[92mINFO [0m:      	                                      "'1.8322e-01', '2.4221e-01', "
[92mINFO [0m:      	                                      "'3.3266e-01', '2.5505e-01', "
[92mINFO [0m:      	                                      "'1.9831e-01', '2.4597e-01', "
[92mINFO [0m:      	                                      "'2.4121e-01', '2.2035e-01']",
[92mINFO [0m:      	        'train_loss': '7.0664e-02',
[92mINFO [0m:      	        'train_loss_mean': '2.3264e-01'},
[92mINFO [0m:      	  20: { 'client-ids': "['0', '1', '2', '3', '4', '5', '6', '7', '8', '9', "
[92mINFO [0m:      	                      "'10', '11', '12', '13', '14', '15']",
[92mINFO [0m:      	        'dp-client-clipped': "['1', '1', '0', '1', '0', '0', '0', '0', '1', "
[92mINFO [0m:      	                             "'0', '0', '0', '1', '0', '1', '0']",
[92mINFO [0m:      	        'dp-client-ids': "['0', '1', '2', '3', '4', '5', '6', '7', '8', '9', "
[92mINFO [0m:      	                         "'10', '11', '12', '13', '14', '15']",
[92mINFO [0m:      	        'dp-expected-noise-l2-norm': '1.2497e+01',
[92mINFO [0m:      	        'dp-fraction-clipped': '3.7500e-01',
[92mINFO [0m:      	        'dp-noise-percent-of-signal': '8.6469e+02',
[92mINFO [0m:      	        'dp-noise-to-signal-ratio': '8.6469e+00',
[92mINFO [0m:      	        'dp-num-clients-clipped': '6',
[92mINFO [0m:      	        'dp-parameter-count': '226596',
[92mINFO [0m:      	        'dp-signal-update-norm': '1.4453e+00',
[92mINFO [0m:      	        'dp-update-norms-before-clipping': "['6.0369e+00', '5.1151e+00', "
[92mINFO [0m:      	                                           "'4.6602e+00', '5.2303e+00', "
[92mINFO [0m:      	                                           "'4.9975e+00', '4.8189e+00', "
[92mINFO [0m:      	                                           "'4.0982e+00', '3.5310e+00', "
[92mINFO [0m:      	                                           "'5.6191e+00', '4.4828e+00', "
[92mINFO [0m:      	                                           "'4.0804e+00', '4.3208e+00', "
[92mINFO [0m:      	                                           "'5.4494e+00', '3.6905e+00', "
[92mINFO [0m:      	                                           "'5.6710e+00', '4.9715e+00']",
[92mINFO [0m:      	        'metric-dp-distance': '1.1903e+00',
[92mINFO [0m:      	        'metric-dp-distance-mean': '9.8511e-01',
[92mINFO [0m:      	        'metric-dp-distance-median': '9.9105e-01',
[92mINFO [0m:      	        'metric-dp-distance-min': '7.3609e-01',
[92mINFO [0m:      	        'metric-dp-noise-stdv': '2.6253e-02',
[92mINFO [0m:      	        'metric-dp-pairwise-client-i': "['0', '0', '0', '0', '0', '0', '0', "
[92mINFO [0m:      	                                       "'0', '0', '0', '0', '0', '0', '0', "
[92mINFO [0m:      	                                       "'0', '1', '1', '1', '1', '1', '1', "
[92mINFO [0m:      	                                       "'1', '1', '1', '1', '1', '1', '1', "
[92mINFO [0m:      	                                       "'1', '2', '2', '2', '2', '2', '2', "
[92mINFO [0m:      	                                       "'2', '2', '2', '2', '2', '2', '2', "
[92mINFO [0m:      	                                       "'3', '3', '3', '3', '3', '3', '3', "
[92mINFO [0m:      	                                       "'3', '3', '3', '3', '3', '4', '4', "
[92mINFO [0m:      	                                       "'4', '4', '4', '4', '4', '4', '4', "
[92mINFO [0m:      	                                       "'4', '4', '5', '5', '5', '5', '5', "
[92mINFO [0m:      	                                       "'5', '5', '5', '5', '5', '6', '6', "
[92mINFO [0m:      	                                       "'6', '6', '6', '6', '6', '6', '6', "
[92mINFO [0m:      	                                       "'7', '7', '7', '7', '7', '7', '7', "
[92mINFO [0m:      	                                       "'7', '8', '8', '8', '8', '8', '8', "
[92mINFO [0m:      	                                       "'8', '9', '9', '9', '9', '9', '9', "
[92mINFO [0m:      	                                       "'10', '10', '10', '10', '10', '11', "
[92mINFO [0m:      	                                       "'11', '11', '11', '12', '12', '12', "
[92mINFO [0m:      	                                       "'13', '13', '14']",
[92mINFO [0m:      	        'metric-dp-pairwise-client-j': "['1', '2', '3', '4', '5', '6', '7', "
[92mINFO [0m:      	                                       "'8', '9', '10', '11', '12', '13', "
[92mINFO [0m:      	                                       "'14', '15', '2', '3', '4', '5', '6', "
[92mINFO [0m:      	                                       "'7', '8', '9', '10', '11', '12', '13', "
[92mINFO [0m:      	                                       "'14', '15', '3', '4', '5', '6', '7', "
[92mINFO [0m:      	                                       "'8', '9', '10', '11', '12', '13', "
[92mINFO [0m:      	                                       "'14', '15', '4', '5', '6', '7', '8', "
[92mINFO [0m:      	                                       "'9', '10', '11', '12', '13', '14', "
[92mINFO [0m:      	                                       "'15', '5', '6', '7', '8', '9', '10', "
[92mINFO [0m:      	                                       "'11', '12', '13', '14', '15', '6', "
[92mINFO [0m:      	                                       "'7', '8', '9', '10', '11', '12', '13', "
[92mINFO [0m:      	                                       "'14', '15', '7', '8', '9', '10', '11', "
[92mINFO [0m:      	                                       "'12', '13', '14', '15', '8', '9', "
[92mINFO [0m:      	                                       "'10', '11', '12', '13', '14', '15', "
[92mINFO [0m:      	                                       "'9', '10', '11', '12', '13', '14', "
[92mINFO [0m:      	                                       "'15', '10', '11', '12', '13', '14', "
[92mINFO [0m:      	                                       "'15', '11', '12', '13', '14', '15', "
[92mINFO [0m:      	                                       "'12', '13', '14', '15', '13', '14', "
[92mINFO [0m:      	                                       "'15', '14', '15', '15']",
[92mINFO [0m:      	        'metric-dp-pairwise-distances': "['1.1416e+00', '1.1052e+00', "
[92mINFO [0m:      	                                        "'1.1533e+00', '1.1330e+00', "
[92mINFO [0m:      	                                        "'1.1201e+00', '1.0621e+00', "
[92mINFO [0m:      	                                        "'1.0244e+00', '1.1861e+00', "
[92mINFO [0m:      	                                        "'1.0856e+00', '1.0604e+00', "
[92mINFO [0m:      	                                        "'1.0822e+00', '1.1687e+00', "
[92mINFO [0m:      	                                        "'1.0243e+00', '1.1903e+00', "
[92mINFO [0m:      	                                        "'1.1222e+00', '9.9707e-01', "
[92mINFO [0m:      	                                        "'1.0507e+00', '1.0324e+00', "
[92mINFO [0m:      	                                        "'1.0066e+00', '9.4621e-01', "
[92mINFO [0m:      	                                        "'9.0812e-01', '1.0963e+00', "
[92mINFO [0m:      	                                        "'9.8748e-01', '9.5142e-01', "
[92mINFO [0m:      	                                        "'9.6835e-01', '1.0776e+00', "
[92mINFO [0m:      	                                        "'9.2035e-01', '1.0938e+00', "
[92mINFO [0m:      	                                        "'1.0155e+00', '9.9820e-01', "
[92mINFO [0m:      	                                        "'9.8826e-01', '9.6974e-01', "
[92mINFO [0m:      	                                        "'8.9006e-01', '8.4171e-01', "
[92mINFO [0m:      	                                        "'1.0463e+00', '9.2903e-01', "
[92mINFO [0m:      	                                        "'8.9665e-01', '9.1293e-01', "
[92mINFO [0m:      	                                        "'1.0292e+00', '8.5668e-01', "
[92mINFO [0m:      	                                        "'1.0556e+00', '9.7715e-01', "
[92mINFO [0m:      	                                        "'1.0311e+00', '1.0210e+00', "
[92mINFO [0m:      	                                        "'9.4939e-01', '9.0911e-01', "
[92mINFO [0m:      	                                        "'1.1086e+00', '9.9384e-01', "
[92mINFO [0m:      	                                        "'9.6093e-01', '9.7628e-01', "
[92mINFO [0m:      	                                        "'1.0936e+00', '9.2388e-01', "
[92mINFO [0m:      	                                        "'1.1073e+00', '1.0323e+00', "
[92mINFO [0m:      	                                        "'9.9612e-01', '9.4080e-01', "
[92mINFO [0m:      	                                        "'8.8449e-01', '1.0844e+00', "
[92mINFO [0m:      	                                        "'9.5962e-01', '9.3385e-01', "
[92mINFO [0m:      	                                        "'9.6204e-01', '1.0683e+00', "
[92mINFO [0m:      	                                        "'8.9964e-01', '1.0845e+00', "
[92mINFO [0m:      	                                        "'1.0075e+00', '9.1141e-01', "
[92mINFO [0m:      	                                        "'8.6654e-01', '1.0716e+00', "
[92mINFO [0m:      	                                        "'9.5772e-01', '9.1812e-01', "
[92mINFO [0m:      	                                        "'9.3044e-01', '1.0501e+00', "
[92mINFO [0m:      	                                        "'8.7974e-01', '1.0800e+00', "
[92mINFO [0m:      	                                        "'9.9910e-01', '7.7698e-01', "
[92mINFO [0m:      	                                        "'1.0047e+00', '8.7657e-01', "
[92mINFO [0m:      	                                        "'8.3989e-01', '8.5409e-01', "
[92mINFO [0m:      	                                        "'9.8701e-01', '7.9787e-01', "
[92mINFO [0m:      	                                        "'1.0096e+00', '9.1833e-01', "
[92mINFO [0m:      	                                        "'9.6405e-01', '8.2050e-01', "
[92mINFO [0m:      	                                        "'7.8383e-01', '8.1273e-01', "
[92mINFO [0m:      	                                        "'9.4509e-01', '7.3609e-01', "
[92mINFO [0m:      	                                        "'9.6173e-01', '8.8045e-01', "
[92mINFO [0m:      	                                        "'1.0334e+00', '1.0114e+00', "
[92mINFO [0m:      	                                        "'1.0202e+00', '1.1223e+00', "
[92mINFO [0m:      	                                        "'9.7781e-01', '1.1440e+00', "
[92mINFO [0m:      	                                        "'1.0709e+00', '8.7665e-01', "
[92mINFO [0m:      	                                        "'8.9561e-01', '1.0225e+00', "
[92mINFO [0m:      	                                        "'8.4080e-01', '1.0394e+00', "
[92mINFO [0m:      	                                        "'9.7423e-01', '8.7036e-01', "
[92mINFO [0m:      	                                        "'9.9950e-01', '7.9711e-01', "
[92mINFO [0m:      	                                        "'1.0136e+00', '9.2868e-01', "
[92mINFO [0m:      	                                        "'9.9827e-01', '8.2256e-01', "
[92mINFO [0m:      	                                        "'1.0378e+00', '9.4374e-01', "
[92mINFO [0m:      	                                        "'9.5411e-01', '1.1292e+00', "
[92mINFO [0m:      	                                        "'1.0624e+00', '9.7574e-01', "
[92mINFO [0m:      	                                        "'8.9657e-01', '1.0880e+00']",
[92mINFO [0m:      	        'per-client-num-examples': "['1505', '1152', '800', '1082', '1012', "
[92mINFO [0m:      	                                   "'870', '588', '376', '1435', '729', '517', "
[92mINFO [0m:      	                                   "'659', '1364', '447', '1294', '940']",
[92mINFO [0m:      	        'per-client-train_loss': "['8.2952e-02', '4.7929e-02', '4.5828e-02', "
[92mINFO [0m:      	                                 "'6.1751e-02', '4.5495e-02', '8.3534e-02', "
[92mINFO [0m:      	                                 "'4.4975e-02', '7.2276e-02', '4.1605e-02', "
[92mINFO [0m:      	                                 "'6.9694e-02', '7.5161e-02', '5.5932e-02', "
[92mINFO [0m:      	                                 "'6.1226e-02', '4.9835e-02', '6.8847e-02', "
[92mINFO [0m:      	                                 "'7.6902e-02']",
[92mINFO [0m:      	        'per-client-train_loss_mean': "['2.1559e-01', '1.8926e-01', "
[92mINFO [0m:      	                                      "'2.3267e-01', '2.2963e-01', "
[92mINFO [0m:      	                                      "'2.1497e-01', '2.2422e-01', "
[92mINFO [0m:      	                                      "'2.1615e-01', '3.4995e-01', "
[92mINFO [0m:      	                                      "'1.9262e-01', '2.5041e-01', "
[92mINFO [0m:      	                                      "'3.1334e-01', '2.4931e-01', "
[92mINFO [0m:      	                                      "'1.9083e-01', '2.9823e-01', "
[92mINFO [0m:      	                                      "'2.1692e-01', '2.3839e-01']",
[92mINFO [0m:      	        'train_loss': '6.1561e-02',
[92mINFO [0m:      	        'train_loss_mean': '2.2559e-01'}}
[92mINFO [0m:      	
[92mINFO [0m:      	Aggregated ClientApp-side Evaluate Metrics:
[92mINFO [0m:      	{ 1: { 'client-ids': "['0', '1', '2', '3', '4', '5', '6', '7', '8', '9', '10', "
[92mINFO [0m:      	                     "'11', '12', '13', '14', '15']",
[92mINFO [0m:      	       'eval_acc': '3.1532e-01',
[92mINFO [0m:      	       'eval_loss': '1.3354e+00',
[92mINFO [0m:      	       'per-client-eval_acc': "['3.4218e-01', '2.6990e-01', '3.1500e-01', "
[92mINFO [0m:      	                              "'2.8413e-01', '3.5178e-01', '3.3028e-01', "
[92mINFO [0m:      	                              "'3.0612e-01', '3.0526e-01', '3.1476e-01', "
[92mINFO [0m:      	                              "'2.8962e-01', '3.1538e-01', '3.5758e-01', "
[92mINFO [0m:      	                              "'3.0409e-01', '3.2143e-01', '3.1790e-01', "
[92mINFO [0m:      	                              "'3.2203e-01']",
[92mINFO [0m:      	       'per-client-eval_loss': "['1.3325e+00', '1.3480e+00', '1.3301e+00', "
[92mINFO [0m:      	                               "'1.3406e+00', '1.3248e+00', '1.3362e+00', "
[92mINFO [0m:      	                               "'1.3460e+00', '1.3315e+00', '1.3371e+00', "
[92mINFO [0m:      	                               "'1.3299e+00', '1.3450e+00', '1.3268e+00', "
[92mINFO [0m:      	                               "'1.3306e+00', '1.3357e+00', '1.3383e+00', "
[92mINFO [0m:      	                               "'1.3343e+00']",
[92mINFO [0m:      	       'per-client-num-examples': "['377', '289', '200', '271', '253', '218', "
[92mINFO [0m:      	                                  "'147', '95', '359', '183', '130', '165', "
[92mINFO [0m:      	                                  "'342', '112', '324', '236']"},
[92mINFO [0m:      	  2: { 'client-ids': "['0', '1', '2', '3', '4', '5', '6', '7', '8', '9', '10', "
[92mINFO [0m:      	                     "'11', '12', '13', '14', '15']",
[92mINFO [0m:      	       'eval_acc': '4.2151e-01',
[92mINFO [0m:      	       'eval_loss': '1.4012e+00',
[92mINFO [0m:      	       'per-client-eval_acc': "['4.1910e-01', '3.7716e-01', '4.0000e-01', "
[92mINFO [0m:      	                              "'4.3911e-01', '4.7036e-01', '3.9450e-01', "
[92mINFO [0m:      	                              "'3.9456e-01', '4.7368e-01', '4.3454e-01', "
[92mINFO [0m:      	                              "'4.4262e-01', '4.2308e-01', '4.0606e-01', "
[92mINFO [0m:      	                              "'4.3275e-01', '4.1071e-01', '3.9815e-01', "
[92mINFO [0m:      	                              "'4.4068e-01']",
[92mINFO [0m:      	       'per-client-eval_loss': "['1.4059e+00', '1.4868e+00', '1.4046e+00', "
[92mINFO [0m:      	                               "'1.4108e+00', '1.3279e+00', '1.4314e+00', "
[92mINFO [0m:      	                               "'1.4948e+00', '1.3627e+00', '1.3778e+00', "
[92mINFO [0m:      	                               "'1.3625e+00', '1.4185e+00', '1.3766e+00', "
[92mINFO [0m:      	                               "'1.3260e+00', '1.4110e+00', '1.4667e+00', "
[92mINFO [0m:      	                               "'1.3714e+00']",
[92mINFO [0m:      	       'per-client-num-examples': "['377', '289', '200', '271', '253', '218', "
[92mINFO [0m:      	                                  "'147', '95', '359', '183', '130', '165', "
[92mINFO [0m:      	                                  "'342', '112', '324', '236']"},
[92mINFO [0m:      	  3: { 'client-ids': "['0', '1', '2', '3', '4', '5', '6', '7', '8', '9', '10', "
[92mINFO [0m:      	                     "'11', '12', '13', '14', '15']",
[92mINFO [0m:      	       'eval_acc': '6.2091e-01',
[92mINFO [0m:      	       'eval_loss': '9.2838e-01',
[92mINFO [0m:      	       'per-client-eval_acc': "['6.3130e-01', '6.0554e-01', '6.3500e-01', "
[92mINFO [0m:      	                              "'6.1993e-01', '6.4032e-01', '6.2385e-01', "
[92mINFO [0m:      	                              "'5.9184e-01', '6.0000e-01', '6.2953e-01', "
[92mINFO [0m:      	                              "'6.4481e-01', '6.3846e-01', '5.8788e-01', "
[92mINFO [0m:      	                              "'6.1696e-01', '5.9821e-01', '5.9877e-01', "
[92mINFO [0m:      	                              "'6.4407e-01']",
[92mINFO [0m:      	       'per-client-eval_loss': "['9.4638e-01', '9.6527e-01', '9.1853e-01', "
[92mINFO [0m:      	                               "'9.3219e-01', '8.6711e-01', '9.2702e-01', "
[92mINFO [0m:      	                               "'1.0071e+00', '9.4832e-01', '9.0528e-01', "
[92mINFO [0m:      	                               "'9.0467e-01', '8.6665e-01', '9.5867e-01', "
[92mINFO [0m:      	                               "'9.0870e-01', '9.0840e-01', '9.8297e-01', "
[92mINFO [0m:      	                               "'8.9774e-01']",
[92mINFO [0m:      	       'per-client-num-examples': "['377', '289', '200', '271', '253', '218', "
[92mINFO [0m:      	                                  "'147', '95', '359', '183', '130', '165', "
[92mINFO [0m:      	                                  "'342', '112', '324', '236']"},
[92mINFO [0m:      	  4: { 'client-ids': "['0', '1', '2', '3', '4', '5', '6', '7', '8', '9', '10', "
[92mINFO [0m:      	                     "'11', '12', '13', '14', '15']",
[92mINFO [0m:      	       'eval_acc': '6.8144e-01',
[92mINFO [0m:      	       'eval_loss': '7.4953e-01',
[92mINFO [0m:      	       'per-client-eval_acc': "['6.8435e-01', '6.8512e-01', '6.9500e-01', "
[92mINFO [0m:      	                              "'6.6790e-01', '6.9170e-01', '7.0183e-01', "
[92mINFO [0m:      	                              "'6.3946e-01', '6.5263e-01', '6.6852e-01', "
[92mINFO [0m:      	                              "'6.6667e-01', '7.0000e-01', '6.9697e-01', "
[92mINFO [0m:      	                              "'6.8129e-01', '6.7857e-01', '6.7284e-01', "
[92mINFO [0m:      	                              "'7.0763e-01']",
[92mINFO [0m:      	       'per-client-eval_loss': "['7.5482e-01', '7.7134e-01', '7.4573e-01', "
[92mINFO [0m:      	                               "'7.7472e-01', '7.1053e-01', '7.3602e-01', "
[92mINFO [0m:      	                               "'8.0203e-01', '7.3161e-01', '7.5419e-01', "
[92mINFO [0m:      	                               "'7.7256e-01', '6.6116e-01', '7.0596e-01', "
[92mINFO [0m:      	                               "'8.0565e-01', '7.2008e-01', '7.8056e-01', "
[92mINFO [0m:      	                               "'6.6171e-01']",
[92mINFO [0m:      	       'per-client-num-examples': "['377', '289', '200', '271', '253', '218', "
[92mINFO [0m:      	                                  "'147', '95', '359', '183', '130', '165', "
[92mINFO [0m:      	                                  "'342', '112', '324', '236']"},
[92mINFO [0m:      	  5: { 'client-ids': "['0', '1', '2', '3', '4', '5', '6', '7', '8', '9', '10', "
[92mINFO [0m:      	                     "'11', '12', '13', '14', '15']",
[92mINFO [0m:      	       'eval_acc': '6.9846e-01',
[92mINFO [0m:      	       'eval_loss': '7.8341e-01',
[92mINFO [0m:      	       'per-client-eval_acc': "['6.9761e-01', '6.9550e-01', '6.7500e-01', "
[92mINFO [0m:      	                              "'7.0849e-01', '6.6008e-01', '6.9725e-01', "
[92mINFO [0m:      	                              "'6.5306e-01', '7.2632e-01', '6.8245e-01', "
[92mINFO [0m:      	                              "'6.7760e-01', '7.3077e-01', '6.9091e-01', "
[92mINFO [0m:      	                              "'7.2222e-01', '7.4107e-01', '6.9753e-01', "
[92mINFO [0m:      	                              "'7.4576e-01']",
[92mINFO [0m:      	       'per-client-eval_loss': "['8.1977e-01', '8.1908e-01', '8.2197e-01', "
[92mINFO [0m:      	                               "'7.5907e-01', '7.5403e-01', '7.6643e-01', "
[92mINFO [0m:      	                               "'8.5452e-01', '7.9097e-01', '7.9181e-01', "
[92mINFO [0m:      	                               "'8.1488e-01', '6.4894e-01', '8.1345e-01', "
[92mINFO [0m:      	                               "'7.4265e-01', '7.0956e-01', '8.6958e-01', "
[92mINFO [0m:      	                               "'6.6846e-01']",
[92mINFO [0m:      	       'per-client-num-examples': "['377', '289', '200', '271', '253', '218', "
[92mINFO [0m:      	                                  "'147', '95', '359', '183', '130', '165', "
[92mINFO [0m:      	                                  "'342', '112', '324', '236']"},
[92mINFO [0m:      	  6: { 'client-ids': "['0', '1', '2', '3', '4', '5', '6', '7', '8', '9', '10', "
[92mINFO [0m:      	                     "'11', '12', '13', '14', '15']",
[92mINFO [0m:      	       'eval_acc': '7.1278e-01',
[92mINFO [0m:      	       'eval_loss': '7.0676e-01',
[92mINFO [0m:      	       'per-client-eval_acc': "['7.2679e-01', '7.1280e-01', '7.2500e-01', "
[92mINFO [0m:      	                              "'7.0480e-01', '7.1146e-01', '7.2936e-01', "
[92mINFO [0m:      	                              "'6.7347e-01', '7.0526e-01', '7.2702e-01', "
[92mINFO [0m:      	                              "'6.5574e-01', '7.6154e-01', '7.2121e-01', "
[92mINFO [0m:      	                              "'7.0468e-01', '6.8750e-01', '6.8519e-01', "
[92mINFO [0m:      	                              "'7.5424e-01']",
[92mINFO [0m:      	       'per-client-eval_loss': "['7.1877e-01', '7.4919e-01', '6.7737e-01', "
[92mINFO [0m:      	                               "'6.6926e-01', '6.8667e-01', '7.0829e-01', "
[92mINFO [0m:      	                               "'8.1109e-01', '7.7936e-01', '7.2475e-01', "
[92mINFO [0m:      	                               "'7.2584e-01', '5.7635e-01', '7.1756e-01', "
[92mINFO [0m:      	                               "'6.8559e-01', '6.2875e-01', '7.8510e-01', "
[92mINFO [0m:      	                               "'6.1176e-01']",
[92mINFO [0m:      	       'per-client-num-examples': "['377', '289', '200', '271', '253', '218', "
[92mINFO [0m:      	                                  "'147', '95', '359', '183', '130', '165', "
[92mINFO [0m:      	                                  "'342', '112', '324', '236']"},
[92mINFO [0m:      	  7: { 'client-ids': "['0', '1', '2', '3', '4', '5', '6', '7', '8', '9', '10', "
[92mINFO [0m:      	                     "'11', '12', '13', '14', '15']",
[92mINFO [0m:      	       'eval_acc': '7.2440e-01',
[92mINFO [0m:      	       'eval_loss': '7.0786e-01',
[92mINFO [0m:      	       'per-client-eval_acc': "['7.3740e-01', '7.1972e-01', '6.9500e-01', "
[92mINFO [0m:      	                              "'7.1587e-01', '7.3123e-01', '7.2936e-01', "
[92mINFO [0m:      	                              "'7.3469e-01', '7.2632e-01', '7.2981e-01', "
[92mINFO [0m:      	                              "'7.0492e-01', '7.8462e-01', '6.9697e-01', "
[92mINFO [0m:      	                              "'6.9883e-01', '7.7679e-01', '7.0370e-01', "
[92mINFO [0m:      	                              "'7.5847e-01']",
[92mINFO [0m:      	       'per-client-eval_loss': "['7.0909e-01', '7.0544e-01', '7.3585e-01', "
[92mINFO [0m:      	                               "'6.8980e-01', '6.5424e-01', '6.8691e-01', "
[92mINFO [0m:      	                               "'7.9090e-01', '7.4884e-01', '7.3138e-01', "
[92mINFO [0m:      	                               "'7.1313e-01', '5.7342e-01', '7.0707e-01', "
[92mINFO [0m:      	                               "'7.8670e-01', '6.2489e-01', '7.6105e-01', "
[92mINFO [0m:      	                               "'6.0130e-01']",
[92mINFO [0m:      	       'per-client-num-examples': "['377', '289', '200', '271', '253', '218', "
[92mINFO [0m:      	                                  "'147', '95', '359', '183', '130', '165', "
[92mINFO [0m:      	                                  "'342', '112', '324', '236']"},
[92mINFO [0m:      	  8: { 'client-ids': "['0', '1', '2', '3', '4', '5', '6', '7', '8', '9', '10', "
[92mINFO [0m:      	                     "'11', '12', '13', '14', '15']",
[92mINFO [0m:      	       'eval_acc': '6.9927e-01',
[92mINFO [0m:      	       'eval_loss': '8.8107e-01',
[92mINFO [0m:      	       'per-client-eval_acc': "['7.2944e-01', '7.0934e-01', '7.0500e-01', "
[92mINFO [0m:      	                              "'7.1587e-01', '6.9960e-01', '6.7431e-01', "
[92mINFO [0m:      	                              "'6.8027e-01', '6.3158e-01', '6.9359e-01', "
[92mINFO [0m:      	                              "'6.7760e-01', '7.8462e-01', '6.5455e-01', "
[92mINFO [0m:      	                              "'6.7836e-01', '7.1429e-01', '7.0062e-01', "
[92mINFO [0m:      	                              "'7.0763e-01']",
[92mINFO [0m:      	       'per-client-eval_loss': "['8.6562e-01', '8.4082e-01', '8.9008e-01', "
[92mINFO [0m:      	                               "'9.0538e-01', '8.1838e-01', '8.6746e-01', "
[92mINFO [0m:      	                               "'1.0110e+00', '9.2118e-01', '1.0340e+00', "
[92mINFO [0m:      	                               "'9.1791e-01', '6.7060e-01', '9.8429e-01', "
[92mINFO [0m:      	                               "'9.4370e-01', '7.1649e-01', '8.0073e-01', "
[92mINFO [0m:      	                               "'7.8242e-01']",
[92mINFO [0m:      	       'per-client-num-examples': "['377', '289', '200', '271', '253', '218', "
[92mINFO [0m:      	                                  "'147', '95', '359', '183', '130', '165', "
[92mINFO [0m:      	                                  "'342', '112', '324', '236']"},
[92mINFO [0m:      	  9: { 'client-ids': "['0', '1', '2', '3', '4', '5', '6', '7', '8', '9', '10', "
[92mINFO [0m:      	                     "'11', '12', '13', '14', '15']",
[92mINFO [0m:      	       'eval_acc': '7.6250e-01',
[92mINFO [0m:      	       'eval_loss': '6.7072e-01',
[92mINFO [0m:      	       'per-client-eval_acc': "['7.6127e-01', '7.5433e-01', '7.7500e-01', "
[92mINFO [0m:      	                              "'7.4908e-01', '7.7470e-01', '7.7064e-01', "
[92mINFO [0m:      	                              "'7.5510e-01', '7.5789e-01', '7.5487e-01', "
[92mINFO [0m:      	                              "'7.4863e-01', '7.6154e-01', '7.0303e-01', "
[92mINFO [0m:      	                              "'7.7778e-01', '8.1250e-01', '7.6543e-01', "
[92mINFO [0m:      	                              "'7.7966e-01']",
[92mINFO [0m:      	       'per-client-eval_loss': "['6.7537e-01', '6.6249e-01', '6.5763e-01', "
[92mINFO [0m:      	                               "'6.5984e-01', '5.9903e-01', '6.7620e-01', "
[92mINFO [0m:      	                               "'7.6632e-01', '7.3368e-01', '7.2787e-01', "
[92mINFO [0m:      	                               "'6.9716e-01', '5.5982e-01', '8.1078e-01', "
[92mINFO [0m:      	                               "'6.4108e-01', '4.7257e-01', '7.3384e-01', "
[92mINFO [0m:      	                               "'5.8987e-01']",
[92mINFO [0m:      	       'per-client-num-examples': "['377', '289', '200', '271', '253', '218', "
[92mINFO [0m:      	                                  "'147', '95', '359', '183', '130', '165', "
[92mINFO [0m:      	                                  "'342', '112', '324', '236']"},
[92mINFO [0m:      	  10: { 'client-ids': "['0', '1', '2', '3', '4', '5', '6', '7', '8', '9', "
[92mINFO [0m:      	                      "'10', '11', '12', '13', '14', '15']",
[92mINFO [0m:      	        'eval_acc': '6.4469e-01',
[92mINFO [0m:      	        'eval_loss': '1.3025e+00',
[92mINFO [0m:      	        'per-client-eval_acc': "['6.1008e-01', '6.1246e-01', '6.2000e-01', "
[92mINFO [0m:      	                               "'6.6421e-01', '6.7194e-01', '6.7431e-01', "
[92mINFO [0m:      	                               "'5.5102e-01', '6.5263e-01', '6.4345e-01', "
[92mINFO [0m:      	                               "'6.9399e-01', '6.2308e-01', '6.4242e-01', "
[92mINFO [0m:      	                               "'6.6959e-01', '6.9643e-01', '6.2346e-01', "
[92mINFO [0m:      	                               "'6.8220e-01']",
[92mINFO [0m:      	        'per-client-eval_loss': "['1.3452e+00', '1.4871e+00', '1.4181e+00', "
[92mINFO [0m:      	                                "'1.1324e+00', '1.2882e+00', '1.2074e+00', "
[92mINFO [0m:      	                                "'1.5801e+00', '1.3019e+00', '1.2577e+00', "
[92mINFO [0m:      	                                "'1.2825e+00', '1.1524e+00', '1.3394e+00', "
[92mINFO [0m:      	                                "'1.1802e+00', '1.2685e+00', '1.4902e+00', "
[92mINFO [0m:      	                                "'1.1115e+00']",
[92mINFO [0m:      	        'per-client-num-examples': "['377', '289', '200', '271', '253', '218', "
[92mINFO [0m:      	                                   "'147', '95', '359', '183', '130', '165', "
[92mINFO [0m:      	                                   "'342', '112', '324', '236']"},
[92mINFO [0m:      	  11: { 'client-ids': "['0', '1', '2', '3', '4', '5', '6', '7', '8', '9', "
[92mINFO [0m:      	                      "'10', '11', '12', '13', '14', '15']",
[92mINFO [0m:      	        'eval_acc': '7.3872e-01',
[92mINFO [0m:      	        'eval_loss': '7.5266e-01',
[92mINFO [0m:      	        'per-client-eval_acc': "['7.4536e-01', '7.1280e-01', '7.5500e-01', "
[92mINFO [0m:      	                               "'7.6384e-01', '7.6285e-01', '7.3394e-01', "
[92mINFO [0m:      	                               "'7.0068e-01', '7.0526e-01', '7.4652e-01', "
[92mINFO [0m:      	                               "'7.0492e-01', '7.6923e-01', '7.0909e-01', "
[92mINFO [0m:      	                               "'7.3977e-01', '8.1250e-01', '6.9136e-01', "
[92mINFO [0m:      	                               "'7.7966e-01']",
[92mINFO [0m:      	        'per-client-eval_loss': "['8.3041e-01', '7.8280e-01', '6.9882e-01', "
[92mINFO [0m:      	                                "'7.0337e-01', '6.5974e-01', '8.0874e-01', "
[92mINFO [0m:      	                                "'9.7358e-01', '7.7933e-01', '7.7080e-01', "
[92mINFO [0m:      	                                "'8.1379e-01', '6.5027e-01', '8.6677e-01', "
[92mINFO [0m:      	                                "'7.2640e-01', '5.3426e-01', '7.8440e-01', "
[92mINFO [0m:      	                                "'5.9303e-01']",
[92mINFO [0m:      	        'per-client-num-examples': "['377', '289', '200', '271', '253', '218', "
[92mINFO [0m:      	                                   "'147', '95', '359', '183', '130', '165', "
[92mINFO [0m:      	                                   "'342', '112', '324', '236']"},
[92mINFO [0m:      	  12: { 'client-ids': "['0', '1', '2', '3', '4', '5', '6', '7', '8', '9', "
[92mINFO [0m:      	                      "'10', '11', '12', '13', '14', '15']",
[92mINFO [0m:      	        'eval_acc': '7.3332e-01',
[92mINFO [0m:      	        'eval_loss': '9.4458e-01',
[92mINFO [0m:      	        'per-client-eval_acc': "['7.3475e-01', '6.9550e-01', '7.5000e-01', "
[92mINFO [0m:      	                               "'7.5277e-01', '7.4704e-01', '7.2477e-01', "
[92mINFO [0m:      	                               "'7.0748e-01', '6.9474e-01', '6.9638e-01', "
[92mINFO [0m:      	                               "'7.2678e-01', '8.0769e-01', '7.2121e-01', "
[92mINFO [0m:      	                               "'7.3684e-01', '8.2143e-01', '7.2531e-01', "
[92mINFO [0m:      	                               "'7.5847e-01']",
[92mINFO [0m:      	        'per-client-eval_loss': "['9.2573e-01', '1.1308e+00', '9.6404e-01', "
[92mINFO [0m:      	                                "'9.1099e-01', '8.4175e-01', '9.0824e-01', "
[92mINFO [0m:      	                                "'1.1886e+00', '9.9519e-01', '1.1083e+00', "
[92mINFO [0m:      	                                "'1.0513e+00', '7.0306e-01', '9.6246e-01', "
[92mINFO [0m:      	                                "'9.2672e-01', '6.1471e-01', '9.2919e-01', "
[92mINFO [0m:      	                                "'7.3251e-01']",
[92mINFO [0m:      	        'per-client-num-examples': "['377', '289', '200', '271', '253', '218', "
[92mINFO [0m:      	                                   "'147', '95', '359', '183', '130', '165', "
[92mINFO [0m:      	                                   "'342', '112', '324', '236']"},
[92mINFO [0m:      	  13: { 'client-ids': "['0', '1', '2', '3', '4', '5', '6', '7', '8', '9', "
[92mINFO [0m:      	                      "'10', '11', '12', '13', '14', '15']",
[92mINFO [0m:      	        'eval_acc': '7.5412e-01',
[92mINFO [0m:      	        'eval_loss': '7.6459e-01',
[92mINFO [0m:      	        'per-client-eval_acc': "['7.6658e-01', '7.2664e-01', '7.7000e-01', "
[92mINFO [0m:      	                               "'7.7860e-01', '7.6680e-01', '7.2936e-01', "
[92mINFO [0m:      	                               "'6.9388e-01', '7.8947e-01', '7.5766e-01', "
[92mINFO [0m:      	                               "'7.5956e-01', '7.6923e-01', '7.3333e-01', "
[92mINFO [0m:      	                               "'7.8070e-01', '7.9464e-01', '6.9136e-01', "
[92mINFO [0m:      	                               "'7.8390e-01']",
[92mINFO [0m:      	        'per-client-eval_loss': "['7.4284e-01', '8.8581e-01', '7.3029e-01', "
[92mINFO [0m:      	                                "'6.3487e-01', '7.1617e-01', '7.8233e-01', "
[92mINFO [0m:      	                                "'1.0041e+00', '7.7886e-01', '7.4093e-01', "
[92mINFO [0m:      	                                "'7.2968e-01', '6.5965e-01', '7.4032e-01', "
[92mINFO [0m:      	                                "'8.2171e-01', '5.3818e-01', '9.4058e-01', "
[92mINFO [0m:      	                                "'6.3040e-01']",
[92mINFO [0m:      	        'per-client-num-examples': "['377', '289', '200', '271', '253', '218', "
[92mINFO [0m:      	                                   "'147', '95', '359', '183', '130', '165', "
[92mINFO [0m:      	                                   "'342', '112', '324', '236']"},
[92mINFO [0m:      	  14: { 'client-ids': "['0', '1', '2', '3', '4', '5', '6', '7', '8', '9', "
[92mINFO [0m:      	                      "'10', '11', '12', '13', '14', '15']",
[92mINFO [0m:      	        'eval_acc': '7.7087e-01',
[92mINFO [0m:      	        'eval_loss': '7.5322e-01',
[92mINFO [0m:      	        'per-client-eval_acc': "['7.6393e-01', '7.6125e-01', '7.8000e-01', "
[92mINFO [0m:      	                               "'7.7491e-01', '7.8656e-01', '7.7064e-01', "
[92mINFO [0m:      	                               "'7.5510e-01', '7.2632e-01', '7.8273e-01', "
[92mINFO [0m:      	                               "'7.4863e-01', '8.0769e-01', '7.5152e-01', "
[92mINFO [0m:      	                               "'7.5731e-01', '8.4821e-01', '7.4383e-01', "
[92mINFO [0m:      	                               "'8.0508e-01']",
[92mINFO [0m:      	        'per-client-eval_loss': "['7.7954e-01', '8.1375e-01', '6.8438e-01', "
[92mINFO [0m:      	                                "'7.2436e-01', '5.9277e-01', '7.2684e-01', "
[92mINFO [0m:      	                                "'8.7956e-01', '9.0213e-01', '7.9169e-01', "
[92mINFO [0m:      	                                "'8.8865e-01', '5.3668e-01', '7.8020e-01', "
[92mINFO [0m:      	                                "'8.1287e-01', '5.1079e-01', '8.9771e-01', "
[92mINFO [0m:      	                                "'5.5333e-01']",
[92mINFO [0m:      	        'per-client-num-examples': "['377', '289', '200', '271', '253', '218', "
[92mINFO [0m:      	                                   "'147', '95', '359', '183', '130', '165', "
[92mINFO [0m:      	                                   "'342', '112', '324', '236']"},
[92mINFO [0m:      	  15: { 'client-ids': "['0', '1', '2', '3', '4', '5', '6', '7', '8', '9', "
[92mINFO [0m:      	                      "'10', '11', '12', '13', '14', '15']",
[92mINFO [0m:      	        'eval_acc': '7.6466e-01',
[92mINFO [0m:      	        'eval_loss': '8.1618e-01',
[92mINFO [0m:      	        'per-client-eval_acc': "['7.4271e-01', '7.4740e-01', '7.5000e-01', "
[92mINFO [0m:      	                               "'8.0443e-01', '7.6680e-01', '7.4771e-01', "
[92mINFO [0m:      	                               "'7.6190e-01', '7.1579e-01', '7.9109e-01', "
[92mINFO [0m:      	                               "'7.3770e-01', '8.0000e-01', '7.3939e-01', "
[92mINFO [0m:      	                               "'7.7778e-01', '8.4821e-01', '7.2531e-01', "
[92mINFO [0m:      	                               "'7.9661e-01']",
[92mINFO [0m:      	        'per-client-eval_loss': "['8.1654e-01', '9.2216e-01', '7.6699e-01', "
[92mINFO [0m:      	                                "'7.3314e-01', '6.9674e-01', '8.7624e-01', "
[92mINFO [0m:      	                                "'9.0047e-01', '8.4174e-01', '7.6451e-01', "
[92mINFO [0m:      	                                "'9.1409e-01', '6.7494e-01', '8.8387e-01', "
[92mINFO [0m:      	                                "'8.7323e-01', '5.6851e-01', '9.9363e-01', "
[92mINFO [0m:      	                                "'6.5697e-01']",
[92mINFO [0m:      	        'per-client-num-examples': "['377', '289', '200', '271', '253', '218', "
[92mINFO [0m:      	                                   "'147', '95', '359', '183', '130', '165', "
[92mINFO [0m:      	                                   "'342', '112', '324', '236']"},
[92mINFO [0m:      	  16: { 'client-ids': "['0', '1', '2', '3', '4', '5', '6', '7', '8', '9', "
[92mINFO [0m:      	                      "'10', '11', '12', '13', '14', '15']",
[92mINFO [0m:      	        'eval_acc': '7.4628e-01',
[92mINFO [0m:      	        'eval_loss': '8.8579e-01',
[92mINFO [0m:      	        'per-client-eval_acc': "['7.3210e-01', '7.5433e-01', '7.4000e-01', "
[92mINFO [0m:      	                               "'7.6015e-01', '7.7866e-01', '7.2018e-01', "
[92mINFO [0m:      	                               "'7.5510e-01', '6.9474e-01', '7.6045e-01', "
[92mINFO [0m:      	                               "'7.2678e-01', '7.8462e-01', '7.0909e-01', "
[92mINFO [0m:      	                               "'7.6608e-01', '7.9464e-01', '7.0988e-01', "
[92mINFO [0m:      	                               "'7.5000e-01']",
[92mINFO [0m:      	        'per-client-eval_loss': "['9.7133e-01', '8.9682e-01', '7.9737e-01', "
[92mINFO [0m:      	                                "'8.1203e-01', '7.5137e-01', '1.0430e+00', "
[92mINFO [0m:      	                                "'9.8775e-01', '9.8008e-01', '8.9716e-01', "
[92mINFO [0m:      	                                "'9.5973e-01', '6.8048e-01', '9.3280e-01', "
[92mINFO [0m:      	                                "'8.3570e-01', '6.1109e-01', '1.0258e+00', "
[92mINFO [0m:      	                                "'8.0892e-01']",
[92mINFO [0m:      	        'per-client-num-examples': "['377', '289', '200', '271', '253', '218', "
[92mINFO [0m:      	                                   "'147', '95', '359', '183', '130', '165', "
[92mINFO [0m:      	                                   "'342', '112', '324', '236']"},
[92mINFO [0m:      	  17: { 'client-ids': "['0', '1', '2', '3', '4', '5', '6', '7', '8', '9', "
[92mINFO [0m:      	                      "'10', '11', '12', '13', '14', '15']",
[92mINFO [0m:      	        'eval_acc': '7.2116e-01',
[92mINFO [0m:      	        'eval_loss': '1.0344e+00',
[92mINFO [0m:      	        'per-client-eval_acc': "['7.0557e-01', '7.0588e-01', '7.2500e-01', "
[92mINFO [0m:      	                               "'7.1587e-01', '7.3123e-01', '7.0183e-01', "
[92mINFO [0m:      	                               "'6.8027e-01', '7.1579e-01', '7.2423e-01', "
[92mINFO [0m:      	                               "'7.2131e-01', '7.8462e-01', '6.9091e-01', "
[92mINFO [0m:      	                               "'7.1637e-01', '7.9464e-01', '7.3457e-01', "
[92mINFO [0m:      	                               "'7.3729e-01']",
[92mINFO [0m:      	        'per-client-eval_loss': "['1.0943e+00', '1.1093e+00', '1.0443e+00', "
[92mINFO [0m:      	                                "'9.6520e-01', '9.3161e-01', '1.0513e+00', "
[92mINFO [0m:      	                                "'1.1774e+00', '9.5422e-01', '1.0927e+00', "
[92mINFO [0m:      	                                "'1.1819e+00', '8.3046e-01', '1.0446e+00', "
[92mINFO [0m:      	                                "'1.0928e+00', '6.5955e-01', '1.0168e+00', "
[92mINFO [0m:      	                                "'9.7543e-01']",
[92mINFO [0m:      	        'per-client-num-examples': "['377', '289', '200', '271', '253', '218', "
[92mINFO [0m:      	                                   "'147', '95', '359', '183', '130', '165', "
[92mINFO [0m:      	                                   "'342', '112', '324', '236']"},
[92mINFO [0m:      	  18: { 'client-ids': "['0', '1', '2', '3', '4', '5', '6', '7', '8', '9', "
[92mINFO [0m:      	                      "'10', '11', '12', '13', '14', '15']",
[92mINFO [0m:      	        'eval_acc': '7.5979e-01',
[92mINFO [0m:      	        'eval_loss': '7.6437e-01',
[92mINFO [0m:      	        'per-client-eval_acc': "['7.4536e-01', '7.1972e-01', '7.7500e-01', "
[92mINFO [0m:      	                               "'7.8967e-01', '7.8656e-01', '7.6147e-01', "
[92mINFO [0m:      	                               "'7.2789e-01', '7.4737e-01', '7.7437e-01', "
[92mINFO [0m:      	                               "'7.2678e-01', '7.8462e-01', '7.4545e-01', "
[92mINFO [0m:      	                               "'7.4269e-01', '8.1250e-01', '7.5617e-01', "
[92mINFO [0m:      	                               "'7.8390e-01']",
[92mINFO [0m:      	        'per-client-eval_loss': "['8.6951e-01', '8.7288e-01', '6.6713e-01', "
[92mINFO [0m:      	                                "'7.4345e-01', '6.6886e-01', '6.8384e-01', "
[92mINFO [0m:      	                                "'9.7279e-01', '7.6440e-01', '7.3527e-01', "
[92mINFO [0m:      	                                "'7.4738e-01', '6.1006e-01', '5.8531e-01', "
[92mINFO [0m:      	                                "'8.9481e-01', '5.6429e-01', '9.1721e-01', "
[92mINFO [0m:      	                                "'5.8061e-01']",
[92mINFO [0m:      	        'per-client-num-examples': "['377', '289', '200', '271', '253', '218', "
[92mINFO [0m:      	                                   "'147', '95', '359', '183', '130', '165', "
[92mINFO [0m:      	                                   "'342', '112', '324', '236']"},
[92mINFO [0m:      	  19: { 'client-ids': "['0', '1', '2', '3', '4', '5', '6', '7', '8', '9', "
[92mINFO [0m:      	                      "'10', '11', '12', '13', '14', '15']",
[92mINFO [0m:      	        'eval_acc': '7.4601e-01',
[92mINFO [0m:      	        'eval_loss': '8.4196e-01',
[92mINFO [0m:      	        'per-client-eval_acc': "['7.5597e-01', '7.4048e-01', '7.6500e-01', "
[92mINFO [0m:      	                               "'7.6753e-01', '7.2332e-01', '7.1101e-01', "
[92mINFO [0m:      	                               "'7.2109e-01', '6.9474e-01', '7.6602e-01', "
[92mINFO [0m:      	                               "'7.1585e-01', '7.6923e-01', '7.6970e-01', "
[92mINFO [0m:      	                               "'7.5146e-01', '8.0357e-01', '7.0370e-01', "
[92mINFO [0m:      	                               "'7.7542e-01']",
[92mINFO [0m:      	        'per-client-eval_loss': "['8.0574e-01', '8.8462e-01', '7.9123e-01', "
[92mINFO [0m:      	                                "'7.8887e-01', '7.5521e-01', '9.3928e-01', "
[92mINFO [0m:      	                                "'1.0250e+00', '9.2486e-01', '8.1501e-01', "
[92mINFO [0m:      	                                "'9.2464e-01', '7.4168e-01', '7.2656e-01', "
[92mINFO [0m:      	                                "'8.4335e-01', '7.4374e-01', '1.0391e+00', "
[92mINFO [0m:      	                                "'6.9393e-01']",
[92mINFO [0m:      	        'per-client-num-examples': "['377', '289', '200', '271', '253', '218', "
[92mINFO [0m:      	                                   "'147', '95', '359', '183', '130', '165', "
[92mINFO [0m:      	                                   "'342', '112', '324', '236']"},
[92mINFO [0m:      	  20: { 'client-ids': "['0', '1', '2', '3', '4', '5', '6', '7', '8', '9', "
[92mINFO [0m:      	                      "'10', '11', '12', '13', '14', '15']",
[92mINFO [0m:      	        'eval_acc': '7.4061e-01',
[92mINFO [0m:      	        'eval_loss': '9.3418e-01',
[92mINFO [0m:      	        'per-client-eval_acc': "['7.5066e-01', '7.3010e-01', '7.5500e-01', "
[92mINFO [0m:      	                               "'7.3432e-01', '7.9842e-01', '7.2018e-01', "
[92mINFO [0m:      	                               "'7.4150e-01', '6.7368e-01', '7.1866e-01', "
[92mINFO [0m:      	                               "'7.5410e-01', '7.6923e-01', '7.4545e-01', "
[92mINFO [0m:      	                               "'7.2807e-01', '7.6786e-01', '7.3765e-01', "
[92mINFO [0m:      	                               "'7.2881e-01']",
[92mINFO [0m:      	        'per-client-eval_loss': "['9.2292e-01', '9.5138e-01', '9.4810e-01', "
[92mINFO [0m:      	                                "'9.7210e-01', '7.4457e-01', '9.5222e-01', "
[92mINFO [0m:      	                                "'1.0516e+00', '1.1427e+00', '9.8921e-01', "
[92mINFO [0m:      	                                "'1.0362e+00', '8.2235e-01', '8.9492e-01', "
[92mINFO [0m:      	                                "'1.0568e+00', '7.0707e-01', '8.6127e-01', "
[92mINFO [0m:      	                                "'8.6172e-01']",
[92mINFO [0m:      	        'per-client-num-examples': "['377', '289', '200', '271', '253', '218', "
[92mINFO [0m:      	                                   "'147', '95', '359', '183', '130', '165', "
[92mINFO [0m:      	                                   "'342', '112', '324', '236']"}}
[92mINFO [0m:      	
[92mINFO [0m:      	ServerApp-side Evaluate Metrics:
[92mINFO [0m:      	{ 0: { 'accuracy': '2.5000e-01',
[92mINFO [0m:      	       'auc': '5.1965e-01',
[92mINFO [0m:      	       'f1': '1.0000e-01',
[92mINFO [0m:      	       'loss': '1.3895e+00',
[92mINFO [0m:      	       'precision': '6.2500e-02'},
[92mINFO [0m:      	  1: { 'accuracy': '3.0300e-01',
[92mINFO [0m:      	       'auc': '6.4381e-01',
[92mINFO [0m:      	       'f1': '2.0343e-01',
[92mINFO [0m:      	       'loss': '1.3344e+00',
[92mINFO [0m:      	       'precision': '3.7464e-01'},
[92mINFO [0m:      	  2: { 'accuracy': '4.2850e-01',
[92mINFO [0m:      	       'auc': '6.7046e-01',
[92mINFO [0m:      	       'f1': '3.3676e-01',
[92mINFO [0m:      	       'loss': '1.4053e+00',
[92mINFO [0m:      	       'precision': '5.5886e-01'},
[92mINFO [0m:      	  3: { 'accuracy': '6.3650e-01',
[92mINFO [0m:      	       'auc': '8.5685e-01',
[92mINFO [0m:      	       'f1': '6.2568e-01',
[92mINFO [0m:      	       'loss': '9.1263e-01',
[92mINFO [0m:      	       'precision': '6.7090e-01'},
[92mINFO [0m:      	  4: { 'accuracy': '7.0600e-01',
[92mINFO [0m:      	       'auc': '9.1423e-01',
[92mINFO [0m:      	       'f1': '6.9703e-01',
[92mINFO [0m:      	       'loss': '7.0489e-01',
[92mINFO [0m:      	       'precision': '7.1691e-01'},
[92mINFO [0m:      	  5: { 'accuracy': '7.1650e-01',
[92mINFO [0m:      	       'auc': '9.0431e-01',
[92mINFO [0m:      	       'f1': '7.1091e-01',
[92mINFO [0m:      	       'loss': '7.5146e-01',
[92mINFO [0m:      	       'precision': '7.2280e-01'},
[92mINFO [0m:      	  6: { 'accuracy': '7.1650e-01',
[92mINFO [0m:      	       'auc': '9.1906e-01',
[92mINFO [0m:      	       'f1': '7.0953e-01',
[92mINFO [0m:      	       'loss': '6.8824e-01',
[92mINFO [0m:      	       'precision': '7.4028e-01'},
[92mINFO [0m:      	  7: { 'accuracy': '7.3800e-01',
[92mINFO [0m:      	       'auc': '9.2915e-01',
[92mINFO [0m:      	       'f1': '7.2570e-01',
[92mINFO [0m:      	       'loss': '6.6591e-01',
[92mINFO [0m:      	       'precision': '7.6735e-01'},
[92mINFO [0m:      	  8: { 'accuracy': '7.1550e-01',
[92mINFO [0m:      	       'auc': '9.0831e-01',
[92mINFO [0m:      	       'f1': '7.1812e-01',
[92mINFO [0m:      	       'loss': '8.3210e-01',
[92mINFO [0m:      	       'precision': '7.6617e-01'},
[92mINFO [0m:      	  9: { 'accuracy': '7.6000e-01',
[92mINFO [0m:      	       'auc': '9.3777e-01',
[92mINFO [0m:      	       'f1': '7.5739e-01',
[92mINFO [0m:      	       'loss': '6.5455e-01',
[92mINFO [0m:      	       'precision': '7.6191e-01'},
[92mINFO [0m:      	  10: { 'accuracy': '6.6550e-01',
[92mINFO [0m:      	        'auc': '8.6671e-01',
[92mINFO [0m:      	        'f1': '6.4994e-01',
[92mINFO [0m:      	        'loss': '1.2315e+00',
[92mINFO [0m:      	        'precision': '7.0996e-01'},
[92mINFO [0m:      	  11: { 'accuracy': '7.3700e-01',
[92mINFO [0m:      	        'auc': '9.2709e-01',
[92mINFO [0m:      	        'f1': '7.2961e-01',
[92mINFO [0m:      	        'loss': '7.4167e-01',
[92mINFO [0m:      	        'precision': '7.4772e-01'},
[92mINFO [0m:      	  12: { 'accuracy': '7.2700e-01',
[92mINFO [0m:      	        'auc': '9.1647e-01',
[92mINFO [0m:      	        'f1': '7.2955e-01',
[92mINFO [0m:      	        'loss': '9.3037e-01',
[92mINFO [0m:      	        'precision': '7.5674e-01'},
[92mINFO [0m:      	  13: { 'accuracy': '7.6700e-01',
[92mINFO [0m:      	        'auc': '9.3534e-01',
[92mINFO [0m:      	        'f1': '7.6530e-01',
[92mINFO [0m:      	        'loss': '7.4381e-01',
[92mINFO [0m:      	        'precision': '7.7682e-01'},
[92mINFO [0m:      	  14: { 'accuracy': '7.8200e-01',
[92mINFO [0m:      	        'auc': '9.4064e-01',
[92mINFO [0m:      	        'f1': '7.8115e-01',
[92mINFO [0m:      	        'loss': '7.0601e-01',
[92mINFO [0m:      	        'precision': '7.8373e-01'},
[92mINFO [0m:      	  15: { 'accuracy': '7.7400e-01',
[92mINFO [0m:      	        'auc': '9.3342e-01',
[92mINFO [0m:      	        'f1': '7.6967e-01',
[92mINFO [0m:      	        'loss': '7.8267e-01',
[92mINFO [0m:      	        'precision': '7.7756e-01'},
[92mINFO [0m:      	  16: { 'accuracy': '7.5300e-01',
[92mINFO [0m:      	        'auc': '9.2617e-01',
[92mINFO [0m:      	        'f1': '7.4896e-01',
[92mINFO [0m:      	        'loss': '8.6724e-01',
[92mINFO [0m:      	        'precision': '7.5945e-01'},
[92mINFO [0m:      	  17: { 'accuracy': '7.0650e-01',
[92mINFO [0m:      	        'auc': '9.0958e-01',
[92mINFO [0m:      	        'f1': '7.0779e-01',
[92mINFO [0m:      	        'loss': '1.0273e+00',
[92mINFO [0m:      	        'precision': '7.4795e-01'},
[92mINFO [0m:      	  18: { 'accuracy': '7.7500e-01',
[92mINFO [0m:      	        'auc': '9.4116e-01',
[92mINFO [0m:      	        'f1': '7.7608e-01',
[92mINFO [0m:      	        'loss': '7.1727e-01',
[92mINFO [0m:      	        'precision': '7.8349e-01'},
[92mINFO [0m:      	  19: { 'accuracy': '7.5300e-01',
[92mINFO [0m:      	        'auc': '9.3324e-01',
[92mINFO [0m:      	        'f1': '7.5037e-01',
[92mINFO [0m:      	        'loss': '7.9935e-01',
[92mINFO [0m:      	        'precision': '7.6496e-01'},
[92mINFO [0m:      	  20: { 'accuracy': '7.4350e-01',
[92mINFO [0m:      	        'auc': '9.2342e-01',
[92mINFO [0m:      	        'f1': '7.4423e-01',
[92mINFO [0m:      	        'loss': '9.0941e-01',
[92mINFO [0m:      	        'precision': '7.5843e-01'}}
[92mINFO [0m:      
Round 1 checkpoint written to /content/metricdp-pytorch/results/planned_runs/cifar/full/out-replace/clients-16/seed-42/ratio-0p00625/runs/cifar-full-out-replace__non-iid__metric-privacy__fedavg__clients-16__seed-42__nm0p1__clip5__rounds-20__epochs-5__cifar_chunks__cifar10_cnn.round-1.pt
Round 2 checkpoint written to /content/metricdp-pytorch/results/planned_runs/cifar/full/out-replace/clients-16/seed-42/ratio-0p00625/runs/cifar-full-out-replace__non-iid__metric-privacy__fedavg__clients-16__seed-42__nm0p1__clip5__rounds-20__epochs-5__cifar_chunks__cifar10_cnn.round-2.pt
Round 3 checkpoint written to /content/metricdp-pytorch/results/planned_runs/cifar/full/out-replace/clients-16/seed-42/ratio-0p00625/runs/cifar-full-out-replace__non-iid__metric-privacy__fedavg__clients-16__seed-42__nm0p1__clip5__rounds-20__epochs-5__cifar_chunks__cifar10_cnn.round-3.pt
Round 4 checkpoint written to /content/metricdp-pytorch/results/planned_runs/cifar/full/out-replace/clients-16/seed-42/ratio-0p00625/runs/cifar-full-out-replace__non-iid__metric-privacy__fedavg__clients-16__seed-42__nm0p1__clip5__rounds-20__epochs-5__cifar_chunks__cifar10_cnn.round-4.pt
Round 5 checkpoint written to /content/metricdp-pytorch/results/planned_runs/cifar/full/out-replace/clients-16/seed-42/ratio-0p00625/runs/cifar-full-out-replace__non-iid__metric-privacy__fedavg__clients-16__seed-42__nm0p1__clip5__rounds-20__epochs-5__cifar_chunks__cifar10_cnn.round-5.pt
Round 6 checkpoint written to /content/metricdp-pytorch/results/planned_runs/cifar/full/out-replace/clients-16/seed-42/ratio-0p00625/runs/cifar-full-out-replace__non-iid__metric-privacy__fedavg__clients-16__seed-42__nm0p1__clip5__rounds-20__epochs-5__cifar_chunks__cifar10_cnn.round-6.pt
Round 7 checkpoint written to /content/metricdp-pytorch/results/planned_runs/cifar/full/out-replace/clients-16/seed-42/ratio-0p00625/runs/cifar-full-out-replace__non-iid__metric-privacy__fedavg__clients-16__seed-42__nm0p1__clip5__rounds-20__epochs-5__cifar_chunks__cifar10_cnn.round-7.pt
Round 8 checkpoint written to /content/metricdp-pytorch/results/planned_runs/cifar/full/out-replace/clients-16/seed-42/ratio-0p00625/runs/cifar-full-out-replace__non-iid__metric-privacy__fedavg__clients-16__seed-42__nm0p1__clip5__rounds-20__epochs-5__cifar_chunks__cifar10_cnn.round-8.pt
Round 9 checkpoint written to /content/metricdp-pytorch/results/planned_runs/cifar/full/out-replace/clients-16/seed-42/ratio-0p00625/runs/cifar-full-out-replace__non-iid__metric-privacy__fedavg__clients-16__seed-42__nm0p1__clip5__rounds-20__epochs-5__cifar_chunks__cifar10_cnn.round-9.pt
Round 10 checkpoint written to /content/metricdp-pytorch/results/planned_runs/cifar/full/out-replace/clients-16/seed-42/ratio-0p00625/runs/cifar-full-out-replace__non-iid__metric-privacy__fedavg__clients-16__seed-42__nm0p1__clip5__rounds-20__epochs-5__cifar_chunks__cifar10_cnn.round-10.pt
Round 11 checkpoint written to /content/metricdp-pytorch/results/planned_runs/cifar/full/out-replace/clients-16/seed-42/ratio-0p00625/runs/cifar-full-out-replace__non-iid__metric-privacy__fedavg__clients-16__seed-42__nm0p1__clip5__rounds-20__epochs-5__cifar_chunks__cifar10_cnn.round-11.pt
Round 12 checkpoint written to /content/metricdp-pytorch/results/planned_runs/cifar/full/out-replace/clients-16/seed-42/ratio-0p00625/runs/cifar-full-out-replace__non-iid__metric-privacy__fedavg__clients-16__seed-42__nm0p1__clip5__rounds-20__epochs-5__cifar_chunks__cifar10_cnn.round-12.pt
Round 13 checkpoint written to /content/metricdp-pytorch/results/planned_runs/cifar/full/out-replace/clients-16/seed-42/ratio-0p00625/runs/cifar-full-out-replace__non-iid__metric-privacy__fedavg__clients-16__seed-42__nm0p1__clip5__rounds-20__epochs-5__cifar_chunks__cifar10_cnn.round-13.pt
Round 14 checkpoint written to /content/metricdp-pytorch/results/planned_runs/cifar/full/out-replace/clients-16/seed-42/ratio-0p00625/runs/cifar-full-out-replace__non-iid__metric-privacy__fedavg__clients-16__seed-42__nm0p1__clip5__rounds-20__epochs-5__cifar_chunks__cifar10_cnn.round-14.pt
Round 15 checkpoint written to /content/metricdp-pytorch/results/planned_runs/cifar/full/out-replace/clients-16/seed-42/ratio-0p00625/runs/cifar-full-out-replace__non-iid__metric-privacy__fedavg__clients-16__seed-42__nm0p1__clip5__rounds-20__epochs-5__cifar_chunks__cifar10_cnn.round-15.pt
Round 16 checkpoint written to /content/metricdp-pytorch/results/planned_runs/cifar/full/out-replace/clients-16/seed-42/ratio-0p00625/runs/cifar-full-out-replace__non-iid__metric-privacy__fedavg__clients-16__seed-42__nm0p1__clip5__rounds-20__epochs-5__cifar_chunks__cifar10_cnn.round-16.pt
Round 17 checkpoint written to /content/metricdp-pytorch/results/planned_runs/cifar/full/out-replace/clients-16/seed-42/ratio-0p00625/runs/cifar-full-out-replace__non-iid__metric-privacy__fedavg__clients-16__seed-42__nm0p1__clip5__rounds-20__epochs-5__cifar_chunks__cifar10_cnn.round-17.pt
Round 18 checkpoint written to /content/metricdp-pytorch/results/planned_runs/cifar/full/out-replace/clients-16/seed-42/ratio-0p00625/runs/cifar-full-out-replace__non-iid__metric-privacy__fedavg__clients-16__seed-42__nm0p1__clip5__rounds-20__epochs-5__cifar_chunks__cifar10_cnn.round-18.pt
Round 19 checkpoint written to /content/metricdp-pytorch/results/planned_runs/cifar/full/out-replace/clients-16/seed-42/ratio-0p00625/runs/cifar-full-out-replace__non-iid__metric-privacy__fedavg__clients-16__seed-42__nm0p1__clip5__rounds-20__epochs-5__cifar_chunks__cifar10_cnn.round-19.pt
Round 20 checkpoint written to /content/metricdp-pytorch/results/planned_runs/cifar/full/out-replace/clients-16/seed-42/ratio-0p00625/runs/cifar-full-out-replace__non-iid__metric-privacy__fedavg__clients-16__seed-42__nm0p1__clip5__rounds-20__epochs-5__cifar_chunks__cifar10_cnn.round-20.pt
Experiment result written to /content/metricdp-pytorch/results/planned_runs/cifar/full/out-replace/clients-16/seed-42/ratio-0p00625/runs/cifar-full-out-replace__non-iid__metric-privacy__fedavg__clients-16__seed-42__nm0p1__clip5__rounds-20__epochs-5__cifar_chunks__cifar10_cnn.json
/usr/lib/python3.12/multiprocessing/popen_fork.py:66: DeprecationWarning: This process (pid=13275) is multi-threaded, use of fork() may lead to deadlocks in the child.
  self.pid = os.fork()
[36m(ClientAppActor pid=14046)[0m /usr/lib/python3.12/multiprocessing/popen_fork.py:66: DeprecationWarning: This process (pid=14046) is multi-threaded, use of fork() may lead to deadlocks in the child.[32m [repeated 7x across cluster][0m
[36m(ClientAppActor pid=14046)[0m   self.pid = os.fork()[32m [repeated 7x across cluster][0m
Detailed evaluation written to /content/metricdp-pytorch/results/planned_runs/cifar/full/out-replace/clients-16/seed-42/ratio-0p00625/runs/cifar-full-out-replace__non-iid__metric-privacy__fedavg__clients-16__seed-42__nm0p1__clip5__rounds-20__epochs-5__cifar_chunks__cifar10_cnn.evaluation.json and /content/metricdp-pytorch/results/planned_runs/cifar/full/out-replace/clients-16/seed-42/ratio-0p00625/runs/cifar-full-out-replace__non-iid__metric-privacy__fedavg__clients-16__seed-42__nm0p1__clip5__rounds-20__epochs-5__cifar_chunks__cifar10_cnn.predictions.npz
Result: /content/metricdp-pytorch/results/planned_runs/cifar/full/out-replace/clients-16/seed-42/ratio-0p00625/runs/cifar-full-out-replace__non-iid__metric-privacy__fedavg__clients-16__seed-42__nm0p1__clip5__rounds-20__epochs-5__cifar_chunks__cifar10_cnn.json
Final server metrics: {'loss': 0.9094123044013978, 'accuracy': 0.7435, 'f1': 0.7442332013355074, 'precision': 0.7584311765988786, 'auc': 0.9234215}
2026-08-05 21:00:17 DONE  cifar-full-out-replace__non-iid__metric-privacy__fedavg__clients-16__seed-42__nm0p1__clip5__rounds-20__epochs-5__cifar_chunks__cifar10_cnn (344.5s)
2026-08-05 21:00:21 EVALUATED cifar-full-out-replace__non-iid__metric-privacy__fedavg__clients-16__seed-42__nm0p1__clip5__rounds-20__epochs-5__cifar_chunks__cifar10_cnn round=1 (checkpoint deleted)
2026-08-05 21:00:26 EVALUATED cifar-full-out-replace__non-iid__metric-privacy__fedavg__clients-16__seed-42__nm0p1__clip5__rounds-20__epochs-5__cifar_chunks__cifar10_cnn round=2 (checkpoint deleted)
2026-08-05 21:00:30 EVALUATED cifar-full-out-replace__non-iid__metric-privacy__fedavg__clients-16__seed-42__nm0p1__clip5__rounds-20__epochs-5__cifar_chunks__cifar10_cnn round=3 (checkpoint deleted)
2026-08-05 21:00:34 EVALUATED cifar-full-out-replace__non-iid__metric-privacy__fedavg__clients-16__seed-42__nm0p1__clip5__rounds-20__epochs-5__cifar_chunks__cifar10_cnn round=4 (checkpoint deleted)
2026-08-05 21:00:38 EVALUATED cifar-full-out-replace__non-iid__metric-privacy__fedavg__clients-16__seed-42__nm0p1__clip5__rounds-20__epochs-5__cifar_chunks__cifar10_cnn round=5 (checkpoint deleted)
2026-08-05 21:00:43 EVALUATED cifar-full-out-replace__non-iid__metric-privacy__fedavg__clients-16__seed-42__nm0p1__clip5__rounds-20__epochs-5__cifar_chunks__cifar10_cnn round=6 (checkpoint deleted)
2026-08-05 21:00:47 EVALUATED cifar-full-out-replace__non-iid__metric-privacy__fedavg__clients-16__seed-42__nm0p1__clip5__rounds-20__epochs-5__cifar_chunks__cifar10_cnn round=7 (checkpoint deleted)
2026-08-05 21:00:51 EVALUATED cifar-full-out-replace__non-iid__metric-privacy__fedavg__clients-16__seed-42__nm0p1__clip5__rounds-20__epochs-5__cifar_chunks__cifar10_cnn round=8 (checkpoint deleted)
2026-08-05 21:00:56 EVALUATED cifar-full-out-replace__non-iid__metric-privacy__fedavg__clients-16__seed-42__nm0p1__clip5__rounds-20__epochs-5__cifar_chunks__cifar10_cnn round=9 (checkpoint deleted)
2026-08-05 21:01:00 EVALUATED cifar-full-out-replace__non-iid__metric-privacy__fedavg__clients-16__seed-42__nm0p1__clip5__rounds-20__epochs-5__cifar_chunks__cifar10_cnn round=10 (checkpoint deleted)
2026-08-05 21:01:04 EVALUATED cifar-full-out-replace__non-iid__metric-privacy__fedavg__clients-16__seed-42__nm0p1__clip5__rounds-20__epochs-5__cifar_chunks__cifar10_cnn round=11 (checkpoint deleted)
2026-08-05 21:01:08 EVALUATED cifar-full-out-replace__non-iid__metric-privacy__fedavg__clients-16__seed-42__nm0p1__clip5__rounds-20__epochs-5__cifar_chunks__cifar10_cnn round=12 (checkpoint deleted)
2026-08-05 21:01:13 EVALUATED cifar-full-out-replace__non-iid__metric-privacy__fedavg__clients-16__seed-42__nm0p1__clip5__rounds-20__epochs-5__cifar_chunks__cifar10_cnn round=13 (checkpoint deleted)
2026-08-05 21:01:17 EVALUATED cifar-full-out-replace__non-iid__metric-privacy__fedavg__clients-16__seed-42__nm0p1__clip5__rounds-20__epochs-5__cifar_chunks__cifar10_cnn round=14 (checkpoint deleted)
2026-08-05 21:01:21 EVALUATED cifar-full-out-replace__non-iid__metric-privacy__fedavg__clients-16__seed-42__nm0p1__clip5__rounds-20__epochs-5__cifar_chunks__cifar10_cnn round=15 (checkpoint deleted)
2026-08-05 21:01:25 EVALUATED cifar-full-out-replace__non-iid__metric-privacy__fedavg__clients-16__seed-42__nm0p1__clip5__rounds-20__epochs-5__cifar_chunks__cifar10_cnn round=16 (checkpoint deleted)
2026-08-05 21:01:30 EVALUATED cifar-full-out-replace__non-iid__metric-privacy__fedavg__clients-16__seed-42__nm0p1__clip5__rounds-20__epochs-5__cifar_chunks__cifar10_cnn round=17 (checkpoint deleted)
2026-08-05 21:01:34 EVALUATED cifar-full-out-replace__non-iid__metric-privacy__fedavg__clients-16__seed-42__nm0p1__clip5__rounds-20__epochs-5__cifar_chunks__cifar10_cnn round=18 (checkpoint deleted)
2026-08-05 21:01:38 EVALUATED cifar-full-out-replace__non-iid__metric-privacy__fedavg__clients-16__seed-42__nm0p1__clip5__rounds-20__epochs-5__cifar_chunks__cifar10_cnn round=19 (checkpoint deleted)
2026-08-05 21:01:42 EVALUATED cifar-full-out-replace__non-iid__metric-privacy__fedavg__clients-16__seed-42__nm0p1__clip5__rounds-20__epochs-5__cifar_chunks__cifar10_cnn round=20 (checkpoint deleted)
2026-08-05 21:01:42 PROGRESS 2/2 (0 failed so far)
2026-08-05 21:01:42 Sweep finished: 2/2 attempted, 0 failed
