2026-08-20 13:13:03 CIFAR-10 removal CIA chunk (metric-privacy, clients=8, alpha=3.0, noise_ratio=0.0025): 2 trajectories
2026-08-20 13:13:03 START cifar10-in-remove__dirichlet__alpha-3__metric-privacy__fedavg__clients-8__seed-42__nm0p02__clip5__rounds-20__epochs-5__cifar10_dirichlet__cifar10_cnn 
{
  "partition-mode": "dirichlet",
  "partition-profile": "auto",
  "client-weights": "",
  "dirichlet-alpha": 3.0,
  "data-module": "experiments.cia.scripts.cifar10_dirichlet:create_in_remove",
  "model-module": "experiments.reproduce.cifar10_cnn:create_model",
  "data-cache-dir": "",
  "privacy": "metric-privacy",
  "aggregation": "fedavg",
  "seed": 42,
  "num-server-rounds": 20,
  "num-clients": 8,
  "fraction-evaluate": 1.0,
  "local-epochs": 5,
  "learning-rate": 0.001,
  "weight-decay": 0.0,
  "lr-schedule": "none",
  "batch-size": 32,
  "initialization-batch-size": 32,
  "initialization-epochs": 20,
  "initialization-learning-rate": 0.001,
  "max-client-samples": 0,
  "max-test-samples": 0,
  "noise-multiplier": 0.02,
  "clipping-norm": 5.0,
  "output-dir": "/content/metricdp-pytorch/results/dirichlet/cifar10/8_clients/alpha-3__metric-privacy__in-remove-out-remove__seeds-42__noise-0p0025",
  "run-name": "cifar10-in-remove__dirichlet__alpha-3__metric-privacy__fedavg__clients-8__seed-42__nm0p02__clip5__rounds-20__epochs-5__cifar10_dirichlet__cifar10_cnn",
  "save-model": false,
  "checkpoint-rounds": [
    1,
    2,
    3,
    4,
    5,
    6,
    7,
    8,
    9,
    10,
    11,
    12,
    13,
    14,
    15,
    16,
    17,
    18,
    19,
    20
  ]
}
2026-08-20 13:13:07.990572: I tensorflow/core/util/port.cc:153] oneDNN custom operations are on. You may see slightly different numerical results due to floating-point round-off errors from different computation orders. To turn them off, set the environment variable `TF_ENABLE_ONEDNN_OPTS=0`.
2026-08-20 13:13:08.059795: I tensorflow/core/platform/cpu_feature_guard.cc:210] This TensorFlow binary is optimized to use available CPU instructions in performance-critical operations.
To enable the following instructions: AVX2 AVX512F AVX512_VNNI FMA, in other operations, rebuild TensorFlow with the appropriate compiler flags.
[93mWARNING [0m:   DEPRECATED FEATURE: The `run_simulation` function is deprecated and will be removed in a future version of Flower. Please use `flwr run` in the CLI instead to run your simulation. Refer to the Flower Tutorials for more details: https://flower.ai/docs/framework/tutorial-quickstart-pytorch.html

            This is a deprecated feature. It will be removed
            entirely in future versions of Flower.
        
Warning: You are sending unauthenticated requests to the HF Hub. Please set a HF_TOKEN to enable higher rate limits and faster downloads.
Generating train split:   0%|          | 0/50000 [00:00<?, ? examples/s]Generating train split:  27%|██▋       | 13700/50000 [00:00<00:00, 135339.01 examples/s]Generating train split:  71%|███████   | 35600/50000 [00:00<00:00, 184147.52 examples/s]Generating train split: 100%|██████████| 50000/50000 [00:00<00:00, 191647.45 examples/s]
Generating test split:   0%|          | 0/10000 [00:00<?, ? examples/s]Generating test split: 100%|██████████| 10000/10000 [00:00<00:00, 216778.94 examples/s]
[92mINFO [0m:      Starting MetricPrivacyServerSideFixedClipping strategy:
[92mINFO [0m:      	├── Number of rounds: 20
[92mINFO [0m:      	├── ArrayRecord (1.39 MB)
[92mINFO [0m:      	├── ConfigRecord (train): {'lr': 0.001}
[92mINFO [0m:      	├── ConfigRecord (evaluate): (empty!)
[92mINFO [0m:      	├──> Metric-aware DP settings:
[92mINFO [0m:      	│	├── Base noise multiplier: 0.02
[92mINFO [0m:      	│	└── Clipping norm: 5.0
[92mINFO [0m:      	├──> Sampling:
[92mINFO [0m:      	│	├──Fraction: train (1.00) | evaluate ( 1.00)
[92mINFO [0m:      	│	├──Minimum nodes: train (8) | evaluate (8)
[92mINFO [0m:      	│	└──Minimum available nodes: 8
[92mINFO [0m:      	└──> Keys in records:
[92mINFO [0m:      		├── Weighted by: 'num-examples'
[92mINFO [0m:      		├── ArrayRecord key: 'arrays'
[92mINFO [0m:      		└── ConfigRecord key: 'config'
[92mINFO [0m:      
/usr/local/lib/python3.12/dist-packages/ray/_private/worker.py:2051: FutureWarning: Tip: In future versions of Ray, Ray will no longer override accelerator visible devices env var if num_gpus=0 or num_gpus=None (default). To enable this behavior and turn off this error message, set RAY_ACCEL_ENV_VAR_OVERRIDE_ON_ZERO=0
  warnings.warn(
[92mINFO [0m:      Initial global evaluation results: {'loss': 2.3041488525390625, 'accuracy': 0.1, 'f1': 0.01818181818181818, 'precision': 0.01, 'auc': 0.5009089266666666, 'diverged': 0.0}
[92mINFO [0m:      
[92mINFO [0m:      [ROUND 1/20]
[92mINFO [0m:      configure_train: Sampled 8 nodes (out of 8)
[36m(ClientAppActor pid=2549)[0m Using the latest cached version of the dataset since uoft-cs/cifar10 couldn't be found on the Hugging Face Hub (offline mode is enabled).
[36m(ClientAppActor pid=2549)[0m Found the latest cached dataset configuration 'plain_text' at /root/.cache/huggingface/datasets/uoft-cs___cifar10/plain_text/0.0.0/0b2714987fa478483af9968de7c934580d0bb9a2 (last modified on Thu Aug 20 13:13:23 2026).
[92mINFO [0m:      aggregate_train: pairwise model distance -- max=3.214238 mean=2.942368 median=2.985038 count=28
[92mINFO [0m:      aggregate_train: Received 8 results and 0 failures
[92mINFO [0m:      aggregate_fit: parameters are clipped by value: 5.0000.
[92mINFO [0m:      aggregate_fit: parameters are clipped by value: 5.0000.
[92mINFO [0m:      aggregate_fit: parameters are clipped by value: 5.0000.
[92mINFO [0m:      aggregate_fit: parameters are clipped by value: 5.0000.
[92mINFO [0m:      aggregate_fit: parameters are clipped by value: 5.0000.
[92mINFO [0m:      aggregate_fit: parameters are clipped by value: 5.0000.
[92mINFO [0m:      aggregate_fit: parameters are clipped by value: 5.0000.
[92mINFO [0m:      aggregate_fit: parameters are clipped by value: 5.0000.
[92mINFO [0m:      aggregate_train: Received 8 results and 0 failures
[92mINFO [0m:      aggregate_train: metric-aware noise with 0.003889 stdev added
[92mINFO [0m:      	└──> Aggregated MetricRecord: {'train_loss': 1.5046264305679125, 'train_loss_mean': 1.7618273080556182, 'client-ids': [0, 1, 2, 3, 4, 5, 6, 7], 'per-client-num-examples': [5682, 5585, 5909, 5701, 4276, 3508, 5000, 4336], 'per-client-train_loss': [1.4985055760655845, 1.5090009993063944, 1.4678769793319186, 1.4321590667021022, 1.5788036701944634, 1.6261479245624086, 1.4543845651626588, 1.5388436185477845], 'per-client-train_loss_mean': [1.7789100533092328, 1.8163590643378167, 1.7246763639874536, 1.6877438469155588, 1.8066559388327534, 1.8284044182286976, 1.7208453849029541, 1.7664215449477474], 'dp-client-ids': [0, 1, 2, 3, 4, 5, 6, 7], 'dp-update-norms-before-clipping': [13.290730790593702, 14.234999186519614, 13.45500946182081, 14.133323758840236, 11.672729099498671, 9.912934458025774, 12.745291106811305, 12.221480120643015], 'dp-client-clipped': [1, 1, 1, 1, 1, 1, 1, 1], 'dp-num-clients-clipped': 8, 'dp-fraction-clipped': 1.0, 'metric-dp-distance-min': 2.518093951046467, 'metric-dp-distance-median': 2.9850383857265115, 'metric-dp-distance-mean': 2.9423681834623934, 'metric-dp-distance-count': 28, 'metric-dp-distance': 3.2142375049491725, 'metric-dp-distance-invalid': 0.0, 'metric-dp-pairwise-distances': [3.1037407144904137, 3.0621876679360867, 3.1195830466846624, 2.9312235663334527, 2.6989029509325824, 3.092586126178503, 2.9693985929091773, 3.2142375049491725, 3.2063689356048903, 3.043432604521513, 2.841020692139864, 3.1517703402787447, 3.0006781785438457, 3.12352155148983, 2.9070386278132596, 2.743626855313778, 3.0925652695198855, 2.9058638202647367, 3.0016903889675937, 2.738470303515593, 3.1067475515107312, 3.037035133689642, 2.518093951046467, 2.8678267734746137, 2.8049173709005117, 2.6805249775449433, 2.5855740482608476, 2.8376815921316543], 'metric-dp-pairwise-client-i': [0, 0, 0, 0, 0, 0, 0, 1, 1, 1, 1, 1, 1, 2, 2, 2, 2, 2, 3, 3, 3, 3, 4, 4, 4, 5, 5, 6], 'metric-dp-pairwise-client-j': [1, 2, 3, 4, 5, 6, 7, 2, 3, 4, 5, 6, 7, 3, 4, 5, 6, 7, 4, 5, 6, 7, 5, 6, 7, 6, 7, 7], 'metric-dp-aggregation-collapsed': 0.0, 'dp-signal-update-norm': 2.097849256078071, 'dp-parameter-count': 364426, 'dp-expected-noise-l2-norm': 2.347668245807047, 'dp-noise-to-signal-ratio': 1.1190833845688286, 'dp-noise-percent-of-signal': 111.90833845688286, 'metric-dp-noise-stdv': 0.003888947217109168}
[92mINFO [0m:      configure_evaluate: Sampled 8 nodes (out of 8)
[92mINFO [0m:      aggregate_evaluate: Received 8 results and 0 failures
[92mINFO [0m:      	└──> Aggregated MetricRecord: {'eval_loss': 2.3023615756249836, 'eval_acc': 0.0998700389883035, 'client-ids': [0, 1, 2, 3, 4, 5, 6, 7], 'per-client-eval_acc': [0.2076002814919071, 0.11596277738010022, 0.05277401894451962, 0.05399719495091164, 0.050514499532273154, 0.09578107183580388, 0.0744, 0.14377880184331798], 'per-client-eval_loss': [2.2965110453982156, 2.3079985698462386, 2.3065021163878487, 2.3050309351082436, 2.3089489968052748, 2.296596337887145, 2.300766189956665, 2.2936250677855883], 'per-client-num-examples': [1421, 1397, 1478, 1426, 1069, 877, 1250, 1085]}
[92mINFO [0m:      Global evaluation
[92mINFO [0m:      	└──> MetricRecord: {'loss': 2.3023253211975097, 'accuracy': 0.1, 'f1': 0.01818181818181818, 'precision': 0.01, 'auc': 0.5235223066666668, 'diverged': 0.0}
[92mINFO [0m:      
[92mINFO [0m:      [ROUND 2/20]
[92mINFO [0m:      configure_train: Sampled 8 nodes (out of 8)
[92mINFO [0m:      aggregate_train: pairwise model distance -- max=2.733137 mean=2.511853 median=2.518114 count=28
[92mINFO [0m:      aggregate_train: Received 8 results and 0 failures
[92mINFO [0m:      aggregate_fit: parameters are clipped by value: 5.0000.
[92mINFO [0m:      aggregate_fit: parameters are clipped by value: 5.0000.
[92mINFO [0m:      aggregate_fit: parameters are clipped by value: 5.0000.
[92mINFO [0m:      aggregate_fit: parameters are clipped by value: 5.0000.
[92mINFO [0m:      aggregate_fit: parameters are clipped by value: 5.0000.
[92mINFO [0m:      aggregate_fit: parameters are clipped by value: 5.0000.
[92mINFO [0m:      aggregate_fit: parameters are clipped by value: 5.0000.
[92mINFO [0m:      aggregate_fit: parameters are clipped by value: 5.0000.
[92mINFO [0m:      aggregate_train: Received 8 results and 0 failures
[92mINFO [0m:      aggregate_train: metric-aware noise with 0.004573 stdev added
[92mINFO [0m:      	└──> Aggregated MetricRecord: {'train_loss': 1.3798241672341334, 'train_loss_mean': 1.5922206938977592, 'client-ids': [0, 1, 2, 3, 4, 5, 6, 7], 'per-client-num-examples': [5682, 5585, 5909, 5701, 4276, 3508, 5000, 4336], 'per-client-train_loss': [1.3972423153417037, 1.39217396168807, 1.3381693197559597, 1.3139224962024725, 1.4365070778371243, 1.4292464155699536, 1.3439460372924805, 1.4299952183262448], 'per-client-train_loss_mean': [1.6003625290111017, 1.6154869981524982, 1.5565329876299496, 1.5443553240356518, 1.633075161466429, 1.6395289205770809, 1.5523496323394776, 1.630564618902453], 'dp-client-ids': [0, 1, 2, 3, 4, 5, 6, 7], 'dp-update-norms-before-clipping': [13.64402373718319, 14.120818604759394, 14.763028578921, 13.979968675285162, 11.942533311553, 11.629870107245658, 13.139007651787706, 12.437161080554882], 'dp-client-clipped': [1, 1, 1, 1, 1, 1, 1, 1], 'dp-num-clients-clipped': 8, 'dp-fraction-clipped': 1.0, 'metric-dp-distance-min': 2.2587008845681944, 'metric-dp-distance-median': 2.518113922948639, 'metric-dp-distance-mean': 2.5118529739390523, 'metric-dp-distance-count': 28, 'metric-dp-distance': 2.7331370431929827, 'metric-dp-distance-invalid': 0.0, 'metric-dp-pairwise-distances': [2.613951119283835, 2.7197073120623827, 2.632859174783031, 2.4842528769125543, 2.4701110490908227, 2.6203800483296313, 2.516608658557137, 2.7331370431929827, 2.628784030675888, 2.445690600822369, 2.5385560303305588, 2.610750339925289, 2.4144611867765584, 2.635399372627338, 2.5196191873401403, 2.5834941181043782, 2.6352457565565905, 2.576057573159536, 2.5070599485188723, 2.3385992186764875, 2.583578135818243, 2.50637700719138, 2.2587008845681944, 2.3992994458725057, 2.3738069689522185, 2.3283183158685765, 2.322668639322122, 2.3344092269738517], 'metric-dp-pairwise-client-i': [0, 0, 0, 0, 0, 0, 0, 1, 1, 1, 1, 1, 1, 2, 2, 2, 2, 2, 3, 3, 3, 3, 4, 4, 4, 5, 5, 6], 'metric-dp-pairwise-client-j': [1, 2, 3, 4, 5, 6, 7, 2, 3, 4, 5, 6, 7, 3, 4, 5, 6, 7, 4, 5, 6, 7, 5, 6, 7, 6, 7, 7], 'metric-dp-aggregation-collapsed': 0.0, 'dp-signal-update-norm': 3.083910131556142, 'dp-parameter-count': 364426, 'dp-expected-noise-l2-norm': 2.760916560567224, 'dp-noise-to-signal-ratio': 0.8952649210870697, 'dp-noise-percent-of-signal': 89.52649210870696, 'metric-dp-noise-stdv': 0.004573499170534419}
[92mINFO [0m:      configure_evaluate: Sampled 8 nodes (out of 8)
[92mINFO [0m:      aggregate_evaluate: Received 8 results and 0 failures
[92mINFO [0m:      	└──> Aggregated MetricRecord: {'eval_loss': 2.2272815743911316, 'eval_acc': 0.17684694591622513, 'client-ids': [0, 1, 2, 3, 4, 5, 6, 7], 'per-client-eval_acc': [0.2582688247712878, 0.16964924838940587, 0.15764546684709066, 0.18092566619915848, 0.10851262862488306, 0.19954389965792474, 0.1224, 0.2119815668202765], 'per-client-eval_loss': [2.2196756774988247, 2.2378947067533805, 2.2267827639237794, 2.222283565312582, 2.235321612309027, 2.2201601656975742, 2.232279508590698, 2.22290285875171], 'per-client-num-examples': [1421, 1397, 1478, 1426, 1069, 877, 1250, 1085]}
[92mINFO [0m:      Global evaluation
[92mINFO [0m:      	└──> MetricRecord: {'loss': 2.226028038406372, 'accuracy': 0.1744, 'f1': 0.09099981410879197, 'precision': 0.1442891286319609, 'auc': 0.7282139044444444, 'diverged': 0.0}
[92mINFO [0m:      
[92mINFO [0m:      [ROUND 3/20]
[92mINFO [0m:      configure_train: Sampled 8 nodes (out of 8)
[92mINFO [0m:      aggregate_train: pairwise model distance -- max=2.245685 mean=2.012487 median=2.012060 count=28
[92mINFO [0m:      aggregate_train: Received 8 results and 0 failures
[92mINFO [0m:      aggregate_fit: parameters are clipped by value: 5.0000.
[92mINFO [0m:      aggregate_fit: parameters are clipped by value: 5.0000.
[92mINFO [0m:      aggregate_fit: parameters are clipped by value: 5.0000.
[92mINFO [0m:      aggregate_fit: parameters are clipped by value: 5.0000.
[92mINFO [0m:      aggregate_fit: parameters are clipped by value: 5.0000.
[92mINFO [0m:      aggregate_fit: parameters are clipped by value: 5.0000.
[92mINFO [0m:      aggregate_fit: parameters are clipped by value: 5.0000.
[92mINFO [0m:      aggregate_fit: parameters are clipped by value: 5.0000.
[92mINFO [0m:      aggregate_train: Received 8 results and 0 failures
[92mINFO [0m:      aggregate_train: metric-aware noise with 0.005566 stdev added
[92mINFO [0m:      	└──> Aggregated MetricRecord: {'train_loss': 1.2425594089586895, 'train_loss_mean': 1.4093213107535716, 'client-ids': [0, 1, 2, 3, 4, 5, 6, 7], 'per-client-num-examples': [5682, 5585, 5909, 5701, 4276, 3508, 5000, 4336], 'per-client-train_loss': [1.2569040913096787, 1.2709405944938625, 1.176744440986251, 1.1826817179129765, 1.2715449895225361, 1.2630705098061905, 1.2547729804992676, 1.296361257229344], 'per-client-train_loss_mean': [1.4282725497686877, 1.4489272224038652, 1.3598980476860671, 1.351718537220096, 1.4485367991748093, 1.4148178936002462, 1.403381257095337, 1.4402918697723162], 'dp-client-ids': [0, 1, 2, 3, 4, 5, 6, 7], 'dp-update-norms-before-clipping': [12.877679634360119, 13.182765238711513, 13.963933475803369, 13.54375203584176, 11.458433546882963, 10.48115424579265, 11.967577093382292, 11.574964471367101], 'dp-client-clipped': [1, 1, 1, 1, 1, 1, 1, 1], 'dp-num-clients-clipped': 8, 'dp-fraction-clipped': 1.0, 'metric-dp-distance-min': 1.753138362430036, 'metric-dp-distance-median': 2.012060282751918, 'metric-dp-distance-mean': 2.012487202494716, 'metric-dp-distance-count': 28, 'metric-dp-distance': 2.2456846982240677, 'metric-dp-distance-invalid': 0.0, 'metric-dp-pairwise-distances': [2.0345205506309867, 2.2093888024489083, 2.1660970070709786, 2.0029238959153495, 1.9630336159219344, 2.074852528050542, 1.9904915122315288, 2.2246112190186977, 2.1575218169018626, 2.007951537768046, 2.008091011395057, 2.0436517825971046, 2.0122665595263243, 2.2456846982240677, 2.0118540059775114, 2.072584850092729, 2.074821646014849, 2.0061282590031624, 2.0977974186340966, 1.948973326322933, 2.0524495278174677, 2.0787023889521756, 1.8014605464413762, 1.8640349168951313, 1.8350843333949645, 1.753138362430036, 1.7832092273359497, 1.8283163228382666], 'metric-dp-pairwise-client-i': [0, 0, 0, 0, 0, 0, 0, 1, 1, 1, 1, 1, 1, 2, 2, 2, 2, 2, 3, 3, 3, 3, 4, 4, 4, 5, 5, 6], 'metric-dp-pairwise-client-j': [1, 2, 3, 4, 5, 6, 7, 2, 3, 4, 5, 6, 7, 3, 4, 5, 6, 7, 4, 5, 6, 7, 5, 6, 7, 6, 7, 7], 'metric-dp-aggregation-collapsed': 0.0, 'dp-signal-update-norm': 3.636196996040186, 'dp-parameter-count': 364426, 'dp-expected-noise-l2-norm': 3.3602060568960286, 'dp-noise-to-signal-ratio': 0.9240990134899977, 'dp-noise-percent-of-signal': 92.40990134899977, 'metric-dp-noise-stdv': 0.005566231096415828}
[92mINFO [0m:      configure_evaluate: Sampled 8 nodes (out of 8)
[92mINFO [0m:      aggregate_evaluate: Received 8 results and 0 failures
[92mINFO [0m:      	└──> Aggregated MetricRecord: {'eval_loss': 1.9815112882574282, 'eval_acc': 0.3337998600419874, 'client-ids': [0, 1, 2, 3, 4, 5, 6, 7], 'per-client-eval_acc': [0.36875439831104856, 0.31496062992125984, 0.2976995940460081, 0.4032258064516129, 0.225444340505145, 0.38198403648802737, 0.3168, 0.3576036866359447], 'per-client-eval_loss': [1.9762531779837558, 2.0085514262478608, 1.9676661420416928, 1.9443393402313618, 2.009811272902172, 1.970781837385084, 1.9986641918182373, 1.9823250590381534], 'per-client-num-examples': [1421, 1397, 1478, 1426, 1069, 877, 1250, 1085]}
[92mINFO [0m:      Global evaluation
[92mINFO [0m:      	└──> MetricRecord: {'loss': 1.9746221883773805, 'accuracy': 0.3388, 'f1': 0.3077275428572272, 'precision': 0.48519553255783715, 'auc': 0.8290582555555555, 'diverged': 0.0}
[92mINFO [0m:      
[92mINFO [0m:      [ROUND 4/20]
[92mINFO [0m:      configure_train: Sampled 8 nodes (out of 8)
[92mINFO [0m:      aggregate_train: pairwise model distance -- max=2.103356 mean=1.938118 median=1.964962 count=28
[92mINFO [0m:      aggregate_train: Received 8 results and 0 failures
[92mINFO [0m:      aggregate_fit: parameters are clipped by value: 5.0000.
[92mINFO [0m:      aggregate_fit: parameters are clipped by value: 5.0000.
[92mINFO [0m:      aggregate_fit: parameters are clipped by value: 5.0000.
[92mINFO [0m:      aggregate_fit: parameters are clipped by value: 5.0000.
[92mINFO [0m:      aggregate_fit: parameters are clipped by value: 5.0000.
[92mINFO [0m:      aggregate_fit: parameters are clipped by value: 5.0000.
[92mINFO [0m:      aggregate_fit: parameters are clipped by value: 5.0000.
[92mINFO [0m:      aggregate_fit: parameters are clipped by value: 5.0000.
[92mINFO [0m:      aggregate_train: Received 8 results and 0 failures
[92mINFO [0m:      aggregate_train: metric-aware noise with 0.005943 stdev added
[92mINFO [0m:      	└──> Aggregated MetricRecord: {'train_loss': 1.1065108305597782, 'train_loss_mean': 1.2682281219312799, 'client-ids': [0, 1, 2, 3, 4, 5, 6, 7], 'per-client-num-examples': [5682, 5585, 5909, 5701, 4276, 3508, 5000, 4336], 'per-client-train_loss': [1.139768480646153, 1.1247053395026265, 1.051800585737243, 1.0571571830447735, 1.1225746963713301, 1.133189644481872, 1.1111620889663696, 1.136152670832138], 'per-client-train_loss_mean': [1.293301174158951, 1.3055732623785867, 1.2257998450836527, 1.217202872118392, 1.2741186385069974, 1.2857370154479755, 1.2646115041351318, 1.2963738752907052], 'dp-client-ids': [0, 1, 2, 3, 4, 5, 6, 7], 'dp-update-norms-before-clipping': [12.517326731688067, 12.493174605737172, 12.659047883142561, 12.53426011505102, 10.433862686115404, 9.418522600234038, 11.439892989515942, 10.99577414305256], 'dp-client-clipped': [1, 1, 1, 1, 1, 1, 1, 1], 'dp-num-clients-clipped': 8, 'dp-fraction-clipped': 1.0, 'metric-dp-distance-min': 1.705730580103894, 'metric-dp-distance-median': 1.9649617575729885, 'metric-dp-distance-mean': 1.9381182194532207, 'metric-dp-distance-count': 28, 'metric-dp-distance': 2.1033562269682684, 'metric-dp-distance-invalid': 0.0, 'metric-dp-pairwise-distances': [2.0172893228009343, 2.0905198343098164, 2.1033562269682684, 1.9643422964339454, 1.914039113248388, 2.0171441895266375, 1.9940934479236603, 2.049049668634931, 2.0781488896658025, 1.9251093436032534, 1.9054968959341447, 1.9783372671032946, 1.9602282081420224, 2.089643470632533, 1.8487650956958532, 1.903001597461601, 1.9655812187120318, 1.9848699203381936, 1.9694302060330908, 1.8435537998254101, 2.00222237346073, 1.9830133604506652, 1.705730580103894, 1.8191621887187164, 1.797977124651273, 1.7297904004032414, 1.7536776087557275, 1.8737364951521158], 'metric-dp-pairwise-client-i': [0, 0, 0, 0, 0, 0, 0, 1, 1, 1, 1, 1, 1, 2, 2, 2, 2, 2, 3, 3, 3, 3, 4, 4, 4, 5, 5, 6], 'metric-dp-pairwise-client-j': [1, 2, 3, 4, 5, 6, 7, 2, 3, 4, 5, 6, 7, 3, 4, 5, 6, 7, 4, 5, 6, 7, 5, 6, 7, 6, 7, 7], 'metric-dp-aggregation-collapsed': 0.0, 'dp-signal-update-norm': 3.4944262935582997, 'dp-parameter-count': 364426, 'dp-expected-noise-l2-norm': 3.5875821832271506, 'dp-noise-to-signal-ratio': 1.0266584216815724, 'dp-noise-percent-of-signal': 102.66584216815723, 'metric-dp-noise-stdv': 0.0059428830170233345}
[92mINFO [0m:      configure_evaluate: Sampled 8 nodes (out of 8)
[92mINFO [0m:      aggregate_evaluate: Received 8 results and 0 failures
[92mINFO [0m:      	└──> Aggregated MetricRecord: {'eval_loss': 1.680384033741408, 'eval_acc': 0.43157052884134767, 'client-ids': [0, 1, 2, 3, 4, 5, 6, 7], 'per-client-eval_acc': [0.4278676988036594, 0.4030064423765211, 0.42625169147496617, 0.4894810659186536, 0.37418147801683815, 0.4640820980615735, 0.4208, 0.4470046082949309], 'per-client-eval_loss': [1.682084749988231, 1.7256380789776573, 1.652968497011755, 1.5959153730437934, 1.7396441853079871, 1.6653631530030968, 1.713920241355896, 1.6833700294318836], 'per-client-num-examples': [1421, 1397, 1478, 1426, 1069, 877, 1250, 1085]}
[92mINFO [0m:      Global evaluation
[92mINFO [0m:      	└──> MetricRecord: {'loss': 1.6651646327972411, 'accuracy': 0.446, 'f1': 0.4432415236892323, 'precision': 0.5351888910267116, 'auc': 0.8685912977777779, 'diverged': 0.0}
[92mINFO [0m:      
[92mINFO [0m:      [ROUND 5/20]
[92mINFO [0m:      configure_train: Sampled 8 nodes (out of 8)
[92mINFO [0m:      aggregate_train: pairwise model distance -- max=2.166556 mean=1.996084 median=1.978185 count=28
[92mINFO [0m:      aggregate_train: Received 8 results and 0 failures
[92mINFO [0m:      aggregate_fit: parameters are clipped by value: 5.0000.
[92mINFO [0m:      aggregate_fit: parameters are clipped by value: 5.0000.
[92mINFO [0m:      aggregate_fit: parameters are clipped by value: 5.0000.
[92mINFO [0m:      aggregate_fit: parameters are clipped by value: 5.0000.
[92mINFO [0m:      aggregate_fit: parameters are clipped by value: 5.0000.
[92mINFO [0m:      aggregate_fit: parameters are clipped by value: 5.0000.
[92mINFO [0m:      aggregate_fit: parameters are clipped by value: 5.0000.
[92mINFO [0m:      aggregate_fit: parameters are clipped by value: 5.0000.
[92mINFO [0m:      aggregate_train: Received 8 results and 0 failures
[92mINFO [0m:      aggregate_train: metric-aware noise with 0.005770 stdev added
[92mINFO [0m:      	└──> Aggregated MetricRecord: {'train_loss': 0.9766992047944332, 'train_loss_mean': 1.1413347050447382, 'client-ids': [0, 1, 2, 3, 4, 5, 6, 7], 'per-client-num-examples': [5682, 5585, 5909, 5701, 4276, 3508, 5000, 4336], 'per-client-train_loss': [1.0024015434776046, 0.9817776751496905, 0.9447174544442545, 0.9402279310049958, 0.9979256678118228, 0.9804650130538332, 0.9822286443710327, 0.9976579087246829], 'per-client-train_loss_mean': [1.1802539731993804, 1.1673176656456643, 1.1078760499658873, 1.090835472766798, 1.1504769927213079, 1.1329460124333337, 1.144570760421753, 1.1628992885681098], 'dp-client-ids': [0, 1, 2, 3, 4, 5, 6, 7], 'dp-update-norms-before-clipping': [12.286409316118787, 12.157787268774744, 12.39649611817443, 12.450918527741843, 10.18161218399873, 9.322190541201529, 11.378392345581936, 10.268826004931203], 'dp-client-clipped': [1, 1, 1, 1, 1, 1, 1, 1], 'dp-num-clients-clipped': 8, 'dp-fraction-clipped': 1.0, 'metric-dp-distance-min': 1.727094533232351, 'metric-dp-distance-median': 1.9781847659808893, 'metric-dp-distance-mean': 1.996084368277696, 'metric-dp-distance-count': 28, 'metric-dp-distance': 2.1665562509248653, 'metric-dp-distance-invalid': 0.0, 'metric-dp-pairwise-distances': [2.081574108141164, 2.1453193413714566, 2.1567945700759688, 2.0044762048249445, 1.9645843133330345, 2.113649926148355, 1.9675374316672485, 2.1331247094397745, 2.1665562509248653, 1.975557994407912, 1.968436075374484, 2.093905654425422, 1.9452229371915262, 2.143889914577206, 1.9234730213259656, 1.9808115375538666, 2.0621569138020277, 1.9620795383428533, 2.0404658460368714, 1.9542771251872182, 2.114681374281645, 2.020124436977009, 1.7759831628451745, 1.9064396017541487, 1.798716025116543, 1.8528333104526002, 1.727094533232351, 1.9105964529638488], 'metric-dp-pairwise-client-i': [0, 0, 0, 0, 0, 0, 0, 1, 1, 1, 1, 1, 1, 2, 2, 2, 2, 2, 3, 3, 3, 3, 4, 4, 4, 5, 5, 6], 'metric-dp-pairwise-client-j': [1, 2, 3, 4, 5, 6, 7, 2, 3, 4, 5, 6, 7, 3, 4, 5, 6, 7, 4, 5, 6, 7, 5, 6, 7, 6, 7, 7], 'metric-dp-aggregation-collapsed': 0.0, 'dp-signal-update-norm': 3.1712821460383163, 'dp-parameter-count': 364426, 'dp-expected-noise-l2-norm': 3.482929797751617, 'dp-noise-to-signal-ratio': 1.0982718147934654, 'dp-noise-percent-of-signal': 109.82718147934654, 'metric-dp-noise-stdv': 0.005769524790627508}
[92mINFO [0m:      configure_evaluate: Sampled 8 nodes (out of 8)
[92mINFO [0m:      aggregate_evaluate: Received 8 results and 0 failures
[92mINFO [0m:      	└──> Aggregated MetricRecord: {'eval_loss': 1.430194142745946, 'eval_acc': 0.4974507647705689, 'client-ids': [0, 1, 2, 3, 4, 5, 6, 7], 'per-client-eval_acc': [0.4975369458128079, 0.49749463135289906, 0.479702300405954, 0.5596072931276297, 0.43966323666978485, 0.5017103762827823, 0.4904, 0.5013824884792627], 'per-client-eval_loss': [1.4244611674341663, 1.4612111342149543, 1.408979942414693, 1.3276867498689413, 1.5155739922519038, 1.42064615638933, 1.4746191299438476, 1.4338045041132632], 'per-client-num-examples': [1421, 1397, 1478, 1426, 1069, 877, 1250, 1085]}
[92mINFO [0m:      Global evaluation
[92mINFO [0m:      	└──> MetricRecord: {'loss': 1.4126229583740235, 'accuracy': 0.5054, 'f1': 0.5084423966093043, 'precision': 0.5668673881801404, 'auc': 0.8947799044444446, 'diverged': 0.0}
[92mINFO [0m:      
[92mINFO [0m:      [ROUND 6/20]
[92mINFO [0m:      configure_train: Sampled 8 nodes (out of 8)
[92mINFO [0m:      aggregate_train: pairwise model distance -- max=2.308815 mean=2.097591 median=2.103079 count=28
[92mINFO [0m:      aggregate_train: Received 8 results and 0 failures
[92mINFO [0m:      aggregate_fit: parameters are clipped by value: 5.0000.
[92mINFO [0m:      aggregate_fit: parameters are clipped by value: 5.0000.
[92mINFO [0m:      aggregate_fit: parameters are clipped by value: 5.0000.
[92mINFO [0m:      aggregate_fit: parameters are clipped by value: 5.0000.
[92mINFO [0m:      aggregate_fit: parameters are clipped by value: 5.0000.
[92mINFO [0m:      aggregate_fit: parameters are clipped by value: 5.0000.
[92mINFO [0m:      aggregate_fit: parameters are clipped by value: 5.0000.
[92mINFO [0m:      aggregate_fit: parameters are clipped by value: 5.0000.
[92mINFO [0m:      aggregate_train: Received 8 results and 0 failures
[92mINFO [0m:      aggregate_train: metric-aware noise with 0.005414 stdev added
[92mINFO [0m:      	└──> Aggregated MetricRecord: {'train_loss': 0.8489933144951753, 'train_loss_mean': 1.026070385197924, 'client-ids': [0, 1, 2, 3, 4, 5, 6, 7], 'per-client-num-examples': [5682, 5585, 5909, 5701, 4276, 3508, 5000, 4336], 'per-client-train_loss': [0.8784940423196741, 0.8675914292476384, 0.8149844994297244, 0.830499697988273, 0.8588461115942367, 0.8211815817326206, 0.85119153881073, 0.8672909312142657], 'per-client-train_loss_mean': [1.0636970686476148, 1.0514549851663004, 0.9934041786585226, 0.9941335456765674, 1.0315336131068231, 1.0149626296085805, 1.024821454925537, 1.0356134262032175], 'dp-client-ids': [0, 1, 2, 3, 4, 5, 6, 7], 'dp-update-norms-before-clipping': [12.863146236489667, 12.286741746758862, 12.308121053047069, 12.235292765431149, 10.343555467294836, 9.476839662869475, 11.190278844145514, 10.687982232780188], 'dp-client-clipped': [1, 1, 1, 1, 1, 1, 1, 1], 'dp-num-clients-clipped': 8, 'dp-fraction-clipped': 1.0, 'metric-dp-distance-min': 1.8604229188834627, 'metric-dp-distance-median': 2.103078719073286, 'metric-dp-distance-mean': 2.097591259317207, 'metric-dp-distance-count': 28, 'metric-dp-distance': 2.308814784822365, 'metric-dp-distance-invalid': 0.0, 'metric-dp-pairwise-distances': [2.2422475811714926, 2.3068916347498694, 2.308814784822365, 2.1703712909171977, 2.1291761295869946, 2.2368560706575713, 2.1428760228057704, 2.1971007883548737, 2.2218243846048913, 2.093000386841595, 2.060283350137373, 2.138234281912446, 2.076819402476152, 2.202768612963458, 2.040129590779543, 2.035813070833683, 2.1278257947415113, 2.070122401540478, 2.1119441048552594, 2.018023913105329, 2.147155529819429, 2.094213333291312, 1.8728478013848264, 1.9834360076735418, 1.9395510253186028, 1.9122795363267262, 1.8604229188834627, 1.9915255103260279], 'metric-dp-pairwise-client-i': [0, 0, 0, 0, 0, 0, 0, 1, 1, 1, 1, 1, 1, 2, 2, 2, 2, 2, 3, 3, 3, 3, 4, 4, 4, 5, 5, 6], 'metric-dp-pairwise-client-j': [1, 2, 3, 4, 5, 6, 7, 2, 3, 4, 5, 6, 7, 3, 4, 5, 6, 7, 4, 5, 6, 7, 5, 6, 7, 6, 7, 7], 'metric-dp-aggregation-collapsed': 0.0, 'dp-signal-update-norm': 2.887610078670665, 'dp-parameter-count': 364426, 'dp-expected-noise-l2-norm': 3.2683277040916088, 'dp-noise-to-signal-ratio': 1.131845233618318, 'dp-noise-percent-of-signal': 113.18452336183182, 'metric-dp-noise-stdv': 0.005414033244317483}
[92mINFO [0m:      configure_evaluate: Sampled 8 nodes (out of 8)
[92mINFO [0m:      aggregate_evaluate: Received 8 results and 0 failures
[92mINFO [0m:      	└──> Aggregated MetricRecord: {'eval_loss': 1.2327268499500046, 'eval_acc': 0.5680295911226633, 'client-ids': [0, 1, 2, 3, 4, 5, 6, 7], 'per-client-eval_acc': [0.5545390570021111, 0.5819613457408733, 0.5635994587280109, 0.6143057503506312, 0.5210477081384471, 0.5781071835803877, 0.5536, 0.567741935483871], 'per-client-eval_loss': [1.2536745695561107, 1.2479273387168934, 1.2096975685295135, 1.1468501057564626, 1.3218475891341663, 1.2275314896517224, 1.2534674282073974, 1.2224561225434052], 'per-client-num-examples': [1421, 1397, 1478, 1426, 1069, 877, 1250, 1085]}
[92mINFO [0m:      Global evaluation
[92mINFO [0m:      	└──> MetricRecord: {'loss': 1.211180521774292, 'accuracy': 0.579, 'f1': 0.5801231997366082, 'precision': 0.6004342768961519, 'auc': 0.9217712733333334, 'diverged': 0.0}
[92mINFO [0m:      
[92mINFO [0m:      [ROUND 7/20]
[92mINFO [0m:      configure_train: Sampled 8 nodes (out of 8)
[92mINFO [0m:      aggregate_train: pairwise model distance -- max=2.329539 mean=2.167851 median=2.181866 count=28
[92mINFO [0m:      aggregate_train: Received 8 results and 0 failures
[92mINFO [0m:      aggregate_fit: parameters are clipped by value: 5.0000.
[92mINFO [0m:      aggregate_fit: parameters are clipped by value: 5.0000.
[92mINFO [0m:      aggregate_fit: parameters are clipped by value: 5.0000.
[92mINFO [0m:      aggregate_fit: parameters are clipped by value: 5.0000.
[92mINFO [0m:      aggregate_fit: parameters are clipped by value: 5.0000.
[92mINFO [0m:      aggregate_fit: parameters are clipped by value: 5.0000.
[92mINFO [0m:      aggregate_fit: parameters are clipped by value: 5.0000.
[92mINFO [0m:      aggregate_fit: parameters are clipped by value: 5.0000.
[92mINFO [0m:      aggregate_train: Received 8 results and 0 failures
[92mINFO [0m:      aggregate_train: metric-aware noise with 0.005366 stdev added
[92mINFO [0m:      	└──> Aggregated MetricRecord: {'train_loss': 0.7409022305567127, 'train_loss_mean': 0.9302974662988022, 'client-ids': [0, 1, 2, 3, 4, 5, 6, 7], 'per-client-num-examples': [5682, 5585, 5909, 5701, 4276, 3508, 5000, 4336], 'per-client-train_loss': [0.7610658421058212, 0.7634900315061892, 0.7099798697367359, 0.7153685136210226, 0.7212551594115062, 0.7468075282625353, 0.7730504020690918, 0.7386235579353417], 'per-client-train_loss_mean': [0.9623983658102775, 0.9629720287570593, 0.8942928729918347, 0.8924163591410064, 0.9285870878578237, 0.9253001653074266, 0.939560811033249, 0.9400654501140778], 'dp-client-ids': [0, 1, 2, 3, 4, 5, 6, 7], 'dp-update-norms-before-clipping': [12.282770867577327, 12.396684919684924, 12.715495262716063, 12.234827596195336, 10.77705946668007, 9.62579307169773, 11.487633970622673, 10.850393954441675], 'dp-client-clipped': [1, 1, 1, 1, 1, 1, 1, 1], 'dp-num-clients-clipped': 8, 'dp-fraction-clipped': 1.0, 'metric-dp-distance-min': 1.945208137544493, 'metric-dp-distance-median': 2.1818664728974304, 'metric-dp-distance-mean': 2.167851335923409, 'metric-dp-distance-count': 28, 'metric-dp-distance': 2.3295391593128443, 'metric-dp-distance-invalid': 0.0, 'metric-dp-pairwise-distances': [2.2557570273056626, 2.3295391593128443, 2.29561550822109, 2.187551664809386, 2.094643409984807, 2.228136857971549, 2.1670197152222195, 2.308482976319889, 2.2688408472264805, 2.1891797619561353, 2.1128318440169096, 2.2175725360090532, 2.1659327298402786, 2.3052200072755418, 2.183092378390332, 2.1407144370799265, 2.2577283177524805, 2.2082537226378918, 2.1806405674045286, 2.059433043623964, 2.214440054881076, 2.16917840577662, 1.9495682545627158, 2.100773579751452, 2.056659083813429, 2.002645654603839, 1.945208137544493, 2.1051777225608626], 'metric-dp-pairwise-client-i': [0, 0, 0, 0, 0, 0, 0, 1, 1, 1, 1, 1, 1, 2, 2, 2, 2, 2, 3, 3, 3, 3, 4, 4, 4, 5, 5, 6], 'metric-dp-pairwise-client-j': [1, 2, 3, 4, 5, 6, 7, 2, 3, 4, 5, 6, 7, 3, 4, 5, 6, 7, 4, 5, 6, 7, 5, 6, 7, 6, 7, 7], 'metric-dp-aggregation-collapsed': 0.0, 'dp-signal-update-norm': 2.6528854448485295, 'dp-parameter-count': 364426, 'dp-expected-noise-l2-norm': 3.239251546678062, 'dp-noise-to-signal-ratio': 1.2210295597075853, 'dp-noise-percent-of-signal': 122.10295597075853, 'metric-dp-noise-stdv': 0.005365868158956894}
[92mINFO [0m:      configure_evaluate: Sampled 8 nodes (out of 8)
[92mINFO [0m:      aggregate_evaluate: Received 8 results and 0 failures
[92mINFO [0m:      	└──> Aggregated MetricRecord: {'eval_loss': 1.1060472230225769, 'eval_acc': 0.6081175647305808, 'client-ids': [0, 1, 2, 3, 4, 5, 6, 7], 'per-client-eval_acc': [0.5939479239971851, 0.6206156048675734, 0.5953991880920162, 0.655680224403927, 0.5631431244153414, 0.61345496009122, 0.5976, 0.6175115207373272], 'per-client-eval_loss': [1.1331608897778955, 1.1096212118117401, 1.1035028039521875, 1.0273950517929955, 1.2059103213703666, 1.0918331015748879, 1.1023204429626465, 1.0901650775962162], 'per-client-num-examples': [1421, 1397, 1478, 1426, 1069, 877, 1250, 1085]}
[92mINFO [0m:      Global evaluation
[92mINFO [0m:      	└──> MetricRecord: {'loss': 1.0829796906471252, 'accuracy': 0.6172, 'f1': 0.6148905896831878, 'precision': 0.6213678431272148, 'auc': 0.9358640511111112, 'diverged': 0.0}
[92mINFO [0m:      
[92mINFO [0m:      [ROUND 8/20]
[92mINFO [0m:      configure_train: Sampled 8 nodes (out of 8)
[92mINFO [0m:      aggregate_train: pairwise model distance -- max=2.459951 mean=2.244527 median=2.245343 count=28
[92mINFO [0m:      aggregate_train: Received 8 results and 0 failures
[92mINFO [0m:      aggregate_fit: parameters are clipped by value: 5.0000.
[92mINFO [0m:      aggregate_fit: parameters are clipped by value: 5.0000.
[92mINFO [0m:      aggregate_fit: parameters are clipped by value: 5.0000.
[92mINFO [0m:      aggregate_fit: parameters are clipped by value: 5.0000.
[92mINFO [0m:      aggregate_fit: parameters are clipped by value: 5.0000.
[92mINFO [0m:      aggregate_fit: parameters are clipped by value: 5.0000.
[92mINFO [0m:      aggregate_fit: parameters are clipped by value: 5.0000.
[92mINFO [0m:      aggregate_fit: parameters are clipped by value: 5.0000.
[92mINFO [0m:      aggregate_train: Received 8 results and 0 failures
[92mINFO [0m:      aggregate_train: metric-aware noise with 0.005081 stdev added
[92mINFO [0m:      	└──> Aggregated MetricRecord: {'train_loss': 0.6362972341871477, 'train_loss_mean': 0.8371385824646947, 'client-ids': [0, 1, 2, 3, 4, 5, 6, 7], 'per-client-num-examples': [5682, 5585, 5909, 5701, 4276, 3508, 5000, 4336], 'per-client-train_loss': [0.6390831959956719, 0.6466617788869351, 0.6101233173261985, 0.6019924756958284, 0.6473572070739111, 0.6365039014218199, 0.6720457945823669, 0.6477725688381829], 'per-client-train_loss_mean': [0.8582503982808799, 0.8615190829063166, 0.8071020810984176, 0.7992841394287183, 0.8413128420278444, 0.829457841088046, 0.8616397444820404, 0.8426184096459532], 'dp-client-ids': [0, 1, 2, 3, 4, 5, 6, 7], 'dp-update-norms-before-clipping': [13.071649593457998, 12.431803930992704, 12.648175323877311, 12.264650094822779, 11.017580860171224, 9.831264814642, 11.557678480862467, 10.878507319030865], 'dp-client-clipped': [1, 1, 1, 1, 1, 1, 1, 1], 'dp-num-clients-clipped': 8, 'dp-fraction-clipped': 1.0, 'metric-dp-distance-min': 1.997496516443789, 'metric-dp-distance-median': 2.245343405598154, 'metric-dp-distance-mean': 2.2445273733520437, 'metric-dp-distance-count': 28, 'metric-dp-distance': 2.4599511229122677, 'metric-dp-distance-invalid': 0.0, 'metric-dp-pairwise-distances': [2.385506163661679, 2.4599511229122677, 2.4037016928195953, 2.323737310245633, 2.240666807939609, 2.3573549638191857, 2.2920705871656537, 2.364936016189555, 2.3230339804043374, 2.2578764728580913, 2.1858232092733183, 2.28401006385684, 2.2054472286254168, 2.3505026133110127, 2.240442391174535, 2.19974717280517, 2.311905460742613, 2.2500200032566986, 2.2322280841569104, 2.1436036558200917, 2.277648146264255, 2.2210724959149957, 2.0429285364225507, 2.1749681026364365, 2.0989537766824164, 2.077509100238482, 1.997496516443789, 2.143624778216084], 'metric-dp-pairwise-client-i': [0, 0, 0, 0, 0, 0, 0, 1, 1, 1, 1, 1, 1, 2, 2, 2, 2, 2, 3, 3, 3, 3, 4, 4, 4, 5, 5, 6], 'metric-dp-pairwise-client-j': [1, 2, 3, 4, 5, 6, 7, 2, 3, 4, 5, 6, 7, 3, 4, 5, 6, 7, 4, 5, 6, 7, 5, 6, 7, 6, 7, 7], 'metric-dp-aggregation-collapsed': 0.0, 'dp-signal-update-norm': 2.474652767413332, 'dp-parameter-count': 364426, 'dp-expected-noise-l2-norm': 3.0675257140547516, 'dp-noise-to-signal-ratio': 1.2395782367726398, 'dp-noise-percent-of-signal': 123.957823677264, 'metric-dp-noise-stdv': 0.005081401774032647}
[92mINFO [0m:      configure_evaluate: Sampled 8 nodes (out of 8)
[92mINFO [0m:      aggregate_evaluate: Received 8 results and 0 failures
[92mINFO [0m:      	└──> Aggregated MetricRecord: {'eval_loss': 1.0361888751880677, 'eval_acc': 0.6347095871238629, 'client-ids': [0, 1, 2, 3, 4, 5, 6, 7], 'per-client-eval_acc': [0.613652357494722, 0.6485325697924124, 0.6271989174560216, 0.6746143057503506, 0.5940130963517306, 0.637400228050171, 0.6296, 0.6460829493087558], 'per-client-eval_loss': [1.092237133614032, 1.0292423278328002, 1.0462636395946086, 0.9544952761742377, 1.1397952177013828, 1.0122723715335233, 1.0090651807785034, 1.0138741594305785], 'per-client-num-examples': [1421, 1397, 1478, 1426, 1069, 877, 1250, 1085]}
[92mINFO [0m:      Global evaluation
[92mINFO [0m:      	└──> MetricRecord: {'loss': 1.0037741216659546, 'accuracy': 0.6358, 'f1': 0.6308948984280308, 'precision': 0.638055829985007, 'auc': 0.9437122977777778, 'diverged': 0.0}
[92mINFO [0m:      
[92mINFO [0m:      [ROUND 9/20]
[92mINFO [0m:      configure_train: Sampled 8 nodes (out of 8)
[92mINFO [0m:      aggregate_train: pairwise model distance -- max=2.476823 mean=2.282997 median=2.284447 count=28
[92mINFO [0m:      aggregate_train: Received 8 results and 0 failures
[92mINFO [0m:      aggregate_fit: parameters are clipped by value: 5.0000.
[92mINFO [0m:      aggregate_fit: parameters are clipped by value: 5.0000.
[92mINFO [0m:      aggregate_fit: parameters are clipped by value: 5.0000.
[92mINFO [0m:      aggregate_fit: parameters are clipped by value: 5.0000.
[92mINFO [0m:      aggregate_fit: parameters are clipped by value: 5.0000.
[92mINFO [0m:      aggregate_fit: parameters are clipped by value: 5.0000.
[92mINFO [0m:      aggregate_fit: parameters are clipped by value: 5.0000.
[92mINFO [0m:      aggregate_fit: parameters are clipped by value: 5.0000.
[92mINFO [0m:      aggregate_train: Received 8 results and 0 failures
[92mINFO [0m:      aggregate_train: metric-aware noise with 0.005047 stdev added
[92mINFO [0m:      	└──> Aggregated MetricRecord: {'train_loss': 0.5447196030375642, 'train_loss_mean': 0.7561664333198238, 'client-ids': [0, 1, 2, 3, 4, 5, 6, 7], 'per-client-num-examples': [5682, 5585, 5909, 5701, 4276, 3508, 5000, 4336], 'per-client-train_loss': [0.5641024513002938, 0.5608961907581442, 0.5132744767516978, 0.522295977400805, 0.527561887945384, 0.5414658147701515, 0.5896966517925263, 0.5385070084645739], 'per-client-train_loss_mean': [0.7939802198164986, 0.7841976178706279, 0.7243483539098894, 0.7132524724728893, 0.7450862127447708, 0.7502446322375855, 0.7820942898273467, 0.7561126603191629], 'dp-client-ids': [0, 1, 2, 3, 4, 5, 6, 7], 'dp-update-norms-before-clipping': [12.85101681632115, 12.58950467204569, 12.593729159766754, 12.461311873252104, 10.796123605716371, 9.895979351161502, 11.755866129463781, 11.086924462228149], 'dp-client-clipped': [1, 1, 1, 1, 1, 1, 1, 1], 'dp-num-clients-clipped': 8, 'dp-fraction-clipped': 1.0, 'metric-dp-distance-min': 2.0345320673659444, 'metric-dp-distance-median': 2.2844468952777484, 'metric-dp-distance-mean': 2.2829969400384775, 'metric-dp-distance-count': 28, 'metric-dp-distance': 2.4768231036141515, 'metric-dp-distance-invalid': 0.0, 'metric-dp-pairwise-distances': [2.4265674774845443, 2.4768231036141515, 2.4492042011891804, 2.3304045175512633, 2.2466419835885367, 2.385439820898076, 2.3199717182045183, 2.4331614061569176, 2.4075075931226215, 2.285273943717281, 2.221090728417039, 2.3451072489842772, 2.283619846838216, 2.397931942716241, 2.263143779399494, 2.205316329995791, 2.354927669900159, 2.2947002556174994, 2.258959498566886, 2.171553073450923, 2.351041411360105, 2.276553975107769, 2.0345320673659444, 2.2008139193058014, 2.1456147839004793, 2.1083137268821397, 2.0375234189753733, 2.2121748787661395], 'metric-dp-pairwise-client-i': [0, 0, 0, 0, 0, 0, 0, 1, 1, 1, 1, 1, 1, 2, 2, 2, 2, 2, 3, 3, 3, 3, 4, 4, 4, 5, 5, 6], 'metric-dp-pairwise-client-j': [1, 2, 3, 4, 5, 6, 7, 2, 3, 4, 5, 6, 7, 3, 4, 5, 6, 7, 4, 5, 6, 7, 5, 6, 7, 6, 7, 7], 'metric-dp-aggregation-collapsed': 0.0, 'dp-signal-update-norm': 2.3165025554917427, 'dp-parameter-count': 364426, 'dp-expected-noise-l2-norm': 3.0466299001492114, 'dp-noise-to-signal-ratio': 1.3151852101032881, 'dp-noise-percent-of-signal': 131.5185210103288, 'metric-dp-noise-stdv': 0.005046787548840345}
[92mINFO [0m:      configure_evaluate: Sampled 8 nodes (out of 8)
[92mINFO [0m:      aggregate_evaluate: Received 8 results and 0 failures
[92mINFO [0m:      	└──> Aggregated MetricRecord: {'eval_loss': 0.9944692664559716, 'eval_acc': 0.6521043686893933, 'client-ids': [0, 1, 2, 3, 4, 5, 6, 7], 'per-client-eval_acc': [0.6432090077410274, 0.6521116678596993, 0.6481732070365359, 0.6823281907433381, 0.6117867165575304, 0.6442417331812998, 0.6576, 0.6691244239631337], 'per-client-eval_loss': [1.0430002655469557, 0.996956793171385, 1.013851663901777, 0.9217670709521707, 1.0967907901118021, 0.9678281655741119, 0.9637187189102173, 0.9530031318488759], 'per-client-num-examples': [1421, 1397, 1478, 1426, 1069, 877, 1250, 1085]}
[92mINFO [0m:      Global evaluation
[92mINFO [0m:      	└──> MetricRecord: {'loss': 0.9597172857284546, 'accuracy': 0.6572, 'f1': 0.6553289204960174, 'precision': 0.6585177840926956, 'auc': 0.948492131111111, 'diverged': 0.0}
[92mINFO [0m:      
[92mINFO [0m:      [ROUND 10/20]
[92mINFO [0m:      configure_train: Sampled 8 nodes (out of 8)
[92mINFO [0m:      aggregate_train: pairwise model distance -- max=2.485179 mean=2.272693 median=2.280447 count=28
[92mINFO [0m:      aggregate_train: Received 8 results and 0 failures
[92mINFO [0m:      aggregate_fit: parameters are clipped by value: 5.0000.
[92mINFO [0m:      aggregate_fit: parameters are clipped by value: 5.0000.
[92mINFO [0m:      aggregate_fit: parameters are clipped by value: 5.0000.
[92mINFO [0m:      aggregate_fit: parameters are clipped by value: 5.0000.
[92mINFO [0m:      aggregate_fit: parameters are clipped by value: 5.0000.
[92mINFO [0m:      aggregate_fit: parameters are clipped by value: 5.0000.
[92mINFO [0m:      aggregate_fit: parameters are clipped by value: 5.0000.
[92mINFO [0m:      aggregate_fit: parameters are clipped by value: 5.0000.
[92mINFO [0m:      aggregate_train: Received 8 results and 0 failures
[92mINFO [0m:      aggregate_train: metric-aware noise with 0.005030 stdev added
[92mINFO [0m:      	└──> Aggregated MetricRecord: {'train_loss': 0.47137692146045906, 'train_loss_mean': 0.6901386998137984, 'client-ids': [0, 1, 2, 3, 4, 5, 6, 7], 'per-client-num-examples': [5682, 5585, 5909, 5701, 4276, 3508, 5000, 4336], 'per-client-train_loss': [0.4917485391283824, 0.48411670481934543, 0.4704806452466058, 0.4561444948460215, 0.4494468920469507, 0.44368866616127295, 0.4927916297912598, 0.4688544588995156], 'per-client-train_loss_mean': [0.7246804628687734, 0.7148233801409296, 0.6647618688813198, 0.6541170619659478, 0.6805420112119198, 0.6795692274005003, 0.7112253529262543, 0.6887228091704449], 'dp-client-ids': [0, 1, 2, 3, 4, 5, 6, 7], 'dp-update-norms-before-clipping': [12.645374648795983, 12.458083346645195, 12.635931646413736, 12.148311458243436, 10.759049346377834, 9.716596563310587, 11.635335584238748, 10.554824148959392], 'dp-client-clipped': [1, 1, 1, 1, 1, 1, 1, 1], 'dp-num-clients-clipped': 8, 'dp-fraction-clipped': 1.0, 'metric-dp-distance-min': 1.9994104675327737, 'metric-dp-distance-median': 2.2804470063808067, 'metric-dp-distance-mean': 2.272693393807415, 'metric-dp-distance-count': 28, 'metric-dp-distance': 2.4851787394533553, 'metric-dp-distance-invalid': 0.0, 'metric-dp-pairwise-distances': [2.4236561035116515, 2.4851787394533553, 2.422113728399078, 2.3142243356754384, 2.2448884891346097, 2.3820526668181023, 2.273703753016889, 2.4527097567915916, 2.3882320132106543, 2.2896383684128523, 2.2070122115934887, 2.3431756142526865, 2.24297939799726, 2.414359299466014, 2.287190259744724, 2.2236682527388134, 2.382515924051404, 2.297139098557333, 2.2439351553718248, 2.1481185872107744, 2.3210024144500494, 2.224380213456849, 2.0255171578998366, 2.1953393764172993, 2.107941385358572, 2.106193265877664, 1.9994104675327737, 2.189138990206023], 'metric-dp-pairwise-client-i': [0, 0, 0, 0, 0, 0, 0, 1, 1, 1, 1, 1, 1, 2, 2, 2, 2, 2, 3, 3, 3, 3, 4, 4, 4, 5, 5, 6], 'metric-dp-pairwise-client-j': [1, 2, 3, 4, 5, 6, 7, 2, 3, 4, 5, 6, 7, 3, 4, 5, 6, 7, 4, 5, 6, 7, 5, 6, 7, 6, 7, 7], 'metric-dp-aggregation-collapsed': 0.0, 'dp-signal-update-norm': 2.195532632671233, 'dp-parameter-count': 364426, 'dp-expected-noise-l2-norm': 3.0363865604737414, 'dp-noise-to-signal-ratio': 1.38298402642254, 'dp-noise-percent-of-signal': 138.298402642254, 'metric-dp-noise-stdv': 0.005029819304968593}
[92mINFO [0m:      configure_evaluate: Sampled 8 nodes (out of 8)
[92mINFO [0m:      aggregate_evaluate: Received 8 results and 0 failures
[92mINFO [0m:      	└──> Aggregated MetricRecord: {'eval_loss': 0.9668001930653828, 'eval_acc': 0.6686993901829452, 'client-ids': [0, 1, 2, 3, 4, 5, 6, 7], 'per-client-eval_acc': [0.6558761435608726, 0.6692913385826772, 0.6644113667117727, 0.6942496493688639, 0.637043966323667, 0.677309007981756, 0.6744, 0.6746543778801843], 'per-client-eval_loss': [1.0235977521838646, 0.9752963809516486, 0.9830059372846426, 0.886923380018451, 1.0676203068446846, 0.9401743572413446, 0.941676955318451, 0.9155116613010108], 'per-client-num-examples': [1421, 1397, 1478, 1426, 1069, 877, 1250, 1085]}
[92mINFO [0m:      Global evaluation
[92mINFO [0m:      	└──> MetricRecord: {'loss': 0.9281185745239258, 'accuracy': 0.677, 'f1': 0.6744079090850477, 'precision': 0.6748954462847554, 'auc': 0.9524280088888889, 'diverged': 0.0}
[92mINFO [0m:      
[92mINFO [0m:      [ROUND 11/20]
[92mINFO [0m:      configure_train: Sampled 8 nodes (out of 8)
[92mINFO [0m:      aggregate_train: pairwise model distance -- max=2.491475 mean=2.281379 median=2.291900 count=28
[92mINFO [0m:      aggregate_train: Received 8 results and 0 failures
[92mINFO [0m:      aggregate_fit: parameters are clipped by value: 5.0000.
[92mINFO [0m:      aggregate_fit: parameters are clipped by value: 5.0000.
[92mINFO [0m:      aggregate_fit: parameters are clipped by value: 5.0000.
[92mINFO [0m:      aggregate_fit: parameters are clipped by value: 5.0000.
[92mINFO [0m:      aggregate_fit: parameters are clipped by value: 5.0000.
[92mINFO [0m:      aggregate_fit: parameters are clipped by value: 5.0000.
[92mINFO [0m:      aggregate_fit: parameters are clipped by value: 5.0000.
[92mINFO [0m:      aggregate_fit: parameters are clipped by value: 5.0000.
[92mINFO [0m:      aggregate_train: Received 8 results and 0 failures
[92mINFO [0m:      aggregate_train: metric-aware noise with 0.005017 stdev added
[92mINFO [0m:      	└──> Aggregated MetricRecord: {'train_loss': 0.4050606541317141, 'train_loss_mean': 0.6247252095180633, 'client-ids': [0, 1, 2, 3, 4, 5, 6, 7], 'per-client-num-examples': [5682, 5585, 5909, 5701, 4276, 3508, 5000, 4336], 'per-client-train_loss': [0.42295471413879904, 0.4198849790685392, 0.38894572897920915, 0.3890488065871998, 0.38115925929388006, 0.407538531171827, 0.4228249835729599, 0.40661209700732215], 'per-client-train_loss_mean': [0.6625522471741445, 0.6365221068777991, 0.5965248589528598, 0.5951488262095006, 0.6167080361002288, 0.6241490310111095, 0.6418382320928574, 0.6259174345824111], 'dp-client-ids': [0, 1, 2, 3, 4, 5, 6, 7], 'dp-update-norms-before-clipping': [12.88424344998261, 12.630509116500566, 12.33882550258414, 12.019067015499076, 10.642785833516625, 9.56302702191012, 11.375163283178056, 10.785383108473335], 'dp-client-clipped': [1, 1, 1, 1, 1, 1, 1, 1], 'dp-num-clients-clipped': 8, 'dp-fraction-clipped': 1.0, 'metric-dp-distance-min': 2.0132000437006354, 'metric-dp-distance-median': 2.291899867045383, 'metric-dp-distance-mean': 2.2813786724138825, 'metric-dp-distance-count': 28, 'metric-dp-distance': 2.49147468774269, 'metric-dp-distance-invalid': 0.0, 'metric-dp-pairwise-distances': [2.4712063785021505, 2.49147468774269, 2.4550751177594066, 2.340388597610096, 2.257184510740141, 2.3952498796085515, 2.34155453213801, 2.4528292156755924, 2.418750436976552, 2.296715014614165, 2.230311671582361, 2.364560965138177, 2.297102265059948, 2.3938558073714375, 2.2653854057813683, 2.1910896577561894, 2.3459505258748927, 2.2870847194766006, 2.2351725570236645, 2.1466272585093975, 2.322564646601677, 2.2545420741662383, 2.0132000437006354, 2.18598804064095, 2.1305831658343473, 2.0754804064830146, 2.032278802866737, 2.1863964423537254], 'metric-dp-pairwise-client-i': [0, 0, 0, 0, 0, 0, 0, 1, 1, 1, 1, 1, 1, 2, 2, 2, 2, 2, 3, 3, 3, 3, 4, 4, 4, 5, 5, 6], 'metric-dp-pairwise-client-j': [1, 2, 3, 4, 5, 6, 7, 2, 3, 4, 5, 6, 7, 3, 4, 5, 6, 7, 4, 5, 6, 7, 5, 6, 7, 6, 7, 7], 'metric-dp-aggregation-collapsed': 0.0, 'dp-signal-update-norm': 2.0942719548891575, 'dp-parameter-count': 364426, 'dp-expected-noise-l2-norm': 3.0287136216856316, 'dp-noise-to-signal-ratio': 1.4461892662101425, 'dp-noise-percent-of-signal': 144.61892662101425, 'metric-dp-noise-stdv': 0.005017108968233255}
[92mINFO [0m:      configure_evaluate: Sampled 8 nodes (out of 8)
[92mINFO [0m:      aggregate_evaluate: Received 8 results and 0 failures
[92mINFO [0m:      	└──> Aggregated MetricRecord: {'eval_loss': 0.961243190110403, 'eval_acc': 0.6771968409477157, 'client-ids': [0, 1, 2, 3, 4, 5, 6, 7], 'per-client-eval_acc': [0.6622097114707952, 0.6743020758768791, 0.6853856562922869, 0.7012622720897616, 0.6435921421889617, 0.6761687571265679, 0.6848, 0.6829493087557603], 'per-client-eval_loss': [1.022066281430743, 0.9568245156628794, 0.9842230805847416, 0.8847906225025236, 1.0646141095067765, 0.9331843203258623, 0.9389975019454956, 0.9029128536101311], 'per-client-num-examples': [1421, 1397, 1478, 1426, 1069, 877, 1250, 1085]}
[92mINFO [0m:      Global evaluation
[92mINFO [0m:      	└──> MetricRecord: {'loss': 0.9210468963623046, 'accuracy': 0.686, 'f1': 0.6830820338270209, 'precision': 0.6840430370824002, 'auc': 0.9546403711111113, 'diverged': 0.0}
[92mINFO [0m:      
[92mINFO [0m:      [ROUND 12/20]
[92mINFO [0m:      configure_train: Sampled 8 nodes (out of 8)
[92mINFO [0m:      aggregate_train: pairwise model distance -- max=2.504714 mean=2.294968 median=2.295291 count=28
[92mINFO [0m:      aggregate_train: Received 8 results and 0 failures
[92mINFO [0m:      aggregate_fit: parameters are clipped by value: 5.0000.
[92mINFO [0m:      aggregate_fit: parameters are clipped by value: 5.0000.
[92mINFO [0m:      aggregate_fit: parameters are clipped by value: 5.0000.
[92mINFO [0m:      aggregate_fit: parameters are clipped by value: 5.0000.
[92mINFO [0m:      aggregate_fit: parameters are clipped by value: 5.0000.
[92mINFO [0m:      aggregate_fit: parameters are clipped by value: 5.0000.
[92mINFO [0m:      aggregate_fit: parameters are clipped by value: 5.0000.
[92mINFO [0m:      aggregate_fit: parameters are clipped by value: 5.0000.
[92mINFO [0m:      aggregate_train: Received 8 results and 0 failures
[92mINFO [0m:      aggregate_train: metric-aware noise with 0.004991 stdev added
[92mINFO [0m:      	└──> Aggregated MetricRecord: {'train_loss': 0.3463388366344038, 'train_loss_mean': 0.5709048591778629, 'client-ids': [0, 1, 2, 3, 4, 5, 6, 7], 'per-client-num-examples': [5682, 5585, 5909, 5701, 4276, 3508, 5000, 4336], 'per-client-train_loss': [0.3625476232446948, 0.3763942054263587, 0.3142579888698312, 0.36091957574945815, 0.3324247116346689, 0.31735299485167456, 0.3681999413013458, 0.32289718157470887], 'per-client-train_loss_mean': [0.5914146400649797, 0.5971431399160128, 0.5420495456780934, 0.5433298797189008, 0.5739647942798175, 0.559821383330542, 0.5940528866577148, 0.5650676926233672], 'dp-client-ids': [0, 1, 2, 3, 4, 5, 6, 7], 'dp-update-norms-before-clipping': [12.660420198170469, 12.17942678807764, 12.394351848592285, 12.33024163558223, 10.532829599574896, 9.525743619569472, 11.688576903689636, 10.744732532424461], 'dp-client-clipped': [1, 1, 1, 1, 1, 1, 1, 1], 'dp-num-clients-clipped': 8, 'dp-fraction-clipped': 1.0, 'metric-dp-distance-min': 2.019120980364581, 'metric-dp-distance-median': 2.2952911172372596, 'metric-dp-distance-mean': 2.2949677457301205, 'metric-dp-distance-count': 28, 'metric-dp-distance': 2.50471353251487, 'metric-dp-distance-invalid': 0.0, 'metric-dp-pairwise-distances': [2.446165420114994, 2.50471353251487, 2.485424118426939, 2.3435977213084698, 2.2602777207891145, 2.4338618448625007, 2.339117552464207, 2.431801363515357, 2.4201151821762323, 2.263043855627378, 2.1932444370662174, 2.3518463438376784, 2.26291296351701, 2.4460522327572107, 2.261991140743097, 2.2090266309678555, 2.3796479227021337, 2.308764905358354, 2.291765413247049, 2.1925137151653566, 2.3856412737319865, 2.298816821227471, 2.019120980364581, 2.215653215534985, 2.1340932861591377, 2.115786529146135, 2.0332040895397463, 2.2308966675773263], 'metric-dp-pairwise-client-i': [0, 0, 0, 0, 0, 0, 0, 1, 1, 1, 1, 1, 1, 2, 2, 2, 2, 2, 3, 3, 3, 3, 4, 4, 4, 5, 5, 6], 'metric-dp-pairwise-client-j': [1, 2, 3, 4, 5, 6, 7, 2, 3, 4, 5, 6, 7, 3, 4, 5, 6, 7, 4, 5, 6, 7, 5, 6, 7, 6, 7, 7], 'metric-dp-aggregation-collapsed': 0.0, 'dp-signal-update-norm': 2.00867242964326, 'dp-parameter-count': 364426, 'dp-expected-noise-l2-norm': 3.0127051364930666, 'dp-noise-to-signal-ratio': 1.4998489012108973, 'dp-noise-percent-of-signal': 149.98489012108973, 'metric-dp-noise-stdv': 0.004990590675433176}
[92mINFO [0m:      configure_evaluate: Sampled 8 nodes (out of 8)
[92mINFO [0m:      aggregate_evaluate: Received 8 results and 0 failures
[92mINFO [0m:      	└──> Aggregated MetricRecord: {'eval_loss': 0.9637122959848954, 'eval_acc': 0.6821953413975808, 'client-ids': [0, 1, 2, 3, 4, 5, 6, 7], 'per-client-eval_acc': [0.6706544686840253, 0.6821760916249106, 0.6833558863328822, 0.7040673211781207, 0.656688493919551, 0.6830102622576967, 0.6752, 0.6995391705069124], 'per-client-eval_loss': [1.0183773523984367, 0.9514735118781317, 0.9909883051989689, 0.8941015929694263, 1.0706234674123651, 0.9368169718212793, 0.9385197422027588, 0.9076379239833849], 'per-client-num-examples': [1421, 1397, 1478, 1426, 1069, 877, 1250, 1085]}
[92mINFO [0m:      Global evaluation
[92mINFO [0m:      	└──> MetricRecord: {'loss': 0.928933927154541, 'accuracy': 0.6912, 'f1': 0.6894589363035998, 'precision': 0.6909901557039511, 'auc': 0.9550338866666667, 'diverged': 0.0}
[92mINFO [0m:      
[92mINFO [0m:      [ROUND 13/20]
[92mINFO [0m:      configure_train: Sampled 8 nodes (out of 8)
[92mINFO [0m:      aggregate_train: pairwise model distance -- max=2.528059 mean=2.321124 median=2.304613 count=28
[92mINFO [0m:      aggregate_train: Received 8 results and 0 failures
[92mINFO [0m:      aggregate_fit: parameters are clipped by value: 5.0000.
[92mINFO [0m:      aggregate_fit: parameters are clipped by value: 5.0000.
[92mINFO [0m:      aggregate_fit: parameters are clipped by value: 5.0000.
[92mINFO [0m:      aggregate_fit: parameters are clipped by value: 5.0000.
[92mINFO [0m:      aggregate_fit: parameters are clipped by value: 5.0000.
[92mINFO [0m:      aggregate_fit: parameters are clipped by value: 5.0000.
[92mINFO [0m:      aggregate_fit: parameters are clipped by value: 5.0000.
[92mINFO [0m:      aggregate_fit: parameters are clipped by value: 5.0000.
[92mINFO [0m:      aggregate_train: Received 8 results and 0 failures
[92mINFO [0m:      aggregate_train: metric-aware noise with 0.004945 stdev added
[92mINFO [0m:      	└──> Aggregated MetricRecord: {'train_loss': 0.3059299179642786, 'train_loss_mean': 0.5248838403771412, 'client-ids': [0, 1, 2, 3, 4, 5, 6, 7], 'per-client-num-examples': [5682, 5585, 5909, 5701, 4276, 3508, 5000, 4336], 'per-client-train_loss': [0.34199099532737987, 0.31689612261397343, 0.2775906816233352, 0.3092310026307963, 0.30033697008082977, 0.28285039655498934, 0.3265601107597351, 0.27922770661401575], 'per-client-train_loss_mean': [0.5493121746076491, 0.5404078851105277, 0.49587107315384654, 0.5019320183089391, 0.529380013685677, 0.5202873578399182, 0.5460160997581481, 0.5175080841427799], 'dp-client-ids': [0, 1, 2, 3, 4, 5, 6, 7], 'dp-update-norms-before-clipping': [12.795473029667678, 12.010190405405305, 12.399735182043218, 12.331179195078505, 10.492362999546772, 9.87295190869165, 12.0761351772208, 10.807828904712126], 'dp-client-clipped': [1, 1, 1, 1, 1, 1, 1, 1], 'dp-num-clients-clipped': 8, 'dp-fraction-clipped': 1.0, 'metric-dp-distance-min': 2.0537207808035114, 'metric-dp-distance-median': 2.3046125291536255, 'metric-dp-distance-mean': 2.3211239952084033, 'metric-dp-distance-count': 28, 'metric-dp-distance': 2.528059358087679, 'metric-dp-distance-invalid': 0.0, 'metric-dp-pairwise-distances': [2.4595938256631293, 2.528059358087679, 2.5112246802697578, 2.3573436085134745, 2.2962214316551885, 2.4762944635003805, 2.3681559966256223, 2.4416364415859184, 2.434319781449934, 2.266486394839982, 2.216765532735735, 2.3846209263429046, 2.2783162196477256, 2.4575957600027323, 2.288596620472769, 2.234139128277699, 2.4289218209063015, 2.3159327441826463, 2.298622909002006, 2.217838953870038, 2.4275605104242763, 2.3106021493052444, 2.0537207808035114, 2.257517139737805, 2.1462116933738193, 2.1866082549095154, 2.0773602531601987, 2.271204486489296], 'metric-dp-pairwise-client-i': [0, 0, 0, 0, 0, 0, 0, 1, 1, 1, 1, 1, 1, 2, 2, 2, 2, 2, 3, 3, 3, 3, 4, 4, 4, 5, 5, 6], 'metric-dp-pairwise-client-j': [1, 2, 3, 4, 5, 6, 7, 2, 3, 4, 5, 6, 7, 3, 4, 5, 6, 7, 4, 5, 6, 7, 5, 6, 7, 6, 7, 7], 'metric-dp-aggregation-collapsed': 0.0, 'dp-signal-update-norm': 1.9471451462620484, 'dp-parameter-count': 364426, 'dp-expected-noise-l2-norm': 2.9848837610202708, 'dp-noise-to-signal-ratio': 1.5329539078020857, 'dp-noise-percent-of-signal': 153.29539078020858, 'metric-dp-noise-stdv': 0.004944504154940207}
[92mINFO [0m:      configure_evaluate: Sampled 8 nodes (out of 8)
[92mINFO [0m:      aggregate_evaluate: Received 8 results and 0 failures
[92mINFO [0m:      	└──> Aggregated MetricRecord: {'eval_loss': 0.9700178181804515, 'eval_acc': 0.6861941417574727, 'client-ids': [0, 1, 2, 3, 4, 5, 6, 7], 'per-client-eval_acc': [0.6762843068261788, 0.6879026485325698, 0.6765899864682002, 0.7131837307152875, 0.6576239476145931, 0.6921322690992018, 0.6864, 0.6976958525345622], 'per-client-eval_loss': [1.0067780532944295, 0.9638175698118544, 0.9949489710940721, 0.8881929987443279, 1.101317949000645, 0.9472128640830585, 0.9559087664604187, 0.9087605102820331], 'per-client-num-examples': [1421, 1397, 1478, 1426, 1069, 877, 1250, 1085]}
[92mINFO [0m:      Global evaluation
[92mINFO [0m:      	└──> MetricRecord: {'loss': 0.9375507237434387, 'accuracy': 0.6898, 'f1': 0.6879319870028903, 'precision': 0.6895772868776743, 'auc': 0.9556663288888889, 'diverged': 0.0}
[92mINFO [0m:      
[92mINFO [0m:      [ROUND 14/20]
[92mINFO [0m:      configure_train: Sampled 8 nodes (out of 8)
[92mINFO [0m:      aggregate_train: pairwise model distance -- max=2.525195 mean=2.354371 median=2.344459 count=28
[92mINFO [0m:      aggregate_train: Received 8 results and 0 failures
[92mINFO [0m:      aggregate_fit: parameters are clipped by value: 5.0000.
[92mINFO [0m:      aggregate_fit: parameters are clipped by value: 5.0000.
[92mINFO [0m:      aggregate_fit: parameters are clipped by value: 5.0000.
[92mINFO [0m:      aggregate_fit: parameters are clipped by value: 5.0000.
[92mINFO [0m:      aggregate_fit: parameters are clipped by value: 5.0000.
[92mINFO [0m:      aggregate_fit: parameters are clipped by value: 5.0000.
[92mINFO [0m:      aggregate_fit: parameters are clipped by value: 5.0000.
[92mINFO [0m:      aggregate_fit: parameters are clipped by value: 5.0000.
[92mINFO [0m:      aggregate_train: Received 8 results and 0 failures
[92mINFO [0m:      aggregate_train: metric-aware noise with 0.004950 stdev added
[92mINFO [0m:      	└──> Aggregated MetricRecord: {'train_loss': 0.26289230541956166, 'train_loss_mean': 0.4810675336778451, 'client-ids': [0, 1, 2, 3, 4, 5, 6, 7], 'per-client-num-examples': [5682, 5585, 5909, 5701, 4276, 3508, 5000, 4336], 'per-client-train_loss': [0.2680055917526206, 0.26850115677663655, 0.26098453603151545, 0.23780252683729355, 0.26410994888522893, 0.23747489111181538, 0.2877490854859352, 0.2752549564431514], 'per-client-train_loss_mean': [0.5014130972947339, 0.4954103214599879, 0.4559477489568352, 0.4607784958669667, 0.47451374037618166, 0.4718100341179216, 0.5017372013998032, 0.48695859462022784], 'dp-client-ids': [0, 1, 2, 3, 4, 5, 6, 7], 'dp-update-norms-before-clipping': [12.313973176741198, 12.645688260078995, 12.380994715599105, 12.851957396527583, 10.735204603335825, 9.865258462510836, 12.417343576536629, 11.036710229666188], 'dp-client-clipped': [1, 1, 1, 1, 1, 1, 1, 1], 'dp-num-clients-clipped': 8, 'dp-fraction-clipped': 1.0, 'metric-dp-distance-min': 2.0765371803815165, 'metric-dp-distance-median': 2.344459189412494, 'metric-dp-distance-mean': 2.354371047656362, 'metric-dp-distance-count': 28, 'metric-dp-distance': 2.525194888934493, 'metric-dp-distance-invalid': 0.0, 'metric-dp-pairwise-distances': [2.468712399403254, 2.48411843025436, 2.497619258860747, 2.3271854386354485, 2.254601831858357, 2.455467849659423, 2.3397505646571517, 2.514756961725652, 2.525194888934493, 2.342118033207953, 2.2769177348042526, 2.481267069466412, 2.3589461895947657, 2.4919991282125316, 2.310176570278903, 2.2480535581707954, 2.4590675799796977, 2.346800345617036, 2.359623962081969, 2.2616268756488958, 2.4931026079381504, 2.374650620855391, 2.0765371803815165, 2.3207495817914605, 2.1944618163009486, 2.2180499816313386, 2.105356772430241, 2.335476101996998], 'metric-dp-pairwise-client-i': [0, 0, 0, 0, 0, 0, 0, 1, 1, 1, 1, 1, 1, 2, 2, 2, 2, 2, 3, 3, 3, 3, 4, 4, 4, 5, 5, 6], 'metric-dp-pairwise-client-j': [1, 2, 3, 4, 5, 6, 7, 2, 3, 4, 5, 6, 7, 3, 4, 5, 6, 7, 4, 5, 6, 7, 5, 6, 7, 6, 7, 7], 'metric-dp-aggregation-collapsed': 0.0, 'dp-signal-update-norm': 1.913072231868985, 'dp-parameter-count': 364426, 'dp-expected-noise-l2-norm': 2.988269680854321, 'dp-noise-to-signal-ratio': 1.5620265827260045, 'dp-noise-percent-of-signal': 156.20265827260044, 'metric-dp-noise-stdv': 0.004950112981289289}
[92mINFO [0m:      configure_evaluate: Sampled 8 nodes (out of 8)
[92mINFO [0m:      aggregate_evaluate: Received 8 results and 0 failures
[92mINFO [0m:      	└──> Aggregated MetricRecord: {'eval_loss': 0.9814013832153874, 'eval_acc': 0.6907927621713486, 'client-ids': [0, 1, 2, 3, 4, 5, 6, 7], 'per-client-eval_acc': [0.681210415200563, 0.6979241231209735, 0.6907983761840325, 0.7068723702664796, 0.6707202993451824, 0.6716077537058153, 0.696, 0.7023041474654378], 'per-client-eval_loss': [1.0245373287643873, 0.9671666719440741, 0.9996096865250067, 0.9178406272663475, 1.085761420853903, 0.9868293836152132, 0.9746905127525329, 0.9024915493029054], 'per-client-num-examples': [1421, 1397, 1478, 1426, 1069, 877, 1250, 1085]}
[92mINFO [0m:      Global evaluation
[92mINFO [0m:      	└──> MetricRecord: {'loss': 0.9465966069221496, 'accuracy': 0.6936, 'f1': 0.6931108030920774, 'precision': 0.6942562429833677, 'auc': 0.9560780933333333, 'diverged': 0.0}
[92mINFO [0m:      
[92mINFO [0m:      [ROUND 15/20]
[92mINFO [0m:      configure_train: Sampled 8 nodes (out of 8)
[92mINFO [0m:      aggregate_train: pairwise model distance -- max=2.574111 mean=2.374628 median=2.372187 count=28
[92mINFO [0m:      aggregate_train: Received 8 results and 0 failures
[92mINFO [0m:      aggregate_fit: parameters are clipped by value: 5.0000.
[92mINFO [0m:      aggregate_fit: parameters are clipped by value: 5.0000.
[92mINFO [0m:      aggregate_fit: parameters are clipped by value: 5.0000.
[92mINFO [0m:      aggregate_fit: parameters are clipped by value: 5.0000.
[92mINFO [0m:      aggregate_fit: parameters are clipped by value: 5.0000.
[92mINFO [0m:      aggregate_fit: parameters are clipped by value: 5.0000.
[92mINFO [0m:      aggregate_fit: parameters are clipped by value: 5.0000.
[92mINFO [0m:      aggregate_fit: parameters are clipped by value: 5.0000.
[92mINFO [0m:      aggregate_train: Received 8 results and 0 failures
[92mINFO [0m:      aggregate_train: metric-aware noise with 0.004856 stdev added
[92mINFO [0m:      	└──> Aggregated MetricRecord: {'train_loss': 0.2335138526930092, 'train_loss_mean': 0.4441271956354424, 'client-ids': [0, 1, 2, 3, 4, 5, 6, 7], 'per-client-num-examples': [5682, 5585, 5909, 5701, 4276, 3508, 5000, 4336], 'per-client-train_loss': [0.23863305706912386, 0.25150892009346637, 0.23349170912076705, 0.24653854375841366, 0.21389530063846382, 0.23290985510042075, 0.2364937726020813, 0.20293162587164074], 'per-client-train_loss_mean': [0.45793478775091556, 0.45742404731128933, 0.41409934749279886, 0.4279900814823635, 0.44583926520635303, 0.44691671725009974, 0.4670846765947342, 0.44062644179456784], 'dp-client-ids': [0, 1, 2, 3, 4, 5, 6, 7], 'dp-update-norms-before-clipping': [12.82206823314446, 13.137632837808564, 12.772808147147593, 12.5495440847914, 10.816553013679668, 9.654064971160738, 12.230388389788624, 10.975107653555002], 'dp-client-clipped': [1, 1, 1, 1, 1, 1, 1, 1], 'dp-num-clients-clipped': 8, 'dp-fraction-clipped': 1.0, 'metric-dp-distance-min': 2.0573795745149255, 'metric-dp-distance-median': 2.372186597747107, 'metric-dp-distance-mean': 2.3746279431673303, 'metric-dp-distance-count': 28, 'metric-dp-distance': 2.5741113113860288, 'metric-dp-distance-invalid': 0.0, 'metric-dp-pairwise-distances': [2.5736576107641063, 2.560348331617812, 2.536679031637808, 2.3840927282969155, 2.279840799358984, 2.489748259074986, 2.3765302586058774, 2.5741113113860288, 2.5657941214740276, 2.4047240745276213, 2.3184290882200003, 2.509002723110219, 2.4145927395050726, 2.530134854838252, 2.346947912592441, 2.268028722765545, 2.483331289763252, 2.367842936888337, 2.3582362790281572, 2.226379193676015, 2.458906451550623, 2.3559071219836674, 2.0573795745149255, 2.294340885554751, 2.191969208729764, 2.1883136139561734, 2.068933173082769, 2.305380112181107], 'metric-dp-pairwise-client-i': [0, 0, 0, 0, 0, 0, 0, 1, 1, 1, 1, 1, 1, 2, 2, 2, 2, 2, 3, 3, 3, 3, 4, 4, 4, 5, 5, 6], 'metric-dp-pairwise-client-j': [1, 2, 3, 4, 5, 6, 7, 2, 3, 4, 5, 6, 7, 3, 4, 5, 6, 7, 4, 5, 6, 7, 5, 6, 7, 6, 7, 7], 'metric-dp-aggregation-collapsed': 0.0, 'dp-signal-update-norm': 1.876750340008104, 'dp-parameter-count': 364426, 'dp-expected-noise-l2-norm': 2.931482912752566, 'dp-noise-to-signal-ratio': 1.5619994041082244, 'dp-noise-percent-of-signal': 156.19994041082245, 'metric-dp-noise-stdv': 0.004856044858941777}
[92mINFO [0m:      configure_evaluate: Sampled 8 nodes (out of 8)
[92mINFO [0m:      aggregate_evaluate: Received 8 results and 0 failures
[92mINFO [0m:      	└──> Aggregated MetricRecord: {'eval_loss': 1.011248959948465, 'eval_acc': 0.6909927021893432, 'client-ids': [0, 1, 2, 3, 4, 5, 6, 7], 'per-client-eval_acc': [0.6790992258972555, 0.7050823192555477, 0.6820027063599459, 0.7096774193548387, 0.6623012160898035, 0.6875712656784493, 0.6952, 0.7023041474654378], 'per-client-eval_loss': [1.0591690149381074, 0.9970054858568829, 1.034326786923957, 0.924893657422166, 1.1544718532722837, 0.9925942806996396, 1.0005268939495087, 0.9352073300269342], 'per-client-num-examples': [1421, 1397, 1478, 1426, 1069, 877, 1250, 1085]}
[92mINFO [0m:      Global evaluation
[92mINFO [0m:      	└──> MetricRecord: {'loss': 0.9814754098892212, 'accuracy': 0.6886, 'f1': 0.6871952439245282, 'precision': 0.6896933124863562, 'auc': 0.9554151777777778, 'diverged': 0.0}
[92mINFO [0m:      
[92mINFO [0m:      [ROUND 16/20]
[92mINFO [0m:      configure_train: Sampled 8 nodes (out of 8)
[92mINFO [0m:      aggregate_train: pairwise model distance -- max=2.550516 mean=2.355910 median=2.354586 count=28
[92mINFO [0m:      aggregate_train: Received 8 results and 0 failures
[92mINFO [0m:      aggregate_fit: parameters are clipped by value: 5.0000.
[92mINFO [0m:      aggregate_fit: parameters are clipped by value: 5.0000.
[92mINFO [0m:      aggregate_fit: parameters are clipped by value: 5.0000.
[92mINFO [0m:      aggregate_fit: parameters are clipped by value: 5.0000.
[92mINFO [0m:      aggregate_fit: parameters are clipped by value: 5.0000.
[92mINFO [0m:      aggregate_fit: parameters are clipped by value: 5.0000.
[92mINFO [0m:      aggregate_fit: parameters are clipped by value: 5.0000.
[92mINFO [0m:      aggregate_fit: parameters are clipped by value: 5.0000.
[92mINFO [0m:      aggregate_train: Received 8 results and 0 failures
[92mINFO [0m:      aggregate_train: metric-aware noise with 0.004901 stdev added
[92mINFO [0m:      	└──> Aggregated MetricRecord: {'train_loss': 0.2084200964341292, 'train_loss_mean': 0.4069887359486766, 'client-ids': [0, 1, 2, 3, 4, 5, 6, 7], 'per-client-num-examples': [5682, 5585, 5909, 5701, 4276, 3508, 5000, 4336], 'per-client-train_loss': [0.23042240559488314, 0.20047477658241053, 0.19690954862491877, 0.19586112985472065, 0.20726652238500576, 0.18644917493807142, 0.23508431594371795, 0.21018613976636055], 'per-client-train_loss_mean': [0.4280710586230967, 0.4116253690108083, 0.37857361525942734, 0.3900984112326225, 0.4114064387677427, 0.40026397141654513, 0.4375566042757034, 0.40015579576421934], 'dp-client-ids': [0, 1, 2, 3, 4, 5, 6, 7], 'dp-update-norms-before-clipping': [12.53910024557731, 12.60877453186597, 12.213100321129023, 12.897161549832353, 10.553557309900716, 10.482660294595997, 11.78952930218109, 11.046143575716462], 'dp-client-clipped': [1, 1, 1, 1, 1, 1, 1, 1], 'dp-num-clients-clipped': 8, 'dp-fraction-clipped': 1.0, 'metric-dp-distance-min': 2.1101279482245445, 'metric-dp-distance-median': 2.3545855299259224, 'metric-dp-distance-mean': 2.355909890051754, 'metric-dp-distance-count': 28, 'metric-dp-distance': 2.5505163948982954, 'metric-dp-distance-invalid': 0.0, 'metric-dp-pairwise-distances': [2.506749316739539, 2.4947012653574347, 2.54190601191173, 2.355394304419557, 2.3178393011912704, 2.444226070617636, 2.357990423217416, 2.483618780039251, 2.5505163948982954, 2.3515934919317565, 2.3247292870655656, 2.437630422102908, 2.3537767554322877, 2.5050947287430367, 2.281738114543259, 2.2781151107822857, 2.4047960843890905, 2.3139197596659264, 2.3605727267762027, 2.323445644850532, 2.460823097266257, 2.3781272818644843, 2.1101279482245445, 2.249836345203221, 2.1756619354709983, 2.2048273980617523, 2.1350346130008497, 2.2626843076820173], 'metric-dp-pairwise-client-i': [0, 0, 0, 0, 0, 0, 0, 1, 1, 1, 1, 1, 1, 2, 2, 2, 2, 2, 3, 3, 3, 3, 4, 4, 4, 5, 5, 6], 'metric-dp-pairwise-client-j': [1, 2, 3, 4, 5, 6, 7, 2, 3, 4, 5, 6, 7, 3, 4, 5, 6, 7, 4, 5, 6, 7, 5, 6, 7, 6, 7, 7], 'metric-dp-aggregation-collapsed': 0.0, 'dp-signal-update-norm': 1.853168509032286, 'dp-parameter-count': 364426, 'dp-expected-noise-l2-norm': 2.958602163838333, 'dp-noise-to-signal-ratio': 1.5965100579996896, 'dp-noise-percent-of-signal': 159.65100579996894, 'metric-dp-noise-stdv': 0.0049009682999894815}
[92mINFO [0m:      configure_evaluate: Sampled 8 nodes (out of 8)
[92mINFO [0m:      aggregate_evaluate: Received 8 results and 0 failures
[92mINFO [0m:      	└──> Aggregated MetricRecord: {'eval_loss': 1.020117639339317, 'eval_acc': 0.6995901229631111, 'client-ids': [0, 1, 2, 3, 4, 5, 6, 7], 'per-client-eval_acc': [0.6819141449683321, 0.7151037938439513, 0.7036535859269283, 0.717391304347826, 0.6782039289055192, 0.6887115165336374, 0.7, 0.7032258064516129], 'per-client-eval_loss': [1.0863592287421981, 1.006244840328405, 1.0307709557761682, 0.9231642339206176, 1.147388304807629, 1.007028463357123, 1.0211870246887207, 0.9480909945228683], 'per-client-num-examples': [1421, 1397, 1478, 1426, 1069, 877, 1250, 1085]}
[92mINFO [0m:      Global evaluation
[92mINFO [0m:      	└──> MetricRecord: {'loss': 0.9928776659011841, 'accuracy': 0.691, 'f1': 0.6905430117316401, 'precision': 0.6930711964293474, 'auc': 0.9565908822222221, 'diverged': 0.0}
[92mINFO [0m:      
[92mINFO [0m:      [ROUND 17/20]
[92mINFO [0m:      configure_train: Sampled 8 nodes (out of 8)
[92mINFO [0m:      aggregate_train: pairwise model distance -- max=2.539812 mean=2.344271 median=2.359688 count=28
[92mINFO [0m:      aggregate_train: Received 8 results and 0 failures
[92mINFO [0m:      aggregate_fit: parameters are clipped by value: 5.0000.
[92mINFO [0m:      aggregate_fit: parameters are clipped by value: 5.0000.
[92mINFO [0m:      aggregate_fit: parameters are clipped by value: 5.0000.
[92mINFO [0m:      aggregate_fit: parameters are clipped by value: 5.0000.
[92mINFO [0m:      aggregate_fit: parameters are clipped by value: 5.0000.
[92mINFO [0m:      aggregate_fit: parameters are clipped by value: 5.0000.
[92mINFO [0m:      aggregate_fit: parameters are clipped by value: 5.0000.
[92mINFO [0m:      aggregate_fit: parameters are clipped by value: 5.0000.
[92mINFO [0m:      aggregate_train: Received 8 results and 0 failures
[92mINFO [0m:      aggregate_train: metric-aware noise with 0.004922 stdev added
[92mINFO [0m:      	└──> Aggregated MetricRecord: {'train_loss': 0.18996538452113554, 'train_loss_mean': 0.37523805077137445, 'client-ids': [0, 1, 2, 3, 4, 5, 6, 7], 'per-client-num-examples': [5682, 5585, 5909, 5701, 4276, 3508, 5000, 4336], 'per-client-train_loss': [0.20060481590017892, 0.20403791893350298, 0.18729540373311065, 0.18658421428407249, 0.179240062818893, 0.18131474651047957, 0.18274393651485443, 0.19188415019934468], 'per-client-train_loss_mean': [0.3887563510643517, 0.38958116265472387, 0.35605183471291174, 0.35678426038903155, 0.3730790409114006, 0.3709523811613548, 0.3871968641841411, 0.3812646041881994], 'dp-client-ids': [0, 1, 2, 3, 4, 5, 6, 7], 'dp-update-norms-before-clipping': [12.25016727559791, 12.952813642678903, 12.508116030815133, 12.577830741924588, 10.508843636095081, 9.99870269328557, 11.518448932584972, 11.27325337415463], 'dp-client-clipped': [1, 1, 1, 1, 1, 1, 1, 1], 'dp-num-clients-clipped': 8, 'dp-fraction-clipped': 1.0, 'metric-dp-distance-min': 2.060341497262319, 'metric-dp-distance-median': 2.3596876657878356, 'metric-dp-distance-mean': 2.3442708577162454, 'metric-dp-distance-count': 28, 'metric-dp-distance': 2.5398124468823275, 'metric-dp-distance-invalid': 0.0, 'metric-dp-pairwise-distances': [2.491190737734238, 2.501518647496899, 2.481215545286735, 2.3168352702632546, 2.255795262133082, 2.391666792643567, 2.359361589886248, 2.5398124468823275, 2.5243331914146743, 2.3600137416894236, 2.3076343461871147, 2.4381191885719695, 2.4000893042733273, 2.5051095010712743, 2.3132086489349604, 2.2746608459080258, 2.4128375040988126, 2.375914474017918, 2.3286954406648874, 2.2558492415895066, 2.4034937117248774, 2.3683394594118, 2.060341497262319, 2.223752062457303, 2.1978540159761906, 2.1495901194090643, 2.132468029856682, 2.269883399208387], 'metric-dp-pairwise-client-i': [0, 0, 0, 0, 0, 0, 0, 1, 1, 1, 1, 1, 1, 2, 2, 2, 2, 2, 3, 3, 3, 3, 4, 4, 4, 5, 5, 6], 'metric-dp-pairwise-client-j': [1, 2, 3, 4, 5, 6, 7, 2, 3, 4, 5, 6, 7, 3, 4, 5, 6, 7, 4, 5, 6, 7, 5, 6, 7, 6, 7, 7], 'metric-dp-aggregation-collapsed': 0.0, 'dp-signal-update-norm': 1.8430466176417704, 'dp-parameter-count': 364426, 'dp-expected-noise-l2-norm': 2.9710710860221465, 'dp-noise-to-signal-ratio': 1.61204337295804, 'dp-noise-percent-of-signal': 161.204337295804, 'metric-dp-noise-stdv': 0.004921623254246199}
[92mINFO [0m:      configure_evaluate: Sampled 8 nodes (out of 8)
[92mINFO [0m:      aggregate_evaluate: Received 8 results and 0 failures
[92mINFO [0m:      	└──> Aggregated MetricRecord: {'eval_loss': 1.0420975864475803, 'eval_acc': 0.6957912626212136, 'client-ids': [0, 1, 2, 3, 4, 5, 6, 7], 'per-client-eval_acc': [0.6798029556650246, 0.7036506800286327, 0.7009472259810555, 0.7166900420757363, 0.676333021515435, 0.6875712656784493, 0.696, 0.6976958525345622], 'per-client-eval_loss': [1.1129013352793427, 1.0240240827490794, 1.0629223486728694, 0.9561251169501649, 1.1365745729994172, 1.0255804105386768, 1.034205756855011, 0.9866217819776403], 'per-client-num-examples': [1421, 1397, 1478, 1426, 1069, 877, 1250, 1085]}
[92mINFO [0m:      Global evaluation
[92mINFO [0m:      	└──> MetricRecord: {'loss': 1.0084498520851135, 'accuracy': 0.6906, 'f1': 0.6924602914238771, 'precision': 0.6958862979511038, 'auc': 0.9564104044444445, 'diverged': 0.0}
[92mINFO [0m:      
[92mINFO [0m:      [ROUND 18/20]
[92mINFO [0m:      configure_train: Sampled 8 nodes (out of 8)
[92mINFO [0m:      aggregate_train: pairwise model distance -- max=2.584477 mean=2.356700 median=2.362259 count=28
[92mINFO [0m:      aggregate_train: Received 8 results and 0 failures
[92mINFO [0m:      aggregate_fit: parameters are clipped by value: 5.0000.
[92mINFO [0m:      aggregate_fit: parameters are clipped by value: 5.0000.
[92mINFO [0m:      aggregate_fit: parameters are clipped by value: 5.0000.
[92mINFO [0m:      aggregate_fit: parameters are clipped by value: 5.0000.
[92mINFO [0m:      aggregate_fit: parameters are clipped by value: 5.0000.
[92mINFO [0m:      aggregate_fit: parameters are clipped by value: 5.0000.
[92mINFO [0m:      aggregate_fit: parameters are clipped by value: 5.0000.
[92mINFO [0m:      aggregate_fit: parameters are clipped by value: 5.0000.
[92mINFO [0m:      aggregate_train: Received 8 results and 0 failures
[92mINFO [0m:      aggregate_train: metric-aware noise with 0.004837 stdev added
[92mINFO [0m:      	└──> Aggregated MetricRecord: {'train_loss': 0.17920478756479938, 'train_loss_mean': 0.3544114241317795, 'client-ids': [0, 1, 2, 3, 4, 5, 6, 7], 'per-client-num-examples': [5682, 5585, 5909, 5701, 4276, 3508, 5000, 4336], 'per-client-train_loss': [0.1894348107857924, 0.19026746513953993, 0.1812328678623717, 0.17761366437467813, 0.18191056895802465, 0.15657145216500337, 0.176664616894722, 0.1694501042915886], 'per-client-train_loss_mean': [0.36798993653707296, 0.36459936142808214, 0.33636686886692435, 0.3301998446098421, 0.35802687113813647, 0.3517930945893378, 0.37067788769245147, 0.3597149032508315], 'dp-client-ids': [0, 1, 2, 3, 4, 5, 6, 7], 'dp-update-norms-before-clipping': [12.39211075963691, 12.787550865962169, 12.270724772382689, 13.144026268377463, 10.700499178355626, 9.929159624345006, 11.732523093635624, 11.030199499325976], 'dp-client-clipped': [1, 1, 1, 1, 1, 1, 1, 1], 'dp-num-clients-clipped': 8, 'dp-fraction-clipped': 1.0, 'metric-dp-distance-min': 2.0862371595576406, 'metric-dp-distance-median': 2.3622592923541865, 'metric-dp-distance-mean': 2.3566998921534315, 'metric-dp-distance-count': 28, 'metric-dp-distance': 2.5844772147635617, 'metric-dp-distance-invalid': 0.0, 'metric-dp-pairwise-distances': [2.5021275958667197, 2.4963173285747566, 2.5546428312857947, 2.339387010782957, 2.2572044637054205, 2.421571916590134, 2.3553426827614508, 2.5138743774344525, 2.5844772147635617, 2.3691759019469223, 2.29457357339561, 2.441246942306558, 2.384146075695753, 2.5384682696312666, 2.294222118643423, 2.2472218414768577, 2.4014555479710302, 2.330731342857083, 2.40720396861434, 2.3177545818810663, 2.4754276207337775, 2.4111717265720167, 2.0862371595576406, 2.2599036072691283, 2.1824221331626177, 2.1618083817884326, 2.095772633329034, 2.263708131698271], 'metric-dp-pairwise-client-i': [0, 0, 0, 0, 0, 0, 0, 1, 1, 1, 1, 1, 1, 2, 2, 2, 2, 2, 3, 3, 3, 3, 4, 4, 4, 5, 5, 6], 'metric-dp-pairwise-client-j': [1, 2, 3, 4, 5, 6, 7, 2, 3, 4, 5, 6, 7, 3, 4, 5, 6, 7, 4, 5, 6, 7, 5, 6, 7, 6, 7, 7], 'metric-dp-aggregation-collapsed': 0.0, 'dp-signal-update-norm': 1.8187327149920758, 'dp-parameter-count': 364426, 'dp-expected-noise-l2-norm': 2.9197252278896864, 'dp-noise-to-signal-ratio': 1.6053624613567297, 'dp-noise-percent-of-signal': 160.536246135673, 'metric-dp-noise-stdv': 0.004836568079840298}
[92mINFO [0m:      configure_evaluate: Sampled 8 nodes (out of 8)
[92mINFO [0m:      aggregate_evaluate: Received 8 results and 0 failures
[92mINFO [0m:      	└──> Aggregated MetricRecord: {'eval_loss': 1.0557631755618826, 'eval_acc': 0.7006897930620813, 'client-ids': [0, 1, 2, 3, 4, 5, 6, 7], 'per-client-eval_acc': [0.6840253342716397, 0.7079455977093773, 0.7050067658998647, 0.7131837307152875, 0.686623012160898, 0.6989737742303307, 0.7056, 0.7004608294930875], 'per-client-eval_loss': [1.120919010825429, 1.0426538934345833, 1.0796778140758467, 0.9641168000487426, 1.1659423928042234, 1.0482389402226413, 1.0462397022724153, 0.9836808103570192], 'per-client-num-examples': [1421, 1397, 1478, 1426, 1069, 877, 1250, 1085]}
[92mINFO [0m:      Global evaluation
[92mINFO [0m:      	└──> MetricRecord: {'loss': 1.0233956605911254, 'accuracy': 0.6974, 'f1': 0.6967928755636467, 'precision': 0.6977926510633912, 'auc': 0.9568938222222223, 'diverged': 0.0}
[92mINFO [0m:      
[92mINFO [0m:      [ROUND 19/20]
[92mINFO [0m:      configure_train: Sampled 8 nodes (out of 8)
[92mINFO [0m:      aggregate_train: pairwise model distance -- max=2.537805 mean=2.341530 median=2.343271 count=28
[92mINFO [0m:      aggregate_train: Received 8 results and 0 failures
[92mINFO [0m:      aggregate_fit: parameters are clipped by value: 5.0000.
[92mINFO [0m:      aggregate_fit: parameters are clipped by value: 5.0000.
[92mINFO [0m:      aggregate_fit: parameters are clipped by value: 5.0000.
[92mINFO [0m:      aggregate_fit: parameters are clipped by value: 5.0000.
[92mINFO [0m:      aggregate_fit: parameters are clipped by value: 5.0000.
[92mINFO [0m:      aggregate_fit: parameters are clipped by value: 5.0000.
[92mINFO [0m:      aggregate_fit: parameters are clipped by value: 5.0000.
[92mINFO [0m:      aggregate_fit: parameters are clipped by value: 5.0000.
[92mINFO [0m:      aggregate_train: Received 8 results and 0 failures
[92mINFO [0m:      aggregate_train: metric-aware noise with 0.004926 stdev added
[92mINFO [0m:      	└──> Aggregated MetricRecord: {'train_loss': 0.15448672446375544, 'train_loss_mean': 0.3273763737542105, 'client-ids': [0, 1, 2, 3, 4, 5, 6, 7], 'per-client-num-examples': [5682, 5585, 5909, 5701, 4276, 3508, 5000, 4336], 'per-client-train_loss': [0.1845798799738587, 0.15455890751461313, 0.1575335587648636, 0.1345370228594593, 0.14012078465536668, 0.1407076954043034, 0.14169702998399736, 0.17709998967902688], 'per-client-train_loss_mean': [0.33821292133009884, 0.3377458429795456, 0.30777380023435963, 0.3058240107219641, 0.3262966407861968, 0.33136700875504943, 0.33972446989536287, 0.33846774587332107], 'dp-client-ids': [0, 1, 2, 3, 4, 5, 6, 7], 'dp-update-norms-before-clipping': [12.52434946808739, 12.709163922438282, 12.58424820138699, 12.440526183469535, 10.539902029221825, 10.106706800177662, 11.580847750670346, 11.157096764604805], 'dp-client-clipped': [1, 1, 1, 1, 1, 1, 1, 1], 'dp-num-clients-clipped': 8, 'dp-fraction-clipped': 1.0, 'metric-dp-distance-min': 2.0560500898088017, 'metric-dp-distance-median': 2.3432706956130764, 'metric-dp-distance-mean': 2.3415299951143207, 'metric-dp-distance-count': 28, 'metric-dp-distance': 2.5378047820801535, 'metric-dp-distance-invalid': 0.0, 'metric-dp-pairwise-distances': [2.504930905687312, 2.5378047820801535, 2.4916105760882297, 2.343389488135775, 2.280903022736311, 2.423372975240151, 2.370015370969971, 2.5277218660339713, 2.4874568295975528, 2.333765095410248, 2.28292074551185, 2.4208147215346494, 2.373218685078124, 2.505051109008491, 2.3177513567109904, 2.2920121115942798, 2.4258301307757697, 2.363190049615999, 2.305537359478573, 2.2382971048355103, 2.390889865035812, 2.343151903090378, 2.0560500898088017, 2.221428571268916, 2.1801543086767197, 2.161267652797202, 2.1165250164146223, 2.2677781699846187], 'metric-dp-pairwise-client-i': [0, 0, 0, 0, 0, 0, 0, 1, 1, 1, 1, 1, 1, 2, 2, 2, 2, 2, 3, 3, 3, 3, 4, 4, 4, 5, 5, 6], 'metric-dp-pairwise-client-j': [1, 2, 3, 4, 5, 6, 7, 2, 3, 4, 5, 6, 7, 3, 4, 5, 6, 7, 4, 5, 6, 7, 5, 6, 7, 6, 7, 7], 'metric-dp-aggregation-collapsed': 0.0, 'dp-signal-update-norm': 1.8014533310663732, 'dp-parameter-count': 364426, 'dp-expected-noise-l2-norm': 2.9734215090674025, 'dp-noise-to-signal-ratio': 1.6505681594911377, 'dp-noise-percent-of-signal': 165.05681594911374, 'metric-dp-noise-stdv': 0.004925516764829392}
[92mINFO [0m:      configure_evaluate: Sampled 8 nodes (out of 8)
[92mINFO [0m:      aggregate_evaluate: Received 8 results and 0 failures
[92mINFO [0m:      	└──> Aggregated MetricRecord: {'eval_loss': 1.0909159262663222, 'eval_acc': 0.7010896730980705, 'client-ids': [0, 1, 2, 3, 4, 5, 6, 7], 'per-client-eval_acc': [0.6798029556650246, 0.7086614173228346, 0.706359945872801, 0.7187938288920056, 0.6875584658559402, 0.69327251995439, 0.6984, 0.7115207373271889], 'per-client-eval_loss': [1.2041410597842148, 1.06382964044788, 1.1132162343181358, 0.997921498259856, 1.1974621006436612, 1.072199196201094, 1.0722077459573747, 1.0010530348747007], 'per-client-num-examples': [1421, 1397, 1478, 1426, 1069, 877, 1250, 1085]}
[92mINFO [0m:      Global evaluation
[92mINFO [0m:      	└──> MetricRecord: {'loss': 1.0576973202705384, 'accuracy': 0.7028, 'f1': 0.7018192436636435, 'precision': 0.7024986753517238, 'auc': 0.9573774977777776, 'diverged': 0.0}
[92mINFO [0m:      
[92mINFO [0m:      [ROUND 20/20]
[92mINFO [0m:      configure_train: Sampled 8 nodes (out of 8)
[92mINFO [0m:      aggregate_train: pairwise model distance -- max=2.510068 mean=2.330426 median=2.337014 count=28
[92mINFO [0m:      aggregate_train: Received 8 results and 0 failures
[92mINFO [0m:      aggregate_fit: parameters are clipped by value: 5.0000.
[92mINFO [0m:      aggregate_fit: parameters are clipped by value: 5.0000.
[92mINFO [0m:      aggregate_fit: parameters are clipped by value: 5.0000.
[92mINFO [0m:      aggregate_fit: parameters are clipped by value: 5.0000.
[92mINFO [0m:      aggregate_fit: parameters are clipped by value: 5.0000.
[92mINFO [0m:      aggregate_fit: parameters are clipped by value: 5.0000.
[92mINFO [0m:      aggregate_fit: parameters are clipped by value: 5.0000.
[92mINFO [0m:      aggregate_fit: parameters are clipped by value: 5.0000.
[92mINFO [0m:      aggregate_train: Received 8 results and 0 failures
[92mINFO [0m:      aggregate_train: metric-aware noise with 0.004980 stdev added
[92mINFO [0m:      	└──> Aggregated MetricRecord: {'train_loss': 0.13862398689944835, 'train_loss_mean': 0.30552145010098597, 'client-ids': [0, 1, 2, 3, 4, 5, 6, 7], 'per-client-num-examples': [5682, 5585, 5909, 5701, 4276, 3508, 5000, 4336], 'per-client-train_loss': [0.14839246542845674, 0.1381720515853503, 0.142815672303743, 0.14280434807008102, 0.13603086838580605, 0.11118601189507862, 0.13818925074338914, 0.14045353659954457], 'per-client-train_loss_mean': [0.3153165774775911, 0.30810479632743043, 0.2890435360910465, 0.2919722442395124, 0.3072166813894674, 0.3014969363519784, 0.32367335677385334, 0.31028108246954383], 'dp-client-ids': [0, 1, 2, 3, 4, 5, 6, 7], 'dp-update-norms-before-clipping': [12.231371344385225, 12.724293658169183, 12.387060732046503, 12.401713374996167, 10.671057770217233, 9.694432423791172, 11.946465044831568, 10.880630057677259], 'dp-client-clipped': [1, 1, 1, 1, 1, 1, 1, 1], 'dp-num-clients-clipped': 8, 'dp-fraction-clipped': 1.0, 'metric-dp-distance-min': 2.04483277288576, 'metric-dp-distance-median': 2.3370143864303827, 'metric-dp-distance-mean': 2.3304256010977995, 'metric-dp-distance-count': 28, 'metric-dp-distance': 2.5100683697188892, 'metric-dp-distance-invalid': 0.0, 'metric-dp-pairwise-distances': [2.4793496963878474, 2.488076314330101, 2.4812623501444855, 2.3228015986581645, 2.212922261406978, 2.4243769853686294, 2.320073513624569, 2.507164158547918, 2.5100683697188892, 2.342183786444366, 2.247991880401969, 2.449562279507518, 2.3415529880051813, 2.5057502444833517, 2.3198020672425628, 2.231191989655296, 2.422487254564961, 2.338446275020639, 2.3355824978401265, 2.233945641977092, 2.429612847045064, 2.349741467895607, 2.04483277288576, 2.2701646368950605, 2.16765186128517, 2.1577346517393985, 2.050635019938151, 2.2669514197235308], 'metric-dp-pairwise-client-i': [0, 0, 0, 0, 0, 0, 0, 1, 1, 1, 1, 1, 1, 2, 2, 2, 2, 2, 3, 3, 3, 3, 4, 4, 4, 5, 5, 6], 'metric-dp-pairwise-client-j': [1, 2, 3, 4, 5, 6, 7, 2, 3, 4, 5, 6, 7, 3, 4, 5, 6, 7, 4, 5, 6, 7, 5, 6, 7, 6, 7, 7], 'metric-dp-aggregation-collapsed': 0.0, 'dp-signal-update-norm': 1.7756427788188107, 'dp-parameter-count': 364426, 'dp-expected-noise-l2-norm': 3.0062780025774107, 'dp-noise-to-signal-ratio': 1.693064640274797, 'dp-noise-percent-of-signal': 169.3064640274797, 'metric-dp-noise-stdv': 0.004979944032918878}
[92mINFO [0m:      configure_evaluate: Sampled 8 nodes (out of 8)
[92mINFO [0m:      aggregate_evaluate: Received 8 results and 0 failures
[92mINFO [0m:      	└──> Aggregated MetricRecord: {'eval_loss': 1.1187434796034235, 'eval_acc': 0.7028891332600219, 'client-ids': [0, 1, 2, 3, 4, 5, 6, 7], 'per-client-eval_acc': [0.6762843068261788, 0.7151037938439513, 0.7083897158322057, 0.7237026647966339, 0.6884939195509823, 0.7069555302166477, 0.692, 0.7105990783410139], 'per-client-eval_loss': [1.2294968343972321, 1.0893282989305348, 1.1567342220043135, 1.0237939708864874, 1.231763229512856, 1.070412147548071, 1.1109878756523133, 1.0212532887261034], 'per-client-num-examples': [1421, 1397, 1478, 1426, 1069, 877, 1250, 1085]}
[92mINFO [0m:      Global evaluation
[92mINFO [0m:      	└──> MetricRecord: {'loss': 1.0843654551506043, 'accuracy': 0.7054, 'f1': 0.704341283946465, 'precision': 0.7057318469026979, 'auc': 0.9573839666666666, 'diverged': 0.0}
[92mINFO [0m:      
[92mINFO [0m:      Strategy execution finished in 555.51s
[92mINFO [0m:      
[92mINFO [0m:      Final results:
[92mINFO [0m:      
[92mINFO [0m:      	Global Arrays:
[92mINFO [0m:      		ArrayRecord (1.392 MB)
[92mINFO [0m:      	
[92mINFO [0m:      	Aggregated ClientApp-side Train Metrics:
[92mINFO [0m:      	{ 1: { 'client-ids': "['0', '1', '2', '3', '4', '5', '6', '7']",
[92mINFO [0m:      	       'dp-client-clipped': "['1', '1', '1', '1', '1', '1', '1', '1']",
[92mINFO [0m:      	       'dp-client-ids': "['0', '1', '2', '3', '4', '5', '6', '7']",
[92mINFO [0m:      	       'dp-expected-noise-l2-norm': '2.3477e+00',
[92mINFO [0m:      	       'dp-fraction-clipped': '1.0000e+00',
[92mINFO [0m:      	       'dp-noise-percent-of-signal': '1.1191e+02',
[92mINFO [0m:      	       'dp-noise-to-signal-ratio': '1.1191e+00',
[92mINFO [0m:      	       'dp-num-clients-clipped': '8',
[92mINFO [0m:      	       'dp-parameter-count': '364426',
[92mINFO [0m:      	       'dp-signal-update-norm': '2.0978e+00',
[92mINFO [0m:      	       'dp-update-norms-before-clipping': "['1.3291e+01', '1.4235e+01', "
[92mINFO [0m:      	                                          "'1.3455e+01', '1.4133e+01', "
[92mINFO [0m:      	                                          "'1.1673e+01', '9.9129e+00', "
[92mINFO [0m:      	                                          "'1.2745e+01', '1.2221e+01']",
[92mINFO [0m:      	       'metric-dp-aggregation-collapsed': '0.0000e+00',
[92mINFO [0m:      	       'metric-dp-distance': '3.2142e+00',
[92mINFO [0m:      	       'metric-dp-distance-count': '28',
[92mINFO [0m:      	       'metric-dp-distance-invalid': '0.0000e+00',
[92mINFO [0m:      	       'metric-dp-distance-mean': '2.9424e+00',
[92mINFO [0m:      	       'metric-dp-distance-median': '2.9850e+00',
[92mINFO [0m:      	       'metric-dp-distance-min': '2.5181e+00',
[92mINFO [0m:      	       'metric-dp-noise-stdv': '3.8889e-03',
[92mINFO [0m:      	       'metric-dp-pairwise-client-i': "['0', '0', '0', '0', '0', '0', '0', "
[92mINFO [0m:      	                                      "'1', '1', '1', '1', '1', '1', '2', '2', "
[92mINFO [0m:      	                                      "'2', '2', '2', '3', '3', '3', '3', '4', "
[92mINFO [0m:      	                                      "'4', '4', '5', '5', '6']",
[92mINFO [0m:      	       'metric-dp-pairwise-client-j': "['1', '2', '3', '4', '5', '6', '7', "
[92mINFO [0m:      	                                      "'2', '3', '4', '5', '6', '7', '3', '4', "
[92mINFO [0m:      	                                      "'5', '6', '7', '4', '5', '6', '7', '5', "
[92mINFO [0m:      	                                      "'6', '7', '6', '7', '7']",
[92mINFO [0m:      	       'metric-dp-pairwise-distances': "['3.1037e+00', '3.0622e+00', "
[92mINFO [0m:      	                                       "'3.1196e+00', '2.9312e+00', "
[92mINFO [0m:      	                                       "'2.6989e+00', '3.0926e+00', "
[92mINFO [0m:      	                                       "'2.9694e+00', '3.2142e+00', "
[92mINFO [0m:      	                                       "'3.2064e+00', '3.0434e+00', "
[92mINFO [0m:      	                                       "'2.8410e+00', '3.1518e+00', "
[92mINFO [0m:      	                                       "'3.0007e+00', '3.1235e+00', "
[92mINFO [0m:      	                                       "'2.9070e+00', '2.7436e+00', "
[92mINFO [0m:      	                                       "'3.0926e+00', '2.9059e+00', "
[92mINFO [0m:      	                                       "'3.0017e+00', '2.7385e+00', "
[92mINFO [0m:      	                                       "'3.1067e+00', '3.0370e+00', "
[92mINFO [0m:      	                                       "'2.5181e+00', '2.8678e+00', "
[92mINFO [0m:      	                                       "'2.8049e+00', '2.6805e+00', "
[92mINFO [0m:      	                                       "'2.5856e+00', '2.8377e+00']",
[92mINFO [0m:      	       'per-client-num-examples': "['5682', '5585', '5909', '5701', '4276', "
[92mINFO [0m:      	                                  "'3508', '5000', '4336']",
[92mINFO [0m:      	       'per-client-train_loss': "['1.4985e+00', '1.5090e+00', '1.4679e+00', "
[92mINFO [0m:      	                                "'1.4322e+00', '1.5788e+00', '1.6261e+00', "
[92mINFO [0m:      	                                "'1.4544e+00', '1.5388e+00']",
[92mINFO [0m:      	       'per-client-train_loss_mean': "['1.7789e+00', '1.8164e+00', "
[92mINFO [0m:      	                                     "'1.7247e+00', '1.6877e+00', "
[92mINFO [0m:      	                                     "'1.8067e+00', '1.8284e+00', "
[92mINFO [0m:      	                                     "'1.7208e+00', '1.7664e+00']",
[92mINFO [0m:      	       'train_loss': '1.5046e+00',
[92mINFO [0m:      	       'train_loss_mean': '1.7618e+00'},
[92mINFO [0m:      	  2: { 'client-ids': "['0', '1', '2', '3', '4', '5', '6', '7']",
[92mINFO [0m:      	       'dp-client-clipped': "['1', '1', '1', '1', '1', '1', '1', '1']",
[92mINFO [0m:      	       'dp-client-ids': "['0', '1', '2', '3', '4', '5', '6', '7']",
[92mINFO [0m:      	       'dp-expected-noise-l2-norm': '2.7609e+00',
[92mINFO [0m:      	       'dp-fraction-clipped': '1.0000e+00',
[92mINFO [0m:      	       'dp-noise-percent-of-signal': '8.9526e+01',
[92mINFO [0m:      	       'dp-noise-to-signal-ratio': '8.9526e-01',
[92mINFO [0m:      	       'dp-num-clients-clipped': '8',
[92mINFO [0m:      	       'dp-parameter-count': '364426',
[92mINFO [0m:      	       'dp-signal-update-norm': '3.0839e+00',
[92mINFO [0m:      	       'dp-update-norms-before-clipping': "['1.3644e+01', '1.4121e+01', "
[92mINFO [0m:      	                                          "'1.4763e+01', '1.3980e+01', "
[92mINFO [0m:      	                                          "'1.1943e+01', '1.1630e+01', "
[92mINFO [0m:      	                                          "'1.3139e+01', '1.2437e+01']",
[92mINFO [0m:      	       'metric-dp-aggregation-collapsed': '0.0000e+00',
[92mINFO [0m:      	       'metric-dp-distance': '2.7331e+00',
[92mINFO [0m:      	       'metric-dp-distance-count': '28',
[92mINFO [0m:      	       'metric-dp-distance-invalid': '0.0000e+00',
[92mINFO [0m:      	       'metric-dp-distance-mean': '2.5119e+00',
[92mINFO [0m:      	       'metric-dp-distance-median': '2.5181e+00',
[92mINFO [0m:      	       'metric-dp-distance-min': '2.2587e+00',
[92mINFO [0m:      	       'metric-dp-noise-stdv': '4.5735e-03',
[92mINFO [0m:      	       'metric-dp-pairwise-client-i': "['0', '0', '0', '0', '0', '0', '0', "
[92mINFO [0m:      	                                      "'1', '1', '1', '1', '1', '1', '2', '2', "
[92mINFO [0m:      	                                      "'2', '2', '2', '3', '3', '3', '3', '4', "
[92mINFO [0m:      	                                      "'4', '4', '5', '5', '6']",
[92mINFO [0m:      	       'metric-dp-pairwise-client-j': "['1', '2', '3', '4', '5', '6', '7', "
[92mINFO [0m:      	                                      "'2', '3', '4', '5', '6', '7', '3', '4', "
[92mINFO [0m:      	                                      "'5', '6', '7', '4', '5', '6', '7', '5', "
[92mINFO [0m:      	                                      "'6', '7', '6', '7', '7']",
[92mINFO [0m:      	       'metric-dp-pairwise-distances': "['2.6140e+00', '2.7197e+00', "
[92mINFO [0m:      	                                       "'2.6329e+00', '2.4843e+00', "
[92mINFO [0m:      	                                       "'2.4701e+00', '2.6204e+00', "
[92mINFO [0m:      	                                       "'2.5166e+00', '2.7331e+00', "
[92mINFO [0m:      	                                       "'2.6288e+00', '2.4457e+00', "
[92mINFO [0m:      	                                       "'2.5386e+00', '2.6108e+00', "
[92mINFO [0m:      	                                       "'2.4145e+00', '2.6354e+00', "
[92mINFO [0m:      	                                       "'2.5196e+00', '2.5835e+00', "
[92mINFO [0m:      	                                       "'2.6352e+00', '2.5761e+00', "
[92mINFO [0m:      	                                       "'2.5071e+00', '2.3386e+00', "
[92mINFO [0m:      	                                       "'2.5836e+00', '2.5064e+00', "
[92mINFO [0m:      	                                       "'2.2587e+00', '2.3993e+00', "
[92mINFO [0m:      	                                       "'2.3738e+00', '2.3283e+00', "
[92mINFO [0m:      	                                       "'2.3227e+00', '2.3344e+00']",
[92mINFO [0m:      	       'per-client-num-examples': "['5682', '5585', '5909', '5701', '4276', "
[92mINFO [0m:      	                                  "'3508', '5000', '4336']",
[92mINFO [0m:      	       'per-client-train_loss': "['1.3972e+00', '1.3922e+00', '1.3382e+00', "
[92mINFO [0m:      	                                "'1.3139e+00', '1.4365e+00', '1.4292e+00', "
[92mINFO [0m:      	                                "'1.3439e+00', '1.4300e+00']",
[92mINFO [0m:      	       'per-client-train_loss_mean': "['1.6004e+00', '1.6155e+00', "
[92mINFO [0m:      	                                     "'1.5565e+00', '1.5444e+00', "
[92mINFO [0m:      	                                     "'1.6331e+00', '1.6395e+00', "
[92mINFO [0m:      	                                     "'1.5523e+00', '1.6306e+00']",
[92mINFO [0m:      	       'train_loss': '1.3798e+00',
[92mINFO [0m:      	       'train_loss_mean': '1.5922e+00'},
[92mINFO [0m:      	  3: { 'client-ids': "['0', '1', '2', '3', '4', '5', '6', '7']",
[92mINFO [0m:      	       'dp-client-clipped': "['1', '1', '1', '1', '1', '1', '1', '1']",
[92mINFO [0m:      	       'dp-client-ids': "['0', '1', '2', '3', '4', '5', '6', '7']",
[92mINFO [0m:      	       'dp-expected-noise-l2-norm': '3.3602e+00',
[92mINFO [0m:      	       'dp-fraction-clipped': '1.0000e+00',
[92mINFO [0m:      	       'dp-noise-percent-of-signal': '9.2410e+01',
[92mINFO [0m:      	       'dp-noise-to-signal-ratio': '9.2410e-01',
[92mINFO [0m:      	       'dp-num-clients-clipped': '8',
[92mINFO [0m:      	       'dp-parameter-count': '364426',
[92mINFO [0m:      	       'dp-signal-update-norm': '3.6362e+00',
[92mINFO [0m:      	       'dp-update-norms-before-clipping': "['1.2878e+01', '1.3183e+01', "
[92mINFO [0m:      	                                          "'1.3964e+01', '1.3544e+01', "
[92mINFO [0m:      	                                          "'1.1458e+01', '1.0481e+01', "
[92mINFO [0m:      	                                          "'1.1968e+01', '1.1575e+01']",
[92mINFO [0m:      	       'metric-dp-aggregation-collapsed': '0.0000e+00',
[92mINFO [0m:      	       'metric-dp-distance': '2.2457e+00',
[92mINFO [0m:      	       'metric-dp-distance-count': '28',
[92mINFO [0m:      	       'metric-dp-distance-invalid': '0.0000e+00',
[92mINFO [0m:      	       'metric-dp-distance-mean': '2.0125e+00',
[92mINFO [0m:      	       'metric-dp-distance-median': '2.0121e+00',
[92mINFO [0m:      	       'metric-dp-distance-min': '1.7531e+00',
[92mINFO [0m:      	       'metric-dp-noise-stdv': '5.5662e-03',
[92mINFO [0m:      	       'metric-dp-pairwise-client-i': "['0', '0', '0', '0', '0', '0', '0', "
[92mINFO [0m:      	                                      "'1', '1', '1', '1', '1', '1', '2', '2', "
[92mINFO [0m:      	                                      "'2', '2', '2', '3', '3', '3', '3', '4', "
[92mINFO [0m:      	                                      "'4', '4', '5', '5', '6']",
[92mINFO [0m:      	       'metric-dp-pairwise-client-j': "['1', '2', '3', '4', '5', '6', '7', "
[92mINFO [0m:      	                                      "'2', '3', '4', '5', '6', '7', '3', '4', "
[92mINFO [0m:      	                                      "'5', '6', '7', '4', '5', '6', '7', '5', "
[92mINFO [0m:      	                                      "'6', '7', '6', '7', '7']",
[92mINFO [0m:      	       'metric-dp-pairwise-distances': "['2.0345e+00', '2.2094e+00', "
[92mINFO [0m:      	                                       "'2.1661e+00', '2.0029e+00', "
[92mINFO [0m:      	                                       "'1.9630e+00', '2.0749e+00', "
[92mINFO [0m:      	                                       "'1.9905e+00', '2.2246e+00', "
[92mINFO [0m:      	                                       "'2.1575e+00', '2.0080e+00', "
[92mINFO [0m:      	                                       "'2.0081e+00', '2.0437e+00', "
[92mINFO [0m:      	                                       "'2.0123e+00', '2.2457e+00', "
[92mINFO [0m:      	                                       "'2.0119e+00', '2.0726e+00', "
[92mINFO [0m:      	                                       "'2.0748e+00', '2.0061e+00', "
[92mINFO [0m:      	                                       "'2.0978e+00', '1.9490e+00', "
[92mINFO [0m:      	                                       "'2.0524e+00', '2.0787e+00', "
[92mINFO [0m:      	                                       "'1.8015e+00', '1.8640e+00', "
[92mINFO [0m:      	                                       "'1.8351e+00', '1.7531e+00', "
[92mINFO [0m:      	                                       "'1.7832e+00', '1.8283e+00']",
[92mINFO [0m:      	       'per-client-num-examples': "['5682', '5585', '5909', '5701', '4276', "
[92mINFO [0m:      	                                  "'3508', '5000', '4336']",
[92mINFO [0m:      	       'per-client-train_loss': "['1.2569e+00', '1.2709e+00', '1.1767e+00', "
[92mINFO [0m:      	                                "'1.1827e+00', '1.2715e+00', '1.2631e+00', "
[92mINFO [0m:      	                                "'1.2548e+00', '1.2964e+00']",
[92mINFO [0m:      	       'per-client-train_loss_mean': "['1.4283e+00', '1.4489e+00', "
[92mINFO [0m:      	                                     "'1.3599e+00', '1.3517e+00', "
[92mINFO [0m:      	                                     "'1.4485e+00', '1.4148e+00', "
[92mINFO [0m:      	                                     "'1.4034e+00', '1.4403e+00']",
[92mINFO [0m:      	       'train_loss': '1.2426e+00',
[92mINFO [0m:      	       'train_loss_mean': '1.4093e+00'},
[92mINFO [0m:      	  4: { 'client-ids': "['0', '1', '2', '3', '4', '5', '6', '7']",
[92mINFO [0m:      	       'dp-client-clipped': "['1', '1', '1', '1', '1', '1', '1', '1']",
[92mINFO [0m:      	       'dp-client-ids': "['0', '1', '2', '3', '4', '5', '6', '7']",
[92mINFO [0m:      	       'dp-expected-noise-l2-norm': '3.5876e+00',
[92mINFO [0m:      	       'dp-fraction-clipped': '1.0000e+00',
[92mINFO [0m:      	       'dp-noise-percent-of-signal': '1.0267e+02',
[92mINFO [0m:      	       'dp-noise-to-signal-ratio': '1.0267e+00',
[92mINFO [0m:      	       'dp-num-clients-clipped': '8',
[92mINFO [0m:      	       'dp-parameter-count': '364426',
[92mINFO [0m:      	       'dp-signal-update-norm': '3.4944e+00',
[92mINFO [0m:      	       'dp-update-norms-before-clipping': "['1.2517e+01', '1.2493e+01', "
[92mINFO [0m:      	                                          "'1.2659e+01', '1.2534e+01', "
[92mINFO [0m:      	                                          "'1.0434e+01', '9.4185e+00', "
[92mINFO [0m:      	                                          "'1.1440e+01', '1.0996e+01']",
[92mINFO [0m:      	       'metric-dp-aggregation-collapsed': '0.0000e+00',
[92mINFO [0m:      	       'metric-dp-distance': '2.1034e+00',
[92mINFO [0m:      	       'metric-dp-distance-count': '28',
[92mINFO [0m:      	       'metric-dp-distance-invalid': '0.0000e+00',
[92mINFO [0m:      	       'metric-dp-distance-mean': '1.9381e+00',
[92mINFO [0m:      	       'metric-dp-distance-median': '1.9650e+00',
[92mINFO [0m:      	       'metric-dp-distance-min': '1.7057e+00',
[92mINFO [0m:      	       'metric-dp-noise-stdv': '5.9429e-03',
[92mINFO [0m:      	       'metric-dp-pairwise-client-i': "['0', '0', '0', '0', '0', '0', '0', "
[92mINFO [0m:      	                                      "'1', '1', '1', '1', '1', '1', '2', '2', "
[92mINFO [0m:      	                                      "'2', '2', '2', '3', '3', '3', '3', '4', "
[92mINFO [0m:      	                                      "'4', '4', '5', '5', '6']",
[92mINFO [0m:      	       'metric-dp-pairwise-client-j': "['1', '2', '3', '4', '5', '6', '7', "
[92mINFO [0m:      	                                      "'2', '3', '4', '5', '6', '7', '3', '4', "
[92mINFO [0m:      	                                      "'5', '6', '7', '4', '5', '6', '7', '5', "
[92mINFO [0m:      	                                      "'6', '7', '6', '7', '7']",
[92mINFO [0m:      	       'metric-dp-pairwise-distances': "['2.0173e+00', '2.0905e+00', "
[92mINFO [0m:      	                                       "'2.1034e+00', '1.9643e+00', "
[92mINFO [0m:      	                                       "'1.9140e+00', '2.0171e+00', "
[92mINFO [0m:      	                                       "'1.9941e+00', '2.0490e+00', "
[92mINFO [0m:      	                                       "'2.0781e+00', '1.9251e+00', "
[92mINFO [0m:      	                                       "'1.9055e+00', '1.9783e+00', "
[92mINFO [0m:      	                                       "'1.9602e+00', '2.0896e+00', "
[92mINFO [0m:      	                                       "'1.8488e+00', '1.9030e+00', "
[92mINFO [0m:      	                                       "'1.9656e+00', '1.9849e+00', "
[92mINFO [0m:      	                                       "'1.9694e+00', '1.8436e+00', "
[92mINFO [0m:      	                                       "'2.0022e+00', '1.9830e+00', "
[92mINFO [0m:      	                                       "'1.7057e+00', '1.8192e+00', "
[92mINFO [0m:      	                                       "'1.7980e+00', '1.7298e+00', "
[92mINFO [0m:      	                                       "'1.7537e+00', '1.8737e+00']",
[92mINFO [0m:      	       'per-client-num-examples': "['5682', '5585', '5909', '5701', '4276', "
[92mINFO [0m:      	                                  "'3508', '5000', '4336']",
[92mINFO [0m:      	       'per-client-train_loss': "['1.1398e+00', '1.1247e+00', '1.0518e+00', "
[92mINFO [0m:      	                                "'1.0572e+00', '1.1226e+00', '1.1332e+00', "
[92mINFO [0m:      	                                "'1.1112e+00', '1.1362e+00']",
[92mINFO [0m:      	       'per-client-train_loss_mean': "['1.2933e+00', '1.3056e+00', "
[92mINFO [0m:      	                                     "'1.2258e+00', '1.2172e+00', "
[92mINFO [0m:      	                                     "'1.2741e+00', '1.2857e+00', "
[92mINFO [0m:      	                                     "'1.2646e+00', '1.2964e+00']",
[92mINFO [0m:      	       'train_loss': '1.1065e+00',
[92mINFO [0m:      	       'train_loss_mean': '1.2682e+00'},
[92mINFO [0m:      	  5: { 'client-ids': "['0', '1', '2', '3', '4', '5', '6', '7']",
[92mINFO [0m:      	       'dp-client-clipped': "['1', '1', '1', '1', '1', '1', '1', '1']",
[92mINFO [0m:      	       'dp-client-ids': "['0', '1', '2', '3', '4', '5', '6', '7']",
[92mINFO [0m:      	       'dp-expected-noise-l2-norm': '3.4829e+00',
[92mINFO [0m:      	       'dp-fraction-clipped': '1.0000e+00',
[92mINFO [0m:      	       'dp-noise-percent-of-signal': '1.0983e+02',
[92mINFO [0m:      	       'dp-noise-to-signal-ratio': '1.0983e+00',
[92mINFO [0m:      	       'dp-num-clients-clipped': '8',
[92mINFO [0m:      	       'dp-parameter-count': '364426',
[92mINFO [0m:      	       'dp-signal-update-norm': '3.1713e+00',
[92mINFO [0m:      	       'dp-update-norms-before-clipping': "['1.2286e+01', '1.2158e+01', "
[92mINFO [0m:      	                                          "'1.2396e+01', '1.2451e+01', "
[92mINFO [0m:      	                                          "'1.0182e+01', '9.3222e+00', "
[92mINFO [0m:      	                                          "'1.1378e+01', '1.0269e+01']",
[92mINFO [0m:      	       'metric-dp-aggregation-collapsed': '0.0000e+00',
[92mINFO [0m:      	       'metric-dp-distance': '2.1666e+00',
[92mINFO [0m:      	       'metric-dp-distance-count': '28',
[92mINFO [0m:      	       'metric-dp-distance-invalid': '0.0000e+00',
[92mINFO [0m:      	       'metric-dp-distance-mean': '1.9961e+00',
[92mINFO [0m:      	       'metric-dp-distance-median': '1.9782e+00',
[92mINFO [0m:      	       'metric-dp-distance-min': '1.7271e+00',
[92mINFO [0m:      	       'metric-dp-noise-stdv': '5.7695e-03',
[92mINFO [0m:      	       'metric-dp-pairwise-client-i': "['0', '0', '0', '0', '0', '0', '0', "
[92mINFO [0m:      	                                      "'1', '1', '1', '1', '1', '1', '2', '2', "
[92mINFO [0m:      	                                      "'2', '2', '2', '3', '3', '3', '3', '4', "
[92mINFO [0m:      	                                      "'4', '4', '5', '5', '6']",
[92mINFO [0m:      	       'metric-dp-pairwise-client-j': "['1', '2', '3', '4', '5', '6', '7', "
[92mINFO [0m:      	                                      "'2', '3', '4', '5', '6', '7', '3', '4', "
[92mINFO [0m:      	                                      "'5', '6', '7', '4', '5', '6', '7', '5', "
[92mINFO [0m:      	                                      "'6', '7', '6', '7', '7']",
[92mINFO [0m:      	       'metric-dp-pairwise-distances': "['2.0816e+00', '2.1453e+00', "
[92mINFO [0m:      	                                       "'2.1568e+00', '2.0045e+00', "
[92mINFO [0m:      	                                       "'1.9646e+00', '2.1136e+00', "
[92mINFO [0m:      	                                       "'1.9675e+00', '2.1331e+00', "
[92mINFO [0m:      	                                       "'2.1666e+00', '1.9756e+00', "
[92mINFO [0m:      	                                       "'1.9684e+00', '2.0939e+00', "
[92mINFO [0m:      	                                       "'1.9452e+00', '2.1439e+00', "
[92mINFO [0m:      	                                       "'1.9235e+00', '1.9808e+00', "
[92mINFO [0m:      	                                       "'2.0622e+00', '1.9621e+00', "
[92mINFO [0m:      	                                       "'2.0405e+00', '1.9543e+00', "
[92mINFO [0m:      	                                       "'2.1147e+00', '2.0201e+00', "
[92mINFO [0m:      	                                       "'1.7760e+00', '1.9064e+00', "
[92mINFO [0m:      	                                       "'1.7987e+00', '1.8528e+00', "
[92mINFO [0m:      	                                       "'1.7271e+00', '1.9106e+00']",
[92mINFO [0m:      	       'per-client-num-examples': "['5682', '5585', '5909', '5701', '4276', "
[92mINFO [0m:      	                                  "'3508', '5000', '4336']",
[92mINFO [0m:      	       'per-client-train_loss': "['1.0024e+00', '9.8178e-01', '9.4472e-01', "
[92mINFO [0m:      	                                "'9.4023e-01', '9.9793e-01', '9.8047e-01', "
[92mINFO [0m:      	                                "'9.8223e-01', '9.9766e-01']",
[92mINFO [0m:      	       'per-client-train_loss_mean': "['1.1803e+00', '1.1673e+00', "
[92mINFO [0m:      	                                     "'1.1079e+00', '1.0908e+00', "
[92mINFO [0m:      	                                     "'1.1505e+00', '1.1329e+00', "
[92mINFO [0m:      	                                     "'1.1446e+00', '1.1629e+00']",
[92mINFO [0m:      	       'train_loss': '9.7670e-01',
[92mINFO [0m:      	       'train_loss_mean': '1.1413e+00'},
[92mINFO [0m:      	  6: { 'client-ids': "['0', '1', '2', '3', '4', '5', '6', '7']",
[92mINFO [0m:      	       'dp-client-clipped': "['1', '1', '1', '1', '1', '1', '1', '1']",
[92mINFO [0m:      	       'dp-client-ids': "['0', '1', '2', '3', '4', '5', '6', '7']",
[92mINFO [0m:      	       'dp-expected-noise-l2-norm': '3.2683e+00',
[92mINFO [0m:      	       'dp-fraction-clipped': '1.0000e+00',
[92mINFO [0m:      	       'dp-noise-percent-of-signal': '1.1318e+02',
[92mINFO [0m:      	       'dp-noise-to-signal-ratio': '1.1318e+00',
[92mINFO [0m:      	       'dp-num-clients-clipped': '8',
[92mINFO [0m:      	       'dp-parameter-count': '364426',
[92mINFO [0m:      	       'dp-signal-update-norm': '2.8876e+00',
[92mINFO [0m:      	       'dp-update-norms-before-clipping': "['1.2863e+01', '1.2287e+01', "
[92mINFO [0m:      	                                          "'1.2308e+01', '1.2235e+01', "
[92mINFO [0m:      	                                          "'1.0344e+01', '9.4768e+00', "
[92mINFO [0m:      	                                          "'1.1190e+01', '1.0688e+01']",
[92mINFO [0m:      	       'metric-dp-aggregation-collapsed': '0.0000e+00',
[92mINFO [0m:      	       'metric-dp-distance': '2.3088e+00',
[92mINFO [0m:      	       'metric-dp-distance-count': '28',
[92mINFO [0m:      	       'metric-dp-distance-invalid': '0.0000e+00',
[92mINFO [0m:      	       'metric-dp-distance-mean': '2.0976e+00',
[92mINFO [0m:      	       'metric-dp-distance-median': '2.1031e+00',
[92mINFO [0m:      	       'metric-dp-distance-min': '1.8604e+00',
[92mINFO [0m:      	       'metric-dp-noise-stdv': '5.4140e-03',
[92mINFO [0m:      	       'metric-dp-pairwise-client-i': "['0', '0', '0', '0', '0', '0', '0', "
[92mINFO [0m:      	                                      "'1', '1', '1', '1', '1', '1', '2', '2', "
[92mINFO [0m:      	                                      "'2', '2', '2', '3', '3', '3', '3', '4', "
[92mINFO [0m:      	                                      "'4', '4', '5', '5', '6']",
[92mINFO [0m:      	       'metric-dp-pairwise-client-j': "['1', '2', '3', '4', '5', '6', '7', "
[92mINFO [0m:      	                                      "'2', '3', '4', '5', '6', '7', '3', '4', "
[92mINFO [0m:      	                                      "'5', '6', '7', '4', '5', '6', '7', '5', "
[92mINFO [0m:      	                                      "'6', '7', '6', '7', '7']",
[92mINFO [0m:      	       'metric-dp-pairwise-distances': "['2.2422e+00', '2.3069e+00', "
[92mINFO [0m:      	                                       "'2.3088e+00', '2.1704e+00', "
[92mINFO [0m:      	                                       "'2.1292e+00', '2.2369e+00', "
[92mINFO [0m:      	                                       "'2.1429e+00', '2.1971e+00', "
[92mINFO [0m:      	                                       "'2.2218e+00', '2.0930e+00', "
[92mINFO [0m:      	                                       "'2.0603e+00', '2.1382e+00', "
[92mINFO [0m:      	                                       "'2.0768e+00', '2.2028e+00', "
[92mINFO [0m:      	                                       "'2.0401e+00', '2.0358e+00', "
[92mINFO [0m:      	                                       "'2.1278e+00', '2.0701e+00', "
[92mINFO [0m:      	                                       "'2.1119e+00', '2.0180e+00', "
[92mINFO [0m:      	                                       "'2.1472e+00', '2.0942e+00', "
[92mINFO [0m:      	                                       "'1.8728e+00', '1.9834e+00', "
[92mINFO [0m:      	                                       "'1.9396e+00', '1.9123e+00', "
[92mINFO [0m:      	                                       "'1.8604e+00', '1.9915e+00']",
[92mINFO [0m:      	       'per-client-num-examples': "['5682', '5585', '5909', '5701', '4276', "
[92mINFO [0m:      	                                  "'3508', '5000', '4336']",
[92mINFO [0m:      	       'per-client-train_loss': "['8.7849e-01', '8.6759e-01', '8.1498e-01', "
[92mINFO [0m:      	                                "'8.3050e-01', '8.5885e-01', '8.2118e-01', "
[92mINFO [0m:      	                                "'8.5119e-01', '8.6729e-01']",
[92mINFO [0m:      	       'per-client-train_loss_mean': "['1.0637e+00', '1.0515e+00', "
[92mINFO [0m:      	                                     "'9.9340e-01', '9.9413e-01', "
[92mINFO [0m:      	                                     "'1.0315e+00', '1.0150e+00', "
[92mINFO [0m:      	                                     "'1.0248e+00', '1.0356e+00']",
[92mINFO [0m:      	       'train_loss': '8.4899e-01',
[92mINFO [0m:      	       'train_loss_mean': '1.0261e+00'},
[92mINFO [0m:      	  7: { 'client-ids': "['0', '1', '2', '3', '4', '5', '6', '7']",
[92mINFO [0m:      	       'dp-client-clipped': "['1', '1', '1', '1', '1', '1', '1', '1']",
[92mINFO [0m:      	       'dp-client-ids': "['0', '1', '2', '3', '4', '5', '6', '7']",
[92mINFO [0m:      	       'dp-expected-noise-l2-norm': '3.2393e+00',
[92mINFO [0m:      	       'dp-fraction-clipped': '1.0000e+00',
[92mINFO [0m:      	       'dp-noise-percent-of-signal': '1.2210e+02',
[92mINFO [0m:      	       'dp-noise-to-signal-ratio': '1.2210e+00',
[92mINFO [0m:      	       'dp-num-clients-clipped': '8',
[92mINFO [0m:      	       'dp-parameter-count': '364426',
[92mINFO [0m:      	       'dp-signal-update-norm': '2.6529e+00',
[92mINFO [0m:      	       'dp-update-norms-before-clipping': "['1.2283e+01', '1.2397e+01', "
[92mINFO [0m:      	                                          "'1.2715e+01', '1.2235e+01', "
[92mINFO [0m:      	                                          "'1.0777e+01', '9.6258e+00', "
[92mINFO [0m:      	                                          "'1.1488e+01', '1.0850e+01']",
[92mINFO [0m:      	       'metric-dp-aggregation-collapsed': '0.0000e+00',
[92mINFO [0m:      	       'metric-dp-distance': '2.3295e+00',
[92mINFO [0m:      	       'metric-dp-distance-count': '28',
[92mINFO [0m:      	       'metric-dp-distance-invalid': '0.0000e+00',
[92mINFO [0m:      	       'metric-dp-distance-mean': '2.1679e+00',
[92mINFO [0m:      	       'metric-dp-distance-median': '2.1819e+00',
[92mINFO [0m:      	       'metric-dp-distance-min': '1.9452e+00',
[92mINFO [0m:      	       'metric-dp-noise-stdv': '5.3659e-03',
[92mINFO [0m:      	       'metric-dp-pairwise-client-i': "['0', '0', '0', '0', '0', '0', '0', "
[92mINFO [0m:      	                                      "'1', '1', '1', '1', '1', '1', '2', '2', "
[92mINFO [0m:      	                                      "'2', '2', '2', '3', '3', '3', '3', '4', "
[92mINFO [0m:      	                                      "'4', '4', '5', '5', '6']",
[92mINFO [0m:      	       'metric-dp-pairwise-client-j': "['1', '2', '3', '4', '5', '6', '7', "
[92mINFO [0m:      	                                      "'2', '3', '4', '5', '6', '7', '3', '4', "
[92mINFO [0m:      	                                      "'5', '6', '7', '4', '5', '6', '7', '5', "
[92mINFO [0m:      	                                      "'6', '7', '6', '7', '7']",
[92mINFO [0m:      	       'metric-dp-pairwise-distances': "['2.2558e+00', '2.3295e+00', "
[92mINFO [0m:      	                                       "'2.2956e+00', '2.1876e+00', "
[92mINFO [0m:      	                                       "'2.0946e+00', '2.2281e+00', "
[92mINFO [0m:      	                                       "'2.1670e+00', '2.3085e+00', "
[92mINFO [0m:      	                                       "'2.2688e+00', '2.1892e+00', "
[92mINFO [0m:      	                                       "'2.1128e+00', '2.2176e+00', "
[92mINFO [0m:      	                                       "'2.1659e+00', '2.3052e+00', "
[92mINFO [0m:      	                                       "'2.1831e+00', '2.1407e+00', "
[92mINFO [0m:      	                                       "'2.2577e+00', '2.2083e+00', "
[92mINFO [0m:      	                                       "'2.1806e+00', '2.0594e+00', "
[92mINFO [0m:      	                                       "'2.2144e+00', '2.1692e+00', "
[92mINFO [0m:      	                                       "'1.9496e+00', '2.1008e+00', "
[92mINFO [0m:      	                                       "'2.0567e+00', '2.0026e+00', "
[92mINFO [0m:      	                                       "'1.9452e+00', '2.1052e+00']",
[92mINFO [0m:      	       'per-client-num-examples': "['5682', '5585', '5909', '5701', '4276', "
[92mINFO [0m:      	                                  "'3508', '5000', '4336']",
[92mINFO [0m:      	       'per-client-train_loss': "['7.6107e-01', '7.6349e-01', '7.0998e-01', "
[92mINFO [0m:      	                                "'7.1537e-01', '7.2126e-01', '7.4681e-01', "
[92mINFO [0m:      	                                "'7.7305e-01', '7.3862e-01']",
[92mINFO [0m:      	       'per-client-train_loss_mean': "['9.6240e-01', '9.6297e-01', "
[92mINFO [0m:      	                                     "'8.9429e-01', '8.9242e-01', "
[92mINFO [0m:      	                                     "'9.2859e-01', '9.2530e-01', "
[92mINFO [0m:      	                                     "'9.3956e-01', '9.4007e-01']",
[92mINFO [0m:      	       'train_loss': '7.4090e-01',
[92mINFO [0m:      	       'train_loss_mean': '9.3030e-01'},
[92mINFO [0m:      	  8: { 'client-ids': "['0', '1', '2', '3', '4', '5', '6', '7']",
[92mINFO [0m:      	       'dp-client-clipped': "['1', '1', '1', '1', '1', '1', '1', '1']",
[92mINFO [0m:      	       'dp-client-ids': "['0', '1', '2', '3', '4', '5', '6', '7']",
[92mINFO [0m:      	       'dp-expected-noise-l2-norm': '3.0675e+00',
[92mINFO [0m:      	       'dp-fraction-clipped': '1.0000e+00',
[92mINFO [0m:      	       'dp-noise-percent-of-signal': '1.2396e+02',
[92mINFO [0m:      	       'dp-noise-to-signal-ratio': '1.2396e+00',
[92mINFO [0m:      	       'dp-num-clients-clipped': '8',
[92mINFO [0m:      	       'dp-parameter-count': '364426',
[92mINFO [0m:      	       'dp-signal-update-norm': '2.4747e+00',
[92mINFO [0m:      	       'dp-update-norms-before-clipping': "['1.3072e+01', '1.2432e+01', "
[92mINFO [0m:      	                                          "'1.2648e+01', '1.2265e+01', "
[92mINFO [0m:      	                                          "'1.1018e+01', '9.8313e+00', "
[92mINFO [0m:      	                                          "'1.1558e+01', '1.0879e+01']",
[92mINFO [0m:      	       'metric-dp-aggregation-collapsed': '0.0000e+00',
[92mINFO [0m:      	       'metric-dp-distance': '2.4600e+00',
[92mINFO [0m:      	       'metric-dp-distance-count': '28',
[92mINFO [0m:      	       'metric-dp-distance-invalid': '0.0000e+00',
[92mINFO [0m:      	       'metric-dp-distance-mean': '2.2445e+00',
[92mINFO [0m:      	       'metric-dp-distance-median': '2.2453e+00',
[92mINFO [0m:      	       'metric-dp-distance-min': '1.9975e+00',
[92mINFO [0m:      	       'metric-dp-noise-stdv': '5.0814e-03',
[92mINFO [0m:      	       'metric-dp-pairwise-client-i': "['0', '0', '0', '0', '0', '0', '0', "
[92mINFO [0m:      	                                      "'1', '1', '1', '1', '1', '1', '2', '2', "
[92mINFO [0m:      	                                      "'2', '2', '2', '3', '3', '3', '3', '4', "
[92mINFO [0m:      	                                      "'4', '4', '5', '5', '6']",
[92mINFO [0m:      	       'metric-dp-pairwise-client-j': "['1', '2', '3', '4', '5', '6', '7', "
[92mINFO [0m:      	                                      "'2', '3', '4', '5', '6', '7', '3', '4', "
[92mINFO [0m:      	                                      "'5', '6', '7', '4', '5', '6', '7', '5', "
[92mINFO [0m:      	                                      "'6', '7', '6', '7', '7']",
[92mINFO [0m:      	       'metric-dp-pairwise-distances': "['2.3855e+00', '2.4600e+00', "
[92mINFO [0m:      	                                       "'2.4037e+00', '2.3237e+00', "
[92mINFO [0m:      	                                       "'2.2407e+00', '2.3574e+00', "
[92mINFO [0m:      	                                       "'2.2921e+00', '2.3649e+00', "
[92mINFO [0m:      	                                       "'2.3230e+00', '2.2579e+00', "
[92mINFO [0m:      	                                       "'2.1858e+00', '2.2840e+00', "
[92mINFO [0m:      	                                       "'2.2054e+00', '2.3505e+00', "
[92mINFO [0m:      	                                       "'2.2404e+00', '2.1997e+00', "
[92mINFO [0m:      	                                       "'2.3119e+00', '2.2500e+00', "
[92mINFO [0m:      	                                       "'2.2322e+00', '2.1436e+00', "
[92mINFO [0m:      	                                       "'2.2776e+00', '2.2211e+00', "
[92mINFO [0m:      	                                       "'2.0429e+00', '2.1750e+00', "
[92mINFO [0m:      	                                       "'2.0990e+00', '2.0775e+00', "
[92mINFO [0m:      	                                       "'1.9975e+00', '2.1436e+00']",
[92mINFO [0m:      	       'per-client-num-examples': "['5682', '5585', '5909', '5701', '4276', "
[92mINFO [0m:      	                                  "'3508', '5000', '4336']",
[92mINFO [0m:      	       'per-client-train_loss': "['6.3908e-01', '6.4666e-01', '6.1012e-01', "
[92mINFO [0m:      	                                "'6.0199e-01', '6.4736e-01', '6.3650e-01', "
[92mINFO [0m:      	                                "'6.7205e-01', '6.4777e-01']",
[92mINFO [0m:      	       'per-client-train_loss_mean': "['8.5825e-01', '8.6152e-01', "
[92mINFO [0m:      	                                     "'8.0710e-01', '7.9928e-01', "
[92mINFO [0m:      	                                     "'8.4131e-01', '8.2946e-01', "
[92mINFO [0m:      	                                     "'8.6164e-01', '8.4262e-01']",
[92mINFO [0m:      	       'train_loss': '6.3630e-01',
[92mINFO [0m:      	       'train_loss_mean': '8.3714e-01'},
[92mINFO [0m:      	  9: { 'client-ids': "['0', '1', '2', '3', '4', '5', '6', '7']",
[92mINFO [0m:      	       'dp-client-clipped': "['1', '1', '1', '1', '1', '1', '1', '1']",
[92mINFO [0m:      	       'dp-client-ids': "['0', '1', '2', '3', '4', '5', '6', '7']",
[92mINFO [0m:      	       'dp-expected-noise-l2-norm': '3.0466e+00',
[92mINFO [0m:      	       'dp-fraction-clipped': '1.0000e+00',
[92mINFO [0m:      	       'dp-noise-percent-of-signal': '1.3152e+02',
[92mINFO [0m:      	       'dp-noise-to-signal-ratio': '1.3152e+00',
[92mINFO [0m:      	       'dp-num-clients-clipped': '8',
[92mINFO [0m:      	       'dp-parameter-count': '364426',
[92mINFO [0m:      	       'dp-signal-update-norm': '2.3165e+00',
[92mINFO [0m:      	       'dp-update-norms-before-clipping': "['1.2851e+01', '1.2590e+01', "
[92mINFO [0m:      	                                          "'1.2594e+01', '1.2461e+01', "
[92mINFO [0m:      	                                          "'1.0796e+01', '9.8960e+00', "
[92mINFO [0m:      	                                          "'1.1756e+01', '1.1087e+01']",
[92mINFO [0m:      	       'metric-dp-aggregation-collapsed': '0.0000e+00',
[92mINFO [0m:      	       'metric-dp-distance': '2.4768e+00',
[92mINFO [0m:      	       'metric-dp-distance-count': '28',
[92mINFO [0m:      	       'metric-dp-distance-invalid': '0.0000e+00',
[92mINFO [0m:      	       'metric-dp-distance-mean': '2.2830e+00',
[92mINFO [0m:      	       'metric-dp-distance-median': '2.2844e+00',
[92mINFO [0m:      	       'metric-dp-distance-min': '2.0345e+00',
[92mINFO [0m:      	       'metric-dp-noise-stdv': '5.0468e-03',
[92mINFO [0m:      	       'metric-dp-pairwise-client-i': "['0', '0', '0', '0', '0', '0', '0', "
[92mINFO [0m:      	                                      "'1', '1', '1', '1', '1', '1', '2', '2', "
[92mINFO [0m:      	                                      "'2', '2', '2', '3', '3', '3', '3', '4', "
[92mINFO [0m:      	                                      "'4', '4', '5', '5', '6']",
[92mINFO [0m:      	       'metric-dp-pairwise-client-j': "['1', '2', '3', '4', '5', '6', '7', "
[92mINFO [0m:      	                                      "'2', '3', '4', '5', '6', '7', '3', '4', "
[92mINFO [0m:      	                                      "'5', '6', '7', '4', '5', '6', '7', '5', "
[92mINFO [0m:      	                                      "'6', '7', '6', '7', '7']",
[92mINFO [0m:      	       'metric-dp-pairwise-distances': "['2.4266e+00', '2.4768e+00', "
[92mINFO [0m:      	                                       "'2.4492e+00', '2.3304e+00', "
[92mINFO [0m:      	                                       "'2.2466e+00', '2.3854e+00', "
[92mINFO [0m:      	                                       "'2.3200e+00', '2.4332e+00', "
[92mINFO [0m:      	                                       "'2.4075e+00', '2.2853e+00', "
[92mINFO [0m:      	                                       "'2.2211e+00', '2.3451e+00', "
[92mINFO [0m:      	                                       "'2.2836e+00', '2.3979e+00', "
[92mINFO [0m:      	                                       "'2.2631e+00', '2.2053e+00', "
[92mINFO [0m:      	                                       "'2.3549e+00', '2.2947e+00', "
[92mINFO [0m:      	                                       "'2.2590e+00', '2.1716e+00', "
[92mINFO [0m:      	                                       "'2.3510e+00', '2.2766e+00', "
[92mINFO [0m:      	                                       "'2.0345e+00', '2.2008e+00', "
[92mINFO [0m:      	                                       "'2.1456e+00', '2.1083e+00', "
[92mINFO [0m:      	                                       "'2.0375e+00', '2.2122e+00']",
[92mINFO [0m:      	       'per-client-num-examples': "['5682', '5585', '5909', '5701', '4276', "
[92mINFO [0m:      	                                  "'3508', '5000', '4336']",
[92mINFO [0m:      	       'per-client-train_loss': "['5.6410e-01', '5.6090e-01', '5.1327e-01', "
[92mINFO [0m:      	                                "'5.2230e-01', '5.2756e-01', '5.4147e-01', "
[92mINFO [0m:      	                                "'5.8970e-01', '5.3851e-01']",
[92mINFO [0m:      	       'per-client-train_loss_mean': "['7.9398e-01', '7.8420e-01', "
[92mINFO [0m:      	                                     "'7.2435e-01', '7.1325e-01', "
[92mINFO [0m:      	                                     "'7.4509e-01', '7.5024e-01', "
[92mINFO [0m:      	                                     "'7.8209e-01', '7.5611e-01']",
[92mINFO [0m:      	       'train_loss': '5.4472e-01',
[92mINFO [0m:      	       'train_loss_mean': '7.5617e-01'},
[92mINFO [0m:      	  10: { 'client-ids': "['0', '1', '2', '3', '4', '5', '6', '7']",
[92mINFO [0m:      	        'dp-client-clipped': "['1', '1', '1', '1', '1', '1', '1', '1']",
[92mINFO [0m:      	        'dp-client-ids': "['0', '1', '2', '3', '4', '5', '6', '7']",
[92mINFO [0m:      	        'dp-expected-noise-l2-norm': '3.0364e+00',
[92mINFO [0m:      	        'dp-fraction-clipped': '1.0000e+00',
[92mINFO [0m:      	        'dp-noise-percent-of-signal': '1.3830e+02',
[92mINFO [0m:      	        'dp-noise-to-signal-ratio': '1.3830e+00',
[92mINFO [0m:      	        'dp-num-clients-clipped': '8',
[92mINFO [0m:      	        'dp-parameter-count': '364426',
[92mINFO [0m:      	        'dp-signal-update-norm': '2.1955e+00',
[92mINFO [0m:      	        'dp-update-norms-before-clipping': "['1.2645e+01', '1.2458e+01', "
[92mINFO [0m:      	                                           "'1.2636e+01', '1.2148e+01', "
[92mINFO [0m:      	                                           "'1.0759e+01', '9.7166e+00', "
[92mINFO [0m:      	                                           "'1.1635e+01', '1.0555e+01']",
[92mINFO [0m:      	        'metric-dp-aggregation-collapsed': '0.0000e+00',
[92mINFO [0m:      	        'metric-dp-distance': '2.4852e+00',
[92mINFO [0m:      	        'metric-dp-distance-count': '28',
[92mINFO [0m:      	        'metric-dp-distance-invalid': '0.0000e+00',
[92mINFO [0m:      	        'metric-dp-distance-mean': '2.2727e+00',
[92mINFO [0m:      	        'metric-dp-distance-median': '2.2804e+00',
[92mINFO [0m:      	        'metric-dp-distance-min': '1.9994e+00',
[92mINFO [0m:      	        'metric-dp-noise-stdv': '5.0298e-03',
[92mINFO [0m:      	        'metric-dp-pairwise-client-i': "['0', '0', '0', '0', '0', '0', '0', "
[92mINFO [0m:      	                                       "'1', '1', '1', '1', '1', '1', '2', "
[92mINFO [0m:      	                                       "'2', '2', '2', '2', '3', '3', '3', "
[92mINFO [0m:      	                                       "'3', '4', '4', '4', '5', '5', '6']",
[92mINFO [0m:      	        'metric-dp-pairwise-client-j': "['1', '2', '3', '4', '5', '6', '7', "
[92mINFO [0m:      	                                       "'2', '3', '4', '5', '6', '7', '3', "
[92mINFO [0m:      	                                       "'4', '5', '6', '7', '4', '5', '6', "
[92mINFO [0m:      	                                       "'7', '5', '6', '7', '6', '7', '7']",
[92mINFO [0m:      	        'metric-dp-pairwise-distances': "['2.4237e+00', '2.4852e+00', "
[92mINFO [0m:      	                                        "'2.4221e+00', '2.3142e+00', "
[92mINFO [0m:      	                                        "'2.2449e+00', '2.3821e+00', "
[92mINFO [0m:      	                                        "'2.2737e+00', '2.4527e+00', "
[92mINFO [0m:      	                                        "'2.3882e+00', '2.2896e+00', "
[92mINFO [0m:      	                                        "'2.2070e+00', '2.3432e+00', "
[92mINFO [0m:      	                                        "'2.2430e+00', '2.4144e+00', "
[92mINFO [0m:      	                                        "'2.2872e+00', '2.2237e+00', "
[92mINFO [0m:      	                                        "'2.3825e+00', '2.2971e+00', "
[92mINFO [0m:      	                                        "'2.2439e+00', '2.1481e+00', "
[92mINFO [0m:      	                                        "'2.3210e+00', '2.2244e+00', "
[92mINFO [0m:      	                                        "'2.0255e+00', '2.1953e+00', "
[92mINFO [0m:      	                                        "'2.1079e+00', '2.1062e+00', "
[92mINFO [0m:      	                                        "'1.9994e+00', '2.1891e+00']",
[92mINFO [0m:      	        'per-client-num-examples': "['5682', '5585', '5909', '5701', '4276', "
[92mINFO [0m:      	                                   "'3508', '5000', '4336']",
[92mINFO [0m:      	        'per-client-train_loss': "['4.9175e-01', '4.8412e-01', '4.7048e-01', "
[92mINFO [0m:      	                                 "'4.5614e-01', '4.4945e-01', '4.4369e-01', "
[92mINFO [0m:      	                                 "'4.9279e-01', '4.6885e-01']",
[92mINFO [0m:      	        'per-client-train_loss_mean': "['7.2468e-01', '7.1482e-01', "
[92mINFO [0m:      	                                      "'6.6476e-01', '6.5412e-01', "
[92mINFO [0m:      	                                      "'6.8054e-01', '6.7957e-01', "
[92mINFO [0m:      	                                      "'7.1123e-01', '6.8872e-01']",
[92mINFO [0m:      	        'train_loss': '4.7138e-01',
[92mINFO [0m:      	        'train_loss_mean': '6.9014e-01'},
[92mINFO [0m:      	  11: { 'client-ids': "['0', '1', '2', '3', '4', '5', '6', '7']",
[92mINFO [0m:      	        'dp-client-clipped': "['1', '1', '1', '1', '1', '1', '1', '1']",
[92mINFO [0m:      	        'dp-client-ids': "['0', '1', '2', '3', '4', '5', '6', '7']",
[92mINFO [0m:      	        'dp-expected-noise-l2-norm': '3.0287e+00',
[92mINFO [0m:      	        'dp-fraction-clipped': '1.0000e+00',
[92mINFO [0m:      	        'dp-noise-percent-of-signal': '1.4462e+02',
[92mINFO [0m:      	        'dp-noise-to-signal-ratio': '1.4462e+00',
[92mINFO [0m:      	        'dp-num-clients-clipped': '8',
[92mINFO [0m:      	        'dp-parameter-count': '364426',
[92mINFO [0m:      	        'dp-signal-update-norm': '2.0943e+00',
[92mINFO [0m:      	        'dp-update-norms-before-clipping': "['1.2884e+01', '1.2631e+01', "
[92mINFO [0m:      	                                           "'1.2339e+01', '1.2019e+01', "
[92mINFO [0m:      	                                           "'1.0643e+01', '9.5630e+00', "
[92mINFO [0m:      	                                           "'1.1375e+01', '1.0785e+01']",
[92mINFO [0m:      	        'metric-dp-aggregation-collapsed': '0.0000e+00',
[92mINFO [0m:      	        'metric-dp-distance': '2.4915e+00',
[92mINFO [0m:      	        'metric-dp-distance-count': '28',
[92mINFO [0m:      	        'metric-dp-distance-invalid': '0.0000e+00',
[92mINFO [0m:      	        'metric-dp-distance-mean': '2.2814e+00',
[92mINFO [0m:      	        'metric-dp-distance-median': '2.2919e+00',
[92mINFO [0m:      	        'metric-dp-distance-min': '2.0132e+00',
[92mINFO [0m:      	        'metric-dp-noise-stdv': '5.0171e-03',
[92mINFO [0m:      	        'metric-dp-pairwise-client-i': "['0', '0', '0', '0', '0', '0', '0', "
[92mINFO [0m:      	                                       "'1', '1', '1', '1', '1', '1', '2', "
[92mINFO [0m:      	                                       "'2', '2', '2', '2', '3', '3', '3', "
[92mINFO [0m:      	                                       "'3', '4', '4', '4', '5', '5', '6']",
[92mINFO [0m:      	        'metric-dp-pairwise-client-j': "['1', '2', '3', '4', '5', '6', '7', "
[92mINFO [0m:      	                                       "'2', '3', '4', '5', '6', '7', '3', "
[92mINFO [0m:      	                                       "'4', '5', '6', '7', '4', '5', '6', "
[92mINFO [0m:      	                                       "'7', '5', '6', '7', '6', '7', '7']",
[92mINFO [0m:      	        'metric-dp-pairwise-distances': "['2.4712e+00', '2.4915e+00', "
[92mINFO [0m:      	                                        "'2.4551e+00', '2.3404e+00', "
[92mINFO [0m:      	                                        "'2.2572e+00', '2.3952e+00', "
[92mINFO [0m:      	                                        "'2.3416e+00', '2.4528e+00', "
[92mINFO [0m:      	                                        "'2.4188e+00', '2.2967e+00', "
[92mINFO [0m:      	                                        "'2.2303e+00', '2.3646e+00', "
[92mINFO [0m:      	                                        "'2.2971e+00', '2.3939e+00', "
[92mINFO [0m:      	                                        "'2.2654e+00', '2.1911e+00', "
[92mINFO [0m:      	                                        "'2.3460e+00', '2.2871e+00', "
[92mINFO [0m:      	                                        "'2.2352e+00', '2.1466e+00', "
[92mINFO [0m:      	                                        "'2.3226e+00', '2.2545e+00', "
[92mINFO [0m:      	                                        "'2.0132e+00', '2.1860e+00', "
[92mINFO [0m:      	                                        "'2.1306e+00', '2.0755e+00', "
[92mINFO [0m:      	                                        "'2.0323e+00', '2.1864e+00']",
[92mINFO [0m:      	        'per-client-num-examples': "['5682', '5585', '5909', '5701', '4276', "
[92mINFO [0m:      	                                   "'3508', '5000', '4336']",
[92mINFO [0m:      	        'per-client-train_loss': "['4.2295e-01', '4.1988e-01', '3.8895e-01', "
[92mINFO [0m:      	                                 "'3.8905e-01', '3.8116e-01', '4.0754e-01', "
[92mINFO [0m:      	                                 "'4.2282e-01', '4.0661e-01']",
[92mINFO [0m:      	        'per-client-train_loss_mean': "['6.6255e-01', '6.3652e-01', "
[92mINFO [0m:      	                                      "'5.9652e-01', '5.9515e-01', "
[92mINFO [0m:      	                                      "'6.1671e-01', '6.2415e-01', "
[92mINFO [0m:      	                                      "'6.4184e-01', '6.2592e-01']",
[92mINFO [0m:      	        'train_loss': '4.0506e-01',
[92mINFO [0m:      	        'train_loss_mean': '6.2473e-01'},
[92mINFO [0m:      	  12: { 'client-ids': "['0', '1', '2', '3', '4', '5', '6', '7']",
[92mINFO [0m:      	        'dp-client-clipped': "['1', '1', '1', '1', '1', '1', '1', '1']",
[92mINFO [0m:      	        'dp-client-ids': "['0', '1', '2', '3', '4', '5', '6', '7']",
[92mINFO [0m:      	        'dp-expected-noise-l2-norm': '3.0127e+00',
[92mINFO [0m:      	        'dp-fraction-clipped': '1.0000e+00',
[92mINFO [0m:      	        'dp-noise-percent-of-signal': '1.4998e+02',
[92mINFO [0m:      	        'dp-noise-to-signal-ratio': '1.4998e+00',
[92mINFO [0m:      	        'dp-num-clients-clipped': '8',
[92mINFO [0m:      	        'dp-parameter-count': '364426',
[92mINFO [0m:      	        'dp-signal-update-norm': '2.0087e+00',
[92mINFO [0m:      	        'dp-update-norms-before-clipping': "['1.2660e+01', '1.2179e+01', "
[92mINFO [0m:      	                                           "'1.2394e+01', '1.2330e+01', "
[92mINFO [0m:      	                                           "'1.0533e+01', '9.5257e+00', "
[92mINFO [0m:      	                                           "'1.1689e+01', '1.0745e+01']",
[92mINFO [0m:      	        'metric-dp-aggregation-collapsed': '0.0000e+00',
[92mINFO [0m:      	        'metric-dp-distance': '2.5047e+00',
[92mINFO [0m:      	        'metric-dp-distance-count': '28',
[92mINFO [0m:      	        'metric-dp-distance-invalid': '0.0000e+00',
[92mINFO [0m:      	        'metric-dp-distance-mean': '2.2950e+00',
[92mINFO [0m:      	        'metric-dp-distance-median': '2.2953e+00',
[92mINFO [0m:      	        'metric-dp-distance-min': '2.0191e+00',
[92mINFO [0m:      	        'metric-dp-noise-stdv': '4.9906e-03',
[92mINFO [0m:      	        'metric-dp-pairwise-client-i': "['0', '0', '0', '0', '0', '0', '0', "
[92mINFO [0m:      	                                       "'1', '1', '1', '1', '1', '1', '2', "
[92mINFO [0m:      	                                       "'2', '2', '2', '2', '3', '3', '3', "
[92mINFO [0m:      	                                       "'3', '4', '4', '4', '5', '5', '6']",
[92mINFO [0m:      	        'metric-dp-pairwise-client-j': "['1', '2', '3', '4', '5', '6', '7', "
[92mINFO [0m:      	                                       "'2', '3', '4', '5', '6', '7', '3', "
[92mINFO [0m:      	                                       "'4', '5', '6', '7', '4', '5', '6', "
[92mINFO [0m:      	                                       "'7', '5', '6', '7', '6', '7', '7']",
[92mINFO [0m:      	        'metric-dp-pairwise-distances': "['2.4462e+00', '2.5047e+00', "
[92mINFO [0m:      	                                        "'2.4854e+00', '2.3436e+00', "
[92mINFO [0m:      	                                        "'2.2603e+00', '2.4339e+00', "
[92mINFO [0m:      	                                        "'2.3391e+00', '2.4318e+00', "
[92mINFO [0m:      	                                        "'2.4201e+00', '2.2630e+00', "
[92mINFO [0m:      	                                        "'2.1932e+00', '2.3518e+00', "
[92mINFO [0m:      	                                        "'2.2629e+00', '2.4461e+00', "
[92mINFO [0m:      	                                        "'2.2620e+00', '2.2090e+00', "
[92mINFO [0m:      	                                        "'2.3796e+00', '2.3088e+00', "
[92mINFO [0m:      	                                        "'2.2918e+00', '2.1925e+00', "
[92mINFO [0m:      	                                        "'2.3856e+00', '2.2988e+00', "
[92mINFO [0m:      	                                        "'2.0191e+00', '2.2157e+00', "
[92mINFO [0m:      	                                        "'2.1341e+00', '2.1158e+00', "
[92mINFO [0m:      	                                        "'2.0332e+00', '2.2309e+00']",
[92mINFO [0m:      	        'per-client-num-examples': "['5682', '5585', '5909', '5701', '4276', "
[92mINFO [0m:      	                                   "'3508', '5000', '4336']",
[92mINFO [0m:      	        'per-client-train_loss': "['3.6255e-01', '3.7639e-01', '3.1426e-01', "
[92mINFO [0m:      	                                 "'3.6092e-01', '3.3242e-01', '3.1735e-01', "
[92mINFO [0m:      	                                 "'3.6820e-01', '3.2290e-01']",
[92mINFO [0m:      	        'per-client-train_loss_mean': "['5.9141e-01', '5.9714e-01', "
[92mINFO [0m:      	                                      "'5.4205e-01', '5.4333e-01', "
[92mINFO [0m:      	                                      "'5.7396e-01', '5.5982e-01', "
[92mINFO [0m:      	                                      "'5.9405e-01', '5.6507e-01']",
[92mINFO [0m:      	        'train_loss': '3.4634e-01',
[92mINFO [0m:      	        'train_loss_mean': '5.7090e-01'},
[92mINFO [0m:      	  13: { 'client-ids': "['0', '1', '2', '3', '4', '5', '6', '7']",
[92mINFO [0m:      	        'dp-client-clipped': "['1', '1', '1', '1', '1', '1', '1', '1']",
[92mINFO [0m:      	        'dp-client-ids': "['0', '1', '2', '3', '4', '5', '6', '7']",
[92mINFO [0m:      	        'dp-expected-noise-l2-norm': '2.9849e+00',
[92mINFO [0m:      	        'dp-fraction-clipped': '1.0000e+00',
[92mINFO [0m:      	        'dp-noise-percent-of-signal': '1.5330e+02',
[92mINFO [0m:      	        'dp-noise-to-signal-ratio': '1.5330e+00',
[92mINFO [0m:      	        'dp-num-clients-clipped': '8',
[92mINFO [0m:      	        'dp-parameter-count': '364426',
[92mINFO [0m:      	        'dp-signal-update-norm': '1.9471e+00',
[92mINFO [0m:      	        'dp-update-norms-before-clipping': "['1.2795e+01', '1.2010e+01', "
[92mINFO [0m:      	                                           "'1.2400e+01', '1.2331e+01', "
[92mINFO [0m:      	                                           "'1.0492e+01', '9.8730e+00', "
[92mINFO [0m:      	                                           "'1.2076e+01', '1.0808e+01']",
[92mINFO [0m:      	        'metric-dp-aggregation-collapsed': '0.0000e+00',
[92mINFO [0m:      	        'metric-dp-distance': '2.5281e+00',
[92mINFO [0m:      	        'metric-dp-distance-count': '28',
[92mINFO [0m:      	        'metric-dp-distance-invalid': '0.0000e+00',
[92mINFO [0m:      	        'metric-dp-distance-mean': '2.3211e+00',
[92mINFO [0m:      	        'metric-dp-distance-median': '2.3046e+00',
[92mINFO [0m:      	        'metric-dp-distance-min': '2.0537e+00',
[92mINFO [0m:      	        'metric-dp-noise-stdv': '4.9445e-03',
[92mINFO [0m:      	        'metric-dp-pairwise-client-i': "['0', '0', '0', '0', '0', '0', '0', "
[92mINFO [0m:      	                                       "'1', '1', '1', '1', '1', '1', '2', "
[92mINFO [0m:      	                                       "'2', '2', '2', '2', '3', '3', '3', "
[92mINFO [0m:      	                                       "'3', '4', '4', '4', '5', '5', '6']",
[92mINFO [0m:      	        'metric-dp-pairwise-client-j': "['1', '2', '3', '4', '5', '6', '7', "
[92mINFO [0m:      	                                       "'2', '3', '4', '5', '6', '7', '3', "
[92mINFO [0m:      	                                       "'4', '5', '6', '7', '4', '5', '6', "
[92mINFO [0m:      	                                       "'7', '5', '6', '7', '6', '7', '7']",
[92mINFO [0m:      	        'metric-dp-pairwise-distances': "['2.4596e+00', '2.5281e+00', "
[92mINFO [0m:      	                                        "'2.5112e+00', '2.3573e+00', "
[92mINFO [0m:      	                                        "'2.2962e+00', '2.4763e+00', "
[92mINFO [0m:      	                                        "'2.3682e+00', '2.4416e+00', "
[92mINFO [0m:      	                                        "'2.4343e+00', '2.2665e+00', "
[92mINFO [0m:      	                                        "'2.2168e+00', '2.3846e+00', "
[92mINFO [0m:      	                                        "'2.2783e+00', '2.4576e+00', "
[92mINFO [0m:      	                                        "'2.2886e+00', '2.2341e+00', "
[92mINFO [0m:      	                                        "'2.4289e+00', '2.3159e+00', "
[92mINFO [0m:      	                                        "'2.2986e+00', '2.2178e+00', "
[92mINFO [0m:      	                                        "'2.4276e+00', '2.3106e+00', "
[92mINFO [0m:      	                                        "'2.0537e+00', '2.2575e+00', "
[92mINFO [0m:      	                                        "'2.1462e+00', '2.1866e+00', "
[92mINFO [0m:      	                                        "'2.0774e+00', '2.2712e+00']",
[92mINFO [0m:      	        'per-client-num-examples': "['5682', '5585', '5909', '5701', '4276', "
[92mINFO [0m:      	                                   "'3508', '5000', '4336']",
[92mINFO [0m:      	        'per-client-train_loss': "['3.4199e-01', '3.1690e-01', '2.7759e-01', "
[92mINFO [0m:      	                                 "'3.0923e-01', '3.0034e-01', '2.8285e-01', "
[92mINFO [0m:      	                                 "'3.2656e-01', '2.7923e-01']",
[92mINFO [0m:      	        'per-client-train_loss_mean': "['5.4931e-01', '5.4041e-01', "
[92mINFO [0m:      	                                      "'4.9587e-01', '5.0193e-01', "
[92mINFO [0m:      	                                      "'5.2938e-01', '5.2029e-01', "
[92mINFO [0m:      	                                      "'5.4602e-01', '5.1751e-01']",
[92mINFO [0m:      	        'train_loss': '3.0593e-01',
[92mINFO [0m:      	        'train_loss_mean': '5.2488e-01'},
[92mINFO [0m:      	  14: { 'client-ids': "['0', '1', '2', '3', '4', '5', '6', '7']",
[92mINFO [0m:      	        'dp-client-clipped': "['1', '1', '1', '1', '1', '1', '1', '1']",
[92mINFO [0m:      	        'dp-client-ids': "['0', '1', '2', '3', '4', '5', '6', '7']",
[92mINFO [0m:      	        'dp-expected-noise-l2-norm': '2.9883e+00',
[92mINFO [0m:      	        'dp-fraction-clipped': '1.0000e+00',
[92mINFO [0m:      	        'dp-noise-percent-of-signal': '1.5620e+02',
[92mINFO [0m:      	        'dp-noise-to-signal-ratio': '1.5620e+00',
[92mINFO [0m:      	        'dp-num-clients-clipped': '8',
[92mINFO [0m:      	        'dp-parameter-count': '364426',
[92mINFO [0m:      	        'dp-signal-update-norm': '1.9131e+00',
[92mINFO [0m:      	        'dp-update-norms-before-clipping': "['1.2314e+01', '1.2646e+01', "
[92mINFO [0m:      	                                           "'1.2381e+01', '1.2852e+01', "
[92mINFO [0m:      	                                           "'1.0735e+01', '9.8653e+00', "
[92mINFO [0m:      	                                           "'1.2417e+01', '1.1037e+01']",
[92mINFO [0m:      	        'metric-dp-aggregation-collapsed': '0.0000e+00',
[92mINFO [0m:      	        'metric-dp-distance': '2.5252e+00',
[92mINFO [0m:      	        'metric-dp-distance-count': '28',
[92mINFO [0m:      	        'metric-dp-distance-invalid': '0.0000e+00',
[92mINFO [0m:      	        'metric-dp-distance-mean': '2.3544e+00',
[92mINFO [0m:      	        'metric-dp-distance-median': '2.3445e+00',
[92mINFO [0m:      	        'metric-dp-distance-min': '2.0765e+00',
[92mINFO [0m:      	        'metric-dp-noise-stdv': '4.9501e-03',
[92mINFO [0m:      	        'metric-dp-pairwise-client-i': "['0', '0', '0', '0', '0', '0', '0', "
[92mINFO [0m:      	                                       "'1', '1', '1', '1', '1', '1', '2', "
[92mINFO [0m:      	                                       "'2', '2', '2', '2', '3', '3', '3', "
[92mINFO [0m:      	                                       "'3', '4', '4', '4', '5', '5', '6']",
[92mINFO [0m:      	        'metric-dp-pairwise-client-j': "['1', '2', '3', '4', '5', '6', '7', "
[92mINFO [0m:      	                                       "'2', '3', '4', '5', '6', '7', '3', "
[92mINFO [0m:      	                                       "'4', '5', '6', '7', '4', '5', '6', "
[92mINFO [0m:      	                                       "'7', '5', '6', '7', '6', '7', '7']",
[92mINFO [0m:      	        'metric-dp-pairwise-distances': "['2.4687e+00', '2.4841e+00', "
[92mINFO [0m:      	                                        "'2.4976e+00', '2.3272e+00', "
[92mINFO [0m:      	                                        "'2.2546e+00', '2.4555e+00', "
[92mINFO [0m:      	                                        "'2.3398e+00', '2.5148e+00', "
[92mINFO [0m:      	                                        "'2.5252e+00', '2.3421e+00', "
[92mINFO [0m:      	                                        "'2.2769e+00', '2.4813e+00', "
[92mINFO [0m:      	                                        "'2.3589e+00', '2.4920e+00', "
[92mINFO [0m:      	                                        "'2.3102e+00', '2.2481e+00', "
[92mINFO [0m:      	                                        "'2.4591e+00', '2.3468e+00', "
[92mINFO [0m:      	                                        "'2.3596e+00', '2.2616e+00', "
[92mINFO [0m:      	                                        "'2.4931e+00', '2.3747e+00', "
[92mINFO [0m:      	                                        "'2.0765e+00', '2.3207e+00', "
[92mINFO [0m:      	                                        "'2.1945e+00', '2.2180e+00', "
[92mINFO [0m:      	                                        "'2.1054e+00', '2.3355e+00']",
[92mINFO [0m:      	        'per-client-num-examples': "['5682', '5585', '5909', '5701', '4276', "
[92mINFO [0m:      	                                   "'3508', '5000', '4336']",
[92mINFO [0m:      	        'per-client-train_loss': "['2.6801e-01', '2.6850e-01', '2.6098e-01', "
[92mINFO [0m:      	                                 "'2.3780e-01', '2.6411e-01', '2.3747e-01', "
[92mINFO [0m:      	                                 "'2.8775e-01', '2.7525e-01']",
[92mINFO [0m:      	        'per-client-train_loss_mean': "['5.0141e-01', '4.9541e-01', "
[92mINFO [0m:      	                                      "'4.5595e-01', '4.6078e-01', "
[92mINFO [0m:      	                                      "'4.7451e-01', '4.7181e-01', "
[92mINFO [0m:      	                                      "'5.0174e-01', '4.8696e-01']",
[92mINFO [0m:      	        'train_loss': '2.6289e-01',
[92mINFO [0m:      	        'train_loss_mean': '4.8107e-01'},
[92mINFO [0m:      	  15: { 'client-ids': "['0', '1', '2', '3', '4', '5', '6', '7']",
[92mINFO [0m:      	        'dp-client-clipped': "['1', '1', '1', '1', '1', '1', '1', '1']",
[92mINFO [0m:      	        'dp-client-ids': "['0', '1', '2', '3', '4', '5', '6', '7']",
[92mINFO [0m:      	        'dp-expected-noise-l2-norm': '2.9315e+00',
[92mINFO [0m:      	        'dp-fraction-clipped': '1.0000e+00',
[92mINFO [0m:      	        'dp-noise-percent-of-signal': '1.5620e+02',
[92mINFO [0m:      	        'dp-noise-to-signal-ratio': '1.5620e+00',
[92mINFO [0m:      	        'dp-num-clients-clipped': '8',
[92mINFO [0m:      	        'dp-parameter-count': '364426',
[92mINFO [0m:      	        'dp-signal-update-norm': '1.8768e+00',
[92mINFO [0m:      	        'dp-update-norms-before-clipping': "['1.2822e+01', '1.3138e+01', "
[92mINFO [0m:      	                                           "'1.2773e+01', '1.2550e+01', "
[92mINFO [0m:      	                                           "'1.0817e+01', '9.6541e+00', "
[92mINFO [0m:      	                                           "'1.2230e+01', '1.0975e+01']",
[92mINFO [0m:      	        'metric-dp-aggregation-collapsed': '0.0000e+00',
[92mINFO [0m:      	        'metric-dp-distance': '2.5741e+00',
[92mINFO [0m:      	        'metric-dp-distance-count': '28',
[92mINFO [0m:      	        'metric-dp-distance-invalid': '0.0000e+00',
[92mINFO [0m:      	        'metric-dp-distance-mean': '2.3746e+00',
[92mINFO [0m:      	        'metric-dp-distance-median': '2.3722e+00',
[92mINFO [0m:      	        'metric-dp-distance-min': '2.0574e+00',
[92mINFO [0m:      	        'metric-dp-noise-stdv': '4.8560e-03',
[92mINFO [0m:      	        'metric-dp-pairwise-client-i': "['0', '0', '0', '0', '0', '0', '0', "
[92mINFO [0m:      	                                       "'1', '1', '1', '1', '1', '1', '2', "
[92mINFO [0m:      	                                       "'2', '2', '2', '2', '3', '3', '3', "
[92mINFO [0m:      	                                       "'3', '4', '4', '4', '5', '5', '6']",
[92mINFO [0m:      	        'metric-dp-pairwise-client-j': "['1', '2', '3', '4', '5', '6', '7', "
[92mINFO [0m:      	                                       "'2', '3', '4', '5', '6', '7', '3', "
[92mINFO [0m:      	                                       "'4', '5', '6', '7', '4', '5', '6', "
[92mINFO [0m:      	                                       "'7', '5', '6', '7', '6', '7', '7']",
[92mINFO [0m:      	        'metric-dp-pairwise-distances': "['2.5737e+00', '2.5603e+00', "
[92mINFO [0m:      	                                        "'2.5367e+00', '2.3841e+00', "
[92mINFO [0m:      	                                        "'2.2798e+00', '2.4897e+00', "
[92mINFO [0m:      	                                        "'2.3765e+00', '2.5741e+00', "
[92mINFO [0m:      	                                        "'2.5658e+00', '2.4047e+00', "
[92mINFO [0m:      	                                        "'2.3184e+00', '2.5090e+00', "
[92mINFO [0m:      	                                        "'2.4146e+00', '2.5301e+00', "
[92mINFO [0m:      	                                        "'2.3469e+00', '2.2680e+00', "
[92mINFO [0m:      	                                        "'2.4833e+00', '2.3678e+00', "
[92mINFO [0m:      	                                        "'2.3582e+00', '2.2264e+00', "
[92mINFO [0m:      	                                        "'2.4589e+00', '2.3559e+00', "
[92mINFO [0m:      	                                        "'2.0574e+00', '2.2943e+00', "
[92mINFO [0m:      	                                        "'2.1920e+00', '2.1883e+00', "
[92mINFO [0m:      	                                        "'2.0689e+00', '2.3054e+00']",
[92mINFO [0m:      	        'per-client-num-examples': "['5682', '5585', '5909', '5701', '4276', "
[92mINFO [0m:      	                                   "'3508', '5000', '4336']",
[92mINFO [0m:      	        'per-client-train_loss': "['2.3863e-01', '2.5151e-01', '2.3349e-01', "
[92mINFO [0m:      	                                 "'2.4654e-01', '2.1390e-01', '2.3291e-01', "
[92mINFO [0m:      	                                 "'2.3649e-01', '2.0293e-01']",
[92mINFO [0m:      	        'per-client-train_loss_mean': "['4.5793e-01', '4.5742e-01', "
[92mINFO [0m:      	                                      "'4.1410e-01', '4.2799e-01', "
[92mINFO [0m:      	                                      "'4.4584e-01', '4.4692e-01', "
[92mINFO [0m:      	                                      "'4.6708e-01', '4.4063e-01']",
[92mINFO [0m:      	        'train_loss': '2.3351e-01',
[92mINFO [0m:      	        'train_loss_mean': '4.4413e-01'},
[92mINFO [0m:      	  16: { 'client-ids': "['0', '1', '2', '3', '4', '5', '6', '7']",
[92mINFO [0m:      	        'dp-client-clipped': "['1', '1', '1', '1', '1', '1', '1', '1']",
[92mINFO [0m:      	        'dp-client-ids': "['0', '1', '2', '3', '4', '5', '6', '7']",
[92mINFO [0m:      	        'dp-expected-noise-l2-norm': '2.9586e+00',
[92mINFO [0m:      	        'dp-fraction-clipped': '1.0000e+00',
[92mINFO [0m:      	        'dp-noise-percent-of-signal': '1.5965e+02',
[92mINFO [0m:      	        'dp-noise-to-signal-ratio': '1.5965e+00',
[92mINFO [0m:      	        'dp-num-clients-clipped': '8',
[92mINFO [0m:      	        'dp-parameter-count': '364426',
[92mINFO [0m:      	        'dp-signal-update-norm': '1.8532e+00',
[92mINFO [0m:      	        'dp-update-norms-before-clipping': "['1.2539e+01', '1.2609e+01', "
[92mINFO [0m:      	                                           "'1.2213e+01', '1.2897e+01', "
[92mINFO [0m:      	                                           "'1.0554e+01', '1.0483e+01', "
[92mINFO [0m:      	                                           "'1.1790e+01', '1.1046e+01']",
[92mINFO [0m:      	        'metric-dp-aggregation-collapsed': '0.0000e+00',
[92mINFO [0m:      	        'metric-dp-distance': '2.5505e+00',
[92mINFO [0m:      	        'metric-dp-distance-count': '28',
[92mINFO [0m:      	        'metric-dp-distance-invalid': '0.0000e+00',
[92mINFO [0m:      	        'metric-dp-distance-mean': '2.3559e+00',
[92mINFO [0m:      	        'metric-dp-distance-median': '2.3546e+00',
[92mINFO [0m:      	        'metric-dp-distance-min': '2.1101e+00',
[92mINFO [0m:      	        'metric-dp-noise-stdv': '4.9010e-03',
[92mINFO [0m:      	        'metric-dp-pairwise-client-i': "['0', '0', '0', '0', '0', '0', '0', "
[92mINFO [0m:      	                                       "'1', '1', '1', '1', '1', '1', '2', "
[92mINFO [0m:      	                                       "'2', '2', '2', '2', '3', '3', '3', "
[92mINFO [0m:      	                                       "'3', '4', '4', '4', '5', '5', '6']",
[92mINFO [0m:      	        'metric-dp-pairwise-client-j': "['1', '2', '3', '4', '5', '6', '7', "
[92mINFO [0m:      	                                       "'2', '3', '4', '5', '6', '7', '3', "
[92mINFO [0m:      	                                       "'4', '5', '6', '7', '4', '5', '6', "
[92mINFO [0m:      	                                       "'7', '5', '6', '7', '6', '7', '7']",
[92mINFO [0m:      	        'metric-dp-pairwise-distances': "['2.5067e+00', '2.4947e+00', "
[92mINFO [0m:      	                                        "'2.5419e+00', '2.3554e+00', "
[92mINFO [0m:      	                                        "'2.3178e+00', '2.4442e+00', "
[92mINFO [0m:      	                                        "'2.3580e+00', '2.4836e+00', "
[92mINFO [0m:      	                                        "'2.5505e+00', '2.3516e+00', "
[92mINFO [0m:      	                                        "'2.3247e+00', '2.4376e+00', "
[92mINFO [0m:      	                                        "'2.3538e+00', '2.5051e+00', "
[92mINFO [0m:      	                                        "'2.2817e+00', '2.2781e+00', "
[92mINFO [0m:      	                                        "'2.4048e+00', '2.3139e+00', "
[92mINFO [0m:      	                                        "'2.3606e+00', '2.3234e+00', "
[92mINFO [0m:      	                                        "'2.4608e+00', '2.3781e+00', "
[92mINFO [0m:      	                                        "'2.1101e+00', '2.2498e+00', "
[92mINFO [0m:      	                                        "'2.1757e+00', '2.2048e+00', "
[92mINFO [0m:      	                                        "'2.1350e+00', '2.2627e+00']",
[92mINFO [0m:      	        'per-client-num-examples': "['5682', '5585', '5909', '5701', '4276', "
[92mINFO [0m:      	                                   "'3508', '5000', '4336']",
[92mINFO [0m:      	        'per-client-train_loss': "['2.3042e-01', '2.0047e-01', '1.9691e-01', "
[92mINFO [0m:      	                                 "'1.9586e-01', '2.0727e-01', '1.8645e-01', "
[92mINFO [0m:      	                                 "'2.3508e-01', '2.1019e-01']",
[92mINFO [0m:      	        'per-client-train_loss_mean': "['4.2807e-01', '4.1163e-01', "
[92mINFO [0m:      	                                      "'3.7857e-01', '3.9010e-01', "
[92mINFO [0m:      	                                      "'4.1141e-01', '4.0026e-01', "
[92mINFO [0m:      	                                      "'4.3756e-01', '4.0016e-01']",
[92mINFO [0m:      	        'train_loss': '2.0842e-01',
[92mINFO [0m:      	        'train_loss_mean': '4.0699e-01'},
[92mINFO [0m:      	  17: { 'client-ids': "['0', '1', '2', '3', '4', '5', '6', '7']",
[92mINFO [0m:      	        'dp-client-clipped': "['1', '1', '1', '1', '1', '1', '1', '1']",
[92mINFO [0m:      	        'dp-client-ids': "['0', '1', '2', '3', '4', '5', '6', '7']",
[92mINFO [0m:      	        'dp-expected-noise-l2-norm': '2.9711e+00',
[92mINFO [0m:      	        'dp-fraction-clipped': '1.0000e+00',
[92mINFO [0m:      	        'dp-noise-percent-of-signal': '1.6120e+02',
[92mINFO [0m:      	        'dp-noise-to-signal-ratio': '1.6120e+00',
[92mINFO [0m:      	        'dp-num-clients-clipped': '8',
[92mINFO [0m:      	        'dp-parameter-count': '364426',
[92mINFO [0m:      	        'dp-signal-update-norm': '1.8430e+00',
[92mINFO [0m:      	        'dp-update-norms-before-clipping': "['1.2250e+01', '1.2953e+01', "
[92mINFO [0m:      	                                           "'1.2508e+01', '1.2578e+01', "
[92mINFO [0m:      	                                           "'1.0509e+01', '9.9987e+00', "
[92mINFO [0m:      	                                           "'1.1518e+01', '1.1273e+01']",
[92mINFO [0m:      	        'metric-dp-aggregation-collapsed': '0.0000e+00',
[92mINFO [0m:      	        'metric-dp-distance': '2.5398e+00',
[92mINFO [0m:      	        'metric-dp-distance-count': '28',
[92mINFO [0m:      	        'metric-dp-distance-invalid': '0.0000e+00',
[92mINFO [0m:      	        'metric-dp-distance-mean': '2.3443e+00',
[92mINFO [0m:      	        'metric-dp-distance-median': '2.3597e+00',
[92mINFO [0m:      	        'metric-dp-distance-min': '2.0603e+00',
[92mINFO [0m:      	        'metric-dp-noise-stdv': '4.9216e-03',
[92mINFO [0m:      	        'metric-dp-pairwise-client-i': "['0', '0', '0', '0', '0', '0', '0', "
[92mINFO [0m:      	                                       "'1', '1', '1', '1', '1', '1', '2', "
[92mINFO [0m:      	                                       "'2', '2', '2', '2', '3', '3', '3', "
[92mINFO [0m:      	                                       "'3', '4', '4', '4', '5', '5', '6']",
[92mINFO [0m:      	        'metric-dp-pairwise-client-j': "['1', '2', '3', '4', '5', '6', '7', "
[92mINFO [0m:      	                                       "'2', '3', '4', '5', '6', '7', '3', "
[92mINFO [0m:      	                                       "'4', '5', '6', '7', '4', '5', '6', "
[92mINFO [0m:      	                                       "'7', '5', '6', '7', '6', '7', '7']",
[92mINFO [0m:      	        'metric-dp-pairwise-distances': "['2.4912e+00', '2.5015e+00', "
[92mINFO [0m:      	                                        "'2.4812e+00', '2.3168e+00', "
[92mINFO [0m:      	                                        "'2.2558e+00', '2.3917e+00', "
[92mINFO [0m:      	                                        "'2.3594e+00', '2.5398e+00', "
[92mINFO [0m:      	                                        "'2.5243e+00', '2.3600e+00', "
[92mINFO [0m:      	                                        "'2.3076e+00', '2.4381e+00', "
[92mINFO [0m:      	                                        "'2.4001e+00', '2.5051e+00', "
[92mINFO [0m:      	                                        "'2.3132e+00', '2.2747e+00', "
[92mINFO [0m:      	                                        "'2.4128e+00', '2.3759e+00', "
[92mINFO [0m:      	                                        "'2.3287e+00', '2.2558e+00', "
[92mINFO [0m:      	                                        "'2.4035e+00', '2.3683e+00', "
[92mINFO [0m:      	                                        "'2.0603e+00', '2.2238e+00', "
[92mINFO [0m:      	                                        "'2.1979e+00', '2.1496e+00', "
[92mINFO [0m:      	                                        "'2.1325e+00', '2.2699e+00']",
[92mINFO [0m:      	        'per-client-num-examples': "['5682', '5585', '5909', '5701', '4276', "
[92mINFO [0m:      	                                   "'3508', '5000', '4336']",
[92mINFO [0m:      	        'per-client-train_loss': "['2.0060e-01', '2.0404e-01', '1.8730e-01', "
[92mINFO [0m:      	                                 "'1.8658e-01', '1.7924e-01', '1.8131e-01', "
[92mINFO [0m:      	                                 "'1.8274e-01', '1.9188e-01']",
[92mINFO [0m:      	        'per-client-train_loss_mean': "['3.8876e-01', '3.8958e-01', "
[92mINFO [0m:      	                                      "'3.5605e-01', '3.5678e-01', "
[92mINFO [0m:      	                                      "'3.7308e-01', '3.7095e-01', "
[92mINFO [0m:      	                                      "'3.8720e-01', '3.8126e-01']",
[92mINFO [0m:      	        'train_loss': '1.8997e-01',
[92mINFO [0m:      	        'train_loss_mean': '3.7524e-01'},
[92mINFO [0m:      	  18: { 'client-ids': "['0', '1', '2', '3', '4', '5', '6', '7']",
[92mINFO [0m:      	        'dp-client-clipped': "['1', '1', '1', '1', '1', '1', '1', '1']",
[92mINFO [0m:      	        'dp-client-ids': "['0', '1', '2', '3', '4', '5', '6', '7']",
[92mINFO [0m:      	        'dp-expected-noise-l2-norm': '2.9197e+00',
[92mINFO [0m:      	        'dp-fraction-clipped': '1.0000e+00',
[92mINFO [0m:      	        'dp-noise-percent-of-signal': '1.6054e+02',
[92mINFO [0m:      	        'dp-noise-to-signal-ratio': '1.6054e+00',
[92mINFO [0m:      	        'dp-num-clients-clipped': '8',
[92mINFO [0m:      	        'dp-parameter-count': '364426',
[92mINFO [0m:      	        'dp-signal-update-norm': '1.8187e+00',
[92mINFO [0m:      	        'dp-update-norms-before-clipping': "['1.2392e+01', '1.2788e+01', "
[92mINFO [0m:      	                                           "'1.2271e+01', '1.3144e+01', "
[92mINFO [0m:      	                                           "'1.0700e+01', '9.9292e+00', "
[92mINFO [0m:      	                                           "'1.1733e+01', '1.1030e+01']",
[92mINFO [0m:      	        'metric-dp-aggregation-collapsed': '0.0000e+00',
[92mINFO [0m:      	        'metric-dp-distance': '2.5845e+00',
[92mINFO [0m:      	        'metric-dp-distance-count': '28',
[92mINFO [0m:      	        'metric-dp-distance-invalid': '0.0000e+00',
[92mINFO [0m:      	        'metric-dp-distance-mean': '2.3567e+00',
[92mINFO [0m:      	        'metric-dp-distance-median': '2.3623e+00',
[92mINFO [0m:      	        'metric-dp-distance-min': '2.0862e+00',
[92mINFO [0m:      	        'metric-dp-noise-stdv': '4.8366e-03',
[92mINFO [0m:      	        'metric-dp-pairwise-client-i': "['0', '0', '0', '0', '0', '0', '0', "
[92mINFO [0m:      	                                       "'1', '1', '1', '1', '1', '1', '2', "
[92mINFO [0m:      	                                       "'2', '2', '2', '2', '3', '3', '3', "
[92mINFO [0m:      	                                       "'3', '4', '4', '4', '5', '5', '6']",
[92mINFO [0m:      	        'metric-dp-pairwise-client-j': "['1', '2', '3', '4', '5', '6', '7', "
[92mINFO [0m:      	                                       "'2', '3', '4', '5', '6', '7', '3', "
[92mINFO [0m:      	                                       "'4', '5', '6', '7', '4', '5', '6', "
[92mINFO [0m:      	                                       "'7', '5', '6', '7', '6', '7', '7']",
[92mINFO [0m:      	        'metric-dp-pairwise-distances': "['2.5021e+00', '2.4963e+00', "
[92mINFO [0m:      	                                        "'2.5546e+00', '2.3394e+00', "
[92mINFO [0m:      	                                        "'2.2572e+00', '2.4216e+00', "
[92mINFO [0m:      	                                        "'2.3553e+00', '2.5139e+00', "
[92mINFO [0m:      	                                        "'2.5845e+00', '2.3692e+00', "
[92mINFO [0m:      	                                        "'2.2946e+00', '2.4412e+00', "
[92mINFO [0m:      	                                        "'2.3841e+00', '2.5385e+00', "
[92mINFO [0m:      	                                        "'2.2942e+00', '2.2472e+00', "
[92mINFO [0m:      	                                        "'2.4015e+00', '2.3307e+00', "
[92mINFO [0m:      	                                        "'2.4072e+00', '2.3178e+00', "
[92mINFO [0m:      	                                        "'2.4754e+00', '2.4112e+00', "
[92mINFO [0m:      	                                        "'2.0862e+00', '2.2599e+00', "
[92mINFO [0m:      	                                        "'2.1824e+00', '2.1618e+00', "
[92mINFO [0m:      	                                        "'2.0958e+00', '2.2637e+00']",
[92mINFO [0m:      	        'per-client-num-examples': "['5682', '5585', '5909', '5701', '4276', "
[92mINFO [0m:      	                                   "'3508', '5000', '4336']",
[92mINFO [0m:      	        'per-client-train_loss': "['1.8943e-01', '1.9027e-01', '1.8123e-01', "
[92mINFO [0m:      	                                 "'1.7761e-01', '1.8191e-01', '1.5657e-01', "
[92mINFO [0m:      	                                 "'1.7666e-01', '1.6945e-01']",
[92mINFO [0m:      	        'per-client-train_loss_mean': "['3.6799e-01', '3.6460e-01', "
[92mINFO [0m:      	                                      "'3.3637e-01', '3.3020e-01', "
[92mINFO [0m:      	                                      "'3.5803e-01', '3.5179e-01', "
[92mINFO [0m:      	                                      "'3.7068e-01', '3.5971e-01']",
[92mINFO [0m:      	        'train_loss': '1.7920e-01',
[92mINFO [0m:      	        'train_loss_mean': '3.5441e-01'},
[92mINFO [0m:      	  19: { 'client-ids': "['0', '1', '2', '3', '4', '5', '6', '7']",
[92mINFO [0m:      	        'dp-client-clipped': "['1', '1', '1', '1', '1', '1', '1', '1']",
[92mINFO [0m:      	        'dp-client-ids': "['0', '1', '2', '3', '4', '5', '6', '7']",
[92mINFO [0m:      	        'dp-expected-noise-l2-norm': '2.9734e+00',
[92mINFO [0m:      	        'dp-fraction-clipped': '1.0000e+00',
[92mINFO [0m:      	        'dp-noise-percent-of-signal': '1.6506e+02',
[92mINFO [0m:      	        'dp-noise-to-signal-ratio': '1.6506e+00',
[92mINFO [0m:      	        'dp-num-clients-clipped': '8',
[92mINFO [0m:      	        'dp-parameter-count': '364426',
[92mINFO [0m:      	        'dp-signal-update-norm': '1.8015e+00',
[92mINFO [0m:      	        'dp-update-norms-before-clipping': "['1.2524e+01', '1.2709e+01', "
[92mINFO [0m:      	                                           "'1.2584e+01', '1.2441e+01', "
[92mINFO [0m:      	                                           "'1.0540e+01', '1.0107e+01', "
[92mINFO [0m:      	                                           "'1.1581e+01', '1.1157e+01']",
[92mINFO [0m:      	        'metric-dp-aggregation-collapsed': '0.0000e+00',
[92mINFO [0m:      	        'metric-dp-distance': '2.5378e+00',
[92mINFO [0m:      	        'metric-dp-distance-count': '28',
[92mINFO [0m:      	        'metric-dp-distance-invalid': '0.0000e+00',
[92mINFO [0m:      	        'metric-dp-distance-mean': '2.3415e+00',
[92mINFO [0m:      	        'metric-dp-distance-median': '2.3433e+00',
[92mINFO [0m:      	        'metric-dp-distance-min': '2.0561e+00',
[92mINFO [0m:      	        'metric-dp-noise-stdv': '4.9255e-03',
[92mINFO [0m:      	        'metric-dp-pairwise-client-i': "['0', '0', '0', '0', '0', '0', '0', "
[92mINFO [0m:      	                                       "'1', '1', '1', '1', '1', '1', '2', "
[92mINFO [0m:      	                                       "'2', '2', '2', '2', '3', '3', '3', "
[92mINFO [0m:      	                                       "'3', '4', '4', '4', '5', '5', '6']",
[92mINFO [0m:      	        'metric-dp-pairwise-client-j': "['1', '2', '3', '4', '5', '6', '7', "
[92mINFO [0m:      	                                       "'2', '3', '4', '5', '6', '7', '3', "
[92mINFO [0m:      	                                       "'4', '5', '6', '7', '4', '5', '6', "
[92mINFO [0m:      	                                       "'7', '5', '6', '7', '6', '7', '7']",
[92mINFO [0m:      	        'metric-dp-pairwise-distances': "['2.5049e+00', '2.5378e+00', "
[92mINFO [0m:      	                                        "'2.4916e+00', '2.3434e+00', "
[92mINFO [0m:      	                                        "'2.2809e+00', '2.4234e+00', "
[92mINFO [0m:      	                                        "'2.3700e+00', '2.5277e+00', "
[92mINFO [0m:      	                                        "'2.4875e+00', '2.3338e+00', "
[92mINFO [0m:      	                                        "'2.2829e+00', '2.4208e+00', "
[92mINFO [0m:      	                                        "'2.3732e+00', '2.5051e+00', "
[92mINFO [0m:      	                                        "'2.3178e+00', '2.2920e+00', "
[92mINFO [0m:      	                                        "'2.4258e+00', '2.3632e+00', "
[92mINFO [0m:      	                                        "'2.3055e+00', '2.2383e+00', "
[92mINFO [0m:      	                                        "'2.3909e+00', '2.3432e+00', "
[92mINFO [0m:      	                                        "'2.0561e+00', '2.2214e+00', "
[92mINFO [0m:      	                                        "'2.1802e+00', '2.1613e+00', "
[92mINFO [0m:      	                                        "'2.1165e+00', '2.2678e+00']",
[92mINFO [0m:      	        'per-client-num-examples': "['5682', '5585', '5909', '5701', '4276', "
[92mINFO [0m:      	                                   "'3508', '5000', '4336']",
[92mINFO [0m:      	        'per-client-train_loss': "['1.8458e-01', '1.5456e-01', '1.5753e-01', "
[92mINFO [0m:      	                                 "'1.3454e-01', '1.4012e-01', '1.4071e-01', "
[92mINFO [0m:      	                                 "'1.4170e-01', '1.7710e-01']",
[92mINFO [0m:      	        'per-client-train_loss_mean': "['3.3821e-01', '3.3775e-01', "
[92mINFO [0m:      	                                      "'3.0777e-01', '3.0582e-01', "
[92mINFO [0m:      	                                      "'3.2630e-01', '3.3137e-01', "
[92mINFO [0m:      	                                      "'3.3972e-01', '3.3847e-01']",
[92mINFO [0m:      	        'train_loss': '1.5449e-01',
[92mINFO [0m:      	        'train_loss_mean': '3.2738e-01'},
[92mINFO [0m:      	  20: { 'client-ids': "['0', '1', '2', '3', '4', '5', '6', '7']",
[92mINFO [0m:      	        'dp-client-clipped': "['1', '1', '1', '1', '1', '1', '1', '1']",
[92mINFO [0m:      	        'dp-client-ids': "['0', '1', '2', '3', '4', '5', '6', '7']",
[92mINFO [0m:      	        'dp-expected-noise-l2-norm': '3.0063e+00',
[92mINFO [0m:      	        'dp-fraction-clipped': '1.0000e+00',
[92mINFO [0m:      	        'dp-noise-percent-of-signal': '1.6931e+02',
[92mINFO [0m:      	        'dp-noise-to-signal-ratio': '1.6931e+00',
[92mINFO [0m:      	        'dp-num-clients-clipped': '8',
[92mINFO [0m:      	        'dp-parameter-count': '364426',
[92mINFO [0m:      	        'dp-signal-update-norm': '1.7756e+00',
[92mINFO [0m:      	        'dp-update-norms-before-clipping': "['1.2231e+01', '1.2724e+01', "
[92mINFO [0m:      	                                           "'1.2387e+01', '1.2402e+01', "
[92mINFO [0m:      	                                           "'1.0671e+01', '9.6944e+00', "
[92mINFO [0m:      	                                           "'1.1946e+01', '1.0881e+01']",
[92mINFO [0m:      	        'metric-dp-aggregation-collapsed': '0.0000e+00',
[92mINFO [0m:      	        'metric-dp-distance': '2.5101e+00',
[92mINFO [0m:      	        'metric-dp-distance-count': '28',
[92mINFO [0m:      	        'metric-dp-distance-invalid': '0.0000e+00',
[92mINFO [0m:      	        'metric-dp-distance-mean': '2.3304e+00',
[92mINFO [0m:      	        'metric-dp-distance-median': '2.3370e+00',
[92mINFO [0m:      	        'metric-dp-distance-min': '2.0448e+00',
[92mINFO [0m:      	        'metric-dp-noise-stdv': '4.9799e-03',
[92mINFO [0m:      	        'metric-dp-pairwise-client-i': "['0', '0', '0', '0', '0', '0', '0', "
[92mINFO [0m:      	                                       "'1', '1', '1', '1', '1', '1', '2', "
[92mINFO [0m:      	                                       "'2', '2', '2', '2', '3', '3', '3', "
[92mINFO [0m:      	                                       "'3', '4', '4', '4', '5', '5', '6']",
[92mINFO [0m:      	        'metric-dp-pairwise-client-j': "['1', '2', '3', '4', '5', '6', '7', "
[92mINFO [0m:      	                                       "'2', '3', '4', '5', '6', '7', '3', "
[92mINFO [0m:      	                                       "'4', '5', '6', '7', '4', '5', '6', "
[92mINFO [0m:      	                                       "'7', '5', '6', '7', '6', '7', '7']",
[92mINFO [0m:      	        'metric-dp-pairwise-distances': "['2.4793e+00', '2.4881e+00', "
[92mINFO [0m:      	                                        "'2.4813e+00', '2.3228e+00', "
[92mINFO [0m:      	                                        "'2.2129e+00', '2.4244e+00', "
[92mINFO [0m:      	                                        "'2.3201e+00', '2.5072e+00', "
[92mINFO [0m:      	                                        "'2.5101e+00', '2.3422e+00', "
[92mINFO [0m:      	                                        "'2.2480e+00', '2.4496e+00', "
[92mINFO [0m:      	                                        "'2.3416e+00', '2.5058e+00', "
[92mINFO [0m:      	                                        "'2.3198e+00', '2.2312e+00', "
[92mINFO [0m:      	                                        "'2.4225e+00', '2.3384e+00', "
[92mINFO [0m:      	                                        "'2.3356e+00', '2.2339e+00', "
[92mINFO [0m:      	                                        "'2.4296e+00', '2.3497e+00', "
[92mINFO [0m:      	                                        "'2.0448e+00', '2.2702e+00', "
[92mINFO [0m:      	                                        "'2.1677e+00', '2.1577e+00', "
[92mINFO [0m:      	                                        "'2.0506e+00', '2.2670e+00']",
[92mINFO [0m:      	        'per-client-num-examples': "['5682', '5585', '5909', '5701', '4276', "
[92mINFO [0m:      	                                   "'3508', '5000', '4336']",
[92mINFO [0m:      	        'per-client-train_loss': "['1.4839e-01', '1.3817e-01', '1.4282e-01', "
[92mINFO [0m:      	                                 "'1.4280e-01', '1.3603e-01', '1.1119e-01', "
[92mINFO [0m:      	                                 "'1.3819e-01', '1.4045e-01']",
[92mINFO [0m:      	        'per-client-train_loss_mean': "['3.1532e-01', '3.0810e-01', "
[92mINFO [0m:      	                                      "'2.8904e-01', '2.9197e-01', "
[92mINFO [0m:      	                                      "'3.0722e-01', '3.0150e-01', "
[92mINFO [0m:      	                                      "'3.2367e-01', '3.1028e-01']",
[92mINFO [0m:      	        'train_loss': '1.3862e-01',
[92mINFO [0m:      	        'train_loss_mean': '3.0552e-01'}}
[92mINFO [0m:      	
[92mINFO [0m:      	Aggregated ClientApp-side Evaluate Metrics:
[92mINFO [0m:      	{ 1: { 'client-ids': "['0', '1', '2', '3', '4', '5', '6', '7']",
[92mINFO [0m:      	       'eval_acc': '9.9870e-02',
[92mINFO [0m:      	       'eval_loss': '2.3024e+00',
[92mINFO [0m:      	       'per-client-eval_acc': "['2.0760e-01', '1.1596e-01', '5.2774e-02', "
[92mINFO [0m:      	                              "'5.3997e-02', '5.0514e-02', '9.5781e-02', "
[92mINFO [0m:      	                              "'7.4400e-02', '1.4378e-01']",
[92mINFO [0m:      	       'per-client-eval_loss': "['2.2965e+00', '2.3080e+00', '2.3065e+00', "
[92mINFO [0m:      	                               "'2.3050e+00', '2.3089e+00', '2.2966e+00', "
[92mINFO [0m:      	                               "'2.3008e+00', '2.2936e+00']",
[92mINFO [0m:      	       'per-client-num-examples': "['1421', '1397', '1478', '1426', '1069', "
[92mINFO [0m:      	                                  "'877', '1250', '1085']"},
[92mINFO [0m:      	  2: { 'client-ids': "['0', '1', '2', '3', '4', '5', '6', '7']",
[92mINFO [0m:      	       'eval_acc': '1.7685e-01',
[92mINFO [0m:      	       'eval_loss': '2.2273e+00',
[92mINFO [0m:      	       'per-client-eval_acc': "['2.5827e-01', '1.6965e-01', '1.5765e-01', "
[92mINFO [0m:      	                              "'1.8093e-01', '1.0851e-01', '1.9954e-01', "
[92mINFO [0m:      	                              "'1.2240e-01', '2.1198e-01']",
[92mINFO [0m:      	       'per-client-eval_loss': "['2.2197e+00', '2.2379e+00', '2.2268e+00', "
[92mINFO [0m:      	                               "'2.2223e+00', '2.2353e+00', '2.2202e+00', "
[92mINFO [0m:      	                               "'2.2323e+00', '2.2229e+00']",
[92mINFO [0m:      	       'per-client-num-examples': "['1421', '1397', '1478', '1426', '1069', "
[92mINFO [0m:      	                                  "'877', '1250', '1085']"},
[92mINFO [0m:      	  3: { 'client-ids': "['0', '1', '2', '3', '4', '5', '6', '7']",
[92mINFO [0m:      	       'eval_acc': '3.3380e-01',
[92mINFO [0m:      	       'eval_loss': '1.9815e+00',
[92mINFO [0m:      	       'per-client-eval_acc': "['3.6875e-01', '3.1496e-01', '2.9770e-01', "
[92mINFO [0m:      	                              "'4.0323e-01', '2.2544e-01', '3.8198e-01', "
[92mINFO [0m:      	                              "'3.1680e-01', '3.5760e-01']",
[92mINFO [0m:      	       'per-client-eval_loss': "['1.9763e+00', '2.0086e+00', '1.9677e+00', "
[92mINFO [0m:      	                               "'1.9443e+00', '2.0098e+00', '1.9708e+00', "
[92mINFO [0m:      	                               "'1.9987e+00', '1.9823e+00']",
[92mINFO [0m:      	       'per-client-num-examples': "['1421', '1397', '1478', '1426', '1069', "
[92mINFO [0m:      	                                  "'877', '1250', '1085']"},
[92mINFO [0m:      	  4: { 'client-ids': "['0', '1', '2', '3', '4', '5', '6', '7']",
[92mINFO [0m:      	       'eval_acc': '4.3157e-01',
[92mINFO [0m:      	       'eval_loss': '1.6804e+00',
[92mINFO [0m:      	       'per-client-eval_acc': "['4.2787e-01', '4.0301e-01', '4.2625e-01', "
[92mINFO [0m:      	                              "'4.8948e-01', '3.7418e-01', '4.6408e-01', "
[92mINFO [0m:      	                              "'4.2080e-01', '4.4700e-01']",
[92mINFO [0m:      	       'per-client-eval_loss': "['1.6821e+00', '1.7256e+00', '1.6530e+00', "
[92mINFO [0m:      	                               "'1.5959e+00', '1.7396e+00', '1.6654e+00', "
[92mINFO [0m:      	                               "'1.7139e+00', '1.6834e+00']",
[92mINFO [0m:      	       'per-client-num-examples': "['1421', '1397', '1478', '1426', '1069', "
[92mINFO [0m:      	                                  "'877', '1250', '1085']"},
[92mINFO [0m:      	  5: { 'client-ids': "['0', '1', '2', '3', '4', '5', '6', '7']",
[92mINFO [0m:      	       'eval_acc': '4.9745e-01',
[92mINFO [0m:      	       'eval_loss': '1.4302e+00',
[92mINFO [0m:      	       'per-client-eval_acc': "['4.9754e-01', '4.9749e-01', '4.7970e-01', "
[92mINFO [0m:      	                              "'5.5961e-01', '4.3966e-01', '5.0171e-01', "
[92mINFO [0m:      	                              "'4.9040e-01', '5.0138e-01']",
[92mINFO [0m:      	       'per-client-eval_loss': "['1.4245e+00', '1.4612e+00', '1.4090e+00', "
[92mINFO [0m:      	                               "'1.3277e+00', '1.5156e+00', '1.4206e+00', "
[92mINFO [0m:      	                               "'1.4746e+00', '1.4338e+00']",
[92mINFO [0m:      	       'per-client-num-examples': "['1421', '1397', '1478', '1426', '1069', "
[92mINFO [0m:      	                                  "'877', '1250', '1085']"},
[92mINFO [0m:      	  6: { 'client-ids': "['0', '1', '2', '3', '4', '5', '6', '7']",
[92mINFO [0m:      	       'eval_acc': '5.6803e-01',
[92mINFO [0m:      	       'eval_loss': '1.2327e+00',
[92mINFO [0m:      	       'per-client-eval_acc': "['5.5454e-01', '5.8196e-01', '5.6360e-01', "
[92mINFO [0m:      	                              "'6.1431e-01', '5.2105e-01', '5.7811e-01', "
[92mINFO [0m:      	                              "'5.5360e-01', '5.6774e-01']",
[92mINFO [0m:      	       'per-client-eval_loss': "['1.2537e+00', '1.2479e+00', '1.2097e+00', "
[92mINFO [0m:      	                               "'1.1469e+00', '1.3218e+00', '1.2275e+00', "
[92mINFO [0m:      	                               "'1.2535e+00', '1.2225e+00']",
[92mINFO [0m:      	       'per-client-num-examples': "['1421', '1397', '1478', '1426', '1069', "
[92mINFO [0m:      	                                  "'877', '1250', '1085']"},
[92mINFO [0m:      	  7: { 'client-ids': "['0', '1', '2', '3', '4', '5', '6', '7']",
[92mINFO [0m:      	       'eval_acc': '6.0812e-01',
[92mINFO [0m:      	       'eval_loss': '1.1060e+00',
[92mINFO [0m:      	       'per-client-eval_acc': "['5.9395e-01', '6.2062e-01', '5.9540e-01', "
[92mINFO [0m:      	                              "'6.5568e-01', '5.6314e-01', '6.1345e-01', "
[92mINFO [0m:      	                              "'5.9760e-01', '6.1751e-01']",
[92mINFO [0m:      	       'per-client-eval_loss': "['1.1332e+00', '1.1096e+00', '1.1035e+00', "
[92mINFO [0m:      	                               "'1.0274e+00', '1.2059e+00', '1.0918e+00', "
[92mINFO [0m:      	                               "'1.1023e+00', '1.0902e+00']",
[92mINFO [0m:      	       'per-client-num-examples': "['1421', '1397', '1478', '1426', '1069', "
[92mINFO [0m:      	                                  "'877', '1250', '1085']"},
[92mINFO [0m:      	  8: { 'client-ids': "['0', '1', '2', '3', '4', '5', '6', '7']",
[92mINFO [0m:      	       'eval_acc': '6.3471e-01',
[92mINFO [0m:      	       'eval_loss': '1.0362e+00',
[92mINFO [0m:      	       'per-client-eval_acc': "['6.1365e-01', '6.4853e-01', '6.2720e-01', "
[92mINFO [0m:      	                              "'6.7461e-01', '5.9401e-01', '6.3740e-01', "
[92mINFO [0m:      	                              "'6.2960e-01', '6.4608e-01']",
[92mINFO [0m:      	       'per-client-eval_loss': "['1.0922e+00', '1.0292e+00', '1.0463e+00', "
[92mINFO [0m:      	                               "'9.5450e-01', '1.1398e+00', '1.0123e+00', "
[92mINFO [0m:      	                               "'1.0091e+00', '1.0139e+00']",
[92mINFO [0m:      	       'per-client-num-examples': "['1421', '1397', '1478', '1426', '1069', "
[92mINFO [0m:      	                                  "'877', '1250', '1085']"},
[92mINFO [0m:      	  9: { 'client-ids': "['0', '1', '2', '3', '4', '5', '6', '7']",
[92mINFO [0m:      	       'eval_acc': '6.5210e-01',
[92mINFO [0m:      	       'eval_loss': '9.9447e-01',
[92mINFO [0m:      	       'per-client-eval_acc': "['6.4321e-01', '6.5211e-01', '6.4817e-01', "
[92mINFO [0m:      	                              "'6.8233e-01', '6.1179e-01', '6.4424e-01', "
[92mINFO [0m:      	                              "'6.5760e-01', '6.6912e-01']",
[92mINFO [0m:      	       'per-client-eval_loss': "['1.0430e+00', '9.9696e-01', '1.0139e+00', "
[92mINFO [0m:      	                               "'9.2177e-01', '1.0968e+00', '9.6783e-01', "
[92mINFO [0m:      	                               "'9.6372e-01', '9.5300e-01']",
[92mINFO [0m:      	       'per-client-num-examples': "['1421', '1397', '1478', '1426', '1069', "
[92mINFO [0m:      	                                  "'877', '1250', '1085']"},
[92mINFO [0m:      	  10: { 'client-ids': "['0', '1', '2', '3', '4', '5', '6', '7']",
[92mINFO [0m:      	        'eval_acc': '6.6870e-01',
[92mINFO [0m:      	        'eval_loss': '9.6680e-01',
[92mINFO [0m:      	        'per-client-eval_acc': "['6.5588e-01', '6.6929e-01', '6.6441e-01', "
[92mINFO [0m:      	                               "'6.9425e-01', '6.3704e-01', '6.7731e-01', "
[92mINFO [0m:      	                               "'6.7440e-01', '6.7465e-01']",
[92mINFO [0m:      	        'per-client-eval_loss': "['1.0236e+00', '9.7530e-01', '9.8301e-01', "
[92mINFO [0m:      	                                "'8.8692e-01', '1.0676e+00', '9.4017e-01', "
[92mINFO [0m:      	                                "'9.4168e-01', '9.1551e-01']",
[92mINFO [0m:      	        'per-client-num-examples': "['1421', '1397', '1478', '1426', '1069', "
[92mINFO [0m:      	                                   "'877', '1250', '1085']"},
[92mINFO [0m:      	  11: { 'client-ids': "['0', '1', '2', '3', '4', '5', '6', '7']",
[92mINFO [0m:      	        'eval_acc': '6.7720e-01',
[92mINFO [0m:      	        'eval_loss': '9.6124e-01',
[92mINFO [0m:      	        'per-client-eval_acc': "['6.6221e-01', '6.7430e-01', '6.8539e-01', "
[92mINFO [0m:      	                               "'7.0126e-01', '6.4359e-01', '6.7617e-01', "
[92mINFO [0m:      	                               "'6.8480e-01', '6.8295e-01']",
[92mINFO [0m:      	        'per-client-eval_loss': "['1.0221e+00', '9.5682e-01', '9.8422e-01', "
[92mINFO [0m:      	                                "'8.8479e-01', '1.0646e+00', '9.3318e-01', "
[92mINFO [0m:      	                                "'9.3900e-01', '9.0291e-01']",
[92mINFO [0m:      	        'per-client-num-examples': "['1421', '1397', '1478', '1426', '1069', "
[92mINFO [0m:      	                                   "'877', '1250', '1085']"},
[92mINFO [0m:      	  12: { 'client-ids': "['0', '1', '2', '3', '4', '5', '6', '7']",
[92mINFO [0m:      	        'eval_acc': '6.8220e-01',
[92mINFO [0m:      	        'eval_loss': '9.6371e-01',
[92mINFO [0m:      	        'per-client-eval_acc': "['6.7065e-01', '6.8218e-01', '6.8336e-01', "
[92mINFO [0m:      	                               "'7.0407e-01', '6.5669e-01', '6.8301e-01', "
[92mINFO [0m:      	                               "'6.7520e-01', '6.9954e-01']",
[92mINFO [0m:      	        'per-client-eval_loss': "['1.0184e+00', '9.5147e-01', '9.9099e-01', "
[92mINFO [0m:      	                                "'8.9410e-01', '1.0706e+00', '9.3682e-01', "
[92mINFO [0m:      	                                "'9.3852e-01', '9.0764e-01']",
[92mINFO [0m:      	        'per-client-num-examples': "['1421', '1397', '1478', '1426', '1069', "
[92mINFO [0m:      	                                   "'877', '1250', '1085']"},
[92mINFO [0m:      	  13: { 'client-ids': "['0', '1', '2', '3', '4', '5', '6', '7']",
[92mINFO [0m:      	        'eval_acc': '6.8619e-01',
[92mINFO [0m:      	        'eval_loss': '9.7002e-01',
[92mINFO [0m:      	        'per-client-eval_acc': "['6.7628e-01', '6.8790e-01', '6.7659e-01', "
[92mINFO [0m:      	                               "'7.1318e-01', '6.5762e-01', '6.9213e-01', "
[92mINFO [0m:      	                               "'6.8640e-01', '6.9770e-01']",
[92mINFO [0m:      	        'per-client-eval_loss': "['1.0068e+00', '9.6382e-01', '9.9495e-01', "
[92mINFO [0m:      	                                "'8.8819e-01', '1.1013e+00', '9.4721e-01', "
[92mINFO [0m:      	                                "'9.5591e-01', '9.0876e-01']",
[92mINFO [0m:      	        'per-client-num-examples': "['1421', '1397', '1478', '1426', '1069', "
[92mINFO [0m:      	                                   "'877', '1250', '1085']"},
[92mINFO [0m:      	  14: { 'client-ids': "['0', '1', '2', '3', '4', '5', '6', '7']",
[92mINFO [0m:      	        'eval_acc': '6.9079e-01',
[92mINFO [0m:      	        'eval_loss': '9.8140e-01',
[92mINFO [0m:      	        'per-client-eval_acc': "['6.8121e-01', '6.9792e-01', '6.9080e-01', "
[92mINFO [0m:      	                               "'7.0687e-01', '6.7072e-01', '6.7161e-01', "
[92mINFO [0m:      	                               "'6.9600e-01', '7.0230e-01']",
[92mINFO [0m:      	        'per-client-eval_loss': "['1.0245e+00', '9.6717e-01', '9.9961e-01', "
[92mINFO [0m:      	                                "'9.1784e-01', '1.0858e+00', '9.8683e-01', "
[92mINFO [0m:      	                                "'9.7469e-01', '9.0249e-01']",
[92mINFO [0m:      	        'per-client-num-examples': "['1421', '1397', '1478', '1426', '1069', "
[92mINFO [0m:      	                                   "'877', '1250', '1085']"},
[92mINFO [0m:      	  15: { 'client-ids': "['0', '1', '2', '3', '4', '5', '6', '7']",
[92mINFO [0m:      	        'eval_acc': '6.9099e-01',
[92mINFO [0m:      	        'eval_loss': '1.0112e+00',
[92mINFO [0m:      	        'per-client-eval_acc': "['6.7910e-01', '7.0508e-01', '6.8200e-01', "
[92mINFO [0m:      	                               "'7.0968e-01', '6.6230e-01', '6.8757e-01', "
[92mINFO [0m:      	                               "'6.9520e-01', '7.0230e-01']",
[92mINFO [0m:      	        'per-client-eval_loss': "['1.0592e+00', '9.9701e-01', '1.0343e+00', "
[92mINFO [0m:      	                                "'9.2489e-01', '1.1545e+00', '9.9259e-01', "
[92mINFO [0m:      	                                "'1.0005e+00', '9.3521e-01']",
[92mINFO [0m:      	        'per-client-num-examples': "['1421', '1397', '1478', '1426', '1069', "
[92mINFO [0m:      	                                   "'877', '1250', '1085']"},
[92mINFO [0m:      	  16: { 'client-ids': "['0', '1', '2', '3', '4', '5', '6', '7']",
[92mINFO [0m:      	        'eval_acc': '6.9959e-01',
[92mINFO [0m:      	        'eval_loss': '1.0201e+00',
[92mINFO [0m:      	        'per-client-eval_acc': "['6.8191e-01', '7.1510e-01', '7.0365e-01', "
[92mINFO [0m:      	                               "'7.1739e-01', '6.7820e-01', '6.8871e-01', "
[92mINFO [0m:      	                               "'7.0000e-01', '7.0323e-01']",
[92mINFO [0m:      	        'per-client-eval_loss': "['1.0864e+00', '1.0062e+00', '1.0308e+00', "
[92mINFO [0m:      	                                "'9.2316e-01', '1.1474e+00', '1.0070e+00', "
[92mINFO [0m:      	                                "'1.0212e+00', '9.4809e-01']",
[92mINFO [0m:      	        'per-client-num-examples': "['1421', '1397', '1478', '1426', '1069', "
[92mINFO [0m:      	                                   "'877', '1250', '1085']"},
[92mINFO [0m:      	  17: { 'client-ids': "['0', '1', '2', '3', '4', '5', '6', '7']",
[92mINFO [0m:      	        'eval_acc': '6.9579e-01',
[92mINFO [0m:      	        'eval_loss': '1.0421e+00',
[92mINFO [0m:      	        'per-client-eval_acc': "['6.7980e-01', '7.0365e-01', '7.0095e-01', "
[92mINFO [0m:      	                               "'7.1669e-01', '6.7633e-01', '6.8757e-01', "
[92mINFO [0m:      	                               "'6.9600e-01', '6.9770e-01']",
[92mINFO [0m:      	        'per-client-eval_loss': "['1.1129e+00', '1.0240e+00', '1.0629e+00', "
[92mINFO [0m:      	                                "'9.5613e-01', '1.1366e+00', '1.0256e+00', "
[92mINFO [0m:      	                                "'1.0342e+00', '9.8662e-01']",
[92mINFO [0m:      	        'per-client-num-examples': "['1421', '1397', '1478', '1426', '1069', "
[92mINFO [0m:      	                                   "'877', '1250', '1085']"},
[92mINFO [0m:      	  18: { 'client-ids': "['0', '1', '2', '3', '4', '5', '6', '7']",
[92mINFO [0m:      	        'eval_acc': '7.0069e-01',
[92mINFO [0m:      	        'eval_loss': '1.0558e+00',
[92mINFO [0m:      	        'per-client-eval_acc': "['6.8403e-01', '7.0795e-01', '7.0501e-01', "
[92mINFO [0m:      	                               "'7.1318e-01', '6.8662e-01', '6.9897e-01', "
[92mINFO [0m:      	                               "'7.0560e-01', '7.0046e-01']",
[92mINFO [0m:      	        'per-client-eval_loss': "['1.1209e+00', '1.0427e+00', '1.0797e+00', "
[92mINFO [0m:      	                                "'9.6412e-01', '1.1659e+00', '1.0482e+00', "
[92mINFO [0m:      	                                "'1.0462e+00', '9.8368e-01']",
[92mINFO [0m:      	        'per-client-num-examples': "['1421', '1397', '1478', '1426', '1069', "
[92mINFO [0m:      	                                   "'877', '1250', '1085']"},
[92mINFO [0m:      	  19: { 'client-ids': "['0', '1', '2', '3', '4', '5', '6', '7']",
[92mINFO [0m:      	        'eval_acc': '7.0109e-01',
[92mINFO [0m:      	        'eval_loss': '1.0909e+00',
[92mINFO [0m:      	        'per-client-eval_acc': "['6.7980e-01', '7.0866e-01', '7.0636e-01', "
[92mINFO [0m:      	                               "'7.1879e-01', '6.8756e-01', '6.9327e-01', "
[92mINFO [0m:      	                               "'6.9840e-01', '7.1152e-01']",
[92mINFO [0m:      	        'per-client-eval_loss': "['1.2041e+00', '1.0638e+00', '1.1132e+00', "
[92mINFO [0m:      	                                "'9.9792e-01', '1.1975e+00', '1.0722e+00', "
[92mINFO [0m:      	                                "'1.0722e+00', '1.0011e+00']",
[92mINFO [0m:      	        'per-client-num-examples': "['1421', '1397', '1478', '1426', '1069', "
[92mINFO [0m:      	                                   "'877', '1250', '1085']"},
[92mINFO [0m:      	  20: { 'client-ids': "['0', '1', '2', '3', '4', '5', '6', '7']",
[92mINFO [0m:      	        'eval_acc': '7.0289e-01',
[92mINFO [0m:      	        'eval_loss': '1.1187e+00',
[92mINFO [0m:      	        'per-client-eval_acc': "['6.7628e-01', '7.1510e-01', '7.0839e-01', "
[92mINFO [0m:      	                               "'7.2370e-01', '6.8849e-01', '7.0696e-01', "
[92mINFO [0m:      	                               "'6.9200e-01', '7.1060e-01']",
[92mINFO [0m:      	        'per-client-eval_loss': "['1.2295e+00', '1.0893e+00', '1.1567e+00', "
[92mINFO [0m:      	                                "'1.0238e+00', '1.2318e+00', '1.0704e+00', "
[92mINFO [0m:      	                                "'1.1110e+00', '1.0213e+00']",
[92mINFO [0m:      	        'per-client-num-examples': "['1421', '1397', '1478', '1426', '1069', "
[92mINFO [0m:      	                                   "'877', '1250', '1085']"}}
[92mINFO [0m:      	
[92mINFO [0m:      	ServerApp-side Evaluate Metrics:
[92mINFO [0m:      	{ 0: { 'accuracy': '1.0000e-01',
[92mINFO [0m:      	       'auc': '5.0091e-01',
[92mINFO [0m:      	       'diverged': '0.0000e+00',
[92mINFO [0m:      	       'f1': '1.8182e-02',
[92mINFO [0m:      	       'loss': '2.3041e+00',
[92mINFO [0m:      	       'precision': '1.0000e-02'},
[92mINFO [0m:      	  1: { 'accuracy': '1.0000e-01',
[92mINFO [0m:      	       'auc': '5.2352e-01',
[92mINFO [0m:      	       'diverged': '0.0000e+00',
[92mINFO [0m:      	       'f1': '1.8182e-02',
[92mINFO [0m:      	       'loss': '2.3023e+00',
[92mINFO [0m:      	       'precision': '1.0000e-02'},
[92mINFO [0m:      	  2: { 'accuracy': '1.7440e-01',
[92mINFO [0m:      	       'auc': '7.2821e-01',
[92mINFO [0m:      	       'diverged': '0.0000e+00',
[92mINFO [0m:      	       'f1': '9.1000e-02',
[92mINFO [0m:      	       'loss': '2.2260e+00',
[92mINFO [0m:      	       'precision': '1.4429e-01'},
[92mINFO [0m:      	  3: { 'accuracy': '3.3880e-01',
[92mINFO [0m:      	       'auc': '8.2906e-01',
[92mINFO [0m:      	       'diverged': '0.0000e+00',
[92mINFO [0m:      	       'f1': '3.0773e-01',
[92mINFO [0m:      	       'loss': '1.9746e+00',
[92mINFO [0m:      	       'precision': '4.8520e-01'},
[92mINFO [0m:      	  4: { 'accuracy': '4.4600e-01',
[92mINFO [0m:      	       'auc': '8.6859e-01',
[92mINFO [0m:      	       'diverged': '0.0000e+00',
[92mINFO [0m:      	       'f1': '4.4324e-01',
[92mINFO [0m:      	       'loss': '1.6652e+00',
[92mINFO [0m:      	       'precision': '5.3519e-01'},
[92mINFO [0m:      	  5: { 'accuracy': '5.0540e-01',
[92mINFO [0m:      	       'auc': '8.9478e-01',
[92mINFO [0m:      	       'diverged': '0.0000e+00',
[92mINFO [0m:      	       'f1': '5.0844e-01',
[92mINFO [0m:      	       'loss': '1.4126e+00',
[92mINFO [0m:      	       'precision': '5.6687e-01'},
[92mINFO [0m:      	  6: { 'accuracy': '5.7900e-01',
[92mINFO [0m:      	       'auc': '9.2177e-01',
[92mINFO [0m:      	       'diverged': '0.0000e+00',
[92mINFO [0m:      	       'f1': '5.8012e-01',
[92mINFO [0m:      	       'loss': '1.2112e+00',
[92mINFO [0m:      	       'precision': '6.0043e-01'},
[92mINFO [0m:      	  7: { 'accuracy': '6.1720e-01',
[92mINFO [0m:      	       'auc': '9.3586e-01',
[92mINFO [0m:      	       'diverged': '0.0000e+00',
[92mINFO [0m:      	       'f1': '6.1489e-01',
[92mINFO [0m:      	       'loss': '1.0830e+00',
[92mINFO [0m:      	       'precision': '6.2137e-01'},
[92mINFO [0m:      	  8: { 'accuracy': '6.3580e-01',
[92mINFO [0m:      	       'auc': '9.4371e-01',
[92mINFO [0m:      	       'diverged': '0.0000e+00',
[92mINFO [0m:      	       'f1': '6.3089e-01',
[92mINFO [0m:      	       'loss': '1.0038e+00',
[92mINFO [0m:      	       'precision': '6.3806e-01'},
[92mINFO [0m:      	  9: { 'accuracy': '6.5720e-01',
[92mINFO [0m:      	       'auc': '9.4849e-01',
[92mINFO [0m:      	       'diverged': '0.0000e+00',
[92mINFO [0m:      	       'f1': '6.5533e-01',
[92mINFO [0m:      	       'loss': '9.5972e-01',
[92mINFO [0m:      	       'precision': '6.5852e-01'},
[92mINFO [0m:      	  10: { 'accuracy': '6.7700e-01',
[92mINFO [0m:      	        'auc': '9.5243e-01',
[92mINFO [0m:      	        'diverged': '0.0000e+00',
[92mINFO [0m:      	        'f1': '6.7441e-01',
[92mINFO [0m:      	        'loss': '9.2812e-01',
[92mINFO [0m:      	        'precision': '6.7490e-01'},
[92mINFO [0m:      	  11: { 'accuracy': '6.8600e-01',
[92mINFO [0m:      	        'auc': '9.5464e-01',
[92mINFO [0m:      	        'diverged': '0.0000e+00',
[92mINFO [0m:      	        'f1': '6.8308e-01',
[92mINFO [0m:      	        'loss': '9.2105e-01',
[92mINFO [0m:      	        'precision': '6.8404e-01'},
[92mINFO [0m:      	  12: { 'accuracy': '6.9120e-01',
[92mINFO [0m:      	        'auc': '9.5503e-01',
[92mINFO [0m:      	        'diverged': '0.0000e+00',
[92mINFO [0m:      	        'f1': '6.8946e-01',
[92mINFO [0m:      	        'loss': '9.2893e-01',
[92mINFO [0m:      	        'precision': '6.9099e-01'},
[92mINFO [0m:      	  13: { 'accuracy': '6.8980e-01',
[92mINFO [0m:      	        'auc': '9.5567e-01',
[92mINFO [0m:      	        'diverged': '0.0000e+00',
[92mINFO [0m:      	        'f1': '6.8793e-01',
[92mINFO [0m:      	        'loss': '9.3755e-01',
[92mINFO [0m:      	        'precision': '6.8958e-01'},
[92mINFO [0m:      	  14: { 'accuracy': '6.9360e-01',
[92mINFO [0m:      	        'auc': '9.5608e-01',
[92mINFO [0m:      	        'diverged': '0.0000e+00',
[92mINFO [0m:      	        'f1': '6.9311e-01',
[92mINFO [0m:      	        'loss': '9.4660e-01',
[92mINFO [0m:      	        'precision': '6.9426e-01'},
[92mINFO [0m:      	  15: { 'accuracy': '6.8860e-01',
[92mINFO [0m:      	        'auc': '9.5542e-01',
[92mINFO [0m:      	        'diverged': '0.0000e+00',
[92mINFO [0m:      	        'f1': '6.8720e-01',
[92mINFO [0m:      	        'loss': '9.8148e-01',
[92mINFO [0m:      	        'precision': '6.8969e-01'},
[92mINFO [0m:      	  16: { 'accuracy': '6.9100e-01',
[92mINFO [0m:      	        'auc': '9.5659e-01',
[92mINFO [0m:      	        'diverged': '0.0000e+00',
[92mINFO [0m:      	        'f1': '6.9054e-01',
[92mINFO [0m:      	        'loss': '9.9288e-01',
[92mINFO [0m:      	        'precision': '6.9307e-01'},
[92mINFO [0m:      	  17: { 'accuracy': '6.9060e-01',
[92mINFO [0m:      	        'auc': '9.5641e-01',
[92mINFO [0m:      	        'diverged': '0.0000e+00',
[92mINFO [0m:      	        'f1': '6.9246e-01',
[92mINFO [0m:      	        'loss': '1.0084e+00',
[92mINFO [0m:      	        'precision': '6.9589e-01'},
[92mINFO [0m:      	  18: { 'accuracy': '6.9740e-01',
[92mINFO [0m:      	        'auc': '9.5689e-01',
[92mINFO [0m:      	        'diverged': '0.0000e+00',
[92mINFO [0m:      	        'f1': '6.9679e-01',
[92mINFO [0m:      	        'loss': '1.0234e+00',
[92mINFO [0m:      	        'precision': '6.9779e-01'},
[92mINFO [0m:      	  19: { 'accuracy': '7.0280e-01',
[92mINFO [0m:      	        'auc': '9.5738e-01',
[92mINFO [0m:      	        'diverged': '0.0000e+00',
[92mINFO [0m:      	        'f1': '7.0182e-01',
[92mINFO [0m:      	        'loss': '1.0577e+00',
[92mINFO [0m:      	        'precision': '7.0250e-01'},
[92mINFO [0m:      	  20: { 'accuracy': '7.0540e-01',
[92mINFO [0m:      	        'auc': '9.5738e-01',
[92mINFO [0m:      	        'diverged': '0.0000e+00',
[92mINFO [0m:      	        'f1': '7.0434e-01',
[92mINFO [0m:      	        'loss': '1.0844e+00',
[92mINFO [0m:      	        'precision': '7.0573e-01'}}
[92mINFO [0m:      
[36m(ClientAppActor pid=2550)[0m [93mWARNING [0m:   Manually terminating ClientAppActor
[36m(ClientAppActor pid=2546)[0m Using the latest cached version of the dataset since uoft-cs/cifar10 couldn't be found on the Hugging Face Hub (offline mode is enabled).[32m [repeated 7x across cluster] (Ray deduplicates logs by default. Set RAY_DEDUP_LOGS=0 to disable log deduplication, or see https://docs.ray.io/en/master/ray-observability/user-guides/configure-logging.html#log-deduplication for more options.)[0m
[36m(ClientAppActor pid=2546)[0m Found the latest cached dataset configuration 'plain_text' at /root/.cache/huggingface/datasets/uoft-cs___cifar10/plain_text/0.0.0/0b2714987fa478483af9968de7c934580d0bb9a2 (last modified on Thu Aug 20 13:13:23 2026).[32m [repeated 7x across cluster][0m
[36m(ClientAppActor pid=2552)[0m [93mWARNING [0m:   Manually terminating ClientAppActor[32m [repeated 7x across cluster][0m
Round 1 checkpoint written to /content/metricdp-pytorch/results/dirichlet/cifar10/8_clients/alpha-3__metric-privacy__in-remove-out-remove__seeds-42__noise-0p0025/cifar10-in-remove__dirichlet__alpha-3__metric-privacy__fedavg__clients-8__seed-42__nm0p02__clip5__rounds-20__epochs-5__cifar10_dirichlet__cifar10_cnn.round-1.pt
Round 2 checkpoint written to /content/metricdp-pytorch/results/dirichlet/cifar10/8_clients/alpha-3__metric-privacy__in-remove-out-remove__seeds-42__noise-0p0025/cifar10-in-remove__dirichlet__alpha-3__metric-privacy__fedavg__clients-8__seed-42__nm0p02__clip5__rounds-20__epochs-5__cifar10_dirichlet__cifar10_cnn.round-2.pt
Round 3 checkpoint written to /content/metricdp-pytorch/results/dirichlet/cifar10/8_clients/alpha-3__metric-privacy__in-remove-out-remove__seeds-42__noise-0p0025/cifar10-in-remove__dirichlet__alpha-3__metric-privacy__fedavg__clients-8__seed-42__nm0p02__clip5__rounds-20__epochs-5__cifar10_dirichlet__cifar10_cnn.round-3.pt
Round 4 checkpoint written to /content/metricdp-pytorch/results/dirichlet/cifar10/8_clients/alpha-3__metric-privacy__in-remove-out-remove__seeds-42__noise-0p0025/cifar10-in-remove__dirichlet__alpha-3__metric-privacy__fedavg__clients-8__seed-42__nm0p02__clip5__rounds-20__epochs-5__cifar10_dirichlet__cifar10_cnn.round-4.pt
Round 5 checkpoint written to /content/metricdp-pytorch/results/dirichlet/cifar10/8_clients/alpha-3__metric-privacy__in-remove-out-remove__seeds-42__noise-0p0025/cifar10-in-remove__dirichlet__alpha-3__metric-privacy__fedavg__clients-8__seed-42__nm0p02__clip5__rounds-20__epochs-5__cifar10_dirichlet__cifar10_cnn.round-5.pt
Round 6 checkpoint written to /content/metricdp-pytorch/results/dirichlet/cifar10/8_clients/alpha-3__metric-privacy__in-remove-out-remove__seeds-42__noise-0p0025/cifar10-in-remove__dirichlet__alpha-3__metric-privacy__fedavg__clients-8__seed-42__nm0p02__clip5__rounds-20__epochs-5__cifar10_dirichlet__cifar10_cnn.round-6.pt
Round 7 checkpoint written to /content/metricdp-pytorch/results/dirichlet/cifar10/8_clients/alpha-3__metric-privacy__in-remove-out-remove__seeds-42__noise-0p0025/cifar10-in-remove__dirichlet__alpha-3__metric-privacy__fedavg__clients-8__seed-42__nm0p02__clip5__rounds-20__epochs-5__cifar10_dirichlet__cifar10_cnn.round-7.pt
Round 8 checkpoint written to /content/metricdp-pytorch/results/dirichlet/cifar10/8_clients/alpha-3__metric-privacy__in-remove-out-remove__seeds-42__noise-0p0025/cifar10-in-remove__dirichlet__alpha-3__metric-privacy__fedavg__clients-8__seed-42__nm0p02__clip5__rounds-20__epochs-5__cifar10_dirichlet__cifar10_cnn.round-8.pt
Round 9 checkpoint written to /content/metricdp-pytorch/results/dirichlet/cifar10/8_clients/alpha-3__metric-privacy__in-remove-out-remove__seeds-42__noise-0p0025/cifar10-in-remove__dirichlet__alpha-3__metric-privacy__fedavg__clients-8__seed-42__nm0p02__clip5__rounds-20__epochs-5__cifar10_dirichlet__cifar10_cnn.round-9.pt
Round 10 checkpoint written to /content/metricdp-pytorch/results/dirichlet/cifar10/8_clients/alpha-3__metric-privacy__in-remove-out-remove__seeds-42__noise-0p0025/cifar10-in-remove__dirichlet__alpha-3__metric-privacy__fedavg__clients-8__seed-42__nm0p02__clip5__rounds-20__epochs-5__cifar10_dirichlet__cifar10_cnn.round-10.pt
Round 11 checkpoint written to /content/metricdp-pytorch/results/dirichlet/cifar10/8_clients/alpha-3__metric-privacy__in-remove-out-remove__seeds-42__noise-0p0025/cifar10-in-remove__dirichlet__alpha-3__metric-privacy__fedavg__clients-8__seed-42__nm0p02__clip5__rounds-20__epochs-5__cifar10_dirichlet__cifar10_cnn.round-11.pt
Round 12 checkpoint written to /content/metricdp-pytorch/results/dirichlet/cifar10/8_clients/alpha-3__metric-privacy__in-remove-out-remove__seeds-42__noise-0p0025/cifar10-in-remove__dirichlet__alpha-3__metric-privacy__fedavg__clients-8__seed-42__nm0p02__clip5__rounds-20__epochs-5__cifar10_dirichlet__cifar10_cnn.round-12.pt
Round 13 checkpoint written to /content/metricdp-pytorch/results/dirichlet/cifar10/8_clients/alpha-3__metric-privacy__in-remove-out-remove__seeds-42__noise-0p0025/cifar10-in-remove__dirichlet__alpha-3__metric-privacy__fedavg__clients-8__seed-42__nm0p02__clip5__rounds-20__epochs-5__cifar10_dirichlet__cifar10_cnn.round-13.pt
Round 14 checkpoint written to /content/metricdp-pytorch/results/dirichlet/cifar10/8_clients/alpha-3__metric-privacy__in-remove-out-remove__seeds-42__noise-0p0025/cifar10-in-remove__dirichlet__alpha-3__metric-privacy__fedavg__clients-8__seed-42__nm0p02__clip5__rounds-20__epochs-5__cifar10_dirichlet__cifar10_cnn.round-14.pt
Round 15 checkpoint written to /content/metricdp-pytorch/results/dirichlet/cifar10/8_clients/alpha-3__metric-privacy__in-remove-out-remove__seeds-42__noise-0p0025/cifar10-in-remove__dirichlet__alpha-3__metric-privacy__fedavg__clients-8__seed-42__nm0p02__clip5__rounds-20__epochs-5__cifar10_dirichlet__cifar10_cnn.round-15.pt
Round 16 checkpoint written to /content/metricdp-pytorch/results/dirichlet/cifar10/8_clients/alpha-3__metric-privacy__in-remove-out-remove__seeds-42__noise-0p0025/cifar10-in-remove__dirichlet__alpha-3__metric-privacy__fedavg__clients-8__seed-42__nm0p02__clip5__rounds-20__epochs-5__cifar10_dirichlet__cifar10_cnn.round-16.pt
Round 17 checkpoint written to /content/metricdp-pytorch/results/dirichlet/cifar10/8_clients/alpha-3__metric-privacy__in-remove-out-remove__seeds-42__noise-0p0025/cifar10-in-remove__dirichlet__alpha-3__metric-privacy__fedavg__clients-8__seed-42__nm0p02__clip5__rounds-20__epochs-5__cifar10_dirichlet__cifar10_cnn.round-17.pt
Round 18 checkpoint written to /content/metricdp-pytorch/results/dirichlet/cifar10/8_clients/alpha-3__metric-privacy__in-remove-out-remove__seeds-42__noise-0p0025/cifar10-in-remove__dirichlet__alpha-3__metric-privacy__fedavg__clients-8__seed-42__nm0p02__clip5__rounds-20__epochs-5__cifar10_dirichlet__cifar10_cnn.round-18.pt
Round 19 checkpoint written to /content/metricdp-pytorch/results/dirichlet/cifar10/8_clients/alpha-3__metric-privacy__in-remove-out-remove__seeds-42__noise-0p0025/cifar10-in-remove__dirichlet__alpha-3__metric-privacy__fedavg__clients-8__seed-42__nm0p02__clip5__rounds-20__epochs-5__cifar10_dirichlet__cifar10_cnn.round-19.pt
Round 20 checkpoint written to /content/metricdp-pytorch/results/dirichlet/cifar10/8_clients/alpha-3__metric-privacy__in-remove-out-remove__seeds-42__noise-0p0025/cifar10-in-remove__dirichlet__alpha-3__metric-privacy__fedavg__clients-8__seed-42__nm0p02__clip5__rounds-20__epochs-5__cifar10_dirichlet__cifar10_cnn.round-20.pt
Experiment result written to /content/metricdp-pytorch/results/dirichlet/cifar10/8_clients/alpha-3__metric-privacy__in-remove-out-remove__seeds-42__noise-0p0025/cifar10-in-remove__dirichlet__alpha-3__metric-privacy__fedavg__clients-8__seed-42__nm0p02__clip5__rounds-20__epochs-5__cifar10_dirichlet__cifar10_cnn.json
Detailed evaluation written to /content/metricdp-pytorch/results/dirichlet/cifar10/8_clients/alpha-3__metric-privacy__in-remove-out-remove__seeds-42__noise-0p0025/cifar10-in-remove__dirichlet__alpha-3__metric-privacy__fedavg__clients-8__seed-42__nm0p02__clip5__rounds-20__epochs-5__cifar10_dirichlet__cifar10_cnn.evaluation.json and /content/metricdp-pytorch/results/dirichlet/cifar10/8_clients/alpha-3__metric-privacy__in-remove-out-remove__seeds-42__noise-0p0025/cifar10-in-remove__dirichlet__alpha-3__metric-privacy__fedavg__clients-8__seed-42__nm0p02__clip5__rounds-20__epochs-5__cifar10_dirichlet__cifar10_cnn.predictions.npz
Result: /content/metricdp-pytorch/results/dirichlet/cifar10/8_clients/alpha-3__metric-privacy__in-remove-out-remove__seeds-42__noise-0p0025/cifar10-in-remove__dirichlet__alpha-3__metric-privacy__fedavg__clients-8__seed-42__nm0p02__clip5__rounds-20__epochs-5__cifar10_dirichlet__cifar10_cnn.json
Final server metrics: {'loss': 1.0843654551506043, 'accuracy': 0.7054, 'f1': 0.704341283946465, 'precision': 0.7057318469026979, 'auc': 0.9573839666666666, 'diverged': 0.0}
2026-08-20 13:22:59 DONE  cifar10-in-remove__dirichlet__alpha-3__metric-privacy__fedavg__clients-8__seed-42__nm0p02__clip5__rounds-20__epochs-5__cifar10_dirichlet__cifar10_cnn (596.5s)
Warning: You are sending unauthenticated requests to the HF Hub. Please set a HF_TOKEN to enable higher rate limits and faster downloads.
2026-08-20 13:23:11 EVALUATED cifar10-in-remove__dirichlet__alpha-3__metric-privacy__fedavg__clients-8__seed-42__nm0p02__clip5__rounds-20__epochs-5__cifar10_dirichlet__cifar10_cnn round=1 (checkpoint deleted)
2026-08-20 13:23:19 EVALUATED cifar10-in-remove__dirichlet__alpha-3__metric-privacy__fedavg__clients-8__seed-42__nm0p02__clip5__rounds-20__epochs-5__cifar10_dirichlet__cifar10_cnn round=2 (checkpoint deleted)
2026-08-20 13:23:27 EVALUATED cifar10-in-remove__dirichlet__alpha-3__metric-privacy__fedavg__clients-8__seed-42__nm0p02__clip5__rounds-20__epochs-5__cifar10_dirichlet__cifar10_cnn round=3 (checkpoint deleted)
2026-08-20 13:23:35 EVALUATED cifar10-in-remove__dirichlet__alpha-3__metric-privacy__fedavg__clients-8__seed-42__nm0p02__clip5__rounds-20__epochs-5__cifar10_dirichlet__cifar10_cnn round=4 (checkpoint deleted)
2026-08-20 13:23:43 EVALUATED cifar10-in-remove__dirichlet__alpha-3__metric-privacy__fedavg__clients-8__seed-42__nm0p02__clip5__rounds-20__epochs-5__cifar10_dirichlet__cifar10_cnn round=5 (checkpoint deleted)
2026-08-20 13:23:51 EVALUATED cifar10-in-remove__dirichlet__alpha-3__metric-privacy__fedavg__clients-8__seed-42__nm0p02__clip5__rounds-20__epochs-5__cifar10_dirichlet__cifar10_cnn round=6 (checkpoint deleted)
2026-08-20 13:23:59 EVALUATED cifar10-in-remove__dirichlet__alpha-3__metric-privacy__fedavg__clients-8__seed-42__nm0p02__clip5__rounds-20__epochs-5__cifar10_dirichlet__cifar10_cnn round=7 (checkpoint deleted)
2026-08-20 13:24:07 EVALUATED cifar10-in-remove__dirichlet__alpha-3__metric-privacy__fedavg__clients-8__seed-42__nm0p02__clip5__rounds-20__epochs-5__cifar10_dirichlet__cifar10_cnn round=8 (checkpoint deleted)
2026-08-20 13:24:15 EVALUATED cifar10-in-remove__dirichlet__alpha-3__metric-privacy__fedavg__clients-8__seed-42__nm0p02__clip5__rounds-20__epochs-5__cifar10_dirichlet__cifar10_cnn round=9 (checkpoint deleted)
2026-08-20 13:24:23 EVALUATED cifar10-in-remove__dirichlet__alpha-3__metric-privacy__fedavg__clients-8__seed-42__nm0p02__clip5__rounds-20__epochs-5__cifar10_dirichlet__cifar10_cnn round=10 (checkpoint deleted)
2026-08-20 13:24:31 EVALUATED cifar10-in-remove__dirichlet__alpha-3__metric-privacy__fedavg__clients-8__seed-42__nm0p02__clip5__rounds-20__epochs-5__cifar10_dirichlet__cifar10_cnn round=11 (checkpoint deleted)
2026-08-20 13:24:39 EVALUATED cifar10-in-remove__dirichlet__alpha-3__metric-privacy__fedavg__clients-8__seed-42__nm0p02__clip5__rounds-20__epochs-5__cifar10_dirichlet__cifar10_cnn round=12 (checkpoint deleted)
2026-08-20 13:24:48 EVALUATED cifar10-in-remove__dirichlet__alpha-3__metric-privacy__fedavg__clients-8__seed-42__nm0p02__clip5__rounds-20__epochs-5__cifar10_dirichlet__cifar10_cnn round=13 (checkpoint deleted)
2026-08-20 13:24:56 EVALUATED cifar10-in-remove__dirichlet__alpha-3__metric-privacy__fedavg__clients-8__seed-42__nm0p02__clip5__rounds-20__epochs-5__cifar10_dirichlet__cifar10_cnn round=14 (checkpoint deleted)
2026-08-20 13:25:04 EVALUATED cifar10-in-remove__dirichlet__alpha-3__metric-privacy__fedavg__clients-8__seed-42__nm0p02__clip5__rounds-20__epochs-5__cifar10_dirichlet__cifar10_cnn round=15 (checkpoint deleted)
2026-08-20 13:25:12 EVALUATED cifar10-in-remove__dirichlet__alpha-3__metric-privacy__fedavg__clients-8__seed-42__nm0p02__clip5__rounds-20__epochs-5__cifar10_dirichlet__cifar10_cnn round=16 (checkpoint deleted)
2026-08-20 13:25:20 EVALUATED cifar10-in-remove__dirichlet__alpha-3__metric-privacy__fedavg__clients-8__seed-42__nm0p02__clip5__rounds-20__epochs-5__cifar10_dirichlet__cifar10_cnn round=17 (checkpoint deleted)
2026-08-20 13:25:28 EVALUATED cifar10-in-remove__dirichlet__alpha-3__metric-privacy__fedavg__clients-8__seed-42__nm0p02__clip5__rounds-20__epochs-5__cifar10_dirichlet__cifar10_cnn round=18 (checkpoint deleted)
2026-08-20 13:25:36 EVALUATED cifar10-in-remove__dirichlet__alpha-3__metric-privacy__fedavg__clients-8__seed-42__nm0p02__clip5__rounds-20__epochs-5__cifar10_dirichlet__cifar10_cnn round=19 (checkpoint deleted)
2026-08-20 13:25:44 EVALUATED cifar10-in-remove__dirichlet__alpha-3__metric-privacy__fedavg__clients-8__seed-42__nm0p02__clip5__rounds-20__epochs-5__cifar10_dirichlet__cifar10_cnn round=20 (checkpoint deleted)
2026-08-20 13:25:44 PROGRESS 1/2 (0 failed so far)
2026-08-20 13:25:44 START cifar10-out-remove__dirichlet__alpha-3__metric-privacy__fedavg__clients-7__seed-42__nm0p0175__clip5__rounds-20__epochs-5__cifar10_dirichlet__cifar10_cnn 
{
  "partition-mode": "dirichlet",
  "partition-profile": "auto",
  "client-weights": "",
  "dirichlet-alpha": 3.0,
  "data-module": "experiments.cia.scripts.cifar10_dirichlet:create_out_remove",
  "model-module": "experiments.reproduce.cifar10_cnn:create_model",
  "data-cache-dir": "",
  "privacy": "metric-privacy",
  "aggregation": "fedavg",
  "seed": 42,
  "num-server-rounds": 20,
  "num-clients": 7,
  "fraction-evaluate": 1.0,
  "local-epochs": 5,
  "learning-rate": 0.001,
  "weight-decay": 0.0,
  "lr-schedule": "none",
  "batch-size": 32,
  "initialization-batch-size": 32,
  "initialization-epochs": 20,
  "initialization-learning-rate": 0.001,
  "max-client-samples": 0,
  "max-test-samples": 0,
  "noise-multiplier": 0.0175,
  "clipping-norm": 5.0,
  "output-dir": "/content/metricdp-pytorch/results/dirichlet/cifar10/8_clients/alpha-3__metric-privacy__in-remove-out-remove__seeds-42__noise-0p0025",
  "run-name": "cifar10-out-remove__dirichlet__alpha-3__metric-privacy__fedavg__clients-7__seed-42__nm0p0175__clip5__rounds-20__epochs-5__cifar10_dirichlet__cifar10_cnn",
  "save-model": false,
  "checkpoint-rounds": [
    1,
    2,
    3,
    4,
    5,
    6,
    7,
    8,
    9,
    10,
    11,
    12,
    13,
    14,
    15,
    16,
    17,
    18,
    19,
    20
  ]
}
2026-08-20 13:25:47.755124: I tensorflow/core/util/port.cc:153] oneDNN custom operations are on. You may see slightly different numerical results due to floating-point round-off errors from different computation orders. To turn them off, set the environment variable `TF_ENABLE_ONEDNN_OPTS=0`.
2026-08-20 13:25:47.826270: I tensorflow/core/platform/cpu_feature_guard.cc:210] This TensorFlow binary is optimized to use available CPU instructions in performance-critical operations.
To enable the following instructions: AVX2 AVX512F AVX512_VNNI FMA, in other operations, rebuild TensorFlow with the appropriate compiler flags.
[93mWARNING [0m:   DEPRECATED FEATURE: The `run_simulation` function is deprecated and will be removed in a future version of Flower. Please use `flwr run` in the CLI instead to run your simulation. Refer to the Flower Tutorials for more details: https://flower.ai/docs/framework/tutorial-quickstart-pytorch.html

            This is a deprecated feature. It will be removed
            entirely in future versions of Flower.
        
Warning: You are sending unauthenticated requests to the HF Hub. Please set a HF_TOKEN to enable higher rate limits and faster downloads.
[92mINFO [0m:      Starting MetricPrivacyServerSideFixedClipping strategy:
[92mINFO [0m:      	├── Number of rounds: 20
[92mINFO [0m:      	├── ArrayRecord (1.39 MB)
[92mINFO [0m:      	├── ConfigRecord (train): {'lr': 0.001}
[92mINFO [0m:      	├── ConfigRecord (evaluate): (empty!)
[92mINFO [0m:      	├──> Metric-aware DP settings:
[92mINFO [0m:      	│	├── Base noise multiplier: 0.0175
[92mINFO [0m:      	│	└── Clipping norm: 5.0
[92mINFO [0m:      	├──> Sampling:
[92mINFO [0m:      	│	├──Fraction: train (1.00) | evaluate ( 1.00)
[92mINFO [0m:      	│	├──Minimum nodes: train (7) | evaluate (7)
[92mINFO [0m:      	│	└──Minimum available nodes: 7
[92mINFO [0m:      	└──> Keys in records:
[92mINFO [0m:      		├── Weighted by: 'num-examples'
[92mINFO [0m:      		├── ArrayRecord key: 'arrays'
[92mINFO [0m:      		└── ConfigRecord key: 'config'
[92mINFO [0m:      
[92mINFO [0m:      Initial global evaluation results: {'loss': 2.3041488525390625, 'accuracy': 0.1, 'f1': 0.01818181818181818, 'precision': 0.01, 'auc': 0.5009089266666666, 'diverged': 0.0}
[92mINFO [0m:      
[92mINFO [0m:      [ROUND 1/20]
[92mINFO [0m:      configure_train: Sampled 7 nodes (out of 7)
/usr/local/lib/python3.12/dist-packages/ray/_private/worker.py:2051: FutureWarning: Tip: In future versions of Ray, Ray will no longer override accelerator visible devices env var if num_gpus=0 or num_gpus=None (default). To enable this behavior and turn off this error message, set RAY_ACCEL_ENV_VAR_OVERRIDE_ON_ZERO=0
  warnings.warn(
[36m(ClientAppActor pid=6807)[0m Warning: You are sending unauthenticated requests to the HF Hub. Please set a HF_TOKEN to enable higher rate limits and faster downloads.
[36m(ClientAppActor pid=6797)[0m Warning: You are sending unauthenticated requests to the HF Hub. Please set a HF_TOKEN to enable higher rate limits and faster downloads.[32m [repeated 6x across cluster] (Ray deduplicates logs by default. Set RAY_DEDUP_LOGS=0 to disable log deduplication, or see https://docs.ray.io/en/master/ray-observability/user-guides/configure-logging.html#log-deduplication for more options.)[0m
[92mINFO [0m:      aggregate_train: pairwise model distance -- max=3.154072 mean=2.940933 median=2.954847 count=21
[92mINFO [0m:      aggregate_train: Received 7 results and 0 failures
[92mINFO [0m:      aggregate_fit: parameters are clipped by value: 5.0000.
[92mINFO [0m:      aggregate_fit: parameters are clipped by value: 5.0000.
[92mINFO [0m:      aggregate_fit: parameters are clipped by value: 5.0000.
[92mINFO [0m:      aggregate_fit: parameters are clipped by value: 5.0000.
[92mINFO [0m:      aggregate_fit: parameters are clipped by value: 5.0000.
[92mINFO [0m:      aggregate_fit: parameters are clipped by value: 5.0000.
[92mINFO [0m:      aggregate_fit: parameters are clipped by value: 5.0000.
[92mINFO [0m:      aggregate_train: Received 7 results and 0 failures
[92mINFO [0m:      aggregate_train: metric-aware noise with 0.003963 stdev added
[92mINFO [0m:      	└──> Aggregated MetricRecord: {'train_loss': 1.500249159702594, 'train_loss_mean': 1.7521521493885899, 'client-ids': [0, 1, 2, 3, 4, 5, 6], 'per-client-num-examples': [5585, 5909, 5701, 4276, 3508, 5000, 4336], 'per-client-train_loss': [1.480209156713426, 1.4901062133933993, 1.4215017463466282, 1.6286298135823463, 1.5894692865717506, 1.4132917512893677, 1.544908811685344], 'per-client-train_loss_mean': [1.7644274701833083, 1.7287049010554874, 1.6844489213354314, 1.8453577311268692, 1.8242793325143638, 1.6793475497436525, 1.7909948613810804], 'dp-client-ids': [0, 1, 2, 3, 4, 5, 6], 'dp-update-norms-before-clipping': [14.16122565369404, 13.32337868321787, 13.293599908676795, 11.724976227791238, 10.587857901615617, 13.41520733338653, 13.286779822442124], 'dp-client-clipped': [1, 1, 1, 1, 1, 1, 1], 'dp-num-clients-clipped': 7, 'dp-fraction-clipped': 1.0, 'metric-dp-distance-min': 2.5946188680827618, 'metric-dp-distance-median': 2.954847347612182, 'metric-dp-distance-mean': 2.9409332074638868, 'metric-dp-distance-count': 21, 'metric-dp-distance': 3.154072346786658, 'metric-dp-distance-invalid': 0.0, 'metric-dp-pairwise-distances': [3.154072346786658, 3.106487551704049, 3.0158616583794355, 2.852972869450847, 3.132290467619896, 3.130418741454681, 3.0447704264273248, 2.91096198434631, 2.800794874007503, 3.0432589668780565, 3.0428015117843947, 2.921070234850049, 2.6606597819676003, 3.0551870707422495, 3.033800616239508, 2.5946188680827618, 2.9019739845146737, 2.9178203772753477, 2.7436146096636853, 2.741313066954414, 2.954847347612182], 'metric-dp-pairwise-client-i': [0, 0, 0, 0, 0, 0, 1, 1, 1, 1, 1, 2, 2, 2, 2, 3, 3, 3, 4, 4, 5], 'metric-dp-pairwise-client-j': [1, 2, 3, 4, 5, 6, 2, 3, 4, 5, 6, 3, 4, 5, 6, 4, 5, 6, 5, 6, 6], 'metric-dp-aggregation-collapsed': 0.0, 'dp-signal-update-norm': 2.246393094158223, 'dp-parameter-count': 364426, 'dp-expected-noise-l2-norm': 2.392450931741945, 'dp-noise-to-signal-ratio': 1.0650188241601828, 'dp-noise-percent-of-signal': 106.50188241601828, 'metric-dp-noise-stdv': 0.003963130399572127}
[92mINFO [0m:      configure_evaluate: Sampled 7 nodes (out of 7)
[92mINFO [0m:      aggregate_evaluate: Received 7 results and 0 failures
[92mINFO [0m:      	└──> Aggregated MetricRecord: {'eval_loss': 2.300473909560297, 'eval_acc': 0.08203216033558611, 'client-ids': [0, 1, 2, 3, 4, 5, 6], 'per-client-eval_acc': [0.11596277738010022, 0.05277401894451962, 0.05399719495091164, 0.050514499532273154, 0.09578107183580388, 0.0744, 0.14377880184331798], 'per-client-eval_loss': [2.3087942823820993, 2.3022145534561838, 2.300905639627037, 2.3054749441548306, 2.2926925824468736, 2.2969745891571045, 2.2922162033995175], 'per-client-num-examples': [1397, 1478, 1426, 1069, 877, 1250, 1085]}
[92mINFO [0m:      Global evaluation
[92mINFO [0m:      	└──> MetricRecord: {'loss': 2.300255023574829, 'accuracy': 0.1, 'f1': 0.01818181818181818, 'precision': 0.01, 'auc': 0.5420770177777777, 'diverged': 0.0}
[92mINFO [0m:      
[92mINFO [0m:      [ROUND 2/20]
[92mINFO [0m:      configure_train: Sampled 7 nodes (out of 7)
[92mINFO [0m:      aggregate_train: pairwise model distance -- max=2.850410 mean=2.580312 median=2.594498 count=21
[92mINFO [0m:      aggregate_train: Received 7 results and 0 failures
[92mINFO [0m:      aggregate_fit: parameters are clipped by value: 5.0000.
[92mINFO [0m:      aggregate_fit: parameters are clipped by value: 5.0000.
[92mINFO [0m:      aggregate_fit: parameters are clipped by value: 5.0000.
[92mINFO [0m:      aggregate_fit: parameters are clipped by value: 5.0000.
[92mINFO [0m:      aggregate_fit: parameters are clipped by value: 5.0000.
[92mINFO [0m:      aggregate_fit: parameters are clipped by value: 5.0000.
[92mINFO [0m:      aggregate_fit: parameters are clipped by value: 5.0000.
[92mINFO [0m:      aggregate_train: Received 7 results and 0 failures
[92mINFO [0m:      aggregate_train: metric-aware noise with 0.004385 stdev added
[92mINFO [0m:      	└──> Aggregated MetricRecord: {'train_loss': 1.3536014721759395, 'train_loss_mean': 1.5731446200578811, 'client-ids': [0, 1, 2, 3, 4, 5, 6], 'per-client-num-examples': [5585, 5909, 5701, 4276, 3508, 5000, 4336], 'per-client-train_loss': [1.3387688755242015, 1.3132782423026188, 1.2978023789970734, 1.4154976203800698, 1.4037580155728209, 1.346353288269043, 1.407763022778219], 'per-client-train_loss_mean': [1.574773089273123, 1.5626350101026147, 1.521496005406235, 1.6169002497051228, 1.6247328197126922, 1.5452139337539674, 1.6005980313923966], 'dp-client-ids': [0, 1, 2, 3, 4, 5, 6], 'dp-update-norms-before-clipping': [15.044360455741375, 15.607328526757675, 14.322176580033739, 12.96737284294202, 11.902484487832236, 13.46584744237149, 13.062283010599272], 'dp-client-clipped': [1, 1, 1, 1, 1, 1, 1], 'dp-num-clients-clipped': 7, 'dp-fraction-clipped': 1.0, 'metric-dp-distance-min': 2.3011243200550475, 'metric-dp-distance-median': 2.5944976058478155, 'metric-dp-distance-mean': 2.5803123070222758, 'metric-dp-distance-count': 21, 'metric-dp-distance': 2.8504102459798255, 'metric-dp-distance-invalid': 0.0, 'metric-dp-pairwise-distances': [2.8504102459798255, 2.7519454148908458, 2.610782508427898, 2.607748938103517, 2.7056014699240527, 2.569907067964474, 2.783996137479941, 2.5944976058478155, 2.681191423907876, 2.793774515700837, 2.644680137746036, 2.5727466624230146, 2.3926861276850104, 2.6524264750381312, 2.5802553420265517, 2.3580764519671598, 2.4923706389963627, 2.387866939728459, 2.3856667143603167, 2.3011243200550475, 2.468803309214612], 'metric-dp-pairwise-client-i': [0, 0, 0, 0, 0, 0, 1, 1, 1, 1, 1, 2, 2, 2, 2, 3, 3, 3, 4, 4, 5], 'metric-dp-pairwise-client-j': [1, 2, 3, 4, 5, 6, 2, 3, 4, 5, 6, 3, 4, 5, 6, 4, 5, 6, 5, 6, 6], 'metric-dp-aggregation-collapsed': 0.0, 'dp-signal-update-norm': 3.1521804492431564, 'dp-parameter-count': 364426, 'dp-expected-noise-l2-norm': 2.6473253579880134, 'dp-noise-to-signal-ratio': 0.8398394065998476, 'dp-noise-percent-of-signal': 83.98394065998475, 'metric-dp-noise-stdv': 0.004385333661226417}
[92mINFO [0m:      configure_evaluate: Sampled 7 nodes (out of 7)
[92mINFO [0m:      aggregate_evaluate: Received 7 results and 0 failures
[92mINFO [0m:      	└──> Aggregated MetricRecord: {'eval_loss': 2.2202657015277523, 'eval_acc': 0.1973898858075041, 'client-ids': [0, 1, 2, 3, 4, 5, 6], 'per-client-eval_acc': [0.1896921975662133, 0.16982408660351828, 0.25105189340813466, 0.11973807296538821, 0.2748004561003421, 0.1664, 0.223963133640553], 'per-client-eval_loss': [2.2371591091497334, 2.2178445152726645, 2.2096940798980156, 2.2179479286757666, 2.2081653286141165, 2.2285442710876464, 2.2182335075694843], 'per-client-num-examples': [1397, 1478, 1426, 1069, 877, 1250, 1085]}
[92mINFO [0m:      Global evaluation
[92mINFO [0m:      	└──> MetricRecord: {'loss': 2.219398923492432, 'accuracy': 0.1974, 'f1': 0.12175337560387864, 'precision': 0.26763103908921637, 'auc': 0.6933659977777777, 'diverged': 0.0}
[92mINFO [0m:      
[92mINFO [0m:      [ROUND 3/20]
[92mINFO [0m:      configure_train: Sampled 7 nodes (out of 7)
[92mINFO [0m:      aggregate_train: pairwise model distance -- max=2.308520 mean=2.109354 median=2.123091 count=21
[92mINFO [0m:      aggregate_train: Received 7 results and 0 failures
[92mINFO [0m:      aggregate_fit: parameters are clipped by value: 5.0000.
[92mINFO [0m:      aggregate_fit: parameters are clipped by value: 5.0000.
[92mINFO [0m:      aggregate_fit: parameters are clipped by value: 5.0000.
[92mINFO [0m:      aggregate_fit: parameters are clipped by value: 5.0000.
[92mINFO [0m:      aggregate_fit: parameters are clipped by value: 5.0000.
[92mINFO [0m:      aggregate_fit: parameters are clipped by value: 5.0000.
[92mINFO [0m:      aggregate_fit: parameters are clipped by value: 5.0000.
[92mINFO [0m:      aggregate_train: Received 7 results and 0 failures
[92mINFO [0m:      aggregate_train: metric-aware noise with 0.005415 stdev added
[92mINFO [0m:      	└──> Aggregated MetricRecord: {'train_loss': 1.1980404754187335, 'train_loss_mean': 1.3832524401471442, 'client-ids': [0, 1, 2, 3, 4, 5, 6], 'per-client-num-examples': [5585, 5909, 5701, 4276, 3508, 5000, 4336], 'per-client-train_loss': [1.2187715311827356, 1.1427261240289868, 1.128014803518226, 1.2239366686154571, 1.2420390016540561, 1.2152516633987427, 1.2578077769367457], 'per-client-train_loss_mean': [1.4244355925770882, 1.3436823167420013, 1.32994382397331, 1.4057543797399308, 1.3909863247974705, 1.3778540663337708, 1.4319995530856933], 'dp-client-ids': [0, 1, 2, 3, 4, 5, 6], 'dp-update-norms-before-clipping': [14.41265860741658, 14.4965042869962, 13.865840716378514, 12.42158896450811, 10.65441502569735, 12.873610493535152, 12.480042874989838], 'dp-client-clipped': [1, 1, 1, 1, 1, 1, 1], 'dp-num-clients-clipped': 7, 'dp-fraction-clipped': 1.0, 'metric-dp-distance-min': 1.9004118380447228, 'metric-dp-distance-median': 2.123090840255221, 'metric-dp-distance-mean': 2.1093542043504026, 'metric-dp-distance-count': 21, 'metric-dp-distance': 2.3085198141634464, 'metric-dp-distance-invalid': 0.0, 'metric-dp-pairwise-distances': [2.3085198141634464, 2.2341441034028926, 2.1952279148002467, 2.123090840255221, 2.207767196930945, 2.1592183973019323, 2.2226537090415754, 2.1034924996395907, 2.111673712109526, 2.2088285461068153, 2.1735866392652192, 2.121457852423191, 2.004751704633236, 2.1326261777430773, 2.144425630569458, 1.9151726644486189, 2.0177840379377208, 2.0038165568063655, 1.9004118380447228, 1.9163711965084076, 2.0914172592262426], 'metric-dp-pairwise-client-i': [0, 0, 0, 0, 0, 0, 1, 1, 1, 1, 1, 2, 2, 2, 2, 3, 3, 3, 4, 4, 5], 'metric-dp-pairwise-client-j': [1, 2, 3, 4, 5, 6, 2, 3, 4, 5, 6, 3, 4, 5, 6, 4, 5, 6, 5, 6, 6], 'metric-dp-aggregation-collapsed': 0.0, 'dp-signal-update-norm': 3.6603213044620144, 'dp-parameter-count': 364426, 'dp-expected-noise-l2-norm': 3.2687453140122704, 'dp-noise-to-signal-ratio': 0.8930214159143887, 'dp-noise-percent-of-signal': 89.30214159143887, 'metric-dp-noise-stdv': 0.005414725021335678}
[92mINFO [0m:      configure_evaluate: Sampled 7 nodes (out of 7)
[92mINFO [0m:      aggregate_evaluate: Received 7 results and 0 failures
[92mINFO [0m:      	└──> Aggregated MetricRecord: {'eval_loss': 1.9832639339169653, 'eval_acc': 0.3450244698205546, 'client-ids': [0, 1, 2, 3, 4, 5, 6], 'per-client-eval_acc': [0.31424481030780244, 0.34370771312584575, 0.42917251051893407, 0.2768942937324602, 0.39110604332953247, 0.3096, 0.34654377880184334], 'per-client-eval_loss': [2.019940389252255, 1.9716064681542258, 1.9328706428345925, 1.99639571058739, 1.9636978706177175, 2.0085391368865966, 1.991910131076514], 'per-client-num-examples': [1397, 1478, 1426, 1069, 877, 1250, 1085]}
[92mINFO [0m:      Global evaluation
[92mINFO [0m:      	└──> MetricRecord: {'loss': 1.9778391584396362, 'accuracy': 0.3532, 'f1': 0.31811668242303354, 'precision': 0.5008947817366846, 'auc': 0.8034811555555554, 'diverged': 0.0}
[92mINFO [0m:      
[92mINFO [0m:      [ROUND 4/20]
[92mINFO [0m:      configure_train: Sampled 7 nodes (out of 7)
[92mINFO [0m:      aggregate_train: pairwise model distance -- max=2.194774 mean=2.034590 median=2.035551 count=21
[92mINFO [0m:      aggregate_train: Received 7 results and 0 failures
[92mINFO [0m:      aggregate_fit: parameters are clipped by value: 5.0000.
[92mINFO [0m:      aggregate_fit: parameters are clipped by value: 5.0000.
[92mINFO [0m:      aggregate_fit: parameters are clipped by value: 5.0000.
[92mINFO [0m:      aggregate_fit: parameters are clipped by value: 5.0000.
[92mINFO [0m:      aggregate_fit: parameters are clipped by value: 5.0000.
[92mINFO [0m:      aggregate_fit: parameters are clipped by value: 5.0000.
[92mINFO [0m:      aggregate_fit: parameters are clipped by value: 5.0000.
[92mINFO [0m:      aggregate_train: Received 7 results and 0 failures
[92mINFO [0m:      aggregate_train: metric-aware noise with 0.005695 stdev added
[92mINFO [0m:      	└──> Aggregated MetricRecord: {'train_loss': 1.069557913553779, 'train_loss_mean': 1.2412196618435805, 'client-ids': [0, 1, 2, 3, 4, 5, 6], 'per-client-num-examples': [5585, 5909, 5701, 4276, 3508, 5000, 4336], 'per-client-train_loss': [1.0961991372232258, 1.0132857713123973, 1.0128009862971712, 1.1157323393005427, 1.10566720927183, 1.081385038948059, 1.0981656662652413], 'per-client-train_loss_mean': [1.2709247219850681, 1.1999870749108177, 1.1922642959573566, 1.2762513636873636, 1.2617398197865675, 1.2370972204971313, 1.2771207392875559], 'dp-client-ids': [0, 1, 2, 3, 4, 5, 6], 'dp-update-norms-before-clipping': [13.091801484974075, 13.326573467609217, 12.997103789220215, 11.291510296965457, 9.737096125500518, 12.169627799337643, 11.325029701273143], 'dp-client-clipped': [1, 1, 1, 1, 1, 1, 1], 'dp-num-clients-clipped': 7, 'dp-fraction-clipped': 1.0, 'metric-dp-distance-min': 1.8284344890465338, 'metric-dp-distance-median': 2.0355510925874114, 'metric-dp-distance-mean': 2.034589577377552, 'metric-dp-distance-count': 21, 'metric-dp-distance': 2.194773839165767, 'metric-dp-distance-invalid': 0.0, 'metric-dp-pairwise-distances': [2.194773839165767, 2.1277294730146727, 2.110399334381024, 2.02853412553668, 2.123261338720719, 2.0139210602889457, 2.1734764833624163, 2.0446729666242995, 2.0355510925874114, 2.1580955429623523, 2.0572645316521325, 2.092534215810398, 1.9534497701873381, 2.116007396019995, 2.022887047380209, 1.866332909092307, 2.0026057471210756, 1.9267479848737519, 1.886052736081183, 1.8284344890465338, 1.96364904101938], 'metric-dp-pairwise-client-i': [0, 0, 0, 0, 0, 0, 1, 1, 1, 1, 1, 2, 2, 2, 2, 3, 3, 3, 4, 4, 5], 'metric-dp-pairwise-client-j': [1, 2, 3, 4, 5, 6, 2, 3, 4, 5, 6, 3, 4, 5, 6, 4, 5, 6, 5, 6, 6], 'metric-dp-aggregation-collapsed': 0.0, 'dp-signal-update-norm': 3.487643342970289, 'dp-parameter-count': 364426, 'dp-expected-noise-l2-norm': 3.438150751659889, 'dp-noise-to-signal-ratio': 0.9858091592392446, 'dp-noise-percent-of-signal': 98.58091592392447, 'metric-dp-noise-stdv': 0.005695347637618665}
[92mINFO [0m:      configure_evaluate: Sampled 7 nodes (out of 7)
[92mINFO [0m:      aggregate_evaluate: Received 7 results and 0 failures
[92mINFO [0m:      	└──> Aggregated MetricRecord: {'eval_loss': 1.6790678654481581, 'eval_acc': 0.4392915404334654, 'client-ids': [0, 1, 2, 3, 4, 5, 6], 'per-client-eval_acc': [0.4008589835361489, 0.4438430311231394, 0.5014025245441796, 0.4321796071094481, 0.4572405929304447, 0.4192, 0.4165898617511521], 'per-client-eval_loss': [1.7375818797325184, 1.6524292574199837, 1.5801390130255701, 1.7203654083166309, 1.654392229382505, 1.7244941349029541, 1.6969581428211407], 'per-client-num-examples': [1397, 1478, 1426, 1069, 877, 1250, 1085]}
[92mINFO [0m:      Global evaluation
[92mINFO [0m:      	└──> MetricRecord: {'loss': 1.6680401605606079, 'accuracy': 0.4388, 'f1': 0.4334115223971442, 'precision': 0.5254676838126644, 'auc': 0.8631793711111112, 'diverged': 0.0}
[92mINFO [0m:      
[92mINFO [0m:      [ROUND 5/20]
[92mINFO [0m:      configure_train: Sampled 7 nodes (out of 7)
[92mINFO [0m:      aggregate_train: pairwise model distance -- max=2.273423 mean=2.088071 median=2.094243 count=21
[92mINFO [0m:      aggregate_train: Received 7 results and 0 failures
[92mINFO [0m:      aggregate_fit: parameters are clipped by value: 5.0000.
[92mINFO [0m:      aggregate_fit: parameters are clipped by value: 5.0000.
[92mINFO [0m:      aggregate_fit: parameters are clipped by value: 5.0000.
[92mINFO [0m:      aggregate_fit: parameters are clipped by value: 5.0000.
[92mINFO [0m:      aggregate_fit: parameters are clipped by value: 5.0000.
[92mINFO [0m:      aggregate_fit: parameters are clipped by value: 5.0000.
[92mINFO [0m:      aggregate_fit: parameters are clipped by value: 5.0000.
[92mINFO [0m:      aggregate_train: Received 7 results and 0 failures
[92mINFO [0m:      aggregate_train: metric-aware noise with 0.005498 stdev added
[92mINFO [0m:      	└──> Aggregated MetricRecord: {'train_loss': 0.9360364200230611, 'train_loss_mean': 1.1095047079556262, 'client-ids': [0, 1, 2, 3, 4, 5, 6], 'per-client-num-examples': [5585, 5909, 5701, 4276, 3508, 5000, 4336], 'per-client-train_loss': [0.9622110806305492, 0.891937113903686, 0.9037862364983604, 0.9525712074466238, 0.9341526497728876, 0.9591092553138733, 0.9634342417945722], 'per-client-train_loss_mean': [1.1496030975583416, 1.0731959291169395, 1.0768271554961286, 1.1184293495928495, 1.111199401449858, 1.1106421726417541, 1.1388173737649108], 'dp-client-ids': [0, 1, 2, 3, 4, 5, 6], 'dp-update-norms-before-clipping': [13.252818652743564, 12.779980096087227, 12.833640916051591, 10.788422134210743, 9.731542717722673, 11.740428985325098, 10.940764939128055], 'dp-client-clipped': [1, 1, 1, 1, 1, 1, 1], 'dp-num-clients-clipped': 7, 'dp-fraction-clipped': 1.0, 'metric-dp-distance-min': 1.879361323080957, 'metric-dp-distance-median': 2.094242988154292, 'metric-dp-distance-mean': 2.088071352846566, 'metric-dp-distance-count': 21, 'metric-dp-distance': 2.273423027868072, 'metric-dp-distance-invalid': 0.0, 'metric-dp-pairwise-distances': [2.273423027868072, 2.2560767208536467, 2.1649399312833943, 2.140017507597804, 2.2049043364822865, 2.1176050789654255, 2.2326706796884537, 2.0562635908524194, 2.073430593125522, 2.1477156433587274, 2.078023372528454, 2.146986648750802, 2.0388567515959344, 2.161984648865958, 2.094242988154292, 1.8951288592070341, 2.0135420955096683, 1.9468846786767244, 1.9395597561572988, 1.879361323080957, 1.9878801771750052], 'metric-dp-pairwise-client-i': [0, 0, 0, 0, 0, 0, 1, 1, 1, 1, 1, 2, 2, 2, 2, 3, 3, 3, 4, 4, 5], 'metric-dp-pairwise-client-j': [1, 2, 3, 4, 5, 6, 2, 3, 4, 5, 6, 3, 4, 5, 6, 4, 5, 6, 5, 6, 6], 'metric-dp-aggregation-collapsed': 0.0, 'dp-signal-update-norm': 3.201601361470292, 'dp-parameter-count': 364426, 'dp-expected-noise-l2-norm': 3.3192077463592664, 'dp-noise-to-signal-ratio': 1.0367336128427198, 'dp-noise-percent-of-signal': 103.67336128427198, 'metric-dp-noise-stdv': 0.005498316787844811}
[92mINFO [0m:      configure_evaluate: Sampled 7 nodes (out of 7)
[92mINFO [0m:      aggregate_evaluate: Received 7 results and 0 failures
[92mINFO [0m:      	└──> Aggregated MetricRecord: {'eval_loss': 1.4039181271123875, 'eval_acc': 0.5153810300629224, 'client-ids': [0, 1, 2, 3, 4, 5, 6], 'per-client-eval_acc': [0.49892627057981387, 0.5223274695534507, 0.5694249649368864, 0.48737137511693174, 0.5119726339794755, 0.504, 0.49953917050691243], 'per-client-eval_loss': [1.4359566354717455, 1.3825564429627704, 1.2947399840281355, 1.4839891571102017, 1.3862526740288381, 1.4556855205535888, 1.4110059008620301], 'per-client-num-examples': [1397, 1478, 1426, 1069, 877, 1250, 1085]}
[92mINFO [0m:      Global evaluation
[92mINFO [0m:      	└──> MetricRecord: {'loss': 1.3886291603088379, 'accuracy': 0.525, 'f1': 0.5264750976398188, 'precision': 0.5663202670318822, 'auc': 0.9000046399999999, 'diverged': 0.0}
[92mINFO [0m:      
[92mINFO [0m:      [ROUND 6/20]
[92mINFO [0m:      configure_train: Sampled 7 nodes (out of 7)
[92mINFO [0m:      aggregate_train: pairwise model distance -- max=2.314698 mean=2.154356 median=2.166046 count=21
[92mINFO [0m:      aggregate_train: Received 7 results and 0 failures
[92mINFO [0m:      aggregate_fit: parameters are clipped by value: 5.0000.
[92mINFO [0m:      aggregate_fit: parameters are clipped by value: 5.0000.
[92mINFO [0m:      aggregate_fit: parameters are clipped by value: 5.0000.
[92mINFO [0m:      aggregate_fit: parameters are clipped by value: 5.0000.
[92mINFO [0m:      aggregate_fit: parameters are clipped by value: 5.0000.
[92mINFO [0m:      aggregate_fit: parameters are clipped by value: 5.0000.
[92mINFO [0m:      aggregate_fit: parameters are clipped by value: 5.0000.
[92mINFO [0m:      aggregate_train: Received 7 results and 0 failures
[92mINFO [0m:      aggregate_train: metric-aware noise with 0.005400 stdev added
[92mINFO [0m:      	└──> Aggregated MetricRecord: {'train_loss': 0.8158666382208696, 'train_loss_mean': 1.0017309110569013, 'client-ids': [0, 1, 2, 3, 4, 5, 6], 'per-client-num-examples': [5585, 5909, 5701, 4276, 3508, 5000, 4336], 'per-client-train_loss': [0.8338929490308838, 0.7800674211617794, 0.7733662956859998, 0.8333089784888936, 0.8429630045336219, 0.8397233533859253, 0.8306807536920499], 'per-client-train_loss_mean': [1.028867093327863, 0.9741618976957767, 0.9520891247799763, 1.024523479711017, 1.0185592185404309, 1.009402522468567, 1.0246794263375203], 'dp-client-ids': [0, 1, 2, 3, 4, 5, 6], 'dp-update-norms-before-clipping': [12.63949444196987, 12.896678269635713, 12.378656986887359, 11.01936123430765, 9.861272850184159, 11.64416816727924, 11.03673234324502], 'dp-client-clipped': [1, 1, 1, 1, 1, 1, 1], 'dp-num-clients-clipped': 7, 'dp-fraction-clipped': 1.0, 'metric-dp-distance-min': 1.9682329486434658, 'metric-dp-distance-median': 2.1660462139795222, 'metric-dp-distance-mean': 2.154355838953976, 'metric-dp-distance-count': 21, 'metric-dp-distance': 2.3146977055196962, 'metric-dp-distance-invalid': 0.0, 'metric-dp-pairwise-distances': [2.3146977055196962, 2.2538670394569635, 2.203531064403554, 2.1336353744069734, 2.2317265579476953, 2.1332775463039675, 2.309097562606136, 2.176771069255968, 2.1660462139795222, 2.276009059200684, 2.193373078169922, 2.199381470680237, 2.08634325924019, 2.214106629913052, 2.1478050720567503, 1.9905496969198186, 2.1209056954830885, 2.042481768565873, 2.0000920267775655, 1.9682329486434658, 2.079541778502365], 'metric-dp-pairwise-client-i': [0, 0, 0, 0, 0, 0, 1, 1, 1, 1, 1, 2, 2, 2, 2, 3, 3, 3, 4, 4, 5], 'metric-dp-pairwise-client-j': [1, 2, 3, 4, 5, 6, 2, 3, 4, 5, 6, 3, 4, 5, 6, 4, 5, 6, 5, 6, 6], 'metric-dp-aggregation-collapsed': 0.0, 'dp-signal-update-norm': 2.9274263527974274, 'dp-parameter-count': 364426, 'dp-expected-noise-l2-norm': 3.2600210847649427, 'dp-noise-to-signal-ratio': 1.1136133558576768, 'dp-noise-percent-of-signal': 111.36133558576768, 'metric-dp-noise-stdv': 0.005400273206385497}
[92mINFO [0m:      configure_evaluate: Sampled 7 nodes (out of 7)
[92mINFO [0m:      aggregate_evaluate: Received 7 results and 0 failures
[92mINFO [0m:      	└──> Aggregated MetricRecord: {'eval_loss': 1.1854129917164336, 'eval_acc': 0.5830808669307853, 'client-ids': [0, 1, 2, 3, 4, 5, 6], 'per-client-eval_acc': [0.5848246241947029, 0.5805142083897158, 0.6199158485273493, 0.5416276894293732, 0.5769669327251995, 0.5752, 0.5907834101382489], 'per-client-eval_loss': [1.2048332648526454, 1.1675736468602904, 1.1073132056173403, 1.2814023987615744, 1.1791222723479147, 1.2078817958831787, 1.1719798162785544], 'per-client-num-examples': [1397, 1478, 1426, 1069, 877, 1250, 1085]}
[92mINFO [0m:      Global evaluation
[92mINFO [0m:      	└──> MetricRecord: {'loss': 1.1688019315719604, 'accuracy': 0.5906, 'f1': 0.5859359832610008, 'precision': 0.5982535177896222, 'auc': 0.9272346955555556, 'diverged': 0.0}
[92mINFO [0m:      
[92mINFO [0m:      [ROUND 7/20]
[92mINFO [0m:      configure_train: Sampled 7 nodes (out of 7)
[92mINFO [0m:      aggregate_train: pairwise model distance -- max=2.400496 mean=2.210020 median=2.208039 count=21
[92mINFO [0m:      aggregate_train: Received 7 results and 0 failures
[92mINFO [0m:      aggregate_fit: parameters are clipped by value: 5.0000.
[92mINFO [0m:      aggregate_fit: parameters are clipped by value: 5.0000.
[92mINFO [0m:      aggregate_fit: parameters are clipped by value: 5.0000.
[92mINFO [0m:      aggregate_fit: parameters are clipped by value: 5.0000.
[92mINFO [0m:      aggregate_fit: parameters are clipped by value: 5.0000.
[92mINFO [0m:      aggregate_fit: parameters are clipped by value: 5.0000.
[92mINFO [0m:      aggregate_fit: parameters are clipped by value: 5.0000.
[92mINFO [0m:      aggregate_train: Received 7 results and 0 failures
[92mINFO [0m:      aggregate_train: metric-aware noise with 0.005207 stdev added
[92mINFO [0m:      	└──> Aggregated MetricRecord: {'train_loss': 0.7088180628494046, 'train_loss_mean': 0.8982192170706813, 'client-ids': [0, 1, 2, 3, 4, 5, 6], 'per-client-num-examples': [5585, 5909, 5701, 4276, 3508, 5000, 4336], 'per-client-train_loss': [0.7311690279171738, 0.6610055810244359, 0.6856919580479501, 0.7180599880842988, 0.7313299631719035, 0.7295323344230652, 0.7243794471135439], 'per-client-train_loss_mean': [0.9248872038799412, 0.8716453898576416, 0.8659375081635676, 0.9204111795206845, 0.8958166749882454, 0.9075319624900817, 0.9118478195253774], 'dp-client-ids': [0, 1, 2, 3, 4, 5, 6], 'dp-update-norms-before-clipping': [12.72572213215927, 12.74037055442441, 12.863511096450978, 10.878172453129338, 9.908248544096283, 11.631126012525467, 10.902283508752088], 'dp-client-clipped': [1, 1, 1, 1, 1, 1, 1], 'dp-num-clients-clipped': 7, 'dp-fraction-clipped': 1.0, 'metric-dp-distance-min': 1.9980080497140686, 'metric-dp-distance-median': 2.2080394302805266, 'metric-dp-distance-mean': 2.210020172424496, 'metric-dp-distance-count': 21, 'metric-dp-distance': 2.400496211523811, 'metric-dp-distance-invalid': 0.0, 'metric-dp-pairwise-distances': [2.386793308580915, 2.3799806482469044, 2.2532085394486785, 2.1999346393470964, 2.28537357536455, 2.2080394302805266, 2.400496211523811, 2.202824203607937, 2.1841679072628417, 2.293370947552224, 2.230350561439991, 2.2721465807408094, 2.1921598439415297, 2.308523641588787, 2.2540324926376343, 2.0094949221238494, 2.1243722705791392, 2.056376636338731, 2.0586859546601772, 1.9980080497140686, 2.1120832559342184], 'metric-dp-pairwise-client-i': [0, 0, 0, 0, 0, 0, 1, 1, 1, 1, 1, 2, 2, 2, 2, 3, 3, 3, 4, 4, 5], 'metric-dp-pairwise-client-j': [1, 2, 3, 4, 5, 6, 2, 3, 4, 5, 6, 3, 4, 5, 6, 4, 5, 6, 5, 6, 6], 'metric-dp-aggregation-collapsed': 0.0, 'dp-signal-update-norm': 2.717903826251124, 'dp-parameter-count': 364426, 'dp-expected-noise-l2-norm': 3.143501451335822, 'dp-noise-to-signal-ratio': 1.156590391821088, 'dp-noise-percent-of-signal': 115.6590391821088, 'metric-dp-noise-stdv': 0.005207256708005853}
[92mINFO [0m:      configure_evaluate: Sampled 7 nodes (out of 7)
[92mINFO [0m:      aggregate_evaluate: Received 7 results and 0 failures
[92mINFO [0m:      	└──> Aggregated MetricRecord: {'eval_loss': 1.0827316451089362, 'eval_acc': 0.6182707993474714, 'client-ids': [0, 1, 2, 3, 4, 5, 6], 'per-client-eval_acc': [0.635647816750179, 0.6170500676589986, 0.6486676016830295, 0.5799812909260992, 0.6009122006841505, 0.6032, 0.6267281105990783], 'per-client-eval_loss': [1.072748677083741, 1.0713970148192369, 1.0326315851733192, 1.1810942704260516, 1.081724632289282, 1.0963476020812988, 1.0650865141697194], 'per-client-num-examples': [1397, 1478, 1426, 1069, 877, 1250, 1085]}
[92mINFO [0m:      Global evaluation
[92mINFO [0m:      	└──> MetricRecord: {'loss': 1.0609111597061158, 'accuracy': 0.6208, 'f1': 0.6167434527074988, 'precision': 0.6245369434056613, 'auc': 0.93758624, 'diverged': 0.0}
[92mINFO [0m:      
[92mINFO [0m:      [ROUND 8/20]
[92mINFO [0m:      configure_train: Sampled 7 nodes (out of 7)
[92mINFO [0m:      aggregate_train: pairwise model distance -- max=2.476122 mean=2.295375 median=2.322532 count=21
[92mINFO [0m:      aggregate_train: Received 7 results and 0 failures
[92mINFO [0m:      aggregate_fit: parameters are clipped by value: 5.0000.
[92mINFO [0m:      aggregate_fit: parameters are clipped by value: 5.0000.
[92mINFO [0m:      aggregate_fit: parameters are clipped by value: 5.0000.
[92mINFO [0m:      aggregate_fit: parameters are clipped by value: 5.0000.
[92mINFO [0m:      aggregate_fit: parameters are clipped by value: 5.0000.
[92mINFO [0m:      aggregate_fit: parameters are clipped by value: 5.0000.
[92mINFO [0m:      aggregate_fit: parameters are clipped by value: 5.0000.
[92mINFO [0m:      aggregate_train: Received 7 results and 0 failures
[92mINFO [0m:      aggregate_train: metric-aware noise with 0.005048 stdev added
[92mINFO [0m:      	└──> Aggregated MetricRecord: {'train_loss': 0.6027020656131508, 'train_loss_mean': 0.8099030710213322, 'client-ids': [0, 1, 2, 3, 4, 5, 6], 'per-client-num-examples': [5585, 5909, 5701, 4276, 3508, 5000, 4336], 'per-client-train_loss': [0.6219186836091556, 0.5704296775771228, 0.5905859032454689, 0.628488274296385, 0.5973512102831728, 0.6175677448272705, 0.599618012834739], 'per-client-train_loss_mean': [0.8392678134059308, 0.7755181635852433, 0.7789745756051684, 0.834632398404174, 0.8011266320162242, 0.8289019701480866, 0.8204086828055857], 'dp-client-ids': [0, 1, 2, 3, 4, 5, 6], 'dp-update-norms-before-clipping': [12.698921593157563, 13.121120292771339, 12.886504342070365, 11.151679197659298, 9.980646069313321, 11.975552428502471, 11.58855914867392], 'dp-client-clipped': [1, 1, 1, 1, 1, 1, 1], 'dp-num-clients-clipped': 7, 'dp-fraction-clipped': 1.0, 'metric-dp-distance-min': 2.0689581368739405, 'metric-dp-distance-median': 2.3225316389774284, 'metric-dp-distance-mean': 2.29537461161436, 'metric-dp-distance-count': 21, 'metric-dp-distance': 2.4761221883818507, 'metric-dp-distance-invalid': 0.0, 'metric-dp-pairwise-distances': [2.4761221883818507, 2.4423764015858374, 2.3225316389774284, 2.2397144685188928, 2.3710188111290336, 2.3200421761721373, 2.474704986748596, 2.3280052452658615, 2.250127977070709, 2.4059421131387353, 2.361180224766334, 2.3310903316984573, 2.21289138837407, 2.3752585723996162, 2.3482440688336887, 2.0689581368739405, 2.222580254698793, 2.193614409926037, 2.1271836810434857, 2.088657877407968, 2.2426218908901014], 'metric-dp-pairwise-client-i': [0, 0, 0, 0, 0, 0, 1, 1, 1, 1, 1, 2, 2, 2, 2, 3, 3, 3, 4, 4, 5], 'metric-dp-pairwise-client-j': [1, 2, 3, 4, 5, 6, 2, 3, 4, 5, 6, 3, 4, 5, 6, 4, 5, 6, 5, 6, 6], 'metric-dp-aggregation-collapsed': 0.0, 'dp-signal-update-norm': 2.534485067920076, 'dp-parameter-count': 364426, 'dp-expected-noise-l2-norm': 3.0474923088438297, 'dp-noise-to-signal-ratio': 1.2024108358013539, 'dp-noise-percent-of-signal': 120.2410835801354, 'metric-dp-noise-stdv': 0.005048216141614873}
[92mINFO [0m:      configure_evaluate: Sampled 7 nodes (out of 7)
[92mINFO [0m:      aggregate_evaluate: Received 7 results and 0 failures
[92mINFO [0m:      	└──> Aggregated MetricRecord: {'eval_loss': 1.0184456495326373, 'eval_acc': 0.6425075739920765, 'client-ids': [0, 1, 2, 3, 4, 5, 6], 'per-client-eval_acc': [0.658554044380816, 0.6326116373477673, 0.6640953716690042, 0.6043030869971936, 0.6339794754846066, 0.6448, 0.6488479262672812], 'per-client-eval_loss': [1.0021629074085756, 1.0247874589024442, 0.9704745093368381, 1.1195570836009212, 1.0076971750031039, 1.017945737838745, 1.0034629962411343], 'per-client-num-examples': [1397, 1478, 1426, 1069, 877, 1250, 1085]}
[92mINFO [0m:      Global evaluation
[92mINFO [0m:      	└──> MetricRecord: {'loss': 0.9947378862380981, 'accuracy': 0.6436, 'f1': 0.6367483322360902, 'precision': 0.6480019321316713, 'auc': 0.9444401022222222, 'diverged': 0.0}
[92mINFO [0m:      
[92mINFO [0m:      [ROUND 9/20]
[92mINFO [0m:      configure_train: Sampled 7 nodes (out of 7)
[92mINFO [0m:      aggregate_train: pairwise model distance -- max=2.493329 mean=2.302398 median=2.305635 count=21
[92mINFO [0m:      aggregate_train: Received 7 results and 0 failures
[92mINFO [0m:      aggregate_fit: parameters are clipped by value: 5.0000.
[92mINFO [0m:      aggregate_fit: parameters are clipped by value: 5.0000.
[92mINFO [0m:      aggregate_fit: parameters are clipped by value: 5.0000.
[92mINFO [0m:      aggregate_fit: parameters are clipped by value: 5.0000.
[92mINFO [0m:      aggregate_fit: parameters are clipped by value: 5.0000.
[92mINFO [0m:      aggregate_fit: parameters are clipped by value: 5.0000.
[92mINFO [0m:      aggregate_fit: parameters are clipped by value: 5.0000.
[92mINFO [0m:      aggregate_train: Received 7 results and 0 failures
[92mINFO [0m:      aggregate_train: metric-aware noise with 0.005013 stdev added
[92mINFO [0m:      	└──> Aggregated MetricRecord: {'train_loss': 0.5221382598739384, 'train_loss_mean': 0.7292244507977502, 'client-ids': [0, 1, 2, 3, 4, 5, 6], 'per-client-num-examples': [5585, 5909, 5701, 4276, 3508, 5000, 4336], 'per-client-train_loss': [0.5556995436989418, 0.4716155346950151, 0.5004508832403911, 0.5230479913966694, 0.5011053054063594, 0.5615479767799377, 0.5469500114557048], 'per-client-train_loss_mean': [0.7570483325054951, 0.6852721012572707, 0.6972382799345053, 0.7426992584546109, 0.7281984423965794, 0.7627109149742126, 0.7442659298652212], 'dp-client-ids': [0, 1, 2, 3, 4, 5, 6], 'dp-update-norms-before-clipping': [12.542738522052165, 13.009051292879343, 12.677921692967034, 11.122343389491324, 9.98691321407353, 11.88755119115739, 11.06545082179558], 'dp-client-clipped': [1, 1, 1, 1, 1, 1, 1], 'dp-num-clients-clipped': 7, 'dp-fraction-clipped': 1.0, 'metric-dp-distance-min': 2.080241316308578, 'metric-dp-distance-median': 2.30563493569692, 'metric-dp-distance-mean': 2.3023977338499018, 'metric-dp-distance-count': 21, 'metric-dp-distance': 2.493328624404967, 'metric-dp-distance-invalid': 0.0, 'metric-dp-pairwise-distances': [2.485625669670602, 2.4456124377126494, 2.30563493569692, 2.241337886390587, 2.381740995993217, 2.280930911190808, 2.493328624404967, 2.356054488569498, 2.2819456616416574, 2.445886317950984, 2.361314062650005, 2.3369764958818755, 2.226268314756453, 2.3887780203173556, 2.310849313624203, 2.097295632275442, 2.2636426786581674, 2.1812657490372658, 2.1434334258859358, 2.080241316308578, 2.242189472230772], 'metric-dp-pairwise-client-i': [0, 0, 0, 0, 0, 0, 1, 1, 1, 1, 1, 2, 2, 2, 2, 3, 3, 3, 4, 4, 5], 'metric-dp-pairwise-client-j': [1, 2, 3, 4, 5, 6, 2, 3, 4, 5, 6, 3, 4, 5, 6, 4, 5, 6, 5, 6, 6], 'metric-dp-aggregation-collapsed': 0.0, 'dp-signal-update-norm': 2.3902173462690217, 'dp-parameter-count': 364426, 'dp-expected-noise-l2-norm': 3.0264615947495033, 'dp-noise-to-signal-ratio': 1.2661867756393026, 'dp-noise-percent-of-signal': 126.61867756393026, 'metric-dp-noise-stdv': 0.005013378452262034}
[92mINFO [0m:      configure_evaluate: Sampled 7 nodes (out of 7)
[92mINFO [0m:      aggregate_evaluate: Received 7 results and 0 failures
[92mINFO [0m:      	└──> Aggregated MetricRecord: {'eval_loss': 0.9807433206366647, 'eval_acc': 0.6615008156606852, 'client-ids': [0, 1, 2, 3, 4, 5, 6], 'per-client-eval_acc': [0.6728704366499642, 0.6684709066305818, 0.67671809256662, 0.6267539756782039, 0.6556442417331813, 0.6568, 0.6617511520737327], 'per-client-eval_loss': [0.9897015393420296, 0.987388719886501, 0.9412800968111313, 1.070587273286368, 0.9596031715279973, 0.9647738059997558, 0.9589890756914693], 'per-client-num-examples': [1397, 1478, 1426, 1069, 877, 1250, 1085]}
[92mINFO [0m:      Global evaluation
[92mINFO [0m:      	└──> MetricRecord: {'loss': 0.9569986401557923, 'accuracy': 0.6652, 'f1': 0.6620027176120024, 'precision': 0.6689071633198633, 'auc': 0.9489814911111112, 'diverged': 0.0}
[92mINFO [0m:      
[92mINFO [0m:      [ROUND 10/20]
[92mINFO [0m:      configure_train: Sampled 7 nodes (out of 7)
[92mINFO [0m:      aggregate_train: pairwise model distance -- max=2.492355 mean=2.326439 median=2.349694 count=21
[92mINFO [0m:      aggregate_train: Received 7 results and 0 failures
[92mINFO [0m:      aggregate_fit: parameters are clipped by value: 5.0000.
[92mINFO [0m:      aggregate_fit: parameters are clipped by value: 5.0000.
[92mINFO [0m:      aggregate_fit: parameters are clipped by value: 5.0000.
[92mINFO [0m:      aggregate_fit: parameters are clipped by value: 5.0000.
[92mINFO [0m:      aggregate_fit: parameters are clipped by value: 5.0000.
[92mINFO [0m:      aggregate_fit: parameters are clipped by value: 5.0000.
[92mINFO [0m:      aggregate_fit: parameters are clipped by value: 5.0000.
[92mINFO [0m:      aggregate_train: Received 7 results and 0 failures
[92mINFO [0m:      aggregate_train: metric-aware noise with 0.005015 stdev added
[92mINFO [0m:      	└──> Aggregated MetricRecord: {'train_loss': 0.4409410791209153, 'train_loss_mean': 0.658977576162279, 'client-ids': [0, 1, 2, 3, 4, 5, 6], 'per-client-num-examples': [5585, 5909, 5701, 4276, 3508, 5000, 4336], 'per-client-train_loss': [0.4561092827772603, 0.4168433626102784, 0.4315221129206477, 0.4695066230892577, 0.41313656032968954, 0.4445439593315125, 0.4567976521389951], 'per-client-train_loss_mean': [0.6828455808286488, 0.6397138343020369, 0.6304447793778652, 0.6857164679229315, 0.6404502192204192, 0.6719618563175201, 0.6656494362327885], 'dp-client-ids': [0, 1, 2, 3, 4, 5, 6], 'dp-update-norms-before-clipping': [12.52713771612782, 12.731972426213895, 12.60079484184227, 11.069570693254123, 9.988453492335031, 11.86559485687403, 11.370672029210382], 'dp-client-clipped': [1, 1, 1, 1, 1, 1, 1], 'dp-num-clients-clipped': 7, 'dp-fraction-clipped': 1.0, 'metric-dp-distance-min': 2.0980786519745984, 'metric-dp-distance-median': 2.3496943886081376, 'metric-dp-distance-mean': 2.326439099016762, 'metric-dp-distance-count': 21, 'metric-dp-distance': 2.492355376171569, 'metric-dp-distance-invalid': 0.0, 'metric-dp-pairwise-distances': [2.480960884131491, 2.47524133635064, 2.357234014198184, 2.261468995983402, 2.395593178458512, 2.3496943886081376, 2.492355376171569, 2.339895060596367, 2.276137010194361, 2.44343371472011, 2.390263053278128, 2.3611281275128326, 2.250662640358011, 2.3991751354187727, 2.359612844263514, 2.0980786519745984, 2.2814072597151003, 2.2350739237541952, 2.183560290684303, 2.139015049673617, 2.285230143306156], 'metric-dp-pairwise-client-i': [0, 0, 0, 0, 0, 0, 1, 1, 1, 1, 1, 2, 2, 2, 2, 3, 3, 3, 4, 4, 5], 'metric-dp-pairwise-client-j': [1, 2, 3, 4, 5, 6, 2, 3, 4, 5, 6, 3, 4, 5, 6, 4, 5, 6, 5, 6, 6], 'metric-dp-aggregation-collapsed': 0.0, 'dp-signal-update-norm': 2.2679195039654334, 'dp-parameter-count': 364426, 'dp-expected-noise-l2-norm': 3.027643407916558, 'dp-noise-to-signal-ratio': 1.3349871556828872, 'dp-noise-percent-of-signal': 133.4987155682887, 'metric-dp-noise-stdv': 0.005015336143275391}
[92mINFO [0m:      configure_evaluate: Sampled 7 nodes (out of 7)
[92mINFO [0m:      aggregate_evaluate: Received 7 results and 0 failures
[92mINFO [0m:      	└──> Aggregated MetricRecord: {'eval_loss': 0.9597840385819281, 'eval_acc': 0.6759496620834305, 'client-ids': [0, 1, 2, 3, 4, 5, 6], 'per-client-eval_acc': [0.6728704366499642, 0.6705006765899865, 0.7012622720897616, 0.6510757717492984, 0.6750285062713797, 0.6736, 0.6820276497695853], 'per-client-eval_loss': [0.994638520816265, 0.9614635662393738, 0.8989661712967497, 1.0571638594396322, 0.9252899022031673, 0.9586759635925293, 0.9257652810092346], 'per-client-num-examples': [1397, 1478, 1426, 1069, 877, 1250, 1085]}
[92mINFO [0m:      Global evaluation
[92mINFO [0m:      	└──> MetricRecord: {'loss': 0.9330744050979615, 'accuracy': 0.6842, 'f1': 0.6798277529515703, 'precision': 0.6824615897268856, 'auc': 0.9526241644444444, 'diverged': 0.0}
[92mINFO [0m:      
[92mINFO [0m:      [ROUND 11/20]
[92mINFO [0m:      configure_train: Sampled 7 nodes (out of 7)
[92mINFO [0m:      aggregate_train: pairwise model distance -- max=2.528672 mean=2.334301 median=2.316286 count=21
[92mINFO [0m:      aggregate_train: Received 7 results and 0 failures
[92mINFO [0m:      aggregate_fit: parameters are clipped by value: 5.0000.
[92mINFO [0m:      aggregate_fit: parameters are clipped by value: 5.0000.
[92mINFO [0m:      aggregate_fit: parameters are clipped by value: 5.0000.
[92mINFO [0m:      aggregate_fit: parameters are clipped by value: 5.0000.
[92mINFO [0m:      aggregate_fit: parameters are clipped by value: 5.0000.
[92mINFO [0m:      aggregate_fit: parameters are clipped by value: 5.0000.
[92mINFO [0m:      aggregate_fit: parameters are clipped by value: 5.0000.
[92mINFO [0m:      aggregate_train: Received 7 results and 0 failures
[92mINFO [0m:      aggregate_train: metric-aware noise with 0.004943 stdev added
[92mINFO [0m:      	└──> Aggregated MetricRecord: {'train_loss': 0.371984696228442, 'train_loss_mean': 0.5923723756634736, 'client-ids': [0, 1, 2, 3, 4, 5, 6], 'per-client-num-examples': [5585, 5909, 5701, 4276, 3508, 5000, 4336], 'per-client-train_loss': [0.4112113479908386, 0.32971478898042267, 0.35736006348828564, 0.39076454604307664, 0.3648514590622218, 0.39008836355209353, 0.3646667729444609], 'per-client-train_loss_mean': [0.6208574056230491, 0.5621856135651432, 0.5698197851367549, 0.6087786133151059, 0.5865742850602692, 0.6064561673736573, 0.598743379951843], 'dp-client-ids': [0, 1, 2, 3, 4, 5, 6], 'dp-update-norms-before-clipping': [12.079168373392086, 12.84949061476362, 12.667836107932667, 10.99422281755044, 10.029810010439576, 12.115835396612722, 11.058550334325513], 'dp-client-clipped': [1, 1, 1, 1, 1, 1, 1], 'dp-num-clients-clipped': 7, 'dp-fraction-clipped': 1.0, 'metric-dp-distance-min': 2.1100783686464033, 'metric-dp-distance-median': 2.3162864139303565, 'metric-dp-distance-mean': 2.3343009777840167, 'metric-dp-distance-count': 21, 'metric-dp-distance': 2.528671882736186, 'metric-dp-distance-invalid': 0.0, 'metric-dp-pairwise-distances': [2.474993973970413, 2.4623018723602095, 2.3162864139303565, 2.2259502659241357, 2.401971175956229, 2.3021144264688096, 2.528671882736186, 2.3656557897726693, 2.302563492829601, 2.491244881413877, 2.3949184228355684, 2.37350593196849, 2.2756051337346435, 2.463686374016106, 2.368426652625203, 2.1100783686464033, 2.3068773463989296, 2.210213550987343, 2.212379517033696, 2.1188000785186887, 2.3140749813367925], 'metric-dp-pairwise-client-i': [0, 0, 0, 0, 0, 0, 1, 1, 1, 1, 1, 2, 2, 2, 2, 3, 3, 3, 4, 4, 5], 'metric-dp-pairwise-client-j': [1, 2, 3, 4, 5, 6, 2, 3, 4, 5, 6, 3, 4, 5, 6, 4, 5, 6, 5, 6, 6], 'metric-dp-aggregation-collapsed': 0.0, 'dp-signal-update-norm': 2.1865342805771992, 'dp-parameter-count': 364426, 'dp-expected-noise-l2-norm': 2.9841607273641304, 'dp-noise-to-signal-ratio': 1.3647902774139788, 'dp-noise-percent-of-signal': 136.47902774139789, 'metric-dp-noise-stdv': 0.0049433064389810015}
[92mINFO [0m:      configure_evaluate: Sampled 7 nodes (out of 7)
[92mINFO [0m:      aggregate_evaluate: Received 7 results and 0 failures
[92mINFO [0m:      	└──> Aggregated MetricRecord: {'eval_loss': 0.9595743460522973, 'eval_acc': 0.6814262409694709, 'client-ids': [0, 1, 2, 3, 4, 5, 6], 'per-client-eval_acc': [0.6800286327845383, 0.6799729364005412, 0.7026647966339411, 0.6501403180542563, 0.6898517673888256, 0.6784, 0.6847926267281106], 'per-client-eval_loss': [0.9870363534478178, 0.9522133718808062, 0.898471996125466, 1.0569676059333937, 0.9397259090210448, 0.9662663022994995, 0.926925300562986], 'per-client-num-examples': [1397, 1478, 1426, 1069, 877, 1250, 1085]}
[92mINFO [0m:      Global evaluation
[92mINFO [0m:      	└──> MetricRecord: {'loss': 0.9348516568183899, 'accuracy': 0.693, 'f1': 0.6883898536614154, 'precision': 0.6916354727242787, 'auc': 0.9542497777777779, 'diverged': 0.0}
[92mINFO [0m:      
[92mINFO [0m:      [ROUND 12/20]
[92mINFO [0m:      configure_train: Sampled 7 nodes (out of 7)
[92mINFO [0m:      aggregate_train: pairwise model distance -- max=2.522244 mean=2.324832 median=2.341832 count=21
[92mINFO [0m:      aggregate_train: Received 7 results and 0 failures
[92mINFO [0m:      aggregate_fit: parameters are clipped by value: 5.0000.
[92mINFO [0m:      aggregate_fit: parameters are clipped by value: 5.0000.
[92mINFO [0m:      aggregate_fit: parameters are clipped by value: 5.0000.
[92mINFO [0m:      aggregate_fit: parameters are clipped by value: 5.0000.
[92mINFO [0m:      aggregate_fit: parameters are clipped by value: 5.0000.
[92mINFO [0m:      aggregate_fit: parameters are clipped by value: 5.0000.
[92mINFO [0m:      aggregate_fit: parameters are clipped by value: 5.0000.
[92mINFO [0m:      aggregate_train: Received 7 results and 0 failures
[92mINFO [0m:      aggregate_train: metric-aware noise with 0.004956 stdev added
[92mINFO [0m:      	└──> Aggregated MetricRecord: {'train_loss': 0.3190757172223727, 'train_loss_mean': 0.5325756002684889, 'client-ids': [0, 1, 2, 3, 4, 5, 6], 'per-client-num-examples': [5585, 5909, 5701, 4276, 3508, 5000, 4336], 'per-client-train_loss': [0.34670210103958765, 0.31111261678803165, 0.3164119924961151, 0.29976041294404343, 0.31206580996513367, 0.325964550280571, 0.3146212273638187], 'per-client-train_loss_mean': [0.550902541297402, 0.5080659116347401, 0.507384123724399, 0.5377958237539395, 0.531480015520359, 0.5625308942079543, 0.5366885057674563], 'dp-client-ids': [0, 1, 2, 3, 4, 5, 6], 'dp-update-norms-before-clipping': [12.355265356127706, 12.840726445088006, 12.50668180644017, 11.004978804458304, 9.841118770118463, 11.594028217481616, 10.955147840561024], 'dp-client-clipped': [1, 1, 1, 1, 1, 1, 1], 'dp-num-clients-clipped': 7, 'dp-fraction-clipped': 1.0, 'metric-dp-distance-min': 2.1024577248220644, 'metric-dp-distance-median': 2.341832104449471, 'metric-dp-distance-mean': 2.3248317644872247, 'metric-dp-distance-count': 21, 'metric-dp-distance': 2.5222438271157444, 'metric-dp-distance-invalid': 0.0, 'metric-dp-pairwise-distances': [2.503543861210346, 2.469916588937243, 2.341832104449471, 2.250910756799082, 2.39331387107571, 2.3147808766613402, 2.5222438271157444, 2.383223236848911, 2.3151178179929652, 2.454160946110884, 2.3941044978176556, 2.3547965679317713, 2.2634291847546897, 2.4042267135034003, 2.3454144187271595, 2.1092625136176744, 2.26996276093026, 2.1994131033619246, 2.162339402983586, 2.1024577248220644, 2.267016278579831], 'metric-dp-pairwise-client-i': [0, 0, 0, 0, 0, 0, 1, 1, 1, 1, 1, 2, 2, 2, 2, 3, 3, 3, 4, 4, 5], 'metric-dp-pairwise-client-j': [1, 2, 3, 4, 5, 6, 2, 3, 4, 5, 6, 3, 4, 5, 6, 4, 5, 6, 5, 6, 6], 'metric-dp-aggregation-collapsed': 0.0, 'dp-signal-update-norm': 2.1017313483255737, 'dp-parameter-count': 364426, 'dp-expected-noise-l2-norm': 2.9917659996734973, 'dp-noise-to-signal-ratio': 1.4234768882602453, 'dp-noise-percent-of-signal': 142.34768882602452, 'metric-dp-noise-stdv': 0.004955904685192192}
[92mINFO [0m:      configure_evaluate: Sampled 7 nodes (out of 7)
[92mINFO [0m:      aggregate_evaluate: Received 7 results and 0 failures
[92mINFO [0m:      	└──> Aggregated MetricRecord: {'eval_loss': 0.9679102641501034, 'eval_acc': 0.6892332789559543, 'client-ids': [0, 1, 2, 3, 4, 5, 6], 'per-client-eval_acc': [0.7000715819613458, 0.6853856562922869, 0.7068723702664796, 0.6398503274087932, 0.6966932725199544, 0.6928, 0.695852534562212], 'per-client-eval_loss': [0.9690789036351438, 0.9761893978299565, 0.9072303785348173, 1.0755529894351512, 0.9564591334918205, 0.9701647083282471, 0.935481583028345], 'per-client-num-examples': [1397, 1478, 1426, 1069, 877, 1250, 1085]}
[92mINFO [0m:      Global evaluation
[92mINFO [0m:      	└──> MetricRecord: {'loss': 0.9475394507408142, 'accuracy': 0.6922, 'f1': 0.688439197709167, 'precision': 0.694163890536667, 'auc': 0.9548788600000001, 'diverged': 0.0}
[92mINFO [0m:      
[92mINFO [0m:      [ROUND 13/20]
[92mINFO [0m:      configure_train: Sampled 7 nodes (out of 7)
[92mINFO [0m:      aggregate_train: pairwise model distance -- max=2.543019 mean=2.346544 median=2.351630 count=21
[92mINFO [0m:      aggregate_train: Received 7 results and 0 failures
[92mINFO [0m:      aggregate_fit: parameters are clipped by value: 5.0000.
[92mINFO [0m:      aggregate_fit: parameters are clipped by value: 5.0000.
[92mINFO [0m:      aggregate_fit: parameters are clipped by value: 5.0000.
[92mINFO [0m:      aggregate_fit: parameters are clipped by value: 5.0000.
[92mINFO [0m:      aggregate_fit: parameters are clipped by value: 5.0000.
[92mINFO [0m:      aggregate_fit: parameters are clipped by value: 5.0000.
[92mINFO [0m:      aggregate_fit: parameters are clipped by value: 5.0000.
[92mINFO [0m:      aggregate_train: Received 7 results and 0 failures
[92mINFO [0m:      aggregate_train: metric-aware noise with 0.004915 stdev added
[92mINFO [0m:      	└──> Aggregated MetricRecord: {'train_loss': 0.2749966926928097, 'train_loss_mean': 0.4851336231018301, 'client-ids': [0, 1, 2, 3, 4, 5, 6], 'per-client-num-examples': [5585, 5909, 5701, 4276, 3508, 5000, 4336], 'per-client-train_loss': [0.2814111622135449, 0.26444250286598864, 0.25098298556176096, 0.28160491184278336, 0.27117263887209253, 0.2920661478996277, 0.289584515444467], 'per-client-train_loss_mean': [0.4965786517461496, 0.459700959958962, 0.4546360194881722, 0.5100557269394341, 0.47984548002532434, 0.5044319139957428, 0.5025968138692123], 'dp-client-ids': [0, 1, 2, 3, 4, 5, 6], 'dp-update-norms-before-clipping': [12.139623068942853, 12.916099561244941, 12.631473274863884, 10.927457054818834, 9.949782336384208, 11.617251619394553, 11.43695499802248], 'dp-client-clipped': [1, 1, 1, 1, 1, 1, 1], 'dp-num-clients-clipped': 7, 'dp-fraction-clipped': 1.0, 'metric-dp-distance-min': 2.1001170414189496, 'metric-dp-distance-median': 2.351629840520521, 'metric-dp-distance-mean': 2.346544043404893, 'metric-dp-distance-count': 21, 'metric-dp-distance': 2.54301939252764, 'metric-dp-distance-invalid': 0.0, 'metric-dp-pairwise-distances': [2.5049569491917887, 2.487420365524789, 2.329146295785904, 2.269831048635145, 2.392035135688881, 2.351629840520521, 2.54301939252764, 2.3959430546189346, 2.331028915786495, 2.4768004482612014, 2.4382669618353248, 2.372659399174154, 2.2790138320997357, 2.4272920644531646, 2.4016597171624503, 2.1001170414189496, 2.2811986804008484, 2.235045110185941, 2.1798686599358916, 2.1581667590265474, 2.322325239268442], 'metric-dp-pairwise-client-i': [0, 0, 0, 0, 0, 0, 1, 1, 1, 1, 1, 2, 2, 2, 2, 3, 3, 3, 4, 4, 5], 'metric-dp-pairwise-client-j': [1, 2, 3, 4, 5, 6, 2, 3, 4, 5, 6, 3, 4, 5, 6, 4, 5, 6, 5, 6, 6], 'metric-dp-aggregation-collapsed': 0.0, 'dp-signal-update-norm': 2.04102384888127, 'dp-parameter-count': 364426, 'dp-expected-noise-l2-norm': 2.9673243338309407, 'dp-noise-to-signal-ratio': 1.4538410883622923, 'dp-noise-percent-of-signal': 145.38410883622925, 'metric-dp-noise-stdv': 0.004915416703753721}
[92mINFO [0m:      configure_evaluate: Sampled 7 nodes (out of 7)
[92mINFO [0m:      aggregate_evaluate: Received 7 results and 0 failures
[92mINFO [0m:      	└──> Aggregated MetricRecord: {'eval_loss': 0.974695483111913, 'eval_acc': 0.6916802610114192, 'client-ids': [0, 1, 2, 3, 4, 5, 6], 'per-client-eval_acc': [0.7022190408017179, 0.6847090663058186, 0.7096774193548387, 0.6585594013096352, 0.6909920182440137, 0.6856, 0.7041474654377881], 'per-client-eval_loss': [0.9654198798778318, 0.9908097432333981, 0.9097000873774332, 1.0855067202262059, 0.9701636933138597, 0.9861594303131104, 0.9313883944041169], 'per-client-num-examples': [1397, 1478, 1426, 1069, 877, 1250, 1085]}
[92mINFO [0m:      Global evaluation
[92mINFO [0m:      	└──> MetricRecord: {'loss': 0.9510447228431702, 'accuracy': 0.697, 'f1': 0.6943091870779895, 'precision': 0.6962049678026945, 'auc': 0.9554822755555556, 'diverged': 0.0}
[92mINFO [0m:      
[92mINFO [0m:      [ROUND 14/20]
[92mINFO [0m:      configure_train: Sampled 7 nodes (out of 7)
[92mINFO [0m:      aggregate_train: pairwise model distance -- max=2.610902 mean=2.392851 median=2.387073 count=21
[92mINFO [0m:      aggregate_train: Received 7 results and 0 failures
[92mINFO [0m:      aggregate_fit: parameters are clipped by value: 5.0000.
[92mINFO [0m:      aggregate_fit: parameters are clipped by value: 5.0000.
[92mINFO [0m:      aggregate_fit: parameters are clipped by value: 5.0000.
[92mINFO [0m:      aggregate_fit: parameters are clipped by value: 5.0000.
[92mINFO [0m:      aggregate_fit: parameters are clipped by value: 5.0000.
[92mINFO [0m:      aggregate_fit: parameters are clipped by value: 5.0000.
[92mINFO [0m:      aggregate_fit: parameters are clipped by value: 5.0000.
[92mINFO [0m:      aggregate_train: Received 7 results and 0 failures
[92mINFO [0m:      aggregate_train: metric-aware noise with 0.004788 stdev added
[92mINFO [0m:      	└──> Aggregated MetricRecord: {'train_loss': 0.2369278162973346, 'train_loss_mean': 0.4390944314544795, 'client-ids': [0, 1, 2, 3, 4, 5, 6], 'per-client-num-examples': [5585, 5909, 5701, 4276, 3508, 5000, 4336], 'per-client-train_loss': [0.24620716405320403, 0.22216715154903635, 0.2417989101422138, 0.24809422511938467, 0.21809172800220678, 0.25048566374778747, 0.2272796846403847], 'per-client-train_loss_mean': [0.44991077051380435, 0.41125196819479726, 0.41628936658272125, 0.4647225458282974, 0.4407560533237566, 0.46397201023101803, 0.43778466580098846], 'dp-client-ids': [0, 1, 2, 3, 4, 5, 6], 'dp-update-norms-before-clipping': [12.313691665992868, 13.411663631590997, 12.765770876697315, 10.868825581297894, 10.056098434021013, 12.41511697112217, 11.362423420684431], 'dp-client-clipped': [1, 1, 1, 1, 1, 1, 1], 'dp-num-clients-clipped': 7, 'dp-fraction-clipped': 1.0, 'metric-dp-distance-min': 2.1209224307288728, 'metric-dp-distance-median': 2.387073285256823, 'metric-dp-distance-mean': 2.39285102397913, 'metric-dp-distance-count': 21, 'metric-dp-distance': 2.610901760092626, 'metric-dp-distance-invalid': 0.0, 'metric-dp-pairwise-distances': [2.5749336037163935, 2.5252766394987702, 2.3458578443775573, 2.288452500787874, 2.4847383238375187, 2.3764106488476195, 2.610901760092626, 2.438128967769444, 2.387073285256823, 2.589353833037118, 2.501289615718027, 2.393369095710417, 2.301723489848276, 2.514390658121556, 2.4068898763507605, 2.1209224307288728, 2.339252535564204, 2.2460073282321296, 2.2623869298646846, 2.161397480095426, 2.3811146561056376], 'metric-dp-pairwise-client-i': [0, 0, 0, 0, 0, 0, 1, 1, 1, 1, 1, 2, 2, 2, 2, 3, 3, 3, 4, 4, 5], 'metric-dp-pairwise-client-j': [1, 2, 3, 4, 5, 6, 2, 3, 4, 5, 6, 3, 4, 5, 6, 4, 5, 6, 5, 6, 6], 'metric-dp-aggregation-collapsed': 0.0, 'dp-signal-update-norm': 1.9925874840080804, 'dp-parameter-count': 364426, 'dp-expected-noise-l2-norm': 2.8901751265369473, 'dp-noise-to-signal-ratio': 1.450463354674583, 'dp-noise-percent-of-signal': 145.0463354674583, 'metric-dp-noise-stdv': 0.004787617899325536}
[92mINFO [0m:      configure_evaluate: Sampled 7 nodes (out of 7)
[92mINFO [0m:      aggregate_evaluate: Received 7 results and 0 failures
[92mINFO [0m:      	└──> Aggregated MetricRecord: {'eval_loss': 0.9871407651562315, 'eval_acc': 0.6896993707760428, 'client-ids': [0, 1, 2, 3, 4, 5, 6], 'per-client-eval_acc': [0.7015032211882606, 0.6833558863328822, 0.711781206171108, 0.6651075771749299, 0.6716077537058153, 0.6832, 0.7004608294930875], 'per-client-eval_loss': [0.9597617458597455, 0.9935596540913046, 0.951991808197107, 1.0644862886005968, 1.0213655800205, 1.015832708454132, 0.9229207913447086], 'per-client-num-examples': [1397, 1478, 1426, 1069, 877, 1250, 1085]}
[92mINFO [0m:      Global evaluation
[92mINFO [0m:      	└──> MetricRecord: {'loss': 0.9531385793685913, 'accuracy': 0.704, 'f1': 0.7026434876900199, 'precision': 0.7031583020301942, 'auc': 0.9564539333333334, 'diverged': 0.0}
[92mINFO [0m:      
[92mINFO [0m:      [ROUND 15/20]
[92mINFO [0m:      configure_train: Sampled 7 nodes (out of 7)
[92mINFO [0m:      aggregate_train: pairwise model distance -- max=2.558826 mean=2.380923 median=2.402377 count=21
[92mINFO [0m:      aggregate_train: Received 7 results and 0 failures
[92mINFO [0m:      aggregate_fit: parameters are clipped by value: 5.0000.
[92mINFO [0m:      aggregate_fit: parameters are clipped by value: 5.0000.
[92mINFO [0m:      aggregate_fit: parameters are clipped by value: 5.0000.
[92mINFO [0m:      aggregate_fit: parameters are clipped by value: 5.0000.
[92mINFO [0m:      aggregate_fit: parameters are clipped by value: 5.0000.
[92mINFO [0m:      aggregate_fit: parameters are clipped by value: 5.0000.
[92mINFO [0m:      aggregate_fit: parameters are clipped by value: 5.0000.
[92mINFO [0m:      aggregate_train: Received 7 results and 0 failures
[92mINFO [0m:      aggregate_train: metric-aware noise with 0.004885 stdev added
[92mINFO [0m:      	└──> Aggregated MetricRecord: {'train_loss': 0.20839760390172873, 'train_loss_mean': 0.40430214365317596, 'client-ids': [0, 1, 2, 3, 4, 5, 6], 'per-client-num-examples': [5585, 5909, 5701, 4276, 3508, 5000, 4336], 'per-client-train_loss': [0.2398236278774702, 0.21627813704749377, 0.20930993357283506, 0.16910576311587394, 0.19355744007919642, 0.21172383497953415, 0.20289909024465128], 'per-client-train_loss_mean': [0.4194528258348429, 0.39012022703648985, 0.38436026258586564, 0.40626667971584257, 0.39622818723983616, 0.42342550470352175, 0.4128767116675737], 'dp-client-ids': [0, 1, 2, 3, 4, 5, 6], 'dp-update-norms-before-clipping': [12.27230533426711, 12.800581986650538, 12.611970375108282, 11.026971059549995, 9.92193005908387, 12.027063493527386, 12.00523567085393], 'dp-client-clipped': [1, 1, 1, 1, 1, 1, 1], 'dp-num-clients-clipped': 7, 'dp-fraction-clipped': 1.0, 'metric-dp-distance-min': 2.1127269780263305, 'metric-dp-distance-median': 2.4023768693829575, 'metric-dp-distance-mean': 2.3809234576950233, 'metric-dp-distance-count': 21, 'metric-dp-distance': 2.558825981182357, 'metric-dp-distance-invalid': 0.0, 'metric-dp-pairwise-distances': [2.5272465518986187, 2.5134306009858847, 2.355105627949039, 2.2699000742286444, 2.4448019675910473, 2.4296868791182837, 2.558825981182357, 2.404193317517638, 2.330064952994386, 2.505130321097871, 2.495971454307437, 2.381716383000215, 2.272828083174924, 2.468600853346288, 2.4683888337264457, 2.1127269780263305, 2.317965631994108, 2.304805513781806, 2.219889936968684, 2.2157357993225255, 2.4023768693829575], 'metric-dp-pairwise-client-i': [0, 0, 0, 0, 0, 0, 1, 1, 1, 1, 1, 2, 2, 2, 2, 3, 3, 3, 4, 4, 5], 'metric-dp-pairwise-client-j': [1, 2, 3, 4, 5, 6, 2, 3, 4, 5, 6, 3, 4, 5, 6, 4, 5, 6, 5, 6, 6], 'metric-dp-aggregation-collapsed': 0.0, 'dp-signal-update-norm': 1.9699740733461368, 'dp-parameter-count': 364426, 'dp-expected-noise-l2-norm': 2.948994335818209, 'dp-noise-to-signal-ratio': 1.4969711407466084, 'dp-noise-percent-of-signal': 149.69711407466085, 'metric-dp-noise-stdv': 0.0048850527905864565}
[92mINFO [0m:      configure_evaluate: Sampled 7 nodes (out of 7)
[92mINFO [0m:      aggregate_evaluate: Received 7 results and 0 failures
[92mINFO [0m:      	└──> Aggregated MetricRecord: {'eval_loss': 1.023162648689494, 'eval_acc': 0.6917967839664414, 'client-ids': [0, 1, 2, 3, 4, 5, 6], 'per-client-eval_acc': [0.7050823192555477, 0.6786197564276049, 0.7138849929873773, 0.64733395696913, 0.685290763968073, 0.6928, 0.7115207373271889], 'per-client-eval_loss': [0.985138427554153, 1.0547727977148735, 0.9612607594793675, 1.1538885355664816, 1.0393297571684643, 1.0447633066177369, 0.9436665943690709], 'per-client-num-examples': [1397, 1478, 1426, 1069, 877, 1250, 1085]}
[92mINFO [0m:      Global evaluation
[92mINFO [0m:      	└──> MetricRecord: {'loss': 0.9996335994720459, 'accuracy': 0.6974, 'f1': 0.6956541647359092, 'precision': 0.6998933553966629, 'auc': 0.9549983311111112, 'diverged': 0.0}
[92mINFO [0m:      
[92mINFO [0m:      [ROUND 16/20]
[92mINFO [0m:      configure_train: Sampled 7 nodes (out of 7)
[92mINFO [0m:      aggregate_train: pairwise model distance -- max=2.553053 mean=2.399568 median=2.397424 count=21
[92mINFO [0m:      aggregate_train: Received 7 results and 0 failures
[92mINFO [0m:      aggregate_fit: parameters are clipped by value: 5.0000.
[92mINFO [0m:      aggregate_fit: parameters are clipped by value: 5.0000.
[92mINFO [0m:      aggregate_fit: parameters are clipped by value: 5.0000.
[92mINFO [0m:      aggregate_fit: parameters are clipped by value: 5.0000.
[92mINFO [0m:      aggregate_fit: parameters are clipped by value: 5.0000.
[92mINFO [0m:      aggregate_fit: parameters are clipped by value: 5.0000.
[92mINFO [0m:      aggregate_fit: parameters are clipped by value: 5.0000.
[92mINFO [0m:      aggregate_train: Received 7 results and 0 failures
[92mINFO [0m:      aggregate_train: metric-aware noise with 0.004896 stdev added
[92mINFO [0m:      	└──> Aggregated MetricRecord: {'train_loss': 0.18534933051829103, 'train_loss_mean': 0.36516042003170596, 'client-ids': [0, 1, 2, 3, 4, 5, 6], 'per-client-num-examples': [5585, 5909, 5701, 4276, 3508, 5000, 4336], 'per-client-train_loss': [0.19647365944091508, 0.16351736764261052, 0.2004766952082413, 0.18722196271812058, 0.18212404568491666, 0.19690270708799362, 0.16832318350782693], 'per-client-train_loss_mean': [0.3728324974331615, 0.34073336657586184, 0.3502161109074754, 0.3652254152732881, 0.36702495886091496, 0.39320662779569626, 0.37430217561631624], 'dp-client-ids': [0, 1, 2, 3, 4, 5, 6], 'dp-update-norms-before-clipping': [12.511099509878129, 12.634161665167822, 12.842971853487336, 11.218501763288781, 10.21084870997139, 12.652497783371853, 11.45157627792019], 'dp-client-clipped': [1, 1, 1, 1, 1, 1, 1], 'dp-num-clients-clipped': 7, 'dp-fraction-clipped': 1.0, 'metric-dp-distance-min': 2.149577770692607, 'metric-dp-distance-median': 2.3974235268930593, 'metric-dp-distance-mean': 2.3995681722751923, 'metric-dp-distance-count': 21, 'metric-dp-distance': 2.5530533601219454, 'metric-dp-distance-invalid': 0.0, 'metric-dp-pairwise-distances': [2.528174938634038, 2.5530533601219454, 2.3974235268930593, 2.3150678391878805, 2.522909416196247, 2.3939058079073825, 2.5530285018806658, 2.3844092652822533, 2.323165060952306, 2.5389795592054725, 2.418600592451791, 2.422548509823779, 2.3246849374845624, 2.5487080297122398, 2.4343473641201854, 2.149577770692607, 2.3964831040551267, 2.278083510696888, 2.306311904452741, 2.1806679473568997, 2.420800670670966], 'metric-dp-pairwise-client-i': [0, 0, 0, 0, 0, 0, 1, 1, 1, 1, 1, 2, 2, 2, 2, 3, 3, 3, 4, 4, 5], 'metric-dp-pairwise-client-j': [1, 2, 3, 4, 5, 6, 2, 3, 4, 5, 6, 3, 4, 5, 6, 4, 5, 6, 5, 6, 6], 'metric-dp-aggregation-collapsed': 0.0, 'dp-signal-update-norm': 1.9497662173839732, 'dp-parameter-count': 364426, 'dp-expected-noise-l2-norm': 2.9556622053879886, 'dp-noise-to-signal-ratio': 1.5159059476133705, 'dp-noise-percent-of-signal': 151.59059476133703, 'metric-dp-noise-stdv': 0.004896098215276999}
[92mINFO [0m:      configure_evaluate: Sampled 7 nodes (out of 7)
[92mINFO [0m:      aggregate_evaluate: Received 7 results and 0 failures
[92mINFO [0m:      	└──> Aggregated MetricRecord: {'eval_loss': 1.0244634108953448, 'eval_acc': 0.6983220694476812, 'client-ids': [0, 1, 2, 3, 4, 5, 6], 'per-client-eval_acc': [0.7108088761632069, 0.6860622462787551, 0.7194950911640954, 0.6688493919550982, 0.69327251995439, 0.6952, 0.7078341013824885], 'per-client-eval_loss': [0.9890278083730273, 1.036726011474981, 0.9700476745402161, 1.1288618118100573, 1.0360615054992885, 1.0560864274978639, 0.9762367406748407], 'per-client-num-examples': [1397, 1478, 1426, 1069, 877, 1250, 1085]}
[92mINFO [0m:      Global evaluation
[92mINFO [0m:      	└──> MetricRecord: {'loss': 0.9977335819244385, 'accuracy': 0.7108, 'f1': 0.7094665134343084, 'precision': 0.710309097415819, 'auc': 0.9571040088888889, 'diverged': 0.0}
[92mINFO [0m:      
[92mINFO [0m:      [ROUND 17/20]
[92mINFO [0m:      configure_train: Sampled 7 nodes (out of 7)
[92mINFO [0m:      aggregate_train: pairwise model distance -- max=2.628692 mean=2.437120 median=2.435279 count=21
[92mINFO [0m:      aggregate_train: Received 7 results and 0 failures
[92mINFO [0m:      aggregate_fit: parameters are clipped by value: 5.0000.
[92mINFO [0m:      aggregate_fit: parameters are clipped by value: 5.0000.
[92mINFO [0m:      aggregate_fit: parameters are clipped by value: 5.0000.
[92mINFO [0m:      aggregate_fit: parameters are clipped by value: 5.0000.
[92mINFO [0m:      aggregate_fit: parameters are clipped by value: 5.0000.
[92mINFO [0m:      aggregate_fit: parameters are clipped by value: 5.0000.
[92mINFO [0m:      aggregate_fit: parameters are clipped by value: 5.0000.
[92mINFO [0m:      aggregate_train: Received 7 results and 0 failures
[92mINFO [0m:      aggregate_train: metric-aware noise with 0.004755 stdev added
[92mINFO [0m:      	└──> Aggregated MetricRecord: {'train_loss': 0.17808074182121708, 'train_loss_mean': 0.3405124490359522, 'client-ids': [0, 1, 2, 3, 4, 5, 6], 'per-client-num-examples': [5585, 5909, 5701, 4276, 3508, 5000, 4336], 'per-client-train_loss': [0.18532629344969215, 0.1787563105901701, 0.19048020333035998, 0.14993950844480125, 0.16600415978831332, 0.2102425134897232, 0.15195990085766764], 'per-client-train_loss_mean': [0.3403359415281427, 0.3153795043820757, 0.3212765325891294, 0.3524024389858442, 0.35339182124918106, 0.36751369983524085, 0.34700037230809677], 'dp-client-ids': [0, 1, 2, 3, 4, 5, 6], 'dp-update-norms-before-clipping': [12.734007453593303, 12.999168043018136, 13.304949234101002, 11.229285383635512, 10.427965614002272, 12.645062767362731, 11.651698783939068], 'dp-client-clipped': [1, 1, 1, 1, 1, 1, 1], 'dp-num-clients-clipped': 7, 'dp-fraction-clipped': 1.0, 'metric-dp-distance-min': 2.1796442099536457, 'metric-dp-distance-median': 2.435279065122207, 'metric-dp-distance-mean': 2.437119583007954, 'metric-dp-distance-count': 21, 'metric-dp-distance': 2.6286917282268405, 'metric-dp-distance-invalid': 0.0, 'metric-dp-pairwise-distances': [2.58912211128821, 2.5956814639891186, 2.4049323530246816, 2.346059078661104, 2.5338276041050753, 2.435279065122207, 2.6286917282268405, 2.4426423432305455, 2.3824079257125654, 2.573977258056402, 2.471775837863485, 2.4631815310567617, 2.3815779720122614, 2.5835505494227013, 2.4921727956583104, 2.1796442099536457, 2.397695415032407, 2.301622455318769, 2.314502489132186, 2.2310440527896085, 2.4301230035101375], 'metric-dp-pairwise-client-i': [0, 0, 0, 0, 0, 0, 1, 1, 1, 1, 1, 2, 2, 2, 2, 3, 3, 3, 4, 4, 5], 'metric-dp-pairwise-client-j': [1, 2, 3, 4, 5, 6, 2, 3, 4, 5, 6, 3, 4, 5, 6, 4, 5, 6, 5, 6, 6], 'metric-dp-aggregation-collapsed': 0.0, 'dp-signal-update-norm': 1.922913456289327, 'dp-parameter-count': 364426, 'dp-expected-noise-l2-norm': 2.870615539974823, 'dp-noise-to-signal-ratio': 1.492846976854741, 'dp-noise-percent-of-signal': 149.2846976854741, 'metric-dp-noise-stdv': 0.004755217154516539}
[92mINFO [0m:      configure_evaluate: Sampled 7 nodes (out of 7)
[92mINFO [0m:      aggregate_evaluate: Received 7 results and 0 failures
[92mINFO [0m:      	└──> Aggregated MetricRecord: {'eval_loss': 1.040602278720524, 'eval_acc': 0.6935446282917734, 'client-ids': [0, 1, 2, 3, 4, 5, 6], 'per-client-eval_acc': [0.7072297780959198, 0.6799729364005412, 0.7145862552594671, 0.6623012160898035, 0.6898517673888256, 0.688, 0.7069124423963133], 'per-client-eval_loss': [0.9903223751780811, 1.0598770704256504, 0.9899210080525317, 1.158889756233922, 1.038874072658839, 1.0757811391830445, 0.9900189817226428], 'per-client-num-examples': [1397, 1478, 1426, 1069, 877, 1250, 1085]}
[92mINFO [0m:      Global evaluation
[92mINFO [0m:      	└──> MetricRecord: {'loss': 1.0074175482749939, 'accuracy': 0.7068, 'f1': 0.7067789830820475, 'precision': 0.7094747146832551, 'auc': 0.9564761044444444, 'diverged': 0.0}
[92mINFO [0m:      
[92mINFO [0m:      [ROUND 18/20]
[92mINFO [0m:      configure_train: Sampled 7 nodes (out of 7)
[92mINFO [0m:      aggregate_train: pairwise model distance -- max=2.589833 mean=2.401970 median=2.419869 count=21
[92mINFO [0m:      aggregate_train: Received 7 results and 0 failures
[92mINFO [0m:      aggregate_fit: parameters are clipped by value: 5.0000.
[92mINFO [0m:      aggregate_fit: parameters are clipped by value: 5.0000.
[92mINFO [0m:      aggregate_fit: parameters are clipped by value: 5.0000.
[92mINFO [0m:      aggregate_fit: parameters are clipped by value: 5.0000.
[92mINFO [0m:      aggregate_fit: parameters are clipped by value: 5.0000.
[92mINFO [0m:      aggregate_fit: parameters are clipped by value: 5.0000.
[92mINFO [0m:      aggregate_fit: parameters are clipped by value: 5.0000.
[92mINFO [0m:      aggregate_train: Received 7 results and 0 failures
[92mINFO [0m:      aggregate_train: metric-aware noise with 0.004827 stdev added
[92mINFO [0m:      	└──> Aggregated MetricRecord: {'train_loss': 0.15529962085794294, 'train_loss_mean': 0.317499687843992, 'client-ids': [0, 1, 2, 3, 4, 5, 6], 'per-client-num-examples': [5585, 5909, 5701, 4276, 3508, 5000, 4336], 'per-client-train_loss': [0.18356005021153332, 0.14913264552708466, 0.16945881206771612, 0.14564359153231468, 0.14395798170172366, 0.1593302915930748, 0.12273663840500632], 'per-client-train_loss_mean': [0.3289879009765285, 0.2952655710162679, 0.30211333318514966, 0.32088995325763275, 0.32600492458522934, 0.3348788369256258, 0.32296750221085285], 'dp-client-ids': [0, 1, 2, 3, 4, 5, 6], 'dp-update-norms-before-clipping': [12.68427737062684, 13.01254753683947, 12.854132296033434, 11.422692116912202, 10.337294557878623, 12.053044041744542, 11.652978770486554], 'dp-client-clipped': [1, 1, 1, 1, 1, 1, 1], 'dp-num-clients-clipped': 7, 'dp-fraction-clipped': 1.0, 'metric-dp-distance-min': 2.1747421010707817, 'metric-dp-distance-median': 2.4198692993571362, 'metric-dp-distance-mean': 2.4019704960464017, 'metric-dp-distance-count': 21, 'metric-dp-distance': 2.5898328566302857, 'metric-dp-distance-invalid': 0.0, 'metric-dp-pairwise-distances': [2.571927128980557, 2.549965080805123, 2.4198692993571362, 2.331112708275517, 2.476533295276264, 2.4134155915429196, 2.5898328566302857, 2.4439854624991617, 2.3563081581766405, 2.512998105647663, 2.4569116855661073, 2.4345547752454877, 2.326155900644759, 2.4943055169035993, 2.4335271793728075, 2.1747421010707817, 2.347836480786403, 2.3041150520245233, 2.2386341970413923, 2.1927563420807323, 2.371893499046564], 'metric-dp-pairwise-client-i': [0, 0, 0, 0, 0, 0, 1, 1, 1, 1, 1, 2, 2, 2, 2, 3, 3, 3, 4, 4, 5], 'metric-dp-pairwise-client-j': [1, 2, 3, 4, 5, 6, 2, 3, 4, 5, 6, 3, 4, 5, 6, 4, 5, 6, 5, 6, 6], 'metric-dp-aggregation-collapsed': 0.0, 'dp-signal-update-norm': 1.9138177500137195, 'dp-parameter-count': 364426, 'dp-expected-noise-l2-norm': 2.9136873854745735, 'dp-noise-to-signal-ratio': 1.5224476758320828, 'dp-noise-percent-of-signal': 152.24476758320827, 'metric-dp-noise-stdv': 0.004826566304461884}
[92mINFO [0m:      configure_evaluate: Sampled 7 nodes (out of 7)
[92mINFO [0m:      aggregate_evaluate: Received 7 results and 0 failures
[92mINFO [0m:      	└──> Aggregated MetricRecord: {'eval_loss': 1.0643254541081166, 'eval_acc': 0.6991377301328361, 'client-ids': [0, 1, 2, 3, 4, 5, 6], 'per-client-eval_acc': [0.7093772369362921, 0.6914749661705006, 0.7012622720897616, 0.6782039289055192, 0.7035347776510832, 0.6904, 0.7207373271889401], 'per-client-eval_loss': [1.0307628676647276, 1.0743267745868441, 1.0199369648562908, 1.1617789736855688, 1.0698229899564111, 1.097325289964676, 1.0137761647800148], 'per-client-num-examples': [1397, 1478, 1426, 1069, 877, 1250, 1085]}
[92mINFO [0m:      Global evaluation
[92mINFO [0m:      	└──> MetricRecord: {'loss': 1.0289394948005677, 'accuracy': 0.7142, 'f1': 0.7133774985890676, 'precision': 0.7138049889982635, 'auc': 0.9568055200000001, 'diverged': 0.0}
[92mINFO [0m:      
[92mINFO [0m:      [ROUND 19/20]
[92mINFO [0m:      configure_train: Sampled 7 nodes (out of 7)
[92mINFO [0m:      aggregate_train: pairwise model distance -- max=2.613687 mean=2.394068 median=2.378632 count=21
[92mINFO [0m:      aggregate_train: Received 7 results and 0 failures
[92mINFO [0m:      aggregate_fit: parameters are clipped by value: 5.0000.
[92mINFO [0m:      aggregate_fit: parameters are clipped by value: 5.0000.
[92mINFO [0m:      aggregate_fit: parameters are clipped by value: 5.0000.
[92mINFO [0m:      aggregate_fit: parameters are clipped by value: 5.0000.
[92mINFO [0m:      aggregate_fit: parameters are clipped by value: 5.0000.
[92mINFO [0m:      aggregate_fit: parameters are clipped by value: 5.0000.
[92mINFO [0m:      aggregate_fit: parameters are clipped by value: 5.0000.
[92mINFO [0m:      aggregate_train: Received 7 results and 0 failures
[92mINFO [0m:      aggregate_train: metric-aware noise with 0.004783 stdev added
[92mINFO [0m:      	└──> Aggregated MetricRecord: {'train_loss': 0.14222527756260034, 'train_loss_mean': 0.29330323634859984, 'client-ids': [0, 1, 2, 3, 4, 5, 6], 'per-client-num-examples': [5585, 5909, 5701, 4276, 3508, 5000, 4336], 'per-client-train_loss': [0.1517334974428427, 0.14770207951155223, 0.1515772047533819, 0.11623029289915252, 0.14768309423120154, 0.14186013959646224, 0.13185928487717224], 'per-client-train_loss_mean': [0.29515439538493576, 0.27437702083339505, 0.2798921596024292, 0.2981186574570646, 0.30763557417362825, 0.30554213151693344, 0.3038866715883747], 'dp-client-ids': [0, 1, 2, 3, 4, 5, 6], 'dp-update-norms-before-clipping': [12.470793421408567, 13.176040201077498, 12.940674560428764, 11.393408460108047, 10.227474900875446, 12.145329486291752, 11.321123536908305], 'dp-client-clipped': [1, 1, 1, 1, 1, 1, 1], 'dp-num-clients-clipped': 7, 'dp-fraction-clipped': 1.0, 'metric-dp-distance-min': 2.1575106838718057, 'metric-dp-distance-median': 2.378631531881789, 'metric-dp-distance-mean': 2.3940679718858546, 'metric-dp-distance-count': 21, 'metric-dp-distance': 2.6136866731879613, 'metric-dp-distance-invalid': 0.0, 'metric-dp-pairwise-distances': [2.5676865465939045, 2.545273312057058, 2.378631531881789, 2.2983628576621413, 2.466051045805216, 2.375630455712477, 2.6136866731879613, 2.4577047346780696, 2.3649893505498767, 2.53144132408003, 2.4561625507970652, 2.4407534639661512, 2.3347158348187804, 2.5072968071326613, 2.427045707280437, 2.1575106838718057, 2.349017633125186, 2.255619759981831, 2.2384293849269548, 2.159244597579042, 2.350173153914511], 'metric-dp-pairwise-client-i': [0, 0, 0, 0, 0, 0, 1, 1, 1, 1, 1, 2, 2, 2, 2, 3, 3, 3, 4, 4, 5], 'metric-dp-pairwise-client-j': [1, 2, 3, 4, 5, 6, 2, 3, 4, 5, 6, 3, 4, 5, 6, 4, 5, 6, 5, 6, 6], 'metric-dp-aggregation-collapsed': 0.0, 'dp-signal-update-norm': 1.8984632999699762, 'dp-parameter-count': 364426, 'dp-expected-noise-l2-norm': 2.8870956118268354, 'dp-noise-to-signal-ratio': 1.5207539760565791, 'dp-noise-percent-of-signal': 152.0753976056579, 'metric-dp-noise-stdv': 0.004782516637601983}
[92mINFO [0m:      configure_evaluate: Sampled 7 nodes (out of 7)
[92mINFO [0m:      aggregate_evaluate: Received 7 results and 0 failures
[92mINFO [0m:      	└──> Aggregated MetricRecord: {'eval_loss': 1.0921950308878197, 'eval_acc': 0.7021673269634117, 'client-ids': [0, 1, 2, 3, 4, 5, 6], 'per-client-eval_acc': [0.7036506800286327, 0.6948579161028416, 0.7145862552594671, 0.6838166510757717, 0.7115165336374002, 0.6976, 0.7096774193548387], 'per-client-eval_loss': [1.097860796415729, 1.096944081121917, 1.0214874627379515, 1.1880776019047308, 1.0892955373331241, 1.1279597158432006, 1.03803222234348], 'per-client-num-examples': [1397, 1478, 1426, 1069, 877, 1250, 1085]}
[92mINFO [0m:      Global evaluation
[92mINFO [0m:      	└──> MetricRecord: {'loss': 1.0646253390312195, 'accuracy': 0.7162, 'f1': 0.7145274693042838, 'precision': 0.7144970202824084, 'auc': 0.9574397377777777, 'diverged': 0.0}
[92mINFO [0m:      
[92mINFO [0m:      [ROUND 20/20]
[92mINFO [0m:      configure_train: Sampled 7 nodes (out of 7)
[92mINFO [0m:      aggregate_train: pairwise model distance -- max=2.593789 mean=2.386307 median=2.375499 count=21
[92mINFO [0m:      aggregate_train: Received 7 results and 0 failures
[92mINFO [0m:      aggregate_fit: parameters are clipped by value: 5.0000.
[92mINFO [0m:      aggregate_fit: parameters are clipped by value: 5.0000.
[92mINFO [0m:      aggregate_fit: parameters are clipped by value: 5.0000.
[92mINFO [0m:      aggregate_fit: parameters are clipped by value: 5.0000.
[92mINFO [0m:      aggregate_fit: parameters are clipped by value: 5.0000.
[92mINFO [0m:      aggregate_fit: parameters are clipped by value: 5.0000.
[92mINFO [0m:      aggregate_fit: parameters are clipped by value: 5.0000.
[92mINFO [0m:      aggregate_train: Received 7 results and 0 failures
[92mINFO [0m:      aggregate_train: metric-aware noise with 0.004819 stdev added
[92mINFO [0m:      	└──> Aggregated MetricRecord: {'train_loss': 0.1377419255508329, 'train_loss_mean': 0.2742319323015134, 'client-ids': [0, 1, 2, 3, 4, 5, 6], 'per-client-num-examples': [5585, 5909, 5701, 4276, 3508, 5000, 4336], 'per-client-train_loss': [0.15471721287273144, 0.13982182929163395, 0.14400948028553423, 0.1359990376864113, 0.13575620142192907, 0.13207059631347656, 0.11466690121953997], 'per-client-train_loss_mean': [0.276174267697996, 0.252735758409532, 0.26459794709211615, 0.27983566282911204, 0.2887414524295583, 0.29198218120098113, 0.2759579713177967], 'dp-client-ids': [0, 1, 2, 3, 4, 5, 6], 'dp-update-norms-before-clipping': [12.591851423735847, 13.333093153211902, 12.351044495610891, 11.536931523199884, 10.315604403460478, 12.02180433578234, 11.216840784867435], 'dp-client-clipped': [1, 1, 1, 1, 1, 1, 1], 'dp-num-clients-clipped': 7, 'dp-fraction-clipped': 1.0, 'metric-dp-distance-min': 2.1530631855130196, 'metric-dp-distance-median': 2.375498603718976, 'metric-dp-distance-mean': 2.3863069826796175, 'metric-dp-distance-count': 21, 'metric-dp-distance': 2.5937885685513415, 'metric-dp-distance-invalid': 0.0, 'metric-dp-pairwise-distances': [2.5937885685513415, 2.504453401391705, 2.4216643003746867, 2.3187378303458295, 2.4698413194467626, 2.375498603718976, 2.5679791240642467, 2.4849428770442805, 2.3723017905528345, 2.5350706142683825, 2.463465843349695, 2.403967734115819, 2.267467450660964, 2.4437277344986796, 2.3519536747286716, 2.1833536525567374, 2.3696057156970105, 2.2849643789231777, 2.2259272799516716, 2.1530631855130196, 2.320671556517482], 'metric-dp-pairwise-client-i': [0, 0, 0, 0, 0, 0, 1, 1, 1, 1, 1, 2, 2, 2, 2, 3, 3, 3, 4, 4, 5], 'metric-dp-pairwise-client-j': [1, 2, 3, 4, 5, 6, 2, 3, 4, 5, 6, 3, 4, 5, 6, 4, 5, 6, 5, 6, 6], 'metric-dp-aggregation-collapsed': 0.0, 'dp-signal-update-norm': 1.89388281673436, 'dp-parameter-count': 364426, 'dp-expected-noise-l2-norm': 2.9092438051208402, 'dp-noise-to-signal-ratio': 1.536126617452117, 'dp-noise-percent-of-signal': 153.6126617452117, 'metric-dp-noise-stdv': 0.004819205447798462}
[92mINFO [0m:      configure_evaluate: Sampled 7 nodes (out of 7)
[92mINFO [0m:      aggregate_evaluate: Received 7 results and 0 failures
[92mINFO [0m:      	└──> Aggregated MetricRecord: {'eval_loss': 1.1086667364250944, 'eval_acc': 0.701468189233279, 'client-ids': [0, 1, 2, 3, 4, 5, 6], 'per-client-eval_acc': [0.7015032211882606, 0.6948579161028416, 0.7103786816269285, 0.6735266604303087, 0.7263397947548461, 0.692, 0.7170506912442396], 'per-client-eval_loss': [1.1031890683457437, 1.1145810648617467, 1.045245294985564, 1.2139637842704694, 1.0964639765914517, 1.144768295764923, 1.0555443653862597], 'per-client-num-examples': [1397, 1478, 1426, 1069, 877, 1250, 1085]}
[92mINFO [0m:      Global evaluation
[92mINFO [0m:      	└──> MetricRecord: {'loss': 1.0800023685455322, 'accuracy': 0.7172, 'f1': 0.7156619821750984, 'precision': 0.7151814867378286, 'auc': 0.9579468933333333, 'diverged': 0.0}
[92mINFO [0m:      
[92mINFO [0m:      Strategy execution finished in 539.61s
[92mINFO [0m:      
[92mINFO [0m:      Final results:
[92mINFO [0m:      
[92mINFO [0m:      	Global Arrays:
[92mINFO [0m:      		ArrayRecord (1.392 MB)
[92mINFO [0m:      	
[92mINFO [0m:      	Aggregated ClientApp-side Train Metrics:
[92mINFO [0m:      	{ 1: { 'client-ids': "['0', '1', '2', '3', '4', '5', '6']",
[92mINFO [0m:      	       'dp-client-clipped': "['1', '1', '1', '1', '1', '1', '1']",
[92mINFO [0m:      	       'dp-client-ids': "['0', '1', '2', '3', '4', '5', '6']",
[92mINFO [0m:      	       'dp-expected-noise-l2-norm': '2.3925e+00',
[92mINFO [0m:      	       'dp-fraction-clipped': '1.0000e+00',
[92mINFO [0m:      	       'dp-noise-percent-of-signal': '1.0650e+02',
[92mINFO [0m:      	       'dp-noise-to-signal-ratio': '1.0650e+00',
[92mINFO [0m:      	       'dp-num-clients-clipped': '7',
[92mINFO [0m:      	       'dp-parameter-count': '364426',
[92mINFO [0m:      	       'dp-signal-update-norm': '2.2464e+00',
[92mINFO [0m:      	       'dp-update-norms-before-clipping': "['1.4161e+01', '1.3323e+01', "
[92mINFO [0m:      	                                          "'1.3294e+01', '1.1725e+01', "
[92mINFO [0m:      	                                          "'1.0588e+01', '1.3415e+01', "
[92mINFO [0m:      	                                          "'1.3287e+01']",
[92mINFO [0m:      	       'metric-dp-aggregation-collapsed': '0.0000e+00',
[92mINFO [0m:      	       'metric-dp-distance': '3.1541e+00',
[92mINFO [0m:      	       'metric-dp-distance-count': '21',
[92mINFO [0m:      	       'metric-dp-distance-invalid': '0.0000e+00',
[92mINFO [0m:      	       'metric-dp-distance-mean': '2.9409e+00',
[92mINFO [0m:      	       'metric-dp-distance-median': '2.9548e+00',
[92mINFO [0m:      	       'metric-dp-distance-min': '2.5946e+00',
[92mINFO [0m:      	       'metric-dp-noise-stdv': '3.9631e-03',
[92mINFO [0m:      	       'metric-dp-pairwise-client-i': "['0', '0', '0', '0', '0', '0', '1', "
[92mINFO [0m:      	                                      "'1', '1', '1', '1', '2', '2', '2', '2', "
[92mINFO [0m:      	                                      "'3', '3', '3', '4', '4', '5']",
[92mINFO [0m:      	       'metric-dp-pairwise-client-j': "['1', '2', '3', '4', '5', '6', '2', "
[92mINFO [0m:      	                                      "'3', '4', '5', '6', '3', '4', '5', '6', "
[92mINFO [0m:      	                                      "'4', '5', '6', '5', '6', '6']",
[92mINFO [0m:      	       'metric-dp-pairwise-distances': "['3.1541e+00', '3.1065e+00', "
[92mINFO [0m:      	                                       "'3.0159e+00', '2.8530e+00', "
[92mINFO [0m:      	                                       "'3.1323e+00', '3.1304e+00', "
[92mINFO [0m:      	                                       "'3.0448e+00', '2.9110e+00', "
[92mINFO [0m:      	                                       "'2.8008e+00', '3.0433e+00', "
[92mINFO [0m:      	                                       "'3.0428e+00', '2.9211e+00', "
[92mINFO [0m:      	                                       "'2.6607e+00', '3.0552e+00', "
[92mINFO [0m:      	                                       "'3.0338e+00', '2.5946e+00', "
[92mINFO [0m:      	                                       "'2.9020e+00', '2.9178e+00', "
[92mINFO [0m:      	                                       "'2.7436e+00', '2.7413e+00', "
[92mINFO [0m:      	                                       "'2.9548e+00']",
[92mINFO [0m:      	       'per-client-num-examples': "['5585', '5909', '5701', '4276', '3508', "
[92mINFO [0m:      	                                  "'5000', '4336']",
[92mINFO [0m:      	       'per-client-train_loss': "['1.4802e+00', '1.4901e+00', '1.4215e+00', "
[92mINFO [0m:      	                                "'1.6286e+00', '1.5895e+00', '1.4133e+00', "
[92mINFO [0m:      	                                "'1.5449e+00']",
[92mINFO [0m:      	       'per-client-train_loss_mean': "['1.7644e+00', '1.7287e+00', "
[92mINFO [0m:      	                                     "'1.6844e+00', '1.8454e+00', "
[92mINFO [0m:      	                                     "'1.8243e+00', '1.6793e+00', "
[92mINFO [0m:      	                                     "'1.7910e+00']",
[92mINFO [0m:      	       'train_loss': '1.5002e+00',
[92mINFO [0m:      	       'train_loss_mean': '1.7522e+00'},
[92mINFO [0m:      	  2: { 'client-ids': "['0', '1', '2', '3', '4', '5', '6']",
[92mINFO [0m:      	       'dp-client-clipped': "['1', '1', '1', '1', '1', '1', '1']",
[92mINFO [0m:      	       'dp-client-ids': "['0', '1', '2', '3', '4', '5', '6']",
[92mINFO [0m:      	       'dp-expected-noise-l2-norm': '2.6473e+00',
[92mINFO [0m:      	       'dp-fraction-clipped': '1.0000e+00',
[92mINFO [0m:      	       'dp-noise-percent-of-signal': '8.3984e+01',
[92mINFO [0m:      	       'dp-noise-to-signal-ratio': '8.3984e-01',
[92mINFO [0m:      	       'dp-num-clients-clipped': '7',
[92mINFO [0m:      	       'dp-parameter-count': '364426',
[92mINFO [0m:      	       'dp-signal-update-norm': '3.1522e+00',
[92mINFO [0m:      	       'dp-update-norms-before-clipping': "['1.5044e+01', '1.5607e+01', "
[92mINFO [0m:      	                                          "'1.4322e+01', '1.2967e+01', "
[92mINFO [0m:      	                                          "'1.1902e+01', '1.3466e+01', "
[92mINFO [0m:      	                                          "'1.3062e+01']",
[92mINFO [0m:      	       'metric-dp-aggregation-collapsed': '0.0000e+00',
[92mINFO [0m:      	       'metric-dp-distance': '2.8504e+00',
[92mINFO [0m:      	       'metric-dp-distance-count': '21',
[92mINFO [0m:      	       'metric-dp-distance-invalid': '0.0000e+00',
[92mINFO [0m:      	       'metric-dp-distance-mean': '2.5803e+00',
[92mINFO [0m:      	       'metric-dp-distance-median': '2.5945e+00',
[92mINFO [0m:      	       'metric-dp-distance-min': '2.3011e+00',
[92mINFO [0m:      	       'metric-dp-noise-stdv': '4.3853e-03',
[92mINFO [0m:      	       'metric-dp-pairwise-client-i': "['0', '0', '0', '0', '0', '0', '1', "
[92mINFO [0m:      	                                      "'1', '1', '1', '1', '2', '2', '2', '2', "
[92mINFO [0m:      	                                      "'3', '3', '3', '4', '4', '5']",
[92mINFO [0m:      	       'metric-dp-pairwise-client-j': "['1', '2', '3', '4', '5', '6', '2', "
[92mINFO [0m:      	                                      "'3', '4', '5', '6', '3', '4', '5', '6', "
[92mINFO [0m:      	                                      "'4', '5', '6', '5', '6', '6']",
[92mINFO [0m:      	       'metric-dp-pairwise-distances': "['2.8504e+00', '2.7519e+00', "
[92mINFO [0m:      	                                       "'2.6108e+00', '2.6077e+00', "
[92mINFO [0m:      	                                       "'2.7056e+00', '2.5699e+00', "
[92mINFO [0m:      	                                       "'2.7840e+00', '2.5945e+00', "
[92mINFO [0m:      	                                       "'2.6812e+00', '2.7938e+00', "
[92mINFO [0m:      	                                       "'2.6447e+00', '2.5727e+00', "
[92mINFO [0m:      	                                       "'2.3927e+00', '2.6524e+00', "
[92mINFO [0m:      	                                       "'2.5803e+00', '2.3581e+00', "
[92mINFO [0m:      	                                       "'2.4924e+00', '2.3879e+00', "
[92mINFO [0m:      	                                       "'2.3857e+00', '2.3011e+00', "
[92mINFO [0m:      	                                       "'2.4688e+00']",
[92mINFO [0m:      	       'per-client-num-examples': "['5585', '5909', '5701', '4276', '3508', "
[92mINFO [0m:      	                                  "'5000', '4336']",
[92mINFO [0m:      	       'per-client-train_loss': "['1.3388e+00', '1.3133e+00', '1.2978e+00', "
[92mINFO [0m:      	                                "'1.4155e+00', '1.4038e+00', '1.3464e+00', "
[92mINFO [0m:      	                                "'1.4078e+00']",
[92mINFO [0m:      	       'per-client-train_loss_mean': "['1.5748e+00', '1.5626e+00', "
[92mINFO [0m:      	                                     "'1.5215e+00', '1.6169e+00', "
[92mINFO [0m:      	                                     "'1.6247e+00', '1.5452e+00', "
[92mINFO [0m:      	                                     "'1.6006e+00']",
[92mINFO [0m:      	       'train_loss': '1.3536e+00',
[92mINFO [0m:      	       'train_loss_mean': '1.5731e+00'},
[92mINFO [0m:      	  3: { 'client-ids': "['0', '1', '2', '3', '4', '5', '6']",
[92mINFO [0m:      	       'dp-client-clipped': "['1', '1', '1', '1', '1', '1', '1']",
[92mINFO [0m:      	       'dp-client-ids': "['0', '1', '2', '3', '4', '5', '6']",
[92mINFO [0m:      	       'dp-expected-noise-l2-norm': '3.2687e+00',
[92mINFO [0m:      	       'dp-fraction-clipped': '1.0000e+00',
[92mINFO [0m:      	       'dp-noise-percent-of-signal': '8.9302e+01',
[92mINFO [0m:      	       'dp-noise-to-signal-ratio': '8.9302e-01',
[92mINFO [0m:      	       'dp-num-clients-clipped': '7',
[92mINFO [0m:      	       'dp-parameter-count': '364426',
[92mINFO [0m:      	       'dp-signal-update-norm': '3.6603e+00',
[92mINFO [0m:      	       'dp-update-norms-before-clipping': "['1.4413e+01', '1.4497e+01', "
[92mINFO [0m:      	                                          "'1.3866e+01', '1.2422e+01', "
[92mINFO [0m:      	                                          "'1.0654e+01', '1.2874e+01', "
[92mINFO [0m:      	                                          "'1.2480e+01']",
[92mINFO [0m:      	       'metric-dp-aggregation-collapsed': '0.0000e+00',
[92mINFO [0m:      	       'metric-dp-distance': '2.3085e+00',
[92mINFO [0m:      	       'metric-dp-distance-count': '21',
[92mINFO [0m:      	       'metric-dp-distance-invalid': '0.0000e+00',
[92mINFO [0m:      	       'metric-dp-distance-mean': '2.1094e+00',
[92mINFO [0m:      	       'metric-dp-distance-median': '2.1231e+00',
[92mINFO [0m:      	       'metric-dp-distance-min': '1.9004e+00',
[92mINFO [0m:      	       'metric-dp-noise-stdv': '5.4147e-03',
[92mINFO [0m:      	       'metric-dp-pairwise-client-i': "['0', '0', '0', '0', '0', '0', '1', "
[92mINFO [0m:      	                                      "'1', '1', '1', '1', '2', '2', '2', '2', "
[92mINFO [0m:      	                                      "'3', '3', '3', '4', '4', '5']",
[92mINFO [0m:      	       'metric-dp-pairwise-client-j': "['1', '2', '3', '4', '5', '6', '2', "
[92mINFO [0m:      	                                      "'3', '4', '5', '6', '3', '4', '5', '6', "
[92mINFO [0m:      	                                      "'4', '5', '6', '5', '6', '6']",
[92mINFO [0m:      	       'metric-dp-pairwise-distances': "['2.3085e+00', '2.2341e+00', "
[92mINFO [0m:      	                                       "'2.1952e+00', '2.1231e+00', "
[92mINFO [0m:      	                                       "'2.2078e+00', '2.1592e+00', "
[92mINFO [0m:      	                                       "'2.2227e+00', '2.1035e+00', "
[92mINFO [0m:      	                                       "'2.1117e+00', '2.2088e+00', "
[92mINFO [0m:      	                                       "'2.1736e+00', '2.1215e+00', "
[92mINFO [0m:      	                                       "'2.0048e+00', '2.1326e+00', "
[92mINFO [0m:      	                                       "'2.1444e+00', '1.9152e+00', "
[92mINFO [0m:      	                                       "'2.0178e+00', '2.0038e+00', "
[92mINFO [0m:      	                                       "'1.9004e+00', '1.9164e+00', "
[92mINFO [0m:      	                                       "'2.0914e+00']",
[92mINFO [0m:      	       'per-client-num-examples': "['5585', '5909', '5701', '4276', '3508', "
[92mINFO [0m:      	                                  "'5000', '4336']",
[92mINFO [0m:      	       'per-client-train_loss': "['1.2188e+00', '1.1427e+00', '1.1280e+00', "
[92mINFO [0m:      	                                "'1.2239e+00', '1.2420e+00', '1.2153e+00', "
[92mINFO [0m:      	                                "'1.2578e+00']",
[92mINFO [0m:      	       'per-client-train_loss_mean': "['1.4244e+00', '1.3437e+00', "
[92mINFO [0m:      	                                     "'1.3299e+00', '1.4058e+00', "
[92mINFO [0m:      	                                     "'1.3910e+00', '1.3779e+00', "
[92mINFO [0m:      	                                     "'1.4320e+00']",
[92mINFO [0m:      	       'train_loss': '1.1980e+00',
[92mINFO [0m:      	       'train_loss_mean': '1.3833e+00'},
[92mINFO [0m:      	  4: { 'client-ids': "['0', '1', '2', '3', '4', '5', '6']",
[92mINFO [0m:      	       'dp-client-clipped': "['1', '1', '1', '1', '1', '1', '1']",
[92mINFO [0m:      	       'dp-client-ids': "['0', '1', '2', '3', '4', '5', '6']",
[92mINFO [0m:      	       'dp-expected-noise-l2-norm': '3.4382e+00',
[92mINFO [0m:      	       'dp-fraction-clipped': '1.0000e+00',
[92mINFO [0m:      	       'dp-noise-percent-of-signal': '9.8581e+01',
[92mINFO [0m:      	       'dp-noise-to-signal-ratio': '9.8581e-01',
[92mINFO [0m:      	       'dp-num-clients-clipped': '7',
[92mINFO [0m:      	       'dp-parameter-count': '364426',
[92mINFO [0m:      	       'dp-signal-update-norm': '3.4876e+00',
[92mINFO [0m:      	       'dp-update-norms-before-clipping': "['1.3092e+01', '1.3327e+01', "
[92mINFO [0m:      	                                          "'1.2997e+01', '1.1292e+01', "
[92mINFO [0m:      	                                          "'9.7371e+00', '1.2170e+01', "
[92mINFO [0m:      	                                          "'1.1325e+01']",
[92mINFO [0m:      	       'metric-dp-aggregation-collapsed': '0.0000e+00',
[92mINFO [0m:      	       'metric-dp-distance': '2.1948e+00',
[92mINFO [0m:      	       'metric-dp-distance-count': '21',
[92mINFO [0m:      	       'metric-dp-distance-invalid': '0.0000e+00',
[92mINFO [0m:      	       'metric-dp-distance-mean': '2.0346e+00',
[92mINFO [0m:      	       'metric-dp-distance-median': '2.0356e+00',
[92mINFO [0m:      	       'metric-dp-distance-min': '1.8284e+00',
[92mINFO [0m:      	       'metric-dp-noise-stdv': '5.6953e-03',
[92mINFO [0m:      	       'metric-dp-pairwise-client-i': "['0', '0', '0', '0', '0', '0', '1', "
[92mINFO [0m:      	                                      "'1', '1', '1', '1', '2', '2', '2', '2', "
[92mINFO [0m:      	                                      "'3', '3', '3', '4', '4', '5']",
[92mINFO [0m:      	       'metric-dp-pairwise-client-j': "['1', '2', '3', '4', '5', '6', '2', "
[92mINFO [0m:      	                                      "'3', '4', '5', '6', '3', '4', '5', '6', "
[92mINFO [0m:      	                                      "'4', '5', '6', '5', '6', '6']",
[92mINFO [0m:      	       'metric-dp-pairwise-distances': "['2.1948e+00', '2.1277e+00', "
[92mINFO [0m:      	                                       "'2.1104e+00', '2.0285e+00', "
[92mINFO [0m:      	                                       "'2.1233e+00', '2.0139e+00', "
[92mINFO [0m:      	                                       "'2.1735e+00', '2.0447e+00', "
[92mINFO [0m:      	                                       "'2.0356e+00', '2.1581e+00', "
[92mINFO [0m:      	                                       "'2.0573e+00', '2.0925e+00', "
[92mINFO [0m:      	                                       "'1.9534e+00', '2.1160e+00', "
[92mINFO [0m:      	                                       "'2.0229e+00', '1.8663e+00', "
[92mINFO [0m:      	                                       "'2.0026e+00', '1.9267e+00', "
[92mINFO [0m:      	                                       "'1.8861e+00', '1.8284e+00', "
[92mINFO [0m:      	                                       "'1.9636e+00']",
[92mINFO [0m:      	       'per-client-num-examples': "['5585', '5909', '5701', '4276', '3508', "
[92mINFO [0m:      	                                  "'5000', '4336']",
[92mINFO [0m:      	       'per-client-train_loss': "['1.0962e+00', '1.0133e+00', '1.0128e+00', "
[92mINFO [0m:      	                                "'1.1157e+00', '1.1057e+00', '1.0814e+00', "
[92mINFO [0m:      	                                "'1.0982e+00']",
[92mINFO [0m:      	       'per-client-train_loss_mean': "['1.2709e+00', '1.2000e+00', "
[92mINFO [0m:      	                                     "'1.1923e+00', '1.2763e+00', "
[92mINFO [0m:      	                                     "'1.2617e+00', '1.2371e+00', "
[92mINFO [0m:      	                                     "'1.2771e+00']",
[92mINFO [0m:      	       'train_loss': '1.0696e+00',
[92mINFO [0m:      	       'train_loss_mean': '1.2412e+00'},
[92mINFO [0m:      	  5: { 'client-ids': "['0', '1', '2', '3', '4', '5', '6']",
[92mINFO [0m:      	       'dp-client-clipped': "['1', '1', '1', '1', '1', '1', '1']",
[92mINFO [0m:      	       'dp-client-ids': "['0', '1', '2', '3', '4', '5', '6']",
[92mINFO [0m:      	       'dp-expected-noise-l2-norm': '3.3192e+00',
[92mINFO [0m:      	       'dp-fraction-clipped': '1.0000e+00',
[92mINFO [0m:      	       'dp-noise-percent-of-signal': '1.0367e+02',
[92mINFO [0m:      	       'dp-noise-to-signal-ratio': '1.0367e+00',
[92mINFO [0m:      	       'dp-num-clients-clipped': '7',
[92mINFO [0m:      	       'dp-parameter-count': '364426',
[92mINFO [0m:      	       'dp-signal-update-norm': '3.2016e+00',
[92mINFO [0m:      	       'dp-update-norms-before-clipping': "['1.3253e+01', '1.2780e+01', "
[92mINFO [0m:      	                                          "'1.2834e+01', '1.0788e+01', "
[92mINFO [0m:      	                                          "'9.7315e+00', '1.1740e+01', "
[92mINFO [0m:      	                                          "'1.0941e+01']",
[92mINFO [0m:      	       'metric-dp-aggregation-collapsed': '0.0000e+00',
[92mINFO [0m:      	       'metric-dp-distance': '2.2734e+00',
[92mINFO [0m:      	       'metric-dp-distance-count': '21',
[92mINFO [0m:      	       'metric-dp-distance-invalid': '0.0000e+00',
[92mINFO [0m:      	       'metric-dp-distance-mean': '2.0881e+00',
[92mINFO [0m:      	       'metric-dp-distance-median': '2.0942e+00',
[92mINFO [0m:      	       'metric-dp-distance-min': '1.8794e+00',
[92mINFO [0m:      	       'metric-dp-noise-stdv': '5.4983e-03',
[92mINFO [0m:      	       'metric-dp-pairwise-client-i': "['0', '0', '0', '0', '0', '0', '1', "
[92mINFO [0m:      	                                      "'1', '1', '1', '1', '2', '2', '2', '2', "
[92mINFO [0m:      	                                      "'3', '3', '3', '4', '4', '5']",
[92mINFO [0m:      	       'metric-dp-pairwise-client-j': "['1', '2', '3', '4', '5', '6', '2', "
[92mINFO [0m:      	                                      "'3', '4', '5', '6', '3', '4', '5', '6', "
[92mINFO [0m:      	                                      "'4', '5', '6', '5', '6', '6']",
[92mINFO [0m:      	       'metric-dp-pairwise-distances': "['2.2734e+00', '2.2561e+00', "
[92mINFO [0m:      	                                       "'2.1649e+00', '2.1400e+00', "
[92mINFO [0m:      	                                       "'2.2049e+00', '2.1176e+00', "
[92mINFO [0m:      	                                       "'2.2327e+00', '2.0563e+00', "
[92mINFO [0m:      	                                       "'2.0734e+00', '2.1477e+00', "
[92mINFO [0m:      	                                       "'2.0780e+00', '2.1470e+00', "
[92mINFO [0m:      	                                       "'2.0389e+00', '2.1620e+00', "
[92mINFO [0m:      	                                       "'2.0942e+00', '1.8951e+00', "
[92mINFO [0m:      	                                       "'2.0135e+00', '1.9469e+00', "
[92mINFO [0m:      	                                       "'1.9396e+00', '1.8794e+00', "
[92mINFO [0m:      	                                       "'1.9879e+00']",
[92mINFO [0m:      	       'per-client-num-examples': "['5585', '5909', '5701', '4276', '3508', "
[92mINFO [0m:      	                                  "'5000', '4336']",
[92mINFO [0m:      	       'per-client-train_loss': "['9.6221e-01', '8.9194e-01', '9.0379e-01', "
[92mINFO [0m:      	                                "'9.5257e-01', '9.3415e-01', '9.5911e-01', "
[92mINFO [0m:      	                                "'9.6343e-01']",
[92mINFO [0m:      	       'per-client-train_loss_mean': "['1.1496e+00', '1.0732e+00', "
[92mINFO [0m:      	                                     "'1.0768e+00', '1.1184e+00', "
[92mINFO [0m:      	                                     "'1.1112e+00', '1.1106e+00', "
[92mINFO [0m:      	                                     "'1.1388e+00']",
[92mINFO [0m:      	       'train_loss': '9.3604e-01',
[92mINFO [0m:      	       'train_loss_mean': '1.1095e+00'},
[92mINFO [0m:      	  6: { 'client-ids': "['0', '1', '2', '3', '4', '5', '6']",
[92mINFO [0m:      	       'dp-client-clipped': "['1', '1', '1', '1', '1', '1', '1']",
[92mINFO [0m:      	       'dp-client-ids': "['0', '1', '2', '3', '4', '5', '6']",
[92mINFO [0m:      	       'dp-expected-noise-l2-norm': '3.2600e+00',
[92mINFO [0m:      	       'dp-fraction-clipped': '1.0000e+00',
[92mINFO [0m:      	       'dp-noise-percent-of-signal': '1.1136e+02',
[92mINFO [0m:      	       'dp-noise-to-signal-ratio': '1.1136e+00',
[92mINFO [0m:      	       'dp-num-clients-clipped': '7',
[92mINFO [0m:      	       'dp-parameter-count': '364426',
[92mINFO [0m:      	       'dp-signal-update-norm': '2.9274e+00',
[92mINFO [0m:      	       'dp-update-norms-before-clipping': "['1.2639e+01', '1.2897e+01', "
[92mINFO [0m:      	                                          "'1.2379e+01', '1.1019e+01', "
[92mINFO [0m:      	                                          "'9.8613e+00', '1.1644e+01', "
[92mINFO [0m:      	                                          "'1.1037e+01']",
[92mINFO [0m:      	       'metric-dp-aggregation-collapsed': '0.0000e+00',
[92mINFO [0m:      	       'metric-dp-distance': '2.3147e+00',
[92mINFO [0m:      	       'metric-dp-distance-count': '21',
[92mINFO [0m:      	       'metric-dp-distance-invalid': '0.0000e+00',
[92mINFO [0m:      	       'metric-dp-distance-mean': '2.1544e+00',
[92mINFO [0m:      	       'metric-dp-distance-median': '2.1660e+00',
[92mINFO [0m:      	       'metric-dp-distance-min': '1.9682e+00',
[92mINFO [0m:      	       'metric-dp-noise-stdv': '5.4003e-03',
[92mINFO [0m:      	       'metric-dp-pairwise-client-i': "['0', '0', '0', '0', '0', '0', '1', "
[92mINFO [0m:      	                                      "'1', '1', '1', '1', '2', '2', '2', '2', "
[92mINFO [0m:      	                                      "'3', '3', '3', '4', '4', '5']",
[92mINFO [0m:      	       'metric-dp-pairwise-client-j': "['1', '2', '3', '4', '5', '6', '2', "
[92mINFO [0m:      	                                      "'3', '4', '5', '6', '3', '4', '5', '6', "
[92mINFO [0m:      	                                      "'4', '5', '6', '5', '6', '6']",
[92mINFO [0m:      	       'metric-dp-pairwise-distances': "['2.3147e+00', '2.2539e+00', "
[92mINFO [0m:      	                                       "'2.2035e+00', '2.1336e+00', "
[92mINFO [0m:      	                                       "'2.2317e+00', '2.1333e+00', "
[92mINFO [0m:      	                                       "'2.3091e+00', '2.1768e+00', "
[92mINFO [0m:      	                                       "'2.1660e+00', '2.2760e+00', "
[92mINFO [0m:      	                                       "'2.1934e+00', '2.1994e+00', "
[92mINFO [0m:      	                                       "'2.0863e+00', '2.2141e+00', "
[92mINFO [0m:      	                                       "'2.1478e+00', '1.9905e+00', "
[92mINFO [0m:      	                                       "'2.1209e+00', '2.0425e+00', "
[92mINFO [0m:      	                                       "'2.0001e+00', '1.9682e+00', "
[92mINFO [0m:      	                                       "'2.0795e+00']",
[92mINFO [0m:      	       'per-client-num-examples': "['5585', '5909', '5701', '4276', '3508', "
[92mINFO [0m:      	                                  "'5000', '4336']",
[92mINFO [0m:      	       'per-client-train_loss': "['8.3389e-01', '7.8007e-01', '7.7337e-01', "
[92mINFO [0m:      	                                "'8.3331e-01', '8.4296e-01', '8.3972e-01', "
[92mINFO [0m:      	                                "'8.3068e-01']",
[92mINFO [0m:      	       'per-client-train_loss_mean': "['1.0289e+00', '9.7416e-01', "
[92mINFO [0m:      	                                     "'9.5209e-01', '1.0245e+00', "
[92mINFO [0m:      	                                     "'1.0186e+00', '1.0094e+00', "
[92mINFO [0m:      	                                     "'1.0247e+00']",
[92mINFO [0m:      	       'train_loss': '8.1587e-01',
[92mINFO [0m:      	       'train_loss_mean': '1.0017e+00'},
[92mINFO [0m:      	  7: { 'client-ids': "['0', '1', '2', '3', '4', '5', '6']",
[92mINFO [0m:      	       'dp-client-clipped': "['1', '1', '1', '1', '1', '1', '1']",
[92mINFO [0m:      	       'dp-client-ids': "['0', '1', '2', '3', '4', '5', '6']",
[92mINFO [0m:      	       'dp-expected-noise-l2-norm': '3.1435e+00',
[92mINFO [0m:      	       'dp-fraction-clipped': '1.0000e+00',
[92mINFO [0m:      	       'dp-noise-percent-of-signal': '1.1566e+02',
[92mINFO [0m:      	       'dp-noise-to-signal-ratio': '1.1566e+00',
[92mINFO [0m:      	       'dp-num-clients-clipped': '7',
[92mINFO [0m:      	       'dp-parameter-count': '364426',
[92mINFO [0m:      	       'dp-signal-update-norm': '2.7179e+00',
[92mINFO [0m:      	       'dp-update-norms-before-clipping': "['1.2726e+01', '1.2740e+01', "
[92mINFO [0m:      	                                          "'1.2864e+01', '1.0878e+01', "
[92mINFO [0m:      	                                          "'9.9082e+00', '1.1631e+01', "
[92mINFO [0m:      	                                          "'1.0902e+01']",
[92mINFO [0m:      	       'metric-dp-aggregation-collapsed': '0.0000e+00',
[92mINFO [0m:      	       'metric-dp-distance': '2.4005e+00',
[92mINFO [0m:      	       'metric-dp-distance-count': '21',
[92mINFO [0m:      	       'metric-dp-distance-invalid': '0.0000e+00',
[92mINFO [0m:      	       'metric-dp-distance-mean': '2.2100e+00',
[92mINFO [0m:      	       'metric-dp-distance-median': '2.2080e+00',
[92mINFO [0m:      	       'metric-dp-distance-min': '1.9980e+00',
[92mINFO [0m:      	       'metric-dp-noise-stdv': '5.2073e-03',
[92mINFO [0m:      	       'metric-dp-pairwise-client-i': "['0', '0', '0', '0', '0', '0', '1', "
[92mINFO [0m:      	                                      "'1', '1', '1', '1', '2', '2', '2', '2', "
[92mINFO [0m:      	                                      "'3', '3', '3', '4', '4', '5']",
[92mINFO [0m:      	       'metric-dp-pairwise-client-j': "['1', '2', '3', '4', '5', '6', '2', "
[92mINFO [0m:      	                                      "'3', '4', '5', '6', '3', '4', '5', '6', "
[92mINFO [0m:      	                                      "'4', '5', '6', '5', '6', '6']",
[92mINFO [0m:      	       'metric-dp-pairwise-distances': "['2.3868e+00', '2.3800e+00', "
[92mINFO [0m:      	                                       "'2.2532e+00', '2.1999e+00', "
[92mINFO [0m:      	                                       "'2.2854e+00', '2.2080e+00', "
[92mINFO [0m:      	                                       "'2.4005e+00', '2.2028e+00', "
[92mINFO [0m:      	                                       "'2.1842e+00', '2.2934e+00', "
[92mINFO [0m:      	                                       "'2.2304e+00', '2.2721e+00', "
[92mINFO [0m:      	                                       "'2.1922e+00', '2.3085e+00', "
[92mINFO [0m:      	                                       "'2.2540e+00', '2.0095e+00', "
[92mINFO [0m:      	                                       "'2.1244e+00', '2.0564e+00', "
[92mINFO [0m:      	                                       "'2.0587e+00', '1.9980e+00', "
[92mINFO [0m:      	                                       "'2.1121e+00']",
[92mINFO [0m:      	       'per-client-num-examples': "['5585', '5909', '5701', '4276', '3508', "
[92mINFO [0m:      	                                  "'5000', '4336']",
[92mINFO [0m:      	       'per-client-train_loss': "['7.3117e-01', '6.6101e-01', '6.8569e-01', "
[92mINFO [0m:      	                                "'7.1806e-01', '7.3133e-01', '7.2953e-01', "
[92mINFO [0m:      	                                "'7.2438e-01']",
[92mINFO [0m:      	       'per-client-train_loss_mean': "['9.2489e-01', '8.7165e-01', "
[92mINFO [0m:      	                                     "'8.6594e-01', '9.2041e-01', "
[92mINFO [0m:      	                                     "'8.9582e-01', '9.0753e-01', "
[92mINFO [0m:      	                                     "'9.1185e-01']",
[92mINFO [0m:      	       'train_loss': '7.0882e-01',
[92mINFO [0m:      	       'train_loss_mean': '8.9822e-01'},
[92mINFO [0m:      	  8: { 'client-ids': "['0', '1', '2', '3', '4', '5', '6']",
[92mINFO [0m:      	       'dp-client-clipped': "['1', '1', '1', '1', '1', '1', '1']",
[92mINFO [0m:      	       'dp-client-ids': "['0', '1', '2', '3', '4', '5', '6']",
[92mINFO [0m:      	       'dp-expected-noise-l2-norm': '3.0475e+00',
[92mINFO [0m:      	       'dp-fraction-clipped': '1.0000e+00',
[92mINFO [0m:      	       'dp-noise-percent-of-signal': '1.2024e+02',
[92mINFO [0m:      	       'dp-noise-to-signal-ratio': '1.2024e+00',
[92mINFO [0m:      	       'dp-num-clients-clipped': '7',
[92mINFO [0m:      	       'dp-parameter-count': '364426',
[92mINFO [0m:      	       'dp-signal-update-norm': '2.5345e+00',
[92mINFO [0m:      	       'dp-update-norms-before-clipping': "['1.2699e+01', '1.3121e+01', "
[92mINFO [0m:      	                                          "'1.2887e+01', '1.1152e+01', "
[92mINFO [0m:      	                                          "'9.9806e+00', '1.1976e+01', "
[92mINFO [0m:      	                                          "'1.1589e+01']",
[92mINFO [0m:      	       'metric-dp-aggregation-collapsed': '0.0000e+00',
[92mINFO [0m:      	       'metric-dp-distance': '2.4761e+00',
[92mINFO [0m:      	       'metric-dp-distance-count': '21',
[92mINFO [0m:      	       'metric-dp-distance-invalid': '0.0000e+00',
[92mINFO [0m:      	       'metric-dp-distance-mean': '2.2954e+00',
[92mINFO [0m:      	       'metric-dp-distance-median': '2.3225e+00',
[92mINFO [0m:      	       'metric-dp-distance-min': '2.0690e+00',
[92mINFO [0m:      	       'metric-dp-noise-stdv': '5.0482e-03',
[92mINFO [0m:      	       'metric-dp-pairwise-client-i': "['0', '0', '0', '0', '0', '0', '1', "
[92mINFO [0m:      	                                      "'1', '1', '1', '1', '2', '2', '2', '2', "
[92mINFO [0m:      	                                      "'3', '3', '3', '4', '4', '5']",
[92mINFO [0m:      	       'metric-dp-pairwise-client-j': "['1', '2', '3', '4', '5', '6', '2', "
[92mINFO [0m:      	                                      "'3', '4', '5', '6', '3', '4', '5', '6', "
[92mINFO [0m:      	                                      "'4', '5', '6', '5', '6', '6']",
[92mINFO [0m:      	       'metric-dp-pairwise-distances': "['2.4761e+00', '2.4424e+00', "
[92mINFO [0m:      	                                       "'2.3225e+00', '2.2397e+00', "
[92mINFO [0m:      	                                       "'2.3710e+00', '2.3200e+00', "
[92mINFO [0m:      	                                       "'2.4747e+00', '2.3280e+00', "
[92mINFO [0m:      	                                       "'2.2501e+00', '2.4059e+00', "
[92mINFO [0m:      	                                       "'2.3612e+00', '2.3311e+00', "
[92mINFO [0m:      	                                       "'2.2129e+00', '2.3753e+00', "
[92mINFO [0m:      	                                       "'2.3482e+00', '2.0690e+00', "
[92mINFO [0m:      	                                       "'2.2226e+00', '2.1936e+00', "
[92mINFO [0m:      	                                       "'2.1272e+00', '2.0887e+00', "
[92mINFO [0m:      	                                       "'2.2426e+00']",
[92mINFO [0m:      	       'per-client-num-examples': "['5585', '5909', '5701', '4276', '3508', "
[92mINFO [0m:      	                                  "'5000', '4336']",
[92mINFO [0m:      	       'per-client-train_loss': "['6.2192e-01', '5.7043e-01', '5.9059e-01', "
[92mINFO [0m:      	                                "'6.2849e-01', '5.9735e-01', '6.1757e-01', "
[92mINFO [0m:      	                                "'5.9962e-01']",
[92mINFO [0m:      	       'per-client-train_loss_mean': "['8.3927e-01', '7.7552e-01', "
[92mINFO [0m:      	                                     "'7.7897e-01', '8.3463e-01', "
[92mINFO [0m:      	                                     "'8.0113e-01', '8.2890e-01', "
[92mINFO [0m:      	                                     "'8.2041e-01']",
[92mINFO [0m:      	       'train_loss': '6.0270e-01',
[92mINFO [0m:      	       'train_loss_mean': '8.0990e-01'},
[92mINFO [0m:      	  9: { 'client-ids': "['0', '1', '2', '3', '4', '5', '6']",
[92mINFO [0m:      	       'dp-client-clipped': "['1', '1', '1', '1', '1', '1', '1']",
[92mINFO [0m:      	       'dp-client-ids': "['0', '1', '2', '3', '4', '5', '6']",
[92mINFO [0m:      	       'dp-expected-noise-l2-norm': '3.0265e+00',
[92mINFO [0m:      	       'dp-fraction-clipped': '1.0000e+00',
[92mINFO [0m:      	       'dp-noise-percent-of-signal': '1.2662e+02',
[92mINFO [0m:      	       'dp-noise-to-signal-ratio': '1.2662e+00',
[92mINFO [0m:      	       'dp-num-clients-clipped': '7',
[92mINFO [0m:      	       'dp-parameter-count': '364426',
[92mINFO [0m:      	       'dp-signal-update-norm': '2.3902e+00',
[92mINFO [0m:      	       'dp-update-norms-before-clipping': "['1.2543e+01', '1.3009e+01', "
[92mINFO [0m:      	                                          "'1.2678e+01', '1.1122e+01', "
[92mINFO [0m:      	                                          "'9.9869e+00', '1.1888e+01', "
[92mINFO [0m:      	                                          "'1.1065e+01']",
[92mINFO [0m:      	       'metric-dp-aggregation-collapsed': '0.0000e+00',
[92mINFO [0m:      	       'metric-dp-distance': '2.4933e+00',
[92mINFO [0m:      	       'metric-dp-distance-count': '21',
[92mINFO [0m:      	       'metric-dp-distance-invalid': '0.0000e+00',
[92mINFO [0m:      	       'metric-dp-distance-mean': '2.3024e+00',
[92mINFO [0m:      	       'metric-dp-distance-median': '2.3056e+00',
[92mINFO [0m:      	       'metric-dp-distance-min': '2.0802e+00',
[92mINFO [0m:      	       'metric-dp-noise-stdv': '5.0134e-03',
[92mINFO [0m:      	       'metric-dp-pairwise-client-i': "['0', '0', '0', '0', '0', '0', '1', "
[92mINFO [0m:      	                                      "'1', '1', '1', '1', '2', '2', '2', '2', "
[92mINFO [0m:      	                                      "'3', '3', '3', '4', '4', '5']",
[92mINFO [0m:      	       'metric-dp-pairwise-client-j': "['1', '2', '3', '4', '5', '6', '2', "
[92mINFO [0m:      	                                      "'3', '4', '5', '6', '3', '4', '5', '6', "
[92mINFO [0m:      	                                      "'4', '5', '6', '5', '6', '6']",
[92mINFO [0m:      	       'metric-dp-pairwise-distances': "['2.4856e+00', '2.4456e+00', "
[92mINFO [0m:      	                                       "'2.3056e+00', '2.2413e+00', "
[92mINFO [0m:      	                                       "'2.3817e+00', '2.2809e+00', "
[92mINFO [0m:      	                                       "'2.4933e+00', '2.3561e+00', "
[92mINFO [0m:      	                                       "'2.2819e+00', '2.4459e+00', "
[92mINFO [0m:      	                                       "'2.3613e+00', '2.3370e+00', "
[92mINFO [0m:      	                                       "'2.2263e+00', '2.3888e+00', "
[92mINFO [0m:      	                                       "'2.3108e+00', '2.0973e+00', "
[92mINFO [0m:      	                                       "'2.2636e+00', '2.1813e+00', "
[92mINFO [0m:      	                                       "'2.1434e+00', '2.0802e+00', "
[92mINFO [0m:      	                                       "'2.2422e+00']",
[92mINFO [0m:      	       'per-client-num-examples': "['5585', '5909', '5701', '4276', '3508', "
[92mINFO [0m:      	                                  "'5000', '4336']",
[92mINFO [0m:      	       'per-client-train_loss': "['5.5570e-01', '4.7162e-01', '5.0045e-01', "
[92mINFO [0m:      	                                "'5.2305e-01', '5.0111e-01', '5.6155e-01', "
[92mINFO [0m:      	                                "'5.4695e-01']",
[92mINFO [0m:      	       'per-client-train_loss_mean': "['7.5705e-01', '6.8527e-01', "
[92mINFO [0m:      	                                     "'6.9724e-01', '7.4270e-01', "
[92mINFO [0m:      	                                     "'7.2820e-01', '7.6271e-01', "
[92mINFO [0m:      	                                     "'7.4427e-01']",
[92mINFO [0m:      	       'train_loss': '5.2214e-01',
[92mINFO [0m:      	       'train_loss_mean': '7.2922e-01'},
[92mINFO [0m:      	  10: { 'client-ids': "['0', '1', '2', '3', '4', '5', '6']",
[92mINFO [0m:      	        'dp-client-clipped': "['1', '1', '1', '1', '1', '1', '1']",
[92mINFO [0m:      	        'dp-client-ids': "['0', '1', '2', '3', '4', '5', '6']",
[92mINFO [0m:      	        'dp-expected-noise-l2-norm': '3.0276e+00',
[92mINFO [0m:      	        'dp-fraction-clipped': '1.0000e+00',
[92mINFO [0m:      	        'dp-noise-percent-of-signal': '1.3350e+02',
[92mINFO [0m:      	        'dp-noise-to-signal-ratio': '1.3350e+00',
[92mINFO [0m:      	        'dp-num-clients-clipped': '7',
[92mINFO [0m:      	        'dp-parameter-count': '364426',
[92mINFO [0m:      	        'dp-signal-update-norm': '2.2679e+00',
[92mINFO [0m:      	        'dp-update-norms-before-clipping': "['1.2527e+01', '1.2732e+01', "
[92mINFO [0m:      	                                           "'1.2601e+01', '1.1070e+01', "
[92mINFO [0m:      	                                           "'9.9885e+00', '1.1866e+01', "
[92mINFO [0m:      	                                           "'1.1371e+01']",
[92mINFO [0m:      	        'metric-dp-aggregation-collapsed': '0.0000e+00',
[92mINFO [0m:      	        'metric-dp-distance': '2.4924e+00',
[92mINFO [0m:      	        'metric-dp-distance-count': '21',
[92mINFO [0m:      	        'metric-dp-distance-invalid': '0.0000e+00',
[92mINFO [0m:      	        'metric-dp-distance-mean': '2.3264e+00',
[92mINFO [0m:      	        'metric-dp-distance-median': '2.3497e+00',
[92mINFO [0m:      	        'metric-dp-distance-min': '2.0981e+00',
[92mINFO [0m:      	        'metric-dp-noise-stdv': '5.0153e-03',
[92mINFO [0m:      	        'metric-dp-pairwise-client-i': "['0', '0', '0', '0', '0', '0', '1', "
[92mINFO [0m:      	                                       "'1', '1', '1', '1', '2', '2', '2', "
[92mINFO [0m:      	                                       "'2', '3', '3', '3', '4', '4', '5']",
[92mINFO [0m:      	        'metric-dp-pairwise-client-j': "['1', '2', '3', '4', '5', '6', '2', "
[92mINFO [0m:      	                                       "'3', '4', '5', '6', '3', '4', '5', "
[92mINFO [0m:      	                                       "'6', '4', '5', '6', '5', '6', '6']",
[92mINFO [0m:      	        'metric-dp-pairwise-distances': "['2.4810e+00', '2.4752e+00', "
[92mINFO [0m:      	                                        "'2.3572e+00', '2.2615e+00', "
[92mINFO [0m:      	                                        "'2.3956e+00', '2.3497e+00', "
[92mINFO [0m:      	                                        "'2.4924e+00', '2.3399e+00', "
[92mINFO [0m:      	                                        "'2.2761e+00', '2.4434e+00', "
[92mINFO [0m:      	                                        "'2.3903e+00', '2.3611e+00', "
[92mINFO [0m:      	                                        "'2.2507e+00', '2.3992e+00', "
[92mINFO [0m:      	                                        "'2.3596e+00', '2.0981e+00', "
[92mINFO [0m:      	                                        "'2.2814e+00', '2.2351e+00', "
[92mINFO [0m:      	                                        "'2.1836e+00', '2.1390e+00', "
[92mINFO [0m:      	                                        "'2.2852e+00']",
[92mINFO [0m:      	        'per-client-num-examples': "['5585', '5909', '5701', '4276', '3508', "
[92mINFO [0m:      	                                   "'5000', '4336']",
[92mINFO [0m:      	        'per-client-train_loss': "['4.5611e-01', '4.1684e-01', '4.3152e-01', "
[92mINFO [0m:      	                                 "'4.6951e-01', '4.1314e-01', '4.4454e-01', "
[92mINFO [0m:      	                                 "'4.5680e-01']",
[92mINFO [0m:      	        'per-client-train_loss_mean': "['6.8285e-01', '6.3971e-01', "
[92mINFO [0m:      	                                      "'6.3044e-01', '6.8572e-01', "
[92mINFO [0m:      	                                      "'6.4045e-01', '6.7196e-01', "
[92mINFO [0m:      	                                      "'6.6565e-01']",
[92mINFO [0m:      	        'train_loss': '4.4094e-01',
[92mINFO [0m:      	        'train_loss_mean': '6.5898e-01'},
[92mINFO [0m:      	  11: { 'client-ids': "['0', '1', '2', '3', '4', '5', '6']",
[92mINFO [0m:      	        'dp-client-clipped': "['1', '1', '1', '1', '1', '1', '1']",
[92mINFO [0m:      	        'dp-client-ids': "['0', '1', '2', '3', '4', '5', '6']",
[92mINFO [0m:      	        'dp-expected-noise-l2-norm': '2.9842e+00',
[92mINFO [0m:      	        'dp-fraction-clipped': '1.0000e+00',
[92mINFO [0m:      	        'dp-noise-percent-of-signal': '1.3648e+02',
[92mINFO [0m:      	        'dp-noise-to-signal-ratio': '1.3648e+00',
[92mINFO [0m:      	        'dp-num-clients-clipped': '7',
[92mINFO [0m:      	        'dp-parameter-count': '364426',
[92mINFO [0m:      	        'dp-signal-update-norm': '2.1865e+00',
[92mINFO [0m:      	        'dp-update-norms-before-clipping': "['1.2079e+01', '1.2849e+01', "
[92mINFO [0m:      	                                           "'1.2668e+01', '1.0994e+01', "
[92mINFO [0m:      	                                           "'1.0030e+01', '1.2116e+01', "
[92mINFO [0m:      	                                           "'1.1059e+01']",
[92mINFO [0m:      	        'metric-dp-aggregation-collapsed': '0.0000e+00',
[92mINFO [0m:      	        'metric-dp-distance': '2.5287e+00',
[92mINFO [0m:      	        'metric-dp-distance-count': '21',
[92mINFO [0m:      	        'metric-dp-distance-invalid': '0.0000e+00',
[92mINFO [0m:      	        'metric-dp-distance-mean': '2.3343e+00',
[92mINFO [0m:      	        'metric-dp-distance-median': '2.3163e+00',
[92mINFO [0m:      	        'metric-dp-distance-min': '2.1101e+00',
[92mINFO [0m:      	        'metric-dp-noise-stdv': '4.9433e-03',
[92mINFO [0m:      	        'metric-dp-pairwise-client-i': "['0', '0', '0', '0', '0', '0', '1', "
[92mINFO [0m:      	                                       "'1', '1', '1', '1', '2', '2', '2', "
[92mINFO [0m:      	                                       "'2', '3', '3', '3', '4', '4', '5']",
[92mINFO [0m:      	        'metric-dp-pairwise-client-j': "['1', '2', '3', '4', '5', '6', '2', "
[92mINFO [0m:      	                                       "'3', '4', '5', '6', '3', '4', '5', "
[92mINFO [0m:      	                                       "'6', '4', '5', '6', '5', '6', '6']",
[92mINFO [0m:      	        'metric-dp-pairwise-distances': "['2.4750e+00', '2.4623e+00', "
[92mINFO [0m:      	                                        "'2.3163e+00', '2.2260e+00', "
[92mINFO [0m:      	                                        "'2.4020e+00', '2.3021e+00', "
[92mINFO [0m:      	                                        "'2.5287e+00', '2.3657e+00', "
[92mINFO [0m:      	                                        "'2.3026e+00', '2.4912e+00', "
[92mINFO [0m:      	                                        "'2.3949e+00', '2.3735e+00', "
[92mINFO [0m:      	                                        "'2.2756e+00', '2.4637e+00', "
[92mINFO [0m:      	                                        "'2.3684e+00', '2.1101e+00', "
[92mINFO [0m:      	                                        "'2.3069e+00', '2.2102e+00', "
[92mINFO [0m:      	                                        "'2.2124e+00', '2.1188e+00', "
[92mINFO [0m:      	                                        "'2.3141e+00']",
[92mINFO [0m:      	        'per-client-num-examples': "['5585', '5909', '5701', '4276', '3508', "
[92mINFO [0m:      	                                   "'5000', '4336']",
[92mINFO [0m:      	        'per-client-train_loss': "['4.1121e-01', '3.2971e-01', '3.5736e-01', "
[92mINFO [0m:      	                                 "'3.9076e-01', '3.6485e-01', '3.9009e-01', "
[92mINFO [0m:      	                                 "'3.6467e-01']",
[92mINFO [0m:      	        'per-client-train_loss_mean': "['6.2086e-01', '5.6219e-01', "
[92mINFO [0m:      	                                      "'5.6982e-01', '6.0878e-01', "
[92mINFO [0m:      	                                      "'5.8657e-01', '6.0646e-01', "
[92mINFO [0m:      	                                      "'5.9874e-01']",
[92mINFO [0m:      	        'train_loss': '3.7198e-01',
[92mINFO [0m:      	        'train_loss_mean': '5.9237e-01'},
[92mINFO [0m:      	  12: { 'client-ids': "['0', '1', '2', '3', '4', '5', '6']",
[92mINFO [0m:      	        'dp-client-clipped': "['1', '1', '1', '1', '1', '1', '1']",
[92mINFO [0m:      	        'dp-client-ids': "['0', '1', '2', '3', '4', '5', '6']",
[92mINFO [0m:      	        'dp-expected-noise-l2-norm': '2.9918e+00',
[92mINFO [0m:      	        'dp-fraction-clipped': '1.0000e+00',
[92mINFO [0m:      	        'dp-noise-percent-of-signal': '1.4235e+02',
[92mINFO [0m:      	        'dp-noise-to-signal-ratio': '1.4235e+00',
[92mINFO [0m:      	        'dp-num-clients-clipped': '7',
[92mINFO [0m:      	        'dp-parameter-count': '364426',
[92mINFO [0m:      	        'dp-signal-update-norm': '2.1017e+00',
[92mINFO [0m:      	        'dp-update-norms-before-clipping': "['1.2355e+01', '1.2841e+01', "
[92mINFO [0m:      	                                           "'1.2507e+01', '1.1005e+01', "
[92mINFO [0m:      	                                           "'9.8411e+00', '1.1594e+01', "
[92mINFO [0m:      	                                           "'1.0955e+01']",
[92mINFO [0m:      	        'metric-dp-aggregation-collapsed': '0.0000e+00',
[92mINFO [0m:      	        'metric-dp-distance': '2.5222e+00',
[92mINFO [0m:      	        'metric-dp-distance-count': '21',
[92mINFO [0m:      	        'metric-dp-distance-invalid': '0.0000e+00',
[92mINFO [0m:      	        'metric-dp-distance-mean': '2.3248e+00',
[92mINFO [0m:      	        'metric-dp-distance-median': '2.3418e+00',
[92mINFO [0m:      	        'metric-dp-distance-min': '2.1025e+00',
[92mINFO [0m:      	        'metric-dp-noise-stdv': '4.9559e-03',
[92mINFO [0m:      	        'metric-dp-pairwise-client-i': "['0', '0', '0', '0', '0', '0', '1', "
[92mINFO [0m:      	                                       "'1', '1', '1', '1', '2', '2', '2', "
[92mINFO [0m:      	                                       "'2', '3', '3', '3', '4', '4', '5']",
[92mINFO [0m:      	        'metric-dp-pairwise-client-j': "['1', '2', '3', '4', '5', '6', '2', "
[92mINFO [0m:      	                                       "'3', '4', '5', '6', '3', '4', '5', "
[92mINFO [0m:      	                                       "'6', '4', '5', '6', '5', '6', '6']",
[92mINFO [0m:      	        'metric-dp-pairwise-distances': "['2.5035e+00', '2.4699e+00', "
[92mINFO [0m:      	                                        "'2.3418e+00', '2.2509e+00', "
[92mINFO [0m:      	                                        "'2.3933e+00', '2.3148e+00', "
[92mINFO [0m:      	                                        "'2.5222e+00', '2.3832e+00', "
[92mINFO [0m:      	                                        "'2.3151e+00', '2.4542e+00', "
[92mINFO [0m:      	                                        "'2.3941e+00', '2.3548e+00', "
[92mINFO [0m:      	                                        "'2.2634e+00', '2.4042e+00', "
[92mINFO [0m:      	                                        "'2.3454e+00', '2.1093e+00', "
[92mINFO [0m:      	                                        "'2.2700e+00', '2.1994e+00', "
[92mINFO [0m:      	                                        "'2.1623e+00', '2.1025e+00', "
[92mINFO [0m:      	                                        "'2.2670e+00']",
[92mINFO [0m:      	        'per-client-num-examples': "['5585', '5909', '5701', '4276', '3508', "
[92mINFO [0m:      	                                   "'5000', '4336']",
[92mINFO [0m:      	        'per-client-train_loss': "['3.4670e-01', '3.1111e-01', '3.1641e-01', "
[92mINFO [0m:      	                                 "'2.9976e-01', '3.1207e-01', '3.2596e-01', "
[92mINFO [0m:      	                                 "'3.1462e-01']",
[92mINFO [0m:      	        'per-client-train_loss_mean': "['5.5090e-01', '5.0807e-01', "
[92mINFO [0m:      	                                      "'5.0738e-01', '5.3780e-01', "
[92mINFO [0m:      	                                      "'5.3148e-01', '5.6253e-01', "
[92mINFO [0m:      	                                      "'5.3669e-01']",
[92mINFO [0m:      	        'train_loss': '3.1908e-01',
[92mINFO [0m:      	        'train_loss_mean': '5.3258e-01'},
[92mINFO [0m:      	  13: { 'client-ids': "['0', '1', '2', '3', '4', '5', '6']",
[92mINFO [0m:      	        'dp-client-clipped': "['1', '1', '1', '1', '1', '1', '1']",
[92mINFO [0m:      	        'dp-client-ids': "['0', '1', '2', '3', '4', '5', '6']",
[92mINFO [0m:      	        'dp-expected-noise-l2-norm': '2.9673e+00',
[92mINFO [0m:      	        'dp-fraction-clipped': '1.0000e+00',
[92mINFO [0m:      	        'dp-noise-percent-of-signal': '1.4538e+02',
[92mINFO [0m:      	        'dp-noise-to-signal-ratio': '1.4538e+00',
[92mINFO [0m:      	        'dp-num-clients-clipped': '7',
[92mINFO [0m:      	        'dp-parameter-count': '364426',
[92mINFO [0m:      	        'dp-signal-update-norm': '2.0410e+00',
[92mINFO [0m:      	        'dp-update-norms-before-clipping': "['1.2140e+01', '1.2916e+01', "
[92mINFO [0m:      	                                           "'1.2631e+01', '1.0927e+01', "
[92mINFO [0m:      	                                           "'9.9498e+00', '1.1617e+01', "
[92mINFO [0m:      	                                           "'1.1437e+01']",
[92mINFO [0m:      	        'metric-dp-aggregation-collapsed': '0.0000e+00',
[92mINFO [0m:      	        'metric-dp-distance': '2.5430e+00',
[92mINFO [0m:      	        'metric-dp-distance-count': '21',
[92mINFO [0m:      	        'metric-dp-distance-invalid': '0.0000e+00',
[92mINFO [0m:      	        'metric-dp-distance-mean': '2.3465e+00',
[92mINFO [0m:      	        'metric-dp-distance-median': '2.3516e+00',
[92mINFO [0m:      	        'metric-dp-distance-min': '2.1001e+00',
[92mINFO [0m:      	        'metric-dp-noise-stdv': '4.9154e-03',
[92mINFO [0m:      	        'metric-dp-pairwise-client-i': "['0', '0', '0', '0', '0', '0', '1', "
[92mINFO [0m:      	                                       "'1', '1', '1', '1', '2', '2', '2', "
[92mINFO [0m:      	                                       "'2', '3', '3', '3', '4', '4', '5']",
[92mINFO [0m:      	        'metric-dp-pairwise-client-j': "['1', '2', '3', '4', '5', '6', '2', "
[92mINFO [0m:      	                                       "'3', '4', '5', '6', '3', '4', '5', "
[92mINFO [0m:      	                                       "'6', '4', '5', '6', '5', '6', '6']",
[92mINFO [0m:      	        'metric-dp-pairwise-distances': "['2.5050e+00', '2.4874e+00', "
[92mINFO [0m:      	                                        "'2.3291e+00', '2.2698e+00', "
[92mINFO [0m:      	                                        "'2.3920e+00', '2.3516e+00', "
[92mINFO [0m:      	                                        "'2.5430e+00', '2.3959e+00', "
[92mINFO [0m:      	                                        "'2.3310e+00', '2.4768e+00', "
[92mINFO [0m:      	                                        "'2.4383e+00', '2.3727e+00', "
[92mINFO [0m:      	                                        "'2.2790e+00', '2.4273e+00', "
[92mINFO [0m:      	                                        "'2.4017e+00', '2.1001e+00', "
[92mINFO [0m:      	                                        "'2.2812e+00', '2.2350e+00', "
[92mINFO [0m:      	                                        "'2.1799e+00', '2.1582e+00', "
[92mINFO [0m:      	                                        "'2.3223e+00']",
[92mINFO [0m:      	        'per-client-num-examples': "['5585', '5909', '5701', '4276', '3508', "
[92mINFO [0m:      	                                   "'5000', '4336']",
[92mINFO [0m:      	        'per-client-train_loss': "['2.8141e-01', '2.6444e-01', '2.5098e-01', "
[92mINFO [0m:      	                                 "'2.8160e-01', '2.7117e-01', '2.9207e-01', "
[92mINFO [0m:      	                                 "'2.8958e-01']",
[92mINFO [0m:      	        'per-client-train_loss_mean': "['4.9658e-01', '4.5970e-01', "
[92mINFO [0m:      	                                      "'4.5464e-01', '5.1006e-01', "
[92mINFO [0m:      	                                      "'4.7985e-01', '5.0443e-01', "
[92mINFO [0m:      	                                      "'5.0260e-01']",
[92mINFO [0m:      	        'train_loss': '2.7500e-01',
[92mINFO [0m:      	        'train_loss_mean': '4.8513e-01'},
[92mINFO [0m:      	  14: { 'client-ids': "['0', '1', '2', '3', '4', '5', '6']",
[92mINFO [0m:      	        'dp-client-clipped': "['1', '1', '1', '1', '1', '1', '1']",
[92mINFO [0m:      	        'dp-client-ids': "['0', '1', '2', '3', '4', '5', '6']",
[92mINFO [0m:      	        'dp-expected-noise-l2-norm': '2.8902e+00',
[92mINFO [0m:      	        'dp-fraction-clipped': '1.0000e+00',
[92mINFO [0m:      	        'dp-noise-percent-of-signal': '1.4505e+02',
[92mINFO [0m:      	        'dp-noise-to-signal-ratio': '1.4505e+00',
[92mINFO [0m:      	        'dp-num-clients-clipped': '7',
[92mINFO [0m:      	        'dp-parameter-count': '364426',
[92mINFO [0m:      	        'dp-signal-update-norm': '1.9926e+00',
[92mINFO [0m:      	        'dp-update-norms-before-clipping': "['1.2314e+01', '1.3412e+01', "
[92mINFO [0m:      	                                           "'1.2766e+01', '1.0869e+01', "
[92mINFO [0m:      	                                           "'1.0056e+01', '1.2415e+01', "
[92mINFO [0m:      	                                           "'1.1362e+01']",
[92mINFO [0m:      	        'metric-dp-aggregation-collapsed': '0.0000e+00',
[92mINFO [0m:      	        'metric-dp-distance': '2.6109e+00',
[92mINFO [0m:      	        'metric-dp-distance-count': '21',
[92mINFO [0m:      	        'metric-dp-distance-invalid': '0.0000e+00',
[92mINFO [0m:      	        'metric-dp-distance-mean': '2.3929e+00',
[92mINFO [0m:      	        'metric-dp-distance-median': '2.3871e+00',
[92mINFO [0m:      	        'metric-dp-distance-min': '2.1209e+00',
[92mINFO [0m:      	        'metric-dp-noise-stdv': '4.7876e-03',
[92mINFO [0m:      	        'metric-dp-pairwise-client-i': "['0', '0', '0', '0', '0', '0', '1', "
[92mINFO [0m:      	                                       "'1', '1', '1', '1', '2', '2', '2', "
[92mINFO [0m:      	                                       "'2', '3', '3', '3', '4', '4', '5']",
[92mINFO [0m:      	        'metric-dp-pairwise-client-j': "['1', '2', '3', '4', '5', '6', '2', "
[92mINFO [0m:      	                                       "'3', '4', '5', '6', '3', '4', '5', "
[92mINFO [0m:      	                                       "'6', '4', '5', '6', '5', '6', '6']",
[92mINFO [0m:      	        'metric-dp-pairwise-distances': "['2.5749e+00', '2.5253e+00', "
[92mINFO [0m:      	                                        "'2.3459e+00', '2.2885e+00', "
[92mINFO [0m:      	                                        "'2.4847e+00', '2.3764e+00', "
[92mINFO [0m:      	                                        "'2.6109e+00', '2.4381e+00', "
[92mINFO [0m:      	                                        "'2.3871e+00', '2.5894e+00', "
[92mINFO [0m:      	                                        "'2.5013e+00', '2.3934e+00', "
[92mINFO [0m:      	                                        "'2.3017e+00', '2.5144e+00', "
[92mINFO [0m:      	                                        "'2.4069e+00', '2.1209e+00', "
[92mINFO [0m:      	                                        "'2.3393e+00', '2.2460e+00', "
[92mINFO [0m:      	                                        "'2.2624e+00', '2.1614e+00', "
[92mINFO [0m:      	                                        "'2.3811e+00']",
[92mINFO [0m:      	        'per-client-num-examples': "['5585', '5909', '5701', '4276', '3508', "
[92mINFO [0m:      	                                   "'5000', '4336']",
[92mINFO [0m:      	        'per-client-train_loss': "['2.4621e-01', '2.2217e-01', '2.4180e-01', "
[92mINFO [0m:      	                                 "'2.4809e-01', '2.1809e-01', '2.5049e-01', "
[92mINFO [0m:      	                                 "'2.2728e-01']",
[92mINFO [0m:      	        'per-client-train_loss_mean': "['4.4991e-01', '4.1125e-01', "
[92mINFO [0m:      	                                      "'4.1629e-01', '4.6472e-01', "
[92mINFO [0m:      	                                      "'4.4076e-01', '4.6397e-01', "
[92mINFO [0m:      	                                      "'4.3778e-01']",
[92mINFO [0m:      	        'train_loss': '2.3693e-01',
[92mINFO [0m:      	        'train_loss_mean': '4.3909e-01'},
[92mINFO [0m:      	  15: { 'client-ids': "['0', '1', '2', '3', '4', '5', '6']",
[92mINFO [0m:      	        'dp-client-clipped': "['1', '1', '1', '1', '1', '1', '1']",
[92mINFO [0m:      	        'dp-client-ids': "['0', '1', '2', '3', '4', '5', '6']",
[92mINFO [0m:      	        'dp-expected-noise-l2-norm': '2.9490e+00',
[92mINFO [0m:      	        'dp-fraction-clipped': '1.0000e+00',
[92mINFO [0m:      	        'dp-noise-percent-of-signal': '1.4970e+02',
[92mINFO [0m:      	        'dp-noise-to-signal-ratio': '1.4970e+00',
[92mINFO [0m:      	        'dp-num-clients-clipped': '7',
[92mINFO [0m:      	        'dp-parameter-count': '364426',
[92mINFO [0m:      	        'dp-signal-update-norm': '1.9700e+00',
[92mINFO [0m:      	        'dp-update-norms-before-clipping': "['1.2272e+01', '1.2801e+01', "
[92mINFO [0m:      	                                           "'1.2612e+01', '1.1027e+01', "
[92mINFO [0m:      	                                           "'9.9219e+00', '1.2027e+01', "
[92mINFO [0m:      	                                           "'1.2005e+01']",
[92mINFO [0m:      	        'metric-dp-aggregation-collapsed': '0.0000e+00',
[92mINFO [0m:      	        'metric-dp-distance': '2.5588e+00',
[92mINFO [0m:      	        'metric-dp-distance-count': '21',
[92mINFO [0m:      	        'metric-dp-distance-invalid': '0.0000e+00',
[92mINFO [0m:      	        'metric-dp-distance-mean': '2.3809e+00',
[92mINFO [0m:      	        'metric-dp-distance-median': '2.4024e+00',
[92mINFO [0m:      	        'metric-dp-distance-min': '2.1127e+00',
[92mINFO [0m:      	        'metric-dp-noise-stdv': '4.8851e-03',
[92mINFO [0m:      	        'metric-dp-pairwise-client-i': "['0', '0', '0', '0', '0', '0', '1', "
[92mINFO [0m:      	                                       "'1', '1', '1', '1', '2', '2', '2', "
[92mINFO [0m:      	                                       "'2', '3', '3', '3', '4', '4', '5']",
[92mINFO [0m:      	        'metric-dp-pairwise-client-j': "['1', '2', '3', '4', '5', '6', '2', "
[92mINFO [0m:      	                                       "'3', '4', '5', '6', '3', '4', '5', "
[92mINFO [0m:      	                                       "'6', '4', '5', '6', '5', '6', '6']",
[92mINFO [0m:      	        'metric-dp-pairwise-distances': "['2.5272e+00', '2.5134e+00', "
[92mINFO [0m:      	                                        "'2.3551e+00', '2.2699e+00', "
[92mINFO [0m:      	                                        "'2.4448e+00', '2.4297e+00', "
[92mINFO [0m:      	                                        "'2.5588e+00', '2.4042e+00', "
[92mINFO [0m:      	                                        "'2.3301e+00', '2.5051e+00', "
[92mINFO [0m:      	                                        "'2.4960e+00', '2.3817e+00', "
[92mINFO [0m:      	                                        "'2.2728e+00', '2.4686e+00', "
[92mINFO [0m:      	                                        "'2.4684e+00', '2.1127e+00', "
[92mINFO [0m:      	                                        "'2.3180e+00', '2.3048e+00', "
[92mINFO [0m:      	                                        "'2.2199e+00', '2.2157e+00', "
[92mINFO [0m:      	                                        "'2.4024e+00']",
[92mINFO [0m:      	        'per-client-num-examples': "['5585', '5909', '5701', '4276', '3508', "
[92mINFO [0m:      	                                   "'5000', '4336']",
[92mINFO [0m:      	        'per-client-train_loss': "['2.3982e-01', '2.1628e-01', '2.0931e-01', "
[92mINFO [0m:      	                                 "'1.6911e-01', '1.9356e-01', '2.1172e-01', "
[92mINFO [0m:      	                                 "'2.0290e-01']",
[92mINFO [0m:      	        'per-client-train_loss_mean': "['4.1945e-01', '3.9012e-01', "
[92mINFO [0m:      	                                      "'3.8436e-01', '4.0627e-01', "
[92mINFO [0m:      	                                      "'3.9623e-01', '4.2343e-01', "
[92mINFO [0m:      	                                      "'4.1288e-01']",
[92mINFO [0m:      	        'train_loss': '2.0840e-01',
[92mINFO [0m:      	        'train_loss_mean': '4.0430e-01'},
[92mINFO [0m:      	  16: { 'client-ids': "['0', '1', '2', '3', '4', '5', '6']",
[92mINFO [0m:      	        'dp-client-clipped': "['1', '1', '1', '1', '1', '1', '1']",
[92mINFO [0m:      	        'dp-client-ids': "['0', '1', '2', '3', '4', '5', '6']",
[92mINFO [0m:      	        'dp-expected-noise-l2-norm': '2.9557e+00',
[92mINFO [0m:      	        'dp-fraction-clipped': '1.0000e+00',
[92mINFO [0m:      	        'dp-noise-percent-of-signal': '1.5159e+02',
[92mINFO [0m:      	        'dp-noise-to-signal-ratio': '1.5159e+00',
[92mINFO [0m:      	        'dp-num-clients-clipped': '7',
[92mINFO [0m:      	        'dp-parameter-count': '364426',
[92mINFO [0m:      	        'dp-signal-update-norm': '1.9498e+00',
[92mINFO [0m:      	        'dp-update-norms-before-clipping': "['1.2511e+01', '1.2634e+01', "
[92mINFO [0m:      	                                           "'1.2843e+01', '1.1219e+01', "
[92mINFO [0m:      	                                           "'1.0211e+01', '1.2652e+01', "
[92mINFO [0m:      	                                           "'1.1452e+01']",
[92mINFO [0m:      	        'metric-dp-aggregation-collapsed': '0.0000e+00',
[92mINFO [0m:      	        'metric-dp-distance': '2.5531e+00',
[92mINFO [0m:      	        'metric-dp-distance-count': '21',
[92mINFO [0m:      	        'metric-dp-distance-invalid': '0.0000e+00',
[92mINFO [0m:      	        'metric-dp-distance-mean': '2.3996e+00',
[92mINFO [0m:      	        'metric-dp-distance-median': '2.3974e+00',
[92mINFO [0m:      	        'metric-dp-distance-min': '2.1496e+00',
[92mINFO [0m:      	        'metric-dp-noise-stdv': '4.8961e-03',
[92mINFO [0m:      	        'metric-dp-pairwise-client-i': "['0', '0', '0', '0', '0', '0', '1', "
[92mINFO [0m:      	                                       "'1', '1', '1', '1', '2', '2', '2', "
[92mINFO [0m:      	                                       "'2', '3', '3', '3', '4', '4', '5']",
[92mINFO [0m:      	        'metric-dp-pairwise-client-j': "['1', '2', '3', '4', '5', '6', '2', "
[92mINFO [0m:      	                                       "'3', '4', '5', '6', '3', '4', '5', "
[92mINFO [0m:      	                                       "'6', '4', '5', '6', '5', '6', '6']",
[92mINFO [0m:      	        'metric-dp-pairwise-distances': "['2.5282e+00', '2.5531e+00', "
[92mINFO [0m:      	                                        "'2.3974e+00', '2.3151e+00', "
[92mINFO [0m:      	                                        "'2.5229e+00', '2.3939e+00', "
[92mINFO [0m:      	                                        "'2.5530e+00', '2.3844e+00', "
[92mINFO [0m:      	                                        "'2.3232e+00', '2.5390e+00', "
[92mINFO [0m:      	                                        "'2.4186e+00', '2.4225e+00', "
[92mINFO [0m:      	                                        "'2.3247e+00', '2.5487e+00', "
[92mINFO [0m:      	                                        "'2.4343e+00', '2.1496e+00', "
[92mINFO [0m:      	                                        "'2.3965e+00', '2.2781e+00', "
[92mINFO [0m:      	                                        "'2.3063e+00', '2.1807e+00', "
[92mINFO [0m:      	                                        "'2.4208e+00']",
[92mINFO [0m:      	        'per-client-num-examples': "['5585', '5909', '5701', '4276', '3508', "
[92mINFO [0m:      	                                   "'5000', '4336']",
[92mINFO [0m:      	        'per-client-train_loss': "['1.9647e-01', '1.6352e-01', '2.0048e-01', "
[92mINFO [0m:      	                                 "'1.8722e-01', '1.8212e-01', '1.9690e-01', "
[92mINFO [0m:      	                                 "'1.6832e-01']",
[92mINFO [0m:      	        'per-client-train_loss_mean': "['3.7283e-01', '3.4073e-01', "
[92mINFO [0m:      	                                      "'3.5022e-01', '3.6523e-01', "
[92mINFO [0m:      	                                      "'3.6702e-01', '3.9321e-01', "
[92mINFO [0m:      	                                      "'3.7430e-01']",
[92mINFO [0m:      	        'train_loss': '1.8535e-01',
[92mINFO [0m:      	        'train_loss_mean': '3.6516e-01'},
[92mINFO [0m:      	  17: { 'client-ids': "['0', '1', '2', '3', '4', '5', '6']",
[92mINFO [0m:      	        'dp-client-clipped': "['1', '1', '1', '1', '1', '1', '1']",
[92mINFO [0m:      	        'dp-client-ids': "['0', '1', '2', '3', '4', '5', '6']",
[92mINFO [0m:      	        'dp-expected-noise-l2-norm': '2.8706e+00',
[92mINFO [0m:      	        'dp-fraction-clipped': '1.0000e+00',
[92mINFO [0m:      	        'dp-noise-percent-of-signal': '1.4928e+02',
[92mINFO [0m:      	        'dp-noise-to-signal-ratio': '1.4928e+00',
[92mINFO [0m:      	        'dp-num-clients-clipped': '7',
[92mINFO [0m:      	        'dp-parameter-count': '364426',
[92mINFO [0m:      	        'dp-signal-update-norm': '1.9229e+00',
[92mINFO [0m:      	        'dp-update-norms-before-clipping': "['1.2734e+01', '1.2999e+01', "
[92mINFO [0m:      	                                           "'1.3305e+01', '1.1229e+01', "
[92mINFO [0m:      	                                           "'1.0428e+01', '1.2645e+01', "
[92mINFO [0m:      	                                           "'1.1652e+01']",
[92mINFO [0m:      	        'metric-dp-aggregation-collapsed': '0.0000e+00',
[92mINFO [0m:      	        'metric-dp-distance': '2.6287e+00',
[92mINFO [0m:      	        'metric-dp-distance-count': '21',
[92mINFO [0m:      	        'metric-dp-distance-invalid': '0.0000e+00',
[92mINFO [0m:      	        'metric-dp-distance-mean': '2.4371e+00',
[92mINFO [0m:      	        'metric-dp-distance-median': '2.4353e+00',
[92mINFO [0m:      	        'metric-dp-distance-min': '2.1796e+00',
[92mINFO [0m:      	        'metric-dp-noise-stdv': '4.7552e-03',
[92mINFO [0m:      	        'metric-dp-pairwise-client-i': "['0', '0', '0', '0', '0', '0', '1', "
[92mINFO [0m:      	                                       "'1', '1', '1', '1', '2', '2', '2', "
[92mINFO [0m:      	                                       "'2', '3', '3', '3', '4', '4', '5']",
[92mINFO [0m:      	        'metric-dp-pairwise-client-j': "['1', '2', '3', '4', '5', '6', '2', "
[92mINFO [0m:      	                                       "'3', '4', '5', '6', '3', '4', '5', "
[92mINFO [0m:      	                                       "'6', '4', '5', '6', '5', '6', '6']",
[92mINFO [0m:      	        'metric-dp-pairwise-distances': "['2.5891e+00', '2.5957e+00', "
[92mINFO [0m:      	                                        "'2.4049e+00', '2.3461e+00', "
[92mINFO [0m:      	                                        "'2.5338e+00', '2.4353e+00', "
[92mINFO [0m:      	                                        "'2.6287e+00', '2.4426e+00', "
[92mINFO [0m:      	                                        "'2.3824e+00', '2.5740e+00', "
[92mINFO [0m:      	                                        "'2.4718e+00', '2.4632e+00', "
[92mINFO [0m:      	                                        "'2.3816e+00', '2.5836e+00', "
[92mINFO [0m:      	                                        "'2.4922e+00', '2.1796e+00', "
[92mINFO [0m:      	                                        "'2.3977e+00', '2.3016e+00', "
[92mINFO [0m:      	                                        "'2.3145e+00', '2.2310e+00', "
[92mINFO [0m:      	                                        "'2.4301e+00']",
[92mINFO [0m:      	        'per-client-num-examples': "['5585', '5909', '5701', '4276', '3508', "
[92mINFO [0m:      	                                   "'5000', '4336']",
[92mINFO [0m:      	        'per-client-train_loss': "['1.8533e-01', '1.7876e-01', '1.9048e-01', "
[92mINFO [0m:      	                                 "'1.4994e-01', '1.6600e-01', '2.1024e-01', "
[92mINFO [0m:      	                                 "'1.5196e-01']",
[92mINFO [0m:      	        'per-client-train_loss_mean': "['3.4034e-01', '3.1538e-01', "
[92mINFO [0m:      	                                      "'3.2128e-01', '3.5240e-01', "
[92mINFO [0m:      	                                      "'3.5339e-01', '3.6751e-01', "
[92mINFO [0m:      	                                      "'3.4700e-01']",
[92mINFO [0m:      	        'train_loss': '1.7808e-01',
[92mINFO [0m:      	        'train_loss_mean': '3.4051e-01'},
[92mINFO [0m:      	  18: { 'client-ids': "['0', '1', '2', '3', '4', '5', '6']",
[92mINFO [0m:      	        'dp-client-clipped': "['1', '1', '1', '1', '1', '1', '1']",
[92mINFO [0m:      	        'dp-client-ids': "['0', '1', '2', '3', '4', '5', '6']",
[92mINFO [0m:      	        'dp-expected-noise-l2-norm': '2.9137e+00',
[92mINFO [0m:      	        'dp-fraction-clipped': '1.0000e+00',
[92mINFO [0m:      	        'dp-noise-percent-of-signal': '1.5224e+02',
[92mINFO [0m:      	        'dp-noise-to-signal-ratio': '1.5224e+00',
[92mINFO [0m:      	        'dp-num-clients-clipped': '7',
[92mINFO [0m:      	        'dp-parameter-count': '364426',
[92mINFO [0m:      	        'dp-signal-update-norm': '1.9138e+00',
[92mINFO [0m:      	        'dp-update-norms-before-clipping': "['1.2684e+01', '1.3013e+01', "
[92mINFO [0m:      	                                           "'1.2854e+01', '1.1423e+01', "
[92mINFO [0m:      	                                           "'1.0337e+01', '1.2053e+01', "
[92mINFO [0m:      	                                           "'1.1653e+01']",
[92mINFO [0m:      	        'metric-dp-aggregation-collapsed': '0.0000e+00',
[92mINFO [0m:      	        'metric-dp-distance': '2.5898e+00',
[92mINFO [0m:      	        'metric-dp-distance-count': '21',
[92mINFO [0m:      	        'metric-dp-distance-invalid': '0.0000e+00',
[92mINFO [0m:      	        'metric-dp-distance-mean': '2.4020e+00',
[92mINFO [0m:      	        'metric-dp-distance-median': '2.4199e+00',
[92mINFO [0m:      	        'metric-dp-distance-min': '2.1747e+00',
[92mINFO [0m:      	        'metric-dp-noise-stdv': '4.8266e-03',
[92mINFO [0m:      	        'metric-dp-pairwise-client-i': "['0', '0', '0', '0', '0', '0', '1', "
[92mINFO [0m:      	                                       "'1', '1', '1', '1', '2', '2', '2', "
[92mINFO [0m:      	                                       "'2', '3', '3', '3', '4', '4', '5']",
[92mINFO [0m:      	        'metric-dp-pairwise-client-j': "['1', '2', '3', '4', '5', '6', '2', "
[92mINFO [0m:      	                                       "'3', '4', '5', '6', '3', '4', '5', "
[92mINFO [0m:      	                                       "'6', '4', '5', '6', '5', '6', '6']",
[92mINFO [0m:      	        'metric-dp-pairwise-distances': "['2.5719e+00', '2.5500e+00', "
[92mINFO [0m:      	                                        "'2.4199e+00', '2.3311e+00', "
[92mINFO [0m:      	                                        "'2.4765e+00', '2.4134e+00', "
[92mINFO [0m:      	                                        "'2.5898e+00', '2.4440e+00', "
[92mINFO [0m:      	                                        "'2.3563e+00', '2.5130e+00', "
[92mINFO [0m:      	                                        "'2.4569e+00', '2.4346e+00', "
[92mINFO [0m:      	                                        "'2.3262e+00', '2.4943e+00', "
[92mINFO [0m:      	                                        "'2.4335e+00', '2.1747e+00', "
[92mINFO [0m:      	                                        "'2.3478e+00', '2.3041e+00', "
[92mINFO [0m:      	                                        "'2.2386e+00', '2.1928e+00', "
[92mINFO [0m:      	                                        "'2.3719e+00']",
[92mINFO [0m:      	        'per-client-num-examples': "['5585', '5909', '5701', '4276', '3508', "
[92mINFO [0m:      	                                   "'5000', '4336']",
[92mINFO [0m:      	        'per-client-train_loss': "['1.8356e-01', '1.4913e-01', '1.6946e-01', "
[92mINFO [0m:      	                                 "'1.4564e-01', '1.4396e-01', '1.5933e-01', "
[92mINFO [0m:      	                                 "'1.2274e-01']",
[92mINFO [0m:      	        'per-client-train_loss_mean': "['3.2899e-01', '2.9527e-01', "
[92mINFO [0m:      	                                      "'3.0211e-01', '3.2089e-01', "
[92mINFO [0m:      	                                      "'3.2600e-01', '3.3488e-01', "
[92mINFO [0m:      	                                      "'3.2297e-01']",
[92mINFO [0m:      	        'train_loss': '1.5530e-01',
[92mINFO [0m:      	        'train_loss_mean': '3.1750e-01'},
[92mINFO [0m:      	  19: { 'client-ids': "['0', '1', '2', '3', '4', '5', '6']",
[92mINFO [0m:      	        'dp-client-clipped': "['1', '1', '1', '1', '1', '1', '1']",
[92mINFO [0m:      	        'dp-client-ids': "['0', '1', '2', '3', '4', '5', '6']",
[92mINFO [0m:      	        'dp-expected-noise-l2-norm': '2.8871e+00',
[92mINFO [0m:      	        'dp-fraction-clipped': '1.0000e+00',
[92mINFO [0m:      	        'dp-noise-percent-of-signal': '1.5208e+02',
[92mINFO [0m:      	        'dp-noise-to-signal-ratio': '1.5208e+00',
[92mINFO [0m:      	        'dp-num-clients-clipped': '7',
[92mINFO [0m:      	        'dp-parameter-count': '364426',
[92mINFO [0m:      	        'dp-signal-update-norm': '1.8985e+00',
[92mINFO [0m:      	        'dp-update-norms-before-clipping': "['1.2471e+01', '1.3176e+01', "
[92mINFO [0m:      	                                           "'1.2941e+01', '1.1393e+01', "
[92mINFO [0m:      	                                           "'1.0227e+01', '1.2145e+01', "
[92mINFO [0m:      	                                           "'1.1321e+01']",
[92mINFO [0m:      	        'metric-dp-aggregation-collapsed': '0.0000e+00',
[92mINFO [0m:      	        'metric-dp-distance': '2.6137e+00',
[92mINFO [0m:      	        'metric-dp-distance-count': '21',
[92mINFO [0m:      	        'metric-dp-distance-invalid': '0.0000e+00',
[92mINFO [0m:      	        'metric-dp-distance-mean': '2.3941e+00',
[92mINFO [0m:      	        'metric-dp-distance-median': '2.3786e+00',
[92mINFO [0m:      	        'metric-dp-distance-min': '2.1575e+00',
[92mINFO [0m:      	        'metric-dp-noise-stdv': '4.7825e-03',
[92mINFO [0m:      	        'metric-dp-pairwise-client-i': "['0', '0', '0', '0', '0', '0', '1', "
[92mINFO [0m:      	                                       "'1', '1', '1', '1', '2', '2', '2', "
[92mINFO [0m:      	                                       "'2', '3', '3', '3', '4', '4', '5']",
[92mINFO [0m:      	        'metric-dp-pairwise-client-j': "['1', '2', '3', '4', '5', '6', '2', "
[92mINFO [0m:      	                                       "'3', '4', '5', '6', '3', '4', '5', "
[92mINFO [0m:      	                                       "'6', '4', '5', '6', '5', '6', '6']",
[92mINFO [0m:      	        'metric-dp-pairwise-distances': "['2.5677e+00', '2.5453e+00', "
[92mINFO [0m:      	                                        "'2.3786e+00', '2.2984e+00', "
[92mINFO [0m:      	                                        "'2.4661e+00', '2.3756e+00', "
[92mINFO [0m:      	                                        "'2.6137e+00', '2.4577e+00', "
[92mINFO [0m:      	                                        "'2.3650e+00', '2.5314e+00', "
[92mINFO [0m:      	                                        "'2.4562e+00', '2.4408e+00', "
[92mINFO [0m:      	                                        "'2.3347e+00', '2.5073e+00', "
[92mINFO [0m:      	                                        "'2.4270e+00', '2.1575e+00', "
[92mINFO [0m:      	                                        "'2.3490e+00', '2.2556e+00', "
[92mINFO [0m:      	                                        "'2.2384e+00', '2.1592e+00', "
[92mINFO [0m:      	                                        "'2.3502e+00']",
[92mINFO [0m:      	        'per-client-num-examples': "['5585', '5909', '5701', '4276', '3508', "
[92mINFO [0m:      	                                   "'5000', '4336']",
[92mINFO [0m:      	        'per-client-train_loss': "['1.5173e-01', '1.4770e-01', '1.5158e-01', "
[92mINFO [0m:      	                                 "'1.1623e-01', '1.4768e-01', '1.4186e-01', "
[92mINFO [0m:      	                                 "'1.3186e-01']",
[92mINFO [0m:      	        'per-client-train_loss_mean': "['2.9515e-01', '2.7438e-01', "
[92mINFO [0m:      	                                      "'2.7989e-01', '2.9812e-01', "
[92mINFO [0m:      	                                      "'3.0764e-01', '3.0554e-01', "
[92mINFO [0m:      	                                      "'3.0389e-01']",
[92mINFO [0m:      	        'train_loss': '1.4223e-01',
[92mINFO [0m:      	        'train_loss_mean': '2.9330e-01'},
[92mINFO [0m:      	  20: { 'client-ids': "['0', '1', '2', '3', '4', '5', '6']",
[92mINFO [0m:      	        'dp-client-clipped': "['1', '1', '1', '1', '1', '1', '1']",
[92mINFO [0m:      	        'dp-client-ids': "['0', '1', '2', '3', '4', '5', '6']",
[92mINFO [0m:      	        'dp-expected-noise-l2-norm': '2.9092e+00',
[92mINFO [0m:      	        'dp-fraction-clipped': '1.0000e+00',
[92mINFO [0m:      	        'dp-noise-percent-of-signal': '1.5361e+02',
[92mINFO [0m:      	        'dp-noise-to-signal-ratio': '1.5361e+00',
[92mINFO [0m:      	        'dp-num-clients-clipped': '7',
[92mINFO [0m:      	        'dp-parameter-count': '364426',
[92mINFO [0m:      	        'dp-signal-update-norm': '1.8939e+00',
[92mINFO [0m:      	        'dp-update-norms-before-clipping': "['1.2592e+01', '1.3333e+01', "
[92mINFO [0m:      	                                           "'1.2351e+01', '1.1537e+01', "
[92mINFO [0m:      	                                           "'1.0316e+01', '1.2022e+01', "
[92mINFO [0m:      	                                           "'1.1217e+01']",
[92mINFO [0m:      	        'metric-dp-aggregation-collapsed': '0.0000e+00',
[92mINFO [0m:      	        'metric-dp-distance': '2.5938e+00',
[92mINFO [0m:      	        'metric-dp-distance-count': '21',
[92mINFO [0m:      	        'metric-dp-distance-invalid': '0.0000e+00',
[92mINFO [0m:      	        'metric-dp-distance-mean': '2.3863e+00',
[92mINFO [0m:      	        'metric-dp-distance-median': '2.3755e+00',
[92mINFO [0m:      	        'metric-dp-distance-min': '2.1531e+00',
[92mINFO [0m:      	        'metric-dp-noise-stdv': '4.8192e-03',
[92mINFO [0m:      	        'metric-dp-pairwise-client-i': "['0', '0', '0', '0', '0', '0', '1', "
[92mINFO [0m:      	                                       "'1', '1', '1', '1', '2', '2', '2', "
[92mINFO [0m:      	                                       "'2', '3', '3', '3', '4', '4', '5']",
[92mINFO [0m:      	        'metric-dp-pairwise-client-j': "['1', '2', '3', '4', '5', '6', '2', "
[92mINFO [0m:      	                                       "'3', '4', '5', '6', '3', '4', '5', "
[92mINFO [0m:      	                                       "'6', '4', '5', '6', '5', '6', '6']",
[92mINFO [0m:      	        'metric-dp-pairwise-distances': "['2.5938e+00', '2.5045e+00', "
[92mINFO [0m:      	                                        "'2.4217e+00', '2.3187e+00', "
[92mINFO [0m:      	                                        "'2.4698e+00', '2.3755e+00', "
[92mINFO [0m:      	                                        "'2.5680e+00', '2.4849e+00', "
[92mINFO [0m:      	                                        "'2.3723e+00', '2.5351e+00', "
[92mINFO [0m:      	                                        "'2.4635e+00', '2.4040e+00', "
[92mINFO [0m:      	                                        "'2.2675e+00', '2.4437e+00', "
[92mINFO [0m:      	                                        "'2.3520e+00', '2.1834e+00', "
[92mINFO [0m:      	                                        "'2.3696e+00', '2.2850e+00', "
[92mINFO [0m:      	                                        "'2.2259e+00', '2.1531e+00', "
[92mINFO [0m:      	                                        "'2.3207e+00']",
[92mINFO [0m:      	        'per-client-num-examples': "['5585', '5909', '5701', '4276', '3508', "
[92mINFO [0m:      	                                   "'5000', '4336']",
[92mINFO [0m:      	        'per-client-train_loss': "['1.5472e-01', '1.3982e-01', '1.4401e-01', "
[92mINFO [0m:      	                                 "'1.3600e-01', '1.3576e-01', '1.3207e-01', "
[92mINFO [0m:      	                                 "'1.1467e-01']",
[92mINFO [0m:      	        'per-client-train_loss_mean': "['2.7617e-01', '2.5274e-01', "
[92mINFO [0m:      	                                      "'2.6460e-01', '2.7984e-01', "
[92mINFO [0m:      	                                      "'2.8874e-01', '2.9198e-01', "
[92mINFO [0m:      	                                      "'2.7596e-01']",
[92mINFO [0m:      	        'train_loss': '1.3774e-01',
[92mINFO [0m:      	        'train_loss_mean': '2.7423e-01'}}
[92mINFO [0m:      	
[92mINFO [0m:      	Aggregated ClientApp-side Evaluate Metrics:
[92mINFO [0m:      	{ 1: { 'client-ids': "['0', '1', '2', '3', '4', '5', '6']",
[92mINFO [0m:      	       'eval_acc': '8.2032e-02',
[92mINFO [0m:      	       'eval_loss': '2.3005e+00',
[92mINFO [0m:      	       'per-client-eval_acc': "['1.1596e-01', '5.2774e-02', '5.3997e-02', "
[92mINFO [0m:      	                              "'5.0514e-02', '9.5781e-02', '7.4400e-02', "
[92mINFO [0m:      	                              "'1.4378e-01']",
[92mINFO [0m:      	       'per-client-eval_loss': "['2.3088e+00', '2.3022e+00', '2.3009e+00', "
[92mINFO [0m:      	                               "'2.3055e+00', '2.2927e+00', '2.2970e+00', "
[92mINFO [0m:      	                               "'2.2922e+00']",
[92mINFO [0m:      	       'per-client-num-examples': "['1397', '1478', '1426', '1069', '877', "
[92mINFO [0m:      	                                  "'1250', '1085']"},
[92mINFO [0m:      	  2: { 'client-ids': "['0', '1', '2', '3', '4', '5', '6']",
[92mINFO [0m:      	       'eval_acc': '1.9739e-01',
[92mINFO [0m:      	       'eval_loss': '2.2203e+00',
[92mINFO [0m:      	       'per-client-eval_acc': "['1.8969e-01', '1.6982e-01', '2.5105e-01', "
[92mINFO [0m:      	                              "'1.1974e-01', '2.7480e-01', '1.6640e-01', "
[92mINFO [0m:      	                              "'2.2396e-01']",
[92mINFO [0m:      	       'per-client-eval_loss': "['2.2372e+00', '2.2178e+00', '2.2097e+00', "
[92mINFO [0m:      	                               "'2.2179e+00', '2.2082e+00', '2.2285e+00', "
[92mINFO [0m:      	                               "'2.2182e+00']",
[92mINFO [0m:      	       'per-client-num-examples': "['1397', '1478', '1426', '1069', '877', "
[92mINFO [0m:      	                                  "'1250', '1085']"},
[92mINFO [0m:      	  3: { 'client-ids': "['0', '1', '2', '3', '4', '5', '6']",
[92mINFO [0m:      	       'eval_acc': '3.4502e-01',
[92mINFO [0m:      	       'eval_loss': '1.9833e+00',
[92mINFO [0m:      	       'per-client-eval_acc': "['3.1424e-01', '3.4371e-01', '4.2917e-01', "
[92mINFO [0m:      	                              "'2.7689e-01', '3.9111e-01', '3.0960e-01', "
[92mINFO [0m:      	                              "'3.4654e-01']",
[92mINFO [0m:      	       'per-client-eval_loss': "['2.0199e+00', '1.9716e+00', '1.9329e+00', "
[92mINFO [0m:      	                               "'1.9964e+00', '1.9637e+00', '2.0085e+00', "
[92mINFO [0m:      	                               "'1.9919e+00']",
[92mINFO [0m:      	       'per-client-num-examples': "['1397', '1478', '1426', '1069', '877', "
[92mINFO [0m:      	                                  "'1250', '1085']"},
[92mINFO [0m:      	  4: { 'client-ids': "['0', '1', '2', '3', '4', '5', '6']",
[92mINFO [0m:      	       'eval_acc': '4.3929e-01',
[92mINFO [0m:      	       'eval_loss': '1.6791e+00',
[92mINFO [0m:      	       'per-client-eval_acc': "['4.0086e-01', '4.4384e-01', '5.0140e-01', "
[92mINFO [0m:      	                              "'4.3218e-01', '4.5724e-01', '4.1920e-01', "
[92mINFO [0m:      	                              "'4.1659e-01']",
[92mINFO [0m:      	       'per-client-eval_loss': "['1.7376e+00', '1.6524e+00', '1.5801e+00', "
[92mINFO [0m:      	                               "'1.7204e+00', '1.6544e+00', '1.7245e+00', "
[92mINFO [0m:      	                               "'1.6970e+00']",
[92mINFO [0m:      	       'per-client-num-examples': "['1397', '1478', '1426', '1069', '877', "
[92mINFO [0m:      	                                  "'1250', '1085']"},
[92mINFO [0m:      	  5: { 'client-ids': "['0', '1', '2', '3', '4', '5', '6']",
[92mINFO [0m:      	       'eval_acc': '5.1538e-01',
[92mINFO [0m:      	       'eval_loss': '1.4039e+00',
[92mINFO [0m:      	       'per-client-eval_acc': "['4.9893e-01', '5.2233e-01', '5.6942e-01', "
[92mINFO [0m:      	                              "'4.8737e-01', '5.1197e-01', '5.0400e-01', "
[92mINFO [0m:      	                              "'4.9954e-01']",
[92mINFO [0m:      	       'per-client-eval_loss': "['1.4360e+00', '1.3826e+00', '1.2947e+00', "
[92mINFO [0m:      	                               "'1.4840e+00', '1.3863e+00', '1.4557e+00', "
[92mINFO [0m:      	                               "'1.4110e+00']",
[92mINFO [0m:      	       'per-client-num-examples': "['1397', '1478', '1426', '1069', '877', "
[92mINFO [0m:      	                                  "'1250', '1085']"},
[92mINFO [0m:      	  6: { 'client-ids': "['0', '1', '2', '3', '4', '5', '6']",
[92mINFO [0m:      	       'eval_acc': '5.8308e-01',
[92mINFO [0m:      	       'eval_loss': '1.1854e+00',
[92mINFO [0m:      	       'per-client-eval_acc': "['5.8482e-01', '5.8051e-01', '6.1992e-01', "
[92mINFO [0m:      	                              "'5.4163e-01', '5.7697e-01', '5.7520e-01', "
[92mINFO [0m:      	                              "'5.9078e-01']",
[92mINFO [0m:      	       'per-client-eval_loss': "['1.2048e+00', '1.1676e+00', '1.1073e+00', "
[92mINFO [0m:      	                               "'1.2814e+00', '1.1791e+00', '1.2079e+00', "
[92mINFO [0m:      	                               "'1.1720e+00']",
[92mINFO [0m:      	       'per-client-num-examples': "['1397', '1478', '1426', '1069', '877', "
[92mINFO [0m:      	                                  "'1250', '1085']"},
[92mINFO [0m:      	  7: { 'client-ids': "['0', '1', '2', '3', '4', '5', '6']",
[92mINFO [0m:      	       'eval_acc': '6.1827e-01',
[92mINFO [0m:      	       'eval_loss': '1.0827e+00',
[92mINFO [0m:      	       'per-client-eval_acc': "['6.3565e-01', '6.1705e-01', '6.4867e-01', "
[92mINFO [0m:      	                              "'5.7998e-01', '6.0091e-01', '6.0320e-01', "
[92mINFO [0m:      	                              "'6.2673e-01']",
[92mINFO [0m:      	       'per-client-eval_loss': "['1.0727e+00', '1.0714e+00', '1.0326e+00', "
[92mINFO [0m:      	                               "'1.1811e+00', '1.0817e+00', '1.0963e+00', "
[92mINFO [0m:      	                               "'1.0651e+00']",
[92mINFO [0m:      	       'per-client-num-examples': "['1397', '1478', '1426', '1069', '877', "
[92mINFO [0m:      	                                  "'1250', '1085']"},
[92mINFO [0m:      	  8: { 'client-ids': "['0', '1', '2', '3', '4', '5', '6']",
[92mINFO [0m:      	       'eval_acc': '6.4251e-01',
[92mINFO [0m:      	       'eval_loss': '1.0184e+00',
[92mINFO [0m:      	       'per-client-eval_acc': "['6.5855e-01', '6.3261e-01', '6.6410e-01', "
[92mINFO [0m:      	                              "'6.0430e-01', '6.3398e-01', '6.4480e-01', "
[92mINFO [0m:      	                              "'6.4885e-01']",
[92mINFO [0m:      	       'per-client-eval_loss': "['1.0022e+00', '1.0248e+00', '9.7047e-01', "
[92mINFO [0m:      	                               "'1.1196e+00', '1.0077e+00', '1.0179e+00', "
[92mINFO [0m:      	                               "'1.0035e+00']",
[92mINFO [0m:      	       'per-client-num-examples': "['1397', '1478', '1426', '1069', '877', "
[92mINFO [0m:      	                                  "'1250', '1085']"},
[92mINFO [0m:      	  9: { 'client-ids': "['0', '1', '2', '3', '4', '5', '6']",
[92mINFO [0m:      	       'eval_acc': '6.6150e-01',
[92mINFO [0m:      	       'eval_loss': '9.8074e-01',
[92mINFO [0m:      	       'per-client-eval_acc': "['6.7287e-01', '6.6847e-01', '6.7672e-01', "
[92mINFO [0m:      	                              "'6.2675e-01', '6.5564e-01', '6.5680e-01', "
[92mINFO [0m:      	                              "'6.6175e-01']",
[92mINFO [0m:      	       'per-client-eval_loss': "['9.8970e-01', '9.8739e-01', '9.4128e-01', "
[92mINFO [0m:      	                               "'1.0706e+00', '9.5960e-01', '9.6477e-01', "
[92mINFO [0m:      	                               "'9.5899e-01']",
[92mINFO [0m:      	       'per-client-num-examples': "['1397', '1478', '1426', '1069', '877', "
[92mINFO [0m:      	                                  "'1250', '1085']"},
[92mINFO [0m:      	  10: { 'client-ids': "['0', '1', '2', '3', '4', '5', '6']",
[92mINFO [0m:      	        'eval_acc': '6.7595e-01',
[92mINFO [0m:      	        'eval_loss': '9.5978e-01',
[92mINFO [0m:      	        'per-client-eval_acc': "['6.7287e-01', '6.7050e-01', '7.0126e-01', "
[92mINFO [0m:      	                               "'6.5108e-01', '6.7503e-01', '6.7360e-01', "
[92mINFO [0m:      	                               "'6.8203e-01']",
[92mINFO [0m:      	        'per-client-eval_loss': "['9.9464e-01', '9.6146e-01', '8.9897e-01', "
[92mINFO [0m:      	                                "'1.0572e+00', '9.2529e-01', '9.5868e-01', "
[92mINFO [0m:      	                                "'9.2577e-01']",
[92mINFO [0m:      	        'per-client-num-examples': "['1397', '1478', '1426', '1069', '877', "
[92mINFO [0m:      	                                   "'1250', '1085']"},
[92mINFO [0m:      	  11: { 'client-ids': "['0', '1', '2', '3', '4', '5', '6']",
[92mINFO [0m:      	        'eval_acc': '6.8143e-01',
[92mINFO [0m:      	        'eval_loss': '9.5957e-01',
[92mINFO [0m:      	        'per-client-eval_acc': "['6.8003e-01', '6.7997e-01', '7.0266e-01', "
[92mINFO [0m:      	                               "'6.5014e-01', '6.8985e-01', '6.7840e-01', "
[92mINFO [0m:      	                               "'6.8479e-01']",
[92mINFO [0m:      	        'per-client-eval_loss': "['9.8704e-01', '9.5221e-01', '8.9847e-01', "
[92mINFO [0m:      	                                "'1.0570e+00', '9.3973e-01', '9.6627e-01', "
[92mINFO [0m:      	                                "'9.2693e-01']",
[92mINFO [0m:      	        'per-client-num-examples': "['1397', '1478', '1426', '1069', '877', "
[92mINFO [0m:      	                                   "'1250', '1085']"},
[92mINFO [0m:      	  12: { 'client-ids': "['0', '1', '2', '3', '4', '5', '6']",
[92mINFO [0m:      	        'eval_acc': '6.8923e-01',
[92mINFO [0m:      	        'eval_loss': '9.6791e-01',
[92mINFO [0m:      	        'per-client-eval_acc': "['7.0007e-01', '6.8539e-01', '7.0687e-01', "
[92mINFO [0m:      	                               "'6.3985e-01', '6.9669e-01', '6.9280e-01', "
[92mINFO [0m:      	                               "'6.9585e-01']",
[92mINFO [0m:      	        'per-client-eval_loss': "['9.6908e-01', '9.7619e-01', '9.0723e-01', "
[92mINFO [0m:      	                                "'1.0756e+00', '9.5646e-01', '9.7016e-01', "
[92mINFO [0m:      	                                "'9.3548e-01']",
[92mINFO [0m:      	        'per-client-num-examples': "['1397', '1478', '1426', '1069', '877', "
[92mINFO [0m:      	                                   "'1250', '1085']"},
[92mINFO [0m:      	  13: { 'client-ids': "['0', '1', '2', '3', '4', '5', '6']",
[92mINFO [0m:      	        'eval_acc': '6.9168e-01',
[92mINFO [0m:      	        'eval_loss': '9.7470e-01',
[92mINFO [0m:      	        'per-client-eval_acc': "['7.0222e-01', '6.8471e-01', '7.0968e-01', "
[92mINFO [0m:      	                               "'6.5856e-01', '6.9099e-01', '6.8560e-01', "
[92mINFO [0m:      	                               "'7.0415e-01']",
[92mINFO [0m:      	        'per-client-eval_loss': "['9.6542e-01', '9.9081e-01', '9.0970e-01', "
[92mINFO [0m:      	                                "'1.0855e+00', '9.7016e-01', '9.8616e-01', "
[92mINFO [0m:      	                                "'9.3139e-01']",
[92mINFO [0m:      	        'per-client-num-examples': "['1397', '1478', '1426', '1069', '877', "
[92mINFO [0m:      	                                   "'1250', '1085']"},
[92mINFO [0m:      	  14: { 'client-ids': "['0', '1', '2', '3', '4', '5', '6']",
[92mINFO [0m:      	        'eval_acc': '6.8970e-01',
[92mINFO [0m:      	        'eval_loss': '9.8714e-01',
[92mINFO [0m:      	        'per-client-eval_acc': "['7.0150e-01', '6.8336e-01', '7.1178e-01', "
[92mINFO [0m:      	                               "'6.6511e-01', '6.7161e-01', '6.8320e-01', "
[92mINFO [0m:      	                               "'7.0046e-01']",
[92mINFO [0m:      	        'per-client-eval_loss': "['9.5976e-01', '9.9356e-01', '9.5199e-01', "
[92mINFO [0m:      	                                "'1.0645e+00', '1.0214e+00', '1.0158e+00', "
[92mINFO [0m:      	                                "'9.2292e-01']",
[92mINFO [0m:      	        'per-client-num-examples': "['1397', '1478', '1426', '1069', '877', "
[92mINFO [0m:      	                                   "'1250', '1085']"},
[92mINFO [0m:      	  15: { 'client-ids': "['0', '1', '2', '3', '4', '5', '6']",
[92mINFO [0m:      	        'eval_acc': '6.9180e-01',
[92mINFO [0m:      	        'eval_loss': '1.0232e+00',
[92mINFO [0m:      	        'per-client-eval_acc': "['7.0508e-01', '6.7862e-01', '7.1388e-01', "
[92mINFO [0m:      	                               "'6.4733e-01', '6.8529e-01', '6.9280e-01', "
[92mINFO [0m:      	                               "'7.1152e-01']",
[92mINFO [0m:      	        'per-client-eval_loss': "['9.8514e-01', '1.0548e+00', '9.6126e-01', "
[92mINFO [0m:      	                                "'1.1539e+00', '1.0393e+00', '1.0448e+00', "
[92mINFO [0m:      	                                "'9.4367e-01']",
[92mINFO [0m:      	        'per-client-num-examples': "['1397', '1478', '1426', '1069', '877', "
[92mINFO [0m:      	                                   "'1250', '1085']"},
[92mINFO [0m:      	  16: { 'client-ids': "['0', '1', '2', '3', '4', '5', '6']",
[92mINFO [0m:      	        'eval_acc': '6.9832e-01',
[92mINFO [0m:      	        'eval_loss': '1.0245e+00',
[92mINFO [0m:      	        'per-client-eval_acc': "['7.1081e-01', '6.8606e-01', '7.1950e-01', "
[92mINFO [0m:      	                               "'6.6885e-01', '6.9327e-01', '6.9520e-01', "
[92mINFO [0m:      	                               "'7.0783e-01']",
[92mINFO [0m:      	        'per-client-eval_loss': "['9.8903e-01', '1.0367e+00', '9.7005e-01', "
[92mINFO [0m:      	                                "'1.1289e+00', '1.0361e+00', '1.0561e+00', "
[92mINFO [0m:      	                                "'9.7624e-01']",
[92mINFO [0m:      	        'per-client-num-examples': "['1397', '1478', '1426', '1069', '877', "
[92mINFO [0m:      	                                   "'1250', '1085']"},
[92mINFO [0m:      	  17: { 'client-ids': "['0', '1', '2', '3', '4', '5', '6']",
[92mINFO [0m:      	        'eval_acc': '6.9354e-01',
[92mINFO [0m:      	        'eval_loss': '1.0406e+00',
[92mINFO [0m:      	        'per-client-eval_acc': "['7.0723e-01', '6.7997e-01', '7.1459e-01', "
[92mINFO [0m:      	                               "'6.6230e-01', '6.8985e-01', '6.8800e-01', "
[92mINFO [0m:      	                               "'7.0691e-01']",
[92mINFO [0m:      	        'per-client-eval_loss': "['9.9032e-01', '1.0599e+00', '9.8992e-01', "
[92mINFO [0m:      	                                "'1.1589e+00', '1.0389e+00', '1.0758e+00', "
[92mINFO [0m:      	                                "'9.9002e-01']",
[92mINFO [0m:      	        'per-client-num-examples': "['1397', '1478', '1426', '1069', '877', "
[92mINFO [0m:      	                                   "'1250', '1085']"},
[92mINFO [0m:      	  18: { 'client-ids': "['0', '1', '2', '3', '4', '5', '6']",
[92mINFO [0m:      	        'eval_acc': '6.9914e-01',
[92mINFO [0m:      	        'eval_loss': '1.0643e+00',
[92mINFO [0m:      	        'per-client-eval_acc': "['7.0938e-01', '6.9147e-01', '7.0126e-01', "
[92mINFO [0m:      	                               "'6.7820e-01', '7.0353e-01', '6.9040e-01', "
[92mINFO [0m:      	                               "'7.2074e-01']",
[92mINFO [0m:      	        'per-client-eval_loss': "['1.0308e+00', '1.0743e+00', '1.0199e+00', "
[92mINFO [0m:      	                                "'1.1618e+00', '1.0698e+00', '1.0973e+00', "
[92mINFO [0m:      	                                "'1.0138e+00']",
[92mINFO [0m:      	        'per-client-num-examples': "['1397', '1478', '1426', '1069', '877', "
[92mINFO [0m:      	                                   "'1250', '1085']"},
[92mINFO [0m:      	  19: { 'client-ids': "['0', '1', '2', '3', '4', '5', '6']",
[92mINFO [0m:      	        'eval_acc': '7.0217e-01',
[92mINFO [0m:      	        'eval_loss': '1.0922e+00',
[92mINFO [0m:      	        'per-client-eval_acc': "['7.0365e-01', '6.9486e-01', '7.1459e-01', "
[92mINFO [0m:      	                               "'6.8382e-01', '7.1152e-01', '6.9760e-01', "
[92mINFO [0m:      	                               "'7.0968e-01']",
[92mINFO [0m:      	        'per-client-eval_loss': "['1.0979e+00', '1.0969e+00', '1.0215e+00', "
[92mINFO [0m:      	                                "'1.1881e+00', '1.0893e+00', '1.1280e+00', "
[92mINFO [0m:      	                                "'1.0380e+00']",
[92mINFO [0m:      	        'per-client-num-examples': "['1397', '1478', '1426', '1069', '877', "
[92mINFO [0m:      	                                   "'1250', '1085']"},
[92mINFO [0m:      	  20: { 'client-ids': "['0', '1', '2', '3', '4', '5', '6']",
[92mINFO [0m:      	        'eval_acc': '7.0147e-01',
[92mINFO [0m:      	        'eval_loss': '1.1087e+00',
[92mINFO [0m:      	        'per-client-eval_acc': "['7.0150e-01', '6.9486e-01', '7.1038e-01', "
[92mINFO [0m:      	                               "'6.7353e-01', '7.2634e-01', '6.9200e-01', "
[92mINFO [0m:      	                               "'7.1705e-01']",
[92mINFO [0m:      	        'per-client-eval_loss': "['1.1032e+00', '1.1146e+00', '1.0452e+00', "
[92mINFO [0m:      	                                "'1.2140e+00', '1.0965e+00', '1.1448e+00', "
[92mINFO [0m:      	                                "'1.0555e+00']",
[92mINFO [0m:      	        'per-client-num-examples': "['1397', '1478', '1426', '1069', '877', "
[92mINFO [0m:      	                                   "'1250', '1085']"}}
[92mINFO [0m:      	
[92mINFO [0m:      	ServerApp-side Evaluate Metrics:
[92mINFO [0m:      	{ 0: { 'accuracy': '1.0000e-01',
[92mINFO [0m:      	       'auc': '5.0091e-01',
[92mINFO [0m:      	       'diverged': '0.0000e+00',
[92mINFO [0m:      	       'f1': '1.8182e-02',
[92mINFO [0m:      	       'loss': '2.3041e+00',
[92mINFO [0m:      	       'precision': '1.0000e-02'},
[92mINFO [0m:      	  1: { 'accuracy': '1.0000e-01',
[92mINFO [0m:      	       'auc': '5.4208e-01',
[92mINFO [0m:      	       'diverged': '0.0000e+00',
[92mINFO [0m:      	       'f1': '1.8182e-02',
[92mINFO [0m:      	       'loss': '2.3003e+00',
[92mINFO [0m:      	       'precision': '1.0000e-02'},
[92mINFO [0m:      	  2: { 'accuracy': '1.9740e-01',
[92mINFO [0m:      	       'auc': '6.9337e-01',
[92mINFO [0m:      	       'diverged': '0.0000e+00',
[92mINFO [0m:      	       'f1': '1.2175e-01',
[92mINFO [0m:      	       'loss': '2.2194e+00',
[92mINFO [0m:      	       'precision': '2.6763e-01'},
[92mINFO [0m:      	  3: { 'accuracy': '3.5320e-01',
[92mINFO [0m:      	       'auc': '8.0348e-01',
[92mINFO [0m:      	       'diverged': '0.0000e+00',
[92mINFO [0m:      	       'f1': '3.1812e-01',
[92mINFO [0m:      	       'loss': '1.9778e+00',
[92mINFO [0m:      	       'precision': '5.0089e-01'},
[92mINFO [0m:      	  4: { 'accuracy': '4.3880e-01',
[92mINFO [0m:      	       'auc': '8.6318e-01',
[92mINFO [0m:      	       'diverged': '0.0000e+00',
[92mINFO [0m:      	       'f1': '4.3341e-01',
[92mINFO [0m:      	       'loss': '1.6680e+00',
[92mINFO [0m:      	       'precision': '5.2547e-01'},
[92mINFO [0m:      	  5: { 'accuracy': '5.2500e-01',
[92mINFO [0m:      	       'auc': '9.0000e-01',
[92mINFO [0m:      	       'diverged': '0.0000e+00',
[92mINFO [0m:      	       'f1': '5.2648e-01',
[92mINFO [0m:      	       'loss': '1.3886e+00',
[92mINFO [0m:      	       'precision': '5.6632e-01'},
[92mINFO [0m:      	  6: { 'accuracy': '5.9060e-01',
[92mINFO [0m:      	       'auc': '9.2723e-01',
[92mINFO [0m:      	       'diverged': '0.0000e+00',
[92mINFO [0m:      	       'f1': '5.8594e-01',
[92mINFO [0m:      	       'loss': '1.1688e+00',
[92mINFO [0m:      	       'precision': '5.9825e-01'},
[92mINFO [0m:      	  7: { 'accuracy': '6.2080e-01',
[92mINFO [0m:      	       'auc': '9.3759e-01',
[92mINFO [0m:      	       'diverged': '0.0000e+00',
[92mINFO [0m:      	       'f1': '6.1674e-01',
[92mINFO [0m:      	       'loss': '1.0609e+00',
[92mINFO [0m:      	       'precision': '6.2454e-01'},
[92mINFO [0m:      	  8: { 'accuracy': '6.4360e-01',
[92mINFO [0m:      	       'auc': '9.4444e-01',
[92mINFO [0m:      	       'diverged': '0.0000e+00',
[92mINFO [0m:      	       'f1': '6.3675e-01',
[92mINFO [0m:      	       'loss': '9.9474e-01',
[92mINFO [0m:      	       'precision': '6.4800e-01'},
[92mINFO [0m:      	  9: { 'accuracy': '6.6520e-01',
[92mINFO [0m:      	       'auc': '9.4898e-01',
[92mINFO [0m:      	       'diverged': '0.0000e+00',
[92mINFO [0m:      	       'f1': '6.6200e-01',
[92mINFO [0m:      	       'loss': '9.5700e-01',
[92mINFO [0m:      	       'precision': '6.6891e-01'},
[92mINFO [0m:      	  10: { 'accuracy': '6.8420e-01',
[92mINFO [0m:      	        'auc': '9.5262e-01',
[92mINFO [0m:      	        'diverged': '0.0000e+00',
[92mINFO [0m:      	        'f1': '6.7983e-01',
[92mINFO [0m:      	        'loss': '9.3307e-01',
[92mINFO [0m:      	        'precision': '6.8246e-01'},
[92mINFO [0m:      	  11: { 'accuracy': '6.9300e-01',
[92mINFO [0m:      	        'auc': '9.5425e-01',
[92mINFO [0m:      	        'diverged': '0.0000e+00',
[92mINFO [0m:      	        'f1': '6.8839e-01',
[92mINFO [0m:      	        'loss': '9.3485e-01',
[92mINFO [0m:      	        'precision': '6.9164e-01'},
[92mINFO [0m:      	  12: { 'accuracy': '6.9220e-01',
[92mINFO [0m:      	        'auc': '9.5488e-01',
[92mINFO [0m:      	        'diverged': '0.0000e+00',
[92mINFO [0m:      	        'f1': '6.8844e-01',
[92mINFO [0m:      	        'loss': '9.4754e-01',
[92mINFO [0m:      	        'precision': '6.9416e-01'},
[92mINFO [0m:      	  13: { 'accuracy': '6.9700e-01',
[92mINFO [0m:      	        'auc': '9.5548e-01',
[92mINFO [0m:      	        'diverged': '0.0000e+00',
[92mINFO [0m:      	        'f1': '6.9431e-01',
[92mINFO [0m:      	        'loss': '9.5104e-01',
[92mINFO [0m:      	        'precision': '6.9620e-01'},
[92mINFO [0m:      	  14: { 'accuracy': '7.0400e-01',
[92mINFO [0m:      	        'auc': '9.5645e-01',
[92mINFO [0m:      	        'diverged': '0.0000e+00',
[92mINFO [0m:      	        'f1': '7.0264e-01',
[92mINFO [0m:      	        'loss': '9.5314e-01',
[92mINFO [0m:      	        'precision': '7.0316e-01'},
[92mINFO [0m:      	  15: { 'accuracy': '6.9740e-01',
[92mINFO [0m:      	        'auc': '9.5500e-01',
[92mINFO [0m:      	        'diverged': '0.0000e+00',
[92mINFO [0m:      	        'f1': '6.9565e-01',
[92mINFO [0m:      	        'loss': '9.9963e-01',
[92mINFO [0m:      	        'precision': '6.9989e-01'},
[92mINFO [0m:      	  16: { 'accuracy': '7.1080e-01',
[92mINFO [0m:      	        'auc': '9.5710e-01',
[92mINFO [0m:      	        'diverged': '0.0000e+00',
[92mINFO [0m:      	        'f1': '7.0947e-01',
[92mINFO [0m:      	        'loss': '9.9773e-01',
[92mINFO [0m:      	        'precision': '7.1031e-01'},
[92mINFO [0m:      	  17: { 'accuracy': '7.0680e-01',
[92mINFO [0m:      	        'auc': '9.5648e-01',
[92mINFO [0m:      	        'diverged': '0.0000e+00',
[92mINFO [0m:      	        'f1': '7.0678e-01',
[92mINFO [0m:      	        'loss': '1.0074e+00',
[92mINFO [0m:      	        'precision': '7.0947e-01'},
[92mINFO [0m:      	  18: { 'accuracy': '7.1420e-01',
[92mINFO [0m:      	        'auc': '9.5681e-01',
[92mINFO [0m:      	        'diverged': '0.0000e+00',
[92mINFO [0m:      	        'f1': '7.1338e-01',
[92mINFO [0m:      	        'loss': '1.0289e+00',
[92mINFO [0m:      	        'precision': '7.1380e-01'},
[92mINFO [0m:      	  19: { 'accuracy': '7.1620e-01',
[92mINFO [0m:      	        'auc': '9.5744e-01',
[92mINFO [0m:      	        'diverged': '0.0000e+00',
[92mINFO [0m:      	        'f1': '7.1453e-01',
[92mINFO [0m:      	        'loss': '1.0646e+00',
[92mINFO [0m:      	        'precision': '7.1450e-01'},
[92mINFO [0m:      	  20: { 'accuracy': '7.1720e-01',
[92mINFO [0m:      	        'auc': '9.5795e-01',
[92mINFO [0m:      	        'diverged': '0.0000e+00',
[92mINFO [0m:      	        'f1': '7.1566e-01',
[92mINFO [0m:      	        'loss': '1.0800e+00',
[92mINFO [0m:      	        'precision': '7.1518e-01'}}
[92mINFO [0m:      
Round 1 checkpoint written to /content/metricdp-pytorch/results/dirichlet/cifar10/8_clients/alpha-3__metric-privacy__in-remove-out-remove__seeds-42__noise-0p0025/cifar10-out-remove__dirichlet__alpha-3__metric-privacy__fedavg__clients-7__seed-42__nm0p0175__clip5__rounds-20__epochs-5__cifar10_dirichlet__cifar10_cnn.round-1.pt
Round 2 checkpoint written to /content/metricdp-pytorch/results/dirichlet/cifar10/8_clients/alpha-3__metric-privacy__in-remove-out-remove__seeds-42__noise-0p0025/cifar10-out-remove__dirichlet__alpha-3__metric-privacy__fedavg__clients-7__seed-42__nm0p0175__clip5__rounds-20__epochs-5__cifar10_dirichlet__cifar10_cnn.round-2.pt
Round 3 checkpoint written to /content/metricdp-pytorch/results/dirichlet/cifar10/8_clients/alpha-3__metric-privacy__in-remove-out-remove__seeds-42__noise-0p0025/cifar10-out-remove__dirichlet__alpha-3__metric-privacy__fedavg__clients-7__seed-42__nm0p0175__clip5__rounds-20__epochs-5__cifar10_dirichlet__cifar10_cnn.round-3.pt
Round 4 checkpoint written to /content/metricdp-pytorch/results/dirichlet/cifar10/8_clients/alpha-3__metric-privacy__in-remove-out-remove__seeds-42__noise-0p0025/cifar10-out-remove__dirichlet__alpha-3__metric-privacy__fedavg__clients-7__seed-42__nm0p0175__clip5__rounds-20__epochs-5__cifar10_dirichlet__cifar10_cnn.round-4.pt
Round 5 checkpoint written to /content/metricdp-pytorch/results/dirichlet/cifar10/8_clients/alpha-3__metric-privacy__in-remove-out-remove__seeds-42__noise-0p0025/cifar10-out-remove__dirichlet__alpha-3__metric-privacy__fedavg__clients-7__seed-42__nm0p0175__clip5__rounds-20__epochs-5__cifar10_dirichlet__cifar10_cnn.round-5.pt
Round 6 checkpoint written to /content/metricdp-pytorch/results/dirichlet/cifar10/8_clients/alpha-3__metric-privacy__in-remove-out-remove__seeds-42__noise-0p0025/cifar10-out-remove__dirichlet__alpha-3__metric-privacy__fedavg__clients-7__seed-42__nm0p0175__clip5__rounds-20__epochs-5__cifar10_dirichlet__cifar10_cnn.round-6.pt
Round 7 checkpoint written to /content/metricdp-pytorch/results/dirichlet/cifar10/8_clients/alpha-3__metric-privacy__in-remove-out-remove__seeds-42__noise-0p0025/cifar10-out-remove__dirichlet__alpha-3__metric-privacy__fedavg__clients-7__seed-42__nm0p0175__clip5__rounds-20__epochs-5__cifar10_dirichlet__cifar10_cnn.round-7.pt
Round 8 checkpoint written to /content/metricdp-pytorch/results/dirichlet/cifar10/8_clients/alpha-3__metric-privacy__in-remove-out-remove__seeds-42__noise-0p0025/cifar10-out-remove__dirichlet__alpha-3__metric-privacy__fedavg__clients-7__seed-42__nm0p0175__clip5__rounds-20__epochs-5__cifar10_dirichlet__cifar10_cnn.round-8.pt
Round 9 checkpoint written to /content/metricdp-pytorch/results/dirichlet/cifar10/8_clients/alpha-3__metric-privacy__in-remove-out-remove__seeds-42__noise-0p0025/cifar10-out-remove__dirichlet__alpha-3__metric-privacy__fedavg__clients-7__seed-42__nm0p0175__clip5__rounds-20__epochs-5__cifar10_dirichlet__cifar10_cnn.round-9.pt
Round 10 checkpoint written to /content/metricdp-pytorch/results/dirichlet/cifar10/8_clients/alpha-3__metric-privacy__in-remove-out-remove__seeds-42__noise-0p0025/cifar10-out-remove__dirichlet__alpha-3__metric-privacy__fedavg__clients-7__seed-42__nm0p0175__clip5__rounds-20__epochs-5__cifar10_dirichlet__cifar10_cnn.round-10.pt
Round 11 checkpoint written to /content/metricdp-pytorch/results/dirichlet/cifar10/8_clients/alpha-3__metric-privacy__in-remove-out-remove__seeds-42__noise-0p0025/cifar10-out-remove__dirichlet__alpha-3__metric-privacy__fedavg__clients-7__seed-42__nm0p0175__clip5__rounds-20__epochs-5__cifar10_dirichlet__cifar10_cnn.round-11.pt
Round 12 checkpoint written to /content/metricdp-pytorch/results/dirichlet/cifar10/8_clients/alpha-3__metric-privacy__in-remove-out-remove__seeds-42__noise-0p0025/cifar10-out-remove__dirichlet__alpha-3__metric-privacy__fedavg__clients-7__seed-42__nm0p0175__clip5__rounds-20__epochs-5__cifar10_dirichlet__cifar10_cnn.round-12.pt
Round 13 checkpoint written to /content/metricdp-pytorch/results/dirichlet/cifar10/8_clients/alpha-3__metric-privacy__in-remove-out-remove__seeds-42__noise-0p0025/cifar10-out-remove__dirichlet__alpha-3__metric-privacy__fedavg__clients-7__seed-42__nm0p0175__clip5__rounds-20__epochs-5__cifar10_dirichlet__cifar10_cnn.round-13.pt
Round 14 checkpoint written to /content/metricdp-pytorch/results/dirichlet/cifar10/8_clients/alpha-3__metric-privacy__in-remove-out-remove__seeds-42__noise-0p0025/cifar10-out-remove__dirichlet__alpha-3__metric-privacy__fedavg__clients-7__seed-42__nm0p0175__clip5__rounds-20__epochs-5__cifar10_dirichlet__cifar10_cnn.round-14.pt
Round 15 checkpoint written to /content/metricdp-pytorch/results/dirichlet/cifar10/8_clients/alpha-3__metric-privacy__in-remove-out-remove__seeds-42__noise-0p0025/cifar10-out-remove__dirichlet__alpha-3__metric-privacy__fedavg__clients-7__seed-42__nm0p0175__clip5__rounds-20__epochs-5__cifar10_dirichlet__cifar10_cnn.round-15.pt
Round 16 checkpoint written to /content/metricdp-pytorch/results/dirichlet/cifar10/8_clients/alpha-3__metric-privacy__in-remove-out-remove__seeds-42__noise-0p0025/cifar10-out-remove__dirichlet__alpha-3__metric-privacy__fedavg__clients-7__seed-42__nm0p0175__clip5__rounds-20__epochs-5__cifar10_dirichlet__cifar10_cnn.round-16.pt
Round 17 checkpoint written to /content/metricdp-pytorch/results/dirichlet/cifar10/8_clients/alpha-3__metric-privacy__in-remove-out-remove__seeds-42__noise-0p0025/cifar10-out-remove__dirichlet__alpha-3__metric-privacy__fedavg__clients-7__seed-42__nm0p0175__clip5__rounds-20__epochs-5__cifar10_dirichlet__cifar10_cnn.round-17.pt
Round 18 checkpoint written to /content/metricdp-pytorch/results/dirichlet/cifar10/8_clients/alpha-3__metric-privacy__in-remove-out-remove__seeds-42__noise-0p0025/cifar10-out-remove__dirichlet__alpha-3__metric-privacy__fedavg__clients-7__seed-42__nm0p0175__clip5__rounds-20__epochs-5__cifar10_dirichlet__cifar10_cnn.round-18.pt
Round 19 checkpoint written to /content/metricdp-pytorch/results/dirichlet/cifar10/8_clients/alpha-3__metric-privacy__in-remove-out-remove__seeds-42__noise-0p0025/cifar10-out-remove__dirichlet__alpha-3__metric-privacy__fedavg__clients-7__seed-42__nm0p0175__clip5__rounds-20__epochs-5__cifar10_dirichlet__cifar10_cnn.round-19.pt
Round 20 checkpoint written to /content/metricdp-pytorch/results/dirichlet/cifar10/8_clients/alpha-3__metric-privacy__in-remove-out-remove__seeds-42__noise-0p0025/cifar10-out-remove__dirichlet__alpha-3__metric-privacy__fedavg__clients-7__seed-42__nm0p0175__clip5__rounds-20__epochs-5__cifar10_dirichlet__cifar10_cnn.round-20.pt
Experiment result written to /content/metricdp-pytorch/results/dirichlet/cifar10/8_clients/alpha-3__metric-privacy__in-remove-out-remove__seeds-42__noise-0p0025/cifar10-out-remove__dirichlet__alpha-3__metric-privacy__fedavg__clients-7__seed-42__nm0p0175__clip5__rounds-20__epochs-5__cifar10_dirichlet__cifar10_cnn.json
Detailed evaluation written to /content/metricdp-pytorch/results/dirichlet/cifar10/8_clients/alpha-3__metric-privacy__in-remove-out-remove__seeds-42__noise-0p0025/cifar10-out-remove__dirichlet__alpha-3__metric-privacy__fedavg__clients-7__seed-42__nm0p0175__clip5__rounds-20__epochs-5__cifar10_dirichlet__cifar10_cnn.evaluation.json and /content/metricdp-pytorch/results/dirichlet/cifar10/8_clients/alpha-3__metric-privacy__in-remove-out-remove__seeds-42__noise-0p0025/cifar10-out-remove__dirichlet__alpha-3__metric-privacy__fedavg__clients-7__seed-42__nm0p0175__clip5__rounds-20__epochs-5__cifar10_dirichlet__cifar10_cnn.predictions.npz
Result: /content/metricdp-pytorch/results/dirichlet/cifar10/8_clients/alpha-3__metric-privacy__in-remove-out-remove__seeds-42__noise-0p0025/cifar10-out-remove__dirichlet__alpha-3__metric-privacy__fedavg__clients-7__seed-42__nm0p0175__clip5__rounds-20__epochs-5__cifar10_dirichlet__cifar10_cnn.json
Final server metrics: {'loss': 1.0800023685455322, 'accuracy': 0.7172, 'f1': 0.7156619821750984, 'precision': 0.7151814867378286, 'auc': 0.9579468933333333, 'diverged': 0.0}
2026-08-20 13:35:17 DONE  cifar10-out-remove__dirichlet__alpha-3__metric-privacy__fedavg__clients-7__seed-42__nm0p0175__clip5__rounds-20__epochs-5__cifar10_dirichlet__cifar10_cnn (573.3s)
2026-08-20 13:35:25 EVALUATED cifar10-out-remove__dirichlet__alpha-3__metric-privacy__fedavg__clients-7__seed-42__nm0p0175__clip5__rounds-20__epochs-5__cifar10_dirichlet__cifar10_cnn round=1 (checkpoint deleted)
2026-08-20 13:35:33 EVALUATED cifar10-out-remove__dirichlet__alpha-3__metric-privacy__fedavg__clients-7__seed-42__nm0p0175__clip5__rounds-20__epochs-5__cifar10_dirichlet__cifar10_cnn round=2 (checkpoint deleted)
2026-08-20 13:35:41 EVALUATED cifar10-out-remove__dirichlet__alpha-3__metric-privacy__fedavg__clients-7__seed-42__nm0p0175__clip5__rounds-20__epochs-5__cifar10_dirichlet__cifar10_cnn round=3 (checkpoint deleted)
2026-08-20 13:35:49 EVALUATED cifar10-out-remove__dirichlet__alpha-3__metric-privacy__fedavg__clients-7__seed-42__nm0p0175__clip5__rounds-20__epochs-5__cifar10_dirichlet__cifar10_cnn round=4 (checkpoint deleted)
2026-08-20 13:35:57 EVALUATED cifar10-out-remove__dirichlet__alpha-3__metric-privacy__fedavg__clients-7__seed-42__nm0p0175__clip5__rounds-20__epochs-5__cifar10_dirichlet__cifar10_cnn round=5 (checkpoint deleted)
2026-08-20 13:36:05 EVALUATED cifar10-out-remove__dirichlet__alpha-3__metric-privacy__fedavg__clients-7__seed-42__nm0p0175__clip5__rounds-20__epochs-5__cifar10_dirichlet__cifar10_cnn round=6 (checkpoint deleted)
2026-08-20 13:36:13 EVALUATED cifar10-out-remove__dirichlet__alpha-3__metric-privacy__fedavg__clients-7__seed-42__nm0p0175__clip5__rounds-20__epochs-5__cifar10_dirichlet__cifar10_cnn round=7 (checkpoint deleted)
2026-08-20 13:36:21 EVALUATED cifar10-out-remove__dirichlet__alpha-3__metric-privacy__fedavg__clients-7__seed-42__nm0p0175__clip5__rounds-20__epochs-5__cifar10_dirichlet__cifar10_cnn round=8 (checkpoint deleted)
2026-08-20 13:36:29 EVALUATED cifar10-out-remove__dirichlet__alpha-3__metric-privacy__fedavg__clients-7__seed-42__nm0p0175__clip5__rounds-20__epochs-5__cifar10_dirichlet__cifar10_cnn round=9 (checkpoint deleted)
2026-08-20 13:36:37 EVALUATED cifar10-out-remove__dirichlet__alpha-3__metric-privacy__fedavg__clients-7__seed-42__nm0p0175__clip5__rounds-20__epochs-5__cifar10_dirichlet__cifar10_cnn round=10 (checkpoint deleted)
2026-08-20 13:36:45 EVALUATED cifar10-out-remove__dirichlet__alpha-3__metric-privacy__fedavg__clients-7__seed-42__nm0p0175__clip5__rounds-20__epochs-5__cifar10_dirichlet__cifar10_cnn round=11 (checkpoint deleted)
2026-08-20 13:36:53 EVALUATED cifar10-out-remove__dirichlet__alpha-3__metric-privacy__fedavg__clients-7__seed-42__nm0p0175__clip5__rounds-20__epochs-5__cifar10_dirichlet__cifar10_cnn round=12 (checkpoint deleted)
2026-08-20 13:37:01 EVALUATED cifar10-out-remove__dirichlet__alpha-3__metric-privacy__fedavg__clients-7__seed-42__nm0p0175__clip5__rounds-20__epochs-5__cifar10_dirichlet__cifar10_cnn round=13 (checkpoint deleted)
2026-08-20 13:37:09 EVALUATED cifar10-out-remove__dirichlet__alpha-3__metric-privacy__fedavg__clients-7__seed-42__nm0p0175__clip5__rounds-20__epochs-5__cifar10_dirichlet__cifar10_cnn round=14 (checkpoint deleted)
2026-08-20 13:37:17 EVALUATED cifar10-out-remove__dirichlet__alpha-3__metric-privacy__fedavg__clients-7__seed-42__nm0p0175__clip5__rounds-20__epochs-5__cifar10_dirichlet__cifar10_cnn round=15 (checkpoint deleted)
2026-08-20 13:37:25 EVALUATED cifar10-out-remove__dirichlet__alpha-3__metric-privacy__fedavg__clients-7__seed-42__nm0p0175__clip5__rounds-20__epochs-5__cifar10_dirichlet__cifar10_cnn round=16 (checkpoint deleted)
2026-08-20 13:37:33 EVALUATED cifar10-out-remove__dirichlet__alpha-3__metric-privacy__fedavg__clients-7__seed-42__nm0p0175__clip5__rounds-20__epochs-5__cifar10_dirichlet__cifar10_cnn round=17 (checkpoint deleted)
2026-08-20 13:37:41 EVALUATED cifar10-out-remove__dirichlet__alpha-3__metric-privacy__fedavg__clients-7__seed-42__nm0p0175__clip5__rounds-20__epochs-5__cifar10_dirichlet__cifar10_cnn round=18 (checkpoint deleted)
2026-08-20 13:37:49 EVALUATED cifar10-out-remove__dirichlet__alpha-3__metric-privacy__fedavg__clients-7__seed-42__nm0p0175__clip5__rounds-20__epochs-5__cifar10_dirichlet__cifar10_cnn round=19 (checkpoint deleted)
2026-08-20 13:37:57 EVALUATED cifar10-out-remove__dirichlet__alpha-3__metric-privacy__fedavg__clients-7__seed-42__nm0p0175__clip5__rounds-20__epochs-5__cifar10_dirichlet__cifar10_cnn round=20 (checkpoint deleted)
2026-08-20 13:37:57 PROGRESS 2/2 (0 failed so far)
2026-08-20 13:37:57 Sweep finished: 2/2 attempted, 0 failed
round= 1 dirichlet    metric-privacy  clients= 8 agg=2.302 clean_diff=-0.256% noisy_diff=-0.247%
round= 2 dirichlet    metric-privacy  clients= 8 agg=2.226 clean_diff=-0.413% noisy_diff=0.525%
round= 3 dirichlet    metric-privacy  clients= 8 agg=1.975 clean_diff=-0.316% noisy_diff=5.913%
round= 4 dirichlet    metric-privacy  clients= 8 agg=1.665 clean_diff=0.408% noisy_diff=16.385%
round= 5 dirichlet    metric-privacy  clients= 8 agg=1.413 clean_diff=-1.065% noisy_diff=28.092%
round= 6 dirichlet    metric-privacy  clients= 8 agg=1.211 clean_diff=-0.956% noisy_diff=40.525%
round= 7 dirichlet    metric-privacy  clients= 8 agg=1.083 clean_diff=-0.920% noisy_diff=53.030%
round= 8 dirichlet    metric-privacy  clients= 8 agg=1.004 clean_diff=-2.544% noisy_diff=60.155%
round= 9 dirichlet    metric-privacy  clients= 8 agg=0.960 clean_diff=-6.100% noisy_diff=65.557%
round=10 dirichlet    metric-privacy  clients= 8 agg=0.928 clean_diff=-9.220% noisy_diff=68.886%
round=11 dirichlet    metric-privacy  clients= 8 agg=0.921 clean_diff=-16.312% noisy_diff=69.396%
round=12 dirichlet    metric-privacy  clients= 8 agg=0.929 clean_diff=-22.373% noisy_diff=69.532%
round=13 dirichlet    metric-privacy  clients= 8 agg=0.938 clean_diff=-31.189% noisy_diff=69.992%
round=14 dirichlet    metric-privacy  clients= 8 agg=0.947 clean_diff=-42.861% noisy_diff=69.321%
round=15 dirichlet    metric-privacy  clients= 8 agg=0.981 clean_diff=-48.041% noisy_diff=69.483%
round=16 dirichlet    metric-privacy  clients= 8 agg=0.993 clean_diff=-54.824% noisy_diff=69.256%
round=17 dirichlet    metric-privacy  clients= 8 agg=1.008 clean_diff=-68.769% noisy_diff=67.394%
round=18 dirichlet    metric-privacy  clients= 8 agg=1.023 clean_diff=-86.432% noisy_diff=69.297%
round=19 dirichlet    metric-privacy  clients= 8 agg=1.058 clean_diff=-95.985% noisy_diff=70.927%
round=20 dirichlet    metric-privacy  clients= 8 agg=1.084 clean_diff=-117.607% noisy_diff=72.536%
round= 1 dirichlet    metric-privacy  clients= 7 agg=2.300 clean_diff=-0.050% noisy_diff=-0.063%
round= 2 dirichlet    metric-privacy  clients= 7 agg=2.219 clean_diff=-0.098% noisy_diff=0.307%
round= 3 dirichlet    metric-privacy  clients= 7 agg=1.978 clean_diff=0.269% noisy_diff=4.558%
round= 4 dirichlet    metric-privacy  clients= 7 agg=1.668 clean_diff=2.039% noisy_diff=13.904%
round= 5 dirichlet    metric-privacy  clients= 7 agg=1.389 clean_diff=2.992% noisy_diff=29.147%
round= 6 dirichlet    metric-privacy  clients= 7 agg=1.169 clean_diff=5.627% noisy_diff=44.270%
round= 7 dirichlet    metric-privacy  clients= 7 agg=1.061 clean_diff=6.658% noisy_diff=52.395%
round= 8 dirichlet    metric-privacy  clients= 7 agg=0.995 clean_diff=8.127% noisy_diff=58.984%
round= 9 dirichlet    metric-privacy  clients= 7 agg=0.957 clean_diff=9.660% noisy_diff=65.825%
round=10 dirichlet    metric-privacy  clients= 7 agg=0.933 clean_diff=12.389% noisy_diff=70.485%
round=11 dirichlet    metric-privacy  clients= 7 agg=0.935 clean_diff=12.090% noisy_diff=70.650%
round=12 dirichlet    metric-privacy  clients= 7 agg=0.948 clean_diff=11.431% noisy_diff=70.218%
round=13 dirichlet    metric-privacy  clients= 7 agg=0.951 clean_diff=10.248% noisy_diff=68.705%
round=14 dirichlet    metric-privacy  clients= 7 agg=0.953 clean_diff=10.557% noisy_diff=69.192%
round=15 dirichlet    metric-privacy  clients= 7 agg=1.000 clean_diff=8.065% noisy_diff=66.630%
round=16 dirichlet    metric-privacy  clients= 7 agg=0.998 clean_diff=11.001% noisy_diff=68.295%
round=17 dirichlet    metric-privacy  clients= 7 agg=1.007 clean_diff=9.913% noisy_diff=66.100%
round=18 dirichlet    metric-privacy  clients= 7 agg=1.029 clean_diff=11.595% noisy_diff=67.052%
round=19 dirichlet    metric-privacy  clients= 7 agg=1.065 clean_diff=15.208% noisy_diff=70.150%
round=20 dirichlet    metric-privacy  clients= 7 agg=1.080 clean_diff=13.617% noisy_diff=70.948%
