{
  "metadata": {
    "run_name": "main__homogeneous__vanilla__fedavg__seed-42__noise-0.01",
    "data_module": "experiments.reproduce.dataset.alzheimer:create_data_module",
    "partition_mode": "homogeneous",
    "partition_profile": "auto",
    "privacy": "vanilla",
    "aggregation": "fedavg",
    "seed": 42,
    "num_clients": 4,
    "rounds": 20,
    "local_epochs": 5,
    "noise_multiplier": 0.01,
    "clipping_norm": 5.0,
    "initialization_pretrained": false,
    "initialization_epochs": 0,
    "initialization_final_loss": null
  },
  "train_metrics": {
    "1": {
      "train_loss": 0.9716558745130897,
      "train_loss_mean": 1.0314146493561565
    },
    "2": {
      "train_loss": 0.8672378943301737,
      "train_loss_mean": 0.9279078672640027
    },
    "3": {
      "train_loss": 0.6973393741063774,
      "train_loss_mean": 0.8007100590504705
    },
    "4": {
      "train_loss": 0.40502767474390566,
      "train_loss_mean": 0.577019722526893
    },
    "5": {
      "train_loss": 0.18130456696962938,
      "train_loss_mean": 0.32333829210838305
    },
    "6": {
      "train_loss": 0.10070856586389709,
      "train_loss_mean": 0.1735656846969505
    },
    "7": {
      "train_loss": 0.04900832541898126,
      "train_loss_mean": 0.11774944155367847
    },
    "8": {
      "train_loss": 0.043525922623302904,
      "train_loss_mean": 0.08421176953997928
    },
    "9": {
      "train_loss": 0.03355376668150711,
      "train_loss_mean": 0.06039104958172175
    },
    "10": {
      "train_loss": 0.023002490522685548,
      "train_loss_mean": 0.043920984809483345
    },
    "11": {
      "train_loss": 0.018240129947741934,
      "train_loss_mean": 0.036683448717008106
    },
    "12": {
      "train_loss": 0.022385360389222342,
      "train_loss_mean": 0.030719120069068143
    },
    "13": {
      "train_loss": 0.03838928612321979,
      "train_loss_mean": 0.030483835481311415
    },
    "14": {
      "train_loss": 0.015386721651680091,
      "train_loss_mean": 0.023036902440544793
    },
    "15": {
      "train_loss": 0.01928884355228888,
      "train_loss_mean": 0.02756462960092563
    },
    "16": {
      "train_loss": 0.019849860061583513,
      "train_loss_mean": 0.023577289857233064
    },
    "17": {
      "train_loss": 0.01606924859665071,
      "train_loss_mean": 0.021800974758030733
    },
    "18": {
      "train_loss": 0.03350234762518767,
      "train_loss_mean": 0.022132822715236734
    },
    "19": {
      "train_loss": 0.023013967742430808,
      "train_loss_mean": 0.016010622605704673
    },
    "20": {
      "train_loss": 0.021054486447809495,
      "train_loss_mean": 0.02295581962909041
    }
  },
  "client_evaluate_metrics": {
    "1": {
      "eval_loss": 1.039324127137661,
      "eval_acc": 0.5009765625
    },
    "2": {
      "eval_loss": 0.9071546364575624,
      "eval_acc": 0.556640625
    },
    "3": {
      "eval_loss": 0.7561926227062941,
      "eval_acc": 0.6552734375
    },
    "4": {
      "eval_loss": 0.562785810790956,
      "eval_acc": 0.7568359375
    },
    "5": {
      "eval_loss": 0.38692942913621664,
      "eval_acc": 0.833984375
    },
    "6": {
      "eval_loss": 0.2913822550326586,
      "eval_acc": 0.890625
    },
    "7": {
      "eval_loss": 0.29370233486406505,
      "eval_acc": 0.9033203125
    },
    "8": {
      "eval_loss": 0.22047856834251434,
      "eval_acc": 0.931640625
    },
    "9": {
      "eval_loss": 0.17500617081532255,
      "eval_acc": 0.943359375
    },
    "10": {
      "eval_loss": 0.17365673245149083,
      "eval_acc": 0.9482421875
    },
    "11": {
      "eval_loss": 0.1540622535321745,
      "eval_acc": 0.9619140625
    },
    "12": {
      "eval_loss": 0.14653101164731197,
      "eval_acc": 0.9599609375
    },
    "13": {
      "eval_loss": 0.17733439028233988,
      "eval_acc": 0.9599609375
    },
    "14": {
      "eval_loss": 0.1874657680236851,
      "eval_acc": 0.9609375
    },
    "15": {
      "eval_loss": 0.135687716116081,
      "eval_acc": 0.9599609375
    },
    "16": {
      "eval_loss": 0.16421436626114883,
      "eval_acc": 0.95703125
    },
    "17": {
      "eval_loss": 0.12219778708094964,
      "eval_acc": 0.96875
    },
    "18": {
      "eval_loss": 0.11788990535023913,
      "eval_acc": 0.966796875
    },
    "19": {
      "eval_loss": 0.1305407183463103,
      "eval_acc": 0.9677734375
    },
    "20": {
      "eval_loss": 0.13491962780790345,
      "eval_acc": 0.962890625
    }
  },
  "server_evaluate_metrics": {
    "0": {
      "loss": 1.4405660927295685,
      "accuracy": 0.0109375
    },
    "1": {
      "loss": 1.0304274320602418,
      "accuracy": 0.5
    },
    "2": {
      "loss": 0.9052578508853912,
      "accuracy": 0.5859375
    },
    "3": {
      "loss": 0.7886361867189408,
      "accuracy": 0.6359375
    },
    "4": {
      "loss": 0.6107221931219101,
      "accuracy": 0.7515625
    },
    "5": {
      "loss": 0.49911353290081023,
      "accuracy": 0.815625
    },
    "6": {
      "loss": 0.42197254970669745,
      "accuracy": 0.8609375
    },
    "7": {
      "loss": 0.4200087707489729,
      "accuracy": 0.88125
    },
    "8": {
      "loss": 0.3437484957277775,
      "accuracy": 0.915625
    },
    "9": {
      "loss": 0.2993923494592309,
      "accuracy": 0.9328125
    },
    "10": {
      "loss": 0.28967385943979024,
      "accuracy": 0.946875
    },
    "11": {
      "loss": 0.2867817877791822,
      "accuracy": 0.9453125
    },
    "12": {
      "loss": 0.2760380203835666,
      "accuracy": 0.946875
    },
    "13": {
      "loss": 0.26035324765834955,
      "accuracy": 0.9453125
    },
    "14": {
      "loss": 0.2892013025237247,
      "accuracy": 0.9546875
    },
    "15": {
      "loss": 0.23682777408976108,
      "accuracy": 0.95
    },
    "16": {
      "loss": 0.2882755365455523,
      "accuracy": 0.95
    },
    "17": {
      "loss": 0.25422566318884493,
      "accuracy": 0.95
    },
    "18": {
      "loss": 0.22150014179642313,
      "accuracy": 0.9515625
    },
    "19": {
      "loss": 0.2523948222282343,
      "accuracy": 0.959375
    },
    "20": {
      "loss": 0.25081123842974196,
      "accuracy": 0.9609375
    }
  }
}
