2026-08-05 16:57:28 Starting full chunk: 2 trajectories
2026-08-05 16:57:28 START cifar-full-in-replace__non-iid__global-dp__fedavg__clients-3__seed-44__nm0p01875__clip5__rounds-20__epochs-5__cifar_chunks__cifar10_cnn 
{
  "partition-mode": "non-iid",
  "partition-profile": "auto",
  "client-weights": "",
  "data-module": "experiments.cia.scripts.cifar_chunks:create_cifar_in_replace",
  "model-module": "experiments.reproduce.cifar10_cnn:create_model",
  "data-cache-dir": "",
  "privacy": "global-dp",
  "aggregation": "fedavg",
  "seed": 44,
  "num-server-rounds": 20,
  "num-clients": 3,
  "fraction-evaluate": 1.0,
  "local-epochs": 5,
  "learning-rate": 0.001,
  "batch-size": 32,
  "initialization-batch-size": 32,
  "initialization-epochs": 20,
  "initialization-learning-rate": 0.001,
  "max-client-samples": 0,
  "max-test-samples": 0,
  "noise-multiplier": 0.018750000000000003,
  "clipping-norm": 5.0,
  "output-dir": "/content/metricdp-pytorch/results/planned_runs/cifar/full/in-replace/clients-3/seed-44/ratio-0p00625/runs",
  "run-name": "cifar-full-in-replace__non-iid__global-dp__fedavg__clients-3__seed-44__nm0p01875__clip5__rounds-20__epochs-5__cifar_chunks__cifar10_cnn",
  "checkpoint-rounds": [
    1,
    2,
    3,
    4,
    5,
    6,
    7,
    8,
    9,
    10,
    11,
    12,
    13,
    14,
    15,
    16,
    17,
    18,
    19,
    20
  ]
}
2026-08-05 16:57:33.347319: I tensorflow/core/util/port.cc:153] oneDNN custom operations are on. You may see slightly different numerical results due to floating-point round-off errors from different computation orders. To turn them off, set the environment variable `TF_ENABLE_ONEDNN_OPTS=0`.
2026-08-05 16:57:33.418068: I tensorflow/core/platform/cpu_feature_guard.cc:210] This TensorFlow binary is optimized to use available CPU instructions in performance-critical operations.
To enable the following instructions: AVX2 AVX512F AVX512_VNNI FMA, in other operations, rebuild TensorFlow with the appropriate compiler flags.
[93mWARNING [0m:   DEPRECATED FEATURE: The `run_simulation` function is deprecated and will be removed in a future version of Flower. Please use `flwr run` in the CLI instead to run your simulation. Refer to the Flower Tutorials for more details: https://flower.ai/docs/framework/tutorial-quickstart-pytorch.html

            This is a deprecated feature. It will be removed
            entirely in future versions of Flower.
        
Warning: You are sending unauthenticated requests to the HF Hub. Please set a HF_TOKEN to enable higher rate limits and faster downloads.
Generating train split:   0%|          | 0/50000 [00:00<?, ? examples/s]Generating train split:  28%|██▊       | 14200/50000 [00:00<00:00, 128103.13 examples/s]Generating train split:  85%|████████▌ | 42600/50000 [00:00<00:00, 197032.77 examples/s]Generating train split: 100%|██████████| 50000/50000 [00:00<00:00, 193005.20 examples/s]
Generating test split:   0%|          | 0/10000 [00:00<?, ? examples/s]Generating test split: 100%|██████████| 10000/10000 [00:00<00:00, 222371.47 examples/s]
Filtering CIFAR-10 to four classes:   0%|          | 0/50000 [00:00<?, ? examples/s]Filtering CIFAR-10 to four classes:  76%|███████▌  | 38000/50000 [00:01<00:00, 21176.81 examples/s]/usr/local/lib/python3.12/dist-packages/ray/_private/worker.py:2051: FutureWarning: Tip: In future versions of Ray, Ray will no longer override accelerator visible devices env var if num_gpus=0 or num_gpus=None (default). To enable this behavior and turn off this error message, set RAY_ACCEL_ENV_VAR_OVERRIDE_ON_ZERO=0
  warnings.warn(
Filtering CIFAR-10 to four classes: 100%|██████████| 50000/50000 [00:01<00:00, 26976.43 examples/s]
Filtering CIFAR-10 to four classes:   0%|          | 0/10000 [00:00<?, ? examples/s]Filtering CIFAR-10 to four classes: 100%|██████████| 10000/10000 [00:00<00:00, 571119.83 examples/s]
[92mINFO [0m:      Starting LoggedGlobalDPServerSideFixedClipping strategy:
[92mINFO [0m:      	├── Number of rounds: 20
[92mINFO [0m:      	├── ArrayRecord (0.87 MB)
[92mINFO [0m:      	├── ConfigRecord (train): {'lr': 0.001}
[92mINFO [0m:      	├── ConfigRecord (evaluate): (empty!)
[92mINFO [0m:      	├──> DP settings:
[92mINFO [0m:      	│	├── Noise multiplier: 0.018750000000000003
[92mINFO [0m:      	│	└── Clipping norm: 5.0
[92mINFO [0m:      	├──> Sampling:
[92mINFO [0m:      	│	├──Fraction: train (1.00) | evaluate ( 1.00)
[92mINFO [0m:      	│	├──Minimum nodes: train (3) | evaluate (3)
[92mINFO [0m:      	│	└──Minimum available nodes: 3
[92mINFO [0m:      	└──> Keys in records:
[92mINFO [0m:      		├── Weighted by: 'num-examples'
[92mINFO [0m:      		├── ArrayRecord key: 'arrays'
[92mINFO [0m:      		└── ConfigRecord key: 'config'
[92mINFO [0m:      
/usr/lib/python3.12/multiprocessing/popen_fork.py:66: DeprecationWarning: This process (pid=2101) is multi-threaded, use of fork() may lead to deadlocks in the child.
  self.pid = os.fork()
[92mINFO [0m:      Initial global evaluation results: {'loss': 1.3892939643859863, 'accuracy': 0.25, 'f1': 0.1, 'precision': 0.0625, 'auc': 0.48708850000000004}
[92mINFO [0m:      
[92mINFO [0m:      [ROUND 1/20]
[92mINFO [0m:      configure_train: Sampled 3 nodes (out of 3)
[36m(ClientAppActor pid=2685)[0m Using the latest cached version of the dataset since uoft-cs/cifar10 couldn't be found on the Hugging Face Hub (offline mode is enabled).
[36m(ClientAppActor pid=2685)[0m Found the latest cached dataset configuration 'plain_text' at /root/.cache/huggingface/datasets/uoft-cs___cifar10/plain_text/0.0.0/0b2714987fa478483af9968de7c934580d0bb9a2 (last modified on Wed Aug  5 16:57:50 2026).
[36m(ClientAppActor pid=2685)[0m /usr/lib/python3.12/multiprocessing/popen_fork.py:66: DeprecationWarning: This process (pid=2685) is multi-threaded, use of fork() may lead to deadlocks in the child.
[36m(ClientAppActor pid=2685)[0m   self.pid = os.fork()
[92mINFO [0m:      aggregate_train: Received 3 results and 0 failures
[92mINFO [0m:      aggregate_fit: parameters are clipped by value: 5.0000.
[92mINFO [0m:      aggregate_fit: parameters are clipped by value: 5.0000.
[92mINFO [0m:      aggregate_fit: parameters are clipped by value: 5.0000.
[92mINFO [0m:      aggregate_train: Received 3 results and 0 failures
[92mINFO [0m:      aggregate_fit: central DP noise with 0.0313 stdev added
[92mINFO [0m:      	└──> Aggregated MetricRecord: {'train_loss': 0.8134808927774428, 'train_loss_mean': 0.980878584742546, 'client-ids': [0, 1, 2], 'per-client-num-examples': [3200, 1600, 4800], 'per-client-train_loss': [0.8396023309230805, 0.974659264087677, 0.7423404769102733], 'per-client-train_loss_mean': [0.999634384393692, 1.1199955313205718, 0.9220024027824401], 'dp-client-ids': [0, 1, 2], 'dp-update-norms-before-clipping': [8.248728620820163, 6.194713890406934, 9.94951032805499], 'dp-client-clipped': [1, 1, 1], 'dp-num-clients-clipped': 3, 'dp-fraction-clipped': 1.0, 'dp-signal-update-norm': 3.389540853954305, 'dp-parameter-count': 226596, 'dp-expected-noise-l2-norm': 14.875656498117994, 'dp-noise-to-signal-ratio': 4.388693672408096, 'dp-noise-percent-of-signal': 438.86936724080965, 'global-dp-noise-stdv': 0.03125000000000001}
[92mINFO [0m:      configure_evaluate: Sampled 3 nodes (out of 3)
[92mINFO [0m:      aggregate_evaluate: Received 3 results and 0 failures
[92mINFO [0m:      	└──> Aggregated MetricRecord: {'eval_loss': 1.3711115233103435, 'eval_acc': 0.24958333333333332, 'client-ids': [0, 1, 2], 'per-client-eval_acc': [0.2575, 0.255, 0.2425], 'per-client-eval_loss': [1.3700346612930299, 1.3691749572753906, 1.3724749533335368], 'per-client-num-examples': [800, 400, 1200]}
[92mINFO [0m:      Global evaluation
[92mINFO [0m:      	└──> MetricRecord: {'loss': 1.3703809719085693, 'accuracy': 0.25, 'f1': 0.10004001600640255, 'precision': 0.06253126563281641, 'auc': 0.6138635833333334}
[92mINFO [0m:      
[92mINFO [0m:      [ROUND 2/20]
[92mINFO [0m:      configure_train: Sampled 3 nodes (out of 3)
[36m(ClientAppActor pid=2684)[0m Using the latest cached version of the dataset since uoft-cs/cifar10 couldn't be found on the Hugging Face Hub (offline mode is enabled).[32m [repeated 2x across cluster] (Ray deduplicates logs by default. Set RAY_DEDUP_LOGS=0 to disable log deduplication, or see https://docs.ray.io/en/master/ray-observability/user-guides/configure-logging.html#log-deduplication for more options.)[0m
[36m(ClientAppActor pid=2684)[0m Found the latest cached dataset configuration 'plain_text' at /root/.cache/huggingface/datasets/uoft-cs___cifar10/plain_text/0.0.0/0b2714987fa478483af9968de7c934580d0bb9a2 (last modified on Wed Aug  5 16:57:50 2026).[32m [repeated 2x across cluster][0m
[36m(ClientAppActor pid=2685)[0m /usr/lib/python3.12/multiprocessing/popen_fork.py:66: DeprecationWarning: This process (pid=2685) is multi-threaded, use of fork() may lead to deadlocks in the child.[32m [repeated 3x across cluster][0m
[36m(ClientAppActor pid=2685)[0m   self.pid = os.fork()[32m [repeated 3x across cluster][0m
[92mINFO [0m:      aggregate_train: Received 3 results and 0 failures
[92mINFO [0m:      aggregate_fit: parameters are clipped by value: 5.0000.
[92mINFO [0m:      aggregate_fit: parameters are clipped by value: 5.0000.
[92mINFO [0m:      aggregate_fit: parameters are clipped by value: 5.0000.
[92mINFO [0m:      aggregate_train: Received 3 results and 0 failures
[92mINFO [0m:      aggregate_fit: central DP noise with 0.0313 stdev added
[92mINFO [0m:      	└──> Aggregated MetricRecord: {'train_loss': 0.6659769200285276, 'train_loss_mean': 0.8018791712721188, 'client-ids': [0, 1, 2], 'per-client-num-examples': [3200, 1600, 4800], 'per-client-train_loss': [0.7156508052349091, 0.734620463848114, 0.6099798152844111], 'per-client-train_loss_mean': [0.8206493129730225, 0.8876124563217163, 0.7607879817883173], 'dp-client-ids': [0, 1, 2], 'dp-update-norms-before-clipping': [9.201050198459203, 6.6767095738759865, 12.095243985318511], 'dp-client-clipped': [1, 1, 1], 'dp-num-clients-clipped': 3, 'dp-fraction-clipped': 1.0, 'dp-signal-update-norm': 3.890726067712357, 'dp-parameter-count': 226596, 'dp-expected-noise-l2-norm': 14.875656498117994, 'dp-noise-to-signal-ratio': 3.8233625907424735, 'dp-noise-percent-of-signal': 382.3362590742474, 'global-dp-noise-stdv': 0.03125000000000001}
[92mINFO [0m:      configure_evaluate: Sampled 3 nodes (out of 3)
[92mINFO [0m:      aggregate_evaluate: Received 3 results and 0 failures
[92mINFO [0m:      	└──> Aggregated MetricRecord: {'eval_loss': 1.1318309823671977, 'eval_acc': 0.5975, 'client-ids': [0, 1, 2], 'per-client-eval_acc': [0.61875, 0.5825, 0.5883333333333334], 'per-client-eval_loss': [1.1322663879394532, 1.1389085006713868, 1.129181539217631], 'per-client-num-examples': [800, 400, 1200]}
[92mINFO [0m:      Global evaluation
[92mINFO [0m:      	└──> MetricRecord: {'loss': 1.1165994081497193, 'accuracy': 0.62, 'f1': 0.598316402343866, 'precision': 0.6656488001909128, 'auc': 0.8613062916666667}
[92mINFO [0m:      
[92mINFO [0m:      [ROUND 3/20]
[92mINFO [0m:      configure_train: Sampled 3 nodes (out of 3)
[36m(ClientAppActor pid=2685)[0m /usr/lib/python3.12/multiprocessing/popen_fork.py:66: DeprecationWarning: This process (pid=2685) is multi-threaded, use of fork() may lead to deadlocks in the child.[32m [repeated 3x across cluster][0m
[36m(ClientAppActor pid=2685)[0m   self.pid = os.fork()[32m [repeated 3x across cluster][0m
[92mINFO [0m:      aggregate_train: Received 3 results and 0 failures
[92mINFO [0m:      aggregate_fit: parameters are clipped by value: 5.0000.
[92mINFO [0m:      aggregate_fit: parameters are clipped by value: 5.0000.
[92mINFO [0m:      aggregate_fit: parameters are clipped by value: 5.0000.
[92mINFO [0m:      aggregate_train: Received 3 results and 0 failures
[92mINFO [0m:      aggregate_fit: central DP noise with 0.0313 stdev added
[92mINFO [0m:      	└──> Aggregated MetricRecord: {'train_loss': 0.5317812004188696, 'train_loss_mean': 0.6478914287587008, 'client-ids': [0, 1, 2], 'per-client-num-examples': [3200, 1600, 4800], 'per-client-train_loss': [0.5558241857588291, 0.557633370757103, 0.5071351534128189], 'per-client-train_loss_mean': [0.6654524063766003, 0.6841505454778671, 0.6240977381070455], 'dp-client-ids': [0, 1, 2], 'dp-update-norms-before-clipping': [9.842902719030954, 6.591796148304442, 12.101215451700545], 'dp-client-clipped': [1, 1, 1], 'dp-num-clients-clipped': 3, 'dp-fraction-clipped': 1.0, 'dp-signal-update-norm': 3.7224538577082464, 'dp-parameter-count': 226596, 'dp-expected-noise-l2-norm': 14.875656498117994, 'dp-noise-to-signal-ratio': 3.9961963443319326, 'dp-noise-percent-of-signal': 399.61963443319326, 'global-dp-noise-stdv': 0.03125000000000001}
[92mINFO [0m:      configure_evaluate: Sampled 3 nodes (out of 3)
[92mINFO [0m:      aggregate_evaluate: Received 3 results and 0 failures
[92mINFO [0m:      	└──> Aggregated MetricRecord: {'eval_loss': 0.9316396180788675, 'eval_acc': 0.6045833333333334, 'client-ids': [0, 1, 2], 'per-client-eval_acc': [0.6075, 0.575, 0.6125], 'per-client-eval_loss': [0.9377897882461548, 0.9391723251342774, 0.9250286022822062], 'per-client-num-examples': [800, 400, 1200]}
[92mINFO [0m:      Global evaluation
[92mINFO [0m:      	└──> MetricRecord: {'loss': 0.9005922727584839, 'accuracy': 0.6315, 'f1': 0.611468060931055, 'precision': 0.6942901027263927, 'auc': 0.8703948333333333}
[92mINFO [0m:      
[92mINFO [0m:      [ROUND 4/20]
[92mINFO [0m:      configure_train: Sampled 3 nodes (out of 3)
[36m(ClientAppActor pid=2685)[0m /usr/lib/python3.12/multiprocessing/popen_fork.py:66: DeprecationWarning: This process (pid=2685) is multi-threaded, use of fork() may lead to deadlocks in the child.[32m [repeated 3x across cluster][0m
[36m(ClientAppActor pid=2685)[0m   self.pid = os.fork()[32m [repeated 3x across cluster][0m
[92mINFO [0m:      aggregate_train: Received 3 results and 0 failures
[92mINFO [0m:      aggregate_fit: parameters are clipped by value: 5.0000.
[92mINFO [0m:      aggregate_fit: parameters are clipped by value: 5.0000.
[92mINFO [0m:      aggregate_fit: parameters are clipped by value: 5.0000.
[92mINFO [0m:      aggregate_train: Received 3 results and 0 failures
[92mINFO [0m:      aggregate_fit: central DP noise with 0.0313 stdev added
[92mINFO [0m:      	└──> Aggregated MetricRecord: {'train_loss': 0.4227927531798681, 'train_loss_mean': 0.5575206329325835, 'client-ids': [0, 1, 2], 'per-client-num-examples': [3200, 1600, 4800], 'per-client-train_loss': [0.440707136541605, 0.45984322965145114, 0.3984996721148491], 'per-client-train_loss_mean': [0.5820717853307724, 0.5852171651124954, 0.5319210206071536], 'dp-client-ids': [0, 1, 2], 'dp-update-norms-before-clipping': [10.096087450328074, 6.810675089641737, 12.228322001773867], 'dp-client-clipped': [1, 1, 1], 'dp-num-clients-clipped': 3, 'dp-fraction-clipped': 1.0, 'dp-signal-update-norm': 3.5282805498642036, 'dp-parameter-count': 226596, 'dp-expected-noise-l2-norm': 14.875656498117994, 'dp-noise-to-signal-ratio': 4.2161206536397815, 'dp-noise-percent-of-signal': 421.61206536397816, 'global-dp-noise-stdv': 0.03125000000000001}
[92mINFO [0m:      configure_evaluate: Sampled 3 nodes (out of 3)
[92mINFO [0m:      aggregate_evaluate: Received 3 results and 0 failures
[92mINFO [0m:      	└──> Aggregated MetricRecord: {'eval_loss': 0.9039227628707885, 'eval_acc': 0.6320833333333333, 'client-ids': [0, 1, 2], 'per-client-eval_acc': [0.62, 0.635, 0.6391666666666667], 'per-client-eval_loss': [0.9140280508995056, 0.8903017091751099, 0.9017262554168701], 'per-client-num-examples': [800, 400, 1200]}
[92mINFO [0m:      Global evaluation
[92mINFO [0m:      	└──> MetricRecord: {'loss': 0.8963116931915284, 'accuracy': 0.6285, 'f1': 0.6097733684334162, 'precision': 0.6437515685401786, 'auc': 0.8601935000000002}
[92mINFO [0m:      
[92mINFO [0m:      [ROUND 5/20]
[92mINFO [0m:      configure_train: Sampled 3 nodes (out of 3)
[36m(ClientAppActor pid=2685)[0m /usr/lib/python3.12/multiprocessing/popen_fork.py:66: DeprecationWarning: This process (pid=2685) is multi-threaded, use of fork() may lead to deadlocks in the child.[32m [repeated 3x across cluster][0m
[36m(ClientAppActor pid=2685)[0m   self.pid = os.fork()[32m [repeated 3x across cluster][0m
[92mINFO [0m:      aggregate_train: Received 3 results and 0 failures
[92mINFO [0m:      aggregate_fit: parameters are clipped by value: 5.0000.
[92mINFO [0m:      aggregate_fit: parameters are clipped by value: 5.0000.
[92mINFO [0m:      aggregate_fit: parameters are clipped by value: 5.0000.
[92mINFO [0m:      aggregate_train: Received 3 results and 0 failures
[92mINFO [0m:      aggregate_fit: central DP noise with 0.0313 stdev added
[92mINFO [0m:      	└──> Aggregated MetricRecord: {'train_loss': 0.3134840968251228, 'train_loss_mean': 0.4609326608131329, 'client-ids': [0, 1, 2], 'per-client-num-examples': [3200, 1600, 4800], 'per-client-train_loss': [0.342052913159132, 0.3340060943365097, 0.2875975534319878], 'per-client-train_loss_mean': [0.4824345461726189, 0.4906025221943855, 0.43670811677972476], 'dp-client-ids': [0, 1, 2], 'dp-update-norms-before-clipping': [10.084122788026773, 7.068797922631975, 12.205344181062673], 'dp-client-clipped': [1, 1, 1], 'dp-num-clients-clipped': 3, 'dp-fraction-clipped': 1.0, 'dp-signal-update-norm': 3.3747981792696455, 'dp-parameter-count': 226596, 'dp-expected-noise-l2-norm': 14.875656498117994, 'dp-noise-to-signal-ratio': 4.407865510149498, 'dp-noise-percent-of-signal': 440.78655101494985, 'global-dp-noise-stdv': 0.03125000000000001}
[92mINFO [0m:      configure_evaluate: Sampled 3 nodes (out of 3)
[92mINFO [0m:      aggregate_evaluate: Received 3 results and 0 failures
[92mINFO [0m:      	└──> Aggregated MetricRecord: {'eval_loss': 0.6959881579875946, 'eval_acc': 0.7241666666666666, 'client-ids': [0, 1, 2], 'per-client-eval_acc': [0.7, 0.715, 0.7433333333333333], 'per-client-eval_loss': [0.7233866655826569, 0.6923154735565186, 0.6789467144012451], 'per-client-num-examples': [800, 400, 1200]}
[92mINFO [0m:      Global evaluation
[92mINFO [0m:      	└──> MetricRecord: {'loss': 0.6838920893669128, 'accuracy': 0.7285, 'f1': 0.7254949750910064, 'precision': 0.7246944756577609, 'auc': 0.9203206666666667}
[92mINFO [0m:      
[92mINFO [0m:      [ROUND 6/20]
[92mINFO [0m:      configure_train: Sampled 3 nodes (out of 3)
[36m(ClientAppActor pid=2685)[0m /usr/lib/python3.12/multiprocessing/popen_fork.py:66: DeprecationWarning: This process (pid=2685) is multi-threaded, use of fork() may lead to deadlocks in the child.[32m [repeated 3x across cluster][0m
[36m(ClientAppActor pid=2685)[0m   self.pid = os.fork()[32m [repeated 3x across cluster][0m
[92mINFO [0m:      aggregate_train: Received 3 results and 0 failures
[92mINFO [0m:      aggregate_fit: parameters are clipped by value: 5.0000.
[92mINFO [0m:      aggregate_fit: parameters are clipped by value: 5.0000.
[92mINFO [0m:      aggregate_fit: parameters are clipped by value: 5.0000.
[92mINFO [0m:      aggregate_train: Received 3 results and 0 failures
[92mINFO [0m:      aggregate_fit: central DP noise with 0.0313 stdev added
[92mINFO [0m:      	└──> Aggregated MetricRecord: {'train_loss': 0.24174381076047818, 'train_loss_mean': 0.38357606128603217, 'client-ids': [0, 1, 2], 'per-client-num-examples': [3200, 1600, 4800], 'per-client-train_loss': [0.25749487705528734, 0.2779342657327652, 0.21917961490650972], 'per-client-train_loss_mean': [0.40249861587584024, 0.4201847806572914, 0.35875811843574046], 'dp-client-ids': [0, 1, 2], 'dp-update-norms-before-clipping': [10.022984708374292, 7.476252762690439, 11.795951251253063], 'dp-client-clipped': [1, 1, 1], 'dp-num-clients-clipped': 3, 'dp-fraction-clipped': 1.0, 'dp-signal-update-norm': 3.310162744224235, 'dp-parameter-count': 226596, 'dp-expected-noise-l2-norm': 14.875656498117994, 'dp-noise-to-signal-ratio': 4.493935086446703, 'dp-noise-percent-of-signal': 449.3935086446703, 'global-dp-noise-stdv': 0.03125000000000001}
[92mINFO [0m:      configure_evaluate: Sampled 3 nodes (out of 3)
[92mINFO [0m:      aggregate_evaluate: Received 3 results and 0 failures
[92mINFO [0m:      	└──> Aggregated MetricRecord: {'eval_loss': 0.8062255054712295, 'eval_acc': 0.6829166666666666, 'client-ids': [0, 1, 2], 'per-client-eval_acc': [0.6625, 0.67, 0.7008333333333333], 'per-client-eval_loss': [0.8207285380363465, 0.8085775423049927, 0.7957728048165639], 'per-client-num-examples': [800, 400, 1200]}
[92mINFO [0m:      Global evaluation
[92mINFO [0m:      	└──> MetricRecord: {'loss': 0.7536410450935364, 'accuracy': 0.7005, 'f1': 0.705688576181555, 'precision': 0.7306441652859336, 'auc': 0.9068244166666667}
[92mINFO [0m:      
[92mINFO [0m:      [ROUND 7/20]
[92mINFO [0m:      configure_train: Sampled 3 nodes (out of 3)
[36m(ClientAppActor pid=2685)[0m /usr/lib/python3.12/multiprocessing/popen_fork.py:66: DeprecationWarning: This process (pid=2685) is multi-threaded, use of fork() may lead to deadlocks in the child.[32m [repeated 3x across cluster][0m
[36m(ClientAppActor pid=2685)[0m   self.pid = os.fork()[32m [repeated 3x across cluster][0m
[92mINFO [0m:      aggregate_train: Received 3 results and 0 failures
[92mINFO [0m:      aggregate_fit: parameters are clipped by value: 5.0000.
[92mINFO [0m:      aggregate_fit: parameters are clipped by value: 5.0000.
[92mINFO [0m:      aggregate_fit: parameters are clipped by value: 5.0000.
[92mINFO [0m:      aggregate_train: Received 3 results and 0 failures
[92mINFO [0m:      aggregate_fit: central DP noise with 0.0313 stdev added
[92mINFO [0m:      	└──> Aggregated MetricRecord: {'train_loss': 0.18718174266318477, 'train_loss_mean': 0.3271905626580119, 'client-ids': [0, 1, 2], 'per-client-num-examples': [3200, 1600, 4800], 'per-client-train_loss': [0.19104150466620923, 0.19229745909571647, 0.18290332918365795], 'per-client-train_loss_mean': [0.35010611222684385, 0.34912923884391783, 0.3046006375501553], 'dp-client-ids': [0, 1, 2], 'dp-update-norms-before-clipping': [9.711632282140124, 7.5861782763324905, 11.696927920391056], 'dp-client-clipped': [1, 1, 1], 'dp-num-clients-clipped': 3, 'dp-fraction-clipped': 1.0, 'dp-signal-update-norm': 3.2549146811821803, 'dp-parameter-count': 226596, 'dp-expected-noise-l2-norm': 14.875656498117994, 'dp-noise-to-signal-ratio': 4.570213954952324, 'dp-noise-percent-of-signal': 457.02139549523235, 'global-dp-noise-stdv': 0.03125000000000001}
[92mINFO [0m:      configure_evaluate: Sampled 3 nodes (out of 3)
[92mINFO [0m:      aggregate_evaluate: Received 3 results and 0 failures
[92mINFO [0m:      	└──> Aggregated MetricRecord: {'eval_loss': 0.8509115358193715, 'eval_acc': 0.6804166666666667, 'client-ids': [0, 1, 2], 'per-client-eval_acc': [0.67, 0.665, 0.6925], 'per-client-eval_loss': [0.8783628439903259, 0.8603092312812806, 0.8294780985514323], 'per-client-num-examples': [800, 400, 1200]}
[92mINFO [0m:      Global evaluation
[92mINFO [0m:      	└──> MetricRecord: {'loss': 0.8571728520393371, 'accuracy': 0.6845, 'f1': 0.6892154781230204, 'precision': 0.7228555566222394, 'auc': 0.8909333333333334}
[92mINFO [0m:      
[92mINFO [0m:      [ROUND 8/20]
[92mINFO [0m:      configure_train: Sampled 3 nodes (out of 3)
[36m(ClientAppActor pid=2685)[0m /usr/lib/python3.12/multiprocessing/popen_fork.py:66: DeprecationWarning: This process (pid=2685) is multi-threaded, use of fork() may lead to deadlocks in the child.[32m [repeated 3x across cluster][0m
[36m(ClientAppActor pid=2685)[0m   self.pid = os.fork()[32m [repeated 3x across cluster][0m
[92mINFO [0m:      aggregate_train: Received 3 results and 0 failures
[92mINFO [0m:      aggregate_fit: parameters are clipped by value: 5.0000.
[92mINFO [0m:      aggregate_fit: parameters are clipped by value: 5.0000.
[92mINFO [0m:      aggregate_fit: parameters are clipped by value: 5.0000.
[92mINFO [0m:      aggregate_train: Received 3 results and 0 failures
[92mINFO [0m:      aggregate_fit: central DP noise with 0.0313 stdev added
[92mINFO [0m:      	└──> Aggregated MetricRecord: {'train_loss': 0.13561487941071393, 'train_loss_mean': 0.27247676092758777, 'client-ids': [0, 1, 2], 'per-client-num-examples': [3200, 1600, 4800], 'per-client-train_loss': [0.15307389434427024, 0.12757945872843265, 0.12665400968243679], 'per-client-train_loss_mean': [0.29997410691529514, 0.2838137798607349, 0.25036619062473375], 'dp-client-ids': [0, 1, 2], 'dp-update-norms-before-clipping': [9.74571246540563, 7.141456117866233, 10.786791238398035], 'dp-client-clipped': [1, 1, 1], 'dp-num-clients-clipped': 3, 'dp-fraction-clipped': 1.0, 'dp-signal-update-norm': 3.2229169969103446, 'dp-parameter-count': 226596, 'dp-expected-noise-l2-norm': 14.875656498117994, 'dp-noise-to-signal-ratio': 4.615587839332682, 'dp-noise-percent-of-signal': 461.5587839332682, 'global-dp-noise-stdv': 0.03125000000000001}
[92mINFO [0m:      configure_evaluate: Sampled 3 nodes (out of 3)
[92mINFO [0m:      aggregate_evaluate: Received 3 results and 0 failures
[92mINFO [0m:      	└──> Aggregated MetricRecord: {'eval_loss': 0.9203707251946132, 'eval_acc': 0.6966666666666665, 'client-ids': [0, 1, 2], 'per-client-eval_acc': [0.6875, 0.69, 0.705], 'per-client-eval_loss': [0.9393719267845154, 0.9513819456100464, 0.8973661839962006], 'per-client-num-examples': [800, 400, 1200]}
[92mINFO [0m:      Global evaluation
[92mINFO [0m:      	└──> MetricRecord: {'loss': 0.9048633499145508, 'accuracy': 0.6885, 'f1': 0.6957417953084422, 'precision': 0.7230933729005417, 'auc': 0.9041112499999998}
[92mINFO [0m:      
[92mINFO [0m:      [ROUND 9/20]
[92mINFO [0m:      configure_train: Sampled 3 nodes (out of 3)
[36m(ClientAppActor pid=2685)[0m /usr/lib/python3.12/multiprocessing/popen_fork.py:66: DeprecationWarning: This process (pid=2685) is multi-threaded, use of fork() may lead to deadlocks in the child.[32m [repeated 3x across cluster][0m
[36m(ClientAppActor pid=2685)[0m   self.pid = os.fork()[32m [repeated 3x across cluster][0m
[92mINFO [0m:      aggregate_train: Received 3 results and 0 failures
[92mINFO [0m:      aggregate_fit: parameters are clipped by value: 5.0000.
[92mINFO [0m:      aggregate_fit: parameters are clipped by value: 5.0000.
[92mINFO [0m:      aggregate_fit: parameters are clipped by value: 5.0000.
[92mINFO [0m:      aggregate_train: Received 3 results and 0 failures
[92mINFO [0m:      aggregate_fit: central DP noise with 0.0313 stdev added
[92mINFO [0m:      	└──> Aggregated MetricRecord: {'train_loss': 0.10856936470915873, 'train_loss_mean': 0.23473977758735418, 'client-ids': [0, 1, 2], 'per-client-num-examples': [3200, 1600, 4800], 'per-client-train_loss': [0.10469447564333677, 0.10109621144831181, 0.11364367517332236], 'per-client-train_loss_mean': [0.24707913218438624, 0.28870609202980996, 0.20852476970851425], 'dp-client-ids': [0, 1, 2], 'dp-update-norms-before-clipping': [8.882724561530338, 6.850657914813697, 10.677326567760305], 'dp-client-clipped': [1, 1, 1], 'dp-num-clients-clipped': 3, 'dp-fraction-clipped': 1.0, 'dp-signal-update-norm': 3.1883343529022854, 'dp-parameter-count': 226596, 'dp-expected-noise-l2-norm': 14.875656498117994, 'dp-noise-to-signal-ratio': 4.665651356350673, 'dp-noise-percent-of-signal': 466.56513563506735, 'global-dp-noise-stdv': 0.03125000000000001}
[92mINFO [0m:      configure_evaluate: Sampled 3 nodes (out of 3)
[92mINFO [0m:      aggregate_evaluate: Received 3 results and 0 failures
[92mINFO [0m:      	└──> Aggregated MetricRecord: {'eval_loss': 0.9282573656241099, 'eval_acc': 0.7020833333333333, 'client-ids': [0, 1, 2], 'per-client-eval_acc': [0.69125, 0.7025, 0.7091666666666666], 'per-client-eval_loss': [0.9746347212791443, 0.9457320785522461, 0.8915142242113749], 'per-client-num-examples': [800, 400, 1200]}
[92mINFO [0m:      Global evaluation
[92mINFO [0m:      	└──> MetricRecord: {'loss': 0.9290505771636963, 'accuracy': 0.71, 'f1': 0.7107450997750421, 'precision': 0.7400568437389962, 'auc': 0.9097531666666667}
[92mINFO [0m:      
[92mINFO [0m:      [ROUND 10/20]
[92mINFO [0m:      configure_train: Sampled 3 nodes (out of 3)
[36m(ClientAppActor pid=2685)[0m /usr/lib/python3.12/multiprocessing/popen_fork.py:66: DeprecationWarning: This process (pid=2685) is multi-threaded, use of fork() may lead to deadlocks in the child.[32m [repeated 3x across cluster][0m
[36m(ClientAppActor pid=2685)[0m   self.pid = os.fork()[32m [repeated 3x across cluster][0m
[92mINFO [0m:      aggregate_train: Received 3 results and 0 failures
[92mINFO [0m:      aggregate_fit: parameters are clipped by value: 5.0000.
[92mINFO [0m:      aggregate_fit: parameters are clipped by value: 5.0000.
[92mINFO [0m:      aggregate_fit: parameters are clipped by value: 5.0000.
[92mINFO [0m:      aggregate_train: Received 3 results and 0 failures
[92mINFO [0m:      aggregate_fit: central DP noise with 0.0313 stdev added
[92mINFO [0m:      	└──> Aggregated MetricRecord: {'train_loss': 0.10937468711907665, 'train_loss_mean': 0.2086209429182733, 'client-ids': [0, 1, 2], 'per-client-num-examples': [3200, 1600, 4800], 'per-client-train_loss': [0.10061495651490987, 0.10124306431040168, 0.1179250484580795], 'per-client-train_loss_mean': [0.225405675875023, 0.2573238010890782, 0.18119683489017188], 'dp-client-ids': [0, 1, 2], 'dp-update-norms-before-clipping': [8.722997854808499, 6.784476328151345, 10.16404762623633], 'dp-client-clipped': [1, 1, 1], 'dp-num-clients-clipped': 3, 'dp-fraction-clipped': 1.0, 'dp-signal-update-norm': 3.168883550098172, 'dp-parameter-count': 226596, 'dp-expected-noise-l2-norm': 14.875656498117994, 'dp-noise-to-signal-ratio': 4.694289412325406, 'dp-noise-percent-of-signal': 469.4289412325406, 'global-dp-noise-stdv': 0.03125000000000001}
[92mINFO [0m:      configure_evaluate: Sampled 3 nodes (out of 3)
[92mINFO [0m:      aggregate_evaluate: Received 3 results and 0 failures
[92mINFO [0m:      	└──> Aggregated MetricRecord: {'eval_loss': 0.9567682242393493, 'eval_acc': 0.72, 'client-ids': [0, 1, 2], 'per-client-eval_acc': [0.7075, 0.7225, 0.7275], 'per-client-eval_loss': [1.0217585945129395, 0.9676759505271911, 0.9098054019610087], 'per-client-num-examples': [800, 400, 1200]}
[92mINFO [0m:      Global evaluation
[92mINFO [0m:      	└──> MetricRecord: {'loss': 0.9144578700065613, 'accuracy': 0.7135, 'f1': 0.7143509320304947, 'precision': 0.7181331975083465, 'auc': 0.91389075}
[92mINFO [0m:      
[92mINFO [0m:      [ROUND 11/20]
[92mINFO [0m:      configure_train: Sampled 3 nodes (out of 3)
[36m(ClientAppActor pid=2685)[0m /usr/lib/python3.12/multiprocessing/popen_fork.py:66: DeprecationWarning: This process (pid=2685) is multi-threaded, use of fork() may lead to deadlocks in the child.[32m [repeated 3x across cluster][0m
[36m(ClientAppActor pid=2685)[0m   self.pid = os.fork()[32m [repeated 3x across cluster][0m
[92mINFO [0m:      aggregate_train: Received 3 results and 0 failures
[92mINFO [0m:      aggregate_fit: parameters are clipped by value: 5.0000.
[92mINFO [0m:      aggregate_fit: parameters are clipped by value: 5.0000.
[92mINFO [0m:      aggregate_fit: parameters are clipped by value: 5.0000.
[92mINFO [0m:      aggregate_train: Received 3 results and 0 failures
[92mINFO [0m:      aggregate_fit: central DP noise with 0.0313 stdev added
[92mINFO [0m:      	└──> Aggregated MetricRecord: {'train_loss': 0.10552999095215151, 'train_loss_mean': 0.18674579953309145, 'client-ids': [0, 1, 2], 'per-client-num-examples': [3200, 1600, 4800], 'per-client-train_loss': [0.11448139617219567, 0.06766374880447984, 0.11218446818801264], 'per-client-train_loss_mean': [0.19916957945004105, 0.23696556548401712, 0.16172335760481654], 'dp-client-ids': [0, 1, 2], 'dp-update-norms-before-clipping': [8.490349421343058, 6.129258298633946, 9.765572184607489], 'dp-client-clipped': [1, 1, 1], 'dp-num-clients-clipped': 3, 'dp-fraction-clipped': 1.0, 'dp-signal-update-norm': 3.1515070896807784, 'dp-parameter-count': 226596, 'dp-expected-noise-l2-norm': 14.875656498117994, 'dp-noise-to-signal-ratio': 4.7201723095678565, 'dp-noise-percent-of-signal': 472.0172309567857, 'global-dp-noise-stdv': 0.03125000000000001}
[92mINFO [0m:      configure_evaluate: Sampled 3 nodes (out of 3)
[92mINFO [0m:      aggregate_evaluate: Received 3 results and 0 failures
[92mINFO [0m:      	└──> Aggregated MetricRecord: {'eval_loss': 0.8911278724670411, 'eval_acc': 0.7508333333333332, 'client-ids': [0, 1, 2], 'per-client-eval_acc': [0.7275, 0.7675, 0.7608333333333334], 'per-client-eval_loss': [0.9347872018814087, 0.8287402248382568, 0.8828175354003907], 'per-client-num-examples': [800, 400, 1200]}
[92mINFO [0m:      Global evaluation
[92mINFO [0m:      	└──> MetricRecord: {'loss': 0.8094773468971252, 'accuracy': 0.773, 'f1': 0.7718736565512444, 'precision': 0.7717773754729228, 'auc': 0.9346098333333334}
[92mINFO [0m:      
[92mINFO [0m:      [ROUND 12/20]
[92mINFO [0m:      configure_train: Sampled 3 nodes (out of 3)
[36m(ClientAppActor pid=2685)[0m /usr/lib/python3.12/multiprocessing/popen_fork.py:66: DeprecationWarning: This process (pid=2685) is multi-threaded, use of fork() may lead to deadlocks in the child.[32m [repeated 3x across cluster][0m
[36m(ClientAppActor pid=2685)[0m   self.pid = os.fork()[32m [repeated 3x across cluster][0m
[92mINFO [0m:      aggregate_train: Received 3 results and 0 failures
[92mINFO [0m:      aggregate_fit: parameters are clipped by value: 5.0000.
[92mINFO [0m:      aggregate_fit: parameters are clipped by value: 5.0000.
[92mINFO [0m:      aggregate_fit: parameters are clipped by value: 5.0000.
[92mINFO [0m:      aggregate_train: Received 3 results and 0 failures
[92mINFO [0m:      aggregate_fit: central DP noise with 0.0313 stdev added
[92mINFO [0m:      	└──> Aggregated MetricRecord: {'train_loss': 0.07758656971311817, 'train_loss_mean': 0.16374073605705053, 'client-ids': [0, 1, 2], 'per-client-num-examples': [3200, 1600, 4800], 'per-client-train_loss': [0.08098027341067791, 0.0783074856735766, 0.07508379526125888], 'per-client-train_loss_mean': [0.17144598857685925, 0.23190603872016072, 0.13588213348947467], 'dp-client-ids': [0, 1, 2], 'dp-update-norms-before-clipping': [8.359360362429504, 5.8722260617002755, 9.274001654103024], 'dp-client-clipped': [1, 1, 1], 'dp-num-clients-clipped': 3, 'dp-fraction-clipped': 1.0, 'dp-signal-update-norm': 3.1330778169688775, 'dp-parameter-count': 226596, 'dp-expected-noise-l2-norm': 14.875656498117994, 'dp-noise-to-signal-ratio': 4.7479371299208815, 'dp-noise-percent-of-signal': 474.79371299208816, 'global-dp-noise-stdv': 0.03125000000000001}
[92mINFO [0m:      configure_evaluate: Sampled 3 nodes (out of 3)
[92mINFO [0m:      aggregate_evaluate: Received 3 results and 0 failures
[92mINFO [0m:      	└──> Aggregated MetricRecord: {'eval_loss': 1.0868780076503755, 'eval_acc': 0.7370833333333333, 'client-ids': [0, 1, 2], 'per-client-eval_acc': [0.74, 0.7325, 0.7366666666666667], 'per-client-eval_loss': [1.0644208097457886, 1.0324302864074708, 1.1199987133344014], 'per-client-num-examples': [800, 400, 1200]}
[92mINFO [0m:      Global evaluation
[92mINFO [0m:      	└──> MetricRecord: {'loss': 1.0320912041664123, 'accuracy': 0.752, 'f1': 0.7497700554267464, 'precision': 0.7531639927152362, 'auc': 0.928311625}
[92mINFO [0m:      
[92mINFO [0m:      [ROUND 13/20]
[92mINFO [0m:      configure_train: Sampled 3 nodes (out of 3)
[36m(ClientAppActor pid=2685)[0m /usr/lib/python3.12/multiprocessing/popen_fork.py:66: DeprecationWarning: This process (pid=2685) is multi-threaded, use of fork() may lead to deadlocks in the child.[32m [repeated 3x across cluster][0m
[36m(ClientAppActor pid=2685)[0m   self.pid = os.fork()[32m [repeated 3x across cluster][0m
[92mINFO [0m:      aggregate_train: Received 3 results and 0 failures
[92mINFO [0m:      aggregate_fit: parameters are clipped by value: 5.0000.
[92mINFO [0m:      aggregate_fit: parameters are clipped by value: 5.0000.
[92mINFO [0m:      aggregate_fit: parameters are clipped by value: 5.0000.
[92mINFO [0m:      aggregate_train: Received 3 results and 0 failures
[92mINFO [0m:      aggregate_fit: central DP noise with 0.0313 stdev added
[92mINFO [0m:      	└──> Aggregated MetricRecord: {'train_loss': 0.0945712642526875, 'train_loss_mean': 0.1609486830610161, 'client-ids': [0, 1, 2], 'per-client-num-examples': [3200, 1600, 4800], 'per-client-train_loss': [0.12501711699645968, 0.06506008787080646, 0.08411108788413306], 'per-client-train_loss_mean': [0.1802608956163749, 0.2129641759432852, 0.13073537706335386], 'dp-client-ids': [0, 1, 2], 'dp-update-norms-before-clipping': [8.288228931937889, 5.80673539422329, 9.593667878455495], 'dp-client-clipped': [1, 1, 1], 'dp-num-clients-clipped': 3, 'dp-fraction-clipped': 1.0, 'dp-signal-update-norm': 3.135501669358079, 'dp-parameter-count': 226596, 'dp-expected-noise-l2-norm': 14.875656498117994, 'dp-noise-to-signal-ratio': 4.744266808559359, 'dp-noise-percent-of-signal': 474.42668085593584, 'global-dp-noise-stdv': 0.03125000000000001}
[92mINFO [0m:      configure_evaluate: Sampled 3 nodes (out of 3)
[92mINFO [0m:      aggregate_evaluate: Received 3 results and 0 failures
[92mINFO [0m:      	└──> Aggregated MetricRecord: {'eval_loss': 1.1210374335447946, 'eval_acc': 0.7383333333333333, 'client-ids': [0, 1, 2], 'per-client-eval_acc': [0.72375, 0.7425, 0.7466666666666667], 'per-client-eval_loss': [1.13875026345253, 1.1131152200698853, 1.111869618097941], 'per-client-num-examples': [800, 400, 1200]}
[92mINFO [0m:      Global evaluation
[92mINFO [0m:      	└──> MetricRecord: {'loss': 1.1474223552942275, 'accuracy': 0.725, 'f1': 0.7222527866842929, 'precision': 0.7251658190592136, 'auc': 0.9208715416666666}
[92mINFO [0m:      
[92mINFO [0m:      [ROUND 14/20]
[92mINFO [0m:      configure_train: Sampled 3 nodes (out of 3)
[36m(ClientAppActor pid=2685)[0m /usr/lib/python3.12/multiprocessing/popen_fork.py:66: DeprecationWarning: This process (pid=2685) is multi-threaded, use of fork() may lead to deadlocks in the child.[32m [repeated 3x across cluster][0m
[36m(ClientAppActor pid=2685)[0m   self.pid = os.fork()[32m [repeated 3x across cluster][0m
[92mINFO [0m:      aggregate_train: Received 3 results and 0 failures
[92mINFO [0m:      aggregate_fit: parameters are clipped by value: 5.0000.
[92mINFO [0m:      aggregate_fit: parameters are clipped by value: 5.0000.
[92mINFO [0m:      aggregate_fit: parameters are clipped by value: 5.0000.
[92mINFO [0m:      aggregate_train: Received 3 results and 0 failures
[92mINFO [0m:      aggregate_fit: central DP noise with 0.0313 stdev added
[92mINFO [0m:      	└──> Aggregated MetricRecord: {'train_loss': 0.07075594348212083, 'train_loss_mean': 0.1501969887120649, 'client-ids': [0, 1, 2], 'per-client-num-examples': [3200, 1600, 4800], 'per-client-train_loss': [0.06622724838089197, 0.06959819447249174, 0.07416098988614976], 'per-client-train_loss_mean': [0.15841801857482643, 0.21795945970714095, 0.12212881180519859], 'dp-client-ids': [0, 1, 2], 'dp-update-norms-before-clipping': [7.963003610254807, 5.733854487366622, 9.300409058173212], 'dp-client-clipped': [1, 1, 1], 'dp-num-clients-clipped': 3, 'dp-fraction-clipped': 1.0, 'dp-signal-update-norm': 3.1264371245639158, 'dp-parameter-count': 226596, 'dp-expected-noise-l2-norm': 14.875656498117994, 'dp-noise-to-signal-ratio': 4.758021960922337, 'dp-noise-percent-of-signal': 475.80219609223366, 'global-dp-noise-stdv': 0.03125000000000001}
[92mINFO [0m:      configure_evaluate: Sampled 3 nodes (out of 3)
[92mINFO [0m:      aggregate_evaluate: Received 3 results and 0 failures
[92mINFO [0m:      	└──> Aggregated MetricRecord: {'eval_loss': 1.26784336745739, 'eval_acc': 0.7008333333333333, 'client-ids': [0, 1, 2], 'per-client-eval_acc': [0.68625, 0.7, 0.7108333333333333], 'per-client-eval_loss': [1.3341825556755067, 1.2326836836338044, 1.2353371365865071], 'per-client-num-examples': [800, 400, 1200]}
[92mINFO [0m:      Global evaluation
[92mINFO [0m:      	└──> MetricRecord: {'loss': 1.2471279437541962, 'accuracy': 0.7005, 'f1': 0.6944903377519065, 'precision': 0.712758970443107, 'auc': 0.90428825}
[92mINFO [0m:      
[92mINFO [0m:      [ROUND 15/20]
[92mINFO [0m:      configure_train: Sampled 3 nodes (out of 3)
[36m(ClientAppActor pid=2685)[0m /usr/lib/python3.12/multiprocessing/popen_fork.py:66: DeprecationWarning: This process (pid=2685) is multi-threaded, use of fork() may lead to deadlocks in the child.[32m [repeated 3x across cluster][0m
[36m(ClientAppActor pid=2685)[0m   self.pid = os.fork()[32m [repeated 3x across cluster][0m
[92mINFO [0m:      aggregate_train: Received 3 results and 0 failures
[92mINFO [0m:      aggregate_fit: parameters are clipped by value: 5.0000.
[92mINFO [0m:      aggregate_fit: parameters are clipped by value: 5.0000.
[92mINFO [0m:      aggregate_fit: parameters are clipped by value: 5.0000.
[92mINFO [0m:      aggregate_train: Received 3 results and 0 failures
[92mINFO [0m:      aggregate_fit: central DP noise with 0.0313 stdev added
[92mINFO [0m:      	└──> Aggregated MetricRecord: {'train_loss': 0.07724898660400262, 'train_loss_mean': 0.14383978384034707, 'client-ids': [0, 1, 2], 'per-client-num-examples': [3200, 1600, 4800], 'per-client-train_loss': [0.07475923729594797, 0.04228085025213659, 0.09056486492666105], 'per-client-train_loss_mean': [0.15020002056472004, 0.20476012830995022, 0.11929284453423072], 'dp-client-ids': [0, 1, 2], 'dp-update-norms-before-clipping': [7.838499445879867, 5.818471790212768, 9.428391450328911], 'dp-client-clipped': [1, 1, 1], 'dp-num-clients-clipped': 3, 'dp-fraction-clipped': 1.0, 'dp-signal-update-norm': 3.127048704197845, 'dp-parameter-count': 226596, 'dp-expected-noise-l2-norm': 14.875656498117994, 'dp-noise-to-signal-ratio': 4.757091399999131, 'dp-noise-percent-of-signal': 475.709139999913, 'global-dp-noise-stdv': 0.03125000000000001}
[92mINFO [0m:      configure_evaluate: Sampled 3 nodes (out of 3)
[92mINFO [0m:      aggregate_evaluate: Received 3 results and 0 failures
[92mINFO [0m:      	└──> Aggregated MetricRecord: {'eval_loss': 1.2908349501093228, 'eval_acc': 0.7041666666666666, 'client-ids': [0, 1, 2], 'per-client-eval_acc': [0.70125, 0.71, 0.7041666666666667], 'per-client-eval_loss': [1.336511595249176, 1.2777615255117416, 1.2647416615486144], 'per-client-num-examples': [800, 400, 1200]}
[92mINFO [0m:      Global evaluation
[92mINFO [0m:      	└──> MetricRecord: {'loss': 1.2209820590019227, 'accuracy': 0.7155, 'f1': 0.7088571633401295, 'precision': 0.7228976526967525, 'auc': 0.9083410416666667}
[92mINFO [0m:      
[92mINFO [0m:      [ROUND 16/20]
[92mINFO [0m:      configure_train: Sampled 3 nodes (out of 3)
[36m(ClientAppActor pid=2685)[0m /usr/lib/python3.12/multiprocessing/popen_fork.py:66: DeprecationWarning: This process (pid=2685) is multi-threaded, use of fork() may lead to deadlocks in the child.[32m [repeated 3x across cluster][0m
[36m(ClientAppActor pid=2685)[0m   self.pid = os.fork()[32m [repeated 3x across cluster][0m
[92mINFO [0m:      aggregate_train: Received 3 results and 0 failures
[92mINFO [0m:      aggregate_fit: parameters are clipped by value: 5.0000.
[92mINFO [0m:      aggregate_fit: parameters are clipped by value: 5.0000.
[92mINFO [0m:      aggregate_fit: parameters are clipped by value: 5.0000.
[92mINFO [0m:      aggregate_train: Received 3 results and 0 failures
[92mINFO [0m:      aggregate_fit: central DP noise with 0.0313 stdev added
[92mINFO [0m:      	└──> Aggregated MetricRecord: {'train_loss': 0.082446064245111, 'train_loss_mean': 0.1347994520709229, 'client-ids': [0, 1, 2], 'per-client-num-examples': [3200, 1600, 4800], 'per-client-train_loss': [0.10530020854901523, 0.043764170291833576, 0.08010393269360065], 'per-client-train_loss_mean': [0.14801833875384182, 0.1760262310979888, 0.11224460127328832], 'dp-client-ids': [0, 1, 2], 'dp-update-norms-before-clipping': [8.18511600168217, 5.482271115977677, 9.248794403540543], 'dp-client-clipped': [1, 1, 1], 'dp-num-clients-clipped': 3, 'dp-fraction-clipped': 1.0, 'dp-signal-update-norm': 3.1381143056410146, 'dp-parameter-count': 226596, 'dp-expected-noise-l2-norm': 14.875656498117994, 'dp-noise-to-signal-ratio': 4.740316970410478, 'dp-noise-percent-of-signal': 474.0316970410478, 'global-dp-noise-stdv': 0.03125000000000001}
[92mINFO [0m:      configure_evaluate: Sampled 3 nodes (out of 3)
[92mINFO [0m:      aggregate_evaluate: Received 3 results and 0 failures
[92mINFO [0m:      	└──> Aggregated MetricRecord: {'eval_loss': 1.1555651042362054, 'eval_acc': 0.7525, 'client-ids': [0, 1, 2], 'per-client-eval_acc': [0.74125, 0.7575, 0.7583333333333333], 'per-client-eval_loss': [1.129932165145874, 1.240419088304043, 1.1443690689404806], 'per-client-num-examples': [800, 400, 1200]}
[92mINFO [0m:      Global evaluation
[92mINFO [0m:      	└──> MetricRecord: {'loss': 1.1929529299736024, 'accuracy': 0.7365, 'f1': 0.738647456381647, 'precision': 0.7614255783666526, 'auc': 0.9250281666666667}
[92mINFO [0m:      
[92mINFO [0m:      [ROUND 17/20]
[92mINFO [0m:      configure_train: Sampled 3 nodes (out of 3)
[36m(ClientAppActor pid=2685)[0m /usr/lib/python3.12/multiprocessing/popen_fork.py:66: DeprecationWarning: This process (pid=2685) is multi-threaded, use of fork() may lead to deadlocks in the child.[32m [repeated 3x across cluster][0m
[36m(ClientAppActor pid=2685)[0m   self.pid = os.fork()[32m [repeated 3x across cluster][0m
[92mINFO [0m:      aggregate_train: Received 3 results and 0 failures
[92mINFO [0m:      aggregate_fit: parameters are clipped by value: 5.0000.
[92mINFO [0m:      aggregate_fit: parameters are clipped by value: 5.0000.
[92mINFO [0m:      aggregate_fit: parameters are clipped by value: 5.0000.
[92mINFO [0m:      aggregate_train: Received 3 results and 0 failures
[92mINFO [0m:      aggregate_fit: central DP noise with 0.0313 stdev added
[92mINFO [0m:      	└──> Aggregated MetricRecord: {'train_loss': 0.06330531912778194, 'train_loss_mean': 0.12780837372985357, 'client-ids': [0, 1, 2], 'per-client-num-examples': [3200, 1600, 4800], 'per-client-train_loss': [0.054769454416818915, 0.04687565652653575, 0.07447244980217269], 'per-client-train_loss_mean': [0.13610088342148813, 0.1777537291906774, 0.10563158211515596], 'dp-client-ids': [0, 1, 2], 'dp-update-norms-before-clipping': [7.773960706288798, 5.789769851100635, 9.131187006348165], 'dp-client-clipped': [1, 1, 1], 'dp-num-clients-clipped': 3, 'dp-fraction-clipped': 1.0, 'dp-signal-update-norm': 3.1241742997253543, 'dp-parameter-count': 226596, 'dp-expected-noise-l2-norm': 14.875656498117994, 'dp-noise-to-signal-ratio': 4.76146817398303, 'dp-noise-percent-of-signal': 476.14681739830297, 'global-dp-noise-stdv': 0.03125000000000001}
[92mINFO [0m:      configure_evaluate: Sampled 3 nodes (out of 3)
[92mINFO [0m:      aggregate_evaluate: Received 3 results and 0 failures
[92mINFO [0m:      	└──> Aggregated MetricRecord: {'eval_loss': 1.1593493614594141, 'eval_acc': 0.7549999999999999, 'client-ids': [0, 1, 2], 'per-client-eval_acc': [0.7725, 0.745, 0.7466666666666667], 'per-client-eval_loss': [1.0661350843310355, 1.096314963698387, 1.2425036787986756], 'per-client-num-examples': [800, 400, 1200]}
[92mINFO [0m:      Global evaluation
[92mINFO [0m:      	└──> MetricRecord: {'loss': 1.1568463349342346, 'accuracy': 0.7525, 'f1': 0.7509471406765601, 'precision': 0.7507572361130851, 'auc': 0.9298409166666668}
[92mINFO [0m:      
[92mINFO [0m:      [ROUND 18/20]
[92mINFO [0m:      configure_train: Sampled 3 nodes (out of 3)
[36m(ClientAppActor pid=2685)[0m /usr/lib/python3.12/multiprocessing/popen_fork.py:66: DeprecationWarning: This process (pid=2685) is multi-threaded, use of fork() may lead to deadlocks in the child.[32m [repeated 3x across cluster][0m
[36m(ClientAppActor pid=2685)[0m   self.pid = os.fork()[32m [repeated 3x across cluster][0m
[92mINFO [0m:      aggregate_train: Received 3 results and 0 failures
[92mINFO [0m:      aggregate_fit: parameters are clipped by value: 5.0000.
[92mINFO [0m:      aggregate_fit: parameters are clipped by value: 5.0000.
[92mINFO [0m:      aggregate_fit: parameters are clipped by value: 5.0000.
[92mINFO [0m:      aggregate_train: Received 3 results and 0 failures
[92mINFO [0m:      aggregate_fit: central DP noise with 0.0313 stdev added
[92mINFO [0m:      	└──> Aggregated MetricRecord: {'train_loss': 0.047168663354435314, 'train_loss_mean': 0.11928290096150401, 'client-ids': [0, 1, 2], 'per-client-num-examples': [3200, 1600, 4800], 'per-client-train_loss': [0.05501224928535521, 0.04096303910948336, 0.04400814748213937], 'per-client-train_loss_mean': [0.12773737978003918, 0.17170738737471403, 0.09617175294474388], 'dp-client-ids': [0, 1, 2], 'dp-update-norms-before-clipping': [7.781273246699847, 5.408805256941587, 8.828841258376546], 'dp-client-clipped': [1, 1, 1], 'dp-num-clients-clipped': 3, 'dp-fraction-clipped': 1.0, 'dp-signal-update-norm': 3.131574716834516, 'dp-parameter-count': 226596, 'dp-expected-noise-l2-norm': 14.875656498117994, 'dp-noise-to-signal-ratio': 4.750216055248629, 'dp-noise-percent-of-signal': 475.0216055248628, 'global-dp-noise-stdv': 0.03125000000000001}
[92mINFO [0m:      configure_evaluate: Sampled 3 nodes (out of 3)
[92mINFO [0m:      aggregate_evaluate: Received 3 results and 0 failures
[92mINFO [0m:      	└──> Aggregated MetricRecord: {'eval_loss': 1.3881026192506152, 'eval_acc': 0.74125, 'client-ids': [0, 1, 2], 'per-client-eval_acc': [0.74875, 0.7375, 0.7375], 'per-client-eval_loss': [1.3410378146171569, 1.5123492002487182, 1.3780636286735535], 'per-client-num-examples': [800, 400, 1200]}
[92mINFO [0m:      Global evaluation
[92mINFO [0m:      	└──> MetricRecord: {'loss': 1.193808919429779, 'accuracy': 0.7595, 'f1': 0.7582343852317762, 'precision': 0.7594917290975806, 'auc': 0.9322727916666668}
[92mINFO [0m:      
[92mINFO [0m:      [ROUND 19/20]
[92mINFO [0m:      configure_train: Sampled 3 nodes (out of 3)
[36m(ClientAppActor pid=2685)[0m /usr/lib/python3.12/multiprocessing/popen_fork.py:66: DeprecationWarning: This process (pid=2685) is multi-threaded, use of fork() may lead to deadlocks in the child.[32m [repeated 3x across cluster][0m
[36m(ClientAppActor pid=2685)[0m   self.pid = os.fork()[32m [repeated 3x across cluster][0m
[92mINFO [0m:      aggregate_train: Received 3 results and 0 failures
[92mINFO [0m:      aggregate_fit: parameters are clipped by value: 5.0000.
[92mINFO [0m:      aggregate_fit: parameters are clipped by value: 5.0000.
[92mINFO [0m:      aggregate_fit: parameters are clipped by value: 5.0000.
[92mINFO [0m:      aggregate_train: Received 3 results and 0 failures
[92mINFO [0m:      aggregate_fit: central DP noise with 0.0313 stdev added
[92mINFO [0m:      	└──> Aggregated MetricRecord: {'train_loss': 0.06584045991961222, 'train_loss_mean': 0.12148168739218573, 'client-ids': [0, 1, 2], 'per-client-num-examples': [3200, 1600, 4800], 'per-client-train_loss': [0.0633959814638365, 0.04520663483999669, 0.07434805391666789], 'per-client-train_loss_mean': [0.12222220451408065, 0.18866389707662165, 0.09859393941611051], 'dp-client-ids': [0, 1, 2], 'dp-update-norms-before-clipping': [7.556271122384422, 5.374944536164178, 9.053106349650548], 'dp-client-clipped': [1, 1, 1], 'dp-num-clients-clipped': 3, 'dp-fraction-clipped': 1.0, 'dp-signal-update-norm': 3.1368372054900586, 'dp-parameter-count': 226596, 'dp-expected-noise-l2-norm': 14.875656498117994, 'dp-noise-to-signal-ratio': 4.742246895083615, 'dp-noise-percent-of-signal': 474.2246895083615, 'global-dp-noise-stdv': 0.03125000000000001}
[92mINFO [0m:      configure_evaluate: Sampled 3 nodes (out of 3)
[92mINFO [0m:      aggregate_evaluate: Received 3 results and 0 failures
[92mINFO [0m:      	└──> Aggregated MetricRecord: {'eval_loss': 1.3152999925613402, 'eval_acc': 0.7529166666666667, 'client-ids': [0, 1, 2], 'per-client-eval_acc': [0.745, 0.7425, 0.7616666666666667], 'per-client-eval_loss': [1.3417686653137206, 1.391220121383667, 1.2723475011189778], 'per-client-num-examples': [800, 400, 1200]}
[92mINFO [0m:      Global evaluation
[92mINFO [0m:      	└──> MetricRecord: {'loss': 1.2249228868484496, 'accuracy': 0.7595, 'f1': 0.761031685852713, 'precision': 0.7673258893513801, 'auc': 0.9320115833333332}
[92mINFO [0m:      
[92mINFO [0m:      [ROUND 20/20]
[92mINFO [0m:      configure_train: Sampled 3 nodes (out of 3)
[36m(ClientAppActor pid=2685)[0m /usr/lib/python3.12/multiprocessing/popen_fork.py:66: DeprecationWarning: This process (pid=2685) is multi-threaded, use of fork() may lead to deadlocks in the child.[32m [repeated 3x across cluster][0m
[36m(ClientAppActor pid=2685)[0m   self.pid = os.fork()[32m [repeated 3x across cluster][0m
[92mINFO [0m:      aggregate_train: Received 3 results and 0 failures
[92mINFO [0m:      aggregate_fit: parameters are clipped by value: 5.0000.
[92mINFO [0m:      aggregate_fit: parameters are clipped by value: 5.0000.
[92mINFO [0m:      aggregate_fit: parameters are clipped by value: 5.0000.
[92mINFO [0m:      aggregate_train: Received 3 results and 0 failures
[92mINFO [0m:      aggregate_fit: central DP noise with 0.0313 stdev added
[92mINFO [0m:      	└──> Aggregated MetricRecord: {'train_loss': 0.06362346847832669, 'train_loss_mean': 0.11178480126409945, 'client-ids': [0, 1, 2], 'per-client-num-examples': [3200, 1600, 4800], 'per-client-train_loss': [0.06840786958113312, 0.06140755027299747, 0.061172507144898795], 'per-client-train_loss_mean': [0.11887409822642803, 0.16191974605014547, 0.09034695502719842], 'dp-client-ids': [0, 1, 2], 'dp-update-norms-before-clipping': [7.968688917854619, 5.383770047601858, 9.162624699392554], 'dp-client-clipped': [1, 1, 1], 'dp-num-clients-clipped': 3, 'dp-fraction-clipped': 1.0, 'dp-signal-update-norm': 3.1250451040424996, 'dp-parameter-count': 226596, 'dp-expected-noise-l2-norm': 14.875656498117994, 'dp-noise-to-signal-ratio': 4.7601413748797174, 'dp-noise-percent-of-signal': 476.01413748797177, 'global-dp-noise-stdv': 0.03125000000000001}
[92mINFO [0m:      configure_evaluate: Sampled 3 nodes (out of 3)
[92mINFO [0m:      aggregate_evaluate: Received 3 results and 0 failures
[92mINFO [0m:      	└──> Aggregated MetricRecord: {'eval_loss': 1.3926016259193421, 'eval_acc': 0.7441666666666666, 'client-ids': [0, 1, 2], 'per-client-eval_acc': [0.73875, 0.7175, 0.7566666666666667], 'per-client-eval_loss': [1.4126103949546813, 1.5876505756378174, 1.314246129989624], 'per-client-num-examples': [800, 400, 1200]}
[92mINFO [0m:      Global evaluation
[92mINFO [0m:      	└──> MetricRecord: {'loss': 1.4155727899074555, 'accuracy': 0.747, 'f1': 0.7499649556087974, 'precision': 0.7648062613940222, 'auc': 0.9223072916666667}
[92mINFO [0m:      
[92mINFO [0m:      Strategy execution finished in 216.21s
[92mINFO [0m:      
[92mINFO [0m:      Final results:
[92mINFO [0m:      
[92mINFO [0m:      	Global Arrays:
[92mINFO [0m:      		ArrayRecord (0.866 MB)
[92mINFO [0m:      	
[92mINFO [0m:      	Aggregated ClientApp-side Train Metrics:
[92mINFO [0m:      	{ 1: { 'client-ids': "['0', '1', '2']",
[92mINFO [0m:      	       'dp-client-clipped': "['1', '1', '1']",
[92mINFO [0m:      	       'dp-client-ids': "['0', '1', '2']",
[92mINFO [0m:      	       'dp-expected-noise-l2-norm': '1.4876e+01',
[92mINFO [0m:      	       'dp-fraction-clipped': '1.0000e+00',
[92mINFO [0m:      	       'dp-noise-percent-of-signal': '4.3887e+02',
[92mINFO [0m:      	       'dp-noise-to-signal-ratio': '4.3887e+00',
[92mINFO [0m:      	       'dp-num-clients-clipped': '3',
[92mINFO [0m:      	       'dp-parameter-count': '226596',
[92mINFO [0m:      	       'dp-signal-update-norm': '3.3895e+00',
[92mINFO [0m:      	       'dp-update-norms-before-clipping': "['8.2487e+00', '6.1947e+00', "
[92mINFO [0m:      	                                          "'9.9495e+00']",
[92mINFO [0m:      	       'global-dp-noise-stdv': '3.1250e-02',
[92mINFO [0m:      	       'per-client-num-examples': "['3200', '1600', '4800']",
[92mINFO [0m:      	       'per-client-train_loss': "['8.3960e-01', '9.7466e-01', '7.4234e-01']",
[92mINFO [0m:      	       'per-client-train_loss_mean': "['9.9963e-01', '1.1200e+00', "
[92mINFO [0m:      	                                     "'9.2200e-01']",
[92mINFO [0m:      	       'train_loss': '8.1348e-01',
[92mINFO [0m:      	       'train_loss_mean': '9.8088e-01'},
[92mINFO [0m:      	  2: { 'client-ids': "['0', '1', '2']",
[92mINFO [0m:      	       'dp-client-clipped': "['1', '1', '1']",
[92mINFO [0m:      	       'dp-client-ids': "['0', '1', '2']",
[92mINFO [0m:      	       'dp-expected-noise-l2-norm': '1.4876e+01',
[92mINFO [0m:      	       'dp-fraction-clipped': '1.0000e+00',
[92mINFO [0m:      	       'dp-noise-percent-of-signal': '3.8234e+02',
[92mINFO [0m:      	       'dp-noise-to-signal-ratio': '3.8234e+00',
[92mINFO [0m:      	       'dp-num-clients-clipped': '3',
[92mINFO [0m:      	       'dp-parameter-count': '226596',
[92mINFO [0m:      	       'dp-signal-update-norm': '3.8907e+00',
[92mINFO [0m:      	       'dp-update-norms-before-clipping': "['9.2011e+00', '6.6767e+00', "
[92mINFO [0m:      	                                          "'1.2095e+01']",
[92mINFO [0m:      	       'global-dp-noise-stdv': '3.1250e-02',
[92mINFO [0m:      	       'per-client-num-examples': "['3200', '1600', '4800']",
[92mINFO [0m:      	       'per-client-train_loss': "['7.1565e-01', '7.3462e-01', '6.0998e-01']",
[92mINFO [0m:      	       'per-client-train_loss_mean': "['8.2065e-01', '8.8761e-01', "
[92mINFO [0m:      	                                     "'7.6079e-01']",
[92mINFO [0m:      	       'train_loss': '6.6598e-01',
[92mINFO [0m:      	       'train_loss_mean': '8.0188e-01'},
[92mINFO [0m:      	  3: { 'client-ids': "['0', '1', '2']",
[92mINFO [0m:      	       'dp-client-clipped': "['1', '1', '1']",
[92mINFO [0m:      	       'dp-client-ids': "['0', '1', '2']",
[92mINFO [0m:      	       'dp-expected-noise-l2-norm': '1.4876e+01',
[92mINFO [0m:      	       'dp-fraction-clipped': '1.0000e+00',
[92mINFO [0m:      	       'dp-noise-percent-of-signal': '3.9962e+02',
[92mINFO [0m:      	       'dp-noise-to-signal-ratio': '3.9962e+00',
[92mINFO [0m:      	       'dp-num-clients-clipped': '3',
[92mINFO [0m:      	       'dp-parameter-count': '226596',
[92mINFO [0m:      	       'dp-signal-update-norm': '3.7225e+00',
[92mINFO [0m:      	       'dp-update-norms-before-clipping': "['9.8429e+00', '6.5918e+00', "
[92mINFO [0m:      	                                          "'1.2101e+01']",
[92mINFO [0m:      	       'global-dp-noise-stdv': '3.1250e-02',
[92mINFO [0m:      	       'per-client-num-examples': "['3200', '1600', '4800']",
[92mINFO [0m:      	       'per-client-train_loss': "['5.5582e-01', '5.5763e-01', '5.0714e-01']",
[92mINFO [0m:      	       'per-client-train_loss_mean': "['6.6545e-01', '6.8415e-01', "
[92mINFO [0m:      	                                     "'6.2410e-01']",
[92mINFO [0m:      	       'train_loss': '5.3178e-01',
[92mINFO [0m:      	       'train_loss_mean': '6.4789e-01'},
[92mINFO [0m:      	  4: { 'client-ids': "['0', '1', '2']",
[92mINFO [0m:      	       'dp-client-clipped': "['1', '1', '1']",
[92mINFO [0m:      	       'dp-client-ids': "['0', '1', '2']",
[92mINFO [0m:      	       'dp-expected-noise-l2-norm': '1.4876e+01',
[92mINFO [0m:      	       'dp-fraction-clipped': '1.0000e+00',
[92mINFO [0m:      	       'dp-noise-percent-of-signal': '4.2161e+02',
[92mINFO [0m:      	       'dp-noise-to-signal-ratio': '4.2161e+00',
[92mINFO [0m:      	       'dp-num-clients-clipped': '3',
[92mINFO [0m:      	       'dp-parameter-count': '226596',
[92mINFO [0m:      	       'dp-signal-update-norm': '3.5283e+00',
[92mINFO [0m:      	       'dp-update-norms-before-clipping': "['1.0096e+01', '6.8107e+00', "
[92mINFO [0m:      	                                          "'1.2228e+01']",
[92mINFO [0m:      	       'global-dp-noise-stdv': '3.1250e-02',
[92mINFO [0m:      	       'per-client-num-examples': "['3200', '1600', '4800']",
[92mINFO [0m:      	       'per-client-train_loss': "['4.4071e-01', '4.5984e-01', '3.9850e-01']",
[92mINFO [0m:      	       'per-client-train_loss_mean': "['5.8207e-01', '5.8522e-01', "
[92mINFO [0m:      	                                     "'5.3192e-01']",
[92mINFO [0m:      	       'train_loss': '4.2279e-01',
[92mINFO [0m:      	       'train_loss_mean': '5.5752e-01'},
[92mINFO [0m:      	  5: { 'client-ids': "['0', '1', '2']",
[92mINFO [0m:      	       'dp-client-clipped': "['1', '1', '1']",
[92mINFO [0m:      	       'dp-client-ids': "['0', '1', '2']",
[92mINFO [0m:      	       'dp-expected-noise-l2-norm': '1.4876e+01',
[92mINFO [0m:      	       'dp-fraction-clipped': '1.0000e+00',
[92mINFO [0m:      	       'dp-noise-percent-of-signal': '4.4079e+02',
[92mINFO [0m:      	       'dp-noise-to-signal-ratio': '4.4079e+00',
[92mINFO [0m:      	       'dp-num-clients-clipped': '3',
[92mINFO [0m:      	       'dp-parameter-count': '226596',
[92mINFO [0m:      	       'dp-signal-update-norm': '3.3748e+00',
[92mINFO [0m:      	       'dp-update-norms-before-clipping': "['1.0084e+01', '7.0688e+00', "
[92mINFO [0m:      	                                          "'1.2205e+01']",
[92mINFO [0m:      	       'global-dp-noise-stdv': '3.1250e-02',
[92mINFO [0m:      	       'per-client-num-examples': "['3200', '1600', '4800']",
[92mINFO [0m:      	       'per-client-train_loss': "['3.4205e-01', '3.3401e-01', '2.8760e-01']",
[92mINFO [0m:      	       'per-client-train_loss_mean': "['4.8243e-01', '4.9060e-01', "
[92mINFO [0m:      	                                     "'4.3671e-01']",
[92mINFO [0m:      	       'train_loss': '3.1348e-01',
[92mINFO [0m:      	       'train_loss_mean': '4.6093e-01'},
[92mINFO [0m:      	  6: { 'client-ids': "['0', '1', '2']",
[92mINFO [0m:      	       'dp-client-clipped': "['1', '1', '1']",
[92mINFO [0m:      	       'dp-client-ids': "['0', '1', '2']",
[92mINFO [0m:      	       'dp-expected-noise-l2-norm': '1.4876e+01',
[92mINFO [0m:      	       'dp-fraction-clipped': '1.0000e+00',
[92mINFO [0m:      	       'dp-noise-percent-of-signal': '4.4939e+02',
[92mINFO [0m:      	       'dp-noise-to-signal-ratio': '4.4939e+00',
[92mINFO [0m:      	       'dp-num-clients-clipped': '3',
[92mINFO [0m:      	       'dp-parameter-count': '226596',
[92mINFO [0m:      	       'dp-signal-update-norm': '3.3102e+00',
[92mINFO [0m:      	       'dp-update-norms-before-clipping': "['1.0023e+01', '7.4763e+00', "
[92mINFO [0m:      	                                          "'1.1796e+01']",
[92mINFO [0m:      	       'global-dp-noise-stdv': '3.1250e-02',
[92mINFO [0m:      	       'per-client-num-examples': "['3200', '1600', '4800']",
[92mINFO [0m:      	       'per-client-train_loss': "['2.5749e-01', '2.7793e-01', '2.1918e-01']",
[92mINFO [0m:      	       'per-client-train_loss_mean': "['4.0250e-01', '4.2018e-01', "
[92mINFO [0m:      	                                     "'3.5876e-01']",
[92mINFO [0m:      	       'train_loss': '2.4174e-01',
[92mINFO [0m:      	       'train_loss_mean': '3.8358e-01'},
[92mINFO [0m:      	  7: { 'client-ids': "['0', '1', '2']",
[92mINFO [0m:      	       'dp-client-clipped': "['1', '1', '1']",
[92mINFO [0m:      	       'dp-client-ids': "['0', '1', '2']",
[92mINFO [0m:      	       'dp-expected-noise-l2-norm': '1.4876e+01',
[92mINFO [0m:      	       'dp-fraction-clipped': '1.0000e+00',
[92mINFO [0m:      	       'dp-noise-percent-of-signal': '4.5702e+02',
[92mINFO [0m:      	       'dp-noise-to-signal-ratio': '4.5702e+00',
[92mINFO [0m:      	       'dp-num-clients-clipped': '3',
[92mINFO [0m:      	       'dp-parameter-count': '226596',
[92mINFO [0m:      	       'dp-signal-update-norm': '3.2549e+00',
[92mINFO [0m:      	       'dp-update-norms-before-clipping': "['9.7116e+00', '7.5862e+00', "
[92mINFO [0m:      	                                          "'1.1697e+01']",
[92mINFO [0m:      	       'global-dp-noise-stdv': '3.1250e-02',
[92mINFO [0m:      	       'per-client-num-examples': "['3200', '1600', '4800']",
[92mINFO [0m:      	       'per-client-train_loss': "['1.9104e-01', '1.9230e-01', '1.8290e-01']",
[92mINFO [0m:      	       'per-client-train_loss_mean': "['3.5011e-01', '3.4913e-01', "
[92mINFO [0m:      	                                     "'3.0460e-01']",
[92mINFO [0m:      	       'train_loss': '1.8718e-01',
[92mINFO [0m:      	       'train_loss_mean': '3.2719e-01'},
[92mINFO [0m:      	  8: { 'client-ids': "['0', '1', '2']",
[92mINFO [0m:      	       'dp-client-clipped': "['1', '1', '1']",
[92mINFO [0m:      	       'dp-client-ids': "['0', '1', '2']",
[92mINFO [0m:      	       'dp-expected-noise-l2-norm': '1.4876e+01',
[92mINFO [0m:      	       'dp-fraction-clipped': '1.0000e+00',
[92mINFO [0m:      	       'dp-noise-percent-of-signal': '4.6156e+02',
[92mINFO [0m:      	       'dp-noise-to-signal-ratio': '4.6156e+00',
[92mINFO [0m:      	       'dp-num-clients-clipped': '3',
[92mINFO [0m:      	       'dp-parameter-count': '226596',
[92mINFO [0m:      	       'dp-signal-update-norm': '3.2229e+00',
[92mINFO [0m:      	       'dp-update-norms-before-clipping': "['9.7457e+00', '7.1415e+00', "
[92mINFO [0m:      	                                          "'1.0787e+01']",
[92mINFO [0m:      	       'global-dp-noise-stdv': '3.1250e-02',
[92mINFO [0m:      	       'per-client-num-examples': "['3200', '1600', '4800']",
[92mINFO [0m:      	       'per-client-train_loss': "['1.5307e-01', '1.2758e-01', '1.2665e-01']",
[92mINFO [0m:      	       'per-client-train_loss_mean': "['2.9997e-01', '2.8381e-01', "
[92mINFO [0m:      	                                     "'2.5037e-01']",
[92mINFO [0m:      	       'train_loss': '1.3561e-01',
[92mINFO [0m:      	       'train_loss_mean': '2.7248e-01'},
[92mINFO [0m:      	  9: { 'client-ids': "['0', '1', '2']",
[92mINFO [0m:      	       'dp-client-clipped': "['1', '1', '1']",
[92mINFO [0m:      	       'dp-client-ids': "['0', '1', '2']",
[92mINFO [0m:      	       'dp-expected-noise-l2-norm': '1.4876e+01',
[92mINFO [0m:      	       'dp-fraction-clipped': '1.0000e+00',
[92mINFO [0m:      	       'dp-noise-percent-of-signal': '4.6657e+02',
[92mINFO [0m:      	       'dp-noise-to-signal-ratio': '4.6657e+00',
[92mINFO [0m:      	       'dp-num-clients-clipped': '3',
[92mINFO [0m:      	       'dp-parameter-count': '226596',
[92mINFO [0m:      	       'dp-signal-update-norm': '3.1883e+00',
[92mINFO [0m:      	       'dp-update-norms-before-clipping': "['8.8827e+00', '6.8507e+00', "
[92mINFO [0m:      	                                          "'1.0677e+01']",
[92mINFO [0m:      	       'global-dp-noise-stdv': '3.1250e-02',
[92mINFO [0m:      	       'per-client-num-examples': "['3200', '1600', '4800']",
[92mINFO [0m:      	       'per-client-train_loss': "['1.0469e-01', '1.0110e-01', '1.1364e-01']",
[92mINFO [0m:      	       'per-client-train_loss_mean': "['2.4708e-01', '2.8871e-01', "
[92mINFO [0m:      	                                     "'2.0852e-01']",
[92mINFO [0m:      	       'train_loss': '1.0857e-01',
[92mINFO [0m:      	       'train_loss_mean': '2.3474e-01'},
[92mINFO [0m:      	  10: { 'client-ids': "['0', '1', '2']",
[92mINFO [0m:      	        'dp-client-clipped': "['1', '1', '1']",
[92mINFO [0m:      	        'dp-client-ids': "['0', '1', '2']",
[92mINFO [0m:      	        'dp-expected-noise-l2-norm': '1.4876e+01',
[92mINFO [0m:      	        'dp-fraction-clipped': '1.0000e+00',
[92mINFO [0m:      	        'dp-noise-percent-of-signal': '4.6943e+02',
[92mINFO [0m:      	        'dp-noise-to-signal-ratio': '4.6943e+00',
[92mINFO [0m:      	        'dp-num-clients-clipped': '3',
[92mINFO [0m:      	        'dp-parameter-count': '226596',
[92mINFO [0m:      	        'dp-signal-update-norm': '3.1689e+00',
[92mINFO [0m:      	        'dp-update-norms-before-clipping': "['8.7230e+00', '6.7845e+00', "
[92mINFO [0m:      	                                           "'1.0164e+01']",
[92mINFO [0m:      	        'global-dp-noise-stdv': '3.1250e-02',
[92mINFO [0m:      	        'per-client-num-examples': "['3200', '1600', '4800']",
[92mINFO [0m:      	        'per-client-train_loss': "['1.0061e-01', '1.0124e-01', '1.1793e-01']",
[92mINFO [0m:      	        'per-client-train_loss_mean': "['2.2541e-01', '2.5732e-01', "
[92mINFO [0m:      	                                      "'1.8120e-01']",
[92mINFO [0m:      	        'train_loss': '1.0937e-01',
[92mINFO [0m:      	        'train_loss_mean': '2.0862e-01'},
[92mINFO [0m:      	  11: { 'client-ids': "['0', '1', '2']",
[92mINFO [0m:      	        'dp-client-clipped': "['1', '1', '1']",
[92mINFO [0m:      	        'dp-client-ids': "['0', '1', '2']",
[92mINFO [0m:      	        'dp-expected-noise-l2-norm': '1.4876e+01',
[92mINFO [0m:      	        'dp-fraction-clipped': '1.0000e+00',
[92mINFO [0m:      	        'dp-noise-percent-of-signal': '4.7202e+02',
[92mINFO [0m:      	        'dp-noise-to-signal-ratio': '4.7202e+00',
[92mINFO [0m:      	        'dp-num-clients-clipped': '3',
[92mINFO [0m:      	        'dp-parameter-count': '226596',
[92mINFO [0m:      	        'dp-signal-update-norm': '3.1515e+00',
[92mINFO [0m:      	        'dp-update-norms-before-clipping': "['8.4903e+00', '6.1293e+00', "
[92mINFO [0m:      	                                           "'9.7656e+00']",
[92mINFO [0m:      	        'global-dp-noise-stdv': '3.1250e-02',
[92mINFO [0m:      	        'per-client-num-examples': "['3200', '1600', '4800']",
[92mINFO [0m:      	        'per-client-train_loss': "['1.1448e-01', '6.7664e-02', '1.1218e-01']",
[92mINFO [0m:      	        'per-client-train_loss_mean': "['1.9917e-01', '2.3697e-01', "
[92mINFO [0m:      	                                      "'1.6172e-01']",
[92mINFO [0m:      	        'train_loss': '1.0553e-01',
[92mINFO [0m:      	        'train_loss_mean': '1.8675e-01'},
[92mINFO [0m:      	  12: { 'client-ids': "['0', '1', '2']",
[92mINFO [0m:      	        'dp-client-clipped': "['1', '1', '1']",
[92mINFO [0m:      	        'dp-client-ids': "['0', '1', '2']",
[92mINFO [0m:      	        'dp-expected-noise-l2-norm': '1.4876e+01',
[92mINFO [0m:      	        'dp-fraction-clipped': '1.0000e+00',
[92mINFO [0m:      	        'dp-noise-percent-of-signal': '4.7479e+02',
[92mINFO [0m:      	        'dp-noise-to-signal-ratio': '4.7479e+00',
[92mINFO [0m:      	        'dp-num-clients-clipped': '3',
[92mINFO [0m:      	        'dp-parameter-count': '226596',
[92mINFO [0m:      	        'dp-signal-update-norm': '3.1331e+00',
[92mINFO [0m:      	        'dp-update-norms-before-clipping': "['8.3594e+00', '5.8722e+00', "
[92mINFO [0m:      	                                           "'9.2740e+00']",
[92mINFO [0m:      	        'global-dp-noise-stdv': '3.1250e-02',
[92mINFO [0m:      	        'per-client-num-examples': "['3200', '1600', '4800']",
[92mINFO [0m:      	        'per-client-train_loss': "['8.0980e-02', '7.8307e-02', '7.5084e-02']",
[92mINFO [0m:      	        'per-client-train_loss_mean': "['1.7145e-01', '2.3191e-01', "
[92mINFO [0m:      	                                      "'1.3588e-01']",
[92mINFO [0m:      	        'train_loss': '7.7587e-02',
[92mINFO [0m:      	        'train_loss_mean': '1.6374e-01'},
[92mINFO [0m:      	  13: { 'client-ids': "['0', '1', '2']",
[92mINFO [0m:      	        'dp-client-clipped': "['1', '1', '1']",
[92mINFO [0m:      	        'dp-client-ids': "['0', '1', '2']",
[92mINFO [0m:      	        'dp-expected-noise-l2-norm': '1.4876e+01',
[92mINFO [0m:      	        'dp-fraction-clipped': '1.0000e+00',
[92mINFO [0m:      	        'dp-noise-percent-of-signal': '4.7443e+02',
[92mINFO [0m:      	        'dp-noise-to-signal-ratio': '4.7443e+00',
[92mINFO [0m:      	        'dp-num-clients-clipped': '3',
[92mINFO [0m:      	        'dp-parameter-count': '226596',
[92mINFO [0m:      	        'dp-signal-update-norm': '3.1355e+00',
[92mINFO [0m:      	        'dp-update-norms-before-clipping': "['8.2882e+00', '5.8067e+00', "
[92mINFO [0m:      	                                           "'9.5937e+00']",
[92mINFO [0m:      	        'global-dp-noise-stdv': '3.1250e-02',
[92mINFO [0m:      	        'per-client-num-examples': "['3200', '1600', '4800']",
[92mINFO [0m:      	        'per-client-train_loss': "['1.2502e-01', '6.5060e-02', '8.4111e-02']",
[92mINFO [0m:      	        'per-client-train_loss_mean': "['1.8026e-01', '2.1296e-01', "
[92mINFO [0m:      	                                      "'1.3074e-01']",
[92mINFO [0m:      	        'train_loss': '9.4571e-02',
[92mINFO [0m:      	        'train_loss_mean': '1.6095e-01'},
[92mINFO [0m:      	  14: { 'client-ids': "['0', '1', '2']",
[92mINFO [0m:      	        'dp-client-clipped': "['1', '1', '1']",
[92mINFO [0m:      	        'dp-client-ids': "['0', '1', '2']",
[92mINFO [0m:      	        'dp-expected-noise-l2-norm': '1.4876e+01',
[92mINFO [0m:      	        'dp-fraction-clipped': '1.0000e+00',
[92mINFO [0m:      	        'dp-noise-percent-of-signal': '4.7580e+02',
[92mINFO [0m:      	        'dp-noise-to-signal-ratio': '4.7580e+00',
[92mINFO [0m:      	        'dp-num-clients-clipped': '3',
[92mINFO [0m:      	        'dp-parameter-count': '226596',
[92mINFO [0m:      	        'dp-signal-update-norm': '3.1264e+00',
[92mINFO [0m:      	        'dp-update-norms-before-clipping': "['7.9630e+00', '5.7339e+00', "
[92mINFO [0m:      	                                           "'9.3004e+00']",
[92mINFO [0m:      	        'global-dp-noise-stdv': '3.1250e-02',
[92mINFO [0m:      	        'per-client-num-examples': "['3200', '1600', '4800']",
[92mINFO [0m:      	        'per-client-train_loss': "['6.6227e-02', '6.9598e-02', '7.4161e-02']",
[92mINFO [0m:      	        'per-client-train_loss_mean': "['1.5842e-01', '2.1796e-01', "
[92mINFO [0m:      	                                      "'1.2213e-01']",
[92mINFO [0m:      	        'train_loss': '7.0756e-02',
[92mINFO [0m:      	        'train_loss_mean': '1.5020e-01'},
[92mINFO [0m:      	  15: { 'client-ids': "['0', '1', '2']",
[92mINFO [0m:      	        'dp-client-clipped': "['1', '1', '1']",
[92mINFO [0m:      	        'dp-client-ids': "['0', '1', '2']",
[92mINFO [0m:      	        'dp-expected-noise-l2-norm': '1.4876e+01',
[92mINFO [0m:      	        'dp-fraction-clipped': '1.0000e+00',
[92mINFO [0m:      	        'dp-noise-percent-of-signal': '4.7571e+02',
[92mINFO [0m:      	        'dp-noise-to-signal-ratio': '4.7571e+00',
[92mINFO [0m:      	        'dp-num-clients-clipped': '3',
[92mINFO [0m:      	        'dp-parameter-count': '226596',
[92mINFO [0m:      	        'dp-signal-update-norm': '3.1270e+00',
[92mINFO [0m:      	        'dp-update-norms-before-clipping': "['7.8385e+00', '5.8185e+00', "
[92mINFO [0m:      	                                           "'9.4284e+00']",
[92mINFO [0m:      	        'global-dp-noise-stdv': '3.1250e-02',
[92mINFO [0m:      	        'per-client-num-examples': "['3200', '1600', '4800']",
[92mINFO [0m:      	        'per-client-train_loss': "['7.4759e-02', '4.2281e-02', '9.0565e-02']",
[92mINFO [0m:      	        'per-client-train_loss_mean': "['1.5020e-01', '2.0476e-01', "
[92mINFO [0m:      	                                      "'1.1929e-01']",
[92mINFO [0m:      	        'train_loss': '7.7249e-02',
[92mINFO [0m:      	        'train_loss_mean': '1.4384e-01'},
[92mINFO [0m:      	  16: { 'client-ids': "['0', '1', '2']",
[92mINFO [0m:      	        'dp-client-clipped': "['1', '1', '1']",
[92mINFO [0m:      	        'dp-client-ids': "['0', '1', '2']",
[92mINFO [0m:      	        'dp-expected-noise-l2-norm': '1.4876e+01',
[92mINFO [0m:      	        'dp-fraction-clipped': '1.0000e+00',
[92mINFO [0m:      	        'dp-noise-percent-of-signal': '4.7403e+02',
[92mINFO [0m:      	        'dp-noise-to-signal-ratio': '4.7403e+00',
[92mINFO [0m:      	        'dp-num-clients-clipped': '3',
[92mINFO [0m:      	        'dp-parameter-count': '226596',
[92mINFO [0m:      	        'dp-signal-update-norm': '3.1381e+00',
[92mINFO [0m:      	        'dp-update-norms-before-clipping': "['8.1851e+00', '5.4823e+00', "
[92mINFO [0m:      	                                           "'9.2488e+00']",
[92mINFO [0m:      	        'global-dp-noise-stdv': '3.1250e-02',
[92mINFO [0m:      	        'per-client-num-examples': "['3200', '1600', '4800']",
[92mINFO [0m:      	        'per-client-train_loss': "['1.0530e-01', '4.3764e-02', '8.0104e-02']",
[92mINFO [0m:      	        'per-client-train_loss_mean': "['1.4802e-01', '1.7603e-01', "
[92mINFO [0m:      	                                      "'1.1224e-01']",
[92mINFO [0m:      	        'train_loss': '8.2446e-02',
[92mINFO [0m:      	        'train_loss_mean': '1.3480e-01'},
[92mINFO [0m:      	  17: { 'client-ids': "['0', '1', '2']",
[92mINFO [0m:      	        'dp-client-clipped': "['1', '1', '1']",
[92mINFO [0m:      	        'dp-client-ids': "['0', '1', '2']",
[92mINFO [0m:      	        'dp-expected-noise-l2-norm': '1.4876e+01',
[92mINFO [0m:      	        'dp-fraction-clipped': '1.0000e+00',
[92mINFO [0m:      	        'dp-noise-percent-of-signal': '4.7615e+02',
[92mINFO [0m:      	        'dp-noise-to-signal-ratio': '4.7615e+00',
[92mINFO [0m:      	        'dp-num-clients-clipped': '3',
[92mINFO [0m:      	        'dp-parameter-count': '226596',
[92mINFO [0m:      	        'dp-signal-update-norm': '3.1242e+00',
[92mINFO [0m:      	        'dp-update-norms-before-clipping': "['7.7740e+00', '5.7898e+00', "
[92mINFO [0m:      	                                           "'9.1312e+00']",
[92mINFO [0m:      	        'global-dp-noise-stdv': '3.1250e-02',
[92mINFO [0m:      	        'per-client-num-examples': "['3200', '1600', '4800']",
[92mINFO [0m:      	        'per-client-train_loss': "['5.4769e-02', '4.6876e-02', '7.4472e-02']",
[92mINFO [0m:      	        'per-client-train_loss_mean': "['1.3610e-01', '1.7775e-01', "
[92mINFO [0m:      	                                      "'1.0563e-01']",
[92mINFO [0m:      	        'train_loss': '6.3305e-02',
[92mINFO [0m:      	        'train_loss_mean': '1.2781e-01'},
[92mINFO [0m:      	  18: { 'client-ids': "['0', '1', '2']",
[92mINFO [0m:      	        'dp-client-clipped': "['1', '1', '1']",
[92mINFO [0m:      	        'dp-client-ids': "['0', '1', '2']",
[92mINFO [0m:      	        'dp-expected-noise-l2-norm': '1.4876e+01',
[92mINFO [0m:      	        'dp-fraction-clipped': '1.0000e+00',
[92mINFO [0m:      	        'dp-noise-percent-of-signal': '4.7502e+02',
[92mINFO [0m:      	        'dp-noise-to-signal-ratio': '4.7502e+00',
[92mINFO [0m:      	        'dp-num-clients-clipped': '3',
[92mINFO [0m:      	        'dp-parameter-count': '226596',
[92mINFO [0m:      	        'dp-signal-update-norm': '3.1316e+00',
[92mINFO [0m:      	        'dp-update-norms-before-clipping': "['7.7813e+00', '5.4088e+00', "
[92mINFO [0m:      	                                           "'8.8288e+00']",
[92mINFO [0m:      	        'global-dp-noise-stdv': '3.1250e-02',
[92mINFO [0m:      	        'per-client-num-examples': "['3200', '1600', '4800']",
[92mINFO [0m:      	        'per-client-train_loss': "['5.5012e-02', '4.0963e-02', '4.4008e-02']",
[92mINFO [0m:      	        'per-client-train_loss_mean': "['1.2774e-01', '1.7171e-01', "
[92mINFO [0m:      	                                      "'9.6172e-02']",
[92mINFO [0m:      	        'train_loss': '4.7169e-02',
[92mINFO [0m:      	        'train_loss_mean': '1.1928e-01'},
[92mINFO [0m:      	  19: { 'client-ids': "['0', '1', '2']",
[92mINFO [0m:      	        'dp-client-clipped': "['1', '1', '1']",
[92mINFO [0m:      	        'dp-client-ids': "['0', '1', '2']",
[92mINFO [0m:      	        'dp-expected-noise-l2-norm': '1.4876e+01',
[92mINFO [0m:      	        'dp-fraction-clipped': '1.0000e+00',
[92mINFO [0m:      	        'dp-noise-percent-of-signal': '4.7422e+02',
[92mINFO [0m:      	        'dp-noise-to-signal-ratio': '4.7422e+00',
[92mINFO [0m:      	        'dp-num-clients-clipped': '3',
[92mINFO [0m:      	        'dp-parameter-count': '226596',
[92mINFO [0m:      	        'dp-signal-update-norm': '3.1368e+00',
[92mINFO [0m:      	        'dp-update-norms-before-clipping': "['7.5563e+00', '5.3749e+00', "
[92mINFO [0m:      	                                           "'9.0531e+00']",
[92mINFO [0m:      	        'global-dp-noise-stdv': '3.1250e-02',
[92mINFO [0m:      	        'per-client-num-examples': "['3200', '1600', '4800']",
[92mINFO [0m:      	        'per-client-train_loss': "['6.3396e-02', '4.5207e-02', '7.4348e-02']",
[92mINFO [0m:      	        'per-client-train_loss_mean': "['1.2222e-01', '1.8866e-01', "
[92mINFO [0m:      	                                      "'9.8594e-02']",
[92mINFO [0m:      	        'train_loss': '6.5840e-02',
[92mINFO [0m:      	        'train_loss_mean': '1.2148e-01'},
[92mINFO [0m:      	  20: { 'client-ids': "['0', '1', '2']",
[92mINFO [0m:      	        'dp-client-clipped': "['1', '1', '1']",
[92mINFO [0m:      	        'dp-client-ids': "['0', '1', '2']",
[92mINFO [0m:      	        'dp-expected-noise-l2-norm': '1.4876e+01',
[92mINFO [0m:      	        'dp-fraction-clipped': '1.0000e+00',
[92mINFO [0m:      	        'dp-noise-percent-of-signal': '4.7601e+02',
[92mINFO [0m:      	        'dp-noise-to-signal-ratio': '4.7601e+00',
[92mINFO [0m:      	        'dp-num-clients-clipped': '3',
[92mINFO [0m:      	        'dp-parameter-count': '226596',
[92mINFO [0m:      	        'dp-signal-update-norm': '3.1250e+00',
[92mINFO [0m:      	        'dp-update-norms-before-clipping': "['7.9687e+00', '5.3838e+00', "
[92mINFO [0m:      	                                           "'9.1626e+00']",
[92mINFO [0m:      	        'global-dp-noise-stdv': '3.1250e-02',
[92mINFO [0m:      	        'per-client-num-examples': "['3200', '1600', '4800']",
[92mINFO [0m:      	        'per-client-train_loss': "['6.8408e-02', '6.1408e-02', '6.1173e-02']",
[92mINFO [0m:      	        'per-client-train_loss_mean': "['1.1887e-01', '1.6192e-01', "
[92mINFO [0m:      	                                      "'9.0347e-02']",
[92mINFO [0m:      	        'train_loss': '6.3623e-02',
[92mINFO [0m:      	        'train_loss_mean': '1.1178e-01'}}
[92mINFO [0m:      	
[92mINFO [0m:      	Aggregated ClientApp-side Evaluate Metrics:
[92mINFO [0m:      	{ 1: { 'client-ids': "['0', '1', '2']",
[92mINFO [0m:      	       'eval_acc': '2.4958e-01',
[92mINFO [0m:      	       'eval_loss': '1.3711e+00',
[92mINFO [0m:      	       'per-client-eval_acc': "['2.5750e-01', '2.5500e-01', '2.4250e-01']",
[92mINFO [0m:      	       'per-client-eval_loss': "['1.3700e+00', '1.3692e+00', '1.3725e+00']",
[92mINFO [0m:      	       'per-client-num-examples': "['800', '400', '1200']"},
[92mINFO [0m:      	  2: { 'client-ids': "['0', '1', '2']",
[92mINFO [0m:      	       'eval_acc': '5.9750e-01',
[92mINFO [0m:      	       'eval_loss': '1.1318e+00',
[92mINFO [0m:      	       'per-client-eval_acc': "['6.1875e-01', '5.8250e-01', '5.8833e-01']",
[92mINFO [0m:      	       'per-client-eval_loss': "['1.1323e+00', '1.1389e+00', '1.1292e+00']",
[92mINFO [0m:      	       'per-client-num-examples': "['800', '400', '1200']"},
[92mINFO [0m:      	  3: { 'client-ids': "['0', '1', '2']",
[92mINFO [0m:      	       'eval_acc': '6.0458e-01',
[92mINFO [0m:      	       'eval_loss': '9.3164e-01',
[92mINFO [0m:      	       'per-client-eval_acc': "['6.0750e-01', '5.7500e-01', '6.1250e-01']",
[92mINFO [0m:      	       'per-client-eval_loss': "['9.3779e-01', '9.3917e-01', '9.2503e-01']",
[92mINFO [0m:      	       'per-client-num-examples': "['800', '400', '1200']"},
[92mINFO [0m:      	  4: { 'client-ids': "['0', '1', '2']",
[92mINFO [0m:      	       'eval_acc': '6.3208e-01',
[92mINFO [0m:      	       'eval_loss': '9.0392e-01',
[92mINFO [0m:      	       'per-client-eval_acc': "['6.2000e-01', '6.3500e-01', '6.3917e-01']",
[92mINFO [0m:      	       'per-client-eval_loss': "['9.1403e-01', '8.9030e-01', '9.0173e-01']",
[92mINFO [0m:      	       'per-client-num-examples': "['800', '400', '1200']"},
[92mINFO [0m:      	  5: { 'client-ids': "['0', '1', '2']",
[92mINFO [0m:      	       'eval_acc': '7.2417e-01',
[92mINFO [0m:      	       'eval_loss': '6.9599e-01',
[92mINFO [0m:      	       'per-client-eval_acc': "['7.0000e-01', '7.1500e-01', '7.4333e-01']",
[92mINFO [0m:      	       'per-client-eval_loss': "['7.2339e-01', '6.9232e-01', '6.7895e-01']",
[92mINFO [0m:      	       'per-client-num-examples': "['800', '400', '1200']"},
[92mINFO [0m:      	  6: { 'client-ids': "['0', '1', '2']",
[92mINFO [0m:      	       'eval_acc': '6.8292e-01',
[92mINFO [0m:      	       'eval_loss': '8.0623e-01',
[92mINFO [0m:      	       'per-client-eval_acc': "['6.6250e-01', '6.7000e-01', '7.0083e-01']",
[92mINFO [0m:      	       'per-client-eval_loss': "['8.2073e-01', '8.0858e-01', '7.9577e-01']",
[92mINFO [0m:      	       'per-client-num-examples': "['800', '400', '1200']"},
[92mINFO [0m:      	  7: { 'client-ids': "['0', '1', '2']",
[92mINFO [0m:      	       'eval_acc': '6.8042e-01',
[92mINFO [0m:      	       'eval_loss': '8.5091e-01',
[92mINFO [0m:      	       'per-client-eval_acc': "['6.7000e-01', '6.6500e-01', '6.9250e-01']",
[92mINFO [0m:      	       'per-client-eval_loss': "['8.7836e-01', '8.6031e-01', '8.2948e-01']",
[92mINFO [0m:      	       'per-client-num-examples': "['800', '400', '1200']"},
[92mINFO [0m:      	  8: { 'client-ids': "['0', '1', '2']",
[92mINFO [0m:      	       'eval_acc': '6.9667e-01',
[92mINFO [0m:      	       'eval_loss': '9.2037e-01',
[92mINFO [0m:      	       'per-client-eval_acc': "['6.8750e-01', '6.9000e-01', '7.0500e-01']",
[92mINFO [0m:      	       'per-client-eval_loss': "['9.3937e-01', '9.5138e-01', '8.9737e-01']",
[92mINFO [0m:      	       'per-client-num-examples': "['800', '400', '1200']"},
[92mINFO [0m:      	  9: { 'client-ids': "['0', '1', '2']",
[92mINFO [0m:      	       'eval_acc': '7.0208e-01',
[92mINFO [0m:      	       'eval_loss': '9.2826e-01',
[92mINFO [0m:      	       'per-client-eval_acc': "['6.9125e-01', '7.0250e-01', '7.0917e-01']",
[92mINFO [0m:      	       'per-client-eval_loss': "['9.7463e-01', '9.4573e-01', '8.9151e-01']",
[92mINFO [0m:      	       'per-client-num-examples': "['800', '400', '1200']"},
[92mINFO [0m:      	  10: { 'client-ids': "['0', '1', '2']",
[92mINFO [0m:      	        'eval_acc': '7.2000e-01',
[92mINFO [0m:      	        'eval_loss': '9.5677e-01',
[92mINFO [0m:      	        'per-client-eval_acc': "['7.0750e-01', '7.2250e-01', '7.2750e-01']",
[92mINFO [0m:      	        'per-client-eval_loss': "['1.0218e+00', '9.6768e-01', '9.0981e-01']",
[92mINFO [0m:      	        'per-client-num-examples': "['800', '400', '1200']"},
[92mINFO [0m:      	  11: { 'client-ids': "['0', '1', '2']",
[92mINFO [0m:      	        'eval_acc': '7.5083e-01',
[92mINFO [0m:      	        'eval_loss': '8.9113e-01',
[92mINFO [0m:      	        'per-client-eval_acc': "['7.2750e-01', '7.6750e-01', '7.6083e-01']",
[92mINFO [0m:      	        'per-client-eval_loss': "['9.3479e-01', '8.2874e-01', '8.8282e-01']",
[92mINFO [0m:      	        'per-client-num-examples': "['800', '400', '1200']"},
[92mINFO [0m:      	  12: { 'client-ids': "['0', '1', '2']",
[92mINFO [0m:      	        'eval_acc': '7.3708e-01',
[92mINFO [0m:      	        'eval_loss': '1.0869e+00',
[92mINFO [0m:      	        'per-client-eval_acc': "['7.4000e-01', '7.3250e-01', '7.3667e-01']",
[92mINFO [0m:      	        'per-client-eval_loss': "['1.0644e+00', '1.0324e+00', '1.1200e+00']",
[92mINFO [0m:      	        'per-client-num-examples': "['800', '400', '1200']"},
[92mINFO [0m:      	  13: { 'client-ids': "['0', '1', '2']",
[92mINFO [0m:      	        'eval_acc': '7.3833e-01',
[92mINFO [0m:      	        'eval_loss': '1.1210e+00',
[92mINFO [0m:      	        'per-client-eval_acc': "['7.2375e-01', '7.4250e-01', '7.4667e-01']",
[92mINFO [0m:      	        'per-client-eval_loss': "['1.1388e+00', '1.1131e+00', '1.1119e+00']",
[92mINFO [0m:      	        'per-client-num-examples': "['800', '400', '1200']"},
[92mINFO [0m:      	  14: { 'client-ids': "['0', '1', '2']",
[92mINFO [0m:      	        'eval_acc': '7.0083e-01',
[92mINFO [0m:      	        'eval_loss': '1.2678e+00',
[92mINFO [0m:      	        'per-client-eval_acc': "['6.8625e-01', '7.0000e-01', '7.1083e-01']",
[92mINFO [0m:      	        'per-client-eval_loss': "['1.3342e+00', '1.2327e+00', '1.2353e+00']",
[92mINFO [0m:      	        'per-client-num-examples': "['800', '400', '1200']"},
[92mINFO [0m:      	  15: { 'client-ids': "['0', '1', '2']",
[92mINFO [0m:      	        'eval_acc': '7.0417e-01',
[92mINFO [0m:      	        'eval_loss': '1.2908e+00',
[92mINFO [0m:      	        'per-client-eval_acc': "['7.0125e-01', '7.1000e-01', '7.0417e-01']",
[92mINFO [0m:      	        'per-client-eval_loss': "['1.3365e+00', '1.2778e+00', '1.2647e+00']",
[92mINFO [0m:      	        'per-client-num-examples': "['800', '400', '1200']"},
[92mINFO [0m:      	  16: { 'client-ids': "['0', '1', '2']",
[92mINFO [0m:      	        'eval_acc': '7.5250e-01',
[92mINFO [0m:      	        'eval_loss': '1.1556e+00',
[92mINFO [0m:      	        'per-client-eval_acc': "['7.4125e-01', '7.5750e-01', '7.5833e-01']",
[92mINFO [0m:      	        'per-client-eval_loss': "['1.1299e+00', '1.2404e+00', '1.1444e+00']",
[92mINFO [0m:      	        'per-client-num-examples': "['800', '400', '1200']"},
[92mINFO [0m:      	  17: { 'client-ids': "['0', '1', '2']",
[92mINFO [0m:      	        'eval_acc': '7.5500e-01',
[92mINFO [0m:      	        'eval_loss': '1.1593e+00',
[92mINFO [0m:      	        'per-client-eval_acc': "['7.7250e-01', '7.4500e-01', '7.4667e-01']",
[92mINFO [0m:      	        'per-client-eval_loss': "['1.0661e+00', '1.0963e+00', '1.2425e+00']",
[92mINFO [0m:      	        'per-client-num-examples': "['800', '400', '1200']"},
[92mINFO [0m:      	  18: { 'client-ids': "['0', '1', '2']",
[92mINFO [0m:      	        'eval_acc': '7.4125e-01',
[92mINFO [0m:      	        'eval_loss': '1.3881e+00',
[92mINFO [0m:      	        'per-client-eval_acc': "['7.4875e-01', '7.3750e-01', '7.3750e-01']",
[92mINFO [0m:      	        'per-client-eval_loss': "['1.3410e+00', '1.5123e+00', '1.3781e+00']",
[92mINFO [0m:      	        'per-client-num-examples': "['800', '400', '1200']"},
[92mINFO [0m:      	  19: { 'client-ids': "['0', '1', '2']",
[92mINFO [0m:      	        'eval_acc': '7.5292e-01',
[92mINFO [0m:      	        'eval_loss': '1.3153e+00',
[92mINFO [0m:      	        'per-client-eval_acc': "['7.4500e-01', '7.4250e-01', '7.6167e-01']",
[92mINFO [0m:      	        'per-client-eval_loss': "['1.3418e+00', '1.3912e+00', '1.2723e+00']",
[92mINFO [0m:      	        'per-client-num-examples': "['800', '400', '1200']"},
[92mINFO [0m:      	  20: { 'client-ids': "['0', '1', '2']",
[92mINFO [0m:      	        'eval_acc': '7.4417e-01',
[92mINFO [0m:      	        'eval_loss': '1.3926e+00',
[92mINFO [0m:      	        'per-client-eval_acc': "['7.3875e-01', '7.1750e-01', '7.5667e-01']",
[92mINFO [0m:      	        'per-client-eval_loss': "['1.4126e+00', '1.5877e+00', '1.3142e+00']",
[92mINFO [0m:      	        'per-client-num-examples': "['800', '400', '1200']"}}
[92mINFO [0m:      	
[92mINFO [0m:      	ServerApp-side Evaluate Metrics:
[92mINFO [0m:      	{ 0: { 'accuracy': '2.5000e-01',
[92mINFO [0m:      	       'auc': '4.8709e-01',
[92mINFO [0m:      	       'f1': '1.0000e-01',
[92mINFO [0m:      	       'loss': '1.3893e+00',
[92mINFO [0m:      	       'precision': '6.2500e-02'},
[92mINFO [0m:      	  1: { 'accuracy': '2.5000e-01',
[92mINFO [0m:      	       'auc': '6.1386e-01',
[92mINFO [0m:      	       'f1': '1.0004e-01',
[92mINFO [0m:      	       'loss': '1.3704e+00',
[92mINFO [0m:      	       'precision': '6.2531e-02'},
[92mINFO [0m:      	  2: { 'accuracy': '6.2000e-01',
[92mINFO [0m:      	       'auc': '8.6131e-01',
[92mINFO [0m:      	       'f1': '5.9832e-01',
[92mINFO [0m:      	       'loss': '1.1166e+00',
[92mINFO [0m:      	       'precision': '6.6565e-01'},
[92mINFO [0m:      	  3: { 'accuracy': '6.3150e-01',
[92mINFO [0m:      	       'auc': '8.7039e-01',
[92mINFO [0m:      	       'f1': '6.1147e-01',
[92mINFO [0m:      	       'loss': '9.0059e-01',
[92mINFO [0m:      	       'precision': '6.9429e-01'},
[92mINFO [0m:      	  4: { 'accuracy': '6.2850e-01',
[92mINFO [0m:      	       'auc': '8.6019e-01',
[92mINFO [0m:      	       'f1': '6.0977e-01',
[92mINFO [0m:      	       'loss': '8.9631e-01',
[92mINFO [0m:      	       'precision': '6.4375e-01'},
[92mINFO [0m:      	  5: { 'accuracy': '7.2850e-01',
[92mINFO [0m:      	       'auc': '9.2032e-01',
[92mINFO [0m:      	       'f1': '7.2549e-01',
[92mINFO [0m:      	       'loss': '6.8389e-01',
[92mINFO [0m:      	       'precision': '7.2469e-01'},
[92mINFO [0m:      	  6: { 'accuracy': '7.0050e-01',
[92mINFO [0m:      	       'auc': '9.0682e-01',
[92mINFO [0m:      	       'f1': '7.0569e-01',
[92mINFO [0m:      	       'loss': '7.5364e-01',
[92mINFO [0m:      	       'precision': '7.3064e-01'},
[92mINFO [0m:      	  7: { 'accuracy': '6.8450e-01',
[92mINFO [0m:      	       'auc': '8.9093e-01',
[92mINFO [0m:      	       'f1': '6.8922e-01',
[92mINFO [0m:      	       'loss': '8.5717e-01',
[92mINFO [0m:      	       'precision': '7.2286e-01'},
[92mINFO [0m:      	  8: { 'accuracy': '6.8850e-01',
[92mINFO [0m:      	       'auc': '9.0411e-01',
[92mINFO [0m:      	       'f1': '6.9574e-01',
[92mINFO [0m:      	       'loss': '9.0486e-01',
[92mINFO [0m:      	       'precision': '7.2309e-01'},
[92mINFO [0m:      	  9: { 'accuracy': '7.1000e-01',
[92mINFO [0m:      	       'auc': '9.0975e-01',
[92mINFO [0m:      	       'f1': '7.1075e-01',
[92mINFO [0m:      	       'loss': '9.2905e-01',
[92mINFO [0m:      	       'precision': '7.4006e-01'},
[92mINFO [0m:      	  10: { 'accuracy': '7.1350e-01',
[92mINFO [0m:      	        'auc': '9.1389e-01',
[92mINFO [0m:      	        'f1': '7.1435e-01',
[92mINFO [0m:      	        'loss': '9.1446e-01',
[92mINFO [0m:      	        'precision': '7.1813e-01'},
[92mINFO [0m:      	  11: { 'accuracy': '7.7300e-01',
[92mINFO [0m:      	        'auc': '9.3461e-01',
[92mINFO [0m:      	        'f1': '7.7187e-01',
[92mINFO [0m:      	        'loss': '8.0948e-01',
[92mINFO [0m:      	        'precision': '7.7178e-01'},
[92mINFO [0m:      	  12: { 'accuracy': '7.5200e-01',
[92mINFO [0m:      	        'auc': '9.2831e-01',
[92mINFO [0m:      	        'f1': '7.4977e-01',
[92mINFO [0m:      	        'loss': '1.0321e+00',
[92mINFO [0m:      	        'precision': '7.5316e-01'},
[92mINFO [0m:      	  13: { 'accuracy': '7.2500e-01',
[92mINFO [0m:      	        'auc': '9.2087e-01',
[92mINFO [0m:      	        'f1': '7.2225e-01',
[92mINFO [0m:      	        'loss': '1.1474e+00',
[92mINFO [0m:      	        'precision': '7.2517e-01'},
[92mINFO [0m:      	  14: { 'accuracy': '7.0050e-01',
[92mINFO [0m:      	        'auc': '9.0429e-01',
[92mINFO [0m:      	        'f1': '6.9449e-01',
[92mINFO [0m:      	        'loss': '1.2471e+00',
[92mINFO [0m:      	        'precision': '7.1276e-01'},
[92mINFO [0m:      	  15: { 'accuracy': '7.1550e-01',
[92mINFO [0m:      	        'auc': '9.0834e-01',
[92mINFO [0m:      	        'f1': '7.0886e-01',
[92mINFO [0m:      	        'loss': '1.2210e+00',
[92mINFO [0m:      	        'precision': '7.2290e-01'},
[92mINFO [0m:      	  16: { 'accuracy': '7.3650e-01',
[92mINFO [0m:      	        'auc': '9.2503e-01',
[92mINFO [0m:      	        'f1': '7.3865e-01',
[92mINFO [0m:      	        'loss': '1.1930e+00',
[92mINFO [0m:      	        'precision': '7.6143e-01'},
[92mINFO [0m:      	  17: { 'accuracy': '7.5250e-01',
[92mINFO [0m:      	        'auc': '9.2984e-01',
[92mINFO [0m:      	        'f1': '7.5095e-01',
[92mINFO [0m:      	        'loss': '1.1568e+00',
[92mINFO [0m:      	        'precision': '7.5076e-01'},
[92mINFO [0m:      	  18: { 'accuracy': '7.5950e-01',
[92mINFO [0m:      	        'auc': '9.3227e-01',
[92mINFO [0m:      	        'f1': '7.5823e-01',
[92mINFO [0m:      	        'loss': '1.1938e+00',
[92mINFO [0m:      	        'precision': '7.5949e-01'},
[92mINFO [0m:      	  19: { 'accuracy': '7.5950e-01',
[92mINFO [0m:      	        'auc': '9.3201e-01',
[92mINFO [0m:      	        'f1': '7.6103e-01',
[92mINFO [0m:      	        'loss': '1.2249e+00',
[92mINFO [0m:      	        'precision': '7.6733e-01'},
[92mINFO [0m:      	  20: { 'accuracy': '7.4700e-01',
[92mINFO [0m:      	        'auc': '9.2231e-01',
[92mINFO [0m:      	        'f1': '7.4996e-01',
[92mINFO [0m:      	        'loss': '1.4156e+00',
[92mINFO [0m:      	        'precision': '7.6481e-01'}}
[92mINFO [0m:      
Round 1 checkpoint written to /content/metricdp-pytorch/results/planned_runs/cifar/full/in-replace/clients-3/seed-44/ratio-0p00625/runs/cifar-full-in-replace__non-iid__global-dp__fedavg__clients-3__seed-44__nm0p01875__clip5__rounds-20__epochs-5__cifar_chunks__cifar10_cnn.round-1.pt
Round 2 checkpoint written to /content/metricdp-pytorch/results/planned_runs/cifar/full/in-replace/clients-3/seed-44/ratio-0p00625/runs/cifar-full-in-replace__non-iid__global-dp__fedavg__clients-3__seed-44__nm0p01875__clip5__rounds-20__epochs-5__cifar_chunks__cifar10_cnn.round-2.pt
Round 3 checkpoint written to /content/metricdp-pytorch/results/planned_runs/cifar/full/in-replace/clients-3/seed-44/ratio-0p00625/runs/cifar-full-in-replace__non-iid__global-dp__fedavg__clients-3__seed-44__nm0p01875__clip5__rounds-20__epochs-5__cifar_chunks__cifar10_cnn.round-3.pt
Round 4 checkpoint written to /content/metricdp-pytorch/results/planned_runs/cifar/full/in-replace/clients-3/seed-44/ratio-0p00625/runs/cifar-full-in-replace__non-iid__global-dp__fedavg__clients-3__seed-44__nm0p01875__clip5__rounds-20__epochs-5__cifar_chunks__cifar10_cnn.round-4.pt
Round 5 checkpoint written to /content/metricdp-pytorch/results/planned_runs/cifar/full/in-replace/clients-3/seed-44/ratio-0p00625/runs/cifar-full-in-replace__non-iid__global-dp__fedavg__clients-3__seed-44__nm0p01875__clip5__rounds-20__epochs-5__cifar_chunks__cifar10_cnn.round-5.pt
Round 6 checkpoint written to /content/metricdp-pytorch/results/planned_runs/cifar/full/in-replace/clients-3/seed-44/ratio-0p00625/runs/cifar-full-in-replace__non-iid__global-dp__fedavg__clients-3__seed-44__nm0p01875__clip5__rounds-20__epochs-5__cifar_chunks__cifar10_cnn.round-6.pt
Round 7 checkpoint written to /content/metricdp-pytorch/results/planned_runs/cifar/full/in-replace/clients-3/seed-44/ratio-0p00625/runs/cifar-full-in-replace__non-iid__global-dp__fedavg__clients-3__seed-44__nm0p01875__clip5__rounds-20__epochs-5__cifar_chunks__cifar10_cnn.round-7.pt
Round 8 checkpoint written to /content/metricdp-pytorch/results/planned_runs/cifar/full/in-replace/clients-3/seed-44/ratio-0p00625/runs/cifar-full-in-replace__non-iid__global-dp__fedavg__clients-3__seed-44__nm0p01875__clip5__rounds-20__epochs-5__cifar_chunks__cifar10_cnn.round-8.pt
Round 9 checkpoint written to /content/metricdp-pytorch/results/planned_runs/cifar/full/in-replace/clients-3/seed-44/ratio-0p00625/runs/cifar-full-in-replace__non-iid__global-dp__fedavg__clients-3__seed-44__nm0p01875__clip5__rounds-20__epochs-5__cifar_chunks__cifar10_cnn.round-9.pt
Round 10 checkpoint written to /content/metricdp-pytorch/results/planned_runs/cifar/full/in-replace/clients-3/seed-44/ratio-0p00625/runs/cifar-full-in-replace__non-iid__global-dp__fedavg__clients-3__seed-44__nm0p01875__clip5__rounds-20__epochs-5__cifar_chunks__cifar10_cnn.round-10.pt
Round 11 checkpoint written to /content/metricdp-pytorch/results/planned_runs/cifar/full/in-replace/clients-3/seed-44/ratio-0p00625/runs/cifar-full-in-replace__non-iid__global-dp__fedavg__clients-3__seed-44__nm0p01875__clip5__rounds-20__epochs-5__cifar_chunks__cifar10_cnn.round-11.pt
Round 12 checkpoint written to /content/metricdp-pytorch/results/planned_runs/cifar/full/in-replace/clients-3/seed-44/ratio-0p00625/runs/cifar-full-in-replace__non-iid__global-dp__fedavg__clients-3__seed-44__nm0p01875__clip5__rounds-20__epochs-5__cifar_chunks__cifar10_cnn.round-12.pt
Round 13 checkpoint written to /content/metricdp-pytorch/results/planned_runs/cifar/full/in-replace/clients-3/seed-44/ratio-0p00625/runs/cifar-full-in-replace__non-iid__global-dp__fedavg__clients-3__seed-44__nm0p01875__clip5__rounds-20__epochs-5__cifar_chunks__cifar10_cnn.round-13.pt
Round 14 checkpoint written to /content/metricdp-pytorch/results/planned_runs/cifar/full/in-replace/clients-3/seed-44/ratio-0p00625/runs/cifar-full-in-replace__non-iid__global-dp__fedavg__clients-3__seed-44__nm0p01875__clip5__rounds-20__epochs-5__cifar_chunks__cifar10_cnn.round-14.pt
Round 15 checkpoint written to /content/metricdp-pytorch/results/planned_runs/cifar/full/in-replace/clients-3/seed-44/ratio-0p00625/runs/cifar-full-in-replace__non-iid__global-dp__fedavg__clients-3__seed-44__nm0p01875__clip5__rounds-20__epochs-5__cifar_chunks__cifar10_cnn.round-15.pt
Round 16 checkpoint written to /content/metricdp-pytorch/results/planned_runs/cifar/full/in-replace/clients-3/seed-44/ratio-0p00625/runs/cifar-full-in-replace__non-iid__global-dp__fedavg__clients-3__seed-44__nm0p01875__clip5__rounds-20__epochs-5__cifar_chunks__cifar10_cnn.round-16.pt
Round 17 checkpoint written to /content/metricdp-pytorch/results/planned_runs/cifar/full/in-replace/clients-3/seed-44/ratio-0p00625/runs/cifar-full-in-replace__non-iid__global-dp__fedavg__clients-3__seed-44__nm0p01875__clip5__rounds-20__epochs-5__cifar_chunks__cifar10_cnn.round-17.pt
Round 18 checkpoint written to /content/metricdp-pytorch/results/planned_runs/cifar/full/in-replace/clients-3/seed-44/ratio-0p00625/runs/cifar-full-in-replace__non-iid__global-dp__fedavg__clients-3__seed-44__nm0p01875__clip5__rounds-20__epochs-5__cifar_chunks__cifar10_cnn.round-18.pt
Round 19 checkpoint written to /content/metricdp-pytorch/results/planned_runs/cifar/full/in-replace/clients-3/seed-44/ratio-0p00625/runs/cifar-full-in-replace__non-iid__global-dp__fedavg__clients-3__seed-44__nm0p01875__clip5__rounds-20__epochs-5__cifar_chunks__cifar10_cnn.round-19.pt
Round 20 checkpoint written to /content/metricdp-pytorch/results/planned_runs/cifar/full/in-replace/clients-3/seed-44/ratio-0p00625/runs/cifar-full-in-replace__non-iid__global-dp__fedavg__clients-3__seed-44__nm0p01875__clip5__rounds-20__epochs-5__cifar_chunks__cifar10_cnn.round-20.pt
Experiment result written to /content/metricdp-pytorch/results/planned_runs/cifar/full/in-replace/clients-3/seed-44/ratio-0p00625/runs/cifar-full-in-replace__non-iid__global-dp__fedavg__clients-3__seed-44__nm0p01875__clip5__rounds-20__epochs-5__cifar_chunks__cifar10_cnn.json
/usr/lib/python3.12/multiprocessing/popen_fork.py:66: DeprecationWarning: This process (pid=2101) is multi-threaded, use of fork() may lead to deadlocks in the child.
  self.pid = os.fork()
[36m(ClientAppActor pid=2684)[0m /usr/lib/python3.12/multiprocessing/popen_fork.py:66: DeprecationWarning: This process (pid=2684) is multi-threaded, use of fork() may lead to deadlocks in the child.[32m [repeated 2x across cluster][0m
[36m(ClientAppActor pid=2684)[0m   self.pid = os.fork()[32m [repeated 2x across cluster][0m
Detailed evaluation written to /content/metricdp-pytorch/results/planned_runs/cifar/full/in-replace/clients-3/seed-44/ratio-0p00625/runs/cifar-full-in-replace__non-iid__global-dp__fedavg__clients-3__seed-44__nm0p01875__clip5__rounds-20__epochs-5__cifar_chunks__cifar10_cnn.evaluation.json and /content/metricdp-pytorch/results/planned_runs/cifar/full/in-replace/clients-3/seed-44/ratio-0p00625/runs/cifar-full-in-replace__non-iid__global-dp__fedavg__clients-3__seed-44__nm0p01875__clip5__rounds-20__epochs-5__cifar_chunks__cifar10_cnn.predictions.npz
Result: /content/metricdp-pytorch/results/planned_runs/cifar/full/in-replace/clients-3/seed-44/ratio-0p00625/runs/cifar-full-in-replace__non-iid__global-dp__fedavg__clients-3__seed-44__nm0p01875__clip5__rounds-20__epochs-5__cifar_chunks__cifar10_cnn.json
Final server metrics: {'loss': 1.4155727899074555, 'accuracy': 0.747, 'f1': 0.7499649556087974, 'precision': 0.7648062613940222, 'auc': 0.9223072916666667}
2026-08-05 17:01:36 DONE  cifar-full-in-replace__non-iid__global-dp__fedavg__clients-3__seed-44__nm0p01875__clip5__rounds-20__epochs-5__cifar_chunks__cifar10_cnn (248.0s)
Warning: You are sending unauthenticated requests to the HF Hub. Please set a HF_TOKEN to enable higher rate limits and faster downloads.
2026-08-05 17:01:45 EVALUATED cifar-full-in-replace__non-iid__global-dp__fedavg__clients-3__seed-44__nm0p01875__clip5__rounds-20__epochs-5__cifar_chunks__cifar10_cnn round=1 (checkpoint deleted)
2026-08-05 17:01:51 EVALUATED cifar-full-in-replace__non-iid__global-dp__fedavg__clients-3__seed-44__nm0p01875__clip5__rounds-20__epochs-5__cifar_chunks__cifar10_cnn round=2 (checkpoint deleted)
2026-08-05 17:01:56 EVALUATED cifar-full-in-replace__non-iid__global-dp__fedavg__clients-3__seed-44__nm0p01875__clip5__rounds-20__epochs-5__cifar_chunks__cifar10_cnn round=3 (checkpoint deleted)
2026-08-05 17:02:02 EVALUATED cifar-full-in-replace__non-iid__global-dp__fedavg__clients-3__seed-44__nm0p01875__clip5__rounds-20__epochs-5__cifar_chunks__cifar10_cnn round=4 (checkpoint deleted)
2026-08-05 17:02:07 EVALUATED cifar-full-in-replace__non-iid__global-dp__fedavg__clients-3__seed-44__nm0p01875__clip5__rounds-20__epochs-5__cifar_chunks__cifar10_cnn round=5 (checkpoint deleted)
2026-08-05 17:02:13 EVALUATED cifar-full-in-replace__non-iid__global-dp__fedavg__clients-3__seed-44__nm0p01875__clip5__rounds-20__epochs-5__cifar_chunks__cifar10_cnn round=6 (checkpoint deleted)
2026-08-05 17:02:18 EVALUATED cifar-full-in-replace__non-iid__global-dp__fedavg__clients-3__seed-44__nm0p01875__clip5__rounds-20__epochs-5__cifar_chunks__cifar10_cnn round=7 (checkpoint deleted)
2026-08-05 17:02:24 EVALUATED cifar-full-in-replace__non-iid__global-dp__fedavg__clients-3__seed-44__nm0p01875__clip5__rounds-20__epochs-5__cifar_chunks__cifar10_cnn round=8 (checkpoint deleted)
2026-08-05 17:02:29 EVALUATED cifar-full-in-replace__non-iid__global-dp__fedavg__clients-3__seed-44__nm0p01875__clip5__rounds-20__epochs-5__cifar_chunks__cifar10_cnn round=9 (checkpoint deleted)
2026-08-05 17:02:35 EVALUATED cifar-full-in-replace__non-iid__global-dp__fedavg__clients-3__seed-44__nm0p01875__clip5__rounds-20__epochs-5__cifar_chunks__cifar10_cnn round=10 (checkpoint deleted)
2026-08-05 17:02:40 EVALUATED cifar-full-in-replace__non-iid__global-dp__fedavg__clients-3__seed-44__nm0p01875__clip5__rounds-20__epochs-5__cifar_chunks__cifar10_cnn round=11 (checkpoint deleted)
2026-08-05 17:02:46 EVALUATED cifar-full-in-replace__non-iid__global-dp__fedavg__clients-3__seed-44__nm0p01875__clip5__rounds-20__epochs-5__cifar_chunks__cifar10_cnn round=12 (checkpoint deleted)
2026-08-05 17:02:51 EVALUATED cifar-full-in-replace__non-iid__global-dp__fedavg__clients-3__seed-44__nm0p01875__clip5__rounds-20__epochs-5__cifar_chunks__cifar10_cnn round=13 (checkpoint deleted)
2026-08-05 17:02:57 EVALUATED cifar-full-in-replace__non-iid__global-dp__fedavg__clients-3__seed-44__nm0p01875__clip5__rounds-20__epochs-5__cifar_chunks__cifar10_cnn round=14 (checkpoint deleted)
2026-08-05 17:03:03 EVALUATED cifar-full-in-replace__non-iid__global-dp__fedavg__clients-3__seed-44__nm0p01875__clip5__rounds-20__epochs-5__cifar_chunks__cifar10_cnn round=15 (checkpoint deleted)
2026-08-05 17:03:08 EVALUATED cifar-full-in-replace__non-iid__global-dp__fedavg__clients-3__seed-44__nm0p01875__clip5__rounds-20__epochs-5__cifar_chunks__cifar10_cnn round=16 (checkpoint deleted)
2026-08-05 17:03:14 EVALUATED cifar-full-in-replace__non-iid__global-dp__fedavg__clients-3__seed-44__nm0p01875__clip5__rounds-20__epochs-5__cifar_chunks__cifar10_cnn round=17 (checkpoint deleted)
2026-08-05 17:03:19 EVALUATED cifar-full-in-replace__non-iid__global-dp__fedavg__clients-3__seed-44__nm0p01875__clip5__rounds-20__epochs-5__cifar_chunks__cifar10_cnn round=18 (checkpoint deleted)
2026-08-05 17:03:25 EVALUATED cifar-full-in-replace__non-iid__global-dp__fedavg__clients-3__seed-44__nm0p01875__clip5__rounds-20__epochs-5__cifar_chunks__cifar10_cnn round=19 (checkpoint deleted)
2026-08-05 17:03:30 EVALUATED cifar-full-in-replace__non-iid__global-dp__fedavg__clients-3__seed-44__nm0p01875__clip5__rounds-20__epochs-5__cifar_chunks__cifar10_cnn round=20 (checkpoint deleted)
2026-08-05 17:03:30 PROGRESS 1/2 (0 failed so far)
2026-08-05 17:03:30 START cifar-full-in-replace__non-iid__metric-privacy__fedavg__clients-3__seed-44__nm0p01875__clip5__rounds-20__epochs-5__cifar_chunks__cifar10_cnn 
{
  "partition-mode": "non-iid",
  "partition-profile": "auto",
  "client-weights": "",
  "data-module": "experiments.cia.scripts.cifar_chunks:create_cifar_in_replace",
  "model-module": "experiments.reproduce.cifar10_cnn:create_model",
  "data-cache-dir": "",
  "privacy": "metric-privacy",
  "aggregation": "fedavg",
  "seed": 44,
  "num-server-rounds": 20,
  "num-clients": 3,
  "fraction-evaluate": 1.0,
  "local-epochs": 5,
  "learning-rate": 0.001,
  "batch-size": 32,
  "initialization-batch-size": 32,
  "initialization-epochs": 20,
  "initialization-learning-rate": 0.001,
  "max-client-samples": 0,
  "max-test-samples": 0,
  "noise-multiplier": 0.018750000000000003,
  "clipping-norm": 5.0,
  "output-dir": "/content/metricdp-pytorch/results/planned_runs/cifar/full/in-replace/clients-3/seed-44/ratio-0p00625/runs",
  "run-name": "cifar-full-in-replace__non-iid__metric-privacy__fedavg__clients-3__seed-44__nm0p01875__clip5__rounds-20__epochs-5__cifar_chunks__cifar10_cnn",
  "checkpoint-rounds": [
    1,
    2,
    3,
    4,
    5,
    6,
    7,
    8,
    9,
    10,
    11,
    12,
    13,
    14,
    15,
    16,
    17,
    18,
    19,
    20
  ]
}
2026-08-05 17:03:34.261577: I tensorflow/core/util/port.cc:153] oneDNN custom operations are on. You may see slightly different numerical results due to floating-point round-off errors from different computation orders. To turn them off, set the environment variable `TF_ENABLE_ONEDNN_OPTS=0`.
2026-08-05 17:03:34.331079: I tensorflow/core/platform/cpu_feature_guard.cc:210] This TensorFlow binary is optimized to use available CPU instructions in performance-critical operations.
To enable the following instructions: AVX2 AVX512F AVX512_VNNI FMA, in other operations, rebuild TensorFlow with the appropriate compiler flags.
[93mWARNING [0m:   DEPRECATED FEATURE: The `run_simulation` function is deprecated and will be removed in a future version of Flower. Please use `flwr run` in the CLI instead to run your simulation. Refer to the Flower Tutorials for more details: https://flower.ai/docs/framework/tutorial-quickstart-pytorch.html

            This is a deprecated feature. It will be removed
            entirely in future versions of Flower.
        
Warning: You are sending unauthenticated requests to the HF Hub. Please set a HF_TOKEN to enable higher rate limits and faster downloads.
[92mINFO [0m:      Starting MetricPrivacyServerSideFixedClipping strategy:
[92mINFO [0m:      	├── Number of rounds: 20
[92mINFO [0m:      	├── ArrayRecord (0.87 MB)
[92mINFO [0m:      	├── ConfigRecord (train): {'lr': 0.001}
[92mINFO [0m:      	├── ConfigRecord (evaluate): (empty!)
[92mINFO [0m:      	├──> Metric-aware DP settings:
[92mINFO [0m:      	│	├── Base noise multiplier: 0.018750000000000003
[92mINFO [0m:      	│	└── Clipping norm: 5.0
[92mINFO [0m:      	├──> Sampling:
[92mINFO [0m:      	│	├──Fraction: train (1.00) | evaluate ( 1.00)
[92mINFO [0m:      	│	├──Minimum nodes: train (3) | evaluate (3)
[92mINFO [0m:      	│	└──Minimum available nodes: 3
[92mINFO [0m:      	└──> Keys in records:
[92mINFO [0m:      		├── Weighted by: 'num-examples'
[92mINFO [0m:      		├── ArrayRecord key: 'arrays'
[92mINFO [0m:      		└── ConfigRecord key: 'config'
[92mINFO [0m:      
/usr/lib/python3.12/multiprocessing/popen_fork.py:66: DeprecationWarning: This process (pid=6156) is multi-threaded, use of fork() may lead to deadlocks in the child.
  self.pid = os.fork()
[92mINFO [0m:      Initial global evaluation results: {'loss': 1.3892939643859863, 'accuracy': 0.25, 'f1': 0.1, 'precision': 0.0625, 'auc': 0.48708850000000004}
[92mINFO [0m:      
[92mINFO [0m:      [ROUND 1/20]
[92mINFO [0m:      configure_train: Sampled 3 nodes (out of 3)
/usr/local/lib/python3.12/dist-packages/ray/_private/worker.py:2051: FutureWarning: Tip: In future versions of Ray, Ray will no longer override accelerator visible devices env var if num_gpus=0 or num_gpus=None (default). To enable this behavior and turn off this error message, set RAY_ACCEL_ENV_VAR_OVERRIDE_ON_ZERO=0
  warnings.warn(
[36m(ClientAppActor pid=6707)[0m Warning: You are sending unauthenticated requests to the HF Hub. Please set a HF_TOKEN to enable higher rate limits and faster downloads.
[36m(ClientAppActor pid=6707)[0m /usr/lib/python3.12/multiprocessing/popen_fork.py:66: DeprecationWarning: This process (pid=6707) is multi-threaded, use of fork() may lead to deadlocks in the child.
[36m(ClientAppActor pid=6707)[0m   self.pid = os.fork()
[92mINFO [0m:      aggregate_train: maximum pairwise model distance: 2.039641
[92mINFO [0m:      aggregate_train: Received 3 results and 0 failures
[92mINFO [0m:      aggregate_fit: parameters are clipped by value: 5.0000.
[92mINFO [0m:      aggregate_fit: parameters are clipped by value: 5.0000.
[92mINFO [0m:      aggregate_fit: parameters are clipped by value: 5.0000.
[92mINFO [0m:      aggregate_train: Received 3 results and 0 failures
[92mINFO [0m:      aggregate_train: metric-aware noise with 0.015321 stdev added
[92mINFO [0m:      	└──> Aggregated MetricRecord: {'train_loss': 0.8134808927774428, 'train_loss_mean': 0.980878584742546, 'client-ids': [0, 1, 2], 'per-client-num-examples': [3200, 1600, 4800], 'per-client-train_loss': [0.8396023309230805, 0.974659264087677, 0.7423404769102733], 'per-client-train_loss_mean': [0.999634384393692, 1.1199955313205718, 0.9220024027824401], 'dp-client-ids': [0, 1, 2], 'dp-update-norms-before-clipping': [8.248728620820163, 6.194713890406934, 9.94951032805499], 'dp-client-clipped': [1, 1, 1], 'dp-num-clients-clipped': 3, 'dp-fraction-clipped': 1.0, 'metric-dp-pairwise-distances': [1.6159393650790055, 2.039641366029779, 1.892917422267298], 'metric-dp-pairwise-client-i': [0, 0, 1], 'metric-dp-pairwise-client-j': [1, 2, 2], 'metric-dp-distance-min': 1.6159393650790055, 'metric-dp-distance-median': 1.892917422267298, 'metric-dp-distance-mean': 1.8494993844586942, 'metric-dp-distance': 2.039641366029779, 'dp-signal-update-norm': 3.389540853954305, 'dp-parameter-count': 226596, 'dp-expected-noise-l2-norm': 7.293270643492532, 'dp-noise-to-signal-ratio': 2.151698698360298, 'dp-noise-percent-of-signal': 215.16986983602985, 'metric-dp-noise-stdv': 0.015321320954001356}
[92mINFO [0m:      configure_evaluate: Sampled 3 nodes (out of 3)
[92mINFO [0m:      aggregate_evaluate: Received 3 results and 0 failures
[92mINFO [0m:      	└──> Aggregated MetricRecord: {'eval_loss': 1.3656487091382343, 'eval_acc': 0.29291666666666666, 'client-ids': [0, 1, 2], 'per-client-eval_acc': [0.295, 0.29, 0.2925], 'per-client-eval_loss': [1.365495138168335, 1.3643114566802979, 1.3661968406041463], 'per-client-num-examples': [800, 400, 1200]}
[92mINFO [0m:      Global evaluation
[92mINFO [0m:      	└──> MetricRecord: {'loss': 1.3644451236724853, 'accuracy': 0.295, 'f1': 0.17799253464232753, 'precision': 0.2619651712605236, 'auc': 0.6213470833333333}
[92mINFO [0m:      
[92mINFO [0m:      [ROUND 2/20]
[92mINFO [0m:      configure_train: Sampled 3 nodes (out of 3)
[36m(ClientAppActor pid=6705)[0m Warning: You are sending unauthenticated requests to the HF Hub. Please set a HF_TOKEN to enable higher rate limits and faster downloads.[32m [repeated 2x across cluster] (Ray deduplicates logs by default. Set RAY_DEDUP_LOGS=0 to disable log deduplication, or see https://docs.ray.io/en/master/ray-observability/user-guides/configure-logging.html#log-deduplication for more options.)[0m
[36m(ClientAppActor pid=6707)[0m /usr/lib/python3.12/multiprocessing/popen_fork.py:66: DeprecationWarning: This process (pid=6707) is multi-threaded, use of fork() may lead to deadlocks in the child.[32m [repeated 3x across cluster][0m
[36m(ClientAppActor pid=6707)[0m   self.pid = os.fork()[32m [repeated 3x across cluster][0m
[92mINFO [0m:      aggregate_train: maximum pairwise model distance: 1.621149
[92mINFO [0m:      aggregate_train: Received 3 results and 0 failures
[92mINFO [0m:      aggregate_fit: parameters are clipped by value: 5.0000.
[92mINFO [0m:      aggregate_fit: parameters are clipped by value: 5.0000.
[92mINFO [0m:      aggregate_fit: parameters are clipped by value: 5.0000.
[92mINFO [0m:      aggregate_train: Received 3 results and 0 failures
[92mINFO [0m:      aggregate_train: metric-aware noise with 0.019276 stdev added
[92mINFO [0m:      	└──> Aggregated MetricRecord: {'train_loss': 0.6732171375552813, 'train_loss_mean': 0.7933952250679335, 'client-ids': [0, 1, 2], 'per-client-num-examples': [3200, 1600, 4800], 'per-client-train_loss': [0.7216102412343025, 0.7269815462827682, 0.6230335988601049], 'per-client-train_loss_mean': [0.8166196187734605, 0.8799092434644699, 0.7490742897987366], 'dp-client-ids': [0, 1, 2], 'dp-update-norms-before-clipping': [8.595356491765578, 6.629161265117525, 11.289556360812849], 'dp-client-clipped': [1, 1, 1], 'dp-num-clients-clipped': 3, 'dp-fraction-clipped': 1.0, 'metric-dp-pairwise-distances': [1.2624131804332137, 1.6211490893426042, 1.6053949743509293], 'metric-dp-pairwise-client-i': [0, 0, 1], 'metric-dp-pairwise-client-j': [1, 2, 2], 'metric-dp-distance-min': 1.2624131804332137, 'metric-dp-distance-median': 1.6053949743509293, 'metric-dp-distance-mean': 1.4963190813755824, 'metric-dp-distance': 1.6211490893426042, 'dp-signal-update-norm': 4.042108497084638, 'dp-parameter-count': 226596, 'dp-expected-noise-l2-norm': 9.175995345468351, 'dp-noise-to-signal-ratio': 2.2701011989377617, 'dp-noise-percent-of-signal': 227.01011989377616, 'metric-dp-noise-stdv': 0.01927645039277187}
[92mINFO [0m:      configure_evaluate: Sampled 3 nodes (out of 3)
[92mINFO [0m:      aggregate_evaluate: Received 3 results and 0 failures
[92mINFO [0m:      	└──> Aggregated MetricRecord: {'eval_loss': 1.0589983956019084, 'eval_acc': 0.6699999999999999, 'client-ids': [0, 1, 2], 'per-client-eval_acc': [0.66625, 0.6525, 0.6783333333333333], 'per-client-eval_loss': [1.0613728046417237, 1.0685115432739258, 1.0542444070180257], 'per-client-num-examples': [800, 400, 1200]}
[92mINFO [0m:      Global evaluation
[92mINFO [0m:      	└──> MetricRecord: {'loss': 1.0437990074157715, 'accuracy': 0.6885, 'f1': 0.670442247943161, 'precision': 0.691813854832237, 'auc': 0.9021109166666665}
[92mINFO [0m:      
[92mINFO [0m:      [ROUND 3/20]
[92mINFO [0m:      configure_train: Sampled 3 nodes (out of 3)
[36m(ClientAppActor pid=6708)[0m /usr/lib/python3.12/multiprocessing/popen_fork.py:66: DeprecationWarning: This process (pid=6708) is multi-threaded, use of fork() may lead to deadlocks in the child.[32m [repeated 3x across cluster][0m
[36m(ClientAppActor pid=6708)[0m   self.pid = os.fork()[32m [repeated 3x across cluster][0m
[92mINFO [0m:      aggregate_train: maximum pairwise model distance: 1.737248
[92mINFO [0m:      aggregate_train: Received 3 results and 0 failures
[92mINFO [0m:      aggregate_fit: parameters are clipped by value: 5.0000.
[92mINFO [0m:      aggregate_fit: parameters are clipped by value: 5.0000.
[92mINFO [0m:      aggregate_fit: parameters are clipped by value: 5.0000.
[92mINFO [0m:      aggregate_train: Received 3 results and 0 failures
[92mINFO [0m:      aggregate_train: metric-aware noise with 0.017988 stdev added
[92mINFO [0m:      	└──> Aggregated MetricRecord: {'train_loss': 0.5500807970762251, 'train_loss_mean': 0.6506119773089885, 'client-ids': [0, 1, 2], 'per-client-num-examples': [3200, 1600, 4800], 'per-client-train_loss': [0.5705442440509796, 0.5656621426343917, 0.5312447172403335], 'per-client-train_loss_mean': [0.6679652898907661, 0.6818085308074952, 0.6286442510883014], 'dp-client-ids': [0, 1, 2], 'dp-update-norms-before-clipping': [9.481832362760333, 6.228186093488168, 10.963549010711905], 'dp-client-clipped': [1, 1, 1], 'dp-num-clients-clipped': 3, 'dp-fraction-clipped': 1.0, 'metric-dp-pairwise-distances': [1.4360965568727504, 1.7372478221853573, 1.6051964876241982], 'metric-dp-pairwise-client-i': [0, 0, 1], 'metric-dp-pairwise-client-j': [1, 2, 2], 'metric-dp-distance-min': 1.4360965568727504, 'metric-dp-distance-median': 1.6051964876241982, 'metric-dp-distance-mean': 1.5928469555607687, 'metric-dp-distance': 1.7372478221853573, 'dp-signal-update-norm': 3.813259355383706, 'dp-parameter-count': 226596, 'dp-expected-noise-l2-norm': 8.562771705999479, 'dp-noise-to-signal-ratio': 2.2455256535095702, 'dp-noise-percent-of-signal': 224.55256535095702, 'metric-dp-noise-stdv': 0.017988222290985123}
[92mINFO [0m:      configure_evaluate: Sampled 3 nodes (out of 3)
[92mINFO [0m:      aggregate_evaluate: Received 3 results and 0 failures
[92mINFO [0m:      	└──> Aggregated MetricRecord: {'eval_loss': 0.7950334000587462, 'eval_acc': 0.6979166666666667, 'client-ids': [0, 1, 2], 'per-client-eval_acc': [0.68, 0.6925, 0.7116666666666667], 'per-client-eval_loss': [0.8099045825004577, 0.7964363431930542, 0.7846516307195027], 'per-client-num-examples': [800, 400, 1200]}
[92mINFO [0m:      Global evaluation
[92mINFO [0m:      	└──> MetricRecord: {'loss': 0.7630434999465943, 'accuracy': 0.7205, 'f1': 0.7114190976508183, 'precision': 0.7226857947464363, 'auc': 0.9161016666666666}
[92mINFO [0m:      
[92mINFO [0m:      [ROUND 4/20]
[92mINFO [0m:      configure_train: Sampled 3 nodes (out of 3)
[36m(ClientAppActor pid=6707)[0m /usr/lib/python3.12/multiprocessing/popen_fork.py:66: DeprecationWarning: This process (pid=6707) is multi-threaded, use of fork() may lead to deadlocks in the child.[32m [repeated 3x across cluster][0m
[36m(ClientAppActor pid=6707)[0m   self.pid = os.fork()[32m [repeated 3x across cluster][0m
[92mINFO [0m:      aggregate_train: maximum pairwise model distance: 1.799551
[92mINFO [0m:      aggregate_train: Received 3 results and 0 failures
[92mINFO [0m:      aggregate_fit: parameters are clipped by value: 5.0000.
[92mINFO [0m:      aggregate_fit: parameters are clipped by value: 5.0000.
[92mINFO [0m:      aggregate_fit: parameters are clipped by value: 5.0000.
[92mINFO [0m:      aggregate_train: Received 3 results and 0 failures
[92mINFO [0m:      aggregate_train: metric-aware noise with 0.017365 stdev added
[92mINFO [0m:      	└──> Aggregated MetricRecord: {'train_loss': 0.44024915163715683, 'train_loss_mean': 0.5520399231016635, 'client-ids': [0, 1, 2], 'per-client-num-examples': [3200, 1600, 4800], 'per-client-train_loss': [0.45868519842624667, 0.457777214050293, 0.4221157663067182], 'per-client-train_loss_mean': [0.5816738421618939, 0.5654704483747481, 0.5278071353038152], 'dp-client-ids': [0, 1, 2], 'dp-update-norms-before-clipping': [9.228094180892466, 6.380802761367169, 10.849565708861082], 'dp-client-clipped': [1, 1, 1], 'dp-num-clients-clipped': 3, 'dp-fraction-clipped': 1.0, 'metric-dp-pairwise-distances': [1.4845364050318797, 1.7995512373745441, 1.676187028021862], 'metric-dp-pairwise-client-i': [0, 0, 1], 'metric-dp-pairwise-client-j': [1, 2, 2], 'metric-dp-distance-min': 1.4845364050318797, 'metric-dp-distance-median': 1.676187028021862, 'metric-dp-distance-mean': 1.6534248901427617, 'metric-dp-distance': 1.7995512373745441, 'dp-signal-update-norm': 3.588224172130961, 'dp-parameter-count': 226596, 'dp-expected-noise-l2-norm': 8.266314506177016, 'dp-noise-to-signal-ratio': 2.3037341341100905, 'dp-noise-percent-of-signal': 230.37341341100907, 'metric-dp-noise-stdv': 0.017365440533714506}
[92mINFO [0m:      configure_evaluate: Sampled 3 nodes (out of 3)
[92mINFO [0m:      aggregate_evaluate: Received 3 results and 0 failures
[92mINFO [0m:      	└──> Aggregated MetricRecord: {'eval_loss': 0.7155758619308472, 'eval_acc': 0.7179166666666666, 'client-ids': [0, 1, 2], 'per-client-eval_acc': [0.69875, 0.72, 0.73], 'per-client-eval_loss': [0.7390334916114807, 0.7074722146987915, 0.7026386578877767], 'per-client-num-examples': [800, 400, 1200]}
[92mINFO [0m:      Global evaluation
[92mINFO [0m:      	└──> MetricRecord: {'loss': 0.7053612351417542, 'accuracy': 0.7165, 'f1': 0.7089173226730187, 'precision': 0.7183326388203002, 'auc': 0.9155861666666666}
[92mINFO [0m:      
[92mINFO [0m:      [ROUND 5/20]
[92mINFO [0m:      configure_train: Sampled 3 nodes (out of 3)
[36m(ClientAppActor pid=6707)[0m /usr/lib/python3.12/multiprocessing/popen_fork.py:66: DeprecationWarning: This process (pid=6707) is multi-threaded, use of fork() may lead to deadlocks in the child.[32m [repeated 3x across cluster][0m
[36m(ClientAppActor pid=6707)[0m   self.pid = os.fork()[32m [repeated 3x across cluster][0m
[92mINFO [0m:      aggregate_train: maximum pairwise model distance: 1.859483
[92mINFO [0m:      aggregate_train: Received 3 results and 0 failures
[92mINFO [0m:      aggregate_fit: parameters are clipped by value: 5.0000.
[92mINFO [0m:      aggregate_fit: parameters are clipped by value: 5.0000.
[92mINFO [0m:      aggregate_fit: parameters are clipped by value: 5.0000.
[92mINFO [0m:      aggregate_train: Received 3 results and 0 failures
[92mINFO [0m:      aggregate_train: metric-aware noise with 0.016806 stdev added
[92mINFO [0m:      	└──> Aggregated MetricRecord: {'train_loss': 0.3268548925966024, 'train_loss_mean': 0.4478604514549176, 'client-ids': [0, 1, 2], 'per-client-num-examples': [3200, 1600, 4800], 'per-client-train_loss': [0.34484020330011844, 0.34021480560302736, 0.31041138112545014], 'per-client-train_loss_mean': [0.46504787574708467, 0.46649887734651563, 0.43018935996294017], 'dp-client-ids': [0, 1, 2], 'dp-update-norms-before-clipping': [8.93053956512013, 6.49120171882974, 10.91431095371526], 'dp-client-clipped': [1, 1, 1], 'dp-num-clients-clipped': 3, 'dp-fraction-clipped': 1.0, 'metric-dp-pairwise-distances': [1.5001613604060064, 1.8594834144071986, 1.7536870864375185], 'metric-dp-pairwise-client-i': [0, 0, 1], 'metric-dp-pairwise-client-j': [1, 2, 2], 'metric-dp-distance-min': 1.5001613604060064, 'metric-dp-distance-median': 1.7536870864375185, 'metric-dp-distance-mean': 1.7044439537502412, 'metric-dp-distance': 1.8594834144071986, 'dp-signal-update-norm': 3.4156456551608687, 'dp-parameter-count': 226596, 'dp-expected-noise-l2-norm': 7.999886625963986, 'dp-noise-to-signal-ratio': 2.3421301369117606, 'dp-noise-percent-of-signal': 234.21301369117603, 'metric-dp-noise-stdv': 0.0168057427981752}
[92mINFO [0m:      configure_evaluate: Sampled 3 nodes (out of 3)
[92mINFO [0m:      aggregate_evaluate: Received 3 results and 0 failures
[92mINFO [0m:      	└──> Aggregated MetricRecord: {'eval_loss': 0.5791223500172297, 'eval_acc': 0.7708333333333333, 'client-ids': [0, 1, 2], 'per-client-eval_acc': [0.75625, 0.775, 0.7791666666666667], 'per-client-eval_loss': [0.6070494294166565, 0.5849652957916259, 0.5585566484928131], 'per-client-num-examples': [800, 400, 1200]}
[92mINFO [0m:      Global evaluation
[92mINFO [0m:      	└──> MetricRecord: {'loss': 0.5733182842731476, 'accuracy': 0.7755, 'f1': 0.7746441753701667, 'precision': 0.775050243862524, 'auc': 0.9426755}
[92mINFO [0m:      
[92mINFO [0m:      [ROUND 6/20]
[92mINFO [0m:      configure_train: Sampled 3 nodes (out of 3)
[36m(ClientAppActor pid=6707)[0m /usr/lib/python3.12/multiprocessing/popen_fork.py:66: DeprecationWarning: This process (pid=6707) is multi-threaded, use of fork() may lead to deadlocks in the child.[32m [repeated 3x across cluster][0m
[36m(ClientAppActor pid=6707)[0m   self.pid = os.fork()[32m [repeated 3x across cluster][0m
[92mINFO [0m:      aggregate_train: maximum pairwise model distance: 1.811002
[92mINFO [0m:      aggregate_train: Received 3 results and 0 failures
[92mINFO [0m:      aggregate_fit: parameters are clipped by value: 5.0000.
[92mINFO [0m:      aggregate_fit: parameters are clipped by value: 5.0000.
[92mINFO [0m:      aggregate_fit: parameters are clipped by value: 5.0000.
[92mINFO [0m:      aggregate_train: Received 3 results and 0 failures
[92mINFO [0m:      aggregate_train: metric-aware noise with 0.017256 stdev added
[92mINFO [0m:      	└──> Aggregated MetricRecord: {'train_loss': 0.25495235073069733, 'train_loss_mean': 0.3688810600241025, 'client-ids': [0, 1, 2], 'per-client-num-examples': [3200, 1600, 4800], 'per-client-train_loss': [0.27108379676938055, 0.2722699171304703, 0.2384255312383175], 'per-client-train_loss_mean': [0.38573186664283277, 0.40723957937955857, 0.34486101582646367], 'dp-client-ids': [0, 1, 2], 'dp-update-norms-before-clipping': [8.616707744579625, 6.502064948258411, 10.419761233304062], 'dp-client-clipped': [1, 1, 1], 'dp-num-clients-clipped': 3, 'dp-fraction-clipped': 1.0, 'metric-dp-pairwise-distances': [1.4926465870036434, 1.8110018108660977, 1.7171028366622825], 'metric-dp-pairwise-client-i': [0, 0, 1], 'metric-dp-pairwise-client-j': [1, 2, 2], 'metric-dp-distance-min': 1.4926465870036434, 'metric-dp-distance-median': 1.7171028366622825, 'metric-dp-distance-mean': 1.6735837448440078, 'metric-dp-distance': 1.8110018108660977, 'dp-signal-update-norm': 3.3286168785069723, 'dp-parameter-count': 226596, 'dp-expected-noise-l2-norm': 8.21404838408407, 'dp-noise-to-signal-ratio': 2.467706162617436, 'dp-noise-percent-of-signal': 246.7706162617436, 'metric-dp-noise-stdv': 0.017255642602066166}
[92mINFO [0m:      configure_evaluate: Sampled 3 nodes (out of 3)
[92mINFO [0m:      aggregate_evaluate: Received 3 results and 0 failures
[92mINFO [0m:      	└──> Aggregated MetricRecord: {'eval_loss': 0.5900622338056565, 'eval_acc': 0.7741666666666667, 'client-ids': [0, 1, 2], 'per-client-eval_acc': [0.7575, 0.7625, 0.7891666666666667], 'per-client-eval_loss': [0.6112660247087479, 0.5984366059303283, 0.5731349158287048], 'per-client-num-examples': [800, 400, 1200]}
[92mINFO [0m:      Global evaluation
[92mINFO [0m:      	└──> MetricRecord: {'loss': 0.594668746471405, 'accuracy': 0.763, 'f1': 0.7641976943733706, 'precision': 0.7667430612653996, 'auc': 0.9432150833333333}
[92mINFO [0m:      
[92mINFO [0m:      [ROUND 7/20]
[92mINFO [0m:      configure_train: Sampled 3 nodes (out of 3)
[36m(ClientAppActor pid=6707)[0m /usr/lib/python3.12/multiprocessing/popen_fork.py:66: DeprecationWarning: This process (pid=6707) is multi-threaded, use of fork() may lead to deadlocks in the child.[32m [repeated 3x across cluster][0m
[36m(ClientAppActor pid=6707)[0m   self.pid = os.fork()[32m [repeated 3x across cluster][0m
[92mINFO [0m:      aggregate_train: maximum pairwise model distance: 1.861525
[92mINFO [0m:      aggregate_train: Received 3 results and 0 failures
[92mINFO [0m:      aggregate_fit: parameters are clipped by value: 5.0000.
[92mINFO [0m:      aggregate_fit: parameters are clipped by value: 5.0000.
[92mINFO [0m:      aggregate_fit: parameters are clipped by value: 5.0000.
[92mINFO [0m:      aggregate_train: Received 3 results and 0 failures
[92mINFO [0m:      aggregate_train: metric-aware noise with 0.016787 stdev added
[92mINFO [0m:      	└──> Aggregated MetricRecord: {'train_loss': 0.17301358793551724, 'train_loss_mean': 0.29741301087662575, 'client-ids': [0, 1, 2], 'per-client-num-examples': [3200, 1600, 4800], 'per-client-train_loss': [0.1852639002352953, 0.1667925737798214, 0.16692038445423046], 'per-client-train_loss_mean': [0.31137471707910297, 0.32627578085660935, 0.27848428341497977], 'dp-client-ids': [0, 1, 2], 'dp-update-norms-before-clipping': [8.519689989382897, 6.614796848301719, 10.535544273678061], 'dp-client-clipped': [1, 1, 1], 'dp-num-clients-clipped': 3, 'dp-fraction-clipped': 1.0, 'metric-dp-pairwise-distances': [1.500513079886635, 1.8615253922374297, 1.7478494974008452], 'metric-dp-pairwise-client-i': [0, 0, 1], 'metric-dp-pairwise-client-j': [1, 2, 2], 'metric-dp-distance-min': 1.500513079886635, 'metric-dp-distance-median': 1.7478494974008452, 'metric-dp-distance-mean': 1.7032959898416367, 'metric-dp-distance': 1.8615253922374297, 'dp-signal-update-norm': 3.236178899974745, 'dp-parameter-count': 226596, 'dp-expected-noise-l2-norm': 7.991111246803055, 'dp-noise-to-signal-ratio': 2.4693045390245323, 'dp-noise-percent-of-signal': 246.93045390245322, 'metric-dp-noise-stdv': 0.016787307941279053}
[92mINFO [0m:      configure_evaluate: Sampled 3 nodes (out of 3)
[92mINFO [0m:      aggregate_evaluate: Received 3 results and 0 failures
[92mINFO [0m:      	└──> Aggregated MetricRecord: {'eval_loss': 0.6527335462967554, 'eval_acc': 0.7679166666666666, 'client-ids': [0, 1, 2], 'per-client-eval_acc': [0.7625, 0.7475, 0.7783333333333333], 'per-client-eval_loss': [0.6735696947574615, 0.670621200799942, 0.6328802291552226], 'per-client-num-examples': [800, 400, 1200]}
[92mINFO [0m:      Global evaluation
[92mINFO [0m:      	└──> MetricRecord: {'loss': 0.7008568313121796, 'accuracy': 0.762, 'f1': 0.7625513474258981, 'precision': 0.7762648740088989, 'auc': 0.9322969583333334}
[92mINFO [0m:      
[92mINFO [0m:      [ROUND 8/20]
[92mINFO [0m:      configure_train: Sampled 3 nodes (out of 3)
[36m(ClientAppActor pid=6707)[0m /usr/lib/python3.12/multiprocessing/popen_fork.py:66: DeprecationWarning: This process (pid=6707) is multi-threaded, use of fork() may lead to deadlocks in the child.[32m [repeated 3x across cluster][0m
[36m(ClientAppActor pid=6707)[0m   self.pid = os.fork()[32m [repeated 3x across cluster][0m
[92mINFO [0m:      aggregate_train: maximum pairwise model distance: 1.866803
[92mINFO [0m:      aggregate_train: Received 3 results and 0 failures
[92mINFO [0m:      aggregate_fit: parameters are clipped by value: 5.0000.
[92mINFO [0m:      aggregate_fit: parameters are clipped by value: 5.0000.
[92mINFO [0m:      aggregate_fit: parameters are clipped by value: 5.0000.
[92mINFO [0m:      aggregate_train: Received 3 results and 0 failures
[92mINFO [0m:      aggregate_train: metric-aware noise with 0.016740 stdev added
[92mINFO [0m:      	└──> Aggregated MetricRecord: {'train_loss': 0.13928284795954823, 'train_loss_mean': 0.23598161977529525, 'client-ids': [0, 1, 2], 'per-client-num-examples': [3200, 1600, 4800], 'per-client-train_loss': [0.15554030802100896, 0.12220454547554255, 0.1341373087465763], 'per-client-train_loss_mean': [0.25619732718914745, 0.26123788229376077, 0.21408572732657194], 'dp-client-ids': [0, 1, 2], 'dp-update-norms-before-clipping': [8.830991878926872, 6.333804951998952, 10.191780224360805], 'dp-client-clipped': [1, 1, 1], 'dp-num-clients-clipped': 3, 'dp-fraction-clipped': 1.0, 'metric-dp-pairwise-distances': [1.5166970048254977, 1.8668025682369869, 1.6938849791573982], 'metric-dp-pairwise-client-i': [0, 0, 1], 'metric-dp-pairwise-client-j': [1, 2, 2], 'metric-dp-distance-min': 1.5166970048254977, 'metric-dp-distance-median': 1.6938849791573982, 'metric-dp-distance-mean': 1.6924615174066275, 'metric-dp-distance': 1.8668025682369869, 'dp-signal-update-norm': 3.1825703616423846, 'dp-parameter-count': 226596, 'dp-expected-noise-l2-norm': 7.968521551888909, 'dp-noise-to-signal-ratio': 2.5038005908459176, 'dp-noise-percent-of-signal': 250.38005908459175, 'metric-dp-noise-stdv': 0.01673985269342788}
[92mINFO [0m:      configure_evaluate: Sampled 3 nodes (out of 3)
[92mINFO [0m:      aggregate_evaluate: Received 3 results and 0 failures
[92mINFO [0m:      	└──> Aggregated MetricRecord: {'eval_loss': 0.6499855941534043, 'eval_acc': 0.7833333333333332, 'client-ids': [0, 1, 2], 'per-client-eval_acc': [0.77625, 0.755, 0.7975], 'per-client-eval_loss': [0.6898022735118866, 0.6939194595813751, 0.6087965194384257], 'per-client-num-examples': [800, 400, 1200]}
[92mINFO [0m:      Global evaluation
[92mINFO [0m:      	└──> MetricRecord: {'loss': 0.7076427471637726, 'accuracy': 0.7665, 'f1': 0.7675235333959008, 'precision': 0.7774181531296697, 'auc': 0.9387051249999999}
[92mINFO [0m:      
[92mINFO [0m:      [ROUND 9/20]
[92mINFO [0m:      configure_train: Sampled 3 nodes (out of 3)
[36m(ClientAppActor pid=6707)[0m /usr/lib/python3.12/multiprocessing/popen_fork.py:66: DeprecationWarning: This process (pid=6707) is multi-threaded, use of fork() may lead to deadlocks in the child.[32m [repeated 3x across cluster][0m
[36m(ClientAppActor pid=6707)[0m   self.pid = os.fork()[32m [repeated 3x across cluster][0m
[92mINFO [0m:      aggregate_train: maximum pairwise model distance: 1.805538
[92mINFO [0m:      aggregate_train: Received 3 results and 0 failures
[92mINFO [0m:      aggregate_fit: parameters are clipped by value: 5.0000.
[92mINFO [0m:      aggregate_fit: parameters are clipped by value: 5.0000.
[92mINFO [0m:      aggregate_fit: parameters are clipped by value: 5.0000.
[92mINFO [0m:      aggregate_train: Received 3 results and 0 failures
[92mINFO [0m:      aggregate_train: metric-aware noise with 0.017308 stdev added
[92mINFO [0m:      	└──> Aggregated MetricRecord: {'train_loss': 0.10565566092263906, 'train_loss_mean': 0.1874999677138403, 'client-ids': [0, 1, 2], 'per-client-num-examples': [3200, 1600, 4800], 'per-client-train_loss': [0.09316684579011053, 0.08053922463208436, 0.122353683107843], 'per-client-train_loss_mean': [0.19656177431624383, 0.2175649839490652, 0.17143709123382966], 'dp-client-ids': [0, 1, 2], 'dp-update-norms-before-clipping': [8.105475283871506, 6.172319714150398, 9.885543938623671], 'dp-client-clipped': [1, 1, 1], 'dp-num-clients-clipped': 3, 'dp-fraction-clipped': 1.0, 'metric-dp-pairwise-distances': [1.4365844232961535, 1.8055383116006851, 1.664015889633447], 'metric-dp-pairwise-client-i': [0, 0, 1], 'metric-dp-pairwise-client-j': [1, 2, 2], 'metric-dp-distance-min': 1.4365844232961535, 'metric-dp-distance-median': 1.664015889633447, 'metric-dp-distance-mean': 1.6353795415100951, 'metric-dp-distance': 1.8055383116006851, 'dp-signal-update-norm': 3.1162913541332298, 'dp-parameter-count': 226596, 'dp-expected-noise-l2-norm': 8.238903823054356, 'dp-noise-to-signal-ratio': 2.6438169242830436, 'dp-noise-percent-of-signal': 264.38169242830435, 'metric-dp-noise-stdv': 0.017307857606353182}
[92mINFO [0m:      configure_evaluate: Sampled 3 nodes (out of 3)
[92mINFO [0m:      aggregate_evaluate: Received 3 results and 0 failures
[92mINFO [0m:      	└──> Aggregated MetricRecord: {'eval_loss': 0.686158565680186, 'eval_acc': 0.7895833333333333, 'client-ids': [0, 1, 2], 'per-client-eval_acc': [0.77375, 0.7725, 0.8058333333333333], 'per-client-eval_loss': [0.7252680945396424, 0.711319066286087, 0.6516987129052481], 'per-client-num-examples': [800, 400, 1200]}
[92mINFO [0m:      Global evaluation
[92mINFO [0m:      	└──> MetricRecord: {'loss': 0.7438053159713746, 'accuracy': 0.784, 'f1': 0.7836020720535232, 'precision': 0.7889324055247308, 'auc': 0.942399125}
[92mINFO [0m:      
[92mINFO [0m:      [ROUND 10/20]
[92mINFO [0m:      configure_train: Sampled 3 nodes (out of 3)
[36m(ClientAppActor pid=6707)[0m /usr/lib/python3.12/multiprocessing/popen_fork.py:66: DeprecationWarning: This process (pid=6707) is multi-threaded, use of fork() may lead to deadlocks in the child.[32m [repeated 3x across cluster][0m
[36m(ClientAppActor pid=6707)[0m   self.pid = os.fork()[32m [repeated 3x across cluster][0m
[92mINFO [0m:      aggregate_train: maximum pairwise model distance: 1.768564
[92mINFO [0m:      aggregate_train: Received 3 results and 0 failures
[92mINFO [0m:      aggregate_fit: parameters are clipped by value: 5.0000.
[92mINFO [0m:      aggregate_fit: parameters are clipped by value: 5.0000.
[92mINFO [0m:      aggregate_fit: parameters are clipped by value: 5.0000.
[92mINFO [0m:      aggregate_train: Received 3 results and 0 failures
[92mINFO [0m:      aggregate_train: metric-aware noise with 0.017670 stdev added
[92mINFO [0m:      	└──> Aggregated MetricRecord: {'train_loss': 0.0967346222869431, 'train_loss_mean': 0.15575839556877813, 'client-ids': [0, 1, 2], 'per-client-num-examples': [3200, 1600, 4800], 'per-client-train_loss': [0.07888578261248767, 0.07515406269580126, 0.115827368600294], 'per-client-train_loss_mean': [0.16786217088624836, 0.17822644107416272, 0.1401998635220031], 'dp-client-ids': [0, 1, 2], 'dp-update-norms-before-clipping': [7.946244706284796, 5.774916043692344, 9.529117582391383], 'dp-client-clipped': [1, 1, 1], 'dp-num-clients-clipped': 3, 'dp-fraction-clipped': 1.0, 'metric-dp-pairwise-distances': [1.3940703019810219, 1.7685643705384184, 1.5952912198845297], 'metric-dp-pairwise-client-i': [0, 0, 1], 'metric-dp-pairwise-client-j': [1, 2, 2], 'metric-dp-distance-min': 1.3940703019810219, 'metric-dp-distance-median': 1.5952912198845297, 'metric-dp-distance-mean': 1.58597529746799, 'metric-dp-distance': 1.7685643705384184, 'dp-signal-update-norm': 3.098647132769779, 'dp-parameter-count': 226596, 'dp-expected-noise-l2-norm': 8.411147903872605, 'dp-noise-to-signal-ratio': 2.7144581307501627, 'dp-noise-percent-of-signal': 271.4458130750163, 'metric-dp-noise-stdv': 0.017669698949372314}
[92mINFO [0m:      configure_evaluate: Sampled 3 nodes (out of 3)
[92mINFO [0m:      aggregate_evaluate: Received 3 results and 0 failures
[92mINFO [0m:      	└──> Aggregated MetricRecord: {'eval_loss': 0.7486565721035003, 'eval_acc': 0.7733333333333333, 'client-ids': [0, 1, 2], 'per-client-eval_acc': [0.7475, 0.7825, 0.7875], 'per-client-eval_loss': [0.7902385771274567, 0.7174454641342163, 0.7313389380772909], 'per-client-num-examples': [800, 400, 1200]}
[92mINFO [0m:      Global evaluation
[92mINFO [0m:      	└──> MetricRecord: {'loss': 0.8074950380325318, 'accuracy': 0.782, 'f1': 0.7815149501554806, 'precision': 0.7842605967331472, 'auc': 0.9369139166666666}
[92mINFO [0m:      
[92mINFO [0m:      [ROUND 11/20]
[92mINFO [0m:      configure_train: Sampled 3 nodes (out of 3)
[36m(ClientAppActor pid=6705)[0m /usr/lib/python3.12/multiprocessing/popen_fork.py:66: DeprecationWarning: This process (pid=6705) is multi-threaded, use of fork() may lead to deadlocks in the child.[32m [repeated 3x across cluster][0m
[36m(ClientAppActor pid=6705)[0m   self.pid = os.fork()[32m [repeated 3x across cluster][0m
[92mINFO [0m:      aggregate_train: maximum pairwise model distance: 1.699041
[92mINFO [0m:      aggregate_train: Received 3 results and 0 failures
[92mINFO [0m:      aggregate_fit: parameters are clipped by value: 5.0000.
[92mINFO [0m:      aggregate_fit: parameters are clipped by value: 5.0000.
[92mINFO [0m:      aggregate_fit: parameters are clipped by value: 5.0000.
[92mINFO [0m:      aggregate_train: Received 3 results and 0 failures
[92mINFO [0m:      aggregate_train: metric-aware noise with 0.018393 stdev added
[92mINFO [0m:      	└──> Aggregated MetricRecord: {'train_loss': 0.08174437953935315, 'train_loss_mean': 0.13688514475772778, 'client-ids': [0, 1, 2], 'per-client-num-examples': [3200, 1600, 4800], 'per-client-train_loss': [0.08321363870985805, 0.040723353009670976, 0.09443854893557728], 'per-client-train_loss_mean': [0.14203219463303687, 0.18044740841537715, 0.11893302362163863], 'dp-client-ids': [0, 1, 2], 'dp-update-norms-before-clipping': [7.877370362831119, 5.477312075250661, 9.113122762457365], 'dp-client-clipped': [1, 1, 1], 'dp-num-clients-clipped': 3, 'dp-fraction-clipped': 1.0, 'metric-dp-pairwise-distances': [1.3514019493789722, 1.6990411541967962, 1.5097732976040181], 'metric-dp-pairwise-client-i': [0, 0, 1], 'metric-dp-pairwise-client-j': [1, 2, 2], 'metric-dp-distance-min': 1.3514019493789722, 'metric-dp-distance-median': 1.5097732976040181, 'metric-dp-distance-mean': 1.5200721337265957, 'metric-dp-distance': 1.6990411541967962, 'dp-signal-update-norm': 3.0918776761853746, 'dp-parameter-count': 226596, 'dp-expected-noise-l2-norm': 8.75532441422839, 'dp-noise-to-signal-ratio': 2.8317175940253665, 'dp-noise-percent-of-signal': 283.1717594025367, 'metric-dp-noise-stdv': 0.018392726934724022}
[92mINFO [0m:      configure_evaluate: Sampled 3 nodes (out of 3)
[92mINFO [0m:      aggregate_evaluate: Received 3 results and 0 failures
[92mINFO [0m:      	└──> Aggregated MetricRecord: {'eval_loss': 0.7459205089012781, 'eval_acc': 0.7970833333333334, 'client-ids': [0, 1, 2], 'per-client-eval_acc': [0.785, 0.785, 0.8091666666666667], 'per-client-eval_loss': [0.7593264651298522, 0.7868316411972046, 0.7233461606502533], 'per-client-num-examples': [800, 400, 1200]}
[92mINFO [0m:      Global evaluation
[92mINFO [0m:      	└──> MetricRecord: {'loss': 0.7713918887376785, 'accuracy': 0.7925, 'f1': 0.7913525063236622, 'precision': 0.790648943346531, 'auc': 0.9468416666666667}
[92mINFO [0m:      
[92mINFO [0m:      [ROUND 12/20]
[92mINFO [0m:      configure_train: Sampled 3 nodes (out of 3)
[36m(ClientAppActor pid=6707)[0m /usr/lib/python3.12/multiprocessing/popen_fork.py:66: DeprecationWarning: This process (pid=6707) is multi-threaded, use of fork() may lead to deadlocks in the child.[32m [repeated 3x across cluster][0m
[36m(ClientAppActor pid=6707)[0m   self.pid = os.fork()[32m [repeated 3x across cluster][0m
[92mINFO [0m:      aggregate_train: maximum pairwise model distance: 1.647296
[92mINFO [0m:      aggregate_train: Received 3 results and 0 failures
[92mINFO [0m:      aggregate_fit: parameters are clipped by value: 5.0000.
[92mINFO [0m:      aggregate_fit: parameters are clipped by value: 5.0000.
[92mINFO [0m:      aggregate_fit: parameters are clipped by value: 5.0000.
[92mINFO [0m:      aggregate_train: Received 3 results and 0 failures
[92mINFO [0m:      aggregate_train: metric-aware noise with 0.018970 stdev added
[92mINFO [0m:      	└──> Aggregated MetricRecord: {'train_loss': 0.05923751832529281, 'train_loss_mean': 0.1099366683322005, 'client-ids': [0, 1, 2], 'per-client-num-examples': [3200, 1600, 4800], 'per-client-train_loss': [0.0741087645990774, 0.04281726075336337, 0.05479677333341291], 'per-client-train_loss_mean': [0.11499269405007362, 0.15631932171806692, 0.0911051000583296], 'dp-client-ids': [0, 1, 2], 'dp-update-norms-before-clipping': [7.5438182275185826, 5.5108183940266615, 8.763285008278304], 'dp-client-clipped': [1, 1, 1], 'dp-num-clients-clipped': 3, 'dp-fraction-clipped': 1.0, 'metric-dp-pairwise-distances': [1.3270960410979267, 1.647296116532137, 1.481335125863552], 'metric-dp-pairwise-client-i': [0, 0, 1], 'metric-dp-pairwise-client-j': [1, 2, 2], 'metric-dp-distance-min': 1.3270960410979267, 'metric-dp-distance-median': 1.481335125863552, 'metric-dp-distance-mean': 1.4852424278312053, 'metric-dp-distance': 1.647296116532137, 'dp-signal-update-norm': 3.089005071840428, 'dp-parameter-count': 226596, 'dp-expected-noise-l2-norm': 9.030347579179633, 'dp-noise-to-signal-ratio': 2.923383862817472, 'dp-noise-percent-of-signal': 292.3383862817472, 'metric-dp-noise-stdv': 0.018970481194229387}
[92mINFO [0m:      configure_evaluate: Sampled 3 nodes (out of 3)
[92mINFO [0m:      aggregate_evaluate: Received 3 results and 0 failures
[92mINFO [0m:      	└──> Aggregated MetricRecord: {'eval_loss': 0.8836185654004415, 'eval_acc': 0.7866666666666666, 'client-ids': [0, 1, 2], 'per-client-eval_acc': [0.78125, 0.7875, 0.79], 'per-client-eval_loss': [0.8751170587539673, 0.9487446546554565, 0.8675775400797526], 'per-client-num-examples': [800, 400, 1200]}
[92mINFO [0m:      Global evaluation
[92mINFO [0m:      	└──> MetricRecord: {'loss': 0.9459416286945344, 'accuracy': 0.7765, 'f1': 0.7759519606015469, 'precision': 0.7778300364762484, 'auc': 0.9425407083333333}
[92mINFO [0m:      
[92mINFO [0m:      [ROUND 13/20]
[92mINFO [0m:      configure_train: Sampled 3 nodes (out of 3)
[36m(ClientAppActor pid=6707)[0m /usr/lib/python3.12/multiprocessing/popen_fork.py:66: DeprecationWarning: This process (pid=6707) is multi-threaded, use of fork() may lead to deadlocks in the child.[32m [repeated 3x across cluster][0m
[36m(ClientAppActor pid=6707)[0m   self.pid = os.fork()[32m [repeated 3x across cluster][0m
[92mINFO [0m:      aggregate_train: maximum pairwise model distance: 1.627763
[92mINFO [0m:      aggregate_train: Received 3 results and 0 failures
[92mINFO [0m:      aggregate_fit: parameters are clipped by value: 5.0000.
[92mINFO [0m:      aggregate_fit: parameters are clipped by value: 5.0000.
[92mINFO [0m:      aggregate_fit: parameters are clipped by value: 5.0000.
[92mINFO [0m:      aggregate_train: Received 3 results and 0 failures
[92mINFO [0m:      aggregate_train: metric-aware noise with 0.019198 stdev added
[92mINFO [0m:      	└──> Aggregated MetricRecord: {'train_loss': 0.05907068693467106, 'train_loss_mean': 0.10191930372842277, 'client-ids': [0, 1, 2], 'per-client-num-examples': [3200, 1600, 4800], 'per-client-train_loss': [0.054052168901544066, 0.04629000191576779, 0.06667659396305681], 'per-client-train_loss_mean': [0.10805708828521891, 0.13600778606906533, 0.08646461991034449], 'dp-client-ids': [0, 1, 2], 'dp-update-norms-before-clipping': [7.4534095330540335, 5.471594447847291, 8.777708142702863], 'dp-client-clipped': [1, 1, 1], 'dp-num-clients-clipped': 3, 'dp-fraction-clipped': 1.0, 'metric-dp-pairwise-distances': [1.2975677442736924, 1.627763410564512, 1.4723516722830634], 'metric-dp-pairwise-client-i': [0, 0, 1], 'metric-dp-pairwise-client-j': [1, 2, 2], 'metric-dp-distance-min': 1.2975677442736924, 'metric-dp-distance-median': 1.4723516722830634, 'metric-dp-distance-mean': 1.4658942757070894, 'metric-dp-distance': 1.627763410564512, 'dp-signal-update-norm': 3.0888297392880832, 'dp-parameter-count': 226596, 'dp-expected-noise-l2-norm': 9.138709226151658, 'dp-noise-to-signal-ratio': 2.9586315846136464, 'dp-noise-percent-of-signal': 295.86315846136466, 'metric-dp-noise-stdv': 0.019198121666319085}
[92mINFO [0m:      configure_evaluate: Sampled 3 nodes (out of 3)
[92mINFO [0m:      aggregate_evaluate: Received 3 results and 0 failures
[92mINFO [0m:      	└──> Aggregated MetricRecord: {'eval_loss': 0.9064098627368609, 'eval_acc': 0.7920833333333334, 'client-ids': [0, 1, 2], 'per-client-eval_acc': [0.77375, 0.7975, 0.8025], 'per-client-eval_loss': [0.9531378418207168, 0.969963658452034, 0.8540732781092326], 'per-client-num-examples': [800, 400, 1200]}
[92mINFO [0m:      Global evaluation
[92mINFO [0m:      	└──> MetricRecord: {'loss': 1.0171495108604431, 'accuracy': 0.7805, 'f1': 0.7796160547344498, 'precision': 0.7803142534202275, 'auc': 0.9423975833333335}
[92mINFO [0m:      
[92mINFO [0m:      [ROUND 14/20]
[92mINFO [0m:      configure_train: Sampled 3 nodes (out of 3)
[36m(ClientAppActor pid=6707)[0m /usr/lib/python3.12/multiprocessing/popen_fork.py:66: DeprecationWarning: This process (pid=6707) is multi-threaded, use of fork() may lead to deadlocks in the child.[32m [repeated 3x across cluster][0m
[36m(ClientAppActor pid=6707)[0m   self.pid = os.fork()[32m [repeated 3x across cluster][0m
[92mINFO [0m:      aggregate_train: maximum pairwise model distance: 1.643752
[92mINFO [0m:      aggregate_train: Received 3 results and 0 failures
[92mINFO [0m:      aggregate_fit: parameters are clipped by value: 5.0000.
[92mINFO [0m:      aggregate_fit: parameters are clipped by value: 5.0000.
[92mINFO [0m:      aggregate_fit: parameters are clipped by value: 5.0000.
[92mINFO [0m:      aggregate_train: Received 3 results and 0 failures
[92mINFO [0m:      aggregate_train: metric-aware noise with 0.019011 stdev added
[92mINFO [0m:      	└──> Aggregated MetricRecord: {'train_loss': 0.060593257861134286, 'train_loss_mean': 0.09528407368320041, 'client-ids': [0, 1, 2], 'per-client-num-examples': [3200, 1600, 4800], 'per-client-train_loss': [0.05622273400309496, 0.05136799437925219, 0.06658202826045453], 'per-client-train_loss_mean': [0.09773720169230364, 0.12801987764239312, 0.08273672035740068], 'dp-client-ids': [0, 1, 2], 'dp-update-norms-before-clipping': [7.484199064554637, 5.327559087493024, 8.885503579842837], 'dp-client-clipped': [1, 1, 1], 'dp-num-clients-clipped': 3, 'dp-fraction-clipped': 1.0, 'metric-dp-pairwise-distances': [1.2922527752816677, 1.6437515361855428, 1.471826347677658], 'metric-dp-pairwise-client-i': [0, 0, 1], 'metric-dp-pairwise-client-j': [1, 2, 2], 'metric-dp-distance-min': 1.2922527752816677, 'metric-dp-distance-median': 1.471826347677658, 'metric-dp-distance-mean': 1.469276886381623, 'metric-dp-distance': 1.6437515361855428, 'dp-signal-update-norm': 3.0902203693400874, 'dp-parameter-count': 226596, 'dp-expected-noise-l2-norm': 9.04982059067038, 'dp-noise-to-signal-ratio': 2.9285356735264023, 'dp-noise-percent-of-signal': 292.85356735264025, 'metric-dp-noise-stdv': 0.019011389076793284}
[92mINFO [0m:      configure_evaluate: Sampled 3 nodes (out of 3)
[92mINFO [0m:      aggregate_evaluate: Received 3 results and 0 failures
[92mINFO [0m:      	└──> Aggregated MetricRecord: {'eval_loss': 0.9518589884042739, 'eval_acc': 0.7683333333333333, 'client-ids': [0, 1, 2], 'per-client-eval_acc': [0.75375, 0.7575, 0.7816666666666666], 'per-client-eval_loss': [1.0232464492321014, 1.013379429578781, 0.8837605341275533], 'per-client-num-examples': [800, 400, 1200]}
[92mINFO [0m:      Global evaluation
[92mINFO [0m:      	└──> MetricRecord: {'loss': 1.020845458507538, 'accuracy': 0.766, 'f1': 0.7652735806972446, 'precision': 0.7676950672031753, 'auc': 0.9363129583333333}
[92mINFO [0m:      
[92mINFO [0m:      [ROUND 15/20]
[92mINFO [0m:      configure_train: Sampled 3 nodes (out of 3)
[36m(ClientAppActor pid=6707)[0m /usr/lib/python3.12/multiprocessing/popen_fork.py:66: DeprecationWarning: This process (pid=6707) is multi-threaded, use of fork() may lead to deadlocks in the child.[32m [repeated 3x across cluster][0m
[36m(ClientAppActor pid=6707)[0m   self.pid = os.fork()[32m [repeated 3x across cluster][0m
[92mINFO [0m:      aggregate_train: maximum pairwise model distance: 1.722250
[92mINFO [0m:      aggregate_train: Received 3 results and 0 failures
[92mINFO [0m:      aggregate_fit: parameters are clipped by value: 5.0000.
[92mINFO [0m:      aggregate_fit: parameters are clipped by value: 5.0000.
[92mINFO [0m:      aggregate_fit: parameters are clipped by value: 5.0000.
[92mINFO [0m:      aggregate_train: Received 3 results and 0 failures
[92mINFO [0m:      aggregate_train: metric-aware noise with 0.018145 stdev added
[92mINFO [0m:      	└──> Aggregated MetricRecord: {'train_loss': 0.07001026003970764, 'train_loss_mean': 0.09277469446649775, 'client-ids': [0, 1, 2], 'per-client-num-examples': [3200, 1600, 4800], 'per-client-train_loss': [0.0814053832530044, 0.044746520433109255, 0.07083475776637593], 'per-client-train_loss_mean': [0.09949874795577489, 0.1329723440031521, 0.07489277562809488], 'dp-client-ids': [0, 1, 2], 'dp-update-norms-before-clipping': [7.839528736061257, 5.4447559596539925, 9.277296377744063], 'dp-client-clipped': [1, 1, 1], 'dp-num-clients-clipped': 3, 'dp-fraction-clipped': 1.0, 'metric-dp-pairwise-distances': [1.349275604666521, 1.7222501267679036, 1.5357834486446034], 'metric-dp-pairwise-client-i': [0, 0, 1], 'metric-dp-pairwise-client-j': [1, 2, 2], 'metric-dp-distance-min': 1.349275604666521, 'metric-dp-distance-median': 1.5357834486446034, 'metric-dp-distance-mean': 1.5357697266930093, 'metric-dp-distance': 1.7222501267679036, 'dp-signal-update-norm': 3.1025309600457494, 'dp-parameter-count': 226596, 'dp-expected-noise-l2-norm': 8.637338018975619, 'dp-noise-to-signal-ratio': 2.7839651336946707, 'dp-noise-percent-of-signal': 278.396513369467, 'metric-dp-noise-stdv': 0.018144867295580326}
[92mINFO [0m:      configure_evaluate: Sampled 3 nodes (out of 3)
[92mINFO [0m:      aggregate_evaluate: Received 3 results and 0 failures
[92mINFO [0m:      	└──> Aggregated MetricRecord: {'eval_loss': 0.943820770184199, 'eval_acc': 0.7770833333333333, 'client-ids': [0, 1, 2], 'per-client-eval_acc': [0.77375, 0.7725, 0.7808333333333334], 'per-client-eval_loss': [0.9795162010192872, 0.9723352313041687, 0.9105189959208171], 'per-client-num-examples': [800, 400, 1200]}
[92mINFO [0m:      Global evaluation
[92mINFO [0m:      	└──> MetricRecord: {'loss': 0.9958820219039917, 'accuracy': 0.7795, 'f1': 0.7763124853464037, 'precision': 0.7784993389761894, 'auc': 0.9369676666666668}
[92mINFO [0m:      
[92mINFO [0m:      [ROUND 16/20]
[92mINFO [0m:      configure_train: Sampled 3 nodes (out of 3)
[36m(ClientAppActor pid=6707)[0m /usr/lib/python3.12/multiprocessing/popen_fork.py:66: DeprecationWarning: This process (pid=6707) is multi-threaded, use of fork() may lead to deadlocks in the child.[32m [repeated 3x across cluster][0m
[36m(ClientAppActor pid=6707)[0m   self.pid = os.fork()[32m [repeated 3x across cluster][0m
[92mINFO [0m:      aggregate_train: maximum pairwise model distance: 1.580450
[92mINFO [0m:      aggregate_train: Received 3 results and 0 failures
[92mINFO [0m:      aggregate_fit: parameters are clipped by value: 5.0000.
[92mINFO [0m:      aggregate_fit: parameters are clipped by value: 5.0000.
[92mINFO [0m:      aggregate_fit: parameters are clipped by value: 5.0000.
[92mINFO [0m:      aggregate_train: Received 3 results and 0 failures
[92mINFO [0m:      aggregate_train: metric-aware noise with 0.019773 stdev added
[92mINFO [0m:      	└──> Aggregated MetricRecord: {'train_loss': 0.039192939736725135, 'train_loss_mean': 0.07748176958586556, 'client-ids': [0, 1, 2], 'per-client-num-examples': [3200, 1600, 4800], 'per-client-train_loss': [0.026621811824152245, 0.018967831956688316, 0.05431539427178601], 'per-client-train_loss_mean': [0.0804351695009973, 0.1068467362127267, 0.06572451410015735], 'dp-client-ids': [0, 1, 2], 'dp-update-norms-before-clipping': [7.004322645720485, 5.271026976763327, 8.596740263705254], 'dp-client-clipped': [1, 1, 1], 'dp-num-clients-clipped': 3, 'dp-fraction-clipped': 1.0, 'metric-dp-pairwise-distances': [1.244225119939074, 1.5804499307802569, 1.4445536353935797], 'metric-dp-pairwise-client-i': [0, 0, 1], 'metric-dp-pairwise-client-j': [1, 2, 2], 'metric-dp-distance-min': 1.244225119939074, 'metric-dp-distance-median': 1.4445536353935797, 'metric-dp-distance-mean': 1.4230762287043035, 'metric-dp-distance': 1.5804499307802569, 'dp-signal-update-norm': 3.0908015640815463, 'dp-parameter-count': 226596, 'dp-expected-noise-l2-norm': 9.412292163392982, 'dp-noise-to-signal-ratio': 3.0452592857380383, 'dp-noise-percent-of-signal': 304.52592857380387, 'metric-dp-noise-stdv': 0.019772850370889068}
[92mINFO [0m:      configure_evaluate: Sampled 3 nodes (out of 3)
[92mINFO [0m:      aggregate_evaluate: Received 3 results and 0 failures
[92mINFO [0m:      	└──> Aggregated MetricRecord: {'eval_loss': 1.0445122381051382, 'eval_acc': 0.7829166666666667, 'client-ids': [0, 1, 2], 'per-client-eval_acc': [0.77, 0.7575, 0.8], 'per-client-eval_loss': [1.025205124616623, 1.2247595524787902, 0.997301208972931], 'per-client-num-examples': [800, 400, 1200]}
[92mINFO [0m:      Global evaluation
[92mINFO [0m:      	└──> MetricRecord: {'loss': 1.1559809889793395, 'accuracy': 0.7795, 'f1': 0.7819699144198651, 'precision': 0.7862313744271175, 'auc': 0.9407167916666668}
[92mINFO [0m:      
[92mINFO [0m:      [ROUND 17/20]
[92mINFO [0m:      configure_train: Sampled 3 nodes (out of 3)
[36m(ClientAppActor pid=6707)[0m /usr/lib/python3.12/multiprocessing/popen_fork.py:66: DeprecationWarning: This process (pid=6707) is multi-threaded, use of fork() may lead to deadlocks in the child.[32m [repeated 3x across cluster][0m
[36m(ClientAppActor pid=6707)[0m   self.pid = os.fork()[32m [repeated 3x across cluster][0m
[92mINFO [0m:      aggregate_train: maximum pairwise model distance: 1.628099
[92mINFO [0m:      aggregate_train: Received 3 results and 0 failures
[92mINFO [0m:      aggregate_fit: parameters are clipped by value: 5.0000.
[92mINFO [0m:      aggregate_fit: parameters are clipped by value: 5.0000.
[92mINFO [0m:      aggregate_fit: parameters are clipped by value: 5.0000.
[92mINFO [0m:      aggregate_train: Received 3 results and 0 failures
[92mINFO [0m:      aggregate_train: metric-aware noise with 0.019194 stdev added
[92mINFO [0m:      	└──> Aggregated MetricRecord: {'train_loss': 0.04160578705370426, 'train_loss_mean': 0.0757529743774018, 'client-ids': [0, 1, 2], 'per-client-num-examples': [3200, 1600, 4800], 'per-client-train_loss': [0.03859230821137317, 0.030904357403051107, 0.04718191616547605], 'per-client-train_loss_mean': [0.0750600857208483, 0.11128116297023372, 0.0643721706174935], 'dp-client-ids': [0, 1, 2], 'dp-update-norms-before-clipping': [7.224575259986518, 5.219204175279295, 8.85234136515397], 'dp-client-clipped': [1, 1, 1], 'dp-num-clients-clipped': 3, 'dp-fraction-clipped': 1.0, 'metric-dp-pairwise-distances': [1.2870344418721895, 1.6280992491325985, 1.4803518330057461], 'metric-dp-pairwise-client-i': [0, 0, 1], 'metric-dp-pairwise-client-j': [1, 2, 2], 'metric-dp-distance-min': 1.2870344418721895, 'metric-dp-distance-median': 1.4803518330057461, 'metric-dp-distance-mean': 1.4651618413368448, 'metric-dp-distance': 1.6280992491325985, 'dp-signal-update-norm': 3.0929267023981324, 'dp-parameter-count': 226596, 'dp-expected-noise-l2-norm': 9.136824125459974, 'dp-noise-to-signal-ratio': 2.9541030242894677, 'dp-noise-percent-of-signal': 295.4103024289468, 'metric-dp-noise-stdv': 0.019194161545525588}
[92mINFO [0m:      configure_evaluate: Sampled 3 nodes (out of 3)
[92mINFO [0m:      aggregate_evaluate: Received 3 results and 0 failures
[92mINFO [0m:      	└──> Aggregated MetricRecord: {'eval_loss': 1.0258818298578263, 'eval_acc': 0.7908333333333333, 'client-ids': [0, 1, 2], 'per-client-eval_acc': [0.78625, 0.7725, 0.8], 'per-client-eval_loss': [0.9444457620382309, 1.2883082509040833, 0.9926970680554708], 'per-client-num-examples': [800, 400, 1200]}
[92mINFO [0m:      Global evaluation
[92mINFO [0m:      	└──> MetricRecord: {'loss': 1.1338825752735138, 'accuracy': 0.7805, 'f1': 0.7816812859740482, 'precision': 0.7854010841127356, 'auc': 0.9433467499999999}
[92mINFO [0m:      
[92mINFO [0m:      [ROUND 18/20]
[92mINFO [0m:      configure_train: Sampled 3 nodes (out of 3)
[36m(ClientAppActor pid=6708)[0m /usr/lib/python3.12/multiprocessing/popen_fork.py:66: DeprecationWarning: This process (pid=6708) is multi-threaded, use of fork() may lead to deadlocks in the child.[32m [repeated 3x across cluster][0m
[36m(ClientAppActor pid=6708)[0m   self.pid = os.fork()[32m [repeated 3x across cluster][0m
[92mINFO [0m:      aggregate_train: maximum pairwise model distance: 1.677738
[92mINFO [0m:      aggregate_train: Received 3 results and 0 failures
[92mINFO [0m:      aggregate_fit: parameters are clipped by value: 5.0000.
[92mINFO [0m:      aggregate_fit: parameters are clipped by value: 5.0000.
[92mINFO [0m:      aggregate_fit: parameters are clipped by value: 5.0000.
[92mINFO [0m:      aggregate_train: Received 3 results and 0 failures
[92mINFO [0m:      aggregate_train: metric-aware noise with 0.018626 stdev added
[92mINFO [0m:      	└──> Aggregated MetricRecord: {'train_loss': 0.03876534668631697, 'train_loss_mean': 0.07526725764921866, 'client-ids': [0, 1, 2], 'per-client-num-examples': [3200, 1600, 4800], 'per-client-train_loss': [0.026696475110948085, 0.052206762311980126, 0.042330789194675165], 'per-client-train_loss_mean': [0.07660156402550637, 0.10795986441429706, 0.0634801844766674], 'dp-client-ids': [0, 1, 2], 'dp-update-norms-before-clipping': [7.305971270472933, 5.430419909278014, 9.071761091612453], 'dp-client-clipped': [1, 1, 1], 'dp-num-clients-clipped': 3, 'dp-fraction-clipped': 1.0, 'metric-dp-pairwise-distances': [1.304630407365039, 1.6777379946627964, 1.5258035900381703], 'metric-dp-pairwise-client-i': [0, 0, 1], 'metric-dp-pairwise-client-j': [1, 2, 2], 'metric-dp-distance-min': 1.304630407365039, 'metric-dp-distance-median': 1.5258035900381703, 'metric-dp-distance-mean': 1.502723997355335, 'metric-dp-distance': 1.6777379946627964, 'dp-signal-update-norm': 3.097811133181509, 'dp-parameter-count': 226596, 'dp-expected-noise-l2-norm': 8.86649557048853, 'dp-noise-to-signal-ratio': 2.8621808074472495, 'dp-noise-percent-of-signal': 286.21808074472494, 'metric-dp-noise-stdv': 0.01862626947676705}
[92mINFO [0m:      configure_evaluate: Sampled 3 nodes (out of 3)
[92mINFO [0m:      aggregate_evaluate: Received 3 results and 0 failures
[92mINFO [0m:      	└──> Aggregated MetricRecord: {'eval_loss': 1.1433710390329361, 'eval_acc': 0.7791666666666666, 'client-ids': [0, 1, 2], 'per-client-eval_acc': [0.775, 0.7625, 0.7875], 'per-client-eval_loss': [1.1612658095359802, 1.2680616223812102, 1.0898776642481487], 'per-client-num-examples': [800, 400, 1200]}
[92mINFO [0m:      Global evaluation
[92mINFO [0m:      	└──> MetricRecord: {'loss': 1.2529044003486633, 'accuracy': 0.7825, 'f1': 0.7826561974204091, 'precision': 0.7845461227412518, 'auc': 0.9419746666666667}
[92mINFO [0m:      
[92mINFO [0m:      [ROUND 19/20]
[92mINFO [0m:      configure_train: Sampled 3 nodes (out of 3)
[36m(ClientAppActor pid=6707)[0m /usr/lib/python3.12/multiprocessing/popen_fork.py:66: DeprecationWarning: This process (pid=6707) is multi-threaded, use of fork() may lead to deadlocks in the child.[32m [repeated 3x across cluster][0m
[36m(ClientAppActor pid=6707)[0m   self.pid = os.fork()[32m [repeated 3x across cluster][0m
[92mINFO [0m:      aggregate_train: maximum pairwise model distance: 1.633750
[92mINFO [0m:      aggregate_train: Received 3 results and 0 failures
[92mINFO [0m:      aggregate_fit: parameters are clipped by value: 5.0000.
[92mINFO [0m:      aggregate_fit: parameters are clipped by value: 5.0000.
[92mINFO [0m:      aggregate_fit: parameters are clipped by value: 5.0000.
[92mINFO [0m:      aggregate_train: Received 3 results and 0 failures
[92mINFO [0m:      aggregate_train: metric-aware noise with 0.019128 stdev added
[92mINFO [0m:      	└──> Aggregated MetricRecord: {'train_loss': 0.03480623774065558, 'train_loss_mean': 0.06526506286219229, 'client-ids': [0, 1, 2], 'per-client-num-examples': [3200, 1600, 4800], 'per-client-train_loss': [0.03432115601724945, 0.01200270387227647, 0.04273080351238605], 'per-client-train_loss_mean': [0.06267031955427957, 0.09368813506211154, 0.05752053433416101], 'dp-client-ids': [0, 1, 2], 'dp-update-norms-before-clipping': [6.851655076738389, 4.583345471009981, 9.079730327033923], 'dp-client-clipped': [1, 0, 1], 'dp-num-clients-clipped': 2, 'dp-fraction-clipped': 0.6666666666666666, 'metric-dp-pairwise-distances': [1.1839438946141552, 1.633750109312435, 1.4635682634543628], 'metric-dp-pairwise-client-i': [0, 0, 1], 'metric-dp-pairwise-client-j': [1, 2, 2], 'metric-dp-distance-min': 1.1839438946141552, 'metric-dp-distance-median': 1.4635682634543628, 'metric-dp-distance-mean': 1.4270874224603176, 'metric-dp-distance': 1.633750109312435, 'dp-signal-update-norm': 3.072936974314397, 'dp-parameter-count': 226596, 'dp-expected-noise-l2-norm': 9.10522142482269, 'dp-noise-to-signal-ratio': 2.963035526250634, 'dp-noise-percent-of-signal': 296.30355262506333, 'metric-dp-noise-stdv': 0.019127772247343012}
[92mINFO [0m:      configure_evaluate: Sampled 3 nodes (out of 3)
[92mINFO [0m:      aggregate_evaluate: Received 3 results and 0 failures
[92mINFO [0m:      	└──> Aggregated MetricRecord: {'eval_loss': 1.1224115569392838, 'eval_acc': 0.7895833333333333, 'client-ids': [0, 1, 2], 'per-client-eval_acc': [0.7925, 0.7625, 0.7966666666666666], 'per-client-eval_loss': [1.100096925497055, 1.3072466522455215, 1.0756762794653574], 'per-client-num-examples': [800, 400, 1200]}
[92mINFO [0m:      Global evaluation
[92mINFO [0m:      	└──> MetricRecord: {'loss': 1.2628136953115463, 'accuracy': 0.7825, 'f1': 0.7833656594656736, 'precision': 0.7857504900488229, 'auc': 0.9416995416666668}
[92mINFO [0m:      
[92mINFO [0m:      [ROUND 20/20]
[92mINFO [0m:      configure_train: Sampled 3 nodes (out of 3)
[36m(ClientAppActor pid=6707)[0m /usr/lib/python3.12/multiprocessing/popen_fork.py:66: DeprecationWarning: This process (pid=6707) is multi-threaded, use of fork() may lead to deadlocks in the child.[32m [repeated 3x across cluster][0m
[36m(ClientAppActor pid=6707)[0m   self.pid = os.fork()[32m [repeated 3x across cluster][0m
[92mINFO [0m:      aggregate_train: maximum pairwise model distance: 1.648762
[92mINFO [0m:      aggregate_train: Received 3 results and 0 failures
[92mINFO [0m:      aggregate_fit: parameters are clipped by value: 5.0000.
[92mINFO [0m:      aggregate_fit: parameters are clipped by value: 5.0000.
[92mINFO [0m:      aggregate_fit: parameters are clipped by value: 5.0000.
[92mINFO [0m:      aggregate_train: Received 3 results and 0 failures
[92mINFO [0m:      aggregate_train: metric-aware noise with 0.018954 stdev added
[92mINFO [0m:      	└──> Aggregated MetricRecord: {'train_loss': 0.03749410251892793, 'train_loss_mean': 0.06543796643345073, 'client-ids': [0, 1, 2], 'per-client-num-examples': [3200, 1600, 4800], 'per-client-train_loss': [0.039150719223544, 0.011181531766196713, 0.045160548300094285], 'per-client-train_loss_mean': [0.07407153847836889, 0.08279519937280565, 0.05389650742372032], 'dp-client-ids': [0, 1, 2], 'dp-update-norms-before-clipping': [7.797358730875757, 4.664229357446416, 8.570471331624503], 'dp-client-clipped': [1, 0, 1], 'dp-num-clients-clipped': 2, 'dp-fraction-clipped': 0.6666666666666666, 'metric-dp-pairwise-distances': [1.297270157840103, 1.6487616441833477, 1.3925450686365366], 'metric-dp-pairwise-client-i': [0, 0, 1], 'metric-dp-pairwise-client-j': [1, 2, 2], 'metric-dp-distance-min': 1.297270157840103, 'metric-dp-distance-median': 1.3925450686365366, 'metric-dp-distance-mean': 1.4461922902199957, 'metric-dp-distance': 1.6487616441833477, 'dp-signal-update-norm': 3.1017766196712793, 'dp-parameter-count': 226596, 'dp-expected-noise-l2-norm': 9.022320813076709, 'dp-noise-to-signal-ratio': 2.9087590498483022, 'dp-noise-percent-of-signal': 290.87590498483024, 'metric-dp-noise-stdv': 0.018953618984433932}
[92mINFO [0m:      configure_evaluate: Sampled 3 nodes (out of 3)
[92mINFO [0m:      aggregate_evaluate: Received 3 results and 0 failures
[92mINFO [0m:      	└──> Aggregated MetricRecord: {'eval_loss': 1.146209256251653, 'eval_acc': 0.7862499999999999, 'client-ids': [0, 1, 2], 'per-client-eval_acc': [0.7825, 0.7475, 0.8016666666666666], 'per-client-eval_loss': [1.1966893839836121, 1.3395996880531311, 1.048092360496521], 'per-client-num-examples': [800, 400, 1200]}
[92mINFO [0m:      Global evaluation
[92mINFO [0m:      	└──> MetricRecord: {'loss': 1.3145257269740105, 'accuracy': 0.7785, 'f1': 0.7790200703836908, 'precision': 0.7822907582919543, 'auc': 0.9378664999999999}
[92mINFO [0m:      
[92mINFO [0m:      Strategy execution finished in 227.46s
[92mINFO [0m:      
[92mINFO [0m:      Final results:
[92mINFO [0m:      
[92mINFO [0m:      	Global Arrays:
[92mINFO [0m:      		ArrayRecord (0.866 MB)
[92mINFO [0m:      	
[92mINFO [0m:      	Aggregated ClientApp-side Train Metrics:
[92mINFO [0m:      	{ 1: { 'client-ids': "['0', '1', '2']",
[92mINFO [0m:      	       'dp-client-clipped': "['1', '1', '1']",
[92mINFO [0m:      	       'dp-client-ids': "['0', '1', '2']",
[92mINFO [0m:      	       'dp-expected-noise-l2-norm': '7.2933e+00',
[92mINFO [0m:      	       'dp-fraction-clipped': '1.0000e+00',
[92mINFO [0m:      	       'dp-noise-percent-of-signal': '2.1517e+02',
[92mINFO [0m:      	       'dp-noise-to-signal-ratio': '2.1517e+00',
[92mINFO [0m:      	       'dp-num-clients-clipped': '3',
[92mINFO [0m:      	       'dp-parameter-count': '226596',
[92mINFO [0m:      	       'dp-signal-update-norm': '3.3895e+00',
[92mINFO [0m:      	       'dp-update-norms-before-clipping': "['8.2487e+00', '6.1947e+00', "
[92mINFO [0m:      	                                          "'9.9495e+00']",
[92mINFO [0m:      	       'metric-dp-distance': '2.0396e+00',
[92mINFO [0m:      	       'metric-dp-distance-mean': '1.8495e+00',
[92mINFO [0m:      	       'metric-dp-distance-median': '1.8929e+00',
[92mINFO [0m:      	       'metric-dp-distance-min': '1.6159e+00',
[92mINFO [0m:      	       'metric-dp-noise-stdv': '1.5321e-02',
[92mINFO [0m:      	       'metric-dp-pairwise-client-i': "['0', '0', '1']",
[92mINFO [0m:      	       'metric-dp-pairwise-client-j': "['1', '2', '2']",
[92mINFO [0m:      	       'metric-dp-pairwise-distances': "['1.6159e+00', '2.0396e+00', "
[92mINFO [0m:      	                                       "'1.8929e+00']",
[92mINFO [0m:      	       'per-client-num-examples': "['3200', '1600', '4800']",
[92mINFO [0m:      	       'per-client-train_loss': "['8.3960e-01', '9.7466e-01', '7.4234e-01']",
[92mINFO [0m:      	       'per-client-train_loss_mean': "['9.9963e-01', '1.1200e+00', "
[92mINFO [0m:      	                                     "'9.2200e-01']",
[92mINFO [0m:      	       'train_loss': '8.1348e-01',
[92mINFO [0m:      	       'train_loss_mean': '9.8088e-01'},
[92mINFO [0m:      	  2: { 'client-ids': "['0', '1', '2']",
[92mINFO [0m:      	       'dp-client-clipped': "['1', '1', '1']",
[92mINFO [0m:      	       'dp-client-ids': "['0', '1', '2']",
[92mINFO [0m:      	       'dp-expected-noise-l2-norm': '9.1760e+00',
[92mINFO [0m:      	       'dp-fraction-clipped': '1.0000e+00',
[92mINFO [0m:      	       'dp-noise-percent-of-signal': '2.2701e+02',
[92mINFO [0m:      	       'dp-noise-to-signal-ratio': '2.2701e+00',
[92mINFO [0m:      	       'dp-num-clients-clipped': '3',
[92mINFO [0m:      	       'dp-parameter-count': '226596',
[92mINFO [0m:      	       'dp-signal-update-norm': '4.0421e+00',
[92mINFO [0m:      	       'dp-update-norms-before-clipping': "['8.5954e+00', '6.6292e+00', "
[92mINFO [0m:      	                                          "'1.1290e+01']",
[92mINFO [0m:      	       'metric-dp-distance': '1.6211e+00',
[92mINFO [0m:      	       'metric-dp-distance-mean': '1.4963e+00',
[92mINFO [0m:      	       'metric-dp-distance-median': '1.6054e+00',
[92mINFO [0m:      	       'metric-dp-distance-min': '1.2624e+00',
[92mINFO [0m:      	       'metric-dp-noise-stdv': '1.9276e-02',
[92mINFO [0m:      	       'metric-dp-pairwise-client-i': "['0', '0', '1']",
[92mINFO [0m:      	       'metric-dp-pairwise-client-j': "['1', '2', '2']",
[92mINFO [0m:      	       'metric-dp-pairwise-distances': "['1.2624e+00', '1.6211e+00', "
[92mINFO [0m:      	                                       "'1.6054e+00']",
[92mINFO [0m:      	       'per-client-num-examples': "['3200', '1600', '4800']",
[92mINFO [0m:      	       'per-client-train_loss': "['7.2161e-01', '7.2698e-01', '6.2303e-01']",
[92mINFO [0m:      	       'per-client-train_loss_mean': "['8.1662e-01', '8.7991e-01', "
[92mINFO [0m:      	                                     "'7.4907e-01']",
[92mINFO [0m:      	       'train_loss': '6.7322e-01',
[92mINFO [0m:      	       'train_loss_mean': '7.9340e-01'},
[92mINFO [0m:      	  3: { 'client-ids': "['0', '1', '2']",
[92mINFO [0m:      	       'dp-client-clipped': "['1', '1', '1']",
[92mINFO [0m:      	       'dp-client-ids': "['0', '1', '2']",
[92mINFO [0m:      	       'dp-expected-noise-l2-norm': '8.5628e+00',
[92mINFO [0m:      	       'dp-fraction-clipped': '1.0000e+00',
[92mINFO [0m:      	       'dp-noise-percent-of-signal': '2.2455e+02',
[92mINFO [0m:      	       'dp-noise-to-signal-ratio': '2.2455e+00',
[92mINFO [0m:      	       'dp-num-clients-clipped': '3',
[92mINFO [0m:      	       'dp-parameter-count': '226596',
[92mINFO [0m:      	       'dp-signal-update-norm': '3.8133e+00',
[92mINFO [0m:      	       'dp-update-norms-before-clipping': "['9.4818e+00', '6.2282e+00', "
[92mINFO [0m:      	                                          "'1.0964e+01']",
[92mINFO [0m:      	       'metric-dp-distance': '1.7372e+00',
[92mINFO [0m:      	       'metric-dp-distance-mean': '1.5928e+00',
[92mINFO [0m:      	       'metric-dp-distance-median': '1.6052e+00',
[92mINFO [0m:      	       'metric-dp-distance-min': '1.4361e+00',
[92mINFO [0m:      	       'metric-dp-noise-stdv': '1.7988e-02',
[92mINFO [0m:      	       'metric-dp-pairwise-client-i': "['0', '0', '1']",
[92mINFO [0m:      	       'metric-dp-pairwise-client-j': "['1', '2', '2']",
[92mINFO [0m:      	       'metric-dp-pairwise-distances': "['1.4361e+00', '1.7372e+00', "
[92mINFO [0m:      	                                       "'1.6052e+00']",
[92mINFO [0m:      	       'per-client-num-examples': "['3200', '1600', '4800']",
[92mINFO [0m:      	       'per-client-train_loss': "['5.7054e-01', '5.6566e-01', '5.3124e-01']",
[92mINFO [0m:      	       'per-client-train_loss_mean': "['6.6797e-01', '6.8181e-01', "
[92mINFO [0m:      	                                     "'6.2864e-01']",
[92mINFO [0m:      	       'train_loss': '5.5008e-01',
[92mINFO [0m:      	       'train_loss_mean': '6.5061e-01'},
[92mINFO [0m:      	  4: { 'client-ids': "['0', '1', '2']",
[92mINFO [0m:      	       'dp-client-clipped': "['1', '1', '1']",
[92mINFO [0m:      	       'dp-client-ids': "['0', '1', '2']",
[92mINFO [0m:      	       'dp-expected-noise-l2-norm': '8.2663e+00',
[92mINFO [0m:      	       'dp-fraction-clipped': '1.0000e+00',
[92mINFO [0m:      	       'dp-noise-percent-of-signal': '2.3037e+02',
[92mINFO [0m:      	       'dp-noise-to-signal-ratio': '2.3037e+00',
[92mINFO [0m:      	       'dp-num-clients-clipped': '3',
[92mINFO [0m:      	       'dp-parameter-count': '226596',
[92mINFO [0m:      	       'dp-signal-update-norm': '3.5882e+00',
[92mINFO [0m:      	       'dp-update-norms-before-clipping': "['9.2281e+00', '6.3808e+00', "
[92mINFO [0m:      	                                          "'1.0850e+01']",
[92mINFO [0m:      	       'metric-dp-distance': '1.7996e+00',
[92mINFO [0m:      	       'metric-dp-distance-mean': '1.6534e+00',
[92mINFO [0m:      	       'metric-dp-distance-median': '1.6762e+00',
[92mINFO [0m:      	       'metric-dp-distance-min': '1.4845e+00',
[92mINFO [0m:      	       'metric-dp-noise-stdv': '1.7365e-02',
[92mINFO [0m:      	       'metric-dp-pairwise-client-i': "['0', '0', '1']",
[92mINFO [0m:      	       'metric-dp-pairwise-client-j': "['1', '2', '2']",
[92mINFO [0m:      	       'metric-dp-pairwise-distances': "['1.4845e+00', '1.7996e+00', "
[92mINFO [0m:      	                                       "'1.6762e+00']",
[92mINFO [0m:      	       'per-client-num-examples': "['3200', '1600', '4800']",
[92mINFO [0m:      	       'per-client-train_loss': "['4.5869e-01', '4.5778e-01', '4.2212e-01']",
[92mINFO [0m:      	       'per-client-train_loss_mean': "['5.8167e-01', '5.6547e-01', "
[92mINFO [0m:      	                                     "'5.2781e-01']",
[92mINFO [0m:      	       'train_loss': '4.4025e-01',
[92mINFO [0m:      	       'train_loss_mean': '5.5204e-01'},
[92mINFO [0m:      	  5: { 'client-ids': "['0', '1', '2']",
[92mINFO [0m:      	       'dp-client-clipped': "['1', '1', '1']",
[92mINFO [0m:      	       'dp-client-ids': "['0', '1', '2']",
[92mINFO [0m:      	       'dp-expected-noise-l2-norm': '7.9999e+00',
[92mINFO [0m:      	       'dp-fraction-clipped': '1.0000e+00',
[92mINFO [0m:      	       'dp-noise-percent-of-signal': '2.3421e+02',
[92mINFO [0m:      	       'dp-noise-to-signal-ratio': '2.3421e+00',
[92mINFO [0m:      	       'dp-num-clients-clipped': '3',
[92mINFO [0m:      	       'dp-parameter-count': '226596',
[92mINFO [0m:      	       'dp-signal-update-norm': '3.4156e+00',
[92mINFO [0m:      	       'dp-update-norms-before-clipping': "['8.9305e+00', '6.4912e+00', "
[92mINFO [0m:      	                                          "'1.0914e+01']",
[92mINFO [0m:      	       'metric-dp-distance': '1.8595e+00',
[92mINFO [0m:      	       'metric-dp-distance-mean': '1.7044e+00',
[92mINFO [0m:      	       'metric-dp-distance-median': '1.7537e+00',
[92mINFO [0m:      	       'metric-dp-distance-min': '1.5002e+00',
[92mINFO [0m:      	       'metric-dp-noise-stdv': '1.6806e-02',
[92mINFO [0m:      	       'metric-dp-pairwise-client-i': "['0', '0', '1']",
[92mINFO [0m:      	       'metric-dp-pairwise-client-j': "['1', '2', '2']",
[92mINFO [0m:      	       'metric-dp-pairwise-distances': "['1.5002e+00', '1.8595e+00', "
[92mINFO [0m:      	                                       "'1.7537e+00']",
[92mINFO [0m:      	       'per-client-num-examples': "['3200', '1600', '4800']",
[92mINFO [0m:      	       'per-client-train_loss': "['3.4484e-01', '3.4021e-01', '3.1041e-01']",
[92mINFO [0m:      	       'per-client-train_loss_mean': "['4.6505e-01', '4.6650e-01', "
[92mINFO [0m:      	                                     "'4.3019e-01']",
[92mINFO [0m:      	       'train_loss': '3.2685e-01',
[92mINFO [0m:      	       'train_loss_mean': '4.4786e-01'},
[92mINFO [0m:      	  6: { 'client-ids': "['0', '1', '2']",
[92mINFO [0m:      	       'dp-client-clipped': "['1', '1', '1']",
[92mINFO [0m:      	       'dp-client-ids': "['0', '1', '2']",
[92mINFO [0m:      	       'dp-expected-noise-l2-norm': '8.2140e+00',
[92mINFO [0m:      	       'dp-fraction-clipped': '1.0000e+00',
[92mINFO [0m:      	       'dp-noise-percent-of-signal': '2.4677e+02',
[92mINFO [0m:      	       'dp-noise-to-signal-ratio': '2.4677e+00',
[92mINFO [0m:      	       'dp-num-clients-clipped': '3',
[92mINFO [0m:      	       'dp-parameter-count': '226596',
[92mINFO [0m:      	       'dp-signal-update-norm': '3.3286e+00',
[92mINFO [0m:      	       'dp-update-norms-before-clipping': "['8.6167e+00', '6.5021e+00', "
[92mINFO [0m:      	                                          "'1.0420e+01']",
[92mINFO [0m:      	       'metric-dp-distance': '1.8110e+00',
[92mINFO [0m:      	       'metric-dp-distance-mean': '1.6736e+00',
[92mINFO [0m:      	       'metric-dp-distance-median': '1.7171e+00',
[92mINFO [0m:      	       'metric-dp-distance-min': '1.4926e+00',
[92mINFO [0m:      	       'metric-dp-noise-stdv': '1.7256e-02',
[92mINFO [0m:      	       'metric-dp-pairwise-client-i': "['0', '0', '1']",
[92mINFO [0m:      	       'metric-dp-pairwise-client-j': "['1', '2', '2']",
[92mINFO [0m:      	       'metric-dp-pairwise-distances': "['1.4926e+00', '1.8110e+00', "
[92mINFO [0m:      	                                       "'1.7171e+00']",
[92mINFO [0m:      	       'per-client-num-examples': "['3200', '1600', '4800']",
[92mINFO [0m:      	       'per-client-train_loss': "['2.7108e-01', '2.7227e-01', '2.3843e-01']",
[92mINFO [0m:      	       'per-client-train_loss_mean': "['3.8573e-01', '4.0724e-01', "
[92mINFO [0m:      	                                     "'3.4486e-01']",
[92mINFO [0m:      	       'train_loss': '2.5495e-01',
[92mINFO [0m:      	       'train_loss_mean': '3.6888e-01'},
[92mINFO [0m:      	  7: { 'client-ids': "['0', '1', '2']",
[92mINFO [0m:      	       'dp-client-clipped': "['1', '1', '1']",
[92mINFO [0m:      	       'dp-client-ids': "['0', '1', '2']",
[92mINFO [0m:      	       'dp-expected-noise-l2-norm': '7.9911e+00',
[92mINFO [0m:      	       'dp-fraction-clipped': '1.0000e+00',
[92mINFO [0m:      	       'dp-noise-percent-of-signal': '2.4693e+02',
[92mINFO [0m:      	       'dp-noise-to-signal-ratio': '2.4693e+00',
[92mINFO [0m:      	       'dp-num-clients-clipped': '3',
[92mINFO [0m:      	       'dp-parameter-count': '226596',
[92mINFO [0m:      	       'dp-signal-update-norm': '3.2362e+00',
[92mINFO [0m:      	       'dp-update-norms-before-clipping': "['8.5197e+00', '6.6148e+00', "
[92mINFO [0m:      	                                          "'1.0536e+01']",
[92mINFO [0m:      	       'metric-dp-distance': '1.8615e+00',
[92mINFO [0m:      	       'metric-dp-distance-mean': '1.7033e+00',
[92mINFO [0m:      	       'metric-dp-distance-median': '1.7478e+00',
[92mINFO [0m:      	       'metric-dp-distance-min': '1.5005e+00',
[92mINFO [0m:      	       'metric-dp-noise-stdv': '1.6787e-02',
[92mINFO [0m:      	       'metric-dp-pairwise-client-i': "['0', '0', '1']",
[92mINFO [0m:      	       'metric-dp-pairwise-client-j': "['1', '2', '2']",
[92mINFO [0m:      	       'metric-dp-pairwise-distances': "['1.5005e+00', '1.8615e+00', "
[92mINFO [0m:      	                                       "'1.7478e+00']",
[92mINFO [0m:      	       'per-client-num-examples': "['3200', '1600', '4800']",
[92mINFO [0m:      	       'per-client-train_loss': "['1.8526e-01', '1.6679e-01', '1.6692e-01']",
[92mINFO [0m:      	       'per-client-train_loss_mean': "['3.1137e-01', '3.2628e-01', "
[92mINFO [0m:      	                                     "'2.7848e-01']",
[92mINFO [0m:      	       'train_loss': '1.7301e-01',
[92mINFO [0m:      	       'train_loss_mean': '2.9741e-01'},
[92mINFO [0m:      	  8: { 'client-ids': "['0', '1', '2']",
[92mINFO [0m:      	       'dp-client-clipped': "['1', '1', '1']",
[92mINFO [0m:      	       'dp-client-ids': "['0', '1', '2']",
[92mINFO [0m:      	       'dp-expected-noise-l2-norm': '7.9685e+00',
[92mINFO [0m:      	       'dp-fraction-clipped': '1.0000e+00',
[92mINFO [0m:      	       'dp-noise-percent-of-signal': '2.5038e+02',
[92mINFO [0m:      	       'dp-noise-to-signal-ratio': '2.5038e+00',
[92mINFO [0m:      	       'dp-num-clients-clipped': '3',
[92mINFO [0m:      	       'dp-parameter-count': '226596',
[92mINFO [0m:      	       'dp-signal-update-norm': '3.1826e+00',
[92mINFO [0m:      	       'dp-update-norms-before-clipping': "['8.8310e+00', '6.3338e+00', "
[92mINFO [0m:      	                                          "'1.0192e+01']",
[92mINFO [0m:      	       'metric-dp-distance': '1.8668e+00',
[92mINFO [0m:      	       'metric-dp-distance-mean': '1.6925e+00',
[92mINFO [0m:      	       'metric-dp-distance-median': '1.6939e+00',
[92mINFO [0m:      	       'metric-dp-distance-min': '1.5167e+00',
[92mINFO [0m:      	       'metric-dp-noise-stdv': '1.6740e-02',
[92mINFO [0m:      	       'metric-dp-pairwise-client-i': "['0', '0', '1']",
[92mINFO [0m:      	       'metric-dp-pairwise-client-j': "['1', '2', '2']",
[92mINFO [0m:      	       'metric-dp-pairwise-distances': "['1.5167e+00', '1.8668e+00', "
[92mINFO [0m:      	                                       "'1.6939e+00']",
[92mINFO [0m:      	       'per-client-num-examples': "['3200', '1600', '4800']",
[92mINFO [0m:      	       'per-client-train_loss': "['1.5554e-01', '1.2220e-01', '1.3414e-01']",
[92mINFO [0m:      	       'per-client-train_loss_mean': "['2.5620e-01', '2.6124e-01', "
[92mINFO [0m:      	                                     "'2.1409e-01']",
[92mINFO [0m:      	       'train_loss': '1.3928e-01',
[92mINFO [0m:      	       'train_loss_mean': '2.3598e-01'},
[92mINFO [0m:      	  9: { 'client-ids': "['0', '1', '2']",
[92mINFO [0m:      	       'dp-client-clipped': "['1', '1', '1']",
[92mINFO [0m:      	       'dp-client-ids': "['0', '1', '2']",
[92mINFO [0m:      	       'dp-expected-noise-l2-norm': '8.2389e+00',
[92mINFO [0m:      	       'dp-fraction-clipped': '1.0000e+00',
[92mINFO [0m:      	       'dp-noise-percent-of-signal': '2.6438e+02',
[92mINFO [0m:      	       'dp-noise-to-signal-ratio': '2.6438e+00',
[92mINFO [0m:      	       'dp-num-clients-clipped': '3',
[92mINFO [0m:      	       'dp-parameter-count': '226596',
[92mINFO [0m:      	       'dp-signal-update-norm': '3.1163e+00',
[92mINFO [0m:      	       'dp-update-norms-before-clipping': "['8.1055e+00', '6.1723e+00', "
[92mINFO [0m:      	                                          "'9.8855e+00']",
[92mINFO [0m:      	       'metric-dp-distance': '1.8055e+00',
[92mINFO [0m:      	       'metric-dp-distance-mean': '1.6354e+00',
[92mINFO [0m:      	       'metric-dp-distance-median': '1.6640e+00',
[92mINFO [0m:      	       'metric-dp-distance-min': '1.4366e+00',
[92mINFO [0m:      	       'metric-dp-noise-stdv': '1.7308e-02',
[92mINFO [0m:      	       'metric-dp-pairwise-client-i': "['0', '0', '1']",
[92mINFO [0m:      	       'metric-dp-pairwise-client-j': "['1', '2', '2']",
[92mINFO [0m:      	       'metric-dp-pairwise-distances': "['1.4366e+00', '1.8055e+00', "
[92mINFO [0m:      	                                       "'1.6640e+00']",
[92mINFO [0m:      	       'per-client-num-examples': "['3200', '1600', '4800']",
[92mINFO [0m:      	       'per-client-train_loss': "['9.3167e-02', '8.0539e-02', '1.2235e-01']",
[92mINFO [0m:      	       'per-client-train_loss_mean': "['1.9656e-01', '2.1756e-01', "
[92mINFO [0m:      	                                     "'1.7144e-01']",
[92mINFO [0m:      	       'train_loss': '1.0566e-01',
[92mINFO [0m:      	       'train_loss_mean': '1.8750e-01'},
[92mINFO [0m:      	  10: { 'client-ids': "['0', '1', '2']",
[92mINFO [0m:      	        'dp-client-clipped': "['1', '1', '1']",
[92mINFO [0m:      	        'dp-client-ids': "['0', '1', '2']",
[92mINFO [0m:      	        'dp-expected-noise-l2-norm': '8.4111e+00',
[92mINFO [0m:      	        'dp-fraction-clipped': '1.0000e+00',
[92mINFO [0m:      	        'dp-noise-percent-of-signal': '2.7145e+02',
[92mINFO [0m:      	        'dp-noise-to-signal-ratio': '2.7145e+00',
[92mINFO [0m:      	        'dp-num-clients-clipped': '3',
[92mINFO [0m:      	        'dp-parameter-count': '226596',
[92mINFO [0m:      	        'dp-signal-update-norm': '3.0986e+00',
[92mINFO [0m:      	        'dp-update-norms-before-clipping': "['7.9462e+00', '5.7749e+00', "
[92mINFO [0m:      	                                           "'9.5291e+00']",
[92mINFO [0m:      	        'metric-dp-distance': '1.7686e+00',
[92mINFO [0m:      	        'metric-dp-distance-mean': '1.5860e+00',
[92mINFO [0m:      	        'metric-dp-distance-median': '1.5953e+00',
[92mINFO [0m:      	        'metric-dp-distance-min': '1.3941e+00',
[92mINFO [0m:      	        'metric-dp-noise-stdv': '1.7670e-02',
[92mINFO [0m:      	        'metric-dp-pairwise-client-i': "['0', '0', '1']",
[92mINFO [0m:      	        'metric-dp-pairwise-client-j': "['1', '2', '2']",
[92mINFO [0m:      	        'metric-dp-pairwise-distances': "['1.3941e+00', '1.7686e+00', "
[92mINFO [0m:      	                                        "'1.5953e+00']",
[92mINFO [0m:      	        'per-client-num-examples': "['3200', '1600', '4800']",
[92mINFO [0m:      	        'per-client-train_loss': "['7.8886e-02', '7.5154e-02', '1.1583e-01']",
[92mINFO [0m:      	        'per-client-train_loss_mean': "['1.6786e-01', '1.7823e-01', "
[92mINFO [0m:      	                                      "'1.4020e-01']",
[92mINFO [0m:      	        'train_loss': '9.6735e-02',
[92mINFO [0m:      	        'train_loss_mean': '1.5576e-01'},
[92mINFO [0m:      	  11: { 'client-ids': "['0', '1', '2']",
[92mINFO [0m:      	        'dp-client-clipped': "['1', '1', '1']",
[92mINFO [0m:      	        'dp-client-ids': "['0', '1', '2']",
[92mINFO [0m:      	        'dp-expected-noise-l2-norm': '8.7553e+00',
[92mINFO [0m:      	        'dp-fraction-clipped': '1.0000e+00',
[92mINFO [0m:      	        'dp-noise-percent-of-signal': '2.8317e+02',
[92mINFO [0m:      	        'dp-noise-to-signal-ratio': '2.8317e+00',
[92mINFO [0m:      	        'dp-num-clients-clipped': '3',
[92mINFO [0m:      	        'dp-parameter-count': '226596',
[92mINFO [0m:      	        'dp-signal-update-norm': '3.0919e+00',
[92mINFO [0m:      	        'dp-update-norms-before-clipping': "['7.8774e+00', '5.4773e+00', "
[92mINFO [0m:      	                                           "'9.1131e+00']",
[92mINFO [0m:      	        'metric-dp-distance': '1.6990e+00',
[92mINFO [0m:      	        'metric-dp-distance-mean': '1.5201e+00',
[92mINFO [0m:      	        'metric-dp-distance-median': '1.5098e+00',
[92mINFO [0m:      	        'metric-dp-distance-min': '1.3514e+00',
[92mINFO [0m:      	        'metric-dp-noise-stdv': '1.8393e-02',
[92mINFO [0m:      	        'metric-dp-pairwise-client-i': "['0', '0', '1']",
[92mINFO [0m:      	        'metric-dp-pairwise-client-j': "['1', '2', '2']",
[92mINFO [0m:      	        'metric-dp-pairwise-distances': "['1.3514e+00', '1.6990e+00', "
[92mINFO [0m:      	                                        "'1.5098e+00']",
[92mINFO [0m:      	        'per-client-num-examples': "['3200', '1600', '4800']",
[92mINFO [0m:      	        'per-client-train_loss': "['8.3214e-02', '4.0723e-02', '9.4439e-02']",
[92mINFO [0m:      	        'per-client-train_loss_mean': "['1.4203e-01', '1.8045e-01', "
[92mINFO [0m:      	                                      "'1.1893e-01']",
[92mINFO [0m:      	        'train_loss': '8.1744e-02',
[92mINFO [0m:      	        'train_loss_mean': '1.3689e-01'},
[92mINFO [0m:      	  12: { 'client-ids': "['0', '1', '2']",
[92mINFO [0m:      	        'dp-client-clipped': "['1', '1', '1']",
[92mINFO [0m:      	        'dp-client-ids': "['0', '1', '2']",
[92mINFO [0m:      	        'dp-expected-noise-l2-norm': '9.0303e+00',
[92mINFO [0m:      	        'dp-fraction-clipped': '1.0000e+00',
[92mINFO [0m:      	        'dp-noise-percent-of-signal': '2.9234e+02',
[92mINFO [0m:      	        'dp-noise-to-signal-ratio': '2.9234e+00',
[92mINFO [0m:      	        'dp-num-clients-clipped': '3',
[92mINFO [0m:      	        'dp-parameter-count': '226596',
[92mINFO [0m:      	        'dp-signal-update-norm': '3.0890e+00',
[92mINFO [0m:      	        'dp-update-norms-before-clipping': "['7.5438e+00', '5.5108e+00', "
[92mINFO [0m:      	                                           "'8.7633e+00']",
[92mINFO [0m:      	        'metric-dp-distance': '1.6473e+00',
[92mINFO [0m:      	        'metric-dp-distance-mean': '1.4852e+00',
[92mINFO [0m:      	        'metric-dp-distance-median': '1.4813e+00',
[92mINFO [0m:      	        'metric-dp-distance-min': '1.3271e+00',
[92mINFO [0m:      	        'metric-dp-noise-stdv': '1.8970e-02',
[92mINFO [0m:      	        'metric-dp-pairwise-client-i': "['0', '0', '1']",
[92mINFO [0m:      	        'metric-dp-pairwise-client-j': "['1', '2', '2']",
[92mINFO [0m:      	        'metric-dp-pairwise-distances': "['1.3271e+00', '1.6473e+00', "
[92mINFO [0m:      	                                        "'1.4813e+00']",
[92mINFO [0m:      	        'per-client-num-examples': "['3200', '1600', '4800']",
[92mINFO [0m:      	        'per-client-train_loss': "['7.4109e-02', '4.2817e-02', '5.4797e-02']",
[92mINFO [0m:      	        'per-client-train_loss_mean': "['1.1499e-01', '1.5632e-01', "
[92mINFO [0m:      	                                      "'9.1105e-02']",
[92mINFO [0m:      	        'train_loss': '5.9238e-02',
[92mINFO [0m:      	        'train_loss_mean': '1.0994e-01'},
[92mINFO [0m:      	  13: { 'client-ids': "['0', '1', '2']",
[92mINFO [0m:      	        'dp-client-clipped': "['1', '1', '1']",
[92mINFO [0m:      	        'dp-client-ids': "['0', '1', '2']",
[92mINFO [0m:      	        'dp-expected-noise-l2-norm': '9.1387e+00',
[92mINFO [0m:      	        'dp-fraction-clipped': '1.0000e+00',
[92mINFO [0m:      	        'dp-noise-percent-of-signal': '2.9586e+02',
[92mINFO [0m:      	        'dp-noise-to-signal-ratio': '2.9586e+00',
[92mINFO [0m:      	        'dp-num-clients-clipped': '3',
[92mINFO [0m:      	        'dp-parameter-count': '226596',
[92mINFO [0m:      	        'dp-signal-update-norm': '3.0888e+00',
[92mINFO [0m:      	        'dp-update-norms-before-clipping': "['7.4534e+00', '5.4716e+00', "
[92mINFO [0m:      	                                           "'8.7777e+00']",
[92mINFO [0m:      	        'metric-dp-distance': '1.6278e+00',
[92mINFO [0m:      	        'metric-dp-distance-mean': '1.4659e+00',
[92mINFO [0m:      	        'metric-dp-distance-median': '1.4724e+00',
[92mINFO [0m:      	        'metric-dp-distance-min': '1.2976e+00',
[92mINFO [0m:      	        'metric-dp-noise-stdv': '1.9198e-02',
[92mINFO [0m:      	        'metric-dp-pairwise-client-i': "['0', '0', '1']",
[92mINFO [0m:      	        'metric-dp-pairwise-client-j': "['1', '2', '2']",
[92mINFO [0m:      	        'metric-dp-pairwise-distances': "['1.2976e+00', '1.6278e+00', "
[92mINFO [0m:      	                                        "'1.4724e+00']",
[92mINFO [0m:      	        'per-client-num-examples': "['3200', '1600', '4800']",
[92mINFO [0m:      	        'per-client-train_loss': "['5.4052e-02', '4.6290e-02', '6.6677e-02']",
[92mINFO [0m:      	        'per-client-train_loss_mean': "['1.0806e-01', '1.3601e-01', "
[92mINFO [0m:      	                                      "'8.6465e-02']",
[92mINFO [0m:      	        'train_loss': '5.9071e-02',
[92mINFO [0m:      	        'train_loss_mean': '1.0192e-01'},
[92mINFO [0m:      	  14: { 'client-ids': "['0', '1', '2']",
[92mINFO [0m:      	        'dp-client-clipped': "['1', '1', '1']",
[92mINFO [0m:      	        'dp-client-ids': "['0', '1', '2']",
[92mINFO [0m:      	        'dp-expected-noise-l2-norm': '9.0498e+00',
[92mINFO [0m:      	        'dp-fraction-clipped': '1.0000e+00',
[92mINFO [0m:      	        'dp-noise-percent-of-signal': '2.9285e+02',
[92mINFO [0m:      	        'dp-noise-to-signal-ratio': '2.9285e+00',
[92mINFO [0m:      	        'dp-num-clients-clipped': '3',
[92mINFO [0m:      	        'dp-parameter-count': '226596',
[92mINFO [0m:      	        'dp-signal-update-norm': '3.0902e+00',
[92mINFO [0m:      	        'dp-update-norms-before-clipping': "['7.4842e+00', '5.3276e+00', "
[92mINFO [0m:      	                                           "'8.8855e+00']",
[92mINFO [0m:      	        'metric-dp-distance': '1.6438e+00',
[92mINFO [0m:      	        'metric-dp-distance-mean': '1.4693e+00',
[92mINFO [0m:      	        'metric-dp-distance-median': '1.4718e+00',
[92mINFO [0m:      	        'metric-dp-distance-min': '1.2923e+00',
[92mINFO [0m:      	        'metric-dp-noise-stdv': '1.9011e-02',
[92mINFO [0m:      	        'metric-dp-pairwise-client-i': "['0', '0', '1']",
[92mINFO [0m:      	        'metric-dp-pairwise-client-j': "['1', '2', '2']",
[92mINFO [0m:      	        'metric-dp-pairwise-distances': "['1.2923e+00', '1.6438e+00', "
[92mINFO [0m:      	                                        "'1.4718e+00']",
[92mINFO [0m:      	        'per-client-num-examples': "['3200', '1600', '4800']",
[92mINFO [0m:      	        'per-client-train_loss': "['5.6223e-02', '5.1368e-02', '6.6582e-02']",
[92mINFO [0m:      	        'per-client-train_loss_mean': "['9.7737e-02', '1.2802e-01', "
[92mINFO [0m:      	                                      "'8.2737e-02']",
[92mINFO [0m:      	        'train_loss': '6.0593e-02',
[92mINFO [0m:      	        'train_loss_mean': '9.5284e-02'},
[92mINFO [0m:      	  15: { 'client-ids': "['0', '1', '2']",
[92mINFO [0m:      	        'dp-client-clipped': "['1', '1', '1']",
[92mINFO [0m:      	        'dp-client-ids': "['0', '1', '2']",
[92mINFO [0m:      	        'dp-expected-noise-l2-norm': '8.6373e+00',
[92mINFO [0m:      	        'dp-fraction-clipped': '1.0000e+00',
[92mINFO [0m:      	        'dp-noise-percent-of-signal': '2.7840e+02',
[92mINFO [0m:      	        'dp-noise-to-signal-ratio': '2.7840e+00',
[92mINFO [0m:      	        'dp-num-clients-clipped': '3',
[92mINFO [0m:      	        'dp-parameter-count': '226596',
[92mINFO [0m:      	        'dp-signal-update-norm': '3.1025e+00',
[92mINFO [0m:      	        'dp-update-norms-before-clipping': "['7.8395e+00', '5.4448e+00', "
[92mINFO [0m:      	                                           "'9.2773e+00']",
[92mINFO [0m:      	        'metric-dp-distance': '1.7223e+00',
[92mINFO [0m:      	        'metric-dp-distance-mean': '1.5358e+00',
[92mINFO [0m:      	        'metric-dp-distance-median': '1.5358e+00',
[92mINFO [0m:      	        'metric-dp-distance-min': '1.3493e+00',
[92mINFO [0m:      	        'metric-dp-noise-stdv': '1.8145e-02',
[92mINFO [0m:      	        'metric-dp-pairwise-client-i': "['0', '0', '1']",
[92mINFO [0m:      	        'metric-dp-pairwise-client-j': "['1', '2', '2']",
[92mINFO [0m:      	        'metric-dp-pairwise-distances': "['1.3493e+00', '1.7223e+00', "
[92mINFO [0m:      	                                        "'1.5358e+00']",
[92mINFO [0m:      	        'per-client-num-examples': "['3200', '1600', '4800']",
[92mINFO [0m:      	        'per-client-train_loss': "['8.1405e-02', '4.4747e-02', '7.0835e-02']",
[92mINFO [0m:      	        'per-client-train_loss_mean': "['9.9499e-02', '1.3297e-01', "
[92mINFO [0m:      	                                      "'7.4893e-02']",
[92mINFO [0m:      	        'train_loss': '7.0010e-02',
[92mINFO [0m:      	        'train_loss_mean': '9.2775e-02'},
[92mINFO [0m:      	  16: { 'client-ids': "['0', '1', '2']",
[92mINFO [0m:      	        'dp-client-clipped': "['1', '1', '1']",
[92mINFO [0m:      	        'dp-client-ids': "['0', '1', '2']",
[92mINFO [0m:      	        'dp-expected-noise-l2-norm': '9.4123e+00',
[92mINFO [0m:      	        'dp-fraction-clipped': '1.0000e+00',
[92mINFO [0m:      	        'dp-noise-percent-of-signal': '3.0453e+02',
[92mINFO [0m:      	        'dp-noise-to-signal-ratio': '3.0453e+00',
[92mINFO [0m:      	        'dp-num-clients-clipped': '3',
[92mINFO [0m:      	        'dp-parameter-count': '226596',
[92mINFO [0m:      	        'dp-signal-update-norm': '3.0908e+00',
[92mINFO [0m:      	        'dp-update-norms-before-clipping': "['7.0043e+00', '5.2710e+00', "
[92mINFO [0m:      	                                           "'8.5967e+00']",
[92mINFO [0m:      	        'metric-dp-distance': '1.5804e+00',
[92mINFO [0m:      	        'metric-dp-distance-mean': '1.4231e+00',
[92mINFO [0m:      	        'metric-dp-distance-median': '1.4446e+00',
[92mINFO [0m:      	        'metric-dp-distance-min': '1.2442e+00',
[92mINFO [0m:      	        'metric-dp-noise-stdv': '1.9773e-02',
[92mINFO [0m:      	        'metric-dp-pairwise-client-i': "['0', '0', '1']",
[92mINFO [0m:      	        'metric-dp-pairwise-client-j': "['1', '2', '2']",
[92mINFO [0m:      	        'metric-dp-pairwise-distances': "['1.2442e+00', '1.5804e+00', "
[92mINFO [0m:      	                                        "'1.4446e+00']",
[92mINFO [0m:      	        'per-client-num-examples': "['3200', '1600', '4800']",
[92mINFO [0m:      	        'per-client-train_loss': "['2.6622e-02', '1.8968e-02', '5.4315e-02']",
[92mINFO [0m:      	        'per-client-train_loss_mean': "['8.0435e-02', '1.0685e-01', "
[92mINFO [0m:      	                                      "'6.5725e-02']",
[92mINFO [0m:      	        'train_loss': '3.9193e-02',
[92mINFO [0m:      	        'train_loss_mean': '7.7482e-02'},
[92mINFO [0m:      	  17: { 'client-ids': "['0', '1', '2']",
[92mINFO [0m:      	        'dp-client-clipped': "['1', '1', '1']",
[92mINFO [0m:      	        'dp-client-ids': "['0', '1', '2']",
[92mINFO [0m:      	        'dp-expected-noise-l2-norm': '9.1368e+00',
[92mINFO [0m:      	        'dp-fraction-clipped': '1.0000e+00',
[92mINFO [0m:      	        'dp-noise-percent-of-signal': '2.9541e+02',
[92mINFO [0m:      	        'dp-noise-to-signal-ratio': '2.9541e+00',
[92mINFO [0m:      	        'dp-num-clients-clipped': '3',
[92mINFO [0m:      	        'dp-parameter-count': '226596',
[92mINFO [0m:      	        'dp-signal-update-norm': '3.0929e+00',
[92mINFO [0m:      	        'dp-update-norms-before-clipping': "['7.2246e+00', '5.2192e+00', "
[92mINFO [0m:      	                                           "'8.8523e+00']",
[92mINFO [0m:      	        'metric-dp-distance': '1.6281e+00',
[92mINFO [0m:      	        'metric-dp-distance-mean': '1.4652e+00',
[92mINFO [0m:      	        'metric-dp-distance-median': '1.4804e+00',
[92mINFO [0m:      	        'metric-dp-distance-min': '1.2870e+00',
[92mINFO [0m:      	        'metric-dp-noise-stdv': '1.9194e-02',
[92mINFO [0m:      	        'metric-dp-pairwise-client-i': "['0', '0', '1']",
[92mINFO [0m:      	        'metric-dp-pairwise-client-j': "['1', '2', '2']",
[92mINFO [0m:      	        'metric-dp-pairwise-distances': "['1.2870e+00', '1.6281e+00', "
[92mINFO [0m:      	                                        "'1.4804e+00']",
[92mINFO [0m:      	        'per-client-num-examples': "['3200', '1600', '4800']",
[92mINFO [0m:      	        'per-client-train_loss': "['3.8592e-02', '3.0904e-02', '4.7182e-02']",
[92mINFO [0m:      	        'per-client-train_loss_mean': "['7.5060e-02', '1.1128e-01', "
[92mINFO [0m:      	                                      "'6.4372e-02']",
[92mINFO [0m:      	        'train_loss': '4.1606e-02',
[92mINFO [0m:      	        'train_loss_mean': '7.5753e-02'},
[92mINFO [0m:      	  18: { 'client-ids': "['0', '1', '2']",
[92mINFO [0m:      	        'dp-client-clipped': "['1', '1', '1']",
[92mINFO [0m:      	        'dp-client-ids': "['0', '1', '2']",
[92mINFO [0m:      	        'dp-expected-noise-l2-norm': '8.8665e+00',
[92mINFO [0m:      	        'dp-fraction-clipped': '1.0000e+00',
[92mINFO [0m:      	        'dp-noise-percent-of-signal': '2.8622e+02',
[92mINFO [0m:      	        'dp-noise-to-signal-ratio': '2.8622e+00',
[92mINFO [0m:      	        'dp-num-clients-clipped': '3',
[92mINFO [0m:      	        'dp-parameter-count': '226596',
[92mINFO [0m:      	        'dp-signal-update-norm': '3.0978e+00',
[92mINFO [0m:      	        'dp-update-norms-before-clipping': "['7.3060e+00', '5.4304e+00', "
[92mINFO [0m:      	                                           "'9.0718e+00']",
[92mINFO [0m:      	        'metric-dp-distance': '1.6777e+00',
[92mINFO [0m:      	        'metric-dp-distance-mean': '1.5027e+00',
[92mINFO [0m:      	        'metric-dp-distance-median': '1.5258e+00',
[92mINFO [0m:      	        'metric-dp-distance-min': '1.3046e+00',
[92mINFO [0m:      	        'metric-dp-noise-stdv': '1.8626e-02',
[92mINFO [0m:      	        'metric-dp-pairwise-client-i': "['0', '0', '1']",
[92mINFO [0m:      	        'metric-dp-pairwise-client-j': "['1', '2', '2']",
[92mINFO [0m:      	        'metric-dp-pairwise-distances': "['1.3046e+00', '1.6777e+00', "
[92mINFO [0m:      	                                        "'1.5258e+00']",
[92mINFO [0m:      	        'per-client-num-examples': "['3200', '1600', '4800']",
[92mINFO [0m:      	        'per-client-train_loss': "['2.6696e-02', '5.2207e-02', '4.2331e-02']",
[92mINFO [0m:      	        'per-client-train_loss_mean': "['7.6602e-02', '1.0796e-01', "
[92mINFO [0m:      	                                      "'6.3480e-02']",
[92mINFO [0m:      	        'train_loss': '3.8765e-02',
[92mINFO [0m:      	        'train_loss_mean': '7.5267e-02'},
[92mINFO [0m:      	  19: { 'client-ids': "['0', '1', '2']",
[92mINFO [0m:      	        'dp-client-clipped': "['1', '0', '1']",
[92mINFO [0m:      	        'dp-client-ids': "['0', '1', '2']",
[92mINFO [0m:      	        'dp-expected-noise-l2-norm': '9.1052e+00',
[92mINFO [0m:      	        'dp-fraction-clipped': '6.6667e-01',
[92mINFO [0m:      	        'dp-noise-percent-of-signal': '2.9630e+02',
[92mINFO [0m:      	        'dp-noise-to-signal-ratio': '2.9630e+00',
[92mINFO [0m:      	        'dp-num-clients-clipped': '2',
[92mINFO [0m:      	        'dp-parameter-count': '226596',
[92mINFO [0m:      	        'dp-signal-update-norm': '3.0729e+00',
[92mINFO [0m:      	        'dp-update-norms-before-clipping': "['6.8517e+00', '4.5833e+00', "
[92mINFO [0m:      	                                           "'9.0797e+00']",
[92mINFO [0m:      	        'metric-dp-distance': '1.6338e+00',
[92mINFO [0m:      	        'metric-dp-distance-mean': '1.4271e+00',
[92mINFO [0m:      	        'metric-dp-distance-median': '1.4636e+00',
[92mINFO [0m:      	        'metric-dp-distance-min': '1.1839e+00',
[92mINFO [0m:      	        'metric-dp-noise-stdv': '1.9128e-02',
[92mINFO [0m:      	        'metric-dp-pairwise-client-i': "['0', '0', '1']",
[92mINFO [0m:      	        'metric-dp-pairwise-client-j': "['1', '2', '2']",
[92mINFO [0m:      	        'metric-dp-pairwise-distances': "['1.1839e+00', '1.6338e+00', "
[92mINFO [0m:      	                                        "'1.4636e+00']",
[92mINFO [0m:      	        'per-client-num-examples': "['3200', '1600', '4800']",
[92mINFO [0m:      	        'per-client-train_loss': "['3.4321e-02', '1.2003e-02', '4.2731e-02']",
[92mINFO [0m:      	        'per-client-train_loss_mean': "['6.2670e-02', '9.3688e-02', "
[92mINFO [0m:      	                                      "'5.7521e-02']",
[92mINFO [0m:      	        'train_loss': '3.4806e-02',
[92mINFO [0m:      	        'train_loss_mean': '6.5265e-02'},
[92mINFO [0m:      	  20: { 'client-ids': "['0', '1', '2']",
[92mINFO [0m:      	        'dp-client-clipped': "['1', '0', '1']",
[92mINFO [0m:      	        'dp-client-ids': "['0', '1', '2']",
[92mINFO [0m:      	        'dp-expected-noise-l2-norm': '9.0223e+00',
[92mINFO [0m:      	        'dp-fraction-clipped': '6.6667e-01',
[92mINFO [0m:      	        'dp-noise-percent-of-signal': '2.9088e+02',
[92mINFO [0m:      	        'dp-noise-to-signal-ratio': '2.9088e+00',
[92mINFO [0m:      	        'dp-num-clients-clipped': '2',
[92mINFO [0m:      	        'dp-parameter-count': '226596',
[92mINFO [0m:      	        'dp-signal-update-norm': '3.1018e+00',
[92mINFO [0m:      	        'dp-update-norms-before-clipping': "['7.7974e+00', '4.6642e+00', "
[92mINFO [0m:      	                                           "'8.5705e+00']",
[92mINFO [0m:      	        'metric-dp-distance': '1.6488e+00',
[92mINFO [0m:      	        'metric-dp-distance-mean': '1.4462e+00',
[92mINFO [0m:      	        'metric-dp-distance-median': '1.3925e+00',
[92mINFO [0m:      	        'metric-dp-distance-min': '1.2973e+00',
[92mINFO [0m:      	        'metric-dp-noise-stdv': '1.8954e-02',
[92mINFO [0m:      	        'metric-dp-pairwise-client-i': "['0', '0', '1']",
[92mINFO [0m:      	        'metric-dp-pairwise-client-j': "['1', '2', '2']",
[92mINFO [0m:      	        'metric-dp-pairwise-distances': "['1.2973e+00', '1.6488e+00', "
[92mINFO [0m:      	                                        "'1.3925e+00']",
[92mINFO [0m:      	        'per-client-num-examples': "['3200', '1600', '4800']",
[92mINFO [0m:      	        'per-client-train_loss': "['3.9151e-02', '1.1182e-02', '4.5161e-02']",
[92mINFO [0m:      	        'per-client-train_loss_mean': "['7.4072e-02', '8.2795e-02', "
[92mINFO [0m:      	                                      "'5.3897e-02']",
[92mINFO [0m:      	        'train_loss': '3.7494e-02',
[92mINFO [0m:      	        'train_loss_mean': '6.5438e-02'}}
[92mINFO [0m:      	
[92mINFO [0m:      	Aggregated ClientApp-side Evaluate Metrics:
[92mINFO [0m:      	{ 1: { 'client-ids': "['0', '1', '2']",
[92mINFO [0m:      	       'eval_acc': '2.9292e-01',
[92mINFO [0m:      	       'eval_loss': '1.3656e+00',
[92mINFO [0m:      	       'per-client-eval_acc': "['2.9500e-01', '2.9000e-01', '2.9250e-01']",
[92mINFO [0m:      	       'per-client-eval_loss': "['1.3655e+00', '1.3643e+00', '1.3662e+00']",
[92mINFO [0m:      	       'per-client-num-examples': "['800', '400', '1200']"},
[92mINFO [0m:      	  2: { 'client-ids': "['0', '1', '2']",
[92mINFO [0m:      	       'eval_acc': '6.7000e-01',
[92mINFO [0m:      	       'eval_loss': '1.0590e+00',
[92mINFO [0m:      	       'per-client-eval_acc': "['6.6625e-01', '6.5250e-01', '6.7833e-01']",
[92mINFO [0m:      	       'per-client-eval_loss': "['1.0614e+00', '1.0685e+00', '1.0542e+00']",
[92mINFO [0m:      	       'per-client-num-examples': "['800', '400', '1200']"},
[92mINFO [0m:      	  3: { 'client-ids': "['0', '1', '2']",
[92mINFO [0m:      	       'eval_acc': '6.9792e-01',
[92mINFO [0m:      	       'eval_loss': '7.9503e-01',
[92mINFO [0m:      	       'per-client-eval_acc': "['6.8000e-01', '6.9250e-01', '7.1167e-01']",
[92mINFO [0m:      	       'per-client-eval_loss': "['8.0990e-01', '7.9644e-01', '7.8465e-01']",
[92mINFO [0m:      	       'per-client-num-examples': "['800', '400', '1200']"},
[92mINFO [0m:      	  4: { 'client-ids': "['0', '1', '2']",
[92mINFO [0m:      	       'eval_acc': '7.1792e-01',
[92mINFO [0m:      	       'eval_loss': '7.1558e-01',
[92mINFO [0m:      	       'per-client-eval_acc': "['6.9875e-01', '7.2000e-01', '7.3000e-01']",
[92mINFO [0m:      	       'per-client-eval_loss': "['7.3903e-01', '7.0747e-01', '7.0264e-01']",
[92mINFO [0m:      	       'per-client-num-examples': "['800', '400', '1200']"},
[92mINFO [0m:      	  5: { 'client-ids': "['0', '1', '2']",
[92mINFO [0m:      	       'eval_acc': '7.7083e-01',
[92mINFO [0m:      	       'eval_loss': '5.7912e-01',
[92mINFO [0m:      	       'per-client-eval_acc': "['7.5625e-01', '7.7500e-01', '7.7917e-01']",
[92mINFO [0m:      	       'per-client-eval_loss': "['6.0705e-01', '5.8497e-01', '5.5856e-01']",
[92mINFO [0m:      	       'per-client-num-examples': "['800', '400', '1200']"},
[92mINFO [0m:      	  6: { 'client-ids': "['0', '1', '2']",
[92mINFO [0m:      	       'eval_acc': '7.7417e-01',
[92mINFO [0m:      	       'eval_loss': '5.9006e-01',
[92mINFO [0m:      	       'per-client-eval_acc': "['7.5750e-01', '7.6250e-01', '7.8917e-01']",
[92mINFO [0m:      	       'per-client-eval_loss': "['6.1127e-01', '5.9844e-01', '5.7313e-01']",
[92mINFO [0m:      	       'per-client-num-examples': "['800', '400', '1200']"},
[92mINFO [0m:      	  7: { 'client-ids': "['0', '1', '2']",
[92mINFO [0m:      	       'eval_acc': '7.6792e-01',
[92mINFO [0m:      	       'eval_loss': '6.5273e-01',
[92mINFO [0m:      	       'per-client-eval_acc': "['7.6250e-01', '7.4750e-01', '7.7833e-01']",
[92mINFO [0m:      	       'per-client-eval_loss': "['6.7357e-01', '6.7062e-01', '6.3288e-01']",
[92mINFO [0m:      	       'per-client-num-examples': "['800', '400', '1200']"},
[92mINFO [0m:      	  8: { 'client-ids': "['0', '1', '2']",
[92mINFO [0m:      	       'eval_acc': '7.8333e-01',
[92mINFO [0m:      	       'eval_loss': '6.4999e-01',
[92mINFO [0m:      	       'per-client-eval_acc': "['7.7625e-01', '7.5500e-01', '7.9750e-01']",
[92mINFO [0m:      	       'per-client-eval_loss': "['6.8980e-01', '6.9392e-01', '6.0880e-01']",
[92mINFO [0m:      	       'per-client-num-examples': "['800', '400', '1200']"},
[92mINFO [0m:      	  9: { 'client-ids': "['0', '1', '2']",
[92mINFO [0m:      	       'eval_acc': '7.8958e-01',
[92mINFO [0m:      	       'eval_loss': '6.8616e-01',
[92mINFO [0m:      	       'per-client-eval_acc': "['7.7375e-01', '7.7250e-01', '8.0583e-01']",
[92mINFO [0m:      	       'per-client-eval_loss': "['7.2527e-01', '7.1132e-01', '6.5170e-01']",
[92mINFO [0m:      	       'per-client-num-examples': "['800', '400', '1200']"},
[92mINFO [0m:      	  10: { 'client-ids': "['0', '1', '2']",
[92mINFO [0m:      	        'eval_acc': '7.7333e-01',
[92mINFO [0m:      	        'eval_loss': '7.4866e-01',
[92mINFO [0m:      	        'per-client-eval_acc': "['7.4750e-01', '7.8250e-01', '7.8750e-01']",
[92mINFO [0m:      	        'per-client-eval_loss': "['7.9024e-01', '7.1745e-01', '7.3134e-01']",
[92mINFO [0m:      	        'per-client-num-examples': "['800', '400', '1200']"},
[92mINFO [0m:      	  11: { 'client-ids': "['0', '1', '2']",
[92mINFO [0m:      	        'eval_acc': '7.9708e-01',
[92mINFO [0m:      	        'eval_loss': '7.4592e-01',
[92mINFO [0m:      	        'per-client-eval_acc': "['7.8500e-01', '7.8500e-01', '8.0917e-01']",
[92mINFO [0m:      	        'per-client-eval_loss': "['7.5933e-01', '7.8683e-01', '7.2335e-01']",
[92mINFO [0m:      	        'per-client-num-examples': "['800', '400', '1200']"},
[92mINFO [0m:      	  12: { 'client-ids': "['0', '1', '2']",
[92mINFO [0m:      	        'eval_acc': '7.8667e-01',
[92mINFO [0m:      	        'eval_loss': '8.8362e-01',
[92mINFO [0m:      	        'per-client-eval_acc': "['7.8125e-01', '7.8750e-01', '7.9000e-01']",
[92mINFO [0m:      	        'per-client-eval_loss': "['8.7512e-01', '9.4874e-01', '8.6758e-01']",
[92mINFO [0m:      	        'per-client-num-examples': "['800', '400', '1200']"},
[92mINFO [0m:      	  13: { 'client-ids': "['0', '1', '2']",
[92mINFO [0m:      	        'eval_acc': '7.9208e-01',
[92mINFO [0m:      	        'eval_loss': '9.0641e-01',
[92mINFO [0m:      	        'per-client-eval_acc': "['7.7375e-01', '7.9750e-01', '8.0250e-01']",
[92mINFO [0m:      	        'per-client-eval_loss': "['9.5314e-01', '9.6996e-01', '8.5407e-01']",
[92mINFO [0m:      	        'per-client-num-examples': "['800', '400', '1200']"},
[92mINFO [0m:      	  14: { 'client-ids': "['0', '1', '2']",
[92mINFO [0m:      	        'eval_acc': '7.6833e-01',
[92mINFO [0m:      	        'eval_loss': '9.5186e-01',
[92mINFO [0m:      	        'per-client-eval_acc': "['7.5375e-01', '7.5750e-01', '7.8167e-01']",
[92mINFO [0m:      	        'per-client-eval_loss': "['1.0232e+00', '1.0134e+00', '8.8376e-01']",
[92mINFO [0m:      	        'per-client-num-examples': "['800', '400', '1200']"},
[92mINFO [0m:      	  15: { 'client-ids': "['0', '1', '2']",
[92mINFO [0m:      	        'eval_acc': '7.7708e-01',
[92mINFO [0m:      	        'eval_loss': '9.4382e-01',
[92mINFO [0m:      	        'per-client-eval_acc': "['7.7375e-01', '7.7250e-01', '7.8083e-01']",
[92mINFO [0m:      	        'per-client-eval_loss': "['9.7952e-01', '9.7234e-01', '9.1052e-01']",
[92mINFO [0m:      	        'per-client-num-examples': "['800', '400', '1200']"},
[92mINFO [0m:      	  16: { 'client-ids': "['0', '1', '2']",
[92mINFO [0m:      	        'eval_acc': '7.8292e-01',
[92mINFO [0m:      	        'eval_loss': '1.0445e+00',
[92mINFO [0m:      	        'per-client-eval_acc': "['7.7000e-01', '7.5750e-01', '8.0000e-01']",
[92mINFO [0m:      	        'per-client-eval_loss': "['1.0252e+00', '1.2248e+00', '9.9730e-01']",
[92mINFO [0m:      	        'per-client-num-examples': "['800', '400', '1200']"},
[92mINFO [0m:      	  17: { 'client-ids': "['0', '1', '2']",
[92mINFO [0m:      	        'eval_acc': '7.9083e-01',
[92mINFO [0m:      	        'eval_loss': '1.0259e+00',
[92mINFO [0m:      	        'per-client-eval_acc': "['7.8625e-01', '7.7250e-01', '8.0000e-01']",
[92mINFO [0m:      	        'per-client-eval_loss': "['9.4445e-01', '1.2883e+00', '9.9270e-01']",
[92mINFO [0m:      	        'per-client-num-examples': "['800', '400', '1200']"},
[92mINFO [0m:      	  18: { 'client-ids': "['0', '1', '2']",
[92mINFO [0m:      	        'eval_acc': '7.7917e-01',
[92mINFO [0m:      	        'eval_loss': '1.1434e+00',
[92mINFO [0m:      	        'per-client-eval_acc': "['7.7500e-01', '7.6250e-01', '7.8750e-01']",
[92mINFO [0m:      	        'per-client-eval_loss': "['1.1613e+00', '1.2681e+00', '1.0899e+00']",
[92mINFO [0m:      	        'per-client-num-examples': "['800', '400', '1200']"},
[92mINFO [0m:      	  19: { 'client-ids': "['0', '1', '2']",
[92mINFO [0m:      	        'eval_acc': '7.8958e-01',
[92mINFO [0m:      	        'eval_loss': '1.1224e+00',
[92mINFO [0m:      	        'per-client-eval_acc': "['7.9250e-01', '7.6250e-01', '7.9667e-01']",
[92mINFO [0m:      	        'per-client-eval_loss': "['1.1001e+00', '1.3072e+00', '1.0757e+00']",
[92mINFO [0m:      	        'per-client-num-examples': "['800', '400', '1200']"},
[92mINFO [0m:      	  20: { 'client-ids': "['0', '1', '2']",
[92mINFO [0m:      	        'eval_acc': '7.8625e-01',
[92mINFO [0m:      	        'eval_loss': '1.1462e+00',
[92mINFO [0m:      	        'per-client-eval_acc': "['7.8250e-01', '7.4750e-01', '8.0167e-01']",
[92mINFO [0m:      	        'per-client-eval_loss': "['1.1967e+00', '1.3396e+00', '1.0481e+00']",
[92mINFO [0m:      	        'per-client-num-examples': "['800', '400', '1200']"}}
[92mINFO [0m:      	
[92mINFO [0m:      	ServerApp-side Evaluate Metrics:
[92mINFO [0m:      	{ 0: { 'accuracy': '2.5000e-01',
[92mINFO [0m:      	       'auc': '4.8709e-01',
[92mINFO [0m:      	       'f1': '1.0000e-01',
[92mINFO [0m:      	       'loss': '1.3893e+00',
[92mINFO [0m:      	       'precision': '6.2500e-02'},
[92mINFO [0m:      	  1: { 'accuracy': '2.9500e-01',
[92mINFO [0m:      	       'auc': '6.2135e-01',
[92mINFO [0m:      	       'f1': '1.7799e-01',
[92mINFO [0m:      	       'loss': '1.3644e+00',
[92mINFO [0m:      	       'precision': '2.6197e-01'},
[92mINFO [0m:      	  2: { 'accuracy': '6.8850e-01',
[92mINFO [0m:      	       'auc': '9.0211e-01',
[92mINFO [0m:      	       'f1': '6.7044e-01',
[92mINFO [0m:      	       'loss': '1.0438e+00',
[92mINFO [0m:      	       'precision': '6.9181e-01'},
[92mINFO [0m:      	  3: { 'accuracy': '7.2050e-01',
[92mINFO [0m:      	       'auc': '9.1610e-01',
[92mINFO [0m:      	       'f1': '7.1142e-01',
[92mINFO [0m:      	       'loss': '7.6304e-01',
[92mINFO [0m:      	       'precision': '7.2269e-01'},
[92mINFO [0m:      	  4: { 'accuracy': '7.1650e-01',
[92mINFO [0m:      	       'auc': '9.1559e-01',
[92mINFO [0m:      	       'f1': '7.0892e-01',
[92mINFO [0m:      	       'loss': '7.0536e-01',
[92mINFO [0m:      	       'precision': '7.1833e-01'},
[92mINFO [0m:      	  5: { 'accuracy': '7.7550e-01',
[92mINFO [0m:      	       'auc': '9.4268e-01',
[92mINFO [0m:      	       'f1': '7.7464e-01',
[92mINFO [0m:      	       'loss': '5.7332e-01',
[92mINFO [0m:      	       'precision': '7.7505e-01'},
[92mINFO [0m:      	  6: { 'accuracy': '7.6300e-01',
[92mINFO [0m:      	       'auc': '9.4322e-01',
[92mINFO [0m:      	       'f1': '7.6420e-01',
[92mINFO [0m:      	       'loss': '5.9467e-01',
[92mINFO [0m:      	       'precision': '7.6674e-01'},
[92mINFO [0m:      	  7: { 'accuracy': '7.6200e-01',
[92mINFO [0m:      	       'auc': '9.3230e-01',
[92mINFO [0m:      	       'f1': '7.6255e-01',
[92mINFO [0m:      	       'loss': '7.0086e-01',
[92mINFO [0m:      	       'precision': '7.7626e-01'},
[92mINFO [0m:      	  8: { 'accuracy': '7.6650e-01',
[92mINFO [0m:      	       'auc': '9.3871e-01',
[92mINFO [0m:      	       'f1': '7.6752e-01',
[92mINFO [0m:      	       'loss': '7.0764e-01',
[92mINFO [0m:      	       'precision': '7.7742e-01'},
[92mINFO [0m:      	  9: { 'accuracy': '7.8400e-01',
[92mINFO [0m:      	       'auc': '9.4240e-01',
[92mINFO [0m:      	       'f1': '7.8360e-01',
[92mINFO [0m:      	       'loss': '7.4381e-01',
[92mINFO [0m:      	       'precision': '7.8893e-01'},
[92mINFO [0m:      	  10: { 'accuracy': '7.8200e-01',
[92mINFO [0m:      	        'auc': '9.3691e-01',
[92mINFO [0m:      	        'f1': '7.8151e-01',
[92mINFO [0m:      	        'loss': '8.0750e-01',
[92mINFO [0m:      	        'precision': '7.8426e-01'},
[92mINFO [0m:      	  11: { 'accuracy': '7.9250e-01',
[92mINFO [0m:      	        'auc': '9.4684e-01',
[92mINFO [0m:      	        'f1': '7.9135e-01',
[92mINFO [0m:      	        'loss': '7.7139e-01',
[92mINFO [0m:      	        'precision': '7.9065e-01'},
[92mINFO [0m:      	  12: { 'accuracy': '7.7650e-01',
[92mINFO [0m:      	        'auc': '9.4254e-01',
[92mINFO [0m:      	        'f1': '7.7595e-01',
[92mINFO [0m:      	        'loss': '9.4594e-01',
[92mINFO [0m:      	        'precision': '7.7783e-01'},
[92mINFO [0m:      	  13: { 'accuracy': '7.8050e-01',
[92mINFO [0m:      	        'auc': '9.4240e-01',
[92mINFO [0m:      	        'f1': '7.7962e-01',
[92mINFO [0m:      	        'loss': '1.0171e+00',
[92mINFO [0m:      	        'precision': '7.8031e-01'},
[92mINFO [0m:      	  14: { 'accuracy': '7.6600e-01',
[92mINFO [0m:      	        'auc': '9.3631e-01',
[92mINFO [0m:      	        'f1': '7.6527e-01',
[92mINFO [0m:      	        'loss': '1.0208e+00',
[92mINFO [0m:      	        'precision': '7.6770e-01'},
[92mINFO [0m:      	  15: { 'accuracy': '7.7950e-01',
[92mINFO [0m:      	        'auc': '9.3697e-01',
[92mINFO [0m:      	        'f1': '7.7631e-01',
[92mINFO [0m:      	        'loss': '9.9588e-01',
[92mINFO [0m:      	        'precision': '7.7850e-01'},
[92mINFO [0m:      	  16: { 'accuracy': '7.7950e-01',
[92mINFO [0m:      	        'auc': '9.4072e-01',
[92mINFO [0m:      	        'f1': '7.8197e-01',
[92mINFO [0m:      	        'loss': '1.1560e+00',
[92mINFO [0m:      	        'precision': '7.8623e-01'},
[92mINFO [0m:      	  17: { 'accuracy': '7.8050e-01',
[92mINFO [0m:      	        'auc': '9.4335e-01',
[92mINFO [0m:      	        'f1': '7.8168e-01',
[92mINFO [0m:      	        'loss': '1.1339e+00',
[92mINFO [0m:      	        'precision': '7.8540e-01'},
[92mINFO [0m:      	  18: { 'accuracy': '7.8250e-01',
[92mINFO [0m:      	        'auc': '9.4197e-01',
[92mINFO [0m:      	        'f1': '7.8266e-01',
[92mINFO [0m:      	        'loss': '1.2529e+00',
[92mINFO [0m:      	        'precision': '7.8455e-01'},
[92mINFO [0m:      	  19: { 'accuracy': '7.8250e-01',
[92mINFO [0m:      	        'auc': '9.4170e-01',
[92mINFO [0m:      	        'f1': '7.8337e-01',
[92mINFO [0m:      	        'loss': '1.2628e+00',
[92mINFO [0m:      	        'precision': '7.8575e-01'},
[92mINFO [0m:      	  20: { 'accuracy': '7.7850e-01',
[92mINFO [0m:      	        'auc': '9.3787e-01',
[92mINFO [0m:      	        'f1': '7.7902e-01',
[92mINFO [0m:      	        'loss': '1.3145e+00',
[92mINFO [0m:      	        'precision': '7.8229e-01'}}
[92mINFO [0m:      
Round 1 checkpoint written to /content/metricdp-pytorch/results/planned_runs/cifar/full/in-replace/clients-3/seed-44/ratio-0p00625/runs/cifar-full-in-replace__non-iid__metric-privacy__fedavg__clients-3__seed-44__nm0p01875__clip5__rounds-20__epochs-5__cifar_chunks__cifar10_cnn.round-1.pt
Round 2 checkpoint written to /content/metricdp-pytorch/results/planned_runs/cifar/full/in-replace/clients-3/seed-44/ratio-0p00625/runs/cifar-full-in-replace__non-iid__metric-privacy__fedavg__clients-3__seed-44__nm0p01875__clip5__rounds-20__epochs-5__cifar_chunks__cifar10_cnn.round-2.pt
Round 3 checkpoint written to /content/metricdp-pytorch/results/planned_runs/cifar/full/in-replace/clients-3/seed-44/ratio-0p00625/runs/cifar-full-in-replace__non-iid__metric-privacy__fedavg__clients-3__seed-44__nm0p01875__clip5__rounds-20__epochs-5__cifar_chunks__cifar10_cnn.round-3.pt
Round 4 checkpoint written to /content/metricdp-pytorch/results/planned_runs/cifar/full/in-replace/clients-3/seed-44/ratio-0p00625/runs/cifar-full-in-replace__non-iid__metric-privacy__fedavg__clients-3__seed-44__nm0p01875__clip5__rounds-20__epochs-5__cifar_chunks__cifar10_cnn.round-4.pt
Round 5 checkpoint written to /content/metricdp-pytorch/results/planned_runs/cifar/full/in-replace/clients-3/seed-44/ratio-0p00625/runs/cifar-full-in-replace__non-iid__metric-privacy__fedavg__clients-3__seed-44__nm0p01875__clip5__rounds-20__epochs-5__cifar_chunks__cifar10_cnn.round-5.pt
Round 6 checkpoint written to /content/metricdp-pytorch/results/planned_runs/cifar/full/in-replace/clients-3/seed-44/ratio-0p00625/runs/cifar-full-in-replace__non-iid__metric-privacy__fedavg__clients-3__seed-44__nm0p01875__clip5__rounds-20__epochs-5__cifar_chunks__cifar10_cnn.round-6.pt
Round 7 checkpoint written to /content/metricdp-pytorch/results/planned_runs/cifar/full/in-replace/clients-3/seed-44/ratio-0p00625/runs/cifar-full-in-replace__non-iid__metric-privacy__fedavg__clients-3__seed-44__nm0p01875__clip5__rounds-20__epochs-5__cifar_chunks__cifar10_cnn.round-7.pt
Round 8 checkpoint written to /content/metricdp-pytorch/results/planned_runs/cifar/full/in-replace/clients-3/seed-44/ratio-0p00625/runs/cifar-full-in-replace__non-iid__metric-privacy__fedavg__clients-3__seed-44__nm0p01875__clip5__rounds-20__epochs-5__cifar_chunks__cifar10_cnn.round-8.pt
Round 9 checkpoint written to /content/metricdp-pytorch/results/planned_runs/cifar/full/in-replace/clients-3/seed-44/ratio-0p00625/runs/cifar-full-in-replace__non-iid__metric-privacy__fedavg__clients-3__seed-44__nm0p01875__clip5__rounds-20__epochs-5__cifar_chunks__cifar10_cnn.round-9.pt
Round 10 checkpoint written to /content/metricdp-pytorch/results/planned_runs/cifar/full/in-replace/clients-3/seed-44/ratio-0p00625/runs/cifar-full-in-replace__non-iid__metric-privacy__fedavg__clients-3__seed-44__nm0p01875__clip5__rounds-20__epochs-5__cifar_chunks__cifar10_cnn.round-10.pt
Round 11 checkpoint written to /content/metricdp-pytorch/results/planned_runs/cifar/full/in-replace/clients-3/seed-44/ratio-0p00625/runs/cifar-full-in-replace__non-iid__metric-privacy__fedavg__clients-3__seed-44__nm0p01875__clip5__rounds-20__epochs-5__cifar_chunks__cifar10_cnn.round-11.pt
Round 12 checkpoint written to /content/metricdp-pytorch/results/planned_runs/cifar/full/in-replace/clients-3/seed-44/ratio-0p00625/runs/cifar-full-in-replace__non-iid__metric-privacy__fedavg__clients-3__seed-44__nm0p01875__clip5__rounds-20__epochs-5__cifar_chunks__cifar10_cnn.round-12.pt
Round 13 checkpoint written to /content/metricdp-pytorch/results/planned_runs/cifar/full/in-replace/clients-3/seed-44/ratio-0p00625/runs/cifar-full-in-replace__non-iid__metric-privacy__fedavg__clients-3__seed-44__nm0p01875__clip5__rounds-20__epochs-5__cifar_chunks__cifar10_cnn.round-13.pt
Round 14 checkpoint written to /content/metricdp-pytorch/results/planned_runs/cifar/full/in-replace/clients-3/seed-44/ratio-0p00625/runs/cifar-full-in-replace__non-iid__metric-privacy__fedavg__clients-3__seed-44__nm0p01875__clip5__rounds-20__epochs-5__cifar_chunks__cifar10_cnn.round-14.pt
Round 15 checkpoint written to /content/metricdp-pytorch/results/planned_runs/cifar/full/in-replace/clients-3/seed-44/ratio-0p00625/runs/cifar-full-in-replace__non-iid__metric-privacy__fedavg__clients-3__seed-44__nm0p01875__clip5__rounds-20__epochs-5__cifar_chunks__cifar10_cnn.round-15.pt
Round 16 checkpoint written to /content/metricdp-pytorch/results/planned_runs/cifar/full/in-replace/clients-3/seed-44/ratio-0p00625/runs/cifar-full-in-replace__non-iid__metric-privacy__fedavg__clients-3__seed-44__nm0p01875__clip5__rounds-20__epochs-5__cifar_chunks__cifar10_cnn.round-16.pt
Round 17 checkpoint written to /content/metricdp-pytorch/results/planned_runs/cifar/full/in-replace/clients-3/seed-44/ratio-0p00625/runs/cifar-full-in-replace__non-iid__metric-privacy__fedavg__clients-3__seed-44__nm0p01875__clip5__rounds-20__epochs-5__cifar_chunks__cifar10_cnn.round-17.pt
Round 18 checkpoint written to /content/metricdp-pytorch/results/planned_runs/cifar/full/in-replace/clients-3/seed-44/ratio-0p00625/runs/cifar-full-in-replace__non-iid__metric-privacy__fedavg__clients-3__seed-44__nm0p01875__clip5__rounds-20__epochs-5__cifar_chunks__cifar10_cnn.round-18.pt
Round 19 checkpoint written to /content/metricdp-pytorch/results/planned_runs/cifar/full/in-replace/clients-3/seed-44/ratio-0p00625/runs/cifar-full-in-replace__non-iid__metric-privacy__fedavg__clients-3__seed-44__nm0p01875__clip5__rounds-20__epochs-5__cifar_chunks__cifar10_cnn.round-19.pt
Round 20 checkpoint written to /content/metricdp-pytorch/results/planned_runs/cifar/full/in-replace/clients-3/seed-44/ratio-0p00625/runs/cifar-full-in-replace__non-iid__metric-privacy__fedavg__clients-3__seed-44__nm0p01875__clip5__rounds-20__epochs-5__cifar_chunks__cifar10_cnn.round-20.pt
Experiment result written to /content/metricdp-pytorch/results/planned_runs/cifar/full/in-replace/clients-3/seed-44/ratio-0p00625/runs/cifar-full-in-replace__non-iid__metric-privacy__fedavg__clients-3__seed-44__nm0p01875__clip5__rounds-20__epochs-5__cifar_chunks__cifar10_cnn.json
/usr/lib/python3.12/multiprocessing/popen_fork.py:66: DeprecationWarning: This process (pid=6156) is multi-threaded, use of fork() may lead to deadlocks in the child.
  self.pid = os.fork()
[36m(ClientAppActor pid=6708)[0m /usr/lib/python3.12/multiprocessing/popen_fork.py:66: DeprecationWarning: This process (pid=6708) is multi-threaded, use of fork() may lead to deadlocks in the child.[32m [repeated 2x across cluster][0m
[36m(ClientAppActor pid=6708)[0m   self.pid = os.fork()[32m [repeated 2x across cluster][0m
Detailed evaluation written to /content/metricdp-pytorch/results/planned_runs/cifar/full/in-replace/clients-3/seed-44/ratio-0p00625/runs/cifar-full-in-replace__non-iid__metric-privacy__fedavg__clients-3__seed-44__nm0p01875__clip5__rounds-20__epochs-5__cifar_chunks__cifar10_cnn.evaluation.json and /content/metricdp-pytorch/results/planned_runs/cifar/full/in-replace/clients-3/seed-44/ratio-0p00625/runs/cifar-full-in-replace__non-iid__metric-privacy__fedavg__clients-3__seed-44__nm0p01875__clip5__rounds-20__epochs-5__cifar_chunks__cifar10_cnn.predictions.npz
Result: /content/metricdp-pytorch/results/planned_runs/cifar/full/in-replace/clients-3/seed-44/ratio-0p00625/runs/cifar-full-in-replace__non-iid__metric-privacy__fedavg__clients-3__seed-44__nm0p01875__clip5__rounds-20__epochs-5__cifar_chunks__cifar10_cnn.json
Final server metrics: {'loss': 1.3145257269740105, 'accuracy': 0.7785, 'f1': 0.7790200703836908, 'precision': 0.7822907582919543, 'auc': 0.9378664999999999}
2026-08-05 17:07:41 DONE  cifar-full-in-replace__non-iid__metric-privacy__fedavg__clients-3__seed-44__nm0p01875__clip5__rounds-20__epochs-5__cifar_chunks__cifar10_cnn (250.6s)
2026-08-05 17:07:47 EVALUATED cifar-full-in-replace__non-iid__metric-privacy__fedavg__clients-3__seed-44__nm0p01875__clip5__rounds-20__epochs-5__cifar_chunks__cifar10_cnn round=1 (checkpoint deleted)
2026-08-05 17:07:52 EVALUATED cifar-full-in-replace__non-iid__metric-privacy__fedavg__clients-3__seed-44__nm0p01875__clip5__rounds-20__epochs-5__cifar_chunks__cifar10_cnn round=2 (checkpoint deleted)
2026-08-05 17:07:58 EVALUATED cifar-full-in-replace__non-iid__metric-privacy__fedavg__clients-3__seed-44__nm0p01875__clip5__rounds-20__epochs-5__cifar_chunks__cifar10_cnn round=3 (checkpoint deleted)
2026-08-05 17:08:03 EVALUATED cifar-full-in-replace__non-iid__metric-privacy__fedavg__clients-3__seed-44__nm0p01875__clip5__rounds-20__epochs-5__cifar_chunks__cifar10_cnn round=4 (checkpoint deleted)
2026-08-05 17:08:09 EVALUATED cifar-full-in-replace__non-iid__metric-privacy__fedavg__clients-3__seed-44__nm0p01875__clip5__rounds-20__epochs-5__cifar_chunks__cifar10_cnn round=5 (checkpoint deleted)
2026-08-05 17:08:15 EVALUATED cifar-full-in-replace__non-iid__metric-privacy__fedavg__clients-3__seed-44__nm0p01875__clip5__rounds-20__epochs-5__cifar_chunks__cifar10_cnn round=6 (checkpoint deleted)
2026-08-05 17:08:20 EVALUATED cifar-full-in-replace__non-iid__metric-privacy__fedavg__clients-3__seed-44__nm0p01875__clip5__rounds-20__epochs-5__cifar_chunks__cifar10_cnn round=7 (checkpoint deleted)
2026-08-05 17:08:26 EVALUATED cifar-full-in-replace__non-iid__metric-privacy__fedavg__clients-3__seed-44__nm0p01875__clip5__rounds-20__epochs-5__cifar_chunks__cifar10_cnn round=8 (checkpoint deleted)
2026-08-05 17:08:31 EVALUATED cifar-full-in-replace__non-iid__metric-privacy__fedavg__clients-3__seed-44__nm0p01875__clip5__rounds-20__epochs-5__cifar_chunks__cifar10_cnn round=9 (checkpoint deleted)
2026-08-05 17:08:37 EVALUATED cifar-full-in-replace__non-iid__metric-privacy__fedavg__clients-3__seed-44__nm0p01875__clip5__rounds-20__epochs-5__cifar_chunks__cifar10_cnn round=10 (checkpoint deleted)
2026-08-05 17:08:42 EVALUATED cifar-full-in-replace__non-iid__metric-privacy__fedavg__clients-3__seed-44__nm0p01875__clip5__rounds-20__epochs-5__cifar_chunks__cifar10_cnn round=11 (checkpoint deleted)
2026-08-05 17:08:48 EVALUATED cifar-full-in-replace__non-iid__metric-privacy__fedavg__clients-3__seed-44__nm0p01875__clip5__rounds-20__epochs-5__cifar_chunks__cifar10_cnn round=12 (checkpoint deleted)
2026-08-05 17:08:54 EVALUATED cifar-full-in-replace__non-iid__metric-privacy__fedavg__clients-3__seed-44__nm0p01875__clip5__rounds-20__epochs-5__cifar_chunks__cifar10_cnn round=13 (checkpoint deleted)
2026-08-05 17:08:59 EVALUATED cifar-full-in-replace__non-iid__metric-privacy__fedavg__clients-3__seed-44__nm0p01875__clip5__rounds-20__epochs-5__cifar_chunks__cifar10_cnn round=14 (checkpoint deleted)
2026-08-05 17:09:05 EVALUATED cifar-full-in-replace__non-iid__metric-privacy__fedavg__clients-3__seed-44__nm0p01875__clip5__rounds-20__epochs-5__cifar_chunks__cifar10_cnn round=15 (checkpoint deleted)
2026-08-05 17:09:10 EVALUATED cifar-full-in-replace__non-iid__metric-privacy__fedavg__clients-3__seed-44__nm0p01875__clip5__rounds-20__epochs-5__cifar_chunks__cifar10_cnn round=16 (checkpoint deleted)
2026-08-05 17:09:16 EVALUATED cifar-full-in-replace__non-iid__metric-privacy__fedavg__clients-3__seed-44__nm0p01875__clip5__rounds-20__epochs-5__cifar_chunks__cifar10_cnn round=17 (checkpoint deleted)
2026-08-05 17:09:21 EVALUATED cifar-full-in-replace__non-iid__metric-privacy__fedavg__clients-3__seed-44__nm0p01875__clip5__rounds-20__epochs-5__cifar_chunks__cifar10_cnn round=18 (checkpoint deleted)
2026-08-05 17:09:27 EVALUATED cifar-full-in-replace__non-iid__metric-privacy__fedavg__clients-3__seed-44__nm0p01875__clip5__rounds-20__epochs-5__cifar_chunks__cifar10_cnn round=19 (checkpoint deleted)
2026-08-05 17:09:33 EVALUATED cifar-full-in-replace__non-iid__metric-privacy__fedavg__clients-3__seed-44__nm0p01875__clip5__rounds-20__epochs-5__cifar_chunks__cifar10_cnn round=20 (checkpoint deleted)
2026-08-05 17:09:33 PROGRESS 2/2 (0 failed so far)
2026-08-05 17:09:33 Sweep finished: 2/2 attempted, 0 failed
