{
  "metadata": {
    "run_name": "appendix-b__homogeneous__global-dp__fedavgm__noise-0.003__seed-42",
    "data_module": "experiments.reproduce.dataset.alzheimer:create_data_module",
    "partition_mode": "homogeneous",
    "partition_profile": "auto",
    "privacy": "global-dp",
    "aggregation": "fedavgm",
    "seed": 42,
    "num_clients": 4,
    "rounds": 20,
    "local_epochs": 5,
    "noise_multiplier": 0.003,
    "clipping_norm": 5.0,
    "initialization_pretrained": true,
    "initialization_epochs": 20,
    "initialization_final_loss": 0.7227310359477996
  },
  "train_metrics": {
    "1": {
      "train_loss": 0.6387640153989196,
      "train_loss_mean": 0.7427928075194359
    },
    "2": {
      "train_loss": 0.623197257053107,
      "train_loss_mean": 0.7331681064330042
    },
    "3": {
      "train_loss": 0.6094939082395285,
      "train_loss_mean": 0.7214084229897707
    },
    "4": {
      "train_loss": 0.5713058584369719,
      "train_loss_mean": 0.6976084170397371
    },
    "5": {
      "train_loss": 0.5415733917616308,
      "train_loss_mean": 0.6754913695622236
    },
    "6": {
      "train_loss": 0.5183959868736565,
      "train_loss_mean": 0.6550677375867963
    },
    "7": {
      "train_loss": 0.47699782031122595,
      "train_loss_mean": 0.6298330299323425
    },
    "8": {
      "train_loss": 0.4389639861183241,
      "train_loss_mean": 0.6029917672509327
    },
    "9": {
      "train_loss": 0.40833739028312266,
      "train_loss_mean": 0.5763170265825466
    },
    "10": {
      "train_loss": 0.3740787231363356,
      "train_loss_mean": 0.5477653871057555
    },
    "11": {
      "train_loss": 0.34602806461043656,
      "train_loss_mean": 0.5188165563857182
    },
    "12": {
      "train_loss": 0.3222691505216062,
      "train_loss_mean": 0.4897180793108419
    },
    "13": {
      "train_loss": 0.29350258404156193,
      "train_loss_mean": 0.46207758599193766
    },
    "14": {
      "train_loss": 0.28398320433916524,
      "train_loss_mean": 0.4426319507067092
    },
    "15": {
      "train_loss": 0.2479200809611939,
      "train_loss_mean": 0.41570882952073596
    },
    "16": {
      "train_loss": 0.2348099126247689,
      "train_loss_mean": 0.38951307501411064
    },
    "17": {
      "train_loss": 0.2119953567162156,
      "train_loss_mean": 0.3669259917922318
    },
    "18": {
      "train_loss": 0.1947514517523814,
      "train_loss_mean": 0.34193048285669647
    },
    "19": {
      "train_loss": 0.1996925713319797,
      "train_loss_mean": 0.3259142552909907
    },
    "20": {
      "train_loss": 0.18680193758336827,
      "train_loss_mean": 0.3033633310173173
    }
  },
  "client_evaluate_metrics": {
    "1": {
      "eval_loss": 0.8620942272245884,
      "eval_acc": 0.630859375
    },
    "2": {
      "eval_loss": 0.846723411232233,
      "eval_acc": 0.630859375
    },
    "3": {
      "eval_loss": 0.8269562683999538,
      "eval_acc": 0.6328125
    },
    "4": {
      "eval_loss": 0.8191473092883825,
      "eval_acc": 0.6328125
    },
    "5": {
      "eval_loss": 0.7967429179698229,
      "eval_acc": 0.642578125
    },
    "6": {
      "eval_loss": 0.782304871827364,
      "eval_acc": 0.64453125
    },
    "7": {
      "eval_loss": 0.767954844981432,
      "eval_acc": 0.6513671875
    },
    "8": {
      "eval_loss": 0.751221613958478,
      "eval_acc": 0.66015625
    },
    "9": {
      "eval_loss": 0.7388578895479441,
      "eval_acc": 0.6689453125
    },
    "10": {
      "eval_loss": 0.7271423358470201,
      "eval_acc": 0.6796875
    },
    "11": {
      "eval_loss": 0.7073397384956479,
      "eval_acc": 0.68359375
    },
    "12": {
      "eval_loss": 0.6931147202849388,
      "eval_acc": 0.6953125
    },
    "13": {
      "eval_loss": 0.6728564761579037,
      "eval_acc": 0.7021484375
    },
    "14": {
      "eval_loss": 0.6509529817849398,
      "eval_acc": 0.7158203125
    },
    "15": {
      "eval_loss": 0.6313701830804348,
      "eval_acc": 0.7236328125
    },
    "16": {
      "eval_loss": 0.6095652505755424,
      "eval_acc": 0.740234375
    },
    "17": {
      "eval_loss": 0.586500059813261,
      "eval_acc": 0.7529296875
    },
    "18": {
      "eval_loss": 0.5637294752523303,
      "eval_acc": 0.759765625
    },
    "19": {
      "eval_loss": 0.5371130052953959,
      "eval_acc": 0.7646484375
    },
    "20": {
      "eval_loss": 0.515583579428494,
      "eval_acc": 0.7802734375
    }
  },
  "server_evaluate_metrics": {
    "0": {
      "loss": 0.8944273382425308,
      "accuracy": 0.5796875
    },
    "1": {
      "loss": 0.8827893167734147,
      "accuracy": 0.5828125
    },
    "2": {
      "loss": 0.8642381459474564,
      "accuracy": 0.59375
    },
    "3": {
      "loss": 0.8428509533405304,
      "accuracy": 0.5984375
    },
    "4": {
      "loss": 0.837766632437706,
      "accuracy": 0.5984375
    },
    "5": {
      "loss": 0.8104001075029373,
      "accuracy": 0.621875
    },
    "6": {
      "loss": 0.7934031128883362,
      "accuracy": 0.6328125
    },
    "7": {
      "loss": 0.7788913190364838,
      "accuracy": 0.6359375
    },
    "8": {
      "loss": 0.7624799937009812,
      "accuracy": 0.6609375
    },
    "9": {
      "loss": 0.7488187044858933,
      "accuracy": 0.665625
    },
    "10": {
      "loss": 0.7409895956516266,
      "accuracy": 0.6703125
    },
    "11": {
      "loss": 0.7105756789445877,
      "accuracy": 0.68125
    },
    "12": {
      "loss": 0.7063107401132583,
      "accuracy": 0.6921875
    },
    "13": {
      "loss": 0.6814899861812591,
      "accuracy": 0.703125
    },
    "14": {
      "loss": 0.6605257287621498,
      "accuracy": 0.7140625
    },
    "15": {
      "loss": 0.6443164810538292,
      "accuracy": 0.71875
    },
    "16": {
      "loss": 0.6221464738249779,
      "accuracy": 0.725
    },
    "17": {
      "loss": 0.6020713552832604,
      "accuracy": 0.7375
    },
    "18": {
      "loss": 0.5869134828448296,
      "accuracy": 0.7546875
    },
    "19": {
      "loss": 0.5568179517984391,
      "accuracy": 0.7640625
    },
    "20": {
      "loss": 0.540431122481823,
      "accuracy": 0.76875
    }
  }
}
