{
  "metadata": {
    "run_name": "appendix-b__homogeneous__global-dp__fedavg__noise-0.05__seed-42",
    "data_module": "experiments.reproduce.dataset.alzheimer:create_data_module",
    "partition_mode": "homogeneous",
    "partition_profile": "auto",
    "privacy": "global-dp",
    "aggregation": "fedavg",
    "seed": 42,
    "num_clients": 4,
    "rounds": 20,
    "local_epochs": 5,
    "noise_multiplier": 0.05,
    "clipping_norm": 5.0,
    "initialization_pretrained": false,
    "initialization_epochs": 0,
    "initialization_final_loss": null
  },
  "train_metrics": {
    "1": {
      "train_loss": 0.9769968413747847,
      "train_loss_mean": 1.0320731371641159
    },
    "2": {
      "train_loss": 0.9502404662780464,
      "train_loss_mean": 1.0198847666382789
    },
    "3": {
      "train_loss": 0.8877256843261421,
      "train_loss_mean": 1.0022601513192058
    },
    "4": {
      "train_loss": 0.9601595592685044,
      "train_loss_mean": 1.0391132846474647
    },
    "5": {
      "train_loss": 1.030517192557454,
      "train_loss_mean": 1.1208168643526732
    },
    "6": {
      "train_loss": 0.9759861901402473,
      "train_loss_mean": 1.0261945995502173
    },
    "7": {
      "train_loss": 1.0379871614277363,
      "train_loss_mean": 1.0477201392874123
    },
    "8": {
      "train_loss": 1.0360088753513992,
      "train_loss_mean": 1.0403354931622744
    },
    "9": {
      "train_loss": 1.0365620492957532,
      "train_loss_mean": 1.0393739750608804
    },
    "10": {
      "train_loss": 1.0372244119644165,
      "train_loss_mean": 1.0698078528977932
    },
    "11": {
      "train_loss": 1.0376137122511864,
      "train_loss_mean": 1.0479819124564527
    },
    "12": {
      "train_loss": 1.0377864558249712,
      "train_loss_mean": 1.0386909237131476
    },
    "13": {
      "train_loss": 1.0382147734053433,
      "train_loss_mean": 1.0403314459137618
    },
    "14": {
      "train_loss": 1.0381402862258255,
      "train_loss_mean": 1.039917870052159
    },
    "15": {
      "train_loss": 1.0382261401973665,
      "train_loss_mean": 1.0746950407512486
    },
    "16": {
      "train_loss": 1.0382341244257987,
      "train_loss_mean": 1.0822325077839197
    },
    "17": {
      "train_loss": 1.038112591020763,
      "train_loss_mean": 1.051182850729674
    },
    "18": {
      "train_loss": 1.037938728928566,
      "train_loss_mean": 1.0381055971607567
    },
    "19": {
      "train_loss": 1.0385342314839363,
      "train_loss_mean": 1.0385172723792493
    },
    "20": {
      "train_loss": 1.038557626772672,
      "train_loss_mean": 1.038656063284725
    }
  },
  "client_evaluate_metrics": {
    "1": {
      "eval_loss": 1.0514172967523336,
      "eval_acc": 0.498046875
    },
    "2": {
      "eval_loss": 3.1369630098342896,
      "eval_acc": 0.34765625
    },
    "3": {
      "eval_loss": 1.3137510009109974,
      "eval_acc": 0.34765625
    },
    "4": {
      "eval_loss": 1.281906332820654,
      "eval_acc": 0.14453125
    },
    "5": {
      "eval_loss": 1.2826607525348663,
      "eval_acc": 0.3603515625
    },
    "6": {
      "eval_loss": 1.0573599115014076,
      "eval_acc": 0.5009765625
    },
    "7": {
      "eval_loss": 1.0531936660408974,
      "eval_acc": 0.5
    },
    "8": {
      "eval_loss": 1.0509056821465492,
      "eval_acc": 0.5
    },
    "9": {
      "eval_loss": 1.3475346844643354,
      "eval_acc": 0.501953125
    },
    "10": {
      "eval_loss": 1.0462334901094437,
      "eval_acc": 0.4970703125
    },
    "11": {
      "eval_loss": 1.0439098980277777,
      "eval_acc": 0.5
    },
    "12": {
      "eval_loss": 1.0523545630276203,
      "eval_acc": 0.5
    },
    "13": {
      "eval_loss": 1.0541916582733393,
      "eval_acc": 0.5
    },
    "14": {
      "eval_loss": 1.0784570034593344,
      "eval_acc": 0.505859375
    },
    "15": {
      "eval_loss": 2.155608119443059,
      "eval_acc": 0.5
    },
    "16": {
      "eval_loss": 2.077157722786069,
      "eval_acc": 0.5
    },
    "17": {
      "eval_loss": 1.0433691143989563,
      "eval_acc": 0.5
    },
    "18": {
      "eval_loss": 1.045750342309475,
      "eval_acc": 0.5
    },
    "19": {
      "eval_loss": 1.046174904331565,
      "eval_acc": 0.5
    },
    "20": {
      "eval_loss": 1.0621394626796246,
      "eval_acc": 0.5
    }
  },
  "server_evaluate_metrics": {
    "0": {
      "loss": 1.44056636095047,
      "accuracy": 0.0109375
    },
    "1": {
      "loss": 1.046492901444435,
      "accuracy": 0.496875
    },
    "2": {
      "loss": 3.0674135088920593,
      "accuracy": 0.359375
    },
    "3": {
      "loss": 1.2816426396369933,
      "accuracy": 0.359375
    },
    "4": {
      "loss": 1.274355810880661,
      "accuracy": 0.1421875
    },
    "5": {
      "loss": 1.291340571641922,
      "accuracy": 0.359375
    },
    "6": {
      "loss": 1.0560158491134644,
      "accuracy": 0.4953125
    },
    "7": {
      "loss": 1.0448951035737992,
      "accuracy": 0.4953125
    },
    "8": {
      "loss": 1.0409377247095108,
      "accuracy": 0.4953125
    },
    "9": {
      "loss": 1.333813813328743,
      "accuracy": 0.49375
    },
    "10": {
      "loss": 1.0390470027923584,
      "accuracy": 0.4953125
    },
    "11": {
      "loss": 1.0364909768104553,
      "accuracy": 0.4953125
    },
    "12": {
      "loss": 1.0443104714155198,
      "accuracy": 0.4953125
    },
    "13": {
      "loss": 1.0470092624425889,
      "accuracy": 0.4953125
    },
    "14": {
      "loss": 1.035277208685875,
      "accuracy": 0.496875
    },
    "15": {
      "loss": 1.935540333390236,
      "accuracy": 0.4953125
    },
    "16": {
      "loss": 2.060330703854561,
      "accuracy": 0.4953125
    },
    "17": {
      "loss": 1.0373291760683059,
      "accuracy": 0.4953125
    },
    "18": {
      "loss": 1.04115834236145,
      "accuracy": 0.4953125
    },
    "19": {
      "loss": 1.0417434602975846,
      "accuracy": 0.4953125
    },
    "20": {
      "loss": 1.047457566857338,
      "accuracy": 0.4953125
    }
  }
}
