{
  "metadata": {
    "run_name": "appendix-b__homogeneous__global-dp__fedyogi__noise-0.003__seed-42",
    "data_module": "experiments.reproduce.dataset.alzheimer:create_data_module",
    "partition_mode": "homogeneous",
    "partition_profile": "auto",
    "privacy": "global-dp",
    "aggregation": "fedyogi",
    "seed": 42,
    "num_clients": 4,
    "rounds": 20,
    "local_epochs": 5,
    "noise_multiplier": 0.003,
    "clipping_norm": 5.0,
    "initialization_pretrained": true,
    "initialization_epochs": 20,
    "initialization_final_loss": 0.6661822080612183
  },
  "train_metrics": {
    "1": {
      "train_loss": 0.6417030985467136,
      "train_loss_mean": 0.745681026019156
    },
    "2": {
      "train_loss": 0.5616688493173569,
      "train_loss_mean": 0.6878424282651394
    },
    "3": {
      "train_loss": 0.4295935503905639,
      "train_loss_mean": 0.5882067075464875
    },
    "4": {
      "train_loss": 0.31803750642575324,
      "train_loss_mean": 0.4689067415427416
    },
    "5": {
      "train_loss": 0.21352135855704546,
      "train_loss_mean": 0.3405584841035306
    },
    "6": {
      "train_loss": 0.1620942368172109,
      "train_loss_mean": 0.25662605098332275
    },
    "7": {
      "train_loss": 0.12678318003599998,
      "train_loss_mean": 0.20123241452965887
    },
    "8": {
      "train_loss": 0.09818521661509294,
      "train_loss_mean": 0.1616331579280086
    },
    "9": {
      "train_loss": 0.08612968497800466,
      "train_loss_mean": 0.1353745335851272
    },
    "10": {
      "train_loss": 0.06948867323990271,
      "train_loss_mean": 0.11632898837051471
    },
    "11": {
      "train_loss": 0.06045291951090803,
      "train_loss_mean": 0.09677635963967078
    },
    "12": {
      "train_loss": 0.05370858712916515,
      "train_loss_mean": 0.0775967472526304
    },
    "13": {
      "train_loss": 0.0579657723726541,
      "train_loss_mean": 0.06974303609242725
    },
    "14": {
      "train_loss": 0.0723075083289686,
      "train_loss_mean": 0.06230017856593975
    },
    "15": {
      "train_loss": 0.06365928705466928,
      "train_loss_mean": 0.061398225081445906
    },
    "16": {
      "train_loss": 0.04606919251796171,
      "train_loss_mean": 0.05200714576543817
    },
    "17": {
      "train_loss": 0.037486798579354996,
      "train_loss_mean": 0.04159289575303653
    },
    "18": {
      "train_loss": 0.046711270582819875,
      "train_loss_mean": 0.04052296404708022
    },
    "19": {
      "train_loss": 0.048078669649938455,
      "train_loss_mean": 0.0375594673841908
    },
    "20": {
      "train_loss": 0.03400134486007644,
      "train_loss_mean": 0.03680469775211072
    }
  },
  "client_evaluate_metrics": {
    "1": {
      "eval_loss": 0.8008193057030439,
      "eval_acc": 0.6455078125
    },
    "2": {
      "eval_loss": 0.7552797831594944,
      "eval_acc": 0.66796875
    },
    "3": {
      "eval_loss": 0.681332154199481,
      "eval_acc": 0.7119140625
    },
    "4": {
      "eval_loss": 0.5757141327485442,
      "eval_acc": 0.7568359375
    },
    "5": {
      "eval_loss": 0.48650943022221327,
      "eval_acc": 0.7998046875
    },
    "6": {
      "eval_loss": 0.4450721493922174,
      "eval_acc": 0.8310546875
    },
    "7": {
      "eval_loss": 0.518834135029465,
      "eval_acc": 0.83984375
    },
    "8": {
      "eval_loss": 0.6793337082490325,
      "eval_acc": 0.849609375
    },
    "9": {
      "eval_loss": 0.648107458720915,
      "eval_acc": 0.88671875
    },
    "10": {
      "eval_loss": 0.45840524695813656,
      "eval_acc": 0.9189453125
    },
    "11": {
      "eval_loss": 0.37077526457142085,
      "eval_acc": 0.931640625
    },
    "12": {
      "eval_loss": 0.27461795836279634,
      "eval_acc": 0.939453125
    },
    "13": {
      "eval_loss": 0.2255375245877076,
      "eval_acc": 0.9501953125
    },
    "14": {
      "eval_loss": 0.20186530414503068,
      "eval_acc": 0.947265625
    },
    "15": {
      "eval_loss": 0.19416322838515043,
      "eval_acc": 0.9443359375
    },
    "16": {
      "eval_loss": 0.1914288635016419,
      "eval_acc": 0.94140625
    },
    "17": {
      "eval_loss": 0.18401355465175584,
      "eval_acc": 0.9453125
    },
    "18": {
      "eval_loss": 0.2031148135647527,
      "eval_acc": 0.951171875
    },
    "19": {
      "eval_loss": 0.2574064539585379,
      "eval_acc": 0.9609375
    },
    "20": {
      "eval_loss": 0.28039783912208804,
      "eval_acc": 0.9609375
    }
  },
  "server_evaluate_metrics": {
    "0": {
      "loss": 0.8271792083978653,
      "accuracy": 0.609375
    },
    "1": {
      "loss": 0.7912776589393615,
      "accuracy": 0.6171875
    },
    "2": {
      "loss": 0.7565597236156464,
      "accuracy": 0.6546875
    },
    "3": {
      "loss": 0.7020897150039673,
      "accuracy": 0.684375
    },
    "4": {
      "loss": 0.6412286102771759,
      "accuracy": 0.7203125
    },
    "5": {
      "loss": 0.6054343253374099,
      "accuracy": 0.7734375
    },
    "6": {
      "loss": 0.6088040746748448,
      "accuracy": 0.815625
    },
    "7": {
      "loss": 0.742342434823513,
      "accuracy": 0.825
    },
    "8": {
      "loss": 0.9472776927053929,
      "accuracy": 0.8421875
    },
    "9": {
      "loss": 0.9743394641205668,
      "accuracy": 0.878125
    },
    "10": {
      "loss": 0.8465558452240657,
      "accuracy": 0.90625
    },
    "11": {
      "loss": 0.7009697454952402,
      "accuracy": 0.925
    },
    "12": {
      "loss": 0.5560605386388489,
      "accuracy": 0.9328125
    },
    "13": {
      "loss": 0.47346698681358246,
      "accuracy": 0.928125
    },
    "14": {
      "loss": 0.410881236102432,
      "accuracy": 0.928125
    },
    "15": {
      "loss": 0.3617768016178161,
      "accuracy": 0.925
    },
    "16": {
      "loss": 0.3196344695985317,
      "accuracy": 0.934375
    },
    "17": {
      "loss": 0.30819869800470767,
      "accuracy": 0.9390625
    },
    "18": {
      "loss": 0.38336420379928315,
      "accuracy": 0.95
    },
    "19": {
      "loss": 0.4983916997589404,
      "accuracy": 0.9453125
    },
    "20": {
      "loss": 0.577300332500181,
      "accuracy": 0.9484375
    }
  }
}
