{
  "metadata": {
    "run_name": "main__non-iid__vanilla__fedmedian__noise-0.01__seed-42",
    "data_module": "experiments.reproduce.dataset.alzheimer:create_data_module",
    "partition_mode": "non-iid",
    "partition_profile": "auto",
    "privacy": "vanilla",
    "aggregation": "fedmedian",
    "seed": 42,
    "num_clients": 4,
    "rounds": 20,
    "local_epochs": 5,
    "noise_multiplier": 0.01,
    "clipping_norm": 5.0,
    "initialization_pretrained": false,
    "initialization_epochs": 0,
    "initialization_final_loss": null
  },
  "train_metrics": {
    "1": {
      "train_loss": 0.9493945818822094,
      "train_loss_mean": 1.0114968874481285
    },
    "2": {
      "train_loss": 0.8490556801565111,
      "train_loss_mean": 0.918155245866552
    },
    "3": {
      "train_loss": 0.6555245456517353,
      "train_loss_mean": 0.7801353833124471
    },
    "4": {
      "train_loss": 0.3894859681376377,
      "train_loss_mean": 0.555233850155042
    },
    "5": {
      "train_loss": 0.172873076657493,
      "train_loss_mean": 0.33087967830893467
    },
    "6": {
      "train_loss": 0.09565833418684205,
      "train_loss_mean": 0.19016218183154504
    },
    "7": {
      "train_loss": 0.062451344077135505,
      "train_loss_mean": 0.12020857091915749
    },
    "8": {
      "train_loss": 0.061457031312852226,
      "train_loss_mean": 0.09031245819421264
    },
    "9": {
      "train_loss": 0.04384956755445617,
      "train_loss_mean": 0.06467955557464085
    },
    "10": {
      "train_loss": 0.046278343039815484,
      "train_loss_mean": 0.05050352837887017
    },
    "11": {
      "train_loss": 0.042299118160787,
      "train_loss_mean": 0.04459127178082391
    },
    "12": {
      "train_loss": 0.021355769672476207,
      "train_loss_mean": 0.039043836302013385
    },
    "13": {
      "train_loss": 0.01844741976305817,
      "train_loss_mean": 0.029543081688129125
    },
    "14": {
      "train_loss": 0.022333115065785634,
      "train_loss_mean": 0.024661710802633838
    },
    "15": {
      "train_loss": 0.033826332025616766,
      "train_loss_mean": 0.027948556676079806
    },
    "16": {
      "train_loss": 0.014517471797505295,
      "train_loss_mean": 0.02237973482998413
    },
    "17": {
      "train_loss": 0.01988369990140484,
      "train_loss_mean": 0.016723045531346764
    },
    "18": {
      "train_loss": 0.029268128283882863,
      "train_loss_mean": 0.018270172210229994
    },
    "19": {
      "train_loss": 0.013092058169535702,
      "train_loss_mean": 0.024352540577777793
    },
    "20": {
      "train_loss": 0.021132214463268635,
      "train_loss_mean": 0.02121720459499577
    }
  },
  "client_evaluate_metrics": {
    "1": {
      "eval_loss": 1.0500622641505788,
      "eval_acc": 0.5497076023391813
    },
    "2": {
      "eval_loss": 0.8685345584653739,
      "eval_acc": 0.5818713450292398
    },
    "3": {
      "eval_loss": 0.7328097016258315,
      "eval_acc": 0.652046783625731
    },
    "4": {
      "eval_loss": 0.5775619648818151,
      "eval_acc": 0.7378167641325535
    },
    "5": {
      "eval_loss": 0.43916298358993455,
      "eval_acc": 0.8206627680311891
    },
    "6": {
      "eval_loss": 0.39607813479433285,
      "eval_acc": 0.854775828460039
    },
    "7": {
      "eval_loss": 0.28359110425743794,
      "eval_acc": 0.9113060428849902
    },
    "8": {
      "eval_loss": 0.22319223737565627,
      "eval_acc": 0.9346978557504872
    },
    "9": {
      "eval_loss": 0.21084080976760833,
      "eval_acc": 0.9405458089668616
    },
    "10": {
      "eval_loss": 0.195072413439414,
      "eval_acc": 0.9541910331384014
    },
    "11": {
      "eval_loss": 0.18795066401698274,
      "eval_acc": 0.94541910331384
    },
    "12": {
      "eval_loss": 0.1902298070549362,
      "eval_acc": 0.9580896686159843
    },
    "13": {
      "eval_loss": 0.16379584691175902,
      "eval_acc": 0.9532163742690057
    },
    "14": {
      "eval_loss": 0.1489470011173869,
      "eval_acc": 0.9629629629629629
    },
    "15": {
      "eval_loss": 0.16687672775745713,
      "eval_acc": 0.9551656920077973
    },
    "16": {
      "eval_loss": 0.16307471769066031,
      "eval_acc": 0.9600389863547758
    },
    "17": {
      "eval_loss": 0.1499661477451139,
      "eval_acc": 0.96588693957115
    },
    "18": {
      "eval_loss": 0.18492629212750755,
      "eval_acc": 0.96588693957115
    },
    "19": {
      "eval_loss": 0.17925647199462846,
      "eval_acc": 0.9571150097465886
    },
    "20": {
      "eval_loss": 0.23708506461576018,
      "eval_acc": 0.9512670565302145
    }
  },
  "server_evaluate_metrics": {
    "0": {
      "loss": 1.44056636095047,
      "accuracy": 0.0109375
    },
    "1": {
      "loss": 1.049353951215744,
      "accuracy": 0.53125
    },
    "2": {
      "loss": 0.896833062171936,
      "accuracy": 0.5546875
    },
    "3": {
      "loss": 0.7693914979696274,
      "accuracy": 0.6765625
    },
    "4": {
      "loss": 0.5826658636331559,
      "accuracy": 0.775
    },
    "5": {
      "loss": 0.4846618950366974,
      "accuracy": 0.8203125
    },
    "6": {
      "loss": 0.4309261392802,
      "accuracy": 0.8578125
    },
    "7": {
      "loss": 0.3915085483342409,
      "accuracy": 0.896875
    },
    "8": {
      "loss": 0.314160093292594,
      "accuracy": 0.9125
    },
    "9": {
      "loss": 0.30390951596200466,
      "accuracy": 0.9171875
    },
    "10": {
      "loss": 0.23809205153957008,
      "accuracy": 0.9453125
    },
    "11": {
      "loss": 0.23363442569971085,
      "accuracy": 0.9375
    },
    "12": {
      "loss": 0.21945939892902971,
      "accuracy": 0.953125
    },
    "13": {
      "loss": 0.21387089886702598,
      "accuracy": 0.9546875
    },
    "14": {
      "loss": 0.23544819606468081,
      "accuracy": 0.9546875
    },
    "15": {
      "loss": 0.20955194738926367,
      "accuracy": 0.9609375
    },
    "16": {
      "loss": 0.18032986082835123,
      "accuracy": 0.96875
    },
    "17": {
      "loss": 0.20175232125329784,
      "accuracy": 0.965625
    },
    "18": {
      "loss": 0.2779575560358353,
      "accuracy": 0.9578125
    },
    "19": {
      "loss": 0.24898039769032038,
      "accuracy": 0.95625
    },
    "20": {
      "loss": 0.2167035758087877,
      "accuracy": 0.9640625
    }
  }
}
