{
  "metadata": {
    "run_name": "main__homogeneous__vanilla__fedavgm__noise-0.01__seed-44",
    "data_module": "experiments.reproduce.dataset.alzheimer:create_data_module",
    "partition_mode": "homogeneous",
    "partition_profile": "auto",
    "privacy": "vanilla",
    "aggregation": "fedavgm",
    "seed": 44,
    "num_clients": 4,
    "rounds": 20,
    "local_epochs": 5,
    "noise_multiplier": 0.01,
    "clipping_norm": 5.0,
    "initialization_pretrained": true,
    "initialization_epochs": 20,
    "initialization_final_loss": 0.5753093615174294
  },
  "train_metrics": {
    "1": {
      "train_loss": 0.5562321494799107,
      "train_loss_mean": 0.7042573961429298
    },
    "2": {
      "train_loss": 0.5097172542009503,
      "train_loss_mean": 0.6732827943284065
    },
    "3": {
      "train_loss": 0.4630432390840724,
      "train_loss_mean": 0.637432878301479
    },
    "4": {
      "train_loss": 0.40714634978212416,
      "train_loss_mean": 0.591201974451542
    },
    "5": {
      "train_loss": 0.349853529362008,
      "train_loss_mean": 0.5367847492918372
    },
    "6": {
      "train_loss": 0.3103997923899442,
      "train_loss_mean": 0.4910063144052401
    },
    "7": {
      "train_loss": 0.2581009164568968,
      "train_loss_mean": 0.4375483769690618
    },
    "8": {
      "train_loss": 0.21852470046724193,
      "train_loss_mean": 0.38891781018464827
    },
    "9": {
      "train_loss": 0.18819016302586533,
      "train_loss_mean": 0.33702399938483724
    },
    "10": {
      "train_loss": 0.15899524980341084,
      "train_loss_mean": 0.3007356793852523
    },
    "11": {
      "train_loss": 0.13634776062099263,
      "train_loss_mean": 0.2579339760413859
    },
    "12": {
      "train_loss": 0.12143127375748008,
      "train_loss_mean": 0.22657043880899436
    },
    "13": {
      "train_loss": 0.09993067073446582,
      "train_loss_mean": 0.19629700081932241
    },
    "14": {
      "train_loss": 0.08990097037894884,
      "train_loss_mean": 0.16904496321949408
    },
    "15": {
      "train_loss": 0.07557076322700595,
      "train_loss_mean": 0.15247299942129758
    },
    "16": {
      "train_loss": 0.07714904073509388,
      "train_loss_mean": 0.13774797613805276
    },
    "17": {
      "train_loss": 0.08215648833720479,
      "train_loss_mean": 0.1275621456632507
    },
    "18": {
      "train_loss": 0.07052486030443106,
      "train_loss_mean": 0.11583319226956518
    },
    "19": {
      "train_loss": 0.05877479803166352,
      "train_loss_mean": 0.10372205560779547
    },
    "20": {
      "train_loss": 0.05767061108235794,
      "train_loss_mean": 0.09613318757874367
    }
  },
  "client_evaluate_metrics": {
    "1": {
      "eval_loss": 0.8671039249747992,
      "eval_acc": 0.595703125
    },
    "2": {
      "eval_loss": 0.826448168605566,
      "eval_acc": 0.6083984375
    },
    "3": {
      "eval_loss": 0.7844587042927742,
      "eval_acc": 0.625
    },
    "4": {
      "eval_loss": 0.744879444129765,
      "eval_acc": 0.642578125
    },
    "5": {
      "eval_loss": 0.7049555266276002,
      "eval_acc": 0.66796875
    },
    "6": {
      "eval_loss": 0.6641209917142987,
      "eval_acc": 0.69140625
    },
    "7": {
      "eval_loss": 0.622984723187983,
      "eval_acc": 0.7119140625
    },
    "8": {
      "eval_loss": 0.5799207184463739,
      "eval_acc": 0.7412109375
    },
    "9": {
      "eval_loss": 0.5365684544667602,
      "eval_acc": 0.7705078125
    },
    "10": {
      "eval_loss": 0.49544802121818066,
      "eval_acc": 0.7958984375
    },
    "11": {
      "eval_loss": 0.4559663888067007,
      "eval_acc": 0.814453125
    },
    "12": {
      "eval_loss": 0.42075334303081036,
      "eval_acc": 0.828125
    },
    "13": {
      "eval_loss": 0.3891652110032737,
      "eval_acc": 0.84375
    },
    "14": {
      "eval_loss": 0.36057905573397875,
      "eval_acc": 0.8544921875
    },
    "15": {
      "eval_loss": 0.33443401753902435,
      "eval_acc": 0.8662109375
    },
    "16": {
      "eval_loss": 0.3108289446681738,
      "eval_acc": 0.8798828125
    },
    "17": {
      "eval_loss": 0.2887937407940626,
      "eval_acc": 0.8984375
    },
    "18": {
      "eval_loss": 0.27061086101457477,
      "eval_acc": 0.916015625
    },
    "19": {
      "eval_loss": 0.25617430196143687,
      "eval_acc": 0.921875
    },
    "20": {
      "eval_loss": 0.24492368777282536,
      "eval_acc": 0.9287109375
    }
  },
  "server_evaluate_metrics": {
    "0": {
      "loss": 0.9130339801311493,
      "accuracy": 0.590625
    },
    "1": {
      "loss": 0.8803197056055069,
      "accuracy": 0.609375
    },
    "2": {
      "loss": 0.8421649962663651,
      "accuracy": 0.6265625
    },
    "3": {
      "loss": 0.8030912905931473,
      "accuracy": 0.6515625
    },
    "4": {
      "loss": 0.7632800012826919,
      "accuracy": 0.6609375
    },
    "5": {
      "loss": 0.7232728868722915,
      "accuracy": 0.690625
    },
    "6": {
      "loss": 0.6823666200041771,
      "accuracy": 0.7109375
    },
    "7": {
      "loss": 0.6396283030509948,
      "accuracy": 0.7296875
    },
    "8": {
      "loss": 0.5952581405639649,
      "accuracy": 0.7515625
    },
    "9": {
      "loss": 0.5519840389490127,
      "accuracy": 0.7671875
    },
    "10": {
      "loss": 0.5099965155124664,
      "accuracy": 0.78125
    },
    "11": {
      "loss": 0.47013628482818604,
      "accuracy": 0.809375
    },
    "12": {
      "loss": 0.4361701779067516,
      "accuracy": 0.8234375
    },
    "13": {
      "loss": 0.40679446756839754,
      "accuracy": 0.834375
    },
    "14": {
      "loss": 0.3812206655740738,
      "accuracy": 0.85
    },
    "15": {
      "loss": 0.3590945925563574,
      "accuracy": 0.865625
    },
    "16": {
      "loss": 0.33819722980260847,
      "accuracy": 0.878125
    },
    "17": {
      "loss": 0.31873679459095,
      "accuracy": 0.8875
    },
    "18": {
      "loss": 0.30318475030362607,
      "accuracy": 0.8953125
    },
    "19": {
      "loss": 0.2903051197528839,
      "accuracy": 0.9
    },
    "20": {
      "loss": 0.28053097389638426,
      "accuracy": 0.9046875
    }
  }
}
