{
  "metadata": {
    "run_name": "main__homogeneous__vanilla__fedyogi__noise-0.01__seed-44",
    "data_module": "experiments.reproduce.dataset.alzheimer:create_data_module",
    "partition_mode": "homogeneous",
    "partition_profile": "auto",
    "privacy": "vanilla",
    "aggregation": "fedyogi",
    "seed": 44,
    "num_clients": 4,
    "rounds": 20,
    "local_epochs": 5,
    "noise_multiplier": 0.01,
    "clipping_norm": 5.0,
    "initialization_pretrained": true,
    "initialization_epochs": 20,
    "initialization_final_loss": 0.6488620668649674
  },
  "train_metrics": {
    "1": {
      "train_loss": 0.5994280574377626,
      "train_loss_mean": 0.730197067046538
    },
    "2": {
      "train_loss": 0.47199324786197394,
      "train_loss_mean": 0.6327095995424314
    },
    "3": {
      "train_loss": 0.32553759566508234,
      "train_loss_mean": 0.4927717485465109
    },
    "4": {
      "train_loss": 0.21581038052681834,
      "train_loss_mean": 0.35487582427449527
    },
    "5": {
      "train_loss": 0.1432696610718267,
      "train_loss_mean": 0.2551987253071275
    },
    "6": {
      "train_loss": 0.11304429624578916,
      "train_loss_mean": 0.20175875533604995
    },
    "7": {
      "train_loss": 0.07985206422017654,
      "train_loss_mean": 0.15212722114229107
    },
    "8": {
      "train_loss": 0.05499026812503871,
      "train_loss_mean": 0.11721720017048938
    },
    "9": {
      "train_loss": 0.0604492376712642,
      "train_loss_mean": 0.09774303369728159
    },
    "10": {
      "train_loss": 0.03945652915649589,
      "train_loss_mean": 0.0760769077795885
    },
    "11": {
      "train_loss": 0.04227852810362265,
      "train_loss_mean": 0.057883389756773346
    },
    "12": {
      "train_loss": 0.03831607271214921,
      "train_loss_mean": 0.0551154560987321
    },
    "13": {
      "train_loss": 0.0405462661580529,
      "train_loss_mean": 0.04962078229774107
    },
    "14": {
      "train_loss": 0.029866887730634062,
      "train_loss_mean": 0.042839815761227834
    },
    "15": {
      "train_loss": 0.03359323152022853,
      "train_loss_mean": 0.04438576588595078
    },
    "16": {
      "train_loss": 0.033505499860527976,
      "train_loss_mean": 0.03751701266824811
    },
    "17": {
      "train_loss": 0.033586616615209675,
      "train_loss_mean": 0.041085955810952854
    },
    "18": {
      "train_loss": 0.03135784589498415,
      "train_loss_mean": 0.03251249494790029
    },
    "19": {
      "train_loss": 0.031193242670184418,
      "train_loss_mean": 0.030017198024636836
    },
    "20": {
      "train_loss": 0.04283241385764791,
      "train_loss_mean": 0.03288113507926033
    }
  },
  "client_evaluate_metrics": {
    "1": {
      "eval_loss": 0.79365424066782,
      "eval_acc": 0.6162109375
    },
    "2": {
      "eval_loss": 0.6917294142767787,
      "eval_acc": 0.6708984375
    },
    "3": {
      "eval_loss": 0.653237915597856,
      "eval_acc": 0.72265625
    },
    "4": {
      "eval_loss": 0.7487428821623325,
      "eval_acc": 0.755859375
    },
    "5": {
      "eval_loss": 1.0290591139346361,
      "eval_acc": 0.7744140625
    },
    "6": {
      "eval_loss": 1.067003016360104,
      "eval_acc": 0.818359375
    },
    "7": {
      "eval_loss": 0.9511257661506534,
      "eval_acc": 0.8603515625
    },
    "8": {
      "eval_loss": 0.823954289779067,
      "eval_acc": 0.8828125
    },
    "9": {
      "eval_loss": 0.6261789847631007,
      "eval_acc": 0.9169921875
    },
    "10": {
      "eval_loss": 0.47203621109656524,
      "eval_acc": 0.9287109375
    },
    "11": {
      "eval_loss": 0.37676142842974514,
      "eval_acc": 0.94140625
    },
    "12": {
      "eval_loss": 0.3404499004536774,
      "eval_acc": 0.9482421875
    },
    "13": {
      "eval_loss": 0.34196511621121317,
      "eval_acc": 0.9482421875
    },
    "14": {
      "eval_loss": 0.35854881297564134,
      "eval_acc": 0.95703125
    },
    "15": {
      "eval_loss": 0.3936959228012711,
      "eval_acc": 0.9609375
    },
    "16": {
      "eval_loss": 0.4458127742764191,
      "eval_acc": 0.9609375
    },
    "17": {
      "eval_loss": 0.4965253100526752,
      "eval_acc": 0.958984375
    },
    "18": {
      "eval_loss": 0.48344182421351434,
      "eval_acc": 0.958984375
    },
    "19": {
      "eval_loss": 0.418736833769799,
      "eval_acc": 0.9599609375
    },
    "20": {
      "eval_loss": 0.33928584650857374,
      "eval_acc": 0.958984375
    }
  },
  "server_evaluate_metrics": {
    "0": {
      "loss": 0.8941289454698562,
      "accuracy": 0.5703125
    },
    "1": {
      "loss": 0.7891034126281739,
      "accuracy": 0.659375
    },
    "2": {
      "loss": 0.71225146651268,
      "accuracy": 0.6734375
    },
    "3": {
      "loss": 0.6646712988615036,
      "accuracy": 0.70625
    },
    "4": {
      "loss": 0.7715252444148064,
      "accuracy": 0.7390625
    },
    "5": {
      "loss": 1.1029348537325858,
      "accuracy": 0.7609375
    },
    "6": {
      "loss": 1.2247951328754425,
      "accuracy": 0.8109375
    },
    "7": {
      "loss": 1.1914420649409294,
      "accuracy": 0.8484375
    },
    "8": {
      "loss": 1.0084152236580848,
      "accuracy": 0.8671875
    },
    "9": {
      "loss": 0.8158844668418169,
      "accuracy": 0.8921875
    },
    "10": {
      "loss": 0.6379313913173974,
      "accuracy": 0.9015625
    },
    "11": {
      "loss": 0.5068691688589751,
      "accuracy": 0.9140625
    },
    "12": {
      "loss": 0.45116518419235946,
      "accuracy": 0.9265625
    },
    "13": {
      "loss": 0.42736945962533357,
      "accuracy": 0.9328125
    },
    "14": {
      "loss": 0.41384253851138053,
      "accuracy": 0.946875
    },
    "15": {
      "loss": 0.4308075215551071,
      "accuracy": 0.946875
    },
    "16": {
      "loss": 0.4546887581120245,
      "accuracy": 0.9578125
    },
    "17": {
      "loss": 0.5031422389962245,
      "accuracy": 0.9578125
    },
    "18": {
      "loss": 0.5227453249215614,
      "accuracy": 0.9578125
    },
    "19": {
      "loss": 0.5280932833346015,
      "accuracy": 0.9578125
    },
    "20": {
      "loss": 0.5113892940571532,
      "accuracy": 0.95
    }
  }
}
