{
  "metadata": {
    "run_name": "main__homogeneous__global-dp__fedmedian__noise-0.01__seed-45",
    "data_module": "experiments.reproduce.dataset.alzheimer:create_data_module",
    "partition_mode": "homogeneous",
    "partition_profile": "auto",
    "privacy": "global-dp",
    "aggregation": "fedmedian",
    "seed": 45,
    "num_clients": 4,
    "rounds": 20,
    "local_epochs": 5,
    "noise_multiplier": 0.01,
    "clipping_norm": 5.0,
    "initialization_pretrained": false,
    "initialization_epochs": 0,
    "initialization_final_loss": null
  },
  "train_metrics": {
    "1": {
      "train_loss": 0.989682758692652,
      "train_loss_mean": 1.0560024589300154
    },
    "2": {
      "train_loss": 0.9176739915274084,
      "train_loss_mean": 1.000821175519377
    },
    "3": {
      "train_loss": 0.8167378501966596,
      "train_loss_mean": 0.9239880189299583
    },
    "4": {
      "train_loss": 0.6748384868260473,
      "train_loss_mean": 0.8333402580581606
    },
    "5": {
      "train_loss": 0.5159161014016718,
      "train_loss_mean": 0.7187711207661778
    },
    "6": {
      "train_loss": 0.3593103253515437,
      "train_loss_mean": 0.5760809335624799
    },
    "7": {
      "train_loss": 0.27192616526735947,
      "train_loss_mean": 0.46494949202751745
    },
    "8": {
      "train_loss": 0.18311196703871246,
      "train_loss_mean": 0.3507416922453558
    },
    "9": {
      "train_loss": 0.11608458816772327,
      "train_loss_mean": 0.26686924118548633
    },
    "10": {
      "train_loss": 0.10815742926934035,
      "train_loss_mean": 0.2177132998724119
    },
    "11": {
      "train_loss": 0.08227337672724389,
      "train_loss_mean": 0.17429620888215142
    },
    "12": {
      "train_loss": 0.07765509408636717,
      "train_loss_mean": 0.1440172312220966
    },
    "13": {
      "train_loss": 0.08051012811847613,
      "train_loss_mean": 0.12730482450933778
    },
    "14": {
      "train_loss": 0.06123706344897073,
      "train_loss_mean": 0.09941236947397555
    },
    "15": {
      "train_loss": 0.06170178697902884,
      "train_loss_mean": 0.09266555545837035
    },
    "16": {
      "train_loss": 0.05816866152417788,
      "train_loss_mean": 0.08493893344966637
    },
    "17": {
      "train_loss": 0.03428712109234766,
      "train_loss_mean": 0.07495963268920604
    },
    "18": {
      "train_loss": 0.04928201383427222,
      "train_loss_mean": 0.06615667376045167
    },
    "19": {
      "train_loss": 0.058571053225477954,
      "train_loss_mean": 0.05921173880828974
    },
    "20": {
      "train_loss": 0.04664702100512841,
      "train_loss_mean": 0.05295248021207044
    }
  },
  "client_evaluate_metrics": {
    "1": {
      "eval_loss": 1.1707105562090874,
      "eval_acc": 0.5
    },
    "2": {
      "eval_loss": 1.0132097825407982,
      "eval_acc": 0.501953125
    },
    "3": {
      "eval_loss": 0.9493475165218115,
      "eval_acc": 0.5234375
    },
    "4": {
      "eval_loss": 0.899834968149662,
      "eval_acc": 0.5546875
    },
    "5": {
      "eval_loss": 0.8289576470851898,
      "eval_acc": 0.6064453125
    },
    "6": {
      "eval_loss": 0.7100359126925468,
      "eval_acc": 0.6923828125
    },
    "7": {
      "eval_loss": 0.5967418942600489,
      "eval_acc": 0.76171875
    },
    "8": {
      "eval_loss": 0.4842388667166233,
      "eval_acc": 0.8037109375
    },
    "9": {
      "eval_loss": 0.40821960754692554,
      "eval_acc": 0.830078125
    },
    "10": {
      "eval_loss": 0.3209008271805942,
      "eval_acc": 0.876953125
    },
    "11": {
      "eval_loss": 0.2877315040677786,
      "eval_acc": 0.8994140625
    },
    "12": {
      "eval_loss": 0.28415997442789376,
      "eval_acc": 0.9091796875
    },
    "13": {
      "eval_loss": 0.23712236701976508,
      "eval_acc": 0.921875
    },
    "14": {
      "eval_loss": 0.20955816097557545,
      "eval_acc": 0.9384765625
    },
    "15": {
      "eval_loss": 0.17184951819945127,
      "eval_acc": 0.94921875
    },
    "16": {
      "eval_loss": 0.17860314989229664,
      "eval_acc": 0.9375
    },
    "17": {
      "eval_loss": 0.15500964206876233,
      "eval_acc": 0.9521484375
    },
    "18": {
      "eval_loss": 0.1526069819519762,
      "eval_acc": 0.955078125
    },
    "19": {
      "eval_loss": 0.1592874850030057,
      "eval_acc": 0.951171875
    },
    "20": {
      "eval_loss": 0.15745897585293278,
      "eval_acc": 0.951171875
    }
  },
  "server_evaluate_metrics": {
    "0": {
      "loss": 1.4445670783519744,
      "accuracy": 0.0109375
    },
    "1": {
      "loss": 1.1696980595588684,
      "accuracy": 0.4953125
    },
    "2": {
      "loss": 1.0150986164808273,
      "accuracy": 0.496875
    },
    "3": {
      "loss": 0.952214902639389,
      "accuracy": 0.515625
    },
    "4": {
      "loss": 0.9103933542966842,
      "accuracy": 0.5359375
    },
    "5": {
      "loss": 0.8544536650180816,
      "accuracy": 0.59375
    },
    "6": {
      "loss": 0.7516649246215821,
      "accuracy": 0.640625
    },
    "7": {
      "loss": 0.6535373777151108,
      "accuracy": 0.71875
    },
    "8": {
      "loss": 0.5547744378447532,
      "accuracy": 0.7765625
    },
    "9": {
      "loss": 0.4861822068691254,
      "accuracy": 0.8078125
    },
    "10": {
      "loss": 0.40962220430374147,
      "accuracy": 0.853125
    },
    "11": {
      "loss": 0.39673230424523354,
      "accuracy": 0.871875
    },
    "12": {
      "loss": 0.4040630184113979,
      "accuracy": 0.8890625
    },
    "13": {
      "loss": 0.332563192024827,
      "accuracy": 0.9078125
    },
    "14": {
      "loss": 0.28144251815974713,
      "accuracy": 0.91875
    },
    "15": {
      "loss": 0.25855809208005665,
      "accuracy": 0.9375
    },
    "16": {
      "loss": 0.24320404939353465,
      "accuracy": 0.9328125
    },
    "17": {
      "loss": 0.21787975672632456,
      "accuracy": 0.9453125
    },
    "18": {
      "loss": 0.23840578626841308,
      "accuracy": 0.940625
    },
    "19": {
      "loss": 0.20815159566700459,
      "accuracy": 0.95
    },
    "20": {
      "loss": 0.20098871616646646,
      "accuracy": 0.95
    }
  }
}
