{
  "metadata": {
    "run_name": "main__non-iid__metric-privacy__fedmedian__noise-0.01__seed-42",
    "data_module": "experiments.reproduce.dataset.alzheimer:create_data_module",
    "partition_mode": "non-iid",
    "partition_profile": "auto",
    "privacy": "metric-privacy",
    "aggregation": "fedmedian",
    "seed": 42,
    "num_clients": 4,
    "rounds": 20,
    "local_epochs": 5,
    "noise_multiplier": 0.01,
    "clipping_norm": 5.0,
    "initialization_pretrained": false,
    "initialization_epochs": 0,
    "initialization_final_loss": null
  },
  "train_metrics": {
    "1": {
      "train_loss": 0.950689391633855,
      "train_loss_mean": 1.0118519321062185,
      "metric-dp-distance": 1.922858128324151,
      "metric-dp-noise-stdv": 0.006500739610412266
    },
    "2": {
      "train_loss": 0.9315982888428596,
      "train_loss_mean": 0.9831766522740177,
      "metric-dp-distance": 1.5497799095852922,
      "metric-dp-noise-stdv": 0.008065661403072966
    },
    "3": {
      "train_loss": 0.8446125126810964,
      "train_loss_mean": 0.9148572339654027,
      "metric-dp-distance": 1.6396617266970377,
      "metric-dp-noise-stdv": 0.0076235236795947
    },
    "4": {
      "train_loss": 0.7396024865060535,
      "train_loss_mean": 0.8456327451632321,
      "metric-dp-distance": 1.6406254780789216,
      "metric-dp-noise-stdv": 0.00761904539885409
    },
    "5": {
      "train_loss": 0.5923077305992697,
      "train_loss_mean": 0.7472702296175022,
      "metric-dp-distance": 1.6972513353296865,
      "metric-dp-noise-stdv": 0.0073648491179839955
    },
    "6": {
      "train_loss": 0.4455747006794972,
      "train_loss_mean": 0.6208457238917591,
      "metric-dp-distance": 1.5364725148150076,
      "metric-dp-noise-stdv": 0.008135518129658837
    },
    "7": {
      "train_loss": 0.28941967943251046,
      "train_loss_mean": 0.47214322151879184,
      "metric-dp-distance": 1.4786371307757993,
      "metric-dp-noise-stdv": 0.008453730627907066
    },
    "8": {
      "train_loss": 0.18623527553447528,
      "train_loss_mean": 0.35429977169910987,
      "metric-dp-distance": 1.3625530401865642,
      "metric-dp-noise-stdv": 0.009173954797597066
    },
    "9": {
      "train_loss": 0.1286043156353319,
      "train_loss_mean": 0.251261623418773,
      "metric-dp-distance": 1.2921492344078918,
      "metric-dp-noise-stdv": 0.009673805213163276
    },
    "10": {
      "train_loss": 0.11846793613669111,
      "train_loss_mean": 0.19847391369544665,
      "metric-dp-distance": 1.298852062318474,
      "metric-dp-noise-stdv": 0.009623882782837698
    },
    "11": {
      "train_loss": 0.08379851771827057,
      "train_loss_mean": 0.15063828865233828,
      "metric-dp-distance": 1.2102551463370521,
      "metric-dp-noise-stdv": 0.0103284006168719
    },
    "12": {
      "train_loss": 0.06987235199434398,
      "train_loss_mean": 0.11590594241320978,
      "metric-dp-distance": 1.149688488803804,
      "metric-dp-noise-stdv": 0.010872510355396926
    },
    "13": {
      "train_loss": 0.053064825354962014,
      "train_loss_mean": 0.09455210050213336,
      "metric-dp-distance": 1.1869284810187917,
      "metric-dp-noise-stdv": 0.010531384325086473
    },
    "14": {
      "train_loss": 0.061501610752183286,
      "train_loss_mean": 0.0850747058141893,
      "metric-dp-distance": 1.1782202529720962,
      "metric-dp-noise-stdv": 0.01060922180591309
    },
    "15": {
      "train_loss": 0.06513966894252467,
      "train_loss_mean": 0.07550572341990566,
      "metric-dp-distance": 1.2278724048907559,
      "metric-dp-noise-stdv": 0.010180210867359731
    },
    "16": {
      "train_loss": 0.05573743286792373,
      "train_loss_mean": 0.06661049885143906,
      "metric-dp-distance": 1.2536351350136101,
      "metric-dp-noise-stdv": 0.009971003245584923
    },
    "17": {
      "train_loss": 0.0569462896282382,
      "train_loss_mean": 0.057602897308869264,
      "metric-dp-distance": 1.2390670380555093,
      "metric-dp-noise-stdv": 0.01008823543528079
    },
    "18": {
      "train_loss": 0.043272714550972244,
      "train_loss_mean": 0.04808353584630805,
      "metric-dp-distance": 1.2192660326448579,
      "metric-dp-noise-stdv": 0.010252069413337738
    },
    "19": {
      "train_loss": 0.053096817894456576,
      "train_loss_mean": 0.05035051727172046,
      "metric-dp-distance": 1.373026671508948,
      "metric-dp-noise-stdv": 0.009103974641849146
    },
    "20": {
      "train_loss": 0.05575601464020223,
      "train_loss_mean": 0.04632254017887484,
      "metric-dp-distance": 1.37898605549708,
      "metric-dp-noise-stdv": 0.009064631183303846
    }
  },
  "client_evaluate_metrics": {
    "1": {
      "eval_loss": 1.1990940937986614,
      "eval_acc": 0.5438596491228069
    },
    "2": {
      "eval_loss": 1.0587716962394194,
      "eval_acc": 0.543859649122807
    },
    "3": {
      "eval_loss": 0.9569181247993752,
      "eval_acc": 0.5594541910331383
    },
    "4": {
      "eval_loss": 0.868748913963868,
      "eval_acc": 0.5867446393762183
    },
    "5": {
      "eval_loss": 0.7959533323321426,
      "eval_acc": 0.6247563352826511
    },
    "6": {
      "eval_loss": 0.727645139712804,
      "eval_acc": 0.672514619883041
    },
    "7": {
      "eval_loss": 0.5980847713775337,
      "eval_acc": 0.7231968810916178
    },
    "8": {
      "eval_loss": 0.4971603459549694,
      "eval_acc": 0.7816764132553606
    },
    "9": {
      "eval_loss": 0.4342488157935077,
      "eval_acc": 0.8099415204678362
    },
    "10": {
      "eval_loss": 0.3837453849599143,
      "eval_acc": 0.8499025341130604
    },
    "11": {
      "eval_loss": 0.32337711169066713,
      "eval_acc": 0.891812865497076
    },
    "12": {
      "eval_loss": 0.2666742290219485,
      "eval_acc": 0.9093567251461987
    },
    "13": {
      "eval_loss": 0.2450424448803038,
      "eval_acc": 0.9269005847953216
    },
    "14": {
      "eval_loss": 0.2141276598666553,
      "eval_acc": 0.9327485380116959
    },
    "15": {
      "eval_loss": 0.21638261811666148,
      "eval_acc": 0.9385964912280702
    },
    "16": {
      "eval_loss": 0.21672290941649505,
      "eval_acc": 0.9463937621832358
    },
    "17": {
      "eval_loss": 0.209051569328293,
      "eval_acc": 0.9473684210526315
    },
    "18": {
      "eval_loss": 0.17390607665320149,
      "eval_acc": 0.9580896686159844
    },
    "19": {
      "eval_loss": 0.17757725999254886,
      "eval_acc": 0.956140350877193
    },
    "20": {
      "eval_loss": 0.1999642890410545,
      "eval_acc": 0.9532163742690059
    }
  },
  "server_evaluate_metrics": {
    "0": {
      "loss": 1.44056636095047,
      "accuracy": 0.0109375
    },
    "1": {
      "loss": 1.197302109003067,
      "accuracy": 0.559375
    },
    "2": {
      "loss": 1.0599422395229339,
      "accuracy": 0.51875
    },
    "3": {
      "loss": 0.9656115621328354,
      "accuracy": 0.546875
    },
    "4": {
      "loss": 0.8859449028968811,
      "accuracy": 0.5734375
    },
    "5": {
      "loss": 0.8165244430303573,
      "accuracy": 0.64375
    },
    "6": {
      "loss": 0.7360051065683365,
      "accuracy": 0.69375
    },
    "7": {
      "loss": 0.6090192690491676,
      "accuracy": 0.7578125
    },
    "8": {
      "loss": 0.5303352922201157,
      "accuracy": 0.79375
    },
    "9": {
      "loss": 0.4488659128546715,
      "accuracy": 0.8296875
    },
    "10": {
      "loss": 0.4178436458110809,
      "accuracy": 0.8609375
    },
    "11": {
      "loss": 0.40346604958176613,
      "accuracy": 0.8765625
    },
    "12": {
      "loss": 0.3759607791900635,
      "accuracy": 0.8921875
    },
    "13": {
      "loss": 0.3054264985024929,
      "accuracy": 0.9171875
    },
    "14": {
      "loss": 0.2775845121592283,
      "accuracy": 0.9234375
    },
    "15": {
      "loss": 0.2640129901468754,
      "accuracy": 0.93125
    },
    "16": {
      "loss": 0.27396275494247674,
      "accuracy": 0.940625
    },