{
  "metadata": {
    "run_name": "main__homogeneous__metric-privacy__fedavg__noise-0.01__seed-43",
    "data_module": "experiments.reproduce.dataset.alzheimer:create_data_module",
    "partition_mode": "homogeneous",
    "partition_profile": "auto",
    "privacy": "metric-privacy",
    "aggregation": "fedavg",
    "seed": 43,
    "num_clients": 4,
    "rounds": 20,
    "local_epochs": 5,
    "noise_multiplier": 0.01,
    "clipping_norm": 5.0,
    "initialization_pretrained": false,
    "initialization_epochs": 0,
    "initialization_final_loss": null
  },
  "train_metrics": {
    "1": {
      "train_loss": 0.9510943992063403,
      "train_loss_mean": 1.021735372301191,
      "metric-dp-distance": 1.8530987856987242,
      "metric-dp-noise-stdv": 0.006745457984468316
    },
    "2": {
      "train_loss": 0.8975763493217528,
      "train_loss_mean": 0.9799924079328776,
      "metric-dp-distance": 1.5161325957936544,
      "metric-dp-noise-stdv": 0.008244661472670592
    },
    "3": {
      "train_loss": 0.7777949902229011,
      "train_loss_mean": 0.8783389830961824,
      "metric-dp-distance": 1.4659947461914271,
      "metric-dp-noise-stdv": 0.008526633558868001
    },
    "4": {
      "train_loss": 0.6283711504656821,
      "train_loss_mean": 0.782211412768811,
      "metric-dp-distance": 1.4684785689072062,
      "metric-dp-noise-stdv": 0.008512211389848265
    },
    "5": {
      "train_loss": 0.48521850327961147,
      "train_loss_mean": 0.6768960441928357,
      "metric-dp-distance": 1.4695041455949347,
      "metric-dp-noise-stdv": 0.008506270661073451
    },
    "6": {
      "train_loss": 0.33479257009457797,
      "train_loss_mean": 0.5286892439238727,
      "metric-dp-distance": 1.376970480584229,
      "metric-dp-noise-stdv": 0.009077899763469458
    },
    "7": {
      "train_loss": 0.22175902663730085,
      "train_loss_mean": 0.4062282939208671,
      "metric-dp-distance": 1.2913655839705218,
      "metric-dp-noise-stdv": 0.009679675651233198
    },
    "8": {
      "train_loss": 0.15805874923535157,
      "train_loss_mean": 0.3012259337847354,
      "metric-dp-distance": 1.2336048946405451,
      "metric-dp-noise-stdv": 0.0101329040232467
    },
    "9": {
      "train_loss": 0.146879740190343,
      "train_loss_mean": 0.2438174456154229,
      "metric-dp-distance": 1.1954034565327067,
      "metric-dp-noise-stdv": 0.010456720642465363
    },
    "10": {
      "train_loss": 0.12232103750284296,
      "train_loss_mean": 0.18100484842871084,
      "metric-dp-distance": 1.112585295535003,
      "metric-dp-noise-stdv": 0.011235093659933002
    },
    "11": {
      "train_loss": 0.09084539569084882,
      "train_loss_mean": 0.15825175428399235,
      "metric-dp-distance": 1.1643569539301097,
      "metric-dp-noise-stdv": 0.010735539439008075
    },
    "12": {
      "train_loss": 0.08671351322118426,
      "train_loss_mean": 0.12679965190400255,
      "metric-dp-distance": 1.0525916162102174,
      "metric-dp-noise-stdv": 0.011875450846744703
    },
    "13": {
      "train_loss": 0.08452938500340679,
      "train_loss_mean": 0.11778270687154874,
      "metric-dp-distance": 1.1906349799440552,
      "metric-dp-noise-stdv": 0.010498599663674708
    },
    "14": {
      "train_loss": 0.06147605050136917,
      "train_loss_mean": 0.09685114237145172,
      "metric-dp-distance": 1.1730211720181007,
      "metric-dp-noise-stdv": 0.010656244148172216
    },
    "15": {
      "train_loss": 0.07817210084431281,
      "train_loss_mean": 0.08592990242595988,
      "metric-dp-distance": 1.1886348350284,
      "metric-dp-noise-stdv": 0.01051626591416643
    },
    "16": {
      "train_loss": 0.05710222641846485,
      "train_loss_mean": 0.08067168472330195,
      "metric-dp-distance": 1.181946703310435,
      "metric-dp-noise-stdv": 0.010575772972664158
    },
    "17": {
      "train_loss": 0.05726360072958414,
      "train_loss_mean": 0.07730624938158143,
      "metric-dp-distance": 1.2416678224690259,
      "metric-dp-noise-stdv": 0.01006710472302009
    },
    "18": {
      "train_loss": 0.06542232929223246,
      "train_loss_mean": 0.06958259047314641,
      "metric-dp-distance": 1.3131566123726468,
      "metric-dp-noise-stdv": 0.009519047371976952
    },
    "19": {
      "train_loss": 0.05892925692660356,
      "train_loss_mean": 0.06352089598976818,
      "metric-dp-distance": 1.3857527111346524,
      "metric-dp-noise-stdv": 0.009020368424727828
    },
    "20": {
      "train_loss": 0.04635093417664393,
      "train_loss_mean": 0.059636334600639884,
      "metric-dp-distance": 1.3786164087553818,
      "metric-dp-noise-stdv": 0.009067061671843171
    }
  },
  "client_evaluate_metrics": {
    "1": {
      "eval_loss": 1.2175059132277966,
      "eval_acc": 0.5146484375
    },
    "2": {
      "eval_loss": 1.0611870605498552,
      "eval_acc": 0.5244140625
    },
    "3": {
      "eval_loss": 0.9336296077817678,
      "eval_acc": 0.552734375
    },
    "4": {
      "eval_loss": 0.8853110559284687,
      "eval_acc": 0.58984375
    },
    "5": {
      "eval_loss": 0.7838732302188873,
      "eval_acc": 0.642578125
    },
    "6": {
      "eval_loss": 0.6373056713491678,
      "eval_acc": 0.724609375
    },
    "7": {
      "eval_loss": 0.5255137924104929,
      "eval_acc": 0.775390625
    },
    "8": {
      "eval_loss": 0.4090810474008322,
      "eval_acc": 0.845703125
    },
    "9": {
      "eval_loss": 0.3485489981248975,
      "eval_acc": 0.873046875
    },
    "10": {
      "eval_loss": 0.3345951586961746,
      "eval_acc": 0.880859375
    },
    "11": {
      "eval_loss": 0.28969356743618846,
      "eval_acc": 0.892578125
    },
    "12": {
      "eval_loss": 0.2671733587048948,
      "eval_acc": 0.904296875
    },
    "13": {
      "eval_loss": 0.25057776691392064,
      "eval_acc": 0.91796875
    },
    "14": {
      "eval_loss": 0.23660692054545507,
      "eval_acc": 0.93359375
    },
    "15": {
      "eval_loss": 0.22735712735448033,
      "eval_acc": 0.9345703125
    },
    "16": {
      "eval_loss": 0.2310363691067323,
      "eval_acc": 0.9384765625
    },
    "17": {
      "eval_loss": 0.20501429971773177,
      "eval_acc": 0.939453125
    },
    "18": {
      "eval_loss": 0.2098222179338336,
      "eval_acc": 0.939453125
    },
    "19": {
      "eval_loss": 0.2087760292342864,
      "eval_acc": 0.94140625
    },
    "20": {
      "eval_loss": 0.1856667067622766,
      "eval_acc": 0.9501953125
    }
  },
  "server_evaluate_metrics": {
    "0": {
      "loss": 1.3831079185009003,
      "accuracy": 0.134375
    },
    "1": {
      "loss": 1.2163877427577972,
      "accuracy": 0.5015625
    },
    "2": {
      "loss": 1.0646262764930725,
      "accuracy": 0.5140625
    },
    "3": {
      "loss": 0.9445500373840332,
      "accuracy": 0.53125
    },
    "4": {
      "loss": 0.8948798537254333,
      "accuracy": 0.60625
    },
    "5": {
      "loss": 0.7996203780174256,
      "accuracy": 0.6453125
    },
    "6": {
      "loss": 0.6676928132772446,
      "accuracy": 0.70625
    },
    "7": {
      "loss": 0.5667565956711769,
      "accuracy": 0.7625
    },
    "8": {
      "loss": 0.4805107608437538,
      "accuracy": 0.8265625
    },
    "9": {
      "loss": 0.42867130488157273,
      "accuracy": 0.865625
    },
    "10": {
      "loss": 0.38356180861592293,
      "accuracy": 0.875
    },
    "11": {
      "loss": 0.3207178734242916,
      "accuracy": 0.9078125
    },
    "12": {
      "loss": 0.3129075990989804,
      "accuracy": 0.915625
    },
    "13": {
      "loss": 0.300587659701705,
      "accuracy": 0.9203125
    },
    "14": {
      "loss": 0.2970249788835645,
      "accuracy": 0.9390625
    },
    "15": {
      "loss": 0.30950410552322866,
      "accuracy": 0.934375
    },
    "16": {
      "loss": 0.33259687535464766,
      "accuracy": 0.9375
    },
    "17": {
      "loss": 0.27847264958545564,
      "accuracy": 0.9359375
    },
    "18": {
      "loss": 0.2741728262975812,
      "accuracy": 0.9328125
    },