{
  "metadata": {
    "run_name": "main__homogeneous__metric-privacy__fedavgm__noise-0.01__seed-43",
    "data_module": "experiments.reproduce.dataset.alzheimer:create_data_module",
    "partition_mode": "homogeneous",
    "partition_profile": "auto",
    "privacy": "metric-privacy",
    "aggregation": "fedavgm",
    "seed": 43,
    "num_clients": 4,
    "rounds": 20,
    "local_epochs": 5,
    "noise_multiplier": 0.01,
    "clipping_norm": 5.0,
    "initialization_pretrained": true,
    "initialization_epochs": 20,
    "initialization_final_loss": 0.19827132076025009
  },
  "train_metrics": {
    "1": {
      "train_loss": 0.5060927025042474,
      "train_loss_mean": 0.6881204509641976,
      "metric-dp-distance": 1.4294212498546888,
      "metric-dp-noise-stdv": 0.008744797939215412
    },
    "2": {
      "train_loss": 0.5017141902353615,
      "train_loss_mean": 0.6767934087198229,
      "metric-dp-distance": 1.4141279335599393,
      "metric-dp-noise-stdv": 0.008839369977320497
    },
    "3": {
      "train_loss": 0.48458817787468433,
      "train_loss_mean": 0.6604700791183858,
      "metric-dp-distance": 1.4380502135803301,
      "metric-dp-noise-stdv": 0.008692325123250464
    },
    "4": {
      "train_loss": 0.4634191592922434,
      "train_loss_mean": 0.63611485066358,
      "metric-dp-distance": 1.4383178598557909,
      "metric-dp-noise-stdv": 0.008690707630685529
    },
    "5": {
      "train_loss": 0.40879015682730824,
      "train_loss_mean": 0.6057838853215799,
      "metric-dp-distance": 1.4614916977783043,
      "metric-dp-noise-stdv": 0.008552905239901092
    },
    "6": {
      "train_loss": 0.39331249287351966,
      "train_loss_mean": 0.5871055496390909,
      "metric-dp-distance": 1.4482832637925942,
      "metric-dp-noise-stdv": 0.008630908270849218
    },
    "7": {
      "train_loss": 0.36840570817003027,
      "train_loss_mean": 0.5623646446620114,
      "metric-dp-distance": 1.4357071159950767,
      "metric-dp-noise-stdv": 0.008706511140565292
    },
    "8": {
      "train_loss": 0.34835204540286213,
      "train_loss_mean": 0.5359792425995693,
      "metric-dp-distance": 1.4190324625233188,
      "metric-dp-noise-stdv": 0.0088088189172026
    },
    "9": {
      "train_loss": 0.33592252008384094,
      "train_loss_mean": 0.516831746220123,
      "metric-dp-distance": 1.404742518439889,
      "metric-dp-noise-stdv": 0.008898427886900252
    },
    "10": {
      "train_loss": 0.3033330012112856,
      "train_loss_mean": 0.4963189577916637,
      "metric-dp-distance": 1.404351842124015,
      "metric-dp-noise-stdv": 0.008900903338506929
    },
    "11": {
      "train_loss": 0.28603656543418765,
      "train_loss_mean": 0.4657003093510866,
      "metric-dp-distance": 1.354577584269767,
      "metric-dp-noise-stdv": 0.009227969032677127
    },
    "12": {
      "train_loss": 0.2606769255362451,
      "train_loss_mean": 0.4427557680988684,
      "metric-dp-distance": 1.339126016634206,
      "metric-dp-noise-stdv": 0.00933444638124336
    },
    "13": {
      "train_loss": 0.2521690184948966,
      "train_loss_mean": 0.4251882828422822,
      "metric-dp-distance": 1.3181151712002854,
      "metric-dp-noise-stdv": 0.009483238091112636
    },
    "14": {
      "train_loss": 0.20897269330453128,
      "train_loss_mean": 0.3788270275108516,
      "metric-dp-distance": 1.3531696045926462,
      "metric-dp-noise-stdv": 0.009237570780170574
    },
    "15": {
      "train_loss": 0.1946253037895076,
      "train_loss_mean": 0.36018857340095567,
      "metric-dp-distance": 1.3228385761613026,
      "metric-dp-noise-stdv": 0.00944937668530449
    },
    "16": {
      "train_loss": 0.19020592808374204,
      "train_loss_mean": 0.3481742546835449,
      "metric-dp-distance": 1.2832327363236498,
      "metric-dp-noise-stdv": 0.00974102331258429
    },
    "17": {
      "train_loss": 0.17158934645703994,
      "train_loss_mean": 0.32742433536914173,
      "metric-dp-distance": 1.261068934535918,
      "metric-dp-noise-stdv": 0.009912225777411673
    },
    "18": {
      "train_loss": 0.17339630237256642,
      "train_loss_mean": 0.3150200792006217,
      "metric-dp-distance": 1.2393136200650285,
      "metric-dp-noise-stdv": 0.010086228213439716
    },
    "19": {
      "train_loss": 0.153566555447469,
      "train_loss_mean": 0.2856319608006743,
      "metric-dp-distance": 1.2486554940696806,
      "metric-dp-noise-stdv": 0.010010767629155558
    },
    "20": {
      "train_loss": 0.1482732902659336,
      "train_loss_mean": 0.2714799225126626,
      "metric-dp-distance": 1.1841376113394897,
      "metric-dp-noise-stdv": 0.010556205529068595
    }
  },
  "client_evaluate_metrics": {
    "1": {
      "eval_loss": 1.1518628299236298,
      "eval_acc": 0.6728515625
    },
    "2": {
      "eval_loss": 1.1102658724412322,
      "eval_acc": 0.69140625
    },
    "3": {
      "eval_loss": 0.9917797157540917,
      "eval_acc": 0.6787109375
    },
    "4": {
      "eval_loss": 0.889050655066967,
      "eval_acc": 0.6728515625
    },
    "5": {
      "eval_loss": 0.8240977134555578,
      "eval_acc": 0.6796875
    },
    "6": {
      "eval_loss": 0.7983493637293577,
      "eval_acc": 0.6884765625
    },
    "7": {
      "eval_loss": 0.7594421384856105,
      "eval_acc": 0.7080078125
    },
    "8": {
      "eval_loss": 0.723151327110827,
      "eval_acc": 0.7158203125
    },
    "9": {
      "eval_loss": 0.6949489219114184,
      "eval_acc": 0.7138671875
    },
    "10": {
      "eval_loss": 0.666039134375751,
      "eval_acc": 0.720703125
    },
    "11": {
      "eval_loss": 0.6370418313890696,
      "eval_acc": 0.7392578125
    },
    "12": {
      "eval_loss": 0.6257562944665551,
      "eval_acc": 0.7421875
    },
    "13": {
      "eval_loss": 0.6034994255751371,
      "eval_acc": 0.7529296875
    },
    "14": {
      "eval_loss": 0.5909416424110532,
      "eval_acc": 0.755859375
    },
    "15": {
      "eval_loss": 0.5592322675511241,
      "eval_acc": 0.7734375
    },
    "16": {
      "eval_loss": 0.540536624379456,
      "eval_acc": 0.7763671875
    },
    "17": {
      "eval_loss": 0.5179468374699354,
      "eval_acc": 0.78125
    },
    "18": {
      "eval_loss": 0.5133409192785621,
      "eval_acc": 0.7900390625
    },
    "19": {
      "eval_loss": 0.487915120087564,
      "eval_acc": 0.8056640625
    },
    "20": {
      "eval_loss": 0.4711787048727274,
      "eval_acc": 0.806640625
    }
  },
  "server_evaluate_metrics": {
    "0": {
      "loss": 1.2353995114564895,
      "accuracy": 0.671875
    },
    "1": {
      "loss": 1.1547026455402374,
      "accuracy": 0.671875
    },
    "2": {
      "loss": 1.1267528384923935,
      "accuracy": 0.6828125
    },
    "3": {
      "loss": 1.0069567114114761,
      "accuracy": 0.6828125
    },
    "4": {
      "loss": 0.898019203543663,
      "accuracy": 0.6734375
    },
    "5": {
      "loss": 0.8505333125591278,
      "accuracy": 0.675
    },
    "6": {
      "loss": 0.8250852167606354,
      "accuracy": 0.6921875
    },
    "7": {
      "loss": 0.7861078292131424,
      "accuracy": 0.7046875
    },
    "8": {
      "loss": 0.747738990187645,
      "accuracy": 0.70625
    },
    "9": {
      "loss": 0.7249132454395294,
      "accuracy": 0.70625
    },
    "10": {
      "loss": 0.6826508402824402,
      "accuracy": 0.715625
    },
    "11": {
      "loss": 0.6554714813828468,
      "accuracy": 0.7328125
    },
    "12": {
      "loss": 0.6494267508387566,
      "accuracy": 0.721875
    },
    "13": {
      "loss": 0.6229593902826309,
      "accuracy": 0.746875
    },
    "14": {
      "loss": 0.6102765679359436,
      "accuracy": 0.7421875
    },
    "15": {
      "loss": 0.5934265375137329,
      "accuracy": 0.7484375
    },
    "16": {
      "loss": 0.5835663840174675,
      "accuracy": 0.7515625
    },
    "17": {
      "loss": 0.5471966832876205,
      "accuracy": 0.76875
    },
    "18": {
      "loss": 0.5353974685072899,
      "accuracy": 0.7734375
    },