{
  "metadata": {
    "run_name": "main__non-iid__metric-privacy__fedavg__noise-0.01__seed-42",
    "data_module": "experiments.reproduce.dataset.alzheimer:create_data_module",
    "partition_mode": "non-iid",
    "partition_profile": "auto",
    "privacy": "metric-privacy",
    "aggregation": "fedavg",
    "seed": 42,
    "num_clients": 4,
    "rounds": 20,
    "local_epochs": 5,
    "noise_multiplier": 0.01,
    "clipping_norm": 5.0,
    "initialization_pretrained": false,
    "initialization_epochs": 0,
    "initialization_final_loss": null
  },
  "train_metrics": {
    "1": {
      "train_loss": 0.952402236698078,
      "train_loss_mean": 1.0133819128020427,
      "metric-dp-distance": 1.933489734151711,
      "metric-dp-noise-stdv": 0.006464994242901518
    },
    "2": {
      "train_loss": 0.8944369878749121,
      "train_loss_mean": 0.9595922440159421,
      "metric-dp-distance": 1.8412562024702008,
      "metric-dp-noise-stdv": 0.0067888433903061365
    },
    "3": {
      "train_loss": 0.7866222037299995,
      "train_loss_mean": 0.8772226277682393,
      "metric-dp-distance": 1.833038683126991,
      "metric-dp-noise-stdv": 0.006819277800878801
    },
    "4": {
      "train_loss": 0.6149322539058382,
      "train_loss_mean": 0.7679425247774277,
      "metric-dp-distance": 1.8663323226695259,
      "metric-dp-noise-stdv": 0.006697628202741786
    },
    "5": {
      "train_loss": 0.4268460605251655,
      "train_loss_mean": 0.630768745661539,
      "metric-dp-distance": 1.7279141581772517,
      "metric-dp-noise-stdv": 0.007234155667308176
    },
    "6": {
      "train_loss": 0.27118922470107454,
      "train_loss_mean": 0.4734310722723785,
      "metric-dp-distance": 1.5607085508915286,
      "metric-dp-noise-stdv": 0.008009182747707497
    },
    "7": {
      "train_loss": 0.16150511494775371,
      "train_loss_mean": 0.327356368019398,
      "metric-dp-distance": 1.4762309363577515,
      "metric-dp-noise-stdv": 0.008467509853736553
    },
    "8": {
      "train_loss": 0.09338367340925209,
      "train_loss_mean": 0.21961823301376165,
      "metric-dp-distance": 1.331470267381519,
      "metric-dp-noise-stdv": 0.0093881180122652
    },
    "9": {
      "train_loss": 0.08832561456369492,
      "train_loss_mean": 0.16324480482873938,
      "metric-dp-distance": 1.2822328947174053,
      "metric-dp-noise-stdv": 0.00974861903129923
    },
    "10": {
      "train_loss": 0.08713066259250737,
      "train_loss_mean": 0.12118073443224281,
      "metric-dp-distance": 1.3510392343935866,
      "metric-dp-noise-stdv": 0.009252136934136202
    },
    "11": {
      "train_loss": 0.06154259517559127,
      "train_loss_mean": 0.09144460278677853,
      "metric-dp-distance": 1.318838773916165,
      "metric-dp-noise-stdv": 0.009478034955616638
    },
    "12": {
      "train_loss": 0.05264576212128235,
      "train_loss_mean": 0.07916645453107107,
      "metric-dp-distance": 1.353744284172232,
      "metric-dp-noise-stdv": 0.009233649328125008
    },
    "13": {
      "train_loss": 0.036939771972418295,
      "train_loss_mean": 0.06252207328712374,
      "metric-dp-distance": 1.377960669187208,
      "metric-dp-noise-stdv": 0.009071376476494895
    },
    "14": {
      "train_loss": 0.044570145284666365,
      "train_loss_mean": 0.057993496960387664,
      "metric-dp-distance": 1.404173876081283,
      "metric-dp-noise-stdv": 0.008902031445624485
    },
    "15": {
      "train_loss": 0.034354449785416866,
      "train_loss_mean": 0.05237198116068945,
      "metric-dp-distance": 1.5419383553477626,
      "metric-dp-noise-stdv": 0.00810667946396651
    },
    "16": {
      "train_loss": 0.03534020585463845,
      "train_loss_mean": 0.04708967122165022,
      "metric-dp-distance": 1.4882574969281752,
      "metric-dp-noise-stdv": 0.008399084181198828
    },
    "17": {
      "train_loss": 0.047224959276223485,
      "train_loss_mean": 0.041100279932516526,
      "metric-dp-distance": 1.568092525160561,
      "metric-dp-noise-stdv": 0.00797146839196883
    },
    "18": {
      "train_loss": 0.03590361027905907,
      "train_loss_mean": 0.03766904903806348,
      "metric-dp-distance": 1.519289707299322,
      "metric-dp-noise-stdv": 0.008227528916930469
    },
    "19": {
      "train_loss": 0.027899916863623603,
      "train_loss_mean": 0.03783789372219073,
      "metric-dp-distance": 1.6661119669054945,
      "metric-dp-noise-stdv": 0.00750249697996979
    },
    "20": {
      "train_loss": 0.03489179933902843,
      "train_loss_mean": 0.02686299260154866,
      "metric-dp-distance": 1.6387031345317762,
      "metric-dp-noise-stdv": 0.00762798321220738
    }
  },
  "client_evaluate_metrics": {
    "1": {
      "eval_loss": 1.1948959302251565,
      "eval_acc": 0.5107212475633529
    },
    "2": {
      "eval_loss": 1.0996318978872912,
      "eval_acc": 0.5653021442495125
    },
    "3": {
      "eval_loss": 0.9840955446105719,
      "eval_acc": 0.5906432748538012
    },
    "4": {
      "eval_loss": 0.8693397602839776,
      "eval_acc": 0.6364522417153996
    },
    "5": {
      "eval_loss": 0.769436266919558,
      "eval_acc": 0.6939571150097464
    },
    "6": {
      "eval_loss": 0.6417720350373326,
      "eval_acc": 0.7407407407407407
    },
    "7": {
      "eval_loss": 0.49234349465044847,
      "eval_acc": 0.7953216374269005
    },
    "8": {
      "eval_loss": 0.36842484409116627,
      "eval_acc": 0.8489278752436646
    },
    "9": {
      "eval_loss": 0.3187457864802715,
      "eval_acc": 0.8703703703703702
    },
    "10": {
      "eval_loss": 0.2562124076177734,
      "eval_acc": 0.9093567251461988
    },
    "11": {
      "eval_loss": 0.2164369152739034,
      "eval_acc": 0.932748538011696
    },
    "12": {
      "eval_loss": 0.19632303661559697,
      "eval_acc": 0.9454191033138402
    },
    "13": {
      "eval_loss": 0.17424913071509862,
      "eval_acc": 0.9444444444444444
    },
    "14": {
      "eval_loss": 0.1626991444207423,
      "eval_acc": 0.9532163742690059
    },
    "15": {
      "eval_loss": 0.15760223686942,
      "eval_acc": 0.9600389863547758
    },
    "16": {
      "eval_loss": 0.16339749750929936,
      "eval_acc": 0.9610136452241714
    },
    "17": {
      "eval_loss": 0.1684673329697038,
      "eval_acc": 0.9619883040935672
    },
    "18": {
      "eval_loss": 0.17590630517582195,
      "eval_acc": 0.9619883040935672
    },
    "19": {
      "eval_loss": 0.15032237196739645,
      "eval_acc": 0.9678362573099415
    },
    "20": {
      "eval_loss": 0.15471272803997332,
      "eval_acc": 0.9668615984405458
    }
  },
  "server_evaluate_metrics": {
    "0": {
      "loss": 1.44056636095047,
      "accuracy": 0.0109375
    },
    "1": {
      "loss": 1.1934371709823608,
      "accuracy": 0.5140625
    },
    "2": {
      "loss": 1.0996544897556304,
      "accuracy": 0.5375
    },
    "3": {
      "loss": 0.98968885242939,
      "accuracy": 0.584375
    },
    "4": {
      "loss": 0.8821798473596573,
      "accuracy": 0.6234375
    },
    "5": {
      "loss": 0.7851619958877564,
      "accuracy": 0.6890625
    },
    "6": {
      "loss": 0.64529590010643,
      "accuracy": 0.7453125
    },
    "7": {
      "loss": 0.5058095633983613,
      "accuracy": 0.8
    },
    "8": {
      "loss": 0.40453105941414835,
      "accuracy": 0.8390625
    },
    "9": {
      "loss": 0.3388949826359749,
      "accuracy": 0.859375
    },
    "10": {
      "loss": 0.3000959277153015,
      "accuracy": 0.896875
    },
    "11": {
      "loss": 0.261133075132966,
      "accuracy": 0.9265625
    },
    "12": {
      "loss": 0.26258435286581516,
      "accuracy": 0.9375
    },
    "13": {
      "loss": 0.2665680444799364,
      "accuracy": 0.9359375
    },
    "14": {
      "loss": 0.24293958633206786,
      "accuracy": 0.940625
    },
    "15": {
      "loss": 0.24656410859897732,
      "accuracy": 0.94375
    },
    "16": {
      "loss": 0.2374086467549205,
      "accuracy": 0.9546875
    },
    "17": {
      "loss": 0.2633953467477113,