{
  "metadata": {
    "run_name": "main__homogeneous__global-dp__fedavg__noise-0.01__seed-44",
    "data_module": "experiments.reproduce.dataset.alzheimer:create_data_module",
    "partition_mode": "homogeneous",
    "partition_profile": "auto",
    "privacy": "global-dp",
    "aggregation": "fedavg",
    "seed": 44,
    "num_clients": 4,
    "rounds": 20,
    "local_epochs": 5,
    "noise_multiplier": 0.01,
    "clipping_norm": 5.0,
    "initialization_pretrained": false,
    "initialization_epochs": 0,
    "initialization_final_loss": null
  },
  "train_metrics": {
    "1": {
      "train_loss": 1.012727972585708,
      "train_loss_mean": 1.053878536913544
    },
    "2": {
      "train_loss": 0.9227460543625057,
      "train_loss_mean": 0.9902216779999434
    },
    "3": {
      "train_loss": 0.8240275108255446,
      "train_loss_mean": 0.9136052829213441
    },
    "4": {
      "train_loss": 0.7104119588620961,
      "train_loss_mean": 0.8300526836421341
    },
    "5": {
      "train_loss": 0.5255704559385777,
      "train_loss_mean": 0.6972119933459908
    },
    "6": {
      "train_loss": 0.3910388230578974,
      "train_loss_mean": 0.585149099281989
    },
    "7": {
      "train_loss": 0.30888985248748213,
      "train_loss_mean": 0.4884745484218001
    },
    "8": {
      "train_loss": 0.21210099355084822,
      "train_loss_mean": 0.36840354260057206
    },
    "9": {
      "train_loss": 0.1637080381915439,
      "train_loss_mean": 0.3000041727151256
    },
    "10": {
      "train_loss": 0.13800245340098627,
      "train_loss_mean": 0.24044912335521076
    },
    "11": {
      "train_loss": 0.10062811605166644,
      "train_loss_mean": 0.19007314033515285
    },
    "12": {
      "train_loss": 0.10512718297468382,
      "train_loss_mean": 0.15595601197346698
    },
    "13": {
      "train_loss": 0.07468094131036196,
      "train_loss_mean": 0.12998052338080016
    },
    "14": {
      "train_loss": 0.09667986002568796,
      "train_loss_mean": 0.11866106470006343
    },
    "15": {
      "train_loss": 0.07518762905328913,
      "train_loss_mean": 0.09916465140613583
    },
    "16": {
      "train_loss": 0.06715549613181793,
      "train_loss_mean": 0.09172871200171356
    },
    "17": {
      "train_loss": 0.06754508240646828,
      "train_loss_mean": 0.07627182179148803
    },
    "18": {
      "train_loss": 0.05211415510734696,
      "train_loss_mean": 0.07290650238460329
    },
    "19": {
      "train_loss": 0.09060108574522019,
      "train_loss_mean": 0.06903705638897008
    },
    "20": {
      "train_loss": 0.05182519538448105,
      "train_loss_mean": 0.061326624915659524
    }
  },
  "client_evaluate_metrics": {
    "1": {
      "eval_loss": 1.1692047342658043,
      "eval_acc": 0.5
    },
    "2": {
      "eval_loss": 1.0420513655990362,
      "eval_acc": 0.5
    },
    "3": {
      "eval_loss": 0.9671441055834293,
      "eval_acc": 0.5009765625
    },
    "4": {
      "eval_loss": 0.8796063493937254,
      "eval_acc": 0.583984375
    },
    "5": {
      "eval_loss": 0.7885986808687449,
      "eval_acc": 0.62109375
    },
    "6": {
      "eval_loss": 0.6896601840853691,
      "eval_acc": 0.6904296875
    },
    "7": {
      "eval_loss": 0.6152344681322575,
      "eval_acc": 0.7392578125
    },
    "8": {
      "eval_loss": 0.5388849303126335,
      "eval_acc": 0.7841796875
    },
    "9": {
      "eval_loss": 0.44851343892514706,
      "eval_acc": 0.8212890625
    },
    "10": {
      "eval_loss": 0.3830792880617082,
      "eval_acc": 0.8486328125
    },
    "11": {
      "eval_loss": 0.3368492051959038,
      "eval_acc": 0.8798828125
    },
    "12": {
      "eval_loss": 0.3245762155856937,
      "eval_acc": 0.892578125
    },
    "13": {
      "eval_loss": 0.3072007722221315,
      "eval_acc": 0.9091796875
    },
    "14": {
      "eval_loss": 0.2970013218000531,
      "eval_acc": 0.9111328125
    },
    "15": {
      "eval_loss": 0.2892402485013008,
      "eval_acc": 0.9208984375
    },
    "16": {
      "eval_loss": 0.28480842616409063,
      "eval_acc": 0.9189453125
    },
    "17": {
      "eval_loss": 0.2565727619221434,
      "eval_acc": 0.9384765625
    },
    "18": {
      "eval_loss": 0.2691615389776416,
      "eval_acc": 0.9443359375
    },
    "19": {
      "eval_loss": 0.25196605327073485,
      "eval_acc": 0.9443359375
    },
    "20": {
      "eval_loss": 0.24277278099907562,
      "eval_acc": 0.9501953125
    }
  },
  "server_evaluate_metrics": {
    "0": {
      "loss": 1.390574324131012,
      "accuracy": 0.4953125
    },
    "1": {
      "loss": 1.1678942501544953,
      "accuracy": 0.4953125
    },
    "2": {
      "loss": 1.0440946727991105,
      "accuracy": 0.4953125
    },
    "3": {
      "loss": 0.9757659792900085,
      "accuracy": 0.4953125
    },
    "4": {
      "loss": 0.8990321427583694,
      "accuracy": 0.596875
    },
    "5": {
      "loss": 0.8136346399784088,
      "accuracy": 0.6203125
    },
    "6": {
      "loss": 0.712900948524475,
      "accuracy": 0.7
    },
    "7": {
      "loss": 0.6437164425849915,
      "accuracy": 0.7515625
    },
    "8": {
      "loss": 0.5814449831843376,
      "accuracy": 0.78125
    },
    "9": {
      "loss": 0.5069349184632301,
      "accuracy": 0.81875
    },
    "10": {
      "loss": 0.44538668394088743,
      "accuracy": 0.853125
    },
    "11": {
      "loss": 0.4127735886722803,
      "accuracy": 0.8703125
    },
    "12": {
      "loss": 0.3790950566530228,
      "accuracy": 0.88125
    },
    "13": {
      "loss": 0.3902803223580122,
      "accuracy": 0.8890625
    },
    "14": {
      "loss": 0.35159673243761064,
      "accuracy": 0.9046875
    },
    "15": {
      "loss": 0.3104001771658659,
      "accuracy": 0.90625
    },
    "16": {
      "loss": 0.31809198558330537,
      "accuracy": 0.9203125
    },
    "17": {
      "loss": 0.30619455203413964,
      "accuracy": 0.9171875
    },
    "18": {
      "loss": 0.3038781961426139,
      "accuracy": 0.94375
    },
    "19": {
      "loss": 0.3201553382910788,
      "accuracy": 0.928125
    },
    "20": {
      "loss": 0.28266382496804,
      "accuracy": 0.9296875
    }
  }
}
