{
  "metadata": {
    "run_name": "main__non-iid__metric-privacy__fedopt__noise-0.01__seed-42",
    "data_module": "experiments.reproduce.dataset.alzheimer:create_data_module",
    "partition_mode": "non-iid",
    "partition_profile": "auto",
    "privacy": "metric-privacy",
    "aggregation": "fedopt",
    "seed": 42,
    "num_clients": 4,
    "rounds": 20,
    "local_epochs": 5,
    "noise_multiplier": 0.01,
    "clipping_norm": 5.0,
    "initialization_pretrained": true,
    "initialization_epochs": 20,
    "initialization_final_loss": 0.7370944112539292
  },
  "train_metrics": {
    "1": {
      "train_loss": 0.5420187653188421,
      "train_loss_mean": 0.7089783452578621,
      "metric-dp-distance": 2.029754161601886,
      "metric-dp-noise-stdv": 0.006158381264327584
    },
    "2": {
      "train_loss": 27.55442522826519,
      "train_loss_mean": 34.27625693566169,
      "metric-dp-distance": 1.1280978141973417,
      "metric-dp-noise-stdv": 0.011080599432677684
    },
    "3": {
      "train_loss": 0.969217808554099,
      "train_loss_mean": 5.585210921456305,
      "metric-dp-distance": 0.6049313550659766,
      "metric-dp-noise-stdv": 0.020663501561489883
    },
    "4": {
      "train_loss": 1.0276060071175541,
      "train_loss_mean": 4.4822939953107515,
      "metric-dp-distance": 0.8321954100392759,
      "metric-dp-noise-stdv": 0.015020510626716934
    },
    "5": {
      "train_loss": 1.0422375864323372,
      "train_loss_mean": 4.816172448500925,
      "metric-dp-distance": 0.28973740595392883,
      "metric-dp-noise-stdv": 0.04314251368008598
    },
    "6": {
      "train_loss": 1.0383304096630974,
      "train_loss_mean": 1.106070851205207,
      "metric-dp-distance": 0.1592669819316749,
      "metric-dp-noise-stdv": 0.07848456628230996
    },
    "7": {
      "train_loss": 1.039237529024824,
      "train_loss_mean": 1.292817884013894,
      "metric-dp-distance": 0.176872138477241,
      "metric-dp-noise-stdv": 0.07067252144751128
    },
    "8": {
      "train_loss": 1.036594104056365,
      "train_loss_mean": 1.0386629632670061,
      "metric-dp-distance": 0.02658192937572797,
      "metric-dp-noise-stdv": 0.4702442709600223
    },
    "9": {
      "train_loss": 45.96022374721987,
      "train_loss_mean": 46.952905701961996,
      "metric-dp-distance": 0.6595822478023669,
      "metric-dp-noise-stdv": 0.01895138937054204
    },
    "10": {
      "train_loss": 1.0689009859844947,
      "train_loss_mean": 1.367496983467455,
      "metric-dp-distance": 0.23874487235055616,
      "metric-dp-noise-stdv": 0.05235714542026218
    },
    "11": {
      "train_loss": 10.786085140635226,
      "train_loss_mean": 14.272641617965279,
      "metric-dp-distance": 0.3551606081115703,
      "metric-dp-noise-stdv": 0.03519534462581291
    },
    "12": {
      "train_loss": 1.0578666411496747,
      "train_loss_mean": 1.1740766623309022,
      "metric-dp-distance": 0.18605763426360986,
      "metric-dp-noise-stdv": 0.06718348349140982
    },
    "13": {
      "train_loss": 1.0525720859948287,
      "train_loss_mean": 1.0685915883395751,
      "metric-dp-distance": 0.02989486325532198,
      "metric-dp-noise-stdv": 0.4181320346991288
    },
    "14": {
      "train_loss": 24.42149450427215,
      "train_loss_mean": 30.61996037635095,
      "metric-dp-distance": 0.8668618138569096,
      "metric-dp-noise-stdv": 0.014419830012333821
    },
    "15": {
      "train_loss": 1.0720821154892124,
      "train_loss_mean": 1.0779033844972972,
      "metric-dp-distance": 0.028009978743890922,
      "metric-dp-noise-stdv": 0.4462695282382639
    },
    "16": {
      "train_loss": 1.2568055302647188,
      "train_loss_mean": 1.522014577693338,
      "metric-dp-distance": 0.07516038914521535,
      "metric-dp-noise-stdv": 0.16631100693011433
    },
    "17": {
      "train_loss": 1.1616449732284284,
      "train_loss_mean": 1.1835900242292539,
      "metric-dp-distance": 0.03862315664688746,
      "metric-dp-noise-stdv": 0.32364004098063126
    },
    "18": {
      "train_loss": 1.7362111980413075,
      "train_loss_mean": 1.791744030150892,
      "metric-dp-distance": 0.0355063204964002,
      "metric-dp-noise-stdv": 0.35204999631734046
    },
    "19": {
      "train_loss": 24.318889545095686,
      "train_loss_mean": 22.4198003132313,
      "metric-dp-distance": 0.5734380747502049,
      "metric-dp-noise-stdv": 0.021798343274372075
    },
    "20": {
      "train_loss": 44.67521928285004,
      "train_loss_mean": 44.79717719092507,
      "metric-dp-distance": 0.22416035582621893,
      "metric-dp-noise-stdv": 0.05576365166769573
    }
  },
  "client_evaluate_metrics": {
    "1": {
      "eval_loss": 57.032638222618175,
      "eval_acc": 0.3469785575048733
    },
    "2": {
      "eval_loss": 43.498027243809396,
      "eval_acc": 0.5019493177387914
    },
    "3": {
      "eval_loss": 43.498027243809396,
      "eval_acc": 0.5019493177387915
    },
    "4": {
      "eval_loss": 57.032638222618175,
      "eval_acc": 0.3469785575048733
    },
    "5": {
      "eval_loss": 4.872973281272903,
      "eval_acc": 0.13937621832358674
    },
    "6": {
      "eval_loss": 28.069576003165736,
      "eval_acc": 0.25633528265107214
    },
    "7": {
      "eval_loss": 1.0520001182779233,
      "eval_acc": 0.5019493177387915
    },
    "8": {
      "eval_loss": 57.117761563604105,
      "eval_acc": 0.34600389863547754
    },
    "9": {
      "eval_loss": 3.837584003835161,
      "eval_acc": 0.5019493177387914
    },
    "10": {
      "eval_loss": 68.62990497195,
      "eval_acc": 0.14035087719298245
    },
    "11": {
      "eval_loss": 1.2935887768022267,
      "eval_acc": 0.5019493177387915
    },
    "12": {
      "eval_loss": 1.1461880592807225,
      "eval_acc": 0.3469785575048733
    },
    "13": {
      "eval_loss": 38.86803955316079,
      "eval_acc": 0.4600389863547758
    },
    "14": {
      "eval_loss": 1.043424965577748,
      "eval_acc": 0.5019493177387915
    },
    "15": {
      "eval_loss": 2.1426784058063353,
      "eval_acc": 0.14132553606237816
    },
    "16": {
      "eval_loss": 1.1093135540015981,
      "eval_acc": 0.5019493177387914
    },
    "17": {
      "eval_loss": 2.2194822285375166,
      "eval_acc": 0.34502923976608185
    },
    "18": {
      "eval_loss": 14.483843024478785,
      "eval_acc": 0.5019493177387914
    },
    "19": {
      "eval_loss": 43.498027243809396,
      "eval_acc": 0.5019493177387914
    },
    "20": {
      "eval_loss": 43.498027243809396,
      "eval_acc": 0.5019493177387915
    }
  },
  "server_evaluate_metrics": {
    "0": {
      "loss": 0.9307057440280915,
      "accuracy": 0.5859375
    },
    "1": {
      "loss": 55.94997577667236,
      "accuracy": 0.359375
    },
    "2": {
      "loss": 44.07766399383545,
      "accuracy": 0.4953125
    },
    "3": {
      "loss": 44.07766399383545,
      "accuracy": 0.4953125
    },
    "4": {
      "loss": 55.94997577667236,
      "accuracy": 0.359375
    },
    "5": {
      "loss": 5.004951405525207,
      "accuracy": 0.134375
    },
    "6": {
      "loss": 26.483700561523438,
      "accuracy": 0.2671875
    },
    "7": {
      "loss": 1.0580494552850723,
      "accuracy": 0.4953125
    },
    "8": {
      "loss": 55.94997577667236,
      "accuracy": 0.359375
    },
    "9": {
      "loss": 4.270184057950973,
      "accuracy": 0.4953125
    },
    "10": {
      "loss": 70.0963077545166,
      "accuracy": 0.140625
    },
    "11": {
      "loss": 1.1191409647464752,
      "accuracy": 0.4953125
    },
    "12": {
      "loss": 1.1399039447307586,
      "accuracy": 0.359375
    },
    "13": {
      "loss": 38.698969554901126,
      "accuracy": 0.4515625
    },
    "14": {
      "loss": 1.0437434703111648,
      "accuracy": 0.4953125
    },
    "15": {
      "loss": 2.159553277492523,
      "accuracy": 0.134375
    },
    "16": {
      "loss": 1.1217199683189392,
      "accuracy": 0.4953125
    },
    "17": {
      "loss": 2.056958568096161,