{
  "metadata": {
    "run_name": "main__homogeneous__vanilla__fedopt__noise-0.01__seed-46",
    "data_module": "experiments.reproduce.dataset.alzheimer:create_data_module",
    "partition_mode": "homogeneous",
    "partition_profile": "auto",
    "privacy": "vanilla",
    "aggregation": "fedopt",
    "seed": 46,
    "num_clients": 4,
    "rounds": 20,
    "local_epochs": 5,
    "noise_multiplier": 0.01,
    "clipping_norm": 5.0,
    "initialization_pretrained": true,
    "initialization_epochs": 20,
    "initialization_final_loss": 0.3392779819667339
  },
  "train_metrics": {
    "1": {
      "train_loss": 0.4747177439276129,
      "train_loss_mean": 0.652451094915159
    },
    "2": {
      "train_loss": 0.8641190947964787,
      "train_loss_mean": 7.534212997928262
    },
    "3": {
      "train_loss": 46.93552362918854,
      "train_loss_mean": 48.49310310482979
    },
    "4": {
      "train_loss": 43.669453144073486,
      "train_loss_mean": 43.59057433009148
    },
    "5": {
      "train_loss": 46.26960664987564,
      "train_loss_mean": 45.28147581815719
    },
    "6": {
      "train_loss": 56.97345104813576,
      "train_loss_mean": 56.96492205262184
    },
    "7": {
      "train_loss": 56.97345104813576,
      "train_loss_mean": 56.964922052621844
    },
    "8": {
      "train_loss": 56.95212867856026,
      "train_loss_mean": 56.9649253487587
    },
    "9": {
      "train_loss": 56.95212861895561,
      "train_loss_mean": 56.94799093604088
    },
    "10": {
      "train_loss": 56.95212861895561,
      "train_loss_mean": 56.947947883605956
    },
    "11": {
      "train_loss": 56.80873119831085,
      "train_loss_mean": 56.88514869213104
    },
    "12": {
      "train_loss": 56.95238324999809,
      "train_loss_mean": 56.92767313718795
    },
    "13": {
      "train_loss": 56.95228657126427,
      "train_loss_mean": 56.927616262435905
    },
    "14": {
      "train_loss": 56.95226854085922,
      "train_loss_mean": 56.92752851247788
    },
    "15": {
      "train_loss": 56.952262222766876,
      "train_loss_mean": 56.92744482159615
    },
    "16": {
      "train_loss": 56.95224720239639,
      "train_loss_mean": 56.92738823890686
    },
    "17": {
      "train_loss": 56.95222455263138,
      "train_loss_mean": 56.92737259268761
    },
    "18": {
      "train_loss": 56.95225650072098,
      "train_loss_mean": 56.927328336238865
    },
    "19": {
      "train_loss": 56.952206045389175,
      "train_loss_mean": 56.927396249771114
    },
    "20": {
      "train_loss": 56.95221474766731,
      "train_loss_mean": 56.92740291953088
    }
  },
  "client_evaluate_metrics": {
    "1": {
      "eval_loss": 56.973450899124146,
      "eval_acc": 0.34765625
    },
    "2": {
      "eval_loss": 43.66827392578125,
      "eval_acc": 0.5
    },
    "3": {
      "eval_loss": 43.66827392578125,
      "eval_acc": 0.5
    },
    "4": {
      "eval_loss": 43.66827392578125,
      "eval_acc": 0.5
    },
    "5": {
      "eval_loss": 56.973450899124146,
      "eval_acc": 0.34765625
    },
    "6": {
      "eval_loss": 56.973450899124146,
      "eval_acc": 0.34765625
    },
    "7": {
      "eval_loss": 56.973450899124146,
      "eval_acc": 0.34765625
    },
    "8": {
      "eval_loss": 56.973450899124146,
      "eval_acc": 0.34765625
    },
    "9": {
      "eval_loss": 56.973450899124146,
      "eval_acc": 0.34765625
    },
    "10": {
      "eval_loss": 56.973450899124146,
      "eval_acc": 0.34765625
    },
    "11": {
      "eval_loss": 56.973450899124146,
      "eval_acc": 0.34765625
    },
    "12": {
      "eval_loss": 56.973450899124146,
      "eval_acc": 0.34765625
    },
    "13": {
      "eval_loss": 56.973450899124146,
      "eval_acc": 0.34765625
    },
    "14": {
      "eval_loss": 56.973450899124146,
      "eval_acc": 0.34765625
    },
    "15": {
      "eval_loss": 56.973450899124146,
      "eval_acc": 0.34765625
    },
    "16": {
      "eval_loss": 56.973450899124146,
      "eval_acc": 0.34765625
    },
    "17": {
      "eval_loss": 56.973450899124146,
      "eval_acc": 0.34765625
    },
    "18": {
      "eval_loss": 56.973450899124146,
      "eval_acc": 0.34765625
    },
    "19": {
      "eval_loss": 56.973450899124146,
      "eval_acc": 0.34765625
    },
    "20": {
      "eval_loss": 56.973450899124146,
      "eval_acc": 0.34765625
    }
  },
  "server_evaluate_metrics": {
    "0": {
      "loss": 0.9438981577754021,
      "accuracy": 0.68125
    },
    "1": {
      "loss": 55.94997577667236,
      "accuracy": 0.359375
    },
    "2": {
      "loss": 44.07766399383545,
      "accuracy": 0.4953125
    },
    "3": {
      "loss": 44.07766399383545,
      "accuracy": 0.4953125
    },
    "4": {
      "loss": 44.07766399383545,
      "accuracy": 0.4953125
    },
    "5": {
      "loss": 55.94997577667236,
      "accuracy": 0.359375
    },
    "6": {
      "loss": 55.94997577667236,
      "accuracy": 0.359375
    },
    "7": {
      "loss": 55.94997577667236,
      "accuracy": 0.359375
    },
    "8": {
      "loss": 55.94997577667236,
      "accuracy": 0.359375
    },
    "9": {
      "loss": 55.94997577667236,
      "accuracy": 0.359375
    },
    "10": {
      "loss": 55.94997577667236,
      "accuracy": 0.359375
    },
    "11": {
      "loss": 55.94997577667236,
      "accuracy": 0.359375
    },
    "12": {
      "loss": 55.94997577667236,
      "accuracy": 0.359375
    },
    "13": {
      "loss": 55.94997577667236,
      "accuracy": 0.359375
    },
    "14": {
      "loss": 55.94997577667236,
      "accuracy": 0.359375
    },
    "15": {
      "loss": 55.94997577667236,
      "accuracy": 0.359375
    },
    "16": {
      "loss": 55.94997577667236,
      "accuracy": 0.359375
    },
    "17": {
      "loss": 55.94997577667236,
      "accuracy": 0.359375
    },
    "18": {
      "loss": 55.94997577667236,
      "accuracy": 0.359375
    },
    "19": {
      "loss": 55.94997577667236,
      "accuracy": 0.359375
    },
    "20": {
      "loss": 55.94997577667236,
      "accuracy": 0.359375
    }
  }
}
