{
  "metadata": {
    "run_name": "main__homogeneous__vanilla__fedavgm__noise-0.01__seed-46",
    "data_module": "experiments.reproduce.dataset.alzheimer:create_data_module",
    "partition_mode": "homogeneous",
    "partition_profile": "auto",
    "privacy": "vanilla",
    "aggregation": "fedavgm",
    "seed": 46,
    "num_clients": 4,
    "rounds": 20,
    "local_epochs": 5,
    "noise_multiplier": 0.01,
    "clipping_norm": 5.0,
    "initialization_pretrained": true,
    "initialization_epochs": 20,
    "initialization_final_loss": 0.24439397640526295
  },
  "train_metrics": {
    "1": {
      "train_loss": 0.4529130596201867,
      "train_loss_mean": 0.650063186045736
    },
    "2": {
      "train_loss": 0.4197694843169302,
      "train_loss_mean": 0.6144261424429714
    },
    "3": {
      "train_loss": 0.3551430992083624,
      "train_loss_mean": 0.5610960570862517
    },
    "4": {
      "train_loss": 0.3054276133188978,
      "train_loss_mean": 0.5083129389677197
    },
    "5": {
      "train_loss": 0.2552955647697672,
      "train_loss_mean": 0.4542804694967344
    },
    "6": {
      "train_loss": 0.19087422655138653,
      "train_loss_mean": 0.3933980717760278
    },
    "7": {
      "train_loss": 0.1634598481177818,
      "train_loss_mean": 0.34520277262781746
    },
    "8": {
      "train_loss": 0.14977788168471307,
      "train_loss_mean": 0.3043843801366165
    },
    "9": {
      "train_loss": 0.12811181956203654,
      "train_loss_mean": 0.2626346843258943
    },
    "10": {
      "train_loss": 0.11620373335608747,
      "train_loss_mean": 0.2331382460746681
    },
    "11": {
      "train_loss": 0.10603560412710067,
      "train_loss_mean": 0.20772842848673462
    },
    "12": {
      "train_loss": 0.10097478407988092,
      "train_loss_mean": 0.1874815279719769
    },
    "13": {
      "train_loss": 0.08773306076909648,
      "train_loss_mean": 0.16403726814896802
    },
    "14": {
      "train_loss": 0.09699510402424494,
      "train_loss_mean": 0.14639578779315343
    },
    "15": {
      "train_loss": 0.08674732402869267,
      "train_loss_mean": 0.12756570552519406
    },
    "16": {
      "train_loss": 0.08748237129111658,
      "train_loss_mean": 0.12023499378701671
    },
    "17": {
      "train_loss": 0.06900232142288587,
      "train_loss_mean": 0.10030933780108171
    },
    "18": {
      "train_loss": 0.07940046254771005,
      "train_loss_mean": 0.09657177827320994
    },
    "19": {
      "train_loss": 0.078217155947641,
      "train_loss_mean": 0.0963436347723473
    },
    "20": {
      "train_loss": 0.07562639547904837,
      "train_loss_mean": 0.08666559912235243
    }
  },
  "client_evaluate_metrics": {
    "1": {
      "eval_loss": 0.9763569757342339,
      "eval_acc": 0.6748046875
    },
    "2": {
      "eval_loss": 0.888649957254529,
      "eval_acc": 0.6845703125
    },
    "3": {
      "eval_loss": 0.8101107534021139,
      "eval_acc": 0.6982421875
    },
    "4": {
      "eval_loss": 0.7439593244343996,
      "eval_acc": 0.71484375
    },
    "5": {
      "eval_loss": 0.684553106315434,
      "eval_acc": 0.7373046875
    },
    "6": {
      "eval_loss": 0.63143808580935,
      "eval_acc": 0.7490234375
    },
    "7": {
      "eval_loss": 0.5800166558474302,
      "eval_acc": 0.7646484375
    },
    "8": {
      "eval_loss": 0.5293453531339765,
      "eval_acc": 0.787109375
    },
    "9": {
      "eval_loss": 0.48155437782406807,
      "eval_acc": 0.802734375
    },
    "10": {
      "eval_loss": 0.4374904939904809,
      "eval_acc": 0.818359375
    },
    "11": {
      "eval_loss": 0.39370905701071024,
      "eval_acc": 0.8408203125
    },
    "12": {
      "eval_loss": 0.35347017645835876,
      "eval_acc": 0.853515625
    },
    "13": {
      "eval_loss": 0.321073523722589,
      "eval_acc": 0.8740234375
    },
    "14": {
      "eval_loss": 0.29155073850415647,
      "eval_acc": 0.88671875
    },
    "15": {
      "eval_loss": 0.26494506234303117,
      "eval_acc": 0.900390625
    },
    "16": {
      "eval_loss": 0.24064949434250593,
      "eval_acc": 0.9091796875
    },
    "17": {
      "eval_loss": 0.22196710668504238,
      "eval_acc": 0.919921875
    },
    "18": {
      "eval_loss": 0.2069083722308278,
      "eval_acc": 0.92578125
    },
    "19": {
      "eval_loss": 0.1907698508584872,
      "eval_acc": 0.93359375
    },
    "20": {
      "eval_loss": 0.17619426304008812,
      "eval_acc": 0.9375
    }
  },
  "server_evaluate_metrics": {
    "0": {
      "loss": 1.0053906872868539,
      "accuracy": 0.68125
    },
    "1": {
      "loss": 0.9301523983478546,
      "accuracy": 0.6875
    },
    "2": {
      "loss": 0.8404103457927704,
      "accuracy": 0.703125
    },
    "3": {
      "loss": 0.7602363437414169,
      "accuracy": 0.715625
    },
    "4": {
      "loss": 0.6919378966093064,
      "accuracy": 0.740625
    },
    "5": {
      "loss": 0.6340250670909882,
      "accuracy": 0.74375
    },
    "6": {
      "loss": 0.5853575587272644,
      "accuracy": 0.7578125
    },
    "7": {
      "loss": 0.5397167295217514,
      "accuracy": 0.7671875
    },
    "8": {
      "loss": 0.49802894741296766,
      "accuracy": 0.778125
    },
    "9": {
      "loss": 0.4597444638609886,
      "accuracy": 0.803125
    },
    "10": {
      "loss": 0.42225649356842043,
      "accuracy": 0.825
    },
    "11": {
      "loss": 0.3864245869219303,
      "accuracy": 0.8453125
    },
    "12": {
      "loss": 0.3557675011456013,
      "accuracy": 0.8609375
    },
    "13": {
      "loss": 0.3328561119735241,
      "accuracy": 0.86875
    },
    "14": {
      "loss": 0.3081218905746937,
      "accuracy": 0.8796875
    },
    "15": {
      "loss": 0.2847346685826778,
      "accuracy": 0.8921875
    },
    "16": {
      "loss": 0.2645512707531452,
      "accuracy": 0.8984375
    },
    "17": {
      "loss": 0.25122374817729,
      "accuracy": 0.9046875
    },
    "18": {
      "loss": 0.24081779569387435,
      "accuracy": 0.903125
    },
    "19": {
      "loss": 0.22506567128002644,
      "accuracy": 0.9140625
    },
    "20": {
      "loss": 0.2100719753652811,
      "accuracy": 0.921875
    }
  }
}
