{
  "metadata": {
    "run_name": "main__non-iid__vanilla__fedprox__noise-0.01__seed-42",
    "data_module": "experiments.reproduce.dataset.alzheimer:create_data_module",
    "partition_mode": "non-iid",
    "partition_profile": "auto",
    "privacy": "vanilla",
    "aggregation": "fedprox",
    "seed": 42,
    "num_clients": 4,
    "rounds": 20,
    "local_epochs": 5,
    "noise_multiplier": 0.01,
    "clipping_norm": 5.0,
    "initialization_pretrained": false,
    "initialization_epochs": 0,
    "initialization_final_loss": null
  },
  "train_metrics": {
    "1": {
      "train_loss": 1.1905859523012863,
      "train_loss_mean": 1.2289176276502345
    },
    "2": {
      "train_loss": 1.1082127859491107,
      "train_loss_mean": 1.1120568424565185
    },
    "3": {
      "train_loss": 1.0801427962142895,
      "train_loss_mean": 1.0850166172327853
    },
    "4": {
      "train_loss": 1.0695582383658517,
      "train_loss_mean": 1.0713782339720361
    },
    "5": {
      "train_loss": 1.0649761103628668,
      "train_loss_mean": 1.063219207801875
    },
    "6": {
      "train_loss": 1.0582747134745385,
      "train_loss_mean": 1.056152987040481
    },
    "7": {
      "train_loss": 1.0550090895668145,
      "train_loss_mean": 1.0514990254384922
    },
    "8": {
      "train_loss": 1.0476800392008316,
      "train_loss_mean": 1.0488930767725082
    },
    "9": {
      "train_loss": 1.04550657204785,
      "train_loss_mean": 1.0449338568759419
    },
    "10": {
      "train_loss": 1.0373838281538292,
      "train_loss_mean": 1.0413122240543133
    },
    "11": {
      "train_loss": 1.0351149555847128,
      "train_loss_mean": 1.0363662906402369
    },
    "12": {
      "train_loss": 1.0302784795229996,
      "train_loss_mean": 1.029411856459593
    },
    "13": {
      "train_loss": 1.020305468911477,
      "train_loss_mean": 1.0233202646637056
    },
    "14": {
      "train_loss": 1.0087467770956176,
      "train_loss_mean": 1.0171948087378486
    },
    "15": {
      "train_loss": 0.9984517689879837,
      "train_loss_mean": 1.0076187471209006
    },
    "16": {
      "train_loss": 0.9866279090796091,
      "train_loss_mean": 1.000371936064088
    },
    "17": {
      "train_loss": 0.9774948932452497,
      "train_loss_mean": 0.9930147261257339
    },
    "18": {
      "train_loss": 0.9738722677107374,
      "train_loss_mean": 0.9863054367088957
    },
    "19": {
      "train_loss": 0.9663887322968137,
      "train_loss_mean": 0.9783215814761902
    },
    "20": {
      "train_loss": 0.9598233608804683,
      "train_loss_mean": 0.9711763538933406
    }
  },
  "client_evaluate_metrics": {
    "1": {
      "eval_loss": 1.0585479875754196,
      "eval_acc": 0.5019493177387915
    },
    "2": {
      "eval_loss": 1.028122008660151,
      "eval_acc": 0.5019493177387914
    },
    "3": {
      "eval_loss": 1.027858269377294,
      "eval_acc": 0.5019493177387914
    },
    "4": {
      "eval_loss": 1.0247375523602522,
      "eval_acc": 0.5019493177387914
    },
    "5": {
      "eval_loss": 1.0205173808464065,
      "eval_acc": 0.5019493177387914
    },
    "6": {
      "eval_loss": 1.0164961508143018,
      "eval_acc": 0.5019493177387914
    },
    "7": {
      "eval_loss": 1.0102915972994084,
      "eval_acc": 0.5019493177387914
    },
    "8": {
      "eval_loss": 1.0042361251094885,
      "eval_acc": 0.5029239766081871
    },
    "9": {
      "eval_loss": 0.9975477045739604,
      "eval_acc": 0.5029239766081871
    },
    "10": {
      "eval_loss": 0.9902093029394019,
      "eval_acc": 0.5058479532163742
    },
    "11": {
      "eval_loss": 0.9812485149264568,
      "eval_acc": 0.50682261208577
    },
    "12": {
      "eval_loss": 0.9715929175445676,
      "eval_acc": 0.5097465886939572
    },
    "13": {
      "eval_loss": 0.9624487726311935,
      "eval_acc": 0.5126705653021442
    },
    "14": {
      "eval_loss": 0.9508818585505494,
      "eval_acc": 0.5165692007797271
    },
    "15": {
      "eval_loss": 0.9428688508492928,
      "eval_acc": 0.5272904483430799
    },
    "16": {
      "eval_loss": 0.9347196819721839,
      "eval_acc": 0.5311890838206628
    },
    "17": {
      "eval_loss": 0.9280521618692498,
      "eval_acc": 0.5380116959064327
    },
    "18": {
      "eval_loss": 0.9235372840777243,
      "eval_acc": 0.5526315789473684
    },
    "19": {
      "eval_loss": 0.9156707546167207,
      "eval_acc": 0.5389863547758285
    },
    "20": {
      "eval_loss": 0.9146741166217054,
      "eval_acc": 0.557504873294347
    }
  },
  "server_evaluate_metrics": {
    "0": {
      "loss": 1.44056636095047,
      "accuracy": 0.0109375
    },
    "1": {
      "loss": 1.054627898335457,
      "accuracy": 0.4953125
    },
    "2": {
      "loss": 1.0265516072511673,
      "accuracy": 0.4953125
    },
    "3": {
      "loss": 1.026554948091507,
      "accuracy": 0.4953125
    },
    "4": {
      "loss": 1.0240098059177398,
      "accuracy": 0.4953125
    },
    "5": {
      "loss": 1.0193618565797806,
      "accuracy": 0.4953125
    },
    "6": {
      "loss": 1.015189418196678,
      "accuracy": 0.4953125
    },
    "7": {
      "loss": 1.0087629705667496,
      "accuracy": 0.4953125
    },
    "8": {
      "loss": 1.0025061160326003,
      "accuracy": 0.4953125
    },
    "9": {
      "loss": 0.9962930500507354,
      "accuracy": 0.496875
    },
    "10": {
      "loss": 0.9892739742994309,
      "accuracy": 0.5078125
    },
    "11": {
      "loss": 0.9813920497894287,
      "accuracy": 0.5109375
    },
    "12": {
      "loss": 0.9735637754201889,
      "accuracy": 0.51875
    },
    "13": {
      "loss": 0.965154629945755,
      "accuracy": 0.5140625
    },
    "14": {
      "loss": 0.95736123919487,
      "accuracy": 0.5078125
    },
    "15": {
      "loss": 0.9508141607046128,
      "accuracy": 0.5078125
    },
    "16": {
      "loss": 0.9441327899694443,
      "accuracy": 0.5046875
    },
    "17": {
      "loss": 0.938748687505722,
      "accuracy": 0.515625
    },
    "18": {
      "loss": 0.9361940115690232,
      "accuracy": 0.53125
    },
    "19": {
      "loss": 0.9293587177991867,
      "accuracy": 0.5171875
    },
    "20": {
      "loss": 0.9286645263433456,
      "accuracy": 0.5453125
    }
  }
}
