{
  "metadata": {
    "run_name": "main__homogeneous__vanilla__fedprox__noise-0.01__seed-44",
    "data_module": "experiments.reproduce.dataset.alzheimer:create_data_module",
    "partition_mode": "homogeneous",
    "partition_profile": "auto",
    "privacy": "vanilla",
    "aggregation": "fedprox",
    "seed": 44,
    "num_clients": 4,
    "rounds": 20,
    "local_epochs": 5,
    "noise_multiplier": 0.01,
    "clipping_norm": 5.0,
    "initialization_pretrained": false,
    "initialization_epochs": 0,
    "initialization_final_loss": null
  },
  "train_metrics": {
    "1": {
      "train_loss": 1.167374755255878,
      "train_loss_mean": 1.2226219053380192
    },
    "2": {
      "train_loss": 1.09710449911654,
      "train_loss_mean": 1.1278982547111809
    },
    "3": {
      "train_loss": 1.0759804504923522,
      "train_loss_mean": 1.0977697513997553
    },
    "4": {
      "train_loss": 1.065517718438059,
      "train_loss_mean": 1.0857106455601753
    },
    "5": {
      "train_loss": 1.0604018960148096,
      "train_loss_mean": 1.0795186327770354
    },
    "6": {
      "train_loss": 1.0551911643706262,
      "train_loss_mean": 1.0763098082505167
    },
    "7": {
      "train_loss": 1.0490202852524817,
      "train_loss_mean": 1.0719281451776626
    },
    "8": {
      "train_loss": 1.044929813593626,
      "train_loss_mean": 1.0692757808603348
    },
    "9": {
      "train_loss": 1.0544058997184038,
      "train_loss_mean": 1.0738106202334166
    },
    "10": {
      "train_loss": 1.0387338269501925,
      "train_loss_mean": 1.067746723908931
    },
    "11": {
      "train_loss": 1.0304851392284036,
      "train_loss_mean": 1.0605200179852545
    },
    "12": {
      "train_loss": 1.0151582676917315,
      "train_loss_mean": 1.0500202341936529
    },
    "13": {
      "train_loss": 1.0109334383159876,
      "train_loss_mean": 1.0440732872113587
    },
    "14": {
      "train_loss": 0.9975483939051628,
      "train_loss_mean": 1.0319245332852005
    },
    "15": {
      "train_loss": 0.9851527055725455,
      "train_loss_mean": 1.0157111874781548
    },
    "16": {
      "train_loss": 0.9758556503802538,
      "train_loss_mean": 1.0050370583310724
    },
    "17": {
      "train_loss": 0.967172768432647,
      "train_loss_mean": 0.9907363517209888
    },
    "18": {
      "train_loss": 0.9659988307394087,
      "train_loss_mean": 0.985053656809032
    },
    "19": {
      "train_loss": 0.9497425826266408,
      "train_loss_mean": 0.9727969261817635
    },
    "20": {
      "train_loss": 0.939412138890475,
      "train_loss_mean": 0.9617540144361555
    }
  },
  "client_evaluate_metrics": {
    "1": {
      "eval_loss": 1.0371482390910387,
      "eval_acc": 0.5
    },
    "2": {
      "eval_loss": 1.0343675352633,
      "eval_acc": 0.5
    },
    "3": {
      "eval_loss": 1.035274786874652,
      "eval_acc": 0.5
    },
    "4": {
      "eval_loss": 1.033927258104086,
      "eval_acc": 0.5
    },
    "5": {
      "eval_loss": 1.0317159332334995,
      "eval_acc": 0.5
    },
    "6": {
      "eval_loss": 1.0280741695314646,
      "eval_acc": 0.5
    },
    "7": {
      "eval_loss": 1.024897038936615,
      "eval_acc": 0.5
    },
    "8": {
      "eval_loss": 1.0185665991157293,
      "eval_acc": 0.5
    },
    "9": {
      "eval_loss": 1.0097692869603634,
      "eval_acc": 0.5
    },
    "10": {
      "eval_loss": 1.0010305233299732,
      "eval_acc": 0.5
    },
    "11": {
      "eval_loss": 0.9852311722934246,
      "eval_acc": 0.51171875
    },
    "12": {
      "eval_loss": 0.9752674400806427,
      "eval_acc": 0.51171875
    },
    "13": {
      "eval_loss": 0.9570766668766737,
      "eval_acc": 0.5244140625
    },
    "14": {
      "eval_loss": 0.9446519091725349,
      "eval_acc": 0.5322265625
    },
    "15": {
      "eval_loss": 0.9364005886018276,
      "eval_acc": 0.5400390625
    },
    "16": {
      "eval_loss": 0.9267935939133167,
      "eval_acc": 0.537109375
    },
    "17": {
      "eval_loss": 0.9182393588125706,
      "eval_acc": 0.546875
    },
    "18": {
      "eval_loss": 0.9118957705795765,
      "eval_acc": 0.5498046875
    },
    "19": {
      "eval_loss": 0.9050466790795326,
      "eval_acc": 0.5576171875
    },
    "20": {
      "eval_loss": 0.9002238940447569,
      "eval_acc": 0.5537109375
    }
  },
  "server_evaluate_metrics": {
    "0": {
      "loss": 1.390574324131012,
      "accuracy": 0.4953125
    },
    "1": {
      "loss": 1.0319838225841522,
      "accuracy": 0.4953125
    },
    "2": {
      "loss": 1.0276958107948304,
      "accuracy": 0.4953125
    },
    "3": {
      "loss": 1.028087133169174,
      "accuracy": 0.4953125
    },
    "4": {
      "loss": 1.0270415455102921,
      "accuracy": 0.4953125
    },
    "5": {
      "loss": 1.024675217270851,
      "accuracy": 0.4953125
    },
    "6": {
      "loss": 1.021318045258522,
      "accuracy": 0.4953125
    },
    "7": {
      "loss": 1.018390989303589,
      "accuracy": 0.4953125
    },
    "8": {
      "loss": 1.0130652487277985,
      "accuracy": 0.4953125
    },
    "9": {
      "loss": 1.0055566310882569,
      "accuracy": 0.4953125
    },
    "10": {
      "loss": 0.999150738120079,
      "accuracy": 0.4953125
    },
    "11": {
      "loss": 0.9864657402038575,
      "accuracy": 0.5078125
    },
    "12": {
      "loss": 0.9802499681711196,
      "accuracy": 0.503125
    },
    "13": {
      "loss": 0.9656343668699264,
      "accuracy": 0.509375
    },
    "14": {
      "loss": 0.9559575885534286,
      "accuracy": 0.51875
    },
    "15": {
      "loss": 0.949582526087761,
      "accuracy": 0.5265625
    },
    "16": {
      "loss": 0.9412284344434738,
      "accuracy": 0.5375
    },
    "17": {
      "loss": 0.9347766637802124,
      "accuracy": 0.5390625
    },
    "18": {
      "loss": 0.9291478872299195,
      "accuracy": 0.5484375
    },
    "19": {
      "loss": 0.9233062565326691,
      "accuracy": 0.56875
    },
    "20": {
      "loss": 0.9200050830841064,
      "accuracy": 0.565625
    }
  }
}
