{
  "metadata": {
    "run_name": "main__homogeneous__global-dp__fedyogi__noise-0.01__seed-45",
    "data_module": "experiments.reproduce.dataset.alzheimer:create_data_module",
    "partition_mode": "homogeneous",
    "partition_profile": "auto",
    "privacy": "global-dp",
    "aggregation": "fedyogi",
    "seed": 45,
    "num_clients": 4,
    "rounds": 20,
    "local_epochs": 5,
    "noise_multiplier": 0.01,
    "clipping_norm": 5.0,
    "initialization_pretrained": true,
    "initialization_epochs": 20,
    "initialization_final_loss": 0.4045489266514778
  },
  "train_metrics": {
    "1": {
      "train_loss": 0.490680995862931,
      "train_loss_mean": 0.6789438345469534
    },
    "2": {
      "train_loss": 0.39155306096654385,
      "train_loss_mean": 0.6021923549706116
    },
    "3": {
      "train_loss": 0.29277527873637155,
      "train_loss_mean": 0.4941593552124686
    },
    "4": {
      "train_loss": 0.18674643797567114,
      "train_loss_mean": 0.3640136808273382
    },
    "5": {
      "train_loss": 0.1361225086293416,
      "train_loss_mean": 0.26706731975718867
    },
    "6": {
      "train_loss": 0.09910431966272881,
      "train_loss_mean": 0.18728928132622966
    },
    "7": {
      "train_loss": 0.06885047168543679,
      "train_loss_mean": 0.14228808992411357
    },
    "8": {
      "train_loss": 0.06724738690081722,
      "train_loss_mean": 0.11617079995539825
    },
    "9": {
      "train_loss": 0.0572296766731597,
      "train_loss_mean": 0.10357897032718028
    },
    "10": {
      "train_loss": 0.04904127459428764,
      "train_loss_mean": 0.08686122462008825
    },
    "11": {
      "train_loss": 0.045204014197281595,
      "train_loss_mean": 0.06892271873344952
    },
    "12": {
      "train_loss": 0.052273396791463256,
      "train_loss_mean": 0.06429409213013174
    },
    "13": {
      "train_loss": 0.04710088745654062,
      "train_loss_mean": 0.05584788606906699
    },
    "14": {
      "train_loss": 0.024147224686306146,
      "train_loss_mean": 0.042022322969837766
    },
    "15": {
      "train_loss": 0.024122614834801936,
      "train_loss_mean": 0.040964541872893445
    },
    "16": {
      "train_loss": 0.02697159973495289,
      "train_loss_mean": 0.03425597294506392
    },
    "17": {
      "train_loss": 0.017289834897979972,
      "train_loss_mean": 0.027749424311480184
    },
    "18": {
      "train_loss": 0.04006855471120385,
      "train_loss_mean": 0.036472095488093624
    },
    "19": {
      "train_loss": 0.03513441543154627,
      "train_loss_mean": 0.02400371707066335
    },
    "20": {
      "train_loss": 0.02497560224715123,
      "train_loss_mean": 0.0253119868965257
    }
  },
  "client_evaluate_metrics": {
    "1": {
      "eval_loss": 0.8560198312625289,
      "eval_acc": 0.6533203125
    },
    "2": {
      "eval_loss": 0.7169487215578556,
      "eval_acc": 0.6904296875
    },
    "3": {
      "eval_loss": 0.5955343525856733,
      "eval_acc": 0.740234375
    },
    "4": {
      "eval_loss": 0.5522825084626675,
      "eval_acc": 0.765625
    },
    "5": {
      "eval_loss": 0.5816852636635303,
      "eval_acc": 0.7744140625
    },
    "6": {
      "eval_loss": 0.5676080440171063,
      "eval_acc": 0.8251953125
    },
    "7": {
      "eval_loss": 0.6248759664595127,
      "eval_acc": 0.84765625
    },
    "8": {
      "eval_loss": 0.6258165232138708,
      "eval_acc": 0.87890625
    },
    "9": {
      "eval_loss": 0.7051982683478855,
      "eval_acc": 0.90234375
    },
    "10": {
      "eval_loss": 0.5637124613012929,
      "eval_acc": 0.92578125
    },
    "11": {
      "eval_loss": 0.47222515000521526,
      "eval_acc": 0.939453125
    },
    "12": {
      "eval_loss": 0.37155121201885777,
      "eval_acc": 0.9453125
    },
    "13": {
      "eval_loss": 0.26083216972074297,
      "eval_acc": 0.94921875
    },
    "14": {
      "eval_loss": 0.1773376307755825,
      "eval_acc": 0.9521484375
    },
    "15": {
      "eval_loss": 0.149153529011528,
      "eval_acc": 0.953125
    },
    "16": {
      "eval_loss": 0.1611376509827096,
      "eval_acc": 0.951171875
    },
    "17": {
      "eval_loss": 0.19940988341113552,
      "eval_acc": 0.9541015625
    },
    "18": {
      "eval_loss": 0.2401594736147672,
      "eval_acc": 0.9599609375
    },
    "19": {
      "eval_loss": 0.23707737211952917,
      "eval_acc": 0.9619140625
    },
    "20": {
      "eval_loss": 0.2723333600915794,
      "eval_acc": 0.9580078125
    }
  },
  "server_evaluate_metrics": {
    "0": {
      "loss": 1.005290400981903,
      "accuracy": 0.646875
    },
    "1": {
      "loss": 0.9242657512426377,
      "accuracy": 0.6609375
    },
    "2": {
      "loss": 0.7688492074608803,
      "accuracy": 0.6921875
    },
    "3": {
      "loss": 0.6279079362750053,
      "accuracy": 0.734375
    },
    "4": {
      "loss": 0.6115160882472992,
      "accuracy": 0.7546875
    },
    "5": {
      "loss": 0.6502809092402458,
      "accuracy": 0.7375
    },
    "6": {
      "loss": 0.6859645932912827,
      "accuracy": 0.784375
    },
    "7": {
      "loss": 0.780489881336689,
      "accuracy": 0.8140625
    },
    "8": {
      "loss": 0.7796711459755897,
      "accuracy": 0.8703125
    },
    "9": {
      "loss": 0.8863134473562241,
      "accuracy": 0.8921875
    },
    "10": {
      "loss": 0.723781683947891,
      "accuracy": 0.91875
    },
    "11": {
      "loss": 0.6556532951071858,
      "accuracy": 0.9328125
    },
    "12": {
      "loss": 0.5626804826693842,
      "accuracy": 0.9328125
    },
    "13": {
      "loss": 0.4330638782121241,
      "accuracy": 0.940625
    },
    "14": {
      "loss": 0.32483482343959624,
      "accuracy": 0.9484375
    },
    "15": {
      "loss": 0.2688909934950061,
      "accuracy": 0.94375
    },
    "16": {
      "loss": 0.2383002226939425,
      "accuracy": 0.9484375
    },
    "17": {
      "loss": 0.2977465508156456,
      "accuracy": 0.95625
    },
    "18": {
      "loss": 0.35118946818110996,
      "accuracy": 0.95625
    },
    "19": {
      "loss": 0.37705405852757395,
      "accuracy": 0.9609375
    },
    "20": {
      "loss": 0.45440164507599545,
      "accuracy": 0.9515625
    }
  }
}
