{
  "metadata": {
    "run_name": "main__homogeneous__metric-privacy__fedavg__noise-0.01__seed-45",
    "data_module": "experiments.reproduce.dataset.alzheimer:create_data_module",
    "partition_mode": "homogeneous",
    "partition_profile": "auto",
    "privacy": "metric-privacy",
    "aggregation": "fedavg",
    "seed": 45,
    "num_clients": 4,
    "rounds": 20,
    "local_epochs": 5,
    "noise_multiplier": 0.01,
    "clipping_norm": 5.0,
    "initialization_pretrained": false,
    "initialization_epochs": 0,
    "initialization_final_loss": null
  },
  "train_metrics": {
    "1": {
      "train_loss": 0.9924814430996776,
      "train_loss_mean": 1.0561983491294087,
      "metric-dp-distance": 1.8540350073793281,
      "metric-dp-noise-stdv": 0.006742051768304368
    },
    "2": {
      "train_loss": 0.9247481357306242,
      "train_loss_mean": 1.0038548607379199,
      "metric-dp-distance": 1.726816355638827,
      "metric-dp-noise-stdv": 0.007238754693967262
    },
    "3": {
      "train_loss": 0.8265593745745718,
      "train_loss_mean": 0.9323740739375354,
      "metric-dp-distance": 1.642967369562636,
      "metric-dp-noise-stdv": 0.007608185184668364
    },
    "4": {
      "train_loss": 0.6846193664241582,
      "train_loss_mean": 0.8293995672371238,
      "metric-dp-distance": 1.7497491016983986,
      "metric-dp-noise-stdv": 0.007143881364400669
    },
    "5": {
      "train_loss": 0.5236703976988792,
      "train_loss_mean": 0.7130887880455703,
      "metric-dp-distance": 1.665095489510956,
      "metric-dp-noise-stdv": 0.0075070769687036335
    },
    "6": {
      "train_loss": 0.37284815730527043,
      "train_loss_mean": 0.5726646198425442,
      "metric-dp-distance": 1.612619021286567,
      "metric-dp-noise-stdv": 0.007751365843388942
    },
    "7": {
      "train_loss": 0.265143895172514,
      "train_loss_mean": 0.46253638491034504,
      "metric-dp-distance": 1.4228704828225698,
      "metric-dp-noise-stdv": 0.008785058198131681
    },
    "8": {
      "train_loss": 0.18462506035575643,
      "train_loss_mean": 0.3374314429354854,
      "metric-dp-distance": 1.3998087891377509,
      "metric-dp-noise-stdv": 0.00892979105217628
    },
    "9": {
      "train_loss": 0.13316782549372874,
      "train_loss_mean": 0.2656449524278287,
      "metric-dp-distance": 1.2570543611655012,
      "metric-dp-noise-stdv": 0.009943881813042989
    },
    "10": {
      "train_loss": 0.08889888764679199,
      "train_loss_mean": 0.19542617215920474,
      "metric-dp-distance": 1.2430979465134442,
      "metric-dp-noise-stdv": 0.010055523006098709
    },
    "11": {
      "train_loss": 0.11367924897785997,
      "train_loss_mean": 0.16138828425755491,
      "metric-dp-distance": 1.2432480547577143,
      "metric-dp-noise-stdv": 0.010054308914592282
    },
    "12": {
      "train_loss": 0.07949327681490104,
      "train_loss_mean": 0.13361660107038914,
      "metric-dp-distance": 1.2260031478945166,
      "metric-dp-noise-stdv": 0.010195732385734037
    },
    "13": {
      "train_loss": 0.07607101903522562,
      "train_loss_mean": 0.11239046890696044,
      "metric-dp-distance": 1.1945012208695214,
      "metric-dp-noise-stdv": 0.010464618856480357
    },
    "14": {
      "train_loss": 0.07490962307520022,
      "train_loss_mean": 0.09185127499831652,
      "metric-dp-distance": 1.193312566028908,
      "metric-dp-noise-stdv": 0.010475042629943435
    },
    "15": {
      "train_loss": 0.059340216978625904,
      "train_loss_mean": 0.07233203881510236,
      "metric-dp-distance": 1.269803651298086,
      "metric-dp-noise-stdv": 0.009844041625822692
    },
    "16": {
      "train_loss": 0.059853298975212965,
      "train_loss_mean": 0.06769691723538926,
      "metric-dp-distance": 1.286074088420719,
      "metric-dp-noise-stdv": 0.009719502253054353
    },
    "17": {
      "train_loss": 0.07148351197906777,
      "train_loss_mean": 0.06508925954426559,
      "metric-dp-distance": 1.37324537942186,
      "metric-dp-noise-stdv": 0.00910252471066936
    },
    "18": {
      "train_loss": 0.05156151804203546,
      "train_loss_mean": 0.05585771048290553,
      "metric-dp-distance": 1.359272695844993,
      "metric-dp-noise-stdv": 0.009196094380627108
    },
    "19": {
      "train_loss": 0.0467440087304567,
      "train_loss_mean": 0.04929615770561213,
      "metric-dp-distance": 1.4134677023005981,
      "metric-dp-noise-stdv": 0.008843498850136203
    },
    "20": {
      "train_loss": 0.038648546355943836,
      "train_loss_mean": 0.049296870026273615,
      "metric-dp-distance": 1.364851641934365,
      "metric-dp-noise-stdv": 0.009158504569979568
    }
  },
  "client_evaluate_metrics": {
    "1": {
      "eval_loss": 1.1995323561131954,
      "eval_acc": 0.5
    },
    "2": {
      "eval_loss": 1.0465932488441467,
      "eval_acc": 0.5
    },
    "3": {
      "eval_loss": 0.972921472042799,
      "eval_acc": 0.515625
    },
    "4": {
      "eval_loss": 0.9098303746432066,
      "eval_acc": 0.53515625
    },
    "5": {
      "eval_loss": 0.8150815702974796,
      "eval_acc": 0.6220703125
    },
    "6": {
      "eval_loss": 0.6890019383281469,
      "eval_acc": 0.70703125
    },
    "7": {
      "eval_loss": 0.572605112567544,
      "eval_acc": 0.759765625
    },
    "8": {
      "eval_loss": 0.47279723919928074,
      "eval_acc": 0.8154296875
    },
    "9": {
      "eval_loss": 0.38507594261318445,
      "eval_acc": 0.849609375
    },
    "10": {
      "eval_loss": 0.33107682690024376,
      "eval_acc": 0.8798828125
    },
    "11": {
      "eval_loss": 0.3095815242268145,
      "eval_acc": 0.8935546875
    },
    "12": {
      "eval_loss": 0.3031055910978466,
      "eval_acc": 0.9052734375
    },
    "13": {
      "eval_loss": 0.26569251739419997,
      "eval_acc": 0.9228515625
    },
    "14": {
      "eval_loss": 0.21461801533587277,
      "eval_acc": 0.9345703125
    },
    "15": {
      "eval_loss": 0.216690480010584,
      "eval_acc": 0.9345703125
    },
    "16": {
      "eval_loss": 0.2184087784262374,
      "eval_acc": 0.935546875
    },
    "17": {
      "eval_loss": 0.1893830039189197,
      "eval_acc": 0.9443359375
    },
    "18": {
      "eval_loss": 0.1819115585531108,
      "eval_acc": 0.953125
    },
    "19": {
      "eval_loss": 0.16853938897838816,
      "eval_acc": 0.955078125
    },
    "20": {
      "eval_loss": 0.1659015001350781,
      "eval_acc": 0.9501953125
    }
  },
  "server_evaluate_metrics": {
    "0": {
      "loss": 1.4445670783519744,
      "accuracy": 0.0109375
    },
    "1": {
      "loss": 1.198909741640091,
      "accuracy": 0.4953125
    },
    "2": {
      "loss": 1.0471703380346298,
      "accuracy": 0.4953125
    },
    "3": {
      "loss": 0.9741603314876557,
      "accuracy": 0.5046875
    },
    "4": {
      "loss": 0.9209639698266983,
      "accuracy": 0.5234375
    },
    "5": {
      "loss": 0.838123419880867,
      "accuracy": 0.6046875
    },
    "6": {
      "loss": 0.7278569445014,
      "accuracy": 0.678125
    },
    "7": {
      "loss": 0.6260923936963081,
      "accuracy": 0.7484375
    },
    "8": {
      "loss": 0.5499236106872558,
      "accuracy": 0.7859375
    },
    "9": {
      "loss": 0.480757562071085,
      "accuracy": 0.83125
    },
    "10": {
      "loss": 0.4501617282629013,
      "accuracy": 0.8421875
    },
    "11": {
      "loss": 0.4153933860361576,
      "accuracy": 0.8578125
    },
    "12": {
      "loss": 0.4364181857556105,
      "accuracy": 0.875
    },
    "13": {
      "loss": 0.3862081918865442,
      "accuracy": 0.8890625
    },
    "14": {
      "loss": 0.2910996930673718,
      "accuracy": 0.9203125
    },
    "15": {
      "loss": 0.28715396113693714,
      "accuracy": 0.925
    },
    "16": {
      "loss": 0.2698361251503229,
      "accuracy": 0.9234375
    },
    "17": {
      "loss": 0.2596402794122696,
      "accuracy": 0.93125
    },
    "18": {
      "loss": 0.2746962185949087,
      "accuracy": 0.93125
    },