{
  "metadata": {
    "run_name": "main__homogeneous__vanilla__fedyogi__noise-0.01__seed-46",
    "data_module": "experiments.reproduce.dataset.alzheimer:create_data_module",
    "partition_mode": "homogeneous",
    "partition_profile": "auto",
    "privacy": "vanilla",
    "aggregation": "fedyogi",
    "seed": 46,
    "num_clients": 4,
    "rounds": 20,
    "local_epochs": 5,
    "noise_multiplier": 0.01,
    "clipping_norm": 5.0,
    "initialization_pretrained": true,
    "initialization_epochs": 20,
    "initialization_final_loss": 0.3204736288636923
  },
  "train_metrics": {
    "1": {
      "train_loss": 0.47426458657719195,
      "train_loss_mean": 0.6502406194806098
    },
    "2": {
      "train_loss": 0.3604834348661825,
      "train_loss_mean": 0.5423158472869545
    },
    "3": {
      "train_loss": 0.24347635603044182,
      "train_loss_mean": 0.39417413766495885
    },
    "4": {
      "train_loss": 0.1331372517743148,
      "train_loss_mean": 0.2504819649620913
    },
    "5": {
      "train_loss": 0.09560734070691979,
      "train_loss_mean": 0.17253705949842696
    },
    "6": {
      "train_loss": 0.06673545997546171,
      "train_loss_mean": 0.12484134124679257
    },
    "7": {
      "train_loss": 0.05424138569560455,
      "train_loss_mean": 0.10406866895300482
    },
    "8": {
      "train_loss": 0.042857613128035155,
      "train_loss_mean": 0.08213056686054188
    },
    "9": {
      "train_loss": 0.032910785386917496,
      "train_loss_mean": 0.06364195039173311
    },
    "10": {
      "train_loss": 0.037017958174622834,
      "train_loss_mean": 0.05592100063549168
    },
    "11": {
      "train_loss": 0.032686810765206076,
      "train_loss_mean": 0.0444892069980213
    },
    "12": {
      "train_loss": 0.021089176897451267,
      "train_loss_mean": 0.033285466678872486
    },
    "13": {
      "train_loss": 0.020323954231429298,
      "train_loss_mean": 0.02749557641209428
    },
    "14": {
      "train_loss": 0.03139508251166401,
      "train_loss_mean": 0.02763944064522509
    },
    "15": {
      "train_loss": 0.03420717901174397,
      "train_loss_mean": 0.030531091036249663
    },
    "16": {
      "train_loss": 0.022665600041849282,
      "train_loss_mean": 0.02276048839477491
    },
    "17": {
      "train_loss": 0.020595555552157557,
      "train_loss_mean": 0.021858086860419075
    },
    "18": {
      "train_loss": 0.011365988641578593,
      "train_loss_mean": 0.019488717158006215
    },
    "19": {
      "train_loss": 0.020632367784259503,
      "train_loss_mean": 0.02669434535689904
    },
    "20": {
      "train_loss": 0.03359802244395338,
      "train_loss_mean": 0.029671490000473984
    }
  },
  "client_evaluate_metrics": {
    "1": {
      "eval_loss": 0.752768624573946,
      "eval_acc": 0.705078125
    },
    "2": {
      "eval_loss": 0.6121441377326846,
      "eval_acc": 0.732421875
    },
    "3": {
      "eval_loss": 0.5111648291349411,
      "eval_acc": 0.7958984375
    },
    "4": {
      "eval_loss": 0.46725355833768845,
      "eval_acc": 0.8359375
    },
    "5": {
      "eval_loss": 0.4534817112144083,
      "eval_acc": 0.8603515625
    },
    "6": {
      "eval_loss": 0.4774733897065744,
      "eval_acc": 0.8994140625
    },
    "7": {
      "eval_loss": 0.47771066206041723,
      "eval_acc": 0.91796875
    },
    "8": {
      "eval_loss": 0.4531325798816397,
      "eval_acc": 0.9169921875
    },
    "9": {
      "eval_loss": 0.27150736695512023,
      "eval_acc": 0.943359375
    },
    "10": {
      "eval_loss": 0.17879866217117524,
      "eval_acc": 0.958984375
    },
    "11": {
      "eval_loss": 0.1401993211475201,
      "eval_acc": 0.962890625
    },
    "12": {
      "eval_loss": 0.11977539851795882,
      "eval_acc": 0.966796875
    },
    "13": {
      "eval_loss": 0.11508024297654629,
      "eval_acc": 0.9658203125
    },
    "14": {
      "eval_loss": 0.12429618472378934,
      "eval_acc": 0.9716796875
    },
    "15": {
      "eval_loss": 0.15506450173052144,
      "eval_acc": 0.97265625
    },
    "16": {
      "eval_loss": 0.17381560839930899,
      "eval_acc": 0.9755859375
    },
    "17": {
      "eval_loss": 0.183561605413729,
      "eval_acc": 0.97265625
    },
    "18": {
      "eval_loss": 0.19766184085084149,
      "eval_acc": 0.974609375
    },
    "19": {
      "eval_loss": 0.21470264521022386,
      "eval_acc": 0.9775390625
    },
    "20": {
      "eval_loss": 0.2422795771488464,
      "eval_acc": 0.9775390625
    }
  },
  "server_evaluate_metrics": {
    "0": {
      "loss": 0.932831883430481,
      "accuracy": 0.6609375
    },
    "1": {
      "loss": 0.7352994963526726,
      "accuracy": 0.70625
    },
    "2": {
      "loss": 0.5972766146063805,
      "accuracy": 0.74375
    },
    "3": {
      "loss": 0.502934804558754,
      "accuracy": 0.8
    },
    "4": {
      "loss": 0.45748023241758345,
      "accuracy": 0.840625
    },
    "5": {
      "loss": 0.49324506148695946,
      "accuracy": 0.8484375
    },
    "6": {
      "loss": 0.5874396808445453,
      "accuracy": 0.89375
    },
    "7": {
      "loss": 0.6834507521241904,
      "accuracy": 0.9
    },
    "8": {
      "loss": 0.5873604005901143,
      "accuracy": 0.9125
    },
    "9": {
      "loss": 0.36456560015212747,
      "accuracy": 0.95
    },
    "10": {
      "loss": 0.24569907437544317,
      "accuracy": 0.95
    },
    "11": {
      "loss": 0.21165151055902243,
      "accuracy": 0.9578125
    },
    "12": {
      "loss": 0.18835031390190124,
      "accuracy": 0.95625
    },
    "13": {
      "loss": 0.19029311714693903,
      "accuracy": 0.965625
    },
    "14": {
      "loss": 0.2070827015908435,
      "accuracy": 0.9640625
    },
    "15": {
      "loss": 0.2510531737934798,
      "accuracy": 0.9625
    },
    "16": {
      "loss": 0.28056882760720325,
      "accuracy": 0.9609375
    },
    "17": {
      "loss": 0.2961361375404522,
      "accuracy": 0.959375
    },
    "18": {
      "loss": 0.34419432709692044,
      "accuracy": 0.9609375
    },
    "19": {
      "loss": 0.4097593849031,
      "accuracy": 0.9625
    },
    "20": {
      "loss": 0.44328874049824735,
      "accuracy": 0.9640625
    }
  }
}
