{
  "metadata": {
    "run_name": "main__homogeneous__vanilla__fedmedian__noise-0.01__seed-44",
    "data_module": "experiments.reproduce.dataset.alzheimer:create_data_module",
    "partition_mode": "homogeneous",
    "partition_profile": "auto",
    "privacy": "vanilla",
    "aggregation": "fedmedian",
    "seed": 44,
    "num_clients": 4,
    "rounds": 20,
    "local_epochs": 5,
    "noise_multiplier": 0.01,
    "clipping_norm": 5.0,
    "initialization_pretrained": false,
    "initialization_epochs": 0,
    "initialization_final_loss": null
  },
  "train_metrics": {
    "1": {
      "train_loss": 1.0164637733250856,
      "train_loss_mean": 1.0544014213606714
    },
    "2": {
      "train_loss": 0.9094639639370143,
      "train_loss_mean": 0.9628108573146165
    },
    "3": {
      "train_loss": 0.7654755820985883,
      "train_loss_mean": 0.8500676403287799
    },
    "4": {
      "train_loss": 0.5601510757114738,
      "train_loss_mean": 0.6933297229930759
    },
    "5": {
      "train_loss": 0.3248359051067382,
      "train_loss_mean": 0.4785092240665108
    },
    "6": {
      "train_loss": 0.2127515422180295,
      "train_loss_mean": 0.3230243771453388
    },
    "7": {
      "train_loss": 0.13475008864770643,
      "train_loss_mean": 0.21447217583190648
    },
    "8": {
      "train_loss": 0.10265335309668444,
      "train_loss_mean": 0.15578883739508456
    },
    "9": {
      "train_loss": 0.09708300302736461,
      "train_loss_mean": 0.12600396861016636
    },
    "10": {
      "train_loss": 0.08186024636597722,
      "train_loss_mean": 0.10880401606245868
    },
    "11": {
      "train_loss": 0.08316125530836871,
      "train_loss_mean": 0.0946367579877915
    },
    "12": {
      "train_loss": 0.07216046588803238,
      "train_loss_mean": 0.08269105507235963
    },
    "13": {
      "train_loss": 0.0877248692449939,
      "train_loss_mean": 0.07228066121524535
    },
    "14": {
      "train_loss": 0.06551602599711259,
      "train_loss_mean": 0.0675168044253951
    },
    "15": {
      "train_loss": 0.08480438080755448,
      "train_loss_mean": 0.06204082174522227
    },
    "16": {
      "train_loss": 0.04740753323972058,
      "train_loss_mean": 0.056685691334064356
    },
    "17": {
      "train_loss": 0.06561560604859551,
      "train_loss_mean": 0.04751743521025702
    },
    "18": {
      "train_loss": 0.06089755518542006,
      "train_loss_mean": 0.0489233071143758
    },
    "19": {
      "train_loss": 0.047550838421102526,
      "train_loss_mean": 0.04949556082738127
    },
    "20": {
      "train_loss": 0.034586574651825686,
      "train_loss_mean": 0.04022102100720773
    }
  },
  "client_evaluate_metrics": {
    "1": {
      "eval_loss": 1.0304015334695578,
      "eval_acc": 0.5
    },
    "2": {
      "eval_loss": 0.8956579435616732,
      "eval_acc": 0.576171875
    },
    "3": {
      "eval_loss": 0.7795069441199303,
      "eval_acc": 0.6201171875
    },
    "4": {
      "eval_loss": 0.6942975297570229,
      "eval_acc": 0.685546875
    },
    "5": {
      "eval_loss": 0.5692394645884633,
      "eval_acc": 0.783203125
    },
    "6": {
      "eval_loss": 0.4628383032977581,
      "eval_acc": 0.837890625
    },
    "7": {
      "eval_loss": 0.37656404171139,
      "eval_acc": 0.8779296875
    },
    "8": {
      "eval_loss": 0.34700904693454504,
      "eval_acc": 0.904296875
    },
    "9": {
      "eval_loss": 0.3219144793692976,
      "eval_acc": 0.9091796875
    },
    "10": {
      "eval_loss": 0.3249911228194833,
      "eval_acc": 0.923828125
    },
    "11": {
      "eval_loss": 0.27652278158348054,
      "eval_acc": 0.93359375
    },
    "12": {
      "eval_loss": 0.2997559154173359,
      "eval_acc": 0.9404296875
    },
    "13": {
      "eval_loss": 0.27587564068380743,
      "eval_acc": 0.9306640625
    },
    "14": {
      "eval_loss": 0.2307892784010619,
      "eval_acc": 0.953125
    },
    "15": {
      "eval_loss": 0.22559297690168023,
      "eval_acc": 0.9501953125
    },
    "16": {
      "eval_loss": 0.24860302195884287,
      "eval_acc": 0.951171875
    },
    "17": {
      "eval_loss": 0.3051539997686632,
      "eval_acc": 0.93359375
    },
    "18": {
      "eval_loss": 0.2755891855340451,
      "eval_acc": 0.9482421875
    },
    "19": {
      "eval_loss": 0.2920816552359611,
      "eval_acc": 0.9404296875
    },
    "20": {
      "eval_loss": 0.2514515356742777,
      "eval_acc": 0.9521484375
    }
  },
  "server_evaluate_metrics": {
    "0": {
      "loss": 1.390574324131012,
      "accuracy": 0.4953125
    },
    "1": {
      "loss": 1.029515764117241,
      "accuracy": 0.4953125
    },
    "2": {
      "loss": 0.9251204758882523,
      "accuracy": 0.571875
    },
    "3": {
      "loss": 0.8265682578086853,
      "accuracy": 0.6109375
    },
    "4": {
      "loss": 0.7570227086544037,
      "accuracy": 0.6703125
    },
    "5": {
      "loss": 0.6223123535513878,
      "accuracy": 0.7640625
    },
    "6": {
      "loss": 0.5420724511146545,
      "accuracy": 0.7984375
    },
    "7": {
      "loss": 0.4578432895243168,
      "accuracy": 0.85625
    },
    "8": {
      "loss": 0.4057198140770197,
      "accuracy": 0.88125
    },
    "9": {
      "loss": 0.37734659537673,
      "accuracy": 0.8921875
    },
    "10": {
      "loss": 0.41379665620625017,
      "accuracy": 0.90625
    },
    "11": {
      "loss": 0.3006440706551075,
      "accuracy": 0.9203125
    },
    "12": {
      "loss": 0.32196304239332674,
      "accuracy": 0.934375
    },
    "13": {
      "loss": 0.309567660279572,
      "accuracy": 0.91875
    },
    "14": {
      "loss": 0.2912871912121773,
      "accuracy": 0.928125
    },
    "15": {
      "loss": 0.2893808610737324,
      "accuracy": 0.9359375
    },
    "16": {
      "loss": 0.2875005072914064,
      "accuracy": 0.94375
    },
    "17": {
      "loss": 0.3766148447990417,
      "accuracy": 0.9125
    },
    "18": {
      "loss": 0.2629088180139661,
      "accuracy": 0.9484375
    },
    "19": {
      "loss": 0.2952035149559379,
      "accuracy": 0.934375
    },
    "20": {
      "loss": 0.2807249491102993,
      "accuracy": 0.940625
    }
  }
}
