{
  "metadata": {
    "run_name": "main__homogeneous__global-dp__fedavg__noise-0.01__seed-43",
    "data_module": "experiments.reproduce.dataset.alzheimer:create_data_module",
    "partition_mode": "homogeneous",
    "partition_profile": "auto",
    "privacy": "global-dp",
    "aggregation": "fedavg",
    "seed": 43,
    "num_clients": 4,
    "rounds": 20,
    "local_epochs": 5,
    "noise_multiplier": 0.01,
    "clipping_norm": 5.0,
    "initialization_pretrained": false,
    "initialization_epochs": 0,
    "initialization_final_loss": null
  },
  "train_metrics": {
    "1": {
      "train_loss": 0.9490029038861394,
      "train_loss_mean": 1.0223649605177343
    },
    "2": {
      "train_loss": 0.8917362676002085,
      "train_loss_mean": 0.9706537771038711
    },
    "3": {
      "train_loss": 0.7580269896425307,
      "train_loss_mean": 0.8713164490647614
    },
    "4": {
      "train_loss": 0.6541251598391682,
      "train_loss_mean": 0.797017055656761
    },
    "5": {
      "train_loss": 0.47231318801641464,
      "train_loss_mean": 0.6742818743921817
    },
    "6": {
      "train_loss": 0.31974605785217136,
      "train_loss_mean": 0.5453030844219029
    },
    "7": {
      "train_loss": 0.21959539665840566,
      "train_loss_mean": 0.4188823962700553
    },
    "8": {
      "train_loss": 0.16052241061697714,
      "train_loss_mean": 0.31824588038143703
    },
    "9": {
      "train_loss": 0.12144474186061416,
      "train_loss_mean": 0.24203609132382553
    },
    "10": {
      "train_loss": 0.11171110145369312,
      "train_loss_mean": 0.18615597328316655
    },
    "11": {
      "train_loss": 0.07931423742775223,
      "train_loss_mean": 0.14524848485089023
    },
    "12": {
      "train_loss": 0.07264360680710524,
      "train_loss_mean": 0.12758444291393972
    },
    "13": {
      "train_loss": 0.06430811579048168,
      "train_loss_mean": 0.10100597555428978
    },
    "14": {
      "train_loss": 0.05470646997582662,
      "train_loss_mean": 0.09366041240627965
    },
    "15": {
      "train_loss": 0.0456299774746185,
      "train_loss_mean": 0.07422312057815361
    },
    "16": {
      "train_loss": 0.04547076044491405,
      "train_loss_mean": 0.06904422893694573
    },
    "17": {
      "train_loss": 0.05682883601502908,
      "train_loss_mean": 0.06374272329585437
    },
    "18": {
      "train_loss": 0.04730308710668396,
      "train_loss_mean": 0.05664739161119314
    },
    "19": {
      "train_loss": 0.05248491373322395,
      "train_loss_mean": 0.06047103285645789
    },
    "20": {
      "train_loss": 0.04944944047008448,
      "train_loss_mean": 0.0490534367242617
    }
  },
  "client_evaluate_metrics": {
    "1": {
      "eval_loss": 1.1718255653977394,
      "eval_acc": 0.5009765625
    },
    "2": {
      "eval_loss": 1.0626249182969332,
      "eval_acc": 0.517578125
    },
    "3": {
      "eval_loss": 0.9753734488040209,
      "eval_acc": 0.521484375
    },
    "4": {
      "eval_loss": 0.9237712491303682,
      "eval_acc": 0.5791015625
    },
    "5": {
      "eval_loss": 0.8176067546010017,
      "eval_acc": 0.609375
    },
    "6": {
      "eval_loss": 0.6810281239449978,
      "eval_acc": 0.712890625
    },
    "7": {
      "eval_loss": 0.5813191160559654,
      "eval_acc": 0.7705078125
    },
    "8": {
      "eval_loss": 0.4512501498684287,
      "eval_acc": 0.8173828125
    },
    "9": {
      "eval_loss": 0.3786440547555685,
      "eval_acc": 0.8466796875
    },
    "10": {
      "eval_loss": 0.32799785351380706,
      "eval_acc": 0.87890625
    },
    "11": {
      "eval_loss": 0.3039504480548203,
      "eval_acc": 0.884765625
    },
    "12": {
      "eval_loss": 0.2670137509703636,
      "eval_acc": 0.91015625
    },
    "13": {
      "eval_loss": 0.27660759375430644,
      "eval_acc": 0.9072265625
    },
    "14": {
      "eval_loss": 0.2654125189874321,
      "eval_acc": 0.9140625
    },
    "15": {
      "eval_loss": 0.2340846392326057,
      "eval_acc": 0.931640625
    },
    "16": {
      "eval_loss": 0.2233964605256915,
      "eval_acc": 0.9375
    },
    "17": {
      "eval_loss": 0.21222491201478988,
      "eval_acc": 0.931640625
    },
    "18": {
      "eval_loss": 0.19823645235737786,
      "eval_acc": 0.9423828125
    },
    "19": {
      "eval_loss": 0.2006734925089404,
      "eval_acc": 0.94140625
    },
    "20": {
      "eval_loss": 0.2213640023546759,
      "eval_acc": 0.9375
    }
  },
  "server_evaluate_metrics": {
    "0": {
      "loss": 1.3831079185009003,
      "accuracy": 0.134375
    },
    "1": {
      "loss": 1.1703379690647124,
      "accuracy": 0.4953125
    },
    "2": {
      "loss": 1.062714684009552,
      "accuracy": 0.503125
    },
    "3": {
      "loss": 0.9822425305843353,
      "accuracy": 0.5109375
    },
    "4": {
      "loss": 0.932916983962059,
      "accuracy": 0.5578125
    },
    "5": {
      "loss": 0.8312005341053009,
      "accuracy": 0.6109375
    },
    "6": {
      "loss": 0.7053385853767395,
      "accuracy": 0.70625
    },
    "7": {
      "loss": 0.6109420865774154,
      "accuracy": 0.7578125
    },
    "8": {
      "loss": 0.4962345600128174,
      "accuracy": 0.8078125
    },
    "9": {
      "loss": 0.4389818474650383,
      "accuracy": 0.84375
    },
    "10": {
      "loss": 0.39297072365880015,
      "accuracy": 0.8765625
    },
    "11": {
      "loss": 0.37285657599568367,
      "accuracy": 0.88125
    },
    "12": {
      "loss": 0.34967213980853556,
      "accuracy": 0.9015625
    },
    "13": {
      "loss": 0.3616075437515974,
      "accuracy": 0.896875
    },
    "14": {
      "loss": 0.3272835239768028,
      "accuracy": 0.91875
    },
    "15": {
      "loss": 0.34221701584756375,
      "accuracy": 0.9125
    },
    "16": {
      "loss": 0.32990115638822315,
      "accuracy": 0.9234375
    },
    "17": {
      "loss": 0.27867650939151645,
      "accuracy": 0.925
    },
    "18": {
      "loss": 0.275340901594609,
      "accuracy": 0.9421875
    },
    "19": {
      "loss": 0.27990476675331594,
      "accuracy": 0.9390625
    },
    "20": {
      "loss": 0.2808603560552001,
      "accuracy": 0.9328125
    }
  }
}
