{
  "metadata": {
    "run_name": "main__non-iid__global-dp__fedyogi__noise-0.01__seed-42",
    "data_module": "experiments.reproduce.dataset.alzheimer:create_data_module",
    "partition_mode": "non-iid",
    "partition_profile": "auto",
    "privacy": "global-dp",
    "aggregation": "fedyogi",
    "seed": 42,
    "num_clients": 4,
    "rounds": 20,
    "local_epochs": 5,
    "noise_multiplier": 0.01,
    "clipping_norm": 5.0,
    "initialization_pretrained": true,
    "initialization_epochs": 20,
    "initialization_final_loss": 0.7111208766698838
  },
  "train_metrics": {
    "1": {
      "train_loss": 0.5978701485327296,
      "train_loss_mean": 0.7384350590666271
    },
    "2": {
      "train_loss": 0.5201879195690621,
      "train_loss_mean": 0.6797972692779989
    },
    "3": {
      "train_loss": 0.3772513797341991,
      "train_loss_mean": 0.5679857902050485
    },
    "4": {
      "train_loss": 0.26611611567725185,
      "train_loss_mean": 0.450009507427841
    },
    "5": {
      "train_loss": 0.190958988702204,
      "train_loss_mean": 0.341358426906638
    },
    "6": {
      "train_loss": 0.14964168098025865,
      "train_loss_mean": 0.25705182337555643
    },
    "7": {
      "train_loss": 0.11592073808503794,
      "train_loss_mean": 0.21112260173853356
    },
    "8": {
      "train_loss": 0.09340839960298883,
      "train_loss_mean": 0.16630564666019673
    },
    "9": {
      "train_loss": 0.07415976337487953,
      "train_loss_mean": 0.13191490427462776
    },
    "10": {
      "train_loss": 0.06533287211267153,
      "train_loss_mean": 0.10488533744487641
    },
    "11": {
      "train_loss": 0.07614104779647382,
      "train_loss_mean": 0.09048719678943382
    },
    "12": {
      "train_loss": 0.07184487877759521,
      "train_loss_mean": 0.09012538077767668
    },
    "13": {
      "train_loss": 0.05285816679285723,
      "train_loss_mean": 0.07501419363498783
    },
    "14": {
      "train_loss": 0.05365508296385182,
      "train_loss_mean": 0.06563636291978035
    },
    "15": {
      "train_loss": 0.04905967033609498,
      "train_loss_mean": 0.062389536515031124
    },
    "16": {
      "train_loss": 0.0420235209444966,
      "train_loss_mean": 0.058759956041680786
    },
    "17": {
      "train_loss": 0.057868301368317936,
      "train_loss_mean": 0.057213749276221665
    },
    "18": {
      "train_loss": 0.05497797345704017,
      "train_loss_mean": 0.05359327235016291
    },
    "19": {
      "train_loss": 0.038516772659178494,
      "train_loss_mean": 0.04447492715167657
    },
    "20": {
      "train_loss": 0.03646660133918985,
      "train_loss_mean": 0.03873801751290329
    }
  },
  "client_evaluate_metrics": {
    "1": {
      "eval_loss": 0.7965679336012454,
      "eval_acc": 0.6189083820662767
    },
    "2": {
      "eval_loss": 0.7370437372032894,
      "eval_acc": 0.6569200779727096
    },
    "3": {
      "eval_loss": 0.648602423844514,
      "eval_acc": 0.7076023391812865
    },
    "4": {
      "eval_loss": 0.5983465038544951,
      "eval_acc": 0.7368421052631579
    },
    "5": {
      "eval_loss": 0.6396020483552364,
      "eval_acc": 0.7553606237816763
    },
    "6": {
      "eval_loss": 0.7105918228045309,
      "eval_acc": 0.7797270955165693
    },
    "7": {
      "eval_loss": 0.5494155797809652,
      "eval_acc": 0.8469785575048733
    },
    "8": {
      "eval_loss": 0.642346037090638,
      "eval_acc": 0.8489278752436646
    },
    "9": {
      "eval_loss": 0.5415661132533183,
      "eval_acc": 0.8908382066276802
    },
    "10": {
      "eval_loss": 0.45038723033538797,
      "eval_acc": 0.9161793372319689
    },
    "11": {
      "eval_loss": 0.515219651816184,
      "eval_acc": 0.9035087719298245
    },
    "12": {
      "eval_loss": 0.4573192772315724,
      "eval_acc": 0.9074074074074074
    },
    "13": {
      "eval_loss": 0.35052845577689407,
      "eval_acc": 0.9239766081871346
    },
    "14": {
      "eval_loss": 0.2428227257669756,
      "eval_acc": 0.9444444444444444
    },
    "15": {
      "eval_loss": 0.1939163121238685,
      "eval_acc": 0.9512670565302144
    },
    "16": {
      "eval_loss": 0.2010990814859552,
      "eval_acc": 0.9571150097465886
    },
    "17": {
      "eval_loss": 0.2481614500955909,
      "eval_acc": 0.9522417153996101
    },
    "18": {
      "eval_loss": 0.29720736427534894,
      "eval_acc": 0.9551656920077973
    },
    "19": {
      "eval_loss": 0.39402207998244665,
      "eval_acc": 0.9415204678362573
    },
    "20": {
      "eval_loss": 0.3185492730976441,
      "eval_acc": 0.9493177387914229
    }
  },
  "server_evaluate_metrics": {
    "0": {
      "loss": 0.8521563231945037,
      "accuracy": 0.6078125
    },
    "1": {
      "loss": 0.807897874712944,
      "accuracy": 0.6109375
    },
    "2": {
      "loss": 0.7378873527050018,
      "accuracy": 0.678125
    },
    "3": {
      "loss": 0.6532200187444687,
      "accuracy": 0.7125
    },
    "4": {
      "loss": 0.6481042817234993,
      "accuracy": 0.721875
    },
    "5": {
      "loss": 0.6834906816482544,
      "accuracy": 0.753125
    },
    "6": {
      "loss": 0.7591330766677856,
      "accuracy": 0.7828125
    },
    "7": {
      "loss": 0.5973684065043926,
      "accuracy": 0.840625
    },
    "8": {
      "loss": 0.8340674445033074,
      "accuracy": 0.8390625
    },
    "9": {
      "loss": 0.7670876309275627,
      "accuracy": 0.859375
    },
    "10": {
      "loss": 0.67410196964629,
      "accuracy": 0.909375
    },
    "11": {
      "loss": 0.683288931637071,
      "accuracy": 0.9171875
    },
    "12": {
      "loss": 0.5946579473791644,
      "accuracy": 0.909375
    },
    "13": {
      "loss": 0.45501536116935315,
      "accuracy": 0.9203125
    },
    "14": {
      "loss": 0.3682029953226447,
      "accuracy": 0.91875
    },
    "15": {
      "loss": 0.3514291704632342,
      "accuracy": 0.9359375
    },
    "16": {
      "loss": 0.36281464104540645,
      "accuracy": 0.9359375
    },
    "17": {
      "loss": 0.39727964787743986,
      "accuracy": 0.934375
    },
    "18": {
      "loss": 0.41848288881301415,
      "accuracy": 0.94375
    },
    "19": {
      "loss": 0.5650761942670215,
      "accuracy": 0.93125
    },
    "20": {
      "loss": 0.4349717806035187,
      "accuracy": 0.94375
    }
  }
}
