{
  "metadata": {
    "run_name": "main__non-iid__global-dp__fedavgm__noise-0.01__seed-42",
    "data_module": "experiments.reproduce.dataset.alzheimer:create_data_module",
    "partition_mode": "non-iid",
    "partition_profile": "auto",
    "privacy": "global-dp",
    "aggregation": "fedavgm",
    "seed": 42,
    "num_clients": 4,
    "rounds": 20,
    "local_epochs": 5,
    "noise_multiplier": 0.01,
    "clipping_norm": 5.0,
    "initialization_pretrained": true,
    "initialization_epochs": 20,
    "initialization_final_loss": 0.7587274461984634
  },
  "train_metrics": {
    "1": {
      "train_loss": 0.6053459682025499,
      "train_loss_mean": 0.7472968642369211
    },
    "2": {
      "train_loss": 0.6040083231958576,
      "train_loss_mean": 0.7421389594302854
    },
    "3": {
      "train_loss": 0.5632669920448448,
      "train_loss_mean": 0.723875351708053
    },
    "4": {
      "train_loss": 0.5331329524109407,
      "train_loss_mean": 0.6991941059282132
    },
    "5": {
      "train_loss": 0.4902247107197846,
      "train_loss_mean": 0.676300392322093
    },
    "6": {
      "train_loss": 0.47605336000701537,
      "train_loss_mean": 0.6600713445273153
    },
    "7": {
      "train_loss": 0.4378800971381654,
      "train_loss_mean": 0.6270363766490743
    },
    "8": {
      "train_loss": 0.4140837945892104,
      "train_loss_mean": 0.606503228232461
    },
    "9": {
      "train_loss": 0.38226365084379077,
      "train_loss_mean": 0.5770575740597105
    },
    "10": {
      "train_loss": 0.3493879136693553,
      "train_loss_mean": 0.5491630821597535
    },
    "11": {
      "train_loss": 0.33091819955697566,
      "train_loss_mean": 0.5222692175971687
    },
    "12": {
      "train_loss": 0.3198414105989319,
      "train_loss_mean": 0.5131161541212578
    },
    "13": {
      "train_loss": 0.29600525709641634,
      "train_loss_mean": 0.47692910999307175
    },
    "14": {
      "train_loss": 0.27414682874948326,
      "train_loss_mean": 0.4592310915848046
    },
    "15": {
      "train_loss": 0.2533185030422417,
      "train_loss_mean": 0.4291278624951723
    },
    "16": {
      "train_loss": 0.23384941663751382,
      "train_loss_mean": 0.40808887998753196
    },
    "17": {
      "train_loss": 0.2038647787591773,
      "train_loss_mean": 0.37902519024278863
    },
    "18": {
      "train_loss": 0.19680710604144092,
      "train_loss_mean": 0.36451503688339404
    },
    "19": {
      "train_loss": 0.18047346791473606,
      "train_loss_mean": 0.34503600328367223
    },
    "20": {
      "train_loss": 0.17276520499505527,
      "train_loss_mean": 0.32050795155797107
    }
  },
  "client_evaluate_metrics": {
    "1": {
      "eval_loss": 0.9501765792132818,
      "eval_acc": 0.5799220272904483
    },
    "2": {
      "eval_loss": 0.9054834958870276,
      "eval_acc": 0.5692007797270955
    },
    "3": {
      "eval_loss": 0.8791609498260081,
      "eval_acc": 0.5789473684210527
    },
    "4": {
      "eval_loss": 0.8945480299274824,
      "eval_acc": 0.5935672514619883
    },
    "5": {
      "eval_loss": 0.8239870657000624,
      "eval_acc": 0.6159844054580896
    },
    "6": {
      "eval_loss": 0.7853332421003494,
      "eval_acc": 0.6393762183235867
    },
    "7": {
      "eval_loss": 0.7859944093529476,
      "eval_acc": 0.6461988304093567
    },
    "8": {
      "eval_loss": 0.7496214633331894,
      "eval_acc": 0.6539961013645224
    },
    "9": {
      "eval_loss": 0.7346307603936446,
      "eval_acc": 0.6773879142300194
    },
    "10": {
      "eval_loss": 0.7267112717990987,
      "eval_acc": 0.6754385964912281
    },
    "11": {
      "eval_loss": 0.7177992908113415,
      "eval_acc": 0.6773879142300194
    },
    "12": {
      "eval_loss": 0.6957326335051836,
      "eval_acc": 0.6939571150097466
    },
    "13": {
      "eval_loss": 0.681879869910941,
      "eval_acc": 0.6998050682261208
    },
    "14": {
      "eval_loss": 0.6685512716542443,
      "eval_acc": 0.7076023391812865
    },
    "15": {
      "eval_loss": 0.6505437204015185,
      "eval_acc": 0.7095516569200779
    },
    "16": {
      "eval_loss": 0.6522430295367919,
      "eval_acc": 0.7163742690058479
    },
    "17": {
      "eval_loss": 0.6346519530168053,
      "eval_acc": 0.7261208576998051
    },
    "18": {
      "eval_loss": 0.5862586723665977,
      "eval_acc": 0.7358674463937621
    },
    "19": {
      "eval_loss": 0.5909134291301229,
      "eval_acc": 0.7573099415204678
    },
    "20": {
      "eval_loss": 0.5649702112112361,
      "eval_acc": 0.753411306042885
    }
  },
  "server_evaluate_metrics": {
    "0": {
      "loss": 0.982415571808815,
      "accuracy": 0.5578125
    },
    "1": {
      "loss": 0.9920306414365768,
      "accuracy": 0.5671875
    },
    "2": {
      "loss": 0.9516733467578888,
      "accuracy": 0.5609375
    },
    "3": {
      "loss": 0.9307972878217697,
      "accuracy": 0.5640625
    },
    "4": {
      "loss": 0.943488883972168,
      "accuracy": 0.575
    },
    "5": {
      "loss": 0.8555073708295822,
      "accuracy": 0.5953125
    },
    "6": {
      "loss": 0.8171884834766387,
      "accuracy": 0.6140625
    },
    "7": {
      "loss": 0.8177164435386658,
      "accuracy": 0.6140625
    },
    "8": {
      "loss": 0.7670757830142975,
      "accuracy": 0.634375
    },
    "9": {
      "loss": 0.765470352768898,
      "accuracy": 0.6390625
    },
    "10": {
      "loss": 0.7750383675098419,
      "accuracy": 0.640625
    },
    "11": {
      "loss": 0.7267353072762489,
      "accuracy": 0.6796875
    },
    "12": {
      "loss": 0.7294426411390305,
      "accuracy": 0.6625
    },
    "13": {
      "loss": 0.6893793135881424,
      "accuracy": 0.6890625
    },
    "14": {
      "loss": 0.6829256325960159,
      "accuracy": 0.6984375
    },
    "15": {
      "loss": 0.6857642099261284,
      "accuracy": 0.7078125
    },
    "16": {
      "loss": 0.663130196928978,
      "accuracy": 0.7125
    },
    "17": {
      "loss": 0.6331524193286896,
      "accuracy": 0.7390625
    },
    "18": {
      "loss": 0.616973452270031,
      "accuracy": 0.7421875
    },
    "19": {
      "loss": 0.5948961213231087,
      "accuracy": 0.74375
    },
    "20": {
      "loss": 0.594262233376503,
      "accuracy": 0.746875
    }
  }
}
