{
  "metadata": {
    "run_name": "main__homogeneous__metric-privacy__fedmedian__noise-0.01__seed-44",
    "data_module": "experiments.reproduce.dataset.alzheimer:create_data_module",
    "partition_mode": "homogeneous",
    "partition_profile": "auto",
    "privacy": "metric-privacy",
    "aggregation": "fedmedian",
    "seed": 44,
    "num_clients": 4,
    "rounds": 20,
    "local_epochs": 5,
    "noise_multiplier": 0.01,
    "clipping_norm": 5.0,
    "initialization_pretrained": false,
    "initialization_epochs": 0,
    "initialization_final_loss": null
  },
  "train_metrics": {
    "1": {
      "train_loss": 1.013115573208779,
      "train_loss_mean": 1.0538430353626609,
      "metric-dp-distance": 1.5574124151219924,
      "metric-dp-noise-stdv": 0.008026133526758147
    },
    "2": {
      "train_loss": 0.9377079559490085,
      "train_loss_mean": 1.0015912030823528,
      "metric-dp-distance": 1.460654858654986,
      "metric-dp-noise-stdv": 0.008557805374714166
    },
    "3": {
      "train_loss": 0.8622639076784253,
      "train_loss_mean": 0.933911269903183,
      "metric-dp-distance": 1.376158326631412,
      "metric-dp-noise-stdv": 0.009083257179134142
    },
    "4": {
      "train_loss": 0.7333910097368062,
      "train_loss_mean": 0.8436840816400945,
      "metric-dp-distance": 1.5125009695378442,
      "metric-dp-noise-stdv": 0.008264457512261607
    },
    "5": {
      "train_loss": 0.5865718289278448,
      "train_loss_mean": 0.737475281720981,
      "metric-dp-distance": 1.404846463740493,
      "metric-dp-noise-stdv": 0.008897769487718933
    },
    "6": {
      "train_loss": 0.42423887248151004,
      "train_loss_mean": 0.5957462403923273,
      "metric-dp-distance": 1.3485536339382331,
      "metric-dp-noise-stdv": 0.009269190105176439
    },
    "7": {
      "train_loss": 0.3138963356032036,
      "train_loss_mean": 0.47986447579460223,
      "metric-dp-distance": 1.2895174800263096,
      "metric-dp-noise-stdv": 0.009693548318356232
    },
    "8": {
      "train_loss": 0.22832243307493627,
      "train_loss_mean": 0.3865017954376526,
      "metric-dp-distance": 1.1772968641016632,
      "metric-dp-noise-stdv": 0.010617542933436868
    },
    "9": {
      "train_loss": 0.18342438974650577,
      "train_loss_mean": 0.28095424693601667,
      "metric-dp-distance": 1.1344879322374861,
      "metric-dp-noise-stdv": 0.011018186835488818
    },
    "10": {
      "train_loss": 0.14904485366423614,
      "train_loss_mean": 0.21962191035127032,
      "metric-dp-distance": 1.1037243398216863,
      "metric-dp-noise-stdv": 0.01132529160498486
    },
    "11": {
      "train_loss": 0.10880189851013711,
      "train_loss_mean": 0.17686606578645298,
      "metric-dp-distance": 1.1063232954281073,
      "metric-dp-noise-stdv": 0.011298686425257774
    },
    "12": {
      "train_loss": 0.1106419428542722,
      "train_loss_mean": 0.14748698121984488,
      "metric-dp-distance": 1.114694617378215,
      "metric-dp-noise-stdv": 0.011213833641181708
    },
    "13": {
      "train_loss": 0.09325315926253097,
      "train_loss_mean": 0.1205499300143856,
      "metric-dp-distance": 1.079341174646591,
      "metric-dp-noise-stdv": 0.011581138840638484
    },
    "14": {
      "train_loss": 0.07744805436414026,
      "train_loss_mean": 0.10317210218527179,
      "metric-dp-distance": 1.05453041397656,
      "metric-dp-noise-stdv": 0.01185361733936471
    },
    "15": {
      "train_loss": 0.08365186507580802,
      "train_loss_mean": 0.09035346832206415,
      "metric-dp-distance": 1.1193678827645879,
      "metric-dp-noise-stdv": 0.011167016842691432
    },
    "16": {
      "train_loss": 0.0672763208044671,
      "train_loss_mean": 0.07536095867108086,
      "metric-dp-distance": 1.1313127112419654,
      "metric-dp-noise-stdv": 0.011049111245534744
    },
    "17": {
      "train_loss": 0.06375314100296237,
      "train_loss_mean": 0.07489234827444306,
      "metric-dp-distance": 1.084440792289873,
      "metric-dp-noise-stdv": 0.011526678163411182
    },
    "18": {
      "train_loss": 0.06252425230718472,
      "train_loss_mean": 0.0691559273604753,
      "metric-dp-distance": 1.1144914419855922,
      "metric-dp-noise-stdv": 0.011215877959304774
    },
    "19": {
      "train_loss": 0.06258255610464403,
      "train_loss_mean": 0.0652820404699696,
      "metric-dp-distance": 1.1122944539335247,
      "metric-dp-noise-stdv": 0.011238031400583656
    },
    "20": {
      "train_loss": 0.056166685739526656,
      "train_loss_mean": 0.06133498644660449,
      "metric-dp-distance": 1.1744712623767555,
      "metric-dp-noise-stdv": 0.010643087149449688
    }
  },
  "client_evaluate_metrics": {
    "1": {
      "eval_loss": 1.1691747196018696,
      "eval_acc": 0.5
    },
    "2": {
      "eval_loss": 1.0381133370101452,
      "eval_acc": 0.501953125
    },
    "3": {
      "eval_loss": 0.9527577720582485,
      "eval_acc": 0.5205078125
    },
    "4": {
      "eval_loss": 0.8665959518402815,
      "eval_acc": 0.5859375
    },
    "5": {
      "eval_loss": 0.8054784946143627,
      "eval_acc": 0.6318359375
    },
    "6": {
      "eval_loss": 0.6895238365978003,
      "eval_acc": 0.6796875
    },
    "7": {
      "eval_loss": 0.5805706363171339,
      "eval_acc": 0.7568359375
    },
    "8": {
      "eval_loss": 0.50369081646204,
      "eval_acc": 0.7978515625
    },
    "9": {
      "eval_loss": 0.4189265356399119,
      "eval_acc": 0.8486328125
    },
    "10": {
      "eval_loss": 0.3682279880158603,
      "eval_acc": 0.8798828125
    },
    "11": {
      "eval_loss": 0.3532722587697208,
      "eval_acc": 0.8828125
    },
    "12": {
      "eval_loss": 0.3075348222628236,
      "eval_acc": 0.904296875
    },
    "13": {
      "eval_loss": 0.27496745623648167,
      "eval_acc": 0.9248046875
    },
    "14": {
      "eval_loss": 0.27520143846049905,
      "eval_acc": 0.9404296875
    },
    "15": {
      "eval_loss": 0.2724304764997214,
      "eval_acc": 0.943359375
    },
    "16": {
      "eval_loss": 0.26746116706635803,
      "eval_acc": 0.94921875
    },
    "17": {
      "eval_loss": 0.26799194526392967,
      "eval_acc": 0.9501953125
    },
    "18": {
      "eval_loss": 0.30498651310335845,
      "eval_acc": 0.9453125
    },
    "19": {
      "eval_loss": 0.3021776733221486,
      "eval_acc": 0.9423828125
    },
    "20": {
      "eval_loss": 0.25561186723643914,
      "eval_acc": 0.95703125
    }
  },
  "server_evaluate_metrics": {
    "0": {
      "loss": 1.390574324131012,
      "accuracy": 0.4953125
    },
    "1": {
      "loss": 1.1678699791431426,
      "accuracy": 0.4953125
    },
    "2": {
      "loss": 1.0401841074228286,
      "accuracy": 0.4984375
    },
    "3": {
      "loss": 0.9639761596918106,
      "accuracy": 0.5171875
    },
    "4": {
      "loss": 0.8921230763196946,
      "accuracy": 0.584375
    },
    "5": {
      "loss": 0.8317442834377289,
      "accuracy": 0.628125
    },
    "6": {
      "loss": 0.7176565885543823,
      "accuracy": 0.6921875
    },
    "7": {
      "loss": 0.623629093170166,
      "accuracy": 0.75
    },
    "8": {
      "loss": 0.5680578216910362,
      "accuracy": 0.790625
    },
    "9": {
      "loss": 0.505713676661253,
      "accuracy": 0.83125
    },
    "10": {
      "loss": 0.43425836935639384,
      "accuracy": 0.8703125
    },
    "11": {
      "loss": 0.3771455608308315,
      "accuracy": 0.8859375
    },
    "12": {
      "loss": 0.33716386221349237,
      "accuracy": 0.9109375
    },
    "13": {
      "loss": 0.33907574526965617,
      "accuracy": 0.915625
    },
    "14": {
      "loss": 0.3252846616320312,
      "accuracy": 0.921875
    },
    "15": {
      "loss": 0.29295424148440363,
      "accuracy": 0.9296875
    },
    "16": {
      "loss": 0.2918862755410373,
      "accuracy": 0.9421875
    },
    "17": {
      "loss": 0.29994336497038604,
      "accuracy": 0.9375
    },
    "18": {
      "loss": 0.31578314818907527,
      "accuracy": 0.94375
    },