{
  "metadata": {
    "run_name": "main__homogeneous__global-dp__fedyogi__noise-0.01__seed-44",
    "data_module": "experiments.reproduce.dataset.alzheimer:create_data_module",
    "partition_mode": "homogeneous",
    "partition_profile": "auto",
    "privacy": "global-dp",
    "aggregation": "fedyogi",
    "seed": 44,
    "num_clients": 4,
    "rounds": 20,
    "local_epochs": 5,
    "noise_multiplier": 0.01,
    "clipping_norm": 5.0,
    "initialization_pretrained": true,
    "initialization_epochs": 20,
    "initialization_final_loss": 0.5091914385557175
  },
  "train_metrics": {
    "1": {
      "train_loss": 0.5256289790850133,
      "train_loss_mean": 0.6823265046812594
    },
    "2": {
      "train_loss": 0.42693968303501606,
      "train_loss_mean": 0.6096470644231886
    },
    "3": {
      "train_loss": 0.31372999903396703,
      "train_loss_mean": 0.5013406348705758
    },
    "4": {
      "train_loss": 0.2013076867442578,
      "train_loss_mean": 0.3699688801076263
    },
    "5": {
      "train_loss": 0.12521989233209752,
      "train_loss_mean": 0.2592264097300358
    },
    "6": {
      "train_loss": 0.09806918511458207,
      "train_loss_mean": 0.19228914496488866
    },
    "7": {
      "train_loss": 0.07930387468150002,
      "train_loss_mean": 0.14678173497559327
    },
    "8": {
      "train_loss": 0.05412103498747456,
      "train_loss_mean": 0.12411680065706604
    },
    "9": {
      "train_loss": 0.037790389972769844,
      "train_loss_mean": 0.09165050281212643
    },
    "10": {
      "train_loss": 0.031059707725262342,
      "train_loss_mean": 0.06216882888384134
    },
    "11": {
      "train_loss": 0.055242788183932134,
      "train_loss_mean": 0.05868852848654171
    },
    "12": {
      "train_loss": 0.04392229755089261,
      "train_loss_mean": 0.04809657465204112
    },
    "13": {
      "train_loss": 0.04928338592779369,
      "train_loss_mean": 0.041158507754658305
    },
    "14": {
      "train_loss": 0.0339625789459177,
      "train_loss_mean": 0.034507904014817466
    },
    "15": {
      "train_loss": 0.0559918158260988,
      "train_loss_mean": 0.031153340190763323
    },
    "16": {
      "train_loss": 0.045275899457436486,
      "train_loss_mean": 0.03536173794356703
    },
    "17": {
      "train_loss": 0.0378700798103897,
      "train_loss_mean": 0.024642303963273438
    },
    "18": {
      "train_loss": 0.030159847939587706,
      "train_loss_mean": 0.025655511100545085
    },
    "19": {
      "train_loss": 0.026626642275359214,
      "train_loss_mean": 0.02659909003474798
    },
    "20": {
      "train_loss": 0.020708188973304772,
      "train_loss_mean": 0.020937879206524616
    }
  },
  "client_evaluate_metrics": {
    "1": {
      "eval_loss": 0.9919509682804346,
      "eval_acc": 0.5908203125
    },
    "2": {
      "eval_loss": 0.743220740929246,
      "eval_acc": 0.6611328125
    },
    "3": {
      "eval_loss": 0.6024880539625883,
      "eval_acc": 0.7265625
    },
    "4": {
      "eval_loss": 0.5570104820653796,
      "eval_acc": 0.78125
    },
    "5": {
      "eval_loss": 0.6250439574941993,
      "eval_acc": 0.794921875
    },
    "6": {
      "eval_loss": 0.9526603482663631,
      "eval_acc": 0.775390625
    },
    "7": {
      "eval_loss": 1.0051616746932268,
      "eval_acc": 0.8330078125
    },
    "8": {
      "eval_loss": 0.7421902013011277,
      "eval_acc": 0.8935546875
    },
    "9": {
      "eval_loss": 0.622307418670971,
      "eval_acc": 0.9130859375
    },
    "10": {
      "eval_loss": 0.7064082424667504,
      "eval_acc": 0.9130859375
    },
    "11": {
      "eval_loss": 0.7170501874643378,
      "eval_acc": 0.9072265625
    },
    "12": {
      "eval_loss": 0.5186148441498517,
      "eval_acc": 0.93359375
    },
    "13": {
      "eval_loss": 0.3574803950250498,
      "eval_acc": 0.953125
    },
    "14": {
      "eval_loss": 0.3490685269644018,
      "eval_acc": 0.958984375
    },
    "15": {
      "eval_loss": 0.35430840247136075,
      "eval_acc": 0.958984375
    },
    "16": {
      "eval_loss": 0.35294197135954164,
      "eval_acc": 0.958984375
    },
    "17": {
      "eval_loss": 0.3920363594588707,
      "eval_acc": 0.9609375
    },
    "18": {
      "eval_loss": 0.49527906522234844,
      "eval_acc": 0.9599609375
    },
    "19": {
      "eval_loss": 0.5584140041598289,
      "eval_acc": 0.9599609375
    },
    "20": {
      "eval_loss": 0.5542247879119699,
      "eval_acc": 0.9638671875
    }
  },
  "server_evaluate_metrics": {
    "0": {
      "loss": 0.942923441529274,
      "accuracy": 0.5953125
    },
    "1": {
      "loss": 0.9533596515655518,
      "accuracy": 0.6015625
    },
    "2": {
      "loss": 0.7219409003853798,
      "accuracy": 0.684375
    },
    "3": {
      "loss": 0.6104752704501152,
      "accuracy": 0.759375
    },
    "4": {
      "loss": 0.5938556462526321,
      "accuracy": 0.7609375
    },
    "5": {
      "loss": 0.6722530275583267,
      "accuracy": 0.7875
    },
    "6": {
      "loss": 1.0219759076833725,
      "accuracy": 0.7875
    },
    "7": {
      "loss": 1.032299068570137,
      "accuracy": 0.8234375
    },
    "8": {
      "loss": 0.7518270006403327,
      "accuracy": 0.8609375
    },
    "9": {
      "loss": 0.6437720108777285,
      "accuracy": 0.8890625
    },
    "10": {
      "loss": 0.723876653984189,
      "accuracy": 0.903125
    },
    "11": {
      "loss": 0.7364607593044639,
      "accuracy": 0.9046875
    },
    "12": {
      "loss": 0.546062539704144,
      "accuracy": 0.9140625
    },
    "13": {
      "loss": 0.4051754083484411,
      "accuracy": 0.9375
    },
    "14": {
      "loss": 0.3737335074925795,
      "accuracy": 0.9484375
    },
    "15": {
      "loss": 0.379754505190067,
      "accuracy": 0.946875
    },
    "16": {
      "loss": 0.38358664775441864,
      "accuracy": 0.9453125
    },
    "17": {
      "loss": 0.4487166308186715,
      "accuracy": 0.940625
    },
    "18": {
      "loss": 0.5360262361704372,
      "accuracy": 0.9390625
    },
    "19": {
      "loss": 0.5117171426885762,
      "accuracy": 0.9546875
    },
    "20": {
      "loss": 0.5682760093710385,
      "accuracy": 0.95625
    }
  }
}
