{
  "metadata": {
    "run_name": "main__homogeneous__vanilla__fedavg__noise-0.01__seed-43",
    "data_module": "experiments.reproduce.dataset.alzheimer:create_data_module",
    "partition_mode": "homogeneous",
    "partition_profile": "auto",
    "privacy": "vanilla",
    "aggregation": "fedavg",
    "seed": 43,
    "num_clients": 4,
    "rounds": 20,
    "local_epochs": 5,
    "noise_multiplier": 0.01,
    "clipping_norm": 5.0,
    "initialization_pretrained": false,
    "initialization_epochs": 0,
    "initialization_final_loss": null
  },
  "train_metrics": {
    "1": {
      "train_loss": 0.9437132366001606,
      "train_loss_mean": 1.022451359592378
    },
    "2": {
      "train_loss": 0.8164254943840206,
      "train_loss_mean": 0.8976309593766928
    },
    "3": {
      "train_loss": 0.5602323906496167,
      "train_loss_mean": 0.7188034720718861
    },
    "4": {
      "train_loss": 0.26429770432878286,
      "train_loss_mean": 0.4438928409130312
    },
    "5": {
      "train_loss": 0.15193972122506239,
      "train_loss_mean": 0.2560593889618758
    },
    "6": {
      "train_loss": 0.09944210567846312,
      "train_loss_mean": 0.1610918824262626
    },
    "7": {
      "train_loss": 0.06543098136717163,
      "train_loss_mean": 0.11089747592923231
    },
    "8": {
      "train_loss": 0.05543876612864551,
      "train_loss_mean": 0.0837109069681901
    },
    "9": {
      "train_loss": 0.053943555793921405,
      "train_loss_mean": 0.06542907371558612
    },
    "10": {
      "train_loss": 0.04246603541014338,
      "train_loss_mean": 0.05602749706777104
    },
    "11": {
      "train_loss": 0.0413249658110999,
      "train_loss_mean": 0.044144995085230225
    },
    "12": {
      "train_loss": 0.02159444321449655,
      "train_loss_mean": 0.030973746417845404
    },
    "13": {
      "train_loss": 0.050169062369946005,
      "train_loss_mean": 0.035361471381435194
    },
    "14": {
      "train_loss": 0.03844611643296503,
      "train_loss_mean": 0.03446731587808074
    },
    "15": {
      "train_loss": 0.02117211731410862,
      "train_loss_mean": 0.028446881343388596
    },
    "16": {
      "train_loss": 0.02688378678084291,
      "train_loss_mean": 0.026906995514084108
    },
    "17": {
      "train_loss": 0.0217567390900939,
      "train_loss_mean": 0.020856832104505327
    },
    "18": {
      "train_loss": 0.03379474734485122,
      "train_loss_mean": 0.02130479107778376
    },
    "19": {
      "train_loss": 0.017536021683653757,
      "train_loss_mean": 0.01997476113853054
    },
    "20": {
      "train_loss": 0.01586461487084634,
      "train_loss_mean": 0.01586144589680423
    }
  },
  "client_evaluate_metrics": {
    "1": {
      "eval_loss": 1.002599649131298,
      "eval_acc": 0.5166015625
    },
    "2": {
      "eval_loss": 0.8563705235719681,
      "eval_acc": 0.5771484375
    },
    "3": {
      "eval_loss": 0.6728874752297997,
      "eval_acc": 0.705078125
    },
    "4": {
      "eval_loss": 0.4716467009857297,
      "eval_acc": 0.8173828125
    },
    "5": {
      "eval_loss": 0.35598151572048664,
      "eval_acc": 0.8681640625
    },
    "6": {
      "eval_loss": 0.34976803697645664,
      "eval_acc": 0.873046875
    },
    "7": {
      "eval_loss": 0.32012568309437484,
      "eval_acc": 0.904296875
    },
    "8": {
      "eval_loss": 0.267395367147401,
      "eval_acc": 0.931640625
    },
    "9": {
      "eval_loss": 0.24532702344004065,
      "eval_acc": 0.9248046875
    },
    "10": {
      "eval_loss": 0.22269601421430707,
      "eval_acc": 0.939453125
    },
    "11": {
      "eval_loss": 0.22551923227729276,
      "eval_acc": 0.943359375
    },
    "12": {
      "eval_loss": 0.22464004866196774,
      "eval_acc": 0.955078125
    },
    "13": {
      "eval_loss": 0.2344731260673143,
      "eval_acc": 0.9384765625
    },
    "14": {
      "eval_loss": 0.20282899448648095,
      "eval_acc": 0.9453125
    },
    "15": {
      "eval_loss": 0.22543843823950738,
      "eval_acc": 0.9482421875
    },
    "16": {
      "eval_loss": 0.1969844193663448,
      "eval_acc": 0.9580078125
    },
    "17": {
      "eval_loss": 0.262188802313176,
      "eval_acc": 0.9453125
    },
    "18": {
      "eval_loss": 0.19851272205414716,
      "eval_acc": 0.962890625
    },
    "19": {
      "eval_loss": 0.23894181567447959,
      "eval_acc": 0.9541015625
    },
    "20": {
      "eval_loss": 0.19314746976306196,
      "eval_acc": 0.95703125
    }
  },
  "server_evaluate_metrics": {
    "0": {
      "loss": 1.3831079185009003,
      "accuracy": 0.134375
    },
    "1": {
      "loss": 1.009237813949585,
      "accuracy": 0.503125
    },
    "2": {
      "loss": 0.8968525350093841,
      "accuracy": 0.546875
    },
    "3": {
      "loss": 0.731506171822548,
      "accuracy": 0.703125
    },
    "4": {
      "loss": 0.5808720380067826,
      "accuracy": 0.765625
    },
    "5": {
      "loss": 0.4862492300570011,
      "accuracy": 0.8390625
    },
    "6": {
      "loss": 0.4698703169822693,
      "accuracy": 0.8546875
    },
    "7": {
      "loss": 0.450865587964654,
      "accuracy": 0.8828125
    },
    "8": {
      "loss": 0.4359617378562689,
      "accuracy": 0.90625
    },
    "9": {
      "loss": 0.37497826032340525,
      "accuracy": 0.909375
    },
    "10": {
      "loss": 0.3678524293005466,
      "accuracy": 0.93125
    },
    "11": {
      "loss": 0.35309798289090394,
      "accuracy": 0.921875
    },
    "12": {
      "loss": 0.3999075318686664,
      "accuracy": 0.9375
    },
    "13": {
      "loss": 0.34637064663693307,
      "accuracy": 0.9265625
    },
    "14": {
      "loss": 0.3128707308322191,
      "accuracy": 0.9375
    },
    "15": {
      "loss": 0.3641036808025092,
      "accuracy": 0.91875
    },
    "16": {
      "loss": 0.330075448891148,
      "accuracy": 0.9265625
    },
    "17": {
      "loss": 0.3711632828228176,
      "accuracy": 0.928125
    },
    "18": {
      "loss": 0.3402141972910613,
      "accuracy": 0.9390625
    },
    "19": {
      "loss": 0.4110138186602853,
      "accuracy": 0.934375
    },
    "20": {
      "loss": 0.3479290551156737,
      "accuracy": 0.9453125
    }
  }
}
