{
  "metadata": {
    "run_name": "main__homogeneous__global-dp__fedmedian__noise-0.01__seed-43",
    "data_module": "experiments.reproduce.dataset.alzheimer:create_data_module",
    "partition_mode": "homogeneous",
    "partition_profile": "auto",
    "privacy": "global-dp",
    "aggregation": "fedmedian",
    "seed": 43,
    "num_clients": 4,
    "rounds": 20,
    "local_epochs": 5,
    "noise_multiplier": 0.01,
    "clipping_norm": 5.0,
    "initialization_pretrained": false,
    "initialization_epochs": 0,
    "initialization_final_loss": null
  },
  "train_metrics": {
    "1": {
      "train_loss": 0.958759980276227,
      "train_loss_mean": 1.0245916111394764
    },
    "2": {
      "train_loss": 0.9157413383945823,
      "train_loss_mean": 0.9875437694601714
    },
    "3": {
      "train_loss": 0.8100073006935418,
      "train_loss_mean": 0.8966528998687863
    },
    "4": {
      "train_loss": 0.7007857812568545,
      "train_loss_mean": 0.82381526036188
    },
    "5": {
      "train_loss": 0.5465896655805409,
      "train_loss_mean": 0.7161010978277772
    },
    "6": {
      "train_loss": 0.38837402628269047,
      "train_loss_mean": 0.5808332928223536
    },
    "7": {
      "train_loss": 0.2558402650174685,
      "train_loss_mean": 0.43680357293924316
    },
    "8": {
      "train_loss": 0.18141871815896593,
      "train_loss_mean": 0.33987026641261764
    },
    "9": {
      "train_loss": 0.1445277636667015,
      "train_loss_mean": 0.2652176948467968
    },
    "10": {
      "train_loss": 0.12597889357130043,
      "train_loss_mean": 0.2036625277280109
    },
    "11": {
      "train_loss": 0.12113020331889857,
      "train_loss_mean": 0.18195584595378023
    },
    "12": {
      "train_loss": 0.09876548928878037,
      "train_loss_mean": 0.14906147298243014
    },
    "13": {
      "train_loss": 0.09719963014867972,
      "train_loss_mean": 0.12394244710376372
    },
    "14": {
      "train_loss": 0.1140447804282303,
      "train_loss_mean": 0.11344054612382024
    },
    "15": {
      "train_loss": 0.06740911875203892,
      "train_loss_mean": 0.09816755522770108
    },
    "16": {
      "train_loss": 0.0895812771814235,
      "train_loss_mean": 0.09642677302654193
    },
    "17": {
      "train_loss": 0.08081512587159523,
      "train_loss_mean": 0.08155467752549157
    },
    "18": {
      "train_loss": 0.07286673738599347,
      "train_loss_mean": 0.07331304939320943
    },
    "19": {
      "train_loss": 0.05732108734537178,
      "train_loss_mean": 0.06692514431908875
    },
    "20": {
      "train_loss": 0.0588861452247329,
      "train_loss_mean": 0.06527129585001604
    }
  },
  "client_evaluate_metrics": {
    "1": {
      "eval_loss": 1.1709331385791302,
      "eval_acc": 0.5
    },
    "2": {
      "eval_loss": 1.0467651337385178,
      "eval_acc": 0.5224609375
    },
    "3": {
      "eval_loss": 0.9482220858335495,
      "eval_acc": 0.54296875
    },
    "4": {
      "eval_loss": 0.8831587713211775,
      "eval_acc": 0.583984375
    },
    "5": {
      "eval_loss": 0.7906072549521923,
      "eval_acc": 0.6015625
    },
    "6": {
      "eval_loss": 0.6742096086964011,
      "eval_acc": 0.6640625
    },
    "7": {
      "eval_loss": 0.5514787314459682,
      "eval_acc": 0.7626953125
    },
    "8": {
      "eval_loss": 0.44453553669154644,
      "eval_acc": 0.833984375
    },
    "9": {
      "eval_loss": 0.3736924985423684,
      "eval_acc": 0.86328125
    },
    "10": {
      "eval_loss": 0.3209370186086744,
      "eval_acc": 0.87890625
    },
    "11": {
      "eval_loss": 0.28066730801947415,
      "eval_acc": 0.8876953125
    },
    "12": {
      "eval_loss": 0.28147905017249286,
      "eval_acc": 0.8984375
    },
    "13": {
      "eval_loss": 0.24257089977618307,
      "eval_acc": 0.9150390625
    },
    "14": {
      "eval_loss": 0.3099952470511198,
      "eval_acc": 0.900390625
    },
    "15": {
      "eval_loss": 0.23974606645060703,
      "eval_acc": 0.9228515625
    },
    "16": {
      "eval_loss": 0.19351676767109893,
      "eval_acc": 0.943359375
    },
    "17": {
      "eval_loss": 0.21806377649772912,
      "eval_acc": 0.9306640625
    },
    "18": {
      "eval_loss": 0.1789541064063087,
      "eval_acc": 0.9482421875
    },
    "19": {
      "eval_loss": 0.1909744146396406,
      "eval_acc": 0.9453125
    },
    "20": {
      "eval_loss": 0.18414877727627754,
      "eval_acc": 0.951171875
    }
  },
  "server_evaluate_metrics": {
    "0": {
      "loss": 1.3831079185009003,
      "accuracy": 0.134375
    },
    "1": {
      "loss": 1.1692556321620942,
      "accuracy": 0.4953125
    },
    "2": {
      "loss": 1.050099864602089,
      "accuracy": 0.5
    },
    "3": {
      "loss": 0.9636153608560563,
      "accuracy": 0.521875
    },
    "4": {
      "loss": 0.8996316105127334,
      "accuracy": 0.55625
    },
    "5": {
      "loss": 0.8095306992530823,
      "accuracy": 0.6046875
    },
    "6": {
      "loss": 0.703306594491005,
      "accuracy": 0.675
    },
    "7": {
      "loss": 0.6016464442014694,
      "accuracy": 0.76875
    },
    "8": {
      "loss": 0.5374117136001587,
      "accuracy": 0.7890625
    },
    "9": {
      "loss": 0.46117891520261767,
      "accuracy": 0.840625
    },
    "10": {
      "loss": 0.39540633112192153,
      "accuracy": 0.8765625
    },
    "11": {
      "loss": 0.3634310353547335,
      "accuracy": 0.8890625
    },
    "12": {
      "loss": 0.3511535719037056,
      "accuracy": 0.90625
    },
    "13": {
      "loss": 0.3096583321690559,
      "accuracy": 0.915625
    },
    "14": {
      "loss": 0.3498956002295017,
      "accuracy": 0.9
    },
    "15": {
      "loss": 0.3385184510610998,
      "accuracy": 0.91875
    },
    "16": {
      "loss": 0.3021349946036935,
      "accuracy": 0.9359375
    },
    "17": {
      "loss": 0.3048186024650931,
      "accuracy": 0.9296875
    },
    "18": {
      "loss": 0.29879398848861455,
      "accuracy": 0.9375
    },
    "19": {
      "loss": 0.2965588577091694,
      "accuracy": 0.93125
    },
    "20": {
      "loss": 0.2893626518547535,
      "accuracy": 0.9390625
    }
  }
}
