{
  "metadata": {
    "run_name": "main__homogeneous__vanilla__fedopt__noise-0.01__seed-44",
    "data_module": "experiments.reproduce.dataset.alzheimer:create_data_module",
    "partition_mode": "homogeneous",
    "partition_profile": "auto",
    "privacy": "vanilla",
    "aggregation": "fedopt",
    "seed": 44,
    "num_clients": 4,
    "rounds": 20,
    "local_epochs": 5,
    "noise_multiplier": 0.01,
    "clipping_norm": 5.0,
    "initialization_pretrained": true,
    "initialization_epochs": 20,
    "initialization_final_loss": 0.6233032077550889
  },
  "train_metrics": {
    "1": {
      "train_loss": 0.6198775346856564,
      "train_loss_mean": 0.7369219904765486
    },
    "2": {
      "train_loss": 0.787428677547723,
      "train_loss_mean": 7.528822735045106
    },
    "3": {
      "train_loss": 1.1618817914277315,
      "train_loss_mean": 4.581207114178687
    },
    "4": {
      "train_loss": 1.051532365847379,
      "train_loss_mean": 1.0879607218317686
    },
    "5": {
      "train_loss": 1.0404706848785281,
      "train_loss_mean": 1.0473935780115426
    },
    "6": {
      "train_loss": 1.0366679173894227,
      "train_loss_mean": 1.049838780146092
    },
    "7": {
      "train_loss": 1.0363359455950558,
      "train_loss_mean": 1.041020829975605
    },
    "8": {
      "train_loss": 1.0366046871058643,
      "train_loss_mean": 1.0488658624701201
    },
    "9": {
      "train_loss": 1.0368997021578252,
      "train_loss_mean": 1.0407595116645099
    },
    "10": {
      "train_loss": 1.0366517514921725,
      "train_loss_mean": 1.0528245875611901
    },
    "11": {
      "train_loss": 1.0368221993558109,
      "train_loss_mean": 1.0405567933805286
    },
    "12": {
      "train_loss": 1.0366801582276821,
      "train_loss_mean": 1.0543887889012695
    },
    "13": {
      "train_loss": 1.0368477450683713,
      "train_loss_mean": 1.0411103987134993
    },
    "14": {
      "train_loss": 1.0367067279294133,
      "train_loss_mean": 1.0537139404565097
    },
    "15": {
      "train_loss": 1.0369551293551922,
      "train_loss_mean": 1.0421143006533384
    },
    "16": {
      "train_loss": 1.0369223579764366,
      "train_loss_mean": 1.0531142275780438
    },
    "17": {
      "train_loss": 1.0370906773023307,
      "train_loss_mean": 1.0432829474098981
    },
    "18": {
      "train_loss": 1.0369340209290385,
      "train_loss_mean": 1.0550026666373014
    },
    "19": {
      "train_loss": 1.0370906759053469,
      "train_loss_mean": 1.0432829472236336
    },
    "20": {
      "train_loss": 1.0369336395524442,
      "train_loss_mean": 1.0549115643836557
    }
  },
  "client_evaluate_metrics": {
    "1": {
      "eval_loss": 31.433905482292175,
      "eval_acc": 0.5693359375
    },
    "2": {
      "eval_loss": 43.66827392578125,
      "eval_acc": 0.5
    },
    "3": {
      "eval_loss": 1.1649306267499924,
      "eval_acc": 0.34765625
    },
    "4": {
      "eval_loss": 1.070073738694191,
      "eval_acc": 0.5
    },
    "5": {
      "eval_loss": 1.1228913739323616,
      "eval_acc": 0.34765625
    },
    "6": {
      "eval_loss": 1.0855439398437738,
      "eval_acc": 0.5
    },
    "7": {
      "eval_loss": 1.122790414839983,
      "eval_acc": 0.34765625
    },
    "8": {
      "eval_loss": 1.0779441148042679,
      "eval_acc": 0.5
    },
    "9": {
      "eval_loss": 1.145482312887907,
      "eval_acc": 0.34765625
    },
    "10": {
      "eval_loss": 1.0778573509305716,
      "eval_acc": 0.5
    },
    "11": {
      "eval_loss": 1.1568492949008942,
      "eval_acc": 0.34765625
    },
    "12": {
      "eval_loss": 1.0815706178545952,
      "eval_acc": 0.5
    },
    "13": {
      "eval_loss": 1.1566992662847042,
      "eval_acc": 0.34765625
    },
    "14": {
      "eval_loss": 1.0885693486779928,
      "eval_acc": 0.5
    },
    "15": {
      "eval_loss": 1.1561772152781487,
      "eval_acc": 0.34765625
    },
    "16": {
      "eval_loss": 1.0983492955565453,
      "eval_acc": 0.5
    },
    "17": {
      "eval_loss": 1.168751709163189,
      "eval_acc": 0.34765625
    },
    "18": {
      "eval_loss": 1.0983492955565453,
      "eval_acc": 0.5
    },
    "19": {
      "eval_loss": 1.1670322492718697,
      "eval_acc": 0.34765625
    },
    "20": {
      "eval_loss": 1.0963796712458134,
      "eval_acc": 0.5
    }
  },
  "server_evaluate_metrics": {
    "0": {
      "loss": 0.9341617733240127,
      "accuracy": 0.5890625
    },
    "1": {
      "loss": 30.398066902160643,
      "accuracy": 0.5625
    },
    "2": {
      "loss": 44.07766399383545,
      "accuracy": 0.4953125
    },
    "3": {
      "loss": 1.1582539200782775,
      "accuracy": 0.359375
    },
    "4": {
      "loss": 1.0677261173725128,
      "accuracy": 0.4953125
    },
    "5": {
      "loss": 1.113086885213852,
      "accuracy": 0.359375
    },
    "6": {
      "loss": 1.082732507586479,
      "accuracy": 0.4953125
    },
    "7": {
      "loss": 1.1120443165302276,
      "accuracy": 0.359375
    },
    "8": {
      "loss": 1.0752252399921418,
      "accuracy": 0.4953125
    },
    "9": {
      "loss": 1.1343404471874237,
      "accuracy": 0.359375
    },
    "10": {
      "loss": 1.0751567333936691,
      "accuracy": 0.4953125
    },
    "11": {
      "loss": 1.1454747438430786,
      "accuracy": 0.359375
    },
    "12": {
      "loss": 1.0790006458759307,
      "accuracy": 0.4953125
    },
    "13": {
      "loss": 1.1453196287155152,
      "accuracy": 0.359375
    },
    "14": {
      "loss": 1.0858413219451903,
      "accuracy": 0.4953125
    },
    "15": {
      "loss": 1.1448213040828705,
      "accuracy": 0.359375
    },
    "16": {
      "loss": 1.0961598366498948,
      "accuracy": 0.4953125
    },
    "17": {
      "loss": 1.157172864675522,
      "accuracy": 0.359375
    },
    "18": {
      "loss": 1.0961598366498948,
      "accuracy": 0.4953125
    },
    "19": {
      "loss": 1.1554414331912994,
      "accuracy": 0.359375
    },
    "20": {
      "loss": 1.0942577391862869,
      "accuracy": 0.4953125
    }
  }
}
