{
  "metadata": {
    "run_name": "main__homogeneous__vanilla__fedavgm__noise-0.01__seed-45",
    "data_module": "experiments.reproduce.dataset.alzheimer:create_data_module",
    "partition_mode": "homogeneous",
    "partition_profile": "auto",
    "privacy": "vanilla",
    "aggregation": "fedavgm",
    "seed": 45,
    "num_clients": 4,
    "rounds": 20,
    "local_epochs": 5,
    "noise_multiplier": 0.01,
    "clipping_norm": 5.0,
    "initialization_pretrained": true,
    "initialization_epochs": 20,
    "initialization_final_loss": 0.3680857926607132
  },
  "train_metrics": {
    "1": {
      "train_loss": 0.4776724416296929,
      "train_loss_mean": 0.6579355414025485
    },
    "2": {
      "train_loss": 0.43965184420812875,
      "train_loss_mean": 0.6277812276734038
    },
    "3": {
      "train_loss": 0.36536553653422743,
      "train_loss_mean": 0.5718108578585088
    },
    "4": {
      "train_loss": 0.3064127868274227,
      "train_loss_mean": 0.5126182487932964
    },
    "5": {
      "train_loss": 0.26662992022465914,
      "train_loss_mean": 0.45986415484221654
    },
    "6": {
      "train_loss": 0.21050918195396662,
      "train_loss_mean": 0.40403579914709553
    },
    "7": {
      "train_loss": 0.18393957710941322,
      "train_loss_mean": 0.35184204158722426
    },
    "8": {
      "train_loss": 0.1601229070511181,
      "train_loss_mean": 0.3071645522606559
    },
    "9": {
      "train_loss": 0.12837436123663792,
      "train_loss_mean": 0.2673118728111149
    },
    "10": {
      "train_loss": 0.12135685966495657,
      "train_loss_mean": 0.2338291004081839
    },
    "11": {
      "train_loss": 0.10507539266473032,
      "train_loss_mean": 0.20593105490188462
    },
    "12": {
      "train_loss": 0.08407002075546188,
      "train_loss_mean": 0.18266954505670585
    },
    "13": {
      "train_loss": 0.08383511086140061,
      "train_loss_mean": 0.1689172875485383
    },
    "14": {
      "train_loss": 0.0749530941957346,
      "train_loss_mean": 0.1469180041556683
    },
    "15": {
      "train_loss": 0.06550125939247664,
      "train_loss_mean": 0.12955215978436171
    },
    "16": {
      "train_loss": 0.06398975868796697,
      "train_loss_mean": 0.12406433793803445
    },
    "17": {
      "train_loss": 0.07242711326398421,
      "train_loss_mean": 0.1136318266086164
    },
    "18": {
      "train_loss": 0.06941822832231992,
      "train_loss_mean": 0.10352849238697671
    },
    "19": {
      "train_loss": 0.06236390416233917,
      "train_loss_mean": 0.09390898388810455
    },
    "20": {
      "train_loss": 0.05093810597645643,
      "train_loss_mean": 0.08633745327624638
    }
  },
  "client_evaluate_metrics": {
    "1": {
      "eval_loss": 0.9191625826060772,
      "eval_acc": 0.6533203125
    },
    "2": {
      "eval_loss": 0.8257650081068277,
      "eval_acc": 0.6748046875
    },
    "3": {
      "eval_loss": 0.7476109806448221,
      "eval_acc": 0.6875
    },
    "4": {
      "eval_loss": 0.6872806884348392,
      "eval_acc": 0.6982421875
    },
    "5": {
      "eval_loss": 0.6338110473006964,
      "eval_acc": 0.71484375
    },
    "6": {
      "eval_loss": 0.5838959719985723,
      "eval_acc": 0.734375
    },
    "7": {
      "eval_loss": 0.5322887105867267,
      "eval_acc": 0.7666015625
    },
    "8": {
      "eval_loss": 0.4820552906021476,
      "eval_acc": 0.7900390625
    },
    "9": {
      "eval_loss": 0.43599552009254694,
      "eval_acc": 0.8134765625
    },
    "10": {
      "eval_loss": 0.3948870822787285,
      "eval_acc": 0.837890625
    },
    "11": {
      "eval_loss": 0.35616437532007694,
      "eval_acc": 0.857421875
    },
    "12": {
      "eval_loss": 0.32012960920110345,
      "eval_acc": 0.8740234375
    },
    "13": {
      "eval_loss": 0.2894114041700959,
      "eval_acc": 0.8955078125
    },
    "14": {
      "eval_loss": 0.26360750617459416,
      "eval_acc": 0.91015625
    },
    "15": {
      "eval_loss": 0.2418971776496619,
      "eval_acc": 0.9189453125
    },
    "16": {
      "eval_loss": 0.22329034772701561,
      "eval_acc": 0.9287109375
    },
    "17": {
      "eval_loss": 0.20759225357323885,
      "eval_acc": 0.9375
    },
    "18": {
      "eval_loss": 0.19332358113024384,
      "eval_acc": 0.9423828125
    },
    "19": {
      "eval_loss": 0.18104160064831376,
      "eval_acc": 0.9453125
    },
    "20": {
      "eval_loss": 0.16854534903541207,
      "eval_acc": 0.94921875
    }
  },
  "server_evaluate_metrics": {
    "0": {
      "loss": 1.0502767533063888,
      "accuracy": 0.6453125
    },
    "1": {
      "loss": 0.9647242307662964,
      "accuracy": 0.6578125
    },
    "2": {
      "loss": 0.8668513983488083,
      "accuracy": 0.6703125
    },
    "3": {
      "loss": 0.7856218308210373,
      "accuracy": 0.6796875
    },
    "4": {
      "loss": 0.7213687345385551,
      "accuracy": 0.6984375
    },
    "5": {
      "loss": 0.6672620192170143,
      "accuracy": 0.7140625
    },
    "6": {
      "loss": 0.6177423462271691,
      "accuracy": 0.7359375
    },
    "7": {
      "loss": 0.5705116599798202,
      "accuracy": 0.76875
    },
    "8": {
      "loss": 0.5263268560171127,
      "accuracy": 0.7875
    },
    "9": {
      "loss": 0.4830917201936245,
      "accuracy": 0.8125
    },
    "10": {
      "loss": 0.4427623264491558,
      "accuracy": 0.8265625
    },
    "11": {
      "loss": 0.4043459050357342,
      "accuracy": 0.8515625
    },
    "12": {
      "loss": 0.36883740574121476,
      "accuracy": 0.8703125
    },
    "13": {
      "loss": 0.3381507508456707,
      "accuracy": 0.8828125
    },
    "14": {
      "loss": 0.3102323107421398,
      "accuracy": 0.8921875
    },
    "15": {
      "loss": 0.286514425650239,
      "accuracy": 0.9
    },
    "16": {
      "loss": 0.26648747473955153,
      "accuracy": 0.90625
    },
    "17": {
      "loss": 0.24912655875086784,
      "accuracy": 0.915625
    },
    "18": {
      "loss": 0.23170438930392265,
      "accuracy": 0.9234375
    },
    "19": {
      "loss": 0.2180779667571187,
      "accuracy": 0.925
    },
    "20": {
      "loss": 0.20484806299209596,
      "accuracy": 0.9328125
    }
  }
}
