{
  "metadata": {
    "run_name": "main__non-iid__vanilla__fedavgm__noise-0.01__seed-42",
    "data_module": "experiments.reproduce.dataset.alzheimer:create_data_module",
    "partition_mode": "non-iid",
    "partition_profile": "auto",
    "privacy": "vanilla",
    "aggregation": "fedavgm",
    "seed": 42,
    "num_clients": 4,
    "rounds": 20,
    "local_epochs": 5,
    "noise_multiplier": 0.01,
    "clipping_norm": 5.0,
    "initialization_pretrained": true,
    "initialization_epochs": 20,
    "initialization_final_loss": 0.6099204570055008
  },
  "train_metrics": {
    "1": {
      "train_loss": 0.5075197796458784,
      "train_loss_mean": 0.6759898601462915
    },
    "2": {
      "train_loss": 0.43849230681795814,
      "train_loss_mean": 0.6302874925009029
    },
    "3": {
      "train_loss": 0.36271882620624174,
      "train_loss_mean": 0.5659418409460046
    },
    "4": {
      "train_loss": 0.29514607316693797,
      "train_loss_mean": 0.502650595095298
    },
    "5": {
      "train_loss": 0.23104624941755808,
      "train_loss_mean": 0.43230008769272654
    },
    "6": {
      "train_loss": 0.19516936258668136,
      "train_loss_mean": 0.37123119163990725
    },
    "7": {
      "train_loss": 0.15954338168087506,
      "train_loss_mean": 0.308458145673632
    },
    "8": {
      "train_loss": 0.12148930727147952,
      "train_loss_mean": 0.2592985281714843
    },
    "9": {
      "train_loss": 0.1262902348717692,
      "train_loss_mean": 0.22487603515908886
    },
    "10": {
      "train_loss": 0.0897053930059696,
      "train_loss_mean": 0.18659211078084983
    },
    "11": {
      "train_loss": 0.07254063632952538,
      "train_loss_mean": 0.15647031321619334
    },
    "12": {
      "train_loss": 0.07841770929927266,
      "train_loss_mean": 0.14001129633493625
    },
    "13": {
      "train_loss": 0.07495376622667385,
      "train_loss_mean": 0.12397103813628366
    },
    "14": {
      "train_loss": 0.052479271631099604,
      "train_loss_mean": 0.10579930285358564
    },
    "15": {
      "train_loss": 0.0712698348850748,
      "train_loss_mean": 0.09756715980324983
    },
    "16": {
      "train_loss": 0.048498554549461594,
      "train_loss_mean": 0.09149341661576091
    },
    "17": {
      "train_loss": 0.04819451560042584,
      "train_loss_mean": 0.08505381611679146
    },
    "18": {
      "train_loss": 0.03375367593824587,
      "train_loss_mean": 0.07633978041324198
    },
    "19": {
      "train_loss": 0.05133246021066816,
      "train_loss_mean": 0.0738879753299056
    },
    "20": {
      "train_loss": 0.05448064396346844,
      "train_loss_mean": 0.06815630703392819
    }
  },
  "client_evaluate_metrics": {
    "1": {
      "eval_loss": 0.7690080522793775,
      "eval_acc": 0.6432748538011697
    },
    "2": {
      "eval_loss": 0.7399144888388948,
      "eval_acc": 0.661793372319688
    },
    "3": {
      "eval_loss": 0.7070999275638811,
      "eval_acc": 0.6754385964912281
    },
    "4": {
      "eval_loss": 0.6692996076208342,
      "eval_acc": 0.6968810916179338
    },
    "5": {
      "eval_loss": 0.6258344208752668,
      "eval_acc": 0.7173489278752436
    },
    "6": {
      "eval_loss": 0.5774740726627103,
      "eval_acc": 0.7417153996101364
    },
    "7": {
      "eval_loss": 0.5256954185214424,
      "eval_acc": 0.7660818713450293
    },
    "8": {
      "eval_loss": 0.47215011942456336,
      "eval_acc": 0.7933723196881092
    },
    "9": {
      "eval_loss": 0.4206159088695258,
      "eval_acc": 0.8177387914230021
    },
    "10": {
      "eval_loss": 0.37307295209018343,
      "eval_acc": 0.8430799220272904
    },
    "11": {
      "eval_loss": 0.3307392272451932,
      "eval_acc": 0.8606237816764133
    },
    "12": {
      "eval_loss": 0.29380928906548553,
      "eval_acc": 0.8840155945419103
    },
    "13": {
      "eval_loss": 0.2613004725172273,
      "eval_acc": 0.9103313840155944
    },
    "14": {
      "eval_loss": 0.23584036421589916,
      "eval_acc": 0.9210526315789473
    },
    "15": {
      "eval_loss": 0.2133934583086484,
      "eval_acc": 0.9327485380116958
    },
    "16": {
      "eval_loss": 0.19578402344188262,
      "eval_acc": 0.9346978557504872
    },
    "17": {
      "eval_loss": 0.18171640404193257,
      "eval_acc": 0.9483430799220273
    },
    "18": {
      "eval_loss": 0.16848181077727564,
      "eval_acc": 0.9532163742690059
    },
    "19": {
      "eval_loss": 0.15641368347534196,
      "eval_acc": 0.9580896686159843
    },
    "20": {
      "eval_loss": 0.14843145194399893,
      "eval_acc": 0.9600389863547758
    }
  },
  "server_evaluate_metrics": {
    "0": {
      "loss": 0.8556346535682678,
      "accuracy": 0.6203125
    },
    "1": {
      "loss": 0.8247204959392548,
      "accuracy": 0.6265625
    },
    "2": {
      "loss": 0.7880182802677155,
      "accuracy": 0.6453125
    },
    "3": {
      "loss": 0.7481261745095253,
      "accuracy": 0.665625
    },
    "4": {
      "loss": 0.704002796113491,
      "accuracy": 0.690625
    },
    "5": {
      "loss": 0.6564203798770905,
      "accuracy": 0.71875
    },
    "6": {
      "loss": 0.6036065801978111,
      "accuracy": 0.7484375
    },
    "7": {
      "loss": 0.5523397952318192,
      "accuracy": 0.771875
    },
    "8": {
      "loss": 0.5041948437690735,
      "accuracy": 0.796875
    },
    "9": {
      "loss": 0.4602044396102428,
      "accuracy": 0.8265625
    },
    "10": {
      "loss": 0.42144275903701783,
      "accuracy": 0.8484375
    },
    "11": {
      "loss": 0.3876602705568075,
      "accuracy": 0.865625
    },
    "12": {
      "loss": 0.3598152048885822,
      "accuracy": 0.8796875
    },
    "13": {
      "loss": 0.33642403967678547,
      "accuracy": 0.8984375
    },
    "14": {
      "loss": 0.3186429934576154,
      "accuracy": 0.9
    },
    "15": {
      "loss": 0.3037289448082447,
      "accuracy": 0.9046875
    },
    "16": {
      "loss": 0.2932921851053834,
      "accuracy": 0.9171875
    },
    "17": {
      "loss": 0.28453526813536884,
      "accuracy": 0.9234375
    },
    "18": {
      "loss": 0.27838747054338453,
      "accuracy": 0.928125
    },
    "19": {
      "loss": 0.2718616581521928,
      "accuracy": 0.9359375
    },
    "20": {
      "loss": 0.26621742686256766,
      "accuracy": 0.9375
    }
  }
}
