{
  "metadata": {
    "run_name": "main__homogeneous__global-dp__fedopt__noise-0.01__seed-45",
    "data_module": "experiments.reproduce.dataset.alzheimer:create_data_module",
    "partition_mode": "homogeneous",
    "partition_profile": "auto",
    "privacy": "global-dp",
    "aggregation": "fedopt",
    "seed": 45,
    "num_clients": 4,
    "rounds": 20,
    "local_epochs": 5,
    "noise_multiplier": 0.01,
    "clipping_norm": 5.0,
    "initialization_pretrained": true,
    "initialization_epochs": 20,
    "initialization_final_loss": 0.3571535624563694
  },
  "train_metrics": {
    "1": {
      "train_loss": 0.4799203195143491,
      "train_loss_mean": 0.664416897832416
    },
    "2": {
      "train_loss": 1.103249522857368,
      "train_loss_mean": 14.576012987364084
    },
    "3": {
      "train_loss": 56.38979694247246,
      "train_loss_mean": 56.45097122192383
    },
    "4": {
      "train_loss": 1.0419662124477327,
      "train_loss_mean": 3.8626398982480166
    },
    "5": {
      "train_loss": 1.0371223636902869,
      "train_loss_mean": 3.8249920474365355
    },
    "6": {
      "train_loss": 1.0358951375819743,
      "train_loss_mean": 1.0459237514995037
    },
    "7": {
      "train_loss": 1.0358721325173974,
      "train_loss_mean": 1.1221016727387907
    },
    "8": {
      "train_loss": 1.036216570995748,
      "train_loss_mean": 1.3309250826947392
    },
    "9": {
      "train_loss": 1.036014350131154,
      "train_loss_mean": 1.038268337957561
    },
    "10": {
      "train_loss": 1.0381242744624615,
      "train_loss_mean": 1.0935057877562941
    },
    "11": {
      "train_loss": 1.0366163272410631,
      "train_loss_mean": 1.0695578319020569
    },
    "12": {
      "train_loss": 1.0370188727974892,
      "train_loss_mean": 1.0525594888255
    },
    "13": {
      "train_loss": 1.0366738918237388,
      "train_loss_mean": 1.0376104682683944
    },
    "14": {
      "train_loss": 1.0376587440259755,
      "train_loss_mean": 1.0623980892822145
    },
    "15": {
      "train_loss": 1.0368135133758187,
      "train_loss_mean": 1.0374778053723275
    },
    "16": {
      "train_loss": 1.0374165382236242,
      "train_loss_mean": 1.0582673468627035
    },
    "17": {
      "train_loss": 1.0368719748221338,
      "train_loss_mean": 1.0382536618970335
    },
    "18": {
      "train_loss": 1.0375264431349933,
      "train_loss_mean": 1.0575968289747835
    },
    "19": {
      "train_loss": 1.03691539587453,
      "train_loss_mean": 1.2858215540647506
    },
    "20": {
      "train_loss": 1.036952344700694,
      "train_loss_mean": 1.6351310992613435
    }
  },
  "client_evaluate_metrics": {
    "1": {
      "eval_loss": 43.66827392578125,
      "eval_acc": 0.5
    },
    "2": {
      "eval_loss": 56.973450899124146,
      "eval_acc": 0.34765625
    },
    "3": {
      "eval_loss": 48.76282286643982,
      "eval_acc": 0.34765625
    },
    "4": {
      "eval_loss": 43.66827392578125,
      "eval_acc": 0.5
    },
    "5": {
      "eval_loss": 1.1081840936094522,
      "eval_acc": 0.34765625
    },
    "6": {
      "eval_loss": 14.1700119972229,
      "eval_acc": 0.5
    },
    "7": {
      "eval_loss": 44.80405521392822,
      "eval_acc": 0.1337890625
    },
    "8": {
      "eval_loss": 1.0660712104290724,
      "eval_acc": 0.5
    },
    "9": {
      "eval_loss": 1.1159039828926325,
      "eval_acc": 0.34765625
    },
    "10": {
      "eval_loss": 2.853750618174672,
      "eval_acc": 0.5
    },
    "11": {
      "eval_loss": 1.1360266469419003,
      "eval_acc": 0.34765625
    },
    "12": {
      "eval_loss": 1.0582109205424786,
      "eval_acc": 0.5
    },
    "13": {
      "eval_loss": 1.173261420801282,
      "eval_acc": 0.34765625
    },
    "14": {
      "eval_loss": 1.0565229579806328,
      "eval_acc": 0.5
    },
    "15": {
      "eval_loss": 1.1580578405410051,
      "eval_acc": 0.34765625
    },
    "16": {
      "eval_loss": 1.061478603631258,
      "eval_acc": 0.5
    },
    "17": {
      "eval_loss": 1.1501206010580063,
      "eval_acc": 0.34765625
    },
    "18": {
      "eval_loss": 51.29766631126404,
      "eval_acc": 0.1826171875
    },
    "19": {
      "eval_loss": 31.895054757595062,
      "eval_acc": 0.34765625
    },
    "20": {
      "eval_loss": 2.9006241653114557,
      "eval_acc": 0.5
    }
  },
  "server_evaluate_metrics": {
    "0": {
      "loss": 1.0127289861440658,
      "accuracy": 0.6546875
    },
    "1": {
      "loss": 44.07766399383545,
      "accuracy": 0.4953125
    },
    "2": {
      "loss": 55.94997577667236,
      "accuracy": 0.359375
    },
    "3": {
      "loss": 47.98692455291748,
      "accuracy": 0.359375
    },
    "4": {
      "loss": 44.07766399383545,
      "accuracy": 0.4953125
    },
    "5": {
      "loss": 1.0927268266677856,
      "accuracy": 0.359375
    },
    "6": {
      "loss": 14.160773015022277,
      "accuracy": 0.4953125
    },
    "7": {
      "loss": 46.74864597320557,
      "accuracy": 0.134375
    },
    "8": {
      "loss": 1.0633859753608703,
      "accuracy": 0.4953125
    },
    "9": {
      "loss": 1.1011434286832809,
      "accuracy": 0.359375
    },
    "10": {
      "loss": 2.4671524077653886,
      "accuracy": 0.4953125
    },
    "11": {
      "loss": 1.1192559152841568,
      "accuracy": 0.359375
    },
    "12": {
      "loss": 1.055732434988022,
      "accuracy": 0.4953125
    },
    "13": {
      "loss": 1.1546917408704758,
      "accuracy": 0.359375
    },
    "14": {
      "loss": 1.0538477450609207,
      "accuracy": 0.4953125
    },
    "15": {
      "loss": 1.1403499990701675,
      "accuracy": 0.359375
    },
    "16": {
      "loss": 1.059802281856537,
      "accuracy": 0.4953125
    },
    "17": {
      "loss": 1.132663306593895,
      "accuracy": 0.359375
    },
    "18": {
      "loss": 51.03799819946289,
      "accuracy": 0.1859375
    },
    "19": {
      "loss": 31.648112964630126,
      "accuracy": 0.359375
    },
    "20": {
      "loss": 3.0007270693778993,
      "accuracy": 0.4953125
    }
  }
}
