{
  "metadata": {
    "run_name": "main__homogeneous__global-dp__fedprox__noise-0.01__seed-43",
    "data_module": "experiments.reproduce.dataset.alzheimer:create_data_module",
    "partition_mode": "homogeneous",
    "partition_profile": "auto",
    "privacy": "global-dp",
    "aggregation": "fedprox",
    "seed": 43,
    "num_clients": 4,
    "rounds": 20,
    "local_epochs": 5,
    "noise_multiplier": 0.01,
    "clipping_norm": 5.0,
    "initialization_pretrained": false,
    "initialization_epochs": 0,
    "initialization_final_loss": null
  },
  "train_metrics": {
    "1": {
      "train_loss": 1.17302664835006,
      "train_loss_mean": 1.246553500648588
    },
    "2": {
      "train_loss": 1.1113170613534749,
      "train_loss_mean": 1.1575343684293329
    },
    "3": {
      "train_loss": 1.0931796664372087,
      "train_loss_mean": 1.123710477165878
    },
    "4": {
      "train_loss": 1.0815332112833858,
      "train_loss_mean": 1.118041248805821
    },
    "5": {
      "train_loss": 1.0758679355494678,
      "train_loss_mean": 1.1073443965055048
    },
    "6": {
      "train_loss": 1.0740085016004741,
      "train_loss_mean": 1.1056614550761878
    },
    "7": {
      "train_loss": 1.058160803746432,
      "train_loss_mean": 1.0996370221488179
    },
    "8": {
      "train_loss": 1.0544837680645287,
      "train_loss_mean": 1.094217568449676
    },
    "9": {
      "train_loss": 1.0497243232093751,
      "train_loss_mean": 1.0862714781425895
    },
    "10": {
      "train_loss": 1.0415353840216994,
      "train_loss_mean": 1.0829924741759898
    },
    "11": {
      "train_loss": 1.0380840208381414,
      "train_loss_mean": 1.0678534959442914
    },
    "12": {
      "train_loss": 1.0302532608620822,
      "train_loss_mean": 1.059769033268094
    },
    "13": {
      "train_loss": 1.024653136730194,
      "train_loss_mean": 1.0603691617026925
    },
    "14": {
      "train_loss": 1.0237894533202052,
      "train_loss_mean": 1.0598614949733018
    },
    "15": {
      "train_loss": 1.0155925042927265,
      "train_loss_mean": 1.0550344418734312
    },
    "16": {
      "train_loss": 1.0273017538711429,
      "train_loss_mean": 1.048396162316203
    },
    "17": {
      "train_loss": 1.0123442746698856,
      "train_loss_mean": 1.041668432764709
    },
    "18": {
      "train_loss": 1.0131320022046566,
      "train_loss_mean": 1.0370634865015746
    },
    "19": {
      "train_loss": 1.0051331748254597,
      "train_loss_mean": 1.0319587265141308
    },
    "20": {
      "train_loss": 1.0003525172360241,
      "train_loss_mean": 1.0254135738126935
    }
  },
  "client_evaluate_metrics": {
    "1": {
      "eval_loss": 1.050157466903329,
      "eval_acc": 0.5
    },
    "2": {
      "eval_loss": 1.0568515844643116,
      "eval_acc": 0.5
    },
    "3": {
      "eval_loss": 1.0387762691825628,
      "eval_acc": 0.5
    },
    "4": {
      "eval_loss": 1.021822676062584,
      "eval_acc": 0.5
    },
    "5": {
      "eval_loss": 1.020826680585742,
      "eval_acc": 0.5
    },
    "6": {
      "eval_loss": 1.0122636742889881,
      "eval_acc": 0.501953125
    },
    "7": {
      "eval_loss": 1.0020353253930807,
      "eval_acc": 0.501953125
    },
    "8": {
      "eval_loss": 1.0293194632977247,
      "eval_acc": 0.5078125
    },
    "9": {
      "eval_loss": 0.9928330667316914,
      "eval_acc": 0.5205078125
    },
    "10": {
      "eval_loss": 1.0221059285104275,
      "eval_acc": 0.5234375
    },
    "11": {
      "eval_loss": 0.9841060247272253,
      "eval_acc": 0.5234375
    },
    "12": {
      "eval_loss": 0.9748292844742537,
      "eval_acc": 0.5166015625
    },
    "13": {
      "eval_loss": 0.9629914779216051,
      "eval_acc": 0.5234375
    },
    "14": {
      "eval_loss": 0.9435311388224363,
      "eval_acc": 0.53125
    },
    "15": {
      "eval_loss": 0.9478390105068684,
      "eval_acc": 0.5185546875
    },
    "16": {
      "eval_loss": 0.9592850208282471,
      "eval_acc": 0.517578125
    },
    "17": {
      "eval_loss": 0.9247744884341955,
      "eval_acc": 0.5234375
    },
    "18": {
      "eval_loss": 0.9236099757254124,
      "eval_acc": 0.546875
    },
    "19": {
      "eval_loss": 0.9300994966179132,
      "eval_acc": 0.533203125
    },
    "20": {
      "eval_loss": 0.9371126629412174,
      "eval_acc": 0.529296875
    }
  },
  "server_evaluate_metrics": {
    "0": {
      "loss": 1.3831079185009003,
      "accuracy": 0.134375
    },
    "1": {
      "loss": 1.0460236191749572,
      "accuracy": 0.4953125
    },
    "2": {
      "loss": 1.0517768919467927,
      "accuracy": 0.4953125
    },
    "3": {
      "loss": 1.0360681354999541,
      "accuracy": 0.4953125
    },
    "4": {
      "loss": 1.0178544610738753,
      "accuracy": 0.4953125
    },
    "5": {
      "loss": 1.0180237531661986,
      "accuracy": 0.4953125
    },
    "6": {
      "loss": 1.0135846465826035,
      "accuracy": 0.4953125
    },
    "7": {
      "loss": 1.0056524664163589,
      "accuracy": 0.496875
    },
    "8": {
      "loss": 1.0321070045232772,
      "accuracy": 0.5015625
    },
    "9": {
      "loss": 0.998575821518898,
      "accuracy": 0.503125
    },
    "10": {
      "loss": 1.030482718348503,
      "accuracy": 0.5046875
    },
    "11": {
      "loss": 1.0032620072364806,
      "accuracy": 0.50625
    },
    "12": {
      "loss": 0.9951917290687561,
      "accuracy": 0.5046875
    },
    "13": {
      "loss": 0.9800945073366165,
      "accuracy": 0.50625
    },
    "14": {
      "loss": 0.9556434363126755,
      "accuracy": 0.5234375
    },
    "15": {
      "loss": 0.9729326456785202,
      "accuracy": 0.5078125
    },
    "16": {
      "loss": 0.983788013458252,
      "accuracy": 0.5125
    },
    "17": {
      "loss": 0.9481059521436691,
      "accuracy": 0.525
    },
    "18": {
      "loss": 0.9398987144231796,
      "accuracy": 0.5359375
    },
    "19": {
      "loss": 0.9571347326040268,
      "accuracy": 0.5171875
    },
    "20": {
      "loss": 0.9613679945468903,
      "accuracy": 0.5171875
    }
  }
}
