{
  "metadata": {
    "run_name": "main__homogeneous__vanilla__fedavg__noise-0.01__seed-46",
    "data_module": "experiments.reproduce.dataset.alzheimer:create_data_module",
    "partition_mode": "homogeneous",
    "partition_profile": "auto",
    "privacy": "vanilla",
    "aggregation": "fedavg",
    "seed": 46,
    "num_clients": 4,
    "rounds": 20,
    "local_epochs": 5,
    "noise_multiplier": 0.01,
    "clipping_norm": 5.0,
    "initialization_pretrained": false,
    "initialization_epochs": 0,
    "initialization_final_loss": null
  },
  "train_metrics": {
    "1": {
      "train_loss": 0.9775430946610868,
      "train_loss_mean": 1.0389524122700096
    },
    "2": {
      "train_loss": 0.8542530359700322,
      "train_loss_mean": 0.931052201706916
    },
    "3": {
      "train_loss": 0.6251019076444209,
      "train_loss_mean": 0.7615013865754009
    },
    "4": {
      "train_loss": 0.32082372589502484,
      "train_loss_mean": 0.4907581108622253
    },
    "5": {
      "train_loss": 0.16164050457882695,
      "train_loss_mean": 0.27970406367676337
    },
    "6": {
      "train_loss": 0.09985810796933947,
      "train_loss_mean": 0.17094631306681551
    },
    "7": {
      "train_loss": 0.08048504090220376,
      "train_loss_mean": 0.11284189512043669
    },
    "8": {
      "train_loss": 0.06302915585638402,
      "train_loss_mean": 0.08484698990778271
    },
    "9": {
      "train_loss": 0.0517419488487576,
      "train_loss_mean": 0.06810171832203196
    },
    "10": {
      "train_loss": 0.030373472501196375,
      "train_loss_mean": 0.0565032827662435
    },
    "11": {
      "train_loss": 0.047262589932984156,
      "train_loss_mean": 0.050050654821316695
    },
    "12": {
      "train_loss": 0.03308389526341671,
      "train_loss_mean": 0.04237582858187033
    },
    "13": {
      "train_loss": 0.022970649384262742,
      "train_loss_mean": 0.032058616188646735
    },
    "14": {
      "train_loss": 0.023727514595009325,
      "train_loss_mean": 0.03825310932895767
    },
    "15": {
      "train_loss": 0.030644132830701665,
      "train_loss_mean": 0.0279749740374136
    },
    "16": {
      "train_loss": 0.014202267220582598,
      "train_loss_mean": 0.023921587745572383
    },
    "17": {
      "train_loss": 0.023554220338745324,
      "train_loss_mean": 0.02627554332826077
    },
    "18": {
      "train_loss": 0.024436653530720776,
      "train_loss_mean": 0.026601894964578144
    },
    "19": {
      "train_loss": 0.02020514251042016,
      "train_loss_mean": 0.0188629900904747
    },
    "20": {
      "train_loss": 0.021165138006842277,
      "train_loss_mean": 0.014626146456911727
    }
  },
  "client_evaluate_metrics": {
    "1": {
      "eval_loss": 1.0191399473696947,
      "eval_acc": 0.5107421875
    },
    "2": {
      "eval_loss": 0.8562266528606415,
      "eval_acc": 0.578125
    },
    "3": {
      "eval_loss": 0.6831906884908676,
      "eval_acc": 0.6630859375
    },
    "4": {
      "eval_loss": 0.496776076965034,
      "eval_acc": 0.78125
    },
    "5": {
      "eval_loss": 0.37803388433530927,
      "eval_acc": 0.83984375
    },
    "6": {
      "eval_loss": 0.29231343348510563,
      "eval_acc": 0.8984375
    },
    "7": {
      "eval_loss": 0.24633525405079126,
      "eval_acc": 0.91796875
    },
    "8": {
      "eval_loss": 0.19030534336343408,
      "eval_acc": 0.9404296875
    },
    "9": {
      "eval_loss": 0.15974559960886836,
      "eval_acc": 0.9541015625
    },
    "10": {
      "eval_loss": 0.14188712579198182,
      "eval_acc": 0.9599609375
    },
    "11": {
      "eval_loss": 0.13685884792357683,
      "eval_acc": 0.958984375
    },
    "12": {
      "eval_loss": 0.15612475029774942,
      "eval_acc": 0.9521484375
    },
    "13": {
      "eval_loss": 0.14770312074688263,
      "eval_acc": 0.9609375
    },
    "14": {
      "eval_loss": 0.13718973891809583,
      "eval_acc": 0.96484375
    },
    "15": {
      "eval_loss": 0.15105654689250514,
      "eval_acc": 0.9599609375
    },
    "16": {
      "eval_loss": 0.14860577958461363,
      "eval_acc": 0.9619140625
    },
    "17": {
      "eval_loss": 0.14485054451506585,
      "eval_acc": 0.9599609375
    },
    "18": {
      "eval_loss": 0.13102310726389987,
      "eval_acc": 0.9736328125
    },
    "19": {
      "eval_loss": 0.12848551207207493,
      "eval_acc": 0.9716796875
    },
    "20": {
      "eval_loss": 0.11545761171146296,
      "eval_acc": 0.9775390625
    }
  },
  "server_evaluate_metrics": {
    "0": {
      "loss": 1.395263397693634,
      "accuracy": 0.0109375
    },
    "1": {
      "loss": 1.013721576333046,
      "accuracy": 0.5015625
    },
    "2": {
      "loss": 0.8657643824815751,
      "accuracy": 0.5828125
    },
    "3": {
      "loss": 0.72891945540905,
      "accuracy": 0.678125
    },
    "4": {
      "loss": 0.5993169188499451,
      "accuracy": 0.784375
    },
    "5": {
      "loss": 0.48602627739310267,
      "accuracy": 0.8203125
    },
    "6": {
      "loss": 0.41229853704571723,
      "accuracy": 0.875
    },
    "7": {
      "loss": 0.34422286618500947,
      "accuracy": 0.9
    },
    "8": {
      "loss": 0.2919109590351582,
      "accuracy": 0.925
    },
    "9": {
      "loss": 0.2554603792726994,
      "accuracy": 0.9296875
    },
    "10": {
      "loss": 0.23353831693530083,
      "accuracy": 0.934375
    },
    "11": {
      "loss": 0.2318903960287571,
      "accuracy": 0.940625
    },
    "12": {
      "loss": 0.2436331900767982,
      "accuracy": 0.9453125
    },
    "13": {
      "loss": 0.21984757697209717,
      "accuracy": 0.9609375
    },
    "14": {
      "loss": 0.22013512142002584,
      "accuracy": 0.9578125
    },
    "15": {
      "loss": 0.20387176754884423,
      "accuracy": 0.96875
    },
    "16": {
      "loss": 0.1999282126314938,
      "accuracy": 0.96875
    },
    "17": {
      "loss": 0.21248206100426614,
      "accuracy": 0.9609375
    },
    "18": {
      "loss": 0.21391954199934843,
      "accuracy": 0.96875
    },
    "19": {
      "loss": 0.22438668225659059,
      "accuracy": 0.96875
    },
    "20": {
      "loss": 0.21563956227619202,
      "accuracy": 0.9703125
    }
  }
}
