{
  "metadata": {
    "run_name": "main__homogeneous__global-dp__fedavgm__noise-0.01__seed-45",
    "data_module": "experiments.reproduce.dataset.alzheimer:create_data_module",
    "partition_mode": "homogeneous",
    "partition_profile": "auto",
    "privacy": "global-dp",
    "aggregation": "fedavgm",
    "seed": 45,
    "num_clients": 4,
    "rounds": 20,
    "local_epochs": 5,
    "noise_multiplier": 0.01,
    "clipping_norm": 5.0,
    "initialization_pretrained": true,
    "initialization_epochs": 20,
    "initialization_final_loss": 0.25939326621592046
  },
  "train_metrics": {
    "1": {
      "train_loss": 0.412514160387218,
      "train_loss_mean": 0.6233777123037725
    },
    "2": {
      "train_loss": 0.42664403503295034,
      "train_loss_mean": 0.6303800156572834
    },
    "3": {
      "train_loss": 0.39424756122753024,
      "train_loss_mean": 0.6048472435213625
    },
    "4": {
      "train_loss": 0.3360172004904598,
      "train_loss_mean": 0.5700968974269927
    },
    "5": {
      "train_loss": 0.32974780607037246,
      "train_loss_mean": 0.5553769247140735
    },
    "6": {
      "train_loss": 0.3105066887801513,
      "train_loss_mean": 0.5394552033161745
    },
    "7": {
      "train_loss": 0.27902412496041507,
      "train_loss_mean": 0.5158932449063286
    },
    "8": {
      "train_loss": 0.24553486169315875,
      "train_loss_mean": 0.4839384613325819
    },
    "9": {
      "train_loss": 0.25295195044600405,
      "train_loss_mean": 0.47372513346490447
    },
    "10": {
      "train_loss": 0.22312931905617006,
      "train_loss_mean": 0.4454466112947557
    },
    "11": {
      "train_loss": 0.20074227472650819,
      "train_loss_mean": 0.42482904632925056
    },
    "12": {
      "train_loss": 0.19337133076624013,
      "train_loss_mean": 0.406084835639922
    },
    "13": {
      "train_loss": 0.16917273562285118,
      "train_loss_mean": 0.38359777650912297
    },
    "14": {
      "train_loss": 0.15541023774130736,
      "train_loss_mean": 0.36555031532479915
    },
    "15": {
      "train_loss": 0.13956655314541422,
      "train_loss_mean": 0.34318037745542823
    },
    "16": {
      "train_loss": 0.13119798454863485,
      "train_loss_mean": 0.3230166910827393
    },
    "17": {
      "train_loss": 0.127602855238365,
      "train_loss_mean": 0.3058510464557912
    },
    "18": {
      "train_loss": 0.1229067390813725,
      "train_loss_mean": 0.29587008456292097
    },
    "19": {
      "train_loss": 0.10530200790526578,
      "train_loss_mean": 0.2732038100963109
    },
    "20": {
      "train_loss": 0.13112595802522264,
      "train_loss_mean": 0.2650669457769254
    }
  },
  "client_evaluate_metrics": {
    "1": {
      "eval_loss": 1.069035043939948,
      "eval_acc": 0.646484375
    },
    "2": {
      "eval_loss": 0.9432536289095879,
      "eval_acc": 0.66796875
    },
    "3": {
      "eval_loss": 0.9023789297789335,
      "eval_acc": 0.6689453125
    },
    "4": {
      "eval_loss": 0.8361663948744535,
      "eval_acc": 0.6826171875
    },
    "5": {
      "eval_loss": 0.8319313991814852,
      "eval_acc": 0.685546875
    },
    "6": {
      "eval_loss": 0.8347887462005019,
      "eval_acc": 0.6953125
    },
    "7": {
      "eval_loss": 0.7911592591553926,
      "eval_acc": 0.69140625
    },
    "8": {
      "eval_loss": 0.7442419091239572,
      "eval_acc": 0.6962890625
    },
    "9": {
      "eval_loss": 0.7404319932684302,
      "eval_acc": 0.705078125
    },
    "10": {
      "eval_loss": 0.7211679499596357,
      "eval_acc": 0.7109375
    },
    "11": {
      "eval_loss": 0.7073650164529681,
      "eval_acc": 0.708984375
    },
    "12": {
      "eval_loss": 0.7006766060367227,
      "eval_acc": 0.724609375
    },
    "13": {
      "eval_loss": 0.6566533595323563,
      "eval_acc": 0.724609375
    },
    "14": {
      "eval_loss": 0.6484832428395748,
      "eval_acc": 0.7353515625
    },
    "15": {
      "eval_loss": 0.616619591601193,
      "eval_acc": 0.7421875
    },
    "16": {
      "eval_loss": 0.6097935829311609,
      "eval_acc": 0.7490234375
    },
    "17": {
      "eval_loss": 0.6065760413184762,
      "eval_acc": 0.7509765625
    },
    "18": {
      "eval_loss": 0.5509479911997914,
      "eval_acc": 0.7666015625
    },
    "19": {
      "eval_loss": 0.5469734100624919,
      "eval_acc": 0.76171875
    },
    "20": {
      "eval_loss": 0.5177115090191364,
      "eval_acc": 0.775390625
    }
  },
  "server_evaluate_metrics": {
    "0": {
      "loss": 1.0459981679916381,
      "accuracy": 0.625
    },
    "1": {
      "loss": 1.1549093782901765,
      "accuracy": 0.61875
    },
    "2": {
      "loss": 1.0268132239580154,
      "accuracy": 0.63125
    },
    "3": {
      "loss": 0.9801102623343467,
      "accuracy": 0.63125
    },
    "4": {
      "loss": 0.9122644186019897,
      "accuracy": 0.6546875
    },
    "5": {
      "loss": 0.8926335096359252,
      "accuracy": 0.6609375
    },
    "6": {
      "loss": 0.9159178540110589,
      "accuracy": 0.659375
    },
    "7": {
      "loss": 0.8494958788156509,
      "accuracy": 0.659375
    },
    "8": {
      "loss": 0.8092863529920578,
      "accuracy": 0.6703125
    },
    "9": {
      "loss": 0.8014596283435822,
      "accuracy": 0.671875
    },
    "10": {
      "loss": 0.7994114354252815,
      "accuracy": 0.678125
    },
    "11": {
      "loss": 0.7723231211304664,
      "accuracy": 0.6890625
    },
    "12": {
      "loss": 0.7704147517681121,
      "accuracy": 0.6875
    },
    "13": {
      "loss": 0.7274627402424813,
      "accuracy": 0.7078125
    },
    "14": {
      "loss": 0.7120267264544964,
      "accuracy": 0.7015625
    },
    "15": {
      "loss": 0.6935691565275193,
      "accuracy": 0.728125
    },
    "16": {
      "loss": 0.6900935113430023,
      "accuracy": 0.7171875
    },
    "17": {
      "loss": 0.6741365909576416,
      "accuracy": 0.7296875
    },
    "18": {
      "loss": 0.625856863707304,
      "accuracy": 0.7625
    },
    "19": {
      "loss": 0.6192347802221775,
      "accuracy": 0.7515625
    },
    "20": {
      "loss": 0.5948600724339486,
      "accuracy": 0.775
    }
  }
}
