{
  "metadata": {
    "run_name": "main__homogeneous__metric-privacy__fedyogi__noise-0.01__seed-43",
    "data_module": "experiments.reproduce.dataset.alzheimer:create_data_module",
    "partition_mode": "homogeneous",
    "partition_profile": "auto",
    "privacy": "metric-privacy",
    "aggregation": "fedyogi",
    "seed": 43,
    "num_clients": 4,
    "rounds": 20,
    "local_epochs": 5,
    "noise_multiplier": 0.01,
    "clipping_norm": 5.0,
    "initialization_pretrained": true,
    "initialization_epochs": 20,
    "initialization_final_loss": 0.42714508920907973
  },
  "train_metrics": {
    "1": {
      "train_loss": 0.5924871126189828,
      "train_loss_mean": 0.7276701976079494,
      "metric-dp-distance": 1.3034608808035653,
      "metric-dp-noise-stdv": 0.009589854351665641
    },
    "2": {
      "train_loss": 0.5013362251920626,
      "train_loss_mean": 0.657756490004249,
      "metric-dp-distance": 1.3403199980966747,
      "metric-dp-noise-stdv": 0.009326131086420155
    },
    "3": {
      "train_loss": 0.39824969647452235,
      "train_loss_mean": 0.5575948825338856,
      "metric-dp-distance": 1.2790070516057312,
      "metric-dp-noise-stdv": 0.009773206476310553
    },
    "4": {
      "train_loss": 0.29617031710222363,
      "train_loss_mean": 0.43705127589637416,
      "metric-dp-distance": 1.2646035437937826,
      "metric-dp-noise-stdv": 0.009884520774392485
    },
    "5": {
      "train_loss": 0.19392659945879132,
      "train_loss_mean": 0.31881690613809044,
      "metric-dp-distance": 1.1749244761498023,
      "metric-dp-noise-stdv": 0.010638981699455426
    },
    "6": {
      "train_loss": 0.1557544631359633,
      "train_loss_mean": 0.24291027060244233,
      "metric-dp-distance": 1.1694613241124898,
      "metric-dp-noise-stdv": 0.010688681824930222
    },
    "7": {
      "train_loss": 0.12861882597280783,
      "train_loss_mean": 0.19128893629895172,
      "metric-dp-distance": 1.0776473463823397,
      "metric-dp-noise-stdv": 0.011599341883003265
    },
    "8": {
      "train_loss": 0.10519147107333993,
      "train_loss_mean": 0.15629776727801073,
      "metric-dp-distance": 1.0339275581451755,
      "metric-dp-noise-stdv": 0.012089821865687089
    },
    "9": {
      "train_loss": 0.07453518206420995,
      "train_loss_mean": 0.12917787263904756,
      "metric-dp-distance": 1.025486102560535,
      "metric-dp-noise-stdv": 0.012189341200030663
    },
    "10": {
      "train_loss": 0.06351598661558455,
      "train_loss_mean": 0.11060184555490196,
      "metric-dp-distance": 1.0217359683010727,
      "metric-dp-noise-stdv": 0.012234080415887494
    },
    "11": {
      "train_loss": 0.05469143289224121,
      "train_loss_mean": 0.09569173194572614,
      "metric-dp-distance": 1.030665922133873,
      "metric-dp-noise-stdv": 0.012128081206100436
    },
    "12": {
      "train_loss": 0.05640045178040509,
      "train_loss_mean": 0.07966795297903673,
      "metric-dp-distance": 1.0090449719379346,
      "metric-dp-noise-stdv": 0.012387951327870909
    },
    "13": {
      "train_loss": 0.0539685535765102,
      "train_loss_mean": 0.06998131092573061,
      "metric-dp-distance": 1.1289903496702511,
      "metric-dp-noise-stdv": 0.011071839545529266
    },
    "14": {
      "train_loss": 0.046408161502654366,
      "train_loss_mean": 0.057807565484205264,
      "metric-dp-distance": 1.075187801150605,
      "metric-dp-noise-stdv": 0.011625875950808974
    },
    "15": {
      "train_loss": 0.05002213802966082,
      "train_loss_mean": 0.051285414378511966,
      "metric-dp-distance": 1.1622287402084719,
      "metric-dp-noise-stdv": 0.01075519780878749
    },
    "16": {
      "train_loss": 0.04675846829414354,
      "train_loss_mean": 0.047399069177432016,
      "metric-dp-distance": 1.1892017599505682,
      "metric-dp-noise-stdv": 0.01051125252330571
    },
    "17": {
      "train_loss": 0.04437078750271439,
      "train_loss_mean": 0.04137980984982406,
      "metric-dp-distance": 1.0806894372217357,
      "metric-dp-noise-stdv": 0.011566690271476441
    },
    "18": {
      "train_loss": 0.03984225493736293,
      "train_loss_mean": 0.03859982953952699,
      "metric-dp-distance": 1.1467306936780612,
      "metric-dp-noise-stdv": 0.01090055413089807
    },
    "19": {
      "train_loss": 0.028227701640279435,
      "train_loss_mean": 0.036456484691993744,
      "metric-dp-distance": 1.1955314863783617,
      "metric-dp-noise-stdv": 0.01045560082893877
    },
    "20": {
      "train_loss": 0.025433338750474377,
      "train_loss_mean": 0.03592664257696613,
      "metric-dp-distance": 1.220148029581954,
      "metric-dp-noise-stdv": 0.010244658596287485
    }
  },
  "client_evaluate_metrics": {
    "1": {
      "eval_loss": 0.8126751836389303,
      "eval_acc": 0.6376953125
    },
    "2": {
      "eval_loss": 0.7233877163380384,
      "eval_acc": 0.673828125
    },
    "3": {
      "eval_loss": 0.6521338755264878,
      "eval_acc": 0.7177734375
    },
    "4": {
      "eval_loss": 0.5729133952409029,
      "eval_acc": 0.74609375
    },
    "5": {
      "eval_loss": 0.5020861849188805,
      "eval_acc": 0.8017578125
    },
    "6": {
      "eval_loss": 0.5151473195292056,
      "eval_acc": 0.814453125
    },
    "7": {
      "eval_loss": 0.5297684497199953,
      "eval_acc": 0.841796875
    },
    "8": {
      "eval_loss": 0.542040045838803,
      "eval_acc": 0.8759765625
    },
    "9": {
      "eval_loss": 0.6270308047533035,
      "eval_acc": 0.8828125
    },
    "10": {
      "eval_loss": 0.6033718787366524,
      "eval_acc": 0.8857421875
    },
    "11": {
      "eval_loss": 0.5120382739551133,
      "eval_acc": 0.91015625
    },
    "12": {
      "eval_loss": 0.48220735410723137,
      "eval_acc": 0.92578125
    },
    "13": {
      "eval_loss": 0.3777222440839978,
      "eval_acc": 0.927734375
    },
    "14": {
      "eval_loss": 0.28792921389685944,
      "eval_acc": 0.943359375
    },
    "15": {
      "eval_loss": 0.2662062588497065,
      "eval_acc": 0.9443359375
    },
    "16": {
      "eval_loss": 0.2725475289626047,
      "eval_acc": 0.935546875
    },
    "17": {
      "eval_loss": 0.20360908494330943,
      "eval_acc": 0.9462890625
    },
    "18": {
      "eval_loss": 0.181426044087857,
      "eval_acc": 0.9482421875
    },
    "19": {
      "eval_loss": 0.19159748540914734,
      "eval_acc": 0.9599609375
    },
    "20": {
      "eval_loss": 0.24768716669314017,
      "eval_acc": 0.958984375
    }
  },
  "server_evaluate_metrics": {
    "0": {
      "loss": 0.9668649107217788,
      "accuracy": 0.6265625
    },
    "1": {
      "loss": 0.8328519403934479,
      "accuracy": 0.646875
    },
    "2": {
      "loss": 0.7369499862194061,
      "accuracy": 0.678125
    },
    "3": {
      "loss": 0.6697861611843109,
      "accuracy": 0.721875
    },
    "4": {
      "loss": 0.6101664513349533,
      "accuracy": 0.7265625
    },
    "5": {
      "loss": 0.5710646286606789,
      "accuracy": 0.76875
    },
    "6": {
      "loss": 0.6399746097624301,
      "accuracy": 0.790625
    },
    "7": {
      "loss": 0.6701680883765221,
      "accuracy": 0.828125
    },
    "8": {
      "loss": 0.7493754126131534,
      "accuracy": 0.859375
    },
    "9": {
      "loss": 0.8542299047112465,
      "accuracy": 0.8671875
    },
    "10": {
      "loss": 0.7712312385439872,
      "accuracy": 0.89375
    },
    "11": {
      "loss": 0.6662805810570717,
      "accuracy": 0.909375
    },
    "12": {
      "loss": 0.6095948210335337,
      "accuracy": 0.921875
    },
    "13": {
      "loss": 0.5466410636319778,
      "accuracy": 0.9296875
    },
    "14": {
      "loss": 0.48498221347108483,
      "accuracy": 0.921875
    },
    "15": {
      "loss": 0.4450387954711914,
      "accuracy": 0.9125
    },
    "16": {
      "loss": 0.4015391204506159,
      "accuracy": 0.91875
    },
    "17": {
      "loss": 0.31681157238781454,
      "accuracy": 0.940625
    },
    "18": {
      "loss": 0.3117009863490239,