{
  "metadata": {
    "run_name": "main__homogeneous__metric-privacy__fedmedian__noise-0.01__seed-43",
    "data_module": "experiments.reproduce.dataset.alzheimer:create_data_module",
    "partition_mode": "homogeneous",
    "partition_profile": "auto",
    "privacy": "metric-privacy",
    "aggregation": "fedmedian",
    "seed": 43,
    "num_clients": 4,
    "rounds": 20,
    "local_epochs": 5,
    "noise_multiplier": 0.01,
    "clipping_norm": 5.0,
    "initialization_pretrained": false,
    "initialization_epochs": 0,
    "initialization_final_loss": null
  },
  "train_metrics": {
    "1": {
      "train_loss": 0.9655345319770277,
      "train_loss_mean": 1.026538337022066,
      "metric-dp-distance": 1.7391264271767188,
      "metric-dp-noise-stdv": 0.007187516562721884
    },
    "2": {
      "train_loss": 0.9253826816566288,
      "train_loss_mean": 0.9848378300666809,
      "metric-dp-distance": 1.308141791106512,
      "metric-dp-noise-stdv": 0.009555539074572857
    },
    "3": {
      "train_loss": 0.8375857651699334,
      "train_loss_mean": 0.9038904601242393,
      "metric-dp-distance": 1.3176475743142266,
      "metric-dp-noise-stdv": 0.009486603431502282
    },
    "4": {
      "train_loss": 0.7122430396266282,
      "train_loss_mean": 0.8196333055850118,
      "metric-dp-distance": 1.2021122972946614,
      "metric-dp-noise-stdv": 0.010398362971688328
    },
    "5": {
      "train_loss": 0.5807652492076159,
      "train_loss_mean": 0.712149267271161,
      "metric-dp-distance": 1.2574705365890015,
      "metric-dp-noise-stdv": 0.009940590762394593
    },
    "6": {
      "train_loss": 0.4507007827050984,
      "train_loss_mean": 0.5962898667901754,
      "metric-dp-distance": 1.1801994321091722,
      "metric-dp-noise-stdv": 0.010591430278576605
    },
    "7": {
      "train_loss": 0.3484642995754257,
      "train_loss_mean": 0.47347520356997846,
      "metric-dp-distance": 1.0832876922407497,
      "metric-dp-noise-stdv": 0.011538947677088537
    },
    "8": {
      "train_loss": 0.2367133588413708,
      "train_loss_mean": 0.35957578379893673,
      "metric-dp-distance": 1.1499398983238887,
      "metric-dp-noise-stdv": 0.01087013331585377
    },
    "9": {
      "train_loss": 0.17597642450709827,
      "train_loss_mean": 0.26646227747551166,
      "metric-dp-distance": 1.0369916236183296,
      "metric-dp-noise-stdv": 0.012054099295792087
    },
    "10": {
      "train_loss": 0.14444836741313338,
      "train_loss_mean": 0.2122401645116042,
      "metric-dp-distance": 1.015037689784852,
      "metric-dp-noise-stdv": 0.01231481365253492
    },
    "11": {
      "train_loss": 0.13570454172440805,
      "train_loss_mean": 0.1808021148885018,
      "metric-dp-distance": 0.9011580408550799,
      "metric-dp-noise-stdv": 0.013871040853321526
    },
    "12": {
      "train_loss": 0.11538542815833353,
      "train_loss_mean": 0.14635511518645217,
      "metric-dp-distance": 0.9389586391237875,
      "metric-dp-noise-stdv": 0.013312620470337952
    },
    "13": {
      "train_loss": 0.10738909407518804,
      "train_loss_mean": 0.13278061657911167,
      "metric-dp-distance": 0.9599414956755936,
      "metric-dp-noise-stdv": 0.013021626897379483
    },
    "14": {
      "train_loss": 0.1017268848081585,
      "train_loss_mean": 0.1188874924897391,
      "metric-dp-distance": 1.00294182721215,
      "metric-dp-noise-stdv": 0.012463335021878495
    },
    "15": {
      "train_loss": 0.08653520485313493,
      "train_loss_mean": 0.10688415338718188,
      "metric-dp-distance": 0.984316203587999,
      "metric-dp-noise-stdv": 0.012699171215952137
    },
    "16": {
      "train_loss": 0.08656398619132233,
      "train_loss_mean": 0.09632885574173997,
      "metric-dp-distance": 1.0082136422861367,
      "metric-dp-noise-stdv": 0.012398165900290832
    },
    "17": {
      "train_loss": 0.08830892835612758,
      "train_loss_mean": 0.0900393783036634,
      "metric-dp-distance": 1.0702742310628917,
      "metric-dp-noise-stdv": 0.011679249707419587
    },
    "18": {
      "train_loss": 0.09070668959611794,
      "train_loss_mean": 0.08754838681452384,
      "metric-dp-distance": 1.0570168821141124,
      "metric-dp-noise-stdv": 0.011825733544576006
    },
    "19": {
      "train_loss": 0.0960193883656757,
      "train_loss_mean": 0.08148852130179876,
      "metric-dp-distance": 1.0609043941367418,
      "metric-dp-noise-stdv": 0.011782400062704288
    },
    "20": {
      "train_loss": 0.07543265349568173,
      "train_loss_mean": 0.07209913650904128,
      "metric-dp-distance": 1.1835097410560895,
      "metric-dp-noise-stdv": 0.01056180575991355
    }
  },
  "client_evaluate_metrics": {
    "1": {
      "eval_loss": 1.1954440362751484,
      "eval_acc": 0.5107421875
    },
    "2": {
      "eval_loss": 1.0478715635836124,
      "eval_acc": 0.521484375
    },
    "3": {
      "eval_loss": 0.9610964059829712,
      "eval_acc": 0.560546875
    },
    "4": {
      "eval_loss": 0.8924275282770395,
      "eval_acc": 0.587890625
    },
    "5": {
      "eval_loss": 0.7842942234128714,
      "eval_acc": 0.6240234375
    },
    "6": {
      "eval_loss": 0.6666355133056641,
      "eval_acc": 0.6845703125
    },
    "7": {
      "eval_loss": 0.5766930328682065,
      "eval_acc": 0.7607421875
    },
    "8": {
      "eval_loss": 0.47620855644345284,
      "eval_acc": 0.8125
    },
    "9": {
      "eval_loss": 0.4068640908226371,
      "eval_acc": 0.8466796875
    },
    "10": {
      "eval_loss": 0.35467512253671885,
      "eval_acc": 0.880859375
    },
    "11": {
      "eval_loss": 0.32300819107331336,
      "eval_acc": 0.8974609375
    },
    "12": {
      "eval_loss": 0.299253155477345,
      "eval_acc": 0.89453125
    },
    "13": {
      "eval_loss": 0.31388654513284564,
      "eval_acc": 0.9013671875
    },
    "14": {
      "eval_loss": 0.31503980699926615,
      "eval_acc": 0.9033203125
    },
    "15": {
      "eval_loss": 0.265492322971113,
      "eval_acc": 0.9150390625
    },
    "16": {
      "eval_loss": 0.3027641059597954,
      "eval_acc": 0.900390625
    },
    "17": {
      "eval_loss": 0.21870757546275854,
      "eval_acc": 0.91796875
    },
    "18": {
      "eval_loss": 0.22810725844465196,
      "eval_acc": 0.919921875
    },
    "19": {
      "eval_loss": 0.23178441147319973,
      "eval_acc": 0.92578125
    },
    "20": {
      "eval_loss": 0.21790229919133708,
      "eval_acc": 0.9296875
    }
  },
  "server_evaluate_metrics": {
    "0": {
      "loss": 1.3831083536148072,
      "accuracy": 0.134375
    },
    "1": {
      "loss": 1.1935567677021026,
      "accuracy": 0.49375
    },
    "2": {
      "loss": 1.0496803224086761,
      "accuracy": 0.503125
    },
    "3": {
      "loss": 0.974044343829155,
      "accuracy": 0.5390625
    },
    "4": {
      "loss": 0.9048167198896409,
      "accuracy": 0.578125
    },
    "5": {
      "loss": 0.8008169382810593,
      "accuracy": 0.64375
    },
    "6": {
      "loss": 0.7026823133230209,
      "accuracy": 0.68125
    },
    "7": {
      "loss": 0.6227253347635269,
      "accuracy": 0.74375
    },
    "8": {
      "loss": 0.5583316326141358,
      "accuracy": 0.790625
    },
    "9": {
      "loss": 0.4808700427412987,
      "accuracy": 0.8375
    },
    "10": {
      "loss": 0.4167554832994938,
      "accuracy": 0.859375
    },
    "11": {
      "loss": 0.3763645924627781,
      "accuracy": 0.884375
    },
    "12": {
      "loss": 0.35013067089021205,
      "accuracy": 0.9125
    },
    "13": {
      "loss": 0.3720712672919035,
      "accuracy": 0.9046875
    },
    "14": {
      "loss": 0.39372783787548543,
      "accuracy": 0.8890625
    },
    "15": {
      "loss": 0.38550299387425185,
      "accuracy": 0.909375
    },
    "16": {
      "loss": 0.4180357612669468,
      "accuracy": 0.884375
    },
    "17": {
      "loss": 0.32067603804171085,
      "accuracy": 0.9046875
    },
    "18": {
      "loss": 0.34045977126806976,
      "accuracy": 0.90625
    },