{
  "metadata": {
    "run_name": "main__homogeneous__global-dp__fedyogi__noise-0.01__seed-44",
    "data_module": "experiments.reproduce.dataset.alzheimer:create_data_module",
    "partition_mode": "homogeneous",
    "partition_profile": "auto",
    "privacy": "global-dp",
    "aggregation": "fedyogi",
    "seed": 44,
    "num_clients": 4,
    "rounds": 20,
    "local_epochs": 5,
    "noise_multiplier": 0.01,
    "clipping_norm": 5.0,
    "initialization_pretrained": true,
    "initialization_epochs": 20,
    "initialization_final_loss": 0.5125089585781097
  },
  "train_metrics": {
    "1": {
      "train_loss": 0.5422013199422508,
      "train_loss_mean": 0.6824262485373764
    },
    "2": {
      "train_loss": 0.4672847610199824,
      "train_loss_mean": 0.6290233735227957
    },
    "3": {
      "train_loss": 0.3674395604757592,
      "train_loss_mean": 0.5373336703050882
    },
    "4": {
      "train_loss": 0.25571995397331193,
      "train_loss_mean": 0.4232947223470547
    },
    "5": {
      "train_loss": 0.1952056111767888,
      "train_loss_mean": 0.3201874554855749
    },
    "6": {
      "train_loss": 0.1323215354932472,
      "train_loss_mean": 0.2500581484579016
    },
    "7": {
      "train_loss": 0.10127197604742832,
      "train_loss_mean": 0.19852491420751905
    },
    "8": {
      "train_loss": 0.08707613660226343,
      "train_loss_mean": 0.18384966271260053
    },
    "9": {
      "train_loss": 0.06571495755633805,
      "train_loss_mean": 0.14387386442358546
    },
    "10": {
      "train_loss": 0.05075273386182744,
      "train_loss_mean": 0.11283074587972805
    },
    "11": {
      "train_loss": 0.05199704627216306,
      "train_loss_mean": 0.0988260942479883
    },
    "12": {
      "train_loss": 0.04447710670842753,
      "train_loss_mean": 0.08114759592517658
    },
    "13": {
      "train_loss": 0.040454938461749634,
      "train_loss_mean": 0.061588189248294616
    },
    "14": {
      "train_loss": 0.032743472647766225,
      "train_loss_mean": 0.04853073414175846
    },
    "15": {
      "train_loss": 0.035583142211578433,
      "train_loss_mean": 0.04555296845109034
    },
    "16": {
      "train_loss": 0.03652247975955447,
      "train_loss_mean": 0.03934608784215925
    },
    "17": {
      "train_loss": 0.037775556808441024,
      "train_loss_mean": 0.0382711007550995
    },
    "18": {
      "train_loss": 0.03343734593843806,
      "train_loss_mean": 0.03147250497018579
    },
    "19": {
      "train_loss": 0.04069004064059101,
      "train_loss_mean": 0.03396401065810402
    },
    "20": {
      "train_loss": 0.03232118029020725,
      "train_loss_mean": 0.030430508502345743
    }
  },
  "client_evaluate_metrics": {
    "1": {
      "eval_loss": 0.8450523130595684,
      "eval_acc": 0.62890625
    },
    "2": {
      "eval_loss": 0.7265186849981546,
      "eval_acc": 0.6708984375
    },
    "3": {
      "eval_loss": 0.6529633328318596,
      "eval_acc": 0.70703125
    },
    "4": {
      "eval_loss": 0.5728932432830334,
      "eval_acc": 0.7578125
    },
    "5": {
      "eval_loss": 0.5336810466833413,
      "eval_acc": 0.802734375
    },
    "6": {
      "eval_loss": 0.5625492837280035,
      "eval_acc": 0.826171875
    },
    "7": {
      "eval_loss": 0.6435226337052882,
      "eval_acc": 0.8525390625
    },
    "8": {
      "eval_loss": 0.7963854931294918,
      "eval_acc": 0.8671875
    },
    "9": {
      "eval_loss": 0.8877784605138004,
      "eval_acc": 0.87890625
    },
    "10": {
      "eval_loss": 1.054070205136668,
      "eval_acc": 0.8828125
    },
    "11": {
      "eval_loss": 0.9789256076728634,
      "eval_acc": 0.896484375
    },
    "12": {
      "eval_loss": 0.7511515339137986,
      "eval_acc": 0.9208984375
    },
    "13": {
      "eval_loss": 0.6114750047199777,
      "eval_acc": 0.9345703125
    },
    "14": {
      "eval_loss": 0.4949552050966304,
      "eval_acc": 0.943359375
    },
    "15": {
      "eval_loss": 0.410225765852374,
      "eval_acc": 0.9482421875
    },
    "16": {
      "eval_loss": 0.3882827191409888,
      "eval_acc": 0.953125
    },
    "17": {
      "eval_loss": 0.3439449617289938,
      "eval_acc": 0.951171875
    },
    "18": {
      "eval_loss": 0.37116701481863856,
      "eval_acc": 0.955078125
    },
    "19": {
      "eval_loss": 0.4609905792021891,
      "eval_acc": 0.94921875
    },
    "20": {
      "eval_loss": 0.4024568788463512,
      "eval_acc": 0.9609375
    }
  },
  "server_evaluate_metrics": {
    "0": {
      "loss": 0.8762633025646209,
      "accuracy": 0.6484375
    },
    "1": {
      "loss": 0.8278835445642472,
      "accuracy": 0.659375
    },
    "2": {
      "loss": 0.7324747622013092,
      "accuracy": 0.696875
    },
    "3": {
      "loss": 0.6785444885492324,
      "accuracy": 0.7109375
    },
    "4": {
      "loss": 0.6163458794355392,
      "accuracy": 0.7453125
    },
    "5": {
      "loss": 0.621703426539898,
      "accuracy": 0.784375
    },
    "6": {
      "loss": 0.7359578222036361,
      "accuracy": 0.8015625
    },
    "7": {
      "loss": 0.8863585457205773,
      "accuracy": 0.825
    },
    "8": {
      "loss": 1.0825130000710488,
      "accuracy": 0.834375
    },
    "9": {
      "loss": 1.2783893436193465,
      "accuracy": 0.85
    },
    "10": {
      "loss": 1.5724418595433236,
      "accuracy": 0.8484375
    },
    "11": {
      "loss": 1.3608939990401268,
      "accuracy": 0.875
    },
    "12": {
      "loss": 0.9574566185474396,
      "accuracy": 0.8921875
    },
    "13": {
      "loss": 0.8061935316771269,
      "accuracy": 0.9125
    },
    "14": {
      "loss": 0.6918308768421412,
      "accuracy": 0.921875
    },
    "15": {
      "loss": 0.5391162931919098,
      "accuracy": 0.928125
    },
    "16": {
      "loss": 0.4643446925561875,
      "accuracy": 0.93125
    },
    "17": {
      "loss": 0.42872102885739877,
      "accuracy": 0.9421875
    },
    "18": {
      "loss": 0.4871440521790646,
      "accuracy": 0.9453125
    },
    "19": {
      "loss": 0.5389871478546411,
      "accuracy": 0.9484375
    },
    "20": {
      "loss": 0.5317413987941109,
      "accuracy": 0.94375
    }
  }
}
