{
  "metadata": {
    "run_name": "main__homogeneous__global-dp__fedopt__noise-0.01__seed-42",
    "data_module": "experiments.reproduce.dataset.alzheimer:create_data_module",
    "partition_mode": "homogeneous",
    "partition_profile": "auto",
    "privacy": "global-dp",
    "aggregation": "fedopt",
    "seed": 42,
    "num_clients": 4,
    "rounds": 20,
    "local_epochs": 5,
    "noise_multiplier": 0.01,
    "clipping_norm": 5.0,
    "initialization_pretrained": true,
    "initialization_epochs": 20,
    "initialization_final_loss": 0.5715711146593094
  },
  "train_metrics": {
    "1": {
      "train_loss": 0.5820671839173883,
      "train_loss_mean": 0.7126376686617732
    },
    "2": {
      "train_loss": 0.7760541494935751,
      "train_loss_mean": 4.968010523030534
    },
    "3": {
      "train_loss": 15.760667082853615,
      "train_loss_mean": 38.561925121769306
    },
    "4": {
      "train_loss": 1.0381154441274703,
      "train_loss_mean": 1.255910956300795
    },
    "5": {
      "train_loss": 1.0379658052697778,
      "train_loss_mean": 14.118218920566143
    },
    "6": {
      "train_loss": 1.0376579533331096,
      "train_loss_mean": 1.0550222311168909
    },
    "7": {
      "train_loss": 1.0378453461453319,
      "train_loss_mean": 1.0396259334869682
    },
    "8": {
      "train_loss": 1.0376491267234087,
      "train_loss_mean": 1.049929659254849
    },
    "9": {
      "train_loss": 1.0373890209011734,
      "train_loss_mean": 1.0379159106872975
    },
    "10": {
      "train_loss": 1.0406463774852455,
      "train_loss_mean": 1.1915693499147892
    },
    "11": {
      "train_loss": 1.0377583876252174,
      "train_loss_mean": 1.0374135570600629
    },
    "12": {
      "train_loss": 1.0387304737232625,
      "train_loss_mean": 1.0661731709726157
    },
    "13": {
      "train_loss": 1.0377688114531338,
      "train_loss_mean": 1.0416189923882486
    },
    "14": {
      "train_loss": 1.0379620641469955,
      "train_loss_mean": 1.050445383321494
    },
    "15": {
      "train_loss": 1.0377550325356424,
      "train_loss_mean": 1.0393850469961763
    },
    "16": {
      "train_loss": 1.0381937334313989,
      "train_loss_mean": 1.0476508730091154
    },
    "17": {
      "train_loss": 1.0380236404016614,
      "train_loss_mean": 1.0419313149526714
    },
    "18": {
      "train_loss": 1.0383249456062913,
      "train_loss_mean": 1.0500435642898083
    },
    "19": {
      "train_loss": 1.0380105813965201,
      "train_loss_mean": 1.0415747937746347
    },
    "20": {
      "train_loss": 1.037117284256965,
      "train_loss_mean": 1.044540913309902
    }
  },
  "client_evaluate_metrics": {
    "1": {
      "eval_loss": 43.66827392578125,
      "eval_acc": 0.5
    },
    "2": {
      "eval_loss": 56.973451018333435,
      "eval_acc": 0.34765625
    },
    "3": {
      "eval_loss": 19.922051697969437,
      "eval_acc": 0.5
    },
    "4": {
      "eval_loss": 56.973451018333435,
      "eval_acc": 0.34765625
    },
    "5": {
      "eval_loss": 1.147995363920927,
      "eval_acc": 0.5
    },
    "6": {
      "eval_loss": 1.0739627946168184,
      "eval_acc": 0.34765625
    },
    "7": {
      "eval_loss": 1.1175931934267282,
      "eval_acc": 0.5
    },
    "8": {
      "eval_loss": 1.0686760041862726,
      "eval_acc": 0.34765625
    },
    "9": {
      "eval_loss": 1.2125526368618011,
      "eval_acc": 0.5
    },
    "10": {
      "eval_loss": 1.0663372725248337,
      "eval_acc": 0.34765625
    },
    "11": {
      "eval_loss": 2.1395926363766193,
      "eval_acc": 0.5
    },
    "12": {
      "eval_loss": 1.0730259437114,
      "eval_acc": 0.34765625
    },
    "13": {
      "eval_loss": 1.122922644019127,
      "eval_acc": 0.5
    },
    "14": {
      "eval_loss": 1.0776536259800196,
      "eval_acc": 0.34765625
    },
    "15": {
      "eval_loss": 1.1113592199981213,
      "eval_acc": 0.5
    },
    "16": {
      "eval_loss": 1.0961819235235453,
      "eval_acc": 0.34765625
    },
    "17": {
      "eval_loss": 1.1210534665733576,
      "eval_acc": 0.5
    },
    "18": {
      "eval_loss": 1.0946817118674517,
      "eval_acc": 0.34765625
    },
    "19": {
      "eval_loss": 1.1063267644494772,
      "eval_acc": 0.5
    },
    "20": {
      "eval_loss": 1.0883039329200983,
      "eval_acc": 0.34765625
    }
  },
  "server_evaluate_metrics": {
    "0": {
      "loss": 0.8712757378816605,
      "accuracy": 0.6328125
    },
    "1": {
      "loss": 44.07766399383545,
      "accuracy": 0.4953125
    },
    "2": {
      "loss": 55.94997577667236,
      "accuracy": 0.359375
    },
    "3": {
      "loss": 19.46363158226013,
      "accuracy": 0.4953125
    },
    "4": {
      "loss": 55.94997577667236,
      "accuracy": 0.359375
    },
    "5": {
      "loss": 1.1522326052188874,
      "accuracy": 0.4953125
    },
    "6": {
      "loss": 1.0627782136201858,
      "accuracy": 0.359375
    },
    "7": {
      "loss": 1.1203508496284484,
      "accuracy": 0.4953125
    },
    "8": {
      "loss": 1.057437714934349,
      "accuracy": 0.359375
    },
    "9": {
      "loss": 1.2202557146549224,
      "accuracy": 0.4953125
    },
    "10": {
      "loss": 1.0555745720863343,
      "accuracy": 0.359375
    },
    "11": {
      "loss": 2.2136049926280976,
      "accuracy": 0.4953125
    },
    "12": {
      "loss": 1.0609834372997284,
      "accuracy": 0.359375
    },
    "13": {
      "loss": 1.1261084228754044,
      "accuracy": 0.4953125
    },
    "14": {
      "loss": 1.0653579026460647,
      "accuracy": 0.359375
    },
    "15": {
      "loss": 1.1135275781154632,
      "accuracy": 0.4953125
    },
    "16": {
      "loss": 1.0832504123449325,
      "accuracy": 0.359375
    },
    "17": {
      "loss": 1.1243748426437379,
      "accuracy": 0.4953125
    },
    "18": {
      "loss": 1.0820313185453414,
      "accuracy": 0.359375
    },
    "19": {
      "loss": 1.10643969476223,
      "accuracy": 0.4953125
    },
    "20": {
      "loss": 1.074967336654663,
      "accuracy": 0.359375
    }
  }
}
