{
  "metadata": {
    "run_name": "main__homogeneous__global-dp__fedmedian__noise-0.01__seed-44",
    "data_module": "experiments.reproduce.dataset.alzheimer:create_data_module",
    "partition_mode": "homogeneous",
    "partition_profile": "auto",
    "privacy": "global-dp",
    "aggregation": "fedmedian",
    "seed": 44,
    "num_clients": 4,
    "rounds": 20,
    "local_epochs": 5,
    "noise_multiplier": 0.01,
    "clipping_norm": 5.0,
    "initialization_pretrained": false,
    "initialization_epochs": 0,
    "initialization_final_loss": null
  },
  "train_metrics": {
    "1": {
      "train_loss": 1.0222276207059622,
      "train_loss_mean": 1.0520695026032627
    },
    "2": {
      "train_loss": 0.9559291880577803,
      "train_loss_mean": 1.0062404675409198
    },
    "3": {
      "train_loss": 0.8815037598833442,
      "train_loss_mean": 0.9393417122773826
    },
    "4": {
      "train_loss": 0.7719552097842097,
      "train_loss_mean": 0.8579677681904285
    },
    "5": {
      "train_loss": 0.6140672864858061,
      "train_loss_mean": 0.747631593234837
    },
    "6": {
      "train_loss": 0.4551883682142943,
      "train_loss_mean": 0.6260306576266885
    },
    "7": {
      "train_loss": 0.3422450835350901,
      "train_loss_mean": 0.5010623649461194
    },
    "8": {
      "train_loss": 0.2566279032616876,
      "train_loss_mean": 0.40183439269894733
    },
    "9": {
      "train_loss": 0.17315966339083388,
      "train_loss_mean": 0.3017766572826076
    },
    "10": {
      "train_loss": 0.14016268141858745,
      "train_loss_mean": 0.24017904135689605
    },
    "11": {
      "train_loss": 0.11875091998808784,
      "train_loss_mean": 0.20080837825807976
    },
    "12": {
      "train_loss": 0.10854272665892495,
      "train_loss_mean": 0.16392225553718165
    },
    "13": {
      "train_loss": 0.08437625378428493,
      "train_loss_mean": 0.1348422157643654
    },
    "14": {
      "train_loss": 0.09339703708974412,
      "train_loss_mean": 0.11253605730744312
    },
    "15": {
      "train_loss": 0.08451764665005612,
      "train_loss_mean": 0.1043777507111372
    },
    "16": {
      "train_loss": 0.07674821686305222,
      "train_loss_mean": 0.0969799403923389
    },
    "17": {
      "train_loss": 0.0736559081442465,
      "train_loss_mean": 0.08408331219216052
    },
    "18": {
      "train_loss": 0.07643265442220581,
      "train_loss_mean": 0.0795225033454699
    },
    "19": {
      "train_loss": 0.06053503119528614,
      "train_loss_mean": 0.0768190456400589
    },
    "20": {
      "train_loss": 0.06248276557926147,
      "train_loss_mean": 0.06828622229550091
    }
  },
  "client_evaluate_metrics": {
    "1": {
      "eval_loss": 1.1786083430051804,
      "eval_acc": 0.5
    },
    "2": {
      "eval_loss": 1.0695345662534237,
      "eval_acc": 0.5
    },
    "3": {
      "eval_loss": 0.9953575320541859,
      "eval_acc": 0.509765625
    },
    "4": {
      "eval_loss": 0.9014112297445536,
      "eval_acc": 0.5625
    },
    "5": {
      "eval_loss": 0.8327825777232647,
      "eval_acc": 0.595703125
    },
    "6": {
      "eval_loss": 0.7325890772044659,
      "eval_acc": 0.6572265625
    },
    "7": {
      "eval_loss": 0.6385558741167188,
      "eval_acc": 0.716796875
    },
    "8": {
      "eval_loss": 0.5550838056951761,
      "eval_acc": 0.7509765625
    },
    "9": {
      "eval_loss": 0.440050286706537,
      "eval_acc": 0.8173828125
    },
    "10": {
      "eval_loss": 0.4129856121726334,
      "eval_acc": 0.8388671875
    },
    "11": {
      "eval_loss": 0.34849863313138485,
      "eval_acc": 0.8837890625
    },
    "12": {
      "eval_loss": 0.32304543268401176,
      "eval_acc": 0.8984375
    },
    "13": {
      "eval_loss": 0.28451927565038204,
      "eval_acc": 0.91796875
    },
    "14": {
      "eval_loss": 0.2672176720807329,
      "eval_acc": 0.9208984375
    },
    "15": {
      "eval_loss": 0.2432947603520006,
      "eval_acc": 0.935546875
    },
    "16": {
      "eval_loss": 0.23895703698508441,
      "eval_acc": 0.9375
    },
    "17": {
      "eval_loss": 0.20456914976239204,
      "eval_acc": 0.9482421875
    },
    "18": {
      "eval_loss": 0.20301284559536725,
      "eval_acc": 0.947265625
    },
    "19": {
      "eval_loss": 0.2186787520768121,
      "eval_acc": 0.947265625
    },
    "20": {
      "eval_loss": 0.2154464506311342,
      "eval_acc": 0.9453125
    }
  },
  "server_evaluate_metrics": {
    "0": {
      "loss": 1.390574312210083,
      "accuracy": 0.4953125
    },
    "1": {
      "loss": 1.177551704645157,
      "accuracy": 0.4953125
    },
    "2": {
      "loss": 1.0699722230434419,
      "accuracy": 0.4953125
    },
    "3": {
      "loss": 1.0017754852771759,
      "accuracy": 0.5046875
    },
    "4": {
      "loss": 0.9243041455745697,
      "accuracy": 0.540625
    },
    "5": {
      "loss": 0.8619568407535553,
      "accuracy": 0.6234375
    },
    "6": {
      "loss": 0.7633588701486588,
      "accuracy": 0.6671875
    },
    "7": {
      "loss": 0.6741104081273079,
      "accuracy": 0.7015625
    },
    "8": {
      "loss": 0.6060202941298485,
      "accuracy": 0.7640625
    },
    "9": {
      "loss": 0.5126897037029267,
      "accuracy": 0.815625
    },
    "10": {
      "loss": 0.4858767181634903,
      "accuracy": 0.840625
    },
    "11": {
      "loss": 0.41737166345119475,
      "accuracy": 0.8671875
    },
    "12": {
      "loss": 0.39109746254980565,
      "accuracy": 0.8734375
    },
    "13": {
      "loss": 0.3888380292803049,
      "accuracy": 0.8890625
    },
    "14": {
      "loss": 0.3261882092803717,
      "accuracy": 0.9
    },
    "15": {
      "loss": 0.3052518632262945,
      "accuracy": 0.9109375
    },
    "16": {
      "loss": 0.29032473638653755,
      "accuracy": 0.9296875
    },
    "17": {
      "loss": 0.27495899610221386,
      "accuracy": 0.9359375
    },
    "18": {
      "loss": 0.27069415654987095,
      "accuracy": 0.934375
    },
    "19": {
      "loss": 0.2850342541001737,
      "accuracy": 0.9390625
    },
    "20": {
      "loss": 0.2523373161442578,
      "accuracy": 0.94375
    }
  }
}
