{
  "metadata": {
    "run_name": "main__homogeneous__global-dp__fedavg__noise-0.01__seed-45",
    "data_module": "experiments.reproduce.dataset.alzheimer:create_data_module",
    "partition_mode": "homogeneous",
    "partition_profile": "auto",
    "privacy": "global-dp",
    "aggregation": "fedavg",
    "seed": 45,
    "num_clients": 4,
    "rounds": 20,
    "local_epochs": 5,
    "noise_multiplier": 0.01,
    "clipping_norm": 5.0,
    "initialization_pretrained": false,
    "initialization_epochs": 0,
    "initialization_final_loss": null
  },
  "train_metrics": {
    "1": {
      "train_loss": 1.0125660956837237,
      "train_loss_mean": 1.061420224327594
    },
    "2": {
      "train_loss": 0.928330484777689,
      "train_loss_mean": 0.9976169389672578
    },
    "3": {
      "train_loss": 0.8398201996460557,
      "train_loss_mean": 0.9233081071637571
    },
    "4": {
      "train_loss": 0.6843972138594836,
      "train_loss_mean": 0.8234130017459393
    },
    "5": {
      "train_loss": 0.534827099647373,
      "train_loss_mean": 0.7218620596453548
    },
    "6": {
      "train_loss": 0.382739367778413,
      "train_loss_mean": 0.6012169305467978
    },
    "7": {
      "train_loss": 0.2653382121352479,
      "train_loss_mean": 0.4725377846974879
    },
    "8": {
      "train_loss": 0.17348564480198547,
      "train_loss_mean": 0.3586231846828014
    },
    "9": {
      "train_loss": 0.12854868090653326,
      "train_loss_mean": 0.2779747911932645
    },
    "10": {
      "train_loss": 0.11147972158505581,
      "train_loss_mean": 0.2250081693287939
    },
    "11": {
      "train_loss": 0.11738621523909387,
      "train_loss_mean": 0.18191509450189186
    },
    "12": {
      "train_loss": 0.0717339830880519,
      "train_loss_mean": 0.13085713863110868
    },
    "13": {
      "train_loss": 0.05831003495040932,
      "train_loss_mean": 0.1127407654930721
    },
    "14": {
      "train_loss": 0.06745003226933477,
      "train_loss_mean": 0.1009044283786352
    },
    "15": {
      "train_loss": 0.03309849912420759,
      "train_loss_mean": 0.08327969830679649
    },
    "16": {
      "train_loss": 0.036731250364937296,
      "train_loss_mean": 0.07309483487388208
    },
    "17": {
      "train_loss": 0.04651672168256482,
      "train_loss_mean": 0.06444119530324315
    },
    "18": {
      "train_loss": 0.04859958018823818,
      "train_loss_mean": 0.056573152889814085
    },
    "19": {
      "train_loss": 0.03235285159803425,
      "train_loss_mean": 0.058295742796917696
    },
    "20": {
      "train_loss": 0.08109198739384738,
      "train_loss_mean": 0.053581331921623135
    }
  },
  "client_evaluate_metrics": {
    "1": {
      "eval_loss": 1.184508964419365,
      "eval_acc": 0.501953125
    },
    "2": {
      "eval_loss": 1.0372209250926971,
      "eval_acc": 0.501953125
    },
    "3": {
      "eval_loss": 0.992749709635973,
      "eval_acc": 0.5341796875
    },
    "4": {
      "eval_loss": 0.9254867825657129,
      "eval_acc": 0.533203125
    },
    "5": {
      "eval_loss": 0.8693485371768475,
      "eval_acc": 0.5625
    },
    "6": {
      "eval_loss": 0.7628425993025303,
      "eval_acc": 0.6728515625
    },
    "7": {
      "eval_loss": 0.6588826049119234,
      "eval_acc": 0.7275390625
    },
    "8": {
      "eval_loss": 0.5403640465810895,
      "eval_acc": 0.7890625
    },
    "9": {
      "eval_loss": 0.4279747912660241,
      "eval_acc": 0.82421875
    },
    "10": {
      "eval_loss": 0.3598361131735146,
      "eval_acc": 0.8603515625
    },
    "11": {
      "eval_loss": 0.31566210836172104,
      "eval_acc": 0.892578125
    },
    "12": {
      "eval_loss": 0.29336450959090143,
      "eval_acc": 0.9052734375
    },
    "13": {
      "eval_loss": 0.2529071223689243,
      "eval_acc": 0.9208984375
    },
    "14": {
      "eval_loss": 0.23671581741655245,
      "eval_acc": 0.9169921875
    },
    "15": {
      "eval_loss": 0.2107545476173982,
      "eval_acc": 0.9443359375
    },
    "16": {
      "eval_loss": 0.19787498070218135,
      "eval_acc": 0.9453125
    },
    "17": {
      "eval_loss": 0.19821774985757656,
      "eval_acc": 0.9404296875
    },
    "18": {
      "eval_loss": 0.15906543846358545,
      "eval_acc": 0.951171875
    },
    "19": {
      "eval_loss": 0.15697110178007279,
      "eval_acc": 0.9501953125
    },
    "20": {
      "eval_loss": 0.1679408111522207,
      "eval_acc": 0.953125
    }
  },
  "server_evaluate_metrics": {
    "0": {
      "loss": 1.444567507505417,
      "accuracy": 0.0109375
    },
    "1": {
      "loss": 1.1829696297645569,
      "accuracy": 0.496875
    },
    "2": {
      "loss": 1.0394402354955674,
      "accuracy": 0.496875
    },
    "3": {
      "loss": 0.9954192996025085,
      "accuracy": 0.5203125
    },
    "4": {
      "loss": 0.9356157630681992,
      "accuracy": 0.5125
    },
    "5": {
      "loss": 0.8906731545925141,
      "accuracy": 0.546875
    },
    "6": {
      "loss": 0.8076979845762253,
      "accuracy": 0.6265625
    },
    "7": {
      "loss": 0.709639486670494,
      "accuracy": 0.7015625
    },
    "8": {
      "loss": 0.6141030952334404,
      "accuracy": 0.7453125
    },
    "9": {
      "loss": 0.522572261095047,
      "accuracy": 0.7890625
    },
    "10": {
      "loss": 0.46352445930242536,
      "accuracy": 0.8359375
    },
    "11": {
      "loss": 0.42442695423960686,
      "accuracy": 0.85
    },
    "12": {
      "loss": 0.4246377136558294,
      "accuracy": 0.8640625
    },
    "13": {
      "loss": 0.3411916423588991,
      "accuracy": 0.8921875
    },
    "14": {
      "loss": 0.3041219418868423,
      "accuracy": 0.9046875
    },
    "15": {
      "loss": 0.29535696320235727,
      "accuracy": 0.915625
    },
    "16": {
      "loss": 0.2517173457890749,
      "accuracy": 0.93125
    },
    "17": {
      "loss": 0.25634982008486984,
      "accuracy": 0.928125
    },
    "18": {
      "loss": 0.22244012425653636,
      "accuracy": 0.94375
    },
    "19": {
      "loss": 0.23222320047207176,
      "accuracy": 0.95
    },
    "20": {
      "loss": 0.22943491116166115,
      "accuracy": 0.94375
    }
  }
}
