{
  "metadata": {
    "run_name": "main__homogeneous__global-dp__fedopt__noise-0.01__seed-44",
    "data_module": "experiments.reproduce.dataset.alzheimer:create_data_module",
    "partition_mode": "homogeneous",
    "partition_profile": "auto",
    "privacy": "global-dp",
    "aggregation": "fedopt",
    "seed": 44,
    "num_clients": 4,
    "rounds": 20,
    "local_epochs": 5,
    "noise_multiplier": 0.01,
    "clipping_norm": 5.0,
    "initialization_pretrained": true,
    "initialization_epochs": 20,
    "initialization_final_loss": 0.607312498986721
  },
  "train_metrics": {
    "1": {
      "train_loss": 0.5781263555400074,
      "train_loss_mean": 0.7092552571091801
    },
    "2": {
      "train_loss": 22.24870750773698,
      "train_loss_mean": 30.91001833211631
    },
    "3": {
      "train_loss": 43.51233667135239,
      "train_loss_mean": 43.55702162384986
    },
    "4": {
      "train_loss": 43.53609216213226,
      "train_loss_mean": 43.50618488192558
    },
    "5": {
      "train_loss": 49.09129250049591,
      "train_loss_mean": 51.06758766174317
    },
    "6": {
      "train_loss": 43.54033952951431,
      "train_loss_mean": 43.54033952355385
    },
    "7": {
      "train_loss": 43.54033952951431,
      "train_loss_mean": 43.54033952355385
    },
    "8": {
      "train_loss": 43.54033952951431,
      "train_loss_mean": 43.54033952355385
    },
    "9": {
      "train_loss": 43.54033952951431,
      "train_loss_mean": 43.54033952355385
    },
    "10": {
      "train_loss": 43.54033952951431,
      "train_loss_mean": 43.54033952355385
    },
    "11": {
      "train_loss": 43.54033952951431,
      "train_loss_mean": 43.54033952355385
    },
    "12": {
      "train_loss": 43.54033952951431,
      "train_loss_mean": 43.54033952355385
    },
    "13": {
      "train_loss": 43.54033952951431,
      "train_loss_mean": 43.54033952355385
    },
    "14": {
      "train_loss": 43.54033952951431,
      "train_loss_mean": 43.54033952355385
    },
    "15": {
      "train_loss": 43.54033952951431,
      "train_loss_mean": 43.54033952355385
    },
    "16": {
      "train_loss": 43.54033952951431,
      "train_loss_mean": 43.54033952355385
    },
    "17": {
      "train_loss": 43.54033952951431,
      "train_loss_mean": 43.54460400342941
    },
    "18": {
      "train_loss": 43.54033952951431,
      "train_loss_mean": 43.54033952355385
    },
    "19": {
      "train_loss": 43.54033952951431,
      "train_loss_mean": 43.54033952355385
    },
    "20": {
      "train_loss": 43.54033952951431,
      "train_loss_mean": 43.54033952355385
    }
  },
  "client_evaluate_metrics": {
    "1": {
      "eval_loss": 32.570618629455566,
      "eval_acc": 0.5703125
    },
    "2": {
      "eval_loss": 43.66827392578125,
      "eval_acc": 0.5
    },
    "3": {
      "eval_loss": 43.66827392578125,
      "eval_acc": 0.5
    },
    "4": {
      "eval_loss": 56.973451018333435,
      "eval_acc": 0.34765625
    },
    "5": {
      "eval_loss": 43.66827392578125,
      "eval_acc": 0.5
    },
    "6": {
      "eval_loss": 43.66827392578125,
      "eval_acc": 0.5
    },
    "7": {
      "eval_loss": 43.66827392578125,
      "eval_acc": 0.5
    },
    "8": {
      "eval_loss": 43.66827392578125,
      "eval_acc": 0.5
    },
    "9": {
      "eval_loss": 43.66827392578125,
      "eval_acc": 0.5
    },
    "10": {
      "eval_loss": 43.66827392578125,
      "eval_acc": 0.5
    },
    "11": {
      "eval_loss": 43.66827392578125,
      "eval_acc": 0.5
    },
    "12": {
      "eval_loss": 43.66827392578125,
      "eval_acc": 0.5
    },
    "13": {
      "eval_loss": 43.66827392578125,
      "eval_acc": 0.5
    },
    "14": {
      "eval_loss": 43.66827392578125,
      "eval_acc": 0.5
    },
    "15": {
      "eval_loss": 43.66827392578125,
      "eval_acc": 0.5
    },
    "16": {
      "eval_loss": 43.66827392578125,
      "eval_acc": 0.5
    },
    "17": {
      "eval_loss": 43.66827392578125,
      "eval_acc": 0.5
    },
    "18": {
      "eval_loss": 43.66827392578125,
      "eval_acc": 0.5
    },
    "19": {
      "eval_loss": 43.66827392578125,
      "eval_acc": 0.5
    },
    "20": {
      "eval_loss": 43.66827392578125,
      "eval_acc": 0.5
    }
  },
  "server_evaluate_metrics": {
    "0": {
      "loss": 0.8782161742448806,
      "accuracy": 0.6265625
    },
    "1": {
      "loss": 31.11646785736084,
      "accuracy": 0.59375
    },
    "2": {
      "loss": 44.07766399383545,
      "accuracy": 0.4953125
    },
    "3": {
      "loss": 44.07766399383545,
      "accuracy": 0.4953125
    },
    "4": {
      "loss": 55.94997577667236,
      "accuracy": 0.359375
    },
    "5": {
      "loss": 44.07766399383545,
      "accuracy": 0.4953125
    },
    "6": {
      "loss": 44.07766399383545,
      "accuracy": 0.4953125
    },
    "7": {
      "loss": 44.07766399383545,
      "accuracy": 0.4953125
    },
    "8": {
      "loss": 44.07766399383545,
      "accuracy": 0.4953125
    },
    "9": {
      "loss": 44.07766399383545,
      "accuracy": 0.4953125
    },
    "10": {
      "loss": 44.07766399383545,
      "accuracy": 0.4953125
    },
    "11": {
      "loss": 44.07766399383545,
      "accuracy": 0.4953125
    },
    "12": {
      "loss": 44.07766399383545,
      "accuracy": 0.4953125
    },
    "13": {
      "loss": 44.07766399383545,
      "accuracy": 0.4953125
    },
    "14": {
      "loss": 44.07766399383545,
      "accuracy": 0.4953125
    },
    "15": {
      "loss": 44.07766399383545,
      "accuracy": 0.4953125
    },
    "16": {
      "loss": 44.07766399383545,
      "accuracy": 0.4953125
    },
    "17": {
      "loss": 44.07766399383545,
      "accuracy": 0.4953125
    },
    "18": {
      "loss": 44.07766399383545,
      "accuracy": 0.4953125
    },
    "19": {
      "loss": 44.07766399383545,
      "accuracy": 0.4953125
    },
    "20": {
      "loss": 44.07766399383545,
      "accuracy": 0.4953125
    }
  }
}
