{
  "metadata": {
    "run_name": "main__homogeneous__metric-privacy__fedavg__noise-0.01__seed-44",
    "data_module": "experiments.reproduce.dataset.alzheimer:create_data_module",
    "partition_mode": "homogeneous",
    "partition_profile": "auto",
    "privacy": "metric-privacy",
    "aggregation": "fedavg",
    "seed": 44,
    "num_clients": 4,
    "rounds": 20,
    "local_epochs": 5,
    "noise_multiplier": 0.01,
    "clipping_norm": 5.0,
    "initialization_pretrained": false,
    "initialization_epochs": 0,
    "initialization_final_loss": null
  },
  "train_metrics": {
    "1": {
      "train_loss": 1.0179695705883205,
      "train_loss_mean": 1.0510844726115465,
      "metric-dp-distance": 1.592174183189248,
      "metric-dp-noise-stdv": 0.007850899814844086
    },
    "2": {
      "train_loss": 0.946882426738739,
      "train_loss_mean": 0.9991230607032775,
      "metric-dp-distance": 1.6307769533401977,
      "metric-dp-noise-stdv": 0.007665058041442878
    },
    "3": {
      "train_loss": 0.8290664390660822,
      "train_loss_mean": 0.9148866570554675,
      "metric-dp-distance": 1.7125127718318254,
      "metric-dp-noise-stdv": 0.0072992156354134
    },
    "4": {
      "train_loss": 0.6883974785450846,
      "train_loss_mean": 0.8173671706113964,
      "metric-dp-distance": 1.6105669085712482,
      "metric-dp-noise-stdv": 0.007761242288958296
    },
    "5": {
      "train_loss": 0.5172120546922088,
      "train_loss_mean": 0.6900371592026204,
      "metric-dp-distance": 1.6125999491584178,
      "metric-dp-noise-stdv": 0.007751457518353197
    },
    "6": {
      "train_loss": 0.37707269022939727,
      "train_loss_mean": 0.5602276899269782,
      "metric-dp-distance": 1.5258927505929023,
      "metric-dp-noise-stdv": 0.00819192567442436
    },
    "7": {
      "train_loss": 0.2515320956008509,
      "train_loss_mean": 0.4210491940029897,
      "metric-dp-distance": 1.4582581589153658,
      "metric-dp-noise-stdv": 0.0085718704356829
    },
    "8": {
      "train_loss": 0.16478741166065447,
      "train_loss_mean": 0.3113220305356663,
      "metric-dp-distance": 1.3088933082763106,
      "metric-dp-noise-stdv": 0.009550052644444584
    },
    "9": {
      "train_loss": 0.1095586668670876,
      "train_loss_mean": 0.23023992369126062,
      "metric-dp-distance": 1.2263035833990823,
      "metric-dp-noise-stdv": 0.010193234505074474
    },
    "10": {
      "train_loss": 0.09823193895135773,
      "train_loss_mean": 0.1779017211913015,
      "metric-dp-distance": 1.2929407150950283,
      "metric-dp-noise-stdv": 0.009667883340715493
    },
    "11": {
      "train_loss": 0.08352482678128581,
      "train_loss_mean": 0.15321911494502272,
      "metric-dp-distance": 1.2683681167351704,
      "metric-dp-noise-stdv": 0.009855183077429835
    },
    "12": {
      "train_loss": 0.07520804749401577,
      "train_loss_mean": 0.11512090724609152,
      "metric-dp-distance": 1.181773105636239,
      "metric-dp-noise-stdv": 0.010577326510802842
    },
    "13": {
      "train_loss": 0.04911826779243711,
      "train_loss_mean": 0.09713695041900793,
      "metric-dp-distance": 1.2089700128417462,
      "metric-dp-noise-stdv": 0.010339379692816456
    },
    "14": {
      "train_loss": 0.043274226567064034,
      "train_loss_mean": 0.07530334908888107,
      "metric-dp-distance": 1.2035046912108858,
      "metric-dp-noise-stdv": 0.010386332592873682
    },
    "15": {
      "train_loss": 0.05888909971599787,
      "train_loss_mean": 0.0697640582533495,
      "metric-dp-distance": 1.2529694928089157,
      "metric-dp-noise-stdv": 0.009976300358261248
    },
    "16": {
      "train_loss": 0.04673129256570974,
      "train_loss_mean": 0.055390506282901694,
      "metric-dp-distance": 1.2659632002469152,
      "metric-dp-noise-stdv": 0.009873904705572785
    },
    "17": {
      "train_loss": 0.04293173387713978,
      "train_loss_mean": 0.04907967502467728,
      "metric-dp-distance": 1.2887629318671923,
      "metric-dp-noise-stdv": 0.00969922372137883
    },
    "18": {
      "train_loss": 0.055619509089638086,
      "train_loss_mean": 0.050587343428560416,
      "metric-dp-distance": 1.3643222410852711,
      "metric-dp-noise-stdv": 0.009162058363907256
    },
    "19": {
      "train_loss": 0.04252238889171167,
      "train_loss_mean": 0.05134615879109106,
      "metric-dp-distance": 1.3563700183294713,
      "metric-dp-noise-stdv": 0.009215774332283764
    },
    "20": {
      "train_loss": 0.043119631503486744,
      "train_loss_mean": 0.03877565417083702,
      "metric-dp-distance": 1.4349331026896834,
      "metric-dp-noise-stdv": 0.008711207495715034
    }
  },
  "client_evaluate_metrics": {
    "1": {
      "eval_loss": 1.201060552150011,
      "eval_acc": 0.5
    },
    "2": {
      "eval_loss": 1.0879436358809471,
      "eval_acc": 0.5
    },
    "3": {
      "eval_loss": 1.0174552612006664,
      "eval_acc": 0.5048828125
    },
    "4": {
      "eval_loss": 0.91791982203722,
      "eval_acc": 0.5498046875
    },
    "5": {
      "eval_loss": 0.828987805172801,
      "eval_acc": 0.638671875
    },
    "6": {
      "eval_loss": 0.7200635615736246,
      "eval_acc": 0.689453125
    },
    "7": {
      "eval_loss": 0.6339399134740233,
      "eval_acc": 0.751953125
    },
    "8": {
      "eval_loss": 0.5508147235959768,
      "eval_acc": 0.7890625
    },
    "9": {
      "eval_loss": 0.4277618722990155,
      "eval_acc": 0.8359375
    },
    "10": {
      "eval_loss": 0.3351152236573398,
      "eval_acc": 0.8798828125
    },
    "11": {
      "eval_loss": 0.31461258162744343,
      "eval_acc": 0.90234375
    },
    "12": {
      "eval_loss": 0.3289711521938443,
      "eval_acc": 0.9150390625
    },
    "13": {
      "eval_loss": 0.2841360433958471,
      "eval_acc": 0.9287109375
    },
    "14": {
      "eval_loss": 0.27832267340272665,
      "eval_acc": 0.9365234375
    },
    "15": {
      "eval_loss": 0.22665385575965047,
      "eval_acc": 0.9453125
    },
    "16": {
      "eval_loss": 0.24041855905670673,
      "eval_acc": 0.9482421875
    },
    "17": {
      "eval_loss": 0.2369225934962742,
      "eval_acc": 0.947265625
    },
    "18": {
      "eval_loss": 0.23214636789634824,
      "eval_acc": 0.9501953125
    },
    "19": {
      "eval_loss": 0.23818325251340866,
      "eval_acc": 0.95703125
    },
    "20": {
      "eval_loss": 0.2442881108727306,
      "eval_acc": 0.96484375
    }
  },
  "server_evaluate_metrics": {
    "0": {
      "loss": 1.390574312210083,
      "accuracy": 0.4953125
    },
    "1": {
      "loss": 1.2004748642444611,
      "accuracy": 0.4953125
    },
    "2": {
      "loss": 1.089994978904724,
      "accuracy": 0.4953125
    },
    "3": {
      "loss": 1.025815761089325,
      "accuracy": 0.496875
    },
    "4": {
      "loss": 0.9365073382854462,
      "accuracy": 0.5421875
    },
    "5": {
      "loss": 0.8541338711977005,
      "accuracy": 0.6203125
    },
    "6": {
      "loss": 0.7548081010580063,
      "accuracy": 0.6703125
    },
    "7": {
      "loss": 0.6731801480054855,
      "accuracy": 0.734375
    },
    "8": {
      "loss": 0.5994395613670349,
      "accuracy": 0.7796875
    },
    "9": {
      "loss": 0.481288868188858,
      "accuracy": 0.8265625
    },
    "10": {
      "loss": 0.39129883274435995,
      "accuracy": 0.871875
    },
    "11": {
      "loss": 0.34968129359185696,
      "accuracy": 0.8890625
    },
    "12": {
      "loss": 0.3514468614012003,
      "accuracy": 0.9046875
    },
    "13": {
      "loss": 0.34669568557292224,
      "accuracy": 0.9046875
    },
    "14": {
      "loss": 0.3341403381898999,
      "accuracy": 0.9171875
    },
    "15": {
      "loss": 0.2772241787984967,
      "accuracy": 0.9296875
    },
    "16": {
      "loss": 0.2772428639233112,
      "accuracy": 0.934375
    },
    "17": {
      "loss": 0.27238949984312055,
      "accuracy": 0.9359375
    },
    "18": {
      "loss": 0.2529251117259264,
      "accuracy": 0.9453125
    },