{
  "metadata": {
    "run_name": "main__homogeneous__vanilla__fedopt__noise-0.01__seed-43",
    "data_module": "experiments.reproduce.dataset.alzheimer:create_data_module",
    "partition_mode": "homogeneous",
    "partition_profile": "auto",
    "privacy": "vanilla",
    "aggregation": "fedopt",
    "seed": 43,
    "num_clients": 4,
    "rounds": 20,
    "local_epochs": 5,
    "noise_multiplier": 0.01,
    "clipping_norm": 5.0,
    "initialization_pretrained": true,
    "initialization_epochs": 20,
    "initialization_final_loss": 0.40885902345180514
  },
  "train_metrics": {
    "1": {
      "train_loss": 0.5627348914276809,
      "train_loss_mean": 0.7098974205553532
    },
    "2": {
      "train_loss": 0.9414130495861173,
      "train_loss_mean": 1.322156758327037
    },
    "3": {
      "train_loss": 56.952328592538834,
      "train_loss_mean": 56.9437742471695
    },
    "4": {
      "train_loss": 56.89739182591438,
      "train_loss_mean": 56.86218639016151
    },
    "5": {
      "train_loss": 53.77704989910126,
      "train_loss_mean": 55.75361552834511
    },
    "6": {
      "train_loss": 1.0399545338004827,
      "train_loss_mean": 1.0623638098128139
    },
    "7": {
      "train_loss": 1.0346482004970312,
      "train_loss_mean": 1.0405040048062801
    },
    "8": {
      "train_loss": 1.0344172082841396,
      "train_loss_mean": 1.0416905444115399
    },
    "9": {
      "train_loss": 1.0344608812592924,
      "train_loss_mean": 1.0405162726528943
    },
    "10": {
      "train_loss": 1.0344172064214945,
      "train_loss_mean": 1.041690543387085
    },
    "11": {
      "train_loss": 1.034458037931472,
      "train_loss_mean": 1.0405322168953717
    },
    "12": {
      "train_loss": 1.0343986474908888,
      "train_loss_mean": 1.0416557943448423
    },
    "13": {
      "train_loss": 1.0344636593945324,
      "train_loss_mean": 1.0408270178362726
    },
    "14": {
      "train_loss": 1.034269329160452,
      "train_loss_mean": 1.041904972307384
    },
    "15": {
      "train_loss": 1.0344636561349034,
      "train_loss_mean": 1.0408270176500083
    },
    "16": {
      "train_loss": 1.0342693314887583,
      "train_loss_mean": 1.0419049749150873
    },
    "17": {
      "train_loss": 1.0344609296880662,
      "train_loss_mean": 1.0408229452557862
    },
    "18": {
      "train_loss": 1.0342449848540127,
      "train_loss_mean": 1.0419944180175662
    },
    "19": {
      "train_loss": 1.0344390431419015,
      "train_loss_mean": 1.0417242091149093
    },
    "20": {
      "train_loss": 1.0342993647791445,
      "train_loss_mean": 1.0420589547604322
    }
  },
  "client_evaluate_metrics": {
    "1": {
      "eval_loss": 19.455283522605896,
      "eval_acc": 0.5087890625
    },
    "2": {
      "eval_loss": 56.973451018333435,
      "eval_acc": 0.34765625
    },
    "3": {
      "eval_loss": 56.973451018333435,
      "eval_acc": 0.34765625
    },
    "4": {
      "eval_loss": 56.973451018333435,
      "eval_acc": 0.34765625
    },
    "5": {
      "eval_loss": 1.1343329511582851,
      "eval_acc": 0.5
    },
    "6": {
      "eval_loss": 1.0665317550301552,
      "eval_acc": 0.5
    },
    "7": {
      "eval_loss": 1.0723069589585066,
      "eval_acc": 0.5
    },
    "8": {
      "eval_loss": 1.0670026410371065,
      "eval_acc": 0.5
    },
    "9": {
      "eval_loss": 1.0723069589585066,
      "eval_acc": 0.5
    },
    "10": {
      "eval_loss": 1.0672939494252205,
      "eval_acc": 0.5
    },
    "11": {
      "eval_loss": 1.072472369298339,
      "eval_acc": 0.5
    },
    "12": {
      "eval_loss": 1.0689523536711931,
      "eval_acc": 0.5
    },
    "13": {
      "eval_loss": 1.0742143299430609,
      "eval_acc": 0.5
    },
    "14": {
      "eval_loss": 1.0689523536711931,
      "eval_acc": 0.5
    },
    "15": {
      "eval_loss": 1.0742143299430609,
      "eval_acc": 0.5
    },
    "16": {
      "eval_loss": 1.0689698550850153,
      "eval_acc": 0.5
    },
    "17": {
      "eval_loss": 1.0750558692961931,
      "eval_acc": 0.5
    },
    "18": {
      "eval_loss": 1.0741492807865143,
      "eval_acc": 0.5
    },
    "19": {
      "eval_loss": 1.075111273676157,
      "eval_acc": 0.5
    },
    "20": {
      "eval_loss": 1.0741241201758385,
      "eval_acc": 0.5
    }
  },
  "server_evaluate_metrics": {
    "0": {
      "loss": 0.977742263674736,
      "accuracy": 0.621875
    },
    "1": {
      "loss": 19.592030143737794,
      "accuracy": 0.503125
    },
    "2": {
      "loss": 55.9499755859375,
      "accuracy": 0.359375
    },
    "3": {
      "loss": 55.9499755859375,
      "accuracy": 0.359375
    },
    "4": {
      "loss": 55.9499755859375,
      "accuracy": 0.359375
    },
    "5": {
      "loss": 1.1363489121198653,
      "accuracy": 0.4953125
    },
    "6": {
      "loss": 1.0626383125782013,
      "accuracy": 0.4953125
    },
    "7": {
      "loss": 1.0601511299610138,
      "accuracy": 0.4953125
    },
    "8": {
      "loss": 1.0638534367084502,
      "accuracy": 0.4953125
    },
    "9": {
      "loss": 1.0601511299610138,
      "accuracy": 0.4953125
    },
    "10": {
      "loss": 1.0642570286989212,
      "accuracy": 0.4953125
    },
    "11": {
      "loss": 1.0603084862232208,
      "accuracy": 0.4953125
    },
    "12": {
      "loss": 1.0659860789775848,
      "accuracy": 0.4953125
    },
    "13": {
      "loss": 1.0625967264175415,
      "accuracy": 0.4953125
    },
    "14": {
      "loss": 1.0659860789775848,
      "accuracy": 0.4953125
    },
    "15": {
      "loss": 1.0625967264175415,
      "accuracy": 0.4953125
    },
    "16": {
      "loss": 1.0659980773925781,
      "accuracy": 0.4953125
    },
    "17": {
      "loss": 1.0631281048059464,
      "accuracy": 0.4953125
    },
    "18": {
      "loss": 1.0711569905281066,
      "accuracy": 0.4953125
    },
    "19": {
      "loss": 1.063123619556427,
      "accuracy": 0.4953125
    },
    "20": {
      "loss": 1.071137297153473,
      "accuracy": 0.4953125
    }
  }
}
