{
  "metadata": {
    "run_name": "main__homogeneous__global-dp__fedavg__noise-0.01__seed-44",
    "data_module": "experiments.reproduce.dataset.alzheimer:create_data_module",
    "partition_mode": "homogeneous",
    "partition_profile": "auto",
    "privacy": "global-dp",
    "aggregation": "fedavg",
    "seed": 44,
    "num_clients": 4,
    "rounds": 20,
    "local_epochs": 5,
    "noise_multiplier": 0.01,
    "clipping_norm": 5.0,
    "initialization_pretrained": false,
    "initialization_epochs": 0,
    "initialization_final_loss": null
  },
  "train_metrics": {
    "1": {
      "train_loss": 1.0190521138720214,
      "train_loss_mean": 1.0503247051499784
    },
    "2": {
      "train_loss": 0.9489680929109454,
      "train_loss_mean": 0.9983833308331668
    },
    "3": {
      "train_loss": 0.8203305653296411,
      "train_loss_mean": 0.9075587674044072
    },
    "4": {
      "train_loss": 0.668896053917706,
      "train_loss_mean": 0.8045499533414842
    },
    "5": {
      "train_loss": 0.53002217435278,
      "train_loss_mean": 0.6952149883378296
    },
    "6": {
      "train_loss": 0.3788538776570931,
      "train_loss_mean": 0.5714309986913577
    },
    "7": {
      "train_loss": 0.26616647775517777,
      "train_loss_mean": 0.45354818616760895
    },
    "8": {
      "train_loss": 0.20205425666063093,
      "train_loss_mean": 0.3549333085829858
    },
    "9": {
      "train_loss": 0.1392542162357131,
      "train_loss_mean": 0.2727421857824084
    },
    "10": {
      "train_loss": 0.12013560150080593,
      "train_loss_mean": 0.21360633297736056
    },
    "11": {
      "train_loss": 0.09350889246707084,
      "train_loss_mean": 0.18629918164078843
    },
    "12": {
      "train_loss": 0.08353304793854477,
      "train_loss_mean": 0.1434706907471991
    },
    "13": {
      "train_loss": 0.07858453430708323,
      "train_loss_mean": 0.12538754640154365
    },
    "14": {
      "train_loss": 0.048449888889081194,
      "train_loss_mean": 0.10072809036319086
    },
    "15": {
      "train_loss": 0.0664597483646503,
      "train_loss_mean": 0.09061757366362144
    },
    "16": {
      "train_loss": 0.06418560161637288,
      "train_loss_mean": 0.07839698262978345
    },
    "17": {
      "train_loss": 0.052479072842061214,
      "train_loss_mean": 0.0664240688119662
    },
    "18": {
      "train_loss": 0.036645457076815546,
      "train_loss_mean": 0.0624879317171235
    },
    "19": {
      "train_loss": 0.05060334618451634,
      "train_loss_mean": 0.060445952809413936
    },
    "20": {
      "train_loss": 0.049454793905169936,
      "train_loss_mean": 0.05693837659609926
    }
  },
  "client_evaluate_metrics": {
    "1": {
      "eval_loss": 1.1790544278919697,
      "eval_acc": 0.5
    },
    "2": {
      "eval_loss": 1.088143240660429,
      "eval_acc": 0.5
    },
    "3": {
      "eval_loss": 0.996270215138793,
      "eval_acc": 0.509765625
    },
    "4": {
      "eval_loss": 0.919633274897933,
      "eval_acc": 0.5546875
    },
    "5": {
      "eval_loss": 0.8444544076919556,
      "eval_acc": 0.6533203125
    },
    "6": {
      "eval_loss": 0.7370536737143993,
      "eval_acc": 0.6884765625
    },
    "7": {
      "eval_loss": 0.6487143523991108,
      "eval_acc": 0.744140625
    },
    "8": {
      "eval_loss": 0.5824688142165542,
      "eval_acc": 0.76171875
    },
    "9": {
      "eval_loss": 0.4862623745575547,
      "eval_acc": 0.8037109375
    },
    "10": {
      "eval_loss": 0.39727205503731966,
      "eval_acc": 0.8486328125
    },
    "11": {
      "eval_loss": 0.34420592803508043,
      "eval_acc": 0.8837890625
    },
    "12": {
      "eval_loss": 0.3401822636369616,
      "eval_acc": 0.9013671875
    },
    "13": {
      "eval_loss": 0.3015360878780484,
      "eval_acc": 0.912109375
    },
    "14": {
      "eval_loss": 0.26572687178850174,
      "eval_acc": 0.93359375
    },
    "15": {
      "eval_loss": 0.25692028598859906,
      "eval_acc": 0.9365234375
    },
    "16": {
      "eval_loss": 0.24616746173705906,
      "eval_acc": 0.9404296875
    },
    "17": {
      "eval_loss": 0.221310690860264,
      "eval_acc": 0.9521484375
    },
    "18": {
      "eval_loss": 0.23674149508588016,
      "eval_acc": 0.9462890625
    },
    "19": {
      "eval_loss": 0.2318216876592487,
      "eval_acc": 0.947265625
    },
    "20": {
      "eval_loss": 0.21968342817854136,
      "eval_acc": 0.95703125
    }
  },
  "server_evaluate_metrics": {
    "0": {
      "loss": 1.390574312210083,
      "accuracy": 0.4953125
    },
    "1": {
      "loss": 1.178042322397232,
      "accuracy": 0.4953125
    },
    "2": {
      "loss": 1.0903618663549424,
      "accuracy": 0.4953125
    },
    "3": {
      "loss": 1.0051051914691924,
      "accuracy": 0.50625
    },
    "4": {
      "loss": 0.9382844150066376,
      "accuracy": 0.54375
    },
    "5": {
      "loss": 0.8684701800346375,
      "accuracy": 0.628125
    },
    "6": {
      "loss": 0.7648685723543167,
      "accuracy": 0.671875
    },
    "7": {
      "loss": 0.6812799975275994,
      "accuracy": 0.7234375
    },
    "8": {
      "loss": 0.6172644302248955,
      "accuracy": 0.7515625
    },
    "9": {
      "loss": 0.5366092056035996,
      "accuracy": 0.7953125
    },
    "10": {
      "loss": 0.46247306764125823,
      "accuracy": 0.8328125
    },
    "11": {
      "loss": 0.40272349417209624,
      "accuracy": 0.871875
    },
    "12": {
      "loss": 0.3784477986395359,
      "accuracy": 0.8828125
    },
    "13": {
      "loss": 0.37536676563322546,
      "accuracy": 0.8796875
    },
    "14": {
      "loss": 0.3390985820442438,
      "accuracy": 0.909375
    },
    "15": {
      "loss": 0.3158719889819622,
      "accuracy": 0.9078125
    },
    "16": {
      "loss": 0.3079019200056791,
      "accuracy": 0.9140625
    },
    "17": {
      "loss": 0.2764246353879571,
      "accuracy": 0.9265625
    },
    "18": {
      "loss": 0.27465228978544476,
      "accuracy": 0.934375
    },
    "19": {
      "loss": 0.2685700988862664,
      "accuracy": 0.9328125
    },
    "20": {
      "loss": 0.2306265017017722,
      "accuracy": 0.9375
    }
  }
}
