{
  "metadata": {
    "run_name": "main__homogeneous__metric-privacy__fedprox__noise-0.01__seed-42",
    "data_module": "experiments.reproduce.dataset.alzheimer:create_data_module",
    "partition_mode": "homogeneous",
    "partition_profile": "auto",
    "privacy": "metric-privacy",
    "aggregation": "fedprox",
    "seed": 42,
    "num_clients": 4,
    "rounds": 20,
    "local_epochs": 5,
    "noise_multiplier": 0.01,
    "clipping_norm": 5.0,
    "initialization_pretrained": false,
    "initialization_epochs": 0,
    "initialization_final_loss": null
  },
  "train_metrics": {
    "1": {
      "train_loss": 1.2164661027491093,
      "train_loss_mean": 1.2290127996355296,
      "metric-dp-distance": 0.14252881069357196,
      "metric-dp-noise-stdv": 0.08770156671603904
    },
    "2": {
      "train_loss": 1.3712529884651303,
      "train_loss_mean": 2.118384203501046,
      "metric-dp-distance": 0.18809700578761598,
      "metric-dp-noise-stdv": 0.06645507166719068
    },
    "3": {
      "train_loss": 1.3024328728206456,
      "train_loss_mean": 1.8875021419487894,
      "metric-dp-distance": 0.20607464450101057,
      "metric-dp-noise-stdv": 0.06065763223936413
    },
    "4": {
      "train_loss": 1.3609631853178144,
      "train_loss_mean": 1.577061270456761,
      "metric-dp-distance": 0.22587531805038452,
      "metric-dp-noise-stdv": 0.05534026518652962
    },
    "5": {
      "train_loss": 1.317148430738598,
      "train_loss_mean": 1.545044304896146,
      "metric-dp-distance": 0.20349309515828887,
      "metric-dp-noise-stdv": 0.0614271456742882
    },
    "6": {
      "train_loss": 1.3357597962021828,
      "train_loss_mean": 1.7369317265227435,
      "metric-dp-distance": 0.20202410880786678,
      "metric-dp-noise-stdv": 0.061873803447330206
    },
    "7": {
      "train_loss": 1.3322782991454005,
      "train_loss_mean": 1.5366702652536333,
      "metric-dp-distance": 0.21487275759379068,
      "metric-dp-noise-stdv": 0.05817396369823115
    },
    "8": {
      "train_loss": 1.2644697236828506,
      "train_loss_mean": 1.5238879576325415,
      "metric-dp-distance": 0.19287948209481934,
      "metric-dp-noise-stdv": 0.06480730798444914
    },
    "9": {
      "train_loss": 1.3641894031316042,
      "train_loss_mean": 1.6964102344587446,
      "metric-dp-distance": 0.22089969110675156,
      "metric-dp-noise-stdv": 0.05658676993785055
    },
    "10": {
      "train_loss": 1.3241671733558178,
      "train_loss_mean": 1.7255475791171193,
      "metric-dp-distance": 0.23196657475394508,
      "metric-dp-noise-stdv": 0.05388707408926989
    },
    "11": {
      "train_loss": 1.3028299072757363,
      "train_loss_mean": 1.5273182714357971,
      "metric-dp-distance": 0.2208426734432578,
      "metric-dp-noise-stdv": 0.05660137963875757
    },
    "12": {
      "train_loss": 1.3537310482934117,
      "train_loss_mean": 1.4571868409402668,
      "metric-dp-distance": 0.22629940346814692,
      "metric-dp-noise-stdv": 0.05523655744748551
    },
    "13": {
      "train_loss": 1.2624062420800328,
      "train_loss_mean": 1.3794795958325268,
      "metric-dp-distance": 0.19591601456825933,
      "metric-dp-noise-stdv": 0.0638028495401271
    },
    "14": {
      "train_loss": 1.2970335287973285,
      "train_loss_mean": 1.5998240128159522,
      "metric-dp-distance": 0.18260592268779874,
      "metric-dp-noise-stdv": 0.06845342043681268
    },
    "15": {
      "train_loss": 1.4657600158825517,
      "train_loss_mean": 2.001696794480085,
      "metric-dp-distance": 0.2320680198414872,
      "metric-dp-noise-stdv": 0.053863518155315225
    },
    "16": {
      "train_loss": 1.3552498929202557,
      "train_loss_mean": 1.575381400808692,
      "metric-dp-distance": 0.2141304110021641,
      "metric-dp-noise-stdv": 0.05837564100072488
    },
    "17": {
      "train_loss": 1.294078935869038,
      "train_loss_mean": 1.397806005179882,
      "metric-dp-distance": 0.170778524557439,
      "metric-dp-noise-stdv": 0.07319421474329343
    },
    "18": {
      "train_loss": 1.311648623086512,
      "train_loss_mean": 1.5836263919249176,
      "metric-dp-distance": 0.1582391282233099,
      "metric-dp-noise-stdv": 0.07899436846214025
    },
    "19": {
      "train_loss": 1.3774902308359742,
      "train_loss_mean": 2.0683978326618675,
      "metric-dp-distance": 0.1315318796162804,
      "metric-dp-noise-stdv": 0.09503399507759189
    },
    "20": {
      "train_loss": 1.512898625805974,
      "train_loss_mean": 2.0588273929432033,
      "metric-dp-distance": 0.2027852392056957,
      "metric-dp-noise-stdv": 0.0616415674482135
    }
  },
  "client_evaluate_metrics": {
    "1": {
      "eval_loss": 9.543100208044052,
      "eval_acc": 0.140625
    },
    "2": {
      "eval_loss": 9.600197166204453,
      "eval_acc": 0.34765625
    },
    "3": {
      "eval_loss": 1.6223968975245953,
      "eval_acc": 0.310546875
    },
    "4": {
      "eval_loss": 2.058061845600605,
      "eval_acc": 0.3916015625
    },
    "5": {
      "eval_loss": 7.508827596902847,
      "eval_acc": 0.13671875
    },
    "6": {
      "eval_loss": 2.268643882125616,
      "eval_acc": 0.3203125
    },
    "7": {
      "eval_loss": 2.1692838110029697,
      "eval_acc": 0.43359375
    },
    "8": {
      "eval_loss": 2.4610287435352802,
      "eval_acc": 0.4765625
    },
    "9": {
      "eval_loss": 3.5739863142371178,
      "eval_acc": 0.4931640625
    },
    "10": {
      "eval_loss": 2.8474131748080254,
      "eval_acc": 0.359375
    },
    "11": {
      "eval_loss": 1.7394392155110836,
      "eval_acc": 0.4033203125
    },
    "12": {
      "eval_loss": 1.9007383324205875,
      "eval_acc": 0.48046875
    },
    "13": {
      "eval_loss": 4.650125585496426,
      "eval_acc": 0.2041015625
    },
    "14": {
      "eval_loss": 6.436376333236694,
      "eval_acc": 0.27734375
    },
    "15": {
      "eval_loss": 3.617815785109997,
      "eval_acc": 0.4326171875
    },
    "16": {
      "eval_loss": 1.261335477232933,
      "eval_acc": 0.5
    },
    "17": {
      "eval_loss": 3.9284626953303814,
      "eval_acc": 0.2939453125
    },
    "18": {
      "eval_loss": 18.93251657485962,
      "eval_acc": 0.1513671875
    },
    "19": {
      "eval_loss": 9.918353021144867,
      "eval_acc": 0.486328125
    },
    "20": {
      "eval_loss": 1.2596411108970642,
      "eval_acc": 0.50390625
    }
  },
  "server_evaluate_metrics": {
    "0": {
      "loss": 1.4405660927295685,
      "accuracy": 0.0109375
    },
    "1": {
      "loss": 9.600755834579468,
      "accuracy": 0.134375
    },
    "2": {
      "loss": 9.526745581626892,
      "accuracy": 0.359375
    },
    "3": {
      "loss": 1.5002866744995118,
      "accuracy": 0.346875
    },
    "4": {
      "loss": 1.990961068868637,
      "accuracy": 0.3765625
    },
    "5": {
      "loss": 7.388377165794372,
      "accuracy": 0.140625
    },
    "6": {
      "loss": 2.2063852190971374,
      "accuracy": 0.340625
    },
    "7": {
      "loss": 2.128687930107117,
      "accuracy": 0.4390625
    },
    "8": {
      "loss": 2.3700197279453277,
      "accuracy": 0.4984375
    },
    "9": {
      "loss": 3.666757845878601,
      "accuracy": 0.49375
    },
    "10": {
      "loss": 2.854736590385437,
      "accuracy": 0.3515625
    },
    "11": {
      "loss": 1.683154046535492,
      "accuracy": 0.45
    },
    "12": {
      "loss": 1.894470328092575,
      "accuracy": 0.478125
    },
    "13": {
      "loss": 4.7476747035980225,
      "accuracy": 0.2
    },
    "14": {
      "loss": 7.030225777626038,
      "accuracy": 0.2046875
    },
    "15": {
      "loss": 3.5834246277809143,
      "accuracy": 0.4125
    },
    "16": {
      "loss": 1.271175742149353,
      "accuracy": 0.49375
    },
    "17": {
      "loss": 3.8388158440589906,
      "accuracy": 0.3015625
    },
    "18": {
      "loss": 19.55080690383911,
      "accuracy": 0.1453125
    },
    "19": {
      "loss": 9.167040133476258,
      "accuracy": 0.475
    },