{
  "metadata": {
    "run_name": "main__homogeneous__vanilla__fedprox__noise-0.01__seed-45",
    "data_module": "experiments.reproduce.dataset.alzheimer:create_data_module",
    "partition_mode": "homogeneous",
    "partition_profile": "auto",
    "privacy": "vanilla",
    "aggregation": "fedprox",
    "seed": 45,
    "num_clients": 4,
    "rounds": 20,
    "local_epochs": 5,
    "noise_multiplier": 0.01,
    "clipping_norm": 5.0,
    "initialization_pretrained": false,
    "initialization_epochs": 0,
    "initialization_final_loss": null
  },
  "train_metrics": {
    "1": {
      "train_loss": 1.1946812984533608,
      "train_loss_mean": 1.2357650038786232
    },
    "2": {
      "train_loss": 1.0958409998565912,
      "train_loss_mean": 1.1121477873995902
    },
    "3": {
      "train_loss": 1.0745406583882868,
      "train_loss_mean": 1.083943658042699
    },
    "4": {
      "train_loss": 1.0643653441220522,
      "train_loss_mean": 1.0711410962045194
    },
    "5": {
      "train_loss": 1.0600590510293841,
      "train_loss_mean": 1.0659006041474641
    },
    "6": {
      "train_loss": 1.0534828044474125,
      "train_loss_mean": 1.0576288144104182
    },
    "7": {
      "train_loss": 1.0510644856840372,
      "train_loss_mean": 1.056272945459932
    },
    "8": {
      "train_loss": 1.04897948121652,
      "train_loss_mean": 1.0543805824592711
    },
    "9": {
      "train_loss": 1.0462907277978957,
      "train_loss_mean": 1.0517780415713789
    },
    "10": {
      "train_loss": 1.0439021969214082,
      "train_loss_mean": 1.0505939839407803
    },
    "11": {
      "train_loss": 1.0411384026519954,
      "train_loss_mean": 1.0488783037289977
    },
    "12": {
      "train_loss": 1.0382100399583578,
      "train_loss_mean": 1.0475552960298957
    },
    "13": {
      "train_loss": 1.0375694879330695,
      "train_loss_mean": 1.0474050446413457
    },
    "14": {
      "train_loss": 1.0353293376974761,
      "train_loss_mean": 1.0451018504798413
    },
    "15": {
      "train_loss": 1.0345297837629914,
      "train_loss_mean": 1.044761868286878
    },
    "16": {
      "train_loss": 1.0325195463374257,
      "train_loss_mean": 1.0415454666130244
    },
    "17": {
      "train_loss": 1.029477445408702,
      "train_loss_mean": 1.0403180727735162
    },
    "18": {
      "train_loss": 1.0223299521021545,
      "train_loss_mean": 1.0345042116008698
    },
    "19": {
      "train_loss": 1.0150740616954863,
      "train_loss_mean": 1.0294477362185717
    },
    "20": {
      "train_loss": 1.0068740705028176,
      "train_loss_mean": 1.0231554268859329
    }
  },
  "client_evaluate_metrics": {
    "1": {
      "eval_loss": 1.0457812659442425,
      "eval_acc": 0.5
    },
    "2": {
      "eval_loss": 1.0394557155668736,
      "eval_acc": 0.5
    },
    "3": {
      "eval_loss": 1.0379950366914272,
      "eval_acc": 0.5
    },
    "4": {
      "eval_loss": 1.0366089958697557,
      "eval_acc": 0.5
    },
    "5": {
      "eval_loss": 1.0365350991487503,
      "eval_acc": 0.5
    },
    "6": {
      "eval_loss": 1.0376015901565552,
      "eval_acc": 0.5
    },
    "7": {
      "eval_loss": 1.0376121029257774,
      "eval_acc": 0.5
    },
    "8": {
      "eval_loss": 1.0365865658968687,
      "eval_acc": 0.5
    },
    "9": {
      "eval_loss": 1.034841150045395,
      "eval_acc": 0.5
    },
    "10": {
      "eval_loss": 1.033913953229785,
      "eval_acc": 0.5
    },
    "11": {
      "eval_loss": 1.0316796712577343,
      "eval_acc": 0.5
    },
    "12": {
      "eval_loss": 1.0292148739099503,
      "eval_acc": 0.5
    },
    "13": {
      "eval_loss": 1.0262158159166574,
      "eval_acc": 0.5
    },
    "14": {
      "eval_loss": 1.0217240173369646,
      "eval_acc": 0.5
    },
    "15": {
      "eval_loss": 1.017064930871129,
      "eval_acc": 0.501953125
    },
    "16": {
      "eval_loss": 1.0115884840488434,
      "eval_acc": 0.5009765625
    },
    "17": {
      "eval_loss": 1.005375761538744,
      "eval_acc": 0.501953125
    },
    "18": {
      "eval_loss": 0.9974418170750141,
      "eval_acc": 0.5068359375
    },
    "19": {
      "eval_loss": 0.9864967633038759,
      "eval_acc": 0.521484375
    },
    "20": {
      "eval_loss": 0.9762950018048286,
      "eval_acc": 0.5224609375
    }
  },
  "server_evaluate_metrics": {
    "0": {
      "loss": 1.444567507505417,
      "accuracy": 0.0109375
    },
    "1": {
      "loss": 1.0388998180627822,
      "accuracy": 0.4953125
    },
    "2": {
      "loss": 1.0311906576156615,
      "accuracy": 0.4953125
    },
    "3": {
      "loss": 1.0290339052677155,
      "accuracy": 0.4953125
    },
    "4": {
      "loss": 1.0273958623409272,
      "accuracy": 0.4953125
    },
    "5": {
      "loss": 1.0268564879894257,
      "accuracy": 0.4953125
    },
    "6": {
      "loss": 1.0272368729114532,
      "accuracy": 0.4953125
    },
    "7": {
      "loss": 1.02690347135067,
      "accuracy": 0.4953125
    },
    "8": {
      "loss": 1.0256016373634338,
      "accuracy": 0.4953125
    },
    "9": {
      "loss": 1.024289709329605,
      "accuracy": 0.4953125
    },
    "10": {
      "loss": 1.023163452744484,
      "accuracy": 0.4953125
    },
    "11": {
      "loss": 1.0210219472646713,
      "accuracy": 0.4953125
    },
    "12": {
      "loss": 1.0184998124837876,
      "accuracy": 0.4953125
    },
    "13": {
      "loss": 1.0154545217752458,
      "accuracy": 0.4953125
    },
    "14": {
      "loss": 1.0111200004816054,
      "accuracy": 0.4953125
    },
    "15": {
      "loss": 1.0061553031206132,
      "accuracy": 0.496875
    },
    "16": {
      "loss": 1.000909250974655,
      "accuracy": 0.4984375
    },
    "17": {
      "loss": 0.994883781671524,
      "accuracy": 0.503125
    },
    "18": {
      "loss": 0.9876099616289139,
      "accuracy": 0.50625
    },
    "19": {
      "loss": 0.9785142034292221,
      "accuracy": 0.5109375
    },
    "20": {
      "loss": 0.9701113432645798,
      "accuracy": 0.5046875
    }
  }
}
