{
  "metadata": {
    "run_name": "main__homogeneous__global-dp__fedavgm__noise-0.01__seed-44",
    "data_module": "experiments.reproduce.dataset.alzheimer:create_data_module",
    "partition_mode": "homogeneous",
    "partition_profile": "auto",
    "privacy": "global-dp",
    "aggregation": "fedavgm",
    "seed": 44,
    "num_clients": 4,
    "rounds": 20,
    "local_epochs": 5,
    "noise_multiplier": 0.01,
    "clipping_norm": 5.0,
    "initialization_pretrained": true,
    "initialization_epochs": 20,
    "initialization_final_loss": 0.46640990525484083
  },
  "train_metrics": {
    "1": {
      "train_loss": 0.4419096375349909,
      "train_loss_mean": 0.6358068427536636
    },
    "2": {
      "train_loss": 0.4279766206163913,
      "train_loss_mean": 0.6368325219489634
    },
    "3": {
      "train_loss": 0.38749892241321504,
      "train_loss_mean": 0.6019052041694521
    },
    "4": {
      "train_loss": 0.3801265467191115,
      "train_loss_mean": 0.586658561322838
    },
    "5": {
      "train_loss": 0.3587731446605176,
      "train_loss_mean": 0.5796009139623493
    },
    "6": {
      "train_loss": 0.3495512477820739,
      "train_loss_mean": 0.5628725127317011
    },
    "7": {
      "train_loss": 0.31623936555115506,
      "train_loss_mean": 0.5376396244973876
    },
    "8": {
      "train_loss": 0.28293414204381406,
      "train_loss_mean": 0.5114720176905394
    },
    "9": {
      "train_loss": 0.28624302928801626,
      "train_loss_mean": 0.49039268649648876
    },
    "10": {
      "train_loss": 0.26153199234977365,
      "train_loss_mean": 0.4821996029466391
    },
    "11": {
      "train_loss": 0.24781905981944874,
      "train_loss_mean": 0.4537828804343007
    },
    "12": {
      "train_loss": 0.2217997771804221,
      "train_loss_mean": 0.43818811349337916
    },
    "13": {
      "train_loss": 0.20356207960867323,
      "train_loss_mean": 0.4132700884656515
    },
    "14": {
      "train_loss": 0.1945059369027149,
      "train_loss_mean": 0.40087284044711846
    },
    "15": {
      "train_loss": 0.17343579490261618,
      "train_loss_mean": 0.3836569096107269
    },
    "16": {
      "train_loss": 0.17180457833455876,
      "train_loss_mean": 0.3581451633363031
    },
    "17": {
      "train_loss": 0.1555911093892064,
      "train_loss_mean": 0.34482232063310225
    },
    "18": {
      "train_loss": 0.15068078969488852,
      "train_loss_mean": 0.3334716710844077
    },
    "19": {
      "train_loss": 0.14053064581821673,
      "train_loss_mean": 0.316576102207182
    },
    "20": {
      "train_loss": 0.15200258677941747,
      "train_loss_mean": 0.30192561547737573
    }
  },
  "client_evaluate_metrics": {
    "1": {
      "eval_loss": 1.0608047544956207,
      "eval_acc": 0.587890625
    },
    "2": {
      "eval_loss": 0.8633509781211615,
      "eval_acc": 0.6552734375
    },
    "3": {
      "eval_loss": 0.8256594985723495,
      "eval_acc": 0.6669921875
    },
    "4": {
      "eval_loss": 0.8989232815802097,
      "eval_acc": 0.638671875
    },
    "5": {
      "eval_loss": 0.8365667006000876,
      "eval_acc": 0.6650390625
    },
    "6": {
      "eval_loss": 0.8111313413828611,
      "eval_acc": 0.6767578125
    },
    "7": {
      "eval_loss": 0.7657817881554365,
      "eval_acc": 0.6748046875
    },
    "8": {
      "eval_loss": 0.7628258559852839,
      "eval_acc": 0.701171875
    },
    "9": {
      "eval_loss": 0.7660896256566048,
      "eval_acc": 0.6865234375
    },
    "10": {
      "eval_loss": 0.7376560419797897,
      "eval_acc": 0.69921875
    },
    "11": {
      "eval_loss": 0.7057287273928523,
      "eval_acc": 0.708984375
    },
    "12": {
      "eval_loss": 0.6833952032029629,
      "eval_acc": 0.7177734375
    },
    "13": {
      "eval_loss": 0.6861233981326222,
      "eval_acc": 0.72265625
    },
    "14": {
      "eval_loss": 0.7190166963264346,
      "eval_acc": 0.6943359375
    },
    "15": {
      "eval_loss": 0.6762276161462069,
      "eval_acc": 0.732421875
    },
    "16": {
      "eval_loss": 0.6359968259930611,
      "eval_acc": 0.744140625
    },
    "17": {
      "eval_loss": 0.6358895190060139,
      "eval_acc": 0.74609375
    },
    "18": {
      "eval_loss": 0.6019394369795918,
      "eval_acc": 0.7470703125
    },
    "19": {
      "eval_loss": 0.623402095399797,
      "eval_acc": 0.7529296875
    },
    "20": {
      "eval_loss": 0.5739453295245767,
      "eval_acc": 0.7626953125
    }
  },
  "server_evaluate_metrics": {
    "0": {
      "loss": 0.9251260936260224,
      "accuracy": 0.6484375
    },
    "1": {
      "loss": 1.0266966074705124,
      "accuracy": 0.59375
    },
    "2": {
      "loss": 0.8886205643415451,
      "accuracy": 0.65625
    },
    "3": {
      "loss": 0.8537116289138794,
      "accuracy": 0.665625
    },
    "4": {
      "loss": 0.8824882805347443,
      "accuracy": 0.6640625
    },
    "5": {
      "loss": 0.8376093029975891,
      "accuracy": 0.6765625
    },
    "6": {
      "loss": 0.835883942246437,
      "accuracy": 0.6703125
    },
    "7": {
      "loss": 0.7763248175382614,
      "accuracy": 0.6828125
    },
    "8": {
      "loss": 0.7944771528244019,
      "accuracy": 0.6921875
    },
    "9": {
      "loss": 0.7733234614133835,
      "accuracy": 0.69375
    },
    "10": {
      "loss": 0.7495596736669541,
      "accuracy": 0.7078125
    },
    "11": {
      "loss": 0.7147993087768555,
      "accuracy": 0.7078125
    },
    "12": {
      "loss": 0.717918211221695,
      "accuracy": 0.7046875
    },
    "13": {
      "loss": 0.71851946413517,
      "accuracy": 0.7125
    },
    "14": {
      "loss": 0.6978647008538246,
      "accuracy": 0.725
    },
    "15": {
      "loss": 0.7182169303297996,
      "accuracy": 0.7296875
    },
    "16": {
      "loss": 0.6540597453713417,
      "accuracy": 0.740625
    },
    "17": {
      "loss": 0.659534016251564,
      "accuracy": 0.7546875
    },
    "18": {
      "loss": 0.6255386710166931,
      "accuracy": 0.75625
    },
    "19": {
      "loss": 0.6519554689526558,
      "accuracy": 0.759375
    },
    "20": {
      "loss": 0.5750907167792321,
      "accuracy": 0.7765625
    }
  }
}
