{
  "metadata": {
    "run_name": "main__homogeneous__metric-privacy__fedavgm__noise-0.01__seed-45",
    "data_module": "experiments.reproduce.dataset.alzheimer:create_data_module",
    "partition_mode": "homogeneous",
    "partition_profile": "auto",
    "privacy": "metric-privacy",
    "aggregation": "fedavgm",
    "seed": 45,
    "num_clients": 4,
    "rounds": 20,
    "local_epochs": 5,
    "noise_multiplier": 0.01,
    "clipping_norm": 5.0,
    "initialization_pretrained": true,
    "initialization_epochs": 20,
    "initialization_final_loss": 0.4070437416434288
  },
  "train_metrics": {
    "1": {
      "train_loss": 0.4677998000988737,
      "train_loss_mean": 0.659483466600068,
      "metric-dp-distance": 2.0061495570310703,
      "metric-dp-noise-stdv": 0.006230841542292057
    },
    "2": {
      "train_loss": 0.4647369261365384,
      "train_loss_mean": 0.6562248949194327,
      "metric-dp-distance": 1.9586247903450082,
      "metric-dp-noise-stdv": 0.006382028891709344
    },
    "3": {
      "train_loss": 0.44670591421891004,
      "train_loss_mean": 0.638166244351305,
      "metric-dp-distance": 1.9439742350562785,
      "metric-dp-noise-stdv": 0.0064301263744054316
    },
    "4": {
      "train_loss": 0.4265423680189997,
      "train_loss_mean": 0.6216845185030251,
      "metric-dp-distance": 1.9319261529793341,
      "metric-dp-noise-stdv": 0.006470226608156338
    },
    "5": {
      "train_loss": 0.3763584716944024,
      "train_loss_mean": 0.5867611432913691,
      "metric-dp-distance": 2.015219932771288,
      "metric-dp-noise-stdv": 0.0062027969239120545
    },
    "6": {
      "train_loss": 0.3589273076504469,
      "train_loss_mean": 0.5694842681288719,
      "metric-dp-distance": 1.9461725659202784,
      "metric-dp-noise-stdv": 0.006422863120613962
    },
    "7": {
      "train_loss": 0.33531342248898,
      "train_loss_mean": 0.5508430493064225,
      "metric-dp-distance": 1.937184798065573,
      "metric-dp-noise-stdv": 0.006452662653806805
    },
    "8": {
      "train_loss": 0.30509175930637866,
      "train_loss_mean": 0.5276487372349947,
      "metric-dp-distance": 1.9484004124533385,
      "metric-dp-noise-stdv": 0.0064155190689271935
    },
    "9": {
      "train_loss": 0.2809824934229255,
      "train_loss_mean": 0.5059265318792313,
      "metric-dp-distance": 1.8826523843842249,
      "metric-dp-noise-stdv": 0.006639568782682354
    },
    "10": {
      "train_loss": 0.25554350519087166,
      "train_loss_mean": 0.48212890441063794,
      "metric-dp-distance": 1.916436592893054,
      "metric-dp-noise-stdv": 0.006522522084140541
    },
    "11": {
      "train_loss": 0.24501599196810275,
      "train_loss_mean": 0.46515506802825257,
      "metric-dp-distance": 1.8615409252233803,
      "metric-dp-noise-stdv": 0.006714867146152069
    },
    "12": {
      "train_loss": 0.2177448415022809,
      "train_loss_mean": 0.44141547456965785,
      "metric-dp-distance": 1.8631314006634057,
      "metric-dp-noise-stdv": 0.006709134951807008
    },
    "13": {
      "train_loss": 0.20023409780696966,
      "train_loss_mean": 0.41474285639706066,
      "metric-dp-distance": 1.8178219040467714,
      "metric-dp-noise-stdv": 0.006876361194775428
    },
    "14": {
      "train_loss": 0.17689975770190358,
      "train_loss_mean": 0.3908228042186238,
      "metric-dp-distance": 1.7925798032277573,
      "metric-dp-noise-stdv": 0.006973190246533089
    },
    "15": {
      "train_loss": 0.17054180963896215,
      "train_loss_mean": 0.3794818697613664,
      "metric-dp-distance": 1.8000662059057504,
      "metric-dp-noise-stdv": 0.006944189029819766
    },
    "16": {
      "train_loss": 0.16730241796176415,
      "train_loss_mean": 0.36117900540994013,
      "metric-dp-distance": 1.7179207038134336,
      "metric-dp-noise-stdv": 0.007276238054674205
    },
    "17": {
      "train_loss": 0.15066388517152518,
      "train_loss_mean": 0.34162437934428447,
      "metric-dp-distance": 1.716507878076906,
      "metric-dp-noise-stdv": 0.007282226991002457
    },
    "18": {
      "train_loss": 0.14105036415276118,
      "train_loss_mean": 0.3186081809282769,
      "metric-dp-distance": 1.7129628856200725,
      "metric-dp-noise-stdv": 0.007297297626781416
    },
    "19": {
      "train_loss": 0.12977059886907227,
      "train_loss_mean": 0.2951405318512116,
      "metric-dp-distance": 1.6304083038897563,
      "metric-dp-noise-stdv": 0.007666791177509371
    },
    "20": {
      "train_loss": 0.11891928460681811,
      "train_loss_mean": 0.27728908344870434,
      "metric-dp-distance": 1.6432509046668808,
      "metric-dp-noise-stdv": 0.0076068724286106485
    }
  },
  "client_evaluate_metrics": {
    "1": {
      "eval_loss": 1.1025544330477715,
      "eval_acc": 0.599609375
    },
    "2": {
      "eval_loss": 1.030563224107027,
      "eval_acc": 0.6162109375
    },
    "3": {
      "eval_loss": 0.9909508656710386,
      "eval_acc": 0.61328125
    },
    "4": {
      "eval_loss": 0.9149324968457222,
      "eval_acc": 0.6376953125
    },
    "5": {
      "eval_loss": 0.8979534190148115,
      "eval_acc": 0.64453125
    },
    "6": {
      "eval_loss": 0.9018540885299444,
      "eval_acc": 0.6455078125
    },
    "7": {
      "eval_loss": 0.8723150305449963,
      "eval_acc": 0.6455078125
    },
    "8": {
      "eval_loss": 0.8013719376176596,
      "eval_acc": 0.6630859375
    },
    "9": {
      "eval_loss": 0.823084395378828,
      "eval_acc": 0.6630859375
    },
    "10": {
      "eval_loss": 0.7910612896084785,
      "eval_acc": 0.6806640625
    },
    "11": {
      "eval_loss": 0.7637480236589909,
      "eval_acc": 0.6865234375
    },
    "12": {
      "eval_loss": 0.7638896163553,
      "eval_acc": 0.6875
    },
    "13": {
      "eval_loss": 0.7178235463798046,
      "eval_acc": 0.7080078125
    },
    "14": {
      "eval_loss": 0.7148097306489944,
      "eval_acc": 0.705078125
    },
    "15": {
      "eval_loss": 0.6732785040512681,
      "eval_acc": 0.7216796875
    },
    "16": {
      "eval_loss": 0.6840155832469463,
      "eval_acc": 0.7216796875
    },
    "17": {
      "eval_loss": 0.6426533861085773,
      "eval_acc": 0.73046875
    },
    "18": {
      "eval_loss": 0.6267688339576125,
      "eval_acc": 0.734375
    },
    "19": {
      "eval_loss": 0.6146063273772597,
      "eval_acc": 0.7392578125
    },
    "20": {
      "eval_loss": 0.5920474547892809,
      "eval_acc": 0.7490234375
    }
  },
  "server_evaluate_metrics": {
    "0": {
      "loss": 1.1503707379102708,
      "accuracy": 0.590625
    },
    "1": {
      "loss": 1.1771397590637207,
      "accuracy": 0.5890625
    },
    "2": {
      "loss": 1.1024484395980836,
      "accuracy": 0.596875
    },
    "3": {
      "loss": 1.061316043138504,
      "accuracy": 0.6015625
    },
    "4": {
      "loss": 0.9738628536462783,
      "accuracy": 0.6046875
    },
    "5": {
      "loss": 0.9619912207126617,
      "accuracy": 0.6125
    },
    "6": {
      "loss": 0.9785340055823326,
      "accuracy": 0.621875
    },
    "7": {
      "loss": 0.9343699097633362,
      "accuracy": 0.6296875
    },
    "8": {
      "loss": 0.8738263368606567,
      "accuracy": 0.6328125
    },
    "9": {
      "loss": 0.8819509580731392,
      "accuracy": 0.64375
    },
    "10": {
      "loss": 0.8645465344190597,
      "accuracy": 0.6515625
    },
    "11": {
      "loss": 0.8271678566932679,
      "accuracy": 0.653125
    },
    "12": {
      "loss": 0.8332450777292252,
      "accuracy": 0.6625
    },
    "13": {
      "loss": 0.7892787501215934,
      "accuracy": 0.6796875
    },
    "14": {
      "loss": 0.7854382932186127,
      "accuracy": 0.675
    },
    "15": {
      "loss": 0.7419402144849301,
      "accuracy": 0.7015625
    },
    "16": {
      "loss": 0.7512694001197815,
      "accuracy": 0.6890625
    },
    "17": {
      "loss": 0.7074415408074856,
      "accuracy": 0.7234375
    },
    "18": {
      "loss": 0.704804391413927,
      "accuracy": 0.71875
    },