{
  "metadata": {
    "run_name": "main__homogeneous__vanilla__fedopt__noise-0.01__seed-44",
    "data_module": "experiments.reproduce.dataset.alzheimer:create_data_module",
    "partition_mode": "homogeneous",
    "partition_profile": "auto",
    "privacy": "vanilla",
    "aggregation": "fedopt",
    "seed": 44,
    "num_clients": 4,
    "rounds": 20,
    "local_epochs": 5,
    "noise_multiplier": 0.01,
    "clipping_norm": 5.0,
    "initialization_pretrained": true,
    "initialization_epochs": 20,
    "initialization_final_loss": 0.5524124294519425
  },
  "train_metrics": {
    "1": {
      "train_loss": 0.5229489915072918,
      "train_loss_mean": 0.6763984565623105
    },
    "2": {
      "train_loss": 0.7940095635131001,
      "train_loss_mean": 5.4541221609339114
    },
    "3": {
      "train_loss": 72.32555401325226,
      "train_loss_mean": 72.86953213214875
    },
    "4": {
      "train_loss": 1.063981069251895,
      "train_loss_mean": 7.010925744846464
    },
    "5": {
      "train_loss": 1.0366875599138439,
      "train_loss_mean": 3.690895980875939
    },
    "6": {
      "train_loss": 1.0358443167060614,
      "train_loss_mean": 3.0146826406009497
    },
    "7": {
      "train_loss": 1.0346384611912072,
      "train_loss_mean": 1.0398639479652048
    },
    "8": {
      "train_loss": 1.0347126303240657,
      "train_loss_mean": 1.04384759766981
    },
    "9": {
      "train_loss": 1.0341712478548288,
      "train_loss_mean": 1.038884903676808
    },
    "10": {
      "train_loss": 1.0344288269989192,
      "train_loss_mean": 1.044295093882829
    },
    "11": {
      "train_loss": 1.0343573996797204,
      "train_loss_mean": 1.0386275958269835
    },
    "12": {
      "train_loss": 1.0344376689754426,
      "train_loss_mean": 1.045323531795293
    },
    "13": {
      "train_loss": 1.0344059872440994,
      "train_loss_mean": 1.0385291997343302
    },
    "14": {
      "train_loss": 1.0345319393090904,
      "train_loss_mean": 1.046687278430909
    },
    "15": {
      "train_loss": 1.034366519190371,
      "train_loss_mean": 1.0384695366956294
    },
    "16": {
      "train_loss": 1.034720434807241,
      "train_loss_mean": 1.045198919530958
    },
    "17": {
      "train_loss": 1.0346325100399554,
      "train_loss_mean": 1.04190141139552
    },
    "18": {
      "train_loss": 1.0347641319967806,
      "train_loss_mean": 1.057877310924232
    },
    "19": {
      "train_loss": 1.0345649528317153,
      "train_loss_mean": 1.0423574074171484
    },
    "20": {
      "train_loss": 1.0345552107319236,
      "train_loss_mean": 1.0457460443489253
    }
  },
  "client_evaluate_metrics": {
    "1": {
      "eval_loss": 43.604347825050354,
      "eval_acc": 0.5
    },
    "2": {
      "eval_loss": 75.05484533309937,
      "eval_acc": 0.140625
    },
    "3": {
      "eval_loss": 43.66827392578125,
      "eval_acc": 0.5
    },
    "4": {
      "eval_loss": 56.973451018333435,
      "eval_acc": 0.34765625
    },
    "5": {
      "eval_loss": 43.66827392578125,
      "eval_acc": 0.5
    },
    "6": {
      "eval_loss": 1.078420216217637,
      "eval_acc": 0.34765625
    },
    "7": {
      "eval_loss": 1.0971475150436163,
      "eval_acc": 0.5
    },
    "8": {
      "eval_loss": 1.0690649412572384,
      "eval_acc": 0.34765625
    },
    "9": {
      "eval_loss": 1.1018719878047705,
      "eval_acc": 0.5
    },
    "10": {
      "eval_loss": 1.0617495942860842,
      "eval_acc": 0.34765625
    },
    "11": {
      "eval_loss": 1.108049863949418,
      "eval_acc": 0.5
    },
    "12": {
      "eval_loss": 1.0610710941255093,
      "eval_acc": 0.34765625
    },
    "13": {
      "eval_loss": 1.1153467651456594,
      "eval_acc": 0.5
    },
    "14": {
      "eval_loss": 1.061398109421134,
      "eval_acc": 0.34765625
    },
    "15": {
      "eval_loss": 1.1159065794199705,
      "eval_acc": 0.5
    },
    "16": {
      "eval_loss": 1.0810537431389093,
      "eval_acc": 0.34765625
    },
    "17": {
      "eval_loss": 1.1108019724488258,
      "eval_acc": 0.5029296875
    },
    "18": {
      "eval_loss": 1.1769784688949585,
      "eval_acc": 0.34765625
    },
    "19": {
      "eval_loss": 1.1185555383563042,
      "eval_acc": 0.5
    },
    "20": {
      "eval_loss": 1.082175811752677,
      "eval_acc": 0.34765625
    }
  },
  "server_evaluate_metrics": {
    "0": {
      "loss": 0.8602834314107894,
      "accuracy": 0.6328125
    },
    "1": {
      "loss": 43.98469295501709,
      "accuracy": 0.4953125
    },
    "2": {
      "loss": 75.60069885253907,
      "accuracy": 0.134375
    },
    "3": {
      "loss": 44.07766399383545,
      "accuracy": 0.4953125
    },
    "4": {
      "loss": 55.94997577667236,
      "accuracy": 0.359375
    },
    "5": {
      "loss": 44.07766399383545,
      "accuracy": 0.4953125
    },
    "6": {
      "loss": 1.0672715932130814,
      "accuracy": 0.359375
    },
    "7": {
      "loss": 1.0935193717479705,
      "accuracy": 0.4953125
    },
    "8": {
      "loss": 1.059717658162117,
      "accuracy": 0.359375
    },
    "9": {
      "loss": 1.0984816133975983,
      "accuracy": 0.4953125
    },
    "10": {
      "loss": 1.0537022829055787,
      "accuracy": 0.359375
    },
    "11": {
      "loss": 1.104804477095604,
      "accuracy": 0.4953125
    },
    "12": {
      "loss": 1.0530279099941253,
      "accuracy": 0.359375
    },
    "13": {
      "loss": 1.111814558506012,
      "accuracy": 0.4953125
    },
    "14": {
      "loss": 1.0532712429761886,
      "accuracy": 0.359375
    },
    "15": {
      "loss": 1.112501859664917,
      "accuracy": 0.4953125
    },
    "16": {
      "loss": 1.0724750578403472,
      "accuracy": 0.359375
    },
    "17": {
      "loss": 1.1049431025981904,
      "accuracy": 0.4984375
    },
    "18": {
      "loss": 1.1627839177846908,
      "accuracy": 0.359375
    },
    "19": {
      "loss": 1.1149758100509644,
      "accuracy": 0.4953125
    },
    "20": {
      "loss": 1.0733623921871185,
      "accuracy": 0.359375
    }
  }
}
