{
  "metadata": {
    "run_name": "main__homogeneous__metric-privacy__fedprox__noise-0.01__seed-43",
    "data_module": "experiments.reproduce.dataset.alzheimer:create_data_module",
    "partition_mode": "homogeneous",
    "partition_profile": "auto",
    "privacy": "metric-privacy",
    "aggregation": "fedprox",
    "seed": 43,
    "num_clients": 4,
    "rounds": 20,
    "local_epochs": 5,
    "noise_multiplier": 0.01,
    "clipping_norm": 5.0,
    "initialization_pretrained": false,
    "initialization_epochs": 0,
    "initialization_final_loss": null
  },
  "train_metrics": {
    "1": {
      "train_loss": 1.1894123060628772,
      "train_loss_mean": 1.2436983538791537,
      "metric-dp-distance": 0.14468284882605076,
      "metric-dp-noise-stdv": 0.08639586586402162
    },
    "2": {
      "train_loss": 1.422252830117941,
      "train_loss_mean": 1.9145250556990505,
      "metric-dp-distance": 0.21291724115144461,
      "metric-dp-noise-stdv": 0.058708256468103265
    },
    "3": {
      "train_loss": 1.404758465476334,
      "train_loss_mean": 1.5915422461926938,
      "metric-dp-distance": 0.24037404265254736,
      "metric-dp-noise-stdv": 0.05200228719399762
    },
    "4": {
      "train_loss": 1.2765228166244924,
      "train_loss_mean": 1.3997146939858796,
      "metric-dp-distance": 0.21545519904854396,
      "metric-dp-noise-stdv": 0.05801670164006411
    },
    "5": {
      "train_loss": 1.3096113204956055,
      "train_loss_mean": 1.5208836805075405,
      "metric-dp-distance": 0.2313333289542546,
      "metric-dp-noise-stdv": 0.05403458315542519
    },
    "6": {
      "train_loss": 1.3487151255831122,
      "train_loss_mean": 1.5107526750303806,
      "metric-dp-distance": 0.2278744412275652,
      "metric-dp-noise-stdv": 0.054854769726092115
    },
    "7": {
      "train_loss": 1.306904326658696,
      "train_loss_mean": 1.518468574155122,
      "metric-dp-distance": 0.21496936484860876,
      "metric-dp-noise-stdv": 0.058147820312922587
    },
    "8": {
      "train_loss": 1.2425154829397798,
      "train_loss_mean": 1.6495287084951995,
      "metric-dp-distance": 0.18178015753316382,
      "metric-dp-noise-stdv": 0.06876438094030979
    },
    "9": {
      "train_loss": 1.3628076799213886,
      "train_loss_mean": 1.7574755309149621,
      "metric-dp-distance": 0.22268375335261226,
      "metric-dp-noise-stdv": 0.05613341706256706
    },
    "10": {
      "train_loss": 1.2357339253649116,
      "train_loss_mean": 1.4633270917460324,
      "metric-dp-distance": 0.1925205223572751,
      "metric-dp-noise-stdv": 0.06492814296858593
    },
    "11": {
      "train_loss": 1.2570811966434121,
      "train_loss_mean": 1.6761623796075582,
      "metric-dp-distance": 0.17948116020609936,
      "metric-dp-noise-stdv": 0.06964519276366483
    },
    "12": {
      "train_loss": 1.3089696364477277,
      "train_loss_mean": 1.8827646183781324,
      "metric-dp-distance": 0.1810519699162493,
      "metric-dp-noise-stdv": 0.0690409499868034
    },
    "13": {
      "train_loss": 1.3169551957398653,
      "train_loss_mean": 1.6078650175593792,
      "metric-dp-distance": 0.17920899775344878,
      "metric-dp-noise-stdv": 0.06975096204263798
    },
    "14": {
      "train_loss": 1.4644346199929714,
      "train_loss_mean": 1.685250318516046,
      "metric-dp-distance": 0.20650628729102513,
      "metric-dp-noise-stdv": 0.06053084467294695
    },
    "15": {
      "train_loss": 1.3267533220350742,
      "train_loss_mean": 1.7882461154833438,
      "metric-dp-distance": 0.19995900779031217,
      "metric-dp-noise-stdv": 0.06251281269163016
    },
    "16": {
      "train_loss": 1.245498713105917,
      "train_loss_mean": 1.4620716116391124,
      "metric-dp-distance": 0.16657153819687665,
      "metric-dp-noise-stdv": 0.07504283225880895
    },
    "17": {
      "train_loss": 1.6143900901079178,
      "train_loss_mean": 1.939179799333215,
      "metric-dp-distance": 0.29389539392044145,
      "metric-dp-noise-stdv": 0.042532139865328396
    },
    "18": {
      "train_loss": 1.3572717681527138,
      "train_loss_mean": 1.4582507507875562,
      "metric-dp-distance": 0.22581185338397822,
      "metric-dp-noise-stdv": 0.055355818628106165
    },
    "19": {
      "train_loss": 1.3853645813651383,
      "train_loss_mean": 1.4516845615580678,
      "metric-dp-distance": 0.2993687267104785,
      "metric-dp-noise-stdv": 0.041754528394974386
    },
    "20": {
      "train_loss": 1.4630453092977405,
      "train_loss_mean": 1.5217488106340171,
      "metric-dp-distance": 0.2603542588961621,
      "metric-dp-noise-stdv": 0.04801150575756633
    }
  },
  "client_evaluate_metrics": {
    "1": {
      "eval_loss": 2.7556198984384537,
      "eval_acc": 0.4912109375
    },
    "2": {
      "eval_loss": 1.821948777884245,
      "eval_acc": 0.494140625
    },
    "3": {
      "eval_loss": 1.3276594392955303,
      "eval_acc": 0.474609375
    },
    "4": {
      "eval_loss": 2.514634557068348,
      "eval_acc": 0.5048828125
    },
    "5": {
      "eval_loss": 2.6789698973298073,
      "eval_acc": 0.4912109375
    },
    "6": {
      "eval_loss": 1.9935896806418896,
      "eval_acc": 0.3388671875
    },
    "7": {
      "eval_loss": 4.867980353534222,
      "eval_acc": 0.34765625
    },
    "8": {
      "eval_loss": 3.513233818113804,
      "eval_acc": 0.400390625
    },
    "9": {
      "eval_loss": 2.5733322203159332,
      "eval_acc": 0.4931640625
    },
    "10": {
      "eval_loss": 3.5452452525496483,
      "eval_acc": 0.4326171875
    },
    "11": {
      "eval_loss": 5.751685544848442,
      "eval_acc": 0.4765625
    },
    "12": {
      "eval_loss": 3.600763902068138,
      "eval_acc": 0.263671875
    },
    "13": {
      "eval_loss": 4.150744296610355,
      "eval_acc": 0.2802734375
    },
    "14": {
      "eval_loss": 4.868972189724445,
      "eval_acc": 0.30078125
    },
    "15": {
      "eval_loss": 2.4465343095362186,
      "eval_acc": 0.5068359375
    },
    "16": {
      "eval_loss": 5.586882442235947,
      "eval_acc": 0.076171875
    },
    "17": {
      "eval_loss": 1.6847039125859737,
      "eval_acc": 0.34765625
    },
    "18": {
      "eval_loss": 2.128294173628092,
      "eval_acc": 0.34765625
    },
    "19": {
      "eval_loss": 2.8194848969578743,
      "eval_acc": 0.34765625
    },
    "20": {
      "eval_loss": 1.1902159228920937,
      "eval_acc": 0.34765625
    }
  },
  "server_evaluate_metrics": {
    "0": {
      "loss": 1.3831083536148072,
      "accuracy": 0.134375
    },
    "1": {
      "loss": 2.6879566103219985,
      "accuracy": 0.48125
    },
    "2": {
      "loss": 1.8345982551574707,
      "accuracy": 0.490625
    },
    "3": {
      "loss": 1.3436309754848481,
      "accuracy": 0.484375
    },
    "4": {
      "loss": 2.432190528512001,
      "accuracy": 0.5015625
    },
    "5": {
      "loss": 2.687252488732338,
      "accuracy": 0.4984375
    },
    "6": {
      "loss": 1.989854282140732,
      "accuracy": 0.346875
    },
    "7": {
      "loss": 4.7710078120231625,
      "accuracy": 0.3578125
    },
    "8": {
      "loss": 3.514702022075653,
      "accuracy": 0.4015625
    },
    "9": {
      "loss": 2.5469852805137636,
      "accuracy": 0.5078125
    },
    "10": {
      "loss": 3.846407163143158,
      "accuracy": 0.415625
    },
    "11": {
      "loss": 5.49326724410057,
      "accuracy": 0.453125
    },
    "12": {
      "loss": 3.8033274531364443,
      "accuracy": 0.2609375
    },
    "13": {
      "loss": 4.41300345659256,
      "accuracy": 0.265625
    },
    "14": {
      "loss": 5.537334597110748,
      "accuracy": 0.3421875
    },
    "15": {
      "loss": 2.5247224628925324,
      "accuracy": 0.4984375
    },
    "16": {
      "loss": 5.530697894096375,
      "accuracy": 0.078125
    },
    "17": {
      "loss": 1.6287092208862304,
      "accuracy": 0.359375
    },
    "18": {
      "loss": 2.053349310159683,
      "accuracy": 0.359375
    },
    "19": {
      "loss": 2.760823702812195,