{
  "metadata": {
    "run_name": "main__homogeneous__vanilla__fedavgm__noise-0.01__seed-43",
    "data_module": "experiments.reproduce.dataset.alzheimer:create_data_module",
    "partition_mode": "homogeneous",
    "partition_profile": "auto",
    "privacy": "vanilla",
    "aggregation": "fedavgm",
    "seed": 43,
    "num_clients": 4,
    "rounds": 20,
    "local_epochs": 5,
    "noise_multiplier": 0.01,
    "clipping_norm": 5.0,
    "initialization_pretrained": true,
    "initialization_epochs": 20,
    "initialization_final_loss": 0.31769891604781153
  },
  "train_metrics": {
    "1": {
      "train_loss": 0.5366356282029301,
      "train_loss_mean": 0.7070215523242951
    },
    "2": {
      "train_loss": 0.49168763286434114,
      "train_loss_mean": 0.6752291800454259
    },
    "3": {
      "train_loss": 0.4442765146959573,
      "train_loss_mean": 0.6313985418993979
    },
    "4": {
      "train_loss": 0.39221994508989155,
      "train_loss_mean": 0.5868733988609165
    },
    "5": {
      "train_loss": 0.33868084551068023,
      "train_loss_mean": 0.532233292690944
    },
    "6": {
      "train_loss": 0.28899017709773034,
      "train_loss_mean": 0.4783327495446429
    },
    "7": {
      "train_loss": 0.2505091666826047,
      "train_loss_mean": 0.4305897196638398
    },
    "8": {
      "train_loss": 0.21496773627586663,
      "train_loss_mean": 0.3879886720795185
    },
    "9": {
      "train_loss": 0.1866786704340484,
      "train_loss_mean": 0.3462716468086
    },
    "10": {
      "train_loss": 0.1703252406732645,
      "train_loss_mean": 0.3093058098631445
    },
    "11": {
      "train_loss": 0.16922963873366825,
      "train_loss_mean": 0.2797574704396538
    },
    "12": {
      "train_loss": 0.14559052207914647,
      "train_loss_mean": 0.25269537554995625
    },
    "13": {
      "train_loss": 0.13417925778048811,
      "train_loss_mean": 0.22652723266655814
    },
    "14": {
      "train_loss": 0.12318488124583382,
      "train_loss_mean": 0.21187163586728275
    },
    "15": {
      "train_loss": 0.11001352011226118,
      "train_loss_mean": 0.1904910814773757
    },
    "16": {
      "train_loss": 0.10793502962042112,
      "train_loss_mean": 0.1769622275067377
    },
    "17": {
      "train_loss": 0.10156068511241756,
      "train_loss_mean": 0.16552444578519498
    },
    "18": {
      "train_loss": 0.09420301655336516,
      "train_loss_mean": 0.15710658671014244
    },
    "19": {
      "train_loss": 0.0905155602213199,
      "train_loss_mean": 0.15066032583381456
    },
    "20": {
      "train_loss": 0.09282020582759287,
      "train_loss_mean": 0.14600981503608637
    }
  },
  "client_evaluate_metrics": {
    "1": {
      "eval_loss": 0.9643096197396517,
      "eval_acc": 0.64453125
    },
    "2": {
      "eval_loss": 0.8687840281054378,
      "eval_acc": 0.6572265625
    },
    "3": {
      "eval_loss": 0.7858042689040303,
      "eval_acc": 0.677734375
    },
    "4": {
      "eval_loss": 0.7186623644083738,
      "eval_acc": 0.7001953125
    },
    "5": {
      "eval_loss": 0.6615703636780381,
      "eval_acc": 0.7138671875
    },
    "6": {
      "eval_loss": 0.6127548022195697,
      "eval_acc": 0.7373046875
    },
    "7": {
      "eval_loss": 0.5694545404985547,
      "eval_acc": 0.763671875
    },
    "8": {
      "eval_loss": 0.5297315744683146,
      "eval_acc": 0.7890625
    },
    "9": {
      "eval_loss": 0.4924599342048168,
      "eval_acc": 0.8017578125
    },
    "10": {
      "eval_loss": 0.4578882874920964,
      "eval_acc": 0.8193359375
    },
    "11": {
      "eval_loss": 0.4263452971354127,
      "eval_acc": 0.833984375
    },
    "12": {
      "eval_loss": 0.3972872239537537,
      "eval_acc": 0.845703125
    },
    "13": {
      "eval_loss": 0.3704430987127125,
      "eval_acc": 0.8525390625
    },
    "14": {
      "eval_loss": 0.34597513172775507,
      "eval_acc": 0.865234375
    },
    "15": {
      "eval_loss": 0.322839483153075,
      "eval_acc": 0.8759765625
    },
    "16": {
      "eval_loss": 0.3029376675840467,
      "eval_acc": 0.8916015625
    },
    "17": {
      "eval_loss": 0.286629774607718,
      "eval_acc": 0.8984375
    },
    "18": {
      "eval_loss": 0.27221006667241454,
      "eval_acc": 0.9033203125
    },
    "19": {
      "eval_loss": 0.2601544114295393,
      "eval_acc": 0.908203125
    },
    "20": {
      "eval_loss": 0.2495660656131804,
      "eval_acc": 0.91015625
    }
  },
  "server_evaluate_metrics": {
    "0": {
      "loss": 1.0680258393287658,
      "accuracy": 0.6640625
    },
    "1": {
      "loss": 0.9840157955884934,
      "accuracy": 0.6609375
    },
    "2": {
      "loss": 0.8857572823762894,
      "accuracy": 0.66875
    },
    "3": {
      "loss": 0.8010887622833252,
      "accuracy": 0.68125
    },
    "4": {
      "loss": 0.7345640867948532,
      "accuracy": 0.690625
    },
    "5": {
      "loss": 0.6817808628082276,
      "accuracy": 0.7078125
    },
    "6": {
      "loss": 0.6365436866879464,
      "accuracy": 0.7359375
    },
    "7": {
      "loss": 0.5957819104194642,
      "accuracy": 0.7578125
    },
    "8": {
      "loss": 0.5574279651045799,
      "accuracy": 0.7765625
    },
    "9": {
      "loss": 0.5213882088661194,
      "accuracy": 0.7890625
    },
    "10": {
      "loss": 0.48955888450145724,
      "accuracy": 0.8046875
    },
    "11": {
      "loss": 0.4609382674098015,
      "accuracy": 0.8234375
    },
    "12": {
      "loss": 0.4336767718195915,
      "accuracy": 0.8359375
    },
    "13": {
      "loss": 0.40869127959012985,
      "accuracy": 0.8453125
    },
    "14": {
      "loss": 0.3873258776962757,
      "accuracy": 0.853125
    },
    "15": {
      "loss": 0.36883528605103494,
      "accuracy": 0.8671875
    },
    "16": {
      "loss": 0.3536458648741245,
      "accuracy": 0.8796875
    },
    "17": {
      "loss": 0.33950001895427706,
      "accuracy": 0.8859375
    },
    "18": {
      "loss": 0.3280996210873127,
      "accuracy": 0.896875
    },
    "19": {
      "loss": 0.3180988036096096,
      "accuracy": 0.8984375
    },
    "20": {
      "loss": 0.308837766200304,
      "accuracy": 0.8984375
    }
  }
}
