{
  "metadata": {
    "run_name": "main__homogeneous__metric-privacy__fedyogi__noise-0.01__seed-44",
    "data_module": "experiments.reproduce.dataset.alzheimer:create_data_module",
    "partition_mode": "homogeneous",
    "partition_profile": "auto",
    "privacy": "metric-privacy",
    "aggregation": "fedyogi",
    "seed": 44,
    "num_clients": 4,
    "rounds": 20,
    "local_epochs": 5,
    "noise_multiplier": 0.01,
    "clipping_norm": 5.0,
    "initialization_pretrained": true,
    "initialization_epochs": 20,
    "initialization_final_loss": 0.525981043279171
  },
  "train_metrics": {
    "1": {
      "train_loss": 0.5183871135814115,
      "train_loss_mean": 0.6785792524227873,
      "metric-dp-distance": 1.8740448222961277,
      "metric-dp-noise-stdv": 0.006670064585053349
    },
    "2": {
      "train_loss": 0.44301458075642586,
      "train_loss_mean": 0.6154979760758579,
      "metric-dp-distance": 1.9203444595138233,
      "metric-dp-noise-stdv": 0.0065092488683851256
    },
    "3": {
      "train_loss": 0.31847741710953414,
      "train_loss_mean": 0.5068527791183441,
      "metric-dp-distance": 1.8798264170375962,
      "metric-dp-noise-stdv": 0.006649550132239684
    },
    "4": {
      "train_loss": 0.2244273464602884,
      "train_loss_mean": 0.38037621419061907,
      "metric-dp-distance": 1.7985548669627558,
      "metric-dp-noise-stdv": 0.006950024283167364
    },
    "5": {
      "train_loss": 0.13596417318331078,
      "train_loss_mean": 0.2734424751601182,
      "metric-dp-distance": 1.679209564443833,
      "metric-dp-noise-stdv": 0.007443978562699585
    },
    "6": {
      "train_loss": 0.10143119857821148,
      "train_loss_mean": 0.20202375835215206,
      "metric-dp-distance": 1.5464324664790183,
      "metric-dp-noise-stdv": 0.008083120518324683
    },
    "7": {
      "train_loss": 0.08776915640919469,
      "train_loss_mean": 0.15547462086688027,
      "metric-dp-distance": 1.4608581482898444,
      "metric-dp-noise-stdv": 0.008556614490348117
    },
    "8": {
      "train_loss": 0.07134020245212014,
      "train_loss_mean": 0.13889455203207035,
      "metric-dp-distance": 1.3746432017845411,
      "metric-dp-noise-stdv": 0.009093268699668894
    },
    "9": {
      "train_loss": 0.062052322457475384,
      "train_loss_mean": 0.11824325292232062,
      "metric-dp-distance": 1.3815040684615572,
      "metric-dp-noise-stdv": 0.009048109437650805
    },
    "10": {
      "train_loss": 0.05511546204434126,
      "train_loss_mean": 0.10022801403047196,
      "metric-dp-distance": 1.266522809319819,
      "metric-dp-noise-stdv": 0.009869541952199877
    },
    "11": {
      "train_loss": 0.06716343498828792,
      "train_loss_mean": 0.08332487569542764,
      "metric-dp-distance": 1.358213011175394,
      "metric-dp-noise-stdv": 0.009203269220033854
    },
    "12": {
      "train_loss": 0.05519642888782528,
      "train_loss_mean": 0.06723810951973236,
      "metric-dp-distance": 1.336941540435267,
      "metric-dp-noise-stdv": 0.009349698264241521
    },
    "13": {
      "train_loss": 0.05007209880403707,
      "train_loss_mean": 0.052751949141968166,
      "metric-dp-distance": 1.3935302065995832,
      "metric-dp-noise-stdv": 0.008970024432051475
    },
    "14": {
      "train_loss": 0.03994379838320228,
      "train_loss_mean": 0.04877398018555468,
      "metric-dp-distance": 1.3529228180026014,
      "metric-dp-noise-stdv": 0.00923925580503881
    },
    "15": {
      "train_loss": 0.023052102174679234,
      "train_loss_mean": 0.040851204014977195,
      "metric-dp-distance": 1.3114500879310071,
      "metric-dp-noise-stdv": 0.009531434032476577
    },
    "16": {
      "train_loss": 0.020464413646939475,
      "train_loss_mean": 0.034439539160089454,
      "metric-dp-distance": 1.364789737155661,
      "metric-dp-noise-stdv": 0.009158919985763575
    },
    "17": {
      "train_loss": 0.022853892751341087,
      "train_loss_mean": 0.030738025153203452,
      "metric-dp-distance": 1.3815133882453665,
      "metric-dp-noise-stdv": 0.009048048398485671
    },
    "18": {
      "train_loss": 0.015219386074838456,
      "train_loss_mean": 0.0251383358422845,
      "metric-dp-distance": 1.2819852983423818,
      "metric-dp-noise-stdv": 0.009750501831934117
    },
    "19": {
      "train_loss": 0.02319544218493963,
      "train_loss_mean": 0.026468713330798626,
      "metric-dp-distance": 1.3306621449689071,
      "metric-dp-noise-stdv": 0.00939381949600143
    },
    "20": {
      "train_loss": 0.028965727409401065,
      "train_loss_mean": 0.024302903478017723,
      "metric-dp-distance": 1.3572228701474767,
      "metric-dp-noise-stdv": 0.009209983323256071
    }
  },
  "client_evaluate_metrics": {
    "1": {
      "eval_loss": 0.8458994720131159,
      "eval_acc": 0.6298828125
    },
    "2": {
      "eval_loss": 0.7040026970207691,
      "eval_acc": 0.689453125
    },
    "3": {
      "eval_loss": 0.6184100620448589,
      "eval_acc": 0.7314453125
    },
    "4": {
      "eval_loss": 0.5281392866745591,
      "eval_acc": 0.7802734375
    },
    "5": {
      "eval_loss": 0.5079137668944895,
      "eval_acc": 0.7978515625
    },
    "6": {
      "eval_loss": 0.5771589051000774,
      "eval_acc": 0.8134765625
    },
    "7": {
      "eval_loss": 0.6664923848584294,
      "eval_acc": 0.8505859375
    },
    "8": {
      "eval_loss": 0.8361424044705927,
      "eval_acc": 0.8798828125
    },
    "9": {
      "eval_loss": 0.9541751425713301,
      "eval_acc": 0.89453125
    },
    "10": {
      "eval_loss": 0.7960409596562386,
      "eval_acc": 0.921875
    },
    "11": {
      "eval_loss": 0.7338943983777426,
      "eval_acc": 0.9228515625
    },
    "12": {
      "eval_loss": 0.6598731246776879,
      "eval_acc": 0.94140625
    },
    "13": {
      "eval_loss": 0.47294378354854416,
      "eval_acc": 0.951171875
    },
    "14": {
      "eval_loss": 0.41095800504263025,
      "eval_acc": 0.9462890625
    },
    "15": {
      "eval_loss": 0.36833178765664343,
      "eval_acc": 0.95703125
    },
    "16": {
      "eval_loss": 0.340923382434994,
      "eval_acc": 0.9560546875
    },
    "17": {
      "eval_loss": 0.3504247831006069,
      "eval_acc": 0.9541015625
    },
    "18": {
      "eval_loss": 0.4039887441904284,
      "eval_acc": 0.95703125
    },
    "19": {
      "eval_loss": 0.4824624456523452,
      "eval_acc": 0.94921875
    },
    "20": {
      "eval_loss": 0.4718228977289982,
      "eval_acc": 0.95703125
    }
  },
  "server_evaluate_metrics": {
    "0": {
      "loss": 0.9331970423460006,
      "accuracy": 0.6203125
    },
    "1": {
      "loss": 0.8549344807863235,
      "accuracy": 0.640625
    },
    "2": {
      "loss": 0.7318198293447494,
      "accuracy": 0.684375
    },
    "3": {
      "loss": 0.6651825219392776,
      "accuracy": 0.7078125
    },
    "4": {
      "loss": 0.577592222392559,
      "accuracy": 0.7578125
    },
    "5": {
      "loss": 0.5643291726708413,
      "accuracy": 0.79375
    },
    "6": {
      "loss": 0.6718555599451065,
      "accuracy": 0.8109375
    },
    "7": {
      "loss": 0.8095327727496624,
      "accuracy": 0.84375
    },
    "8": {
      "loss": 1.0361320827156306,
      "accuracy": 0.865625
    },
    "9": {
      "loss": 1.2262107140384615,
      "accuracy": 0.8828125
    },
    "10": {
      "loss": 1.116054620570503,
      "accuracy": 0.8953125
    },
    "11": {
      "loss": 0.9902401883620768,
      "accuracy": 0.909375
    },
    "12": {
      "loss": 0.7924368956126273,
      "accuracy": 0.925
    },
    "13": {
      "loss": 0.5433308788924478,
      "accuracy": 0.946875
    },
    "14": {
      "loss": 0.4350396755617112,
      "accuracy": 0.9515625
    },
    "15": {
      "loss": 0.406139311613515,
      "accuracy": 0.9484375
    },
    "16": {
      "loss": 0.3779679425060749,
      "accuracy": 0.946875
    },
    "17": {
      "loss": 0.4355437634512782,
      "accuracy": 0.9515625
    },
    "18": {
      "loss": 0.4898216690868139,