{
  "metadata": {
    "run_name": "main__homogeneous__vanilla__fedmedian__seed-42__noise-0.01",
    "data_module": "experiments.reproduce.dataset.alzheimer:create_data_module",
    "partition_mode": "homogeneous",
    "partition_profile": "auto",
    "privacy": "vanilla",
    "aggregation": "fedmedian",
    "seed": 42,
    "num_clients": 4,
    "rounds": 20,
    "local_epochs": 5,
    "noise_multiplier": 0.01,
    "clipping_norm": 5.0,
    "initialization_pretrained": false,
    "initialization_epochs": 0,
    "initialization_final_loss": null
  },
  "train_metrics": {
    "1": {
      "train_loss": 0.9638478080742061,
      "train_loss_mean": 1.0297483403235672
    },
    "2": {
      "train_loss": 0.8771380451507866,
      "train_loss_mean": 0.9310179337859152
    },
    "3": {
      "train_loss": 0.7686238631140441,
      "train_loss_mean": 0.8341665899846702
    },
    "4": {
      "train_loss": 0.5532828997820616,
      "train_loss_mean": 0.6674972277600317
    },
    "5": {
      "train_loss": 0.30371142528019845,
      "train_loss_mean": 0.4537387293064967
    },
    "6": {
      "train_loss": 0.1722641443775501,
      "train_loss_mean": 0.2930511775135528
    },
    "7": {
      "train_loss": 0.09599243975389982,
      "train_loss_mean": 0.18434565634670436
    },
    "8": {
      "train_loss": 0.08633831687620841,
      "train_loss_mean": 0.13309448028376208
    },
    "9": {
      "train_loss": 0.07051777551896521,
      "train_loss_mean": 0.09570459397036757
    },
    "10": {
      "train_loss": 0.05237751412278158,
      "train_loss_mean": 0.07649943251872174
    },
    "11": {
      "train_loss": 0.0374672114603527,
      "train_loss_mean": 0.056686702658316795
    },
    "12": {
      "train_loss": 0.048679869231818884,
      "train_loss_mean": 0.05311837199365073
    },
    "13": {
      "train_loss": 0.03800292008691031,
      "train_loss_mean": 0.046691541479776784
    },
    "14": {
      "train_loss": 0.030950483051128685,
      "train_loss_mean": 0.04088040815752265
    },
    "15": {
      "train_loss": 0.03488695609030401,
      "train_loss_mean": 0.035835247209033125
    },
    "16": {
      "train_loss": 0.022821826061885986,
      "train_loss_mean": 0.02790209927357523
    },
    "17": {
      "train_loss": 0.042268715036470894,
      "train_loss_mean": 0.0332866287665496
    },
    "18": {
      "train_loss": 0.04040357143583151,
      "train_loss_mean": 0.02745519346975698
    },
    "19": {
      "train_loss": 0.021126717441063647,
      "train_loss_mean": 0.021852057649661562
    },
    "20": {
      "train_loss": 0.023498675640809097,
      "train_loss_mean": 0.022792262426006717
    }
  },
  "client_evaluate_metrics": {
    "1": {
      "eval_loss": 1.0283689182251692,
      "eval_acc": 0.5078125
    },
    "2": {
      "eval_loss": 0.8894294444471598,
      "eval_acc": 0.55859375
    },
    "3": {
      "eval_loss": 0.8264053836464882,
      "eval_acc": 0.6005859375
    },
    "4": {
      "eval_loss": 0.6606120616197586,
      "eval_acc": 0.66796875
    },
    "5": {
      "eval_loss": 0.49854632560163736,
      "eval_acc": 0.787109375
    },
    "6": {
      "eval_loss": 0.36554165882989764,
      "eval_acc": 0.859375
    },
    "7": {
      "eval_loss": 0.29634523624554276,
      "eval_acc": 0.890625
    },
    "8": {
      "eval_loss": 0.27590189315378666,
      "eval_acc": 0.90625
    },
    "9": {
      "eval_loss": 0.24116914870683104,
      "eval_acc": 0.9189453125
    },
    "10": {
      "eval_loss": 0.20177184382919222,
      "eval_acc": 0.935546875
    },
    "11": {
      "eval_loss": 0.16596274269977584,
      "eval_acc": 0.9501953125
    },
    "12": {
      "eval_loss": 0.1479300707578659,
      "eval_acc": 0.9580078125
    },
    "13": {
      "eval_loss": 0.15226165723288432,
      "eval_acc": 0.9580078125
    },
    "14": {
      "eval_loss": 0.1353334937011823,
      "eval_acc": 0.9619140625
    },
    "15": {
      "eval_loss": 0.1564027960121166,
      "eval_acc": 0.9580078125
    },
    "16": {
      "eval_loss": 0.14382102360832505,
      "eval_acc": 0.9697265625
    },
    "17": {
      "eval_loss": 0.17411974136484787,
      "eval_acc": 0.955078125
    },
    "18": {
      "eval_loss": 0.13977258019440342,
      "eval_acc": 0.9609375
    },
    "19": {
      "eval_loss": 0.15862603170535294,
      "eval_acc": 0.9697265625
    },
    "20": {
      "eval_loss": 0.15801172221108573,
      "eval_acc": 0.96484375
    }
  },
  "server_evaluate_metrics": {
    "0": {
      "loss": 1.4405660927295685,
      "accuracy": 0.0109375
    },
    "1": {
      "loss": 1.0187359154224396,
      "accuracy": 0.509375
    },
    "2": {
      "loss": 0.8956135153770447,
      "accuracy": 0.565625
    },
    "3": {
      "loss": 0.8459217399358749,
      "accuracy": 0.625
    },
    "4": {
      "loss": 0.708073353767395,
      "accuracy": 0.6890625
    },
    "5": {
      "loss": 0.5971756726503372,
      "accuracy": 0.7625
    },
    "6": {
      "loss": 0.4944050207734108,
      "accuracy": 0.8375
    },
    "7": {
      "loss": 0.43071535378694537,
      "accuracy": 0.8703125
    },
    "8": {
      "loss": 0.3867352768778801,
      "accuracy": 0.896875
    },
    "9": {
      "loss": 0.3619601666927338,
      "accuracy": 0.9125
    },
    "10": {
      "loss": 0.3302309250459075,
      "accuracy": 0.9375
    },
    "11": {
      "loss": 0.3068066628649831,
      "accuracy": 0.9359375
    },
    "12": {
      "loss": 0.28739170655608176,
      "accuracy": 0.940625
    },
    "13": {
      "loss": 0.2610056267119944,
      "accuracy": 0.953125
    },
    "14": {
      "loss": 0.2421309882774949,
      "accuracy": 0.9515625
    },
    "15": {
      "loss": 0.24158642776310443,
      "accuracy": 0.953125
    },
    "16": {
      "loss": 0.28437284762039783,
      "accuracy": 0.9484375
    },
    "17": {
      "loss": 0.22056196108460427,
      "accuracy": 0.9546875
    },
    "18": {
      "loss": 0.2726329792290926,
      "accuracy": 0.9484375
    },
    "19": {
      "loss": 0.2837298580911011,
      "accuracy": 0.9546875
    },
    "20": {
      "loss": 0.25768896482186393,
      "accuracy": 0.9625
    }
  }
}
