2026-08-05 23:11:20 Starting full chunk: 1 trajectories
2026-08-05 23:11:20 START cifar-full-out-replace__non-iid__vanilla__fedavg__clients-16__seed-44__nm0p01__clip5__rounds-20__epochs-5__cifar_chunks__cifar10_cnn 
{
  "partition-mode": "non-iid",
  "partition-profile": "auto",
  "client-weights": "",
  "data-module": "experiments.cia.scripts.cifar_chunks:create_cifar_out_replace",
  "model-module": "experiments.reproduce.cifar10_cnn:create_model",
  "data-cache-dir": "",
  "privacy": "vanilla",
  "aggregation": "fedavg",
  "seed": 44,
  "num-server-rounds": 20,
  "num-clients": 16,
  "fraction-evaluate": 1.0,
  "local-epochs": 5,
  "learning-rate": 0.001,
  "batch-size": 32,
  "initialization-batch-size": 32,
  "initialization-epochs": 20,
  "initialization-learning-rate": 0.001,
  "max-client-samples": 0,
  "max-test-samples": 0,
  "noise-multiplier": 0.01,
  "clipping-norm": 5.0,
  "output-dir": "/content/metricdp-pytorch/results/planned_runs/cifar/full/out-replace/clients-16/seed-44/vanilla/runs",
  "run-name": "cifar-full-out-replace__non-iid__vanilla__fedavg__clients-16__seed-44__nm0p01__clip5__rounds-20__epochs-5__cifar_chunks__cifar10_cnn",
  "checkpoint-rounds": [
    1,
    2,
    3,
    4,
    5,
    6,
    7,
    8,
    9,
    10,
    11,
    12,
    13,
    14,
    15,
    16,
    17,
    18,
    19,
    20
  ]
}
2026-08-05 23:11:25.093504: I tensorflow/core/util/port.cc:153] oneDNN custom operations are on. You may see slightly different numerical results due to floating-point round-off errors from different computation orders. To turn them off, set the environment variable `TF_ENABLE_ONEDNN_OPTS=0`.
2026-08-05 23:11:25.163073: I tensorflow/core/platform/cpu_feature_guard.cc:210] This TensorFlow binary is optimized to use available CPU instructions in performance-critical operations.
To enable the following instructions: AVX2 AVX512F AVX512_VNNI FMA, in other operations, rebuild TensorFlow with the appropriate compiler flags.
[93mWARNING [0m:   DEPRECATED FEATURE: The `run_simulation` function is deprecated and will be removed in a future version of Flower. Please use `flwr run` in the CLI instead to run your simulation. Refer to the Flower Tutorials for more details: https://flower.ai/docs/framework/tutorial-quickstart-pytorch.html

            This is a deprecated feature. It will be removed
            entirely in future versions of Flower.
        
Warning: You are sending unauthenticated requests to the HF Hub. Please set a HF_TOKEN to enable higher rate limits and faster downloads.
Generating train split:   0%|          | 0/50000 [00:00<?, ? examples/s]Generating train split:  28%|██▊       | 14200/50000 [00:00<00:00, 115235.71 examples/s]Generating train split:  77%|███████▋  | 38700/50000 [00:00<00:00, 169031.71 examples/s]Generating train split: 100%|██████████| 50000/50000 [00:00<00:00, 172766.35 examples/s]
Generating test split:   0%|          | 0/10000 [00:00<?, ? examples/s]Generating test split: 100%|██████████| 10000/10000 [00:00<00:00, 108980.61 examples/s]
Filtering CIFAR-10 to four classes:   0%|          | 0/50000 [00:00<?, ? examples/s]Filtering CIFAR-10 to four classes: 100%|██████████| 50000/50000 [00:00<00:00, 707698.75 examples/s]
Filtering CIFAR-10 to four classes:   0%|          | 0/10000 [00:00<?, ? examples/s]Filtering CIFAR-10 to four classes: 100%|██████████| 10000/10000 [00:00<00:00, 600774.05 examples/s]
[92mINFO [0m:      Starting DeterministicFedAvg strategy:
[92mINFO [0m:      	├── Number of rounds: 20
[92mINFO [0m:      	├── ArrayRecord (0.87 MB)
[92mINFO [0m:      	├── ConfigRecord (train): {'lr': 0.001}
[92mINFO [0m:      	├── ConfigRecord (evaluate): (empty!)
[92mINFO [0m:      	├──> Sampling:
[92mINFO [0m:      	│	├──Fraction: train (1.00) | evaluate ( 1.00)
[92mINFO [0m:      	│	├──Minimum nodes: train (16) | evaluate (16)
[92mINFO [0m:      	│	└──Minimum available nodes: 16
[92mINFO [0m:      	└──> Keys in records:
[92mINFO [0m:      		├── Weighted by: 'num-examples'
[92mINFO [0m:      		├── ArrayRecord key: 'arrays'
[92mINFO [0m:      		└── ConfigRecord key: 'config'
[92mINFO [0m:      
/usr/lib/python3.12/multiprocessing/popen_fork.py:66: DeprecationWarning: This process (pid=3745) is multi-threaded, use of fork() may lead to deadlocks in the child.
  self.pid = os.fork()
[92mINFO [0m:      Initial global evaluation results: {'loss': 1.3892939643859863, 'accuracy': 0.25, 'f1': 0.1, 'precision': 0.0625, 'auc': 0.48708850000000004}
[92mINFO [0m:      
[92mINFO [0m:      [ROUND 1/20]
[92mINFO [0m:      configure_train: Sampled 16 nodes (out of 16)
/usr/local/lib/python3.12/dist-packages/ray/_private/worker.py:2051: FutureWarning: Tip: In future versions of Ray, Ray will no longer override accelerator visible devices env var if num_gpus=0 or num_gpus=None (default). To enable this behavior and turn off this error message, set RAY_ACCEL_ENV_VAR_OVERRIDE_ON_ZERO=0
  warnings.warn(
[36m(ClientAppActor pid=4554)[0m Using the latest cached version of the dataset since uoft-cs/cifar10 couldn't be found on the Hugging Face Hub (offline mode is enabled).
[36m(ClientAppActor pid=4554)[0m Found the latest cached dataset configuration 'plain_text' at /root/.cache/huggingface/datasets/uoft-cs___cifar10/plain_text/0.0.0/0b2714987fa478483af9968de7c934580d0bb9a2 (last modified on Wed Aug  5 23:11:38 2026).
[36m(ClientAppActor pid=4554)[0m /usr/lib/python3.12/multiprocessing/popen_fork.py:66: DeprecationWarning: This process (pid=4554) is multi-threaded, use of fork() may lead to deadlocks in the child.
[36m(ClientAppActor pid=4554)[0m   self.pid = os.fork()
[36m(ClientAppActor pid=4556)[0m Using the latest cached version of the dataset since uoft-cs/cifar10 couldn't be found on the Hugging Face Hub (offline mode is enabled).[32m [repeated 7x across cluster] (Ray deduplicates logs by default. Set RAY_DEDUP_LOGS=0 to disable log deduplication, or see https://docs.ray.io/en/master/ray-observability/user-guides/configure-logging.html#log-deduplication for more options.)[0m
[36m(ClientAppActor pid=4556)[0m Found the latest cached dataset configuration 'plain_text' at /root/.cache/huggingface/datasets/uoft-cs___cifar10/plain_text/0.0.0/0b2714987fa478483af9968de7c934580d0bb9a2 (last modified on Wed Aug  5 23:11:38 2026).[32m [repeated 7x across cluster][0m
[36m(ClientAppActor pid=4556)[0m /usr/lib/python3.12/multiprocessing/popen_fork.py:66: DeprecationWarning: This process (pid=4556) is multi-threaded, use of fork() may lead to deadlocks in the child.[32m [repeated 7x across cluster][0m
[36m(ClientAppActor pid=4556)[0m   self.pid = os.fork()[32m [repeated 7x across cluster][0m
[92mINFO [0m:      aggregate_train: Received 16 results and 0 failures
[92mINFO [0m:      	└──> Aggregated MetricRecord: {'train_loss': 1.043385046430139, 'train_loss_mean': 1.2138381405174148, 'client-ids': [0, 1, 2, 3, 4, 5, 6, 7, 8, 9, 10, 11, 12, 13, 14, 15], 'per-client-num-examples': [1152, 376, 1505, 1012, 940, 1223, 1082, 588, 1435, 517, 1294, 729, 447, 1364, 800, 870], 'per-client-train_loss': [1.0343279192845027, 1.3134792890954525, 0.9406043926940804, 1.0707772621524192, 1.041318653999491, 1.0295923300093544, 0.9760218075375019, 1.2032482125321213, 0.9075083553168001, 1.1837744606763296, 0.9550113261575124, 1.1264725478751834, 1.212259713435333, 1.011684913439485, 1.152489833831787, 1.147057949948585], 'per-client-train_loss_mean': [1.2242171625296274, 1.3603545193976543, 1.1070830596443824, 1.2408063433858245, 1.2114858784574143, 1.1735525087947642, 1.1796552575009147, 1.3219078977902732, 1.1238987068681352, 1.3219414522384998, 1.1653121454454094, 1.2901224734851853, 1.3282794902788713, 1.208756789853496, 1.291738558769226, 1.2886191497726003]}
[92mINFO [0m:      configure_evaluate: Sampled 16 nodes (out of 16)
[36m(ClientAppActor pid=4558)[0m /usr/lib/python3.12/multiprocessing/popen_fork.py:66: DeprecationWarning: This process (pid=4558) is multi-threaded, use of fork() may lead to deadlocks in the child.
[36m(ClientAppActor pid=4558)[0m   self.pid = os.fork()
[36m(ClientAppActor pid=4556)[0m /usr/lib/python3.12/multiprocessing/popen_fork.py:66: DeprecationWarning: This process (pid=4556) is multi-threaded, use of fork() may lead to deadlocks in the child.
[36m(ClientAppActor pid=4556)[0m   self.pid = os.fork()
[92mINFO [0m:      aggregate_evaluate: Received 16 results and 0 failures
[92mINFO [0m:      	└──> Aggregated MetricRecord: {'eval_loss': 1.3584029835564961, 'eval_acc': 0.31910463300364394, 'client-ids': [0, 1, 2, 3, 4, 5, 6, 7, 8, 9, 10, 11, 12, 13, 14, 15], 'per-client-eval_acc': [0.3217993079584775, 0.3157894736842105, 0.32625994694960214, 0.33201581027667987, 0.3050847457627119, 0.31699346405228757, 0.2988929889298893, 0.3469387755102041, 0.31197771587743733, 0.2846153846153846, 0.32407407407407407, 0.31693989071038253, 0.32142857142857145, 0.3216374269005848, 0.33, 0.3256880733944954], 'per-client-eval_loss': [1.358230050872354, 1.353573287160773, 1.3578701676993534, 1.3545659332878506, 1.3617997977693201, 1.3590938219057969, 1.3656823133630507, 1.3528381918563324, 1.3599502728177977, 1.360064198420598, 1.356883257995417, 1.3607260698829193, 1.3621920687811715, 1.3568838353742634, 1.3592779922485352, 1.3525714524295351], 'per-client-num-examples': [289, 95, 377, 253, 236, 306, 271, 147, 359, 130, 324, 183, 112, 342, 200, 218]}
[92mINFO [0m:      Global evaluation
[92mINFO [0m:      	└──> MetricRecord: {'loss': 1.3585390625, 'accuracy': 0.3185, 'f1': 0.21477440232683023, 'precision': 0.5020312195341939, 'auc': 0.6519227916666667}
[92mINFO [0m:      
[92mINFO [0m:      [ROUND 2/20]
[92mINFO [0m:      configure_train: Sampled 16 nodes (out of 16)
[92mINFO [0m:      aggregate_train: Received 16 results and 0 failures
[92mINFO [0m:      	└──> Aggregated MetricRecord: {'train_loss': 0.8494821980885178, 'train_loss_mean': 0.96117687270743, 'client-ids': [0, 1, 2, 3, 4, 5, 6, 7, 8, 9, 10, 11, 12, 13, 14, 15], 'per-client-num-examples': [1152, 376, 1505, 1012, 940, 1223, 1082, 588, 1435, 517, 1294, 729, 447, 1364, 800, 870], 'per-client-train_loss': [0.8791372693247266, 0.9120653690175807, 0.8250617095798353, 0.8853907316569755, 0.8330962457555405, 0.8824718950814335, 0.838531200304049, 0.8516180608548275, 0.7734319611293513, 0.8603166477823165, 0.7850328281268455, 0.9372775175280368, 0.996149387935664, 0.846824818867043, 0.8251787948608399, 0.8595988686057343], 'per-client-train_loss_mean': [0.9753618839714262, 1.0476003606268702, 0.9266951134592988, 0.9698135027772354, 0.973141833112595, 0.9871517219703312, 0.9428021354728177, 0.9612268114576535, 0.9278652892960073, 0.9955064913751539, 0.9261784302396052, 1.00056150909641, 1.056463754337106, 0.9472251954316393, 0.9557032046318055, 0.9595703118148892]}
[92mINFO [0m:      configure_evaluate: Sampled 16 nodes (out of 16)
[36m(ClientAppActor pid=4549)[0m /usr/lib/python3.12/multiprocessing/popen_fork.py:66: DeprecationWarning: This process (pid=4549) is multi-threaded, use of fork() may lead to deadlocks in the child.[32m [repeated 15x across cluster][0m
[36m(ClientAppActor pid=4549)[0m   self.pid = os.fork()[32m [repeated 15x across cluster][0m
[92mINFO [0m:      aggregate_evaluate: Received 16 results and 0 failures
[92mINFO [0m:      	└──> Aggregated MetricRecord: {'eval_loss': 0.82544379459887, 'eval_acc': 0.6577303487766788, 'client-ids': [0, 1, 2, 3, 4, 5, 6, 7, 8, 9, 10, 11, 12, 13, 14, 15], 'per-client-eval_acc': [0.6539792387543253, 0.6526315789473685, 0.610079575596817, 0.6679841897233202, 0.6779661016949152, 0.6797385620915033, 0.5830258302583026, 0.6802721088435374, 0.6768802228412256, 0.6615384615384615, 0.691358024691358, 0.644808743169399, 0.6339285714285714, 0.6608187134502924, 0.63, 0.7201834862385321], 'per-client-eval_loss': [0.8130766757631797, 0.795871373226768, 0.8385538612183588, 0.8053111803861475, 0.8050255573402016, 0.7982269299575706, 0.9675756820453489, 0.763932636805943, 0.8151031297561518, 0.8128440141677856, 0.8209535339732229, 0.8278542086074913, 0.859683462551662, 0.8058268786870946, 0.8818352508544922, 0.7711587345928227], 'per-client-num-examples': [289, 95, 377, 253, 236, 306, 271, 147, 359, 130, 324, 183, 112, 342, 200, 218]}
[92mINFO [0m:      Global evaluation
[92mINFO [0m:      	└──> MetricRecord: {'loss': 0.8037900381088257, 'accuracy': 0.67, 'f1': 0.6671737061577855, 'precision': 0.6690816325824158, 'auc': 0.8907475}
[92mINFO [0m:      
[92mINFO [0m:      [ROUND 3/20]
[92mINFO [0m:      configure_train: Sampled 16 nodes (out of 16)
[92mINFO [0m:      aggregate_train: Received 16 results and 0 failures
[92mINFO [0m:      	└──> Aggregated MetricRecord: {'train_loss': 0.7066201751275992, 'train_loss_mean': 0.796807194408163, 'client-ids': [0, 1, 2, 3, 4, 5, 6, 7, 8, 9, 10, 11, 12, 13, 14, 15], 'per-client-num-examples': [1152, 376, 1505, 1012, 940, 1223, 1082, 588, 1435, 517, 1294, 729, 447, 1364, 800, 870], 'per-client-train_loss': [0.7512358874082565, 0.7393015661138169, 0.7118393579590756, 0.7314210962872261, 0.6955854570611995, 0.690871929937177, 0.7090360604901411, 0.7150450401565656, 0.6617191997970023, 0.7253682230611834, 0.7018830589201572, 0.6714201722452506, 0.8686840387532109, 0.6882041627186135, 0.6725584697723389, 0.6972903725744664], 'per-client-train_loss_mean': [0.8362215638160706, 0.8217194706835645, 0.7892871483992104, 0.8191197088584599, 0.816319205659501, 0.7946515226695543, 0.7971486896992611, 0.833526469412304, 0.7567787389638948, 0.8237698741761582, 0.7648960574332861, 0.7925480905383703, 0.8565880544500329, 0.7857609396631068, 0.7782543649673462, 0.7823083854543752]}
[92mINFO [0m:      configure_evaluate: Sampled 16 nodes (out of 16)
[36m(ClientAppActor pid=4546)[0m /usr/lib/python3.12/multiprocessing/popen_fork.py:66: DeprecationWarning: This process (pid=4546) is multi-threaded, use of fork() may lead to deadlocks in the child.[32m [repeated 16x across cluster][0m
[36m(ClientAppActor pid=4546)[0m   self.pid = os.fork()[32m [repeated 16x across cluster][0m
[92mINFO [0m:      aggregate_evaluate: Received 16 results and 0 failures
[92mINFO [0m:      	└──> Aggregated MetricRecord: {'eval_loss': 0.7106143321564644, 'eval_acc': 0.700676730869339, 'client-ids': [0, 1, 2, 3, 4, 5, 6, 7, 8, 9, 10, 11, 12, 13, 14, 15], 'per-client-eval_acc': [0.6816608996539792, 0.7157894736842105, 0.6710875331564987, 0.691699604743083, 0.7161016949152542, 0.7026143790849673, 0.6199261992619927, 0.7074829931972789, 0.7214484679665738, 0.7076923076923077, 0.7376543209876543, 0.726775956284153, 0.7232142857142857, 0.7134502923976608, 0.66, 0.7477064220183486], 'per-client-eval_loss': [0.6986325741020454, 0.7148124293277138, 0.7388067068408591, 0.7204053373676044, 0.655767816608235, 0.6714803533616409, 0.8871333273574435, 0.6373448015070285, 0.6738484649605073, 0.7263247288190402, 0.7182280413898421, 0.7120722682098222, 0.706781302179609, 0.6713619538915088, 0.7810642766952515, 0.6463830580405139], 'per-client-num-examples': [289, 95, 377, 253, 236, 306, 271, 147, 359, 130, 324, 183, 112, 342, 200, 218]}
[92mINFO [0m:      Global evaluation
[92mINFO [0m:      	└──> MetricRecord: {'loss': 0.6872931945323945, 'accuracy': 0.7065, 'f1': 0.7059835843410105, 'precision': 0.7074321391737186, 'auc': 0.9175895833333334}
[92mINFO [0m:      
[92mINFO [0m:      [ROUND 4/20]
[92mINFO [0m:      configure_train: Sampled 16 nodes (out of 16)
[92mINFO [0m:      aggregate_train: Received 16 results and 0 failures
[92mINFO [0m:      	└──> Aggregated MetricRecord: {'train_loss': 0.6143614467924836, 'train_loss_mean': 0.6941039011959101, 'client-ids': [0, 1, 2, 3, 4, 5, 6, 7, 8, 9, 10, 11, 12, 13, 14, 15], 'per-client-num-examples': [1152, 376, 1505, 1012, 940, 1223, 1082, 588, 1435, 517, 1294, 729, 447, 1364, 800, 870], 'per-client-train_loss': [0.6445534610086017, 0.5853711835881497, 0.6979369397971321, 0.6116542144726388, 0.6143459289631945, 0.6336457884565105, 0.6324806881039068, 0.5886607522867164, 0.577931460977016, 0.6157384543631017, 0.5695062147962991, 0.5866274339835503, 0.6106801806413621, 0.6219129628799528, 0.571007490158081, 0.5923716450730959], 'per-client-train_loss_mean': [0.732155526512199, 0.7327138728283821, 0.7046063411750667, 0.7080260598141214, 0.70588583332427, 0.7034273524461764, 0.6830839165698138, 0.6794284716349881, 0.6661659218293033, 0.6978598999792649, 0.6509158387618972, 0.669830503221729, 0.7428442627524903, 0.7084647392072985, 0.6825746586322785, 0.6819257848735514]}
[92mINFO [0m:      configure_evaluate: Sampled 16 nodes (out of 16)
[36m(ClientAppActor pid=4554)[0m /usr/lib/python3.12/multiprocessing/popen_fork.py:66: DeprecationWarning: This process (pid=4554) is multi-threaded, use of fork() may lead to deadlocks in the child.[32m [repeated 16x across cluster][0m
[36m(ClientAppActor pid=4554)[0m   self.pid = os.fork()[32m [repeated 16x across cluster][0m
[92mINFO [0m:      aggregate_evaluate: Received 16 results and 0 failures
[92mINFO [0m:      	└──> Aggregated MetricRecord: {'eval_loss': 0.6503309360756221, 'eval_acc': 0.7381572097865696, 'client-ids': [0, 1, 2, 3, 4, 5, 6, 7, 8, 9, 10, 11, 12, 13, 14, 15], 'per-client-eval_acc': [0.726643598615917, 0.7157894736842105, 0.7453580901856764, 0.7509881422924901, 0.7669491525423728, 0.7581699346405228, 0.6494464944649446, 0.7414965986394558, 0.7604456824512534, 0.7384615384615385, 0.7530864197530864, 0.7431693989071039, 0.7589285714285714, 0.7426900584795322, 0.68, 0.7568807339449541], 'per-client-eval_loss': [0.6358225163085238, 0.6488229149266294, 0.6749458161209876, 0.6598169304165444, 0.5805804547616991, 0.6223091019524468, 0.8203188801163677, 0.5876569683049001, 0.6118527747130328, 0.6844323919369624, 0.6556749413778753, 0.6468200787820452, 0.6387946094785418, 0.6043703458462543, 0.7237531137466431, 0.6111392799867402], 'per-client-num-examples': [289, 95, 377, 253, 236, 306, 271, 147, 359, 130, 324, 183, 112, 342, 200, 218]}
[92mINFO [0m:      Global evaluation
[92mINFO [0m:      	└──> MetricRecord: {'loss': 0.6309452595710754, 'accuracy': 0.746, 'f1': 0.7442918227296004, 'precision': 0.7448833029777002, 'auc': 0.9305717500000001}
[92mINFO [0m:      
[92mINFO [0m:      [ROUND 5/20]
[92mINFO [0m:      configure_train: Sampled 16 nodes (out of 16)
[92mINFO [0m:      aggregate_train: Received 16 results and 0 failures
[92mINFO [0m:      	└──> Aggregated MetricRecord: {'train_loss': 0.5349816278410191, 'train_loss_mean': 0.6309282728537914, 'client-ids': [0, 1, 2, 3, 4, 5, 6, 7, 8, 9, 10, 11, 12, 13, 14, 15], 'per-client-num-examples': [1152, 376, 1505, 1012, 940, 1223, 1082, 588, 1435, 517, 1294, 729, 447, 1364, 800, 870], 'per-client-train_loss': [0.5748956054449081, 0.5901051087582365, 0.6033347723213491, 0.485122150818821, 0.5516464591026307, 0.5182123339673289, 0.5464666966149194, 0.4970470772308557, 0.48715129525819306, 0.5530408484792801, 0.5099191168176336, 0.5432137748832074, 0.5170550969089704, 0.5331338948168712, 0.47427907943725583, 0.581449011516297], 'per-client-train_loss_mean': [0.6648406253920661, 0.6888618479383753, 0.6674310476462855, 0.6173362292791073, 0.6219587550771998, 0.6378472310884605, 0.6266579076785477, 0.6082369213607036, 0.5949707935246856, 0.652618550089849, 0.5863607254979046, 0.6127143734685351, 0.653688813855984, 0.6499722628824173, 0.612750432252884, 0.6373957268259991]}
[92mINFO [0m:      configure_evaluate: Sampled 16 nodes (out of 16)
[36m(ClientAppActor pid=4554)[0m /usr/lib/python3.12/multiprocessing/popen_fork.py:66: DeprecationWarning: This process (pid=4554) is multi-threaded, use of fork() may lead to deadlocks in the child.[32m [repeated 16x across cluster][0m
[36m(ClientAppActor pid=4554)[0m   self.pid = os.fork()[32m [repeated 16x across cluster][0m
[92mINFO [0m:      aggregate_evaluate: Received 16 results and 0 failures
[92mINFO [0m:      	└──> Aggregated MetricRecord: {'eval_loss': 0.6176243094588743, 'eval_acc': 0.7532535137948986, 'client-ids': [0, 1, 2, 3, 4, 5, 6, 7, 8, 9, 10, 11, 12, 13, 14, 15], 'per-client-eval_acc': [0.7612456747404844, 0.7368421052631579, 0.7427055702917772, 0.7351778656126482, 0.7754237288135594, 0.7875816993464052, 0.6900369003690037, 0.7551020408163265, 0.7632311977715878, 0.7769230769230769, 0.7808641975308642, 0.7486338797814208, 0.7589285714285714, 0.7426900584795322, 0.72, 0.7706422018348624], 'per-client-eval_loss': [0.5930114266781659, 0.6213155646073191, 0.6572667863071755, 0.6474880587913302, 0.539524654210624, 0.5809389095680386, 0.7757482141586247, 0.563589147969979, 0.5810753522145051, 0.6258718673999493, 0.6284140065128421, 0.6062279789825606, 0.6060266537325723, 0.5827503455312628, 0.6799308013916016, 0.5736502157438785], 'per-client-num-examples': [289, 95, 377, 253, 236, 306, 271, 147, 359, 130, 324, 183, 112, 342, 200, 218]}
[92mINFO [0m:      Global evaluation
[92mINFO [0m:      	└──> MetricRecord: {'loss': 0.5987967820167541, 'accuracy': 0.7615, 'f1': 0.7590671232973838, 'precision': 0.7583939951425481, 'auc': 0.9373365833333333}
[92mINFO [0m:      
[92mINFO [0m:      [ROUND 6/20]
[92mINFO [0m:      configure_train: Sampled 16 nodes (out of 16)
[92mINFO [0m:      aggregate_train: Received 16 results and 0 failures
[92mINFO [0m:      	└──> Aggregated MetricRecord: {'train_loss': 0.46362242680833254, 'train_loss_mean': 0.5587429496021628, 'client-ids': [0, 1, 2, 3, 4, 5, 6, 7, 8, 9, 10, 11, 12, 13, 14, 15], 'per-client-num-examples': [1152, 376, 1505, 1012, 940, 1223, 1082, 588, 1435, 517, 1294, 729, 447, 1364, 800, 870], 'per-client-train_loss': [0.4968370604846213, 0.46887284961152587, 0.612012617533165, 0.43520755659450183, 0.45442621822052814, 0.4852550538319208, 0.4273535701792253, 0.37219657703321807, 0.4207086721779162, 0.4607276056444622, 0.4417249394531781, 0.4129116924374846, 0.4172478232874433, 0.48321833044203144, 0.4376230609416962, 0.44472782077460454], 'per-client-train_loss_mean': [0.6143541057904562, 0.5897122966482284, 0.5763594239775571, 0.5405676412959344, 0.5628895692115135, 0.566328839966243, 0.5490254182581981, 0.5095041097224164, 0.5365035959320201, 0.565301638023074, 0.5307887414139242, 0.5384858213988515, 0.558359161119333, 0.5738199777617133, 0.5551166038513184, 0.5638394072686118]}
[92mINFO [0m:      configure_evaluate: Sampled 16 nodes (out of 16)
[36m(ClientAppActor pid=4546)[0m /usr/lib/python3.12/multiprocessing/popen_fork.py:66: DeprecationWarning: This process (pid=4546) is multi-threaded, use of fork() may lead to deadlocks in the child.[32m [repeated 16x across cluster][0m
[36m(ClientAppActor pid=4546)[0m   self.pid = os.fork()[32m [repeated 16x across cluster][0m
[92mINFO [0m:      aggregate_evaluate: Received 16 results and 0 failures
[92mINFO [0m:      	└──> Aggregated MetricRecord: {'eval_loss': 0.5950211642667815, 'eval_acc': 0.7683498178032275, 'client-ids': [0, 1, 2, 3, 4, 5, 6, 7, 8, 9, 10, 11, 12, 13, 14, 15], 'per-client-eval_acc': [0.7612456747404844, 0.7684210526315789, 0.7506631299734748, 0.758893280632411, 0.7923728813559322, 0.7908496732026143, 0.7121771217712177, 0.7755102040816326, 0.7910863509749304, 0.7846153846153846, 0.7685185185185185, 0.7814207650273224, 0.8214285714285714, 0.7660818713450293, 0.74, 0.7706422018348624], 'per-client-eval_loss': [0.5872663433782782, 0.6096452411852384, 0.6436397112332858, 0.6310624284706569, 0.5029914864039017, 0.5534133225484611, 0.7522772757329624, 0.5287197333614843, 0.5579933070870827, 0.6042071053614984, 0.6228313799257632, 0.5838893932071539, 0.5605246935571943, 0.5478068820217199, 0.6502297902107239, 0.5449281745000717], 'per-client-num-examples': [289, 95, 377, 253, 236, 306, 271, 147, 359, 130, 324, 183, 112, 342, 200, 218]}
[92mINFO [0m:      Global evaluation
[92mINFO [0m:      	└──> MetricRecord: {'loss': 0.5777644407749176, 'accuracy': 0.7735, 'f1': 0.7725865158687715, 'precision': 0.7723058693405356, 'auc': 0.94208625}
[92mINFO [0m:      
[92mINFO [0m:      [ROUND 7/20]
[92mINFO [0m:      configure_train: Sampled 16 nodes (out of 16)
[92mINFO [0m:      aggregate_train: Received 16 results and 0 failures
[92mINFO [0m:      	└──> Aggregated MetricRecord: {'train_loss': 0.3791756259095984, 'train_loss_mean': 0.5056780822761764, 'client-ids': [0, 1, 2, 3, 4, 5, 6, 7, 8, 9, 10, 11, 12, 13, 14, 15], 'per-client-num-examples': [1152, 376, 1505, 1012, 940, 1223, 1082, 588, 1435, 517, 1294, 729, 447, 1364, 800, 870], 'per-client-train_loss': [0.47250911427868736, 0.3738715648651123, 0.3980625240361176, 0.3491770759401585, 0.38311832027232395, 0.3748121121174862, 0.3535562826943706, 0.3106427296083801, 0.3931712994592115, 0.39575846663296105, 0.34060956599907677, 0.3335940992390668, 0.32789279843870156, 0.4078502518690227, 0.3501135665178299, 0.41089170883441795], 'per-client-train_loss_mean': [0.5550708461138937, 0.5356819752683031, 0.5150959537458912, 0.48005486418136023, 0.5126842495482019, 0.5048032676897035, 0.4833200446448793, 0.45650398208170523, 0.49251854376095094, 0.55048910857861, 0.4747086785491873, 0.4809582917288007, 0.5003400551926103, 0.5360308706410819, 0.4763306411504746, 0.5395164290104789]}
[92mINFO [0m:      configure_evaluate: Sampled 16 nodes (out of 16)
[36m(ClientAppActor pid=4556)[0m /usr/lib/python3.12/multiprocessing/popen_fork.py:66: DeprecationWarning: This process (pid=4556) is multi-threaded, use of fork() may lead to deadlocks in the child.[32m [repeated 16x across cluster][0m
[36m(ClientAppActor pid=4556)[0m   self.pid = os.fork()[32m [repeated 16x across cluster][0m
[92mINFO [0m:      aggregate_evaluate: Received 16 results and 0 failures
[92mINFO [0m:      	└──> Aggregated MetricRecord: {'eval_loss': 0.5873482481405364, 'eval_acc': 0.773555439875065, 'client-ids': [0, 1, 2, 3, 4, 5, 6, 7, 8, 9, 10, 11, 12, 13, 14, 15], 'per-client-eval_acc': [0.7820069204152249, 0.7684210526315789, 0.753315649867374, 0.766798418972332, 0.7838983050847458, 0.803921568627451, 0.7269372693726938, 0.7891156462585034, 0.7966573816155988, 0.7769230769230769, 0.7746913580246914, 0.7978142076502732, 0.8214285714285714, 0.7514619883040936, 0.74, 0.7798165137614679], 'per-client-eval_loss': [0.5682680783696653, 0.6108376753957648, 0.6401862668105714, 0.6450142238451086, 0.4910532518968744, 0.5417779754189884, 0.7317830082235302, 0.5444210467695378, 0.5370900099656044, 0.5526699598018939, 0.6166924113108788, 0.5800864631360997, 0.5856068560055324, 0.5472112845259103, 0.6508087491989136, 0.5332836142373741], 'per-client-num-examples': [289, 95, 377, 253, 236, 306, 271, 147, 359, 130, 324, 183, 112, 342, 200, 218]}
[92mINFO [0m:      Global evaluation
[92mINFO [0m:      	└──> MetricRecord: {'loss': 0.5773813214302063, 'accuracy': 0.7765, 'f1': 0.7740946927182276, 'precision': 0.7733821363473619, 'auc': 0.9445896666666665}
[92mINFO [0m:      
[92mINFO [0m:      [ROUND 8/20]
[92mINFO [0m:      configure_train: Sampled 16 nodes (out of 16)
[92mINFO [0m:      aggregate_train: Received 16 results and 0 failures
[92mINFO [0m:      	└──> Aggregated MetricRecord: {'train_loss': 0.33304358396090755, 'train_loss_mean': 0.44763785432797015, 'client-ids': [0, 1, 2, 3, 4, 5, 6, 7, 8, 9, 10, 11, 12, 13, 14, 15], 'per-client-num-examples': [1152, 376, 1505, 1012, 940, 1223, 1082, 588, 1435, 517, 1294, 729, 447, 1364, 800, 870], 'per-client-train_loss': [0.35743290599849487, 0.39053937602550426, 0.42757169671133904, 0.3247329416011162, 0.3095514941722789, 0.3160990619345074, 0.3123799542622734, 0.2960348719236802, 0.2965281185995826, 0.35121810736001347, 0.30216642608506233, 0.2560054777376609, 0.2801613971024285, 0.3846454688530863, 0.31527807116508483, 0.3444695507657939], 'per-client-train_loss_mean': [0.49631457237733734, 0.5128256908122529, 0.4650875516992025, 0.441914486437447, 0.4432044943850091, 0.4367282180552685, 0.44112416835236684, 0.4127171898982963, 0.405013532987455, 0.4851715952561487, 0.42650870253811296, 0.4346507510980297, 0.4293951502849058, 0.46936255244215913, 0.42985104310512534, 0.46528863324858677]}
[92mINFO [0m:      configure_evaluate: Sampled 16 nodes (out of 16)
[36m(ClientAppActor pid=4556)[0m /usr/lib/python3.12/multiprocessing/popen_fork.py:66: DeprecationWarning: This process (pid=4556) is multi-threaded, use of fork() may lead to deadlocks in the child.[32m [repeated 16x across cluster][0m
[36m(ClientAppActor pid=4556)[0m   self.pid = os.fork()[32m [repeated 16x across cluster][0m
[92mINFO [0m:      aggregate_evaluate: Received 16 results and 0 failures
[92mINFO [0m:      	└──> Aggregated MetricRecord: {'eval_loss': 0.5662654812900055, 'eval_acc': 0.786569495054659, 'client-ids': [0, 1, 2, 3, 4, 5, 6, 7, 8, 9, 10, 11, 12, 13, 14, 15], 'per-client-eval_acc': [0.7820069204152249, 0.7894736842105263, 0.7453580901856764, 0.7865612648221344, 0.809322033898305, 0.8071895424836601, 0.7306273062730627, 0.8027210884353742, 0.807799442896936, 0.8076923076923077, 0.7932098765432098, 0.8087431693989071, 0.8035714285714286, 0.8011695906432749, 0.755, 0.7889908256880734], 'per-client-eval_loss': [0.5362741769803849, 0.5970805921052632, 0.6361211377050263, 0.625916258619708, 0.46555661953101724, 0.5307518641153971, 0.7132579022228058, 0.5090611645964538, 0.5033703434766169, 0.5377873876920113, 0.6038077289675489, 0.551198792587864, 0.5589181908539363, 0.5308804456253498, 0.6308341693878173, 0.4947390250109751], 'per-client-num-examples': [289, 95, 377, 253, 236, 306, 271, 147, 359, 130, 324, 183, 112, 342, 200, 218]}
[92mINFO [0m:      Global evaluation
[92mINFO [0m:      	└──> MetricRecord: {'loss': 0.5587004153728485, 'accuracy': 0.7935, 'f1': 0.7920701028514237, 'precision': 0.7930658311389132, 'auc': 0.9487119166666667}
[92mINFO [0m:      
[92mINFO [0m:      [ROUND 9/20]
[92mINFO [0m:      configure_train: Sampled 16 nodes (out of 16)
[92mINFO [0m:      aggregate_train: Received 16 results and 0 failures
[92mINFO [0m:      	└──> Aggregated MetricRecord: {'train_loss': 0.2540862012566597, 'train_loss_mean': 0.3979737656904394, 'client-ids': [0, 1, 2, 3, 4, 5, 6, 7, 8, 9, 10, 11, 12, 13, 14, 15], 'per-client-num-examples': [1152, 376, 1505, 1012, 940, 1223, 1082, 588, 1435, 517, 1294, 729, 447, 1364, 800, 870], 'per-client-train_loss': [0.2774697012371487, 0.24770487179147435, 0.25045672999664004, 0.32089634210224677, 0.27595573333983725, 0.24868165599281244, 0.2495959241927882, 0.24333017760393572, 0.23654855142902415, 0.25063349885912883, 0.22527190404936925, 0.2273917062864709, 0.18405491197002546, 0.27462844895827104, 0.23341212987899781, 0.27025709736278686], 'per-client-train_loss_mean': [0.4363065174056424, 0.41761419468737665, 0.39927222603962964, 0.414480544620823, 0.44119930844357674, 0.3855384659555147, 0.3830288629710344, 0.40195327547131754, 0.3601596619630109, 0.42686741854743293, 0.3610936527550681, 0.3904078348878316, 0.3612372286167721, 0.4075988089409043, 0.3831592516899109, 0.42775716142750336]}
[92mINFO [0m:      configure_evaluate: Sampled 16 nodes (out of 16)
[36m(ClientAppActor pid=4559)[0m /usr/lib/python3.12/multiprocessing/popen_fork.py:66: DeprecationWarning: This process (pid=4559) is multi-threaded, use of fork() may lead to deadlocks in the child.[32m [repeated 16x across cluster][0m
[36m(ClientAppActor pid=4559)[0m   self.pid = os.fork()[32m [repeated 16x across cluster][0m
[92mINFO [0m:      aggregate_evaluate: Received 16 results and 0 failures
[92mINFO [0m:      	└──> Aggregated MetricRecord: {'eval_loss': 0.5694212452079452, 'eval_acc': 0.7920353982300885, 'client-ids': [0, 1, 2, 3, 4, 5, 6, 7, 8, 9, 10, 11, 12, 13, 14, 15], 'per-client-eval_acc': [0.7820069204152249, 0.7894736842105263, 0.7559681697612732, 0.782608695652174, 0.809322033898305, 0.8235294117647058, 0.7380073800738007, 0.8163265306122449, 0.8189415041782729, 0.8076923076923077, 0.7901234567901234, 0.7923497267759563, 0.8214285714285714, 0.8011695906432749, 0.78, 0.7981651376146789], 'per-client-eval_loss': [0.5276206780650418, 0.6235071282637746, 0.6355212967971275, 0.6394398919207306, 0.4711165327136799, 0.5287245208141851, 0.7208853366190217, 0.5235322446239238, 0.5048784452560552, 0.5366767002986028, 0.6072526441680061, 0.5500118953934132, 0.5731218542371478, 0.5483336309243364, 0.6260174512863159, 0.47703702734151016], 'per-client-num-examples': [289, 95, 377, 253, 236, 306, 271, 147, 359, 130, 324, 183, 112, 342, 200, 218]}
[92mINFO [0m:      Global evaluation
[92mINFO [0m:      	└──> MetricRecord: {'loss': 0.5682002475261688, 'accuracy': 0.797, 'f1': 0.7952679941547056, 'precision': 0.7958194006610458, 'auc': 0.9500999166666668}
[92mINFO [0m:      
[92mINFO [0m:      [ROUND 10/20]
[92mINFO [0m:      configure_train: Sampled 16 nodes (out of 16)
[92mINFO [0m:      aggregate_train: Received 16 results and 0 failures
[92mINFO [0m:      	└──> Aggregated MetricRecord: {'train_loss': 0.2105831871454454, 'train_loss_mean': 0.354317008321512, 'client-ids': [0, 1, 2, 3, 4, 5, 6, 7, 8, 9, 10, 11, 12, 13, 14, 15], 'per-client-num-examples': [1152, 376, 1505, 1012, 940, 1223, 1082, 588, 1435, 517, 1294, 729, 447, 1364, 800, 870], 'per-client-train_loss': [0.2661222409870889, 0.22404682255805808, 0.26633646765420604, 0.22363444326423373, 0.20206353613670835, 0.17620189299689681, 0.24066815747020426, 0.18358404691122016, 0.20279167510491214, 0.17150943024116397, 0.18303750911396474, 0.17703943584109202, 0.1251975109579846, 0.19995557842366507, 0.214313003718853, 0.2202148336103593], 'per-client-train_loss_mean': [0.40330816797084273, 0.4022515763627722, 0.38773996801353816, 0.3729061688359076, 0.3447652551341564, 0.3336858936939587, 0.3363815272664187, 0.36223707300465124, 0.32960579637035675, 0.3636747271103543, 0.3045544450950033, 0.34966126402791475, 0.3027915474485764, 0.36256936893435165, 0.36419317120313643, 0.36313180044464677]}
[92mINFO [0m:      configure_evaluate: Sampled 16 nodes (out of 16)
[36m(ClientAppActor pid=4556)[0m /usr/lib/python3.12/multiprocessing/popen_fork.py:66: DeprecationWarning: This process (pid=4556) is multi-threaded, use of fork() may lead to deadlocks in the child.[32m [repeated 16x across cluster][0m
[36m(ClientAppActor pid=4556)[0m   self.pid = os.fork()[32m [repeated 16x across cluster][0m
[92mINFO [0m:      aggregate_evaluate: Received 16 results and 0 failures
[92mINFO [0m:      	└──> Aggregated MetricRecord: {'eval_loss': 0.574076956695063, 'eval_acc': 0.7988027069234773, 'client-ids': [0, 1, 2, 3, 4, 5, 6, 7, 8, 9, 10, 11, 12, 13, 14, 15], 'per-client-eval_acc': [0.7958477508650519, 0.7578947368421053, 0.7798408488063661, 0.8063241106719368, 0.809322033898305, 0.8300653594771242, 0.7601476014760148, 0.8095238095238095, 0.8245125348189415, 0.8153846153846154, 0.7932098765432098, 0.7978142076502732, 0.8214285714285714, 0.7953216374269005, 0.77, 0.8073394495412844], 'per-client-eval_loss': [0.5317236377074541, 0.6404555672093442, 0.6596179185558694, 0.663451164607474, 0.4660134941844617, 0.5361447427787033, 0.71077381992692, 0.5134194172969481, 0.4933421661594784, 0.5596695739489336, 0.6245854548466059, 0.5322124241479759, 0.6121388418333871, 0.556596881464908, 0.6098579216003418, 0.4675073886136396], 'per-client-num-examples': [289, 95, 377, 253, 236, 306, 271, 147, 359, 130, 324, 183, 112, 342, 200, 218]}
[92mINFO [0m:      Global evaluation
[92mINFO [0m:      	└──> MetricRecord: {'loss': 0.5690910054445266, 'accuracy': 0.8, 'f1': 0.799409177657376, 'precision': 0.7990653547613508, 'auc': 0.9525265416666666}
[92mINFO [0m:      
[92mINFO [0m:      [ROUND 11/20]
[92mINFO [0m:      configure_train: Sampled 16 nodes (out of 16)
[92mINFO [0m:      aggregate_train: Received 16 results and 0 failures
[92mINFO [0m:      	└──> Aggregated MetricRecord: {'train_loss': 0.18416978290176508, 'train_loss_mean': 0.3230090119603628, 'client-ids': [0, 1, 2, 3, 4, 5, 6, 7, 8, 9, 10, 11, 12, 13, 14, 15], 'per-client-num-examples': [1152, 376, 1505, 1012, 940, 1223, 1082, 588, 1435, 517, 1294, 729, 447, 1364, 800, 870], 'per-client-train_loss': [0.23742077810068926, 0.17971522218369423, 0.2532625424790125, 0.16958320788715198, 0.16999224525816897, 0.20658048594755807, 0.164740362498985, 0.14733441995114696, 0.15916201100532187, 0.1498284740535618, 0.14641253523517062, 0.13559111056463546, 0.13256100786879024, 0.24100068657279364, 0.16416473418474198, 0.16023340327986355], 'per-client-train_loss_mean': [0.3639790353261762, 0.3556996833770833, 0.33439102083011424, 0.3138365075993444, 0.3291240422522768, 0.3229472406890825, 0.3252182767153227, 0.27953377379243877, 0.2917747157645973, 0.3423358899366464, 0.29977766230725433, 0.3084404974010746, 0.30990577300122923, 0.3331316429848545, 0.32475633186101915, 0.34177565670904075]}
[92mINFO [0m:      configure_evaluate: Sampled 16 nodes (out of 16)
[36m(ClientAppActor pid=4546)[0m /usr/lib/python3.12/multiprocessing/popen_fork.py:66: DeprecationWarning: This process (pid=4546) is multi-threaded, use of fork() may lead to deadlocks in the child.[32m [repeated 16x across cluster][0m
[36m(ClientAppActor pid=4546)[0m   self.pid = os.fork()[32m [repeated 16x across cluster][0m
[92mINFO [0m:      aggregate_evaluate: Received 16 results and 0 failures
[92mINFO [0m:      	└──> Aggregated MetricRecord: {'eval_loss': 0.5770573726463006, 'eval_acc': 0.80192608016658, 'client-ids': [0, 1, 2, 3, 4, 5, 6, 7, 8, 9, 10, 11, 12, 13, 14, 15], 'per-client-eval_acc': [0.8062283737024222, 0.7684210526315789, 0.7824933687002652, 0.8102766798418972, 0.7923728813559322, 0.8398692810457516, 0.7490774907749077, 0.8299319727891157, 0.8161559888579387, 0.8153846153846154, 0.8024691358024691, 0.8087431693989071, 0.8303571428571429, 0.7894736842105263, 0.79, 0.8165137614678899], 'per-client-eval_loss': [0.5381132799126594, 0.6073598259373715, 0.6533509287340887, 0.6435593465571346, 0.4914543133671001, 0.5272888919107275, 0.7437730064251327, 0.5351824533371699, 0.4958526629923446, 0.5608518650898566, 0.6247041549211667, 0.543573410784612, 0.5588630246264594, 0.5702991680792201, 0.6079470348358155, 0.4821764001058876], 'per-client-num-examples': [289, 95, 377, 253, 236, 306, 271, 147, 359, 130, 324, 183, 112, 342, 200, 218]}
[92mINFO [0m:      Global evaluation
[92mINFO [0m:      	└──> MetricRecord: {'loss': 0.5707905637025833, 'accuracy': 0.802, 'f1': 0.8015007255704771, 'precision': 0.8024711990491735, 'auc': 0.9540449166666668}
[92mINFO [0m:      
[92mINFO [0m:      [ROUND 12/20]
[92mINFO [0m:      configure_train: Sampled 16 nodes (out of 16)
[92mINFO [0m:      aggregate_train: Received 16 results and 0 failures
[92mINFO [0m:      	└──> Aggregated MetricRecord: {'train_loss': 0.14326345628602774, 'train_loss_mean': 0.28698138841395976, 'client-ids': [0, 1, 2, 3, 4, 5, 6, 7, 8, 9, 10, 11, 12, 13, 14, 15], 'per-client-num-examples': [1152, 376, 1505, 1012, 940, 1223, 1082, 588, 1435, 517, 1294, 729, 447, 1364, 800, 870], 'per-client-train_loss': [0.15790517752369246, 0.16752218724565304, 0.14454983087268927, 0.12117139341331754, 0.11325544168815968, 0.15111824476562946, 0.1581584093971746, 0.15209555423178642, 0.13466610485876063, 0.1722920128870287, 0.16293524410661994, 0.11732251609998802, 0.0860678268058988, 0.14818626292639814, 0.14293767064809798, 0.14512736070258864], 'per-client-train_loss_mean': [0.32753436379134654, 0.38827930771289987, 0.282389869227467, 0.2875304550698152, 0.27930897760105894, 0.29624606749029164, 0.2865842524275542, 0.28179439486694985, 0.2511336611548783, 0.31586609477721284, 0.24709069740366899, 0.2833011927121461, 0.29235974075210175, 0.2785397935385578, 0.2869980289936066, 0.31090893362959227]}
[92mINFO [0m:      configure_evaluate: Sampled 16 nodes (out of 16)
[36m(ClientAppActor pid=4558)[0m /usr/lib/python3.12/multiprocessing/popen_fork.py:66: DeprecationWarning: This process (pid=4558) is multi-threaded, use of fork() may lead to deadlocks in the child.[32m [repeated 16x across cluster][0m
[36m(ClientAppActor pid=4558)[0m   self.pid = os.fork()[32m [repeated 16x across cluster][0m
[92mINFO [0m:      aggregate_evaluate: Received 16 results and 0 failures
[92mINFO [0m:      	└──> Aggregated MetricRecord: {'eval_loss': 0.600499404768107, 'eval_acc': 0.799323269130661, 'client-ids': [0, 1, 2, 3, 4, 5, 6, 7, 8, 9, 10, 11, 12, 13, 14, 15], 'per-client-eval_acc': [0.7958477508650519, 0.7263157894736842, 0.7771883289124668, 0.8181818181818182, 0.7966101694915254, 0.826797385620915, 0.7601476014760148, 0.8231292517006803, 0.8217270194986073, 0.8153846153846154, 0.7901234567901234, 0.8142076502732241, 0.8214285714285714, 0.7953216374269005, 0.78, 0.8165137614678899], 'per-client-eval_loss': [0.5483899070401145, 0.6734477595279091, 0.7179915759544474, 0.6759628099886325, 0.5209131463099335, 0.5527903488258911, 0.7626282456176308, 0.5422176828189772, 0.504353893832576, 0.5694588046807509, 0.6635570467254261, 0.5744792125264152, 0.5992296508380345, 0.5813838222570586, 0.6000894165039062, 0.47388867719457783], 'per-client-num-examples': [289, 95, 377, 253, 236, 306, 271, 147, 359, 130, 324, 183, 112, 342, 200, 218]}
[92mINFO [0m:      Global evaluation
[92mINFO [0m:      	└──> MetricRecord: {'loss': 0.5955737377405167, 'accuracy': 0.796, 'f1': 0.7962990508058422, 'precision': 0.7966829572409788, 'auc': 0.9541610833333333}
[92mINFO [0m:      
[92mINFO [0m:      [ROUND 13/20]
[92mINFO [0m:      configure_train: Sampled 16 nodes (out of 16)
[92mINFO [0m:      aggregate_train: Received 16 results and 0 failures
[92mINFO [0m:      	└──> Aggregated MetricRecord: {'train_loss': 0.11597997845297875, 'train_loss_mean': 0.25647777767667124, 'client-ids': [0, 1, 2, 3, 4, 5, 6, 7, 8, 9, 10, 11, 12, 13, 14, 15], 'per-client-num-examples': [1152, 376, 1505, 1012, 940, 1223, 1082, 588, 1435, 517, 1294, 729, 447, 1364, 800, 870], 'per-client-train_loss': [0.14426769160976013, 0.1490541639480185, 0.12973391231260822, 0.10741810265030315, 0.09993159850227072, 0.1342277815923375, 0.1167097077352062, 0.09214531009395917, 0.10604108783841548, 0.08818179688180439, 0.10646051154623076, 0.08673970387489707, 0.07325193263440324, 0.12102270065164986, 0.13930448651313782, 0.12145712279725349], 'per-client-train_loss_mean': [0.28049002074533036, 0.35671241292928124, 0.24308971370242385, 0.253461444436797, 0.25452104059305597, 0.25366674340097806, 0.2426845900452732, 0.2790438864557516, 0.2237010421507865, 0.28969299472450516, 0.21973544570057432, 0.25879769562468935, 0.2599987466796666, 0.2462742009994921, 0.3004498675614595, 0.27678313707568863]}
[92mINFO [0m:      configure_evaluate: Sampled 16 nodes (out of 16)
[36m(ClientAppActor pid=4558)[0m /usr/lib/python3.12/multiprocessing/popen_fork.py:66: DeprecationWarning: This process (pid=4558) is multi-threaded, use of fork() may lead to deadlocks in the child.[32m [repeated 16x across cluster][0m
[36m(ClientAppActor pid=4558)[0m   self.pid = os.fork()[32m [repeated 16x across cluster][0m
[92mINFO [0m:      aggregate_evaluate: Received 16 results and 0 failures
[92mINFO [0m:      	└──> Aggregated MetricRecord: {'eval_loss': 0.6229941616897056, 'eval_acc': 0.8024466423737636, 'client-ids': [0, 1, 2, 3, 4, 5, 6, 7, 8, 9, 10, 11, 12, 13, 14, 15], 'per-client-eval_acc': [0.7958477508650519, 0.7894736842105263, 0.7957559681697612, 0.8063241106719368, 0.7838983050847458, 0.826797385620915, 0.7712177121771218, 0.8299319727891157, 0.8217270194986073, 0.8, 0.808641975308642, 0.8142076502732241, 0.8214285714285714, 0.7777777777777778, 0.8, 0.8119266055045872], 'per-client-eval_loss': [0.5512487492507975, 0.7083583831787109, 0.7082311569537661, 0.6993632448520585, 0.5663493689844163, 0.5742404164831623, 0.7829901600235942, 0.580441682517123, 0.5252721216685261, 0.6000072396718539, 0.6999335531835202, 0.5881157650973627, 0.663283326796123, 0.6198765046415273, 0.6102107310295105, 0.48990997918155216], 'per-client-num-examples': [289, 95, 377, 253, 236, 306, 271, 147, 359, 130, 324, 183, 112, 342, 200, 218]}
[92mINFO [0m:      Global evaluation
[92mINFO [0m:      	└──> MetricRecord: {'loss': 0.6200152672529221, 'accuracy': 0.7955, 'f1': 0.7942899303174618, 'precision': 0.7938104716531901, 'auc': 0.9544461666666667}
[92mINFO [0m:      
[92mINFO [0m:      [ROUND 14/20]
[92mINFO [0m:      configure_train: Sampled 16 nodes (out of 16)
[92mINFO [0m:      aggregate_train: Received 16 results and 0 failures
[92mINFO [0m:      	└──> Aggregated MetricRecord: {'train_loss': 0.10173296923153054, 'train_loss_mean': 0.2371848693210125, 'client-ids': [0, 1, 2, 3, 4, 5, 6, 7, 8, 9, 10, 11, 12, 13, 14, 15], 'per-client-num-examples': [1152, 376, 1505, 1012, 940, 1223, 1082, 588, 1435, 517, 1294, 729, 447, 1364, 800, 870], 'per-client-train_loss': [0.13053422586785424, 0.11144250678889295, 0.07968474850315631, 0.10958975176566203, 0.0863805429098454, 0.11082585946636203, 0.08932880122152582, 0.12637440723424054, 0.0972170293538828, 0.12251841318316224, 0.08354007058317732, 0.07396442505731586, 0.05388040415592642, 0.08477317393263065, 0.11520215138792991, 0.17519456134445366], 'per-client-train_loss_mean': [0.2651982930385404, 0.31174766950784843, 0.2092722735367752, 0.24341974493130863, 0.23439924953465768, 0.23046048907235644, 0.20935179530720394, 0.2627625302899451, 0.1899544198795478, 0.3346069018221397, 0.22566237355736435, 0.2538925533416708, 0.22612752284712972, 0.21864817864821454, 0.24620038321614265, 0.28829152158450805]}
[92mINFO [0m:      configure_evaluate: Sampled 16 nodes (out of 16)
[36m(ClientAppActor pid=4558)[0m /usr/lib/python3.12/multiprocessing/popen_fork.py:66: DeprecationWarning: This process (pid=4558) is multi-threaded, use of fork() may lead to deadlocks in the child.[32m [repeated 16x across cluster][0m
[36m(ClientAppActor pid=4558)[0m   self.pid = os.fork()[32m [repeated 16x across cluster][0m
[92mINFO [0m:      aggregate_evaluate: Received 16 results and 0 failures
[92mINFO [0m:      	└──> Aggregated MetricRecord: {'eval_loss': 0.6298532416902963, 'eval_acc': 0.8042686100989068, 'client-ids': [0, 1, 2, 3, 4, 5, 6, 7, 8, 9, 10, 11, 12, 13, 14, 15], 'per-client-eval_acc': [0.8027681660899654, 0.7684210526315789, 0.7798408488063661, 0.8181818181818182, 0.8008474576271186, 0.826797385620915, 0.7675276752767528, 0.8163265306122449, 0.8161559888579387, 0.8153846153846154, 0.8117283950617284, 0.825136612021858, 0.8214285714285714, 0.7894736842105263, 0.8, 0.8211009174311926], 'per-client-eval_loss': [0.5554362586747764, 0.6917021901983964, 0.7430812876167601, 0.7067265378627853, 0.5692795818134889, 0.5892742630702997, 0.8184436150582514, 0.5886910626677428, 0.5078094085278949, 0.605538432414715, 0.7114078056665114, 0.5805233710450552, 0.6757587833063943, 0.6193476894445586, 0.6044036793708801, 0.4843031528892867], 'per-client-num-examples': [289, 95, 377, 253, 236, 306, 271, 147, 359, 130, 324, 183, 112, 342, 200, 218]}
[92mINFO [0m:      Global evaluation
[92mINFO [0m:      	└──> MetricRecord: {'loss': 0.6160484673976898, 'accuracy': 0.799, 'f1': 0.7985524121376514, 'precision': 0.7984009254629175, 'auc': 0.9560261666666667}
[92mINFO [0m:      
[92mINFO [0m:      [ROUND 15/20]
[92mINFO [0m:      configure_train: Sampled 16 nodes (out of 16)
[92mINFO [0m:      aggregate_train: Received 16 results and 0 failures
[92mINFO [0m:      	└──> Aggregated MetricRecord: {'train_loss': 0.09086186878067455, 'train_loss_mean': 0.212544428067629, 'client-ids': [0, 1, 2, 3, 4, 5, 6, 7, 8, 9, 10, 11, 12, 13, 14, 15], 'per-client-num-examples': [1152, 376, 1505, 1012, 940, 1223, 1082, 588, 1435, 517, 1294, 729, 447, 1364, 800, 870], 'per-client-train_loss': [0.1267019595640401, 0.1069015716301634, 0.17707727265596834, 0.07458567162865236, 0.08207521725525248, 0.052115816650386726, 0.05538954497650679, 0.09826275949575464, 0.07467922167495568, 0.09213139426604461, 0.0624390387968081, 0.07341350361561742, 0.04807904516023811, 0.10865385986624225, 0.08346140451729298, 0.09306254980379138], 'per-client-train_loss_mean': [0.23991274629823037, 0.3210137073346909, 0.21434431695625733, 0.2076138406226286, 0.20012783780059915, 0.20118935687143055, 0.2017210330104872, 0.24293242139982527, 0.16880474075882693, 0.2538290452986696, 0.17582419900715904, 0.23316222912490123, 0.20643153315455853, 0.19618120025461022, 0.24152503423392774, 0.2414468600797927]}
[92mINFO [0m:      configure_evaluate: Sampled 16 nodes (out of 16)
[36m(ClientAppActor pid=4560)[0m /usr/lib/python3.12/multiprocessing/popen_fork.py:66: DeprecationWarning: This process (pid=4560) is multi-threaded, use of fork() may lead to deadlocks in the child.[32m [repeated 16x across cluster][0m
[36m(ClientAppActor pid=4560)[0m   self.pid = os.fork()[32m [repeated 16x across cluster][0m
[92mINFO [0m:      aggregate_evaluate: Received 16 results and 0 failures
[92mINFO [0m:      	└──> Aggregated MetricRecord: {'eval_loss': 0.6470748515780733, 'eval_acc': 0.8105153565851121, 'client-ids': [0, 1, 2, 3, 4, 5, 6, 7, 8, 9, 10, 11, 12, 13, 14, 15], 'per-client-eval_acc': [0.8166089965397924, 0.7578947368421053, 0.7824933687002652, 0.8221343873517787, 0.826271186440678, 0.8333333333333334, 0.7712177121771218, 0.8367346938775511, 0.8189415041782729, 0.823076923076923, 0.8024691358024691, 0.825136612021858, 0.8125, 0.8070175438596491, 0.8, 0.8348623853211009], 'per-client-eval_loss': [0.5880926457623658, 0.741867406744706, 0.7738214690109779, 0.7127395901284199, 0.5620441780251971, 0.5779201220842748, 0.8171404243835224, 0.5887271336146763, 0.5451186354113821, 0.6414886089471671, 0.7344410198706167, 0.5951748102740512, 0.6716490302767072, 0.6374687144630834, 0.646998655796051, 0.49308234617250774], 'per-client-num-examples': [289, 95, 377, 253, 236, 306, 271, 147, 359, 130, 324, 183, 112, 342, 200, 218]}
[92mINFO [0m:      Global evaluation
[92mINFO [0m:      	└──> MetricRecord: {'loss': 0.6428687098026276, 'accuracy': 0.803, 'f1': 0.8028869025083953, 'precision': 0.8028288826205837, 'auc': 0.9556870833333332}
[92mINFO [0m:      
[92mINFO [0m:      [ROUND 16/20]
[92mINFO [0m:      configure_train: Sampled 16 nodes (out of 16)
[92mINFO [0m:      aggregate_train: Received 16 results and 0 failures
[92mINFO [0m:      	└──> Aggregated MetricRecord: {'train_loss': 0.08017999895195606, 'train_loss_mean': 0.1965383001059692, 'client-ids': [0, 1, 2, 3, 4, 5, 6, 7, 8, 9, 10, 11, 12, 13, 14, 15], 'per-client-num-examples': [1152, 376, 1505, 1012, 940, 1223, 1082, 588, 1435, 517, 1294, 729, 447, 1364, 800, 870], 'per-client-train_loss': [0.09202497064446409, 0.07686822718762337, 0.08523032970376858, 0.09012566686501144, 0.07253441119447668, 0.09041409261482033, 0.074644098051457, 0.06251249264697639, 0.09462013073291513, 0.09508560670492901, 0.061905797231234204, 0.036691414049235066, 0.032123341964728616, 0.09969419616757949, 0.104699402526021, 0.06081631438506917], 'per-client-train_loss_mean': [0.20178983168055614, 0.32756815559052405, 0.16545582043802232, 0.19859813884077335, 0.21264977372073113, 0.19877431479877414, 0.18215842286878836, 0.237568193643677, 0.16005148603369965, 0.2570538683014434, 0.15532345503131056, 0.2038399592333247, 0.19225497298292665, 0.18886226800617234, 0.23698159749805928, 0.21038065668259714]}
[92mINFO [0m:      configure_evaluate: Sampled 16 nodes (out of 16)
[36m(ClientAppActor pid=4559)[0m /usr/lib/python3.12/multiprocessing/popen_fork.py:66: DeprecationWarning: This process (pid=4559) is multi-threaded, use of fork() may lead to deadlocks in the child.[32m [repeated 16x across cluster][0m
[36m(ClientAppActor pid=4559)[0m   self.pid = os.fork()[32m [repeated 16x across cluster][0m
[92mINFO [0m:      aggregate_evaluate: Received 16 results and 0 failures
[92mINFO [0m:      	└──> Aggregated MetricRecord: {'eval_loss': 0.6536546890676714, 'eval_acc': 0.8097345132743363, 'client-ids': [0, 1, 2, 3, 4, 5, 6, 7, 8, 9, 10, 11, 12, 13, 14, 15], 'per-client-eval_acc': [0.8096885813148789, 0.7473684210526316, 0.7877984084880637, 0.8379446640316206, 0.809322033898305, 0.8300653594771242, 0.7638376383763837, 0.8299319727891157, 0.8272980501392758, 0.8076923076923077, 0.7932098765432098, 0.8360655737704918, 0.8214285714285714, 0.8099415204678363, 0.81, 0.8256880733944955], 'per-client-eval_loss': [0.5790086118729985, 0.7983774486340974, 0.7692989506202921, 0.7169561009162029, 0.594064954983986, 0.5931066625258502, 0.8203444041009319, 0.5979885503548343, 0.5457225802217022, 0.6745571374893189, 0.7482954469727882, 0.5893766840950387, 0.6861059835978917, 0.6277161536858096, 0.6406771564483642, 0.510413001436706], 'per-client-num-examples': [289, 95, 377, 253, 236, 306, 271, 147, 359, 130, 324, 183, 112, 342, 200, 218]}
[92mINFO [0m:      Global evaluation
[92mINFO [0m:      	└──> MetricRecord: {'loss': 0.6562984809875488, 'accuracy': 0.8055, 'f1': 0.8049266665369871, 'precision': 0.8047233091348925, 'auc': 0.955902125}
[92mINFO [0m:      
[92mINFO [0m:      [ROUND 17/20]
[92mINFO [0m:      configure_train: Sampled 16 nodes (out of 16)
[92mINFO [0m:      aggregate_train: Received 16 results and 0 failures
[92mINFO [0m:      	└──> Aggregated MetricRecord: {'train_loss': 0.06662825880865189, 'train_loss_mean': 0.18448405782848226, 'client-ids': [0, 1, 2, 3, 4, 5, 6, 7, 8, 9, 10, 11, 12, 13, 14, 15], 'per-client-num-examples': [1152, 376, 1505, 1012, 940, 1223, 1082, 588, 1435, 517, 1294, 729, 447, 1364, 800, 870], 'per-client-train_loss': [0.08167270252791543, 0.08326908882628097, 0.08387044536853303, 0.058067542070103256, 0.0659619446764601, 0.05847684501876669, 0.08381008759292459, 0.06414825924146338, 0.028170273843698385, 0.05566819141865699, 0.04627844793765217, 0.05306343460872013, 0.03788124154357269, 0.13022841746943437, 0.053443742841482164, 0.05089343940389567], 'per-client-train_loss_mean': [0.18979640239332285, 0.2983049964017056, 0.1624814863648402, 0.18291353112741893, 0.18094853941787115, 0.17471016998313676, 0.1811108325750958, 0.23768171062122803, 0.1430343301306099, 0.23111315335307406, 0.15153065270397356, 0.21402355705340623, 0.21003623557999998, 0.17867096098811747, 0.19294539973139763, 0.20707245613223518]}
[92mINFO [0m:      configure_evaluate: Sampled 16 nodes (out of 16)
[36m(ClientAppActor pid=4559)[0m /usr/lib/python3.12/multiprocessing/popen_fork.py:66: DeprecationWarning: This process (pid=4559) is multi-threaded, use of fork() may lead to deadlocks in the child.[32m [repeated 16x across cluster][0m
[36m(ClientAppActor pid=4559)[0m   self.pid = os.fork()[32m [repeated 16x across cluster][0m
[92mINFO [0m:      aggregate_evaluate: Received 16 results and 0 failures
[92mINFO [0m:      	└──> Aggregated MetricRecord: {'eval_loss': 0.6660370423938116, 'eval_acc': 0.8094742321707444, 'client-ids': [0, 1, 2, 3, 4, 5, 6, 7, 8, 9, 10, 11, 12, 13, 14, 15], 'per-client-eval_acc': [0.8027681660899654, 0.7684210526315789, 0.7984084880636605, 0.841897233201581, 0.8008474576271186, 0.8202614379084967, 0.7601476014760148, 0.8299319727891157, 0.8328690807799443, 0.8153846153846154, 0.7962962962962963, 0.8306010928961749, 0.8125, 0.8070175438596491, 0.81, 0.8211009174311926], 'per-client-eval_loss': [0.611424465026468, 0.7870608179192794, 0.7958252448934459, 0.7293087578573717, 0.6045191934553243, 0.6018203878714368, 0.835204817712087, 0.6237865045768063, 0.5420189129608919, 0.6865792769652147, 0.7573914925257365, 0.6248068444715823, 0.675003205026899, 0.6321496796189693, 0.6295514285564423, 0.5355941221254681], 'per-client-num-examples': [289, 95, 377, 253, 236, 306, 271, 147, 359, 130, 324, 183, 112, 342, 200, 218]}
[92mINFO [0m:      Global evaluation
[92mINFO [0m:      	└──> MetricRecord: {'loss': 0.6714548196792602, 'accuracy': 0.8055, 'f1': 0.805635171678056, 'precision': 0.8058197544921913, 'auc': 0.9558109583333334}
[92mINFO [0m:      
[92mINFO [0m:      [ROUND 18/20]
[92mINFO [0m:      configure_train: Sampled 16 nodes (out of 16)
[92mINFO [0m:      aggregate_train: Received 16 results and 0 failures
[92mINFO [0m:      	└──> Aggregated MetricRecord: {'train_loss': 0.06581663404998553, 'train_loss_mean': 0.16991781442364853, 'client-ids': [0, 1, 2, 3, 4, 5, 6, 7, 8, 9, 10, 11, 12, 13, 14, 15], 'per-client-num-examples': [1152, 376, 1505, 1012, 940, 1223, 1082, 588, 1435, 517, 1294, 729, 447, 1364, 800, 870], 'per-client-train_loss': [0.06521765698885752, 0.05238621341104203, 0.1385675616023994, 0.04242350710298233, 0.0444728098433227, 0.15688869011994278, 0.04722985086786989, 0.03381388849534449, 0.02910675983291885, 0.05367749322447169, 0.06037070762676977, 0.032739047548734926, 0.032748686358065944, 0.052929986781738374, 0.07146810084581375, 0.049134936260765996], 'per-client-train_loss_mean': [0.17856542386321558, 0.28637775984057723, 0.1525081539269419, 0.1609991014828324, 0.1764565878238608, 0.17691896129262466, 0.14615370531234195, 0.19989887846405713, 0.12804516358450316, 0.23200483022809815, 0.14539022465917345, 0.17686060083562455, 0.2177692415355236, 0.14591432088696538, 0.1976089509651065, 0.19142963793428464]}
[92mINFO [0m:      configure_evaluate: Sampled 16 nodes (out of 16)
[36m(ClientAppActor pid=4551)[0m /usr/lib/python3.12/multiprocessing/popen_fork.py:66: DeprecationWarning: This process (pid=4551) is multi-threaded, use of fork() may lead to deadlocks in the child.[32m [repeated 16x across cluster][0m
[36m(ClientAppActor pid=4551)[0m   self.pid = os.fork()[32m [repeated 16x across cluster][0m
[92mINFO [0m:      aggregate_evaluate: Received 16 results and 0 failures
[92mINFO [0m:      	└──> Aggregated MetricRecord: {'eval_loss': 0.6730222157745651, 'eval_acc': 0.8097345132743362, 'client-ids': [0, 1, 2, 3, 4, 5, 6, 7, 8, 9, 10, 11, 12, 13, 14, 15], 'per-client-eval_acc': [0.8096885813148789, 0.7578947368421053, 0.7957559681697612, 0.8458498023715415, 0.809322033898305, 0.826797385620915, 0.7490774907749077, 0.8299319727891157, 0.8272980501392758, 0.8153846153846154, 0.7901234567901234, 0.8306010928961749, 0.8125, 0.8216374269005848, 0.805, 0.8165137614678899], 'per-client-eval_loss': [0.6148823412380159, 0.8319005865799753, 0.7958709453714305, 0.7273137541156512, 0.6119039523399482, 0.6004428645364599, 0.8615300646567257, 0.6180435427192117, 0.569164089505719, 0.6377730222848745, 0.7807913209185188, 0.6082548912757081, 0.7234406300953456, 0.654681668644063, 0.616264089345932, 0.5173735946690271], 'per-client-num-examples': [289, 95, 377, 253, 236, 306, 271, 147, 359, 130, 324, 183, 112, 342, 200, 218]}
[92mINFO [0m:      Global evaluation
[92mINFO [0m:      	└──> MetricRecord: {'loss': 0.6696563436985016, 'accuracy': 0.811, 'f1': 0.8105820644951731, 'precision': 0.8104773052170071, 'auc': 0.95618625}
[92mINFO [0m:      
[92mINFO [0m:      [ROUND 19/20]
[92mINFO [0m:      configure_train: Sampled 16 nodes (out of 16)
[92mINFO [0m:      aggregate_train: Received 16 results and 0 failures
[92mINFO [0m:      	└──> Aggregated MetricRecord: {'train_loss': 0.052718797620374104, 'train_loss_mean': 0.15646560715462213, 'client-ids': [0, 1, 2, 3, 4, 5, 6, 7, 8, 9, 10, 11, 12, 13, 14, 15], 'per-client-num-examples': [1152, 376, 1505, 1012, 940, 1223, 1082, 588, 1435, 517, 1294, 729, 447, 1364, 800, 870], 'per-client-train_loss': [0.05406018778578275, 0.03822888877797634, 0.0891111992076782, 0.04737874871421709, 0.0594409140896924, 0.032923750353951196, 0.05625192911920177, 0.04911261614488096, 0.04179568542459597, 0.05102398362897005, 0.05605527092763863, 0.033270605429700374, 0.027929139306864616, 0.05270839623473257, 0.05826438054442406, 0.05708034705563352], 'per-client-train_loss_mean': [0.1593793053749121, 0.24246526181380798, 0.12954125831355387, 0.16380218080145567, 0.1692768965201809, 0.1352179051246852, 0.15597199178309404, 0.21682079040071592, 0.1314791927571029, 0.21327983500144124, 0.11498885359194048, 0.1799056853794982, 0.17255741288756296, 0.1328467588270864, 0.19126279040426014, 0.17559621628116945]}
[92mINFO [0m:      configure_evaluate: Sampled 16 nodes (out of 16)
[36m(ClientAppActor pid=4546)[0m /usr/lib/python3.12/multiprocessing/popen_fork.py:66: DeprecationWarning: This process (pid=4546) is multi-threaded, use of fork() may lead to deadlocks in the child.[32m [repeated 16x across cluster][0m
[36m(ClientAppActor pid=4546)[0m   self.pid = os.fork()[32m [repeated 16x across cluster][0m
[92mINFO [0m:      aggregate_evaluate: Received 16 results and 0 failures
[92mINFO [0m:      	└──> Aggregated MetricRecord: {'eval_loss': 0.6881343689259312, 'eval_acc': 0.8107756376887038, 'client-ids': [0, 1, 2, 3, 4, 5, 6, 7, 8, 9, 10, 11, 12, 13, 14, 15], 'per-client-eval_acc': [0.8062283737024222, 0.7578947368421053, 0.8010610079575596, 0.8379446640316206, 0.8008474576271186, 0.8366013071895425, 0.7785977859778598, 0.8231292517006803, 0.83008356545961, 0.823076923076923, 0.7962962962962963, 0.8415300546448088, 0.8125, 0.8099415204678363, 0.8, 0.7981651376146789], 'per-client-eval_loss': [0.6235304829047407, 0.8405888808401007, 0.8231463622035019, 0.7414256970401809, 0.6465845007007405, 0.6083295750462152, 0.8760771417089934, 0.6292571372726337, 0.5676390991901621, 0.6512490070783175, 0.8036516389729064, 0.6050801042650567, 0.7415336923939841, 0.6620484709042554, 0.6425610911846161, 0.5488369224268362], 'per-client-num-examples': [289, 95, 377, 253, 236, 306, 271, 147, 359, 130, 324, 183, 112, 342, 200, 218]}
[92mINFO [0m:      Global evaluation
[92mINFO [0m:      	└──> MetricRecord: {'loss': 0.6853370292186737, 'accuracy': 0.8135, 'f1': 0.8129482252280841, 'precision': 0.8126214640016748, 'auc': 0.9567047083333333}
[92mINFO [0m:      
[92mINFO [0m:      [ROUND 20/20]
[92mINFO [0m:      configure_train: Sampled 16 nodes (out of 16)
[92mINFO [0m:      aggregate_train: Received 16 results and 0 failures
[92mINFO [0m:      	└──> Aggregated MetricRecord: {'train_loss': 0.04918762523788975, 'train_loss_mean': 0.14608862075369455, 'client-ids': [0, 1, 2, 3, 4, 5, 6, 7, 8, 9, 10, 11, 12, 13, 14, 15], 'per-client-num-examples': [1152, 376, 1505, 1012, 940, 1223, 1082, 588, 1435, 517, 1294, 729, 447, 1364, 800, 870], 'per-client-train_loss': [0.07718705895563795, 0.03321624773138381, 0.0798586924951771, 0.02782067609030621, 0.055279119090831025, 0.022437614158027405, 0.03000899637720501, 0.021649022897084553, 0.04517163817968726, 0.05865903566204141, 0.056505123916236105, 0.02054244574716389, 0.013614773398194403, 0.08205849823714002, 0.04360941531136632, 0.05028417384487459], 'per-client-train_loss_mean': [0.1602261481547935, 0.23951207170302563, 0.12034557008845082, 0.1385250288205361, 0.1554507758452537, 0.11834732103401388, 0.1322325137111594, 0.19878982372429904, 0.10480026284109425, 0.2502289176455607, 0.11359104526357314, 0.16157541007713117, 0.15590184529705736, 0.13981799919737226, 0.18005168857052922, 0.16595252531270185]}
[92mINFO [0m:      configure_evaluate: Sampled 16 nodes (out of 16)
[36m(ClientAppActor pid=4558)[0m /usr/lib/python3.12/multiprocessing/popen_fork.py:66: DeprecationWarning: This process (pid=4558) is multi-threaded, use of fork() may lead to deadlocks in the child.[32m [repeated 16x across cluster][0m
[36m(ClientAppActor pid=4558)[0m   self.pid = os.fork()[32m [repeated 16x across cluster][0m
[92mINFO [0m:      aggregate_evaluate: Received 16 results and 0 failures
[92mINFO [0m:      	└──> Aggregated MetricRecord: {'eval_loss': 0.7060091263835911, 'eval_acc': 0.8099947943779282, 'client-ids': [0, 1, 2, 3, 4, 5, 6, 7, 8, 9, 10, 11, 12, 13, 14, 15], 'per-client-eval_acc': [0.7993079584775087, 0.7578947368421053, 0.7904509283819628, 0.8458498023715415, 0.809322033898305, 0.8235294117647058, 0.7601476014760148, 0.8299319727891157, 0.8356545961002786, 0.8153846153846154, 0.8055555555555556, 0.8360655737704918, 0.8214285714285714, 0.8099415204678363, 0.8, 0.8119266055045872], 'per-client-eval_loss': [0.6468031296367953, 0.8760223187898335, 0.8511405332651315, 0.7695093117212589, 0.6420777632018267, 0.6350083740708096, 0.8957437043700271, 0.6660241756309457, 0.5777489136188475, 0.6913868757394644, 0.8212621329743185, 0.6073103029219831, 0.7561842032841274, 0.6705153615851152, 0.6342605221271514, 0.5729272037471106], 'per-client-num-examples': [289, 95, 377, 253, 236, 306, 271, 147, 359, 130, 324, 183, 112, 342, 200, 218]}
[92mINFO [0m:      Global evaluation
[92mINFO [0m:      	└──> MetricRecord: {'loss': 0.7146697850227356, 'accuracy': 0.8125, 'f1': 0.8122828289457411, 'precision': 0.812104211537044, 'auc': 0.9554898333333334}
[92mINFO [0m:      
[92mINFO [0m:      Strategy execution finished in 305.93s
[92mINFO [0m:      
[92mINFO [0m:      Final results:
[92mINFO [0m:      
[92mINFO [0m:      	Global Arrays:
[92mINFO [0m:      		ArrayRecord (0.866 MB)
[92mINFO [0m:      	
[92mINFO [0m:      	Aggregated ClientApp-side Train Metrics:
[92mINFO [0m:      	{ 1: { 'client-ids': "['0', '1', '2', '3', '4', '5', '6', '7', '8', '9', '10', "
[92mINFO [0m:      	                     "'11', '12', '13', '14', '15']",
[92mINFO [0m:      	       'per-client-num-examples': "['1152', '376', '1505', '1012', '940', "
[92mINFO [0m:      	                                  "'1223', '1082', '588', '1435', '517', "
[92mINFO [0m:      	                                  "'1294', '729', '447', '1364', '800', '870']",
[92mINFO [0m:      	       'per-client-train_loss': "['1.0343e+00', '1.3135e+00', '9.4060e-01', "
[92mINFO [0m:      	                                "'1.0708e+00', '1.0413e+00', '1.0296e+00', "
[92mINFO [0m:      	                                "'9.7602e-01', '1.2032e+00', '9.0751e-01', "
[92mINFO [0m:      	                                "'1.1838e+00', '9.5501e-01', '1.1265e+00', "
[92mINFO [0m:      	                                "'1.2123e+00', '1.0117e+00', '1.1525e+00', "
[92mINFO [0m:      	                                "'1.1471e+00']",
[92mINFO [0m:      	       'per-client-train_loss_mean': "['1.2242e+00', '1.3604e+00', "
[92mINFO [0m:      	                                     "'1.1071e+00', '1.2408e+00', "
[92mINFO [0m:      	                                     "'1.2115e+00', '1.1736e+00', "
[92mINFO [0m:      	                                     "'1.1797e+00', '1.3219e+00', "
[92mINFO [0m:      	                                     "'1.1239e+00', '1.3219e+00', "
[92mINFO [0m:      	                                     "'1.1653e+00', '1.2901e+00', "
[92mINFO [0m:      	                                     "'1.3283e+00', '1.2088e+00', "
[92mINFO [0m:      	                                     "'1.2917e+00', '1.2886e+00']",
[92mINFO [0m:      	       'train_loss': '1.0434e+00',
[92mINFO [0m:      	       'train_loss_mean': '1.2138e+00'},
[92mINFO [0m:      	  2: { 'client-ids': "['0', '1', '2', '3', '4', '5', '6', '7', '8', '9', '10', "
[92mINFO [0m:      	                     "'11', '12', '13', '14', '15']",
[92mINFO [0m:      	       'per-client-num-examples': "['1152', '376', '1505', '1012', '940', "
[92mINFO [0m:      	                                  "'1223', '1082', '588', '1435', '517', "
[92mINFO [0m:      	                                  "'1294', '729', '447', '1364', '800', '870']",
[92mINFO [0m:      	       'per-client-train_loss': "['8.7914e-01', '9.1207e-01', '8.2506e-01', "
[92mINFO [0m:      	                                "'8.8539e-01', '8.3310e-01', '8.8247e-01', "
[92mINFO [0m:      	                                "'8.3853e-01', '8.5162e-01', '7.7343e-01', "
[92mINFO [0m:      	                                "'8.6032e-01', '7.8503e-01', '9.3728e-01', "
[92mINFO [0m:      	                                "'9.9615e-01', '8.4682e-01', '8.2518e-01', "
[92mINFO [0m:      	                                "'8.5960e-01']",
[92mINFO [0m:      	       'per-client-train_loss_mean': "['9.7536e-01', '1.0476e+00', "
[92mINFO [0m:      	                                     "'9.2670e-01', '9.6981e-01', "
[92mINFO [0m:      	                                     "'9.7314e-01', '9.8715e-01', "
[92mINFO [0m:      	                                     "'9.4280e-01', '9.6123e-01', "
[92mINFO [0m:      	                                     "'9.2787e-01', '9.9551e-01', "
[92mINFO [0m:      	                                     "'9.2618e-01', '1.0006e+00', "
[92mINFO [0m:      	                                     "'1.0565e+00', '9.4723e-01', "
[92mINFO [0m:      	                                     "'9.5570e-01', '9.5957e-01']",
[92mINFO [0m:      	       'train_loss': '8.4948e-01',
[92mINFO [0m:      	       'train_loss_mean': '9.6118e-01'},
[92mINFO [0m:      	  3: { 'client-ids': "['0', '1', '2', '3', '4', '5', '6', '7', '8', '9', '10', "
[92mINFO [0m:      	                     "'11', '12', '13', '14', '15']",
[92mINFO [0m:      	       'per-client-num-examples': "['1152', '376', '1505', '1012', '940', "
[92mINFO [0m:      	                                  "'1223', '1082', '588', '1435', '517', "
[92mINFO [0m:      	                                  "'1294', '729', '447', '1364', '800', '870']",
[92mINFO [0m:      	       'per-client-train_loss': "['7.5124e-01', '7.3930e-01', '7.1184e-01', "
[92mINFO [0m:      	                                "'7.3142e-01', '6.9559e-01', '6.9087e-01', "
[92mINFO [0m:      	                                "'7.0904e-01', '7.1505e-01', '6.6172e-01', "
[92mINFO [0m:      	                                "'7.2537e-01', '7.0188e-01', '6.7142e-01', "
[92mINFO [0m:      	                                "'8.6868e-01', '6.8820e-01', '6.7256e-01', "
[92mINFO [0m:      	                                "'6.9729e-01']",
[92mINFO [0m:      	       'per-client-train_loss_mean': "['8.3622e-01', '8.2172e-01', "
[92mINFO [0m:      	                                     "'7.8929e-01', '8.1912e-01', "
[92mINFO [0m:      	                                     "'8.1632e-01', '7.9465e-01', "
[92mINFO [0m:      	                                     "'7.9715e-01', '8.3353e-01', "
[92mINFO [0m:      	                                     "'7.5678e-01', '8.2377e-01', "
[92mINFO [0m:      	                                     "'7.6490e-01', '7.9255e-01', "
[92mINFO [0m:      	                                     "'8.5659e-01', '7.8576e-01', "
[92mINFO [0m:      	                                     "'7.7825e-01', '7.8231e-01']",
[92mINFO [0m:      	       'train_loss': '7.0662e-01',
[92mINFO [0m:      	       'train_loss_mean': '7.9681e-01'},
[92mINFO [0m:      	  4: { 'client-ids': "['0', '1', '2', '3', '4', '5', '6', '7', '8', '9', '10', "
[92mINFO [0m:      	                     "'11', '12', '13', '14', '15']",
[92mINFO [0m:      	       'per-client-num-examples': "['1152', '376', '1505', '1012', '940', "
[92mINFO [0m:      	                                  "'1223', '1082', '588', '1435', '517', "
[92mINFO [0m:      	                                  "'1294', '729', '447', '1364', '800', '870']",
[92mINFO [0m:      	       'per-client-train_loss': "['6.4455e-01', '5.8537e-01', '6.9794e-01', "
[92mINFO [0m:      	                                "'6.1165e-01', '6.1435e-01', '6.3365e-01', "
[92mINFO [0m:      	                                "'6.3248e-01', '5.8866e-01', '5.7793e-01', "
[92mINFO [0m:      	                                "'6.1574e-01', '5.6951e-01', '5.8663e-01', "
[92mINFO [0m:      	                                "'6.1068e-01', '6.2191e-01', '5.7101e-01', "
[92mINFO [0m:      	                                "'5.9237e-01']",
[92mINFO [0m:      	       'per-client-train_loss_mean': "['7.3216e-01', '7.3271e-01', "
[92mINFO [0m:      	                                     "'7.0461e-01', '7.0803e-01', "
[92mINFO [0m:      	                                     "'7.0589e-01', '7.0343e-01', "
[92mINFO [0m:      	                                     "'6.8308e-01', '6.7943e-01', "
[92mINFO [0m:      	                                     "'6.6617e-01', '6.9786e-01', "
[92mINFO [0m:      	                                     "'6.5092e-01', '6.6983e-01', "
[92mINFO [0m:      	                                     "'7.4284e-01', '7.0846e-01', "
[92mINFO [0m:      	                                     "'6.8257e-01', '6.8193e-01']",
[92mINFO [0m:      	       'train_loss': '6.1436e-01',
[92mINFO [0m:      	       'train_loss_mean': '6.9410e-01'},
[92mINFO [0m:      	  5: { 'client-ids': "['0', '1', '2', '3', '4', '5', '6', '7', '8', '9', '10', "
[92mINFO [0m:      	                     "'11', '12', '13', '14', '15']",
[92mINFO [0m:      	       'per-client-num-examples': "['1152', '376', '1505', '1012', '940', "
[92mINFO [0m:      	                                  "'1223', '1082', '588', '1435', '517', "
[92mINFO [0m:      	                                  "'1294', '729', '447', '1364', '800', '870']",
[92mINFO [0m:      	       'per-client-train_loss': "['5.7490e-01', '5.9011e-01', '6.0333e-01', "
[92mINFO [0m:      	                                "'4.8512e-01', '5.5165e-01', '5.1821e-01', "
[92mINFO [0m:      	                                "'5.4647e-01', '4.9705e-01', '4.8715e-01', "
[92mINFO [0m:      	                                "'5.5304e-01', '5.0992e-01', '5.4321e-01', "
[92mINFO [0m:      	                                "'5.1706e-01', '5.3313e-01', '4.7428e-01', "
[92mINFO [0m:      	                                "'5.8145e-01']",
[92mINFO [0m:      	       'per-client-train_loss_mean': "['6.6484e-01', '6.8886e-01', "
[92mINFO [0m:      	                                     "'6.6743e-01', '6.1734e-01', "
[92mINFO [0m:      	                                     "'6.2196e-01', '6.3785e-01', "
[92mINFO [0m:      	                                     "'6.2666e-01', '6.0824e-01', "
[92mINFO [0m:      	                                     "'5.9497e-01', '6.5262e-01', "
[92mINFO [0m:      	                                     "'5.8636e-01', '6.1271e-01', "
[92mINFO [0m:      	                                     "'6.5369e-01', '6.4997e-01', "
[92mINFO [0m:      	                                     "'6.1275e-01', '6.3740e-01']",
[92mINFO [0m:      	       'train_loss': '5.3498e-01',
[92mINFO [0m:      	       'train_loss_mean': '6.3093e-01'},
[92mINFO [0m:      	  6: { 'client-ids': "['0', '1', '2', '3', '4', '5', '6', '7', '8', '9', '10', "
[92mINFO [0m:      	                     "'11', '12', '13', '14', '15']",
[92mINFO [0m:      	       'per-client-num-examples': "['1152', '376', '1505', '1012', '940', "
[92mINFO [0m:      	                                  "'1223', '1082', '588', '1435', '517', "
[92mINFO [0m:      	                                  "'1294', '729', '447', '1364', '800', '870']",
[92mINFO [0m:      	       'per-client-train_loss': "['4.9684e-01', '4.6887e-01', '6.1201e-01', "
[92mINFO [0m:      	                                "'4.3521e-01', '4.5443e-01', '4.8526e-01', "
[92mINFO [0m:      	                                "'4.2735e-01', '3.7220e-01', '4.2071e-01', "
[92mINFO [0m:      	                                "'4.6073e-01', '4.4172e-01', '4.1291e-01', "
[92mINFO [0m:      	                                "'4.1725e-01', '4.8322e-01', '4.3762e-01', "
[92mINFO [0m:      	                                "'4.4473e-01']",
[92mINFO [0m:      	       'per-client-train_loss_mean': "['6.1435e-01', '5.8971e-01', "
[92mINFO [0m:      	                                     "'5.7636e-01', '5.4057e-01', "
[92mINFO [0m:      	                                     "'5.6289e-01', '5.6633e-01', "
[92mINFO [0m:      	                                     "'5.4903e-01', '5.0950e-01', "
[92mINFO [0m:      	                                     "'5.3650e-01', '5.6530e-01', "
[92mINFO [0m:      	                                     "'5.3079e-01', '5.3849e-01', "
[92mINFO [0m:      	                                     "'5.5836e-01', '5.7382e-01', "
[92mINFO [0m:      	                                     "'5.5512e-01', '5.6384e-01']",
[92mINFO [0m:      	       'train_loss': '4.6362e-01',
[92mINFO [0m:      	       'train_loss_mean': '5.5874e-01'},
[92mINFO [0m:      	  7: { 'client-ids': "['0', '1', '2', '3', '4', '5', '6', '7', '8', '9', '10', "
[92mINFO [0m:      	                     "'11', '12', '13', '14', '15']",
[92mINFO [0m:      	       'per-client-num-examples': "['1152', '376', '1505', '1012', '940', "
[92mINFO [0m:      	                                  "'1223', '1082', '588', '1435', '517', "
[92mINFO [0m:      	                                  "'1294', '729', '447', '1364', '800', '870']",
[92mINFO [0m:      	       'per-client-train_loss': "['4.7251e-01', '3.7387e-01', '3.9806e-01', "
[92mINFO [0m:      	                                "'3.4918e-01', '3.8312e-01', '3.7481e-01', "
[92mINFO [0m:      	                                "'3.5356e-01', '3.1064e-01', '3.9317e-01', "
[92mINFO [0m:      	                                "'3.9576e-01', '3.4061e-01', '3.3359e-01', "
[92mINFO [0m:      	                                "'3.2789e-01', '4.0785e-01', '3.5011e-01', "
[92mINFO [0m:      	                                "'4.1089e-01']",
[92mINFO [0m:      	       'per-client-train_loss_mean': "['5.5507e-01', '5.3568e-01', "
[92mINFO [0m:      	                                     "'5.1510e-01', '4.8005e-01', "
[92mINFO [0m:      	                                     "'5.1268e-01', '5.0480e-01', "
[92mINFO [0m:      	                                     "'4.8332e-01', '4.5650e-01', "
[92mINFO [0m:      	                                     "'4.9252e-01', '5.5049e-01', "
[92mINFO [0m:      	                                     "'4.7471e-01', '4.8096e-01', "
[92mINFO [0m:      	                                     "'5.0034e-01', '5.3603e-01', "
[92mINFO [0m:      	                                     "'4.7633e-01', '5.3952e-01']",
[92mINFO [0m:      	       'train_loss': '3.7918e-01',
[92mINFO [0m:      	       'train_loss_mean': '5.0568e-01'},
[92mINFO [0m:      	  8: { 'client-ids': "['0', '1', '2', '3', '4', '5', '6', '7', '8', '9', '10', "
[92mINFO [0m:      	                     "'11', '12', '13', '14', '15']",
[92mINFO [0m:      	       'per-client-num-examples': "['1152', '376', '1505', '1012', '940', "
[92mINFO [0m:      	                                  "'1223', '1082', '588', '1435', '517', "
[92mINFO [0m:      	                                  "'1294', '729', '447', '1364', '800', '870']",
[92mINFO [0m:      	       'per-client-train_loss': "['3.5743e-01', '3.9054e-01', '4.2757e-01', "
[92mINFO [0m:      	                                "'3.2473e-01', '3.0955e-01', '3.1610e-01', "
[92mINFO [0m:      	                                "'3.1238e-01', '2.9603e-01', '2.9653e-01', "
[92mINFO [0m:      	                                "'3.5122e-01', '3.0217e-01', '2.5601e-01', "
[92mINFO [0m:      	                                "'2.8016e-01', '3.8465e-01', '3.1528e-01', "
[92mINFO [0m:      	                                "'3.4447e-01']",
[92mINFO [0m:      	       'per-client-train_loss_mean': "['4.9631e-01', '5.1283e-01', "
[92mINFO [0m:      	                                     "'4.6509e-01', '4.4191e-01', "
[92mINFO [0m:      	                                     "'4.4320e-01', '4.3673e-01', "
[92mINFO [0m:      	                                     "'4.4112e-01', '4.1272e-01', "
[92mINFO [0m:      	                                     "'4.0501e-01', '4.8517e-01', "
[92mINFO [0m:      	                                     "'4.2651e-01', '4.3465e-01', "
[92mINFO [0m:      	                                     "'4.2940e-01', '4.6936e-01', "
[92mINFO [0m:      	                                     "'4.2985e-01', '4.6529e-01']",
[92mINFO [0m:      	       'train_loss': '3.3304e-01',
[92mINFO [0m:      	       'train_loss_mean': '4.4764e-01'},
[92mINFO [0m:      	  9: { 'client-ids': "['0', '1', '2', '3', '4', '5', '6', '7', '8', '9', '10', "
[92mINFO [0m:      	                     "'11', '12', '13', '14', '15']",
[92mINFO [0m:      	       'per-client-num-examples': "['1152', '376', '1505', '1012', '940', "
[92mINFO [0m:      	                                  "'1223', '1082', '588', '1435', '517', "
[92mINFO [0m:      	                                  "'1294', '729', '447', '1364', '800', '870']",
[92mINFO [0m:      	       'per-client-train_loss': "['2.7747e-01', '2.4770e-01', '2.5046e-01', "
[92mINFO [0m:      	                                "'3.2090e-01', '2.7596e-01', '2.4868e-01', "
[92mINFO [0m:      	                                "'2.4960e-01', '2.4333e-01', '2.3655e-01', "
[92mINFO [0m:      	                                "'2.5063e-01', '2.2527e-01', '2.2739e-01', "
[92mINFO [0m:      	                                "'1.8405e-01', '2.7463e-01', '2.3341e-01', "
[92mINFO [0m:      	                                "'2.7026e-01']",
[92mINFO [0m:      	       'per-client-train_loss_mean': "['4.3631e-01', '4.1761e-01', "
[92mINFO [0m:      	                                     "'3.9927e-01', '4.1448e-01', "
[92mINFO [0m:      	                                     "'4.4120e-01', '3.8554e-01', "
[92mINFO [0m:      	                                     "'3.8303e-01', '4.0195e-01', "
[92mINFO [0m:      	                                     "'3.6016e-01', '4.2687e-01', "
[92mINFO [0m:      	                                     "'3.6109e-01', '3.9041e-01', "
[92mINFO [0m:      	                                     "'3.6124e-01', '4.0760e-01', "
[92mINFO [0m:      	                                     "'3.8316e-01', '4.2776e-01']",
[92mINFO [0m:      	       'train_loss': '2.5409e-01',
[92mINFO [0m:      	       'train_loss_mean': '3.9797e-01'},
[92mINFO [0m:      	  10: { 'client-ids': "['0', '1', '2', '3', '4', '5', '6', '7', '8', '9', "
[92mINFO [0m:      	                      "'10', '11', '12', '13', '14', '15']",
[92mINFO [0m:      	        'per-client-num-examples': "['1152', '376', '1505', '1012', '940', "
[92mINFO [0m:      	                                   "'1223', '1082', '588', '1435', '517', "
[92mINFO [0m:      	                                   "'1294', '729', '447', '1364', '800', "
[92mINFO [0m:      	                                   "'870']",
[92mINFO [0m:      	        'per-client-train_loss': "['2.6612e-01', '2.2405e-01', '2.6634e-01', "
[92mINFO [0m:      	                                 "'2.2363e-01', '2.0206e-01', '1.7620e-01', "
[92mINFO [0m:      	                                 "'2.4067e-01', '1.8358e-01', '2.0279e-01', "
[92mINFO [0m:      	                                 "'1.7151e-01', '1.8304e-01', '1.7704e-01', "
[92mINFO [0m:      	                                 "'1.2520e-01', '1.9996e-01', '2.1431e-01', "
[92mINFO [0m:      	                                 "'2.2021e-01']",
[92mINFO [0m:      	        'per-client-train_loss_mean': "['4.0331e-01', '4.0225e-01', "
[92mINFO [0m:      	                                      "'3.8774e-01', '3.7291e-01', "
[92mINFO [0m:      	                                      "'3.4477e-01', '3.3369e-01', "
[92mINFO [0m:      	                                      "'3.3638e-01', '3.6224e-01', "
[92mINFO [0m:      	                                      "'3.2961e-01', '3.6367e-01', "
[92mINFO [0m:      	                                      "'3.0455e-01', '3.4966e-01', "
[92mINFO [0m:      	                                      "'3.0279e-01', '3.6257e-01', "
[92mINFO [0m:      	                                      "'3.6419e-01', '3.6313e-01']",
[92mINFO [0m:      	        'train_loss': '2.1058e-01',
[92mINFO [0m:      	        'train_loss_mean': '3.5432e-01'},
[92mINFO [0m:      	  11: { 'client-ids': "['0', '1', '2', '3', '4', '5', '6', '7', '8', '9', "
[92mINFO [0m:      	                      "'10', '11', '12', '13', '14', '15']",
[92mINFO [0m:      	        'per-client-num-examples': "['1152', '376', '1505', '1012', '940', "
[92mINFO [0m:      	                                   "'1223', '1082', '588', '1435', '517', "
[92mINFO [0m:      	                                   "'1294', '729', '447', '1364', '800', "
[92mINFO [0m:      	                                   "'870']",
[92mINFO [0m:      	        'per-client-train_loss': "['2.3742e-01', '1.7972e-01', '2.5326e-01', "
[92mINFO [0m:      	                                 "'1.6958e-01', '1.6999e-01', '2.0658e-01', "
[92mINFO [0m:      	                                 "'1.6474e-01', '1.4733e-01', '1.5916e-01', "
[92mINFO [0m:      	                                 "'1.4983e-01', '1.4641e-01', '1.3559e-01', "
[92mINFO [0m:      	                                 "'1.3256e-01', '2.4100e-01', '1.6416e-01', "
[92mINFO [0m:      	                                 "'1.6023e-01']",
[92mINFO [0m:      	        'per-client-train_loss_mean': "['3.6398e-01', '3.5570e-01', "
[92mINFO [0m:      	                                      "'3.3439e-01', '3.1384e-01', "
[92mINFO [0m:      	                                      "'3.2912e-01', '3.2295e-01', "
[92mINFO [0m:      	                                      "'3.2522e-01', '2.7953e-01', "
[92mINFO [0m:      	                                      "'2.9177e-01', '3.4234e-01', "
[92mINFO [0m:      	                                      "'2.9978e-01', '3.0844e-01', "
[92mINFO [0m:      	                                      "'3.0991e-01', '3.3313e-01', "
[92mINFO [0m:      	                                      "'3.2476e-01', '3.4178e-01']",
[92mINFO [0m:      	        'train_loss': '1.8417e-01',
[92mINFO [0m:      	        'train_loss_mean': '3.2301e-01'},
[92mINFO [0m:      	  12: { 'client-ids': "['0', '1', '2', '3', '4', '5', '6', '7', '8', '9', "
[92mINFO [0m:      	                      "'10', '11', '12', '13', '14', '15']",
[92mINFO [0m:      	        'per-client-num-examples': "['1152', '376', '1505', '1012', '940', "
[92mINFO [0m:      	                                   "'1223', '1082', '588', '1435', '517', "
[92mINFO [0m:      	                                   "'1294', '729', '447', '1364', '800', "
[92mINFO [0m:      	                                   "'870']",
[92mINFO [0m:      	        'per-client-train_loss': "['1.5791e-01', '1.6752e-01', '1.4455e-01', "
[92mINFO [0m:      	                                 "'1.2117e-01', '1.1326e-01', '1.5112e-01', "
[92mINFO [0m:      	                                 "'1.5816e-01', '1.5210e-01', '1.3467e-01', "
[92mINFO [0m:      	                                 "'1.7229e-01', '1.6294e-01', '1.1732e-01', "
[92mINFO [0m:      	                                 "'8.6068e-02', '1.4819e-01', '1.4294e-01', "
[92mINFO [0m:      	                                 "'1.4513e-01']",
[92mINFO [0m:      	        'per-client-train_loss_mean': "['3.2753e-01', '3.8828e-01', "
[92mINFO [0m:      	                                      "'2.8239e-01', '2.8753e-01', "
[92mINFO [0m:      	                                      "'2.7931e-01', '2.9625e-01', "
[92mINFO [0m:      	                                      "'2.8658e-01', '2.8179e-01', "
[92mINFO [0m:      	                                      "'2.5113e-01', '3.1587e-01', "
[92mINFO [0m:      	                                      "'2.4709e-01', '2.8330e-01', "
[92mINFO [0m:      	                                      "'2.9236e-01', '2.7854e-01', "
[92mINFO [0m:      	                                      "'2.8700e-01', '3.1091e-01']",
[92mINFO [0m:      	        'train_loss': '1.4326e-01',
[92mINFO [0m:      	        'train_loss_mean': '2.8698e-01'},
[92mINFO [0m:      	  13: { 'client-ids': "['0', '1', '2', '3', '4', '5', '6', '7', '8', '9', "
[92mINFO [0m:      	                      "'10', '11', '12', '13', '14', '15']",
[92mINFO [0m:      	        'per-client-num-examples': "['1152', '376', '1505', '1012', '940', "
[92mINFO [0m:      	                                   "'1223', '1082', '588', '1435', '517', "
[92mINFO [0m:      	                                   "'1294', '729', '447', '1364', '800', "
[92mINFO [0m:      	                                   "'870']",
[92mINFO [0m:      	        'per-client-train_loss': "['1.4427e-01', '1.4905e-01', '1.2973e-01', "
[92mINFO [0m:      	                                 "'1.0742e-01', '9.9932e-02', '1.3423e-01', "
[92mINFO [0m:      	                                 "'1.1671e-01', '9.2145e-02', '1.0604e-01', "
[92mINFO [0m:      	                                 "'8.8182e-02', '1.0646e-01', '8.6740e-02', "
[92mINFO [0m:      	                                 "'7.3252e-02', '1.2102e-01', '1.3930e-01', "
[92mINFO [0m:      	                                 "'1.2146e-01']",
[92mINFO [0m:      	        'per-client-train_loss_mean': "['2.8049e-01', '3.5671e-01', "
[92mINFO [0m:      	                                      "'2.4309e-01', '2.5346e-01', "
[92mINFO [0m:      	                                      "'2.5452e-01', '2.5367e-01', "
[92mINFO [0m:      	                                      "'2.4268e-01', '2.7904e-01', "
[92mINFO [0m:      	                                      "'2.2370e-01', '2.8969e-01', "
[92mINFO [0m:      	                                      "'2.1974e-01', '2.5880e-01', "
[92mINFO [0m:      	                                      "'2.6000e-01', '2.4627e-01', "
[92mINFO [0m:      	                                      "'3.0045e-01', '2.7678e-01']",
[92mINFO [0m:      	        'train_loss': '1.1598e-01',
[92mINFO [0m:      	        'train_loss_mean': '2.5648e-01'},
[92mINFO [0m:      	  14: { 'client-ids': "['0', '1', '2', '3', '4', '5', '6', '7', '8', '9', "
[92mINFO [0m:      	                      "'10', '11', '12', '13', '14', '15']",
[92mINFO [0m:      	        'per-client-num-examples': "['1152', '376', '1505', '1012', '940', "
[92mINFO [0m:      	                                   "'1223', '1082', '588', '1435', '517', "
[92mINFO [0m:      	                                   "'1294', '729', '447', '1364', '800', "
[92mINFO [0m:      	                                   "'870']",
[92mINFO [0m:      	        'per-client-train_loss': "['1.3053e-01', '1.1144e-01', '7.9685e-02', "
[92mINFO [0m:      	                                 "'1.0959e-01', '8.6381e-02', '1.1083e-01', "
[92mINFO [0m:      	                                 "'8.9329e-02', '1.2637e-01', '9.7217e-02', "
[92mINFO [0m:      	                                 "'1.2252e-01', '8.3540e-02', '7.3964e-02', "
[92mINFO [0m:      	                                 "'5.3880e-02', '8.4773e-02', '1.1520e-01', "
[92mINFO [0m:      	                                 "'1.7519e-01']",
[92mINFO [0m:      	        'per-client-train_loss_mean': "['2.6520e-01', '3.1175e-01', "
[92mINFO [0m:      	                                      "'2.0927e-01', '2.4342e-01', "
[92mINFO [0m:      	                                      "'2.3440e-01', '2.3046e-01', "
[92mINFO [0m:      	                                      "'2.0935e-01', '2.6276e-01', "
[92mINFO [0m:      	                                      "'1.8995e-01', '3.3461e-01', "
[92mINFO [0m:      	                                      "'2.2566e-01', '2.5389e-01', "
[92mINFO [0m:      	                                      "'2.2613e-01', '2.1865e-01', "
[92mINFO [0m:      	                                      "'2.4620e-01', '2.8829e-01']",
[92mINFO [0m:      	        'train_loss': '1.0173e-01',
[92mINFO [0m:      	        'train_loss_mean': '2.3718e-01'},
[92mINFO [0m:      	  15: { 'client-ids': "['0', '1', '2', '3', '4', '5', '6', '7', '8', '9', "
[92mINFO [0m:      	                      "'10', '11', '12', '13', '14', '15']",
[92mINFO [0m:      	        'per-client-num-examples': "['1152', '376', '1505', '1012', '940', "
[92mINFO [0m:      	                                   "'1223', '1082', '588', '1435', '517', "
[92mINFO [0m:      	                                   "'1294', '729', '447', '1364', '800', "
[92mINFO [0m:      	                                   "'870']",
[92mINFO [0m:      	        'per-client-train_loss': "['1.2670e-01', '1.0690e-01', '1.7708e-01', "
[92mINFO [0m:      	                                 "'7.4586e-02', '8.2075e-02', '5.2116e-02', "
[92mINFO [0m:      	                                 "'5.5390e-02', '9.8263e-02', '7.4679e-02', "
[92mINFO [0m:      	                                 "'9.2131e-02', '6.2439e-02', '7.3414e-02', "
[92mINFO [0m:      	                                 "'4.8079e-02', '1.0865e-01', '8.3461e-02', "
[92mINFO [0m:      	                                 "'9.3063e-02']",
[92mINFO [0m:      	        'per-client-train_loss_mean': "['2.3991e-01', '3.2101e-01', "
[92mINFO [0m:      	                                      "'2.1434e-01', '2.0761e-01', "
[92mINFO [0m:      	                                      "'2.0013e-01', '2.0119e-01', "
[92mINFO [0m:      	                                      "'2.0172e-01', '2.4293e-01', "
[92mINFO [0m:      	                                      "'1.6880e-01', '2.5383e-01', "
[92mINFO [0m:      	                                      "'1.7582e-01', '2.3316e-01', "
[92mINFO [0m:      	                                      "'2.0643e-01', '1.9618e-01', "
[92mINFO [0m:      	                                      "'2.4153e-01', '2.4145e-01']",
[92mINFO [0m:      	        'train_loss': '9.0862e-02',
[92mINFO [0m:      	        'train_loss_mean': '2.1254e-01'},
[92mINFO [0m:      	  16: { 'client-ids': "['0', '1', '2', '3', '4', '5', '6', '7', '8', '9', "
[92mINFO [0m:      	                      "'10', '11', '12', '13', '14', '15']",
[92mINFO [0m:      	        'per-client-num-examples': "['1152', '376', '1505', '1012', '940', "
[92mINFO [0m:      	                                   "'1223', '1082', '588', '1435', '517', "
[92mINFO [0m:      	                                   "'1294', '729', '447', '1364', '800', "
[92mINFO [0m:      	                                   "'870']",
[92mINFO [0m:      	        'per-client-train_loss': "['9.2025e-02', '7.6868e-02', '8.5230e-02', "
[92mINFO [0m:      	                                 "'9.0126e-02', '7.2534e-02', '9.0414e-02', "
[92mINFO [0m:      	                                 "'7.4644e-02', '6.2512e-02', '9.4620e-02', "
[92mINFO [0m:      	                                 "'9.5086e-02', '6.1906e-02', '3.6691e-02', "
[92mINFO [0m:      	                                 "'3.2123e-02', '9.9694e-02', '1.0470e-01', "
[92mINFO [0m:      	                                 "'6.0816e-02']",
[92mINFO [0m:      	        'per-client-train_loss_mean': "['2.0179e-01', '3.2757e-01', "
[92mINFO [0m:      	                                      "'1.6546e-01', '1.9860e-01', "
[92mINFO [0m:      	                                      "'2.1265e-01', '1.9877e-01', "
[92mINFO [0m:      	                                      "'1.8216e-01', '2.3757e-01', "
[92mINFO [0m:      	                                      "'1.6005e-01', '2.5705e-01', "
[92mINFO [0m:      	                                      "'1.5532e-01', '2.0384e-01', "
[92mINFO [0m:      	                                      "'1.9225e-01', '1.8886e-01', "
[92mINFO [0m:      	                                      "'2.3698e-01', '2.1038e-01']",
[92mINFO [0m:      	        'train_loss': '8.0180e-02',
[92mINFO [0m:      	        'train_loss_mean': '1.9654e-01'},
[92mINFO [0m:      	  17: { 'client-ids': "['0', '1', '2', '3', '4', '5', '6', '7', '8', '9', "
[92mINFO [0m:      	                      "'10', '11', '12', '13', '14', '15']",
[92mINFO [0m:      	        'per-client-num-examples': "['1152', '376', '1505', '1012', '940', "
[92mINFO [0m:      	                                   "'1223', '1082', '588', '1435', '517', "
[92mINFO [0m:      	                                   "'1294', '729', '447', '1364', '800', "
[92mINFO [0m:      	                                   "'870']",
[92mINFO [0m:      	        'per-client-train_loss': "['8.1673e-02', '8.3269e-02', '8.3870e-02', "
[92mINFO [0m:      	                                 "'5.8068e-02', '6.5962e-02', '5.8477e-02', "
[92mINFO [0m:      	                                 "'8.3810e-02', '6.4148e-02', '2.8170e-02', "
[92mINFO [0m:      	                                 "'5.5668e-02', '4.6278e-02', '5.3063e-02', "
[92mINFO [0m:      	                                 "'3.7881e-02', '1.3023e-01', '5.3444e-02', "
[92mINFO [0m:      	                                 "'5.0893e-02']",
[92mINFO [0m:      	        'per-client-train_loss_mean': "['1.8980e-01', '2.9830e-01', "
[92mINFO [0m:      	                                      "'1.6248e-01', '1.8291e-01', "
[92mINFO [0m:      	                                      "'1.8095e-01', '1.7471e-01', "
[92mINFO [0m:      	                                      "'1.8111e-01', '2.3768e-01', "
[92mINFO [0m:      	                                      "'1.4303e-01', '2.3111e-01', "
[92mINFO [0m:      	                                      "'1.5153e-01', '2.1402e-01', "
[92mINFO [0m:      	                                      "'2.1004e-01', '1.7867e-01', "
[92mINFO [0m:      	                                      "'1.9295e-01', '2.0707e-01']",
[92mINFO [0m:      	        'train_loss': '6.6628e-02',
[92mINFO [0m:      	        'train_loss_mean': '1.8448e-01'},
[92mINFO [0m:      	  18: { 'client-ids': "['0', '1', '2', '3', '4', '5', '6', '7', '8', '9', "
[92mINFO [0m:      	                      "'10', '11', '12', '13', '14', '15']",
[92mINFO [0m:      	        'per-client-num-examples': "['1152', '376', '1505', '1012', '940', "
[92mINFO [0m:      	                                   "'1223', '1082', '588', '1435', '517', "
[92mINFO [0m:      	                                   "'1294', '729', '447', '1364', '800', "
[92mINFO [0m:      	                                   "'870']",
[92mINFO [0m:      	        'per-client-train_loss': "['6.5218e-02', '5.2386e-02', '1.3857e-01', "
[92mINFO [0m:      	                                 "'4.2424e-02', '4.4473e-02', '1.5689e-01', "
[92mINFO [0m:      	                                 "'4.7230e-02', '3.3814e-02', '2.9107e-02', "
[92mINFO [0m:      	                                 "'5.3677e-02', '6.0371e-02', '3.2739e-02', "
[92mINFO [0m:      	                                 "'3.2749e-02', '5.2930e-02', '7.1468e-02', "
[92mINFO [0m:      	                                 "'4.9135e-02']",
[92mINFO [0m:      	        'per-client-train_loss_mean': "['1.7857e-01', '2.8638e-01', "
[92mINFO [0m:      	                                      "'1.5251e-01', '1.6100e-01', "
[92mINFO [0m:      	                                      "'1.7646e-01', '1.7692e-01', "
[92mINFO [0m:      	                                      "'1.4615e-01', '1.9990e-01', "
[92mINFO [0m:      	                                      "'1.2805e-01', '2.3200e-01', "
[92mINFO [0m:      	                                      "'1.4539e-01', '1.7686e-01', "
[92mINFO [0m:      	                                      "'2.1777e-01', '1.4591e-01', "
[92mINFO [0m:      	                                      "'1.9761e-01', '1.9143e-01']",
[92mINFO [0m:      	        'train_loss': '6.5817e-02',
[92mINFO [0m:      	        'train_loss_mean': '1.6992e-01'},
[92mINFO [0m:      	  19: { 'client-ids': "['0', '1', '2', '3', '4', '5', '6', '7', '8', '9', "
[92mINFO [0m:      	                      "'10', '11', '12', '13', '14', '15']",
[92mINFO [0m:      	        'per-client-num-examples': "['1152', '376', '1505', '1012', '940', "
[92mINFO [0m:      	                                   "'1223', '1082', '588', '1435', '517', "
[92mINFO [0m:      	                                   "'1294', '729', '447', '1364', '800', "
[92mINFO [0m:      	                                   "'870']",
[92mINFO [0m:      	        'per-client-train_loss': "['5.4060e-02', '3.8229e-02', '8.9111e-02', "
[92mINFO [0m:      	                                 "'4.7379e-02', '5.9441e-02', '3.2924e-02', "
[92mINFO [0m:      	                                 "'5.6252e-02', '4.9113e-02', '4.1796e-02', "
[92mINFO [0m:      	                                 "'5.1024e-02', '5.6055e-02', '3.3271e-02', "
[92mINFO [0m:      	                                 "'2.7929e-02', '5.2708e-02', '5.8264e-02', "
[92mINFO [0m:      	                                 "'5.7080e-02']",
[92mINFO [0m:      	        'per-client-train_loss_mean': "['1.5938e-01', '2.4247e-01', "
[92mINFO [0m:      	                                      "'1.2954e-01', '1.6380e-01', "
[92mINFO [0m:      	                                      "'1.6928e-01', '1.3522e-01', "
[92mINFO [0m:      	                                      "'1.5597e-01', '2.1682e-01', "
[92mINFO [0m:      	                                      "'1.3148e-01', '2.1328e-01', "
[92mINFO [0m:      	                                      "'1.1499e-01', '1.7991e-01', "
[92mINFO [0m:      	                                      "'1.7256e-01', '1.3285e-01', "
[92mINFO [0m:      	                                      "'1.9126e-01', '1.7560e-01']",
[92mINFO [0m:      	        'train_loss': '5.2719e-02',
[92mINFO [0m:      	        'train_loss_mean': '1.5647e-01'},
[92mINFO [0m:      	  20: { 'client-ids': "['0', '1', '2', '3', '4', '5', '6', '7', '8', '9', "
[92mINFO [0m:      	                      "'10', '11', '12', '13', '14', '15']",
[92mINFO [0m:      	        'per-client-num-examples': "['1152', '376', '1505', '1012', '940', "
[92mINFO [0m:      	                                   "'1223', '1082', '588', '1435', '517', "
[92mINFO [0m:      	                                   "'1294', '729', '447', '1364', '800', "
[92mINFO [0m:      	                                   "'870']",
[92mINFO [0m:      	        'per-client-train_loss': "['7.7187e-02', '3.3216e-02', '7.9859e-02', "
[92mINFO [0m:      	                                 "'2.7821e-02', '5.5279e-02', '2.2438e-02', "
[92mINFO [0m:      	                                 "'3.0009e-02', '2.1649e-02', '4.5172e-02', "
[92mINFO [0m:      	                                 "'5.8659e-02', '5.6505e-02', '2.0542e-02', "
[92mINFO [0m:      	                                 "'1.3615e-02', '8.2058e-02', '4.3609e-02', "
[92mINFO [0m:      	                                 "'5.0284e-02']",
[92mINFO [0m:      	        'per-client-train_loss_mean': "['1.6023e-01', '2.3951e-01', "
[92mINFO [0m:      	                                      "'1.2035e-01', '1.3853e-01', "
[92mINFO [0m:      	                                      "'1.5545e-01', '1.1835e-01', "
[92mINFO [0m:      	                                      "'1.3223e-01', '1.9879e-01', "
[92mINFO [0m:      	                                      "'1.0480e-01', '2.5023e-01', "
[92mINFO [0m:      	                                      "'1.1359e-01', '1.6158e-01', "
[92mINFO [0m:      	                                      "'1.5590e-01', '1.3982e-01', "
[92mINFO [0m:      	                                      "'1.8005e-01', '1.6595e-01']",
[92mINFO [0m:      	        'train_loss': '4.9188e-02',
[92mINFO [0m:      	        'train_loss_mean': '1.4609e-01'}}
[92mINFO [0m:      	
[92mINFO [0m:      	Aggregated ClientApp-side Evaluate Metrics:
[92mINFO [0m:      	{ 1: { 'client-ids': "['0', '1', '2', '3', '4', '5', '6', '7', '8', '9', '10', "
[92mINFO [0m:      	                     "'11', '12', '13', '14', '15']",
[92mINFO [0m:      	       'eval_acc': '3.1910e-01',
[92mINFO [0m:      	       'eval_loss': '1.3584e+00',
[92mINFO [0m:      	       'per-client-eval_acc': "['3.2180e-01', '3.1579e-01', '3.2626e-01', "
[92mINFO [0m:      	                              "'3.3202e-01', '3.0508e-01', '3.1699e-01', "
[92mINFO [0m:      	                              "'2.9889e-01', '3.4694e-01', '3.1198e-01', "
[92mINFO [0m:      	                              "'2.8462e-01', '3.2407e-01', '3.1694e-01', "
[92mINFO [0m:      	                              "'3.2143e-01', '3.2164e-01', '3.3000e-01', "
[92mINFO [0m:      	                              "'3.2569e-01']",
[92mINFO [0m:      	       'per-client-eval_loss': "['1.3582e+00', '1.3536e+00', '1.3579e+00', "
[92mINFO [0m:      	                               "'1.3546e+00', '1.3618e+00', '1.3591e+00', "
[92mINFO [0m:      	                               "'1.3657e+00', '1.3528e+00', '1.3600e+00', "
[92mINFO [0m:      	                               "'1.3601e+00', '1.3569e+00', '1.3607e+00', "
[92mINFO [0m:      	                               "'1.3622e+00', '1.3569e+00', '1.3593e+00', "
[92mINFO [0m:      	                               "'1.3526e+00']",
[92mINFO [0m:      	       'per-client-num-examples': "['289', '95', '377', '253', '236', '306', "
[92mINFO [0m:      	                                  "'271', '147', '359', '130', '324', '183', "
[92mINFO [0m:      	                                  "'112', '342', '200', '218']"},
[92mINFO [0m:      	  2: { 'client-ids': "['0', '1', '2', '3', '4', '5', '6', '7', '8', '9', '10', "
[92mINFO [0m:      	                     "'11', '12', '13', '14', '15']",
[92mINFO [0m:      	       'eval_acc': '6.5773e-01',
[92mINFO [0m:      	       'eval_loss': '8.2544e-01',
[92mINFO [0m:      	       'per-client-eval_acc': "['6.5398e-01', '6.5263e-01', '6.1008e-01', "
[92mINFO [0m:      	                              "'6.6798e-01', '6.7797e-01', '6.7974e-01', "
[92mINFO [0m:      	                              "'5.8303e-01', '6.8027e-01', '6.7688e-01', "
[92mINFO [0m:      	                              "'6.6154e-01', '6.9136e-01', '6.4481e-01', "
[92mINFO [0m:      	                              "'6.3393e-01', '6.6082e-01', '6.3000e-01', "
[92mINFO [0m:      	                              "'7.2018e-01']",
[92mINFO [0m:      	       'per-client-eval_loss': "['8.1308e-01', '7.9587e-01', '8.3855e-01', "
[92mINFO [0m:      	                               "'8.0531e-01', '8.0503e-01', '7.9823e-01', "
[92mINFO [0m:      	                               "'9.6758e-01', '7.6393e-01', '8.1510e-01', "
[92mINFO [0m:      	                               "'8.1284e-01', '8.2095e-01', '8.2785e-01', "
[92mINFO [0m:      	                               "'8.5968e-01', '8.0583e-01', '8.8184e-01', "
[92mINFO [0m:      	                               "'7.7116e-01']",
[92mINFO [0m:      	       'per-client-num-examples': "['289', '95', '377', '253', '236', '306', "
[92mINFO [0m:      	                                  "'271', '147', '359', '130', '324', '183', "
[92mINFO [0m:      	                                  "'112', '342', '200', '218']"},
[92mINFO [0m:      	  3: { 'client-ids': "['0', '1', '2', '3', '4', '5', '6', '7', '8', '9', '10', "
[92mINFO [0m:      	                     "'11', '12', '13', '14', '15']",
[92mINFO [0m:      	       'eval_acc': '7.0068e-01',
[92mINFO [0m:      	       'eval_loss': '7.1061e-01',
[92mINFO [0m:      	       'per-client-eval_acc': "['6.8166e-01', '7.1579e-01', '6.7109e-01', "
[92mINFO [0m:      	                              "'6.9170e-01', '7.1610e-01', '7.0261e-01', "
[92mINFO [0m:      	                              "'6.1993e-01', '7.0748e-01', '7.2145e-01', "
[92mINFO [0m:      	                              "'7.0769e-01', '7.3765e-01', '7.2678e-01', "
[92mINFO [0m:      	                              "'7.2321e-01', '7.1345e-01', '6.6000e-01', "
[92mINFO [0m:      	                              "'7.4771e-01']",
[92mINFO [0m:      	       'per-client-eval_loss': "['6.9863e-01', '7.1481e-01', '7.3881e-01', "
[92mINFO [0m:      	                               "'7.2041e-01', '6.5577e-01', '6.7148e-01', "
[92mINFO [0m:      	                               "'8.8713e-01', '6.3734e-01', '6.7385e-01', "
[92mINFO [0m:      	                               "'7.2632e-01', '7.1823e-01', '7.1207e-01', "
[92mINFO [0m:      	                               "'7.0678e-01', '6.7136e-01', '7.8106e-01', "
[92mINFO [0m:      	                               "'6.4638e-01']",
[92mINFO [0m:      	       'per-client-num-examples': "['289', '95', '377', '253', '236', '306', "
[92mINFO [0m:      	                                  "'271', '147', '359', '130', '324', '183', "
[92mINFO [0m:      	                                  "'112', '342', '200', '218']"},
[92mINFO [0m:      	  4: { 'client-ids': "['0', '1', '2', '3', '4', '5', '6', '7', '8', '9', '10', "
[92mINFO [0m:      	                     "'11', '12', '13', '14', '15']",
[92mINFO [0m:      	       'eval_acc': '7.3816e-01',
[92mINFO [0m:      	       'eval_loss': '6.5033e-01',
[92mINFO [0m:      	       'per-client-eval_acc': "['7.2664e-01', '7.1579e-01', '7.4536e-01', "
[92mINFO [0m:      	                              "'7.5099e-01', '7.6695e-01', '7.5817e-01', "
[92mINFO [0m:      	                              "'6.4945e-01', '7.4150e-01', '7.6045e-01', "
[92mINFO [0m:      	                              "'7.3846e-01', '7.5309e-01', '7.4317e-01', "
[92mINFO [0m:      	                              "'7.5893e-01', '7.4269e-01', '6.8000e-01', "
[92mINFO [0m:      	                              "'7.5688e-01']",
[92mINFO [0m:      	       'per-client-eval_loss': "['6.3582e-01', '6.4882e-01', '6.7495e-01', "
[92mINFO [0m:      	                               "'6.5982e-01', '5.8058e-01', '6.2231e-01', "
[92mINFO [0m:      	                               "'8.2032e-01', '5.8766e-01', '6.1185e-01', "
[92mINFO [0m:      	                               "'6.8443e-01', '6.5567e-01', '6.4682e-01', "
[92mINFO [0m:      	                               "'6.3879e-01', '6.0437e-01', '7.2375e-01', "
[92mINFO [0m:      	                               "'6.1114e-01']",
[92mINFO [0m:      	       'per-client-num-examples': "['289', '95', '377', '253', '236', '306', "
[92mINFO [0m:      	                                  "'271', '147', '359', '130', '324', '183', "
[92mINFO [0m:      	                                  "'112', '342', '200', '218']"},
[92mINFO [0m:      	  5: { 'client-ids': "['0', '1', '2', '3', '4', '5', '6', '7', '8', '9', '10', "
[92mINFO [0m:      	                     "'11', '12', '13', '14', '15']",
[92mINFO [0m:      	       'eval_acc': '7.5325e-01',
[92mINFO [0m:      	       'eval_loss': '6.1762e-01',
[92mINFO [0m:      	       'per-client-eval_acc': "['7.6125e-01', '7.3684e-01', '7.4271e-01', "
[92mINFO [0m:      	                              "'7.3518e-01', '7.7542e-01', '7.8758e-01', "
[92mINFO [0m:      	                              "'6.9004e-01', '7.5510e-01', '7.6323e-01', "
[92mINFO [0m:      	                              "'7.7692e-01', '7.8086e-01', '7.4863e-01', "
[92mINFO [0m:      	                              "'7.5893e-01', '7.4269e-01', '7.2000e-01', "
[92mINFO [0m:      	                              "'7.7064e-01']",
[92mINFO [0m:      	       'per-client-eval_loss': "['5.9301e-01', '6.2132e-01', '6.5727e-01', "
[92mINFO [0m:      	                               "'6.4749e-01', '5.3952e-01', '5.8094e-01', "
[92mINFO [0m:      	                               "'7.7575e-01', '5.6359e-01', '5.8108e-01', "
[92mINFO [0m:      	                               "'6.2587e-01', '6.2841e-01', '6.0623e-01', "
[92mINFO [0m:      	                               "'6.0603e-01', '5.8275e-01', '6.7993e-01', "
[92mINFO [0m:      	                               "'5.7365e-01']",
[92mINFO [0m:      	       'per-client-num-examples': "['289', '95', '377', '253', '236', '306', "
[92mINFO [0m:      	                                  "'271', '147', '359', '130', '324', '183', "
[92mINFO [0m:      	                                  "'112', '342', '200', '218']"},
[92mINFO [0m:      	  6: { 'client-ids': "['0', '1', '2', '3', '4', '5', '6', '7', '8', '9', '10', "
[92mINFO [0m:      	                     "'11', '12', '13', '14', '15']",
[92mINFO [0m:      	       'eval_acc': '7.6835e-01',
[92mINFO [0m:      	       'eval_loss': '5.9502e-01',
[92mINFO [0m:      	       'per-client-eval_acc': "['7.6125e-01', '7.6842e-01', '7.5066e-01', "
[92mINFO [0m:      	                              "'7.5889e-01', '7.9237e-01', '7.9085e-01', "
[92mINFO [0m:      	                              "'7.1218e-01', '7.7551e-01', '7.9109e-01', "
[92mINFO [0m:      	                              "'7.8462e-01', '7.6852e-01', '7.8142e-01', "
[92mINFO [0m:      	                              "'8.2143e-01', '7.6608e-01', '7.4000e-01', "
[92mINFO [0m:      	                              "'7.7064e-01']",
[92mINFO [0m:      	       'per-client-eval_loss': "['5.8727e-01', '6.0965e-01', '6.4364e-01', "
[92mINFO [0m:      	                               "'6.3106e-01', '5.0299e-01', '5.5341e-01', "
[92mINFO [0m:      	                               "'7.5228e-01', '5.2872e-01', '5.5799e-01', "
[92mINFO [0m:      	                               "'6.0421e-01', '6.2283e-01', '5.8389e-01', "
[92mINFO [0m:      	                               "'5.6052e-01', '5.4781e-01', '6.5023e-01', "
[92mINFO [0m:      	                               "'5.4493e-01']",
[92mINFO [0m:      	       'per-client-num-examples': "['289', '95', '377', '253', '236', '306', "
[92mINFO [0m:      	                                  "'271', '147', '359', '130', '324', '183', "
[92mINFO [0m:      	                                  "'112', '342', '200', '218']"},
[92mINFO [0m:      	  7: { 'client-ids': "['0', '1', '2', '3', '4', '5', '6', '7', '8', '9', '10', "
[92mINFO [0m:      	                     "'11', '12', '13', '14', '15']",
[92mINFO [0m:      	       'eval_acc': '7.7356e-01',
[92mINFO [0m:      	       'eval_loss': '5.8735e-01',
[92mINFO [0m:      	       'per-client-eval_acc': "['7.8201e-01', '7.6842e-01', '7.5332e-01', "
[92mINFO [0m:      	                              "'7.6680e-01', '7.8390e-01', '8.0392e-01', "
[92mINFO [0m:      	                              "'7.2694e-01', '7.8912e-01', '7.9666e-01', "
[92mINFO [0m:      	                              "'7.7692e-01', '7.7469e-01', '7.9781e-01', "
[92mINFO [0m:      	                              "'8.2143e-01', '7.5146e-01', '7.4000e-01', "
[92mINFO [0m:      	                              "'7.7982e-01']",
[92mINFO [0m:      	       'per-client-eval_loss': "['5.6827e-01', '6.1084e-01', '6.4019e-01', "
[92mINFO [0m:      	                               "'6.4501e-01', '4.9105e-01', '5.4178e-01', "
[92mINFO [0m:      	                               "'7.3178e-01', '5.4442e-01', '5.3709e-01', "
[92mINFO [0m:      	                               "'5.5267e-01', '6.1669e-01', '5.8009e-01', "
[92mINFO [0m:      	                               "'5.8561e-01', '5.4721e-01', '6.5081e-01', "
[92mINFO [0m:      	                               "'5.3328e-01']",
[92mINFO [0m:      	       'per-client-num-examples': "['289', '95', '377', '253', '236', '306', "
[92mINFO [0m:      	                                  "'271', '147', '359', '130', '324', '183', "
[92mINFO [0m:      	                                  "'112', '342', '200', '218']"},
[92mINFO [0m:      	  8: { 'client-ids': "['0', '1', '2', '3', '4', '5', '6', '7', '8', '9', '10', "
[92mINFO [0m:      	                     "'11', '12', '13', '14', '15']",
[92mINFO [0m:      	       'eval_acc': '7.8657e-01',
[92mINFO [0m:      	       'eval_loss': '5.6627e-01',
[92mINFO [0m:      	       'per-client-eval_acc': "['7.8201e-01', '7.8947e-01', '7.4536e-01', "
[92mINFO [0m:      	                              "'7.8656e-01', '8.0932e-01', '8.0719e-01', "
[92mINFO [0m:      	                              "'7.3063e-01', '8.0272e-01', '8.0780e-01', "
[92mINFO [0m:      	                              "'8.0769e-01', '7.9321e-01', '8.0874e-01', "
[92mINFO [0m:      	                              "'8.0357e-01', '8.0117e-01', '7.5500e-01', "
[92mINFO [0m:      	                              "'7.8899e-01']",
[92mINFO [0m:      	       'per-client-eval_loss': "['5.3627e-01', '5.9708e-01', '6.3612e-01', "
[92mINFO [0m:      	                               "'6.2592e-01', '4.6556e-01', '5.3075e-01', "
[92mINFO [0m:      	                               "'7.1326e-01', '5.0906e-01', '5.0337e-01', "
[92mINFO [0m:      	                               "'5.3779e-01', '6.0381e-01', '5.5120e-01', "
[92mINFO [0m:      	                               "'5.5892e-01', '5.3088e-01', '6.3083e-01', "
[92mINFO [0m:      	                               "'4.9474e-01']",
[92mINFO [0m:      	       'per-client-num-examples': "['289', '95', '377', '253', '236', '306', "
[92mINFO [0m:      	                                  "'271', '147', '359', '130', '324', '183', "
[92mINFO [0m:      	                                  "'112', '342', '200', '218']"},
[92mINFO [0m:      	  9: { 'client-ids': "['0', '1', '2', '3', '4', '5', '6', '7', '8', '9', '10', "
[92mINFO [0m:      	                     "'11', '12', '13', '14', '15']",
[92mINFO [0m:      	       'eval_acc': '7.9204e-01',
[92mINFO [0m:      	       'eval_loss': '5.6942e-01',
[92mINFO [0m:      	       'per-client-eval_acc': "['7.8201e-01', '7.8947e-01', '7.5597e-01', "
[92mINFO [0m:      	                              "'7.8261e-01', '8.0932e-01', '8.2353e-01', "
[92mINFO [0m:      	                              "'7.3801e-01', '8.1633e-01', '8.1894e-01', "
[92mINFO [0m:      	                              "'8.0769e-01', '7.9012e-01', '7.9235e-01', "
[92mINFO [0m:      	                              "'8.2143e-01', '8.0117e-01', '7.8000e-01', "
[92mINFO [0m:      	                              "'7.9817e-01']",
[92mINFO [0m:      	       'per-client-eval_loss': "['5.2762e-01', '6.2351e-01', '6.3552e-01', "
[92mINFO [0m:      	                               "'6.3944e-01', '4.7112e-01', '5.2872e-01', "
[92mINFO [0m:      	                               "'7.2089e-01', '5.2353e-01', '5.0488e-01', "
[92mINFO [0m:      	                               "'5.3668e-01', '6.0725e-01', '5.5001e-01', "
[92mINFO [0m:      	                               "'5.7312e-01', '5.4833e-01', '6.2602e-01', "
[92mINFO [0m:      	                               "'4.7704e-01']",
[92mINFO [0m:      	       'per-client-num-examples': "['289', '95', '377', '253', '236', '306', "
[92mINFO [0m:      	                                  "'271', '147', '359', '130', '324', '183', "
[92mINFO [0m:      	                                  "'112', '342', '200', '218']"},
[92mINFO [0m:      	  10: { 'client-ids': "['0', '1', '2', '3', '4', '5', '6', '7', '8', '9', "
[92mINFO [0m:      	                      "'10', '11', '12', '13', '14', '15']",
[92mINFO [0m:      	        'eval_acc': '7.9880e-01',
[92mINFO [0m:      	        'eval_loss': '5.7408e-01',
[92mINFO [0m:      	        'per-client-eval_acc': "['7.9585e-01', '7.5789e-01', '7.7984e-01', "
[92mINFO [0m:      	                               "'8.0632e-01', '8.0932e-01', '8.3007e-01', "
[92mINFO [0m:      	                               "'7.6015e-01', '8.0952e-01', '8.2451e-01', "
[92mINFO [0m:      	                               "'8.1538e-01', '7.9321e-01', '7.9781e-01', "
[92mINFO [0m:      	                               "'8.2143e-01', '7.9532e-01', '7.7000e-01', "
[92mINFO [0m:      	                               "'8.0734e-01']",
[92mINFO [0m:      	        'per-client-eval_loss': "['5.3172e-01', '6.4046e-01', '6.5962e-01', "
[92mINFO [0m:      	                                "'6.6345e-01', '4.6601e-01', '5.3614e-01', "
[92mINFO [0m:      	                                "'7.1077e-01', '5.1342e-01', '4.9334e-01', "
[92mINFO [0m:      	                                "'5.5967e-01', '6.2459e-01', '5.3221e-01', "
[92mINFO [0m:      	                                "'6.1214e-01', '5.5660e-01', '6.0986e-01', "
[92mINFO [0m:      	                                "'4.6751e-01']",
[92mINFO [0m:      	        'per-client-num-examples': "['289', '95', '377', '253', '236', '306', "
[92mINFO [0m:      	                                   "'271', '147', '359', '130', '324', '183', "
[92mINFO [0m:      	                                   "'112', '342', '200', '218']"},
[92mINFO [0m:      	  11: { 'client-ids': "['0', '1', '2', '3', '4', '5', '6', '7', '8', '9', "
[92mINFO [0m:      	                      "'10', '11', '12', '13', '14', '15']",
[92mINFO [0m:      	        'eval_acc': '8.0193e-01',
[92mINFO [0m:      	        'eval_loss': '5.7706e-01',
[92mINFO [0m:      	        'per-client-eval_acc': "['8.0623e-01', '7.6842e-01', '7.8249e-01', "
[92mINFO [0m:      	                               "'8.1028e-01', '7.9237e-01', '8.3987e-01', "
[92mINFO [0m:      	                               "'7.4908e-01', '8.2993e-01', '8.1616e-01', "
[92mINFO [0m:      	                               "'8.1538e-01', '8.0247e-01', '8.0874e-01', "
[92mINFO [0m:      	                               "'8.3036e-01', '7.8947e-01', '7.9000e-01', "
[92mINFO [0m:      	                               "'8.1651e-01']",
[92mINFO [0m:      	        'per-client-eval_loss': "['5.3811e-01', '6.0736e-01', '6.5335e-01', "
[92mINFO [0m:      	                                "'6.4356e-01', '4.9145e-01', '5.2729e-01', "
[92mINFO [0m:      	                                "'7.4377e-01', '5.3518e-01', '4.9585e-01', "
[92mINFO [0m:      	                                "'5.6085e-01', '6.2470e-01', '5.4357e-01', "
[92mINFO [0m:      	                                "'5.5886e-01', '5.7030e-01', '6.0795e-01', "
[92mINFO [0m:      	                                "'4.8218e-01']",
[92mINFO [0m:      	        'per-client-num-examples': "['289', '95', '377', '253', '236', '306', "
[92mINFO [0m:      	                                   "'271', '147', '359', '130', '324', '183', "
[92mINFO [0m:      	                                   "'112', '342', '200', '218']"},
[92mINFO [0m:      	  12: { 'client-ids': "['0', '1', '2', '3', '4', '5', '6', '7', '8', '9', "
[92mINFO [0m:      	                      "'10', '11', '12', '13', '14', '15']",
[92mINFO [0m:      	        'eval_acc': '7.9932e-01',
[92mINFO [0m:      	        'eval_loss': '6.0050e-01',
[92mINFO [0m:      	        'per-client-eval_acc': "['7.9585e-01', '7.2632e-01', '7.7719e-01', "
[92mINFO [0m:      	                               "'8.1818e-01', '7.9661e-01', '8.2680e-01', "
[92mINFO [0m:      	                               "'7.6015e-01', '8.2313e-01', '8.2173e-01', "
[92mINFO [0m:      	                               "'8.1538e-01', '7.9012e-01', '8.1421e-01', "
[92mINFO [0m:      	                               "'8.2143e-01', '7.9532e-01', '7.8000e-01', "
[92mINFO [0m:      	                               "'8.1651e-01']",
[92mINFO [0m:      	        'per-client-eval_loss': "['5.4839e-01', '6.7345e-01', '7.1799e-01', "
[92mINFO [0m:      	                                "'6.7596e-01', '5.2091e-01', '5.5279e-01', "
[92mINFO [0m:      	                                "'7.6263e-01', '5.4222e-01', '5.0435e-01', "
[92mINFO [0m:      	                                "'5.6946e-01', '6.6356e-01', '5.7448e-01', "
[92mINFO [0m:      	                                "'5.9923e-01', '5.8138e-01', '6.0009e-01', "
[92mINFO [0m:      	                                "'4.7389e-01']",
[92mINFO [0m:      	        'per-client-num-examples': "['289', '95', '377', '253', '236', '306', "
[92mINFO [0m:      	                                   "'271', '147', '359', '130', '324', '183', "
[92mINFO [0m:      	                                   "'112', '342', '200', '218']"},
[92mINFO [0m:      	  13: { 'client-ids': "['0', '1', '2', '3', '4', '5', '6', '7', '8', '9', "
[92mINFO [0m:      	                      "'10', '11', '12', '13', '14', '15']",
[92mINFO [0m:      	        'eval_acc': '8.0245e-01',
[92mINFO [0m:      	        'eval_loss': '6.2299e-01',
[92mINFO [0m:      	        'per-client-eval_acc': "['7.9585e-01', '7.8947e-01', '7.9576e-01', "
[92mINFO [0m:      	                               "'8.0632e-01', '7.8390e-01', '8.2680e-01', "
[92mINFO [0m:      	                               "'7.7122e-01', '8.2993e-01', '8.2173e-01', "
[92mINFO [0m:      	                               "'8.0000e-01', '8.0864e-01', '8.1421e-01', "
[92mINFO [0m:      	                               "'8.2143e-01', '7.7778e-01', '8.0000e-01', "
[92mINFO [0m:      	                               "'8.1193e-01']",
[92mINFO [0m:      	        'per-client-eval_loss': "['5.5125e-01', '7.0836e-01', '7.0823e-01', "
[92mINFO [0m:      	                                "'6.9936e-01', '5.6635e-01', '5.7424e-01', "
[92mINFO [0m:      	                                "'7.8299e-01', '5.8044e-01', '5.2527e-01', "
[92mINFO [0m:      	                                "'6.0001e-01', '6.9993e-01', '5.8812e-01', "
[92mINFO [0m:      	                                "'6.6328e-01', '6.1988e-01', '6.1021e-01', "
[92mINFO [0m:      	                                "'4.8991e-01']",
[92mINFO [0m:      	        'per-client-num-examples': "['289', '95', '377', '253', '236', '306', "
[92mINFO [0m:      	                                   "'271', '147', '359', '130', '324', '183', "
[92mINFO [0m:      	                                   "'112', '342', '200', '218']"},
[92mINFO [0m:      	  14: { 'client-ids': "['0', '1', '2', '3', '4', '5', '6', '7', '8', '9', "
[92mINFO [0m:      	                      "'10', '11', '12', '13', '14', '15']",
[92mINFO [0m:      	        'eval_acc': '8.0427e-01',
[92mINFO [0m:      	        'eval_loss': '6.2985e-01',
[92mINFO [0m:      	        'per-client-eval_acc': "['8.0277e-01', '7.6842e-01', '7.7984e-01', "
[92mINFO [0m:      	                               "'8.1818e-01', '8.0085e-01', '8.2680e-01', "
[92mINFO [0m:      	                               "'7.6753e-01', '8.1633e-01', '8.1616e-01', "
[92mINFO [0m:      	                               "'8.1538e-01', '8.1173e-01', '8.2514e-01', "
[92mINFO [0m:      	                               "'8.2143e-01', '7.8947e-01', '8.0000e-01', "
[92mINFO [0m:      	                               "'8.2110e-01']",
[92mINFO [0m:      	        'per-client-eval_loss': "['5.5544e-01', '6.9170e-01', '7.4308e-01', "
[92mINFO [0m:      	                                "'7.0673e-01', '5.6928e-01', '5.8927e-01', "
[92mINFO [0m:      	                                "'8.1844e-01', '5.8869e-01', '5.0781e-01', "
[92mINFO [0m:      	                                "'6.0554e-01', '7.1141e-01', '5.8052e-01', "
[92mINFO [0m:      	                                "'6.7576e-01', '6.1935e-01', '6.0440e-01', "
[92mINFO [0m:      	                                "'4.8430e-01']",
[92mINFO [0m:      	        'per-client-num-examples': "['289', '95', '377', '253', '236', '306', "
[92mINFO [0m:      	                                   "'271', '147', '359', '130', '324', '183', "
[92mINFO [0m:      	                                   "'112', '342', '200', '218']"},
[92mINFO [0m:      	  15: { 'client-ids': "['0', '1', '2', '3', '4', '5', '6', '7', '8', '9', "
[92mINFO [0m:      	                      "'10', '11', '12', '13', '14', '15']",
[92mINFO [0m:      	        'eval_acc': '8.1052e-01',
[92mINFO [0m:      	        'eval_loss': '6.4707e-01',
[92mINFO [0m:      	        'per-client-eval_acc': "['8.1661e-01', '7.5789e-01', '7.8249e-01', "
[92mINFO [0m:      	                               "'8.2213e-01', '8.2627e-01', '8.3333e-01', "
[92mINFO [0m:      	                               "'7.7122e-01', '8.3673e-01', '8.1894e-01', "
[92mINFO [0m:      	                               "'8.2308e-01', '8.0247e-01', '8.2514e-01', "
[92mINFO [0m:      	                               "'8.1250e-01', '8.0702e-01', '8.0000e-01', "
[92mINFO [0m:      	                               "'8.3486e-01']",
[92mINFO [0m:      	        'per-client-eval_loss': "['5.8809e-01', '7.4187e-01', '7.7382e-01', "
[92mINFO [0m:      	                                "'7.1274e-01', '5.6204e-01', '5.7792e-01', "
[92mINFO [0m:      	                                "'8.1714e-01', '5.8873e-01', '5.4512e-01', "
[92mINFO [0m:      	                                "'6.4149e-01', '7.3444e-01', '5.9517e-01', "
[92mINFO [0m:      	                                "'6.7165e-01', '6.3747e-01', '6.4700e-01', "
[92mINFO [0m:      	                                "'4.9308e-01']",
[92mINFO [0m:      	        'per-client-num-examples': "['289', '95', '377', '253', '236', '306', "
[92mINFO [0m:      	                                   "'271', '147', '359', '130', '324', '183', "
[92mINFO [0m:      	                                   "'112', '342', '200', '218']"},
[92mINFO [0m:      	  16: { 'client-ids': "['0', '1', '2', '3', '4', '5', '6', '7', '8', '9', "
[92mINFO [0m:      	                      "'10', '11', '12', '13', '14', '15']",
[92mINFO [0m:      	        'eval_acc': '8.0973e-01',
[92mINFO [0m:      	        'eval_loss': '6.5365e-01',
[92mINFO [0m:      	        'per-client-eval_acc': "['8.0969e-01', '7.4737e-01', '7.8780e-01', "
[92mINFO [0m:      	                               "'8.3794e-01', '8.0932e-01', '8.3007e-01', "
[92mINFO [0m:      	                               "'7.6384e-01', '8.2993e-01', '8.2730e-01', "
[92mINFO [0m:      	                               "'8.0769e-01', '7.9321e-01', '8.3607e-01', "
[92mINFO [0m:      	                               "'8.2143e-01', '8.0994e-01', '8.1000e-01', "
[92mINFO [0m:      	                               "'8.2569e-01']",
[92mINFO [0m:      	        'per-client-eval_loss': "['5.7901e-01', '7.9838e-01', '7.6930e-01', "
[92mINFO [0m:      	                                "'7.1696e-01', '5.9406e-01', '5.9311e-01', "
[92mINFO [0m:      	                                "'8.2034e-01', '5.9799e-01', '5.4572e-01', "
[92mINFO [0m:      	                                "'6.7456e-01', '7.4830e-01', '5.8938e-01', "
[92mINFO [0m:      	                                "'6.8611e-01', '6.2772e-01', '6.4068e-01', "
[92mINFO [0m:      	                                "'5.1041e-01']",
[92mINFO [0m:      	        'per-client-num-examples': "['289', '95', '377', '253', '236', '306', "
[92mINFO [0m:      	                                   "'271', '147', '359', '130', '324', '183', "
[92mINFO [0m:      	                                   "'112', '342', '200', '218']"},
[92mINFO [0m:      	  17: { 'client-ids': "['0', '1', '2', '3', '4', '5', '6', '7', '8', '9', "
[92mINFO [0m:      	                      "'10', '11', '12', '13', '14', '15']",
[92mINFO [0m:      	        'eval_acc': '8.0947e-01',
[92mINFO [0m:      	        'eval_loss': '6.6604e-01',
[92mINFO [0m:      	        'per-client-eval_acc': "['8.0277e-01', '7.6842e-01', '7.9841e-01', "
[92mINFO [0m:      	                               "'8.4190e-01', '8.0085e-01', '8.2026e-01', "
[92mINFO [0m:      	                               "'7.6015e-01', '8.2993e-01', '8.3287e-01', "
[92mINFO [0m:      	                               "'8.1538e-01', '7.9630e-01', '8.3060e-01', "
[92mINFO [0m:      	                               "'8.1250e-01', '8.0702e-01', '8.1000e-01', "
[92mINFO [0m:      	                               "'8.2110e-01']",
[92mINFO [0m:      	        'per-client-eval_loss': "['6.1142e-01', '7.8706e-01', '7.9583e-01', "
[92mINFO [0m:      	                                "'7.2931e-01', '6.0452e-01', '6.0182e-01', "
[92mINFO [0m:      	                                "'8.3520e-01', '6.2379e-01', '5.4202e-01', "
[92mINFO [0m:      	                                "'6.8658e-01', '7.5739e-01', '6.2481e-01', "
[92mINFO [0m:      	                                "'6.7500e-01', '6.3215e-01', '6.2955e-01', "
[92mINFO [0m:      	                                "'5.3559e-01']",
[92mINFO [0m:      	        'per-client-num-examples': "['289', '95', '377', '253', '236', '306', "
[92mINFO [0m:      	                                   "'271', '147', '359', '130', '324', '183', "
[92mINFO [0m:      	                                   "'112', '342', '200', '218']"},
[92mINFO [0m:      	  18: { 'client-ids': "['0', '1', '2', '3', '4', '5', '6', '7', '8', '9', "
[92mINFO [0m:      	                      "'10', '11', '12', '13', '14', '15']",
[92mINFO [0m:      	        'eval_acc': '8.0973e-01',
[92mINFO [0m:      	        'eval_loss': '6.7302e-01',
[92mINFO [0m:      	        'per-client-eval_acc': "['8.0969e-01', '7.5789e-01', '7.9576e-01', "
[92mINFO [0m:      	                               "'8.4585e-01', '8.0932e-01', '8.2680e-01', "
[92mINFO [0m:      	                               "'7.4908e-01', '8.2993e-01', '8.2730e-01', "
[92mINFO [0m:      	                               "'8.1538e-01', '7.9012e-01', '8.3060e-01', "
[92mINFO [0m:      	                               "'8.1250e-01', '8.2164e-01', '8.0500e-01', "
[92mINFO [0m:      	                               "'8.1651e-01']",
[92mINFO [0m:      	        'per-client-eval_loss': "['6.1488e-01', '8.3190e-01', '7.9587e-01', "
[92mINFO [0m:      	                                "'7.2731e-01', '6.1190e-01', '6.0044e-01', "
[92mINFO [0m:      	                                "'8.6153e-01', '6.1804e-01', '5.6916e-01', "
[92mINFO [0m:      	                                "'6.3777e-01', '7.8079e-01', '6.0825e-01', "
[92mINFO [0m:      	                                "'7.2344e-01', '6.5468e-01', '6.1626e-01', "
[92mINFO [0m:      	                                "'5.1737e-01']",
[92mINFO [0m:      	        'per-client-num-examples': "['289', '95', '377', '253', '236', '306', "
[92mINFO [0m:      	                                   "'271', '147', '359', '130', '324', '183', "
[92mINFO [0m:      	                                   "'112', '342', '200', '218']"},
[92mINFO [0m:      	  19: { 'client-ids': "['0', '1', '2', '3', '4', '5', '6', '7', '8', '9', "
[92mINFO [0m:      	                      "'10', '11', '12', '13', '14', '15']",
[92mINFO [0m:      	        'eval_acc': '8.1078e-01',
[92mINFO [0m:      	        'eval_loss': '6.8813e-01',
[92mINFO [0m:      	        'per-client-eval_acc': "['8.0623e-01', '7.5789e-01', '8.0106e-01', "
[92mINFO [0m:      	                               "'8.3794e-01', '8.0085e-01', '8.3660e-01', "
[92mINFO [0m:      	                               "'7.7860e-01', '8.2313e-01', '8.3008e-01', "
[92mINFO [0m:      	                               "'8.2308e-01', '7.9630e-01', '8.4153e-01', "
[92mINFO [0m:      	                               "'8.1250e-01', '8.0994e-01', '8.0000e-01', "
[92mINFO [0m:      	                               "'7.9817e-01']",
[92mINFO [0m:      	        'per-client-eval_loss': "['6.2353e-01', '8.4059e-01', '8.2315e-01', "
[92mINFO [0m:      	                                "'7.4143e-01', '6.4658e-01', '6.0833e-01', "
[92mINFO [0m:      	                                "'8.7608e-01', '6.2926e-01', '5.6764e-01', "
[92mINFO [0m:      	                                "'6.5125e-01', '8.0365e-01', '6.0508e-01', "
[92mINFO [0m:      	                                "'7.4153e-01', '6.6205e-01', '6.4256e-01', "
[92mINFO [0m:      	                                "'5.4884e-01']",
[92mINFO [0m:      	        'per-client-num-examples': "['289', '95', '377', '253', '236', '306', "
[92mINFO [0m:      	                                   "'271', '147', '359', '130', '324', '183', "
[92mINFO [0m:      	                                   "'112', '342', '200', '218']"},
[92mINFO [0m:      	  20: { 'client-ids': "['0', '1', '2', '3', '4', '5', '6', '7', '8', '9', "
[92mINFO [0m:      	                      "'10', '11', '12', '13', '14', '15']",
[92mINFO [0m:      	        'eval_acc': '8.0999e-01',
[92mINFO [0m:      	        'eval_loss': '7.0601e-01',
[92mINFO [0m:      	        'per-client-eval_acc': "['7.9931e-01', '7.5789e-01', '7.9045e-01', "
[92mINFO [0m:      	                               "'8.4585e-01', '8.0932e-01', '8.2353e-01', "
[92mINFO [0m:      	                               "'7.6015e-01', '8.2993e-01', '8.3565e-01', "
[92mINFO [0m:      	                               "'8.1538e-01', '8.0556e-01', '8.3607e-01', "
[92mINFO [0m:      	                               "'8.2143e-01', '8.0994e-01', '8.0000e-01', "
[92mINFO [0m:      	                               "'8.1193e-01']",
[92mINFO [0m:      	        'per-client-eval_loss': "['6.4680e-01', '8.7602e-01', '8.5114e-01', "
[92mINFO [0m:      	                                "'7.6951e-01', '6.4208e-01', '6.3501e-01', "
[92mINFO [0m:      	                                "'8.9574e-01', '6.6602e-01', '5.7775e-01', "
[92mINFO [0m:      	                                "'6.9139e-01', '8.2126e-01', '6.0731e-01', "
[92mINFO [0m:      	                                "'7.5618e-01', '6.7052e-01', '6.3426e-01', "
[92mINFO [0m:      	                                "'5.7293e-01']",
[92mINFO [0m:      	        'per-client-num-examples': "['289', '95', '377', '253', '236', '306', "
[92mINFO [0m:      	                                   "'271', '147', '359', '130', '324', '183', "
[92mINFO [0m:      	                                   "'112', '342', '200', '218']"}}
[92mINFO [0m:      	
[92mINFO [0m:      	ServerApp-side Evaluate Metrics:
[92mINFO [0m:      	{ 0: { 'accuracy': '2.5000e-01',
[92mINFO [0m:      	       'auc': '4.8709e-01',
[92mINFO [0m:      	       'f1': '1.0000e-01',
[92mINFO [0m:      	       'loss': '1.3893e+00',
[92mINFO [0m:      	       'precision': '6.2500e-02'},
[92mINFO [0m:      	  1: { 'accuracy': '3.1850e-01',
[92mINFO [0m:      	       'auc': '6.5192e-01',
[92mINFO [0m:      	       'f1': '2.1477e-01',
[92mINFO [0m:      	       'loss': '1.3585e+00',
[92mINFO [0m:      	       'precision': '5.0203e-01'},
[92mINFO [0m:      	  2: { 'accuracy': '6.7000e-01',
[92mINFO [0m:      	       'auc': '8.9075e-01',
[92mINFO [0m:      	       'f1': '6.6717e-01',
[92mINFO [0m:      	       'loss': '8.0379e-01',
[92mINFO [0m:      	       'precision': '6.6908e-01'},
[92mINFO [0m:      	  3: { 'accuracy': '7.0650e-01',
[92mINFO [0m:      	       'auc': '9.1759e-01',
[92mINFO [0m:      	       'f1': '7.0598e-01',
[92mINFO [0m:      	       'loss': '6.8729e-01',
[92mINFO [0m:      	       'precision': '7.0743e-01'},
[92mINFO [0m:      	  4: { 'accuracy': '7.4600e-01',
[92mINFO [0m:      	       'auc': '9.3057e-01',
[92mINFO [0m:      	       'f1': '7.4429e-01',
[92mINFO [0m:      	       'loss': '6.3095e-01',
[92mINFO [0m:      	       'precision': '7.4488e-01'},
[92mINFO [0m:      	  5: { 'accuracy': '7.6150e-01',
[92mINFO [0m:      	       'auc': '9.3734e-01',
[92mINFO [0m:      	       'f1': '7.5907e-01',
[92mINFO [0m:      	       'loss': '5.9880e-01',
[92mINFO [0m:      	       'precision': '7.5839e-01'},
[92mINFO [0m:      	  6: { 'accuracy': '7.7350e-01',
[92mINFO [0m:      	       'auc': '9.4209e-01',
[92mINFO [0m:      	       'f1': '7.7259e-01',
[92mINFO [0m:      	       'loss': '5.7776e-01',
[92mINFO [0m:      	       'precision': '7.7231e-01'},
[92mINFO [0m:      	  7: { 'accuracy': '7.7650e-01',
[92mINFO [0m:      	       'auc': '9.4459e-01',
[92mINFO [0m:      	       'f1': '7.7409e-01',
[92mINFO [0m:      	       'loss': '5.7738e-01',
[92mINFO [0m:      	       'precision': '7.7338e-01'},
[92mINFO [0m:      	  8: { 'accuracy': '7.9350e-01',
[92mINFO [0m:      	       'auc': '9.4871e-01',
[92mINFO [0m:      	       'f1': '7.9207e-01',
[92mINFO [0m:      	       'loss': '5.5870e-01',
[92mINFO [0m:      	       'precision': '7.9307e-01'},
[92mINFO [0m:      	  9: { 'accuracy': '7.9700e-01',
[92mINFO [0m:      	       'auc': '9.5010e-01',
[92mINFO [0m:      	       'f1': '7.9527e-01',
[92mINFO [0m:      	       'loss': '5.6820e-01',
[92mINFO [0m:      	       'precision': '7.9582e-01'},
[92mINFO [0m:      	  10: { 'accuracy': '8.0000e-01',
[92mINFO [0m:      	        'auc': '9.5253e-01',
[92mINFO [0m:      	        'f1': '7.9941e-01',
[92mINFO [0m:      	        'loss': '5.6909e-01',
[92mINFO [0m:      	        'precision': '7.9907e-01'},
[92mINFO [0m:      	  11: { 'accuracy': '8.0200e-01',
[92mINFO [0m:      	        'auc': '9.5404e-01',
[92mINFO [0m:      	        'f1': '8.0150e-01',
[92mINFO [0m:      	        'loss': '5.7079e-01',
[92mINFO [0m:      	        'precision': '8.0247e-01'},
[92mINFO [0m:      	  12: { 'accuracy': '7.9600e-01',
[92mINFO [0m:      	        'auc': '9.5416e-01',
[92mINFO [0m:      	        'f1': '7.9630e-01',
[92mINFO [0m:      	        'loss': '5.9557e-01',
[92mINFO [0m:      	        'precision': '7.9668e-01'},
[92mINFO [0m:      	  13: { 'accuracy': '7.9550e-01',
[92mINFO [0m:      	        'auc': '9.5445e-01',
[92mINFO [0m:      	        'f1': '7.9429e-01',
[92mINFO [0m:      	        'loss': '6.2002e-01',
[92mINFO [0m:      	        'precision': '7.9381e-01'},
[92mINFO [0m:      	  14: { 'accuracy': '7.9900e-01',
[92mINFO [0m:      	        'auc': '9.5603e-01',
[92mINFO [0m:      	        'f1': '7.9855e-01',
[92mINFO [0m:      	        'loss': '6.1605e-01',
[92mINFO [0m:      	        'precision': '7.9840e-01'},
[92mINFO [0m:      	  15: { 'accuracy': '8.0300e-01',
[92mINFO [0m:      	        'auc': '9.5569e-01',
[92mINFO [0m:      	        'f1': '8.0289e-01',
[92mINFO [0m:      	        'loss': '6.4287e-01',
[92mINFO [0m:      	        'precision': '8.0283e-01'},
[92mINFO [0m:      	  16: { 'accuracy': '8.0550e-01',
[92mINFO [0m:      	        'auc': '9.5590e-01',
[92mINFO [0m:      	        'f1': '8.0493e-01',
[92mINFO [0m:      	        'loss': '6.5630e-01',
[92mINFO [0m:      	        'precision': '8.0472e-01'},
[92mINFO [0m:      	  17: { 'accuracy': '8.0550e-01',
[92mINFO [0m:      	        'auc': '9.5581e-01',
[92mINFO [0m:      	        'f1': '8.0564e-01',
[92mINFO [0m:      	        'loss': '6.7145e-01',
[92mINFO [0m:      	        'precision': '8.0582e-01'},
[92mINFO [0m:      	  18: { 'accuracy': '8.1100e-01',
[92mINFO [0m:      	        'auc': '9.5619e-01',
[92mINFO [0m:      	        'f1': '8.1058e-01',
[92mINFO [0m:      	        'loss': '6.6966e-01',
[92mINFO [0m:      	        'precision': '8.1048e-01'},
[92mINFO [0m:      	  19: { 'accuracy': '8.1350e-01',
[92mINFO [0m:      	        'auc': '9.5670e-01',
[92mINFO [0m:      	        'f1': '8.1295e-01',
[92mINFO [0m:      	        'loss': '6.8534e-01',
[92mINFO [0m:      	        'precision': '8.1262e-01'},
[92mINFO [0m:      	  20: { 'accuracy': '8.1250e-01',
[92mINFO [0m:      	        'auc': '9.5549e-01',
[92mINFO [0m:      	        'f1': '8.1228e-01',
[92mINFO [0m:      	        'loss': '7.1467e-01',
[92mINFO [0m:      	        'precision': '8.1210e-01'}}
[92mINFO [0m:      
Round 1 checkpoint written to /content/metricdp-pytorch/results/planned_runs/cifar/full/out-replace/clients-16/seed-44/vanilla/runs/cifar-full-out-replace__non-iid__vanilla__fedavg__clients-16__seed-44__nm0p01__clip5__rounds-20__epochs-5__cifar_chunks__cifar10_cnn.round-1.pt
Round 2 checkpoint written to /content/metricdp-pytorch/results/planned_runs/cifar/full/out-replace/clients-16/seed-44/vanilla/runs/cifar-full-out-replace__non-iid__vanilla__fedavg__clients-16__seed-44__nm0p01__clip5__rounds-20__epochs-5__cifar_chunks__cifar10_cnn.round-2.pt
Round 3 checkpoint written to /content/metricdp-pytorch/results/planned_runs/cifar/full/out-replace/clients-16/seed-44/vanilla/runs/cifar-full-out-replace__non-iid__vanilla__fedavg__clients-16__seed-44__nm0p01__clip5__rounds-20__epochs-5__cifar_chunks__cifar10_cnn.round-3.pt
Round 4 checkpoint written to /content/metricdp-pytorch/results/planned_runs/cifar/full/out-replace/clients-16/seed-44/vanilla/runs/cifar-full-out-replace__non-iid__vanilla__fedavg__clients-16__seed-44__nm0p01__clip5__rounds-20__epochs-5__cifar_chunks__cifar10_cnn.round-4.pt
Round 5 checkpoint written to /content/metricdp-pytorch/results/planned_runs/cifar/full/out-replace/clients-16/seed-44/vanilla/runs/cifar-full-out-replace__non-iid__vanilla__fedavg__clients-16__seed-44__nm0p01__clip5__rounds-20__epochs-5__cifar_chunks__cifar10_cnn.round-5.pt
Round 6 checkpoint written to /content/metricdp-pytorch/results/planned_runs/cifar/full/out-replace/clients-16/seed-44/vanilla/runs/cifar-full-out-replace__non-iid__vanilla__fedavg__clients-16__seed-44__nm0p01__clip5__rounds-20__epochs-5__cifar_chunks__cifar10_cnn.round-6.pt
Round 7 checkpoint written to /content/metricdp-pytorch/results/planned_runs/cifar/full/out-replace/clients-16/seed-44/vanilla/runs/cifar-full-out-replace__non-iid__vanilla__fedavg__clients-16__seed-44__nm0p01__clip5__rounds-20__epochs-5__cifar_chunks__cifar10_cnn.round-7.pt
Round 8 checkpoint written to /content/metricdp-pytorch/results/planned_runs/cifar/full/out-replace/clients-16/seed-44/vanilla/runs/cifar-full-out-replace__non-iid__vanilla__fedavg__clients-16__seed-44__nm0p01__clip5__rounds-20__epochs-5__cifar_chunks__cifar10_cnn.round-8.pt
Round 9 checkpoint written to /content/metricdp-pytorch/results/planned_runs/cifar/full/out-replace/clients-16/seed-44/vanilla/runs/cifar-full-out-replace__non-iid__vanilla__fedavg__clients-16__seed-44__nm0p01__clip5__rounds-20__epochs-5__cifar_chunks__cifar10_cnn.round-9.pt
Round 10 checkpoint written to /content/metricdp-pytorch/results/planned_runs/cifar/full/out-replace/clients-16/seed-44/vanilla/runs/cifar-full-out-replace__non-iid__vanilla__fedavg__clients-16__seed-44__nm0p01__clip5__rounds-20__epochs-5__cifar_chunks__cifar10_cnn.round-10.pt
Round 11 checkpoint written to /content/metricdp-pytorch/results/planned_runs/cifar/full/out-replace/clients-16/seed-44/vanilla/runs/cifar-full-out-replace__non-iid__vanilla__fedavg__clients-16__seed-44__nm0p01__clip5__rounds-20__epochs-5__cifar_chunks__cifar10_cnn.round-11.pt
Round 12 checkpoint written to /content/metricdp-pytorch/results/planned_runs/cifar/full/out-replace/clients-16/seed-44/vanilla/runs/cifar-full-out-replace__non-iid__vanilla__fedavg__clients-16__seed-44__nm0p01__clip5__rounds-20__epochs-5__cifar_chunks__cifar10_cnn.round-12.pt
Round 13 checkpoint written to /content/metricdp-pytorch/results/planned_runs/cifar/full/out-replace/clients-16/seed-44/vanilla/runs/cifar-full-out-replace__non-iid__vanilla__fedavg__clients-16__seed-44__nm0p01__clip5__rounds-20__epochs-5__cifar_chunks__cifar10_cnn.round-13.pt
Round 14 checkpoint written to /content/metricdp-pytorch/results/planned_runs/cifar/full/out-replace/clients-16/seed-44/vanilla/runs/cifar-full-out-replace__non-iid__vanilla__fedavg__clients-16__seed-44__nm0p01__clip5__rounds-20__epochs-5__cifar_chunks__cifar10_cnn.round-14.pt
Round 15 checkpoint written to /content/metricdp-pytorch/results/planned_runs/cifar/full/out-replace/clients-16/seed-44/vanilla/runs/cifar-full-out-replace__non-iid__vanilla__fedavg__clients-16__seed-44__nm0p01__clip5__rounds-20__epochs-5__cifar_chunks__cifar10_cnn.round-15.pt
Round 16 checkpoint written to /content/metricdp-pytorch/results/planned_runs/cifar/full/out-replace/clients-16/seed-44/vanilla/runs/cifar-full-out-replace__non-iid__vanilla__fedavg__clients-16__seed-44__nm0p01__clip5__rounds-20__epochs-5__cifar_chunks__cifar10_cnn.round-16.pt
Round 17 checkpoint written to /content/metricdp-pytorch/results/planned_runs/cifar/full/out-replace/clients-16/seed-44/vanilla/runs/cifar-full-out-replace__non-iid__vanilla__fedavg__clients-16__seed-44__nm0p01__clip5__rounds-20__epochs-5__cifar_chunks__cifar10_cnn.round-17.pt
Round 18 checkpoint written to /content/metricdp-pytorch/results/planned_runs/cifar/full/out-replace/clients-16/seed-44/vanilla/runs/cifar-full-out-replace__non-iid__vanilla__fedavg__clients-16__seed-44__nm0p01__clip5__rounds-20__epochs-5__cifar_chunks__cifar10_cnn.round-18.pt
Round 19 checkpoint written to /content/metricdp-pytorch/results/planned_runs/cifar/full/out-replace/clients-16/seed-44/vanilla/runs/cifar-full-out-replace__non-iid__vanilla__fedavg__clients-16__seed-44__nm0p01__clip5__rounds-20__epochs-5__cifar_chunks__cifar10_cnn.round-19.pt
Round 20 checkpoint written to /content/metricdp-pytorch/results/planned_runs/cifar/full/out-replace/clients-16/seed-44/vanilla/runs/cifar-full-out-replace__non-iid__vanilla__fedavg__clients-16__seed-44__nm0p01__clip5__rounds-20__epochs-5__cifar_chunks__cifar10_cnn.round-20.pt
Experiment result written to /content/metricdp-pytorch/results/planned_runs/cifar/full/out-replace/clients-16/seed-44/vanilla/runs/cifar-full-out-replace__non-iid__vanilla__fedavg__clients-16__seed-44__nm0p01__clip5__rounds-20__epochs-5__cifar_chunks__cifar10_cnn.json
/usr/lib/python3.12/multiprocessing/popen_fork.py:66: DeprecationWarning: This process (pid=3745) is multi-threaded, use of fork() may lead to deadlocks in the child.
  self.pid = os.fork()
[36m(ClientAppActor pid=4546)[0m [93mWARNING [0m:   Manually terminating ClientAppActor
[36m(ClientAppActor pid=4559)[0m /usr/lib/python3.12/multiprocessing/popen_fork.py:66: DeprecationWarning: This process (pid=4559) is multi-threaded, use of fork() may lead to deadlocks in the child.[32m [repeated 7x across cluster][0m
[36m(ClientAppActor pid=4559)[0m   self.pid = os.fork()[32m [repeated 7x across cluster][0m
[36m(ClientAppActor pid=4556)[0m [93mWARNING [0m:   Manually terminating ClientAppActor[32m [repeated 7x across cluster][0m
Detailed evaluation written to /content/metricdp-pytorch/results/planned_runs/cifar/full/out-replace/clients-16/seed-44/vanilla/runs/cifar-full-out-replace__non-iid__vanilla__fedavg__clients-16__seed-44__nm0p01__clip5__rounds-20__epochs-5__cifar_chunks__cifar10_cnn.evaluation.json and /content/metricdp-pytorch/results/planned_runs/cifar/full/out-replace/clients-16/seed-44/vanilla/runs/cifar-full-out-replace__non-iid__vanilla__fedavg__clients-16__seed-44__nm0p01__clip5__rounds-20__epochs-5__cifar_chunks__cifar10_cnn.predictions.npz
Result: /content/metricdp-pytorch/results/planned_runs/cifar/full/out-replace/clients-16/seed-44/vanilla/runs/cifar-full-out-replace__non-iid__vanilla__fedavg__clients-16__seed-44__nm0p01__clip5__rounds-20__epochs-5__cifar_chunks__cifar10_cnn.json
Final server metrics: {'loss': 0.7146697850227356, 'accuracy': 0.8125, 'f1': 0.8122828289457411, 'precision': 0.812104211537044, 'auc': 0.9554898333333334}
2026-08-05 23:17:08 DONE  cifar-full-out-replace__non-iid__vanilla__fedavg__clients-16__seed-44__nm0p01__clip5__rounds-20__epochs-5__cifar_chunks__cifar10_cnn (348.4s)
Warning: You are sending unauthenticated requests to the HF Hub. Please set a HF_TOKEN to enable higher rate limits and faster downloads.
2026-08-05 23:17:14 EVALUATED cifar-full-out-replace__non-iid__vanilla__fedavg__clients-16__seed-44__nm0p01__clip5__rounds-20__epochs-5__cifar_chunks__cifar10_cnn round=1 (checkpoint deleted)
2026-08-05 23:17:18 EVALUATED cifar-full-out-replace__non-iid__vanilla__fedavg__clients-16__seed-44__nm0p01__clip5__rounds-20__epochs-5__cifar_chunks__cifar10_cnn round=2 (checkpoint deleted)
2026-08-05 23:17:22 EVALUATED cifar-full-out-replace__non-iid__vanilla__fedavg__clients-16__seed-44__nm0p01__clip5__rounds-20__epochs-5__cifar_chunks__cifar10_cnn round=3 (checkpoint deleted)
2026-08-05 23:17:26 EVALUATED cifar-full-out-replace__non-iid__vanilla__fedavg__clients-16__seed-44__nm0p01__clip5__rounds-20__epochs-5__cifar_chunks__cifar10_cnn round=4 (checkpoint deleted)
2026-08-05 23:17:30 EVALUATED cifar-full-out-replace__non-iid__vanilla__fedavg__clients-16__seed-44__nm0p01__clip5__rounds-20__epochs-5__cifar_chunks__cifar10_cnn round=5 (checkpoint deleted)
2026-08-05 23:17:34 EVALUATED cifar-full-out-replace__non-iid__vanilla__fedavg__clients-16__seed-44__nm0p01__clip5__rounds-20__epochs-5__cifar_chunks__cifar10_cnn round=6 (checkpoint deleted)
2026-08-05 23:17:38 EVALUATED cifar-full-out-replace__non-iid__vanilla__fedavg__clients-16__seed-44__nm0p01__clip5__rounds-20__epochs-5__cifar_chunks__cifar10_cnn round=7 (checkpoint deleted)
2026-08-05 23:17:42 EVALUATED cifar-full-out-replace__non-iid__vanilla__fedavg__clients-16__seed-44__nm0p01__clip5__rounds-20__epochs-5__cifar_chunks__cifar10_cnn round=8 (checkpoint deleted)
2026-08-05 23:17:46 EVALUATED cifar-full-out-replace__non-iid__vanilla__fedavg__clients-16__seed-44__nm0p01__clip5__rounds-20__epochs-5__cifar_chunks__cifar10_cnn round=9 (checkpoint deleted)
2026-08-05 23:17:50 EVALUATED cifar-full-out-replace__non-iid__vanilla__fedavg__clients-16__seed-44__nm0p01__clip5__rounds-20__epochs-5__cifar_chunks__cifar10_cnn round=10 (checkpoint deleted)
2026-08-05 23:17:54 EVALUATED cifar-full-out-replace__non-iid__vanilla__fedavg__clients-16__seed-44__nm0p01__clip5__rounds-20__epochs-5__cifar_chunks__cifar10_cnn round=11 (checkpoint deleted)
2026-08-05 23:17:58 EVALUATED cifar-full-out-replace__non-iid__vanilla__fedavg__clients-16__seed-44__nm0p01__clip5__rounds-20__epochs-5__cifar_chunks__cifar10_cnn round=12 (checkpoint deleted)
2026-08-05 23:18:02 EVALUATED cifar-full-out-replace__non-iid__vanilla__fedavg__clients-16__seed-44__nm0p01__clip5__rounds-20__epochs-5__cifar_chunks__cifar10_cnn round=13 (checkpoint deleted)
2026-08-05 23:18:06 EVALUATED cifar-full-out-replace__non-iid__vanilla__fedavg__clients-16__seed-44__nm0p01__clip5__rounds-20__epochs-5__cifar_chunks__cifar10_cnn round=14 (checkpoint deleted)
2026-08-05 23:18:10 EVALUATED cifar-full-out-replace__non-iid__vanilla__fedavg__clients-16__seed-44__nm0p01__clip5__rounds-20__epochs-5__cifar_chunks__cifar10_cnn round=15 (checkpoint deleted)
2026-08-05 23:18:14 EVALUATED cifar-full-out-replace__non-iid__vanilla__fedavg__clients-16__seed-44__nm0p01__clip5__rounds-20__epochs-5__cifar_chunks__cifar10_cnn round=16 (checkpoint deleted)
2026-08-05 23:18:18 EVALUATED cifar-full-out-replace__non-iid__vanilla__fedavg__clients-16__seed-44__nm0p01__clip5__rounds-20__epochs-5__cifar_chunks__cifar10_cnn round=17 (checkpoint deleted)
2026-08-05 23:18:22 EVALUATED cifar-full-out-replace__non-iid__vanilla__fedavg__clients-16__seed-44__nm0p01__clip5__rounds-20__epochs-5__cifar_chunks__cifar10_cnn round=18 (checkpoint deleted)
2026-08-05 23:18:26 EVALUATED cifar-full-out-replace__non-iid__vanilla__fedavg__clients-16__seed-44__nm0p01__clip5__rounds-20__epochs-5__cifar_chunks__cifar10_cnn round=19 (checkpoint deleted)
2026-08-05 23:18:30 EVALUATED cifar-full-out-replace__non-iid__vanilla__fedavg__clients-16__seed-44__nm0p01__clip5__rounds-20__epochs-5__cifar_chunks__cifar10_cnn round=20 (checkpoint deleted)
2026-08-05 23:18:30 PROGRESS 1/1 (0 failed so far)
2026-08-05 23:18:30 Sweep finished: 1/1 attempted, 0 failed
