2026-08-20 12:14:24 CIFAR-10 removal CIA chunk (metric-privacy, clients=8, alpha=1.5, noise_ratio=0.00625): 2 trajectories
2026-08-20 12:14:24 START cifar10-in-remove__dirichlet__alpha-1p5__metric-privacy__fedavg__clients-8__seed-42__nm0p05__clip5__rounds-20__epochs-5__cifar10_dirichlet__cifar10_cnn 
{
  "partition-mode": "dirichlet",
  "partition-profile": "auto",
  "client-weights": "",
  "dirichlet-alpha": 1.5,
  "data-module": "experiments.cia.scripts.cifar10_dirichlet:create_in_remove",
  "model-module": "experiments.reproduce.cifar10_cnn:create_model",
  "data-cache-dir": "",
  "privacy": "metric-privacy",
  "aggregation": "fedavg",
  "seed": 42,
  "num-server-rounds": 20,
  "num-clients": 8,
  "fraction-evaluate": 1.0,
  "local-epochs": 5,
  "learning-rate": 0.001,
  "weight-decay": 0.0,
  "lr-schedule": "none",
  "batch-size": 32,
  "initialization-batch-size": 32,
  "initialization-epochs": 20,
  "initialization-learning-rate": 0.001,
  "max-client-samples": 0,
  "max-test-samples": 0,
  "noise-multiplier": 0.05,
  "clipping-norm": 5.0,
  "output-dir": "/content/metricdp-pytorch/results/dirichlet/cifar10/8_clients/alpha-1p5__metric-privacy__in-remove-out-remove__seeds-42__noise-0p00625",
  "run-name": "cifar10-in-remove__dirichlet__alpha-1p5__metric-privacy__fedavg__clients-8__seed-42__nm0p05__clip5__rounds-20__epochs-5__cifar10_dirichlet__cifar10_cnn",
  "save-model": false,
  "checkpoint-rounds": [
    1,
    2,
    3,
    4,
    5,
    6,
    7,
    8,
    9,
    10,
    11,
    12,
    13,
    14,
    15,
    16,
    17,
    18,
    19,
    20
  ]
}
2026-08-20 12:14:28.990897: I tensorflow/core/util/port.cc:153] oneDNN custom operations are on. You may see slightly different numerical results due to floating-point round-off errors from different computation orders. To turn them off, set the environment variable `TF_ENABLE_ONEDNN_OPTS=0`.
2026-08-20 12:14:29.063807: I tensorflow/core/platform/cpu_feature_guard.cc:210] This TensorFlow binary is optimized to use available CPU instructions in performance-critical operations.
To enable the following instructions: AVX2 AVX512F AVX512_VNNI FMA, in other operations, rebuild TensorFlow with the appropriate compiler flags.
[93mWARNING [0m:   DEPRECATED FEATURE: The `run_simulation` function is deprecated and will be removed in a future version of Flower. Please use `flwr run` in the CLI instead to run your simulation. Refer to the Flower Tutorials for more details: https://flower.ai/docs/framework/tutorial-quickstart-pytorch.html

            This is a deprecated feature. It will be removed
            entirely in future versions of Flower.
        
Warning: You are sending unauthenticated requests to the HF Hub. Please set a HF_TOKEN to enable higher rate limits and faster downloads.
Generating train split:   0%|          | 0/50000 [00:00<?, ? examples/s]Generating train split:  28%|██▊       | 14200/50000 [00:00<00:00, 120492.08 examples/s]Generating train split:  78%|███████▊  | 38800/50000 [00:00<00:00, 188797.36 examples/s]Generating train split: 100%|██████████| 50000/50000 [00:00<00:00, 185865.33 examples/s]
Generating test split:   0%|          | 0/10000 [00:00<?, ? examples/s]Generating test split: 100%|██████████| 10000/10000 [00:00<00:00, 197435.69 examples/s]
[92mINFO [0m:      Starting MetricPrivacyServerSideFixedClipping strategy:
[92mINFO [0m:      	├── Number of rounds: 20
[92mINFO [0m:      	├── ArrayRecord (1.39 MB)
[92mINFO [0m:      	├── ConfigRecord (train): {'lr': 0.001}
[92mINFO [0m:      	├── ConfigRecord (evaluate): (empty!)
[92mINFO [0m:      	├──> Metric-aware DP settings:
[92mINFO [0m:      	│	├── Base noise multiplier: 0.05
[92mINFO [0m:      	│	└── Clipping norm: 5.0
[92mINFO [0m:      	├──> Sampling:
[92mINFO [0m:      	│	├──Fraction: train (1.00) | evaluate ( 1.00)
[92mINFO [0m:      	│	├──Minimum nodes: train (8) | evaluate (8)
[92mINFO [0m:      	│	└──Minimum available nodes: 8
[92mINFO [0m:      	└──> Keys in records:
[92mINFO [0m:      		├── Weighted by: 'num-examples'
[92mINFO [0m:      		├── ArrayRecord key: 'arrays'
[92mINFO [0m:      		└── ConfigRecord key: 'config'
[92mINFO [0m:      
/usr/local/lib/python3.12/dist-packages/ray/_private/worker.py:2051: FutureWarning: Tip: In future versions of Ray, Ray will no longer override accelerator visible devices env var if num_gpus=0 or num_gpus=None (default). To enable this behavior and turn off this error message, set RAY_ACCEL_ENV_VAR_OVERRIDE_ON_ZERO=0
  warnings.warn(
[92mINFO [0m:      Initial global evaluation results: {'loss': 2.3041488525390625, 'accuracy': 0.1, 'f1': 0.01818181818181818, 'precision': 0.01, 'auc': 0.5009089266666666, 'diverged': 0.0}
[92mINFO [0m:      
[92mINFO [0m:      [ROUND 1/20]
[92mINFO [0m:      configure_train: Sampled 8 nodes (out of 8)
[36m(ClientAppActor pid=1902)[0m Using the latest cached version of the dataset since uoft-cs/cifar10 couldn't be found on the Hugging Face Hub (offline mode is enabled).
[36m(ClientAppActor pid=1902)[0m Found the latest cached dataset configuration 'plain_text' at /root/.cache/huggingface/datasets/uoft-cs___cifar10/plain_text/0.0.0/0b2714987fa478483af9968de7c934580d0bb9a2 (last modified on Thu Aug 20 12:14:44 2026).
[92mINFO [0m:      aggregate_train: pairwise model distance -- max=3.402378 mean=2.975112 median=3.012061 count=28
[92mINFO [0m:      aggregate_train: Received 8 results and 0 failures
[92mINFO [0m:      aggregate_fit: parameters are clipped by value: 5.0000.
[92mINFO [0m:      aggregate_fit: parameters are clipped by value: 5.0000.
[92mINFO [0m:      aggregate_fit: parameters are clipped by value: 5.0000.
[92mINFO [0m:      aggregate_fit: parameters are clipped by value: 5.0000.
[92mINFO [0m:      aggregate_fit: parameters are clipped by value: 5.0000.
[92mINFO [0m:      aggregate_fit: parameters are clipped by value: 5.0000.
[92mINFO [0m:      aggregate_fit: parameters are clipped by value: 5.0000.
[92mINFO [0m:      aggregate_fit: parameters are clipped by value: 5.0000.
[92mINFO [0m:      aggregate_train: Received 8 results and 0 failures
[92mINFO [0m:      aggregate_train: metric-aware noise with 0.009185 stdev added
[92mINFO [0m:      	└──> Aggregated MetricRecord: {'train_loss': 1.4209851987150834, 'train_loss_mean': 1.6839558220295339, 'client-ids': [0, 1, 2, 3, 4, 5, 6, 7], 'per-client-num-examples': [6025, 5770, 6243, 6225, 3880, 2928, 4981, 3945], 'per-client-train_loss': [1.3823119534892165, 1.4369159532791613, 1.4049796780370547, 1.2659678358821027, 1.4965094010854505, 1.6489465575400597, 1.3888196541444051, 1.5238250495514187], 'per-client-train_loss_mean': [1.6487283413598153, 1.734700266005055, 1.6992770148931395, 1.5388365401340773, 1.7035015974831336, 1.8385395091739507, 1.6638416915886662, 1.7597219287608816], 'dp-client-ids': [0, 1, 2, 3, 4, 5, 6, 7], 'dp-update-norms-before-clipping': [14.375226152820417, 13.561793239227969, 14.792610051761507, 14.175166994124558, 11.774034660301199, 8.741586227944001, 12.940413513976237, 11.666050589378552], 'dp-client-clipped': [1, 1, 1, 1, 1, 1, 1, 1], 'dp-num-clients-clipped': 8, 'dp-fraction-clipped': 1.0, 'metric-dp-distance-min': 2.3705932876716056, 'metric-dp-distance-median': 3.012060745929678, 'metric-dp-distance-mean': 2.9751115173234477, 'metric-dp-distance-count': 28, 'metric-dp-distance': 3.402377888560295, 'metric-dp-distance-invalid': 0.0, 'metric-dp-pairwise-distances': [3.1718165688216686, 3.402377888560295, 3.2665746168543897, 3.0385278624792895, 2.7502219260980687, 3.180770846704642, 3.028239892795682, 3.3518641367554665, 3.2249420092751584, 2.9833117493738732, 2.689332444841663, 3.115537349755565, 2.9272218539069095, 3.3318365638454757, 3.1320505514740944, 2.923785140737891, 3.2249797818561396, 3.0802611019462347, 2.9872845647235713, 2.6577641957749925, 3.106211335708698, 2.9958815990636745, 2.3705932876716056, 2.888496421277523, 2.7737575757006803, 2.555831432963411, 2.434618918225169, 2.7090308678646884], 'metric-dp-pairwise-client-i': [0, 0, 0, 0, 0, 0, 0, 1, 1, 1, 1, 1, 1, 2, 2, 2, 2, 2, 3, 3, 3, 3, 4, 4, 4, 5, 5, 6], 'metric-dp-pairwise-client-j': [1, 2, 3, 4, 5, 6, 7, 2, 3, 4, 5, 6, 7, 3, 4, 5, 6, 7, 4, 5, 6, 7, 5, 6, 7, 6, 7, 7], 'metric-dp-aggregation-collapsed': 0.0, 'dp-signal-update-norm': 2.1096965309666733, 'dp-parameter-count': 364426, 'dp-expected-noise-l2-norm': 5.544624650764682, 'dp-noise-to-signal-ratio': 2.628162187963644, 'dp-noise-percent-of-signal': 262.8162187963644, 'metric-dp-noise-stdv': 0.009184752847433808}
[92mINFO [0m:      configure_evaluate: Sampled 8 nodes (out of 8)
[92mINFO [0m:      aggregate_evaluate: Received 8 results and 0 failures
[92mINFO [0m:      	└──> Aggregated MetricRecord: {'eval_loss': 2.3020979095599325, 'eval_acc': 0.10006997900629812, 'client-ids': [0, 1, 2, 3, 4, 5, 6, 7], 'per-client-eval_acc': [0.2581287325812873, 0.11850311850311851, 0.03587443946188341, 0.035324341682723186, 0.029896907216494847, 0.08743169398907104, 0.06019261637239166, 0.1641337386018237], 'per-client-eval_loss': [2.2930107490068727, 2.3109471267573305, 2.309100034372842, 2.302678333005617, 2.3110185328218127, 2.294436261953552, 2.299850831253762, 2.2907970741527057], 'per-client-num-examples': [1507, 1443, 1561, 1557, 970, 732, 1246, 987]}
[92mINFO [0m:      Global evaluation
[92mINFO [0m:      	└──> MetricRecord: {'loss': 2.3021470428466797, 'accuracy': 0.1, 'f1': 0.01818181818181818, 'precision': 0.01, 'auc': 0.5292458044444444, 'diverged': 0.0}
[92mINFO [0m:      
[92mINFO [0m:      [ROUND 2/20]
[92mINFO [0m:      configure_train: Sampled 8 nodes (out of 8)
[92mINFO [0m:      aggregate_train: pairwise model distance -- max=3.043516 mean=2.689814 median=2.734385 count=28
[92mINFO [0m:      aggregate_train: Received 8 results and 0 failures
[92mINFO [0m:      aggregate_fit: parameters are clipped by value: 5.0000.
[92mINFO [0m:      aggregate_fit: parameters are clipped by value: 5.0000.
[92mINFO [0m:      aggregate_fit: parameters are clipped by value: 5.0000.
[92mINFO [0m:      aggregate_fit: parameters are clipped by value: 5.0000.
[92mINFO [0m:      aggregate_fit: parameters are clipped by value: 5.0000.
[92mINFO [0m:      aggregate_fit: parameters are clipped by value: 5.0000.
[92mINFO [0m:      aggregate_fit: parameters are clipped by value: 5.0000.
[92mINFO [0m:      aggregate_fit: parameters are clipped by value: 5.0000.
[92mINFO [0m:      aggregate_train: Received 8 results and 0 failures
[92mINFO [0m:      aggregate_train: metric-aware noise with 0.010268 stdev added
[92mINFO [0m:      	└──> Aggregated MetricRecord: {'train_loss': 1.316878797681784, 'train_loss_mean': 1.5262358011780826, 'client-ids': [0, 1, 2, 3, 4, 5, 6, 7], 'per-client-num-examples': [6025, 5770, 6243, 6225, 3880, 2928, 4981, 3945], 'per-client-train_loss': [1.3269891566953225, 1.3447983806633246, 1.2704589111614395, 1.1931278588589895, 1.3799010756089516, 1.3977718802749133, 1.299923497949396, 1.4287193560177232], 'per-client-train_loss_mean': [1.5279664198135439, 1.5677843237501703, 1.4854427205338112, 1.409466968743198, 1.5817919554169646, 1.6038443371246422, 1.4877620310123798, 1.6479689847894192], 'dp-client-ids': [0, 1, 2, 3, 4, 5, 6, 7], 'dp-update-norms-before-clipping': [14.629275566316787, 14.27005740698029, 15.177364382389591, 14.330198768244491, 11.675190480510324, 10.377155369315766, 13.338454270108382, 11.813598673942577], 'dp-client-clipped': [1, 1, 1, 1, 1, 1, 1, 1], 'dp-num-clients-clipped': 8, 'dp-fraction-clipped': 1.0, 'metric-dp-distance-min': 2.262585828701655, 'metric-dp-distance-median': 2.7343847195928292, 'metric-dp-distance-mean': 2.6898142725362315, 'metric-dp-distance-count': 28, 'metric-dp-distance': 3.0435163996492824, 'metric-dp-distance-invalid': 0.0, 'metric-dp-pairwise-distances': [2.821168373649319, 3.0435163996492824, 2.9303813061366477, 2.7986501504977546, 2.546418242777387, 2.879571988557776, 2.724712463095784, 3.03882769929866, 2.879384589071075, 2.7440569760898748, 2.5414836599181094, 2.7720318188269935, 2.6540329276273646, 2.882887258194387, 2.7939774015297494, 2.622297964679698, 2.8970962365468345, 2.699784747635325, 2.754299192378918, 2.3767937027538815, 2.7902627556274333, 2.722563269858559, 2.287016170720259, 2.5818160163859525, 2.468696237231294, 2.3187360192338624, 2.262585828701655, 2.481750234340628], 'metric-dp-pairwise-client-i': [0, 0, 0, 0, 0, 0, 0, 1, 1, 1, 1, 1, 1, 2, 2, 2, 2, 2, 3, 3, 3, 3, 4, 4, 4, 5, 5, 6], 'metric-dp-pairwise-client-j': [1, 2, 3, 4, 5, 6, 7, 2, 3, 4, 5, 6, 7, 3, 4, 5, 6, 7, 4, 5, 6, 7, 5, 6, 7, 6, 7, 7], 'metric-dp-aggregation-collapsed': 0.0, 'dp-signal-update-norm': 2.742265316221819, 'dp-parameter-count': 364426, 'dp-expected-noise-l2-norm': 6.1983921999901135, 'dp-noise-to-signal-ratio': 2.2603181987255723, 'dp-noise-percent-of-signal': 226.0318198725572, 'metric-dp-noise-stdv': 0.01026772847473438}
[92mINFO [0m:      configure_evaluate: Sampled 8 nodes (out of 8)
[92mINFO [0m:      aggregate_evaluate: Received 8 results and 0 failures
[92mINFO [0m:      	└──> Aggregated MetricRecord: {'eval_loss': 2.249785975481312, 'eval_acc': 0.15595321403578927, 'client-ids': [0, 1, 2, 3, 4, 5, 6, 7], 'per-client-eval_acc': [0.28865295288652953, 0.16285516285516285, 0.08327994875080078, 0.14322414900449582, 0.04845360824742268, 0.1721311475409836, 0.12680577849117175, 0.20871327254305977], 'per-client-eval_loss': [2.2430019505228045, 2.2646262756421676, 2.2599991279714464, 2.24250757686588, 2.24945521010566, 2.2351655855856305, 2.249295915876116, 2.2455633718071253], 'per-client-num-examples': [1507, 1443, 1561, 1557, 970, 732, 1246, 987]}
[92mINFO [0m:      Global evaluation
[92mINFO [0m:      	└──> MetricRecord: {'loss': 2.249913777923584, 'accuracy': 0.1558, 'f1': 0.09272996642774259, 'precision': 0.21337136884412308, 'auc': 0.6551859044444444, 'diverged': 0.0}
[92mINFO [0m:      
[92mINFO [0m:      [ROUND 3/20]
[92mINFO [0m:      configure_train: Sampled 8 nodes (out of 8)
[92mINFO [0m:      aggregate_train: pairwise model distance -- max=2.706094 mean=2.330996 median=2.360132 count=28
[92mINFO [0m:      aggregate_train: Received 8 results and 0 failures
[92mINFO [0m:      aggregate_fit: parameters are clipped by value: 5.0000.
[92mINFO [0m:      aggregate_fit: parameters are clipped by value: 5.0000.
[92mINFO [0m:      aggregate_fit: parameters are clipped by value: 5.0000.
[92mINFO [0m:      aggregate_fit: parameters are clipped by value: 5.0000.
[92mINFO [0m:      aggregate_fit: parameters are clipped by value: 5.0000.
[92mINFO [0m:      aggregate_fit: parameters are clipped by value: 5.0000.
[92mINFO [0m:      aggregate_fit: parameters are clipped by value: 5.0000.
[92mINFO [0m:      aggregate_fit: parameters are clipped by value: 5.0000.
[92mINFO [0m:      aggregate_train: Received 8 results and 0 failures
[92mINFO [0m:      aggregate_train: metric-aware noise with 0.011548 stdev added
[92mINFO [0m:      	└──> Aggregated MetricRecord: {'train_loss': 1.1553504134695267, 'train_loss_mean': 1.3465946759708296, 'client-ids': [0, 1, 2, 3, 4, 5, 6, 7], 'per-client-num-examples': [6025, 5770, 6243, 6225, 3880, 2928, 4981, 3945], 'per-client-train_loss': [1.1799963489904444, 1.1885917098311451, 1.11523722697556, 1.009371992986365, 1.2056143146200278, 1.1985192715795965, 1.1629961010826277, 1.2717870994665776], 'per-client-train_loss_mean': [1.3723511844749767, 1.3940901962888508, 1.321504437248189, 1.2196873787454812, 1.3665023469433342, 1.3850635398932494, 1.337252837825171, 1.4414127414882258], 'dp-client-ids': [0, 1, 2, 3, 4, 5, 6, 7], 'dp-update-norms-before-clipping': [14.798789053670195, 14.724551478996466, 15.281678238400946, 14.738386712763628, 11.978654321814153, 9.850077950134123, 12.824248989527216, 11.919966622430145], 'dp-client-clipped': [1, 1, 1, 1, 1, 1, 1, 1], 'dp-num-clients-clipped': 8, 'dp-fraction-clipped': 1.0, 'metric-dp-distance-min': 1.8855030952642362, 'metric-dp-distance-median': 2.3601324904399616, 'metric-dp-distance-mean': 2.330996372914385, 'metric-dp-distance-count': 28, 'metric-dp-distance': 2.706094479188323, 'metric-dp-distance-invalid': 0.0, 'metric-dp-pairwise-distances': [2.4507907293736935, 2.706094479188323, 2.6290322989225388, 2.4064314868301153, 2.298892399917046, 2.5835429672151804, 2.384879327068726, 2.580872525771459, 2.5620438161616526, 2.3517760699614882, 2.260018207753698, 2.4499977802236876, 2.241689725778997, 2.5210347088674703, 2.3051000501339636, 2.3269240520894527, 2.4615801783899465, 2.319153852760792, 2.39380388520658, 2.0940404925495386, 2.423633662983775, 2.3684889109184346, 1.9345221600184839, 2.1617522332817316, 2.052126681432128, 2.001167389253775, 1.8855030952642362, 2.113005274285873], 'metric-dp-pairwise-client-i': [0, 0, 0, 0, 0, 0, 0, 1, 1, 1, 1, 1, 1, 2, 2, 2, 2, 2, 3, 3, 3, 3, 4, 4, 4, 5, 5, 6], 'metric-dp-pairwise-client-j': [1, 2, 3, 4, 5, 6, 7, 2, 3, 4, 5, 6, 7, 3, 4, 5, 6, 7, 4, 5, 6, 7, 5, 6, 7, 6, 7, 7], 'metric-dp-aggregation-collapsed': 0.0, 'dp-signal-update-norm': 3.400191895422376, 'dp-parameter-count': 364426, 'dp-expected-noise-l2-norm': 6.971267432534922, 'dp-noise-to-signal-ratio': 2.050257058114934, 'dp-noise-percent-of-signal': 205.02570581149337, 'metric-dp-noise-stdv': 0.011548007743385684}
[92mINFO [0m:      configure_evaluate: Sampled 8 nodes (out of 8)
[92mINFO [0m:      aggregate_evaluate: Received 8 results and 0 failures
[92mINFO [0m:      	└──> Aggregated MetricRecord: {'eval_loss': 2.060999593674678, 'eval_acc': 0.3722883135059482, 'client-ids': [0, 1, 2, 3, 4, 5, 6, 7], 'per-client-eval_acc': [0.38420703384207033, 0.3194733194733195, 0.3273542600896861, 0.4919717405266538, 0.21443298969072164, 0.43989071038251365, 0.4012841091492777, 0.3819655521783181], 'per-client-eval_loss': [2.0688370785020247, 2.101115021537099, 2.063590978980446, 2.0304948859438348, 2.0645561847490135, 2.043279517543772, 2.047592790704669, 2.0609784227736454], 'per-client-num-examples': [1507, 1443, 1561, 1557, 970, 732, 1246, 987]}
[92mINFO [0m:      Global evaluation
[92mINFO [0m:      	└──> MetricRecord: {'loss': 2.058110452270508, 'accuracy': 0.3704, 'f1': 0.32112833011093583, 'precision': 0.41950165348514795, 'auc': 0.79902852, 'diverged': 0.0}
[92mINFO [0m:      
[92mINFO [0m:      [ROUND 4/20]
[92mINFO [0m:      configure_train: Sampled 8 nodes (out of 8)
[92mINFO [0m:      aggregate_train: pairwise model distance -- max=2.534044 mean=2.221195 median=2.258372 count=28
[92mINFO [0m:      aggregate_train: Received 8 results and 0 failures
[92mINFO [0m:      aggregate_fit: parameters are clipped by value: 5.0000.
[92mINFO [0m:      aggregate_fit: parameters are clipped by value: 5.0000.
[92mINFO [0m:      aggregate_fit: parameters are clipped by value: 5.0000.
[92mINFO [0m:      aggregate_fit: parameters are clipped by value: 5.0000.
[92mINFO [0m:      aggregate_fit: parameters are clipped by value: 5.0000.
[92mINFO [0m:      aggregate_fit: parameters are clipped by value: 5.0000.
[92mINFO [0m:      aggregate_fit: parameters are clipped by value: 5.0000.
[92mINFO [0m:      aggregate_fit: parameters are clipped by value: 5.0000.
[92mINFO [0m:      aggregate_train: Received 8 results and 0 failures
[92mINFO [0m:      aggregate_train: metric-aware noise with 0.012332 stdev added
[92mINFO [0m:      	└──> Aggregated MetricRecord: {'train_loss': 1.0217986619987824, 'train_loss_mean': 1.2006735750280935, 'client-ids': [0, 1, 2, 3, 4, 5, 6, 7], 'per-client-num-examples': [6025, 5770, 6243, 6225, 3880, 2928, 4981, 3945], 'per-client-train_loss': [1.0598090610662436, 1.055166227772083, 0.9900233960392267, 0.9156785640946353, 1.0368544394207984, 1.042708608622108, 1.0202242033329865, 1.1043407974738737], 'per-client-train_loss_mean': [1.2387586297731676, 1.2561901063687673, 1.1671726691327606, 1.0892446204993618, 1.1981496109667513, 1.2217727968601582, 1.1895153977501898, 1.291064423399733], 'dp-client-ids': [0, 1, 2, 3, 4, 5, 6, 7], 'dp-update-norms-before-clipping': [13.951227469491377, 13.932869694604092, 14.567928282558523, 13.988823074088176, 10.814980015401789, 9.368857813556676, 12.740680607672031, 11.350473487541636], 'dp-client-clipped': [1, 1, 1, 1, 1, 1, 1, 1], 'dp-num-clients-clipped': 8, 'dp-fraction-clipped': 1.0, 'metric-dp-distance-min': 1.814258593134582, 'metric-dp-distance-median': 2.258371854821841, 'metric-dp-distance-mean': 2.2211949434464, 'metric-dp-distance-count': 28, 'metric-dp-distance': 2.5340435759474835, 'metric-dp-distance-invalid': 0.0, 'metric-dp-pairwise-distances': [2.332816857844591, 2.5340435759474835, 2.4817377564807734, 2.2532916329801083, 2.177038642267386, 2.3830321806793413, 2.268318106109897, 2.439041497806708, 2.4260509743665657, 2.195364387705922, 2.147614559158683, 2.3141928035765886, 2.1667015086859465, 2.4317292223374047, 2.161172019007305, 2.2254380956292152, 2.3530131618802748, 2.2688361080363393, 2.2634520766635737, 2.093696758771936, 2.3352411730835834, 2.2936089240635433, 1.814258593134582, 2.0649725698555508, 1.923392736973862, 1.9456688575446606, 1.8469807120660942, 2.0527529238412776], 'metric-dp-pairwise-client-i': [0, 0, 0, 0, 0, 0, 0, 1, 1, 1, 1, 1, 1, 2, 2, 2, 2, 2, 3, 3, 3, 3, 4, 4, 4, 5, 5, 6], 'metric-dp-pairwise-client-j': [1, 2, 3, 4, 5, 6, 7, 2, 3, 4, 5, 6, 7, 3, 4, 5, 6, 7, 4, 5, 6, 7, 5, 6, 7, 6, 7, 7], 'metric-dp-aggregation-collapsed': 0.0, 'dp-signal-update-norm': 3.338287996354447, 'dp-parameter-count': 364426, 'dp-expected-noise-l2-norm': 7.444587177264496, 'dp-noise-to-signal-ratio': 2.23006139236468, 'dp-noise-percent-of-signal': 223.006139236468, 'metric-dp-noise-stdv': 0.012332068910186586}
[92mINFO [0m:      configure_evaluate: Sampled 8 nodes (out of 8)
[92mINFO [0m:      aggregate_evaluate: Received 8 results and 0 failures
[92mINFO [0m:      	└──> Aggregated MetricRecord: {'eval_loss': 1.7842386826436354, 'eval_acc': 0.42927121863440965, 'client-ids': [0, 1, 2, 3, 4, 5, 6, 7], 'per-client-eval_acc': [0.3662906436629064, 0.3568953568953569, 0.46508648302370276, 0.5362877328195247, 0.39484536082474225, 0.4521857923497268, 0.4438202247191011, 0.40425531914893614], 'per-client-eval_loss': [1.8382269024611626, 1.8663250925800325, 1.7543765305709105, 1.6906047299188456, 1.802105673563849, 1.7628976061044495, 1.7678459253204002, 1.795695632424398], 'per-client-num-examples': [1507, 1443, 1561, 1557, 970, 732, 1246, 987]}
[92mINFO [0m:      Global evaluation
[92mINFO [0m:      	└──> MetricRecord: {'loss': 1.779353997039795, 'accuracy': 0.4402, 'f1': 0.43366754140891506, 'precision': 0.503509086377205, 'auc': 0.8579894777777778, 'diverged': 0.0}
[92mINFO [0m:      
[92mINFO [0m:      [ROUND 5/20]
[92mINFO [0m:      configure_train: Sampled 8 nodes (out of 8)
[92mINFO [0m:      aggregate_train: pairwise model distance -- max=2.618715 mean=2.255508 median=2.283464 count=28
[92mINFO [0m:      aggregate_train: Received 8 results and 0 failures
[92mINFO [0m:      aggregate_fit: parameters are clipped by value: 5.0000.
[92mINFO [0m:      aggregate_fit: parameters are clipped by value: 5.0000.
[92mINFO [0m:      aggregate_fit: parameters are clipped by value: 5.0000.
[92mINFO [0m:      aggregate_fit: parameters are clipped by value: 5.0000.
[92mINFO [0m:      aggregate_fit: parameters are clipped by value: 5.0000.
[92mINFO [0m:      aggregate_fit: parameters are clipped by value: 5.0000.
[92mINFO [0m:      aggregate_fit: parameters are clipped by value: 5.0000.
[92mINFO [0m:      aggregate_fit: parameters are clipped by value: 5.0000.
[92mINFO [0m:      aggregate_train: Received 8 results and 0 failures
[92mINFO [0m:      aggregate_train: metric-aware noise with 0.011933 stdev added
[92mINFO [0m:      	└──> Aggregated MetricRecord: {'train_loss': 0.904422281326215, 'train_loss_mean': 1.0811069873290309, 'client-ids': [0, 1, 2, 3, 4, 5, 6, 7], 'per-client-num-examples': [6025, 5770, 6243, 6225, 3880, 2928, 4981, 3945], 'per-client-train_loss': [0.9310667115474638, 0.9421936089699149, 0.8771975745370749, 0.7958043531145915, 0.9219096122328768, 0.90781245987272, 0.9316779301482926, 0.9688328064288779], 'per-client-train_loss_mean': [1.123682562389809, 1.1337405124446136, 1.0555335761940137, 0.9699195879625988, 1.088152245983635, 1.0696199645110167, 1.0835471106686043, 1.153534676046577], 'dp-client-ids': [0, 1, 2, 3, 4, 5, 6, 7], 'dp-update-norms-before-clipping': [14.41815473219396, 13.505594697730691, 14.776241546795172, 13.53164967054979, 10.914432628193513, 8.898090040604878, 12.414079257149412, 10.899758375092473], 'dp-client-clipped': [1, 1, 1, 1, 1, 1, 1, 1], 'dp-num-clients-clipped': 8, 'dp-fraction-clipped': 1.0, 'metric-dp-distance-min': 1.8265617542589705, 'metric-dp-distance-median': 2.2834643446840346, 'metric-dp-distance-mean': 2.255507729049506, 'metric-dp-distance-count': 28, 'metric-dp-distance': 2.618714508290092, 'metric-dp-distance-invalid': 0.0, 'metric-dp-pairwise-distances': [2.3811489632353187, 2.618714508290092, 2.5028797779232264, 2.3201523773993054, 2.2389782009025416, 2.4513815895964703, 2.2941651130095124, 2.504666115467747, 2.4055802756920457, 2.206864902128776, 2.1388618142033615, 2.336410963597397, 2.1568065375710526, 2.5199438460792103, 2.2704968747372427, 2.284269956871867, 2.4468489217882357, 2.330406291099886, 2.282658732496202, 2.0854458458100757, 2.3580270148813725, 2.2634979508196316, 1.852514182838301, 2.0997336270908513, 1.9485782800863187, 1.9612005629266303, 1.8265617542589705, 2.067421432584524], 'metric-dp-pairwise-client-i': [0, 0, 0, 0, 0, 0, 0, 1, 1, 1, 1, 1, 1, 2, 2, 2, 2, 2, 3, 3, 3, 3, 4, 4, 4, 5, 5, 6], 'metric-dp-pairwise-client-j': [1, 2, 3, 4, 5, 6, 7, 2, 3, 4, 5, 6, 7, 3, 4, 5, 6, 7, 4, 5, 6, 7, 5, 6, 7, 6, 7, 7], 'metric-dp-aggregation-collapsed': 0.0, 'dp-signal-update-norm': 3.1085265219669758, 'dp-parameter-count': 364426, 'dp-expected-noise-l2-norm': 7.203881237304512, 'dp-noise-to-signal-ratio': 2.31745850852388, 'dp-noise-percent-of-signal': 231.745850852388, 'metric-dp-noise-stdv': 0.011933335955894218}
[92mINFO [0m:      configure_evaluate: Sampled 8 nodes (out of 8)
[92mINFO [0m:      aggregate_evaluate: Received 8 results and 0 failures
[92mINFO [0m:      	└──> Aggregated MetricRecord: {'eval_loss': 1.544700001283108, 'eval_acc': 0.4625612316305108, 'client-ids': [0, 1, 2, 3, 4, 5, 6, 7], 'per-client-eval_acc': [0.45321831453218314, 0.4365904365904366, 0.46508648302370276, 0.5382145150931278, 0.3989690721649485, 0.4781420765027322, 0.45264847512038525, 0.45491388044579534], 'per-client-eval_loss': [1.5696323381485968, 1.6075782035674309, 1.5203175150683719, 1.4269215798791433, 1.5857857949954948, 1.5337462347061908, 1.5704396463703383, 1.5743141097017577], 'per-client-num-examples': [1507, 1443, 1561, 1557, 970, 732, 1246, 987]}
[92mINFO [0m:      Global evaluation
[92mINFO [0m:      	└──> MetricRecord: {'loss': 1.5387905416488648, 'accuracy': 0.4674, 'f1': 0.47105936130830495, 'precision': 0.5452887281467907, 'auc': 0.8765579822222223, 'diverged': 0.0}
[92mINFO [0m:      
[92mINFO [0m:      [ROUND 6/20]
[92mINFO [0m:      configure_train: Sampled 8 nodes (out of 8)
[92mINFO [0m:      aggregate_train: pairwise model distance -- max=2.616241 mean=2.309476 median=2.310259 count=28
[92mINFO [0m:      aggregate_train: Received 8 results and 0 failures
[92mINFO [0m:      aggregate_fit: parameters are clipped by value: 5.0000.
[92mINFO [0m:      aggregate_fit: parameters are clipped by value: 5.0000.
[92mINFO [0m:      aggregate_fit: parameters are clipped by value: 5.0000.
[92mINFO [0m:      aggregate_fit: parameters are clipped by value: 5.0000.
[92mINFO [0m:      aggregate_fit: parameters are clipped by value: 5.0000.
[92mINFO [0m:      aggregate_fit: parameters are clipped by value: 5.0000.
[92mINFO [0m:      aggregate_fit: parameters are clipped by value: 5.0000.
[92mINFO [0m:      aggregate_fit: parameters are clipped by value: 5.0000.
[92mINFO [0m:      aggregate_train: Received 8 results and 0 failures
[92mINFO [0m:      aggregate_train: metric-aware noise with 0.011945 stdev added
[92mINFO [0m:      	└──> Aggregated MetricRecord: {'train_loss': 0.7978137157613207, 'train_loss_mean': 0.9752792115775926, 'client-ids': [0, 1, 2, 3, 4, 5, 6, 7], 'per-client-num-examples': [6025, 5770, 6243, 6225, 3880, 2928, 4981, 3945], 'per-client-train_loss': [0.8394520245399713, 0.8209570340928419, 0.8069289492506754, 0.6879305445621291, 0.7848358749114361, 0.8219197011384808, 0.8111608345521499, 0.8373570058735604], 'per-client-train_loss_mean': [1.0211056488608918, 1.0179278931791282, 0.9628590503087244, 0.8701246438849882, 0.9724211465206343, 0.9720224359647824, 0.981509754718056, 1.0258571252019082], 'dp-client-ids': [0, 1, 2, 3, 4, 5, 6, 7], 'dp-update-norms-before-clipping': [14.426116025072742, 13.832754518073779, 13.917030986379638, 13.718304918493214, 10.821702785133667, 9.102648663441698, 12.433236338549992, 10.870542026942722], 'dp-client-clipped': [1, 1, 1, 1, 1, 1, 1, 1], 'dp-num-clients-clipped': 8, 'dp-fraction-clipped': 1.0, 'metric-dp-distance-min': 1.9136218534161646, 'metric-dp-distance-median': 2.310258671020468, 'metric-dp-distance-mean': 2.3094763052982414, 'metric-dp-distance-count': 28, 'metric-dp-distance': 2.6162412775059543, 'metric-dp-distance-invalid': 0.0, 'metric-dp-pairwise-distances': [2.489404685795307, 2.6162412775059543, 2.587221090681851, 2.3861516037335, 2.2899854139735303, 2.502675684168935, 2.3520829317470393, 2.520138204097748, 2.499577522588273, 2.304096137173474, 2.2287320401519537, 2.425121559140583, 2.2500633181383214, 2.5081453934932747, 2.248412424698472, 2.247781957499683, 2.434471420943737, 2.289331043449541, 2.3317355712254844, 2.1674020073066154, 2.427345383601884, 2.316421204867462, 1.9282082604865234, 2.169624221200744, 2.0178451994434, 2.042577162695428, 1.9136218534161646, 2.1709219751258693], 'metric-dp-pairwise-client-i': [0, 0, 0, 0, 0, 0, 0, 1, 1, 1, 1, 1, 1, 2, 2, 2, 2, 2, 3, 3, 3, 3, 4, 4, 4, 5, 5, 6], 'metric-dp-pairwise-client-j': [1, 2, 3, 4, 5, 6, 7, 2, 3, 4, 5, 6, 7, 3, 4, 5, 6, 7, 4, 5, 6, 7, 5, 6, 7, 6, 7, 7], 'metric-dp-aggregation-collapsed': 0.0, 'dp-signal-update-norm': 2.8673518783715495, 'dp-parameter-count': 364426, 'dp-expected-noise-l2-norm': 7.210691335820486, 'dp-noise-to-signal-ratio': 2.514756347210389, 'dp-noise-percent-of-signal': 251.47563472103892, 'metric-dp-noise-stdv': 0.01194461698494048}
[92mINFO [0m:      configure_evaluate: Sampled 8 nodes (out of 8)
[92mINFO [0m:      aggregate_evaluate: Received 8 results and 0 failures
[92mINFO [0m:      	└──> Aggregated MetricRecord: {'eval_loss': 1.331523522774863, 'eval_acc': 0.5366390082975109, 'client-ids': [0, 1, 2, 3, 4, 5, 6, 7], 'per-client-eval_acc': [0.5049767750497678, 0.5114345114345115, 0.5586162716207559, 0.5992292870905588, 0.5185567010309279, 0.5136612021857924, 0.5304975922953451, 0.5309017223910841], 'per-client-eval_loss': [1.3842577981727362, 1.388981470860133, 1.2767265950312299, 1.2553021204953938, 1.332845171702277, 1.3729694658289842, 1.3470555484581912, 1.3222621465526454], 'per-client-num-examples': [1507, 1443, 1561, 1557, 970, 732, 1246, 987]}
[92mINFO [0m:      Global evaluation
[92mINFO [0m:      	└──> MetricRecord: {'loss': 1.3234156782150268, 'accuracy': 0.5456, 'f1': 0.5502032049988805, 'precision': 0.5770525559518388, 'auc': 0.9070574422222222, 'diverged': 0.0}
[92mINFO [0m:      
[92mINFO [0m:      [ROUND 7/20]
[92mINFO [0m:      configure_train: Sampled 8 nodes (out of 8)
[92mINFO [0m:      aggregate_train: pairwise model distance -- max=2.665626 mean=2.386282 median=2.357639 count=28
[92mINFO [0m:      aggregate_train: Received 8 results and 0 failures
[92mINFO [0m:      aggregate_fit: parameters are clipped by value: 5.0000.
[92mINFO [0m:      aggregate_fit: parameters are clipped by value: 5.0000.
[92mINFO [0m:      aggregate_fit: parameters are clipped by value: 5.0000.
[92mINFO [0m:      aggregate_fit: parameters are clipped by value: 5.0000.
[92mINFO [0m:      aggregate_fit: parameters are clipped by value: 5.0000.
[92mINFO [0m:      aggregate_fit: parameters are clipped by value: 5.0000.
[92mINFO [0m:      aggregate_fit: parameters are clipped by value: 5.0000.
[92mINFO [0m:      aggregate_fit: parameters are clipped by value: 5.0000.
[92mINFO [0m:      aggregate_train: Received 8 results and 0 failures
[92mINFO [0m:      aggregate_train: metric-aware noise with 0.011723 stdev added
[92mINFO [0m:      	└──> Aggregated MetricRecord: {'train_loss': 0.6831530508237097, 'train_loss_mean': 0.8830548582077594, 'client-ids': [0, 1, 2, 3, 4, 5, 6, 7], 'per-client-num-examples': [6025, 5770, 6243, 6225, 3880, 2928, 4981, 3945], 'per-client-train_loss': [0.7376960298629223, 0.7199168302983924, 0.6895687776738093, 0.5731827398284851, 0.6605237597042752, 0.6853352990306791, 0.6851446424782743, 0.7275777037266089], 'per-client-train_loss_mean': [0.9333869996427004, 0.9215171692524254, 0.8723682580869893, 0.7812629651305187, 0.867427157323385, 0.8775811312954283, 0.8925414321533147, 0.9349185385865706], 'dp-client-ids': [0, 1, 2, 3, 4, 5, 6, 7], 'dp-update-norms-before-clipping': [14.159897501764936, 13.823482938403366, 13.859059044027779, 14.212484895071906, 10.71859356984423, 9.368701092043079, 12.833844382690208, 10.902238555444448], 'dp-client-clipped': [1, 1, 1, 1, 1, 1, 1, 1], 'dp-num-clients-clipped': 8, 'dp-fraction-clipped': 1.0, 'metric-dp-distance-min': 1.9725798998648922, 'metric-dp-distance-median': 2.357638905445735, 'metric-dp-distance-mean': 2.386281960787961, 'metric-dp-distance-count': 28, 'metric-dp-distance': 2.665626221957306, 'metric-dp-distance-invalid': 0.0, 'metric-dp-pairwise-distances': [2.538586257956922, 2.624667836663624, 2.665626221957306, 2.401617544082304, 2.3255107989534736, 2.553169281532367, 2.367054421765109, 2.5910445575912795, 2.6308966198315225, 2.339239257698258, 2.28744143123428, 2.5250907447189093, 2.323420088427762, 2.63412620810171, 2.3181648136427007, 2.314895948395133, 2.5279789495592317, 2.3482233891263604, 2.4543568454682827, 2.3218735720341406, 2.5610371086125574, 2.419861176672081, 1.992257868560652, 2.2679611450682082, 2.080717444419861, 2.1517752443129816, 1.9725798998648922, 2.2767202258110046], 'metric-dp-pairwise-client-i': [0, 0, 0, 0, 0, 0, 0, 1, 1, 1, 1, 1, 1, 2, 2, 2, 2, 2, 3, 3, 3, 3, 4, 4, 4, 5, 5, 6], 'metric-dp-pairwise-client-j': [1, 2, 3, 4, 5, 6, 7, 2, 3, 4, 5, 6, 7, 3, 4, 5, 6, 7, 4, 5, 6, 7, 5, 6, 7, 6, 7, 7], 'metric-dp-aggregation-collapsed': 0.0, 'dp-signal-update-norm': 2.6570627097202437, 'dp-parameter-count': 364426, 'dp-expected-noise-l2-norm': 7.077101866996211, 'dp-noise-to-signal-ratio': 2.663505773163082, 'dp-noise-percent-of-signal': 266.3505773163082, 'metric-dp-noise-stdv': 0.011723324051432038}
[92mINFO [0m:      configure_evaluate: Sampled 8 nodes (out of 8)
[92mINFO [0m:      aggregate_evaluate: Received 8 results and 0 failures
[92mINFO [0m:      	└──> Aggregated MetricRecord: {'eval_loss': 1.1703002519110828, 'eval_acc': 0.5907227831650504, 'client-ids': [0, 1, 2, 3, 4, 5, 6, 7], 'per-client-eval_acc': [0.5414731254147312, 0.5966735966735967, 0.6284433055733504, 0.6159280667951188, 0.5804123711340207, 0.5573770491803278, 0.5947030497592295, 0.5876393110435664], 'per-client-eval_loss': [1.235935562402109, 1.1737295223125053, 1.1137408892517284, 1.1488718560818456, 1.1684235464666308, 1.226399885500715, 1.160507309302855, 1.1609282218214227], 'per-client-num-examples': [1507, 1443, 1561, 1557, 970, 732, 1246, 987]}
[92mINFO [0m:      Global evaluation
[92mINFO [0m:      	└──> MetricRecord: {'loss': 1.1633256467819213, 'accuracy': 0.5896, 'f1': 0.5886497590198609, 'precision': 0.6014811156632062, 'auc': 0.9264003844444444, 'diverged': 0.0}
[92mINFO [0m:      
[92mINFO [0m:      [ROUND 8/20]
[92mINFO [0m:      configure_train: Sampled 8 nodes (out of 8)
[92mINFO [0m:      aggregate_train: pairwise model distance -- max=2.697000 mean=2.449585 median=2.432884 count=28
[92mINFO [0m:      aggregate_train: Received 8 results and 0 failures
[92mINFO [0m:      aggregate_fit: parameters are clipped by value: 5.0000.
[92mINFO [0m:      aggregate_fit: parameters are clipped by value: 5.0000.
[92mINFO [0m:      aggregate_fit: parameters are clipped by value: 5.0000.
[92mINFO [0m:      aggregate_fit: parameters are clipped by value: 5.0000.
[92mINFO [0m:      aggregate_fit: parameters are clipped by value: 5.0000.
[92mINFO [0m:      aggregate_fit: parameters are clipped by value: 5.0000.
[92mINFO [0m:      aggregate_fit: parameters are clipped by value: 5.0000.
[92mINFO [0m:      aggregate_fit: parameters are clipped by value: 5.0000.
[92mINFO [0m:      aggregate_train: Received 8 results and 0 failures
[92mINFO [0m:      aggregate_train: metric-aware noise with 0.011587 stdev added
[92mINFO [0m:      	└──> Aggregated MetricRecord: {'train_loss': 0.5781720585376526, 'train_loss_mean': 0.793565083272027, 'client-ids': [0, 1, 2, 3, 4, 5, 6, 7], 'per-client-num-examples': [6025, 5770, 6243, 6225, 3880, 2928, 4981, 3945], 'per-client-train_loss': [0.6039587886996289, 0.6080312788796384, 0.5573789905264422, 0.5100356353526134, 0.5799941193197191, 0.5855059112356009, 0.6023265884789423, 0.5978047016682281], 'per-client-train_loss_mean': [0.8364833445034581, 0.8409924198353931, 0.7748030064310971, 0.7040856013853387, 0.77736021013604, 0.7800404464612242, 0.8120296686726196, 0.8321978105323244], 'dp-client-ids': [0, 1, 2, 3, 4, 5, 6, 7], 'dp-update-norms-before-clipping': [14.218042967503342, 13.84601540906582, 13.953656790446407, 13.97634384165656, 11.063855671487042, 9.723087563662405, 13.075736952069054, 11.28015233224297], 'dp-client-clipped': [1, 1, 1, 1, 1, 1, 1, 1], 'dp-num-clients-clipped': 8, 'dp-fraction-clipped': 1.0, 'metric-dp-distance-min': 2.0688424417749047, 'metric-dp-distance-median': 2.432884375875195, 'metric-dp-distance-mean': 2.4495853791179663, 'metric-dp-distance-count': 28, 'metric-dp-distance': 2.6969998506829143, 'metric-dp-distance-invalid': 0.0, 'metric-dp-pairwise-distances': [2.6303918097789087, 2.6969998506829143, 2.6904557875047126, 2.480967492175599, 2.3928793988501034, 2.6209660386666656, 2.4440592223157487, 2.646436314098537, 2.6510552217562995, 2.4217095294346414, 2.36127258092165, 2.5988179302463927, 2.404354148544371, 2.654208625666797, 2.4038657654697695, 2.3737961060057082, 2.590040265272061, 2.4115223341311016, 2.470690205693245, 2.341534490386645, 2.601564203078548, 2.4561128582184515, 2.0892302884409824, 2.364637478875617, 2.171975217604389, 2.2283946676179767, 2.0688424417749047, 2.3216103420903287], 'metric-dp-pairwise-client-i': [0, 0, 0, 0, 0, 0, 0, 1, 1, 1, 1, 1, 1, 2, 2, 2, 2, 2, 3, 3, 3, 3, 4, 4, 4, 5, 5, 6], 'metric-dp-pairwise-client-j': [1, 2, 3, 4, 5, 6, 7, 2, 3, 4, 5, 6, 7, 3, 4, 5, 6, 7, 4, 5, 6, 7, 5, 6, 7, 6, 7, 7], 'metric-dp-aggregation-collapsed': 0.0, 'dp-signal-update-norm': 2.464692352813611, 'dp-parameter-count': 364426, 'dp-expected-noise-l2-norm': 6.994775438104408, 'dp-noise-to-signal-ratio': 2.8379912933634106, 'dp-noise-percent-of-signal': 283.7991293363411, 'metric-dp-noise-stdv': 0.011586949102754717}
[92mINFO [0m:      configure_evaluate: Sampled 8 nodes (out of 8)
[92mINFO [0m:      aggregate_evaluate: Received 8 results and 0 failures
[92mINFO [0m:      	└──> Aggregated MetricRecord: {'eval_loss': 1.1257599638090676, 'eval_acc': 0.5970208937318805, 'client-ids': [0, 1, 2, 3, 4, 5, 6, 7], 'per-client-eval_acc': [0.5368281353682813, 0.6216216216216216, 0.6220371556694426, 0.6371226718047527, 0.5618556701030928, 0.5806010928961749, 0.6107544141252006, 0.5795339412360689], 'per-client-eval_loss': [1.2308309377228572, 1.1052979373799705, 1.092100575976766, 1.0950508644432309, 1.13161509995608, 1.1621314528209916, 1.0728264758139132, 1.1310211923709395], 'per-client-num-examples': [1507, 1443, 1561, 1557, 970, 732, 1246, 987]}
[92mINFO [0m:      Global evaluation
[92mINFO [0m:      	└──> MetricRecord: {'loss': 1.1148527368545533, 'accuracy': 0.5922, 'f1': 0.5830970804781579, 'precision': 0.6089802429200863, 'auc': 0.9300632177777779, 'diverged': 0.0}
[92mINFO [0m:      
[92mINFO [0m:      [ROUND 9/20]
[92mINFO [0m:      configure_train: Sampled 8 nodes (out of 8)
[92mINFO [0m:      aggregate_train: pairwise model distance -- max=2.837291 mean=2.542245 median=2.530238 count=28
[92mINFO [0m:      aggregate_train: Received 8 results and 0 failures
[92mINFO [0m:      aggregate_fit: parameters are clipped by value: 5.0000.
[92mINFO [0m:      aggregate_fit: parameters are clipped by value: 5.0000.
[92mINFO [0m:      aggregate_fit: parameters are clipped by value: 5.0000.
[92mINFO [0m:      aggregate_fit: parameters are clipped by value: 5.0000.
[92mINFO [0m:      aggregate_fit: parameters are clipped by value: 5.0000.
[92mINFO [0m:      aggregate_fit: parameters are clipped by value: 5.0000.
[92mINFO [0m:      aggregate_fit: parameters are clipped by value: 5.0000.
[92mINFO [0m:      aggregate_fit: parameters are clipped by value: 5.0000.
[92mINFO [0m:      aggregate_train: Received 8 results and 0 failures
[92mINFO [0m:      aggregate_train: metric-aware noise with 0.011014 stdev added
[92mINFO [0m:      	└──> Aggregated MetricRecord: {'train_loss': 0.5045594532512816, 'train_loss_mean': 0.7219875091751251, 'client-ids': [0, 1, 2, 3, 4, 5, 6, 7], 'per-client-num-examples': [6025, 5770, 6243, 6225, 3880, 2928, 4981, 3945], 'per-client-train_loss': [0.5382228818473974, 0.522623018251548, 0.4935592795108615, 0.45075688516279777, 0.47373199020464396, 0.5053403672299098, 0.5198628667534846, 0.5394501709968267], 'per-client-train_loss_mean': [0.7716218816017214, 0.7522088070345504, 0.7093324076183214, 0.6429044880694653, 0.6930197600421217, 0.7197231742202259, 0.7352413438573178, 0.760233671840455], 'dp-client-ids': [0, 1, 2, 3, 4, 5, 6, 7], 'dp-update-norms-before-clipping': [14.963158094144406, 14.769891613937615, 14.330542384662394, 14.007804189380753, 11.288916830918449, 9.650053983000005, 12.98690110314532, 11.28763742115634], 'dp-client-clipped': [1, 1, 1, 1, 1, 1, 1, 1], 'dp-num-clients-clipped': 8, 'dp-fraction-clipped': 1.0, 'metric-dp-distance-min': 2.0882936141764126, 'metric-dp-distance-median': 2.5302383505428834, 'metric-dp-distance-mean': 2.5422448362223804, 'metric-dp-distance-count': 28, 'metric-dp-distance': 2.8372906921431422, 'metric-dp-distance-invalid': 0.0, 'metric-dp-pairwise-distances': [2.800849470620354, 2.8372906921431422, 2.8002361111963787, 2.6154457073037825, 2.509436567003528, 2.7357404648015895, 2.5871032954504094, 2.8005695675189295, 2.7674562241882086, 2.5730323645596704, 2.4840272289390364, 2.7117718548203507, 2.5440794620662928, 2.7385114220281443, 2.503050143520037, 2.4518529788280525, 2.6645914831509194, 2.505931827550133, 2.5163972390194735, 2.3607520942265787, 2.6355033268531165, 2.5141705786809325, 2.146078891431292, 2.4166738347460828, 2.240211614407599, 2.256807651681205, 2.0882936141764126, 2.3769897033149996], 'metric-dp-pairwise-client-i': [0, 0, 0, 0, 0, 0, 0, 1, 1, 1, 1, 1, 1, 2, 2, 2, 2, 2, 3, 3, 3, 3, 4, 4, 4, 5, 5, 6], 'metric-dp-pairwise-client-j': [1, 2, 3, 4, 5, 6, 7, 2, 3, 4, 5, 6, 7, 3, 4, 5, 6, 7, 4, 5, 6, 7, 5, 6, 7, 6, 7, 7], 'metric-dp-aggregation-collapsed': 0.0, 'dp-signal-update-norm': 2.3286498357513987, 'dp-parameter-count': 364426, 'dp-expected-noise-l2-norm': 6.648916293408954, 'dp-noise-to-signal-ratio': 2.855266683435687, 'dp-noise-percent-of-signal': 285.5266683435687, 'metric-dp-noise-stdv': 0.011014028307545524}
[92mINFO [0m:      configure_evaluate: Sampled 8 nodes (out of 8)
[92mINFO [0m:      aggregate_evaluate: Received 8 results and 0 failures
[92mINFO [0m:      	└──> Aggregated MetricRecord: {'eval_loss': 1.0996149941037967, 'eval_acc': 0.613815855243427, 'client-ids': [0, 1, 2, 3, 4, 5, 6, 7], 'per-client-eval_acc': [0.5627073656270737, 0.6264726264726265, 0.6354900704676489, 0.6339113680154143, 0.6113402061855671, 0.5942622950819673, 0.6348314606741573, 0.5977710233029382], 'per-client-eval_loss': [1.2047533669373651, 1.1222805049959685, 1.065142118953727, 1.0826751118527058, 1.0471780983443113, 1.1167810992464993, 1.0265720621540688, 1.118204039522459], 'per-client-num-examples': [1507, 1443, 1561, 1557, 970, 732, 1246, 987]}
[92mINFO [0m:      Global evaluation
[92mINFO [0m:      	└──> MetricRecord: {'loss': 1.0878588888168335, 'accuracy': 0.6192, 'f1': 0.6181836832527261, 'precision': 0.6310598509792088, 'auc': 0.9337322333333334, 'diverged': 0.0}
[92mINFO [0m:      
[92mINFO [0m:      [ROUND 10/20]
[92mINFO [0m:      configure_train: Sampled 8 nodes (out of 8)
[92mINFO [0m:      aggregate_train: pairwise model distance -- max=2.805825 mean=2.528797 median=2.523254 count=28
[92mINFO [0m:      aggregate_train: Received 8 results and 0 failures
[92mINFO [0m:      aggregate_fit: parameters are clipped by value: 5.0000.
[92mINFO [0m:      aggregate_fit: parameters are clipped by value: 5.0000.
[92mINFO [0m:      aggregate_fit: parameters are clipped by value: 5.0000.
[92mINFO [0m:      aggregate_fit: parameters are clipped by value: 5.0000.
[92mINFO [0m:      aggregate_fit: parameters are clipped by value: 5.0000.
[92mINFO [0m:      aggregate_fit: parameters are clipped by value: 5.0000.
[92mINFO [0m:      aggregate_fit: parameters are clipped by value: 5.0000.
[92mINFO [0m:      aggregate_fit: parameters are clipped by value: 5.0000.
[92mINFO [0m:      aggregate_train: Received 8 results and 0 failures
[92mINFO [0m:      aggregate_train: metric-aware noise with 0.011138 stdev added
[92mINFO [0m:      	└──> Aggregated MetricRecord: {'train_loss': 0.43055026790765016, 'train_loss_mean': 0.6564292772868219, 'client-ids': [0, 1, 2, 3, 4, 5, 6, 7], 'per-client-num-examples': [6025, 5770, 6243, 6225, 3880, 2928, 4981, 3945], 'per-client-train_loss': [0.47002709806212745, 0.4424767009203727, 0.44840085066779767, 0.3827430873271452, 0.39468319213267455, 0.41648668099622255, 0.4422678362172044, 0.4309234794441738], 'per-client-train_loss_mean': [0.7024492638111115, 0.6794523594842212, 0.65238259771271, 0.5770659087106406, 0.6340009362304333, 0.6426011488737304, 0.6758271947966787, 0.6919366240690266], 'dp-client-ids': [0, 1, 2, 3, 4, 5, 6, 7], 'dp-update-norms-before-clipping': [14.45062272509091, 14.025198987214495, 14.080746116939919, 14.179245137454833, 11.209142703502824, 9.955770095152486, 13.041344520887174, 11.378730948365419], 'dp-client-clipped': [1, 1, 1, 1, 1, 1, 1, 1], 'dp-num-clients-clipped': 8, 'dp-fraction-clipped': 1.0, 'metric-dp-distance-min': 2.130921389286717, 'metric-dp-distance-median': 2.5232540491657955, 'metric-dp-distance-mean': 2.528797194561256, 'metric-dp-distance-count': 28, 'metric-dp-distance': 2.8058253498747945, 'metric-dp-distance-invalid': 0.0, 'metric-dp-pairwise-distances': [2.7077712904041014, 2.8031224235892296, 2.8058253498747945, 2.5763286914055548, 2.4919152557849884, 2.7030009406929216, 2.5544501319527626, 2.738948185928166, 2.738212818900744, 2.490586696192622, 2.4232188450793424, 2.6456522531807423, 2.481738072509567, 2.75774163287133, 2.485685427983602, 2.4560086630905666, 2.6574704817806682, 2.5106661673635244, 2.5502363642056785, 2.4087889812265835, 2.6623063130925098, 2.535841930968066, 2.149065447350343, 2.4135853073870144, 2.2436060340454183, 2.2886040648445487, 2.130921389286717, 2.3950222867230573], 'metric-dp-pairwise-client-i': [0, 0, 0, 0, 0, 0, 0, 1, 1, 1, 1, 1, 1, 2, 2, 2, 2, 2, 3, 3, 3, 3, 4, 4, 4, 5, 5, 6], 'metric-dp-pairwise-client-j': [1, 2, 3, 4, 5, 6, 7, 2, 3, 4, 5, 6, 7, 3, 4, 5, 6, 7, 4, 5, 6, 7, 5, 6, 7, 6, 7, 7], 'metric-dp-aggregation-collapsed': 0.0, 'dp-signal-update-norm': 2.225714977945174, 'dp-parameter-count': 364426, 'dp-expected-noise-l2-norm': 6.723479176268017, 'dp-noise-to-signal-ratio': 3.020817689098391, 'dp-noise-percent-of-signal': 302.0817689098391, 'metric-dp-noise-stdv': 0.011137542827244926}
[92mINFO [0m:      configure_evaluate: Sampled 8 nodes (out of 8)
[92mINFO [0m:      aggregate_evaluate: Received 8 results and 0 failures
[92mINFO [0m:      	└──> Aggregated MetricRecord: {'eval_loss': 1.0533688682491131, 'eval_acc': 0.6354093771868439, 'client-ids': [0, 1, 2, 3, 4, 5, 6, 7], 'per-client-eval_acc': [0.5885865958858659, 0.6292446292446292, 0.6604740550928891, 0.6756583172768144, 0.6268041237113402, 0.6215846994535519, 0.6476725521669342, 0.6160081053698075], 'per-client-eval_loss': [1.1779636995793972, 1.1018033283746498, 1.0023055971623382, 0.9771191848725482, 1.0434026482178993, 1.0546219596445887, 0.9934731938100358, 1.0778421887027698], 'per-client-num-examples': [1507, 1443, 1561, 1557, 970, 732, 1246, 987]}
[92mINFO [0m:      Global evaluation
[92mINFO [0m:      	└──> MetricRecord: {'loss': 1.0397363941192628, 'accuracy': 0.6318, 'f1': 0.6279068751471882, 'precision': 0.6381827269679762, 'auc': 0.9407150711111112, 'diverged': 0.0}
[92mINFO [0m:      
[92mINFO [0m:      [ROUND 11/20]
[92mINFO [0m:      configure_train: Sampled 8 nodes (out of 8)
[92mINFO [0m:      aggregate_train: pairwise model distance -- max=2.873816 mean=2.561160 median=2.553945 count=28
[92mINFO [0m:      aggregate_train: Received 8 results and 0 failures
[92mINFO [0m:      aggregate_fit: parameters are clipped by value: 5.0000.
[92mINFO [0m:      aggregate_fit: parameters are clipped by value: 5.0000.
[92mINFO [0m:      aggregate_fit: parameters are clipped by value: 5.0000.
[92mINFO [0m:      aggregate_fit: parameters are clipped by value: 5.0000.
[92mINFO [0m:      aggregate_fit: parameters are clipped by value: 5.0000.
[92mINFO [0m:      aggregate_fit: parameters are clipped by value: 5.0000.
[92mINFO [0m:      aggregate_fit: parameters are clipped by value: 5.0000.
[92mINFO [0m:      aggregate_fit: parameters are clipped by value: 5.0000.
[92mINFO [0m:      aggregate_train: Received 8 results and 0 failures
[92mINFO [0m:      aggregate_train: metric-aware noise with 0.010874 stdev added
[92mINFO [0m:      	└──> Aggregated MetricRecord: {'train_loss': 0.38020072256391857, 'train_loss_mean': 0.601874173472359, 'client-ids': [0, 1, 2, 3, 4, 5, 6, 7], 'per-client-num-examples': [6025, 5770, 6243, 6225, 3880, 2928, 4981, 3945], 'per-client-train_loss': [0.41770691948807587, 0.3888830604958162, 0.3850494154977928, 0.33325105004042505, 0.35235884573656256, 0.3634310928198809, 0.40398696711733023, 0.38642836996508795], 'per-client-train_loss_mean': [0.6456653618258559, 0.6233847218214742, 0.5969496598266436, 0.5282096685367416, 0.5814495225235359, 0.5943761783870842, 0.6179147603305509, 0.6329644447678395], 'dp-client-ids': [0, 1, 2, 3, 4, 5, 6, 7], 'dp-update-norms-before-clipping': [15.03862187657819, 13.93947090235283, 14.122071872273532, 13.943557568216827, 11.52039375261484, 9.778645402019214, 12.994782423479416, 11.71606096391208], 'dp-client-clipped': [1, 1, 1, 1, 1, 1, 1, 1], 'dp-num-clients-clipped': 8, 'dp-fraction-clipped': 1.0, 'metric-dp-distance-min': 2.168448293271164, 'metric-dp-distance-median': 2.553944624649982, 'metric-dp-distance-mean': 2.5611598091144563, 'metric-dp-distance-count': 28, 'metric-dp-distance': 2.8738163079445562, 'metric-dp-distance-invalid': 0.0, 'metric-dp-pairwise-distances': [2.7695891465991735, 2.8738163079445562, 2.8324218094348907, 2.6504310835152864, 2.545142204500735, 2.7680735299363732, 2.641348844394088, 2.7620372449358306, 2.7183183304344616, 2.5258523685236773, 2.416076205049952, 2.6655127881094813, 2.5176622251359126, 2.7615785527353487, 2.5291610093166432, 2.463475104110936, 2.68594263587147, 2.561383600657185, 2.5465056486427784, 2.394307150815924, 2.658748055497805, 2.5615129874398312, 2.1809771033003926, 2.455281699386736, 2.3206318793818355, 2.2999126644184194, 2.168448293271164, 2.438326181843877], 'metric-dp-pairwise-client-i': [0, 0, 0, 0, 0, 0, 0, 1, 1, 1, 1, 1, 1, 2, 2, 2, 2, 2, 3, 3, 3, 3, 4, 4, 4, 5, 5, 6], 'metric-dp-pairwise-client-j': [1, 2, 3, 4, 5, 6, 7, 2, 3, 4, 5, 6, 7, 3, 4, 5, 6, 7, 4, 5, 6, 7, 5, 6, 7, 6, 7, 7], 'metric-dp-aggregation-collapsed': 0.0, 'dp-signal-update-norm': 2.1332575277483556, 'dp-parameter-count': 364426, 'dp-expected-noise-l2-norm': 6.564409931134702, 'dp-noise-to-signal-ratio': 3.077176499202799, 'dp-noise-percent-of-signal': 307.7176499202799, 'metric-dp-noise-stdv': 0.010874042266936326}
[92mINFO [0m:      configure_evaluate: Sampled 8 nodes (out of 8)
[92mINFO [0m:      aggregate_evaluate: Received 8 results and 0 failures
[92mINFO [0m:      	└──> Aggregated MetricRecord: {'eval_loss': 1.059631886165714, 'eval_acc': 0.6469059282215335, 'client-ids': [0, 1, 2, 3, 4, 5, 6, 7], 'per-client-eval_acc': [0.59721300597213, 0.647955647955648, 0.6816143497757847, 0.6994219653179191, 0.6247422680412371, 0.6256830601092896, 0.6500802568218299, 0.6170212765957447], 'per-client-eval_loss': [1.1958376325830056, 1.0837191912505004, 1.0138279342406993, 0.9456634509234223, 1.0801606188115385, 1.0557132601086558, 1.014991576560619, 1.1077637715904909], 'per-client-num-examples': [1507, 1443, 1561, 1557, 970, 732, 1246, 987]}
[92mINFO [0m:      Global evaluation
[92mINFO [0m:      	└──> MetricRecord: {'loss': 1.0414197836875916, 'accuracy': 0.6428, 'f1': 0.6370561484561508, 'precision': 0.6481771633581248, 'auc': 0.9432352577777778, 'diverged': 0.0}
[92mINFO [0m:      
[92mINFO [0m:      [ROUND 12/20]
[92mINFO [0m:      configure_train: Sampled 8 nodes (out of 8)
[92mINFO [0m:      aggregate_train: pairwise model distance -- max=2.933860 mean=2.616470 median=2.609373 count=28
[92mINFO [0m:      aggregate_train: Received 8 results and 0 failures
[92mINFO [0m:      aggregate_fit: parameters are clipped by value: 5.0000.
[92mINFO [0m:      aggregate_fit: parameters are clipped by value: 5.0000.
[92mINFO [0m:      aggregate_fit: parameters are clipped by value: 5.0000.
[92mINFO [0m:      aggregate_fit: parameters are clipped by value: 5.0000.
[92mINFO [0m:      aggregate_fit: parameters are clipped by value: 5.0000.
[92mINFO [0m:      aggregate_fit: parameters are clipped by value: 5.0000.
[92mINFO [0m:      aggregate_fit: parameters are clipped by value: 5.0000.
[92mINFO [0m:      aggregate_fit: parameters are clipped by value: 5.0000.
[92mINFO [0m:      aggregate_train: Received 8 results and 0 failures
[92mINFO [0m:      aggregate_train: metric-aware noise with 0.010651 stdev added
[92mINFO [0m:      	└──> Aggregated MetricRecord: {'train_loss': 0.324129761400904, 'train_loss_mean': 0.5505073777294267, 'client-ids': [0, 1, 2, 3, 4, 5, 6, 7], 'per-client-num-examples': [6025, 5770, 6243, 6225, 3880, 2928, 4981, 3945], 'per-client-train_loss': [0.3503026588526999, 0.34071354969328776, 0.3249170747290967, 0.2760758666819837, 0.2919578973779973, 0.30479983928425064, 0.350828975331374, 0.3467599747600966], 'per-client-train_loss_mean': [0.5938963428206463, 0.5758941235120829, 0.5382768861284704, 0.4785031021771182, 0.5316569487458652, 0.5316534209283975, 0.5762723439131318, 0.5800866654216865], 'dp-client-ids': [0, 1, 2, 3, 4, 5, 6, 7], 'dp-update-norms-before-clipping': [15.334806677037827, 14.167264623680207, 14.54516747101866, 14.546517644346883, 11.418888234050652, 10.064631351637068, 13.151021260115108, 11.660032587923236], 'dp-client-clipped': [1, 1, 1, 1, 1, 1, 1, 1], 'dp-num-clients-clipped': 8, 'dp-fraction-clipped': 1.0, 'metric-dp-distance-min': 2.195340466219932, 'metric-dp-distance-median': 2.6093726687443755, 'metric-dp-distance-mean': 2.616469547002843, 'metric-dp-distance-count': 28, 'metric-dp-distance': 2.933859907090664, 'metric-dp-distance-invalid': 0.0, 'metric-dp-pairwise-distances': [2.854408036607007, 2.933859907090664, 2.9330522840221724, 2.694274994234244, 2.6070609347273908, 2.830321808345616, 2.6922375950962305, 2.821436272623638, 2.822101978895565, 2.5495810098946095, 2.4890053663402796, 2.7186209227268896, 2.549898031167686, 2.8604661133140326, 2.575892973691225, 2.530493249806265, 2.751834312143425, 2.6062480866288147, 2.61168440276136, 2.487655415199697, 2.7303031338378787, 2.628017686928312, 2.19630149534593, 2.462154225446284, 2.308889035756389, 2.3517693715790906, 2.195340466219932, 2.4682382056489587], 'metric-dp-pairwise-client-i': [0, 0, 0, 0, 0, 0, 0, 1, 1, 1, 1, 1, 1, 2, 2, 2, 2, 2, 3, 3, 3, 3, 4, 4, 4, 5, 5, 6], 'metric-dp-pairwise-client-j': [1, 2, 3, 4, 5, 6, 7, 2, 3, 4, 5, 6, 7, 3, 4, 5, 6, 7, 4, 5, 6, 7, 5, 6, 7, 6, 7, 7], 'metric-dp-aggregation-collapsed': 0.0, 'dp-signal-update-norm': 2.0637986183999866, 'dp-parameter-count': 364426, 'dp-expected-noise-l2-norm': 6.43006445758868, 'dp-noise-to-signal-ratio': 3.1156452961354115, 'dp-noise-percent-of-signal': 311.56452961354114, 'metric-dp-noise-stdv': 0.010651497000410215}
[92mINFO [0m:      configure_evaluate: Sampled 8 nodes (out of 8)
[92mINFO [0m:      aggregate_evaluate: Received 8 results and 0 failures
[92mINFO [0m:      	└──> Aggregated MetricRecord: {'eval_loss': 1.0092416521693235, 'eval_acc': 0.6616015195441368, 'client-ids': [0, 1, 2, 3, 4, 5, 6, 7], 'per-client-eval_acc': [0.6244193762441937, 0.6742896742896742, 0.6931454196028187, 0.6968529222864484, 0.6278350515463917, 0.6352459016393442, 0.6548956661316212, 0.6555217831813577], 'per-client-eval_loss': [1.1229268806061368, 0.9906969057216631, 0.9477295371525415, 0.947591871042319, 1.0521583380158415, 1.066931818352371, 0.9707417824869171, 1.0209518865490637], 'per-client-num-examples': [1507, 1443, 1561, 1557, 970, 732, 1246, 987]}
[92mINFO [0m:      Global evaluation
[92mINFO [0m:      	└──> MetricRecord: {'loss': 0.9974608015060424, 'accuracy': 0.6618, 'f1': 0.656926961365942, 'precision': 0.6676244538462489, 'auc': 0.9478474666666666, 'diverged': 0.0}
[92mINFO [0m:      
[92mINFO [0m:      [ROUND 13/20]
[92mINFO [0m:      configure_train: Sampled 8 nodes (out of 8)
[92mINFO [0m:      aggregate_train: pairwise model distance -- max=2.955601 mean=2.670247 median=2.652929 count=28
[92mINFO [0m:      aggregate_train: Received 8 results and 0 failures
[92mINFO [0m:      aggregate_fit: parameters are clipped by value: 5.0000.
[92mINFO [0m:      aggregate_fit: parameters are clipped by value: 5.0000.
[92mINFO [0m:      aggregate_fit: parameters are clipped by value: 5.0000.
[92mINFO [0m:      aggregate_fit: parameters are clipped by value: 5.0000.
[92mINFO [0m:      aggregate_fit: parameters are clipped by value: 5.0000.
[92mINFO [0m:      aggregate_fit: parameters are clipped by value: 5.0000.
[92mINFO [0m:      aggregate_fit: parameters are clipped by value: 5.0000.
[92mINFO [0m:      aggregate_fit: parameters are clipped by value: 5.0000.
[92mINFO [0m:      aggregate_train: Received 8 results and 0 failures
[92mINFO [0m:      aggregate_train: metric-aware noise with 0.010573 stdev added
[92mINFO [0m:      	└──> Aggregated MetricRecord: {'train_loss': 0.2954590530012608, 'train_loss_mean': 0.5107808222350476, 'client-ids': [0, 1, 2, 3, 4, 5, 6, 7], 'per-client-num-examples': [6025, 5770, 6243, 6225, 3880, 2928, 4981, 3945], 'per-client-train_loss': [0.3064425494463117, 0.30490206540199044, 0.33378516483933196, 0.2538067598132245, 0.2612265341982399, 0.2699922578908055, 0.3191059939690417, 0.2926599141762737], 'per-client-train_loss_mean': [0.5483917798471649, 0.5305690330943573, 0.509160802674832, 0.4399400593875402, 0.48868565241086115, 0.5052431560279242, 0.5333463751229864, 0.5360933852784987], 'dp-client-ids': [0, 1, 2, 3, 4, 5, 6, 7], 'dp-update-norms-before-clipping': [15.22404025319644, 14.672783746569998, 14.733948564135165, 14.372964521896217, 11.971724492021604, 10.483508352707213, 13.641764765204721, 11.972196806590901], 'dp-client-clipped': [1, 1, 1, 1, 1, 1, 1, 1], 'dp-num-clients-clipped': 8, 'dp-fraction-clipped': 1.0, 'metric-dp-distance-min': 2.2557315320397415, 'metric-dp-distance-median': 2.6529285187522573, 'metric-dp-distance-mean': 2.6702470706021866, 'metric-dp-distance-count': 28, 'metric-dp-distance': 2.955600614659488, 'metric-dp-distance-invalid': 0.0, 'metric-dp-pairwise-distances': [2.898374094006916, 2.955600614659488, 2.91951696947217, 2.7394294139618673, 2.614482934897145, 2.873707336373627, 2.720338413181404, 2.901466006723543, 2.8616865457346043, 2.665604336808125, 2.544540112527708, 2.8059307442357144, 2.6341925812885165, 2.864234419850012, 2.6453990346441665, 2.571946724628409, 2.823630223982036, 2.65021680512776, 2.6556402323767543, 2.4940479615082345, 2.777182371355593, 2.637857940979302, 2.282518519088626, 2.57381674926728, 2.414794764481485, 2.4265603624905148, 2.2557315320397415, 2.5584702311704555], 'metric-dp-pairwise-client-i': [0, 0, 0, 0, 0, 0, 0, 1, 1, 1, 1, 1, 1, 2, 2, 2, 2, 2, 3, 3, 3, 3, 4, 4, 4, 5, 5, 6], 'metric-dp-pairwise-client-j': [1, 2, 3, 4, 5, 6, 7, 2, 3, 4, 5, 6, 7, 3, 4, 5, 6, 7, 4, 5, 6, 7, 5, 6, 7, 6, 7, 7], 'metric-dp-aggregation-collapsed': 0.0, 'dp-signal-update-norm': 2.0077253351032875, 'dp-parameter-count': 364426, 'dp-expected-noise-l2-norm': 6.382766405772153, 'dp-noise-to-signal-ratio': 3.179103383403682, 'dp-noise-percent-of-signal': 317.9103383403682, 'metric-dp-noise-stdv': 0.010573147077112882}
[92mINFO [0m:      configure_evaluate: Sampled 8 nodes (out of 8)
[92mINFO [0m:      aggregate_evaluate: Received 8 results and 0 failures
[92mINFO [0m:      	└──> Aggregated MetricRecord: {'eval_loss': 1.02040941223888, 'eval_acc': 0.665700289913026, 'client-ids': [0, 1, 2, 3, 4, 5, 6, 7], 'per-client-eval_acc': [0.6290643662906437, 0.6846846846846847, 0.6899423446508648, 0.6897880539499036, 0.6164948453608248, 0.6530054644808743, 0.6685393258426966, 0.6717325227963525], 'per-client-eval_loss': [1.104011084081008, 0.9664588338041669, 0.9671387852651046, 0.9817189165775639, 1.0909094495871632, 1.0868122538582223, 0.990735941101613, 1.0358508959367283], 'per-client-num-examples': [1507, 1443, 1561, 1557, 970, 732, 1246, 987]}
[92mINFO [0m:      Global evaluation
[92mINFO [0m:      	└──> MetricRecord: {'loss': 1.0041478136062623, 'accuracy': 0.6684, 'f1': 0.6647447396005529, 'precision': 0.6732708275759213, 'auc': 0.9486854266666666, 'diverged': 0.0}
[92mINFO [0m:      
[92mINFO [0m:      [ROUND 14/20]
[92mINFO [0m:      configure_train: Sampled 8 nodes (out of 8)
[92mINFO [0m:      aggregate_train: pairwise model distance -- max=2.927800 mean=2.658753 median=2.667930 count=28
[92mINFO [0m:      aggregate_train: Received 8 results and 0 failures
[92mINFO [0m:      aggregate_fit: parameters are clipped by value: 5.0000.
[92mINFO [0m:      aggregate_fit: parameters are clipped by value: 5.0000.
[92mINFO [0m:      aggregate_fit: parameters are clipped by value: 5.0000.
[92mINFO [0m:      aggregate_fit: parameters are clipped by value: 5.0000.
[92mINFO [0m:      aggregate_fit: parameters are clipped by value: 5.0000.
[92mINFO [0m:      aggregate_fit: parameters are clipped by value: 5.0000.
[92mINFO [0m:      aggregate_fit: parameters are clipped by value: 5.0000.
[92mINFO [0m:      aggregate_fit: parameters are clipped by value: 5.0000.
[92mINFO [0m:      aggregate_train: Received 8 results and 0 failures
[92mINFO [0m:      aggregate_train: metric-aware noise with 0.010674 stdev added
[92mINFO [0m:      	└──> Aggregated MetricRecord: {'train_loss': 0.25533577634940596, 'train_loss_mean': 0.47109282035141004, 'client-ids': [0, 1, 2, 3, 4, 5, 6, 7], 'per-client-num-examples': [6025, 5770, 6243, 6225, 3880, 2928, 4981, 3945], 'per-client-train_loss': [0.2598043115702902, 0.2485973393276618, 0.2887050018714594, 0.2214543312572571, 0.24205326812783468, 0.24285257432630153, 0.27964884295829256, 0.25065373333763563], 'per-client-train_loss_mean': [0.49854241748667355, 0.4825955818720046, 0.4714905271904393, 0.410420271450736, 0.45835549046083823, 0.4692149895299328, 0.49861280866306823, 0.48662920646983254], 'dp-client-ids': [0, 1, 2, 3, 4, 5, 6, 7], 'dp-update-norms-before-clipping': [14.831771772084943, 14.442112731428521, 14.729285915101942, 14.510563857030863, 11.766201419555097, 10.41738206495229, 13.64821094999676, 12.49872873330152], 'dp-client-clipped': [1, 1, 1, 1, 1, 1, 1, 1], 'dp-num-clients-clipped': 8, 'dp-fraction-clipped': 1.0, 'metric-dp-distance-min': 2.2509370831151805, 'metric-dp-distance-median': 2.6679295670862, 'metric-dp-distance-mean': 2.658753200611543, 'metric-dp-distance-count': 28, 'metric-dp-distance': 2.927799914342662, 'metric-dp-distance-invalid': 0.0, 'metric-dp-pairwise-distances': [2.841553173648814, 2.927799914342662, 2.8879476099585495, 2.6909779151901603, 2.5613104049116373, 2.831128668350478, 2.7063601476450763, 2.8714168844744563, 2.840370167978108, 2.6281338362023234, 2.520303833298385, 2.778166323900223, 2.647330289706588, 2.8837352761377892, 2.6426564333960414, 2.55830310129871, 2.8140750359743834, 2.679096103645861, 2.656763030526539, 2.5111736760785184, 2.7863120160376034, 2.6847156900912523, 2.2509370831151805, 2.5573843537519374, 2.4200129536911845, 2.4076387140279016, 2.2936602532863617, 2.5658267264564834], 'metric-dp-pairwise-client-i': [0, 0, 0, 0, 0, 0, 0, 1, 1, 1, 1, 1, 1, 2, 2, 2, 2, 2, 3, 3, 3, 3, 4, 4, 4, 5, 5, 6], 'metric-dp-pairwise-client-j': [1, 2, 3, 4, 5, 6, 7, 2, 3, 4, 5, 6, 7, 3, 4, 5, 6, 7, 4, 5, 6, 7, 5, 6, 7, 6, 7, 7], 'metric-dp-aggregation-collapsed': 0.0, 'dp-signal-update-norm': 1.9719281674251739, 'dp-parameter-count': 364426, 'dp-expected-noise-l2-norm': 6.443373476347539, 'dp-noise-to-signal-ratio': 3.267549793540863, 'dp-noise-percent-of-signal': 326.75497935408634, 'metric-dp-noise-stdv': 0.010673543587084956}
[92mINFO [0m:      configure_evaluate: Sampled 8 nodes (out of 8)
[92mINFO [0m:      aggregate_evaluate: Received 8 results and 0 failures
[92mINFO [0m:      	└──> Aggregated MetricRecord: {'eval_loss': 1.033084401890813, 'eval_acc': 0.6703988803358993, 'client-ids': [0, 1, 2, 3, 4, 5, 6, 7], 'per-client-eval_acc': [0.6449900464499004, 0.6735966735966736, 0.6976297245355542, 0.703917790622993, 0.643298969072165, 0.6502732240437158, 0.6613162118780096, 0.6616008105369807], 'per-client-eval_loss': [1.0881305307288318, 1.0596895941577682, 0.9372757154729868, 0.9790523304874956, 1.0841169681745706, 1.1131251757262184, 1.0237769307523823, 1.049138261433672], 'per-client-num-examples': [1507, 1443, 1561, 1557, 970, 732, 1246, 987]}
[92mINFO [0m:      Global evaluation
[92mINFO [0m:      	└──> MetricRecord: {'loss': 1.019679685306549, 'accuracy': 0.6682, 'f1': 0.6672732055495255, 'precision': 0.6707915048224934, 'auc': 0.9477675777777779, 'diverged': 0.0}
[92mINFO [0m:      
[92mINFO [0m:      [ROUND 15/20]
[92mINFO [0m:      configure_train: Sampled 8 nodes (out of 8)
[92mINFO [0m:      aggregate_train: pairwise model distance -- max=2.992372 mean=2.694469 median=2.680356 count=28
[92mINFO [0m:      aggregate_train: Received 8 results and 0 failures
[92mINFO [0m:      aggregate_fit: parameters are clipped by value: 5.0000.
[92mINFO [0m:      aggregate_fit: parameters are clipped by value: 5.0000.
[92mINFO [0m:      aggregate_fit: parameters are clipped by value: 5.0000.
[92mINFO [0m:      aggregate_fit: parameters are clipped by value: 5.0000.
[92mINFO [0m:      aggregate_fit: parameters are clipped by value: 5.0000.
[92mINFO [0m:      aggregate_fit: parameters are clipped by value: 5.0000.
[92mINFO [0m:      aggregate_fit: parameters are clipped by value: 5.0000.
[92mINFO [0m:      aggregate_fit: parameters are clipped by value: 5.0000.
[92mINFO [0m:      aggregate_train: Received 8 results and 0 failures
[92mINFO [0m:      aggregate_train: metric-aware noise with 0.010443 stdev added
[92mINFO [0m:      	└──> Aggregated MetricRecord: {'train_loss': 0.22771047271748443, 'train_loss_mean': 0.4366392994578096, 'client-ids': [0, 1, 2, 3, 4, 5, 6, 7], 'per-client-num-examples': [6025, 5770, 6243, 6225, 3880, 2928, 4981, 3945], 'per-client-train_loss': [0.2665799084812774, 0.24172139605523396, 0.22031586989223356, 0.19556396392454584, 0.20167192465712114, 0.2109188543724232, 0.2425972228083379, 0.22955829713432205], 'per-client-train_loss_mean': [0.46961402898952675, 0.4493321864170053, 0.42617623208565014, 0.37175189494895167, 0.4288182061403683, 0.4423408870407141, 0.45872922965266144, 0.46223016658512206], 'dp-client-ids': [0, 1, 2, 3, 4, 5, 6, 7], 'dp-update-norms-before-clipping': [15.360495524231503, 14.218463529168364, 15.265191037113082, 14.444329140343843, 11.609215714372931, 10.49670519865819, 14.237446415632526, 12.55108749224103], 'dp-client-clipped': [1, 1, 1, 1, 1, 1, 1, 1], 'dp-num-clients-clipped': 8, 'dp-fraction-clipped': 1.0, 'metric-dp-distance-min': 2.251394828160604, 'metric-dp-distance-median': 2.6803563819266856, 'metric-dp-distance-mean': 2.6944690359412644, 'metric-dp-distance-count': 28, 'metric-dp-distance': 2.992372083167235, 'metric-dp-distance-invalid': 0.0, 'metric-dp-pairwise-distances': [2.874293408356607, 2.992372083167235, 2.9429681577409306, 2.704938979508976, 2.6373617881909013, 2.923208150702218, 2.7667271501074233, 2.8952396155024567, 2.8314844723790884, 2.590088091790676, 2.521017819022139, 2.8231219329560795, 2.633185597602278, 2.9317022878676653, 2.6662217372407517, 2.6338551212102175, 2.9080589298779764, 2.7431220645084977, 2.638884319613377, 2.5151974065229297, 2.836470753264924, 2.6944910266126194, 2.251394828160604, 2.598358644793431, 2.4315449434022107, 2.499131867972513, 2.3234253814443946, 2.6372664468362927], 'metric-dp-pairwise-client-i': [0, 0, 0, 0, 0, 0, 0, 1, 1, 1, 1, 1, 1, 2, 2, 2, 2, 2, 3, 3, 3, 3, 4, 4, 4, 5, 5, 6], 'metric-dp-pairwise-client-j': [1, 2, 3, 4, 5, 6, 7, 2, 3, 4, 5, 6, 7, 3, 4, 5, 6, 7, 4, 5, 6, 7, 5, 6, 7, 6, 7, 7], 'metric-dp-aggregation-collapsed': 0.0, 'dp-signal-update-norm': 1.9376372694738686, 'dp-parameter-count': 364426, 'dp-expected-noise-l2-norm': 6.304332411817184, 'dp-noise-to-signal-ratio': 3.2536184719078074, 'dp-noise-percent-of-signal': 325.36184719078074, 'metric-dp-noise-stdv': 0.01044322000455367}
[92mINFO [0m:      configure_evaluate: Sampled 8 nodes (out of 8)
[92mINFO [0m:      aggregate_evaluate: Received 8 results and 0 failures
[92mINFO [0m:      	└──> Aggregated MetricRecord: {'eval_loss': 1.0675635320132317, 'eval_acc': 0.6593022093371987, 'client-ids': [0, 1, 2, 3, 4, 5, 6, 7], 'per-client-eval_acc': [0.6330457863304578, 0.6729036729036729, 0.680973734785394, 0.6955684007707129, 0.6051546391752577, 0.6338797814207651, 0.6565008025682183, 0.6636271529888551], 'per-client-eval_loss': [1.1394721292152101, 1.0491314238338774, 1.0038135205989156, 0.9841756943180229, 1.1913337412568712, 1.137850313238759, 1.0528429974330944, 1.0619046328157156], 'per-client-num-examples': [1507, 1443, 1561, 1557, 970, 732, 1246, 987]}
[92mINFO [0m:      Global evaluation
[92mINFO [0m:      	└──> MetricRecord: {'loss': 1.0448403034210205, 'accuracy': 0.6656, 'f1': 0.6617383332178338, 'precision': 0.6693960495229357, 'auc': 0.9471443177777779, 'diverged': 0.0}
[92mINFO [0m:      
[92mINFO [0m:      [ROUND 16/20]
[92mINFO [0m:      configure_train: Sampled 8 nodes (out of 8)
[92mINFO [0m:      aggregate_train: pairwise model distance -- max=3.030446 mean=2.744737 median=2.747727 count=28
[92mINFO [0m:      aggregate_train: Received 8 results and 0 failures
[92mINFO [0m:      aggregate_fit: parameters are clipped by value: 5.0000.
[92mINFO [0m:      aggregate_fit: parameters are clipped by value: 5.0000.
[92mINFO [0m:      aggregate_fit: parameters are clipped by value: 5.0000.
[92mINFO [0m:      aggregate_fit: parameters are clipped by value: 5.0000.
[92mINFO [0m:      aggregate_fit: parameters are clipped by value: 5.0000.
[92mINFO [0m:      aggregate_fit: parameters are clipped by value: 5.0000.
[92mINFO [0m:      aggregate_fit: parameters are clipped by value: 5.0000.
[92mINFO [0m:      aggregate_fit: parameters are clipped by value: 5.0000.
[92mINFO [0m:      aggregate_train: Received 8 results and 0 failures
[92mINFO [0m:      aggregate_train: metric-aware noise with 0.010312 stdev added
[92mINFO [0m:      	└──> Aggregated MetricRecord: {'train_loss': 0.20285590661926073, 'train_loss_mean': 0.40606050584114595, 'client-ids': [0, 1, 2, 3, 4, 5, 6, 7], 'per-client-num-examples': [6025, 5770, 6243, 6225, 3880, 2928, 4981, 3945], 'per-client-train_loss': [0.23869455878665338, 0.21009329300199472, 0.19725977406609846, 0.18090869869094298, 0.17626174654542787, 0.17322212807793436, 0.23066092037372, 0.19406672976013978], 'per-client-train_loss_mean': [0.4379545959456828, 0.41942071713855816, 0.4012674976054931, 0.34510945727451736, 0.392410947145875, 0.4091741398546865, 0.4277171843186173, 0.4253417143395645], 'dp-client-ids': [0, 1, 2, 3, 4, 5, 6, 7], 'dp-update-norms-before-clipping': [15.269031256914618, 14.920257213749377, 15.450169718724617, 15.105302816955591, 12.356225726657376, 10.371287955880772, 14.809995712162236, 12.461790651597648], 'dp-client-clipped': [1, 1, 1, 1, 1, 1, 1, 1], 'dp-num-clients-clipped': 8, 'dp-fraction-clipped': 1.0, 'metric-dp-distance-min': 2.301180073991418, 'metric-dp-distance-median': 2.7477272128065424, 'metric-dp-distance-mean': 2.744737350309844, 'metric-dp-distance-count': 28, 'metric-dp-distance': 3.030446300903956, 'metric-dp-distance-invalid': 0.0, 'metric-dp-pairwise-distances': [2.9292430380980172, 3.030446300903956, 3.00031320626537, 2.7704193042591214, 2.6256306413561106, 2.970809867916008, 2.752963768939177, 2.9594974921395383, 2.9292488085726895, 2.702866477581362, 2.552637880668044, 2.8997255144640803, 2.679955518959711, 2.983223784714937, 2.750214730078975, 2.6375440660243235, 2.955244153427581, 2.765517385986944, 2.74523969553411, 2.5699618570506573, 2.9248289903625846, 2.7375783966854215, 2.308528888349732, 2.7027072620888553, 2.480131570249796, 2.5152603685855865, 2.301180073991418, 2.6717267654215298], 'metric-dp-pairwise-client-i': [0, 0, 0, 0, 0, 0, 0, 1, 1, 1, 1, 1, 1, 2, 2, 2, 2, 2, 3, 3, 3, 3, 4, 4, 4, 5, 5, 6], 'metric-dp-pairwise-client-j': [1, 2, 3, 4, 5, 6, 7, 2, 3, 4, 5, 6, 7, 3, 4, 5, 6, 7, 4, 5, 6, 7, 5, 6, 7, 6, 7, 7], 'metric-dp-aggregation-collapsed': 0.0, 'dp-signal-update-norm': 1.910556943324109, 'dp-parameter-count': 364426, 'dp-expected-noise-l2-norm': 6.225125423440391, 'dp-noise-to-signal-ratio': 3.258277878182223, 'dp-noise-percent-of-signal': 325.8277878182223, 'metric-dp-noise-stdv': 0.010312012455286998}
[92mINFO [0m:      configure_evaluate: Sampled 8 nodes (out of 8)
[92mINFO [0m:      aggregate_evaluate: Received 8 results and 0 failures
[92mINFO [0m:      	└──> Aggregated MetricRecord: {'eval_loss': 1.077961840713476, 'eval_acc': 0.6670998700389883, 'client-ids': [0, 1, 2, 3, 4, 5, 6, 7], 'per-client-eval_acc': [0.6290643662906437, 0.6756756756756757, 0.6931454196028187, 0.6936416184971098, 0.6412371134020619, 0.657103825136612, 0.6773675762439807, 0.6494427558257345], 'per-client-eval_loss': [1.1925032758206504, 1.0463186179443276, 1.0126812658120545, 1.0307012311755348, 1.104341379145986, 1.1282337871405597, 1.0075807219332331, 1.1527770698493254], 'per-client-num-examples': [1507, 1443, 1561, 1557, 970, 732, 1246, 987]}
[92mINFO [0m:      Global evaluation
[92mINFO [0m:      	└──> MetricRecord: {'loss': 1.0612534514427185, 'accuracy': 0.6748, 'f1': 0.673442572212455, 'precision': 0.6871543308400744, 'auc': 0.9488743222222223, 'diverged': 0.0}
[92mINFO [0m:      
[92mINFO [0m:      [ROUND 17/20]
[92mINFO [0m:      configure_train: Sampled 8 nodes (out of 8)
[92mINFO [0m:      aggregate_train: pairwise model distance -- max=2.975723 mean=2.718061 median=2.689801 count=28
[92mINFO [0m:      aggregate_train: Received 8 results and 0 failures
[92mINFO [0m:      aggregate_fit: parameters are clipped by value: 5.0000.
[92mINFO [0m:      aggregate_fit: parameters are clipped by value: 5.0000.
[92mINFO [0m:      aggregate_fit: parameters are clipped by value: 5.0000.
[92mINFO [0m:      aggregate_fit: parameters are clipped by value: 5.0000.
[92mINFO [0m:      aggregate_fit: parameters are clipped by value: 5.0000.
[92mINFO [0m:      aggregate_fit: parameters are clipped by value: 5.0000.
[92mINFO [0m:      aggregate_fit: parameters are clipped by value: 5.0000.
[92mINFO [0m:      aggregate_fit: parameters are clipped by value: 5.0000.
[92mINFO [0m:      aggregate_train: Received 8 results and 0 failures
[92mINFO [0m:      aggregate_train: metric-aware noise with 0.010502 stdev added
[92mINFO [0m:      	└──> Aggregated MetricRecord: {'train_loss': 0.17098297034193166, 'train_loss_mean': 0.38000217699793826, 'client-ids': [0, 1, 2, 3, 4, 5, 6, 7], 'per-client-num-examples': [6025, 5770, 6243, 6225, 3880, 2928, 4981, 3945], 'per-client-train_loss': [0.18905968591880007, 0.17434824386956993, 0.17189808487032882, 0.15308533007481012, 0.1540490264975533, 0.14587854337496836, 0.18558193297779624, 0.1821013334453937], 'per-client-train_loss_mean': [0.4077040976651971, 0.38598744745167746, 0.3688029990681317, 0.32013891994258964, 0.37478128176220915, 0.38583185933326763, 0.4026991285780088, 0.4132747773182105], 'dp-client-ids': [0, 1, 2, 3, 4, 5, 6, 7], 'dp-update-norms-before-clipping': [14.825864590932913, 15.062041227575827, 15.262253071191383, 14.558931355137716, 11.896120922245087, 10.747710530728014, 14.743200048721672, 12.568211300930303], 'dp-client-clipped': [1, 1, 1, 1, 1, 1, 1, 1], 'dp-num-clients-clipped': 8, 'dp-fraction-clipped': 1.0, 'metric-dp-distance-min': 2.2719394735371075, 'metric-dp-distance-median': 2.689801104522, 'metric-dp-distance-mean': 2.718061095286559, 'metric-dp-distance-count': 28, 'metric-dp-distance': 2.9757230610897145, 'metric-dp-distance-invalid': 0.0, 'metric-dp-pairwise-distances': [2.9137895250072083, 2.962397312435011, 2.910150034663578, 2.676645988598466, 2.5815536249428988, 2.932318888604641, 2.714674038502077, 2.9757230610897145, 2.9101502131670713, 2.6875014562780657, 2.597095769519607, 2.9357875365143022, 2.7162693119607866, 2.9246097452317676, 2.678838773009678, 2.621019712649286, 2.9513113476956883, 2.732501666372021, 2.653392401523888, 2.5222167366494737, 2.9092625360935926, 2.6897165328264236, 2.2719394735371075, 2.6639855982114873, 2.4280180114631853, 2.5495165480921664, 2.305439147166908, 2.689885676217576], 'metric-dp-pairwise-client-i': [0, 0, 0, 0, 0, 0, 0, 1, 1, 1, 1, 1, 1, 2, 2, 2, 2, 2, 3, 3, 3, 3, 4, 4, 4, 5, 5, 6], 'metric-dp-pairwise-client-j': [1, 2, 3, 4, 5, 6, 7, 2, 3, 4, 5, 6, 7, 3, 4, 5, 6, 7, 4, 5, 6, 7, 5, 6, 7, 6, 7, 7], 'metric-dp-aggregation-collapsed': 0.0, 'dp-signal-update-norm': 1.895466775562541, 'dp-parameter-count': 364426, 'dp-expected-noise-l2-norm': 6.339604837158383, 'dp-noise-to-signal-ratio': 3.3446140649323177, 'dp-noise-percent-of-signal': 334.4614064932318, 'metric-dp-noise-stdv': 0.010501649299500405}
[92mINFO [0m:      configure_evaluate: Sampled 8 nodes (out of 8)
[92mINFO [0m:      aggregate_evaluate: Received 8 results and 0 failures
[92mINFO [0m:      	└──> Aggregated MetricRecord: {'eval_loss': 1.1384849751381758, 'eval_acc': 0.6553034089773069, 'client-ids': [0, 1, 2, 3, 4, 5, 6, 7], 'per-client-eval_acc': [0.6337093563370936, 0.6742896742896742, 0.6803331197950032, 0.6557482337829159, 0.6257731958762887, 0.6489071038251366, 0.6629213483146067, 0.6443768996960486], 'per-client-eval_loss': [1.1870689146670586, 1.0511374237301114, 1.0974966094403753, 1.154301592533452, 1.1623419093102525, 1.1786917597869706, 1.0985153559505652, 1.2290750849452303], 'per-client-num-examples': [1507, 1443, 1561, 1557, 970, 732, 1246, 987]}
[92mINFO [0m:      Global evaluation
[92mINFO [0m:      	└──> MetricRecord: {'loss': 1.114935462474823, 'accuracy': 0.6628, 'f1': 0.6648250584997455, 'precision': 0.6846696477719062, 'auc': 0.9448051688888889, 'diverged': 0.0}
[92mINFO [0m:      
[92mINFO [0m:      [ROUND 18/20]
[92mINFO [0m:      configure_train: Sampled 8 nodes (out of 8)
[92mINFO [0m:      aggregate_train: pairwise model distance -- max=2.991483 mean=2.736342 median=2.731527 count=28
[92mINFO [0m:      aggregate_train: Received 8 results and 0 failures
[92mINFO [0m:      aggregate_fit: parameters are clipped by value: 5.0000.
[92mINFO [0m:      aggregate_fit: parameters are clipped by value: 5.0000.
[92mINFO [0m:      aggregate_fit: parameters are clipped by value: 5.0000.
[92mINFO [0m:      aggregate_fit: parameters are clipped by value: 5.0000.
[92mINFO [0m:      aggregate_fit: parameters are clipped by value: 5.0000.
[92mINFO [0m:      aggregate_fit: parameters are clipped by value: 5.0000.
[92mINFO [0m:      aggregate_fit: parameters are clipped by value: 5.0000.
[92mINFO [0m:      aggregate_fit: parameters are clipped by value: 5.0000.
[92mINFO [0m:      aggregate_train: Received 8 results and 0 failures
[92mINFO [0m:      aggregate_train: metric-aware noise with 0.010446 stdev added
[92mINFO [0m:      	└──> Aggregated MetricRecord: {'train_loss': 0.17109311351402046, 'train_loss_mean': 0.36000298188689284, 'client-ids': [0, 1, 2, 3, 4, 5, 6, 7], 'per-client-num-examples': [6025, 5770, 6243, 6225, 3880, 2928, 4981, 3945], 'per-client-train_loss': [0.18785352005503483, 0.18115281138304407, 0.17111997438817572, 0.1707233764069626, 0.1438272135927505, 0.1381800671418508, 0.19068605325483362, 0.157829912896392], 'per-client-train_loss_mean': [0.3811445452771246, 0.3697871555202032, 0.35191920872174426, 0.3088800006369989, 0.3520136804924798, 0.3732213109975956, 0.37653317132931446, 0.3840418414614802], 'dp-client-ids': [0, 1, 2, 3, 4, 5, 6, 7], 'dp-update-norms-before-clipping': [14.910807766133596, 14.96179038138877, 15.4923830597195, 14.91790916714113, 12.199651492907371, 10.71226557607957, 14.721052341578261, 12.809401655876833], 'dp-client-clipped': [1, 1, 1, 1, 1, 1, 1, 1], 'dp-num-clients-clipped': 8, 'dp-fraction-clipped': 1.0, 'metric-dp-distance-min': 2.3044260603686175, 'metric-dp-distance-median': 2.731526772336413, 'metric-dp-distance-mean': 2.7363416489014134, 'metric-dp-distance-count': 28, 'metric-dp-distance': 2.99148254810522, 'metric-dp-distance-invalid': 0.0, 'metric-dp-pairwise-distances': [2.904491097355882, 2.99148254810522, 2.9408236760646105, 2.716904239729047, 2.5897201461096606, 2.9224932932605348, 2.738550170635184, 2.972664650840064, 2.928700562566519, 2.6941647877295813, 2.5684164613485336, 2.902039485052228, 2.7250845401237407, 2.9681049392869077, 2.737969004549086, 2.645141907967627, 2.956366510130465, 2.7732896944507957, 2.7174089774489403, 2.566578371760746, 2.9034838043153286, 2.746814168368777, 2.3044260603686175, 2.666060603223741, 2.4800235958149037, 2.531889107078314, 2.337023315640787, 2.68745044991374], 'metric-dp-pairwise-client-i': [0, 0, 0, 0, 0, 0, 0, 1, 1, 1, 1, 1, 1, 2, 2, 2, 2, 2, 3, 3, 3, 3, 4, 4, 4, 5, 5, 6], 'metric-dp-pairwise-client-j': [1, 2, 3, 4, 5, 6, 7, 2, 3, 4, 5, 6, 7, 3, 4, 5, 6, 7, 4, 5, 6, 7, 5, 6, 7, 6, 7, 7], 'metric-dp-aggregation-collapsed': 0.0, 'dp-signal-update-norm': 1.8827542949773362, 'dp-parameter-count': 364426, 'dp-expected-noise-l2-norm': 6.306207042416805, 'dp-noise-to-signal-ratio': 3.34945832243751, 'dp-noise-percent-of-signal': 334.945832243751, 'metric-dp-noise-stdv': 0.010446325357904391}
[92mINFO [0m:      configure_evaluate: Sampled 8 nodes (out of 8)
[92mINFO [0m:      aggregate_evaluate: Received 8 results and 0 failures
[92mINFO [0m:      	└──> Aggregated MetricRecord: {'eval_loss': 1.1180473512248446, 'eval_acc': 0.6693991802459263, 'client-ids': [0, 1, 2, 3, 4, 5, 6, 7], 'per-client-eval_acc': [0.661579296615793, 0.6881496881496881, 0.6873798846893018, 0.6711624919717405, 0.6360824742268041, 0.6584699453551912, 0.6741573033707865, 0.6575481256332321], 'per-client-eval_loss': [1.1437817530752257, 1.0311214029995501, 1.1052409837369657, 1.114179706144731, 1.1792977814821852, 1.1260272948468317, 1.0889058847871294, 1.2028711545068804], 'per-client-num-examples': [1507, 1443, 1561, 1557, 970, 732, 1246, 987]}
[92mINFO [0m:      Global evaluation
[92mINFO [0m:      	└──> MetricRecord: {'loss': 1.0974280405044556, 'accuracy': 0.6712, 'f1': 0.672679831272467, 'precision': 0.6828688073934925, 'auc': 0.947659851111111, 'diverged': 0.0}
[92mINFO [0m:      
[92mINFO [0m:      [ROUND 19/20]
[92mINFO [0m:      configure_train: Sampled 8 nodes (out of 8)
[92mINFO [0m:      aggregate_train: pairwise model distance -- max=3.037530 mean=2.734394 median=2.737533 count=28
[92mINFO [0m:      aggregate_train: Received 8 results and 0 failures
[92mINFO [0m:      aggregate_fit: parameters are clipped by value: 5.0000.
[92mINFO [0m:      aggregate_fit: parameters are clipped by value: 5.0000.
[92mINFO [0m:      aggregate_fit: parameters are clipped by value: 5.0000.
[92mINFO [0m:      aggregate_fit: parameters are clipped by value: 5.0000.
[92mINFO [0m:      aggregate_fit: parameters are clipped by value: 5.0000.
[92mINFO [0m:      aggregate_fit: parameters are clipped by value: 5.0000.
[92mINFO [0m:      aggregate_fit: parameters are clipped by value: 5.0000.
[92mINFO [0m:      aggregate_fit: parameters are clipped by value: 5.0000.
[92mINFO [0m:      aggregate_train: Received 8 results and 0 failures
[92mINFO [0m:      aggregate_train: metric-aware noise with 0.010288 stdev added
[92mINFO [0m:      	└──> Aggregated MetricRecord: {'train_loss': 0.15734745262214775, 'train_loss_mean': 0.33716495766983745, 'client-ids': [0, 1, 2, 3, 4, 5, 6, 7], 'per-client-num-examples': [6025, 5770, 6243, 6225, 3880, 2928, 4981, 3945], 'per-client-train_loss': [0.18031773469136464, 0.18514509386991504, 0.15353078901321388, 0.13452204797401965, 0.18208800775488626, 0.13654547003530415, 0.144409366797142, 0.13110833778618558], 'per-client-train_loss_mean': [0.35375073636369586, 0.34701487282326565, 0.32548792525442216, 0.28313139211174, 0.3377208418760103, 0.3575988664245996, 0.3533124580252388, 0.36506795312704093], 'dp-client-ids': [0, 1, 2, 3, 4, 5, 6, 7], 'dp-update-norms-before-clipping': [15.435765562097478, 14.428972812125371, 15.303115070014, 15.170409824587313, 12.241381807084144, 10.957168861839031, 14.390771648726453, 12.652128563844899], 'dp-client-clipped': [1, 1, 1, 1, 1, 1, 1, 1], 'dp-num-clients-clipped': 8, 'dp-fraction-clipped': 1.0, 'metric-dp-distance-min': 2.3336538911486664, 'metric-dp-distance-median': 2.7375330508997044, 'metric-dp-distance-mean': 2.7343939010142573, 'metric-dp-distance-count': 28, 'metric-dp-distance': 3.037529941648245, 'metric-dp-distance-invalid': 0.0, 'metric-dp-pairwise-distances': [2.9334706366062164, 3.0275824141378203, 3.037529941648245, 2.7705469063172736, 2.692599437199533, 2.9339012457057834, 2.779776100690166, 2.9202745649963617, 2.915537265750269, 2.650003526980678, 2.5529283167173467, 2.8214034757887325, 2.637188251440724, 2.9783726849903664, 2.706911598953108, 2.6548828423644104, 2.9069295612474284, 2.7462000840653977, 2.728866017734011, 2.612798754746715, 2.88391877617687, 2.7462517401824393, 2.3336538911486664, 2.6221586326137185, 2.455984109391769, 2.525632370263338, 2.3573772671322026, 2.6303488134096065], 'metric-dp-pairwise-client-i': [0, 0, 0, 0, 0, 0, 0, 1, 1, 1, 1, 1, 1, 2, 2, 2, 2, 2, 3, 3, 3, 3, 4, 4, 4, 5, 5, 6], 'metric-dp-pairwise-client-j': [1, 2, 3, 4, 5, 6, 7, 2, 3, 4, 5, 6, 7, 3, 4, 5, 6, 7, 4, 5, 6, 7, 5, 6, 7, 6, 7, 7], 'metric-dp-aggregation-collapsed': 0.0, 'dp-signal-update-norm': 1.8663623566532697, 'dp-parameter-count': 364426, 'dp-expected-noise-l2-norm': 6.210608183138272, 'dp-noise-to-signal-ratio': 3.327654011558095, 'dp-noise-percent-of-signal': 332.76540115580946, 'metric-dp-noise-stdv': 0.01028796443173262}
[92mINFO [0m:      configure_evaluate: Sampled 8 nodes (out of 8)
[92mINFO [0m:      aggregate_evaluate: Received 8 results and 0 failures
[92mINFO [0m:      	└──> Aggregated MetricRecord: {'eval_loss': 1.1253833799457877, 'eval_acc': 0.683594921523543, 'client-ids': [0, 1, 2, 3, 4, 5, 6, 7], 'per-client-eval_acc': [0.6509621765096217, 0.6978516978516979, 0.7059577194106342, 0.6949261400128453, 0.6639175257731958, 0.674863387978142, 0.6902086677367576, 0.6767983789260384], 'per-client-eval_loss': [1.2387074717699333, 1.0736390539778657, 1.0857896957544086, 1.0709866724032657, 1.1408683009983338, 1.1355777203711004, 1.0689095287414845, 1.2249506126179641], 'per-client-num-examples': [1507, 1443, 1561, 1557, 970, 732, 1246, 987]}
[92mINFO [0m:      Global evaluation
[92mINFO [0m:      	└──> MetricRecord: {'loss': 1.110868765258789, 'accuracy': 0.684, 'f1': 0.6846898764236197, 'precision': 0.692185483849093, 'auc': 0.9507075, 'diverged': 0.0}
[92mINFO [0m:      
[92mINFO [0m:      [ROUND 20/20]
[92mINFO [0m:      configure_train: Sampled 8 nodes (out of 8)
[92mINFO [0m:      aggregate_train: pairwise model distance -- max=3.021049 mean=2.724376 median=2.711133 count=28
[92mINFO [0m:      aggregate_train: Received 8 results and 0 failures
[92mINFO [0m:      aggregate_fit: parameters are clipped by value: 5.0000.
[92mINFO [0m:      aggregate_fit: parameters are clipped by value: 5.0000.
[92mINFO [0m:      aggregate_fit: parameters are clipped by value: 5.0000.
[92mINFO [0m:      aggregate_fit: parameters are clipped by value: 5.0000.
[92mINFO [0m:      aggregate_fit: parameters are clipped by value: 5.0000.
[92mINFO [0m:      aggregate_fit: parameters are clipped by value: 5.0000.
[92mINFO [0m:      aggregate_fit: parameters are clipped by value: 5.0000.
[92mINFO [0m:      aggregate_fit: parameters are clipped by value: 5.0000.
[92mINFO [0m:      aggregate_train: Received 8 results and 0 failures
[92mINFO [0m:      aggregate_train: metric-aware noise with 0.010344 stdev added
[92mINFO [0m:      	└──> Aggregated MetricRecord: {'train_loss': 0.14147560302485665, 'train_loss_mean': 0.3194386792104939, 'client-ids': [0, 1, 2, 3, 4, 5, 6, 7], 'per-client-num-examples': [6025, 5770, 6243, 6225, 3880, 2928, 4981, 3945], 'per-client-train_loss': [0.16772909061542685, 0.151305064177415, 0.14749568973552454, 0.12287121926206183, 0.10672474855115426, 0.13195886505676097, 0.1505428986768602, 0.13662636563351852], 'per-client-train_loss_mean': [0.3366298181125237, 0.3287630356919259, 0.3122133860743843, 0.2668490005568807, 0.3104471478446089, 0.34178412438171807, 0.33657804779548334, 0.34458154085848874], 'dp-client-ids': [0, 1, 2, 3, 4, 5, 6, 7], 'dp-update-norms-before-clipping': [15.37009372987827, 15.101439283604021, 15.259941703264536, 15.249407326365073, 11.896578658292947, 10.848060521711808, 14.047804695971148, 12.453417348572543], 'dp-client-clipped': [1, 1, 1, 1, 1, 1, 1, 1], 'dp-num-clients-clipped': 8, 'dp-fraction-clipped': 1.0, 'metric-dp-distance-min': 2.2626443821936846, 'metric-dp-distance-median': 2.7111329116548104, 'metric-dp-distance-mean': 2.724376036414123, 'metric-dp-distance-count': 28, 'metric-dp-distance': 3.0210485172768435, 'metric-dp-distance-invalid': 0.0, 'metric-dp-pairwise-distances': [2.974105028435588, 3.015628938873609, 3.0210485172768435, 2.7249554603671036, 2.6398720930640898, 2.906697627467414, 2.7566989234959087, 2.9752579169968763, 2.972487467341125, 2.6861013720432916, 2.603419365050892, 2.866141390055418, 2.6906620416169367, 2.9832487187037864, 2.677670474474629, 2.626441599180301, 2.8864141715069613, 2.730200285091996, 2.697310362942517, 2.596537731898328, 2.876753717350463, 2.7447629251206913, 2.2626443821936846, 2.5796080799773335, 2.4044678770005703, 2.4746444514021277, 2.304031378744791, 2.604716721922159], 'metric-dp-pairwise-client-i': [0, 0, 0, 0, 0, 0, 0, 1, 1, 1, 1, 1, 1, 2, 2, 2, 2, 2, 3, 3, 3, 3, 4, 4, 4, 5, 5, 6], 'metric-dp-pairwise-client-j': [1, 2, 3, 4, 5, 6, 7, 2, 3, 4, 5, 6, 7, 3, 4, 5, 6, 7, 4, 5, 6, 7, 5, 6, 7, 6, 7, 7], 'metric-dp-aggregation-collapsed': 0.0, 'dp-signal-update-norm': 1.8533289912468192, 'dp-parameter-count': 364426, 'dp-expected-noise-l2-norm': 6.244490349705747, 'dp-noise-to-signal-ratio': 3.3693372192407094, 'dp-noise-percent-of-signal': 336.93372192407094, 'metric-dp-noise-stdv': 0.010344090742431564}
[92mINFO [0m:      configure_evaluate: Sampled 8 nodes (out of 8)
[92mINFO [0m:      aggregate_evaluate: Received 8 results and 0 failures
[92mINFO [0m:      	└──> Aggregated MetricRecord: {'eval_loss': 1.124986257064072, 'eval_acc': 0.6888933320003999, 'client-ids': [0, 1, 2, 3, 4, 5, 6, 7], 'per-client-eval_acc': [0.6529528865295289, 0.6971586971586972, 0.7085201793721974, 0.7084136159280668, 0.6608247422680412, 0.6857923497267759, 0.6982343499197432, 0.6879432624113475], 'per-client-eval_loss': [1.265696785913925, 1.1073507527386406, 1.0778174354509236, 1.039627453112495, 1.1446442338609204, 1.1526922632436283, 1.0449409722133778, 1.2063629996812815], 'per-client-num-examples': [1507, 1443, 1561, 1557, 970, 732, 1246, 987]}
[92mINFO [0m:      Global evaluation
[92mINFO [0m:      	└──> MetricRecord: {'loss': 1.1191271995544434, 'accuracy': 0.6896, 'f1': 0.6892919892376062, 'precision': 0.6946145989411823, 'auc': 0.9521607911111111, 'diverged': 0.0}
[92mINFO [0m:      
[92mINFO [0m:      Strategy execution finished in 575.18s
[92mINFO [0m:      
[92mINFO [0m:      Final results:
[92mINFO [0m:      
[92mINFO [0m:      	Global Arrays:
[92mINFO [0m:      		ArrayRecord (1.392 MB)
[92mINFO [0m:      	
[92mINFO [0m:      	Aggregated ClientApp-side Train Metrics:
[92mINFO [0m:      	{ 1: { 'client-ids': "['0', '1', '2', '3', '4', '5', '6', '7']",
[92mINFO [0m:      	       'dp-client-clipped': "['1', '1', '1', '1', '1', '1', '1', '1']",
[92mINFO [0m:      	       'dp-client-ids': "['0', '1', '2', '3', '4', '5', '6', '7']",
[92mINFO [0m:      	       'dp-expected-noise-l2-norm': '5.5446e+00',
[92mINFO [0m:      	       'dp-fraction-clipped': '1.0000e+00',
[92mINFO [0m:      	       'dp-noise-percent-of-signal': '2.6282e+02',
[92mINFO [0m:      	       'dp-noise-to-signal-ratio': '2.6282e+00',
[92mINFO [0m:      	       'dp-num-clients-clipped': '8',
[92mINFO [0m:      	       'dp-parameter-count': '364426',
[92mINFO [0m:      	       'dp-signal-update-norm': '2.1097e+00',
[92mINFO [0m:      	       'dp-update-norms-before-clipping': "['1.4375e+01', '1.3562e+01', "
[92mINFO [0m:      	                                          "'1.4793e+01', '1.4175e+01', "
[92mINFO [0m:      	                                          "'1.1774e+01', '8.7416e+00', "
[92mINFO [0m:      	                                          "'1.2940e+01', '1.1666e+01']",
[92mINFO [0m:      	       'metric-dp-aggregation-collapsed': '0.0000e+00',
[92mINFO [0m:      	       'metric-dp-distance': '3.4024e+00',
[92mINFO [0m:      	       'metric-dp-distance-count': '28',
[92mINFO [0m:      	       'metric-dp-distance-invalid': '0.0000e+00',
[92mINFO [0m:      	       'metric-dp-distance-mean': '2.9751e+00',
[92mINFO [0m:      	       'metric-dp-distance-median': '3.0121e+00',
[92mINFO [0m:      	       'metric-dp-distance-min': '2.3706e+00',
[92mINFO [0m:      	       'metric-dp-noise-stdv': '9.1848e-03',
[92mINFO [0m:      	       'metric-dp-pairwise-client-i': "['0', '0', '0', '0', '0', '0', '0', "
[92mINFO [0m:      	                                      "'1', '1', '1', '1', '1', '1', '2', '2', "
[92mINFO [0m:      	                                      "'2', '2', '2', '3', '3', '3', '3', '4', "
[92mINFO [0m:      	                                      "'4', '4', '5', '5', '6']",
[92mINFO [0m:      	       'metric-dp-pairwise-client-j': "['1', '2', '3', '4', '5', '6', '7', "
[92mINFO [0m:      	                                      "'2', '3', '4', '5', '6', '7', '3', '4', "
[92mINFO [0m:      	                                      "'5', '6', '7', '4', '5', '6', '7', '5', "
[92mINFO [0m:      	                                      "'6', '7', '6', '7', '7']",
[92mINFO [0m:      	       'metric-dp-pairwise-distances': "['3.1718e+00', '3.4024e+00', "
[92mINFO [0m:      	                                       "'3.2666e+00', '3.0385e+00', "
[92mINFO [0m:      	                                       "'2.7502e+00', '3.1808e+00', "
[92mINFO [0m:      	                                       "'3.0282e+00', '3.3519e+00', "
[92mINFO [0m:      	                                       "'3.2249e+00', '2.9833e+00', "
[92mINFO [0m:      	                                       "'2.6893e+00', '3.1155e+00', "
[92mINFO [0m:      	                                       "'2.9272e+00', '3.3318e+00', "
[92mINFO [0m:      	                                       "'3.1321e+00', '2.9238e+00', "
[92mINFO [0m:      	                                       "'3.2250e+00', '3.0803e+00', "
[92mINFO [0m:      	                                       "'2.9873e+00', '2.6578e+00', "
[92mINFO [0m:      	                                       "'3.1062e+00', '2.9959e+00', "
[92mINFO [0m:      	                                       "'2.3706e+00', '2.8885e+00', "
[92mINFO [0m:      	                                       "'2.7738e+00', '2.5558e+00', "
[92mINFO [0m:      	                                       "'2.4346e+00', '2.7090e+00']",
[92mINFO [0m:      	       'per-client-num-examples': "['6025', '5770', '6243', '6225', '3880', "
[92mINFO [0m:      	                                  "'2928', '4981', '3945']",
[92mINFO [0m:      	       'per-client-train_loss': "['1.3823e+00', '1.4369e+00', '1.4050e+00', "
[92mINFO [0m:      	                                "'1.2660e+00', '1.4965e+00', '1.6489e+00', "
[92mINFO [0m:      	                                "'1.3888e+00', '1.5238e+00']",
[92mINFO [0m:      	       'per-client-train_loss_mean': "['1.6487e+00', '1.7347e+00', "
[92mINFO [0m:      	                                     "'1.6993e+00', '1.5388e+00', "
[92mINFO [0m:      	                                     "'1.7035e+00', '1.8385e+00', "
[92mINFO [0m:      	                                     "'1.6638e+00', '1.7597e+00']",
[92mINFO [0m:      	       'train_loss': '1.4210e+00',
[92mINFO [0m:      	       'train_loss_mean': '1.6840e+00'},
[92mINFO [0m:      	  2: { 'client-ids': "['0', '1', '2', '3', '4', '5', '6', '7']",
[92mINFO [0m:      	       'dp-client-clipped': "['1', '1', '1', '1', '1', '1', '1', '1']",
[92mINFO [0m:      	       'dp-client-ids': "['0', '1', '2', '3', '4', '5', '6', '7']",
[92mINFO [0m:      	       'dp-expected-noise-l2-norm': '6.1984e+00',
[92mINFO [0m:      	       'dp-fraction-clipped': '1.0000e+00',
[92mINFO [0m:      	       'dp-noise-percent-of-signal': '2.2603e+02',
[92mINFO [0m:      	       'dp-noise-to-signal-ratio': '2.2603e+00',
[92mINFO [0m:      	       'dp-num-clients-clipped': '8',
[92mINFO [0m:      	       'dp-parameter-count': '364426',
[92mINFO [0m:      	       'dp-signal-update-norm': '2.7423e+00',
[92mINFO [0m:      	       'dp-update-norms-before-clipping': "['1.4629e+01', '1.4270e+01', "
[92mINFO [0m:      	                                          "'1.5177e+01', '1.4330e+01', "
[92mINFO [0m:      	                                          "'1.1675e+01', '1.0377e+01', "
[92mINFO [0m:      	                                          "'1.3338e+01', '1.1814e+01']",
[92mINFO [0m:      	       'metric-dp-aggregation-collapsed': '0.0000e+00',
[92mINFO [0m:      	       'metric-dp-distance': '3.0435e+00',
[92mINFO [0m:      	       'metric-dp-distance-count': '28',
[92mINFO [0m:      	       'metric-dp-distance-invalid': '0.0000e+00',
[92mINFO [0m:      	       'metric-dp-distance-mean': '2.6898e+00',
[92mINFO [0m:      	       'metric-dp-distance-median': '2.7344e+00',
[92mINFO [0m:      	       'metric-dp-distance-min': '2.2626e+00',
[92mINFO [0m:      	       'metric-dp-noise-stdv': '1.0268e-02',
[92mINFO [0m:      	       'metric-dp-pairwise-client-i': "['0', '0', '0', '0', '0', '0', '0', "
[92mINFO [0m:      	                                      "'1', '1', '1', '1', '1', '1', '2', '2', "
[92mINFO [0m:      	                                      "'2', '2', '2', '3', '3', '3', '3', '4', "
[92mINFO [0m:      	                                      "'4', '4', '5', '5', '6']",
[92mINFO [0m:      	       'metric-dp-pairwise-client-j': "['1', '2', '3', '4', '5', '6', '7', "
[92mINFO [0m:      	                                      "'2', '3', '4', '5', '6', '7', '3', '4', "
[92mINFO [0m:      	                                      "'5', '6', '7', '4', '5', '6', '7', '5', "
[92mINFO [0m:      	                                      "'6', '7', '6', '7', '7']",
[92mINFO [0m:      	       'metric-dp-pairwise-distances': "['2.8212e+00', '3.0435e+00', "
[92mINFO [0m:      	                                       "'2.9304e+00', '2.7987e+00', "
[92mINFO [0m:      	                                       "'2.5464e+00', '2.8796e+00', "
[92mINFO [0m:      	                                       "'2.7247e+00', '3.0388e+00', "
[92mINFO [0m:      	                                       "'2.8794e+00', '2.7441e+00', "
[92mINFO [0m:      	                                       "'2.5415e+00', '2.7720e+00', "
[92mINFO [0m:      	                                       "'2.6540e+00', '2.8829e+00', "
[92mINFO [0m:      	                                       "'2.7940e+00', '2.6223e+00', "
[92mINFO [0m:      	                                       "'2.8971e+00', '2.6998e+00', "
[92mINFO [0m:      	                                       "'2.7543e+00', '2.3768e+00', "
[92mINFO [0m:      	                                       "'2.7903e+00', '2.7226e+00', "
[92mINFO [0m:      	                                       "'2.2870e+00', '2.5818e+00', "
[92mINFO [0m:      	                                       "'2.4687e+00', '2.3187e+00', "
[92mINFO [0m:      	                                       "'2.2626e+00', '2.4818e+00']",
[92mINFO [0m:      	       'per-client-num-examples': "['6025', '5770', '6243', '6225', '3880', "
[92mINFO [0m:      	                                  "'2928', '4981', '3945']",
[92mINFO [0m:      	       'per-client-train_loss': "['1.3270e+00', '1.3448e+00', '1.2705e+00', "
[92mINFO [0m:      	                                "'1.1931e+00', '1.3799e+00', '1.3978e+00', "
[92mINFO [0m:      	                                "'1.2999e+00', '1.4287e+00']",
[92mINFO [0m:      	       'per-client-train_loss_mean': "['1.5280e+00', '1.5678e+00', "
[92mINFO [0m:      	                                     "'1.4854e+00', '1.4095e+00', "
[92mINFO [0m:      	                                     "'1.5818e+00', '1.6038e+00', "
[92mINFO [0m:      	                                     "'1.4878e+00', '1.6480e+00']",
[92mINFO [0m:      	       'train_loss': '1.3169e+00',
[92mINFO [0m:      	       'train_loss_mean': '1.5262e+00'},
[92mINFO [0m:      	  3: { 'client-ids': "['0', '1', '2', '3', '4', '5', '6', '7']",
[92mINFO [0m:      	       'dp-client-clipped': "['1', '1', '1', '1', '1', '1', '1', '1']",
[92mINFO [0m:      	       'dp-client-ids': "['0', '1', '2', '3', '4', '5', '6', '7']",
[92mINFO [0m:      	       'dp-expected-noise-l2-norm': '6.9713e+00',
[92mINFO [0m:      	       'dp-fraction-clipped': '1.0000e+00',
[92mINFO [0m:      	       'dp-noise-percent-of-signal': '2.0503e+02',
[92mINFO [0m:      	       'dp-noise-to-signal-ratio': '2.0503e+00',
[92mINFO [0m:      	       'dp-num-clients-clipped': '8',
[92mINFO [0m:      	       'dp-parameter-count': '364426',
[92mINFO [0m:      	       'dp-signal-update-norm': '3.4002e+00',
[92mINFO [0m:      	       'dp-update-norms-before-clipping': "['1.4799e+01', '1.4725e+01', "
[92mINFO [0m:      	                                          "'1.5282e+01', '1.4738e+01', "
[92mINFO [0m:      	                                          "'1.1979e+01', '9.8501e+00', "
[92mINFO [0m:      	                                          "'1.2824e+01', '1.1920e+01']",
[92mINFO [0m:      	       'metric-dp-aggregation-collapsed': '0.0000e+00',
[92mINFO [0m:      	       'metric-dp-distance': '2.7061e+00',
[92mINFO [0m:      	       'metric-dp-distance-count': '28',
[92mINFO [0m:      	       'metric-dp-distance-invalid': '0.0000e+00',
[92mINFO [0m:      	       'metric-dp-distance-mean': '2.3310e+00',
[92mINFO [0m:      	       'metric-dp-distance-median': '2.3601e+00',
[92mINFO [0m:      	       'metric-dp-distance-min': '1.8855e+00',
[92mINFO [0m:      	       'metric-dp-noise-stdv': '1.1548e-02',
[92mINFO [0m:      	       'metric-dp-pairwise-client-i': "['0', '0', '0', '0', '0', '0', '0', "
[92mINFO [0m:      	                                      "'1', '1', '1', '1', '1', '1', '2', '2', "
[92mINFO [0m:      	                                      "'2', '2', '2', '3', '3', '3', '3', '4', "
[92mINFO [0m:      	                                      "'4', '4', '5', '5', '6']",
[92mINFO [0m:      	       'metric-dp-pairwise-client-j': "['1', '2', '3', '4', '5', '6', '7', "
[92mINFO [0m:      	                                      "'2', '3', '4', '5', '6', '7', '3', '4', "
[92mINFO [0m:      	                                      "'5', '6', '7', '4', '5', '6', '7', '5', "
[92mINFO [0m:      	                                      "'6', '7', '6', '7', '7']",
[92mINFO [0m:      	       'metric-dp-pairwise-distances': "['2.4508e+00', '2.7061e+00', "
[92mINFO [0m:      	                                       "'2.6290e+00', '2.4064e+00', "
[92mINFO [0m:      	                                       "'2.2989e+00', '2.5835e+00', "
[92mINFO [0m:      	                                       "'2.3849e+00', '2.5809e+00', "
[92mINFO [0m:      	                                       "'2.5620e+00', '2.3518e+00', "
[92mINFO [0m:      	                                       "'2.2600e+00', '2.4500e+00', "
[92mINFO [0m:      	                                       "'2.2417e+00', '2.5210e+00', "
[92mINFO [0m:      	                                       "'2.3051e+00', '2.3269e+00', "
[92mINFO [0m:      	                                       "'2.4616e+00', '2.3192e+00', "
[92mINFO [0m:      	                                       "'2.3938e+00', '2.0940e+00', "
[92mINFO [0m:      	                                       "'2.4236e+00', '2.3685e+00', "
[92mINFO [0m:      	                                       "'1.9345e+00', '2.1618e+00', "
[92mINFO [0m:      	                                       "'2.0521e+00', '2.0012e+00', "
[92mINFO [0m:      	                                       "'1.8855e+00', '2.1130e+00']",
[92mINFO [0m:      	       'per-client-num-examples': "['6025', '5770', '6243', '6225', '3880', "
[92mINFO [0m:      	                                  "'2928', '4981', '3945']",
[92mINFO [0m:      	       'per-client-train_loss': "['1.1800e+00', '1.1886e+00', '1.1152e+00', "
[92mINFO [0m:      	                                "'1.0094e+00', '1.2056e+00', '1.1985e+00', "
[92mINFO [0m:      	                                "'1.1630e+00', '1.2718e+00']",
[92mINFO [0m:      	       'per-client-train_loss_mean': "['1.3724e+00', '1.3941e+00', "
[92mINFO [0m:      	                                     "'1.3215e+00', '1.2197e+00', "
[92mINFO [0m:      	                                     "'1.3665e+00', '1.3851e+00', "
[92mINFO [0m:      	                                     "'1.3373e+00', '1.4414e+00']",
[92mINFO [0m:      	       'train_loss': '1.1554e+00',
[92mINFO [0m:      	       'train_loss_mean': '1.3466e+00'},
[92mINFO [0m:      	  4: { 'client-ids': "['0', '1', '2', '3', '4', '5', '6', '7']",
[92mINFO [0m:      	       'dp-client-clipped': "['1', '1', '1', '1', '1', '1', '1', '1']",
[92mINFO [0m:      	       'dp-client-ids': "['0', '1', '2', '3', '4', '5', '6', '7']",
[92mINFO [0m:      	       'dp-expected-noise-l2-norm': '7.4446e+00',
[92mINFO [0m:      	       'dp-fraction-clipped': '1.0000e+00',
[92mINFO [0m:      	       'dp-noise-percent-of-signal': '2.2301e+02',
[92mINFO [0m:      	       'dp-noise-to-signal-ratio': '2.2301e+00',
[92mINFO [0m:      	       'dp-num-clients-clipped': '8',
[92mINFO [0m:      	       'dp-parameter-count': '364426',
[92mINFO [0m:      	       'dp-signal-update-norm': '3.3383e+00',
[92mINFO [0m:      	       'dp-update-norms-before-clipping': "['1.3951e+01', '1.3933e+01', "
[92mINFO [0m:      	                                          "'1.4568e+01', '1.3989e+01', "
[92mINFO [0m:      	                                          "'1.0815e+01', '9.3689e+00', "
[92mINFO [0m:      	                                          "'1.2741e+01', '1.1350e+01']",
[92mINFO [0m:      	       'metric-dp-aggregation-collapsed': '0.0000e+00',
[92mINFO [0m:      	       'metric-dp-distance': '2.5340e+00',
[92mINFO [0m:      	       'metric-dp-distance-count': '28',
[92mINFO [0m:      	       'metric-dp-distance-invalid': '0.0000e+00',
[92mINFO [0m:      	       'metric-dp-distance-mean': '2.2212e+00',
[92mINFO [0m:      	       'metric-dp-distance-median': '2.2584e+00',
[92mINFO [0m:      	       'metric-dp-distance-min': '1.8143e+00',
[92mINFO [0m:      	       'metric-dp-noise-stdv': '1.2332e-02',
[92mINFO [0m:      	       'metric-dp-pairwise-client-i': "['0', '0', '0', '0', '0', '0', '0', "
[92mINFO [0m:      	                                      "'1', '1', '1', '1', '1', '1', '2', '2', "
[92mINFO [0m:      	                                      "'2', '2', '2', '3', '3', '3', '3', '4', "
[92mINFO [0m:      	                                      "'4', '4', '5', '5', '6']",
[92mINFO [0m:      	       'metric-dp-pairwise-client-j': "['1', '2', '3', '4', '5', '6', '7', "
[92mINFO [0m:      	                                      "'2', '3', '4', '5', '6', '7', '3', '4', "
[92mINFO [0m:      	                                      "'5', '6', '7', '4', '5', '6', '7', '5', "
[92mINFO [0m:      	                                      "'6', '7', '6', '7', '7']",
[92mINFO [0m:      	       'metric-dp-pairwise-distances': "['2.3328e+00', '2.5340e+00', "
[92mINFO [0m:      	                                       "'2.4817e+00', '2.2533e+00', "
[92mINFO [0m:      	                                       "'2.1770e+00', '2.3830e+00', "
[92mINFO [0m:      	                                       "'2.2683e+00', '2.4390e+00', "
[92mINFO [0m:      	                                       "'2.4261e+00', '2.1954e+00', "
[92mINFO [0m:      	                                       "'2.1476e+00', '2.3142e+00', "
[92mINFO [0m:      	                                       "'2.1667e+00', '2.4317e+00', "
[92mINFO [0m:      	                                       "'2.1612e+00', '2.2254e+00', "
[92mINFO [0m:      	                                       "'2.3530e+00', '2.2688e+00', "
[92mINFO [0m:      	                                       "'2.2635e+00', '2.0937e+00', "
[92mINFO [0m:      	                                       "'2.3352e+00', '2.2936e+00', "
[92mINFO [0m:      	                                       "'1.8143e+00', '2.0650e+00', "
[92mINFO [0m:      	                                       "'1.9234e+00', '1.9457e+00', "
[92mINFO [0m:      	                                       "'1.8470e+00', '2.0528e+00']",
[92mINFO [0m:      	       'per-client-num-examples': "['6025', '5770', '6243', '6225', '3880', "
[92mINFO [0m:      	                                  "'2928', '4981', '3945']",
[92mINFO [0m:      	       'per-client-train_loss': "['1.0598e+00', '1.0552e+00', '9.9002e-01', "
[92mINFO [0m:      	                                "'9.1568e-01', '1.0369e+00', '1.0427e+00', "
[92mINFO [0m:      	                                "'1.0202e+00', '1.1043e+00']",
[92mINFO [0m:      	       'per-client-train_loss_mean': "['1.2388e+00', '1.2562e+00', "
[92mINFO [0m:      	                                     "'1.1672e+00', '1.0892e+00', "
[92mINFO [0m:      	                                     "'1.1981e+00', '1.2218e+00', "
[92mINFO [0m:      	                                     "'1.1895e+00', '1.2911e+00']",
[92mINFO [0m:      	       'train_loss': '1.0218e+00',
[92mINFO [0m:      	       'train_loss_mean': '1.2007e+00'},
[92mINFO [0m:      	  5: { 'client-ids': "['0', '1', '2', '3', '4', '5', '6', '7']",
[92mINFO [0m:      	       'dp-client-clipped': "['1', '1', '1', '1', '1', '1', '1', '1']",
[92mINFO [0m:      	       'dp-client-ids': "['0', '1', '2', '3', '4', '5', '6', '7']",
[92mINFO [0m:      	       'dp-expected-noise-l2-norm': '7.2039e+00',
[92mINFO [0m:      	       'dp-fraction-clipped': '1.0000e+00',
[92mINFO [0m:      	       'dp-noise-percent-of-signal': '2.3175e+02',
[92mINFO [0m:      	       'dp-noise-to-signal-ratio': '2.3175e+00',
[92mINFO [0m:      	       'dp-num-clients-clipped': '8',
[92mINFO [0m:      	       'dp-parameter-count': '364426',
[92mINFO [0m:      	       'dp-signal-update-norm': '3.1085e+00',
[92mINFO [0m:      	       'dp-update-norms-before-clipping': "['1.4418e+01', '1.3506e+01', "
[92mINFO [0m:      	                                          "'1.4776e+01', '1.3532e+01', "
[92mINFO [0m:      	                                          "'1.0914e+01', '8.8981e+00', "
[92mINFO [0m:      	                                          "'1.2414e+01', '1.0900e+01']",
[92mINFO [0m:      	       'metric-dp-aggregation-collapsed': '0.0000e+00',
[92mINFO [0m:      	       'metric-dp-distance': '2.6187e+00',
[92mINFO [0m:      	       'metric-dp-distance-count': '28',
[92mINFO [0m:      	       'metric-dp-distance-invalid': '0.0000e+00',
[92mINFO [0m:      	       'metric-dp-distance-mean': '2.2555e+00',
[92mINFO [0m:      	       'metric-dp-distance-median': '2.2835e+00',
[92mINFO [0m:      	       'metric-dp-distance-min': '1.8266e+00',
[92mINFO [0m:      	       'metric-dp-noise-stdv': '1.1933e-02',
[92mINFO [0m:      	       'metric-dp-pairwise-client-i': "['0', '0', '0', '0', '0', '0', '0', "
[92mINFO [0m:      	                                      "'1', '1', '1', '1', '1', '1', '2', '2', "
[92mINFO [0m:      	                                      "'2', '2', '2', '3', '3', '3', '3', '4', "
[92mINFO [0m:      	                                      "'4', '4', '5', '5', '6']",
[92mINFO [0m:      	       'metric-dp-pairwise-client-j': "['1', '2', '3', '4', '5', '6', '7', "
[92mINFO [0m:      	                                      "'2', '3', '4', '5', '6', '7', '3', '4', "
[92mINFO [0m:      	                                      "'5', '6', '7', '4', '5', '6', '7', '5', "
[92mINFO [0m:      	                                      "'6', '7', '6', '7', '7']",
[92mINFO [0m:      	       'metric-dp-pairwise-distances': "['2.3811e+00', '2.6187e+00', "
[92mINFO [0m:      	                                       "'2.5029e+00', '2.3202e+00', "
[92mINFO [0m:      	                                       "'2.2390e+00', '2.4514e+00', "
[92mINFO [0m:      	                                       "'2.2942e+00', '2.5047e+00', "
[92mINFO [0m:      	                                       "'2.4056e+00', '2.2069e+00', "
[92mINFO [0m:      	                                       "'2.1389e+00', '2.3364e+00', "
[92mINFO [0m:      	                                       "'2.1568e+00', '2.5199e+00', "
[92mINFO [0m:      	                                       "'2.2705e+00', '2.2843e+00', "
[92mINFO [0m:      	                                       "'2.4468e+00', '2.3304e+00', "
[92mINFO [0m:      	                                       "'2.2827e+00', '2.0854e+00', "
[92mINFO [0m:      	                                       "'2.3580e+00', '2.2635e+00', "
[92mINFO [0m:      	                                       "'1.8525e+00', '2.0997e+00', "
[92mINFO [0m:      	                                       "'1.9486e+00', '1.9612e+00', "
[92mINFO [0m:      	                                       "'1.8266e+00', '2.0674e+00']",
[92mINFO [0m:      	       'per-client-num-examples': "['6025', '5770', '6243', '6225', '3880', "
[92mINFO [0m:      	                                  "'2928', '4981', '3945']",
[92mINFO [0m:      	       'per-client-train_loss': "['9.3107e-01', '9.4219e-01', '8.7720e-01', "
[92mINFO [0m:      	                                "'7.9580e-01', '9.2191e-01', '9.0781e-01', "
[92mINFO [0m:      	                                "'9.3168e-01', '9.6883e-01']",
[92mINFO [0m:      	       'per-client-train_loss_mean': "['1.1237e+00', '1.1337e+00', "
[92mINFO [0m:      	                                     "'1.0555e+00', '9.6992e-01', "
[92mINFO [0m:      	                                     "'1.0882e+00', '1.0696e+00', "
[92mINFO [0m:      	                                     "'1.0835e+00', '1.1535e+00']",
[92mINFO [0m:      	       'train_loss': '9.0442e-01',
[92mINFO [0m:      	       'train_loss_mean': '1.0811e+00'},
[92mINFO [0m:      	  6: { 'client-ids': "['0', '1', '2', '3', '4', '5', '6', '7']",
[92mINFO [0m:      	       'dp-client-clipped': "['1', '1', '1', '1', '1', '1', '1', '1']",
[92mINFO [0m:      	       'dp-client-ids': "['0', '1', '2', '3', '4', '5', '6', '7']",
[92mINFO [0m:      	       'dp-expected-noise-l2-norm': '7.2107e+00',
[92mINFO [0m:      	       'dp-fraction-clipped': '1.0000e+00',
[92mINFO [0m:      	       'dp-noise-percent-of-signal': '2.5148e+02',
[92mINFO [0m:      	       'dp-noise-to-signal-ratio': '2.5148e+00',
[92mINFO [0m:      	       'dp-num-clients-clipped': '8',
[92mINFO [0m:      	       'dp-parameter-count': '364426',
[92mINFO [0m:      	       'dp-signal-update-norm': '2.8674e+00',
[92mINFO [0m:      	       'dp-update-norms-before-clipping': "['1.4426e+01', '1.3833e+01', "
[92mINFO [0m:      	                                          "'1.3917e+01', '1.3718e+01', "
[92mINFO [0m:      	                                          "'1.0822e+01', '9.1026e+00', "
[92mINFO [0m:      	                                          "'1.2433e+01', '1.0871e+01']",
[92mINFO [0m:      	       'metric-dp-aggregation-collapsed': '0.0000e+00',
[92mINFO [0m:      	       'metric-dp-distance': '2.6162e+00',
[92mINFO [0m:      	       'metric-dp-distance-count': '28',
[92mINFO [0m:      	       'metric-dp-distance-invalid': '0.0000e+00',
[92mINFO [0m:      	       'metric-dp-distance-mean': '2.3095e+00',
[92mINFO [0m:      	       'metric-dp-distance-median': '2.3103e+00',
[92mINFO [0m:      	       'metric-dp-distance-min': '1.9136e+00',
[92mINFO [0m:      	       'metric-dp-noise-stdv': '1.1945e-02',
[92mINFO [0m:      	       'metric-dp-pairwise-client-i': "['0', '0', '0', '0', '0', '0', '0', "
[92mINFO [0m:      	                                      "'1', '1', '1', '1', '1', '1', '2', '2', "
[92mINFO [0m:      	                                      "'2', '2', '2', '3', '3', '3', '3', '4', "
[92mINFO [0m:      	                                      "'4', '4', '5', '5', '6']",
[92mINFO [0m:      	       'metric-dp-pairwise-client-j': "['1', '2', '3', '4', '5', '6', '7', "
[92mINFO [0m:      	                                      "'2', '3', '4', '5', '6', '7', '3', '4', "
[92mINFO [0m:      	                                      "'5', '6', '7', '4', '5', '6', '7', '5', "
[92mINFO [0m:      	                                      "'6', '7', '6', '7', '7']",
[92mINFO [0m:      	       'metric-dp-pairwise-distances': "['2.4894e+00', '2.6162e+00', "
[92mINFO [0m:      	                                       "'2.5872e+00', '2.3862e+00', "
[92mINFO [0m:      	                                       "'2.2900e+00', '2.5027e+00', "
[92mINFO [0m:      	                                       "'2.3521e+00', '2.5201e+00', "
[92mINFO [0m:      	                                       "'2.4996e+00', '2.3041e+00', "
[92mINFO [0m:      	                                       "'2.2287e+00', '2.4251e+00', "
[92mINFO [0m:      	                                       "'2.2501e+00', '2.5081e+00', "
[92mINFO [0m:      	                                       "'2.2484e+00', '2.2478e+00', "
[92mINFO [0m:      	                                       "'2.4345e+00', '2.2893e+00', "
[92mINFO [0m:      	                                       "'2.3317e+00', '2.1674e+00', "
[92mINFO [0m:      	                                       "'2.4273e+00', '2.3164e+00', "
[92mINFO [0m:      	                                       "'1.9282e+00', '2.1696e+00', "
[92mINFO [0m:      	                                       "'2.0178e+00', '2.0426e+00', "
[92mINFO [0m:      	                                       "'1.9136e+00', '2.1709e+00']",
[92mINFO [0m:      	       'per-client-num-examples': "['6025', '5770', '6243', '6225', '3880', "
[92mINFO [0m:      	                                  "'2928', '4981', '3945']",
[92mINFO [0m:      	       'per-client-train_loss': "['8.3945e-01', '8.2096e-01', '8.0693e-01', "
[92mINFO [0m:      	                                "'6.8793e-01', '7.8484e-01', '8.2192e-01', "
[92mINFO [0m:      	                                "'8.1116e-01', '8.3736e-01']",
[92mINFO [0m:      	       'per-client-train_loss_mean': "['1.0211e+00', '1.0179e+00', "
[92mINFO [0m:      	                                     "'9.6286e-01', '8.7012e-01', "
[92mINFO [0m:      	                                     "'9.7242e-01', '9.7202e-01', "
[92mINFO [0m:      	                                     "'9.8151e-01', '1.0259e+00']",
[92mINFO [0m:      	       'train_loss': '7.9781e-01',
[92mINFO [0m:      	       'train_loss_mean': '9.7528e-01'},
[92mINFO [0m:      	  7: { 'client-ids': "['0', '1', '2', '3', '4', '5', '6', '7']",
[92mINFO [0m:      	       'dp-client-clipped': "['1', '1', '1', '1', '1', '1', '1', '1']",
[92mINFO [0m:      	       'dp-client-ids': "['0', '1', '2', '3', '4', '5', '6', '7']",
[92mINFO [0m:      	       'dp-expected-noise-l2-norm': '7.0771e+00',
[92mINFO [0m:      	       'dp-fraction-clipped': '1.0000e+00',
[92mINFO [0m:      	       'dp-noise-percent-of-signal': '2.6635e+02',
[92mINFO [0m:      	       'dp-noise-to-signal-ratio': '2.6635e+00',
[92mINFO [0m:      	       'dp-num-clients-clipped': '8',
[92mINFO [0m:      	       'dp-parameter-count': '364426',
[92mINFO [0m:      	       'dp-signal-update-norm': '2.6571e+00',
[92mINFO [0m:      	       'dp-update-norms-before-clipping': "['1.4160e+01', '1.3823e+01', "
[92mINFO [0m:      	                                          "'1.3859e+01', '1.4212e+01', "
[92mINFO [0m:      	                                          "'1.0719e+01', '9.3687e+00', "
[92mINFO [0m:      	                                          "'1.2834e+01', '1.0902e+01']",
[92mINFO [0m:      	       'metric-dp-aggregation-collapsed': '0.0000e+00',
[92mINFO [0m:      	       'metric-dp-distance': '2.6656e+00',
[92mINFO [0m:      	       'metric-dp-distance-count': '28',
[92mINFO [0m:      	       'metric-dp-distance-invalid': '0.0000e+00',
[92mINFO [0m:      	       'metric-dp-distance-mean': '2.3863e+00',
[92mINFO [0m:      	       'metric-dp-distance-median': '2.3576e+00',
[92mINFO [0m:      	       'metric-dp-distance-min': '1.9726e+00',
[92mINFO [0m:      	       'metric-dp-noise-stdv': '1.1723e-02',
[92mINFO [0m:      	       'metric-dp-pairwise-client-i': "['0', '0', '0', '0', '0', '0', '0', "
[92mINFO [0m:      	                                      "'1', '1', '1', '1', '1', '1', '2', '2', "
[92mINFO [0m:      	                                      "'2', '2', '2', '3', '3', '3', '3', '4', "
[92mINFO [0m:      	                                      "'4', '4', '5', '5', '6']",
[92mINFO [0m:      	       'metric-dp-pairwise-client-j': "['1', '2', '3', '4', '5', '6', '7', "
[92mINFO [0m:      	                                      "'2', '3', '4', '5', '6', '7', '3', '4', "
[92mINFO [0m:      	                                      "'5', '6', '7', '4', '5', '6', '7', '5', "
[92mINFO [0m:      	                                      "'6', '7', '6', '7', '7']",
[92mINFO [0m:      	       'metric-dp-pairwise-distances': "['2.5386e+00', '2.6247e+00', "
[92mINFO [0m:      	                                       "'2.6656e+00', '2.4016e+00', "
[92mINFO [0m:      	                                       "'2.3255e+00', '2.5532e+00', "
[92mINFO [0m:      	                                       "'2.3671e+00', '2.5910e+00', "
[92mINFO [0m:      	                                       "'2.6309e+00', '2.3392e+00', "
[92mINFO [0m:      	                                       "'2.2874e+00', '2.5251e+00', "
[92mINFO [0m:      	                                       "'2.3234e+00', '2.6341e+00', "
[92mINFO [0m:      	                                       "'2.3182e+00', '2.3149e+00', "
[92mINFO [0m:      	                                       "'2.5280e+00', '2.3482e+00', "
[92mINFO [0m:      	                                       "'2.4544e+00', '2.3219e+00', "
[92mINFO [0m:      	                                       "'2.5610e+00', '2.4199e+00', "
[92mINFO [0m:      	                                       "'1.9923e+00', '2.2680e+00', "
[92mINFO [0m:      	                                       "'2.0807e+00', '2.1518e+00', "
[92mINFO [0m:      	                                       "'1.9726e+00', '2.2767e+00']",
[92mINFO [0m:      	       'per-client-num-examples': "['6025', '5770', '6243', '6225', '3880', "
[92mINFO [0m:      	                                  "'2928', '4981', '3945']",
[92mINFO [0m:      	       'per-client-train_loss': "['7.3770e-01', '7.1992e-01', '6.8957e-01', "
[92mINFO [0m:      	                                "'5.7318e-01', '6.6052e-01', '6.8534e-01', "
[92mINFO [0m:      	                                "'6.8514e-01', '7.2758e-01']",
[92mINFO [0m:      	       'per-client-train_loss_mean': "['9.3339e-01', '9.2152e-01', "
[92mINFO [0m:      	                                     "'8.7237e-01', '7.8126e-01', "
[92mINFO [0m:      	                                     "'8.6743e-01', '8.7758e-01', "
[92mINFO [0m:      	                                     "'8.9254e-01', '9.3492e-01']",
[92mINFO [0m:      	       'train_loss': '6.8315e-01',
[92mINFO [0m:      	       'train_loss_mean': '8.8305e-01'},
[92mINFO [0m:      	  8: { 'client-ids': "['0', '1', '2', '3', '4', '5', '6', '7']",
[92mINFO [0m:      	       'dp-client-clipped': "['1', '1', '1', '1', '1', '1', '1', '1']",
[92mINFO [0m:      	       'dp-client-ids': "['0', '1', '2', '3', '4', '5', '6', '7']",
[92mINFO [0m:      	       'dp-expected-noise-l2-norm': '6.9948e+00',
[92mINFO [0m:      	       'dp-fraction-clipped': '1.0000e+00',
[92mINFO [0m:      	       'dp-noise-percent-of-signal': '2.8380e+02',
[92mINFO [0m:      	       'dp-noise-to-signal-ratio': '2.8380e+00',
[92mINFO [0m:      	       'dp-num-clients-clipped': '8',
[92mINFO [0m:      	       'dp-parameter-count': '364426',
[92mINFO [0m:      	       'dp-signal-update-norm': '2.4647e+00',
[92mINFO [0m:      	       'dp-update-norms-before-clipping': "['1.4218e+01', '1.3846e+01', "
[92mINFO [0m:      	                                          "'1.3954e+01', '1.3976e+01', "
[92mINFO [0m:      	                                          "'1.1064e+01', '9.7231e+00', "
[92mINFO [0m:      	                                          "'1.3076e+01', '1.1280e+01']",
[92mINFO [0m:      	       'metric-dp-aggregation-collapsed': '0.0000e+00',
[92mINFO [0m:      	       'metric-dp-distance': '2.6970e+00',
[92mINFO [0m:      	       'metric-dp-distance-count': '28',
[92mINFO [0m:      	       'metric-dp-distance-invalid': '0.0000e+00',
[92mINFO [0m:      	       'metric-dp-distance-mean': '2.4496e+00',
[92mINFO [0m:      	       'metric-dp-distance-median': '2.4329e+00',
[92mINFO [0m:      	       'metric-dp-distance-min': '2.0688e+00',
[92mINFO [0m:      	       'metric-dp-noise-stdv': '1.1587e-02',
[92mINFO [0m:      	       'metric-dp-pairwise-client-i': "['0', '0', '0', '0', '0', '0', '0', "
[92mINFO [0m:      	                                      "'1', '1', '1', '1', '1', '1', '2', '2', "
[92mINFO [0m:      	                                      "'2', '2', '2', '3', '3', '3', '3', '4', "
[92mINFO [0m:      	                                      "'4', '4', '5', '5', '6']",
[92mINFO [0m:      	       'metric-dp-pairwise-client-j': "['1', '2', '3', '4', '5', '6', '7', "
[92mINFO [0m:      	                                      "'2', '3', '4', '5', '6', '7', '3', '4', "
[92mINFO [0m:      	                                      "'5', '6', '7', '4', '5', '6', '7', '5', "
[92mINFO [0m:      	                                      "'6', '7', '6', '7', '7']",
[92mINFO [0m:      	       'metric-dp-pairwise-distances': "['2.6304e+00', '2.6970e+00', "
[92mINFO [0m:      	                                       "'2.6905e+00', '2.4810e+00', "
[92mINFO [0m:      	                                       "'2.3929e+00', '2.6210e+00', "
[92mINFO [0m:      	                                       "'2.4441e+00', '2.6464e+00', "
[92mINFO [0m:      	                                       "'2.6511e+00', '2.4217e+00', "
[92mINFO [0m:      	                                       "'2.3613e+00', '2.5988e+00', "
[92mINFO [0m:      	                                       "'2.4044e+00', '2.6542e+00', "
[92mINFO [0m:      	                                       "'2.4039e+00', '2.3738e+00', "
[92mINFO [0m:      	                                       "'2.5900e+00', '2.4115e+00', "
[92mINFO [0m:      	                                       "'2.4707e+00', '2.3415e+00', "
[92mINFO [0m:      	                                       "'2.6016e+00', '2.4561e+00', "
[92mINFO [0m:      	                                       "'2.0892e+00', '2.3646e+00', "
[92mINFO [0m:      	                                       "'2.1720e+00', '2.2284e+00', "
[92mINFO [0m:      	                                       "'2.0688e+00', '2.3216e+00']",
[92mINFO [0m:      	       'per-client-num-examples': "['6025', '5770', '6243', '6225', '3880', "
[92mINFO [0m:      	                                  "'2928', '4981', '3945']",
[92mINFO [0m:      	       'per-client-train_loss': "['6.0396e-01', '6.0803e-01', '5.5738e-01', "
[92mINFO [0m:      	                                "'5.1004e-01', '5.7999e-01', '5.8551e-01', "
[92mINFO [0m:      	                                "'6.0233e-01', '5.9780e-01']",
[92mINFO [0m:      	       'per-client-train_loss_mean': "['8.3648e-01', '8.4099e-01', "
[92mINFO [0m:      	                                     "'7.7480e-01', '7.0409e-01', "
[92mINFO [0m:      	                                     "'7.7736e-01', '7.8004e-01', "
[92mINFO [0m:      	                                     "'8.1203e-01', '8.3220e-01']",
[92mINFO [0m:      	       'train_loss': '5.7817e-01',
[92mINFO [0m:      	       'train_loss_mean': '7.9357e-01'},
[92mINFO [0m:      	  9: { 'client-ids': "['0', '1', '2', '3', '4', '5', '6', '7']",
[92mINFO [0m:      	       'dp-client-clipped': "['1', '1', '1', '1', '1', '1', '1', '1']",
[92mINFO [0m:      	       'dp-client-ids': "['0', '1', '2', '3', '4', '5', '6', '7']",
[92mINFO [0m:      	       'dp-expected-noise-l2-norm': '6.6489e+00',
[92mINFO [0m:      	       'dp-fraction-clipped': '1.0000e+00',
[92mINFO [0m:      	       'dp-noise-percent-of-signal': '2.8553e+02',
[92mINFO [0m:      	       'dp-noise-to-signal-ratio': '2.8553e+00',
[92mINFO [0m:      	       'dp-num-clients-clipped': '8',
[92mINFO [0m:      	       'dp-parameter-count': '364426',
[92mINFO [0m:      	       'dp-signal-update-norm': '2.3286e+00',
[92mINFO [0m:      	       'dp-update-norms-before-clipping': "['1.4963e+01', '1.4770e+01', "
[92mINFO [0m:      	                                          "'1.4331e+01', '1.4008e+01', "
[92mINFO [0m:      	                                          "'1.1289e+01', '9.6501e+00', "
[92mINFO [0m:      	                                          "'1.2987e+01', '1.1288e+01']",
[92mINFO [0m:      	       'metric-dp-aggregation-collapsed': '0.0000e+00',
[92mINFO [0m:      	       'metric-dp-distance': '2.8373e+00',
[92mINFO [0m:      	       'metric-dp-distance-count': '28',
[92mINFO [0m:      	       'metric-dp-distance-invalid': '0.0000e+00',
[92mINFO [0m:      	       'metric-dp-distance-mean': '2.5422e+00',
[92mINFO [0m:      	       'metric-dp-distance-median': '2.5302e+00',
[92mINFO [0m:      	       'metric-dp-distance-min': '2.0883e+00',
[92mINFO [0m:      	       'metric-dp-noise-stdv': '1.1014e-02',
[92mINFO [0m:      	       'metric-dp-pairwise-client-i': "['0', '0', '0', '0', '0', '0', '0', "
[92mINFO [0m:      	                                      "'1', '1', '1', '1', '1', '1', '2', '2', "
[92mINFO [0m:      	                                      "'2', '2', '2', '3', '3', '3', '3', '4', "
[92mINFO [0m:      	                                      "'4', '4', '5', '5', '6']",
[92mINFO [0m:      	       'metric-dp-pairwise-client-j': "['1', '2', '3', '4', '5', '6', '7', "
[92mINFO [0m:      	                                      "'2', '3', '4', '5', '6', '7', '3', '4', "
[92mINFO [0m:      	                                      "'5', '6', '7', '4', '5', '6', '7', '5', "
[92mINFO [0m:      	                                      "'6', '7', '6', '7', '7']",
[92mINFO [0m:      	       'metric-dp-pairwise-distances': "['2.8008e+00', '2.8373e+00', "
[92mINFO [0m:      	                                       "'2.8002e+00', '2.6154e+00', "
[92mINFO [0m:      	                                       "'2.5094e+00', '2.7357e+00', "
[92mINFO [0m:      	                                       "'2.5871e+00', '2.8006e+00', "
[92mINFO [0m:      	                                       "'2.7675e+00', '2.5730e+00', "
[92mINFO [0m:      	                                       "'2.4840e+00', '2.7118e+00', "
[92mINFO [0m:      	                                       "'2.5441e+00', '2.7385e+00', "
[92mINFO [0m:      	                                       "'2.5031e+00', '2.4519e+00', "
[92mINFO [0m:      	                                       "'2.6646e+00', '2.5059e+00', "
[92mINFO [0m:      	                                       "'2.5164e+00', '2.3608e+00', "
[92mINFO [0m:      	                                       "'2.6355e+00', '2.5142e+00', "
[92mINFO [0m:      	                                       "'2.1461e+00', '2.4167e+00', "
[92mINFO [0m:      	                                       "'2.2402e+00', '2.2568e+00', "
[92mINFO [0m:      	                                       "'2.0883e+00', '2.3770e+00']",
[92mINFO [0m:      	       'per-client-num-examples': "['6025', '5770', '6243', '6225', '3880', "
[92mINFO [0m:      	                                  "'2928', '4981', '3945']",
[92mINFO [0m:      	       'per-client-train_loss': "['5.3822e-01', '5.2262e-01', '4.9356e-01', "
[92mINFO [0m:      	                                "'4.5076e-01', '4.7373e-01', '5.0534e-01', "
[92mINFO [0m:      	                                "'5.1986e-01', '5.3945e-01']",
[92mINFO [0m:      	       'per-client-train_loss_mean': "['7.7162e-01', '7.5221e-01', "
[92mINFO [0m:      	                                     "'7.0933e-01', '6.4290e-01', "
[92mINFO [0m:      	                                     "'6.9302e-01', '7.1972e-01', "
[92mINFO [0m:      	                                     "'7.3524e-01', '7.6023e-01']",
[92mINFO [0m:      	       'train_loss': '5.0456e-01',
[92mINFO [0m:      	       'train_loss_mean': '7.2199e-01'},
[92mINFO [0m:      	  10: { 'client-ids': "['0', '1', '2', '3', '4', '5', '6', '7']",
[92mINFO [0m:      	        'dp-client-clipped': "['1', '1', '1', '1', '1', '1', '1', '1']",
[92mINFO [0m:      	        'dp-client-ids': "['0', '1', '2', '3', '4', '5', '6', '7']",
[92mINFO [0m:      	        'dp-expected-noise-l2-norm': '6.7235e+00',
[92mINFO [0m:      	        'dp-fraction-clipped': '1.0000e+00',
[92mINFO [0m:      	        'dp-noise-percent-of-signal': '3.0208e+02',
[92mINFO [0m:      	        'dp-noise-to-signal-ratio': '3.0208e+00',
[92mINFO [0m:      	        'dp-num-clients-clipped': '8',
[92mINFO [0m:      	        'dp-parameter-count': '364426',
[92mINFO [0m:      	        'dp-signal-update-norm': '2.2257e+00',
[92mINFO [0m:      	        'dp-update-norms-before-clipping': "['1.4451e+01', '1.4025e+01', "
[92mINFO [0m:      	                                           "'1.4081e+01', '1.4179e+01', "
[92mINFO [0m:      	                                           "'1.1209e+01', '9.9558e+00', "
[92mINFO [0m:      	                                           "'1.3041e+01', '1.1379e+01']",
[92mINFO [0m:      	        'metric-dp-aggregation-collapsed': '0.0000e+00',
[92mINFO [0m:      	        'metric-dp-distance': '2.8058e+00',
[92mINFO [0m:      	        'metric-dp-distance-count': '28',
[92mINFO [0m:      	        'metric-dp-distance-invalid': '0.0000e+00',
[92mINFO [0m:      	        'metric-dp-distance-mean': '2.5288e+00',
[92mINFO [0m:      	        'metric-dp-distance-median': '2.5233e+00',
[92mINFO [0m:      	        'metric-dp-distance-min': '2.1309e+00',
[92mINFO [0m:      	        'metric-dp-noise-stdv': '1.1138e-02',
[92mINFO [0m:      	        'metric-dp-pairwise-client-i': "['0', '0', '0', '0', '0', '0', '0', "
[92mINFO [0m:      	                                       "'1', '1', '1', '1', '1', '1', '2', "
[92mINFO [0m:      	                                       "'2', '2', '2', '2', '3', '3', '3', "
[92mINFO [0m:      	                                       "'3', '4', '4', '4', '5', '5', '6']",
[92mINFO [0m:      	        'metric-dp-pairwise-client-j': "['1', '2', '3', '4', '5', '6', '7', "
[92mINFO [0m:      	                                       "'2', '3', '4', '5', '6', '7', '3', "
[92mINFO [0m:      	                                       "'4', '5', '6', '7', '4', '5', '6', "
[92mINFO [0m:      	                                       "'7', '5', '6', '7', '6', '7', '7']",
[92mINFO [0m:      	        'metric-dp-pairwise-distances': "['2.7078e+00', '2.8031e+00', "
[92mINFO [0m:      	                                        "'2.8058e+00', '2.5763e+00', "
[92mINFO [0m:      	                                        "'2.4919e+00', '2.7030e+00', "
[92mINFO [0m:      	                                        "'2.5545e+00', '2.7389e+00', "
[92mINFO [0m:      	                                        "'2.7382e+00', '2.4906e+00', "
[92mINFO [0m:      	                                        "'2.4232e+00', '2.6457e+00', "
[92mINFO [0m:      	                                        "'2.4817e+00', '2.7577e+00', "
[92mINFO [0m:      	                                        "'2.4857e+00', '2.4560e+00', "
[92mINFO [0m:      	                                        "'2.6575e+00', '2.5107e+00', "
[92mINFO [0m:      	                                        "'2.5502e+00', '2.4088e+00', "
[92mINFO [0m:      	                                        "'2.6623e+00', '2.5358e+00', "
[92mINFO [0m:      	                                        "'2.1491e+00', '2.4136e+00', "
[92mINFO [0m:      	                                        "'2.2436e+00', '2.2886e+00', "
[92mINFO [0m:      	                                        "'2.1309e+00', '2.3950e+00']",
[92mINFO [0m:      	        'per-client-num-examples': "['6025', '5770', '6243', '6225', '3880', "
[92mINFO [0m:      	                                   "'2928', '4981', '3945']",
[92mINFO [0m:      	        'per-client-train_loss': "['4.7003e-01', '4.4248e-01', '4.4840e-01', "
[92mINFO [0m:      	                                 "'3.8274e-01', '3.9468e-01', '4.1649e-01', "
[92mINFO [0m:      	                                 "'4.4227e-01', '4.3092e-01']",
[92mINFO [0m:      	        'per-client-train_loss_mean': "['7.0245e-01', '6.7945e-01', "
[92mINFO [0m:      	                                      "'6.5238e-01', '5.7707e-01', "
[92mINFO [0m:      	                                      "'6.3400e-01', '6.4260e-01', "
[92mINFO [0m:      	                                      "'6.7583e-01', '6.9194e-01']",
[92mINFO [0m:      	        'train_loss': '4.3055e-01',
[92mINFO [0m:      	        'train_loss_mean': '6.5643e-01'},
[92mINFO [0m:      	  11: { 'client-ids': "['0', '1', '2', '3', '4', '5', '6', '7']",
[92mINFO [0m:      	        'dp-client-clipped': "['1', '1', '1', '1', '1', '1', '1', '1']",
[92mINFO [0m:      	        'dp-client-ids': "['0', '1', '2', '3', '4', '5', '6', '7']",
[92mINFO [0m:      	        'dp-expected-noise-l2-norm': '6.5644e+00',
[92mINFO [0m:      	        'dp-fraction-clipped': '1.0000e+00',
[92mINFO [0m:      	        'dp-noise-percent-of-signal': '3.0772e+02',
[92mINFO [0m:      	        'dp-noise-to-signal-ratio': '3.0772e+00',
[92mINFO [0m:      	        'dp-num-clients-clipped': '8',
[92mINFO [0m:      	        'dp-parameter-count': '364426',
[92mINFO [0m:      	        'dp-signal-update-norm': '2.1333e+00',
[92mINFO [0m:      	        'dp-update-norms-before-clipping': "['1.5039e+01', '1.3939e+01', "
[92mINFO [0m:      	                                           "'1.4122e+01', '1.3944e+01', "
[92mINFO [0m:      	                                           "'1.1520e+01', '9.7786e+00', "
[92mINFO [0m:      	                                           "'1.2995e+01', '1.1716e+01']",
[92mINFO [0m:      	        'metric-dp-aggregation-collapsed': '0.0000e+00',
[92mINFO [0m:      	        'metric-dp-distance': '2.8738e+00',
[92mINFO [0m:      	        'metric-dp-distance-count': '28',
[92mINFO [0m:      	        'metric-dp-distance-invalid': '0.0000e+00',
[92mINFO [0m:      	        'metric-dp-distance-mean': '2.5612e+00',
[92mINFO [0m:      	        'metric-dp-distance-median': '2.5539e+00',
[92mINFO [0m:      	        'metric-dp-distance-min': '2.1684e+00',
[92mINFO [0m:      	        'metric-dp-noise-stdv': '1.0874e-02',
[92mINFO [0m:      	        'metric-dp-pairwise-client-i': "['0', '0', '0', '0', '0', '0', '0', "
[92mINFO [0m:      	                                       "'1', '1', '1', '1', '1', '1', '2', "
[92mINFO [0m:      	                                       "'2', '2', '2', '2', '3', '3', '3', "
[92mINFO [0m:      	                                       "'3', '4', '4', '4', '5', '5', '6']",
[92mINFO [0m:      	        'metric-dp-pairwise-client-j': "['1', '2', '3', '4', '5', '6', '7', "
[92mINFO [0m:      	                                       "'2', '3', '4', '5', '6', '7', '3', "
[92mINFO [0m:      	                                       "'4', '5', '6', '7', '4', '5', '6', "
[92mINFO [0m:      	                                       "'7', '5', '6', '7', '6', '7', '7']",
[92mINFO [0m:      	        'metric-dp-pairwise-distances': "['2.7696e+00', '2.8738e+00', "
[92mINFO [0m:      	                                        "'2.8324e+00', '2.6504e+00', "
[92mINFO [0m:      	                                        "'2.5451e+00', '2.7681e+00', "
[92mINFO [0m:      	                                        "'2.6413e+00', '2.7620e+00', "
[92mINFO [0m:      	                                        "'2.7183e+00', '2.5259e+00', "
[92mINFO [0m:      	                                        "'2.4161e+00', '2.6655e+00', "
[92mINFO [0m:      	                                        "'2.5177e+00', '2.7616e+00', "
[92mINFO [0m:      	                                        "'2.5292e+00', '2.4635e+00', "
[92mINFO [0m:      	                                        "'2.6859e+00', '2.5614e+00', "
[92mINFO [0m:      	                                        "'2.5465e+00', '2.3943e+00', "
[92mINFO [0m:      	                                        "'2.6587e+00', '2.5615e+00', "
[92mINFO [0m:      	                                        "'2.1810e+00', '2.4553e+00', "
[92mINFO [0m:      	                                        "'2.3206e+00', '2.2999e+00', "
[92mINFO [0m:      	                                        "'2.1684e+00', '2.4383e+00']",
[92mINFO [0m:      	        'per-client-num-examples': "['6025', '5770', '6243', '6225', '3880', "
[92mINFO [0m:      	                                   "'2928', '4981', '3945']",
[92mINFO [0m:      	        'per-client-train_loss': "['4.1771e-01', '3.8888e-01', '3.8505e-01', "
[92mINFO [0m:      	                                 "'3.3325e-01', '3.5236e-01', '3.6343e-01', "
[92mINFO [0m:      	                                 "'4.0399e-01', '3.8643e-01']",
[92mINFO [0m:      	        'per-client-train_loss_mean': "['6.4567e-01', '6.2338e-01', "
[92mINFO [0m:      	                                      "'5.9695e-01', '5.2821e-01', "
[92mINFO [0m:      	                                      "'5.8145e-01', '5.9438e-01', "
[92mINFO [0m:      	                                      "'6.1791e-01', '6.3296e-01']",
[92mINFO [0m:      	        'train_loss': '3.8020e-01',
[92mINFO [0m:      	        'train_loss_mean': '6.0187e-01'},
[92mINFO [0m:      	  12: { 'client-ids': "['0', '1', '2', '3', '4', '5', '6', '7']",
[92mINFO [0m:      	        'dp-client-clipped': "['1', '1', '1', '1', '1', '1', '1', '1']",
[92mINFO [0m:      	        'dp-client-ids': "['0', '1', '2', '3', '4', '5', '6', '7']",
[92mINFO [0m:      	        'dp-expected-noise-l2-norm': '6.4301e+00',
[92mINFO [0m:      	        'dp-fraction-clipped': '1.0000e+00',
[92mINFO [0m:      	        'dp-noise-percent-of-signal': '3.1156e+02',
[92mINFO [0m:      	        'dp-noise-to-signal-ratio': '3.1156e+00',
[92mINFO [0m:      	        'dp-num-clients-clipped': '8',
[92mINFO [0m:      	        'dp-parameter-count': '364426',
[92mINFO [0m:      	        'dp-signal-update-norm': '2.0638e+00',
[92mINFO [0m:      	        'dp-update-norms-before-clipping': "['1.5335e+01', '1.4167e+01', "
[92mINFO [0m:      	                                           "'1.4545e+01', '1.4547e+01', "
[92mINFO [0m:      	                                           "'1.1419e+01', '1.0065e+01', "
[92mINFO [0m:      	                                           "'1.3151e+01', '1.1660e+01']",
[92mINFO [0m:      	        'metric-dp-aggregation-collapsed': '0.0000e+00',
[92mINFO [0m:      	        'metric-dp-distance': '2.9339e+00',
[92mINFO [0m:      	        'metric-dp-distance-count': '28',
[92mINFO [0m:      	        'metric-dp-distance-invalid': '0.0000e+00',
[92mINFO [0m:      	        'metric-dp-distance-mean': '2.6165e+00',
[92mINFO [0m:      	        'metric-dp-distance-median': '2.6094e+00',
[92mINFO [0m:      	        'metric-dp-distance-min': '2.1953e+00',
[92mINFO [0m:      	        'metric-dp-noise-stdv': '1.0651e-02',
[92mINFO [0m:      	        'metric-dp-pairwise-client-i': "['0', '0', '0', '0', '0', '0', '0', "
[92mINFO [0m:      	                                       "'1', '1', '1', '1', '1', '1', '2', "
[92mINFO [0m:      	                                       "'2', '2', '2', '2', '3', '3', '3', "
[92mINFO [0m:      	                                       "'3', '4', '4', '4', '5', '5', '6']",
[92mINFO [0m:      	        'metric-dp-pairwise-client-j': "['1', '2', '3', '4', '5', '6', '7', "
[92mINFO [0m:      	                                       "'2', '3', '4', '5', '6', '7', '3', "
[92mINFO [0m:      	                                       "'4', '5', '6', '7', '4', '5', '6', "
[92mINFO [0m:      	                                       "'7', '5', '6', '7', '6', '7', '7']",
[92mINFO [0m:      	        'metric-dp-pairwise-distances': "['2.8544e+00', '2.9339e+00', "
[92mINFO [0m:      	                                        "'2.9331e+00', '2.6943e+00', "
[92mINFO [0m:      	                                        "'2.6071e+00', '2.8303e+00', "
[92mINFO [0m:      	                                        "'2.6922e+00', '2.8214e+00', "
[92mINFO [0m:      	                                        "'2.8221e+00', '2.5496e+00', "
[92mINFO [0m:      	                                        "'2.4890e+00', '2.7186e+00', "
[92mINFO [0m:      	                                        "'2.5499e+00', '2.8605e+00', "
[92mINFO [0m:      	                                        "'2.5759e+00', '2.5305e+00', "
[92mINFO [0m:      	                                        "'2.7518e+00', '2.6062e+00', "
[92mINFO [0m:      	                                        "'2.6117e+00', '2.4877e+00', "
[92mINFO [0m:      	                                        "'2.7303e+00', '2.6280e+00', "
[92mINFO [0m:      	                                        "'2.1963e+00', '2.4622e+00', "
[92mINFO [0m:      	                                        "'2.3089e+00', '2.3518e+00', "
[92mINFO [0m:      	                                        "'2.1953e+00', '2.4682e+00']",
[92mINFO [0m:      	        'per-client-num-examples': "['6025', '5770', '6243', '6225', '3880', "
[92mINFO [0m:      	                                   "'2928', '4981', '3945']",
[92mINFO [0m:      	        'per-client-train_loss': "['3.5030e-01', '3.4071e-01', '3.2492e-01', "
[92mINFO [0m:      	                                 "'2.7608e-01', '2.9196e-01', '3.0480e-01', "
[92mINFO [0m:      	                                 "'3.5083e-01', '3.4676e-01']",
[92mINFO [0m:      	        'per-client-train_loss_mean': "['5.9390e-01', '5.7589e-01', "
[92mINFO [0m:      	                                      "'5.3828e-01', '4.7850e-01', "
[92mINFO [0m:      	                                      "'5.3166e-01', '5.3165e-01', "
[92mINFO [0m:      	                                      "'5.7627e-01', '5.8009e-01']",
[92mINFO [0m:      	        'train_loss': '3.2413e-01',
[92mINFO [0m:      	        'train_loss_mean': '5.5051e-01'},
[92mINFO [0m:      	  13: { 'client-ids': "['0', '1', '2', '3', '4', '5', '6', '7']",
[92mINFO [0m:      	        'dp-client-clipped': "['1', '1', '1', '1', '1', '1', '1', '1']",
[92mINFO [0m:      	        'dp-client-ids': "['0', '1', '2', '3', '4', '5', '6', '7']",
[92mINFO [0m:      	        'dp-expected-noise-l2-norm': '6.3828e+00',
[92mINFO [0m:      	        'dp-fraction-clipped': '1.0000e+00',
[92mINFO [0m:      	        'dp-noise-percent-of-signal': '3.1791e+02',
[92mINFO [0m:      	        'dp-noise-to-signal-ratio': '3.1791e+00',
[92mINFO [0m:      	        'dp-num-clients-clipped': '8',
[92mINFO [0m:      	        'dp-parameter-count': '364426',
[92mINFO [0m:      	        'dp-signal-update-norm': '2.0077e+00',
[92mINFO [0m:      	        'dp-update-norms-before-clipping': "['1.5224e+01', '1.4673e+01', "
[92mINFO [0m:      	                                           "'1.4734e+01', '1.4373e+01', "
[92mINFO [0m:      	                                           "'1.1972e+01', '1.0484e+01', "
[92mINFO [0m:      	                                           "'1.3642e+01', '1.1972e+01']",
[92mINFO [0m:      	        'metric-dp-aggregation-collapsed': '0.0000e+00',
[92mINFO [0m:      	        'metric-dp-distance': '2.9556e+00',
[92mINFO [0m:      	        'metric-dp-distance-count': '28',
[92mINFO [0m:      	        'metric-dp-distance-invalid': '0.0000e+00',
[92mINFO [0m:      	        'metric-dp-distance-mean': '2.6702e+00',
[92mINFO [0m:      	        'metric-dp-distance-median': '2.6529e+00',
[92mINFO [0m:      	        'metric-dp-distance-min': '2.2557e+00',
[92mINFO [0m:      	        'metric-dp-noise-stdv': '1.0573e-02',
[92mINFO [0m:      	        'metric-dp-pairwise-client-i': "['0', '0', '0', '0', '0', '0', '0', "
[92mINFO [0m:      	                                       "'1', '1', '1', '1', '1', '1', '2', "
[92mINFO [0m:      	                                       "'2', '2', '2', '2', '3', '3', '3', "
[92mINFO [0m:      	                                       "'3', '4', '4', '4', '5', '5', '6']",
[92mINFO [0m:      	        'metric-dp-pairwise-client-j': "['1', '2', '3', '4', '5', '6', '7', "
[92mINFO [0m:      	                                       "'2', '3', '4', '5', '6', '7', '3', "
[92mINFO [0m:      	                                       "'4', '5', '6', '7', '4', '5', '6', "
[92mINFO [0m:      	                                       "'7', '5', '6', '7', '6', '7', '7']",
[92mINFO [0m:      	        'metric-dp-pairwise-distances': "['2.8984e+00', '2.9556e+00', "
[92mINFO [0m:      	                                        "'2.9195e+00', '2.7394e+00', "
[92mINFO [0m:      	                                        "'2.6145e+00', '2.8737e+00', "
[92mINFO [0m:      	                                        "'2.7203e+00', '2.9015e+00', "
[92mINFO [0m:      	                                        "'2.8617e+00', '2.6656e+00', "
[92mINFO [0m:      	                                        "'2.5445e+00', '2.8059e+00', "
[92mINFO [0m:      	                                        "'2.6342e+00', '2.8642e+00', "
[92mINFO [0m:      	                                        "'2.6454e+00', '2.5719e+00', "
[92mINFO [0m:      	                                        "'2.8236e+00', '2.6502e+00', "
[92mINFO [0m:      	                                        "'2.6556e+00', '2.4940e+00', "
[92mINFO [0m:      	                                        "'2.7772e+00', '2.6379e+00', "
[92mINFO [0m:      	                                        "'2.2825e+00', '2.5738e+00', "
[92mINFO [0m:      	                                        "'2.4148e+00', '2.4266e+00', "
[92mINFO [0m:      	                                        "'2.2557e+00', '2.5585e+00']",
[92mINFO [0m:      	        'per-client-num-examples': "['6025', '5770', '6243', '6225', '3880', "
[92mINFO [0m:      	                                   "'2928', '4981', '3945']",
[92mINFO [0m:      	        'per-client-train_loss': "['3.0644e-01', '3.0490e-01', '3.3379e-01', "
[92mINFO [0m:      	                                 "'2.5381e-01', '2.6123e-01', '2.6999e-01', "
[92mINFO [0m:      	                                 "'3.1911e-01', '2.9266e-01']",
[92mINFO [0m:      	        'per-client-train_loss_mean': "['5.4839e-01', '5.3057e-01', "
[92mINFO [0m:      	                                      "'5.0916e-01', '4.3994e-01', "
[92mINFO [0m:      	                                      "'4.8869e-01', '5.0524e-01', "
[92mINFO [0m:      	                                      "'5.3335e-01', '5.3609e-01']",
[92mINFO [0m:      	        'train_loss': '2.9546e-01',
[92mINFO [0m:      	        'train_loss_mean': '5.1078e-01'},
[92mINFO [0m:      	  14: { 'client-ids': "['0', '1', '2', '3', '4', '5', '6', '7']",
[92mINFO [0m:      	        'dp-client-clipped': "['1', '1', '1', '1', '1', '1', '1', '1']",
[92mINFO [0m:      	        'dp-client-ids': "['0', '1', '2', '3', '4', '5', '6', '7']",
[92mINFO [0m:      	        'dp-expected-noise-l2-norm': '6.4434e+00',
[92mINFO [0m:      	        'dp-fraction-clipped': '1.0000e+00',
[92mINFO [0m:      	        'dp-noise-percent-of-signal': '3.2675e+02',
[92mINFO [0m:      	        'dp-noise-to-signal-ratio': '3.2675e+00',
[92mINFO [0m:      	        'dp-num-clients-clipped': '8',
[92mINFO [0m:      	        'dp-parameter-count': '364426',
[92mINFO [0m:      	        'dp-signal-update-norm': '1.9719e+00',
[92mINFO [0m:      	        'dp-update-norms-before-clipping': "['1.4832e+01', '1.4442e+01', "
[92mINFO [0m:      	                                           "'1.4729e+01', '1.4511e+01', "
[92mINFO [0m:      	                                           "'1.1766e+01', '1.0417e+01', "
[92mINFO [0m:      	                                           "'1.3648e+01', '1.2499e+01']",
[92mINFO [0m:      	        'metric-dp-aggregation-collapsed': '0.0000e+00',
[92mINFO [0m:      	        'metric-dp-distance': '2.9278e+00',
[92mINFO [0m:      	        'metric-dp-distance-count': '28',
[92mINFO [0m:      	        'metric-dp-distance-invalid': '0.0000e+00',
[92mINFO [0m:      	        'metric-dp-distance-mean': '2.6588e+00',
[92mINFO [0m:      	        'metric-dp-distance-median': '2.6679e+00',
[92mINFO [0m:      	        'metric-dp-distance-min': '2.2509e+00',
[92mINFO [0m:      	        'metric-dp-noise-stdv': '1.0674e-02',
[92mINFO [0m:      	        'metric-dp-pairwise-client-i': "['0', '0', '0', '0', '0', '0', '0', "
[92mINFO [0m:      	                                       "'1', '1', '1', '1', '1', '1', '2', "
[92mINFO [0m:      	                                       "'2', '2', '2', '2', '3', '3', '3', "
[92mINFO [0m:      	                                       "'3', '4', '4', '4', '5', '5', '6']",
[92mINFO [0m:      	        'metric-dp-pairwise-client-j': "['1', '2', '3', '4', '5', '6', '7', "
[92mINFO [0m:      	                                       "'2', '3', '4', '5', '6', '7', '3', "
[92mINFO [0m:      	                                       "'4', '5', '6', '7', '4', '5', '6', "
[92mINFO [0m:      	                                       "'7', '5', '6', '7', '6', '7', '7']",
[92mINFO [0m:      	        'metric-dp-pairwise-distances': "['2.8416e+00', '2.9278e+00', "
[92mINFO [0m:      	                                        "'2.8879e+00', '2.6910e+00', "
[92mINFO [0m:      	                                        "'2.5613e+00', '2.8311e+00', "
[92mINFO [0m:      	                                        "'2.7064e+00', '2.8714e+00', "
[92mINFO [0m:      	                                        "'2.8404e+00', '2.6281e+00', "
[92mINFO [0m:      	                                        "'2.5203e+00', '2.7782e+00', "
[92mINFO [0m:      	                                        "'2.6473e+00', '2.8837e+00', "
[92mINFO [0m:      	                                        "'2.6427e+00', '2.5583e+00', "
[92mINFO [0m:      	                                        "'2.8141e+00', '2.6791e+00', "
[92mINFO [0m:      	                                        "'2.6568e+00', '2.5112e+00', "
[92mINFO [0m:      	                                        "'2.7863e+00', '2.6847e+00', "
[92mINFO [0m:      	                                        "'2.2509e+00', '2.5574e+00', "
[92mINFO [0m:      	                                        "'2.4200e+00', '2.4076e+00', "
[92mINFO [0m:      	                                        "'2.2937e+00', '2.5658e+00']",
[92mINFO [0m:      	        'per-client-num-examples': "['6025', '5770', '6243', '6225', '3880', "
[92mINFO [0m:      	                                   "'2928', '4981', '3945']",
[92mINFO [0m:      	        'per-client-train_loss': "['2.5980e-01', '2.4860e-01', '2.8871e-01', "
[92mINFO [0m:      	                                 "'2.2145e-01', '2.4205e-01', '2.4285e-01', "
[92mINFO [0m:      	                                 "'2.7965e-01', '2.5065e-01']",
[92mINFO [0m:      	        'per-client-train_loss_mean': "['4.9854e-01', '4.8260e-01', "
[92mINFO [0m:      	                                      "'4.7149e-01', '4.1042e-01', "
[92mINFO [0m:      	                                      "'4.5836e-01', '4.6921e-01', "
[92mINFO [0m:      	                                      "'4.9861e-01', '4.8663e-01']",
[92mINFO [0m:      	        'train_loss': '2.5534e-01',
[92mINFO [0m:      	        'train_loss_mean': '4.7109e-01'},
[92mINFO [0m:      	  15: { 'client-ids': "['0', '1', '2', '3', '4', '5', '6', '7']",
[92mINFO [0m:      	        'dp-client-clipped': "['1', '1', '1', '1', '1', '1', '1', '1']",
[92mINFO [0m:      	        'dp-client-ids': "['0', '1', '2', '3', '4', '5', '6', '7']",
[92mINFO [0m:      	        'dp-expected-noise-l2-norm': '6.3043e+00',
[92mINFO [0m:      	        'dp-fraction-clipped': '1.0000e+00',
[92mINFO [0m:      	        'dp-noise-percent-of-signal': '3.2536e+02',
[92mINFO [0m:      	        'dp-noise-to-signal-ratio': '3.2536e+00',
[92mINFO [0m:      	        'dp-num-clients-clipped': '8',
[92mINFO [0m:      	        'dp-parameter-count': '364426',
[92mINFO [0m:      	        'dp-signal-update-norm': '1.9376e+00',
[92mINFO [0m:      	        'dp-update-norms-before-clipping': "['1.5360e+01', '1.4218e+01', "
[92mINFO [0m:      	                                           "'1.5265e+01', '1.4444e+01', "
[92mINFO [0m:      	                                           "'1.1609e+01', '1.0497e+01', "
[92mINFO [0m:      	                                           "'1.4237e+01', '1.2551e+01']",
[92mINFO [0m:      	        'metric-dp-aggregation-collapsed': '0.0000e+00',
[92mINFO [0m:      	        'metric-dp-distance': '2.9924e+00',
[92mINFO [0m:      	        'metric-dp-distance-count': '28',
[92mINFO [0m:      	        'metric-dp-distance-invalid': '0.0000e+00',
[92mINFO [0m:      	        'metric-dp-distance-mean': '2.6945e+00',
[92mINFO [0m:      	        'metric-dp-distance-median': '2.6804e+00',
[92mINFO [0m:      	        'metric-dp-distance-min': '2.2514e+00',
[92mINFO [0m:      	        'metric-dp-noise-stdv': '1.0443e-02',
[92mINFO [0m:      	        'metric-dp-pairwise-client-i': "['0', '0', '0', '0', '0', '0', '0', "
[92mINFO [0m:      	                                       "'1', '1', '1', '1', '1', '1', '2', "
[92mINFO [0m:      	                                       "'2', '2', '2', '2', '3', '3', '3', "
[92mINFO [0m:      	                                       "'3', '4', '4', '4', '5', '5', '6']",
[92mINFO [0m:      	        'metric-dp-pairwise-client-j': "['1', '2', '3', '4', '5', '6', '7', "
[92mINFO [0m:      	                                       "'2', '3', '4', '5', '6', '7', '3', "
[92mINFO [0m:      	                                       "'4', '5', '6', '7', '4', '5', '6', "
[92mINFO [0m:      	                                       "'7', '5', '6', '7', '6', '7', '7']",
[92mINFO [0m:      	        'metric-dp-pairwise-distances': "['2.8743e+00', '2.9924e+00', "
[92mINFO [0m:      	                                        "'2.9430e+00', '2.7049e+00', "
[92mINFO [0m:      	                                        "'2.6374e+00', '2.9232e+00', "
[92mINFO [0m:      	                                        "'2.7667e+00', '2.8952e+00', "
[92mINFO [0m:      	                                        "'2.8315e+00', '2.5901e+00', "
[92mINFO [0m:      	                                        "'2.5210e+00', '2.8231e+00', "
[92mINFO [0m:      	                                        "'2.6332e+00', '2.9317e+00', "
[92mINFO [0m:      	                                        "'2.6662e+00', '2.6339e+00', "
[92mINFO [0m:      	                                        "'2.9081e+00', '2.7431e+00', "
[92mINFO [0m:      	                                        "'2.6389e+00', '2.5152e+00', "
[92mINFO [0m:      	                                        "'2.8365e+00', '2.6945e+00', "
[92mINFO [0m:      	                                        "'2.2514e+00', '2.5984e+00', "
[92mINFO [0m:      	                                        "'2.4315e+00', '2.4991e+00', "
[92mINFO [0m:      	                                        "'2.3234e+00', '2.6373e+00']",
[92mINFO [0m:      	        'per-client-num-examples': "['6025', '5770', '6243', '6225', '3880', "
[92mINFO [0m:      	                                   "'2928', '4981', '3945']",
[92mINFO [0m:      	        'per-client-train_loss': "['2.6658e-01', '2.4172e-01', '2.2032e-01', "
[92mINFO [0m:      	                                 "'1.9556e-01', '2.0167e-01', '2.1092e-01', "
[92mINFO [0m:      	                                 "'2.4260e-01', '2.2956e-01']",
[92mINFO [0m:      	        'per-client-train_loss_mean': "['4.6961e-01', '4.4933e-01', "
[92mINFO [0m:      	                                      "'4.2618e-01', '3.7175e-01', "
[92mINFO [0m:      	                                      "'4.2882e-01', '4.4234e-01', "
[92mINFO [0m:      	                                      "'4.5873e-01', '4.6223e-01']",
[92mINFO [0m:      	        'train_loss': '2.2771e-01',
[92mINFO [0m:      	        'train_loss_mean': '4.3664e-01'},
[92mINFO [0m:      	  16: { 'client-ids': "['0', '1', '2', '3', '4', '5', '6', '7']",
[92mINFO [0m:      	        'dp-client-clipped': "['1', '1', '1', '1', '1', '1', '1', '1']",
[92mINFO [0m:      	        'dp-client-ids': "['0', '1', '2', '3', '4', '5', '6', '7']",
[92mINFO [0m:      	        'dp-expected-noise-l2-norm': '6.2251e+00',
[92mINFO [0m:      	        'dp-fraction-clipped': '1.0000e+00',
[92mINFO [0m:      	        'dp-noise-percent-of-signal': '3.2583e+02',
[92mINFO [0m:      	        'dp-noise-to-signal-ratio': '3.2583e+00',
[92mINFO [0m:      	        'dp-num-clients-clipped': '8',
[92mINFO [0m:      	        'dp-parameter-count': '364426',
[92mINFO [0m:      	        'dp-signal-update-norm': '1.9106e+00',
[92mINFO [0m:      	        'dp-update-norms-before-clipping': "['1.5269e+01', '1.4920e+01', "
[92mINFO [0m:      	                                           "'1.5450e+01', '1.5105e+01', "
[92mINFO [0m:      	                                           "'1.2356e+01', '1.0371e+01', "
[92mINFO [0m:      	                                           "'1.4810e+01', '1.2462e+01']",
[92mINFO [0m:      	        'metric-dp-aggregation-collapsed': '0.0000e+00',
[92mINFO [0m:      	        'metric-dp-distance': '3.0304e+00',
[92mINFO [0m:      	        'metric-dp-distance-count': '28',
[92mINFO [0m:      	        'metric-dp-distance-invalid': '0.0000e+00',
[92mINFO [0m:      	        'metric-dp-distance-mean': '2.7447e+00',
[92mINFO [0m:      	        'metric-dp-distance-median': '2.7477e+00',
[92mINFO [0m:      	        'metric-dp-distance-min': '2.3012e+00',
[92mINFO [0m:      	        'metric-dp-noise-stdv': '1.0312e-02',
[92mINFO [0m:      	        'metric-dp-pairwise-client-i': "['0', '0', '0', '0', '0', '0', '0', "
[92mINFO [0m:      	                                       "'1', '1', '1', '1', '1', '1', '2', "
[92mINFO [0m:      	                                       "'2', '2', '2', '2', '3', '3', '3', "
[92mINFO [0m:      	                                       "'3', '4', '4', '4', '5', '5', '6']",
[92mINFO [0m:      	        'metric-dp-pairwise-client-j': "['1', '2', '3', '4', '5', '6', '7', "
[92mINFO [0m:      	                                       "'2', '3', '4', '5', '6', '7', '3', "
[92mINFO [0m:      	                                       "'4', '5', '6', '7', '4', '5', '6', "
[92mINFO [0m:      	                                       "'7', '5', '6', '7', '6', '7', '7']",
[92mINFO [0m:      	        'metric-dp-pairwise-distances': "['2.9292e+00', '3.0304e+00', "
[92mINFO [0m:      	                                        "'3.0003e+00', '2.7704e+00', "
[92mINFO [0m:      	                                        "'2.6256e+00', '2.9708e+00', "
[92mINFO [0m:      	                                        "'2.7530e+00', '2.9595e+00', "
[92mINFO [0m:      	                                        "'2.9292e+00', '2.7029e+00', "
[92mINFO [0m:      	                                        "'2.5526e+00', '2.8997e+00', "
[92mINFO [0m:      	                                        "'2.6800e+00', '2.9832e+00', "
[92mINFO [0m:      	                                        "'2.7502e+00', '2.6375e+00', "
[92mINFO [0m:      	                                        "'2.9552e+00', '2.7655e+00', "
[92mINFO [0m:      	                                        "'2.7452e+00', '2.5700e+00', "
[92mINFO [0m:      	                                        "'2.9248e+00', '2.7376e+00', "
[92mINFO [0m:      	                                        "'2.3085e+00', '2.7027e+00', "
[92mINFO [0m:      	                                        "'2.4801e+00', '2.5153e+00', "
[92mINFO [0m:      	                                        "'2.3012e+00', '2.6717e+00']",
[92mINFO [0m:      	        'per-client-num-examples': "['6025', '5770', '6243', '6225', '3880', "
[92mINFO [0m:      	                                   "'2928', '4981', '3945']",
[92mINFO [0m:      	        'per-client-train_loss': "['2.3869e-01', '2.1009e-01', '1.9726e-01', "
[92mINFO [0m:      	                                 "'1.8091e-01', '1.7626e-01', '1.7322e-01', "
[92mINFO [0m:      	                                 "'2.3066e-01', '1.9407e-01']",
[92mINFO [0m:      	        'per-client-train_loss_mean': "['4.3795e-01', '4.1942e-01', "
[92mINFO [0m:      	                                      "'4.0127e-01', '3.4511e-01', "
[92mINFO [0m:      	                                      "'3.9241e-01', '4.0917e-01', "
[92mINFO [0m:      	                                      "'4.2772e-01', '4.2534e-01']",
[92mINFO [0m:      	        'train_loss': '2.0286e-01',
[92mINFO [0m:      	        'train_loss_mean': '4.0606e-01'},
[92mINFO [0m:      	  17: { 'client-ids': "['0', '1', '2', '3', '4', '5', '6', '7']",
[92mINFO [0m:      	        'dp-client-clipped': "['1', '1', '1', '1', '1', '1', '1', '1']",
[92mINFO [0m:      	        'dp-client-ids': "['0', '1', '2', '3', '4', '5', '6', '7']",
[92mINFO [0m:      	        'dp-expected-noise-l2-norm': '6.3396e+00',
[92mINFO [0m:      	        'dp-fraction-clipped': '1.0000e+00',
[92mINFO [0m:      	        'dp-noise-percent-of-signal': '3.3446e+02',
[92mINFO [0m:      	        'dp-noise-to-signal-ratio': '3.3446e+00',
[92mINFO [0m:      	        'dp-num-clients-clipped': '8',
[92mINFO [0m:      	        'dp-parameter-count': '364426',
[92mINFO [0m:      	        'dp-signal-update-norm': '1.8955e+00',
[92mINFO [0m:      	        'dp-update-norms-before-clipping': "['1.4826e+01', '1.5062e+01', "
[92mINFO [0m:      	                                           "'1.5262e+01', '1.4559e+01', "
[92mINFO [0m:      	                                           "'1.1896e+01', '1.0748e+01', "
[92mINFO [0m:      	                                           "'1.4743e+01', '1.2568e+01']",
[92mINFO [0m:      	        'metric-dp-aggregation-collapsed': '0.0000e+00',
[92mINFO [0m:      	        'metric-dp-distance': '2.9757e+00',
[92mINFO [0m:      	        'metric-dp-distance-count': '28',
[92mINFO [0m:      	        'metric-dp-distance-invalid': '0.0000e+00',
[92mINFO [0m:      	        'metric-dp-distance-mean': '2.7181e+00',
[92mINFO [0m:      	        'metric-dp-distance-median': '2.6898e+00',
[92mINFO [0m:      	        'metric-dp-distance-min': '2.2719e+00',
[92mINFO [0m:      	        'metric-dp-noise-stdv': '1.0502e-02',
[92mINFO [0m:      	        'metric-dp-pairwise-client-i': "['0', '0', '0', '0', '0', '0', '0', "
[92mINFO [0m:      	                                       "'1', '1', '1', '1', '1', '1', '2', "
[92mINFO [0m:      	                                       "'2', '2', '2', '2', '3', '3', '3', "
[92mINFO [0m:      	                                       "'3', '4', '4', '4', '5', '5', '6']",
[92mINFO [0m:      	        'metric-dp-pairwise-client-j': "['1', '2', '3', '4', '5', '6', '7', "
[92mINFO [0m:      	                                       "'2', '3', '4', '5', '6', '7', '3', "
[92mINFO [0m:      	                                       "'4', '5', '6', '7', '4', '5', '6', "
[92mINFO [0m:      	                                       "'7', '5', '6', '7', '6', '7', '7']",
[92mINFO [0m:      	        'metric-dp-pairwise-distances': "['2.9138e+00', '2.9624e+00', "
[92mINFO [0m:      	                                        "'2.9102e+00', '2.6766e+00', "
[92mINFO [0m:      	                                        "'2.5816e+00', '2.9323e+00', "
[92mINFO [0m:      	                                        "'2.7147e+00', '2.9757e+00', "
[92mINFO [0m:      	                                        "'2.9102e+00', '2.6875e+00', "
[92mINFO [0m:      	                                        "'2.5971e+00', '2.9358e+00', "
[92mINFO [0m:      	                                        "'2.7163e+00', '2.9246e+00', "
[92mINFO [0m:      	                                        "'2.6788e+00', '2.6210e+00', "
[92mINFO [0m:      	                                        "'2.9513e+00', '2.7325e+00', "
[92mINFO [0m:      	                                        "'2.6534e+00', '2.5222e+00', "
[92mINFO [0m:      	                                        "'2.9093e+00', '2.6897e+00', "
[92mINFO [0m:      	                                        "'2.2719e+00', '2.6640e+00', "
[92mINFO [0m:      	                                        "'2.4280e+00', '2.5495e+00', "
[92mINFO [0m:      	                                        "'2.3054e+00', '2.6899e+00']",
[92mINFO [0m:      	        'per-client-num-examples': "['6025', '5770', '6243', '6225', '3880', "
[92mINFO [0m:      	                                   "'2928', '4981', '3945']",
[92mINFO [0m:      	        'per-client-train_loss': "['1.8906e-01', '1.7435e-01', '1.7190e-01', "
[92mINFO [0m:      	                                 "'1.5309e-01', '1.5405e-01', '1.4588e-01', "
[92mINFO [0m:      	                                 "'1.8558e-01', '1.8210e-01']",
[92mINFO [0m:      	        'per-client-train_loss_mean': "['4.0770e-01', '3.8599e-01', "
[92mINFO [0m:      	                                      "'3.6880e-01', '3.2014e-01', "
[92mINFO [0m:      	                                      "'3.7478e-01', '3.8583e-01', "
[92mINFO [0m:      	                                      "'4.0270e-01', '4.1327e-01']",
[92mINFO [0m:      	        'train_loss': '1.7098e-01',
[92mINFO [0m:      	        'train_loss_mean': '3.8000e-01'},
[92mINFO [0m:      	  18: { 'client-ids': "['0', '1', '2', '3', '4', '5', '6', '7']",
[92mINFO [0m:      	        'dp-client-clipped': "['1', '1', '1', '1', '1', '1', '1', '1']",
[92mINFO [0m:      	        'dp-client-ids': "['0', '1', '2', '3', '4', '5', '6', '7']",
[92mINFO [0m:      	        'dp-expected-noise-l2-norm': '6.3062e+00',
[92mINFO [0m:      	        'dp-fraction-clipped': '1.0000e+00',
[92mINFO [0m:      	        'dp-noise-percent-of-signal': '3.3495e+02',
[92mINFO [0m:      	        'dp-noise-to-signal-ratio': '3.3495e+00',
[92mINFO [0m:      	        'dp-num-clients-clipped': '8',
[92mINFO [0m:      	        'dp-parameter-count': '364426',
[92mINFO [0m:      	        'dp-signal-update-norm': '1.8828e+00',
[92mINFO [0m:      	        'dp-update-norms-before-clipping': "['1.4911e+01', '1.4962e+01', "
[92mINFO [0m:      	                                           "'1.5492e+01', '1.4918e+01', "
[92mINFO [0m:      	                                           "'1.2200e+01', '1.0712e+01', "
[92mINFO [0m:      	                                           "'1.4721e+01', '1.2809e+01']",
[92mINFO [0m:      	        'metric-dp-aggregation-collapsed': '0.0000e+00',
[92mINFO [0m:      	        'metric-dp-distance': '2.9915e+00',
[92mINFO [0m:      	        'metric-dp-distance-count': '28',
[92mINFO [0m:      	        'metric-dp-distance-invalid': '0.0000e+00',
[92mINFO [0m:      	        'metric-dp-distance-mean': '2.7363e+00',
[92mINFO [0m:      	        'metric-dp-distance-median': '2.7315e+00',
[92mINFO [0m:      	        'metric-dp-distance-min': '2.3044e+00',
[92mINFO [0m:      	        'metric-dp-noise-stdv': '1.0446e-02',
[92mINFO [0m:      	        'metric-dp-pairwise-client-i': "['0', '0', '0', '0', '0', '0', '0', "
[92mINFO [0m:      	                                       "'1', '1', '1', '1', '1', '1', '2', "
[92mINFO [0m:      	                                       "'2', '2', '2', '2', '3', '3', '3', "
[92mINFO [0m:      	                                       "'3', '4', '4', '4', '5', '5', '6']",
[92mINFO [0m:      	        'metric-dp-pairwise-client-j': "['1', '2', '3', '4', '5', '6', '7', "
[92mINFO [0m:      	                                       "'2', '3', '4', '5', '6', '7', '3', "
[92mINFO [0m:      	                                       "'4', '5', '6', '7', '4', '5', '6', "
[92mINFO [0m:      	                                       "'7', '5', '6', '7', '6', '7', '7']",
[92mINFO [0m:      	        'metric-dp-pairwise-distances': "['2.9045e+00', '2.9915e+00', "
[92mINFO [0m:      	                                        "'2.9408e+00', '2.7169e+00', "
[92mINFO [0m:      	                                        "'2.5897e+00', '2.9225e+00', "
[92mINFO [0m:      	                                        "'2.7386e+00', '2.9727e+00', "
[92mINFO [0m:      	                                        "'2.9287e+00', '2.6942e+00', "
[92mINFO [0m:      	                                        "'2.5684e+00', '2.9020e+00', "
[92mINFO [0m:      	                                        "'2.7251e+00', '2.9681e+00', "
[92mINFO [0m:      	                                        "'2.7380e+00', '2.6451e+00', "
[92mINFO [0m:      	                                        "'2.9564e+00', '2.7733e+00', "
[92mINFO [0m:      	                                        "'2.7174e+00', '2.5666e+00', "
[92mINFO [0m:      	                                        "'2.9035e+00', '2.7468e+00', "
[92mINFO [0m:      	                                        "'2.3044e+00', '2.6661e+00', "
[92mINFO [0m:      	                                        "'2.4800e+00', '2.5319e+00', "
[92mINFO [0m:      	                                        "'2.3370e+00', '2.6875e+00']",
[92mINFO [0m:      	        'per-client-num-examples': "['6025', '5770', '6243', '6225', '3880', "
[92mINFO [0m:      	                                   "'2928', '4981', '3945']",
[92mINFO [0m:      	        'per-client-train_loss': "['1.8785e-01', '1.8115e-01', '1.7112e-01', "
[92mINFO [0m:      	                                 "'1.7072e-01', '1.4383e-01', '1.3818e-01', "
[92mINFO [0m:      	                                 "'1.9069e-01', '1.5783e-01']",
[92mINFO [0m:      	        'per-client-train_loss_mean': "['3.8114e-01', '3.6979e-01', "
[92mINFO [0m:      	                                      "'3.5192e-01', '3.0888e-01', "
[92mINFO [0m:      	                                      "'3.5201e-01', '3.7322e-01', "
[92mINFO [0m:      	                                      "'3.7653e-01', '3.8404e-01']",
[92mINFO [0m:      	        'train_loss': '1.7109e-01',
[92mINFO [0m:      	        'train_loss_mean': '3.6000e-01'},
[92mINFO [0m:      	  19: { 'client-ids': "['0', '1', '2', '3', '4', '5', '6', '7']",
[92mINFO [0m:      	        'dp-client-clipped': "['1', '1', '1', '1', '1', '1', '1', '1']",
[92mINFO [0m:      	        'dp-client-ids': "['0', '1', '2', '3', '4', '5', '6', '7']",
[92mINFO [0m:      	        'dp-expected-noise-l2-norm': '6.2106e+00',
[92mINFO [0m:      	        'dp-fraction-clipped': '1.0000e+00',
[92mINFO [0m:      	        'dp-noise-percent-of-signal': '3.3277e+02',
[92mINFO [0m:      	        'dp-noise-to-signal-ratio': '3.3277e+00',
[92mINFO [0m:      	        'dp-num-clients-clipped': '8',
[92mINFO [0m:      	        'dp-parameter-count': '364426',
[92mINFO [0m:      	        'dp-signal-update-norm': '1.8664e+00',
[92mINFO [0m:      	        'dp-update-norms-before-clipping': "['1.5436e+01', '1.4429e+01', "
[92mINFO [0m:      	                                           "'1.5303e+01', '1.5170e+01', "
[92mINFO [0m:      	                                           "'1.2241e+01', '1.0957e+01', "
[92mINFO [0m:      	                                           "'1.4391e+01', '1.2652e+01']",
[92mINFO [0m:      	        'metric-dp-aggregation-collapsed': '0.0000e+00',
[92mINFO [0m:      	        'metric-dp-distance': '3.0375e+00',
[92mINFO [0m:      	        'metric-dp-distance-count': '28',
[92mINFO [0m:      	        'metric-dp-distance-invalid': '0.0000e+00',
[92mINFO [0m:      	        'metric-dp-distance-mean': '2.7344e+00',
[92mINFO [0m:      	        'metric-dp-distance-median': '2.7375e+00',
[92mINFO [0m:      	        'metric-dp-distance-min': '2.3337e+00',
[92mINFO [0m:      	        'metric-dp-noise-stdv': '1.0288e-02',
[92mINFO [0m:      	        'metric-dp-pairwise-client-i': "['0', '0', '0', '0', '0', '0', '0', "
[92mINFO [0m:      	                                       "'1', '1', '1', '1', '1', '1', '2', "
[92mINFO [0m:      	                                       "'2', '2', '2', '2', '3', '3', '3', "
[92mINFO [0m:      	                                       "'3', '4', '4', '4', '5', '5', '6']",
[92mINFO [0m:      	        'metric-dp-pairwise-client-j': "['1', '2', '3', '4', '5', '6', '7', "
[92mINFO [0m:      	                                       "'2', '3', '4', '5', '6', '7', '3', "
[92mINFO [0m:      	                                       "'4', '5', '6', '7', '4', '5', '6', "
[92mINFO [0m:      	                                       "'7', '5', '6', '7', '6', '7', '7']",
[92mINFO [0m:      	        'metric-dp-pairwise-distances': "['2.9335e+00', '3.0276e+00', "
[92mINFO [0m:      	                                        "'3.0375e+00', '2.7705e+00', "
[92mINFO [0m:      	                                        "'2.6926e+00', '2.9339e+00', "
[92mINFO [0m:      	                                        "'2.7798e+00', '2.9203e+00', "
[92mINFO [0m:      	                                        "'2.9155e+00', '2.6500e+00', "
[92mINFO [0m:      	                                        "'2.5529e+00', '2.8214e+00', "
[92mINFO [0m:      	                                        "'2.6372e+00', '2.9784e+00', "
[92mINFO [0m:      	                                        "'2.7069e+00', '2.6549e+00', "
[92mINFO [0m:      	                                        "'2.9069e+00', '2.7462e+00', "
[92mINFO [0m:      	                                        "'2.7289e+00', '2.6128e+00', "
[92mINFO [0m:      	                                        "'2.8839e+00', '2.7463e+00', "
[92mINFO [0m:      	                                        "'2.3337e+00', '2.6222e+00', "
[92mINFO [0m:      	                                        "'2.4560e+00', '2.5256e+00', "
[92mINFO [0m:      	                                        "'2.3574e+00', '2.6303e+00']",
[92mINFO [0m:      	        'per-client-num-examples': "['6025', '5770', '6243', '6225', '3880', "
[92mINFO [0m:      	                                   "'2928', '4981', '3945']",
[92mINFO [0m:      	        'per-client-train_loss': "['1.8032e-01', '1.8515e-01', '1.5353e-01', "
[92mINFO [0m:      	                                 "'1.3452e-01', '1.8209e-01', '1.3655e-01', "
[92mINFO [0m:      	                                 "'1.4441e-01', '1.3111e-01']",
[92mINFO [0m:      	        'per-client-train_loss_mean': "['3.5375e-01', '3.4701e-01', "
[92mINFO [0m:      	                                      "'3.2549e-01', '2.8313e-01', "
[92mINFO [0m:      	                                      "'3.3772e-01', '3.5760e-01', "
[92mINFO [0m:      	                                      "'3.5331e-01', '3.6507e-01']",
[92mINFO [0m:      	        'train_loss': '1.5735e-01',
[92mINFO [0m:      	        'train_loss_mean': '3.3716e-01'},
[92mINFO [0m:      	  20: { 'client-ids': "['0', '1', '2', '3', '4', '5', '6', '7']",
[92mINFO [0m:      	        'dp-client-clipped': "['1', '1', '1', '1', '1', '1', '1', '1']",
[92mINFO [0m:      	        'dp-client-ids': "['0', '1', '2', '3', '4', '5', '6', '7']",
[92mINFO [0m:      	        'dp-expected-noise-l2-norm': '6.2445e+00',
[92mINFO [0m:      	        'dp-fraction-clipped': '1.0000e+00',
[92mINFO [0m:      	        'dp-noise-percent-of-signal': '3.3693e+02',
[92mINFO [0m:      	        'dp-noise-to-signal-ratio': '3.3693e+00',
[92mINFO [0m:      	        'dp-num-clients-clipped': '8',
[92mINFO [0m:      	        'dp-parameter-count': '364426',
[92mINFO [0m:      	        'dp-signal-update-norm': '1.8533e+00',
[92mINFO [0m:      	        'dp-update-norms-before-clipping': "['1.5370e+01', '1.5101e+01', "
[92mINFO [0m:      	                                           "'1.5260e+01', '1.5249e+01', "
[92mINFO [0m:      	                                           "'1.1897e+01', '1.0848e+01', "
[92mINFO [0m:      	                                           "'1.4048e+01', '1.2453e+01']",
[92mINFO [0m:      	        'metric-dp-aggregation-collapsed': '0.0000e+00',
[92mINFO [0m:      	        'metric-dp-distance': '3.0210e+00',
[92mINFO [0m:      	        'metric-dp-distance-count': '28',
[92mINFO [0m:      	        'metric-dp-distance-invalid': '0.0000e+00',
[92mINFO [0m:      	        'metric-dp-distance-mean': '2.7244e+00',
[92mINFO [0m:      	        'metric-dp-distance-median': '2.7111e+00',
[92mINFO [0m:      	        'metric-dp-distance-min': '2.2626e+00',
[92mINFO [0m:      	        'metric-dp-noise-stdv': '1.0344e-02',
[92mINFO [0m:      	        'metric-dp-pairwise-client-i': "['0', '0', '0', '0', '0', '0', '0', "
[92mINFO [0m:      	                                       "'1', '1', '1', '1', '1', '1', '2', "
[92mINFO [0m:      	                                       "'2', '2', '2', '2', '3', '3', '3', "
[92mINFO [0m:      	                                       "'3', '4', '4', '4', '5', '5', '6']",
[92mINFO [0m:      	        'metric-dp-pairwise-client-j': "['1', '2', '3', '4', '5', '6', '7', "
[92mINFO [0m:      	                                       "'2', '3', '4', '5', '6', '7', '3', "
[92mINFO [0m:      	                                       "'4', '5', '6', '7', '4', '5', '6', "
[92mINFO [0m:      	                                       "'7', '5', '6', '7', '6', '7', '7']",
[92mINFO [0m:      	        'metric-dp-pairwise-distances': "['2.9741e+00', '3.0156e+00', "
[92mINFO [0m:      	                                        "'3.0210e+00', '2.7250e+00', "
[92mINFO [0m:      	                                        "'2.6399e+00', '2.9067e+00', "
[92mINFO [0m:      	                                        "'2.7567e+00', '2.9753e+00', "
[92mINFO [0m:      	                                        "'2.9725e+00', '2.6861e+00', "
[92mINFO [0m:      	                                        "'2.6034e+00', '2.8661e+00', "
[92mINFO [0m:      	                                        "'2.6907e+00', '2.9832e+00', "
[92mINFO [0m:      	                                        "'2.6777e+00', '2.6264e+00', "
[92mINFO [0m:      	                                        "'2.8864e+00', '2.7302e+00', "
[92mINFO [0m:      	                                        "'2.6973e+00', '2.5965e+00', "
[92mINFO [0m:      	                                        "'2.8768e+00', '2.7448e+00', "
[92mINFO [0m:      	                                        "'2.2626e+00', '2.5796e+00', "
[92mINFO [0m:      	                                        "'2.4045e+00', '2.4746e+00', "
[92mINFO [0m:      	                                        "'2.3040e+00', '2.6047e+00']",
[92mINFO [0m:      	        'per-client-num-examples': "['6025', '5770', '6243', '6225', '3880', "
[92mINFO [0m:      	                                   "'2928', '4981', '3945']",
[92mINFO [0m:      	        'per-client-train_loss': "['1.6773e-01', '1.5131e-01', '1.4750e-01', "
[92mINFO [0m:      	                                 "'1.2287e-01', '1.0672e-01', '1.3196e-01', "
[92mINFO [0m:      	                                 "'1.5054e-01', '1.3663e-01']",
[92mINFO [0m:      	        'per-client-train_loss_mean': "['3.3663e-01', '3.2876e-01', "
[92mINFO [0m:      	                                      "'3.1221e-01', '2.6685e-01', "
[92mINFO [0m:      	                                      "'3.1045e-01', '3.4178e-01', "
[92mINFO [0m:      	                                      "'3.3658e-01', '3.4458e-01']",
[92mINFO [0m:      	        'train_loss': '1.4148e-01',
[92mINFO [0m:      	        'train_loss_mean': '3.1944e-01'}}
[92mINFO [0m:      	
[92mINFO [0m:      	Aggregated ClientApp-side Evaluate Metrics:
[92mINFO [0m:      	{ 1: { 'client-ids': "['0', '1', '2', '3', '4', '5', '6', '7']",
[92mINFO [0m:      	       'eval_acc': '1.0007e-01',
[92mINFO [0m:      	       'eval_loss': '2.3021e+00',
[92mINFO [0m:      	       'per-client-eval_acc': "['2.5813e-01', '1.1850e-01', '3.5874e-02', "
[92mINFO [0m:      	                              "'3.5324e-02', '2.9897e-02', '8.7432e-02', "
[92mINFO [0m:      	                              "'6.0193e-02', '1.6413e-01']",
[92mINFO [0m:      	       'per-client-eval_loss': "['2.2930e+00', '2.3109e+00', '2.3091e+00', "
[92mINFO [0m:      	                               "'2.3027e+00', '2.3110e+00', '2.2944e+00', "
[92mINFO [0m:      	                               "'2.2999e+00', '2.2908e+00']",
[92mINFO [0m:      	       'per-client-num-examples': "['1507', '1443', '1561', '1557', '970', "
[92mINFO [0m:      	                                  "'732', '1246', '987']"},
[92mINFO [0m:      	  2: { 'client-ids': "['0', '1', '2', '3', '4', '5', '6', '7']",
[92mINFO [0m:      	       'eval_acc': '1.5595e-01',
[92mINFO [0m:      	       'eval_loss': '2.2498e+00',
[92mINFO [0m:      	       'per-client-eval_acc': "['2.8865e-01', '1.6286e-01', '8.3280e-02', "
[92mINFO [0m:      	                              "'1.4322e-01', '4.8454e-02', '1.7213e-01', "
[92mINFO [0m:      	                              "'1.2681e-01', '2.0871e-01']",
[92mINFO [0m:      	       'per-client-eval_loss': "['2.2430e+00', '2.2646e+00', '2.2600e+00', "
[92mINFO [0m:      	                               "'2.2425e+00', '2.2495e+00', '2.2352e+00', "
[92mINFO [0m:      	                               "'2.2493e+00', '2.2456e+00']",
[92mINFO [0m:      	       'per-client-num-examples': "['1507', '1443', '1561', '1557', '970', "
[92mINFO [0m:      	                                  "'732', '1246', '987']"},
[92mINFO [0m:      	  3: { 'client-ids': "['0', '1', '2', '3', '4', '5', '6', '7']",
[92mINFO [0m:      	       'eval_acc': '3.7229e-01',
[92mINFO [0m:      	       'eval_loss': '2.0610e+00',
[92mINFO [0m:      	       'per-client-eval_acc': "['3.8421e-01', '3.1947e-01', '3.2735e-01', "
[92mINFO [0m:      	                              "'4.9197e-01', '2.1443e-01', '4.3989e-01', "
[92mINFO [0m:      	                              "'4.0128e-01', '3.8197e-01']",
[92mINFO [0m:      	       'per-client-eval_loss': "['2.0688e+00', '2.1011e+00', '2.0636e+00', "
[92mINFO [0m:      	                               "'2.0305e+00', '2.0646e+00', '2.0433e+00', "
[92mINFO [0m:      	                               "'2.0476e+00', '2.0610e+00']",
[92mINFO [0m:      	       'per-client-num-examples': "['1507', '1443', '1561', '1557', '970', "
[92mINFO [0m:      	                                  "'732', '1246', '987']"},
[92mINFO [0m:      	  4: { 'client-ids': "['0', '1', '2', '3', '4', '5', '6', '7']",
[92mINFO [0m:      	       'eval_acc': '4.2927e-01',
[92mINFO [0m:      	       'eval_loss': '1.7842e+00',
[92mINFO [0m:      	       'per-client-eval_acc': "['3.6629e-01', '3.5690e-01', '4.6509e-01', "
[92mINFO [0m:      	                              "'5.3629e-01', '3.9485e-01', '4.5219e-01', "
[92mINFO [0m:      	                              "'4.4382e-01', '4.0426e-01']",
[92mINFO [0m:      	       'per-client-eval_loss': "['1.8382e+00', '1.8663e+00', '1.7544e+00', "
[92mINFO [0m:      	                               "'1.6906e+00', '1.8021e+00', '1.7629e+00', "
[92mINFO [0m:      	                               "'1.7678e+00', '1.7957e+00']",
[92mINFO [0m:      	       'per-client-num-examples': "['1507', '1443', '1561', '1557', '970', "
[92mINFO [0m:      	                                  "'732', '1246', '987']"},
[92mINFO [0m:      	  5: { 'client-ids': "['0', '1', '2', '3', '4', '5', '6', '7']",
[92mINFO [0m:      	       'eval_acc': '4.6256e-01',
[92mINFO [0m:      	       'eval_loss': '1.5447e+00',
[92mINFO [0m:      	       'per-client-eval_acc': "['4.5322e-01', '4.3659e-01', '4.6509e-01', "
[92mINFO [0m:      	                              "'5.3821e-01', '3.9897e-01', '4.7814e-01', "
[92mINFO [0m:      	                              "'4.5265e-01', '4.5491e-01']",
[92mINFO [0m:      	       'per-client-eval_loss': "['1.5696e+00', '1.6076e+00', '1.5203e+00', "
[92mINFO [0m:      	                               "'1.4269e+00', '1.5858e+00', '1.5337e+00', "
[92mINFO [0m:      	                               "'1.5704e+00', '1.5743e+00']",
[92mINFO [0m:      	       'per-client-num-examples': "['1507', '1443', '1561', '1557', '970', "
[92mINFO [0m:      	                                  "'732', '1246', '987']"},
[92mINFO [0m:      	  6: { 'client-ids': "['0', '1', '2', '3', '4', '5', '6', '7']",
[92mINFO [0m:      	       'eval_acc': '5.3664e-01',
[92mINFO [0m:      	       'eval_loss': '1.3315e+00',
[92mINFO [0m:      	       'per-client-eval_acc': "['5.0498e-01', '5.1143e-01', '5.5862e-01', "
[92mINFO [0m:      	                              "'5.9923e-01', '5.1856e-01', '5.1366e-01', "
[92mINFO [0m:      	                              "'5.3050e-01', '5.3090e-01']",
[92mINFO [0m:      	       'per-client-eval_loss': "['1.3843e+00', '1.3890e+00', '1.2767e+00', "
[92mINFO [0m:      	                               "'1.2553e+00', '1.3328e+00', '1.3730e+00', "
[92mINFO [0m:      	                               "'1.3471e+00', '1.3223e+00']",
[92mINFO [0m:      	       'per-client-num-examples': "['1507', '1443', '1561', '1557', '970', "
[92mINFO [0m:      	                                  "'732', '1246', '987']"},
[92mINFO [0m:      	  7: { 'client-ids': "['0', '1', '2', '3', '4', '5', '6', '7']",
[92mINFO [0m:      	       'eval_acc': '5.9072e-01',
[92mINFO [0m:      	       'eval_loss': '1.1703e+00',
[92mINFO [0m:      	       'per-client-eval_acc': "['5.4147e-01', '5.9667e-01', '6.2844e-01', "
[92mINFO [0m:      	                              "'6.1593e-01', '5.8041e-01', '5.5738e-01', "
[92mINFO [0m:      	                              "'5.9470e-01', '5.8764e-01']",
[92mINFO [0m:      	       'per-client-eval_loss': "['1.2359e+00', '1.1737e+00', '1.1137e+00', "
[92mINFO [0m:      	                               "'1.1489e+00', '1.1684e+00', '1.2264e+00', "
[92mINFO [0m:      	                               "'1.1605e+00', '1.1609e+00']",
[92mINFO [0m:      	       'per-client-num-examples': "['1507', '1443', '1561', '1557', '970', "
[92mINFO [0m:      	                                  "'732', '1246', '987']"},
[92mINFO [0m:      	  8: { 'client-ids': "['0', '1', '2', '3', '4', '5', '6', '7']",
[92mINFO [0m:      	       'eval_acc': '5.9702e-01',
[92mINFO [0m:      	       'eval_loss': '1.1258e+00',
[92mINFO [0m:      	       'per-client-eval_acc': "['5.3683e-01', '6.2162e-01', '6.2204e-01', "
[92mINFO [0m:      	                              "'6.3712e-01', '5.6186e-01', '5.8060e-01', "
[92mINFO [0m:      	                              "'6.1075e-01', '5.7953e-01']",
[92mINFO [0m:      	       'per-client-eval_loss': "['1.2308e+00', '1.1053e+00', '1.0921e+00', "
[92mINFO [0m:      	                               "'1.0951e+00', '1.1316e+00', '1.1621e+00', "
[92mINFO [0m:      	                               "'1.0728e+00', '1.1310e+00']",
[92mINFO [0m:      	       'per-client-num-examples': "['1507', '1443', '1561', '1557', '970', "
[92mINFO [0m:      	                                  "'732', '1246', '987']"},
[92mINFO [0m:      	  9: { 'client-ids': "['0', '1', '2', '3', '4', '5', '6', '7']",
[92mINFO [0m:      	       'eval_acc': '6.1382e-01',
[92mINFO [0m:      	       'eval_loss': '1.0996e+00',
[92mINFO [0m:      	       'per-client-eval_acc': "['5.6271e-01', '6.2647e-01', '6.3549e-01', "
[92mINFO [0m:      	                              "'6.3391e-01', '6.1134e-01', '5.9426e-01', "
[92mINFO [0m:      	                              "'6.3483e-01', '5.9777e-01']",
[92mINFO [0m:      	       'per-client-eval_loss': "['1.2048e+00', '1.1223e+00', '1.0651e+00', "
[92mINFO [0m:      	                               "'1.0827e+00', '1.0472e+00', '1.1168e+00', "
[92mINFO [0m:      	                               "'1.0266e+00', '1.1182e+00']",
[92mINFO [0m:      	       'per-client-num-examples': "['1507', '1443', '1561', '1557', '970', "
[92mINFO [0m:      	                                  "'732', '1246', '987']"},
[92mINFO [0m:      	  10: { 'client-ids': "['0', '1', '2', '3', '4', '5', '6', '7']",
[92mINFO [0m:      	        'eval_acc': '6.3541e-01',
[92mINFO [0m:      	        'eval_loss': '1.0534e+00',
[92mINFO [0m:      	        'per-client-eval_acc': "['5.8859e-01', '6.2924e-01', '6.6047e-01', "
[92mINFO [0m:      	                               "'6.7566e-01', '6.2680e-01', '6.2158e-01', "
[92mINFO [0m:      	                               "'6.4767e-01', '6.1601e-01']",
[92mINFO [0m:      	        'per-client-eval_loss': "['1.1780e+00', '1.1018e+00', '1.0023e+00', "
[92mINFO [0m:      	                                "'9.7712e-01', '1.0434e+00', '1.0546e+00', "
[92mINFO [0m:      	                                "'9.9347e-01', '1.0778e+00']",
[92mINFO [0m:      	        'per-client-num-examples': "['1507', '1443', '1561', '1557', '970', "
[92mINFO [0m:      	                                   "'732', '1246', '987']"},
[92mINFO [0m:      	  11: { 'client-ids': "['0', '1', '2', '3', '4', '5', '6', '7']",
[92mINFO [0m:      	        'eval_acc': '6.4691e-01',
[92mINFO [0m:      	        'eval_loss': '1.0596e+00',
[92mINFO [0m:      	        'per-client-eval_acc': "['5.9721e-01', '6.4796e-01', '6.8161e-01', "
[92mINFO [0m:      	                               "'6.9942e-01', '6.2474e-01', '6.2568e-01', "
[92mINFO [0m:      	                               "'6.5008e-01', '6.1702e-01']",
[92mINFO [0m:      	        'per-client-eval_loss': "['1.1958e+00', '1.0837e+00', '1.0138e+00', "
[92mINFO [0m:      	                                "'9.4566e-01', '1.0802e+00', '1.0557e+00', "
[92mINFO [0m:      	                                "'1.0150e+00', '1.1078e+00']",
[92mINFO [0m:      	        'per-client-num-examples': "['1507', '1443', '1561', '1557', '970', "
[92mINFO [0m:      	                                   "'732', '1246', '987']"},
[92mINFO [0m:      	  12: { 'client-ids': "['0', '1', '2', '3', '4', '5', '6', '7']",
[92mINFO [0m:      	        'eval_acc': '6.6160e-01',
[92mINFO [0m:      	        'eval_loss': '1.0092e+00',
[92mINFO [0m:      	        'per-client-eval_acc': "['6.2442e-01', '6.7429e-01', '6.9315e-01', "
[92mINFO [0m:      	                               "'6.9685e-01', '6.2784e-01', '6.3525e-01', "
[92mINFO [0m:      	                               "'6.5490e-01', '6.5552e-01']",
[92mINFO [0m:      	        'per-client-eval_loss': "['1.1229e+00', '9.9070e-01', '9.4773e-01', "
[92mINFO [0m:      	                                "'9.4759e-01', '1.0522e+00', '1.0669e+00', "
[92mINFO [0m:      	                                "'9.7074e-01', '1.0210e+00']",
[92mINFO [0m:      	        'per-client-num-examples': "['1507', '1443', '1561', '1557', '970', "
[92mINFO [0m:      	                                   "'732', '1246', '987']"},
[92mINFO [0m:      	  13: { 'client-ids': "['0', '1', '2', '3', '4', '5', '6', '7']",
[92mINFO [0m:      	        'eval_acc': '6.6570e-01',
[92mINFO [0m:      	        'eval_loss': '1.0204e+00',
[92mINFO [0m:      	        'per-client-eval_acc': "['6.2906e-01', '6.8468e-01', '6.8994e-01', "
[92mINFO [0m:      	                               "'6.8979e-01', '6.1649e-01', '6.5301e-01', "
[92mINFO [0m:      	                               "'6.6854e-01', '6.7173e-01']",
[92mINFO [0m:      	        'per-client-eval_loss': "['1.1040e+00', '9.6646e-01', '9.6714e-01', "
[92mINFO [0m:      	                                "'9.8172e-01', '1.0909e+00', '1.0868e+00', "
[92mINFO [0m:      	                                "'9.9074e-01', '1.0359e+00']",
[92mINFO [0m:      	        'per-client-num-examples': "['1507', '1443', '1561', '1557', '970', "
[92mINFO [0m:      	                                   "'732', '1246', '987']"},
[92mINFO [0m:      	  14: { 'client-ids': "['0', '1', '2', '3', '4', '5', '6', '7']",
[92mINFO [0m:      	        'eval_acc': '6.7040e-01',
[92mINFO [0m:      	        'eval_loss': '1.0331e+00',
[92mINFO [0m:      	        'per-client-eval_acc': "['6.4499e-01', '6.7360e-01', '6.9763e-01', "
[92mINFO [0m:      	                               "'7.0392e-01', '6.4330e-01', '6.5027e-01', "
[92mINFO [0m:      	                               "'6.6132e-01', '6.6160e-01']",
[92mINFO [0m:      	        'per-client-eval_loss': "['1.0881e+00', '1.0597e+00', '9.3728e-01', "
[92mINFO [0m:      	                                "'9.7905e-01', '1.0841e+00', '1.1131e+00', "
[92mINFO [0m:      	                                "'1.0238e+00', '1.0491e+00']",
[92mINFO [0m:      	        'per-client-num-examples': "['1507', '1443', '1561', '1557', '970', "
[92mINFO [0m:      	                                   "'732', '1246', '987']"},
[92mINFO [0m:      	  15: { 'client-ids': "['0', '1', '2', '3', '4', '5', '6', '7']",
[92mINFO [0m:      	        'eval_acc': '6.5930e-01',
[92mINFO [0m:      	        'eval_loss': '1.0676e+00',
[92mINFO [0m:      	        'per-client-eval_acc': "['6.3305e-01', '6.7290e-01', '6.8097e-01', "
[92mINFO [0m:      	                               "'6.9557e-01', '6.0515e-01', '6.3388e-01', "
[92mINFO [0m:      	                               "'6.5650e-01', '6.6363e-01']",
[92mINFO [0m:      	        'per-client-eval_loss': "['1.1395e+00', '1.0491e+00', '1.0038e+00', "
[92mINFO [0m:      	                                "'9.8418e-01', '1.1913e+00', '1.1379e+00', "
[92mINFO [0m:      	                                "'1.0528e+00', '1.0619e+00']",
[92mINFO [0m:      	        'per-client-num-examples': "['1507', '1443', '1561', '1557', '970', "
[92mINFO [0m:      	                                   "'732', '1246', '987']"},
[92mINFO [0m:      	  16: { 'client-ids': "['0', '1', '2', '3', '4', '5', '6', '7']",
[92mINFO [0m:      	        'eval_acc': '6.6710e-01',
[92mINFO [0m:      	        'eval_loss': '1.0780e+00',
[92mINFO [0m:      	        'per-client-eval_acc': "['6.2906e-01', '6.7568e-01', '6.9315e-01', "
[92mINFO [0m:      	                               "'6.9364e-01', '6.4124e-01', '6.5710e-01', "
[92mINFO [0m:      	                               "'6.7737e-01', '6.4944e-01']",
[92mINFO [0m:      	        'per-client-eval_loss': "['1.1925e+00', '1.0463e+00', '1.0127e+00', "
[92mINFO [0m:      	                                "'1.0307e+00', '1.1043e+00', '1.1282e+00', "
[92mINFO [0m:      	                                "'1.0076e+00', '1.1528e+00']",
[92mINFO [0m:      	        'per-client-num-examples': "['1507', '1443', '1561', '1557', '970', "
[92mINFO [0m:      	                                   "'732', '1246', '987']"},
[92mINFO [0m:      	  17: { 'client-ids': "['0', '1', '2', '3', '4', '5', '6', '7']",
[92mINFO [0m:      	        'eval_acc': '6.5530e-01',
[92mINFO [0m:      	        'eval_loss': '1.1385e+00',
[92mINFO [0m:      	        'per-client-eval_acc': "['6.3371e-01', '6.7429e-01', '6.8033e-01', "
[92mINFO [0m:      	                               "'6.5575e-01', '6.2577e-01', '6.4891e-01', "
[92mINFO [0m:      	                               "'6.6292e-01', '6.4438e-01']",
[92mINFO [0m:      	        'per-client-eval_loss': "['1.1871e+00', '1.0511e+00', '1.0975e+00', "
[92mINFO [0m:      	                                "'1.1543e+00', '1.1623e+00', '1.1787e+00', "
[92mINFO [0m:      	                                "'1.0985e+00', '1.2291e+00']",
[92mINFO [0m:      	        'per-client-num-examples': "['1507', '1443', '1561', '1557', '970', "
[92mINFO [0m:      	                                   "'732', '1246', '987']"},
[92mINFO [0m:      	  18: { 'client-ids': "['0', '1', '2', '3', '4', '5', '6', '7']",
[92mINFO [0m:      	        'eval_acc': '6.6940e-01',
[92mINFO [0m:      	        'eval_loss': '1.1180e+00',
[92mINFO [0m:      	        'per-client-eval_acc': "['6.6158e-01', '6.8815e-01', '6.8738e-01', "
[92mINFO [0m:      	                               "'6.7116e-01', '6.3608e-01', '6.5847e-01', "
[92mINFO [0m:      	                               "'6.7416e-01', '6.5755e-01']",
[92mINFO [0m:      	        'per-client-eval_loss': "['1.1438e+00', '1.0311e+00', '1.1052e+00', "
[92mINFO [0m:      	                                "'1.1142e+00', '1.1793e+00', '1.1260e+00', "
[92mINFO [0m:      	                                "'1.0889e+00', '1.2029e+00']",
[92mINFO [0m:      	        'per-client-num-examples': "['1507', '1443', '1561', '1557', '970', "
[92mINFO [0m:      	                                   "'732', '1246', '987']"},
[92mINFO [0m:      	  19: { 'client-ids': "['0', '1', '2', '3', '4', '5', '6', '7']",
[92mINFO [0m:      	        'eval_acc': '6.8359e-01',
[92mINFO [0m:      	        'eval_loss': '1.1254e+00',
[92mINFO [0m:      	        'per-client-eval_acc': "['6.5096e-01', '6.9785e-01', '7.0596e-01', "
[92mINFO [0m:      	                               "'6.9493e-01', '6.6392e-01', '6.7486e-01', "
[92mINFO [0m:      	                               "'6.9021e-01', '6.7680e-01']",
[92mINFO [0m:      	        'per-client-eval_loss': "['1.2387e+00', '1.0736e+00', '1.0858e+00', "
[92mINFO [0m:      	                                "'1.0710e+00', '1.1409e+00', '1.1356e+00', "
[92mINFO [0m:      	                                "'1.0689e+00', '1.2250e+00']",
[92mINFO [0m:      	        'per-client-num-examples': "['1507', '1443', '1561', '1557', '970', "
[92mINFO [0m:      	                                   "'732', '1246', '987']"},
[92mINFO [0m:      	  20: { 'client-ids': "['0', '1', '2', '3', '4', '5', '6', '7']",
[92mINFO [0m:      	        'eval_acc': '6.8889e-01',
[92mINFO [0m:      	        'eval_loss': '1.1250e+00',
[92mINFO [0m:      	        'per-client-eval_acc': "['6.5295e-01', '6.9716e-01', '7.0852e-01', "
[92mINFO [0m:      	                               "'7.0841e-01', '6.6082e-01', '6.8579e-01', "
[92mINFO [0m:      	                               "'6.9823e-01', '6.8794e-01']",
[92mINFO [0m:      	        'per-client-eval_loss': "['1.2657e+00', '1.1074e+00', '1.0778e+00', "
[92mINFO [0m:      	                                "'1.0396e+00', '1.1446e+00', '1.1527e+00', "
[92mINFO [0m:      	                                "'1.0449e+00', '1.2064e+00']",
[92mINFO [0m:      	        'per-client-num-examples': "['1507', '1443', '1561', '1557', '970', "
[92mINFO [0m:      	                                   "'732', '1246', '987']"}}
[92mINFO [0m:      	
[92mINFO [0m:      	ServerApp-side Evaluate Metrics:
[92mINFO [0m:      	{ 0: { 'accuracy': '1.0000e-01',
[92mINFO [0m:      	       'auc': '5.0091e-01',
[92mINFO [0m:      	       'diverged': '0.0000e+00',
[92mINFO [0m:      	       'f1': '1.8182e-02',
[92mINFO [0m:      	       'loss': '2.3041e+00',
[92mINFO [0m:      	       'precision': '1.0000e-02'},
[92mINFO [0m:      	  1: { 'accuracy': '1.0000e-01',
[92mINFO [0m:      	       'auc': '5.2925e-01',
[92mINFO [0m:      	       'diverged': '0.0000e+00',
[92mINFO [0m:      	       'f1': '1.8182e-02',
[92mINFO [0m:      	       'loss': '2.3021e+00',
[92mINFO [0m:      	       'precision': '1.0000e-02'},
[92mINFO [0m:      	  2: { 'accuracy': '1.5580e-01',
[92mINFO [0m:      	       'auc': '6.5519e-01',
[92mINFO [0m:      	       'diverged': '0.0000e+00',
[92mINFO [0m:      	       'f1': '9.2730e-02',
[92mINFO [0m:      	       'loss': '2.2499e+00',
[92mINFO [0m:      	       'precision': '2.1337e-01'},
[92mINFO [0m:      	  3: { 'accuracy': '3.7040e-01',
[92mINFO [0m:      	       'auc': '7.9903e-01',
[92mINFO [0m:      	       'diverged': '0.0000e+00',
[92mINFO [0m:      	       'f1': '3.2113e-01',
[92mINFO [0m:      	       'loss': '2.0581e+00',
[92mINFO [0m:      	       'precision': '4.1950e-01'},
[92mINFO [0m:      	  4: { 'accuracy': '4.4020e-01',
[92mINFO [0m:      	       'auc': '8.5799e-01',
[92mINFO [0m:      	       'diverged': '0.0000e+00',
[92mINFO [0m:      	       'f1': '4.3367e-01',
[92mINFO [0m:      	       'loss': '1.7794e+00',
[92mINFO [0m:      	       'precision': '5.0351e-01'},
[92mINFO [0m:      	  5: { 'accuracy': '4.6740e-01',
[92mINFO [0m:      	       'auc': '8.7656e-01',
[92mINFO [0m:      	       'diverged': '0.0000e+00',
[92mINFO [0m:      	       'f1': '4.7106e-01',
[92mINFO [0m:      	       'loss': '1.5388e+00',
[92mINFO [0m:      	       'precision': '5.4529e-01'},
[92mINFO [0m:      	  6: { 'accuracy': '5.4560e-01',
[92mINFO [0m:      	       'auc': '9.0706e-01',
[92mINFO [0m:      	       'diverged': '0.0000e+00',
[92mINFO [0m:      	       'f1': '5.5020e-01',
[92mINFO [0m:      	       'loss': '1.3234e+00',
[92mINFO [0m:      	       'precision': '5.7705e-01'},
[92mINFO [0m:      	  7: { 'accuracy': '5.8960e-01',
[92mINFO [0m:      	       'auc': '9.2640e-01',
[92mINFO [0m:      	       'diverged': '0.0000e+00',
[92mINFO [0m:      	       'f1': '5.8865e-01',
[92mINFO [0m:      	       'loss': '1.1633e+00',
[92mINFO [0m:      	       'precision': '6.0148e-01'},
[92mINFO [0m:      	  8: { 'accuracy': '5.9220e-01',
[92mINFO [0m:      	       'auc': '9.3006e-01',
[92mINFO [0m:      	       'diverged': '0.0000e+00',
[92mINFO [0m:      	       'f1': '5.8310e-01',
[92mINFO [0m:      	       'loss': '1.1149e+00',
[92mINFO [0m:      	       'precision': '6.0898e-01'},
[92mINFO [0m:      	  9: { 'accuracy': '6.1920e-01',
[92mINFO [0m:      	       'auc': '9.3373e-01',
[92mINFO [0m:      	       'diverged': '0.0000e+00',
[92mINFO [0m:      	       'f1': '6.1818e-01',
[92mINFO [0m:      	       'loss': '1.0879e+00',
[92mINFO [0m:      	       'precision': '6.3106e-01'},
[92mINFO [0m:      	  10: { 'accuracy': '6.3180e-01',
[92mINFO [0m:      	        'auc': '9.4072e-01',
[92mINFO [0m:      	        'diverged': '0.0000e+00',
[92mINFO [0m:      	        'f1': '6.2791e-01',
[92mINFO [0m:      	        'loss': '1.0397e+00',
[92mINFO [0m:      	        'precision': '6.3818e-01'},
[92mINFO [0m:      	  11: { 'accuracy': '6.4280e-01',
[92mINFO [0m:      	        'auc': '9.4324e-01',
[92mINFO [0m:      	        'diverged': '0.0000e+00',
[92mINFO [0m:      	        'f1': '6.3706e-01',
[92mINFO [0m:      	        'loss': '1.0414e+00',
[92mINFO [0m:      	        'precision': '6.4818e-01'},
[92mINFO [0m:      	  12: { 'accuracy': '6.6180e-01',
[92mINFO [0m:      	        'auc': '9.4785e-01',
[92mINFO [0m:      	        'diverged': '0.0000e+00',
[92mINFO [0m:      	        'f1': '6.5693e-01',
[92mINFO [0m:      	        'loss': '9.9746e-01',
[92mINFO [0m:      	        'precision': '6.6762e-01'},
[92mINFO [0m:      	  13: { 'accuracy': '6.6840e-01',
[92mINFO [0m:      	        'auc': '9.4869e-01',
[92mINFO [0m:      	        'diverged': '0.0000e+00',
[92mINFO [0m:      	        'f1': '6.6474e-01',
[92mINFO [0m:      	        'loss': '1.0041e+00',
[92mINFO [0m:      	        'precision': '6.7327e-01'},
[92mINFO [0m:      	  14: { 'accuracy': '6.6820e-01',
[92mINFO [0m:      	        'auc': '9.4777e-01',
[92mINFO [0m:      	        'diverged': '0.0000e+00',
[92mINFO [0m:      	        'f1': '6.6727e-01',
[92mINFO [0m:      	        'loss': '1.0197e+00',
[92mINFO [0m:      	        'precision': '6.7079e-01'},
[92mINFO [0m:      	  15: { 'accuracy': '6.6560e-01',
[92mINFO [0m:      	        'auc': '9.4714e-01',
[92mINFO [0m:      	        'diverged': '0.0000e+00',
[92mINFO [0m:      	        'f1': '6.6174e-01',
[92mINFO [0m:      	        'loss': '1.0448e+00',
[92mINFO [0m:      	        'precision': '6.6940e-01'},
[92mINFO [0m:      	  16: { 'accuracy': '6.7480e-01',
[92mINFO [0m:      	        'auc': '9.4887e-01',
[92mINFO [0m:      	        'diverged': '0.0000e+00',
[92mINFO [0m:      	        'f1': '6.7344e-01',
[92mINFO [0m:      	        'loss': '1.0613e+00',
[92mINFO [0m:      	        'precision': '6.8715e-01'},
[92mINFO [0m:      	  17: { 'accuracy': '6.6280e-01',
[92mINFO [0m:      	        'auc': '9.4481e-01',
[92mINFO [0m:      	        'diverged': '0.0000e+00',
[92mINFO [0m:      	        'f1': '6.6483e-01',
[92mINFO [0m:      	        'loss': '1.1149e+00',
[92mINFO [0m:      	        'precision': '6.8467e-01'},
[92mINFO [0m:      	  18: { 'accuracy': '6.7120e-01',
[92mINFO [0m:      	        'auc': '9.4766e-01',
[92mINFO [0m:      	        'diverged': '0.0000e+00',
[92mINFO [0m:      	        'f1': '6.7268e-01',
[92mINFO [0m:      	        'loss': '1.0974e+00',
[92mINFO [0m:      	        'precision': '6.8287e-01'},
[92mINFO [0m:      	  19: { 'accuracy': '6.8400e-01',
[92mINFO [0m:      	        'auc': '9.5071e-01',
[92mINFO [0m:      	        'diverged': '0.0000e+00',
[92mINFO [0m:      	        'f1': '6.8469e-01',
[92mINFO [0m:      	        'loss': '1.1109e+00',
[92mINFO [0m:      	        'precision': '6.9219e-01'},
[92mINFO [0m:      	  20: { 'accuracy': '6.8960e-01',
[92mINFO [0m:      	        'auc': '9.5216e-01',
[92mINFO [0m:      	        'diverged': '0.0000e+00',
[92mINFO [0m:      	        'f1': '6.8929e-01',
[92mINFO [0m:      	        'loss': '1.1191e+00',
[92mINFO [0m:      	        'precision': '6.9461e-01'}}
[92mINFO [0m:      
[36m(ClientAppActor pid=1903)[0m Using the latest cached version of the dataset since uoft-cs/cifar10 couldn't be found on the Hugging Face Hub (offline mode is enabled).[32m [repeated 7x across cluster] (Ray deduplicates logs by default. Set RAY_DEDUP_LOGS=0 to disable log deduplication, or see https://docs.ray.io/en/master/ray-observability/user-guides/configure-logging.html#log-deduplication for more options.)[0m
[36m(ClientAppActor pid=1903)[0m Found the latest cached dataset configuration 'plain_text' at /root/.cache/huggingface/datasets/uoft-cs___cifar10/plain_text/0.0.0/0b2714987fa478483af9968de7c934580d0bb9a2 (last modified on Thu Aug 20 12:14:44 2026).[32m [repeated 7x across cluster][0m
Round 1 checkpoint written to /content/metricdp-pytorch/results/dirichlet/cifar10/8_clients/alpha-1p5__metric-privacy__in-remove-out-remove__seeds-42__noise-0p00625/cifar10-in-remove__dirichlet__alpha-1p5__metric-privacy__fedavg__clients-8__seed-42__nm0p05__clip5__rounds-20__epochs-5__cifar10_dirichlet__cifar10_cnn.round-1.pt
Round 2 checkpoint written to /content/metricdp-pytorch/results/dirichlet/cifar10/8_clients/alpha-1p5__metric-privacy__in-remove-out-remove__seeds-42__noise-0p00625/cifar10-in-remove__dirichlet__alpha-1p5__metric-privacy__fedavg__clients-8__seed-42__nm0p05__clip5__rounds-20__epochs-5__cifar10_dirichlet__cifar10_cnn.round-2.pt
Round 3 checkpoint written to /content/metricdp-pytorch/results/dirichlet/cifar10/8_clients/alpha-1p5__metric-privacy__in-remove-out-remove__seeds-42__noise-0p00625/cifar10-in-remove__dirichlet__alpha-1p5__metric-privacy__fedavg__clients-8__seed-42__nm0p05__clip5__rounds-20__epochs-5__cifar10_dirichlet__cifar10_cnn.round-3.pt
Round 4 checkpoint written to /content/metricdp-pytorch/results/dirichlet/cifar10/8_clients/alpha-1p5__metric-privacy__in-remove-out-remove__seeds-42__noise-0p00625/cifar10-in-remove__dirichlet__alpha-1p5__metric-privacy__fedavg__clients-8__seed-42__nm0p05__clip5__rounds-20__epochs-5__cifar10_dirichlet__cifar10_cnn.round-4.pt
Round 5 checkpoint written to /content/metricdp-pytorch/results/dirichlet/cifar10/8_clients/alpha-1p5__metric-privacy__in-remove-out-remove__seeds-42__noise-0p00625/cifar10-in-remove__dirichlet__alpha-1p5__metric-privacy__fedavg__clients-8__seed-42__nm0p05__clip5__rounds-20__epochs-5__cifar10_dirichlet__cifar10_cnn.round-5.pt
Round 6 checkpoint written to /content/metricdp-pytorch/results/dirichlet/cifar10/8_clients/alpha-1p5__metric-privacy__in-remove-out-remove__seeds-42__noise-0p00625/cifar10-in-remove__dirichlet__alpha-1p5__metric-privacy__fedavg__clients-8__seed-42__nm0p05__clip5__rounds-20__epochs-5__cifar10_dirichlet__cifar10_cnn.round-6.pt
Round 7 checkpoint written to /content/metricdp-pytorch/results/dirichlet/cifar10/8_clients/alpha-1p5__metric-privacy__in-remove-out-remove__seeds-42__noise-0p00625/cifar10-in-remove__dirichlet__alpha-1p5__metric-privacy__fedavg__clients-8__seed-42__nm0p05__clip5__rounds-20__epochs-5__cifar10_dirichlet__cifar10_cnn.round-7.pt
Round 8 checkpoint written to /content/metricdp-pytorch/results/dirichlet/cifar10/8_clients/alpha-1p5__metric-privacy__in-remove-out-remove__seeds-42__noise-0p00625/cifar10-in-remove__dirichlet__alpha-1p5__metric-privacy__fedavg__clients-8__seed-42__nm0p05__clip5__rounds-20__epochs-5__cifar10_dirichlet__cifar10_cnn.round-8.pt
Round 9 checkpoint written to /content/metricdp-pytorch/results/dirichlet/cifar10/8_clients/alpha-1p5__metric-privacy__in-remove-out-remove__seeds-42__noise-0p00625/cifar10-in-remove__dirichlet__alpha-1p5__metric-privacy__fedavg__clients-8__seed-42__nm0p05__clip5__rounds-20__epochs-5__cifar10_dirichlet__cifar10_cnn.round-9.pt
Round 10 checkpoint written to /content/metricdp-pytorch/results/dirichlet/cifar10/8_clients/alpha-1p5__metric-privacy__in-remove-out-remove__seeds-42__noise-0p00625/cifar10-in-remove__dirichlet__alpha-1p5__metric-privacy__fedavg__clients-8__seed-42__nm0p05__clip5__rounds-20__epochs-5__cifar10_dirichlet__cifar10_cnn.round-10.pt
Round 11 checkpoint written to /content/metricdp-pytorch/results/dirichlet/cifar10/8_clients/alpha-1p5__metric-privacy__in-remove-out-remove__seeds-42__noise-0p00625/cifar10-in-remove__dirichlet__alpha-1p5__metric-privacy__fedavg__clients-8__seed-42__nm0p05__clip5__rounds-20__epochs-5__cifar10_dirichlet__cifar10_cnn.round-11.pt
Round 12 checkpoint written to /content/metricdp-pytorch/results/dirichlet/cifar10/8_clients/alpha-1p5__metric-privacy__in-remove-out-remove__seeds-42__noise-0p00625/cifar10-in-remove__dirichlet__alpha-1p5__metric-privacy__fedavg__clients-8__seed-42__nm0p05__clip5__rounds-20__epochs-5__cifar10_dirichlet__cifar10_cnn.round-12.pt
Round 13 checkpoint written to /content/metricdp-pytorch/results/dirichlet/cifar10/8_clients/alpha-1p5__metric-privacy__in-remove-out-remove__seeds-42__noise-0p00625/cifar10-in-remove__dirichlet__alpha-1p5__metric-privacy__fedavg__clients-8__seed-42__nm0p05__clip5__rounds-20__epochs-5__cifar10_dirichlet__cifar10_cnn.round-13.pt
Round 14 checkpoint written to /content/metricdp-pytorch/results/dirichlet/cifar10/8_clients/alpha-1p5__metric-privacy__in-remove-out-remove__seeds-42__noise-0p00625/cifar10-in-remove__dirichlet__alpha-1p5__metric-privacy__fedavg__clients-8__seed-42__nm0p05__clip5__rounds-20__epochs-5__cifar10_dirichlet__cifar10_cnn.round-14.pt
Round 15 checkpoint written to /content/metricdp-pytorch/results/dirichlet/cifar10/8_clients/alpha-1p5__metric-privacy__in-remove-out-remove__seeds-42__noise-0p00625/cifar10-in-remove__dirichlet__alpha-1p5__metric-privacy__fedavg__clients-8__seed-42__nm0p05__clip5__rounds-20__epochs-5__cifar10_dirichlet__cifar10_cnn.round-15.pt
Round 16 checkpoint written to /content/metricdp-pytorch/results/dirichlet/cifar10/8_clients/alpha-1p5__metric-privacy__in-remove-out-remove__seeds-42__noise-0p00625/cifar10-in-remove__dirichlet__alpha-1p5__metric-privacy__fedavg__clients-8__seed-42__nm0p05__clip5__rounds-20__epochs-5__cifar10_dirichlet__cifar10_cnn.round-16.pt
Round 17 checkpoint written to /content/metricdp-pytorch/results/dirichlet/cifar10/8_clients/alpha-1p5__metric-privacy__in-remove-out-remove__seeds-42__noise-0p00625/cifar10-in-remove__dirichlet__alpha-1p5__metric-privacy__fedavg__clients-8__seed-42__nm0p05__clip5__rounds-20__epochs-5__cifar10_dirichlet__cifar10_cnn.round-17.pt
Round 18 checkpoint written to /content/metricdp-pytorch/results/dirichlet/cifar10/8_clients/alpha-1p5__metric-privacy__in-remove-out-remove__seeds-42__noise-0p00625/cifar10-in-remove__dirichlet__alpha-1p5__metric-privacy__fedavg__clients-8__seed-42__nm0p05__clip5__rounds-20__epochs-5__cifar10_dirichlet__cifar10_cnn.round-18.pt
Round 19 checkpoint written to /content/metricdp-pytorch/results/dirichlet/cifar10/8_clients/alpha-1p5__metric-privacy__in-remove-out-remove__seeds-42__noise-0p00625/cifar10-in-remove__dirichlet__alpha-1p5__metric-privacy__fedavg__clients-8__seed-42__nm0p05__clip5__rounds-20__epochs-5__cifar10_dirichlet__cifar10_cnn.round-19.pt
Round 20 checkpoint written to /content/metricdp-pytorch/results/dirichlet/cifar10/8_clients/alpha-1p5__metric-privacy__in-remove-out-remove__seeds-42__noise-0p00625/cifar10-in-remove__dirichlet__alpha-1p5__metric-privacy__fedavg__clients-8__seed-42__nm0p05__clip5__rounds-20__epochs-5__cifar10_dirichlet__cifar10_cnn.round-20.pt
Experiment result written to /content/metricdp-pytorch/results/dirichlet/cifar10/8_clients/alpha-1p5__metric-privacy__in-remove-out-remove__seeds-42__noise-0p00625/cifar10-in-remove__dirichlet__alpha-1p5__metric-privacy__fedavg__clients-8__seed-42__nm0p05__clip5__rounds-20__epochs-5__cifar10_dirichlet__cifar10_cnn.json
Detailed evaluation written to /content/metricdp-pytorch/results/dirichlet/cifar10/8_clients/alpha-1p5__metric-privacy__in-remove-out-remove__seeds-42__noise-0p00625/cifar10-in-remove__dirichlet__alpha-1p5__metric-privacy__fedavg__clients-8__seed-42__nm0p05__clip5__rounds-20__epochs-5__cifar10_dirichlet__cifar10_cnn.evaluation.json and /content/metricdp-pytorch/results/dirichlet/cifar10/8_clients/alpha-1p5__metric-privacy__in-remove-out-remove__seeds-42__noise-0p00625/cifar10-in-remove__dirichlet__alpha-1p5__metric-privacy__fedavg__clients-8__seed-42__nm0p05__clip5__rounds-20__epochs-5__cifar10_dirichlet__cifar10_cnn.predictions.npz
Result: /content/metricdp-pytorch/results/dirichlet/cifar10/8_clients/alpha-1p5__metric-privacy__in-remove-out-remove__seeds-42__noise-0p00625/cifar10-in-remove__dirichlet__alpha-1p5__metric-privacy__fedavg__clients-8__seed-42__nm0p05__clip5__rounds-20__epochs-5__cifar10_dirichlet__cifar10_cnn.json
Final server metrics: {'loss': 1.1191271995544434, 'accuracy': 0.6896, 'f1': 0.6892919892376062, 'precision': 0.6946145989411823, 'auc': 0.9521607911111111, 'diverged': 0.0}
2026-08-20 12:24:40 DONE  cifar10-in-remove__dirichlet__alpha-1p5__metric-privacy__fedavg__clients-8__seed-42__nm0p05__clip5__rounds-20__epochs-5__cifar10_dirichlet__cifar10_cnn (616.1s)
Warning: You are sending unauthenticated requests to the HF Hub. Please set a HF_TOKEN to enable higher rate limits and faster downloads.
2026-08-20 12:24:52 EVALUATED cifar10-in-remove__dirichlet__alpha-1p5__metric-privacy__fedavg__clients-8__seed-42__nm0p05__clip5__rounds-20__epochs-5__cifar10_dirichlet__cifar10_cnn round=1 (checkpoint deleted)
2026-08-20 12:25:00 EVALUATED cifar10-in-remove__dirichlet__alpha-1p5__metric-privacy__fedavg__clients-8__seed-42__nm0p05__clip5__rounds-20__epochs-5__cifar10_dirichlet__cifar10_cnn round=2 (checkpoint deleted)
2026-08-20 12:25:08 EVALUATED cifar10-in-remove__dirichlet__alpha-1p5__metric-privacy__fedavg__clients-8__seed-42__nm0p05__clip5__rounds-20__epochs-5__cifar10_dirichlet__cifar10_cnn round=3 (checkpoint deleted)
2026-08-20 12:25:16 EVALUATED cifar10-in-remove__dirichlet__alpha-1p5__metric-privacy__fedavg__clients-8__seed-42__nm0p05__clip5__rounds-20__epochs-5__cifar10_dirichlet__cifar10_cnn round=4 (checkpoint deleted)
2026-08-20 12:25:24 EVALUATED cifar10-in-remove__dirichlet__alpha-1p5__metric-privacy__fedavg__clients-8__seed-42__nm0p05__clip5__rounds-20__epochs-5__cifar10_dirichlet__cifar10_cnn round=5 (checkpoint deleted)
2026-08-20 12:25:33 EVALUATED cifar10-in-remove__dirichlet__alpha-1p5__metric-privacy__fedavg__clients-8__seed-42__nm0p05__clip5__rounds-20__epochs-5__cifar10_dirichlet__cifar10_cnn round=6 (checkpoint deleted)
2026-08-20 12:25:41 EVALUATED cifar10-in-remove__dirichlet__alpha-1p5__metric-privacy__fedavg__clients-8__seed-42__nm0p05__clip5__rounds-20__epochs-5__cifar10_dirichlet__cifar10_cnn round=7 (checkpoint deleted)
2026-08-20 12:25:49 EVALUATED cifar10-in-remove__dirichlet__alpha-1p5__metric-privacy__fedavg__clients-8__seed-42__nm0p05__clip5__rounds-20__epochs-5__cifar10_dirichlet__cifar10_cnn round=8 (checkpoint deleted)
2026-08-20 12:25:57 EVALUATED cifar10-in-remove__dirichlet__alpha-1p5__metric-privacy__fedavg__clients-8__seed-42__nm0p05__clip5__rounds-20__epochs-5__cifar10_dirichlet__cifar10_cnn round=9 (checkpoint deleted)
2026-08-20 12:26:05 EVALUATED cifar10-in-remove__dirichlet__alpha-1p5__metric-privacy__fedavg__clients-8__seed-42__nm0p05__clip5__rounds-20__epochs-5__cifar10_dirichlet__cifar10_cnn round=10 (checkpoint deleted)
2026-08-20 12:26:13 EVALUATED cifar10-in-remove__dirichlet__alpha-1p5__metric-privacy__fedavg__clients-8__seed-42__nm0p05__clip5__rounds-20__epochs-5__cifar10_dirichlet__cifar10_cnn round=11 (checkpoint deleted)
2026-08-20 12:26:21 EVALUATED cifar10-in-remove__dirichlet__alpha-1p5__metric-privacy__fedavg__clients-8__seed-42__nm0p05__clip5__rounds-20__epochs-5__cifar10_dirichlet__cifar10_cnn round=12 (checkpoint deleted)
2026-08-20 12:26:29 EVALUATED cifar10-in-remove__dirichlet__alpha-1p5__metric-privacy__fedavg__clients-8__seed-42__nm0p05__clip5__rounds-20__epochs-5__cifar10_dirichlet__cifar10_cnn round=13 (checkpoint deleted)
2026-08-20 12:26:38 EVALUATED cifar10-in-remove__dirichlet__alpha-1p5__metric-privacy__fedavg__clients-8__seed-42__nm0p05__clip5__rounds-20__epochs-5__cifar10_dirichlet__cifar10_cnn round=14 (checkpoint deleted)
2026-08-20 12:26:46 EVALUATED cifar10-in-remove__dirichlet__alpha-1p5__metric-privacy__fedavg__clients-8__seed-42__nm0p05__clip5__rounds-20__epochs-5__cifar10_dirichlet__cifar10_cnn round=15 (checkpoint deleted)
2026-08-20 12:26:54 EVALUATED cifar10-in-remove__dirichlet__alpha-1p5__metric-privacy__fedavg__clients-8__seed-42__nm0p05__clip5__rounds-20__epochs-5__cifar10_dirichlet__cifar10_cnn round=16 (checkpoint deleted)
2026-08-20 12:27:02 EVALUATED cifar10-in-remove__dirichlet__alpha-1p5__metric-privacy__fedavg__clients-8__seed-42__nm0p05__clip5__rounds-20__epochs-5__cifar10_dirichlet__cifar10_cnn round=17 (checkpoint deleted)
2026-08-20 12:27:10 EVALUATED cifar10-in-remove__dirichlet__alpha-1p5__metric-privacy__fedavg__clients-8__seed-42__nm0p05__clip5__rounds-20__epochs-5__cifar10_dirichlet__cifar10_cnn round=18 (checkpoint deleted)
2026-08-20 12:27:19 EVALUATED cifar10-in-remove__dirichlet__alpha-1p5__metric-privacy__fedavg__clients-8__seed-42__nm0p05__clip5__rounds-20__epochs-5__cifar10_dirichlet__cifar10_cnn round=19 (checkpoint deleted)
2026-08-20 12:27:27 EVALUATED cifar10-in-remove__dirichlet__alpha-1p5__metric-privacy__fedavg__clients-8__seed-42__nm0p05__clip5__rounds-20__epochs-5__cifar10_dirichlet__cifar10_cnn round=20 (checkpoint deleted)
2026-08-20 12:27:27 PROGRESS 1/2 (0 failed so far)
2026-08-20 12:27:27 START cifar10-out-remove__dirichlet__alpha-1p5__metric-privacy__fedavg__clients-7__seed-42__nm0p04375__clip5__rounds-20__epochs-5__cifar10_dirichlet__cifar10_cnn 
{
  "partition-mode": "dirichlet",
  "partition-profile": "auto",
  "client-weights": "",
  "dirichlet-alpha": 1.5,
  "data-module": "experiments.cia.scripts.cifar10_dirichlet:create_out_remove",
  "model-module": "experiments.reproduce.cifar10_cnn:create_model",
  "data-cache-dir": "",
  "privacy": "metric-privacy",
  "aggregation": "fedavg",
  "seed": 42,
  "num-server-rounds": 20,
  "num-clients": 7,
  "fraction-evaluate": 1.0,
  "local-epochs": 5,
  "learning-rate": 0.001,
  "weight-decay": 0.0,
  "lr-schedule": "none",
  "batch-size": 32,
  "initialization-batch-size": 32,
  "initialization-epochs": 20,
  "initialization-learning-rate": 0.001,
  "max-client-samples": 0,
  "max-test-samples": 0,
  "noise-multiplier": 0.043750000000000004,
  "clipping-norm": 5.0,
  "output-dir": "/content/metricdp-pytorch/results/dirichlet/cifar10/8_clients/alpha-1p5__metric-privacy__in-remove-out-remove__seeds-42__noise-0p00625",
  "run-name": "cifar10-out-remove__dirichlet__alpha-1p5__metric-privacy__fedavg__clients-7__seed-42__nm0p04375__clip5__rounds-20__epochs-5__cifar10_dirichlet__cifar10_cnn",
  "save-model": false,
  "checkpoint-rounds": [
    1,
    2,
    3,
    4,
    5,
    6,
    7,
    8,
    9,
    10,
    11,
    12,
    13,
    14,
    15,
    16,
    17,
    18,
    19,
    20
  ]
}
2026-08-20 12:27:30.965567: I tensorflow/core/util/port.cc:153] oneDNN custom operations are on. You may see slightly different numerical results due to floating-point round-off errors from different computation orders. To turn them off, set the environment variable `TF_ENABLE_ONEDNN_OPTS=0`.
2026-08-20 12:27:31.039086: I tensorflow/core/platform/cpu_feature_guard.cc:210] This TensorFlow binary is optimized to use available CPU instructions in performance-critical operations.
To enable the following instructions: AVX2 AVX512F AVX512_VNNI FMA, in other operations, rebuild TensorFlow with the appropriate compiler flags.
[93mWARNING [0m:   DEPRECATED FEATURE: The `run_simulation` function is deprecated and will be removed in a future version of Flower. Please use `flwr run` in the CLI instead to run your simulation. Refer to the Flower Tutorials for more details: https://flower.ai/docs/framework/tutorial-quickstart-pytorch.html

            This is a deprecated feature. It will be removed
            entirely in future versions of Flower.
        
[92mINFO [0m:      Starting MetricPrivacyServerSideFixedClipping strategy:
[92mINFO [0m:      	├── Number of rounds: 20
[92mINFO [0m:      	├── ArrayRecord (1.39 MB)
[92mINFO [0m:      	├── ConfigRecord (train): {'lr': 0.001}
[92mINFO [0m:      	├── ConfigRecord (evaluate): (empty!)
[92mINFO [0m:      	├──> Metric-aware DP settings:
[92mINFO [0m:      	│	├── Base noise multiplier: 0.043750000000000004
[92mINFO [0m:      	│	└── Clipping norm: 5.0
[92mINFO [0m:      	├──> Sampling:
[92mINFO [0m:      	│	├──Fraction: train (1.00) | evaluate ( 1.00)
[92mINFO [0m:      	│	├──Minimum nodes: train (7) | evaluate (7)
[92mINFO [0m:      	│	└──Minimum available nodes: 7
[92mINFO [0m:      	└──> Keys in records:
[92mINFO [0m:      		├── Weighted by: 'num-examples'
[92mINFO [0m:      		├── ArrayRecord key: 'arrays'
[92mINFO [0m:      		└── ConfigRecord key: 'config'
[92mINFO [0m:      
[92mINFO [0m:      Initial global evaluation results: {'loss': 2.3041488525390625, 'accuracy': 0.1, 'f1': 0.01818181818181818, 'precision': 0.01, 'auc': 0.5009089266666666, 'diverged': 0.0}
[92mINFO [0m:      
[92mINFO [0m:      [ROUND 1/20]
[92mINFO [0m:      configure_train: Sampled 7 nodes (out of 7)
/usr/local/lib/python3.12/dist-packages/ray/_private/worker.py:2051: FutureWarning: Tip: In future versions of Ray, Ray will no longer override accelerator visible devices env var if num_gpus=0 or num_gpus=None (default). To enable this behavior and turn off this error message, set RAY_ACCEL_ENV_VAR_OVERRIDE_ON_ZERO=0
  warnings.warn(
[36m(ClientAppActor pid=6239)[0m Warning: You are sending unauthenticated requests to the HF Hub. Please set a HF_TOKEN to enable higher rate limits and faster downloads.
[92mINFO [0m:      aggregate_train: pairwise model distance -- max=3.290531 mean=2.866728 median=2.883251 count=21
[92mINFO [0m:      aggregate_train: Received 7 results and 0 failures
[92mINFO [0m:      aggregate_fit: parameters are clipped by value: 5.0000.
[92mINFO [0m:      aggregate_fit: parameters are clipped by value: 5.0000.
[92mINFO [0m:      aggregate_fit: parameters are clipped by value: 5.0000.
[92mINFO [0m:      aggregate_fit: parameters are clipped by value: 5.0000.
[92mINFO [0m:      aggregate_fit: parameters are clipped by value: 5.0000.
[92mINFO [0m:      aggregate_fit: parameters are clipped by value: 5.0000.
[92mINFO [0m:      aggregate_fit: parameters are clipped by value: 5.0000.
[92mINFO [0m:      aggregate_train: Received 7 results and 0 failures
[92mINFO [0m:      aggregate_train: metric-aware noise with 0.009497 stdev added
[92mINFO [0m:      	└──> Aggregated MetricRecord: {'train_loss': 1.4227311142647798, 'train_loss_mean': 1.6757306189338015, 'client-ids': [0, 1, 2, 3, 4, 5, 6], 'per-client-num-examples': [5770, 6243, 6225, 3880, 2928, 4981, 3945], 'per-client-train_loss': [1.4659586604794348, 1.3620922295363231, 1.245844161816869, 1.5309118705926483, 1.5867541852544567, 1.3813528055839333, 1.558693437159288], 'per-client-train_loss_mean': [1.7527150177583746, 1.6452193132963735, 1.5203684962724586, 1.7314136971640834, 1.804222091039022, 1.6288360208087453, 1.765646951721346], 'dp-client-ids': [0, 1, 2, 3, 4, 5, 6], 'dp-update-norms-before-clipping': [13.253233952364825, 14.861578881112534, 14.529286588390287, 11.215251049142468, 8.78961583282165, 12.625860668178424, 11.163991734956895], 'dp-client-clipped': [1, 1, 1, 1, 1, 1, 1], 'dp-num-clients-clipped': 7, 'dp-fraction-clipped': 1.0, 'metric-dp-distance-min': 2.3348054507126412, 'metric-dp-distance-median': 2.8832509641846022, 'metric-dp-distance-mean': 2.866728404241185, 'metric-dp-distance-count': 21, 'metric-dp-distance': 3.2905311013261476, 'metric-dp-distance-invalid': 0.0, 'metric-dp-pairwise-distances': [3.2905311013261476, 3.255455886324247, 2.8832509641846022, 2.695245565225681, 2.9922599649677672, 2.853635943805178, 3.2899248488247395, 3.025883805627624, 2.835150070488453, 3.1266872665534415, 2.9801474679261446, 2.982927441596985, 2.6435057632625103, 3.0884023004521928, 3.0176292583346367, 2.3348054507126412, 2.7496600660185018, 2.63783608811597, 2.467347633714477, 2.361727647483349, 2.6892819541196027], 'metric-dp-pairwise-client-i': [0, 0, 0, 0, 0, 0, 1, 1, 1, 1, 1, 2, 2, 2, 2, 3, 3, 3, 4, 4, 5], 'metric-dp-pairwise-client-j': [1, 2, 3, 4, 5, 6, 2, 3, 4, 5, 6, 3, 4, 5, 6, 4, 5, 6, 5, 6, 6], 'metric-dp-aggregation-collapsed': 0.0, 'dp-signal-update-norm': 2.2282057497566745, 'dp-parameter-count': 364426, 'dp-expected-noise-l2-norm': 5.7330891978274225, 'dp-noise-to-signal-ratio': 2.5729622134102694, 'dp-noise-percent-of-signal': 257.296221341027, 'metric-dp-noise-stdv': 0.009496947160719938}
[92mINFO [0m:      configure_evaluate: Sampled 7 nodes (out of 7)
[92mINFO [0m:      aggregate_evaluate: Received 7 results and 0 failures
[92mINFO [0m:      	└──> Aggregated MetricRecord: {'eval_loss': 2.302329497597761, 'eval_acc': 0.07203389830508475, 'client-ids': [0, 1, 2, 3, 4, 5, 6], 'per-client-eval_acc': [0.11850311850311851, 0.03587443946188341, 0.035324341682723186, 0.029896907216494847, 0.08743169398907104, 0.06019261637239166, 0.1641337386018237], 'per-client-eval_loss': [2.3108749257469046, 2.3030349809645383, 2.3015581203257343, 2.3060914265740777, 2.297277815354978, 2.302035648596995, 2.290357479570847], 'per-client-num-examples': [1443, 1561, 1557, 970, 732, 1246, 987]}
[92mINFO [0m:      Global evaluation
[92mINFO [0m:      	└──> MetricRecord: {'loss': 2.3014526027679443, 'accuracy': 0.1, 'f1': 0.01818181818181818, 'precision': 0.01, 'auc': 0.5344315466666667, 'diverged': 0.0}
[92mINFO [0m:      
[92mINFO [0m:      [ROUND 2/20]
[92mINFO [0m:      configure_train: Sampled 7 nodes (out of 7)
[92mINFO [0m:      aggregate_train: pairwise model distance -- max=3.026313 mean=2.629179 median=2.673790 count=21
[92mINFO [0m:      aggregate_train: Received 7 results and 0 failures
[92mINFO [0m:      aggregate_fit: parameters are clipped by value: 5.0000.
[92mINFO [0m:      aggregate_fit: parameters are clipped by value: 5.0000.
[92mINFO [0m:      aggregate_fit: parameters are clipped by value: 5.0000.
[92mINFO [0m:      aggregate_fit: parameters are clipped by value: 5.0000.
[92mINFO [0m:      aggregate_fit: parameters are clipped by value: 5.0000.
[92mINFO [0m:      aggregate_fit: parameters are clipped by value: 5.0000.
[92mINFO [0m:      aggregate_fit: parameters are clipped by value: 5.0000.
[92mINFO [0m:      aggregate_train: Received 7 results and 0 failures
[92mINFO [0m:      aggregate_train: metric-aware noise with 0.010326 stdev added
[92mINFO [0m:      	└──> Aggregated MetricRecord: {'train_loss': 1.2921212218323739, 'train_loss_mean': 1.5038546002986335, 'client-ids': [0, 1, 2, 3, 4, 5, 6], 'per-client-num-examples': [5770, 6243, 6225, 3880, 2928, 4981, 3945], 'per-client-train_loss': [1.3368608528447936, 1.269901212230241, 1.1347248898261044, 1.357709908731205, 1.348322951728529, 1.2895679374316495, 1.4072135298273258], 'per-client-train_loss_mean': [1.5441727253303992, 1.4929657887747974, 1.3732637854062888, 1.5578147319911682, 1.5639049206926523, 1.4782220100739039, 1.6029051388141018], 'dp-client-ids': [0, 1, 2, 3, 4, 5, 6], 'dp-update-norms-before-clipping': [14.066499980078952, 15.81311907256287, 14.603673810081846, 11.597692236725523, 10.812745997172195, 13.245770382997136, 11.578215463932102], 'dp-client-clipped': [1, 1, 1, 1, 1, 1, 1], 'dp-num-clients-clipped': 7, 'dp-fraction-clipped': 1.0, 'metric-dp-distance-min': 2.1868602950125933, 'metric-dp-distance-median': 2.6737900668134293, 'metric-dp-distance-mean': 2.6291788045080406, 'metric-dp-distance-count': 21, 'metric-dp-distance': 3.0263126517335572, 'metric-dp-distance-invalid': 0.0, 'metric-dp-pairwise-distances': [3.0263126517335572, 2.976337904110551, 2.5864147438357272, 2.567199363062779, 2.695028878748417, 2.4578746190915504, 2.9742460092529655, 2.7485558508584895, 2.748184021562338, 2.905265759676695, 2.786090573295951, 2.7860553978631892, 2.497042868907253, 2.8152219702800116, 2.6737900668134293, 2.277719329111278, 2.4925142719099918, 2.322891015559435, 2.3108549558868012, 2.1868602950125933, 2.3782943480958543], 'metric-dp-pairwise-client-i': [0, 0, 0, 0, 0, 0, 1, 1, 1, 1, 1, 2, 2, 2, 2, 3, 3, 3, 4, 4, 5], 'metric-dp-pairwise-client-j': [1, 2, 3, 4, 5, 6, 2, 3, 4, 5, 6, 3, 4, 5, 6, 4, 5, 6, 5, 6, 6], 'metric-dp-aggregation-collapsed': 0.0, 'dp-signal-update-norm': 2.929132578176205, 'dp-parameter-count': 364426, 'dp-expected-noise-l2-norm': 6.233628340192067, 'dp-noise-to-signal-ratio': 2.1281482397336116, 'dp-noise-percent-of-signal': 212.81482397336117, 'metric-dp-noise-stdv': 0.01032609766281059}
[92mINFO [0m:      configure_evaluate: Sampled 7 nodes (out of 7)
[92mINFO [0m:      aggregate_evaluate: Received 7 results and 0 failures
[92mINFO [0m:      	└──> Aggregated MetricRecord: {'eval_loss': 2.222636162224463, 'eval_acc': 0.27389359698681737, 'client-ids': [0, 1, 2, 3, 4, 5, 6], 'per-client-eval_acc': [0.1781011781011781, 0.2716207559256887, 0.4258188824662813, 0.13814432989690723, 0.33469945355191255, 0.26886035313001605, 0.2725430597771023], 'per-client-eval_loss': [2.2483864861565666, 2.2174349753693234, 2.2078151813132227, 2.2253757791420847, 2.2160856580473687, 2.22215267322228, 2.2193712893469595], 'per-client-num-examples': [1443, 1561, 1557, 970, 732, 1246, 987]}
[92mINFO [0m:      Global evaluation
[92mINFO [0m:      	└──> MetricRecord: {'loss': 2.2243409870147706, 'accuracy': 0.2604, 'f1': 0.1761558891422405, 'precision': 0.2382238576459271, 'auc': 0.7418321800000001, 'diverged': 0.0}
[92mINFO [0m:      
[92mINFO [0m:      [ROUND 3/20]
[92mINFO [0m:      configure_train: Sampled 7 nodes (out of 7)
[92mINFO [0m:      aggregate_train: pairwise model distance -- max=2.516523 mean=2.248952 median=2.298236 count=21
[92mINFO [0m:      aggregate_train: Received 7 results and 0 failures
[92mINFO [0m:      aggregate_fit: parameters are clipped by value: 5.0000.
[92mINFO [0m:      aggregate_fit: parameters are clipped by value: 5.0000.
[92mINFO [0m:      aggregate_fit: parameters are clipped by value: 5.0000.
[92mINFO [0m:      aggregate_fit: parameters are clipped by value: 5.0000.
[92mINFO [0m:      aggregate_fit: parameters are clipped by value: 5.0000.
[92mINFO [0m:      aggregate_fit: parameters are clipped by value: 5.0000.
[92mINFO [0m:      aggregate_fit: parameters are clipped by value: 5.0000.
[92mINFO [0m:      aggregate_train: Received 7 results and 0 failures
[92mINFO [0m:      aggregate_train: metric-aware noise with 0.012418 stdev added
[92mINFO [0m:      	└──> Aggregated MetricRecord: {'train_loss': 1.1425748720587907, 'train_loss_mean': 1.3298213762619688, 'client-ids': [0, 1, 2, 3, 4, 5, 6], 'per-client-num-examples': [5770, 6243, 6225, 3880, 2928, 4981, 3945], 'per-client-train_loss': [1.1838997440073684, 1.1050898100480846, 1.0234161458340993, 1.1989463904469284, 1.1666734739730917, 1.1610008697628473, 1.2328855715323763], 'per-client-train_loss_mean': [1.3832185702266064, 1.31253321866815, 1.2112363058879194, 1.373651125259006, 1.3493213321341844, 1.3206855519041434, 1.4201560951427514], 'dp-client-ids': [0, 1, 2, 3, 4, 5, 6], 'dp-update-norms-before-clipping': [14.105933863951208, 14.914269037385214, 14.50189466544216, 12.03689398136558, 9.585132442501818, 12.789517822007635, 11.639442360382843], 'dp-client-clipped': [1, 1, 1, 1, 1, 1, 1], 'dp-num-clients-clipped': 7, 'dp-fraction-clipped': 1.0, 'metric-dp-distance-min': 1.8650788062562544, 'metric-dp-distance-median': 2.2982357759028673, 'metric-dp-distance-mean': 2.2489517974327247, 'metric-dp-distance-count': 21, 'metric-dp-distance': 2.5165230308969817, 'metric-dp-distance-invalid': 0.0, 'metric-dp-pairwise-distances': [2.5165230308969817, 2.4965909272432327, 2.3477299492806196, 2.2219598181545734, 2.3440469515820346, 2.1571081777413688, 2.507001088311275, 2.3477964823444686, 2.2752951669196286, 2.4323886639128127, 2.2982357759028673, 2.38523465488106, 2.0859613961850605, 2.3866825085133314, 2.3231463190168142, 1.959874636804064, 2.197431397313873, 2.085924999167522, 1.9602138083428144, 1.8650788062562544, 2.033763187316557], 'metric-dp-pairwise-client-i': [0, 0, 0, 0, 0, 0, 1, 1, 1, 1, 1, 2, 2, 2, 2, 3, 3, 3, 4, 4, 5], 'metric-dp-pairwise-client-j': [1, 2, 3, 4, 5, 6, 2, 3, 4, 5, 6, 3, 4, 5, 6, 4, 5, 6, 5, 6, 6], 'metric-dp-aggregation-collapsed': 0.0, 'dp-signal-update-norm': 3.455142252120825, 'dp-parameter-count': 364426, 'dp-expected-noise-l2-norm': 7.496417906973797, 'dp-noise-to-signal-ratio': 2.1696408888439738, 'dp-noise-percent-of-signal': 216.96408888439737, 'metric-dp-noise-stdv': 0.012417927281540257}
[92mINFO [0m:      configure_evaluate: Sampled 7 nodes (out of 7)
[92mINFO [0m:      aggregate_evaluate: Received 7 results and 0 failures
[92mINFO [0m:      	└──> Aggregated MetricRecord: {'eval_loss': 1.994146800422848, 'eval_acc': 0.39359698681732586, 'client-ids': [0, 1, 2, 3, 4, 5, 6], 'per-client-eval_acc': [0.28274428274428276, 0.4477898782831518, 0.50417469492614, 0.28350515463917525, 0.39617486338797814, 0.4069020866773676, 0.3850050658561297], 'per-client-eval_loss': [2.070453192406203, 1.9658033162030861, 1.94988107405646, 2.0142668792881917, 1.9958102950632899, 1.9795787774540639, 1.994626428822495], 'per-client-num-examples': [1443, 1561, 1557, 970, 732, 1246, 987]}
[92mINFO [0m:      Global evaluation
[92mINFO [0m:      	└──> MetricRecord: {'loss': 1.9987261154174805, 'accuracy': 0.3746, 'f1': 0.3243911669736732, 'precision': 0.43916794246365826, 'auc': 0.8247421688888888, 'diverged': 0.0}
[92mINFO [0m:      
[92mINFO [0m:      [ROUND 4/20]
[92mINFO [0m:      configure_train: Sampled 7 nodes (out of 7)
[92mINFO [0m:      aggregate_train: pairwise model distance -- max=2.406773 mean=2.124095 median=2.170287 count=21
[92mINFO [0m:      aggregate_train: Received 7 results and 0 failures
[92mINFO [0m:      aggregate_fit: parameters are clipped by value: 5.0000.
[92mINFO [0m:      aggregate_fit: parameters are clipped by value: 5.0000.
[92mINFO [0m:      aggregate_fit: parameters are clipped by value: 5.0000.
[92mINFO [0m:      aggregate_fit: parameters are clipped by value: 5.0000.
[92mINFO [0m:      aggregate_fit: parameters are clipped by value: 5.0000.
[92mINFO [0m:      aggregate_fit: parameters are clipped by value: 5.0000.
[92mINFO [0m:      aggregate_fit: parameters are clipped by value: 5.0000.
[92mINFO [0m:      aggregate_train: Received 7 results and 0 failures
[92mINFO [0m:      aggregate_train: metric-aware noise with 0.012984 stdev added
[92mINFO [0m:      	└──> Aggregated MetricRecord: {'train_loss': 1.0120962483083122, 'train_loss_mean': 1.1858357044134011, 'client-ids': [0, 1, 2, 3, 4, 5, 6], 'per-client-num-examples': [5770, 6243, 6225, 3880, 2928, 4981, 3945], 'per-client-train_loss': [1.0646037441605711, 0.9828059737849996, 0.9019617662851112, 1.0389714150084663, 1.0416722212984262, 1.0420027517501764, 1.0692926219509884], 'per-client-train_loss_mean': [1.2448699316697476, 1.1689053364600506, 1.0824085142641182, 1.2079054721606146, 1.1926480118042784, 1.1911095706891448, 1.2560655628985173], 'dp-client-ids': [0, 1, 2, 3, 4, 5, 6], 'dp-update-norms-before-clipping': [13.730304017354902, 14.156695173885245, 13.270527414816732, 10.685086522270883, 9.067146879380834, 11.940209223730148, 11.023343768675373], 'dp-client-clipped': [1, 1, 1, 1, 1, 1, 1], 'dp-num-clients-clipped': 7, 'dp-fraction-clipped': 1.0, 'metric-dp-distance-min': 1.7909222037220995, 'metric-dp-distance-median': 2.1702870360265174, 'metric-dp-distance-mean': 2.1240952758207206, 'metric-dp-distance-count': 21, 'metric-dp-distance': 2.406773030757904, 'metric-dp-distance-invalid': 0.0, 'metric-dp-pairwise-distances': [2.406773030757904, 2.3611304791023335, 2.1877373618384204, 2.1643818514421582, 2.266272989412149, 2.133169742921988, 2.3376188880453506, 2.162081707889835, 2.1702870360265174, 2.3012618174155555, 2.200747781743606, 2.190659489482641, 2.000469528759519, 2.21535237878561, 2.190024961096545, 1.7909222037220995, 1.966404349853595, 1.9207693186278145, 1.8346002542724211, 1.8255487456917763, 1.9797868753472965], 'metric-dp-pairwise-client-i': [0, 0, 0, 0, 0, 0, 1, 1, 1, 1, 1, 2, 2, 2, 2, 3, 3, 3, 4, 4, 5], 'metric-dp-pairwise-client-j': [1, 2, 3, 4, 5, 6, 2, 3, 4, 5, 6, 3, 4, 5, 6, 4, 5, 6, 5, 6, 6], 'metric-dp-aggregation-collapsed': 0.0, 'dp-signal-update-norm': 3.357103217921577, 'dp-parameter-count': 364426, 'dp-expected-noise-l2-norm': 7.838258145259114, 'dp-noise-to-signal-ratio': 2.334827866898854, 'dp-noise-percent-of-signal': 233.48278668988536, 'metric-dp-noise-stdv': 0.012984190698762828}
[92mINFO [0m:      configure_evaluate: Sampled 7 nodes (out of 7)
[92mINFO [0m:      aggregate_evaluate: Received 7 results and 0 failures
[92mINFO [0m:      	└──> Aggregated MetricRecord: {'eval_loss': 1.7149997058336794, 'eval_acc': 0.4605696798493409, 'client-ids': [0, 1, 2, 3, 4, 5, 6], 'per-client-eval_acc': [0.36174636174636177, 0.5150544522741832, 0.5433526011560693, 0.4144329896907217, 0.4412568306010929, 0.4654895666131621, 0.44174265450861194], 'per-client-eval_loss': [1.8292173053849843, 1.6670138635824767, 1.6295880493477666, 1.7630529954261387, 1.7272626220202836, 1.6967216112066426, 1.7253970848632318], 'per-client-num-examples': [1443, 1561, 1557, 970, 732, 1246, 987]}
[92mINFO [0m:      Global evaluation
[92mINFO [0m:      	└──> MetricRecord: {'loss': 1.7216592468261718, 'accuracy': 0.4524, 'f1': 0.43452195997576526, 'precision': 0.4961207983074792, 'auc': 0.8641006622222223, 'diverged': 0.0}
[92mINFO [0m:      
[92mINFO [0m:      [ROUND 5/20]
[92mINFO [0m:      configure_train: Sampled 7 nodes (out of 7)
[92mINFO [0m:      aggregate_train: pairwise model distance -- max=2.480594 mean=2.199246 median=2.199770 count=21
[92mINFO [0m:      aggregate_train: Received 7 results and 0 failures
[92mINFO [0m:      aggregate_fit: parameters are clipped by value: 5.0000.
[92mINFO [0m:      aggregate_fit: parameters are clipped by value: 5.0000.
[92mINFO [0m:      aggregate_fit: parameters are clipped by value: 5.0000.
[92mINFO [0m:      aggregate_fit: parameters are clipped by value: 5.0000.
[92mINFO [0m:      aggregate_fit: parameters are clipped by value: 5.0000.
[92mINFO [0m:      aggregate_fit: parameters are clipped by value: 5.0000.
[92mINFO [0m:      aggregate_fit: parameters are clipped by value: 5.0000.
[92mINFO [0m:      aggregate_train: Received 7 results and 0 failures
[92mINFO [0m:      aggregate_train: metric-aware noise with 0.012598 stdev added
[92mINFO [0m:      	└──> Aggregated MetricRecord: {'train_loss': 0.8951062258338669, 'train_loss_mean': 1.0703440644507565, 'client-ids': [0, 1, 2, 3, 4, 5, 6], 'per-client-num-examples': [5770, 6243, 6225, 3880, 2928, 4981, 3945], 'per-client-train_loss': [0.9327955446788715, 0.8803490992064432, 0.7955888664100065, 0.9085187046183754, 0.9225678600248743, 0.9238348778197383, 0.9505210385274222], 'per-client-train_loss_mean': [1.1207155598759444, 1.062745040573983, 0.9723177702465211, 1.0750075463904547, 1.0879569345810374, 1.0779641088676413, 1.1360958069026545], 'dp-client-ids': [0, 1, 2, 3, 4, 5, 6], 'dp-update-norms-before-clipping': [13.44366394557342, 13.544383008214956, 13.973397891229114, 10.976141429194874, 8.768221356779762, 11.825970116969625, 10.91200591455139], 'dp-client-clipped': [1, 1, 1, 1, 1, 1, 1], 'dp-num-clients-clipped': 7, 'dp-fraction-clipped': 1.0, 'metric-dp-distance-min': 1.8335004405428965, 'metric-dp-distance-median': 2.1997701035191617, 'metric-dp-distance-mean': 2.1992462060695135, 'metric-dp-distance-count': 21, 'metric-dp-distance': 2.480594222744306, 'metric-dp-distance-invalid': 0.0, 'metric-dp-pairwise-distances': [2.435077900066972, 2.460753981024027, 2.236833759893974, 2.1416681886961064, 2.3111465461552143, 2.157546662725508, 2.480594222744306, 2.1997701035191617, 2.1712473432223, 2.350550450384617, 2.231885571653644, 2.3653302170957127, 2.1687653412421546, 2.3924487065523863, 2.32677292637527, 1.8797428136070569, 2.0755049772560596, 2.00182486542811, 1.9025936381270487, 1.8335004405428965, 2.0606116711472473], 'metric-dp-pairwise-client-i': [0, 0, 0, 0, 0, 0, 1, 1, 1, 1, 1, 2, 2, 2, 2, 3, 3, 3, 4, 4, 5], 'metric-dp-pairwise-client-j': [1, 2, 3, 4, 5, 6, 2, 3, 4, 5, 6, 3, 4, 5, 6, 4, 5, 6, 5, 6, 6], 'metric-dp-aggregation-collapsed': 0.0, 'dp-signal-update-norm': 3.0877894779398622, 'dp-parameter-count': 364426, 'dp-expected-noise-l2-norm': 7.604995665618245, 'dp-noise-to-signal-ratio': 2.4629255718211107, 'dp-noise-percent-of-signal': 246.2925571821111, 'metric-dp-noise-stdv': 0.012597787946723433}
[92mINFO [0m:      configure_evaluate: Sampled 7 nodes (out of 7)
[92mINFO [0m:      aggregate_evaluate: Received 7 results and 0 failures
[92mINFO [0m:      	└──> Aggregated MetricRecord: {'eval_loss': 1.4475043306579698, 'eval_acc': 0.5084745762711864, 'client-ids': [0, 1, 2, 3, 4, 5, 6], 'per-client-eval_acc': [0.4573804573804574, 0.5509288917360666, 0.5806037251123957, 0.47216494845360824, 0.4972677595628415, 0.4767255216693419, 0.48632218844984804], 'per-client-eval_loss': [1.5359979733277425, 1.4136575555893032, 1.3191122864788745, 1.50577734131174, 1.4657782309693717, 1.4707615272191326, 1.4740140773846628], 'per-client-num-examples': [1443, 1561, 1557, 970, 732, 1246, 987]}
[92mINFO [0m:      Global evaluation
[92mINFO [0m:      	└──> MetricRecord: {'loss': 1.451162121963501, 'accuracy': 0.5008, 'f1': 0.496426471555923, 'precision': 0.5367490565347852, 'auc': 0.8913581022222223, 'diverged': 0.0}
[92mINFO [0m:      
[92mINFO [0m:      [ROUND 6/20]
[92mINFO [0m:      configure_train: Sampled 7 nodes (out of 7)
[92mINFO [0m:      aggregate_train: pairwise model distance -- max=2.559587 mean=2.302556 median=2.305477 count=21
[92mINFO [0m:      aggregate_train: Received 7 results and 0 failures
[92mINFO [0m:      aggregate_fit: parameters are clipped by value: 5.0000.
[92mINFO [0m:      aggregate_fit: parameters are clipped by value: 5.0000.
[92mINFO [0m:      aggregate_fit: parameters are clipped by value: 5.0000.
[92mINFO [0m:      aggregate_fit: parameters are clipped by value: 5.0000.
[92mINFO [0m:      aggregate_fit: parameters are clipped by value: 5.0000.
[92mINFO [0m:      aggregate_fit: parameters are clipped by value: 5.0000.
[92mINFO [0m:      aggregate_fit: parameters are clipped by value: 5.0000.
[92mINFO [0m:      aggregate_train: Received 7 results and 0 failures
[92mINFO [0m:      aggregate_train: metric-aware noise with 0.012209 stdev added
[92mINFO [0m:      	└──> Aggregated MetricRecord: {'train_loss': 0.7823316273820649, 'train_loss_mean': 0.9634870004758501, 'client-ids': [0, 1, 2, 3, 4, 5, 6], 'per-client-num-examples': [5770, 6243, 6225, 3880, 2928, 4981, 3945], 'per-client-train_loss': [0.8207810614303245, 0.7691788949512737, 0.6878149645395547, 0.7862440021996645, 0.8051834744833858, 0.8146047046973843, 0.8344946386847357], 'per-client-train_loss_mean': [1.0111563189294144, 0.9469110574570294, 0.8735188549914993, 0.9635001666275496, 0.9662842022265241, 0.9860328201069167, 1.03140622264381], 'dp-client-ids': [0, 1, 2, 3, 4, 5, 6], 'dp-update-norms-before-clipping': [13.753126554995205, 13.790145581808751, 13.9831073550666, 10.535691482667444, 9.088048244154413, 12.449980699699246, 11.220221871412853], 'dp-client-clipped': [1, 1, 1, 1, 1, 1, 1], 'dp-num-clients-clipped': 7, 'dp-fraction-clipped': 1.0, 'metric-dp-distance-min': 1.9181005284190178, 'metric-dp-distance-median': 2.305476911676427, 'metric-dp-distance-mean': 2.302556044887752, 'metric-dp-distance-count': 21, 'metric-dp-distance': 2.5595866153016686, 'metric-dp-distance-invalid': 0.0, 'metric-dp-pairwise-distances': [2.533762825963398, 2.550842262028406, 2.320335967155794, 2.2525573453555503, 2.472675013355911, 2.305476911676427, 2.5595866153016686, 2.2695811272909245, 2.2687105629593134, 2.5057905139401555, 2.347368581841389, 2.3608723006521664, 2.2388474121689796, 2.5049759556228914, 2.40302730537951, 1.9181005284190178, 2.191605241037905, 2.0747356098145247, 2.066182720164458, 1.9793217250456412, 2.2293204174687467], 'metric-dp-pairwise-client-i': [0, 0, 0, 0, 0, 0, 1, 1, 1, 1, 1, 2, 2, 2, 2, 3, 3, 3, 4, 4, 5], 'metric-dp-pairwise-client-j': [1, 2, 3, 4, 5, 6, 2, 3, 4, 5, 6, 3, 4, 5, 6, 4, 5, 6, 5, 6, 6], 'metric-dp-aggregation-collapsed': 0.0, 'dp-signal-update-norm': 2.856170628542763, 'dp-parameter-count': 364426, 'dp-expected-noise-l2-norm': 7.370294952845235, 'dp-noise-to-signal-ratio': 2.5804813197051915, 'dp-noise-percent-of-signal': 258.04813197051914, 'metric-dp-noise-stdv': 0.01220900274020105}
[92mINFO [0m:      configure_evaluate: Sampled 7 nodes (out of 7)
[92mINFO [0m:      aggregate_evaluate: Received 7 results and 0 failures
[92mINFO [0m:      	└──> Aggregated MetricRecord: {'eval_loss': 1.267922077812044, 'eval_acc': 0.5641478342749529, 'client-ids': [0, 1, 2, 3, 4, 5, 6], 'per-client-eval_acc': [0.5225225225225225, 0.6066623959000641, 0.6307000642260758, 0.5268041237113402, 0.5273224043715847, 0.5417335473515249, 0.5450861195542046], 'per-client-eval_loss': [1.348055930742355, 1.2222125745598587, 1.1608543089742298, 1.3121558749798647, 1.3247172454667222, 1.2878989744722174, 1.2811458282316106], 'per-client-num-examples': [1443, 1561, 1557, 970, 732, 1246, 987]}
[92mINFO [0m:      Global evaluation
[92mINFO [0m:      	└──> MetricRecord: {'loss': 1.2736948543548583, 'accuracy': 0.5608, 'f1': 0.553347025009764, 'precision': 0.5731243138384559, 'auc': 0.9148374955555554, 'diverged': 0.0}
[92mINFO [0m:      
[92mINFO [0m:      [ROUND 7/20]
[92mINFO [0m:      configure_train: Sampled 7 nodes (out of 7)
[92mINFO [0m:      aggregate_train: pairwise model distance -- max=2.643905 mean=2.366558 median=2.372241 count=21
[92mINFO [0m:      aggregate_train: Received 7 results and 0 failures
[92mINFO [0m:      aggregate_fit: parameters are clipped by value: 5.0000.
[92mINFO [0m:      aggregate_fit: parameters are clipped by value: 5.0000.
[92mINFO [0m:      aggregate_fit: parameters are clipped by value: 5.0000.
[92mINFO [0m:      aggregate_fit: parameters are clipped by value: 5.0000.
[92mINFO [0m:      aggregate_fit: parameters are clipped by value: 5.0000.
[92mINFO [0m:      aggregate_fit: parameters are clipped by value: 5.0000.
[92mINFO [0m:      aggregate_fit: parameters are clipped by value: 5.0000.
[92mINFO [0m:      aggregate_train: Received 7 results and 0 failures
[92mINFO [0m:      aggregate_train: metric-aware noise with 0.011820 stdev added
[92mINFO [0m:      	└──> Aggregated MetricRecord: {'train_loss': 0.6641110144121325, 'train_loss_mean': 0.8674737035754021, 'client-ids': [0, 1, 2, 3, 4, 5, 6], 'per-client-num-examples': [5770, 6243, 6225, 3880, 2928, 4981, 3945], 'per-client-train_loss': [0.7004744365682222, 0.6638156043094987, 0.5753707923563609, 0.6720354811432435, 0.6624366794127584, 0.6849876306808945, 0.7185100709530791], 'per-client-train_loss_mean': [0.9213968256441312, 0.8631400792046022, 0.7785290945370992, 0.8689037065407664, 0.8693990287233572, 0.8790323104874673, 0.9183835665173404], 'dp-client-ids': [0, 1, 2, 3, 4, 5, 6], 'dp-update-norms-before-clipping': [13.531835567130305, 14.082551739660484, 14.163471322007878, 11.0540316523203, 9.408405953674029, 12.622215211541496, 11.255208814294777], 'dp-client-clipped': [1, 1, 1, 1, 1, 1, 1], 'dp-num-clients-clipped': 7, 'dp-fraction-clipped': 1.0, 'metric-dp-distance-min': 2.014645023892323, 'metric-dp-distance-median': 2.372240982018411, 'metric-dp-distance-mean': 2.3665579429251093, 'metric-dp-distance-count': 21, 'metric-dp-distance': 2.643904815117518, 'metric-dp-distance-invalid': 0.0, 'metric-dp-pairwise-distances': [2.6003256551921368, 2.5980391772463918, 2.372240982018411, 2.281983749009669, 2.4984712873895965, 2.3455274449661374, 2.643904815117518, 2.379114883951843, 2.345373701925079, 2.550853483068446, 2.406991088141998, 2.4663087483495474, 2.305118214649459, 2.547877134755254, 2.448982834505538, 2.0325065959865847, 2.2931868486727276, 2.148263167589903, 2.1336073894053698, 2.014645023892323, 2.2843945755933723], 'metric-dp-pairwise-client-i': [0, 0, 0, 0, 0, 0, 1, 1, 1, 1, 1, 2, 2, 2, 2, 3, 3, 3, 4, 4, 5], 'metric-dp-pairwise-client-j': [1, 2, 3, 4, 5, 6, 2, 3, 4, 5, 6, 3, 4, 5, 6, 4, 5, 6, 5, 6, 6], 'metric-dp-aggregation-collapsed': 0.0, 'dp-signal-update-norm': 2.697990936046608, 'dp-parameter-count': 364426, 'dp-expected-noise-l2-norm': 7.135244886374469, 'dp-noise-to-signal-ratio': 2.6446511702629407, 'dp-noise-percent-of-signal': 264.4651170262941, 'metric-dp-noise-stdv': 0.01181963882410456}
[92mINFO [0m:      configure_evaluate: Sampled 7 nodes (out of 7)
[92mINFO [0m:      aggregate_evaluate: Received 7 results and 0 failures
[92mINFO [0m:      	└──> Aggregated MetricRecord: {'eval_loss': 1.1606845195122806, 'eval_acc': 0.5938088512241055, 'client-ids': [0, 1, 2, 3, 4, 5, 6], 'per-client-eval_acc': [0.5939015939015939, 0.6194746957078796, 0.626204238921002, 0.5721649484536082, 0.5655737704918032, 0.5826645264847512, 0.5582573454913881], 'per-client-eval_loss': [1.1817898552036088, 1.1322792964742245, 1.1363607454391802, 1.1683887245728797, 1.2140016060709302, 1.1427354475851044, 1.1886693496472205], 'per-client-num-examples': [1443, 1561, 1557, 970, 732, 1246, 987]}
[92mINFO [0m:      Global evaluation
[92mINFO [0m:      	└──> MetricRecord: {'loss': 1.1667181276321412, 'accuracy': 0.586, 'f1': 0.5785269693423412, 'precision': 0.5992844359437854, 'auc': 0.9252640488888888, 'diverged': 0.0}
[92mINFO [0m:      
[92mINFO [0m:      [ROUND 8/20]
[92mINFO [0m:      configure_train: Sampled 7 nodes (out of 7)
[92mINFO [0m:      aggregate_train: pairwise model distance -- max=2.642672 mean=2.399866 median=2.380064 count=21
[92mINFO [0m:      aggregate_train: Received 7 results and 0 failures
[92mINFO [0m:      aggregate_fit: parameters are clipped by value: 5.0000.
[92mINFO [0m:      aggregate_fit: parameters are clipped by value: 5.0000.
[92mINFO [0m:      aggregate_fit: parameters are clipped by value: 5.0000.
[92mINFO [0m:      aggregate_fit: parameters are clipped by value: 5.0000.
[92mINFO [0m:      aggregate_fit: parameters are clipped by value: 5.0000.
[92mINFO [0m:      aggregate_fit: parameters are clipped by value: 5.0000.
[92mINFO [0m:      aggregate_fit: parameters are clipped by value: 5.0000.
[92mINFO [0m:      aggregate_train: Received 7 results and 0 failures
[92mINFO [0m:      aggregate_train: metric-aware noise with 0.011825 stdev added
[92mINFO [0m:      	└──> Aggregated MetricRecord: {'train_loss': 0.5635562126691316, 'train_loss_mean': 0.7753123480760822, 'client-ids': [0, 1, 2, 3, 4, 5, 6], 'per-client-num-examples': [5770, 6243, 6225, 3880, 2928, 4981, 3945], 'per-client-train_loss': [0.6089440083018208, 0.5683298212880796, 0.4934108411691275, 0.5566355594040192, 0.5623104591838649, 0.57596729596775, 0.5923637698660634], 'per-client-train_loss_mean': [0.8305475296191162, 0.7703303990588153, 0.6883518508074273, 0.7676578907008024, 0.7737313507033177, 0.7964694108261303, 0.8216164117197875], 'dp-client-ids': [0, 1, 2, 3, 4, 5, 6], 'dp-update-norms-before-clipping': [13.38206841583689, 13.709200432792766, 14.102168786158945, 11.050848018792479, 9.678169427623024, 12.92644219867971, 11.60343410660019], 'dp-client-clipped': [1, 1, 1, 1, 1, 1, 1], 'dp-num-clients-clipped': 7, 'dp-fraction-clipped': 1.0, 'metric-dp-distance-min': 2.067884369753301, 'metric-dp-distance-median': 2.380063717253506, 'metric-dp-distance-mean': 2.3998659680937484, 'metric-dp-distance-count': 21, 'metric-dp-distance': 2.6426718352983394, 'metric-dp-distance-invalid': 0.0, 'metric-dp-pairwise-distances': [2.598457124705116, 2.6201075383772454, 2.380063717253506, 2.3073918114726744, 2.544986916705966, 2.388513539607326, 2.6426718352983394, 2.3754243589937687, 2.3543489600221315, 2.585645346902311, 2.4436300999174514, 2.454961414448917, 2.3356461372847357, 2.58249201066792, 2.491393206330637, 2.067884369753301, 2.33774078078568, 2.2018430111929774, 2.220711643497149, 2.0880577294155955, 2.3752137773359814], 'metric-dp-pairwise-client-i': [0, 0, 0, 0, 0, 0, 1, 1, 1, 1, 1, 2, 2, 2, 2, 3, 3, 3, 4, 4, 5], 'metric-dp-pairwise-client-j': [1, 2, 3, 4, 5, 6, 2, 3, 4, 5, 6, 3, 4, 5, 6, 4, 5, 6, 5, 6, 6], 'metric-dp-aggregation-collapsed': 0.0, 'dp-signal-update-norm': 2.546135549865021, 'dp-parameter-count': 364426, 'dp-expected-noise-l2-norm': 7.138573946317625, 'dp-noise-to-signal-ratio': 2.803689672647658, 'dp-noise-percent-of-signal': 280.3689672647658, 'metric-dp-noise-stdv': 0.011825153461202305}
[92mINFO [0m:      configure_evaluate: Sampled 7 nodes (out of 7)
[92mINFO [0m:      aggregate_evaluate: Received 7 results and 0 failures
[92mINFO [0m:      	└──> Aggregated MetricRecord: {'eval_loss': 1.1158105863745829, 'eval_acc': 0.6026365348399246, 'client-ids': [0, 1, 2, 3, 4, 5, 6], 'per-client-eval_acc': [0.6091476091476091, 0.6130685458039719, 0.6506101477199743, 0.5443298969072164, 0.5765027322404371, 0.6067415730337079, 0.5724417426545086], 'per-client-eval_loss': [1.123898823560317, 1.1118560976740797, 1.0885948188502435, 1.1597170328356556, 1.1633766544321196, 1.0508096214282188, 1.1568036644654434], 'per-client-num-examples': [1443, 1561, 1557, 970, 732, 1246, 987]}
[92mINFO [0m:      Global evaluation
[92mINFO [0m:      	└──> MetricRecord: {'loss': 1.1227330470085144, 'accuracy': 0.5952, 'f1': 0.579660473661949, 'precision': 0.6190729474312657, 'auc': 0.9289753177777779, 'diverged': 0.0}
[92mINFO [0m:      
[92mINFO [0m:      [ROUND 9/20]
[92mINFO [0m:      configure_train: Sampled 7 nodes (out of 7)
[92mINFO [0m:      aggregate_train: pairwise model distance -- max=2.697621 mean=2.435695 median=2.423116 count=21
[92mINFO [0m:      aggregate_train: Received 7 results and 0 failures
[92mINFO [0m:      aggregate_fit: parameters are clipped by value: 5.0000.
[92mINFO [0m:      aggregate_fit: parameters are clipped by value: 5.0000.
[92mINFO [0m:      aggregate_fit: parameters are clipped by value: 5.0000.
[92mINFO [0m:      aggregate_fit: parameters are clipped by value: 5.0000.
[92mINFO [0m:      aggregate_fit: parameters are clipped by value: 5.0000.
[92mINFO [0m:      aggregate_fit: parameters are clipped by value: 5.0000.
[92mINFO [0m:      aggregate_fit: parameters are clipped by value: 5.0000.
[92mINFO [0m:      aggregate_train: Received 7 results and 0 failures
[92mINFO [0m:      aggregate_train: metric-aware noise with 0.011584 stdev added
[92mINFO [0m:      	└──> Aggregated MetricRecord: {'train_loss': 0.48426267452231847, 'train_loss_mean': 0.6991764768400154, 'client-ids': [0, 1, 2, 3, 4, 5, 6], 'per-client-num-examples': [5770, 6243, 6225, 3880, 2928, 4981, 3945], 'per-client-train_loss': [0.5081924291789222, 0.47922839605042555, 0.42786475823586245, 0.47399326777949774, 0.48279022063062493, 0.5125439606787953, 0.5217072630714252], 'per-client-train_loss_mean': [0.7379510266280876, 0.6895432789079772, 0.6219682250377165, 0.6916843189529537, 0.7062408828995919, 0.726478316601537, 0.7471934090805901], 'dp-client-ids': [0, 1, 2, 3, 4, 5, 6], 'dp-update-norms-before-clipping': [13.264568610627203, 13.879935531645156, 14.148933737923393, 11.176963982536039, 9.447384362662278, 12.934375514138603, 11.737998000790247], 'dp-client-clipped': [1, 1, 1, 1, 1, 1, 1], 'dp-num-clients-clipped': 7, 'dp-fraction-clipped': 1.0, 'metric-dp-distance-min': 2.0872718331714473, 'metric-dp-distance-median': 2.4231159637371698, 'metric-dp-distance-mean': 2.4356946598087985, 'metric-dp-distance-count': 21, 'metric-dp-distance': 2.697620956848065, 'metric-dp-distance-invalid': 0.0, 'metric-dp-pairwise-distances': [2.6257139773418507, 2.6452268982927003, 2.3953598930190005, 2.2984709668283663, 2.558828854933381, 2.4149389564990997, 2.697620956848065, 2.435979644457499, 2.3817484714090824, 2.6283259907116494, 2.4982032518212995, 2.5100987243155637, 2.3709634117161236, 2.630967597787579, 2.5403904104605317, 2.0872718331714473, 2.3891215675200024, 2.2594176279380918, 2.2332963347434998, 2.1245265224327645, 2.4231159637371698], 'metric-dp-pairwise-client-i': [0, 0, 0, 0, 0, 0, 1, 1, 1, 1, 1, 2, 2, 2, 2, 3, 3, 3, 4, 4, 5], 'metric-dp-pairwise-client-j': [1, 2, 3, 4, 5, 6, 2, 3, 4, 5, 6, 3, 4, 5, 6, 4, 5, 6, 5, 6, 6], 'metric-dp-aggregation-collapsed': 0.0, 'dp-signal-update-norm': 2.405423000755412, 'dp-parameter-count': 364426, 'dp-expected-noise-l2-norm': 6.993164945667575, 'dp-noise-to-signal-ratio': 2.907249553808791, 'dp-noise-percent-of-signal': 290.72495538087907, 'metric-dp-noise-stdv': 0.011584281298182422}
[92mINFO [0m:      configure_evaluate: Sampled 7 nodes (out of 7)
[92mINFO [0m:      aggregate_evaluate: Received 7 results and 0 failures
[92mINFO [0m:      	└──> Aggregated MetricRecord: {'eval_loss': 1.0886630152410033, 'eval_acc': 0.6244114877589454, 'client-ids': [0, 1, 2, 3, 4, 5, 6], 'per-client-eval_acc': [0.6133056133056133, 0.6386931454196029, 0.6486833654463712, 0.6030927835051546, 0.6215846994535519, 0.6460674157303371, 0.5754812563323202], 'per-client-eval_loss': [1.17811086437228, 1.091498182493475, 1.0544036676582038, 1.0867482726106938, 1.0875844694877583, 0.9836030151832544, 1.1427607029042346], 'per-client-num-examples': [1443, 1561, 1557, 970, 732, 1246, 987]}
[92mINFO [0m:      Global evaluation
[92mINFO [0m:      	└──> MetricRecord: {'loss': 1.1006986405372619, 'accuracy': 0.6094, 'f1': 0.6039408858753132, 'precision': 0.6226261198505937, 'auc': 0.9323483577777778, 'diverged': 0.0}
[92mINFO [0m:      
[92mINFO [0m:      [ROUND 10/20]
[92mINFO [0m:      configure_train: Sampled 7 nodes (out of 7)
[92mINFO [0m:      aggregate_train: pairwise model distance -- max=2.825736 mean=2.519834 median=2.538791 count=21
[92mINFO [0m:      aggregate_train: Received 7 results and 0 failures
[92mINFO [0m:      aggregate_fit: parameters are clipped by value: 5.0000.
[92mINFO [0m:      aggregate_fit: parameters are clipped by value: 5.0000.
[92mINFO [0m:      aggregate_fit: parameters are clipped by value: 5.0000.
[92mINFO [0m:      aggregate_fit: parameters are clipped by value: 5.0000.
[92mINFO [0m:      aggregate_fit: parameters are clipped by value: 5.0000.
[92mINFO [0m:      aggregate_fit: parameters are clipped by value: 5.0000.
[92mINFO [0m:      aggregate_fit: parameters are clipped by value: 5.0000.
[92mINFO [0m:      aggregate_train: Received 7 results and 0 failures
[92mINFO [0m:      aggregate_train: metric-aware noise with 0.011059 stdev added
[92mINFO [0m:      	└──> Aggregated MetricRecord: {'train_loss': 0.4012498978510487, 'train_loss_mean': 0.6301795875073536, 'client-ids': [0, 1, 2, 3, 4, 5, 6], 'per-client-num-examples': [5770, 6243, 6225, 3880, 2928, 4981, 3945], 'per-client-train_loss': [0.4333441247146712, 0.40095250249558223, 0.34583984733465684, 0.38209382101278944, 0.3915564439010099, 0.42520000283748266, 0.4380085931682466], 'per-client-train_loss_mean': [0.6665712986000696, 0.6240295668486008, 0.563109313223496, 0.6178344656803559, 0.6262726949863746, 0.6526839789114571, 0.6791456062122896], 'dp-client-ids': [0, 1, 2, 3, 4, 5, 6], 'dp-update-norms-before-clipping': [14.17834624592345, 14.496162397852483, 14.715895239737115, 11.329837333781404, 9.776893739578048, 12.75827091081775, 11.733383552639323], 'dp-client-clipped': [1, 1, 1, 1, 1, 1, 1], 'dp-num-clients-clipped': 7, 'dp-fraction-clipped': 1.0, 'metric-dp-distance-min': 2.1451290007680655, 'metric-dp-distance-median': 2.5387908620759845, 'metric-dp-distance-mean': 2.5198341783372658, 'metric-dp-distance-count': 21, 'metric-dp-distance': 2.825736199816068, 'metric-dp-distance-invalid': 0.0, 'metric-dp-pairwise-distances': [2.794795097472767, 2.8145274026319385, 2.5399089489753046, 2.4311115254337587, 2.6610003166521587, 2.5387908620759845, 2.825736199816068, 2.519777945553263, 2.47365286697944, 2.6885904613882303, 2.5712581810851893, 2.608974633117517, 2.4741711175690093, 2.7051321640610695, 2.6251846219723425, 2.1451290007680655, 2.4014018593976894, 2.2869559743752084, 2.250631652151545, 2.1453402092059455, 2.4144467044000826], 'metric-dp-pairwise-client-i': [0, 0, 0, 0, 0, 0, 1, 1, 1, 1, 1, 2, 2, 2, 2, 3, 3, 3, 4, 4, 5], 'metric-dp-pairwise-client-j': [1, 2, 3, 4, 5, 6, 2, 3, 4, 5, 6, 3, 4, 5, 6, 4, 5, 6, 5, 6, 6], 'metric-dp-aggregation-collapsed': 0.0, 'dp-signal-update-norm': 2.2858627593718706, 'dp-parameter-count': 364426, 'dp-expected-noise-l2-norm': 6.676103846267057, 'dp-noise-to-signal-ratio': 2.920605718298493, 'dp-noise-percent-of-signal': 292.06057182984927, 'metric-dp-noise-stdv': 0.011059064891490621}
[92mINFO [0m:      configure_evaluate: Sampled 7 nodes (out of 7)
[92mINFO [0m:      aggregate_evaluate: Received 7 results and 0 failures
[92mINFO [0m:      	└──> Aggregated MetricRecord: {'eval_loss': 1.1048888901981706, 'eval_acc': 0.6290018832391713, 'client-ids': [0, 1, 2, 3, 4, 5, 6], 'per-client-eval_acc': [0.6070686070686071, 0.649583600256246, 0.6615285806037251, 0.6082474226804123, 0.6243169398907104, 0.6436597110754414, 0.5825734549138805], 'per-client-eval_loss': [1.2245730018747902, 1.0731288352736597, 1.0326196392453781, 1.1156902549193077, 1.0989332407550083, 1.032222913126693, 1.179681712250096], 'per-client-num-examples': [1443, 1561, 1557, 970, 732, 1246, 987]}
[92mINFO [0m:      Global evaluation
[92mINFO [0m:      	└──> MetricRecord: {'loss': 1.1215565450668334, 'accuracy': 0.6102, 'f1': 0.6019843381621389, 'precision': 0.6293192847064112, 'auc': 0.9337655422222221, 'diverged': 0.0}
[92mINFO [0m:      
[92mINFO [0m:      [ROUND 11/20]
[92mINFO [0m:      configure_train: Sampled 7 nodes (out of 7)
[92mINFO [0m:      aggregate_train: pairwise model distance -- max=2.886765 mean=2.583692 median=2.592067 count=21
[92mINFO [0m:      aggregate_train: Received 7 results and 0 failures
[92mINFO [0m:      aggregate_fit: parameters are clipped by value: 5.0000.
[92mINFO [0m:      aggregate_fit: parameters are clipped by value: 5.0000.
[92mINFO [0m:      aggregate_fit: parameters are clipped by value: 5.0000.
[92mINFO [0m:      aggregate_fit: parameters are clipped by value: 5.0000.
[92mINFO [0m:      aggregate_fit: parameters are clipped by value: 5.0000.
[92mINFO [0m:      aggregate_fit: parameters are clipped by value: 5.0000.
[92mINFO [0m:      aggregate_fit: parameters are clipped by value: 5.0000.
[92mINFO [0m:      aggregate_train: Received 7 results and 0 failures
[92mINFO [0m:      aggregate_train: metric-aware noise with 0.010825 stdev added
[92mINFO [0m:      	└──> Aggregated MetricRecord: {'train_loss': 0.3486114232143503, 'train_loss_mean': 0.5706708511437866, 'client-ids': [0, 1, 2, 3, 4, 5, 6], 'per-client-num-examples': [5770, 6243, 6225, 3880, 2928, 4981, 3945], 'per-client-train_loss': [0.38265375138568714, 0.35560378139644944, 0.30413324721127627, 0.32182106644529657, 0.3402145366525389, 0.35836547538952235, 0.3782050491134779], 'per-client-train_loss_mean': [0.6063120216348142, 0.5623397864087469, 0.5064323248293505, 0.5484078161710316, 0.5721512230367608, 0.5998530536955845, 0.6170423608006029], 'dp-client-ids': [0, 1, 2, 3, 4, 5, 6], 'dp-update-norms-before-clipping': [14.146044332889092, 15.121484505820302, 14.218448938362004, 11.672094198703329, 10.149445633648073, 13.233826524305094, 12.36739420765847], 'dp-client-clipped': [1, 1, 1, 1, 1, 1, 1], 'dp-num-clients-clipped': 7, 'dp-fraction-clipped': 1.0, 'metric-dp-distance-min': 2.218277095196148, 'metric-dp-distance-median': 2.5920669427141547, 'metric-dp-distance-mean': 2.5836923401950607, 'metric-dp-distance-count': 21, 'metric-dp-distance': 2.8867649507398405, 'metric-dp-distance-invalid': 0.0, 'metric-dp-pairwise-distances': [2.862397178697089, 2.7850064489369593, 2.5781839080154896, 2.4649310084059834, 2.7093347624565163, 2.5920669427141547, 2.8867649507398405, 2.6342085922757783, 2.586816524465879, 2.796913488768041, 2.702172103958825, 2.6104253881300488, 2.454238667152822, 2.7210914672662816, 2.648177280711631, 2.218277095196148, 2.4937520722548165, 2.3859872703130045, 2.3400974543765187, 2.2538162072499595, 2.5328803320104876], 'metric-dp-pairwise-client-i': [0, 0, 0, 0, 0, 0, 1, 1, 1, 1, 1, 2, 2, 2, 2, 3, 3, 3, 4, 4, 5], 'metric-dp-pairwise-client-j': [1, 2, 3, 4, 5, 6, 2, 3, 4, 5, 6, 3, 4, 5, 6, 4, 5, 6, 5, 6, 6], 'metric-dp-aggregation-collapsed': 0.0, 'dp-signal-update-norm': 2.196891414621421, 'dp-parameter-count': 364426, 'dp-expected-noise-l2-norm': 6.53496513711422, 'dp-noise-to-signal-ratio': 2.9746418478495245, 'dp-noise-percent-of-signal': 297.46418478495247, 'metric-dp-noise-stdv': 0.010825266529577004}
[92mINFO [0m:      configure_evaluate: Sampled 7 nodes (out of 7)
[92mINFO [0m:      aggregate_evaluate: Received 7 results and 0 failures
[92mINFO [0m:      	└──> Aggregated MetricRecord: {'eval_loss': 1.069864863645559, 'eval_acc': 0.6480696798493408, 'client-ids': [0, 1, 2, 3, 4, 5, 6], 'per-client-eval_acc': [0.625086625086625, 0.6534272901985907, 0.6942838792549775, 0.6134020618556701, 0.6598360655737705, 0.6621187800963082, 0.60790273556231], 'per-client-eval_loss': [1.1788169977488157, 1.0578000388185158, 0.9512897741358175, 1.1457055455630587, 1.0275908037612997, 1.0068409706960713, 1.1530903929272684], 'per-client-num-examples': [1443, 1561, 1557, 970, 732, 1246, 987]}
[92mINFO [0m:      Global evaluation
[92mINFO [0m:      	└──> MetricRecord: {'loss': 1.0797708280563354, 'accuracy': 0.6334, 'f1': 0.6276180617442969, 'precision': 0.6418190735974357, 'auc': 0.9404050333333335, 'diverged': 0.0}
[92mINFO [0m:      
[92mINFO [0m:      [ROUND 12/20]
[92mINFO [0m:      configure_train: Sampled 7 nodes (out of 7)
[92mINFO [0m:      aggregate_train: pairwise model distance -- max=2.924057 mean=2.600444 median=2.579182 count=21
[92mINFO [0m:      aggregate_train: Received 7 results and 0 failures
[92mINFO [0m:      aggregate_fit: parameters are clipped by value: 5.0000.
[92mINFO [0m:      aggregate_fit: parameters are clipped by value: 5.0000.
[92mINFO [0m:      aggregate_fit: parameters are clipped by value: 5.0000.
[92mINFO [0m:      aggregate_fit: parameters are clipped by value: 5.0000.
[92mINFO [0m:      aggregate_fit: parameters are clipped by value: 5.0000.
[92mINFO [0m:      aggregate_fit: parameters are clipped by value: 5.0000.
[92mINFO [0m:      aggregate_fit: parameters are clipped by value: 5.0000.
[92mINFO [0m:      aggregate_train: Received 7 results and 0 failures
[92mINFO [0m:      aggregate_train: metric-aware noise with 0.010687 stdev added
[92mINFO [0m:      	└──> Aggregated MetricRecord: {'train_loss': 0.29194649147887625, 'train_loss_mean': 0.5208880450701718, 'client-ids': [0, 1, 2, 3, 4, 5, 6], 'per-client-num-examples': [5770, 6243, 6225, 3880, 2928, 4981, 3945], 'per-client-train_loss': [0.3158851352060275, 0.31593261842635145, 0.24336270215520897, 0.2702847814744281, 0.26442944637087523, 0.318775624395781, 0.30349127108228824], 'per-client-train_loss_mean': [0.5552287445448507, 0.5200744062722691, 0.4539814326964229, 0.5120979025253315, 0.5134024764833555, 0.5482116436998998, 0.5572256942956468], 'dp-client-ids': [0, 1, 2, 3, 4, 5, 6], 'dp-update-norms-before-clipping': [14.325949597491258, 14.662625410675238, 14.973516640258314, 11.316732381404082, 10.35280550290448, 13.304532058203016, 12.287766051133206], 'dp-client-clipped': [1, 1, 1, 1, 1, 1, 1], 'dp-num-clients-clipped': 7, 'dp-fraction-clipped': 1.0, 'metric-dp-distance-min': 2.193020647081236, 'metric-dp-distance-median': 2.579182481703659, 'metric-dp-distance-mean': 2.600444086302545, 'metric-dp-distance-count': 21, 'metric-dp-distance': 2.924057338076333, 'metric-dp-distance-invalid': 0.0, 'metric-dp-pairwise-distances': [2.877203526596228, 2.876240201604863, 2.579182481703659, 2.5031860188270607, 2.7400778979063034, 2.6189863116790852, 2.924057338076333, 2.5778214739014707, 2.560109669032196, 2.7862087106332183, 2.66925562483569, 2.644494437923034, 2.549747482252618, 2.7896857894957066, 2.7021669962753854, 2.193020647081236, 2.4728066067521772, 2.3578312837829194, 2.3736571619908013, 2.270445129368454, 2.543141022635003], 'metric-dp-pairwise-client-i': [0, 0, 0, 0, 0, 0, 1, 1, 1, 1, 1, 2, 2, 2, 2, 3, 3, 3, 4, 4, 5], 'metric-dp-pairwise-client-j': [1, 2, 3, 4, 5, 6, 2, 3, 4, 5, 6, 3, 4, 5, 6, 4, 5, 6, 5, 6, 6], 'metric-dp-aggregation-collapsed': 0.0, 'dp-signal-update-norm': 2.1337332778683327, 'dp-parameter-count': 364426, 'dp-expected-noise-l2-norm': 6.451620515943396, 'dp-noise-to-signal-ratio': 3.023630264785845, 'dp-noise-percent-of-signal': 302.3630264785845, 'metric-dp-noise-stdv': 0.010687204930310506}
[92mINFO [0m:      configure_evaluate: Sampled 7 nodes (out of 7)
[92mINFO [0m:      aggregate_evaluate: Received 7 results and 0 failures
[92mINFO [0m:      	└──> Aggregated MetricRecord: {'eval_loss': 1.0203997202063235, 'eval_acc': 0.6680790960451977, 'client-ids': [0, 1, 2, 3, 4, 5, 6], 'per-client-eval_acc': [0.6625086625086625, 0.6873798846893018, 0.697495183044316, 0.6422680412371135, 0.6502732240437158, 0.6685393258426966, 0.6372847011144883], 'per-client-eval_loss': [1.0855300510747516, 0.9725467014740401, 0.9690229376693069, 1.039135428556462, 1.0592288684323836, 0.9651304760867099, 1.104470692627819], 'per-client-num-examples': [1443, 1561, 1557, 970, 732, 1246, 987]}
[92mINFO [0m:      Global evaluation
[92mINFO [0m:      	└──> MetricRecord: {'loss': 1.041781151151657, 'accuracy': 0.6568, 'f1': 0.6491484530928866, 'precision': 0.6607993251167783, 'auc': 0.9455025333333332, 'diverged': 0.0}
[92mINFO [0m:      
[92mINFO [0m:      [ROUND 13/20]
[92mINFO [0m:      configure_train: Sampled 7 nodes (out of 7)
[92mINFO [0m:      aggregate_train: pairwise model distance -- max=2.933304 mean=2.643975 median=2.652592 count=21
[92mINFO [0m:      aggregate_train: Received 7 results and 0 failures
[92mINFO [0m:      aggregate_fit: parameters are clipped by value: 5.0000.
[92mINFO [0m:      aggregate_fit: parameters are clipped by value: 5.0000.
[92mINFO [0m:      aggregate_fit: parameters are clipped by value: 5.0000.
[92mINFO [0m:      aggregate_fit: parameters are clipped by value: 5.0000.
[92mINFO [0m:      aggregate_fit: parameters are clipped by value: 5.0000.
[92mINFO [0m:      aggregate_fit: parameters are clipped by value: 5.0000.
[92mINFO [0m:      aggregate_fit: parameters are clipped by value: 5.0000.
[92mINFO [0m:      aggregate_train: Received 7 results and 0 failures
[92mINFO [0m:      aggregate_train: metric-aware noise with 0.010654 stdev added
[92mINFO [0m:      	└──> Aggregated MetricRecord: {'train_loss': 0.2563247794545744, 'train_loss_mean': 0.4748649000120347, 'client-ids': [0, 1, 2, 3, 4, 5, 6], 'per-client-num-examples': [5770, 6243, 6225, 3880, 2928, 4981, 3945], 'per-client-train_loss': [0.2886038362463384, 0.2603710720110604, 0.21525906310263407, 0.23617753455626597, 0.2413521255544626, 0.281465584495608, 0.26669431382410125], 'per-client-train_loss_mean': [0.5071500854310378, 0.4710366978574244, 0.4080552876086599, 0.45943715157275344, 0.47702685670285927, 0.5083376118024414, 0.5104303399918197], 'dp-client-ids': [0, 1, 2, 3, 4, 5, 6], 'dp-update-norms-before-clipping': [14.513549068506544, 15.082265423115636, 14.7521844119084, 11.587236605591604, 10.209399694755298, 14.05170650401678, 12.380058619966343], 'dp-client-clipped': [1, 1, 1, 1, 1, 1, 1], 'dp-num-clients-clipped': 7, 'dp-fraction-clipped': 1.0, 'metric-dp-distance-min': 2.212560946121812, 'metric-dp-distance-median': 2.6525920378044248, 'metric-dp-distance-mean': 2.643974966044346, 'metric-dp-distance-count': 21, 'metric-dp-distance': 2.9333042704189816, 'metric-dp-distance-invalid': 0.0, 'metric-dp-pairwise-distances': [2.9333042704189816, 2.898384503709773, 2.625818640614549, 2.51938953747352, 2.844306444749236, 2.6766236210241914, 2.9319742185374102, 2.6525920378044248, 2.592308769002557, 2.884254116564989, 2.7249897088234625, 2.654459224703411, 2.517491737070183, 2.836308626147608, 2.6988655338063836, 2.212560946121812, 2.582625458637873, 2.4042331793655953, 2.4374314611777663, 2.264693521273633, 2.630858729903897], 'metric-dp-pairwise-client-i': [0, 0, 0, 0, 0, 0, 1, 1, 1, 1, 1, 2, 2, 2, 2, 3, 3, 3, 4, 4, 5], 'metric-dp-pairwise-client-j': [1, 2, 3, 4, 5, 6, 2, 3, 4, 5, 6, 3, 4, 5, 6, 4, 5, 6, 5, 6, 6], 'metric-dp-aggregation-collapsed': 0.0, 'dp-signal-update-norm': 2.087075511418778, 'dp-parameter-count': 364426, 'dp-expected-noise-l2-norm': 6.431282462706646, 'dp-noise-to-signal-ratio': 3.0814804867001238, 'dp-noise-percent-of-signal': 308.1480486700124, 'metric-dp-noise-stdv': 0.010653514643926243}
[92mINFO [0m:      configure_evaluate: Sampled 7 nodes (out of 7)
[92mINFO [0m:      aggregate_evaluate: Received 7 results and 0 failures
[92mINFO [0m:      	└──> Aggregated MetricRecord: {'eval_loss': 1.0341435632687728, 'eval_acc': 0.6703154425612052, 'client-ids': [0, 1, 2, 3, 4, 5, 6], 'per-client-eval_acc': [0.6604296604296604, 0.7001921844971173, 0.6962106615285806, 0.6474226804123712, 0.657103825136612, 0.6677367576243981, 0.6322188449848024], 'per-client-eval_loss': [1.0709315972120004, 0.9965481382390767, 0.9560917625843751, 1.1048659255824138, 1.0597961274652534, 0.9895072297146769, 1.1307661390835995], 'per-client-num-examples': [1443, 1561, 1557, 970, 732, 1246, 987]}
[92mINFO [0m:      Global evaluation
[92mINFO [0m:      	└──> MetricRecord: {'loss': 1.0312041604995728, 'accuracy': 0.6684, 'f1': 0.665237604707901, 'precision': 0.6678960366181675, 'auc': 0.9475074222222222, 'diverged': 0.0}
[92mINFO [0m:      
[92mINFO [0m:      [ROUND 14/20]
[92mINFO [0m:      configure_train: Sampled 7 nodes (out of 7)
[92mINFO [0m:      aggregate_train: pairwise model distance -- max=2.977970 mean=2.667565 median=2.666995 count=21
[92mINFO [0m:      aggregate_train: Received 7 results and 0 failures
[92mINFO [0m:      aggregate_fit: parameters are clipped by value: 5.0000.
[92mINFO [0m:      aggregate_fit: parameters are clipped by value: 5.0000.
[92mINFO [0m:      aggregate_fit: parameters are clipped by value: 5.0000.
[92mINFO [0m:      aggregate_fit: parameters are clipped by value: 5.0000.
[92mINFO [0m:      aggregate_fit: parameters are clipped by value: 5.0000.
[92mINFO [0m:      aggregate_fit: parameters are clipped by value: 5.0000.
[92mINFO [0m:      aggregate_fit: parameters are clipped by value: 5.0000.
[92mINFO [0m:      aggregate_train: Received 7 results and 0 failures
[92mINFO [0m:      aggregate_train: metric-aware noise with 0.010494 stdev added
[92mINFO [0m:      	└──> Aggregated MetricRecord: {'train_loss': 0.22503264404523646, 'train_loss_mean': 0.43593175667555745, 'client-ids': [0, 1, 2, 3, 4, 5, 6], 'per-client-num-examples': [5770, 6243, 6225, 3880, 2928, 4981, 3945], 'per-client-train_loss': [0.24031334533848422, 0.2347110174041365, 0.22437156792026927, 0.18722125927812044, 0.20107937526833164, 0.23876473381801247, 0.22603828973680998], 'per-client-train_loss_mean': [0.46081935398706736, 0.4331320991763201, 0.37615323226375275, 0.4225027412667717, 0.44269320310139265, 0.4601009798478324, 0.4759617449579281], 'dp-client-ids': [0, 1, 2, 3, 4, 5, 6], 'dp-update-norms-before-clipping': [15.075593353777377, 15.001776958148339, 14.883854570099016, 11.602423291549222, 10.847857628108258, 13.778238676007062, 12.387272175509905], 'dp-client-clipped': [1, 1, 1, 1, 1, 1, 1], 'dp-num-clients-clipped': 7, 'dp-fraction-clipped': 1.0, 'metric-dp-distance-min': 2.2685148740808168, 'metric-dp-distance-median': 2.6669948861623802, 'metric-dp-distance-mean': 2.6675646363328847, 'metric-dp-distance-count': 21, 'metric-dp-distance': 2.9779696629072228, 'metric-dp-distance-invalid': 0.0, 'metric-dp-pairwise-distances': [2.9779696629072228, 2.9555881548052034, 2.678355846554041, 2.6070924078424773, 2.854235546042522, 2.701931845707198, 2.948571201103429, 2.6547754971931377, 2.6259679033731422, 2.875412847225865, 2.7192585735271373, 2.6669948861623802, 2.590220144018531, 2.849721916951239, 2.7255804954717555, 2.2685148740808168, 2.5576350778962174, 2.3881082078441978, 2.4716839424024024, 2.321734548856815, 2.5795037830248475], 'metric-dp-pairwise-client-i': [0, 0, 0, 0, 0, 0, 1, 1, 1, 1, 1, 2, 2, 2, 2, 3, 3, 3, 4, 4, 5], 'metric-dp-pairwise-client-j': [1, 2, 3, 4, 5, 6, 2, 3, 4, 5, 6, 3, 4, 5, 6, 4, 5, 6, 5, 6, 6], 'metric-dp-aggregation-collapsed': 0.0, 'dp-signal-update-norm': 2.0703048024063553, 'dp-parameter-count': 364426, 'dp-expected-noise-l2-norm': 6.334822193491174, 'dp-noise-to-signal-ratio': 3.0598500211795328, 'dp-noise-percent-of-signal': 305.98500211795323, 'metric-dp-noise-stdv': 0.010493726779436833}
[92mINFO [0m:      configure_evaluate: Sampled 7 nodes (out of 7)
[92mINFO [0m:      aggregate_evaluate: Received 7 results and 0 failures
[92mINFO [0m:      	└──> Aggregated MetricRecord: {'eval_loss': 1.0894810405828186, 'eval_acc': 0.6608992467043315, 'client-ids': [0, 1, 2, 3, 4, 5, 6], 'per-client-eval_acc': [0.6521136521136521, 0.680973734785394, 0.6846499678869621, 0.6422680412371135, 0.6379781420765027, 0.666131621187801, 0.6332320162107397], 'per-client-eval_loss': [1.1722656733776575, 1.0272979528609183, 1.0291178770071432, 1.1299956547845271, 1.1110228293580435, 1.0598042459013375, 1.143690302500005], 'per-client-num-examples': [1443, 1561, 1557, 970, 732, 1246, 987]}
[92mINFO [0m:      Global evaluation
[92mINFO [0m:      	└──> MetricRecord: {'loss': 1.0743344931602479, 'accuracy': 0.6586, 'f1': 0.6569947541551999, 'precision': 0.662625514550979, 'auc': 0.9457593022222222, 'diverged': 0.0}
[92mINFO [0m:      
[92mINFO [0m:      [ROUND 15/20]
[92mINFO [0m:      configure_train: Sampled 7 nodes (out of 7)
[92mINFO [0m:      aggregate_train: pairwise model distance -- max=3.001163 mean=2.689905 median=2.687690 count=21
[92mINFO [0m:      aggregate_train: Received 7 results and 0 failures
[92mINFO [0m:      aggregate_fit: parameters are clipped by value: 5.0000.
[92mINFO [0m:      aggregate_fit: parameters are clipped by value: 5.0000.
[92mINFO [0m:      aggregate_fit: parameters are clipped by value: 5.0000.
[92mINFO [0m:      aggregate_fit: parameters are clipped by value: 5.0000.
[92mINFO [0m:      aggregate_fit: parameters are clipped by value: 5.0000.
[92mINFO [0m:      aggregate_fit: parameters are clipped by value: 5.0000.
[92mINFO [0m:      aggregate_fit: parameters are clipped by value: 5.0000.
[92mINFO [0m:      aggregate_train: Received 7 results and 0 failures
[92mINFO [0m:      aggregate_train: metric-aware noise with 0.010413 stdev added
[92mINFO [0m:      	└──> Aggregated MetricRecord: {'train_loss': 0.200383307603729, 'train_loss_mean': 0.40370693709997374, 'client-ids': [0, 1, 2, 3, 4, 5, 6], 'per-client-num-examples': [5770, 6243, 6225, 3880, 2928, 4981, 3945], 'per-client-train_loss': [0.21749488560537739, 0.2287538972336112, 0.1758986871836176, 0.16401096524037037, 0.18811874128267414, 0.20532163583928384, 0.20773511789597485], 'per-client-train_loss_mean': [0.42126498107790333, 0.40290710043729583, 0.3508778506225371, 0.38860381892699863, 0.40762733304924004, 0.43251322004431775, 0.43822699126484127], 'dp-client-ids': [0, 1, 2, 3, 4, 5, 6], 'dp-update-norms-before-clipping': [14.838166516550535, 14.985691485012715, 15.453100190980155, 11.839769478803618, 10.590249040853456, 13.865792461088766, 12.6414227329964], 'dp-client-clipped': [1, 1, 1, 1, 1, 1, 1], 'dp-num-clients-clipped': 7, 'dp-fraction-clipped': 1.0, 'metric-dp-distance-min': 2.2784753969560065, 'metric-dp-distance-median': 2.6876903443286815, 'metric-dp-distance-mean': 2.689905085903962, 'metric-dp-distance-count': 21, 'metric-dp-distance': 3.0011631470794478, 'metric-dp-distance-invalid': 0.0, 'metric-dp-pairwise-distances': [2.94212873869886, 2.9872927063455186, 2.6876903443286815, 2.572552453416089, 2.851800573679308, 2.718035747297108, 3.0011631470794478, 2.668316865339875, 2.618560629275938, 2.8791054704536996, 2.740724077448249, 2.749582873967787, 2.629565021644036, 2.90404414323469, 2.798598587823411, 2.2784753969560065, 2.6005441825836897, 2.451017222677668, 2.447664703397701, 2.331716430063049, 2.629427488272389], 'metric-dp-pairwise-client-i': [0, 0, 0, 0, 0, 0, 1, 1, 1, 1, 1, 2, 2, 2, 2, 3, 3, 3, 4, 4, 5], 'metric-dp-pairwise-client-j': [1, 2, 3, 4, 5, 6, 2, 3, 4, 5, 6, 3, 4, 5, 6, 4, 5, 6, 5, 6, 6], 'metric-dp-aggregation-collapsed': 0.0, 'dp-signal-update-norm': 2.0284503969822887, 'dp-parameter-count': 364426, 'dp-expected-noise-l2-norm': 6.285865641954956, 'dp-noise-to-signal-ratio': 3.0988510497009907, 'dp-noise-percent-of-signal': 309.88510497009906, 'metric-dp-noise-stdv': 0.010412629526792182}
[92mINFO [0m:      configure_evaluate: Sampled 7 nodes (out of 7)
[92mINFO [0m:      aggregate_evaluate: Received 7 results and 0 failures
[92mINFO [0m:      	└──> Aggregated MetricRecord: {'eval_loss': 1.1161863219883932, 'eval_acc': 0.6677259887005651, 'client-ids': [0, 1, 2, 3, 4, 5, 6], 'per-client-eval_acc': [0.6687456687456688, 0.6828955797565663, 0.6840077071290944, 0.6278350515463917, 0.6420765027322405, 0.6853932584269663, 0.6524822695035462], 'per-client-eval_loss': [1.1525856586107346, 1.0892485484795873, 1.0596710087476668, 1.2272687272927196, 1.1533569351571504, 1.033244181980482, 1.1626980229834776], 'per-client-num-examples': [1443, 1561, 1557, 970, 732, 1246, 987]}
[92mINFO [0m:      Global evaluation
[92mINFO [0m:      	└──> MetricRecord: {'loss': 1.1019717701911926, 'accuracy': 0.666, 'f1': 0.6629267605824588, 'precision': 0.6672318524975704, 'auc': 0.9457359000000001, 'diverged': 0.0}
[92mINFO [0m:      
[92mINFO [0m:      [ROUND 16/20]
[92mINFO [0m:      configure_train: Sampled 7 nodes (out of 7)
[92mINFO [0m:      aggregate_train: pairwise model distance -- max=3.025853 mean=2.679437 median=2.673376 count=21
[92mINFO [0m:      aggregate_train: Received 7 results and 0 failures
[92mINFO [0m:      aggregate_fit: parameters are clipped by value: 5.0000.
[92mINFO [0m:      aggregate_fit: parameters are clipped by value: 5.0000.
[92mINFO [0m:      aggregate_fit: parameters are clipped by value: 5.0000.
[92mINFO [0m:      aggregate_fit: parameters are clipped by value: 5.0000.
[92mINFO [0m:      aggregate_fit: parameters are clipped by value: 5.0000.
[92mINFO [0m:      aggregate_fit: parameters are clipped by value: 5.0000.
[92mINFO [0m:      aggregate_fit: parameters are clipped by value: 5.0000.
[92mINFO [0m:      aggregate_train: Received 7 results and 0 failures
[92mINFO [0m:      aggregate_train: metric-aware noise with 0.010328 stdev added
[92mINFO [0m:      	└──> Aggregated MetricRecord: {'train_loss': 0.18753541610477825, 'train_loss_mean': 0.3766628790903336, 'client-ids': [0, 1, 2, 3, 4, 5, 6], 'per-client-num-examples': [5770, 6243, 6225, 3880, 2928, 4981, 3945], 'per-client-train_loss': [0.17016067357162462, 0.23668688799303975, 0.16916961039285583, 0.16211864455151803, 0.14907524706236, 0.20837347715333196, 0.19137846616171159], 'per-client-train_loss_mean': [0.3910222314280075, 0.3746431236188598, 0.32680841811689504, 0.3564044085329341, 0.37866911080569193, 0.412695063463633, 0.4104657178524178], 'dp-client-ids': [0, 1, 2, 3, 4, 5, 6], 'dp-update-norms-before-clipping': [14.904891395101735, 15.482361824163826, 15.040214392963055, 11.413953794204476, 10.533595948995194, 13.752478091501704, 12.714239368762696], 'dp-client-clipped': [1, 1, 1, 1, 1, 1, 1], 'dp-num-clients-clipped': 7, 'dp-fraction-clipped': 1.0, 'metric-dp-distance-min': 2.2334668077528477, 'metric-dp-distance-median': 2.6733761373907328, 'metric-dp-distance-mean': 2.6794368138182016, 'metric-dp-distance-count': 21, 'metric-dp-distance': 3.0258533901845417, 'metric-dp-distance-invalid': 0.0, 'metric-dp-pairwise-distances': [3.013261561281979, 2.953796145816644, 2.646436012039582, 2.56924004945904, 2.846745505618552, 2.706169735019406, 3.0258533901845417, 2.698810749066373, 2.6733761373907328, 2.9236587019016347, 2.791963355305294, 2.6688168039545417, 2.579145362600684, 2.8563863933086395, 2.7458681634937725, 2.2334668077528477, 2.5449001950522265, 2.4190760540465512, 2.4327544464419284, 2.3177693240965405, 2.6206781963507333], 'metric-dp-pairwise-client-i': [0, 0, 0, 0, 0, 0, 1, 1, 1, 1, 1, 2, 2, 2, 2, 3, 3, 3, 4, 4, 5], 'metric-dp-pairwise-client-j': [1, 2, 3, 4, 5, 6, 2, 3, 4, 5, 6, 3, 4, 5, 6, 4, 5, 6, 5, 6, 6], 'metric-dp-aggregation-collapsed': 0.0, 'dp-signal-update-norm': 2.0116897449115854, 'dp-parameter-count': 364426, 'dp-expected-noise-l2-norm': 6.234574475195431, 'dp-noise-to-signal-ratio': 3.0991729668878154, 'dp-noise-percent-of-signal': 309.91729668878156, 'metric-dp-noise-stdv': 0.010327664949455504}
[92mINFO [0m:      configure_evaluate: Sampled 7 nodes (out of 7)
[92mINFO [0m:      aggregate_evaluate: Received 7 results and 0 failures
[92mINFO [0m:      	└──> Aggregated MetricRecord: {'eval_loss': 1.078745040123521, 'eval_acc': 0.6845574387947271, 'client-ids': [0, 1, 2, 3, 4, 5, 6], 'per-client-eval_acc': [0.693000693000693, 0.7040358744394619, 0.7103403982016698, 0.6463917525773196, 0.6516393442622951, 0.6894060995184591, 0.6565349544072948], 'per-client-eval_loss': [1.0645638229280234, 1.0583356384433744, 1.0431317627697934, 1.158503909946717, 1.1437299108244683, 1.0055808959764998, 1.153719649851141], 'per-client-num-examples': [1443, 1561, 1557, 970, 732, 1246, 987]}
[92mINFO [0m:      Global evaluation
[92mINFO [0m:      	└──> MetricRecord: {'loss': 1.0834583373069764, 'accuracy': 0.6782, 'f1': 0.6769071185776726, 'precision': 0.6827536794287116, 'auc': 0.950324411111111, 'diverged': 0.0}
[92mINFO [0m:      
[92mINFO [0m:      [ROUND 17/20]
[92mINFO [0m:      configure_train: Sampled 7 nodes (out of 7)
[92mINFO [0m:      aggregate_train: pairwise model distance -- max=2.964697 mean=2.660943 median=2.654208 count=21
[92mINFO [0m:      aggregate_train: Received 7 results and 0 failures
[92mINFO [0m:      aggregate_fit: parameters are clipped by value: 5.0000.
[92mINFO [0m:      aggregate_fit: parameters are clipped by value: 5.0000.
[92mINFO [0m:      aggregate_fit: parameters are clipped by value: 5.0000.
[92mINFO [0m:      aggregate_fit: parameters are clipped by value: 5.0000.
[92mINFO [0m:      aggregate_fit: parameters are clipped by value: 5.0000.
[92mINFO [0m:      aggregate_fit: parameters are clipped by value: 5.0000.
[92mINFO [0m:      aggregate_fit: parameters are clipped by value: 5.0000.
[92mINFO [0m:      aggregate_train: Received 7 results and 0 failures
[92mINFO [0m:      aggregate_train: metric-aware noise with 0.010541 stdev added
[92mINFO [0m:      	└──> Aggregated MetricRecord: {'train_loss': 0.16439363390319578, 'train_loss_mean': 0.35008690124207636, 'client-ids': [0, 1, 2, 3, 4, 5, 6], 'per-client-num-examples': [5770, 6243, 6225, 3880, 2928, 4981, 3945], 'per-client-train_loss': [0.16554930135220342, 0.1770739465183351, 0.15428722312651486, 0.1674854554773606, 0.14841285938285087, 0.17277787172562195, 0.1568181119113216], 'per-client-train_loss_mean': [0.3627496623517735, 0.3399816189374791, 0.3007236567884085, 0.3471186556398254, 0.36865176272685407, 0.37602428901485113, 0.38184205778500274], 'dp-client-ids': [0, 1, 2, 3, 4, 5, 6], 'dp-update-norms-before-clipping': [14.633253476885896, 15.393642513922657, 14.543540713360485, 11.710215524713076, 10.57207269457746, 14.257206042163949, 12.290972936429263], 'dp-client-clipped': [1, 1, 1, 1, 1, 1, 1], 'dp-num-clients-clipped': 7, 'dp-fraction-clipped': 1.0, 'metric-dp-distance-min': 2.254894556477666, 'metric-dp-distance-median': 2.6542081901182732, 'metric-dp-distance-mean': 2.660942986533637, 'metric-dp-distance-count': 21, 'metric-dp-distance': 2.964697427737216, 'metric-dp-distance-invalid': 0.0, 'metric-dp-pairwise-distances': [2.964697427737216, 2.9015669502938786, 2.632262817583978, 2.5398052589346967, 2.84742713564386, 2.654488554224372, 2.963057531043887, 2.6986411499480405, 2.6235253053406873, 2.923693402359883, 2.741094019574424, 2.6542081901182732, 2.5412808765346804, 2.847720151146253, 2.6889987491692104, 2.254894556477666, 2.6121401404961944, 2.4104981310665607, 2.4693525234858194, 2.2831081183006368, 2.6273417277261615], 'metric-dp-pairwise-client-i': [0, 0, 0, 0, 0, 0, 1, 1, 1, 1, 1, 2, 2, 2, 2, 3, 3, 3, 4, 4, 5], 'metric-dp-pairwise-client-j': [1, 2, 3, 4, 5, 6, 2, 3, 4, 5, 6, 3, 4, 5, 6, 4, 5, 6, 5, 6, 6], 'metric-dp-aggregation-collapsed': 0.0, 'dp-signal-update-norm': 1.9979344571504436, 'dp-parameter-count': 364426, 'dp-expected-noise-l2-norm': 6.36318166421678, 'dp-noise-to-signal-ratio': 3.184880085251783, 'dp-noise-percent-of-signal': 318.4880085251783, 'metric-dp-noise-stdv': 0.010540704662685035}
[92mINFO [0m:      configure_evaluate: Sampled 7 nodes (out of 7)
[92mINFO [0m:      aggregate_evaluate: Received 7 results and 0 failures
[92mINFO [0m:      	└──> Aggregated MetricRecord: {'eval_loss': 1.0984475886529899, 'eval_acc': 0.6726694915254238, 'client-ids': [0, 1, 2, 3, 4, 5, 6], 'per-client-eval_acc': [0.6985446985446986, 0.6822549647661755, 0.6872190109184328, 0.643298969072165, 0.6530054644808743, 0.6677367576243981, 0.646403242147923], 'per-client-eval_loss': [1.0490700334455103, 1.0926390213511221, 1.085303683884265, 1.15397129697898, 1.1249287845007057, 1.0628498086577243, 1.1712912025181115], 'per-client-num-examples': [1443, 1561, 1557, 970, 732, 1246, 987]}
[92mINFO [0m:      Global evaluation
[92mINFO [0m:      	└──> MetricRecord: {'loss': 1.0817642226696014, 'accuracy': 0.6714, 'f1': 0.6735138074209452, 'precision': 0.6810617272603834, 'auc': 0.9486655555555555, 'diverged': 0.0}
[92mINFO [0m:      
[92mINFO [0m:      [ROUND 18/20]
[92mINFO [0m:      configure_train: Sampled 7 nodes (out of 7)
[92mINFO [0m:      aggregate_train: pairwise model distance -- max=2.987368 mean=2.700472 median=2.707513 count=21
[92mINFO [0m:      aggregate_train: Received 7 results and 0 failures
[92mINFO [0m:      aggregate_fit: parameters are clipped by value: 5.0000.
[92mINFO [0m:      aggregate_fit: parameters are clipped by value: 5.0000.
[92mINFO [0m:      aggregate_fit: parameters are clipped by value: 5.0000.
[92mINFO [0m:      aggregate_fit: parameters are clipped by value: 5.0000.
[92mINFO [0m:      aggregate_fit: parameters are clipped by value: 5.0000.
[92mINFO [0m:      aggregate_fit: parameters are clipped by value: 5.0000.
[92mINFO [0m:      aggregate_fit: parameters are clipped by value: 5.0000.
[92mINFO [0m:      aggregate_train: Received 7 results and 0 failures
[92mINFO [0m:      aggregate_train: metric-aware noise with 0.010461 stdev added
[92mINFO [0m:      	└──> Aggregated MetricRecord: {'train_loss': 0.15065293898197374, 'train_loss_mean': 0.32311956045641715, 'client-ids': [0, 1, 2, 3, 4, 5, 6], 'per-client-num-examples': [5770, 6243, 6225, 3880, 2928, 4981, 3945], 'per-client-train_loss': [0.16227188418188376, 0.15310903568785675, 0.13823036525144156, 0.14754398139481692, 0.1270784636338552, 0.17581921387774185, 0.1381539275588796], 'per-client-train_loss_mean': [0.34494894946985066, 0.3126056149867996, 0.27389726352787397, 0.32009283574893305, 0.329745085175083, 0.3462120243976978, 0.35440279947714204], 'dp-client-ids': [0, 1, 2, 3, 4, 5, 6], 'dp-update-norms-before-clipping': [14.654242724452343, 15.25488068154964, 14.874532601820142, 12.25311276267885, 10.612734257427686, 14.33736676663569, 12.897977250809069], 'dp-client-clipped': [1, 1, 1, 1, 1, 1, 1], 'dp-num-clients-clipped': 7, 'dp-fraction-clipped': 1.0, 'metric-dp-distance-min': 2.302889155844847, 'metric-dp-distance-median': 2.707513091775278, 'metric-dp-distance-mean': 2.7004718414345192, 'metric-dp-distance-count': 21, 'metric-dp-distance': 2.9873683663705983, 'metric-dp-distance-invalid': 0.0, 'metric-dp-pairwise-distances': [2.9720746374999485, 2.923362372132639, 2.6876807619507113, 2.5444434930880866, 2.876123725126187, 2.7041193020219603, 2.9873683663705983, 2.712260720320046, 2.6372612783064446, 2.941160974713663, 2.78794652937601, 2.7141170479978123, 2.5579224629327655, 2.8922867849469185, 2.7481709495186806, 2.302889155844847, 2.6618023651341596, 2.505878788108627, 2.500703121845921, 2.344822741113603, 2.707513091775278], 'metric-dp-pairwise-client-i': [0, 0, 0, 0, 0, 0, 1, 1, 1, 1, 1, 2, 2, 2, 2, 3, 3, 3, 4, 4, 5], 'metric-dp-pairwise-client-j': [1, 2, 3, 4, 5, 6, 2, 3, 4, 5, 6, 3, 4, 5, 6, 4, 5, 6, 5, 6, 6], 'metric-dp-aggregation-collapsed': 0.0, 'dp-signal-update-norm': 1.9818089642054966, 'dp-parameter-count': 364426, 'dp-expected-noise-l2-norm': 6.314891904357743, 'dp-noise-to-signal-ratio': 3.1864281665964564, 'dp-noise-percent-of-signal': 318.64281665964563, 'metric-dp-noise-stdv': 0.010460711960328524}
[92mINFO [0m:      configure_evaluate: Sampled 7 nodes (out of 7)
[92mINFO [0m:      aggregate_evaluate: Received 7 results and 0 failures
[92mINFO [0m:      	└──> Aggregated MetricRecord: {'eval_loss': 1.1129676090121943, 'eval_acc': 0.6772598870056497, 'client-ids': [0, 1, 2, 3, 4, 5, 6], 'per-client-eval_acc': [0.6978516978516979, 0.6873798846893018, 0.6840077071290944, 0.6556701030927835, 0.6557377049180327, 0.687800963081862, 0.6443768996960486], 'per-client-eval_loss': [1.07459792509231, 1.1217381210376023, 1.0685411721525395, 1.188078858680332, 1.1598070201978006, 1.043213792252885, 1.2047786944542975], 'per-client-num-examples': [1443, 1561, 1557, 970, 732, 1246, 987]}
[92mINFO [0m:      Global evaluation
[92mINFO [0m:      	└──> MetricRecord: {'loss': 1.0889850991725922, 'accuracy': 0.68, 'f1': 0.680670802620707, 'precision': 0.6878015453663048, 'auc': 0.9492180133333334, 'diverged': 0.0}
[92mINFO [0m:      
[92mINFO [0m:      [ROUND 19/20]
[92mINFO [0m:      configure_train: Sampled 7 nodes (out of 7)
[92mINFO [0m:      aggregate_train: pairwise model distance -- max=2.953278 mean=2.682720 median=2.706035 count=21
[92mINFO [0m:      aggregate_train: Received 7 results and 0 failures
[92mINFO [0m:      aggregate_fit: parameters are clipped by value: 5.0000.
[92mINFO [0m:      aggregate_fit: parameters are clipped by value: 5.0000.
[92mINFO [0m:      aggregate_fit: parameters are clipped by value: 5.0000.
[92mINFO [0m:      aggregate_fit: parameters are clipped by value: 5.0000.
[92mINFO [0m:      aggregate_fit: parameters are clipped by value: 5.0000.
[92mINFO [0m:      aggregate_fit: parameters are clipped by value: 5.0000.
[92mINFO [0m:      aggregate_fit: parameters are clipped by value: 5.0000.
[92mINFO [0m:      aggregate_train: Received 7 results and 0 failures
[92mINFO [0m:      aggregate_train: metric-aware noise with 0.010581 stdev added
[92mINFO [0m:      	└──> Aggregated MetricRecord: {'train_loss': 0.1360044339401973, 'train_loss_mean': 0.3035006282760711, 'client-ids': [0, 1, 2, 3, 4, 5, 6], 'per-client-num-examples': [5770, 6243, 6225, 3880, 2928, 4981, 3945], 'per-client-train_loss': [0.1517919453832626, 0.14418275843116501, 0.14259232221837026, 0.11807605665676373, 0.10533255584985832, 0.1361758695551488, 0.1297571885041864], 'per-client-train_loss_mean': [0.31305738971579944, 0.2902304522820686, 0.2615521233644352, 0.2961300459008702, 0.32644247606070964, 0.33138064780979126, 0.33173545471540117], 'dp-client-ids': [0, 1, 2, 3, 4, 5, 6], 'dp-update-norms-before-clipping': [14.85807779624696, 14.894251722230118, 14.799037654228409, 12.352820795645268, 10.681459680712285, 14.20256512238555, 12.61299770803085], 'dp-client-clipped': [1, 1, 1, 1, 1, 1, 1], 'dp-num-clients-clipped': 7, 'dp-fraction-clipped': 1.0, 'metric-dp-distance-min': 2.3124308257053294, 'metric-dp-distance-median': 2.706035022934278, 'metric-dp-distance-mean': 2.6827202850198817, 'metric-dp-distance-count': 21, 'metric-dp-distance': 2.9532778756693006, 'metric-dp-distance-invalid': 0.0, 'metric-dp-pairwise-distances': [2.9532778756693006, 2.940902406039337, 2.719705367771288, 2.5776613941416144, 2.864620947589477, 2.718273990166684, 2.9469188849131265, 2.690398786837856, 2.598378051072359, 2.8889521580810347, 2.727668010008832, 2.706035022934278, 2.5515868744502463, 2.8601151931410036, 2.7361623868346214, 2.3124308257053294, 2.6378601376588144, 2.4813104020431638, 2.465383612085134, 2.3174020778387785, 2.6420815804352364], 'metric-dp-pairwise-client-i': [0, 0, 0, 0, 0, 0, 1, 1, 1, 1, 1, 2, 2, 2, 2, 3, 3, 3, 4, 4, 5], 'metric-dp-pairwise-client-j': [1, 2, 3, 4, 5, 6, 2, 3, 4, 5, 6, 3, 4, 5, 6, 4, 5, 6, 5, 6, 6], 'metric-dp-aggregation-collapsed': 0.0, 'dp-signal-update-norm': 1.9737296299043787, 'dp-parameter-count': 364426, 'dp-expected-noise-l2-norm': 6.387786421165248, 'dp-noise-to-signal-ratio': 3.236403975692819, 'dp-noise-percent-of-signal': 323.6403975692819, 'metric-dp-noise-stdv': 0.010581462806955754}
[92mINFO [0m:      configure_evaluate: Sampled 7 nodes (out of 7)
[92mINFO [0m:      aggregate_evaluate: Received 7 results and 0 failures
[92mINFO [0m:      	└──> Aggregated MetricRecord: {'eval_loss': 1.1589645511574216, 'eval_acc': 0.6837335216572504, 'client-ids': [0, 1, 2, 3, 4, 5, 6], 'per-client-eval_acc': [0.6846846846846847, 0.6918641896220371, 0.7180475272960822, 0.6474226804123712, 0.6639344262295082, 0.6918138041733547, 0.6555217831813577], 'per-client-eval_loss': [1.1845091170762367, 1.1753507989251712, 1.0533236232260212, 1.2355481826152999, 1.1966347512000246, 1.069944798850707, 1.2715289744924991], 'per-client-num-examples': [1443, 1561, 1557, 970, 732, 1246, 987]}
[92mINFO [0m:      Global evaluation
[92mINFO [0m:      	└──> MetricRecord: {'loss': 1.1370825496673584, 'accuracy': 0.6848, 'f1': 0.6855725169706804, 'precision': 0.694629256461431, 'auc': 0.9507901933333334, 'diverged': 0.0}
[92mINFO [0m:      
[92mINFO [0m:      [ROUND 20/20]
[92mINFO [0m:      configure_train: Sampled 7 nodes (out of 7)
[92mINFO [0m:      aggregate_train: pairwise model distance -- max=2.963413 mean=2.665318 median=2.668074 count=21
[92mINFO [0m:      aggregate_train: Received 7 results and 0 failures
[92mINFO [0m:      aggregate_fit: parameters are clipped by value: 5.0000.
[92mINFO [0m:      aggregate_fit: parameters are clipped by value: 5.0000.
[92mINFO [0m:      aggregate_fit: parameters are clipped by value: 5.0000.
[92mINFO [0m:      aggregate_fit: parameters are clipped by value: 5.0000.
[92mINFO [0m:      aggregate_fit: parameters are clipped by value: 5.0000.
[92mINFO [0m:      aggregate_fit: parameters are clipped by value: 5.0000.
[92mINFO [0m:      aggregate_fit: parameters are clipped by value: 5.0000.
[92mINFO [0m:      aggregate_train: Received 7 results and 0 failures
[92mINFO [0m:      aggregate_train: metric-aware noise with 0.010545 stdev added
[92mINFO [0m:      	└──> Aggregated MetricRecord: {'train_loss': 0.13216519198283583, 'train_loss_mean': 0.2861756876036299, 'client-ids': [0, 1, 2, 3, 4, 5, 6], 'per-client-num-examples': [5770, 6243, 6225, 3880, 2928, 4981, 3945], 'per-client-train_loss': [0.16441703793855847, 0.14612649657797702, 0.11976618273669937, 0.09860319093292214, 0.10548245261519984, 0.14397054204342954, 0.12037189238727168], 'per-client-train_loss_mean': [0.3028679490869339, 0.277620717946332, 0.2428744366434085, 0.2791538707155389, 0.3003802048052595, 0.3124861756955565, 0.30677033805046394], 'dp-client-ids': [0, 1, 2, 3, 4, 5, 6], 'dp-update-norms-before-clipping': [14.972410763111105, 15.034729304113, 14.65338817331623, 11.909602584930486, 10.749928167548086, 14.289588266342252, 12.489782313493269], 'dp-client-clipped': [1, 1, 1, 1, 1, 1, 1], 'dp-num-clients-clipped': 7, 'dp-fraction-clipped': 1.0, 'metric-dp-distance-min': 2.270548437256366, 'metric-dp-distance-median': 2.668073841681083, 'metric-dp-distance-mean': 2.665317918964854, 'metric-dp-distance-count': 21, 'metric-dp-distance': 2.963413408957422, 'metric-dp-distance-invalid': 0.0, 'metric-dp-pairwise-distances': [2.963413408957422, 2.913897423694531, 2.6785339886943498, 2.5758543331176043, 2.8711305959150195, 2.694572457422813, 2.934079071506858, 2.668073841681083, 2.605181758912901, 2.8972358275204897, 2.724555493953327, 2.649764832419654, 2.53682780576249, 2.8472742162023983, 2.694122101801137, 2.270548437256366, 2.6043078930427632, 2.4278072298814855, 2.4775915533925095, 2.3076498340815306, 2.629254193045199], 'metric-dp-pairwise-client-i': [0, 0, 0, 0, 0, 0, 1, 1, 1, 1, 1, 2, 2, 2, 2, 3, 3, 3, 4, 4, 5], 'metric-dp-pairwise-client-j': [1, 2, 3, 4, 5, 6, 2, 3, 4, 5, 6, 3, 4, 5, 6, 4, 5, 6, 5, 6, 6], 'metric-dp-aggregation-collapsed': 0.0, 'dp-signal-update-norm': 1.962843835887364, 'dp-parameter-count': 364426, 'dp-expected-noise-l2-norm': 6.3659387701714865, 'dp-noise-to-signal-ratio': 3.2432222338735204, 'dp-noise-percent-of-signal': 324.32222338735204, 'metric-dp-noise-stdv': 0.010545271849530528}
[92mINFO [0m:      configure_evaluate: Sampled 7 nodes (out of 7)
[92mINFO [0m:      aggregate_evaluate: Received 7 results and 0 failures
[92mINFO [0m:      	└──> Aggregated MetricRecord: {'eval_loss': 1.1710746808016144, 'eval_acc': 0.6863229755178907, 'client-ids': [0, 1, 2, 3, 4, 5, 6], 'per-client-eval_acc': [0.6853776853776854, 0.700832799487508, 0.7193320488118176, 0.6484536082474227, 0.674863387978142, 0.687800963081862, 0.6565349544072948], 'per-client-eval_loss': [1.2252060083242564, 1.1632977509483322, 1.0644558947593183, 1.2626183775282398, 1.2365558916102342, 1.0817118563583155, 1.246708094047075], 'per-client-num-examples': [1443, 1561, 1557, 970, 732, 1246, 987]}
[92mINFO [0m:      Global evaluation
[92mINFO [0m:      	└──> MetricRecord: {'loss': 1.1580877405166625, 'accuracy': 0.685, 'f1': 0.6856154229870012, 'precision': 0.6929122612119022, 'auc': 0.9513638177777778, 'diverged': 0.0}
[92mINFO [0m:      
[92mINFO [0m:      Strategy execution finished in 551.15s
[92mINFO [0m:      
[92mINFO [0m:      Final results:
[92mINFO [0m:      
[92mINFO [0m:      	Global Arrays:
[92mINFO [0m:      		ArrayRecord (1.392 MB)
[92mINFO [0m:      	
[92mINFO [0m:      	Aggregated ClientApp-side Train Metrics:
[92mINFO [0m:      	{ 1: { 'client-ids': "['0', '1', '2', '3', '4', '5', '6']",
[92mINFO [0m:      	       'dp-client-clipped': "['1', '1', '1', '1', '1', '1', '1']",
[92mINFO [0m:      	       'dp-client-ids': "['0', '1', '2', '3', '4', '5', '6']",
[92mINFO [0m:      	       'dp-expected-noise-l2-norm': '5.7331e+00',
[92mINFO [0m:      	       'dp-fraction-clipped': '1.0000e+00',
[92mINFO [0m:      	       'dp-noise-percent-of-signal': '2.5730e+02',
[92mINFO [0m:      	       'dp-noise-to-signal-ratio': '2.5730e+00',
[92mINFO [0m:      	       'dp-num-clients-clipped': '7',
[92mINFO [0m:      	       'dp-parameter-count': '364426',
[92mINFO [0m:      	       'dp-signal-update-norm': '2.2282e+00',
[92mINFO [0m:      	       'dp-update-norms-before-clipping': "['1.3253e+01', '1.4862e+01', "
[92mINFO [0m:      	                                          "'1.4529e+01', '1.1215e+01', "
[92mINFO [0m:      	                                          "'8.7896e+00', '1.2626e+01', "
[92mINFO [0m:      	                                          "'1.1164e+01']",
[92mINFO [0m:      	       'metric-dp-aggregation-collapsed': '0.0000e+00',
[92mINFO [0m:      	       'metric-dp-distance': '3.2905e+00',
[92mINFO [0m:      	       'metric-dp-distance-count': '21',
[92mINFO [0m:      	       'metric-dp-distance-invalid': '0.0000e+00',
[92mINFO [0m:      	       'metric-dp-distance-mean': '2.8667e+00',
[92mINFO [0m:      	       'metric-dp-distance-median': '2.8833e+00',
[92mINFO [0m:      	       'metric-dp-distance-min': '2.3348e+00',
[92mINFO [0m:      	       'metric-dp-noise-stdv': '9.4969e-03',
[92mINFO [0m:      	       'metric-dp-pairwise-client-i': "['0', '0', '0', '0', '0', '0', '1', "
[92mINFO [0m:      	                                      "'1', '1', '1', '1', '2', '2', '2', '2', "
[92mINFO [0m:      	                                      "'3', '3', '3', '4', '4', '5']",
[92mINFO [0m:      	       'metric-dp-pairwise-client-j': "['1', '2', '3', '4', '5', '6', '2', "
[92mINFO [0m:      	                                      "'3', '4', '5', '6', '3', '4', '5', '6', "
[92mINFO [0m:      	                                      "'4', '5', '6', '5', '6', '6']",
[92mINFO [0m:      	       'metric-dp-pairwise-distances': "['3.2905e+00', '3.2555e+00', "
[92mINFO [0m:      	                                       "'2.8833e+00', '2.6952e+00', "
[92mINFO [0m:      	                                       "'2.9923e+00', '2.8536e+00', "
[92mINFO [0m:      	                                       "'3.2899e+00', '3.0259e+00', "
[92mINFO [0m:      	                                       "'2.8352e+00', '3.1267e+00', "
[92mINFO [0m:      	                                       "'2.9801e+00', '2.9829e+00', "
[92mINFO [0m:      	                                       "'2.6435e+00', '3.0884e+00', "
[92mINFO [0m:      	                                       "'3.0176e+00', '2.3348e+00', "
[92mINFO [0m:      	                                       "'2.7497e+00', '2.6378e+00', "
[92mINFO [0m:      	                                       "'2.4673e+00', '2.3617e+00', "
[92mINFO [0m:      	                                       "'2.6893e+00']",
[92mINFO [0m:      	       'per-client-num-examples': "['5770', '6243', '6225', '3880', '2928', "
[92mINFO [0m:      	                                  "'4981', '3945']",
[92mINFO [0m:      	       'per-client-train_loss': "['1.4660e+00', '1.3621e+00', '1.2458e+00', "
[92mINFO [0m:      	                                "'1.5309e+00', '1.5868e+00', '1.3814e+00', "
[92mINFO [0m:      	                                "'1.5587e+00']",
[92mINFO [0m:      	       'per-client-train_loss_mean': "['1.7527e+00', '1.6452e+00', "
[92mINFO [0m:      	                                     "'1.5204e+00', '1.7314e+00', "
[92mINFO [0m:      	                                     "'1.8042e+00', '1.6288e+00', "
[92mINFO [0m:      	                                     "'1.7656e+00']",
[92mINFO [0m:      	       'train_loss': '1.4227e+00',
[92mINFO [0m:      	       'train_loss_mean': '1.6757e+00'},
[92mINFO [0m:      	  2: { 'client-ids': "['0', '1', '2', '3', '4', '5', '6']",
[92mINFO [0m:      	       'dp-client-clipped': "['1', '1', '1', '1', '1', '1', '1']",
[92mINFO [0m:      	       'dp-client-ids': "['0', '1', '2', '3', '4', '5', '6']",
[92mINFO [0m:      	       'dp-expected-noise-l2-norm': '6.2336e+00',
[92mINFO [0m:      	       'dp-fraction-clipped': '1.0000e+00',
[92mINFO [0m:      	       'dp-noise-percent-of-signal': '2.1281e+02',
[92mINFO [0m:      	       'dp-noise-to-signal-ratio': '2.1281e+00',
[92mINFO [0m:      	       'dp-num-clients-clipped': '7',
[92mINFO [0m:      	       'dp-parameter-count': '364426',
[92mINFO [0m:      	       'dp-signal-update-norm': '2.9291e+00',
[92mINFO [0m:      	       'dp-update-norms-before-clipping': "['1.4066e+01', '1.5813e+01', "
[92mINFO [0m:      	                                          "'1.4604e+01', '1.1598e+01', "
[92mINFO [0m:      	                                          "'1.0813e+01', '1.3246e+01', "
[92mINFO [0m:      	                                          "'1.1578e+01']",
[92mINFO [0m:      	       'metric-dp-aggregation-collapsed': '0.0000e+00',
[92mINFO [0m:      	       'metric-dp-distance': '3.0263e+00',
[92mINFO [0m:      	       'metric-dp-distance-count': '21',
[92mINFO [0m:      	       'metric-dp-distance-invalid': '0.0000e+00',
[92mINFO [0m:      	       'metric-dp-distance-mean': '2.6292e+00',
[92mINFO [0m:      	       'metric-dp-distance-median': '2.6738e+00',
[92mINFO [0m:      	       'metric-dp-distance-min': '2.1869e+00',
[92mINFO [0m:      	       'metric-dp-noise-stdv': '1.0326e-02',
[92mINFO [0m:      	       'metric-dp-pairwise-client-i': "['0', '0', '0', '0', '0', '0', '1', "
[92mINFO [0m:      	                                      "'1', '1', '1', '1', '2', '2', '2', '2', "
[92mINFO [0m:      	                                      "'3', '3', '3', '4', '4', '5']",
[92mINFO [0m:      	       'metric-dp-pairwise-client-j': "['1', '2', '3', '4', '5', '6', '2', "
[92mINFO [0m:      	                                      "'3', '4', '5', '6', '3', '4', '5', '6', "
[92mINFO [0m:      	                                      "'4', '5', '6', '5', '6', '6']",
[92mINFO [0m:      	       'metric-dp-pairwise-distances': "['3.0263e+00', '2.9763e+00', "
[92mINFO [0m:      	                                       "'2.5864e+00', '2.5672e+00', "
[92mINFO [0m:      	                                       "'2.6950e+00', '2.4579e+00', "
[92mINFO [0m:      	                                       "'2.9742e+00', '2.7486e+00', "
[92mINFO [0m:      	                                       "'2.7482e+00', '2.9053e+00', "
[92mINFO [0m:      	                                       "'2.7861e+00', '2.7861e+00', "
[92mINFO [0m:      	                                       "'2.4970e+00', '2.8152e+00', "
[92mINFO [0m:      	                                       "'2.6738e+00', '2.2777e+00', "
[92mINFO [0m:      	                                       "'2.4925e+00', '2.3229e+00', "
[92mINFO [0m:      	                                       "'2.3109e+00', '2.1869e+00', "
[92mINFO [0m:      	                                       "'2.3783e+00']",
[92mINFO [0m:      	       'per-client-num-examples': "['5770', '6243', '6225', '3880', '2928', "
[92mINFO [0m:      	                                  "'4981', '3945']",
[92mINFO [0m:      	       'per-client-train_loss': "['1.3369e+00', '1.2699e+00', '1.1347e+00', "
[92mINFO [0m:      	                                "'1.3577e+00', '1.3483e+00', '1.2896e+00', "
[92mINFO [0m:      	                                "'1.4072e+00']",
[92mINFO [0m:      	       'per-client-train_loss_mean': "['1.5442e+00', '1.4930e+00', "
[92mINFO [0m:      	                                     "'1.3733e+00', '1.5578e+00', "
[92mINFO [0m:      	                                     "'1.5639e+00', '1.4782e+00', "
[92mINFO [0m:      	                                     "'1.6029e+00']",
[92mINFO [0m:      	       'train_loss': '1.2921e+00',
[92mINFO [0m:      	       'train_loss_mean': '1.5039e+00'},
[92mINFO [0m:      	  3: { 'client-ids': "['0', '1', '2', '3', '4', '5', '6']",
[92mINFO [0m:      	       'dp-client-clipped': "['1', '1', '1', '1', '1', '1', '1']",
[92mINFO [0m:      	       'dp-client-ids': "['0', '1', '2', '3', '4', '5', '6']",
[92mINFO [0m:      	       'dp-expected-noise-l2-norm': '7.4964e+00',
[92mINFO [0m:      	       'dp-fraction-clipped': '1.0000e+00',
[92mINFO [0m:      	       'dp-noise-percent-of-signal': '2.1696e+02',
[92mINFO [0m:      	       'dp-noise-to-signal-ratio': '2.1696e+00',
[92mINFO [0m:      	       'dp-num-clients-clipped': '7',
[92mINFO [0m:      	       'dp-parameter-count': '364426',
[92mINFO [0m:      	       'dp-signal-update-norm': '3.4551e+00',
[92mINFO [0m:      	       'dp-update-norms-before-clipping': "['1.4106e+01', '1.4914e+01', "
[92mINFO [0m:      	                                          "'1.4502e+01', '1.2037e+01', "
[92mINFO [0m:      	                                          "'9.5851e+00', '1.2790e+01', "
[92mINFO [0m:      	                                          "'1.1639e+01']",
[92mINFO [0m:      	       'metric-dp-aggregation-collapsed': '0.0000e+00',
[92mINFO [0m:      	       'metric-dp-distance': '2.5165e+00',
[92mINFO [0m:      	       'metric-dp-distance-count': '21',
[92mINFO [0m:      	       'metric-dp-distance-invalid': '0.0000e+00',
[92mINFO [0m:      	       'metric-dp-distance-mean': '2.2490e+00',
[92mINFO [0m:      	       'metric-dp-distance-median': '2.2982e+00',
[92mINFO [0m:      	       'metric-dp-distance-min': '1.8651e+00',
[92mINFO [0m:      	       'metric-dp-noise-stdv': '1.2418e-02',
[92mINFO [0m:      	       'metric-dp-pairwise-client-i': "['0', '0', '0', '0', '0', '0', '1', "
[92mINFO [0m:      	                                      "'1', '1', '1', '1', '2', '2', '2', '2', "
[92mINFO [0m:      	                                      "'3', '3', '3', '4', '4', '5']",
[92mINFO [0m:      	       'metric-dp-pairwise-client-j': "['1', '2', '3', '4', '5', '6', '2', "
[92mINFO [0m:      	                                      "'3', '4', '5', '6', '3', '4', '5', '6', "
[92mINFO [0m:      	                                      "'4', '5', '6', '5', '6', '6']",
[92mINFO [0m:      	       'metric-dp-pairwise-distances': "['2.5165e+00', '2.4966e+00', "
[92mINFO [0m:      	                                       "'2.3477e+00', '2.2220e+00', "
[92mINFO [0m:      	                                       "'2.3440e+00', '2.1571e+00', "
[92mINFO [0m:      	                                       "'2.5070e+00', '2.3478e+00', "
[92mINFO [0m:      	                                       "'2.2753e+00', '2.4324e+00', "
[92mINFO [0m:      	                                       "'2.2982e+00', '2.3852e+00', "
[92mINFO [0m:      	                                       "'2.0860e+00', '2.3867e+00', "
[92mINFO [0m:      	                                       "'2.3231e+00', '1.9599e+00', "
[92mINFO [0m:      	                                       "'2.1974e+00', '2.0859e+00', "
[92mINFO [0m:      	                                       "'1.9602e+00', '1.8651e+00', "
[92mINFO [0m:      	                                       "'2.0338e+00']",
[92mINFO [0m:      	       'per-client-num-examples': "['5770', '6243', '6225', '3880', '2928', "
[92mINFO [0m:      	                                  "'4981', '3945']",
[92mINFO [0m:      	       'per-client-train_loss': "['1.1839e+00', '1.1051e+00', '1.0234e+00', "
[92mINFO [0m:      	                                "'1.1989e+00', '1.1667e+00', '1.1610e+00', "
[92mINFO [0m:      	                                "'1.2329e+00']",
[92mINFO [0m:      	       'per-client-train_loss_mean': "['1.3832e+00', '1.3125e+00', "
[92mINFO [0m:      	                                     "'1.2112e+00', '1.3737e+00', "
[92mINFO [0m:      	                                     "'1.3493e+00', '1.3207e+00', "
[92mINFO [0m:      	                                     "'1.4202e+00']",
[92mINFO [0m:      	       'train_loss': '1.1426e+00',
[92mINFO [0m:      	       'train_loss_mean': '1.3298e+00'},
[92mINFO [0m:      	  4: { 'client-ids': "['0', '1', '2', '3', '4', '5', '6']",
[92mINFO [0m:      	       'dp-client-clipped': "['1', '1', '1', '1', '1', '1', '1']",
[92mINFO [0m:      	       'dp-client-ids': "['0', '1', '2', '3', '4', '5', '6']",
[92mINFO [0m:      	       'dp-expected-noise-l2-norm': '7.8383e+00',
[92mINFO [0m:      	       'dp-fraction-clipped': '1.0000e+00',
[92mINFO [0m:      	       'dp-noise-percent-of-signal': '2.3348e+02',
[92mINFO [0m:      	       'dp-noise-to-signal-ratio': '2.3348e+00',
[92mINFO [0m:      	       'dp-num-clients-clipped': '7',
[92mINFO [0m:      	       'dp-parameter-count': '364426',
[92mINFO [0m:      	       'dp-signal-update-norm': '3.3571e+00',
[92mINFO [0m:      	       'dp-update-norms-before-clipping': "['1.3730e+01', '1.4157e+01', "
[92mINFO [0m:      	                                          "'1.3271e+01', '1.0685e+01', "
[92mINFO [0m:      	                                          "'9.0671e+00', '1.1940e+01', "
[92mINFO [0m:      	                                          "'1.1023e+01']",
[92mINFO [0m:      	       'metric-dp-aggregation-collapsed': '0.0000e+00',
[92mINFO [0m:      	       'metric-dp-distance': '2.4068e+00',
[92mINFO [0m:      	       'metric-dp-distance-count': '21',
[92mINFO [0m:      	       'metric-dp-distance-invalid': '0.0000e+00',
[92mINFO [0m:      	       'metric-dp-distance-mean': '2.1241e+00',
[92mINFO [0m:      	       'metric-dp-distance-median': '2.1703e+00',
[92mINFO [0m:      	       'metric-dp-distance-min': '1.7909e+00',
[92mINFO [0m:      	       'metric-dp-noise-stdv': '1.2984e-02',
[92mINFO [0m:      	       'metric-dp-pairwise-client-i': "['0', '0', '0', '0', '0', '0', '1', "
[92mINFO [0m:      	                                      "'1', '1', '1', '1', '2', '2', '2', '2', "
[92mINFO [0m:      	                                      "'3', '3', '3', '4', '4', '5']",
[92mINFO [0m:      	       'metric-dp-pairwise-client-j': "['1', '2', '3', '4', '5', '6', '2', "
[92mINFO [0m:      	                                      "'3', '4', '5', '6', '3', '4', '5', '6', "
[92mINFO [0m:      	                                      "'4', '5', '6', '5', '6', '6']",
[92mINFO [0m:      	       'metric-dp-pairwise-distances': "['2.4068e+00', '2.3611e+00', "
[92mINFO [0m:      	                                       "'2.1877e+00', '2.1644e+00', "
[92mINFO [0m:      	                                       "'2.2663e+00', '2.1332e+00', "
[92mINFO [0m:      	                                       "'2.3376e+00', '2.1621e+00', "
[92mINFO [0m:      	                                       "'2.1703e+00', '2.3013e+00', "
[92mINFO [0m:      	                                       "'2.2007e+00', '2.1907e+00', "
[92mINFO [0m:      	                                       "'2.0005e+00', '2.2154e+00', "
[92mINFO [0m:      	                                       "'2.1900e+00', '1.7909e+00', "
[92mINFO [0m:      	                                       "'1.9664e+00', '1.9208e+00', "
[92mINFO [0m:      	                                       "'1.8346e+00', '1.8255e+00', "
[92mINFO [0m:      	                                       "'1.9798e+00']",
[92mINFO [0m:      	       'per-client-num-examples': "['5770', '6243', '6225', '3880', '2928', "
[92mINFO [0m:      	                                  "'4981', '3945']",
[92mINFO [0m:      	       'per-client-train_loss': "['1.0646e+00', '9.8281e-01', '9.0196e-01', "
[92mINFO [0m:      	                                "'1.0390e+00', '1.0417e+00', '1.0420e+00', "
[92mINFO [0m:      	                                "'1.0693e+00']",
[92mINFO [0m:      	       'per-client-train_loss_mean': "['1.2449e+00', '1.1689e+00', "
[92mINFO [0m:      	                                     "'1.0824e+00', '1.2079e+00', "
[92mINFO [0m:      	                                     "'1.1926e+00', '1.1911e+00', "
[92mINFO [0m:      	                                     "'1.2561e+00']",
[92mINFO [0m:      	       'train_loss': '1.0121e+00',
[92mINFO [0m:      	       'train_loss_mean': '1.1858e+00'},
[92mINFO [0m:      	  5: { 'client-ids': "['0', '1', '2', '3', '4', '5', '6']",
[92mINFO [0m:      	       'dp-client-clipped': "['1', '1', '1', '1', '1', '1', '1']",
[92mINFO [0m:      	       'dp-client-ids': "['0', '1', '2', '3', '4', '5', '6']",
[92mINFO [0m:      	       'dp-expected-noise-l2-norm': '7.6050e+00',
[92mINFO [0m:      	       'dp-fraction-clipped': '1.0000e+00',
[92mINFO [0m:      	       'dp-noise-percent-of-signal': '2.4629e+02',
[92mINFO [0m:      	       'dp-noise-to-signal-ratio': '2.4629e+00',
[92mINFO [0m:      	       'dp-num-clients-clipped': '7',
[92mINFO [0m:      	       'dp-parameter-count': '364426',
[92mINFO [0m:      	       'dp-signal-update-norm': '3.0878e+00',
[92mINFO [0m:      	       'dp-update-norms-before-clipping': "['1.3444e+01', '1.3544e+01', "
[92mINFO [0m:      	                                          "'1.3973e+01', '1.0976e+01', "
[92mINFO [0m:      	                                          "'8.7682e+00', '1.1826e+01', "
[92mINFO [0m:      	                                          "'1.0912e+01']",
[92mINFO [0m:      	       'metric-dp-aggregation-collapsed': '0.0000e+00',
[92mINFO [0m:      	       'metric-dp-distance': '2.4806e+00',
[92mINFO [0m:      	       'metric-dp-distance-count': '21',
[92mINFO [0m:      	       'metric-dp-distance-invalid': '0.0000e+00',
[92mINFO [0m:      	       'metric-dp-distance-mean': '2.1992e+00',
[92mINFO [0m:      	       'metric-dp-distance-median': '2.1998e+00',
[92mINFO [0m:      	       'metric-dp-distance-min': '1.8335e+00',
[92mINFO [0m:      	       'metric-dp-noise-stdv': '1.2598e-02',
[92mINFO [0m:      	       'metric-dp-pairwise-client-i': "['0', '0', '0', '0', '0', '0', '1', "
[92mINFO [0m:      	                                      "'1', '1', '1', '1', '2', '2', '2', '2', "
[92mINFO [0m:      	                                      "'3', '3', '3', '4', '4', '5']",
[92mINFO [0m:      	       'metric-dp-pairwise-client-j': "['1', '2', '3', '4', '5', '6', '2', "
[92mINFO [0m:      	                                      "'3', '4', '5', '6', '3', '4', '5', '6', "
[92mINFO [0m:      	                                      "'4', '5', '6', '5', '6', '6']",
[92mINFO [0m:      	       'metric-dp-pairwise-distances': "['2.4351e+00', '2.4608e+00', "
[92mINFO [0m:      	                                       "'2.2368e+00', '2.1417e+00', "
[92mINFO [0m:      	                                       "'2.3111e+00', '2.1575e+00', "
[92mINFO [0m:      	                                       "'2.4806e+00', '2.1998e+00', "
[92mINFO [0m:      	                                       "'2.1712e+00', '2.3506e+00', "
[92mINFO [0m:      	                                       "'2.2319e+00', '2.3653e+00', "
[92mINFO [0m:      	                                       "'2.1688e+00', '2.3924e+00', "
[92mINFO [0m:      	                                       "'2.3268e+00', '1.8797e+00', "
[92mINFO [0m:      	                                       "'2.0755e+00', '2.0018e+00', "
[92mINFO [0m:      	                                       "'1.9026e+00', '1.8335e+00', "
[92mINFO [0m:      	                                       "'2.0606e+00']",
[92mINFO [0m:      	       'per-client-num-examples': "['5770', '6243', '6225', '3880', '2928', "
[92mINFO [0m:      	                                  "'4981', '3945']",
[92mINFO [0m:      	       'per-client-train_loss': "['9.3280e-01', '8.8035e-01', '7.9559e-01', "
[92mINFO [0m:      	                                "'9.0852e-01', '9.2257e-01', '9.2383e-01', "
[92mINFO [0m:      	                                "'9.5052e-01']",
[92mINFO [0m:      	       'per-client-train_loss_mean': "['1.1207e+00', '1.0627e+00', "
[92mINFO [0m:      	                                     "'9.7232e-01', '1.0750e+00', "
[92mINFO [0m:      	                                     "'1.0880e+00', '1.0780e+00', "
[92mINFO [0m:      	                                     "'1.1361e+00']",
[92mINFO [0m:      	       'train_loss': '8.9511e-01',
[92mINFO [0m:      	       'train_loss_mean': '1.0703e+00'},
[92mINFO [0m:      	  6: { 'client-ids': "['0', '1', '2', '3', '4', '5', '6']",
[92mINFO [0m:      	       'dp-client-clipped': "['1', '1', '1', '1', '1', '1', '1']",
[92mINFO [0m:      	       'dp-client-ids': "['0', '1', '2', '3', '4', '5', '6']",
[92mINFO [0m:      	       'dp-expected-noise-l2-norm': '7.3703e+00',
[92mINFO [0m:      	       'dp-fraction-clipped': '1.0000e+00',
[92mINFO [0m:      	       'dp-noise-percent-of-signal': '2.5805e+02',
[92mINFO [0m:      	       'dp-noise-to-signal-ratio': '2.5805e+00',
[92mINFO [0m:      	       'dp-num-clients-clipped': '7',
[92mINFO [0m:      	       'dp-parameter-count': '364426',
[92mINFO [0m:      	       'dp-signal-update-norm': '2.8562e+00',
[92mINFO [0m:      	       'dp-update-norms-before-clipping': "['1.3753e+01', '1.3790e+01', "
[92mINFO [0m:      	                                          "'1.3983e+01', '1.0536e+01', "
[92mINFO [0m:      	                                          "'9.0880e+00', '1.2450e+01', "
[92mINFO [0m:      	                                          "'1.1220e+01']",
[92mINFO [0m:      	       'metric-dp-aggregation-collapsed': '0.0000e+00',
[92mINFO [0m:      	       'metric-dp-distance': '2.5596e+00',
[92mINFO [0m:      	       'metric-dp-distance-count': '21',
[92mINFO [0m:      	       'metric-dp-distance-invalid': '0.0000e+00',
[92mINFO [0m:      	       'metric-dp-distance-mean': '2.3026e+00',
[92mINFO [0m:      	       'metric-dp-distance-median': '2.3055e+00',
[92mINFO [0m:      	       'metric-dp-distance-min': '1.9181e+00',
[92mINFO [0m:      	       'metric-dp-noise-stdv': '1.2209e-02',
[92mINFO [0m:      	       'metric-dp-pairwise-client-i': "['0', '0', '0', '0', '0', '0', '1', "
[92mINFO [0m:      	                                      "'1', '1', '1', '1', '2', '2', '2', '2', "
[92mINFO [0m:      	                                      "'3', '3', '3', '4', '4', '5']",
[92mINFO [0m:      	       'metric-dp-pairwise-client-j': "['1', '2', '3', '4', '5', '6', '2', "
[92mINFO [0m:      	                                      "'3', '4', '5', '6', '3', '4', '5', '6', "
[92mINFO [0m:      	                                      "'4', '5', '6', '5', '6', '6']",
[92mINFO [0m:      	       'metric-dp-pairwise-distances': "['2.5338e+00', '2.5508e+00', "
[92mINFO [0m:      	                                       "'2.3203e+00', '2.2526e+00', "
[92mINFO [0m:      	                                       "'2.4727e+00', '2.3055e+00', "
[92mINFO [0m:      	                                       "'2.5596e+00', '2.2696e+00', "
[92mINFO [0m:      	                                       "'2.2687e+00', '2.5058e+00', "
[92mINFO [0m:      	                                       "'2.3474e+00', '2.3609e+00', "
[92mINFO [0m:      	                                       "'2.2388e+00', '2.5050e+00', "
[92mINFO [0m:      	                                       "'2.4030e+00', '1.9181e+00', "
[92mINFO [0m:      	                                       "'2.1916e+00', '2.0747e+00', "
[92mINFO [0m:      	                                       "'2.0662e+00', '1.9793e+00', "
[92mINFO [0m:      	                                       "'2.2293e+00']",
[92mINFO [0m:      	       'per-client-num-examples': "['5770', '6243', '6225', '3880', '2928', "
[92mINFO [0m:      	                                  "'4981', '3945']",
[92mINFO [0m:      	       'per-client-train_loss': "['8.2078e-01', '7.6918e-01', '6.8781e-01', "
[92mINFO [0m:      	                                "'7.8624e-01', '8.0518e-01', '8.1460e-01', "
[92mINFO [0m:      	                                "'8.3449e-01']",
[92mINFO [0m:      	       'per-client-train_loss_mean': "['1.0112e+00', '9.4691e-01', "
[92mINFO [0m:      	                                     "'8.7352e-01', '9.6350e-01', "
[92mINFO [0m:      	                                     "'9.6628e-01', '9.8603e-01', "
[92mINFO [0m:      	                                     "'1.0314e+00']",
[92mINFO [0m:      	       'train_loss': '7.8233e-01',
[92mINFO [0m:      	       'train_loss_mean': '9.6349e-01'},
[92mINFO [0m:      	  7: { 'client-ids': "['0', '1', '2', '3', '4', '5', '6']",
[92mINFO [0m:      	       'dp-client-clipped': "['1', '1', '1', '1', '1', '1', '1']",
[92mINFO [0m:      	       'dp-client-ids': "['0', '1', '2', '3', '4', '5', '6']",
[92mINFO [0m:      	       'dp-expected-noise-l2-norm': '7.1352e+00',
[92mINFO [0m:      	       'dp-fraction-clipped': '1.0000e+00',
[92mINFO [0m:      	       'dp-noise-percent-of-signal': '2.6447e+02',
[92mINFO [0m:      	       'dp-noise-to-signal-ratio': '2.6447e+00',
[92mINFO [0m:      	       'dp-num-clients-clipped': '7',
[92mINFO [0m:      	       'dp-parameter-count': '364426',
[92mINFO [0m:      	       'dp-signal-update-norm': '2.6980e+00',
[92mINFO [0m:      	       'dp-update-norms-before-clipping': "['1.3532e+01', '1.4083e+01', "
[92mINFO [0m:      	                                          "'1.4163e+01', '1.1054e+01', "
[92mINFO [0m:      	                                          "'9.4084e+00', '1.2622e+01', "
[92mINFO [0m:      	                                          "'1.1255e+01']",
[92mINFO [0m:      	       'metric-dp-aggregation-collapsed': '0.0000e+00',
[92mINFO [0m:      	       'metric-dp-distance': '2.6439e+00',
[92mINFO [0m:      	       'metric-dp-distance-count': '21',
[92mINFO [0m:      	       'metric-dp-distance-invalid': '0.0000e+00',
[92mINFO [0m:      	       'metric-dp-distance-mean': '2.3666e+00',
[92mINFO [0m:      	       'metric-dp-distance-median': '2.3722e+00',
[92mINFO [0m:      	       'metric-dp-distance-min': '2.0146e+00',
[92mINFO [0m:      	       'metric-dp-noise-stdv': '1.1820e-02',
[92mINFO [0m:      	       'metric-dp-pairwise-client-i': "['0', '0', '0', '0', '0', '0', '1', "
[92mINFO [0m:      	                                      "'1', '1', '1', '1', '2', '2', '2', '2', "
[92mINFO [0m:      	                                      "'3', '3', '3', '4', '4', '5']",
[92mINFO [0m:      	       'metric-dp-pairwise-client-j': "['1', '2', '3', '4', '5', '6', '2', "
[92mINFO [0m:      	                                      "'3', '4', '5', '6', '3', '4', '5', '6', "
[92mINFO [0m:      	                                      "'4', '5', '6', '5', '6', '6']",
[92mINFO [0m:      	       'metric-dp-pairwise-distances': "['2.6003e+00', '2.5980e+00', "
[92mINFO [0m:      	                                       "'2.3722e+00', '2.2820e+00', "
[92mINFO [0m:      	                                       "'2.4985e+00', '2.3455e+00', "
[92mINFO [0m:      	                                       "'2.6439e+00', '2.3791e+00', "
[92mINFO [0m:      	                                       "'2.3454e+00', '2.5509e+00', "
[92mINFO [0m:      	                                       "'2.4070e+00', '2.4663e+00', "
[92mINFO [0m:      	                                       "'2.3051e+00', '2.5479e+00', "
[92mINFO [0m:      	                                       "'2.4490e+00', '2.0325e+00', "
[92mINFO [0m:      	                                       "'2.2932e+00', '2.1483e+00', "
[92mINFO [0m:      	                                       "'2.1336e+00', '2.0146e+00', "
[92mINFO [0m:      	                                       "'2.2844e+00']",
[92mINFO [0m:      	       'per-client-num-examples': "['5770', '6243', '6225', '3880', '2928', "
[92mINFO [0m:      	                                  "'4981', '3945']",
[92mINFO [0m:      	       'per-client-train_loss': "['7.0047e-01', '6.6382e-01', '5.7537e-01', "
[92mINFO [0m:      	                                "'6.7204e-01', '6.6244e-01', '6.8499e-01', "
[92mINFO [0m:      	                                "'7.1851e-01']",
[92mINFO [0m:      	       'per-client-train_loss_mean': "['9.2140e-01', '8.6314e-01', "
[92mINFO [0m:      	                                     "'7.7853e-01', '8.6890e-01', "
[92mINFO [0m:      	                                     "'8.6940e-01', '8.7903e-01', "
[92mINFO [0m:      	                                     "'9.1838e-01']",
[92mINFO [0m:      	       'train_loss': '6.6411e-01',
[92mINFO [0m:      	       'train_loss_mean': '8.6747e-01'},
[92mINFO [0m:      	  8: { 'client-ids': "['0', '1', '2', '3', '4', '5', '6']",
[92mINFO [0m:      	       'dp-client-clipped': "['1', '1', '1', '1', '1', '1', '1']",
[92mINFO [0m:      	       'dp-client-ids': "['0', '1', '2', '3', '4', '5', '6']",
[92mINFO [0m:      	       'dp-expected-noise-l2-norm': '7.1386e+00',
[92mINFO [0m:      	       'dp-fraction-clipped': '1.0000e+00',
[92mINFO [0m:      	       'dp-noise-percent-of-signal': '2.8037e+02',
[92mINFO [0m:      	       'dp-noise-to-signal-ratio': '2.8037e+00',
[92mINFO [0m:      	       'dp-num-clients-clipped': '7',
[92mINFO [0m:      	       'dp-parameter-count': '364426',
[92mINFO [0m:      	       'dp-signal-update-norm': '2.5461e+00',
[92mINFO [0m:      	       'dp-update-norms-before-clipping': "['1.3382e+01', '1.3709e+01', "
[92mINFO [0m:      	                                          "'1.4102e+01', '1.1051e+01', "
[92mINFO [0m:      	                                          "'9.6782e+00', '1.2926e+01', "
[92mINFO [0m:      	                                          "'1.1603e+01']",
[92mINFO [0m:      	       'metric-dp-aggregation-collapsed': '0.0000e+00',
[92mINFO [0m:      	       'metric-dp-distance': '2.6427e+00',
[92mINFO [0m:      	       'metric-dp-distance-count': '21',
[92mINFO [0m:      	       'metric-dp-distance-invalid': '0.0000e+00',
[92mINFO [0m:      	       'metric-dp-distance-mean': '2.3999e+00',
[92mINFO [0m:      	       'metric-dp-distance-median': '2.3801e+00',
[92mINFO [0m:      	       'metric-dp-distance-min': '2.0679e+00',
[92mINFO [0m:      	       'metric-dp-noise-stdv': '1.1825e-02',
[92mINFO [0m:      	       'metric-dp-pairwise-client-i': "['0', '0', '0', '0', '0', '0', '1', "
[92mINFO [0m:      	                                      "'1', '1', '1', '1', '2', '2', '2', '2', "
[92mINFO [0m:      	                                      "'3', '3', '3', '4', '4', '5']",
[92mINFO [0m:      	       'metric-dp-pairwise-client-j': "['1', '2', '3', '4', '5', '6', '2', "
[92mINFO [0m:      	                                      "'3', '4', '5', '6', '3', '4', '5', '6', "
[92mINFO [0m:      	                                      "'4', '5', '6', '5', '6', '6']",
[92mINFO [0m:      	       'metric-dp-pairwise-distances': "['2.5985e+00', '2.6201e+00', "
[92mINFO [0m:      	                                       "'2.3801e+00', '2.3074e+00', "
[92mINFO [0m:      	                                       "'2.5450e+00', '2.3885e+00', "
[92mINFO [0m:      	                                       "'2.6427e+00', '2.3754e+00', "
[92mINFO [0m:      	                                       "'2.3543e+00', '2.5856e+00', "
[92mINFO [0m:      	                                       "'2.4436e+00', '2.4550e+00', "
[92mINFO [0m:      	                                       "'2.3356e+00', '2.5825e+00', "
[92mINFO [0m:      	                                       "'2.4914e+00', '2.0679e+00', "
[92mINFO [0m:      	                                       "'2.3377e+00', '2.2018e+00', "
[92mINFO [0m:      	                                       "'2.2207e+00', '2.0881e+00', "
[92mINFO [0m:      	                                       "'2.3752e+00']",
[92mINFO [0m:      	       'per-client-num-examples': "['5770', '6243', '6225', '3880', '2928', "
[92mINFO [0m:      	                                  "'4981', '3945']",
[92mINFO [0m:      	       'per-client-train_loss': "['6.0894e-01', '5.6833e-01', '4.9341e-01', "
[92mINFO [0m:      	                                "'5.5664e-01', '5.6231e-01', '5.7597e-01', "
[92mINFO [0m:      	                                "'5.9236e-01']",
[92mINFO [0m:      	       'per-client-train_loss_mean': "['8.3055e-01', '7.7033e-01', "
[92mINFO [0m:      	                                     "'6.8835e-01', '7.6766e-01', "
[92mINFO [0m:      	                                     "'7.7373e-01', '7.9647e-01', "
[92mINFO [0m:      	                                     "'8.2162e-01']",
[92mINFO [0m:      	       'train_loss': '5.6356e-01',
[92mINFO [0m:      	       'train_loss_mean': '7.7531e-01'},
[92mINFO [0m:      	  9: { 'client-ids': "['0', '1', '2', '3', '4', '5', '6']",
[92mINFO [0m:      	       'dp-client-clipped': "['1', '1', '1', '1', '1', '1', '1']",
[92mINFO [0m:      	       'dp-client-ids': "['0', '1', '2', '3', '4', '5', '6']",
[92mINFO [0m:      	       'dp-expected-noise-l2-norm': '6.9932e+00',
[92mINFO [0m:      	       'dp-fraction-clipped': '1.0000e+00',
[92mINFO [0m:      	       'dp-noise-percent-of-signal': '2.9072e+02',
[92mINFO [0m:      	       'dp-noise-to-signal-ratio': '2.9072e+00',
[92mINFO [0m:      	       'dp-num-clients-clipped': '7',
[92mINFO [0m:      	       'dp-parameter-count': '364426',
[92mINFO [0m:      	       'dp-signal-update-norm': '2.4054e+00',
[92mINFO [0m:      	       'dp-update-norms-before-clipping': "['1.3265e+01', '1.3880e+01', "
[92mINFO [0m:      	                                          "'1.4149e+01', '1.1177e+01', "
[92mINFO [0m:      	                                          "'9.4474e+00', '1.2934e+01', "
[92mINFO [0m:      	                                          "'1.1738e+01']",
[92mINFO [0m:      	       'metric-dp-aggregation-collapsed': '0.0000e+00',
[92mINFO [0m:      	       'metric-dp-distance': '2.6976e+00',
[92mINFO [0m:      	       'metric-dp-distance-count': '21',
[92mINFO [0m:      	       'metric-dp-distance-invalid': '0.0000e+00',
[92mINFO [0m:      	       'metric-dp-distance-mean': '2.4357e+00',
[92mINFO [0m:      	       'metric-dp-distance-median': '2.4231e+00',
[92mINFO [0m:      	       'metric-dp-distance-min': '2.0873e+00',
[92mINFO [0m:      	       'metric-dp-noise-stdv': '1.1584e-02',
[92mINFO [0m:      	       'metric-dp-pairwise-client-i': "['0', '0', '0', '0', '0', '0', '1', "
[92mINFO [0m:      	                                      "'1', '1', '1', '1', '2', '2', '2', '2', "
[92mINFO [0m:      	                                      "'3', '3', '3', '4', '4', '5']",
[92mINFO [0m:      	       'metric-dp-pairwise-client-j': "['1', '2', '3', '4', '5', '6', '2', "
[92mINFO [0m:      	                                      "'3', '4', '5', '6', '3', '4', '5', '6', "
[92mINFO [0m:      	                                      "'4', '5', '6', '5', '6', '6']",
[92mINFO [0m:      	       'metric-dp-pairwise-distances': "['2.6257e+00', '2.6452e+00', "
[92mINFO [0m:      	                                       "'2.3954e+00', '2.2985e+00', "
[92mINFO [0m:      	                                       "'2.5588e+00', '2.4149e+00', "
[92mINFO [0m:      	                                       "'2.6976e+00', '2.4360e+00', "
[92mINFO [0m:      	                                       "'2.3817e+00', '2.6283e+00', "
[92mINFO [0m:      	                                       "'2.4982e+00', '2.5101e+00', "
[92mINFO [0m:      	                                       "'2.3710e+00', '2.6310e+00', "
[92mINFO [0m:      	                                       "'2.5404e+00', '2.0873e+00', "
[92mINFO [0m:      	                                       "'2.3891e+00', '2.2594e+00', "
[92mINFO [0m:      	                                       "'2.2333e+00', '2.1245e+00', "
[92mINFO [0m:      	                                       "'2.4231e+00']",
[92mINFO [0m:      	       'per-client-num-examples': "['5770', '6243', '6225', '3880', '2928', "
[92mINFO [0m:      	                                  "'4981', '3945']",
[92mINFO [0m:      	       'per-client-train_loss': "['5.0819e-01', '4.7923e-01', '4.2786e-01', "
[92mINFO [0m:      	                                "'4.7399e-01', '4.8279e-01', '5.1254e-01', "
[92mINFO [0m:      	                                "'5.2171e-01']",
[92mINFO [0m:      	       'per-client-train_loss_mean': "['7.3795e-01', '6.8954e-01', "
[92mINFO [0m:      	                                     "'6.2197e-01', '6.9168e-01', "
[92mINFO [0m:      	                                     "'7.0624e-01', '7.2648e-01', "
[92mINFO [0m:      	                                     "'7.4719e-01']",
[92mINFO [0m:      	       'train_loss': '4.8426e-01',
[92mINFO [0m:      	       'train_loss_mean': '6.9918e-01'},
[92mINFO [0m:      	  10: { 'client-ids': "['0', '1', '2', '3', '4', '5', '6']",
[92mINFO [0m:      	        'dp-client-clipped': "['1', '1', '1', '1', '1', '1', '1']",
[92mINFO [0m:      	        'dp-client-ids': "['0', '1', '2', '3', '4', '5', '6']",
[92mINFO [0m:      	        'dp-expected-noise-l2-norm': '6.6761e+00',
[92mINFO [0m:      	        'dp-fraction-clipped': '1.0000e+00',
[92mINFO [0m:      	        'dp-noise-percent-of-signal': '2.9206e+02',
[92mINFO [0m:      	        'dp-noise-to-signal-ratio': '2.9206e+00',
[92mINFO [0m:      	        'dp-num-clients-clipped': '7',
[92mINFO [0m:      	        'dp-parameter-count': '364426',
[92mINFO [0m:      	        'dp-signal-update-norm': '2.2859e+00',
[92mINFO [0m:      	        'dp-update-norms-before-clipping': "['1.4178e+01', '1.4496e+01', "
[92mINFO [0m:      	                                           "'1.4716e+01', '1.1330e+01', "
[92mINFO [0m:      	                                           "'9.7769e+00', '1.2758e+01', "
[92mINFO [0m:      	                                           "'1.1733e+01']",
[92mINFO [0m:      	        'metric-dp-aggregation-collapsed': '0.0000e+00',
[92mINFO [0m:      	        'metric-dp-distance': '2.8257e+00',
[92mINFO [0m:      	        'metric-dp-distance-count': '21',
[92mINFO [0m:      	        'metric-dp-distance-invalid': '0.0000e+00',
[92mINFO [0m:      	        'metric-dp-distance-mean': '2.5198e+00',
[92mINFO [0m:      	        'metric-dp-distance-median': '2.5388e+00',
[92mINFO [0m:      	        'metric-dp-distance-min': '2.1451e+00',
[92mINFO [0m:      	        'metric-dp-noise-stdv': '1.1059e-02',
[92mINFO [0m:      	        'metric-dp-pairwise-client-i': "['0', '0', '0', '0', '0', '0', '1', "
[92mINFO [0m:      	                                       "'1', '1', '1', '1', '2', '2', '2', "
[92mINFO [0m:      	                                       "'2', '3', '3', '3', '4', '4', '5']",
[92mINFO [0m:      	        'metric-dp-pairwise-client-j': "['1', '2', '3', '4', '5', '6', '2', "
[92mINFO [0m:      	                                       "'3', '4', '5', '6', '3', '4', '5', "
[92mINFO [0m:      	                                       "'6', '4', '5', '6', '5', '6', '6']",
[92mINFO [0m:      	        'metric-dp-pairwise-distances': "['2.7948e+00', '2.8145e+00', "
[92mINFO [0m:      	                                        "'2.5399e+00', '2.4311e+00', "
[92mINFO [0m:      	                                        "'2.6610e+00', '2.5388e+00', "
[92mINFO [0m:      	                                        "'2.8257e+00', '2.5198e+00', "
[92mINFO [0m:      	                                        "'2.4737e+00', '2.6886e+00', "
[92mINFO [0m:      	                                        "'2.5713e+00', '2.6090e+00', "
[92mINFO [0m:      	                                        "'2.4742e+00', '2.7051e+00', "
[92mINFO [0m:      	                                        "'2.6252e+00', '2.1451e+00', "
[92mINFO [0m:      	                                        "'2.4014e+00', '2.2870e+00', "
[92mINFO [0m:      	                                        "'2.2506e+00', '2.1453e+00', "
[92mINFO [0m:      	                                        "'2.4144e+00']",
[92mINFO [0m:      	        'per-client-num-examples': "['5770', '6243', '6225', '3880', '2928', "
[92mINFO [0m:      	                                   "'4981', '3945']",
[92mINFO [0m:      	        'per-client-train_loss': "['4.3334e-01', '4.0095e-01', '3.4584e-01', "
[92mINFO [0m:      	                                 "'3.8209e-01', '3.9156e-01', '4.2520e-01', "
[92mINFO [0m:      	                                 "'4.3801e-01']",
[92mINFO [0m:      	        'per-client-train_loss_mean': "['6.6657e-01', '6.2403e-01', "
[92mINFO [0m:      	                                      "'5.6311e-01', '6.1783e-01', "
[92mINFO [0m:      	                                      "'6.2627e-01', '6.5268e-01', "
[92mINFO [0m:      	                                      "'6.7915e-01']",
[92mINFO [0m:      	        'train_loss': '4.0125e-01',
[92mINFO [0m:      	        'train_loss_mean': '6.3018e-01'},
[92mINFO [0m:      	  11: { 'client-ids': "['0', '1', '2', '3', '4', '5', '6']",
[92mINFO [0m:      	        'dp-client-clipped': "['1', '1', '1', '1', '1', '1', '1']",
[92mINFO [0m:      	        'dp-client-ids': "['0', '1', '2', '3', '4', '5', '6']",
[92mINFO [0m:      	        'dp-expected-noise-l2-norm': '6.5350e+00',
[92mINFO [0m:      	        'dp-fraction-clipped': '1.0000e+00',
[92mINFO [0m:      	        'dp-noise-percent-of-signal': '2.9746e+02',
[92mINFO [0m:      	        'dp-noise-to-signal-ratio': '2.9746e+00',
[92mINFO [0m:      	        'dp-num-clients-clipped': '7',
[92mINFO [0m:      	        'dp-parameter-count': '364426',
[92mINFO [0m:      	        'dp-signal-update-norm': '2.1969e+00',
[92mINFO [0m:      	        'dp-update-norms-before-clipping': "['1.4146e+01', '1.5121e+01', "
[92mINFO [0m:      	                                           "'1.4218e+01', '1.1672e+01', "
[92mINFO [0m:      	                                           "'1.0149e+01', '1.3234e+01', "
[92mINFO [0m:      	                                           "'1.2367e+01']",
[92mINFO [0m:      	        'metric-dp-aggregation-collapsed': '0.0000e+00',
[92mINFO [0m:      	        'metric-dp-distance': '2.8868e+00',
[92mINFO [0m:      	        'metric-dp-distance-count': '21',
[92mINFO [0m:      	        'metric-dp-distance-invalid': '0.0000e+00',
[92mINFO [0m:      	        'metric-dp-distance-mean': '2.5837e+00',
[92mINFO [0m:      	        'metric-dp-distance-median': '2.5921e+00',
[92mINFO [0m:      	        'metric-dp-distance-min': '2.2183e+00',
[92mINFO [0m:      	        'metric-dp-noise-stdv': '1.0825e-02',
[92mINFO [0m:      	        'metric-dp-pairwise-client-i': "['0', '0', '0', '0', '0', '0', '1', "
[92mINFO [0m:      	                                       "'1', '1', '1', '1', '2', '2', '2', "
[92mINFO [0m:      	                                       "'2', '3', '3', '3', '4', '4', '5']",
[92mINFO [0m:      	        'metric-dp-pairwise-client-j': "['1', '2', '3', '4', '5', '6', '2', "
[92mINFO [0m:      	                                       "'3', '4', '5', '6', '3', '4', '5', "
[92mINFO [0m:      	                                       "'6', '4', '5', '6', '5', '6', '6']",
[92mINFO [0m:      	        'metric-dp-pairwise-distances': "['2.8624e+00', '2.7850e+00', "
[92mINFO [0m:      	                                        "'2.5782e+00', '2.4649e+00', "
[92mINFO [0m:      	                                        "'2.7093e+00', '2.5921e+00', "
[92mINFO [0m:      	                                        "'2.8868e+00', '2.6342e+00', "
[92mINFO [0m:      	                                        "'2.5868e+00', '2.7969e+00', "
[92mINFO [0m:      	                                        "'2.7022e+00', '2.6104e+00', "
[92mINFO [0m:      	                                        "'2.4542e+00', '2.7211e+00', "
[92mINFO [0m:      	                                        "'2.6482e+00', '2.2183e+00', "
[92mINFO [0m:      	                                        "'2.4938e+00', '2.3860e+00', "
[92mINFO [0m:      	                                        "'2.3401e+00', '2.2538e+00', "
[92mINFO [0m:      	                                        "'2.5329e+00']",
[92mINFO [0m:      	        'per-client-num-examples': "['5770', '6243', '6225', '3880', '2928', "
[92mINFO [0m:      	                                   "'4981', '3945']",
[92mINFO [0m:      	        'per-client-train_loss': "['3.8265e-01', '3.5560e-01', '3.0413e-01', "
[92mINFO [0m:      	                                 "'3.2182e-01', '3.4021e-01', '3.5837e-01', "
[92mINFO [0m:      	                                 "'3.7821e-01']",
[92mINFO [0m:      	        'per-client-train_loss_mean': "['6.0631e-01', '5.6234e-01', "
[92mINFO [0m:      	                                      "'5.0643e-01', '5.4841e-01', "
[92mINFO [0m:      	                                      "'5.7215e-01', '5.9985e-01', "
[92mINFO [0m:      	                                      "'6.1704e-01']",
[92mINFO [0m:      	        'train_loss': '3.4861e-01',
[92mINFO [0m:      	        'train_loss_mean': '5.7067e-01'},
[92mINFO [0m:      	  12: { 'client-ids': "['0', '1', '2', '3', '4', '5', '6']",
[92mINFO [0m:      	        'dp-client-clipped': "['1', '1', '1', '1', '1', '1', '1']",
[92mINFO [0m:      	        'dp-client-ids': "['0', '1', '2', '3', '4', '5', '6']",
[92mINFO [0m:      	        'dp-expected-noise-l2-norm': '6.4516e+00',
[92mINFO [0m:      	        'dp-fraction-clipped': '1.0000e+00',
[92mINFO [0m:      	        'dp-noise-percent-of-signal': '3.0236e+02',
[92mINFO [0m:      	        'dp-noise-to-signal-ratio': '3.0236e+00',
[92mINFO [0m:      	        'dp-num-clients-clipped': '7',
[92mINFO [0m:      	        'dp-parameter-count': '364426',
[92mINFO [0m:      	        'dp-signal-update-norm': '2.1337e+00',
[92mINFO [0m:      	        'dp-update-norms-before-clipping': "['1.4326e+01', '1.4663e+01', "
[92mINFO [0m:      	                                           "'1.4974e+01', '1.1317e+01', "
[92mINFO [0m:      	                                           "'1.0353e+01', '1.3305e+01', "
[92mINFO [0m:      	                                           "'1.2288e+01']",
[92mINFO [0m:      	        'metric-dp-aggregation-collapsed': '0.0000e+00',
[92mINFO [0m:      	        'metric-dp-distance': '2.9241e+00',
[92mINFO [0m:      	        'metric-dp-distance-count': '21',
[92mINFO [0m:      	        'metric-dp-distance-invalid': '0.0000e+00',
[92mINFO [0m:      	        'metric-dp-distance-mean': '2.6004e+00',
[92mINFO [0m:      	        'metric-dp-distance-median': '2.5792e+00',
[92mINFO [0m:      	        'metric-dp-distance-min': '2.1930e+00',
[92mINFO [0m:      	        'metric-dp-noise-stdv': '1.0687e-02',
[92mINFO [0m:      	        'metric-dp-pairwise-client-i': "['0', '0', '0', '0', '0', '0', '1', "
[92mINFO [0m:      	                                       "'1', '1', '1', '1', '2', '2', '2', "
[92mINFO [0m:      	                                       "'2', '3', '3', '3', '4', '4', '5']",
[92mINFO [0m:      	        'metric-dp-pairwise-client-j': "['1', '2', '3', '4', '5', '6', '2', "
[92mINFO [0m:      	                                       "'3', '4', '5', '6', '3', '4', '5', "
[92mINFO [0m:      	                                       "'6', '4', '5', '6', '5', '6', '6']",
[92mINFO [0m:      	        'metric-dp-pairwise-distances': "['2.8772e+00', '2.8762e+00', "
[92mINFO [0m:      	                                        "'2.5792e+00', '2.5032e+00', "
[92mINFO [0m:      	                                        "'2.7401e+00', '2.6190e+00', "
[92mINFO [0m:      	                                        "'2.9241e+00', '2.5778e+00', "
[92mINFO [0m:      	                                        "'2.5601e+00', '2.7862e+00', "
[92mINFO [0m:      	                                        "'2.6693e+00', '2.6445e+00', "
[92mINFO [0m:      	                                        "'2.5497e+00', '2.7897e+00', "
[92mINFO [0m:      	                                        "'2.7022e+00', '2.1930e+00', "
[92mINFO [0m:      	                                        "'2.4728e+00', '2.3578e+00', "
[92mINFO [0m:      	                                        "'2.3737e+00', '2.2704e+00', "
[92mINFO [0m:      	                                        "'2.5431e+00']",
[92mINFO [0m:      	        'per-client-num-examples': "['5770', '6243', '6225', '3880', '2928', "
[92mINFO [0m:      	                                   "'4981', '3945']",
[92mINFO [0m:      	        'per-client-train_loss': "['3.1589e-01', '3.1593e-01', '2.4336e-01', "
[92mINFO [0m:      	                                 "'2.7028e-01', '2.6443e-01', '3.1878e-01', "
[92mINFO [0m:      	                                 "'3.0349e-01']",
[92mINFO [0m:      	        'per-client-train_loss_mean': "['5.5523e-01', '5.2007e-01', "
[92mINFO [0m:      	                                      "'4.5398e-01', '5.1210e-01', "
[92mINFO [0m:      	                                      "'5.1340e-01', '5.4821e-01', "
[92mINFO [0m:      	                                      "'5.5723e-01']",
[92mINFO [0m:      	        'train_loss': '2.9195e-01',
[92mINFO [0m:      	        'train_loss_mean': '5.2089e-01'},
[92mINFO [0m:      	  13: { 'client-ids': "['0', '1', '2', '3', '4', '5', '6']",
[92mINFO [0m:      	        'dp-client-clipped': "['1', '1', '1', '1', '1', '1', '1']",
[92mINFO [0m:      	        'dp-client-ids': "['0', '1', '2', '3', '4', '5', '6']",
[92mINFO [0m:      	        'dp-expected-noise-l2-norm': '6.4313e+00',
[92mINFO [0m:      	        'dp-fraction-clipped': '1.0000e+00',
[92mINFO [0m:      	        'dp-noise-percent-of-signal': '3.0815e+02',
[92mINFO [0m:      	        'dp-noise-to-signal-ratio': '3.0815e+00',
[92mINFO [0m:      	        'dp-num-clients-clipped': '7',
[92mINFO [0m:      	        'dp-parameter-count': '364426',
[92mINFO [0m:      	        'dp-signal-update-norm': '2.0871e+00',
[92mINFO [0m:      	        'dp-update-norms-before-clipping': "['1.4514e+01', '1.5082e+01', "
[92mINFO [0m:      	                                           "'1.4752e+01', '1.1587e+01', "
[92mINFO [0m:      	                                           "'1.0209e+01', '1.4052e+01', "
[92mINFO [0m:      	                                           "'1.2380e+01']",
[92mINFO [0m:      	        'metric-dp-aggregation-collapsed': '0.0000e+00',
[92mINFO [0m:      	        'metric-dp-distance': '2.9333e+00',
[92mINFO [0m:      	        'metric-dp-distance-count': '21',
[92mINFO [0m:      	        'metric-dp-distance-invalid': '0.0000e+00',
[92mINFO [0m:      	        'metric-dp-distance-mean': '2.6440e+00',
[92mINFO [0m:      	        'metric-dp-distance-median': '2.6526e+00',
[92mINFO [0m:      	        'metric-dp-distance-min': '2.2126e+00',
[92mINFO [0m:      	        'metric-dp-noise-stdv': '1.0654e-02',
[92mINFO [0m:      	        'metric-dp-pairwise-client-i': "['0', '0', '0', '0', '0', '0', '1', "
[92mINFO [0m:      	                                       "'1', '1', '1', '1', '2', '2', '2', "
[92mINFO [0m:      	                                       "'2', '3', '3', '3', '4', '4', '5']",
[92mINFO [0m:      	        'metric-dp-pairwise-client-j': "['1', '2', '3', '4', '5', '6', '2', "
[92mINFO [0m:      	                                       "'3', '4', '5', '6', '3', '4', '5', "
[92mINFO [0m:      	                                       "'6', '4', '5', '6', '5', '6', '6']",
[92mINFO [0m:      	        'metric-dp-pairwise-distances': "['2.9333e+00', '2.8984e+00', "
[92mINFO [0m:      	                                        "'2.6258e+00', '2.5194e+00', "
[92mINFO [0m:      	                                        "'2.8443e+00', '2.6766e+00', "
[92mINFO [0m:      	                                        "'2.9320e+00', '2.6526e+00', "
[92mINFO [0m:      	                                        "'2.5923e+00', '2.8843e+00', "
[92mINFO [0m:      	                                        "'2.7250e+00', '2.6545e+00', "
[92mINFO [0m:      	                                        "'2.5175e+00', '2.8363e+00', "
[92mINFO [0m:      	                                        "'2.6989e+00', '2.2126e+00', "
[92mINFO [0m:      	                                        "'2.5826e+00', '2.4042e+00', "
[92mINFO [0m:      	                                        "'2.4374e+00', '2.2647e+00', "
[92mINFO [0m:      	                                        "'2.6309e+00']",
[92mINFO [0m:      	        'per-client-num-examples': "['5770', '6243', '6225', '3880', '2928', "
[92mINFO [0m:      	                                   "'4981', '3945']",
[92mINFO [0m:      	        'per-client-train_loss': "['2.8860e-01', '2.6037e-01', '2.1526e-01', "
[92mINFO [0m:      	                                 "'2.3618e-01', '2.4135e-01', '2.8147e-01', "
[92mINFO [0m:      	                                 "'2.6669e-01']",
[92mINFO [0m:      	        'per-client-train_loss_mean': "['5.0715e-01', '4.7104e-01', "
[92mINFO [0m:      	                                      "'4.0806e-01', '4.5944e-01', "
[92mINFO [0m:      	                                      "'4.7703e-01', '5.0834e-01', "
[92mINFO [0m:      	                                      "'5.1043e-01']",
[92mINFO [0m:      	        'train_loss': '2.5632e-01',
[92mINFO [0m:      	        'train_loss_mean': '4.7486e-01'},
[92mINFO [0m:      	  14: { 'client-ids': "['0', '1', '2', '3', '4', '5', '6']",
[92mINFO [0m:      	        'dp-client-clipped': "['1', '1', '1', '1', '1', '1', '1']",
[92mINFO [0m:      	        'dp-client-ids': "['0', '1', '2', '3', '4', '5', '6']",
[92mINFO [0m:      	        'dp-expected-noise-l2-norm': '6.3348e+00',
[92mINFO [0m:      	        'dp-fraction-clipped': '1.0000e+00',
[92mINFO [0m:      	        'dp-noise-percent-of-signal': '3.0599e+02',
[92mINFO [0m:      	        'dp-noise-to-signal-ratio': '3.0599e+00',
[92mINFO [0m:      	        'dp-num-clients-clipped': '7',
[92mINFO [0m:      	        'dp-parameter-count': '364426',
[92mINFO [0m:      	        'dp-signal-update-norm': '2.0703e+00',
[92mINFO [0m:      	        'dp-update-norms-before-clipping': "['1.5076e+01', '1.5002e+01', "
[92mINFO [0m:      	                                           "'1.4884e+01', '1.1602e+01', "
[92mINFO [0m:      	                                           "'1.0848e+01', '1.3778e+01', "
[92mINFO [0m:      	                                           "'1.2387e+01']",
[92mINFO [0m:      	        'metric-dp-aggregation-collapsed': '0.0000e+00',
[92mINFO [0m:      	        'metric-dp-distance': '2.9780e+00',
[92mINFO [0m:      	        'metric-dp-distance-count': '21',
[92mINFO [0m:      	        'metric-dp-distance-invalid': '0.0000e+00',
[92mINFO [0m:      	        'metric-dp-distance-mean': '2.6676e+00',
[92mINFO [0m:      	        'metric-dp-distance-median': '2.6670e+00',
[92mINFO [0m:      	        'metric-dp-distance-min': '2.2685e+00',
[92mINFO [0m:      	        'metric-dp-noise-stdv': '1.0494e-02',
[92mINFO [0m:      	        'metric-dp-pairwise-client-i': "['0', '0', '0', '0', '0', '0', '1', "
[92mINFO [0m:      	                                       "'1', '1', '1', '1', '2', '2', '2', "
[92mINFO [0m:      	                                       "'2', '3', '3', '3', '4', '4', '5']",
[92mINFO [0m:      	        'metric-dp-pairwise-client-j': "['1', '2', '3', '4', '5', '6', '2', "
[92mINFO [0m:      	                                       "'3', '4', '5', '6', '3', '4', '5', "
[92mINFO [0m:      	                                       "'6', '4', '5', '6', '5', '6', '6']",
[92mINFO [0m:      	        'metric-dp-pairwise-distances': "['2.9780e+00', '2.9556e+00', "
[92mINFO [0m:      	                                        "'2.6784e+00', '2.6071e+00', "
[92mINFO [0m:      	                                        "'2.8542e+00', '2.7019e+00', "
[92mINFO [0m:      	                                        "'2.9486e+00', '2.6548e+00', "
[92mINFO [0m:      	                                        "'2.6260e+00', '2.8754e+00', "
[92mINFO [0m:      	                                        "'2.7193e+00', '2.6670e+00', "
[92mINFO [0m:      	                                        "'2.5902e+00', '2.8497e+00', "
[92mINFO [0m:      	                                        "'2.7256e+00', '2.2685e+00', "
[92mINFO [0m:      	                                        "'2.5576e+00', '2.3881e+00', "
[92mINFO [0m:      	                                        "'2.4717e+00', '2.3217e+00', "
[92mINFO [0m:      	                                        "'2.5795e+00']",
[92mINFO [0m:      	        'per-client-num-examples': "['5770', '6243', '6225', '3880', '2928', "
[92mINFO [0m:      	                                   "'4981', '3945']",
[92mINFO [0m:      	        'per-client-train_loss': "['2.4031e-01', '2.3471e-01', '2.2437e-01', "
[92mINFO [0m:      	                                 "'1.8722e-01', '2.0108e-01', '2.3876e-01', "
[92mINFO [0m:      	                                 "'2.2604e-01']",
[92mINFO [0m:      	        'per-client-train_loss_mean': "['4.6082e-01', '4.3313e-01', "
[92mINFO [0m:      	                                      "'3.7615e-01', '4.2250e-01', "
[92mINFO [0m:      	                                      "'4.4269e-01', '4.6010e-01', "
[92mINFO [0m:      	                                      "'4.7596e-01']",
[92mINFO [0m:      	        'train_loss': '2.2503e-01',
[92mINFO [0m:      	        'train_loss_mean': '4.3593e-01'},
[92mINFO [0m:      	  15: { 'client-ids': "['0', '1', '2', '3', '4', '5', '6']",
[92mINFO [0m:      	        'dp-client-clipped': "['1', '1', '1', '1', '1', '1', '1']",
[92mINFO [0m:      	        'dp-client-ids': "['0', '1', '2', '3', '4', '5', '6']",
[92mINFO [0m:      	        'dp-expected-noise-l2-norm': '6.2859e+00',
[92mINFO [0m:      	        'dp-fraction-clipped': '1.0000e+00',
[92mINFO [0m:      	        'dp-noise-percent-of-signal': '3.0989e+02',
[92mINFO [0m:      	        'dp-noise-to-signal-ratio': '3.0989e+00',
[92mINFO [0m:      	        'dp-num-clients-clipped': '7',
[92mINFO [0m:      	        'dp-parameter-count': '364426',
[92mINFO [0m:      	        'dp-signal-update-norm': '2.0285e+00',
[92mINFO [0m:      	        'dp-update-norms-before-clipping': "['1.4838e+01', '1.4986e+01', "
[92mINFO [0m:      	                                           "'1.5453e+01', '1.1840e+01', "
[92mINFO [0m:      	                                           "'1.0590e+01', '1.3866e+01', "
[92mINFO [0m:      	                                           "'1.2641e+01']",
[92mINFO [0m:      	        'metric-dp-aggregation-collapsed': '0.0000e+00',
[92mINFO [0m:      	        'metric-dp-distance': '3.0012e+00',
[92mINFO [0m:      	        'metric-dp-distance-count': '21',
[92mINFO [0m:      	        'metric-dp-distance-invalid': '0.0000e+00',
[92mINFO [0m:      	        'metric-dp-distance-mean': '2.6899e+00',
[92mINFO [0m:      	        'metric-dp-distance-median': '2.6877e+00',
[92mINFO [0m:      	        'metric-dp-distance-min': '2.2785e+00',
[92mINFO [0m:      	        'metric-dp-noise-stdv': '1.0413e-02',
[92mINFO [0m:      	        'metric-dp-pairwise-client-i': "['0', '0', '0', '0', '0', '0', '1', "
[92mINFO [0m:      	                                       "'1', '1', '1', '1', '2', '2', '2', "
[92mINFO [0m:      	                                       "'2', '3', '3', '3', '4', '4', '5']",
[92mINFO [0m:      	        'metric-dp-pairwise-client-j': "['1', '2', '3', '4', '5', '6', '2', "
[92mINFO [0m:      	                                       "'3', '4', '5', '6', '3', '4', '5', "
[92mINFO [0m:      	                                       "'6', '4', '5', '6', '5', '6', '6']",
[92mINFO [0m:      	        'metric-dp-pairwise-distances': "['2.9421e+00', '2.9873e+00', "
[92mINFO [0m:      	                                        "'2.6877e+00', '2.5726e+00', "
[92mINFO [0m:      	                                        "'2.8518e+00', '2.7180e+00', "
[92mINFO [0m:      	                                        "'3.0012e+00', '2.6683e+00', "
[92mINFO [0m:      	                                        "'2.6186e+00', '2.8791e+00', "
[92mINFO [0m:      	                                        "'2.7407e+00', '2.7496e+00', "
[92mINFO [0m:      	                                        "'2.6296e+00', '2.9040e+00', "
[92mINFO [0m:      	                                        "'2.7986e+00', '2.2785e+00', "
[92mINFO [0m:      	                                        "'2.6005e+00', '2.4510e+00', "
[92mINFO [0m:      	                                        "'2.4477e+00', '2.3317e+00', "
[92mINFO [0m:      	                                        "'2.6294e+00']",
[92mINFO [0m:      	        'per-client-num-examples': "['5770', '6243', '6225', '3880', '2928', "
[92mINFO [0m:      	                                   "'4981', '3945']",
[92mINFO [0m:      	        'per-client-train_loss': "['2.1749e-01', '2.2875e-01', '1.7590e-01', "
[92mINFO [0m:      	                                 "'1.6401e-01', '1.8812e-01', '2.0532e-01', "
[92mINFO [0m:      	                                 "'2.0774e-01']",
[92mINFO [0m:      	        'per-client-train_loss_mean': "['4.2126e-01', '4.0291e-01', "
[92mINFO [0m:      	                                      "'3.5088e-01', '3.8860e-01', "
[92mINFO [0m:      	                                      "'4.0763e-01', '4.3251e-01', "
[92mINFO [0m:      	                                      "'4.3823e-01']",
[92mINFO [0m:      	        'train_loss': '2.0038e-01',
[92mINFO [0m:      	        'train_loss_mean': '4.0371e-01'},
[92mINFO [0m:      	  16: { 'client-ids': "['0', '1', '2', '3', '4', '5', '6']",
[92mINFO [0m:      	        'dp-client-clipped': "['1', '1', '1', '1', '1', '1', '1']",
[92mINFO [0m:      	        'dp-client-ids': "['0', '1', '2', '3', '4', '5', '6']",
[92mINFO [0m:      	        'dp-expected-noise-l2-norm': '6.2346e+00',
[92mINFO [0m:      	        'dp-fraction-clipped': '1.0000e+00',
[92mINFO [0m:      	        'dp-noise-percent-of-signal': '3.0992e+02',
[92mINFO [0m:      	        'dp-noise-to-signal-ratio': '3.0992e+00',
[92mINFO [0m:      	        'dp-num-clients-clipped': '7',
[92mINFO [0m:      	        'dp-parameter-count': '364426',
[92mINFO [0m:      	        'dp-signal-update-norm': '2.0117e+00',
[92mINFO [0m:      	        'dp-update-norms-before-clipping': "['1.4905e+01', '1.5482e+01', "
[92mINFO [0m:      	                                           "'1.5040e+01', '1.1414e+01', "
[92mINFO [0m:      	                                           "'1.0534e+01', '1.3752e+01', "
[92mINFO [0m:      	                                           "'1.2714e+01']",
[92mINFO [0m:      	        'metric-dp-aggregation-collapsed': '0.0000e+00',
[92mINFO [0m:      	        'metric-dp-distance': '3.0259e+00',
[92mINFO [0m:      	        'metric-dp-distance-count': '21',
[92mINFO [0m:      	        'metric-dp-distance-invalid': '0.0000e+00',
[92mINFO [0m:      	        'metric-dp-distance-mean': '2.6794e+00',
[92mINFO [0m:      	        'metric-dp-distance-median': '2.6734e+00',
[92mINFO [0m:      	        'metric-dp-distance-min': '2.2335e+00',
[92mINFO [0m:      	        'metric-dp-noise-stdv': '1.0328e-02',
[92mINFO [0m:      	        'metric-dp-pairwise-client-i': "['0', '0', '0', '0', '0', '0', '1', "
[92mINFO [0m:      	                                       "'1', '1', '1', '1', '2', '2', '2', "
[92mINFO [0m:      	                                       "'2', '3', '3', '3', '4', '4', '5']",
[92mINFO [0m:      	        'metric-dp-pairwise-client-j': "['1', '2', '3', '4', '5', '6', '2', "
[92mINFO [0m:      	                                       "'3', '4', '5', '6', '3', '4', '5', "
[92mINFO [0m:      	                                       "'6', '4', '5', '6', '5', '6', '6']",
[92mINFO [0m:      	        'metric-dp-pairwise-distances': "['3.0133e+00', '2.9538e+00', "
[92mINFO [0m:      	                                        "'2.6464e+00', '2.5692e+00', "
[92mINFO [0m:      	                                        "'2.8467e+00', '2.7062e+00', "
[92mINFO [0m:      	                                        "'3.0259e+00', '2.6988e+00', "
[92mINFO [0m:      	                                        "'2.6734e+00', '2.9237e+00', "
[92mINFO [0m:      	                                        "'2.7920e+00', '2.6688e+00', "
[92mINFO [0m:      	                                        "'2.5791e+00', '2.8564e+00', "
[92mINFO [0m:      	                                        "'2.7459e+00', '2.2335e+00', "
[92mINFO [0m:      	                                        "'2.5449e+00', '2.4191e+00', "
[92mINFO [0m:      	                                        "'2.4328e+00', '2.3178e+00', "
[92mINFO [0m:      	                                        "'2.6207e+00']",
[92mINFO [0m:      	        'per-client-num-examples': "['5770', '6243', '6225', '3880', '2928', "
[92mINFO [0m:      	                                   "'4981', '3945']",
[92mINFO [0m:      	        'per-client-train_loss': "['1.7016e-01', '2.3669e-01', '1.6917e-01', "
[92mINFO [0m:      	                                 "'1.6212e-01', '1.4908e-01', '2.0837e-01', "
[92mINFO [0m:      	                                 "'1.9138e-01']",
[92mINFO [0m:      	        'per-client-train_loss_mean': "['3.9102e-01', '3.7464e-01', "
[92mINFO [0m:      	                                      "'3.2681e-01', '3.5640e-01', "
[92mINFO [0m:      	                                      "'3.7867e-01', '4.1270e-01', "
[92mINFO [0m:      	                                      "'4.1047e-01']",
[92mINFO [0m:      	        'train_loss': '1.8754e-01',
[92mINFO [0m:      	        'train_loss_mean': '3.7666e-01'},
[92mINFO [0m:      	  17: { 'client-ids': "['0', '1', '2', '3', '4', '5', '6']",
[92mINFO [0m:      	        'dp-client-clipped': "['1', '1', '1', '1', '1', '1', '1']",
[92mINFO [0m:      	        'dp-client-ids': "['0', '1', '2', '3', '4', '5', '6']",
[92mINFO [0m:      	        'dp-expected-noise-l2-norm': '6.3632e+00',
[92mINFO [0m:      	        'dp-fraction-clipped': '1.0000e+00',
[92mINFO [0m:      	        'dp-noise-percent-of-signal': '3.1849e+02',
[92mINFO [0m:      	        'dp-noise-to-signal-ratio': '3.1849e+00',
[92mINFO [0m:      	        'dp-num-clients-clipped': '7',
[92mINFO [0m:      	        'dp-parameter-count': '364426',
[92mINFO [0m:      	        'dp-signal-update-norm': '1.9979e+00',
[92mINFO [0m:      	        'dp-update-norms-before-clipping': "['1.4633e+01', '1.5394e+01', "
[92mINFO [0m:      	                                           "'1.4544e+01', '1.1710e+01', "
[92mINFO [0m:      	                                           "'1.0572e+01', '1.4257e+01', "
[92mINFO [0m:      	                                           "'1.2291e+01']",
[92mINFO [0m:      	        'metric-dp-aggregation-collapsed': '0.0000e+00',
[92mINFO [0m:      	        'metric-dp-distance': '2.9647e+00',
[92mINFO [0m:      	        'metric-dp-distance-count': '21',
[92mINFO [0m:      	        'metric-dp-distance-invalid': '0.0000e+00',
[92mINFO [0m:      	        'metric-dp-distance-mean': '2.6609e+00',
[92mINFO [0m:      	        'metric-dp-distance-median': '2.6542e+00',
[92mINFO [0m:      	        'metric-dp-distance-min': '2.2549e+00',
[92mINFO [0m:      	        'metric-dp-noise-stdv': '1.0541e-02',
[92mINFO [0m:      	        'metric-dp-pairwise-client-i': "['0', '0', '0', '0', '0', '0', '1', "
[92mINFO [0m:      	                                       "'1', '1', '1', '1', '2', '2', '2', "
[92mINFO [0m:      	                                       "'2', '3', '3', '3', '4', '4', '5']",
[92mINFO [0m:      	        'metric-dp-pairwise-client-j': "['1', '2', '3', '4', '5', '6', '2', "
[92mINFO [0m:      	                                       "'3', '4', '5', '6', '3', '4', '5', "
[92mINFO [0m:      	                                       "'6', '4', '5', '6', '5', '6', '6']",
[92mINFO [0m:      	        'metric-dp-pairwise-distances': "['2.9647e+00', '2.9016e+00', "
[92mINFO [0m:      	                                        "'2.6323e+00', '2.5398e+00', "
[92mINFO [0m:      	                                        "'2.8474e+00', '2.6545e+00', "
[92mINFO [0m:      	                                        "'2.9631e+00', '2.6986e+00', "
[92mINFO [0m:      	                                        "'2.6235e+00', '2.9237e+00', "
[92mINFO [0m:      	                                        "'2.7411e+00', '2.6542e+00', "
[92mINFO [0m:      	                                        "'2.5413e+00', '2.8477e+00', "
[92mINFO [0m:      	                                        "'2.6890e+00', '2.2549e+00', "
[92mINFO [0m:      	                                        "'2.6121e+00', '2.4105e+00', "
[92mINFO [0m:      	                                        "'2.4694e+00', '2.2831e+00', "
[92mINFO [0m:      	                                        "'2.6273e+00']",
[92mINFO [0m:      	        'per-client-num-examples': "['5770', '6243', '6225', '3880', '2928', "
[92mINFO [0m:      	                                   "'4981', '3945']",
[92mINFO [0m:      	        'per-client-train_loss': "['1.6555e-01', '1.7707e-01', '1.5429e-01', "
[92mINFO [0m:      	                                 "'1.6749e-01', '1.4841e-01', '1.7278e-01', "
[92mINFO [0m:      	                                 "'1.5682e-01']",
[92mINFO [0m:      	        'per-client-train_loss_mean': "['3.6275e-01', '3.3998e-01', "
[92mINFO [0m:      	                                      "'3.0072e-01', '3.4712e-01', "
[92mINFO [0m:      	                                      "'3.6865e-01', '3.7602e-01', "
[92mINFO [0m:      	                                      "'3.8184e-01']",
[92mINFO [0m:      	        'train_loss': '1.6439e-01',
[92mINFO [0m:      	        'train_loss_mean': '3.5009e-01'},
[92mINFO [0m:      	  18: { 'client-ids': "['0', '1', '2', '3', '4', '5', '6']",
[92mINFO [0m:      	        'dp-client-clipped': "['1', '1', '1', '1', '1', '1', '1']",
[92mINFO [0m:      	        'dp-client-ids': "['0', '1', '2', '3', '4', '5', '6']",
[92mINFO [0m:      	        'dp-expected-noise-l2-norm': '6.3149e+00',
[92mINFO [0m:      	        'dp-fraction-clipped': '1.0000e+00',
[92mINFO [0m:      	        'dp-noise-percent-of-signal': '3.1864e+02',
[92mINFO [0m:      	        'dp-noise-to-signal-ratio': '3.1864e+00',
[92mINFO [0m:      	        'dp-num-clients-clipped': '7',
[92mINFO [0m:      	        'dp-parameter-count': '364426',
[92mINFO [0m:      	        'dp-signal-update-norm': '1.9818e+00',
[92mINFO [0m:      	        'dp-update-norms-before-clipping': "['1.4654e+01', '1.5255e+01', "
[92mINFO [0m:      	                                           "'1.4875e+01', '1.2253e+01', "
[92mINFO [0m:      	                                           "'1.0613e+01', '1.4337e+01', "
[92mINFO [0m:      	                                           "'1.2898e+01']",
[92mINFO [0m:      	        'metric-dp-aggregation-collapsed': '0.0000e+00',
[92mINFO [0m:      	        'metric-dp-distance': '2.9874e+00',
[92mINFO [0m:      	        'metric-dp-distance-count': '21',
[92mINFO [0m:      	        'metric-dp-distance-invalid': '0.0000e+00',
[92mINFO [0m:      	        'metric-dp-distance-mean': '2.7005e+00',
[92mINFO [0m:      	        'metric-dp-distance-median': '2.7075e+00',
[92mINFO [0m:      	        'metric-dp-distance-min': '2.3029e+00',
[92mINFO [0m:      	        'metric-dp-noise-stdv': '1.0461e-02',
[92mINFO [0m:      	        'metric-dp-pairwise-client-i': "['0', '0', '0', '0', '0', '0', '1', "
[92mINFO [0m:      	                                       "'1', '1', '1', '1', '2', '2', '2', "
[92mINFO [0m:      	                                       "'2', '3', '3', '3', '4', '4', '5']",
[92mINFO [0m:      	        'metric-dp-pairwise-client-j': "['1', '2', '3', '4', '5', '6', '2', "
[92mINFO [0m:      	                                       "'3', '4', '5', '6', '3', '4', '5', "
[92mINFO [0m:      	                                       "'6', '4', '5', '6', '5', '6', '6']",
[92mINFO [0m:      	        'metric-dp-pairwise-distances': "['2.9721e+00', '2.9234e+00', "
[92mINFO [0m:      	                                        "'2.6877e+00', '2.5444e+00', "
[92mINFO [0m:      	                                        "'2.8761e+00', '2.7041e+00', "
[92mINFO [0m:      	                                        "'2.9874e+00', '2.7123e+00', "
[92mINFO [0m:      	                                        "'2.6373e+00', '2.9412e+00', "
[92mINFO [0m:      	                                        "'2.7879e+00', '2.7141e+00', "
[92mINFO [0m:      	                                        "'2.5579e+00', '2.8923e+00', "
[92mINFO [0m:      	                                        "'2.7482e+00', '2.3029e+00', "
[92mINFO [0m:      	                                        "'2.6618e+00', '2.5059e+00', "
[92mINFO [0m:      	                                        "'2.5007e+00', '2.3448e+00', "
[92mINFO [0m:      	                                        "'2.7075e+00']",
[92mINFO [0m:      	        'per-client-num-examples': "['5770', '6243', '6225', '3880', '2928', "
[92mINFO [0m:      	                                   "'4981', '3945']",
[92mINFO [0m:      	        'per-client-train_loss': "['1.6227e-01', '1.5311e-01', '1.3823e-01', "
[92mINFO [0m:      	                                 "'1.4754e-01', '1.2708e-01', '1.7582e-01', "
[92mINFO [0m:      	                                 "'1.3815e-01']",
[92mINFO [0m:      	        'per-client-train_loss_mean': "['3.4495e-01', '3.1261e-01', "
[92mINFO [0m:      	                                      "'2.7390e-01', '3.2009e-01', "
[92mINFO [0m:      	                                      "'3.2975e-01', '3.4621e-01', "
[92mINFO [0m:      	                                      "'3.5440e-01']",
[92mINFO [0m:      	        'train_loss': '1.5065e-01',
[92mINFO [0m:      	        'train_loss_mean': '3.2312e-01'},
[92mINFO [0m:      	  19: { 'client-ids': "['0', '1', '2', '3', '4', '5', '6']",
[92mINFO [0m:      	        'dp-client-clipped': "['1', '1', '1', '1', '1', '1', '1']",
[92mINFO [0m:      	        'dp-client-ids': "['0', '1', '2', '3', '4', '5', '6']",
[92mINFO [0m:      	        'dp-expected-noise-l2-norm': '6.3878e+00',
[92mINFO [0m:      	        'dp-fraction-clipped': '1.0000e+00',
[92mINFO [0m:      	        'dp-noise-percent-of-signal': '3.2364e+02',
[92mINFO [0m:      	        'dp-noise-to-signal-ratio': '3.2364e+00',
[92mINFO [0m:      	        'dp-num-clients-clipped': '7',
[92mINFO [0m:      	        'dp-parameter-count': '364426',
[92mINFO [0m:      	        'dp-signal-update-norm': '1.9737e+00',
[92mINFO [0m:      	        'dp-update-norms-before-clipping': "['1.4858e+01', '1.4894e+01', "
[92mINFO [0m:      	                                           "'1.4799e+01', '1.2353e+01', "
[92mINFO [0m:      	                                           "'1.0681e+01', '1.4203e+01', "
[92mINFO [0m:      	                                           "'1.2613e+01']",
[92mINFO [0m:      	        'metric-dp-aggregation-collapsed': '0.0000e+00',
[92mINFO [0m:      	        'metric-dp-distance': '2.9533e+00',
[92mINFO [0m:      	        'metric-dp-distance-count': '21',
[92mINFO [0m:      	        'metric-dp-distance-invalid': '0.0000e+00',
[92mINFO [0m:      	        'metric-dp-distance-mean': '2.6827e+00',
[92mINFO [0m:      	        'metric-dp-distance-median': '2.7060e+00',
[92mINFO [0m:      	        'metric-dp-distance-min': '2.3124e+00',
[92mINFO [0m:      	        'metric-dp-noise-stdv': '1.0581e-02',
[92mINFO [0m:      	        'metric-dp-pairwise-client-i': "['0', '0', '0', '0', '0', '0', '1', "
[92mINFO [0m:      	                                       "'1', '1', '1', '1', '2', '2', '2', "
[92mINFO [0m:      	                                       "'2', '3', '3', '3', '4', '4', '5']",
[92mINFO [0m:      	        'metric-dp-pairwise-client-j': "['1', '2', '3', '4', '5', '6', '2', "
[92mINFO [0m:      	                                       "'3', '4', '5', '6', '3', '4', '5', "
[92mINFO [0m:      	                                       "'6', '4', '5', '6', '5', '6', '6']",
[92mINFO [0m:      	        'metric-dp-pairwise-distances': "['2.9533e+00', '2.9409e+00', "
[92mINFO [0m:      	                                        "'2.7197e+00', '2.5777e+00', "
[92mINFO [0m:      	                                        "'2.8646e+00', '2.7183e+00', "
[92mINFO [0m:      	                                        "'2.9469e+00', '2.6904e+00', "
[92mINFO [0m:      	                                        "'2.5984e+00', '2.8890e+00', "
[92mINFO [0m:      	                                        "'2.7277e+00', '2.7060e+00', "
[92mINFO [0m:      	                                        "'2.5516e+00', '2.8601e+00', "
[92mINFO [0m:      	                                        "'2.7362e+00', '2.3124e+00', "
[92mINFO [0m:      	                                        "'2.6379e+00', '2.4813e+00', "
[92mINFO [0m:      	                                        "'2.4654e+00', '2.3174e+00', "
[92mINFO [0m:      	                                        "'2.6421e+00']",
[92mINFO [0m:      	        'per-client-num-examples': "['5770', '6243', '6225', '3880', '2928', "
[92mINFO [0m:      	                                   "'4981', '3945']",
[92mINFO [0m:      	        'per-client-train_loss': "['1.5179e-01', '1.4418e-01', '1.4259e-01', "
[92mINFO [0m:      	                                 "'1.1808e-01', '1.0533e-01', '1.3618e-01', "
[92mINFO [0m:      	                                 "'1.2976e-01']",
[92mINFO [0m:      	        'per-client-train_loss_mean': "['3.1306e-01', '2.9023e-01', "
[92mINFO [0m:      	                                      "'2.6155e-01', '2.9613e-01', "
[92mINFO [0m:      	                                      "'3.2644e-01', '3.3138e-01', "
[92mINFO [0m:      	                                      "'3.3174e-01']",
[92mINFO [0m:      	        'train_loss': '1.3600e-01',
[92mINFO [0m:      	        'train_loss_mean': '3.0350e-01'},
[92mINFO [0m:      	  20: { 'client-ids': "['0', '1', '2', '3', '4', '5', '6']",
[92mINFO [0m:      	        'dp-client-clipped': "['1', '1', '1', '1', '1', '1', '1']",
[92mINFO [0m:      	        'dp-client-ids': "['0', '1', '2', '3', '4', '5', '6']",
[92mINFO [0m:      	        'dp-expected-noise-l2-norm': '6.3659e+00',
[92mINFO [0m:      	        'dp-fraction-clipped': '1.0000e+00',
[92mINFO [0m:      	        'dp-noise-percent-of-signal': '3.2432e+02',
[92mINFO [0m:      	        'dp-noise-to-signal-ratio': '3.2432e+00',
[92mINFO [0m:      	        'dp-num-clients-clipped': '7',
[92mINFO [0m:      	        'dp-parameter-count': '364426',
[92mINFO [0m:      	        'dp-signal-update-norm': '1.9628e+00',
[92mINFO [0m:      	        'dp-update-norms-before-clipping': "['1.4972e+01', '1.5035e+01', "
[92mINFO [0m:      	                                           "'1.4653e+01', '1.1910e+01', "
[92mINFO [0m:      	                                           "'1.0750e+01', '1.4290e+01', "
[92mINFO [0m:      	                                           "'1.2490e+01']",
[92mINFO [0m:      	        'metric-dp-aggregation-collapsed': '0.0000e+00',
[92mINFO [0m:      	        'metric-dp-distance': '2.9634e+00',
[92mINFO [0m:      	        'metric-dp-distance-count': '21',
[92mINFO [0m:      	        'metric-dp-distance-invalid': '0.0000e+00',
[92mINFO [0m:      	        'metric-dp-distance-mean': '2.6653e+00',
[92mINFO [0m:      	        'metric-dp-distance-median': '2.6681e+00',
[92mINFO [0m:      	        'metric-dp-distance-min': '2.2705e+00',
[92mINFO [0m:      	        'metric-dp-noise-stdv': '1.0545e-02',
[92mINFO [0m:      	        'metric-dp-pairwise-client-i': "['0', '0', '0', '0', '0', '0', '1', "
[92mINFO [0m:      	                                       "'1', '1', '1', '1', '2', '2', '2', "
[92mINFO [0m:      	                                       "'2', '3', '3', '3', '4', '4', '5']",
[92mINFO [0m:      	        'metric-dp-pairwise-client-j': "['1', '2', '3', '4', '5', '6', '2', "
[92mINFO [0m:      	                                       "'3', '4', '5', '6', '3', '4', '5', "
[92mINFO [0m:      	                                       "'6', '4', '5', '6', '5', '6', '6']",
[92mINFO [0m:      	        'metric-dp-pairwise-distances': "['2.9634e+00', '2.9139e+00', "
[92mINFO [0m:      	                                        "'2.6785e+00', '2.5759e+00', "
[92mINFO [0m:      	                                        "'2.8711e+00', '2.6946e+00', "
[92mINFO [0m:      	                                        "'2.9341e+00', '2.6681e+00', "
[92mINFO [0m:      	                                        "'2.6052e+00', '2.8972e+00', "
[92mINFO [0m:      	                                        "'2.7246e+00', '2.6498e+00', "
[92mINFO [0m:      	                                        "'2.5368e+00', '2.8473e+00', "
[92mINFO [0m:      	                                        "'2.6941e+00', '2.2705e+00', "
[92mINFO [0m:      	                                        "'2.6043e+00', '2.4278e+00', "
[92mINFO [0m:      	                                        "'2.4776e+00', '2.3076e+00', "
[92mINFO [0m:      	                                        "'2.6293e+00']",
[92mINFO [0m:      	        'per-client-num-examples': "['5770', '6243', '6225', '3880', '2928', "
[92mINFO [0m:      	                                   "'4981', '3945']",
[92mINFO [0m:      	        'per-client-train_loss': "['1.6442e-01', '1.4613e-01', '1.1977e-01', "
[92mINFO [0m:      	                                 "'9.8603e-02', '1.0548e-01', '1.4397e-01', "
[92mINFO [0m:      	                                 "'1.2037e-01']",
[92mINFO [0m:      	        'per-client-train_loss_mean': "['3.0287e-01', '2.7762e-01', "
[92mINFO [0m:      	                                      "'2.4287e-01', '2.7915e-01', "
[92mINFO [0m:      	                                      "'3.0038e-01', '3.1249e-01', "
[92mINFO [0m:      	                                      "'3.0677e-01']",
[92mINFO [0m:      	        'train_loss': '1.3217e-01',
[92mINFO [0m:      	        'train_loss_mean': '2.8618e-01'}}
[92mINFO [0m:      	
[92mINFO [0m:      	Aggregated ClientApp-side Evaluate Metrics:
[92mINFO [0m:      	{ 1: { 'client-ids': "['0', '1', '2', '3', '4', '5', '6']",
[92mINFO [0m:      	       'eval_acc': '7.2034e-02',
[92mINFO [0m:      	       'eval_loss': '2.3023e+00',
[92mINFO [0m:      	       'per-client-eval_acc': "['1.1850e-01', '3.5874e-02', '3.5324e-02', "
[92mINFO [0m:      	                              "'2.9897e-02', '8.7432e-02', '6.0193e-02', "
[92mINFO [0m:      	                              "'1.6413e-01']",
[92mINFO [0m:      	       'per-client-eval_loss': "['2.3109e+00', '2.3030e+00', '2.3016e+00', "
[92mINFO [0m:      	                               "'2.3061e+00', '2.2973e+00', '2.3020e+00', "
[92mINFO [0m:      	                               "'2.2904e+00']",
[92mINFO [0m:      	       'per-client-num-examples': "['1443', '1561', '1557', '970', '732', "
[92mINFO [0m:      	                                  "'1246', '987']"},
[92mINFO [0m:      	  2: { 'client-ids': "['0', '1', '2', '3', '4', '5', '6']",
[92mINFO [0m:      	       'eval_acc': '2.7389e-01',
[92mINFO [0m:      	       'eval_loss': '2.2226e+00',
[92mINFO [0m:      	       'per-client-eval_acc': "['1.7810e-01', '2.7162e-01', '4.2582e-01', "
[92mINFO [0m:      	                              "'1.3814e-01', '3.3470e-01', '2.6886e-01', "
[92mINFO [0m:      	                              "'2.7254e-01']",
[92mINFO [0m:      	       'per-client-eval_loss': "['2.2484e+00', '2.2174e+00', '2.2078e+00', "
[92mINFO [0m:      	                               "'2.2254e+00', '2.2161e+00', '2.2222e+00', "
[92mINFO [0m:      	                               "'2.2194e+00']",
[92mINFO [0m:      	       'per-client-num-examples': "['1443', '1561', '1557', '970', '732', "
[92mINFO [0m:      	                                  "'1246', '987']"},
[92mINFO [0m:      	  3: { 'client-ids': "['0', '1', '2', '3', '4', '5', '6']",
[92mINFO [0m:      	       'eval_acc': '3.9360e-01',
[92mINFO [0m:      	       'eval_loss': '1.9941e+00',
[92mINFO [0m:      	       'per-client-eval_acc': "['2.8274e-01', '4.4779e-01', '5.0417e-01', "
[92mINFO [0m:      	                              "'2.8351e-01', '3.9617e-01', '4.0690e-01', "
[92mINFO [0m:      	                              "'3.8501e-01']",
[92mINFO [0m:      	       'per-client-eval_loss': "['2.0705e+00', '1.9658e+00', '1.9499e+00', "
[92mINFO [0m:      	                               "'2.0143e+00', '1.9958e+00', '1.9796e+00', "
[92mINFO [0m:      	                               "'1.9946e+00']",
[92mINFO [0m:      	       'per-client-num-examples': "['1443', '1561', '1557', '970', '732', "
[92mINFO [0m:      	                                  "'1246', '987']"},
[92mINFO [0m:      	  4: { 'client-ids': "['0', '1', '2', '3', '4', '5', '6']",
[92mINFO [0m:      	       'eval_acc': '4.6057e-01',
[92mINFO [0m:      	       'eval_loss': '1.7150e+00',
[92mINFO [0m:      	       'per-client-eval_acc': "['3.6175e-01', '5.1505e-01', '5.4335e-01', "
[92mINFO [0m:      	                              "'4.1443e-01', '4.4126e-01', '4.6549e-01', "
[92mINFO [0m:      	                              "'4.4174e-01']",
[92mINFO [0m:      	       'per-client-eval_loss': "['1.8292e+00', '1.6670e+00', '1.6296e+00', "
[92mINFO [0m:      	                               "'1.7631e+00', '1.7273e+00', '1.6967e+00', "
[92mINFO [0m:      	                               "'1.7254e+00']",
[92mINFO [0m:      	       'per-client-num-examples': "['1443', '1561', '1557', '970', '732', "
[92mINFO [0m:      	                                  "'1246', '987']"},
[92mINFO [0m:      	  5: { 'client-ids': "['0', '1', '2', '3', '4', '5', '6']",
[92mINFO [0m:      	       'eval_acc': '5.0847e-01',
[92mINFO [0m:      	       'eval_loss': '1.4475e+00',
[92mINFO [0m:      	       'per-client-eval_acc': "['4.5738e-01', '5.5093e-01', '5.8060e-01', "
[92mINFO [0m:      	                              "'4.7216e-01', '4.9727e-01', '4.7673e-01', "
[92mINFO [0m:      	                              "'4.8632e-01']",
[92mINFO [0m:      	       'per-client-eval_loss': "['1.5360e+00', '1.4137e+00', '1.3191e+00', "
[92mINFO [0m:      	                               "'1.5058e+00', '1.4658e+00', '1.4708e+00', "
[92mINFO [0m:      	                               "'1.4740e+00']",
[92mINFO [0m:      	       'per-client-num-examples': "['1443', '1561', '1557', '970', '732', "
[92mINFO [0m:      	                                  "'1246', '987']"},
[92mINFO [0m:      	  6: { 'client-ids': "['0', '1', '2', '3', '4', '5', '6']",
[92mINFO [0m:      	       'eval_acc': '5.6415e-01',
[92mINFO [0m:      	       'eval_loss': '1.2679e+00',
[92mINFO [0m:      	       'per-client-eval_acc': "['5.2252e-01', '6.0666e-01', '6.3070e-01', "
[92mINFO [0m:      	                              "'5.2680e-01', '5.2732e-01', '5.4173e-01', "
[92mINFO [0m:      	                              "'5.4509e-01']",
[92mINFO [0m:      	       'per-client-eval_loss': "['1.3481e+00', '1.2222e+00', '1.1609e+00', "
[92mINFO [0m:      	                               "'1.3122e+00', '1.3247e+00', '1.2879e+00', "
[92mINFO [0m:      	                               "'1.2811e+00']",
[92mINFO [0m:      	       'per-client-num-examples': "['1443', '1561', '1557', '970', '732', "
[92mINFO [0m:      	                                  "'1246', '987']"},
[92mINFO [0m:      	  7: { 'client-ids': "['0', '1', '2', '3', '4', '5', '6']",
[92mINFO [0m:      	       'eval_acc': '5.9381e-01',
[92mINFO [0m:      	       'eval_loss': '1.1607e+00',
[92mINFO [0m:      	       'per-client-eval_acc': "['5.9390e-01', '6.1947e-01', '6.2620e-01', "
[92mINFO [0m:      	                              "'5.7216e-01', '5.6557e-01', '5.8266e-01', "
[92mINFO [0m:      	                              "'5.5826e-01']",
[92mINFO [0m:      	       'per-client-eval_loss': "['1.1818e+00', '1.1323e+00', '1.1364e+00', "
[92mINFO [0m:      	                               "'1.1684e+00', '1.2140e+00', '1.1427e+00', "
[92mINFO [0m:      	                               "'1.1887e+00']",
[92mINFO [0m:      	       'per-client-num-examples': "['1443', '1561', '1557', '970', '732', "
[92mINFO [0m:      	                                  "'1246', '987']"},
[92mINFO [0m:      	  8: { 'client-ids': "['0', '1', '2', '3', '4', '5', '6']",
[92mINFO [0m:      	       'eval_acc': '6.0264e-01',
[92mINFO [0m:      	       'eval_loss': '1.1158e+00',
[92mINFO [0m:      	       'per-client-eval_acc': "['6.0915e-01', '6.1307e-01', '6.5061e-01', "
[92mINFO [0m:      	                              "'5.4433e-01', '5.7650e-01', '6.0674e-01', "
[92mINFO [0m:      	                              "'5.7244e-01']",
[92mINFO [0m:      	       'per-client-eval_loss': "['1.1239e+00', '1.1119e+00', '1.0886e+00', "
[92mINFO [0m:      	                               "'1.1597e+00', '1.1634e+00', '1.0508e+00', "
[92mINFO [0m:      	                               "'1.1568e+00']",
[92mINFO [0m:      	       'per-client-num-examples': "['1443', '1561', '1557', '970', '732', "
[92mINFO [0m:      	                                  "'1246', '987']"},
[92mINFO [0m:      	  9: { 'client-ids': "['0', '1', '2', '3', '4', '5', '6']",
[92mINFO [0m:      	       'eval_acc': '6.2441e-01',
[92mINFO [0m:      	       'eval_loss': '1.0887e+00',
[92mINFO [0m:      	       'per-client-eval_acc': "['6.1331e-01', '6.3869e-01', '6.4868e-01', "
[92mINFO [0m:      	                              "'6.0309e-01', '6.2158e-01', '6.4607e-01', "
[92mINFO [0m:      	                              "'5.7548e-01']",
[92mINFO [0m:      	       'per-client-eval_loss': "['1.1781e+00', '1.0915e+00', '1.0544e+00', "
[92mINFO [0m:      	                               "'1.0867e+00', '1.0876e+00', '9.8360e-01', "
[92mINFO [0m:      	                               "'1.1428e+00']",
[92mINFO [0m:      	       'per-client-num-examples': "['1443', '1561', '1557', '970', '732', "
[92mINFO [0m:      	                                  "'1246', '987']"},
[92mINFO [0m:      	  10: { 'client-ids': "['0', '1', '2', '3', '4', '5', '6']",
[92mINFO [0m:      	        'eval_acc': '6.2900e-01',
[92mINFO [0m:      	        'eval_loss': '1.1049e+00',
[92mINFO [0m:      	        'per-client-eval_acc': "['6.0707e-01', '6.4958e-01', '6.6153e-01', "
[92mINFO [0m:      	                               "'6.0825e-01', '6.2432e-01', '6.4366e-01', "
[92mINFO [0m:      	                               "'5.8257e-01']",
[92mINFO [0m:      	        'per-client-eval_loss': "['1.2246e+00', '1.0731e+00', '1.0326e+00', "
[92mINFO [0m:      	                                "'1.1157e+00', '1.0989e+00', '1.0322e+00', "
[92mINFO [0m:      	                                "'1.1797e+00']",
[92mINFO [0m:      	        'per-client-num-examples': "['1443', '1561', '1557', '970', '732', "
[92mINFO [0m:      	                                   "'1246', '987']"},
[92mINFO [0m:      	  11: { 'client-ids': "['0', '1', '2', '3', '4', '5', '6']",
[92mINFO [0m:      	        'eval_acc': '6.4807e-01',
[92mINFO [0m:      	        'eval_loss': '1.0699e+00',
[92mINFO [0m:      	        'per-client-eval_acc': "['6.2509e-01', '6.5343e-01', '6.9428e-01', "
[92mINFO [0m:      	                               "'6.1340e-01', '6.5984e-01', '6.6212e-01', "
[92mINFO [0m:      	                               "'6.0790e-01']",
[92mINFO [0m:      	        'per-client-eval_loss': "['1.1788e+00', '1.0578e+00', '9.5129e-01', "
[92mINFO [0m:      	                                "'1.1457e+00', '1.0276e+00', '1.0068e+00', "
[92mINFO [0m:      	                                "'1.1531e+00']",
[92mINFO [0m:      	        'per-client-num-examples': "['1443', '1561', '1557', '970', '732', "
[92mINFO [0m:      	                                   "'1246', '987']"},
[92mINFO [0m:      	  12: { 'client-ids': "['0', '1', '2', '3', '4', '5', '6']",
[92mINFO [0m:      	        'eval_acc': '6.6808e-01',
[92mINFO [0m:      	        'eval_loss': '1.0204e+00',
[92mINFO [0m:      	        'per-client-eval_acc': "['6.6251e-01', '6.8738e-01', '6.9750e-01', "
[92mINFO [0m:      	                               "'6.4227e-01', '6.5027e-01', '6.6854e-01', "
[92mINFO [0m:      	                               "'6.3728e-01']",
[92mINFO [0m:      	        'per-client-eval_loss': "['1.0855e+00', '9.7255e-01', '9.6902e-01', "
[92mINFO [0m:      	                                "'1.0391e+00', '1.0592e+00', '9.6513e-01', "
[92mINFO [0m:      	                                "'1.1045e+00']",
[92mINFO [0m:      	        'per-client-num-examples': "['1443', '1561', '1557', '970', '732', "
[92mINFO [0m:      	                                   "'1246', '987']"},
[92mINFO [0m:      	  13: { 'client-ids': "['0', '1', '2', '3', '4', '5', '6']",
[92mINFO [0m:      	        'eval_acc': '6.7032e-01',
[92mINFO [0m:      	        'eval_loss': '1.0341e+00',
[92mINFO [0m:      	        'per-client-eval_acc': "['6.6043e-01', '7.0019e-01', '6.9621e-01', "
[92mINFO [0m:      	                               "'6.4742e-01', '6.5710e-01', '6.6774e-01', "
[92mINFO [0m:      	                               "'6.3222e-01']",
[92mINFO [0m:      	        'per-client-eval_loss': "['1.0709e+00', '9.9655e-01', '9.5609e-01', "
[92mINFO [0m:      	                                "'1.1049e+00', '1.0598e+00', '9.8951e-01', "
[92mINFO [0m:      	                                "'1.1308e+00']",
[92mINFO [0m:      	        'per-client-num-examples': "['1443', '1561', '1557', '970', '732', "
[92mINFO [0m:      	                                   "'1246', '987']"},
[92mINFO [0m:      	  14: { 'client-ids': "['0', '1', '2', '3', '4', '5', '6']",
[92mINFO [0m:      	        'eval_acc': '6.6090e-01',
[92mINFO [0m:      	        'eval_loss': '1.0895e+00',
[92mINFO [0m:      	        'per-client-eval_acc': "['6.5211e-01', '6.8097e-01', '6.8465e-01', "
[92mINFO [0m:      	                               "'6.4227e-01', '6.3798e-01', '6.6613e-01', "
[92mINFO [0m:      	                               "'6.3323e-01']",
[92mINFO [0m:      	        'per-client-eval_loss': "['1.1723e+00', '1.0273e+00', '1.0291e+00', "
[92mINFO [0m:      	                                "'1.1300e+00', '1.1110e+00', '1.0598e+00', "
[92mINFO [0m:      	                                "'1.1437e+00']",
[92mINFO [0m:      	        'per-client-num-examples': "['1443', '1561', '1557', '970', '732', "
[92mINFO [0m:      	                                   "'1246', '987']"},
[92mINFO [0m:      	  15: { 'client-ids': "['0', '1', '2', '3', '4', '5', '6']",
[92mINFO [0m:      	        'eval_acc': '6.6773e-01',
[92mINFO [0m:      	        'eval_loss': '1.1162e+00',
[92mINFO [0m:      	        'per-client-eval_acc': "['6.6875e-01', '6.8290e-01', '6.8401e-01', "
[92mINFO [0m:      	                               "'6.2784e-01', '6.4208e-01', '6.8539e-01', "
[92mINFO [0m:      	                               "'6.5248e-01']",
[92mINFO [0m:      	        'per-client-eval_loss': "['1.1526e+00', '1.0892e+00', '1.0597e+00', "
[92mINFO [0m:      	                                "'1.2273e+00', '1.1534e+00', '1.0332e+00', "
[92mINFO [0m:      	                                "'1.1627e+00']",
[92mINFO [0m:      	        'per-client-num-examples': "['1443', '1561', '1557', '970', '732', "
[92mINFO [0m:      	                                   "'1246', '987']"},
[92mINFO [0m:      	  16: { 'client-ids': "['0', '1', '2', '3', '4', '5', '6']",
[92mINFO [0m:      	        'eval_acc': '6.8456e-01',
[92mINFO [0m:      	        'eval_loss': '1.0787e+00',
[92mINFO [0m:      	        'per-client-eval_acc': "['6.9300e-01', '7.0404e-01', '7.1034e-01', "
[92mINFO [0m:      	                               "'6.4639e-01', '6.5164e-01', '6.8941e-01', "
[92mINFO [0m:      	                               "'6.5653e-01']",
[92mINFO [0m:      	        'per-client-eval_loss': "['1.0646e+00', '1.0583e+00', '1.0431e+00', "
[92mINFO [0m:      	                                "'1.1585e+00', '1.1437e+00', '1.0056e+00', "
[92mINFO [0m:      	                                "'1.1537e+00']",
[92mINFO [0m:      	        'per-client-num-examples': "['1443', '1561', '1557', '970', '732', "
[92mINFO [0m:      	                                   "'1246', '987']"},
[92mINFO [0m:      	  17: { 'client-ids': "['0', '1', '2', '3', '4', '5', '6']",
[92mINFO [0m:      	        'eval_acc': '6.7267e-01',
[92mINFO [0m:      	        'eval_loss': '1.0984e+00',
[92mINFO [0m:      	        'per-client-eval_acc': "['6.9854e-01', '6.8225e-01', '6.8722e-01', "
[92mINFO [0m:      	                               "'6.4330e-01', '6.5301e-01', '6.6774e-01', "
[92mINFO [0m:      	                               "'6.4640e-01']",
[92mINFO [0m:      	        'per-client-eval_loss': "['1.0491e+00', '1.0926e+00', '1.0853e+00', "
[92mINFO [0m:      	                                "'1.1540e+00', '1.1249e+00', '1.0628e+00', "
[92mINFO [0m:      	                                "'1.1713e+00']",
[92mINFO [0m:      	        'per-client-num-examples': "['1443', '1561', '1557', '970', '732', "
[92mINFO [0m:      	                                   "'1246', '987']"},
[92mINFO [0m:      	  18: { 'client-ids': "['0', '1', '2', '3', '4', '5', '6']",
[92mINFO [0m:      	        'eval_acc': '6.7726e-01',
[92mINFO [0m:      	        'eval_loss': '1.1130e+00',
[92mINFO [0m:      	        'per-client-eval_acc': "['6.9785e-01', '6.8738e-01', '6.8401e-01', "
[92mINFO [0m:      	                               "'6.5567e-01', '6.5574e-01', '6.8780e-01', "
[92mINFO [0m:      	                               "'6.4438e-01']",
[92mINFO [0m:      	        'per-client-eval_loss': "['1.0746e+00', '1.1217e+00', '1.0685e+00', "
[92mINFO [0m:      	                                "'1.1881e+00', '1.1598e+00', '1.0432e+00', "
[92mINFO [0m:      	                                "'1.2048e+00']",
[92mINFO [0m:      	        'per-client-num-examples': "['1443', '1561', '1557', '970', '732', "
[92mINFO [0m:      	                                   "'1246', '987']"},
[92mINFO [0m:      	  19: { 'client-ids': "['0', '1', '2', '3', '4', '5', '6']",
[92mINFO [0m:      	        'eval_acc': '6.8373e-01',
[92mINFO [0m:      	        'eval_loss': '1.1590e+00',
[92mINFO [0m:      	        'per-client-eval_acc': "['6.8468e-01', '6.9186e-01', '7.1805e-01', "
[92mINFO [0m:      	                               "'6.4742e-01', '6.6393e-01', '6.9181e-01', "
[92mINFO [0m:      	                               "'6.5552e-01']",
[92mINFO [0m:      	        'per-client-eval_loss': "['1.1845e+00', '1.1754e+00', '1.0533e+00', "
[92mINFO [0m:      	                                "'1.2355e+00', '1.1966e+00', '1.0699e+00', "
[92mINFO [0m:      	                                "'1.2715e+00']",
[92mINFO [0m:      	        'per-client-num-examples': "['1443', '1561', '1557', '970', '732', "
[92mINFO [0m:      	                                   "'1246', '987']"},
[92mINFO [0m:      	  20: { 'client-ids': "['0', '1', '2', '3', '4', '5', '6']",
[92mINFO [0m:      	        'eval_acc': '6.8632e-01',
[92mINFO [0m:      	        'eval_loss': '1.1711e+00',
[92mINFO [0m:      	        'per-client-eval_acc': "['6.8538e-01', '7.0083e-01', '7.1933e-01', "
[92mINFO [0m:      	                               "'6.4845e-01', '6.7486e-01', '6.8780e-01', "
[92mINFO [0m:      	                               "'6.5653e-01']",
[92mINFO [0m:      	        'per-client-eval_loss': "['1.2252e+00', '1.1633e+00', '1.0645e+00', "
[92mINFO [0m:      	                                "'1.2626e+00', '1.2366e+00', '1.0817e+00', "
[92mINFO [0m:      	                                "'1.2467e+00']",
[92mINFO [0m:      	        'per-client-num-examples': "['1443', '1561', '1557', '970', '732', "
[92mINFO [0m:      	                                   "'1246', '987']"}}
[92mINFO [0m:      	
[92mINFO [0m:      	ServerApp-side Evaluate Metrics:
[92mINFO [0m:      	{ 0: { 'accuracy': '1.0000e-01',
[92mINFO [0m:      	       'auc': '5.0091e-01',
[92mINFO [0m:      	       'diverged': '0.0000e+00',
[92mINFO [0m:      	       'f1': '1.8182e-02',
[92mINFO [0m:      	       'loss': '2.3041e+00',
[92mINFO [0m:      	       'precision': '1.0000e-02'},
[92mINFO [0m:      	  1: { 'accuracy': '1.0000e-01',
[92mINFO [0m:      	       'auc': '5.3443e-01',
[92mINFO [0m:      	       'diverged': '0.0000e+00',
[92mINFO [0m:      	       'f1': '1.8182e-02',
[92mINFO [0m:      	       'loss': '2.3015e+00',
[92mINFO [0m:      	       'precision': '1.0000e-02'},
[92mINFO [0m:      	  2: { 'accuracy': '2.6040e-01',
[92mINFO [0m:      	       'auc': '7.4183e-01',
[92mINFO [0m:      	       'diverged': '0.0000e+00',
[92mINFO [0m:      	       'f1': '1.7616e-01',
[92mINFO [0m:      	       'loss': '2.2243e+00',
[92mINFO [0m:      	       'precision': '2.3822e-01'},
[92mINFO [0m:      	  3: { 'accuracy': '3.7460e-01',
[92mINFO [0m:      	       'auc': '8.2474e-01',
[92mINFO [0m:      	       'diverged': '0.0000e+00',
[92mINFO [0m:      	       'f1': '3.2439e-01',
[92mINFO [0m:      	       'loss': '1.9987e+00',
[92mINFO [0m:      	       'precision': '4.3917e-01'},
[92mINFO [0m:      	  4: { 'accuracy': '4.5240e-01',
[92mINFO [0m:      	       'auc': '8.6410e-01',
[92mINFO [0m:      	       'diverged': '0.0000e+00',
[92mINFO [0m:      	       'f1': '4.3452e-01',
[92mINFO [0m:      	       'loss': '1.7217e+00',
[92mINFO [0m:      	       'precision': '4.9612e-01'},
[92mINFO [0m:      	  5: { 'accuracy': '5.0080e-01',
[92mINFO [0m:      	       'auc': '8.9136e-01',
[92mINFO [0m:      	       'diverged': '0.0000e+00',
[92mINFO [0m:      	       'f1': '4.9643e-01',
[92mINFO [0m:      	       'loss': '1.4512e+00',
[92mINFO [0m:      	       'precision': '5.3675e-01'},
[92mINFO [0m:      	  6: { 'accuracy': '5.6080e-01',
[92mINFO [0m:      	       'auc': '9.1484e-01',
[92mINFO [0m:      	       'diverged': '0.0000e+00',
[92mINFO [0m:      	       'f1': '5.5335e-01',
[92mINFO [0m:      	       'loss': '1.2737e+00',
[92mINFO [0m:      	       'precision': '5.7312e-01'},
[92mINFO [0m:      	  7: { 'accuracy': '5.8600e-01',
[92mINFO [0m:      	       'auc': '9.2526e-01',
[92mINFO [0m:      	       'diverged': '0.0000e+00',
[92mINFO [0m:      	       'f1': '5.7853e-01',
[92mINFO [0m:      	       'loss': '1.1667e+00',
[92mINFO [0m:      	       'precision': '5.9928e-01'},
[92mINFO [0m:      	  8: { 'accuracy': '5.9520e-01',
[92mINFO [0m:      	       'auc': '9.2898e-01',
[92mINFO [0m:      	       'diverged': '0.0000e+00',
[92mINFO [0m:      	       'f1': '5.7966e-01',
[92mINFO [0m:      	       'loss': '1.1227e+00',
[92mINFO [0m:      	       'precision': '6.1907e-01'},
[92mINFO [0m:      	  9: { 'accuracy': '6.0940e-01',
[92mINFO [0m:      	       'auc': '9.3235e-01',
[92mINFO [0m:      	       'diverged': '0.0000e+00',
[92mINFO [0m:      	       'f1': '6.0394e-01',
[92mINFO [0m:      	       'loss': '1.1007e+00',
[92mINFO [0m:      	       'precision': '6.2263e-01'},
[92mINFO [0m:      	  10: { 'accuracy': '6.1020e-01',
[92mINFO [0m:      	        'auc': '9.3377e-01',
[92mINFO [0m:      	        'diverged': '0.0000e+00',
[92mINFO [0m:      	        'f1': '6.0198e-01',
[92mINFO [0m:      	        'loss': '1.1216e+00',
[92mINFO [0m:      	        'precision': '6.2932e-01'},
[92mINFO [0m:      	  11: { 'accuracy': '6.3340e-01',
[92mINFO [0m:      	        'auc': '9.4041e-01',
[92mINFO [0m:      	        'diverged': '0.0000e+00',
[92mINFO [0m:      	        'f1': '6.2762e-01',
[92mINFO [0m:      	        'loss': '1.0798e+00',
[92mINFO [0m:      	        'precision': '6.4182e-01'},
[92mINFO [0m:      	  12: { 'accuracy': '6.5680e-01',
[92mINFO [0m:      	        'auc': '9.4550e-01',
[92mINFO [0m:      	        'diverged': '0.0000e+00',
[92mINFO [0m:      	        'f1': '6.4915e-01',
[92mINFO [0m:      	        'loss': '1.0418e+00',
[92mINFO [0m:      	        'precision': '6.6080e-01'},
[92mINFO [0m:      	  13: { 'accuracy': '6.6840e-01',
[92mINFO [0m:      	        'auc': '9.4751e-01',
[92mINFO [0m:      	        'diverged': '0.0000e+00',
[92mINFO [0m:      	        'f1': '6.6524e-01',
[92mINFO [0m:      	        'loss': '1.0312e+00',
[92mINFO [0m:      	        'precision': '6.6790e-01'},
[92mINFO [0m:      	  14: { 'accuracy': '6.5860e-01',
[92mINFO [0m:      	        'auc': '9.4576e-01',
[92mINFO [0m:      	        'diverged': '0.0000e+00',
[92mINFO [0m:      	        'f1': '6.5699e-01',
[92mINFO [0m:      	        'loss': '1.0743e+00',
[92mINFO [0m:      	        'precision': '6.6263e-01'},
[92mINFO [0m:      	  15: { 'accuracy': '6.6600e-01',
[92mINFO [0m:      	        'auc': '9.4574e-01',
[92mINFO [0m:      	        'diverged': '0.0000e+00',
[92mINFO [0m:      	        'f1': '6.6293e-01',
[92mINFO [0m:      	        'loss': '1.1020e+00',
[92mINFO [0m:      	        'precision': '6.6723e-01'},
[92mINFO [0m:      	  16: { 'accuracy': '6.7820e-01',
[92mINFO [0m:      	        'auc': '9.5032e-01',
[92mINFO [0m:      	        'diverged': '0.0000e+00',
[92mINFO [0m:      	        'f1': '6.7691e-01',
[92mINFO [0m:      	        'loss': '1.0835e+00',
[92mINFO [0m:      	        'precision': '6.8275e-01'},
[92mINFO [0m:      	  17: { 'accuracy': '6.7140e-01',
[92mINFO [0m:      	        'auc': '9.4867e-01',
[92mINFO [0m:      	        'diverged': '0.0000e+00',
[92mINFO [0m:      	        'f1': '6.7351e-01',
[92mINFO [0m:      	        'loss': '1.0818e+00',
[92mINFO [0m:      	        'precision': '6.8106e-01'},
[92mINFO [0m:      	  18: { 'accuracy': '6.8000e-01',
[92mINFO [0m:      	        'auc': '9.4922e-01',
[92mINFO [0m:      	        'diverged': '0.0000e+00',
[92mINFO [0m:      	        'f1': '6.8067e-01',
[92mINFO [0m:      	        'loss': '1.0890e+00',
[92mINFO [0m:      	        'precision': '6.8780e-01'},
[92mINFO [0m:      	  19: { 'accuracy': '6.8480e-01',
[92mINFO [0m:      	        'auc': '9.5079e-01',
[92mINFO [0m:      	        'diverged': '0.0000e+00',
[92mINFO [0m:      	        'f1': '6.8557e-01',
[92mINFO [0m:      	        'loss': '1.1371e+00',
[92mINFO [0m:      	        'precision': '6.9463e-01'},
[92mINFO [0m:      	  20: { 'accuracy': '6.8500e-01',
[92mINFO [0m:      	        'auc': '9.5136e-01',
[92mINFO [0m:      	        'diverged': '0.0000e+00',
[92mINFO [0m:      	        'f1': '6.8562e-01',
[92mINFO [0m:      	        'loss': '1.1581e+00',
[92mINFO [0m:      	        'precision': '6.9291e-01'}}
[92mINFO [0m:      
[36m(ClientAppActor pid=6237)[0m Warning: You are sending unauthenticated requests to the HF Hub. Please set a HF_TOKEN to enable higher rate limits and faster downloads.[32m [repeated 6x across cluster] (Ray deduplicates logs by default. Set RAY_DEDUP_LOGS=0 to disable log deduplication, or see https://docs.ray.io/en/master/ray-observability/user-guides/configure-logging.html#log-deduplication for more options.)[0m
Round 1 checkpoint written to /content/metricdp-pytorch/results/dirichlet/cifar10/8_clients/alpha-1p5__metric-privacy__in-remove-out-remove__seeds-42__noise-0p00625/cifar10-out-remove__dirichlet__alpha-1p5__metric-privacy__fedavg__clients-7__seed-42__nm0p04375__clip5__rounds-20__epochs-5__cifar10_dirichlet__cifar10_cnn.round-1.pt
Round 2 checkpoint written to /content/metricdp-pytorch/results/dirichlet/cifar10/8_clients/alpha-1p5__metric-privacy__in-remove-out-remove__seeds-42__noise-0p00625/cifar10-out-remove__dirichlet__alpha-1p5__metric-privacy__fedavg__clients-7__seed-42__nm0p04375__clip5__rounds-20__epochs-5__cifar10_dirichlet__cifar10_cnn.round-2.pt
Round 3 checkpoint written to /content/metricdp-pytorch/results/dirichlet/cifar10/8_clients/alpha-1p5__metric-privacy__in-remove-out-remove__seeds-42__noise-0p00625/cifar10-out-remove__dirichlet__alpha-1p5__metric-privacy__fedavg__clients-7__seed-42__nm0p04375__clip5__rounds-20__epochs-5__cifar10_dirichlet__cifar10_cnn.round-3.pt
Round 4 checkpoint written to /content/metricdp-pytorch/results/dirichlet/cifar10/8_clients/alpha-1p5__metric-privacy__in-remove-out-remove__seeds-42__noise-0p00625/cifar10-out-remove__dirichlet__alpha-1p5__metric-privacy__fedavg__clients-7__seed-42__nm0p04375__clip5__rounds-20__epochs-5__cifar10_dirichlet__cifar10_cnn.round-4.pt
Round 5 checkpoint written to /content/metricdp-pytorch/results/dirichlet/cifar10/8_clients/alpha-1p5__metric-privacy__in-remove-out-remove__seeds-42__noise-0p00625/cifar10-out-remove__dirichlet__alpha-1p5__metric-privacy__fedavg__clients-7__seed-42__nm0p04375__clip5__rounds-20__epochs-5__cifar10_dirichlet__cifar10_cnn.round-5.pt
Round 6 checkpoint written to /content/metricdp-pytorch/results/dirichlet/cifar10/8_clients/alpha-1p5__metric-privacy__in-remove-out-remove__seeds-42__noise-0p00625/cifar10-out-remove__dirichlet__alpha-1p5__metric-privacy__fedavg__clients-7__seed-42__nm0p04375__clip5__rounds-20__epochs-5__cifar10_dirichlet__cifar10_cnn.round-6.pt
Round 7 checkpoint written to /content/metricdp-pytorch/results/dirichlet/cifar10/8_clients/alpha-1p5__metric-privacy__in-remove-out-remove__seeds-42__noise-0p00625/cifar10-out-remove__dirichlet__alpha-1p5__metric-privacy__fedavg__clients-7__seed-42__nm0p04375__clip5__rounds-20__epochs-5__cifar10_dirichlet__cifar10_cnn.round-7.pt
Round 8 checkpoint written to /content/metricdp-pytorch/results/dirichlet/cifar10/8_clients/alpha-1p5__metric-privacy__in-remove-out-remove__seeds-42__noise-0p00625/cifar10-out-remove__dirichlet__alpha-1p5__metric-privacy__fedavg__clients-7__seed-42__nm0p04375__clip5__rounds-20__epochs-5__cifar10_dirichlet__cifar10_cnn.round-8.pt
Round 9 checkpoint written to /content/metricdp-pytorch/results/dirichlet/cifar10/8_clients/alpha-1p5__metric-privacy__in-remove-out-remove__seeds-42__noise-0p00625/cifar10-out-remove__dirichlet__alpha-1p5__metric-privacy__fedavg__clients-7__seed-42__nm0p04375__clip5__rounds-20__epochs-5__cifar10_dirichlet__cifar10_cnn.round-9.pt
Round 10 checkpoint written to /content/metricdp-pytorch/results/dirichlet/cifar10/8_clients/alpha-1p5__metric-privacy__in-remove-out-remove__seeds-42__noise-0p00625/cifar10-out-remove__dirichlet__alpha-1p5__metric-privacy__fedavg__clients-7__seed-42__nm0p04375__clip5__rounds-20__epochs-5__cifar10_dirichlet__cifar10_cnn.round-10.pt
Round 11 checkpoint written to /content/metricdp-pytorch/results/dirichlet/cifar10/8_clients/alpha-1p5__metric-privacy__in-remove-out-remove__seeds-42__noise-0p00625/cifar10-out-remove__dirichlet__alpha-1p5__metric-privacy__fedavg__clients-7__seed-42__nm0p04375__clip5__rounds-20__epochs-5__cifar10_dirichlet__cifar10_cnn.round-11.pt
Round 12 checkpoint written to /content/metricdp-pytorch/results/dirichlet/cifar10/8_clients/alpha-1p5__metric-privacy__in-remove-out-remove__seeds-42__noise-0p00625/cifar10-out-remove__dirichlet__alpha-1p5__metric-privacy__fedavg__clients-7__seed-42__nm0p04375__clip5__rounds-20__epochs-5__cifar10_dirichlet__cifar10_cnn.round-12.pt
Round 13 checkpoint written to /content/metricdp-pytorch/results/dirichlet/cifar10/8_clients/alpha-1p5__metric-privacy__in-remove-out-remove__seeds-42__noise-0p00625/cifar10-out-remove__dirichlet__alpha-1p5__metric-privacy__fedavg__clients-7__seed-42__nm0p04375__clip5__rounds-20__epochs-5__cifar10_dirichlet__cifar10_cnn.round-13.pt
Round 14 checkpoint written to /content/metricdp-pytorch/results/dirichlet/cifar10/8_clients/alpha-1p5__metric-privacy__in-remove-out-remove__seeds-42__noise-0p00625/cifar10-out-remove__dirichlet__alpha-1p5__metric-privacy__fedavg__clients-7__seed-42__nm0p04375__clip5__rounds-20__epochs-5__cifar10_dirichlet__cifar10_cnn.round-14.pt
Round 15 checkpoint written to /content/metricdp-pytorch/results/dirichlet/cifar10/8_clients/alpha-1p5__metric-privacy__in-remove-out-remove__seeds-42__noise-0p00625/cifar10-out-remove__dirichlet__alpha-1p5__metric-privacy__fedavg__clients-7__seed-42__nm0p04375__clip5__rounds-20__epochs-5__cifar10_dirichlet__cifar10_cnn.round-15.pt
Round 16 checkpoint written to /content/metricdp-pytorch/results/dirichlet/cifar10/8_clients/alpha-1p5__metric-privacy__in-remove-out-remove__seeds-42__noise-0p00625/cifar10-out-remove__dirichlet__alpha-1p5__metric-privacy__fedavg__clients-7__seed-42__nm0p04375__clip5__rounds-20__epochs-5__cifar10_dirichlet__cifar10_cnn.round-16.pt
Round 17 checkpoint written to /content/metricdp-pytorch/results/dirichlet/cifar10/8_clients/alpha-1p5__metric-privacy__in-remove-out-remove__seeds-42__noise-0p00625/cifar10-out-remove__dirichlet__alpha-1p5__metric-privacy__fedavg__clients-7__seed-42__nm0p04375__clip5__rounds-20__epochs-5__cifar10_dirichlet__cifar10_cnn.round-17.pt
Round 18 checkpoint written to /content/metricdp-pytorch/results/dirichlet/cifar10/8_clients/alpha-1p5__metric-privacy__in-remove-out-remove__seeds-42__noise-0p00625/cifar10-out-remove__dirichlet__alpha-1p5__metric-privacy__fedavg__clients-7__seed-42__nm0p04375__clip5__rounds-20__epochs-5__cifar10_dirichlet__cifar10_cnn.round-18.pt
Round 19 checkpoint written to /content/metricdp-pytorch/results/dirichlet/cifar10/8_clients/alpha-1p5__metric-privacy__in-remove-out-remove__seeds-42__noise-0p00625/cifar10-out-remove__dirichlet__alpha-1p5__metric-privacy__fedavg__clients-7__seed-42__nm0p04375__clip5__rounds-20__epochs-5__cifar10_dirichlet__cifar10_cnn.round-19.pt
Round 20 checkpoint written to /content/metricdp-pytorch/results/dirichlet/cifar10/8_clients/alpha-1p5__metric-privacy__in-remove-out-remove__seeds-42__noise-0p00625/cifar10-out-remove__dirichlet__alpha-1p5__metric-privacy__fedavg__clients-7__seed-42__nm0p04375__clip5__rounds-20__epochs-5__cifar10_dirichlet__cifar10_cnn.round-20.pt
Experiment result written to /content/metricdp-pytorch/results/dirichlet/cifar10/8_clients/alpha-1p5__metric-privacy__in-remove-out-remove__seeds-42__noise-0p00625/cifar10-out-remove__dirichlet__alpha-1p5__metric-privacy__fedavg__clients-7__seed-42__nm0p04375__clip5__rounds-20__epochs-5__cifar10_dirichlet__cifar10_cnn.json
Detailed evaluation written to /content/metricdp-pytorch/results/dirichlet/cifar10/8_clients/alpha-1p5__metric-privacy__in-remove-out-remove__seeds-42__noise-0p00625/cifar10-out-remove__dirichlet__alpha-1p5__metric-privacy__fedavg__clients-7__seed-42__nm0p04375__clip5__rounds-20__epochs-5__cifar10_dirichlet__cifar10_cnn.evaluation.json and /content/metricdp-pytorch/results/dirichlet/cifar10/8_clients/alpha-1p5__metric-privacy__in-remove-out-remove__seeds-42__noise-0p00625/cifar10-out-remove__dirichlet__alpha-1p5__metric-privacy__fedavg__clients-7__seed-42__nm0p04375__clip5__rounds-20__epochs-5__cifar10_dirichlet__cifar10_cnn.predictions.npz
Result: /content/metricdp-pytorch/results/dirichlet/cifar10/8_clients/alpha-1p5__metric-privacy__in-remove-out-remove__seeds-42__noise-0p00625/cifar10-out-remove__dirichlet__alpha-1p5__metric-privacy__fedavg__clients-7__seed-42__nm0p04375__clip5__rounds-20__epochs-5__cifar10_dirichlet__cifar10_cnn.json
Final server metrics: {'loss': 1.1580877405166625, 'accuracy': 0.685, 'f1': 0.6856154229870012, 'precision': 0.6929122612119022, 'auc': 0.9513638177777778, 'diverged': 0.0}
2026-08-20 12:37:12 DONE  cifar10-out-remove__dirichlet__alpha-1p5__metric-privacy__fedavg__clients-7__seed-42__nm0p04375__clip5__rounds-20__epochs-5__cifar10_dirichlet__cifar10_cnn (584.7s)
2026-08-20 12:37:20 EVALUATED cifar10-out-remove__dirichlet__alpha-1p5__metric-privacy__fedavg__clients-7__seed-42__nm0p04375__clip5__rounds-20__epochs-5__cifar10_dirichlet__cifar10_cnn round=1 (checkpoint deleted)
2026-08-20 12:37:28 EVALUATED cifar10-out-remove__dirichlet__alpha-1p5__metric-privacy__fedavg__clients-7__seed-42__nm0p04375__clip5__rounds-20__epochs-5__cifar10_dirichlet__cifar10_cnn round=2 (checkpoint deleted)
2026-08-20 12:37:36 EVALUATED cifar10-out-remove__dirichlet__alpha-1p5__metric-privacy__fedavg__clients-7__seed-42__nm0p04375__clip5__rounds-20__epochs-5__cifar10_dirichlet__cifar10_cnn round=3 (checkpoint deleted)
2026-08-20 12:37:44 EVALUATED cifar10-out-remove__dirichlet__alpha-1p5__metric-privacy__fedavg__clients-7__seed-42__nm0p04375__clip5__rounds-20__epochs-5__cifar10_dirichlet__cifar10_cnn round=4 (checkpoint deleted)
2026-08-20 12:37:52 EVALUATED cifar10-out-remove__dirichlet__alpha-1p5__metric-privacy__fedavg__clients-7__seed-42__nm0p04375__clip5__rounds-20__epochs-5__cifar10_dirichlet__cifar10_cnn round=5 (checkpoint deleted)
2026-08-20 12:38:01 EVALUATED cifar10-out-remove__dirichlet__alpha-1p5__metric-privacy__fedavg__clients-7__seed-42__nm0p04375__clip5__rounds-20__epochs-5__cifar10_dirichlet__cifar10_cnn round=6 (checkpoint deleted)
2026-08-20 12:38:09 EVALUATED cifar10-out-remove__dirichlet__alpha-1p5__metric-privacy__fedavg__clients-7__seed-42__nm0p04375__clip5__rounds-20__epochs-5__cifar10_dirichlet__cifar10_cnn round=7 (checkpoint deleted)
2026-08-20 12:38:17 EVALUATED cifar10-out-remove__dirichlet__alpha-1p5__metric-privacy__fedavg__clients-7__seed-42__nm0p04375__clip5__rounds-20__epochs-5__cifar10_dirichlet__cifar10_cnn round=8 (checkpoint deleted)
2026-08-20 12:38:25 EVALUATED cifar10-out-remove__dirichlet__alpha-1p5__metric-privacy__fedavg__clients-7__seed-42__nm0p04375__clip5__rounds-20__epochs-5__cifar10_dirichlet__cifar10_cnn round=9 (checkpoint deleted)
2026-08-20 12:38:33 EVALUATED cifar10-out-remove__dirichlet__alpha-1p5__metric-privacy__fedavg__clients-7__seed-42__nm0p04375__clip5__rounds-20__epochs-5__cifar10_dirichlet__cifar10_cnn round=10 (checkpoint deleted)
2026-08-20 12:38:42 EVALUATED cifar10-out-remove__dirichlet__alpha-1p5__metric-privacy__fedavg__clients-7__seed-42__nm0p04375__clip5__rounds-20__epochs-5__cifar10_dirichlet__cifar10_cnn round=11 (checkpoint deleted)
2026-08-20 12:38:50 EVALUATED cifar10-out-remove__dirichlet__alpha-1p5__metric-privacy__fedavg__clients-7__seed-42__nm0p04375__clip5__rounds-20__epochs-5__cifar10_dirichlet__cifar10_cnn round=12 (checkpoint deleted)
2026-08-20 12:38:58 EVALUATED cifar10-out-remove__dirichlet__alpha-1p5__metric-privacy__fedavg__clients-7__seed-42__nm0p04375__clip5__rounds-20__epochs-5__cifar10_dirichlet__cifar10_cnn round=13 (checkpoint deleted)
2026-08-20 12:39:06 EVALUATED cifar10-out-remove__dirichlet__alpha-1p5__metric-privacy__fedavg__clients-7__seed-42__nm0p04375__clip5__rounds-20__epochs-5__cifar10_dirichlet__cifar10_cnn round=14 (checkpoint deleted)
2026-08-20 12:39:14 EVALUATED cifar10-out-remove__dirichlet__alpha-1p5__metric-privacy__fedavg__clients-7__seed-42__nm0p04375__clip5__rounds-20__epochs-5__cifar10_dirichlet__cifar10_cnn round=15 (checkpoint deleted)
2026-08-20 12:39:22 EVALUATED cifar10-out-remove__dirichlet__alpha-1p5__metric-privacy__fedavg__clients-7__seed-42__nm0p04375__clip5__rounds-20__epochs-5__cifar10_dirichlet__cifar10_cnn round=16 (checkpoint deleted)
2026-08-20 12:39:30 EVALUATED cifar10-out-remove__dirichlet__alpha-1p5__metric-privacy__fedavg__clients-7__seed-42__nm0p04375__clip5__rounds-20__epochs-5__cifar10_dirichlet__cifar10_cnn round=17 (checkpoint deleted)
2026-08-20 12:39:38 EVALUATED cifar10-out-remove__dirichlet__alpha-1p5__metric-privacy__fedavg__clients-7__seed-42__nm0p04375__clip5__rounds-20__epochs-5__cifar10_dirichlet__cifar10_cnn round=18 (checkpoint deleted)
2026-08-20 12:39:47 EVALUATED cifar10-out-remove__dirichlet__alpha-1p5__metric-privacy__fedavg__clients-7__seed-42__nm0p04375__clip5__rounds-20__epochs-5__cifar10_dirichlet__cifar10_cnn round=19 (checkpoint deleted)
2026-08-20 12:39:55 EVALUATED cifar10-out-remove__dirichlet__alpha-1p5__metric-privacy__fedavg__clients-7__seed-42__nm0p04375__clip5__rounds-20__epochs-5__cifar10_dirichlet__cifar10_cnn round=20 (checkpoint deleted)
2026-08-20 12:39:55 PROGRESS 2/2 (0 failed so far)
2026-08-20 12:39:55 Sweep finished: 2/2 attempted, 0 failed
round= 1 dirichlet    metric-privacy  clients= 8 agg=2.302 clean_diff=-0.405% noisy_diff=-0.380%
round= 2 dirichlet    metric-privacy  clients= 8 agg=2.250 clean_diff=-0.283% noisy_diff=-0.024%
round= 3 dirichlet    metric-privacy  clients= 8 agg=2.058 clean_diff=0.397% noisy_diff=4.412%
round= 4 dirichlet    metric-privacy  clients= 8 agg=1.779 clean_diff=1.972% noisy_diff=11.506%
round= 5 dirichlet    metric-privacy  clients= 8 agg=1.539 clean_diff=-1.732% noisy_diff=19.842%
round= 6 dirichlet    metric-privacy  clients= 8 agg=1.323 clean_diff=-0.088% noisy_diff=30.804%
round= 7 dirichlet    metric-privacy  clients= 8 agg=1.163 clean_diff=-0.576% noisy_diff=43.447%
round= 8 dirichlet    metric-privacy  clients= 8 agg=1.115 clean_diff=3.158% noisy_diff=54.686%
round= 9 dirichlet    metric-privacy  clients= 8 agg=1.088 clean_diff=1.264% noisy_diff=61.131%
round=10 dirichlet    metric-privacy  clients= 8 agg=1.040 clean_diff=1.209% noisy_diff=65.813%
round=11 dirichlet    metric-privacy  clients= 8 agg=1.041 clean_diff=0.608% noisy_diff=70.512%
round=12 dirichlet    metric-privacy  clients= 8 agg=0.997 clean_diff=-8.085% noisy_diff=70.588%
round=13 dirichlet    metric-privacy  clients= 8 agg=1.004 clean_diff=-16.233% noisy_diff=69.233%
round=14 dirichlet    metric-privacy  clients= 8 agg=1.020 clean_diff=-19.148% noisy_diff=71.830%
round=15 dirichlet    metric-privacy  clients= 8 agg=1.045 clean_diff=-27.383% noisy_diff=68.306%
round=16 dirichlet    metric-privacy  clients= 8 agg=1.061 clean_diff=-24.430% noisy_diff=69.639%
round=17 dirichlet    metric-privacy  clients= 8 agg=1.115 clean_diff=-35.769% noisy_diff=64.079%
round=18 dirichlet    metric-privacy  clients= 8 agg=1.097 clean_diff=-59.010% noisy_diff=65.867%
round=19 dirichlet    metric-privacy  clients= 8 agg=1.111 clean_diff=-52.948% noisy_diff=69.076%
round=20 dirichlet    metric-privacy  clients= 8 agg=1.119 clean_diff=-46.287% noisy_diff=71.544%
round= 1 dirichlet    metric-privacy  clients= 7 agg=2.301 clean_diff=-0.221% noisy_diff=-0.211%
round= 2 dirichlet    metric-privacy  clients= 7 agg=2.224 clean_diff=0.584% noisy_diff=1.231%
round= 3 dirichlet    metric-privacy  clients= 7 agg=1.999 clean_diff=2.857% noisy_diff=8.426%
round= 4 dirichlet    metric-privacy  clients= 7 agg=1.722 clean_diff=4.795% noisy_diff=19.884%
round= 5 dirichlet    metric-privacy  clients= 7 agg=1.451 clean_diff=4.468% noisy_diff=31.225%
round= 6 dirichlet    metric-privacy  clients= 7 agg=1.274 clean_diff=7.214% noisy_diff=42.255%
round= 7 dirichlet    metric-privacy  clients= 7 agg=1.167 clean_diff=7.209% noisy_diff=51.312%
round= 8 dirichlet    metric-privacy  clients= 7 agg=1.123 clean_diff=13.335% noisy_diff=59.425%
round= 9 dirichlet    metric-privacy  clients= 7 agg=1.101 clean_diff=15.716% noisy_diff=66.763%
round=10 dirichlet    metric-privacy  clients= 7 agg=1.122 clean_diff=17.860% noisy_diff=71.906%
round=11 dirichlet    metric-privacy  clients= 7 agg=1.080 clean_diff=17.558% noisy_diff=72.900%
round=12 dirichlet    metric-privacy  clients= 7 agg=1.042 clean_diff=18.852% noisy_diff=71.682%
round=13 dirichlet    metric-privacy  clients= 7 agg=1.031 clean_diff=14.880% noisy_diff=70.578%
round=14 dirichlet    metric-privacy  clients= 7 agg=1.074 clean_diff=13.242% noisy_diff=73.145%
round=15 dirichlet    metric-privacy  clients= 7 agg=1.102 clean_diff=14.872% noisy_diff=74.698%
round=16 dirichlet    metric-privacy  clients= 7 agg=1.083 clean_diff=14.894% noisy_diff=70.856%
round=17 dirichlet    metric-privacy  clients= 7 agg=1.082 clean_diff=10.040% noisy_diff=67.769%
round=18 dirichlet    metric-privacy  clients= 7 agg=1.089 clean_diff=9.213% noisy_diff=69.144%
round=19 dirichlet    metric-privacy  clients= 7 agg=1.137 clean_diff=15.588% noisy_diff=72.966%
round=20 dirichlet    metric-privacy  clients= 7 agg=1.158 clean_diff=20.202% noisy_diff=75.463%
