2026-08-05 17:13:27 Starting full chunk: 1 trajectories
2026-08-05 17:13:27 START cifar-full-out-replace__non-iid__vanilla__fedavg__clients-8__seed-42__nm0p01__clip5__rounds-20__epochs-5__cifar_chunks__cifar10_cnn 
{
  "partition-mode": "non-iid",
  "partition-profile": "auto",
  "client-weights": "",
  "data-module": "experiments.cia.scripts.cifar_chunks:create_cifar_out_replace",
  "model-module": "experiments.reproduce.cifar10_cnn:create_model",
  "data-cache-dir": "",
  "privacy": "vanilla",
  "aggregation": "fedavg",
  "seed": 42,
  "num-server-rounds": 20,
  "num-clients": 8,
  "fraction-evaluate": 1.0,
  "local-epochs": 5,
  "learning-rate": 0.001,
  "batch-size": 32,
  "initialization-batch-size": 32,
  "initialization-epochs": 20,
  "initialization-learning-rate": 0.001,
  "max-client-samples": 0,
  "max-test-samples": 0,
  "noise-multiplier": 0.01,
  "clipping-norm": 5.0,
  "output-dir": "/content/metricdp-pytorch/results/planned_runs/cifar/full/out-replace/clients-8/seed-42/vanilla/runs",
  "run-name": "cifar-full-out-replace__non-iid__vanilla__fedavg__clients-8__seed-42__nm0p01__clip5__rounds-20__epochs-5__cifar_chunks__cifar10_cnn",
  "checkpoint-rounds": [
    1,
    2,
    3,
    4,
    5,
    6,
    7,
    8,
    9,
    10,
    11,
    12,
    13,
    14,
    15,
    16,
    17,
    18,
    19,
    20
  ]
}
2026-08-05 17:13:32.536605: I tensorflow/core/util/port.cc:153] oneDNN custom operations are on. You may see slightly different numerical results due to floating-point round-off errors from different computation orders. To turn them off, set the environment variable `TF_ENABLE_ONEDNN_OPTS=0`.
2026-08-05 17:13:32.606531: I tensorflow/core/platform/cpu_feature_guard.cc:210] This TensorFlow binary is optimized to use available CPU instructions in performance-critical operations.
To enable the following instructions: AVX2 AVX512F AVX512_VNNI FMA, in other operations, rebuild TensorFlow with the appropriate compiler flags.
[93mWARNING [0m:   DEPRECATED FEATURE: The `run_simulation` function is deprecated and will be removed in a future version of Flower. Please use `flwr run` in the CLI instead to run your simulation. Refer to the Flower Tutorials for more details: https://flower.ai/docs/framework/tutorial-quickstart-pytorch.html

            This is a deprecated feature. It will be removed
            entirely in future versions of Flower.
        
Warning: You are sending unauthenticated requests to the HF Hub. Please set a HF_TOKEN to enable higher rate limits and faster downloads.
Generating train split:   0%|          | 0/50000 [00:00<?, ? examples/s]Generating train split:  22%|██▏       | 10900/50000 [00:00<00:00, 104797.27 examples/s]Generating train split:  58%|█████▊    | 29200/50000 [00:00<00:00, 149663.88 examples/s]Generating train split:  92%|█████████▏| 46200/50000 [00:00<00:00, 150091.26 examples/s]Generating train split: 100%|██████████| 50000/50000 [00:00<00:00, 145669.65 examples/s]
Generating test split:   0%|          | 0/10000 [00:00<?, ? examples/s]Generating test split: 100%|██████████| 10000/10000 [00:00<00:00, 170609.74 examples/s]
Filtering CIFAR-10 to four classes:   0%|          | 0/50000 [00:00<?, ? examples/s]Filtering CIFAR-10 to four classes: 100%|██████████| 50000/50000 [00:00<00:00, 709794.59 examples/s]
Filtering CIFAR-10 to four classes:   0%|          | 0/10000 [00:00<?, ? examples/s]Filtering CIFAR-10 to four classes: 100%|██████████| 10000/10000 [00:00<00:00, 636136.74 examples/s]
[92mINFO [0m:      Starting DeterministicFedAvg strategy:
[92mINFO [0m:      	├── Number of rounds: 20
[92mINFO [0m:      	├── ArrayRecord (0.87 MB)
[92mINFO [0m:      	├── ConfigRecord (train): {'lr': 0.001}
[92mINFO [0m:      	├── ConfigRecord (evaluate): (empty!)
[92mINFO [0m:      	├──> Sampling:
[92mINFO [0m:      	│	├──Fraction: train (1.00) | evaluate ( 1.00)
[92mINFO [0m:      	│	├──Minimum nodes: train (8) | evaluate (8)
[92mINFO [0m:      	│	└──Minimum available nodes: 8
[92mINFO [0m:      	└──> Keys in records:
[92mINFO [0m:      		├── Weighted by: 'num-examples'
[92mINFO [0m:      		├── ArrayRecord key: 'arrays'
[92mINFO [0m:      		└── ConfigRecord key: 'config'
[92mINFO [0m:      
/usr/lib/python3.12/multiprocessing/popen_fork.py:66: DeprecationWarning: This process (pid=2000) is multi-threaded, use of fork() may lead to deadlocks in the child.
  self.pid = os.fork()
[92mINFO [0m:      Initial global evaluation results: {'loss': 1.389454957962036, 'accuracy': 0.25, 'f1': 0.1, 'precision': 0.0625, 'auc': 0.5196541250000001}
[92mINFO [0m:      
[92mINFO [0m:      [ROUND 1/20]
[92mINFO [0m:      configure_train: Sampled 8 nodes (out of 8)
/usr/local/lib/python3.12/dist-packages/ray/_private/worker.py:2051: FutureWarning: Tip: In future versions of Ray, Ray will no longer override accelerator visible devices env var if num_gpus=0 or num_gpus=None (default). To enable this behavior and turn off this error message, set RAY_ACCEL_ENV_VAR_OVERRIDE_ON_ZERO=0
  warnings.warn(
[36m(ClientAppActor pid=2806)[0m Using the latest cached version of the dataset since uoft-cs/cifar10 couldn't be found on the Hugging Face Hub (offline mode is enabled).
[36m(ClientAppActor pid=2806)[0m Found the latest cached dataset configuration 'plain_text' at /root/.cache/huggingface/datasets/uoft-cs___cifar10/plain_text/0.0.0/0b2714987fa478483af9968de7c934580d0bb9a2 (last modified on Wed Aug  5 17:13:45 2026).
[36m(ClientAppActor pid=2806)[0m /usr/lib/python3.12/multiprocessing/popen_fork.py:66: DeprecationWarning: This process (pid=2806) is multi-threaded, use of fork() may lead to deadlocks in the child.
[36m(ClientAppActor pid=2806)[0m   self.pid = os.fork()
[36m(ClientAppActor pid=2801)[0m Using the latest cached version of the dataset since uoft-cs/cifar10 couldn't be found on the Hugging Face Hub (offline mode is enabled).[32m [repeated 6x across cluster] (Ray deduplicates logs by default. Set RAY_DEDUP_LOGS=0 to disable log deduplication, or see https://docs.ray.io/en/master/ray-observability/user-guides/configure-logging.html#log-deduplication for more options.)[0m
[36m(ClientAppActor pid=2801)[0m Found the latest cached dataset configuration 'plain_text' at /root/.cache/huggingface/datasets/uoft-cs___cifar10/plain_text/0.0.0/0b2714987fa478483af9968de7c934580d0bb9a2 (last modified on Wed Aug  5 17:13:45 2026).[32m [repeated 6x across cluster][0m
[36m(ClientAppActor pid=2801)[0m /usr/lib/python3.12/multiprocessing/popen_fork.py:66: DeprecationWarning: This process (pid=2801) is multi-threaded, use of fork() may lead to deadlocks in the child.[32m [repeated 6x across cluster][0m
[36m(ClientAppActor pid=2801)[0m   self.pid = os.fork()[32m [repeated 6x across cluster][0m
[92mINFO [0m:      aggregate_train: Received 8 results and 0 failures
[92mINFO [0m:      	└──> Aggregated MetricRecord: {'train_loss': 0.8749107841010089, 'train_loss_mean': 1.0353146419740769, 'client-ids': [0, 1, 2, 3, 4, 5, 6, 7], 'per-client-num-examples': [711, 2577, 1244, 1777, 2311, 977, 2044, 2844], 'per-client-train_loss': [1.0857991199788497, 0.8459299393619824, 0.9594640624484831, 0.8468583233918645, 0.8369338184865921, 0.9406989319907728, 0.8644559490704024, 0.8447653566567036], 'per-client-train_loss_mean': [1.2395768724916354, 0.9896281539399261, 1.1557725523829077, 1.0079993232690556, 0.9950360071447596, 1.1311265004083835, 1.0230293863673499, 0.9986691132879459]}
[92mINFO [0m:      configure_evaluate: Sampled 8 nodes (out of 8)
[92mINFO [0m:      aggregate_evaluate: Received 8 results and 0 failures
[92mINFO [0m:      	└──> Aggregated MetricRecord: {'eval_loss': 1.2621352041352867, 'eval_acc': 0.48234969663541094, 'client-ids': [0, 1, 2, 3, 4, 5, 6, 7], 'per-client-eval_acc': [0.5056179775280899, 0.4821705426356589, 0.4326923076923077, 0.4966292134831461, 0.4757785467128028, 0.49387755102040815, 0.49609375, 0.4810126582278481], 'per-client-eval_loss': [1.257829987600948, 1.2637438411860502, 1.273805667192508, 1.2566043553727397, 1.2627126098091628, 1.2646062578473771, 1.2600073367357254, 1.260305556231578], 'per-client-num-examples': [178, 645, 312, 445, 578, 245, 512, 711]}
[92mINFO [0m:      Global evaluation
[92mINFO [0m:      	└──> MetricRecord: {'loss': 1.2602636613845826, 'accuracy': 0.493, 'f1': 0.4220758616258627, 'precision': 0.4655143221264717, 'auc': 0.8075480833333334}
[92mINFO [0m:      
[92mINFO [0m:      [ROUND 2/20]
[92mINFO [0m:      configure_train: Sampled 8 nodes (out of 8)
[36m(ClientAppActor pid=2804)[0m Using the latest cached version of the dataset since uoft-cs/cifar10 couldn't be found on the Hugging Face Hub (offline mode is enabled).
[36m(ClientAppActor pid=2804)[0m Found the latest cached dataset configuration 'plain_text' at /root/.cache/huggingface/datasets/uoft-cs___cifar10/plain_text/0.0.0/0b2714987fa478483af9968de7c934580d0bb9a2 (last modified on Wed Aug  5 17:13:45 2026).
[36m(ClientAppActor pid=2816)[0m /usr/lib/python3.12/multiprocessing/popen_fork.py:66: DeprecationWarning: This process (pid=2816) is multi-threaded, use of fork() may lead to deadlocks in the child.[32m [repeated 2x across cluster][0m
[36m(ClientAppActor pid=2816)[0m   self.pid = os.fork()[32m [repeated 2x across cluster][0m
[92mINFO [0m:      aggregate_train: Received 8 results and 0 failures
[92mINFO [0m:      	└──> Aggregated MetricRecord: {'train_loss': 0.7109531181616581, 'train_loss_mean': 0.8106856195888399, 'client-ids': [0, 1, 2, 3, 4, 5, 6, 7], 'per-client-num-examples': [711, 2577, 1244, 1777, 2311, 977, 2044, 2844], 'per-client-train_loss': [0.7448593394833443, 0.6713138799080796, 0.791011623630953, 0.7147697237145719, 0.7013736762354664, 0.7645622628494075, 0.7256091877439017, 0.679825500177767], 'per-client-train_loss_mean': [0.8442638134947977, 0.8002909311824498, 0.8758000722268771, 0.819947474607941, 0.7828188864584353, 0.8372628635491417, 0.8181589485847788, 0.7855839631728483]}
[92mINFO [0m:      configure_evaluate: Sampled 8 nodes (out of 8)
[92mINFO [0m:      aggregate_evaluate: Received 8 results and 0 failures
[92mINFO [0m:      	└──> Aggregated MetricRecord: {'eval_loss': 0.708370635260289, 'eval_acc': 0.7203530060672917, 'client-ids': [0, 1, 2, 3, 4, 5, 6, 7], 'per-client-eval_acc': [0.7528089887640449, 0.7069767441860465, 0.717948717948718, 0.7303370786516854, 0.7214532871972318, 0.710204081632653, 0.705078125, 0.7327707454289732], 'per-client-eval_loss': [0.6297270796272192, 0.7356564588324969, 0.7695024808247884, 0.6584082678462683, 0.7131167657441334, 0.7282875605991909, 0.7119352258741856, 0.6944625253583476], 'per-client-num-examples': [178, 645, 312, 445, 578, 245, 512, 711]}
[92mINFO [0m:      Global evaluation
[92mINFO [0m:      	└──> MetricRecord: {'loss': 0.6664272384643555, 'accuracy': 0.739, 'f1': 0.7354592296660915, 'precision': 0.7344952949568989, 'auc': 0.9254125000000001}
[92mINFO [0m:      
[92mINFO [0m:      [ROUND 3/20]
[92mINFO [0m:      configure_train: Sampled 8 nodes (out of 8)
[36m(ClientAppActor pid=2801)[0m /usr/lib/python3.12/multiprocessing/popen_fork.py:66: DeprecationWarning: This process (pid=2801) is multi-threaded, use of fork() may lead to deadlocks in the child.[32m [repeated 8x across cluster][0m
[36m(ClientAppActor pid=2801)[0m   self.pid = os.fork()[32m [repeated 8x across cluster][0m
[92mINFO [0m:      aggregate_train: Received 8 results and 0 failures
[92mINFO [0m:      	└──> Aggregated MetricRecord: {'train_loss': 0.5527008560986038, 'train_loss_mean': 0.6431757307657506, 'client-ids': [0, 1, 2, 3, 4, 5, 6, 7], 'per-client-num-examples': [711, 2577, 1244, 1777, 2311, 977, 2044, 2844], 'per-client-train_loss': [0.49635785822291584, 0.563372987367684, 0.601126437593503, 0.5532831108227968, 0.5352148845540348, 0.5472441902851253, 0.5614223714677322, 0.5453858647165419], 'per-client-train_loss_mean': [0.6047821720944175, 0.6545250538943301, 0.6898332795912813, 0.6377290930047623, 0.6276547477261838, 0.6376444570239759, 0.6643723647655106, 0.6247630814795085]}
[92mINFO [0m:      configure_evaluate: Sampled 8 nodes (out of 8)
[92mINFO [0m:      aggregate_evaluate: Received 8 results and 0 failures
[92mINFO [0m:      	└──> Aggregated MetricRecord: {'eval_loss': 0.6113161583483975, 'eval_acc': 0.7559293987865416, 'client-ids': [0, 1, 2, 3, 4, 5, 6, 7], 'per-client-eval_acc': [0.7921348314606742, 0.7581395348837209, 0.7243589743589743, 0.7865168539325843, 0.7439446366782007, 0.7387755102040816, 0.751953125, 0.7580872011251758], 'per-client-eval_loss': [0.5300149770265214, 0.6249075131822927, 0.6876269792899107, 0.5373443110605304, 0.6296268015274952, 0.6451216250049825, 0.629527797922492, 0.5925024196233092], 'per-client-num-examples': [178, 645, 312, 445, 578, 245, 512, 711]}
[92mINFO [0m:      Global evaluation
[92mINFO [0m:      	└──> MetricRecord: {'loss': 0.5614628992080688, 'accuracy': 0.7855, 'f1': 0.7848686316440194, 'precision': 0.7852081634410443, 'auc': 0.9452653333333334}
[92mINFO [0m:      
[92mINFO [0m:      [ROUND 4/20]
[92mINFO [0m:      configure_train: Sampled 8 nodes (out of 8)
[36m(ClientAppActor pid=2811)[0m /usr/lib/python3.12/multiprocessing/popen_fork.py:66: DeprecationWarning: This process (pid=2811) is multi-threaded, use of fork() may lead to deadlocks in the child.[32m [repeated 8x across cluster][0m
[36m(ClientAppActor pid=2811)[0m   self.pid = os.fork()[32m [repeated 8x across cluster][0m
[92mINFO [0m:      aggregate_train: Received 8 results and 0 failures
[92mINFO [0m:      	└──> Aggregated MetricRecord: {'train_loss': 0.43582541497979116, 'train_loss_mean': 0.5322928526862803, 'client-ids': [0, 1, 2, 3, 4, 5, 6, 7], 'per-client-num-examples': [711, 2577, 1244, 1777, 2311, 977, 2044, 2844], 'per-client-train_loss': [0.40706776189401683, 0.4521362154369073, 0.47044870650269976, 0.44244294900805614, 0.40969964079091375, 0.45018646786010375, 0.45216942288404344, 0.4135053690140425], 'per-client-train_loss_mean': [0.49601801611200164, 0.5444768581526382, 0.5660530285436625, 0.5304017696644928, 0.5122304662913792, 0.5347568895824124, 0.5578636687795709, 0.5138139797246238]}
[92mINFO [0m:      configure_evaluate: Sampled 8 nodes (out of 8)
[92mINFO [0m:      aggregate_evaluate: Received 8 results and 0 failures
[92mINFO [0m:      	└──> Aggregated MetricRecord: {'eval_loss': 0.5640700230127333, 'eval_acc': 0.7862658576944291, 'client-ids': [0, 1, 2, 3, 4, 5, 6, 7], 'per-client-eval_acc': [0.8202247191011236, 0.7751937984496124, 0.7532051282051282, 0.8, 0.7906574394463668, 0.7795918367346939, 0.77734375, 0.7988748241912799], 'per-client-eval_loss': [0.4638090428341641, 0.5826577452726143, 0.6446451819860018, 0.5155119756634315, 0.5679513194105205, 0.594675013483787, 0.5782945919781923, 0.5433972575996495], 'per-client-num-examples': [178, 645, 312, 445, 578, 245, 512, 711]}
[92mINFO [0m:      Global evaluation
[92mINFO [0m:      	└──> MetricRecord: {'loss': 0.520131929397583, 'accuracy': 0.806, 'f1': 0.8061050598106151, 'precision': 0.8063835619585995, 'auc': 0.953059875}
[92mINFO [0m:      
[92mINFO [0m:      [ROUND 5/20]
[92mINFO [0m:      configure_train: Sampled 8 nodes (out of 8)
[36m(ClientAppActor pid=2808)[0m /usr/lib/python3.12/multiprocessing/popen_fork.py:66: DeprecationWarning: This process (pid=2808) is multi-threaded, use of fork() may lead to deadlocks in the child.[32m [repeated 8x across cluster][0m
[36m(ClientAppActor pid=2808)[0m   self.pid = os.fork()[32m [repeated 8x across cluster][0m
[92mINFO [0m:      aggregate_train: Received 8 results and 0 failures
[92mINFO [0m:      	└──> Aggregated MetricRecord: {'train_loss': 0.3474105858642314, 'train_loss_mean': 0.449430706562731, 'client-ids': [0, 1, 2, 3, 4, 5, 6, 7], 'per-client-num-examples': [711, 2577, 1244, 1777, 2311, 977, 2044, 2844], 'per-client-train_loss': [0.322327627034127, 0.3684084457878369, 0.3482783910162579, 0.3687126461582098, 0.3534541671176021, 0.3315585435595947, 0.35254935036666707, 0.3178066063866166], 'per-client-train_loss_mean': [0.4094317817528707, 0.45118005612722706, 0.4768434033516519, 0.45440128505666, 0.4453069999710867, 0.4551147844173403, 0.4598954725288832, 0.4366260684324551]}
[92mINFO [0m:      configure_evaluate: Sampled 8 nodes (out of 8)
[92mINFO [0m:      aggregate_evaluate: Received 8 results and 0 failures
[92mINFO [0m:      	└──> Aggregated MetricRecord: {'eval_loss': 0.535565315111362, 'eval_acc': 0.8036403750689465, 'client-ids': [0, 1, 2, 3, 4, 5, 6, 7], 'per-client-eval_acc': [0.848314606741573, 0.7891472868217054, 0.7628205128205128, 0.8224719101123595, 0.8131487889273357, 0.7959183673469388, 0.787109375, 0.8185654008438819], 'per-client-eval_loss': [0.4449506006883771, 0.5573945015899895, 0.6195088227589926, 0.5158887659565786, 0.5322922046157728, 0.5634175358986367, 0.5381742492318153, 0.5051118318206315], 'per-client-num-examples': [178, 645, 312, 445, 578, 245, 512, 711]}
[92mINFO [0m:      Global evaluation
[92mINFO [0m:      	└──> MetricRecord: {'loss': 0.5055903859138489, 'accuracy': 0.8145, 'f1': 0.8144352497157431, 'precision': 0.8155325179653725, 'auc': 0.9563565833333334}
[92mINFO [0m:      
[92mINFO [0m:      [ROUND 6/20]
[92mINFO [0m:      configure_train: Sampled 8 nodes (out of 8)
[36m(ClientAppActor pid=2816)[0m /usr/lib/python3.12/multiprocessing/popen_fork.py:66: DeprecationWarning: This process (pid=2816) is multi-threaded, use of fork() may lead to deadlocks in the child.[32m [repeated 8x across cluster][0m
[36m(ClientAppActor pid=2816)[0m   self.pid = os.fork()[32m [repeated 8x across cluster][0m
[92mINFO [0m:      aggregate_train: Received 8 results and 0 failures
[92mINFO [0m:      	└──> Aggregated MetricRecord: {'train_loss': 0.2518474257193971, 'train_loss_mean': 0.36799462954854817, 'client-ids': [0, 1, 2, 3, 4, 5, 6, 7], 'per-client-num-examples': [711, 2577, 1244, 1777, 2311, 977, 2044, 2844], 'per-client-train_loss': [0.19645589355342666, 0.23814790223197138, 0.2758138571713132, 0.2763460571502928, 0.25642387165955166, 0.24084693712002178, 0.25021525797545324, 0.25355143566339494], 'per-client-train_loss_mean': [0.3331108711691345, 0.36264528253997164, 0.411588006368404, 0.3760080774094056, 0.3623574384965715, 0.39009267095716604, 0.3709134969634319, 0.3523790032845174]}
[92mINFO [0m:      configure_evaluate: Sampled 8 nodes (out of 8)
[92mINFO [0m:      aggregate_evaluate: Received 8 results and 0 failures
[92mINFO [0m:      	└──> Aggregated MetricRecord: {'eval_loss': 0.5394658996896706, 'eval_acc': 0.8127413127413126, 'client-ids': [0, 1, 2, 3, 4, 5, 6, 7], 'per-client-eval_acc': [0.8370786516853933, 0.7953488372093023, 0.7916666666666666, 0.8224719101123595, 0.8114186851211073, 0.8204081632653061, 0.802734375, 0.8312236286919831], 'per-client-eval_loss': [0.44858948769194357, 0.5644885053006253, 0.6254497537246118, 0.5018566067299146, 0.5478576220069274, 0.6072948611512476, 0.5288352388888597, 0.5027851414579882], 'per-client-num-examples': [178, 645, 312, 445, 578, 245, 512, 711]}
[92mINFO [0m:      Global evaluation
[92mINFO [0m:      	└──> MetricRecord: {'loss': 0.5126284840106964, 'accuracy': 0.8225, 'f1': 0.8218586929997325, 'precision': 0.8214578334046669, 'auc': 0.960056}
[92mINFO [0m:      
[92mINFO [0m:      [ROUND 7/20]
[92mINFO [0m:      configure_train: Sampled 8 nodes (out of 8)
[36m(ClientAppActor pid=2811)[0m /usr/lib/python3.12/multiprocessing/popen_fork.py:66: DeprecationWarning: This process (pid=2811) is multi-threaded, use of fork() may lead to deadlocks in the child.[32m [repeated 8x across cluster][0m
[36m(ClientAppActor pid=2811)[0m   self.pid = os.fork()[32m [repeated 8x across cluster][0m
[92mINFO [0m:      aggregate_train: Received 8 results and 0 failures
[92mINFO [0m:      	└──> Aggregated MetricRecord: {'train_loss': 0.18335376365877323, 'train_loss_mean': 0.301463161313898, 'client-ids': [0, 1, 2, 3, 4, 5, 6, 7], 'per-client-num-examples': [711, 2577, 1244, 1777, 2311, 977, 2044, 2844], 'per-client-train_loss': [0.1631569690929016, 0.17135059639239061, 0.19504381661150616, 0.21991005277006426, 0.16504899742205079, 0.21017620130656564, 0.18265186256041965, 0.1774889993810117], 'per-client-train_loss_mean': [0.3161860444521435, 0.2740352943105942, 0.3503210308994511, 0.33516336707718, 0.29338009772408785, 0.34573590075530436, 0.3001315714970027, 0.27252379811346616]}
[92mINFO [0m:      configure_evaluate: Sampled 8 nodes (out of 8)
[92mINFO [0m:      aggregate_evaluate: Received 8 results and 0 failures
[92mINFO [0m:      	└──> Aggregated MetricRecord: {'eval_loss': 0.5587599352289812, 'eval_acc': 0.8201875344732488, 'client-ids': [0, 1, 2, 3, 4, 5, 6, 7], 'per-client-eval_acc': [0.8426966292134831, 0.8108527131782945, 0.8076923076923077, 0.8314606741573034, 0.8183391003460208, 0.8204081632653061, 0.814453125, 0.8270042194092827], 'per-client-eval_loss': [0.49525348657972357, 0.5733308379040208, 0.6251778694299551, 0.5397861180680521, 0.5784676077044134, 0.6358412567450076, 0.5451115854084492, 0.5114165673611368], 'per-client-num-examples': [178, 645, 312, 445, 578, 245, 512, 711]}
[92mINFO [0m:      Global evaluation
[92mINFO [0m:      	└──> MetricRecord: {'loss': 0.5401021072864532, 'accuracy': 0.812, 'f1': 0.8115591606978841, 'precision': 0.8122302644077596, 'auc': 0.9600830416666667}
[92mINFO [0m:      
[92mINFO [0m:      [ROUND 8/20]
[92mINFO [0m:      configure_train: Sampled 8 nodes (out of 8)
[36m(ClientAppActor pid=2808)[0m /usr/lib/python3.12/multiprocessing/popen_fork.py:66: DeprecationWarning: This process (pid=2808) is multi-threaded, use of fork() may lead to deadlocks in the child.[32m [repeated 8x across cluster][0m
[36m(ClientAppActor pid=2808)[0m   self.pid = os.fork()[32m [repeated 8x across cluster][0m
[92mINFO [0m:      aggregate_train: Received 8 results and 0 failures
[92mINFO [0m:      	└──> Aggregated MetricRecord: {'train_loss': 0.13034682572813827, 'train_loss_mean': 0.24158681327612763, 'client-ids': [0, 1, 2, 3, 4, 5, 6, 7], 'per-client-num-examples': [711, 2577, 1244, 1777, 2311, 977, 2044, 2844], 'per-client-train_loss': [0.1032326401076404, 0.12230584196251956, 0.15641992891333112, 0.13568611603626457, 0.14026375512754902, 0.13225450722868634, 0.09715327906281981, 0.14481332453829662], 'per-client-train_loss_mean': [0.2611167653525345, 0.2153241045894459, 0.2914508831654331, 0.2678830198436288, 0.2419177832534075, 0.2718572069047173, 0.2312225077833448, 0.21904094006274155]}
[92mINFO [0m:      configure_evaluate: Sampled 8 nodes (out of 8)
[92mINFO [0m:      aggregate_evaluate: Received 8 results and 0 failures
[92mINFO [0m:      	└──> Aggregated MetricRecord: {'eval_loss': 0.5900661820533978, 'eval_acc': 0.827357970215113, 'client-ids': [0, 1, 2, 3, 4, 5, 6, 7], 'per-client-eval_acc': [0.8595505617977528, 0.8186046511627907, 0.8141025641025641, 0.8426966292134831, 0.8252595155709342, 0.8204081632653061, 0.8203125, 0.8326300984528833], 'per-client-eval_loss': [0.49695313244723205, 0.6025968849774479, 0.6610295031315241, 0.5515120827749874, 0.61970151977446, 0.6737559571558115, 0.5642384625971317, 0.5606687273489608], 'per-client-num-examples': [178, 645, 312, 445, 578, 245, 512, 711]}
[92mINFO [0m:      Global evaluation
[92mINFO [0m:      	└──> MetricRecord: {'loss': 0.5632332165241242, 'accuracy': 0.827, 'f1': 0.8270401241666102, 'precision': 0.8279249210067466, 'auc': 0.9627865416666666}
[92mINFO [0m:      
[92mINFO [0m:      [ROUND 9/20]
[92mINFO [0m:      configure_train: Sampled 8 nodes (out of 8)
[36m(ClientAppActor pid=2811)[0m /usr/lib/python3.12/multiprocessing/popen_fork.py:66: DeprecationWarning: This process (pid=2811) is multi-threaded, use of fork() may lead to deadlocks in the child.[32m [repeated 8x across cluster][0m
[36m(ClientAppActor pid=2811)[0m   self.pid = os.fork()[32m [repeated 8x across cluster][0m
[92mINFO [0m:      aggregate_train: Received 8 results and 0 failures
[92mINFO [0m:      	└──> Aggregated MetricRecord: {'train_loss': 0.09622094616381349, 'train_loss_mean': 0.20013699579883648, 'client-ids': [0, 1, 2, 3, 4, 5, 6, 7], 'per-client-num-examples': [711, 2577, 1244, 1777, 2311, 977, 2044, 2844], 'per-client-train_loss': [0.09303827241125992, 0.10637471573640545, 0.09845575509395246, 0.11064848894558399, 0.09255399728739536, 0.11592317891889609, 0.07825429396386716, 0.08694803672836132], 'per-client-train_loss_mean': [0.23784848705625733, 0.1729451660308257, 0.2634318778560859, 0.2175220729706659, 0.19324097972063406, 0.26654816021877764, 0.18368042159220477, 0.17141638497301964]}
[92mINFO [0m:      configure_evaluate: Sampled 8 nodes (out of 8)
[92mINFO [0m:      aggregate_evaluate: Received 8 results and 0 failures
[92mINFO [0m:      	└──> Aggregated MetricRecord: {'eval_loss': 0.6245764920297164, 'eval_acc': 0.8254274682846111, 'client-ids': [0, 1, 2, 3, 4, 5, 6, 7], 'per-client-eval_acc': [0.8426966292134831, 0.8170542635658915, 0.8237179487179487, 0.8337078651685393, 0.828719723183391, 0.8204081632653061, 0.818359375, 0.8284106891701828], 'per-client-eval_loss': [0.5328938671377268, 0.6417242766235226, 0.6691773396271926, 0.5828261150402969, 0.6653473234218207, 0.7135873288524394, 0.5870506726205349, 0.6017391691730998], 'per-client-num-examples': [178, 645, 312, 445, 578, 245, 512, 711]}
[92mINFO [0m:      Global evaluation
[92mINFO [0m:      	└──> MetricRecord: {'loss': 0.6059180073738099, 'accuracy': 0.8305, 'f1': 0.830239515387831, 'precision': 0.8307841843722447, 'auc': 0.9618837916666667}
[92mINFO [0m:      
[92mINFO [0m:      [ROUND 10/20]
[92mINFO [0m:      configure_train: Sampled 8 nodes (out of 8)
[36m(ClientAppActor pid=2817)[0m /usr/lib/python3.12/multiprocessing/popen_fork.py:66: DeprecationWarning: This process (pid=2817) is multi-threaded, use of fork() may lead to deadlocks in the child.[32m [repeated 8x across cluster][0m
[36m(ClientAppActor pid=2817)[0m   self.pid = os.fork()[32m [repeated 8x across cluster][0m
[92mINFO [0m:      aggregate_train: Received 8 results and 0 failures
[92mINFO [0m:      	└──> Aggregated MetricRecord: {'train_loss': 0.07268734770217955, 'train_loss_mean': 0.1717163065991268, 'client-ids': [0, 1, 2, 3, 4, 5, 6, 7], 'per-client-num-examples': [711, 2577, 1244, 1777, 2311, 977, 2044, 2844], 'per-client-train_loss': [0.06150619945152887, 0.07760360682593513, 0.07094872546445136, 0.05387803099496048, 0.07783301957157146, 0.08799378896473374, 0.0848781413265637, 0.06533980041836636], 'per-client-train_loss_mean': [0.2032338490206997, 0.1349106229056753, 0.23349768230481932, 0.18370738404922998, 0.16474991900457875, 0.2188492663517335, 0.17010768203469406, 0.15329631604778196]}
[92mINFO [0m:      configure_evaluate: Sampled 8 nodes (out of 8)
[92mINFO [0m:      aggregate_evaluate: Received 8 results and 0 failures
[92mINFO [0m:      	└──> Aggregated MetricRecord: {'eval_loss': 0.6405671008350662, 'eval_acc': 0.8309431880860453, 'client-ids': [0, 1, 2, 3, 4, 5, 6, 7], 'per-client-eval_acc': [0.848314606741573, 0.8232558139534883, 0.8333333333333334, 0.8471910112359551, 0.8304498269896193, 0.8285714285714286, 0.830078125, 0.8241912798874824], 'per-client-eval_loss': [0.5845491512772742, 0.6650499631152597, 0.6801361663219256, 0.5912440074963516, 0.6784460994303807, 0.7175530530968491, 0.6095179077237844, 0.6109251097452456], 'per-client-num-examples': [178, 645, 312, 445, 578, 245, 512, 711]}
[92mINFO [0m:      Global evaluation
[92mINFO [0m:      	└──> MetricRecord: {'loss': 0.6319716942310333, 'accuracy': 0.827, 'f1': 0.8262324504289372, 'precision': 0.8263266089177415, 'auc': 0.9611792916666667}
[92mINFO [0m:      
[92mINFO [0m:      [ROUND 11/20]
[92mINFO [0m:      configure_train: Sampled 8 nodes (out of 8)
[36m(ClientAppActor pid=2811)[0m /usr/lib/python3.12/multiprocessing/popen_fork.py:66: DeprecationWarning: This process (pid=2811) is multi-threaded, use of fork() may lead to deadlocks in the child.[32m [repeated 8x across cluster][0m
[36m(ClientAppActor pid=2811)[0m   self.pid = os.fork()[32m [repeated 8x across cluster][0m
[92mINFO [0m:      aggregate_train: Received 8 results and 0 failures
[92mINFO [0m:      	└──> Aggregated MetricRecord: {'train_loss': 0.06294867809232445, 'train_loss_mean': 0.15019355748772678, 'client-ids': [0, 1, 2, 3, 4, 5, 6, 7], 'per-client-num-examples': [711, 2577, 1244, 1777, 2311, 977, 2044, 2844], 'per-client-train_loss': [0.05081868002390287, 0.0648151968559196, 0.05427115353069888, 0.09708400474013273, 0.05079825628469874, 0.0341792271959623, 0.03831371810075822, 0.08421872430199392], 'per-client-train_loss_mean': [0.23217762191616176, 0.12304085383858845, 0.19882642196018213, 0.17252746815837766, 0.1339922982930157, 0.20442587134934498, 0.14150936769543912, 0.11984961519565344]}
[92mINFO [0m:      configure_evaluate: Sampled 8 nodes (out of 8)
[92mINFO [0m:      aggregate_evaluate: Received 8 results and 0 failures
[92mINFO [0m:      	└──> Aggregated MetricRecord: {'eval_loss': 0.6701984603806325, 'eval_acc': 0.8290126861555434, 'client-ids': [0, 1, 2, 3, 4, 5, 6, 7], 'per-client-eval_acc': [0.848314606741573, 0.8170542635658915, 0.8269230769230769, 0.849438202247191, 0.8269896193771626, 0.8367346938775511, 0.818359375, 0.829817158931083], 'per-client-eval_loss': [0.6213474382510346, 0.6877176301005159, 0.7089312237042648, 0.6088562633214372, 0.7296166420216547, 0.7384707645494111, 0.6270820256322622, 0.6471512931308666], 'per-client-num-examples': [178, 645, 312, 445, 578, 245, 512, 711]}
[92mINFO [0m:      Global evaluation
[92mINFO [0m:      	└──> MetricRecord: {'loss': 0.6596156616210938, 'accuracy': 0.8245, 'f1': 0.8241022085488373, 'precision': 0.8241477131897554, 'auc': 0.9620838333333334}
[92mINFO [0m:      
[92mINFO [0m:      [ROUND 12/20]
[92mINFO [0m:      configure_train: Sampled 8 nodes (out of 8)
[36m(ClientAppActor pid=2816)[0m /usr/lib/python3.12/multiprocessing/popen_fork.py:66: DeprecationWarning: This process (pid=2816) is multi-threaded, use of fork() may lead to deadlocks in the child.[32m [repeated 8x across cluster][0m
[36m(ClientAppActor pid=2816)[0m   self.pid = os.fork()[32m [repeated 8x across cluster][0m
[92mINFO [0m:      aggregate_train: Received 8 results and 0 failures
[92mINFO [0m:      	└──> Aggregated MetricRecord: {'train_loss': 0.05073245520104581, 'train_loss_mean': 0.12662790425026305, 'client-ids': [0, 1, 2, 3, 4, 5, 6, 7], 'per-client-num-examples': [711, 2577, 1244, 1777, 2311, 977, 2044, 2844], 'per-client-train_loss': [0.039283307083867985, 0.07453336555411014, 0.05100510785673592, 0.047136129105969905, 0.03835663610258495, 0.031612233570495675, 0.0826100154894672, 0.027870335348301505], 'per-client-train_loss_mean': [0.18465335356391202, 0.10157952630551959, 0.18024168998673798, 0.13819814620599294, 0.11551264352076503, 0.1857285438969106, 0.12461098198963005, 0.09431648997527073]}
[92mINFO [0m:      configure_evaluate: Sampled 8 nodes (out of 8)
[92mINFO [0m:      aggregate_evaluate: Received 8 results and 0 failures
[92mINFO [0m:      	└──> Aggregated MetricRecord: {'eval_loss': 0.7061791200052985, 'eval_acc': 0.827357970215113, 'client-ids': [0, 1, 2, 3, 4, 5, 6, 7], 'per-client-eval_acc': [0.8370786516853933, 0.8186046511627907, 0.8141025641025641, 0.8337078651685393, 0.8494809688581315, 0.8244897959183674, 0.818359375, 0.8241912798874824], 'per-client-eval_loss': [0.6782185495569465, 0.7361805317288106, 0.7079835877968714, 0.6263644202371662, 0.7848662544057179, 0.7295530825245137, 0.6575635448098183, 0.698111621304068], 'per-client-num-examples': [178, 645, 312, 445, 578, 245, 512, 711]}
[92mINFO [0m:      Global evaluation
[92mINFO [0m:      	└──> MetricRecord: {'loss': 0.7015691301822662, 'accuracy': 0.8255, 'f1': 0.8258687285874955, 'precision': 0.8266589090599795, 'auc': 0.9615863333333334}
[92mINFO [0m:      
[92mINFO [0m:      [ROUND 13/20]
[92mINFO [0m:      configure_train: Sampled 8 nodes (out of 8)
[36m(ClientAppActor pid=2808)[0m /usr/lib/python3.12/multiprocessing/popen_fork.py:66: DeprecationWarning: This process (pid=2808) is multi-threaded, use of fork() may lead to deadlocks in the child.[32m [repeated 8x across cluster][0m
[36m(ClientAppActor pid=2808)[0m   self.pid = os.fork()[32m [repeated 8x across cluster][0m
[92mINFO [0m:      aggregate_train: Received 8 results and 0 failures
[92mINFO [0m:      	└──> Aggregated MetricRecord: {'train_loss': 0.05826744695943833, 'train_loss_mean': 0.12098673796746238, 'client-ids': [0, 1, 2, 3, 4, 5, 6, 7], 'per-client-num-examples': [711, 2577, 1244, 1777, 2311, 977, 2044, 2844], 'per-client-train_loss': [0.044565739808685986, 0.048828109145290254, 0.03135623336077886, 0.06176118549658117, 0.058998786392152204, 0.025931786520820312, 0.029967031811606395, 0.11068802609065162], 'per-client-train_loss_mean': [0.2007026198656893, 0.09233142594244154, 0.19198080929313635, 0.13464231112399064, 0.09994417176149606, 0.17627502480558022, 0.10672477660026336, 0.09579276192184072]}
[92mINFO [0m:      configure_evaluate: Sampled 8 nodes (out of 8)
[92mINFO [0m:      aggregate_evaluate: Received 8 results and 0 failures
[92mINFO [0m:      	└──> Aggregated MetricRecord: {'eval_loss': 0.6957452721039519, 'eval_acc': 0.8314947600661887, 'client-ids': [0, 1, 2, 3, 4, 5, 6, 7], 'per-client-eval_acc': [0.8370786516853933, 0.8232558139534883, 0.8397435897435898, 0.8404494382022472, 0.8339100346020761, 0.8326530612244898, 0.826171875, 0.829817158931083], 'per-client-eval_loss': [0.6841638972250264, 0.7087715623878635, 0.6881835865668762, 0.6309907136338481, 0.7455508247344951, 0.780130113874163, 0.6387118361890316, 0.7021781489483583], 'per-client-num-examples': [178, 645, 312, 445, 578, 245, 512, 711]}
[92mINFO [0m:      Global evaluation
[92mINFO [0m:      	└──> MetricRecord: {'loss': 0.6996098430156708, 'accuracy': 0.823, 'f1': 0.8226277608691865, 'precision': 0.8227095158736166, 'auc': 0.9613902916666667}
[92mINFO [0m:      
[92mINFO [0m:      [ROUND 14/20]
[92mINFO [0m:      configure_train: Sampled 8 nodes (out of 8)
[36m(ClientAppActor pid=2811)[0m /usr/lib/python3.12/multiprocessing/popen_fork.py:66: DeprecationWarning: This process (pid=2811) is multi-threaded, use of fork() may lead to deadlocks in the child.[32m [repeated 8x across cluster][0m
[36m(ClientAppActor pid=2811)[0m   self.pid = os.fork()[32m [repeated 8x across cluster][0m
[92mINFO [0m:      aggregate_train: Received 8 results and 0 failures
[92mINFO [0m:      	└──> Aggregated MetricRecord: {'train_loss': 0.0497985919348061, 'train_loss_mean': 0.10547280510500764, 'client-ids': [0, 1, 2, 3, 4, 5, 6, 7], 'per-client-num-examples': [711, 2577, 1244, 1777, 2311, 977, 2044, 2844], 'per-client-train_loss': [0.03251388438606606, 0.03611936834255912, 0.0713707319074505, 0.052721125100459953, 0.05595318929228588, 0.027308614385012107, 0.052226225275057866, 0.05623285836538853], 'per-client-train_loss_mean': [0.20998894547239347, 0.08254700330721029, 0.17485564610294974, 0.10567346873641281, 0.08126804750650066, 0.16245820447650022, 0.09357750085774816, 0.07828449408632458]}
[92mINFO [0m:      configure_evaluate: Sampled 8 nodes (out of 8)
[92mINFO [0m:      aggregate_evaluate: Received 8 results and 0 failures
[92mINFO [0m:      	└──> Aggregated MetricRecord: {'eval_loss': 0.7114568534870316, 'eval_acc': 0.8281853281853283, 'client-ids': [0, 1, 2, 3, 4, 5, 6, 7], 'per-client-eval_acc': [0.8258426966292135, 0.8217054263565892, 0.8141025641025641, 0.849438202247191, 0.8304498269896193, 0.8326530612244898, 0.828125, 0.8241912798874824], 'per-client-eval_loss': [0.7341668947359149, 0.7282744362011783, 0.7477211654186249, 0.6368062105071679, 0.7542071331757246, 0.7514296959857552, 0.6600997457280755, 0.7097791793812511], 'per-client-num-examples': [178, 645, 312, 445, 578, 245, 512, 711]}
[92mINFO [0m:      Global evaluation
[92mINFO [0m:      	└──> MetricRecord: {'loss': 0.7049113500118256, 'accuracy': 0.8185, 'f1': 0.8187703982129263, 'precision': 0.8191140759610864, 'auc': 0.9608615416666666}
[92mINFO [0m:      
[92mINFO [0m:      [ROUND 15/20]
[92mINFO [0m:      configure_train: Sampled 8 nodes (out of 8)
[36m(ClientAppActor pid=2817)[0m /usr/lib/python3.12/multiprocessing/popen_fork.py:66: DeprecationWarning: This process (pid=2817) is multi-threaded, use of fork() may lead to deadlocks in the child.[32m [repeated 8x across cluster][0m
[36m(ClientAppActor pid=2817)[0m   self.pid = os.fork()[32m [repeated 8x across cluster][0m
[92mINFO [0m:      aggregate_train: Received 8 results and 0 failures
[92mINFO [0m:      	└──> Aggregated MetricRecord: {'train_loss': 0.059369666003813396, 'train_loss_mean': 0.0982934751880635, 'client-ids': [0, 1, 2, 3, 4, 5, 6, 7], 'per-client-num-examples': [711, 2577, 1244, 1777, 2311, 977, 2044, 2844], 'per-client-train_loss': [0.023247495869963147, 0.05897170158090821, 0.03486466883319367, 0.03963484937512747, 0.05768701889177793, 0.03789450557656517, 0.055400088301872555, 0.10340800951595212], 'per-client-train_loss_mean': [0.16992383474292844, 0.07760714124801446, 0.13844733758922367, 0.10398234081573546, 0.0782049862001565, 0.15657040227887087, 0.0865762788714903, 0.08273681816520528]}
[92mINFO [0m:      configure_evaluate: Sampled 8 nodes (out of 8)
[92mINFO [0m:      aggregate_evaluate: Received 8 results and 0 failures
[92mINFO [0m:      	└──> Aggregated MetricRecord: {'eval_loss': 0.7017785749058236, 'eval_acc': 0.8268063982349696, 'client-ids': [0, 1, 2, 3, 4, 5, 6, 7], 'per-client-eval_acc': [0.8314606741573034, 0.8155038759689922, 0.8173076923076923, 0.8629213483146068, 0.8269896193771626, 0.8326530612244898, 0.81640625, 0.8227848101265823], 'per-client-eval_loss': [0.7295859328816446, 0.7051128897787065, 0.7469394957790008, 0.6168598030390364, 0.7642726078569071, 0.7315631321498326, 0.6577826272696257, 0.6957384356298862], 'per-client-num-examples': [178, 645, 312, 445, 578, 245, 512, 711]}
[92mINFO [0m:      Global evaluation
[92mINFO [0m:      	└──> MetricRecord: {'loss': 0.7273419792056084, 'accuracy': 0.823, 'f1': 0.8232461935083566, 'precision': 0.8235814859104291, 'auc': 0.9597163333333333}
[92mINFO [0m:      
[92mINFO [0m:      [ROUND 16/20]
[92mINFO [0m:      configure_train: Sampled 8 nodes (out of 8)
[36m(ClientAppActor pid=2811)[0m /usr/lib/python3.12/multiprocessing/popen_fork.py:66: DeprecationWarning: This process (pid=2811) is multi-threaded, use of fork() may lead to deadlocks in the child.[32m [repeated 8x across cluster][0m
[36m(ClientAppActor pid=2811)[0m   self.pid = os.fork()[32m [repeated 8x across cluster][0m
[92mINFO [0m:      aggregate_train: Received 8 results and 0 failures
[92mINFO [0m:      	└──> Aggregated MetricRecord: {'train_loss': 0.04621161802487884, 'train_loss_mean': 0.092183678974858, 'client-ids': [0, 1, 2, 3, 4, 5, 6, 7], 'per-client-num-examples': [711, 2577, 1244, 1777, 2311, 977, 2044, 2844], 'per-client-train_loss': [0.025363896666674282, 0.0560816770746905, 0.030567052899904766, 0.023409066822227313, 0.0316377403647794, 0.03883374728712357, 0.050211722457712174, 0.07507299557040051], 'per-client-train_loss_mean': [0.1647567534703485, 0.07035612263635442, 0.1253619268889931, 0.1094814435873557, 0.08554731875151067, 0.15008610914801626, 0.07870499740505989, 0.06368672676743356]}
[92mINFO [0m:      configure_evaluate: Sampled 8 nodes (out of 8)
[92mINFO [0m:      aggregate_evaluate: Received 8 results and 0 failures
[92mINFO [0m:      	└──> Aggregated MetricRecord: {'eval_loss': 0.7533999477605342, 'eval_acc': 0.8314947600661886, 'client-ids': [0, 1, 2, 3, 4, 5, 6, 7], 'per-client-eval_acc': [0.8539325842696629, 0.8186046511627907, 0.842948717948718, 0.8382022471910112, 0.8304498269896193, 0.8244897959183674, 0.828125, 0.8340365682137834], 'per-client-eval_loss': [0.7266624389069803, 0.7375851339032483, 0.7321455081303915, 0.6835897590337174, 0.8244640183607664, 0.8332656393245775, 0.7223181910812855, 0.7645511191270187], 'per-client-num-examples': [178, 645, 312, 445, 578, 245, 512, 711]}
[92mINFO [0m:      Global evaluation
[92mINFO [0m:      	└──> MetricRecord: {'loss': 0.7472685236930847, 'accuracy': 0.8235, 'f1': 0.8231083863582258, 'precision': 0.8236513271325182, 'auc': 0.9601905}
[92mINFO [0m:      
[92mINFO [0m:      [ROUND 17/20]
[92mINFO [0m:      configure_train: Sampled 8 nodes (out of 8)
[36m(ClientAppActor pid=2811)[0m /usr/lib/python3.12/multiprocessing/popen_fork.py:66: DeprecationWarning: This process (pid=2811) is multi-threaded, use of fork() may lead to deadlocks in the child.[32m [repeated 8x across cluster][0m
[36m(ClientAppActor pid=2811)[0m   self.pid = os.fork()[32m [repeated 8x across cluster][0m
[92mINFO [0m:      aggregate_train: Received 8 results and 0 failures
[92mINFO [0m:      	└──> Aggregated MetricRecord: {'train_loss': 0.04827721479728504, 'train_loss_mean': 0.08146752804395906, 'client-ids': [0, 1, 2, 3, 4, 5, 6, 7], 'per-client-num-examples': [711, 2577, 1244, 1777, 2311, 977, 2044, 2844], 'per-client-train_loss': [0.020817348691628285, 0.060464247387534295, 0.02122507169782828, 0.04262579110758688, 0.04825665234829481, 0.033128875411642736, 0.04899331456535075, 0.06416932703421546], 'per-client-train_loss_mean': [0.16376349620636338, 0.06004949442947953, 0.12426501440776698, 0.09197504802989068, 0.0669828624870791, 0.12367760073069481, 0.07895081111552547, 0.054093721327430844]}
[92mINFO [0m:      configure_evaluate: Sampled 8 nodes (out of 8)
[92mINFO [0m:      aggregate_evaluate: Received 8 results and 0 failures
[92mINFO [0m:      	└──> Aggregated MetricRecord: {'eval_loss': 0.7587192063542186, 'eval_acc': 0.8257032542746828, 'client-ids': [0, 1, 2, 3, 4, 5, 6, 7], 'per-client-eval_acc': [0.8202247191011236, 0.8232558139534883, 0.8333333333333334, 0.8539325842696629, 0.8096885813148789, 0.8204081632653061, 0.822265625, 0.8255977496483825], 'per-client-eval_loss': [0.7851987454328644, 0.7502889632023582, 0.7619058077151959, 0.6939636798387163, 0.8109686891862536, 0.843866050486662, 0.7202545758336782, 0.7547513462823151], 'per-client-num-examples': [178, 645, 312, 445, 578, 245, 512, 711]}
[92mINFO [0m:      Global evaluation
[92mINFO [0m:      	└──> MetricRecord: {'loss': 0.7917614290714264, 'accuracy': 0.8235, 'f1': 0.8221716609816492, 'precision': 0.8220151774442012, 'auc': 0.958738375}
[92mINFO [0m:      
[92mINFO [0m:      [ROUND 18/20]
[92mINFO [0m:      configure_train: Sampled 8 nodes (out of 8)
[36m(ClientAppActor pid=2804)[0m /usr/lib/python3.12/multiprocessing/popen_fork.py:66: DeprecationWarning: This process (pid=2804) is multi-threaded, use of fork() may lead to deadlocks in the child.[32m [repeated 8x across cluster][0m
[36m(ClientAppActor pid=2804)[0m   self.pid = os.fork()[32m [repeated 8x across cluster][0m
[92mINFO [0m:      aggregate_train: Received 8 results and 0 failures
[92mINFO [0m:      	└──> Aggregated MetricRecord: {'train_loss': 0.05649204138316141, 'train_loss_mean': 0.0826027794211957, 'client-ids': [0, 1, 2, 3, 4, 5, 6, 7], 'per-client-num-examples': [711, 2577, 1244, 1777, 2311, 977, 2044, 2844], 'per-client-train_loss': [0.08197668055923847, 0.08019076194532858, 0.08906116057486779, 0.07159019842718717, 0.049651559898220746, 0.043097313977739825, 0.02951366235292471, 0.034516731059668605], 'per-client-train_loss_mean': [0.18264275422285714, 0.06127887378022297, 0.13201143868099838, 0.09155022315576161, 0.06786369956902473, 0.12113565873038194, 0.06985089647084285, 0.05761668319092165]}
[92mINFO [0m:      configure_evaluate: Sampled 8 nodes (out of 8)
[92mINFO [0m:      aggregate_evaluate: Received 8 results and 0 failures
[92mINFO [0m:      	└──> Aggregated MetricRecord: {'eval_loss': 0.7687867928154549, 'eval_acc': 0.8229453943739659, 'client-ids': [0, 1, 2, 3, 4, 5, 6, 7], 'per-client-eval_acc': [0.8258426966292135, 0.8124031007751938, 0.8205128205128205, 0.8359550561797753, 0.8217993079584776, 0.8448979591836735, 0.810546875, 0.8270042194092827], 'per-client-eval_loss': [0.7550491228532256, 0.7553355066683288, 0.7949000860636051, 0.6981398941425795, 0.8423620823748204, 0.7596248256916902, 0.7562800645828247, 0.7695371678777553], 'per-client-num-examples': [178, 645, 312, 445, 578, 245, 512, 711]}
[92mINFO [0m:      Global evaluation
[92mINFO [0m:      	└──> MetricRecord: {'loss': 0.79339697265625, 'accuracy': 0.8195, 'f1': 0.8194178358834004, 'precision': 0.8195701444009293, 'auc': 0.9583314166666668}
[92mINFO [0m:      
[92mINFO [0m:      [ROUND 19/20]
[92mINFO [0m:      configure_train: Sampled 8 nodes (out of 8)
[36m(ClientAppActor pid=2817)[0m /usr/lib/python3.12/multiprocessing/popen_fork.py:66: DeprecationWarning: This process (pid=2817) is multi-threaded, use of fork() may lead to deadlocks in the child.[32m [repeated 8x across cluster][0m
[36m(ClientAppActor pid=2817)[0m   self.pid = os.fork()[32m [repeated 8x across cluster][0m
[92mINFO [0m:      aggregate_train: Received 8 results and 0 failures
[92mINFO [0m:      	└──> Aggregated MetricRecord: {'train_loss': 0.056436207884948984, 'train_loss_mean': 0.07676057743062506, 'client-ids': [0, 1, 2, 3, 4, 5, 6, 7], 'per-client-num-examples': [711, 2577, 1244, 1777, 2311, 977, 2044, 2844], 'per-client-train_loss': [0.025808545926182352, 0.04621811932766702, 0.04471259429404015, 0.06290892222972212, 0.03159220969366504, 0.029936807331159148, 0.0725577316718967, 0.0921403018799617], 'per-client-train_loss_mean': [0.17340968417386235, 0.05351373057549626, 0.10547242066508514, 0.07951488543323308, 0.06001323663489753, 0.12307457369461487, 0.06913278686783027, 0.06256339222889619]}
[92mINFO [0m:      configure_evaluate: Sampled 8 nodes (out of 8)
[92mINFO [0m:      aggregate_evaluate: Received 8 results and 0 failures
[92mINFO [0m:      	└──> Aggregated MetricRecord: {'eval_loss': 0.77545602946741, 'eval_acc': 0.8328736900165472, 'client-ids': [0, 1, 2, 3, 4, 5, 6, 7], 'per-client-eval_acc': [0.8539325842696629, 0.8232558139534883, 0.8301282051282052, 0.8539325842696629, 0.8269896193771626, 0.8285714285714286, 0.83203125, 0.8312236286919831], 'per-client-eval_loss': [0.7289431135306198, 0.739715238028141, 0.8211988455209976, 0.6970377423790064, 0.8453688372625844, 0.8529328735507264, 0.7588324584066868, 0.776969851320806], 'per-client-num-examples': [178, 645, 312, 445, 578, 245, 512, 711]}
[92mINFO [0m:      Global evaluation
[92mINFO [0m:      	└──> MetricRecord: {'loss': 0.8010310292243957, 'accuracy': 0.8185, 'f1': 0.8183239020370843, 'precision': 0.8187763786490803, 'auc': 0.9594842083333333}
[92mINFO [0m:      
[92mINFO [0m:      [ROUND 20/20]
[92mINFO [0m:      configure_train: Sampled 8 nodes (out of 8)
[36m(ClientAppActor pid=2801)[0m /usr/lib/python3.12/multiprocessing/popen_fork.py:66: DeprecationWarning: This process (pid=2801) is multi-threaded, use of fork() may lead to deadlocks in the child.[32m [repeated 8x across cluster][0m
[36m(ClientAppActor pid=2801)[0m   self.pid = os.fork()[32m [repeated 8x across cluster][0m
[92mINFO [0m:      aggregate_train: Received 8 results and 0 failures
[92mINFO [0m:      	└──> Aggregated MetricRecord: {'train_loss': 0.03585924644159487, 'train_loss_mean': 0.0705963092920019, 'client-ids': [0, 1, 2, 3, 4, 5, 6, 7], 'per-client-num-examples': [711, 2577, 1244, 1777, 2311, 977, 2044, 2844], 'per-client-train_loss': [0.013156595195836156, 0.0383867953640514, 0.05452704638649988, 0.02908561719800558, 0.04626929297340427, 0.033802890407537305, 0.03614296994141053, 0.027354886024435865], 'per-client-train_loss_mean': [0.13249012003161548, 0.05876049387731673, 0.10141139620184372, 0.06871921490758896, 0.05575134341575992, 0.10992107142121392, 0.0667634554712171, 0.05484975593140985]}
[92mINFO [0m:      configure_evaluate: Sampled 8 nodes (out of 8)
[92mINFO [0m:      aggregate_evaluate: Received 8 results and 0 failures
[92mINFO [0m:      	└──> Aggregated MetricRecord: {'eval_loss': 0.8088747744892953, 'eval_acc': 0.8298400441257584, 'client-ids': [0, 1, 2, 3, 4, 5, 6, 7], 'per-client-eval_acc': [0.8314606741573034, 0.8232558139534883, 0.8269230769230769, 0.8471910112359551, 0.8096885813148789, 0.8448979591836735, 0.84375, 0.8270042194092827], 'per-client-eval_loss': [0.8139481705226256, 0.7710733311936664, 0.8164354471059946, 0.7109049438090806, 0.905129798344388, 0.831569918807672, 0.7722761603072286, 0.8401817893177145], 'per-client-num-examples': [178, 645, 312, 445, 578, 245, 512, 711]}
[92mINFO [0m:      Global evaluation
[92mINFO [0m:      	└──> MetricRecord: {'loss': 0.8225974071025849, 'accuracy': 0.8255, 'f1': 0.8255998960725469, 'precision': 0.8260277620880477, 'auc': 0.9607632916666667}
[92mINFO [0m:      
[92mINFO [0m:      Strategy execution finished in 239.14s
[92mINFO [0m:      
[92mINFO [0m:      Final results:
[92mINFO [0m:      
[92mINFO [0m:      	Global Arrays:
[92mINFO [0m:      		ArrayRecord (0.866 MB)
[92mINFO [0m:      	
[92mINFO [0m:      	Aggregated ClientApp-side Train Metrics:
[92mINFO [0m:      	{ 1: { 'client-ids': "['0', '1', '2', '3', '4', '5', '6', '7']",
[92mINFO [0m:      	       'per-client-num-examples': "['711', '2577', '1244', '1777', '2311', "
[92mINFO [0m:      	                                  "'977', '2044', '2844']",
[92mINFO [0m:      	       'per-client-train_loss': "['1.0858e+00', '8.4593e-01', '9.5946e-01', "
[92mINFO [0m:      	                                "'8.4686e-01', '8.3693e-01', '9.4070e-01', "
[92mINFO [0m:      	                                "'8.6446e-01', '8.4477e-01']",
[92mINFO [0m:      	       'per-client-train_loss_mean': "['1.2396e+00', '9.8963e-01', "
[92mINFO [0m:      	                                     "'1.1558e+00', '1.0080e+00', "
[92mINFO [0m:      	                                     "'9.9504e-01', '1.1311e+00', "
[92mINFO [0m:      	                                     "'1.0230e+00', '9.9867e-01']",
[92mINFO [0m:      	       'train_loss': '8.7491e-01',
[92mINFO [0m:      	       'train_loss_mean': '1.0353e+00'},
[92mINFO [0m:      	  2: { 'client-ids': "['0', '1', '2', '3', '4', '5', '6', '7']",
[92mINFO [0m:      	       'per-client-num-examples': "['711', '2577', '1244', '1777', '2311', "
[92mINFO [0m:      	                                  "'977', '2044', '2844']",
[92mINFO [0m:      	       'per-client-train_loss': "['7.4486e-01', '6.7131e-01', '7.9101e-01', "
[92mINFO [0m:      	                                "'7.1477e-01', '7.0137e-01', '7.6456e-01', "
[92mINFO [0m:      	                                "'7.2561e-01', '6.7983e-01']",
[92mINFO [0m:      	       'per-client-train_loss_mean': "['8.4426e-01', '8.0029e-01', "
[92mINFO [0m:      	                                     "'8.7580e-01', '8.1995e-01', "
[92mINFO [0m:      	                                     "'7.8282e-01', '8.3726e-01', "
[92mINFO [0m:      	                                     "'8.1816e-01', '7.8558e-01']",
[92mINFO [0m:      	       'train_loss': '7.1095e-01',
[92mINFO [0m:      	       'train_loss_mean': '8.1069e-01'},
[92mINFO [0m:      	  3: { 'client-ids': "['0', '1', '2', '3', '4', '5', '6', '7']",
[92mINFO [0m:      	       'per-client-num-examples': "['711', '2577', '1244', '1777', '2311', "
[92mINFO [0m:      	                                  "'977', '2044', '2844']",
[92mINFO [0m:      	       'per-client-train_loss': "['4.9636e-01', '5.6337e-01', '6.0113e-01', "
[92mINFO [0m:      	                                "'5.5328e-01', '5.3521e-01', '5.4724e-01', "
[92mINFO [0m:      	                                "'5.6142e-01', '5.4539e-01']",
[92mINFO [0m:      	       'per-client-train_loss_mean': "['6.0478e-01', '6.5453e-01', "
[92mINFO [0m:      	                                     "'6.8983e-01', '6.3773e-01', "
[92mINFO [0m:      	                                     "'6.2765e-01', '6.3764e-01', "
[92mINFO [0m:      	                                     "'6.6437e-01', '6.2476e-01']",
[92mINFO [0m:      	       'train_loss': '5.5270e-01',
[92mINFO [0m:      	       'train_loss_mean': '6.4318e-01'},
[92mINFO [0m:      	  4: { 'client-ids': "['0', '1', '2', '3', '4', '5', '6', '7']",
[92mINFO [0m:      	       'per-client-num-examples': "['711', '2577', '1244', '1777', '2311', "
[92mINFO [0m:      	                                  "'977', '2044', '2844']",
[92mINFO [0m:      	       'per-client-train_loss': "['4.0707e-01', '4.5214e-01', '4.7045e-01', "
[92mINFO [0m:      	                                "'4.4244e-01', '4.0970e-01', '4.5019e-01', "
[92mINFO [0m:      	                                "'4.5217e-01', '4.1351e-01']",
[92mINFO [0m:      	       'per-client-train_loss_mean': "['4.9602e-01', '5.4448e-01', "
[92mINFO [0m:      	                                     "'5.6605e-01', '5.3040e-01', "
[92mINFO [0m:      	                                     "'5.1223e-01', '5.3476e-01', "
[92mINFO [0m:      	                                     "'5.5786e-01', '5.1381e-01']",
[92mINFO [0m:      	       'train_loss': '4.3583e-01',
[92mINFO [0m:      	       'train_loss_mean': '5.3229e-01'},
[92mINFO [0m:      	  5: { 'client-ids': "['0', '1', '2', '3', '4', '5', '6', '7']",
[92mINFO [0m:      	       'per-client-num-examples': "['711', '2577', '1244', '1777', '2311', "
[92mINFO [0m:      	                                  "'977', '2044', '2844']",
[92mINFO [0m:      	       'per-client-train_loss': "['3.2233e-01', '3.6841e-01', '3.4828e-01', "
[92mINFO [0m:      	                                "'3.6871e-01', '3.5345e-01', '3.3156e-01', "
[92mINFO [0m:      	                                "'3.5255e-01', '3.1781e-01']",
[92mINFO [0m:      	       'per-client-train_loss_mean': "['4.0943e-01', '4.5118e-01', "
[92mINFO [0m:      	                                     "'4.7684e-01', '4.5440e-01', "
[92mINFO [0m:      	                                     "'4.4531e-01', '4.5511e-01', "
[92mINFO [0m:      	                                     "'4.5990e-01', '4.3663e-01']",
[92mINFO [0m:      	       'train_loss': '3.4741e-01',
[92mINFO [0m:      	       'train_loss_mean': '4.4943e-01'},
[92mINFO [0m:      	  6: { 'client-ids': "['0', '1', '2', '3', '4', '5', '6', '7']",
[92mINFO [0m:      	       'per-client-num-examples': "['711', '2577', '1244', '1777', '2311', "
[92mINFO [0m:      	                                  "'977', '2044', '2844']",
[92mINFO [0m:      	       'per-client-train_loss': "['1.9646e-01', '2.3815e-01', '2.7581e-01', "
[92mINFO [0m:      	                                "'2.7635e-01', '2.5642e-01', '2.4085e-01', "
[92mINFO [0m:      	                                "'2.5022e-01', '2.5355e-01']",
[92mINFO [0m:      	       'per-client-train_loss_mean': "['3.3311e-01', '3.6265e-01', "
[92mINFO [0m:      	                                     "'4.1159e-01', '3.7601e-01', "
[92mINFO [0m:      	                                     "'3.6236e-01', '3.9009e-01', "
[92mINFO [0m:      	                                     "'3.7091e-01', '3.5238e-01']",
[92mINFO [0m:      	       'train_loss': '2.5185e-01',
[92mINFO [0m:      	       'train_loss_mean': '3.6799e-01'},
[92mINFO [0m:      	  7: { 'client-ids': "['0', '1', '2', '3', '4', '5', '6', '7']",
[92mINFO [0m:      	       'per-client-num-examples': "['711', '2577', '1244', '1777', '2311', "
[92mINFO [0m:      	                                  "'977', '2044', '2844']",
[92mINFO [0m:      	       'per-client-train_loss': "['1.6316e-01', '1.7135e-01', '1.9504e-01', "
[92mINFO [0m:      	                                "'2.1991e-01', '1.6505e-01', '2.1018e-01', "
[92mINFO [0m:      	                                "'1.8265e-01', '1.7749e-01']",
[92mINFO [0m:      	       'per-client-train_loss_mean': "['3.1619e-01', '2.7404e-01', "
[92mINFO [0m:      	                                     "'3.5032e-01', '3.3516e-01', "
[92mINFO [0m:      	                                     "'2.9338e-01', '3.4574e-01', "
[92mINFO [0m:      	                                     "'3.0013e-01', '2.7252e-01']",
[92mINFO [0m:      	       'train_loss': '1.8335e-01',
[92mINFO [0m:      	       'train_loss_mean': '3.0146e-01'},
[92mINFO [0m:      	  8: { 'client-ids': "['0', '1', '2', '3', '4', '5', '6', '7']",
[92mINFO [0m:      	       'per-client-num-examples': "['711', '2577', '1244', '1777', '2311', "
[92mINFO [0m:      	                                  "'977', '2044', '2844']",
[92mINFO [0m:      	       'per-client-train_loss': "['1.0323e-01', '1.2231e-01', '1.5642e-01', "
[92mINFO [0m:      	                                "'1.3569e-01', '1.4026e-01', '1.3225e-01', "
[92mINFO [0m:      	                                "'9.7153e-02', '1.4481e-01']",
[92mINFO [0m:      	       'per-client-train_loss_mean': "['2.6112e-01', '2.1532e-01', "
[92mINFO [0m:      	                                     "'2.9145e-01', '2.6788e-01', "
[92mINFO [0m:      	                                     "'2.4192e-01', '2.7186e-01', "
[92mINFO [0m:      	                                     "'2.3122e-01', '2.1904e-01']",
[92mINFO [0m:      	       'train_loss': '1.3035e-01',
[92mINFO [0m:      	       'train_loss_mean': '2.4159e-01'},
[92mINFO [0m:      	  9: { 'client-ids': "['0', '1', '2', '3', '4', '5', '6', '7']",
[92mINFO [0m:      	       'per-client-num-examples': "['711', '2577', '1244', '1777', '2311', "
[92mINFO [0m:      	                                  "'977', '2044', '2844']",
[92mINFO [0m:      	       'per-client-train_loss': "['9.3038e-02', '1.0637e-01', '9.8456e-02', "
[92mINFO [0m:      	                                "'1.1065e-01', '9.2554e-02', '1.1592e-01', "
[92mINFO [0m:      	                                "'7.8254e-02', '8.6948e-02']",
[92mINFO [0m:      	       'per-client-train_loss_mean': "['2.3785e-01', '1.7295e-01', "
[92mINFO [0m:      	                                     "'2.6343e-01', '2.1752e-01', "
[92mINFO [0m:      	                                     "'1.9324e-01', '2.6655e-01', "
[92mINFO [0m:      	                                     "'1.8368e-01', '1.7142e-01']",
[92mINFO [0m:      	       'train_loss': '9.6221e-02',
[92mINFO [0m:      	       'train_loss_mean': '2.0014e-01'},
[92mINFO [0m:      	  10: { 'client-ids': "['0', '1', '2', '3', '4', '5', '6', '7']",
[92mINFO [0m:      	        'per-client-num-examples': "['711', '2577', '1244', '1777', '2311', "
[92mINFO [0m:      	                                   "'977', '2044', '2844']",
[92mINFO [0m:      	        'per-client-train_loss': "['6.1506e-02', '7.7604e-02', '7.0949e-02', "
[92mINFO [0m:      	                                 "'5.3878e-02', '7.7833e-02', '8.7994e-02', "
[92mINFO [0m:      	                                 "'8.4878e-02', '6.5340e-02']",
[92mINFO [0m:      	        'per-client-train_loss_mean': "['2.0323e-01', '1.3491e-01', "
[92mINFO [0m:      	                                      "'2.3350e-01', '1.8371e-01', "
[92mINFO [0m:      	                                      "'1.6475e-01', '2.1885e-01', "
[92mINFO [0m:      	                                      "'1.7011e-01', '1.5330e-01']",
[92mINFO [0m:      	        'train_loss': '7.2687e-02',
[92mINFO [0m:      	        'train_loss_mean': '1.7172e-01'},
[92mINFO [0m:      	  11: { 'client-ids': "['0', '1', '2', '3', '4', '5', '6', '7']",
[92mINFO [0m:      	        'per-client-num-examples': "['711', '2577', '1244', '1777', '2311', "
[92mINFO [0m:      	                                   "'977', '2044', '2844']",
[92mINFO [0m:      	        'per-client-train_loss': "['5.0819e-02', '6.4815e-02', '5.4271e-02', "
[92mINFO [0m:      	                                 "'9.7084e-02', '5.0798e-02', '3.4179e-02', "
[92mINFO [0m:      	                                 "'3.8314e-02', '8.4219e-02']",
[92mINFO [0m:      	        'per-client-train_loss_mean': "['2.3218e-01', '1.2304e-01', "
[92mINFO [0m:      	                                      "'1.9883e-01', '1.7253e-01', "
[92mINFO [0m:      	                                      "'1.3399e-01', '2.0443e-01', "
[92mINFO [0m:      	                                      "'1.4151e-01', '1.1985e-01']",
[92mINFO [0m:      	        'train_loss': '6.2949e-02',
[92mINFO [0m:      	        'train_loss_mean': '1.5019e-01'},
[92mINFO [0m:      	  12: { 'client-ids': "['0', '1', '2', '3', '4', '5', '6', '7']",
[92mINFO [0m:      	        'per-client-num-examples': "['711', '2577', '1244', '1777', '2311', "
[92mINFO [0m:      	                                   "'977', '2044', '2844']",
[92mINFO [0m:      	        'per-client-train_loss': "['3.9283e-02', '7.4533e-02', '5.1005e-02', "
[92mINFO [0m:      	                                 "'4.7136e-02', '3.8357e-02', '3.1612e-02', "
[92mINFO [0m:      	                                 "'8.2610e-02', '2.7870e-02']",
[92mINFO [0m:      	        'per-client-train_loss_mean': "['1.8465e-01', '1.0158e-01', "
[92mINFO [0m:      	                                      "'1.8024e-01', '1.3820e-01', "
[92mINFO [0m:      	                                      "'1.1551e-01', '1.8573e-01', "
[92mINFO [0m:      	                                      "'1.2461e-01', '9.4316e-02']",
[92mINFO [0m:      	        'train_loss': '5.0732e-02',
[92mINFO [0m:      	        'train_loss_mean': '1.2663e-01'},
[92mINFO [0m:      	  13: { 'client-ids': "['0', '1', '2', '3', '4', '5', '6', '7']",
[92mINFO [0m:      	        'per-client-num-examples': "['711', '2577', '1244', '1777', '2311', "
[92mINFO [0m:      	                                   "'977', '2044', '2844']",
[92mINFO [0m:      	        'per-client-train_loss': "['4.4566e-02', '4.8828e-02', '3.1356e-02', "
[92mINFO [0m:      	                                 "'6.1761e-02', '5.8999e-02', '2.5932e-02', "
[92mINFO [0m:      	                                 "'2.9967e-02', '1.1069e-01']",
[92mINFO [0m:      	        'per-client-train_loss_mean': "['2.0070e-01', '9.2331e-02', "
[92mINFO [0m:      	                                      "'1.9198e-01', '1.3464e-01', "
[92mINFO [0m:      	                                      "'9.9944e-02', '1.7628e-01', "
[92mINFO [0m:      	                                      "'1.0672e-01', '9.5793e-02']",
[92mINFO [0m:      	        'train_loss': '5.8267e-02',
[92mINFO [0m:      	        'train_loss_mean': '1.2099e-01'},
[92mINFO [0m:      	  14: { 'client-ids': "['0', '1', '2', '3', '4', '5', '6', '7']",
[92mINFO [0m:      	        'per-client-num-examples': "['711', '2577', '1244', '1777', '2311', "
[92mINFO [0m:      	                                   "'977', '2044', '2844']",
[92mINFO [0m:      	        'per-client-train_loss': "['3.2514e-02', '3.6119e-02', '7.1371e-02', "
[92mINFO [0m:      	                                 "'5.2721e-02', '5.5953e-02', '2.7309e-02', "
[92mINFO [0m:      	                                 "'5.2226e-02', '5.6233e-02']",
[92mINFO [0m:      	        'per-client-train_loss_mean': "['2.0999e-01', '8.2547e-02', "
[92mINFO [0m:      	                                      "'1.7486e-01', '1.0567e-01', "
[92mINFO [0m:      	                                      "'8.1268e-02', '1.6246e-01', "
[92mINFO [0m:      	                                      "'9.3578e-02', '7.8284e-02']",
[92mINFO [0m:      	        'train_loss': '4.9799e-02',
[92mINFO [0m:      	        'train_loss_mean': '1.0547e-01'},
[92mINFO [0m:      	  15: { 'client-ids': "['0', '1', '2', '3', '4', '5', '6', '7']",
[92mINFO [0m:      	        'per-client-num-examples': "['711', '2577', '1244', '1777', '2311', "
[92mINFO [0m:      	                                   "'977', '2044', '2844']",
[92mINFO [0m:      	        'per-client-train_loss': "['2.3247e-02', '5.8972e-02', '3.4865e-02', "
[92mINFO [0m:      	                                 "'3.9635e-02', '5.7687e-02', '3.7895e-02', "
[92mINFO [0m:      	                                 "'5.5400e-02', '1.0341e-01']",
[92mINFO [0m:      	        'per-client-train_loss_mean': "['1.6992e-01', '7.7607e-02', "
[92mINFO [0m:      	                                      "'1.3845e-01', '1.0398e-01', "
[92mINFO [0m:      	                                      "'7.8205e-02', '1.5657e-01', "
[92mINFO [0m:      	                                      "'8.6576e-02', '8.2737e-02']",
[92mINFO [0m:      	        'train_loss': '5.9370e-02',
[92mINFO [0m:      	        'train_loss_mean': '9.8293e-02'},
[92mINFO [0m:      	  16: { 'client-ids': "['0', '1', '2', '3', '4', '5', '6', '7']",
[92mINFO [0m:      	        'per-client-num-examples': "['711', '2577', '1244', '1777', '2311', "
[92mINFO [0m:      	                                   "'977', '2044', '2844']",
[92mINFO [0m:      	        'per-client-train_loss': "['2.5364e-02', '5.6082e-02', '3.0567e-02', "
[92mINFO [0m:      	                                 "'2.3409e-02', '3.1638e-02', '3.8834e-02', "
[92mINFO [0m:      	                                 "'5.0212e-02', '7.5073e-02']",
[92mINFO [0m:      	        'per-client-train_loss_mean': "['1.6476e-01', '7.0356e-02', "
[92mINFO [0m:      	                                      "'1.2536e-01', '1.0948e-01', "
[92mINFO [0m:      	                                      "'8.5547e-02', '1.5009e-01', "
[92mINFO [0m:      	                                      "'7.8705e-02', '6.3687e-02']",
[92mINFO [0m:      	        'train_loss': '4.6212e-02',
[92mINFO [0m:      	        'train_loss_mean': '9.2184e-02'},
[92mINFO [0m:      	  17: { 'client-ids': "['0', '1', '2', '3', '4', '5', '6', '7']",
[92mINFO [0m:      	        'per-client-num-examples': "['711', '2577', '1244', '1777', '2311', "
[92mINFO [0m:      	                                   "'977', '2044', '2844']",
[92mINFO [0m:      	        'per-client-train_loss': "['2.0817e-02', '6.0464e-02', '2.1225e-02', "
[92mINFO [0m:      	                                 "'4.2626e-02', '4.8257e-02', '3.3129e-02', "
[92mINFO [0m:      	                                 "'4.8993e-02', '6.4169e-02']",
[92mINFO [0m:      	        'per-client-train_loss_mean': "['1.6376e-01', '6.0049e-02', "
[92mINFO [0m:      	                                      "'1.2427e-01', '9.1975e-02', "
[92mINFO [0m:      	                                      "'6.6983e-02', '1.2368e-01', "
[92mINFO [0m:      	                                      "'7.8951e-02', '5.4094e-02']",
[92mINFO [0m:      	        'train_loss': '4.8277e-02',
[92mINFO [0m:      	        'train_loss_mean': '8.1468e-02'},
[92mINFO [0m:      	  18: { 'client-ids': "['0', '1', '2', '3', '4', '5', '6', '7']",
[92mINFO [0m:      	        'per-client-num-examples': "['711', '2577', '1244', '1777', '2311', "
[92mINFO [0m:      	                                   "'977', '2044', '2844']",
[92mINFO [0m:      	        'per-client-train_loss': "['8.1977e-02', '8.0191e-02', '8.9061e-02', "
[92mINFO [0m:      	                                 "'7.1590e-02', '4.9652e-02', '4.3097e-02', "
[92mINFO [0m:      	                                 "'2.9514e-02', '3.4517e-02']",
[92mINFO [0m:      	        'per-client-train_loss_mean': "['1.8264e-01', '6.1279e-02', "
[92mINFO [0m:      	                                      "'1.3201e-01', '9.1550e-02', "
[92mINFO [0m:      	                                      "'6.7864e-02', '1.2114e-01', "
[92mINFO [0m:      	                                      "'6.9851e-02', '5.7617e-02']",
[92mINFO [0m:      	        'train_loss': '5.6492e-02',
[92mINFO [0m:      	        'train_loss_mean': '8.2603e-02'},
[92mINFO [0m:      	  19: { 'client-ids': "['0', '1', '2', '3', '4', '5', '6', '7']",
[92mINFO [0m:      	        'per-client-num-examples': "['711', '2577', '1244', '1777', '2311', "
[92mINFO [0m:      	                                   "'977', '2044', '2844']",
[92mINFO [0m:      	        'per-client-train_loss': "['2.5809e-02', '4.6218e-02', '4.4713e-02', "
[92mINFO [0m:      	                                 "'6.2909e-02', '3.1592e-02', '2.9937e-02', "
[92mINFO [0m:      	                                 "'7.2558e-02', '9.2140e-02']",
[92mINFO [0m:      	        'per-client-train_loss_mean': "['1.7341e-01', '5.3514e-02', "
[92mINFO [0m:      	                                      "'1.0547e-01', '7.9515e-02', "
[92mINFO [0m:      	                                      "'6.0013e-02', '1.2307e-01', "
[92mINFO [0m:      	                                      "'6.9133e-02', '6.2563e-02']",
[92mINFO [0m:      	        'train_loss': '5.6436e-02',
[92mINFO [0m:      	        'train_loss_mean': '7.6761e-02'},
[92mINFO [0m:      	  20: { 'client-ids': "['0', '1', '2', '3', '4', '5', '6', '7']",
[92mINFO [0m:      	        'per-client-num-examples': "['711', '2577', '1244', '1777', '2311', "
[92mINFO [0m:      	                                   "'977', '2044', '2844']",
[92mINFO [0m:      	        'per-client-train_loss': "['1.3157e-02', '3.8387e-02', '5.4527e-02', "
[92mINFO [0m:      	                                 "'2.9086e-02', '4.6269e-02', '3.3803e-02', "
[92mINFO [0m:      	                                 "'3.6143e-02', '2.7355e-02']",
[92mINFO [0m:      	        'per-client-train_loss_mean': "['1.3249e-01', '5.8760e-02', "
[92mINFO [0m:      	                                      "'1.0141e-01', '6.8719e-02', "
[92mINFO [0m:      	                                      "'5.5751e-02', '1.0992e-01', "
[92mINFO [0m:      	                                      "'6.6763e-02', '5.4850e-02']",
[92mINFO [0m:      	        'train_loss': '3.5859e-02',
[92mINFO [0m:      	        'train_loss_mean': '7.0596e-02'}}
[92mINFO [0m:      	
[92mINFO [0m:      	Aggregated ClientApp-side Evaluate Metrics:
[92mINFO [0m:      	{ 1: { 'client-ids': "['0', '1', '2', '3', '4', '5', '6', '7']",
[92mINFO [0m:      	       'eval_acc': '4.8235e-01',
[92mINFO [0m:      	       'eval_loss': '1.2621e+00',
[92mINFO [0m:      	       'per-client-eval_acc': "['5.0562e-01', '4.8217e-01', '4.3269e-01', "
[92mINFO [0m:      	                              "'4.9663e-01', '4.7578e-01', '4.9388e-01', "
[92mINFO [0m:      	                              "'4.9609e-01', '4.8101e-01']",
[92mINFO [0m:      	       'per-client-eval_loss': "['1.2578e+00', '1.2637e+00', '1.2738e+00', "
[92mINFO [0m:      	                               "'1.2566e+00', '1.2627e+00', '1.2646e+00', "
[92mINFO [0m:      	                               "'1.2600e+00', '1.2603e+00']",
[92mINFO [0m:      	       'per-client-num-examples': "['178', '645', '312', '445', '578', '245', "
[92mINFO [0m:      	                                  "'512', '711']"},
[92mINFO [0m:      	  2: { 'client-ids': "['0', '1', '2', '3', '4', '5', '6', '7']",
[92mINFO [0m:      	       'eval_acc': '7.2035e-01',
[92mINFO [0m:      	       'eval_loss': '7.0837e-01',
[92mINFO [0m:      	       'per-client-eval_acc': "['7.5281e-01', '7.0698e-01', '7.1795e-01', "
[92mINFO [0m:      	                              "'7.3034e-01', '7.2145e-01', '7.1020e-01', "
[92mINFO [0m:      	                              "'7.0508e-01', '7.3277e-01']",
[92mINFO [0m:      	       'per-client-eval_loss': "['6.2973e-01', '7.3566e-01', '7.6950e-01', "
[92mINFO [0m:      	                               "'6.5841e-01', '7.1312e-01', '7.2829e-01', "
[92mINFO [0m:      	                               "'7.1194e-01', '6.9446e-01']",
[92mINFO [0m:      	       'per-client-num-examples': "['178', '645', '312', '445', '578', '245', "
[92mINFO [0m:      	                                  "'512', '711']"},
[92mINFO [0m:      	  3: { 'client-ids': "['0', '1', '2', '3', '4', '5', '6', '7']",
[92mINFO [0m:      	       'eval_acc': '7.5593e-01',
[92mINFO [0m:      	       'eval_loss': '6.1132e-01',
[92mINFO [0m:      	       'per-client-eval_acc': "['7.9213e-01', '7.5814e-01', '7.2436e-01', "
[92mINFO [0m:      	                              "'7.8652e-01', '7.4394e-01', '7.3878e-01', "
[92mINFO [0m:      	                              "'7.5195e-01', '7.5809e-01']",
[92mINFO [0m:      	       'per-client-eval_loss': "['5.3001e-01', '6.2491e-01', '6.8763e-01', "
[92mINFO [0m:      	                               "'5.3734e-01', '6.2963e-01', '6.4512e-01', "
[92mINFO [0m:      	                               "'6.2953e-01', '5.9250e-01']",
[92mINFO [0m:      	       'per-client-num-examples': "['178', '645', '312', '445', '578', '245', "
[92mINFO [0m:      	                                  "'512', '711']"},
[92mINFO [0m:      	  4: { 'client-ids': "['0', '1', '2', '3', '4', '5', '6', '7']",
[92mINFO [0m:      	       'eval_acc': '7.8627e-01',
[92mINFO [0m:      	       'eval_loss': '5.6407e-01',
[92mINFO [0m:      	       'per-client-eval_acc': "['8.2022e-01', '7.7519e-01', '7.5321e-01', "
[92mINFO [0m:      	                              "'8.0000e-01', '7.9066e-01', '7.7959e-01', "
[92mINFO [0m:      	                              "'7.7734e-01', '7.9887e-01']",
[92mINFO [0m:      	       'per-client-eval_loss': "['4.6381e-01', '5.8266e-01', '6.4465e-01', "
[92mINFO [0m:      	                               "'5.1551e-01', '5.6795e-01', '5.9468e-01', "
[92mINFO [0m:      	                               "'5.7829e-01', '5.4340e-01']",
[92mINFO [0m:      	       'per-client-num-examples': "['178', '645', '312', '445', '578', '245', "
[92mINFO [0m:      	                                  "'512', '711']"},
[92mINFO [0m:      	  5: { 'client-ids': "['0', '1', '2', '3', '4', '5', '6', '7']",
[92mINFO [0m:      	       'eval_acc': '8.0364e-01',
[92mINFO [0m:      	       'eval_loss': '5.3557e-01',
[92mINFO [0m:      	       'per-client-eval_acc': "['8.4831e-01', '7.8915e-01', '7.6282e-01', "
[92mINFO [0m:      	                              "'8.2247e-01', '8.1315e-01', '7.9592e-01', "
[92mINFO [0m:      	                              "'7.8711e-01', '8.1857e-01']",
[92mINFO [0m:      	       'per-client-eval_loss': "['4.4495e-01', '5.5739e-01', '6.1951e-01', "
[92mINFO [0m:      	                               "'5.1589e-01', '5.3229e-01', '5.6342e-01', "
[92mINFO [0m:      	                               "'5.3817e-01', '5.0511e-01']",
[92mINFO [0m:      	       'per-client-num-examples': "['178', '645', '312', '445', '578', '245', "
[92mINFO [0m:      	                                  "'512', '711']"},
[92mINFO [0m:      	  6: { 'client-ids': "['0', '1', '2', '3', '4', '5', '6', '7']",
[92mINFO [0m:      	       'eval_acc': '8.1274e-01',
[92mINFO [0m:      	       'eval_loss': '5.3947e-01',
[92mINFO [0m:      	       'per-client-eval_acc': "['8.3708e-01', '7.9535e-01', '7.9167e-01', "
[92mINFO [0m:      	                              "'8.2247e-01', '8.1142e-01', '8.2041e-01', "
[92mINFO [0m:      	                              "'8.0273e-01', '8.3122e-01']",
[92mINFO [0m:      	       'per-client-eval_loss': "['4.4859e-01', '5.6449e-01', '6.2545e-01', "
[92mINFO [0m:      	                               "'5.0186e-01', '5.4786e-01', '6.0729e-01', "
[92mINFO [0m:      	                               "'5.2884e-01', '5.0279e-01']",
[92mINFO [0m:      	       'per-client-num-examples': "['178', '645', '312', '445', '578', '245', "
[92mINFO [0m:      	                                  "'512', '711']"},
[92mINFO [0m:      	  7: { 'client-ids': "['0', '1', '2', '3', '4', '5', '6', '7']",
[92mINFO [0m:      	       'eval_acc': '8.2019e-01',
[92mINFO [0m:      	       'eval_loss': '5.5876e-01',
[92mINFO [0m:      	       'per-client-eval_acc': "['8.4270e-01', '8.1085e-01', '8.0769e-01', "
[92mINFO [0m:      	                              "'8.3146e-01', '8.1834e-01', '8.2041e-01', "
[92mINFO [0m:      	                              "'8.1445e-01', '8.2700e-01']",
[92mINFO [0m:      	       'per-client-eval_loss': "['4.9525e-01', '5.7333e-01', '6.2518e-01', "
[92mINFO [0m:      	                               "'5.3979e-01', '5.7847e-01', '6.3584e-01', "
[92mINFO [0m:      	                               "'5.4511e-01', '5.1142e-01']",
[92mINFO [0m:      	       'per-client-num-examples': "['178', '645', '312', '445', '578', '245', "
[92mINFO [0m:      	                                  "'512', '711']"},
[92mINFO [0m:      	  8: { 'client-ids': "['0', '1', '2', '3', '4', '5', '6', '7']",
[92mINFO [0m:      	       'eval_acc': '8.2736e-01',
[92mINFO [0m:      	       'eval_loss': '5.9007e-01',
[92mINFO [0m:      	       'per-client-eval_acc': "['8.5955e-01', '8.1860e-01', '8.1410e-01', "
[92mINFO [0m:      	                              "'8.4270e-01', '8.2526e-01', '8.2041e-01', "
[92mINFO [0m:      	                              "'8.2031e-01', '8.3263e-01']",
[92mINFO [0m:      	       'per-client-eval_loss': "['4.9695e-01', '6.0260e-01', '6.6103e-01', "
[92mINFO [0m:      	                               "'5.5151e-01', '6.1970e-01', '6.7376e-01', "
[92mINFO [0m:      	                               "'5.6424e-01', '5.6067e-01']",
[92mINFO [0m:      	       'per-client-num-examples': "['178', '645', '312', '445', '578', '245', "
[92mINFO [0m:      	                                  "'512', '711']"},
[92mINFO [0m:      	  9: { 'client-ids': "['0', '1', '2', '3', '4', '5', '6', '7']",
[92mINFO [0m:      	       'eval_acc': '8.2543e-01',
[92mINFO [0m:      	       'eval_loss': '6.2458e-01',
[92mINFO [0m:      	       'per-client-eval_acc': "['8.4270e-01', '8.1705e-01', '8.2372e-01', "
[92mINFO [0m:      	                              "'8.3371e-01', '8.2872e-01', '8.2041e-01', "
[92mINFO [0m:      	                              "'8.1836e-01', '8.2841e-01']",
[92mINFO [0m:      	       'per-client-eval_loss': "['5.3289e-01', '6.4172e-01', '6.6918e-01', "
[92mINFO [0m:      	                               "'5.8283e-01', '6.6535e-01', '7.1359e-01', "
[92mINFO [0m:      	                               "'5.8705e-01', '6.0174e-01']",
[92mINFO [0m:      	       'per-client-num-examples': "['178', '645', '312', '445', '578', '245', "
[92mINFO [0m:      	                                  "'512', '711']"},
[92mINFO [0m:      	  10: { 'client-ids': "['0', '1', '2', '3', '4', '5', '6', '7']",
[92mINFO [0m:      	        'eval_acc': '8.3094e-01',
[92mINFO [0m:      	        'eval_loss': '6.4057e-01',
[92mINFO [0m:      	        'per-client-eval_acc': "['8.4831e-01', '8.2326e-01', '8.3333e-01', "
[92mINFO [0m:      	                               "'8.4719e-01', '8.3045e-01', '8.2857e-01', "
[92mINFO [0m:      	                               "'8.3008e-01', '8.2419e-01']",
[92mINFO [0m:      	        'per-client-eval_loss': "['5.8455e-01', '6.6505e-01', '6.8014e-01', "
[92mINFO [0m:      	                                "'5.9124e-01', '6.7845e-01', '7.1755e-01', "
[92mINFO [0m:      	                                "'6.0952e-01', '6.1093e-01']",
[92mINFO [0m:      	        'per-client-num-examples': "['178', '645', '312', '445', '578', '245', "
[92mINFO [0m:      	                                   "'512', '711']"},
[92mINFO [0m:      	  11: { 'client-ids': "['0', '1', '2', '3', '4', '5', '6', '7']",
[92mINFO [0m:      	        'eval_acc': '8.2901e-01',
[92mINFO [0m:      	        'eval_loss': '6.7020e-01',
[92mINFO [0m:      	        'per-client-eval_acc': "['8.4831e-01', '8.1705e-01', '8.2692e-01', "
[92mINFO [0m:      	                               "'8.4944e-01', '8.2699e-01', '8.3673e-01', "
[92mINFO [0m:      	                               "'8.1836e-01', '8.2982e-01']",
[92mINFO [0m:      	        'per-client-eval_loss': "['6.2135e-01', '6.8772e-01', '7.0893e-01', "
[92mINFO [0m:      	                                "'6.0886e-01', '7.2962e-01', '7.3847e-01', "
[92mINFO [0m:      	                                "'6.2708e-01', '6.4715e-01']",
[92mINFO [0m:      	        'per-client-num-examples': "['178', '645', '312', '445', '578', '245', "
[92mINFO [0m:      	                                   "'512', '711']"},
[92mINFO [0m:      	  12: { 'client-ids': "['0', '1', '2', '3', '4', '5', '6', '7']",
[92mINFO [0m:      	        'eval_acc': '8.2736e-01',
[92mINFO [0m:      	        'eval_loss': '7.0618e-01',
[92mINFO [0m:      	        'per-client-eval_acc': "['8.3708e-01', '8.1860e-01', '8.1410e-01', "
[92mINFO [0m:      	                               "'8.3371e-01', '8.4948e-01', '8.2449e-01', "
[92mINFO [0m:      	                               "'8.1836e-01', '8.2419e-01']",
[92mINFO [0m:      	        'per-client-eval_loss': "['6.7822e-01', '7.3618e-01', '7.0798e-01', "
[92mINFO [0m:      	                                "'6.2636e-01', '7.8487e-01', '7.2955e-01', "
[92mINFO [0m:      	                                "'6.5756e-01', '6.9811e-01']",
[92mINFO [0m:      	        'per-client-num-examples': "['178', '645', '312', '445', '578', '245', "
[92mINFO [0m:      	                                   "'512', '711']"},
[92mINFO [0m:      	  13: { 'client-ids': "['0', '1', '2', '3', '4', '5', '6', '7']",
[92mINFO [0m:      	        'eval_acc': '8.3149e-01',
[92mINFO [0m:      	        'eval_loss': '6.9575e-01',
[92mINFO [0m:      	        'per-client-eval_acc': "['8.3708e-01', '8.2326e-01', '8.3974e-01', "
[92mINFO [0m:      	                               "'8.4045e-01', '8.3391e-01', '8.3265e-01', "
[92mINFO [0m:      	                               "'8.2617e-01', '8.2982e-01']",
[92mINFO [0m:      	        'per-client-eval_loss': "['6.8416e-01', '7.0877e-01', '6.8818e-01', "
[92mINFO [0m:      	                                "'6.3099e-01', '7.4555e-01', '7.8013e-01', "
[92mINFO [0m:      	                                "'6.3871e-01', '7.0218e-01']",
[92mINFO [0m:      	        'per-client-num-examples': "['178', '645', '312', '445', '578', '245', "
[92mINFO [0m:      	                                   "'512', '711']"},
[92mINFO [0m:      	  14: { 'client-ids': "['0', '1', '2', '3', '4', '5', '6', '7']",
[92mINFO [0m:      	        'eval_acc': '8.2819e-01',
[92mINFO [0m:      	        'eval_loss': '7.1146e-01',
[92mINFO [0m:      	        'per-client-eval_acc': "['8.2584e-01', '8.2171e-01', '8.1410e-01', "
[92mINFO [0m:      	                               "'8.4944e-01', '8.3045e-01', '8.3265e-01', "
[92mINFO [0m:      	                               "'8.2812e-01', '8.2419e-01']",
[92mINFO [0m:      	        'per-client-eval_loss': "['7.3417e-01', '7.2827e-01', '7.4772e-01', "
[92mINFO [0m:      	                                "'6.3681e-01', '7.5421e-01', '7.5143e-01', "
[92mINFO [0m:      	                                "'6.6010e-01', '7.0978e-01']",
[92mINFO [0m:      	        'per-client-num-examples': "['178', '645', '312', '445', '578', '245', "
[92mINFO [0m:      	                                   "'512', '711']"},
[92mINFO [0m:      	  15: { 'client-ids': "['0', '1', '2', '3', '4', '5', '6', '7']",
[92mINFO [0m:      	        'eval_acc': '8.2681e-01',
[92mINFO [0m:      	        'eval_loss': '7.0178e-01',
[92mINFO [0m:      	        'per-client-eval_acc': "['8.3146e-01', '8.1550e-01', '8.1731e-01', "
[92mINFO [0m:      	                               "'8.6292e-01', '8.2699e-01', '8.3265e-01', "
[92mINFO [0m:      	                               "'8.1641e-01', '8.2278e-01']",
[92mINFO [0m:      	        'per-client-eval_loss': "['7.2959e-01', '7.0511e-01', '7.4694e-01', "
[92mINFO [0m:      	                                "'6.1686e-01', '7.6427e-01', '7.3156e-01', "
[92mINFO [0m:      	                                "'6.5778e-01', '6.9574e-01']",
[92mINFO [0m:      	        'per-client-num-examples': "['178', '645', '312', '445', '578', '245', "
[92mINFO [0m:      	                                   "'512', '711']"},
[92mINFO [0m:      	  16: { 'client-ids': "['0', '1', '2', '3', '4', '5', '6', '7']",
[92mINFO [0m:      	        'eval_acc': '8.3149e-01',
[92mINFO [0m:      	        'eval_loss': '7.5340e-01',
[92mINFO [0m:      	        'per-client-eval_acc': "['8.5393e-01', '8.1860e-01', '8.4295e-01', "
[92mINFO [0m:      	                               "'8.3820e-01', '8.3045e-01', '8.2449e-01', "
[92mINFO [0m:      	                               "'8.2812e-01', '8.3404e-01']",
[92mINFO [0m:      	        'per-client-eval_loss': "['7.2666e-01', '7.3759e-01', '7.3215e-01', "
[92mINFO [0m:      	                                "'6.8359e-01', '8.2446e-01', '8.3327e-01', "
[92mINFO [0m:      	                                "'7.2232e-01', '7.6455e-01']",
[92mINFO [0m:      	        'per-client-num-examples': "['178', '645', '312', '445', '578', '245', "
[92mINFO [0m:      	                                   "'512', '711']"},
[92mINFO [0m:      	  17: { 'client-ids': "['0', '1', '2', '3', '4', '5', '6', '7']",
[92mINFO [0m:      	        'eval_acc': '8.2570e-01',
[92mINFO [0m:      	        'eval_loss': '7.5872e-01',
[92mINFO [0m:      	        'per-client-eval_acc': "['8.2022e-01', '8.2326e-01', '8.3333e-01', "
[92mINFO [0m:      	                               "'8.5393e-01', '8.0969e-01', '8.2041e-01', "
[92mINFO [0m:      	                               "'8.2227e-01', '8.2560e-01']",
[92mINFO [0m:      	        'per-client-eval_loss': "['7.8520e-01', '7.5029e-01', '7.6191e-01', "
[92mINFO [0m:      	                                "'6.9396e-01', '8.1097e-01', '8.4387e-01', "
[92mINFO [0m:      	                                "'7.2025e-01', '7.5475e-01']",
[92mINFO [0m:      	        'per-client-num-examples': "['178', '645', '312', '445', '578', '245', "
[92mINFO [0m:      	                                   "'512', '711']"},
[92mINFO [0m:      	  18: { 'client-ids': "['0', '1', '2', '3', '4', '5', '6', '7']",
[92mINFO [0m:      	        'eval_acc': '8.2295e-01',
[92mINFO [0m:      	        'eval_loss': '7.6879e-01',
[92mINFO [0m:      	        'per-client-eval_acc': "['8.2584e-01', '8.1240e-01', '8.2051e-01', "
[92mINFO [0m:      	                               "'8.3596e-01', '8.2180e-01', '8.4490e-01', "
[92mINFO [0m:      	                               "'8.1055e-01', '8.2700e-01']",
[92mINFO [0m:      	        'per-client-eval_loss': "['7.5505e-01', '7.5534e-01', '7.9490e-01', "
[92mINFO [0m:      	                                "'6.9814e-01', '8.4236e-01', '7.5962e-01', "
[92mINFO [0m:      	                                "'7.5628e-01', '7.6954e-01']",
[92mINFO [0m:      	        'per-client-num-examples': "['178', '645', '312', '445', '578', '245', "
[92mINFO [0m:      	                                   "'512', '711']"},
[92mINFO [0m:      	  19: { 'client-ids': "['0', '1', '2', '3', '4', '5', '6', '7']",
[92mINFO [0m:      	        'eval_acc': '8.3287e-01',
[92mINFO [0m:      	        'eval_loss': '7.7546e-01',
[92mINFO [0m:      	        'per-client-eval_acc': "['8.5393e-01', '8.2326e-01', '8.3013e-01', "
[92mINFO [0m:      	                               "'8.5393e-01', '8.2699e-01', '8.2857e-01', "
[92mINFO [0m:      	                               "'8.3203e-01', '8.3122e-01']",
[92mINFO [0m:      	        'per-client-eval_loss': "['7.2894e-01', '7.3972e-01', '8.2120e-01', "
[92mINFO [0m:      	                                "'6.9704e-01', '8.4537e-01', '8.5293e-01', "
[92mINFO [0m:      	                                "'7.5883e-01', '7.7697e-01']",
[92mINFO [0m:      	        'per-client-num-examples': "['178', '645', '312', '445', '578', '245', "
[92mINFO [0m:      	                                   "'512', '711']"},
[92mINFO [0m:      	  20: { 'client-ids': "['0', '1', '2', '3', '4', '5', '6', '7']",
[92mINFO [0m:      	        'eval_acc': '8.2984e-01',
[92mINFO [0m:      	        'eval_loss': '8.0887e-01',
[92mINFO [0m:      	        'per-client-eval_acc': "['8.3146e-01', '8.2326e-01', '8.2692e-01', "
[92mINFO [0m:      	                               "'8.4719e-01', '8.0969e-01', '8.4490e-01', "
[92mINFO [0m:      	                               "'8.4375e-01', '8.2700e-01']",
[92mINFO [0m:      	        'per-client-eval_loss': "['8.1395e-01', '7.7107e-01', '8.1644e-01', "
[92mINFO [0m:      	                                "'7.1090e-01', '9.0513e-01', '8.3157e-01', "
[92mINFO [0m:      	                                "'7.7228e-01', '8.4018e-01']",
[92mINFO [0m:      	        'per-client-num-examples': "['178', '645', '312', '445', '578', '245', "
[92mINFO [0m:      	                                   "'512', '711']"}}
[92mINFO [0m:      	
[92mINFO [0m:      	ServerApp-side Evaluate Metrics:
[92mINFO [0m:      	{ 0: { 'accuracy': '2.5000e-01',
[92mINFO [0m:      	       'auc': '5.1965e-01',
[92mINFO [0m:      	       'f1': '1.0000e-01',
[92mINFO [0m:      	       'loss': '1.3895e+00',
[92mINFO [0m:      	       'precision': '6.2500e-02'},
[92mINFO [0m:      	  1: { 'accuracy': '4.9300e-01',
[92mINFO [0m:      	       'auc': '8.0755e-01',
[92mINFO [0m:      	       'f1': '4.2208e-01',
[92mINFO [0m:      	       'loss': '1.2603e+00',
[92mINFO [0m:      	       'precision': '4.6551e-01'},
[92mINFO [0m:      	  2: { 'accuracy': '7.3900e-01',
[92mINFO [0m:      	       'auc': '9.2541e-01',
[92mINFO [0m:      	       'f1': '7.3546e-01',
[92mINFO [0m:      	       'loss': '6.6643e-01',
[92mINFO [0m:      	       'precision': '7.3450e-01'},
[92mINFO [0m:      	  3: { 'accuracy': '7.8550e-01',
[92mINFO [0m:      	       'auc': '9.4527e-01',
[92mINFO [0m:      	       'f1': '7.8487e-01',
[92mINFO [0m:      	       'loss': '5.6146e-01',
[92mINFO [0m:      	       'precision': '7.8521e-01'},
[92mINFO [0m:      	  4: { 'accuracy': '8.0600e-01',
[92mINFO [0m:      	       'auc': '9.5306e-01',
[92mINFO [0m:      	       'f1': '8.0611e-01',
[92mINFO [0m:      	       'loss': '5.2013e-01',
[92mINFO [0m:      	       'precision': '8.0638e-01'},
[92mINFO [0m:      	  5: { 'accuracy': '8.1450e-01',
[92mINFO [0m:      	       'auc': '9.5636e-01',
[92mINFO [0m:      	       'f1': '8.1444e-01',
[92mINFO [0m:      	       'loss': '5.0559e-01',
[92mINFO [0m:      	       'precision': '8.1553e-01'},
[92mINFO [0m:      	  6: { 'accuracy': '8.2250e-01',
[92mINFO [0m:      	       'auc': '9.6006e-01',
[92mINFO [0m:      	       'f1': '8.2186e-01',
[92mINFO [0m:      	       'loss': '5.1263e-01',
[92mINFO [0m:      	       'precision': '8.2146e-01'},
[92mINFO [0m:      	  7: { 'accuracy': '8.1200e-01',
[92mINFO [0m:      	       'auc': '9.6008e-01',
[92mINFO [0m:      	       'f1': '8.1156e-01',
[92mINFO [0m:      	       'loss': '5.4010e-01',
[92mINFO [0m:      	       'precision': '8.1223e-01'},
[92mINFO [0m:      	  8: { 'accuracy': '8.2700e-01',
[92mINFO [0m:      	       'auc': '9.6279e-01',
[92mINFO [0m:      	       'f1': '8.2704e-01',
[92mINFO [0m:      	       'loss': '5.6323e-01',
[92mINFO [0m:      	       'precision': '8.2792e-01'},
[92mINFO [0m:      	  9: { 'accuracy': '8.3050e-01',
[92mINFO [0m:      	       'auc': '9.6188e-01',
[92mINFO [0m:      	       'f1': '8.3024e-01',
[92mINFO [0m:      	       'loss': '6.0592e-01',
[92mINFO [0m:      	       'precision': '8.3078e-01'},
[92mINFO [0m:      	  10: { 'accuracy': '8.2700e-01',
[92mINFO [0m:      	        'auc': '9.6118e-01',
[92mINFO [0m:      	        'f1': '8.2623e-01',
[92mINFO [0m:      	        'loss': '6.3197e-01',
[92mINFO [0m:      	        'precision': '8.2633e-01'},
[92mINFO [0m:      	  11: { 'accuracy': '8.2450e-01',
[92mINFO [0m:      	        'auc': '9.6208e-01',
[92mINFO [0m:      	        'f1': '8.2410e-01',
[92mINFO [0m:      	        'loss': '6.5962e-01',
[92mINFO [0m:      	        'precision': '8.2415e-01'},
[92mINFO [0m:      	  12: { 'accuracy': '8.2550e-01',
[92mINFO [0m:      	        'auc': '9.6159e-01',
[92mINFO [0m:      	        'f1': '8.2587e-01',
[92mINFO [0m:      	        'loss': '7.0157e-01',
[92mINFO [0m:      	        'precision': '8.2666e-01'},
[92mINFO [0m:      	  13: { 'accuracy': '8.2300e-01',
[92mINFO [0m:      	        'auc': '9.6139e-01',
[92mINFO [0m:      	        'f1': '8.2263e-01',
[92mINFO [0m:      	        'loss': '6.9961e-01',
[92mINFO [0m:      	        'precision': '8.2271e-01'},
[92mINFO [0m:      	  14: { 'accuracy': '8.1850e-01',
[92mINFO [0m:      	        'auc': '9.6086e-01',
[92mINFO [0m:      	        'f1': '8.1877e-01',
[92mINFO [0m:      	        'loss': '7.0491e-01',
[92mINFO [0m:      	        'precision': '8.1911e-01'},
[92mINFO [0m:      	  15: { 'accuracy': '8.2300e-01',
[92mINFO [0m:      	        'auc': '9.5972e-01',
[92mINFO [0m:      	        'f1': '8.2325e-01',
[92mINFO [0m:      	        'loss': '7.2734e-01',
[92mINFO [0m:      	        'precision': '8.2358e-01'},
[92mINFO [0m:      	  16: { 'accuracy': '8.2350e-01',
[92mINFO [0m:      	        'auc': '9.6019e-01',
[92mINFO [0m:      	        'f1': '8.2311e-01',
[92mINFO [0m:      	        'loss': '7.4727e-01',
[92mINFO [0m:      	        'precision': '8.2365e-01'},
[92mINFO [0m:      	  17: { 'accuracy': '8.2350e-01',
[92mINFO [0m:      	        'auc': '9.5874e-01',
[92mINFO [0m:      	        'f1': '8.2217e-01',
[92mINFO [0m:      	        'loss': '7.9176e-01',
[92mINFO [0m:      	        'precision': '8.2202e-01'},
[92mINFO [0m:      	  18: { 'accuracy': '8.1950e-01',
[92mINFO [0m:      	        'auc': '9.5833e-01',
[92mINFO [0m:      	        'f1': '8.1942e-01',
[92mINFO [0m:      	        'loss': '7.9340e-01',
[92mINFO [0m:      	        'precision': '8.1957e-01'},
[92mINFO [0m:      	  19: { 'accuracy': '8.1850e-01',
[92mINFO [0m:      	        'auc': '9.5948e-01',
[92mINFO [0m:      	        'f1': '8.1832e-01',
[92mINFO [0m:      	        'loss': '8.0103e-01',
[92mINFO [0m:      	        'precision': '8.1878e-01'},
[92mINFO [0m:      	  20: { 'accuracy': '8.2550e-01',
[92mINFO [0m:      	        'auc': '9.6076e-01',
[92mINFO [0m:      	        'f1': '8.2560e-01',
[92mINFO [0m:      	        'loss': '8.2260e-01',
[92mINFO [0m:      	        'precision': '8.2603e-01'}}
[92mINFO [0m:      
Round 1 checkpoint written to /content/metricdp-pytorch/results/planned_runs/cifar/full/out-replace/clients-8/seed-42/vanilla/runs/cifar-full-out-replace__non-iid__vanilla__fedavg__clients-8__seed-42__nm0p01__clip5__rounds-20__epochs-5__cifar_chunks__cifar10_cnn.round-1.pt
Round 2 checkpoint written to /content/metricdp-pytorch/results/planned_runs/cifar/full/out-replace/clients-8/seed-42/vanilla/runs/cifar-full-out-replace__non-iid__vanilla__fedavg__clients-8__seed-42__nm0p01__clip5__rounds-20__epochs-5__cifar_chunks__cifar10_cnn.round-2.pt
Round 3 checkpoint written to /content/metricdp-pytorch/results/planned_runs/cifar/full/out-replace/clients-8/seed-42/vanilla/runs/cifar-full-out-replace__non-iid__vanilla__fedavg__clients-8__seed-42__nm0p01__clip5__rounds-20__epochs-5__cifar_chunks__cifar10_cnn.round-3.pt
Round 4 checkpoint written to /content/metricdp-pytorch/results/planned_runs/cifar/full/out-replace/clients-8/seed-42/vanilla/runs/cifar-full-out-replace__non-iid__vanilla__fedavg__clients-8__seed-42__nm0p01__clip5__rounds-20__epochs-5__cifar_chunks__cifar10_cnn.round-4.pt
Round 5 checkpoint written to /content/metricdp-pytorch/results/planned_runs/cifar/full/out-replace/clients-8/seed-42/vanilla/runs/cifar-full-out-replace__non-iid__vanilla__fedavg__clients-8__seed-42__nm0p01__clip5__rounds-20__epochs-5__cifar_chunks__cifar10_cnn.round-5.pt
Round 6 checkpoint written to /content/metricdp-pytorch/results/planned_runs/cifar/full/out-replace/clients-8/seed-42/vanilla/runs/cifar-full-out-replace__non-iid__vanilla__fedavg__clients-8__seed-42__nm0p01__clip5__rounds-20__epochs-5__cifar_chunks__cifar10_cnn.round-6.pt
Round 7 checkpoint written to /content/metricdp-pytorch/results/planned_runs/cifar/full/out-replace/clients-8/seed-42/vanilla/runs/cifar-full-out-replace__non-iid__vanilla__fedavg__clients-8__seed-42__nm0p01__clip5__rounds-20__epochs-5__cifar_chunks__cifar10_cnn.round-7.pt
Round 8 checkpoint written to /content/metricdp-pytorch/results/planned_runs/cifar/full/out-replace/clients-8/seed-42/vanilla/runs/cifar-full-out-replace__non-iid__vanilla__fedavg__clients-8__seed-42__nm0p01__clip5__rounds-20__epochs-5__cifar_chunks__cifar10_cnn.round-8.pt
Round 9 checkpoint written to /content/metricdp-pytorch/results/planned_runs/cifar/full/out-replace/clients-8/seed-42/vanilla/runs/cifar-full-out-replace__non-iid__vanilla__fedavg__clients-8__seed-42__nm0p01__clip5__rounds-20__epochs-5__cifar_chunks__cifar10_cnn.round-9.pt
Round 10 checkpoint written to /content/metricdp-pytorch/results/planned_runs/cifar/full/out-replace/clients-8/seed-42/vanilla/runs/cifar-full-out-replace__non-iid__vanilla__fedavg__clients-8__seed-42__nm0p01__clip5__rounds-20__epochs-5__cifar_chunks__cifar10_cnn.round-10.pt
Round 11 checkpoint written to /content/metricdp-pytorch/results/planned_runs/cifar/full/out-replace/clients-8/seed-42/vanilla/runs/cifar-full-out-replace__non-iid__vanilla__fedavg__clients-8__seed-42__nm0p01__clip5__rounds-20__epochs-5__cifar_chunks__cifar10_cnn.round-11.pt
Round 12 checkpoint written to /content/metricdp-pytorch/results/planned_runs/cifar/full/out-replace/clients-8/seed-42/vanilla/runs/cifar-full-out-replace__non-iid__vanilla__fedavg__clients-8__seed-42__nm0p01__clip5__rounds-20__epochs-5__cifar_chunks__cifar10_cnn.round-12.pt
Round 13 checkpoint written to /content/metricdp-pytorch/results/planned_runs/cifar/full/out-replace/clients-8/seed-42/vanilla/runs/cifar-full-out-replace__non-iid__vanilla__fedavg__clients-8__seed-42__nm0p01__clip5__rounds-20__epochs-5__cifar_chunks__cifar10_cnn.round-13.pt
Round 14 checkpoint written to /content/metricdp-pytorch/results/planned_runs/cifar/full/out-replace/clients-8/seed-42/vanilla/runs/cifar-full-out-replace__non-iid__vanilla__fedavg__clients-8__seed-42__nm0p01__clip5__rounds-20__epochs-5__cifar_chunks__cifar10_cnn.round-14.pt
Round 15 checkpoint written to /content/metricdp-pytorch/results/planned_runs/cifar/full/out-replace/clients-8/seed-42/vanilla/runs/cifar-full-out-replace__non-iid__vanilla__fedavg__clients-8__seed-42__nm0p01__clip5__rounds-20__epochs-5__cifar_chunks__cifar10_cnn.round-15.pt
Round 16 checkpoint written to /content/metricdp-pytorch/results/planned_runs/cifar/full/out-replace/clients-8/seed-42/vanilla/runs/cifar-full-out-replace__non-iid__vanilla__fedavg__clients-8__seed-42__nm0p01__clip5__rounds-20__epochs-5__cifar_chunks__cifar10_cnn.round-16.pt
Round 17 checkpoint written to /content/metricdp-pytorch/results/planned_runs/cifar/full/out-replace/clients-8/seed-42/vanilla/runs/cifar-full-out-replace__non-iid__vanilla__fedavg__clients-8__seed-42__nm0p01__clip5__rounds-20__epochs-5__cifar_chunks__cifar10_cnn.round-17.pt
Round 18 checkpoint written to /content/metricdp-pytorch/results/planned_runs/cifar/full/out-replace/clients-8/seed-42/vanilla/runs/cifar-full-out-replace__non-iid__vanilla__fedavg__clients-8__seed-42__nm0p01__clip5__rounds-20__epochs-5__cifar_chunks__cifar10_cnn.round-18.pt
Round 19 checkpoint written to /content/metricdp-pytorch/results/planned_runs/cifar/full/out-replace/clients-8/seed-42/vanilla/runs/cifar-full-out-replace__non-iid__vanilla__fedavg__clients-8__seed-42__nm0p01__clip5__rounds-20__epochs-5__cifar_chunks__cifar10_cnn.round-19.pt
Round 20 checkpoint written to /content/metricdp-pytorch/results/planned_runs/cifar/full/out-replace/clients-8/seed-42/vanilla/runs/cifar-full-out-replace__non-iid__vanilla__fedavg__clients-8__seed-42__nm0p01__clip5__rounds-20__epochs-5__cifar_chunks__cifar10_cnn.round-20.pt
Experiment result written to /content/metricdp-pytorch/results/planned_runs/cifar/full/out-replace/clients-8/seed-42/vanilla/runs/cifar-full-out-replace__non-iid__vanilla__fedavg__clients-8__seed-42__nm0p01__clip5__rounds-20__epochs-5__cifar_chunks__cifar10_cnn.json
/usr/lib/python3.12/multiprocessing/popen_fork.py:66: DeprecationWarning: This process (pid=2000) is multi-threaded, use of fork() may lead to deadlocks in the child.
  self.pid = os.fork()
[36m(ClientAppActor pid=2811)[0m [93mWARNING [0m:   Manually terminating ClientAppActor
[36m(ClientAppActor pid=2804)[0m /usr/lib/python3.12/multiprocessing/popen_fork.py:66: DeprecationWarning: This process (pid=2804) is multi-threaded, use of fork() may lead to deadlocks in the child.[32m [repeated 7x across cluster][0m
[36m(ClientAppActor pid=2804)[0m   self.pid = os.fork()[32m [repeated 7x across cluster][0m
[36m(ClientAppActor pid=2804)[0m [93mWARNING [0m:   Manually terminating ClientAppActor[32m [repeated 7x across cluster][0m
Detailed evaluation written to /content/metricdp-pytorch/results/planned_runs/cifar/full/out-replace/clients-8/seed-42/vanilla/runs/cifar-full-out-replace__non-iid__vanilla__fedavg__clients-8__seed-42__nm0p01__clip5__rounds-20__epochs-5__cifar_chunks__cifar10_cnn.evaluation.json and /content/metricdp-pytorch/results/planned_runs/cifar/full/out-replace/clients-8/seed-42/vanilla/runs/cifar-full-out-replace__non-iid__vanilla__fedavg__clients-8__seed-42__nm0p01__clip5__rounds-20__epochs-5__cifar_chunks__cifar10_cnn.predictions.npz
Result: /content/metricdp-pytorch/results/planned_runs/cifar/full/out-replace/clients-8/seed-42/vanilla/runs/cifar-full-out-replace__non-iid__vanilla__fedavg__clients-8__seed-42__nm0p01__clip5__rounds-20__epochs-5__cifar_chunks__cifar10_cnn.json
Final server metrics: {'loss': 0.8225974071025849, 'accuracy': 0.8255, 'f1': 0.8255998960725469, 'precision': 0.8260277620880477, 'auc': 0.9607632916666667}
2026-08-05 17:18:00 DONE  cifar-full-out-replace__non-iid__vanilla__fedavg__clients-8__seed-42__nm0p01__clip5__rounds-20__epochs-5__cifar_chunks__cifar10_cnn (272.4s)
Warning: You are sending unauthenticated requests to the HF Hub. Please set a HF_TOKEN to enable higher rate limits and faster downloads.
2026-08-05 17:18:06 EVALUATED cifar-full-out-replace__non-iid__vanilla__fedavg__clients-8__seed-42__nm0p01__clip5__rounds-20__epochs-5__cifar_chunks__cifar10_cnn round=1 (checkpoint deleted)
2026-08-05 17:18:11 EVALUATED cifar-full-out-replace__non-iid__vanilla__fedavg__clients-8__seed-42__nm0p01__clip5__rounds-20__epochs-5__cifar_chunks__cifar10_cnn round=2 (checkpoint deleted)
2026-08-05 17:18:15 EVALUATED cifar-full-out-replace__non-iid__vanilla__fedavg__clients-8__seed-42__nm0p01__clip5__rounds-20__epochs-5__cifar_chunks__cifar10_cnn round=3 (checkpoint deleted)
2026-08-05 17:18:20 EVALUATED cifar-full-out-replace__non-iid__vanilla__fedavg__clients-8__seed-42__nm0p01__clip5__rounds-20__epochs-5__cifar_chunks__cifar10_cnn round=4 (checkpoint deleted)
2026-08-05 17:18:24 EVALUATED cifar-full-out-replace__non-iid__vanilla__fedavg__clients-8__seed-42__nm0p01__clip5__rounds-20__epochs-5__cifar_chunks__cifar10_cnn round=5 (checkpoint deleted)
2026-08-05 17:18:29 EVALUATED cifar-full-out-replace__non-iid__vanilla__fedavg__clients-8__seed-42__nm0p01__clip5__rounds-20__epochs-5__cifar_chunks__cifar10_cnn round=6 (checkpoint deleted)
2026-08-05 17:18:33 EVALUATED cifar-full-out-replace__non-iid__vanilla__fedavg__clients-8__seed-42__nm0p01__clip5__rounds-20__epochs-5__cifar_chunks__cifar10_cnn round=7 (checkpoint deleted)
2026-08-05 17:18:38 EVALUATED cifar-full-out-replace__non-iid__vanilla__fedavg__clients-8__seed-42__nm0p01__clip5__rounds-20__epochs-5__cifar_chunks__cifar10_cnn round=8 (checkpoint deleted)
2026-08-05 17:18:42 EVALUATED cifar-full-out-replace__non-iid__vanilla__fedavg__clients-8__seed-42__nm0p01__clip5__rounds-20__epochs-5__cifar_chunks__cifar10_cnn round=9 (checkpoint deleted)
2026-08-05 17:18:47 EVALUATED cifar-full-out-replace__non-iid__vanilla__fedavg__clients-8__seed-42__nm0p01__clip5__rounds-20__epochs-5__cifar_chunks__cifar10_cnn round=10 (checkpoint deleted)
2026-08-05 17:18:51 EVALUATED cifar-full-out-replace__non-iid__vanilla__fedavg__clients-8__seed-42__nm0p01__clip5__rounds-20__epochs-5__cifar_chunks__cifar10_cnn round=11 (checkpoint deleted)
2026-08-05 17:18:56 EVALUATED cifar-full-out-replace__non-iid__vanilla__fedavg__clients-8__seed-42__nm0p01__clip5__rounds-20__epochs-5__cifar_chunks__cifar10_cnn round=12 (checkpoint deleted)
2026-08-05 17:19:00 EVALUATED cifar-full-out-replace__non-iid__vanilla__fedavg__clients-8__seed-42__nm0p01__clip5__rounds-20__epochs-5__cifar_chunks__cifar10_cnn round=13 (checkpoint deleted)
2026-08-05 17:19:05 EVALUATED cifar-full-out-replace__non-iid__vanilla__fedavg__clients-8__seed-42__nm0p01__clip5__rounds-20__epochs-5__cifar_chunks__cifar10_cnn round=14 (checkpoint deleted)
2026-08-05 17:19:09 EVALUATED cifar-full-out-replace__non-iid__vanilla__fedavg__clients-8__seed-42__nm0p01__clip5__rounds-20__epochs-5__cifar_chunks__cifar10_cnn round=15 (checkpoint deleted)
2026-08-05 17:19:14 EVALUATED cifar-full-out-replace__non-iid__vanilla__fedavg__clients-8__seed-42__nm0p01__clip5__rounds-20__epochs-5__cifar_chunks__cifar10_cnn round=16 (checkpoint deleted)
2026-08-05 17:19:18 EVALUATED cifar-full-out-replace__non-iid__vanilla__fedavg__clients-8__seed-42__nm0p01__clip5__rounds-20__epochs-5__cifar_chunks__cifar10_cnn round=17 (checkpoint deleted)
2026-08-05 17:19:23 EVALUATED cifar-full-out-replace__non-iid__vanilla__fedavg__clients-8__seed-42__nm0p01__clip5__rounds-20__epochs-5__cifar_chunks__cifar10_cnn round=18 (checkpoint deleted)
2026-08-05 17:19:27 EVALUATED cifar-full-out-replace__non-iid__vanilla__fedavg__clients-8__seed-42__nm0p01__clip5__rounds-20__epochs-5__cifar_chunks__cifar10_cnn round=19 (checkpoint deleted)
2026-08-05 17:19:32 EVALUATED cifar-full-out-replace__non-iid__vanilla__fedavg__clients-8__seed-42__nm0p01__clip5__rounds-20__epochs-5__cifar_chunks__cifar10_cnn round=20 (checkpoint deleted)
2026-08-05 17:19:32 PROGRESS 1/1 (0 failed so far)
2026-08-05 17:19:32 Sweep finished: 1/1 attempted, 0 failed
