{
  "metadata": {
    "run_name": "paper__homogeneous__metric-privacy__fedavg__clients-4__seed-42",
    "data_module": "experiments.reproduce.dataset.alzheimer:create_data_module",
    "partition_mode": "homogeneous",
    "partition_profile": "auto",
    "privacy": "metric-privacy",
    "aggregation": "fedavg",
    "seed": 42,
    "num_clients": 4,
    "rounds": 20,
    "local_epochs": 5,
    "noise_multiplier": 0.01,
    "clipping_norm": 5.0,
    "initialization_pretrained": false,
    "initialization_epochs": 0,
    "initialization_final_loss": null
  },
  "train_metrics": {
    "1": {
      "train_loss": 1.0000397115945816,
      "train_loss_mean": 1.0400813961401583,
      "metric-dp-distance": 1.7492942080522578,
      "metric-dp-noise-stdv": 0.007145739088633957
    },
    "2": {
      "train_loss": 0.950739633757621,
      "train_loss_mean": 0.9872300817631185,
      "metric-dp-distance": 1.346751184668392,
      "metric-dp-noise-stdv": 0.009281595696593243
    },
    "3": {
      "train_loss": 0.8867931007407606,
      "train_loss_mean": 0.9243619730696082,
      "metric-dp-distance": 1.3472542973856132,
      "metric-dp-noise-stdv": 0.009278129618333094
    },
    "4": {
      "train_loss": 0.7996362724807113,
      "train_loss_mean": 0.8670858518686146,
      "metric-dp-distance": 1.411278680122147,
      "metric-dp-noise-stdv": 0.00885721592486476
    },
    "5": {
      "train_loss": 0.6518504486884922,
      "train_loss_mean": 0.77210135567002,
      "metric-dp-distance": 1.3803693667675059,
      "metric-dp-noise-stdv": 0.00905554723318151
    },
    "6": {
      "train_loss": 0.5109522377606481,
      "train_loss_mean": 0.6526316334493458,
      "metric-dp-distance": 1.368619553822403,
      "metric-dp-noise-stdv": 0.009133290522621048
    },
    "7": {
      "train_loss": 0.37163704622071236,
      "train_loss_mean": 0.5205869626021012,
      "metric-dp-distance": 1.3302952038745086,
      "metric-dp-noise-stdv": 0.009396410633965699
    },
    "8": {
      "train_loss": 0.23336722957901657,
      "train_loss_mean": 0.38266225698171186,
      "metric-dp-distance": 1.1690892262073855,
      "metric-dp-noise-stdv": 0.01069208382028372
    },
    "9": {
      "train_loss": 0.15177616875735112,
      "train_loss_mean": 0.275403625483159,
      "metric-dp-distance": 1.1168272625654936,
      "metric-dp-noise-stdv": 0.01119242018795809
    },
    "10": {
      "train_loss": 0.1072581791158882,
      "train_loss_mean": 0.19839937412034486,
      "metric-dp-distance": 1.0317481998354197,
      "metric-dp-noise-stdv": 0.01211535915642397
    },
    "11": {
      "train_loss": 0.08443799863744061,
      "train_loss_mean": 0.15545866804022807,
      "metric-dp-distance": 1.0396546255021046,
      "metric-dp-noise-stdv": 0.012023223571927153
    },
    "12": {
      "train_loss": 0.0879574242317176,
      "train_loss_mean": 0.12133504732773871,
      "metric-dp-distance": 1.0040908664620172,
      "metric-dp-noise-stdv": 0.012449072506798718
    },
    "13": {
      "train_loss": 0.06637123196378525,
      "train_loss_mean": 0.10318199151261069,
      "metric-dp-distance": 1.1038754950277507,
      "metric-dp-noise-stdv": 0.011323740817061764
    },
    "14": {
      "train_loss": 0.07171783263765974,
      "train_loss_mean": 0.09242689244056237,
      "metric-dp-distance": 1.0790357909475763,
      "metric-dp-noise-stdv": 0.01158441648077575
    },
    "15": {
      "train_loss": 0.06349129714726587,
      "train_loss_mean": 0.08219630322582816,
      "metric-dp-distance": 1.0952761612522106,
      "metric-dp-noise-stdv": 0.011412646821153272
    },
    "16": {
      "train_loss": 0.05969274704398231,
      "train_loss_mean": 0.06614522166360075,
      "metric-dp-distance": 1.144115619516621,
      "metric-dp-noise-stdv": 0.010925469232979393
    },
    "17": {
      "train_loss": 0.06524918224477005,
      "train_loss_mean": 0.07113446916646353,
      "metric-dp-distance": 1.2024849810792755,
      "metric-dp-noise-stdv": 0.010395140227681496
    },
    "18": {
      "train_loss": 0.0534181382990937,
      "train_loss_mean": 0.05822869994335633,
      "metric-dp-distance": 1.2531717106855165,
      "metric-dp-noise-stdv": 0.009974690533958979
    },
    "19": {
      "train_loss": 0.052683450511892715,
      "train_loss_mean": 0.05477443530070332,
      "metric-dp-distance": 1.2674228732163708,
      "metric-dp-noise-stdv": 0.009862533069391777
    },
    "20": {
      "train_loss": 0.053299216708524,
      "train_loss_mean": 0.05164665751794927,
      "metric-dp-distance": 1.302858807068939,
      "metric-dp-noise-stdv": 0.009594285990299621
    }
  },
  "client_evaluate_metrics": {
    "1": {
      "eval_loss": 1.2568011656403542,
      "eval_acc": 0.5009765625
    },
    "2": {
      "eval_loss": 1.1577645875513554,
      "eval_acc": 0.3955078125
    },
    "3": {
      "eval_loss": 1.0603524297475815,
      "eval_acc": 0.5068359375
    },
    "4": {
      "eval_loss": 0.9604469761252403,
      "eval_acc": 0.5771484375
    },
    "5": {
      "eval_loss": 0.868683947250247,
      "eval_acc": 0.623046875
    },
    "6": {
      "eval_loss": 0.7652468662708998,
      "eval_acc": 0.6611328125
    },
    "7": {
      "eval_loss": 0.6241550724953413,
      "eval_acc": 0.7333984375
    },
    "8": {
      "eval_loss": 0.5041415421292186,
      "eval_acc": 0.77734375
    },
    "9": {
      "eval_loss": 0.42169902566820383,
      "eval_acc": 0.8134765625
    },
    "10": {
      "eval_loss": 0.34030175814405084,
      "eval_acc": 0.8623046875
    },
    "11": {
      "eval_loss": 0.29612754192203283,
      "eval_acc": 0.88671875
    },
    "12": {
      "eval_loss": 0.2614343734458089,
      "eval_acc": 0.91015625
    },
    "13": {
      "eval_loss": 0.23465068021323532,
      "eval_acc": 0.92578125
    },
    "14": {
      "eval_loss": 0.2007953569991514,
      "eval_acc": 0.9384765625
    },
    "15": {
      "eval_loss": 0.19387307518627495,
      "eval_acc": 0.9423828125
    },
    "16": {
      "eval_loss": 0.18635571037884802,
      "eval_acc": 0.953125
    },
    "17": {
      "eval_loss": 0.19687091844389215,
      "eval_acc": 0.9501953125
    },
    "18": {
      "eval_loss": 0.17213948670541868,
      "eval_acc": 0.958984375
    },
    "19": {
      "eval_loss": 0.1428841394081246,
      "eval_acc": 0.962890625
    },
    "20": {
      "eval_loss": 0.14126605325145647,
      "eval_acc": 0.9638671875
    }
  },
  "server_evaluate_metrics": {
    "0": {
      "loss": 1.4405660927295685,
      "accuracy": 0.0109375
    },
    "1": {
      "loss": 1.2544072151184082,
      "accuracy": 0.4984375
    },
    "2": {
      "loss": 1.1504576861858369,
      "accuracy": 0.40625
    },
    "3": {
      "loss": 1.0521744161844253,
      "accuracy": 0.5109375
    },
    "4": {
      "loss": 0.9569749474525452,
      "accuracy": 0.5859375
    },
    "5": {
      "loss": 0.8767033517360687,
      "accuracy": 0.6046875
    },
    "6": {
      "loss": 0.7733010709285736,
      "accuracy": 0.6859375
    },
    "7": {
      "loss": 0.6511785596609115,
      "accuracy": 0.7515625
    },
    "8": {
      "loss": 0.5585122048854828,
      "accuracy": 0.7765625
    },
    "9": {
      "loss": 0.5132836282253266,
      "accuracy": 0.815625
    },
    "10": {
      "loss": 0.4873834624886513,
      "accuracy": 0.8484375
    },
    "11": {
      "loss": 0.42394628264009954,
      "accuracy": 0.875
    },
    "12": {
      "loss": 0.42483095861971376,
      "accuracy": 0.903125
    },
    "13": {
      "loss": 0.4027812281623483,
      "accuracy": 0.9171875
    },
    "14": {
      "loss": 0.35516956746578215,
      "accuracy": 0.9171875
    },
    "15": {
      "loss": 0.33659504987299443,
      "accuracy": 0.9375
    },
    "16": {
      "loss": 0.36052047535777093,
      "accuracy": 0.9328125
    },
    "17": {
      "loss": 0.36519735818728805,
      "accuracy": 0.934375
    },
    "18": {
      "loss": 0.3622306236065924,
      "accuracy": 0.934375
    },